station,time.yy,time.mm,time.dd,time.hh,temp,relhum,vappres,dewpt,mixratio,wetbulb,enthalpy,precip,airpres,winddir,windmean,windmax,rad.global,rad.direct,rad.diffus,rad.vert.N,rad.vert.E,rad.vert.S,rad.vert.W,ir.horiz,cloudcov,albedo,emissivity
ALT,2013,1,1,0,0.3,79.2,5,-2.9,3.29,-0.9,8.5,0,958.7,338,4.1,10.6,0,0,0,0,0,0,0,269,53,27,96
ALT,2013,1,1,1,1.5,77.7,5.4,-1.9,3.51,0.2,10.3,0,959.1,338,6.4,9.3,0,0,0,0,0,0,0,274,71,27,96
ALT,2013,1,1,2,2.4,76.4,5.6,-1.4,3.65,0.9,11.5,0,959.4,333,5.1,8.5,0,0,0,0,0,0,0,287,94,27,96
ALT,2013,1,1,3,3.2,75,5.8,-0.8,3.77,1.6,12.7,0,959.8,340,2.9,6.6,0,0,0,0,0,0,0,288,100,27,96
ALT,2013,1,1,4,3.7,73.6,5.9,-0.6,3.82,1.9,13.3,0,959.9,328,3.2,5.8,0,0,0,0,0,0,0,291,100,27,96
ALT,2013,1,1,5,3.6,73.6,5.8,-0.7,3.81,1.9,13.2,0,959.9,333,4.6,9.8,0,0,0,0,0,0,0,288,100,27,96
ALT,2013,1,1,6,3.7,72.5,5.8,-0.8,3.79,1.9,13.3,0,959.8,332,5,10.7,0,0,0,0,0,0,0,293,100,27,96
ALT,2013,1,1,7,3.7,72.6,5.8,-0.8,3.79,1.9,13.3,0,960,356,2.3,7.5,1,0,1,1,1,1,1,295,100,27,96
ALT,2013,1,1,8,3.2,76.8,5.9,-0.5,3.85,1.7,12.8,0,960.1,162,0.6,3.1,9,0,9,5,5,5,5,302,100,27,96
ALT,2013,1,1,9,4.5,72.7,6.1,0,3.98,2.6,14.5,0,960.4,341,2.4,4.5,33,0,33,19,18,19,18,306,100,27,96
ALT,2013,1,1,10,4.9,71.4,6.2,0.2,4.04,2.9,15.1,0,960.1,330,3.3,9.1,77,4,76,43,42,46,41,310,100,27,96
ALT,2013,1,1,11,5.8,64.4,6,-0.4,3.91,3.2,15.6,0,960,345,2.5,6.3,92,0,92,52,50,52,49,314,100,27,96
ALT,2013,1,1,12,6.5,60.3,5.8,-0.6,3.78,3.5,16,0,960.1,337,2.8,7.3,70,1,69,39,38,40,37,317,100,27,96
ALT,2013,1,1,13,6.8,59.6,5.9,-0.5,3.84,3.7,16.5,0,960.9,90,1.5,4.7,26,0,26,15,14,15,14,317,100,27,96
ALT,2013,1,1,14,6.4,65.8,6.3,0.5,4.11,3.8,16.7,0,960.8,162,1.3,2.8,10,0,10,6,6,6,5,316,100,27,96
ALT,2013,1,1,15,6.2,66.8,6.3,0.5,4.1,3.7,16.5,0,961.1,336,1.8,3.8,1,0,1,0,0,0,0,316,100,27,96
ALT,2013,1,1,16,6.2,63.9,6.1,-0.1,3.97,3.5,16.2,0,961.4,349,2.2,5,0,0,0,0,0,0,0,316,100,27,96
ALT,2013,1,1,17,6.1,64.9,6.1,0,3.97,3.5,16.1,0,962,355,1.4,4.4,0,0,0,0,0,0,0,316,100,27,96
ALT,2013,1,1,18,5,73.8,6.4,0.7,4.16,3.2,15.5,0,962.4,108,0.7,2.1,0,0,0,0,0,0,0,316,100,27,96
ALT,2013,1,1,19,3.9,80.3,6.5,0.8,4.23,2.6,14.5,0,962.6,140,0.9,1.8,0,0,0,0,0,0,0,316,100,27,96
ALT,2013,1,1,20,3.9,80.1,6.4,0.8,4.16,2.6,14.3,0,962.8,162,0.8,2.1,0,0,0,0,0,0,0,316,100,27,96
ALT,2013,1,1,21,3.6,82.5,6.5,0.9,4.22,2.5,14.2,0,963.6,166,0.7,1.6,0,0,0,0,0,0,0,316,100,27,96
ALT,2013,1,1,22,4.7,77.4,6.6,1.1,4.29,3.1,15.5,0,964.3,0,0.5,3.4,0,0,0,0,0,0,0,316,100,27,96
ALT,2013,1,1,23,4.3,86.4,7.2,2.2,4.68,3.4,16,0.6,964.9,162,0.5,1,0,0,0,0,0,0,0,316,100,27,96
ALT,2013,1,2,0,3.9,93.2,7.5,2.9,4.87,3.5,16.1,1.4,965.7,315,0.6,1.8,0,0,0,0,0,0,0,316,100,28,96
ALT,2013,1,2,1,3.5,91.9,7.2,2.3,4.67,3,15.2,1.5,966.7,335,1.4,4.3,0,0,0,0,0,0,0,315,100,28,96
ALT,2013,1,2,2,3.2,93.4,7.2,2.2,4.66,2.8,14.9,0.7,967.6,158,0.6,1.2,0,0,0,0,0,0,0,313,100,28,96
ALT,2013,1,2,3,2.9,92.9,7,1.9,4.53,2.5,14.2,0.2,968,167,0.9,1.6,0,0,0,0,0,0,0,310,100,28,96
ALT,2013,1,2,4,2.9,93.4,7,1.9,4.53,2.5,14.2,0,968.4,162,1,1.6,0,0,0,0,0,0,0,308,100,28,96
ALT,2013,1,2,5,3.6,88.3,6.9,1.8,4.46,2.8,14.8,0,969.1,90,0.9,3.3,0,0,0,0,0,0,0,305,100,28,96
ALT,2013,1,2,6,4,75.5,6.2,0.1,4,2.4,14,0,969.7,342,3.7,8,0,0,0,0,0,0,0,303,100,28,96
ALT,2013,1,2,7,4.3,69.8,5.8,-0.7,3.74,2.2,13.7,0,971,346,3.5,7.3,5,0,5,3,2,3,2,303,100,28,96
ALT,2013,1,2,8,4.2,71.4,5.9,-0.5,3.8,2.3,13.7,0,972.3,353,2.5,7.9,23,0,23,13,12,13,12,304,100,28,96
ALT,2013,1,2,9,4.3,77.4,6.4,0.7,4.12,2.8,14.6,0,973.2,105,1.7,4.1,129,65,112,64,97,125,61,304,88,28,96
ALT,2013,1,2,10,4.8,73.2,6.3,0.4,4.05,2.9,15,0,973.5,121,0.7,1.9,155,55,136,78,91,135,74,302,88,28,96
ALT,2013,1,2,11,5.3,69,6.1,0.1,3.92,3.1,15.2,0,973.2,315,0.5,1.8,333,655,108,79,122,743,125,291,43,28,96
ALT,2013,1,2,12,5.6,68.1,6.2,0.2,3.99,3.3,15.6,0,973.7,318,1.4,2.9,319,688,101,73,75,748,309,304,55,28,96
ALT,2013,1,2,13,5.2,65.4,5.8,-0.7,3.73,2.7,14.6,0,974.2,218,1.2,2.6,117,96,90,64,64,157,110,296,53,28,96
ALT,2013,1,2,14,4.6,65.1,5.5,-1.4,3.53,2.2,13.5,0,974.8,228,1.2,2.4,44,0,44,36,36,36,36,290,53,28,96
ALT,2013,1,2,15,4.1,65.1,5.3,-1.9,3.4,1.7,12.6,0,975.6,228,1.3,3,9,0,9,6,6,6,6,284,16,28,96
ALT,2013,1,2,16,2.8,74.9,5.5,-1.2,3.52,1.2,11.6,0,976.4,196,0.8,1.9,0,0,0,0,0,0,0,262,0,28,96
ALT,2013,1,2,17,1.5,78.6,5.3,-1.8,3.39,0.2,10,0,977.3,180,0.9,2.4,0,0,0,0,0,0,0,261,10,28,96
ALT,2013,1,2,18,0.7,81.7,5.2,-2.1,3.32,-0.4,9,0,978.1,162,1.3,2.8,0,0,0,0,0,0,0,255,16,28,96
ALT,2013,1,2,19,-0.2,85.2,5.2,-2.4,3.32,-1,8.1,0,978.7,166,1.3,2.8,0,0,0,0,0,0,0,249,0,28,96
ALT,2013,1,2,20,-0.6,87,5.1,-2.5,3.26,-1.3,7.5,0,979,173,0.9,1.9,0,0,0,0,0,0,0,246,0,28,96
ALT,2013,1,2,21,-1.8,89.4,4.8,-3.3,3.06,-2.3,5.8,0,979.7,157,0.8,1.8,0,0,0,0,0,0,0,244,0,28,96
ALT,2013,1,2,22,-1.2,84.8,4.7,-3.4,3,-2,6.3,0,980.1,163,1.4,2.5,0,0,0,0,0,0,0,244,0,28,96
ALT,2013,1,2,23,-1.4,85.5,4.7,-3.5,3,-2.1,6.1,0,980.1,168,1.4,3.2,0,0,0,0,0,0,0,240,0,28,96
ALT,2013,1,3,0,-1.7,84.8,4.6,-3.9,2.93,-2.5,5.6,0,980.4,159,0.8,1.6,0,0,0,0,0,0,0,242,100,27,96
ALT,2013,1,3,1,-2.5,88.7,4.5,-4.1,2.87,-3,4.6,0,981.3,153,0.6,1.5,0,0,0,0,0,0,0,244,100,27,96
ALT,2013,1,3,2,-3,88,4.3,-4.7,2.74,-3.6,3.8,0,982.1,170,1.4,3.3,0,0,0,0,0,0,0,248,100,27,96
ALT,2013,1,3,3,-1.8,79.3,4.2,-4.9,2.67,-2.8,4.8,0,982.6,130,1.9,4.2,0,0,0,0,0,0,0,249,100,27,96
ALT,2013,1,3,4,-2.5,83.5,4.3,-4.9,2.73,-3.3,4.3,0,983.3,163,1.4,2.6,0,0,0,0,0,0,0,259,100,27,96
ALT,2013,1,3,5,-2.4,80.3,4.1,-5.3,2.6,-3.4,4.1,0,983.4,156,1.2,2.3,0,0,0,0,0,0,0,254,100,27,96
ALT,2013,1,3,6,-1.1,76.8,4.3,-4.6,2.73,-2.3,5.7,0,983.5,175,1.3,2.4,0,0,0,0,0,0,0,279,100,27,96
ALT,2013,1,3,7,-0.4,74.8,4.4,-4.3,2.79,-1.8,6.6,0,983.7,304,1.4,3.5,6,0,6,4,4,4,4,276,100,27,96
ALT,2013,1,3,8,0.4,74.7,4.7,-3.6,2.98,-1,7.8,0,985,153,1,2.3,21,0,21,12,11,12,11,294,100,27,96
ALT,2013,1,3,9,1.1,73.1,4.8,-3.2,3.04,-0.5,8.7,0,985.4,144,1.5,2.8,156,192,102,60,152,243,58,292,58,27,96
ALT,2013,1,3,10,2.4,64.5,4.7,-3.6,2.98,0.2,9.9,0,985.1,63,0.9,1.9,314,610,117,79,279,684,80,292,45,27,96
ALT,2013,1,3,11,3.3,58.7,4.5,-4,2.85,0.6,10.5,0,985.2,180,0.7,1.4,76,16,70,40,41,57,38,302,90,27,96
ALT,2013,1,3,12,3.7,52.7,4.2,-5.1,2.66,0.5,10.4,0,984.9,270,0.6,1.9,28,0,28,16,15,16,15,312,94,27,96
ALT,2013,1,3,13,3.9,60.6,4.9,-3,3.11,1.2,11.7,0,985.3,330,1.1,2.7,17,0,17,10,9,10,9,312,100,27,96
ALT,2013,1,3,14,3.9,65,5.3,-2.1,3.36,1.5,12.3,0,985.5,163,1.4,2.5,23,0,23,13,13,13,12,313,100,27,96
ALT,2013,1,3,15,4,60.3,4.9,-3,3.11,1.3,11.8,0,986,132,1.5,2.5,1,0,1,0,0,0,0,314,100,27,96
ALT,2013,1,3,16,3.4,69,5.4,-1.7,3.42,1.4,12,0,986.2,158,1.2,2.4,0,0,0,0,0,0,0,315,100,27,96
ALT,2013,1,3,17,3.4,71.6,5.6,-1.2,3.55,1.5,12.3,0,986.5,162,0.8,2.4,0,0,0,0,0,0,0,315,100,27,96
ALT,2013,1,3,18,3.3,73.1,5.7,-1,3.62,1.6,12.4,0,986.1,180,0.5,1.5,0,0,0,0,0,0,0,316,100,27,96
ALT,2013,1,3,19,3.3,75.7,5.8,-0.6,3.68,1.7,12.5,0,986.3,153,0.6,1.6,0,0,0,0,0,0,0,310,100,27,96
ALT,2013,1,3,20,2.9,79.9,6,-0.2,3.81,1.6,12.4,0,986.5,180,0.6,2.1,0,0,0,0,0,0,0,308,100,27,96
ALT,2013,1,3,21,2.4,83.6,6.1,-0.1,3.87,1.4,12.1,0,986.7,180,0.8,2,0,0,0,0,0,0,0,319,100,27,96
ALT,2013,1,3,22,3.2,80.8,6.2,0.2,3.93,2,13.1,0,986.3,150,1,1.9,0,0,0,0,0,0,0,317,100,27,96
ALT,2013,1,3,23,3,86.8,6.6,1,4.19,2.2,13.5,0,986.1,169,0.5,1.9,0,0,0,0,0,0,0,313,88,27,96
ALT,2013,1,4,0,3.2,86.3,6.6,1.1,4.19,2.3,13.7,0,986.3,297,1,2.1,0,0,0,0,0,0,0,313,50,27,96
ALT,2013,1,4,1,3,89.6,6.8,1.5,4.32,2.4,13.8,0,986.2,148,1,2.3,0,0,0,0,0,0,0,313,58,27,96
ALT,2013,1,4,2,3,89.7,6.8,1.5,4.32,2.4,13.8,0,986,162,0.7,1.3,0,0,0,0,0,0,0,323,100,27,96
ALT,2013,1,4,3,2.8,93.1,6.9,1.8,4.38,2.4,13.8,0,985.9,198,0.5,1.4,0,0,0,0,0,0,0,315,68,27,96
ALT,2013,1,4,4,2.9,94.1,7.1,2,4.51,2.5,14.2,0,985.8,180,0.8,2,0,0,0,0,0,0,0,313,56,27,96
ALT,2013,1,4,5,3.1,93.9,7.2,2.2,4.57,2.7,14.6,0.4,986.2,166,0.5,2.6,0,0,0,0,0,0,0,315,69,27,96
ALT,2013,1,4,6,3.4,95.2,7.4,2.7,4.7,3.1,15.2,0.2,985.8,151,1.1,2.6,0,0,0,0,0,0,0,321,44,27,96
ALT,2013,1,4,7,3.7,95.2,7.5,3,4.77,3.4,15.7,0,985.9,146,1.1,2.4,6,0,6,3,3,3,3,318,44,27,96
ALT,2013,1,4,8,3.8,95.7,7.7,3.2,4.9,3.5,16.1,0,985.5,159,0.9,1.6,26,0,26,14,14,14,14,311,65,27,96
ALT,2013,1,4,9,4.4,93.8,7.8,3.5,4.96,4,16.8,0,986,270,0.3,0.9,12,0,12,7,7,7,7,328,100,27,96
ALT,2013,1,4,10,4.8,91.3,7.8,3.5,4.96,4.2,17.3,0.1,986.4,323,0.5,1.6,30,0,30,17,16,17,16,333,100,27,96
ALT,2013,1,4,11,5.3,90.3,8,3.8,5.09,4.6,18.1,0,986.1,329,0.6,1.7,18,0,18,10,10,10,10,335,100,27,96
ALT,2013,1,4,12,5.6,89.1,8.1,3.9,5.16,4.8,18.6,0,985.1,146,0.7,1.8,14,0,14,8,8,8,8,336,100,27,96
ALT,2013,1,4,13,6,89,8.3,4.3,5.29,5.2,19.3,0,984.5,143,0.8,2.4,37,0,37,21,20,21,20,332,100,27,96
ALT,2013,1,4,14,6.1,89.9,8.5,4.6,5.42,5.4,19.7,0,984.1,153,0.7,2.4,9,0,9,5,5,5,5,332,100,27,96
ALT,2013,1,4,15,6,90.6,8.5,4.6,5.42,5.3,19.6,0,984,315,0.4,1.3,1,0,1,1,0,1,0,331,81,27,96
ALT,2013,1,4,16,5.7,93,8.5,4.7,5.42,5.2,19.3,0,984,307,0.7,1.4,0,0,0,0,0,0,0,335,100,27,96
ALT,2013,1,4,17,5.4,94.9,8.5,4.6,5.42,5,19,0,983.5,166,0.7,1.9,0,0,0,0,0,0,0,323,65,27,96
ALT,2013,1,4,18,5.4,95.1,8.5,4.7,5.42,5.1,19,0,983.5,207,0.6,1.5,0,0,0,0,0,0,0,305,50,27,96
ALT,2013,1,4,19,5.3,96.1,8.6,4.7,5.49,5,19.1,0,983.4,90,0.4,1.3,0,0,0,0,0,0,0,296,39,27,96
ALT,2013,1,4,20,5.3,96.9,8.6,4.8,5.49,5.1,19.1,0,983.4,158,0.6,1.5,0,0,0,0,0,0,0,271,13,27,96
ALT,2013,1,4,21,5.3,98,8.7,5,5.55,5.2,19.3,0,982.9,135,0.5,1.3,0,0,0,0,0,0,0,271,25,27,96
ALT,2013,1,4,22,5.3,98.1,8.7,5,5.56,5.2,19.3,0,982.8,180,0.6,1.2,0,0,0,0,0,0,0,272,0,27,96
ALT,2013,1,4,23,5.3,98.2,8.8,5,5.62,5.2,19.4,0.1,982.8,321,0.8,1.9,0,0,0,0,0,0,0,272,0,27,96
ALT,2013,1,5,0,5.3,98.7,8.8,5.1,5.62,5.2,19.4,0,982,270,0.4,1.4,0,0,0,0,0,0,0,333,88,28,96
ALT,2013,1,5,1,5.3,98.7,8.8,5.1,5.62,5.2,19.4,0,982,124,0.4,1.1,0,0,0,0,0,0,0,333,100,28,96
ALT,2013,1,5,2,5.5,98.2,8.8,5.2,5.62,5.4,19.6,0,981.9,143,1,2.1,0,0,0,0,0,0,0,333,100,28,96
ALT,2013,1,5,3,5.6,98.1,8.9,5.3,5.69,5.5,19.9,0,981.6,297,0.4,1.8,0,0,0,0,0,0,0,332,100,28,96
ALT,2013,1,5,4,5.6,98.3,8.9,5.4,5.69,5.5,19.9,0,981.2,117,0.5,1.4,0,0,0,0,0,0,0,332,100,28,96
ALT,2013,1,5,5,5.6,97.3,8.9,5.2,5.69,5.4,19.9,0,981.3,158,0.7,1.9,0,0,0,0,0,0,0,332,100,28,96
ALT,2013,1,5,6,5.7,96.8,8.9,5.2,5.69,5.5,20,0,981.5,153,0.7,1.7,0,0,0,0,0,0,0,333,88,28,96
ALT,2013,1,5,7,5.8,96.8,8.9,5.3,5.69,5.6,20.1,0,981.6,270,0.7,1.6,6,0,6,4,3,4,3,334,100,28,96
ALT,2013,1,5,8,6.1,96.1,9,5.5,5.76,5.8,20.6,0,981.5,180,0.6,1.6,7,0,7,4,4,4,4,336,100,28,96
ALT,2013,1,5,9,6.5,95.5,9.2,5.8,5.89,6.2,21.3,0,981.2,135,0.4,1,27,0,27,15,15,15,14,326,81,28,96
ALT,2013,1,5,10,7,93.3,9.3,6,5.95,6.5,22,0,981.2,342,0.7,2.3,53,0,53,30,29,30,28,325,69,28,96
ALT,2013,1,5,11,7.2,92,9.3,6,5.96,6.6,22.2,0,980.6,328,0.9,2.1,57,0,57,33,31,32,31,337,66,28,96
ALT,2013,1,5,12,7.1,91.7,9.3,5.8,5.96,6.5,22.1,0,980,360,0.8,1.8,19,0,19,11,10,11,10,342,65,28,96
ALT,2013,1,5,13,7.7,86,9,5.5,5.77,6.6,22.2,0,980,9,0.6,1.4,13,0,13,8,7,8,7,340,88,28,96
ALT,2013,1,5,14,7.9,82.3,8.8,5.1,5.63,6.5,22.1,0,980.2,315,0.8,2.3,6,0,6,3,3,3,3,338,100,28,96
ALT,2013,1,5,15,7.8,85.3,9,5.5,5.76,6.7,22.3,0,980.3,76,0.5,1.3,1,0,1,1,0,1,0,337,100,28,96
ALT,2013,1,5,16,7.6,84.1,8.8,5.1,5.63,6.4,21.8,0,980.2,45,0.5,2,0,0,0,0,0,0,0,335,100,28,96
ALT,2013,1,5,17,7.5,83.3,8.7,4.9,5.57,6.2,21.5,0,980.5,321,2.4,6.6,0,0,0,0,0,0,0,334,100,28,96
ALT,2013,1,5,18,7.1,83.1,8.4,4.4,5.37,5.8,20.6,0,980.6,327,3.7,7.5,0,0,0,0,0,0,0,333,100,28,96
ALT,2013,1,5,19,6.7,85,8.4,4.4,5.37,5.6,20.2,0,981.1,324,3.4,7.8,0,0,0,0,0,0,0,332,100,28,96
ALT,2013,1,5,20,6.5,85.4,8.3,4.2,5.31,5.4,19.9,0,980.8,309,2.6,6.3,0,0,0,0,0,0,0,332,100,28,96
ALT,2013,1,5,21,6.3,87.7,8.4,4.4,5.37,5.4,19.8,0,980.7,329,1.8,4.7,0,0,0,0,0,0,0,331,100,28,96
ALT,2013,1,5,22,6.2,87.6,8.3,4.3,5.31,5.3,19.6,0,980.5,342,0.9,2.6,0,0,0,0,0,0,0,331,100,28,96
ALT,2013,1,5,23,6,89.8,8.4,4.5,5.38,5.3,19.5,0,980.2,326,0.7,2.5,0,0,0,0,0,0,0,330,100,28,96
ALT,2013,1,6,0,5.7,93,8.5,4.7,5.44,5.2,19.4,0,979.9,180,0.3,1.2,0,0,0,0,0,0,0,298,45,29,96
ALT,2013,1,6,1,6,90.1,8.4,4.5,5.38,5.3,19.5,0,980.4,327,1.7,3.5,0,0,0,0,0,0,0,295,36,29,96
ALT,2013,1,6,2,6.1,88.8,8.3,4.4,5.31,5.3,19.5,0,980.9,334,2.7,5.7,0,0,0,0,0,0,0,310,100,29,96
ALT,2013,1,6,3,6,89.8,8.4,4.5,5.37,5.3,19.5,0,980.5,56,0.7,3.1,0,0,0,0,0,0,0,302,78,29,96
ALT,2013,1,6,4,5.7,93.9,8.6,4.8,5.51,5.3,19.5,0,980.1,148,0.9,1.6,0,0,0,0,0,0,0,292,48,29,96
ALT,2013,1,6,5,5.4,95.4,8.6,4.7,5.51,5.1,19.2,0,979.5,135,0.6,1.2,0,0,0,0,0,0,0,269,13,29,96
ALT,2013,1,6,6,5.2,96,8.5,4.6,5.45,4.9,18.9,0,979.3,158,0.5,1.8,0,0,0,0,0,0,0,282,25,29,96
ALT,2013,1,6,7,5,96.3,8.4,4.5,5.38,4.8,18.5,0,979.7,180,0.9,2.2,10,0,10,9,9,9,9,277,6,29,96
ALT,2013,1,6,8,5.1,94.8,8.3,4.3,5.32,4.7,18.5,0,979.1,150,1.6,2.9,34,0,34,38,38,38,38,277,13,29,96
ALT,2013,1,6,9,5.6,90,8.2,4.1,5.26,4.9,18.8,0,978.2,141,1.4,2.4,259,696,71,58,411,686,60,280,23,29,96
ALT,2013,1,6,10,6.9,83,8.3,4.2,5.32,5.6,20.3,0,978.7,330,2.1,6.2,171,174,116,70,133,241,68,314,79,29,96
ALT,2013,1,6,11,6.8,84,8.3,4.3,5.32,5.6,20.2,0,978.8,326,2.6,5.2,57,0,57,33,31,32,31,334,100,29,96
ALT,2013,1,6,12,6.7,84.8,8.3,4.3,5.32,5.6,20.1,0,978.1,338,2.1,3.8,17,0,17,10,9,10,9,338,100,29,96
ALT,2013,1,6,13,6.6,86.2,8.4,4.5,5.39,5.6,20.2,0,978.6,338,3.1,4.8,32,0,32,19,18,18,18,324,88,29,96
ALT,2013,1,6,14,6.4,85.9,8.2,4.2,5.26,5.4,19.6,0,978.2,343,1.7,4.4,39,0,39,28,27,28,27,305,59,29,96
ALT,2013,1,6,15,6.3,86.7,8.3,4.2,5.32,5.3,19.7,0,978.3,330,1.2,3.1,9,0,9,6,6,6,6,275,16,29,96
ALT,2013,1,6,16,6.1,87.4,8.2,4.2,5.26,5.2,19.3,0,978.2,333,1.1,2.4,0,0,0,0,0,0,0,254,0,29,96
ALT,2013,1,6,17,5.9,88.1,8.2,4.1,5.26,5.1,19.1,0,978.2,340,2.6,5,0,0,0,0,0,0,0,275,48,29,96
ALT,2013,1,6,18,5.7,86.7,8,3.7,5.13,4.8,18.6,0,978.2,336,3.2,5.8,0,0,0,0,0,0,0,302,50,29,96
ALT,2013,1,6,19,5.5,87.1,7.9,3.5,5.06,4.6,18.2,0,978.6,335,3.5,5.8,0,0,0,0,0,0,0,304,64,29,96
ALT,2013,1,6,20,5.4,86.5,7.8,3.3,5,4.4,18,0,979,334,2.6,5.3,0,0,0,0,0,0,0,295,48,29,96
ALT,2013,1,6,21,5.1,91.1,8,3.8,5.13,4.5,18,0,978.9,135,0.7,1.5,0,0,0,0,0,0,0,298,54,29,96
ALT,2013,1,6,22,4.9,91.7,7.9,3.7,5.06,4.3,17.6,0,978.1,129,1.3,3.5,0,0,0,0,0,0,0,277,13,29,96
ALT,2013,1,6,23,4.3,91.6,7.6,3.1,4.87,3.8,16.5,0,977.7,142,1.3,4.1,0,0,0,0,0,0,0,278,13,29,96
ALT,2013,1,7,0,2.8,96.1,7.2,2.2,4.62,2.5,14.4,0,977.6,225,0.5,1.3,0,0,0,0,0,0,0,319,100,29,96
ALT,2013,1,7,1,2.6,94.7,7,1.8,4.48,2.3,13.8,0,977.8,153,1.2,1.7,0,0,0,0,0,0,0,317,100,29,96
ALT,2013,1,7,2,3.6,93.2,7.4,2.6,4.75,3.2,15.5,0,977.2,151,1.3,2.1,0,0,0,0,0,0,0,315,100,29,96
ALT,2013,1,7,3,4,92.2,7.5,2.9,4.81,3.5,16.1,0,976.7,148,1,2.3,0,0,0,0,0,0,0,310,94,29,96
ALT,2013,1,7,4,4.4,86.5,7.2,2.3,4.62,3.5,16,0,976.1,165,1.6,3.6,0,0,0,0,0,0,0,308,94,29,96
ALT,2013,1,7,5,3.4,89,6.9,1.8,4.43,2.7,14.5,0,976.4,225,0.7,1.9,0,0,0,0,0,0,0,303,88,29,96
ALT,2013,1,7,6,2.4,91.4,6.6,1.1,4.23,1.9,13,0,976.7,162,1.2,2.2,0,0,0,0,0,0,0,309,100,29,96
ALT,2013,1,7,7,3.3,89.4,6.9,1.7,4.43,2.6,14.4,0,976.4,156,2.2,3.8,13,0,13,10,10,10,10,305,88,29,96
ALT,2013,1,7,8,2.9,89.8,6.7,1.4,4.3,2.3,13.7,0,976.5,141,0.8,1.8,33,0,33,37,37,37,38,296,69,29,96
ALT,2013,1,7,9,3.2,88.8,6.8,1.5,4.36,2.5,14.1,0,976.9,157,0.8,1.9,169,223,113,68,194,268,66,294,50,29,96
ALT,2013,1,7,10,5,81.3,7.1,2.1,4.55,3.7,16.4,0,976.8,194,0.8,1.9,53,0,53,30,29,30,29,317,100,29,96
ALT,2013,1,7,11,5.2,80.8,7.1,2.2,4.56,3.9,16.6,0,976.3,8,0.8,2.8,69,0,69,40,38,39,38,304,88,29,96
ALT,2013,1,7,12,5.1,79.9,7,1.9,4.49,3.7,16.4,0,975.7,225,0.7,2.3,47,0,47,27,26,27,26,269,80,29,96
ALT,2013,1,7,13,5.3,79.4,7,2,4.49,3.8,16.6,0,975.7,221,1.1,2.6,71,0,71,45,43,44,43,268,60,29,96
ALT,2013,1,7,14,5.3,78.9,7,1.9,4.5,3.8,16.6,0,975.4,203,1.4,3.7,32,0,32,38,38,38,38,303,66,29,96
ALT,2013,1,7,15,4.9,81.2,7.1,2,4.56,3.6,16.3,0,976.3,343,1.5,4.1,11,0,11,7,7,7,7,319,94,29,96
ALT,2013,1,7,16,4.9,79.1,6.8,1.6,4.36,3.5,15.9,0,976.4,307,0.6,2.7,0,0,0,0,0,0,0,317,100,29,96
ALT,2013,1,7,17,4.7,81,6.9,1.7,4.43,3.4,15.8,0,976.2,326,0.5,1.5,0,0,0,0,0,0,0,312,100,29,96
ALT,2013,1,7,18,4.7,80.1,6.8,1.6,4.36,3.3,15.7,0,976.5,162,0.9,2.5,0,0,0,0,0,0,0,310,100,29,96
ALT,2013,1,7,19,4.3,81.2,6.8,1.4,4.36,3,15.2,0,976.3,142,1.8,3.4,0,0,0,0,0,0,0,306,100,29,96
ALT,2013,1,7,20,3.2,84.2,6.5,0.8,4.17,2.2,13.7,0,975.8,169,1.6,3.2,0,0,0,0,0,0,0,311,100,29,96
ALT,2013,1,7,21,1.1,89.6,5.9,-0.4,3.78,0.5,10.6,0,975.6,153,0.8,2.3,0,0,0,0,0,0,0,302,88,29,96
ALT,2013,1,7,22,1.1,92.4,6.1,0,3.91,0.7,10.9,0,975.4,162,0.6,1,0,0,0,0,0,0,0,300,100,29,96
ALT,2013,1,7,23,-0.1,95,5.8,-0.8,3.72,-0.4,9.2,0,975.2,157,0.8,1.5,0,0,0,0,0,0,0,293,100,29,96
ALT,2013,1,8,0,-0.4,95.4,5.7,-1,3.66,-0.6,8.7,0,974.9,158,1.1,1.9,0,0,0,0,0,0,0,270,100,29,96
ALT,2013,1,8,1,-0.4,95.6,5.7,-1,3.66,-0.6,8.7,0,975.3,146,0.7,1.7,0,0,0,0,0,0,0,269,100,29,96
ALT,2013,1,8,2,-0.2,95.1,5.7,-0.9,3.66,-0.5,8.9,0,975.3,156,1.1,1.8,0,0,0,0,0,0,0,271,100,29,96
ALT,2013,1,8,3,0.9,93.1,6.1,-0.1,3.92,0.5,10.7,0,974.8,165,1.2,1.9,0,0,0,0,0,0,0,268,100,29,96
ALT,2013,1,8,4,1.4,93.2,6.3,0.4,4.05,1,11.5,0,974.6,135,0.4,1.3,0,0,0,0,0,0,0,278,88,29,96
ALT,2013,1,8,5,1.4,94,6.3,0.5,4.05,1,11.5,0,974.6,148,1.3,2.1,0,0,0,0,0,0,0,282,81,29,96
ALT,2013,1,8,6,1.3,93.8,6.3,0.4,4.05,0.9,11.4,0,974.7,137,1.6,3,0,0,0,0,0,0,0,267,100,29,96
ALT,2013,1,8,7,1.1,93.7,6.2,0.2,3.98,0.7,11,0,974.9,156,1.1,3.1,12,0,12,10,9,10,9,269,75,29,96
ALT,2013,1,8,8,1.1,94.7,6.2,0.3,3.98,0.8,11,0,975.5,138,1.3,2.2,53,0,53,42,42,42,41,271,44,29,96
ALT,2013,1,8,9,1.3,93.3,6.3,0.3,4.04,0.9,11.4,0,976.1,145,1.9,3.4,66,0,66,38,36,38,36,282,10,29,96
ALT,2013,1,8,10,1.6,90.7,6.3,0.2,4.04,1,11.7,0,975.7,158,1.7,3.8,129,19,122,70,73,89,67,280,23,29,96
ALT,2013,1,8,11,1.7,90,6.2,0.2,3.98,1.1,11.7,0,975.3,153,0.8,2.3,233,182,168,98,116,292,108,266,53,29,96
ALT,2013,1,8,12,1.9,90.3,6.3,0.5,4.05,1.3,12,0,974.9,333,0.6,2.5,242,305,143,86,85,392,202,247,31,29,96
ALT,2013,1,8,13,1.8,90.1,6.3,0.4,4.05,1.2,11.9,0,974.3,247,0.8,2.1,182,385,70,67,69,428,258,286,36,29,96
ALT,2013,1,8,14,1.7,90.7,6.3,0.3,4.05,1.1,11.8,0,974.4,291,0.9,2.3,37,0,37,38,38,38,38,289,53,29,96
ALT,2013,1,8,15,0.9,93.6,6.1,0,3.92,0.5,10.7,0,974.7,236,0.3,0.9,12,0,12,7,7,7,7,285,88,29,96
ALT,2013,1,8,16,0.3,95,5.9,-0.4,3.79,0,9.8,0,974.7,156,1,1.8,0,0,0,0,0,0,0,284,78,29,96
ALT,2013,1,8,17,-0.1,94.6,5.7,-0.9,3.66,-0.4,9,0,974.5,162,0.9,1.4,0,0,0,0,0,0,0,286,80,29,96
ALT,2013,1,8,18,-0.1,95.7,5.8,-0.7,3.73,-0.3,9.2,0,974.1,169,0.6,1.3,0,0,0,0,0,0,0,304,100,29,96
ALT,2013,1,8,19,-0.9,96.5,5.5,-1.4,3.53,-1.1,7.9,0,974.1,162,0.7,1.8,0,0,0,0,0,0,0,303,100,29,96
ALT,2013,1,8,20,-1.8,95.9,5.2,-2.4,3.34,-2,6.5,0,974,162,1.3,2.1,0,0,0,0,0,0,0,279,74,29,96
ALT,2013,1,8,21,-1.2,96.2,5.4,-1.7,3.47,-1.4,7.4,0,973.9,153,0.9,1.4,0,0,0,0,0,0,0,274,78,29,96
ALT,2013,1,8,22,-1.8,96.6,5.2,-2.3,3.34,-2,6.5,0,973.9,162,1,1.6,0,0,0,0,0,0,0,274,88,29,96
ALT,2013,1,8,23,-1,96,5.5,-1.6,3.53,-1.2,7.8,0,973.4,158,0.6,1.2,0,0,0,0,0,0,0,272,84,29,96
ALT,2013,1,9,0,-0.8,99.7,5.8,-0.8,3.73,-0.8,8.5,0,972.9,90,0.2,0.8,0,0,0,0,0,0,0,266,31,29,96
ALT,2013,1,9,1,-0.9,100,5.7,-0.9,3.66,-0.9,8.2,0,973.1,162,0.6,1.3,0,0,0,0,0,0,0,278,68,29,96
ALT,2013,1,9,2,-1.1,100,5.6,-1.1,3.6,-1.1,7.9,0,972.8,138,1.3,1.9,0,0,0,0,0,0,0,284,84,29,96
ALT,2013,1,9,3,-0.8,99.9,5.7,-0.8,3.67,-0.8,8.3,0,972.2,148,1.5,2.2,0,0,0,0,0,0,0,271,65,29,96
ALT,2013,1,9,4,-0.5,99.8,5.9,-0.5,3.8,-0.5,9,0,972,156,1.2,2,0,0,0,0,0,0,0,273,64,29,96
ALT,2013,1,9,5,-0.5,99.5,5.8,-0.6,3.73,-0.5,8.8,0,971.7,142,1.8,3.3,0,0,0,0,0,0,0,264,61,29,96
ALT,2013,1,9,6,-0.7,99.3,5.8,-0.8,3.74,-0.7,8.6,0,971.5,152,1.5,2.5,0,0,0,0,0,0,0,265,64,29,96
ALT,2013,1,9,7,-0.8,99.7,5.7,-0.8,3.67,-0.8,8.3,0,971.5,144,1.4,2.2,14,0,14,8,8,8,8,265,56,29,96
ALT,2013,1,9,8,-0.8,98.9,5.7,-1,3.67,-0.9,8.3,0,971.2,141,1.5,2.3,69,0,69,43,41,42,41,275,71,29,96
ALT,2013,1,9,9,-0.8,99.2,5.7,-0.9,3.67,-0.8,8.3,0,971.1,144,1.3,2.3,115,31,106,61,74,91,58,288,94,29,96
ALT,2013,1,9,10,-0.4,98.1,5.8,-0.7,3.74,-0.5,8.9,0,970.4,142,1.6,2.3,133,16,128,74,76,90,70,294,100,29,96
ALT,2013,1,9,11,0.1,97.1,6,-0.3,3.87,-0.1,9.8,0,969.3,149,1.2,2.1,180,56,160,92,97,151,92,306,100,29,96
ALT,2013,1,9,12,0.2,96.7,6,-0.3,3.88,0,9.9,0,968.6,56,0.5,1.5,105,4,104,60,57,63,58,309,100,29,96
ALT,2013,1,9,13,0.8,95,6.1,0.1,3.94,0.5,10.6,0,968.5,173,0.9,1.8,80,1,80,46,44,47,44,308,100,29,96
ALT,2013,1,9,14,0.7,95.4,6.1,0.1,3.94,0.5,10.5,0,968.4,128,1.1,2.2,30,0,30,17,16,17,16,307,100,29,96
ALT,2013,1,9,15,0.2,95.3,5.9,-0.5,3.81,-0.1,9.7,0,968.3,166,0.5,1.4,8,0,8,4,4,4,4,302,84,29,96
ALT,2013,1,9,16,-0.1,96.8,5.9,-0.5,3.81,-0.3,9.4,0,967.9,225,0.5,1.6,0,0,0,0,0,0,0,297,81,29,96
ALT,2013,1,9,17,-0.5,99.3,5.8,-0.6,3.75,-0.5,8.9,0,967.2,153,0.7,1.9,0,0,0,0,0,0,0,296,84,29,96
ALT,2013,1,9,18,-0.9,99.8,5.7,-0.9,3.69,-0.9,8.3,0,967.1,90,0.3,1.4,0,0,0,0,0,0,0,304,100,29,96
ALT,2013,1,9,19,-1.2,99.7,5.6,-1.2,3.62,-1.2,7.8,0,967.2,207,0.6,1.6,0,0,0,0,0,0,0,301,88,29,96
ALT,2013,1,9,20,-1.1,100,5.7,-1.1,3.69,-1.1,8.1,0,967,159,1,2,0,0,0,0,0,0,0,298,88,29,96
ALT,2013,1,9,21,-1.4,99.4,5.5,-1.5,3.56,-1.4,7.5,0,966.6,151,1,1.9,0,0,0,0,0,0,0,300,94,29,96
ALT,2013,1,9,22,-1.9,99.7,5.3,-1.9,3.43,-1.9,6.6,0,966.2,171,0.6,1.5,0,0,0,0,0,0,0,298,90,29,96
ALT,2013,1,9,23,-1.8,100,5.4,-1.8,3.5,-1.8,6.9,0,966,162,0.9,2.4,0,0,0,0,0,0,0,302,100,29,96
ALT,2013,1,10,0,-1.3,99.1,5.5,-1.4,3.56,-1.3,7.6,0,965.7,137,1.8,3,0,0,0,0,0,0,0,303,94,29,96
ALT,2013,1,10,1,-1.1,98.9,5.6,-1.3,3.63,-1.2,7.9,0,965.4,152,1.8,3.1,0,0,0,0,0,0,0,304,100,29,96
ALT,2013,1,10,2,-0.8,98.7,5.7,-1,3.7,-0.9,8.4,0,965.1,151,1,2.3,0,0,0,0,0,0,0,305,100,29,96
ALT,2013,1,10,3,-0.4,98.2,5.8,-0.6,3.76,-0.5,9,0,964.9,146,1.4,2.2,0,0,0,0,0,0,0,307,100,29,96
ALT,2013,1,10,4,-0.5,97.8,5.8,-0.8,3.76,-0.6,8.9,0,964.7,141,1.9,3,0,0,0,0,0,0,0,307,100,29,96
ALT,2013,1,10,5,-0.5,96.3,5.7,-1,3.7,-0.7,8.7,0,964.4,163,1.4,3.5,0,0,0,0,0,0,0,307,100,29,96
ALT,2013,1,10,6,-0.2,95.6,5.8,-0.8,3.76,-0.4,9.2,0,965,148,1.1,2,0,0,0,0,0,0,0,309,100,29,96
ALT,2013,1,10,7,0.2,94.7,5.9,-0.5,3.82,-0.1,9.7,0,965.6,155,1.4,2.3,13,0,13,8,8,8,8,311,100,29,96
ALT,2013,1,10,8,0.2,93.6,5.8,-0.7,3.76,-0.2,9.6,0,965.2,131,2.1,4.6,28,0,28,16,16,16,15,313,100,29,96
ALT,2013,1,10,9,0.6,93.1,6,-0.4,3.89,0.2,10.3,0.2,964.9,135,1,2.3,163,156,119,70,153,218,68,315,100,29,96
ALT,2013,1,10,10,1.1,91.8,6,-0.1,3.89,0.6,10.8,0,964.7,252,0.4,1.3,205,164,151,88,149,256,85,317,100,29,96
ALT,2013,1,10,11,1.8,91.5,6.4,0.6,4.16,1.3,12.2,0,964,164,0.9,1.8,250,381,114,76,88,465,121,320,94,29,96
ALT,2013,1,10,12,1.9,91.1,6.4,0.6,4.16,1.4,12.3,0,963.4,145,1.3,2.8,254,431,106,72,72,503,200,321,94,29,96
ALT,2013,1,10,13,2.2,90.5,6.5,0.8,4.23,1.6,12.8,0,962.9,180,0.8,1.7,18,0,18,10,10,10,10,321,100,29,96
ALT,2013,1,10,14,2.4,90.8,6.6,1.1,4.29,1.9,13.1,0,962.6,225,0.4,1.2,14,0,14,8,8,8,8,321,100,29,96
ALT,2013,1,10,15,2.3,93,6.7,1.3,4.36,1.9,13.2,0.2,962.5,270,0.3,1.3,1,0,1,1,1,1,1,320,100,29,96
ALT,2013,1,10,16,2,94.2,6.7,1.2,4.36,1.7,12.9,0,962.6,165,1.1,2.4,0,0,0,0,0,0,0,320,100,29,96
ALT,2013,1,10,17,1.9,93.2,6.5,0.9,4.23,1.5,12.5,0,961.6,144,2,4.2,0,0,0,0,0,0,0,320,100,29,96
ALT,2013,1,10,18,2,92.7,6.6,0.9,4.3,1.5,12.8,0,961.3,225,0.7,2.4,0,0,0,0,0,0,0,320,100,29,96
ALT,2013,1,10,19,2.1,94.4,6.7,1.3,4.37,1.8,13,0.3,961.1,129,0.8,1.8,0,0,0,0,0,0,0,320,100,29,96
ALT,2013,1,10,20,2.1,95.6,6.8,1.5,4.43,1.8,13.2,0.8,961.1,180,0.4,1.3,0,0,0,0,0,0,0,320,100,29,96
ALT,2013,1,10,21,2,96,6.8,1.4,4.43,1.7,13.1,1.5,960.9,131,0.9,1.8,0,0,0,0,0,0,0,319,100,29,96
ALT,2013,1,10,22,0.7,97.4,6.3,0.3,4.1,0.5,10.9,3.1,961,140,0.8,2.3,0,0,0,0,0,0,0,319,100,29,96
ALT,2013,1,10,23,0.3,98.1,6.1,0,3.98,0.2,10.2,1.1,960.6,146,0.3,0.8,0,0,0,0,0,0,0,319,100,29,96
ALT,2013,1,11,0,0.3,98.7,6.1,0.1,3.98,0.2,10.2,1.5,960.4,153,0.2,0.7,0,0,0,0,0,0,0,319,100,30,96
ALT,2013,1,11,1,0.4,97.8,6.1,0.1,3.98,0.3,10.3,1.4,959.6,153,0.4,0.9,0,0,0,0,0,0,0,318,100,30,96
ALT,2013,1,11,2,0.3,98.4,6.1,0.1,3.98,0.2,10.2,0.8,959.3,90,0.1,0.7,0,0,0,0,0,0,0,318,100,30,96
ALT,2013,1,11,3,0.3,98.2,6.2,0,4.05,0.2,10.4,1.3,959,180,0.1,0.7,0,0,0,0,0,0,0,318,100,30,96
ALT,2013,1,11,4,0.3,98.6,6.2,0.1,4.05,0.2,10.4,1.7,959.2,0,0,0.1,0,0,0,0,0,0,0,317,100,30,96
ALT,2013,1,11,5,0.3,98.1,6.1,0,3.98,0.2,10.2,1.5,959.1,135,0.4,0.8,0,0,0,0,0,0,0,317,100,30,96
ALT,2013,1,11,6,0.3,98.5,6.2,0.1,4.04,0.2,10.4,1.5,959.8,135,0.1,0.6,0,0,0,0,0,0,0,316,100,30,96
ALT,2013,1,11,7,0.8,96.4,6.2,0.3,4.04,0.6,10.9,1.4,960.7,135,0.8,2.7,1,0,1,1,1,1,1,315,100,30,96
ALT,2013,1,11,8,1.3,94.1,6.3,0.5,4.1,1,11.6,0.8,961.6,77,1.2,3.5,7,0,7,4,4,4,4,315,100,30,96
ALT,2013,1,11,9,1.4,94,6.3,0.5,4.1,1,11.6,0.8,962.2,115,1.5,4,13,0,13,7,7,7,7,315,100,30,96
ALT,2013,1,11,10,1.7,92.8,6.4,0.7,4.16,1.3,12.1,0.4,962.5,135,1.6,4.1,17,0,17,10,9,10,9,314,100,30,96
ALT,2013,1,11,11,2.3,90.2,6.5,0.9,4.23,1.7,12.9,0.1,962.6,360,1.5,6,17,0,17,10,10,10,9,314,100,30,96
ALT,2013,1,11,12,2.2,91.1,6.6,0.9,4.29,1.7,12.9,0.3,963,354,1.3,5.2,16,0,16,10,9,9,9,313,100,30,96
ALT,2013,1,11,13,1.8,93.4,6.5,0.9,4.22,1.4,12.4,0.2,963.5,120,1.5,3.7,13,0,13,7,7,7,7,311,100,30,96
ALT,2013,1,11,14,2,91.3,6.5,0.7,4.22,1.5,12.6,0,964.2,60,1,2.9,7,0,7,4,4,4,4,308,100,30,96
ALT,2013,1,11,15,3.1,77.5,5.9,-0.4,3.83,1.7,12.7,0,964.4,346,3.5,9.4,1,0,1,1,1,1,1,306,100,30,96
ALT,2013,1,11,16,2.3,86.8,6.3,0.3,4.09,1.5,12.5,0,964.7,77,1.4,6.2,0,0,0,0,0,0,0,303,100,30,96
ALT,2013,1,11,17,2.4,84.7,6.1,0.1,3.96,1.5,12.3,0,964.9,9,2.5,9.4,0,0,0,0,0,0,0,301,100,30,96
ALT,2013,1,11,18,2.1,88.7,6.3,0.4,4.09,1.4,12.3,0,964.9,77,1.5,8.7,0,0,0,0,0,0,0,298,100,30,96
ALT,2013,1,11,19,2,88.9,6.3,0.4,4.09,1.3,12.2,0.1,965,101,1.4,6.3,0,0,0,0,0,0,0,297,100,30,96
ALT,2013,1,11,20,1.8,90,6.3,0.3,4.09,1.2,12,0,965.2,114,1.8,5.8,0,0,0,0,0,0,0,296,100,30,96
ALT,2013,1,11,21,1.9,90.2,6.3,0.5,4.09,1.3,12.1,0,965.3,127,0.5,2.2,0,0,0,0,0,0,0,295,100,30,96
ALT,2013,1,11,22,1.7,92.3,6.4,0.6,4.15,1.2,12.1,0.1,965.4,132,1.2,3.1,0,0,0,0,0,0,0,295,100,30,96
ALT,2013,1,11,23,1.5,93.7,6.4,0.6,4.15,1.1,11.9,0.2,965.3,124,1.4,2.4,0,0,0,0,0,0,0,294,100,30,96
ALT,2013,1,12,0,1.5,94.5,6.4,0.7,4.15,1.2,11.9,0,965.2,131,1.1,1.8,0,0,0,0,0,0,0,292,100,30,96
ALT,2013,1,12,1,1.6,93,6.4,0.6,4.15,1.2,12,0,965,112,1.1,3.5,0,0,0,0,0,0,0,290,100,30,96
ALT,2013,1,12,2,1.8,90.7,6.3,0.4,4.09,1.2,12,0,964.7,121,0.7,3,0,0,0,0,0,0,0,288,100,30,96
ALT,2013,1,12,3,1.5,90.5,6.2,0.1,4.02,0.9,11.6,0,964.6,135,1.3,3.3,0,0,0,0,0,0,0,289,100,30,96
ALT,2013,1,12,4,1.3,92.8,6.2,0.3,4.02,0.9,11.4,0.1,964.6,141,1.9,3.9,0,0,0,0,0,0,0,288,100,30,96
ALT,2013,1,12,5,0.9,95.3,6.2,0.2,4.02,0.6,10.9,0,964.7,135,2,2.9,0,0,0,0,0,0,0,287,100,30,96
ALT,2013,1,12,6,0.9,95.8,6.2,0.3,4.02,0.7,10.9,0,964.9,142,1.8,2.7,0,0,0,0,0,0,0,286,100,30,96
ALT,2013,1,12,7,1.1,95,6.3,0.4,4.09,0.8,11.3,0,964.8,143,1,2.3,1,0,1,1,1,1,1,286,100,30,96
ALT,2013,1,12,8,1.3,94.8,6.3,0.6,4.09,1,11.5,0,964.5,172,0.8,1.4,8,0,8,4,4,4,4,286,100,30,96
ALT,2013,1,12,9,1.4,94.4,6.4,0.6,4.16,1.1,11.8,0,964.4,146,0.4,0.8,58,3,57,33,34,36,32,289,94,30,96
ALT,2013,1,12,10,2.3,89.1,6.5,0.7,4.22,1.6,12.9,0,963.8,146,0.4,0.9,245,238,163,97,180,344,95,291,71,30,96
ALT,2013,1,12,11,3.5,77.8,6.1,0,3.97,2,13.4,0,962.9,159,0.9,1.7,384,805,91,85,135,886,140,294,68,30,96
ALT,2013,1,12,12,4.2,70.9,5.9,-0.6,3.84,2.2,13.8,0,962.6,163,1.1,2.4,374,812,96,83,85,876,337,294,59,30,96
ALT,2013,1,12,13,3.9,74.2,6,-0.3,3.9,2.2,13.7,0,962.4,196,1.5,2.3,185,397,66,71,73,440,264,290,35,30,96
ALT,2013,1,12,14,2.3,81.6,5.9,-0.5,3.84,1.2,11.9,0,962.3,165,1.9,2.9,44,0,44,43,43,43,43,285,60,30,96
ALT,2013,1,12,15,1.9,80.8,5.6,-1,3.64,0.7,11,0,962.1,177,2.2,3.3,11,0,11,6,6,6,6,288,100,30,96
ALT,2013,1,12,16,1,85.7,5.7,-1.1,3.71,0.2,10.3,0,962.2,175,2.1,4,0,0,0,0,0,0,0,287,94,30,96
ALT,2013,1,12,17,0.5,88,5.6,-1.3,3.64,-0.2,9.6,0,962,160,2,3.3,0,0,0,0,0,0,0,286,100,30,96
ALT,2013,1,12,18,0.2,87.1,5.4,-1.7,3.51,-0.5,9,0,961.7,160,1.2,2.3,0,0,0,0,0,0,0,290,100,30,96
ALT,2013,1,12,19,-0.1,88.8,5.4,-1.7,3.51,-0.7,8.7,0,961.8,173,0.8,1.6,0,0,0,0,0,0,0,292,100,30,96
ALT,2013,1,12,20,-0.2,90.2,5.4,-1.6,3.51,-0.7,8.6,0,962.1,149,0.6,2.1,0,0,0,0,0,0,0,294,100,30,96
ALT,2013,1,12,21,0.1,88.4,5.4,-1.6,3.51,-0.5,8.9,0,961.9,162,1.1,2.8,0,0,0,0,0,0,0,290,94,30,96
ALT,2013,1,12,22,0.2,86.8,5.4,-1.7,3.51,-0.5,9,0,961.6,146,1.2,2.8,0,0,0,0,0,0,0,294,100,30,96
ALT,2013,1,12,23,0.1,87.7,5.4,-1.7,3.51,-0.6,8.9,0,961.3,156,1.1,2,0,0,0,0,0,0,0,298,100,30,96
ALT,2013,1,13,0,-0.1,88.7,5.4,-1.7,3.51,-0.7,8.7,0,961.2,135,0.9,1.6,0,0,0,0,0,0,0,298,100,30,96
ALT,2013,1,13,1,-0.6,90.8,5.3,-1.9,3.45,-1.1,8,0,961.5,166,1,2.2,0,0,0,0,0,0,0,298,100,30,96
ALT,2013,1,13,2,-0.4,90.5,5.4,-1.8,3.51,-0.9,8.4,0,961.2,143,1.6,2.8,0,0,0,0,0,0,0,299,100,30,96
ALT,2013,1,13,3,0,86.5,5.3,-2,3.45,-0.8,8.6,0,960.5,146,1.5,2.8,0,0,0,0,0,0,0,299,100,30,96
ALT,2013,1,13,4,-0.2,88.5,5.3,-1.9,3.45,-0.8,8.4,0,960.2,149,0.6,1.8,0,0,0,0,0,0,0,299,100,30,96
ALT,2013,1,13,5,-0.2,90.2,5.4,-1.6,3.52,-0.7,8.6,0,959.8,160,1.1,2.1,0,0,0,0,0,0,0,299,100,30,96
ALT,2013,1,13,6,0.3,85.7,5.4,-1.8,3.52,-0.5,9.1,0,959.9,127,1.1,2.1,0,0,0,0,0,0,0,300,100,30,96
ALT,2013,1,13,7,0,89.4,5.5,-1.5,3.58,-0.6,8.9,0,960.1,158,0.6,1.1,11,0,11,10,10,10,10,301,94,30,96
ALT,2013,1,13,8,0.1,90.2,5.5,-1.3,3.58,-0.4,9,0,960.2,157,0.7,1.3,61,0,61,42,41,42,41,302,100,30,96
ALT,2013,1,13,9,0.6,89.5,5.7,-0.9,3.71,0,9.9,0,960.2,157,0.8,1.6,86,54,72,42,75,91,41,300,100,30,96
ALT,2013,1,13,10,1.7,81.1,5.6,-1.2,3.65,0.6,10.8,0,959.3,144,0.8,1.6,342,729,89,79,296,787,81,292,31,30,96
ALT,2013,1,13,11,3.1,72.5,5.5,-1.4,3.59,1.3,12.1,0,958.8,180,0.6,1.9,311,550,109,84,134,634,105,298,50,30,96
ALT,2013,1,13,12,3.4,71.2,5.6,-1.3,3.66,1.5,12.6,0,958.5,329,1.4,3.5,388,755,126,92,94,848,341,303,68,30,96
ALT,2013,1,13,13,3.6,76.5,6,-0.1,3.92,2.1,13.4,0,958.7,323,2.5,5.5,68,0,68,40,38,39,38,301,94,30,96
ALT,2013,1,13,14,3.5,78,6.1,0,3.98,2,13.5,0,958.8,321,2.3,4.8,32,0,32,19,18,19,18,296,100,30,96
ALT,2013,1,13,15,3.3,78.9,6.1,0,3.98,1.9,13.3,0,958.7,331,1.3,2.7,1,0,1,1,1,1,1,296,100,30,96
ALT,2013,1,13,16,2.8,82.8,6.2,0.2,4.05,1.7,12.9,0,958.8,135,0.5,1.5,0,0,0,0,0,0,0,300,100,30,96
ALT,2013,1,13,17,2.4,84,6.1,0,3.98,1.4,12.4,0,958.9,150,0.8,1.4,0,0,0,0,0,0,0,298,100,30,96
ALT,2013,1,13,18,1.9,88,6.2,0.1,4.05,1.2,12,0,958.7,165,1.5,2.3,0,0,0,0,0,0,0,297,100,30,96
ALT,2013,1,13,19,1.6,83.9,5.8,-0.8,3.79,0.6,11.1,0,958.6,135,1.6,2.5,0,0,0,0,0,0,0,296,100,30,96
ALT,2013,1,13,20,1.4,84.6,5.7,-0.9,3.72,0.5,10.7,0,958.8,163,1.1,2,0,0,0,0,0,0,0,295,100,30,96
ALT,2013,1,13,21,1.4,87.3,5.9,-0.5,3.85,0.6,11,0,958.9,151,1.1,2,0,0,0,0,0,0,0,293,100,30,96
ALT,2013,1,13,22,1.2,89.6,6,-0.3,3.92,0.6,11,0,959,155,1.7,2.8,0,0,0,0,0,0,0,292,100,30,96
ALT,2013,1,13,23,1.3,88.4,6,-0.4,3.92,0.6,11.1,0,958.8,137,1.6,2.9,0,0,0,0,0,0,0,291,100,30,96
ALT,2013,1,14,0,1.3,89.3,6,-0.3,3.92,0.7,11.1,0,958.6,171,0.7,1.7,0,0,0,0,0,0,0,290,100,32,96
ALT,2013,1,14,1,0.8,91.1,5.9,-0.5,3.85,0.3,10.4,0,958.6,135,0.3,0.8,0,0,0,0,0,0,0,288,100,32,96
ALT,2013,1,14,2,0.9,92.9,6.1,-0.1,3.98,0.5,10.9,0,958.5,173,0.9,1.7,0,0,0,0,0,0,0,287,100,32,96
ALT,2013,1,14,3,1.2,91.9,6.1,0,3.98,0.7,11.2,0,958.3,150,0.8,1.2,0,0,0,0,0,0,0,285,100,32,96
ALT,2013,1,14,4,1.3,90.8,6.1,0,3.99,0.8,11.3,0,958.1,130,0.8,1.9,0,0,0,0,0,0,0,283,100,32,96
ALT,2013,1,14,5,1.5,89.2,6.1,-0.1,3.99,0.9,11.5,0,958.2,135,0.8,1.6,0,0,0,0,0,0,0,282,100,32,96
ALT,2013,1,14,6,1.6,89.4,6.1,0,3.98,0.9,11.6,0,958.5,159,0.8,1.4,0,0,0,0,0,0,0,281,100,32,96
ALT,2013,1,14,7,1.4,90.2,6.1,0,3.98,0.8,11.4,0,958.9,143,0.9,1.6,11,0,11,11,11,11,11,283,100,32,96
ALT,2013,1,14,8,1.4,90.4,6.1,0,3.98,0.8,11.4,0,959.2,135,0.9,1.5,52,14,49,46,55,58,46,282,100,32,96
ALT,2013,1,14,9,1.2,92.6,6.1,0.1,3.98,0.8,11.1,0.9,959.6,333,1.1,3.9,20,0,20,12,11,12,11,286,100,32,96
ALT,2013,1,14,10,1.3,92.2,6.2,0.2,4.05,0.9,11.4,0,959.3,135,1.2,4.1,18,0,18,11,10,11,10,287,100,32,96
ALT,2013,1,14,11,1.8,89.5,6.2,0.3,4.05,1.2,11.9,0,958.8,107,1.1,3.8,18,0,18,11,10,11,10,288,100,32,96
ALT,2013,1,14,12,2.1,85,6,-0.2,3.92,1.2,11.9,0,958.6,14,1.2,5.3,17,0,17,10,10,10,9,289,100,32,96
ALT,2013,1,14,13,2.3,79.9,5.7,-0.8,3.72,1.1,11.6,0,958.7,344,2.6,9,14,0,14,8,8,8,8,288,100,32,96
ALT,2013,1,14,14,2.1,79.8,5.7,-1,3.72,0.9,11.4,0,959,348,3.4,8.4,8,0,8,5,4,5,4,287,100,32,96
ALT,2013,1,14,15,1.9,78.8,5.6,-1.4,3.65,0.6,11,0,959.3,344,3.7,7.3,2,0,2,1,1,1,1,286,100,32,96
ALT,2013,1,14,16,1.7,81,5.6,-1.2,3.65,0.6,10.8,0,959.5,344,2.3,5.9,0,0,0,0,0,0,0,284,100,32,96
ALT,2013,1,14,17,1.4,80.7,5.5,-1.5,3.58,0.3,10.4,0,959.9,344,2.9,6.9,0,0,0,0,0,0,0,283,100,32,96
ALT,2013,1,14,18,1,82.3,5.4,-1.7,3.52,0,9.8,0,960.1,335,4.6,8.3,0,0,0,0,0,0,0,281,100,32,96
ALT,2013,1,14,19,0.9,83.7,5.5,-1.5,3.58,0,9.8,0,960.1,353,1.8,8.1,0,0,0,0,0,0,0,277,100,32,96
ALT,2013,1,14,20,0.8,83.2,5.4,-1.7,3.52,-0.2,9.6,0,960,346,1.7,5.3,0,0,0,0,0,0,0,274,100,32,96
ALT,2013,1,14,21,0.5,87.2,5.5,-1.4,3.59,-0.2,9.4,0,959.7,129,1.5,2.4,0,0,0,0,0,0,0,271,100,32,96
ALT,2013,1,14,22,0.4,89.1,5.6,-1.2,3.65,-0.2,9.5,0,959.2,139,1.1,2.3,0,0,0,0,0,0,0,268,100,32,96
ALT,2013,1,14,23,0.3,91.4,5.7,-0.9,3.72,-0.2,9.6,0,958.2,131,1.1,1.8,0,0,0,0,0,0,0,265,100,32,96
ALT,2013,1,15,0,0.1,91.7,5.7,-1.1,3.72,-0.4,9.4,0,957.6,146,0.7,1.3,0,0,0,0,0,0,0,263,60,33,96
ALT,2013,1,15,1,-0.2,88.3,5.3,-1.9,3.46,-0.8,8.4,0,957.4,148,1.9,3.3,0,0,0,0,0,0,0,262,40,33,96
ALT,2013,1,15,2,-1.1,79.3,4.5,-4.2,2.94,-2.2,6.2,0,956.4,156,3.1,4.8,0,0,0,0,0,0,0,260,25,33,96
ALT,2013,1,15,3,-2.3,80.6,4.2,-5.2,2.75,-3.3,4.5,0,955.6,166,1.3,4.2,0,0,0,0,0,0,0,259,25,33,96
ALT,2013,1,15,4,-3,79.3,3.9,-6.1,2.55,-4,3.3,0,954.8,166,1.7,3.3,0,0,0,0,0,0,0,257,41,33,96
ALT,2013,1,15,5,-3.1,84.6,4.1,-5.3,2.69,-3.8,3.6,0,953.7,151,1.8,3.5,0,0,0,0,0,0,0,256,75,33,96
ALT,2013,1,15,6,-3.4,85.5,4.1,-5.5,2.69,-4.1,3.3,0,953.1,158,1.1,2.4,0,0,0,0,0,0,0,257,100,33,96
ALT,2013,1,15,7,-3.8,87.6,4,-5.6,2.62,-4.4,2.7,0,953.4,150,0.8,2.1,7,0,7,4,4,4,4,261,100,33,96
ALT,2013,1,15,8,-2.9,86.7,4.3,-4.8,2.82,-3.5,4.1,0,953.1,152,1.7,3,36,0,36,22,21,22,21,266,100,33,96
ALT,2013,1,15,9,-2,81.4,4.3,-4.8,2.82,-2.9,5,0,953.5,166,0.6,1.9,53,0,53,32,30,31,30,270,100,33,96
ALT,2013,1,15,10,-0.6,77.8,4.6,-4,3.01,-1.8,6.9,0,953.6,131,1.9,3.9,98,2,97,58,57,59,56,275,100,33,96
ALT,2013,1,15,11,0.4,73.6,4.6,-3.8,3.02,-1.1,7.9,0,953.5,157,1,3.8,76,0,76,45,44,45,43,280,100,33,96
ALT,2013,1,15,12,0.8,70.9,4.6,-3.9,3.02,-0.9,8.3,0,953.1,175,1.2,2.3,148,54,130,78,76,133,98,283,100,33,96
ALT,2013,1,15,13,1.1,69.3,4.6,-3.9,3.02,-0.7,8.6,0,953.2,315,0.7,1.7,136,82,111,72,70,151,114,282,94,33,96
ALT,2013,1,15,14,1.2,69.3,4.6,-3.8,3.02,-0.6,8.7,0,953.5,339,0.9,1.8,29,0,29,18,17,17,17,280,100,33,96
ALT,2013,1,15,15,1,73.7,4.8,-3.2,3.15,-0.6,8.9,0,953.6,180,1,2,2,0,2,1,1,1,1,279,100,33,96
ALT,2013,1,15,16,0.6,76.6,4.9,-3,3.21,-0.7,8.6,0,954.5,139,1,1.9,0,0,0,0,0,0,0,278,100,33,96
ALT,2013,1,15,17,0.3,86.7,5.4,-1.7,3.54,-0.5,9.1,0.2,954.7,360,0.8,2.9,0,0,0,0,0,0,0,277,100,33,96
ALT,2013,1,15,18,-0.2,94.4,5.7,-1,3.74,-0.5,9.1,0.1,954.8,315,0.8,2.4,0,0,0,0,0,0,0,276,100,33,96
ALT,2013,1,15,19,-0.3,95.4,5.7,-0.9,3.74,-0.5,9,0.1,954.8,148,1,1.6,0,0,0,0,0,0,0,275,100,33,96
ALT,2013,1,15,20,-0.2,93.5,5.6,-1.1,3.67,-0.5,9,0,954.3,170,1.1,1.7,0,0,0,0,0,0,0,274,100,33,96
ALT,2013,1,15,21,-0.4,91.8,5.5,-1.6,3.61,-0.9,8.6,0,954.2,171,1.2,1.8,0,0,0,0,0,0,0,272,100,33,96
ALT,2013,1,15,22,-0.9,94.5,5.4,-1.7,3.54,-1.2,7.9,0,954.4,180,0.7,1.3,0,0,0,0,0,0,0,271,100,33,96
ALT,2013,1,15,23,-0.6,94.2,5.5,-1.4,3.6,-0.9,8.4,0,954.5,146,1.1,1.6,0,0,0,0,0,0,0,270,100,33,96
ALT,2013,1,16,0,-0.4,92.3,5.5,-1.5,3.6,-0.8,8.6,0,954.5,180,1,1.8,0,0,0,0,0,0,0,268,100,32,96
ALT,2013,1,16,1,-0.3,90.9,5.4,-1.6,3.54,-0.8,8.5,0.1,954.6,349,2.2,7.6,0,0,0,0,0,0,0,265,100,32,96
ALT,2013,1,16,2,-0.1,83.3,5,-2.6,3.28,-1,8.1,0,954.4,61,2,7.3,0,0,0,0,0,0,0,263,100,32,96
ALT,2013,1,16,3,-0.4,80.8,4.8,-3.3,3.14,-1.4,7.4,0.1,954.3,342,5.5,10.3,0,0,0,0,0,0,0,260,100,32,96
ALT,2013,1,16,4,-0.7,83.5,4.8,-3.1,3.15,-1.6,7.1,0,954.1,36,2,8.8,0,0,0,0,0,0,0,257,100,32,96
ALT,2013,1,16,5,-0.7,82.8,4.8,-3.3,3.15,-1.6,7.1,0.1,953.9,356,4.5,9.3,0,0,0,0,0,0,0,255,100,32,96
ALT,2013,1,16,6,-0.3,66.3,3.9,-5.8,2.55,-2.2,6.1,0,954,10,5.2,11.5,0,0,0,0,0,0,0,253,100,32,96
ALT,2013,1,16,7,-0.5,64.3,3.8,-6.4,2.49,-2.4,5.7,0,954.4,346,4.3,9,19,0,19,12,12,12,12,252,100,32,96
ALT,2013,1,16,8,-0.8,65.2,3.8,-6.5,2.49,-2.7,5.4,0,954.6,331,5.3,9.4,29,0,29,18,17,18,17,251,100,32,96
ALT,2013,1,16,9,-0.9,65.5,3.8,-6.5,2.49,-2.7,5.3,0,954.5,331,5,8.1,15,0,15,9,8,9,8,250,100,32,96
ALT,2013,1,16,10,-1.1,67.7,3.8,-6.3,2.49,-2.8,5.1,0,954.3,335,5.4,9.4,36,0,36,21,20,21,20,249,100,32,96
ALT,2013,1,16,11,-1,67.4,3.8,-6.3,2.49,-2.7,5.2,0,953.7,330,4.7,7.8,50,0,50,30,29,30,28,248,100,32,96
ALT,2013,1,16,12,-1,66.7,3.8,-6.4,2.49,-2.8,5.2,0,953,332,4.7,8,124,7,122,73,70,79,71,247,100,32,96
ALT,2013,1,16,13,-1.1,66.7,3.8,-6.5,2.49,-2.9,5.1,0,952.6,336,5.8,9.1,108,4,107,64,62,67,63,246,100,32,96
ALT,2013,1,16,14,-1.3,67.5,3.8,-6.5,2.49,-3,4.9,0,952.8,338,6.2,9,18,0,18,11,10,11,10,245,100,32,96
ALT,2013,1,16,15,-1.4,67,3.7,-6.7,2.42,-3.1,4.6,0,953.1,342,6,9.1,12,0,12,8,8,8,8,244,94,32,96
ALT,2013,1,16,16,-1.7,69.9,3.8,-6.5,2.49,-3.2,4.5,0,953.4,348,5.9,9,0,0,0,0,0,0,0,243,100,32,96
ALT,2013,1,16,17,-1.8,69,3.7,-6.7,2.42,-3.4,4.2,0,953.7,357,5.8,9.3,0,0,0,0,0,0,0,242,100,32,96
ALT,2013,1,16,18,-1.9,70.6,3.7,-6.5,2.42,-3.4,4.1,0,954.1,357,5.5,8.8,0,0,0,0,0,0,0,242,100,32,96
ALT,2013,1,16,19,-2,69.4,3.7,-6.8,2.42,-3.5,4,0,954.1,352,5.5,9.3,0,0,0,0,0,0,0,243,100,32,96
ALT,2013,1,16,20,-2.2,70.3,3.6,-6.9,2.36,-3.7,3.6,0,954.3,352,5.5,9.1,0,0,0,0,0,0,0,243,100,32,96
ALT,2013,1,16,21,-2.2,66.2,3.5,-7.6,2.29,-3.9,3.5,0,954.4,328,4.1,8.2,0,0,0,0,0,0,0,244,100,32,96
ALT,2013,1,16,22,-2.4,67,3.4,-7.7,2.22,-4,3.1,0,955,311,3.5,7.5,0,0,0,0,0,0,0,244,100,32,96
ALT,2013,1,16,23,-2.6,75.1,3.8,-6.4,2.48,-3.8,3.6,0,955.4,330,4.8,7.4,0,0,0,0,0,0,0,245,100,32,96
ALT,2013,1,17,0,-2.9,81.1,4,-5.7,2.61,-3.8,3.6,0,955.6,333,4.7,7.9,0,0,0,0,0,0,0,245,100,30,96
ALT,2013,1,17,1,-2.7,73.6,3.7,-6.8,2.42,-4,3.3,0,956,351,5.1,7.9,0,0,0,0,0,0,0,245,100,30,96
ALT,2013,1,17,2,-3,78.3,3.8,-6.2,2.48,-4,3.1,0,956.3,342,4.9,7.8,0,0,0,0,0,0,0,245,100,30,96
ALT,2013,1,17,3,-3.1,77.3,3.7,-6.5,2.41,-4.2,2.9,0,956.8,348,4.8,8.3,0,0,0,0,0,0,0,245,100,30,96
ALT,2013,1,17,4,-3,74.8,3.7,-6.8,2.41,-4.2,3,0,957.2,351,3.7,7.5,0,0,0,0,0,0,0,245,100,30,96
ALT,2013,1,17,5,-3.2,73.6,3.6,-7.2,2.35,-4.4,2.6,0,957.7,14,0.9,4.3,0,0,0,0,0,0,0,244,100,30,96
ALT,2013,1,17,6,-3.2,76.5,3.7,-6.7,2.41,-4.3,2.8,0,958.3,350,3.4,7.1,0,0,0,0,0,0,0,246,100,30,96
ALT,2013,1,17,7,-3,73.9,3.6,-7,2.34,-4.2,2.8,0,958.9,9,2.2,5.4,3,0,3,2,2,2,1,247,100,30,96
ALT,2013,1,17,8,-3,73.6,3.6,-7,2.34,-4.2,2.8,0,959.4,2,2.6,6.3,13,0,13,7,7,7,7,249,100,30,96
ALT,2013,1,17,9,-2.7,70.9,3.5,-7.2,2.28,-4.1,2.9,0,959.7,356,4.3,7.7,16,0,16,9,9,9,9,250,100,30,96
ALT,2013,1,17,10,-2.4,70.3,3.6,-7.1,2.34,-3.9,3.4,0,959.4,347,3.7,8.8,21,0,21,12,12,12,12,251,100,30,96
ALT,2013,1,17,11,-2.4,70.4,3.6,-7,2.34,-3.8,3.4,0,959.2,344,5.2,9.3,20,0,20,11,11,11,11,253,100,30,96
ALT,2013,1,17,12,-2.2,67.4,3.5,-7.4,2.28,-3.8,3.4,0,959.1,340,5.1,9.8,83,1,83,48,46,49,46,254,100,30,96
ALT,2013,1,17,13,-2.1,66.8,3.5,-7.4,2.28,-3.8,3.5,0,959.1,336,6,10.6,33,0,33,19,18,19,18,253,100,30,96
ALT,2013,1,17,14,-2,64.2,3.4,-7.9,2.21,-3.8,3.5,0,959.3,336,6,9.2,14,0,14,8,8,8,8,253,100,30,96
ALT,2013,1,17,15,-2.2,67,3.5,-7.5,2.28,-3.8,3.4,0,959.7,343,5.6,8.9,2,0,2,1,1,1,1,253,100,30,96
ALT,2013,1,17,16,-2.2,65.1,3.4,-7.9,2.21,-4,3.3,0,960.2,343,3.8,7.5,0,0,0,0,0,0,0,253,100,30,96
ALT,2013,1,17,17,-2.4,70.9,3.6,-6.9,2.34,-3.8,3.4,0,960.6,339,3.7,7.8,0,0,0,0,0,0,0,253,100,30,96
ALT,2013,1,17,18,-2.8,77.3,3.8,-6.2,2.47,-3.9,3.3,0,960.8,356,3.2,6.5,0,0,0,0,0,0,0,252,100,30,96
ALT,2013,1,17,19,-3.4,87.2,4.1,-5.2,2.67,-4,3.2,0,960.8,135,1.2,2.8,0,0,0,0,0,0,0,250,100,30,96
ALT,2013,1,17,20,-3.4,85.2,4,-5.5,2.6,-4.1,3,0,961,144,1.4,2.9,0,0,0,0,0,0,0,248,100,30,96
ALT,2013,1,17,21,-3.7,81.3,3.8,-6.4,2.47,-4.5,2.4,0,960.7,168,1.4,2.8,0,0,0,0,0,0,0,246,100,30,96
ALT,2013,1,17,22,-4.3,78,3.5,-7.6,2.28,-5.3,1.3,0,960.3,157,1.4,2.6,0,0,0,0,0,0,0,244,100,30,96
ALT,2013,1,17,23,-4.6,70.2,3,-9.2,1.95,-5.9,0.2,0,959.8,177,1.9,3,0,0,0,0,0,0,0,242,100,30,96
ALT,2013,1,18,0,-4.6,65,2.8,-10.2,1.82,-6.1,-0.1,0,959.4,185,2.4,3.5,0,0,0,0,0,0,0,236,50,33,96
ALT,2013,1,18,1,-5.6,64.8,2.6,-11.2,1.69,-7.1,-1.5,0,959.1,177,2,3.1,0,0,0,0,0,0,0,232,34,33,96
ALT,2013,1,18,2,-5.9,68.1,2.7,-10.8,1.76,-7.2,-1.6,0,958.9,165,1.6,2.6,0,0,0,0,0,0,0,226,80,33,96
ALT,2013,1,18,3,-5.1,70.3,2.9,-9.7,1.89,-6.4,-0.5,0,958.3,171,1.9,3.2,0,0,0,0,0,0,0,217,100,33,96
ALT,2013,1,18,4,-5,77.8,3.3,-8.3,2.15,-6,0.3,0,957.7,170,1.2,2.5,0,0,0,0,0,0,0,227,100,33,96
ALT,2013,1,18,5,-4.8,72.2,3.1,-9,2.02,-6,0.2,0,957,149,3.1,5.8,0,0,0,0,0,0,0,212,41,33,96
ALT,2013,1,18,6,-5.6,66.3,2.7,-10.9,1.76,-7,-1.3,0,956.7,159,3,5.3,0,0,0,0,0,0,0,211,33,33,96
ALT,2013,1,18,7,-6.7,66.9,2.5,-11.8,1.63,-8,-2.7,0,957.1,175,1.1,2.7,14,0,14,14,14,14,14,215,35,33,96
ALT,2013,1,18,8,-7.3,69.5,2.4,-11.9,1.56,-8.4,-3.5,0,957.4,164,1.8,2.9,127,357,49,49,289,335,50,218,19,33,96
ALT,2013,1,18,9,-6,68.6,2.7,-10.8,1.76,-7.3,-1.7,0,957.1,139,2.1,3.3,284,646,94,76,427,656,77,223,31,33,96
ALT,2013,1,18,10,-4.7,63.1,2.7,-10.6,1.76,-6.3,-0.4,0,955.4,153,2.3,4,299,415,148,103,231,515,103,232,75,33,96
ALT,2013,1,18,11,-3.6,58.7,2.7,-10.5,1.77,-5.5,0.8,0,954.1,153,1.1,2.7,435,873,103,101,166,971,162,225,36,33,96
ALT,2013,1,18,12,-2.9,54.5,2.7,-10.8,1.77,-5.1,1.5,0,952.9,323,0.8,3,393,845,88,91,94,906,344,222,13,33,96
ALT,2013,1,18,13,-2.6,60.8,3,-9.1,1.96,-4.5,2.3,0,952.9,264,1.2,2.8,180,307,81,78,79,367,230,221,0,33,96
ALT,2013,1,18,14,-3.5,65.7,3.1,-9,2.03,-5.1,1.5,0,953.1,196,1.6,2.5,41,0,41,52,53,52,53,226,23,33,96
ALT,2013,1,18,15,-4.3,68.5,3,-9.2,1.97,-5.7,0.5,0,952.3,146,1.4,2.2,20,0,20,19,19,19,19,226,48,33,96
ALT,2013,1,18,16,-4.9,72,3.1,-9.2,2.03,-6.1,0.1,0,951.8,166,1.7,2.8,0,0,0,0,0,0,0,226,54,33,96
ALT,2013,1,18,17,-5.4,75.6,3.1,-9,2.03,-6.4,-0.4,0,951.2,167,1.3,2.3,0,0,0,0,0,0,0,222,44,33,96
ALT,2013,1,18,18,-5.7,78.3,3.1,-8.9,2.04,-6.6,-0.7,0,950.2,176,1.3,1.8,0,0,0,0,0,0,0,226,58,33,96
ALT,2013,1,18,19,-5.9,81.4,3.2,-8.6,2.1,-6.7,-0.7,0,949.5,175,1.1,1.9,0,0,0,0,0,0,0,237,78,33,96
ALT,2013,1,18,20,-6.3,83.4,3.2,-8.6,2.1,-6.9,-1.1,0,948.8,152,1.5,2.3,0,0,0,0,0,0,0,244,88,33,96
ALT,2013,1,18,21,-5.9,82.6,3.2,-8.4,2.11,-6.6,-0.7,0,947.9,167,1,2.4,0,0,0,0,0,0,0,253,100,33,96
ALT,2013,1,18,22,-5.5,84.3,3.4,-7.7,2.24,-6.1,0,0,948.2,151,1,2.2,0,0,0,0,0,0,0,258,100,33,96
ALT,2013,1,18,23,-4.4,79.2,3.5,-7.5,2.31,-5.3,1.3,0,947.2,157,1.6,3.4,0,0,0,0,0,0,0,265,100,33,96
ALT,2013,1,19,0,-4.3,77.8,3.5,-7.6,2.31,-5.3,1.4,0,946.9,99,0.8,2.3,0,0,0,0,0,0,0,271,100,36,96
ALT,2013,1,19,1,-3.9,78.6,3.6,-7.1,2.38,-4.9,2,0,946.4,163,1.5,2.3,0,0,0,0,0,0,0,273,100,36,96
ALT,2013,1,19,2,-3.7,79.3,3.7,-6.8,2.44,-4.7,2.3,0,945.4,144,0.9,1.9,0,0,0,0,0,0,0,276,100,36,96
ALT,2013,1,19,3,-3.6,79.6,3.8,-6.6,2.51,-4.5,2.6,0,944.4,141,0.6,1.8,0,0,0,0,0,0,0,277,100,36,96
ALT,2013,1,19,4,-3.1,79.2,3.9,-6.2,2.58,-4.1,3.3,0,943.7,278,1.1,3.7,0,0,0,0,0,0,0,264,78,36,96
ALT,2013,1,19,5,-2.1,80.1,4.2,-5.1,2.78,-3.1,4.8,0,943.9,330,3.3,6.1,0,0,0,0,0,0,0,264,56,36,96
ALT,2013,1,19,6,-2,81.5,4.3,-4.7,2.85,-2.9,5.1,0,943.9,336,2.5,5.6,0,0,0,0,0,0,0,280,94,36,96
ALT,2013,1,19,7,-1.8,81.2,4.3,-4.6,2.85,-2.8,5.3,0,943.5,327,2.8,5.2,11,0,11,7,7,7,7,274,75,36,96
ALT,2013,1,19,8,-1.5,81.9,4.5,-4.2,2.98,-2.4,5.9,0,943.4,330,2.4,5.3,31,0,31,19,19,19,18,272,55,36,96
ALT,2013,1,19,9,-0.7,79.2,4.6,-3.8,3.05,-1.8,6.9,0,942.9,331,3.5,5.8,239,423,110,82,309,469,82,273,45,36,96
ALT,2013,1,19,10,0.1,76.2,4.7,-3.6,3.12,-1.2,7.9,0,942.4,338,5.3,8.2,365,682,117,101,322,773,104,278,43,36,96
ALT,2013,1,19,11,0.5,76.7,4.9,-3.1,3.25,-0.8,8.6,0,941.9,335,4.8,7.3,367,583,143,113,178,705,144,295,75,36,96
ALT,2013,1,19,12,1,73.9,4.8,-3.1,3.19,-0.5,9,0,940.9,333,4.1,6.8,379,684,132,108,110,784,345,282,59,36,96
ALT,2013,1,19,13,1.5,73.5,5,-2.7,3.32,-0.1,9.8,0,940.4,333,3.5,6.3,125,114,87,76,76,185,130,282,56,36,96
ALT,2013,1,19,14,1.6,75.9,5.2,-2.2,3.46,0.1,10.2,0,939.9,336,4.9,7.2,49,0,49,43,42,43,42,290,75,36,96
ALT,2013,1,19,15,1.5,77.2,5.3,-2.1,3.53,0.1,10.3,0,939.6,336,5.2,7.8,8,0,8,5,5,5,5,298,94,36,96
ALT,2013,1,19,16,1.6,79.1,5.4,-1.6,3.6,0.4,10.6,0,939.4,338,5.4,8.8,0,0,0,0,0,0,0,302,100,36,96
ALT,2013,1,19,17,1.8,78.7,5.4,-1.5,3.6,0.5,10.8,0,939.6,342,6.3,11,0,0,0,0,0,0,0,303,100,36,96
ALT,2013,1,19,18,2.2,76.2,5.4,-1.5,3.6,0.7,11.2,0,939.4,342,5.7,9.8,0,0,0,0,0,0,0,304,100,36,96
ALT,2013,1,19,19,2,79.2,5.6,-1.2,3.73,0.7,11.3,0,939.1,343,6.7,13.5,0,0,0,0,0,0,0,304,100,36,96
ALT,2013,1,19,20,3.8,67.7,5.3,-1.6,3.53,1.6,12.7,0,938.3,325,5.4,20.3,0,0,0,0,0,0,0,298,68,36,96
ALT,2013,1,19,21,10,34.6,4.2,-4.9,2.8,4,17.1,0,937.7,149,12.5,24,0,0,0,0,0,0,0,305,100,36,96
ALT,2013,1,19,22,10.3,34.3,4.3,-4.7,2.87,4.2,17.6,0,937.5,153,10.7,22.1,0,0,0,0,0,0,0,306,100,36,96
ALT,2013,1,19,23,9.7,38.9,4.6,-3.6,3.07,4.2,17.5,0,937.2,157,10.5,23.6,0,0,0,0,0,0,0,306,100,36,96
ALT,2013,1,20,0,5.1,62,5.2,-1.6,3.47,2.4,13.8,0,937,339,7.2,17.9,0,0,0,0,0,0,0,307,100,35,96
ALT,2013,1,20,1,2.4,76.4,5.5,-1.3,3.67,0.9,11.6,0,936.8,345,8,14.1,0,0,0,0,0,0,0,307,100,35,96
ALT,2013,1,20,2,6.5,55.9,5,-1.7,3.34,3.1,14.9,0,936,119,8.5,24.9,0,0,0,0,0,0,0,307,100,35,96
ALT,2013,1,20,3,11,34.7,4.6,-4,3.07,4.8,18.8,0,935.9,150,15.4,27.9,0,0,0,0,0,0,0,300,88,35,96
ALT,2013,1,20,4,11.3,35,4.7,-3.6,3.14,5.1,19.3,0,936.5,145,12.9,23.1,0,0,0,0,0,0,0,308,100,35,96
ALT,2013,1,20,5,10.7,38.4,4.9,-2.9,3.27,5,19,0,937.2,159,8.1,18.9,0,0,0,0,0,0,0,294,64,35,96
ALT,2013,1,20,6,9.2,44.1,5,-2.4,3.34,4.3,17.6,0,936.8,144,5.1,19.8,0,0,0,0,0,0,0,291,39,35,96
ALT,2013,1,20,7,6.2,61.4,5.5,-0.7,3.67,3.3,15.4,0,937.2,21,5.6,23.5,19,0,19,16,16,16,15,293,49,35,96
ALT,2013,1,20,8,1.7,82.7,5.7,-0.9,3.8,0.7,11.2,0,938.7,340,8.9,13.9,25,0,25,28,28,28,28,305,75,35,96
ALT,2013,1,20,9,1.4,82.9,5.6,-1.2,3.72,0.4,10.7,0,940.7,336,6.8,11.1,56,24,48,30,43,52,29,309,94,35,96
ALT,2013,1,20,10,1.5,82.7,5.6,-1.1,3.73,0.5,10.8,0,939.9,334,6.2,9.4,388,723,124,104,351,817,107,302,59,35,96
ALT,2013,1,20,11,2.1,80.5,5.7,-0.9,3.79,0.9,11.6,0,940.4,333,5.3,8.3,368,648,117,102,157,750,145,307,64,35,96
ALT,2013,1,20,12,2.7,80.3,5.9,-0.3,3.93,1.5,12.5,0,940.1,334,3.7,6.4,356,638,119,101,103,727,291,306,65,35,96
ALT,2013,1,20,13,2.6,80.7,6,-0.4,3.99,1.4,12.6,0,940.2,336,4.2,7,96,6,94,58,56,64,59,314,100,35,96
ALT,2013,1,20,14,2.5,81.5,6,-0.3,3.99,1.4,12.5,0,940.7,332,4.3,7.3,51,0,51,38,37,38,37,308,66,35,96
ALT,2013,1,20,15,2,84,5.9,-0.4,3.93,1,11.8,0,940.3,331,2.6,5.3,19,0,19,18,18,18,18,298,33,35,96
ALT,2013,1,20,16,1.7,85.5,5.9,-0.5,3.93,0.8,11.5,0,939.9,326,1.9,3.5,0,0,0,0,0,0,0,295,33,35,96
ALT,2013,1,20,17,1.5,86.8,5.9,-0.5,3.93,0.7,11.3,0,940.4,333,2.4,5.7,0,0,0,0,0,0,0,299,58,35,96
ALT,2013,1,20,18,1.5,86.8,5.9,-0.5,3.92,0.7,11.3,0,941.3,345,2.4,7.6,0,0,0,0,0,0,0,298,71,35,96
ALT,2013,1,20,19,1.6,86.9,6,-0.3,3.99,0.8,11.6,0,942.2,335,4.5,8.4,0,0,0,0,0,0,0,292,25,35,96
ALT,2013,1,20,20,1.6,86.4,5.9,-0.4,3.92,0.8,11.4,0,943.2,331,4.8,8.5,0,0,0,0,0,0,0,300,69,35,96
ALT,2013,1,20,21,1.7,85,5.9,-0.5,3.91,0.8,11.5,0,944.3,347,2.4,6.3,0,0,0,0,0,0,0,295,65,35,96
ALT,2013,1,20,22,1.8,85.2,5.9,-0.4,3.91,0.9,11.6,0,944.7,323,1.1,2.9,0,0,0,0,0,0,0,304,75,35,96
ALT,2013,1,20,23,1.6,89.3,6.1,0,4.04,0.9,11.7,0,944.9,252,0.5,1.3,0,0,0,0,0,0,0,301,70,35,96
ALT,2013,1,21,0,1.1,96.3,6.4,0.6,4.24,0.9,11.7,0.1,944.9,169,0.6,1.1,0,0,0,0,0,0,0,312,100,34,96
ALT,2013,1,21,1,1,96.1,6.3,0.4,4.17,0.8,11.4,0.1,945,180,0.3,0.9,0,0,0,0,0,0,0,314,100,34,96
ALT,2013,1,21,2,0.9,96.7,6.3,0.4,4.17,0.7,11.3,0.1,945,225,0.2,0.7,0,0,0,0,0,0,0,314,100,34,96
ALT,2013,1,21,3,1,96,6.3,0.4,4.17,0.8,11.4,0.1,944.9,146,0.4,1,0,0,0,0,0,0,0,311,100,34,96
ALT,2013,1,21,4,1.2,95,6.3,0.5,4.17,0.9,11.6,0,945.1,127,1.1,2.8,0,0,0,0,0,0,0,308,100,34,96
ALT,2013,1,21,5,1.6,93.3,6.4,0.6,4.24,1.2,12.2,0,945.4,135,1.1,2.3,0,0,0,0,0,0,0,310,100,34,96
ALT,2013,1,21,6,1.6,91.7,6.3,0.4,4.17,1.1,12,0.2,945.9,153,1,3.2,0,0,0,0,0,0,0,312,100,34,96
ALT,2013,1,21,7,1.2,93.1,6.2,0.2,4.1,0.8,11.5,0,946.2,333,0.9,4.2,4,0,4,2,2,2,2,313,100,34,96
ALT,2013,1,21,8,1.6,89.1,6.1,0,4.03,0.9,11.7,0,946.5,326,1.2,4.8,49,7,48,29,33,34,28,313,100,34,96
ALT,2013,1,21,9,1.6,86.3,5.9,-0.4,3.9,0.8,11.4,0,946.5,335,1.7,3.5,66,17,61,37,47,53,36,312,100,34,96
ALT,2013,1,21,10,2,84.9,6,-0.3,3.97,1.1,11.9,0,946.3,329,1.2,2.3,92,10,88,54,55,64,51,305,88,34,96
ALT,2013,1,21,11,2.1,84.4,6,-0.3,3.97,1.1,12,0,945.8,340,1.5,3.8,73,2,72,44,42,45,42,295,94,34,96
ALT,2013,1,21,12,2.1,83,5.9,-0.5,3.9,1.1,11.9,0,946.1,335,4.4,8.9,20,0,20,12,12,12,12,311,100,34,96
ALT,2013,1,21,13,2,83,5.8,-0.6,3.83,1,11.6,0,946.6,336,5.6,8.8,14,0,14,9,8,9,8,310,100,34,96
ALT,2013,1,21,14,2.1,80.2,5.7,-0.9,3.77,0.9,11.5,0,947.1,331,3.3,6.9,10,0,10,6,6,6,6,309,100,34,96
ALT,2013,1,21,15,1.9,80.5,5.7,-1.1,3.77,0.7,11.3,0,947.2,318,1.3,3.8,3,0,3,2,1,2,1,309,100,34,96
ALT,2013,1,21,16,1.5,87.2,6,-0.4,3.96,0.7,11.4,0,947.3,149,1.2,2.6,0,0,0,0,0,0,0,308,100,34,96
ALT,2013,1,21,17,1.4,89.3,6,-0.2,3.96,0.8,11.3,0,947.5,153,0.9,2.2,0,0,0,0,0,0,0,307,100,34,96
ALT,2013,1,21,18,1.2,91.1,6,-0.1,3.96,0.7,11.1,0,948,124,0.5,1.2,0,0,0,0,0,0,0,306,100,34,96
ALT,2013,1,21,19,0.9,92.4,6,-0.2,3.96,0.5,10.8,0,948.1,158,0.8,1.8,0,0,0,0,0,0,0,304,100,34,96
ALT,2013,1,21,20,0.9,92.5,6.1,-0.2,4.03,0.5,11,0,948.4,143,1,2.4,0,0,0,0,0,0,0,302,100,34,96
ALT,2013,1,21,21,0.8,93.3,6,-0.2,3.96,0.4,10.7,0,948.3,162,0.6,1.8,0,0,0,0,0,0,0,301,100,34,96
ALT,2013,1,21,22,0.5,94.1,6,-0.3,3.96,0.2,10.4,0,948.6,162,0.8,2.6,0,0,0,0,0,0,0,294,100,34,96
ALT,2013,1,21,23,0.4,94.4,5.9,-0.4,3.89,0.1,10.1,0,949,270,0.6,1.6,0,0,0,0,0,0,0,297,100,34,96
ALT,2013,1,22,0,0.2,94.7,5.9,-0.5,3.89,-0.1,9.9,0,949,135,1,2,0,0,0,0,0,0,0,295,100,32,96
ALT,2013,1,22,1,0.2,94.3,5.8,-0.6,3.82,-0.1,9.7,0,949.7,153,0.8,1.8,0,0,0,0,0,0,0,295,100,32,96
ALT,2013,1,22,2,0.3,94.6,5.9,-0.5,3.89,0,10,0,950.1,148,0.9,1.6,0,0,0,0,0,0,0,294,100,32,96
ALT,2013,1,22,3,0.7,93.4,6,-0.2,3.95,0.3,10.6,0,950.3,153,0.9,1.8,0,0,0,0,0,0,0,294,100,32,96
ALT,2013,1,22,4,0.6,94.8,6,-0.1,3.95,0.3,10.5,0,950.4,153,0.4,1.1,0,0,0,0,0,0,0,293,100,32,96
ALT,2013,1,22,5,0.3,95.6,6,-0.3,3.95,0.1,10.2,0,950.9,146,0.7,1.3,0,0,0,0,0,0,0,292,100,32,96
ALT,2013,1,22,6,0.4,95.4,6,-0.2,3.95,0.2,10.3,0,951.4,153,0.6,1.4,0,0,0,0,0,0,0,293,100,32,96
ALT,2013,1,22,7,0.6,95,6.1,-0.1,4.01,0.3,10.6,0,952,157,0.8,1.6,14,0,14,11,11,11,11,290,100,32,96
ALT,2013,1,22,8,1.1,93.5,6.2,0.2,4.08,0.7,11.3,0,952.5,153,0.8,1.5,38,0,38,24,23,23,23,294,100,32,96
ALT,2013,1,22,9,2,90.9,6.4,0.7,4.21,1.5,12.5,0,952.9,143,0.5,1.4,15,0,15,9,9,9,9,298,100,32,96
ALT,2013,1,22,10,2.8,85.7,6.4,0.6,4.2,1.9,13.3,0,953.2,158,0.6,1.4,57,0,57,34,33,34,32,299,100,32,96
ALT,2013,1,22,11,3.4,78.2,6.1,0,4.01,2,13.4,0,953,342,0.9,2.2,38,0,38,22,22,22,21,298,100,32,96
ALT,2013,1,22,12,3.6,72.4,5.7,-0.9,3.74,1.8,13,0,952.8,331,1,2.3,215,340,91,67,68,394,195,288,75,32,96
ALT,2013,1,22,13,3.6,71.5,5.7,-1.1,3.74,1.7,13,0,952.5,281,0.7,1.6,202,359,82,61,61,394,233,276,66,32,96
ALT,2013,1,22,14,3.6,73.6,5.8,-0.7,3.81,1.8,13.2,0,952.6,270,0.7,1.7,41,0,41,53,53,53,54,270,41,32,96
ALT,2013,1,22,15,2.4,80.6,5.9,-0.6,3.88,1.2,12.1,0,952.8,239,1,1.9,20,0,20,19,19,19,19,255,26,32,96
ALT,2013,1,22,16,1.3,84.8,5.7,-1,3.74,0.4,10.7,0,953.2,156,1.2,2.4,0,0,0,0,0,0,0,251,0,32,96
ALT,2013,1,22,17,1.1,84.8,5.6,-1.2,3.67,0.2,10.3,0,953.6,166,1.2,2.1,0,0,0,0,0,0,0,250,0,32,96
ALT,2013,1,22,18,0.2,86,5.3,-1.9,3.48,-0.6,8.9,0,953.7,171,1.3,2.2,0,0,0,0,0,0,0,247,0,32,96
ALT,2013,1,22,19,-0.6,84.5,4.9,-2.9,3.21,-1.4,7.4,0,954,151,1.5,2.5,0,0,0,0,0,0,0,245,0,32,96
ALT,2013,1,22,20,-0.7,83,4.8,-3.2,3.15,-1.6,7.1,0,953.9,169,1.1,2.1,0,0,0,0,0,0,0,243,0,32,96
ALT,2013,1,22,21,-1.3,84.3,4.7,-3.6,3.08,-2.1,6.4,0,953.9,174,0.9,2,0,0,0,0,0,0,0,241,6,32,96
ALT,2013,1,22,22,-2.3,85,4.4,-4.5,2.88,-3,4.9,0,954.2,169,1,2,0,0,0,0,0,0,0,242,63,32,96
ALT,2013,1,22,23,-2,84.2,4.4,-4.3,2.88,-2.8,5.2,0,954.2,175,1.1,1.7,0,0,0,0,0,0,0,245,65,32,96
ALT,2013,1,23,0,-2.3,83.5,4.3,-4.7,2.82,-3.1,4.7,0,954.1,171,1.3,2.2,0,0,0,0,0,0,0,237,23,30,96
ALT,2013,1,23,1,-2.3,78.3,4,-5.6,2.62,-3.4,4.2,0,954,155,1.6,4.1,0,0,0,0,0,0,0,238,63,30,96
ALT,2013,1,23,2,-2.2,76.8,4,-5.7,2.62,-3.3,4.3,0,953.9,139,1.2,2.3,0,0,0,0,0,0,0,243,78,30,96
ALT,2013,1,23,3,-3.5,84.9,4,-5.7,2.62,-4.2,3,0,953.7,158,0.7,1.6,0,0,0,0,0,0,0,236,68,30,96
ALT,2013,1,23,4,-3.9,86.6,4,-5.8,2.62,-4.5,2.6,0,953.3,157,0.9,1.7,0,0,0,0,0,0,0,236,49,30,96
ALT,2013,1,23,5,-3.6,83.1,3.9,-6,2.56,-4.4,2.7,0,953.1,162,1.3,2.3,0,0,0,0,0,0,0,240,60,30,96
ALT,2013,1,23,6,-3.7,83.4,3.9,-6.1,2.56,-4.5,2.6,0,953.2,168,1.5,2.5,0,0,0,0,0,0,0,235,54,30,96
ALT,2013,1,23,7,-3.1,80.8,3.9,-5.9,2.56,-4,3.2,0,953.2,180,1.1,3,17,0,17,15,15,15,15,233,26,30,96
ALT,2013,1,23,8,-3.3,80,3.9,-6.2,2.56,-4.2,3,0,953.3,140,0.9,3,133,360,49,47,292,330,48,230,6,30,96
ALT,2013,1,23,9,-1,76.5,4.3,-4.6,2.82,-2.2,6,0,953,164,0.8,2,323,804,75,70,501,773,73,238,10,30,96
ALT,2013,1,23,10,1.8,61.3,4.2,-4.8,2.75,-0.6,8.7,0,952.5,326,1.2,3.6,134,214,58,42,128,240,42,247,55,30,96
ALT,2013,1,23,11,2.8,62.6,4.7,-3.6,3.09,0.4,10.5,0,952,333,4,6.3,96,8,93,54,52,62,52,254,71,30,96
ALT,2013,1,23,12,3.4,61.1,4.8,-3.4,3.15,0.8,11.3,0,951.7,330,5.2,8.6,331,653,87,73,75,705,297,257,51,30,96
ALT,2013,1,23,13,2.9,63.9,4.8,-3.2,3.15,0.6,10.8,0,952,331,3.7,6.4,191,295,90,79,79,352,216,254,46,30,96
ALT,2013,1,23,14,2.3,67.3,4.8,-3.1,3.15,0.3,10.2,0,952.5,336,2.8,5.5,41,0,41,53,53,53,54,253,36,30,96
ALT,2013,1,23,15,1.2,72,4.8,-3.3,3.15,-0.5,9.1,0,952.9,297,1.2,3.5,22,0,22,19,19,19,18,254,56,30,96
ALT,2013,1,23,16,-0.2,79.5,4.8,-3.3,3.15,-1.3,7.6,0,953.3,158,0.6,1.2,0,0,0,0,0,0,0,247,54,30,96
ALT,2013,1,23,17,-1.1,83.1,4.7,-3.6,3.08,-2,6.6,0,953.8,180,0.6,1.3,0,0,0,0,0,0,0,251,36,30,96
ALT,2013,1,23,18,-2.2,85.4,4.5,-4.3,2.95,-2.9,5.1,0,954.2,171,1.2,2.1,0,0,0,0,0,0,0,247,58,30,96
ALT,2013,1,23,19,-2,85.6,4.5,-4.1,2.95,-2.7,5.3,0,954.3,163,1.4,2.2,0,0,0,0,0,0,0,261,84,30,96
ALT,2013,1,23,20,-2.1,87.1,4.6,-4,3.01,-2.8,5.4,0,954.1,180,1.1,1.7,0,0,0,0,0,0,0,273,88,30,96
ALT,2013,1,23,21,-3.1,90.8,4.4,-4.4,2.88,-3.5,4,0,954.6,169,0.5,1.1,0,0,0,0,0,0,0,275,100,30,96
ALT,2013,1,23,22,-3.1,91,4.4,-4.4,2.88,-3.5,4,0,954.7,171,0.6,1.2,0,0,0,0,0,0,0,272,94,30,96
ALT,2013,1,23,23,-3,89.8,4.4,-4.4,2.88,-3.5,4.1,0,954.6,166,0.8,1.2,0,0,0,0,0,0,0,273,100,30,96
ALT,2013,1,24,0,-3,90,4.4,-4.4,2.88,-3.5,4.1,0,954.1,167,1,1.4,0,0,0,0,0,0,0,278,100,29,96
ALT,2013,1,24,1,-3.4,89.4,4.3,-4.9,2.82,-3.9,3.6,0,953.9,162,1,1.6,0,0,0,0,0,0,0,275,100,29,96
ALT,2013,1,24,2,-3.7,92.8,4.3,-4.7,2.82,-4,3.3,0,953.6,173,0.8,1.4,0,0,0,0,0,0,0,273,100,29,96
ALT,2013,1,24,3,-3.2,89,4.3,-4.8,2.82,-3.7,3.8,0,953.2,169,1.5,2.3,0,0,0,0,0,0,0,270,100,29,96
ALT,2013,1,24,4,-3.6,90.9,4.2,-4.9,2.75,-4,3.2,0,953,180,0.8,1.7,0,0,0,0,0,0,0,267,100,29,96
ALT,2013,1,24,5,-3.1,87.2,4.2,-4.9,2.75,-3.7,3.7,0,953.4,150,0.9,1.4,0,0,0,0,0,0,0,263,100,29,96
ALT,2013,1,24,6,-2,83.4,4.4,-4.4,2.88,-2.8,5.2,0,954,169,1.1,1.8,0,0,0,0,0,0,0,262,100,29,96
ALT,2013,1,24,7,-1.6,84.5,4.6,-3.9,3.01,-2.4,5.9,0,954.9,162,1.6,2.3,4,0,4,3,2,3,2,264,100,29,96
ALT,2013,1,24,8,-1.1,82.1,4.7,-3.8,3.08,-2.1,6.6,0,955.1,180,1.5,2.4,9,0,9,5,5,5,5,267,100,29,96
ALT,2013,1,24,9,-0.8,82.5,4.8,-3.4,3.14,-1.7,7,0,955.4,121,0.7,2.2,15,0,15,8,8,8,8,269,100,29,96
ALT,2013,1,24,10,-0.2,77.4,4.7,-3.7,3.07,-1.5,7.5,0,955.6,323,1.1,4,54,0,54,31,30,31,30,271,100,29,96
ALT,2013,1,24,11,-0.1,77.3,4.7,-3.6,3.07,-1.4,7.6,0,955.7,348,2.5,4.9,33,0,33,19,18,19,18,273,100,29,96
ALT,2013,1,24,12,0.2,74.1,4.6,-3.9,3.01,-1.3,7.7,0,955.6,14,0.9,2.7,19,0,19,11,10,11,10,274,100,29,96
ALT,2013,1,24,13,0.4,72.8,4.6,-3.9,3.01,-1.1,7.9,0,955.5,315,0.6,2,64,0,64,40,39,40,39,271,100,29,96
ALT,2013,1,24,14,0.3,72.1,4.5,-4.1,2.94,-1.3,7.6,0,955.9,334,3,4.8,19,0,19,11,11,11,11,267,94,29,96
ALT,2013,1,24,15,0.4,68.4,4.3,-4.7,2.81,-1.4,7.4,0,956.6,332,2.6,4.7,5,0,5,3,3,3,3,266,100,29,96
ALT,2013,1,24,16,0.5,70,4.4,-4.3,2.87,-1.2,7.7,0,957.5,360,0.9,2.9,0,0,0,0,0,0,0,264,100,29,96
ALT,2013,1,24,17,0.6,68.6,4.3,-4.5,2.8,-1.2,7.6,0,958.1,63,0.5,1.7,0,0,0,0,0,0,0,261,100,29,96
ALT,2013,1,24,18,0.3,71.3,4.5,-4.3,2.93,-1.3,7.6,0,958.8,72,0.3,1.1,0,0,0,0,0,0,0,259,100,29,96
ALT,2013,1,24,19,0.3,72,4.5,-4.1,2.93,-1.3,7.6,0,959.3,146,0.6,1.6,0,0,0,0,0,0,0,257,100,29,96
ALT,2013,1,24,20,0.1,74.2,4.6,-3.9,3,-1.3,7.6,0,959.6,143,0.7,1.3,0,0,0,0,0,0,0,255,100,29,96
ALT,2013,1,24,21,0.6,65.8,4.2,-5,2.73,-1.4,7.4,0,960.2,341,2.5,5,0,0,0,0,0,0,0,254,100,29,96
ALT,2013,1,24,22,0.4,67.1,4.2,-5,2.73,-1.5,7.2,0,960.6,343,3.7,6.5,0,0,0,0,0,0,0,252,100,29,96
ALT,2013,1,24,23,0.2,68.8,4.3,-4.8,2.8,-1.5,7.2,0,960.9,350,3.5,6.1,0,0,0,0,0,0,0,250,100,29,96
ALT,2013,1,25,0,0.3,64.1,4,-5.7,2.6,-1.7,6.8,0,961.3,332,4.3,7.4,0,0,0,0,0,0,0,249,100,28,96
ALT,2013,1,25,1,0.3,63.1,3.9,-5.9,2.53,-1.8,6.6,0,961.6,340,3.7,6.5,0,0,0,0,0,0,0,248,100,28,96
ALT,2013,1,25,2,0.2,61.7,3.8,-6.3,2.47,-2,6.3,0,961.7,341,2.5,4.5,0,0,0,0,0,0,0,247,100,28,96
ALT,2013,1,25,3,0.2,60,3.7,-6.6,2.4,-2.1,6.2,0,961.7,335,2.4,4.6,0,0,0,0,0,0,0,246,100,28,96
ALT,2013,1,25,4,0.3,56.3,3.5,-7.4,2.27,-2.2,6,0,961.9,323,2,4.7,0,0,0,0,0,0,0,245,100,28,96
ALT,2013,1,25,5,-0.2,58.5,3.5,-7.3,2.27,-2.5,5.5,0,962.2,180,0.9,1.8,0,0,0,0,0,0,0,244,100,28,96
ALT,2013,1,25,6,-0.2,55.9,3.4,-7.9,2.2,-2.6,5.3,0,962.8,204,1.2,2.3,0,0,0,0,0,0,0,244,100,28,96
ALT,2013,1,25,7,-0.3,59.3,3.5,-7.3,2.27,-2.6,5.3,0,962.9,167,0.9,1.9,4,0,4,2,2,2,2,246,100,28,96
ALT,2013,1,25,8,-0.1,59.4,3.6,-7.1,2.33,-2.4,5.7,0,963,309,0.9,3.2,14,0,14,8,8,8,8,248,100,28,96
ALT,2013,1,25,9,0,64.6,4,-5.9,2.59,-2,6.5,0,963.2,339,1.7,3.2,16,0,16,9,9,9,9,250,100,28,96
ALT,2013,1,25,10,0.1,64.7,4,-5.7,2.59,-1.9,6.6,0,963.6,344,1.4,3.8,19,0,19,11,10,11,10,252,100,28,96
ALT,2013,1,25,11,0.2,63.1,3.9,-6,2.53,-1.9,6.5,0,963.4,336,1.2,3.1,20,0,20,12,11,11,11,253,100,28,96
ALT,2013,1,25,12,0.3,64.5,4,-5.6,2.59,-1.7,6.8,0,963.3,342,2.2,3.5,19,0,19,11,10,11,10,254,100,28,96
ALT,2013,1,25,13,0.2,67.8,4.2,-5,2.72,-1.6,7,0,963.1,337,3.6,6.3,17,0,17,10,9,9,9,252,100,28,96
ALT,2013,1,25,14,0.1,70.8,4.4,-4.6,2.85,-1.5,7.2,0,963.2,335,3.6,5.7,10,0,10,6,6,6,5,250,100,28,96
ALT,2013,1,25,15,0,71.5,4.4,-4.5,2.85,-1.6,7.1,0,963.1,331,2.5,4,4,0,4,2,2,2,2,247,100,28,96
ALT,2013,1,25,16,-0.1,71,4.3,-4.7,2.79,-1.7,6.8,0,963.1,328,1.5,3.9,0,0,0,0,0,0,0,245,100,28,96
ALT,2013,1,25,17,-0.1,70.6,4.3,-4.8,2.79,-1.7,6.8,0,963.1,324,0.9,1.8,0,0,0,0,0,0,0,243,100,28,96
ALT,2013,1,25,18,-0.7,76.9,4.5,-4.2,2.92,-1.9,6.6,0,962.9,164,0.8,1.3,0,0,0,0,0,0,0,239,100,28,96
ALT,2013,1,25,19,-1.2,62.5,3.5,-7.4,2.27,-3.2,4.4,0,962.6,170,1.8,3,0,0,0,0,0,0,0,236,100,28,96
ALT,2013,1,25,20,-2.3,59.8,3.1,-9,2.01,-4.3,2.7,0,961.9,165,2.4,6.5,0,0,0,0,0,0,0,232,100,28,96
ALT,2013,1,25,21,-2.9,61.5,3,-9.3,1.95,-4.8,1.9,0,961,150,2.5,5.3,0,0,0,0,0,0,0,227,100,28,96
ALT,2013,1,25,22,-3.5,64.6,3.1,-9.2,2.01,-5.1,1.5,0,960.2,159,0.9,2.1,0,0,0,0,0,0,0,223,100,28,96
ALT,2013,1,25,23,-4.1,64.5,2.9,-9.8,1.89,-5.7,0.5,0,959.7,169,0.6,1.7,0,0,0,0,0,0,0,219,100,28,96
ALT,2013,1,26,0,-5.2,72.1,3,-9.4,1.95,-6.4,-0.4,0,959.1,165,1.6,2.7,0,0,0,0,0,0,0,201,0,28,96
ALT,2013,1,26,1,-4.8,68.2,2.9,-9.8,1.89,-6.2,-0.2,0,958.1,140,2.5,4,0,0,0,0,0,0,0,200,0,28,96
ALT,2013,1,26,2,-5.4,72.6,3,-9.5,1.96,-6.5,-0.6,0,957.4,159,1.1,3.6,0,0,0,0,0,0,0,199,0,28,96
ALT,2013,1,26,3,-6.7,80.2,3,-9.5,1.95,-7.5,-1.9,0,957.8,156,1.1,2,0,0,0,0,0,0,0,198,0,28,96
ALT,2013,1,26,4,-6.4,76.3,2.9,-9.9,1.89,-7.3,-1.8,0,958.7,162,1.9,2.8,0,0,0,0,0,0,0,198,20,28,96
ALT,2013,1,26,5,-6.1,75.9,2.9,-9.7,1.89,-7.1,-1.5,0,959,142,1.7,3.2,0,0,0,0,0,0,0,197,10,28,96
ALT,2013,1,26,6,-6.1,74,2.9,-10,1.89,-7.1,-1.5,0,959.5,175,1.2,2.7,0,0,0,0,0,0,0,197,6,28,96
ALT,2013,1,26,7,-6.7,79.7,3,-9.6,1.95,-7.5,-1.9,0,960.6,174,1,1.6,19,0,19,18,18,18,17,201,16,28,96
ALT,2013,1,26,8,-5.8,73.9,2.9,-9.7,1.88,-6.9,-1.2,0,960.5,146,1.5,2.7,181,541,57,48,431,462,49,208,19,28,96
ALT,2013,1,26,9,-3.9,67.3,3.1,-9.1,2.02,-5.4,1.1,0,959.3,164,1.8,3,311,648,105,73,441,651,75,212,13,28,96
ALT,2013,1,26,10,-2,57.7,3,-9.2,1.95,-4.1,2.8,0,959.4,338,1.2,4.1,410,811,98,84,354,859,87,214,6,28,96
ALT,2013,1,26,11,-0.5,59.8,3.5,-7.3,2.28,-2.7,5.2,0,960.2,330,3.6,7.7,446,843,101,90,157,918,143,220,29,28,96
ALT,2013,1,26,12,0.4,62.1,3.9,-6,2.53,-1.8,6.7,0,961.2,328,4.1,8.1,442,912,85,85,88,952,352,221,13,28,96
ALT,2013,1,26,13,0.3,62.6,3.9,-6,2.53,-1.8,6.6,0,962.2,330,2,6.2,199,377,67,72,74,419,254,222,36,28,96
ALT,2013,1,26,14,-0.1,65.6,4,-5.8,2.59,-2,6.4,0,963.4,270,0.9,2.1,52,0,52,54,54,54,54,223,64,28,96
ALT,2013,1,26,15,-0.5,68.5,4,-5.6,2.59,-2.2,6,0,963,185,1.2,2.4,22,0,22,13,12,13,12,224,84,28,96
ALT,2013,1,26,16,-1.1,68.7,3.9,-6.1,2.53,-2.7,5.2,0,963,168,1.5,2.8,0,0,0,0,0,0,0,219,33,28,96
ALT,2013,1,26,17,-2.1,72.8,3.8,-6.3,2.46,-3.5,4,0,963.5,90,0.5,2,0,0,0,0,0,0,0,218,38,28,96
ALT,2013,1,26,18,-3.3,78.6,3.8,-6.5,2.46,-4.3,2.8,0,963.7,166,0.8,2.4,0,0,0,0,0,0,0,221,64,28,96
ALT,2013,1,26,19,-3.4,77.5,3.7,-6.8,2.4,-4.5,2.5,0,964.5,157,1.1,2.8,0,0,0,0,0,0,0,233,100,28,96
ALT,2013,1,26,20,-3.2,75.4,3.6,-6.9,2.33,-4.4,2.6,0,964.8,157,2.1,3.3,0,0,0,0,0,0,0,234,81,28,96
ALT,2013,1,26,21,-3.2,74.8,3.6,-7,2.33,-4.4,2.6,0,965.6,150,1,2.1,0,0,0,0,0,0,0,233,58,28,96
ALT,2013,1,26,22,-3.9,75.2,3.5,-7.6,2.26,-5,1.7,0,965.7,150,2,3.6,0,0,0,0,0,0,0,232,50,28,96
ALT,2013,1,26,23,-3.7,73,3.4,-7.8,2.2,-4.9,1.7,0,965.2,148,1.3,3.7,0,0,0,0,0,0,0,235,53,28,96
ALT,2013,1,27,0,-4.3,76.6,3.4,-7.8,2.2,-5.3,1.1,0,964.3,146,0.5,2.2,0,0,0,0,0,0,0,255,100,29,96
ALT,2013,1,27,1,-4.2,76.8,3.4,-7.7,2.2,-5.2,1.2,0,964.3,157,0.8,1.8,0,0,0,0,0,0,0,243,39,29,96
ALT,2013,1,27,2,-4.5,76.4,3.3,-8,2.14,-5.5,0.8,0,964.6,156,1.3,2.4,0,0,0,0,0,0,0,245,41,29,96
ALT,2013,1,27,3,-4.3,73.5,3.2,-8.3,2.07,-5.5,0.8,0,964.5,137,2.1,3.4,0,0,0,0,0,0,0,242,36,29,96
ALT,2013,1,27,4,-4.2,72.7,3.3,-8.4,2.14,-5.4,1.1,0,963.3,162,1.8,3.2,0,0,0,0,0,0,0,238,19,29,96
ALT,2013,1,27,5,-4.3,72.7,3.2,-8.5,2.07,-5.5,0.8,0,962.7,135,0.3,1.5,0,0,0,0,0,0,0,244,33,29,96
ALT,2013,1,27,6,-5.6,81.7,3.3,-8.2,2.14,-6.3,-0.3,0,962,162,1.4,1.9,0,0,0,0,0,0,0,267,90,29,96
ALT,2013,1,27,7,-4.1,76,3.4,-7.7,2.21,-5.2,1.3,0,961.6,166,0.9,2.1,12,0,12,7,7,7,7,270,88,29,96
ALT,2013,1,27,8,-2.6,71.1,3.6,-7.1,2.34,-4,3.2,0,961.4,217,0.7,1.8,150,338,75,50,295,305,50,265,50,29,96
ALT,2013,1,27,9,-0.4,63.8,3.8,-6.4,2.47,-2.4,5.7,0,961.1,151,1.3,2.6,219,306,126,80,262,345,79,272,59,29,96
ALT,2013,1,27,10,1.6,56.5,3.9,-6.1,2.54,-1,7.9,0,959.7,153,1.3,2.4,111,11,107,62,65,72,59,286,94,29,96
ALT,2013,1,27,11,3.1,43.5,3.3,-8.1,2.15,-0.6,8.5,0,958.5,146,0.8,2.6,428,768,110,96,150,852,149,285,45,29,96
ALT,2013,1,27,12,3.9,47.7,3.8,-6.2,2.48,0.3,10.1,0,958.2,330,1.8,5,169,69,142,83,80,154,105,298,100,29,96
ALT,2013,1,27,13,3.8,53.2,4.3,-4.8,2.81,0.6,10.8,0,957.3,338,1.1,3.5,20,0,20,12,11,12,11,305,100,29,96
ALT,2013,1,27,14,3.8,55.7,4.5,-4.2,2.94,0.8,11.2,0,957.6,325,3.4,7.1,37,0,37,21,20,21,20,304,100,29,96
ALT,2013,1,27,15,3.5,56.4,4.5,-4.3,2.94,0.6,10.9,0,957.3,351,1.1,3.8,4,0,4,2,2,2,2,307,100,29,96
ALT,2013,1,27,16,2.8,61.6,4.6,-3.8,3,0.3,10.3,0,957,149,1.2,2.9,0,0,0,0,0,0,0,308,100,29,96
ALT,2013,1,27,17,2.5,64.5,4.7,-3.5,3.07,0.3,10.2,0,958.1,135,1.1,2.2,0,0,0,0,0,0,0,309,100,29,96
ALT,2013,1,27,18,2.6,63.4,4.7,-3.6,3.07,0.3,10.3,0,958.1,141,1.6,4.3,0,0,0,0,0,0,0,309,100,29,96
ALT,2013,1,27,19,2.6,63.6,4.7,-3.6,3.07,0.3,10.3,0,957.7,180,0.8,2.1,0,0,0,0,0,0,0,310,100,29,96
ALT,2013,1,27,20,2.1,69.5,4.9,-2.9,3.2,0.2,10.1,0,956.8,169,0.9,2.4,0,0,0,0,0,0,0,310,100,29,96
ALT,2013,1,27,21,2.8,66.5,5,-2.8,3.27,0.7,11,0,957,315,1,3.8,0,0,0,0,0,0,0,310,100,29,96
ALT,2013,1,27,22,2.3,73,5.3,-2,3.46,0.6,11,0,957.4,164,0.9,2.2,0,0,0,0,0,0,0,300,81,29,96
ALT,2013,1,27,23,2,78.2,5.5,-1.4,3.59,0.7,11,0.7,958.4,135,0.8,2.7,0,0,0,0,0,0,0,300,81,29,96
ALT,2013,1,28,0,1.2,91.6,6.1,0,3.98,0.7,11.1,0.9,959,159,1.5,2.8,0,0,0,0,0,0,0,311,100,28,96
ALT,2013,1,28,1,0.9,94.7,6.2,0.1,4.05,0.6,11,0.6,959.4,132,1.3,2.3,0,0,0,0,0,0,0,311,100,28,96
ALT,2013,1,28,2,0.5,97.4,6.2,0.1,4.04,0.3,10.6,1.2,959.9,180,0.4,1.2,0,0,0,0,0,0,0,312,100,28,96
ALT,2013,1,28,3,0.4,98,6.2,0.1,4.04,0.3,10.5,1,960.7,0,0.2,0.6,0,0,0,0,0,0,0,312,100,28,96
ALT,2013,1,28,4,0.6,96.8,6.2,0.2,4.04,0.4,10.7,1.1,961.5,150,0.9,1.4,0,0,0,0,0,0,0,313,100,28,96
ALT,2013,1,28,5,0.8,96,6.2,0.2,4.03,0.6,10.9,0.7,962.4,149,1.1,3.9,0,0,0,0,0,0,0,313,100,28,96
ALT,2013,1,28,6,1.2,94.4,6.3,0.4,4.1,0.9,11.4,1.1,963.2,129,1.5,2.8,0,0,0,0,0,0,0,314,100,28,96
ALT,2013,1,28,7,1.3,94.3,6.3,0.5,4.09,1,11.5,0.4,964.3,166,1.2,2.4,12,0,12,7,7,7,7,313,100,28,96
ALT,2013,1,28,8,1.5,94.6,6.5,0.7,4.22,1.2,12,0.1,964.8,141,1,2.3,15,0,15,8,8,8,8,312,100,28,96
ALT,2013,1,28,9,1.5,95.6,6.5,0.9,4.22,1.3,12,0.2,965.5,141,0.7,1.2,30,0,30,17,16,17,16,312,100,28,96
ALT,2013,1,28,10,1.8,95.4,6.6,1.1,4.28,1.5,12.5,0,966.5,162,0.7,2,88,0,88,50,48,50,47,312,100,28,96
ALT,2013,1,28,11,2.8,91.7,6.9,1.6,4.47,2.3,14,0,966.7,162,0.9,2,131,4,129,74,72,77,70,312,100,28,96
ALT,2013,1,28,12,3.4,89.2,7,1.8,4.54,2.7,14.8,0,967,156,1.2,2.5,258,260,157,94,92,352,196,305,81,28,96
ALT,2013,1,28,13,4.1,86.3,7.1,2,4.6,3.2,15.6,0,967.6,180,1.1,2.2,190,272,93,80,80,329,215,279,29,28,96
ALT,2013,1,28,14,3.1,91,7,1.8,4.53,2.5,14.5,0,968.1,202,1,1.8,91,183,45,53,54,195,179,274,13,28,96
ALT,2013,1,28,15,2.4,93.4,6.8,1.4,4.4,2,13.4,0,968.7,175,1.2,2.8,24,0,24,24,24,24,24,270,19,28,96
ALT,2013,1,28,16,1.9,94.1,6.6,1.1,4.26,1.6,12.6,0,969.3,141,1.3,2.9,0,0,0,0,0,0,0,265,0,28,96
ALT,2013,1,28,17,0.8,95.5,6.2,0.2,4,0.6,10.8,0,970.1,159,1,2.3,0,0,0,0,0,0,0,262,19,28,96
ALT,2013,1,28,18,0.6,95,6.1,-0.1,3.93,0.3,10.4,0,970.6,174,1.1,1.9,0,0,0,0,0,0,0,262,25,28,96
ALT,2013,1,28,19,0.3,95.9,6,-0.3,3.87,0.1,10,0,970.8,151,1.1,2.3,0,0,0,0,0,0,0,276,66,28,96
ALT,2013,1,28,20,0.2,94.5,5.8,-0.6,3.74,-0.1,9.5,0,971.3,167,1,2.3,0,0,0,0,0,0,0,283,84,28,96
ALT,2013,1,28,21,-0.3,93.4,5.6,-1.2,3.61,-0.6,8.7,0,970,166,1.3,3.1,0,0,0,0,0,0,0,287,94,28,96
ALT,2013,1,28,22,-0.4,91.9,5.5,-1.6,3.55,-0.9,8.4,0,970,124,0.7,1.8,0,0,0,0,0,0,0,292,94,28,96
ALT,2013,1,28,23,-0.5,91.9,5.4,-1.7,3.48,-1,8.2,0,970.3,166,0.8,2.5,0,0,0,0,0,0,0,288,88,28,96
ALT,2013,1,29,0,-0.5,92,5.4,-1.6,3.48,-0.9,8.2,0,971,138,1.4,1.9,0,0,0,0,0,0,0,292,94,28,96
ALT,2013,1,29,1,0.6,88.7,5.7,-1,3.67,0,9.8,0,970.7,133,2.7,5.9,0,0,0,0,0,0,0,299,94,28,96
ALT,2013,1,29,2,1.5,82.3,5.6,-1.2,3.61,0.4,10.5,0,970.1,163,1.8,5.1,0,0,0,0,0,0,0,293,90,28,96
ALT,2013,1,29,3,1.3,85.4,5.7,-0.9,3.67,0.4,10.5,0,970.8,189,1.5,3.8,0,0,0,0,0,0,0,297,100,28,96
ALT,2013,1,29,4,1.1,88.1,5.8,-0.6,3.74,0.4,10.4,0,971.5,140,1.1,3.2,0,0,0,0,0,0,0,297,94,28,96
ALT,2013,1,29,5,1.8,82,5.7,-0.9,3.68,0.7,11,0,970.4,158,2.2,4.8,0,0,0,0,0,0,0,283,56,28,96
ALT,2013,1,29,6,1.9,82.1,5.8,-0.8,3.74,0.8,11.3,0,969.4,150,1.5,4.2,0,0,0,0,0,0,0,289,75,28,96
ALT,2013,1,29,7,1.3,85.5,5.7,-0.9,3.68,0.4,10.5,0,969.5,162,0.8,2.4,20,0,20,11,11,11,11,298,84,28,96
ALT,2013,1,29,8,2.1,83.5,5.9,-0.4,3.81,1.1,11.6,0,969.8,148,1.3,3.9,16,0,16,9,8,9,8,308,100,28,96
ALT,2013,1,29,9,3.6,75.2,6,-0.4,3.87,2,13.3,0,969.1,132,1.7,4.3,72,6,70,40,42,45,38,312,100,28,96
ALT,2013,1,29,10,4.5,72.4,6.1,0,3.94,2.6,14.4,0,970.2,329,0.8,3,24,0,24,14,13,14,13,317,100,28,96
ALT,2013,1,29,11,4.9,71.3,6.1,0.1,3.94,2.9,14.8,0,969.8,143,1.2,2.9,21,0,21,12,11,12,11,321,100,28,96
ALT,2013,1,29,12,5.4,69.1,6.2,0.2,4,3.2,15.5,0,970.4,288,0.4,1.8,19,0,19,11,10,11,10,324,100,28,96
ALT,2013,1,29,13,5.8,70.7,6.5,0.9,4.2,3.7,16.4,0,969.6,135,0.9,2.3,16,0,16,9,9,9,8,325,100,28,96
ALT,2013,1,29,14,5.9,69.3,6.4,0.7,4.13,3.6,16.3,0,970.1,164,0.8,2.2,10,0,10,6,6,6,5,326,100,28,96
ALT,2013,1,29,15,4.8,83.5,7.2,2.2,4.65,3.6,16.5,0.6,970.7,173,1.6,3.4,4,0,4,2,2,2,2,327,100,28,96
ALT,2013,1,29,16,4.1,89.4,7.3,2.5,4.71,3.4,15.9,1.6,971.4,135,1.1,2.6,0,0,0,0,0,0,0,328,100,28,96
ALT,2013,1,29,17,3.8,94.1,7.5,2.9,4.84,3.4,15.9,1.2,971.3,174,1,2.5,0,0,0,0,0,0,0,329,100,28,96
ALT,2013,1,29,18,3.6,95.4,7.6,2.9,4.9,3.3,15.9,1.6,971.4,124,0.3,2.1,0,0,0,0,0,0,0,329,100,28,96
ALT,2013,1,29,19,3.5,96.3,7.6,3,4.9,3.3,15.8,0.7,971.4,225,1.1,2.7,0,0,0,0,0,0,0,329,100,28,96
ALT,2013,1,29,20,3.4,97.4,7.6,3,4.9,3.2,15.7,0.8,971.5,146,0.8,1.9,0,0,0,0,0,0,0,325,100,28,96
ALT,2013,1,29,21,3.6,96.9,7.7,3.2,4.97,3.4,16.1,0.1,971,214,1.1,2.8,0,0,0,0,0,0,0,321,94,28,96
ALT,2013,1,29,22,3.5,97.2,7.6,3.1,4.91,3.3,15.8,0,971.1,146,0.9,2.7,0,0,0,0,0,0,0,319,71,28,96
ALT,2013,1,29,23,3.5,97.2,7.6,3.1,4.91,3.3,15.8,0,970.9,153,0.7,2.2,0,0,0,0,0,0,0,313,60,28,96
ALT,2013,1,30,0,3,97.7,7.4,2.7,4.78,2.9,15,0,970.6,198,0.8,2.7,0,0,0,0,0,0,0,311,41,28,96
ALT,2013,1,30,1,2.4,97.9,7.1,2.1,4.58,2.3,13.9,0,971.3,166,1.2,3.5,0,0,0,0,0,0,0,311,64,28,96
ALT,2013,1,30,2,2.9,96.9,7.3,2.5,4.71,2.7,14.7,0,970.8,141,1.5,2.8,0,0,0,0,0,0,0,306,45,28,96
ALT,2013,1,30,3,2.2,97.7,7,1.9,4.52,2.1,13.5,0,970.6,158,0.8,2.2,0,0,0,0,0,0,0,300,33,28,96
ALT,2013,1,30,4,1.5,98.1,6.7,1.2,4.32,1.4,12.3,0,970.5,165,1.3,3.2,0,0,0,0,0,0,0,291,54,28,96
ALT,2013,1,30,5,1.1,97.8,6.5,0.8,4.19,1,11.6,0,970.3,159,0.9,1.8,0,0,0,0,0,0,0,297,56,28,96
ALT,2013,1,30,6,2.1,96.4,6.9,1.6,4.46,1.9,13.2,0,970.2,159,1.4,3.3,0,0,0,0,0,0,0,306,70,28,96
ALT,2013,1,30,7,1.4,97.3,6.6,1,4.26,1.2,12,0,970.6,135,0.8,2.5,25,0,25,18,18,18,18,308,68,28,96
ALT,2013,1,30,8,2.2,96.4,6.9,1.7,4.45,2,13.3,0,970.3,165,1.2,2.8,178,488,60,49,398,419,50,300,39,28,96
ALT,2013,1,30,9,5.2,93,8.2,4.2,5.3,4.7,18.5,0,970.6,167,0.9,2.3,270,454,123,80,350,477,80,301,45,28,96
ALT,2013,1,30,10,7.1,88.2,8.9,5.3,5.76,6.2,21.6,0,969.2,172,2.3,4.5,419,817,91,86,359,855,89,283,26,28,96
ALT,2013,1,30,11,10.5,74.6,9.5,6.2,6.16,8.3,26.1,0,968.1,167,1.6,5.1,446,847,85,89,151,905,137,277,6,28,96
ALT,2013,1,30,12,11.5,70.4,9.6,6.3,6.24,8.8,27.3,0,967.1,231,0.8,2.7,404,737,102,87,90,793,309,296,39,28,96
ALT,2013,1,30,13,12.4,66.2,9.5,6.3,6.17,9.2,28,0,966.7,194,1.4,3.8,72,35,59,34,33,69,51,321,78,28,96
ALT,2013,1,30,14,10.8,72.1,9.3,6,6.04,8.3,26.1,0,966.3,329,1.8,5.4,63,0,63,38,37,38,36,321,88,28,96
ALT,2013,1,30,15,10.2,74.3,9.3,5.8,6.05,8,25.5,0,965,270,1.2,3.9,7,0,7,4,4,4,4,343,100,28,96
ALT,2013,1,30,16,9.3,77.4,9.1,5.6,5.92,7.4,24.3,0,964.9,158,1.2,3.7,0,0,0,0,0,0,0,342,100,28,96
ALT,2013,1,30,17,8.6,81.2,9.1,5.6,5.92,7.1,23.5,0,965.8,151,1.3,4,0,0,0,0,0,0,0,342,100,28,96
ALT,2013,1,30,18,7.9,87.6,9.4,6,6.11,6.9,23.3,0.3,966.9,148,1.4,4.2,0,0,0,0,0,0,0,341,100,28,96
ALT,2013,1,30,19,8,90.4,9.7,6.5,6.3,7.2,23.9,0.5,967.3,146,1.5,3.8,0,0,0,0,0,0,0,339,100,28,96
ALT,2013,1,30,20,7.4,94.2,9.7,6.5,6.3,6.9,23.3,0.6,967.6,153,1.2,3.2,0,0,0,0,0,0,0,337,100,28,96
ALT,2013,1,30,21,8,92.1,9.8,6.8,6.36,7.4,24,1.8,968.9,360,1.6,10.6,0,0,0,0,0,0,0,336,100,28,96
ALT,2013,1,30,22,9.7,74.8,9,5.5,5.82,7.6,24.4,1.4,970.8,355,10,23.2,0,0,0,0,0,0,0,334,100,28,96
ALT,2013,1,30,23,8.8,70.7,8,3.8,5.16,6.4,21.8,1.8,972.3,356,8.7,19.5,0,0,0,0,0,0,0,333,100,28,96
ALT,2013,1,31,0,8,74.7,8,3.8,5.16,6,21,0,973.1,153,2.7,11.4,0,0,0,0,0,0,0,318,88,30,96
ALT,2013,1,31,1,6.1,84.7,7.9,3.7,5.09,5,18.9,0,973.6,172,2.3,5.6,0,0,0,0,0,0,0,285,45,30,96
ALT,2013,1,31,2,4.1,92.2,7.6,3,4.89,3.6,16.4,0,974,155,2.2,4,0,0,0,0,0,0,0,287,35,30,96
ALT,2013,1,31,3,3.9,90.5,7.3,2.5,4.7,3.3,15.7,0,973.4,135,1.8,3.3,0,0,0,0,0,0,0,264,0,30,96
ALT,2013,1,31,4,2.7,93.8,7,1.8,4.5,2.3,14,0,973.7,166,1.3,2.8,0,0,0,0,0,0,0,258,0,30,96
ALT,2013,1,31,5,2.4,91.9,6.7,1.2,4.31,1.9,13.2,0,973.1,172,1.6,2.8,0,0,0,0,0,0,0,252,0,30,96
ALT,2013,1,31,6,1.8,92.4,6.4,0.7,4.12,1.3,12.1,0,972.7,163,1.1,3.1,0,0,0,0,0,0,0,249,0,30,96
ALT,2013,1,31,7,1.3,92.8,6.2,0.3,3.99,0.9,11.3,0,972.9,180,0.6,2.1,27,0,27,26,26,26,26,256,29,30,96
ALT,2013,1,31,8,1.1,92.9,6.1,0.1,3.92,0.7,10.9,0,973.4,163,1.1,2,182,467,66,54,392,409,55,267,33,30,96
ALT,2013,1,31,9,4.3,80.8,6.7,1.3,4.31,3,15.1,0,972.8,131,2.1,4.2,336,711,96,78,479,698,80,267,19,30,96
ALT,2013,1,31,10,6.4,72.8,7,1.9,4.51,4.4,17.7,0,972.6,162,1.5,3.3,429,800,106,94,374,852,97,273,41,30,96
ALT,2013,1,31,11,8,61.2,6.5,1,4.19,4.9,18.6,0,971.2,217,1,2.7,464,809,115,102,168,896,154,282,45,30,96
ALT,2013,1,31,12,8.4,62.9,6.9,1.8,4.45,5.4,19.6,0,970.5,321,0.9,3.6,392,588,147,103,104,686,293,280,54,30,96
ALT,2013,1,31,13,8.4,64.8,7.1,2.2,4.58,5.5,20,0,970.5,320,1,2.4,273,431,116,87,88,486,313,284,64,30,96
ALT,2013,1,31,14,8.1,65.6,7.1,2.1,4.59,5.3,19.7,0,969.8,153,1.6,3.8,101,10,99,60,58,68,65,307,100,30,96
ALT,2013,1,31,15,7.8,65,6.9,1.6,4.46,5,19.1,0,968.9,156,1.4,4.6,16,0,16,9,9,9,9,323,100,30,96
ALT,2013,1,31,16,6.9,68.8,6.8,1.6,4.42,4.5,18.1,0,969.1,143,0.9,1.9,0,0,0,0,0,0,0,322,100,30,96
ALT,2013,1,31,17,6.4,71,6.8,1.5,4.38,4.2,17.4,0,969,180,1,3.9,0,0,0,0,0,0,0,320,100,30,96
ALT,2013,1,31,18,5.9,73.2,6.8,1.5,4.37,3.9,16.9,0,968.9,144,1,3.2,0,0,0,0,0,0,0,319,100,30,96
ALT,2013,1,31,19,5.5,74.5,6.7,1.4,4.33,3.7,16.4,0,968.9,173,1.2,3.7,0,0,0,0,0,0,0,319,100,30,96
ALT,2013,1,31,20,5.3,74.6,6.6,1.1,4.26,3.4,16,0,968.9,162,1,2.9,0,0,0,0,0,0,0,320,100,30,96
ALT,2013,1,31,21,4.8,74.8,6.4,0.7,4.15,3,15.2,0,968.7,135,0.9,3.6,0,0,0,0,0,0,0,320,100,30,96
ALT,2013,1,31,22,4.5,74.2,6.2,0.3,4.03,2.7,14.6,0,968.6,146,1.7,4.6,0,0,0,0,0,0,0,321,100,30,96
ALT,2013,1,31,23,4.1,73.3,6,-0.3,3.87,2.2,13.8,0.1,968.5,173,1.1,3.2,0,0,0,0,0,0,0,321,100,30,96
ALT,2022,2,1,0,3.7,72.4,5.8,-0.9,3.72,1.8,13,1,968.5,354,9.2,16.1,0,0,0,0,0,0,0,294,100,33,96
ALT,2022,2,1,1,3.3,71,5.5,-1.4,3.56,1.4,12.3,0.4,968.6,354,9.8,15.6,0,0,0,0,0,0,0,294,100,33,96
ALT,2022,2,1,2,3.1,70.3,5.4,-1.8,3.46,1.1,11.8,0.5,968.9,353,9.6,17.2,0,0,0,0,0,0,0,294,100,33,96
ALT,2022,2,1,3,2.8,70.1,5.2,-2.1,3.38,0.9,11.2,0.8,969.3,348,10.1,18.8,0,0,0,0,0,0,0,294,100,33,96
ALT,2022,2,1,4,2.7,69.2,5.1,-2.4,3.3,0.7,11,0.5,969.8,343,9.6,17.5,0,0,0,0,0,0,0,294,100,33,96
ALT,2022,2,1,5,2.6,70.3,5.2,-2.3,3.33,0.7,10.9,0.5,970.5,349,9.2,16.3,0,0,0,0,0,0,0,294,100,33,96
ALT,2022,2,1,6,2.4,72.1,5.2,-2.1,3.36,0.6,10.8,0.5,971.3,353,8.6,14.9,0,0,0,0,0,0,0,294,100,33,96
ALT,2022,2,1,7,2.2,73.2,5.3,-2.1,3.38,0.6,10.7,0.6,972,3,8.8,15.6,0,0,0,0,0,0,0,295,100,33,96
ALT,2022,2,1,8,2,75.4,5.3,-1.9,3.41,0.5,10.5,0,972.9,357,9.3,13.8,25,0,25,15,15,15,15,296,100,33,96
ALT,2022,2,1,9,2.1,74.2,5.3,-2,3.41,0.5,10.6,0.1,973.2,347,6.1,12.6,18,0,18,11,11,11,11,298,100,33,96
ALT,2022,2,1,10,1.8,81.1,5.7,-1.1,3.66,0.7,11,0,973.5,85,2.2,6.3,16,0,16,10,9,10,9,299,100,33,96
ALT,2022,2,1,11,2.7,71.1,5.3,-2,3.41,0.9,11.2,0,973.3,343,3,9.1,23,0,23,14,14,14,13,301,100,33,96
ALT,2022,2,1,12,3.1,64.7,4.9,-2.9,3.15,0.8,11,0,973.4,330,5.3,9.7,22,0,22,13,13,13,12,302,100,33,96
ALT,2022,2,1,13,2.4,74.2,5.4,-1.7,3.47,0.8,11.1,0,972.6,303,3.3,7.4,21,0,21,12,12,12,12,304,100,33,96
ALT,2022,2,1,14,2.1,79,5.6,-1.2,3.61,0.8,11.1,0,971.6,333,1.7,5.5,17,0,17,10,10,10,10,307,100,33,96
ALT,2022,2,1,15,1.7,83.7,5.8,-0.8,3.74,0.7,11,0,971,162,1,1.6,11,0,11,7,7,7,7,310,100,33,96
ALT,2022,2,1,16,1.3,88,5.9,-0.5,3.8,0.6,10.8,0,970.4,164,0.8,2.2,5,0,5,3,3,3,3,310,100,33,96
ALT,2022,2,1,17,0.6,94.8,6,-0.1,3.87,0.3,10.3,0.2,970.3,140,0.8,1.6,0,0,0,0,0,0,0,311,100,33,96
ALT,2022,2,1,18,0.4,96.6,6.1,-0.1,3.94,0.2,10.2,1.1,969.6,148,0.9,1.7,0,0,0,0,0,0,0,311,100,33,96
ALT,2022,2,1,19,0.2,97.5,6.1,-0.1,3.94,0.1,10,1.2,969,135,0.4,1.4,0,0,0,0,0,0,0,312,100,33,96
ALT,2022,2,1,20,0.1,97.9,6,-0.2,3.88,0,9.8,0.9,968.9,153,0.3,1,0,0,0,0,0,0,0,314,100,33,96
ALT,2022,2,1,21,0.4,96.6,6.1,-0.1,3.94,0.2,10.2,0.7,968.9,150,0.9,1.9,0,0,0,0,0,0,0,316,100,33,96
ALT,2022,2,1,22,1.3,93.9,6.3,0.4,4.07,0.9,11.5,0.7,968.7,141,1.7,4.2,0,0,0,0,0,0,0,318,100,33,96
ALT,2022,2,1,23,3,89.7,6.8,1.5,4.4,2.4,14,0.3,967.6,120,2.1,5,0,0,0,0,0,0,0,319,100,33,96
ALT,2022,2,2,0,3,93,7.1,2,4.6,2.6,14.5,0.5,967.4,120,1.9,4.3,0,0,0,0,0,0,0,321,100,33,96
ALT,2022,2,2,1,4.4,85.6,7.1,2.2,4.6,3.4,15.9,0.6,967,33,2.9,12.2,0,0,0,0,0,0,0,323,100,33,96
ALT,2022,2,2,2,6.6,72,7,1.9,4.54,4.5,18,0.8,966.7,1,9.7,19.2,0,0,0,0,0,0,0,324,100,33,96
ALT,2022,2,2,3,6.8,73.6,7.3,2.4,4.73,4.8,18.7,1.9,966.3,357,10.1,17.4,0,0,0,0,0,0,0,325,100,33,96
ALT,2022,2,2,4,6.9,75.5,7.5,2.9,4.87,5.1,19.2,2.1,966,4,10.8,19.6,0,0,0,0,0,0,0,326,100,33,96
ALT,2022,2,2,5,6.4,79.6,7.6,3.1,4.93,4.9,18.8,2.8,966.3,2,11,19.1,0,0,0,0,0,0,0,327,100,33,96
ALT,2022,2,2,6,6.6,78.4,7.6,3.1,4.93,5,19,2.5,966.2,359,10.2,19.2,0,0,0,0,0,0,0,328,100,33,96
ALT,2022,2,2,7,7,75.9,7.6,3,4.93,5.1,19.4,2.6,966.8,6,10.7,17.9,0,0,0,0,0,0,0,329,100,33,96
ALT,2022,2,2,8,7.1,75.5,7.6,3.1,4.92,5.2,19.5,2.4,967.5,4,10,16,4,0,4,2,2,2,2,330,100,33,96
ALT,2022,2,2,9,6.9,77.3,7.7,3.2,4.99,5.2,19.5,2.4,968.2,5,10.9,17.6,16,0,16,10,9,10,9,331,100,33,96
ALT,2022,2,2,10,7,77.6,7.8,3.4,5.05,5.3,19.7,3,968.6,5,10.2,18.1,104,196,43,31,162,197,31,332,100,33,96
ALT,2022,2,2,11,6.9,78.9,7.8,3.5,5.05,5.3,19.6,4,969.3,4,10.3,17.3,20,0,20,12,12,12,11,332,100,33,96
ALT,2022,2,2,12,7,78.1,7.8,3.5,5.04,5.4,19.7,2.6,969.6,2,9.7,18.1,25,7,23,14,15,20,14,333,100,33,96
ALT,2022,2,2,13,7.2,76.6,7.8,3.4,5.04,5.4,19.9,1.9,969.6,1,9.5,17.6,20,0,20,12,12,12,12,334,100,33,96
ALT,2022,2,2,14,7.4,75.9,7.8,3.4,5.04,5.5,20.1,0.7,970.3,355,7.9,15,17,0,17,10,10,10,10,334,100,33,96
ALT,2022,2,2,15,7.3,77.6,7.9,3.7,5.1,5.6,20.2,1.5,971.1,351,6.7,12.1,11,0,11,7,7,7,7,334,100,33,96
ALT,2022,2,2,16,6.2,91,8.6,4.8,5.55,5.5,20.2,0.9,971.8,48,1.7,5.5,5,0,5,3,3,3,3,334,100,33,96
ALT,2022,2,2,17,6.1,92.1,8.7,4.9,5.61,5.5,20.2,0.9,972.5,143,1.7,4.2,0,0,0,0,0,0,0,334,100,33,96
ALT,2022,2,2,18,5.9,93.5,8.7,4.9,5.61,5.4,20,0.4,972.9,113,1,3.7,0,0,0,0,0,0,0,333,100,33,96
ALT,2022,2,2,19,5.8,94.2,8.7,4.9,5.61,5.4,19.9,0.6,973.3,135,1.3,4,0,0,0,0,0,0,0,333,100,33,96
ALT,2022,2,2,20,6.1,91,8.6,4.7,5.54,5.4,20,0.2,973.5,270,1.5,4.1,0,0,0,0,0,0,0,332,100,33,96
ALT,2022,2,2,21,5.7,94.2,8.6,4.8,5.54,5.3,19.6,0.2,973.9,333,0.8,1.8,0,0,0,0,0,0,0,331,100,33,96
ALT,2022,2,2,22,5.1,96.8,8.5,4.6,5.48,4.9,18.9,0.1,973.7,158,0.6,1.8,0,0,0,0,0,0,0,331,100,33,96
ALT,2022,2,2,23,5,95.6,8.4,4.4,5.41,4.7,18.6,0.1,973.7,135,1,2.1,0,0,0,0,0,0,0,327,90,33,96
ALT,2022,2,3,0,4.4,96.7,8,3.9,5.15,4.2,17.3,0,973.6,172,0.7,1.8,0,0,0,0,0,0,0,311,55,33,96
ALT,2022,2,3,1,4.2,96.6,8,3.7,5.15,4,17.1,0,973.7,162,0.8,1.8,0,0,0,0,0,0,0,325,90,33,96
ALT,2022,2,3,2,4.1,95.5,7.8,3.4,5.02,3.8,16.7,0,973.3,153,1.1,2.3,0,0,0,0,0,0,0,326,100,33,96
ALT,2022,2,3,3,3.1,96.6,7.4,2.6,4.77,2.9,15,0,972.7,140,1.1,2.1,0,0,0,0,0,0,0,317,79,33,96
ALT,2022,2,3,4,2.5,96.7,7.1,2,4.57,2.3,14,0,972.4,162,1.3,2.5,0,0,0,0,0,0,0,299,43,33,96
ALT,2022,2,3,5,2,97,6.8,1.6,4.38,1.8,13,0,971.9,167,0.9,1.8,0,0,0,0,0,0,0,302,41,33,96
ALT,2022,2,3,6,1.7,96.2,6.7,1.2,4.32,1.5,12.5,0,971.2,162,1,1.7,0,0,0,0,0,0,0,309,74,33,96
ALT,2022,2,3,7,1.6,95.7,6.6,1,4.26,1.3,12.2,0,970.8,169,0.6,1.4,0,0,0,0,0,0,0,317,94,33,96
ALT,2022,2,3,8,1.7,96.3,6.7,1.2,4.32,1.5,12.5,0,970.5,164,0.8,1.4,23,0,23,14,14,14,14,323,100,33,96
ALT,2022,2,3,9,3.7,93.6,7.4,2.8,4.78,3.3,15.7,0,969.6,153,0.8,1.6,15,0,15,9,9,9,9,314,88,33,96
ALT,2022,2,3,10,6.3,85.5,8.1,4.1,5.24,5.3,19.5,0,969.1,284,1,3.8,233,309,122,86,257,358,85,318,84,33,96
ALT,2022,2,3,11,6.7,83.1,8.1,4,5.25,5.4,19.9,0,968.6,336,2.3,3.4,282,301,160,111,236,391,109,327,94,33,96
ALT,2022,2,3,12,6.9,82,8.2,4,5.32,5.5,20.3,0,967.7,331,2.1,3.7,217,66,188,114,118,184,119,336,100,33,96
ALT,2022,2,3,13,7.6,80,8.3,4.4,5.39,6.1,21.2,0,966.3,333,0.4,1.9,177,26,166,100,97,127,105,338,100,33,96
ALT,2022,2,3,14,8.4,76.1,8.4,4.4,5.46,6.5,22.2,0,965.6,323,1.4,4.3,71,2,70,42,41,44,42,331,94,33,96
ALT,2022,2,3,15,7.4,81.4,8.4,4.4,5.46,6,21.1,0,965.8,324,1.6,3.4,41,0,41,25,24,24,23,336,100,33,96
ALT,2022,2,3,16,7.1,82.6,8.3,4.3,5.39,5.8,20.7,0,966.1,318,1.7,4.8,17,0,17,10,10,10,10,335,100,33,96
ALT,2022,2,3,17,5.9,87.4,8.1,4,5.26,5,19.1,0,966,140,1,2,0,0,0,0,0,0,0,334,100,33,96
ALT,2022,2,3,18,5.5,88.7,8,3.8,5.2,4.7,18.6,0,965.4,160,1.4,2.9,0,0,0,0,0,0,0,333,100,33,96
ALT,2022,2,3,19,4.6,91.6,7.7,3.4,5,4.1,17.2,0,965,153,0.8,1.5,0,0,0,0,0,0,0,326,100,33,96
ALT,2022,2,3,20,4.2,93.4,7.7,3.2,5,3.7,16.8,0,965,323,1.2,5,0,0,0,0,0,0,0,317,100,33,96
ALT,2022,2,3,21,4.7,92.2,7.9,3.5,5.13,4.1,17.6,0,964.9,288,1.4,4.3,0,0,0,0,0,0,0,317,100,33,96
ALT,2022,2,3,22,5.2,88.9,7.8,3.5,5.07,4.4,17.9,0,965.5,124,2,4.8,0,0,0,0,0,0,0,293,56,33,96
ALT,2022,2,3,23,4.2,90.1,7.4,2.7,4.81,3.5,16.3,0,965.2,130,2,4.4,0,0,0,0,0,0,0,284,6,33,96
ALT,2022,2,4,0,2.8,91.5,6.8,1.6,4.41,2.3,13.9,0,965,162,1.2,3,0,0,0,0,0,0,0,280,0,33,96
ALT,2022,2,4,1,1.9,93.3,6.5,0.9,4.22,1.5,12.4,0,965.3,162,0.8,2,0,0,0,0,0,0,0,269,19,30,96
ALT,2022,2,4,2,0.5,95.2,6,-0.2,3.89,0.2,10.2,0,965.7,169,0.7,1.7,0,0,0,0,0,0,0,267,0,30,96
ALT,2022,2,4,3,0.6,93.4,6,-0.3,3.89,0.2,10.3,0,966,153,0.9,1.5,0,0,0,0,0,0,0,267,6,30,96
ALT,2022,2,4,4,-0.1,94.3,5.7,-0.9,3.69,-0.4,9.1,0,966.5,180,0.8,1.8,0,0,0,0,0,0,0,267,0,30,96
ALT,2022,2,4,5,-0.7,95,5.5,-1.4,3.56,-1,8.2,0,967,153,1.2,2.2,0,0,0,0,0,0,0,267,0,30,96
ALT,2022,2,4,6,0.5,91.4,5.8,-0.7,3.76,0,9.9,0,966.4,140,1.9,4.2,0,0,0,0,0,0,0,269,13,30,96
ALT,2022,2,4,7,1.8,90.2,6.3,0.4,4.08,1.2,12,0,966.5,299,1.4,3,0,0,0,0,0,0,0,293,75,30,96
ALT,2022,2,4,8,2.2,92.3,6.6,1.1,4.27,1.7,12.9,0,967.2,360,1.3,3.8,19,0,19,18,18,18,17,295,65,30,96
ALT,2022,2,4,9,2.5,92.4,6.8,1.4,4.4,2,13.5,0,967.4,131,1.1,2.7,147,186,98,67,208,213,66,290,45,30,96
ALT,2022,2,4,10,4.5,84.4,7.1,2.1,4.6,3.4,16.1,0,966.9,140,1.6,2.9,366,742,101,85,501,727,88,279,6,30,96
ALT,2022,2,4,11,5.6,79.7,7.2,2.4,4.67,4.2,17.3,0,966.2,333,1.3,3.9,473,894,95,99,405,932,104,269,6,30,96
ALT,2022,2,4,12,5.9,79.6,7.4,2.6,4.81,4.4,18,0,965.2,334,2.5,4.6,489,901,85,101,169,957,151,259,13,30,96
ALT,2022,2,4,13,6,81.1,7.6,3,4.94,4.6,18.4,0,965,332,3.9,6.6,269,259,154,103,102,349,157,263,36,30,96
ALT,2022,2,4,14,6.3,79.1,7.5,3,4.87,4.8,18.6,0,964.7,325,2.2,4.4,123,8,120,70,67,77,71,275,40,30,96
ALT,2022,2,4,15,5.9,79.4,7.4,2.6,4.81,4.4,18,0,964.7,279,1,2.3,169,380,67,65,66,354,341,270,6,30,96
ALT,2022,2,4,16,4.2,85.7,7.1,2,4.61,3.2,15.8,0,964.9,252,0.4,1.2,27,0,27,33,33,33,33,250,13,30,96
ALT,2022,2,4,17,3.4,88.3,6.9,1.7,4.48,2.7,14.6,0,965.8,162,0.5,1,3,0,3,2,2,2,2,287,13,30,96
ALT,2022,2,4,18,4.2,87.6,7.2,2.3,4.67,3.4,15.9,0,966.7,156,1.2,2.3,0,0,0,0,0,0,0,288,35,30,96
ALT,2022,2,4,19,4.8,82.9,7.2,2.1,4.67,3.6,16.5,0,967.1,127,1.6,2.5,0,0,0,0,0,0,0,308,90,30,96
ALT,2022,2,4,20,5,82.6,7.2,2.3,4.67,3.8,16.7,0,967,135,1.6,4.2,0,0,0,0,0,0,0,323,100,30,96
ALT,2022,2,4,21,4.9,85.9,7.4,2.7,4.8,3.9,16.9,0,967.3,191,1.2,2.8,0,0,0,0,0,0,0,323,100,30,96
ALT,2022,2,4,22,4.5,92,7.7,3.3,4.99,4,17,0.4,967.5,169,0.7,2,0,0,0,0,0,0,0,323,100,30,96
ALT,2022,2,4,23,4.3,94.6,7.9,3.5,5.12,3.9,17.2,0.1,967.6,167,0.9,2.2,0,0,0,0,0,0,0,321,100,30,96
ALT,2022,2,5,0,4.4,94.4,7.9,3.6,5.12,4,17.2,0.1,968.1,225,0.4,1.1,0,0,0,0,0,0,0,320,100,30,96
ALT,2022,2,5,1,4.3,96,7.9,3.7,5.12,4,17.1,0.1,968.2,135,0.6,1.3,0,0,0,0,0,0,0,322,100,29,96
ALT,2022,2,5,2,4.2,95.4,7.9,3.5,5.12,3.9,17,0,968.5,135,0.9,1.8,0,0,0,0,0,0,0,320,100,29,96
ALT,2022,2,5,3,4.1,95.8,7.8,3.5,5.05,3.8,16.8,0,968.8,153,0.7,2,0,0,0,0,0,0,0,318,100,29,96
ALT,2022,2,5,4,4.7,92.5,7.9,3.6,5.11,4.2,17.5,0.4,969.3,128,1.8,5.8,0,0,0,0,0,0,0,316,100,29,96
ALT,2022,2,5,5,5.1,82.3,7.2,2.3,4.65,3.8,16.8,0.9,970.1,343,5.8,10.3,0,0,0,0,0,0,0,314,100,29,96
ALT,2022,2,5,6,4,84.7,6.9,1.7,4.45,3,15.2,0.2,971,346,6.1,10.9,0,0,0,0,0,0,0,311,100,29,96
ALT,2022,2,5,7,3.4,82.3,6.4,0.7,4.12,2.3,13.7,0.1,972.1,352,5.9,12.3,0,0,0,0,0,0,0,309,100,29,96
ALT,2022,2,5,8,3.4,83.3,6.5,0.8,4.18,2.3,13.9,0,973.1,342,2.1,7.7,34,0,34,22,22,22,21,308,94,29,96
ALT,2022,2,5,9,3.4,85.7,6.7,1.2,4.31,2.5,14.2,0,973.7,103,1.2,3.4,44,0,44,25,24,25,24,312,100,29,96
ALT,2022,2,5,10,4.2,80.3,6.7,1.1,4.31,2.9,15,0,973.9,344,0.8,2.5,92,1,92,53,51,53,50,314,100,29,96
ALT,2022,2,5,11,4.8,77.1,6.6,1.1,4.24,3.2,15.5,0,973.9,346,2.1,3.8,378,568,133,98,289,638,99,301,70,29,96
ALT,2022,2,5,12,5.5,72.8,6.6,1,4.24,3.5,16.2,0,973.7,345,2,3.8,552,897,145,114,192,1007,193,294,55,29,96
ALT,2022,2,5,13,5.9,71.3,6.6,1.1,4.25,3.8,16.6,0,973.5,337,2.9,4.8,349,395,173,108,107,507,224,296,53,29,96
ALT,2022,2,5,14,6.3,72.3,6.9,1.7,4.44,4.2,17.5,0,973.4,329,3.2,5,161,79,134,77,75,148,126,291,50,29,96
ALT,2022,2,5,15,5.8,70.9,6.5,0.9,4.18,3.7,16.3,0,973.5,270,1.3,4.3,171,393,63,64,65,362,350,277,0,29,96
ALT,2022,2,5,16,3.5,81,6.4,0.6,4.12,2.3,13.8,0,973.3,175,1.2,2.3,25,0,25,31,32,31,32,270,25,29,96
ALT,2022,2,5,17,2.7,81.9,6.1,-0.1,3.92,1.6,12.5,0,973.7,172,0.9,1.8,4,0,4,2,2,2,2,256,6,29,96
ALT,2022,2,5,18,1.8,83.1,5.8,-0.8,3.73,0.8,11.1,0,974.2,175,1.3,2.3,0,0,0,0,0,0,0,254,10,29,96
ALT,2022,2,5,19,1.2,85.9,5.7,-0.9,3.66,0.4,10.3,0,974.7,163,1.1,3,0,0,0,0,0,0,0,250,0,29,96
ALT,2022,2,5,20,0.5,87.9,5.6,-1.3,3.59,-0.2,9.5,0,974.7,176,1.4,2.5,0,0,0,0,0,0,0,248,26,29,96
ALT,2022,2,5,21,-0.2,89.4,5.4,-1.7,3.47,-0.8,8.4,0,974.5,176,1.3,2.6,0,0,0,0,0,0,0,246,30,29,96
ALT,2022,2,5,22,-1,91.9,5.2,-2.1,3.34,-1.4,7.3,0,974.5,169,0.5,1.8,0,0,0,0,0,0,0,251,6,29,96
ALT,2022,2,5,23,-1.8,91.5,4.9,-3,3.14,-2.2,6,0,974.9,158,1.1,1.8,0,0,0,0,0,0,0,249,0,29,96
ALT,2022,2,6,0,-0.5,84.9,5,-2.7,3.21,-1.3,7.5,0,974.8,130,1.7,3.3,0,0,0,0,0,0,0,245,0,29,96
ALT,2022,2,6,1,-1.2,88.1,5,-2.9,3.21,-1.8,6.8,0,974.6,153,0.8,1.8,0,0,0,0,0,0,0,252,45,29,96
ALT,2022,2,6,2,-1.7,87.6,4.7,-3.5,3.02,-2.3,5.8,0,974,167,1.3,1.9,0,0,0,0,0,0,0,258,64,29,96
ALT,2022,2,6,3,-2.5,90.9,4.6,-3.8,2.95,-2.9,4.8,0,973.2,158,0.6,1.9,0,0,0,0,0,0,0,262,71,29,96
ALT,2022,2,6,4,-2.3,89.9,4.6,-3.7,2.95,-2.8,5,0,973.6,135,0.5,1.2,0,0,0,0,0,0,0,259,55,29,96
ALT,2022,2,6,5,-2.9,89.6,4.4,-4.4,2.82,-3.4,4.1,0,973.7,157,1.4,2.3,0,0,0,0,0,0,0,267,84,29,96
ALT,2022,2,6,6,-1.6,82.2,4.5,-4.2,2.89,-2.5,5.6,0,973,145,1.5,3,0,0,0,0,0,0,0,272,88,29,96
ALT,2022,2,6,7,-1.3,80.3,4.5,-4.2,2.89,-2.3,5.9,0,972.5,146,1.1,2.4,0,0,0,0,0,0,0,266,65,29,96
ALT,2022,2,6,8,-1.3,83.1,4.6,-3.8,2.96,-2.2,6.1,0,972.4,143,0.8,1.6,26,0,26,18,17,17,17,277,81,29,96
ALT,2022,2,6,9,0.4,77.7,4.9,-3,3.15,-0.9,8.3,0,971.2,163,1.5,4.1,137,202,77,49,191,209,48,274,53,29,96
ALT,2022,2,6,10,2.8,64.6,4.8,-3.2,3.09,0.5,10.5,0,970.9,337,1.5,4.3,329,561,133,92,438,571,93,283,58,29,96
ALT,2022,2,6,11,4.1,59,4.8,-3.2,3.09,1.3,11.9,0,969.6,338,0.9,2.6,339,374,183,115,284,476,113,300,84,29,96
ALT,2022,2,6,12,4.8,54.4,4.7,-3.6,3.03,1.6,12.4,0,968.8,315,1,3.3,345,367,177,113,160,485,129,308,88,29,96
ALT,2022,2,6,13,5.6,54.1,4.9,-2.9,3.16,2.2,13.6,0,968.4,360,0.9,2.5,118,15,111,64,62,80,66,318,100,29,96
ALT,2022,2,6,14,5.6,54.2,4.9,-2.9,3.17,2.2,13.6,0,967.6,45,0.7,2.8,37,0,37,22,21,21,20,318,100,29,96
ALT,2022,2,6,15,5.5,56.3,5.1,-2.5,3.3,2.3,13.8,0,966.9,323,0.8,3.1,19,0,19,11,11,11,11,318,100,29,96
ALT,2022,2,6,16,5.2,59.4,5.2,-2.1,3.36,2.3,13.7,0,966.4,252,1.6,4.1,44,0,44,26,25,25,24,317,94,29,96
ALT,2022,2,6,17,4.8,62,5.3,-1.9,3.43,2.1,13.4,0,966.3,142,1.8,4.1,1,0,1,0,0,0,0,319,100,29,96
ALT,2022,2,6,18,4.8,62.4,5.4,-1.8,3.5,2.1,13.6,0,965.9,143,2.2,3.8,0,0,0,0,0,0,0,320,100,29,96
ALT,2022,2,6,19,4.5,69.8,5.9,-0.5,3.82,2.4,14.1,0.5,965.5,112,1.3,3,0,0,0,0,0,0,0,320,100,29,96
ALT,2022,2,6,20,3.3,90,7,1.8,4.55,2.6,14.7,0.8,964.2,198,0.9,2.1,0,0,0,0,0,0,0,321,100,29,96
ALT,2022,2,6,21,3.4,93,7.2,2.4,4.69,3,15.1,0.6,962.8,135,1.3,2.4,0,0,0,0,0,0,0,322,100,29,96
ALT,2022,2,6,22,3.8,93.8,7.5,2.9,4.89,3.4,16.1,0.2,961.3,163,1.5,2.9,0,0,0,0,0,0,0,323,100,29,96
ALT,2022,2,6,23,4,95,7.7,3.3,5.03,3.7,16.6,0.2,960.1,153,1.1,3.6,0,0,0,0,0,0,0,324,100,29,96
ALT,2022,2,7,0,4.2,94.4,7.8,3.4,5.1,3.8,17,0.2,959.5,171,1.4,3.5,0,0,0,0,0,0,0,325,100,29,96
ALT,2022,2,7,1,4.8,92.7,8,3.7,5.24,4.3,18,0.3,958,137,2.3,7.8,0,0,0,0,0,0,0,325,100,31,96
ALT,2022,2,7,2,8.8,68,7.5,3.2,4.91,6.1,21.2,0.2,957.4,353,7.7,24.9,0,0,0,0,0,0,0,323,100,31,96
ALT,2022,2,7,3,10.7,53.8,6.8,1.7,4.44,6.5,21.9,0.6,958.9,353,12.7,25.4,0,0,0,0,0,0,0,322,100,31,96
ALT,2022,2,7,4,4.8,87.5,7.5,2.9,4.89,3.9,17.1,8.1,961.9,353,15.8,34.2,0,0,0,0,0,0,0,319,100,31,96
ALT,2022,2,7,5,4.2,80.6,6.7,1.2,4.35,2.9,15.1,4.8,965.3,347,15.6,27.9,0,0,0,0,0,0,0,315,100,31,96
ALT,2022,2,7,6,5.2,62.8,5.6,-1.3,3.62,2.5,14.3,1.3,966.8,348,13,27,0,0,0,0,0,0,0,310,100,31,96
ALT,2022,2,7,7,5.2,53.8,4.8,-3.4,3.1,1.9,13,0,969.2,343,12.1,25.1,0,0,0,0,0,0,0,306,100,31,96
ALT,2022,2,7,8,4.4,55.6,4.6,-3.7,2.96,1.3,11.8,0.4,970.9,343,9.7,18.5,30,0,30,19,19,19,18,305,94,31,96
ALT,2022,2,7,9,4.3,56.8,4.7,-3.5,3.02,1.3,11.9,0,972.1,347,8.8,15.7,40,30,33,20,44,40,19,303,100,31,96
ALT,2022,2,7,10,5.4,53,4.8,-3.4,3.08,2,13.2,0,973.4,351,7.9,13.9,301,555,92,75,386,560,77,294,81,31,96
ALT,2022,2,7,11,6.2,45.4,4.3,-4.7,2.76,2,13.1,0,973.9,359,7.7,13.1,500,808,147,118,422,894,122,290,64,31,96
ALT,2022,2,7,12,6.5,43.8,4.2,-4.9,2.69,2.2,13.3,0,974.9,351,8.4,14.3,605,939,170,134,238,1081,216,289,71,31,96
ALT,2022,2,7,13,6.8,41,4.1,-5.5,2.62,2.2,13.4,0,975.9,357,6.9,13.8,221,241,111,80,79,306,127,298,94,31,96
ALT,2022,2,7,14,6.6,38.5,3.7,-6.5,2.37,1.8,12.6,0,976.2,353,5.8,11.5,75,0,75,44,42,44,42,287,84,31,96
ALT,2022,2,7,15,6.3,36.7,3.5,-7.4,2.24,1.4,11.9,0,976.3,349,6.3,11.4,186,344,89,72,72,332,325,271,35,31,96
ALT,2022,2,7,16,5.9,35.9,3.4,-8,2.17,1,11.4,0,976.7,360,5.8,10.2,30,0,30,39,40,39,40,262,13,31,96
ALT,2022,2,7,17,4.3,43.7,3.6,-7,2.3,0.3,10.1,0,978,360,2.5,7,4,0,4,3,3,3,3,249,0,31,96
ALT,2022,2,7,18,3.1,47.6,3.6,-6.9,2.3,-0.3,8.9,0,978.6,167,1.7,3.7,0,0,0,0,0,0,0,249,6,31,96
ALT,2022,2,7,19,2.3,52.4,3.7,-6.4,2.36,-0.7,8.2,0,979.4,198,1.2,2.5,0,0,0,0,0,0,0,257,40,31,96
ALT,2022,2,7,20,1,60.7,4,-5.7,2.55,-1.3,7.4,0,979.9,139,1.2,2.6,0,0,0,0,0,0,0,256,45,31,96
ALT,2022,2,7,21,-0.6,70.3,4.1,-5.3,2.61,-2.2,5.9,0,980.2,162,1.4,2.4,0,0,0,0,0,0,0,255,44,31,96
ALT,2022,2,7,22,-0.8,74.8,4.3,-4.7,2.74,-2.1,6,0,980.6,159,1.6,2.8,0,0,0,0,0,0,0,242,6,31,96
ALT,2022,2,7,23,-1.7,81.2,4.4,-4.5,2.8,-2.7,5.3,0,981.1,167,1,1.8,0,0,0,0,0,0,0,241,0,31,96
ALT,2022,2,8,0,-1.2,76,4.3,-4.9,2.74,-2.5,5.6,0,981.7,169,1.6,3.2,0,0,0,0,0,0,0,242,0,31,96
ALT,2022,2,8,1,-1.7,76.2,4.1,-5.3,2.61,-2.9,4.8,0,981.5,141,0.7,1.4,0,0,0,0,0,0,0,258,46,32,96
ALT,2022,2,8,2,-1.8,80.2,4.3,-4.8,2.74,-2.8,5,0,981.7,166,0.8,1.9,0,0,0,0,0,0,0,267,94,32,96
ALT,2022,2,8,3,-0.7,75.4,4.4,-4.5,2.8,-2,6.3,0,981.6,180,0.4,1.4,0,0,0,0,0,0,0,268,100,32,96
ALT,2022,2,8,4,-0.5,77.5,4.6,-3.9,2.93,-1.7,6.8,0,981.9,270,0.4,0.9,0,0,0,0,0,0,0,268,100,32,96
ALT,2022,2,8,5,-0.4,78.1,4.6,-3.7,2.93,-1.6,6.9,0,982.5,159,0.9,1.5,0,0,0,0,0,0,0,265,78,32,96
ALT,2022,2,8,6,-0.9,76.1,4.4,-4.6,2.8,-2.2,6.1,0,982.9,150,1.6,3.8,0,0,0,0,0,0,0,266,43,32,96
ALT,2022,2,8,7,0.3,64.8,4.1,-5.5,2.61,-1.7,6.8,0,983,128,2,4.7,0,0,0,0,0,0,0,258,33,32,96
ALT,2022,2,8,8,-0.6,71.5,4.2,-5.1,2.67,-2.1,6,0,983.2,140,1.5,2.8,23,0,23,15,15,15,14,262,43,32,96
ALT,2022,2,8,9,0.8,67.1,4.3,-4.6,2.73,-1.1,7.6,0,982.9,189,0.8,1.5,206,455,79,58,397,400,58,267,38,32,96
ALT,2022,2,8,10,3.4,55.2,4.3,-4.7,2.74,0.4,10.3,0,982.2,117,0.6,1.7,433,867,111,98,606,844,102,270,25,32,96
ALT,2022,2,8,11,5.2,43.1,3.8,-6.3,2.42,1,11.3,0,981.8,347,1.4,3.1,512,916,108,112,436,964,117,265,6,32,96
ALT,2022,2,8,12,5.9,42.4,3.9,-5.9,2.48,1.5,12.2,0,981.2,343,1.7,2.8,607,932,171,137,240,1075,219,239,13,32,96
ALT,2022,2,8,13,6.8,37.8,3.7,-6.6,2.36,1.9,12.7,0,980.6,335,1.5,2.8,256,157,184,113,110,273,160,266,40,32,96
ALT,2022,2,8,14,7.6,34.3,3.6,-7.1,2.29,2.2,13.4,0,980.2,333,1.4,2.4,129,8,126,75,72,81,76,256,49,32,96
ALT,2022,2,8,15,6.8,40.4,4,-5.7,2.55,2.1,13.2,0,980.5,305,1.3,2.4,229,450,97,80,80,426,409,246,23,32,96
ALT,2022,2,8,16,3.6,54.6,4.3,-4.7,2.74,0.5,10.5,0,980.6,173,0.9,1.8,35,0,35,44,44,44,44,274,13,32,96
ALT,2022,2,8,17,2.8,60.6,4.5,-4.1,2.87,0.2,10,0,980.4,165,1.2,2.1,5,0,5,4,4,4,4,264,13,32,96
ALT,2022,2,8,18,1.8,65.7,4.6,-3.9,2.93,-0.3,9.1,0,980.3,174,1.2,2.8,0,0,0,0,0,0,0,262,0,32,96
ALT,2022,2,8,19,0.7,71.6,4.6,-3.8,2.93,-0.9,8,0,980.3,159,0.9,2,0,0,0,0,0,0,0,260,0,32,96
ALT,2022,2,8,20,0.3,74.6,4.6,-3.7,2.93,-1.1,7.6,0,980.1,153,0.8,1.6,0,0,0,0,0,0,0,258,0,32,96
ALT,2022,2,8,21,-0.1,77.2,4.7,-3.6,3,-1.4,7.4,0,980.4,180,0.8,1.9,0,0,0,0,0,0,0,256,0,32,96
ALT,2022,2,8,22,-1.2,82,4.6,-3.9,2.93,-2.1,6.1,0,980.4,159,1,2,0,0,0,0,0,0,0,254,0,32,96
ALT,2022,2,8,23,-1.2,82.5,4.6,-3.8,2.93,-2.1,6.1,0,980.1,153,1.3,2.3,0,0,0,0,0,0,0,252,0,32,96
ALT,2022,2,9,0,-0.9,83.8,4.8,-3.3,3.06,-1.8,6.7,0,979.7,172,0.9,1.9,0,0,0,0,0,0,0,250,0,32,96
ALT,2022,2,9,1,-1.9,86.3,4.6,-3.9,2.93,-2.6,5.4,0,979.8,150,0.9,1.9,0,0,0,0,0,0,0,251,0,32,96
ALT,2022,2,9,2,-1.4,83.4,4.6,-3.8,2.93,-2.2,5.9,0,979.7,145,1.3,2.3,0,0,0,0,0,0,0,256,0,32,96
ALT,2022,2,9,3,-2.2,87.8,4.6,-3.9,2.94,-2.8,5.1,0,979.2,164,0.8,1.8,0,0,0,0,0,0,0,257,0,32,96
ALT,2022,2,9,4,-2.8,89.5,4.5,-4.3,2.87,-3.3,4.3,0,979.2,153,0.7,1.5,0,0,0,0,0,0,0,255,0,32,96
ALT,2022,2,9,5,-3,88.1,4.3,-4.7,2.74,-3.6,3.8,0,979.3,160,1.2,1.8,0,0,0,0,0,0,0,257,0,32,96
ALT,2022,2,9,6,-3.3,88.5,4.2,-4.9,2.68,-3.8,3.3,0,979.3,166,1.2,1.8,0,0,0,0,0,0,0,253,0,32,96
ALT,2022,2,9,7,-2.5,86,4.4,-4.5,2.81,-3.2,4.5,0,979.1,162,1,1.5,0,0,0,0,0,0,0,259,6,32,96
ALT,2022,2,9,8,-2.4,86.7,4.4,-4.3,2.81,-3,4.6,0,979,163,1.1,1.6,22,0,22,21,21,21,21,263,20,32,96
ALT,2022,2,9,9,0.1,82,5,-2.6,3.19,-0.9,8.1,0,978.6,159,0.9,1.8,211,444,80,59,386,397,60,256,13,32,96
ALT,2022,2,9,10,3.4,69,5.4,-1.7,3.45,1.4,12.1,0,978.7,349,0.7,2.4,474,878,144,110,648,884,114,249,0,32,96
ALT,2022,2,9,11,4.8,67.9,5.8,-0.6,3.71,2.6,14.1,0,978.5,344,0.8,2.3,572,930,157,128,493,1026,134,232,0,32,96
ALT,2022,2,9,12,6.4,61,5.9,-0.6,3.78,3.4,15.9,0,977.7,360,0.7,2.1,624,950,175,139,246,1096,224,232,13,32,96
ALT,2022,2,9,13,8.1,55.3,6,-0.3,3.84,4.5,17.8,0,976.8,307,0.7,2.7,314,291,179,118,116,404,195,260,33,32,96
ALT,2022,2,9,14,8.1,56,6.1,-0.1,3.91,4.5,18,0,976.5,335,1.7,2.5,192,60,170,101,98,155,137,241,33,32,96
ALT,2022,2,9,15,7.3,55.7,5.7,-1,3.65,3.8,16.5,0,976.2,328,1,2.1,233,467,93,78,79,439,421,223,0,32,96
ALT,2022,2,9,16,4.3,65.9,5.5,-1.5,3.53,2,13.1,0,975.8,194,0.8,1.8,34,0,34,45,46,45,46,232,0,32,96
ALT,2022,2,9,17,3.1,71.8,5.5,-1.5,3.53,1.3,11.9,0,975.6,170,1.1,2.1,6,0,6,5,5,5,5,213,0,32,96
ALT,2022,2,9,18,2.2,75.4,5.4,-1.7,3.46,0.7,10.9,0,975.5,153,0.8,2.1,0,0,0,0,0,0,0,245,6,32,96
ALT,2022,2,9,19,0.9,81,5.3,-2,3.4,-0.2,9.4,0,975.6,153,0.5,1.4,0,0,0,0,0,0,0,242,0,32,96
ALT,2022,2,9,20,0.5,82.6,5.2,-2.1,3.33,-0.5,8.8,0,975.9,162,1,2,0,0,0,0,0,0,0,256,0,32,96
ALT,2022,2,9,21,0.1,83.4,5.1,-2.4,3.27,-0.8,8.2,0,976,160,1.2,2,0,0,0,0,0,0,0,256,0,32,96
ALT,2022,2,9,22,-0.7,85.3,5,-2.9,3.2,-1.5,7.3,0,975.8,157,1.4,2.8,0,0,0,0,0,0,0,260,29,32,96
ALT,2022,2,9,23,-0.5,83.9,5,-2.9,3.21,-1.4,7.5,0,975.3,171,1.2,1.9,0,0,0,0,0,0,0,270,60,32,96
ALT,2022,2,10,0,-1.2,86.2,4.8,-3.2,3.08,-1.9,6.5,0,974.9,171,0.7,1.6,0,0,0,0,0,0,0,256,40,32,96
ALT,2022,2,10,1,-1.4,85,4.7,-3.6,3.01,-2.2,6.1,0,974.5,158,1.2,2.1,0,0,0,0,0,0,0,250,33,29,96
ALT,2022,2,10,2,-1.2,84.3,4.8,-3.5,3.08,-2,6.5,0,974.7,270,0.7,2.7,0,0,0,0,0,0,0,252,45,29,96
ALT,2022,2,10,3,-2.1,86.6,4.5,-4,2.89,-2.8,5.1,0,974.6,155,1.5,2.6,0,0,0,0,0,0,0,249,39,29,96
ALT,2022,2,10,4,-0.9,80.9,4.6,-3.8,2.95,-1.9,6.4,0,974.7,150,1.4,2.8,0,0,0,0,0,0,0,250,16,29,96
ALT,2022,2,10,5,-1.2,83.2,4.7,-3.7,3.01,-2.1,6.3,0,974.7,167,1,2.3,0,0,0,0,0,0,0,252,29,29,96
ALT,2022,2,10,6,-1.7,83.8,4.5,-4.1,2.89,-2.5,5.5,0,974.5,157,1,2.2,0,0,0,0,0,0,0,247,0,29,96
ALT,2022,2,10,7,-1.4,81.9,4.5,-4.1,2.89,-2.3,5.8,0,974.5,171,1.3,2.7,0,0,0,0,0,0,0,250,0,29,96
ALT,2022,2,10,8,-0.6,78.6,4.6,-3.9,2.95,-1.8,6.7,0,974.3,162,1.1,2.6,23,0,23,21,21,21,21,262,13,29,96
ALT,2022,2,10,9,1.8,75,5.2,-2.1,3.34,0.3,10.1,0,973.9,150,1.2,2.6,293,670,105,71,588,572,73,268,19,29,96
ALT,2022,2,10,10,6.3,60.9,5.8,-0.7,3.73,3.3,15.7,0,974.1,328,1.9,4.9,419,871,88,86,582,814,90,247,0,29,96
ALT,2022,2,10,11,7.3,57.2,5.9,-0.6,3.79,3.9,16.9,0,973.8,332,2.8,6.2,497,917,83,98,407,929,103,230,0,29,96
ALT,2022,2,10,12,9.3,46,5.4,-1.7,3.47,4.6,18.1,0,973.1,297,0.8,2.3,601,932,156,124,217,1047,206,236,13,29,96
ALT,2022,2,10,13,10.2,46.9,5.8,-0.6,3.73,5.4,19.7,0,972.3,339,1,2.3,347,326,194,122,120,445,217,270,36,29,96
ALT,2022,2,10,14,10.3,44.9,5.6,-1.1,3.6,5.3,19.4,0,972.1,326,1.6,2.6,278,250,181,108,105,336,262,262,36,29,96
ALT,2022,2,10,15,9.4,45,5.3,-1.9,3.41,4.6,18,0,971.8,297,0.9,2.2,279,644,91,68,69,545,544,257,0,29,96
ALT,2022,2,10,16,6.6,56.9,5.6,-1.3,3.61,3.3,15.7,0,971.6,194,0.9,2.1,28,0,28,38,38,38,38,246,0,29,96
ALT,2022,2,10,17,4.9,65.4,5.6,-1,3.61,2.5,14,0,971.7,166,1,2,6,0,6,5,5,5,5,252,19,29,96
ALT,2022,2,10,18,3.1,72.1,5.5,-1.4,3.54,1.3,12,0,972.2,166,0.7,2.3,0,0,0,0,0,0,0,252,0,29,96
ALT,2022,2,10,19,2.5,74.7,5.5,-1.5,3.54,0.9,11.4,0,972.8,167,1,2,0,0,0,0,0,0,0,243,0,29,96
ALT,2022,2,10,20,2.9,73,5.5,-1.5,3.54,1.2,11.8,0,972.8,159,1.1,2.9,0,0,0,0,0,0,0,267,23,29,96
ALT,2022,2,10,21,3.4,70.7,5.5,-1.4,3.54,1.5,12.3,0,972.1,163,1.9,3.9,0,0,0,0,0,0,0,317,94,29,96
ALT,2022,2,10,22,3.9,70.7,5.7,-0.9,3.67,1.9,13.1,0,971.6,162,1.2,2.8,0,0,0,0,0,0,0,320,100,29,96
ALT,2022,2,10,23,4.2,67.8,5.5,-1.2,3.54,2,13.1,0,970.8,124,1,3.1,0,0,0,0,0,0,0,319,60,29,96
ALT,2022,2,11,0,3.7,71.6,5.7,-0.9,3.68,1.8,12.9,0,970.1,149,1.3,2.8,0,0,0,0,0,0,0,305,78,29,96
ALT,2022,2,11,1,4.6,70.4,6,-0.3,3.87,2.6,14.3,0,970.5,307,2.2,5.5,0,0,0,0,0,0,0,315,94,28,96
ALT,2022,2,11,2,7.7,60.4,6.4,0.5,4.13,4.5,18.1,0,970.6,34,1.9,8.5,0,0,0,0,0,0,0,317,100,28,96
ALT,2022,2,11,3,6.5,70.9,6.9,1.6,4.46,4.3,17.7,0,969.9,119,1.7,4,0,0,0,0,0,0,0,317,100,28,96
ALT,2022,2,11,4,5.8,72.5,6.7,1.2,4.33,3.8,16.7,0,969.6,297,1.9,4.1,0,0,0,0,0,0,0,310,84,28,96
ALT,2022,2,11,5,5.6,78.3,7.1,2.1,4.58,4,17.1,0,970.5,297,1.3,3.5,0,0,0,0,0,0,0,317,100,28,96
ALT,2022,2,11,6,6.2,80.6,7.6,3.1,4.9,4.8,18.5,1.7,972.5,354,6.4,12.8,0,0,0,0,0,0,0,317,100,28,96
ALT,2022,2,11,7,5,80.7,7,2,4.5,3.7,16.3,2.4,974.5,353,7.2,11.4,2,0,2,1,1,1,1,317,100,28,96
ALT,2022,2,11,8,4.4,82.3,6.9,1.7,4.43,3.2,15.5,1.6,976.2,346,4.9,10.7,19,0,19,11,11,11,11,318,100,28,96
ALT,2022,2,11,9,3.7,84.3,6.7,1.3,4.29,2.7,14.5,1.5,977.6,340,6.6,11.6,12,0,12,7,7,7,7,317,100,28,96
ALT,2022,2,11,10,2.7,85.6,6.4,0.5,4.09,1.8,13,0.4,978.6,337,7.8,11.7,22,0,22,13,12,13,12,317,100,28,96
ALT,2022,2,11,11,3.1,85.1,6.5,0.8,4.16,2.1,13.5,0.1,979.3,330,5.2,9.6,35,0,35,20,19,20,19,317,100,28,96
ALT,2022,2,11,12,4.3,76.7,6.4,0.6,4.09,2.7,14.6,0,979.2,301,2.9,7.4,204,40,184,105,112,147,100,318,100,28,96
ALT,2022,2,11,13,4.7,75.1,6.4,0.7,4.09,3,15,0,978.9,318,3,7.2,94,0,94,54,52,53,51,317,100,28,96
ALT,2022,2,11,14,5.1,68.6,6,-0.2,3.84,2.9,14.7,0,978.8,291,1.8,4.2,258,157,195,112,108,259,208,305,78,28,96
ALT,2022,2,11,15,5,69,6,-0.2,3.84,2.8,14.6,0,978.9,276,1.2,2.6,274,583,104,72,72,502,509,293,45,28,96
ALT,2022,2,11,16,3.1,77.8,5.9,-0.4,3.77,1.7,12.5,0,979.2,248,0.8,1.6,27,0,27,38,39,38,39,274,25,28,96
ALT,2022,2,11,17,1.7,81.2,5.6,-1.2,3.58,0.6,10.6,0,979.7,169,1.1,2,6,0,6,5,5,5,5,262,50,28,96
ALT,2022,2,11,18,1.3,84.9,5.7,-1,3.64,0.4,10.4,0,980.6,143,0.5,2,0,0,0,0,0,0,0,256,74,28,96
ALT,2022,2,11,19,0,89.1,5.5,-1.6,3.51,-0.6,8.7,0,981,162,0.6,1.8,0,0,0,0,0,0,0,251,100,28,96
ALT,2022,2,11,20,0.4,87.9,5.5,-1.4,3.51,-0.3,9.1,0,981.2,172,0.8,1.8,0,0,0,0,0,0,0,246,100,28,96
ALT,2022,2,11,21,-0.4,88.9,5.3,-2,3.38,-1,8,0,981,174,1.2,2.9,0,0,0,0,0,0,0,238,78,28,96
ALT,2022,2,11,22,-0.2,84,5.1,-2.6,3.25,-1.1,7.9,0,980.8,157,1.1,3.8,0,0,0,0,0,0,0,230,34,28,96
ALT,2022,2,11,23,-1,83.7,4.8,-3.4,3.06,-1.9,6.6,0,980.7,153,0.8,1.9,0,0,0,0,0,0,0,223,51,28,96
ALT,2022,2,12,0,-1.6,79.8,4.3,-4.6,2.74,-2.6,5.2,0,980.4,153,0.6,1.8,0,0,0,0,0,0,0,230,53,28,96
ALT,2022,2,12,1,-2,76.2,4,-5.6,2.55,-3.2,4.3,0,979.3,180,1.4,2.8,0,0,0,0,0,0,0,221,25,27,96
ALT,2022,2,12,2,-2.1,76.1,4,-5.7,2.55,-3.3,4.2,0,978.7,135,0.7,1.7,0,0,0,0,0,0,0,225,81,27,96
ALT,2022,2,12,3,-3.6,77.5,3.6,-7,2.3,-4.6,2.1,0,978.3,171,1.3,2.3,0,0,0,0,0,0,0,225,100,27,96
ALT,2022,2,12,4,-3.1,74.9,3.6,-6.9,2.3,-4.3,2.6,0,977.4,176,1.6,2.7,0,0,0,0,0,0,0,225,29,27,96
ALT,2022,2,12,5,-3.2,75.2,3.6,-7,2.3,-4.4,2.5,0,976.6,167,1.8,3,0,0,0,0,0,0,0,215,45,27,96
ALT,2022,2,12,6,-3.4,75.1,3.6,-7.2,2.3,-4.6,2.3,0,976,166,1.1,2.4,0,0,0,0,0,0,0,215,43,27,96
ALT,2022,2,12,7,-4.1,80.1,3.6,-7,2.3,-5,1.6,0,976.7,130,0.9,1.9,3,0,3,2,2,2,2,219,40,27,96
ALT,2022,2,12,8,-4.1,80.5,3.6,-6.9,2.3,-5,1.6,0,976.7,164,1.7,3.1,33,0,33,26,26,26,26,225,54,27,96
ALT,2022,2,12,9,-1.6,76.2,4.2,-5.2,2.68,-2.8,5.1,0,977.2,153,0.5,1.4,325,819,94,68,701,659,70,226,0,27,96
ALT,2022,2,12,10,0.4,67,4.2,-5,2.68,-1.5,7.1,0,977.3,166,0.6,1.6,433,896,84,83,594,824,87,230,13,27,96
ALT,2022,2,12,11,1.7,64,4.4,-4.4,2.82,-0.5,8.7,0,976.6,338,1.1,3.3,503,860,106,99,397,889,103,236,0,27,96
ALT,2022,2,12,12,2.2,61.8,4.4,-4.4,2.82,-0.2,9.2,0,975.9,333,1.7,3.3,604,939,146,117,214,1035,189,246,26,27,96
ALT,2022,2,12,13,3.1,59.8,4.6,-3.9,2.95,0.5,10.5,0,975.3,333,1.1,2.7,353,255,234,133,130,396,239,255,43,27,96
ALT,2022,2,12,14,3.6,60,4.8,-3.4,3.08,0.9,11.3,0,974.9,330,1.6,3,305,253,202,115,112,353,270,261,29,27,96
ALT,2022,2,12,15,3.5,57.1,4.5,-4.2,2.88,0.6,10.7,0,974.9,309,1.4,3.4,267,485,122,75,75,442,447,261,60,27,96
ALT,2022,2,12,16,2.4,64,4.7,-3.7,3.01,0.1,9.9,0,974.6,217,0.7,1.5,59,0,59,36,35,36,35,260,88,27,96
ALT,2022,2,12,17,1,74.1,4.9,-3.1,3.14,-0.5,8.8,0,974.6,167,1.4,2,7,0,7,5,5,5,4,254,61,27,96
ALT,2022,2,12,18,0.5,74.6,4.7,-3.5,3.01,-1,8,0,974.5,156,1.2,2.1,0,0,0,0,0,0,0,253,36,27,96
ALT,2022,2,12,19,-0.6,81.5,4.8,-3.4,3.08,-1.6,7.1,0,974.5,166,0.9,1.9,0,0,0,0,0,0,0,255,40,27,96
ALT,2022,2,12,20,-1.7,84.5,4.6,-4,2.95,-2.5,5.6,0,974.2,162,1.1,2.2,0,0,0,0,0,0,0,256,61,27,96
ALT,2022,2,12,21,-1.9,83.2,4.4,-4.4,2.82,-2.8,5.1,0,973.9,143,1.1,2.5,0,0,0,0,0,0,0,258,100,27,96
ALT,2022,2,12,22,-1.2,75.9,4.3,-4.9,2.76,-2.5,5.7,0,973.5,121,0.8,2,0,0,0,0,0,0,0,257,100,27,96
ALT,2022,2,12,23,-1.4,74.7,4.1,-5.3,2.63,-2.7,5.1,0,973.4,117,0.7,1.8,0,0,0,0,0,0,0,257,100,27,96
ALT,2022,2,13,0,-1,68.4,3.9,-6.1,2.5,-2.7,5.2,0,973.4,135,0.9,1.8,0,0,0,0,0,0,0,256,100,27,96
ALT,2022,2,13,1,-1.4,70.3,3.9,-6.1,2.5,-2.9,4.8,0,972.9,153,0.6,1.8,0,0,0,0,0,0,0,256,100,28,96
ALT,2022,2,13,2,-1.6,71.2,3.9,-6.1,2.5,-3.1,4.6,0,972.9,225,0.4,1.7,0,0,0,0,0,0,0,253,81,28,96
ALT,2022,2,13,3,-2.7,76.9,3.9,-6.2,2.5,-3.8,3.5,0,973,140,0.8,1.8,0,0,0,0,0,0,0,240,23,28,96
ALT,2022,2,13,4,-2.3,76.1,3.9,-5.9,2.5,-3.5,3.9,0,972.7,153,1.9,3.3,0,0,0,0,0,0,0,229,0,28,96
ALT,2022,2,13,5,-1.7,71.6,3.9,-6.1,2.51,-3.1,4.5,0,972.1,171,1.9,3.6,0,0,0,0,0,0,0,234,0,28,96
ALT,2022,2,13,6,-3.1,78.2,3.8,-6.4,2.44,-4.1,2.9,0,971.5,156,1.3,2.8,0,0,0,0,0,0,0,229,10,28,96
ALT,2022,2,13,7,-3.2,74.6,3.6,-7.1,2.31,-4.4,2.5,0,971.2,140,0.9,1.7,4,0,4,3,2,3,2,235,36,28,96
ALT,2022,2,13,8,-2.4,70.5,3.6,-7,2.31,-3.8,3.3,0,970.9,166,1,2.1,19,0,19,12,12,12,12,236,33,28,96
ALT,2022,2,13,9,0.6,67.3,4.3,-4.8,2.77,-1.3,7.5,0,970.1,138,1.5,2.6,301,701,94,68,604,577,70,238,29,28,96
ALT,2022,2,13,10,3.8,48.3,3.8,-6.1,2.45,0.3,9.9,0,969.2,174,1.1,2.6,453,898,98,89,610,839,93,239,6,28,96
ALT,2022,2,13,11,6,39.2,3.7,-6.8,2.39,1.4,12,0,968.6,333,1.1,3.1,561,946,121,109,456,985,114,244,0,28,96
ALT,2022,2,13,12,6.6,38.6,3.8,-6.5,2.45,1.8,12.8,0,967.5,345,1.6,3.2,644,963,169,127,237,1082,208,257,13,28,96
ALT,2022,2,13,13,7.2,38.3,3.9,-6.1,2.52,2.2,13.6,0,966.5,329,2.3,3.5,348,246,230,132,130,386,221,267,36,28,96
ALT,2022,2,13,14,7.7,36.5,3.8,-6.2,2.46,2.5,13.9,0,965.7,345,1.7,3,291,224,200,115,112,322,255,271,26,28,96
ALT,2022,2,13,15,7.2,40.1,4.1,-5.4,2.65,2.4,13.9,0,965.1,279,1.2,2.8,326,769,88,70,72,635,637,264,25,28,96
ALT,2022,2,13,16,4.1,47.7,3.9,-6,2.53,0.5,10.4,0,964.4,270,0.7,2.8,29,0,29,41,41,41,42,255,25,28,96
ALT,2022,2,13,17,2.9,52.9,3.9,-5.7,2.53,-0.2,9.2,0,963.9,214,1,3.6,9,0,9,8,8,8,8,244,6,28,96
ALT,2022,2,13,18,2.4,55.4,4,-5.6,2.59,-0.4,8.9,0,963.7,315,1.3,3.8,0,0,0,0,0,0,0,242,0,28,96
ALT,2022,2,13,19,2.2,54,3.9,-6.1,2.53,-0.7,8.5,0,963.4,143,1.3,3.5,0,0,0,0,0,0,0,241,0,28,96
ALT,2022,2,13,20,3.9,44.7,3.6,-7,2.33,0.1,9.8,0,963.3,325,2,6.1,0,0,0,0,0,0,0,240,0,28,96
ALT,2022,2,13,21,5.1,35.3,3.1,-9,2.01,0.3,10.2,0,963.3,287,1.8,4.9,0,0,0,0,0,0,0,241,26,28,96
ALT,2022,2,13,22,4.8,33.7,2.8,-9.8,1.81,0,9.4,0,963.3,236,1.5,4.5,0,0,0,0,0,0,0,239,0,28,96
ALT,2022,2,13,23,6.7,25.1,2.5,-11.9,1.62,0.7,10.8,0,963.1,164,3.8,12,0,0,0,0,0,0,0,238,0,28,96
ALT,2022,2,14,0,6.5,26.8,2.6,-11.2,1.68,0.7,10.8,0,962.7,163,5.7,11.4,0,0,0,0,0,0,0,237,0,28,96
ALT,2022,2,14,1,6.8,26.4,2.6,-11.2,1.69,0.9,11.1,0,962,168,8.1,15,0,0,0,0,0,0,0,238,0,27,96
ALT,2022,2,14,2,6.9,25,2.5,-11.7,1.62,0.8,11,0,961.1,169,9.2,15.7,0,0,0,0,0,0,0,240,0,27,96
ALT,2022,2,14,3,6.6,25.1,2.4,-12,1.56,0.6,10.5,0,960.3,175,8.8,16.7,0,0,0,0,0,0,0,243,6,27,96
ALT,2022,2,14,4,6.7,23.2,2.3,-12.8,1.49,0.5,10.5,0,959.8,176,8.7,16.8,0,0,0,0,0,0,0,245,0,27,96
ALT,2022,2,14,5,7.1,20.2,2.1,-14.2,1.36,0.5,10.6,0,959.5,172,8.6,17.3,0,0,0,0,0,0,0,247,13,27,96
ALT,2022,2,14,6,7.2,21.1,2.2,-13.6,1.43,0.6,10.8,0,959.4,170,8.9,17.6,0,0,0,0,0,0,0,249,0,27,96
ALT,2022,2,14,7,7.3,22.6,2.3,-12.7,1.5,0.9,11.1,0,959.2,173,8.4,17.8,5,0,5,3,3,3,3,252,10,27,96
ALT,2022,2,14,8,7.6,24.1,2.5,-11.6,1.63,1.2,11.7,0,958.9,172,8.4,17.7,61,95,41,26,108,85,25,262,25,27,96
ALT,2022,2,14,9,9.1,23.8,2.8,-10.5,1.82,2.3,13.7,0,958.4,171,9.4,20.1,294,771,69,59,642,596,61,266,6,27,96
ALT,2022,2,14,10,10.3,23.7,3,-9.5,1.95,3.1,15.3,0,957.7,177,10,19.1,416,836,82,80,558,765,83,273,6,27,96
ALT,2022,2,14,11,11.5,23.3,3.2,-8.7,2.09,3.9,16.8,0,957.2,167,12.1,21.3,374,481,151,104,297,543,103,295,64,27,96
ALT,2022,2,14,12,11.9,25.5,3.6,-7.2,2.35,4.4,17.9,0,956.3,152,12.1,20.3,241,188,148,89,127,273,91,310,94,27,96
ALT,2022,2,14,13,12.2,28,4,-5.8,2.61,4.9,18.9,0,955.8,155,11.8,22.9,245,92,202,114,110,206,151,316,88,27,96
ALT,2022,2,14,14,12,30,4.2,-5,2.75,5,19,0,955.3,146,9.1,17.2,87,0,87,49,47,48,46,318,100,27,96
ALT,2022,2,14,15,11.6,31.5,4.3,-4.7,2.81,4.9,18.7,0,956.1,148,8.5,17.4,66,3,65,37,35,39,37,319,100,27,96
ALT,2022,2,14,16,10.8,34.2,4.4,-4.3,2.87,4.6,18.1,0,956.8,139,4.5,12.1,10,0,10,6,6,6,5,319,100,27,96
ALT,2022,2,14,17,9.1,46.6,5.4,-1.7,3.53,4.5,18,0,958,325,6,9.9,1,0,1,1,1,1,1,320,100,27,96
ALT,2022,2,14,18,8.5,53.3,5.9,-0.4,3.85,4.6,18.2,0,958.9,314,3.4,8.3,0,0,0,0,0,0,0,320,100,27,96
ALT,2022,2,14,19,7.4,59.7,6.2,0.1,4.05,4.2,17.6,0,959,153,1.3,4,0,0,0,0,0,0,0,321,100,27,96
ALT,2022,2,14,20,6.6,62.7,6.1,0,3.98,3.8,16.6,0,959,306,1.2,2.7,0,0,0,0,0,0,0,321,100,27,96
ALT,2022,2,14,21,6,71.1,6.7,1.2,4.37,3.9,17,0,959.6,333,1.1,4.3,0,0,0,0,0,0,0,320,100,27,96
ALT,2022,2,14,22,6.3,73.8,7.1,2,4.63,4.4,18,0,960,337,2.8,7.8,0,0,0,0,0,0,0,320,100,27,96
ALT,2022,2,14,23,6,75.3,7,2,4.57,4.2,17.5,0,960.4,323,1.1,3.9,0,0,0,0,0,0,0,320,100,27,96
ALT,2022,2,15,0,5.6,81.5,7.4,2.7,4.83,4.3,17.7,0,960.9,283,1.1,2.3,0,0,0,0,0,0,0,320,100,27,96
ALT,2022,2,15,1,5,88.6,7.7,3.3,5.02,4.2,17.6,0.5,961,340,1.3,2.6,0,0,0,0,0,0,0,319,100,26,96
ALT,2022,2,15,2,4.6,92.6,7.9,3.5,5.16,4.1,17.5,0.7,961,360,0.4,1.9,0,0,0,0,0,0,0,319,100,26,96
ALT,2022,2,15,3,4.2,95.5,7.9,3.5,5.16,3.9,17.1,0.9,961.1,180,0.2,0.9,0,0,0,0,0,0,0,319,100,26,96
ALT,2022,2,15,4,3.8,93.8,7.5,2.9,4.89,3.4,16.1,0.2,961.3,160,1.1,2.4,0,0,0,0,0,0,0,319,100,26,96
ALT,2022,2,15,5,3.9,89.8,7.3,2.4,4.76,3.2,15.8,0,961.2,111,2.3,4.3,0,0,0,0,0,0,0,318,100,26,96
ALT,2022,2,15,6,3.8,89.4,7.2,2.2,4.69,3.1,15.6,0.3,962.2,315,1.1,3.3,0,0,0,0,0,0,0,318,100,26,96
ALT,2022,2,15,7,3.9,92.1,7.5,2.7,4.88,3.4,16.1,1,963.1,180,1.1,3.6,0,0,0,0,0,0,0,317,100,26,96
ALT,2022,2,15,8,4.2,91.7,7.6,3,4.95,3.7,16.6,0.3,963.5,112,0.9,2.8,30,0,30,17,16,17,16,317,100,26,96
ALT,2022,2,15,9,4.8,88.5,7.6,3.1,4.94,4,17.2,0.1,963.9,97,1.1,3.9,29,0,29,16,16,16,15,318,100,26,96
ALT,2022,2,15,10,6,78.5,7.3,2.6,4.74,4.5,17.9,0,964.3,27,2.1,8.6,85,0,85,47,45,47,45,319,100,26,96
ALT,2022,2,15,11,6.2,70.8,6.7,1.3,4.35,4,17.1,0.5,965,354,7.4,12.2,70,0,70,39,38,39,37,320,100,26,96
ALT,2022,2,15,12,6.4,67.3,6.4,0.8,4.15,3.9,16.9,0.1,965.2,2,7.7,12.3,62,0,62,35,33,35,33,322,100,26,96
ALT,2022,2,15,13,6.5,64.3,6.2,0.3,4.02,3.8,16.6,0,965.3,359,7.2,12.7,64,0,64,36,34,35,34,322,100,26,96
ALT,2022,2,15,14,7.5,55.5,5.7,-0.8,3.69,4,16.8,0,965.3,355,5.1,9.2,29,0,29,16,16,16,15,320,100,26,96
ALT,2022,2,15,15,7.2,61,6.2,0.2,4.02,4.2,17.3,0,965.8,328,4.8,11.6,16,0,16,9,9,9,9,317,100,26,96
ALT,2022,2,15,16,5.3,75.1,6.7,1.3,4.34,3.5,16.2,0.1,966.5,346,6.7,11.2,19,0,19,11,10,11,10,314,100,26,96
ALT,2022,2,15,17,5.1,73.5,6.5,0.8,4.21,3.2,15.7,0,966.7,315,2.2,7.8,2,0,2,1,1,1,1,311,100,26,96
ALT,2022,2,15,18,4.6,75.8,6.4,0.7,4.14,2.9,15,0,967.4,108,1.2,4.2,0,0,0,0,0,0,0,307,100,26,96
ALT,2022,2,15,19,4.4,76,6.4,0.5,4.14,2.7,14.8,0,967.8,153,0.7,1.7,0,0,0,0,0,0,0,303,100,26,96
ALT,2022,2,15,20,2.9,83.5,6.3,0.4,4.07,1.9,13.1,0,968.3,157,1.4,2.6,0,0,0,0,0,0,0,294,75,26,96
ALT,2022,2,15,21,1.8,86.8,6,-0.2,3.88,1,11.5,0,968.3,127,1.1,2.3,0,0,0,0,0,0,0,279,45,26,96
ALT,2022,2,15,22,1.2,88.1,5.9,-0.5,3.81,0.5,10.7,0,968.1,146,1.3,2.6,0,0,0,0,0,0,0,269,0,26,96
ALT,2022,2,15,23,1,85.6,5.6,-1.1,3.62,0.2,10,0,967.7,166,1.4,2.8,0,0,0,0,0,0,0,268,0,26,96
ALT,2022,2,16,0,0.9,82.8,5.4,-1.7,3.49,-0.1,9.6,0,966.8,176,1.6,4.9,0,0,0,0,0,0,0,268,0,26,96
ALT,2022,2,16,1,0.4,81,5.1,-2.5,3.3,-0.7,8.6,0,966.4,146,1.1,2.9,0,0,0,0,0,0,0,282,64,26,96
ALT,2022,2,16,2,1.1,75.8,5,-2.7,3.24,-0.3,9.2,0,965.7,162,1.3,3.1,0,0,0,0,0,0,0,302,100,26,96
ALT,2022,2,16,3,1.2,76.9,5.1,-2.4,3.3,-0.2,9.5,0,965,45,0.7,2,0,0,0,0,0,0,0,304,94,26,96
ALT,2022,2,16,4,0.6,82.2,5.2,-2.1,3.37,-0.4,9,0,964.5,159,1,2.2,0,0,0,0,0,0,0,306,100,26,96
ALT,2022,2,16,5,0.6,81.6,5.2,-2.2,3.37,-0.5,9,0,964.1,180,0.9,2,0,0,0,0,0,0,0,307,100,26,96
ALT,2022,2,16,6,0.6,83.5,5.3,-1.9,3.44,-0.4,9.2,0,963.4,144,1.1,2,0,0,0,0,0,0,0,307,100,26,96
ALT,2022,2,16,7,1.2,82.2,5.5,-1.5,3.57,0.2,10.1,0,963,159,1.1,2.3,0,0,0,0,0,0,0,309,100,26,96
ALT,2022,2,16,8,2,77.9,5.5,-1.4,3.57,0.7,10.9,0,962.8,135,0.7,2,42,0,42,29,28,29,28,310,81,26,96
ALT,2022,2,16,9,3.1,76.6,5.8,-0.6,3.77,1.6,12.5,0,962.9,256,0.6,1.5,101,96,71,40,115,113,39,315,100,26,96
ALT,2022,2,16,10,4.1,74.1,6.1,-0.1,3.97,2.3,14.1,0,962.7,153,0.6,1.4,109,38,95,53,79,85,50,319,100,26,96
ALT,2022,2,16,11,4.5,73.1,6.1,0.1,3.97,2.6,14.5,0.1,962.8,315,0.4,1.4,62,1,62,34,33,35,32,322,100,26,96
ALT,2022,2,16,12,4.4,75.3,6.3,0.4,4.1,2.7,14.7,0.7,962.9,270,0.3,1,28,0,28,16,15,15,15,325,100,26,96
ALT,2022,2,16,13,4.6,85.2,7.3,2.3,4.76,3.6,16.5,0.8,962.2,160,1.3,3.3,26,0,26,14,14,14,14,328,100,26,96
ALT,2022,2,16,14,5.5,91.2,8.3,4.2,5.41,4.9,19.1,0.3,962,315,1.1,2.5,30,0,30,16,16,16,15,329,100,26,96
ALT,2022,2,16,15,5.3,94.2,8.4,4.4,5.48,4.9,19.1,0.3,962.1,304,0.8,1.7,15,0,15,8,8,8,8,330,100,26,96
ALT,2022,2,16,16,5.3,95.8,8.5,4.7,5.55,5,19.2,0.3,961.9,90,0.4,1.4,8,0,8,4,4,4,4,331,100,26,96
ALT,2022,2,16,17,5.6,95.7,8.7,5,5.67,5.3,19.9,0.3,962.3,315,1,2.8,1,0,1,1,1,1,1,332,100,26,96
ALT,2022,2,16,18,5.6,95.6,8.7,5,5.67,5.3,19.9,0.2,962.8,166,1.4,2.3,0,0,0,0,0,0,0,334,94,26,96
ALT,2022,2,16,19,5.5,95.7,8.7,4.9,5.67,5.2,19.8,0.1,962.9,297,0.8,2.1,0,0,0,0,0,0,0,335,100,26,96
ALT,2022,2,16,20,5.6,96,8.7,5,5.67,5.3,19.9,0.2,963.2,159,1.1,2.8,0,0,0,0,0,0,0,335,100,26,96
ALT,2022,2,16,21,6.7,91.9,9,5.5,5.87,6.1,21.5,0.1,962.4,119,2.6,5.3,0,0,0,0,0,0,0,336,100,26,96
ALT,2022,2,16,22,6.2,94.7,9,5.4,5.88,5.8,21,0.3,961.7,158,0.9,2.4,0,0,0,0,0,0,0,336,100,26,96
ALT,2022,2,16,23,6.3,95.2,9.1,5.6,5.94,6,21.3,0.5,961.3,166,1.4,3.3,0,0,0,0,0,0,0,337,100,26,96
ALT,2022,2,17,0,6.4,95.2,9.2,5.7,6.01,6.1,21.5,0.2,961.1,153,1.2,2.7,0,0,0,0,0,0,0,337,100,26,96
ALT,2022,2,17,1,6.2,95.8,9.1,5.6,5.94,5.9,21.1,0,961.7,180,0.9,2,0,0,0,0,0,0,0,335,94,26,96
ALT,2022,2,17,2,6.7,94,9.2,5.8,6.01,6.3,21.8,0,961.2,148,1.5,5.6,0,0,0,0,0,0,0,332,100,26,96
ALT,2022,2,17,3,7.3,91.5,9.4,6,6.15,6.7,22.8,0.1,960.5,180,1.6,6.9,0,0,0,0,0,0,0,341,100,26,96
ALT,2022,2,17,4,7.1,93.3,9.4,6.1,6.15,6.6,22.6,0,960.1,166,1.7,4.8,0,0,0,0,0,0,0,342,100,26,96
ALT,2022,2,17,5,7.4,93.5,9.6,6.4,6.28,6.9,23.2,0.2,960.8,169,2.1,4.8,0,0,0,0,0,0,0,343,100,26,96
ALT,2022,2,17,6,7.7,93.5,9.8,6.7,6.41,7.2,23.8,0.4,961.1,153,1.3,2.9,0,0,0,0,0,0,0,345,100,26,96
ALT,2022,2,17,7,7.7,93.9,9.9,6.8,6.47,7.2,24,0.1,961.2,162,1.4,3.8,0,0,0,0,0,0,0,346,100,26,96
ALT,2022,2,17,8,7.8,94.7,10,7,6.53,7.4,24.3,0.1,962,146,1.6,3.7,6,0,6,4,3,3,3,347,100,26,96
ALT,2022,2,17,9,8.7,92.7,10.4,7.6,6.79,8.1,25.8,0.1,962.5,141,1.9,4.3,22,0,22,12,12,12,11,348,100,26,96
ALT,2022,2,17,10,10,88.3,10.8,8.2,7.06,9,27.8,0,962.6,143,1.7,4.3,29,0,29,16,15,16,15,348,100,26,96
ALT,2022,2,17,11,11,84.7,11.2,8.5,7.32,9.6,29.5,0,962.5,167,1.6,5,35,0,35,19,18,19,18,349,100,26,96
ALT,2022,2,17,12,11.8,82,11.4,8.8,7.45,10.2,30.7,0,962.6,171,1,3.1,25,0,25,14,13,14,13,350,100,26,96
ALT,2022,2,17,13,12.2,77.6,11,8.4,7.19,10.1,30.4,0,962.5,172,1.8,3.8,25,0,25,14,13,14,13,350,100,26,96
ALT,2022,2,17,14,12.2,75.2,10.7,7.9,6.99,9.9,29.9,0,962.4,121,2,4.8,28,0,28,15,15,15,14,349,100,26,96
ALT,2022,2,17,15,14.4,49.2,8,3.9,5.21,9.1,27.7,0,962.3,25,3.2,12.1,54,0,54,31,29,31,29,347,100,26,96
ALT,2022,2,17,16,13.7,53.6,8.4,4.5,5.47,9,27.6,0,963,347,8.2,15.1,21,0,21,12,11,12,11,345,100,26,96
ALT,2022,2,17,17,13.5,48.1,7.5,2.7,4.88,8.2,25.9,0,964.1,344,8,13.8,14,0,14,8,8,8,8,344,100,26,96
ALT,2022,2,17,18,13.3,45.4,6.9,1.8,4.48,7.8,24.7,0,965.6,351,8.7,16.5,0,0,0,0,0,0,0,342,100,26,96
ALT,2022,2,17,19,12.5,46.1,6.7,1.2,4.34,7.2,23.5,0,966.1,352,9.3,14.9,0,0,0,0,0,0,0,341,100,26,96
ALT,2022,2,17,20,12.5,43.5,6.3,0.4,4.08,6.9,22.9,0,966.6,344,6.5,14.6,0,0,0,0,0,0,0,340,100,26,96
ALT,2022,2,17,21,10.8,52.1,6.7,1.4,4.34,6.4,21.8,0,967.1,333,1.9,7.8,0,0,0,0,0,0,0,339,100,26,96
ALT,2022,2,17,22,9.3,60.9,7.1,2.2,4.6,6,20.9,0,967.5,171,2,3.8,0,0,0,0,0,0,0,338,100,26,96
ALT,2022,2,17,23,7.7,70,7.3,2.6,4.73,5.3,19.6,0,967.8,165,1.3,2.4,0,0,0,0,0,0,0,337,100,26,96
ALT,2022,2,18,0,6.8,78.1,7.7,3.3,4.99,5.2,19.4,0,967.4,165,1.2,2.5,0,0,0,0,0,0,0,331,94,26,96
ALT,2022,2,18,1,5.9,80.8,7.5,2.9,4.86,4.5,18.1,0,967.4,157,1.3,2.7,0,0,0,0,0,0,0,288,33,26,96
ALT,2022,2,18,2,4.6,84.7,7.2,2.3,4.66,3.6,16.3,0,967.3,143,1.2,2.8,0,0,0,0,0,0,0,290,54,26,96
ALT,2022,2,18,3,4,84.6,6.9,1.6,4.47,3,15.2,0,966.3,170,1.2,2.2,0,0,0,0,0,0,0,278,19,26,96
ALT,2022,2,18,4,3.7,83.5,6.7,1.2,4.34,2.6,14.6,0,966,149,1.4,3.6,0,0,0,0,0,0,0,291,49,26,96
ALT,2022,2,18,5,4.2,81.8,6.7,1.4,4.35,3,15.1,0,965.2,167,1.1,2.7,0,0,0,0,0,0,0,329,100,26,96
ALT,2022,2,18,6,4.5,81.1,6.8,1.5,4.42,3.2,15.6,0,964.4,153,1.3,2.9,0,0,0,0,0,0,0,328,100,26,96
ALT,2022,2,18,7,5.5,75.1,6.8,1.4,4.42,3.7,16.6,0,963.7,153,1,2.3,6,0,6,3,3,3,3,320,94,26,96
ALT,2022,2,18,8,5.4,79.8,7.1,2.2,4.62,4,17,0,963,149,0.8,1.8,27,0,27,17,16,17,16,327,94,26,96
ALT,2022,2,18,9,7.3,73,7.4,2.8,4.82,5.2,19.5,0,961.4,172,0.9,2.5,98,180,50,32,179,144,31,329,94,26,96
ALT,2022,2,18,10,9.1,62.3,7.2,2.3,4.7,5.9,21,0,960.6,135,0.7,2.1,24,0,24,13,13,13,12,336,100,26,96
ALT,2022,2,18,11,9,64.2,7.4,2.6,4.83,6,21.2,0,960.6,345,1.3,2.9,25,0,25,14,13,14,13,339,100,26,96
ALT,2022,2,18,12,9.9,56.3,6.9,1.6,4.51,6.1,21.3,0,959.4,270,0.7,2.2,48,0,48,27,26,27,25,337,100,26,96
ALT,2022,2,18,13,11.8,48.4,6.7,1.3,4.38,6.9,22.9,0,957.9,326,0.8,2.5,281,248,158,92,91,333,186,324,78,26,96
ALT,2022,2,18,14,10,58.5,7.2,2.2,4.71,6.3,21.9,0,957.3,331,2,4.6,162,22,153,85,81,104,94,318,81,26,96
ALT,2022,2,18,15,10.5,55.6,7.1,2,4.65,6.5,22.3,0,957.4,270,0.6,2.5,44,0,44,25,24,24,23,332,94,26,96
ALT,2022,2,18,16,10.5,58.8,7.5,2.8,4.91,6.8,22.9,0,957.5,236,0.6,1.4,52,0,52,45,45,45,45,309,55,26,96
ALT,2022,2,18,17,8.7,70.5,7.9,3.6,5.17,6.3,21.8,0,958,149,1,2.2,10,0,10,7,7,7,7,331,73,26,96
ALT,2022,2,18,18,8.8,69.9,7.9,3.6,5.17,6.3,21.8,0,958.6,135,1.1,3.4,0,0,0,0,0,0,0,338,88,26,96
ALT,2022,2,18,19,8.9,67.4,7.7,3.2,5.04,6.2,21.6,0,958.2,150,1.9,4.1,0,0,0,0,0,0,0,334,94,26,96
ALT,2022,2,18,20,8.8,66.6,7.6,2.9,4.97,6,21.3,0,959.2,279,1.2,3.8,0,0,0,0,0,0,0,336,88,26,96
ALT,2022,2,18,21,10,67.7,8.4,4.3,5.49,7.2,23.9,0,959.7,360,2.5,10,0,0,0,0,0,0,0,329,78,26,96
ALT,2022,2,18,22,10.5,76.8,9.7,6.6,6.34,8.5,26.5,1,961.4,343,6.8,13.9,0,0,0,0,0,0,0,339,100,26,96
ALT,2022,2,18,23,8.5,77.1,8.6,4.7,5.6,6.6,22.6,1.6,963,340,8.8,14.5,0,0,0,0,0,0,0,337,100,26,96
ALT,2022,2,19,0,7.7,75.5,7.9,3.6,5.14,5.8,20.7,0.3,964.1,342,7.5,15.5,0,0,0,0,0,0,0,335,100,26,96
ALT,2022,2,19,1,6.7,76.7,7.5,2.9,4.87,4.9,19,0.1,965.3,345,8.2,14.4,0,0,0,0,0,0,0,325,100,26,96
ALT,2022,2,19,2,5.7,77.3,7.1,2,4.6,4,17.3,0.7,966.3,343,7.4,12.8,0,0,0,0,0,0,0,332,100,26,96
ALT,2022,2,19,3,5.4,79,7.1,2.1,4.6,3.9,17,0.8,966.9,346,4.5,10.2,0,0,0,0,0,0,0,330,100,26,96
ALT,2022,2,19,4,4.6,84.6,7.2,2.2,4.66,3.5,16.3,0.3,967.4,356,2.5,7.8,0,0,0,0,0,0,0,329,100,26,96
ALT,2022,2,19,5,4.4,87.8,7.4,2.6,4.79,3.6,16.4,0,967.8,112,1.3,2.4,0,0,0,0,0,0,0,328,100,26,96
ALT,2022,2,19,6,4.4,89.2,7.4,2.8,4.79,3.7,16.4,0,967.8,124,1,2.5,0,0,0,0,0,0,0,326,100,26,96
ALT,2022,2,19,7,4.2,92.3,7.6,3.1,4.92,3.7,16.5,0.1,968.5,180,0.9,1.9,1,0,1,0,0,0,0,325,100,26,96
ALT,2022,2,19,8,4.6,89.6,7.6,3,4.92,3.9,16.9,0,969.1,126,1.4,2.2,44,27,37,21,44,37,20,326,100,26,96
ALT,2022,2,19,9,5.2,84.8,7.5,2.9,4.85,4.2,17.4,0,969.6,180,0.7,1.6,114,24,108,60,78,76,57,326,100,26,96
ALT,2022,2,19,10,5.9,77.5,7.2,2.3,4.65,4.3,17.6,0.1,969.8,315,0.8,2.2,58,0,58,32,31,32,30,326,100,26,96
ALT,2022,2,19,11,6.5,71.4,6.9,1.7,4.46,4.4,17.7,0,969.9,353,0.9,2.7,104,0,104,58,55,57,55,326,100,26,96
ALT,2022,2,19,12,7.4,66.9,6.9,1.7,4.46,4.8,18.6,0,969.4,311,1,3,51,0,51,28,27,28,27,326,100,26,96
ALT,2022,2,19,13,7.6,60.8,6.3,0.5,4.07,4.5,17.9,0,969,328,1.1,2.6,125,3,123,69,66,71,66,326,100,26,96
ALT,2022,2,19,14,8,55.8,6,-0.3,3.88,4.4,17.8,0,968.7,299,1.3,4,221,61,194,108,104,165,143,325,100,26,96
ALT,2022,2,19,15,7.7,61,6.4,0.7,4.14,4.6,18.1,0,968.3,282,1.7,3.5,240,334,122,80,80,339,335,324,71,26,96
ALT,2022,2,19,16,6.6,66.3,6.4,0.8,4.14,4.1,17,0,967.8,225,0.7,2.4,31,0,31,42,43,43,43,309,53,26,96
ALT,2022,2,19,17,6.1,65.6,6.2,0.2,4.01,3.6,16.2,0,968.2,254,0.8,1.8,13,0,13,12,11,11,11,303,63,26,96
ALT,2022,2,19,18,5.5,69.1,6.3,0.3,4.07,3.3,15.7,0,969.1,211,0.7,2,0,0,0,0,0,0,0,315,100,26,96
ALT,2022,2,19,19,4.1,79.2,6.5,0.8,4.2,2.7,14.6,0,969.4,138,1.3,2.5,0,0,0,0,0,0,0,311,94,26,96
ALT,2022,2,19,20,3.9,79.9,6.4,0.8,4.13,2.6,14.3,0,969.9,146,1.5,2.9,0,0,0,0,0,0,0,291,50,26,96
ALT,2022,2,19,21,3.1,82.6,6.3,0.4,4.07,2,13.3,0,969.6,163,1.1,2.5,0,0,0,0,0,0,0,265,19,26,96
ALT,2022,2,19,22,2.1,84.4,6,-0.3,3.87,1.1,11.8,0,970.1,180,1.2,2.6,0,0,0,0,0,0,0,263,0,26,96
ALT,2022,2,19,23,2.1,81.3,5.8,-0.8,3.74,0.9,11.5,0,970.5,159,1.2,3.3,0,0,0,0,0,0,0,263,6,26,96
ALT,2022,2,20,0,1.8,82.8,5.7,-0.8,3.67,0.8,11,0,970.8,171,0.8,2.1,0,0,0,0,0,0,0,279,46,26,96
ALT,2022,2,20,1,1.1,83.4,5.5,-1.4,3.55,0.1,10,0,970.5,147,1.9,4.5,0,0,0,0,0,0,0,274,45,27,96
ALT,2022,2,20,2,1.9,80.4,5.6,-1.1,3.61,0.7,10.9,0,970.9,261,1.2,5,0,0,0,0,0,0,0,297,100,27,96
ALT,2022,2,20,3,2.1,80.4,5.7,-0.9,3.67,0.9,11.3,0,970.5,164,1.1,2.4,0,0,0,0,0,0,0,305,94,27,96
ALT,2022,2,20,4,2.6,76.7,5.7,-1.1,3.67,1.1,11.8,0,970.7,124,1,2,0,0,0,0,0,0,0,308,100,27,96
ALT,2022,2,20,5,2.2,81.4,5.8,-0.6,3.74,1.1,11.6,0,970.5,108,0.5,1.4,0,0,0,0,0,0,0,311,100,27,96
ALT,2022,2,20,6,2.2,81.8,5.9,-0.6,3.8,1.1,11.7,0,970.6,180,0.5,1.3,0,0,0,0,0,0,0,314,100,27,96
ALT,2022,2,20,7,2.1,84.7,6,-0.2,3.87,1.2,11.8,0,971.2,144,1,2.2,1,0,1,1,1,1,1,313,88,27,96
ALT,2022,2,20,8,3.1,80.8,6.2,0.1,4,1.9,13.1,0,971.4,146,0.8,2.3,56,102,32,19,109,81,19,317,94,27,96
ALT,2022,2,20,9,4.4,75.2,6.3,0.4,4.06,2.7,14.6,0,971.4,170,1.2,2.3,229,310,133,78,333,297,76,313,68,27,96
ALT,2022,2,20,10,6.5,62.2,6.1,-0.2,3.93,3.6,16.4,0,971.2,153,0.9,2,317,347,163,101,302,401,100,298,63,27,96
ALT,2022,2,20,11,8.1,54,5.8,-0.6,3.74,4.3,17.5,0,971.1,333,0.8,2.8,535,835,115,105,405,857,109,276,29,27,96
ALT,2022,2,20,12,9.5,48.2,5.7,-0.9,3.68,5,18.8,0,969.9,225,1.1,2.8,484,521,209,131,202,648,177,293,54,27,96
ALT,2022,2,20,13,10.1,48.9,6,-0.1,3.87,5.6,19.9,0,969.7,323,1.3,3.3,250,57,221,124,120,182,140,313,84,27,96
ALT,2022,2,20,14,10.9,48.4,6.3,0.4,4.07,6.1,21.2,0,968.1,143,1.4,3.1,208,65,180,101,98,159,141,333,100,27,96
ALT,2022,2,20,15,10.9,50.5,6.6,1,4.27,6.3,21.7,0,967.4,173,1.8,3.2,98,14,93,52,50,63,60,333,100,27,96
ALT,2022,2,20,16,10.4,54.1,6.8,1.5,4.41,6.3,21.6,0,966.8,259,0.9,2.2,48,0,48,27,26,27,26,332,100,27,96
ALT,2022,2,20,17,9.7,59.2,7.1,2.1,4.6,6.2,21.3,0,966.5,256,1.1,2.5,2,0,2,1,1,1,1,332,100,27,96
ALT,2022,2,20,18,8.6,64.2,7.2,2.2,4.67,5.6,20.4,0,966.4,180,0.7,2.2,0,0,0,0,0,0,0,315,75,27,96
ALT,2022,2,20,19,6,76.1,7.1,2.1,4.61,4.2,17.6,0,966.1,166,0.9,2.4,0,0,0,0,0,0,0,284,35,27,96
ALT,2022,2,20,20,4.1,82.3,6.7,1.4,4.35,2.9,15,0,965.7,169,0.8,1.7,0,0,0,0,0,0,0,283,41,27,96
ALT,2022,2,20,21,3.7,83,6.6,1.1,4.28,2.6,14.4,0,965.7,153,0.6,1.8,0,0,0,0,0,0,0,281,33,27,96
ALT,2022,2,20,22,2.6,86.8,6.4,0.6,4.15,1.8,13,0,965.8,150,0.9,1.8,0,0,0,0,0,0,0,301,59,27,96
ALT,2022,2,20,23,3.2,84.1,6.5,0.8,4.22,2.2,13.8,0,964.9,144,1.9,3.8,0,0,0,0,0,0,0,311,78,27,96
ALT,2022,2,21,0,3.3,84.2,6.5,0.9,4.22,2.3,13.9,0,963.5,167,1.3,2.9,0,0,0,0,0,0,0,328,100,27,96
ALT,2022,2,21,1,3.9,81.3,6.5,1,4.23,2.7,14.5,0,962.2,150,1.3,4.2,0,0,0,0,0,0,0,327,100,26,96
ALT,2022,2,21,2,3.2,84.1,6.5,0.8,4.23,2.2,13.8,0,961.2,146,1.4,2.9,0,0,0,0,0,0,0,322,94,26,96
ALT,2022,2,21,3,4.7,76,6.5,0.8,4.24,3,15.4,0,959.8,121,2.2,4.7,0,0,0,0,0,0,0,322,94,26,96
ALT,2022,2,21,4,4.4,80.4,6.7,1.3,4.38,3.1,15.4,0,958.9,164,1.1,2.9,0,0,0,0,0,0,0,326,100,26,96
ALT,2022,2,21,5,4.6,79.7,6.8,1.4,4.45,3.2,15.8,0,957.2,140,1.6,5.2,0,0,0,0,0,0,0,326,100,26,96
ALT,2022,2,21,6,4.8,80.6,6.9,1.8,4.52,3.5,16.1,0,956.8,135,1.4,3.4,0,0,0,0,0,0,0,326,100,26,96
ALT,2022,2,21,7,5.3,78.9,7,1.9,4.57,3.8,16.8,1.3,958.7,341,6.8,24.1,1,0,1,1,1,1,0,325,100,26,96
ALT,2022,2,21,8,3.8,78.5,6.3,0.4,4.1,2.4,14.1,2.5,962.4,349,13.5,24.3,32,52,24,13,61,40,13,321,100,26,96
ALT,2022,2,21,9,4.1,70.8,5.8,-0.7,3.77,2.1,13.5,0.4,963.8,359,6.9,19.8,15,0,15,8,8,8,8,322,100,26,96
ALT,2022,2,21,10,3.7,84.3,6.7,1.3,4.36,2.7,14.6,0,963.5,140,1.9,3.2,47,0,47,26,25,26,25,321,100,26,96
ALT,2022,2,21,11,4,84.1,6.8,1.6,4.42,3,15.1,0,963.2,152,2,3.5,54,0,54,30,29,30,29,320,100,26,96
ALT,2022,2,21,12,4.3,77.5,6.5,0.7,4.23,2.8,14.9,0.1,962.4,169,1.1,3.1,32,0,32,18,17,18,17,319,100,26,96
ALT,2022,2,21,13,4.5,77.8,6.6,1,4.3,3,15.3,0,962.2,162,1.1,3.1,37,0,37,21,20,21,20,318,100,26,96
ALT,2022,2,21,14,5,73.8,6.4,0.7,4.17,3.2,15.5,0,962,360,1.4,5.8,82,2,81,45,43,47,44,317,100,26,96
ALT,2022,2,21,15,4.8,76.7,6.6,1.1,4.3,3.2,15.6,0,961.7,175,1.7,5,127,21,119,66,64,83,79,316,100,26,96
ALT,2022,2,21,16,4.6,78.3,6.6,1.2,4.3,3.1,15.4,0.1,961.6,117,2.1,9.6,47,0,47,31,31,31,30,316,100,26,96
ALT,2022,2,21,17,5.5,64.7,5.8,-0.6,3.78,2.9,15,0.1,961.2,358,4.9,13.4,13,0,13,9,9,9,9,316,100,26,96
ALT,2022,2,21,18,5.9,60.5,5.6,-1.1,3.64,3,15.1,0.2,961.8,3,8.7,15.5,0,0,0,0,0,0,0,316,100,26,96
ALT,2022,2,21,19,5.5,66.5,6,-0.2,3.9,3.1,15.3,1.3,962.1,4,8.8,17.3,0,0,0,0,0,0,0,316,100,26,96
ALT,2022,2,21,20,5.9,66.5,6.2,0.1,4.03,3.4,16,0.8,962.7,2,9.8,18.3,0,0,0,0,0,0,0,315,100,26,96
ALT,2022,2,21,21,6.5,63.5,6.1,0.1,3.96,3.7,16.5,0.3,963.7,356,11.1,25.2,0,0,0,0,0,0,0,315,100,26,96
ALT,2022,2,21,22,5.7,73,6.7,1.2,4.35,3.7,16.6,2.3,964.7,351,10.5,22.3,0,0,0,0,0,0,0,315,100,26,96
ALT,2022,2,21,23,5.8,73,6.7,1.3,4.34,3.8,16.7,1,966.1,344,11.5,24.5,0,0,0,0,0,0,0,315,100,26,96
ALT,2022,2,22,0,6.1,65.6,6.2,0.2,4.01,3.6,16.2,0.5,966.8,342,9,17.1,0,0,0,0,0,0,0,314,100,26,96
ALT,2022,2,22,1,6,64.2,6,-0.2,3.88,3.4,15.8,0.1,967.7,351,8.3,16.8,0,0,0,0,0,0,0,314,100,26,96
ALT,2022,2,22,2,5.7,64.9,6,-0.4,3.88,3.1,15.5,0.3,968,349,6.9,13.8,0,0,0,0,0,0,0,314,100,26,96
ALT,2022,2,22,3,5.6,65.6,6,-0.3,3.88,3.1,15.4,0.3,968.2,352,7.6,15.8,0,0,0,0,0,0,0,315,100,26,96
ALT,2022,2,22,4,5.1,73.3,6.4,0.7,4.14,3.2,15.5,0.5,968.8,350,9,15.3,0,0,0,0,0,0,0,315,100,26,96
ALT,2022,2,22,5,5.4,71.6,6.4,0.7,4.13,3.4,15.8,0.4,969.7,344,9.6,18.9,0,0,0,0,0,0,0,315,100,26,96
ALT,2022,2,22,6,5.7,67.8,6.2,0.2,4,3.3,15.8,0.6,970.5,349,8.7,16.5,0,0,0,0,0,0,0,315,100,26,96
ALT,2022,2,22,7,5.2,72.8,6.4,0.7,4.12,3.3,15.6,0.9,971.6,348,6.6,12.6,10,0,10,6,6,6,5,317,100,26,96
ALT,2022,2,22,8,6.3,61,5.8,-0.7,3.73,3.3,15.7,0.1,972.5,349,6.3,11.5,90,116,61,35,137,104,34,320,100,26,96
ALT,2022,2,22,9,7.1,54.7,5.5,-1.4,3.53,3.5,16,0,973.4,354,6.8,13.2,175,75,150,83,143,138,79,320,88,26,96
ALT,2022,2,22,10,8,52.9,5.6,-1,3.6,4.2,17.1,0,974.2,353,5.5,12.2,152,123,94,54,123,166,52,325,100,26,96
ALT,2022,2,22,11,8.9,53.4,6.1,0,3.92,5,18.8,0,974.1,325,5.2,10.3,324,174,236,131,212,303,126,315,88,26,96
ALT,2022,2,22,12,9.5,50.3,6,-0.3,3.86,5.2,19.3,0,973.7,317,4.2,7.8,93,3,91,50,49,53,48,299,78,26,96
ALT,2022,2,22,13,9.7,50.1,6,-0.2,3.86,5.3,19.5,0,973,323,4.7,8.8,80,1,80,44,42,45,42,294,63,26,96
ALT,2022,2,22,14,9.7,49.5,6,-0.3,3.86,5.3,19.5,0,973,291,2.6,5.9,132,3,131,73,70,75,70,322,100,26,96
ALT,2022,2,22,15,9.3,53.4,6.3,0.3,4.05,5.3,19.5,0,973.1,318,2.6,4.8,63,0,63,35,33,35,33,327,94,26,96
ALT,2022,2,22,16,8.8,55.7,6.3,0.4,4.05,5.1,19,0,972.9,319,1.9,3.4,16,0,16,9,9,9,9,321,88,26,96
ALT,2022,2,22,17,8.1,61.3,6.6,1.1,4.25,5,18.8,0,973.1,321,0.9,1.8,8,0,8,5,5,5,5,327,88,26,96
ALT,2022,2,22,18,7.4,67.1,6.9,1.7,4.44,4.8,18.6,0,972.9,148,1.2,3.7,0,0,0,0,0,0,0,326,100,26,96
ALT,2022,2,22,19,7.3,65.7,6.7,1.3,4.31,4.6,18.2,0,973.1,352,1.5,3.3,0,0,0,0,0,0,0,326,88,26,96
ALT,2022,2,22,20,6.8,69.6,6.9,1.6,4.44,4.5,18,0,974,108,1.1,3,0,0,0,0,0,0,0,321,94,26,96
ALT,2022,2,22,21,7.1,67.1,6.7,1.4,4.31,4.6,17.9,0,974.5,53,0.9,2.3,0,0,0,0,0,0,0,326,94,26,96
ALT,2022,2,22,22,6.7,71.8,7.1,2,4.56,4.6,18.2,0,974.8,315,1,2.4,0,0,0,0,0,0,0,326,100,26,96
ALT,2022,2,22,23,6,80.5,7.5,2.9,4.82,4.6,18.1,0,974.9,225,0.8,2.1,0,0,0,0,0,0,0,323,75,26,96
ALT,2022,2,23,0,5.1,83.7,7.4,2.6,4.76,4,17.1,0,974.7,126,1.3,2.6,0,0,0,0,0,0,0,317,63,26,96
ALT,2022,2,23,1,5.1,84.5,7.4,2.7,4.76,4,17.1,0,974.6,135,1.2,2.7,0,0,0,0,0,0,0,325,100,26,96
ALT,2022,2,23,2,4.6,87.7,7.4,2.7,4.76,3.7,16.5,0,974.5,141,0.7,1.7,0,0,0,0,0,0,0,323,78,26,96
ALT,2022,2,23,3,4.3,89.2,7.4,2.7,4.76,3.6,16.2,0,974.4,153,0.7,1.8,0,0,0,0,0,0,0,326,94,26,96
ALT,2022,2,23,4,4.5,88.7,7.4,2.8,4.76,3.7,16.4,0,975.2,225,0.6,2.6,0,0,0,0,0,0,0,326,94,26,96
ALT,2022,2,23,5,4.5,88.9,7.5,2.8,4.82,3.7,16.6,0,975.8,108,1,2.1,0,0,0,0,0,0,0,326,88,26,96
ALT,2022,2,23,6,4.5,89,7.5,2.8,4.82,3.7,16.6,0,976.1,149,0.9,2,0,0,0,0,0,0,0,326,94,26,96
ALT,2022,2,23,7,4.9,86.1,7.4,2.8,4.75,3.9,16.8,0,976.3,135,1.4,2.5,11,0,11,6,6,6,6,327,80,26,96
ALT,2022,2,23,8,5.4,83.9,7.5,2.9,4.81,4.3,17.5,0,976.5,148,1.3,2.8,162,479,60,42,472,297,42,299,45,26,96
ALT,2022,2,23,9,6.4,80.2,7.7,3.2,4.94,4.9,18.8,0,976.4,90,0.2,0.9,330,707,95,70,628,550,72,279,29,26,96
ALT,2022,2,23,10,8.7,67.1,7.5,2.9,4.82,6,20.9,0,975.8,117,0.4,1.6,447,701,131,96,514,679,98,243,13,26,96
ALT,2022,2,23,11,9.6,66.6,8,3.7,5.15,6.8,22.6,0,975.1,337,1.6,3.3,477,611,165,113,378,670,115,269,29,26,96
ALT,2022,2,23,12,10.1,62,7.7,3.2,4.96,6.8,22.6,0,974.1,336,2.7,5.1,289,64,254,142,143,208,147,269,33,26,96
ALT,2022,2,23,13,11.2,59,7.8,3.5,5.03,7.4,23.9,0,973.2,327,3.5,5.9,490,574,191,125,125,660,351,276,36,26,96
ALT,2022,2,23,14,11.6,57,7.8,3.4,5.03,7.6,24.3,0,972.4,299,3.2,6.7,417,559,163,108,108,577,442,268,36,26,96
ALT,2022,2,23,15,11.6,56.4,7.7,3.2,4.97,7.5,24.2,0,971.9,288,2.4,5.4,305,614,74,73,75,515,517,274,33,26,96
ALT,2022,2,23,16,9.2,65,7.5,3,4.84,6.3,21.4,0,971.8,217,0.9,2.8,28,0,28,46,47,46,47,264,13,26,96
ALT,2022,2,23,17,8,66.9,7.2,2.2,4.64,5.3,19.7,0,972,155,1.4,2.8,15,0,15,13,13,13,13,258,13,26,96
ALT,2022,2,23,18,7,71.1,7.1,2.1,4.58,4.8,18.5,0,972.3,164,2.2,4.8,0,0,0,0,0,0,0,240,0,26,96
ALT,2022,2,23,19,6.5,71.9,7,1.8,4.51,4.4,17.9,0,971.4,164,2.6,5.4,0,0,0,0,0,0,0,245,10,26,96
ALT,2022,2,23,20,5.3,77.3,6.9,1.7,4.45,3.7,16.5,0,971.1,270,0.6,1.8,0,0,0,0,0,0,0,255,6,26,96
ALT,2022,2,23,21,3.8,84.1,6.8,1.4,4.38,2.8,14.8,0,971.4,140,1.1,2.3,0,0,0,0,0,0,0,285,0,26,96
ALT,2022,2,23,22,3.5,83.8,6.6,1,4.25,2.4,14.2,0,971.7,151,1.1,2.3,0,0,0,0,0,0,0,283,0,26,96
ALT,2022,2,23,23,2.7,87.1,6.4,0.8,4.13,1.9,13,0,971.3,157,1.4,2.6,0,0,0,0,0,0,0,279,6,26,96
ALT,2022,2,24,0,1.7,89.6,6.2,0.2,4,1.1,11.7,0,970.9,162,0.8,2.4,0,0,0,0,0,0,0,275,25,26,96
ALT,2022,2,24,1,1.2,91,6,-0.1,3.87,0.7,10.9,0,970.7,158,0.8,2.2,0,0,0,0,0,0,0,280,41,27,96
ALT,2022,2,24,2,0.3,91.8,5.8,-0.9,3.74,-0.2,9.6,0,970.1,207,0.8,2.3,0,0,0,0,0,0,0,302,88,27,96
ALT,2022,2,24,3,0.8,92.1,6,-0.3,3.87,0.4,10.5,0,969.5,146,1,3,0,0,0,0,0,0,0,291,56,27,96
ALT,2022,2,24,4,0.6,91.8,5.9,-0.6,3.81,0.1,10.1,0,969,158,0.8,2.3,0,0,0,0,0,0,0,300,90,27,96
ALT,2022,2,24,5,0.6,93.2,5.9,-0.4,3.81,0.2,10.1,0,967.9,162,0.7,2.2,0,0,0,0,0,0,0,303,88,27,96
ALT,2022,2,24,6,3.4,87.3,6.8,1.5,4.4,2.6,14.4,0,967.3,325,2.6,5.4,0,0,0,0,0,0,0,301,100,27,96
ALT,2022,2,24,7,4.5,83.7,7.1,2,4.6,3.4,16.1,0,966.6,337,4.1,8.8,12,0,12,10,10,10,10,298,88,27,96
ALT,2022,2,24,8,5.8,72.9,6.7,1.3,4.34,3.8,16.7,0,967.1,340,5.8,11.4,169,465,66,44,463,293,44,304,78,27,96
ALT,2022,2,24,9,6.3,71.5,6.8,1.5,4.4,4.2,17.4,0,967.5,336,7.3,13.5,330,675,97,73,599,534,75,306,59,27,96
ALT,2022,2,24,10,9,59.1,6.8,1.4,4.41,5.5,20.1,0,966.4,333,2.4,5.9,351,345,197,114,346,414,112,312,88,27,96
ALT,2022,2,24,11,9.5,56.4,6.7,1.3,4.35,5.8,20.5,0,965.6,333,5.5,11.9,366,210,256,144,243,355,139,329,100,27,96
ALT,2022,2,24,12,11.4,46.6,6.3,0.4,4.09,6.4,21.8,0,965.3,317,5.5,11.7,562,670,192,133,195,777,193,332,100,27,96
ALT,2022,2,24,13,11.2,49.1,6.5,0.9,4.21,6.5,21.9,0,965.7,324,7.5,12.3,591,761,184,127,129,852,398,334,100,27,96
ALT,2022,2,24,14,11.6,48.5,6.6,1.1,4.28,6.7,22.5,0,965.7,327,5.9,12.4,251,77,214,120,116,192,164,334,100,27,96
ALT,2022,2,24,15,11.3,51.2,6.8,1.6,4.41,6.8,22.5,0,965.1,315,3.3,6.8,111,12,106,61,58,70,67,334,100,27,96
ALT,2022,2,24,16,10.7,50.9,6.5,1,4.22,6.2,21.4,0,965,349,1.7,3.9,85,0,85,57,55,56,54,318,78,27,96
ALT,2022,2,24,17,9.4,57.5,6.8,1.4,4.41,5.7,20.5,0,965.9,297,1.5,2.9,21,0,21,13,12,13,12,295,55,27,96
ALT,2022,2,24,18,8,64.1,6.8,1.6,4.41,5.1,19.1,0,966.5,171,1.4,2.5,0,0,0,0,0,0,0,291,54,27,96
ALT,2022,2,24,19,8,63.1,6.8,1.4,4.41,5,19.1,0,966.5,173,1.5,3.4,0,0,0,0,0,0,0,310,68,27,96
ALT,2022,2,24,20,7.6,65.1,6.8,1.5,4.41,4.9,18.7,0,966.6,117,1,2.8,0,0,0,0,0,0,0,329,100,27,96
ALT,2022,2,24,21,7.2,67.6,6.9,1.6,4.47,4.7,18.5,0,966.7,214,0.8,2.5,0,0,0,0,0,0,0,327,100,27,96
ALT,2022,2,24,22,6.8,70.3,6.9,1.8,4.47,4.5,18.1,0,966.7,27,1,2.4,0,0,0,0,0,0,0,325,100,27,96
ALT,2022,2,24,23,6.3,76,7.2,2.4,4.67,4.5,18,0,966.7,170,1.4,2.7,0,0,0,0,0,0,0,322,100,27,96
ALT,2022,2,25,0,7,71.2,7.1,2.1,4.6,4.8,18.6,0,967.1,342,2.1,14.9,0,0,0,0,0,0,0,319,100,27,96
ALT,2022,2,25,1,6.2,69.1,6.5,1,4.2,3.9,16.8,0,968.8,344,12,18.7,0,0,0,0,0,0,0,316,100,27,96
ALT,2022,2,25,2,3.6,83.3,6.6,1,4.26,2.5,14.3,1,970.8,343,10.6,16.3,0,0,0,0,0,0,0,314,100,27,96
ALT,2022,2,25,3,3.1,86.5,6.6,1.1,4.25,2.2,13.8,0.3,971.5,348,6.6,11.8,0,0,0,0,0,0,0,311,100,27,96
ALT,2022,2,25,4,2.5,85.5,6.2,0.3,3.99,1.6,12.5,0.4,972.3,341,7.2,11.8,0,0,0,0,0,0,0,308,100,27,96
ALT,2022,2,25,5,1.9,88.8,6.2,0.3,3.99,1.2,11.9,0.2,972.9,345,6.1,10.4,0,0,0,0,0,0,0,305,100,27,96
ALT,2022,2,25,6,1.8,86.8,6,-0.2,3.86,1,11.4,0,973.4,337,3.7,8.7,0,0,0,0,0,0,0,301,100,27,96
ALT,2022,2,25,7,1.7,89.4,6.2,0.1,3.99,1,11.7,0,973.9,347,1.9,7.4,13,0,13,11,11,11,11,299,100,27,96
ALT,2022,2,25,8,2,86.9,6.2,0.1,3.98,1.2,12,0,974.4,81,1.2,4.9,75,24,70,42,63,54,40,299,100,27,96
ALT,2022,2,25,9,2.6,83.6,6.2,0.1,3.98,1.6,12.6,0,974.7,113,1,2.9,49,12,45,26,35,33,24,299,100,27,96
ALT,2022,2,25,10,3.3,77.4,6,-0.3,3.85,1.8,13,0,975,354,4,9.1,110,6,107,60,62,66,57,301,100,27,96
ALT,2022,2,25,11,4.1,67.8,5.6,-1.3,3.59,1.9,13.1,0,974.9,333,5.5,10.5,33,0,33,19,18,19,18,302,100,27,96
ALT,2022,2,25,12,5.6,63.9,5.8,-0.7,3.72,3,15,0,974.7,300,4,7.7,31,0,31,17,17,17,17,301,100,27,96
ALT,2022,2,25,13,6.4,55.1,5.3,-1.9,3.4,3,15,0,974.3,302,4.5,7.9,60,0,60,34,32,34,32,298,88,27,96
ALT,2022,2,25,14,6.4,54.8,5.3,-2,3.4,3,15,0,974.4,315,4.4,8.3,265,90,224,126,122,208,182,301,100,27,96
ALT,2022,2,25,15,5.9,53,4.9,-2.9,3.14,2.4,13.8,0,974.3,308,3.6,7.5,94,47,74,42,41,81,76,297,100,27,96
ALT,2022,2,25,16,5.7,50,4.6,-3.9,2.95,2,13.1,0,974.5,335,4.2,10.7,65,0,65,37,36,37,35,294,100,27,96
ALT,2022,2,25,17,5.1,54.2,4.8,-3.4,3.08,1.8,12.8,0,974.8,334,4.2,7.3,7,0,7,4,4,4,4,291,100,27,96
ALT,2022,2,25,18,5.1,52.5,4.6,-3.8,2.95,1.7,12.5,0,975.6,343,5.1,9.7,0,0,0,0,0,0,0,288,100,27,96
ALT,2022,2,25,19,5.3,45.2,4,-5.6,2.56,1.3,11.7,0,975.6,11,4.2,9.8,0,0,0,0,0,0,0,286,100,27,96
ALT,2022,2,25,20,5,48.1,4.2,-5.1,2.69,1.2,11.8,0,975.7,2,5.4,9.8,0,0,0,0,0,0,0,285,100,27,96
ALT,2022,2,25,21,2.1,81.1,5.7,-0.8,3.65,0.9,11.2,0.9,977,344,5,10,0,0,0,0,0,0,0,285,100,27,96
ALT,2022,2,25,22,1.4,91.9,6.2,0.2,3.97,0.9,11.3,0.3,977,162,1.8,4.2,0,0,0,0,0,0,0,284,100,27,96
ALT,2022,2,25,23,1.7,88.3,6.1,0,3.91,1,11.5,0,977.2,141,1.2,3.3,0,0,0,0,0,0,0,284,100,27,96
ALT,2022,2,26,0,3.4,67.9,5.3,-2,3.39,1.3,11.9,0.5,977.5,340,3.7,7.7,0,0,0,0,0,0,0,284,100,27,96
ALT,2022,2,26,1,2.2,80.4,5.8,-0.8,3.71,1,11.5,0.2,977.9,263,2.1,6.8,0,0,0,0,0,0,0,282,100,28,96
ALT,2022,2,26,2,1.5,86.7,5.9,-0.5,3.77,0.7,10.9,0.6,978.2,39,1,2.8,0,0,0,0,0,0,0,279,100,28,96
ALT,2022,2,26,3,0.4,96.6,6.1,-0.1,3.9,0.2,10.1,1.5,978.4,194,0.6,1.3,0,0,0,0,0,0,0,276,100,28,96
ALT,2022,2,26,4,0.6,95.3,6.1,-0.1,3.9,0.3,10.3,0,978.6,153,1,2.2,0,0,0,0,0,0,0,273,100,28,96
ALT,2022,2,26,5,0.8,94.5,6.1,0,3.9,0.5,10.5,0,979.2,148,1,1.9,0,0,0,0,0,0,0,270,100,28,96
ALT,2022,2,26,6,0.3,94.8,5.9,-0.4,3.77,0,9.7,0,979,113,0.8,1.7,0,0,0,0,0,0,0,258,64,28,96
ALT,2022,2,26,7,0.2,94.5,5.8,-0.6,3.7,-0.1,9.4,0,979.9,252,1,2.1,12,0,12,8,8,8,8,251,45,28,96
ALT,2022,2,26,8,1,85.9,5.6,-1.1,3.57,0.2,9.9,0,980.3,172,1.6,2.3,14,0,14,8,7,8,7,262,100,28,96
ALT,2022,2,26,9,1.8,80.4,5.6,-1.2,3.58,0.6,10.7,0,979.9,152,1.5,2.8,247,309,128,80,314,307,79,263,58,28,96
ALT,2022,2,26,10,3.3,72.8,5.6,-1.1,3.58,1.5,12.3,0,979.6,162,1.3,2.7,531,917,106,102,643,834,107,259,19,28,96
ALT,2022,2,26,11,4.5,64.3,5.4,-1.6,3.45,2,13.2,0,978.8,157,0.9,3.5,228,162,145,87,167,234,84,269,46,28,96
ALT,2022,2,26,12,5.2,63.5,5.6,-1.2,3.58,2.6,14.2,0,978.3,344,2.4,5.1,149,5,146,83,81,87,79,262,53,28,96
ALT,2022,2,26,13,5.9,53.6,4.9,-2.8,3.13,2.4,13.8,0,977.5,330,2.3,3.9,734,996,193,142,147,1086,523,257,29,28,96
ALT,2022,2,26,14,6.2,54.2,5.1,-2.4,3.26,2.7,14.4,0,977.2,311,3.1,6.6,590,964,128,113,117,913,663,251,33,28,96
ALT,2022,2,26,15,6.4,53.1,5.1,-2.4,3.26,2.8,14.6,0,976.8,291,2.2,4.9,319,632,71,79,81,525,537,244,19,28,96
ALT,2022,2,26,16,4.5,61.2,5.2,-2.3,3.33,1.8,12.9,0,976.4,246,1.1,2.3,31,0,31,51,52,51,52,235,6,28,96
ALT,2022,2,26,17,3.8,61.9,5,-2.8,3.2,1.2,11.8,0,976.5,186,1,3.1,18,0,18,17,17,17,16,248,29,28,96
ALT,2022,2,26,18,2,71.7,5.1,-2.6,3.26,0.2,10.2,0,976.7,167,1.9,2.8,0,0,0,0,0,0,0,256,36,28,96
ALT,2022,2,26,19,1.8,70.4,4.9,-3,3.14,0,9.6,0,976.4,173,1.8,3.8,0,0,0,0,0,0,0,249,33,28,96
ALT,2022,2,26,20,1.3,70.3,4.7,-3.5,3.01,-0.5,8.8,0,976.2,198,0.5,2,0,0,0,0,0,0,0,236,36,28,96
ALT,2022,2,26,21,0.1,77,4.7,-3.4,3.01,-1.2,7.6,0,976,180,0.7,1.9,0,0,0,0,0,0,0,227,16,28,96
ALT,2022,2,26,22,-0.3,70.6,4.2,-5,2.69,-1.9,6.4,0,975.4,157,0.8,2.1,0,0,0,0,0,0,0,225,25,28,96
ALT,2022,2,26,23,-1.3,76.1,4.2,-5,2.69,-2.6,5.4,0,975.3,153,0.8,2,0,0,0,0,0,0,0,228,29,28,96
ALT,2022,2,27,0,-2.1,76.3,4,-5.7,2.56,-3.3,4.3,0,975.2,163,1.3,2.6,0,0,0,0,0,0,0,225,25,28,96
ALT,2022,2,27,1,-1.7,75.7,4.1,-5.4,2.63,-2.9,4.8,0,974.9,156,1.1,2.7,0,0,0,0,0,0,0,212,0,27,96
ALT,2022,2,27,2,-2.3,77,4,-5.8,2.56,-3.4,4.1,0,974.9,180,0.6,1.8,0,0,0,0,0,0,0,211,30,27,96
ALT,2022,2,27,3,-3.5,81.8,3.9,-6.2,2.5,-4.4,2.7,0,975.2,159,1,1.8,0,0,0,0,0,0,0,210,33,27,96
ALT,2022,2,27,4,-2.9,74,3.7,-6.9,2.37,-4.2,3,0,975.3,165,1.6,2.7,0,0,0,0,0,0,0,210,33,27,96
ALT,2022,2,27,5,-3.2,78.3,3.8,-6.4,2.43,-4.2,2.8,0,975.3,176,1.5,2.7,0,0,0,0,0,0,0,209,50,27,96
ALT,2022,2,27,6,-3.7,77.4,3.6,-7.1,2.3,-4.7,2,0,975.4,175,1.1,1.7,0,0,0,0,0,0,0,207,45,27,96
ALT,2022,2,27,7,-4.1,77.8,3.5,-7.4,2.24,-5.1,1.4,0,976,180,0.6,1.5,12,0,12,11,11,11,11,208,36,27,96
ALT,2022,2,27,8,-2.7,73.7,3.7,-6.7,2.37,-4,3.2,0,976.4,160,1.3,2.4,171,454,63,47,459,288,48,213,19,27,96
ALT,2022,2,27,9,-0.6,61.4,3.6,-7.1,2.3,-2.7,5.1,0,976.4,144,1.8,3,399,836,96,78,731,643,81,217,0,27,96
ALT,2022,2,27,10,1.1,59.7,3.9,-5.9,2.49,-1.3,7.3,0,976.2,342,1.2,2.9,539,773,183,121,630,765,123,221,19,27,96
ALT,2022,2,27,11,2.2,60.7,4.4,-4.6,2.82,-0.3,9.2,0,975.9,332,1.7,3.4,293,77,253,141,178,217,135,227,23,27,96
ALT,2022,2,27,12,3.2,56.6,4.4,-4.6,2.82,0.3,10.3,0,975.1,330,2.4,4.7,315,73,273,153,152,229,162,242,33,27,96
ALT,2022,2,27,13,3.7,57.2,4.6,-4,2.95,0.8,11.1,0,974.6,323,2.3,4.6,685,946,168,130,134,1004,479,240,29,27,96
ALT,2022,2,27,14,4.6,52.5,4.4,-4.3,2.82,1.2,11.7,0,974.3,310,1.9,4,589,926,139,112,115,887,647,238,19,27,96
ALT,2022,2,27,15,4.8,50.2,4.3,-4.7,2.76,1.2,11.7,0,974,297,1.1,2.7,422,899,79,79,81,689,746,238,13,27,96
ALT,2022,2,27,16,2.9,60,4.5,-4.1,2.89,0.3,10.1,0,974.3,225,0.6,1.3,32,0,32,50,51,51,52,237,6,27,96
ALT,2022,2,27,17,1.9,61.6,4.3,-4.7,2.76,-0.5,8.8,0,974.6,158,1.1,2.3,23,0,23,18,17,18,17,235,10,27,96
ALT,2022,2,27,18,0.9,64.2,4.2,-5.1,2.69,-1.2,7.6,0,975,174,1.8,3.2,0,0,0,0,0,0,0,237,23,27,96
ALT,2022,2,27,19,-0.4,71.4,4.3,-4.9,2.76,-2,6.5,0,975.1,171,1.4,2.3,0,0,0,0,0,0,0,239,33,27,96
ALT,2022,2,27,20,-0.7,71.9,4.2,-5.1,2.69,-2.2,6,0,975.6,172,1.5,2.7,0,0,0,0,0,0,0,235,39,27,96
ALT,2022,2,27,21,-1.2,74.7,4.2,-5.1,2.69,-2.5,5.5,0,975.9,175,1.2,2.1,0,0,0,0,0,0,0,232,10,27,96
ALT,2022,2,27,22,-1.8,77.7,4.2,-5.2,2.69,-2.9,4.9,0,976.2,164,0.8,1.7,0,0,0,0,0,0,0,230,26,27,96
ALT,2022,2,27,23,-2.9,80.4,4,-5.8,2.56,-3.8,3.4,0,976.4,167,1.4,2.4,0,0,0,0,0,0,0,226,23,27,96
ALT,2022,2,28,0,-2.1,76.3,4,-5.7,2.56,-3.3,4.2,0,976.3,171,1.3,3,0,0,0,0,0,0,0,222,16,27,96
ALT,2022,2,28,1,-2.5,76.3,3.9,-6.1,2.49,-3.7,3.7,0,976.4,180,1.1,2.3,0,0,0,0,0,0,0,216,0,26,96
ALT,2022,2,28,2,-3.2,79.6,3.9,-6.2,2.49,-4.2,3,0,976.5,157,0.9,1.8,0,0,0,0,0,0,0,217,20,26,96
ALT,2022,2,28,3,-3.6,82.4,3.9,-6.2,2.49,-4.4,2.6,0,977.1,162,1.3,2.7,0,0,0,0,0,0,0,218,40,26,96
ALT,2022,2,28,4,-3,75.2,3.7,-6.8,2.36,-4.2,2.9,0,977.5,144,2,2.9,0,0,0,0,0,0,0,215,25,26,96
ALT,2022,2,28,5,-3.3,76.3,3.7,-6.9,2.36,-4.4,2.5,0,977.5,162,1.2,2.8,0,0,0,0,0,0,0,217,33,26,96
ALT,2022,2,28,6,-3.8,79,3.6,-6.9,2.3,-4.8,1.9,0,977.4,162,0.6,1.4,0,0,0,0,0,0,0,212,20,26,96
ALT,2022,2,28,7,-3.7,79.2,3.7,-6.8,2.36,-4.7,2.1,0,977.8,156,1,1.5,15,0,15,13,13,13,13,214,0,26,96
ALT,2022,2,28,8,-2.1,75.7,4,-5.8,2.55,-3.3,4.2,0,977.9,158,1.2,1.8,202,592,72,47,592,342,48,224,6,26,96
ALT,2022,2,28,9,0.8,59.6,3.8,-6.2,2.43,-1.6,6.9,0,977.7,117,0.3,0.9,424,856,111,82,764,665,85,230,0,26,96
ALT,2022,2,28,10,2.6,56.5,4.2,-5.2,2.68,-0.2,9.3,0,977.9,340,1.6,3.5,515,776,151,107,601,740,110,240,0,26,96
ALT,2022,2,28,11,3.8,53.6,4.3,-4.7,2.75,0.7,10.7,0,977.7,342,2.3,4,288,67,252,140,168,207,133,249,16,26,96
ALT,2022,2,28,12,5.1,49.6,4.3,-4.6,2.75,1.4,12,0,977,340,1.6,2.9,469,446,214,134,154,561,195,256,25,26,96
ALT,2022,2,28,13,6.1,46,4.3,-4.6,2.75,2,13,0,976.3,333,2.2,4,683,937,165,127,131,988,469,244,25,26,96
ALT,2022,2,28,14,6.5,45.9,4.4,-4.3,2.82,2.3,13.6,0,975.8,332,1.8,3.1,594,944,131,109,112,888,653,256,13,26,96
ALT,2022,2,28,15,7,39.8,4,-5.7,2.56,2.2,13.5,0,975.6,322,1.3,2.5,417,874,79,77,79,667,726,264,6,26,96
ALT,2022,2,28,16,5.2,48.5,4.2,-4.9,2.72,1.4,12,0,975.7,315,0.6,1.6,36,0,36,50,51,51,51,263,0,26,96
ALT,2022,2,28,17,4,53.7,4.3,-4.7,2.77,0.8,11,0,975.9,141,1.6,3,25,0,25,18,18,18,18,254,0,26,96
ALT,2022,2,28,18,2.9,58.9,4.4,-4.5,2.8,0.2,9.9,0,976.1,180,1.5,2.2,0,0,0,0,0,0,0,253,10,26,96
ALT,2022,2,28,19,1.9,63.7,4.4,-4.4,2.83,-0.4,9,0,976.1,170,1.7,2.6,0,0,0,0,0,0,0,251,6,26,96
ALT,2022,2,28,20,1.5,67.3,4.6,-4.1,2.92,-0.6,8.8,0,975.7,170,1.1,1.9,0,0,0,0,0,0,0,247,23,26,96
ALT,2022,2,28,21,1.4,71,4.8,-3.4,3.11,-0.4,9.1,0,975.1,167,1.7,3.1,0,0,0,0,0,0,0,242,0,26,96
ALT,2022,2,28,22,1.4,73.8,5.1,-2.8,3.27,-0.1,9.6,0,974.5,149,0.7,1.3,0,0,0,0,0,0,0,237,0,26,96
ALT,2022,2,28,23,1.8,76.3,5.4,-2,3.49,0.4,10.5,0,973.5,225,0.7,1.6,0,0,0,0,0,0,0,232,0,26,96
ALT,2011,3,1,0,2.3,78.2,5.7,-1.1,3.7,1,11.5,0,972.6,135,0.4,1.3,0,0,0,0,0,0,0,311,94,33,96
ALT,2011,3,1,1,2.8,79.6,6.1,-0.3,3.9,1.6,12.6,0,971.8,131,1,1.8,0,0,0,0,0,0,0,314,100,33,96
ALT,2011,3,1,2,3.1,80.4,6.2,0.1,4,1.9,13.1,0,971.3,126,1.8,2.8,0,0,0,0,0,0,0,313,100,33,96
ALT,2011,3,1,3,3.4,81,6.4,0.5,4.1,2.2,13.7,0,970.8,132,1.4,2.5,0,0,0,0,0,0,0,313,100,33,96
ALT,2011,3,1,4,3.5,81.2,6.4,0.5,4.1,2.2,13.7,0,970.6,146,0.7,1.2,0,0,0,0,0,0,0,312,100,33,96
ALT,2011,3,1,5,3.5,80.6,6.3,0.4,4.07,2.2,13.7,0,970.8,131,1.2,2.1,0,0,0,0,0,0,0,312,100,33,96
ALT,2011,3,1,6,3.5,80.5,6.3,0.4,4.06,2.2,13.6,0,971,141,1.6,2.8,15,0,15,9,8,9,8,312,100,33,96
ALT,2011,3,1,7,3.8,79.1,6.4,0.6,4.1,2.5,14.1,0,971.2,243,0.3,1.3,37,12,34,21,31,27,20,315,100,33,96
ALT,2011,3,1,8,4.5,77.8,6.5,1,4.19,3,15,0,971.4,108,0.5,1.2,200,130,150,92,198,188,90,310,81,33,96
ALT,2011,3,1,9,5.1,75.7,6.6,1.2,4.25,3.4,15.8,0,971.4,342,1,2.8,83,0,83,50,48,49,47,311,100,33,96
ALT,2011,3,1,10,5.4,72.3,6.5,0.8,4.19,3.4,15.9,0,971.4,341,1.8,2.6,223,25,209,125,132,151,120,323,100,33,96
ALT,2011,3,1,11,6,72.9,6.8,1.5,4.39,4,17,0,971.1,338,2.1,3.3,291,51,262,158,158,210,160,314,100,33,96
ALT,2011,3,1,12,6.6,67.6,6.6,1,4.26,4.1,17.3,0,970.5,341,2.8,4.2,282,101,226,137,134,237,181,296,75,33,96
ALT,2011,3,1,13,6.7,70.7,6.9,1.8,4.45,4.5,17.9,0,970.4,340,4.6,7.2,164,7,161,96,93,102,96,320,100,33,96
ALT,2011,3,1,14,6,71.8,6.7,1.3,4.32,3.9,16.9,0,970.7,337,5,7.6,27,0,27,16,16,16,15,308,100,33,96
ALT,2011,3,1,15,5.8,71.9,6.6,1.1,4.26,3.7,16.5,0,970.8,339,3.9,6.3,22,0,22,13,13,13,13,303,88,33,96
ALT,2011,3,1,16,5.8,70,6.5,0.8,4.19,3.6,16.3,0,971,322,1.4,3.5,11,0,11,6,6,6,6,323,88,33,96
ALT,2011,3,1,17,5.6,73.2,6.7,1.2,4.32,3.7,16.5,0,971.3,207,0.4,0.9,0,0,0,0,0,0,0,318,55,33,96
ALT,2011,3,1,18,5.4,75.1,6.8,1.4,4.38,3.6,16.4,0,971.5,342,0.4,1.1,0,0,0,0,0,0,0,318,40,33,96
ALT,2011,3,1,19,5.2,77.4,6.8,1.6,4.39,3.6,16.2,0,971.2,191,0.6,1.3,0,0,0,0,0,0,0,311,45,33,96
ALT,2011,3,1,20,5,78.2,6.8,1.5,4.39,3.5,16,0,970.7,117,0.3,0.8,0,0,0,0,0,0,0,299,26,33,96
ALT,2011,3,1,21,4.8,79.1,6.8,1.5,4.39,3.4,15.8,0,970.1,225,0.3,0.8,0,0,0,0,0,0,0,287,29,33,96
ALT,2011,3,1,22,4.7,80.5,6.9,1.6,4.46,3.3,15.9,0,969.8,309,0.7,1.3,0,0,0,0,0,0,0,289,44,33,96
ALT,2011,3,1,23,4.5,79.8,6.7,1.3,4.33,3.1,15.4,0,969.6,207,0.5,2,0,0,0,0,0,0,0,280,56,33,96
ALT,2011,3,2,0,4.3,72.8,6,-0.1,3.87,2.5,14,0,969.5,334,2.8,6,0,0,0,0,0,0,0,267,94,33,96
ALT,2011,3,2,1,3.9,71.8,5.8,-0.7,3.74,2,13.3,0,969.2,331,3.9,6.6,0,0,0,0,0,0,0,269,100,33,96
ALT,2011,3,2,2,3.4,72.5,5.7,-1.1,3.68,1.6,12.6,0,968.7,332,3,4.8,0,0,0,0,0,0,0,257,100,33,96
ALT,2011,3,2,3,3.1,74.9,5.7,-0.9,3.68,1.5,12.3,0,968.4,339,2.6,4.3,0,0,0,0,0,0,0,251,100,33,96
ALT,2011,3,2,4,2.9,75.7,5.7,-1,3.68,1.3,12.1,0,968.3,338,2.7,4.6,0,0,0,0,0,0,0,248,100,33,96
ALT,2011,3,2,5,2.9,75.5,5.7,-1,3.68,1.3,12.1,0,968.3,340,2.9,4.6,0,0,0,0,0,0,0,243,100,33,96
ALT,2011,3,2,6,2.9,73.4,5.5,-1.4,3.55,1.2,11.8,0,968.3,339,1.9,3.9,26,0,26,17,16,17,16,247,81,33,96
ALT,2011,3,2,7,3.1,73.3,5.6,-1.2,3.62,1.4,12.2,0,967.8,180,0.7,1.6,83,9,81,49,55,53,46,246,100,33,96
ALT,2011,3,2,8,3.3,71.9,5.6,-1.3,3.62,1.5,12.4,0,967.6,360,0.9,3.8,126,7,123,74,77,78,70,250,100,33,96
ALT,2011,3,2,9,3.5,71.1,5.6,-1.2,3.62,1.6,12.6,0,967.3,333,3.1,4.6,71,0,71,42,41,42,40,259,100,33,96
ALT,2011,3,2,10,3.7,70.2,5.6,-1.2,3.62,1.7,12.8,0,967.4,338,4.3,6.5,90,0,90,54,52,54,51,293,100,33,96
ALT,2011,3,2,11,3.6,69.8,5.5,-1.4,3.56,1.6,12.5,0,967.5,337,5.4,7.4,71,0,71,42,41,42,40,303,100,33,96
ALT,2011,3,2,12,3.6,68.8,5.5,-1.6,3.56,1.5,12.5,0,967.3,335,5.3,7.9,75,2,74,44,43,46,43,307,100,33,96
ALT,2011,3,2,13,3.5,68.2,5.3,-1.8,3.43,1.4,12.1,0,967.4,338,4.8,8.1,46,0,46,27,26,27,26,304,100,33,96
ALT,2011,3,2,14,3.5,66.6,5.3,-2.1,3.42,1.3,12.1,0,968,340,3.3,6.6,42,0,42,25,24,25,24,301,100,33,96
ALT,2011,3,2,15,3.7,65.6,5.2,-2.1,3.36,1.4,12.1,0,968.3,320,0.9,2.1,47,0,47,28,27,28,27,299,100,33,96
ALT,2011,3,2,16,3.6,67,5.3,-1.9,3.42,1.4,12.2,0,968.8,344,0.8,1.7,15,0,15,9,9,9,8,296,100,33,96
ALT,2011,3,2,17,3.5,68.6,5.4,-1.7,3.48,1.4,12.2,0,969.2,0,0.4,1.3,0,0,0,0,0,0,0,282,100,33,96
ALT,2011,3,2,18,2.6,75.6,5.6,-1.3,3.61,1.1,11.6,0,969.3,90,0.5,1.2,0,0,0,0,0,0,0,270,90,33,96
ALT,2011,3,2,19,1.9,77.6,5.5,-1.6,3.55,0.5,10.8,0,968.8,153,0.8,1.8,0,0,0,0,0,0,0,259,55,33,96
ALT,2011,3,2,20,1,81.3,5.3,-1.8,3.42,-0.1,9.5,0,969.2,284,1.2,2.2,0,0,0,0,0,0,0,259,65,33,96
ALT,2011,3,2,21,0.5,83,5.3,-2,3.42,-0.4,9,0,969.2,149,0.8,2.3,0,0,0,0,0,0,0,257,81,33,96
ALT,2011,3,2,22,-0.1,84.4,5.1,-2.4,3.29,-1,8.1,0,969.2,140,0.9,2,0,0,0,0,0,0,0,255,100,33,96
ALT,2011,3,2,23,-0.6,85.4,5,-2.7,3.23,-1.4,7.4,0,969,141,0.8,1.4,0,0,0,0,0,0,0,254,100,33,96
ALT,2011,3,3,0,-1.1,87.1,4.9,-3,3.16,-1.8,6.8,0,969.3,141,1,2.2,0,0,0,0,0,0,0,254,0,33,96
ALT,2011,3,3,1,-1.2,86.6,4.8,-3.1,3.1,-1.9,6.5,0,969.3,165,1.3,2.3,0,0,0,0,0,0,0,251,0,33,96
ALT,2011,3,3,2,-0.5,85.6,5.1,-2.6,3.29,-1.3,7.7,0,969.2,127,0.5,1.5,0,0,0,0,0,0,0,253,0,33,96
ALT,2011,3,3,3,0,85.5,5.2,-2.1,3.35,-0.8,8.4,0,969.4,162,1,1.7,0,0,0,0,0,0,0,254,0,33,96
ALT,2011,3,3,4,0.2,84.2,5.2,-2.1,3.35,-0.7,8.6,0,969.7,160,1.2,2,0,0,0,0,0,0,0,267,63,33,96
ALT,2011,3,3,5,0.3,84.4,5.3,-2,3.42,-0.6,8.8,0,970,146,0.9,1.8,0,0,0,0,0,0,0,274,66,33,96
ALT,2011,3,3,6,0.5,83.6,5.3,-1.9,3.42,-0.4,9,0,970.4,146,0.7,1.5,26,0,26,17,16,17,16,260,40,33,96
ALT,2011,3,3,7,0.9,82.2,5.3,-1.8,3.42,-0.1,9.4,0,970.5,153,1,2.5,141,231,95,59,282,165,58,266,56,33,96
ALT,2011,3,3,8,1.7,74.4,5.1,-2.4,3.28,0.1,9.9,0,970.8,341,2.3,5.7,248,177,179,109,257,242,106,266,53,33,96
ALT,2011,3,3,9,2.2,70.3,5,-2.6,3.22,0.4,10.3,0,971.1,343,4.1,6.4,216,45,195,118,148,155,113,284,90,33,96
ALT,2011,3,3,10,2.2,67.3,4.8,-3.2,3.09,0.2,9.9,0,971.5,337,4.8,6.7,312,108,252,153,204,259,147,298,88,33,96
ALT,2011,3,3,11,2.6,65.8,4.9,-3.1,3.15,0.4,10.5,0,971.6,339,3.9,6.2,282,36,261,157,160,192,152,303,100,33,96
ALT,2011,3,3,12,2.7,65,4.8,-3.2,3.09,0.5,10.4,0,971.4,341,2.5,4.3,175,2,173,104,100,105,100,307,100,33,96
ALT,2011,3,3,13,3.3,64.6,5,-2.7,3.22,1,11.4,0,971.3,338,3.2,5.3,473,607,167,134,135,631,493,307,71,33,96
ALT,2011,3,3,14,3.5,63.8,5,-2.7,3.22,1.1,11.6,0,971.2,325,2.5,5.6,271,294,144,98,97,317,316,307,74,33,96
ALT,2011,3,3,15,3.3,65.2,5.1,-2.6,3.28,1,11.5,0,971.3,336,2.2,3.3,80,0,80,64,63,64,63,307,60,33,96
ALT,2011,3,3,16,3,65.8,5,-2.8,3.22,0.8,11.1,0,971.8,328,1.6,3,32,0,32,29,28,29,28,296,43,33,96
ALT,2011,3,3,17,2.1,72.2,5.1,-2.4,3.28,0.4,10.3,0,971.9,214,0.8,1.3,0,0,0,0,0,0,0,305,61,33,96
ALT,2011,3,3,18,1.7,75.1,5.2,-2.2,3.35,0.2,10.1,0,972.1,180,0.3,0.8,0,0,0,0,0,0,0,305,48,33,96
ALT,2011,3,3,19,1,80,5.3,-2.1,3.41,-0.2,9.5,0,972.1,158,0.6,1.3,0,0,0,0,0,0,0,302,40,33,96
ALT,2011,3,3,20,0.5,81.6,5.2,-2.3,3.35,-0.6,8.8,0,972.1,135,0.3,0.8,0,0,0,0,0,0,0,298,23,33,96
ALT,2011,3,3,21,-0.4,85.2,5.1,-2.6,3.28,-1.2,7.8,0,972,158,0.7,1.7,0,0,0,0,0,0,0,290,6,33,96
ALT,2011,3,3,22,-0.5,85.5,5.1,-2.6,3.28,-1.3,7.7,0,972.4,171,0.6,1.6,0,0,0,0,0,0,0,286,13,33,96
ALT,2011,3,3,23,-0.4,85.3,5.1,-2.6,3.28,-1.2,7.8,0,972.8,157,0.8,2,0,0,0,0,0,0,0,287,33,33,96
ALT,2011,3,4,0,-0.8,87,5,-2.7,3.21,-1.5,7.2,0,972.9,180,0.7,1.4,0,0,0,0,0,0,0,288,48,31,96
ALT,2011,3,4,1,-1,87.3,5,-2.8,3.21,-1.7,7,0,973.1,153,0.6,1.8,0,0,0,0,0,0,0,296,53,31,96
ALT,2011,3,4,2,-1.1,87.5,4.9,-2.9,3.15,-1.8,6.7,0,973.4,153,0.7,1.8,0,0,0,0,0,0,0,297,20,31,96
ALT,2011,3,4,3,-1.2,86.9,4.9,-3.1,3.15,-1.9,6.6,0,973.6,159,0.9,1.8,0,0,0,0,0,0,0,273,16,31,96
ALT,2011,3,4,4,-1.4,87.5,4.8,-3.2,3.08,-2,6.3,0,973.9,148,0.9,1.8,0,0,0,0,0,0,0,270,41,31,96
ALT,2011,3,4,5,-1.9,88.8,4.7,-3.5,3.02,-2.5,5.6,0,974.1,194,0.4,1.3,0,0,0,0,0,0,0,279,61,31,96
ALT,2011,3,4,6,-0.6,87.7,5.1,-2.4,3.27,-1.3,7.6,0,974.4,153,0.9,1.8,16,0,16,10,10,10,9,286,88,31,96
ALT,2011,3,4,7,0.4,85.6,5.4,-1.7,3.47,-0.4,9,0,974.5,150,0.9,1.7,97,25,91,54,75,67,51,293,100,31,96
ALT,2011,3,4,8,1.4,81.8,5.6,-1.4,3.59,0.3,10.4,0,974.8,153,0.3,1.2,161,20,153,90,104,103,86,298,100,31,96
ALT,2011,3,4,9,1.8,79.7,5.6,-1.3,3.59,0.6,10.8,0,974.7,309,0.8,2.7,250,48,226,133,162,176,127,305,100,31,96
ALT,2011,3,4,10,2.2,79.1,5.7,-1,3.66,0.9,11.4,0,974.7,342,2,3.9,311,70,272,160,190,229,154,313,100,31,96
ALT,2011,3,4,11,2.6,76.8,5.7,-1.1,3.66,1.1,11.8,0,974.6,339,2.3,4.3,390,164,292,173,190,344,196,320,100,31,96
ALT,2011,3,4,12,3.4,74.8,5.8,-0.6,3.73,1.8,12.7,0,974,339,1.8,3.8,400,209,281,168,165,376,260,323,100,31,96
ALT,2011,3,4,13,3.4,73.8,5.8,-0.8,3.73,1.7,12.7,0,973.6,332,1.6,2.6,323,143,249,148,144,280,238,322,100,31,96
ALT,2011,3,4,14,3.8,71.6,5.7,-0.9,3.66,1.9,13,0,973.2,342,1.2,2.3,193,40,177,104,101,133,133,320,100,31,96
ALT,2011,3,4,15,4,71.4,5.8,-0.7,3.73,2.1,13.4,0,972.7,328,0.9,1.8,64,0,64,69,70,69,70,285,48,31,96
ALT,2011,3,4,16,3.5,72.5,5.7,-1,3.67,1.7,12.7,0,972.4,333,0.7,1.3,34,0,34,30,30,30,30,267,30,31,96
ALT,2011,3,4,17,2,81.1,5.7,-0.9,3.67,0.8,11.2,0,972.6,198,0.6,1.2,0,0,0,0,0,0,0,266,6,31,96
ALT,2011,3,4,18,0.7,85.6,5.5,-1.4,3.54,-0.1,9.5,0,973,169,0.6,1.2,0,0,0,0,0,0,0,264,0,31,96
ALT,2011,3,4,19,0.3,85.9,5.4,-1.8,3.47,-0.5,9,0,973.1,156,1.3,2.2,0,0,0,0,0,0,0,261,0,31,96
ALT,2011,3,4,20,0.7,86,5.5,-1.4,3.54,-0.1,9.5,0,973,180,0.6,1.8,0,0,0,0,0,0,0,258,0,31,96
ALT,2011,3,4,21,-1.1,90.6,5.1,-2.4,3.28,-1.6,7.1,0,973,169,0.5,1.2,0,0,0,0,0,0,0,254,0,31,96
ALT,2011,3,4,22,-1,89.9,5.1,-2.4,3.28,-1.5,7.2,0,972.9,143,1.1,1.9,0,0,0,0,0,0,0,266,50,31,96
ALT,2011,3,4,23,-0.8,89.8,5.2,-2.3,3.34,-1.4,7.5,0,972.4,165,1.1,2,0,0,0,0,0,0,0,254,48,31,96
ALT,2011,3,5,0,-1.5,91.2,5,-2.7,3.22,-1.9,6.5,0,972.2,171,0.7,1.6,0,0,0,0,0,0,0,252,36,32,96
ALT,2011,3,5,1,-2.3,91.6,4.8,-3.5,3.09,-2.7,5.4,0,972.1,166,0.8,1.4,0,0,0,0,0,0,0,262,80,32,96
ALT,2011,3,5,2,-1.8,90.6,4.9,-3.1,3.15,-2.3,6,0,971.8,162,1,1.6,0,0,0,0,0,0,0,256,71,32,96
ALT,2011,3,5,3,-2.1,90.6,4.8,-3.4,3.09,-2.6,5.6,0,971.7,153,0.8,1.7,0,0,0,0,0,0,0,244,60,32,96
ALT,2011,3,5,4,-2.4,90.6,4.7,-3.7,3.02,-2.9,5.1,0,971.4,160,1.3,2.1,0,0,0,0,0,0,0,243,60,32,96
ALT,2011,3,5,5,-1.4,88.5,4.9,-3,3.15,-2,6.4,0,971.4,150,0.9,1.5,0,0,0,0,0,0,0,242,43,32,96
ALT,2011,3,5,6,-1.5,89.5,4.9,-3,3.15,-2,6.3,0,971.4,158,1.1,2.2,25,0,25,23,23,23,23,243,48,32,96
ALT,2011,3,5,7,-1,87.7,5,-2.8,3.22,-1.7,7,0,971.1,156,1.1,2,249,651,84,65,670,387,67,259,16,32,96
ALT,2011,3,5,8,1.1,86,5.7,-1,3.67,0.3,10.3,0,970.8,351,0.7,1.9,342,497,152,106,520,441,107,264,23,32,96
ALT,2011,3,5,9,2.1,82.5,5.9,-0.6,3.8,1,11.6,0,970.9,352,1.5,3.6,238,62,209,126,169,178,121,272,61,32,96
ALT,2011,3,5,10,2.2,80.5,5.7,-0.8,3.67,1,11.4,0,970.7,346,1,3.4,406,254,258,162,265,410,159,272,50,32,96
ALT,2011,3,5,11,3.2,77.6,5.9,-0.3,3.81,1.8,12.7,0,969.9,330,2,4.8,644,832,146,149,232,899,215,270,13,32,96
ALT,2011,3,5,12,3.9,76.3,6.1,0.1,3.94,2.3,13.8,0,969.6,333,4,6.1,651,889,136,146,151,922,453,279,6,32,96
ALT,2011,3,5,13,4.2,76.1,6.3,0.4,4.07,2.6,14.4,0,969.2,330,4.3,7.3,590,872,140,135,139,842,648,290,25,32,96
ALT,2011,3,5,14,3.6,78.5,6.2,0.2,4,2.2,13.6,0,969.3,333,4.7,6.8,261,220,162,106,104,270,268,295,49,32,96
ALT,2011,3,5,15,3.2,80.6,6.2,0.2,4,2,13.2,0,969.4,336,3.5,5.4,101,0,101,71,70,71,69,297,44,32,96
ALT,2011,3,5,16,3,80.4,6.1,0,3.94,1.8,12.9,0,969.3,351,1.4,3.4,28,0,28,26,26,26,26,287,49,32,96
ALT,2011,3,5,17,3.1,79.2,6,-0.1,3.87,1.8,12.8,0,969.5,329,0.6,1.4,0,0,0,0,0,0,0,275,34,32,96
ALT,2011,3,5,18,3.1,79.7,6.1,-0.1,3.94,1.8,13,0,969.8,284,0.5,1.1,0,0,0,0,0,0,0,265,25,32,96
ALT,2011,3,5,19,3.2,79.5,6.1,0,3.94,1.9,13.1,0,970,0,0.5,1.9,0,0,0,0,0,0,0,262,25,32,96
ALT,2011,3,5,20,2.8,79.1,5.9,-0.5,3.81,1.5,12.3,0,970,103,1.1,2.8,0,0,0,0,0,0,0,259,25,32,96
ALT,2011,3,5,21,2.3,80.6,5.8,-0.7,3.74,1.1,11.7,0,969.8,225,0.5,1.8,0,0,0,0,0,0,0,256,33,32,96
ALT,2011,3,5,22,1.1,85.6,5.7,-1,3.68,0.3,10.3,0,970.1,225,0.6,1,0,0,0,0,0,0,0,253,34,32,96
ALT,2011,3,5,23,1.3,84.2,5.7,-1.1,3.68,0.4,10.5,0,969.8,165,1.2,2.1,0,0,0,0,0,0,0,250,80,32,96
ALT,2011,3,6,0,1.6,83.6,5.7,-0.9,3.68,0.6,10.8,0,969.7,162,0.4,1.7,0,0,0,0,0,0,0,254,100,33,96
ALT,2011,3,6,1,1.8,82.7,5.8,-0.8,3.74,0.8,11.2,0,969.5,174,1.1,2.5,0,0,0,0,0,0,0,266,100,33,96
ALT,2011,3,6,2,1.6,82.6,5.7,-1,3.68,0.6,10.8,0,969.2,146,0.9,2.3,0,0,0,0,0,0,0,263,84,33,96
ALT,2011,3,6,3,1.4,82.9,5.6,-1.2,3.62,0.4,10.4,0,969.1,149,1.2,2.4,0,0,0,0,0,0,0,245,34,33,96
ALT,2011,3,6,4,1.2,82,5.5,-1.5,3.55,0.2,10.1,0,969.3,174,1.1,2.2,0,0,0,0,0,0,0,242,25,33,96
ALT,2011,3,6,5,0.9,82.3,5.4,-1.8,3.48,-0.1,9.6,0,969.4,162,0.6,2,0,0,0,0,0,0,0,244,63,33,96
ALT,2011,3,6,6,0.9,83.6,5.4,-1.6,3.48,-0.1,9.6,0,969.9,145,1.6,3,29,0,29,23,23,23,23,248,36,33,96
ALT,2011,3,6,7,1,82,5.4,-1.7,3.48,0,9.7,0,970.7,137,1.9,3.6,140,91,114,70,155,120,67,246,23,33,96
ALT,2011,3,6,8,1.6,78.8,5.4,-1.7,3.48,0.3,10.3,0,970.6,141,1.9,3.8,284,224,194,120,313,285,118,251,23,33,96
ALT,2011,3,6,9,2.4,75.6,5.5,-1.5,3.54,0.9,11.3,0,970.7,283,1.4,3.8,507,665,171,136,566,677,140,251,19,33,96
ALT,2011,3,6,10,3.4,73.4,5.7,-0.9,3.67,1.7,12.6,0,970.7,333,2.1,4.6,477,365,268,174,356,523,172,261,41,33,96
ALT,2011,3,6,11,4.2,71.8,5.9,-0.4,3.8,2.3,13.7,0,970.8,331,2.9,5.1,377,123,303,185,206,312,190,256,65,33,96
ALT,2011,3,6,12,4.4,71.2,6,-0.4,3.87,2.4,14.1,0,970.8,336,3.5,6.4,305,52,275,166,161,217,185,263,84,33,96
ALT,2011,3,6,13,4.5,72.4,6.1,0,3.93,2.6,14.4,0,970.6,338,3.6,6,372,230,256,159,156,362,319,253,59,33,96
ALT,2011,3,6,14,4.7,72.2,6.2,0.1,4,2.8,14.7,0,970.5,338,3.7,5.4,445,795,116,108,111,644,731,246,19,33,96
ALT,2011,3,6,15,3.9,74.9,6,-0.1,3.87,2.2,13.6,0,970.7,335,2.9,4.2,117,192,53,72,73,182,241,270,19,33,96
ALT,2011,3,6,16,3.8,74.8,6,-0.3,3.87,2.1,13.5,0,971.1,319,2,3.7,31,0,31,28,28,28,28,268,59,33,96
ALT,2011,3,6,17,3.9,74.4,6,-0.2,3.86,2.2,13.6,0,971.7,307,1,2.6,0,0,0,0,0,0,0,269,100,33,96
ALT,2011,3,6,18,3.9,75.3,6.1,-0.1,3.93,2.2,13.8,0,972.2,284,0.5,1.1,0,0,0,0,0,0,0,263,100,33,96
ALT,2011,3,6,19,3.9,76,6.1,0.1,3.93,2.3,13.7,0,972.6,262,0.8,1.8,0,0,0,0,0,0,0,259,100,33,96
ALT,2011,3,6,20,3.8,76.3,6.1,0,3.92,2.2,13.6,0,972.9,328,1.2,3.8,0,0,0,0,0,0,0,255,100,33,96
ALT,2011,3,6,21,3.3,77,6,-0.3,3.86,1.8,13,0,973.1,334,3.2,4.9,0,0,0,0,0,0,0,252,100,33,96
ALT,2011,3,6,22,3.2,77.5,5.9,-0.3,3.79,1.8,12.7,0,973.1,337,2.1,4,0,0,0,0,0,0,0,250,81,33,96
ALT,2011,3,6,23,3.3,76,5.9,-0.5,3.8,1.7,12.8,0,972.8,321,0.6,1.4,0,0,0,0,0,0,0,248,81,33,96
ALT,2011,3,7,0,3,78.4,6,-0.4,3.86,1.6,12.7,0,972.7,336,2.2,3.6,0,0,0,0,0,0,0,238,0,30,96
ALT,2011,3,7,1,2.9,75.7,5.7,-1,3.67,1.3,12.1,0,972.9,336,3,4.8,0,0,0,0,0,0,0,236,0,30,96
ALT,2011,3,7,2,2.8,73.9,5.5,-1.4,3.54,1.1,11.7,0,972.7,330,2,3.2,0,0,0,0,0,0,0,238,0,30,96
ALT,2011,3,7,3,2.7,73.9,5.5,-1.5,3.54,1,11.6,0,972.5,331,1.3,2.7,0,0,0,0,0,0,0,236,16,30,96
ALT,2011,3,7,4,2.5,73.8,5.4,-1.7,3.47,0.9,11.2,0,972.6,336,2,3.7,0,0,0,0,0,0,0,234,25,30,96
ALT,2011,3,7,5,2.4,72.9,5.3,-2,3.41,0.7,10.9,0,972.7,339,2.3,3.8,0,0,0,0,0,0,0,239,29,30,96
ALT,2011,3,7,6,2.3,72.2,5.2,-2.2,3.34,0.6,10.7,0,973.1,349,1.7,2.9,49,106,32,23,128,61,23,242,26,30,96
ALT,2011,3,7,7,2.6,68,5,-2.7,3.21,0.6,10.6,0,973.5,225,0.9,1.8,141,93,118,69,157,115,66,243,41,30,96
ALT,2011,3,7,8,2.8,68.1,5.1,-2.5,3.27,0.8,11,0,973.9,318,1.9,4.4,229,88,194,113,187,175,108,246,70,30,96
ALT,2011,3,7,9,3.5,68.2,5.3,-1.8,3.4,1.4,12,0,974.2,339,3.6,5.6,325,142,250,146,239,275,141,242,71,30,96
ALT,2011,3,7,10,4.4,63.5,5.3,-1.9,3.4,1.9,12.9,0,974.3,339,4.5,6.4,698,918,161,145,504,954,151,247,13,30,96
ALT,2011,3,7,11,4.7,62,5.3,-1.9,3.4,2.1,13.2,0,974.3,338,4.9,7.2,717,956,134,144,239,990,215,250,0,30,96
ALT,2011,3,7,12,5.1,60.9,5.3,-1.8,3.4,2.3,13.7,0,974.3,335,5.2,7.2,645,839,150,137,142,874,440,252,13,30,96
ALT,2011,3,7,13,5.6,60.1,5.4,-1.5,3.47,2.7,14.3,0,974.5,335,4.4,7.2,561,801,140,122,126,765,596,245,0,30,96
ALT,2011,3,7,14,5.6,58.8,5.3,-1.8,3.4,2.6,14.2,0,974.6,327,3.4,5.8,435,766,114,97,99,609,696,244,0,30,96
ALT,2011,3,7,15,4.9,60.7,5.3,-2,3.4,2.1,13.4,0,974.7,294,1.3,4.8,118,195,52,67,68,177,238,244,0,30,96
ALT,2011,3,7,16,3.8,67,5.4,-1.8,3.46,1.6,12.5,0,974.8,180,0.7,1.6,30,0,30,29,29,29,29,249,6,30,96
ALT,2011,3,7,17,2.6,74.5,5.5,-1.5,3.53,1,11.4,0,975.2,166,0.5,1.1,0,0,0,0,0,0,0,244,0,30,96
ALT,2011,3,7,18,1.5,78,5.3,-1.9,3.4,0.2,10,0,975.3,153,0.3,0.9,0,0,0,0,0,0,0,243,0,30,96
ALT,2011,3,7,19,0.9,80.5,5.2,-2.1,3.33,-0.2,9.2,0,975.4,165,1.1,1.9,0,0,0,0,0,0,0,242,0,30,96
ALT,2011,3,7,20,0.2,83.1,5.1,-2.3,3.27,-0.7,8.4,0,975.6,174,1,1.5,0,0,0,0,0,0,0,241,0,30,96
ALT,2011,3,7,21,-0.1,85.2,5.2,-2.3,3.33,-0.9,8.2,0,975.6,169,0.5,1.3,0,0,0,0,0,0,0,240,0,30,96
ALT,2011,3,7,22,-0.5,85.8,5.1,-2.6,3.27,-1.3,7.6,0,975.4,162,0.7,1.5,0,0,0,0,0,0,0,239,0,30,96
ALT,2011,3,7,23,-1.3,88.1,4.9,-3,3.14,-1.9,6.5,0,975.6,158,0.6,1.3,0,0,0,0,0,0,0,237,6,30,96
ALT,2011,3,8,0,-1.3,87.7,4.8,-3.1,3.07,-1.9,6.3,0,976,153,0.9,1.9,0,0,0,0,0,0,0,237,0,26,96
ALT,2011,3,8,1,-1.9,87.7,4.7,-3.7,3.01,-2.5,5.6,0,976,160,1.2,2,0,0,0,0,0,0,0,237,0,26,96
ALT,2011,3,8,2,-1.8,88,4.7,-3.5,3.01,-2.4,5.7,0,976,163,1.1,2.1,0,0,0,0,0,0,0,236,0,26,96
ALT,2011,3,8,3,-2.1,89.2,4.7,-3.6,3.01,-2.6,5.4,0,976.2,164,0.8,1.7,0,0,0,0,0,0,0,236,0,26,96
ALT,2011,3,8,4,-2.6,88.7,4.5,-4.2,2.88,-3.1,4.5,0,976.6,158,1.1,1.9,0,0,0,0,0,0,0,236,0,26,96
ALT,2011,3,8,5,-2.3,87.9,4.5,-4,2.88,-2.9,4.8,0,976.7,150,1.4,2,0,0,0,0,0,0,0,236,0,26,96
ALT,2011,3,8,6,-1.8,87.4,4.7,-3.6,3.01,-2.4,5.7,0,976.9,157,1.4,2.2,50,95,34,23,117,57,23,238,19,26,96
ALT,2011,3,8,7,-0.8,86.9,5,-2.7,3.2,-1.5,7.2,0,977,174,1,1.9,249,634,77,55,641,358,56,244,0,26,96
ALT,2011,3,8,8,2.3,77.6,5.6,-1.2,3.59,0.9,11.3,0,976.5,149,0.9,2.1,421,798,93,81,706,589,84,250,0,26,96
ALT,2011,3,8,9,4.3,72.9,6.1,-0.1,3.91,2.5,14.1,0,976.2,337,2.1,3.4,548,824,120,105,601,741,109,256,0,26,96
ALT,2011,3,8,10,5.7,60.7,5.6,-1.3,3.59,2.8,14.7,0,975.8,338,1.6,3.1,638,871,125,119,436,858,124,266,0,26,96
ALT,2011,3,8,11,7.6,48,5,-2.7,3.21,3.4,15.7,0,975.2,336,1.7,2.9,680,913,118,123,202,918,191,225,0,26,96
ALT,2011,3,8,12,9.1,44.6,5.2,-2.3,3.34,4.3,17.5,0,974.4,338,2.2,3.5,647,884,121,119,123,871,419,233,13,26,96
ALT,2011,3,8,13,10,44,5.4,-1.7,3.47,5,18.8,0,973.7,342,2.1,3.7,559,822,123,107,110,752,582,227,0,26,96
ALT,2011,3,8,14,10.9,45.8,6,-0.3,3.86,5.9,20.7,0,973.1,344,1.8,4.5,432,771,105,85,88,593,683,228,0,26,96
ALT,2011,3,8,15,10.2,49.9,6.2,0.2,3.99,5.7,20.3,0,972.7,315,0.8,2.4,116,190,51,60,61,166,227,234,0,26,96
ALT,2011,3,8,16,8.2,59.4,6.4,0.8,4.12,4.9,18.6,0,972.6,170,1.1,2.1,30,0,30,27,27,27,26,228,0,26,96
ALT,2011,3,8,17,6.6,64.4,6.3,0.4,4.05,3.9,16.8,0,973,180,1.6,3.1,0,0,0,0,0,0,0,238,0,26,96
ALT,2011,3,8,18,5.8,66.5,6.1,0.1,3.92,3.4,15.7,0,973,180,2,3.2,0,0,0,0,0,0,0,268,0,26,96
ALT,2011,3,8,19,4.7,69.3,5.9,-0.4,3.8,2.6,14.2,0,972.8,176,1.5,4.2,0,0,0,0,0,0,0,265,0,26,96
ALT,2011,3,8,20,4.4,67.7,5.6,-1,3.6,2.2,13.4,0,972.7,156,1.1,3.7,0,0,0,0,0,0,0,263,0,26,96
ALT,2011,3,8,21,2.1,78,5.5,-1.3,3.54,0.8,11,0,972.4,153,0.8,1.7,0,0,0,0,0,0,0,261,10,26,96
ALT,2011,3,8,22,1.4,79.9,5.4,-1.7,3.47,0.2,10.1,0,972.3,135,0.7,2,0,0,0,0,0,0,0,258,30,26,96
ALT,2011,3,8,23,0.8,81.2,5.3,-2,3.41,-0.3,9.3,0,972.4,159,0.9,1.7,0,0,0,0,0,0,0,256,25,26,96
ALT,2011,3,9,0,0.7,80.9,5.2,-2.2,3.34,-0.4,9,0,972.6,164,0.8,1.8,0,0,0,0,0,0,0,254,0,23,96
ALT,2011,3,9,1,0.4,81.1,5.1,-2.5,3.28,-0.7,8.6,0,972.5,165,1.2,2.1,0,0,0,0,0,0,0,253,0,23,96
ALT,2011,3,9,2,0.5,79.2,5,-2.7,3.22,-0.7,8.5,0,972.3,169,1,1.9,0,0,0,0,0,0,0,251,0,23,96
ALT,2011,3,9,3,0,80,4.9,-3,3.15,-1.1,7.9,0,972,167,1.4,2.2,0,0,0,0,0,0,0,250,0,23,96
ALT,2011,3,9,4,-0.4,80.4,4.8,-3.4,3.09,-1.5,7.3,0,971.7,172,0.8,1.4,0,0,0,0,0,0,0,249,0,23,96
ALT,2011,3,9,5,-0.7,81,4.7,-3.5,3.02,-1.7,6.8,0,971.6,162,0.6,1.2,0,0,0,0,0,0,0,247,0,23,96
ALT,2011,3,9,6,-0.6,81.8,4.8,-3.3,3.09,-1.6,7.1,0,971.8,149,0.6,1.4,55,130,33,22,149,67,21,251,19,23,96
ALT,2011,3,9,7,0.8,80.1,5.2,-2.2,3.35,-0.3,9.2,0,972,167,1,2.1,248,598,84,52,609,338,53,261,6,23,96
ALT,2011,3,9,8,4.2,67.2,5.6,-1.3,3.6,2,13.2,0,972,63,0.3,1.3,416,760,100,75,675,561,77,260,0,23,96
ALT,2011,3,9,9,6.4,59.3,5.7,-0.9,3.67,3.3,15.6,0,972,353,0.9,2.1,556,859,105,93,597,743,96,267,0,23,96
ALT,2011,3,9,10,7.8,54.6,5.8,-0.8,3.74,4.1,17.2,0,971.3,347,1.5,2.8,648,904,110,105,423,859,110,242,0,23,96
ALT,2011,3,9,11,9.3,48.6,5.7,-1,3.68,4.8,18.6,0,969.9,339,1.4,4.3,690,932,111,110,189,913,176,234,6,23,96
ALT,2011,3,9,12,10.6,45.7,5.9,-0.6,3.81,5.6,20.3,0,968.7,333,3,5.6,643,864,124,107,111,842,403,254,19,23,96
ALT,2011,3,9,13,11.3,45.3,6.1,-0.1,3.94,6.2,21.3,0,968.2,333,3.1,6.8,548,775,134,98,100,710,555,267,23,23,96
ALT,2011,3,9,14,12.4,41.9,6.1,-0.2,3.95,6.7,22.4,0,967.7,324,2.9,7.1,440,798,98,77,79,594,692,242,6,23,96
ALT,2011,3,9,15,12,42.7,6,-0.3,3.88,6.4,21.8,0,967.7,289,2.8,7.3,120,189,54,55,56,162,223,263,33,23,96
ALT,2011,3,9,16,10.9,48.1,6.3,0.4,4.07,6.1,21.2,0,968.2,292,1.3,4.1,31,0,31,25,25,25,25,280,39,23,96
ALT,2011,3,9,17,8.4,58.7,6.5,0.8,4.2,5,19,0,968.7,162,1.7,3.5,0,0,0,0,0,0,0,299,84,23,96
ALT,2011,3,9,18,8,59.7,6.4,0.6,4.14,4.7,18.4,0,969.1,177,2.1,4.7,0,0,0,0,0,0,0,309,79,23,96
ALT,2011,3,9,19,7.2,60.4,6.1,0.1,3.94,4.1,17.1,0,969.1,167,1.9,4.3,0,0,0,0,0,0,0,271,46,23,96
ALT,2011,3,9,20,6.3,63.2,6,-0.2,3.87,3.5,16,0,969.7,146,0.7,3.7,0,0,0,0,0,0,0,305,94,23,96
ALT,2011,3,9,21,5.9,68.7,6.4,0.6,4.13,3.6,16.3,0,969.4,164,1.9,4,0,0,0,0,0,0,0,308,71,23,96
ALT,2011,3,9,22,6.5,62.5,6,-0.1,3.88,3.7,16.3,0,969,152,1.5,4.8,0,0,0,0,0,0,0,309,88,23,96
ALT,2011,3,9,23,5.2,67.6,6,-0.3,3.87,2.9,14.9,0,969.2,252,0.5,2.1,0,0,0,0,0,0,0,312,88,23,96
ALT,2011,3,10,0,3.7,74.8,5.9,-0.3,3.81,2,13.3,0,969.3,153,0.7,1.9,0,0,0,0,0,0,0,313,81,23,96
ALT,2011,3,10,1,2.9,79,5.9,-0.4,3.81,1.6,12.4,0,969.2,151,1.1,2.3,0,0,0,0,0,0,0,307,94,23,96
ALT,2011,3,10,2,3.3,77.7,6,-0.2,3.88,1.9,13,0,968.9,174,0.9,2.1,0,0,0,0,0,0,0,311,100,23,96
ALT,2011,3,10,3,3.1,79,6,-0.2,3.88,1.7,12.8,0,969,135,0.7,2.1,0,0,0,0,0,0,0,311,100,23,96
ALT,2011,3,10,4,3.2,79,6.1,-0.1,3.94,1.8,13.1,0,969.4,135,0.5,1.7,0,0,0,0,0,0,0,310,100,23,96
ALT,2011,3,10,5,2.7,80.5,6,-0.3,3.87,1.5,12.4,0,969.9,162,0.5,1.5,0,0,0,0,0,0,0,301,94,23,96
ALT,2011,3,10,6,3.2,78.5,6.1,-0.2,3.94,1.8,13.1,0,970.3,180,1.1,1.9,55,93,38,22,114,55,22,292,56,23,96
ALT,2011,3,10,7,4.6,75.3,6.4,0.6,4.13,2.9,15,0,970.2,132,1.2,2.3,245,573,86,53,590,325,54,292,39,23,96
ALT,2011,3,10,8,7.8,56.4,5.9,-0.3,3.81,4.3,17.4,0,970.3,165,1.2,2.9,407,697,113,78,635,528,80,288,41,23,96
ALT,2011,3,10,9,10,49.3,6,-0.1,3.87,5.5,19.8,0,969.8,180,0.7,2.2,543,782,126,98,566,701,101,272,31,23,96
ALT,2011,3,10,10,11.3,48.6,6.5,0.9,4.2,6.5,21.9,0,969.4,339,1.9,3.2,649,898,110,106,424,851,111,273,25,23,96
ALT,2011,3,10,11,12.6,42.7,6.2,0.3,4.01,6.9,22.8,0,969,336,1.8,4.4,661,833,139,114,191,847,185,280,33,23,96
ALT,2011,3,10,12,13.8,41.3,6.5,0.9,4.2,7.7,24.5,0,968,318,2.5,5.8,606,711,176,117,119,749,388,286,50,23,96
ALT,2011,3,10,13,14.5,39.8,6.6,1,4.27,8.1,25.4,0,967.3,326,4,7,481,506,205,117,117,547,436,312,65,23,96
ALT,2011,3,10,14,14.1,42.2,6.8,1.5,4.4,8,25.3,0,967,299,2.6,6,436,731,121,83,84,564,664,286,48,23,96
ALT,2011,3,10,15,13.2,44.4,6.7,1.4,4.34,7.6,24.2,0,966.9,274,1.7,4.3,126,188,60,56,56,158,219,291,41,23,96
ALT,2011,3,10,16,11.8,53.4,7.4,2.6,4.8,7.4,24,0,967.2,315,0.8,3.1,32,0,32,27,26,27,26,282,36,23,96
ALT,2011,3,10,17,10.4,54.8,6.9,1.7,4.47,6.4,21.7,0,967.8,143,1.3,3.1,0,0,0,0,0,0,0,268,0,23,96
ALT,2011,3,10,18,8.5,60.9,6.7,1.4,4.33,5.3,19.4,0,968.5,180,1.9,3,0,0,0,0,0,0,0,262,0,23,96
ALT,2011,3,10,19,7.8,62.5,6.6,1.1,4.27,4.8,18.6,0,968.8,177,2,4.7,0,0,0,0,0,0,0,260,0,23,96
ALT,2011,3,10,20,6.5,66.8,6.5,0.8,4.2,4,17.1,0,969,184,1.4,4.1,0,0,0,0,0,0,0,254,0,23,96
ALT,2011,3,10,21,4.8,73.8,6.3,0.5,4.07,3,15,0,969.3,153,0.6,1.6,0,0,0,0,0,0,0,252,0,23,96
ALT,2011,3,10,22,3.8,78.2,6.3,0.4,4.07,2.4,14,0,969.7,157,0.8,2,0,0,0,0,0,0,0,279,19,23,96
ALT,2011,3,10,23,3.5,79.5,6.3,0.3,4.07,2.2,13.7,0,970,167,1,1.9,0,0,0,0,0,0,0,281,29,23,96
ALT,2011,3,11,0,3.2,78.6,6,-0.2,3.87,1.8,12.9,0,969.9,172,1.5,2.9,0,0,0,0,0,0,0,274,0,23,96
ALT,2011,3,11,1,3.2,78.9,6,-0.1,3.87,1.8,12.9,0,969.7,156,1,2.6,0,0,0,0,0,0,0,272,0,23,96
ALT,2011,3,11,2,2,83.2,5.9,-0.5,3.81,1,11.5,0,969.6,162,0.4,0.8,0,0,0,0,0,0,0,271,0,23,96
ALT,2011,3,11,3,1.1,86.3,5.7,-0.9,3.68,0.3,10.3,0,969.7,151,1,2.6,0,0,0,0,0,0,0,269,0,23,96
ALT,2011,3,11,4,2.1,82,5.8,-0.6,3.74,1,11.5,0,969.5,157,1.4,2.5,0,0,0,0,0,0,0,267,0,23,96
ALT,2011,3,11,5,1.6,81.7,5.6,-1.2,3.61,0.5,10.6,0,969.4,159,1,2.4,0,0,0,0,0,0,0,265,0,23,96
ALT,2011,3,11,6,1.2,83.1,5.5,-1.3,3.55,0.2,10.1,0,969.6,135,0.4,1.5,59,132,34,24,154,69,23,266,0,23,96
ALT,2011,3,11,7,2.7,81.8,6,-0.1,3.87,1.6,12.4,0,969.9,157,0.8,1.6,269,677,74,52,677,366,53,276,0,23,96
ALT,2011,3,11,8,6.2,65.8,6.2,0.3,4,3.7,16.3,0,969.9,139,0.9,2,413,695,115,79,635,528,81,279,0,23,96
ALT,2011,3,11,9,7.7,63.3,6.6,1.2,4.26,4.8,18.4,0,970,348,1.5,3,557,821,116,96,585,719,100,251,0,23,96
ALT,2011,3,11,10,8.8,57.7,6.5,0.9,4.2,5.2,19.4,0,969.3,337,1.5,2.8,653,894,111,107,421,847,112,244,0,23,96
ALT,2011,3,11,11,10,56.6,7,1.8,4.53,6.2,21.5,0,968.6,337,2.8,5.1,684,900,115,112,186,882,180,247,13,23,96
ALT,2011,3,11,12,11.3,55.5,7.4,2.7,4.79,7.2,23.4,0,967.7,330,3.4,7.5,645,843,130,110,113,824,404,260,6,23,96
ALT,2011,3,11,13,11.9,54,7.5,2.9,4.86,7.5,24.2,0,966.9,324,3.7,7,565,815,120,98,101,725,572,249,0,23,96
ALT,2011,3,11,14,11.9,53.6,7.5,2.8,4.87,7.5,24.2,0,966.3,329,2.7,5.4,443,790,96,78,80,581,687,248,0,23,96
ALT,2011,3,11,15,10.6,57.7,7.3,2.6,4.74,6.8,22.6,0,965.9,331,1.5,3.8,117,189,49,56,57,158,221,247,6,23,96
ALT,2011,3,11,16,9.3,61.9,7.2,2.4,4.67,6.1,21.1,0,965.8,202,0.7,1.6,31,0,31,27,27,27,27,247,6,23,96
ALT,2011,3,11,17,7.3,70.4,7.2,2.3,4.67,5,19.1,0,966,160,1.2,2.3,0,0,0,0,0,0,0,246,0,23,96
ALT,2011,3,11,18,6.8,70.8,7,1.9,4.54,4.6,18.2,0,965.9,180,1.4,2.7,0,0,0,0,0,0,0,245,0,23,96
ALT,2011,3,11,19,6.2,72.8,6.9,1.7,4.48,4.2,17.5,0,965.8,153,0.7,2.6,0,0,0,0,0,0,0,244,0,23,96
ALT,2011,3,11,20,3.7,81.8,6.5,0.9,4.22,2.5,14.3,0,965.4,157,0.9,1.9,0,0,0,0,0,0,0,270,0,23,96
ALT,2011,3,11,21,3.5,82.2,6.4,0.8,4.15,2.4,13.9,0,965.3,180,0.5,1.3,0,0,0,0,0,0,0,277,0,23,96
ALT,2011,3,11,22,2.7,84.3,6.3,0.3,4.09,1.7,12.9,0,964.9,153,0.7,1.8,0,0,0,0,0,0,0,275,0,23,96
ALT,2011,3,11,23,2.1,86,6.1,0,3.96,1.2,12,0,964.4,117,0.3,1.4,0,0,0,0,0,0,0,273,0,23,96
ALT,2011,3,12,0,1.4,86,5.8,-0.7,3.77,0.6,10.8,0,963.7,149,0.6,2.8,0,0,0,0,0,0,0,271,29,24,96
ALT,2011,3,12,1,1,86.6,5.7,-1,3.7,0.2,10.2,0,963.1,225,0.5,2.8,0,0,0,0,0,0,0,270,0,24,96
ALT,2011,3,12,2,3.9,84.7,6.9,1.6,4.49,2.9,15.2,0,962.6,329,2.7,7.6,0,0,0,0,0,0,0,269,0,24,96
ALT,2011,3,12,3,5.2,79.2,7,1.9,4.56,3.7,16.7,0,962.1,337,4.7,10.9,0,0,0,0,0,0,0,271,6,24,96
ALT,2011,3,12,4,4.7,82.1,7,1.9,4.56,3.5,16.2,0,961.5,331,3.7,8.5,0,0,0,0,0,0,0,293,55,24,96
ALT,2011,3,12,5,6.3,72.5,6.9,1.7,4.5,4.2,17.6,0,960.5,353,2.3,10.3,0,0,0,0,0,0,0,290,61,24,96
ALT,2011,3,12,6,12,35.6,5,-2.7,3.26,5.7,20.3,0,959.8,148,10.1,19.8,16,0,16,9,8,9,8,303,81,24,96
ALT,2011,3,12,7,12.9,33.2,4.9,-2.9,3.19,6.1,21,0,959.7,148,12,21.5,177,229,105,57,275,178,56,299,74,24,96
ALT,2011,3,12,8,14,30.4,4.9,-3.1,3.19,6.5,22.1,0,959.7,152,13.5,24.7,281,233,181,99,295,259,95,291,63,24,96
ALT,2011,3,12,9,14.8,27.7,4.7,-3.7,3.06,6.7,22.6,0,959.4,151,14.1,26,490,537,194,118,447,554,118,307,68,24,96
ALT,2011,3,12,10,14.8,26.7,4.5,-4.1,2.93,6.6,22.3,0,959,151,14.6,26.6,551,513,237,135,367,609,134,310,74,24,96
ALT,2011,3,12,11,14.5,28.7,4.7,-3.4,3.06,6.7,22.3,0,958.8,154,16.3,26.3,326,68,283,152,167,221,146,329,100,24,96
ALT,2011,3,12,12,14.2,29.8,4.8,-3.2,3.13,6.6,22.2,0,958.2,155,15.7,26.9,143,0,142,77,73,77,72,336,100,24,96
ALT,2011,3,12,13,14.2,30,4.9,-3.1,3.2,6.6,22.4,0,958.2,157,15.9,28.4,103,0,103,55,53,55,52,335,100,24,96
ALT,2011,3,12,14,13.9,29.5,4.7,-3.6,3.07,6.3,21.7,0,958.2,159,16.4,26.8,32,0,32,17,17,17,16,335,100,24,96
ALT,2011,3,12,15,13.8,28.9,4.6,-4,3,6.2,21.5,0,957.4,151,14.7,24.4,46,0,46,25,24,25,23,334,100,24,96
ALT,2011,3,12,16,13.5,29,4.5,-4.2,2.94,6,21,0,957.1,136,14.6,26.8,25,0,25,14,13,14,13,333,100,24,96
ALT,2011,3,12,17,13.2,29,4.4,-4.4,2.87,5.8,20.5,0,956.4,138,14.6,30.1,0,0,0,0,0,0,0,333,100,24,96
ALT,2011,3,12,18,13.3,28.8,4.4,-4.4,2.87,5.8,20.6,0,956.8,143,16.1,28.1,0,0,0,0,0,0,0,332,100,24,96
ALT,2011,3,12,19,13.1,30.3,4.6,-3.9,3.01,5.9,20.8,0,956.3,138,16.5,34.6,0,0,0,0,0,0,0,332,100,24,96
ALT,2011,3,12,20,12.9,30.7,4.6,-3.9,3.01,5.8,20.6,0,956.5,138,15.6,26.2,0,0,0,0,0,0,0,332,100,24,96
ALT,2011,3,12,21,12.7,30.8,4.5,-4.1,2.94,5.6,20.2,0,956.8,143,13.4,26.7,0,0,0,0,0,0,0,331,100,24,96
ALT,2011,3,12,22,12.6,30.9,4.5,-4.1,2.94,5.6,20.1,0,956.8,152,14.5,24.8,0,0,0,0,0,0,0,331,100,24,96
ALT,2011,3,12,23,12.6,30.8,4.5,-4.2,2.94,5.5,20.1,0,956.5,146,14,25.8,0,0,0,0,0,0,0,331,100,24,96
ALT,2011,3,13,0,12.7,29.9,4.4,-4.5,2.88,5.5,20,0,956.2,141,13.6,29.3,0,0,0,0,0,0,0,331,100,24,96
ALT,2011,3,13,1,12.7,30.4,4.5,-4.2,2.94,5.6,20.2,0,955.6,141,14,26.6,0,0,0,0,0,0,0,330,100,24,96
ALT,2011,3,13,2,12.5,30.6,4.5,-4.3,2.95,5.5,20,0,954.9,134,14,24.8,0,0,0,0,0,0,0,330,100,24,96
ALT,2011,3,13,3,12.3,31.6,4.5,-4.1,2.95,5.4,19.8,0,954.5,131,12,23.8,0,0,0,0,0,0,0,322,88,24,96
ALT,2011,3,13,4,12.6,31.2,4.5,-4,2.95,5.6,20.1,0,954.8,113,11.2,22.6,0,0,0,0,0,0,0,330,100,24,96
ALT,2011,3,13,5,12.4,33,4.8,-3.4,3.14,5.7,20.4,0,955.2,138,9,18.6,0,0,0,0,0,0,0,330,100,24,96
ALT,2011,3,13,6,12.5,34.1,4.9,-2.9,3.21,5.9,20.7,0,955,128,8.4,19.7,5,0,5,2,2,2,2,330,100,24,96
ALT,2011,3,13,7,12.7,34.2,5,-2.7,3.28,6,21,0,954.5,115,10.1,20.3,13,0,13,7,7,7,7,331,100,24,96
ALT,2011,3,13,8,13.4,31.4,4.8,-3.2,3.14,6.2,21.4,0,954.3,131,10.1,22.7,82,6,79,43,46,47,40,331,100,24,96
ALT,2011,3,13,9,14.4,28.9,4.7,-3.4,3.08,6.6,22.3,0,954.5,141,11.4,21.5,219,41,198,107,133,140,101,332,94,24,96
ALT,2011,3,13,10,14.4,28.7,4.7,-3.5,3.08,6.6,22.3,0,954.7,148,10.6,19.3,252,20,239,129,133,148,122,333,100,24,96
ALT,2011,3,13,11,14.4,28.4,4.7,-3.7,3.08,6.5,22.3,0,954.8,142,10.2,21.7,139,0,139,75,72,74,71,334,100,24,96
ALT,2011,3,13,12,14.7,29.4,4.9,-2.9,3.21,6.9,22.9,0,954.5,135,9.9,17.4,259,25,244,132,126,155,138,334,100,24,96
ALT,2011,3,13,13,14.2,28.8,4.7,-3.7,3.08,6.5,22.1,0,954.1,141,12,23.2,66,0,66,35,34,35,33,334,100,24,96
ALT,2011,3,13,14,13.8,28.8,4.5,-4,2.95,6.2,21.3,0,953.9,142,14,23.6,29,0,29,15,15,15,15,334,100,24,96
ALT,2011,3,13,15,13.8,28.9,4.6,-4,3.01,6.2,21.5,0,954.5,138,13.5,22.8,13,0,13,7,7,7,7,334,100,24,96
ALT,2011,3,13,16,13.5,31.4,4.9,-3.1,3.21,6.3,21.7,0,955.5,142,11.9,20.2,9,0,9,5,4,5,4,333,100,24,96
ALT,2011,3,13,17,13,32.6,4.9,-3,3.21,6.1,21.2,0,955.6,135,11.4,20.7,0,0,0,0,0,0,0,333,100,24,96
ALT,2011,3,13,18,13.1,32.6,4.9,-3,3.2,6.1,21.3,0,955.9,139,10.2,20.4,0,0,0,0,0,0,0,333,100,24,96
ALT,2011,3,13,19,13.3,31.3,4.8,-3.3,3.14,6.1,21.3,0,956.5,146,9,16.3,0,0,0,0,0,0,0,333,100,24,96
ALT,2011,3,13,20,13.4,31,4.8,-3.4,3.13,6.2,21.4,0,957.2,149,8.7,17.7,0,0,0,0,0,0,0,333,100,24,96
ALT,2011,3,13,21,13.2,33.2,5,-2.6,3.27,6.3,21.5,0,957.5,139,7.1,15.5,0,0,0,0,0,0,0,333,100,24,96
ALT,2011,3,13,22,13.3,33.1,5.1,-2.6,3.33,6.3,21.8,0,957.5,151,6.4,14.6,0,0,0,0,0,0,0,329,88,24,96
ALT,2011,3,13,23,13.4,33.1,5.1,-2.5,3.33,6.4,21.9,0,957.7,148,8.4,16.7,0,0,0,0,0,0,0,333,100,24,96
ALT,2011,3,14,0,12.6,37.5,5.4,-1.5,3.52,6.3,21.6,0,958.6,191,4.7,14,0,0,0,0,0,0,0,332,100,24,96
ALT,2011,3,14,1,9.6,61.6,7.4,2.6,4.83,6.3,21.8,0,959.4,337,4.7,9.1,0,0,0,0,0,0,0,331,100,24,96
ALT,2011,3,14,2,9.2,65.5,7.6,3.1,4.96,6.3,21.7,0,960.6,344,5.4,9.2,0,0,0,0,0,0,0,330,100,24,96
ALT,2011,3,14,3,9.3,64.4,7.6,2.9,4.96,6.3,21.8,0,961.4,13,2,6.3,0,0,0,0,0,0,0,328,94,24,96
ALT,2011,3,14,4,8.2,68.6,7.5,2.8,4.89,5.7,20.5,0,961.9,144,0.9,2,0,0,0,0,0,0,0,299,28,24,96
ALT,2011,3,14,5,6.5,72.6,7,1.9,4.56,4.4,18,0,962.5,180,0.5,1.4,0,0,0,0,0,0,0,288,0,24,96
ALT,2011,3,14,6,4.7,75.9,6.5,0.8,4.23,3,15.3,0,962.9,135,0.8,1.9,88,251,42,27,277,105,27,293,6,24,96
ALT,2011,3,14,7,7.8,67.2,7.1,2.1,4.62,5.2,19.4,0,963.5,342,0.8,2.1,271,612,84,56,625,338,57,278,25,24,96
ALT,2011,3,14,8,9.7,60.1,7.2,2.3,4.68,6.2,21.5,0,963.9,333,1.5,2.6,440,765,101,79,682,553,82,283,33,24,96
ALT,2011,3,14,9,10.7,59.6,7.7,3.2,5.01,7.1,23.4,0,963.8,333,1.8,3.3,520,614,181,111,510,601,113,310,61,24,96
ALT,2011,3,14,10,12.2,53.2,7.6,3,4.95,7.7,24.7,0,963.2,337,1.5,2.9,551,491,246,138,368,592,137,322,78,24,96
ALT,2011,3,14,11,12.8,51.5,7.6,3.1,4.95,8,25.4,0,962.9,339,2.2,4.8,509,322,300,160,211,483,202,341,94,24,96
ALT,2011,3,14,12,13.4,50.5,7.8,3.3,5.08,8.4,26.3,0,962.5,327,3.5,6.4,491,322,289,154,151,467,307,332,100,24,96
ALT,2011,3,14,13,14.5,46.1,7.6,3.1,4.95,8.8,27.1,0,962.2,335,3.8,9.6,407,261,258,139,135,369,312,332,94,24,96
ALT,2011,3,14,14,14.6,46.4,7.7,3.2,5.02,8.9,27.4,0,962.4,339,2.5,5.7,421,647,134,89,90,499,611,323,63,24,96
ALT,2011,3,14,15,16.1,33,6,-0.2,3.9,8.4,26.1,0,962.3,149,6.5,16.3,47,0,47,59,60,59,60,319,44,24,96
ALT,2011,3,14,16,15.3,30.9,5.4,-1.8,3.51,7.5,24.3,0,962.6,147,9.2,17.3,34,0,34,30,30,30,30,280,33,24,96
ALT,2011,3,14,17,14.7,32.1,5.4,-1.8,3.51,7.2,23.6,0,963,143,7.4,16.6,3,0,3,2,2,2,2,264,13,24,96
ALT,2011,3,14,18,14.7,31.5,5.3,-2,3.44,7.2,23.5,0,963.2,144,7.4,15.3,0,0,0,0,0,0,0,263,0,24,96
ALT,2011,3,14,19,14.5,31.8,5.2,-2.1,3.38,7.1,23.1,0,963.3,143,9,17,0,0,0,0,0,0,0,286,38,24,96
ALT,2011,3,14,20,14.6,30.5,5.1,-2.5,3.31,7,23,0,963.1,137,9.8,19.5,0,0,0,0,0,0,0,294,50,24,96
ALT,2011,3,14,21,14.6,30.4,5,-2.6,3.25,7,22.9,0,962.9,137,10.2,19.3,0,0,0,0,0,0,0,282,29,24,96
ALT,2011,3,14,22,14.7,30,5,-2.7,3.25,7,23,0,962.8,142,11,20.8,0,0,0,0,0,0,0,301,53,24,96
ALT,2011,3,14,23,14.7,29.8,5,-2.8,3.25,6.9,23,0,962.5,147,9.2,21,0,0,0,0,0,0,0,307,68,24,96
ALT,2011,3,15,0,14.7,30.9,5.2,-2.3,3.38,7.1,23.3,0,962.5,150,10.7,19.6,0,0,0,0,0,0,0,300,35,24,96
ALT,2011,3,15,1,14.5,32.2,5.3,-1.9,3.45,7.1,23.3,0,962.2,152,9.6,18.3,0,0,0,0,0,0,0,299,31,24,96
ALT,2011,3,15,2,14.3,33,5.4,-1.7,3.51,7.1,23.3,0,961.7,153,9.3,16.3,0,0,0,0,0,0,0,285,29,24,96
ALT,2011,3,15,3,14,33.8,5.4,-1.7,3.51,6.9,22.9,0,961.5,151,8.9,16.8,0,0,0,0,0,0,0,309,75,24,96
ALT,2011,3,15,4,14.1,33.6,5.4,-1.7,3.51,7,23.1,0,961.3,153,9,15.5,0,0,0,0,0,0,0,318,84,24,96
ALT,2011,3,15,5,14.1,34.6,5.6,-1.3,3.64,7.1,23.4,0,961.4,145,7.1,14.3,0,0,0,0,0,0,0,320,81,24,96
ALT,2011,3,15,6,14.7,34.3,5.7,-0.9,3.71,7.5,24.2,0,961.3,146,6,16.8,12,0,12,6,6,6,6,328,100,24,96
ALT,2011,3,15,7,12.4,47.3,6.6,1.5,4.3,7.2,23.3,0,961.2,77,3.2,13.3,168,145,117,64,199,143,61,312,94,24,96
ALT,2011,3,15,8,12.1,52.4,7.4,2.7,4.83,7.6,24.3,0,960.6,350,2.1,9.7,374,454,172,98,483,399,97,328,61,24,96
ALT,2011,3,15,9,18.5,30.9,6.6,1,4.31,9.8,29.5,0,959.5,137,7.8,17.8,477,467,211,124,416,504,123,323,69,24,96
ALT,2011,3,15,10,19.3,30.4,6.8,1.5,4.44,10.3,30.7,0,959,138,10.7,19,647,807,141,115,418,786,119,314,45,24,96
ALT,2011,3,15,11,19.4,28.9,6.5,0.9,4.25,10.2,30.3,0,958.5,141,11.3,23.3,572,505,242,143,217,611,185,342,74,24,96
ALT,2011,3,15,12,19.1,29.8,6.6,1,4.31,10.1,30.1,0,958.2,145,11.5,18.7,439,227,295,158,154,379,257,349,94,24,96
ALT,2011,3,15,13,18.7,30.9,6.7,1.2,4.38,10,29.9,0,957.7,145,11.3,18.6,336,143,253,135,131,264,227,349,100,24,96
ALT,2011,3,15,14,18.1,31.7,6.6,1,4.32,9.7,29.1,0,957.4,140,10.8,18.9,107,1,106,58,55,58,55,348,100,24,96
ALT,2011,3,15,15,17.6,32.5,6.5,0.9,4.25,9.4,28.5,0,957,138,11.6,22.5,29,0,29,16,15,16,15,348,100,24,96
ALT,2011,3,15,16,17.2,32.8,6.4,0.7,4.19,9.2,27.9,0,957.1,138,11.1,21,5,0,5,3,3,3,3,347,100,24,96
ALT,2011,3,15,17,17,32.8,6.4,0.5,4.19,9,27.7,0,956.8,139,9.7,19.3,0,0,0,0,0,0,0,347,100,24,96
ALT,2011,3,15,18,16.8,33.6,6.4,0.7,4.19,9,27.5,0,957,144,9.9,18.1,0,0,0,0,0,0,0,342,81,24,96
ALT,2011,3,15,19,16.7,33.2,6.3,0.4,4.12,8.8,27.2,0,957.1,139,10,19.3,0,0,0,0,0,0,0,319,69,24,96
ALT,2011,3,15,20,16.8,33,6.3,0.5,4.12,8.9,27.3,0,956.8,139,10.1,19.1,0,0,0,0,0,0,0,334,75,24,96
ALT,2011,3,15,21,16.4,34.1,6.4,0.6,4.19,8.8,27.1,0,956.7,143,9.2,18.6,0,0,0,0,0,0,0,307,41,24,96
ALT,2011,3,15,22,16.5,33.7,6.3,0.5,4.13,8.8,27,0,955.9,144,8.6,19,0,0,0,0,0,0,0,335,90,24,96
ALT,2011,3,15,23,16.3,34.5,6.4,0.6,4.2,8.7,27,0,955.2,137,6.9,14.3,0,0,0,0,0,0,0,334,94,24,96
ALT,2011,3,16,0,16.5,34.7,6.5,0.9,4.27,8.9,27.4,0,954.4,128,7.3,20.1,0,0,0,0,0,0,0,341,100,24,96
ALT,2011,3,16,1,16.6,34.6,6.5,0.9,4.27,9,27.5,0,953.1,142,6.2,14.8,0,0,0,0,0,0,0,341,100,24,96
ALT,2011,3,16,2,16.1,35.2,6.5,0.7,4.28,8.7,27,0,951.5,157,4.7,13.1,0,0,0,0,0,0,0,341,100,24,96
ALT,2011,3,16,3,16.6,33,6.2,0.3,4.08,8.8,27,0,950.9,150,7.8,16.8,0,0,0,0,0,0,0,341,100,24,96
ALT,2011,3,16,4,15.7,36.9,6.6,1,4.35,8.6,26.8,0,951,182,6.1,12,0,0,0,0,0,0,0,341,100,24,96
ALT,2011,3,16,5,15.1,40.8,7,1.9,4.61,8.7,26.8,0,951.6,188,5.9,12.9,2,0,2,1,1,1,1,329,81,24,96
ALT,2011,3,16,6,14.7,43.1,7.2,2.3,4.74,8.6,26.8,0,951.7,181,8.2,14.4,67,61,55,31,91,50,29,333,94,24,96
ALT,2011,3,16,7,14.4,45.3,7.4,2.7,4.87,8.6,26.8,0,952.1,173,10.3,14.8,116,28,108,58,84,71,55,342,100,24,96
ALT,2011,3,16,8,14.1,49,7.9,3.6,5.21,8.8,27.3,0,951.5,167,8.3,15.2,160,16,153,82,93,93,78,342,100,24,96
ALT,2011,3,16,9,14.8,46.8,7.9,3.5,5.21,9.1,28,0,951.5,166,7.5,14.4,109,0,109,59,56,58,55,343,100,24,96
ALT,2011,3,16,10,14.9,48.9,8.3,4.3,5.48,9.5,28.8,0,951,178,9.5,14.9,116,0,116,63,60,62,59,344,100,24,96
ALT,2011,3,16,11,14.9,48.6,8.2,4.2,5.41,9.4,28.7,0,951.1,176,10.2,15.8,96,0,96,52,50,52,49,345,100,24,96
ALT,2011,3,16,12,14.9,49.8,8.4,4.5,5.55,9.6,29,0,950.6,174,8.4,13.1,77,0,77,42,40,41,39,346,100,24,96
ALT,2011,3,16,13,13.6,61.6,9.6,6.4,6.35,9.8,29.7,0,950.6,145,6.2,10.5,58,0,58,31,30,31,30,345,100,24,96
ALT,2011,3,16,14,13.1,66.3,10,7,6.61,9.9,29.9,0,950.5,138,5.5,10.3,64,0,64,34,33,34,32,345,100,24,96
ALT,2011,3,16,15,12.3,68.2,9.8,6.6,6.48,9.3,28.7,0,950.2,90,3,6.8,68,0,68,39,37,39,37,344,100,24,96
ALT,2011,3,16,16,11,69.3,9.1,5.6,6.02,8.3,26.2,0,950.1,341,2.5,4.9,12,0,12,6,6,6,6,344,100,24,96
ALT,2011,3,16,17,10.2,71.9,8.9,5.4,5.88,7.8,25.1,0,950.2,333,1.6,4.8,0,0,0,0,0,0,0,343,100,24,96
ALT,2011,3,16,18,10.5,70.4,8.9,5.3,5.88,7.9,25.4,0,950.6,340,1.2,5,0,0,0,0,0,0,0,339,100,24,96
ALT,2011,3,16,19,10.2,72,8.9,5.4,5.88,7.8,25.1,0,950.8,355,1.3,2.8,0,0,0,0,0,0,0,333,70,24,96
ALT,2011,3,16,20,8.5,79,8.8,5.1,5.81,6.8,23.2,0,951,180,0.4,1.6,0,0,0,0,0,0,0,335,80,24,96
ALT,2011,3,16,21,8.5,80.2,8.9,5.3,5.88,6.9,23.3,0,950.7,344,1,2.6,0,0,0,0,0,0,0,338,90,24,96
ALT,2011,3,16,22,9,78.7,9,5.5,5.94,7.3,24,0,951.1,31,0.8,3.8,0,0,0,0,0,0,0,340,100,24,96
ALT,2011,3,16,23,9.4,76.9,9.1,5.6,6.01,7.5,24.6,0,951.2,360,0.5,1.9,0,0,0,0,0,0,0,340,100,24,96
ALT,2011,3,17,0,9.1,79.4,9.1,5.7,6.01,7.4,24.3,0,950.9,270,0.6,1.4,0,0,0,0,0,0,0,339,100,24,96
ALT,2011,3,17,1,8.8,81.8,9.2,5.9,6.08,7.3,24.1,0,950.7,360,0.9,2.1,0,0,0,0,0,0,0,339,100,24,96
ALT,2011,3,17,2,8.2,85.5,9.3,5.9,6.15,7,23.7,0.1,950.4,299,1.2,1.8,0,0,0,0,0,0,0,339,100,24,96
ALT,2011,3,17,3,8.3,87.1,9.5,6.3,6.28,7.3,24.1,0.3,950.5,162,0.4,1.3,0,0,0,0,0,0,0,339,100,24,96
ALT,2011,3,17,4,8.1,89.6,9.7,6.5,6.41,7.3,24.3,0.6,950.8,323,0.7,1.8,0,0,0,0,0,0,0,339,100,24,96
ALT,2011,3,17,5,8.1,90.9,9.8,6.7,6.47,7.4,24.4,0.5,951.3,166,0.4,0.9,0,0,0,0,0,0,0,339,100,24,96
ALT,2011,3,17,6,8.3,91,9.9,6.9,6.54,7.6,24.8,1.6,951.8,135,0.5,1.3,7,0,7,4,4,4,4,340,100,24,96
ALT,2011,3,17,7,8.5,90.5,10,7,6.6,7.7,25.1,1.1,952.6,117,0.6,1.8,31,0,31,17,16,16,16,341,100,24,96
ALT,2011,3,17,8,8.4,89.3,9.8,6.7,6.46,7.5,24.7,0.5,953,354,1.1,3.3,58,0,58,31,30,31,30,341,100,24,96
ALT,2011,3,17,9,8.6,89.2,10,6.9,6.59,7.7,25.2,0.1,953.6,330,0.8,2.1,65,0,65,35,34,35,33,342,100,24,96
ALT,2011,3,17,10,8.9,87.5,9.9,6.9,6.52,7.9,25.4,0.5,954.3,331,1.1,2.5,74,0,74,40,38,40,37,343,100,24,96
ALT,2011,3,17,11,8.9,88.2,10,7.1,6.58,8,25.5,0.7,955.1,347,1.3,2.9,83,0,83,45,43,45,42,344,100,24,96
ALT,2011,3,17,12,8.8,88.7,10.1,7,6.64,7.9,25.6,0.8,955.6,339,0.9,3.2,62,0,62,34,32,33,32,345,100,24,96
ALT,2011,3,17,13,8.9,88.3,10.1,7.1,6.64,8,25.7,0.4,955.9,6,0.9,1.6,36,0,36,19,18,19,18,344,100,24,96
ALT,2011,3,17,14,9,87.6,10.1,7.1,6.64,8,25.7,0.6,956.7,324,1,3,24,0,24,13,12,13,12,343,100,24,96
ALT,2011,3,17,15,8.9,87.5,9.9,6.9,6.5,7.9,25.3,0.4,957.6,323,0.8,3.6,14,0,14,8,7,8,7,342,100,24,96
ALT,2011,3,17,16,8.6,87.8,9.8,6.7,6.43,7.6,24.8,0.6,958.4,306,1.5,4.8,18,0,18,10,9,10,9,342,100,24,96
ALT,2011,3,17,17,8.8,81.1,9.2,5.7,6.02,7.2,24,0.6,959.6,48,2.8,11.1,0,0,0,0,0,0,0,341,100,24,96
ALT,2011,3,17,18,8.7,76.7,8.6,4.8,5.62,6.8,22.9,0.4,960.8,8,4.9,12.8,0,0,0,0,0,0,0,340,100,24,96
ALT,2011,3,17,19,8.5,76.8,8.5,4.7,5.55,6.6,22.5,0.3,961.8,7,6.6,14.3,0,0,0,0,0,0,0,339,100,24,96
ALT,2011,3,17,20,8.1,78.7,8.5,4.6,5.54,6.4,22.1,0.7,962.9,358,5.4,12.7,0,0,0,0,0,0,0,338,100,24,96
ALT,2011,3,17,21,8,76.9,8.3,4.2,5.4,6.2,21.6,0.5,963.7,357,7.8,13.8,0,0,0,0,0,0,0,337,100,24,96
ALT,2011,3,17,22,7.8,80.9,8.5,4.7,5.53,6.3,21.7,0.3,964.5,12,2.6,11.4,0,0,0,0,0,0,0,337,100,24,96
ALT,2011,3,17,23,7.5,82.6,8.6,4.7,5.59,6.1,21.6,0,965.2,4,1.9,7.6,0,0,0,0,0,0,0,336,100,24,96
ALT,2011,3,18,0,7.4,84.2,8.7,4.9,5.66,6.2,21.6,0,965.5,153,1,3.8,0,0,0,0,0,0,0,335,100,23,96
ALT,2011,3,18,1,7.4,84.3,8.7,4.9,5.65,6.2,21.6,0,966.2,333,1,2.9,0,0,0,0,0,0,0,334,100,23,96
ALT,2011,3,18,2,8,76.9,8.2,4.2,5.32,6.2,21.4,0,966.6,13,2.7,10.6,0,0,0,0,0,0,0,334,100,23,96
ALT,2011,3,18,3,8.6,68.3,7.7,3.1,4.99,6,21.2,0,967.2,350,5.1,10.3,0,0,0,0,0,0,0,333,100,23,96
ALT,2011,3,18,4,8.5,68.6,7.6,3.1,4.92,6,20.9,0,967.9,349,4.9,10.5,0,0,0,0,0,0,0,332,100,23,96
ALT,2011,3,18,5,7.7,75.7,8,3.7,5.18,5.8,20.8,0,968.7,333,2,7.1,1,0,1,0,0,0,0,331,100,23,96
ALT,2011,3,18,6,7.7,75,7.9,3.6,5.11,5.8,20.6,0,969.6,338,2.3,7.8,39,2,38,21,22,21,19,331,100,23,96
ALT,2011,3,18,7,8,73.3,7.8,3.5,5.04,5.9,20.7,0,970.3,329,2.8,8.9,106,6,104,56,59,58,52,333,100,23,96
ALT,2011,3,18,8,8.2,72.3,7.9,3.5,5.1,6,21.1,0,970.9,329,4.8,9.8,200,32,185,99,123,122,94,334,100,23,96
ALT,2011,3,18,9,8.5,71.4,7.9,3.6,5.1,6.2,21.4,0,971.1,333,4.8,7.9,244,36,224,120,141,149,113,335,100,23,96
ALT,2011,3,18,10,9.1,69.9,8.1,3.9,5.23,6.6,22.3,0,971.3,333,5.1,8.5,381,132,295,157,214,286,149,337,88,23,96
ALT,2011,3,18,11,9.6,67.2,8,3.8,5.17,6.8,22.7,0,971.2,330,3.2,5.5,646,650,211,134,201,716,211,338,50,23,96
ALT,2011,3,18,12,10.6,64.2,8.2,4.1,5.3,7.4,24,0,970.8,316,3.1,6.2,689,883,120,113,116,822,423,316,16,23,96
ALT,2011,3,18,13,10.9,61.9,8.1,3.9,5.24,7.5,24.1,0,970.4,317,3.4,6.4,608,861,109,100,104,725,599,298,0,23,96
ALT,2011,3,18,14,11.5,59.3,8.1,3.8,5.24,7.7,24.8,0,970.3,309,3.7,8.2,473,780,107,83,85,558,697,296,19,23,96
ALT,2011,3,18,15,10.4,62.1,7.8,3.5,5.04,7.1,23.1,0,970.4,309,3.7,7.1,126,193,51,59,60,157,230,298,39,23,96
ALT,2011,3,18,16,9.7,65.5,7.9,3.6,5.1,6.8,22.6,0,970.8,301,3.2,6.8,58,0,58,36,35,36,35,307,58,23,96
ALT,2011,3,18,17,9.4,66.6,7.9,3.5,5.1,6.6,22.3,0,971.2,312,1.6,5.1,2,0,2,1,1,1,1,306,53,23,96
ALT,2011,3,18,18,8.3,73.6,8.1,3.9,5.23,6.2,21.5,0,971.8,322,2,5.4,0,0,0,0,0,0,0,330,84,23,96
ALT,2011,3,18,19,8.2,74,8,3.8,5.16,6.1,21.2,0,972.1,323,3.5,6.6,0,0,0,0,0,0,0,334,100,23,96
ALT,2011,3,18,20,7.9,74.1,7.9,3.6,5.1,5.9,20.8,0,972,322,3.1,6.4,0,0,0,0,0,0,0,334,94,23,96
ALT,2011,3,18,21,7.2,77.7,7.9,3.6,5.1,5.5,20,0,972,329,2.2,5.3,0,0,0,0,0,0,0,333,100,23,96
ALT,2011,3,18,22,7.1,77.9,7.8,3.5,5.03,5.4,19.8,0,971.8,329,1.8,3.7,0,0,0,0,0,0,0,333,100,23,96
ALT,2011,3,18,23,6.9,79.3,7.9,3.6,5.1,5.3,19.7,0,972.1,315,2,4.4,0,0,0,0,0,0,0,333,94,23,96
ALT,2011,3,19,0,7,78.2,7.8,3.5,5.03,5.4,19.7,0,972,322,2.8,5.5,0,0,0,0,0,0,0,332,100,24,96
ALT,2011,3,19,1,6.6,82.3,8,3.8,5.16,5.3,19.6,0.1,971.7,339,1.9,4.7,0,0,0,0,0,0,0,332,100,24,96
ALT,2011,3,19,2,6.4,86.5,8.3,4.3,5.36,5.4,19.9,0.1,971.1,284,0.7,1.5,0,0,0,0,0,0,0,332,100,24,96
ALT,2011,3,19,3,6.3,89.6,8.6,4.7,5.56,5.5,20.3,0.3,970.7,194,0.4,1.3,0,0,0,0,0,0,0,332,94,24,96
ALT,2011,3,19,4,6.2,89.9,8.5,4.7,5.49,5.5,20,1,970.8,135,0.2,0.5,0,0,0,0,0,0,0,332,100,24,96
ALT,2011,3,19,5,6.2,90.8,8.6,4.8,5.56,5.5,20.2,1.4,971,270,0.1,0.4,1,0,1,1,1,1,1,332,100,24,96
ALT,2011,3,19,6,6.1,90.7,8.6,4.7,5.56,5.4,20.1,2,971.2,180,0.5,1.2,26,4,25,14,17,15,13,332,100,24,96
ALT,2011,3,19,7,5.8,87.5,8,3.9,5.16,4.9,18.8,1.7,971.5,163,1.3,2.1,15,0,15,8,8,8,8,332,100,24,96
ALT,2011,3,19,8,5.7,85,7.8,3.4,5.03,4.6,18.4,0.8,971.9,166,0.9,1.7,65,0,65,36,34,35,34,333,100,24,96
ALT,2011,3,19,9,5.7,83.7,7.7,3.2,4.96,4.5,18.2,1.2,972.4,198,0.6,1.6,63,0,63,34,33,34,32,333,100,24,96
ALT,2011,3,19,10,5.9,82.8,7.7,3.2,4.96,4.7,18.4,0.8,972.6,135,0.3,0.9,80,0,80,43,42,43,41,334,100,24,96
ALT,2011,3,19,11,5.9,87,8.1,3.9,5.22,5,19,0.1,972.8,333,0.9,2.2,53,0,53,29,28,29,27,334,100,24,96
ALT,2011,3,19,12,6.6,84.7,8.3,4.2,5.35,5.5,20.1,0.2,973,332,1.7,8.6,59,0,59,32,31,32,30,334,100,24,96
ALT,2011,3,19,13,6.8,80.3,7.9,3.6,5.09,5.3,19.6,0.3,973.2,346,5.4,10.8,101,0,101,55,52,54,52,332,100,24,96
ALT,2011,3,19,14,6.3,77.7,7.4,2.7,4.76,4.7,18.3,0,973.5,341,5.7,10.2,27,0,27,14,14,14,14,331,100,24,96
ALT,2011,3,19,15,5.4,79.5,7.1,2.1,4.57,3.9,16.9,0,974.1,336,7,12.1,18,0,18,10,9,10,9,329,100,24,96
ALT,2011,3,19,16,4.8,79.8,6.9,1.6,4.43,3.4,15.9,0,974.8,352,6.9,11.5,13,0,13,7,7,7,7,328,100,24,96
ALT,2011,3,19,17,4.6,78.8,6.7,1.2,4.3,3.1,15.4,0,975.9,5,6.1,11.5,1,0,1,0,0,0,0,326,100,24,96
ALT,2011,3,19,18,4.7,76.8,6.6,1,4.23,3.1,15.3,0,976.5,360,5.3,8.6,0,0,0,0,0,0,0,325,100,24,96
ALT,2011,3,19,19,4.6,77.8,6.6,1.1,4.23,3.1,15.2,0,977.1,1,5.1,8.5,0,0,0,0,0,0,0,322,100,24,96
ALT,2011,3,19,20,4.6,77.6,6.6,1,4.23,3,15.2,0,977.3,360,2.7,6.5,0,0,0,0,0,0,0,320,100,24,96
ALT,2011,3,19,21,4.5,78.3,6.6,1.1,4.23,3,15.1,0,977.2,7,1.2,3.8,0,0,0,0,0,0,0,316,100,24,96
ALT,2011,3,19,22,4,84.6,6.9,1.6,4.42,3,15.1,0,977.1,130,1,2.4,0,0,0,0,0,0,0,312,100,24,96
ALT,2011,3,19,23,3.7,86.2,6.9,1.6,4.42,2.8,14.8,0,977,135,0.6,1.6,0,0,0,0,0,0,0,308,100,24,96
ALT,2011,3,20,0,3.4,87.6,6.8,1.5,4.36,2.6,14.3,0,977,158,0.7,1.3,0,0,0,0,0,0,0,303,90,27,96
ALT,2011,3,20,1,3.3,88.2,6.8,1.5,4.36,2.5,14.2,0,976.8,198,0.5,1.3,0,0,0,0,0,0,0,297,80,27,96
ALT,2011,3,20,2,3,89.1,6.8,1.4,4.36,2.3,13.9,0,976.6,90,0.3,0.9,0,0,0,0,0,0,0,280,44,27,96
ALT,2011,3,20,3,2.8,89.4,6.7,1.2,4.3,2.1,13.6,0,976.6,153,0.7,1.5,0,0,0,0,0,0,0,271,36,27,96
ALT,2011,3,20,4,2.7,83.8,6.2,0.2,3.97,1.7,12.7,0,976.4,142,1.2,2.9,0,0,0,0,0,0,0,253,36,27,96
ALT,2011,3,20,5,2.1,86.5,6.2,0.1,3.97,1.3,12,0,976.7,121,0.7,1.5,6,0,6,4,4,4,4,255,29,27,96
ALT,2011,3,20,6,1.7,86,5.9,-0.4,3.78,0.9,11.1,0,977.5,153,1,2.1,82,53,70,40,93,58,38,259,45,27,96
ALT,2011,3,20,7,3.4,78.8,6.2,0.1,3.97,2,13.4,0,977.5,152,1.7,3.3,272,379,139,82,446,269,81,260,23,27,96
ALT,2011,3,20,8,4.6,73.1,6.2,0.2,3.97,2.7,14.6,0,977.6,157,2.1,3.8,495,760,127,102,704,571,105,269,6,27,96
ALT,2011,3,20,9,5.6,68.3,6.2,0.2,3.97,3.3,15.6,0,977.7,337,2.5,5.6,637,848,143,125,642,744,130,262,19,27,96
ALT,2011,3,20,10,6.4,67.7,6.5,0.9,4.16,4,16.9,0,977.7,335,4.5,6.7,698,800,173,139,445,809,144,236,13,27,96
ALT,2011,3,20,11,7.4,66.8,6.9,1.6,4.42,4.8,18.5,0,977.7,336,5.2,8,746,869,156,142,227,876,224,218,25,27,96
ALT,2011,3,20,12,7.8,63.7,6.7,1.4,4.29,4.9,18.6,0,977.5,333,4.9,8.7,737,906,144,137,142,872,476,219,19,27,96
ALT,2011,3,20,13,8.2,59.4,6.4,0.8,4.1,4.9,18.5,0,977.2,304,2.9,6,618,782,154,126,129,711,596,219,25,27,96
ALT,2011,3,20,14,8.8,57,6.4,0.8,4.1,5.2,19.2,0,976.6,315,2.4,5.4,520,868,104,98,101,614,780,225,13,27,96
ALT,2011,3,20,15,8.1,59,6.3,0.6,4.04,4.8,18.3,0,976.4,274,1.6,3.9,136,204,55,72,73,175,256,249,23,27,96
ALT,2011,3,20,16,7.3,60.5,6.2,0.2,3.97,4.2,17.3,0,976.7,264,1.1,3.3,40,0,40,38,38,38,38,268,23,27,96
ALT,2011,3,20,17,7.3,60.5,6.2,0.2,3.97,4.2,17.3,0,977.4,342,1.3,5,6,0,6,4,3,4,3,299,26,27,96
ALT,2011,3,20,18,6.3,66.7,6.4,0.6,4.1,3.8,16.6,0,978,159,1,2.4,0,0,0,0,0,0,0,286,53,27,96
ALT,2011,3,20,19,5.2,73.5,6.5,0.9,4.16,3.3,15.7,0,978.2,164,1.8,3.4,0,0,0,0,0,0,0,288,10,27,96
ALT,2011,3,20,20,4.2,75.5,6.2,0.3,3.97,2.6,14.2,0,978.1,183,1.9,2.8,0,0,0,0,0,0,0,269,0,27,96
ALT,2011,3,20,21,3.5,76.9,6,-0.2,3.84,2,13.1,0,977.8,189,1.3,2.7,0,0,0,0,0,0,0,276,0,27,96
ALT,2011,3,20,22,3.3,76.3,5.9,-0.5,3.78,1.7,12.8,0,977.9,90,0.7,2.2,0,0,0,0,0,0,0,260,0,27,96
ALT,2011,3,20,23,1.8,82.1,5.7,-0.9,3.65,0.7,10.9,0,978.1,188,1.3,2,0,0,0,0,0,0,0,265,0,27,96
ALT,2011,3,21,0,1.3,80.8,5.4,-1.6,3.45,0.2,9.9,0,978.1,160,1.4,2.3,0,0,0,0,0,0,0,245,10,23,96
ALT,2011,3,21,1,1.4,81.6,5.5,-1.4,3.52,0.3,10.2,0,977.7,159,1,2.4,0,0,0,0,0,0,0,244,0,23,96
ALT,2011,3,21,2,0.7,84.4,5.4,-1.6,3.46,-0.2,9.3,0,977.3,151,1.1,2.2,0,0,0,0,0,0,0,243,0,23,96
ALT,2011,3,21,3,-0.1,85.8,5.2,-2.2,3.33,-0.9,8.2,0,977.8,117,0.4,1.1,0,0,0,0,0,0,0,241,0,23,96
ALT,2011,3,21,4,-0.4,86.2,5.1,-2.4,3.26,-1.1,7.7,0,978.3,156,1.2,2.2,0,0,0,0,0,0,0,240,0,23,96
ALT,2011,3,21,5,0.1,81.8,5,-2.6,3.2,-0.9,8.1,0,978.3,140,1.6,3.4,5,0,5,4,4,4,4,239,0,23,96
ALT,2011,3,21,6,0,82.8,5.1,-2.6,3.26,-1,8.1,0,978.6,217,0.6,1.4,114,295,48,34,328,119,34,243,0,23,96
ALT,2011,3,21,7,2.3,79.2,5.7,-0.9,3.64,1,11.4,0,978.8,153,0.7,1.8,337,730,86,62,741,377,64,247,0,23,96
ALT,2011,3,21,8,4.1,74.9,6.1,0.1,3.9,2.4,13.9,0,979,349,1.1,3.3,502,804,112,88,722,570,91,256,0,23,96
ALT,2011,3,21,9,5.1,70.8,6.2,0.2,3.96,3,15.1,0,979.1,334,2.6,4.2,636,858,128,107,618,730,111,255,0,23,96
ALT,2011,3,21,10,6.1,65.6,6.2,0.2,3.96,3.6,16.1,0,978.9,340,3.5,5.3,737,945,113,117,439,858,123,236,0,23,96
ALT,2011,3,21,11,6.9,60.4,6,-0.2,3.84,3.9,16.6,0,978.7,328,3.7,5.7,767,955,115,121,195,894,200,230,0,23,96
ALT,2011,3,21,12,7.9,57.4,6.1,0,3.9,4.5,17.7,0,978.1,317,3.4,5.8,733,933,117,117,122,852,442,232,0,23,96
ALT,2011,3,21,13,9.3,52.2,6.1,0,3.91,5.2,19.2,0,977.7,311,2.9,6.2,629,831,137,108,111,717,613,219,0,23,96
ALT,2011,3,21,14,9.9,48.3,5.9,-0.5,3.78,5.3,19.5,0,977.4,277,2.3,5.8,505,815,111,87,90,573,735,219,0,23,96
ALT,2011,3,21,15,9.6,50.2,6,-0.2,3.84,5.3,19.3,0,977.2,266,1.4,5.3,132,204,51,63,65,164,246,219,0,23,96
ALT,2011,3,21,16,8.6,54.2,6.1,-0.1,3.91,4.8,18.5,0,977.2,194,0.7,2.3,33,0,33,35,35,35,35,226,0,23,96
ALT,2011,3,21,17,7.4,60,6.2,0.2,3.97,4.3,17.4,0,977.8,180,0.9,2.3,6,0,6,4,4,4,3,220,0,23,96
ALT,2011,3,21,18,5.3,69.2,6.1,0.1,3.9,3.1,15.1,0,978.2,176,1.4,2.6,0,0,0,0,0,0,0,220,0,23,96
ALT,2011,3,21,19,4.5,72.2,6.1,-0.1,3.9,2.6,14.3,0,978.8,165,1.1,2.1,0,0,0,0,0,0,0,250,0,23,96
ALT,2011,3,21,20,3.9,74.1,6,-0.3,3.84,2.2,13.5,0,979.1,180,1.2,2.3,0,0,0,0,0,0,0,258,0,23,96
ALT,2011,3,21,21,3.5,75.1,5.9,-0.5,3.77,1.9,13,0,979.1,153,0.3,1.2,0,0,0,0,0,0,0,256,0,23,96
ALT,2011,3,21,22,2.3,79.7,5.8,-0.8,3.71,1.1,11.6,0,978.9,135,0.2,0.9,0,0,0,0,0,0,0,253,0,23,96
ALT,2011,3,21,23,1.3,83.2,5.6,-1.2,3.58,0.3,10.2,0,979.1,162,0.8,1.7,0,0,0,0,0,0,0,251,20,23,96
ALT,2011,3,22,0,0.8,83.2,5.4,-1.7,3.45,-0.2,9.4,0,979.2,150,0.9,2,0,0,0,0,0,0,0,249,0,24,96
ALT,2011,3,22,1,0.7,84.8,5.5,-1.6,3.51,-0.2,9.5,0,979.3,166,0.8,1.7,0,0,0,0,0,0,0,249,0,24,96
ALT,2011,3,22,2,0.1,86,5.3,-2,3.38,-0.7,8.5,0,979.5,159,0.9,1.7,0,0,0,0,0,0,0,248,0,24,96
ALT,2011,3,22,3,-0.5,87.9,5.2,-2.3,3.32,-1.2,7.8,0,979.9,159,0.9,1.6,0,0,0,0,0,0,0,248,0,24,96
ALT,2011,3,22,4,-0.4,87.8,5.2,-2.2,3.32,-1.1,7.9,0,980.5,180,0.8,1.4,0,0,0,0,0,0,0,248,0,24,96
ALT,2011,3,22,5,-1.1,88.7,5,-2.7,3.19,-1.7,6.8,0,981.1,156,1,1.6,6,0,6,4,4,4,4,249,6,24,96
ALT,2011,3,22,6,-0.4,87,5.2,-2.3,3.31,-1.1,7.9,0,981.4,162,1.3,1.8,126,307,56,37,344,125,37,260,45,24,96
ALT,2011,3,22,7,2.3,82,5.9,-0.5,3.76,1.2,11.7,0,981.5,117,0.8,1.5,324,604,107,69,633,343,70,269,35,24,96
ALT,2011,3,22,8,4.3,76.1,6.3,0.5,4.02,2.7,14.4,0,982,339,1.7,2.8,492,746,125,92,687,547,94,276,33,24,96
ALT,2011,3,22,9,5.4,69.2,6.2,0.2,3.95,3.2,15.3,0,982.1,343,1.3,2.8,638,866,122,109,623,727,114,276,39,24,96
ALT,2011,3,22,10,6.4,61.8,6,-0.4,3.82,3.5,16,0,982,332,1.7,3.3,675,724,194,131,426,743,134,287,59,24,96
ALT,2011,3,22,11,7.7,62,6.5,0.9,4.14,4.7,18.2,0,981.9,335,2.6,4.5,733,841,154,129,208,831,209,285,45,24,96
ALT,2011,3,22,12,8.9,56.9,6.5,0.8,4.15,5.3,19.4,0,981.5,332,2.4,3.8,721,885,132,122,126,824,439,269,29,24,96
ALT,2011,3,22,13,9.7,52.8,6.4,0.5,4.08,5.6,20,0,980.9,346,2.1,3.8,619,800,141,111,114,695,599,265,29,24,96
ALT,2011,3,22,14,10.3,50.5,6.3,0.5,4.02,5.9,20.5,0,980.6,339,2.3,3.9,496,790,111,89,91,555,718,262,6,24,96
ALT,2011,3,22,15,10,49.4,6.1,-0.1,3.89,5.5,19.9,0,980.5,355,1.1,2.5,133,200,52,65,67,162,244,258,13,24,96
ALT,2011,3,22,16,9,56.2,6.4,0.8,4.09,5.3,19.3,0,980.6,207,0.7,1.4,34,0,34,36,36,36,36,258,25,24,96
ALT,2011,3,22,17,7.5,65.8,6.8,1.5,4.34,4.8,18.4,0,981.2,171,0.6,1.6,6,0,6,4,4,4,4,258,25,24,96
ALT,2011,3,22,18,6,71.8,6.7,1.3,4.27,3.9,16.8,0,981.8,186,0.9,1.8,0,0,0,0,0,0,0,246,33,24,96
ALT,2011,3,22,19,5.8,71.3,6.6,1,4.21,3.7,16.4,0,982,163,1.1,1.9,0,0,0,0,0,0,0,268,33,24,96
ALT,2011,3,22,20,4.8,76.3,6.5,1,4.14,3.2,15.2,0,982.1,169,0.7,1.4,0,0,0,0,0,0,0,259,6,24,96
ALT,2011,3,22,21,3.7,80.6,6.4,0.7,4.08,2.4,13.9,0,982.2,175,1.1,1.7,0,0,0,0,0,0,0,267,13,24,96
ALT,2011,3,22,22,3.5,81,6.4,0.6,4.08,2.3,13.7,0,982.2,169,1,2.4,0,0,0,0,0,0,0,277,6,24,96
ALT,2011,3,22,23,2.8,83,6.2,0.2,3.95,1.7,12.7,0,982.2,153,0.9,1.9,0,0,0,0,0,0,0,270,0,24,96
ALT,2011,3,23,0,1.8,86.9,6,-0.1,3.82,1,11.4,0,982.3,169,0.6,1.2,0,0,0,0,0,0,0,268,0,23,96
ALT,2011,3,23,1,2,85.3,6,-0.2,3.82,1.1,11.6,0,982.4,164,0.8,2,0,0,0,0,0,0,0,266,0,23,96
ALT,2011,3,23,2,1.1,87.7,5.8,-0.7,3.69,0.4,10.3,0,982.2,172,0.8,1.8,0,0,0,0,0,0,0,264,0,23,96
ALT,2011,3,23,3,1,88.2,5.8,-0.7,3.7,0.3,10.2,0,982,153,1,2,0,0,0,0,0,0,0,263,0,23,96
ALT,2011,3,23,4,1.1,86.7,5.7,-0.9,3.63,0.3,10.2,0,982.4,169,0.6,1.3,0,0,0,0,0,0,0,261,0,23,96
ALT,2011,3,23,5,0.4,88.4,5.6,-1.3,3.57,-0.3,9.3,0,982.6,171,0.8,1.8,9,0,9,6,5,6,5,262,6,23,96
ALT,2011,3,23,6,1,86,5.7,-1.1,3.63,0.2,10.1,0,983.3,162,0.8,1.9,117,278,52,36,315,115,36,261,13,23,96
ALT,2011,3,23,7,3.8,81.2,6.5,0.9,4.14,2.6,14.2,0,984,156,1,2.2,340,704,89,63,718,364,64,279,6,23,96
ALT,2011,3,23,8,6,72.9,6.8,1.5,4.33,4,16.9,0,984,141,1.5,2.8,503,781,115,87,705,553,90,231,0,23,96
ALT,2011,3,23,9,7.6,68.1,7.1,2.1,4.52,5.1,19,0,983.6,336,1.5,3.3,645,880,114,104,617,726,109,234,0,23,96
ALT,2011,3,23,10,8.7,64.6,7.2,2.4,4.59,5.8,20.3,0,982.9,339,2.5,4.4,730,909,120,116,431,827,121,243,0,23,96
ALT,2011,3,23,11,9.5,62,7.4,2.6,4.72,6.3,21.4,0,982.6,338,2.7,4.5,759,920,121,120,194,862,197,254,0,23,96
ALT,2011,3,23,12,10.8,57.5,7.4,2.8,4.72,7,22.8,0,982.2,342,2.6,4.5,728,905,122,116,120,823,438,266,0,23,96
ALT,2011,3,23,13,12.1,54.4,7.7,3.2,4.92,7.8,24.6,0,981.9,5,2.6,5.8,638,860,121,105,108,714,618,258,0,23,96
ALT,2011,3,23,14,12.7,51.3,7.5,2.9,4.79,7.9,24.9,0,981.5,7,1.8,3.3,508,814,107,86,88,560,731,255,13,23,96
ALT,2011,3,23,15,12.2,54.5,7.7,3.3,4.92,7.8,24.7,0,981.2,306,0.9,1.7,136,201,54,64,66,162,245,259,0,23,96
ALT,2011,3,23,16,10.8,60.5,7.8,3.5,4.98,7.3,23.4,0,981.2,270,0.5,1.4,34,0,34,35,35,35,35,250,0,23,96
ALT,2011,3,23,17,9.8,66.2,8,3.8,5.11,6.9,22.7,0,981.4,170,1.2,2,6,0,6,4,4,4,4,248,6,23,96
ALT,2011,3,23,18,8.5,69.8,7.8,3.3,4.98,6,21.1,0,982,164,0.8,3.3,0,0,0,0,0,0,0,245,0,23,96
ALT,2011,3,23,19,6.4,77.5,7.4,2.8,4.72,4.7,18.3,0,982.2,169,1,2.2,0,0,0,0,0,0,0,241,0,23,96
ALT,2011,3,23,20,6.6,75.4,7.4,2.6,4.72,4.8,18.5,0,982.2,153,1.2,2.5,0,0,0,0,0,0,0,239,0,23,96
ALT,2011,3,23,21,5.4,79.7,7.1,2.2,4.53,4,16.8,0,982,164,1.5,2.8,0,0,0,0,0,0,0,258,33,23,96
ALT,2011,3,23,22,5.7,77.8,7.1,2.1,4.53,4.1,17.1,0,981.8,162,0.8,2.2,0,0,0,0,0,0,0,244,16,23,96
ALT,2011,3,23,23,3.8,84.2,6.7,1.4,4.27,2.8,14.5,0,981.7,149,0.8,2,0,0,0,0,0,0,0,284,45,23,96
ALT,2011,3,24,0,3.7,84.3,6.7,1.3,4.28,2.7,14.4,0,981.5,153,1.2,2.5,0,0,0,0,0,0,0,270,0,22,96
ALT,2011,3,24,1,2.4,86.9,6.3,0.4,4.02,1.6,12.5,0,981.3,153,1,1.8,0,0,0,0,0,0,0,269,0,22,96
ALT,2011,3,24,2,2.3,87.4,6.3,0.4,4.02,1.5,12.4,0,980.9,217,0.8,2.2,0,0,0,0,0,0,0,268,0,22,96
ALT,2011,3,24,3,1.7,88,6.1,-0.1,3.89,1,11.4,0,981.1,144,0.9,1.7,0,0,0,0,0,0,0,267,0,22,96
ALT,2011,3,24,4,1.7,87.8,6.1,-0.1,3.89,1,11.4,0,981.5,157,0.8,1.7,0,0,0,0,0,0,0,266,0,22,96
ALT,2011,3,24,5,2,86.5,6.1,0,3.89,1.2,11.7,0,981.7,171,0.7,1.3,11,0,11,7,7,7,7,267,0,22,96
ALT,2011,3,24,6,1.7,86.9,6,-0.2,3.82,0.9,11.3,0,981.8,159,0.8,1.7,121,287,52,36,323,116,36,279,23,22,96
ALT,2011,3,24,7,4.4,80.3,6.7,1.3,4.27,3.1,15.1,0,982,124,0.4,1.3,350,726,88,62,737,369,64,266,19,22,96
ALT,2011,3,24,8,7.6,69.9,7.3,2.5,4.66,5.2,19.3,0,981.8,14,0.6,2.7,509,783,116,87,705,550,89,272,29,22,96
ALT,2011,3,24,9,8.6,63.7,7.1,2.1,4.53,5.6,20,0,981.5,336,1.8,2.8,655,893,112,102,620,728,107,239,13,22,96
ALT,2011,3,24,10,10.2,58.8,7.3,2.5,4.66,6.6,22,0,981.3,337,2,3,734,900,126,115,431,818,120,246,19,22,96
ALT,2011,3,24,11,11.9,54.8,7.6,3.1,4.86,7.6,24.2,0,980.7,330,2,3.3,775,955,108,117,187,872,193,256,13,22,96
ALT,2011,3,24,12,12.6,54.2,7.9,3.6,5.05,8.1,25.4,0,980.1,330,2.5,3.8,733,909,120,114,117,818,438,284,6,22,96
ALT,2011,3,24,13,13.8,52.2,8.2,4.2,5.25,8.9,27.1,0,979.3,338,1.9,3.3,624,786,147,107,109,677,590,288,36,22,96
ALT,2011,3,24,14,14.5,49,8.1,3.9,5.19,9.1,27.7,0,978.7,346,1.3,3.5,505,797,111,85,87,546,721,278,29,22,96
ALT,2011,3,24,15,13.7,51,8,3.8,5.13,8.7,26.7,0,978.1,330,0.9,2.5,131,198,49,61,63,155,238,252,6,22,96
ALT,2011,3,24,16,12.2,58.6,8.3,4.3,5.33,8.2,25.7,0,977.6,207,0.3,1.1,33,0,33,35,35,35,35,250,6,22,96
ALT,2011,3,24,17,10.6,65.7,8.4,4.5,5.39,7.6,24.2,0,977.6,191,0.5,1.7,9,0,9,6,6,6,5,255,13,22,96
ALT,2011,3,24,18,8.6,69.9,7.8,3.4,5,6.1,21.2,0,977.7,159,0.9,2.1,0,0,0,0,0,0,0,276,26,22,96
ALT,2011,3,24,19,8,71.1,7.6,3.1,4.87,5.7,20.3,0,977.8,172,1.4,2.3,0,0,0,0,0,0,0,281,48,22,96
ALT,2011,3,24,20,7.5,72,7.5,2.8,4.81,5.3,19.6,0,977.4,171,1.3,2.6,0,0,0,0,0,0,0,292,58,22,96
ALT,2011,3,24,21,6.3,74.8,7.1,2.2,4.55,4.4,17.8,0,976.9,174,1.1,1.6,0,0,0,0,0,0,0,317,81,22,96
ALT,2011,3,24,22,5,79.8,6.9,1.8,4.43,3.6,16.1,0,976.5,173,0.9,1.7,0,0,0,0,0,0,0,307,78,22,96
ALT,2011,3,24,23,4.9,79.4,6.9,1.6,4.43,3.5,16,0,975.8,166,1.2,2.1,0,0,0,0,0,0,0,305,81,22,96
ALT,2011,3,25,0,4.7,78.4,6.7,1.3,4.3,3.2,15.5,0,975.4,157,0.9,1.6,0,0,0,0,0,0,0,296,68,22,96
ALT,2011,3,25,1,3.9,80.8,6.5,0.9,4.17,2.6,14.4,0,974.9,156,1.1,2.4,0,0,0,0,0,0,0,281,55,22,96
ALT,2011,3,25,2,4.1,79.5,6.5,0.9,4.18,2.7,14.6,0,974.5,157,0.8,2.2,0,0,0,0,0,0,0,276,44,22,96
ALT,2011,3,25,3,3.4,80.6,6.3,0.4,4.05,2.1,13.5,0,974.1,162,1,2.1,0,0,0,0,0,0,0,276,25,22,96
ALT,2011,3,25,4,3.4,79.2,6.2,0.1,3.99,2,13.4,0,973.7,166,0.9,1.8,0,0,0,0,0,0,0,293,33,22,96
ALT,2011,3,25,5,2.7,81.6,6,-0.1,3.86,1.6,12.4,0,973.8,243,0.5,1.6,10,0,10,6,6,6,6,297,41,22,96
ALT,2011,3,25,6,3.1,82.2,6.3,0.4,4.05,2,13.3,0,973.5,160,1.2,2,121,272,55,37,310,113,37,271,23,22,96
ALT,2011,3,25,7,7.1,74.7,7.5,2.9,4.83,5.2,19.3,0,973.2,146,0.8,2,352,730,84,61,735,365,63,249,6,22,96
ALT,2011,3,25,8,10.3,60.6,7.6,3,4.9,6.8,22.7,0,972.5,315,0.8,2.4,515,809,105,84,716,552,87,252,0,22,96
ALT,2011,3,25,9,10.9,59.3,7.7,3.3,4.97,7.2,23.5,0,971.7,337,2,3.2,654,896,104,100,614,718,105,254,0,22,96
ALT,2011,3,25,10,12.3,54.7,7.8,3.5,5.04,8,25.1,0,970.8,339,2.2,3.8,730,895,121,113,421,805,118,258,0,22,96
ALT,2011,3,25,11,13.9,46.5,7.4,2.6,4.78,8.4,26.1,0,969.7,339,2.3,3.4,770,948,104,115,182,857,190,273,13,22,96
ALT,2011,3,25,12,15.6,45.1,8,3.8,5.18,9.6,28.8,0,968.4,347,2.3,4.4,707,815,154,117,120,767,430,303,39,22,96
ALT,2011,3,25,13,16.8,39.4,7.5,2.9,4.86,9.8,29.2,0,967.2,338,2.3,3.4,593,677,181,113,114,617,552,320,55,22,96
ALT,2011,3,25,14,17,40.5,7.9,3.5,5.13,10.1,30.1,0,966.3,352,1.6,3.3,469,630,153,93,94,477,616,315,50,22,96
ALT,2011,3,25,15,16.4,40.4,7.6,2.9,4.93,9.6,29,0,965.6,309,0.8,2,130,175,57,62,63,146,220,307,35,22,96
ALT,2011,3,25,16,15.4,41.3,7.2,2.3,4.67,8.9,27.3,0,965.3,149,0.7,1.6,49,0,49,39,38,39,38,313,53,22,96
ALT,2011,3,25,17,13.7,47.7,7.4,2.8,4.81,8.3,25.9,0,965.1,168,1.5,3.1,7,0,7,4,4,4,4,314,68,22,96
ALT,2011,3,25,18,12,52.7,7.4,2.6,4.8,7.5,24.2,0,965.5,180,1.7,3.3,0,0,0,0,0,0,0,304,69,22,96
ALT,2011,3,25,19,11.1,55.9,7.4,2.6,4.8,7,23.3,0,965.8,173,1.6,3.6,0,0,0,0,0,0,0,276,33,22,96
ALT,2011,3,25,20,10.1,57.6,7.1,2.1,4.61,6.4,21.7,0,966,180,0.5,2.3,0,0,0,0,0,0,0,285,44,22,96
ALT,2011,3,25,21,9.4,63.6,7.5,2.9,4.87,6.3,21.7,0,966,143,0.6,1.4,0,0,0,0,0,0,0,303,80,22,96
ALT,2011,3,25,22,9.3,65.3,7.6,3.1,4.93,6.4,21.8,0,966.1,160,1.4,4.1,0,0,0,0,0,0,0,336,74,22,96
ALT,2011,3,25,23,8.9,64.4,7.3,2.6,4.74,6,20.9,0,965.8,167,1.5,2.4,0,0,0,0,0,0,0,285,50,22,96
ALT,2011,3,26,0,9.2,64.7,7.5,2.9,4.87,6.2,21.5,0,965.8,315,0.6,2.7,0,0,0,0,0,0,0,302,94,22,96
ALT,2011,3,26,1,9,69.3,8,3.7,5.2,6.5,22.1,0,965.4,162,0.6,1.4,0,0,0,0,0,0,0,286,51,22,96
ALT,2011,3,26,2,7.4,74.9,7.7,3.2,5,5.4,20,0,965.2,171,0.8,2.2,0,0,0,0,0,0,0,288,88,22,96
ALT,2011,3,26,3,7.3,74.7,7.7,3.1,5,5.3,19.9,0,965,143,0.6,1.9,0,0,0,0,0,0,0,301,69,22,96
ALT,2011,3,26,4,6.2,78.2,7.4,2.7,4.81,4.6,18.3,0,965,174,1.3,2.3,0,0,0,0,0,0,0,295,33,22,96
ALT,2011,3,26,5,6,78.8,7.4,2.6,4.81,4.5,18.1,0,964.8,173,0.9,1.9,13,0,13,7,7,7,7,291,19,22,96
ALT,2011,3,26,6,5.5,80.3,7.2,2.4,4.68,4.1,17.3,0,964.7,124,0.8,2.5,126,282,56,38,321,116,38,293,41,22,96
ALT,2011,3,26,7,9.1,72.1,8.4,4.3,5.46,6.8,22.9,0,964.7,333,2,4.8,209,175,135,74,233,161,71,329,94,22,96
ALT,2011,3,26,8,9.9,68.8,8.4,4.4,5.46,7.2,23.7,0,965,319,1.2,3.6,474,633,143,96,587,475,96,333,81,22,96
ALT,2011,3,26,9,11.8,59.7,8.3,4.2,5.4,8,25.5,0,965,217,0.7,3,345,183,237,125,259,266,120,327,88,22,96
ALT,2011,3,26,10,12.9,52.6,7.8,3.5,5.07,8.2,25.8,0,964.5,342,1.4,3.4,217,8,212,112,111,118,105,336,100,22,96
ALT,2011,3,26,11,12.7,53.8,7.9,3.6,5.14,8.2,25.7,0,964.5,325,2.1,6.5,117,0,117,62,59,61,58,346,100,22,96
ALT,2011,3,26,12,13.5,47.3,7.4,2.5,4.81,8.1,25.7,0,964.7,294,2.4,8.3,133,5,130,69,65,73,68,348,100,22,96
ALT,2011,3,26,13,14.7,47.2,7.9,3.6,5.14,9.1,27.8,0,963.9,135,3.1,7.5,535,489,231,127,126,512,452,337,71,22,96
ALT,2011,3,26,14,15,45.4,7.7,3.3,5.01,9.1,27.8,0,963.2,151,2.2,6,382,330,214,113,111,329,398,329,71,22,96
ALT,2011,3,26,15,14.1,48.5,7.8,3.4,5.08,8.8,27,0,962.6,330,1.2,2.7,149,16,142,79,76,88,91,337,88,22,96
ALT,2011,3,26,16,13,53.8,8.1,3.9,5.28,8.5,26.4,0,962.5,328,1.3,2.8,61,0,61,33,31,32,31,347,100,22,96
ALT,2011,3,26,17,12.2,55.9,7.9,3.7,5.15,8,25.2,0,962.6,301,0.8,2.3,2,0,2,1,1,1,1,346,100,22,96
ALT,2011,3,26,18,11,63.6,8.3,4.4,5.41,7.7,24.7,0,962.9,166,0.8,2.1,0,0,0,0,0,0,0,345,94,22,96
ALT,2011,3,26,19,11.1,62,8.2,4.1,5.34,7.6,24.6,0,963.3,141,1.5,3.3,0,0,0,0,0,0,0,334,94,22,96
ALT,2011,3,26,20,10.9,63.1,8.2,4.2,5.34,7.6,24.4,0,963.8,326,0.7,1.6,0,0,0,0,0,0,0,341,100,22,96
ALT,2011,3,26,21,9.9,68.8,8.4,4.4,5.47,7.2,23.7,0,963.7,158,0.7,1.5,0,0,0,0,0,0,0,315,84,22,96
ALT,2011,3,26,22,9,70.3,8.1,3.9,5.27,6.5,22.3,0,963.3,157,0.9,2.1,0,0,0,0,0,0,0,303,49,22,96
ALT,2011,3,26,23,7.6,75,7.8,3.5,5.08,5.7,20.4,0,963.1,297,0.4,1.8,0,0,0,0,0,0,0,293,29,22,96
ALT,2011,3,27,0,6.1,79.7,7.5,2.9,4.88,4.6,18.4,0,963,149,0.8,2.1,0,0,0,0,0,0,0,317,70,23,96
ALT,2011,3,27,1,5.6,78.7,7.1,2.2,4.62,4.1,17.2,0,962.7,162,0.7,2.2,0,0,0,0,0,0,0,334,88,23,96
ALT,2011,3,27,2,4.7,81.8,7,1.9,4.56,3.5,16.1,0,962.4,162,0.6,2,0,0,0,0,0,0,0,335,100,23,96
ALT,2011,3,27,3,5.8,79.4,7.3,2.5,4.76,4.3,17.8,0,962.1,162,0.8,1.9,0,0,0,0,0,0,0,335,100,23,96
ALT,2011,3,27,4,6,82.6,7.7,3.3,5.02,4.8,18.6,0,961.9,163,1.1,1.9,0,0,0,0,0,0,0,335,100,23,96
ALT,2011,3,27,5,6.7,77.3,7.6,3,4.95,5,19.2,0,961.8,180,0.7,1.5,1,0,1,1,1,1,1,335,100,23,96
ALT,2011,3,27,6,6.7,80.2,7.9,3.5,5.15,5.2,19.7,0,961.3,171,1.3,2.4,113,166,69,38,205,87,37,328,88,23,96
ALT,2011,3,27,7,8.8,72.8,8.2,4.2,5.35,6.6,22.3,0,961.1,360,0.6,2.4,279,336,152,83,409,239,81,335,88,23,96
ALT,2011,3,27,8,9.9,67.7,8.2,4.2,5.35,7.1,23.4,0,961.3,333,3.1,5.2,387,305,227,121,386,329,118,341,94,23,96
ALT,2011,3,27,9,12.4,59.4,8.5,4.7,5.55,8.5,26.5,0,961.3,323,2.4,6.6,513,411,257,141,424,470,138,336,81,23,96
ALT,2011,3,27,10,13.5,56,8.7,4.9,5.68,9.1,27.9,0,961,306,4.3,7.9,511,279,319,169,313,427,164,346,100,23,96
ALT,2011,3,27,11,13.6,55.7,8.7,4.9,5.68,9.1,28,0,960.8,310,4.3,8.3,399,86,338,180,189,263,186,349,100,23,96
ALT,2011,3,27,12,13.3,59.1,9,5.5,5.89,9.3,28.2,0,960.2,316,2.9,6.3,332,41,303,162,155,199,174,350,100,23,96
ALT,2011,3,27,13,13.2,60.1,9.2,5.6,6.02,9.3,28.5,0,959.7,331,2,4.4,237,11,230,123,118,132,124,350,100,23,96
ALT,2011,3,27,14,13.1,61.1,9.2,5.8,6.02,9.3,28.4,0,959.4,332,1.7,3.2,133,0,132,71,68,71,67,349,100,23,96
ALT,2011,3,27,15,12.5,64.5,9.4,6,6.16,9.1,28.1,0,959.1,336,1.4,3.2,49,0,49,26,25,26,25,348,100,23,96
ALT,2011,3,27,16,13,62,9.3,5.9,6.09,9.3,28.4,0,958.9,158,0.6,1.4,36,0,36,20,19,20,19,348,100,23,96
ALT,2011,3,27,17,12.1,67.1,9.5,6.2,6.22,9,27.9,0,959.2,326,0.9,2.3,2,0,2,1,1,1,1,347,100,23,96
ALT,2011,3,27,18,10.9,70,9.1,5.7,5.96,8.2,26,0,959.4,321,1.1,2.1,0,0,0,0,0,0,0,346,100,23,96
ALT,2011,3,27,19,9.7,76,9.2,5.7,6.02,7.7,24.9,0,959.8,198,0.5,1.3,0,0,0,0,0,0,0,345,100,23,96
ALT,2011,3,27,20,8.6,79.6,8.9,5.3,5.82,7,23.3,0,959.9,149,0.7,1.8,0,0,0,0,0,0,0,336,84,23,96
ALT,2011,3,27,21,7.6,81.9,8.5,4.7,5.56,6.2,21.6,0,960,143,0.7,1.5,0,0,0,0,0,0,0,339,55,23,96
ALT,2011,3,27,22,6.9,82.5,8.2,4.1,5.36,5.6,20.4,0,960.3,135,0.4,1.6,0,0,0,0,0,0,0,326,90,23,96
ALT,2011,3,27,23,6.4,84,8.1,3.9,5.29,5.2,19.7,0,960.4,158,0.6,1.4,0,0,0,0,0,0,0,320,94,23,96
ALT,2011,3,28,0,7.1,84.4,8.5,4.7,5.56,5.9,21.1,0,960.1,159,0.9,1.8,0,0,0,0,0,0,0,312,51,23,96
ALT,2011,3,28,1,7.5,82.7,8.6,4.8,5.62,6.2,21.7,0,960,166,0.4,1,0,0,0,0,0,0,0,310,61,23,96
ALT,2011,3,28,2,7.9,83.5,8.9,5.3,5.82,6.6,22.6,0,959.8,153,0.5,1.6,0,0,0,0,0,0,0,335,100,23,96
ALT,2011,3,28,3,8,83,8.9,5.3,5.82,6.7,22.7,0,959.8,270,0.2,0.8,0,0,0,0,0,0,0,338,100,23,96
ALT,2011,3,28,4,8,83.6,9,5.4,5.89,6.7,22.8,0,960,153,0.3,0.9,0,0,0,0,0,0,0,338,100,23,96
ALT,2011,3,28,5,8.1,83.6,9,5.5,5.88,6.8,22.9,0,960.4,45,0.4,0.9,5,0,5,3,2,3,2,338,100,23,96
ALT,2011,3,28,6,8.6,81.7,9.2,5.7,6.01,7.1,23.8,0,960.7,180,0.2,0.9,50,11,48,26,36,28,24,338,100,23,96
ALT,2011,3,28,7,9.1,83,9.6,6.4,6.28,7.7,24.9,0,961,11,0.6,1.2,115,7,113,61,65,64,57,340,100,23,96
ALT,2011,3,28,8,9.8,79,9.5,6.3,6.21,8,25.5,0,961.4,315,0.7,1.6,94,0,94,51,48,50,48,342,100,23,96
ALT,2011,3,28,9,9.8,79.7,9.7,6.5,6.34,8.1,25.8,0,961.8,343,1.4,2.4,52,0,52,28,27,28,26,344,100,23,96
ALT,2011,3,28,10,10.4,78.1,9.8,6.8,6.4,8.5,26.6,0,962,327,1.7,4.1,51,0,51,27,26,27,26,346,100,23,96
ALT,2011,3,28,11,10.6,77.5,9.9,6.8,6.47,8.6,26.9,0,962,315,2.8,5.2,57,0,57,31,29,30,29,348,100,23,96
ALT,2011,3,28,12,10,84.9,10.4,7.6,6.8,8.7,27.2,1.1,962.3,318,2.5,5.4,37,0,37,20,19,20,19,349,100,23,96
ALT,2011,3,28,13,10.4,83.9,10.6,7.8,6.93,9,27.9,0,962.2,351,2,4.1,69,0,69,37,36,37,35,349,100,23,96
ALT,2011,3,28,14,10.3,83.3,10.4,7.6,6.8,8.9,27.5,0,962.2,356,1.5,2.8,55,0,55,30,28,29,28,348,100,23,96
ALT,2011,3,28,15,10.7,80.3,10.3,7.4,6.73,9,27.7,0,962.3,333,0.8,1.9,80,0,80,45,43,44,42,348,100,23,96
ALT,2011,3,28,16,10.6,80.5,10.3,7.4,6.73,8.9,27.6,0,962.5,301,0.7,1.8,56,0,56,42,42,42,41,348,78,23,96
ALT,2011,3,28,17,9.9,83.8,10.3,7.3,6.73,8.5,26.9,0,962.9,329,0.7,1.5,11,0,11,6,6,6,6,331,94,23,96
ALT,2011,3,28,18,9.6,85.2,10.2,7.2,6.66,8.3,26.4,0,963.4,180,0.5,1.2,0,0,0,0,0,0,0,341,100,23,96
ALT,2011,3,28,19,8.7,88.9,10,7,6.52,7.8,25.1,0,963.9,225,0.4,0.9,0,0,0,0,0,0,0,343,100,23,96
ALT,2011,3,28,20,8.7,88.9,10,7,6.52,7.8,25.1,0,964.4,162,0.3,0.9,0,0,0,0,0,0,0,341,100,23,96
ALT,2011,3,28,21,8.5,89,9.9,6.8,6.45,7.6,24.8,0,964.4,166,0.4,1,0,0,0,0,0,0,0,339,100,23,96
ALT,2011,3,28,22,8.3,88.8,9.7,6.6,6.32,7.4,24.2,0,964.4,158,0.6,1.3,0,0,0,0,0,0,0,336,75,23,96
ALT,2011,3,28,23,7.1,91.5,9.2,5.8,5.99,6.5,22.2,0,964.4,169,0.7,1.8,0,0,0,0,0,0,0,317,88,23,96
ALT,2011,3,29,0,7.6,89.9,9.4,6.1,6.12,6.8,23,0,964.3,157,0.9,1.8,0,0,0,0,0,0,0,320,65,22,96
ALT,2011,3,29,1,6.3,92.5,8.8,5.2,5.73,5.8,20.7,0,964.2,225,0.5,1.2,0,0,0,0,0,0,0,300,6,22,96
ALT,2011,3,29,2,5,92.8,8.1,3.9,5.27,4.5,18.2,0,964.1,159,0.9,1.6,0,0,0,0,0,0,0,285,0,22,96
ALT,2011,3,29,3,4.7,92.1,7.9,3.5,5.14,4.1,17.6,0,964.1,158,0.5,1.1,0,0,0,0,0,0,0,283,0,22,96
ALT,2011,3,29,4,4,93,7.6,3,4.94,3.5,16.4,0,964.2,174,0.9,1.8,0,0,0,0,0,0,0,280,0,22,96
ALT,2011,3,29,5,3.9,92.2,7.5,2.8,4.88,3.4,16.1,0,964.4,180,0.7,1.3,13,0,13,9,9,9,9,283,0,22,96
ALT,2011,3,29,6,4.3,90.9,7.5,2.9,4.87,3.7,16.5,0,964.6,159,0.9,1.4,135,291,57,41,332,119,41,278,6,22,96
ALT,2011,3,29,7,7.4,84.7,8.8,5,5.73,6.2,21.8,0,964.6,18,0.7,2.3,379,748,87,65,755,366,67,268,0,22,96
ALT,2011,3,29,8,8.8,80.5,9.1,5.6,5.93,7.2,23.8,0,964.4,335,2.4,4,547,842,102,87,738,558,91,253,0,22,96
ALT,2011,3,29,9,10.1,74.8,9.2,5.8,5.99,7.9,25.2,0,964.3,336,3.1,4.8,676,884,115,105,614,707,110,256,0,22,96
ALT,2011,3,29,10,10.7,75.3,9.7,6.5,6.32,8.5,26.7,0,964.1,330,3.6,6.8,761,920,116,116,424,807,121,259,0,22,96
ALT,2011,3,29,11,11.5,70.5,9.6,6.3,6.26,8.8,27.3,0,963.9,344,3.6,6.5,793,946,109,119,184,845,199,262,0,22,96
ALT,2011,3,29,12,12.4,66.8,9.7,6.4,6.33,9.3,28.4,0,963.5,341,3.4,6.7,754,912,118,115,119,797,444,264,0,22,96
ALT,2011,3,29,13,13.2,61.9,9.4,6.1,6.13,9.5,28.7,0,963,347,2.6,5.3,649,814,137,107,110,669,603,272,23,22,96
ALT,2011,3,29,14,13.6,61.1,9.5,6.3,6.2,9.8,29.3,0,962.4,356,1.8,4.8,481,620,159,99,99,461,609,283,46,22,96
ALT,2011,3,29,15,13.6,59.5,9.2,5.9,6.01,9.6,28.8,0,962,356,1.4,3,225,379,69,66,67,229,413,274,19,22,96
ALT,2011,3,29,16,12.4,63.4,9.1,5.7,5.94,8.9,27.5,0,962,180,0.7,1.8,35,0,35,38,39,38,39,264,0,22,96
ALT,2011,3,29,17,10.7,68.2,8.8,5.1,5.74,7.9,25.2,0,962.4,160,1.2,1.7,12,0,12,8,8,8,8,263,0,22,96
ALT,2011,3,29,18,9.9,69,8.4,4.5,5.47,7.2,23.7,0,963.1,175,1.3,2.4,0,0,0,0,0,0,0,263,0,22,96
ALT,2011,3,29,19,8.5,73.9,8.2,4.1,5.34,6.4,22,0,963.4,180,0.9,1.9,0,0,0,0,0,0,0,263,0,22,96
ALT,2011,3,29,20,7.2,77.3,7.9,3.5,5.14,5.5,20.2,0,963.6,167,0.9,1.8,0,0,0,0,0,0,0,263,0,22,96
ALT,2011,3,29,21,6.4,79.8,7.7,3.2,5.01,4.9,19,0,963.8,159,0.9,1.8,0,0,0,0,0,0,0,263,0,22,96
ALT,2011,3,29,22,5.8,81.6,7.5,2.9,4.88,4.5,18.1,0,964,169,0.6,1.6,0,0,0,0,0,0,0,262,0,22,96
ALT,2011,3,29,23,4.8,84,7.2,2.3,4.68,3.7,16.6,0,963.9,151,1,1.7,0,0,0,0,0,0,0,274,20,22,96
ALT,2011,3,30,0,4.4,83.6,7,1.9,4.55,3.3,15.8,0,963.7,166,0.8,1.9,0,0,0,0,0,0,0,263,25,21,96
ALT,2011,3,30,1,4.3,83.4,6.9,1.7,4.49,3.2,15.6,0,963.7,158,0.6,1.8,0,0,0,0,0,0,0,268,48,21,96
ALT,2011,3,30,2,4,84.7,6.9,1.7,4.48,3,15.2,0,964,153,0.5,1.4,0,0,0,0,0,0,0,290,49,21,96
ALT,2011,3,30,3,3.9,84.6,6.8,1.5,4.42,2.9,15,0,964.6,149,0.8,2.2,0,0,0,0,0,0,0,295,75,21,96
ALT,2011,3,30,4,4,83.8,6.8,1.5,4.41,2.9,15.1,0,965,169,1,2.5,0,0,0,0,0,0,0,336,100,21,96
ALT,2011,3,30,5,4.4,81.8,6.8,1.6,4.41,3.2,15.5,0,965.8,172,0.9,2.6,6,0,6,3,3,3,3,328,68,21,96
ALT,2011,3,30,6,5.8,79.6,7.4,2.6,4.8,4.3,17.9,0,966.4,143,0.6,1.3,69,7,67,35,41,37,33,337,100,21,96
ALT,2011,3,30,7,7.8,77.4,8.2,4.1,5.32,6,21.2,0,966.9,360,0.2,0.9,145,19,136,72,87,81,67,340,100,21,96
ALT,2011,3,30,8,8.7,72.4,8.1,4,5.25,6.4,22,0,967.2,304,0.5,2,182,6,179,94,95,97,88,333,100,21,96
ALT,2011,3,30,9,9.9,66.8,8.1,4,5.25,7,23.2,0,967.6,333,1,2.1,225,18,214,112,121,125,105,345,100,21,96
ALT,2011,3,30,10,11,69.4,9.1,5.6,5.9,8.3,25.9,0,967.7,324,2.5,5.3,102,0,102,54,51,53,50,347,100,21,96
ALT,2011,3,30,11,11,72.1,9.5,6.2,6.17,8.5,26.6,0,967.5,336,3.2,6.6,196,0,196,103,98,102,97,350,100,21,96
ALT,2011,3,30,12,11.8,66.6,9.2,5.8,5.97,8.7,26.9,0,967.2,349,2.3,4.3,74,0,74,39,37,38,36,351,100,21,96
ALT,2011,3,30,13,12,64.4,9,5.5,5.84,8.7,26.8,0,966.9,360,1.1,2.8,145,0,144,76,72,76,71,351,100,21,96
ALT,2011,3,30,14,12.5,61.2,8.9,5.2,5.78,8.8,27.1,0,966.7,31,0.7,1.7,83,0,83,43,41,43,41,350,100,21,96
ALT,2011,3,30,15,12.8,56.9,8.4,4.5,5.45,8.6,26.6,0,966.5,45,0.4,1.1,164,100,124,77,75,123,173,337,78,21,96
ALT,2011,3,30,16,12.2,60.5,8.6,4.8,5.58,8.5,26.3,0,966.8,27,0.5,2,43,0,43,23,22,23,22,325,94,21,96
ALT,2011,3,30,17,11.5,67.5,9.1,5.7,5.91,8.5,26.5,0,967.5,315,0.5,1.6,2,0,2,1,1,1,1,349,100,21,96
ALT,2011,3,30,18,10.8,72.7,9.4,6.1,6.1,8.4,26.2,0,967.8,146,0.7,1.9,0,0,0,0,0,0,0,343,88,21,96
ALT,2011,3,30,19,9.9,74.6,9.1,5.6,5.9,7.7,24.8,0,968.5,0,0.5,1.4,0,0,0,0,0,0,0,333,88,21,96
ALT,2011,3,30,20,8.8,80,9,5.5,5.83,7.2,23.5,0,969,156,1,2,0,0,0,0,0,0,0,343,100,21,96
ALT,2011,3,30,21,9,79.5,9.1,5.6,5.9,7.3,23.9,0,969,207,0.6,1.8,0,0,0,0,0,0,0,336,94,21,96
ALT,2011,3,30,22,9.2,78.9,9.2,5.7,5.96,7.4,24.2,0,969.2,141,0.7,1.8,0,0,0,0,0,0,0,334,100,21,96
ALT,2011,3,30,23,8.7,80.3,9,5.5,5.83,7.1,23.4,0,969.3,153,1.1,2.1,0,0,0,0,0,0,0,332,100,21,96
ALT,2011,3,31,0,8.4,80.6,8.9,5.3,5.76,6.9,22.9,0,969.3,153,0.7,1.3,0,0,0,0,0,0,0,335,100,21,96
ALT,2011,3,31,1,7.3,84.7,8.6,4.9,5.57,6.1,21.3,0,969.4,198,0.7,1.6,0,0,0,0,0,0,0,320,71,21,96
ALT,2011,3,31,2,6.9,86.2,8.6,4.8,5.57,5.9,20.9,0,969.6,117,0.4,1.3,0,0,0,0,0,0,0,335,100,21,96
ALT,2011,3,31,3,7.6,85.2,8.9,5.3,5.76,6.5,22.1,0,970,180,0.7,2,0,0,0,0,0,0,0,335,100,21,96
ALT,2011,3,31,4,7.7,85.7,9,5.5,5.82,6.6,22.4,0,970.2,158,0.5,1.3,0,0,0,0,0,0,0,335,100,21,96
ALT,2011,3,31,5,7.3,85.4,8.7,5,5.63,6.2,21.5,0,970.4,172,1.4,1.9,18,0,18,13,12,12,12,310,63,21,96
ALT,2011,3,31,6,7.8,84,8.9,5.3,5.76,6.6,22.3,0,970.8,146,0.5,1.6,139,229,75,46,278,108,45,302,48,21,96
ALT,2011,3,31,7,10.1,75.7,9.4,6,6.08,8,25.5,0,970.7,153,1.2,2.4,358,600,117,70,636,323,70,319,53,21,96
ALT,2011,3,31,8,11.8,63.5,8.8,5.1,5.69,8.4,26.2,0,970.4,108,0.7,2.3,542,764,128,91,693,528,93,324,56,21,96
ALT,2011,3,31,9,13,62.9,9.4,6.1,6.09,9.4,28.4,0,969.9,336,1.2,3.4,641,756,155,108,567,639,111,327,68,21,96
ALT,2011,3,31,10,14,57.5,9.2,5.8,5.96,9.7,29.1,0,969.5,342,2,3.7,602,438,291,151,359,541,148,340,81,21,96
ALT,2011,3,31,11,15.5,52.1,9.1,5.7,5.9,10.3,30.5,0,969.2,336,1.8,4.3,562,312,334,170,216,467,220,352,100,21,96
ALT,2011,3,31,12,15.6,51.3,9,5.6,5.83,10.3,30.4,0,969.3,332,4.8,12.1,343,54,304,158,151,208,176,359,100,21,96
ALT,2011,3,31,13,15.2,55.7,9.6,6.4,6.22,10.5,31,0,970.1,338,7.9,12.9,168,0,168,88,84,88,83,358,100,21,96
ALT,2011,3,31,14,13.4,69.3,10.6,7.9,6.86,10.4,30.8,0,971.1,327,6.4,10,79,0,79,41,39,41,39,357,100,21,96
ALT,2011,3,31,15,11.8,84.2,11.6,9.2,7.51,10.4,30.8,1.3,972.4,325,2.9,6.9,67,0,67,35,34,35,33,357,100,21,96
ALT,2011,3,31,16,11.8,85.7,11.8,9.5,7.64,10.5,31.2,1.7,972.6,108,1.2,2.3,59,0,59,31,30,31,29,356,100,21,96
ALT,2011,3,31,17,11.5,88,11.9,9.6,7.71,10.5,31,0,973,156,1.5,4.1,6,0,6,3,3,3,3,356,100,21,96
ALT,2011,3,31,18,11,88.7,11.6,9.2,7.51,10,30,0,973.3,146,0.9,2.9,0,0,0,0,0,0,0,355,100,21,96
ALT,2011,3,31,19,10.6,89.2,11.4,8.9,7.38,9.7,29.3,0,973.8,138,1.3,4.2,0,0,0,0,0,0,0,345,94,21,96
ALT,2011,3,31,20,10,88.9,11,8.2,7.09,9,27.9,0,973.2,207,0.6,1.5,0,0,0,0,0,0,0,338,78,21,96
ALT,2011,3,31,21,9,87.7,10.3,7,6.65,8,25.8,0,971.6,180,0.4,1.6,0,0,0,0,0,0,0,354,100,21,96
ALT,2011,3,31,22,8.2,85.9,9.6,5.9,6.23,7.1,23.9,0,970,146,1.2,1.9,0,0,0,0,0,0,0,353,94,21,96
ALT,2011,3,31,23,7.1,83.7,8.8,4.5,5.7,5.9,21.5,0,967.3,135,1.4,2.9,0,0,0,0,0,0,0,339,88,21,96
ALT,2010,4,1,0,6.2,81.6,8,3.2,5.22,4.9,19.4,0,964.8,262,1.5,3.4,0,0,0,0,0,0,0,297,63,25,96
ALT,2010,4,1,1,5.3,79.9,7.3,2,4.77,3.9,17.3,0,962.3,135,1.3,4.8,0,0,0,0,0,0,0,301,71,25,96
ALT,2010,4,1,2,4.7,79.1,6.9,1.3,4.5,3.3,16,0,961,360,0.8,3.1,0,0,0,0,0,0,0,312,100,25,96
ALT,2010,4,1,3,4,79.4,6.5,0.7,4.24,2.6,14.6,0,959.7,5,3.9,10.3,0,0,0,0,0,0,0,312,100,25,96
ALT,2010,4,1,4,3.7,80.3,6.4,0.6,4.17,2.4,14.1,1.4,959.6,1,7.5,12.1,0,0,0,0,0,0,0,312,100,25,96
ALT,2010,4,1,5,3.5,82.8,6.5,0.8,4.23,2.3,14.1,0.8,960.6,340,8,12.1,2,0,2,1,1,1,1,311,100,25,96
ALT,2010,4,1,6,3,86.3,6.5,0.9,4.25,2.1,13.6,0.4,961.7,332,5.2,9,12,0,12,7,6,7,6,311,100,25,96
ALT,2010,4,1,7,2.8,87.4,6.6,0.9,4.27,2,13.5,0.1,962.4,327,3.7,6.7,33,0,33,18,17,18,17,311,100,25,96
ALT,2010,4,1,8,3,87.6,6.6,1.1,4.29,2.2,13.8,0,962.9,329,3.9,6.3,43,0,43,24,23,23,22,311,100,25,96
ALT,2010,4,1,9,3,86.9,6.6,1,4.29,2.2,13.7,0.2,963.9,334,3.4,5.5,78,0,78,43,41,43,41,311,100,25,96
ALT,2010,4,1,10,3,87.4,6.6,1.1,4.28,2.2,13.7,0.1,964.8,337,3.4,5.8,57,0,57,32,30,31,30,312,100,25,96
ALT,2010,4,1,11,3.9,82.9,6.7,1.3,4.35,2.8,14.8,0,965.2,7,2,5,72,0,72,39,38,39,37,312,100,25,96
ALT,2010,4,1,12,5,65.4,5.7,-0.9,3.7,2.6,14.3,0,965.1,186,2.2,7.8,67,0,67,37,35,37,35,311,100,25,96
ALT,2010,4,1,13,6.3,55.8,5.3,-1.9,3.43,2.9,14.9,0,965.1,130,1.9,6.8,215,17,205,112,108,125,120,308,100,25,96
ALT,2010,4,1,14,6.6,54.8,5.3,-1.8,3.44,3.1,15.3,0,964.9,315,2,5.7,203,36,184,101,97,124,129,302,94,25,96
ALT,2010,4,1,15,6.2,57.5,5.4,-1.6,3.5,3,15,0,964.8,322,1.8,3.8,229,365,74,75,77,230,414,282,23,25,96
ALT,2010,4,1,16,5.2,59.2,5.2,-2.1,3.37,2.3,13.7,0,965.1,284,1.3,2.8,37,0,37,45,45,45,45,271,16,25,96
ALT,2010,4,1,17,4.4,61.8,5.1,-2.3,3.3,1.7,12.7,0,965.5,188,0.9,2.2,10,0,10,6,5,6,5,278,84,25,96
ALT,2010,4,1,18,3.8,68.2,5.5,-1.5,3.56,1.7,12.7,0,966.1,155,1.5,2.8,0,0,0,0,0,0,0,283,78,25,96
ALT,2010,4,1,19,2.8,75.7,5.6,-1.1,3.62,1.2,11.9,0,966.7,165,1.6,3,0,0,0,0,0,0,0,282,100,25,96
ALT,2010,4,1,20,2.7,76.2,5.6,-1.1,3.62,1.2,11.8,0,967,166,0.8,1.7,0,0,0,0,0,0,0,277,100,25,96
ALT,2010,4,1,21,2.4,79.6,5.8,-0.8,3.75,1.1,11.8,0,967.2,135,0.7,1.4,0,0,0,0,0,0,0,273,100,25,96
ALT,2010,4,1,22,3,76.5,5.8,-0.7,3.75,1.5,12.4,0,967.4,172,0.7,1.4,0,0,0,0,0,0,0,271,100,25,96
ALT,2010,4,1,23,2.7,78.2,5.8,-0.7,3.75,1.3,12.1,0,967.6,180,0.4,1.1,0,0,0,0,0,0,0,261,75,25,96
ALT,2010,4,2,0,1.7,82.5,5.7,-1,3.69,0.6,10.9,0,967,158,0.6,1.3,0,0,0,0,0,0,0,255,48,25,96
ALT,2010,4,2,1,0.9,78.4,5.1,-2.4,3.3,-0.3,9.1,0,966.6,166,0.8,1.8,0,0,0,0,0,0,0,254,54,25,96
ALT,2010,4,2,2,0.1,81.4,5,-2.7,3.23,-0.9,8.2,0,966.5,143,0.6,1.7,0,0,0,0,0,0,0,257,64,25,96
ALT,2010,4,2,3,-0.7,84.1,4.9,-3,3.17,-1.5,7.2,0,966.2,146,0.8,1.9,0,0,0,0,0,0,0,263,84,25,96
ALT,2010,4,2,4,-0.3,79.6,4.8,-3.4,3.1,-1.4,7.4,0,966.4,180,1.2,2.2,0,0,0,0,0,0,0,265,100,25,96
ALT,2010,4,2,5,-0.3,79.7,4.8,-3.4,3.11,-1.4,7.4,0,966.3,180,1.5,2.3,14,0,14,8,8,8,7,264,100,25,96
ALT,2010,4,2,6,0.2,79.7,4.9,-2.9,3.17,-0.9,8.1,0,966.2,151,1.2,2.1,47,0,47,26,25,26,25,266,100,25,96
ALT,2010,4,2,7,2,72,5.1,-2.5,3.3,0.3,10.3,0,965.8,162,0.4,1.7,196,52,172,95,143,122,90,271,100,25,96
ALT,2010,4,2,8,4.3,57.2,4.8,-3.4,3.11,1.3,12.1,0,966.1,342,0.7,2.8,374,202,262,144,321,283,138,282,94,25,96
ALT,2010,4,2,9,5.2,53,4.7,-3.6,3.04,1.8,12.8,0,965.8,342,1.6,2.5,487,283,305,169,375,395,165,290,88,25,96
ALT,2010,4,2,10,6.4,49,4.7,-3.5,3.04,2.5,14.1,0,965.2,337,1.3,2.5,603,415,300,180,333,530,177,299,84,25,96
ALT,2010,4,2,11,7.8,43.4,4.6,-3.9,2.98,3.1,15.3,0,964.6,340,1.5,3.4,830,931,141,144,220,862,236,248,33,25,96
ALT,2010,4,2,12,9.4,37.7,4.4,-4.3,2.85,3.9,16.6,0,963.6,338,2.7,4.5,775,883,144,138,142,797,477,242,6,25,96
ALT,2010,4,2,13,10.7,32.7,4.2,-5,2.72,4.4,17.6,0,963.1,338,3.3,4.9,683,840,141,124,128,688,647,230,0,25,96
ALT,2010,4,2,14,11.2,35.6,4.7,-3.5,3.05,5,18.9,0,962.5,331,3.7,6,537,747,138,105,107,518,722,230,0,25,96
ALT,2010,4,2,15,9.9,34.6,4.2,-5,2.73,4,16.8,0,962.3,281,1.6,4.5,238,395,68,76,78,237,438,225,0,25,96
ALT,2010,4,2,16,8.6,38.8,4.3,-4.6,2.79,3.4,15.7,0,962.3,270,0.9,2.2,40,0,40,47,47,47,47,242,29,25,96
ALT,2010,4,2,17,7,51.6,5.1,-2.3,3.31,3.2,15.4,0,962.4,163,1.3,3.2,13,0,13,10,10,10,10,231,6,25,96
ALT,2010,4,2,18,5.9,53.1,4.9,-2.9,3.18,2.4,13.9,0,962.8,180,0.8,1.9,0,0,0,0,0,0,0,226,16,25,96
ALT,2010,4,2,19,4.3,58.9,4.9,-3,3.18,1.5,12.3,0,963.2,167,1.4,3.4,0,0,0,0,0,0,0,283,10,25,96
ALT,2010,4,2,20,3.7,62.5,5,-2.8,3.25,1.2,11.8,0,963.1,175,2.4,4.6,0,0,0,0,0,0,0,298,66,25,96
ALT,2010,4,2,21,3.5,62.1,4.9,-3.1,3.18,1,11.5,0,962.9,162,0.7,3.1,0,0,0,0,0,0,0,313,100,25,96
ALT,2010,4,2,22,4.4,57,4.7,-3.4,3.05,1.4,12.1,0,963,349,0.7,3.7,0,0,0,0,0,0,0,313,100,25,96
ALT,2010,4,2,23,4,61.1,4.9,-2.8,3.18,1.4,12,0,963.4,90,0.5,3.1,0,0,0,0,0,0,0,310,100,25,96
ALT,2010,4,3,0,4.9,62.8,5.4,-1.6,3.5,2.3,13.7,0,963.8,90,0.7,3.1,0,0,0,0,0,0,0,313,100,25,96
ALT,2010,4,3,1,5.1,62.5,5.5,-1.5,3.57,2.4,14.1,0,963,135,1.1,4.6,0,0,0,0,0,0,0,313,100,25,96
ALT,2010,4,3,2,6.8,48.1,4.7,-3.4,3.05,2.7,14.5,0,962.6,351,1.6,6.7,0,0,0,0,0,0,0,294,54,25,96
ALT,2010,4,3,3,8,40.7,4.3,-4.5,2.79,3.1,15.1,0,962.5,317,2.1,7,0,0,0,0,0,0,0,310,90,25,96
ALT,2010,4,3,4,7,44.7,4.4,-4.2,2.86,2.6,14.2,0,962.4,350,1.6,5.7,0,0,0,0,0,0,0,309,100,25,96
ALT,2010,4,3,5,5.5,52.4,4.7,-3.5,3.05,2,13.2,0,962.2,315,0.9,3.9,24,0,24,14,14,14,14,312,94,25,96
ALT,2010,4,3,6,5.9,59.4,5.5,-1.4,3.57,2.9,14.9,0,962.5,324,2,6.4,168,294,80,54,349,130,54,299,53,25,96
ALT,2010,4,3,7,9.1,47.3,5.3,-1.5,3.45,4.6,17.8,0,962.1,107,5.6,19.4,393,663,117,83,706,350,84,301,45,25,96
ALT,2010,4,3,8,12.2,32.2,4.6,-3.9,2.99,5.4,19.8,0,961.6,148,11.8,19.6,511,595,185,118,618,470,119,315,63,25,96
ALT,2010,4,3,9,13.1,32.8,4.9,-2.9,3.19,6.2,21.2,0,961.3,150,11.7,21,441,187,319,174,311,328,167,325,94,25,96
ALT,2010,4,3,10,13.6,33,5.1,-2.4,3.32,6.5,22.1,0,961.2,144,11.4,21.8,512,217,355,193,307,395,186,328,100,25,96
ALT,2010,4,3,11,13.9,32.4,5.1,-2.3,3.32,6.7,22.4,0,960.9,139,10,16.7,401,67,351,193,199,256,193,332,100,25,96
ALT,2010,4,3,12,13.5,32.7,5.1,-2.6,3.32,6.4,22,0,960.4,136,11.9,21.5,341,37,315,173,166,206,183,334,100,25,96
ALT,2010,4,3,13,13.6,33,5.2,-2.4,3.39,6.5,22.2,0,959.8,135,11.1,21.6,395,138,307,168,162,278,271,334,100,25,96
ALT,2010,4,3,14,13.8,31.1,4.9,-3,3.19,6.5,21.9,0,959.5,142,12.4,21.4,346,167,255,139,135,250,288,333,100,25,96
ALT,2010,4,3,15,13.3,31.3,4.8,-3.3,3.13,6.1,21.3,0,959.6,145,11.7,19.8,166,53,142,95,93,123,145,333,88,25,96
ALT,2010,4,3,16,12.9,31.1,4.6,-3.8,3,5.8,20.5,0,959.5,143,11.2,21.5,73,0,73,41,40,41,39,333,100,25,96
ALT,2010,4,3,17,12.6,32.7,4.8,-3.4,3.13,5.8,20.6,0,959.2,132,8.6,17.2,5,0,5,3,3,3,3,333,100,25,96
ALT,2010,4,3,18,12.4,32.8,4.7,-3.5,3.06,5.6,20.2,0,959.2,136,9,17,0,0,0,0,0,0,0,333,100,25,96
ALT,2010,4,3,19,12.6,31.9,4.7,-3.7,3.07,5.7,20.4,0,958.2,135,10,22.6,0,0,0,0,0,0,0,332,100,25,96
ALT,2010,4,3,20,13,31.7,4.8,-3.4,3.13,6,21,0,958,135,12.7,25.8,0,0,0,0,0,0,0,332,100,25,96
ALT,2010,4,3,21,13,32.5,4.8,-3.1,3.13,6,21,0,958.3,133,11.4,20.9,0,0,0,0,0,0,0,331,100,25,96
ALT,2010,4,3,22,12.8,33.8,5,-2.7,3.26,6.1,21.1,0,958.6,131,8.8,20.8,0,0,0,0,0,0,0,331,100,25,96
ALT,2010,4,3,23,12.2,40.4,5.7,-0.9,3.72,6.3,21.6,0,959.3,116,5.3,15.5,0,0,0,0,0,0,0,330,100,25,96
ALT,2010,4,4,0,9.6,63.2,7.5,3,4.89,6.5,22,0,960.9,336,7.3,14.3,0,0,0,0,0,0,0,330,100,25,96
ALT,2010,4,4,1,8.6,69.6,7.8,3.4,5.09,6.1,21.4,0,961.9,339,7.2,11.8,0,0,0,0,0,0,0,330,100,25,96
ALT,2010,4,4,2,7.4,74,7.6,3.1,4.95,5.4,19.9,0,962.2,330,6,11.4,0,0,0,0,0,0,0,329,100,25,96
ALT,2010,4,4,3,6.4,78.8,7.6,3,4.95,4.8,18.9,0,962.3,313,3.3,7.5,0,0,0,0,0,0,0,327,88,25,96
ALT,2010,4,4,4,6.2,80,7.6,3,4.95,4.7,18.7,0,962.5,340,1.7,4.5,0,0,0,0,0,0,0,324,94,25,96
ALT,2010,4,4,5,6.1,83.6,7.9,3.5,5.14,4.9,19,0,963.2,207,0.6,1.4,3,0,3,2,2,2,2,328,100,25,96
ALT,2010,4,4,6,6.3,84.5,8.1,3.9,5.27,5.2,19.6,0.1,963.9,135,0.5,1.3,23,0,23,13,12,13,12,329,100,25,96
ALT,2010,4,4,7,6.3,86.6,8.2,4.2,5.34,5.3,19.7,1.4,964.1,270,0.5,1.9,63,0,63,35,33,35,33,330,100,25,96
ALT,2010,4,4,8,6.4,86.1,8.2,4.2,5.34,5.4,19.8,0.5,963.8,159,3.3,7.3,108,1,108,59,57,59,56,331,100,25,96
ALT,2010,4,4,9,6.9,79.1,7.9,3.5,5.14,5.3,19.8,0,964,165,6.7,11.9,89,0,89,49,47,49,46,332,100,25,96
ALT,2010,4,4,10,7.8,76.5,8.1,3.9,5.27,5.9,21.1,0,963.7,150,6.3,9.8,160,2,159,87,84,88,82,333,100,25,96
ALT,2010,4,4,11,9.1,68.7,7.9,3.7,5.14,6.5,22.1,0,963.9,132,4.3,8.4,238,2,237,131,125,131,124,334,100,25,96
ALT,2010,4,4,12,10.2,62,7.7,3.3,5.01,6.9,22.9,0,963.7,45,1.8,5.1,287,15,276,152,146,164,151,334,100,25,96
ALT,2010,4,4,13,9.8,61.7,7.5,2.8,4.88,6.5,22.1,0,963.9,329,2.2,3.9,120,0,120,66,63,66,62,333,100,25,96
ALT,2010,4,4,14,9.8,62.4,7.6,3,4.94,6.6,22.3,0,964.1,336,3,10.4,89,0,89,49,47,49,46,332,100,25,96
ALT,2010,4,4,15,8.4,75.4,8.3,4.3,5.4,6.4,22,0.3,964.6,324,2,7.4,28,0,28,15,15,15,14,331,100,25,96
ALT,2010,4,4,16,8.3,80.9,8.9,5.2,5.79,6.8,22.9,0,965.2,256,1.1,3,15,0,15,8,8,8,8,330,100,25,96
ALT,2010,4,4,17,7.8,77.2,8.2,4.1,5.33,6,21.2,0.1,966,354,3.4,13.5,3,0,3,2,2,2,2,329,100,25,96
ALT,2010,4,4,18,6.8,77.7,7.7,3.2,4.99,5.1,19.4,0.4,966.9,336,2.9,10.3,0,0,0,0,0,0,0,328,100,25,96
ALT,2010,4,4,19,6.5,83,8,3.8,5.18,5.2,19.5,0,967.8,130,0.8,2.2,0,0,0,0,0,0,0,327,100,25,96
ALT,2010,4,4,20,6.7,78.9,7.8,3.3,5.05,5.1,19.4,0.3,968.9,10,1.7,6.5,0,0,0,0,0,0,0,326,100,25,96
ALT,2010,4,4,21,6.7,77,7.5,3,4.85,5,18.9,0,969.2,360,1.5,5.8,0,0,0,0,0,0,0,325,100,25,96
ALT,2010,4,4,22,6.7,72.2,7.1,2.1,4.59,4.6,18.3,0,969.6,169,1.1,6.9,0,0,0,0,0,0,0,324,100,25,96
ALT,2010,4,4,23,6.8,71.1,7,1.9,4.52,4.6,18.2,0,970.1,326,1.9,5.9,0,0,0,0,0,0,0,323,100,25,96
ALT,2010,4,5,0,6.7,71,6.9,1.8,4.45,4.5,17.9,0,970.5,45,1,4.8,0,0,0,0,0,0,0,319,100,26,96
ALT,2010,4,5,1,6,77.9,7.2,2.4,4.65,4.4,17.7,0.5,971.1,352,1.7,4.1,0,0,0,0,0,0,0,317,94,26,96
ALT,2010,4,5,2,5.5,79.8,7.2,2.3,4.64,4.1,17.2,0.3,971.8,357,2.7,11.8,0,0,0,0,0,0,0,315,100,26,96
ALT,2010,4,5,3,5.2,75.1,6.6,1.2,4.25,3.5,15.9,0.4,972.4,359,6.5,13.3,0,0,0,0,0,0,0,316,100,26,96
ALT,2010,4,5,4,5.3,73.4,6.5,0.9,4.18,3.4,15.8,0.2,972.9,345,5.2,9.6,0,0,0,0,0,0,0,314,100,26,96
ALT,2010,4,5,5,5,73.5,6.4,0.7,4.12,3.2,15.3,0.3,973.7,358,7.4,13.8,9,0,9,5,5,5,5,312,100,26,96
ALT,2010,4,5,6,5.4,64.8,5.8,-0.7,3.72,2.9,14.8,0,974.8,12,8.4,15.3,62,0,62,34,33,34,32,312,100,26,96
ALT,2010,4,5,7,5.8,56.7,5.3,-2.1,3.4,2.6,14.3,0,975.7,5,6.1,11.3,83,0,83,46,44,46,43,314,100,26,96
ALT,2010,4,5,8,6.9,51.3,5.1,-2.4,3.27,3.1,15.1,0,976.2,351,3.4,8.1,329,107,268,147,240,221,141,317,100,26,96
ALT,2010,4,5,9,6.9,61,6.1,-0.1,3.91,3.9,16.7,0,976.7,321,4.1,7.5,345,64,303,167,209,218,159,320,100,26,96
ALT,2010,4,5,10,8.1,52.3,5.7,-1.1,3.65,4.2,17.3,0,976.9,309,3.3,6.6,368,66,320,176,206,237,168,322,100,26,96
ALT,2010,4,5,11,7.9,48.7,5.2,-2.2,3.33,3.7,16.3,0,976.9,329,3.3,5.3,364,60,320,176,170,233,190,323,100,26,96
ALT,2010,4,5,12,9,44.9,5.2,-2.3,3.33,4.3,17.4,0,976.7,353,2.5,3.9,614,401,324,183,181,532,402,311,74,26,96
ALT,2010,4,5,13,9.9,40.9,5,-2.8,3.2,4.6,18,0,976.3,336,2,3.9,596,517,259,153,153,539,528,317,61,26,96
ALT,2010,4,5,14,10.3,40.1,5,-2.7,3.2,4.8,18.4,0,976,348,2.5,4.3,483,502,211,126,125,420,570,310,50,26,96
ALT,2010,4,5,15,9.4,42.9,5.1,-2.6,3.27,4.4,17.7,0,975.8,339,2.8,3.8,175,193,86,84,85,166,260,295,56,26,96
ALT,2010,4,5,16,8.5,50.1,5.6,-1.3,3.59,4.3,17.6,0,975.9,321,1.4,2.6,73,0,73,55,54,55,54,309,75,26,96
ALT,2010,4,5,17,7.8,49.3,5.2,-2.2,3.33,3.7,16.2,0,976.1,270,1.1,3.2,17,0,17,11,11,11,11,299,65,26,96
ALT,2010,4,5,18,5.9,58.3,5.4,-1.7,3.46,2.8,14.6,0,976.3,188,1.5,2.6,0,0,0,0,0,0,0,292,50,26,96
ALT,2010,4,5,19,5,59.8,5.2,-2.2,3.33,2.1,13.4,0,976.6,163,2.1,4.4,0,0,0,0,0,0,0,271,6,26,96
ALT,2010,4,5,20,4.4,61.5,5.2,-2.3,3.33,1.7,12.8,0,976.4,174,1.8,3.4,0,0,0,0,0,0,0,287,20,26,96
ALT,2010,4,5,21,3.9,62,5,-2.7,3.2,1.3,11.9,0,976.1,172,1.5,3.4,0,0,0,0,0,0,0,288,26,26,96
ALT,2010,4,5,22,2.4,68.6,5,-2.8,3.2,0.4,10.4,0,975.8,162,0.9,2.5,0,0,0,0,0,0,0,277,26,26,96
ALT,2010,4,5,23,2.7,65.1,4.8,-3.2,3.08,0.5,10.4,0,975.2,172,1.5,2.8,0,0,0,0,0,0,0,286,43,26,96
ALT,2010,4,6,0,1.7,70.8,4.9,-3,3.14,-0.1,9.6,0,974.8,149,0.8,1.6,0,0,0,0,0,0,0,282,50,24,96
ALT,2010,4,6,1,1.8,69.6,4.8,-3.2,3.08,-0.1,9.5,0,974.7,166,0.4,1.4,0,0,0,0,0,0,0,271,26,24,96
ALT,2010,4,6,2,0.8,75,4.9,-3.1,3.14,-0.6,8.6,0,974.9,171,0.6,1.3,0,0,0,0,0,0,0,263,0,24,96
ALT,2010,4,6,3,0,78.1,4.8,-3.4,3.08,-1.2,7.7,0,975,156,1.1,1.9,0,0,0,0,0,0,0,258,0,24,96
ALT,2010,4,6,4,0.1,77,4.7,-3.4,3.01,-1.2,7.6,0,974.8,162,1.3,2.2,0,0,0,0,0,0,0,258,10,24,96
ALT,2010,4,6,5,0.5,74.5,4.7,-3.5,3.01,-1,8,0,974.9,171,0.7,1.7,22,0,22,18,18,18,18,257,6,24,96
ALT,2010,4,6,6,0.6,77.9,5,-2.8,3.21,-0.7,8.6,0,974.5,141,0.8,1.5,164,322,63,51,373,129,51,259,0,24,96
ALT,2010,4,6,7,4,61.8,5,-2.7,3.21,1.4,12.1,0,973.7,37,0.6,1.5,425,736,105,79,761,362,81,270,0,24,96
ALT,2010,4,6,8,6.2,53.1,5,-2.6,3.21,2.7,14.3,0,973.1,344,1.5,2.5,597,846,114,102,755,555,106,251,0,24,96
ALT,2010,4,6,9,7.4,49.3,5.1,-2.5,3.28,3.4,15.7,0,972.7,340,2.7,4,729,896,124,121,631,706,126,230,0,24,96
ALT,2010,4,6,10,8.7,48,5.4,-1.7,3.48,4.3,17.5,0,971.9,333,2.8,4,820,945,122,132,440,810,139,238,0,24,96
ALT,2010,4,6,11,10,45.3,5.6,-1.3,3.61,5.1,19.1,0,971,334,2.8,4.6,849,957,123,136,204,842,227,249,0,24,96
ALT,2010,4,6,12,11.1,43.9,5.8,-0.7,3.74,5.9,20.6,0,970.4,332,2.6,4,796,895,141,132,137,781,480,255,0,24,96
ALT,2010,4,6,13,12.2,39.6,5.6,-1.1,3.61,6.3,21.4,0,969.7,335,2.3,3.9,693,817,153,122,125,662,642,251,0,24,96
ALT,2010,4,6,14,13.5,37.8,5.8,-0.6,3.75,7.1,23,0,968.7,347,1.7,2.9,557,764,138,102,104,506,736,248,0,24,96
ALT,2010,4,6,15,12.6,39.9,5.8,-0.7,3.75,6.6,22.1,0,968.1,301,1.4,2.9,146,193,57,75,77,155,252,245,6,24,96
ALT,2010,4,6,16,10.6,45.9,5.9,-0.6,3.82,5.6,20.3,0,967.6,270,0.9,1.9,38,0,38,47,47,47,48,242,0,24,96
ALT,2010,4,6,17,9.8,54.9,6.6,1.2,4.27,5.9,20.6,0,967.5,166,0.8,1.4,18,0,18,13,13,13,13,239,6,24,96
ALT,2010,4,6,18,8.3,61.6,6.7,1.4,4.34,5.2,19.2,0,967.5,180,0.5,1.1,0,0,0,0,0,0,0,236,0,24,96
ALT,2010,4,6,19,7.5,64.2,6.6,1.2,4.27,4.7,18.3,0,967.6,174,1.1,1.8,0,0,0,0,0,0,0,234,13,24,96
ALT,2010,4,6,20,5.9,71.8,6.7,1.2,4.34,3.8,16.8,0,967.5,159,0.9,1.9,0,0,0,0,0,0,0,232,0,24,96
ALT,2010,4,6,21,6,72,6.7,1.3,4.34,3.9,16.9,0,967.4,156,1.1,2.4,0,0,0,0,0,0,0,230,0,24,96
ALT,2010,4,6,22,4.7,75.8,6.5,0.8,4.21,3,15.3,0,967.5,135,0.6,2.3,0,0,0,0,0,0,0,229,0,24,96
ALT,2010,4,6,23,3.7,80.2,6.4,0.6,4.14,2.4,14.1,0,967.6,143,0.6,1.3,0,0,0,0,0,0,0,246,0,24,96
ALT,2010,4,7,0,3.1,81.6,6.2,0.3,4.01,1.9,13.2,0,967.4,162,0.7,1.7,0,0,0,0,0,0,0,263,0,21,96
ALT,2010,4,7,1,2.7,82.7,6.2,0.1,4.01,1.6,12.8,0,967.1,143,0.5,2,0,0,0,0,0,0,0,262,0,21,96
ALT,2010,4,7,2,2.3,83.8,6.1,-0.2,3.95,1.3,12.2,0,967.2,166,0.5,2.3,0,0,0,0,0,0,0,262,0,21,96
ALT,2010,4,7,3,1.9,83.8,5.9,-0.5,3.82,0.9,11.4,0,967.6,153,0.8,1.6,0,0,0,0,0,0,0,261,0,21,96
ALT,2010,4,7,4,1.6,85,5.8,-0.6,3.75,0.7,11,0,967.8,163,1,2,0,0,0,0,0,0,0,260,0,21,96
ALT,2010,4,7,5,1.8,84.6,5.9,-0.5,3.81,0.9,11.3,0,967.9,163,1.1,2.8,22,0,22,17,17,17,17,259,0,21,96
ALT,2010,4,7,6,2.5,83.8,6.1,0,3.95,1.5,12.4,0,967.7,158,0.6,1.9,169,342,60,46,388,128,47,268,19,21,96
ALT,2010,4,7,7,6.3,78.8,7.5,2.9,4.86,4.7,18.5,0,967.8,335,1.7,3.2,432,748,105,72,767,355,74,271,29,21,96
ALT,2010,4,7,8,8.5,68.2,7.6,3,4.92,5.9,20.9,0,968.1,337,2.1,4.8,581,753,146,97,697,519,99,247,6,21,96
ALT,2010,4,7,9,10.6,58.6,7.5,2.8,4.86,6.9,22.9,0,967.8,334,2.5,5.2,748,932,115,108,632,706,113,257,0,21,96
ALT,2010,4,7,10,13,50.4,7.5,2.9,4.86,8.1,25.3,0,966.9,339,1.5,2.9,836,958,124,120,434,804,125,264,0,21,96
ALT,2010,4,7,11,14.2,45.3,7.3,2.5,4.73,8.5,26.2,0,966.3,339,1.5,2.8,842,933,130,122,188,812,214,263,0,21,96
ALT,2010,4,7,12,15,41.8,7.1,2.1,4.61,8.7,26.7,0,965.9,342,2,3.7,785,868,147,119,122,748,463,276,6,21,96
ALT,2010,4,7,13,16.7,41,7.8,3.4,5.07,9.9,29.6,0,965.3,341,2.5,4.2,679,777,163,111,113,626,612,299,33,21,96
ALT,2010,4,7,14,17.8,39.3,8,3.8,5.2,10.5,31.1,0,965.2,353,1.7,4.1,553,763,132,91,93,487,720,289,29,21,96
ALT,2010,4,7,15,17.8,36.6,7.5,2.8,4.87,10.2,30.2,0,965,270,0.9,3.8,147,204,52,66,67,148,250,269,0,21,96
ALT,2010,4,7,16,16.2,40.9,7.5,2.9,4.87,9.5,28.6,0,965,253,1.5,7.1,36,0,36,41,41,41,41,268,6,21,96
ALT,2010,4,7,17,14.6,47.5,7.8,3.6,5.07,9.1,27.5,0,965.5,160,1.5,3.3,18,0,18,12,12,12,12,306,48,21,96
ALT,2010,4,7,18,13.3,50.7,7.7,3.3,5,8.4,26,0,966.2,184,1.5,2.7,0,0,0,0,0,0,0,343,94,21,96
ALT,2010,4,7,19,11.7,56.5,7.8,3.3,5.06,7.6,24.5,0,966.9,176,1.7,4.3,0,0,0,0,0,0,0,335,100,21,96
ALT,2010,4,7,20,11,60.5,7.9,3.7,5.12,7.4,24,0,967.5,198,1,2.4,0,0,0,0,0,0,0,343,100,21,96
ALT,2010,4,7,21,8.9,71.4,8.1,4,5.25,6.5,22.2,0,967.8,158,0.7,2,0,0,0,0,0,0,0,336,94,21,96
ALT,2010,4,7,22,9.4,67.1,7.9,3.6,5.12,6.6,22.3,0,968.2,153,0.6,1.7,0,0,0,0,0,0,0,339,100,21,96
ALT,2010,4,7,23,7.7,74.9,7.9,3.5,5.12,5.7,20.6,0,968.5,194,0.5,1.6,0,0,0,0,0,0,0,336,100,21,96
ALT,2010,4,8,0,6.6,79.3,7.7,3.3,4.99,5.1,19.2,0,968.3,135,0.4,1,0,0,0,0,0,0,0,335,100,20,96
ALT,2010,4,8,1,6.3,80.6,7.7,3.2,4.99,4.9,18.8,0,968.4,169,0.7,1.4,0,0,0,0,0,0,0,334,100,20,96
ALT,2010,4,8,2,6.3,81.1,7.7,3.3,4.98,4.9,18.8,0,968.8,225,0.5,1.9,0,0,0,0,0,0,0,333,100,20,96
ALT,2010,4,8,3,5.2,84.9,7.5,2.9,4.85,4.2,17.4,0,969.3,163,1.1,1.8,0,0,0,0,0,0,0,332,100,20,96
ALT,2010,4,8,4,5.6,83,7.5,2.9,4.85,4.4,17.8,0,969.6,180,0.7,1.4,0,0,0,0,0,0,0,331,100,20,96
ALT,2010,4,8,5,5.5,84.1,7.6,3,4.91,4.4,17.8,0,970.2,149,0.6,1.3,3,0,3,2,2,2,2,330,100,20,96
ALT,2010,4,8,6,7.7,79.7,8.4,4.4,5.43,6.1,21.4,0,970.7,166,0.8,1.6,87,3,86,45,46,45,42,331,100,20,96
ALT,2010,4,8,7,10.1,68.8,8.5,4.6,5.49,7.4,24,0,970.8,18,0.7,2.1,242,99,196,100,196,147,95,336,88,20,96
ALT,2010,4,8,8,10.9,66,8.6,4.8,5.56,7.8,25,0,971,349,1.5,2.5,309,81,261,134,201,188,126,331,100,20,96
ALT,2010,4,8,9,12.1,61.8,8.7,5,5.62,8.5,26.3,0,971,347,1.8,3.3,317,36,293,151,171,178,142,330,100,20,96
ALT,2010,4,8,10,13.3,60.2,9.2,5.8,5.95,9.4,28.4,0,970.9,333,3.3,6.2,383,56,341,175,195,225,165,344,100,20,96
ALT,2010,4,8,11,13.9,59.7,9.5,6.2,6.15,9.8,29.5,0,970.7,328,3.7,7.3,485,145,374,189,201,326,216,353,100,20,96
ALT,2010,4,8,12,14.7,55.8,9.3,6,6.02,10.1,30,0,970.4,326,4.9,8.1,479,159,361,182,175,327,266,351,100,20,96
ALT,2010,4,8,13,15.4,54,9.5,6.1,6.15,10.5,31,0,970.2,330,5.5,10.1,364,86,308,157,151,223,217,340,100,20,96
ALT,2010,4,8,14,15.5,56.8,10,7,6.48,10.9,32,0,970.2,334,6,9.8,480,500,204,108,107,390,550,325,56,20,96
ALT,2010,4,8,15,14.8,57.4,9.6,6.5,6.22,10.4,30.6,0,970.3,333,5.9,9.7,191,149,121,81,79,146,219,333,50,20,96
ALT,2010,4,8,16,13.8,60.4,9.5,6.3,6.15,9.8,29.4,0,971,332,5.2,8.3,73,0,73,39,37,38,36,354,100,20,96
ALT,2010,4,8,17,12.9,64.2,9.6,6.3,6.21,9.4,28.6,0,971.7,334,3.9,6.5,16,0,16,8,8,8,8,353,100,20,96
ALT,2010,4,8,18,12.6,65.7,9.6,6.4,6.2,9.4,28.3,0,972.4,333,3.1,5.4,0,0,0,0,0,0,0,352,100,20,96
ALT,2010,4,8,19,12.9,66.6,9.9,6.8,6.39,9.7,29.1,0,973.1,338,3,5.7,0,0,0,0,0,0,0,351,100,20,96
ALT,2010,4,8,20,12.3,69,9.9,6.8,6.39,9.4,28.5,0,973.4,300,1.6,3,0,0,0,0,0,0,0,349,88,20,96
ALT,2010,4,8,21,12,70,9.8,6.7,6.32,9.2,28,0,973.7,27,0.6,2.8,0,0,0,0,0,0,0,348,100,20,96
ALT,2010,4,8,22,11.2,75.2,10,7,6.45,9,27.5,0,974,180,0.6,1.5,0,0,0,0,0,0,0,346,100,20,96
ALT,2010,4,8,23,11.1,76.9,10.1,7.2,6.52,9,27.6,0,973.9,180,0.4,1.1,0,0,0,0,0,0,0,337,80,20,96
ALT,2010,4,9,0,10.6,80.6,10.3,7.4,6.65,8.9,27.4,0,973.8,153,0.6,1.9,0,0,0,0,0,0,0,315,43,23,96
ALT,2010,4,9,1,10.2,81.3,10.1,7.1,6.52,8.6,26.7,0,973.7,304,1.1,2,0,0,0,0,0,0,0,295,26,23,96
ALT,2010,4,9,2,8.2,87.1,9.5,6.2,6.13,7.2,23.6,0,973.8,162,0.7,1.6,0,0,0,0,0,0,0,268,0,23,96
ALT,2010,4,9,3,7.4,88.5,9.1,5.6,5.86,6.5,22.2,0,974.2,180,0.5,1.5,0,0,0,0,0,0,0,267,0,23,96
ALT,2010,4,9,4,7.2,88.8,9,5.5,5.8,6.4,21.8,0,974.5,180,0.5,1.1,0,0,0,0,0,0,0,265,16,23,96
ALT,2010,4,9,5,8.1,86.5,9.3,6,5.99,7,23.2,0,975.2,159,0.8,2,34,0,34,19,19,19,18,263,51,23,96
ALT,2010,4,9,6,9.1,84.4,9.8,6.6,6.31,7.8,25,0,975.7,149,0.6,1.4,116,27,108,60,85,65,56,270,40,23,96
ALT,2010,4,9,7,10.2,79.4,9.9,6.8,6.37,8.4,26.3,0,975.9,14,0.6,1.6,279,192,185,100,284,194,96,299,45,23,96
ALT,2010,4,9,8,11.1,75.5,10,6.9,6.44,8.9,27.4,0,976.1,337,2.3,4.3,469,370,252,134,460,373,132,292,13,23,96
ALT,2010,4,9,9,11.9,72.5,10.1,7.1,6.5,9.4,28.4,0,975.9,335,3,5,643,588,237,139,523,572,140,307,33,23,96
ALT,2010,4,9,10,12.7,68.1,10,7,6.44,9.7,29,0,975.7,328,4,6.5,720,635,243,150,420,655,152,319,53,23,96
ALT,2010,4,9,11,13.7,64.9,10.1,7.2,6.51,10.2,30.2,0,975.2,316,3.6,6.6,721,577,276,159,235,650,249,356,71,23,96
ALT,2010,4,9,12,14.2,62.4,10.1,7.1,6.51,10.4,30.7,0,974.9,304,3.2,6.8,686,558,272,155,155,613,432,353,58,23,96
ALT,2010,4,9,13,14.6,61.1,10.2,7.2,6.58,10.6,31.3,0,974.7,316,4.2,8.2,480,255,307,163,158,363,351,337,81,23,96
ALT,2010,4,9,14,15.1,60,10.3,7.4,6.65,10.9,32,0,974.4,330,4.8,8.3,482,512,202,118,117,393,568,328,51,23,96
ALT,2010,4,9,15,14.5,61.2,10.1,7.1,6.51,10.5,31,0,974.4,330,4.2,7.4,189,167,110,85,85,155,239,327,33,23,96
ALT,2010,4,9,16,13.9,61.9,9.8,6.7,6.32,10.1,29.9,0,974.6,302,2,4,82,0,82,55,53,54,53,346,54,23,96
ALT,2010,4,9,17,13.3,64.2,9.8,6.7,6.32,9.8,29.3,0,974.9,18,0.9,2.8,12,0,12,6,6,6,6,351,94,23,96
ALT,2010,4,9,18,13.2,62.4,9.5,6.2,6.12,9.5,28.7,0,975.4,353,0.9,2.1,0,0,0,0,0,0,0,340,81,23,96
ALT,2010,4,9,19,12.4,69.4,10,7,6.44,9.5,28.7,0,976,117,0.4,0.9,0,0,0,0,0,0,0,331,68,23,96
ALT,2010,4,9,20,12.4,70.2,10.1,7.1,6.5,9.6,28.9,0,976.2,270,0.4,1.6,0,0,0,0,0,0,0,329,36,23,96
ALT,2010,4,9,21,12.1,71,10,7,6.44,9.4,28.4,0,976.2,11,0.7,1.9,0,0,0,0,0,0,0,309,40,23,96
ALT,2010,4,9,22,11.6,72.8,9.9,6.9,6.37,9.1,27.7,0,976.1,292,0.8,2.6,0,0,0,0,0,0,0,300,43,23,96
ALT,2010,4,9,23,10.6,74.9,9.6,6.3,6.18,8.4,26.2,0,975.9,336,2.1,5.3,0,0,0,0,0,0,0,311,43,23,96
ALT,2010,4,10,0,10.3,75.4,9.5,6.1,6.12,8.2,25.8,0,975.7,326,1.4,3.7,0,0,0,0,0,0,0,290,33,25,96
ALT,2010,4,10,1,9.9,78,9.5,6.2,6.12,8,25.4,0,975.4,333,1.8,4,0,0,0,0,0,0,0,289,36,25,96
ALT,2010,4,10,2,9.4,81.3,9.6,6.4,6.18,7.9,25,0,975.4,343,1.7,3,0,0,0,0,0,0,0,304,36,25,96
ALT,2010,4,10,3,9.5,79.2,9.4,6.1,6.05,7.8,24.8,0,975.3,310,0.9,2.2,0,0,0,0,0,0,0,322,55,25,96
ALT,2010,4,10,4,9.3,80.7,9.5,6.2,6.12,7.7,24.7,0,975.1,297,0.7,2.3,0,0,0,0,0,0,0,335,60,25,96
ALT,2010,4,10,5,8.8,82.7,9.4,6,6.05,7.4,24.1,0,975.3,328,1.5,2.8,18,0,18,10,9,10,9,325,100,25,96
ALT,2010,4,10,6,9,81.5,9.4,6,6.05,7.5,24.3,0,975.3,335,1.9,4.3,98,9,95,53,59,54,50,334,100,25,96
ALT,2010,4,10,7,9.1,80.7,9.3,6,5.99,7.5,24.2,0,975,326,2.3,4.2,236,79,198,109,185,148,104,338,94,25,96
ALT,2010,4,10,8,9.7,79.3,9.5,6.3,6.12,8,25.2,0,974.6,332,3,4.5,302,62,266,147,198,186,139,341,100,25,96
ALT,2010,4,10,9,10,78.4,9.6,6.4,6.19,8.2,25.6,0,974.3,336,3.9,6,250,7,246,136,135,140,128,344,100,25,96
ALT,2010,4,10,10,10.5,75.3,9.5,6.3,6.13,8.3,26,0,973.7,331,4.2,6.8,495,210,335,187,272,371,180,348,90,25,96
ALT,2010,4,10,11,12,69,9.7,6.5,6.26,9.1,27.9,0,973.2,321,4.3,7.6,701,513,304,178,249,625,265,346,61,25,96
ALT,2010,4,10,12,12.8,66.5,9.8,6.7,6.33,9.6,28.9,0,972.3,321,3.7,7,684,541,280,168,169,610,444,315,48,25,96
ALT,2010,4,10,13,13.5,60.7,9.4,6.1,6.08,9.6,28.9,0,971.5,308,4,8.8,560,437,259,156,155,471,449,333,71,25,96
ALT,2010,4,10,14,12.9,59.6,8.9,5.2,5.76,9,27.5,0,970.8,335,6.7,10.3,233,21,221,122,117,133,135,350,100,25,96
ALT,2010,4,10,15,13,56,8.4,4.4,5.43,8.7,26.8,0,970.5,338,6.6,10,134,1,134,74,71,74,71,349,100,25,96
ALT,2010,4,10,16,12.6,54.8,8,3.8,5.17,8.2,25.7,0,970.2,330,5.2,8.5,75,0,75,42,40,41,39,348,100,25,96
ALT,2010,4,10,17,12.2,55.1,7.8,3.5,5.04,7.9,25,0,969.8,333,4.8,7.3,11,0,11,6,6,6,6,346,100,25,96
ALT,2010,4,10,18,12,53.7,7.5,2.9,4.85,7.6,24.3,0,969.8,335,4.7,6.9,0,0,0,0,0,0,0,344,100,25,96
ALT,2010,4,10,19,11.1,57.1,7.5,2.9,4.85,7.2,23.4,0,969.7,341,3.7,6.1,0,0,0,0,0,0,0,342,100,25,96
ALT,2010,4,10,20,10.9,56.8,7.4,2.7,4.79,7,23,0,969,343,3.8,6.4,0,0,0,0,0,0,0,340,88,25,96
ALT,2010,4,10,21,11,54.5,7.1,2.2,4.59,6.8,22.6,0,968.5,336,3.8,7.8,0,0,0,0,0,0,0,332,94,25,96
ALT,2010,4,10,22,10.5,56.5,7.2,2.2,4.66,6.6,22.3,0,968.2,344,5.7,10.7,0,0,0,0,0,0,0,330,100,25,96
ALT,2010,4,10,23,9.7,60.1,7.2,2.3,4.66,6.2,21.5,0,967.9,338,6.7,11.2,0,0,0,0,0,0,0,333,100,25,96
ALT,2010,4,11,0,9.2,59.8,7,1.8,4.53,5.8,20.7,0,967.4,346,7,11.8,0,0,0,0,0,0,0,330,100,27,96
ALT,2010,4,11,1,8.3,62.4,6.8,1.5,4.4,5.2,19.4,0,967.2,346,7.4,12.2,0,0,0,0,0,0,0,329,100,27,96
ALT,2010,4,11,2,7.8,62.1,6.6,1,4.27,4.8,18.6,0,966.9,348,6.3,10.1,0,0,0,0,0,0,0,327,100,27,96
ALT,2010,4,11,3,7.4,60.7,6.2,0.3,4.02,4.3,17.5,0,966.6,343,6.1,10.8,0,0,0,0,0,0,0,324,94,27,96
ALT,2010,4,11,4,6.9,61,6.1,-0.1,3.95,3.9,16.9,0,966.3,344,5.6,9.3,0,0,0,0,0,0,0,321,100,27,96
ALT,2010,4,11,5,6.1,64.7,6.1,0,3.95,3.5,16,0,966.4,339,5.6,9.6,20,0,20,11,11,11,10,318,100,27,96
ALT,2010,4,11,6,5.6,66.5,6,-0.1,3.89,3.2,15.4,0,966.6,330,6.3,11.4,121,60,102,57,118,72,55,317,100,27,96
ALT,2010,4,11,7,5.4,65.9,5.9,-0.5,3.82,2.9,15,0,966.5,342,5.7,9.7,281,164,201,113,272,194,109,320,100,27,96
ALT,2010,4,11,8,6.1,62,5.9,-0.6,3.82,3.3,15.7,0,966.1,13,1,3.3,360,136,277,155,270,249,148,323,100,27,96
ALT,2010,4,11,9,7.1,58.2,5.9,-0.5,3.82,3.9,16.7,0,965.6,258,1.5,3.1,581,384,315,179,459,481,177,325,71,27,96
ALT,2010,4,11,10,9.6,53.4,6.4,0.6,4.15,5.5,20.1,0,964.8,330,3.6,8.5,834,864,176,159,469,793,165,310,43,27,96
ALT,2010,4,11,11,11,50.5,6.6,1.1,4.29,6.4,21.9,0,963.9,349,5.6,8.6,782,687,248,175,251,725,274,317,55,27,96
ALT,2010,4,11,12,10.8,49.2,6.3,0.6,4.09,6.1,21.2,0,963.4,343,5.7,9.2,440,228,267,158,155,341,256,317,88,27,96
ALT,2010,4,11,13,8.3,58.4,6.4,0.6,4.16,4.9,18.8,0,963.5,128,4.2,9.6,176,11,169,95,91,102,99,328,100,27,96
ALT,2010,4,11,14,7.5,63.6,6.6,1.1,4.29,4.6,18.3,0.1,963.3,138,2.1,5.7,189,15,180,101,97,110,109,327,100,27,96
ALT,2010,4,11,15,7.7,61.1,6.4,0.7,4.16,4.6,18.2,0,962.9,108,0.7,2.3,149,9,145,104,102,108,110,326,94,27,96
ALT,2010,4,11,16,8,57.6,6.1,0.2,3.97,4.6,18,0,962.6,333,2.4,4.9,63,0,63,38,37,38,37,325,100,27,96
ALT,2010,4,11,17,7.9,58.2,6.2,0.2,4.03,4.5,18.1,0,962.5,90,1.6,3.8,3,0,3,2,2,2,2,320,94,27,96
ALT,2010,4,11,18,6.3,67.4,6.4,0.7,4.16,3.9,16.8,0,962.6,183,2.2,5.7,0,0,0,0,0,0,0,321,88,27,96
ALT,2010,4,11,19,5.1,72.3,6.3,0.5,4.1,3.1,15.4,0,963,180,1,3,0,0,0,0,0,0,0,320,68,27,96
ALT,2010,4,11,20,4.6,72.7,6.2,0.1,4.03,2.7,14.7,0,963.1,188,0.9,2.6,0,0,0,0,0,0,0,318,100,27,96
ALT,2010,4,11,21,3.7,75.8,6,-0.2,3.9,2.1,13.5,0,963,153,0.8,1.8,0,0,0,0,0,0,0,316,100,27,96
ALT,2010,4,11,22,3.8,76,6.1,0,3.97,2.2,13.7,0,962.8,180,0.6,1.3,0,0,0,0,0,0,0,309,80,27,96
ALT,2010,4,11,23,3.1,80.7,6.2,0.1,4.03,1.9,13.2,0,962.7,135,0.9,1.7,0,0,0,0,0,0,0,313,60,27,96
ALT,2010,4,12,0,3.1,77.8,5.9,-0.4,3.84,1.7,12.7,0,962.1,173,1.7,2.7,0,0,0,0,0,0,0,309,64,27,96
ALT,2010,4,12,1,3.1,75,5.7,-0.9,3.71,1.5,12.4,0,961.6,135,0.3,2.2,0,0,0,0,0,0,0,308,40,27,96
ALT,2010,4,12,2,2.2,81,5.8,-0.7,3.77,1,11.6,0,961.5,315,0.3,1.1,0,0,0,0,0,0,0,301,39,27,96
ALT,2010,4,12,3,1.8,82.2,5.7,-0.9,3.71,0.7,11.1,0,961.4,198,1.1,2.4,0,0,0,0,0,0,0,308,90,27,96
ALT,2010,4,12,4,2.9,77.9,5.9,-0.6,3.84,1.5,12.5,0,961.6,104,0.5,2.2,0,0,0,0,0,0,0,307,100,27,96
ALT,2010,4,12,5,3.7,74.8,6,-0.3,3.9,2,13.5,0,961.8,117,0.3,2,5,0,5,3,2,3,2,306,100,27,96
ALT,2010,4,12,6,4.5,71.6,6,-0.2,3.9,2.5,14.3,0,962,335,1.7,4.2,26,0,26,15,14,15,14,307,100,27,96
ALT,2010,4,12,7,5,68.4,6,-0.3,3.9,2.8,14.8,0,962,336,1.8,4.4,67,0,67,38,36,37,36,311,100,27,96
ALT,2010,4,12,8,5.2,67.8,6,-0.3,3.9,2.9,15,0,962.1,339,1.7,3.7,87,0,87,49,47,49,46,315,100,27,96
ALT,2010,4,12,9,5.8,68.5,6.3,0.5,4.1,3.5,16.1,0,961.9,337,3,4.7,176,0,176,99,95,99,94,319,100,27,96
ALT,2010,4,12,10,6.5,65.5,6.4,0.5,4.17,3.9,17,0,961.6,336,3.2,5.4,172,0,172,97,93,96,91,323,100,27,96
ALT,2010,4,12,11,7.1,62.2,6.3,0.4,4.1,4.2,17.4,0,961,337,4.1,6.7,401,55,358,202,198,252,211,325,100,27,96
ALT,2010,4,12,12,8.7,59.5,6.7,1.3,4.37,5.3,19.7,0,960.6,341,5.6,9.5,652,433,327,193,191,555,431,326,71,27,96
ALT,2010,4,12,13,8.5,58.2,6.5,0.8,4.24,5.1,19.2,0,960.3,335,6.3,10.3,402,220,245,146,143,308,284,326,94,27,96
ALT,2010,4,12,14,8.3,59.6,6.5,0.9,4.24,5,19,0,960.1,337,5.5,8.7,325,105,263,148,143,216,239,325,100,27,96
ALT,2010,4,12,15,7.8,58.5,6.2,0.2,4.04,4.5,18,0,960.2,345,5,8.7,61,0,61,34,33,34,33,325,100,27,96
ALT,2010,4,12,16,7.6,62.3,6.5,0.9,4.24,4.6,18.3,0,960.3,45,2.3,6.3,13,0,13,7,7,7,7,324,100,27,96
ALT,2010,4,12,17,6.8,69.2,6.8,1.6,4.43,4.5,18,0,960.5,134,3.1,6.7,3,0,3,2,1,2,1,324,100,27,96
ALT,2010,4,12,18,6.5,70.6,6.8,1.6,4.43,4.3,17.7,0,960.8,133,2.1,3.7,0,0,0,0,0,0,0,323,100,27,96
ALT,2010,4,12,19,6.1,73.9,7,1.8,4.56,4.2,17.6,0,961.1,150,3.4,5.6,0,0,0,0,0,0,0,320,81,27,96
ALT,2010,4,12,20,4.9,80.2,6.9,1.8,4.5,3.5,16.2,0,960.9,141,2.1,4.1,0,0,0,0,0,0,0,314,43,27,96
ALT,2010,4,12,21,3.8,83,6.7,1.2,4.37,2.7,14.8,0,960.6,171,1.5,2.8,0,0,0,0,0,0,0,311,50,27,96
ALT,2010,4,12,22,3.5,82.6,6.5,0.8,4.24,2.4,14.1,0,960.3,207,0.8,1.7,0,0,0,0,0,0,0,306,29,27,96
ALT,2010,4,12,23,2.6,85.3,6.3,0.4,4.11,1.7,12.9,0,960.4,143,0.6,1.7,0,0,0,0,0,0,0,307,19,27,96
ALT,2010,4,13,0,1.7,87.1,6,-0.2,3.91,0.9,11.5,0,960.3,158,1.1,2,0,0,0,0,0,0,0,292,0,24,96
ALT,2010,4,13,1,2.3,84.6,6.1,0,3.98,1.4,12.3,0,960.3,194,0.5,1.4,0,0,0,0,0,0,0,287,0,24,96
ALT,2010,4,13,2,1.3,88.1,5.9,-0.4,3.85,0.6,10.9,0,960.3,166,0.6,1.8,0,0,0,0,0,0,0,290,0,24,96
ALT,2010,4,13,3,0.3,88.9,5.5,-1.3,3.58,-0.3,9.2,0,960.6,153,0.8,1.9,0,0,0,0,0,0,0,292,33,24,96
ALT,2010,4,13,4,0.2,87.2,5.4,-1.7,3.52,-0.5,9,0,960.9,164,1.5,2.3,0,0,0,0,0,0,0,296,30,24,96
ALT,2010,4,13,5,1.3,85.8,5.8,-0.8,3.77,0.5,10.7,0,961.5,142,1.2,3,45,0,45,26,25,26,25,287,55,24,96
ALT,2010,4,13,6,2.9,82.4,6.2,0.2,4.04,1.8,13,0,961.4,157,0.8,2.2,247,463,91,61,525,156,61,280,31,24,96
ALT,2010,4,13,7,5.2,73.4,6.5,0.8,4.24,3.3,15.8,0,961.1,124,1.4,2.8,486,822,100,85,837,375,88,279,0,24,96
ALT,2010,4,13,8,6.5,69.5,6.7,1.3,4.37,4.2,17.5,0,960.9,346,2.6,5.8,663,898,120,111,799,569,116,271,0,24,96
ALT,2010,4,13,9,7.8,64.2,6.8,1.5,4.43,5,19,0,960.9,332,4.3,7.9,798,941,133,131,665,721,138,251,0,24,96
ALT,2010,4,13,10,9,58.5,6.7,1.3,4.37,5.5,20,0,960.9,334,6,9,876,963,135,142,458,811,150,233,0,24,96
ALT,2010,4,13,11,9.9,60,7.3,2.5,4.76,6.4,21.9,0,960.6,340,6.3,9.8,877,955,125,142,206,815,238,240,0,24,96
ALT,2010,4,13,12,10.2,59.7,7.4,2.7,4.83,6.6,22.4,0,960.5,337,6.3,9.8,837,945,120,136,141,769,495,257,0,24,96
ALT,2010,4,13,13,10.8,56.5,7.3,2.5,4.77,6.9,22.9,0,960.1,333,5.5,9,683,706,195,136,138,598,598,285,23,24,96
ALT,2010,4,13,14,10.9,57,7.4,2.7,4.83,7,23.1,0,959.8,316,3.5,8.3,405,254,262,142,138,288,376,290,40,24,96
ALT,2010,4,13,15,10.6,56.9,7.3,2.4,4.77,6.7,22.7,0,959.6,329,5.1,9.2,190,152,116,90,90,154,233,306,54,24,96
ALT,2010,4,13,16,10.4,56.5,7.1,2.1,4.63,6.5,22.1,0,960,340,6.1,9.5,83,0,83,54,52,53,52,329,71,24,96
ALT,2010,4,13,17,10.1,54.1,6.7,1.2,4.37,6,21.2,0,960.7,354,5.2,8.7,4,0,4,2,2,2,2,329,100,24,96
ALT,2010,4,13,18,9.1,58.7,6.8,1.4,4.43,5.6,20.3,0,961.4,119,1.9,6.3,0,0,0,0,0,0,0,327,100,24,96
ALT,2010,4,13,19,8.5,62.7,7,1.8,4.56,5.4,20,0,962.1,118,4.2,8.8,0,0,0,0,0,0,0,325,100,24,96
ALT,2010,4,13,20,7.2,69.1,7,1.9,4.56,4.8,18.7,0,962.5,151,4.7,10.2,0,0,0,0,0,0,0,322,84,24,96
ALT,2010,4,13,21,6.3,75.9,7.2,2.4,4.69,4.5,18.1,0,962.4,145,2.8,5,0,0,0,0,0,0,0,305,33,24,96
ALT,2010,4,13,22,5.2,81.2,7.2,2.2,4.69,3.9,17,0,962.4,153,1.4,4.8,0,0,0,0,0,0,0,314,45,24,96
ALT,2010,4,13,23,4.9,82.5,7.1,2.2,4.62,3.7,16.5,0,962.2,194,0.6,1.6,0,0,0,0,0,0,0,305,23,24,96
ALT,2010,4,14,0,3.9,86.5,7,1.9,4.56,3,15.3,0,962.3,135,0.5,1.3,0,0,0,0,0,0,0,308,94,24,96
ALT,2010,4,14,1,3.6,86.8,6.9,1.6,4.49,2.7,14.9,0,962.2,169,0.6,1.3,0,0,0,0,0,0,0,309,100,24,96
ALT,2010,4,14,2,4.1,84.5,6.9,1.7,4.49,3.1,15.4,0,962.2,146,0.7,1.3,0,0,0,0,0,0,0,310,100,24,96
ALT,2010,4,14,3,3.7,87.1,6.9,1.8,4.49,2.9,15,0,962.2,198,0.4,0.8,0,0,0,0,0,0,0,311,100,24,96
ALT,2010,4,14,4,4,87.5,7.1,2.1,4.62,3.2,15.6,0,962.2,135,0.5,1.2,0,0,0,0,0,0,0,312,94,24,96
ALT,2010,4,14,5,3.4,87.4,6.8,1.5,4.43,2.6,14.5,0,962.3,194,0.6,1.3,48,0,48,30,30,30,29,302,60,24,96
ALT,2010,4,14,6,4.1,87,7.2,2.1,4.69,3.2,15.9,0,962.5,149,0.7,1.6,132,26,123,67,92,73,64,302,75,24,96
ALT,2010,4,14,7,6.2,77.3,7.3,2.5,4.76,4.5,18.2,0,962.2,146,0.5,1.5,213,46,192,104,148,122,99,303,75,24,96
ALT,2010,4,14,8,6.5,76.4,7.4,2.7,4.82,4.8,18.6,0,962.3,342,1.6,2.9,189,2,188,102,99,102,96,319,100,24,96
ALT,2010,4,14,9,7.3,72.5,7.4,2.7,4.82,5.2,19.4,0,962.2,337,1.3,2.3,123,0,123,67,64,66,63,325,100,24,96
ALT,2010,4,14,10,8,69.3,7.4,2.7,4.82,5.5,20.2,0,962,339,0.9,2,103,0,103,56,53,55,53,328,100,24,96
ALT,2010,4,14,11,8.3,66.2,7.2,2.4,4.69,5.6,20.1,0,961.9,355,1.1,2,130,0,130,71,67,70,66,331,100,24,96
ALT,2010,4,14,12,9.5,60.8,7.2,2.3,4.69,6.1,21.4,0,961.7,343,1.2,3.3,253,6,249,135,129,139,131,333,100,24,96
ALT,2010,4,14,13,10,56.5,7,1.8,4.56,6.2,21.5,0,961.5,323,1.5,5.6,187,0,187,101,97,101,96,333,100,24,96
ALT,2010,4,14,14,10.3,58.7,7.3,2.6,4.76,6.6,22.3,0,961.3,334,3.7,6.5,214,10,208,113,108,118,115,333,100,24,96
ALT,2010,4,14,15,9.7,59,7.1,2.1,4.63,6.2,21.4,0,961.5,342,4.6,7.3,75,0,75,41,39,40,38,334,100,24,96
ALT,2010,4,14,16,9.3,61.3,7.2,2.2,4.69,6,21.2,0,961.6,333,3.4,5.9,73,0,73,41,39,41,39,334,100,24,96
ALT,2010,4,14,17,9,63.5,7.3,2.5,4.76,6,21,0,961.8,327,2.8,4.7,16,0,16,11,11,11,11,334,100,24,96
ALT,2010,4,14,18,8.6,67.2,7.5,2.9,4.89,5.9,20.9,0,962.2,321,2.3,5.4,0,0,0,0,0,0,0,333,100,24,96
ALT,2010,4,14,19,8.2,72.3,7.8,3.5,5.08,6,21,0,962.6,337,1.4,2.9,0,0,0,0,0,0,0,331,100,24,96
ALT,2010,4,14,20,7.7,76.5,8,3.8,5.21,5.8,20.8,0,962.7,22,0.8,2.6,0,0,0,0,0,0,0,329,100,24,96
ALT,2010,4,14,21,7.4,80.1,8.3,4.2,5.41,5.9,21,0.2,962.8,304,1.2,2.3,0,0,0,0,0,0,0,327,100,24,96
ALT,2010,4,14,22,6.8,88.5,8.7,5,5.67,5.9,21.1,0.3,962.7,180,0.6,1.5,0,0,0,0,0,0,0,325,100,24,96
ALT,2010,4,14,23,6.6,89,8.7,4.9,5.67,5.8,20.9,0,962.6,143,0.6,1.1,0,0,0,0,0,0,0,323,100,24,96
ALT,2010,4,15,0,6.5,89.6,8.7,4.9,5.67,5.7,20.8,0.2,962.3,270,0.3,0.9,0,0,0,0,0,0,0,322,100,26,96
ALT,2010,4,15,1,6.4,89.1,8.6,4.7,5.61,5.6,20.5,0.2,962,311,1.1,3,0,0,0,0,0,0,0,322,94,26,96
ALT,2010,4,15,2,6.3,86.2,8.2,4.2,5.35,5.3,19.8,0,962,324,1.4,2.8,0,0,0,0,0,0,0,317,94,26,96
ALT,2010,4,15,3,6.3,86,8.2,4.1,5.35,5.3,19.8,0,961.9,326,1.2,2.7,0,0,0,0,0,0,0,322,100,26,96
ALT,2010,4,15,4,6.4,85.6,8.2,4.2,5.35,5.4,19.9,0,961.8,325,1.6,3.3,0,0,0,0,0,0,0,322,100,26,96
ALT,2010,4,15,5,6.4,85.9,8.2,4.2,5.35,5.4,19.9,0,962.1,322,1.6,3,12,0,12,7,6,7,6,322,100,26,96
ALT,2010,4,15,6,6.6,85.3,8.3,4.3,5.41,5.5,20.2,0,962.4,322,1.7,3.4,58,0,58,32,31,32,30,321,100,26,96
ALT,2010,4,15,7,7,83.7,8.4,4.4,5.48,5.8,20.8,0,962.5,324,2.4,4.8,137,1,136,75,74,75,71,326,100,26,96
ALT,2010,4,15,8,7.4,80.9,8.3,4.3,5.41,5.9,21,0,962.8,333,3.3,5,172,0,172,95,91,95,90,328,100,26,96
ALT,2010,4,15,9,8.2,76.8,8.4,4.4,5.47,6.4,22,0,963,333,3.1,4.7,281,12,272,151,153,159,143,331,100,26,96
ALT,2010,4,15,10,9.7,71.7,8.7,4.8,5.67,7.3,24,0,962.9,336,4.4,6.6,397,55,354,196,217,244,186,334,100,26,96
ALT,2010,4,15,11,10.1,69.4,8.6,4.8,5.61,7.5,24.3,0,962.7,336,4.8,7.1,385,40,353,195,190,231,198,336,100,26,96
ALT,2010,4,15,12,10.5,68.1,8.6,4.9,5.61,7.7,24.7,0,962.6,334,5.2,8,567,261,366,202,198,430,349,338,88,26,96
ALT,2010,4,15,13,10.7,66.9,8.6,4.8,5.61,7.8,24.9,0,962.4,338,5.6,8.8,448,165,331,183,177,312,304,338,100,26,96
ALT,2010,4,15,14,10.8,64.8,8.4,4.4,5.48,7.6,24.7,0,962.3,340,6,9.9,305,73,264,146,141,188,208,338,100,26,96
ALT,2010,4,15,15,10.3,66.4,8.3,4.3,5.41,7.3,24,0,962.5,340,5.5,8.9,140,2,138,80,76,80,78,338,94,26,96
ALT,2010,4,15,16,9.6,68.7,8.2,4.1,5.34,6.9,23.1,0,962.8,331,3.9,7.9,59,0,59,33,31,33,31,338,100,26,96
ALT,2010,4,15,17,9.1,73.5,8.5,4.6,5.54,6.9,23.1,0.3,963,343,2.4,4.6,30,0,30,17,17,17,17,338,100,26,96
ALT,2010,4,15,18,8.2,86.8,9.4,6.1,6.13,7.1,23.7,1.6,963.5,139,1.1,2.6,0,0,0,0,0,0,0,337,100,26,96
ALT,2010,4,15,19,8.1,88.5,9.6,6.3,6.26,7.2,23.9,0.3,964.1,140,1.8,4.3,0,0,0,0,0,0,0,334,100,26,96
ALT,2010,4,15,20,7.9,89.1,9.5,6.2,6.19,7,23.5,0.1,964.3,130,2.4,4,0,0,0,0,0,0,0,331,75,26,96
ALT,2010,4,15,21,7.3,88.5,9,5.5,5.86,6.4,22.1,0,964.3,152,1.6,3.3,0,0,0,0,0,0,0,320,61,26,96
ALT,2010,4,15,22,6.1,91.6,8.6,4.8,5.6,5.5,20.2,0,964.2,169,0.8,2.7,0,0,0,0,0,0,0,314,19,26,96
ALT,2010,4,15,23,5.1,93.4,8.2,4.1,5.34,4.6,18.5,0,964.2,135,0.6,1.5,0,0,0,0,0,0,0,306,36,26,96
ALT,2010,4,16,0,4.8,93.8,8.1,3.9,5.27,4.4,18,0,964.1,162,1,1.7,0,0,0,0,0,0,0,316,71,26,96
ALT,2010,4,16,1,4.2,92.5,7.6,3.1,4.94,3.7,16.6,0,964.1,140,0.8,1.7,0,0,0,0,0,0,0,313,84,26,96
ALT,2010,4,16,2,3.5,93.8,7.4,2.6,4.81,3.1,15.6,0,963.9,159,0.9,1.5,0,0,0,0,0,0,0,312,53,26,96
ALT,2010,4,16,3,3.3,94,7.3,2.4,4.75,2.9,15.2,0,964.2,198,0.4,1.6,0,0,0,0,0,0,0,320,100,26,96
ALT,2010,4,16,4,2.8,94,7,1.9,4.55,2.4,14.2,0,964.3,153,0.7,1.4,4,0,4,2,2,2,2,315,90,26,96
ALT,2010,4,16,5,3.9,91.5,7.4,2.6,4.81,3.3,16,0,964.9,153,1,1.6,51,0,51,29,28,29,28,309,94,26,96
ALT,2010,4,16,6,5.4,89.2,8,3.8,5.2,4.7,18.5,0,965.1,139,1,1.9,201,182,136,78,267,125,76,305,36,26,96
ALT,2010,4,16,7,6.6,84.1,8.2,4.1,5.33,5.4,20,0,965.2,27,0.6,3,242,102,198,111,212,148,106,306,75,26,96
ALT,2010,4,16,8,8.3,81.4,8.9,5.3,5.79,6.8,22.9,0,965.6,332,2.8,5.3,426,216,295,164,359,301,158,308,64,26,96
ALT,2010,4,16,9,8.1,76.3,8.3,4.2,5.39,6.2,21.7,0,965.9,334,4.7,8.4,506,217,351,195,356,367,188,333,71,26,96
ALT,2010,4,16,10,9.3,71.8,8.4,4.5,5.46,6.9,23.1,0,966.2,335,5.2,8.1,362,41,331,184,200,218,175,337,100,26,96
ALT,2010,4,16,11,9,70.6,8.1,4,5.26,6.6,22.3,0,966.2,324,3.6,6.6,232,1,232,129,124,129,122,340,100,26,96
ALT,2010,4,16,12,9.4,69.9,8.2,4.2,5.32,6.9,22.8,0,966.5,313,2.5,5.4,300,14,289,161,154,172,161,343,100,26,96
ALT,2010,4,16,13,9.5,71.4,8.5,4.6,5.52,7.1,23.4,0,966.4,342,2,4.1,223,2,222,124,118,124,118,343,100,26,96
ALT,2010,4,16,14,9.1,69.6,8.1,3.8,5.26,6.5,22.4,0,966.3,339,1.7,3,51,0,51,28,27,28,27,342,100,26,96
ALT,2010,4,16,15,8.8,71.7,8.1,4,5.26,6.5,22.1,0,966.5,336,1,1.9,73,0,73,41,39,41,39,342,100,26,96
ALT,2010,4,16,16,9.2,72.1,8.4,4.4,5.45,6.9,23,0,966.5,352,0.7,1.7,78,0,78,66,65,66,65,342,74,26,96
ALT,2010,4,16,17,8.9,72.5,8.3,4.2,5.39,6.6,22.5,0,966.5,333,0.6,1.8,36,0,36,22,22,22,21,342,100,26,96
ALT,2010,4,16,18,8.5,73.4,8.1,4,5.26,6.3,21.8,0,966.8,326,0.6,1.6,0,0,0,0,0,0,0,341,94,26,96
ALT,2010,4,16,19,7.9,79,8.4,4.5,5.45,6.3,21.6,0,967.4,153,0.7,1.6,0,0,0,0,0,0,0,339,100,26,96
ALT,2010,4,16,20,7.8,81.2,8.6,4.8,5.58,6.3,21.9,0,967.5,315,0.3,1,0,0,0,0,0,0,0,337,100,26,96
ALT,2010,4,16,21,7.3,82.7,8.5,4.6,5.51,6,21.2,0,967.5,162,0.5,0.9,0,0,0,0,0,0,0,335,100,26,96
ALT,2010,4,16,22,6.9,84.5,8.4,4.5,5.45,5.7,20.6,0,967.6,225,0.4,1.3,0,0,0,0,0,0,0,334,90,26,96
ALT,2010,4,16,23,5.2,88.7,7.9,3.5,5.12,4.4,18.1,0,967.4,164,0.7,1.5,0,0,0,0,0,0,0,332,71,26,96
ALT,2010,4,17,0,4.8,88.9,7.6,3.1,4.93,4,17.2,0,967.3,169,0.5,1.5,0,0,0,0,0,0,0,255,0,24,96
ALT,2010,4,17,1,4.2,88.7,7.3,2.5,4.73,3.4,16.1,0,967.2,163,1.4,2.6,0,0,0,0,0,0,0,278,0,24,96
ALT,2010,4,17,2,4.4,88.6,7.4,2.7,4.8,3.6,16.4,0,966.8,173,0.8,1.6,0,0,0,0,0,0,0,285,0,24,96
ALT,2010,4,17,3,3.4,90.2,7,1.9,4.54,2.7,14.8,0,966.6,225,0.4,1.3,0,0,0,0,0,0,0,283,0,24,96
ALT,2010,4,17,4,2.6,90.8,6.7,1.3,4.34,2,13.5,0,967.1,149,0.7,1.7,5,0,5,3,3,3,3,282,0,24,96
ALT,2010,4,17,5,1.9,91.7,6.5,0.7,4.21,1.4,12.4,0,967.6,153,1.1,2.1,35,0,35,31,31,31,31,283,6,24,96
ALT,2010,4,17,6,4.2,87.1,7.2,2.2,4.66,3.3,15.9,0,967.6,125,1.3,2.6,300,645,87,59,709,163,61,264,0,24,96
ALT,2010,4,17,7,7.1,80.1,8.1,3.9,5.25,5.6,20.3,0,967.3,45,0.3,1.6,483,759,112,87,784,350,90,249,0,24,96
ALT,2010,4,17,8,8.3,76.9,8.5,4.5,5.52,6.5,22.2,0,967,339,1.7,2.9,643,819,133,111,743,524,115,251,0,24,96
ALT,2010,4,17,9,9.5,72.2,8.6,4.8,5.58,7.2,23.6,0,966.7,336,1.8,3.3,768,860,145,129,621,663,135,253,0,24,96
ALT,2010,4,17,10,11.1,69.1,9.1,5.7,5.91,8.3,26.1,0,966.1,331,2.8,4.9,848,896,145,139,437,752,146,256,0,24,96
ALT,2010,4,17,11,12.2,62.7,8.9,5.3,5.79,8.7,26.9,0,965.7,328,3.6,6.1,873,912,141,142,185,779,266,258,0,24,96
ALT,2010,4,17,12,13.6,62,9.6,6.5,6.25,9.8,29.5,0,965.1,317,3.4,6.5,836,904,137,136,141,737,495,260,0,24,96
ALT,2010,4,17,13,14.4,58.8,9.7,6.4,6.32,10.2,30.4,0,964.5,303,3.4,6,741,866,135,124,128,631,666,261,0,24,96
ALT,2010,4,17,14,15.3,58.3,10.1,7.2,6.59,10.9,32,0,963.9,300,2.8,5.3,609,843,112,103,106,482,783,273,0,24,96
ALT,2010,4,17,15,15.4,55.4,9.7,6.5,6.33,10.6,31.5,0,963.4,298,2.2,6.3,158,205,55,80,82,151,266,285,0,24,96
ALT,2010,4,17,16,15,55.1,9.4,6.1,6.13,10.3,30.6,0,963.2,291,1.7,4.5,42,0,42,55,55,55,55,286,19,24,96
ALT,2010,4,17,17,14.1,60.4,9.7,6.6,6.33,10.1,30.2,0,962.8,63,0.6,2.3,27,0,27,16,16,16,16,309,46,24,96
ALT,2010,4,17,18,12.9,64.9,9.7,6.5,6.33,9.5,28.9,0,963,104,0.7,1.5,0,0,0,0,0,0,0,324,35,24,96
ALT,2010,4,17,19,11.5,69.9,9.4,6.2,6.13,8.8,27,0,963.4,186,1,1.9,0,0,0,0,0,0,0,298,0,24,96
ALT,2010,4,17,20,9.1,77.9,9,5.5,5.87,7.3,23.9,0,963.3,146,0.8,2.1,0,0,0,0,0,0,0,265,0,24,96
ALT,2010,4,17,21,8.5,78.7,8.7,5,5.67,6.8,22.8,0,963.2,158,0.5,2.1,0,0,0,0,0,0,0,264,6,24,96
ALT,2010,4,17,22,7,83.2,8.3,4.3,5.41,5.7,20.6,0,963.2,0,0.2,1.3,0,0,0,0,0,0,0,311,46,24,96
ALT,2010,4,17,23,6.7,84.6,8.3,4.3,5.41,5.6,20.3,0,963,153,0.3,1.1,0,0,0,0,0,0,0,332,81,24,96
ALT,2010,4,18,0,6.4,85.8,8.3,4.2,5.41,5.4,20,0,962.7,180,0.3,1.2,0,0,0,0,0,0,0,335,94,23,96
ALT,2010,4,18,1,6,87.3,8.2,4.1,5.34,5.1,19.4,0,962.5,194,0.4,1.5,0,0,0,0,0,0,0,330,94,23,96
ALT,2010,4,18,2,5.6,88.9,8.1,3.9,5.28,4.8,18.9,0,962.5,130,0.9,2.4,0,0,0,0,0,0,0,314,56,23,96
ALT,2010,4,18,3,6,87.5,8.2,4.1,5.35,5.1,19.4,0,962.4,180,0.4,1.3,0,0,0,0,0,0,0,321,68,23,96
ALT,2010,4,18,4,5.4,89.8,8.1,3.9,5.28,4.7,18.7,0,962.2,153,0.7,1.8,5,0,5,3,3,3,3,316,81,23,96
ALT,2010,4,18,5,5.9,88.5,8.2,4.1,5.35,5.1,19.3,0,962.4,189,1,1.9,53,0,53,31,30,31,30,334,100,23,96
ALT,2010,4,18,6,7.2,87,8.9,5.2,5.81,6.2,21.8,0,962.5,135,0.2,0.8,67,25,60,32,58,35,30,335,100,23,96
ALT,2010,4,18,7,8.7,82.7,9.3,5.9,6.07,7.3,24,0,962.5,346,0.5,1.4,222,114,171,92,205,132,88,337,100,23,96
ALT,2010,4,18,8,9.1,82.7,9.5,6.3,6.2,7.7,24.7,0,962.8,338,1.6,2.5,275,52,242,129,171,162,122,340,100,23,96
ALT,2010,4,18,9,9.5,78.7,9.3,6,6.06,7.7,24.8,0,963.1,339,1.4,2.8,263,17,251,134,142,146,127,343,100,23,96
ALT,2010,4,18,10,10.3,77.2,9.7,6.5,6.33,8.3,26.3,0,962.7,162,0.7,1.8,241,4,238,127,123,129,120,346,100,23,96
ALT,2010,4,18,11,11.9,72.5,10.1,7.1,6.6,9.4,28.6,0,962.1,135,1,2.4,177,6,172,92,90,97,87,349,100,23,96
ALT,2010,4,18,12,11.3,78.6,10.5,7.7,6.86,9.4,28.7,0.1,962.2,311,1.5,3.7,60,0,60,32,30,32,30,350,100,23,96
ALT,2010,4,18,13,12.2,77.1,10.9,8.3,7.13,10.1,30.2,0,962.3,189,1.8,3.2,114,0,114,61,58,61,57,350,100,23,96
ALT,2010,4,18,14,12.7,74.9,11,8.4,7.19,10.4,30.9,0,962.1,146,3.1,6.2,115,0,115,61,58,61,58,350,100,23,96
ALT,2010,4,18,15,12.5,71.1,10.3,7.4,6.73,9.8,29.6,0,962.1,131,3.4,6.2,85,0,85,46,44,45,43,350,100,23,96
ALT,2010,4,18,16,12.4,65.5,9.4,6.1,6.14,9.1,27.9,0,962.1,161,4.8,9.5,88,0,88,50,48,50,47,350,100,23,96
ALT,2010,4,18,17,11.4,70.9,9.5,6.3,6.2,8.8,27.1,0.7,962.4,136,2.9,5.8,16,0,16,10,9,10,9,345,88,23,96
ALT,2010,4,18,18,10.5,79.1,10,7,6.53,8.7,27,0,962.9,139,2.3,5.2,0,0,0,0,0,0,0,340,88,23,96
ALT,2010,4,18,19,10,82.5,10.1,7.2,6.59,8.5,26.6,0.1,963.4,163,1.7,3.4,0,0,0,0,0,0,0,342,78,23,96
ALT,2010,4,18,20,9.5,81.9,9.7,6.6,6.33,8,25.5,0,963.5,141,1.6,3.9,0,0,0,0,0,0,0,340,74,23,96
ALT,2010,4,18,21,8.6,81.6,9.1,5.6,5.93,7.1,23.6,0,963.4,158,1.3,4,0,0,0,0,0,0,0,326,68,23,96
ALT,2010,4,18,22,8.3,80.5,8.8,5.1,5.73,6.7,22.8,0,963.5,166,1,3.1,0,0,0,0,0,0,0,335,64,23,96
ALT,2010,4,18,23,6.3,87.5,8.4,4.4,5.47,5.4,20.1,0,963.8,153,0.8,1.8,0,0,0,0,0,0,0,318,40,23,96
ALT,2010,4,19,0,5.9,88.4,8.2,4.1,5.34,5.1,19.3,0,963.5,165,1.1,2,0,0,0,0,0,0,0,298,0,22,96
ALT,2010,4,19,1,5.4,89.8,8.1,3.9,5.27,4.7,18.7,0,963.3,165,1.1,2,0,0,0,0,0,0,0,290,31,22,96
ALT,2010,4,19,2,6,87.5,8.2,4.1,5.34,5.1,19.4,0,963.4,166,0.9,2.3,0,0,0,0,0,0,0,312,81,22,96
ALT,2010,4,19,3,6.5,86.9,8.4,4.5,5.47,5.5,20.3,0,963.4,171,0.7,1.9,0,0,0,0,0,0,0,312,75,22,96
ALT,2010,4,19,4,6,88.6,8.3,4.3,5.4,5.2,19.6,0,963.6,153,0.3,1.1,5,0,5,3,3,3,3,325,64,22,96
ALT,2010,4,19,5,6.3,88.1,8.4,4.5,5.47,5.4,20.1,0,963.7,166,1,2,49,0,49,27,26,27,26,337,100,22,96
ALT,2010,4,19,6,7.9,82.7,8.8,5.1,5.73,6.5,22.3,0,964.2,0,0.5,1.4,268,437,109,66,502,148,66,331,75,22,96
ALT,2010,4,19,7,9.6,77.8,9.3,5.9,6.06,7.7,24.9,0,964.6,338,0.8,2.4,88,0,88,47,45,47,44,334,100,22,96
ALT,2010,4,19,8,10.5,76.1,9.7,6.5,6.32,8.4,26.5,0,964.6,166,1.1,3.1,333,166,222,118,254,228,114,340,84,22,96
ALT,2010,4,19,9,13,66,9.9,6.8,6.45,9.7,29.3,0,964.7,128,1.7,3.6,692,605,249,145,539,569,146,307,50,22,96
ALT,2010,4,19,10,14.7,61.4,10.2,7.4,6.65,10.7,31.6,0,964.2,339,2.3,4,582,325,325,179,326,434,174,315,64,22,96
ALT,2010,4,19,11,15.5,55,9.7,6.5,6.32,10.7,31.6,0,963.6,337,2.3,3.8,661,391,345,189,207,511,293,323,61,22,96
ALT,2010,4,19,12,17.2,47.1,9.3,5.8,6.06,11.1,32.7,0,963.2,326,2.2,4.2,756,647,253,152,153,636,475,332,69,22,96
ALT,2010,4,19,13,18,42.7,8.8,5.1,5.74,11.1,32.6,0,962.7,318,2.8,5.4,728,800,162,125,128,600,643,308,35,22,96
ALT,2010,4,19,14,17.3,41.3,8.2,4,5.35,10.4,30.9,0,962.3,291,2.3,4.5,612,825,123,101,104,469,776,276,6,22,96
ALT,2010,4,19,15,16.9,44.1,8.5,4.6,5.54,10.5,31,0,962.2,273,1.9,4.4,174,208,68,85,87,160,279,272,6,22,96
ALT,2010,4,19,16,16.3,44.9,8.3,4.3,5.41,10.1,30.1,0,962.2,278,1.5,3.5,53,0,53,50,50,50,50,288,45,22,96
ALT,2010,4,19,17,15.3,48.4,8.4,4.5,5.48,9.7,29.2,0,962.4,262,0.8,2.6,39,0,39,24,24,24,23,301,43,22,96
ALT,2010,4,19,18,13.3,56.8,8.6,4.9,5.6,9,27.5,0,963.1,158,0.7,1.5,0,0,0,0,0,0,0,296,29,22,96
ALT,2010,4,19,19,11.6,62.3,8.5,4.6,5.53,8.1,25.6,0,963.7,169,1.1,2.3,0,0,0,0,0,0,0,279,29,22,96
ALT,2010,4,19,20,11.1,63.4,8.4,4.4,5.47,7.8,24.9,0,964,156,1.1,2.2,0,0,0,0,0,0,0,289,51,22,96
ALT,2010,4,19,21,11.2,62.4,8.3,4.3,5.4,7.8,24.9,0,964.4,180,0.6,1.8,0,0,0,0,0,0,0,299,43,22,96
ALT,2010,4,19,22,8.8,74.7,8.5,4.6,5.53,6.7,22.8,0,964.6,160,1.3,2,0,0,0,0,0,0,0,292,35,22,96
ALT,2010,4,19,23,8.5,73.8,8.2,4.1,5.33,6.4,22,0,964.7,174,1,1.9,0,0,0,0,0,0,0,275,29,22,96
ALT,2010,4,20,0,7.3,77.4,7.9,3.6,5.14,5.6,20.2,0,964.5,173,0.8,2,0,0,0,0,0,0,0,280,29,22,96
ALT,2010,4,20,1,7.1,78.1,7.9,3.5,5.14,5.4,20,0,964.5,172,0.8,1.4,0,0,0,0,0,0,0,274,39,22,96
ALT,2010,4,20,2,6.7,79.7,7.8,3.4,5.07,5.2,19.5,0,964.5,166,0.8,1.8,0,0,0,0,0,0,0,269,23,22,96
ALT,2010,4,20,3,6.2,80.9,7.7,3.2,5.01,4.8,18.8,0,964.3,159,1.1,1.9,0,0,0,0,0,0,0,271,29,22,96
ALT,2010,4,20,4,7,76.1,7.7,3.1,5.01,5.2,19.6,0,964.3,174,1,2.2,1,0,1,1,1,1,1,284,46,22,96
ALT,2010,4,20,5,7.1,77.1,7.8,3.4,5.07,5.4,19.9,0,964.8,315,0.6,2.8,30,0,30,17,16,17,16,317,88,22,96
ALT,2010,4,20,6,9,77.2,8.9,5.2,5.79,7.1,23.6,0,965.1,166,0.5,1.8,206,159,151,80,245,114,76,336,94,22,96
ALT,2010,4,20,7,10.9,68.5,8.9,5.3,5.79,8.1,25.5,0,965.2,171,0.8,2.3,227,43,205,109,148,127,103,339,100,22,96
ALT,2010,4,20,8,13.4,59.5,9.2,5.7,5.99,9.4,28.6,0,965.1,153,0.6,2.1,479,314,278,148,421,340,144,320,64,22,96
ALT,2010,4,20,9,15,54.7,9.3,6,6.05,10.2,30.4,0,964.9,338,1.7,3.6,239,22,224,119,130,135,112,336,94,22,96
ALT,2010,4,20,10,13.3,55.4,8.5,4.6,5.53,8.9,27.3,0,965.3,338,3.4,9.8,146,0,146,78,74,77,73,350,100,22,96
ALT,2010,4,20,11,15,51.3,8.8,5,5.72,9.8,29.5,0,965.8,353,7.4,11.6,381,48,342,182,182,224,182,353,100,22,96
ALT,2010,4,20,12,14,54.7,8.7,5,5.65,9.4,28.4,0,966.3,344,8.2,12.5,251,11,242,129,123,137,128,355,100,22,96
ALT,2010,4,20,13,13.9,56.6,9,5.4,5.85,9.5,28.7,0,966.2,322,4.9,9.7,201,4,199,106,101,108,102,355,100,22,96
ALT,2010,4,20,14,13.9,58.3,9.3,5.9,6.05,9.7,29.3,0,965.6,342,2,6.1,226,20,215,114,109,125,126,355,100,22,96
ALT,2010,4,20,15,14,57.5,9.2,5.8,5.99,9.7,29.2,0,965,225,0.9,2.4,87,0,87,52,50,51,49,355,94,22,96
ALT,2010,4,20,16,13.3,62.4,9.5,6.3,6.18,9.6,29,0,965.6,338,4.2,13.8,75,0,75,46,45,46,44,345,88,22,96
ALT,2010,4,20,17,12.3,67.4,9.6,6.4,6.25,9.2,28.1,0,965.5,333,1.1,4.3,23,0,23,14,14,14,13,355,65,22,96
ALT,2010,4,20,18,10.7,74.9,9.6,6.4,6.24,8.5,26.5,0,965.9,323,1.2,2.9,0,0,0,0,0,0,0,349,43,22,96
ALT,2010,4,20,19,9.5,80.4,9.6,6.3,6.24,7.9,25.3,0,966.5,180,1,2.7,0,0,0,0,0,0,0,347,88,22,96
ALT,2010,4,20,20,9.8,81,9.8,6.7,6.37,8.2,25.9,0,967,90,1.5,4.6,0,0,0,0,0,0,0,335,61,22,96
ALT,2010,4,20,21,8.9,82.9,9.4,6.2,6.11,7.5,24.3,0,967.1,104,0.7,2.2,0,0,0,0,0,0,0,335,78,22,96
ALT,2010,4,20,22,9.6,82.3,9.9,6.7,6.43,8.1,25.8,0,967.6,324,1.6,6.3,0,0,0,0,0,0,0,345,100,22,96
ALT,2010,4,20,23,9.7,84.5,10.2,7.2,6.63,8.4,26.4,0,967.2,117,1.2,4.3,0,0,0,0,0,0,0,342,84,22,96
ALT,2010,4,21,0,9.7,82.7,9.9,6.9,6.44,8.2,26,0,966.5,121,1.9,4.2,0,0,0,0,0,0,0,341,81,22,96
ALT,2010,4,21,1,9,85.6,9.9,6.7,6.44,7.8,25.2,0,966.2,158,0.7,1.8,0,0,0,0,0,0,0,340,56,22,96
ALT,2010,4,21,2,7.8,88.2,9.3,6,6.05,6.9,23,0,965.8,162,0.8,2.3,0,0,0,0,0,0,0,335,54,22,96
ALT,2010,4,21,3,7.5,89.3,9.2,5.9,5.98,6.7,22.6,0,965.4,149,0.6,1.6,0,0,0,0,0,0,0,340,53,22,96
ALT,2010,4,21,4,7.1,88.3,8.9,5.3,5.79,6.2,21.7,0,965.2,171,0.8,2,5,0,5,3,3,3,3,322,60,22,96
ALT,2010,4,21,5,7.3,87.9,9,5.4,5.85,6.4,22,0,965.4,180,0.4,1.9,44,0,44,32,31,32,31,321,50,22,96
ALT,2010,4,21,6,9,85.9,9.8,6.8,6.38,7.9,25.1,0,965.4,146,0.8,1.7,331,669,96,62,736,166,63,283,29,22,96
ALT,2010,4,21,7,11.5,74.2,10,7.1,6.51,9.2,28,0,965.2,22,0.7,3,513,814,101,83,820,345,87,260,13,22,96
ALT,2010,4,21,8,12.4,69.5,10,7,6.51,9.5,28.9,0,964.9,342,1.9,3.7,672,875,113,105,761,517,109,282,25,22,96
ALT,2010,4,21,9,13.7,62.2,9.7,6.6,6.32,9.9,29.7,0,964.3,338,1.6,3.2,776,843,153,125,610,638,130,278,19,22,96
ALT,2010,4,21,10,15.8,56.9,10.2,7.3,6.65,11.2,32.7,0,963.9,317,2.6,4.9,812,745,217,151,432,674,154,313,59,22,96
ALT,2010,4,21,11,17.9,45.9,9.4,6.1,6.13,11.5,33.5,0,963.5,329,4.6,10.6,687,402,359,187,225,536,289,350,71,22,96
ALT,2010,4,21,12,17.9,44.9,9.2,5.8,6,11.4,33.2,0,963.1,341,5.2,9.2,440,251,241,141,138,311,236,352,84,22,96
ALT,2010,4,21,13,17.8,43.8,8.9,5.3,5.8,11.1,32.6,0,962.6,336,4.2,9,404,216,255,134,131,280,306,346,88,22,96
ALT,2010,4,21,14,18.2,42,8.8,5.1,5.74,11.2,32.9,0,962,320,3.1,8.3,243,48,214,113,108,140,152,350,88,22,96
ALT,2010,4,21,15,17.7,41.8,8.4,4.6,5.48,10.8,31.7,0,961.7,319,2.8,5.8,94,0,94,50,48,50,47,354,100,22,96
ALT,2010,4,21,16,17.2,42.1,8.3,4.2,5.42,10.4,31,0,961.6,340,3.8,8,78,0,78,43,41,42,40,353,100,22,96
ALT,2010,4,21,17,16,47.3,8.6,4.8,5.61,10.2,30.3,0,961.8,313,2.7,5.3,40,0,40,22,21,22,21,352,100,22,96
ALT,2010,4,21,18,15.4,49.7,8.7,5,5.67,10,29.8,0,962.3,333,4.5,7.8,0,0,0,0,0,0,0,350,94,22,96
ALT,2010,4,21,19,14.3,51.9,8.4,4.6,5.47,9.3,28.2,0,963.1,338,6.1,9.3,0,0,0,0,0,0,0,347,64,22,96
ALT,2010,4,21,20,13.9,49.3,7.8,3.5,5.08,8.7,26.8,0,963.6,336,4.9,8.5,0,0,0,0,0,0,0,330,70,22,96
ALT,2010,4,21,21,13.4,47.8,7.3,2.6,4.75,8.1,25.5,0,963.6,339,3.5,7.2,0,0,0,0,0,0,0,323,59,22,96
ALT,2010,4,21,22,12.7,48,7,2,4.55,7.6,24.3,0,963.6,347,2.3,6,0,0,0,0,0,0,0,325,20,22,96
ALT,2010,4,21,23,11.1,56.3,7.4,2.7,4.81,7.1,23.3,0,963.7,104,0.4,1.8,0,0,0,0,0,0,0,300,13,22,96
ALT,2010,4,22,0,11,55.2,7.2,2.4,4.68,6.9,22.9,0,963.4,360,0.6,2.6,0,0,0,0,0,0,0,273,16,22,96
ALT,2010,4,22,1,9.3,62.7,7.3,2.6,4.75,6.2,21.3,0,963.3,292,0.6,2.7,0,0,0,0,0,0,0,255,0,22,96
ALT,2010,4,22,2,7.3,70.3,7.2,2.3,4.68,5,19.1,0,963.5,45,0.2,1.6,0,0,0,0,0,0,0,277,0,22,96
ALT,2010,4,22,3,6.7,73.1,7.2,2.2,4.68,4.7,18.5,0,963.4,315,0.4,1.9,0,0,0,0,0,0,0,293,45,22,96
ALT,2010,4,22,4,5.9,75.5,7,1.9,4.55,4.1,17.3,0,963.6,90,0.4,1.8,6,0,6,4,3,4,3,286,48,22,96
ALT,2010,4,22,5,5.3,79.4,7,2,4.55,3.8,16.7,0,963.6,166,0.5,1.3,38,0,38,34,34,34,34,279,33,22,96
ALT,2010,4,22,6,6.7,76.4,7.5,2.8,4.88,4.9,19,0,963.5,72,0.4,1.1,329,678,90,61,741,158,62,283,26,22,96
ALT,2010,4,22,7,8.7,66.5,7.5,2.8,4.88,5.9,21,0,963,347,1.8,3.8,507,773,111,86,788,339,89,285,29,22,96
ALT,2010,4,22,8,9.8,60.2,7.3,2.5,4.75,6.4,21.8,0,962.7,336,2.8,4.3,667,844,124,107,747,509,112,283,25,22,96
ALT,2010,4,22,9,10.8,59.7,7.7,3.3,5.02,7.2,23.5,0,962.3,336,3.2,4.8,783,859,144,126,607,639,131,281,35,22,96
ALT,2010,4,22,10,12.1,59.9,8.5,4.6,5.55,8.3,26.2,0,961.7,340,3.5,4.9,872,932,123,133,420,732,139,293,16,22,96
ALT,2010,4,22,11,13.3,57.6,8.8,5.1,5.75,9.1,27.9,0,961.1,338,3.5,5.7,771,603,277,165,208,630,288,324,68,22,96
ALT,2010,4,22,12,14.6,55.1,9.2,5.7,6.02,9.9,29.9,0,960.5,330,3,5.9,808,786,189,140,143,669,491,330,56,22,96
ALT,2010,4,22,13,15.8,49.6,8.9,5.3,5.82,10.3,30.6,0,960,331,4.1,7,733,807,156,124,127,584,646,316,41,22,96
ALT,2010,4,22,14,16.8,46.8,8.9,5.4,5.82,10.8,31.6,0,959.3,320,2.7,7.2,619,838,113,100,103,455,776,305,25,22,96
ALT,2010,4,22,15,16.9,46.1,8.9,5.2,5.83,10.7,31.7,0,958.9,328,1.9,5.2,264,381,73,77,79,196,428,317,33,22,96
ALT,2010,4,22,16,16,48.7,8.8,5.2,5.76,10.3,30.7,0,958.9,335,1.4,5.1,59,0,59,56,56,56,56,335,56,22,96
ALT,2010,4,22,17,15.4,51.3,8.9,5.4,5.83,10.2,30.2,0,959,346,0.6,3.9,39,0,39,25,24,25,24,336,71,22,96
ALT,2010,4,22,18,13.2,62.8,9.5,6.3,6.22,9.6,29,0,959.1,180,0.6,1.7,0,0,0,0,0,0,0,328,69,22,96
ALT,2010,4,22,19,10.9,70.5,9.2,5.8,6.02,8.3,26.1,0,959.5,188,1.5,2.9,0,0,0,0,0,0,0,334,53,22,96
ALT,2010,4,22,20,10.3,71.4,8.9,5.4,5.82,7.8,25,0,959.6,180,0.7,2.7,0,0,0,0,0,0,0,336,53,22,96
ALT,2010,4,22,21,9.4,75.3,8.9,5.3,5.82,7.4,24.1,0,959.5,225,0.2,1.5,0,0,0,0,0,0,0,304,38,22,96
ALT,2010,4,22,22,8.6,78.2,8.7,5,5.69,6.8,23,0,959.4,135,0.2,1.3,0,0,0,0,0,0,0,295,25,22,96
ALT,2010,4,22,23,7.5,81.9,8.5,4.6,5.56,6.1,21.5,0,959.3,157,0.7,1.5,0,0,0,0,0,0,0,300,33,22,96
ALT,2010,4,23,0,7.1,83.4,8.4,4.5,5.5,5.8,20.9,0,959.1,180,0.4,1.2,0,0,0,0,0,0,0,323,59,23,96
ALT,2010,4,23,1,6.4,86.1,8.3,4.2,5.43,5.4,20.1,0,958.9,169,0.5,1.1,0,0,0,0,0,0,0,344,100,23,96
ALT,2010,4,23,2,6.1,86.5,8.2,4,5.36,5.1,19.6,0,959,162,0.7,1.3,0,0,0,0,0,0,0,339,100,23,96
ALT,2010,4,23,3,5.9,87.3,8.1,4,5.3,5,19.2,0,959,166,0.5,1.3,0,0,0,0,0,0,0,339,88,23,96
ALT,2010,4,23,4,5.7,88.4,8.1,3.9,5.3,4.9,19,0,959.3,180,0.1,1,6,0,6,3,3,3,3,343,100,23,96
ALT,2010,4,23,5,6.2,88.3,8.4,4.4,5.49,5.3,20,0,959.9,144,0.9,1.4,63,0,63,39,38,39,37,342,94,23,96
ALT,2010,4,23,6,8.2,85.1,9.2,5.8,6.02,7,23.4,0,960.1,146,0.5,1.3,208,152,151,82,240,116,78,343,100,23,96
ALT,2010,4,23,7,9.8,78.1,9.4,6.2,6.15,8,25.3,0,959.9,342,1,2.3,393,346,215,114,458,258,111,346,100,23,96
ALT,2010,4,23,8,10.9,70.2,9.1,5.7,5.95,8.2,26,0,959.8,338,1.9,3.3,456,242,300,157,374,308,151,349,100,23,96
ALT,2010,4,23,9,11.7,67.8,9.3,6,6.09,8.8,27.1,0,959.8,336,2.7,3.9,496,186,358,187,323,332,179,352,100,23,96
ALT,2010,4,23,10,12.3,66,9.4,6.1,6.15,9.1,27.9,0,959.8,337,2.8,4.6,436,75,375,199,233,263,188,355,100,23,96
ALT,2010,4,23,11,13.3,62.1,9.5,6.2,6.22,9.6,29.1,0,959.6,338,2.7,4.7,540,184,389,204,204,366,265,358,100,23,96
ALT,2010,4,23,12,14.6,61.6,10.2,7.3,6.68,10.7,31.6,0,959.6,343,3,4.8,613,320,359,188,184,453,369,355,94,23,96
ALT,2010,4,23,13,15,59.3,10.1,7.1,6.62,10.7,31.8,0,959.7,340,3.2,5.7,463,168,343,180,174,303,310,360,100,23,96
ALT,2010,4,23,14,15.7,57.4,10.3,7.3,6.75,11.1,32.9,0,959.7,339,3.3,5.7,344,115,271,143,138,212,244,360,100,23,96
ALT,2010,4,23,15,16.1,56.6,10.4,7.5,6.81,11.4,33.4,0,959.9,354,2.1,4.6,209,31,193,105,101,117,132,359,100,23,96
ALT,2010,4,23,16,15.8,56.9,10.2,7.3,6.68,11.2,32.8,0,960.3,360,1.4,2.9,85,0,85,46,44,46,44,359,100,23,96
ALT,2010,4,23,17,15.5,57.1,10,7.1,6.54,10.9,32.1,0,960.7,10,1.1,2.5,9,0,9,5,5,5,5,359,100,23,96
ALT,2010,4,23,18,14.5,59.6,9.8,6.7,6.41,10.3,30.8,0,961.4,351,0.7,2.7,0,0,0,0,0,0,0,358,100,23,96
ALT,2010,4,23,19,12.8,70.1,10.4,7.5,6.8,10,30,0,962.2,180,0.4,0.9,0,0,0,0,0,0,0,356,94,23,96
ALT,2010,4,23,20,11.3,75.6,10.1,7.2,6.6,9.1,28,0,962.6,171,0.6,1.3,0,0,0,0,0,0,0,339,68,23,96
ALT,2010,4,23,21,9.7,81,9.7,6.6,6.33,8.1,25.7,0,962.7,162,1,1.9,0,0,0,0,0,0,0,332,45,23,96
ALT,2010,4,23,22,9.3,81.8,9.6,6.4,6.26,7.8,25.1,0,962.9,198,0.5,1.1,0,0,0,0,0,0,0,337,68,23,96
ALT,2010,4,23,23,8.2,85.2,9.2,5.9,6,7,23.3,0,963.1,135,0.2,1,0,0,0,0,0,0,0,313,25,23,96
ALT,2010,4,24,0,7.7,87.1,9.1,5.7,5.93,6.7,22.6,0,963.3,171,0.6,1.6,0,0,0,0,0,0,0,299,13,21,96
ALT,2010,4,24,1,6.9,89.4,8.9,5.3,5.8,6.1,21.5,0,963.7,315,0.3,1,0,0,0,0,0,0,0,296,13,21,96
ALT,2010,4,24,2,6.1,90.9,8.5,4.7,5.53,5.4,20,0,964.3,162,1,1.8,0,0,0,0,0,0,0,304,53,21,96
ALT,2010,4,24,3,6.7,89.6,8.8,5.1,5.73,5.9,21.1,0,964.5,150,0.8,1.9,0,0,0,0,0,0,0,310,50,21,96
ALT,2010,4,24,4,6.2,89.8,8.5,4.7,5.53,5.5,20.1,0,964.7,169,0.6,1.4,9,0,9,5,5,5,5,303,33,21,96
ALT,2010,4,24,5,5.9,90.8,8.4,4.5,5.46,5.2,19.6,0,965.3,153,0.4,1.2,36,0,36,33,33,33,33,293,6,21,96
ALT,2010,4,24,6,7.9,87.5,9.3,6,6.05,6.9,23.1,0,965.6,146,0.4,1.1,273,516,76,58,569,138,59,278,0,21,96
ALT,2010,4,24,7,10.6,82.1,10.5,7.7,6.84,9.1,27.9,0,965.6,344,1.4,2.6,505,763,109,82,774,324,84,281,0,21,96
ALT,2010,4,24,8,12.2,74.4,10.6,7.8,6.9,9.8,29.7,0,965.7,337,1.5,3,659,814,129,103,720,489,107,283,0,21,96
ALT,2010,4,24,9,13.5,68.7,10.6,7.9,6.9,10.5,31,0,965.7,336,1.8,3.2,784,867,134,118,598,622,123,285,0,21,96
ALT,2010,4,24,10,14.5,63.3,10.5,7.6,6.84,10.7,31.9,0,965.5,335,2.1,3.5,866,913,126,126,408,708,132,288,0,21,96
ALT,2010,4,24,11,16.2,58,10.7,7.9,6.97,11.6,33.9,0,965.2,337,3.6,7.4,887,926,123,129,167,730,249,290,0,21,96
ALT,2010,4,24,12,17.9,51.5,10.5,7.8,6.84,12.3,35.3,0,965.3,324,3.8,7.6,851,919,120,124,128,689,479,302,0,21,96
ALT,2010,4,24,13,18.9,50.6,11,8.4,7.17,12.9,37.2,0,965.3,321,2.7,6.1,736,807,151,117,120,573,633,319,20,21,96
ALT,2010,4,24,14,19.2,49.8,11,8.5,7.17,13.1,37.5,0,965,351,2.1,4.3,612,799,123,97,99,435,749,294,6,21,96
ALT,2010,4,24,15,19.1,50,11.1,8.4,7.24,13,37.6,0,965,340,1.4,3.2,269,402,65,73,75,190,439,314,0,21,96
ALT,2010,4,24,16,19.2,50.3,11.2,8.6,7.3,13.2,37.8,0,965.2,315,0.6,1.8,36,0,36,49,50,49,50,296,0,21,96
ALT,2010,4,24,17,18.6,51.4,11,8.4,7.17,12.8,36.9,0,965.5,254,0.7,3.5,31,0,31,24,24,24,23,310,19,21,96
ALT,2010,4,24,18,16.5,61.4,11.4,9.1,7.42,12.3,35.4,0,966.4,194,0.7,2.3,0,0,0,0,0,0,0,301,30,21,96
ALT,2010,4,24,19,14.8,67.2,11.3,8.8,7.35,11.5,33.5,0,967.4,189,1.2,3.2,0,0,0,0,0,0,0,293,13,21,96
ALT,2010,4,24,20,14.4,65.7,10.8,8.1,7.02,10.9,32.2,0,967.9,180,1.2,3.8,0,0,0,0,0,0,0,291,0,21,96
ALT,2010,4,24,21,13.4,67.6,10.3,7.5,6.69,10.2,30.4,0,968.1,191,0.7,2.1,0,0,0,0,0,0,0,288,0,21,96
ALT,2010,4,24,22,10.8,78.8,10.2,7.3,6.62,9,27.5,0,968.4,135,0.5,1.7,0,0,0,0,0,0,0,286,0,21,96
ALT,2010,4,24,23,9.5,82.7,9.8,6.7,6.36,8.1,25.6,0,968.6,159,0.9,1.6,0,0,0,0,0,0,0,284,0,21,96
ALT,2010,4,25,0,10.3,79.8,10,7,6.49,8.6,26.7,0,968.7,149,0.6,1.7,0,0,0,0,0,0,0,282,0,21,96
ALT,2010,4,25,1,8.9,84.1,9.6,6.4,6.22,7.6,24.6,0,968.9,171,0.6,1.5,0,0,0,0,0,0,0,282,0,21,96
ALT,2010,4,25,2,8.9,84.1,9.6,6.4,6.22,7.6,24.6,0,969.2,158,0.6,1.2,0,0,0,0,0,0,0,282,0,21,96
ALT,2010,4,25,3,7.7,87.1,9.2,5.7,5.96,6.7,22.7,0,969.5,158,0.6,1.3,0,0,0,0,0,0,0,283,0,21,96
ALT,2010,4,25,4,7,88.6,8.9,5.2,5.76,6.1,21.5,0,969.9,157,0.8,1.3,10,0,10,6,6,6,6,287,0,21,96
ALT,2010,4,25,5,7.5,87.4,9.1,5.5,5.89,6.5,22.3,0,970.6,164,0.8,1.3,35,0,35,33,33,33,33,287,19,21,96
ALT,2010,4,25,6,10,82.8,10.2,7.2,6.6,8.5,26.7,0,971.1,360,0.6,1.3,272,490,82,59,546,137,60,292,29,21,96
ALT,2010,4,25,7,12.3,78.2,11.2,8.6,7.26,10.3,30.7,0,971,349,1,1.9,520,799,101,81,798,327,84,299,13,21,96
ALT,2010,4,25,8,14,71.2,11.3,8.9,7.32,11.2,32.6,0,971.1,342,1.9,3.4,643,751,154,108,695,468,111,289,13,21,96
ALT,2010,4,25,9,15.8,64.8,11.6,9.2,7.52,12.1,34.9,0,971,340,2.1,4.3,565,308,336,172,395,395,166,316,50,21,96
ALT,2010,4,25,10,17.6,60.6,12.2,9.9,7.92,13.1,37.8,0,970.6,351,2.5,3.9,436,91,363,187,233,264,177,334,71,21,96
ALT,2010,4,25,11,19.4,51.6,11.6,9.2,7.53,13.5,38.6,0,970,337,2.5,5.3,403,61,353,183,180,236,189,349,88,21,96
ALT,2010,4,25,12,20.9,44.1,10.9,8.2,7.07,13.6,39,0,969.8,300,3.3,6.8,332,18,318,166,158,179,166,375,100,21,96
ALT,2010,4,25,13,21.3,39.3,9.9,6.9,6.42,13.2,37.7,0,969.6,314,3.4,7.3,464,172,340,174,167,297,306,369,94,21,96
ALT,2010,4,25,14,21.5,39.5,10.1,7.2,6.55,13.4,38.3,0,969.4,312,3.1,7.2,408,209,276,141,137,261,329,368,100,21,96
ALT,2010,4,25,15,20.9,41,10.1,7.2,6.55,13.2,37.6,0,969.5,312,3.3,7.1,262,117,204,107,103,151,222,377,100,21,96
ALT,2010,4,25,16,19.7,45.1,10.3,7.5,6.68,12.9,36.8,0,969.6,285,2.3,4.3,112,0,112,63,61,63,60,372,94,21,96
ALT,2010,4,25,17,19.4,48.1,10.8,8.1,7,13,37.3,0,969.9,315,0.6,3,37,0,37,21,20,21,20,371,94,21,96
ALT,2010,4,25,18,18.1,52.7,10.9,8.3,7.07,12.6,36.1,0,970.3,201,1.1,3.6,0,0,0,0,0,0,0,374,100,21,96
ALT,2010,4,25,19,17.3,56.8,11.2,8.7,7.26,12.4,35.8,0,971.2,146,2.8,8.6,0,0,0,0,0,0,0,371,100,21,96
ALT,2010,4,25,20,18.1,49.2,10.2,7.3,6.6,12.1,34.9,0,971.8,171,8.7,15.3,0,0,0,0,0,0,0,364,100,21,96
ALT,2010,4,25,21,16.2,62.8,11.5,9.1,7.44,12.2,35.1,0.3,973,137,5.6,12.3,0,0,0,0,0,0,0,365,100,21,96
ALT,2010,4,25,22,13.8,83.4,13.2,11,8.55,12.2,35.5,0.4,973,155,3.1,5.3,0,0,0,0,0,0,0,358,88,21,96
ALT,2010,4,25,23,13.5,83.9,12.9,10.8,8.36,11.9,34.7,0,972.5,160,2.3,6,0,0,0,0,0,0,0,360,100,21,96
ALT,2010,4,26,0,13.2,81.9,12.4,10.2,8.04,11.5,33.6,0,972,160,1.7,5.6,0,0,0,0,0,0,0,358,94,22,96
ALT,2010,4,26,1,12.5,83.1,12.1,9.7,7.84,10.9,32.4,0,971.9,162,1,3.6,0,0,0,0,0,0,0,346,94,22,96
ALT,2010,4,26,2,12.2,85.7,12.2,9.9,7.91,10.9,32.2,0,972,180,0.6,1.7,0,0,0,0,0,0,0,359,94,22,96
ALT,2010,4,26,3,11.9,87,12.1,9.8,7.84,10.7,31.7,0,972.1,153,0.8,1.6,0,0,0,0,0,0,0,355,100,22,96
ALT,2010,4,26,4,11.8,87.1,12,9.7,7.77,10.6,31.5,0,972.7,270,0.5,1.9,1,0,1,0,0,0,0,360,100,22,96
ALT,2010,4,26,5,12,87.2,12.2,9.9,7.89,10.8,32,0,973.4,207,0.6,1.7,17,0,17,9,9,9,9,360,100,22,96
ALT,2010,4,26,6,13.2,85.1,12.9,10.8,8.35,11.8,34.4,0.4,973.8,135,0.7,2.3,138,16,132,70,84,73,66,361,100,22,96
ALT,2010,4,26,7,14.3,78.8,12.8,10.7,8.28,12.2,35.3,0,974,270,0.7,1.7,151,5,149,79,81,80,74,363,100,22,96
ALT,2010,4,26,8,13.9,76.2,12.1,9.8,7.82,11.6,33.7,0,974.4,315,2.1,5.6,117,1,116,62,60,62,58,365,100,22,96
ALT,2010,4,26,9,12.8,84.7,12.5,10.3,8.08,11.4,33.3,1.1,975.3,326,2.5,8.1,109,0,109,58,55,58,54,367,100,22,96
ALT,2010,4,26,10,13,87.2,13,10.9,8.4,11.8,34.3,0,975.2,339,1.1,2.3,96,0,96,51,49,51,48,369,100,22,96
ALT,2010,4,26,11,13.1,84.3,12.7,10.5,8.21,11.6,33.9,0,974.8,333,1,2,73,0,73,39,37,39,37,371,100,22,96
ALT,2010,4,26,12,12.9,87.7,13.1,10.9,8.47,11.8,34.4,1.5,974.8,288,1.1,2.6,84,0,84,44,42,44,42,372,100,22,96
ALT,2010,4,26,13,13.8,83.6,13.2,11.1,8.55,12.2,35.5,0,974,157,0.9,2.1,137,0,137,73,69,72,68,371,100,22,96
ALT,2010,4,26,14,15,75.4,12.9,10.7,8.36,12.5,36.2,0,973.1,131,1.3,2.7,249,62,208,110,105,147,161,370,94,22,96
ALT,2010,4,26,15,14.8,79.1,13.3,11.2,8.62,12.7,36.7,0,972.8,304,0.7,1.7,103,0,103,55,52,54,51,369,100,22,96
ALT,2010,4,26,16,15.2,78,13.5,11.4,8.76,13,37.4,0,972.4,180,0.5,1.3,49,0,49,26,25,26,24,368,100,22,96
ALT,2010,4,26,17,14.6,81.6,13.5,11.5,8.76,12.8,36.8,0,972.4,144,1,1.9,18,0,18,9,9,9,9,367,100,22,96
ALT,2010,4,26,18,13.4,81.6,12.6,10.3,8.17,11.6,34.1,0,972.4,157,1.4,3.3,0,0,0,0,0,0,0,365,88,22,96
ALT,2010,4,26,19,11.9,83.6,11.7,9.2,7.57,10.4,31.1,0,973.1,207,0.8,1.7,0,0,0,0,0,0,0,358,94,22,96
ALT,2010,4,26,20,10.7,85.5,11,8.4,7.11,9.5,28.7,0,973.5,198,0.9,2.2,0,0,0,0,0,0,0,351,94,22,96
ALT,2010,4,26,21,11.1,83.6,11,8.4,7.11,9.6,29.1,0,973.6,236,1.5,5.7,0,0,0,0,0,0,0,358,100,22,96
ALT,2010,4,26,22,11.9,83.4,11.6,9.2,7.5,10.4,30.9,0,973.8,13,2,6,0,0,0,0,0,0,0,355,100,22,96
ALT,2010,4,26,23,11.6,82.5,11.3,8.7,7.3,10,30.1,0,973.5,120,1,2.2,0,0,0,0,0,0,0,353,100,22,96
ALT,2010,4,27,0,10.9,86.1,11.2,8.7,7.24,9.7,29.2,0,973.2,321,0.9,2.3,0,0,0,0,0,0,0,351,100,22,96
ALT,2010,4,27,1,10.3,88.7,11.1,8.5,7.18,9.3,28.4,0,973,207,0.3,1.1,0,0,0,0,0,0,0,351,100,22,96
ALT,2010,4,27,2,9.7,90.6,10.9,8.2,7.05,8.9,27.5,0,973,135,0.3,0.8,0,0,0,0,0,0,0,336,81,22,96
ALT,2010,4,27,3,9.1,92,10.6,7.9,6.85,8.5,26.4,0,972.8,315,0.3,1.1,0,0,0,0,0,0,0,324,65,22,96
ALT,2010,4,27,4,8,91.9,9.9,6.8,6.4,7.4,24.1,0,972.7,166,1.3,1.8,12,0,12,8,8,8,8,318,39,22,96
ALT,2010,4,27,5,8.5,90.4,10,7,6.46,7.7,24.8,0,973.3,171,0.7,1.5,69,0,69,41,40,41,39,347,84,22,96
ALT,2010,4,27,6,9.8,88.4,10.7,8,6.91,8.8,27.3,0,973.5,180,0.2,1,167,44,150,81,123,89,76,352,100,22,96
ALT,2010,4,27,7,11,87.8,11.6,9.1,7.5,10,30,0,973.8,332,2,3.5,298,110,240,125,233,171,119,355,100,22,96
ALT,2010,4,27,8,12,84.4,11.9,9.5,7.69,10.6,31.5,0,974,335,1.4,3.1,414,159,309,161,302,258,153,358,100,22,96
ALT,2010,4,27,9,12.8,80.7,11.9,9.6,7.69,11,32.3,0,974,340,1.5,3.1,637,427,313,164,462,473,161,361,81,22,96
ALT,2010,4,27,10,15.1,73.4,12.6,10.4,8.16,12.4,35.8,0,973.4,360,1.1,3.3,657,362,360,186,367,485,182,364,75,22,96
ALT,2010,4,27,11,16.7,66.6,12.6,10.5,8.16,13.1,37.5,0,972.7,340,2.1,3.5,665,371,355,187,221,492,269,350,68,22,96
ALT,2010,4,27,12,16.2,65.9,12.2,9.8,7.9,12.5,36.3,0,972.5,334,2.8,5.6,342,92,267,139,134,217,182,364,94,22,96
ALT,2010,4,27,13,15.9,65.8,11.9,9.5,7.7,12.3,35.5,0,972.7,350,1.2,2.9,51,0,51,27,26,27,25,368,100,22,96
ALT,2010,4,27,14,16.1,65.9,12.1,9.7,7.84,12.4,36,0,972.6,343,1.4,3.2,41,0,41,22,21,22,20,368,100,22,96
ALT,2010,4,27,15,15.9,69.2,12.5,10.3,8.1,12.7,36.5,0,972.8,34,0.7,1.8,50,0,50,27,25,26,25,368,100,22,96
ALT,2010,4,27,16,16.6,68.8,13,10.9,8.42,13.3,38,0,972.9,175,1.2,2.7,70,0,70,37,35,37,35,367,100,22,96
ALT,2010,4,27,17,15.8,66.5,11.9,9.6,7.7,12.3,35.4,0,973,207,0.8,2.8,32,0,32,17,17,17,16,367,100,22,96
ALT,2010,4,27,18,15.1,68.5,11.8,9.4,7.63,11.9,34.5,0,973.5,180,1.1,2.1,2,0,2,1,1,1,1,356,84,22,96
ALT,2010,4,27,19,13.5,74,11.5,9,7.43,11,32.3,0,974.1,169,1.6,2.8,0,0,0,0,0,0,0,323,50,22,96
ALT,2010,4,27,20,12.1,77,10.9,8.2,7.04,10,29.9,0,974.5,169,1.7,4.1,0,0,0,0,0,0,0,312,29,22,96
ALT,2010,4,27,21,11.2,78.9,10.5,7.7,6.77,9.3,28.3,0,974.5,169,1.1,3,0,0,0,0,0,0,0,316,44,22,96
ALT,2010,4,27,22,10,81.7,10,7,6.45,8.4,26.3,0,974.6,135,0.3,1.4,0,0,0,0,0,0,0,307,13,22,96
ALT,2010,4,27,23,8.9,84.5,9.6,6.4,6.19,7.6,24.5,0,974.1,162,0.7,1.3,0,0,0,0,0,0,0,299,19,22,96
ALT,2010,4,28,0,9,83.7,9.6,6.4,6.19,7.7,24.6,0,973.7,117,0.5,2.2,0,0,0,0,0,0,0,271,0,21,96
ALT,2010,4,28,1,7.4,88.2,9.1,5.6,5.87,6.5,22.2,0,973.7,180,0.4,1.5,0,0,0,0,0,0,0,298,31,21,96
ALT,2010,4,28,2,6.5,90.1,8.7,5,5.61,5.8,20.6,0,973.9,162,1,1.9,0,0,0,0,0,0,0,301,33,21,96
ALT,2010,4,28,3,7.3,87.6,8.9,5.4,5.74,6.4,21.7,0,974.1,180,0.7,1.6,0,0,0,0,0,0,0,315,50,21,96
ALT,2010,4,28,4,6,90.9,8.5,4.6,5.48,5.3,19.8,0,973.9,157,0.8,1.4,12,0,12,7,6,7,6,345,81,21,96
ALT,2010,4,28,5,6.7,88,8.7,4.9,5.61,5.8,20.8,0,974,164,0.7,1.8,59,0,59,41,40,40,39,329,68,21,96
ALT,2010,4,28,6,8.4,86.5,9.6,6.3,6.19,7.3,24,0,974,45,0.3,0.8,264,385,111,68,460,137,68,318,61,21,96
ALT,2010,4,28,7,12,69.9,9.8,6.7,6.32,9.2,28,0,973.6,354,1.1,2.7,396,305,231,118,420,245,114,347,94,21,96
ALT,2010,4,28,8,13,69.5,10.4,7.6,6.72,10.1,30,0,973.7,337,2.5,4.1,549,415,273,140,501,381,137,352,94,21,96
ALT,2010,4,28,9,14.6,65.9,11,8.3,7.11,11.1,32.6,0,973.6,330,2,4.2,779,798,165,125,568,592,129,330,50,21,96
ALT,2010,4,28,10,16.3,61.8,11.5,9,7.44,12.2,35.2,0,973.1,335,1.7,3.9,903,949,122,127,413,710,134,289,13,21,96
ALT,2010,4,28,11,17.3,59.6,11.8,9.4,7.64,12.8,36.7,0,972.5,341,2.4,5.2,907,942,118,128,165,718,250,291,0,21,96
ALT,2010,4,28,12,18.8,52.6,11.4,8.9,7.38,13.1,37.6,0,971.9,332,3.4,5.7,851,874,145,126,130,665,483,298,0,21,96
ALT,2010,4,28,13,19.8,47.4,10.9,8.3,7.06,13.3,37.8,0,971.3,333,3,5.3,752,819,151,116,119,563,642,297,0,21,96
ALT,2010,4,28,14,21.3,43.9,11.1,8.5,7.2,13.9,39.7,0,970.5,317,2.4,4.7,616,763,140,99,102,420,732,296,0,21,96
ALT,2010,4,28,15,21.5,41.7,10.7,8,6.94,13.8,39.2,0,970.1,288,2.1,5.3,464,742,107,76,77,255,778,295,0,21,96
ALT,2010,4,28,16,20.6,41.8,10.1,7.2,6.55,13.1,37.3,0,969.8,225,0.6,3,39,0,39,52,53,53,53,294,0,21,96
ALT,2010,4,28,17,17.5,52.1,10.3,7.6,6.68,12,34.5,0,969.7,188,0.7,2.5,32,0,32,26,26,26,26,303,13,21,96
ALT,2010,4,28,18,16.1,56.6,10.3,7.5,6.67,11.4,33.1,0,970.2,163,1.1,3,3,0,3,1,1,1,1,302,23,21,96
ALT,2010,4,28,19,15.6,56.2,9.9,6.9,6.41,10.9,31.9,0,970.9,176,1.4,4.4,0,0,0,0,0,0,0,317,46,21,96
ALT,2010,4,28,20,13.8,63,9.9,6.9,6.41,10.1,30.1,0,971,167,1.8,4.8,0,0,0,0,0,0,0,310,29,21,96
ALT,2010,4,28,21,14.3,58.1,9.5,6.2,6.15,10,29.9,0,970.7,176,2.8,4.9,0,0,0,0,0,0,0,321,59,21,96
ALT,2010,4,28,22,13.3,59.8,9.1,5.7,5.89,9.4,28.2,0,970.5,163,1.2,3.8,0,0,0,0,0,0,0,321,44,21,96
ALT,2010,4,28,23,11.5,68.3,9.3,5.9,6.02,8.6,26.7,0,970.4,108,0.6,2.4,0,0,0,0,0,0,0,307,33,21,96
ALT,2010,4,29,0,10.5,72.7,9.2,5.8,5.96,8.1,25.6,0,970.1,153,0.6,2,0,0,0,0,0,0,0,313,41,19,96
ALT,2010,4,29,1,9.5,76.5,9.1,5.6,5.89,7.5,24.4,0,969.7,158,0.6,1.6,0,0,0,0,0,0,0,313,40,19,96
ALT,2010,4,29,2,8.9,78,8.9,5.3,5.76,7.1,23.4,0,969.3,139,1.1,2.3,0,0,0,0,0,0,0,305,13,19,96
ALT,2010,4,29,3,9.5,75.9,9,5.5,5.83,7.5,24.2,0,968.9,144,0.9,1.8,0,0,0,0,0,0,0,296,6,19,96
ALT,2010,4,29,4,8.6,78.8,8.8,5.1,5.7,6.9,23,0,968.6,150,0.9,1.8,13,0,13,7,7,7,7,293,0,19,96
ALT,2010,4,29,5,8.9,78.1,8.9,5.3,5.77,7.1,23.5,0,968.6,157,0.8,1.9,39,0,39,34,34,34,34,290,6,19,96
ALT,2010,4,29,6,11,75.3,9.8,6.8,6.36,8.8,27.1,0,968.3,351,0.8,2.5,286,523,75,55,569,128,56,291,0,19,96
ALT,2010,4,29,7,15.3,61.4,10.6,7.9,6.89,11.2,32.8,0,968,350,1.2,2.4,521,767,108,76,766,305,78,294,0,19,96
ALT,2010,4,29,8,17.4,54,10.7,8,6.96,12.2,35.1,0,967.5,325,1.3,2.8,668,796,135,96,699,461,99,302,6,19,96
ALT,2010,4,29,9,18.4,50.8,10.7,8,6.96,12.6,36.1,0,967.1,335,1.8,3.4,831,918,126,109,607,618,114,301,0,19,96
ALT,2010,4,29,10,19.8,50.4,11.6,9.2,7.56,13.7,39.1,0,966.1,323,3,5.4,908,937,133,118,409,700,124,313,0,19,96
ALT,2010,4,29,11,21.1,44.9,11.2,8.7,7.3,13.9,39.8,0,965.3,332,2.8,5.5,888,896,134,118,153,689,245,317,16,19,96
ALT,2010,4,29,12,22.8,44.4,12.3,10.1,8.04,15.2,43.4,0,964.4,4,3.1,5.9,838,849,149,115,119,640,465,316,6,19,96
ALT,2010,4,29,13,23.5,41.5,12,9.7,7.84,15.3,43.6,0,963.8,340,4.1,6.8,732,768,166,109,111,535,614,324,33,19,96
ALT,2010,4,29,14,23.9,40.7,12.1,9.7,7.91,15.4,44.2,0.6,963.1,348,3,5.7,601,720,150,93,95,399,695,324,13,19,96
ALT,2010,4,29,15,24.2,38.3,11.5,9.1,7.52,15.3,43.5,0,962.8,352,2.3,7.8,450,692,114,71,72,241,729,311,0,19,96
ALT,2010,4,29,16,22.8,33.6,9.3,6,6.07,13.4,38.4,0,962.5,172,5.5,9.5,38,0,38,47,48,47,48,311,0,19,96
ALT,2010,4,29,17,21.9,33.1,8.7,5,5.67,12.7,36.4,0,962.5,172,7.1,11.5,35,0,35,27,26,27,26,311,0,19,96
ALT,2010,4,29,18,21.5,32.8,8.4,4.5,5.47,12.3,35.5,0,962.9,178,5.9,10.6,4,0,4,2,2,2,2,316,31,19,96
ALT,2010,4,29,19,20.9,35.3,8.7,5,5.67,12.3,35.4,0,963.5,178,5.2,9.4,0,0,0,0,0,0,0,324,23,19,96
ALT,2010,4,29,20,19.4,39.7,8.9,5.4,5.8,11.8,34.2,0,963.6,160,4.2,10.1,0,0,0,0,0,0,0,311,6,19,96
ALT,2010,4,29,21,17.9,43.9,9,5.5,5.86,11.3,32.9,0,963.6,144,2.4,4.8,0,0,0,0,0,0,0,342,60,19,96
ALT,2010,4,29,22,16.7,48.1,9.1,5.7,5.93,10.8,31.8,0,963.7,154,2.6,5.1,0,0,0,0,0,0,0,365,88,19,96
ALT,2010,4,29,23,17,47.4,9.2,5.7,6,11,32.3,0,963.5,140,2.5,4.8,0,0,0,0,0,0,0,363,100,19,96
ALT,2010,4,30,0,17.8,44.7,9.1,5.6,5.93,11.3,32.9,0,963.1,136,3.2,6.8,0,0,0,0,0,0,0,369,100,18,96
ALT,2010,4,30,1,16.4,50.9,9.4,6.2,6.13,10.9,32,0,963.2,297,1.6,4.7,0,0,0,0,0,0,0,358,88,18,96
ALT,2010,4,30,2,14.1,64.3,10.3,7.5,6.72,10.5,31.2,0,963.8,333,1.2,3,0,0,0,0,0,0,0,360,94,18,96
ALT,2010,4,30,3,13.4,67.6,10.4,7.5,6.78,10.2,30.6,0,963.9,108,0.9,2.6,0,0,0,0,0,0,0,369,100,18,96
ALT,2010,4,30,4,13.1,68.8,10.3,7.5,6.72,10.1,30.1,0,963.9,153,1.2,2.9,8,0,8,4,4,4,4,369,100,18,96
ALT,2010,4,30,5,13,71.2,10.7,7.9,6.98,10.2,30.7,0,964.1,153,0.6,1.3,72,0,72,41,39,40,38,354,81,18,96
ALT,2010,4,30,6,14.7,68.1,11.4,8.9,7.45,11.5,33.6,0,963.6,153,0.6,1.4,253,282,137,71,362,126,69,353,68,18,96
ALT,2010,4,30,7,17,59.6,11.5,9.1,7.52,12.5,36.1,0,963.2,350,1.2,3.2,450,488,184,93,560,271,92,353,64,18,96
ALT,2010,4,30,8,18.4,53.5,11.3,8.8,7.39,12.9,37.2,0,962.7,339,1.4,2.6,590,550,221,114,571,404,113,359,71,18,96
ALT,2010,4,30,9,19.8,51.9,12,9.6,7.85,13.9,39.8,0,962.4,333,1.6,3.3,698,584,247,129,504,511,128,363,71,18,96
ALT,2010,4,30,10,21.3,46.4,11.7,9.3,7.66,14.3,40.9,0,961.9,332,5.4,9.8,691,439,327,159,368,502,156,369,81,18,96
ALT,2010,4,30,11,21.2,47.6,12,9.6,7.86,14.4,41.3,0,961.5,336,7.1,11.3,546,179,395,193,211,347,229,382,100,18,96
ALT,2010,4,30,12,21.3,46.8,11.8,9.5,7.73,14.4,41.1,0,961,334,6.5,10.7,423,73,364,182,173,240,216,383,100,18,96
ALT,2010,4,30,13,21.1,47.1,11.8,9.4,7.73,14.3,40.9,0,960.7,326,4.2,8,252,29,229,115,109,136,130,382,94,18,96
ALT,2010,4,30,14,21.4,46.3,11.8,9.4,7.74,14.4,41.2,0,960,304,2.4,7.1,363,194,239,121,117,215,286,381,88,18,96
ALT,2010,4,30,15,21,46.6,11.6,9.1,7.61,14.1,40.4,0,959.8,326,4.5,9.3,118,4,116,59,56,60,59,379,100,18,96
ALT,2010,4,30,16,19.3,53.2,11.8,9.4,7.72,13.6,39,0,960.6,350,7,12.3,64,0,64,33,31,33,31,378,100,18,96
ALT,2010,4,30,17,17.7,61.3,12.2,9.9,8,13.2,38.1,0,961.5,348,8.4,14.3,19,0,19,11,11,11,11,376,100,18,96
ALT,2010,4,30,18,16.4,70.1,12.7,10.5,8.34,13,37.6,1.9,962.4,349,8.1,14.1,3,0,3,2,1,2,1,375,100,18,96
ALT,2010,4,30,19,15.2,75.5,12.9,10.7,8.42,12.6,36.6,1.8,963.1,293,1.1,4.6,0,0,0,0,0,0,0,372,100,18,96
ALT,2010,4,30,20,14.4,78.2,12.7,10.5,8.3,12.1,35.5,1.4,962.9,150,2.5,7,0,0,0,0,0,0,0,370,100,18,96
ALT,2010,4,30,21,13.5,81.3,12.5,10.2,8.18,11.6,34.2,0.7,962.7,168,6.9,15.3,0,0,0,0,0,0,0,368,100,18,96
ALT,2010,4,30,22,12.6,83.7,12.2,9.9,8,11.1,32.9,0,962.2,125,3.5,7.4,0,0,0,0,0,0,0,366,100,18,96
ALT,2010,4,30,23,11.8,85.8,11.9,9.5,7.79,10.5,31.5,0,961.5,202,0.7,2.4,0,0,0,0,0,0,0,349,94,18,96
ALT,2007,5,1,0,11.2,86.6,11.5,9,7.52,10,30.2,0,960.7,169,0.8,2,0,0,0,0,0,0,0,351,100,22,96
ALT,2007,5,1,1,10.6,87.6,11.2,8.6,7.32,9.5,29.1,0,960,148,1.1,2.8,0,0,0,0,0,0,0,350,94,22,96
ALT,2007,5,1,2,10.2,89.1,11.1,8.5,7.29,9.3,28.6,0.1,959.6,151,1.1,2.4,0,0,0,0,0,0,0,342,84,22,96
ALT,2007,5,1,3,10.1,89.4,11.1,8.4,7.28,9.2,28.5,0,959.2,135,0.1,0.9,0,0,0,0,0,0,0,349,90,22,96
ALT,2007,5,1,4,10.1,89.4,11.1,8.4,7.26,9.2,28.4,0,959.1,143,1,1.9,1,0,1,1,1,1,1,349,100,22,96
ALT,2007,5,1,5,10.7,87.4,11.3,8.7,7.39,9.6,29.4,0,959.3,160,1.1,2.2,48,3,47,26,28,24,23,348,100,22,96
ALT,2007,5,1,6,11.6,85.1,11.6,9.1,7.62,10.2,30.9,0,959.4,148,1,2.6,233,167,164,90,261,120,82,339,90,22,96
ALT,2007,5,1,7,12.8,80.1,11.8,9.4,7.76,10.9,32.5,0,959.3,332,1.6,3.7,526,728,127,92,753,318,96,314,35,22,96
ALT,2007,5,1,8,14.3,74,12,9.7,7.88,11.7,34.3,0,959.1,339,2.8,4.8,547,465,240,139,529,367,137,335,63,22,96
ALT,2007,5,1,9,15.3,67.7,11.8,9.4,7.75,12,35,0,958.9,326,3.2,5.2,327,35,300,162,185,180,149,361,100,22,96
ALT,2007,5,1,10,16.1,61.8,11.3,8.8,7.42,12,35,0,958.4,337,2.5,5.3,131,0,131,71,68,67,65,351,100,22,96
ALT,2007,5,1,11,17.7,56.3,11.4,8.9,7.49,12.7,36.8,0,958,328,4.2,7,485,156,353,189,191,313,229,354,94,22,96
ALT,2007,5,1,12,19.2,53.5,11.9,9.5,7.83,13.6,39.2,0,957.6,319,4.1,7.1,164,0,164,89,86,84,81,371,100,22,96
ALT,2007,5,1,13,18.6,54.3,11.6,9.2,7.63,13.2,38,0.1,957.4,308,3.1,6.2,429,133,330,176,172,263,272,370,100,22,96
ALT,2007,5,1,14,18.2,57.6,12,9.7,7.89,13.3,38.3,0,957.5,323,2.3,7,124,0,124,67,65,64,61,369,100,22,96
ALT,2007,5,1,15,16,71.5,13,10.9,8.56,13,37.8,0,957.3,270,1.1,4.2,167,27,154,83,81,88,104,358,100,22,96
ALT,2007,5,1,16,15.9,76.9,13.9,11.9,9.17,13.5,39.2,0,956.8,288,0.7,1.7,108,86,74,62,62,76,152,342,45,22,96
ALT,2007,5,1,17,15.3,83.7,14.6,12.6,9.64,13.7,39.8,0,956.6,297,0.7,1.8,50,0,50,31,30,30,29,352,55,22,96
ALT,2007,5,1,18,14.7,78.7,13.1,11,8.64,12.6,36.6,0,956.7,162,1.1,3.1,1,0,1,1,1,0,0,355,74,22,96
ALT,2007,5,1,19,14.5,78.8,13,10.9,8.57,12.4,36.2,0,956.7,139,2.9,6.4,0,0,0,0,0,0,0,353,84,22,96
ALT,2007,5,1,20,13.5,82.7,12.7,10.6,8.37,11.8,34.7,0,956.6,142,1.3,3.8,0,0,0,0,0,0,0,351,88,22,96
ALT,2007,5,1,21,11.9,87.2,12.1,9.8,7.97,10.7,32.1,0,956.1,270,0.4,1.7,0,0,0,0,0,0,0,337,50,22,96
ALT,2007,5,1,22,10.6,91.5,11.7,9.3,7.71,9.9,30.1,0,955.7,351,0.6,3.3,0,0,0,0,0,0,0,320,16,22,96
ALT,2007,5,1,23,11.1,87.2,11.5,9.1,7.58,10,30.3,0,955.5,335,2,5.7,0,0,0,0,0,0,0,314,0,22,96
ALT,2007,5,2,0,12.1,80.4,11.3,8.8,7.45,10.3,30.9,0,955.3,337,2.1,5.6,0,0,0,0,0,0,0,324,29,23,96
ALT,2007,5,2,1,11.7,79.4,10.9,8.3,7.18,9.9,29.9,0,955.2,335,3.3,6.9,0,0,0,0,0,0,0,337,64,23,96
ALT,2007,5,2,2,11.8,70,9.7,6.5,6.38,9,28,0,955.4,325,3.9,8.1,0,0,0,0,0,0,0,334,61,23,96
ALT,2007,5,2,3,10.7,72.8,9.3,6,6.11,8.3,26.2,0,955.4,317,1.9,4.7,0,0,0,0,0,0,0,349,100,23,96
ALT,2007,5,2,4,10.3,75.1,9.4,6.1,6.18,8.2,25.9,0,955.5,321,1.4,4.5,4,0,4,2,2,2,2,348,100,23,96
ALT,2007,5,2,5,10.6,73.9,9.5,6.1,6.25,8.3,26.4,0,955.5,310,1.7,3.8,62,22,55,34,52,29,28,347,100,23,96
ALT,2007,5,2,6,11.7,69.5,9.6,6.3,6.31,8.9,27.7,0,955.4,343,2.2,5.9,276,311,157,97,410,125,83,348,81,23,96
ALT,2007,5,2,7,13.2,64.5,9.8,6.7,6.45,9.8,29.5,0,955.2,330,3.1,8.4,292,89,243,131,218,163,122,350,100,23,96
ALT,2007,5,2,8,17.1,47.5,9,5.9,5.92,11.1,32.2,0,954.6,173,3.2,12.6,227,8,221,121,124,119,110,352,100,23,96
ALT,2007,5,2,9,19.9,32.2,7.5,2.8,4.92,11,32.5,0,954.8,166,7.1,14.6,167,0,167,91,88,87,83,354,100,23,96
ALT,2007,5,2,10,20.3,30.4,7.3,2.4,4.79,11.1,32.6,0,954.8,189,6,12.7,191,0,191,104,101,99,95,356,100,23,96
ALT,2007,5,2,11,19.4,37.6,8.3,4.6,5.45,11.5,33.3,0.1,955.3,187,4.4,11.3,127,0,127,69,67,66,63,359,100,23,96
ALT,2007,5,2,12,18,41.5,8.5,4.7,5.57,11,32.2,0,957.1,149,5.3,16,152,0,152,83,80,79,76,360,100,23,96
ALT,2007,5,2,13,17.5,39.2,7.8,3.5,5.11,10.3,30.5,0,957.4,160,9.9,17.1,236,15,225,123,119,127,125,360,100,23,96
ALT,2007,5,2,14,17.6,39.1,7.9,3.5,5.18,10.3,30.8,0,957.2,201,9,15.1,148,1,148,81,78,77,74,359,100,23,96
ALT,2007,5,2,15,17.4,38.4,7.6,3.1,4.98,10.1,30.1,0,957.7,169,7.3,14.6,180,53,155,84,82,96,133,359,100,23,96
ALT,2007,5,2,16,16.6,40.9,7.7,3.3,5.04,9.8,29.4,0,958.4,176,8.6,15.9,41,0,41,22,21,21,20,359,100,23,96
ALT,2007,5,2,17,15.9,40.2,7.3,2.4,4.78,9.2,28.1,0,958.1,162,5.9,12.8,43,0,43,24,24,23,23,351,94,23,96
ALT,2007,5,2,18,16,33.3,6,-0.1,3.92,8.4,26,0,958.3,160,5.8,12.4,6,0,6,3,3,3,3,325,38,23,96
ALT,2007,5,2,19,15.8,31.5,5.7,-1.1,3.72,8,25.3,0,959,145,6.4,12.7,0,0,0,0,0,0,0,312,0,23,96
ALT,2007,5,2,20,15,35,6,-0.3,3.91,7.9,25,0,959.4,139,5.7,13.8,0,0,0,0,0,0,0,325,16,23,96
ALT,2007,5,2,21,14,38.8,6.2,0.2,4.05,7.6,24.3,0,959.3,133,4.6,11.9,0,0,0,0,0,0,0,346,84,23,96
ALT,2007,5,2,22,15.3,33.4,5.8,-0.7,3.79,7.9,25,0,958.6,139,6.6,14.9,0,0,0,0,0,0,0,343,94,23,96
ALT,2007,5,2,23,15.4,36.3,6.3,0.5,4.11,8.3,25.9,0,959.1,139,5.6,15.3,0,0,0,0,0,0,0,326,69,23,96
ALT,2007,5,3,0,12,69.2,9.7,6.5,6.35,9.1,28.1,0,959.2,322,4.9,9.3,0,0,0,0,0,0,0,282,16,22,96
ALT,2007,5,3,1,10.9,73.3,9.6,6.3,6.28,8.5,26.8,0,959.8,311,4,8.3,0,0,0,0,0,0,0,291,0,22,96
ALT,2007,5,3,2,10.2,72,8.9,5.4,5.82,7.8,24.9,0,960.1,15,1.6,4.9,0,0,0,0,0,0,0,313,20,22,96
ALT,2007,5,3,3,9.6,68.2,8.1,4,5.29,6.9,23,0,960.3,99,2.1,3.7,0,0,0,0,0,0,0,324,48,22,96
ALT,2007,5,3,4,8.6,76.3,8.5,4.7,5.56,6.7,22.6,0,960.1,111,1.7,4.3,18,0,18,11,11,11,11,321,43,22,96
ALT,2007,5,3,5,8.9,77.5,8.8,5.2,5.75,7.1,23.4,0,960.2,104,1.2,3,157,332,73,107,384,43,43,307,26,22,96
ALT,2007,5,3,6,10.3,74.8,9.4,6,6.15,8.1,25.9,0,959.7,131,1.1,3.4,305,377,151,94,471,139,80,326,68,22,96
ALT,2007,5,3,7,12.1,69.5,9.8,6.7,6.42,9.3,28.4,0,959.5,353,1.1,3.3,537,728,133,94,756,318,97,309,41,22,96
ALT,2007,5,3,8,13.4,65.5,10.1,7.1,6.62,10,30.2,0,959.2,329,1.9,5.3,708,845,130,111,743,484,118,296,29,22,96
ALT,2007,5,3,9,15.5,60.7,10.7,7.9,7.02,11.3,33.3,0,958.6,318,3.7,6.9,754,665,234,144,557,562,148,320,55,22,96
ALT,2007,5,3,10,17.1,54.8,10.7,7.9,7.02,12,35,0,958.1,324,5.7,9.4,463,112,371,198,257,281,183,338,94,22,96
ALT,2007,5,3,11,17.1,54,10.5,7.7,6.89,11.9,34.7,0,957.8,334,5.6,9.6,249,2,247,134,130,129,122,361,100,22,96
ALT,2007,5,3,12,17.3,55.2,10.9,8.2,7.16,12.2,35.5,0,957.6,314,4.7,8,446,75,385,206,200,258,238,363,100,22,96
ALT,2007,5,3,13,17.4,55.4,11,8.4,7.23,12.3,35.8,0,957.2,294,4.9,7.8,298,16,286,155,150,158,154,362,100,22,96
ALT,2007,5,3,14,17.5,55.3,11,8.4,7.23,12.4,35.9,0,956.7,298,3.9,6.2,325,91,268,143,139,185,221,362,94,22,96
ALT,2007,5,3,15,18.8,48.6,10.5,7.7,6.91,12.6,36.4,0,956.1,313,3.6,5.8,424,504,178,100,100,233,603,352,69,22,96
ALT,2007,5,3,16,17.8,51.1,10.4,7.6,6.84,12.1,35.2,0,955.7,301,3.2,5.4,129,22,120,67,65,68,85,352,88,22,96
ALT,2007,5,3,17,17.2,50.3,9.8,6.8,6.44,11.5,33.6,0,955.7,282,1.9,4.8,30,0,30,17,17,17,16,360,100,22,96
ALT,2007,5,3,18,16.3,54.2,10,7,6.58,11.2,33,0,955.9,326,1.2,3.8,2,0,2,1,1,1,1,359,94,22,96
ALT,2007,5,3,19,16.1,50.1,9.1,5.7,5.98,10.6,31.3,0,956.3,118,2.5,5.6,0,0,0,0,0,0,0,357,100,22,96
ALT,2007,5,3,20,15.1,51.7,8.9,5.2,5.84,9.9,30,0,956.3,92,2.5,6.2,0,0,0,0,0,0,0,355,100,22,96
ALT,2007,5,3,21,13.9,58.1,9.2,5.8,6.04,9.7,29.2,0,956,67,0.8,3.6,0,0,0,0,0,0,0,353,100,22,96
ALT,2007,5,3,22,13.5,58.2,9,5.5,5.91,9.4,28.5,0,955.7,351,1.2,4.6,0,0,0,0,0,0,0,351,100,22,96
ALT,2007,5,3,23,13,62.5,9.4,6,6.18,9.4,28.7,0,955.3,322,2.4,6,0,0,0,0,0,0,0,332,69,22,96
ALT,2007,5,4,0,12.2,69.4,9.8,6.8,6.45,9.4,28.5,0,955.1,326,1.9,6.2,0,0,0,0,0,0,0,325,46,22,96
ALT,2007,5,4,1,11.7,72.2,9.9,6.9,6.52,9.2,28.2,0,954.5,318,1.8,4.5,0,0,0,0,0,0,0,305,6,22,96
ALT,2007,5,4,2,9.5,80.3,9.6,6.3,6.32,7.9,25.5,0,954.3,320,1.8,4.1,0,0,0,0,0,0,0,326,60,22,96
ALT,2007,5,4,3,9.9,80.5,9.8,6.7,6.46,8.2,26.2,0,954,323,1.5,4.4,0,0,0,0,0,0,0,348,100,22,96
ALT,2007,5,4,4,9.9,81.7,10,6.9,6.59,8.3,26.5,0,953.8,333,1.4,4.8,3,0,3,2,2,2,2,347,100,22,96
ALT,2007,5,4,5,10.4,80,10.1,7.1,6.65,8.7,27.2,0,954.1,304,0.6,3.8,34,0,34,18,18,17,17,347,100,22,96
ALT,2007,5,4,6,11.5,76.8,10.4,7.6,6.86,9.4,28.9,0,953.4,9,0.9,2.8,89,3,87,48,49,45,43,348,100,22,96
ALT,2007,5,4,7,11.9,76.4,10.7,7.9,7.06,9.8,29.8,0,953.4,333,1.9,4.1,111,1,110,60,58,57,54,350,100,22,96
ALT,2007,5,4,8,12.1,76.1,10.8,8,7.13,9.9,30.1,2.6,953.4,329,2.1,4.2,149,0,149,80,78,77,73,353,100,22,96
ALT,2007,5,4,9,12.7,72.1,10.6,7.8,6.99,10.1,30.4,2.4,953.2,317,2.1,3.5,405,109,318,169,242,247,157,355,100,22,96
ALT,2007,5,4,10,13.8,67.1,10.6,7.8,7,10.5,31.6,0,952.7,319,2.8,5.6,509,134,397,210,282,314,196,357,100,22,96
ALT,2007,5,4,11,14.4,66.3,10.9,8.2,7.2,11,32.7,0,952.3,323,3.4,6.3,303,9,295,159,155,159,147,360,100,22,96
ALT,2007,5,4,12,14.5,66.5,11,8.3,7.27,11.1,32.9,0,952.3,302,3.6,5.6,170,0,170,92,89,87,84,361,100,22,96
ALT,2007,5,4,13,14,69.6,11.2,8.5,7.4,11,32.8,0,952.7,296,2.6,5,105,0,105,57,55,54,52,361,100,22,96
ALT,2007,5,4,14,13.3,76.3,11.7,9.2,7.73,11,32.9,0.9,952.8,180,0.4,2,71,0,71,38,37,37,35,361,100,22,96
ALT,2007,5,4,15,12.6,87.4,12.7,10.6,8.4,11.5,33.9,0.7,953,189,0.8,2.4,29,0,29,15,15,15,14,362,100,22,96
ALT,2007,5,4,16,12.2,92.1,13,11,8.6,11.5,34,1.4,953,175,1.2,2.8,62,0,62,34,33,32,31,362,100,22,96
ALT,2007,5,4,17,12.2,93.7,13.3,11.2,8.81,11.6,34.5,1.1,952.8,207,0.8,2.1,13,0,13,7,7,6,6,362,100,22,96
ALT,2007,5,4,18,12,94.4,13.2,11.1,8.74,11.5,34.1,0,953.1,324,1.7,3.5,0,0,0,0,0,0,0,361,100,22,96
ALT,2007,5,4,19,11.4,94.4,12.7,10.5,8.4,10.9,32.6,0,953.2,219,0.8,2.1,0,0,0,0,0,0,0,360,100,22,96
ALT,2007,5,4,20,11,92.2,12.1,9.8,8,10.3,31.2,0,953.2,168,1.5,3.3,0,0,0,0,0,0,0,359,100,22,96
ALT,2007,5,4,21,10.1,93.8,11.6,9.1,7.66,9.6,29.5,0,953,171,1.4,3,0,0,0,0,0,0,0,358,100,22,96
ALT,2007,5,4,22,9.7,93.3,11.2,8.7,7.4,9.2,28.4,0,953,167,1,2.5,0,0,0,0,0,0,0,356,100,22,96
ALT,2007,5,4,23,9.4,94.6,11.2,8.6,7.4,9,28.1,0,953.1,160,1.2,2.3,0,0,0,0,0,0,0,355,100,22,96
ALT,2007,5,5,0,9.4,93.2,11,8.4,7.26,8.9,27.7,0,953,152,2.4,3.8,0,0,0,0,0,0,0,354,100,22,96
ALT,2007,5,5,1,9.6,89.9,10.7,8,7.06,8.8,27.4,0,952.8,158,3,4.8,0,0,0,0,0,0,0,354,100,22,96
ALT,2007,5,5,2,9.5,88.4,10.5,7.7,6.93,8.6,27,0,953,159,2.3,4.7,0,0,0,0,0,0,0,354,100,22,96
ALT,2007,5,5,3,9.3,90.1,10.5,7.8,6.93,8.5,26.8,0,953,140,1.7,3.7,0,0,0,0,0,0,0,354,100,22,96
ALT,2007,5,5,4,9.2,88.8,10.3,7.5,6.8,8.3,26.4,0,953,156,3.1,4.6,7,0,7,4,3,3,3,354,100,22,96
ALT,2007,5,5,5,9.5,88.4,10.5,7.7,6.93,8.6,27,0,953.6,163,1.8,5,57,1,57,31,31,29,28,353,100,22,96
ALT,2007,5,5,6,10.3,85.2,10.7,7.9,7.06,9,28.1,0,953.6,141,0.7,1.9,181,57,157,87,143,90,78,354,100,22,96
ALT,2007,5,5,7,11,83.8,11,8.4,7.26,9.6,29.3,0,953.9,225,0.3,1.3,146,0,145,79,77,75,72,355,100,22,96
ALT,2007,5,5,8,11.2,86,11.4,8.9,7.52,9.9,30.2,0.1,954.3,319,1,2.3,145,0,145,79,76,75,72,356,100,22,96
ALT,2007,5,5,9,11.2,87.5,11.6,9.2,7.65,10.1,30.5,0.8,954.6,315,0.6,1.9,123,0,123,67,65,64,61,357,100,22,96
ALT,2007,5,5,10,11.1,89.3,11.8,9.4,7.78,10.2,30.8,0.7,954.8,333,0.8,2.4,111,0,111,60,58,57,55,358,100,22,96
ALT,2007,5,5,11,10.9,92.9,12.1,9.8,7.98,10.3,31.1,2.1,955.4,326,1.5,3.3,101,0,101,55,53,52,50,359,100,22,96
ALT,2007,5,5,12,10.8,92.7,12,9.7,7.91,10.2,30.8,2.6,955.7,0,0.1,1.2,103,0,103,56,54,53,51,360,100,22,96
ALT,2007,5,5,13,11,89,11.6,9.3,7.64,10.1,30.3,1.8,956,120,1.2,4.7,98,0,98,53,51,50,48,360,100,22,96
ALT,2007,5,5,14,10.7,86.3,11.1,8.5,7.3,9.5,29.2,1.6,956.3,100,1.1,3.6,135,1,134,73,70,70,67,359,100,22,96
ALT,2007,5,5,15,10.4,89.7,11.3,8.8,7.43,9.5,29.2,2.2,956.8,124,0.4,2.4,77,0,77,42,40,40,38,359,100,22,96
ALT,2007,5,5,16,10.1,92.6,11.5,9,7.56,9.5,29.2,1.7,957.2,158,0.7,2.1,19,0,19,10,10,10,9,358,100,22,96
ALT,2007,5,5,17,10,89.3,11,8.3,7.23,9.1,28.3,0,957.5,132,1.5,2.8,27,0,27,15,14,14,13,358,100,22,96
ALT,2007,5,5,18,9.9,93.2,11.3,8.9,7.42,9.4,28.6,0.3,958.2,151,1.2,2.3,0,0,0,0,0,0,0,358,100,22,96
ALT,2007,5,5,19,9.3,95.7,11.2,8.6,7.35,8.9,27.8,0.4,959.1,315,0.1,1.4,0,0,0,0,0,0,0,357,100,22,96
ALT,2007,5,5,20,9.3,96,11.2,8.7,7.35,9,27.8,0.6,959.5,153,0.2,1,0,0,0,0,0,0,0,356,100,22,96
ALT,2007,5,5,21,9.3,96.7,11.3,8.8,7.41,9,28,0.7,960.1,63,0.3,1.3,0,0,0,0,0,0,0,355,100,22,96
ALT,2007,5,5,22,9.3,95.9,11.2,8.7,7.34,9,27.8,0.4,960.6,146,0.4,1.1,0,0,0,0,0,0,0,354,100,22,96
ALT,2007,5,5,23,9.3,96,11.3,8.7,7.4,9,28,0.1,960.8,153,0.5,1.6,0,0,0,0,0,0,0,353,100,22,96
ALT,2007,5,6,0,9.1,96.8,11.2,8.6,7.33,8.8,27.6,0.4,961,180,0.2,0.8,0,0,0,0,0,0,0,353,100,23,96
ALT,2007,5,6,1,9.2,96.5,11.3,8.7,7.4,8.9,27.9,0,961.2,315,0.6,2.2,0,0,0,0,0,0,0,353,100,23,96
ALT,2007,5,6,2,9.3,96.7,11.3,8.8,7.4,9,28,0.2,961.6,360,0.4,1.2,0,0,0,0,0,0,0,353,100,23,96
ALT,2007,5,6,3,9.3,96.3,11.3,8.7,7.39,9,28,1,961.8,0,0.5,1.4,0,0,0,0,0,0,0,353,100,23,96
ALT,2007,5,6,4,9.3,96.4,11.3,8.8,7.39,9,28,0.6,962.2,333,0.3,1.3,2,0,2,1,1,1,1,353,100,23,96
ALT,2007,5,6,5,9.4,95.8,11.3,8.8,7.39,9.1,28,1.4,962.7,81,0.6,2.3,24,0,24,13,13,13,12,354,100,23,96
ALT,2007,5,6,6,9.6,94.9,11.4,8.8,7.45,9.2,28.4,1.1,963.1,315,0.8,4.1,49,0,49,27,26,26,25,354,100,23,96
ALT,2007,5,6,7,9.9,95.3,11.6,9.2,7.58,9.5,29,2.3,963.6,340,1.3,4.1,62,0,62,34,33,32,31,356,100,23,96
ALT,2007,5,6,8,10.2,95.1,11.8,9.5,7.71,9.8,29.7,1.6,964.2,319,2.2,4.9,92,0,92,50,49,48,46,358,100,23,96
ALT,2007,5,6,9,10.5,92.2,11.7,9.3,7.63,9.8,29.8,1,964.9,303,2,3.8,53,0,53,29,28,28,27,360,100,23,96
ALT,2007,5,6,10,10.6,92.2,11.8,9.4,7.7,9.9,30,0.6,965.3,325,2.1,4,42,0,42,23,22,22,21,362,100,23,96
ALT,2007,5,6,11,10.9,92,12,9.7,7.83,10.2,30.7,0.6,965.4,322,1.1,2.6,43,0,43,24,23,22,22,363,100,23,96
ALT,2007,5,6,12,11.3,87.2,11.6,9.3,7.56,10.2,30.4,0,965.4,333,0.5,2.2,44,0,44,24,23,23,22,364,100,23,96
ALT,2007,5,6,13,12.1,84.6,11.9,9.6,7.77,10.7,31.8,0,965.1,175,2.2,6.3,41,0,41,22,22,21,20,364,100,23,96
ALT,2007,5,6,14,13.1,79.2,11.9,9.6,7.77,11.1,32.8,0,964.8,175,3.4,6.8,91,0,91,50,48,47,45,364,100,23,96
ALT,2007,5,6,15,12.5,79,11.5,9,7.5,10.6,31.5,0,965.4,187,1.8,4.2,41,0,41,22,22,21,20,364,100,23,96
ALT,2007,5,6,16,12.3,87.1,12.5,10.2,8.16,11.1,32.9,0.1,965.7,180,1.4,3,37,0,37,20,20,19,19,363,100,23,96
ALT,2007,5,6,17,12.2,87.5,12.5,10.2,8.16,11.1,32.8,0,965.9,175,2.5,4.7,34,0,34,19,18,18,17,363,94,23,96
ALT,2007,5,6,18,11.7,87,11.9,9.6,7.76,10.5,31.3,0,966.1,157,3.6,6.2,4,0,4,2,2,2,2,362,59,23,96
ALT,2007,5,6,19,10.7,89.6,11.6,9.1,7.55,9.8,29.8,0,966.7,162,2.1,5.2,0,0,0,0,0,0,0,348,59,23,96
ALT,2007,5,6,20,10.1,91.3,11.2,8.7,7.29,9.3,28.5,0,967,135,1.9,3,0,0,0,0,0,0,0,353,78,23,96
ALT,2007,5,6,21,9.2,93.1,10.8,8.1,7.02,8.6,26.9,0,967.4,163,1.4,2.9,0,0,0,0,0,0,0,351,71,23,96
ALT,2007,5,6,22,8.7,94.2,10.6,7.8,6.89,8.2,26.1,0,967.6,132,1.2,2.5,0,0,0,0,0,0,0,333,50,23,96
ALT,2007,5,6,23,8.7,94.2,10.6,7.8,6.89,8.2,26.1,0,967.5,151,2,3.6,0,0,0,0,0,0,0,347,75,23,96
ALT,2007,5,7,0,8.5,93.6,10.4,7.5,6.76,8,25.5,0,967.5,157,1.5,3.2,0,0,0,0,0,0,0,333,40,25,96
ALT,2007,5,7,1,7.8,95.1,10,7.1,6.5,7.4,24.2,0,967.5,158,1.1,2.9,0,0,0,0,0,0,0,316,25,25,96
ALT,2007,5,7,2,7.4,95.7,9.9,6.8,6.43,7.1,23.6,0,967.5,145,1.3,2.5,0,0,0,0,0,0,0,314,38,25,96
ALT,2007,5,7,3,7.7,95,10,7,6.5,7.3,24.1,0,967.6,153,1.3,2.9,0,0,0,0,0,0,0,307,26,25,96
ALT,2007,5,7,4,7.8,94.3,10,6.9,6.49,7.3,24.2,0,967.7,155,1.4,2.2,23,0,23,15,14,14,14,291,45,25,96
ALT,2007,5,7,5,8.6,91.4,10.2,7.3,6.62,7.9,25.3,0,968.1,155,1.7,3.1,80,9,77,46,51,42,40,343,94,25,96
ALT,2007,5,7,6,9.9,85.7,10.4,7.6,6.75,8.7,27,0,968.2,175,1.3,4.7,149,14,143,80,92,78,73,350,100,25,96
ALT,2007,5,7,7,11,83.6,11,8.3,7.14,9.5,29.1,0,968.6,338,0.5,2.1,260,60,225,125,181,146,116,353,100,25,96
ALT,2007,5,7,8,11.8,79.8,11.1,8.4,7.21,10,30,0,968.7,315,0.7,2.2,232,3,230,128,127,124,118,356,100,25,96
ALT,2007,5,7,9,12.6,74.7,10.9,8.2,7.08,10.2,30.5,0,968.6,297,0.5,1.6,255,6,251,140,140,137,129,360,100,25,96
ALT,2007,5,7,10,13.9,66.5,10.5,7.8,6.82,10.6,31.2,0,968.3,292,0.7,2.1,692,470,289,188,336,497,186,363,88,25,96
ALT,2007,5,7,11,15.5,58.3,10.3,7.4,6.69,11.1,32.5,0,967.4,336,1,3.2,898,795,213,167,210,696,315,366,100,25,96
ALT,2007,5,7,12,16.8,56.1,10.7,8,6.96,11.9,34.5,0,967.4,325,2.8,5.3,623,304,368,205,202,437,370,368,100,25,96
ALT,2007,5,7,13,17,55.2,10.7,8,6.96,12,34.7,0,967.3,322,2.8,6.4,338,55,296,164,160,196,197,368,100,25,96
ALT,2007,5,7,14,16.6,59,11.1,8.6,7.22,12.1,35,0,967,315,4.1,7.4,118,0,118,66,64,63,60,369,100,25,96
ALT,2007,5,7,15,16.3,59.8,11.1,8.5,7.22,11.9,34.7,0,966.7,351,1.6,2.9,181,13,174,97,94,98,103,369,100,25,96
ALT,2007,5,7,16,16,62.9,11.4,8.9,7.42,12,34.9,0,966.4,336,1.1,2.6,88,1,87,49,47,47,46,370,100,25,96
ALT,2007,5,7,17,15.3,70.2,12.2,9.9,7.96,12.2,35.5,0,966.1,284,0.5,1.7,21,0,21,12,11,11,11,370,100,25,96
ALT,2007,5,7,18,14.3,77.5,12.6,10.4,8.22,12.1,35.1,0,966.3,180,0.3,1.3,0,0,0,0,0,0,0,370,100,25,96
ALT,2007,5,7,19,13.7,78.1,12.2,10,7.95,11.6,33.8,0,967,153,0.7,2.8,0,0,0,0,0,0,0,369,100,25,96
ALT,2007,5,7,20,12.8,83.4,12.3,10.1,8.01,11.3,33.1,0,967.2,149,1.3,3.3,0,0,0,0,0,0,0,368,100,25,96
ALT,2007,5,7,21,12.2,84.8,12,9.7,7.81,10.8,32,0,967.3,141,0.7,2.1,0,0,0,0,0,0,0,366,100,25,96
ALT,2007,5,7,22,12.1,85.1,12,9.7,7.81,10.8,31.9,0,967.1,146,1,2.9,0,0,0,0,0,0,0,365,100,25,96
ALT,2007,5,7,23,11.5,89.5,12.2,9.8,7.95,10.6,31.6,0,967,153,0.9,3.3,0,0,0,0,0,0,0,364,100,25,96
ALT,2007,5,8,0,11.9,86.9,12.1,9.8,7.89,10.7,31.9,0,966.2,156,1.3,4,0,0,0,0,0,0,0,364,100,24,96
ALT,2007,5,8,1,11.6,87.7,12,9.6,7.83,10.5,31.4,0,965.8,90,1,4.3,0,0,0,0,0,0,0,363,94,24,96
ALT,2007,5,8,2,11.9,84.7,11.8,9.4,7.69,10.5,31.4,0,966,146,1.1,2.2,0,0,0,0,0,0,0,363,100,24,96
ALT,2007,5,8,3,11.2,90.8,12.1,9.8,7.89,10.4,31.1,0,966.3,149,0.7,2.5,0,0,0,0,0,0,0,363,100,24,96
ALT,2007,5,8,4,11.3,92,12.3,10,8.02,10.6,31.6,0.1,966.2,162,1,3.1,20,0,20,11,11,11,10,363,94,24,96
ALT,2007,5,8,5,11.8,90.6,12.5,10.3,8.15,11,32.4,0.2,967,167,1.4,4.2,91,30,82,52,76,44,42,363,100,24,96
ALT,2007,5,8,6,12.2,89.4,12.8,10.5,8.34,11.2,33.3,0,967.2,198,0.8,2.3,145,33,132,77,106,71,67,361,88,24,96
ALT,2007,5,8,7,13.3,85.6,13.1,10.9,8.54,11.9,34.9,0.1,967.3,153,0.8,2.2,199,9,194,107,113,105,98,366,100,24,96
ALT,2007,5,8,8,14.6,81.7,13.6,11.5,8.87,12.8,37.1,0,967.4,148,1.5,6.1,301,50,265,145,186,171,134,369,94,24,96
ALT,2007,5,8,9,16.7,67.1,12.7,10.6,8.28,13.1,37.7,0,967.1,178,2.6,5.4,565,292,334,187,388,378,179,363,71,24,96
ALT,2007,5,8,10,18.6,52.7,11.3,8.8,7.36,13,37.4,0,966.6,294,2.7,7,796,612,273,177,399,591,179,361,61,24,96
ALT,2007,5,8,11,19.8,44.6,10.3,7.4,6.71,12.8,36.9,0,965.1,291,2,5,851,712,235,165,205,647,310,349,48,24,96
ALT,2007,5,8,12,20.1,45,10.5,7.8,6.84,13.1,37.6,0,965.1,316,5.4,9.7,514,143,393,214,209,323,287,364,81,24,96
ALT,2007,5,8,13,18.6,57.6,12.4,10.1,8.09,13.6,39.2,0,965.4,317,8.1,14.2,504,315,265,152,151,338,380,365,88,24,96
ALT,2007,5,8,14,18.4,59.2,12.5,10.3,8.17,13.7,39.2,0,964.7,315,4,9.7,405,187,279,154,150,248,315,373,94,24,96
ALT,2007,5,8,15,18.6,56.7,12.1,9.8,7.9,13.5,38.7,0,964.3,352,2,6.2,223,48,199,110,106,119,152,377,100,24,96
ALT,2007,5,8,16,18.5,55.2,11.8,9.4,7.7,13.3,38.1,0,964.6,162,1.1,4,94,0,94,53,51,51,49,377,100,24,96
ALT,2007,5,8,17,18.2,58.4,12.2,9.9,7.97,13.4,38.5,0,964.7,143,1.5,4.1,38,0,38,21,21,20,20,378,100,24,96
ALT,2007,5,8,18,17.6,58.2,11.6,9.3,7.56,12.9,36.9,0,965.8,319,2.7,13.6,3,0,3,2,2,2,2,377,100,24,96
ALT,2007,5,8,19,14.8,78.1,13.2,11,8.6,12.6,36.6,1.1,967.7,290,3.8,9.9,0,0,0,0,0,0,0,376,100,24,96
ALT,2007,5,8,20,13.8,89.4,14.1,12.1,9.19,12.8,37.1,1.2,968.1,149,2.6,4.5,0,0,0,0,0,0,0,374,100,24,96
ALT,2007,5,8,21,13.1,94.2,14.2,12.2,9.26,12.6,36.6,1.3,967.7,172,1.5,4.7,0,0,0,0,0,0,0,372,100,24,96
ALT,2007,5,8,22,13,95.5,14.3,12.3,9.33,12.6,36.6,0.2,967.3,326,1,3,0,0,0,0,0,0,0,370,100,24,96
ALT,2007,5,8,23,12.7,95.7,14,12,9.14,12.3,35.8,0.1,966.6,288,0.7,3.4,0,0,0,0,0,0,0,351,88,24,96
ALT,2007,5,9,0,12.4,96.6,13.9,11.9,9.08,12.1,35.4,0,966.4,326,0.8,2.6,0,0,0,0,0,0,0,361,84,24,96
ALT,2007,5,9,1,12.4,95.6,13.8,11.7,9.01,12,35.2,0,966.5,180,0.7,3.3,0,0,0,0,0,0,0,358,88,24,96
ALT,2007,5,9,2,12.5,94,13.6,11.6,8.88,12,35,0.1,966.1,155,1.5,4.7,0,0,0,0,0,0,0,368,100,24,96
ALT,2007,5,9,3,11.9,95.2,13.3,11.2,8.68,11.5,33.9,0,966,143,0.8,3.3,0,0,0,0,0,0,0,348,81,24,96
ALT,2007,5,9,4,12,93.4,13.1,11,8.55,11.4,33.6,0,965.9,140,1.1,3.8,23,0,23,14,13,13,13,336,59,24,96
ALT,2007,5,9,5,12.8,90.3,13.3,11.3,8.68,11.9,34.8,0,966.1,133,1.8,3.6,118,81,94,71,137,52,50,339,58,24,96
ALT,2007,5,9,6,16.6,66.3,12.5,10.3,8.15,13,37.3,0,966,309,1.8,7,345,504,128,104,585,129,81,344,40,24,96
ALT,2007,5,9,7,18.4,54,11.4,8.9,7.43,13,37.3,0,966.2,341,5.5,13.6,552,713,144,104,756,315,109,368,41,24,96
ALT,2007,5,9,8,18.9,50.6,11.1,8.4,7.22,12.9,37.3,0,966.7,345,7.7,15.9,495,307,285,161,429,312,155,373,71,24,96
ALT,2007,5,9,9,19.8,46.6,10.7,8,6.96,13.1,37.6,0,967,347,7.4,15.4,527,187,377,205,339,338,194,375,75,24,96
ALT,2007,5,9,10,20.5,43.6,10.5,7.7,6.83,13.3,37.9,0,967.3,352,7.2,15.8,451,159,314,173,239,293,164,377,84,24,96
ALT,2007,5,9,11,21.5,41.4,10.6,7.8,6.9,13.7,39.1,0,966.7,345,6.8,12.7,544,153,412,225,227,345,265,370,71,24,96
ALT,2007,5,9,12,21.7,42.3,11,8.3,7.16,14,40,0,967.1,348,7,15.3,507,169,365,200,196,324,292,370,84,24,96
ALT,2007,5,9,13,21,43.4,10.8,8.1,7.03,13.6,39,0,967,350,7.3,14.9,619,408,306,174,173,425,474,378,75,24,96
ALT,2007,5,9,14,20.5,47.3,11.4,8.9,7.42,13.8,39.5,0,966.8,347,6.9,14,459,267,286,157,155,284,402,368,81,24,96
ALT,2007,5,9,15,19.8,48.8,11.2,8.7,7.29,13.4,38.4,0,966.7,344,6.7,13.1,356,253,226,123,121,197,380,375,100,24,96
ALT,2007,5,9,16,18.6,52.8,11.3,8.8,7.35,13,37.3,0,967.1,332,8.2,13.4,124,10,120,79,78,78,85,374,94,24,96
ALT,2007,5,9,17,17.6,53.9,10.9,8.2,7.09,12.3,35.6,0,967.7,327,8.6,14.5,56,0,56,40,40,39,39,364,74,24,96
ALT,2007,5,9,18,16.2,58,10.7,7.9,6.95,11.6,33.9,0,968.3,316,5.2,9.4,10,0,10,6,6,6,6,363,45,24,96
ALT,2007,5,9,19,15.4,61.4,10.8,8,7.01,11.3,33.2,0,968.9,302,2.9,7.5,0,0,0,0,0,0,0,349,53,24,96
ALT,2007,5,9,20,15.9,60.2,10.8,8.2,7.01,11.6,33.7,0,969.1,339,2.3,5.6,0,0,0,0,0,0,0,346,45,24,96
ALT,2007,5,9,21,15.1,65.5,11.2,8.7,7.27,11.5,33.6,0,969.2,22,1.4,4.4,0,0,0,0,0,0,0,342,35,24,96
ALT,2007,5,9,22,14.3,67.8,11.1,8.4,7.21,11,32.6,0,969.3,114,1.8,4.1,0,0,0,0,0,0,0,317,23,24,96
ALT,2007,5,9,23,13.9,70.7,11.2,8.7,7.27,11,32.3,0,969.3,132,1.4,2.5,0,0,0,0,0,0,0,296,23,24,96
ALT,2007,5,10,0,12.7,76,11.2,8.6,7.27,10.5,31.1,0,969.3,137,2,3.2,0,0,0,0,0,0,0,315,36,20,96
ALT,2007,5,10,1,11.3,81.4,10.9,8.2,7.07,9.6,29.2,0,969.4,139,1,1.8,0,0,0,0,0,0,0,292,19,20,96
ALT,2007,5,10,2,11.2,81.1,10.8,8.1,7.01,9.5,28.9,0,969.4,151,2.3,3.9,0,0,0,0,0,0,0,285,6,20,96
ALT,2007,5,10,3,10.7,80.6,10.4,7.5,6.75,9,27.8,0,969.1,163,3.2,4.8,0,0,0,0,0,0,0,291,0,20,96
ALT,2007,5,10,4,10.8,77.2,10,7,6.49,8.8,27.2,0,968.5,152,3.6,6.3,24,0,24,16,15,15,15,316,33,20,96
ALT,2007,5,10,5,11.3,72.2,9.7,6.5,6.29,8.8,27.2,0,968.5,146,2.4,5.5,205,484,81,157,537,44,44,299,25,20,96
ALT,2007,5,10,6,12.5,64.7,9.4,6,6.1,9.1,27.9,0,968.4,160,1.2,3.5,391,668,107,104,729,119,69,297,25,20,96
ALT,2007,5,10,7,14.7,57.4,9.6,6.4,6.23,10.3,30.5,0,967.9,45,0.8,2.7,568,764,129,89,777,302,93,284,6,20,96
ALT,2007,5,10,8,16.9,52.7,10.1,7.2,6.56,11.6,33.6,0,967.2,342,1.2,3,730,845,135,107,734,461,113,291,0,20,96
ALT,2007,5,10,9,18.4,46.4,9.8,6.7,6.37,12,34.7,0,966.6,338,1.9,4.4,846,873,148,121,601,586,129,283,0,20,96
ALT,2007,5,10,10,19.1,44.1,9.8,6.6,6.38,12.2,35.4,0,965.8,327,2.4,4.7,921,906,146,129,412,663,138,293,6,20,96
ALT,2007,5,10,11,20.9,39.3,9.7,6.6,6.32,12.9,37.1,0,965,333,3.3,7.9,934,897,154,132,170,679,275,310,13,20,96
ALT,2007,5,10,12,23.5,32.5,9.4,6.1,6.12,13.7,39.2,0,964.2,319,4.8,8.9,886,860,165,129,132,634,498,327,19,20,96
ALT,2007,5,10,13,24,32.6,9.7,6.6,6.32,14.1,40.2,0,963.8,320,7.5,12.8,791,814,166,120,122,536,648,340,51,20,96
ALT,2007,5,10,14,22.8,36.4,10.1,7.1,6.59,13.9,39.7,0,963.3,302,7.1,10.9,599,577,220,120,120,373,628,365,75,20,96
ALT,2007,5,10,15,23,35.3,9.9,6.9,6.46,13.9,39.6,0,962.7,291,3.9,8,427,470,189,101,101,213,568,356,63,20,96
ALT,2007,5,10,16,22.1,38,10.1,7.1,6.6,13.6,39,0,962.1,288,1.9,4.3,138,176,65,60,61,77,237,328,36,20,96
ALT,2007,5,10,17,20.6,40.9,9.9,6.9,6.47,12.9,37.1,0,961.8,331,1.4,3.6,45,0,45,34,34,34,33,347,48,20,96
ALT,2007,5,10,18,19.9,41.4,9.6,6.4,6.27,12.5,35.9,0,961.9,145,1.6,4.5,10,0,10,6,5,5,5,350,38,20,96
ALT,2007,5,10,19,18.1,45.9,9.5,6.3,6.2,11.7,33.9,0,962.3,151,3.6,5.8,0,0,0,0,0,0,0,350,50,20,96
ALT,2007,5,10,20,17.3,45.5,9,5.4,5.87,11,32.3,0,962.1,140,2.5,5.2,0,0,0,0,0,0,0,360,100,20,96
ALT,2007,5,10,21,16,48.7,8.8,5.2,5.74,10.3,30.6,0,961.8,137,2.1,4.9,0,0,0,0,0,0,0,356,94,20,96
ALT,2007,5,10,22,15.1,52.8,9,5.5,5.88,10.1,30,0,961.4,157,1.4,4.1,0,0,0,0,0,0,0,317,40,20,96
ALT,2007,5,10,23,14.2,54.4,8.8,5.1,5.75,9.5,28.8,0,960.7,168,1.6,2.8,0,0,0,0,0,0,0,287,0,20,96
ALT,2007,5,11,0,13.9,58.2,9.2,5.8,6.02,9.7,29.2,0,960.2,149,1.3,3.4,0,0,0,0,0,0,0,306,0,19,96
ALT,2007,5,11,1,12.3,60.8,8.6,5,5.62,8.6,26.6,0,959.7,151,1.3,3.7,0,0,0,0,0,0,0,317,21,19,96
ALT,2007,5,11,2,12.9,56.6,8.4,4.5,5.5,8.7,26.8,0,959,153,1,4.8,0,0,0,0,0,0,0,350,94,19,96
ALT,2007,5,11,3,13.6,53.7,8.3,4.4,5.44,8.9,27.4,0,958.1,148,1.6,7.1,0,0,0,0,0,0,0,346,70,19,96
ALT,2007,5,11,4,13.3,55.8,8.5,4.7,5.56,8.9,27.4,0,959.6,79,1.1,4.4,9,0,9,4,4,4,4,363,100,19,96
ALT,2007,5,11,5,17.5,44.5,8.9,5.3,5.82,11,32.3,0,960,230,4.2,17.5,85,92,63,56,126,31,30,357,88,19,96
ALT,2007,5,11,6,17.3,50.3,9.9,6.9,6.48,11.6,33.8,0,960.2,169,4.2,9.8,167,61,139,73,134,80,65,356,88,19,96
ALT,2007,5,11,7,20,35.2,8.2,4.2,5.36,11.6,33.7,0,959.7,172,9.4,19.1,446,388,221,112,487,245,108,366,75,19,96
ALT,2007,5,11,8,20.9,33.7,8.4,4.3,5.49,12,35,0,959.8,158,8.6,16.3,288,83,233,119,193,156,110,369,94,19,96
ALT,2007,5,11,9,18.7,52.7,11.4,8.8,7.47,13.1,37.8,0,960.2,300,7.2,12.8,452,208,285,144,284,280,135,376,94,19,96
ALT,2007,5,11,10,19.2,55.3,12.3,10,8.07,13.8,39.8,0,960.4,304,8.3,12.6,412,105,323,165,216,239,152,379,100,19,96
ALT,2007,5,11,11,18.9,55.1,12,9.7,7.87,13.6,39,0,960.4,313,7.8,13.4,200,10,191,99,95,102,93,382,100,19,96
ALT,2007,5,11,12,19,57,12.5,10.3,8.2,13.9,39.9,0,960.8,325,6.2,10.6,114,0,114,59,57,56,54,384,100,19,96
ALT,2007,5,11,13,18.9,57.9,12.7,10.4,8.33,13.9,40.1,0,960.7,315,3.8,9.6,191,37,164,84,82,103,110,379,94,19,96
ALT,2007,5,11,14,20.6,51.9,12.6,10.4,8.27,14.6,41.7,0,960.1,305,2.1,4.7,300,108,225,114,111,170,205,378,94,19,96
ALT,2007,5,11,15,19.2,54.5,12.1,9.8,7.94,13.7,39.4,0,959.9,326,2,4.5,52,0,52,27,26,26,25,381,100,19,96
ALT,2007,5,11,16,18.4,63.6,13.5,11.4,8.87,14.2,41,0,959.8,270,0.5,2,31,0,31,16,16,15,15,380,100,19,96
ALT,2007,5,11,17,17.4,67.9,13.5,11.4,8.87,13.8,40,0.2,960.4,270,0.8,2.9,41,0,41,21,20,20,19,379,100,19,96
ALT,2007,5,11,18,16,78.1,14.1,12.2,9.26,13.7,39.5,0.6,961.1,135,1.5,4,5,0,5,3,2,2,2,378,100,19,96
ALT,2007,5,11,19,14.9,78.5,13.3,11.2,8.72,12.7,37,0,962,287,1.9,5,0,0,0,0,0,0,0,371,88,19,96
ALT,2007,5,11,20,14.7,81.6,13.6,11.6,8.92,12.9,37.3,0,962.2,140,1.7,3.2,0,0,0,0,0,0,0,365,81,19,96
ALT,2007,5,11,21,13.7,87,13.6,11.6,8.92,12.5,36.3,0,962.4,207,0.7,3.3,0,0,0,0,0,0,0,351,48,19,96
ALT,2007,5,11,22,13.1,89.1,13.4,11.3,8.78,12.1,35.3,0,962.2,157,1,2.5,0,0,0,0,0,0,0,347,41,19,96
ALT,2007,5,11,23,12.7,86.4,12.7,10.5,8.32,11.4,33.8,0,961.8,129,0.8,2.4,0,0,0,0,0,0,0,357,71,19,96
ALT,2007,5,12,0,12.7,88.6,13,10.9,8.53,11.7,34.3,0,961.3,153,2,3.7,0,0,0,0,0,0,0,352,88,18,96
ALT,2007,5,12,1,12.6,89.8,13.1,11,8.59,11.7,34.3,0,961.6,214,1.3,4,0,0,0,0,0,0,0,347,81,18,96
ALT,2007,5,12,2,12.7,90,13.2,11.1,8.66,11.8,34.6,0.4,961.5,160,1.6,3.9,0,0,0,0,0,0,0,351,84,18,96
ALT,2007,5,12,3,12.6,92.8,13.5,11.5,8.85,12,35,1.3,962.3,63,2,4.2,0,0,0,0,0,0,0,365,100,18,96
ALT,2007,5,12,4,12.8,91.9,13.6,11.5,8.92,12,35.4,0.4,962.3,166,3.7,6.5,4,0,4,2,2,2,2,366,100,18,96
ALT,2007,5,12,5,13,91.2,13.7,11.6,8.98,12.2,35.7,0,962.9,158,1.7,5.6,68,7,67,36,40,32,31,360,100,18,96
ALT,2007,5,12,6,13.4,90.5,13.9,11.9,9.11,12.5,36.5,0.1,962.9,148,1.4,4.4,321,372,156,98,455,121,75,354,75,18,96
ALT,2007,5,12,7,14,88.8,14.2,12.2,9.31,12.9,37.6,0,962.5,172,0.9,2.8,445,479,180,97,544,217,95,357,74,18,96
ALT,2007,5,12,8,14.9,84.2,14.3,12.3,9.38,13.4,38.7,0,963,333,1.6,4,564,494,206,111,488,347,109,370,78,18,96
ALT,2007,5,12,9,17.3,71,14,12,9.18,14.1,40.6,0,962.9,169,0.8,3.8,656,433,312,156,449,420,150,361,65,18,96
ALT,2007,5,12,10,19,60.4,13.2,11.2,8.65,14.4,41,0,962.3,210,1.6,4.2,910,891,143,113,389,630,120,351,38,18,96
ALT,2007,5,12,11,21.6,49.5,12.8,10.6,8.39,15,43,0,961.6,315,4.3,8.3,918,868,159,117,156,644,257,353,29,18,96
ALT,2007,5,12,12,22.1,45,11.9,9.6,7.79,14.7,42,0,961.6,319,6.1,9.3,768,603,258,142,142,518,416,359,61,18,96
ALT,2007,5,12,13,22.4,47.9,13,10.8,8.52,15.4,44.2,0,961.6,319,5.6,9.6,688,565,249,132,132,445,515,356,59,18,96
ALT,2007,5,12,14,21.9,47.9,12.6,10.4,8.26,15,43,0,961.5,321,6.7,10.4,592,618,191,107,106,335,631,338,48,18,96
ALT,2007,5,12,15,21.6,50.1,12.9,10.8,8.46,15.1,43.2,0,961.6,308,5.6,8.7,496,737,111,70,71,213,760,306,6,18,96
ALT,2007,5,12,16,20,54.5,12.8,10.6,8.39,14.4,41.4,0,961.7,299,4.8,8.1,133,172,60,68,53,53,224,306,0,18,96
ALT,2007,5,12,17,19.2,54.2,12.1,9.7,7.92,13.7,39.4,0,962,293,2.9,7.8,42,0,42,32,31,31,31,316,13,18,96
ALT,2007,5,12,18,18.4,57.6,12.2,9.9,7.99,13.5,38.7,0,962.5,153,1,2.7,10,0,10,6,5,5,5,327,16,18,96
ALT,2007,5,12,19,16.8,64.4,12.3,10.1,8.05,12.9,37.3,0,963.2,141,3.2,5.4,0,0,0,0,0,0,0,321,0,18,96
ALT,2007,5,12,20,15.9,68.2,12.3,10.1,8.04,12.6,36.3,0,963.5,139,2.4,5.1,0,0,0,0,0,0,0,301,0,18,96
ALT,2007,5,12,21,15.1,69.6,11.9,9.6,7.78,12,34.9,0,963,146,2.2,3.9,0,0,0,0,0,0,0,298,0,18,96
ALT,2007,5,12,22,13.5,76.2,11.8,9.4,7.72,11.2,33.1,0,962.5,158,0.6,2.2,0,0,0,0,0,0,0,296,0,18,96
ALT,2007,5,12,23,12.6,80.5,11.7,9.3,7.65,10.8,32,0,962.5,326,0.6,2.3,0,0,0,0,0,0,0,293,0,18,96
ALT,2007,5,13,0,12,82.1,11.5,9,7.52,10.4,31,0,962.3,153,0.9,2.9,0,0,0,0,0,0,0,314,16,18,96
ALT,2007,5,13,1,12.2,80,11.4,8.9,7.46,10.4,31.1,0,962,153,2,3.2,0,0,0,0,0,0,0,340,68,18,96
ALT,2007,5,13,2,11.2,84.3,11.2,8.7,7.33,9.8,29.7,0,961.4,150,1.4,3.1,0,0,0,0,0,0,0,329,59,18,96
ALT,2007,5,13,3,10.3,86.9,10.9,8.2,7.14,9.2,28.3,0,960.8,151,1.1,2.5,0,0,0,0,0,0,0,335,63,18,96
ALT,2007,5,13,4,9.8,88.3,10.7,8,7.01,8.8,27.5,0,960.1,146,0.4,2.9,25,0,25,16,16,16,15,323,29,18,96
ALT,2007,5,13,5,10.2,87.8,10.9,8.3,7.14,9.2,28.2,0,959.9,45,0.4,2.8,203,457,83,155,507,43,42,338,33,18,96
ALT,2007,5,13,6,12.4,82.5,11.8,9.5,7.75,10.8,32,0,959.4,45,0.3,2.4,383,641,106,101,695,108,64,340,25,18,96
ALT,2007,5,13,7,15.3,73.8,12.8,10.7,8.42,12.6,36.7,0,958.5,343,1.2,5.9,546,692,144,86,716,278,88,356,41,18,96
ALT,2007,5,13,8,21.4,45.2,11.1,9.1,7.29,14.2,40,0,958,149,6.4,16.7,654,635,194,116,590,399,117,362,48,18,96
ALT,2007,5,13,9,23.8,33.3,9.8,6.7,6.43,14.1,40.3,0,957.8,146,10.4,19.9,733,626,233,135,514,479,135,370,48,18,96
ALT,2007,5,13,10,25.1,31.3,10,6.9,6.57,14.6,42,0,957.4,147,10.7,22.5,792,585,288,148,396,555,147,383,59,18,96
ALT,2007,5,13,11,26.1,29.2,9.9,6.8,6.5,14.9,42.8,0,957.2,152,10.9,20.1,819,628,270,147,186,573,283,378,48,18,96
ALT,2007,5,13,12,25.9,30.9,10.4,7.4,6.83,15.1,43.5,0,957.5,157,12.2,22.8,880,864,149,116,119,602,473,375,48,18,96
ALT,2007,5,13,13,25.9,30.9,10.3,7.4,6.76,15.1,43.3,0,957.8,170,12.1,23.7,456,149,339,169,164,265,273,393,94,18,96
ALT,2007,5,13,14,25.1,31.8,10.2,7.2,6.7,14.8,42.3,0,957.7,165,11.2,18.8,314,77,266,135,131,163,200,392,100,18,96
ALT,2007,5,13,15,25,32.5,10.3,7.4,6.76,14.8,42.4,0,957.4,159,11.2,19.8,349,292,189,96,95,177,379,382,81,18,96
ALT,2007,5,13,16,24.3,33.6,10.2,7.3,6.7,14.5,41.5,0,957,156,11.2,22.8,102,0,102,58,57,56,54,390,88,18,96
ALT,2007,5,13,17,23.5,35.5,10.3,7.4,6.76,14.3,40.8,0,957.4,155,11,21,47,0,47,24,24,23,22,389,100,18,96
ALT,2007,5,13,18,23.1,36.2,10.2,7.3,6.69,14.1,40.3,0,958.1,158,10,17.2,2,0,2,1,1,1,1,388,100,18,96
ALT,2007,5,13,19,22.5,38,10.3,7.5,6.76,13.9,39.8,0,958.5,162,10,16.8,0,0,0,0,0,0,0,381,94,18,96
ALT,2007,5,13,20,22.5,37.5,10.2,7.3,6.69,13.8,39.6,0,958.3,159,9.1,17.8,0,0,0,0,0,0,0,379,94,18,96
ALT,2007,5,13,21,22.5,36.7,10,7,6.56,13.7,39.3,0,958.8,143,7.9,18,0,0,0,0,0,0,0,381,100,18,96
ALT,2007,5,13,22,22.8,36.4,10.1,7.1,6.62,13.9,39.8,0,958.9,142,7.8,16.4,0,0,0,0,0,0,0,360,71,18,96
ALT,2007,5,13,23,22.7,36.3,10,7,6.56,13.8,39.5,0,958.4,139,7.6,15.6,0,0,0,0,0,0,0,353,78,18,96
ALT,2007,5,14,0,22.7,34.7,9.6,6.3,6.29,13.5,38.8,0,958.2,140,8.6,19.4,0,0,0,0,0,0,0,369,94,19,96
ALT,2007,5,14,1,22.6,33.9,9.3,5.9,6.1,13.3,38.2,0,958,140,7.7,15,0,0,0,0,0,0,0,368,94,19,96
ALT,2007,5,14,2,20.9,42.7,10.3,7.8,6.76,13.5,38.2,0,958.2,140,5.6,13.1,0,0,0,0,0,0,0,375,94,19,96
ALT,2007,5,14,3,17.2,65.9,12.9,10.8,8.49,13.4,38.8,0,958.4,307,7.1,10.7,0,0,0,0,0,0,0,351,48,19,96
ALT,2007,5,14,4,16.6,68.4,12.9,10.8,8.48,13.2,38.2,0,959.1,303,7.2,10.9,16,0,16,8,8,8,7,362,81,19,96
ALT,2007,5,14,5,16.8,67.8,13,10.8,8.54,13.3,38.5,0,959.4,323,4.5,10.2,157,195,101,102,253,50,49,359,61,19,96
ALT,2007,5,14,6,17.4,66.4,13.1,11.1,8.62,13.7,39.3,0,958.9,13,1.1,4.6,300,294,172,110,392,115,82,368,64,19,96
ALT,2007,5,14,7,17.9,65.4,13.4,11.3,8.82,14,40.4,0,958.3,256,1.3,3.4,359,313,185,96,401,184,92,377,84,19,96
ALT,2007,5,14,8,18.7,67.7,14.6,12.6,9.63,15,43.2,0,957.7,326,2.4,6.6,272,23,256,133,150,138,121,378,100,19,96
ALT,2007,5,14,9,19.5,60.6,13.8,11.7,9.1,14.8,42.7,0,956.8,316,5.1,9.6,135,0,135,71,68,67,64,380,100,19,96
ALT,2007,5,14,10,18.8,63.3,13.7,11.7,9.04,14.5,41.8,0,956.4,307,8.5,13.1,286,13,275,143,144,146,130,382,100,19,96
ALT,2007,5,14,11,18.9,65.2,14.3,12.2,9.46,14.8,43,0,954.8,295,6.6,10.6,252,2,250,131,126,125,119,384,100,19,96
ALT,2007,5,14,12,20,62.1,14.5,12.5,9.6,15.4,44.5,0,953.9,300,5.4,8.8,241,4,238,124,120,120,115,384,100,19,96
ALT,2007,5,14,13,21.4,50.9,13,10.8,8.6,15.1,43.4,0,952.9,284,3.7,15.4,256,42,223,115,111,139,139,377,88,19,96
ALT,2007,5,14,14,20.1,46.2,10.8,8.2,7.13,13.3,38.3,0,953.3,161,8.2,17.8,93,0,93,49,47,46,44,378,100,19,96
ALT,2007,5,14,15,16.7,65,12.3,10.1,8.12,12.9,37.4,0.2,954.1,168,7.1,17.6,47,0,47,24,24,23,22,375,100,19,96
ALT,2007,5,14,16,16.1,67.6,12.3,10.1,8.12,12.6,36.7,0,954.9,252,5.8,11.6,61,0,61,38,37,37,36,372,100,19,96
ALT,2007,5,14,17,13.8,73.6,11.6,9.2,7.62,11.2,33.1,0.1,958.2,341,9.1,18.7,34,0,34,18,18,17,17,370,100,19,96
ALT,2007,5,14,18,11.5,82.6,11.2,8.6,7.35,9.9,30.1,1.7,959.3,327,9.2,18.1,1,0,1,0,0,0,0,367,100,19,96
ALT,2007,5,14,19,10.5,88.6,11.2,8.7,7.34,9.5,29,1.8,960.7,306,5.9,11.7,0,0,0,0,0,0,0,364,100,19,96
ALT,2007,5,14,20,10.3,85,10.6,7.9,6.93,9,27.8,0.7,961.9,332,5.9,11.9,0,0,0,0,0,0,0,361,100,19,96
ALT,2007,5,14,21,9.2,89.6,10.4,7.6,6.79,8.4,26.3,3.7,963.3,316,5.9,13.7,0,0,0,0,0,0,0,358,100,19,96
ALT,2007,5,14,22,8.6,90,10,7.1,6.52,7.8,25,2.7,964.3,288,2.9,5.7,0,0,0,0,0,0,0,356,100,19,96
ALT,2007,5,14,23,8.3,91.5,10.1,7,6.58,7.6,24.9,1.6,965,270,1.6,3.6,0,0,0,0,0,0,0,353,100,19,96
ALT,2007,5,15,0,8.2,93,10.1,7.1,6.58,7.6,24.8,2.5,964.5,153,1.8,4.4,0,0,0,0,0,0,0,351,100,19,96
ALT,2007,5,15,1,8.2,91,9.9,6.8,6.45,7.5,24.5,1,963.9,148,4.1,7.8,0,0,0,0,0,0,0,350,100,19,96
ALT,2007,5,15,2,8,87.9,9.4,6.1,6.13,7,23.4,0.7,963.8,161,4.9,9.5,0,0,0,0,0,0,0,349,100,19,96
ALT,2007,5,15,3,7.6,89.5,9.4,6,6.13,6.8,23,0.6,963.9,171,2.6,6,0,0,0,0,0,0,0,348,100,19,96
ALT,2007,5,15,4,7.6,91.5,9.5,6.3,6.19,6.9,23.2,2.4,963.8,163,1.5,3.3,13,0,13,7,7,7,6,347,100,19,96
ALT,2007,5,15,5,7.8,93.3,9.9,6.8,6.45,7.3,24.1,1.2,964.4,191,1,2.3,47,3,47,25,26,23,22,346,100,19,96
ALT,2007,5,15,6,8,94.2,10.1,7.1,6.58,7.5,24.6,1.2,965,297,0.7,1.8,82,0,82,43,41,41,39,345,100,19,96
ALT,2007,5,15,7,8.3,93.9,10.3,7.4,6.71,7.8,25.2,0.6,965.3,319,1.2,2.7,82,0,82,43,41,41,39,345,100,19,96
ALT,2007,5,15,8,9,92.4,10.6,7.8,6.91,8.4,26.4,0.4,965.4,328,1.7,4.2,130,0,130,68,66,64,62,346,100,19,96
ALT,2007,5,15,9,9.8,85.4,10.3,7.5,6.71,8.6,26.7,0.3,965.7,319,3.5,8.8,159,0,159,83,80,79,75,346,100,19,96
ALT,2007,5,15,10,9.9,79.9,9.7,6.6,6.31,8.2,25.8,0.2,965.9,283,3.1,6.7,169,0,169,89,86,84,80,347,100,19,96
ALT,2007,5,15,11,11.3,70.3,9.4,6.1,6.11,8.6,26.8,0,965.7,347,2.5,9.4,174,0,174,91,88,86,83,347,100,19,96
ALT,2007,5,15,12,11.4,63.9,8.6,4.8,5.59,8.1,25.5,0,965.7,335,4.1,11.2,184,0,184,96,93,91,87,347,100,19,96
ALT,2007,5,15,13,12,61.5,8.6,4.8,5.59,8.4,26.2,0,965.7,297,3.5,12.3,190,0,190,99,96,94,90,346,100,19,96
ALT,2007,5,15,14,11.2,65.6,8.7,5,5.65,8.1,25.5,0,966.3,330,7.3,14,192,9,186,97,94,96,97,345,100,19,96
ALT,2007,5,15,15,10.4,70.9,8.9,5.4,5.78,7.9,25,0,966.5,287,7.8,11.5,108,2,107,56,54,53,52,343,100,19,96
ALT,2007,5,15,16,10.2,70.3,8.7,5,5.65,7.6,24.5,0,967.3,288,7.8,12.1,72,0,72,40,39,38,36,342,100,19,96
ALT,2007,5,15,17,9.6,77.6,9.3,5.9,6.04,7.7,24.8,0.1,967.5,313,2.5,8.1,21,0,21,11,11,11,10,341,100,19,96
ALT,2007,5,15,18,9.3,76.7,9,5.4,5.84,7.3,24,0,967.8,349,1.1,3,6,0,6,3,3,3,3,340,100,19,96
ALT,2007,5,15,19,9,81.4,9.3,6,6.03,7.5,24.2,0,968,349,0.8,2.2,0,0,0,0,0,0,0,338,100,19,96
ALT,2007,5,15,20,8.5,81.9,9.1,5.6,5.9,7.1,23.4,0,968.2,270,0.7,2.2,0,0,0,0,0,0,0,331,94,19,96
ALT,2007,5,15,21,8.4,83.1,9.1,5.7,5.9,7.1,23.3,0,968.1,138,1.3,3,0,0,0,0,0,0,0,334,100,19,96
ALT,2007,5,15,22,8.1,86.5,9.3,6,6.03,7,23.3,0,968,156,1.2,2.6,0,0,0,0,0,0,0,333,100,19,96
ALT,2007,5,15,23,8.1,85.6,9.2,5.8,5.97,7,23.2,0,967.5,160,1.2,2.3,0,0,0,0,0,0,0,331,100,19,96
ALT,2007,5,16,0,7.8,87.1,9.2,5.8,5.98,6.8,22.9,0,966.9,151,1.1,2.4,0,0,0,0,0,0,0,319,100,20,96
ALT,2007,5,16,1,7.5,88.6,9.2,5.7,5.98,6.6,22.6,0,966.5,146,1.4,2.7,0,0,0,0,0,0,0,329,100,20,96
ALT,2007,5,16,2,7.2,87.6,8.9,5.3,5.78,6.3,21.8,0,966,148,1.3,2.4,0,0,0,0,0,0,0,324,90,20,96
ALT,2007,5,16,3,6.8,87.5,8.6,4.9,5.59,5.9,20.9,0,965.5,150,1.6,3.4,0,0,0,0,0,0,0,302,35,20,96
ALT,2007,5,16,4,6.3,86.4,8.3,4.2,5.4,5.3,19.9,0,965,157,1.5,2.8,29,0,29,20,19,19,19,305,43,20,96
ALT,2007,5,16,5,6.3,82.6,7.9,3.6,5.14,5,19.2,0,964.7,131,1.1,2.4,224,508,83,171,559,46,45,307,40,20,96
ALT,2007,5,16,6,8.3,71.5,7.8,3.5,5.07,6,21.1,0,964.5,45,0.4,1.8,408,679,111,113,738,113,70,285,6,20,96
ALT,2007,5,16,7,10,67.3,8.3,4.2,5.4,7.2,23.7,0,963.9,333,0.6,2.8,576,743,139,90,761,288,94,291,0,20,96
ALT,2007,5,16,8,12.5,59.9,8.7,4.9,5.67,8.6,26.9,0,963,347,1,3.5,744,849,136,106,733,444,112,301,19,20,96
ALT,2007,5,16,9,13.9,51,8.1,3.9,5.28,8.9,27.3,0,962.3,336,2.2,5.2,829,787,190,127,585,553,132,312,48,20,96
ALT,2007,5,16,10,15.6,46.5,8.2,4.2,5.35,9.7,29.2,0,961.8,332,4.5,7,816,592,302,159,422,571,159,336,71,20,96
ALT,2007,5,16,11,16.4,47.6,8.9,5.3,5.81,10.5,31.2,0,961.4,317,5.4,10,804,541,326,170,212,561,299,352,88,20,96
ALT,2007,5,16,12,17.2,46.2,9.1,5.6,5.95,11,32.4,0,960.9,316,7,10,673,335,387,192,189,441,388,355,100,20,96
ALT,2007,5,16,13,16.5,46,8.6,4.9,5.62,10.4,30.8,0,960.6,317,7.8,12.1,482,140,372,190,185,278,291,355,100,20,96
ALT,2007,5,16,14,16.4,48,9,5.4,5.88,10.6,31.4,0,960.6,333,8.3,12.2,284,26,265,139,134,146,151,355,100,20,96
ALT,2007,5,16,15,15,52.8,9,5.5,5.88,10,29.9,0,961.3,332,7.9,13.9,90,0,90,47,46,45,43,354,100,20,96
ALT,2007,5,16,16,13,67.5,10.1,7.1,6.6,9.9,29.7,0,962.1,302,6.6,10.9,58,0,58,30,29,29,28,354,100,20,96
ALT,2007,5,16,17,12,78,10.9,8.3,7.13,10,30,0.3,962.4,275,2.6,8.5,59,0,59,32,31,30,29,354,100,20,96
ALT,2007,5,16,18,11.2,87.7,11.7,9.2,7.65,10.1,30.5,0.9,962.7,270,1.7,5.6,5,0,5,3,2,2,2,353,100,20,96
ALT,2007,5,16,19,10.6,92.5,11.8,9.4,7.72,9.9,30.1,0.4,963.1,284,0.6,2,0,0,0,0,0,0,0,352,100,20,96
ALT,2007,5,16,20,10.2,95.1,11.9,9.5,7.78,9.8,29.8,1.8,963.8,312,1.3,2.4,0,0,0,0,0,0,0,351,100,20,96
ALT,2007,5,16,21,9.9,94.6,11.6,9.1,7.58,9.5,29,1.6,964,304,1,3.2,0,0,0,0,0,0,0,350,100,20,96
ALT,2007,5,16,22,9.5,93,11,8.4,7.18,8.9,27.6,0.8,963.7,177,2.1,3.9,0,0,0,0,0,0,0,349,100,20,96
ALT,2007,5,16,23,9.4,94.5,11.1,8.6,7.25,9,27.7,1.1,963.6,333,1,3.5,0,0,0,0,0,0,0,348,100,20,96
ALT,2007,5,17,0,9.2,96.2,11.2,8.6,7.32,8.9,27.7,1.9,963.1,315,0.3,1.1,0,0,0,0,0,0,0,347,100,20,96
ALT,2007,5,17,1,9,95.5,10.9,8.3,7.12,8.6,27,2.5,963,315,0.7,2.8,0,0,0,0,0,0,0,347,100,20,96
ALT,2007,5,17,2,8.4,93,10.3,7.3,6.73,7.8,25.4,1.5,962.3,135,1,3.4,0,0,0,0,0,0,0,346,100,20,96
ALT,2007,5,17,3,8.2,93.4,10.2,7.2,6.66,7.7,25,1.6,962.1,150,1.6,2.8,0,0,0,0,0,0,0,346,100,20,96
ALT,2007,5,17,4,7.9,91.2,9.8,6.6,6.4,7.2,24,1.7,961.7,170,1.7,3.3,7,0,7,4,3,3,3,345,100,20,96
ALT,2007,5,17,5,7.7,91.8,9.6,6.5,6.27,7.1,23.5,1.2,961.4,150,1.4,3.5,40,0,40,21,21,20,19,345,100,20,96
ALT,2007,5,17,6,7.6,90.2,9.4,6.1,6.14,6.8,23.1,2,961.3,167,3.6,6.1,51,0,51,27,26,26,25,345,100,20,96
ALT,2007,5,17,7,7.4,89.8,9.2,5.8,6.01,6.6,22.5,1.8,960.9,167,3.9,7.2,77,0,77,41,40,39,37,348,100,20,96
ALT,2007,5,17,8,7.7,89.2,9.4,6,6.15,6.8,23.2,0.9,960.2,158,5.1,9.4,101,0,101,54,52,51,49,350,100,20,96
ALT,2007,5,17,9,8.2,88.3,9.6,6.4,6.28,7.3,24,0.2,959.8,160,4.8,9.1,101,0,101,54,52,51,49,353,100,20,96
ALT,2007,5,17,10,8.9,88.1,10.1,7,6.61,7.9,25.6,0.1,959.9,175,2.6,5.9,80,0,80,43,41,40,39,355,100,20,96
ALT,2007,5,17,11,9.7,88.8,10.6,7.9,6.95,8.7,27.2,0,959.7,155,1.5,3.6,68,0,68,36,35,34,33,358,100,20,96
ALT,2007,5,17,12,10.4,85.3,10.7,8,7.01,9.1,28.1,0,959.7,165,2,5.4,75,0,75,40,38,38,36,359,100,20,96
ALT,2007,5,17,13,10.2,93.5,11.6,9.2,7.61,9.7,29.4,0,959.2,339,1,2.9,50,0,50,27,26,25,24,360,100,20,96
ALT,2007,5,17,14,10.1,93.9,11.6,9.2,7.61,9.6,29.3,0.1,959.7,335,1.7,3,95,0,95,51,49,48,46,361,100,20,96
ALT,2007,5,17,15,10.1,95.3,11.8,9.4,7.74,9.7,29.6,0.8,959.9,332,1.5,2.6,48,0,48,25,24,24,23,362,100,20,96
ALT,2007,5,17,16,10.1,95.4,11.8,9.4,7.74,9.7,29.7,0.5,959.8,321,0.7,2.5,50,0,50,27,26,25,24,362,100,20,96
ALT,2007,5,17,17,10.1,95.9,11.8,9.5,7.74,9.8,29.6,3.3,960.2,336,1.2,2.4,19,0,19,10,10,10,9,363,100,20,96
ALT,2007,5,17,18,10.1,95.9,11.9,9.5,7.8,9.8,29.8,3.6,960.6,90,1.1,2.5,1,0,1,1,1,1,1,363,100,20,96
ALT,2007,5,17,19,11.7,92.1,12.6,10.5,8.26,11,32.6,2.8,961.9,324,3,13.1,0,0,0,0,0,0,0,362,100,20,96
ALT,2007,5,17,20,12.9,86.7,12.8,10.7,8.38,11.6,34.1,2.1,963,4,5.2,14,0,0,0,0,0,0,0,361,100,20,96
ALT,2007,5,17,21,12.7,83.7,12.3,10,8.04,11.2,33,2,964.3,3,6.2,14.3,0,0,0,0,0,0,0,360,100,20,96
ALT,2007,5,17,22,12.7,83.8,12.3,10,8.03,11.2,33,0.3,964.9,353,3.8,9.9,0,0,0,0,0,0,0,358,100,20,96
ALT,2007,5,17,23,12.5,85.4,12.4,10.1,8.09,11.1,33,0,965.6,301,3.3,6.8,0,0,0,0,0,0,0,357,100,20,96
ALT,2007,5,18,0,12.3,84.2,12,9.7,7.83,10.8,32.1,0,965.3,329,1.9,5,0,0,0,0,0,0,0,357,81,21,96
ALT,2007,5,18,1,12.3,82.6,11.8,9.4,7.7,10.7,31.8,0,965.4,309,3.1,7.9,0,0,0,0,0,0,0,356,100,21,96
ALT,2007,5,18,2,12.1,84.2,11.9,9.5,7.76,10.7,31.7,0,965.7,277,2.7,8,0,0,0,0,0,0,0,356,100,21,96
ALT,2007,5,18,3,12.2,82.9,11.7,9.4,7.62,10.6,31.5,0,966.3,297,3.8,9,0,0,0,0,0,0,0,356,81,21,96
ALT,2007,5,18,4,12,84.6,11.9,9.5,7.75,10.6,31.6,0,966.7,308,4.1,9.4,14,0,14,7,7,7,7,355,100,21,96
ALT,2007,5,18,5,12.2,83.8,11.9,9.5,7.75,10.7,31.8,0,966.5,336,2.6,6.7,152,158,107,101,219,54,53,346,48,21,96
ALT,2007,5,18,6,12.9,82.4,12.2,10,7.95,11.3,33,0,966.9,328,3.1,6.3,266,154,194,110,263,122,95,342,40,21,96
ALT,2007,5,18,7,14,77.1,12.3,10.1,8.01,11.8,34.3,0,967.1,308,3.1,5.7,377,173,274,143,317,203,133,333,30,21,96
ALT,2007,5,18,8,15.4,67.8,11.9,9.5,7.75,12.1,35.1,0,966.6,309,3.5,6.3,757,825,164,118,747,458,125,310,33,21,96
ALT,2007,5,18,9,16.3,69.1,12.8,10.6,8.35,13,37.5,0,966.4,310,4.7,8,828,782,191,134,589,553,140,319,6,21,96
ALT,2007,5,18,10,17.2,64.7,12.7,10.5,8.29,13.3,38.3,0,965.9,304,5.9,8.8,917,859,168,138,419,634,146,318,13,21,96
ALT,2007,5,18,11,17.9,63,12.9,10.8,8.42,13.7,39.3,0,965.6,307,5.9,9,937,877,161,138,179,653,281,300,0,21,96
ALT,2007,5,18,12,18.5,59.5,12.7,10.5,8.29,13.8,39.6,0,965.1,302,6.1,9.2,906,889,146,132,135,613,499,293,0,21,96
ALT,2007,5,18,13,19.4,54.6,12.3,10,8.03,13.9,39.9,0,964.7,309,5.7,9.6,816,864,140,121,124,519,663,293,0,21,96
ALT,2007,5,18,14,19.6,54.6,12.5,10.2,8.17,14.1,40.4,0,964.4,310,6.3,9.6,681,809,135,105,107,381,761,293,0,21,96
ALT,2007,5,18,15,19.5,54.3,12.3,10,8.04,13.9,40,0,964.4,308,6.2,10,522,763,112,83,85,218,793,293,0,21,96
ALT,2007,5,18,16,18.4,57.6,12.2,9.9,7.97,13.5,38.7,0,964.4,308,4.3,7.2,222,346,77,107,64,64,408,293,0,21,96
ALT,2007,5,18,17,16.7,60.8,11.6,9.1,7.57,12.4,36,0,964.5,305,3.8,7.2,45,0,45,38,38,38,38,298,0,21,96
ALT,2007,5,18,18,16,63.9,11.6,9.2,7.57,12.2,35.2,0,964.8,158,1.1,3.5,14,0,14,8,8,8,8,292,0,21,96
ALT,2007,5,18,19,15,69.1,11.8,9.4,7.7,11.8,34.6,0,964.9,145,3.2,5.5,0,0,0,0,0,0,0,289,0,21,96
ALT,2007,5,18,20,14.1,72.3,11.6,9.2,7.57,11.4,33.3,0,964.8,142,3.1,5.3,0,0,0,0,0,0,0,305,0,21,96
ALT,2007,5,18,21,12.6,78.4,11.4,8.9,7.44,10.6,31.4,0,964.5,160,1.5,4.6,0,0,0,0,0,0,0,302,0,21,96
ALT,2007,5,18,22,12.6,76.5,11.2,8.6,7.31,10.4,31.1,0,964.2,157,0.9,3.1,0,0,0,0,0,0,0,298,0,21,96
ALT,2007,5,18,23,11.1,84,11.1,8.5,7.24,9.7,29.4,0,964.1,162,0.6,1.4,0,0,0,0,0,0,0,298,0,21,96
ALT,2007,5,19,0,11.1,82.9,10.9,8.3,7.11,9.6,29.1,0,964.1,144,1.4,2.3,0,0,0,0,0,0,0,274,0,19,96
ALT,2007,5,19,1,10.2,84.8,10.6,7.8,6.92,8.9,27.7,0,964,155,2.1,3.3,0,0,0,0,0,0,0,274,0,19,96
ALT,2007,5,19,2,9.8,84.8,10.3,7.4,6.72,8.5,26.8,0,964.1,142,1.2,2.2,0,0,0,0,0,0,0,274,0,19,96
ALT,2007,5,19,3,9.3,86.5,10.1,7.2,6.58,8.2,25.9,0,964.2,151,1.8,2.8,0,0,0,0,0,0,0,274,0,19,96
ALT,2007,5,19,4,9.2,84.5,9.8,6.7,6.39,7.9,25.3,0,964.2,152,2,3,31,0,31,20,20,20,19,274,0,19,96
ALT,2007,5,19,5,9.6,81.6,9.7,6.6,6.32,8.1,25.6,0,963.8,159,2,3.7,228,498,86,175,548,45,45,274,0,19,96
ALT,2007,5,19,6,12.5,71.3,10.4,7.5,6.78,9.8,29.7,0,963.9,45,0.8,2.9,412,678,109,113,731,108,67,275,0,19,96
ALT,2007,5,19,7,13.9,69,11,8.3,7.18,10.8,32.1,0,963.8,342,1.6,3.6,588,772,127,85,772,277,88,278,0,19,96
ALT,2007,5,19,8,16.2,63.5,11.7,9.3,7.65,12.3,35.6,0,963.4,315,1.3,3.7,741,829,141,102,716,428,107,281,0,19,96
ALT,2007,5,19,9,17.6,56.2,11.3,8.8,7.39,12.6,36.4,0,963,330,2,3.5,858,868,148,114,586,548,121,284,0,19,96
ALT,2007,5,19,10,19.4,53.2,11.9,9.6,7.79,13.7,39.3,0,962.3,327,2.1,4.1,930,895,148,121,400,621,129,288,0,19,96
ALT,2007,5,19,11,20.4,51.5,12.4,10.1,8.12,14.3,41.1,0,961.7,323,3.4,5.1,944,892,152,123,162,637,263,297,0,19,96
ALT,2007,5,19,12,21.7,51.6,13.4,11.3,8.79,15.4,44.2,0,961.2,324,3.2,6.2,903,874,153,119,122,596,484,315,0,19,96
ALT,2007,5,19,13,23.3,47.1,13.4,11.4,8.8,16,45.8,0,960.8,343,3.6,7.1,808,832,154,111,113,502,642,304,0,19,96
ALT,2007,5,19,14,24.1,45.8,13.8,11.7,9.07,16.5,47.3,0,960.4,328,3.2,6.7,671,771,149,97,99,367,731,304,0,19,96
ALT,2007,5,19,15,24,45.3,13.5,11.4,8.87,16.3,46.7,0,960.3,322,3,6.4,511,712,127,78,79,210,749,304,0,19,96
ALT,2007,5,19,16,22,53.9,14.1,12.2,9.27,16,45.7,0,960.1,315,1.4,4.8,220,343,76,101,58,58,397,304,0,19,96
ALT,2007,5,19,17,20,55.7,13,10.9,8.54,14.6,41.8,0,960.2,225,0.8,2.2,43,0,43,36,36,36,35,307,0,19,96
ALT,2007,5,19,18,19.4,56.4,12.7,10.5,8.33,14.2,40.6,0,960.6,180,1.8,3.9,14,0,14,8,8,8,8,308,0,19,96
ALT,2007,5,19,19,18.5,59.2,12.6,10.4,8.26,13.8,39.5,0,961.4,153,2.7,5,0,0,0,0,0,0,0,306,0,19,96
ALT,2007,5,19,20,17.4,63,12.5,10.3,8.19,13.3,38.2,0,961.8,151,2.3,4,0,0,0,0,0,0,0,304,0,19,96
ALT,2007,5,19,21,16.6,64.4,12.1,9.9,7.93,12.7,36.8,0,961.7,155,1.9,4,0,0,0,0,0,0,0,302,0,19,96
ALT,2007,5,19,22,15.6,68.2,12.1,9.8,7.93,12.3,35.7,0,961.4,146,1.5,2.8,0,0,0,0,0,0,0,300,0,19,96
ALT,2007,5,19,23,14.4,72.3,11.8,9.5,7.73,11.6,34,0,961.1,131,1.1,2.4,0,0,0,0,0,0,0,298,0,19,96
ALT,2007,5,20,0,13.6,75.2,11.7,9.3,7.67,11.2,33,0,960.9,153,0.7,1.9,0,0,0,0,0,0,0,318,44,18,96
ALT,2007,5,20,1,13.7,73.9,11.6,9.1,7.6,11.1,33,0,960.8,145,1.2,3.2,0,0,0,0,0,0,0,333,53,18,96
ALT,2007,5,20,2,11.9,80,11.1,8.6,7.27,10.1,30.3,0,960.5,119,1,3.4,0,0,0,0,0,0,0,327,41,18,96
ALT,2007,5,20,3,12.4,76.9,11.1,8.5,7.27,10.3,30.8,0,960.5,135,0.9,3.5,0,0,0,0,0,0,0,316,23,18,96
ALT,2007,5,20,4,11.1,81.1,10.7,8,7,9.4,28.8,0,960.8,9,0.9,3.3,33,0,33,21,21,20,20,303,19,18,96
ALT,2007,5,20,5,12.4,79.9,11.5,9,7.53,10.5,31.5,0,961,336,1.2,3.5,221,465,87,168,515,45,45,305,6,18,96
ALT,2007,5,20,6,14.2,78.9,12.8,10.6,8.4,12.1,35.5,0,960.8,339,1.4,3.5,406,673,104,110,720,103,65,319,0,18,96
ALT,2007,5,20,7,16.2,72.3,13.3,11.2,8.73,13.3,38.4,0,960.7,330,2.4,4.9,577,760,123,83,757,266,86,314,0,18,96
ALT,2007,5,20,8,18.2,64.8,13.5,11.5,8.87,14.2,40.8,0,960.7,320,3,5.3,729,821,134,99,701,415,104,313,0,18,96
ALT,2007,5,20,9,19.4,60.3,13.6,11.5,8.93,14.7,42.2,0,960.8,323,3.7,6.2,846,863,138,111,573,533,118,316,0,18,96
ALT,2007,5,20,10,21.1,55.9,14,12,9.2,15.6,44.6,0,960.7,326,3.8,7,918,896,134,117,387,605,125,323,0,18,96
ALT,2007,5,20,11,23.4,49.4,14.2,12.2,9.33,16.5,47.3,0,960.5,341,4.1,7.5,918,849,163,123,160,617,261,339,16,18,96
ALT,2007,5,20,12,25.1,48.8,15.5,13.6,10.2,17.8,51.2,0,960.4,323,5.3,9.8,855,765,197,125,127,567,470,358,45,18,96
ALT,2007,5,20,13,25.2,50.5,16.2,14.2,10.67,18.1,52.5,0,960.2,313,5.8,10,748,681,212,121,122,471,585,366,48,18,96
ALT,2007,5,20,14,25.6,51.1,16.7,14.7,11.01,18.5,53.8,0,960.2,311,5,8.8,640,693,171,101,102,352,682,365,35,18,96
ALT,2007,5,20,15,25.5,50.2,16.3,14.4,10.74,18.3,53,0,959.9,316,3.7,6.4,494,664,134,79,80,205,706,357,25,18,96
ALT,2007,5,20,16,24.4,50.4,15.3,13.4,10.08,17.4,50.2,0,959.7,309,2.1,6.1,215,328,76,99,57,57,381,336,6,18,96
ALT,2007,5,20,17,21.8,59.5,15.5,13.6,10.21,16.7,47.9,0,960,239,0.7,2,47,0,47,37,36,36,36,351,33,18,96
ALT,2007,5,20,18,21.7,58.5,15.2,13.2,10,16.4,47.2,0,961.1,152,1.5,3.6,15,0,15,8,8,8,8,368,68,18,96
ALT,2007,5,20,19,21.2,59.1,14.9,12.9,9.79,16.1,46.2,0,961.9,157,2.3,4,0,0,0,0,0,0,0,362,54,18,96
ALT,2007,5,20,20,20.1,63.3,14.8,12.9,9.71,15.7,44.9,0,962.5,155,2.1,3.5,0,0,0,0,0,0,0,349,25,18,96
ALT,2007,5,20,21,19.7,63,14.4,12.5,9.43,15.3,43.7,0,964,328,4.7,13.8,0,0,0,0,0,0,0,330,33,18,96
ALT,2007,5,20,22,19.2,61.2,13.6,11.6,8.89,14.6,41.9,0,964.7,298,5.5,9.4,0,0,0,0,0,0,0,329,20,18,96
ALT,2007,5,20,23,18.1,65.2,13.6,11.5,8.9,14.2,40.8,0,964.2,143,1.7,4.7,0,0,0,0,0,0,0,328,0,18,96
ALT,2007,5,21,0,17.6,66.8,13.4,11.4,8.77,13.9,39.9,0,963.3,140,3.3,6.7,0,0,0,0,0,0,0,341,0,17,96
ALT,2007,5,21,1,16.4,70.2,13.1,11,8.58,13.2,38.2,0,962.7,125,1.4,5,0,0,0,0,0,0,0,329,6,17,96
ALT,2007,5,21,2,15.4,75.2,13.1,11,8.58,12.8,37.2,0,963,333,0.7,3.7,0,0,0,0,0,0,0,350,53,17,96
ALT,2007,5,21,3,16.4,66.4,12.3,10.1,8.05,12.8,36.9,0,962.6,110,1.6,5.8,0,0,0,0,0,0,0,377,100,17,96
ALT,2007,5,21,4,15,76.8,13.1,11,8.57,12.7,36.8,0,963.4,333,1.7,4.8,31,0,31,19,19,19,18,357,63,17,96
ALT,2007,5,21,5,15.3,82.8,14.4,12.4,9.43,13.6,39.2,0,963.8,328,2.7,5.6,167,196,105,104,254,50,49,348,68,17,96
ALT,2007,5,21,6,16,81.2,14.8,12.8,9.7,14.1,40.6,0,963.9,345,1.4,4.4,406,646,114,127,698,87,65,343,39,17,96
ALT,2007,5,21,7,17.1,77,15,13,9.83,14.6,42.1,0,964.1,342,0.8,2.9,566,714,138,82,724,261,85,338,29,17,96
ALT,2007,5,21,8,19.1,70.4,15.6,13.6,10.23,15.7,45.2,0,964,342,1.6,4,724,802,142,96,691,407,101,327,13,17,96
ALT,2007,5,21,9,20.8,62.2,15.3,13.3,10.03,16.1,46.4,0,964,326,2.7,5.5,829,823,153,108,559,518,113,329,0,17,96
ALT,2007,5,21,10,22.2,57.6,15.4,13.4,10.1,16.7,48,0,964,328,3.6,5.5,904,865,146,113,382,589,120,336,0,17,96
ALT,2007,5,21,11,23.8,50.9,15,13,9.83,17,49,0,963.7,2,3.1,6.4,920,868,147,115,151,606,247,343,6,17,96
ALT,2007,5,21,12,25.6,44.8,14.7,12.7,9.64,17.5,50.3,0,963.1,338,4.4,7.6,873,828,161,113,115,565,464,370,25,17,96
ALT,2007,5,21,13,25.3,47.3,15.3,13.3,10.04,17.7,51,0,962.9,304,5.5,8.9,829,844,164,108,110,505,654,359,41,17,96
ALT,2007,5,21,14,24.5,45.6,14,12,9.18,16.8,48,0,962.9,306,3.8,8.5,584,519,231,114,114,328,574,384,60,17,96
ALT,2007,5,21,15,24.4,50.2,15.3,13.4,10.04,17.4,50.1,0,963.1,293,2.1,5.2,303,176,200,100,98,148,265,398,88,17,96
ALT,2007,5,21,16,23.4,48.8,14,12,9.17,16.4,46.9,0,963.9,69,6.9,18.4,103,6,100,54,52,51,55,400,100,17,96
ALT,2007,5,21,17,22,49.6,13.1,11,8.56,15.4,43.9,0,964.7,87,9.9,18.5,57,0,57,34,34,33,32,399,100,17,96
ALT,2007,5,21,18,21.6,50.7,13,10.9,8.49,15.2,43.3,0,964.9,99,6.7,15.6,9,0,9,4,4,4,4,397,100,17,96
ALT,2007,5,21,19,20.7,55.1,13.4,11.4,8.75,15.1,43,0,966.1,132,2.1,5.4,0,0,0,0,0,0,0,382,81,17,96
ALT,2007,5,21,20,19.2,68.1,15.2,13.2,9.93,15.5,44.5,0,967.5,298,5.4,11.1,0,0,0,0,0,0,0,392,100,17,96
ALT,2007,5,21,21,18.6,74.7,16,14,10.45,15.7,45.2,0,968,339,1.9,5.6,0,0,0,0,0,0,0,390,100,17,96
ALT,2007,5,21,22,18.3,78.5,16.5,14.5,10.79,15.9,45.8,0.1,967.4,159,0.9,3.3,0,0,0,0,0,0,0,387,100,17,96
ALT,2007,5,21,23,18.6,70.6,15.2,13.2,9.94,15.3,43.9,0,966.6,146,4.3,8.2,0,0,0,0,0,0,0,385,100,17,96
ALT,2007,5,22,0,17.9,73,14.8,13,9.67,14.9,42.5,0,966.4,150,2.6,6.5,0,0,0,0,0,0,0,384,100,18,96
ALT,2007,5,22,1,16.2,85.9,15.8,13.8,10.34,14.7,42.4,0,966.7,323,1.6,3.8,0,0,0,0,0,0,0,384,100,18,96
ALT,2007,5,22,2,15.9,88,15.9,13.9,10.4,14.7,42.3,0,966.9,326,0.5,2,0,0,0,0,0,0,0,378,100,18,96
ALT,2007,5,22,3,15.4,91,15.9,13.9,10.39,14.5,41.8,0,967.3,315,0.4,1.2,0,0,0,0,0,0,0,381,94,18,96
ALT,2007,5,22,4,16,87.1,15.8,13.9,10.32,14.7,42.2,0,967.8,117,0.4,1.3,12,0,12,6,6,6,5,369,88,18,96
ALT,2007,5,22,5,16.3,87.7,16.2,14.3,10.58,15.1,43.2,0,968.2,243,0.5,1.7,109,44,95,60,93,46,44,381,100,18,96
ALT,2007,5,22,6,16.7,85.6,16.3,14.3,10.64,15.2,43.7,0,968.9,342,1.5,3.8,287,234,184,126,334,102,86,386,94,18,96
ALT,2007,5,22,7,17,84.6,16.4,14.4,10.71,15.4,44.2,0,969.1,292,0.6,1.7,440,344,230,116,441,223,111,390,88,18,96
ALT,2007,5,22,8,18.1,81.2,16.8,14.8,10.98,16,46,0,968.9,279,0.7,1.8,645,575,227,119,585,378,119,387,75,18,96
ALT,2007,5,22,9,19.5,76.2,17.3,15.2,11.32,16.8,48.3,0,968,180,0.5,2.3,728,575,257,139,498,456,138,376,68,18,96
ALT,2007,5,22,10,21.4,66.5,17,14.9,11.12,17.2,49.8,0,967.5,330,1.7,4.5,741,468,329,164,373,484,160,383,71,18,96
ALT,2007,5,22,11,23,61.5,17.3,15.2,11.33,18,52,0,967,336,2.3,4.9,757,476,333,167,197,499,292,382,60,18,96
ALT,2007,5,22,12,23.7,60.7,17.8,15.7,11.67,18.5,53.5,0,966.6,310,3.6,5.9,793,613,265,142,142,519,449,386,58,18,96
ALT,2007,5,22,13,25.2,53.4,17,15.1,11.14,18.6,53.7,0,965.9,312,4.1,6.8,717,634,220,128,128,430,557,381,48,18,96
ALT,2007,5,22,14,24.7,55,17.2,15.1,11.28,18.5,53.6,0,965.5,298,5.8,9.1,598,576,196,113,112,325,577,381,50,18,96
ALT,2007,5,22,15,23.7,56.6,16.5,14.6,10.82,17.9,51.4,0,965.1,297,4.7,9.2,517,717,126,77,78,203,749,376,40,18,96
ALT,2007,5,22,16,23.7,55.4,16.2,14.2,10.62,17.6,50.9,0,965.1,308,3,6.1,224,202,137,110,72,71,278,379,56,18,96
ALT,2007,5,22,17,21.8,67.2,17.6,15.4,11.55,17.7,51.3,0,965.1,281,1.2,4,64,0,64,41,40,40,39,377,45,18,96
ALT,2007,5,22,18,21.1,64.1,16,14.1,10.48,16.7,47.8,0,965.5,169,0.7,2.1,13,0,13,7,7,7,6,378,78,18,96
ALT,2007,5,22,19,20.3,67.1,15.9,14,10.41,16.3,46.8,0,966,135,1.1,2.1,0,0,0,0,0,0,0,376,68,18,96
ALT,2007,5,22,20,19.1,70.2,15.5,13.5,10.13,15.6,44.9,0,966.8,117,1.4,3.9,0,0,0,0,0,0,0,364,46,18,96
ALT,2007,5,22,21,18.4,72.7,15.4,13.4,10.07,15.3,44,0,966.9,128,1.2,3.5,0,0,0,0,0,0,0,337,6,18,96
ALT,2007,5,22,22,17.8,75.8,15.5,13.5,10.13,15.2,43.6,0,966.8,144,1.7,2.8,0,0,0,0,0,0,0,326,0,18,96
ALT,2007,5,22,23,17.1,76.7,14.9,13,9.74,14.6,41.9,0,966.6,153,2.1,3.3,0,0,0,0,0,0,0,323,0,18,96
ALT,2007,5,23,0,15.8,81.1,14.6,12.6,9.54,13.9,40,0,966.5,131,1.1,2.4,0,0,0,0,0,0,0,321,0,19,96
ALT,2007,5,23,1,15.1,83.1,14.2,12.3,9.27,13.4,38.6,0,966.6,153,1,2.1,0,0,0,0,0,0,0,321,0,19,96
ALT,2007,5,23,2,14.7,84.3,14.1,12.1,9.21,13.2,38.1,0,966.5,151,1.4,2.4,0,0,0,0,0,0,0,321,0,19,96
ALT,2007,5,23,3,13.3,88,13.5,11.4,8.81,12.2,35.6,0,966.5,144,0.9,1.9,0,0,0,0,0,0,0,321,0,19,96
ALT,2007,5,23,4,14.4,83.4,13.7,11.6,8.94,12.8,37.1,0,966.5,155,1.9,2.9,33,0,33,22,22,22,21,321,0,19,96
ALT,2007,5,23,5,15.3,77.5,13.4,11.4,8.74,13,37.5,0,966.6,156,1.7,2.6,230,497,84,180,545,46,46,321,0,19,96
ALT,2007,5,23,6,16.9,72.2,13.9,11.9,9.08,13.9,40,0,966.4,153,0.8,2.1,410,670,105,132,720,90,68,322,0,19,96
ALT,2007,5,23,7,18.8,70.1,15.2,13.2,9.94,15.4,44.1,0,966.3,337,1.5,3.1,526,601,171,101,650,243,101,353,48,19,96
ALT,2007,5,23,8,20.5,59.9,14.4,12.4,9.41,15.5,44.5,0,966,342,1.3,2.9,572,430,250,139,462,329,135,370,84,19,96
ALT,2007,5,23,9,21.4,62.3,15.9,13.9,10.41,16.7,48,0,965.7,321,2.1,5,697,485,301,159,483,438,155,378,65,19,96
ALT,2007,5,23,10,22.1,62.9,16.7,14.7,10.95,17.4,50.1,0,965.3,324,3.3,5.8,853,712,225,141,392,566,145,389,64,19,96
ALT,2007,5,23,11,23.9,59.3,17.6,15.5,11.56,18.4,53.5,0,964.6,330,3.8,7.9,898,783,199,135,180,602,276,371,54,19,96
ALT,2007,5,23,12,25.4,56.4,18.3,16.1,12.04,19.3,56.2,0,964,326,4.5,7.6,882,834,162,124,127,573,478,364,20,19,96
ALT,2007,5,23,13,27,51.9,18.5,16.3,12.18,19.9,58.2,0,963.2,327,5.6,9.8,361,288,126,73,72,225,253,409,100,19,96
ALT,2007,5,23,14,26.1,52.1,17.6,15.5,11.58,19.1,55.8,0,962.9,332,6,10.6,542,497,211,119,119,286,544,404,78,19,96
ALT,2007,5,23,15,24.8,56.2,17.5,15.5,11.51,18.7,54.3,0,963.1,344,5.2,9.4,292,222,161,85,83,144,293,408,90,19,96
ALT,2007,5,23,16,22.2,67,17.8,15.8,11.7,18,52.1,0.2,964.2,70,3,9.8,82,0,82,46,45,44,42,403,100,19,96
ALT,2007,5,23,17,19.5,77.3,17.5,15.4,11.5,16.9,48.8,0.2,964.3,117,3.3,6.6,46,0,46,38,38,37,37,362,34,19,96
ALT,2007,5,23,18,19.3,77.7,17.4,15.3,11.42,16.7,48.4,0,964.7,130,1.8,4.7,19,0,19,11,11,11,10,363,29,19,96
ALT,2007,5,23,19,18.4,80.8,17.1,15,11.22,16.2,47,0,964.8,118,1.7,3.3,0,0,0,0,0,0,0,383,68,19,96
ALT,2007,5,23,20,17.4,81,16,14.1,10.49,15.4,44.1,0,964.9,122,2.1,4,0,0,0,0,0,0,0,389,88,19,96
ALT,2007,5,23,21,16.6,82.5,15.6,13.6,10.22,14.8,42.6,0,964.9,135,0.9,3,0,0,0,0,0,0,0,392,100,19,96
ALT,2007,5,23,22,16.5,80.9,15.2,13.2,9.96,14.5,41.8,0,964.4,124,1,3.1,0,0,0,0,0,0,0,388,100,19,96
ALT,2007,5,23,23,15.4,86.8,15.2,13.2,9.96,14.1,40.7,0,964.3,27,0.6,2.4,0,0,0,0,0,0,0,384,100,19,96
ALT,2007,5,24,0,15.6,85.4,15.1,13.2,9.89,14.1,40.7,0,964.4,360,0.8,2.4,0,0,0,0,0,0,0,359,65,20,96
ALT,2007,5,24,1,15,85.8,14.6,12.6,9.56,13.6,39.3,0,964.2,180,0.5,1.8,0,0,0,0,0,0,0,335,13,20,96
ALT,2007,5,24,2,14.5,87.1,14.4,12.4,9.43,13.3,38.4,0,964,160,1.5,2.6,0,0,0,0,0,0,0,328,0,20,96
ALT,2007,5,24,3,14.3,86.5,14.1,12.1,9.23,13,37.7,0,963.9,146,1.5,2.5,0,0,0,0,0,0,0,329,0,20,96
ALT,2007,5,24,4,12.9,91.3,13.6,11.5,8.9,12.1,35.4,0,964.3,108,0.5,1.5,35,0,35,23,23,22,22,329,0,20,96
ALT,2007,5,24,5,14.3,85,13.9,11.8,9.1,12.8,37.4,0,964.3,149,1.2,2.2,228,482,87,181,532,48,48,329,23,20,96
ALT,2007,5,24,6,16.3,77,14.2,12.3,9.3,13.9,39.9,0,964.4,149,0.8,2.2,406,645,110,133,698,91,71,330,16,20,96
ALT,2007,5,24,7,18.2,71.6,15,13,9.83,15,43.2,0,964.4,337,0.8,2.5,583,767,119,87,761,261,92,339,13,20,96
ALT,2007,5,24,8,19.5,65.7,14.9,12.9,9.76,15.4,44.4,0,964.2,318,1.2,3,750,836,139,107,723,422,113,363,19,20,96
ALT,2007,5,24,9,21.8,58.2,15.1,13.2,9.9,16.4,47.1,0,963.8,329,2.2,4,806,735,200,129,558,513,134,374,49,20,96
ALT,2007,5,24,10,22.5,58.3,15.9,13.9,10.44,17.1,49.2,0,963.5,325,2.5,4.8,861,726,220,142,395,572,146,382,53,20,96
ALT,2007,5,24,11,23.8,53.5,15.8,13.8,10.38,17.5,50.3,0,962.8,308,1.8,4,947,895,146,129,169,626,264,369,31,20,96
ALT,2007,5,24,12,25.2,48.2,15.5,13.5,10.19,17.8,51.3,0,962,336,2.5,4.8,788,652,220,146,147,503,406,358,35,20,96
ALT,2007,5,24,13,25.8,48.9,16.2,14.2,10.66,18.3,53.1,0,961.3,341,2.5,5.6,738,638,230,134,135,461,571,376,54,20,96
ALT,2007,5,24,14,27.3,45.9,16.7,14.6,11,19,55.5,0,960.6,318,3.8,8.3,662,743,153,103,105,353,713,375,23,20,96
ALT,2007,5,24,15,27.3,47.7,17.2,15.2,11.35,19.4,56.4,0,960.2,298,3.2,7,479,579,158,92,92,205,641,386,50,20,96
ALT,2007,5,24,16,26.1,51.7,17.5,15.4,11.55,19.1,55.7,0,960.1,299,3.3,7.2,105,26,93,54,47,46,72,409,90,20,96
ALT,2007,5,24,17,25.1,55,17.5,15.4,11.54,18.8,54.7,0,960.4,316,3.3,6.9,46,0,46,24,24,23,22,408,100,20,96
ALT,2007,5,24,18,19.2,72.3,15.9,14.1,10.44,16,45.8,6.4,963.2,79,4.5,26.4,5,0,5,2,2,2,2,403,100,20,96
ALT,2007,5,24,19,18,85.5,17.6,15.5,11.57,16.4,47.4,0.9,963.9,122,1.9,6.4,0,0,0,0,0,0,0,404,100,20,96
ALT,2007,5,24,20,17.8,89.4,18.2,16,11.96,16.6,48.2,0.8,965,135,3.2,7.2,0,0,0,0,0,0,0,401,100,20,96
ALT,2007,5,24,21,17.4,89.2,17.7,15.6,11.62,16.3,46.9,2.2,964.8,158,5.4,9.7,0,0,0,0,0,0,0,397,100,20,96
ALT,2007,5,24,22,17.3,84.5,16.6,14.7,10.9,15.7,45,0.1,963.8,143,5.8,11.2,0,0,0,0,0,0,0,391,94,20,96
ALT,2007,5,24,23,18,75.1,15.5,13.5,10.18,15.2,43.9,0,963,133,5.7,10.8,0,0,0,0,0,0,0,388,94,20,96
ALT,2007,5,25,0,18.2,70.3,14.7,12.7,9.65,14.9,42.8,0,962.4,114,4.3,8.3,0,0,0,0,0,0,0,389,100,19,96
ALT,2007,5,25,1,18.9,64.7,14.1,12.1,9.25,14.8,42.5,0,961.9,152,3.8,12,0,0,0,0,0,0,0,389,100,19,96
ALT,2007,5,25,2,19.6,59.8,13.6,11.6,8.93,14.8,42.4,0,961.4,142,4.8,11.1,0,0,0,0,0,0,0,383,88,19,96
ALT,2007,5,25,3,19.7,58,13.2,11.2,8.66,14.6,41.8,0,960.9,122,5,10,0,0,0,0,0,0,0,389,100,19,96
ALT,2007,5,25,4,20.4,52.2,12.5,10.3,8.2,14.4,41.3,0,961,131,5.8,12.8,7,0,7,3,3,3,3,389,100,19,96
ALT,2007,5,25,5,20.8,50.3,12.4,10.1,8.13,14.5,41.6,0,960.8,133,5.9,9.8,16,0,16,9,8,8,8,390,100,19,96
ALT,2007,5,25,6,20.7,54.3,13.3,11.1,8.73,14.9,43,0,960.6,114,4.7,9.8,121,1,121,63,62,60,57,391,100,19,96
ALT,2007,5,25,7,21.6,52.7,13.6,11.5,8.93,15.5,44.4,0,960.5,114,4.4,9,366,158,269,137,293,190,127,394,100,19,96
ALT,2007,5,25,8,23.3,48.2,13.8,11.7,9.07,16.2,46.5,0,959.9,122,3.8,7.1,413,118,328,168,272,223,154,397,100,19,96
ALT,2007,5,25,9,24.3,53.1,16.1,14.1,10.61,17.8,51.5,0,959.6,94,2.4,5.9,318,11,309,161,164,160,146,400,100,19,96
ALT,2007,5,25,10,22.9,58.2,16.2,14.3,10.69,17.4,50.2,0,959.1,336,2.2,4.1,470,81,398,205,240,259,188,403,100,19,96
ALT,2007,5,25,11,23.7,56.8,16.7,14.6,11.03,17.9,51.9,0,958.4,323,2.6,4.2,657,284,401,200,228,414,268,407,100,19,96
ALT,2007,5,25,12,24.8,52.8,16.6,14.5,10.97,18.2,52.9,0,957.6,339,2.2,4.3,643,296,387,193,189,401,365,404,100,19,96
ALT,2007,5,25,13,25.7,51.6,17.1,15,11.32,18.7,54.7,0,956.8,328,2.3,4,781,752,186,124,125,471,617,377,56,19,96
ALT,2007,5,25,14,25.5,52,16.9,14.9,11.19,18.6,54.2,0,956.6,333,3.2,5.3,464,405,174,101,101,256,419,381,81,19,96
ALT,2007,5,25,15,23.5,48,13.9,11.9,9.17,16.4,47,0.1,957,304,4.4,16.2,300,231,164,85,83,148,307,397,88,19,96
ALT,2007,5,25,16,23,53.9,15.1,13.2,9.98,16.9,48.5,0,956.5,330,1.8,7.9,99,20,91,52,46,45,64,405,100,19,96
ALT,2007,5,25,17,21.7,63.6,16.5,14.5,10.92,17.1,49.6,0,956.7,327,1.8,4,68,0,68,40,39,39,38,404,100,19,96
ALT,2007,5,25,18,22,54.2,14,12.3,9.24,16,45.6,0,956.4,183,2.9,14.4,20,0,20,10,10,10,10,402,100,19,96
ALT,2007,5,25,19,24,31.3,9.3,6,6.11,13.9,39.7,0,956.3,199,8.4,14.6,0,0,0,0,0,0,0,399,100,19,96
ALT,2007,5,25,20,23.5,32.9,9.5,6.3,6.24,13.8,39.5,0,957,194,6.6,13.9,0,0,0,0,0,0,0,395,100,19,96
ALT,2007,5,25,21,22.7,35.7,9.8,6.8,6.44,13.7,39.2,0,956.3,136,5.4,10.9,0,0,0,0,0,0,0,392,100,19,96
ALT,2007,5,25,22,22.1,37.9,10,7.1,6.57,13.6,38.9,0,956.3,123,4.3,9.3,0,0,0,0,0,0,0,389,100,19,96
ALT,2007,5,25,23,22.6,35.5,9.7,6.6,6.38,13.6,38.9,0,955.9,119,2.7,7.7,0,0,0,0,0,0,0,385,100,19,96
ALT,2007,5,26,0,22.8,35.6,9.8,6.8,6.44,13.7,39.3,0,956.2,178,3.2,15,0,0,0,0,0,0,0,383,100,19,96
ALT,2007,5,26,1,21.3,42.9,10.8,8.2,7.1,13.8,39.5,0,956.8,185,9.2,18.7,0,0,0,0,0,0,0,383,100,19,96
ALT,2007,5,26,2,20,46.1,10.8,8.1,7.11,13.2,38.2,0,955.9,194,7.3,14.8,0,0,0,0,0,0,0,383,100,19,96
ALT,2007,5,26,3,20.7,42.1,10.2,7.4,6.72,13.2,37.9,0,955,178,6.2,14.1,0,0,0,0,0,0,0,383,100,19,96
ALT,2007,5,26,4,21.3,38.8,9.8,6.7,6.45,13.1,37.8,0,954.2,178,5.9,13.4,38,31,32,28,47,16,15,376,88,19,96
ALT,2007,5,26,5,21.6,38.4,9.9,6.8,6.52,13.3,38.3,0,953.7,204,6.3,14.5,215,376,95,150,429,50,50,366,70,19,96
ALT,2007,5,26,6,22.2,38.2,10.2,7.3,6.73,13.7,39.4,0,953.5,197,6.9,15.4,242,164,173,123,258,86,82,380,88,19,96
ALT,2007,5,26,7,23.9,34.9,10.3,7.5,6.8,14.4,41.3,0,953,168,8.1,16.6,198,13,191,99,109,98,90,386,100,19,96
ALT,2007,5,26,8,24.7,31.3,9.8,6.6,6.46,14.4,41.3,0,953.3,167,10.1,18.3,130,0,130,68,66,64,62,388,100,19,96
ALT,2007,5,26,9,23.9,33.2,9.9,6.7,6.53,14.1,40.6,0,953.6,164,9.9,21,133,0,133,70,67,66,63,389,100,19,96
ALT,2007,5,26,10,22.4,37.2,9.9,7.1,6.5,13.7,39.1,0,956.6,163,13.3,27.5,94,0,94,49,47,46,44,391,100,19,96
ALT,2007,5,26,11,17.9,64.3,13.1,11.1,8.63,13.9,39.9,0.2,957.1,199,8,18.6,391,45,351,181,175,208,187,392,100,19,96
ALT,2007,5,26,12,20.9,50.2,12.3,10.2,8.12,14.6,41.6,0,954.7,206,6.5,11,524,145,397,201,195,303,274,393,100,19,96
ALT,2007,5,26,13,23,38.3,10.7,8,7.07,14.3,41.1,0,952.7,139,6.9,14.4,570,293,332,169,165,342,376,385,88,19,96
ALT,2007,5,26,14,23.9,35.6,10.5,7.8,6.94,14.6,41.7,0,951.5,138,7.5,18.9,374,102,305,156,151,197,243,391,100,19,96
ALT,2007,5,26,15,24.2,34.3,10.4,7.5,6.88,14.6,41.8,0,951.2,148,9,17.7,332,165,243,124,120,161,286,390,100,19,96
ALT,2007,5,26,16,23.4,34.3,9.9,6.8,6.54,14,40.2,0,951,137,8.8,19.1,228,315,90,110,63,63,374,382,64,19,96
ALT,2007,5,26,17,23.3,33.6,9.6,6.4,6.34,13.8,39.6,0,950.7,141,8,15.6,54,0,54,41,41,41,40,384,65,19,96
ALT,2007,5,26,18,22.9,35.2,9.8,6.7,6.48,13.7,39.5,0,951.1,138,7.5,15.6,11,0,11,6,6,6,5,387,100,19,96
ALT,2007,5,26,19,18.5,60.7,12.8,10.8,8.48,14,40.1,0.5,952.2,193,7.6,16.2,0,0,0,0,0,0,0,385,100,19,96
ALT,2007,5,26,20,17.2,65.6,12.8,10.7,8.48,13.4,38.8,0.1,951.2,180,7.6,17.9,0,0,0,0,0,0,0,371,79,19,96
ALT,2007,5,26,21,18.4,51.3,10.8,8.2,7.15,12.7,36.6,0,950.5,193,7.9,16,0,0,0,0,0,0,0,364,69,19,96
ALT,2007,5,26,22,18.6,48.9,10.4,7.7,6.88,12.5,36.2,0,950.4,179,7.5,14,0,0,0,0,0,0,0,355,59,19,96
ALT,2007,5,26,23,20,42.2,9.7,6.8,6.42,12.7,36.4,0,949.9,165,7.1,13.8,0,0,0,0,0,0,0,356,45,19,96
ALT,2007,5,27,0,17.8,53.5,10.8,8.2,7.16,12.4,36,0,949.4,189,3.1,11,0,0,0,0,0,0,0,360,78,19,96
ALT,2007,5,27,1,17,60,11.6,9.2,7.69,12.6,36.6,0,949.7,312,5.4,10.6,0,0,0,0,0,0,0,373,94,19,96
ALT,2007,5,27,2,17.2,63.1,12.3,10.1,8.16,13.1,38,0,950,313,4.8,10.1,0,0,0,0,0,0,0,377,100,19,96
ALT,2007,5,27,3,15.6,75.4,13.3,11.3,8.83,13.1,38,0,949.8,75,1.7,5.4,0,0,0,0,0,0,0,376,100,19,96
ALT,2007,5,27,4,15.2,77.1,13.3,11.2,8.83,12.9,37.6,0,949.7,330,1.6,5.6,56,96,38,57,114,20,19,369,80,19,96
ALT,2007,5,27,5,15.2,75.7,13.1,10.9,8.7,12.7,37.3,0,950.1,353,1.3,4.2,191,275,114,147,338,57,55,364,68,19,96
ALT,2007,5,27,6,16.5,74.2,14,11.9,9.3,13.8,40.1,0,950.3,309,3.3,7.1,341,369,173,146,467,100,85,370,81,19,96
ALT,2007,5,27,7,16.6,75,14.2,12.2,9.43,14,40.6,0,950.6,307,4.4,6.5,300,63,261,135,195,152,124,378,100,19,96
ALT,2007,5,27,8,18.5,67,14.2,12.3,9.44,14.7,42.5,0,950.2,324,3.5,6.4,440,142,333,169,292,243,156,372,88,19,96
ALT,2007,5,27,9,19.7,62.1,14.2,12.2,9.44,15.1,43.8,0,949.9,308,4.9,7.6,544,187,389,196,332,317,182,380,100,19,96
ALT,2007,5,27,10,19.9,61.2,14.2,12.2,9.44,15.2,44,0,949.4,309,5.9,9.3,698,386,354,182,345,444,175,381,88,19,96
ALT,2007,5,27,11,19.4,62.9,14.2,12.2,9.45,15,43.5,0,948.9,311,6.9,11.1,481,112,380,194,216,274,196,382,100,19,96
ALT,2007,5,27,12,18.8,63.9,13.8,11.8,9.18,14.6,42.2,0,948.4,305,7.1,10.8,379,26,357,186,179,195,184,383,100,19,96
ALT,2007,5,27,13,18.8,64.2,13.9,11.9,9.26,14.6,42.4,0,947.8,307,6.7,10.9,301,25,282,147,142,154,155,382,100,19,96
ALT,2007,5,27,14,20,59.9,14,12,9.33,15.1,43.8,0,946.9,314,6.4,10.5,590,514,237,124,124,325,577,377,71,19,96
ALT,2007,5,27,15,19.6,61.8,14.1,12.1,9.4,15.1,43.6,0,946.7,304,6.5,10.4,434,408,201,104,103,201,501,380,84,19,96
ALT,2007,5,27,16,18,66.9,13.8,11.8,9.2,14.3,41.4,0,946.4,301,6.2,10,144,46,125,79,66,66,112,379,94,19,96
ALT,2007,5,27,17,17.9,67,13.7,11.7,9.14,14.2,41.2,0,946.3,305,5.5,9.3,19,0,19,10,9,9,9,378,100,19,96
ALT,2007,5,27,18,17.2,70.2,13.7,11.7,9.13,13.9,40.4,0,946.6,314,4.3,8.2,13,0,13,7,7,7,6,377,94,19,96
ALT,2007,5,27,19,16.8,69.5,13.3,11.2,8.86,13.5,39.3,0,947.3,315,4.8,7.7,0,0,0,0,0,0,0,375,100,19,96
ALT,2007,5,27,20,16.3,70.2,13,10.9,8.65,13.1,38.3,0,947.4,310,5.3,8.2,0,0,0,0,0,0,0,373,100,19,96
ALT,2007,5,27,21,15.7,66.4,11.9,9.5,7.91,12.2,35.8,0,947.4,326,8,12.5,0,0,0,0,0,0,0,372,100,19,96
ALT,2007,5,27,22,14.6,67.7,11.2,8.7,7.44,11.3,33.5,0,947.1,312,6.4,11.6,0,0,0,0,0,0,0,370,100,19,96
ALT,2007,5,27,23,13.4,77.4,11.9,9.5,7.91,11.2,33.5,1.1,947.1,300,4.3,7.5,0,0,0,0,0,0,0,368,100,19,96
ALT,2007,5,28,0,12.1,91.8,12.9,10.8,8.59,11.4,33.8,2.2,947,315,1.3,4.4,0,0,0,0,0,0,0,366,100,19,96
ALT,2007,5,28,1,11.5,94.6,12.9,10.7,8.59,11,33.2,3.9,947,306,2.3,8.2,0,0,0,0,0,0,0,362,100,19,96
ALT,2007,5,28,2,10.4,89.4,11.2,8.7,7.44,9.5,29.2,5.9,947.6,310,4.8,10.1,0,0,0,0,0,0,0,359,100,19,96
ALT,2007,5,28,3,9.4,89.4,10.6,7.7,7.03,8.5,27.2,4.6,947.8,288,3.6,7.3,0,0,0,0,0,0,0,356,100,19,96
ALT,2007,5,28,4,8.2,88.5,9.6,6.4,6.36,7.3,24.2,6.4,948.1,317,4.3,8.5,10,0,10,5,5,5,5,353,100,19,96
ALT,2007,5,28,5,7.2,88,8.9,5.3,5.89,6.3,22,5.3,948.8,302,3.3,7.1,95,16,90,51,62,44,42,350,100,19,96
ALT,2007,5,28,6,6,87.1,8.1,4,5.35,5.1,19.5,5.1,949,308,2.9,6.2,65,2,64,34,34,32,30,347,100,19,96
ALT,2007,5,28,7,5.5,85.9,7.8,3.3,5.15,4.5,18.5,0.9,949,98,2.2,5,114,0,114,59,57,56,53,346,100,19,96
ALT,2007,5,28,8,6.3,86.9,8.3,4.3,5.49,5.3,20.1,0.5,948.8,90,0.7,2.5,78,0,78,40,39,38,37,345,100,19,96
ALT,2007,5,28,9,6.6,86.6,8.4,4.5,5.55,5.6,20.6,0.6,949.3,84,1,2.7,65,0,65,34,33,32,30,343,100,19,96
ALT,2007,5,28,10,6.3,88.2,8.4,4.5,5.55,5.4,20.3,3,949.8,144,0.9,3.3,67,0,67,35,34,33,32,342,100,19,96
ALT,2007,5,28,11,5.8,89.8,8.3,4.3,5.48,5.1,19.6,2.7,949.7,166,2.6,4.7,70,0,70,37,35,35,33,341,100,19,96
ALT,2007,5,28,12,5.1,89.3,7.9,3.5,5.21,4.4,18.2,1.3,950.3,173,3.2,5.3,68,0,68,36,34,34,32,340,100,19,96
ALT,2007,5,28,13,5.1,89.9,7.9,3.6,5.21,4.4,18.2,1.6,950.6,168,2.3,5,77,0,77,40,39,38,36,339,100,19,96
ALT,2007,5,28,14,5.6,90.5,8.2,4.2,5.41,4.9,19.2,1,950.8,159,0.8,2.5,71,0,71,37,35,35,33,339,100,19,96
ALT,2007,5,28,15,6.2,89.4,8.5,4.6,5.61,5.4,20.3,0.3,951,225,0.5,2.2,49,0,49,25,24,24,23,339,100,19,96
ALT,2007,5,28,16,6.2,91.3,8.7,4.9,5.74,5.6,20.6,0.4,951,186,1,2.2,43,0,43,22,22,21,20,338,100,19,96
ALT,2007,5,28,17,6.4,90.7,8.7,5,5.74,5.7,20.8,0.6,951.5,180,0.3,1.4,10,0,10,5,5,5,5,338,100,19,96
ALT,2007,5,28,18,6.4,91.9,8.8,5.2,5.81,5.8,21,0.2,951.6,207,0.8,2.4,4,0,4,2,2,2,2,338,100,19,96
ALT,2007,5,28,19,6.4,93.1,9,5.4,5.94,5.9,21.3,0.8,951.9,173,0.8,2.1,0,0,0,0,0,0,0,338,100,19,96
ALT,2007,5,28,20,6.5,93.9,9.1,5.6,6,6.1,21.6,0.6,952.2,315,0.2,1.4,0,0,0,0,0,0,0,338,100,19,96
ALT,2007,5,28,21,7.1,95.3,9.6,6.4,6.34,6.7,23.1,0.5,952,360,1.1,3,0,0,0,0,0,0,0,338,100,19,96
ALT,2007,5,28,22,7.2,94.1,9.5,6.3,6.27,6.7,23,0.2,952,324,1.1,3.3,0,0,0,0,0,0,0,338,100,19,96
ALT,2007,5,28,23,7.3,93,9.5,6.2,6.27,6.7,23.1,0.6,952,339,1.6,4.7,0,0,0,0,0,0,0,338,100,19,96
ALT,2007,5,29,0,7.4,90.9,9.3,6,6.14,6.7,22.9,0.2,951.8,23,1.3,4.8,0,0,0,0,0,0,0,338,100,19,96
ALT,2007,5,29,1,7.8,88.4,9.4,6,6.21,6.9,23.4,0.2,951.6,321,1.7,5.8,0,0,0,0,0,0,0,339,100,19,96
ALT,2007,5,29,2,7.9,88.4,9.4,6.1,6.2,7,23.5,0.4,951.9,292,2.4,5.5,0,0,0,0,0,0,0,339,100,19,96
ALT,2007,5,29,3,7.9,87.5,9.3,6,6.14,6.9,23.4,0.4,951.9,268,3.2,7.1,0,0,0,0,0,0,0,339,100,19,96
ALT,2007,5,29,4,8.1,86.3,9.3,6,6.14,7,23.6,0.4,951.9,275,3.3,6.7,10,0,10,5,5,5,5,339,100,19,96
ALT,2007,5,29,5,8.5,84.8,9.4,6.1,6.2,7.3,24.1,0,951.8,283,2.6,8,63,6,61,33,36,30,29,340,100,19,96
ALT,2007,5,29,6,9.1,81.1,9.4,6,6.2,7.5,24.7,0.3,952.6,302,2.5,9.6,134,15,128,70,80,63,61,340,100,19,96
ALT,2007,5,29,7,9.8,73.1,8.9,5.2,5.86,7.5,24.6,0.2,953.3,343,3.5,10.6,133,1,132,69,68,66,63,341,100,19,96
ALT,2007,5,29,8,10.1,69.6,8.6,4.8,5.66,7.5,24.4,0.2,954.2,346,3.5,11.6,183,3,180,94,94,91,85,341,100,19,96
ALT,2007,5,29,9,10.6,67.9,8.7,4.9,5.72,7.8,25.1,0.1,955.2,360,3.5,11.6,125,0,125,66,63,62,59,342,100,19,96
ALT,2007,5,29,10,10.9,61.1,8,3.7,5.25,7.4,24.2,0,955.3,20,5.2,14.3,170,0,170,89,86,84,81,342,100,19,96
ALT,2007,5,29,11,11.3,61.2,8.2,4.1,5.38,7.7,24.9,0,955.9,355,5.8,15.2,174,0,174,91,88,86,82,343,100,19,96
ALT,2007,5,29,12,11.1,65.8,8.7,5,5.71,8,25.5,0,957,354,6.6,16.6,154,0,154,80,78,76,73,343,100,19,96
ALT,2007,5,29,13,10.5,71.1,9,5.5,5.9,8,25.4,0.2,958.2,351,5.7,15.3,180,0,180,94,91,89,85,342,100,19,96
ALT,2007,5,29,14,10.3,72.6,9.1,5.6,5.96,7.9,25.4,0,958.8,313,3.6,10.6,128,0,128,67,65,63,61,342,100,19,96
ALT,2007,5,29,15,10.3,70.7,8.8,5.2,5.76,7.7,24.9,0,959.6,283,2.8,7.2,50,0,50,26,25,25,24,341,100,19,96
ALT,2007,5,29,16,8.4,82.1,9,5.5,5.88,7,23.2,0,960.5,291,6.2,11.5,60,0,60,31,30,30,28,340,100,19,96
ALT,2007,5,29,17,8.4,80.3,8.8,5.2,5.75,6.8,22.9,0,961.2,285,4.9,8.7,31,0,31,16,16,15,15,339,100,19,96
ALT,2007,5,29,18,9,74.6,8.5,4.7,5.55,6.9,23,0,961.5,268,2.5,6,2,0,2,1,1,1,1,339,100,19,96
ALT,2007,5,29,19,9,72.3,8.3,4.3,5.41,6.7,22.7,0,962.3,270,1.6,4.9,0,0,0,0,0,0,0,337,100,19,96
ALT,2007,5,29,20,9.1,69.2,8,3.8,5.21,6.5,22.3,0,963.2,45,2.2,7.2,0,0,0,0,0,0,0,336,100,19,96
ALT,2007,5,29,21,9.1,66.1,7.6,3.1,4.94,6.3,21.6,0,963.6,308,1.9,7,0,0,0,0,0,0,0,335,100,19,96
ALT,2007,5,29,22,8.6,71.2,7.9,3.7,5.14,6.3,21.6,0,964.1,72,0.5,2,0,0,0,0,0,0,0,334,100,19,96
ALT,2007,5,29,23,8.2,73.1,7.9,3.7,5.14,6.1,21.2,0,964.1,143,0.7,1.8,0,0,0,0,0,0,0,332,100,19,96
ALT,2007,5,30,0,8,74.4,8,3.7,5.21,6,21.1,0,964,139,1,2.6,0,0,0,0,0,0,0,332,94,20,96
ALT,2007,5,30,1,7,82,8.2,4.1,5.34,5.6,20.4,0,963.7,145,2,3.7,0,0,0,0,0,0,0,321,53,20,96
ALT,2007,5,30,2,5.8,85.8,7.9,3.6,5.14,4.8,18.7,0,963.4,160,2.2,3.9,0,0,0,0,0,0,0,331,25,20,96
ALT,2007,5,30,3,5.6,80.4,7.3,2.5,4.75,4.2,17.5,0,963.4,139,2.3,3.9,2,0,2,1,1,1,1,330,29,20,96
ALT,2007,5,30,4,5.1,80.9,7.1,2.1,4.62,3.8,16.7,0,963.4,141,1.4,2.7,64,113,42,70,136,25,25,314,33,20,96
ALT,2007,5,30,5,5.8,77,7.1,2.1,4.62,4.1,17.4,0,963.4,120,0.9,2.9,263,583,85,215,629,49,49,310,13,20,96
ALT,2007,5,30,6,7.7,68,7.2,2.2,4.68,5.2,19.5,0,963.5,297,0.3,2.3,439,690,118,153,748,95,74,309,0,20,96
ALT,2007,5,30,7,9.5,59.1,7,1.9,4.55,6,21,0,962.9,129,0.7,2.6,610,758,145,94,774,270,98,318,13,20,96
ALT,2007,5,30,8,12.1,54.2,7.6,3.1,4.95,7.7,24.7,0,962.5,322,1.2,3.4,786,871,143,110,753,426,116,316,13,20,96
ALT,2007,5,30,9,13.4,45.3,7,1.8,4.56,7.8,25,0,962.1,329,2.5,5.4,884,867,161,124,602,539,131,337,0,20,96
ALT,2007,5,30,10,14.7,43.4,7.3,2.4,4.76,8.7,26.8,0,961.3,329,3,5.9,959,903,156,131,420,612,139,310,0,20,96
ALT,2007,5,30,11,16,42.1,7.7,3.1,5.03,9.5,28.8,0,960.8,331,3.8,7.2,962,863,182,137,176,626,283,316,38,20,96
ALT,2007,5,30,12,17.1,44.3,8.7,4.9,5.68,10.7,31.6,0,960.7,332,4.5,7.1,816,580,307,163,163,532,457,336,71,20,96
ALT,2007,5,30,13,17.1,48.4,9.5,6.1,6.21,11.2,32.9,0,960.5,318,4.8,8.4,566,224,388,194,189,331,369,354,100,20,96
ALT,2007,5,30,14,17.4,48.9,9.7,6.6,6.35,11.5,33.6,0,960.4,301,4.7,7.1,491,237,325,163,159,272,380,355,100,20,96
ALT,2007,5,30,15,17.1,46.8,9.1,5.6,5.95,11,32.3,0,960.3,310,5.3,7.7,420,336,229,134,116,182,447,334,71,20,96
ALT,2007,5,30,16,16.6,53,9.9,7,6.48,11.4,33.1,0,960.1,307,3.8,7,230,337,79,116,64,64,396,308,33,20,96
ALT,2007,5,30,17,14.2,56.6,9.1,5.7,5.95,9.8,29.3,0,960.1,261,0.9,3,43,0,43,40,40,40,40,321,19,20,96
ALT,2007,5,30,18,13.7,55.3,8.7,4.9,5.69,9.2,28.1,0,960.3,184,1.3,3.2,22,0,22,13,13,13,12,335,69,20,96
ALT,2007,5,30,19,12.6,62.5,9.1,5.6,5.95,9,27.7,0,960.9,153,2,3.6,0,0,0,0,0,0,0,354,100,20,96
ALT,2007,5,30,20,12.1,65,9.2,5.7,6.01,8.8,27.3,0,961.4,146,2.2,3.7,0,0,0,0,0,0,0,352,100,20,96
ALT,2007,5,30,21,11.4,67.4,9.1,5.6,5.94,8.4,26.4,0,961.7,148,1.5,2.8,0,0,0,0,0,0,0,349,100,20,96
ALT,2007,5,30,22,10.7,72,9.3,5.9,6.08,8.2,26.1,0,961.4,153,1.4,2.6,0,0,0,0,0,0,0,347,100,20,96
ALT,2007,5,30,23,10.4,74.1,9.3,6,6.08,8.2,25.8,0,961.2,160,1.2,2.9,0,0,0,0,0,0,0,344,100,20,96
ALT,2007,5,31,0,11,71.9,9.4,6.1,6.14,8.5,26.5,0,961.4,162,0.5,2,0,0,0,0,0,0,0,343,94,20,96
ALT,2007,5,31,1,11.2,69.6,9.3,5.9,6.08,8.5,26.6,0,961.1,155,1.9,3.5,0,0,0,0,0,0,0,344,100,20,96
ALT,2007,5,31,2,10.9,71.7,9.4,6,6.14,8.4,26.4,0,961.2,169,1.8,4.1,0,0,0,0,0,0,0,346,100,20,96
ALT,2007,5,31,3,10.9,73.8,9.6,6.4,6.27,8.6,26.8,0,961.3,162,0.8,3.3,1,0,1,0,0,0,0,347,100,20,96
ALT,2007,5,31,4,10.5,80,10.1,7.2,6.6,8.8,27.2,0,961.4,153,0.5,1.8,23,0,23,12,12,12,11,348,100,20,96
ALT,2007,5,31,5,11.3,80.5,10.8,8.1,7.06,9.6,29.2,0,962,0,0.2,1.6,40,0,40,21,20,20,19,349,100,20,96
ALT,2007,5,31,6,12,74.2,10.4,7.6,6.8,9.6,29.2,0,962.3,166,0.5,1.5,112,2,111,59,59,56,54,351,100,20,96
ALT,2007,5,31,7,12.7,68.2,10,7,6.53,9.7,29.3,0,961.9,159,1.4,4.1,278,46,250,131,173,141,120,356,100,20,96
ALT,2007,5,31,8,14.3,63.5,10.4,7.5,6.8,10.6,31.6,0,961.4,225,1.3,3.4,472,175,343,176,333,263,164,360,100,20,96
ALT,2007,5,31,9,15.8,61,10.9,8.3,7.14,11.6,33.9,0,960.7,297,1.4,4.2,622,308,364,188,401,379,178,356,75,20,96
ALT,2007,5,31,10,17.5,55.7,11.2,8.6,7.34,12.5,36.2,0,960.4,322,4.5,7.1,894,777,202,140,418,582,147,345,50,20,96
ALT,2007,5,31,11,19.1,52.4,11.6,9.1,7.61,13.4,38.5,0,959.7,318,4.3,7.4,689,325,395,202,242,438,271,361,78,20,96
ALT,2007,5,31,12,19,51.4,11.3,8.8,7.42,13.2,37.9,0,959.1,313,3.8,7.1,633,316,359,188,185,389,366,376,81,20,96
ALT,2007,5,31,13,20.6,49.4,12,9.6,7.89,14.2,40.7,0,958.1,331,3.1,5.4,687,491,288,156,155,422,499,367,74,20,96
ALT,2007,5,31,14,20.5,51.2,12.3,10.1,8.1,14.4,41.2,0,957.4,316,3.2,5.9,509,289,306,156,153,286,419,374,81,20,96
ALT,2007,5,31,15,21,46.5,11.6,9.1,7.63,14.1,40.5,0,956.8,215,3.1,11.4,330,147,244,128,123,164,268,373,100,20,96
ALT,2007,5,31,16,20.8,38.6,9.5,6,6.25,12.7,36.8,0,956.6,154,6.5,13.1,115,12,110,61,56,55,66,373,100,20,96
ALT,2007,5,31,17,20.5,35.4,8.6,4.6,5.63,12,34.9,0,956.4,142,7,13.3,16,0,16,8,8,8,8,372,100,20,96
ALT,2007,5,31,18,19.8,37.2,8.6,4.7,5.63,11.7,34.2,0,956.6,144,6.6,12.6,7,0,7,4,4,4,4,371,100,20,96
ALT,2007,5,31,19,19.1,39.9,8.6,4.8,5.67,11.5,33.5,0,956.8,141,4.9,10.8,0,0,0,0,0,0,0,362,88,20,96
ALT,2007,5,31,20,18,46.9,9.4,5.8,6.13,11.5,33.7,0,957.7,177,4.9,10.2,0,0,0,0,0,0,0,368,88,20,96
ALT,2007,5,31,21,17.1,53.6,10,6.8,6.58,11.6,33.8,0,958.8,261,4.9,12.1,0,0,0,0,0,0,0,366,100,20,96
ALT,2007,5,31,22,16.2,60.2,10.7,7.8,7.03,11.7,34.1,0,959.9,304,8.1,13.2,0,0,0,0,0,0,0,364,100,20,96
ALT,2007,5,31,23,15.4,67,11.4,8.8,7.49,11.8,34.4,0,961.4,323,7,12,0,0,0,0,0,0,0,362,100,20,96
ALT,2015,6,1,0,14.8,72.6,12,9.6,7.85,11.9,34.7,0,962.8,153,0.7,1.8,0,0,0,0,0,0,0,372,100,19,96
ALT,2015,6,1,1,14.2,77.4,12.5,10.2,8.15,11.9,34.9,0,964.1,150,0.9,1.6,0,0,0,0,0,0,0,373,100,19,96
ALT,2015,6,1,2,14,80,12.7,10.5,8.33,12,35.1,0,964.9,167,1.1,2,0,0,0,0,0,0,0,375,100,19,96
ALT,2015,6,1,3,14.1,80.8,12.9,10.8,8.45,12.2,35.5,0,965.7,157,0.9,1.5,3,0,3,1,1,1,1,362,68,19,96
ALT,2015,6,1,4,14.1,81,13,10.9,8.49,12.2,35.6,0,966,156,1.2,2.6,39,0,39,23,22,23,22,367,69,19,96
ALT,2015,6,1,5,14.7,78.6,13.1,11,8.56,12.5,36.4,0,966,162,1.5,2.7,48,0,48,49,49,49,49,357,48,19,96
ALT,2015,6,1,6,15.4,76.8,13.4,11.3,8.73,12.9,37.5,0,966,360,1,2.5,395,560,131,143,626,93,74,370,50,19,96
ALT,2015,6,1,7,16.9,71,13.6,11.5,8.9,13.7,39.6,0,965.9,342,1.5,2.7,569,683,148,92,706,249,94,371,46,19,96
ALT,2015,6,1,8,18.7,63.3,13.7,11.6,8.95,14.4,41.5,0,965.9,354,1.1,2.9,702,703,178,113,645,385,115,387,59,19,96
ALT,2015,6,1,9,20.3,59.4,14.1,12.1,9.22,15.3,43.8,0,965.6,320,1.7,3.7,800,708,210,129,553,488,132,383,61,19,96
ALT,2015,6,1,10,21.3,54.4,13.8,11.7,9.02,15.5,44.3,0,965.4,327,2.9,5.3,719,393,369,181,377,461,176,393,100,19,96
ALT,2015,6,1,11,22.1,54.5,14.5,12.5,9.49,16.2,46.3,0,965.1,321,3.1,5.8,781,499,329,168,197,508,303,393,81,19,96
ALT,2015,6,1,12,21.3,54.4,13.7,11.7,8.96,15.5,44.2,0,964.9,304,3.5,6.6,381,163,236,118,115,232,196,395,94,19,96
ALT,2015,6,1,13,21.9,54.7,14.4,12.4,9.42,16,46,0,964.9,333,3.9,7,202,8,195,100,95,104,100,398,100,19,96
ALT,2015,6,1,14,21.7,57.1,14.8,12.8,9.69,16.2,46.4,0,965,335,4.8,8.4,143,0,143,73,70,73,68,397,100,19,96
ALT,2015,6,1,15,20.8,62.8,15.3,13.5,10.02,16.2,46.4,0,965.1,322,2.2,5.8,85,0,85,43,41,43,41,396,100,19,96
ALT,2015,6,1,16,21.1,66.6,16.7,14.6,10.95,17,49,0,964.9,178,2.8,5.9,312,424,136,160,72,73,496,374,64,19,96
ALT,2015,6,1,17,18.7,74,15.9,14,10.41,15.8,45.2,1.3,966,343,3.8,9.3,57,3,56,30,28,29,30,394,94,19,96
ALT,2015,6,1,18,17,83.6,16.1,14.2,10.54,15.3,43.8,0.1,966.3,337,2.2,5.5,16,0,16,9,9,9,8,376,63,19,96
ALT,2015,6,1,19,15.6,90.1,16,14,10.47,14.6,42.2,0,966.7,324,1.3,3.9,0,0,0,0,0,0,0,350,16,19,96
ALT,2015,6,1,20,14.6,93.1,15.5,13.5,10.13,13.9,40.3,0,966.8,180,0.5,1.4,0,0,0,0,0,0,0,350,45,19,96
ALT,2015,6,1,21,14.3,93.4,15.2,13.2,9.93,13.6,39.5,0,967.3,315,0.8,2.3,0,0,0,0,0,0,0,379,100,19,96
ALT,2015,6,1,22,14.9,91.4,15.5,13.5,10.12,14,40.6,0,967.8,281,1.8,5.7,0,0,0,0,0,0,0,379,100,19,96
ALT,2015,6,1,23,15.3,89.9,15.6,13.7,10.19,14.3,41.2,0.3,967.7,122,2.2,7.4,0,0,0,0,0,0,0,360,68,19,96
ALT,2015,6,2,0,14.7,92,15.4,13.4,10.06,13.9,40.2,0,967.6,127,1.2,2.5,0,0,0,0,0,0,0,354,56,19,96
ALT,2015,6,2,1,13.6,94.3,14.7,12.7,9.6,13.1,37.9,0,967.2,143,0.9,2,0,0,0,0,0,0,0,362,80,19,96
ALT,2015,6,2,2,14.1,92.5,14.8,12.9,9.67,13.4,38.6,0,966.8,135,1.1,3.1,0,0,0,0,0,0,0,373,100,19,96
ALT,2015,6,2,3,13.8,93.9,14.8,12.8,9.67,13.2,38.3,0,967.2,135,1.1,2.3,0,0,0,0,0,0,0,363,71,19,96
ALT,2015,6,2,4,13.6,93.5,14.5,12.6,9.46,13,37.6,0,967.6,135,0.6,1.8,36,0,36,22,22,22,21,370,69,19,96
ALT,2015,6,2,5,14.1,92.5,14.9,12.9,9.72,13.4,38.7,0,968.3,207,0.9,1.8,82,0,82,53,52,53,51,363,65,19,96
ALT,2015,6,2,6,15.6,87.5,15.5,13.5,10.12,14.3,41.3,0,968.6,90,0.7,1.5,328,367,164,153,453,89,84,363,68,19,96
ALT,2015,6,2,7,17.1,80.6,15.7,13.7,10.25,15,43.1,0,968.6,45,0.4,2.2,346,177,239,122,289,169,116,385,81,19,96
ALT,2015,6,2,8,17.5,78.5,15.7,13.7,10.24,15.2,43.5,0,968.9,340,2,3.8,521,370,243,137,407,279,133,380,66,19,96
ALT,2015,6,2,9,18.3,73.2,15.4,13.4,10.05,15.3,43.9,0,968.7,344,2,3.7,830,800,163,122,567,489,126,372,45,19,96
ALT,2015,6,2,10,20.6,65.6,15.9,13.9,10.38,16.4,47.1,0,968.3,338,1.9,3.9,884,776,191,132,396,558,136,380,55,19,96
ALT,2015,6,2,11,21.9,61.4,16.1,14.1,10.52,17,48.8,0,967.8,320,2.5,4.3,940,890,133,125,162,586,248,367,33,19,96
ALT,2015,6,2,12,23,57,16,14,10.46,17.3,49.7,0,967.4,309,3.4,7.5,901,869,138,122,126,549,463,356,6,19,96
ALT,2015,6,2,13,23.5,56.7,16.4,14.4,10.73,17.7,50.9,0,967.1,305,3.5,6.8,813,835,138,113,116,463,621,340,0,19,96
ALT,2015,6,2,14,24,54.4,16.3,14.2,10.66,17.7,51.3,0,967.1,300,3.7,7.2,699,823,119,98,101,338,736,361,35,19,96
ALT,2015,6,2,15,23.6,52.5,15.3,13.3,10,17.1,49.2,0,967.3,296,3,6.8,287,93,232,119,112,142,204,386,75,19,96
ALT,2015,6,2,16,23.9,54.2,16,14.1,10.46,17.7,50.7,0,967.4,353,1.4,4.5,285,349,146,159,74,75,428,381,64,19,96
ALT,2015,6,2,17,23.3,58.9,16.8,14.8,10.99,17.8,51.4,0,967.6,270,0.7,2,149,289,66,133,41,41,329,367,39,19,96
ALT,2015,6,2,18,21.4,67.6,17.2,15.2,11.25,17.4,50.1,0,968.1,270,0.5,1.5,20,0,20,12,11,12,11,374,51,19,96
ALT,2015,6,2,19,20.2,71.3,16.8,14.8,10.98,16.8,48.2,0,968.6,174,1,3,0,0,0,0,0,0,0,363,39,19,96
ALT,2015,6,2,20,19.5,70.6,16,14,10.44,16.1,46.1,0,969.2,157,1.5,4.6,0,0,0,0,0,0,0,343,6,19,96
ALT,2015,6,2,21,18.5,70.8,15.1,13.1,9.84,15.2,43.5,0,969.6,168,1.6,4.9,0,0,0,0,0,0,0,334,0,19,96
ALT,2015,6,2,22,17.7,73.1,14.8,12.8,9.64,14.7,42.2,0,969.9,163,1.2,3,0,0,0,0,0,0,0,332,0,19,96
ALT,2015,6,2,23,16.9,77,14.8,12.8,9.64,14.4,41.4,0,970.1,171,0.7,1.6,0,0,0,0,0,0,0,333,13,19,96
ALT,2015,6,3,0,15.4,82.6,14.4,12.5,9.37,13.7,39.2,0,970.1,187,0.9,1.8,0,0,0,0,0,0,0,341,31,18,96
ALT,2015,6,3,1,15,83.2,14.2,12.2,9.24,13.3,38.4,0,970.4,0,0.4,1.2,0,0,0,0,0,0,0,333,0,18,96
ALT,2015,6,3,2,14.1,85.8,13.8,11.8,8.97,12.7,36.8,0,970.4,151,1.3,2.5,0,0,0,0,0,0,0,331,0,18,96
ALT,2015,6,3,3,14.1,84.2,13.5,11.5,8.77,12.6,36.3,0,970.6,173,1,2.4,3,0,3,2,2,2,2,332,0,18,96
ALT,2015,6,3,4,14,83,13.2,11.2,8.57,12.4,35.7,0,971,167,1.1,2.3,34,0,34,24,23,23,23,333,13,18,96
ALT,2015,6,3,5,14.4,83.2,13.6,11.6,8.83,12.8,36.8,0,971.3,180,0.7,2,45,0,45,44,44,44,44,334,0,18,96
ALT,2015,6,3,6,16.2,81.6,15,13.1,9.75,14.3,41,0,971.7,347,1.1,3,417,669,102,140,708,80,65,350,0,18,96
ALT,2015,6,3,7,18.8,73,15.8,13.9,10.28,15.8,45,0,971.9,343,1.4,2.9,590,775,112,81,753,231,84,352,0,18,96
ALT,2015,6,3,8,20.9,64.5,15.9,14,10.34,16.6,47.3,0,971.9,329,0.8,2,741,840,117,96,698,374,100,352,0,18,96
ALT,2015,6,3,9,21.9,62.1,16.4,14.3,10.68,17.1,49.2,0,971.6,344,1.6,3.4,856,879,121,108,566,488,113,338,0,18,96
ALT,2015,6,3,10,22.8,58.1,16.2,14.1,10.55,17.3,49.8,0,971.2,332,2.3,4.1,926,889,132,117,386,562,122,339,6,18,96
ALT,2015,6,3,11,24.1,53.8,16.1,14.2,10.49,17.8,50.9,0,970.8,331,3,5.3,946,899,131,119,156,581,239,344,13,18,96
ALT,2015,6,3,12,25.2,51,16.3,14.3,10.63,18.2,52.4,0,970.5,301,3.2,6.8,891,837,156,118,121,541,458,349,6,18,96
ALT,2015,6,3,13,26.2,46.6,15.8,13.9,10.3,18.3,52.6,0,970.2,325,5.3,9.5,809,821,145,108,111,455,614,347,0,18,96
ALT,2015,6,3,14,26.1,47.7,16.2,14.1,10.56,18.4,53.2,0,970.1,332,6.1,9.9,694,821,117,92,94,328,729,345,13,18,96
ALT,2015,6,3,15,25.8,47.5,15.8,13.8,10.3,18.1,52.2,0,970.1,330,5.7,9.6,498,617,137,88,86,183,639,361,53,18,96
ALT,2015,6,3,16,24.7,50.8,15.8,13.8,10.3,17.8,51.1,0,970.2,333,3.7,7.4,89,6,87,45,41,43,47,393,94,18,96
ALT,2015,6,3,17,24.1,52.7,15.8,13.8,10.29,17.6,50.4,0,970.5,303,1.9,4.6,46,9,43,25,21,22,29,411,100,18,96
ALT,2015,6,3,18,23.3,54.4,15.5,13.6,10.09,17.2,49.1,0,971.1,347,1.1,3.4,7,0,7,4,4,4,3,409,94,18,96
ALT,2015,6,3,19,23.2,53.6,15.2,13.3,9.88,17,48.5,0,971.8,335,1.9,6,0,0,0,0,0,0,0,388,65,18,96
ALT,2015,6,3,20,21.1,65.6,16.4,14.4,10.67,16.9,48.3,0,972.4,101,0.9,2.2,0,0,0,0,0,0,0,385,64,18,96
ALT,2015,6,3,21,20.2,69.6,16.4,14.5,10.66,16.6,47.4,0,972.9,117,0.5,0.9,0,0,0,0,0,0,0,382,44,18,96
ALT,2015,6,3,22,19.1,74.5,16.4,14.5,10.66,16.2,46.2,0,973.1,90,0.5,1,0,0,0,0,0,0,0,369,36,18,96
ALT,2015,6,3,23,18.2,78,16.3,14.3,10.6,15.8,45.2,0,973,270,0.4,1.1,0,0,0,0,0,0,0,347,13,18,96
ALT,2015,6,4,0,16.9,83.2,16,14,10.4,15.1,43.3,0,973.1,135,0.3,0.8,0,0,0,0,0,0,0,340,0,18,96
ALT,2015,6,4,1,16.2,83.9,15.5,13.5,10.07,14.5,41.8,0,973.2,180,0.5,1.4,0,0,0,0,0,0,0,340,0,18,96
ALT,2015,6,4,2,15.7,85.3,15.2,13.2,9.87,14.2,40.8,0,973.2,166,0.5,1,0,0,0,0,0,0,0,341,0,18,96
ALT,2015,6,4,3,14.8,88.9,14.9,13,9.67,13.7,39.3,0,973.3,180,0.3,1.2,4,0,4,2,2,2,2,341,0,18,96
ALT,2015,6,4,4,15,87.3,14.8,12.9,9.6,13.7,39.4,0,973.3,180,0.5,1.1,34,0,34,24,23,23,23,342,0,18,96
ALT,2015,6,4,5,14.8,88.4,14.8,12.9,9.6,13.7,39.2,0,973.4,162,0.3,1,40,0,40,43,44,43,44,342,0,18,96
ALT,2015,6,4,6,16.6,84.3,15.9,13.9,10.33,14.9,42.8,0,973.3,353,0.9,2.2,422,689,98,142,725,80,65,343,0,18,96
ALT,2015,6,4,7,18.8,77.1,16.7,14.7,10.86,16.2,46.4,0,973.1,342,1.6,2.6,590,774,112,82,754,231,85,345,0,18,96
ALT,2015,6,4,8,20.3,71.5,17.1,15,11.13,16.9,48.7,0,972.8,339,1.5,2.8,737,826,123,99,695,374,102,347,0,18,96
ALT,2015,6,4,9,21.4,70,17.8,15.7,11.6,17.7,51,0,972.6,332,1.8,3.1,835,813,154,114,561,487,118,349,13,18,96
ALT,2015,6,4,10,22.3,68.1,18.3,16.1,11.93,18.3,52.8,0,972.3,337,2.2,4,915,869,139,119,387,557,124,350,0,18,96
ALT,2015,6,4,11,23.1,64.8,18.3,16.1,11.94,18.5,53.6,0,971.8,354,3,5.5,947,916,116,119,154,576,233,352,0,18,96
ALT,2015,6,4,12,24.3,63.5,19.2,16.9,12.54,19.4,56.4,0,971.3,4,3.2,5.7,907,890,124,116,120,540,451,355,0,18,96
ALT,2015,6,4,13,25.5,61.3,20,17.5,13.08,20.1,59,0,970.8,344,2.8,5.3,812,834,136,108,112,454,612,356,0,18,96
ALT,2015,6,4,14,26.1,58.9,19.9,17.4,13.02,20.2,59.5,0,970.3,342,2,3.8,673,746,147,98,100,330,695,357,19,18,96
ALT,2015,6,4,15,25.6,58.2,19.1,16.8,12.5,19.7,57.6,0,969.8,37,0.7,2.3,554,789,104,93,79,169,789,380,6,18,96
ALT,2015,6,4,16,25.7,61.3,20.2,17.7,13.23,20.3,59.6,0,969.6,158,0.8,2,372,689,85,181,57,56,724,389,0,18,96
ALT,2015,6,4,17,25.7,62.8,20.6,18.1,13.5,20.5,60.3,0,969.6,207,0.7,2,138,283,55,123,36,37,314,385,13,18,96
ALT,2015,6,4,18,23.9,72.2,21.4,18.6,14.03,20.3,59.8,0,969.9,104,0.7,1.6,23,0,23,13,13,13,12,383,26,18,96
ALT,2015,6,4,19,23,70.3,19.7,17.3,12.89,19.2,55.9,0,970.5,153,0.9,1.8,0,0,0,0,0,0,0,358,0,18,96
ALT,2015,6,4,20,21.1,75.3,18.8,16.6,12.28,18.2,52.4,0,971,173,0.9,2.3,0,0,0,0,0,0,0,356,0,18,96
ALT,2015,6,4,21,19.7,79.1,18.1,16,11.81,17.3,49.8,0,971.1,156,1,1.8,0,0,0,0,0,0,0,353,0,18,96
ALT,2015,6,4,22,19.7,74.6,17.1,15.1,11.15,16.8,48.1,0,970.9,171,0.8,2.6,0,0,0,0,0,0,0,351,0,18,96
ALT,2015,6,4,23,18.8,76.9,16.6,14.7,10.82,16.2,46.3,0,970.7,146,0.5,1.6,0,0,0,0,0,0,0,348,0,18,96
ALT,2015,6,5,0,17.7,80.2,16.2,14.2,10.56,15.5,44.5,0,970.7,141,0.9,2,0,0,0,0,0,0,0,347,0,18,96
ALT,2015,6,5,1,16.1,86.1,15.7,13.8,10.23,14.7,42.1,0,970.6,169,0.7,1.8,0,0,0,0,0,0,0,348,0,18,96
ALT,2015,6,5,2,16.2,82.2,15.1,13.2,9.83,14.4,41.2,0,970.5,163,1.4,2.3,0,0,0,0,0,0,0,348,0,18,96
ALT,2015,6,5,3,16.3,78.9,14.5,12.6,9.44,14.1,40.3,0,970.4,162,1,2,4,0,4,2,2,2,2,349,0,18,96
ALT,2015,6,5,4,16.1,79.5,14.5,12.6,9.43,14,40.1,0,970.5,180,0.8,1.5,33,0,33,23,23,23,22,359,0,18,96
ALT,2015,6,5,5,16.3,80.5,14.9,12.9,9.7,14.2,40.9,0,970.4,180,0.3,1.2,42,0,42,43,44,43,44,351,0,18,96
ALT,2015,6,5,6,18.2,82,17.1,15.1,11.16,16.2,46.6,0,970.3,27,0.8,1.8,421,692,95,141,724,78,64,352,0,18,96
ALT,2015,6,5,7,20.6,71,17.2,15.2,11.22,17.1,49.2,0,970.4,345,1.6,3.1,589,773,111,81,751,226,83,353,0,18,96
ALT,2015,6,5,8,22.3,67.4,18.1,16,11.82,18.2,52.5,0,970.4,337,1.5,3.3,733,815,126,97,688,369,101,355,0,18,96
ALT,2015,6,5,9,23.7,62.1,18.2,16,11.89,18.7,54.1,0,970.2,302,1.7,2.9,849,861,127,109,563,482,113,356,0,18,96
ALT,2015,6,5,10,25,60.2,19,16.8,12.43,19.5,56.8,0,969.7,326,2,3.3,926,905,116,115,379,552,120,358,0,18,96
ALT,2015,6,5,11,26.3,59.3,20.2,17.7,13.24,20.5,60.2,0,969.2,329,2.5,4.4,941,901,123,117,154,571,233,361,0,18,96
ALT,2015,6,5,12,27.5,57.3,21,18.3,13.78,21.2,62.8,0,968.6,319,2.9,5.6,903,878,130,114,118,536,449,365,0,18,96
ALT,2015,6,5,13,28.2,53.9,20.5,18,13.46,21.2,62.7,0,968.1,307,3.2,5.8,802,800,153,109,112,451,604,377,0,18,96
ALT,2015,6,5,14,28.6,52.7,20.6,18,13.53,21.4,63.3,0,967.6,309,2.3,4.7,678,759,142,96,98,328,699,375,0,18,96
ALT,2015,6,5,15,28.8,52.5,20.8,18.1,13.68,21.5,63.9,0,966.8,317,2.2,4.8,547,770,107,95,78,164,772,372,0,18,96
ALT,2015,6,5,16,27.1,60.1,21.5,18.7,14.15,21.3,63.4,0,966.5,22,1,2.4,385,693,95,191,59,58,736,388,16,18,96
ALT,2015,6,5,17,27.2,57.7,20.7,18.1,13.62,21,62.1,0,966.2,214,1,2.6,138,255,62,117,38,39,290,402,48,18,96
ALT,2015,6,5,18,25.2,65.2,20.8,18.2,13.68,20.4,60.2,0,966.8,225,0.9,3.1,26,0,26,15,14,15,14,386,35,18,96
ALT,2015,6,5,19,23.5,69.3,20,17.6,13.13,19.5,57.1,0,967.2,180,1.2,2,0,0,0,0,0,0,0,365,0,18,96
ALT,2015,6,5,20,22.9,67,18.7,16.4,12.26,18.6,54.2,0,967.7,160,1.6,3.6,0,0,0,0,0,0,0,370,13,18,96
ALT,2015,6,5,21,21.5,70.2,18,15.8,11.78,17.8,51.6,0,968.4,194,1,2.6,0,0,0,0,0,0,0,371,19,18,96
ALT,2015,6,5,22,19.9,76.4,17.8,15.6,11.64,17.1,49.6,0,968.7,162,0.9,2.2,0,0,0,0,0,0,0,359,0,18,96
ALT,2015,6,5,23,21.1,71.8,17.8,15.8,11.63,17.7,50.8,0,970.1,327,3.7,13.5,0,0,0,0,0,0,0,358,6,18,96
ALT,2015,6,6,0,22.5,62.9,17.1,15.1,11.15,17.7,51,0,971.1,5,3.2,10.5,0,0,0,0,0,0,0,372,50,17,96
ALT,2015,6,6,1,21.9,65,17.1,15,11.15,17.5,50.4,0,970.9,141,2.3,5,0,0,0,0,0,0,0,372,44,17,96
ALT,2015,6,6,2,21.6,62.9,16.2,14.2,10.56,16.9,48.6,0,970.5,135,4.5,8.1,0,0,0,0,0,0,0,356,0,17,96
ALT,2015,6,6,3,21.5,60.5,15.4,13.5,10.03,16.5,47.1,0,970.6,131,3.1,6.1,0,0,0,0,0,0,0,363,31,17,96
ALT,2015,6,6,4,20.8,62.1,15.2,13.3,9.89,16.1,46,0,970.8,157,1.7,3.8,41,0,41,24,23,23,22,384,68,17,96
ALT,2015,6,6,5,20.9,66.1,16.3,14.3,10.62,16.7,48,0,971.2,166,0.7,3.2,67,0,67,49,48,48,47,379,56,17,96
ALT,2015,6,6,6,21.3,70.1,17.8,15.6,11.61,17.6,50.9,0,971.5,22,0.6,1.8,425,704,94,142,733,76,62,352,13,17,96
ALT,2015,6,6,7,22.4,69,18.7,16.4,12.21,18.5,53.6,0,971.4,347,1.9,4.3,596,794,104,78,761,222,81,351,0,17,96
ALT,2015,6,6,8,23,64.2,18,15.9,11.74,18.4,53,0,971.5,330,2.4,4.7,735,818,126,95,687,366,98,352,6,17,96
ALT,2015,6,6,9,24.2,62.9,18.9,16.7,12.34,19.2,55.8,0,971.3,315,1.7,2.9,856,880,118,105,562,478,110,354,0,17,96
ALT,2015,6,6,10,24.9,64.6,20.3,17.8,13.28,20.1,58.9,0,970.9,339,2.3,3.8,922,892,124,112,379,548,117,356,0,17,96
ALT,2015,6,6,11,26.5,53.7,18.6,16.4,12.16,19.8,57.7,0,970.4,319,2.9,6.6,941,901,121,114,150,566,228,364,0,17,96
ALT,2015,6,6,12,28,46.6,17.6,15.5,11.49,19.7,57.5,0,970,334,5.3,11.1,897,863,137,112,116,530,445,368,0,17,96
ALT,2015,6,6,13,28.7,45.2,17.7,15.7,11.57,20.1,58.4,0,969.6,338,6.6,10.3,785,754,170,112,114,439,577,386,41,17,96
ALT,2015,6,6,14,28.3,48.3,18.6,16.3,12.17,20.3,59.5,0,969.4,329,5.4,9.4,370,175,240,116,112,199,265,417,94,17,96
ALT,2015,6,6,15,26.8,51.7,18.2,16,11.9,19.7,57.3,0,969.5,323,3.6,6.4,77,0,77,39,37,38,36,419,100,17,96
ALT,2015,6,6,16,25.8,55.1,18.2,16.1,11.9,19.4,56.3,0,969.5,310,2,4.7,23,0,23,12,11,11,11,417,100,17,96
ALT,2015,6,6,17,22.3,79.4,21.3,18.6,13.96,19.8,57.9,2,970.3,151,3,10.3,14,0,14,7,7,7,7,414,100,17,96
ALT,2015,6,6,18,20.7,81.2,19.7,17.4,12.87,18.5,53.5,1,971.7,158,6.3,11.5,12,0,12,6,6,6,6,412,100,17,96
ALT,2015,6,6,19,19.5,89.3,20.2,17.7,13.16,18.3,53,0.5,974.8,135,1,3,0,0,0,0,0,0,0,408,100,17,96
ALT,2015,6,6,20,19.2,91.6,20.3,17.8,13.22,18.3,52.8,2.5,975.7,158,2.1,7,0,0,0,0,0,0,0,405,100,17,96
ALT,2015,6,6,21,18.8,91.4,19.9,17.4,12.96,17.9,51.8,0.2,974.7,139,2.4,6.8,0,0,0,0,0,0,0,402,100,17,96
ALT,2015,6,6,22,18.6,84.3,18,15.9,11.72,16.9,48.4,0,973.1,136,3.4,7.3,0,0,0,0,0,0,0,390,94,17,96
ALT,2015,6,6,23,17.8,85.7,17.4,15.4,11.32,16.3,46.6,0,973.4,63,1.8,6.1,0,0,0,0,0,0,0,396,100,17,96
ALT,2015,6,7,0,17.1,90.3,17.6,15.5,11.44,16.1,46.2,0,974.2,256,1.1,2.8,0,0,0,0,0,0,0,395,100,18,96
ALT,2015,6,7,1,16.7,91.1,17.4,15.2,11.31,15.8,45.4,0,974,135,0.9,1.8,0,0,0,0,0,0,0,383,94,18,96
ALT,2015,6,7,2,17,85.8,16.6,14.6,10.79,15.5,44.4,0,973.6,133,2.3,5.4,0,0,0,0,0,0,0,380,94,18,96
ALT,2015,6,7,3,16.5,86.6,16.3,14.3,10.59,15.1,43.4,0,973.9,304,1.1,2.2,3,0,3,1,1,1,1,366,53,18,96
ALT,2015,6,7,4,15.7,90.2,16,14.1,10.39,14.7,42.1,0,973.8,156,1.1,2.6,34,0,34,24,23,24,23,366,33,18,96
ALT,2015,6,7,5,16.1,86.7,15.8,13.9,10.26,14.7,42.2,0,973.4,141,1.7,3.6,42,0,42,44,45,45,45,353,0,18,96
ALT,2015,6,7,6,17.4,83.2,16.5,14.5,10.73,15.6,44.7,0,973.1,22,0.7,2,428,702,97,162,736,64,66,338,0,18,96
ALT,2015,6,7,7,19.3,74.7,16.7,14.7,10.86,16.4,47,0,973,340,2.1,3.7,594,770,117,84,754,230,86,338,0,18,96
ALT,2015,6,7,8,21.1,67.2,16.9,14.8,11,17.1,49.2,0,972.8,336,1.1,3,744,830,125,100,700,373,104,338,0,18,96
ALT,2015,6,7,9,22.4,66.1,17.9,15.8,11.66,18.1,52.2,0,972.5,327,2.2,3.9,866,892,117,111,573,486,116,338,0,18,96
ALT,2015,6,7,10,23.4,68,19.5,17.2,12.73,19.3,55.9,0,972.1,335,3.3,5.7,946,928,115,118,389,562,124,356,6,18,96
ALT,2015,6,7,11,24.6,63.6,19.6,17.2,12.81,19.7,57.4,0,971.6,319,3.4,5.7,912,794,189,132,168,566,259,380,35,18,96
ALT,2015,6,7,12,25.5,59.8,19.5,17.1,12.75,19.9,58.1,0,970.9,297,3.2,6.8,887,810,172,124,127,538,456,382,39,18,96
ALT,2015,6,7,13,26.3,60.1,20.5,17.9,13.42,20.6,60.7,0,970.3,314,3.5,7.1,809,800,158,113,116,454,610,380,23,18,96
ALT,2015,6,7,14,26.5,58.1,20.1,17.6,13.17,20.5,60.2,0,969.6,323,3.9,7.3,678,737,156,100,102,333,693,387,23,18,96
ALT,2015,6,7,15,25.7,60.1,19.8,17.4,12.98,20.1,58.9,0,968.8,329,4.2,8.1,476,526,164,99,93,185,575,410,61,18,96
ALT,2015,6,7,16,25,60,19,16.7,12.44,19.5,56.8,0,968.7,330,3.9,6.8,241,225,153,137,74,76,304,406,81,18,96
ALT,2015,6,7,17,23.2,65.6,18.4,16.4,12.03,18.7,53.9,3.5,970,338,4.3,9.8,81,31,71,46,34,35,66,414,100,18,96
ALT,2015,6,7,18,20.6,78.7,19,16.8,12.42,18.1,52.3,3.1,970.3,360,2.8,6.7,18,0,18,9,9,9,8,412,100,18,96
ALT,2015,6,7,19,19.9,77.7,18,15.9,11.74,17.3,49.8,0,971.4,313,3.6,9,0,0,0,0,0,0,0,408,100,18,96
ALT,2015,6,7,20,18.3,79,16.5,14.6,10.73,16,45.6,0.3,973,337,3.1,9.4,0,0,0,0,0,0,0,404,100,18,96
ALT,2015,6,7,21,18,84.5,17.4,15.3,11.33,16.3,46.8,0,972.6,143,1.8,4.1,0,0,0,0,0,0,0,400,100,18,96
ALT,2015,6,7,22,17.8,85.1,17.4,15.3,11.34,16.2,46.6,0,971.7,149,1.7,3.3,0,0,0,0,0,0,0,396,100,18,96
ALT,2015,6,7,23,17,89.4,17.3,15.2,11.28,15.9,45.7,0,971.1,281,1.2,2.3,0,0,0,0,0,0,0,392,100,18,96
ALT,2015,6,8,0,17.1,88.4,17.2,15.2,11.22,15.9,45.6,0,971.1,309,1.6,5.6,0,0,0,0,0,0,0,389,100,19,96
ALT,2015,6,8,1,17.5,84.5,16.9,14.9,11.02,15.9,45.5,0,971.1,288,1.3,3.7,0,0,0,0,0,0,0,390,100,19,96
ALT,2015,6,8,2,17.2,86.8,17,15,11.09,15.8,45.4,0,970.6,126,1.1,2.5,0,0,0,0,0,0,0,390,100,19,96
ALT,2015,6,8,3,16.8,89.3,17.1,15,11.16,15.7,45.1,0,970.2,225,1,2.9,3,0,3,2,2,2,2,390,100,19,96
ALT,2015,6,8,4,16.9,88.6,17,15,11.1,15.7,45.1,0,969.9,311,1,2.4,46,0,46,26,25,26,24,385,88,19,96
ALT,2015,6,8,5,17.5,87.3,17.4,15.4,11.36,16.2,46.4,0,969.9,18,0.8,2.4,83,0,83,44,41,43,41,391,100,19,96
ALT,2015,6,8,6,17.9,85.8,17.5,15.5,11.43,16.4,47,0,969.9,345,1.2,2.4,267,155,197,137,257,98,93,386,88,19,96
ALT,2015,6,8,7,18.7,83.1,17.9,15.8,11.7,16.8,48.5,0,969.7,338,1.7,3.6,332,119,256,128,241,168,121,382,88,19,96
ALT,2015,6,8,8,20.1,77.2,18.1,16,11.83,17.4,50.2,0,969.5,332,2.9,5.8,459,161,338,167,308,252,159,391,75,19,96
ALT,2015,6,8,9,20.8,73.1,17.9,15.8,11.7,17.6,50.6,0,969.5,333,3.4,5.8,429,112,337,169,250,236,160,400,94,19,96
ALT,2015,6,8,10,20.1,73.7,17.4,15.3,11.37,17,49.1,0,969.5,314,3.3,5.2,305,18,289,147,148,159,137,402,100,19,96
ALT,2015,6,8,11,21.1,70.8,17.7,15.6,11.58,17.6,50.6,0,968.8,317,3.5,7.6,295,16,280,142,139,153,136,402,100,19,96
ALT,2015,6,8,12,21.4,70.4,17.9,15.8,11.72,17.8,51.3,0,968.2,293,3.2,5.9,122,0,122,62,59,62,58,406,100,19,96
ALT,2015,6,8,13,22.2,66.1,17.7,15.6,11.59,17.9,51.8,0,967.6,300,2.3,4.8,218,16,205,104,99,113,110,404,100,19,96
ALT,2015,6,8,14,23,61.4,17.3,15.2,11.33,18,52,0,967,282,2.3,4.8,327,73,273,138,131,173,195,401,100,19,96
ALT,2015,6,8,15,22.6,61.2,16.8,14.8,11,17.6,50.7,0,966.8,293,2,6.1,104,0,104,53,50,52,49,399,100,19,96
ALT,2015,6,8,16,22.2,62,16.6,14.6,10.87,17.4,50,0,966.6,319,3.2,7.2,58,0,58,30,28,29,28,397,100,19,96
ALT,2015,6,8,17,20.8,67.7,16.6,14.6,10.87,16.9,48.5,0,966.9,338,4.7,8.4,29,0,29,15,14,15,14,395,100,19,96
ALT,2015,6,8,18,19.8,69.1,16,14,10.46,16.2,46.4,0,967.6,335,4.7,9,19,0,19,10,10,10,10,392,94,19,96
ALT,2015,6,8,19,18.5,74.1,15.7,13.8,10.25,15.6,44.6,0,968.1,107,3.7,7.3,0,0,0,0,0,0,0,390,100,19,96
ALT,2015,6,8,20,17.8,79.7,16.3,14.2,10.65,15.6,44.9,0,968.5,135,1.7,3.4,0,0,0,0,0,0,0,385,100,19,96
ALT,2015,6,8,21,17,86.4,16.7,14.7,10.91,15.6,44.7,0,968.8,122,1.9,2.8,0,0,0,0,0,0,0,385,100,19,96
ALT,2015,6,8,22,16.9,85.7,16.5,14.5,10.78,15.4,44.3,0,968.5,119,1.3,2.1,0,0,0,0,0,0,0,380,88,19,96
ALT,2015,6,8,23,16.9,83.2,16,14,10.45,15.1,43.5,0,968.3,326,1.5,5.2,0,0,0,0,0,0,0,381,94,19,96
ALT,2015,6,9,0,16.4,80,14.9,12.9,9.72,14.3,41.1,0,967.9,329,3.4,5.9,0,0,0,0,0,0,0,379,100,19,96
ALT,2015,6,9,1,16.1,80,14.7,12.7,9.59,14.1,40.5,0,967.7,325,3.4,5.9,0,0,0,0,0,0,0,379,100,19,96
ALT,2015,6,9,2,15.9,81.1,14.7,12.7,9.6,14,40.3,0,967.5,329,2.7,5,0,0,0,0,0,0,0,379,100,19,96
ALT,2015,6,9,3,15.6,82.9,14.7,12.7,9.6,13.9,40,0,967.6,325,2.2,4.9,1,0,1,0,0,0,0,379,100,19,96
ALT,2015,6,9,4,15.3,84.7,14.7,12.7,9.59,13.7,39.6,0,967.8,309,2.8,5.4,9,0,9,5,5,5,4,379,100,19,96
ALT,2015,6,9,5,15.4,83.6,14.6,12.6,9.53,13.7,39.6,0,967.9,315,2.5,4.6,43,0,43,22,21,22,21,379,100,19,96
ALT,2015,6,9,6,15.3,85.1,14.7,12.8,9.59,13.8,39.6,0,968,317,1.9,3.5,95,0,95,48,46,48,45,380,100,19,96
ALT,2015,6,9,7,15.5,84,14.8,12.8,9.66,13.9,40,0,968,298,2,3.7,158,0,158,80,76,80,75,382,100,19,96
ALT,2015,6,9,8,15.9,82.4,14.8,12.9,9.66,14.1,40.4,0,968,315,2.2,5.9,199,0,199,101,96,101,95,383,100,19,96
ALT,2015,6,9,9,16.2,81.2,15,13,9.79,14.3,41.1,0,968.1,330,4.1,6.8,211,0,211,108,102,107,100,385,100,19,96
ALT,2015,6,9,10,16.8,78.3,15,13,9.79,14.5,41.7,0,968.1,334,5.3,8.3,241,0,240,123,116,122,114,387,100,19,96
ALT,2015,6,9,11,17.2,76.7,15.1,13.1,9.86,14.7,42.3,0,968.1,338,4.9,7.8,153,0,153,78,74,77,73,388,100,19,96
ALT,2015,6,9,12,16.5,78.6,14.8,12.8,9.66,14.3,41,0,968.1,338,4.6,7.4,109,0,109,56,53,55,52,389,100,19,96
ALT,2015,6,9,13,16,78.6,14.3,12.3,9.32,13.8,39.7,0,968.5,333,4.6,7.7,70,0,70,36,34,35,33,389,100,19,96
ALT,2015,6,9,14,15.6,81.3,14.4,12.4,9.39,13.7,39.4,0,968.6,342,4.2,6.9,60,0,60,31,29,31,29,388,100,19,96
ALT,2015,6,9,15,15.6,81.9,14.5,12.5,9.45,13.7,39.6,0,968.6,342,2.7,5.3,94,0,94,48,46,48,45,387,100,19,96
ALT,2015,6,9,16,15.5,82.1,14.4,12.5,9.39,13.7,39.3,0,968.3,360,0.7,2.8,109,1,109,56,53,55,53,387,100,19,96
ALT,2015,6,9,17,15.6,81,14.3,12.4,9.32,13.7,39.3,0,968.3,248,0.6,1.6,39,0,39,20,19,20,18,383,100,19,96
ALT,2015,6,9,18,15.5,84.4,14.9,12.9,9.72,13.9,40.2,0,968.4,0,0,0,9,0,9,5,4,5,4,385,100,19,96
ALT,2015,6,9,19,15.5,84.5,14.9,12.9,9.72,13.9,40.2,0,968.6,360,0.1,1.6,0,0,0,0,0,0,0,384,100,19,96
ALT,2015,6,9,20,15.3,85.1,14.8,12.8,9.65,13.8,39.8,0,968.8,288,0.7,1.8,0,0,0,0,0,0,0,382,100,19,96
ALT,2015,6,9,21,15.2,86.7,15,13,9.78,13.9,40,0,968.6,330,0.8,1.8,0,0,0,0,0,0,0,381,100,19,96
ALT,2015,6,9,22,15.2,86.5,14.9,13,9.72,13.9,39.9,0,968.5,308,1.2,2.4,0,0,0,0,0,0,0,380,100,19,96
ALT,2015,6,9,23,14.9,89,15,13.1,9.79,13.8,39.7,0,968.4,220,1.1,2,0,0,0,0,0,0,0,378,100,19,96
ALT,2015,6,10,0,14.5,93.4,15.4,13.4,10.05,13.8,40,0,968.1,207,0.4,1.3,0,0,0,0,0,0,0,360,90,19,96
ALT,2015,6,10,1,14.5,89.9,14.9,12.9,9.72,13.5,39.1,0,968.3,304,1.1,2.8,0,0,0,0,0,0,0,368,81,19,96
ALT,2015,6,10,2,14.7,85.7,14.3,12.3,9.32,13.3,38.3,0,968.4,315,1.8,4,0,0,0,0,0,0,0,379,100,19,96
ALT,2015,6,10,3,14.7,85.3,14.2,12.3,9.26,13.3,38.2,0,968.5,135,1.1,3.2,2,0,2,1,1,1,1,379,100,19,96
ALT,2015,6,10,4,14.5,86.6,14.3,12.3,9.32,13.2,38.1,0,968.5,9,1,2.2,18,0,18,9,9,9,9,380,100,19,96
ALT,2015,6,10,5,14.5,85.3,14.1,12.1,9.19,13.1,37.8,0,968.6,318,1.6,3,35,0,35,18,17,18,17,380,100,19,96
ALT,2015,6,10,6,14.8,84.2,14.2,12.2,9.25,13.3,38.3,0,968.9,333,0.9,2.1,169,25,158,87,103,80,76,381,100,19,96
ALT,2015,6,10,7,15,84.4,14.3,12.4,9.31,13.5,38.6,0,969.2,344,0.8,1.8,99,0,99,51,48,50,47,383,100,19,96
ALT,2015,6,10,8,15.1,84.9,14.5,12.6,9.45,13.6,39.1,0.1,969.1,326,0.8,1.8,175,0,175,90,86,89,84,386,100,19,96
ALT,2015,6,10,9,15.6,83.7,14.9,12.9,9.71,14,40.3,0,969.2,330,1.5,2.8,308,14,296,152,155,160,142,388,100,19,96
ALT,2015,6,10,10,16.7,80.1,15.2,13.3,9.91,14.6,41.9,0,969.2,323,1.3,2.9,317,37,284,145,160,171,136,387,100,19,96
ALT,2015,6,10,11,17,77,14.9,12.9,9.71,14.5,41.7,0,969.3,317,2,3.8,426,53,378,192,185,231,204,392,100,19,96
ALT,2015,6,10,12,18.9,70.8,15.4,13.5,10.04,15.6,44.5,0,969.1,313,2.7,5.3,624,260,394,196,189,376,347,391,100,19,96
ALT,2015,6,10,13,18.9,69.4,15.1,13.2,9.85,15.4,44,0,969,328,3.2,5.1,622,347,341,169,165,369,437,384,81,19,96
ALT,2015,6,10,14,19.5,69.2,15.7,13.7,10.25,15.9,45.6,0,968.6,336,4.3,6.3,641,622,201,115,116,330,639,379,55,19,96
ALT,2015,6,10,15,19.6,69.7,15.9,13.9,10.39,16,46.1,0,968.2,330,3.5,6.8,534,709,126,102,86,174,734,372,35,19,96
ALT,2015,6,10,16,19.5,70.9,16.1,14.1,10.52,16.1,46.3,0,968.3,307,2.3,4.7,375,661,93,187,62,61,703,370,29,19,96
ALT,2015,6,10,17,18.8,72.5,15.7,13.8,10.25,15.7,44.9,0,968.4,302,2.4,5,156,291,68,132,42,43,327,373,45,19,96
ALT,2015,6,10,18,18.3,74.2,15.6,13.6,10.18,15.4,44.2,0,968.7,306,1.9,4.4,29,0,29,17,17,17,17,374,55,19,96
ALT,2015,6,10,19,18,76.8,15.8,13.9,10.31,15.5,44.2,0,969.2,309,0.9,2.3,0,0,0,0,0,0,0,375,40,19,96
ALT,2015,6,10,20,17.1,82.7,16.1,14.1,10.5,15.2,43.8,0,969.7,207,0.3,1,0,0,0,0,0,0,0,374,50,19,96
ALT,2015,6,10,21,16.5,86.5,16.3,14.2,10.63,15.1,43.5,0,969.9,180,0.6,1.4,0,0,0,0,0,0,0,375,36,19,96
ALT,2015,6,10,22,15.9,86.6,15.7,13.7,10.24,14.6,41.9,0,969.5,180,0.7,1.2,0,0,0,0,0,0,0,352,0,19,96
ALT,2015,6,10,23,14.4,90.4,14.8,12.8,9.65,13.4,38.9,0,969,143,0.6,1.3,0,0,0,0,0,0,0,365,16,19,96
ALT,2015,6,11,0,13.9,90.2,14.3,12.3,9.32,13,37.5,0,968.7,180,0.9,1.8,0,0,0,0,0,0,0,359,50,19,96
ALT,2015,6,11,1,13.6,90.5,14.1,12.1,9.19,12.7,36.9,0,968.6,90,0.1,0.8,0,0,0,0,0,0,0,358,39,19,96
ALT,2015,6,11,2,12.8,91.9,13.6,11.5,8.86,12,35.2,0,968.5,158,0.5,1.8,0,0,0,0,0,0,0,359,63,19,96
ALT,2015,6,11,3,12.7,91.1,13.4,11.3,8.73,11.9,34.8,0,968.6,166,0.4,1.4,4,0,4,2,2,2,2,349,29,19,96
ALT,2015,6,11,4,12.3,91.1,13.1,10.9,8.53,11.5,33.9,0,968.2,167,0.9,1.8,41,0,41,26,25,26,25,350,48,19,96
ALT,2015,6,11,5,13.5,87.5,13.5,11.5,8.8,12.3,35.8,0,967.8,153,1,1.8,50,0,50,48,48,48,48,358,41,19,96
ALT,2015,6,11,6,14.8,85.4,14.4,12.4,9.39,13.4,38.6,0,967.8,355,1.3,2.7,433,721,93,168,752,65,66,341,6,19,96
ALT,2015,6,11,7,17,76.5,14.8,12.8,9.66,14.5,41.6,0,967.5,18,0.8,2.3,599,782,112,85,762,225,88,331,0,19,96
ALT,2015,6,11,8,19,70.9,15.6,13.6,10.2,15.7,45,0,967.2,339,1.7,3.6,745,832,124,102,704,369,106,333,20,19,96
ALT,2015,6,11,9,19.8,68.4,15.8,13.8,10.34,16.1,46.1,0,966.7,336,1.9,3.3,815,732,197,126,548,478,129,339,41,19,96
ALT,2015,6,11,10,21.2,65.9,16.6,14.6,10.87,17,48.9,0,966.3,335,1.9,4.7,915,844,157,125,403,554,130,355,23,19,96
ALT,2015,6,11,11,22.5,63.1,17.2,15.1,11.28,17.7,51.3,0,965.4,343,3.2,6.1,955,904,131,125,164,577,242,346,0,19,96
ALT,2015,6,11,12,23.9,59.2,17.6,15.5,11.56,18.4,53.5,0,964.6,321,3.5,7.1,923,907,120,120,124,540,453,352,6,19,96
ALT,2015,6,11,13,24.4,56.3,17.2,15.1,11.3,18.4,53.3,0,963.8,303,4.2,7.4,816,811,153,114,118,455,611,369,19,19,96
ALT,2015,6,11,14,25.1,56.2,17.8,15.8,11.71,19,55.1,0,963.3,318,3.9,7.9,704,792,141,101,104,335,728,382,25,19,96
ALT,2015,6,11,15,24,54.8,16.4,14.4,10.77,17.8,51.6,0,963.4,331,5.2,11.1,597,804,131,109,88,190,825,393,56,19,96
ALT,2015,6,11,16,20.4,63.4,15.2,13.2,9.96,15.9,45.8,0,964.6,353,6,11.4,102,15,95,52,46,48,61,401,100,19,96
ALT,2015,6,11,17,19.1,75,16.6,14.6,10.89,16.3,46.8,0.3,964.5,315,2,6.2,30,1,30,15,14,15,15,404,100,19,96
ALT,2015,6,11,18,18.3,85.6,17.9,15.8,11.77,16.7,48.2,0.1,963.6,315,1.2,3.4,25,0,25,14,13,14,13,385,63,19,96
ALT,2015,6,11,19,17,87.6,17,14.9,11.17,15.7,45.4,0,963.6,297,1.7,2.9,0,0,0,0,0,0,0,356,0,19,96
ALT,2015,6,11,20,15.9,90,16.2,14.3,10.64,14.9,42.9,0,963.5,180,0.7,1.9,0,0,0,0,0,0,0,364,25,19,96
ALT,2015,6,11,21,15.3,90,15.7,13.7,10.31,14.3,41.5,0,963.1,135,0.6,2.8,0,0,0,0,0,0,0,367,40,19,96
ALT,2015,6,11,22,15,89.2,15.2,13.2,9.98,13.9,40.3,0,962.8,270,0.8,2.8,0,0,0,0,0,0,0,341,6,19,96
ALT,2015,6,11,23,14.6,87.9,14.6,12.6,9.58,13.4,38.9,0,962.7,270,1.2,4.1,0,0,0,0,0,0,0,349,25,19,96
ALT,2015,6,12,0,17,68.5,13.2,11.2,8.65,13.6,39,0,962,124,1.6,8.3,0,0,0,0,0,0,0,352,38,19,96
ALT,2015,6,12,1,21,42.9,10.7,7.9,7,13.5,38.9,0,961.6,149,5.6,12.5,0,0,0,0,0,0,0,367,65,19,96
ALT,2015,6,12,2,22.5,37.5,10.2,7.3,6.67,13.8,39.6,0,961.4,153,7.8,15,0,0,0,0,0,0,0,355,34,19,96
ALT,2015,6,12,3,22.2,37.8,10.1,7.1,6.6,13.6,39.1,0,961.8,153,7.2,13.7,1,0,1,0,0,0,0,352,48,19,96
ALT,2015,6,12,4,22.1,39.2,10.4,7.6,6.8,13.8,39.5,0,961.9,159,6.2,13.1,36,0,36,25,25,25,24,358,45,19,96
ALT,2015,6,12,5,22.1,41.1,10.9,8.3,7.13,14.1,40.3,0,962,164,6.3,12.8,53,0,53,49,49,49,48,362,48,19,96
ALT,2015,6,12,6,20.7,55,13.4,11.3,8.79,15,43.1,0,962,6,3.2,10.3,410,623,119,177,678,71,72,364,48,19,96
ALT,2015,6,12,7,24.2,43.6,12.9,11,8.46,16.2,45.9,0,961.5,126,4.1,12,571,683,143,92,696,233,94,375,50,19,96
ALT,2015,6,12,8,27.1,32.7,11.7,9.3,7.66,16.4,46.8,0,961.2,140,8.6,16.6,736,811,130,104,695,367,107,372,33,19,96
ALT,2015,6,12,9,27.7,31.3,11.6,9.2,7.6,16.5,47.3,0,961,150,10,17.3,756,587,262,141,517,457,141,390,71,19,96
ALT,2015,6,12,10,27.7,31.5,11.7,9.3,7.66,16.6,47.4,0,961.4,152,11.6,18.6,418,82,345,174,217,231,164,403,100,19,96
ALT,2015,6,12,11,26.7,33.1,11.6,9.1,7.59,16.1,46.2,0,961.8,154,10.6,18.3,332,18,315,161,157,173,153,406,100,19,96
ALT,2015,6,12,12,26,35.7,12,9.7,7.86,16.2,46.2,0,961.6,142,7.8,14.6,337,16,323,165,157,174,164,407,100,19,96
ALT,2015,6,12,13,25.6,35.4,11.6,9.2,7.59,15.8,45.1,0,961.6,146,8.3,16.7,399,125,300,150,144,221,247,400,94,19,96
ALT,2015,6,12,14,25.4,32.6,10.6,7.8,6.94,15.1,43.2,0,961.2,144,8.2,17,418,156,304,152,146,225,287,402,94,19,96
ALT,2015,6,12,15,25.3,34.4,11.1,8.5,7.27,15.4,44,0,960.7,151,7.5,13.1,196,19,185,94,90,99,107,404,100,19,96
ALT,2015,6,12,16,24.8,34.8,10.9,8.2,7.14,15.1,43.1,0,960.3,143,8.2,17.2,103,0,103,53,50,52,50,403,100,19,96
ALT,2015,6,12,17,25,34.3,10.9,8.2,7.14,15.1,43.3,0,960.4,139,9.5,17.5,67,8,64,35,31,33,39,403,100,19,96
ALT,2015,6,12,18,24.3,35.5,10.8,8.1,7.08,14.9,42.5,0,960,139,9.1,17.8,25,0,25,13,13,13,12,391,74,19,96
ALT,2015,6,12,19,24.1,36,10.8,8.1,7.08,14.8,42.3,0,959.7,134,10.3,22.3,0,0,0,0,0,0,0,393,61,19,96
ALT,2015,6,12,20,23.9,37.5,11.1,8.5,7.28,14.9,42.6,0,960.1,143,9.7,16.3,0,0,0,0,0,0,0,396,71,19,96
ALT,2015,6,12,21,24,37.3,11.2,8.5,7.35,14.9,42.8,0,959.5,143,9.4,16.8,0,0,0,0,0,0,0,393,100,19,96
ALT,2015,6,12,22,24.3,36.9,11.2,8.6,7.35,15.1,43.2,0,959,147,8.1,16.2,0,0,0,0,0,0,0,391,100,19,96
ALT,2015,6,12,23,24.5,36.1,11.1,8.5,7.28,15.1,43.2,0,958.9,140,7.9,14.4,0,0,0,0,0,0,0,388,100,19,96
ALT,2015,6,13,0,23.8,37.3,11,8.4,7.22,14.8,42.3,0,958.9,140,7.4,16.1,0,0,0,0,0,0,0,384,94,20,96
ALT,2015,6,13,1,22.7,42.4,11.6,9.3,7.61,14.8,42.2,0,959.1,152,5.8,11.2,0,0,0,0,0,0,0,388,100,20,96
ALT,2015,6,13,2,22,47.2,12.5,10.2,8.21,15,43,0,959.3,165,6.2,12.2,0,0,0,0,0,0,0,389,100,20,96
ALT,2015,6,13,3,20.4,59.4,14.2,12.2,9.34,15.4,44.2,0,960.3,320,3.8,10.1,3,0,3,2,2,2,2,389,100,20,96
ALT,2015,6,13,4,19.5,69.1,15.6,13.7,10.26,15.9,45.6,0,961.5,313,2.4,7,16,0,16,8,8,8,8,390,100,20,96
ALT,2015,6,13,5,18.7,78,16.8,14.8,11.05,16.2,46.8,0,962.4,140,1.7,3.5,52,0,52,27,26,27,25,391,100,20,96
ALT,2015,6,13,6,19.1,77,17,15,11.18,16.5,47.6,0,962.7,139,2,3.8,115,2,114,60,58,59,56,393,100,20,96
ALT,2015,6,13,7,19.8,72.8,16.8,14.8,11.05,16.6,48,0,962.3,147,1.9,3.6,350,132,266,136,263,180,129,396,100,20,96
ALT,2015,6,13,8,20.4,70.5,16.9,14.9,11.12,16.9,48.7,0,962.1,335,3.2,5.9,401,105,325,166,257,215,157,399,100,20,96
ALT,2015,6,13,9,20.7,63.8,15.6,13.6,10.25,16.3,46.8,0,962.1,329,4.6,7.9,554,223,364,184,337,327,176,402,100,20,96
ALT,2015,6,13,10,21.7,60.8,15.8,13.8,10.39,16.7,48.2,0,962,330,4.9,8.4,850,700,221,150,394,522,152,387,65,20,96
ALT,2015,6,13,11,22.9,58.3,16.2,14.3,10.66,17.4,50.1,0,961.7,334,5.5,8.8,869,684,244,154,198,549,285,372,50,20,96
ALT,2015,6,13,12,23.4,55.8,16.1,14.1,10.6,17.5,50.5,0,961.1,327,5.8,10.4,926,894,134,130,135,552,464,360,29,20,96
ALT,2015,6,13,13,23.6,55.2,16.1,14.1,10.6,17.6,50.7,0,960.8,319,5.4,10.8,818,810,155,122,126,462,616,359,25,20,96
ALT,2015,6,13,14,24.3,54,16.5,14.4,10.87,18,52.1,0,960.3,321,5.2,10.3,695,773,141,107,110,338,712,377,45,20,96
ALT,2015,6,13,15,24.5,53.7,16.6,14.5,10.95,18.1,52.5,0,959.7,319,4.9,10.4,564,778,112,107,88,174,788,381,45,20,96
ALT,2015,6,13,16,24,54.6,16.3,14.3,10.75,17.8,51.5,0,959.3,305,3.7,8,296,337,141,145,75,76,411,399,73,20,96
ALT,2015,6,13,17,23.2,57.5,16.3,14.3,10.75,17.5,50.7,0,959.4,304,2.4,5.8,12,0,12,6,6,6,6,403,100,20,96
ALT,2015,6,13,18,22.5,56.6,15.5,13.5,10.21,16.8,48.6,0,959.8,143,1.9,5.5,5,0,5,3,2,3,2,402,100,20,96
ALT,2015,6,13,19,20.5,60.1,14.4,12.5,9.46,15.6,44.6,0.1,961.2,163,8,18.9,0,0,0,0,0,0,0,399,100,20,96
ALT,2015,6,13,20,19.8,61,14.1,12.1,9.26,15.1,43.4,0,961.5,163,7.6,14.6,0,0,0,0,0,0,0,391,80,20,96
ALT,2015,6,13,21,19.1,62.5,13.8,11.8,9.06,14.7,42.2,0,960.9,148,5.7,12.4,0,0,0,0,0,0,0,392,71,20,96
ALT,2015,6,13,22,20.4,53.8,12.8,10.7,8.4,14.6,41.8,0,960.8,166,7.4,13.8,0,0,0,0,0,0,0,393,100,20,96
ALT,2015,6,13,23,19.7,58.7,13.4,11.4,8.79,14.7,42.1,0,961.4,349,3.1,8.2,0,0,0,0,0,0,0,391,100,20,96
ALT,2015,6,14,0,19.3,69.1,15.5,13.5,10.19,15.7,45.3,0,961.2,319,2.4,7.3,0,0,0,0,0,0,0,389,100,21,96
ALT,2015,6,14,1,17.9,82.1,16.8,14.8,11.06,15.9,46,0.2,961.3,112,2.2,5.5,0,0,0,0,0,0,0,389,100,21,96
ALT,2015,6,14,2,16.7,87.1,16.5,14.5,10.87,15.3,44.3,0,960.9,161,2,3.5,0,0,0,0,0,0,0,389,100,21,96
ALT,2015,6,14,3,16.6,86.3,16.3,14.3,10.74,15.2,43.9,0,960.6,168,2,4.4,0,0,0,0,0,0,0,389,100,21,96
ALT,2015,6,14,4,16.3,88.8,16.5,14.4,10.88,15.1,43.9,0,959.9,124,0.6,1.8,32,0,32,17,17,17,16,387,100,21,96
ALT,2015,6,14,5,16.4,89.3,16.6,14.6,10.95,15.3,44.2,0,959.2,45,0.9,2.8,94,0,94,55,53,55,52,384,78,21,96
ALT,2015,6,14,6,17,85.4,16.5,14.5,10.88,15.4,44.6,0,959.7,315,1.1,2.6,198,46,174,100,134,90,85,390,100,21,96
ALT,2015,6,14,7,18.5,77.1,16.4,14.4,10.82,15.9,46,0,958.9,180,1.4,4.1,339,179,235,123,295,161,117,392,94,21,96
ALT,2015,6,14,8,18.8,78.7,17,15,11.23,16.4,47.4,0,958.9,333,3.3,5.7,118,0,118,62,58,61,58,394,100,21,96
ALT,2015,6,14,9,19.1,78.3,17.3,15.2,11.43,16.6,48.2,0,958.7,335,2.5,5.8,276,18,260,136,142,147,127,396,100,21,96
ALT,2015,6,14,10,20,74.6,17.5,15.4,11.57,17.1,49.5,0,958.5,336,3.7,6.7,257,11,247,129,129,135,121,398,100,21,96
ALT,2015,6,14,11,19.5,75.5,17.1,15.1,11.3,16.7,48.3,0,958.7,335,1.9,3.9,152,0,152,80,76,79,74,400,100,21,96
ALT,2015,6,14,12,20.5,71.5,17.2,15.2,11.37,17.1,49.5,0,958.4,321,1.4,3.4,281,6,276,144,137,147,139,401,100,21,96
ALT,2015,6,14,13,20.9,69.2,17,15,11.24,17.1,49.6,0,957.7,153,1.1,2.8,346,26,324,169,161,183,179,400,100,21,96
ALT,2015,6,14,14,22.4,50.8,13.7,11.7,9.04,15.9,45.5,0,956.5,163,4.8,11.6,285,32,264,137,131,149,159,398,100,21,96
ALT,2015,6,14,15,24,37.7,11.2,8.7,7.37,15,42.9,0,956.1,162,6,13.6,367,203,246,131,122,178,327,397,100,21,96
ALT,2015,6,14,16,24.4,37.7,11.5,9.1,7.58,15.3,43.8,0,955.7,195,5.3,10.8,226,124,175,125,87,90,215,390,100,21,96
ALT,2015,6,14,17,22.6,46.3,12.6,10.5,8.3,15.3,43.8,0.4,956.8,299,4.6,8.8,87,10,84,48,43,44,52,394,100,21,96
ALT,2015,6,14,18,18.8,73.3,15.8,13.9,10.42,15.8,45.3,1.4,958.6,337,4.5,12.4,29,0,29,17,17,17,16,388,94,21,96
ALT,2015,6,14,19,17.4,81.1,16,14.1,10.54,15.4,44.2,2.7,960.3,346,3.9,12.8,0,0,0,0,0,0,0,392,100,21,96
ALT,2015,6,14,20,16.4,91.3,17,15,11.2,15.5,44.8,1.4,961,351,1.2,2.3,0,0,0,0,0,0,0,391,100,21,96
ALT,2015,6,14,21,16.1,94.6,17.3,15.2,11.4,15.5,45,0.4,961.3,360,0.8,1.3,0,0,0,0,0,0,0,390,100,21,96
ALT,2015,6,14,22,16,94.6,17.2,15.1,11.33,15.4,44.8,0.7,961.3,225,0.7,1.8,0,0,0,0,0,0,0,389,100,21,96
ALT,2015,6,14,23,15.9,94.8,17.1,15.1,11.26,15.4,44.5,0.1,961.4,90,0.5,1.9,0,0,0,0,0,0,0,388,100,21,96
ALT,2015,6,15,0,15.8,94.8,17,15,11.2,15.3,44.2,0.1,961.4,338,0.7,1.7,0,0,0,0,0,0,0,388,100,21,96
ALT,2015,6,15,1,15.8,94.5,17,14.9,11.19,15.2,44.2,0,961.7,270,0.8,1.8,0,0,0,0,0,0,0,388,100,21,96
ALT,2015,6,15,2,15.8,95.1,17.1,15,11.26,15.3,44.4,1.3,961.7,309,0.7,1.2,0,0,0,0,0,0,0,388,100,21,96
ALT,2015,6,15,3,15.7,95.5,17.1,15,11.26,15.3,44.3,1.7,961.7,288,0.3,1.1,0,0,0,0,0,0,0,388,100,21,96
ALT,2015,6,15,4,15.9,94.9,17.1,15.1,11.26,15.4,44.5,0.9,962.1,270,0.3,0.9,18,0,18,9,9,9,9,388,100,21,96
ALT,2015,6,15,5,16.1,94.3,17.2,15.2,11.32,15.5,44.8,0.8,962.4,207,0.3,1,52,0,52,27,26,27,25,388,100,21,96
ALT,2015,6,15,6,16.3,92.1,17,15,11.18,15.5,44.7,1,963,180,0.3,0.9,103,0,103,54,52,54,51,388,100,21,96
ALT,2015,6,15,7,16.4,91.8,17.1,15.1,11.24,15.6,44.9,1.1,963.2,270,0.2,1.2,150,0,150,78,75,78,73,390,100,21,96
ALT,2015,6,15,8,16.4,91.2,17,15,11.17,15.5,44.8,0.4,963.6,333,0.7,1.3,191,0,191,100,95,99,94,391,100,21,96
ALT,2015,6,15,9,16.6,90.3,17.1,15,11.23,15.6,45.1,0.4,963.9,326,0.8,1.4,210,0,210,110,105,109,103,393,100,21,96
ALT,2015,6,15,10,17,88.9,17.3,15.2,11.36,15.9,45.9,0.2,964.2,322,1.2,2.3,304,4,300,157,151,158,147,395,100,21,96
ALT,2015,6,15,11,16.9,90.2,17.3,15.3,11.36,15.9,45.8,0.3,964.4,329,1.7,3.2,318,5,314,164,156,166,155,396,100,21,96
ALT,2015,6,15,12,17.4,86.6,17.2,15.1,11.3,15.9,46.1,0.1,964.2,360,0.9,1.9,355,19,338,177,168,188,176,397,100,21,96
ALT,2015,6,15,13,17.9,84.9,17.4,15.3,11.43,16.3,47,0.2,964.3,337,1.4,2.8,258,2,257,134,128,134,127,396,100,21,96
ALT,2015,6,15,14,17.5,86.1,17.3,15.2,11.36,16,46.4,0,964.4,303,2.5,4.9,206,1,205,107,102,107,102,395,100,21,96
ALT,2015,6,15,15,17.3,86.6,17.1,15,11.23,15.9,45.8,0.5,964.6,305,2.5,4.8,129,0,129,67,64,67,63,394,100,21,96
ALT,2015,6,15,16,17.2,85.2,16.7,14.7,10.96,15.6,45,0,964.6,348,1.6,3.1,112,1,111,59,55,58,56,393,100,21,96
ALT,2015,6,15,17,16.9,87.3,16.8,14.8,11.02,15.6,44.9,0,964.8,331,1.1,2.2,29,0,29,15,14,15,14,392,100,21,96
ALT,2015,6,15,18,16.8,89.6,17.1,15.1,11.22,15.7,45.3,0.1,965.3,323,1.1,1.9,13,0,13,7,6,7,6,391,100,21,96
ALT,2015,6,15,19,16.5,91.5,17.1,15.1,11.21,15.6,45,0,965.7,307,0.6,1.1,0,0,0,0,0,0,0,390,100,21,96
ALT,2015,6,15,20,16.3,93.2,17.3,15.2,11.34,15.6,45.1,0,966.2,225,0.3,0.8,0,0,0,0,0,0,0,389,100,21,96
ALT,2015,6,15,21,16.2,93.9,17.2,15.2,11.27,15.6,44.8,0,966.5,270,0.2,0.9,0,0,0,0,0,0,0,386,100,21,96
ALT,2015,6,15,22,16,94.8,17.3,15.2,11.34,15.5,44.8,0.5,966.5,0,0,0.9,0,0,0,0,0,0,0,387,100,21,96
ALT,2015,6,15,23,16.1,94.7,17.3,15.2,11.34,15.5,44.9,0.1,966.6,281,0.6,1.3,0,0,0,0,0,0,0,386,100,21,96
ALT,2015,6,16,0,15.9,94.9,17.1,15.1,11.2,15.4,44.3,1.3,966.4,270,0.6,1.3,0,0,0,0,0,0,0,385,100,21,95
ALT,2015,6,16,1,15.9,94.1,17,15,11.14,15.3,44.2,0.7,966.4,236,0.5,1.4,0,0,0,0,0,0,0,386,100,21,95
ALT,2015,6,16,2,15.8,94.7,17,15,11.14,15.3,44.1,0.3,966.4,180,0.3,1,0,0,0,0,0,0,0,386,100,21,95
ALT,2015,6,16,3,15.7,94.2,16.8,14.8,11,15.1,43.6,0.6,966.5,225,0.2,0.8,3,0,3,1,1,1,1,386,100,21,95
ALT,2015,6,16,4,15.8,94.3,16.9,14.9,11.07,15.2,43.9,0.6,966.6,270,0.2,0.7,26,0,26,14,13,14,13,386,100,21,95
ALT,2015,6,16,5,16,92.6,16.8,14.8,11,15.3,43.9,0.4,966.7,309,0.7,2.3,55,0,55,29,27,28,27,386,100,21,95
ALT,2015,6,16,6,16.3,91.8,17,15,11.13,15.5,44.6,0.5,966.7,315,1.2,2.6,94,1,94,49,48,49,46,387,100,21,95
ALT,2015,6,16,7,16.6,90,17,15,11.13,15.6,44.9,0.2,966.7,315,1.4,2.8,172,1,172,90,87,89,84,388,100,21,95
ALT,2015,6,16,8,16.9,88.6,17.1,15,11.2,15.7,45.4,1.1,966.7,309,0.8,2.6,197,1,196,103,98,102,96,390,100,21,95
ALT,2015,6,16,9,17.6,84.8,17,15,11.13,16,45.9,0,966.7,309,1.5,3.2,149,0,149,78,74,77,73,391,100,21,95
ALT,2015,6,16,10,17.7,81.5,16.5,14.5,10.8,15.7,45.2,0,966.7,308,1.8,3.7,163,0,163,85,81,84,80,393,100,21,95
ALT,2015,6,16,11,18.3,77.9,16.4,14.4,10.74,15.9,45.6,0,966.4,321,1.6,3.4,144,0,144,75,72,75,71,394,100,21,95
ALT,2015,6,16,12,18.5,75,15.9,14,10.41,15.7,45,0,966.1,309,2,4.1,114,0,114,59,57,59,56,394,100,21,95
ALT,2015,6,16,13,18.3,78.7,16.5,14.5,10.81,15.9,45.8,0,965.7,14,1.5,3.2,39,0,39,20,19,20,19,393,100,21,95
ALT,2015,6,16,14,18.5,80.6,17.1,15.1,11.21,16.3,47,0,965.7,159,1.5,2.6,39,0,39,21,20,20,19,391,100,21,95
ALT,2015,6,16,15,17.8,84.9,17.3,15.2,11.35,16.2,46.6,0,965.6,158,0.9,1.7,52,0,52,27,26,27,26,390,100,21,95
ALT,2015,6,16,16,17.2,86.2,16.9,14.9,11.08,15.8,45.3,0.1,965.9,168,1.7,3.7,27,0,27,14,13,14,13,388,100,21,95
ALT,2015,6,16,17,16.8,87.3,16.7,14.7,10.94,15.5,44.6,0,966.1,67,1.3,3.5,26,0,26,14,13,14,13,387,100,21,95
ALT,2015,6,16,18,16.7,85.7,16.2,14.3,10.6,15.2,43.6,0,966.4,135,1.2,2.8,13,0,13,7,7,7,6,385,100,21,95
ALT,2015,6,16,19,16.2,87.5,16.1,14.1,10.53,14.9,42.9,0,966.8,160,1.5,3.1,0,0,0,0,0,0,0,383,100,21,95
ALT,2015,6,16,20,15.8,89.6,16.1,14.1,10.53,14.8,42.5,0,967.2,120,1.3,2.7,0,0,0,0,0,0,0,381,100,21,95
ALT,2015,6,16,21,15.9,85.8,15.5,13.5,10.13,14.4,41.6,0,967.5,117,1.3,3.9,0,0,0,0,0,0,0,379,100,21,95
ALT,2015,6,16,22,16.3,80,14.8,12.8,9.66,14.2,40.8,0,967.8,9,2.4,6.1,0,0,0,0,0,0,0,377,100,21,95
ALT,2015,6,16,23,16.5,75.9,14.3,12.2,9.33,13.9,40.2,0,967.7,356,3.2,6.9,0,0,0,0,0,0,0,375,100,21,95
ALT,2015,6,17,0,16.2,73.4,13.5,11.4,8.8,13.4,38.6,0,968,352,4,9.7,0,0,0,0,0,0,0,367,60,22,95
ALT,2015,6,17,1,15.4,71.5,12.5,10.3,8.13,12.5,36.1,0,968.3,352,4,9.2,0,0,0,0,0,0,0,366,40,22,95
ALT,2015,6,17,2,13.8,85,13.4,11.3,8.73,12.3,35.9,0,968.5,135,1.4,2.4,0,0,0,0,0,0,0,361,70,22,95
ALT,2015,6,17,3,13.4,88.3,13.6,11.5,8.86,12.3,35.8,0,968.9,112,0.8,1.9,1,0,1,1,1,1,1,371,100,22,95
ALT,2015,6,17,4,14.6,80.3,13.3,11.2,8.65,12.6,36.6,0,969.3,333,1.2,3.6,39,0,39,23,22,23,22,367,84,22,95
ALT,2015,6,17,5,14.8,76.5,12.9,10.7,8.39,12.4,36.1,0,969.6,332,2.1,4.6,98,0,98,57,55,56,54,366,71,22,95
ALT,2015,6,17,6,15.1,73.2,12.5,10.3,8.12,12.3,35.7,0,969.6,327,2.1,4.3,392,510,143,170,583,87,87,360,39,22,95
ALT,2015,6,17,7,15.6,71.9,12.7,10.6,8.25,12.7,36.6,0,970.1,339,2.8,5.5,434,272,262,137,403,223,133,355,48,22,95
ALT,2015,6,17,8,16.8,68.8,13.2,11,8.58,13.4,38.6,0,970.1,331,2.4,4.5,730,749,172,127,695,383,130,377,53,22,95
ALT,2015,6,17,9,16.9,67.9,13,10.9,8.45,13.4,38.4,0,970.1,328,2.3,4.3,698,454,312,174,464,428,172,381,71,22,95
ALT,2015,6,17,10,17.4,66.9,13.3,11.2,8.65,13.7,39.4,0,969.9,332,2.5,4,883,723,233,157,438,563,160,375,50,22,95
ALT,2015,6,17,11,18.5,64.6,13.7,11.7,8.92,14.4,41.2,0,969.5,295,2.2,4.5,961,890,147,146,217,597,260,369,31,22,95
ALT,2015,6,17,12,20,60,14,12,9.12,15.1,43.2,0,969.2,315,2.9,6.3,867,712,233,156,159,548,471,369,39,22,95
ALT,2015,6,17,13,20.6,60.1,14.6,12.6,9.52,15.7,44.9,0,969,336,5.4,8.8,643,391,321,177,174,382,449,375,64,22,95
ALT,2015,6,17,14,21.3,56.1,14.2,12.2,9.25,15.7,44.9,0,968.9,344,6.5,10.5,320,41,291,153,147,170,184,384,81,22,95
ALT,2015,6,17,15,21.4,54,13.8,11.7,8.99,15.5,44.4,0,968.5,341,6.2,9.4,380,241,241,140,123,171,366,374,68,22,95
ALT,2015,6,17,16,20.6,53,12.9,10.7,8.4,14.7,42,0,968.6,344,5.9,9.9,380,606,120,208,75,75,675,383,45,22,95
ALT,2015,6,17,17,20.4,53.6,12.8,10.7,8.33,14.6,41.7,0,968.8,338,5.3,8.5,153,256,74,134,49,49,304,373,56,22,95
ALT,2015,6,17,18,19,58.9,13,10.8,8.46,14.1,40.6,0,968.9,324,3.3,5.9,20,0,20,11,10,11,10,369,78,22,95
ALT,2015,6,17,19,18.1,62.8,13,10.9,8.45,13.9,39.6,0,969.5,336,2.4,4.7,0,0,0,0,0,0,0,374,90,22,95
ALT,2015,6,17,20,17.4,66.4,13.2,11.1,8.58,13.7,39.2,0,970,153,0.8,2.3,0,0,0,0,0,0,0,376,81,22,95
ALT,2015,6,17,21,15.7,75.1,13.4,11.3,8.71,13.1,37.8,0,970.2,153,1.3,2.8,0,0,0,0,0,0,0,369,80,22,95
ALT,2015,6,17,22,14.7,80.3,13.4,11.3,8.71,12.7,36.8,0,970.2,135,1.1,2,0,0,0,0,0,0,0,364,60,22,95
ALT,2015,6,17,23,14.8,76.7,12.9,10.8,8.38,12.5,36.1,0,970.3,174,1,2.1,0,0,0,0,0,0,0,360,26,22,95
ALT,2015,6,18,0,14,83.3,13.3,11.2,8.65,12.4,35.9,0,970.1,163,1.1,2.1,0,0,0,0,0,0,0,359,45,23,95
ALT,2015,6,18,1,13.6,85,13.2,11.1,8.58,12.2,35.4,0,969.7,162,1,2.7,0,0,0,0,0,0,0,354,41,23,95
ALT,2015,6,18,2,12.3,89.8,12.8,10.7,8.32,11.4,33.4,0,969.6,194,0.5,1.9,0,0,0,0,0,0,0,361,45,23,95
ALT,2015,6,18,3,11.8,90.3,12.5,10.3,8.13,11,32.4,0,969.2,0,0,1.1,4,0,4,2,2,2,2,356,66,23,95
ALT,2015,6,18,4,12.3,87.3,12.5,10.3,8.13,11.2,32.9,0,969.2,0,0.4,1.1,46,0,46,27,26,27,26,373,88,23,95
ALT,2015,6,18,5,13.2,87.6,13.3,11.2,8.65,12,35.1,0,969.3,146,0.7,1.8,76,0,76,61,60,61,60,373,78,23,95
ALT,2015,6,18,6,14.7,83.1,13.9,11.9,9.05,13,37.7,0,969.2,121,0.7,1.8,367,428,173,194,529,99,98,362,78,23,95
ALT,2015,6,18,7,16.1,73.5,13.4,11.4,8.72,13.3,38.3,0,969.2,345,1.1,2.4,495,424,226,129,530,246,127,373,73,23,95
ALT,2015,6,18,8,17.3,67.2,13.2,11.2,8.59,13.7,39.2,0,968.9,14,1.2,3.3,647,538,241,151,572,362,151,367,65,23,95
ALT,2015,6,18,9,19.2,61.5,13.7,11.6,8.93,14.6,41.9,0,968.4,323,2.2,5.3,835,788,173,144,596,499,150,367,53,23,95
ALT,2015,6,18,10,19.2,58.8,13.1,10.9,8.53,14.3,40.9,0,968.4,329,5.3,9.5,346,28,321,173,183,191,163,385,94,23,95
ALT,2015,6,18,11,18,66.2,13.7,11.6,8.92,14.2,40.7,0,968.6,333,3.8,7.9,249,17,234,126,120,137,126,392,100,23,95
ALT,2015,6,18,12,18.3,66.6,14,12,9.13,14.5,41.5,0,967.8,346,1.6,2.8,223,11,213,115,110,122,114,394,100,23,95
ALT,2015,6,18,13,17.6,73.8,14.8,12.9,9.66,14.7,42.2,0.5,967.8,326,1.5,3.3,108,0,108,58,56,58,55,394,100,23,95
ALT,2015,6,18,14,17.8,74.3,15.2,13.2,9.93,15,43.1,0,967.3,304,0.5,1.9,104,0,104,56,53,56,53,394,100,23,95
ALT,2015,6,18,15,17.7,76.2,15.4,13.5,10.07,15.1,43.3,0.1,966.9,360,0.6,1.6,46,0,46,25,24,25,23,393,100,23,95
ALT,2015,6,18,16,16.8,83,15.9,13.9,10.4,15,43.2,0.7,967,342,0.8,1.5,63,1,63,34,32,33,32,393,100,23,95
ALT,2015,6,18,17,16.2,87.6,16.1,14.1,10.53,14.9,42.9,0.3,966.7,309,0.6,1.6,74,51,59,55,35,36,87,393,94,23,95
ALT,2015,6,18,18,15.9,91.7,16.5,14.6,10.8,15.1,43.3,1.2,966.4,90,0.6,1.3,19,0,19,11,10,10,10,392,88,23,95
ALT,2015,6,18,19,15.6,93.8,16.6,14.6,10.87,15,43.2,1.3,966.4,333,0.2,1.5,0,0,0,0,0,0,0,391,100,23,95
ALT,2015,6,18,20,15.5,94.7,16.6,14.7,10.87,15,43.1,0.1,966.4,0,0,0,0,0,0,0,0,0,0,389,100,23,95
ALT,2015,6,18,21,15.6,94.7,16.7,14.8,10.94,15.1,43.4,0.8,966.1,0,0,0,0,0,0,0,0,0,0,387,88,23,95
ALT,2015,6,18,22,15.5,95.1,16.7,14.7,10.95,15,43.3,0.9,965.6,0,0,0,0,0,0,0,0,0,0,386,100,23,95
ALT,2015,6,18,23,15.5,95.7,16.8,14.8,11.02,15.1,43.5,5.6,965.3,354,0.9,2,0,0,0,0,0,0,0,384,100,23,95
ALT,2015,6,19,0,15,90.1,15.3,13.4,10.02,14,40.4,4.8,965.5,317,4.1,10.9,0,0,0,0,0,0,0,383,100,24,95
ALT,2015,6,19,1,14.2,90.2,14.6,12.6,9.54,13.2,38.4,2.9,966.1,328,4.1,9.8,0,0,0,0,0,0,0,382,100,24,95
ALT,2015,6,19,2,13.9,93.2,14.8,12.8,9.68,13.2,38.4,3,966.2,315,1.2,3.6,0,0,0,0,0,0,0,382,100,24,95
ALT,2015,6,19,3,13.9,94.7,15,13.1,9.81,13.4,38.8,0.6,966.1,331,1,2.5,3,0,3,1,1,1,1,382,88,24,95
ALT,2015,6,19,4,14,94.2,15.1,13.1,9.88,13.5,39,0.3,966,309,0.7,1.6,28,0,28,15,15,15,14,381,94,24,95
ALT,2015,6,19,5,14.4,90.4,14.9,12.8,9.75,13.4,39.1,0,965.9,166,0.9,3,102,0,102,57,55,57,54,381,100,24,95
ALT,2015,6,19,6,15.1,88.3,15.2,13.2,9.94,14,40.3,0,965.9,112,1.2,2.3,214,116,165,121,206,90,87,381,88,24,95
ALT,2015,6,19,7,16.2,82.8,15.2,13.3,9.94,14.4,41.5,0,965.9,135,0.7,2,337,125,260,141,263,178,134,382,81,24,95
ALT,2015,6,19,8,17.7,74.9,15.2,13.2,9.95,14.9,43,0,965.7,63,1.9,10,522,334,271,159,423,294,155,379,68,24,95
ALT,2015,6,19,9,17.6,75,15.1,13.1,9.88,14.9,42.7,0,966,334,5.9,13,552,258,341,193,370,324,187,379,84,24,95
ALT,2015,6,19,10,17.7,71.4,14.5,12.5,9.48,14.6,41.8,0,966.1,329,6.7,12.5,251,7,245,133,131,137,126,384,100,24,95
ALT,2015,6,19,11,18.8,65.7,14.3,12.2,9.35,14.8,42.6,0,965.9,337,7.1,11,329,20,311,169,162,182,167,385,94,24,95
ALT,2015,6,19,12,18.9,61.9,13.5,11.4,8.82,14.4,41.4,0,965.7,345,7.8,11.9,365,56,316,171,164,209,201,385,100,24,95
ALT,2015,6,19,13,18.8,58.7,12.8,10.5,8.36,13.9,40.1,0,965.6,346,8.4,12.9,328,25,307,167,160,182,176,383,100,24,95
ALT,2015,6,19,14,18.6,56.9,12.2,9.9,7.96,13.5,38.9,0,965.6,346,8.7,12.2,288,44,258,140,134,157,175,381,100,24,95
ALT,2015,6,19,15,18,58.2,12,9.7,7.83,13.2,37.9,0,965.7,344,8.2,13.1,234,31,214,117,111,125,141,379,100,24,95
ALT,2015,6,19,16,17.7,57.7,11.6,9.3,7.56,12.9,37,0,965.9,340,7.9,11.8,66,2,65,36,34,35,35,377,100,24,95
ALT,2015,6,19,17,16.1,70.4,12.9,10.7,8.41,13,37.5,0.1,966.5,332,4.5,10.5,79,4,78,44,41,42,44,375,100,24,95
ALT,2015,6,19,18,14.9,78.6,13.3,11.2,8.67,12.7,36.9,4.3,967,329,2.8,6.7,32,0,32,18,18,18,17,374,100,24,95
ALT,2015,6,19,19,13.8,89.8,14.2,12.2,9.27,12.9,37.3,0,967.4,131,1.3,4.2,0,0,0,0,0,0,0,372,100,24,95
ALT,2015,6,19,20,13.6,91.8,14.2,12.3,9.26,12.8,37.1,0.2,967.7,106,0.9,2,0,0,0,0,0,0,0,371,100,24,95
ALT,2015,6,19,21,13.7,89,13.9,11.9,9.06,12.6,36.7,0,967.8,169,1.1,3.4,0,0,0,0,0,0,0,369,100,24,95
ALT,2015,6,19,22,14.9,68,11.5,9.1,7.48,11.6,33.9,0,967.9,13,2.5,7.6,0,0,0,0,0,0,0,368,100,24,95
ALT,2015,6,19,23,15.6,58.6,10.4,7.5,6.76,11.2,32.8,0,967.8,12,4.9,9.2,0,0,0,0,0,0,0,366,100,24,95
ALT,2015,6,20,0,14.6,63.5,10.5,7.8,6.82,10.9,31.9,0,967.6,11,3.1,8.7,0,0,0,0,0,0,0,365,100,25,95
ALT,2015,6,20,1,13.4,75.4,11.6,9.1,7.55,11,32.5,0,967.4,126,1,3.2,0,0,0,0,0,0,0,364,100,25,95
ALT,2015,6,20,2,13.4,77.9,11.9,9.6,7.75,11.3,33,0,967.1,150,1.2,2.6,0,0,0,0,0,0,0,364,100,25,95
ALT,2015,6,20,3,13.3,79.9,12.2,9.9,7.95,11.4,33.4,0,966.9,126,1,2.3,3,0,3,1,1,1,1,364,100,25,95
ALT,2015,6,20,4,13.4,78.1,12,9.7,7.82,11.3,33.2,0,966.5,158,1.2,2.4,26,0,26,14,14,14,14,363,100,25,95
ALT,2015,6,20,5,13.3,80.2,12.2,10,7.95,11.4,33.4,0.8,966.9,353,3.8,11.4,92,0,92,52,50,51,49,363,100,25,95
ALT,2015,6,20,6,13,75.5,11.3,8.8,7.35,10.7,31.6,1.3,967.5,354,6.4,12.7,165,67,136,94,143,74,71,363,100,25,95
ALT,2015,6,20,7,12.5,83.2,12.1,9.7,7.87,10.9,32.4,1.3,967.9,336,3.4,8.8,167,4,165,90,90,91,85,365,100,25,95
ALT,2015,6,20,8,12.5,88.4,12.8,10.6,8.33,11.4,33.6,1,968.3,94,1.7,4.2,175,0,175,95,91,95,90,366,100,25,95
ALT,2015,6,20,9,12.9,88.6,13.2,11.1,8.59,11.9,34.7,0.5,968.6,95,1.3,2.3,207,6,202,111,111,113,104,368,100,25,95
ALT,2015,6,20,10,13,86.2,12.9,10.7,8.39,11.7,34.3,0.3,968.8,135,1.1,3.1,98,0,98,54,51,53,51,369,100,25,95
ALT,2015,6,20,11,13,86.2,12.9,10.7,8.39,11.7,34.3,0.5,969.2,240,1.8,4.5,83,0,83,45,43,45,43,371,100,25,95
ALT,2015,6,20,12,12.9,85.6,12.7,10.5,8.26,11.5,33.8,0.7,969.1,245,1.9,4.1,109,0,109,59,57,59,56,371,100,25,95
ALT,2015,6,20,13,13.5,85.3,13.2,11.1,8.59,12.1,35.3,0.6,969.1,225,1.7,4.4,216,9,209,114,109,119,115,371,100,25,95
ALT,2015,6,20,14,14.1,77.3,12.4,10.2,8.06,11.9,34.5,0.2,969.4,315,1.1,2.8,113,0,113,62,59,61,58,370,100,25,95
ALT,2015,6,20,15,13.5,82,12.7,10.5,8.26,11.8,34.4,0.3,969.3,265,1.5,4.6,77,0,77,42,40,42,40,369,100,25,95
ALT,2015,6,20,16,13.9,80.1,12.7,10.5,8.26,12,34.8,0.1,968.9,45,0.6,1.7,105,3,104,57,54,56,56,369,94,25,95
ALT,2015,6,20,17,13.7,84.2,13.2,11.1,8.59,12.2,35.5,0,969.1,305,1.3,2.8,31,0,31,17,16,17,16,368,94,25,95
ALT,2015,6,20,18,13.5,87.7,13.6,11.5,8.85,12.3,35.9,0,969.2,117,1,2.6,4,0,4,2,2,2,2,367,100,25,95
ALT,2015,6,20,19,13.1,90.1,13.6,11.5,8.85,12.2,35.5,0,969.5,114,1.2,2.7,0,0,0,0,0,0,0,365,100,25,95
ALT,2015,6,20,20,12.9,88.1,13.2,11,8.58,11.8,34.6,0,969.8,125,1.3,2.4,0,0,0,0,0,0,0,364,100,25,95
ALT,2015,6,20,21,12.9,87.2,12.9,10.8,8.38,11.7,34.1,0,969.9,138,1.4,2.4,0,0,0,0,0,0,0,363,100,25,95
ALT,2015,6,20,22,12.7,88.4,12.9,10.8,8.39,11.6,33.9,0,969.7,128,1.2,2.5,0,0,0,0,0,0,0,361,100,25,95
ALT,2015,6,20,23,12.7,88.4,13,10.8,8.45,11.6,34.1,0,969.7,131,1.1,2.2,0,0,0,0,0,0,0,360,100,25,95
ALT,2015,6,21,0,12.5,87.6,12.7,10.5,8.26,11.4,33.4,0,969.4,137,1.7,2.7,0,0,0,0,0,0,0,359,100,25,95
ALT,2015,6,21,1,12.4,89.4,12.8,10.7,8.32,11.4,33.5,0,969.3,143,1.3,3,0,0,0,0,0,0,0,360,100,25,95
ALT,2015,6,21,2,12.2,92,13.1,10.9,8.52,11.5,33.8,0,969,117,0.5,1.5,0,0,0,0,0,0,0,360,100,25,95
ALT,2015,6,21,3,12.2,92.4,13.1,11,8.52,11.5,33.8,0,969,0,0,0,2,0,2,1,1,1,1,361,100,25,95
ALT,2015,6,21,4,12.3,92.6,13.2,11.1,8.59,11.6,34,0,969,0,0,0,43,0,43,25,24,25,24,361,100,25,95
ALT,2015,6,21,5,13,89.5,13.4,11.3,8.72,12,35.1,0,968.7,140,1.1,2.9,114,0,114,67,65,67,64,362,100,25,95
ALT,2015,6,21,6,13.3,87.4,13.4,11.3,8.72,12.1,35.4,0,969,225,0.5,1.3,222,87,185,127,190,102,98,363,100,25,95
ALT,2015,6,21,7,13.7,85.4,13.4,11.3,8.72,12.3,35.8,0,969.4,320,0.9,1.8,267,135,177,101,224,144,98,366,100,25,95
ALT,2015,6,21,8,14,84.8,13.5,11.5,8.79,12.5,36.3,0.2,969.3,90,0.6,1.4,229,8,223,123,125,126,116,369,100,25,95
ALT,2015,6,21,9,14,85,13.6,11.5,8.85,12.5,36.4,0.5,969.6,310,1,2,290,14,278,154,157,162,145,372,100,25,95
ALT,2015,6,21,10,13.9,87.2,13.9,11.8,9.04,12.7,36.8,0.9,969.8,325,1.3,3,254,3,252,139,135,140,131,375,100,25,95
ALT,2015,6,21,11,14.2,86.2,14,11.9,9.12,12.8,37.3,0.1,969.3,328,1.1,2.5,252,10,243,134,132,141,127,378,100,25,95
ALT,2015,6,21,12,14.9,79.5,13.4,11.4,8.72,12.9,37,0,968.9,333,0.6,1.8,277,12,267,147,141,155,147,380,100,25,95
ALT,2015,6,21,13,15.9,78.9,14.3,12.2,9.32,13.7,39.6,0,968.5,11,0.7,2.3,278,10,269,149,143,154,148,381,100,25,95
ALT,2015,6,21,14,16.9,76.3,14.7,12.7,9.59,14.4,41.3,0,967.9,18,0.8,1.8,300,22,284,157,150,166,168,382,100,25,95
ALT,2015,6,21,15,18.1,65.6,13.7,11.6,8.94,14.2,40.8,0,967.2,217,1,2.5,340,140,260,154,139,169,282,382,94,25,95
ALT,2015,6,21,16,17.8,73.7,15,13,9.8,14.9,42.7,0,966.7,322,1.4,3.1,168,108,115,89,63,65,174,383,88,25,95
ALT,2015,6,21,17,17.1,79.4,15.4,13.5,10.07,14.9,42.7,0,966.6,308,1.2,2.4,69,13,65,41,35,36,48,384,94,25,95
ALT,2015,6,21,18,16.6,84.7,16,14,10.47,15,43.2,0,966.8,27,0.7,1.5,22,0,22,13,12,13,12,384,81,25,95
ALT,2015,6,21,19,15.4,87,15.3,13.2,10,14.1,40.8,0,967,270,0.9,1.8,0,0,0,0,0,0,0,382,94,25,95
ALT,2015,6,21,20,15.2,85.5,14.7,12.8,9.6,13.8,39.6,0,967.1,158,1.2,2.3,0,0,0,0,0,0,0,381,100,25,95
ALT,2015,6,21,21,15,84.5,14.4,12.4,9.4,13.5,38.9,0,966.9,149,0.7,2,0,0,0,0,0,0,0,379,100,25,95
ALT,2015,6,21,22,15.1,85.8,14.7,12.7,9.59,13.7,39.4,0.2,967.7,303,1.8,6.7,0,0,0,0,0,0,0,377,100,25,95
ALT,2015,6,21,23,14.7,91.8,15.3,13.4,9.99,13.9,40,1.3,967.8,72,1.2,5.2,0,0,0,0,0,0,0,376,100,25,95
ALT,2015,6,22,0,14.5,92.9,15.4,13.4,10.06,13.8,40,0.1,967.6,135,1.8,3.6,0,0,0,0,0,0,0,375,100,23,95
ALT,2015,6,22,1,14.3,92.6,15.1,13.1,9.87,13.6,39.3,0.3,967.1,164,1.5,3.4,0,0,0,0,0,0,0,372,94,23,95
ALT,2015,6,22,2,14,92.3,14.7,12.8,9.61,13.3,38.3,0,966.5,117,1,3.2,0,0,0,0,0,0,0,367,69,23,95
ALT,2015,6,22,3,13,94.4,14.1,12.1,9.21,12.5,36.3,0,966.1,153,0.7,2,4,0,4,2,2,2,2,346,36,23,95
ALT,2015,6,22,4,12.1,94.4,13.4,11.2,8.75,11.6,34.2,0,965.9,171,0.9,1.7,49,0,49,30,29,30,29,361,60,23,95
ALT,2015,6,22,5,12.7,92.7,13.6,11.5,8.88,12,35.2,0,965.7,135,0.7,2.1,45,0,45,53,54,54,54,360,48,23,95
ALT,2015,6,22,6,14,89.6,14.3,12.3,9.35,13,37.7,0,965.3,90,0.7,1.4,441,741,92,188,781,77,79,368,29,23,95
ALT,2015,6,22,7,16.2,80,14.7,12.7,9.62,14.1,40.6,0,964.7,135,0.7,2.1,533,562,192,118,642,235,119,369,69,23,95
ALT,2015,6,22,8,17.5,73,14.6,12.6,9.56,14.5,41.8,0,964.2,342,1.1,2.9,689,641,208,136,641,381,139,384,69,23,95
ALT,2015,6,22,9,18.6,63.7,13.6,11.6,8.91,14.4,41.3,0,963.5,340,1.3,2.5,853,825,161,143,609,501,148,371,54,23,95
ALT,2015,6,22,10,20,60.7,14.2,12.2,9.31,15.3,43.7,0,962.8,338,2,3.3,927,868,147,149,434,572,156,390,71,23,95
ALT,2015,6,22,11,21.8,54.9,14.4,12.3,9.46,16,46,0,961.7,295,2,4.5,1014,922,170,161,246,645,263,382,65,23,95
ALT,2015,6,22,12,22.8,52.3,14.6,12.5,9.59,16.4,47.3,0,961.2,323,4.1,8.8,542,212,350,189,184,333,290,395,100,23,95
ALT,2015,6,22,13,22.8,47,13,10.9,8.53,15.6,44.6,0,960.8,327,3.2,8.4,298,8,292,157,150,160,153,394,100,23,95
ALT,2015,6,22,14,22.3,48.2,12.9,10.8,8.46,15.4,43.9,0,960.9,335,2.6,5.9,211,2,210,113,108,113,108,393,100,23,95
ALT,2015,6,22,15,21.2,50.7,12.7,10.6,8.33,14.9,42.5,0,960.5,343,1.8,6.3,170,4,167,90,86,90,89,393,100,23,95
ALT,2015,6,22,16,20.3,67.4,16,14.1,10.54,16.4,47.2,0,959.9,112,1,2.3,197,58,171,107,88,91,148,392,100,23,95
ALT,2015,6,22,17,19.5,75.6,17.1,15.1,11.29,16.7,48.3,0,959.2,56,0.5,2.1,74,7,72,42,37,39,44,391,100,23,95
ALT,2015,6,22,18,19.2,68.1,15.1,13.2,9.96,15.5,44.6,0,957.9,158,1.7,4.6,23,0,23,15,15,15,15,387,88,23,95
ALT,2015,6,22,19,17.7,75.1,15.2,13.2,10.04,14.9,43.2,0,957.1,151,1.4,3.3,0,0,0,0,0,0,0,388,100,23,95
ALT,2015,6,22,20,17.1,75.1,14.6,12.7,9.64,14.4,41.6,0,956.3,315,1,3.5,0,0,0,0,0,0,0,385,100,23,95
ALT,2015,6,22,21,18.1,66.6,13.8,11.8,9.1,14.3,41.3,0,957.2,328,2.6,9,0,0,0,0,0,0,0,383,100,23,95
ALT,2015,6,22,22,17.6,73.8,14.8,12.9,9.75,14.7,42.4,1.2,959.4,346,7.5,18.8,0,0,0,0,0,0,0,380,100,23,95
ALT,2015,6,22,23,14.9,82.1,13.9,11.9,9.13,13.1,38.1,4,961.1,355,9.4,15.1,0,0,0,0,0,0,0,378,100,23,95
ALT,2015,6,23,0,13.5,86.4,13.4,11.3,8.79,12.2,35.8,4.5,961.6,317,5.5,13.3,0,0,0,0,0,0,0,376,100,23,95
ALT,2015,6,23,1,13.1,87.2,13.2,11,8.65,11.9,35,3.3,962,309,3.4,8.9,0,0,0,0,0,0,0,375,100,23,95
ALT,2015,6,23,2,12.8,90.8,13.4,11.3,8.78,11.9,35,3.2,962.4,288,1.3,4.1,0,0,0,0,0,0,0,374,100,23,95
ALT,2015,6,23,3,12.6,93.6,13.7,11.6,8.99,12,35.4,3.5,961.7,175,2.3,4.7,0,0,0,0,0,0,0,373,100,23,95
ALT,2015,6,23,4,12.7,91.8,13.5,11.4,8.86,11.9,35.1,0.6,961.7,101,1.9,4.8,9,0,9,5,5,5,5,372,100,23,95
ALT,2015,6,23,5,12.8,92.9,13.7,11.7,8.99,12.2,35.6,1.2,961.9,225,0.6,1.9,33,0,33,18,17,18,17,371,100,23,95
ALT,2015,6,23,6,13.1,90.8,13.6,11.6,8.92,12.2,35.7,0.2,962,180,0.1,1.3,73,0,73,39,37,39,37,371,100,23,95
ALT,2015,6,23,7,13.4,89.9,13.8,11.8,9.05,12.5,36.3,0.4,962,319,1.2,3,114,0,114,61,58,61,57,371,100,23,95
ALT,2015,6,23,8,13.7,89,13.9,11.9,9.12,12.6,36.8,1,962.2,310,1.5,3.7,126,0,126,68,64,67,63,372,100,23,95
ALT,2015,6,23,9,13.9,87.3,13.8,11.8,9.04,12.7,36.8,0.4,963,108,1.6,8.5,205,6,201,107,107,110,101,373,94,23,95
ALT,2015,6,23,10,14.1,81.3,13.1,10.9,8.58,12.3,35.8,0.2,963.3,316,3.7,8,252,5,247,132,129,135,125,374,100,23,95
ALT,2015,6,23,11,14.3,80.1,13.1,10.9,8.57,12.3,36,0.1,963.4,316,3.9,8.4,180,0,180,96,92,96,90,375,100,23,95
ALT,2015,6,23,12,15.3,79.5,13.8,11.8,9.03,13.2,38.2,0,963.9,99,2.4,7.6,485,135,363,195,188,286,261,370,88,23,95
ALT,2015,6,23,13,15.9,68.9,12.4,10.2,8.1,12.6,36.5,0,964.2,304,1,4.1,276,4,273,146,139,147,140,374,100,23,95
ALT,2015,6,23,14,16.4,65,12.1,9.8,7.9,12.6,36.5,0,964.4,333,3,5.7,392,128,301,159,154,217,275,372,88,23,95
ALT,2015,6,23,15,16.5,60.3,11.3,8.8,7.37,12.2,35.3,0,964.7,326,3.7,7.8,157,6,154,82,79,84,83,371,100,23,95
ALT,2015,6,23,16,16.2,59,10.8,8.2,7.04,11.8,34.1,0,965.1,352,4.5,8.2,97,1,97,52,50,52,50,370,100,23,95
ALT,2015,6,23,17,15.8,59,10.6,7.8,6.9,11.4,33.4,0,965.5,336,4.4,7.9,40,2,39,22,20,21,22,369,100,23,95
ALT,2015,6,23,18,15.4,58,10.1,7.2,6.57,10.9,32.1,0,966,336,4.5,7.5,6,0,6,3,3,3,3,367,100,23,95
ALT,2015,6,23,19,15,57.7,9.8,6.7,6.37,10.6,31.2,0,966.5,345,2.8,6.6,0,0,0,0,0,0,0,364,100,23,95
ALT,2015,6,23,20,14.7,65.1,10.9,8.2,7.09,11.1,32.7,0,967.6,326,2.1,5.5,0,0,0,0,0,0,0,362,100,23,95
ALT,2015,6,23,21,13.7,74.3,11.6,9.2,7.54,11.2,32.8,0,968.1,30,1.3,4.2,0,0,0,0,0,0,0,360,100,23,95
ALT,2015,6,23,22,13.1,79,11.9,9.5,7.74,11.1,32.7,0,968,141,0.9,1.9,0,0,0,0,0,0,0,357,92,23,95
ALT,2015,6,23,23,12.6,80.5,11.7,9.3,7.61,10.8,31.9,0,968.2,135,0.9,2,0,0,0,0,0,0,0,355,88,23,95
ALT,2015,6,24,0,12.2,84.4,12,9.6,7.81,10.8,32,0,968.3,135,0.7,1.6,0,0,0,0,0,0,0,353,100,19,95
ALT,2015,6,24,1,11.9,85.4,11.9,9.5,7.74,10.6,31.5,0,968.6,149,0.6,1.4,0,0,0,0,0,0,0,340,75,19,95
ALT,2015,6,24,2,11.1,87.9,11.6,9.2,7.54,10.1,30.2,0,968.9,149,0.7,1.2,0,0,0,0,0,0,0,321,40,19,95
ALT,2015,6,24,3,10.3,89.7,11.2,8.7,7.27,9.4,28.7,0,969.3,141,0.7,1.4,4,0,4,2,2,2,2,303,0,19,95
ALT,2015,6,24,4,9.6,90.7,10.9,8.2,7.07,8.9,27.5,0,969.7,162,0.5,1.2,31,0,31,24,24,24,24,301,0,19,95
ALT,2015,6,24,5,9.8,89.6,10.9,8.2,7.07,8.9,27.7,0,969.9,194,0.4,1,43,0,43,47,47,47,47,301,0,19,95
ALT,2015,6,24,6,11.3,85.8,11.5,9,7.46,10,30.2,0,970,8,0.8,1.7,440,731,98,183,766,67,69,302,0,19,95
ALT,2015,6,24,7,13.6,74.5,11.6,9.2,7.53,11.1,32.7,0,970.1,354,1.9,3.1,611,804,114,87,789,222,90,305,0,19,95
ALT,2015,6,24,8,14.9,69.4,11.8,9.4,7.66,11.8,34.3,0,970.1,330,2.4,3.8,762,856,124,104,729,370,109,308,0,19,95
ALT,2015,6,24,9,16.2,66.2,12.2,9.9,7.92,12.6,36.3,0,970.1,332,3.3,6,879,894,128,117,599,487,123,311,0,19,95
ALT,2015,6,24,10,17.5,60.4,12.1,9.8,7.86,13.1,37.5,0,969.8,296,3.4,5.7,951,914,130,125,416,562,131,317,0,19,95
ALT,2015,6,24,11,18.5,59,12.6,10.3,8.19,13.7,39.4,0,969.3,297,3.7,6.6,977,933,122,127,191,583,215,323,0,19,95
ALT,2015,6,24,12,19.9,54.9,12.8,10.6,8.33,14.4,41.1,0,968.8,313,3.4,6.3,939,908,130,124,129,550,455,305,0,19,95
ALT,2015,6,24,13,20.8,51.3,12.6,10.4,8.2,14.6,41.7,0,968.5,311,3.4,6.6,844,845,147,117,121,467,621,305,0,19,95
ALT,2015,6,24,14,21.1,48.4,12.1,9.8,7.87,14.5,41.2,0,968.4,305,3.7,7,716,794,144,104,106,344,724,324,0,19,95
ALT,2015,6,24,15,21.5,45.9,11.8,9.4,7.67,14.4,41.1,0,968.1,299,3.5,6.4,583,808,108,101,85,175,804,324,0,19,95
ALT,2015,6,24,16,20.8,47.6,11.7,9.3,7.61,14.1,40.2,0,968.3,292,2.9,8.1,423,740,98,207,66,65,783,331,25,19,95
ALT,2015,6,24,17,19.9,51,11.9,9.5,7.74,13.9,39.6,0,968.7,266,1.7,3.4,156,317,56,139,41,41,352,326,13,19,95
ALT,2015,6,24,18,19.1,55,12.1,9.9,7.86,13.7,39.1,0,969.3,252,0.9,2.8,28,0,28,19,18,19,18,329,33,19,95
ALT,2015,6,24,19,16.7,67.3,12.8,10.6,8.32,13.1,37.9,0,969.9,148,2,4.1,0,0,0,0,0,0,0,320,6,19,95
ALT,2015,6,24,20,15.7,71.5,12.7,10.6,8.25,12.7,36.6,0,970.7,172,1.5,3.3,0,0,0,0,0,0,0,319,40,19,95
ALT,2015,6,24,21,15,74.2,12.6,10.4,8.18,12.4,35.8,0,970.9,173,1.6,2.9,0,0,0,0,0,0,0,319,33,19,95
ALT,2015,6,24,22,14.6,74.2,12.3,10.1,7.98,12,34.8,0,971.1,180,0.6,1.4,0,0,0,0,0,0,0,311,13,19,95
ALT,2015,6,24,23,13,81.6,12.2,9.9,7.91,11.3,33,0,971.4,180,0.6,1.8,0,0,0,0,0,0,0,301,0,19,95
ALT,2015,6,25,0,12.2,85.5,12.2,9.8,7.91,10.9,32.2,0,971.5,153,0.8,1.8,0,0,0,0,0,0,0,301,0,17,95
ALT,2015,6,25,1,11.9,86.4,12,9.7,7.78,10.7,31.6,0,971.5,174,1,1.9,0,0,0,0,0,0,0,301,0,17,95
ALT,2015,6,25,2,11.2,88.3,11.7,9.3,7.58,10.2,30.4,0,971.3,167,1,1.8,0,0,0,0,0,0,0,306,13,17,95
ALT,2015,6,25,3,11.3,87,11.6,9.2,7.52,10.1,30.3,0,971.1,162,1.3,2,4,0,4,2,2,2,2,332,60,17,95
ALT,2015,6,25,4,11.5,85.3,11.6,9.1,7.52,10.2,30.5,0,971.2,172,0.8,1.8,37,0,37,24,24,24,24,338,51,17,95
ALT,2015,6,25,5,11.4,87.8,11.8,9.5,7.65,10.3,30.7,0,971.2,180,0.2,1.1,46,0,46,45,45,45,45,349,41,17,95
ALT,2015,6,25,6,13.1,83.5,12.6,10.4,8.18,11.6,33.8,0,971.1,90,0.4,1.2,407,606,128,184,664,69,69,355,50,17,95
ALT,2015,6,25,7,15.6,73.7,13.1,10.9,8.5,12.9,37.2,0,971.3,349,1.1,2.2,351,125,272,132,253,174,124,377,100,17,95
ALT,2015,6,25,8,16.1,73.7,13.5,11.4,8.77,13.3,38.4,0,971.3,340,1.5,2.6,589,418,271,135,470,315,131,372,88,17,95
ALT,2015,6,25,9,17.9,67.3,13.8,11.8,8.96,14.2,40.7,0,971.4,345,1.3,2.5,808,710,211,121,549,462,123,375,65,17,95
ALT,2015,6,25,10,19.7,63.9,14.7,12.7,9.56,15.4,44.1,0,971.3,332,2.1,4.2,786,525,315,156,401,481,153,372,64,17,95
ALT,2015,6,25,11,21.3,54.7,13.9,11.8,9.04,15.5,44.4,0,970.7,294,2.2,5.7,685,300,411,192,247,416,248,383,84,17,95
ALT,2015,6,25,12,21.9,51.3,13.5,11.4,8.77,15.5,44.3,0,970.5,322,4.9,8.7,550,147,419,202,193,309,281,395,100,17,95
ALT,2015,6,25,13,21.7,52.6,13.6,11.6,8.84,15.6,44.3,0,970.4,326,4.5,8,448,94,370,180,172,240,243,394,100,17,95
ALT,2015,6,25,14,22.1,52.5,14,11.9,9.11,15.9,45.4,0,970.2,334,5.6,8.5,386,95,316,154,147,201,233,393,100,17,95
ALT,2015,6,25,15,21.5,55.4,14.2,12.2,9.24,15.8,45.1,0,970.1,333,4.7,7.6,149,3,148,74,70,74,71,389,100,17,95
ALT,2015,6,25,16,22.1,51.2,13.6,11.6,8.84,15.7,44.7,0,970,324,2.9,5.5,124,31,111,64,52,55,84,388,94,17,95
ALT,2015,6,25,17,21.5,52.8,13.5,11.5,8.78,15.4,43.9,0,970,293,2.1,3.8,97,41,84,58,41,43,82,372,88,17,95
ALT,2015,6,25,18,20.4,58.6,14,12,9.1,15.3,43.6,0,970.4,315,1.3,3.2,32,0,32,18,17,18,17,369,71,17,95
ALT,2015,6,25,19,19.7,60.6,13.8,11.9,8.97,15,42.6,0,970.9,243,0.5,2.2,0,0,0,0,0,0,0,374,88,17,95
ALT,2015,6,25,20,17.8,72,14.6,12.7,9.49,14.7,41.9,0,971.5,142,1.2,2.1,0,0,0,0,0,0,0,356,78,17,95
ALT,2015,6,25,21,16.9,74.2,14.3,12.3,9.29,14.1,40.5,0,971.8,164,1.5,2.6,0,0,0,0,0,0,0,363,88,17,95
ALT,2015,6,25,22,16.8,72.4,13.8,11.8,8.96,13.8,39.6,0,972,172,0.8,1.9,0,0,0,0,0,0,0,356,74,17,95
ALT,2015,6,25,23,15.9,76.6,13.8,11.8,8.96,13.5,38.7,0,971.9,180,0.6,1.6,0,0,0,0,0,0,0,348,71,17,95
ALT,2015,6,26,0,14.6,81.8,13.5,11.5,8.76,12.8,36.8,0,971.8,174,1,1.6,0,0,0,0,0,0,0,347,35,17,95
ALT,2015,6,26,1,13.7,83.6,13.1,11,8.5,12.1,35.2,0,971.6,162,0.4,1.3,0,0,0,0,0,0,0,347,29,17,95
ALT,2015,6,26,2,12.7,86,12.6,10.4,8.17,11.4,33.4,0,971.5,180,0.7,1.3,0,0,0,0,0,0,0,349,35,17,95
ALT,2015,6,26,3,12.1,87,12.3,10,7.98,10.9,32.3,0,971.6,159,0.8,1.8,4,0,4,2,2,2,2,347,29,17,95
ALT,2015,6,26,4,12.1,86.8,12.2,10,7.91,10.9,32.1,0,971.6,159,0.9,1.6,33,0,33,23,23,23,23,348,36,17,95
ALT,2015,6,26,5,12.7,85.3,12.5,10.3,8.11,11.3,33.2,0,971.6,150,0.9,1.7,44,0,44,43,43,43,43,352,29,17,95
ALT,2015,6,26,6,15,78.7,13.4,11.3,8.7,12.8,37.1,0,971.4,11,0.6,1.6,426,714,92,170,740,60,62,353,23,17,95
ALT,2015,6,26,7,17.4,68.8,13.6,11.6,8.83,13.9,39.9,0,971.2,344,1.8,3.3,591,776,112,79,756,209,81,354,26,17,95
ALT,2015,6,26,8,19,59.7,13.1,11,8.51,14.3,40.7,0,970.5,328,1.4,2.6,738,828,123,94,699,351,98,352,6,17,95
ALT,2015,6,26,9,20,56.8,13.3,11.2,8.64,14.7,42.1,0,970.3,339,2,3.8,862,890,114,105,576,465,110,352,6,17,95
ALT,2015,6,26,10,21.6,55.5,14.3,12.3,9.31,15.9,45.4,0,969.9,317,2.5,5,934,908,119,112,393,538,118,357,19,17,95
ALT,2015,6,26,11,23.1,50.8,14.4,12.4,9.38,16.5,47.1,0,969.3,307,3.7,7,928,840,159,119,184,557,216,373,45,17,95
ALT,2015,6,26,12,23.9,50.5,15,13,9.78,17.1,48.9,0,968.8,303,3.8,8.3,903,849,148,115,118,526,436,373,31,17,95
ALT,2015,6,26,13,24.6,46,14.2,12.2,9.26,16.9,48.3,0,968.3,327,5.1,8.3,817,804,153,108,110,447,591,362,19,17,95
ALT,2015,6,26,14,24.5,47.7,14.7,12.7,9.59,17.1,49.1,0,968.1,334,6.5,10.7,668,673,182,102,104,331,649,384,46,17,95
ALT,2015,6,26,15,24.4,43.6,13.3,11.2,8.66,16.3,46.6,0,968.3,330,6.5,10.3,501,546,173,106,91,186,601,391,65,17,95
ALT,2015,6,26,16,24.1,43.6,13.1,11,8.53,16.1,46,0,968.3,323,3.9,7.9,257,173,178,131,83,86,263,399,88,17,95
ALT,2015,6,26,17,23.7,46.7,13.6,11.6,8.86,16.3,46.4,0,968.3,313,2.5,6.8,122,148,77,96,44,45,192,387,49,17,95
ALT,2015,6,26,18,22.1,53,14,12.1,9.12,16,45.4,0,968.6,135,1,2.8,22,0,22,13,12,13,12,398,88,17,95
ALT,2015,6,26,19,21,58.5,14.6,12.6,9.52,15.8,45.3,0,968.7,180,1.1,2.3,0,0,0,0,0,0,0,398,100,17,95
ALT,2015,6,26,20,19.7,63.7,14.6,12.6,9.52,15.4,44,0,968.9,164,0.9,2.2,0,0,0,0,0,0,0,384,59,17,95
ALT,2015,6,26,21,17.9,69.4,14.2,12.2,9.25,14.5,41.4,0,968.9,166,0.9,2.5,0,0,0,0,0,0,0,349,36,17,95
ALT,2015,6,26,22,16.6,74.6,14,12.1,9.12,13.9,39.8,0,969,194,0.5,1.5,0,0,0,0,0,0,0,366,75,17,95
ALT,2015,6,26,23,15.9,77.5,14,12,9.12,13.6,39.1,0,968.9,207,0.3,1.5,0,0,0,0,0,0,0,376,88,17,95
ALT,2015,6,27,0,15.4,80.8,14.1,12.1,9.19,13.4,38.7,0,968.5,146,0.5,1.6,0,0,0,0,0,0,0,381,100,17,95
ALT,2015,6,27,1,15.8,78.2,14,12,9.13,13.5,39,0,968.2,135,0.2,1.2,0,0,0,0,0,0,0,379,94,17,95
ALT,2015,6,27,2,15.2,81.1,14,12,9.13,13.3,38.4,0,968,169,0.7,1.4,0,0,0,0,0,0,0,374,94,17,95
ALT,2015,6,27,3,14.8,82.9,14,11.9,9.13,13.1,38,0,967.8,149,0.7,1.7,0,0,0,0,0,0,0,385,100,17,95
ALT,2015,6,27,4,14.8,83.6,14,12.1,9.13,13.2,38,0,967.6,180,0.7,1.8,23,0,23,12,11,12,11,376,88,17,95
ALT,2015,6,27,5,15.3,83.2,14.5,12.5,9.46,13.6,39.3,0,967.8,149,0.8,1.6,103,0,103,54,51,53,50,381,88,17,95
ALT,2015,6,27,6,17.1,80.2,15.7,13.7,10.26,15,43.2,0,967.6,27,0.5,1.3,406,606,116,163,651,67,68,375,48,17,95
ALT,2015,6,27,7,19.3,69.9,15.6,13.7,10.19,15.8,45.3,0,967.4,360,0.8,3.1,547,623,158,90,648,218,91,389,50,17,95
ALT,2015,6,27,8,19.8,66.1,15.3,13.3,10,15.8,45.3,0,967.2,333,1,2.5,657,592,221,116,597,340,115,389,56,17,95
ALT,2015,6,27,9,22.1,57.6,15.3,13.3,10,16.6,47.6,0,966.9,360,1.5,3.1,622,340,340,163,408,358,157,396,74,17,95
ALT,2015,6,27,10,23,55.8,15.7,13.7,10.27,17.1,49.3,0,966.6,333,0.9,2.7,144,0,144,72,68,71,67,403,100,17,95
ALT,2015,6,27,11,23.1,55.1,15.5,13.6,10.13,17.1,49,0,966.8,339,1.5,9.6,159,0,159,79,75,79,74,406,100,17,95
ALT,2015,6,27,12,23.5,53.8,15.5,13.6,10.14,17.2,49.4,0,966.7,333,4,9.2,89,0,89,44,42,44,41,408,100,17,95
ALT,2015,6,27,13,19.7,76.1,17.4,15.4,11.39,16.9,48.7,2.1,967.4,344,3.5,13.8,391,164,260,127,123,213,250,404,88,17,95
ALT,2015,6,27,14,20.1,78.9,18.5,16.3,12.13,17.6,51,4.5,967.5,309,1.7,6.2,217,38,190,94,89,110,124,407,88,17,95
ALT,2015,6,27,15,19,86.1,18.9,16.6,12.39,17.4,50.5,0.3,967.5,270,1.1,2.5,32,0,32,16,15,16,15,402,100,17,95
ALT,2015,6,27,16,19.2,88.1,19.6,17.2,12.86,17.9,51.9,0,967.3,180,1,2.1,159,78,127,85,60,62,140,402,100,17,95
ALT,2015,6,27,17,19.1,90.9,20.1,17.6,13.2,18.1,52.7,1.5,967.5,63,0.9,2,51,16,46,29,22,23,37,401,100,17,95
ALT,2015,6,27,18,18.7,92.1,19.8,17.4,12.98,17.8,51.7,0,968.3,333,0.9,2.8,14,0,14,7,6,7,6,403,100,17,95
ALT,2015,6,27,19,18.3,93.6,19.7,17.3,12.91,17.6,51.1,0.4,969.2,45,0.8,2.5,0,0,0,0,0,0,0,392,100,17,95
ALT,2015,6,27,20,18,92.7,19.1,16.8,12.49,17.2,49.8,0.2,970,143,1.2,3,0,0,0,0,0,0,0,385,100,17,95
ALT,2015,6,27,21,17.5,91.5,18.3,16.1,11.96,16.6,47.9,0.2,970.4,159,1.6,4.1,0,0,0,0,0,0,0,371,68,17,95
ALT,2015,6,27,22,16.7,93.1,17.6,15.6,11.49,16,45.9,0,970.5,129,0.8,1.7,0,0,0,0,0,0,0,376,68,17,95
ALT,2015,6,27,23,16.6,93.8,17.7,15.6,11.56,16,45.9,0,970.4,149,0.9,2.1,0,0,0,0,0,0,0,382,81,17,95
ALT,2015,6,28,0,16.5,93.7,17.5,15.5,11.42,15.9,45.5,0,970.3,135,0.8,2.2,0,0,0,0,0,0,0,383,68,18,95
ALT,2015,6,28,1,16,93.9,17,15,11.09,15.4,44.2,0,970.2,129,0.8,1.6,0,0,0,0,0,0,0,364,45,18,95
ALT,2015,6,28,2,15.6,94.2,16.7,14.7,10.9,15,43.3,0,969.8,146,0.8,1.8,0,0,0,0,0,0,0,357,25,18,95
ALT,2015,6,28,3,15.4,94.2,16.5,14.5,10.76,14.8,42.7,0,969.9,0,0,0,2,0,2,1,1,1,1,358,13,18,95
ALT,2015,6,28,4,15.5,93.8,16.5,14.5,10.76,14.9,42.8,0,970.3,0,0,0,27,0,27,15,15,15,15,356,50,18,95
ALT,2015,6,28,5,15.8,93.3,16.8,14.7,10.96,15.1,43.6,0,970.3,153,0.7,1.6,95,0,95,59,57,58,56,350,45,18,95
ALT,2015,6,28,6,16.6,90.9,17.1,15.1,11.16,15.7,44.9,0,970.1,81,0.9,2.2,382,496,148,176,572,76,76,339,6,18,95
ALT,2015,6,28,7,18.8,79.9,17.3,15.3,11.3,16.6,47.5,0,969.9,356,1.4,2.1,594,771,118,84,759,218,87,343,6,18,95
ALT,2015,6,28,8,19.8,73.6,17,14.9,11.1,16.7,48.1,0,969.9,339,2,3.4,756,848,127,101,724,366,105,351,19,18,95
ALT,2015,6,28,9,20.9,69.6,17.2,15.1,11.23,17.2,49.5,0,969.6,329,2.3,5,854,854,138,113,584,475,118,353,25,18,95
ALT,2015,6,28,10,22.2,64.2,17.2,15.1,11.24,17.6,50.9,0,969.2,315,3,5.9,902,805,180,126,419,545,130,367,29,18,95
ALT,2015,6,28,11,23.6,56.5,16.5,14.5,10.78,17.8,51.2,0,968.6,328,4.6,7.6,918,801,186,130,207,563,223,375,45,18,95
ALT,2015,6,28,12,24.3,53.3,16.2,14.2,10.58,17.8,51.4,0,968.3,334,5.1,7.8,936,915,122,118,123,543,444,361,29,18,95
ALT,2015,6,28,13,24.8,47.8,14.9,13,9.73,17.4,49.7,0,967.8,332,5.6,8.7,849,894,113,108,112,454,615,354,0,18,95
ALT,2015,6,28,14,24.8,49.5,15.5,13.5,10.12,17.6,50.7,0,967.7,326,4.7,8.9,734,870,106,95,98,334,746,362,0,18,95
ALT,2015,6,28,15,25,47.8,15.2,13.2,9.93,17.5,50.4,0,967.5,325,5.2,8.9,589,812,109,97,83,179,805,366,6,18,95
ALT,2015,6,28,16,24.7,49.9,15.5,13.6,10.12,17.7,50.6,0,967.7,310,3.7,7.2,401,707,90,189,61,60,741,369,19,18,95
ALT,2015,6,28,17,24.4,47.8,14.6,12.6,9.52,17,48.8,0,968.1,295,2,6.3,161,296,68,132,41,42,332,374,39,18,95
ALT,2015,6,28,18,23.1,50.4,14.3,12.2,9.32,16.4,46.9,0,968.7,311,2.2,5.6,35,0,35,20,19,20,19,364,35,18,95
ALT,2015,6,28,19,21,60.1,14.8,13,9.65,16,45.6,0,969,163,1.5,3.1,0,0,0,0,0,0,0,335,0,18,95
ALT,2015,6,28,20,19,69.9,15.3,13.4,9.97,15.5,44.4,0,970.1,146,0.7,1.8,0,0,0,0,0,0,0,357,48,18,95
ALT,2015,6,28,21,18.3,72.1,15.1,13.2,9.84,15.2,43.3,0,970,167,1,1.9,0,0,0,0,0,0,0,374,69,18,95
ALT,2015,6,28,22,17.4,76.1,15.1,13.1,9.83,14.8,42.4,0,970.2,166,0.9,2.2,0,0,0,0,0,0,0,354,51,18,95
ALT,2015,6,28,23,16.6,79.4,15,13,9.77,14.4,41.4,0,970.2,180,0.5,1.8,0,0,0,0,0,0,0,331,0,18,95
ALT,2015,6,29,0,16,81.9,14.9,12.9,9.7,14.1,40.6,0,970,159,0.9,1.8,0,0,0,0,0,0,0,347,33,19,95
ALT,2015,6,29,1,15.3,84.2,14.6,12.7,9.51,13.7,39.4,0,969.9,166,1,2.1,0,0,0,0,0,0,0,359,43,19,95
ALT,2015,6,29,2,15.1,84.2,14.4,12.5,9.37,13.5,38.9,0,970,153,0.7,1.5,0,0,0,0,0,0,0,374,81,19,95
ALT,2015,6,29,3,14.8,86,14.4,12.5,9.37,13.4,38.6,0,970.1,166,0.9,2,3,0,3,1,1,1,1,375,66,19,95
ALT,2015,6,29,4,14.6,86.4,14.4,12.4,9.37,13.3,38.4,0,970.5,173,0.9,1.5,41,0,41,25,25,25,24,370,60,19,95
ALT,2015,6,29,5,15.9,86.4,15.6,13.6,10.16,14.5,41.7,0,970.7,153,0.6,1.4,99,0,99,52,50,52,49,387,100,19,95
ALT,2015,6,29,6,17.7,78.2,15.8,13.9,10.29,15.3,43.9,0,971,324,0.9,2,220,91,179,115,183,90,86,390,100,19,95
ALT,2015,6,29,7,18.5,78.2,16.7,14.6,10.88,16,46.2,0,971.5,335,1.5,2.6,494,463,201,111,532,223,110,390,88,19,95
ALT,2015,6,29,8,20.1,72,16.9,14.9,11.02,16.8,48.2,0,970.9,352,0.9,3.6,629,540,230,132,558,329,131,391,81,19,95
ALT,2015,6,29,9,21.2,65.6,16.5,14.5,10.76,16.9,48.6,0,970.6,347,1.9,3.8,904,894,155,125,631,517,131,375,40,19,95
ALT,2015,6,29,10,22.5,59.9,16.4,14.3,10.7,17.3,49.8,0,970.1,348,2.1,3.8,896,812,168,130,420,544,135,389,50,19,95
ALT,2015,6,29,11,24.3,50.1,15.2,13.2,9.9,17.3,49.7,0,970,300,3,6.2,755,450,344,176,240,478,263,411,81,19,95
ALT,2015,6,29,12,25.4,47,15.2,13.3,9.9,17.7,50.8,0,969.8,329,5,8.4,776,537,298,160,160,483,422,399,71,19,95
ALT,2015,6,29,13,25.5,48,15.6,13.7,10.17,18,51.6,0,969.8,334,6.6,9.8,502,165,365,182,175,286,302,409,88,19,95
ALT,2015,6,29,14,24.5,51.1,15.7,13.7,10.24,17.6,50.7,0,969.6,335,5.6,8.8,391,96,320,162,155,208,243,413,100,19,95
ALT,2015,6,29,15,25.3,50.9,16.4,14.4,10.7,18.3,52.7,0,969.5,314,3.5,7.1,356,166,259,140,125,164,295,408,100,19,95
ALT,2015,6,29,16,25,49.4,15.7,13.7,10.24,17.8,51.2,0,969.5,305,3.1,5.7,250,169,172,129,83,86,260,408,88,19,95
ALT,2015,6,29,17,24.4,50.1,15.3,13.3,9.97,17.4,49.9,0,969.8,324,2.9,6.2,110,40,98,67,51,53,91,400,81,19,95
ALT,2015,6,29,18,22.5,62.2,17,14.9,11.09,17.6,50.8,0,970.2,40,0.9,2,32,0,32,17,17,17,16,402,88,19,95
ALT,2015,6,29,19,21.3,66.9,16.9,14.9,11.02,17.2,49.4,0,970.5,135,0.7,1.6,0,0,0,0,0,0,0,402,88,19,95
ALT,2015,6,29,20,20.1,67,15.7,13.8,10.22,16.2,46.2,0,971.1,164,0.8,2.1,0,0,0,0,0,0,0,377,45,19,95
ALT,2015,6,29,21,18.3,73.9,15.5,13.6,10.09,15.4,44,0,971.3,164,0.9,2.4,0,0,0,0,0,0,0,359,16,19,95
ALT,2015,6,29,22,18,73,15.1,13.1,9.82,15,43,0,971.2,180,0.9,1.9,0,0,0,0,0,0,0,363,33,19,95
ALT,2015,6,29,23,16.9,78,15,13,9.76,14.5,41.7,0,970.9,153,0.4,1.3,0,0,0,0,0,0,0,369,59,19,95
ALT,2015,6,30,0,16.1,81.2,14.8,12.9,9.63,14.2,40.6,0,970.5,166,0.9,2,0,0,0,0,0,0,0,372,60,17,95
ALT,2015,6,30,1,15.9,80.5,14.6,12.6,9.5,13.9,40,0,970.1,180,0.3,1.4,0,0,0,0,0,0,0,367,38,17,95
ALT,2015,6,30,2,15.2,83,14.4,12.3,9.38,13.5,39,0,969.7,158,0.6,1.2,0,0,0,0,0,0,0,377,59,17,95
ALT,2015,6,30,3,14.6,85.1,14.1,12.1,9.18,13.1,37.9,0,969.7,146,0.5,1.1,2,0,2,1,1,1,1,373,49,17,95
ALT,2015,6,30,4,14.9,84,14.2,12.2,9.24,13.3,38.3,0,969.9,180,0.3,1.5,32,0,32,21,21,21,20,370,45,17,95
ALT,2015,6,30,5,14.9,85.5,14.4,12.5,9.37,13.5,38.7,0,969.9,135,0.6,1.3,47,0,47,42,42,42,42,354,13,17,95
ALT,2015,6,30,6,17.3,78.2,15.5,13.5,10.1,15,43,0,969.9,0,0,0.7,412,681,94,164,710,59,60,352,0,17,95
ALT,2015,6,30,7,20.4,64.6,15.4,13.5,10.04,16.1,46,0,969.6,349,0.5,2,602,805,109,77,779,209,79,355,6,17,95
ALT,2015,6,30,8,21.4,61,15.5,13.6,10.11,16.5,47.2,0,969.3,338,1.9,2.6,743,858,108,90,708,345,93,350,0,17,95
ALT,2015,6,30,9,22.4,60.1,16.2,14.3,10.57,17.3,49.4,0,969.1,338,2.4,3.8,843,866,118,101,566,455,105,353,0,17,95
ALT,2015,6,30,10,23.7,56.2,16.5,14.5,10.78,17.8,51.3,0,968.8,343,1.8,4.7,910,873,128,109,390,528,113,358,0,17,95
ALT,2015,6,30,11,25,55.1,17.5,15.4,11.45,18.7,54.3,0,968.3,324,2.4,4.4,925,858,140,112,182,550,197,368,0,17,95
ALT,2015,6,30,12,25.8,54.8,18.2,16,11.92,19.3,56.3,0,967.7,340,3.4,5.9,908,888,118,107,111,519,419,375,0,17,95
ALT,2015,6,30,13,27.1,50,17.9,15.8,11.73,19.6,57.2,0,967.3,336,2.6,4.5,823,847,124,100,103,440,586,373,0,17,95
ALT,2015,6,30,14,28.2,44.9,17.1,15.1,11.2,19.6,57,0,966.9,318,2.6,5.3,681,732,152,93,95,326,669,371,0,17,95
ALT,2015,6,30,15,28.7,42.1,16.5,14.6,10.8,19.5,56.5,0,966.5,300,2.4,5.3,543,719,119,91,76,168,724,369,0,17,95
ALT,2015,6,30,16,28.1,43.3,16.4,14.5,10.74,19.3,55.8,0,966.5,279,1.6,3.8,384,668,90,176,56,55,700,367,0,17,95
ALT,2015,6,30,17,27.2,45.8,16.4,14.5,10.71,18.9,54.7,0,966.6,360,0.7,2,145,270,60,121,38,38,304,365,0,17,95
ALT,2015,6,30,18,25.5,51,16.3,14.4,10.69,18.4,52.9,0,967,172,1,2.4,28,0,28,18,17,18,17,363,0,17,95
ALT,2015,6,30,19,24.1,55.9,16.4,14.5,10.74,17.9,51.6,0,967.3,162,1.3,3.2,0,0,0,0,0,0,0,360,0,17,95
ALT,2015,6,30,20,22.6,61.3,16.4,14.5,10.73,17.4,50.1,0,967.3,176,1.4,3,0,0,0,0,0,0,0,358,0,17,95
ALT,2015,6,30,21,21.1,67.4,16.4,14.4,10.71,16.8,48.4,0,967,187,1,2,0,0,0,0,0,0,0,355,0,17,95
ALT,2015,6,30,22,19.7,73,16.4,14.4,10.71,16.3,47,0,966.7,141,0.8,1.9,0,0,0,0,0,0,0,353,0,17,95
ALT,2015,6,30,23,18.4,78.8,16.4,14.4,10.71,15.9,45.6,0,966.1,270,0.4,1.4,0,0,0,0,0,0,0,350,0,17,95
ALT,2023,7,1,0,17.3,83.6,16.3,14.3,10.68,15.4,44.5,0.1,965.4,117,0.7,1.7,0,0,0,0,0,0,0,384,100,19,95
ALT,2023,7,1,1,16.4,88,16.3,14.3,10.67,15.1,43.5,0,964.7,90,0.7,1.8,0,0,0,0,0,0,0,382,100,20,95
ALT,2023,7,1,2,15.9,90.6,16.2,14.3,10.66,14.9,42.9,0,964.2,0,0.2,0.7,0,0,0,0,0,0,0,382,100,20,95
ALT,2023,7,1,3,15.5,92.4,16.2,14.2,10.62,14.7,42.4,0,963.6,140,0.8,1.6,0,0,0,0,0,0,0,381,100,20,95
ALT,2023,7,1,4,15.3,93.4,16.1,14.2,10.6,14.6,42.2,0,963.2,124,0.5,1.2,2,0,2,1,1,1,1,381,100,20,95
ALT,2023,7,1,5,15.5,91.8,16.1,14.1,10.57,14.6,42.3,0.1,963.1,90,0.4,1,24,0,24,13,12,13,12,381,94,20,95
ALT,2023,7,1,6,15.7,90.1,16,14,10.49,14.7,42.3,0,963,180,0.4,1,44,0,44,23,22,23,21,380,100,20,95
ALT,2023,7,1,7,16.4,85.7,15.9,13.9,10.43,14.9,42.9,0,962.8,90,0.1,0.7,133,2,132,69,67,68,64,381,100,20,95
ALT,2023,7,1,8,17.2,81.5,16,14,10.51,15.2,43.9,0,962.6,34,0.6,2.4,351,155,253,129,279,179,122,381,94,20,95
ALT,2023,7,1,9,18.5,72.4,15.4,13.4,10.12,15.4,44.3,0,962,353,1,3.1,496,225,330,165,367,277,158,367,75,20,95
ALT,2023,7,1,10,19.6,65.5,14.9,13,9.79,15.5,44.5,0,961.6,332,2.2,4,738,554,274,148,515,450,148,362,48,20,95
ALT,2023,7,1,11,21.1,60.4,15.1,13.1,9.93,16.1,46.4,0,961,329,2.7,5.7,804,581,283,157,411,510,158,366,45,20,95
ALT,2023,7,1,12,22.5,52.9,14.4,12.4,9.47,16.3,46.7,0,960.3,325,3.2,5.6,941,864,151,135,212,579,217,371,55,20,95
ALT,2023,7,1,13,23.1,51,14.4,12.4,9.47,16.5,47.3,0,959.9,324,4.2,7.2,750,485,317,168,166,473,403,390,71,20,95
ALT,2023,7,1,14,22.7,50.4,13.9,11.9,9.14,16.1,46.1,0,959.9,337,5,8.2,494,178,344,176,170,283,294,394,94,20,95
ALT,2023,7,1,15,21.8,53.8,14.1,12,9.27,15.8,45.5,0,960.1,333,3.6,6.5,192,1,192,99,94,99,93,397,100,20,95
ALT,2023,7,1,16,21.5,56.6,14.5,12.5,9.54,16,45.9,0,960.1,319,2.2,4.9,220,29,204,107,100,109,129,397,100,20,95
ALT,2023,7,1,17,21.1,59,14.7,12.8,9.67,16,45.8,0,960.1,315,2.1,3.8,134,10,129,69,64,66,73,397,100,20,95
ALT,2023,7,1,18,20.3,64.1,15.2,13.3,10,16,45.8,0,960.6,298,1.8,3.8,102,49,88,66,46,48,95,397,94,20,95
ALT,2023,7,1,19,18.5,74.9,15.9,14,10.46,15.7,45.1,0.1,961.4,315,3,6.8,26,0,26,15,15,15,14,396,94,20,95
ALT,2023,7,1,20,17.4,85.1,16.9,14.9,11.12,15.8,45.7,0,961.9,333,1.7,4,0,0,0,0,0,0,0,394,100,20,95
ALT,2023,7,1,21,17.1,90.9,17.7,15.6,11.65,16.1,46.7,0.3,962.5,346,0.5,1.9,0,0,0,0,0,0,0,392,94,20,95
ALT,2023,7,1,22,16.8,93.7,17.9,15.8,11.78,16.2,46.7,0.4,962.8,243,1.1,2.5,0,0,0,0,0,0,0,390,94,20,95
ALT,2023,7,1,23,16.8,93.9,17.9,15.8,11.78,16.2,46.7,0,962.8,198,0.8,1.7,0,0,0,0,0,0,0,388,100,20,95
ALT,2023,7,2,0,16.8,94.7,18.1,15.9,11.92,16.2,47.1,0.4,962.8,180,0.7,1.3,0,0,0,0,0,0,0,386,100,20,95
ALT,2023,7,2,1,16.6,94.5,17.9,15.7,11.78,16,46.5,0.2,962.7,207,0.8,2,0,0,0,0,0,0,0,385,100,21,95
ALT,2023,7,2,2,16.5,94.1,17.6,15.5,11.58,15.9,45.9,0,962.7,130,1.2,2.5,0,0,0,0,0,0,0,385,100,21,95
ALT,2023,7,2,3,16.1,94.4,17.3,15.2,11.38,15.5,45,0,962.8,270,0.5,1.4,0,0,0,0,0,0,0,386,100,21,95
ALT,2023,7,2,4,16,94.1,17.1,15.1,11.24,15.4,44.5,0,963.2,270,0.6,1.5,2,0,2,1,1,1,1,386,100,21,95
ALT,2023,7,2,5,16.2,94.9,17.4,15.4,11.44,15.7,45.2,0,963.5,143,0.6,1.5,41,0,41,27,26,27,26,386,100,21,95
ALT,2023,7,2,6,16.6,93,17.5,15.5,11.5,15.9,45.8,0,963.8,166,0.5,1.2,74,0,74,39,37,39,37,386,100,21,95
ALT,2023,7,2,7,17.4,87,17.3,15.2,11.37,16,46.3,0,964.1,302,1.1,3.5,156,15,149,82,91,78,74,387,100,21,95
ALT,2023,7,2,8,17.8,82,16.7,14.7,10.96,15.9,45.7,0,964.1,333,1.7,3.5,227,20,214,112,127,118,106,390,100,21,95
ALT,2023,7,2,9,18.6,77.7,16.6,14.6,10.9,16.1,46.3,0,964.1,11,0.8,1.8,300,24,283,148,163,158,139,393,100,21,95
ALT,2023,7,2,10,19.2,71.5,15.9,13.9,10.43,15.9,45.8,0,964,323,0.8,3.2,278,5,274,144,141,145,135,395,100,21,95
ALT,2023,7,2,11,19.7,68,15.6,13.6,10.23,15.9,45.8,0,964,300,1,2.2,320,8,313,165,161,169,154,398,100,21,95
ALT,2023,7,2,12,20.1,67.5,15.9,13.9,10.43,16.2,46.7,0,963.8,300,1.5,3.6,302,3,299,157,150,158,148,400,100,21,95
ALT,2023,7,2,13,20.2,68.6,16.2,14.2,10.63,16.4,47.3,0,963.8,337,1.6,3.7,309,5,305,160,153,162,153,402,100,21,95
ALT,2023,7,2,14,20.5,66.8,16.1,14.1,10.57,16.5,47.4,0,963.8,331,1.4,2.9,289,13,278,146,139,152,148,401,100,21,95
ALT,2023,7,2,15,20.8,67.3,16.6,14.5,10.9,16.8,48.6,0,963.6,18,0.6,1.5,119,0,119,62,59,62,58,401,100,21,95
ALT,2023,7,2,16,20.6,68.3,16.5,14.6,10.84,16.8,48.2,0,963.6,315,0.5,1.5,51,0,51,27,25,27,25,400,100,21,95
ALT,2023,7,2,17,20.4,73,17.5,15.4,11.5,17.2,49.7,0,963.8,27,0.5,1.1,147,30,135,79,68,70,98,400,100,21,95
ALT,2023,7,2,18,20.2,74.2,17.5,15.5,11.5,17.2,49.5,0,963.8,292,0.6,1.6,30,0,30,16,15,16,15,399,100,21,95
ALT,2023,7,2,19,19.3,82.8,18.6,16.3,12.24,17.4,50.5,0,963.9,135,0.3,1.4,4,0,4,2,2,2,2,398,100,21,95
ALT,2023,7,2,20,18.5,85.5,18.2,16,11.97,16.9,48.9,0,964.3,117,0.5,1.4,0,0,0,0,0,0,0,395,100,21,95
ALT,2023,7,2,21,18.2,86.8,18.1,16,11.89,16.8,48.4,0,964.6,135,0.2,0.9,0,0,0,0,0,0,0,391,100,21,95
ALT,2023,7,2,22,18,85.6,17.7,15.6,11.62,16.5,47.6,0,965,360,0.4,1.7,0,0,0,0,0,0,0,388,100,21,95
ALT,2023,7,2,23,17.7,88.5,17.9,15.8,11.76,16.5,47.6,0,964.9,162,0.5,1.2,0,0,0,0,0,0,0,385,100,21,95
ALT,2023,7,3,0,17.4,88.7,17.6,15.5,11.56,16.2,46.8,0,964.7,90,0.2,0.8,0,0,0,0,0,0,0,382,100,21,95
ALT,2023,7,3,1,17.1,89.8,17.5,15.4,11.49,16,46.3,0,964.6,117,0.3,1,0,0,0,0,0,0,0,377,81,24,95
ALT,2023,7,3,2,16.8,91.8,17.6,15.5,11.56,16,46.2,0,964.6,153,0.3,0.9,0,0,0,0,0,0,0,375,100,24,95
ALT,2023,7,3,3,16.6,92,17.4,15.3,11.43,15.8,45.6,0,964.6,153,0.6,1.3,0,0,0,0,0,0,0,369,43,24,95
ALT,2023,7,3,4,16.4,91,16.9,14.9,11.09,15.5,44.6,0,964.7,149,1.2,1.9,2,0,2,1,1,1,1,357,60,24,95
ALT,2023,7,3,5,16.7,90,17.1,15.1,11.22,15.7,45.2,0,965,156,1.1,1.9,37,0,37,26,26,26,26,371,73,24,95
ALT,2023,7,3,6,17.6,86.2,17.3,15.3,11.35,16.1,46.5,0,965.2,159,0.9,1.8,87,0,87,63,62,63,61,381,78,24,95
ALT,2023,7,3,7,18.5,77.5,16.5,14.5,10.82,16,46,0,965.4,141,0.7,1.7,301,234,190,156,343,103,100,382,90,24,95
ALT,2023,7,3,8,19.7,64.4,14.7,12.8,9.62,15.5,44.2,0,965.2,329,0.6,2.8,399,246,256,141,382,199,136,385,88,24,95
ALT,2023,7,3,9,20.6,59.4,14.4,12.4,9.42,15.6,44.6,0,965.1,338,3.3,6.8,457,158,341,183,325,262,175,389,94,24,95
ALT,2023,7,3,10,21.8,54.1,14.1,12.1,9.22,15.9,45.4,0,965.1,337,4.8,7.4,597,260,381,204,401,370,197,386,55,24,95
ALT,2023,7,3,11,22.7,52.7,14.5,12.5,9.49,16.4,47,0,965,336,4.9,8.3,524,118,419,225,288,311,214,372,26,24,95
ALT,2023,7,3,12,23.2,51.4,14.6,12.6,9.56,16.6,47.6,0,964.7,336,5.1,8.4,677,291,411,220,271,438,276,364,40,24,95
ALT,2023,7,3,13,23.9,50.8,15.1,13.1,9.89,17.1,49.2,0,964.5,335,5.3,7.9,919,815,194,162,167,588,492,364,29,24,95
ALT,2023,7,3,14,23.3,52.1,14.9,12.9,9.76,16.8,48.3,0,964.3,334,5.5,8.8,869,897,131,142,148,506,659,359,29,24,95
ALT,2023,7,3,15,22.9,51.1,14.3,12.3,9.36,16.4,46.9,0,964.1,335,4.7,8.6,472,309,239,145,143,262,375,373,65,24,95
ALT,2023,7,3,16,22.9,50.7,14.1,12.1,9.23,16.2,46.5,0,963.9,343,5.5,8.9,219,23,204,111,106,118,128,389,94,24,95
ALT,2023,7,3,17,22.8,51.4,14.3,12.3,9.36,16.3,46.7,0,964.1,350,4,7.4,50,0,50,27,26,27,26,392,100,24,95
ALT,2023,7,3,18,22.6,54.1,14.8,12.9,9.7,16.6,47.4,0,964,312,1.4,4.3,74,27,66,45,34,35,61,391,100,24,95
ALT,2023,7,3,19,21.2,63.2,15.9,13.9,10.43,16.6,47.8,0,964.4,114,1.9,4.3,9,0,9,5,4,5,4,392,100,24,95
ALT,2023,7,3,20,19.6,71.6,16.3,14.3,10.68,16.3,46.8,0,965.3,119,2.1,3.3,0,0,0,0,0,0,0,383,81,24,95
ALT,2023,7,3,21,18.5,75.9,16.2,14.2,10.61,15.8,45.5,0,965.5,142,1.2,2.9,0,0,0,0,0,0,0,369,53,24,95
ALT,2023,7,3,22,17.8,80.4,16.4,14.4,10.75,15.7,45.1,0,965.6,153,1,2.8,0,0,0,0,0,0,0,369,71,24,95
ALT,2023,7,3,23,17,85.7,16.5,14.6,10.81,15.5,44.5,0,965.7,153,0.4,1.3,0,0,0,0,0,0,0,365,71,24,95
ALT,2023,7,4,0,17.1,85.1,16.6,14.6,10.88,15.5,44.7,0,965.9,153,0.6,1.2,0,0,0,0,0,0,0,379,100,24,95
ALT,2023,7,4,1,17.4,83.1,16.5,14.5,10.81,15.6,44.9,0,965.9,180,0.4,1.3,0,0,0,0,0,0,0,377,100,26,95
ALT,2023,7,4,2,17.1,85.2,16.6,14.6,10.88,15.5,44.7,0,965.8,171,0.7,1.5,0,0,0,0,0,0,0,378,100,26,95
ALT,2023,7,4,3,16.7,88,16.7,14.7,10.94,15.4,44.5,0,965.9,143,0.6,1.3,0,0,0,0,0,0,0,379,100,26,95
ALT,2023,7,4,4,17.2,83.4,16.3,14.4,10.68,15.5,44.3,0,965.9,143,0.7,1.4,0,0,0,0,0,0,0,380,100,26,95
ALT,2023,7,4,5,17.1,84.9,16.5,14.5,10.81,15.5,44.6,0,966.3,252,0.5,1.6,42,0,42,24,23,24,23,381,100,26,95
ALT,2023,7,4,6,17.8,85.8,17.4,15.4,11.4,16.3,46.8,0,966.7,90,0.6,1.9,87,0,87,49,47,48,46,382,100,26,95
ALT,2023,7,4,7,18.2,80.9,16.9,14.9,11.07,16.1,46.4,0,966.6,330,1.6,4,283,226,180,152,331,103,100,377,74,26,95
ALT,2023,7,4,8,20,71.9,16.8,14.8,11.01,16.7,48.1,0,966,5,1.3,3.1,395,212,269,149,362,210,144,371,75,26,95
ALT,2023,7,4,9,21.1,66.3,16.6,14.6,10.88,17,48.9,0,965.7,335,2.2,4,465,169,340,188,340,274,180,362,55,26,95
ALT,2023,7,4,10,22.5,61.1,16.6,14.6,10.88,17.5,50.3,0,965.2,325,2.6,6.2,554,203,383,212,361,344,204,370,58,26,95
ALT,2023,7,4,11,23.7,54.9,16.1,14.1,10.56,17.6,50.7,0,964.8,328,4.7,7.8,494,114,392,216,275,301,207,390,88,26,95
ALT,2023,7,4,12,24,56.3,16.7,14.8,10.96,18.1,52,0,964.3,334,4.8,7.5,600,213,405,225,260,384,262,386,83,26,95
ALT,2023,7,4,13,24.7,52.5,16.4,14.3,10.77,18,52.3,0,963.7,332,5.4,7.8,757,477,333,199,199,506,446,380,58,26,95
ALT,2023,7,4,14,24.7,52.5,16.3,14.3,10.7,18,52.1,0,963.4,333,5.8,8.7,785,678,223,168,171,488,588,384,59,26,95
ALT,2023,7,4,15,23.9,53.1,15.7,13.8,10.31,17.5,50.3,0,963.2,339,5.2,8.8,217,27,196,109,104,123,127,400,94,26,95
ALT,2023,7,4,16,24.5,53.5,16.4,14.4,10.78,18,52.1,0,962.9,332,4,6.9,244,96,183,102,99,134,194,392,88,26,95
ALT,2023,7,4,17,23.6,54.9,16,14,10.51,17.5,50.5,0,962.7,316,2.8,5.3,173,84,139,102,75,77,162,394,94,26,95
ALT,2023,7,4,18,23.5,56.5,16.3,14.4,10.71,17.7,50.9,0,962.9,194,1.3,2.6,53,11,50,36,31,32,42,390,81,26,95
ALT,2023,7,4,19,21.8,66.1,17.3,15.2,11.38,17.6,50.8,0,963.1,177,2.1,3.4,25,0,25,15,15,15,15,391,94,26,95
ALT,2023,7,4,20,20.3,73.5,17.5,15.4,11.5,17.2,49.6,0,963.7,159,4.1,7.9,0,0,0,0,0,0,0,387,94,26,95
ALT,2023,7,4,21,19.1,81.8,18,15.9,11.83,17,49.2,0,964.2,153,4.4,7.8,0,0,0,0,0,0,0,384,94,26,95
ALT,2023,7,4,22,18.5,83.4,17.8,15.6,11.69,16.6,48.3,0,964.5,151,3,5.7,0,0,0,0,0,0,0,377,88,26,95
ALT,2023,7,4,23,17.5,86.4,17.3,15.2,11.36,16,46.4,0,964.2,155,2.4,4.6,0,0,0,0,0,0,0,362,60,26,95
ALT,2023,7,5,0,16.7,86.7,16.5,14.5,10.83,15.3,44.2,0,964.3,165,2,4.7,0,0,0,0,0,0,0,349,6,26,95
ALT,2023,7,5,1,16.3,85.6,15.9,13.9,10.44,14.8,42.8,0,963.5,170,1.3,4.2,0,0,0,0,0,0,0,332,0,27,95
ALT,2023,7,5,2,15.7,87.5,15.6,13.6,10.24,14.4,41.7,0,963.3,149,0.9,2.5,0,0,0,0,0,0,0,366,73,27,95
ALT,2023,7,5,3,16.3,86.4,16,14,10.5,14.9,43,0,963.9,198,1.4,4.1,0,0,0,0,0,0,0,367,71,27,95
ALT,2023,7,5,4,16.6,82.5,15.5,13.6,10.16,14.8,42.4,0,964.3,146,1.7,3.5,0,0,0,0,0,0,0,359,61,27,95
ALT,2023,7,5,5,16.5,83.3,15.7,13.7,10.29,14.8,42.6,0,964.7,135,1.3,3.1,24,0,24,20,20,20,20,365,71,27,95
ALT,2023,7,5,6,17.4,80.1,15.9,13.9,10.42,15.2,43.9,0,965,144,1.1,2.5,84,0,84,60,59,60,59,372,75,27,95
ALT,2023,7,5,7,18.7,73.9,15.9,14,10.42,15.8,45.2,0,964.7,27,1.2,2.8,427,659,130,219,747,94,96,358,36,27,95
ALT,2023,7,5,8,20.3,68.5,16.4,14.3,10.76,16.5,47.7,0,964.6,326,1.5,4.4,417,398,184,122,490,191,121,378,69,27,95
ALT,2023,7,5,9,20,69.7,16.3,14.3,10.69,16.4,47.2,0.1,965,333,3.6,9.7,313,42,281,158,189,179,150,387,94,27,95
ALT,2023,7,5,10,19.2,77.2,17.1,15.1,11.21,16.6,47.8,2.3,965.5,336,6.4,11.9,231,58,185,104,149,138,99,389,88,27,95
ALT,2023,7,5,11,19.9,73.7,17.2,15.1,11.28,16.8,48.6,0,965.9,326,4.9,8.3,292,61,238,134,170,177,128,394,88,27,95
ALT,2023,7,5,12,18.8,78.8,17.1,15,11.21,16.4,47.3,0.9,966.1,320,4.2,8,129,3,126,71,69,73,67,396,100,27,95
ALT,2023,7,5,13,18.7,77.3,16.7,14.6,10.94,16.1,46.5,0.5,966.5,337,5.1,9.7,165,1,164,92,88,92,87,393,100,27,95
ALT,2023,7,5,14,18.5,77.4,16.5,14.5,10.8,16,46,0,966.6,312,3.2,6.9,223,26,201,113,109,130,127,395,100,27,95
ALT,2023,7,5,15,18,81.4,16.8,14.8,11,16,46,1.2,966.8,45,1.5,4.5,177,12,168,94,91,100,100,394,94,27,95
ALT,2023,7,5,16,17.9,83.9,17.2,15.1,11.27,16.1,46.5,0.8,966.8,135,0.8,2.9,126,6,122,69,66,70,71,386,88,27,95
ALT,2023,7,5,17,17.8,84.8,17.3,15.2,11.33,16.2,46.6,0,966.9,153,0.7,1.8,101,17,95,59,51,53,69,391,100,27,95
ALT,2023,7,5,18,17.2,89.4,17.6,15.4,11.53,16.1,46.5,0,966.9,225,0.7,1.6,32,0,32,18,17,18,17,390,100,27,95
ALT,2023,7,5,19,16.8,92.7,17.8,15.6,11.66,16,46.4,0,967.1,135,0.6,1.6,4,0,4,2,2,2,2,388,100,27,95
ALT,2023,7,5,20,16.5,92.2,17.3,15.2,11.32,15.7,45.3,0,967.5,157,0.9,1.7,0,0,0,0,0,0,0,384,100,27,95
ALT,2023,7,5,21,16,92.5,16.8,14.8,10.99,15.3,43.9,0,967.8,135,0.8,1.6,0,0,0,0,0,0,0,380,100,27,95
ALT,2023,7,5,22,15.9,92.3,16.6,14.7,10.85,15.2,43.4,0,967.9,146,0.9,2.1,0,0,0,0,0,0,0,377,100,27,95
ALT,2023,7,5,23,15.7,90.9,16.1,14.2,10.52,14.8,42.4,0,967.8,135,1.5,3.8,0,0,0,0,0,0,0,370,94,27,95
ALT,2023,7,6,0,15.5,89.6,15.8,13.8,10.32,14.5,41.7,0,967.8,150,0.9,1.9,0,0,0,0,0,0,0,366,100,27,95
ALT,2023,7,6,1,15.3,92.5,16.1,14.1,10.52,14.6,42,1.3,967.9,171,1.4,2.5,0,0,0,0,0,0,0,368,100,26,95
ALT,2023,7,6,2,15.1,94.3,16.2,14.2,10.59,14.5,42,0.2,968,127,0.7,1.6,0,0,0,0,0,0,0,370,100,26,95
ALT,2023,7,6,3,15,94.8,16.2,14.2,10.59,14.5,41.9,0.1,967.7,143,0.8,2,0,0,0,0,0,0,0,372,100,26,95
ALT,2023,7,6,4,14.6,93.9,15.6,13.6,10.19,14,40.4,0,967.4,141,1.4,2.9,0,0,0,0,0,0,0,373,100,26,95
ALT,2023,7,6,5,14.3,94.5,15.4,13.4,10.06,13.8,39.8,0,967.3,146,0.8,1.5,18,0,18,10,9,10,9,375,100,26,95
ALT,2023,7,6,6,15.1,92.8,16,13.9,10.46,14.4,41.6,0,967.2,117,0.5,1.3,90,0,90,52,50,51,49,377,100,26,95
ALT,2023,7,6,7,15.9,88.1,15.9,13.9,10.4,14.7,42.3,0,967.2,333,0.4,1.3,399,537,143,182,622,96,96,366,66,26,95
ALT,2023,7,6,8,17.6,81,16.3,14.3,10.66,15.5,44.7,0,967.1,353,1,2.7,608,839,101,108,838,239,113,347,23,26,95
ALT,2023,7,6,9,19.4,71.3,16.1,14.1,10.53,16.1,46.2,0,967,5,1.4,3.6,583,404,291,169,525,345,167,369,54,26,95
ALT,2023,7,6,10,20.2,68.8,16.3,14.3,10.67,16.5,47.4,0,966.9,329,2.3,3.9,583,299,334,195,393,361,190,388,75,26,95
ALT,2023,7,6,11,22,57.7,15.2,13.3,9.94,16.6,47.4,0,966.6,312,2.9,6.7,634,317,349,206,338,407,202,383,78,26,95
ALT,2023,7,6,12,21.7,59.7,15.5,13.5,10.14,16.6,47.6,0,966.6,308,3.6,7.8,655,279,401,226,287,427,254,381,71,26,95
ALT,2023,7,6,13,22.4,52.3,14.2,12.2,9.27,16.1,46.1,0,966.5,325,3.8,7.8,368,118,265,148,144,227,216,383,81,26,95
ALT,2023,7,6,14,22,54.1,14.3,12.3,9.34,16,45.9,0,966.4,308,1.5,4.4,437,180,288,169,164,259,277,390,88,26,95
ALT,2023,7,6,15,22,66.3,17.5,15.4,11.47,17.7,51.3,0.1,966.6,175,2.6,5.2,296,117,211,118,114,173,220,390,94,26,95
ALT,2023,7,6,16,20.5,70.5,16.9,15,11.07,17,48.7,0,966.7,150,4,9,208,99,153,85,82,108,184,389,94,26,95
ALT,2023,7,6,17,19,81.4,17.8,15.7,11.67,16.9,48.7,0.3,966.9,152,2.9,7.3,343,488,140,194,90,91,574,370,64,26,95
ALT,2023,7,6,18,18.9,79.5,17.3,15.3,11.33,16.6,47.7,0,967.1,158,1.4,3.9,29,0,29,16,15,16,15,392,100,26,95
ALT,2023,7,6,19,17.9,83.5,17.1,15.1,11.19,16.1,46.3,0.5,967.8,157,2.3,6.8,18,0,18,10,10,10,10,383,88,26,95
ALT,2023,7,6,20,16.3,86.3,16,14,10.45,14.9,42.8,0,968.2,171,1.7,5.4,0,0,0,0,0,0,0,360,33,26,95
ALT,2023,7,6,21,14.9,89.4,15.2,13.2,9.92,13.9,40.1,0,968.4,175,1.4,3.8,0,0,0,0,0,0,0,337,13,26,95
ALT,2023,7,6,22,14.2,89.1,14.5,12.4,9.45,13.1,38.2,0,968.4,135,0.6,1.8,0,0,0,0,0,0,0,332,0,26,95
ALT,2023,7,6,23,13.5,91.5,14.1,12.1,9.19,12.7,36.8,0,968.4,135,0.4,1.4,0,0,0,0,0,0,0,325,0,26,95
ALT,2023,7,7,0,12.9,92,13.7,11.6,8.93,12.1,35.5,0,968.4,151,1.2,2.3,0,0,0,0,0,0,0,330,0,26,95
ALT,2023,7,7,1,12.7,91.7,13.5,11.4,8.79,11.9,35,0,968.5,153,1.3,2.8,0,0,0,0,0,0,0,309,0,21,95
ALT,2023,7,7,2,12.7,91.5,13.4,11.4,8.73,11.9,34.8,0,968.5,167,1.1,2.2,0,0,0,0,0,0,0,313,6,21,95
ALT,2023,7,7,3,12.5,90.3,13,11,8.46,11.6,33.9,0,968.6,151,1.4,3,0,0,0,0,0,0,0,339,44,21,95
ALT,2023,7,7,4,12.1,90.9,12.8,10.7,8.33,11.3,33.2,0,968.7,156,1.2,2.5,0,0,0,0,0,0,0,328,29,21,95
ALT,2023,7,7,5,12.6,89,12.9,10.8,8.39,11.6,33.9,0,968.8,162,1.2,2.7,31,0,31,23,22,22,22,329,25,21,95
ALT,2023,7,7,6,13.4,86.8,13.3,11.2,8.66,12.1,35.3,0,969,140,0.9,1.8,31,0,31,44,45,44,45,313,13,21,95
ALT,2023,7,7,7,17,75.8,14.7,12.7,9.58,14.4,41.4,0,968.9,63,0.4,1.4,437,806,71,173,825,66,69,324,13,21,95
ALT,2023,7,7,8,20,61.5,14.3,12.4,9.32,15.4,43.8,0,968.8,360,0.9,3.3,608,858,88,89,826,218,93,329,23,21,95
ALT,2023,7,7,9,21.3,55.3,13.9,12,9.06,15.6,44.4,0,968.7,340,1.6,2.6,756,893,103,109,755,373,114,315,0,21,95
ALT,2023,7,7,10,22.5,54.8,14.9,13,9.72,16.6,47.3,0,968.5,331,2,3.2,844,829,155,129,604,498,134,317,6,21,95
ALT,2023,7,7,11,23.8,52.6,15.5,13.5,10.12,17.3,49.7,0,968.2,328,2,3.3,953,952,104,134,423,576,141,321,0,21,95
ALT,2023,7,7,12,25.1,50.6,16.1,14.1,10.52,18.1,52.1,0,967.7,335,1.6,3.3,980,972,95,136,197,599,212,335,0,21,95
ALT,2023,7,7,13,26.7,45.7,16.1,14,10.53,18.5,53.7,0,967.2,301,1.9,4.2,947,965,92,131,137,565,443,354,20,21,95
ALT,2023,7,7,14,27.7,40.9,15.2,13.2,9.94,18.4,53.2,0,966.6,317,2.1,4.5,791,721,202,136,139,471,596,365,50,21,95
ALT,2023,7,7,15,28.6,37.7,14.8,12.8,9.68,18.5,53.5,0,966.2,321,1.8,4.2,732,883,97,106,110,352,758,353,19,21,95
ALT,2023,7,7,16,29.2,35.2,14.3,12.3,9.35,18.5,53.3,0,966,297,1.6,4.1,571,808,96,87,90,200,799,365,33,21,95
ALT,2023,7,7,17,28.3,37.6,14.4,12.5,9.42,18.3,52.5,0,965.7,243,1.3,2.9,403,702,95,186,70,69,748,369,40,21,95
ALT,2023,7,7,18,26.3,45.1,15.3,13.5,10.01,18.1,52,0,966.2,193,1.4,2.8,152,307,56,133,44,43,347,367,43,21,95
ALT,2023,7,7,19,24.1,49.1,14.7,12.8,9.61,17,48.7,0,966.5,184,1.4,3.2,32,0,32,21,20,21,20,371,55,21,95
ALT,2023,7,7,20,24.5,42.4,12.9,10.9,8.41,16.2,46.1,0,966.6,149,2.6,7.3,0,0,0,0,0,0,0,399,100,21,95
ALT,2023,7,7,21,25.7,34.7,11.4,9,7.42,15.7,44.8,0,966.7,151,5.4,9.1,0,0,0,0,0,0,0,399,100,21,95
ALT,2023,7,7,22,25,37.6,11.9,9.5,7.75,15.7,44.9,0,966.8,151,4.8,9,0,0,0,0,0,0,0,395,100,21,95
ALT,2023,7,7,23,25.1,37.9,12.1,9.8,7.88,15.9,45.3,0,966.8,161,5.9,10.7,0,0,0,0,0,0,0,384,85,21,95
ALT,2023,7,8,0,25.6,34.7,11.4,8.9,7.42,15.7,44.7,0,966.9,147,6.6,13.6,0,0,0,0,0,0,0,366,45,21,95
ALT,2023,7,8,1,25,36.9,11.7,9.3,7.62,15.6,44.6,0,966.8,153,6.6,12.7,0,0,0,0,0,0,0,383,88,19,95
ALT,2023,7,8,2,24.6,38.6,11.9,9.6,7.75,15.6,44.5,0,966.8,153,6.5,11.7,0,0,0,0,0,0,0,371,64,19,95
ALT,2023,7,8,3,24.2,39.6,12,9.6,7.82,15.5,44.2,0,966.5,156,6.3,11.2,0,0,0,0,0,0,0,371,59,19,95
ALT,2023,7,8,4,23.8,41.5,12.3,9.9,8.01,15.5,44.3,0,967.4,151,4.1,10.1,0,0,0,0,0,0,0,391,100,19,95
ALT,2023,7,8,5,22.7,51.3,14.1,12.1,9.19,16.2,46.2,0,968.5,325,5.1,9.6,32,0,32,23,22,23,22,385,84,19,95
ALT,2023,7,8,6,22.2,52.8,14.1,12.1,9.18,16,45.7,0,969.8,336,5.9,10.5,59,0,59,33,31,32,31,395,100,19,95
ALT,2023,7,8,7,21.7,55.3,14.4,12.4,9.37,16,45.6,0,970.7,338,6.3,11.8,185,83,144,90,157,72,68,394,94,19,95
ALT,2023,7,8,8,21.8,58.9,15.4,13.4,10.03,16.5,47.4,0,970.5,335,2.1,5.7,285,202,154,86,253,132,83,401,94,19,95
ALT,2023,7,8,9,22.9,54.6,15.2,13.3,9.9,16.9,48.2,0,969.9,281,0.7,2.2,727,825,122,102,710,362,106,394,65,19,95
ALT,2023,7,8,10,23.7,55.4,16.2,14.2,10.57,17.6,50.7,0,969.6,347,1.8,3.5,745,697,173,131,521,411,133,390,61,19,95
ALT,2023,7,8,11,24.1,56.1,16.8,14.8,10.97,18.1,52.2,0,969.4,333,2.4,3.6,761,551,270,159,375,465,158,398,68,19,95
ALT,2023,7,8,12,25,52.5,16.6,14.6,10.85,18.3,52.8,0,968.6,325,1.7,2.9,720,408,349,177,257,456,226,407,81,19,95
ALT,2023,7,8,13,26.1,50.5,17.1,15,11.18,18.9,54.8,0,968.2,321,1.4,2.8,572,263,337,171,166,346,289,414,88,19,95
ALT,2023,7,8,14,26,50.1,16.8,14.8,10.98,18.7,54.2,0,968.1,305,1.4,2.8,609,364,308,160,156,358,405,410,75,19,95
ALT,2023,7,8,15,27.3,46.4,16.7,14.8,10.92,19.1,55.3,0,968,315,0.6,2,461,267,265,136,132,251,357,410,75,19,95
ALT,2023,7,8,16,28.6,41.1,16.1,14.1,10.52,19.2,55.6,0,967.8,297,1,3.2,474,526,170,98,98,188,585,397,51,19,95
ALT,2023,7,8,17,27.8,43.4,16.2,14.2,10.59,19,55,0,967.9,256,0.8,2.1,394,720,80,172,60,59,748,393,40,19,95
ALT,2023,7,8,18,27.2,46.1,16.5,14.6,10.78,19,54.9,0,968.1,185,1.2,2.4,72,10,69,42,37,38,47,393,60,19,95
ALT,2023,7,8,19,24.8,55,17.2,15.1,11.24,18.5,53.6,0,968.8,153,1.9,3.8,15,0,15,8,7,8,7,389,51,19,95
ALT,2023,7,8,20,23.5,57.1,16.6,14.5,10.83,17.7,51.2,0,969.6,167,1.5,3.7,0,0,0,0,0,0,0,368,40,19,95
ALT,2023,7,8,21,22.3,60.4,16.2,14.3,10.56,17.2,49.3,0,970.3,185,1.1,2.9,0,0,0,0,0,0,0,360,6,19,95
ALT,2023,7,8,22,20.9,64.2,15.8,13.9,10.29,16.5,47.2,0,970.6,180,1.3,4,0,0,0,0,0,0,0,357,0,19,95
ALT,2023,7,8,23,19.8,68.7,15.8,13.9,10.29,16.1,46,0,970.7,158,0.7,2,0,0,0,0,0,0,0,354,0,19,95
ALT,2023,7,9,0,18.7,73.9,15.9,14,10.36,15.8,45.1,0,970.7,180,0.7,1.8,0,0,0,0,0,0,0,356,23,19,95
ALT,2023,7,9,1,18.4,74.4,15.6,13.8,10.16,15.5,44.3,0,970.6,162,0.4,1.1,0,0,0,0,0,0,0,357,35,18,95
ALT,2023,7,9,2,17.7,76.4,15.5,13.5,10.09,15.1,43.4,0,970.8,149,0.8,1.7,0,0,0,0,0,0,0,357,36,18,95
ALT,2023,7,9,3,17.3,77.4,15.3,13.3,9.96,14.9,42.6,0,970.8,172,0.8,2.5,0,0,0,0,0,0,0,350,20,18,95
ALT,2023,7,9,4,16.5,79.4,14.9,12.9,9.69,14.3,41.1,0,971.1,162,0.8,1.9,0,0,0,0,0,0,0,347,0,18,95
ALT,2023,7,9,5,16.7,77.7,14.8,12.8,9.63,14.3,41.2,0,971,180,0.8,1.8,26,0,26,19,19,19,19,362,25,18,95
ALT,2023,7,9,6,17.8,71.3,14.5,12.5,9.43,14.6,41.8,0,971,135,0.4,1.5,31,0,31,38,39,38,39,343,0,18,95
ALT,2023,7,9,7,20.7,68.8,16.7,14.8,10.89,16.9,48.5,0,970.8,45,0.7,1.8,413,738,80,162,761,58,60,345,0,18,95
ALT,2023,7,9,8,23.8,53.2,15.6,13.7,10.16,17.4,49.8,0,970.3,354,0.9,2.2,581,813,92,77,781,204,80,347,0,18,95
ALT,2023,7,9,9,25.2,46.9,15,13.1,9.77,17.6,50.2,0,970.1,346,1.3,2.4,730,863,99,93,716,351,97,350,0,18,95
ALT,2023,7,9,10,25.8,48.5,16,14.1,10.43,18.3,52.5,0,970.2,337,2.3,3.9,843,886,108,106,581,469,111,354,0,18,95
ALT,2023,7,9,11,27.4,44.8,16.4,14.4,10.7,19,54.9,0,969.7,336,1.8,3.5,907,883,122,115,402,543,120,369,10,18,95
ALT,2023,7,9,12,28.9,41.4,16.5,14.5,10.77,19.5,56.6,0,969.3,321,2.1,4.1,906,821,160,125,207,558,197,394,48,18,95
ALT,2023,7,9,13,30,37.2,15.8,13.8,10.31,19.5,56.5,0,968.8,320,1.9,4.3,901,883,120,114,118,536,420,386,6,18,95
ALT,2023,7,9,14,31.6,33.9,15.7,13.8,10.25,20,58,0,968.3,316,3.2,6,832,892,100,104,107,455,597,383,0,18,95
ALT,2023,7,9,15,31.7,34.8,16.2,14.3,10.59,20.2,59,0,968.1,322,2.9,5.5,718,883,84,89,93,331,732,389,29,18,95
ALT,2023,7,9,16,30.4,35.7,15.4,13.5,10.06,19.4,56.3,0,967.9,306,1.8,3.6,446,425,186,100,98,196,488,413,84,18,95
ALT,2023,7,9,17,29.5,44.8,18.3,16.3,11.98,20.6,60.3,0,968.1,284,0.5,1.8,179,62,155,94,74,77,137,424,100,18,95
ALT,2023,7,9,18,27.5,50.4,18.4,16.3,12.05,20,58.4,0,968.4,270,0.8,3,124,89,95,77,47,49,138,424,94,18,95
ALT,2023,7,9,19,25.8,57.1,18.9,16.7,12.38,19.7,57.5,0,968.7,159,1,2.6,33,0,33,18,17,18,17,425,100,18,95
ALT,2023,7,9,20,24.2,53.3,16.1,14.1,10.5,17.8,51.1,0,969.4,172,1.5,2.9,0,0,0,0,0,0,0,420,100,18,95
ALT,2023,7,9,21,23.3,53.2,15,13.2,9.77,17,48.3,0,969.8,175,1.1,2.3,0,0,0,0,0,0,0,414,100,18,95
ALT,2023,7,9,22,22.2,56.1,14.9,13,9.7,16.5,47,0,970,146,0.9,2,0,0,0,0,0,0,0,409,100,18,95
ALT,2023,7,9,23,21.6,55.7,14.3,12.4,9.3,15.9,45.4,0,970.2,157,0.9,2,0,0,0,0,0,0,0,388,78,18,95
ALT,2023,7,10,0,20,63.7,14.8,12.9,9.64,15.6,44.6,0,970.1,153,0.8,1.6,0,0,0,0,0,0,0,367,41,18,95
ALT,2023,7,10,1,19.3,66.3,14.8,12.9,9.64,15.4,43.9,0,970,153,0.7,1.6,0,0,0,0,0,0,0,350,16,18,95
ALT,2023,7,10,2,18.4,71,15,13.1,9.76,15.2,43.3,0,970.6,135,0.6,1.3,0,0,0,0,0,0,0,384,63,18,95
ALT,2023,7,10,3,18.1,71.6,14.8,12.9,9.63,14.9,42.6,0,970.6,164,0.9,2.2,0,0,0,0,0,0,0,371,34,18,95
ALT,2023,7,10,4,18.6,68.9,14.7,12.8,9.56,15.1,43,0,970.7,174,1.2,2.2,0,0,0,0,0,0,0,377,41,18,95
ALT,2023,7,10,5,18.5,73.9,15.7,13.8,10.23,15.6,44.5,0,970.6,162,1,2.1,26,0,26,16,16,16,16,392,78,18,95
ALT,2023,7,10,6,20.2,69.6,16.4,14.5,10.68,16.6,47.4,0,971.9,288,1,2.1,57,0,57,45,45,45,44,397,81,18,95
ALT,2023,7,10,7,22.4,65.1,17.6,15.5,11.46,17.9,51.7,0,972.5,159,1.5,2.7,406,683,101,171,726,62,64,380,39,18,95
ALT,2023,7,10,8,25.3,57.8,18.7,16.4,12.2,19.4,56.5,0,972.2,329,1.5,4.1,574,805,91,76,774,202,79,374,23,18,95
ALT,2023,7,10,9,25,61.4,19.5,17.1,12.73,19.7,57.6,0,972,333,2.5,4.9,746,857,122,98,736,370,102,391,55,18,95
ALT,2023,7,10,10,26,58.1,19.5,17.1,12.74,20,58.6,0,971.8,338,1.8,3.7,855,899,111,108,594,479,113,386,38,18,95
ALT,2023,7,10,11,27.7,53.1,19.7,17.3,12.88,20.7,60.7,0,971.2,305,1.4,3.1,907,903,104,113,394,539,118,375,0,18,95
ALT,2023,7,10,12,28.6,53.2,20.8,18.1,13.62,21.4,63.6,0,970.4,311,2.5,6,930,912,102,115,176,563,189,387,6,18,95
ALT,2023,7,10,13,29.4,50.6,20.7,18.1,13.57,21.6,64.2,0,969.8,322,3.8,7.5,843,735,192,126,128,521,413,402,41,18,95
ALT,2023,7,10,14,29.6,49.9,20.7,18,13.57,21.6,64.5,0,969.4,327,4.3,7.5,771,714,186,116,118,451,562,412,48,18,95
ALT,2023,7,10,15,29.4,50.1,20.5,17.9,13.44,21.5,63.9,0,969.1,315,3.4,6.6,645,641,186,107,107,337,627,412,50,18,95
ALT,2023,7,10,16,28,55.1,20.7,18.1,13.58,21.2,62.8,0,968.8,315,2.8,6.1,186,104,120,60,58,93,156,425,94,18,95
ALT,2023,7,10,17,28,59.2,22.4,19.3,14.71,22,65.7,0.1,969.3,279,1.6,4.4,68,37,54,38,26,27,65,425,100,18,95
ALT,2023,7,10,18,26.7,66.6,23.3,20,15.32,22,65.9,0,969.4,126,2.3,4.2,30,0,30,16,15,16,15,415,78,18,95
ALT,2023,7,10,19,25.3,71.4,23.1,19.8,15.18,21.5,64.1,0,969.6,128,2.6,4.3,8,0,8,4,4,4,4,408,64,18,95
ALT,2023,7,10,20,24.1,74.8,22.4,19.3,14.71,20.8,61.7,0,969.7,151,1.9,3.8,0,0,0,0,0,0,0,376,6,18,95
ALT,2023,7,10,21,23.5,74.4,21.5,18.7,14.11,20.2,59.5,0,969.6,162,2.4,4.5,0,0,0,0,0,0,0,367,0,18,95
ALT,2023,7,10,22,22.4,77.2,20.9,18.2,13.7,19.6,57.4,0,969.8,214,0.8,3,0,0,0,0,0,0,0,364,0,18,95
ALT,2023,7,10,23,21,83.4,20.7,18.1,13.57,19.1,55.6,0,969.7,169,0.8,1.9,0,0,0,0,0,0,0,360,0,18,95
ALT,2023,7,11,0,20.7,83.7,20.4,17.8,13.37,18.8,54.8,0,969.6,156,1,2.1,0,0,0,0,0,0,0,356,0,18,95
ALT,2023,7,11,1,20.5,82,19.7,17.3,12.9,18.4,53.4,0,969.3,171,1.2,2.3,0,0,0,0,0,0,0,355,0,17,95
ALT,2023,7,11,2,20.3,80.2,19.1,16.8,12.51,18,52.2,0,968.6,153,0.9,2.3,0,0,0,0,0,0,0,356,0,17,95
ALT,2023,7,11,3,19.3,83,18.5,16.3,12.12,17.4,50.1,0,968.2,146,0.7,1.8,0,0,0,0,0,0,0,356,0,17,95
ALT,2023,7,11,4,19,83.2,18.2,16.1,11.92,17.1,49.3,0,967.8,135,0.6,1.8,0,0,0,0,0,0,0,357,0,17,95
ALT,2023,7,11,5,19.2,80.3,17.9,15.7,11.72,17,49,0,967.7,135,0.5,1.8,27,0,27,19,18,19,18,358,0,17,95
ALT,2023,7,11,6,19.3,80.7,18.1,15.9,11.86,17.1,49.5,0,967.5,360,0.4,1.9,31,0,31,37,37,37,37,359,0,17,95
ALT,2023,7,11,7,22.4,70,18.8,16.7,12.33,18.6,53.9,0,967.1,63,0.4,1.9,405,727,79,155,749,56,57,360,0,17,95
ALT,2023,7,11,8,25.6,57.5,18.8,16.6,12.34,19.6,57.2,0,966.7,6,0.9,2.8,576,816,88,73,779,199,76,361,0,17,95
ALT,2023,7,11,9,25.9,57.1,19.1,16.8,12.54,19.8,58,0,966.3,328,2.6,4.8,720,847,104,89,706,348,93,362,0,17,95
ALT,2023,7,11,10,27.6,53.9,19.9,17.4,13.09,20.7,61.2,0,965.6,313,1.8,3.3,837,884,106,101,576,466,106,363,0,17,95
ALT,2023,7,11,11,28.8,50,19.8,17.3,13.03,21,62.3,0,965,322,1.8,3.3,912,911,104,109,392,541,114,370,0,17,95
ALT,2023,7,11,12,30.4,45.6,19.7,17.3,12.97,21.5,63.8,0,964.1,324,2,3.5,939,927,98,110,172,565,183,382,0,17,95
ALT,2023,7,11,13,31.9,40,18.9,16.6,12.45,21.5,64,0,963.4,311,2.4,5,904,901,108,108,112,535,410,398,19,17,95
ALT,2023,7,11,14,32.7,38.4,18.9,16.7,12.45,21.8,64.8,0,962.9,302,2.8,5.6,797,787,151,107,110,454,566,406,39,17,95
ALT,2023,7,11,15,33.3,33.9,17.4,15.3,11.45,21.2,62.9,0,962.3,293,2.6,5.4,708,855,95,87,90,333,718,402,33,17,95
ALT,2023,7,11,16,33.6,36.3,18.8,16.6,12.4,22,65.6,0,961.7,302,1.2,3.8,566,812,90,72,75,191,784,391,29,17,95
ALT,2023,7,11,17,32.1,38.8,18.3,16.3,12.08,21.4,63.2,0,960.7,241,1.2,2.3,333,531,106,148,62,62,573,408,59,17,95
ALT,2023,7,11,18,29.5,46.2,18.9,16.7,12.48,20.9,61.6,1.6,960.8,189,2,7.2,127,201,62,89,31,32,231,429,94,17,95
ALT,2023,7,11,19,27.3,47.3,17.2,15.1,11.34,19.3,56.4,0.1,960.5,155,8.8,16.1,22,0,22,12,11,12,11,431,100,17,95
ALT,2023,7,11,20,26.6,45.7,15.9,13.9,10.42,18.4,53.3,0,964.8,14,7.7,22.1,0,0,0,0,0,0,0,427,100,17,95
ALT,2023,7,11,21,21.6,74.3,19.1,16.8,12.52,18.4,53.5,2.7,967.9,344,5.4,29.3,0,0,0,0,0,0,0,423,100,17,95
ALT,2023,7,11,22,20,88.3,20.6,18,13.54,18.7,54.5,0.8,967.1,146,1.8,8.3,0,0,0,0,0,0,0,418,100,17,95
ALT,2023,7,11,23,20.1,86.7,20.4,17.8,13.4,18.6,54.2,0.2,967.2,111,2.7,7,0,0,0,0,0,0,0,414,100,17,95
ALT,2023,7,12,0,20,87.4,20.3,17.8,13.35,18.5,54,0.3,966.1,157,4.6,9.2,0,0,0,0,0,0,0,410,100,17,95
ALT,2023,7,12,1,19.6,87.5,20,17.5,13.17,18.2,53.1,0,964.4,186,1.3,3.9,0,0,0,0,0,0,0,408,100,17,95
ALT,2023,7,12,2,19.4,87.7,19.7,17.3,12.97,18,52.4,0,964.2,270,1.3,3.9,0,0,0,0,0,0,0,409,100,17,95
ALT,2023,7,12,3,19.2,89.3,19.8,17.4,13.05,18,52.4,0.4,963.6,131,1.7,4,0,0,0,0,0,0,0,409,100,17,95
ALT,2023,7,12,4,19,91.5,20.1,17.6,13.21,18.1,52.6,2.2,966.8,0,1.4,3.7,0,0,0,0,0,0,0,410,100,17,95
ALT,2023,7,12,5,19.1,90.9,20,17.6,13.17,18.1,52.6,6.5,964.9,177,4.4,14.5,10,0,10,5,5,5,5,411,100,17,95
ALT,2023,7,12,6,19.3,89,19.9,17.4,13.1,18,52.6,0.1,965.1,143,2.4,9.2,53,0,53,26,25,26,25,412,100,17,95
ALT,2023,7,12,7,19.8,86.1,19.9,17.4,13.11,18.2,53.2,0,964.2,210,1.1,3.4,263,219,160,120,299,77,74,413,100,17,95
ALT,2023,7,12,8,20.7,82.4,20.1,17.6,13.23,18.6,54.4,0,964.8,333,1.8,3.4,289,103,229,111,211,139,105,412,100,17,95
ALT,2023,7,12,9,21.4,79.3,20.2,17.7,13.3,18.9,55.3,0,964.9,360,1.1,3.4,196,11,188,93,99,97,87,417,100,17,95
ALT,2023,7,12,10,21.5,85.4,21.8,18.9,14.37,19.7,58.1,0.4,965.7,122,1.5,2.9,320,149,195,95,191,182,91,416,94,17,95
ALT,2023,7,12,11,22.4,77.5,20.9,18.3,13.78,19.6,57.6,0.2,964.6,166,1.3,3.4,524,343,220,119,246,309,116,413,81,17,95
ALT,2023,7,12,12,23.3,76.2,21.7,18.9,14.32,20.3,59.9,0,964.5,317,3.7,7.8,745,493,298,151,229,465,203,413,84,17,95
ALT,2023,7,12,13,20.6,88.3,21.4,18.6,14.1,19.3,56.5,7.7,965.5,14,3.3,9,65,0,65,32,31,32,30,423,100,17,95
ALT,2023,7,12,14,21.2,84.9,21.4,18.6,14.12,19.4,57.2,0.9,964.4,133,3.2,9.1,396,344,123,70,70,220,299,416,88,17,95
ALT,2023,7,12,15,23.4,75.9,21.8,18.9,14.39,20.3,60.2,0.4,963.9,141,1.6,3.4,475,373,197,109,106,245,381,414,84,17,95
ALT,2023,7,12,16,21.5,85.2,21.9,18.9,14.46,19.7,58.4,1.5,964.2,313,2.1,4.6,142,13,134,66,63,69,75,417,94,17,95
ALT,2023,7,12,17,20.7,86.9,21.2,18.4,13.98,19.2,56.3,1.2,964.2,318,2.3,6.5,122,10,117,60,55,57,65,414,100,17,95
ALT,2023,7,12,18,20.3,93.7,22.3,19.3,14.73,19.6,57.8,9,964.1,207,1.6,4,56,0,56,28,26,28,26,412,100,17,95
ALT,2023,7,12,19,20,92.7,21.6,18.8,14.24,19.2,56.3,0.5,964.9,325,1.7,4.5,11,0,11,5,5,5,5,410,100,17,95
ALT,2023,7,12,20,19.8,95.1,22,19,14.52,19.3,56.8,1.1,964.4,252,0.9,2.5,0,0,0,0,0,0,0,407,100,17,95
ALT,2023,7,12,21,18.9,87.4,19,16.8,12.47,17.5,50.6,3.9,966.8,340,6.5,16.6,0,0,0,0,0,0,0,404,100,17,95
ALT,2023,7,12,22,17.9,92.5,19,16.7,12.45,17.1,49.5,2.5,968.4,101,1.2,4.2,0,0,0,0,0,0,0,402,100,17,95
ALT,2023,7,12,23,17.7,94.8,19.2,16.9,12.6,17.2,49.7,1.1,967.1,157,1.3,2.7,0,0,0,0,0,0,0,399,100,17,95
ALT,2023,7,13,0,17.5,94.3,18.8,16.6,12.32,16.9,48.8,1.7,967.8,150,1.3,2.8,0,0,0,0,0,0,0,397,100,17,95
ALT,2023,7,13,1,17.3,93.3,18.4,16.2,12.07,16.6,48,0.2,966.7,132,1.5,3.3,0,0,0,0,0,0,0,395,100,17,95
ALT,2023,7,13,2,17,93.1,18,15.9,11.8,16.3,47,0,966.6,214,0.5,3.3,0,0,0,0,0,0,0,395,100,17,95
ALT,2023,7,13,3,16.8,94.8,18.1,16,11.86,16.3,46.9,0,967,270,0.6,1.8,0,0,0,0,0,0,0,395,100,17,95
ALT,2023,7,13,4,16.9,94.4,18.2,16,11.93,16.3,47.2,0.5,967,139,1.2,2.2,0,0,0,0,0,0,0,392,88,17,95
ALT,2023,7,13,5,16.9,93.9,18.1,15.9,11.86,16.3,47,0.1,967.2,159,1.2,2.9,32,0,32,17,16,17,16,394,100,17,95
ALT,2023,7,13,6,17.1,93.8,18.3,16.1,11.99,16.5,47.5,0.5,968,27,0.6,1.4,44,0,44,22,21,22,20,394,100,17,95
ALT,2023,7,13,7,17,93.8,18.2,16,11.91,16.4,47.3,4,968.3,174,1.2,2.8,78,2,77,39,39,38,36,394,100,17,95
ALT,2023,7,13,8,17.6,92,18.6,16.3,12.19,16.8,48.6,0.5,967.9,119,1.5,4.7,287,130,205,99,224,145,94,389,88,17,95
ALT,2023,7,13,9,19.1,84.5,18.6,16.4,12.18,17.3,50.1,0,968.2,347,1.8,4.2,373,89,310,152,229,194,143,396,100,17,95
ALT,2023,7,13,10,19,82.3,18.1,15.9,11.84,17,49.1,0,968.6,339,1.6,3.8,279,7,274,137,134,140,127,398,100,17,95
ALT,2023,7,13,11,20.7,76,18.6,16.3,12.18,17.8,51.7,0,968.5,313,2.4,5.2,373,25,352,175,179,191,163,399,100,17,95
ALT,2023,7,13,12,20.5,74,17.8,15.7,11.65,17.4,50.2,0,968.4,321,3.4,5.8,244,16,229,114,115,125,106,400,100,17,95
ALT,2023,7,13,13,20,73.7,17.2,15.2,11.24,16.9,48.6,1,968.8,326,4.4,8.8,133,0,133,67,63,66,62,400,100,17,95
ALT,2023,7,13,14,19.6,76.8,17.5,15.4,11.44,16.9,48.7,0.1,968.7,180,2,5.7,268,16,255,127,121,136,132,395,100,17,95
ALT,2023,7,13,15,20.2,71.4,17,14.9,11.11,16.8,48.5,0,968.9,45,0.5,1.9,230,3,227,114,108,114,109,394,100,17,95
ALT,2023,7,13,16,20.3,72.3,17.2,15.2,11.24,17,49,0,968.6,217,0.6,1.9,147,2,146,73,69,73,70,397,100,17,95
ALT,2023,7,13,17,20.6,72.7,17.6,15.5,11.51,17.3,49.9,0,968.6,214,0.5,1.5,149,28,137,74,64,67,92,392,100,17,95
ALT,2023,7,13,18,19.8,78.9,18.2,16,11.91,17.3,50.1,0,968.6,162,1.6,2.8,78,9,75,41,37,38,45,380,88,17,95
ALT,2023,7,13,19,18.6,83.6,17.9,15.8,11.71,16.8,48.4,0,968.8,155,1.8,2.9,24,0,24,12,11,12,11,374,75,17,95
ALT,2023,7,13,20,17.3,86.5,17.1,15,11.17,15.9,45.7,0,969.2,171,1.3,2.5,0,0,0,0,0,0,0,363,46,17,95
ALT,2023,7,13,21,16.4,88.1,16.4,14.4,10.7,15.2,43.6,0,969.6,159,1,1.9,0,0,0,0,0,0,0,357,50,17,95
ALT,2023,7,13,22,15.7,89.4,16,14,10.44,14.7,42.2,0,969.7,162,0.7,2.3,0,0,0,0,0,0,0,349,41,17,95
ALT,2023,7,13,23,15.1,90.9,15.6,13.6,10.17,14.2,40.9,0,969.7,153,0.9,2.1,0,0,0,0,0,0,0,343,36,17,95
ALT,2023,7,14,0,14.6,92.1,15.3,13.3,9.97,13.8,39.9,0,969.5,149,0.6,1.3,0,0,0,0,0,0,0,360,58,17,95
ALT,2023,7,14,1,14.3,92.1,15,13,9.78,13.5,39.1,0,968.9,166,0.9,1.5,0,0,0,0,0,0,0,358,71,17,95
ALT,2023,7,14,2,13.7,92.4,14.4,12.5,9.39,13,37.5,0,968.3,174,0.9,2,0,0,0,0,0,0,0,362,75,17,95
ALT,2023,7,14,3,13.2,93.5,14.2,12.2,9.26,12.6,36.7,0,967.8,162,0.8,1.8,0,0,0,0,0,0,0,347,40,17,95
ALT,2023,7,14,4,12.8,94,13.9,11.9,9.07,12.3,35.8,0,967.6,166,0.4,1.4,0,0,0,0,0,0,0,344,0,17,95
ALT,2023,7,14,5,12.9,93.3,13.9,11.8,9.07,12.3,35.9,0,967.3,151,1.2,2.1,24,0,24,17,17,17,17,344,0,17,95
ALT,2023,7,14,6,14.3,88.4,14.4,12.4,9.4,13.2,38.1,0,966.9,135,1.2,2.2,30,0,30,36,36,36,36,350,19,17,95
ALT,2023,7,14,7,16.2,83,15.2,13.3,9.94,14.4,41.4,0,966.5,16,0.9,2.2,379,596,114,159,649,62,62,367,55,17,95
ALT,2023,7,14,8,18.5,73.3,15.6,13.6,10.21,15.5,44.5,0,966.1,346,1.3,2.7,567,785,102,74,765,208,76,367,39,17,95
ALT,2023,7,14,9,19.9,67.6,15.8,13.7,10.34,16,46.3,0,965.9,336,1.1,2.5,708,807,124,91,693,356,94,372,43,17,95
ALT,2023,7,14,10,21.1,64.9,16.2,14.2,10.62,16.7,48.2,0,965.4,355,1.3,3.3,839,895,103,99,578,471,104,370,25,17,95
ALT,2023,7,14,11,22.2,61.8,16.5,14.5,10.82,17.3,49.8,0,964.8,329,2.2,4.1,916,929,95,106,389,546,111,370,29,17,95
ALT,2023,7,14,12,23.8,60.4,17.8,15.7,11.7,18.5,53.7,0,964.3,330,3,6.7,931,910,109,110,179,569,179,376,19,17,95
ALT,2023,7,14,13,25.3,51.6,16.6,14.6,10.9,18.4,53.2,0,963.9,310,3.2,6.1,902,904,107,106,110,540,407,377,16,17,95
ALT,2023,7,14,14,26.3,47.8,16.4,14.4,10.77,18.6,53.9,0,963.3,322,2.4,5.9,762,686,203,114,115,453,554,393,64,17,95
ALT,2023,7,14,15,26.3,48.8,16.6,14.7,10.92,18.8,54.3,0,962.5,348,2.1,3.7,692,801,121,89,91,342,699,373,19,17,95
ALT,2023,7,14,16,26.1,53.7,18.1,16,11.92,19.4,56.7,0,962.3,351,2,3.5,552,788,92,71,73,192,765,370,25,17,95
ALT,2023,7,14,17,26.3,53.6,18.3,16.1,12.06,19.5,57.2,0,962.3,270,0.8,2.2,388,732,73,155,53,52,753,361,25,17,95
ALT,2023,7,14,18,24.6,60,18.5,16.3,12.19,19.1,55.8,0,962.1,214,0.8,3.5,145,324,46,120,34,34,351,363,0,17,95
ALT,2023,7,14,19,22.5,66.9,18.2,16,11.99,18.3,53.1,0,962.4,225,0.7,2.9,22,0,22,15,15,15,14,363,0,17,95
ALT,2023,7,14,20,20.8,74,18.2,16,11.98,17.7,51.3,0,963,143,0.8,2,0,0,0,0,0,0,0,360,0,17,95
ALT,2023,7,14,21,20.6,73.6,17.7,15.7,11.64,17.4,50.3,0,963.6,326,1,2.6,0,0,0,0,0,0,0,357,0,17,95
ALT,2023,7,14,22,20.3,72.6,17.2,15.2,11.3,17,49.1,0,963.8,180,0.8,3.6,0,0,0,0,0,0,0,355,0,17,95
ALT,2023,7,14,23,19.9,72.9,16.9,14.9,11.1,16.7,48.2,0,963.9,315,0.7,3.7,0,0,0,0,0,0,0,352,0,17,95
ALT,2023,7,15,0,20.2,68.3,16.1,14.2,10.57,16.4,47.1,0,963.9,225,0.8,2.1,0,0,0,0,0,0,0,350,0,17,95
ALT,2023,7,15,1,21.7,58.3,14.9,13.2,9.77,16.4,46.7,0,963.5,172,1.2,4.4,0,0,0,0,0,0,0,348,0,17,95
ALT,2023,7,15,2,22.6,53.2,14.5,12.6,9.5,16.4,46.9,0,963.4,141,2.9,8.5,0,0,0,0,0,0,0,349,0,17,95
ALT,2023,7,15,3,23.6,48.4,14,12.1,9.17,16.5,47.1,0,963.2,134,4.3,9.2,0,0,0,0,0,0,0,349,0,17,95
ALT,2023,7,15,4,24.2,45.8,13.8,11.8,9.04,16.6,47.4,0,963,139,6,11.4,0,0,0,0,0,0,0,349,0,17,95
ALT,2023,7,15,5,23.9,46.8,13.9,11.8,9.11,16.4,47.2,0,962.8,140,6.3,10.8,25,0,25,17,17,17,17,350,6,17,95
ALT,2023,7,15,6,23.9,47.8,14.2,12.2,9.32,16.6,47.8,0,961.9,157,5.9,10.7,31,0,31,35,35,35,35,350,0,17,95
ALT,2023,7,15,7,26.4,44,15.2,13.2,9.99,18,52,0,961.4,152,5.8,11.4,402,744,74,148,762,53,54,352,0,17,95
ALT,2023,7,15,8,28.9,36.5,14.5,12.5,9.52,18.5,53.4,0,961.4,144,8.2,15.9,567,808,90,70,774,202,73,356,0,17,95
ALT,2023,7,15,9,30.2,32.7,14,12,9.19,18.6,53.9,0,961.4,152,9.6,15.9,708,826,111,87,697,351,91,359,0,17,95
ALT,2023,7,15,10,31,30.7,13.8,11.8,9.06,18.8,54.4,0,961.1,154,9.7,15.2,827,874,109,98,572,467,102,363,0,17,95
ALT,2023,7,15,11,31.6,29.4,13.6,11.6,8.93,18.9,54.6,0,961,158,9.6,14.5,902,903,105,104,388,541,109,367,0,17,95
ALT,2023,7,15,12,32,29.7,14.2,12.1,9.34,19.2,56.1,0,960.3,157,9.7,14.8,924,909,104,107,169,565,179,370,6,17,95
ALT,2023,7,15,13,32.5,30.2,14.8,12.8,9.74,19.7,57.7,0,959.5,159,9.8,16.4,890,883,113,105,108,535,403,385,35,17,95
ALT,2023,7,15,14,32.7,29.6,14.6,12.7,9.61,19.7,57.5,0,959.7,152,9.8,16,721,621,220,123,122,418,521,416,64,17,95
ALT,2023,7,15,15,31.8,32.6,15.3,13.4,10.08,19.8,57.8,0,959.8,154,8.8,14.7,540,412,238,123,121,288,445,417,71,17,95
ALT,2023,7,15,16,31.1,33.6,15.2,13.2,10.01,19.5,56.9,0,959.7,151,9,16.7,473,518,178,90,89,198,583,406,54,17,95
ALT,2023,7,15,17,30.7,34.8,15.4,13.4,10.15,19.5,56.8,0,959.5,151,10.2,16.6,381,708,76,150,53,52,731,396,25,17,95
ALT,2023,7,15,18,30,35.3,15,13,9.87,19.1,55.4,0,960,146,10.3,18.2,145,253,67,108,38,39,289,409,53,17,95
ALT,2023,7,15,19,29.4,35.6,14.6,12.6,9.6,18.7,54.1,0,960.3,139,9.6,16.6,22,0,22,11,11,11,11,409,65,17,95
ALT,2023,7,15,20,29.1,36.2,14.6,12.6,9.61,18.6,53.8,0,960,145,8.2,15.8,0,0,0,0,0,0,0,392,31,17,95
ALT,2023,7,15,21,29,36.9,14.8,12.8,9.74,18.6,54,0,960.4,141,8.5,15.5,0,0,0,0,0,0,0,377,6,17,95
ALT,2023,7,15,22,28,41.4,15.6,13.7,10.25,18.8,54.3,0,962.1,159,5.8,12.9,0,0,0,0,0,0,0,386,21,17,95
ALT,2023,7,15,23,24.5,63.7,19.6,17.2,12.91,19.6,57.5,0,963.6,332,7.3,12.8,0,0,0,0,0,0,0,408,67,17,95
ALT,2023,7,16,0,23,73.2,20.6,17.9,13.57,19.6,57.7,0,964.5,329,6,11.2,0,0,0,0,0,0,0,403,88,17,95
ALT,2023,7,16,1,22.6,73.6,20.2,17.6,13.29,19.3,56.5,0,965.5,345,6.6,18.4,0,0,0,0,0,0,0,407,100,17,95
ALT,2023,7,16,2,19.9,75.4,17.5,15.4,11.47,17,49.1,0,966.4,326,6.2,12.8,0,0,0,0,0,0,0,406,100,17,95
ALT,2023,7,16,3,18.5,79.9,17,15,11.13,16.3,46.8,0,966.9,332,4.5,10.2,0,0,0,0,0,0,0,406,100,17,95
ALT,2023,7,16,4,18.5,79.2,16.9,14.8,11.06,16.2,46.6,0,967.4,332,4.6,9.8,0,0,0,0,0,0,0,405,100,17,95
ALT,2023,7,16,5,18.2,83.3,17.4,15.3,11.39,16.4,47.2,0,968,328,1.6,5.2,10,0,10,5,5,5,4,404,100,17,95
ALT,2023,7,16,6,18.7,83.1,17.9,15.8,11.72,16.8,48.5,0,967.7,186,1,2.5,67,0,67,33,32,33,31,403,100,17,95
ALT,2023,7,16,7,19.5,79.8,18,15.9,11.79,17.2,49.5,0,967.5,127,1.3,2.7,141,7,138,70,73,68,64,404,100,17,95
ALT,2023,7,16,8,19.7,78.6,18.1,15.9,11.86,17.3,49.9,0,967.2,335,1.9,3.1,265,50,234,116,160,132,108,406,100,17,95
ALT,2023,7,16,9,20.8,76.8,18.9,16.6,12.4,18.1,52.4,0,967.1,331,2.6,4.7,391,106,315,154,247,206,144,398,88,17,95
ALT,2023,7,16,10,21.9,76.2,19.9,17.5,13.07,19,55.2,0,967,340,4.1,6.8,410,71,353,173,221,217,162,403,88,17,95
ALT,2023,7,16,11,22.5,73.5,20,17.5,13.14,19.2,56,0,967,333,5.5,8.1,422,54,374,185,206,223,172,406,100,17,95
ALT,2023,7,16,12,22.6,71.6,19.6,17.2,12.87,19,55.5,0,966.9,336,6,9,544,156,403,194,222,314,209,405,88,17,95
ALT,2023,7,16,13,23.1,68.5,19.4,17,12.74,19.1,55.6,0,966.9,327,4.7,8.2,570,197,397,189,182,335,297,407,81,17,95
ALT,2023,7,16,14,23.1,67,18.9,16.6,12.4,18.8,54.8,0,966.9,303,3.2,7.2,572,273,351,166,160,336,372,407,75,17,95
ALT,2023,7,16,15,23.2,68.9,19.6,17.2,12.88,19.2,56.1,0,966.2,319,3.1,5,651,690,164,98,99,338,648,403,58,17,95
ALT,2023,7,16,16,22.6,70.4,19.3,16.9,12.68,18.8,55,0,966.4,310,2.6,4.9,522,688,123,77,78,201,699,403,61,17,95
ALT,2023,7,16,17,22.6,68.1,18.6,16.4,12.21,18.5,53.8,0,966.5,302,2.6,5,295,355,148,146,71,73,432,405,61,17,95
ALT,2023,7,16,18,22.2,71.5,19.1,16.8,12.54,18.6,54.2,0,966.8,315,1,3.5,140,263,61,110,37,37,299,404,48,17,95
ALT,2023,7,16,19,21,79,19.7,17.2,12.94,18.5,54,0,966.7,63,0.6,1.5,25,0,25,16,15,15,15,406,60,17,95
ALT,2023,7,16,20,20.5,79.2,19.1,16.8,12.53,18.1,52.4,0,967.3,320,0.9,2.2,0,0,0,0,0,0,0,411,100,17,95
ALT,2023,7,16,21,19.8,82.6,19,16.8,12.45,17.8,51.5,0,967.9,194,1.3,2.8,0,0,0,0,0,0,0,411,100,17,95
ALT,2023,7,16,22,19.4,86.2,19.3,17,12.65,17.8,51.6,0,968.1,90,0.7,1.2,0,0,0,0,0,0,0,407,100,17,95
ALT,2023,7,16,23,19.5,85.8,19.5,17.1,12.78,17.9,52,0,968.3,153,0.7,2,0,0,0,0,0,0,0,404,100,17,95
ALT,2023,7,17,0,19.1,86.4,19.1,16.8,12.51,17.6,50.9,0,968.4,326,1.2,2.3,0,0,0,0,0,0,0,399,81,17,95
ALT,2023,7,17,1,19.3,86.6,19.4,17,12.71,17.8,51.7,0,968.7,351,1,2.5,0,0,0,0,0,0,0,392,88,19,95
ALT,2023,7,17,2,19.9,79.4,18.4,16.2,12.04,17.5,50.6,0,969.1,311,1.2,4.1,0,0,0,0,0,0,0,390,94,19,95
ALT,2023,7,17,3,18.6,83.5,17.9,15.8,11.7,16.8,48.4,0.1,969.6,321,2.7,6.8,0,0,0,0,0,0,0,396,88,19,95
ALT,2023,7,17,4,18.5,87.8,18.7,16.4,12.23,17.1,49.6,0,969.9,349,0.6,2.8,0,0,0,0,0,0,0,402,100,19,95
ALT,2023,7,17,5,18.7,86,18.5,16.3,12.09,17.1,49.5,0,969.9,160,1.3,3.8,18,0,18,9,9,9,9,403,100,19,95
ALT,2023,7,17,6,19.3,82.6,18.5,16.3,12.09,17.4,50.1,0,969.9,96,1.8,4.3,71,0,71,37,35,36,34,398,94,19,95
ALT,2023,7,17,7,19.6,83.5,19,16.7,12.42,17.7,51.2,0,970.2,337,1.6,3.6,164,28,151,84,103,77,73,400,84,19,95
ALT,2023,7,17,8,20.3,81.5,19.4,17,12.69,18.1,52.6,0,970.5,325,1.5,3.3,300,112,230,116,223,157,110,409,84,19,95
ALT,2023,7,17,9,21.6,75.2,19.4,17,12.69,18.6,54,0,970.4,332,2,4.2,527,325,297,148,439,301,143,408,60,19,95
ALT,2023,7,17,10,23,72.4,20.3,17.8,13.3,19.5,57,0,969.8,343,2.2,4.4,720,568,254,140,509,451,140,391,35,19,95
ALT,2023,7,17,11,23.5,71.2,20.6,18,13.51,19.8,58,0,969.3,330,4,6.9,810,645,243,143,423,529,144,383,25,19,95
ALT,2023,7,17,12,24.5,64.7,19.9,17.4,13.04,19.7,57.8,0,969.2,309,3.7,7.2,730,432,341,175,243,477,241,388,41,19,95
ALT,2023,7,17,13,25,61.7,19.5,17.1,12.78,19.7,57.7,0,968.8,323,4.4,8.4,823,706,207,141,143,519,427,393,45,19,95
ALT,2023,7,17,14,25.7,58.6,19.3,17,12.64,19.9,58.1,0,968.7,326,5.4,10,819,843,133,115,119,486,599,387,29,19,95
ALT,2023,7,17,15,25.9,58.1,19.5,17,12.78,19.9,58.6,0,968.5,327,5.2,8.9,615,587,194,118,118,335,579,398,50,19,95
ALT,2023,7,17,16,25.1,60,19.1,16.8,12.51,19.6,57.1,0,968.6,318,4,8.1,559,816,88,79,81,205,798,397,33,19,95
ALT,2023,7,17,17,24.6,60.3,18.6,16.4,12.18,19.2,55.7,0,968.8,300,3.3,7.5,344,535,108,140,66,66,587,396,39,19,95
ALT,2023,7,17,18,24.2,62.2,18.8,16.5,12.3,19.1,55.7,0,969.3,297,2.6,5.5,131,229,64,107,42,42,270,395,43,19,95
ALT,2023,7,17,19,24,63.2,18.8,16.6,12.29,19.1,55.4,0,969.9,315,1.9,4.5,20,0,20,14,14,14,14,407,48,19,95
ALT,2023,7,17,20,23.3,66.3,18.9,16.7,12.35,18.9,54.9,0,970.5,326,1.3,3.5,0,0,0,0,0,0,0,412,29,19,95
ALT,2023,7,17,21,23.2,59.8,17,15,11.08,17.9,51.5,0,971.1,307,2.7,6.2,0,0,0,0,0,0,0,409,29,19,95
ALT,2023,7,17,22,22.7,59.2,16.3,14.3,10.62,17.4,49.8,0,971.3,307,2.2,6.5,0,0,0,0,0,0,0,405,29,19,95
ALT,2023,7,17,23,21.2,66.7,16.8,14.8,10.95,17.1,49.1,0,971.5,338,0.8,2.7,0,0,0,0,0,0,0,401,33,19,95
ALT,2023,7,18,0,19.8,76.7,17.6,15.6,11.48,17.1,49,0,971.2,0,0.1,0.9,0,0,0,0,0,0,0,392,40,19,95
ALT,2023,7,18,1,18.6,81.5,17.4,15.4,11.35,16.6,47.5,0,970.9,225,0.5,1.1,0,0,0,0,0,0,0,355,25,20,95
ALT,2023,7,18,2,18.1,82.5,17.2,15.1,11.22,16.2,46.6,0,970.7,162,0.4,0.9,0,0,0,0,0,0,0,342,0,20,95
ALT,2023,7,18,3,17.2,86.3,16.9,14.9,11.02,15.8,45.2,0,970.5,180,0.2,0.8,0,0,0,0,0,0,0,342,0,20,95
ALT,2023,7,18,4,17.2,85.9,16.8,14.8,10.96,15.7,45.1,0,970.2,135,0.4,1.1,0,0,0,0,0,0,0,341,0,20,95
ALT,2023,7,18,5,16.5,89.1,16.7,14.7,10.9,15.4,44.2,0,970,162,0.5,1,23,0,23,17,17,17,17,340,0,20,95
ALT,2023,7,18,6,17.4,86.1,17.1,15.1,11.17,15.9,45.8,0,969.7,117,0.3,1.2,31,0,31,39,39,39,39,340,0,20,95
ALT,2023,7,18,7,19.6,83.4,18.9,16.7,12.37,17.7,51.1,0,969,360,0.6,2.2,398,738,78,153,768,60,62,342,0,20,95
ALT,2023,7,18,8,21.1,74.6,18.7,16.4,12.25,18,52.3,0,968.5,341,1.9,3.3,563,791,99,82,779,221,85,348,0,20,95
ALT,2023,7,18,9,22.3,72.9,19.7,17.2,12.92,18.9,55.3,0,968.1,330,2,3.7,717,863,98,98,727,369,103,354,0,20,95
ALT,2023,7,18,10,23.7,69.9,20.4,17.9,13.4,19.8,57.9,0,967.1,318,1.6,3.6,831,865,125,116,597,494,121,387,45,20,95
ALT,2023,7,18,11,24.5,66.2,20.3,17.8,13.33,20,58.6,0,967.3,333,3.6,8.6,747,498,312,169,404,479,167,404,66,20,95
ALT,2023,7,18,12,24.4,65.9,20,17.6,13.1,19.8,57.9,0.5,969.6,338,6.4,20.7,220,34,189,96,107,122,90,424,100,20,95
ALT,2023,7,18,13,24.5,71.6,22,19,14.45,20.7,61.4,0,969,149,2.8,8.2,368,78,301,152,146,209,191,427,88,20,95
ALT,2023,7,18,14,24.2,74.1,22.4,19.3,14.74,20.8,61.9,0,967.7,144,3,6.7,289,79,226,114,109,163,173,420,94,20,95
ALT,2023,7,18,15,24.4,70.7,21.5,18.7,14.17,20.5,60.6,1.5,965,152,7.9,16.3,236,177,118,67,65,119,214,422,94,20,95
ALT,2023,7,18,16,25.6,65.9,21.6,18.8,14.25,20.9,62.1,0,964.7,338,5,9.3,543,788,89,78,80,204,772,400,35,20,95
ALT,2023,7,18,17,25.7,65.8,21.7,18.8,14.32,21,62.4,0,964.1,294,1.7,5.5,368,667,85,153,60,59,707,396,13,20,95
ALT,2023,7,18,18,24,74.1,22.1,19.1,14.6,20.6,61.3,0,963.7,252,1,3.1,143,314,49,118,38,38,346,396,23,20,95
ALT,2023,7,18,19,22.9,77.2,21.5,18.7,14.19,20,59.1,0,964.1,304,1.5,4.1,19,0,19,12,12,12,12,406,54,20,95
ALT,2023,7,18,20,21.6,82.6,21.3,18.5,14.05,19.5,57.4,0,964.5,207,1.2,4.2,0,0,0,0,0,0,0,409,79,20,95
ALT,2023,7,18,21,21.9,80.7,21.2,18.4,13.97,19.5,57.5,0,965.2,149,1.9,5,0,0,0,0,0,0,0,409,65,20,95
ALT,2023,7,18,22,20.7,86.5,21.1,18.4,13.9,19.2,56.1,0,965.1,148,1.2,2.9,0,0,0,0,0,0,0,404,70,20,95
ALT,2023,7,18,23,20.6,86.6,21,18.3,13.83,19.1,55.8,0,965.3,137,1.7,3.3,0,0,0,0,0,0,0,404,71,20,95
ALT,2023,7,19,0,20.4,85.5,20.5,17.9,13.5,18.7,54.8,0,964.9,150,1.8,4.5,0,0,0,0,0,0,0,401,84,20,95
ALT,2023,7,19,1,20.4,86.1,20.6,18,13.56,18.8,54.9,0.8,965.4,156,3.8,10.2,0,0,0,0,0,0,0,395,78,20,95
ALT,2023,7,19,2,20,88.7,20.8,18.1,13.7,18.7,54.9,0,965.1,159,2.4,5.1,0,0,0,0,0,0,0,389,81,20,95
ALT,2023,7,19,3,19.4,90.6,20.5,17.8,13.5,18.3,53.7,0,965.3,148,1.5,2.7,0,0,0,0,0,0,0,381,48,20,95
ALT,2023,7,19,4,18.9,92.6,20.2,17.7,13.29,18.1,52.7,0,965.3,145,1.4,2.5,0,0,0,0,0,0,0,388,61,20,95
ALT,2023,7,19,5,18.9,91.4,19.9,17.5,13.1,18,52.2,0,965.1,157,1.4,3.1,32,0,32,17,16,17,16,375,53,20,95
ALT,2023,7,19,6,19.4,91.8,20.7,18,13.63,18.5,54.1,0,965.4,166,0.5,1.8,65,0,65,35,34,35,33,396,84,20,95
ALT,2023,7,19,7,20.5,88.4,21.3,18.5,14.02,19.2,56.2,3,966.5,135,1.9,9.8,125,71,90,46,119,58,44,407,100,20,95
ALT,2023,7,19,8,22,85.4,22.5,19.4,14.84,20.2,59.8,0,965.4,158,1.6,5.6,404,300,232,119,417,200,115,392,68,20,95
ALT,2023,7,19,9,23.3,81.7,23.3,20,15.39,21,62.6,0,964.8,135,0.8,2.2,250,18,237,122,132,131,115,412,100,20,95
ALT,2023,7,19,10,24.6,78.2,24.1,20.5,15.94,21.7,65.3,0,964.6,151,1.1,2.1,318,19,303,156,162,167,146,411,100,20,95
ALT,2023,7,19,11,24.9,69.6,21.9,19,14.45,20.9,61.9,0,964.5,311,1.1,2.9,315,14,302,156,156,165,146,416,100,20,95
ALT,2023,7,19,12,24.9,69.4,21.8,18.9,14.39,20.8,61.7,0,964.2,27,0.9,2.5,138,1,137,71,67,71,67,418,100,20,95
ALT,2023,7,19,13,26,62.5,21,18.3,13.86,20.8,61.5,0,963.6,306,1.9,4.8,184,15,171,88,84,98,92,412,94,20,95
ALT,2023,7,19,14,26,60.4,20.3,17.7,13.39,20.4,60.3,0,963.3,309,2,4.5,148,2,146,76,72,76,72,413,94,20,95
ALT,2023,7,19,15,25.8,63.5,21.1,18.3,13.94,20.7,61.5,0,962.7,117,0.6,1.5,138,1,138,71,68,71,67,415,100,20,95
ALT,2023,7,19,16,25.3,67.5,21.7,18.9,14.35,20.9,62,0,962.5,207,0.8,2.4,95,2,94,49,46,49,47,413,100,20,95
ALT,2023,7,19,17,24.7,67.1,20.8,18.2,13.74,20.3,59.8,0,962.7,326,1,4.9,42,0,42,22,21,21,20,411,100,20,95
ALT,2023,7,19,18,24.8,55.4,17.3,15.3,11.38,18.6,53.9,0,962.8,341,4,7.9,59,20,52,33,26,27,46,410,100,20,95
ALT,2023,7,19,19,24,59.4,17.7,15.6,11.64,18.5,53.8,0,963.3,360,1.9,5.8,14,0,14,7,7,7,7,407,100,20,95
ALT,2023,7,19,20,23.3,61.1,17.3,15.4,11.37,18.2,52.4,0,963.9,3,2.6,8.4,0,0,0,0,0,0,0,404,100,20,95
ALT,2023,7,19,21,23.9,53.3,15.8,13.8,10.36,17.5,50.4,0,964.3,344,5.2,9.1,0,0,0,0,0,0,0,400,94,20,95
ALT,2023,7,19,22,23.2,55.4,15.7,13.8,10.29,17.3,49.5,0,964.5,342,5.2,8.3,0,0,0,0,0,0,0,397,94,20,95
ALT,2023,7,19,23,21.8,62.8,16.4,14.4,10.76,17.1,49.3,0,964.8,354,2.6,6.3,0,0,0,0,0,0,0,390,75,20,95
ALT,2023,7,20,0,20.8,67.7,16.6,14.6,10.89,16.9,48.6,0,964.9,113,1,4.1,0,0,0,0,0,0,0,386,94,20,95
ALT,2023,7,20,1,19.1,75.8,16.8,14.7,11.02,16.3,47.2,0,964.9,121,0.7,2.4,0,0,0,0,0,0,0,365,71,20,95
ALT,2023,7,20,2,19.2,73.8,16.4,14.4,10.76,16.2,46.6,0,964.8,146,1.4,4,0,0,0,0,0,0,0,369,74,20,95
ALT,2023,7,20,3,18.9,74.6,16.2,14.3,10.62,16,45.9,0,965.1,111,1.1,4.2,0,0,0,0,0,0,0,369,74,20,95
ALT,2023,7,20,4,18.3,77.9,16.4,14.4,10.75,15.9,45.7,0,965.2,158,1.3,3.4,0,0,0,0,0,0,0,370,60,20,95
ALT,2023,7,20,5,17.8,80.4,16.4,14.4,10.75,15.7,45.1,0,965.4,168,1.4,2.4,4,0,4,2,2,2,2,388,100,20,95
ALT,2023,7,20,6,17.9,83.1,17,15,11.15,16.1,46.3,0,965.3,135,0.7,1.9,75,0,75,49,48,49,47,362,50,20,95
ALT,2023,7,20,7,19.7,74.9,17.1,15.1,11.22,16.8,48.3,0,965.1,45,0.6,1.3,290,365,123,111,438,89,73,351,30,20,95
ALT,2023,7,20,8,21.1,64.8,16.2,14.2,10.62,16.7,48.2,0,964.9,347,1.8,3.5,540,706,124,87,718,231,89,355,6,20,95
ALT,2023,7,20,9,22,64.2,17,14.9,11.16,17.5,50.5,0,964.6,329,2.5,5.2,662,678,180,112,657,371,114,357,0,20,95
ALT,2023,7,20,10,22.9,60.7,16.9,14.9,11.1,17.8,51.3,0,964,331,4.5,7.3,704,524,278,147,502,449,146,355,29,20,95
ALT,2023,7,20,11,23.6,58.5,17,15,11.17,18.1,52.2,0,963.4,334,5.7,9.7,834,701,219,139,416,552,142,368,29,20,95
ALT,2023,7,20,12,24.1,56.6,17,14.9,11.18,18.2,52.7,0,962.8,335,5.9,8.9,934,919,111,125,195,604,197,368,0,20,95
ALT,2023,7,20,13,24.6,56.2,17.4,15.3,11.46,18.6,53.9,0,962.2,337,5.9,9,924,942,101,122,127,583,432,368,0,20,95
ALT,2023,7,20,14,25,54.8,17.4,15.3,11.46,18.7,54.3,0,961.6,335,5.5,9,838,924,91,111,116,493,615,362,6,20,95
ALT,2023,7,20,15,25.1,53.1,16.9,14.9,11.13,18.5,53.6,0,961.3,330,5.6,8.8,712,875,93,97,101,367,744,368,29,20,95
ALT,2023,7,20,16,24.8,54.7,17.1,15.1,11.27,18.5,53.6,0,961,326,4.5,8.4,510,640,136,90,91,221,666,383,56,20,95
ALT,2023,7,20,17,24.7,54.2,16.8,14.8,11.07,18.3,53,0,960.8,319,3.1,7,280,272,166,141,82,83,365,394,81,20,95
ALT,2023,7,20,18,24,57.8,17.2,15.2,11.34,18.3,53,0,960.8,328,2.6,4.7,131,141,89,90,47,48,192,394,71,20,95
ALT,2023,7,20,19,23.2,58.8,16.8,14.7,11.07,17.7,51.5,0,961,330,2.4,4.3,21,0,21,11,11,11,10,400,81,20,95
ALT,2023,7,20,20,22.7,62.1,17.1,15.1,11.26,17.8,51.5,0,961.4,332,1.6,4,0,0,0,0,0,0,0,393,81,20,95
ALT,2023,7,20,21,21.7,68.5,17.8,15.7,11.73,17.8,51.6,0,961.7,63,0.5,1.7,0,0,0,0,0,0,0,390,88,20,95
ALT,2023,7,20,22,21.5,69.2,17.7,15.6,11.66,17.7,51.3,0,961.7,162,0.8,1.9,0,0,0,0,0,0,0,393,100,20,95
ALT,2023,7,20,23,20.6,73,17.7,15.6,11.66,17.4,50.3,0,961.6,150,0.9,1.9,0,0,0,0,0,0,0,383,75,20,95
ALT,2023,7,21,0,19.4,77.3,17.4,15.3,11.46,16.8,48.6,0,961.6,90,0.4,1.2,0,0,0,0,0,0,0,372,59,20,95
ALT,2023,7,21,1,18.1,81.5,16.9,14.9,11.13,16.1,46.4,0,961.4,162,0.6,1.4,0,0,0,0,0,0,0,361,33,20,95
ALT,2023,7,21,2,17.1,83.3,16.2,14.2,10.66,15.3,44.2,0,961.1,158,0.6,1.9,0,0,0,0,0,0,0,359,23,20,95
ALT,2023,7,21,3,16.6,85.9,16.2,14.2,10.67,15.1,43.7,0,960.9,162,0.4,0.9,0,0,0,0,0,0,0,375,71,20,95
ALT,2023,7,21,4,16.7,86.3,16.4,14.4,10.8,15.3,44.1,0,960.8,153,0.8,1.5,0,0,0,0,0,0,0,382,88,20,95
ALT,2023,7,21,5,17,90.1,17.5,15.4,11.54,16,46.3,0.4,960.9,180,1.4,2.8,19,0,19,10,10,10,10,386,94,20,95
ALT,2023,7,21,6,17.5,91.1,18.3,16,12.07,16.5,48.2,0.6,961.7,315,1.7,4.4,66,0,66,35,34,35,33,390,100,20,95
ALT,2023,7,21,7,17.2,88.4,17.4,15.3,11.46,16,46.3,4.6,962.1,308,3.1,9.3,255,388,74,65,423,70,47,391,94,20,95
ALT,2023,7,21,8,18.9,81.4,17.8,15.6,11.73,16.8,48.7,0,961.8,94,1.8,4.4,377,415,151,87,478,160,85,387,78,20,95
ALT,2023,7,21,9,18,88.9,18.4,16.1,12.14,16.8,48.9,1.4,961.3,146,1.8,3.8,164,39,135,68,100,91,64,394,100,20,95
ALT,2023,7,21,10,18.4,86.1,18.2,16,11.99,16.9,48.9,0.1,962.3,14,1.5,3.4,427,238,241,137,284,237,131,393,88,20,95
ALT,2023,7,21,11,18.4,87.2,18.5,16.2,12.18,17,49.4,0.6,962.9,333,1.7,4.3,58,0,58,30,28,30,28,398,100,20,95
ALT,2023,7,21,12,18.6,89.6,19.2,16.9,12.65,17.5,50.8,0,963.1,135,1.1,2.3,122,4,118,61,58,63,59,399,94,20,95
ALT,2023,7,21,13,19.2,82.3,18.4,16.1,12.12,17.2,50.1,0.2,962.5,180,0.9,2.5,80,0,80,41,39,41,39,400,100,20,95
ALT,2023,7,21,14,20.1,76.8,18.1,15.9,11.93,17.4,50.5,0,962.1,198,0.5,2.2,227,41,194,99,94,125,127,399,81,20,95
ALT,2023,7,21,15,19.5,83.1,18.8,16.6,12.39,17.6,51,1,962.6,45,1.5,4.3,250,71,199,101,97,137,161,398,81,20,95
ALT,2023,7,21,16,19.7,83.1,19.1,16.8,12.59,17.8,51.7,0,963,292,1.1,4.3,175,30,158,81,78,89,107,397,100,20,95
ALT,2023,7,21,17,18.4,90.2,19,16.8,12.52,17.4,50.2,0.7,963.2,151,2.2,4.9,282,337,140,131,74,75,412,389,88,20,95
ALT,2023,7,21,18,17.8,92.5,18.8,16.6,12.37,17,49.2,1.9,964.1,288,1.2,3.4,34,1,34,18,17,17,17,395,100,20,95
ALT,2023,7,21,19,17.3,93.3,18.4,16.2,12.1,16.6,48,1.1,964.3,198,1.2,3.4,8,0,8,4,4,4,4,390,94,20,95
ALT,2023,7,21,20,17.2,93.5,18.3,16.1,12.02,16.5,47.7,0.1,965.3,146,0.9,1.8,0,0,0,0,0,0,0,390,100,20,95
ALT,2023,7,21,21,17.1,94.1,18.3,16.1,12.01,16.5,47.6,4.2,965.8,166,1,2.8,0,0,0,0,0,0,0,387,100,20,95
ALT,2023,7,21,22,16.7,95.1,18.1,15.9,11.87,16.2,46.8,4.9,966.5,169,1,2.4,0,0,0,0,0,0,0,384,100,20,95
ALT,2023,7,21,23,16.7,95.3,18.1,15.9,11.87,16.2,46.8,2.9,966.7,135,0.6,1.4,0,0,0,0,0,0,0,381,100,20,95
ALT,2023,7,22,0,16.6,95,18,15.8,11.8,16.1,46.6,2.8,966.8,171,0.9,1.8,0,0,0,0,0,0,0,378,100,20,95
ALT,2023,7,22,1,16.1,94.6,17.3,15.2,11.34,15.5,44.9,0.3,966.4,162,0.8,2,0,0,0,0,0,0,0,376,100,20,95
ALT,2023,7,22,2,15.7,94.9,16.9,14.9,11.07,15.2,43.8,0.1,966.3,135,0.4,1.4,0,0,0,0,0,0,0,370,94,20,95
ALT,2023,7,22,3,15.6,94.4,16.7,14.7,10.94,15,43.4,0,966.2,143,0.7,2,0,0,0,0,0,0,0,375,94,20,95
ALT,2023,7,22,4,15.1,94.5,16.3,14.2,10.67,14.5,42.2,0,966.2,153,0.5,1.6,0,0,0,0,0,0,0,368,81,20,95
ALT,2023,7,22,5,15.1,94.2,16.2,14.2,10.6,14.5,42,0,966.5,164,0.8,1.9,11,0,11,6,5,6,5,376,100,20,95
ALT,2023,7,22,6,15.7,92.8,16.5,14.5,10.8,15,43.1,0,966.8,153,0.3,0.9,41,0,41,23,22,23,22,381,94,20,95
ALT,2023,7,22,7,16.4,89.1,16.6,14.6,10.86,15.3,44,0,967,166,0.5,2.1,268,331,126,119,408,87,76,371,75,20,95
ALT,2023,7,22,8,17.6,81.8,16.4,14.5,10.73,15.7,44.9,0,967.1,18,0.8,1.7,308,108,245,125,231,161,118,377,81,20,95
ALT,2023,7,22,9,19.4,72.4,16.3,14.3,10.66,16.2,46.6,0,967,331,1.3,3.3,279,19,265,138,149,146,129,376,94,20,95
ALT,2023,7,22,10,20.7,69.1,16.9,14.8,11.07,16.9,48.9,0,966.7,328,2,5.2,398,60,349,180,217,220,169,386,94,20,95
ALT,2023,7,22,11,21.8,60.8,15.9,13.9,10.41,16.8,48.4,0,966.2,321,3.9,7.3,387,61,334,171,200,218,161,376,81,20,95
ALT,2023,7,22,12,22.7,57.4,15.9,13.9,10.41,17.1,49.3,0,965.8,320,4.1,8,643,336,343,178,202,419,259,380,78,20,95
ALT,2023,7,22,13,22.7,56.3,15.5,13.6,10.15,17,48.6,0,965.4,321,4.4,7.7,546,180,391,199,192,330,300,380,71,20,95
ALT,2023,7,22,14,22.5,54.1,14.8,12.8,9.69,16.5,47.3,0,965.3,326,4.5,8,679,506,271,154,153,425,481,369,61,20,95
ALT,2023,7,22,15,22.5,52.8,14.4,12.4,9.42,16.3,46.6,0,965.2,325,3.5,7.5,473,298,264,137,134,272,397,374,75,20,95
ALT,2023,7,22,16,22.5,55.2,15,13.1,9.82,16.6,47.6,0,965.1,287,1.8,3.8,395,312,211,110,107,204,412,367,68,20,95
ALT,2023,7,22,17,22.1,61.4,16.3,14.3,10.69,17.1,49.4,0,965.1,135,1.1,2.5,294,360,137,126,76,77,432,360,65,20,95
ALT,2023,7,22,18,21.4,64.9,16.5,14.5,10.82,17,49,0,965,186,1.9,4.3,117,146,77,87,45,46,192,355,44,20,95
ALT,2023,7,22,19,19.6,72,16.5,14.4,10.82,16.3,47.2,0,965.4,172,1.6,3,18,0,18,13,13,13,13,346,0,20,95
ALT,2023,7,22,20,17.7,77.9,15.8,13.8,10.34,15.3,44,0,966,172,1.5,2.9,0,0,0,0,0,0,0,341,0,20,95
ALT,2023,7,22,21,16.9,80.2,15.4,13.5,10.07,14.8,42.5,0,966.2,169,1.1,2,0,0,0,0,0,0,0,347,0,20,95
ALT,2023,7,22,22,16.4,79.7,14.9,12.9,9.74,14.3,41.1,0,966.4,162,0.5,1.3,0,0,0,0,0,0,0,344,0,20,95
ALT,2023,7,22,23,14.9,86.8,14.7,12.7,9.61,13.6,39.3,0,966.4,153,0.6,1.2,0,0,0,0,0,0,0,333,0,20,95
ALT,2023,7,23,0,14.4,87.8,14.4,12.4,9.41,13.2,38.3,0,966.3,146,0.5,1.1,0,0,0,0,0,0,0,331,0,20,95
ALT,2023,7,23,1,14.2,87.5,14.1,12.2,9.21,13,37.6,0,966,164,0.7,1.6,0,0,0,0,0,0,0,315,0,19,95
ALT,2023,7,23,2,13.7,89.5,14,12,9.15,12.7,36.9,0,965.8,162,0.9,1.4,0,0,0,0,0,0,0,316,0,19,95
ALT,2023,7,23,3,14.2,87.1,14.1,12.1,9.22,13,37.6,0,965.6,180,0.9,1.9,0,0,0,0,0,0,0,321,0,19,95
ALT,2023,7,23,4,13.2,89.2,13.6,11.5,8.89,12.2,35.7,0,965.4,135,0.6,1.7,0,0,0,0,0,0,0,326,0,19,95
ALT,2023,7,23,5,13.2,89.4,13.5,11.5,8.82,12.2,35.5,0,965.6,157,0.8,1.8,20,0,20,14,13,14,13,320,6,19,95
ALT,2023,7,23,6,14.1,86.8,13.9,11.9,9.09,12.8,37.1,0,965.5,180,0.7,1.8,29,0,29,36,36,36,36,324,10,19,95
ALT,2023,7,23,7,17.2,80.6,15.8,13.8,10.35,15.1,43.5,0,965.1,63,0.8,1.6,308,523,76,101,565,73,60,353,40,19,95
ALT,2023,7,23,8,19.8,67.9,15.7,13.7,10.29,16,46,0,965,332,2.5,3.9,577,849,88,77,823,230,81,364,39,19,95
ALT,2023,7,23,9,21.4,59.9,15.2,13.3,9.95,16.4,46.8,0,965.2,342,1.3,3.6,717,834,124,100,723,390,104,368,54,19,95
ALT,2023,7,23,10,23,55.7,15.6,13.7,10.22,17.1,49.1,0,965.1,297,2,4.8,807,811,155,117,593,496,120,366,50,19,95
ALT,2023,7,23,11,23.9,48.7,14.4,12.4,9.42,16.8,48,0,965,319,2.9,6.4,894,890,119,117,413,576,122,367,44,19,95
ALT,2023,7,23,12,25,47.5,15.1,13.1,9.89,17.5,50.3,0,964.4,320,2.5,4.3,910,872,132,121,194,600,197,372,35,19,95
ALT,2023,7,23,13,25.2,48,15.4,13.4,10.1,17.7,51.1,0,963.6,338,1.9,3.2,896,903,112,116,120,574,423,371,29,19,95
ALT,2023,7,23,14,25.6,46.6,15.3,13.3,10.04,17.8,51.3,0,963.2,327,2.2,4.5,811,869,113,107,111,490,598,371,25,19,95
ALT,2023,7,23,15,26.5,46.6,16.1,14.1,10.58,18.5,53.6,0,962.6,360,0.8,2.5,696,851,99,93,96,366,726,381,43,19,95
ALT,2023,7,23,16,26.9,48.1,17,15,11.19,19.1,55.6,0,962.2,153,0.7,2.2,489,581,156,89,89,224,631,391,59,19,95
ALT,2023,7,23,17,27.1,46.9,16.8,14.8,11.06,19.1,55.5,0,961.9,184,1.4,3.1,231,269,115,84,59,76,329,394,68,19,95
ALT,2023,7,23,18,25.2,51.5,16.4,14.5,10.79,18.3,52.8,0,961.7,198,1.6,3,51,6,49,30,27,28,33,390,69,19,95
ALT,2023,7,23,19,22.8,61,16.9,14.9,11.13,17.7,51.2,0,961.5,172,0.9,2,19,0,19,13,13,13,12,372,29,19,95
ALT,2023,7,23,20,20,73.5,17.2,15.1,11.33,16.9,48.9,0,961.6,117,0.5,1.6,0,0,0,0,0,0,0,379,50,19,95
ALT,2023,7,23,21,19.8,73.8,17.1,15,11.26,16.7,48.5,0,961.3,153,0.7,2.3,0,0,0,0,0,0,0,368,33,19,95
ALT,2023,7,23,22,19.8,69.2,16,14,10.53,16.2,46.6,0,961,18,0.7,2.9,0,0,0,0,0,0,0,352,13,19,95
ALT,2023,7,23,23,24.2,45.3,13.6,11.6,8.93,16.5,47.1,0,960.5,158,4.1,9.7,0,0,0,0,0,0,0,356,23,19,95
ALT,2023,7,24,0,25.1,41.9,13.3,11.3,8.74,16.6,47.5,0,959.9,164,7,11.9,0,0,0,0,0,0,0,368,54,19,95
ALT,2023,7,24,1,25.1,41.9,13.4,11.3,8.81,16.6,47.7,0,959.6,167,7.4,11.5,0,0,0,0,0,0,0,355,33,18,95
ALT,2023,7,24,2,25.3,40.9,13.2,11.1,8.68,16.6,47.6,0,959.1,172,5.2,9.1,0,0,0,0,0,0,0,364,38,18,95
ALT,2023,7,24,3,23.2,49.4,14,12,9.22,16.3,46.8,0,958.7,198,2.3,8.3,0,0,0,0,0,0,0,374,54,18,95
ALT,2023,7,24,4,24.8,43.1,13.5,11.4,8.89,16.6,47.6,0,957.9,156,5.3,9.9,0,0,0,0,0,0,0,393,88,18,95
ALT,2023,7,24,5,24.3,47.4,14.2,12.4,9.33,16.9,48.2,0.1,961.1,176,6.4,14.9,2,0,2,1,1,1,1,395,100,18,95
ALT,2023,7,24,6,20.3,71.3,16.9,14.9,11.14,16.9,48.7,0.6,960.7,339,3.3,11.5,47,0,47,27,26,27,26,396,94,18,95
ALT,2023,7,24,7,19.8,80.9,18.7,16.4,12.35,17.6,51.3,0,960.3,180,1.3,3.2,119,4,117,60,60,59,55,401,100,18,95
ALT,2023,7,24,8,20.4,74.2,17.7,15.7,11.69,17.4,50.2,0.9,959.6,148,4.4,11.7,103,0,103,52,49,52,49,402,100,18,95
ALT,2023,7,24,9,22.3,60.7,16.3,14.3,10.76,17.2,49.8,0.1,958.2,146,4.9,10.2,454,243,280,140,341,255,134,402,94,18,95
ALT,2023,7,24,10,25.2,54.4,17.4,15.4,11.52,18.8,54.7,0,956.7,137,2.7,8.3,514,231,330,164,329,301,156,404,94,18,95
ALT,2023,7,24,11,23.4,62,17.8,15.7,11.77,18.4,53.5,0,958.4,334,5.8,11.4,163,1,162,82,78,82,76,408,100,18,95
ALT,2023,7,24,12,21.8,71.5,18.7,16.4,12.38,18.3,53.4,0.2,958.2,313,3.1,8.8,199,37,166,84,91,108,80,410,100,18,95
ALT,2023,7,24,13,24,67.3,20,17.6,13.27,19.7,57.9,0,957.7,332,2.9,6.6,715,491,290,150,148,466,377,397,71,18,95
ALT,2023,7,24,14,23.5,69.1,20,17.5,13.28,19.5,57.4,0.2,956.8,333,1.4,4.7,277,77,214,109,104,152,150,404,100,18,95
ALT,2023,7,24,15,21.9,75.2,19.7,17.3,13.06,18.8,55.2,0.1,957.7,327,2.8,12.5,145,0,145,73,69,72,68,408,100,18,95
ALT,2023,7,24,16,20.1,83.8,19.7,17.3,13.05,18.3,53.3,0.8,958.7,360,2.2,6.7,39,0,39,20,19,20,18,407,100,18,95
ALT,2023,7,24,17,20.4,87.3,20.9,18.2,13.88,18.9,55.8,0.6,957.5,301,1.8,3.8,247,358,99,104,60,61,407,399,78,18,95
ALT,2023,7,24,18,20.1,86.2,20.3,17.7,13.46,18.5,54.4,0,958.2,315,1,3.6,25,0,25,15,15,15,15,402,94,18,95
ALT,2023,7,24,19,19.6,90,20.6,17.9,13.67,18.5,54.4,0,958,162,1.1,2.2,21,0,21,11,11,11,10,392,81,18,95
ALT,2023,7,24,20,19.3,91.5,20.4,17.9,13.52,18.4,53.7,0,958.7,143,1.2,2.2,0,0,0,0,0,0,0,400,94,18,95
ALT,2023,7,24,21,19,93.1,20.5,17.9,13.59,18.3,53.6,0,958.6,162,0.7,2,0,0,0,0,0,0,0,397,100,18,95
ALT,2023,7,24,22,18.9,93.8,20.5,17.9,13.59,18.2,53.5,4.1,958.5,117,0.8,1.7,0,0,0,0,0,0,0,394,100,18,95
ALT,2023,7,24,23,18.6,95.4,20.4,17.8,13.53,18.1,53,6.1,958.5,256,1,2.5,0,0,0,0,0,0,0,391,100,18,95
ALT,2023,7,25,0,18,93.3,19.3,16.9,12.8,17.3,50.5,1.1,957.5,243,1.6,5.4,0,0,0,0,0,0,0,388,100,18,95
ALT,2023,7,25,1,17.1,93.2,18.2,16,12.05,16.4,47.7,0,957.6,0,0.9,3.9,0,0,0,0,0,0,0,386,100,19,95
ALT,2023,7,25,2,16.8,94.3,18,15.9,11.93,16.2,47.1,0.6,956.4,166,1,1.9,0,0,0,0,0,0,0,386,100,19,95
ALT,2023,7,25,3,16.8,94.7,18.1,15.9,12,16.2,47.3,2.1,956.1,248,1.2,2.8,0,0,0,0,0,0,0,386,100,19,95
ALT,2023,7,25,4,16.7,94.4,17.9,15.8,11.86,16.1,46.8,0.5,956.4,270,0.7,2.1,0,0,0,0,0,0,0,386,100,19,95
ALT,2023,7,25,5,16.8,94.6,18,15.9,11.93,16.2,47.1,2.6,956.7,326,1.1,3,12,0,12,7,7,7,7,383,94,19,95
ALT,2023,7,25,6,16.6,92.9,17.5,15.4,11.59,15.8,46,3.4,957,225,0.7,1.6,20,0,20,10,10,10,9,385,100,19,95
ALT,2023,7,25,7,16.2,94,17.3,15.2,11.45,15.6,45.3,5.6,957.1,180,0.7,2.1,182,139,120,77,201,66,58,383,88,19,95
ALT,2023,7,25,8,16.9,88.3,17,15,11.25,15.7,45.5,0.5,956.8,270,0.9,3.3,208,22,196,99,117,105,93,387,100,19,95
ALT,2023,7,25,9,17.4,86.4,17.1,15.1,11.32,15.9,46.2,0.8,956.9,270,0.9,2.8,199,1,198,101,97,100,94,388,100,19,95
ALT,2023,7,25,10,18.4,81.2,17.2,15.1,11.39,16.3,47.4,0,956.7,112,1.3,2.8,511,191,356,175,313,305,166,380,81,19,95
ALT,2023,7,25,11,19.5,73.6,16.7,14.7,11.05,16.5,47.7,0,956.5,331,1.4,3.3,282,36,252,126,145,153,119,383,94,19,95
ALT,2023,7,25,12,18.6,80.7,17.2,15.2,11.39,16.4,47.6,0.6,956.7,141,1.6,3.4,167,3,164,83,79,85,79,391,100,19,95
ALT,2023,7,25,13,19,73.3,16.1,14.1,10.65,15.9,46.1,0.2,956.4,298,2.1,6.3,222,36,191,95,91,123,110,387,100,19,95
ALT,2023,7,25,14,17.9,80.8,16.6,14.6,10.98,15.8,45.8,0.4,956.6,137,2.4,5.1,149,0,149,76,72,75,71,388,100,19,95
ALT,2023,7,25,15,17.2,81.1,15.9,13.9,10.51,15.2,43.9,1.5,957.2,358,4,14.9,38,0,38,19,18,19,18,385,100,19,95
ALT,2023,7,25,16,16.5,73.5,13.8,11.8,9.09,13.7,39.6,1.3,957.9,353,6.8,13.8,190,29,173,87,83,97,111,383,100,19,95
ALT,2023,7,25,17,16.7,75,14.2,12.3,9.35,14.1,40.5,0.1,958.5,338,2.7,9.1,84,1,84,43,40,42,41,380,100,19,95
ALT,2023,7,25,18,16.2,82.3,15.2,13.2,10.02,14.4,41.6,0,958.9,207,0.7,1.8,31,0,31,16,15,16,15,378,100,19,95
ALT,2023,7,25,19,14.9,81,13.8,11.7,9.06,13,37.9,2.2,960.7,347,5.7,14.8,12,0,12,7,6,7,6,375,100,19,95
ALT,2023,7,25,20,13.7,87.8,13.8,11.7,9.06,12.5,36.6,2.2,961.7,315,2.1,6.7,0,0,0,0,0,0,0,373,100,19,95
ALT,2023,7,25,21,13.5,93,14.4,12.4,9.45,12.8,37.4,1.5,962.4,56,0.8,2.2,0,0,0,0,0,0,0,371,100,19,95
ALT,2023,7,25,22,13.3,94,14.3,12.4,9.38,12.8,37.1,0.7,962.4,243,0.8,1.4,0,0,0,0,0,0,0,369,100,19,95
ALT,2023,7,25,23,13.2,93.9,14.2,12.2,9.31,12.6,36.8,1.5,962.7,347,1.8,5.2,0,0,0,0,0,0,0,366,100,19,95
ALT,2023,7,26,0,12.9,90.9,13.5,11.5,8.84,12.1,35.3,1.7,963.2,139,1.3,3.2,0,0,0,0,0,0,0,364,100,19,95
ALT,2023,7,26,1,12.6,90.8,13.2,11.1,8.64,11.7,34.5,0.1,963.5,117,1.5,3.1,0,0,0,0,0,0,0,363,100,19,95
ALT,2023,7,26,2,12.5,90.6,13.1,11,8.57,11.6,34.2,0,963.7,118,1.6,3.3,0,0,0,0,0,0,0,362,100,19,95
ALT,2023,7,26,3,12.5,91.1,13.2,11.1,8.63,11.7,34.4,0,964.2,125,1.4,2.4,0,0,0,0,0,0,0,362,100,19,95
ALT,2023,7,26,4,12.5,90.1,13,10.9,8.5,11.6,34,0,964.4,129,1.4,2.5,0,0,0,0,0,0,0,362,100,19,95
ALT,2023,7,26,5,12.6,89.4,13,10.9,8.5,11.6,34.1,0,964.6,143,1.3,2.4,21,0,21,11,10,11,10,361,100,19,95
ALT,2023,7,26,6,13.1,88,13.2,11.2,8.63,12,35,0,964.8,135,1.3,2.8,79,0,79,42,40,42,40,361,100,19,95
ALT,2023,7,26,7,14.2,84.6,13.6,11.6,8.89,12.7,36.7,0,965.1,130,1.3,3.5,112,0,112,59,56,58,55,362,100,19,95
ALT,2023,7,26,8,14.9,70.7,12,9.6,7.83,11.9,34.8,0,965.4,346,5.5,11,122,0,121,62,59,61,58,364,100,19,95
ALT,2023,7,26,9,15.3,67.8,11.8,9.4,7.69,12,34.8,0,965.7,358,3,9.1,243,5,240,122,120,123,114,366,100,19,95
ALT,2023,7,26,10,15.1,72.3,12.4,10.2,8.09,12.3,35.6,0,966,323,4.5,10,195,3,193,98,96,99,92,368,100,19,95
ALT,2023,7,26,11,15.6,68.4,12.1,9.8,7.89,12.3,35.6,0,966.1,308,4.2,7.5,354,21,335,170,173,185,159,370,100,19,95
ALT,2023,7,26,12,16.6,61.8,11.7,9.2,7.63,12.4,36,0,966,291,2.3,6.8,461,98,375,187,181,266,216,372,100,19,95
ALT,2023,7,26,13,17.5,59.8,12,9.6,7.82,13,37.4,0,966.1,298,2.4,8.2,386,119,282,139,133,233,197,374,88,19,95
ALT,2023,7,26,14,15.8,73.1,13.1,11,8.54,13,37.5,0.4,966.7,316,5.3,12.3,360,157,238,117,113,215,241,373,88,19,95
ALT,2023,7,26,15,15.4,72.4,12.6,10.5,8.21,12.6,36.3,0.2,967,180,1.1,4.4,388,337,165,94,92,205,373,364,88,19,95
ALT,2023,7,26,16,15.1,75.4,13,10.8,8.47,12.6,36.6,0,967.5,326,1.9,4.5,131,5,128,65,62,66,66,373,100,19,95
ALT,2023,7,26,17,14.4,80.8,13.3,11.1,8.67,12.5,36.4,0.1,967.5,292,1.4,7.1,170,110,126,88,63,65,179,373,100,19,95
ALT,2023,7,26,18,14.4,83.5,13.7,11.6,8.94,12.8,37.1,0,967.3,243,0.6,1.6,96,52,82,61,43,45,97,368,88,19,95
ALT,2023,7,26,19,14.1,85.6,13.7,11.7,8.93,12.7,36.7,0,967.5,169,0.6,1.3,11,0,11,5,5,5,5,371,100,19,95
ALT,2023,7,26,20,12.7,91.1,13.4,11.3,8.73,11.9,34.8,0,967.9,146,0.5,1.3,0,0,0,0,0,0,0,367,100,19,95
ALT,2023,7,26,21,11.7,91.4,12.6,10.3,8.2,10.9,32.5,0,967.9,139,1,1.8,0,0,0,0,0,0,0,363,100,19,95
ALT,2023,7,26,22,11.1,92.5,12.2,9.9,7.94,10.4,31.2,0,967.6,180,0.8,1.6,0,0,0,0,0,0,0,356,81,19,95
ALT,2023,7,26,23,11.1,91.3,12,9.7,7.81,10.3,30.9,0,967.3,166,0.9,1.7,0,0,0,0,0,0,0,348,100,19,95
ALT,2023,7,27,0,10.4,91.8,11.6,9.1,7.55,9.7,29.5,0,967.1,174,1,2.1,0,0,0,0,0,0,0,352,100,19,95
ALT,2023,7,27,1,9.8,92.6,11.2,8.7,7.29,9.2,28.2,0,966.9,135,0.6,1.9,0,0,0,0,0,0,0,351,53,17,95
ALT,2023,7,27,2,9.4,92.1,10.9,8.2,7.1,8.8,27.3,0,965.9,153,0.6,1.9,0,0,0,0,0,0,0,342,64,17,95
ALT,2023,7,27,3,9.5,91.7,10.9,8.2,7.1,8.8,27.4,0,965.6,153,0.6,1.7,0,0,0,0,0,0,0,343,71,17,95
ALT,2023,7,27,4,9.4,91.1,10.7,8,6.97,8.7,27,0,965.5,159,0.9,2,0,0,0,0,0,0,0,352,78,17,95
ALT,2023,7,27,5,9.9,90.6,11,8.4,7.17,9.1,28,0,965.2,150,0.9,1.7,14,0,14,7,7,7,7,357,94,17,95
ALT,2023,7,27,6,11.5,88.1,12,9.6,7.83,10.4,31.3,0,965,153,1,1.9,78,0,78,45,43,44,42,359,94,17,95
ALT,2023,7,27,7,14.1,76,12.2,9.9,7.97,11.7,34.3,0,964.8,135,0.8,1.8,301,459,99,96,508,76,60,350,65,17,95
ALT,2023,7,27,8,15.9,69.5,12.5,10.3,8.17,12.7,36.7,0,964.2,45,0.6,1.8,509,646,141,80,678,233,81,357,58,17,95
ALT,2023,7,27,9,17,62.2,12.1,9.7,7.91,12.8,37.1,0,964.1,337,1.4,3.3,628,637,183,108,605,350,108,368,68,17,95
ALT,2023,7,27,10,18.5,57.4,12.2,9.9,7.98,13.5,38.8,0,963.6,328,1.1,2.9,706,691,159,115,509,419,116,361,61,17,95
ALT,2023,7,27,11,18.9,53.8,11.7,9.3,7.65,13.4,38.4,0,963.3,333,0.8,2.2,548,246,333,163,269,337,156,381,88,17,95
ALT,2023,7,27,12,19.3,56.6,12.7,10.5,8.31,14.1,40.5,0,962.9,339,1.5,2.9,662,330,370,176,228,428,237,389,100,17,95
ALT,2023,7,27,13,20,53.4,12.5,10.2,8.18,14.2,40.9,0,962.6,333,1.2,3.3,679,388,344,163,159,443,366,385,81,17,95
ALT,2023,7,27,14,21.1,52.3,13,11,8.52,15,42.9,0,961.9,328,1.4,2.8,677,546,243,133,132,418,477,379,68,17,95
ALT,2023,7,27,15,20.9,53.2,13.1,11,8.59,15,42.8,0,961.5,324,1.4,2.8,623,652,176,102,102,348,629,378,61,17,95
ALT,2023,7,27,16,22,45.9,12.1,9.8,7.93,14.8,42.3,0,961,360,0.6,1.4,477,563,161,84,84,224,618,377,53,17,95
ALT,2023,7,27,17,22.3,51.1,13.8,11.7,9.06,15.8,45.5,0,960.7,252,1,2.2,288,504,76,93,54,70,546,368,41,17,95
ALT,2023,7,27,18,19.3,68,15,13.3,9.87,15.6,44.4,0,960.7,211,0.8,1.9,75,142,38,69,32,32,174,350,25,17,95
ALT,2023,7,27,19,18.7,65.7,14.1,12.2,9.26,14.8,42.3,0,961,149,1.3,2.5,19,0,19,11,11,11,11,365,13,17,95
ALT,2023,7,27,20,17.3,71.5,14.1,12.1,9.26,14.2,40.8,0,961.4,156,1,2.9,0,0,0,0,0,0,0,359,0,17,95
ALT,2023,7,27,21,16.8,73.7,14.1,12.1,9.26,14,40.3,0,961.5,169,0.8,2.1,0,0,0,0,0,0,0,357,26,17,95
ALT,2023,7,27,22,15.9,78.5,14.1,12.2,9.26,13.7,39.4,0,961.5,180,0.7,1.5,0,0,0,0,0,0,0,356,30,17,95
ALT,2023,7,27,23,14.4,85.4,14,12,9.19,13,37.7,0,961.4,135,0.4,1,0,0,0,0,0,0,0,352,23,17,95
ALT,2023,7,28,0,14,86.7,13.8,11.8,9.06,12.7,37,0,961.1,153,0.6,1.6,0,0,0,0,0,0,0,368,79,17,95
ALT,2023,7,28,1,14.5,84.7,14,12,9.2,13,37.8,0,960.5,156,1.2,2.5,0,0,0,0,0,0,0,368,94,18,95
ALT,2023,7,28,2,14.4,84.4,13.8,11.8,9.07,12.9,37.4,0,960.5,124,0.9,2.3,0,0,0,0,0,0,0,377,94,18,95
ALT,2023,7,28,3,15,83,14.2,12.1,9.33,13.3,38.7,0,961.1,288,1,3.6,0,0,0,0,0,0,0,379,100,18,95
ALT,2023,7,28,4,15.9,80.8,14.6,12.6,9.59,13.9,40.3,0,961.4,158,1.4,2.8,0,0,0,0,0,0,0,381,100,18,95
ALT,2023,7,28,5,15.9,82,14.8,12.8,9.72,14,40.6,0,961.9,149,1,2.7,21,0,21,12,11,11,11,373,75,18,95
ALT,2023,7,28,6,16.4,81.1,15.2,13.2,9.98,14.5,41.8,0,962.1,166,1,2.1,68,0,68,44,42,43,42,376,60,18,95
ALT,2023,7,28,7,18.5,74.1,15.8,13.8,10.38,15.6,44.9,0,962.2,90,0.5,1.3,259,278,140,104,359,88,71,368,58,18,95
ALT,2023,7,28,8,21,66.9,16.7,14.6,10.98,16.9,49,0,962.3,72,0.5,2,381,267,234,114,381,192,109,373,65,18,95
ALT,2023,7,28,9,22.4,63.1,17.1,15,11.26,17.6,51.1,0,962.1,45,0.8,2,612,585,207,110,598,358,110,369,53,18,95
ALT,2023,7,28,10,23,59.1,16.6,14.6,10.92,17.6,50.9,0,961.8,339,1.6,3.3,691,533,263,134,489,448,133,378,64,18,95
ALT,2023,7,28,11,23.9,55.5,16.4,14.5,10.79,17.9,51.5,0,961.7,324,1.5,3.1,539,166,396,193,283,321,182,403,100,18,95
ALT,2023,7,28,12,24.8,55.8,17.4,15.4,11.46,18.7,54.1,0,961.7,297,1.9,4.5,495,151,362,177,218,295,181,407,100,18,95
ALT,2023,7,28,13,25.2,54.8,17.5,15.5,11.53,18.9,54.7,0,961.4,278,1.5,3.8,547,202,374,182,175,332,290,402,94,18,95
ALT,2023,7,28,14,25.9,54.7,18.2,16.1,12.01,19.4,56.7,0,960.9,315,1,2.3,465,156,341,166,159,271,280,405,88,18,95
ALT,2023,7,28,15,25.1,61.8,19.7,17.3,13.02,19.9,58.4,0,960.8,311,1.2,2.3,386,172,264,128,123,221,277,408,88,18,95
ALT,2023,7,28,16,24.3,63.8,19.4,17,12.81,19.4,57,0,961.6,342,3.2,14.6,98,11,93,46,44,49,55,407,100,18,95
ALT,2023,7,28,17,22.6,62.7,17.2,15.1,11.32,17.8,51.5,0,962.3,346,7.3,13.8,81,0,81,42,40,42,40,406,100,18,95
ALT,2023,7,28,18,21.7,70,18.2,16,11.98,18,52.3,0,963,349,2,8.3,44,0,44,23,22,23,22,402,88,18,95
ALT,2023,7,28,19,20,84.9,19.8,17.4,13.05,18.3,53.2,0,963.2,125,2,3.4,16,0,16,8,8,8,8,400,100,18,95
ALT,2023,7,28,20,19.2,88.2,19.6,17.2,12.91,17.9,52.1,0,963.9,164,2,3.3,0,0,0,0,0,0,0,388,75,18,95
ALT,2023,7,28,21,18.5,88.6,18.9,16.6,12.44,17.3,50.1,0,963.6,166,1.8,3.7,0,0,0,0,0,0,0,379,61,18,95
ALT,2023,7,28,22,17.8,90,18.3,16.1,12.04,16.7,48.4,0,963.6,144,0.9,2.2,0,0,0,0,0,0,0,378,65,18,95
ALT,2023,7,28,23,17.7,89.9,18.2,16,11.98,16.6,48.1,0,963.5,153,1.1,2.2,0,0,0,0,0,0,0,385,94,18,95
ALT,2023,7,29,0,17.9,88.6,18.2,16,11.98,16.7,48.4,0,963,164,1,2.4,0,0,0,0,0,0,0,376,78,18,95
ALT,2023,7,29,1,17.6,89.4,18,15.8,11.85,16.5,47.7,0,962.6,169,0.7,2.3,0,0,0,0,0,0,0,377,88,18,95
ALT,2023,7,29,2,17.3,89.4,17.7,15.5,11.65,16.2,46.9,0,962.4,162,1.2,2.3,0,0,0,0,0,0,0,381,94,18,95
ALT,2023,7,29,3,17.7,86,17.4,15.3,11.46,16.2,46.8,0,962,172,1,2,0,0,0,0,0,0,0,386,100,18,95
ALT,2023,7,29,4,18.2,84.4,17.6,15.5,11.58,16.5,47.7,0.1,962.8,331,2,5.3,0,0,0,0,0,0,0,385,81,18,95
ALT,2023,7,29,5,17.6,87.9,17.7,15.6,11.65,16.3,47.2,0,963.1,90,1.3,3.7,21,0,21,12,11,12,11,384,61,18,95
ALT,2023,7,29,6,17.7,89.3,18.1,15.9,11.91,16.5,48,0,963.5,157,0.9,2.5,74,0,74,44,42,44,42,383,68,18,95
ALT,2023,7,29,7,19.2,79.3,17.6,15.5,11.58,16.8,48.7,0,963.2,63,1.1,2.6,290,498,78,90,543,74,57,379,48,18,95
ALT,2023,7,29,8,20.2,77.6,18.3,16.2,12.05,17.6,50.9,0,962.6,56,0.5,1.4,511,666,132,80,689,239,81,384,53,18,95
ALT,2023,7,29,9,20.7,76.4,18.7,16.4,12.32,17.9,52.1,0,962.5,333,1.2,3.1,589,555,204,119,552,333,117,392,65,18,95
ALT,2023,7,29,10,22,68.7,18.2,16,11.99,18.1,52.6,0,962.4,127,0.9,2.3,617,479,235,127,434,391,125,401,75,18,95
ALT,2023,7,29,11,22.6,68.3,18.7,16.5,12.32,18.6,54.1,0,962.6,146,2.4,4.5,198,55,152,75,107,116,70,406,94,18,95
ALT,2023,7,29,12,23.7,64.4,18.8,16.6,12.4,19,55.4,0,962,157,2.6,4.8,503,188,337,169,165,304,215,407,94,18,95
ALT,2023,7,29,13,24.7,58.9,18.3,16.1,12.07,19,55.6,0,961.6,135,1.6,3.9,508,136,391,192,183,297,260,411,100,18,95
ALT,2023,7,29,14,23.6,67.6,19.7,17.3,13,19.4,56.8,0,962.1,327,1.7,3.8,223,3,221,111,105,112,105,410,100,18,95
ALT,2023,7,29,15,23.2,67.2,19.1,16.8,12.59,19,55.4,0,962.9,336,5,11.5,140,0,140,70,67,70,66,410,100,18,95
ALT,2023,7,29,16,22.3,69.1,18.6,16.4,12.25,18.4,53.6,0,963.4,317,4,9.2,89,0,89,45,42,44,42,409,100,18,95
ALT,2023,7,29,17,20.7,80.6,19.6,17.2,12.91,18.4,53.6,1,964.2,333,1.4,4.6,74,4,73,37,35,36,38,408,100,18,95
ALT,2023,7,29,18,19,92.9,20.3,17.8,13.37,18.2,53,3.7,964.7,171,0.9,2.5,49,0,49,27,26,27,25,407,100,18,95
ALT,2023,7,29,19,18.5,94.1,20,17.5,13.17,17.8,52,1.9,964.3,162,1.2,2.5,12,0,12,7,6,6,6,403,94,18,95
ALT,2023,7,29,20,18.5,91.3,19.4,17.1,12.77,17.6,51,0.3,964.7,142,2.9,8.2,0,0,0,0,0,0,0,403,100,18,95
ALT,2023,7,29,21,18,92,19,16.7,12.5,17.2,49.8,0,964.4,159,1,3.8,0,0,0,0,0,0,0,400,100,18,95
ALT,2023,7,29,22,17.7,93.4,18.9,16.6,12.43,17,49.3,0.3,964.3,166,1.1,2.4,0,0,0,0,0,0,0,397,94,18,95
ALT,2023,7,29,23,17.5,92.7,18.6,16.3,12.23,16.7,48.6,0.3,964.3,297,1.1,2.9,0,0,0,0,0,0,0,392,100,18,95
ALT,2023,7,30,0,17.2,94.5,18.6,16.3,12.23,16.6,48.3,0.5,964.4,157,1.3,2.7,0,0,0,0,0,0,0,389,84,18,95
ALT,2023,7,30,1,16.9,95.2,18.3,16.1,12.03,16.4,47.5,0,964.5,135,0.7,1.8,0,0,0,0,0,0,0,389,100,18,95
ALT,2023,7,30,2,17,94.6,18.3,16.1,12.02,16.4,47.5,0.1,964.9,158,0.8,1.9,0,0,0,0,0,0,0,389,100,18,95
ALT,2023,7,30,3,16.6,95.2,18,15.8,11.83,16.1,46.6,0,964.7,90,0.5,1.7,0,0,0,0,0,0,0,389,88,18,95
ALT,2023,7,30,4,16.7,95,18.1,15.9,11.89,16.2,46.9,0.2,964.8,135,0.7,1.8,0,0,0,0,0,0,0,389,100,18,95
ALT,2023,7,30,5,16.8,94.9,18.1,16,11.89,16.3,47,0,965.1,270,1,3.9,6,0,6,3,3,3,3,389,94,18,95
ALT,2023,7,30,6,17.3,94.3,18.6,16.4,12.22,16.7,48.3,0,965.6,131,1.4,2.4,21,0,21,11,10,10,10,389,100,18,95
ALT,2023,7,30,7,17.9,92.6,18.9,16.7,12.41,17.1,49.5,0.3,966,180,0.5,1.6,136,36,122,68,96,61,57,390,94,18,95
ALT,2023,7,30,8,18.3,90.7,19.1,16.8,12.55,17.3,50.2,0.1,966,135,0.4,1.1,207,20,196,99,114,105,92,392,94,18,95
ALT,2023,7,30,9,19,87.8,19.3,16.9,12.68,17.6,51.3,0,965.7,326,0.8,2.3,163,4,161,81,81,82,76,394,100,18,95
ALT,2023,7,30,10,18.5,89.6,19.1,16.8,12.54,17.4,50.4,0.9,966.3,344,0.9,1.8,152,0,152,77,73,76,72,395,100,18,95
ALT,2023,7,30,11,20.1,84.6,19.9,17.4,13.08,18.3,53.4,0,966.5,290,1.8,5.3,212,2,210,106,102,106,99,397,100,18,95
ALT,2023,7,30,12,22.1,67.7,18,15.9,11.81,18.1,52.2,0,966.3,268,3.1,6.1,460,84,387,192,189,260,210,386,94,18,95
ALT,2023,7,30,13,22.9,61.1,17,15,11.14,17.8,51.4,0,966,259,3.2,6.3,358,53,311,155,148,197,173,391,94,18,95
ALT,2023,7,30,14,23.1,59.6,16.8,14.8,11.01,17.8,51.2,0,965.6,277,2,5.7,484,163,357,175,168,282,297,382,75,18,95
ALT,2023,7,30,15,22.7,61.4,16.9,14.9,11.08,17.7,51,0,965.7,291,1.6,4.3,275,25,257,129,123,142,143,393,100,18,95
ALT,2023,7,30,16,22.5,62.1,17,14.9,11.15,17.6,51,0,965.7,287,1.8,4,206,16,197,99,94,103,109,396,100,18,95
ALT,2023,7,30,17,21.9,61.6,16.2,14.2,10.61,17,49,0,965.9,308,2.9,7.3,71,3,70,35,33,35,36,395,100,18,95
ALT,2023,7,30,18,21.3,58.8,14.9,12.9,9.74,16.1,46.2,0,966.4,310,3.6,7.8,60,0,60,32,30,31,30,386,88,18,95
ALT,2023,7,30,19,20.3,63,15,13,9.8,15.8,45.3,0,967,354,1.3,4.3,9,0,9,4,4,4,4,377,88,18,95
ALT,2023,7,30,20,18.1,77.1,16,14,10.46,15.6,44.7,0,967.5,135,1,2.2,0,0,0,0,0,0,0,368,54,18,95
ALT,2023,7,30,21,17.6,78.3,15.7,13.8,10.26,15.3,43.7,0,967.9,153,1,2.5,0,0,0,0,0,0,0,360,45,18,95
ALT,2023,7,30,22,16.8,81.6,15.6,13.6,10.19,14.8,42.7,0,968,157,1.4,2.4,0,0,0,0,0,0,0,363,33,18,95
ALT,2023,7,30,23,15.8,84.5,15.1,13.2,9.85,14.2,40.8,0,968.2,174,1.1,2.8,0,0,0,0,0,0,0,360,29,18,95
ALT,2023,7,31,0,14.5,90.1,14.8,12.9,9.66,13.5,39,0,968.2,143,0.6,1.7,0,0,0,0,0,0,0,339,25,18,95
ALT,2023,7,31,1,14.5,87.4,14.5,12.4,9.46,13.3,38.5,0,967.7,135,0.8,2.1,0,0,0,0,0,0,0,344,13,18,95
ALT,2023,7,31,2,14.3,90.2,14.6,12.7,9.53,13.3,38.5,0,967.4,146,0.7,1.5,0,0,0,0,0,0,0,359,53,18,95
ALT,2023,7,31,3,13.8,92.6,14.6,12.6,9.54,13.1,38,0,966.9,149,0.7,1.5,0,0,0,0,0,0,0,356,41,18,95
ALT,2023,7,31,4,14.1,89.2,14.3,12.3,9.34,13,37.8,0,967.1,127,0.6,1.8,0,0,0,0,0,0,0,372,81,18,95
ALT,2023,7,31,5,14,91.9,14.7,12.7,9.6,13.2,38.3,0,967.4,166,0.6,1.4,8,0,8,4,4,4,4,377,100,18,95
ALT,2023,7,31,6,15.4,90.1,15.7,13.8,10.26,14.4,41.4,0,967.6,146,0.4,1.4,82,0,82,45,43,44,42,378,100,18,95
ALT,2023,7,31,7,16.3,80.4,14.9,12.9,9.73,14.2,41,0,967.4,144,0.9,2.2,207,108,163,99,194,87,79,370,81,18,95
ALT,2023,7,31,8,17.5,75.6,15.1,13.1,9.87,14.8,42.6,0,966.7,333,0.9,2.1,447,457,199,102,547,221,100,362,55,18,95
ALT,2023,7,31,9,19.1,73.9,16.4,14.3,10.74,16.1,46.4,0,966.4,336,1.9,4.2,588,517,232,118,561,359,117,356,43,18,95
ALT,2023,7,31,10,19.8,69.7,16.1,14.1,10.55,16.2,46.7,0,965.7,339,1.8,3.6,783,781,163,113,575,512,117,364,45,18,95
ALT,2023,7,31,11,20.6,65.6,15.9,13.9,10.42,16.4,47.2,0,965,327,3.1,5.4,925,939,120,117,430,628,122,363,40,18,95
ALT,2023,7,31,12,21.8,61,15.9,13.9,10.43,16.8,48.4,0,964.1,328,3.4,5.7,908,900,119,116,181,625,196,367,26,18,95
ALT,2023,7,31,13,22.9,57.5,16.1,14.1,10.57,17.3,49.9,0,963.5,326,3.9,7,834,768,178,120,123,576,422,373,40,18,95
ALT,2023,7,31,14,23.7,54.5,15.9,14,10.44,17.5,50.4,0,963.1,321,4.3,9,743,703,188,116,117,489,554,381,51,18,95
ALT,2023,7,31,15,23,56.2,15.8,13.8,10.38,17.2,49.5,0,962.8,296,3.3,6.6,496,312,280,137,133,297,412,405,100,18,95
ALT,2023,7,31,16,23.2,56.2,16,14,10.49,17.3,50,0,962.3,288,2,5.9,405,350,214,104,102,211,453,402,100,18,95
ALT,2023,7,31,17,22.7,59.5,16.4,14.3,10.77,17.4,50.2,0,962,333,0.8,2,248,247,144,98,72,89,328,399,88,18,95
ALT,2023,7,31,18,21.7,64.8,16.7,14.6,10.98,17.2,49.7,0,961.9,180,1.1,2.5,64,0,64,37,35,37,35,400,71,18,95
ALT,2023,7,31,19,20.9,68.8,16.9,14.9,11.14,17.1,49.4,0,961.8,243,0.6,2.1,16,0,16,9,9,9,9,389,65,18,95
ALT,2023,7,31,20,20.3,72.3,17,15,11.21,16.9,48.8,0,961.9,180,0.8,2.2,0,0,0,0,0,0,0,400,78,18,95
ALT,2023,7,31,21,19.4,77.1,17.2,15.1,11.33,16.7,48.2,0,962.4,121,0.7,2.3,0,0,0,0,0,0,0,400,100,18,95
ALT,2023,7,31,22,18.7,80.6,17.3,15.2,11.36,16.4,47.6,0,962.9,158,1.2,2.7,0,0,0,0,0,0,0,398,100,18,95
ALT,2023,7,31,23,18,84.2,17.3,15.2,11.34,16.2,46.8,0,963.9,138,1.5,3.3,0,0,0,0,0,0,0,395,100,18,95
ALT,2016,8,1,0,17.4,87.2,17.2,15.1,11.3,16,46.1,0,964.8,169,0.6,1.3,0,0,0,0,0,0,0,389,100,20,95
ALT,2016,8,1,1,16.8,90.1,17.2,15.1,11.26,15.7,45.4,0,965.9,153,0.5,1.2,0,0,0,0,0,0,0,388,100,20,95
ALT,2016,8,1,2,16.4,91.5,17,15,11.15,15.5,44.7,0,966.6,180,0.6,1.9,0,0,0,0,0,0,0,388,100,20,95
ALT,2016,8,1,3,16,93,16.9,14.9,11.07,15.3,44.1,0.6,967.5,319,1.3,4.2,0,0,0,0,0,0,0,388,100,20,95
ALT,2016,8,1,4,15.7,93.7,16.8,14.7,10.95,15.1,43.5,0.8,968.1,149,0.8,2.6,3,0,3,1,1,1,1,387,100,20,95
ALT,2016,8,1,5,15.8,92.8,16.6,14.6,10.87,15.1,43.4,0.9,968.4,214,0.6,1.3,43,0,43,23,22,23,22,387,100,20,95
ALT,2016,8,1,6,15.7,92.6,16.5,14.5,10.8,15,43.1,0.5,968.8,198,0.8,1.3,85,0,85,44,42,43,41,388,100,20,95
ALT,2016,8,1,7,16.2,89.9,16.5,14.5,10.79,15.1,43.6,0.2,969,162,0.8,1.5,153,6,149,77,79,78,72,390,100,20,95
ALT,2016,8,1,8,17,85.9,16.6,14.6,10.84,15.5,44.5,0,969.1,164,0.8,1.9,179,2,178,92,89,92,86,392,100,20,95
ALT,2016,8,1,9,17.8,81.2,16.5,14.5,10.77,15.7,45.2,0,969.5,117,0.3,1.2,165,0,165,85,81,84,79,394,100,20,95
ALT,2016,8,1,10,18.1,79.1,16.4,14.4,10.7,15.8,45.3,0,969.7,104,0.5,1.4,156,2,154,79,76,80,74,396,100,20,95
ALT,2016,8,1,11,19,78,17.2,15.1,11.23,16.5,47.6,0,969.5,153,0.8,2,611,271,374,189,206,398,257,394,88,20,95
ALT,2016,8,1,12,20.7,64.5,15.7,13.8,10.24,16.4,46.8,0,969,231,1,3.4,736,512,301,158,157,513,410,383,58,20,95
ALT,2016,8,1,13,21.7,57.4,14.9,12.9,9.72,16.2,46.5,0,968.4,306,1.5,3.8,797,856,125,111,115,525,609,370,36,20,95
ALT,2016,8,1,14,20.9,65.3,16.2,14.1,10.58,16.6,47.9,0,968.2,322,1.9,3.7,488,434,179,113,112,286,426,373,65,20,95
ALT,2016,8,1,15,21.1,59.9,14.9,13,9.72,16.1,45.9,0,968.1,300,2.1,5.7,401,342,211,108,105,215,443,383,75,20,95
ALT,2016,8,1,16,20.7,61.9,15.1,13.1,9.86,16,45.8,0,967.9,230,1,2.8,189,87,151,83,76,90,167,381,94,20,95
ALT,2016,8,1,17,20.3,64,15.2,13.3,9.92,16,45.6,0,968.2,171,0.9,2,70,0,70,41,40,41,39,378,88,20,95
ALT,2016,8,1,18,18.7,73.3,15.8,13.8,10.32,15.7,45,0,968.5,164,1.6,2.9,10,0,10,5,5,5,5,387,94,20,95
ALT,2016,8,1,19,17.7,75.6,15.3,13.3,9.98,15,43.1,0,969.1,169,2.2,4,0,0,0,0,0,0,0,381,88,20,95
ALT,2016,8,1,20,17.1,76.8,15,13,9.78,14.6,42,0,969.2,158,1.8,3.9,0,0,0,0,0,0,0,374,71,20,95
ALT,2016,8,1,21,16.8,76.6,14.6,12.7,9.51,14.3,41,0,969.5,180,1.2,2.8,0,0,0,0,0,0,0,384,81,20,95
ALT,2016,8,1,22,15.7,80.5,14.4,12.4,9.38,13.7,39.5,0,969.3,153,1.3,3.6,0,0,0,0,0,0,0,375,81,20,95
ALT,2016,8,1,23,15.2,81.6,14.1,12.1,9.18,13.4,38.5,0,969,162,1.2,2.7,0,0,0,0,0,0,0,370,54,20,95
ALT,2016,8,2,0,14.2,86,13.9,11.9,9.05,12.8,37.1,0,969.1,159,1.1,2.2,0,0,0,0,0,0,0,371,81,20,95
ALT,2016,8,2,1,13.5,88.1,13.6,11.6,8.86,12.4,35.9,0,968.6,162,0.8,2.1,0,0,0,0,0,0,0,379,94,20,95
ALT,2016,8,2,2,13.4,87.2,13.4,11.3,8.73,12.2,35.5,0,968.5,173,0.9,1.8,0,0,0,0,0,0,0,383,100,20,95
ALT,2016,8,2,3,12.9,89.8,13.4,11.3,8.72,12,35,0,968.9,151,1.1,2.1,0,0,0,0,0,0,0,382,100,20,95
ALT,2016,8,2,4,13.6,88.3,13.7,11.7,8.92,12.5,36.2,0,969.1,159,1,2.1,12,0,12,6,6,6,6,383,100,20,95
ALT,2016,8,2,5,14.3,87,14.2,12.2,9.25,13.1,37.7,0,969.4,153,0.9,1.8,62,0,62,34,32,33,32,381,94,20,95
ALT,2016,8,2,6,15.7,82.7,14.8,12.8,9.64,14,40.2,0,969.5,162,0.4,0.9,215,135,157,92,220,93,77,389,100,20,95
ALT,2016,8,2,7,17.1,76.6,14.9,13,9.71,14.6,41.8,0,969.3,141,0.6,1.4,401,333,216,109,440,219,106,392,94,20,95
ALT,2016,8,2,8,18.6,68.5,14.7,12.7,9.58,15,43,0,969,14,0.6,2.5,406,153,301,152,288,234,144,395,94,20,95
ALT,2016,8,2,9,19.3,67.9,15.3,13.2,9.98,15.5,44.7,0,968.7,326,1.5,2.9,518,208,354,177,331,322,169,396,94,20,95
ALT,2016,8,2,10,20,63.5,14.9,12.9,9.72,15.6,44.8,0,968.4,329,1.9,3.1,554,210,376,189,306,350,180,396,88,20,95
ALT,2016,8,2,11,20.8,62.1,15.3,13.3,9.99,16.1,46.3,0,968.2,335,1.5,2.8,458,81,388,198,205,263,203,405,100,20,95
ALT,2016,8,2,12,22.1,57.3,15.2,13.3,9.92,16.6,47.4,0,968.1,292,1.1,3.9,526,188,366,186,179,327,281,407,88,20,95
ALT,2016,8,2,13,22.7,55,15.2,13.2,9.92,16.8,48.1,0,968.1,326,1.3,2.8,294,72,235,119,114,171,165,407,100,20,95
ALT,2016,8,2,14,22.4,61.4,16.6,14.6,10.85,17.4,50.1,0,968,349,1.1,2.2,159,3,157,81,77,82,79,406,100,20,95
ALT,2016,8,2,15,22.3,59,15.9,13.9,10.38,17,48.8,0,968.3,354,1.1,3.1,134,1,133,69,65,69,66,406,100,20,95
ALT,2016,8,2,16,21.5,72.8,18.5,16.4,12.12,18.2,52.4,0,968,90,0.7,1.8,51,0,51,26,25,26,24,406,100,20,95
ALT,2016,8,2,17,21,73.1,18.1,16,11.85,17.8,51.2,0,968,315,0.8,1.5,27,0,27,14,13,14,13,405,100,20,95
ALT,2016,8,2,18,20.3,74.3,17.7,15.6,11.58,17.3,49.8,0,968.6,319,0.9,3.1,9,0,9,5,5,5,4,404,100,20,95
ALT,2016,8,2,19,19.3,80.5,17.9,15.9,11.71,17.1,49.1,0,968.9,143,0.8,1.9,0,0,0,0,0,0,0,403,100,20,95
ALT,2016,8,2,20,19,82.4,18,15.9,11.78,17,49,0,968.8,135,1.3,2.9,0,0,0,0,0,0,0,401,100,20,95
ALT,2016,8,2,21,18.6,83.5,17.9,15.8,11.71,16.8,48.4,0,969,225,0.5,1.6,0,0,0,0,0,0,0,399,100,20,95
ALT,2016,8,2,22,18,86.5,17.9,15.7,11.71,16.5,47.8,0,969,174,0.9,1.8,0,0,0,0,0,0,0,398,100,20,95
ALT,2016,8,2,23,17.9,87.1,17.8,15.7,11.64,16.5,47.5,0,968.8,135,0.6,1.6,0,0,0,0,0,0,0,396,100,20,95
ALT,2016,8,3,0,17.9,86,17.7,15.5,11.58,16.4,47.3,0,968.7,143,0.7,1.3,0,0,0,0,0,0,0,395,100,20,95
ALT,2016,8,3,1,17.5,88.6,17.7,15.6,11.58,16.3,46.9,0,968.1,153,0.7,1.6,0,0,0,0,0,0,0,392,88,20,95
ALT,2016,8,3,2,17,91.5,17.7,15.6,11.59,16.1,46.4,0,967.9,108,0.6,1.5,0,0,0,0,0,0,0,380,50,20,95
ALT,2016,8,3,3,16.3,91.1,16.9,14.8,11.05,15.4,44.4,0,967.9,148,1.1,2,0,0,0,0,0,0,0,382,46,20,95
ALT,2016,8,3,4,16.3,86.8,16,14.1,10.46,14.9,42.9,0,967.8,129,1.3,3.3,17,0,17,10,10,10,10,378,36,20,95
ALT,2016,8,3,5,15.8,88.7,15.9,13.9,10.39,14.6,42.2,0,967.5,162,1,2.5,54,0,54,39,38,39,38,383,63,20,95
ALT,2016,8,3,6,17.2,84.3,16.5,14.5,10.8,15.5,44.6,0,967,108,0.8,2,283,492,78,75,541,91,59,377,40,20,95
ALT,2016,8,3,7,19.5,76.1,17.3,15.2,11.33,16.8,48.4,0,966.7,6,1,2.3,500,697,116,80,716,249,82,384,55,20,95
ALT,2016,8,3,8,20.7,68.6,16.7,14.7,10.94,16.9,48.6,0,966.2,346,1,2.1,665,810,111,96,709,401,100,382,29,20,95
ALT,2016,8,3,9,22,62.6,16.5,14.5,10.81,17.2,49.6,0,965.8,337,2.1,4,779,829,129,112,586,525,116,368,13,20,95
ALT,2016,8,3,10,22.6,65.9,18.1,15.9,11.88,18.2,52.9,0,965.4,333,2.7,4.2,855,847,136,121,416,605,127,378,23,20,95
ALT,2016,8,3,11,24.4,59.8,18.3,16.1,12.02,18.9,55.2,0,965,331,3.1,5.3,895,887,124,124,194,641,202,394,33,20,95
ALT,2016,8,3,12,25.3,55.4,17.8,15.7,11.69,19,55.2,0,964.8,305,3.4,6.5,810,723,197,132,135,577,421,406,48,20,95
ALT,2016,8,3,13,25.6,54.9,18,15.9,11.83,19.2,55.9,0,964.5,295,3.2,5.8,751,753,166,118,121,508,583,403,44,20,95
ALT,2016,8,3,14,26.2,55,18.7,16.4,12.3,19.7,57.7,0,964.2,296,2.9,5.6,646,752,137,100,103,393,692,398,50,20,95
ALT,2016,8,3,15,25.6,58.1,19.1,16.8,12.57,19.7,57.8,0,964,326,1.1,3.3,193,37,174,89,85,100,122,404,75,20,95
ALT,2016,8,3,16,25.8,57.7,19.2,16.8,12.64,19.8,58.2,0,963.8,256,0.7,2.2,256,324,124,93,65,83,395,401,74,20,95
ALT,2016,8,3,17,24.5,67.8,20.8,18.2,13.72,20.2,59.6,0,964.1,198,0.6,1.5,30,0,30,16,15,15,15,402,94,20,95
ALT,2016,8,3,18,23.1,73.3,20.7,18.1,13.64,19.7,57.9,0,964.4,165,1.6,4.4,7,0,7,4,4,4,4,394,41,20,95
ALT,2016,8,3,19,21.8,74.9,19.5,17.2,12.83,18.8,54.5,0,964.7,145,1.3,3.8,0,0,0,0,0,0,0,353,0,20,95
ALT,2016,8,3,20,20.3,78.3,18.6,16.4,12.22,17.8,51.4,0,965,165,1.3,2.7,0,0,0,0,0,0,0,350,0,20,95
ALT,2016,8,3,21,19.1,81.4,17.9,15.8,11.76,17,49,0,965,157,0.9,1.5,0,0,0,0,0,0,0,346,0,20,95
ALT,2016,8,3,22,18.9,80.9,17.7,15.5,11.62,16.7,48.5,0,965.1,135,0.6,1.6,0,0,0,0,0,0,0,349,0,20,95
ALT,2016,8,3,23,17.7,85.9,17.4,15.3,11.42,16.2,46.7,0,965,162,0.8,1.7,0,0,0,0,0,0,0,345,0,20,95
ALT,2016,8,4,0,17.2,87.9,17.2,15.2,11.29,15.9,45.9,0,964.8,153,0.4,1.3,0,0,0,0,0,0,0,336,0,19,95
ALT,2016,8,4,1,16.2,91.5,16.8,14.8,11.03,15.3,44.2,0,964.5,153,0.5,1.3,0,0,0,0,0,0,0,335,0,19,95
ALT,2016,8,4,2,15.6,92.8,16.5,14.4,10.83,14.9,43.1,0,964.5,169,0.5,1.4,0,0,0,0,0,0,0,335,0,19,95
ALT,2016,8,4,3,15.4,93.7,16.4,14.4,10.76,14.8,42.7,0,964.2,162,0.8,1.8,0,0,0,0,0,0,0,335,0,19,95
ALT,2016,8,4,4,15.1,93.9,16.1,14.1,10.56,14.5,41.9,0,964.3,158,0.7,1.6,14,0,14,8,8,8,8,349,13,19,95
ALT,2016,8,4,5,15.2,92.2,15.9,13.9,10.43,14.4,41.7,0,964.2,162,0.8,1.7,37,0,37,35,34,35,34,348,6,19,95
ALT,2016,8,4,6,16.2,89.9,16.6,14.5,10.9,15.1,43.9,0,963.9,112,0.8,1.8,282,484,82,75,537,93,58,338,0,19,95
ALT,2016,8,4,7,20,75.6,17.7,15.6,11.64,17.2,49.7,0,963.5,27,0.7,1.8,521,761,103,77,765,255,80,339,0,19,95
ALT,2016,8,4,8,21.6,68.4,17.7,15.5,11.64,17.7,51.3,0,963.3,339,1.5,3.4,678,829,114,95,726,411,99,342,0,19,95
ALT,2016,8,4,9,22.5,65.5,17.9,15.7,11.78,18.1,52.6,0,962.9,333,1.9,3.1,782,819,141,111,589,531,116,346,0,19,95
ALT,2016,8,4,10,23.7,62.2,18.3,16,12.06,18.7,54.5,0,962.2,315,1.8,3.6,867,874,127,118,415,615,123,366,25,19,95
ALT,2016,8,4,11,25.3,57.2,18.4,16.2,12.14,19.3,56.4,0,961.5,333,2.4,6.1,891,873,134,122,193,641,202,375,29,19,95
ALT,2016,8,4,12,26.3,54.2,18.5,16.3,12.21,19.7,57.6,0,960.6,329,2.7,6,833,788,167,124,127,594,422,371,39,19,95
ALT,2016,8,4,13,26.9,53.2,18.8,16.6,12.43,20,58.8,0,959.7,332,2.5,4.8,739,694,195,125,126,504,550,394,65,19,95
ALT,2016,8,4,14,26.8,52.9,18.7,16.4,12.37,19.9,58.5,0,959.1,352,1.7,2.9,362,153,255,129,124,212,258,408,88,19,95
ALT,2016,8,4,15,26.4,53.5,18.4,16.2,12.17,19.6,57.6,0,958.5,313,1.9,5.1,251,79,205,104,100,134,177,413,100,19,95
ALT,2016,8,4,16,26.1,53.3,17.9,15.9,11.83,19.4,56.4,0,958.7,319,2.4,7.2,87,23,78,43,38,40,62,415,94,19,95
ALT,2016,8,4,17,24.6,54.3,16.8,14.8,11.09,18.3,53,0,959.4,343,6.1,12.9,43,0,43,22,21,22,21,414,100,19,95
ALT,2016,8,4,18,22.9,55,15.4,13.4,10.13,16.9,48.8,0,960.9,342,7.5,12.8,7,0,7,4,4,4,4,412,100,19,95
ALT,2016,8,4,19,19.6,78.5,17.8,15.8,11.71,17.2,49.4,6.4,963.2,344,7.2,14.8,0,0,0,0,0,0,0,409,100,19,95
ALT,2016,8,4,20,17.8,94.9,19.3,17,12.71,17.3,50.1,7.7,963.9,256,1.4,5.4,0,0,0,0,0,0,0,406,100,19,95
ALT,2016,8,4,21,17.7,85.9,17.4,15.3,11.44,16.2,46.8,6.6,963.8,347,4.8,12.8,0,0,0,0,0,0,0,403,100,19,95
ALT,2016,8,4,22,16.7,90.4,17.2,15.1,11.3,15.7,45.4,1,963.9,360,1.6,8.3,0,0,0,0,0,0,0,400,100,19,95
ALT,2016,8,4,23,16.2,95.5,17.6,15.5,11.57,15.8,45.6,2.8,963.7,284,0.6,1.7,0,0,0,0,0,0,0,397,100,19,95
ALT,2016,8,5,0,16.4,94.2,17.5,15.5,11.5,15.8,45.6,1,963.8,315,1.2,3,0,0,0,0,0,0,0,394,100,19,95
ALT,2016,8,5,1,16.4,86.1,16,14.1,10.5,15,43.1,2.3,963.4,339,5,12.2,0,0,0,0,0,0,0,391,100,19,95
ALT,2016,8,5,2,16,87,15.8,13.8,10.37,14.6,42.3,1,963.5,360,2.1,9.6,0,0,0,0,0,0,0,387,100,19,95
ALT,2016,8,5,3,15.5,94.3,16.6,14.6,10.9,14.9,43.2,2.1,963.9,99,0.9,4.1,0,0,0,0,0,0,0,384,100,19,95
ALT,2016,8,5,4,15.4,90.3,15.8,13.8,10.36,14.4,41.7,1.8,964.2,5,2.8,12.2,8,0,8,4,4,4,4,381,100,19,95
ALT,2016,8,5,5,15.2,80.8,14,11.9,9.15,13.2,38.4,0.6,965.4,7,8,13.9,41,0,41,21,20,21,20,378,100,19,95
ALT,2016,8,5,6,14.9,79.6,13.5,11.4,8.81,12.9,37.3,0,966.6,4,7.8,11.8,59,0,59,30,29,30,28,376,100,19,95
ALT,2016,8,5,7,14.7,77.3,12.9,10.8,8.41,12.4,36,0.1,967.5,10,7.1,11.9,36,0,36,19,18,18,17,376,100,19,95
ALT,2016,8,5,8,15.3,71,12.4,10.1,8.07,12.3,35.8,0,968,5,7,12,70,0,70,36,34,35,33,376,100,19,95
ALT,2016,8,5,9,15.3,72.4,12.6,10.4,8.19,12.5,36.1,0.1,969,3,5.4,8.4,80,0,80,41,39,41,38,376,100,19,95
ALT,2016,8,5,10,15.8,72.7,13,10.9,8.45,12.9,37.3,0,969.5,16,2.8,9.1,115,0,115,59,56,58,55,376,100,19,95
ALT,2016,8,5,11,16.6,74.8,14.1,12.1,9.18,13.9,39.9,0,969.5,9,1.3,4.5,178,0,178,91,86,90,85,376,100,19,95
ALT,2016,8,5,12,17.2,70.8,13.9,11.9,9.05,14,40.2,0,969.7,322,2,4.7,174,0,174,89,84,88,83,376,100,19,95
ALT,2016,8,5,13,17.5,67.6,13.5,11.4,8.78,13.9,39.8,0,969.6,39,1,4.2,138,0,138,70,67,70,66,377,100,19,95
ALT,2016,8,5,14,18.2,61.2,12.8,10.6,8.32,13.7,39.4,0,969.7,323,2.2,5.8,240,24,225,114,108,125,130,377,100,19,95
ALT,2016,8,5,15,17.6,61.1,12.3,10,7.99,13.2,37.9,0,969.9,355,6.5,11.8,66,0,66,33,32,33,31,377,100,19,95
ALT,2016,8,5,16,15.5,74.7,13.2,11,8.58,12.9,37.3,0.6,970.5,355,5,10.9,16,0,16,8,8,8,8,377,100,19,95
ALT,2016,8,5,17,15.5,76.7,13.5,11.4,8.77,13.1,37.8,0,971.2,39,1.8,5.3,7,0,7,4,3,4,3,378,100,19,95
ALT,2016,8,5,18,15.3,79.3,13.7,11.7,8.89,13.2,37.9,0,971.7,153,1.5,3.8,1,0,1,1,0,0,0,377,100,19,95
ALT,2016,8,5,19,14.6,88.3,14.7,12.7,9.55,13.5,38.8,0.1,972.5,111,0.9,3.6,0,0,0,0,0,0,0,376,100,19,95
ALT,2016,8,5,20,14.4,88.6,14.5,12.5,9.41,13.3,38.3,0.7,973.2,174,1.2,2.3,0,0,0,0,0,0,0,375,100,19,95
ALT,2016,8,5,21,13.6,95.7,14.9,12.9,9.67,13.2,38.1,3.9,973.6,90,0.6,2,0,0,0,0,0,0,0,374,100,19,95
ALT,2016,8,5,22,13.5,98.1,15.2,13.2,9.86,13.3,38.5,1.4,973.6,104,0.6,2,0,0,0,0,0,0,0,373,100,19,95
ALT,2016,8,5,23,13.5,97.8,15.1,13.2,9.8,13.3,38.3,0,973.4,90,0.3,1.2,0,0,0,0,0,0,0,372,100,19,95
ALT,2016,8,6,0,13.5,97.8,15.1,13.2,9.8,13.3,38.3,0.3,973.6,124,0.5,1.4,0,0,0,0,0,0,0,372,100,18,95
ALT,2016,8,6,1,13.7,97.4,15.2,13.3,9.86,13.5,38.7,0.7,973.6,270,0.6,1.4,0,0,0,0,0,0,0,372,100,18,95
ALT,2016,8,6,2,13.8,97.2,15.3,13.4,9.93,13.6,39,0,973.7,158,0.7,1.4,0,0,0,0,0,0,0,372,100,18,95
ALT,2016,8,6,3,14,96.7,15.4,13.5,9.99,13.7,39.3,0,973.9,135,0.8,1.8,0,0,0,0,0,0,0,372,100,18,95
ALT,2016,8,6,4,14,95.4,15.2,13.3,9.86,13.6,39,0,974.1,149,0.7,1.6,1,0,1,1,1,1,1,373,100,18,95
ALT,2016,8,6,5,14.2,95.5,15.5,13.5,10.05,13.8,39.7,0,974.6,141,0.7,1.5,39,0,39,20,19,19,18,373,100,18,95
ALT,2016,8,6,6,14.7,93.2,15.6,13.6,10.12,14,40.4,0,974.8,149,0.6,1.3,132,9,128,65,71,66,60,374,100,18,95
ALT,2016,8,6,7,15.5,87.5,15.4,13.4,9.98,14.2,40.8,0,975.1,63,0.4,1.3,278,88,231,115,200,145,108,378,100,18,95
ALT,2016,8,6,8,16.2,83.1,15.3,13.3,9.91,14.4,41.4,0,975.3,315,0.7,2.3,285,26,268,135,151,148,126,381,100,18,95
ALT,2016,8,6,9,17.1,78.4,15.3,13.3,9.91,14.8,42.3,0,975.4,31,0.9,2.4,563,289,337,162,373,363,156,385,81,18,95
ALT,2016,8,6,10,17.5,75.7,15.1,13.2,9.78,14.9,42.4,0,975.5,330,1.5,2.9,543,282,306,157,281,350,150,380,88,18,95
ALT,2016,8,6,11,18.5,73,15.5,13.6,10.05,15.5,44.1,0,975.1,311,1.4,3.5,575,241,367,180,214,371,211,387,81,18,95
ALT,2016,8,6,12,19.9,65.2,15.2,13.2,9.85,15.8,45,0,975,339,1.3,4.1,537,176,390,189,182,331,285,393,100,18,95
ALT,2016,8,6,13,21,62.8,15.6,13.6,10.12,16.4,46.8,0,974.8,340,2.6,6.5,620,403,310,148,145,415,447,389,78,18,95
ALT,2016,8,6,14,21.8,59.5,15.5,13.6,10.05,16.7,47.5,0,974.5,330,3.9,6.7,496,390,242,121,119,301,465,380,68,18,95
ALT,2016,8,6,15,21.6,57.3,14.8,12.8,9.59,16.2,46.1,0,974.6,317,3.6,7.8,503,708,129,77,78,253,742,384,50,18,95
ALT,2016,8,6,16,20.3,60.5,14.4,12.4,9.33,15.5,44.1,0,974.8,286,1.3,4.7,216,344,81,75,57,78,396,387,53,18,95
ALT,2016,8,6,17,19.6,61.7,14.1,12.1,9.13,15.1,42.9,0,975,169,1.1,2.4,45,0,45,33,33,33,32,379,48,18,95
ALT,2016,8,6,18,18.1,66.1,13.7,11.7,8.86,14.3,40.7,0,975.5,256,0.7,2,12,0,12,7,6,7,6,378,35,18,95
ALT,2016,8,6,19,16.7,77,14.6,12.7,9.44,14.3,40.7,0,976.6,150,1.1,2.3,0,0,0,0,0,0,0,366,39,18,95
ALT,2016,8,6,20,16,79.1,14.3,12.4,9.24,13.8,39.5,0,976.9,157,0.8,1.6,0,0,0,0,0,0,0,360,31,18,95
ALT,2016,8,6,21,15.3,82.2,14.2,12.3,9.17,13.5,38.6,0,977.1,146,1.1,2.6,0,0,0,0,0,0,0,358,23,18,95
ALT,2016,8,6,22,14.5,84.8,14,12,9.04,13,37.4,0,977.4,151,1,2.2,0,0,0,0,0,0,0,339,0,18,95
ALT,2016,8,6,23,13.8,86.7,13.7,11.6,8.84,12.5,36.2,0,977.4,162,1,2.2,0,0,0,0,0,0,0,339,0,18,95
ALT,2016,8,7,0,13.1,89.4,13.4,11.4,8.65,12.1,35,0,977.3,171,0.8,1.3,0,0,0,0,0,0,0,321,0,17,95
ALT,2016,8,7,1,12.4,91.9,13.2,11.1,8.52,11.7,34,0,977.1,153,0.7,1.7,0,0,0,0,0,0,0,320,0,17,95
ALT,2016,8,7,2,12.2,91.8,13,10.9,8.39,11.5,33.4,0,977.1,166,0.8,1.5,0,0,0,0,0,0,0,319,0,17,95
ALT,2016,8,7,3,11.6,92.8,12.7,10.5,8.19,11,32.3,0,977.1,158,0.6,1.3,0,0,0,0,0,0,0,317,0,17,95
ALT,2016,8,7,4,11.3,93.5,12.5,10.3,8.06,10.7,31.7,0,977.4,171,0.7,1.5,13,0,13,8,7,8,7,316,0,17,95
ALT,2016,8,7,5,11.4,92.7,12.5,10.3,8.06,10.8,31.8,0,977.3,169,1.1,1.6,39,0,39,32,32,32,32,315,0,17,95
ALT,2016,8,7,6,12.6,90.5,13.2,11.1,8.52,11.7,34.2,0,977.4,90,0.6,1.3,210,337,67,51,382,90,52,316,0,17,95
ALT,2016,8,7,7,15.8,77.4,13.9,11.9,8.98,13.5,38.6,0,977.2,9,0.7,1.7,507,734,110,71,742,255,73,318,0,17,95
ALT,2016,8,7,8,17.6,68.9,13.8,11.8,8.91,14.1,40.3,0,976.7,342,1.1,2.6,662,801,123,87,703,410,90,321,0,17,95
ALT,2016,8,7,9,18.8,65.1,14.1,12.1,9.11,14.8,42,0,976.5,329,2.1,4.9,790,862,121,98,587,537,102,324,0,17,95
ALT,2016,8,7,10,20.2,64.9,15.3,13.4,9.9,16,45.5,0,976.3,330,2.9,5.3,876,911,111,105,403,622,110,327,0,17,95
ALT,2016,8,7,11,21.7,64.4,16.7,14.7,10.83,17.2,49.3,0,975.7,306,2.7,5.2,899,913,114,108,175,648,186,329,0,17,95
ALT,2016,8,7,12,22.8,59.4,16.5,14.5,10.71,17.5,50.2,0,975,303,3.2,5.4,860,872,130,107,110,614,420,332,0,17,95
ALT,2016,8,7,13,23.8,57.1,16.8,14.8,10.91,18,51.7,0,974.5,298,3.1,6.3,762,791,154,102,104,523,586,332,0,17,95
ALT,2016,8,7,14,24.2,56.5,17,15,11.05,18.2,52.5,0,973.9,321,4.3,7.4,646,778,130,87,89,398,703,332,0,17,95
ALT,2016,8,7,15,24.2,56.4,17,15,11.05,18.2,52.5,0,973.7,301,2.9,5.7,505,775,95,67,69,244,773,332,0,17,95
ALT,2016,8,7,16,23.4,57.1,16.4,14.4,10.66,17.6,50.7,0,973.4,261,2.2,5.3,129,182,51,50,50,72,228,333,0,17,95
ALT,2016,8,7,17,22.3,58.6,15.8,13.8,10.26,16.9,48.5,0,973.3,248,1.4,2.9,35,0,35,30,29,30,29,338,0,17,95
ALT,2016,8,7,18,20.8,66.6,16.3,14.4,10.59,16.8,47.8,0,973.6,146,1.3,2.4,11,0,11,6,6,6,6,337,0,17,95
ALT,2016,8,7,19,19.1,74.9,16.6,14.5,10.78,16.2,46.6,0,974.1,157,1.4,2.7,0,0,0,0,0,0,0,331,0,17,95
ALT,2016,8,7,20,18.1,78.6,16.3,14.3,10.58,15.7,45,0,974.2,167,1.4,3.3,0,0,0,0,0,0,0,329,0,17,95
ALT,2016,8,7,21,16.2,87.4,16.1,14.1,10.45,14.9,42.7,0,974.1,158,0.6,1.2,0,0,0,0,0,0,0,327,0,17,95
ALT,2016,8,7,22,16.1,87.1,15.9,14,10.32,14.8,42.3,0,973.9,167,0.9,1.4,0,0,0,0,0,0,0,325,0,17,95
ALT,2016,8,7,23,15.8,87.7,15.7,13.8,10.19,14.6,41.7,0,973.6,173,0.8,1.8,0,0,0,0,0,0,0,323,0,17,95
ALT,2016,8,8,0,14.4,92.5,15.2,13.2,9.87,13.7,39.4,0,973.2,167,1,1.7,0,0,0,0,0,0,0,322,0,16,95
ALT,2016,8,8,1,14.5,90.9,15,13,9.74,13.6,39.2,0,972.8,169,1.1,1.8,0,0,0,0,0,0,0,322,0,16,95
ALT,2016,8,8,2,14,91.8,14.6,12.7,9.48,13.2,38,0,972.5,169,0.6,1.4,0,0,0,0,0,0,0,322,0,16,95
ALT,2016,8,8,3,12.7,95,13.9,11.9,9.02,12.2,35.5,0,972.7,135,0.4,1.7,0,0,0,0,0,0,0,322,0,16,95
ALT,2016,8,8,4,12.6,95.1,13.8,11.8,8.95,12.1,35.3,0,972.9,165,1.2,2,12,0,12,7,7,7,7,322,0,16,95
ALT,2016,8,8,5,13.6,90.9,14.1,12.1,9.15,12.7,36.8,0,972.8,174,1,1.7,39,0,39,31,30,31,30,323,0,16,95
ALT,2016,8,8,6,14.1,88.5,14.2,12.2,9.22,13,37.5,0,972.3,72,0.7,1.2,212,352,64,49,392,87,49,324,0,16,95
ALT,2016,8,8,7,17.5,73.3,14.7,12.7,9.55,14.6,41.8,0,972.2,349,1.1,2.3,515,779,96,65,768,255,67,328,0,16,95
ALT,2016,8,8,8,19.4,64.5,14.5,12.5,9.42,15.2,43.4,0,972.1,354,0.9,2.4,655,795,122,83,696,405,85,332,0,16,95
ALT,2016,8,8,9,20.9,61.2,15.1,13.2,9.82,16.1,46,0,971.8,331,1.4,2.5,767,804,144,96,568,526,100,336,0,16,95
ALT,2016,8,8,10,22,60.8,16.1,14.1,10.48,17,48.8,0,971.2,349,1.6,3.2,874,904,117,101,401,623,105,340,0,16,95
ALT,2016,8,8,11,23.4,60.4,17.4,15.3,11.35,18.2,52.4,0,970.7,342,2,3.6,887,903,113,102,168,640,178,345,0,16,95
ALT,2016,8,8,12,24.4,56.3,17.2,15.1,11.23,18.4,53.1,0,970.2,323,2.8,5.7,855,888,115,99,102,608,409,351,0,16,95
ALT,2016,8,8,13,25.4,53.4,17.3,15.2,11.3,18.8,54.3,0,969.6,293,3.4,6.7,753,794,143,95,98,515,574,350,13,16,95
ALT,2016,8,8,14,25.3,55.5,17.9,15.8,11.71,19.1,55.3,0,969,297,3.5,7.3,588,608,187,96,96,369,606,364,33,16,95
ALT,2016,8,8,15,25.3,54.4,17.5,15.4,11.44,18.8,54.6,0,968.6,286,2.1,7.4,425,508,149,80,79,222,547,370,48,16,95
ALT,2016,8,8,16,24.8,53.5,16.7,14.7,10.91,18.3,52.7,0,968.5,286,2,4.8,167,91,128,68,65,84,159,389,61,16,95
ALT,2016,8,8,17,24.2,56.4,17,15,11.11,18.2,52.6,0,968.6,315,1.3,4.3,50,0,50,25,24,25,24,399,81,16,95
ALT,2016,8,8,18,22.2,69.7,18.6,16.4,12.18,18.4,53.3,0,968.8,146,1.1,2,1,0,1,0,0,0,0,413,100,16,95
ALT,2016,8,8,19,20.9,75.3,18.6,16.4,12.17,18,51.9,0,969.3,172,1.1,2.5,0,0,0,0,0,0,0,411,100,16,95
ALT,2016,8,8,20,20.7,75.5,18.4,16.2,12.04,17.8,51.4,0,969.2,169,1.6,2.5,0,0,0,0,0,0,0,408,100,16,95
ALT,2016,8,8,21,20.5,74.8,18.1,15.9,11.84,17.5,50.7,0,969.3,148,1.5,2.8,0,0,0,0,0,0,0,405,100,16,95
ALT,2016,8,8,22,19.6,80.4,18.3,16.1,11.97,17.3,50.1,0,969.1,149,0.9,2.3,0,0,0,0,0,0,0,393,94,16,95
ALT,2016,8,8,23,19.3,82.2,18.4,16.2,12.04,17.3,50,0,968.9,180,0.5,1.4,0,0,0,0,0,0,0,387,94,16,95
ALT,2016,8,9,0,18.7,86.6,18.6,16.4,12.18,17.2,49.7,0,968.8,180,0.7,1.5,0,0,0,0,0,0,0,393,94,16,96
ALT,2016,8,9,1,18.6,87.6,18.8,16.5,12.31,17.2,49.9,0,968.5,153,0.8,1.9,0,0,0,0,0,0,0,398,100,16,96
ALT,2016,8,9,2,18.6,88.1,18.8,16.6,12.32,17.3,49.9,0,968.3,150,1.1,2,0,0,0,0,0,0,0,395,94,16,96
ALT,2016,8,9,3,18.3,90.4,19,16.7,12.45,17.3,50,0.1,968.1,149,0.9,1.9,0,0,0,0,0,0,0,397,100,16,96
ALT,2016,8,9,4,18.4,91.9,19.4,17.1,12.72,17.6,50.7,0.1,968.1,143,0.8,2.4,7,0,7,3,3,3,3,397,100,16,96
ALT,2016,8,9,5,18.8,90.6,19.6,17.2,12.85,17.8,51.5,0,968.2,153,1.2,2.7,21,0,21,11,10,10,10,397,100,16,96
ALT,2016,8,9,6,19.4,83.3,18.7,16.5,12.25,17.5,50.6,0,968.3,312,2,7.9,143,31,130,68,98,73,64,391,88,16,96
ALT,2016,8,9,7,19.9,75.4,17.5,15.4,11.45,17,49.1,0,968.3,323,4.6,9.7,244,71,207,101,169,123,94,396,100,16,96
ALT,2016,8,9,8,19.8,71.9,16.6,14.6,10.84,16.5,47.4,0,968.7,332,6.8,11.7,137,5,133,66,67,68,61,396,100,16,96
ALT,2016,8,9,9,18.8,69.9,15.2,13.2,9.91,15.4,44,0,969,332,7,12.4,162,0,162,80,76,79,74,396,100,16,96
ALT,2016,8,9,10,18.2,73.2,15.3,13.3,9.98,15.2,43.6,0,969.1,338,5.6,9.3,104,0,104,51,48,51,47,396,100,16,96
ALT,2016,8,9,11,17.7,79.7,16.1,14.2,10.51,15.5,44.4,0.1,968.9,353,2.9,6.5,108,0,108,53,50,53,50,396,100,16,96
ALT,2016,8,9,12,17.5,78.8,15.7,13.8,10.24,15.2,43.5,0.3,968.9,354,3.2,6.6,72,0,72,36,34,35,33,395,100,16,96
ALT,2016,8,9,13,16.4,87.3,16.3,14.3,10.64,15.1,43.4,3.3,969.5,332,2.3,9.1,63,0,63,31,30,31,29,393,100,16,96
ALT,2016,8,9,14,15.7,86.4,15.4,13.4,10.04,14.3,41.2,3.1,969.5,333,5.3,9.3,130,0,130,64,61,64,60,391,100,16,96
ALT,2016,8,9,15,16.1,82.3,15.1,13.1,9.84,14.3,41.1,0.1,969.5,339,3.5,8.5,47,0,47,23,22,23,22,389,100,16,96
ALT,2016,8,9,16,15.7,82.6,14.7,12.7,9.58,13.9,40,0,969.3,344,3.8,7.8,47,0,47,23,22,23,22,387,100,16,96
ALT,2016,8,9,17,15.4,81.4,14.2,12.2,9.25,13.5,38.9,0,969.3,340,4.5,8.7,7,0,7,3,3,3,3,385,100,16,96
ALT,2016,8,9,18,14.6,84.7,14.1,12.1,9.18,13.1,37.9,0,969.3,334,5.4,9,1,0,1,0,0,0,0,382,100,16,96
ALT,2016,8,9,19,14.1,85.8,13.8,11.8,8.98,12.7,36.9,0.1,969.7,348,5.6,9.8,0,0,0,0,0,0,0,380,100,16,96
ALT,2016,8,9,20,14.3,78,12.7,10.5,8.25,12.1,35.2,0.1,969.7,343,3.5,7.7,0,0,0,0,0,0,0,378,100,16,96
ALT,2016,8,9,21,14.1,77.7,12.5,10.3,8.12,11.9,34.7,0,969.9,353,3.5,8,0,0,0,0,0,0,0,376,100,16,96
ALT,2016,8,9,22,12.9,90.1,13.4,11.3,8.71,12,35,0.4,969.8,146,0.9,1.9,0,0,0,0,0,0,0,374,100,16,96
ALT,2016,8,9,23,12.4,95.6,13.7,11.7,8.91,12,35,0.3,970,146,0.9,2.6,0,0,0,0,0,0,0,372,100,16,96
ALT,2016,8,10,0,12.2,95.3,13.6,11.5,8.85,11.8,34.6,0.6,969.2,129,0.7,2,0,0,0,0,0,0,0,371,100,16,96
ALT,2016,8,10,1,12.2,95.2,13.5,11.5,8.79,11.8,34.4,0.2,968.7,171,0.6,1.4,0,0,0,0,0,0,0,370,100,16,96
ALT,2016,8,10,2,12,96.6,13.5,11.5,8.79,11.7,34.2,0,968.7,198,0.4,1.3,0,0,0,0,0,0,0,369,100,16,96
ALT,2016,8,10,3,12.1,96,13.6,11.5,8.86,11.8,34.5,0,968.6,159,0.9,1.8,0,0,0,0,0,0,0,369,100,16,96
ALT,2016,8,10,4,12.1,96.9,13.7,11.6,8.92,11.8,34.7,0.4,969.1,45,0.2,1,3,0,3,2,2,2,1,368,100,16,96
ALT,2016,8,10,5,12.2,96.5,13.7,11.7,8.92,11.9,34.8,0.7,969.1,157,0.9,1.6,42,0,42,21,20,21,19,367,100,16,96
ALT,2016,8,10,6,12.8,91.6,13.5,11.5,8.79,12,35,0,969.3,360,0.4,1,196,122,145,71,197,95,67,363,81,16,96
ALT,2016,8,10,7,13.4,88.2,13.6,11.5,8.85,12.3,35.8,0,969.2,18,0.5,1.5,160,7,157,77,80,78,72,360,100,16,96
ALT,2016,8,10,8,14.7,83.8,14,12,9.12,13.1,37.8,0,968.9,135,1,2.8,157,3,155,76,75,77,71,369,100,16,96
ALT,2016,8,10,9,15.5,77.3,13.7,11.5,8.92,13.1,38.1,0.1,969,21,2.7,7.5,66,0,66,33,31,32,30,370,100,16,96
ALT,2016,8,10,10,14.9,76.7,13,10.8,8.46,12.5,36.4,0,969,113,2,5.5,319,115,222,105,159,198,99,371,100,16,96
ALT,2016,8,10,11,16,67.8,12.4,10.1,8.06,12.6,36.5,0,968.9,166,1.2,3.1,70,0,70,34,32,34,32,372,100,16,96
ALT,2016,8,10,12,14.4,69.5,11.4,8.9,7.4,11.3,33.2,0,969.4,345,6,11.9,40,0,40,20,19,19,18,372,100,16,96
ALT,2016,8,10,13,14.5,74.1,12.2,9.9,7.93,11.9,34.6,0,969.7,347,2.1,6,63,0,63,31,29,31,29,371,100,16,96
ALT,2016,8,10,14,14.9,73.3,12.4,10.2,8.06,12.2,35.4,0,969.5,68,0.7,2.6,69,0,69,34,32,34,32,366,100,16,96
ALT,2016,8,10,15,14.3,79,12.9,10.7,8.39,12.2,35.6,0,969.7,243,0.7,2.1,29,0,29,14,14,14,13,369,100,16,96
ALT,2016,8,10,16,13.5,86.6,13.4,11.3,8.71,12.2,35.6,0.2,970,127,0.7,1.4,43,0,43,21,20,21,20,368,100,16,96
ALT,2016,8,10,17,12.9,90.7,13.4,11.4,8.71,12,34.9,0.5,970.8,338,0.8,3.8,39,0,39,20,19,20,18,367,100,16,96
ALT,2016,8,10,18,11.8,87.3,12.1,9.8,7.85,10.7,31.7,2.2,971.3,288,2.6,8,2,0,2,1,1,1,1,366,100,16,96
ALT,2016,8,10,19,11.4,92.2,12.4,10.2,8.04,10.7,31.7,0.3,971.7,162,1.4,3,0,0,0,0,0,0,0,364,100,16,96
ALT,2016,8,10,20,11.2,92.8,12.3,10.1,7.97,10.6,31.4,0.1,972,146,1.3,3.3,0,0,0,0,0,0,0,362,100,16,96
ALT,2016,8,10,21,11,92.6,12.2,9.8,7.91,10.3,31,0,971.9,132,1.5,3.1,0,0,0,0,0,0,0,361,100,16,96
ALT,2016,8,10,22,10.8,95.3,12.4,10.1,8.04,10.4,31.1,0,971.7,146,0.8,1.9,0,0,0,0,0,0,0,359,100,16,96
ALT,2016,8,10,23,10.8,96.5,12.5,10.3,8.1,10.5,31.3,0.7,971.9,180,1,2,0,0,0,0,0,0,0,357,100,16,96
ALT,2016,8,11,0,10.5,97.8,12.4,10.2,8.04,10.3,30.8,8.8,972.2,138,1.4,2.4,0,0,0,0,0,0,0,356,100,17,96
ALT,2016,8,11,1,10.6,96.4,12.3,10.1,7.97,10.3,30.7,0.1,972.2,207,1.1,2,0,0,0,0,0,0,0,355,100,17,96
ALT,2016,8,11,2,10.4,96.6,12.2,9.9,7.9,10.1,30.4,0,972.3,153,0.7,1.5,0,0,0,0,0,0,0,355,100,17,96
ALT,2016,8,11,3,9.8,97.7,11.8,9.5,7.64,9.6,29.1,0,972.4,108,0.5,1.1,0,0,0,0,0,0,0,354,100,17,96
ALT,2016,8,11,4,9.9,95.5,11.6,9.2,7.51,9.5,28.9,0,972.6,173,0.8,1.4,9,0,9,5,4,4,4,349,94,17,96
ALT,2016,8,11,5,9.5,97,11.5,9,7.44,9.2,28.3,0,973,117,0.3,1.2,38,0,38,31,31,31,31,320,50,17,96
ALT,2016,8,11,6,10.1,95.4,11.8,9.4,7.63,9.7,29.4,0,973.3,129,0.7,1.8,216,236,118,66,305,106,64,317,53,17,96
ALT,2016,8,11,7,12.3,84.2,12,9.7,7.76,10.8,32,0,973.3,31,1.1,2.5,507,747,112,71,756,272,73,326,40,17,96
ALT,2016,8,11,8,13.7,76.2,11.9,9.6,7.7,11.4,33.2,0,973.1,343,1.3,3.3,650,760,145,91,690,425,93,327,45,17,96
ALT,2016,8,11,9,14.9,72.4,12.3,10,7.96,12.1,35.1,0,973,333,1.5,3.6,618,392,317,149,434,422,145,349,58,17,96
ALT,2016,8,11,10,16.4,65.9,12.3,10,7.97,12.7,36.7,0,972.6,319,2.4,6.8,682,432,323,156,361,483,152,337,60,17,96
ALT,2016,8,11,11,17.8,56.7,11.5,9.1,7.44,12.8,36.8,0,972.3,327,4.1,7.1,740,521,297,152,202,533,234,347,61,17,96
ALT,2016,8,11,12,18,54.1,11.1,8.6,7.19,12.7,36.3,0,971.9,329,5.4,8.3,790,676,234,128,129,581,434,341,48,17,96
ALT,2016,8,11,13,17.7,54.9,11.1,8.5,7.19,12.5,36,0,972,327,5.8,9.3,741,742,178,107,109,527,573,337,50,17,96
ALT,2016,8,11,14,17.8,53.7,10.9,8.3,7.06,12.5,35.8,0,971.8,329,5.8,9.4,449,257,279,134,129,276,362,336,68,17,96
ALT,2016,8,11,15,17.6,53.2,10.7,8,6.92,12.2,35.2,0,971.9,323,4.2,7.2,349,267,206,100,97,195,362,341,71,17,96
ALT,2016,8,11,16,17.7,53.2,10.8,8.1,6.99,12.3,35.5,0,971.8,324,3.7,7.5,120,0,120,70,68,70,67,343,71,17,96
ALT,2016,8,11,17,17.1,59.4,11.6,9.1,7.51,12.6,36.2,0,972.1,297,1.5,3.4,60,0,60,32,30,32,30,345,81,17,96
ALT,2016,8,11,18,15.7,70.6,12.6,10.4,8.16,12.6,36.4,0,972.7,130,1,2.1,6,0,6,3,3,3,3,360,81,17,96
ALT,2016,8,11,19,14.3,74.9,12.2,9.9,7.9,11.8,34.3,0,973.3,159,1.4,2.7,0,0,0,0,0,0,0,361,74,17,96
ALT,2016,8,11,20,13.6,77.7,12.1,9.8,7.82,11.5,33.4,0,974.1,145,1.3,2,0,0,0,0,0,0,0,354,81,17,96
ALT,2016,8,11,21,13.4,77.6,12,9.6,7.76,11.3,33.1,0,974.2,145,1.2,2.8,0,0,0,0,0,0,0,361,78,17,96
ALT,2016,8,11,22,12.5,82.1,11.9,9.5,7.69,10.8,32,0,974.1,170,1.1,2.5,0,0,0,0,0,0,0,353,74,17,96
ALT,2016,8,11,23,12.1,86.3,12.2,9.9,7.89,10.9,32.1,0,974.5,225,0.2,1.4,0,0,0,0,0,0,0,365,100,17,96
ALT,2016,8,12,0,12.4,88.3,12.7,10.5,8.21,11.3,33.2,0,974.6,153,0.7,1.8,0,0,0,0,0,0,0,365,100,20,96
ALT,2016,8,12,1,12.6,85.4,12.5,10.2,8.08,11.2,33.1,0,974.6,150,0.9,2.1,0,0,0,0,0,0,0,366,100,20,96
ALT,2016,8,12,2,12.8,84,12.4,10.2,8.01,11.3,33.1,0,974.7,143,1.1,2.2,0,0,0,0,0,0,0,366,100,20,96
ALT,2016,8,12,3,12.7,86.3,12.7,10.5,8.21,11.4,33.5,0,975,153,0.9,1.8,0,0,0,0,0,0,0,367,100,20,96
ALT,2016,8,12,4,12.8,88.2,13,10.9,8.4,11.7,34.1,0,975.7,135,0.4,1.3,8,0,8,4,4,4,4,368,94,20,96
ALT,2016,8,12,5,12.9,91.3,13.6,11.5,8.79,12.1,35.2,0,975.8,122,1,2.5,67,0,67,38,36,37,35,366,100,20,96
ALT,2016,8,12,6,13.7,84.5,13.3,11.1,8.59,12.2,35.5,0,976.1,169,0.7,2.6,148,27,137,72,97,77,68,371,94,20,96
ALT,2016,8,12,7,14.9,78.6,13.3,11.2,8.59,12.7,36.7,0,976.4,135,0.9,1.8,145,4,143,74,74,75,69,375,100,20,96
ALT,2016,8,12,8,15.4,73.7,12.9,10.7,8.32,12.7,36.5,0,976.8,90,0.4,1.2,305,49,273,141,179,168,132,380,100,20,96
ALT,2016,8,12,9,16.5,68.7,12.9,10.7,8.33,13.1,37.7,0,976.6,180,0.6,1.7,364,61,319,164,205,206,154,384,94,20,96
ALT,2016,8,12,10,17.3,64.4,12.7,10.5,8.2,13.3,38.2,0,976.3,166,1.3,2.6,237,2,235,122,117,123,114,388,100,20,96
ALT,2016,8,12,11,17.9,61.2,12.6,10.3,8.13,13.5,38.6,0,976.3,186,1,2.3,248,1,247,128,122,128,120,392,100,20,96
ALT,2016,8,12,12,18.2,63.3,13.2,11.1,8.53,14,39.9,0,975.9,315,0.5,2,351,27,329,170,162,190,176,392,100,20,96
ALT,2016,8,12,13,19.1,61.9,13.7,11.6,8.86,14.6,41.7,0,975.5,297,0.6,2.2,670,582,233,132,132,486,530,375,56,20,96
ALT,2016,8,12,14,19.6,64,14.6,12.6,9.46,15.3,43.7,0,974.9,305,1.4,2.8,555,532,208,114,114,375,569,366,23,20,96
ALT,2016,8,12,15,18.8,69.3,15.1,13.1,9.79,15.3,43.7,0,974.9,270,0.9,2.1,477,716,112,77,79,262,746,355,25,20,96
ALT,2016,8,12,16,19.1,67.8,15,13,9.72,15.4,43.9,0,974.9,247,0.9,2,44,0,44,56,57,56,57,346,6,20,96
ALT,2016,8,12,17,17.6,77.1,15.5,13.5,10.05,15.1,43.2,0,974.9,180,0.9,1.9,37,0,37,30,30,30,30,353,6,20,96
ALT,2016,8,12,18,17.1,76.2,14.8,12.9,9.59,14.5,41.5,0,975.1,149,1.2,2.6,6,0,6,3,3,3,3,358,0,20,96
ALT,2016,8,12,19,16.2,78.6,14.5,12.5,9.39,14,40,0,975.4,155,1.5,2.9,0,0,0,0,0,0,0,356,0,20,96
ALT,2016,8,12,20,15.4,81,14.2,12.2,9.19,13.5,38.7,0,975.5,158,1.2,2.3,0,0,0,0,0,0,0,353,0,20,96
ALT,2016,8,12,21,14,86.4,13.8,11.8,8.93,12.7,36.6,0,975.3,153,0.5,1.4,0,0,0,0,0,0,0,349,0,20,96
ALT,2016,8,12,22,13.1,90.5,13.6,11.6,8.8,12.2,35.4,0,975.1,166,0.9,1.5,0,0,0,0,0,0,0,344,0,20,96
ALT,2016,8,12,23,12.6,91.9,13.4,11.3,8.67,11.9,34.5,0,975,171,0.7,1.6,0,0,0,0,0,0,0,340,0,20,96
ALT,2016,8,13,0,12.6,91.6,13.4,11.3,8.67,11.9,34.5,0,974.9,162,0.8,1.5,0,0,0,0,0,0,0,326,0,18,96
ALT,2016,8,13,1,11.5,95.3,12.9,10.8,8.34,11.1,32.6,0,974.6,171,1.3,1.9,0,0,0,0,0,0,0,325,0,18,96
ALT,2016,8,13,2,11.7,94.1,13,10.8,8.41,11.2,33,0,974.2,169,1.1,1.9,0,0,0,0,0,0,0,325,0,18,96
ALT,2016,8,13,3,11.4,94.7,12.8,10.6,8.28,10.9,32.3,0,974,164,0.8,1.3,0,0,0,0,0,0,0,324,0,18,96
ALT,2016,8,13,4,11,95.9,12.6,10.4,8.15,10.7,31.6,0,974,172,0.7,1.4,10,0,10,6,5,6,5,324,13,18,96
ALT,2016,8,13,5,10.8,95.6,12.3,10.1,7.95,10.4,30.9,0,974.1,164,0.8,1.3,38,0,38,30,30,30,30,323,0,18,96
ALT,2016,8,13,6,12.4,93.1,13.4,11.3,8.68,11.8,34.4,0,974.1,121,0.6,1.3,201,333,65,50,379,95,51,324,0,18,96
ALT,2016,8,13,7,16.1,81.2,14.9,12.9,9.66,14.2,40.6,0,974.2,360,1,2,487,729,106,70,737,268,71,328,0,18,96
ALT,2016,8,13,8,17.5,74,14.8,12.8,9.59,14.6,41.9,0,974.3,347,1.4,2.5,638,778,126,87,690,424,90,332,0,18,96
ALT,2016,8,13,9,19.1,65.3,14.5,12.4,9.4,15,43,0,974,333,1.4,2.6,767,849,122,99,580,554,103,337,0,18,96
ALT,2016,8,13,10,20.3,63.2,15.1,13.1,9.8,15.8,45.3,0,973.7,325,1.3,3,851,893,115,106,400,640,111,341,0,18,96
ALT,2016,8,13,11,21.5,62.9,16.1,14.1,10.46,16.8,48.2,0,973.2,337,1.6,2.9,869,885,122,109,176,662,189,345,0,18,96
ALT,2016,8,13,12,22.6,58.5,16.1,14.1,10.47,17.2,49.4,0,972.6,335,2.2,3.7,834,860,129,106,110,627,421,348,0,18,96
ALT,2016,8,13,13,23.7,55.9,16.3,14.4,10.61,17.7,50.8,0,972.1,330,2.4,4,740,794,143,100,103,535,584,349,13,18,96
ALT,2016,8,13,14,24.3,56.5,17.2,15.1,11.21,18.3,53,0,971.9,335,1.8,3.7,560,565,190,103,102,371,567,380,65,18,96
ALT,2016,8,13,15,24.7,55.1,17.1,15.1,11.14,18.5,53.2,0,972,319,1.5,4.8,464,704,110,69,70,249,726,375,35,18,96
ALT,2016,8,13,16,23.3,59.2,16.9,14.9,11.01,17.9,51.4,0,971.9,270,1.1,2.1,37,0,37,47,47,47,48,353,0,18,96
ALT,2016,8,13,17,20.7,72.1,17.5,15.5,11.41,17.4,49.8,0,971.9,176,1.4,2.2,36,0,36,28,27,27,27,354,19,18,96
ALT,2016,8,13,18,19.7,75.3,17.3,15.2,11.27,16.8,48.4,0,972.2,143,1.5,3.3,6,0,6,3,3,3,3,353,6,18,96
ALT,2016,8,13,19,19,77.4,17,15,11.07,16.5,47.2,0,972.4,167,1.4,2.3,0,0,0,0,0,0,0,351,0,18,96
ALT,2016,8,13,20,18.4,78.7,16.6,14.6,10.8,16,45.9,0,972.7,162,1.1,1.8,0,0,0,0,0,0,0,348,0,18,96
ALT,2016,8,13,21,17.5,82.4,16.5,14.5,10.73,15.6,44.8,0,972.8,169,1.1,1.8,0,0,0,0,0,0,0,346,0,18,96
ALT,2016,8,13,22,17,83.7,16.2,14.2,10.54,15.3,43.8,0,972.6,167,1,1.7,0,0,0,0,0,0,0,349,16,18,96
ALT,2016,8,13,23,16.4,85.6,15.9,14,10.34,14.9,42.7,0,972.5,174,0.9,1.5,0,0,0,0,0,0,0,340,0,18,96
ALT,2016,8,14,0,15.5,89.5,15.7,13.8,10.21,14.5,41.4,0,972.3,180,0.6,1.3,0,0,0,0,0,0,0,347,25,17,96
ALT,2016,8,14,1,14.9,91.9,15.6,13.6,10.14,14.1,40.6,0,972.2,149,0.7,2,0,0,0,0,0,0,0,367,63,17,96
ALT,2016,8,14,2,14.1,94.3,15.2,13.2,9.88,13.6,39.1,0,972.2,163,1.1,1.8,0,0,0,0,0,0,0,346,16,17,96
ALT,2016,8,14,3,14.4,91.5,15,13,9.75,13.6,39.1,0,971.8,158,1.1,1.6,0,0,0,0,0,0,0,338,0,17,96
ALT,2016,8,14,4,14.5,90.1,14.9,12.9,9.69,13.5,39.1,0,971.7,167,1.3,2.2,10,0,10,5,5,5,5,338,13,17,96
ALT,2016,8,14,5,14.8,88,14.9,12.8,9.69,13.6,39.4,0,971.8,180,0.9,1.6,39,0,39,29,28,29,28,337,6,17,96
ALT,2016,8,14,6,15.1,90.9,15.6,13.6,10.15,14.2,40.8,0,971.9,27,0.4,1.3,199,339,62,47,379,93,47,339,0,17,96
ALT,2016,8,14,7,19.1,79.2,17.5,15.4,11.4,16.7,48.1,0,972,346,0.9,2,485,742,99,64,740,265,66,342,0,17,96
ALT,2016,8,14,8,20.8,72.6,17.8,15.7,11.6,17.5,50.4,0,971.9,340,1.2,2.6,627,758,129,83,671,418,86,346,13,17,96
ALT,2016,8,14,9,22.2,64.3,17.2,15.1,11.21,17.6,50.8,0,971.6,323,1.2,2.4,762,838,127,94,575,551,97,349,19,17,96
ALT,2016,8,14,10,23.5,63.4,18.3,16.2,11.95,18.7,54,0,971.1,346,1.7,3.7,835,867,123,100,392,628,104,353,0,17,96
ALT,2016,8,14,11,24.1,63.1,19,16.6,12.42,19.1,55.9,0,970.5,342,1.7,2.8,850,845,139,104,173,649,187,357,0,17,96
ALT,2016,8,14,12,25.6,58.5,19.2,16.9,12.56,19.8,57.8,0,969.9,332,1.8,3.5,839,884,118,99,102,630,416,371,0,17,96
ALT,2016,8,14,13,26.9,53,18.7,16.5,12.23,20,58.3,0,969.6,302,2.6,6.8,733,792,140,94,96,529,574,376,13,17,96
ALT,2016,8,14,14,26.6,53.8,18.6,16.5,12.17,19.9,57.8,0,969.4,300,3.6,6.9,604,719,141,85,86,399,663,383,41,17,96
ALT,2016,8,14,15,26.4,56.1,19.2,16.9,12.57,20,58.6,0,969.1,289,2.4,6.2,424,580,140,75,75,227,627,385,41,17,96
ALT,2016,8,14,16,26,57.7,19.4,17,12.71,20,58.5,0,969,261,0.8,3.3,42,0,42,46,46,46,46,390,33,17,96
ALT,2016,8,14,17,24.2,68.8,20.8,18.1,13.64,20.1,59.1,0,969.1,141,1.4,2.8,53,0,53,29,28,29,27,410,68,17,96
ALT,2016,8,14,18,23.5,71.7,20.8,18.1,13.64,19.9,58.3,0,969.5,158,1.7,3.8,0,0,0,0,0,0,0,418,100,17,96
ALT,2016,8,14,19,22.1,79,20.9,18.3,13.7,19.5,57,0,970,158,2.2,3.8,0,0,0,0,0,0,0,413,78,17,96
ALT,2016,8,14,20,20.2,88.7,21,18.3,13.76,18.9,55.2,0,970.2,156,1.5,3,0,0,0,0,0,0,0,377,25,17,96
ALT,2016,8,14,21,19.4,90.1,20.3,17.7,13.29,18.3,53.2,0,970.4,163,1.1,2.2,0,0,0,0,0,0,0,364,23,17,96
ALT,2016,8,14,22,19.2,90.8,20.1,17.7,13.15,18.2,52.7,0,970.5,148,1,2.2,0,0,0,0,0,0,0,379,48,17,96
ALT,2016,8,14,23,18.9,91.6,20,17.5,13.09,18,52.2,0,970.3,172,0.9,2,0,0,0,0,0,0,0,363,33,17,96
ALT,2016,8,15,0,17.9,93.2,19.1,16.8,12.49,17.2,49.7,0,970,174,0.9,1.7,0,0,0,0,0,0,0,367,43,17,96
ALT,2016,8,15,1,17.8,91.5,18.6,16.4,12.17,16.9,48.7,0,969.5,167,1.1,2.6,0,0,0,0,0,0,0,353,0,17,96
ALT,2016,8,15,2,17.5,89.7,18,15.8,11.77,16.4,47.4,0,969.3,153,0.7,1.8,0,0,0,0,0,0,0,347,0,17,96
ALT,2016,8,15,3,15.9,94.4,17.1,15,11.17,15.3,44.2,0,969.3,243,0.3,1.3,0,0,0,0,0,0,0,353,0,17,96
ALT,2016,8,15,4,15.8,94.6,17,14.9,11.1,15.2,44,0,969.7,141,0.7,1.3,10,0,10,5,5,5,5,366,35,17,96
ALT,2016,8,15,5,16,93.6,17,15,11.1,15.4,44.2,0,969.8,148,1,1.4,44,0,44,30,29,30,29,364,43,17,96
ALT,2016,8,15,6,17.4,90.5,17.9,15.8,11.7,16.4,47.1,0,969.8,127,0.6,1.2,226,289,115,59,356,107,57,378,68,17,96
ALT,2016,8,15,7,20.1,81.2,19.1,16.8,12.5,17.9,51.9,0,969.6,11,0.6,1.7,402,425,184,87,504,234,85,378,64,17,96
ALT,2016,8,15,8,21.1,78.5,19.6,17.2,12.84,18.5,53.8,0,969.3,343,1.7,3.1,481,337,264,124,423,309,119,382,71,17,96
ALT,2016,8,15,9,22.1,74.9,20,17.4,13.11,19,55.5,0,969.1,336,2.2,3.3,557,331,304,146,368,374,140,390,71,17,96
ALT,2016,8,15,10,23.1,71.8,20.3,17.7,13.31,19.5,57.1,0,968.6,336,1.8,3.7,639,375,333,155,346,451,150,395,75,17,96
ALT,2016,8,15,11,24.5,67.1,20.6,18,13.52,20.1,59.1,0,968.1,343,2.2,4.3,566,222,379,178,211,369,213,396,81,17,96
ALT,2016,8,15,12,25.8,59.5,19.8,17.3,12.99,20.1,59.1,0,967.6,314,3.1,6.7,422,76,360,175,167,237,210,402,88,17,96
ALT,2016,8,15,13,26.3,55.5,19,16.7,12.46,19.9,58.2,0,967.2,295,3.7,7.3,581,389,289,137,134,400,410,410,81,17,96
ALT,2016,8,15,14,24.9,59.9,18.9,16.6,12.4,19.4,56.6,0,967.1,299,3.4,6.6,247,63,207,101,96,135,154,408,88,17,96
ALT,2016,8,15,15,24.3,66.5,20.1,17.7,13.2,19.9,58.1,0,966.9,29,1.5,3.8,90,1,89,44,42,44,42,418,100,17,96
ALT,2016,8,15,16,22.6,76.7,21,18.3,13.8,19.7,57.8,0,967.3,153,2,5.2,42,0,42,21,20,21,20,417,100,17,96
ALT,2016,8,15,17,21,83.7,20.8,18.1,13.67,19.1,55.8,0,967.3,152,3,5.8,18,0,18,9,8,9,8,415,100,17,96
ALT,2016,8,15,18,20.4,85.7,20.5,17.9,13.46,18.7,54.7,0,967.7,170,2.4,4,0,0,0,0,0,0,0,413,100,17,96
ALT,2016,8,15,19,19.4,87.3,19.7,17.2,12.92,18,52.3,0,967.8,153,1.2,2.6,0,0,0,0,0,0,0,405,90,17,96
ALT,2016,8,15,20,18.4,86.5,18.4,16.1,12.05,16.9,49.1,0,968,163,1.5,2.5,0,0,0,0,0,0,0,391,79,17,96
ALT,2016,8,15,21,17.7,87,17.6,15.5,11.52,16.3,47,0,967.7,169,1.6,2.3,0,0,0,0,0,0,0,360,36,17,96
ALT,2016,8,15,22,17.8,80.9,16.4,14.5,10.72,15.7,45.1,0,967.8,167,1.3,2.8,0,0,0,0,0,0,0,379,69,17,96
ALT,2016,8,15,23,16.1,87.7,16.1,14.1,10.53,14.9,42.8,0,967.5,159,1.2,2.6,0,0,0,0,0,0,0,369,53,17,96
ALT,2016,8,16,0,16.1,87,15.9,13.9,10.4,14.7,42.5,0,967.2,158,1.1,2.3,0,0,0,0,0,0,0,365,56,18,96
ALT,2016,8,16,1,15.1,89.6,15.4,13.4,10.07,14.1,40.6,0,966.8,146,0.9,2,0,0,0,0,0,0,0,363,33,18,96
ALT,2016,8,16,2,15.4,88.5,15.5,13.5,10.14,14.2,41.1,0,966.5,150,1,1.9,0,0,0,0,0,0,0,368,68,18,96
ALT,2016,8,16,3,15.7,88.2,15.7,13.8,10.27,14.5,41.8,0,966.3,173,0.9,1.7,0,0,0,0,0,0,0,355,53,18,96
ALT,2016,8,16,4,15.5,88.5,15.5,13.6,10.14,14.3,41.2,0,966.2,165,1.2,2,5,0,5,2,2,2,2,370,48,18,96
ALT,2016,8,16,5,15.3,87.6,15.2,13.3,9.94,14.1,40.5,0,966.5,146,0.8,1.5,42,0,42,30,30,30,30,371,40,18,96
ALT,2016,8,16,6,16.7,83.6,15.9,13.9,10.4,15,43.1,0,966.4,90,0.3,0.8,247,427,89,53,483,109,53,366,36,18,96
ALT,2016,8,16,7,19.4,73.8,16.6,14.6,10.87,16.4,47.1,0,966.4,27,0.5,1.3,487,741,106,70,750,282,72,368,36,18,96
ALT,2016,8,16,8,20.9,67.3,16.6,14.6,10.87,16.9,48.6,0,966.2,345,1.2,2.5,610,713,146,92,653,421,94,378,39,18,96
ALT,2016,8,16,9,22,62.9,16.6,14.6,10.88,17.3,49.8,0,965.8,333,1.6,2.8,655,560,228,125,466,477,124,377,43,18,96
ALT,2016,8,16,10,23.3,59.1,17,14.9,11.15,17.9,51.8,0,965.1,332,1.5,2.8,729,602,241,135,392,546,135,380,53,18,96
ALT,2016,8,16,11,24,62.3,18.6,16.3,12.23,18.9,55.3,0,964.5,348,2.1,3.5,521,202,353,173,200,341,199,384,60,18,96
ALT,2016,8,16,12,25.5,56.6,18.5,16.2,12.17,19.4,56.7,0,963.9,317,2.1,4,820,843,138,109,112,633,425,385,40,18,96
ALT,2016,8,16,13,26.5,55.6,19.2,16.9,12.65,20.1,58.9,0,963.2,306,2.6,6.2,580,454,239,125,124,413,421,397,59,18,96
ALT,2016,8,16,14,26.4,52.9,18.2,16,11.99,19.5,57.1,0,962.7,300,3.5,6.9,392,358,173,89,88,254,401,417,75,18,96
ALT,2016,8,16,15,26.8,51.6,18.2,16,11.99,19.7,57.5,0,962.4,296,2.9,6.4,126,40,108,54,51,65,93,411,81,18,96
ALT,2016,8,16,16,24.7,56.8,17.6,15.6,11.59,18.8,54.4,0,962.4,210,1.9,4.1,95,0,95,56,54,55,53,405,71,18,96
ALT,2016,8,16,17,22.7,66.9,18.4,16.2,12.12,18.4,53.6,0,962.9,115,2.4,4.4,43,0,43,27,27,27,26,407,100,18,96
ALT,2016,8,16,18,22.7,58.2,16,14.1,10.5,17.2,49.5,0,963.5,145,4.2,13.2,4,0,4,2,2,2,2,408,94,18,96
ALT,2016,8,16,19,20.9,60.2,14.8,12.9,9.7,16,45.7,0,963.7,134,7.2,12.1,0,0,0,0,0,0,0,395,88,18,96
ALT,2016,8,16,20,19.2,73.6,16.3,14.4,10.69,16.2,46.4,1.2,964.4,149,2.8,6.9,0,0,0,0,0,0,0,397,94,18,96
ALT,2016,8,16,21,17.1,90.4,17.6,15.5,11.57,16.1,46.5,0,964.1,117,0.8,2.8,0,0,0,0,0,0,0,381,71,18,96
ALT,2016,8,16,22,17,90.1,17.5,15.4,11.49,16,46.2,0,964.7,301,1.4,3.3,0,0,0,0,0,0,0,389,88,18,96
ALT,2016,8,16,23,17.1,90,17.6,15.4,11.57,16,46.5,0.1,964.1,90,1.5,3.7,0,0,0,0,0,0,0,372,68,18,96
ALT,2016,8,17,0,16.8,88.5,17,14.9,11.17,15.6,45.2,0,963.7,111,1.5,3.3,0,0,0,0,0,0,0,372,75,19,96
ALT,2016,8,17,1,16.5,91,17.1,15,11.24,15.6,45,0,963.6,270,1,2.2,0,0,0,0,0,0,0,378,94,19,96
ALT,2016,8,17,2,16.9,90.1,17.4,15.3,11.44,15.9,46,0.8,963.4,217,2.5,5.7,0,0,0,0,0,0,0,383,94,19,96
ALT,2016,8,17,3,16.5,89.6,16.8,14.8,11.04,15.4,44.5,0.3,962.9,142,1.4,4.1,0,0,0,0,0,0,0,368,74,19,96
ALT,2016,8,17,4,15.8,93.5,16.8,14.8,11.05,15.2,43.8,0,962.3,140,0.9,1.8,6,0,6,3,3,3,3,381,94,19,96
ALT,2016,8,17,5,16.2,93.3,17.2,15.1,11.31,15.5,44.9,0,962.8,304,1.4,4.9,21,0,21,11,10,11,10,387,100,19,96
ALT,2016,8,17,6,17.7,83.4,16.9,14.9,11.11,15.9,45.9,0.1,963.4,139,2,4.9,47,0,47,24,23,24,23,389,100,19,96
ALT,2016,8,17,7,17.5,88.1,17.6,15.5,11.57,16.2,46.9,0.9,963.6,150,1.4,3,63,0,63,32,31,32,30,389,100,19,96
ALT,2016,8,17,8,16.8,95,18.2,16,11.96,16.3,47.2,5.4,964.7,124,1.2,2.8,118,1,118,60,58,60,56,396,100,19,96
ALT,2016,8,17,9,17.3,93.7,18.5,16.3,12.17,16.7,48.2,0.7,964.2,151,2,4.8,128,35,101,52,70,76,49,400,100,19,96
ALT,2016,8,17,10,18.5,87.5,18.6,16.4,12.25,17.1,49.7,0.1,963.2,160,3.3,5.3,278,21,261,133,136,150,124,404,100,19,96
ALT,2016,8,17,11,20.4,79,18.9,16.6,12.46,17.9,52.1,0,962.6,159,3.5,5.8,527,183,376,186,204,344,226,407,94,19,96
ALT,2016,8,17,12,22.6,67.6,18.5,16.3,12.2,18.5,53.7,0,961.8,149,4.8,7.8,662,454,296,152,150,492,375,406,81,19,96
ALT,2016,8,17,13,22.8,60.8,16.9,14.8,11.12,17.7,51.2,2.2,962.3,170,3.8,12.8,190,116,101,51,50,134,125,408,94,19,96
ALT,2016,8,17,14,18.7,75.8,16.3,14.3,10.72,15.9,46,2.4,961.9,176,3.6,7.6,276,80,224,113,108,159,180,400,100,19,96
ALT,2016,8,17,15,20.1,72.8,17.2,15.1,11.34,16.9,49,0,961,186,3,6.2,293,235,171,93,91,180,320,393,75,19,96
ALT,2016,8,17,16,19.5,75.7,17.1,15.1,11.28,16.7,48.2,0,960.4,210,1,2.4,113,0,113,62,60,62,59,401,88,19,96
ALT,2016,8,17,17,19,76.6,16.8,14.8,11.07,16.3,47.2,0,960.5,163,1.2,3,49,0,49,29,28,29,28,400,68,19,96
ALT,2016,8,17,18,17.8,82.1,16.7,14.7,11.01,15.9,45.8,0,960.5,207,1.8,5.7,1,0,1,1,1,1,1,399,100,19,96
ALT,2016,8,17,19,19.4,68.8,15.3,13.5,10.05,15.7,45,0.6,962.1,5,4.7,15.2,0,0,0,0,0,0,0,399,100,19,96
ALT,2016,8,17,20,17.7,80.2,16.1,14.2,10.57,15.5,44.6,1,963.4,360,2.8,9.9,0,0,0,0,0,0,0,397,100,19,96
ALT,2016,8,17,21,17.2,84.7,16.6,14.6,10.91,15.6,44.9,0,962.7,136,4.8,9.9,0,0,0,0,0,0,0,394,100,19,96
ALT,2016,8,17,22,16.3,88.4,16.4,14.4,10.79,15.1,43.7,0,962,175,1.4,4.4,0,0,0,0,0,0,0,381,88,19,96
ALT,2016,8,17,23,15.7,92.7,16.6,14.5,10.92,15,43.4,0,961.8,360,0.9,1.9,0,0,0,0,0,0,0,380,94,19,96
ALT,2016,8,18,0,15.8,92.7,16.6,14.6,10.92,15.1,43.5,5.5,962.2,158,1.4,3.3,0,0,0,0,0,0,0,384,94,19,96
ALT,2016,8,18,1,16,91.1,16.5,14.5,10.85,15.1,43.6,0.5,962,175,2.8,5.5,0,0,0,0,0,0,0,384,84,19,96
ALT,2016,8,18,2,15.7,90.6,16.2,14.2,10.66,14.8,42.7,0.1,961.6,141,1.6,4.7,0,0,0,0,0,0,0,384,94,19,96
ALT,2016,8,18,3,15.5,92.1,16.2,14.2,10.66,14.7,42.6,0,961.1,180,0.8,2.5,0,0,0,0,0,0,0,376,71,19,96
ALT,2016,8,18,4,14.8,95,16,14,10.53,14.3,41.5,0,961.1,270,0.7,2.3,0,0,0,0,0,0,0,384,88,19,96
ALT,2016,8,18,5,15,94.6,16.1,14.1,10.6,14.4,41.9,0,961,124,0.9,2.3,40,0,40,21,20,21,20,378,88,19,96
ALT,2016,8,18,6,15.9,93,16.8,14.8,11.07,15.2,44,0,960.9,130,0.9,2.1,182,120,136,68,192,93,65,385,88,19,96
ALT,2016,8,18,7,18.1,81.4,16.8,14.9,11.07,16.1,46.3,0,960.8,106,0.8,2.3,200,29,186,94,119,104,88,391,100,19,96
ALT,2016,8,18,8,19.5,75.7,17.2,15.1,11.34,16.7,48.4,0,960.7,323,0.7,1.8,286,67,245,124,182,160,116,394,100,19,96
ALT,2016,8,18,9,20.9,71.6,17.7,15.6,11.68,17.5,50.7,0,960.4,360,0.6,1.7,257,10,250,127,128,134,119,398,100,19,96
ALT,2016,8,18,10,21,68.2,16.9,14.9,11.14,17.1,49.4,0,960.2,315,1.6,5.1,426,160,297,146,233,280,139,401,100,19,96
ALT,2016,8,18,11,22,63.6,16.8,14.8,11.08,17.4,50.3,0,960.3,324,3.4,8.3,50,0,50,26,24,25,24,404,100,19,96
ALT,2016,8,18,12,19.9,77.1,17.9,15.8,11.8,17.3,50,0.5,961.3,326,3.9,8.3,65,0,65,33,32,33,31,405,100,19,96
ALT,2016,8,18,13,19,82.8,18.2,16,12.01,17.1,49.6,0.1,961.1,335,2.2,4.3,165,1,164,84,80,84,79,404,100,19,96
ALT,2016,8,18,14,18.8,83.6,18.2,16,12.01,17,49.4,0,960.5,331,1.9,4.1,35,0,35,18,17,18,17,403,100,19,96
ALT,2016,8,18,15,19.1,81.7,18.1,15.9,11.95,17,49.5,0,960.1,315,1,3.8,199,105,153,78,75,105,181,401,88,19,96
ALT,2016,8,18,16,18.5,84.5,18,15.8,11.88,16.8,48.7,1,960.5,323,0.9,2.3,23,0,23,12,11,11,11,400,100,19,96
ALT,2016,8,18,17,17.3,92.5,18.3,16.1,12.07,16.5,48,3.3,961.4,307,2.9,10.1,8,0,8,4,4,4,4,399,100,19,96
ALT,2016,8,18,18,16.2,93.5,17.1,15.2,11.26,15.6,44.8,6.4,962.1,18,1.6,5.2,2,0,2,1,1,1,1,397,100,19,96
ALT,2016,8,18,19,16,95.1,17.3,15.2,11.38,15.5,44.9,2.8,962.5,135,2.7,5.8,0,0,0,0,0,0,0,396,100,19,96
ALT,2016,8,18,20,16.3,93.9,17.3,15.3,11.39,15.7,45.2,1.2,962.4,151,2.5,6.3,0,0,0,0,0,0,0,395,100,19,96
ALT,2016,8,18,21,16,96.7,17.5,15.5,11.52,15.7,45.2,0.1,962.3,18,0.8,1.9,0,0,0,0,0,0,0,391,88,19,96
ALT,2016,8,18,22,15.9,97.5,17.6,15.5,11.59,15.6,45.3,4.4,962.5,184,1.7,3.6,0,0,0,0,0,0,0,392,100,19,96
ALT,2016,8,18,23,15.9,95.5,17.3,15.2,11.39,15.5,44.8,0.5,962.2,148,1.5,4.6,0,0,0,0,0,0,0,391,100,19,96
ALT,2016,8,19,0,15.7,97.3,17.3,15.3,11.39,15.4,44.6,0.7,962.1,141,0.6,1.8,0,0,0,0,0,0,0,390,100,19,96
ALT,2016,8,19,1,15.5,98.7,17.3,15.3,11.39,15.4,44.4,1.3,962.1,180,0.7,1.5,0,0,0,0,0,0,0,390,100,19,96
ALT,2016,8,19,2,15.4,98.3,17.2,15.1,11.32,15.2,44.1,1.5,962.2,135,0.6,1.4,0,0,0,0,0,0,0,390,100,19,96
ALT,2016,8,19,3,15.4,97.8,17.1,15.1,11.25,15.2,43.9,1,962.4,135,0.7,1.6,0,0,0,0,0,0,0,390,100,19,96
ALT,2016,8,19,4,15.4,97.2,17,15,11.18,15.2,43.8,0.3,962.5,135,1.1,1.9,3,0,3,2,2,2,2,385,100,19,96
ALT,2016,8,19,5,15.6,95.4,16.9,14.9,11.12,15.2,43.8,0,962.4,157,1.6,2.7,27,0,27,15,14,15,14,391,100,19,96
ALT,2016,8,19,6,16.1,93.4,17.1,15,11.25,15.4,44.7,0,962.2,135,1.3,2.5,262,452,96,55,508,121,55,373,54,19,96
ALT,2016,8,19,7,17.2,88.6,17.4,15.3,11.46,16,46.3,0,962,140,0.9,2.5,400,442,174,90,519,252,89,380,68,19,96
ALT,2016,8,19,8,18.6,82.1,17.6,15.5,11.59,16.6,48.1,0,961.8,331,1.5,3.8,539,511,210,112,540,382,111,387,71,19,96
ALT,2016,8,19,9,19.8,77.9,18,15.8,11.87,17.2,50,0,961.6,332,2.2,3.4,716,747,159,110,550,555,113,386,56,19,96
ALT,2016,8,19,10,20.8,75.5,18.5,16.3,12.2,17.9,51.9,0,961.5,331,2.6,5,671,492,273,149,355,507,147,393,81,19,96
ALT,2016,8,19,11,22.2,68.4,18.3,16.1,12.07,18.2,53,0,961.1,325,2.2,3.6,772,666,222,132,207,620,215,400,75,19,96
ALT,2016,8,19,12,22.2,68.8,18.4,16.2,12.14,18.3,53.2,0,961,335,2.9,4.2,659,486,267,150,148,494,340,405,88,19,96
ALT,2016,8,19,13,22.4,69.4,18.8,16.5,12.41,18.5,54.1,0,961,352,1.7,3.4,491,285,286,145,141,335,357,408,88,19,96
ALT,2016,8,19,14,23.4,65.1,18.8,16.5,12.41,18.9,55.1,0,961,335,1.8,4.3,575,693,144,92,94,409,660,388,35,19,96
ALT,2016,8,19,15,22.5,71.4,19.4,17.1,12.82,18.9,55.2,0,961,312,1.4,4,321,433,102,74,75,207,472,390,39,19,96
ALT,2016,8,19,16,21.6,73.3,18.9,16.6,12.48,18.3,53.4,0,960.9,265,1.1,2.2,85,0,85,58,56,57,56,402,78,19,96
ALT,2016,8,19,17,20.9,79,19.5,17.1,12.87,18.4,53.7,0,961.6,284,1,2.7,36,0,36,19,18,19,18,405,94,19,96
ALT,2016,8,19,18,19.9,84.9,19.7,17.3,13,18.2,53,0,962.2,157,0.8,1.3,1,0,1,0,0,0,0,409,100,19,96
ALT,2016,8,19,19,19.4,86.1,19.3,17,12.72,17.8,51.8,0,963.1,156,1.2,2.9,0,0,0,0,0,0,0,408,100,19,96
ALT,2016,8,19,20,19.4,84.4,19,16.7,12.52,17.6,51.3,0,963.1,177,2,4,0,0,0,0,0,0,0,406,94,19,96
ALT,2016,8,19,21,19.1,81.6,18.1,15.9,11.91,17,49.4,0,963,172,1.9,5.3,0,0,0,0,0,0,0,404,100,19,96
ALT,2016,8,19,22,17.1,90.9,17.8,15.6,11.71,16.1,46.9,0,962.9,315,0.6,1.2,0,0,0,0,0,0,0,399,94,19,96
ALT,2016,8,19,23,17.5,89.8,18,15.8,11.84,16.4,47.6,0,963.4,236,1.1,3,0,0,0,0,0,0,0,400,100,19,96
ALT,2016,8,20,0,17.7,90,18.2,16,11.97,16.6,48.1,0,963.7,158,0.5,1.5,0,0,0,0,0,0,0,399,100,19,96
ALT,2016,8,20,1,17.7,89.8,18.2,16,11.97,16.6,48.1,0,964,126,0.9,2.3,0,0,0,0,0,0,0,399,100,19,96
ALT,2016,8,20,2,17.7,89.7,18.1,16,11.9,16.6,48,0,963.9,163,1.2,2.3,0,0,0,0,0,0,0,399,100,19,96
ALT,2016,8,20,3,17.5,90.8,18.1,16,11.91,16.5,47.8,0,963.7,127,0.5,1.6,0,0,0,0,0,0,0,396,88,19,96
ALT,2016,8,20,4,16.8,92.6,17.7,15.6,11.64,16,46.4,0,963.4,158,0.8,1.8,2,0,2,1,1,1,1,399,94,19,96
ALT,2016,8,20,5,16.6,92.6,17.5,15.4,11.51,15.8,45.8,0,963.1,157,0.9,1.8,50,0,50,31,30,31,30,383,60,19,96
ALT,2016,8,20,6,17.6,89.3,18,15.8,11.85,16.5,47.7,0,963,360,0.9,2.8,172,232,93,55,291,85,53,382,69,19,96
ALT,2016,8,20,7,19.3,82.3,18.4,16.2,12.11,17.3,50.1,0,963.3,332,1.5,3.5,202,48,177,90,133,111,85,401,100,19,96
ALT,2016,8,20,8,20.1,78.6,18.5,16.3,12.17,17.6,51.1,0,963.8,352,0.9,2.9,218,37,196,100,131,119,94,403,100,19,96
ALT,2016,8,20,9,20.5,78.6,18.9,16.7,12.43,18,52.2,0,964.3,90,0.5,1.5,172,1,172,88,84,88,82,404,100,19,96
ALT,2016,8,20,10,20.3,80.6,19.2,16.9,12.63,18.1,52.5,0,964.7,330,1.8,3.8,103,0,103,53,50,53,50,406,100,19,96
ALT,2016,8,20,11,21,74.4,18.4,16.3,12.09,17.9,51.8,0,965.1,90,2.4,9.1,163,0,163,84,79,83,78,408,100,19,96
ALT,2016,8,20,12,21.2,79.4,19.9,17.5,13.1,18.7,54.6,0,964.6,125,1.4,4.2,139,0,139,72,68,71,67,409,100,19,96
ALT,2016,8,20,13,20.4,80.8,19.4,17,12.76,18.2,52.9,0,964.8,337,1.6,3.7,140,0,140,72,68,71,67,408,100,19,96
ALT,2016,8,20,14,20.2,81.6,19.3,17,12.69,18.1,52.5,0,965.2,330,1.3,3.1,78,0,78,40,38,40,38,407,100,19,96
ALT,2016,8,20,15,20.3,80.4,19.1,16.8,12.56,18,52.3,0,965.3,333,1.5,3.9,51,0,51,26,25,26,24,406,100,19,96
ALT,2016,8,20,16,20.1,80,18.9,16.5,12.42,17.8,51.7,0,965.2,328,1.6,3.3,62,0,62,32,31,32,30,405,100,19,96
ALT,2016,8,20,17,19.8,81.6,18.8,16.6,12.35,17.7,51.2,0,965.7,304,0.5,1.8,15,0,15,8,7,8,7,404,100,19,96
ALT,2016,8,20,18,19.1,87.2,19.3,16.9,12.68,17.7,51.4,0,965.9,304,0.6,1.5,0,0,0,0,0,0,0,402,100,19,96
ALT,2016,8,20,19,18.3,91.7,19.3,16.9,12.67,17.4,50.5,0,966.7,180,0.5,5.1,0,0,0,0,0,0,0,399,100,19,96
ALT,2016,8,20,20,17.9,76.4,15.6,13.7,10.19,15.3,43.8,0,968.1,345,8.9,14.9,0,0,0,0,0,0,0,391,94,19,96
ALT,2016,8,20,21,15.8,78,14,12,9.11,13.5,38.9,0.6,969.5,343,8.9,16,0,0,0,0,0,0,0,390,100,19,96
ALT,2016,8,20,22,15.5,81.2,14.3,12.3,9.3,13.6,39.1,0,970.5,69,1.5,7.1,0,0,0,0,0,0,0,389,100,19,96
ALT,2016,8,20,23,14.8,89,14.9,13,9.7,13.7,39.4,0,970.3,141,1.5,3,0,0,0,0,0,0,0,386,100,19,96
ALT,2016,8,21,0,14.4,91.3,14.9,13,9.7,13.6,39,0,970.2,124,2,3.5,0,0,0,0,0,0,0,383,81,19,96
ALT,2016,8,21,1,14.1,94,15.1,13.1,9.83,13.5,39,0,970.1,169,0.8,1.5,0,0,0,0,0,0,0,382,88,19,96
ALT,2016,8,21,2,14.1,93.6,15,13.1,9.77,13.5,38.9,0,969.9,156,1.1,1.9,0,0,0,0,0,0,0,375,84,19,96
ALT,2016,8,21,3,13.3,95.1,14.5,12.5,9.44,12.8,37.2,0,969.6,159,1,2.3,0,0,0,0,0,0,0,357,16,19,96
ALT,2016,8,21,4,11.9,98.3,13.7,11.6,8.91,11.7,34.4,0,970,158,0.5,1.2,5,0,5,3,3,3,3,339,0,19,96
ALT,2016,8,21,5,11.9,93.9,13.1,10.9,8.51,11.3,33.4,0,970.6,169,0.7,1.5,36,0,36,27,27,27,27,344,25,19,96
ALT,2016,8,21,6,12.8,94.3,13.9,11.9,9.03,12.3,35.7,0,970.9,146,1.2,1.9,177,199,111,62,265,89,60,356,56,19,96
ALT,2016,8,21,7,14.6,87.2,14.5,12.5,9.43,13.3,38.5,0,970.6,141,1.4,2.7,287,145,212,105,247,168,100,380,88,19,96
ALT,2016,8,21,8,15.6,80.6,14.2,12.3,9.24,13.6,39.1,0,970.4,360,1,2.1,429,241,278,137,353,278,131,368,68,19,96
ALT,2016,8,21,9,17.8,74.5,15.2,13.2,9.9,15,43,0,970.3,322,1.8,4.8,318,33,293,148,165,173,139,374,100,19,96
ALT,2016,8,21,10,19.2,65.6,14.6,12.6,9.51,15.2,43.4,0,969.9,301,3.4,7.3,418,101,338,168,220,254,158,378,88,19,96
ALT,2016,8,21,11,19.3,63.7,14.2,12.3,9.24,15,42.9,0,969.8,315,3.9,7.7,281,74,220,109,105,174,131,389,94,19,96
ALT,2016,8,21,12,18.2,67.2,13.9,12,9.04,14.5,41.2,0.2,970.5,331,6.8,11.1,99,0,99,51,48,50,47,385,100,19,96
ALT,2016,8,21,13,18,68.5,14.1,12.1,9.17,14.4,41.3,0,970.8,337,6.2,9.8,197,29,176,89,84,110,105,387,100,19,96
ALT,2016,8,21,14,18.6,63.2,13.6,11.5,8.84,14.4,41.1,0,970.9,333,4.7,8.7,270,50,242,122,116,147,162,385,94,19,96
ALT,2016,8,21,15,18.9,61.9,13.5,11.4,8.77,14.4,41.2,0,970.9,294,2.1,4.8,109,0,109,56,53,56,53,378,100,19,96
ALT,2016,8,21,16,18.7,64.2,13.8,11.8,8.97,14.6,41.5,0,971.2,321,2.9,9.8,35,0,35,18,17,18,17,380,100,19,96
ALT,2016,8,21,17,18.3,59.5,12.5,10.3,8.11,13.6,38.9,0,971.7,344,5.8,10,23,0,23,13,12,12,12,378,100,19,96
ALT,2016,8,21,18,17.8,57.6,11.7,9.3,7.57,12.9,37.1,0,972.9,333,7.1,13.5,0,0,0,0,0,0,0,375,100,19,96
ALT,2016,8,21,19,17.4,57.4,11.4,8.9,7.36,12.6,36.2,0,974.2,334,7.1,11,0,0,0,0,0,0,0,373,100,19,96
ALT,2016,8,21,20,17,60.3,11.7,9.3,7.56,12.6,36.2,0,974.7,331,6.4,10.1,0,0,0,0,0,0,0,371,100,19,96
ALT,2016,8,21,21,16.6,61.3,11.6,9.1,7.49,12.4,35.6,0,975,324,5,9.8,0,0,0,0,0,0,0,369,100,19,96
ALT,2016,8,21,22,16.3,58.4,10.8,8.1,6.96,11.7,34,0,975.3,323,3.1,6.6,0,0,0,0,0,0,0,367,100,19,96
ALT,2016,8,21,23,15.4,65.4,11.4,9,7.36,11.8,34.1,0,975.3,32,1.1,3.3,0,0,0,0,0,0,0,364,100,19,96
ALT,2016,8,22,0,14.6,74.6,12.4,10.1,8.01,12,34.9,0,975.4,120,1,2.4,0,0,0,0,0,0,0,363,100,17,96
ALT,2016,8,22,1,14,82.1,13.1,11,8.47,12.3,35.5,0,975.4,157,0.9,1.6,0,0,0,0,0,0,0,345,88,17,96
ALT,2016,8,22,2,13.4,83.2,12.7,10.6,8.2,11.8,34.2,0,975.7,135,0.6,1.6,0,0,0,0,0,0,0,332,38,17,96
ALT,2016,8,22,3,12.6,82.6,12.1,9.7,7.81,11,32.4,0,975.8,159,0.9,1.5,0,0,0,0,0,0,0,320,26,17,96
ALT,2016,8,22,4,11.6,84.7,11.6,9.1,7.48,10.2,30.5,0,976.4,146,0.8,1.5,5,0,5,2,2,2,2,322,0,17,96
ALT,2016,8,22,5,11,85.6,11.3,8.7,7.28,9.8,29.4,0,976.7,146,1.2,2.5,35,0,35,26,26,26,26,304,13,17,96
ALT,2016,8,22,6,12.7,78.5,11.5,9.1,7.41,10.7,31.5,0,977,157,1.2,2.6,255,509,72,46,553,123,47,297,0,17,96
ALT,2016,8,22,7,14.5,72.2,11.9,9.6,7.67,11.7,34,0,977.2,353,0.9,1.8,465,723,107,67,734,294,68,306,16,17,96
ALT,2016,8,22,8,16.1,64.3,11.8,9.4,7.6,12.3,35.4,0,977.1,347,1,2.4,625,782,129,85,691,460,88,306,25,17,96
ALT,2016,8,22,9,17.2,62,12.2,9.9,7.86,13,37.2,0,977.3,339,2.1,3.4,754,878,109,93,581,593,97,310,0,17,96
ALT,2016,8,22,10,18.2,62.5,13.1,10.9,8.45,13.9,39.7,0,977.1,330,2.1,4.4,821,875,123,102,392,669,106,314,0,17,96
ALT,2016,8,22,11,19.8,57.8,13.3,11.3,8.59,14.7,41.7,0,976.6,318,2.8,6.3,839,869,129,105,172,690,188,322,0,17,96
ALT,2016,8,22,12,20.8,53.8,13.2,11.1,8.52,15,42.6,0,976.3,305,3.1,5.4,822,896,114,101,104,668,427,329,0,17,96
ALT,2016,8,22,13,21.2,50,12.6,10.4,8.13,14.8,42,0,976,300,3.6,7.4,704,773,147,97,99,551,578,326,0,17,96
ALT,2016,8,22,14,21.8,49.7,13,10.8,8.4,15.2,43.3,0,975.9,293,2.8,5.7,573,708,141,84,85,415,665,326,0,17,96
ALT,2016,8,22,15,21.6,49,12.6,10.4,8.13,14.9,42.4,0,976.1,272,2.5,4.9,254,353,75,62,63,180,387,328,0,17,96
ALT,2016,8,22,16,19.6,53,12.1,9.8,7.8,13.9,39.5,0,976.5,255,1.7,4.2,39,0,39,43,43,43,43,330,0,17,96
ALT,2016,8,22,17,18.6,58.8,12.5,10.4,8.06,13.8,39.1,0,976.9,214,0.9,2.5,32,0,32,22,21,22,21,332,0,17,96
ALT,2016,8,22,18,16.9,69.3,13.3,11.2,8.58,13.5,38.7,0,977.1,164,1.5,2.8,0,0,0,0,0,0,0,333,0,17,96
ALT,2016,8,22,19,15.8,74.1,13.3,11.2,8.58,13.1,37.6,0,977.5,171,2,4,0,0,0,0,0,0,0,332,0,17,96
ALT,2016,8,22,20,15,76.8,13.1,11,8.45,12.7,36.4,0,977.4,180,1.3,2.7,0,0,0,0,0,0,0,331,0,17,96
ALT,2016,8,22,21,14.1,80.5,12.9,10.8,8.32,12.2,35.2,0,977.2,159,0.8,1.6,0,0,0,0,0,0,0,330,0,17,96
ALT,2016,8,22,22,13.5,82.7,12.8,10.6,8.26,11.8,34.4,0,976.9,158,0.6,1.3,0,0,0,0,0,0,0,329,0,17,96
ALT,2016,8,22,23,13.3,84.6,12.9,10.8,8.33,11.9,34.4,0,976.5,158,0.6,1.4,0,0,0,0,0,0,0,328,0,17,96
ALT,2016,8,23,0,12.2,89,12.6,10.4,8.13,11.2,32.8,0,976.2,169,0.6,1.3,0,0,0,0,0,0,0,327,0,17,96
ALT,2016,8,23,1,11.7,90.9,12.5,10.3,8.07,10.9,32.1,0,976.2,143,0.7,1.4,0,0,0,0,0,0,0,327,0,17,96
ALT,2016,8,23,2,11.7,90.3,12.4,10.2,8,10.9,31.9,0,976.2,159,0.9,1.5,0,0,0,0,0,0,0,326,0,17,96
ALT,2016,8,23,3,11.2,91.4,12.2,9.9,7.87,10.5,31.1,0,976,150,0.9,1.4,0,0,0,0,0,0,0,326,0,17,96
ALT,2016,8,23,4,11,92.7,12.2,9.9,7.87,10.4,30.9,0,976,164,0.8,1.3,4,0,4,2,2,2,2,326,0,17,96
ALT,2016,8,23,5,11,92.9,12.2,9.9,7.87,10.4,30.9,0,976.2,162,0.4,0.9,36,0,36,26,25,26,25,325,0,17,96
ALT,2016,8,23,6,12.7,89.8,13.2,11.1,8.52,11.8,34.3,0,976.7,121,0.6,1.1,238,453,77,46,499,119,46,326,0,17,96
ALT,2016,8,23,7,16,78,14.1,12.2,9.11,13.7,39.2,0,976.3,117,0.7,2.1,457,727,98,63,727,291,64,331,0,17,96
ALT,2016,8,23,8,17.5,71.8,14.3,12.4,9.25,14.4,41,0,976,338,1.3,3.4,603,762,124,81,671,446,83,335,0,17,96
ALT,2016,8,23,9,18.5,68.5,14.5,12.6,9.38,14.9,42.4,0,975.7,336,2,3.5,733,841,117,91,563,581,95,339,0,17,96
ALT,2016,8,23,10,19.9,67.3,15.6,13.7,10.11,16,45.7,0,975.2,333,2.1,3.9,811,877,115,98,381,665,102,344,0,17,96
ALT,2016,8,23,11,20.8,62.5,15.3,13.4,9.92,16.2,46.1,0,974.9,332,2.4,3.8,838,895,110,100,159,692,181,349,0,17,96
ALT,2016,8,23,12,22.1,61.2,16.3,14.3,10.58,17.1,49.1,0,974.6,338,2.5,3.9,787,825,139,100,103,643,418,354,0,17,96
ALT,2016,8,23,13,22.8,59.3,16.5,14.5,10.72,17.5,50.2,0,973.9,353,1.8,3.5,695,767,146,94,96,547,575,351,0,17,96
ALT,2016,8,23,14,23.6,57.6,16.8,14.7,10.92,17.9,51.5,0,973.4,344,1.5,2.9,579,759,119,78,79,421,689,351,0,17,96
ALT,2016,8,23,15,23.3,59.9,17.2,15.1,11.19,18,51.9,0,973.1,299,1.3,2.6,255,376,66,59,60,181,400,351,0,17,96
ALT,2016,8,23,16,21.3,68.4,17.3,15.2,11.26,17.4,50,0,973.1,255,1.1,2.1,39,0,39,42,42,42,42,351,0,17,96
ALT,2016,8,23,17,20.1,77,18.1,15.9,11.79,17.4,50.1,0,973.2,194,0.7,1.3,31,0,31,21,20,21,20,351,0,17,96
ALT,2016,8,23,18,19.2,80.9,18,15.8,11.72,17,49,0,973.4,167,0.9,1.6,0,0,0,0,0,0,0,349,0,17,96
ALT,2016,8,23,19,18.7,81,17.5,15.4,11.39,16.6,47.7,0,973.4,158,1.1,2.2,0,0,0,0,0,0,0,346,0,17,96
ALT,2016,8,23,20,17.2,87.7,17.2,15.1,11.19,15.9,45.6,0,973.2,159,0.9,1.6,0,0,0,0,0,0,0,342,0,17,96
ALT,2016,8,23,21,16.5,90,16.9,14.9,11,15.5,44.4,0,972.9,180,0.5,1.1,0,0,0,0,0,0,0,339,0,17,96
ALT,2016,8,23,22,15.3,93.7,16.3,14.3,10.6,14.7,42.2,0,972.4,157,0.8,1.4,0,0,0,0,0,0,0,335,0,17,96
ALT,2016,8,23,23,15.3,93.3,16.2,14.2,10.54,14.6,42,0,972.4,191,0.7,1.6,0,0,0,0,0,0,0,332,0,17,96
ALT,2016,8,24,0,14.4,95.2,15.6,13.6,10.14,13.9,40.1,0,972.2,141,0.7,1.2,0,0,0,0,0,0,0,329,0,16,96
ALT,2016,8,24,1,14.2,95.2,15.4,13.4,10.01,13.7,39.6,0,972,143,1.1,1.4,0,0,0,0,0,0,0,330,0,16,96
ALT,2016,8,24,2,14.2,93.2,15.1,13.1,9.82,13.5,39.1,0,971.7,171,0.7,1.3,0,0,0,0,0,0,0,330,0,16,96
ALT,2016,8,24,3,12.9,96.8,14.4,12.4,9.36,12.6,36.6,0,971.7,164,0.8,1.4,0,0,0,0,0,0,0,330,0,16,96
ALT,2016,8,24,4,13.1,95.3,14.4,12.4,9.35,12.7,36.8,0,971.9,158,0.5,1.4,4,0,4,2,2,2,2,330,0,16,96
ALT,2016,8,24,5,12.6,95.3,13.9,11.9,9.02,12.2,35.4,0,972.2,164,0.8,1.3,36,0,36,25,24,25,24,330,19,16,96
ALT,2016,8,24,6,13.6,93.6,14.6,12.6,9.48,13,37.6,0,972.4,153,0.4,0.9,286,620,79,43,664,128,43,332,0,16,96
ALT,2016,8,24,7,17.4,81.1,16.1,14.1,10.47,15.4,44,0,972.4,45,0.4,1.1,456,730,98,60,727,294,61,337,0,16,96
ALT,2016,8,24,8,19.4,76.4,17.2,15.1,11.2,16.7,47.9,0,972.3,11,0.7,1.9,599,752,129,78,665,445,80,343,0,16,96
ALT,2016,8,24,9,21.3,71,17.9,15.8,11.67,17.7,51.1,0,971.8,360,0.9,2.7,733,846,116,86,560,583,90,348,0,16,96
ALT,2016,8,24,10,22.4,64.1,17.4,15.3,11.35,17.8,51.4,0,971.3,340,1.6,2.7,810,884,111,92,373,666,96,353,0,16,96
ALT,2016,8,24,11,23.5,61.8,17.8,15.8,11.62,18.5,53.2,0,970.7,345,2,3.1,834,897,108,94,152,691,174,358,0,16,96
ALT,2016,8,24,12,24.5,58.9,18.1,15.9,11.82,18.9,54.7,0,970.4,338,1.9,3.1,789,848,125,93,96,646,411,362,0,16,96
ALT,2016,8,24,13,25,58.3,18.5,16.2,12.09,19.2,56,0,970,335,1.8,3.1,684,745,153,90,92,539,562,362,0,16,96
ALT,2016,8,24,14,25.9,59.4,19.8,17.4,12.97,20.2,59.1,0,969.6,342,2,3.3,571,748,121,74,76,417,678,362,0,16,96
ALT,2016,8,24,15,25.9,60.8,20.3,17.8,13.3,20.4,60,0,969.5,328,1.4,2.8,149,187,53,56,57,122,224,363,0,16,96
ALT,2016,8,24,16,23.9,67.4,20,17.5,13.11,19.6,57.4,0,969,246,1,1.6,38,0,38,39,39,39,39,363,0,16,96
ALT,2016,8,24,17,22.2,78,20.8,18.2,13.65,19.5,57,0,968.9,157,0.9,1.9,30,0,30,19,19,19,19,363,0,16,96
ALT,2016,8,24,18,20.6,82.9,20.1,17.6,13.17,18.6,54.2,0,969.2,174,0.9,1.6,0,0,0,0,0,0,0,362,0,16,96
ALT,2016,8,24,19,20.4,82.2,19.6,17.3,12.83,18.4,53.1,0,969.5,157,0.9,1.6,0,0,0,0,0,0,0,359,0,16,96
ALT,2016,8,24,20,19,86.9,19,16.8,12.44,17.6,50.6,0,969.3,162,1,2.3,0,0,0,0,0,0,0,357,0,16,96
ALT,2016,8,24,21,19,86,18.9,16.6,12.37,17.4,50.5,0,968.9,167,0.9,1.5,0,0,0,0,0,0,0,354,0,16,96
ALT,2016,8,24,22,18,89.1,18.3,16.2,11.98,16.8,48.5,0,968.5,162,0.8,1.5,0,0,0,0,0,0,0,351,0,16,96
ALT,2016,8,24,23,16.9,92.4,17.8,15.7,11.65,16.1,46.5,0,968.3,153,0.4,0.9,0,0,0,0,0,0,0,348,0,16,96
ALT,2016,8,25,0,15.9,94.8,17.1,15.1,11.18,15.4,44.3,0,968.3,158,0.6,1.2,0,0,0,0,0,0,0,347,0,15,96
ALT,2016,8,25,1,15.8,94.5,16.9,14.9,11.05,15.2,43.8,0,968.2,166,0.8,1.4,0,0,0,0,0,0,0,346,0,15,96
ALT,2016,8,25,2,14.8,95.9,16.2,14.2,10.58,14.4,41.6,0,968.5,167,0.9,1.4,0,0,0,0,0,0,0,346,0,15,96
ALT,2016,8,25,3,15.2,92,15.9,13.9,10.38,14.4,41.5,0,968.3,166,1.3,1.9,0,0,0,0,0,0,0,346,0,15,96
ALT,2016,8,25,4,14.5,93,15.3,13.4,9.98,13.8,39.8,0,968.4,167,1,2.6,4,0,4,2,2,2,2,346,0,15,96
ALT,2016,8,25,5,15.1,90.5,15.5,13.6,10.11,14.2,40.8,0,968.7,162,1,1.9,35,0,35,24,23,23,23,346,6,15,96
ALT,2016,8,25,6,16,89.7,16.3,14.3,10.64,14.9,43,0,969,153,0.3,0.8,275,598,78,41,641,126,41,347,0,15,96
ALT,2016,8,25,7,19.7,75.2,17.2,15.2,11.24,16.8,48.3,0,968.7,151,1.3,2.4,449,721,97,57,716,291,58,351,0,15,96
ALT,2016,8,25,8,22,62.4,16.5,14.5,10.78,17.2,49.5,0,968.3,170,1.2,2.1,597,770,118,73,666,446,75,354,0,15,96
ALT,2016,8,25,9,23,65.6,18.4,16.2,12.05,18.5,53.8,0,968,335,1.9,2.8,718,817,125,84,547,573,86,358,0,15,96
ALT,2016,8,25,10,23.8,60.2,17.7,15.6,11.59,18.5,53.4,0,967.8,331,1.9,3.3,798,861,120,89,369,658,92,361,0,15,96
ALT,2016,8,25,11,25.2,59.2,19,16.7,12.46,19.5,57.1,0,967.5,329,1.3,2.9,826,885,113,90,149,687,172,365,0,15,96
ALT,2016,8,25,12,26.5,56.9,19.7,17.3,12.93,20.3,59.6,0,967.1,344,1.5,2.7,785,853,121,88,91,646,406,367,0,15,96
ALT,2016,8,25,13,27.7,56.5,21,18.3,13.81,21.3,63.1,0,966.5,354,1.9,3.6,682,758,145,85,87,540,562,368,0,15,96
ALT,2016,8,25,14,28.5,55.5,21.6,18.7,14.22,21.7,65,0,966.4,347,1.9,3,569,766,111,69,71,418,684,369,0,15,96
ALT,2016,8,25,15,27.9,57.9,21.8,18.8,14.36,21.6,64.7,0,966,318,1.5,3.6,148,192,50,53,54,119,223,370,0,15,96
ALT,2016,8,25,16,26.3,63.9,21.9,18.9,14.43,21.2,63.2,0,965.9,236,0.9,2.8,38,0,38,37,37,37,37,371,0,15,96
ALT,2016,8,25,17,24.6,73.9,22.8,19.6,15.04,21.1,63,0,965.9,167,0.9,2,30,0,30,18,18,18,18,372,0,15,96
ALT,2016,8,25,18,24.2,72.2,21.8,18.9,14.36,20.6,60.9,0,966.3,166,1.3,2.3,0,0,0,0,0,0,0,372,0,15,96
ALT,2016,8,25,19,21.9,82.1,21.6,18.7,14.21,19.7,58.1,0,966.8,180,1,1.9,0,0,0,0,0,0,0,370,0,15,96
ALT,2016,8,25,20,21.9,80.6,21.1,18.4,13.88,19.5,57.3,0,966.8,162,0.6,1.7,0,0,0,0,0,0,0,367,0,15,96
ALT,2016,8,25,21,21,83.4,20.7,18.1,13.61,19.1,55.7,0,966.8,143,0.6,1.7,0,0,0,0,0,0,0,365,0,15,96
ALT,2016,8,25,22,19.9,87.9,20.4,17.8,13.41,18.5,54,0,966.8,153,0.3,1.1,0,0,0,0,0,0,0,363,0,15,96
ALT,2016,8,25,23,19.4,89.4,20.2,17.6,13.27,18.2,53.2,0,966.8,164,0.8,1.5,0,0,0,0,0,0,0,361,0,15,96
ALT,2016,8,26,0,18.7,91.2,19.7,17.2,12.94,17.7,51.6,0,966.9,166,0.8,1.4,0,0,0,0,0,0,0,359,0,17,96
ALT,2016,8,26,1,19,87.1,19.1,16.8,12.53,17.6,50.9,0,967.1,169,1.1,1.6,0,0,0,0,0,0,0,358,0,17,96
ALT,2016,8,26,2,17.7,91,18.4,16.2,12.06,16.7,48.4,0,967.3,174,1,1.6,0,0,0,0,0,0,0,357,0,17,96
ALT,2016,8,26,3,17.5,91.6,18.3,16.1,11.99,16.6,48,0,967.7,167,0.9,2,0,0,0,0,0,0,0,356,0,17,96
ALT,2016,8,26,4,17.6,90.1,18.1,16,11.85,16.6,47.7,0,967.9,180,0.8,1.3,3,0,3,1,1,1,1,355,6,17,96
ALT,2016,8,26,5,17,91.3,17.7,15.6,11.58,16.1,46.4,0,968.2,162,1,1.8,34,0,34,24,23,24,23,358,13,17,96
ALT,2016,8,26,6,18.3,89.6,18.9,16.6,12.38,17.2,49.8,0,968.3,135,0.4,0.8,229,450,74,44,495,122,45,355,0,17,96
ALT,2016,8,26,7,21.5,78.3,20.1,17.6,13.19,18.9,55.1,0,968.3,9,0.7,1.4,442,702,102,63,707,297,64,357,0,17,96
ALT,2016,8,26,8,23.4,70.3,20.3,17.7,13.32,19.6,57.4,0,968.4,349,1,2.1,597,780,114,78,676,458,81,360,0,17,96
ALT,2016,8,26,9,24.3,64.9,19.7,17.3,12.92,19.6,57.3,0,968.3,338,1.7,2.9,723,844,113,90,560,591,93,362,0,17,96
ALT,2016,8,26,10,25.8,60.6,20.1,17.6,13.19,20.3,59.6,0,968,335,1.5,2.9,797,868,117,97,376,673,101,365,0,17,96
ALT,2016,8,26,11,27.1,60.1,21.5,18.7,14.13,21.3,63.3,0,967.6,349,1.7,3.1,819,875,117,99,158,697,183,368,0,17,96
ALT,2016,8,26,12,28.4,57.1,22,19.1,14.48,22,65.5,0,967.3,345,2,3.3,777,833,131,98,101,653,418,373,0,17,96
ALT,2016,8,26,13,29.4,53.1,21.7,18.9,14.28,22.1,66.1,0,966.9,328,2.3,4.2,686,783,135,91,93,556,578,369,0,17,96
ALT,2016,8,26,14,30.2,47.3,20.3,17.7,13.34,21.6,64.5,0,966.6,307,2.6,6.2,560,739,121,77,78,422,675,368,0,17,96
ALT,2016,8,26,15,29.5,47.5,19.6,17.2,12.88,21.2,62.6,0,966.4,306,1.6,4.3,145,172,58,59,60,123,216,368,0,17,96
ALT,2016,8,26,16,26.7,58.7,20.5,17.9,13.48,20.7,61.2,0,966.4,193,1.3,3.2,38,0,38,40,40,40,40,368,0,17,96
ALT,2016,8,26,17,24.8,65.8,20.5,18,13.48,20.2,59.3,0,966.7,164,0.8,1.8,28,0,28,18,17,18,17,368,6,17,96
ALT,2016,8,26,18,24.4,65,19.8,17.4,13,19.7,57.6,0,967.2,158,1.2,2.3,0,0,0,0,0,0,0,367,0,17,96
ALT,2016,8,26,19,22.8,69.7,19.3,17,12.66,19,55.1,0,967.7,171,1.4,2.5,0,0,0,0,0,0,0,364,0,17,96
ALT,2016,8,26,20,21.1,75.6,18.9,16.6,12.39,18.2,52.7,0,967.9,167,0.9,1.9,0,0,0,0,0,0,0,362,0,17,96
ALT,2016,8,26,21,20.3,78.9,18.7,16.5,12.25,17.8,51.5,0,968,149,0.6,1.4,0,0,0,0,0,0,0,359,0,17,96
ALT,2016,8,26,22,19.8,80.9,18.7,16.4,12.25,17.6,51,0,968.3,169,0.7,1.3,0,0,0,0,0,0,0,357,0,17,96
ALT,2016,8,26,23,19.3,83.1,18.7,16.4,12.25,17.4,50.5,0,968.3,157,0.8,1.5,0,0,0,0,0,0,0,355,0,17,96
ALT,2016,8,27,0,18.9,84.8,18.5,16.3,12.12,17.2,49.7,0,968.2,158,0.6,1.7,0,0,0,0,0,0,0,353,0,16,96
ALT,2016,8,27,1,18.6,84.8,18.2,16,11.92,16.9,48.9,0,968,149,0.6,1.4,0,0,0,0,0,0,0,352,0,16,96
ALT,2016,8,27,2,17.7,88.1,17.8,15.7,11.65,16.4,47.3,0,967.8,157,0.8,1.6,0,0,0,0,0,0,0,351,0,16,96
ALT,2016,8,27,3,17.5,88.5,17.7,15.6,11.59,16.3,47,0,967.5,146,0.5,1.1,0,0,0,0,0,0,0,350,0,16,96
ALT,2016,8,27,4,17.3,89,17.5,15.5,11.45,16.2,46.4,0,967.8,225,0.5,1.8,2,0,2,1,1,1,1,354,6,16,96
ALT,2016,8,27,5,16.5,92.2,17.2,15.2,11.25,15.7,45.1,0,968.2,141,0.8,1.8,35,0,35,23,23,23,23,348,6,16,96
ALT,2016,8,27,6,18.2,87.7,18.3,16.1,11.98,16.8,48.7,0,968.4,135,0.4,1,230,473,68,42,513,124,42,349,0,16,96
ALT,2016,8,27,7,21.1,78.2,19.6,17.2,12.85,18.5,53.8,0,968.6,45,0.4,1.4,436,683,107,62,692,297,63,351,0,16,96
ALT,2016,8,27,8,22,75.9,20.1,17.6,13.18,19.1,55.6,0,969,339,2,3,591,765,119,77,666,458,79,354,0,16,96
ALT,2016,8,27,9,23.9,62.1,18.4,16.2,12.04,18.8,54.7,0,968.7,339,0.9,2.4,729,869,105,86,564,601,90,357,0,16,96
ALT,2016,8,27,10,25.5,58.4,19,16.7,12.45,19.6,57.4,0,968.1,343,1.7,2.8,798,879,112,94,372,677,98,359,0,16,96
ALT,2016,8,27,11,26.2,54.9,18.7,16.4,12.26,19.7,57.6,0,967.8,331,1.9,3.2,794,808,149,103,159,673,192,362,39,16,96
ALT,2016,8,27,12,27.6,51.3,18.9,16.6,12.4,20.2,59.4,0,967.2,337,2.2,3.6,696,611,226,118,118,566,396,384,55,16,96
ALT,2016,8,27,13,28.7,49.4,19.4,17.1,12.74,20.9,61.4,0,966.8,338,2.3,3.8,611,577,209,109,109,477,493,399,61,16,96
ALT,2016,8,27,14,29.1,47.2,19,16.7,12.47,20.8,61.1,0,966.5,325,1.7,3.5,518,587,171,86,86,390,586,394,50,16,96
ALT,2016,8,27,15,26.8,54.4,19.1,16.8,12.54,20.1,58.9,0,966.3,270,1.1,2.3,127,69,92,68,67,100,136,385,43,16,96
ALT,2016,8,27,16,25,66.4,20.8,18.3,13.69,20.4,60,0,966.1,202,0.7,1.6,45,0,45,41,41,41,41,389,25,16,96
ALT,2016,8,27,17,24.1,67.9,20.3,17.8,13.35,19.9,58.2,0,966.4,169,0.6,1.8,29,0,29,18,18,18,18,379,0,16,96
ALT,2016,8,27,18,22.7,72,19.8,17.4,13,19.2,55.9,0,966.9,159,0.9,2,0,0,0,0,0,0,0,365,0,16,96
ALT,2016,8,27,19,21.8,74.8,19.6,17.1,12.86,18.7,54.6,0,967.4,171,1.2,2.6,0,0,0,0,0,0,0,364,0,16,96
ALT,2016,8,27,20,21.2,76.1,19.2,16.8,12.59,18.3,53.3,0,967.5,171,1.5,2.6,0,0,0,0,0,0,0,388,50,16,96
ALT,2016,8,27,21,20.8,77.9,19.1,16.8,12.53,18.2,52.7,0,967.6,157,1.1,2.3,0,0,0,0,0,0,0,414,100,16,96
ALT,2016,8,27,22,20.8,78.6,19.3,16.9,12.65,18.2,53,0,968.1,194,1.4,3.3,0,0,0,0,0,0,0,411,100,16,96
ALT,2016,8,27,23,22.9,68.7,19.1,16.8,12.5,18.9,54.8,10,969.7,352,2.9,12.5,0,0,0,0,0,0,0,409,100,16,96
ALT,2016,8,28,0,18.1,90.3,18.7,16.5,12.25,17.1,49.2,4.4,968.4,63,1.4,4.4,0,0,0,0,0,0,0,402,90,17,96
ALT,2016,8,28,1,17.5,94.4,18.9,16.6,12.38,16.9,49,0,968.3,292,1.1,2.4,0,0,0,0,0,0,0,365,16,17,96
ALT,2016,8,28,2,16.8,97.3,18.6,16.4,12.18,16.5,47.7,0,968.5,130,1,1.8,0,0,0,0,0,0,0,357,0,17,96
ALT,2016,8,28,3,16.9,96.3,18.5,16.3,12.11,16.5,47.7,0,968.5,270,0.7,2.8,0,0,0,0,0,0,0,356,0,17,96
ALT,2016,8,28,4,16.2,97.4,17.9,15.8,11.71,15.9,45.9,0,968.7,149,0.8,1.9,0,0,0,0,0,0,0,369,20,17,96
ALT,2016,8,28,5,17.1,92.5,18,15.9,11.78,16.3,47,0,968.8,144,1.5,3.3,34,0,34,23,22,23,22,355,0,17,96
ALT,2016,8,28,6,18.2,88.6,18.5,16.3,12.11,17,49,0,968.7,150,0.9,1.9,226,462,69,42,502,124,43,355,0,17,96
ALT,2016,8,28,7,20.6,79.9,19.3,17,12.65,18.2,52.8,0,968.5,124,0.7,1.5,432,693,102,62,700,299,63,360,13,17,96
ALT,2016,8,28,8,22.4,72.7,19.6,17.3,12.85,19,55.2,0,968.6,347,1.4,3.1,500,481,208,102,508,373,100,382,56,17,96
ALT,2016,8,28,9,23.6,65.7,19.1,16.8,12.51,19.1,55.6,0,968.4,322,1.2,3.1,413,125,324,156,243,254,147,385,88,17,96
ALT,2016,8,28,10,25,59.1,18.7,16.5,12.26,19.4,56.4,0,967.8,337,1.5,2.7,467,170,334,160,232,308,151,391,88,17,96
ALT,2016,8,28,11,25.7,58.4,19.3,16.9,12.66,19.8,58.1,0,967.4,354,2.1,3.6,561,288,332,158,215,408,181,405,71,17,96
ALT,2016,8,28,12,26.8,56.1,19.7,17.3,12.94,20.4,60,0,966.9,331,2.6,4.8,302,30,279,138,131,162,146,409,88,17,96
ALT,2016,8,28,13,26.7,57.9,20.2,17.7,13.28,20.6,60.7,0,966.4,3,1.9,3.9,319,81,265,129,123,186,188,405,94,17,96
ALT,2016,8,28,14,28.2,51.8,19.8,17.4,13.01,20.9,61.6,0,966.1,346,1.1,2.4,296,186,181,88,85,200,242,401,71,17,96
ALT,2016,8,28,15,26.8,61.9,21.8,18.9,14.36,21.4,63.6,0,965.9,256,0.7,2.3,147,12,141,81,78,86,89,406,71,17,96
ALT,2016,8,28,16,25.7,66.1,21.7,18.9,14.3,21,62.3,0,965.9,202,0.9,2.2,73,0,73,37,35,37,34,414,94,17,96
ALT,2016,8,28,17,25,68.6,21.7,18.8,14.3,20.8,61.6,0,965.9,207,0.7,1.8,14,0,14,7,7,7,7,416,94,17,96
ALT,2016,8,28,18,23.8,72.1,21.2,18.5,13.95,20.2,59.4,0,966.6,180,0.9,3.4,0,0,0,0,0,0,0,414,100,17,96
ALT,2016,8,28,19,22.6,76.3,20.9,18.2,13.73,19.6,57.6,0,967.9,141,2.9,8.2,0,0,0,0,0,0,0,411,88,17,96
ALT,2016,8,28,20,21.2,81.7,20.6,17.9,13.52,19,55.7,0,968.2,135,2.8,5.8,0,0,0,0,0,0,0,389,64,17,96
ALT,2016,8,28,21,20.8,81.3,19.9,17.5,13.05,18.6,54.1,0,968.2,142,2.5,5.3,0,0,0,0,0,0,0,393,59,17,96
ALT,2016,8,28,22,20,82.9,19.4,17,12.72,18,52.4,0,967.9,159,2.1,4,0,0,0,0,0,0,0,379,50,17,96
ALT,2016,8,28,23,20.1,79.6,18.7,16.5,12.25,17.8,51.3,0,967.9,162,0.9,3,0,0,0,0,0,0,0,389,58,17,96
ALT,2016,8,29,0,18,89.7,18.6,16.3,12.19,16.9,49,0,967.9,166,0.9,1.9,0,0,0,0,0,0,0,387,68,18,96
ALT,2016,8,29,1,18,90.2,18.6,16.4,12.19,17,49,0,967.8,180,1,2.8,0,0,0,0,0,0,0,391,81,18,96
ALT,2016,8,29,2,18.2,89.7,18.7,16.5,12.25,17.1,49.4,0,967.9,159,1.1,2.3,0,0,0,0,0,0,0,380,56,18,96
ALT,2016,8,29,3,17.8,89.4,18.2,16,11.92,16.6,48.1,0,967.7,158,1.2,3,0,0,0,0,0,0,0,384,70,18,96
ALT,2016,8,29,4,17.7,89.7,18.1,16,11.85,16.6,47.8,0,967.9,0,0.4,1.6,0,0,0,0,0,0,0,398,100,18,96
ALT,2016,8,29,5,18.4,91.1,19.3,16.9,12.65,17.4,50.6,0,968.6,225,1.2,3.7,40,0,40,21,20,21,20,393,75,18,96
ALT,2016,8,29,6,18.7,91.2,19.6,17.2,12.84,17.7,51.4,3.8,968.9,286,1.2,5.3,20,0,20,10,10,10,9,401,100,18,96
ALT,2016,8,29,7,18.8,94.1,20.4,17.8,13.37,18.1,52.8,0.5,969.3,127,1.3,3.1,55,0,55,28,26,27,26,403,100,18,96
ALT,2016,8,29,8,19.5,91.4,20.7,18.1,13.57,18.6,54,0,969.6,259,1.1,2.5,87,0,87,44,42,44,41,406,100,18,96
ALT,2016,8,29,9,19.6,90.6,20.7,18,13.57,18.5,54.1,0.6,969.6,317,2,3.2,44,0,44,22,21,22,21,408,100,18,96
ALT,2016,8,29,10,19.3,91.8,20.5,17.9,13.43,18.4,53.5,3.9,969.6,312,1.8,4.6,58,0,58,30,28,29,28,411,100,18,96
ALT,2016,8,29,11,19.7,89.4,20.5,17.9,13.43,18.5,53.9,0.2,969.6,79,1.2,2.9,150,1,149,76,72,76,71,413,100,18,96
ALT,2016,8,29,12,20.5,83.9,20.3,17.7,13.31,18.6,54.4,0,969.2,319,1.3,3.4,281,24,262,132,126,153,136,414,100,18,96
ALT,2016,8,29,13,20.8,81.6,20,17.5,13.11,18.6,54.2,0,969,305,1.3,3,168,1,168,85,81,85,80,412,100,18,96
ALT,2016,8,29,14,20.6,79.8,19.4,17,12.71,18.2,53,0,969.1,331,3.1,6.2,102,2,101,51,49,52,49,408,100,18,96
ALT,2016,8,29,15,20.5,78.6,18.9,16.7,12.37,18,52,0,969.1,321,1.5,4.6,19,0,19,9,9,9,9,409,100,18,96
ALT,2016,8,29,16,20,82.7,19.3,17,12.64,18,52.2,0,969.1,14,1.3,4,19,0,19,10,9,10,9,408,100,18,96
ALT,2016,8,29,17,19.3,86,19.2,16.9,12.57,17.7,51.3,0,969.2,180,1.1,3.2,3,0,3,1,1,1,1,406,100,18,96
ALT,2016,8,29,18,18.5,91.5,19.5,17.1,12.76,17.6,51,0,969.9,131,1,2.3,0,0,0,0,0,0,0,404,100,18,96
ALT,2016,8,29,19,18.4,90.9,19.2,16.9,12.55,17.4,50.3,0,970.5,135,1.7,3.3,0,0,0,0,0,0,0,403,100,18,96
ALT,2016,8,29,20,18,93.2,19.2,16.9,12.55,17.3,49.9,0.2,971.1,121,0.7,1.4,0,0,0,0,0,0,0,401,100,18,96
ALT,2016,8,29,21,17.4,97,19.2,16.9,12.54,17.1,49.3,0.8,971.3,135,0.5,1.7,0,0,0,0,0,0,0,399,100,18,96
ALT,2016,8,29,22,17,96,18.6,16.4,12.14,16.6,47.8,0,971.5,162,0.8,1.6,0,0,0,0,0,0,0,397,100,18,96
ALT,2016,8,29,23,17,96.5,18.7,16.4,12.21,16.6,48,0,971.2,169,0.8,1.5,0,0,0,0,0,0,0,396,100,18,96
ALT,2016,8,30,0,16.6,97.6,18.4,16.2,12.02,16.3,47.1,0,970.6,135,0.4,1.2,0,0,0,0,0,0,0,394,100,19,96
ALT,2016,8,30,1,16.5,97.4,18.3,16.1,11.96,16.2,46.9,0,970.3,146,0.8,1.6,0,0,0,0,0,0,0,394,100,19,96
ALT,2016,8,30,2,16.3,96.8,18,15.8,11.76,16,46.2,0,969.8,129,0.9,2,0,0,0,0,0,0,0,394,100,19,96
ALT,2016,8,30,3,15.8,97.4,17.5,15.4,11.43,15.5,44.8,0,969.7,214,0.5,1.3,0,0,0,0,0,0,0,393,100,19,96
ALT,2016,8,30,4,15.2,97.7,16.8,14.8,10.96,15,43,0,970,143,1.1,2.8,0,0,0,0,0,0,0,393,100,19,96
ALT,2016,8,30,5,15.9,95.7,17.2,15.2,11.23,15.5,44.4,0,970.2,146,1.1,2.6,27,0,27,14,13,14,13,385,94,19,96
ALT,2016,8,30,6,16.5,93.1,17.4,15.4,11.36,15.8,45.3,0,970.3,157,0.8,1.7,171,235,87,46,282,102,44,388,88,19,96
ALT,2016,8,30,7,17.5,87.9,17.6,15.5,11.49,16.2,46.7,0,970.3,135,0.5,1.5,340,364,175,89,443,230,87,384,60,19,96
ALT,2016,8,30,8,18.9,81.7,17.9,15.7,11.69,16.8,48.6,0,970.6,336,1.3,2.8,391,219,261,130,323,264,124,399,58,19,96
ALT,2016,8,30,9,20.1,78,18.3,16.1,11.96,17.5,50.6,0,970.2,319,1.1,2.6,687,767,145,102,550,592,105,390,43,19,96
ALT,2016,8,30,10,21,75.3,18.7,16.5,12.23,18.1,52.2,0,970,337,2.4,4.2,623,429,294,148,350,502,145,393,50,19,96
ALT,2016,8,30,11,21.7,71.2,18.4,16.3,12.03,18.2,52.4,0,969.9,317,2.7,5.2,664,499,272,144,191,550,231,408,50,19,96
ALT,2016,8,30,12,22.3,68.1,18.3,16.1,11.96,18.3,52.8,0,969.8,320,3.1,5.2,741,774,155,109,112,653,429,406,36,19,96
ALT,2016,8,30,13,23,66.7,18.7,16.5,12.23,18.7,54.2,0,969.5,302,2.4,4.4,626,639,185,108,109,526,527,409,45,19,96
ALT,2016,8,30,14,22.9,67.1,18.7,16.5,12.24,18.7,54.2,0,969.3,302,2.7,4.6,397,274,239,119,115,280,364,408,70,19,96
ALT,2016,8,30,15,22,70.1,18.6,16.3,12.17,18.3,53.1,0,969.2,298,2.2,3.9,187,44,165,91,88,112,131,393,64,19,96
ALT,2016,8,30,16,21.7,71,18.5,16.2,12.11,18.1,52.6,0,969,297,1.4,3.4,73,0,73,49,48,49,48,385,55,19,96
ALT,2016,8,30,17,21,75.4,18.7,16.5,12.24,18.1,52.2,0,969,326,0.6,1.9,23,0,23,15,14,15,14,365,45,19,96
ALT,2016,8,30,18,19.5,85.6,19.4,17,12.7,17.9,51.8,0,969.5,158,0.6,1.4,0,0,0,0,0,0,0,370,40,19,96
ALT,2016,8,30,19,18.8,86.2,18.7,16.4,12.23,17.2,49.9,0,969.8,135,0.4,1.3,0,0,0,0,0,0,0,366,10,19,96
ALT,2016,8,30,20,17.9,89.3,18.3,16.1,11.96,16.7,48.3,0,969.7,135,0.9,2.2,0,0,0,0,0,0,0,364,0,19,96
ALT,2016,8,30,21,17.3,89.2,17.6,15.5,11.5,16.2,46.5,0,969.3,158,1.2,2.5,0,0,0,0,0,0,0,362,0,19,96
ALT,2016,8,30,22,16.7,90.4,17.2,15.1,11.24,15.7,45.2,0,969.2,180,0.7,1.3,0,0,0,0,0,0,0,362,0,19,96
ALT,2016,8,30,23,15.3,95,16.5,14.5,10.77,14.8,42.6,0,969,167,1,2,0,0,0,0,0,0,0,363,0,19,96
ALT,2016,8,31,0,15.2,95,16.5,14.4,10.78,14.7,42.5,0,968.7,171,0.7,2,0,0,0,0,0,0,0,362,0,20,96
ALT,2016,8,31,1,14.6,96,15.9,14,10.38,14.2,40.9,0,969,153,0.6,1.3,0,0,0,0,0,0,0,363,0,20,96
ALT,2016,8,31,2,14.3,95.9,15.6,13.7,10.17,13.9,40.1,0,969.3,153,0.8,1.7,0,0,0,0,0,0,0,359,0,20,96
ALT,2016,8,31,3,14.4,94.9,15.6,13.6,10.17,13.9,40.2,0,969.5,165,1.2,2.1,0,0,0,0,0,0,0,356,6,20,96
ALT,2016,8,31,4,14.2,95,15.3,13.4,9.97,13.7,39.5,0,969.8,164,0.8,1.6,0,0,0,0,0,0,0,360,16,20,96
ALT,2016,8,31,5,13.8,96,15.1,13.2,9.84,13.4,38.7,0,969.6,166,0.9,1.8,33,0,33,23,23,23,23,349,0,20,96
ALT,2016,8,31,6,15.1,93.8,16.1,14.1,10.5,14.5,41.7,0,969.7,153,0.6,1.3,217,440,72,48,487,135,48,350,0,20,96
ALT,2016,8,31,7,17.5,86,17.2,15.1,11.23,16,46,0,969.8,351,0.7,1.5,431,721,93,68,725,323,70,352,16,20,96
ALT,2016,8,31,8,19.1,79.3,17.6,15.4,11.49,16.7,48.4,0,970,27,0.5,1.7,558,688,142,95,631,461,97,380,50,20,96
ALT,2016,8,31,9,20.5,77.5,18.6,16.4,12.16,17.8,51.5,0,970,351,1.2,2.2,681,686,194,120,529,589,122,390,33,20,96
ALT,2016,8,31,10,21.6,70.3,18.2,16,11.9,18,52,0,969.7,326,1.3,2.7,668,613,201,131,363,570,132,398,56,20,96
ALT,2016,8,31,11,22.6,68.4,18.8,16.5,12.3,18.6,54,0,969.6,329,1.4,3.1,284,83,219,112,107,187,140,412,100,20,96
ALT,2016,8,31,12,22.5,68.5,18.6,16.4,12.17,18.5,53.6,0,969.3,321,0.7,1.7,420,106,340,173,166,267,223,415,100,20,96
ALT,2016,8,31,13,23.2,69,19.6,17.2,12.84,19.2,56,0,969,347,1,2.1,251,16,239,124,118,135,128,411,100,20,96
ALT,2016,8,31,14,23.3,68.5,19.6,17.2,12.84,19.2,56.1,0,968.9,301,0.7,2,107,1,107,55,53,55,52,413,100,20,96
ALT,2016,8,31,15,23.4,71.6,20.6,18,13.51,19.8,57.9,0,968.7,207,0.4,1.2,99,0,99,61,59,61,58,413,94,20,96
ALT,2016,8,31,16,22.4,78.2,21.1,18.3,13.83,19.7,57.6,0,968.8,333,0.7,1.8,73,0,73,49,48,49,48,396,71,20,96
ALT,2016,8,31,17,21.5,82.6,21.1,18.4,13.86,19.4,56.8,0,969.1,207,0.7,1.6,12,0,12,6,6,6,6,400,100,20,96
ALT,2016,8,31,18,20.9,82.4,20.3,17.7,13.31,18.8,54.8,0.1,969.7,180,1.7,3.3,0,0,0,0,0,0,0,410,100,20,96
ALT,2016,8,31,19,20.3,83.1,19.8,17.3,12.97,18.4,53.4,0,970.3,137,2.6,5.6,0,0,0,0,0,0,0,407,100,20,96
ALT,2016,8,31,20,19.7,83.6,19.2,16.8,12.54,17.8,51.6,0,970.4,135,2.1,5.6,0,0,0,0,0,0,0,405,78,20,96
ALT,2016,8,31,21,18.8,84,18.3,16,11.94,17,49.2,0,970.2,320,5.4,12,0,0,0,0,0,0,0,399,84,20,96
ALT,2016,8,31,22,17.9,84.3,17.4,15.2,11.39,16.2,46.9,0,969.9,350,1.8,5.5,0,0,0,0,0,0,0,399,100,20,96
ALT,2016,8,31,23,16.8,84.7,16.4,14.2,10.71,15.2,44.1,0,969.1,162,0.7,1.8,0,0,0,0,0,0,0,397,100,20,96
ALT,2004,9,1,0,15.8,85.1,15.4,13.2,10.06,14.2,41.3,0,968.3,149,0.6,1.8,0,0,0,0,0,0,0,356,70,14,97
ALT,2004,9,1,1,14.6,85.8,14.4,12.2,9.42,13.2,38.5,0,967.4,138,1.6,2.7,0,0,0,0,0,0,0,314,40,14,97
ALT,2004,9,1,2,13.7,86.4,13.7,11.5,8.93,12.4,36.3,0,966.8,128,1.2,2.4,0,0,0,0,0,0,0,286,0,14,97
ALT,2004,9,1,3,13,85.8,12.9,10.6,8.41,11.7,34.3,0,966.1,132,1.3,2.4,0,0,0,0,0,0,0,285,0,14,97
ALT,2004,9,1,4,12.4,85.8,12.3,10,8.02,11,32.7,0,965.8,133,2.1,3,0,0,0,0,0,0,0,285,0,14,97
ALT,2004,9,1,5,12.5,84.4,12.2,9.9,7.93,11,32.5,0,965.8,140,1.7,2.9,83,226,41,35,253,20,19,284,0,14,97
ALT,2004,9,1,6,12.6,82.9,12,9.7,7.84,11,32.4,0,965.8,135,2,3,277,652,70,36,686,155,36,284,0,14,97
ALT,2004,9,1,7,13.6,79.1,12.3,10,8.02,11.6,33.9,0,965.8,149,1.3,3.1,453,771,87,50,743,331,52,288,0,14,97
ALT,2004,9,1,8,15.1,76.1,13,10.9,8.49,12.7,36.6,0,965.7,326,1.5,4.3,604,827,103,63,679,492,66,292,0,14,97
ALT,2004,9,1,9,16.5,71.5,13.4,11.3,8.75,13.4,38.7,0,965.5,317,2.1,4.1,712,826,128,76,531,610,79,296,0,14,97
ALT,2004,9,1,10,17.4,69.4,13.8,11.7,9.02,14,40.3,0,965.2,319,2.2,5,790,875,120,79,343,694,84,299,0,14,97
ALT,2004,9,1,11,18.7,68.5,14.8,12.8,9.69,15.1,43.4,0,964.7,319,2.8,5.5,813,905,108,79,126,719,173,303,0,14,97
ALT,2004,9,1,12,19.5,63.7,14.4,12.4,9.43,15.2,43.5,0,964.4,309,2.9,5.4,770,879,113,77,78,673,425,306,0,14,97
ALT,2004,9,1,13,20.1,61,14.4,12.3,9.43,15.3,44.1,0,964.2,313,2.6,5,680,853,106,69,71,575,602,307,0,14,97
ALT,2004,9,1,14,20.9,58.2,14.3,12.4,9.37,15.7,44.8,0,964,310,2.5,4.7,542,788,102,59,60,429,703,308,0,14,97
ALT,2004,9,1,15,19.7,65.2,15,13,9.83,15.6,44.8,0,963.9,291,1.5,4.1,229,367,63,45,46,173,385,308,0,14,97
ALT,2004,9,1,16,18,75.3,15.5,13.6,10.16,15.3,43.9,0,964,214,0.4,1.4,34,0,34,30,30,30,30,309,0,14,97
ALT,2004,9,1,17,17.8,73.2,14.9,12.9,9.76,14.8,42.6,0,964.4,175,1.1,3.2,15,0,15,9,9,9,8,309,0,14,97
ALT,2004,9,1,18,17.3,75.3,14.9,12.9,9.76,14.6,42.1,0,964.6,142,3,4.8,0,0,0,0,0,0,0,309,0,14,97
ALT,2004,9,1,19,15.8,81.6,14.6,12.7,9.56,13.9,40.1,0,964.8,148,1.9,3.8,0,0,0,0,0,0,0,308,0,14,97
ALT,2004,9,1,20,14.8,84.6,14.2,12.2,9.29,13.3,38.4,0,964.8,150,0.8,2.1,0,0,0,0,0,0,0,306,0,14,97
ALT,2004,9,1,21,14.2,88,14.3,12.2,9.35,13,37.9,0,965.1,135,0.8,2.3,0,0,0,0,0,0,0,305,0,14,97
ALT,2004,9,1,22,14.3,87.3,14.2,12.2,9.29,13.1,37.8,0,965.2,151,1.9,2.9,0,0,0,0,0,0,0,303,0,14,97
ALT,2004,9,1,23,13.6,89.9,14,12,9.15,12.7,36.8,0,965.6,146,1.8,3.2,0,0,0,0,0,0,0,302,0,14,97
ALT,2004,9,2,0,13.4,90.4,13.9,11.9,9.08,12.5,36.4,0,965.8,151,1.9,3,0,0,0,0,0,0,0,305,6,14,97
ALT,2004,9,2,1,12.9,91.8,13.6,11.6,8.88,12.1,35.4,0,966,148,1.9,2.9,0,0,0,0,0,0,0,308,13,14,97
ALT,2004,9,2,2,12.8,91.9,13.6,11.5,8.88,12,35.3,0,965.8,146,2.3,3.8,0,0,0,0,0,0,0,299,0,14,97
ALT,2004,9,2,3,11.9,94.2,13.1,11,8.55,11.4,33.5,0,966,157,1.4,2.9,0,0,0,0,0,0,0,298,0,14,97
ALT,2004,9,2,4,11.6,94.2,12.9,10.7,8.42,11.1,32.9,0,966.2,153,0.7,2.1,0,0,0,0,0,0,0,297,0,14,97
ALT,2004,9,2,5,12.2,92.6,13.2,11,8.61,11.5,34,0,966.4,153,2,3.1,30,0,30,20,19,19,19,296,0,14,97
ALT,2004,9,2,6,12.6,90.8,13.3,11.1,8.68,11.7,34.6,0,966.6,149,0.6,2.3,269,629,72,36,664,156,36,296,0,14,97
ALT,2004,9,2,7,14.8,83.6,14.1,12.1,9.21,13.2,38.2,0,966.8,135,0.5,2,445,755,89,50,730,331,52,299,0,14,97
ALT,2004,9,2,8,17,78.6,15.2,13.3,9.93,14.7,42.2,0,966.9,328,0.9,3,597,816,104,63,670,493,66,303,0,14,97
ALT,2004,9,2,9,18.4,73.1,15.5,13.5,10.14,15.4,44.2,0,966.5,315,1.3,3.2,713,854,113,73,533,619,76,306,0,14,97
ALT,2004,9,2,10,19.8,70.2,16.2,14.2,10.61,16.3,46.8,0,966.2,317,2.3,4.2,786,883,113,78,338,698,82,310,0,14,97
ALT,2004,9,2,11,20.8,67.9,16.7,14.7,10.94,16.9,48.7,0,966.1,317,2.1,4.2,803,892,111,79,125,717,174,313,0,14,97
ALT,2004,9,2,12,22.3,59.6,16,14.1,10.48,17.1,49.1,0,966,325,2.5,5.3,761,870,114,76,78,671,424,317,0,14,97
ALT,2004,9,2,13,23.3,56.4,16.1,14.1,10.55,17.4,50.3,0,965.7,323,3.4,6.3,668,838,109,69,70,572,596,319,0,14,97
ALT,2004,9,2,14,23.8,55.1,16.2,14.2,10.61,17.7,50.9,0,965.8,320,3,5.7,532,776,102,59,59,426,694,321,0,14,97
ALT,2004,9,2,15,22.4,61,16.5,14.5,10.81,17.4,50,0,966,301,1.3,3.6,223,356,64,45,45,170,375,322,0,14,97
ALT,2004,9,2,16,20.6,68.6,16.6,14.6,10.87,16.8,48.3,0,966.5,219,0.6,1.9,33,0,33,29,29,29,29,324,0,14,97
ALT,2004,9,2,17,20.5,68.4,16.5,14.5,10.8,16.7,48,0,966.7,144,1.9,4.8,15,0,15,9,8,8,8,326,0,14,97
ALT,2004,9,2,18,19.2,74.7,16.6,14.6,10.86,16.3,46.9,0,967.2,146,1.9,3.2,0,0,0,0,0,0,0,327,0,14,97
ALT,2004,9,2,19,18.7,75.6,16.3,14.3,10.65,15.9,45.8,0,967.9,140,1.7,3.1,0,0,0,0,0,0,0,325,0,14,97
ALT,2004,9,2,20,17.4,81.3,16.1,14.2,10.51,15.4,44.1,0,968.6,137,1.7,3.2,0,0,0,0,0,0,0,331,13,14,97
ALT,2004,9,2,21,17.1,80.9,15.8,13.8,10.31,15.1,43.3,0,968.8,148,2.7,4.1,0,0,0,0,0,0,0,322,0,14,97
ALT,2004,9,2,22,17.1,78.6,15.3,13.4,9.98,14.8,42.5,0,968.8,146,2.6,4.6,0,0,0,0,0,0,0,320,0,14,97
ALT,2004,9,2,23,17.1,76.9,15,13,9.78,14.6,42,0,969.1,142,2.5,3.9,0,0,0,0,0,0,0,319,0,14,97
ALT,2004,9,3,0,16.7,78.3,14.8,12.9,9.64,14.4,41.2,0,969.4,147,1.6,3.2,0,0,0,0,0,0,0,342,44,14,97
ALT,2004,9,3,1,15.9,83.4,15,13.1,9.77,14.2,40.7,0,969.7,137,1.8,3.4,0,0,0,0,0,0,0,364,88,14,97
ALT,2004,9,3,2,16.5,80,14.9,13,9.71,14.4,41.2,0,969.7,149,1.3,3.2,0,0,0,0,0,0,0,343,50,14,97
ALT,2004,9,3,3,15,87.8,15,13,9.77,13.8,39.8,0,970,117,0.4,2,0,0,0,0,0,0,0,315,0,14,97
ALT,2004,9,3,4,15.3,85.6,14.9,12.9,9.7,13.9,39.9,0,970.3,148,1.6,2.7,0,0,0,0,0,0,0,314,0,14,97
ALT,2004,9,3,5,15,84.8,14.5,12.5,9.43,13.5,38.9,0,971.1,144,1.8,3.3,31,0,31,20,20,19,19,314,0,14,97
ALT,2004,9,3,6,15.7,82.1,14.6,12.7,9.49,13.9,39.8,0,971.5,132,1.2,2.6,259,598,74,37,635,155,37,314,0,14,97
ALT,2004,9,3,7,18,74.5,15.3,13.4,9.95,15.2,43.3,0,971.8,162,0.4,1.5,430,718,95,53,703,326,54,317,0,14,97
ALT,2004,9,3,8,20.3,66.9,15.9,14,10.34,16.3,46.7,0,971.9,225,0.4,1.9,506,502,205,91,508,399,88,344,40,14,97
ALT,2004,9,3,9,21.7,62.7,16.2,14.3,10.54,17,48.6,0,971.9,307,1.6,3.3,547,375,285,126,384,418,119,357,55,14,97
ALT,2004,9,3,10,22.9,57,15.9,13.9,10.35,17.2,49.3,0,971.8,319,2.1,3.7,575,325,328,145,300,430,136,370,68,14,97
ALT,2004,9,3,11,23.9,56,16.6,14.6,10.81,17.9,51.6,0,971.8,333,1.8,3.5,569,293,343,153,195,417,199,380,75,14,97
ALT,2004,9,3,12,24.6,56.5,17.5,15.4,11.41,18.6,53.8,0,971.7,335,3,5.4,582,376,304,134,131,450,334,379,68,14,97
ALT,2004,9,3,13,25.2,56.1,18,15.8,11.74,19,55.3,0,971.5,329,2.2,5.1,386,133,296,138,134,237,229,383,75,14,97
ALT,2004,9,3,14,26.3,52.7,18,15.9,11.74,19.4,56.4,0,971.4,318,2.5,4.7,441,443,199,88,87,333,485,378,68,14,97
ALT,2004,9,3,15,24.2,59,17.8,15.7,11.61,18.6,53.9,0,971.4,278,0.7,2.9,194,66,165,81,78,106,140,399,100,14,97
ALT,2004,9,3,16,22.8,70.9,19.6,17.2,12.81,19.1,55.5,0,971.6,214,0.7,2.6,66,0,66,40,39,38,37,377,68,14,97
ALT,2004,9,3,17,22.3,71,19.1,16.8,12.47,18.7,54.1,0,971.9,135,1.1,2.3,14,0,14,8,8,8,8,389,88,14,97
ALT,2004,9,3,18,22,70.2,18.5,16.3,12.06,18.3,52.8,0,973,137,2,4.2,0,0,0,0,0,0,0,396,100,14,97
ALT,2004,9,3,19,20.2,83,19.6,17.2,12.78,18.2,52.8,0.2,973.6,140,2.6,5.5,0,0,0,0,0,0,0,385,88,14,97
ALT,2004,9,3,20,18.9,85.7,18.7,16.5,12.18,17.3,49.9,0,973.9,130,2.4,5.7,0,0,0,0,0,0,0,350,33,14,97
ALT,2004,9,3,21,18,87.9,18.2,16,11.84,16.7,48.1,0,974.1,128,1.9,4.4,0,0,0,0,0,0,0,328,0,14,97
ALT,2004,9,3,22,17.6,92.1,18.5,16.3,12.04,16.8,48.2,0,974.3,129,2.1,4.2,0,0,0,0,0,0,0,326,0,14,97
ALT,2004,9,3,23,16.9,92.3,17.8,15.6,11.57,16.1,46.3,0,974.5,150,1.5,2.7,0,0,0,0,0,0,0,325,0,14,97
ALT,2004,9,4,0,16.6,88.4,16.7,14.7,10.84,15.4,44.1,0,974.7,127,1,2.9,0,0,0,0,0,0,0,334,20,16,97
ALT,2004,9,4,1,16.3,88.9,16.4,14.5,10.65,15.2,43.3,0,974.6,144,2.4,4,0,0,0,0,0,0,0,343,40,16,97
ALT,2004,9,4,2,15.9,87.4,15.8,13.8,10.25,14.6,41.9,0,974.8,143,2.2,3.1,0,0,0,0,0,0,0,342,40,16,97
ALT,2004,9,4,3,15.3,87.2,15.2,13.2,9.85,14,40.3,0,974.8,139,2.3,3.8,0,0,0,0,0,0,0,341,40,16,97
ALT,2004,9,4,4,15.3,84.1,14.6,12.6,9.45,13.7,39.3,0,975.1,145,2.2,3.4,0,0,0,0,0,0,0,339,40,16,97
ALT,2004,9,4,5,15.1,86.2,14.7,12.8,9.52,13.7,39.2,0,975.6,141,1.5,2.5,76,209,39,20,236,29,19,322,13,16,97
ALT,2004,9,4,6,15.4,85.8,15,13,9.71,14,40,0,975.8,135,0.4,1.7,256,593,76,40,634,160,40,314,0,16,97
ALT,2004,9,4,7,16.8,80.4,15.4,13.4,9.97,14.7,42.1,0,975.8,137,1.6,3.2,375,466,158,74,520,280,72,332,25,16,97
ALT,2004,9,4,8,19.2,67.3,14.9,13,9.65,15.4,43.8,0,975.7,146,0.4,2,484,433,225,103,469,379,99,348,45,16,97
ALT,2004,9,4,9,21.3,63.1,16,14,10.37,16.7,47.8,0,975.6,307,1.1,3.7,562,411,277,126,405,447,121,355,50,16,97
ALT,2004,9,4,10,22.1,62.3,16.5,14.6,10.7,17.3,49.4,0,975.5,320,1.6,4.2,627,440,295,134,327,513,129,363,55,16,97
ALT,2004,9,4,11,23.4,61.4,17.7,15.6,11.5,18.3,52.8,0,975,331,2.3,5.4,655,480,287,131,191,549,209,367,55,16,97
ALT,2004,9,4,12,24.7,61.7,19.2,16.9,12.5,19.5,56.7,0,974.5,318,2.5,4.7,591,396,300,136,134,470,352,374,60,16,97
ALT,2004,9,4,13,25.4,62.1,20.2,17.6,13.17,20.1,59.1,0,974,308,2.4,5.3,545,452,248,113,112,439,449,373,60,16,97
ALT,2004,9,4,14,25.9,59.2,19.8,17.3,12.91,20.1,59,0,973.7,295,2,5.8,448,474,191,89,88,350,512,369,55,16,97
ALT,2004,9,4,15,25.3,59.9,19.2,17,12.51,19.8,57.3,0,973.5,305,2.2,5.5,212,218,117,65,64,154,277,365,50,16,97
ALT,2004,9,4,16,23.8,64.8,19.1,16.8,12.45,19.2,55.6,0,973.6,281,1.1,2.5,38,0,38,32,32,32,32,361,45,16,97
ALT,2004,9,4,17,22.8,64.9,18,15.9,11.71,18.3,52.7,0,973.8,90,0.7,2.7,13,0,13,8,8,8,8,364,50,16,97
ALT,2004,9,4,18,21.6,69,17.8,15.7,11.58,17.8,51.1,0,974.3,111,1.5,3.8,0,0,0,0,0,0,0,356,40,16,97
ALT,2004,9,4,19,20.8,70.8,17.4,15.3,11.31,17.3,49.6,0,974.7,118,1.9,4.3,0,0,0,0,0,0,0,353,40,16,97
ALT,2004,9,4,20,20.3,72.1,17.1,15.1,11.11,17,48.6,0,974.6,137,1.9,3.1,0,0,0,0,0,0,0,350,40,16,97
ALT,2004,9,4,21,19.5,74.6,16.9,14.9,10.98,16.6,47.5,0,974.5,128,1.3,3.1,0,0,0,0,0,0,0,346,40,16,97
ALT,2004,9,4,22,18,82.2,16.9,14.9,10.98,16,45.9,0,974.2,117,1.1,2.3,0,0,0,0,0,0,0,343,40,16,97
ALT,2004,9,4,23,17.7,82,16.6,14.6,10.79,15.8,45.1,0,973.9,120,0.9,2.2,0,0,0,0,0,0,0,341,40,16,97
ALT,2004,9,5,0,17.1,84.3,16.5,14.4,10.72,15.4,44.4,0,973.5,135,1.4,2.3,0,0,0,0,0,0,0,325,20,15,97
ALT,2004,9,5,1,15.5,89.6,15.8,13.8,10.26,14.5,41.5,0,973.5,117,0.5,1.9,0,0,0,0,0,0,0,309,0,15,97
ALT,2004,9,5,2,15.2,90.1,15.5,13.6,10.07,14.2,40.7,0,973.2,0,0,0.6,0,0,0,0,0,0,0,307,0,15,97
ALT,2004,9,5,3,15.2,88.4,15.3,13.3,9.94,14,40.4,0,973,149,1.8,3,0,0,0,0,0,0,0,305,0,15,97
ALT,2004,9,5,4,14,91.3,14.6,12.6,9.48,13.2,38,0,973,140,1.6,2.6,0,0,0,0,0,0,0,303,0,15,97
ALT,2004,9,5,5,13.6,91.3,14.3,12.2,9.28,12.8,37.1,0,973.2,139,1.1,2,29,0,29,20,19,19,19,301,0,15,97
ALT,2004,9,5,6,14.8,86.7,14.6,12.6,9.47,13.5,38.8,0,973.2,131,1.1,2,262,632,71,38,668,168,38,300,0,15,97
ALT,2004,9,5,7,16,81.8,14.9,12.9,9.67,14.1,40.6,0,973.2,142,1.1,2.3,434,738,95,55,722,345,56,303,0,15,97
ALT,2004,9,5,8,18.3,78.6,16.6,14.5,10.79,15.9,45.8,0,973.1,342,0.6,2.3,589,814,106,68,674,512,71,305,0,15,97
ALT,2004,9,5,9,20.2,72.2,17,15,11.06,16.9,48.4,0,972.8,322,1.8,3.6,705,848,118,79,536,638,83,308,0,15,97
ALT,2004,9,5,10,21.3,70.1,17.7,15.6,11.53,17.6,50.7,0,972.3,315,2.4,4.6,776,875,119,85,345,717,90,310,0,15,97
ALT,2004,9,5,11,22.3,68.1,18.3,16.1,11.93,18.3,52.8,0,972.1,316,3.5,6,798,904,108,85,129,742,182,313,0,15,97
ALT,2004,9,5,12,23.3,64,18.3,16.1,11.94,18.6,53.8,0,971.6,306,3.5,6,752,874,114,82,84,692,436,315,0,15,97
ALT,2004,9,5,13,24.2,59.3,17.9,15.8,11.68,18.7,54.1,0,971,321,2.7,5.6,659,842,109,74,76,590,608,315,0,15,97
ALT,2004,9,5,14,24.7,59,18.4,16.2,12.02,19.1,55.5,0,970.5,313,2,5,526,802,95,61,62,445,717,316,0,15,97
ALT,2004,9,5,15,23.8,63.2,18.5,16.4,12.09,18.9,54.7,0,970.3,285,1.8,4.7,217,360,62,47,47,177,382,316,0,15,97
ALT,2004,9,5,16,22.4,68.4,18.5,16.3,12.09,18.4,53.3,0,970.2,225,0.5,1.9,35,0,35,30,30,30,30,316,0,15,97
ALT,2004,9,5,17,21.8,71,18.5,16.3,12.09,18.2,52.6,0,970.3,151,1.3,3.1,13,0,13,8,8,7,7,316,0,15,97
ALT,2004,9,5,18,21.2,72.3,18.2,16,11.88,17.8,51.5,0,970.7,136,2.8,4.3,0,0,0,0,0,0,0,316,0,15,97
ALT,2004,9,5,19,19.9,77.2,17.9,15.8,11.68,17.3,49.7,0,970.8,138,1.4,2.6,0,0,0,0,0,0,0,314,0,15,97
ALT,2004,9,5,20,19.2,78.1,17.3,15.3,11.29,16.7,47.9,0,970.8,119,1.1,2.2,0,0,0,0,0,0,0,313,0,15,97
ALT,2004,9,5,21,18.7,79.2,17.1,15,11.16,16.4,47.1,0,970.5,122,0.9,2.7,0,0,0,0,0,0,0,311,0,15,97
ALT,2004,9,5,22,17.5,84.6,16.8,14.9,10.96,15.9,45.4,0,970.5,135,0.5,1.9,0,0,0,0,0,0,0,309,0,15,97
ALT,2004,9,5,23,16.9,86.6,16.7,14.7,10.89,15.5,44.6,0,970.4,140,0.8,2,0,0,0,0,0,0,0,308,0,15,97
ALT,2004,9,6,0,14.8,93.9,15.8,13.8,10.3,14.2,40.9,0,970.2,153,0.5,1.9,0,0,0,0,0,0,0,306,0,15,97
ALT,2004,9,6,1,15,92.2,15.7,13.7,10.23,14.2,40.9,0,970.4,135,0.4,1.8,0,0,0,0,0,0,0,305,0,15,97
ALT,2004,9,6,2,14.5,93.1,15.3,13.4,9.96,13.8,39.8,0,970.6,117,0.6,1.9,0,0,0,0,0,0,0,304,0,15,97
ALT,2004,9,6,3,14.4,92.5,15.2,13.2,9.89,13.7,39.5,0,971,127,1.1,2.1,0,0,0,0,0,0,0,303,0,15,97
ALT,2004,9,6,4,14.7,91.3,15.3,13.3,9.96,13.9,40,0,970.9,139,2.2,3.4,0,0,0,0,0,0,0,302,0,15,97
ALT,2004,9,6,5,14.2,92.4,14.9,13,9.69,13.5,38.8,0,970.9,122,1.3,3,28,0,28,19,18,18,18,301,0,15,97
ALT,2004,9,6,6,14.9,89.5,15.2,13.2,9.89,13.9,40,0,971,135,1.7,2.6,256,617,72,37,652,167,37,301,0,15,97
ALT,2004,9,6,7,16.6,85.6,16.2,14.2,10.55,15.1,43.4,0,970.9,143,0.7,2,431,748,90,52,725,347,54,303,0,15,97
ALT,2004,9,6,8,18.7,81,17.4,15.4,11.35,16.6,47.6,0,971,325,1.2,3.9,582,805,108,66,665,510,69,305,0,15,97
ALT,2004,9,6,9,19.7,76,17.4,15.4,11.35,16.9,48.6,0,970.9,339,1.4,3.5,700,849,115,76,532,639,80,307,0,15,97
ALT,2004,9,6,10,21.3,69.9,17.8,15.6,11.62,17.6,50.9,0,970.6,326,1.8,4.3,770,875,117,82,338,717,86,310,0,15,97
ALT,2004,9,6,11,22.4,65.2,17.7,15.5,11.56,17.9,51.9,0,970.3,326,2.4,5.1,788,890,113,82,126,738,181,312,0,15,97
ALT,2004,9,6,12,23.7,62.2,18.1,16,11.83,18.7,53.9,0,969.8,323,2.6,5.3,747,877,111,79,81,692,433,314,0,15,97
ALT,2004,9,6,13,24.9,56.7,17.9,15.7,11.7,18.9,54.9,0,969.2,329,2.8,6.1,652,840,108,71,73,588,604,314,0,15,97
ALT,2004,9,6,14,25.2,55.6,17.8,15.7,11.64,19,55,0,969,306,4.6,8.5,518,793,96,59,60,442,709,315,0,15,97
ALT,2004,9,6,15,24.2,56.9,17.1,15.1,11.17,18.3,52.8,0,969,290,3,7,214,366,59,44,45,176,384,316,0,15,97
ALT,2004,9,6,16,22.9,61.2,17.1,15,11.17,17.8,51.4,0,969.2,297,0.7,3.2,33,0,33,29,28,28,28,317,0,15,97
ALT,2004,9,6,17,22.1,64.1,17,15,11.1,17.5,50.4,0,969.4,117,1.2,3,13,0,13,7,7,7,7,318,0,15,97
ALT,2004,9,6,18,21,67.4,16.8,14.7,10.96,17,49,0,970.2,123,2.1,4.9,0,0,0,0,0,0,0,318,0,15,97
ALT,2004,9,6,19,19.6,72.8,16.6,14.6,10.82,16.4,47.2,0,970.7,135,1.1,2.6,0,0,0,0,0,0,0,317,0,15,97
ALT,2004,9,6,20,19,73.9,16.3,14.2,10.62,16,46,0,970.9,120,1.6,3,0,0,0,0,0,0,0,315,0,15,97
ALT,2004,9,6,21,18.4,75.5,15.9,14,10.36,15.7,44.8,0,970.9,132,1.3,3.6,0,0,0,0,0,0,0,313,0,15,97
ALT,2004,9,6,22,16.9,81.3,15.6,13.7,10.16,14.9,42.7,0,971,103,1,2.8,0,0,0,0,0,0,0,312,0,15,97
ALT,2004,9,6,23,16.7,81.2,15.4,13.5,10.02,14.7,42.2,0,970.9,114,1.2,3.6,0,0,0,0,0,0,0,310,0,15,97
ALT,2004,9,7,0,15.4,86.3,15.1,13.1,9.82,14,40.3,0,971.1,360,0.3,2.6,0,0,0,0,0,0,0,308,0,16,97
ALT,2004,9,7,1,14.6,89.1,14.8,12.8,9.62,13.5,39,0,971.3,90,0.5,2.5,0,0,0,0,0,0,0,306,0,16,97
ALT,2004,9,7,2,15.5,85.2,15,13,9.76,14,40.3,0,971.1,146,2.3,4.2,0,0,0,0,0,0,0,304,0,16,97
ALT,2004,9,7,3,13.3,93.8,14.3,12.3,9.3,12.7,36.8,0,971.2,158,1.1,3.2,0,0,0,0,0,0,0,302,0,16,97
ALT,2004,9,7,4,13.9,90.8,14.4,12.4,9.36,13,37.6,0,971.7,153,0.3,1.4,0,0,0,0,0,0,0,300,0,16,97
ALT,2004,9,7,5,14.2,89.5,14.5,12.5,9.42,13.2,38.1,0,972,150,1.6,3.9,28,0,28,19,19,19,18,298,0,16,97
ALT,2004,9,7,6,14.7,86.9,14.5,12.5,9.41,13.4,38.6,0,972.6,157,1.3,2.7,254,616,72,39,654,173,39,297,0,16,97
ALT,2004,9,7,7,16.6,80.6,15.2,13.3,9.88,14.6,41.7,0,972.6,144,0.9,2.1,430,749,91,56,730,356,58,299,0,16,97
ALT,2004,9,7,8,18.3,79.6,16.7,14.7,10.86,16,45.9,0,972.8,338,1.2,3.3,585,822,103,70,679,525,74,302,0,16,97
ALT,2004,9,7,9,19.8,72.3,16.7,14.7,10.86,16.6,47.5,0,972.9,329,1.2,3,703,864,111,82,540,656,86,304,0,16,97
ALT,2004,9,7,10,20.8,72.7,17.8,15.7,11.59,17.5,50.4,0,972.7,321,2,5.1,775,896,111,88,343,737,93,306,0,16,97
ALT,2004,9,7,11,22.1,66.4,17.7,15.5,11.53,17.8,51.5,0,972.6,325,3,5.9,398,456,53,44,85,381,47,309,0,16,97
ALT,2004,9,7,12,23.1,65.3,18.5,16.2,12.07,18.6,53.9,0,972.1,301,4.3,7.4,743,865,120,86,88,702,443,311,0,16,97
ALT,2004,9,7,13,23.9,64.6,19.2,16.8,12.54,19.2,56,0,971.7,300,4.7,8.3,649,829,115,78,79,596,609,311,0,16,97
ALT,2004,9,7,14,24,64.4,19.2,16.9,12.54,19.3,56.1,0,971.4,298,4.1,7.1,509,760,108,66,66,443,697,312,0,16,97
ALT,2004,9,7,15,23.5,65.1,18.9,16.6,12.34,18.9,55,0,971.2,296,4.4,7.4,45,0,45,50,51,51,51,312,0,16,97
ALT,2004,9,7,16,22.5,69.6,19,16.7,12.41,18.7,54.2,0,971.4,298,2.6,8.4,48,0,48,34,34,33,33,328,20,16,97
ALT,2004,9,7,17,22.4,66.6,18,15.9,11.74,18.2,52.4,0,971.8,281,1.1,3.9,13,0,13,7,7,7,7,332,25,16,97
ALT,2004,9,7,18,21.9,68,17.8,15.7,11.6,17.9,51.5,0,972.4,124,1.4,2.7,0,0,0,0,0,0,0,313,0,16,97
ALT,2004,9,7,19,20.4,74.4,17.8,15.7,11.59,17.4,49.9,0,973.1,124,1.5,2.6,0,0,0,0,0,0,0,309,0,16,97
ALT,2004,9,7,20,19.1,79.5,17.5,15.5,11.38,16.8,48.1,0,973.7,135,0.9,2.6,0,0,0,0,0,0,0,306,0,16,97
ALT,2004,9,7,21,18.8,80.2,17.4,15.3,11.32,16.6,47.6,0,973.9,122,1,2.6,0,0,0,0,0,0,0,303,0,16,97
ALT,2004,9,7,22,18.2,82.7,17.3,15.2,11.25,16.3,46.8,0,973.6,142,1.7,2.9,0,0,0,0,0,0,0,299,0,16,97
ALT,2004,9,7,23,17.3,85.7,16.9,14.9,10.99,15.8,45.2,0,973.7,144,1,2.4,0,0,0,0,0,0,0,296,0,16,97
ALT,2004,9,8,0,16.6,87.9,16.6,14.6,10.79,15.4,44,0,973.3,142,1.8,3.1,0,0,0,0,0,0,0,293,0,15,97
ALT,2004,9,8,1,15.6,90.9,16.1,14.1,10.46,14.7,42.1,0,973.9,326,1.4,3.6,0,0,0,0,0,0,0,290,0,15,97
ALT,2004,9,8,2,15.4,91.8,16,14.1,10.39,14.6,41.7,0,974.3,90,0.5,2.2,0,0,0,0,0,0,0,287,0,15,97
ALT,2004,9,8,3,15.9,88.6,16,14,10.39,14.7,42.3,0,974.2,139,2.2,4.8,0,0,0,0,0,0,0,284,0,15,97
ALT,2004,9,8,4,15.9,86.2,15.6,13.6,10.12,14.5,41.6,0,974.2,140,2.4,5.3,0,0,0,0,0,0,0,281,0,15,97
ALT,2004,9,8,5,15.2,86.8,15,13,9.72,13.9,39.9,0,974.5,106,0.9,2.8,28,0,28,19,18,18,18,278,0,15,97
ALT,2004,9,8,6,15.2,84.9,14.6,12.7,9.45,13.7,39.2,0,975.1,135,0.4,1.5,257,640,71,37,676,180,38,277,0,15,97
ALT,2004,9,8,7,16.5,82.4,15.5,13.5,10.04,14.7,42,0,975.5,143,1.1,2.5,433,763,91,54,742,364,56,281,0,15,97
ALT,2004,9,8,8,18.3,76.9,16.2,14.2,10.51,15.7,45,0,975.2,169,0.9,2.6,589,836,102,68,686,534,72,285,0,15,97
ALT,2004,9,8,9,19.9,76.5,17.8,15.6,11.56,17.1,49.4,0,975.2,316,2.8,4.8,706,875,110,79,543,665,84,289,0,15,97
ALT,2004,9,8,10,20.5,73,17.6,15.5,11.44,17.3,49.7,0,974.8,321,2.3,4.4,775,895,114,85,343,742,91,293,0,15,97
ALT,2004,9,8,11,21.8,69.4,18.1,16,11.77,18,51.8,0,974.6,321,3.5,6,788,898,115,87,130,757,188,298,0,15,97
ALT,2004,9,8,12,22.6,65.4,17.9,15.8,11.64,18.2,52.3,0,974.1,306,3.9,6.2,745,883,113,83,85,709,443,306,0,15,97
ALT,2004,9,8,13,23.5,63.4,18.3,16.2,11.92,18.7,54,0,973.6,302,4.4,6.9,613,708,158,86,86,555,553,314,13,15,97
ALT,2004,9,8,14,23.8,61.5,18.1,16,11.79,18.7,53.9,0,973.3,296,4.9,8.1,438,482,187,86,85,358,516,351,55,15,97
ALT,2004,9,8,15,22.8,62.7,17.4,15.3,11.32,18,51.7,0,973.2,309,5.2,9.3,85,0,85,62,61,61,59,368,75,15,97
ALT,2004,9,8,16,22.2,61.5,16.4,14.5,10.66,17.3,49.4,0,973.4,305,3,7,75,0,75,40,39,38,36,388,100,15,97
ALT,2004,9,8,17,21.1,64.1,16,14.1,10.39,16.7,47.6,0,973.5,288,0.7,3,11,0,11,7,6,6,6,371,80,15,97
ALT,2004,9,8,18,20.4,66.1,15.8,13.9,10.25,16.3,46.5,0,974.2,115,1.5,2.6,0,0,0,0,0,0,0,340,43,15,97
ALT,2004,9,8,19,19.5,70.3,15.9,14,10.32,16.1,45.8,0,974.5,128,1.8,3,0,0,0,0,0,0,0,304,0,15,97
ALT,2004,9,8,20,18.7,71.7,15.5,13.5,10.05,15.5,44.3,0,974.6,110,1.6,3.2,0,0,0,0,0,0,0,301,0,15,97
ALT,2004,9,8,21,17.4,77,15.3,13.3,9.92,14.9,42.6,0,974.3,114,1,2.6,0,0,0,0,0,0,0,297,0,15,97
ALT,2004,9,8,22,16,82.9,15.1,13.1,9.79,14.2,40.9,0,974.3,108,0.3,2.2,0,0,0,0,0,0,0,294,0,15,97
ALT,2004,9,8,23,16.3,82,15.1,13.2,9.79,14.4,41.2,0,974.1,149,1.8,3.2,0,0,0,0,0,0,0,292,0,15,97
ALT,2004,9,9,0,15.3,85.5,14.9,12.9,9.67,13.9,39.8,0,973.8,141,1.7,3.5,0,0,0,0,0,0,0,289,0,15,97
ALT,2004,9,9,1,14.3,89,14.5,12.5,9.4,13.2,38.1,0,973.7,135,1.3,2.4,0,0,0,0,0,0,0,287,0,15,97
ALT,2004,9,9,2,13.5,91.9,14.2,12.2,9.21,12.7,36.8,0,973.6,162,0.4,1.5,0,0,0,0,0,0,0,286,0,15,97
ALT,2004,9,9,3,13.9,88.9,14.1,12.1,9.14,12.8,37.1,0,973.6,132,1.5,2.8,0,0,0,0,0,0,0,285,0,15,97
ALT,2004,9,9,4,13.5,88.5,13.6,11.6,8.81,12.4,35.8,0,973.5,140,2.5,3.8,0,0,0,0,0,0,0,283,0,15,97
ALT,2004,9,9,5,12.9,88.9,13.2,11.1,8.55,11.9,34.5,0,973.9,126,1.4,3.9,27,0,27,18,17,17,17,282,0,15,97
ALT,2004,9,9,6,13.9,83.5,13.2,11.2,8.54,12.3,35.6,0,974.2,108,0.7,2,248,609,71,36,644,176,36,282,0,15,97
ALT,2004,9,9,7,14.8,80.2,13.5,11.4,8.74,12.8,37,0,974.5,143,1.5,3.7,423,745,91,52,723,360,54,285,0,15,97
ALT,2004,9,9,8,16.7,75.7,14.4,12.4,9.33,14.1,40.4,0,974.4,146,0.5,2.2,580,827,101,65,675,530,69,289,0,15,97
ALT,2004,9,9,9,18.2,75.5,15.8,13.8,10.25,15.5,44.3,0,974.2,288,1.3,4.1,697,868,109,76,535,661,80,292,0,15,97
ALT,2004,9,9,10,19.6,72.1,16.5,14.4,10.72,16.3,46.9,0,973.9,316,2.7,4.4,768,897,110,81,335,741,86,296,0,15,97
ALT,2004,9,9,11,20.5,68.5,16.5,14.5,10.72,16.7,47.8,0,973.5,319,3.1,5.7,779,887,117,83,125,752,186,299,0,15,97
ALT,2004,9,9,12,21,65.5,16.3,14.3,10.6,16.8,48,0,972.8,314,2.9,5.6,738,878,113,80,81,707,440,302,0,15,97
ALT,2004,9,9,13,21.9,61.1,16,14.1,10.41,17,48.5,0,972.3,315,2.6,4.7,641,835,112,72,73,599,608,301,0,15,97
ALT,2004,9,9,14,22.4,62.5,17,14.9,11.07,17.6,50.7,0,971.9,309,2.9,5.1,506,788,98,60,60,451,710,323,25,15,97
ALT,2004,9,9,15,21.1,66.4,16.6,14.6,10.81,17,48.7,0,971.5,283,1.5,3.7,35,0,35,44,44,45,45,300,0,15,97
ALT,2004,9,9,16,20,69.4,16.2,14.2,10.55,16.4,46.9,0,971.1,207,0.5,1.7,33,0,33,27,27,27,27,300,0,15,97
ALT,2004,9,9,17,19.7,70.7,16.2,14.2,10.55,16.2,46.6,0,971.4,150,1.7,3,11,0,11,6,6,6,6,299,0,15,97
ALT,2004,9,9,18,18.7,74.7,16.1,14.1,10.48,15.8,45.4,0,971.5,142,1.8,2.9,0,0,0,0,0,0,0,299,0,15,97
ALT,2004,9,9,19,17.4,79.4,15.8,13.8,10.28,15.2,43.5,0,971.4,138,1.4,2.7,0,0,0,0,0,0,0,297,0,15,97
ALT,2004,9,9,20,16.7,80.6,15.3,13.3,9.95,14.6,42,0,971.3,139,1.1,1.8,0,0,0,0,0,0,0,295,0,15,97
ALT,2004,9,9,21,16.3,82.2,15.2,13.3,9.89,14.5,41.4,0,971.1,135,1.5,2.7,0,0,0,0,0,0,0,293,0,15,97
ALT,2004,9,9,22,15.2,84.6,14.6,12.6,9.5,13.6,39.3,0,970.8,142,1.2,2.6,0,0,0,0,0,0,0,292,0,15,97
ALT,2004,9,9,23,14.7,85.5,14.3,12.3,9.3,13.3,38.3,0,970.8,120,0.9,2.4,0,0,0,0,0,0,0,291,0,15,97
ALT,2004,9,10,0,14.3,85.3,13.9,11.9,9.03,12.9,37.2,0,971.2,148,2.5,3.7,0,0,0,0,0,0,0,290,0,13,97
ALT,2004,9,10,1,13.2,89,13.5,11.4,8.76,12.2,35.4,0,971.8,141,0.7,2.5,0,0,0,0,0,0,0,289,0,13,97
ALT,2004,9,10,2,13.6,86.3,13.5,11.4,8.77,12.3,35.8,0,971.5,144,1.7,3.3,0,0,0,0,0,0,0,289,0,13,97
ALT,2004,9,10,3,13.6,83.8,13.1,10.9,8.51,12,35.2,0,971,145,2.1,3.5,0,0,0,0,0,0,0,289,0,13,97
ALT,2004,9,10,4,12.2,90,12.8,10.6,8.31,11.3,33.2,0,970.8,143,1,3.1,0,0,0,0,0,0,0,289,0,13,97
ALT,2004,9,10,5,12.5,88.7,12.9,10.7,8.37,11.5,33.7,0,971,153,1,2.4,26,0,26,16,16,16,15,289,0,13,97
ALT,2004,9,10,6,12.9,87.8,13,10.9,8.44,11.8,34.3,0,971.5,135,0.2,1.2,242,598,71,33,630,173,33,290,0,13,97
ALT,2004,9,10,7,15.4,80.3,14,12,9.1,13.4,38.5,0,971.3,130,0.8,1.9,417,749,86,46,716,356,47,295,0,13,97
ALT,2004,9,10,8,17.8,75,15.2,13.3,9.89,15,43,0,971.1,315,0.6,3.2,569,818,98,57,658,520,60,300,0,13,97
ALT,2004,9,10,9,19.1,72.8,16.1,14.1,10.49,16,45.8,0,971.1,332,1.7,3.6,680,845,111,67,513,642,70,304,0,13,97
ALT,2004,9,10,10,20.8,62.9,15.4,13.5,10.03,16.2,46.4,0,970,287,1,3.2,752,888,104,70,317,724,74,309,0,13,97
ALT,2004,9,10,11,22.8,56.6,15.7,13.7,10.25,17.1,49,0,968.8,288,1.1,3.5,761,877,111,72,111,733,171,314,0,13,97
ALT,2004,9,10,12,23.5,58.4,16.9,14.9,11.05,18,51.7,0,968.4,316,3.3,5.9,625,552,235,99,98,552,380,342,33,13,97
ALT,2004,9,10,13,23.9,56,16.6,14.6,10.85,17.9,51.7,0,968.1,319,3,6.9,516,450,231,98,96,429,423,368,68,13,97
ALT,2004,9,10,14,24.3,55.8,16.9,14.9,11.05,18.2,52.6,0,968.1,328,2.7,5.6,393,387,196,84,82,307,432,382,88,13,97
ALT,2004,9,10,15,23.1,63.3,17.8,15.7,11.65,18.3,52.9,0,968,306,2,4,83,0,83,55,54,53,52,370,68,13,97
ALT,2004,9,10,16,22,69,18.2,16.1,11.92,18.2,52.4,0,967.9,203,0.8,1.9,46,0,46,29,28,28,27,365,60,13,97
ALT,2004,9,10,17,21.2,69.9,17.6,15.5,11.51,17.5,50.6,0,968.4,166,0.9,2.2,14,0,14,7,7,7,7,366,60,13,97
ALT,2004,9,10,18,20.6,71.1,17.2,15.2,11.24,17.1,49.3,0,968.8,138,1.4,2.6,0,0,0,0,0,0,0,382,88,13,97
ALT,2004,9,10,19,19.5,75.4,17,15,11.11,16.6,47.8,0,969,135,1.9,3.7,0,0,0,0,0,0,0,380,88,13,97
ALT,2004,9,10,20,18.9,75.7,16.5,14.5,10.77,16.1,46.3,0,969.1,145,1.6,2.9,0,0,0,0,0,0,0,379,88,13,97
ALT,2004,9,10,21,18.2,78.5,16.3,14.4,10.64,15.8,45.3,0,969.1,135,0.7,2.1,0,0,0,0,0,0,0,378,88,13,97
ALT,2004,9,10,22,17.3,83,16.4,14.4,10.71,15.5,44.5,0,969.3,135,0.9,3.2,0,0,0,0,0,0,0,358,50,13,97
ALT,2004,9,10,23,16.7,85.3,16.2,14.2,10.57,15.2,43.5,0,969.6,146,1.2,3.1,0,0,0,0,0,0,0,365,67,13,97
ALT,2004,9,11,0,17.1,82,16,14,10.44,15.2,43.6,0,969.6,148,1.5,4.1,0,0,0,0,0,0,0,372,83,13,97
ALT,2004,9,11,1,17,81.8,15.8,13.9,10.3,15.1,43.2,0,969.5,120,1.5,3.4,0,0,0,0,0,0,0,379,100,13,97
ALT,2004,9,11,2,16.7,85.8,16.4,14.3,10.7,15.2,43.9,0.3,970.1,90,1.4,4.5,0,0,0,0,0,0,0,379,100,13,97
ALT,2004,9,11,3,16.8,86.9,16.6,14.6,10.84,15.4,44.3,1,969.5,134,3.4,7.2,0,0,0,0,0,0,0,378,100,13,97
ALT,2004,9,11,4,16.9,87.4,16.7,14.8,10.9,15.6,44.6,0.3,969.5,145,2.7,6.5,0,0,0,0,0,0,0,371,88,13,97
ALT,2004,9,11,5,16.1,94.2,17.2,15.2,11.23,15.5,44.6,0.1,969.9,144,1.2,3.4,33,0,33,17,16,16,15,377,100,13,97
ALT,2004,9,11,6,16.6,90.3,17,15,11.09,15.6,44.8,0,970.2,153,1.9,4,151,136,112,52,191,88,47,377,100,13,97
ALT,2004,9,11,7,17.3,89.4,17.7,15.5,11.55,16.2,46.7,0,970.8,304,0.6,2.1,144,61,120,56,116,81,51,380,100,13,97
ALT,2004,9,11,8,17.6,90.4,18.2,16,11.88,16.6,47.8,0.2,971.2,135,0.6,2.5,269,58,235,111,156,147,99,383,100,13,97
ALT,2004,9,11,9,18.7,82.8,17.8,15.7,11.62,16.8,48.3,0.1,970.6,143,0.6,1.7,481,286,289,126,313,362,116,379,88,13,97
ALT,2004,9,11,10,21.1,71.9,18,15.8,11.76,17.7,51.1,0,970,143,0.7,3,499,253,317,141,259,365,129,375,75,13,97
ALT,2004,9,11,11,23.1,64.4,18.2,16,11.91,18.5,53.5,0,969,315,1.4,3.8,599,416,292,123,121,501,245,372,68,13,97
ALT,2004,9,11,12,23.8,59.6,17.6,15.5,11.52,18.4,53.2,0,968.2,328,2.5,4.1,596,488,254,107,105,517,361,366,55,13,97
ALT,2004,9,11,13,24.3,55.6,16.9,14.9,11.06,18.2,52.6,0,967.7,319,2.2,4.3,455,310,264,115,112,345,349,373,68,13,97
ALT,2004,9,11,14,24.3,56.9,17.3,15.2,11.33,18.4,53.3,0,967.1,281,1.6,4,397,415,187,80,79,318,452,377,75,13,97
ALT,2004,9,11,15,23.2,61.4,17.4,15.4,11.4,18.1,52.3,0,967.1,252,0.7,2.7,132,0,132,68,66,65,62,392,100,13,97
ALT,2004,9,11,16,22,70.9,18.8,16.5,12.33,18.4,53.5,0,967.1,196,0.7,2,52,0,52,30,30,29,28,376,75,13,97
ALT,2004,9,11,17,21.9,67.7,17.8,15.7,11.66,17.9,51.7,0,967,145,1.6,3.8,1,0,1,1,1,1,1,382,88,13,97
ALT,2004,9,11,18,20.2,78.5,18.5,16.3,12.13,17.7,51.1,0,967.5,140,2.5,4.7,0,0,0,0,0,0,0,370,68,13,97
ALT,2004,9,11,19,19.2,83.9,18.7,16.4,12.26,17.4,50.4,0,967.2,142,2.5,4.3,0,0,0,0,0,0,0,369,68,13,97
ALT,2004,9,11,20,17.5,88.9,17.8,15.6,11.66,16.3,47.1,0,967.4,164,1.2,3.3,0,0,0,0,0,0,0,366,63,13,97
ALT,2004,9,11,21,17.6,87.2,17.6,15.4,11.53,16.2,46.9,0,967.4,124,1.1,3.3,0,0,0,0,0,0,0,385,100,13,97
ALT,2004,9,11,22,17.7,87.3,17.6,15.6,11.53,16.4,47,0,967.3,143,1.6,3.3,0,0,0,0,0,0,0,364,60,13,97
ALT,2004,9,11,23,17.3,89.7,17.7,15.6,11.59,16.2,46.7,0,967.9,283,1.5,8.4,0,0,0,0,0,0,0,370,73,13,97
ALT,2004,9,12,0,17.6,88.1,17.7,15.6,11.59,16.3,47.1,0,967.3,315,1.3,6.7,0,0,0,0,0,0,0,375,87,13,97
ALT,2004,9,12,1,17,94.1,18.2,16,11.92,16.4,47.3,1.9,967.5,326,1.5,4.4,0,0,0,0,0,0,0,381,100,13,97
ALT,2004,9,12,2,16.4,96.6,18.1,15.9,11.86,16.1,46.5,6.6,967.2,108,1.5,3.5,0,0,0,0,0,0,0,380,100,13,97
ALT,2004,9,12,3,16.2,96.5,17.7,15.6,11.59,15.8,45.6,1,967.3,130,1.5,4,0,0,0,0,0,0,0,380,100,13,97
ALT,2004,9,12,4,15.9,96.8,17.5,15.4,11.46,15.6,45,0.5,967.7,45,0.9,2.6,0,0,0,0,0,0,0,379,100,13,97
ALT,2004,9,12,5,16,95.4,17.4,15.3,11.39,15.6,44.9,0.4,967.6,124,0.9,2.3,25,0,25,12,12,11,11,378,100,13,97
ALT,2004,9,12,6,16,97.1,17.6,15.5,11.52,15.7,45.2,1.5,968,27,0.5,1.7,15,0,15,7,7,7,6,377,100,13,97
ALT,2004,9,12,7,16.2,94.9,17.5,15.4,11.45,15.7,45.3,2.2,967.9,158,1,3,32,0,32,15,15,14,14,378,100,13,97
ALT,2004,9,12,8,16.5,93.9,17.6,15.5,11.51,15.9,45.7,0.1,968.3,159,1.4,4,78,0,78,38,36,35,33,378,100,13,97
ALT,2004,9,12,9,17.1,91.8,17.9,15.8,11.71,16.3,46.9,0.1,968.4,323,0.6,2.4,249,37,224,106,125,132,94,379,100,13,97
ALT,2004,9,12,10,18,83.4,17.2,15.1,11.25,16.2,46.6,0,968.2,298,4.3,10,185,1,185,89,86,84,79,379,100,13,97
ALT,2004,9,12,11,17.4,79.6,15.9,13.8,10.38,15.2,43.8,0,968.3,288,6.3,9.4,219,3,217,105,100,100,93,380,100,13,97
ALT,2004,9,12,12,17.4,80,15.9,13.9,10.39,15.2,43.8,0,968.2,295,3.6,7.4,234,6,230,111,106,109,102,380,100,13,97
ALT,2004,9,12,13,16.3,86.7,16.1,14.1,10.52,14.9,43,1.6,968.3,276,2.7,8.5,149,2,148,71,68,68,65,378,100,13,97
ALT,2004,9,12,14,16.2,86.1,15.8,13.9,10.32,14.8,42.4,0.4,968.3,277,3.9,7.1,195,17,186,89,86,94,95,376,100,13,97
ALT,2004,9,12,15,16.6,82.9,15.6,13.7,10.18,14.8,42.5,0,968.3,90,0.7,2.7,134,0,134,69,66,65,62,375,100,13,97
ALT,2004,9,12,16,16.2,87.2,16,14.1,10.45,14.9,42.7,0,968.1,191,0.6,1.9,61,0,61,33,31,31,30,364,88,13,97
ALT,2004,9,12,17,15.6,90.3,16,14,10.45,14.6,42.1,0,968.2,174,1,2.7,7,0,7,3,3,3,3,371,100,13,97
ALT,2004,9,12,18,15.3,92.2,16,14,10.45,14.5,41.8,0,968.7,137,2.3,4.4,0,0,0,0,0,0,0,353,75,13,97
ALT,2004,9,12,19,14.9,92.9,15.7,13.8,10.24,14.2,40.9,0,968.9,151,2.4,4.5,0,0,0,0,0,0,0,346,68,13,97
ALT,2004,9,12,20,14.3,93.4,15.2,13.2,9.91,13.6,39.4,0,968.9,150,2,4,0,0,0,0,0,0,0,344,68,13,97
ALT,2004,9,12,21,13.9,93.9,14.9,12.9,9.72,13.3,38.5,0,968.5,133,1.7,2.9,0,0,0,0,0,0,0,342,68,13,97
ALT,2004,9,12,22,13.3,94.1,14.4,12.4,9.39,12.8,37.1,0,968.3,142,1.3,2.5,0,0,0,0,0,0,0,341,68,13,97
ALT,2004,9,12,23,12.6,95.8,14,11.9,9.13,12.2,35.7,0,967.6,137,2.1,3.5,0,0,0,0,0,0,0,344,75,13,97
ALT,2004,9,13,0,12.1,95.9,13.6,11.5,8.87,11.8,34.5,0,967.3,145,1.4,3.4,0,0,0,0,0,0,0,347,81,16,97
ALT,2004,9,13,1,12.1,95,13.4,11.3,8.74,11.6,34.2,0,967.4,140,1.5,2.7,0,0,0,0,0,0,0,350,88,16,97
ALT,2004,9,13,2,12,94.9,13.3,11.2,8.68,11.5,33.9,0,966.9,147,2.8,5.5,0,0,0,0,0,0,0,343,75,16,97
ALT,2004,9,13,3,12,92.3,12.9,10.8,8.42,11.3,33.3,0,966.4,157,2.6,5.1,0,0,0,0,0,0,0,350,88,16,97
ALT,2004,9,13,4,11.9,92.2,12.8,10.7,8.35,11.2,33,0,966.5,137,1.7,2.8,0,0,0,0,0,0,0,344,75,16,97
ALT,2004,9,13,5,11.5,93.6,12.7,10.5,8.28,10.9,32.4,0,966.4,142,2.3,4.5,30,0,30,19,18,18,18,333,55,16,97
ALT,2004,9,13,6,11.8,90.6,12.6,10.3,8.22,11,32.6,0,966.6,152,2.2,4.8,210,467,85,41,513,161,40,332,50,16,97
ALT,2004,9,13,7,13.3,85,13,10.8,8.48,11.9,34.8,0.1,966.6,132,1.3,2.5,369,577,124,63,599,323,62,337,55,16,97
ALT,2004,9,13,8,15.2,77.7,13.4,11.3,8.75,12.9,37.4,0,966.3,140,0.8,2.9,484,529,186,89,516,435,88,334,45,16,97
ALT,2004,9,13,9,17,69.1,13.3,11.3,8.69,13.6,39.1,0,965.8,194,0.6,2.5,571,515,231,109,431,518,106,343,55,16,97
ALT,2004,9,13,10,18.6,64.2,13.8,11.7,9.02,14.5,41.6,0,965.3,315,1.1,3.4,621,507,258,121,323,565,118,348,60,16,97
ALT,2004,9,13,11,19.8,61.8,14.3,12.3,9.36,15.2,43.7,0,964.3,322,1.6,3.8,635,518,259,121,120,582,265,342,45,16,97
ALT,2004,9,13,12,20.8,55.4,13.6,11.5,8.9,15.2,43.5,0,963.7,318,3,5.5,602,517,244,115,114,549,384,341,40,16,97
ALT,2004,9,13,13,21.2,55.9,14.1,12.1,9.24,15.6,44.8,0,963.1,288,2.9,6.1,511,466,225,105,104,451,447,350,55,16,97
ALT,2004,9,13,14,21,58.6,14.5,12.6,9.52,15.8,45.3,0,962.3,250,1.5,2.9,431,588,145,74,74,388,585,338,38,16,97
ALT,2004,9,13,15,18.6,68.7,14.7,12.7,9.65,15,43.2,0,961.8,276,1.3,3.4,36,0,36,44,44,45,45,314,0,16,97
ALT,2004,9,13,16,18.3,67.2,14,12.1,9.18,14.6,41.7,0,962.1,315,1.6,4.9,32,0,32,26,26,26,25,313,0,16,97
ALT,2004,9,13,17,18,67.4,13.9,11.9,9.11,14.3,41.2,0,962.7,157,0.8,3,7,0,7,4,4,4,3,352,63,16,97
ALT,2004,9,13,18,17.8,68.3,14,11.9,9.17,14.3,41.1,0,963.6,139,1.1,4.5,0,0,0,0,0,0,0,360,75,16,97
ALT,2004,9,13,19,17.1,72.9,14.2,12.2,9.3,14.2,40.8,0,963.7,144,2,5,0,0,0,0,0,0,0,337,40,16,97
ALT,2004,9,13,20,17.4,66.2,13.1,11,8.58,13.6,39.2,0,963.2,119,3.2,7.5,0,0,0,0,0,0,0,312,0,16,97
ALT,2004,9,13,21,20,47.4,11.1,8.5,7.26,13.4,38.5,0,962.7,158,4.2,9.8,0,0,0,0,0,0,0,319,13,16,97
ALT,2004,9,13,22,21,41.9,10.4,7.6,6.79,13.4,38.4,0,962.4,180,5.6,11.5,0,0,0,0,0,0,0,342,50,16,97
ALT,2004,9,13,23,20.7,42.1,10.3,7.4,6.73,13.2,37.9,0,962.5,173,6,12.5,0,0,0,0,0,0,0,348,60,16,97
ALT,2004,9,14,0,20.3,43.3,10.3,7.4,6.73,13,37.5,0,962.2,174,6.4,15.2,0,0,0,0,0,0,0,353,70,15,97
ALT,2004,9,14,1,20.6,42.4,10.3,7.4,6.73,13.2,37.8,0,962.1,172,5.9,11,0,0,0,0,0,0,0,359,80,15,97
ALT,2004,9,14,2,20.7,43.2,10.5,7.8,6.86,13.4,38.2,0,962,179,4.7,13,0,0,0,0,0,0,0,349,63,15,97
ALT,2004,9,14,3,18.3,60.1,12.5,10.4,8.19,13.7,39.2,0,962.3,270,4.1,9.8,0,0,0,0,0,0,0,349,63,15,97
ALT,2004,9,14,4,17.1,67.9,13.2,11.1,8.65,13.6,39.1,0,962.5,320,4.9,7.9,0,0,0,0,0,0,0,363,88,15,97
ALT,2004,9,14,5,16.6,69.1,13.1,10.9,8.58,13.3,38.4,0,962.7,333,1.4,5.1,8,0,8,4,4,4,4,363,88,15,97
ALT,2004,9,14,6,16.5,72.3,13.6,11.5,8.91,13.5,39.1,0,963.2,101,0.8,2.4,15,0,15,7,7,7,7,370,100,15,97
ALT,2004,9,14,7,17.9,70.8,14.5,12.5,9.51,14.6,42.1,0,963.3,270,0.6,3.9,31,0,31,16,15,15,14,371,100,15,97
ALT,2004,9,14,8,18,76.8,15.8,13.9,10.37,15.5,44.4,0,963.3,324,1.5,2.9,71,0,71,35,34,33,31,373,100,15,97
ALT,2004,9,14,9,18.3,74.3,15.6,13.7,10.24,15.5,44.4,0,963.3,270,0.6,2.4,88,0,88,44,42,41,39,374,100,15,97
ALT,2004,9,14,10,18.8,68.4,14.9,12.9,9.78,15.2,43.7,0,962.4,180,0.6,2,328,71,278,134,158,195,121,370,88,15,97
ALT,2004,9,14,11,19.4,68.9,15.5,13.5,10.19,15.7,45.4,0,961.6,171,0.7,2.6,103,0,103,51,49,48,46,377,100,15,97
ALT,2004,9,14,12,19.1,71.8,15.9,13.9,10.46,15.9,45.7,0,961.4,303,1.7,4.1,78,0,78,38,37,36,34,378,100,15,97
ALT,2004,9,14,13,18.6,76,16.2,14.3,10.66,15.9,45.7,0,961.8,318,1.4,3.2,57,0,57,28,27,27,25,378,100,15,97
ALT,2004,9,14,14,18.5,76.1,16.2,14.2,10.66,15.8,45.6,0,961.6,270,0.2,1.8,38,0,38,19,18,18,17,377,100,15,97
ALT,2004,9,14,15,18,82,16.9,14.9,11.13,16,46.3,0,961.4,137,1.8,3.7,22,0,22,11,11,11,10,377,100,15,97
ALT,2004,9,14,16,17.5,86.5,17.3,15.2,11.4,16,46.5,0,961.4,180,0.4,2.3,18,0,18,9,8,8,8,376,100,15,97
ALT,2004,9,14,17,16.7,91,17.3,15.2,11.39,15.8,45.6,0.2,961.9,180,0.2,1.3,10,0,10,5,5,5,4,375,100,15,97
ALT,2004,9,14,18,16.1,96.8,17.7,15.6,11.65,15.8,45.7,2.4,962.9,261,0.8,2.8,0,0,0,0,0,0,0,375,100,15,97
ALT,2004,9,14,19,15.8,90.2,16.1,14.2,10.57,14.8,42.6,1.3,963.8,252,1.4,4.2,0,0,0,0,0,0,0,374,100,15,97
ALT,2004,9,14,20,15.1,95.6,16.4,14.4,10.76,14.7,42.4,0.4,964.2,297,0.3,2,0,0,0,0,0,0,0,373,100,15,97
ALT,2004,9,14,21,15,97.3,16.6,14.6,10.89,14.8,42.6,0.6,964.5,270,0.3,1.3,0,0,0,0,0,0,0,371,100,15,97
ALT,2004,9,14,22,14.6,97.8,16.3,14.3,10.69,14.4,41.7,0.8,964.6,225,0.2,1.2,0,0,0,0,0,0,0,370,100,15,97
ALT,2004,9,14,23,14.6,98.1,16.3,14.3,10.69,14.4,41.7,0.5,964.6,225,0.1,1.2,0,0,0,0,0,0,0,369,100,15,97
ALT,2004,9,15,0,14.3,98.2,16,14,10.49,14.1,40.9,0.1,964.6,270,0.1,1,0,0,0,0,0,0,0,368,100,14,97
ALT,2004,9,15,1,14.4,97.2,16,14,10.49,14.2,41,0,965,270,0.3,2.1,0,0,0,0,0,0,0,367,100,14,97
ALT,2004,9,15,2,14.5,90.3,14.9,12.9,9.75,13.5,39.2,0.3,965,303,2.5,6.6,0,0,0,0,0,0,0,366,100,14,97
ALT,2004,9,15,3,13.9,86.1,13.7,11.6,8.95,12.6,36.6,0.2,965.4,302,5.1,8.6,0,0,0,0,0,0,0,365,100,14,97
ALT,2004,9,15,4,13.3,87.9,13.4,11.3,8.75,12.1,35.5,1.8,966,299,5.1,9.5,0,0,0,0,0,0,0,364,100,14,97
ALT,2004,9,15,5,13.2,88.9,13.5,11.4,8.81,12.2,35.5,0.5,966.7,297,3.6,7.5,28,0,28,14,14,13,13,363,100,14,97
ALT,2004,9,15,6,13.1,88.3,13.3,11.2,8.67,12,35.1,0,967,295,4.3,7.7,71,22,64,31,53,37,28,363,100,14,97
ALT,2004,9,15,7,13.4,85.9,13.2,11.1,8.6,12.1,35.2,0.1,967.7,225,0.9,3,76,1,76,37,36,35,33,364,100,14,97
ALT,2004,9,15,8,13.5,87.8,13.6,11.5,8.86,12.3,36,0,968.2,156,1.3,3.9,80,0,80,40,38,37,35,364,100,14,97
ALT,2004,9,15,9,13.6,88.5,13.8,11.7,8.99,12.5,36.4,0.1,968.2,163,1.7,4.1,185,2,184,91,88,87,81,365,100,14,97
ALT,2004,9,15,10,14.4,80,13.1,11,8.53,12.4,36,0,968.1,333,0.5,2.3,212,5,208,102,101,101,91,366,100,14,97
ALT,2004,9,15,11,14.7,81.9,13.7,11.6,8.93,12.9,37.3,0.1,968.2,302,2.7,8,107,0,107,52,50,49,47,367,100,14,97
ALT,2004,9,15,12,14.4,81.4,13.3,11.3,8.66,12.6,36.4,0.1,968.3,323,3.6,9.6,132,0,132,65,63,61,58,367,100,14,97
ALT,2004,9,15,13,14.3,72.3,11.8,9.4,7.67,11.5,33.8,0,968.7,295,4.8,9.9,120,1,119,59,56,56,53,365,100,14,97
ALT,2004,9,15,14,14.5,71.8,11.9,9.5,7.74,11.7,34.1,0,968.7,288,2.1,5,184,26,171,83,80,96,98,364,100,14,97
ALT,2004,9,15,15,14.5,73.1,12.1,9.7,7.87,11.8,34.5,0,968.6,330,2,3.9,67,0,67,33,32,31,30,362,100,14,97
ALT,2004,9,15,16,14,79,12.6,10.4,8.2,11.9,34.8,0,968.8,217,0.7,2,52,0,52,26,25,25,23,360,100,14,97
ALT,2004,9,15,17,13.4,84.1,12.9,10.8,8.39,11.9,34.7,0.1,969.2,151,1.9,4,0,0,0,0,0,0,0,359,100,14,97
ALT,2004,9,15,18,12.9,89.1,13.2,11.1,8.58,11.9,34.6,0.1,969.7,135,1.7,3.7,0,0,0,0,0,0,0,357,100,14,97
ALT,2004,9,15,19,12.6,87.9,12.8,10.6,8.32,11.5,33.7,0,970,128,1.2,2.9,0,0,0,0,0,0,0,356,100,14,97
ALT,2004,9,15,20,12.3,90.2,12.9,10.7,8.38,11.4,33.5,0,970.5,143,0.9,2.7,0,0,0,0,0,0,0,354,100,14,97
ALT,2004,9,15,21,12.2,90.4,12.8,10.7,8.31,11.3,33.2,0,970.7,256,1.3,4.2,0,0,0,0,0,0,0,353,100,14,97
ALT,2004,9,15,22,12.2,90.1,12.8,10.6,8.31,11.3,33.2,0.1,970.9,289,2.8,6.8,0,0,0,0,0,0,0,343,88,14,97
ALT,2004,9,15,23,11.9,90.8,12.6,10.4,8.18,11.1,32.6,0,970.7,203,0.8,2.6,0,0,0,0,0,0,0,345,92,14,97
ALT,2004,9,16,0,11.8,93.1,12.9,10.7,8.38,11.2,33,0,970.5,50,1,2.6,0,0,0,0,0,0,0,346,96,17,97
ALT,2004,9,16,1,11.6,93.9,12.8,10.7,8.31,11.1,32.6,0,970.4,225,0.2,1.2,0,0,0,0,0,0,0,348,100,17,97
ALT,2004,9,16,2,11.7,92.8,12.8,10.6,8.31,11.1,32.7,0.1,970.6,72,0.4,1.5,0,0,0,0,0,0,0,347,100,17,97
ALT,2004,9,16,3,11.6,93,12.7,10.5,8.25,11,32.5,0.1,970.5,108,0.4,1.7,0,0,0,0,0,0,0,346,100,17,97
ALT,2004,9,16,4,11.5,91.5,12.4,10.2,8.05,10.8,31.9,0,970.4,108,0.6,2.1,0,0,0,0,0,0,0,346,100,17,97
ALT,2004,9,16,5,11.4,90.5,12.2,9.9,7.92,10.6,31.4,0,970.7,99,0.6,2,21,0,21,13,13,13,13,336,88,17,97
ALT,2004,9,16,6,11.7,89.8,12.3,10.1,7.98,10.8,31.9,0,971,76,0.5,2.7,135,102,108,53,157,83,48,345,100,17,97
ALT,2004,9,16,7,12.5,85.6,12.3,10.2,7.98,11.2,32.7,0,971.5,76,0.5,2,213,78,181,90,164,126,82,347,100,17,97
ALT,2004,9,16,8,13.4,79.8,12.3,10,7.97,11.5,33.6,0,971.8,300,1,4.9,247,33,228,115,138,132,103,350,100,17,97
ALT,2004,9,16,9,14.3,76.8,12.5,10.3,8.1,12,34.9,0,972.1,321,4.1,6.9,404,166,296,143,253,283,132,353,100,17,97
ALT,2004,9,16,10,14.9,74.4,12.6,10.4,8.17,12.3,35.6,0,971.8,319,4.6,7.9,445,170,325,157,231,313,144,355,100,17,97
ALT,2004,9,16,11,15.3,71.1,12.3,10.1,7.98,12.3,35.6,0,971.2,312,4.8,7.8,419,124,330,161,156,275,188,358,100,17,97
ALT,2004,9,16,12,16.4,65.3,12.2,9.9,7.92,12.7,36.5,0,970.7,303,3.9,7,435,167,322,155,151,303,244,359,100,17,97
ALT,2004,9,16,13,17.4,64.7,12.8,10.7,8.32,13.5,38.6,0,970.2,308,4.9,8.5,417,241,274,130,126,317,313,358,100,17,97
ALT,2004,9,16,14,16.8,64.5,12.3,10.1,7.99,12.9,37.1,0,970,295,3.9,9.3,348,299,205,97,95,277,369,339,75,17,97
ALT,2004,9,16,15,16.3,63.5,11.8,9.4,7.66,12.4,35.8,0,970.3,316,5.9,9.7,128,0,128,69,67,66,63,358,100,17,97
ALT,2004,9,16,16,15.5,65.8,11.6,9.1,7.52,11.9,34.6,0,970.6,322,5,7.9,56,0,56,31,30,30,28,348,88,17,97
ALT,2004,9,16,17,15,67.7,11.6,9.1,7.52,11.7,34.1,0,971.1,331,4.1,7.8,0,0,0,0,0,0,0,357,100,17,97
ALT,2004,9,16,18,14.7,69.7,11.7,9.2,7.58,11.6,33.9,0,971.3,277,1.8,3.6,0,0,0,0,0,0,0,341,80,17,97
ALT,2004,9,16,19,13.9,75.9,12.1,9.7,7.84,11.5,33.8,0,971.5,113,1.5,2.9,0,0,0,0,0,0,0,329,68,17,97
ALT,2004,9,16,20,13.4,77.3,11.9,9.5,7.71,11.2,32.9,0,971.7,102,2,4.7,0,0,0,0,0,0,0,321,60,17,97
ALT,2004,9,16,21,12.7,79.4,11.6,9.2,7.51,10.8,31.7,0,972,94,1.4,4.1,0,0,0,0,0,0,0,319,60,17,97
ALT,2004,9,16,22,12.3,82.3,11.8,9.4,7.64,10.7,31.6,0,972.2,142,2.3,4.7,0,0,0,0,0,0,0,314,55,17,97
ALT,2004,9,16,23,12,82,11.5,9,7.45,10.4,30.8,0,972.1,133,1.7,4.2,0,0,0,0,0,0,0,310,52,17,97
ALT,2004,9,17,0,11.7,83.9,11.5,9.1,7.45,10.3,30.5,0,972,130,0.8,2.6,0,0,0,0,0,0,0,305,48,14,97
ALT,2004,9,17,1,10.4,88.6,11.2,8.6,7.25,9.4,28.7,0,972.1,104,1.3,3.4,0,0,0,0,0,0,0,301,45,14,97
ALT,2004,9,17,2,10.1,89,11,8.4,7.12,9.2,28.1,0,971.9,131,1.9,3.3,0,0,0,0,0,0,0,296,40,14,97
ALT,2004,9,17,3,10,87.2,10.7,8,6.92,8.9,27.5,0,972.1,133,2.2,3.7,0,0,0,0,0,0,0,299,45,14,97
ALT,2004,9,17,4,9.7,86.5,10.4,7.6,6.73,8.6,26.7,0,971.7,140,3.6,5.7,0,0,0,0,0,0,0,302,50,14,97
ALT,2004,9,17,5,9.3,86.1,10.1,7.1,6.54,8.2,25.8,0,971.3,144,2.4,5.5,27,0,27,16,15,15,15,300,50,14,97
ALT,2004,9,17,6,9.3,86,10.1,7.1,6.54,8.2,25.8,0,971.4,99,0.6,3.2,219,580,69,33,610,191,32,282,25,14,97
ALT,2004,9,17,7,11,80.2,10.6,7.7,6.86,9.2,28.3,0,971.6,117,1.1,2.4,370,614,119,55,621,344,55,286,25,14,97
ALT,2004,9,17,8,12.9,77,11.4,9,7.38,10.7,31.6,0,971.7,130,1.1,3.4,472,507,195,85,496,431,82,296,33,14,97
ALT,2004,9,17,9,14.7,73,12.2,9.9,7.91,12,34.8,0,971.6,317,3.3,5.7,535,425,261,112,386,469,106,311,45,14,97
ALT,2004,9,17,10,15.2,71.3,12.3,10,7.98,12.2,35.5,0,971.3,316,3.3,6.6,623,528,253,109,315,581,106,305,33,14,97
ALT,2004,9,17,11,16,69.3,12.6,10.4,8.17,12.8,36.8,0,971.5,326,4.5,7.3,739,883,114,75,77,772,225,282,0,14,97
ALT,2004,9,17,12,16.3,69,12.8,10.6,8.31,13,37.4,0,971,314,4.6,7.5,695,871,110,71,73,723,437,285,0,14,97
ALT,2004,9,17,13,16.9,66.4,12.8,10.6,8.31,13.2,38,0,970.6,320,3.3,5.4,593,814,111,65,66,605,597,286,0,14,97
ALT,2004,9,17,14,16.7,69.1,13.1,11,8.51,13.4,38.3,0,970.5,302,3.6,6,456,763,95,53,53,454,689,286,0,14,97
ALT,2004,9,17,15,15.2,72.7,12.5,10.3,8.12,12.4,35.8,0,970.5,270,1.3,4.3,33,0,33,38,38,38,38,287,0,14,97
ALT,2004,9,17,16,14.3,76.4,12.4,10.2,8.05,12,34.7,0,970.3,202,1.2,2.6,31,0,31,22,22,21,21,287,0,14,97
ALT,2004,9,17,17,14,78.4,12.5,10.3,8.12,11.9,34.6,0,970.1,151,1.1,2.7,0,0,0,0,0,0,0,288,0,14,97
ALT,2004,9,17,18,13,82.5,12.4,10.1,8.05,11.4,33.4,0,970.3,151,1.3,2.8,0,0,0,0,0,0,0,288,0,14,97
ALT,2004,9,17,19,12.5,83.8,12.2,9.8,7.92,11,32.6,0,970.1,148,1.3,2.1,0,0,0,0,0,0,0,286,0,14,97
ALT,2004,9,17,20,11.6,87.5,11.9,9.6,7.72,10.5,31.1,0,970.4,145,1.6,2.5,0,0,0,0,0,0,0,284,0,14,97
ALT,2004,9,17,21,11.2,87.3,11.6,9.2,7.52,10.1,30.2,0,970.5,144,2.2,3.7,0,0,0,0,0,0,0,298,20,14,97
ALT,2004,9,17,22,10.9,86.4,11.2,8.7,7.26,9.7,29.3,0,970.5,150,2.2,4.1,0,0,0,0,0,0,0,281,0,14,97
ALT,2004,9,17,23,10.6,87.6,11.2,8.6,7.26,9.5,29,0,970.2,145,2.2,3.7,0,0,0,0,0,0,0,280,0,14,97
ALT,2004,9,18,0,10.6,86.6,11.1,8.5,7.2,9.5,28.8,0,969.8,144,1.8,3.8,0,0,0,0,0,0,0,278,0,14,97
ALT,2004,9,18,1,9.9,89.8,10.9,8.3,7.07,9,27.8,0,969.5,138,1.5,2.4,0,0,0,0,0,0,0,277,0,14,97
ALT,2004,9,18,2,9.1,93,10.7,8,6.94,8.5,26.6,0,969.4,143,1.1,2.5,0,0,0,0,0,0,0,276,0,14,97
ALT,2004,9,18,3,9.2,91.7,10.7,7.9,6.94,8.5,26.7,0,969.2,147,1.7,2.5,0,0,0,0,0,0,0,275,0,14,97
ALT,2004,9,18,4,9,90.8,10.4,7.6,6.75,8.3,26,0,969.1,149,2.4,3.6,0,0,0,0,0,0,0,274,0,14,97
ALT,2004,9,18,5,8.2,93.4,10.2,7.2,6.61,7.7,24.9,0,969.4,148,1.3,2.9,15,0,15,10,9,9,9,282,13,14,97
ALT,2004,9,18,6,8.9,89.9,10.3,7.3,6.68,8.1,25.8,0,969.2,151,1.9,3.4,147,318,54,32,343,135,32,272,0,14,97
ALT,2004,9,18,7,10.5,81.5,10.3,7.5,6.68,8.9,27.4,0,969.1,152,2.2,4.2,390,740,86,47,705,386,48,275,0,14,97
ALT,2004,9,18,8,13.4,71.1,10.9,8.3,7.08,10.6,31.3,0,968.8,135,0.5,2.1,540,802,104,60,646,553,63,278,0,14,97
ALT,2004,9,18,9,15.4,67.5,11.8,9.4,7.67,12,34.9,0,968.3,333,0.9,2.8,658,860,108,69,512,689,73,281,0,14,97
ALT,2004,9,18,10,17.1,61,11.9,9.5,7.74,12.8,36.8,0,968.1,315,1.2,3.3,728,895,106,74,312,770,78,284,0,14,97
ALT,2004,9,18,11,18.5,60.4,12.8,10.7,8.34,13.9,39.7,0,967.6,306,1.8,3.6,735,882,114,76,77,776,226,287,0,14,97
ALT,2004,9,18,12,19.7,54.6,12.5,10.3,8.15,14.2,40.5,0,967,323,2.2,3.9,689,864,113,72,74,724,439,290,0,14,97
ALT,2004,9,18,13,20.3,54,12.8,10.7,8.35,14.6,41.6,0,966.4,304,2.2,3.8,589,818,110,65,66,610,599,291,0,14,97
ALT,2004,9,18,14,20.1,58.9,13.8,11.8,9.01,15.1,43.1,0,966,270,1.6,3.1,453,770,93,52,53,458,694,291,0,14,97
ALT,2004,9,18,15,17.7,68.1,13.8,11.7,9.02,14.1,40.6,0,965.9,229,1,2,34,0,34,38,38,38,38,292,0,14,97
ALT,2004,9,18,16,17.4,67.2,13.3,11.3,8.68,13.8,39.5,0,965.9,180,1.4,3.4,30,0,30,22,21,21,21,293,0,14,97
ALT,2004,9,18,17,16.8,69.4,13.2,11.2,8.62,13.5,38.7,0,966.2,135,2.8,4.7,0,0,0,0,0,0,0,293,0,14,97
ALT,2004,9,18,18,15.9,73.1,13.2,11.1,8.61,13.1,37.8,0,966.4,141,2,3.3,0,0,0,0,0,0,0,293,0,14,97
ALT,2004,9,18,19,15.3,74.7,13,10.8,8.48,12.7,36.8,0,966.6,140,1.7,2.9,0,0,0,0,0,0,0,291,0,14,97
ALT,2004,9,18,20,14,80.9,12.9,10.8,8.41,12.2,35.3,0,966.9,139,1.9,2.7,0,0,0,0,0,0,0,290,0,14,97
ALT,2004,9,18,21,13.6,80.7,12.5,10.3,8.15,11.7,34.2,0,966.9,143,2.5,4.1,0,0,0,0,0,0,0,288,0,14,97
ALT,2004,9,18,22,12.9,81.1,12.1,9.7,7.88,11.1,32.9,0,966.8,148,2.4,4,0,0,0,0,0,0,0,286,0,14,97
ALT,2004,9,18,23,12.8,80.8,12,9.6,7.82,11,32.6,0,966.8,139,2.1,2.9,0,0,0,0,0,0,0,285,0,14,97
ALT,2004,9,19,0,12.4,82.1,11.8,9.4,7.69,10.7,31.9,0,966.7,140,1.7,3.7,0,0,0,0,0,0,0,284,0,12,97
ALT,2004,9,19,1,10.8,89.4,11.6,9.1,7.56,9.9,29.9,0,966.6,138,1.2,2.4,0,0,0,0,0,0,0,283,0,12,97
ALT,2004,9,19,2,10.9,87.8,11.4,9,7.42,9.9,29.7,0,966.6,141,1.9,3.6,0,0,0,0,0,0,0,283,0,12,97
ALT,2004,9,19,3,10.3,88.9,11.2,8.6,7.29,9.4,28.7,0,966.7,167,1.8,3.2,0,0,0,0,0,0,0,283,0,12,97
ALT,2004,9,19,4,10.8,85.7,11.1,8.5,7.23,9.6,29.1,0,966.3,135,2.6,5,0,0,0,0,0,0,0,283,0,12,97
ALT,2004,9,19,5,9.6,90.8,10.8,8.2,7.03,8.9,27.3,0,966.9,135,0.7,2.4,16,0,16,9,9,9,9,283,0,12,97
ALT,2004,9,19,6,11,85.5,11.2,8.7,7.29,9.8,29.4,0,967,143,2.1,4.8,141,279,60,31,305,125,30,301,25,12,97
ALT,2004,9,19,7,12.9,78.3,11.6,9.2,7.55,10.8,32,0,967.1,148,2.6,5.4,318,415,149,63,455,276,59,334,68,12,97
ALT,2004,9,19,8,15.6,67.7,12,9.7,7.82,12.2,35.5,0,966.9,135,1.1,2.6,431,414,207,87,424,378,81,344,75,12,97
ALT,2004,9,19,9,17.2,67.6,13.2,11.2,8.61,13.7,39.1,0,966.9,315,1.2,3.4,546,506,224,93,402,508,89,344,68,12,97
ALT,2004,9,19,10,18.7,57.3,12.4,10.1,8.08,13.7,39.3,0,966.4,288,0.7,2.8,598,514,243,101,292,560,97,341,55,12,97
ALT,2004,9,19,11,20.3,55.6,13.2,11.1,8.62,14.8,42.3,0,966,320,3,6.5,607,518,244,101,100,571,241,342,50,12,97
ALT,2004,9,19,12,20.7,54.2,13.2,11.1,8.62,14.9,42.7,0,965.8,297,5,8.8,545,443,251,104,102,491,338,358,68,12,97
ALT,2004,9,19,13,21.2,52.8,13.3,11.2,8.69,15.2,43.4,0,965.5,315,6.6,10.5,483,475,206,86,85,443,430,358,68,12,97
ALT,2004,9,19,14,20.6,58.1,14.1,12.1,9.22,15.4,44.1,0,965.5,321,7.2,12,340,344,182,78,76,283,388,363,75,12,97
ALT,2004,9,19,15,19.5,62.6,14.2,12.2,9.28,15.1,43.2,0,965.9,322,7.5,13.7,115,0,115,58,56,55,52,378,100,12,97
ALT,2004,9,19,16,18.5,65.2,13.9,11.8,9.08,14.5,41.6,0,966.4,316,6.3,10.7,33,0,33,16,16,15,14,377,100,12,97
ALT,2004,9,19,17,18,66.9,13.8,11.8,9.01,14.3,40.9,0,966.9,312,5.7,9.1,0,0,0,0,0,0,0,376,100,12,97
ALT,2004,9,19,18,17.3,72.4,14.3,12.3,9.33,14.3,41,0,967.4,305,5.5,8.8,0,0,0,0,0,0,0,376,100,12,97
ALT,2004,9,19,19,16.9,76.6,14.7,12.8,9.59,14.4,41.3,0,967.9,309,4.5,6.8,0,0,0,0,0,0,0,374,100,12,97
ALT,2004,9,19,20,15.9,85.2,15.4,13.4,10.06,14.4,41.4,0,968,304,3,4.9,0,0,0,0,0,0,0,365,88,12,97
ALT,2004,9,19,21,16,84.8,15.4,13.4,10.05,14.4,41.5,0,968.1,76,0.6,1.9,0,0,0,0,0,0,0,371,100,12,97
ALT,2004,9,19,22,15.5,88.9,15.6,13.7,10.19,14.4,41.4,0,967.9,279,0.7,3.3,0,0,0,0,0,0,0,362,88,12,97
ALT,2004,9,19,23,15.3,89.9,15.6,13.7,10.19,14.3,41.2,0,967.8,180,0.1,1.4,0,0,0,0,0,0,0,355,79,12,97
ALT,2004,9,20,0,15,92.6,15.8,13.8,10.33,14.3,41.2,0,967.6,135,0.2,1.2,0,0,0,0,0,0,0,348,69,12,97
ALT,2004,9,20,1,15,92,15.7,13.7,10.27,14.2,41,0,967,143,0.6,1.8,0,0,0,0,0,0,0,341,60,12,97
ALT,2004,9,20,2,14.6,94.7,15.8,13.8,10.33,14.1,40.8,0,967,124,0.3,1.9,0,0,0,0,0,0,0,349,75,12,97
ALT,2004,9,20,3,14.4,95.1,15.6,13.6,10.2,13.9,40.3,0,967,0,0,0.8,0,0,0,0,0,0,0,335,55,12,97
ALT,2004,9,20,4,14.8,93.1,15.6,13.7,10.2,14.1,40.7,0,966.6,127,0.5,1.9,0,0,0,0,0,0,0,330,50,12,97
ALT,2004,9,20,5,14.8,91.7,15.4,13.5,10.07,14,40.3,0,966.7,140,0.8,2.6,19,0,19,10,9,9,9,340,68,12,97
ALT,2004,9,20,6,14.8,93.1,15.7,13.7,10.27,14.1,40.8,0,966.8,180,0.1,1,111,52,96,46,97,63,41,352,88,12,97
ALT,2004,9,20,7,15.5,89.4,15.7,13.8,10.26,14.5,41.5,0,967.4,270,0.4,1.5,183,61,156,73,127,105,65,363,100,12,97
ALT,2004,9,20,8,16.2,83.6,15.4,13.4,10.06,14.5,41.8,0,967.2,288,0.6,3.4,283,92,235,109,184,169,97,367,100,12,97
ALT,2004,9,20,9,17.3,80.4,15.9,13.9,10.39,15.2,43.7,0,967.4,325,2.6,4.8,392,156,293,132,231,265,119,370,100,12,97
ALT,2004,9,20,10,18.6,73,15.7,13.7,10.27,15.6,44.7,0,966.6,309,2.1,4.9,499,284,304,130,244,397,120,356,75,12,97
ALT,2004,9,20,11,19,70.4,15.5,13.5,10.14,15.6,44.8,0,966.5,314,3.8,7.4,537,344,298,125,122,451,232,359,75,12,97
ALT,2004,9,20,12,19.2,68.1,15.1,13.2,9.88,15.5,44.4,0,965.8,316,3.8,6.4,339,85,285,132,126,202,172,379,100,12,97
ALT,2004,9,20,13,19.4,68.5,15.4,13.5,10.08,15.7,45.1,0,965.9,314,5.5,8.7,374,203,259,115,111,270,266,378,100,12,97
ALT,2004,9,20,14,18.7,71,15.3,13.3,10.01,15.4,44.2,0,965.6,310,5.3,8.4,311,253,194,84,82,240,310,369,88,12,97
ALT,2004,9,20,15,18.2,71.8,15,13,9.82,15,43.2,0,965.5,307,3.9,6.3,110,0,110,56,54,53,50,376,100,12,97
ALT,2004,9,20,16,18.1,72,14.9,13,9.75,15,42.9,0,965.4,300,1.6,4.5,43,0,43,21,20,20,19,375,100,12,97
ALT,2004,9,20,17,17.1,76.5,15,12.9,9.81,14.5,42,0,965.6,207,0.2,1.1,0,0,0,0,0,0,0,351,63,12,97
ALT,2004,9,20,18,16.9,77.7,14.9,13,9.74,14.5,41.7,0,966.4,121,0.6,1.9,0,0,0,0,0,0,0,353,68,12,97
ALT,2004,9,20,19,16.7,78.9,15,13,9.8,14.5,41.6,0,966.7,114,1,2.1,0,0,0,0,0,0,0,356,75,12,97
ALT,2004,9,20,20,16.1,83.1,15.2,13.2,9.94,14.3,41.3,0,966.8,139,1.1,2.9,0,0,0,0,0,0,0,345,60,12,97
ALT,2004,9,20,21,15.4,86.8,15.2,13.2,9.93,14.1,40.6,0,966.9,270,0.1,0.8,0,0,0,0,0,0,0,367,100,12,97
ALT,2004,9,20,22,15.5,86.8,15.2,13.3,9.93,14.2,40.7,0,966.9,117,0.3,2.2,0,0,0,0,0,0,0,365,100,12,97
ALT,2004,9,20,23,15.5,85.1,14.9,13,9.74,14,40.2,0,966.9,315,1,5.7,0,0,0,0,0,0,0,361,96,12,97
ALT,2004,9,21,0,15.9,73.8,13.3,11.2,8.68,13.1,37.9,0,966.9,308,4.5,8.2,0,0,0,0,0,0,0,358,92,15,97
ALT,2004,9,21,1,15.8,69.4,12.4,10.2,8.08,12.6,36.3,0,967.2,306,4.3,7.3,0,0,0,0,0,0,0,354,88,15,97
ALT,2004,9,21,2,15.6,68,12.1,9.7,7.88,12.2,35.6,0,967.1,315,3.3,6.2,0,0,0,0,0,0,0,346,75,15,97
ALT,2004,9,21,3,15.4,67.1,11.8,9.3,7.68,12,34.9,0,967.1,314,3.6,6.6,0,0,0,0,0,0,0,352,88,15,97
ALT,2004,9,21,4,15.3,68.5,11.9,9.5,7.75,12,35,0,967.2,328,1.9,4.5,0,0,0,0,0,0,0,358,100,15,97
ALT,2004,9,21,5,14.9,72.2,12.2,9.9,7.94,12.1,35.1,0,967.8,326,1.4,4,16,0,16,8,8,8,7,358,100,15,97
ALT,2004,9,21,6,15.1,69.6,11.9,9.6,7.74,12,34.8,0,968,312,1.4,3.9,111,64,93,46,110,68,42,351,88,15,97
ALT,2004,9,21,7,15.4,70.9,12.4,10.2,8.07,12.4,35.9,0,968.4,270,0.2,1.6,204,84,171,83,161,125,75,361,100,15,97
ALT,2004,9,21,8,16.1,64.5,11.8,9.4,7.67,12.3,35.6,0,968.6,308,1.9,4.4,259,59,228,112,157,149,101,364,100,15,97
ALT,2004,9,21,9,16.8,63.7,12.2,9.9,7.93,12.8,37,0,968.6,304,2.2,6.1,199,3,197,98,96,95,88,367,100,15,97
ALT,2004,9,21,10,17.3,61.8,12.2,9.9,7.94,13,37.5,0,968.3,302,3.8,6.1,280,18,268,133,135,142,119,371,100,15,97
ALT,2004,9,21,11,17.8,57.8,11.8,9.4,7.68,13,37.4,0,967.8,300,1.1,3.9,348,58,307,150,145,200,156,374,100,15,97
ALT,2004,9,21,12,18.2,59.3,12.3,10.1,8.01,13.5,38.6,0,967.3,300,2.1,4.4,255,21,241,119,115,132,118,376,100,15,97
ALT,2004,9,21,13,17.9,61.7,12.7,10.4,8.27,13.5,39,0,967.4,307,2.1,5.8,105,0,105,52,50,49,47,374,100,15,97
ALT,2004,9,21,14,17.9,59.2,12.1,9.8,7.88,13.2,38,0,967.4,334,3.7,11.7,73,0,73,36,35,34,32,372,100,15,97
ALT,2004,9,21,15,17.5,58.2,11.7,9.2,7.61,12.8,36.9,0,967.5,333,7.4,12.7,88,0,88,44,43,42,40,369,100,15,97
ALT,2004,9,21,16,17.4,56.1,11.1,8.6,7.22,12.4,35.8,0,967.9,337,7.1,13.4,33,0,33,17,17,16,16,358,88,15,97
ALT,2004,9,21,17,17.3,55.1,10.9,8.2,7.08,12.2,35.3,0,968.2,334,6.9,12.6,0,0,0,0,0,0,0,365,100,15,97
ALT,2004,9,21,18,16.9,54.8,10.5,7.8,6.82,11.9,34.3,0,968.7,336,6.2,12.2,0,0,0,0,0,0,0,363,100,15,97
ALT,2004,9,21,19,16.5,52.7,9.9,6.8,6.42,11.2,32.8,0,969.2,343,5.2,12.7,0,0,0,0,0,0,0,360,100,15,97
ALT,2004,9,21,20,15.7,56.9,10.1,7.2,6.55,11.1,32.3,0,969.9,330,6.5,11.8,0,0,0,0,0,0,0,339,75,15,97
ALT,2004,9,21,21,14.8,63.9,10.7,8,6.94,11.1,32.4,0,970.3,326,7.6,12.9,0,0,0,0,0,0,0,354,100,15,97
ALT,2004,9,21,22,13.8,68.5,10.8,8.1,7,10.7,31.6,0,970.1,302,6,10.7,0,0,0,0,0,0,0,351,100,15,97
ALT,2004,9,21,23,13.6,68.9,10.7,8,6.94,10.6,31.2,0,970.2,328,1.6,7.7,0,0,0,0,0,0,0,339,87,15,97
ALT,2004,9,22,0,13.8,67.7,10.7,7.9,6.94,10.6,31.4,0,970.2,31,0.9,6.4,0,0,0,0,0,0,0,327,73,15,97
ALT,2004,9,22,1,13.5,68.1,10.6,7.7,6.87,10.4,30.9,0,969.7,5,1.3,6.1,0,0,0,0,0,0,0,315,60,15,97
ALT,2004,9,22,2,13.3,66.9,10.2,7.3,6.61,10.1,30.1,0,969.7,349,2.4,8,0,0,0,0,0,0,0,325,75,15,97
ALT,2004,9,22,3,13.6,62.5,9.7,6.6,6.28,9.9,29.5,0,969.9,334,5.3,11,0,0,0,0,0,0,0,333,88,15,97
ALT,2004,9,22,4,12.7,65.5,9.6,6.4,6.22,9.4,28.5,0,969.8,319,4.6,7.9,0,0,0,0,0,0,0,322,75,15,97
ALT,2004,9,22,5,12,69.2,9.7,6.5,6.28,9.1,27.9,0,970.3,48,1.8,5.1,18,0,18,9,9,8,8,331,88,15,97
ALT,2004,9,22,6,12.5,67.2,9.7,6.6,6.28,9.4,28.4,0,970.3,63,1.1,4.3,118,82,95,47,129,77,43,340,100,15,97
ALT,2004,9,22,7,13.8,60.6,9.5,6.3,6.15,9.8,29.4,0,970.5,323,5.3,9.4,285,300,165,76,361,240,71,324,75,15,97
ALT,2004,9,22,8,14.8,56.5,9.5,6.2,6.15,10.2,30.4,0,970.4,325,5.5,9.3,408,357,220,99,392,359,94,315,60,15,97
ALT,2004,9,22,9,15.5,53.9,9.5,6.2,6.15,10.5,31.1,0,970.4,332,6.8,11.2,495,376,261,118,359,441,111,318,60,15,97
ALT,2004,9,22,10,16,54.8,10,6.9,6.48,11.1,32.5,0,970.1,332,7.4,12.7,531,353,292,132,275,466,124,332,75,15,97
ALT,2004,9,22,11,16.5,53.9,10.1,7.1,6.54,11.4,33.2,0,970.1,327,8.3,13,430,163,318,150,146,305,190,344,88,15,97
ALT,2004,9,22,12,16.8,55.8,10.7,7.9,6.94,11.9,34.5,0,969.3,318,7.9,11.9,478,299,286,131,128,399,298,346,88,15,97
ALT,2004,9,22,13,16.2,56.6,10.4,7.6,6.75,11.5,33.4,0,968.4,312,6.2,9.5,412,297,242,111,109,346,329,346,88,15,97
ALT,2004,9,22,14,15.7,59.9,10.7,7.9,6.95,11.4,33.4,0,968.2,312,6.7,11.1,303,251,191,88,86,244,314,346,88,15,97
ALT,2004,9,22,15,15.7,60.6,10.8,8.1,7.02,11.5,33.5,0,968.1,315,6.2,11.1,99,0,99,57,55,54,52,355,100,15,97
ALT,2004,9,22,16,15.2,60.2,10.4,7.5,6.76,11,32.4,0,967.5,289,5.4,9.1,35,0,35,22,21,21,20,347,88,15,97
ALT,2004,9,22,17,14.6,64.5,10.7,8,6.95,11,32.3,0,967.7,287,4.4,9.7,0,0,0,0,0,0,0,355,100,15,97
ALT,2004,9,22,18,13.6,76.4,11.8,9.5,7.68,11.3,33.1,0,967.6,90,1.7,4.5,0,0,0,0,0,0,0,348,88,15,97
ALT,2004,9,22,19,13.5,77.6,12,9.7,7.81,11.4,33.3,0,967.7,108,0.4,1.6,0,0,0,0,0,0,0,355,100,15,97
ALT,2004,9,22,20,12.8,85,12.5,10.3,8.14,11.4,33.4,0,967.6,225,0.6,2.5,0,0,0,0,0,0,0,348,88,15,97
ALT,2004,9,22,21,12.6,85.8,12.5,10.3,8.15,11.3,33.2,0,966.9,150,1.4,3.9,0,0,0,0,0,0,0,355,100,15,97
ALT,2004,9,22,22,12.2,90.4,12.9,10.7,8.41,11.3,33.5,0,966.5,146,0.6,2.2,0,0,0,0,0,0,0,349,88,15,97
ALT,2004,9,22,23,12.3,89.2,12.8,10.6,8.35,11.3,33.4,0.1,966.1,162,1.4,4.3,0,0,0,0,0,0,0,349,88,15,97
ALT,2004,9,23,0,12.1,92,13,10.8,8.48,11.4,33.6,0,966,180,0.8,2.7,0,0,0,0,0,0,0,350,88,16,97
ALT,2004,9,23,1,12.2,89.1,12.7,10.5,8.29,11.2,33.2,0,965.3,180,1,3.6,0,0,0,0,0,0,0,350,88,16,97
ALT,2004,9,23,2,12.1,91.3,12.9,10.7,8.43,11.3,33.4,0,964.6,121,0.6,2.6,0,0,0,0,0,0,0,357,100,16,97
ALT,2004,9,23,3,12.3,89.4,12.8,10.6,8.37,11.3,33.5,0,964.5,326,1,2.5,0,0,0,0,0,0,0,358,100,16,97
ALT,2004,9,23,4,12.9,83.2,12.4,10.1,8.1,11.3,33.4,0,964.7,90,0.9,3.6,0,0,0,0,0,0,0,358,100,16,97
ALT,2004,9,23,5,13.4,77.4,11.9,9.5,7.77,11.2,33.1,0,964.4,84,1.9,5.9,15,0,15,9,9,9,8,346,75,16,97
ALT,2004,9,23,6,13.4,79,12.1,9.8,7.91,11.4,33.4,0,963.8,148,1.4,4.2,103,74,82,43,118,71,40,360,100,16,97
ALT,2004,9,23,7,13.8,77.6,12.2,10,7.98,11.6,34,0,963.7,150,1.7,3.7,218,131,168,81,204,149,74,363,100,16,97
ALT,2004,9,23,8,14.6,74.8,12.4,10.2,8.11,12.1,35.2,0,963.6,157,0.8,3.4,237,53,210,103,146,136,93,366,100,16,97
ALT,2004,9,23,9,14.9,73,12.4,10.1,8.11,12.2,35.5,0,963.9,45,0.5,2,251,20,239,119,126,129,107,369,100,16,97
ALT,2004,9,23,10,14.8,78.9,13.2,11.2,8.64,12.7,36.7,0.1,963.3,158,0.8,2.8,140,0,140,70,67,66,62,372,100,16,97
ALT,2004,9,23,11,15.1,80.8,13.8,11.8,9.05,13.2,38.1,0,962.4,157,2.3,5.8,79,0,79,39,38,37,35,375,100,16,97
ALT,2004,9,23,12,15,79,13.5,11.4,8.85,12.9,37.5,0,962.1,176,1.8,4.5,64,0,64,32,31,30,29,378,100,16,97
ALT,2004,9,23,13,15.2,80,13.8,11.8,9.06,13.2,38.2,0,961.3,160,1.1,4.1,49,0,49,24,23,23,22,378,100,16,97
ALT,2004,9,23,14,15.1,83.8,14.4,12.4,9.47,13.5,39.1,0,960.4,160,1.3,3.2,32,0,32,16,15,15,14,378,100,16,97
ALT,2004,9,23,15,15,88.5,15,13.1,9.88,13.9,40.1,0,959.6,158,0.9,3.2,16,0,16,8,8,8,7,378,100,16,97
ALT,2004,9,23,16,14.7,92.1,15.4,13.4,10.15,13.9,40.4,1.1,959.4,117,0.4,2.2,15,0,15,8,8,7,7,378,100,16,97
ALT,2004,9,23,17,14.3,97.2,15.9,13.9,10.48,14.1,40.9,2.1,959.7,121,0.6,2.5,0,0,0,0,0,0,0,377,100,16,97
ALT,2004,9,23,18,14.6,96.4,16,14,10.56,14.2,41.4,0.1,958.7,143,1.7,5.7,0,0,0,0,0,0,0,377,100,16,97
ALT,2004,9,23,19,14.5,96.8,16,14,10.56,14.2,41.3,2.5,958.7,243,0.7,2.5,0,0,0,0,0,0,0,373,100,16,97
ALT,2004,9,23,20,14.3,98,16,14,10.56,14.1,41.1,1.6,958.5,194,0.8,3.2,0,0,0,0,0,0,0,371,100,16,97
ALT,2004,9,23,21,14.4,97.4,16,14,10.57,14.2,41.2,0.2,957.6,141,1.5,4.3,0,0,0,0,0,0,0,369,100,16,97
ALT,2004,9,23,22,14.2,98,15.8,13.9,10.45,14,40.7,0.2,956.6,196,0.8,2.7,0,0,0,0,0,0,0,366,100,16,97
ALT,2004,9,23,23,14.3,96.6,15.7,13.8,10.39,14,40.6,0.1,955.3,129,1.4,4.5,0,0,0,0,0,0,0,363,100,16,97
ALT,2004,9,24,0,14.7,87.1,14.5,12.6,9.57,13.4,39,4.3,956.7,359,5.6,23.2,0,0,0,0,0,0,0,360,100,15,97
ALT,2004,9,24,1,13.4,89.6,13.7,11.7,9.03,12.4,36.3,7.9,957.1,332,7.4,15.9,0,0,0,0,0,0,0,357,100,15,97
ALT,2004,9,24,2,11.5,88.4,12,9.7,7.89,10.5,31.4,4.7,958.6,327,7.9,16,0,0,0,0,0,0,0,353,100,15,97
ALT,2004,9,24,3,10.4,88.5,11.1,8.6,7.28,9.4,28.8,4,959.3,313,6.7,11,0,0,0,0,0,0,0,350,100,15,97
ALT,2004,9,24,4,9.4,85.4,10.1,7.1,6.61,8.2,26.1,2.4,960.4,311,7.5,12.2,0,0,0,0,0,0,0,347,100,15,97
ALT,2004,9,24,5,8.6,91.4,10.2,7.3,6.67,7.9,25.4,3.3,961.3,297,3,6.9,15,0,15,8,7,7,7,343,100,15,97
ALT,2004,9,24,6,8.4,92.7,10.2,7.3,6.67,7.8,25.2,1.9,961.8,291,3,5.4,91,19,86,43,60,48,38,341,100,15,97
ALT,2004,9,24,7,8.7,88.3,9.9,6.9,6.47,7.8,25,0.5,962.1,288,2.3,4.6,171,45,154,76,117,95,68,341,100,15,97
ALT,2004,9,24,8,9.2,86,10,7,6.53,8.1,25.7,0.3,962.3,354,1.4,3.2,171,11,166,82,88,85,73,341,100,15,97
ALT,2004,9,24,9,10,81.2,10,6.9,6.53,8.4,26.5,0,962.1,315,1.6,4,86,0,86,43,41,40,38,342,100,15,97
ALT,2004,9,24,10,11.2,75.9,10.1,7.1,6.6,9,27.9,0,961.5,286,2.6,6.2,280,31,259,127,134,151,114,342,100,15,97
ALT,2004,9,24,11,12.2,67.8,9.6,6.4,6.27,9.2,28.1,0,962,304,7,17.7,263,88,203,96,93,180,114,342,100,15,97
ALT,2004,9,24,12,9.8,79.8,9.6,6.5,6.27,8.1,25.6,0.8,962.2,300,4.7,15.1,185,0,185,92,88,87,82,342,100,15,97
ALT,2004,9,24,13,10,79.8,9.8,6.7,6.4,8.3,26.2,0.3,962.4,283,2,6.8,102,0,102,51,49,48,45,340,100,15,97
ALT,2004,9,24,14,10.5,75.9,9.6,6.4,6.27,8.4,26.3,0,962.5,307,2.5,5.8,160,53,135,65,63,98,107,338,100,15,97
ALT,2004,9,24,15,9.6,82.9,9.9,6.8,6.46,8.2,25.9,0.2,962.9,293,1.4,4.7,37,0,37,18,17,17,16,336,100,15,97
ALT,2004,9,24,16,8.8,88.7,10,7,6.52,7.9,25.3,2.1,963.3,236,0.6,2.6,21,0,21,10,10,10,9,334,100,15,97
ALT,2004,9,24,17,8.8,89.8,10.1,7.2,6.59,8,25.4,1.8,963.9,323,0.8,4.3,0,0,0,0,0,0,0,332,100,15,97
ALT,2004,9,24,18,8.6,85.9,9.6,6.4,6.25,7.5,24.4,0.5,964.6,180,1.6,4.7,0,0,0,0,0,0,0,331,100,15,97
ALT,2004,9,24,19,8.5,81.9,9.1,5.6,5.92,7.1,23.4,0.2,964.8,135,2,5.2,0,0,0,0,0,0,0,330,100,15,97
ALT,2004,9,24,20,8.6,80.8,9.1,5.5,5.92,7.1,23.5,0.4,965.2,157,1.2,3.2,0,0,0,0,0,0,0,329,100,15,97
ALT,2004,9,24,21,8.3,83.2,9.1,5.6,5.92,7,23.2,0.2,965.3,117,1.4,3.3,0,0,0,0,0,0,0,329,100,15,97
ALT,2004,9,24,22,8,83.2,8.9,5.3,5.79,6.7,22.6,0.1,965.6,90,1.7,4.9,0,0,0,0,0,0,0,328,100,15,97
ALT,2004,9,24,23,7.9,88.4,9.4,6.1,6.11,7,23.3,0.8,965.6,214,0.6,3.2,0,0,0,0,0,0,0,327,100,15,97
ALT,2004,9,25,0,7.2,93.6,9.5,6.2,6.18,6.7,22.8,0.1,965.4,243,0.3,1.6,0,0,0,0,0,0,0,327,100,15,97
ALT,2004,9,25,1,7.4,92.5,9.5,6.3,6.18,6.8,23,0.6,965.5,180,0.5,2.5,0,0,0,0,0,0,0,326,100,15,97
ALT,2004,9,25,2,7.5,93,9.6,6.4,6.24,6.9,23.2,0.2,966,90,0.3,2.5,0,0,0,0,0,0,0,326,100,15,97
ALT,2004,9,25,3,7.5,92.1,9.6,6.3,6.24,6.9,23.2,0.3,966.3,342,0.6,2.3,0,0,0,0,0,0,0,326,100,15,97
ALT,2004,9,25,4,7.7,93.4,9.8,6.7,6.37,7.2,23.8,0.1,966.4,90,0.1,1.2,0,0,0,0,0,0,0,326,100,15,97
ALT,2004,9,25,5,8.2,84.1,9.1,5.7,5.91,7,23.1,0.2,966.9,90,0.8,5,16,0,16,9,8,8,8,326,100,15,97
ALT,2004,9,25,6,8.1,82.8,8.9,5.4,5.78,6.8,22.7,0.1,967.4,83,1.8,4.2,72,3,71,36,37,35,32,326,100,15,97
ALT,2004,9,25,7,8.5,84.5,9.4,6,6.1,7.2,23.9,0,967.7,243,0.5,2.2,128,7,125,62,66,62,56,329,100,15,97
ALT,2004,9,25,8,8.7,86.1,9.7,6.5,6.29,7.6,24.6,0.4,968.3,90,0.3,2,69,0,69,34,33,32,31,331,100,15,97
ALT,2004,9,25,9,8.9,86.6,9.9,6.8,6.42,7.8,25.1,0.8,968.4,284,0.8,3.3,60,0,60,30,29,28,27,333,100,15,97
ALT,2004,9,25,10,8.9,84.3,9.6,6.4,6.23,7.6,24.6,0.8,968.6,284,3.3,5.3,75,0,75,37,36,35,33,335,100,15,97
ALT,2004,9,25,11,8.9,85.5,9.8,6.6,6.36,7.7,24.9,0.8,968.6,295,3.6,5.2,72,0,72,36,35,34,32,337,100,15,97
ALT,2004,9,25,12,9,89.2,10.3,7.3,6.69,8.1,25.9,0.7,968.5,313,2.4,3.6,64,0,64,32,31,30,28,338,100,15,97
ALT,2004,9,25,13,9.2,87.9,10.2,7.3,6.62,8.2,25.9,0.4,968.6,324,1.7,3.1,49,0,49,24,23,23,22,338,100,15,97
ALT,2004,9,25,14,9.3,88.3,10.4,7.5,6.75,8.4,26.3,0.1,968.8,315,1.9,3.4,32,0,32,16,15,15,14,338,100,15,97
ALT,2004,9,25,15,9.1,91.1,10.5,7.7,6.81,8.4,26.3,0.7,969,356,1.6,3.5,45,0,45,22,22,21,20,338,100,15,97
ALT,2004,9,25,16,8.9,93.8,10.7,8,6.94,8.4,26.4,0.2,969.3,330,1.8,4.7,26,0,26,13,13,12,12,337,100,15,97
ALT,2004,9,25,17,8.9,92.7,10.6,7.8,6.87,8.3,26.2,0.2,969.7,335,1.7,4.7,0,0,0,0,0,0,0,337,100,15,97
ALT,2004,9,25,18,8.8,93.6,10.6,7.8,6.87,8.3,26.1,0,969.9,333,1.4,3.2,0,0,0,0,0,0,0,337,100,15,97
ALT,2004,9,25,19,8.6,94,10.5,7.7,6.81,8.1,25.8,0,970.2,63,1.1,3.4,0,0,0,0,0,0,0,336,100,15,97
ALT,2004,9,25,20,8.8,89.4,10.1,7.2,6.55,8,25.3,0.1,969.9,360,1,3.4,0,0,0,0,0,0,0,336,100,15,97
ALT,2004,9,25,21,8.9,88.5,10.1,7.1,6.55,8,25.4,0.1,969.6,48,1.3,3.2,0,0,0,0,0,0,0,335,100,15,97
ALT,2004,9,25,22,8.8,90.4,10.2,7.3,6.61,8,25.5,0.1,969.7,45,1.2,3.9,0,0,0,0,0,0,0,335,100,15,97
ALT,2004,9,25,23,8.8,89.1,10.1,7.1,6.54,7.9,25.3,0.2,970.1,292,1.9,5.3,0,0,0,0,0,0,0,334,100,15,97
ALT,2004,9,26,0,8.7,90.1,10.1,7.2,6.54,7.9,25.2,0.3,970.1,299,2.1,5.5,0,0,0,0,0,0,0,334,100,15,97
ALT,2004,9,26,1,8.4,92.6,10.2,7.3,6.61,7.8,25.1,0.5,970.2,302,2,5.7,0,0,0,0,0,0,0,333,100,15,97
ALT,2004,9,26,2,8.3,93.2,10.2,7.3,6.61,7.8,25,0.4,970.2,315,1,2.7,0,0,0,0,0,0,0,333,100,15,97
ALT,2004,9,26,3,8.2,93.9,10.2,7.3,6.61,7.7,24.9,0.1,970,90,0.2,1.3,0,0,0,0,0,0,0,332,100,15,97
ALT,2004,9,26,4,8,95.7,10.3,7.4,6.68,7.7,24.8,0,969.8,56,0.4,1.7,0,0,0,0,0,0,0,332,100,15,97
ALT,2004,9,26,5,8,95.2,10.2,7.3,6.61,7.6,24.7,0,969.9,243,0.3,1.3,15,0,15,7,7,7,7,331,100,15,97
ALT,2004,9,26,6,8.1,94,10.1,7.2,6.54,7.6,24.6,0.1,970.2,0,0,0.5,12,0,12,6,6,6,5,332,100,15,97
ALT,2004,9,26,7,8.5,92.2,10.3,7.3,6.67,7.9,25.3,0,970.5,0,0,0.8,37,0,37,18,18,17,17,333,100,15,97
ALT,2004,9,26,8,8.8,91.4,10.3,7.5,6.67,8.1,25.6,0.3,970.9,284,0.4,1.9,71,0,71,35,34,33,31,335,100,15,97
ALT,2004,9,26,9,9.1,89.3,10.3,7.4,6.67,8.2,25.9,0.3,970.8,45,0.4,2.2,125,0,125,62,60,58,55,337,100,15,97
ALT,2004,9,26,10,10,81.6,10,7,6.48,8.4,26.4,0,970.6,346,0.5,2.2,74,0,74,37,35,34,33,339,100,15,97
ALT,2004,9,26,11,10.1,81.8,10.1,7.1,6.54,8.5,26.6,0.1,971,284,0.8,2.8,76,0,76,38,36,35,34,341,100,15,97
ALT,2004,9,26,12,10.1,86.4,10.6,7.9,6.87,8.9,27.4,0,970.6,318,1.5,3.3,69,0,69,34,33,32,31,342,100,15,97
ALT,2004,9,26,13,10.1,87.7,10.8,8.2,7,9.1,27.8,0.2,970.7,340,1.5,3.1,49,0,49,24,23,23,22,342,100,15,97
ALT,2004,9,26,14,9.7,89.2,10.7,8,6.93,8.8,27.2,0.2,970.7,360,1.3,2.4,52,0,52,26,25,24,23,342,100,15,97
ALT,2004,9,26,15,9.7,88.5,10.7,7.9,6.93,8.7,27.2,0.1,970.9,360,0.3,2,56,0,56,28,27,26,25,342,100,15,97
ALT,2004,9,26,16,9.6,91.7,10.9,8.3,7.06,8.9,27.4,0.7,971.3,0,0,0.9,21,0,21,11,10,10,9,342,100,15,97
ALT,2004,9,26,17,9.3,95.6,11.2,8.6,7.25,8.9,27.6,0.3,971.7,0,0.1,1.1,0,0,0,0,0,0,0,342,100,15,97
ALT,2004,9,26,18,9.3,95.9,11.3,8.7,7.31,9,27.8,0,972.2,270,0.1,1.3,0,0,0,0,0,0,0,341,100,15,97
ALT,2004,9,26,19,9.2,96.6,11.3,8.7,7.31,8.9,27.7,1.3,972.3,0,0,0.2,0,0,0,0,0,0,0,340,100,15,97
ALT,2004,9,26,20,9.1,98.3,11.4,8.8,7.38,8.9,27.7,0.5,972.5,0,0,0.4,0,0,0,0,0,0,0,339,100,15,97
ALT,2004,9,26,21,9.2,97.4,11.3,8.8,7.31,9,27.6,0.1,972.7,0,0,0,0,0,0,0,0,0,0,338,100,15,97
ALT,2004,9,26,22,9,98,11.2,8.7,7.25,8.8,27.3,0,972.5,0,0,0.7,0,0,0,0,0,0,0,328,88,15,97
ALT,2004,9,26,23,9,96.4,11.1,8.5,7.18,8.7,27.1,0,972.1,135,0.7,2.7,0,0,0,0,0,0,0,318,75,15,97
ALT,2004,9,27,0,8.6,96.9,10.9,8.1,7.05,8.3,26.4,0,972.2,121,1.2,2.7,0,0,0,0,0,0,0,308,63,15,97
ALT,2004,9,27,1,8.5,96.3,10.7,7.9,6.92,8.2,26,0,972.1,194,0.4,1.5,0,0,0,0,0,0,0,298,50,15,97
ALT,2004,9,27,2,8,96.7,10.4,7.5,6.73,7.7,25,0,972,138,1.5,2.6,0,0,0,0,0,0,0,298,50,15,97
ALT,2004,9,27,3,7.2,96.5,9.8,6.7,6.33,6.9,23.1,0,972.5,108,0.9,2.4,0,0,0,0,0,0,0,295,45,15,97
ALT,2004,9,27,4,7,96.6,9.6,6.5,6.2,6.7,22.6,0,972.6,133,1.7,2.7,0,0,0,0,0,0,0,299,50,15,97
ALT,2004,9,27,5,7,96.4,9.6,6.5,6.2,6.7,22.6,0,972.4,132,1.4,3,14,0,14,8,8,8,8,302,55,15,97
ALT,2004,9,27,6,7,94.6,9.5,6.2,6.13,6.6,22.4,0,972.7,106,0.7,2.2,94,38,84,42,78,55,38,332,100,15,97
ALT,2004,9,27,7,8.7,91.6,10.3,7.4,6.66,8,25.5,0.1,972.3,140,1.6,4.8,208,122,163,78,193,144,71,336,100,15,97
ALT,2004,9,27,8,9.8,85.1,10.3,7.4,6.66,8.5,26.6,0,972.4,180,0.6,3.1,261,75,223,108,166,160,98,340,100,15,97
ALT,2004,9,27,9,11.4,80.7,10.9,8.2,7.05,9.7,29.2,0,972.2,312,1.6,4.4,374,159,279,132,232,270,120,336,88,15,97
ALT,2004,9,27,10,12.5,71.3,10.3,7.5,6.66,9.8,29.4,0,972.2,337,1.7,4.3,337,67,293,142,165,201,128,348,100,15,97
ALT,2004,9,27,11,12.8,70.1,10.3,7.5,6.66,10,29.7,0,972.1,299,1.3,3.1,278,22,263,130,125,143,123,352,100,15,97
ALT,2004,9,27,12,13.1,69.9,10.5,7.7,6.8,10.2,30.3,0,971.5,311,1,3.4,203,5,200,99,95,98,92,355,100,15,97
ALT,2004,9,27,13,13.6,68.7,10.7,8,6.93,10.6,31.2,0,970.4,149,1.8,4.6,171,38,152,74,71,100,98,355,100,15,97
ALT,2004,9,27,14,14.2,70.3,11.4,8.9,7.4,11.3,33,0,970.2,301,3.6,7.5,164,11,160,80,77,83,82,355,100,15,97
ALT,2004,9,27,15,13.5,73.7,11.4,8.9,7.39,11,32.2,0,970.4,312,3.9,7.8,92,0,92,49,47,46,44,354,100,15,97
ALT,2004,9,27,16,13.3,74.3,11.3,8.8,7.33,10.8,31.9,0,970.7,310,0.9,3.8,36,0,36,19,18,18,17,354,100,15,97
ALT,2004,9,27,17,12.7,79.9,11.7,9.3,7.59,10.8,31.9,0,970.9,135,0.7,2.2,0,0,0,0,0,0,0,354,100,15,97
ALT,2004,9,27,18,12,83.4,11.7,9.3,7.58,10.5,31.2,0,971.4,135,0.6,2,0,0,0,0,0,0,0,346,88,15,97
ALT,2004,9,27,19,11.7,83.8,11.5,9.1,7.45,10.3,30.6,0,971.5,124,1.2,1.9,0,0,0,0,0,0,0,352,100,15,97
ALT,2004,9,27,20,11,88.7,11.6,9.2,7.52,10,30,0,971.5,139,1,2.2,0,0,0,0,0,0,0,351,100,15,97
ALT,2004,9,27,21,11.1,87.8,11.6,9.2,7.52,10.1,30.1,0,971.6,146,0.7,2.3,0,0,0,0,0,0,0,350,100,15,97
ALT,2004,9,27,22,11,89.6,11.7,9.4,7.58,10.1,30.2,0,971.5,143,1,2.1,0,0,0,0,0,0,0,348,100,15,97
ALT,2004,9,27,23,10.9,89.9,11.7,9.3,7.58,10,30.1,0,971.4,143,1.5,2.6,0,0,0,0,0,0,0,345,96,15,97
ALT,2004,9,28,0,11,88.6,11.6,9.2,7.52,10,30,0,971.3,147,1.7,3.5,0,0,0,0,0,0,0,341,92,15,97
ALT,2004,9,28,1,10.7,90.4,11.7,9.2,7.59,9.9,29.9,0,970.9,153,1.2,2.3,0,0,0,0,0,0,0,338,88,15,97
ALT,2004,9,28,2,10.6,90.1,11.5,9,7.46,9.7,29.4,0,970.5,156,1.9,4.2,0,0,0,0,0,0,0,345,100,15,97
ALT,2004,9,28,3,10.5,90.3,11.5,9,7.46,9.7,29.3,0,970.5,157,1,2,0,0,0,0,0,0,0,345,100,15,97
ALT,2004,9,28,4,10.8,87.7,11.4,8.8,7.39,9.7,29.5,0,970.4,138,1.4,2.6,0,0,0,0,0,0,0,344,100,15,97
ALT,2004,9,28,5,10.5,91.2,11.6,9.1,7.53,9.7,29.5,0,970.4,153,0.9,2,11,0,11,5,5,5,5,344,100,15,97
ALT,2004,9,28,6,10.9,89.7,11.7,9.3,7.59,10,30.1,0,970.2,151,1.2,2.6,78,25,71,35,58,43,32,345,100,15,97
ALT,2004,9,28,7,11.9,84.2,11.7,9.3,7.59,10.5,31.1,0,970.3,124,0.3,1.6,201,111,159,76,179,139,69,348,100,15,97
ALT,2004,9,28,8,13.1,79.3,11.9,9.6,7.72,11.1,32.7,0,970.3,315,0.6,2.8,326,203,225,105,269,257,96,352,100,15,97
ALT,2004,9,28,9,14.4,70.4,11.5,9.1,7.46,11.4,33.3,0,970.1,310,0.8,2.3,442,309,258,117,312,391,110,356,100,15,97
ALT,2004,9,28,10,15.4,66.3,11.6,9.2,7.53,11.9,34.5,0,969.7,304,0.8,3.1,470,278,290,133,246,401,123,360,100,15,97
ALT,2004,9,28,11,16.3,62.7,11.6,9.2,7.54,12.3,35.5,0,969.1,310,1.8,3.7,457,245,297,137,133,375,205,364,100,15,97
ALT,2004,9,28,12,16.8,65.5,12.5,10.3,8.13,13,37.5,0,968.6,315,2.6,5.2,304,81,253,122,118,194,154,366,100,15,97
ALT,2004,9,28,13,17.1,65.2,12.7,10.5,8.27,13.3,38.1,0,968.3,312,4,6.2,278,81,236,114,110,174,167,366,100,15,97
ALT,2004,9,28,14,16.9,67.7,13,10.9,8.47,13.4,38.4,0,968.1,306,4.3,6.7,197,74,164,84,82,132,143,365,100,15,97
ALT,2004,9,28,15,16,71.6,13,10.9,8.47,13,37.5,0,968.1,301,3,5.7,74,0,74,46,45,44,43,356,88,15,97
ALT,2004,9,28,16,15.3,74.7,12.9,10.8,8.4,12.7,36.6,0,968.1,217,1.1,4,31,0,31,18,17,17,16,342,68,15,97
ALT,2004,9,28,17,14.1,79.7,12.8,10.6,8.33,12.1,35.2,0,968.2,152,1.9,3.1,0,0,0,0,0,0,0,333,55,15,97
ALT,2004,9,28,18,13.8,80.4,12.7,10.5,8.26,11.9,34.8,0,968.5,166,1.3,2.3,0,0,0,0,0,0,0,340,68,15,97
ALT,2004,9,28,19,13.8,82.2,13,10.8,8.46,12.1,35.3,0,968.4,151,1.3,2.1,0,0,0,0,0,0,0,351,88,15,97
ALT,2004,9,28,20,13.6,83.3,13,10.8,8.47,12,35.1,0,968,140,2.6,5,0,0,0,0,0,0,0,326,55,15,97
ALT,2004,9,28,21,13.1,81.7,12.3,10,8.01,11.4,33.4,0,967.5,149,2.6,4.7,0,0,0,0,0,0,0,317,45,15,97
ALT,2004,9,28,22,12.9,76.8,11.4,8.9,7.42,10.7,31.7,0,966.8,144,3.8,6.6,0,0,0,0,0,0,0,311,40,15,97
ALT,2004,9,28,23,11.3,84.8,11.4,8.8,7.42,9.9,30.1,0,967.4,124,0.8,3.3,0,0,0,0,0,0,0,314,47,15,97
ALT,2004,9,29,0,10.5,88.3,11.2,8.6,7.28,9.5,28.9,0,967.6,135,1.6,3.8,0,0,0,0,0,0,0,318,54,15,97
ALT,2004,9,29,1,10.4,87.6,11.1,8.4,7.22,9.3,28.6,0,967.1,143,3.5,5.3,0,0,0,0,0,0,0,321,61,15,97
ALT,2004,9,29,2,10.5,86.1,11,8.3,7.16,9.3,28.6,0,966.8,162,2.2,5.5,0,0,0,0,0,0,0,324,68,15,97
ALT,2004,9,29,3,10.2,88.7,11,8.4,7.16,9.2,28.3,0,966.7,119,1.2,2.5,0,0,0,0,0,0,0,306,40,15,97
ALT,2004,9,29,4,9.7,90.3,10.9,8.2,7.09,8.9,27.6,0,967,144,1.7,2.8,0,0,0,0,0,0,0,312,50,15,97
ALT,2004,9,29,5,9.5,91.2,10.9,8.1,7.09,8.8,27.4,0,967.3,152,1.7,3.4,13,0,13,8,7,7,7,318,60,15,97
ALT,2004,9,29,6,10.6,84.5,10.7,8.1,6.96,9.3,28.2,0,967.2,143,2.7,5.1,99,97,75,39,134,77,36,335,88,15,97
ALT,2004,9,29,7,11.4,84.7,11.4,8.9,7.42,10,30.2,0,967.4,163,1,4.4,231,198,158,74,258,188,68,348,100,15,97
ALT,2004,9,29,8,13,76.9,11.5,9,7.48,10.8,32,0,967.2,146,0.8,2.5,311,174,225,106,245,236,97,352,100,15,97
ALT,2004,9,29,9,14.4,70.7,11.6,9.2,7.55,11.5,33.6,0,966.9,315,0.7,3,447,331,250,114,313,408,107,349,88,15,97
ALT,2004,9,29,10,16.3,67,12.4,10.2,8.08,12.8,36.8,0,966.9,300,1.7,4.2,435,216,297,138,223,346,127,362,100,15,97
ALT,2004,9,29,11,16.6,67,12.6,10.5,8.22,13.1,37.5,0,966.5,318,2.6,5.2,455,252,291,134,131,379,204,359,88,15,97
ALT,2004,9,29,12,17,66.8,12.9,10.8,8.42,13.4,38.4,0,966,322,1.7,3.8,261,27,244,120,116,138,122,370,100,15,97
ALT,2004,9,29,13,16.9,72,13.9,11.8,9.08,13.9,40,0,966.4,294,2.2,6,213,21,202,100,96,111,105,369,100,15,97
ALT,2004,9,29,14,16.4,75.2,14.1,12,9.21,13.8,39.8,0,966.4,305,4.3,7.8,40,0,40,20,19,19,18,368,100,15,97
ALT,2004,9,29,15,16.1,75.7,13.8,11.8,9.01,13.6,39,0,966.6,306,3.7,8.9,33,0,33,16,16,15,15,367,100,15,97
ALT,2004,9,29,16,15.7,78.1,13.9,11.9,9.07,13.4,38.7,0,966.8,297,1.5,5.4,6,0,6,3,3,3,2,366,100,15,97
ALT,2004,9,29,17,15.2,82.8,14.3,12.3,9.33,13.5,38.9,0,967.2,135,0.7,2.1,0,0,0,0,0,0,0,365,100,15,97
ALT,2004,9,29,18,14.6,89,14.8,12.8,9.66,13.5,39.1,0,967.6,151,1.1,2.8,0,0,0,0,0,0,0,364,100,15,97
ALT,2004,9,29,19,14.2,90.4,14.7,12.7,9.59,13.3,38.5,0,967.7,106,0.8,2.2,0,0,0,0,0,0,0,355,88,15,97
ALT,2004,9,29,20,13.7,92.1,14.5,12.4,9.46,12.9,37.7,0,968,130,0.9,2.7,0,0,0,0,0,0,0,360,100,15,97
ALT,2004,9,29,21,13.6,92.2,14.3,12.4,9.33,12.9,37.2,0,968,146,1.2,2.7,0,0,0,0,0,0,0,359,100,15,97
ALT,2004,9,29,22,13.3,94.2,14.4,12.4,9.39,12.8,37.1,0,967.8,144,0.9,2.3,0,0,0,0,0,0,0,357,100,15,97
ALT,2004,9,29,23,13.4,93.9,14.4,12.4,9.39,12.8,37.2,0,967.8,150,0.8,2,0,0,0,0,0,0,0,356,100,15,97
ALT,2004,9,30,0,13.1,93.9,14.1,12.1,9.2,12.5,36.4,0,967.6,129,0.6,2,0,0,0,0,0,0,0,354,100,15,97
ALT,2004,9,30,1,12.5,95.8,13.9,11.8,9.07,12.1,35.4,0,967.4,117,0.3,1.4,0,0,0,0,0,0,0,353,100,15,97
ALT,2004,9,30,2,12.5,96.1,13.9,11.9,9.07,12.2,35.4,0,967.4,135,0.5,2.3,0,0,0,0,0,0,0,353,100,15,97
ALT,2004,9,30,3,12.7,94.4,13.9,11.8,9.07,12.2,35.6,0,967.6,153,0.8,2.7,0,0,0,0,0,0,0,353,100,15,97
ALT,2004,9,30,4,12.7,93.9,13.8,11.7,9,12.1,35.5,0,967.9,151,1.2,2.1,0,0,0,0,0,0,0,352,100,15,97
ALT,2004,9,30,5,12.8,93.4,13.8,11.8,8.99,12.2,35.6,0,968.1,138,1.3,2.4,13,0,13,7,6,6,6,352,100,15,97
ALT,2004,9,30,6,13.1,90.9,13.7,11.6,8.92,12.2,35.7,0,968.5,137,1.8,3.2,49,0,49,25,24,23,22,352,100,15,97
ALT,2004,9,30,7,13.2,92.3,14,12,9.12,12.5,36.3,0,969,180,0.2,2.7,162,49,145,71,114,94,64,356,100,15,97
ALT,2004,9,30,8,13.9,89.2,14.2,12.2,9.25,12.9,37.3,0,969.3,270,0.1,1.3,173,10,168,83,89,86,75,360,100,15,97
ALT,2004,9,30,9,14.9,84.9,14.4,12.4,9.38,13.4,38.7,0,969.2,139,1,3.1,216,9,211,104,106,107,93,364,100,15,97
ALT,2004,9,30,10,15.7,80,14.2,12.3,9.25,13.7,39.2,0,969,164,1.1,3.2,295,44,267,131,142,167,118,368,100,15,97
ALT,2004,9,30,11,16.3,80.1,14.9,12.9,9.72,14.2,41,0,968.7,319,1.1,3,405,167,298,140,136,302,190,372,100,15,97
ALT,2004,9,30,12,17.4,74.8,14.9,12.9,9.72,14.7,42.1,0,968.2,318,1.4,3.6,432,273,266,122,119,374,266,367,88,15,97
ALT,2004,9,30,13,18.2,66.9,14,12,9.13,14.5,41.4,0,968.1,287,1.2,3.4,363,285,218,101,99,321,315,366,88,15,97
ALT,2004,9,30,14,18.2,70,14.6,12.6,9.53,14.8,42.4,0,967.9,294,1.8,3.8,204,202,117,65,64,198,236,361,80,15,97
ALT,2004,9,30,15,16.4,76.7,14.3,12.3,9.33,13.9,40.1,0,968,243,0.7,1.4,70,0,70,41,40,39,38,372,100,15,97
ALT,2004,9,30,16,16.5,76.3,14.3,12.3,9.31,14,40.2,0,968.1,160,1.2,2.7,19,0,19,11,10,10,10,363,88,15,97
ALT,2004,9,30,17,15.9,78.3,14.1,12.1,9.19,13.6,39.3,0,968.2,153,1.9,4,0,0,0,0,0,0,0,370,100,15,97
ALT,2004,9,30,18,15.2,80.6,13.9,11.9,9.07,13.3,38.3,0,968.3,150,1.2,2.5,0,0,0,0,0,0,0,369,100,15,97
ALT,2004,9,30,19,14.7,82.5,13.8,11.8,8.99,13,37.6,0,968.4,159,1,2.4,0,0,0,0,0,0,0,367,100,15,97
ALT,2004,9,30,20,14.3,84.5,13.7,11.7,8.95,12.8,37,0,968.2,153,0.7,1.7,0,0,0,0,0,0,0,365,100,15,97
ALT,2004,9,30,21,13.8,86.7,13.6,11.6,8.89,12.5,36.4,0,967.8,360,0.6,2.1,0,0,0,0,0,0,0,363,100,15,97
ALT,2004,9,30,22,13.4,88.4,13.5,11.5,8.83,12.3,35.8,0,967.3,148,1.5,3.4,0,0,0,0,0,0,0,361,100,15,97
ALT,2004,9,30,23,13,90.6,13.5,11.4,8.8,12.1,35.3,0,966.4,165,1.8,6.9,0,0,0,0,0,0,0,365,100,15,97
ALT,2018,10,1,0,12.6,92.2,13.4,11.3,8.76,11.9,34.8,0.1,965.5,158,0.7,1.7,0,0,0,0,0,0,0,369,100,15,96
ALT,2018,10,1,1,12.3,93.5,13.3,11.3,8.72,11.7,34.4,0.6,964.5,207,0.4,0.9,0,0,0,0,0,0,0,367,100,15,96
ALT,2018,10,1,2,12,93.8,13.2,11.1,8.62,11.5,33.8,0.1,963.7,162,0.5,1.3,0,0,0,0,0,0,0,365,100,15,96
ALT,2018,10,1,3,11.7,93.1,12.8,10.6,8.41,11.1,33,0.2,963.1,315,0.8,1.7,0,0,0,0,0,0,0,364,100,15,96
ALT,2018,10,1,4,11.5,92.3,12.6,10.3,8.24,10.9,32.4,1.5,962.6,198,0.8,2,0,0,0,0,0,0,0,362,100,15,96
ALT,2018,10,1,5,11.2,89.2,12,9.5,7.83,10.3,31,1.1,962.9,315,0.6,1.8,0,0,0,0,0,0,0,360,100,15,96
ALT,2018,10,1,6,11.1,84.7,11.3,8.5,7.37,9.8,29.7,1.4,963.2,347,5.1,12.9,1,0,1,0,0,0,0,358,100,15,96
ALT,2018,10,1,7,10.5,79.3,10.1,7,6.61,8.7,27.2,1.3,964.4,352,9.7,14.7,14,0,14,7,6,7,6,357,100,15,96
ALT,2018,10,1,8,9.6,73.6,8.8,5.1,5.72,7.4,24,0.2,966.4,348,4.1,12.1,26,0,26,13,12,13,12,355,100,15,96
ALT,2018,10,1,9,9.7,77.2,9.3,5.9,6.04,7.8,25,0,966.6,139,2,4.9,42,0,42,20,19,20,19,353,100,15,96
ALT,2018,10,1,10,10,68.7,8.4,4.5,5.45,7.3,23.8,0,966.8,302,1.4,3.9,61,0,61,30,28,29,27,351,100,15,96
ALT,2018,10,1,11,9.7,75.3,9.1,5.5,5.91,7.6,24.6,0,967,27,0.9,2.7,64,0,64,31,29,31,29,350,100,15,96
ALT,2018,10,1,12,10,76.9,9.4,6.1,6.11,8,25.4,0,966.7,68,0.7,1.7,50,0,50,24,23,24,22,348,100,15,96
ALT,2018,10,1,13,10.6,72.4,9.2,5.8,5.98,8.2,25.7,0,966.7,319,1.2,2.2,54,0,54,26,25,26,24,346,100,15,96
ALT,2018,10,1,14,10.7,71.6,9.2,5.8,5.98,8.2,25.8,0,966.9,352,1.9,8.6,39,0,39,19,18,18,17,345,100,15,96
ALT,2018,10,1,15,9.1,75.8,8.8,5.1,5.71,7.1,23.5,0.5,967.7,337,3.8,7.3,18,0,18,9,8,9,8,344,100,15,96
ALT,2018,10,1,16,8.3,86.2,9.4,6.1,6.1,7.2,23.7,0.8,968.3,243,1.2,3.8,10,0,10,5,5,5,5,343,100,15,96
ALT,2018,10,1,17,8.3,89.1,9.7,6.6,6.29,7.4,24.2,0.1,968.8,104,0.9,1.8,3,0,3,1,1,1,1,342,100,15,96
ALT,2018,10,1,18,8.5,88.9,9.8,6.8,6.35,7.6,24.5,0,969.4,56,1.5,7.2,0,0,0,0,0,0,0,341,100,15,96
ALT,2018,10,1,19,8.8,81.3,9.2,5.8,5.96,7.3,23.8,0.3,969.8,323,3.3,6.8,0,0,0,0,0,0,0,340,100,15,96
ALT,2018,10,1,20,8,90,9.6,6.5,6.22,7.2,23.7,0.5,970.2,144,1.1,1.8,0,0,0,0,0,0,0,339,100,15,96
ALT,2018,10,1,21,8.2,89.3,9.7,6.5,6.28,7.3,24,0.4,970.2,139,1.2,2.6,0,0,0,0,0,0,0,338,100,15,96
ALT,2018,10,1,22,9.1,78.4,9.1,5.5,5.89,7.3,24,0.2,970.5,342,2.8,7.4,0,0,0,0,0,0,0,337,100,15,96
ALT,2018,10,1,23,8.4,83.4,9.2,5.8,5.95,7.1,23.4,0.8,970.8,319,2.4,7.3,0,0,0,0,0,0,0,336,100,15,96
ALT,2018,10,2,0,7.7,84.9,8.9,5.3,5.75,6.5,22.2,0.3,971,297,0.8,2.4,0,0,0,0,0,0,0,335,100,15,96
ALT,2018,10,2,1,7.4,91.6,9.4,6.1,6.08,6.7,22.7,0.8,971,104,1,3.6,0,0,0,0,0,0,0,334,100,15,96
ALT,2018,10,2,2,7.4,88.5,9.1,5.6,5.88,6.5,22.2,2.3,971.1,346,2.4,6.1,0,0,0,0,0,0,0,333,100,15,96
ALT,2018,10,2,3,7,94.7,9.5,6.2,6.14,6.6,22.5,0.6,971.3,141,0.8,1.8,0,0,0,0,0,0,0,332,100,15,96
ALT,2018,10,2,4,7,94.2,9.4,6.1,6.08,6.6,22.3,0.3,971.6,153,0.8,1.8,0,0,0,0,0,0,0,332,100,15,96
ALT,2018,10,2,5,7,94.2,9.5,6.1,6.14,6.6,22.5,0.1,971.7,166,0.7,1.6,0,0,0,0,0,0,0,331,100,15,96
ALT,2018,10,2,6,6.7,96.7,9.5,6.2,6.14,6.5,22.1,0.1,972.3,135,0.5,1,6,0,6,3,3,3,3,330,100,15,96
ALT,2018,10,2,7,7.6,92.3,9.6,6.4,6.2,7,23.2,0,972.6,141,0.7,1.4,55,9,53,26,33,29,24,331,100,15,96
ALT,2018,10,2,8,8.8,82.6,9.4,6,6.07,7.4,24.1,0,972.8,207,0.5,1.4,209,168,149,69,223,169,65,322,94,15,96
ALT,2018,10,2,9,9.4,76.7,9.1,5.5,5.87,7.4,24.2,0,973,351,0.9,3.2,181,26,170,82,99,99,76,339,100,15,96
ALT,2018,10,2,10,10.6,69.6,8.9,5.3,5.74,7.9,25.1,0,973.3,336,2.1,4.6,389,289,222,101,270,359,96,343,88,15,96
ALT,2018,10,2,11,11.6,63.1,8.6,4.8,5.55,8.2,25.6,0,972.8,307,1.1,2.9,502,403,249,112,260,496,108,335,75,15,96
ALT,2018,10,2,12,12.5,58.1,8.4,4.5,5.42,8.5,26.2,0,972.5,343,1.9,4.2,491,405,232,108,131,489,171,335,81,15,96
ALT,2018,10,2,13,12.7,54.6,8,3.8,5.16,8.3,25.8,0,972.2,337,2.5,4.5,365,191,250,115,110,296,211,350,81,15,96
ALT,2018,10,2,14,12.7,57.2,8.4,4.5,5.42,8.6,26.4,0,972.2,327,1.7,3.3,154,8,150,73,69,78,73,354,100,15,96
ALT,2018,10,2,15,12.8,57.6,8.5,4.7,5.49,8.7,26.7,0,972.2,342,0.7,1.6,58,0,58,28,26,28,26,354,100,15,96
ALT,2018,10,2,16,12.7,56.6,8.3,4.3,5.36,8.5,26.3,0,971.9,279,0.8,1.5,34,0,34,16,15,16,15,355,100,15,96
ALT,2018,10,2,17,12.2,67.9,9.6,6.5,6.2,9.2,27.9,0,972.4,214,0.6,1.3,10,0,10,5,5,5,5,355,100,15,96
ALT,2018,10,2,18,11.3,77.3,10.4,7.5,6.72,9.3,28.3,0,973,166,0.5,1.1,0,0,0,0,0,0,0,356,100,15,96
ALT,2018,10,2,19,10.9,83.9,10.9,8.3,7.04,9.5,28.7,0.1,974,146,0.8,1.5,0,0,0,0,0,0,0,356,100,15,96
ALT,2018,10,2,20,10.2,86.5,10.8,8.1,6.97,9.1,27.8,0.3,974.6,153,2.2,3.6,0,0,0,0,0,0,0,355,100,15,96
ALT,2018,10,2,21,9.7,88.8,10.7,7.9,6.9,8.7,27.1,0.1,974.6,146,2.6,4.3,0,0,0,0,0,0,0,355,100,15,96
ALT,2018,10,2,22,9.5,92.2,11,8.3,7.1,8.9,27.4,0,974.5,166,1.2,3.4,0,0,0,0,0,0,0,354,100,15,96
ALT,2018,10,2,23,9.5,93.5,11.1,8.5,7.17,9,27.6,0,974.2,166,0.9,1.6,0,0,0,0,0,0,0,354,100,15,96
ALT,2018,10,3,0,9.5,93.6,11.1,8.5,7.17,9,27.6,0,974.2,119,1.1,2.5,0,0,0,0,0,0,0,354,100,15,96
ALT,2018,10,3,1,9.6,91.9,11,8.3,7.1,8.9,27.5,0,974.2,146,1.5,3,0,0,0,0,0,0,0,350,100,15,96
ALT,2018,10,3,2,9.5,92.5,11,8.3,7.1,8.9,27.4,0,974,150,1,2.7,0,0,0,0,0,0,0,346,88,15,96
ALT,2018,10,3,3,9.4,93.2,11,8.4,7.11,8.9,27.3,0,973.8,166,0.9,1.8,0,0,0,0,0,0,0,349,94,15,96
ALT,2018,10,3,4,9.5,92.4,11,8.3,7.1,8.9,27.4,0,974.2,153,0.8,1.4,0,0,0,0,0,0,0,345,88,15,96
ALT,2018,10,3,5,9.5,91.8,10.9,8.2,7.04,8.8,27.3,0,974.5,153,1.1,1.9,0,0,0,0,0,0,0,352,100,15,96
ALT,2018,10,3,6,9.6,91.3,10.9,8.3,7.03,8.9,27.4,0,974.7,146,1.1,2,2,0,2,1,1,1,1,351,100,15,96
ALT,2018,10,3,7,10.2,90.5,11.2,8.7,7.23,9.4,28.5,0,975.1,156,1.2,2.1,45,7,44,21,27,24,20,352,100,15,96
ALT,2018,10,3,8,11.2,84.5,11.2,8.7,7.23,9.8,29.5,0,975.1,164,0.7,1.5,141,32,130,63,89,80,58,357,100,15,96
ALT,2018,10,3,9,12.7,77.8,11.4,8.9,7.36,10.6,31.3,0,975,8,0.8,2,310,248,190,88,279,280,83,352,78,15,96
ALT,2018,10,3,10,13.7,70,11,8.3,7.1,10.7,31.7,0,975,337,1.6,3.7,287,106,225,106,164,206,99,362,81,15,96
ALT,2018,10,3,11,14.5,67.2,11.1,8.5,7.16,11.2,32.7,0,974.8,345,1.3,2.8,292,53,259,124,141,176,116,366,100,15,96
ALT,2018,10,3,12,15.1,68,11.7,9.2,7.56,11.8,34.3,0,974.7,323,2.7,6.7,98,0,98,48,45,47,44,374,100,15,96
ALT,2018,10,3,13,15.6,69.2,12.3,10,7.95,12.4,35.8,0,974.3,313,2.5,5,80,0,80,39,37,39,36,376,100,15,96
ALT,2018,10,3,14,15.9,65.6,11.9,9.5,7.69,12.3,35.4,0,974.2,303,2.1,5.4,73,0,73,36,34,35,33,375,100,15,96
ALT,2018,10,3,15,15.8,66.1,11.8,9.5,7.63,12.2,35.2,0,974.3,321,2.6,5.5,25,0,25,12,12,12,11,374,100,15,96
ALT,2018,10,3,16,15.6,67.3,11.9,9.6,7.69,12.2,35.1,0,974.5,311,2.3,5.3,24,0,24,12,11,12,11,373,100,15,96
ALT,2018,10,3,17,15.1,71.6,12.3,10,7.95,12.2,35.3,0,974.7,319,1.2,3.6,2,0,2,1,1,1,1,372,100,15,96
ALT,2018,10,3,18,14.3,78.6,12.8,10.6,8.27,12.2,35.3,0,975.2,121,0.7,1.4,0,0,0,0,0,0,0,371,100,15,96
ALT,2018,10,3,19,13.4,85.4,13.1,11,8.47,12,34.9,0,975.5,158,0.7,1.3,0,0,0,0,0,0,0,370,100,15,96
ALT,2018,10,3,20,12.9,87,12.9,10.8,8.33,11.7,34,0,975.6,158,0.6,1.5,0,0,0,0,0,0,0,360,85,15,96
ALT,2018,10,3,21,11.9,90.2,12.6,10.3,8.14,11,32.5,0,975.5,162,0.4,1,0,0,0,0,0,0,0,342,39,15,96
ALT,2018,10,3,22,11.5,91.5,12.5,10.2,8.08,10.8,31.9,0,975.2,157,0.8,1.8,0,0,0,0,0,0,0,326,35,15,96
ALT,2018,10,3,23,11,89.9,11.8,9.4,7.62,10.1,30.3,0,974.8,135,1.2,3,0,0,0,0,0,0,0,323,0,15,96
ALT,2018,10,4,0,9.7,94,11.3,8.8,7.29,9.2,28.1,0,974.8,150,0.8,1.8,0,0,0,0,0,0,0,313,0,15,96
ALT,2018,10,4,1,8.4,96.6,10.7,7.9,6.9,8.1,25.8,0,975,162,0.6,1.2,0,0,0,0,0,0,0,296,0,15,96
ALT,2018,10,4,2,8.1,96.1,10.4,7.5,6.71,7.8,25,0,974.8,163,1.3,2,0,0,0,0,0,0,0,294,0,15,96
ALT,2018,10,4,3,8.5,93.7,10.4,7.5,6.71,8,25.4,0,974.5,162,1.4,2.6,0,0,0,0,0,0,0,292,0,15,96
ALT,2018,10,4,4,8,94.6,10.1,7.2,6.52,7.6,24.4,0,974.2,162,1,2.5,0,0,0,0,0,0,0,290,0,15,96
ALT,2018,10,4,5,7.4,96.5,10,6.9,6.45,7.1,23.6,0,974.5,180,0.6,1.3,0,0,0,0,0,0,0,294,0,15,96
ALT,2018,10,4,6,7.3,95,9.7,6.6,6.25,6.9,23.1,0,974.3,140,1.8,3.3,6,0,6,3,3,3,3,296,10,15,96
ALT,2018,10,4,7,8.8,90.5,10.2,7.3,6.58,8,25.4,0,974.1,151,1.2,3.1,132,416,48,25,426,176,24,286,0,15,96
ALT,2018,10,4,8,11.3,83.3,11.2,8.6,7.23,9.8,29.6,0,974.1,333,0.4,1.6,316,734,68,40,677,422,41,289,0,15,96
ALT,2018,10,4,9,12.9,79.5,11.8,9.4,7.63,10.9,32.2,0,974,124,0.5,1.4,435,682,117,61,563,536,61,292,13,15,96
ALT,2018,10,4,10,14.2,73.1,11.9,9.5,7.7,11.6,33.7,0,973.4,331,1.4,3.2,575,865,89,64,491,735,66,295,0,15,96
ALT,2018,10,4,11,14.9,74.5,12.6,10.4,8.16,12.3,35.6,0,973.2,331,2.9,5.1,657,913,94,71,297,835,74,298,6,15,96
ALT,2018,10,4,12,15.9,71.3,12.9,10.7,8.36,12.9,37.1,0,972.7,334,3.4,5.6,632,831,113,74,93,788,200,311,13,15,96
ALT,2018,10,4,13,16.3,70.8,13.1,11,8.49,13.2,37.9,0,972.5,335,3.5,5.6,596,852,98,68,70,755,426,304,6,15,96
ALT,2018,10,4,14,16.3,69.7,12.9,10.8,8.36,13.1,37.6,0,972.4,313,2.7,4.9,503,834,82,57,59,649,585,303,0,15,96
ALT,2018,10,4,15,15.9,70.6,12.7,10.6,8.23,12.8,36.8,0,972.3,285,1.3,3.3,298,573,68,46,47,388,506,302,0,15,96
ALT,2018,10,4,16,14.2,79.4,12.9,10.7,8.36,12.2,35.4,0,972.2,225,0.4,0.9,33,0,33,31,31,31,31,302,0,15,96
ALT,2018,10,4,17,12.9,85.8,12.8,10.6,8.3,11.6,33.9,0,972.4,164,0.8,1.4,16,0,16,10,10,10,10,306,13,15,96
ALT,2018,10,4,18,11.9,88.8,12.4,10.1,8.03,10.9,32.2,0,972.5,143,1,2.4,0,0,0,0,0,0,0,301,0,15,96
ALT,2018,10,4,19,11.9,87.4,12.2,9.9,7.9,10.8,31.9,0,972.5,149,1.2,2.8,0,0,0,0,0,0,0,300,0,15,96
ALT,2018,10,4,20,10.7,91.6,11.8,9.4,7.64,10,30,0,972.4,158,1.1,1.9,0,0,0,0,0,0,0,298,0,15,96
ALT,2018,10,4,21,10.3,92.8,11.6,9.2,7.51,9.7,29.3,0,972.2,167,1,1.9,0,0,0,0,0,0,0,296,0,15,96
ALT,2018,10,4,22,9.4,94.5,11.1,8.6,7.18,9,27.5,0,972.2,150,0.9,2.5,0,0,0,0,0,0,0,294,0,15,96
ALT,2018,10,4,23,8.5,97,10.8,8.1,6.99,8.3,26.1,0,972.2,158,0.7,1.6,0,0,0,0,0,0,0,292,0,15,96
ALT,2018,10,5,0,8.2,96.4,10.5,7.7,6.79,7.9,25.3,0,972.3,148,1.3,2,0,0,0,0,0,0,0,290,6,15,96
ALT,2018,10,5,1,8.4,96,10.6,7.8,6.86,8.1,25.7,0,972.2,165,1.1,2.3,0,0,0,0,0,0,0,289,0,15,96
ALT,2018,10,5,2,7.8,96.7,10.2,7.3,6.6,7.5,24.4,0,972,166,0.8,1.6,0,0,0,0,0,0,0,288,0,15,96
ALT,2018,10,5,3,7.5,97.1,10,7.1,6.47,7.3,23.8,0,971.5,170,1.1,1.8,0,0,0,0,0,0,0,287,0,15,96
ALT,2018,10,5,4,7.3,97.1,9.9,6.9,6.41,7.1,23.4,0,971.1,153,0.7,1.7,0,0,0,0,0,0,0,286,0,15,96
ALT,2018,10,5,5,7.1,96.9,9.8,6.6,6.34,6.8,23.1,0,971,153,0.8,1.3,0,0,0,0,0,0,0,286,20,15,96
ALT,2018,10,5,6,6.6,97,9.4,6.2,6.08,6.4,21.9,0,971.3,169,1,1.9,5,0,5,3,3,3,3,285,0,15,96
ALT,2018,10,5,7,8.1,94.5,10.2,7.3,6.6,7.7,24.7,0,971.3,153,1.2,2.6,108,297,43,25,309,142,24,285,0,15,96
ALT,2018,10,5,8,11.1,87.5,11.5,9.1,7.45,10,29.9,0,971.1,162,1,2.1,318,731,73,42,679,430,43,289,0,15,96
ALT,2018,10,5,9,13.4,82.7,12.7,10.5,8.25,11.7,34.3,0,970.6,343,1.1,2.6,423,642,126,64,541,520,64,292,25,15,96
ALT,2018,10,5,10,14.7,80.2,13.5,11.3,8.78,12.7,37,0,970,347,1.9,3.3,566,848,93,66,484,730,68,296,19,15,96
ALT,2018,10,5,11,15.9,75.9,13.7,11.7,8.92,13.4,38.5,0,969.4,340,1.5,2.9,660,912,103,74,305,847,77,299,6,15,96
ALT,2018,10,5,12,16.8,69,13.2,11.1,8.59,13.4,38.7,0,968.6,348,2,3.2,611,762,139,79,102,755,209,313,19,15,96
ALT,2018,10,5,13,17.6,68.6,13.8,11.8,9,14.1,40.5,0,967.9,337,1.6,2.7,592,841,106,70,72,757,430,305,6,15,96
ALT,2018,10,5,14,18.2,63.4,13.2,11.1,8.61,14,40.1,0,967.3,342,1.7,3.3,489,782,98,61,62,630,563,304,0,15,96
ALT,2018,10,5,15,17.3,64,12.6,10.4,8.21,13.3,38.2,0,966.9,285,1.2,2.5,293,585,61,45,46,394,512,320,10,15,96
ALT,2018,10,5,16,15.4,74.4,13,10.9,8.48,12.8,36.9,0,966.6,198,0.7,1.9,59,0,59,35,34,35,33,347,75,15,96
ALT,2018,10,5,17,15,76.1,12.9,10.8,8.41,12.6,36.4,0,966.7,180,0.6,1.3,19,0,19,10,10,10,10,350,68,15,96
ALT,2018,10,5,18,13.4,82.6,12.7,10.5,8.28,11.7,34.4,0,966.6,153,0.9,2.1,0,0,0,0,0,0,0,356,94,15,96
ALT,2018,10,5,19,12.2,85.1,12.1,9.8,7.88,10.9,32.2,0,966.6,146,0.8,2.3,0,0,0,0,0,0,0,341,64,15,96
ALT,2018,10,5,20,11.2,88.2,11.7,9.3,7.62,10.2,30.5,0,966.2,0,0.8,2.5,0,0,0,0,0,0,0,338,58,15,96
ALT,2018,10,5,21,12.3,85.6,12.2,10,7.95,11,32.4,0,966.4,323,1.5,4.9,0,0,0,0,0,0,0,358,81,15,96
ALT,2018,10,5,22,14,80.6,12.9,10.7,8.42,12.1,35.3,0,966.1,324,2.3,4.8,0,0,0,0,0,0,0,365,100,15,96
ALT,2018,10,5,23,14.1,79.8,12.8,10.7,8.35,12.1,35.3,0,965.9,327,2,5.5,0,0,0,0,0,0,0,363,100,15,96
ALT,2018,10,6,0,14.1,81.5,13.1,11,8.55,12.3,35.8,0,966,343,3.3,7.2,0,0,0,0,0,0,0,342,74,15,96
ALT,2018,10,6,1,13.9,82.7,13.1,11,8.55,12.2,35.6,0,965.8,333,3.4,6.4,0,0,0,0,0,0,0,357,84,17,96
ALT,2018,10,6,2,12.4,84.5,12.2,9.9,7.96,11,32.5,0,965.6,63,1,3.5,0,0,0,0,0,0,0,361,100,17,96
ALT,2018,10,6,3,11.4,88.3,11.9,9.5,7.76,10.3,31,0,965.4,149,0.9,2.3,0,0,0,0,0,0,0,361,100,17,96
ALT,2018,10,6,4,11.4,88.6,12,9.6,7.83,10.4,31.2,0,965,297,0.6,2.3,0,0,0,0,0,0,0,361,100,17,96
ALT,2018,10,6,5,11.5,87.3,11.8,9.5,7.7,10.4,31,0,964.8,135,0.7,2,0,0,0,0,0,0,0,361,100,17,96
ALT,2018,10,6,6,12,85.8,12,9.7,7.83,10.7,31.8,0,964.8,143,0.7,1.6,0,0,0,0,0,0,0,361,100,17,96
ALT,2018,10,6,7,12.6,88.2,12.8,10.7,8.36,11.5,33.8,0,964.9,153,0.7,1.5,48,11,46,23,32,27,21,362,100,17,96
ALT,2018,10,6,8,14.1,83,13.3,11.3,8.7,12.5,36.1,0,964.6,310,1,2.4,59,1,58,29,28,29,27,362,100,17,96
ALT,2018,10,6,9,15.6,75.8,13.4,11.3,8.76,13.1,37.9,0,964.4,330,2.5,4.6,168,15,161,79,87,90,74,366,100,17,96
ALT,2018,10,6,10,16.6,69.2,13,10.9,8.5,13.3,38.2,0,963.8,333,2.7,5.2,327,200,215,102,218,287,97,360,81,17,96
ALT,2018,10,6,11,17.8,64.8,13.1,11.1,8.58,13.8,39.6,0,963.1,331,2.8,5.2,515,523,197,101,250,579,100,356,68,17,96
ALT,2018,10,6,12,19.6,53.5,12.2,9.9,7.99,13.9,40,0,962.2,318,3.2,5.7,525,507,214,103,126,586,205,360,68,17,96
ALT,2018,10,6,13,19.8,53.8,12.4,10.2,8.13,14.2,40.5,0,961.5,323,2.6,5.5,417,316,233,111,108,405,263,379,88,17,96
ALT,2018,10,6,14,19.5,56.1,12.7,10.5,8.33,14.2,40.7,0,961.1,333,2.2,4.7,248,96,200,97,92,179,161,381,100,17,96
ALT,2018,10,6,15,18.8,62,13.5,11.4,8.87,14.4,41.4,0,960.7,324,2,4,155,31,143,70,67,91,93,379,100,17,96
ALT,2018,10,6,16,18.6,63,13.5,11.4,8.87,14.3,41.2,0,960.2,332,2.4,4.7,63,0,63,34,33,34,32,362,88,17,96
ALT,2018,10,6,17,18.1,63.3,13.1,11,8.6,13.9,40,0,960.2,330,1.7,4.3,15,0,15,8,7,8,7,352,65,17,96
ALT,2018,10,6,18,16.2,70.9,13,10.9,8.54,13.1,37.9,0,960.2,315,0.8,2.8,0,0,0,0,0,0,0,356,94,17,96
ALT,2018,10,6,19,18.1,47.9,9.9,6.9,6.48,11.9,34.6,0,960.4,131,2.5,6.3,0,0,0,0,0,0,0,362,84,17,96
ALT,2018,10,6,20,18.1,47.6,9.8,6.8,6.41,11.9,34.4,0,960.5,135,2.3,4.8,0,0,0,0,0,0,0,371,100,17,96
ALT,2018,10,6,21,17.9,50,10.2,7.3,6.67,12,34.9,0,960.9,110,2.4,6.4,0,0,0,0,0,0,0,369,100,17,96
ALT,2018,10,6,22,15.8,72.5,13,10.9,8.53,12.9,37.5,0,960.8,326,1,3,0,0,0,0,0,0,0,367,100,17,96
ALT,2018,10,6,23,14.6,78.5,13,10.9,8.53,12.5,36.2,0,960.6,135,0.5,1.3,0,0,0,0,0,0,0,366,100,17,96
ALT,2018,10,7,0,13.7,82.8,12.9,10.8,8.47,12,35.2,0,960.5,143,0.6,1.2,0,0,0,0,0,0,0,357,100,17,96
ALT,2018,10,7,1,13.6,82.1,12.8,10.6,8.4,11.9,34.9,0,960.8,153,0.3,0.7,0,0,0,0,0,0,0,362,100,16,96
ALT,2018,10,7,2,13.3,82.9,12.6,10.5,8.27,11.7,34.2,0,960.8,150,1,1.9,0,0,0,0,0,0,0,343,100,16,96
ALT,2018,10,7,3,13.1,84,12.6,10.5,8.26,11.6,34,0,961.2,164,0.9,2,0,0,0,0,0,0,0,357,100,16,96
ALT,2018,10,7,4,13.8,79.7,12.6,10.4,8.25,11.9,34.7,0,962,270,1.9,4.1,0,0,0,0,0,0,0,357,100,16,96
ALT,2018,10,7,5,13.7,78.3,12.3,10,8.05,11.6,34.1,0,962.3,135,1.1,2.9,0,0,0,0,0,0,0,359,100,16,96
ALT,2018,10,7,6,13.5,78.8,12.2,9.9,7.99,11.5,33.7,0,962.4,121,2,3.9,0,0,0,0,0,0,0,350,94,16,96
ALT,2018,10,7,7,13.6,79.7,12.4,10.2,8.12,11.7,34.2,0,962.8,144,0.9,1.8,96,258,41,21,267,126,21,335,60,16,96
ALT,2018,10,7,8,14.9,76.6,12.9,10.8,8.45,12.5,36.3,0,962.9,173,1,2,227,344,121,58,372,247,56,340,58,16,96
ALT,2018,10,7,9,16.2,70.4,12.9,10.8,8.45,13.1,37.7,0,962.8,146,1.2,2.6,400,600,126,67,500,499,66,343,45,16,96
ALT,2018,10,7,10,17.8,63.7,13,10.8,8.51,13.7,39.5,0,962.8,349,1.1,2.9,535,776,108,71,454,696,72,351,23,16,96
ALT,2018,10,7,11,18.4,64.2,13.6,11.5,8.91,14.3,41.1,0,962.6,331,2.7,5.1,610,848,102,75,289,799,77,339,13,16,96
ALT,2018,10,7,12,19.1,64.3,14.2,12.2,9.32,14.9,42.8,0,962.1,320,3.4,5.9,606,816,110,76,100,786,204,332,13,16,96
ALT,2018,10,7,13,19.7,62.8,14.4,12.4,9.45,15.2,43.8,0,962,304,3.2,5.9,514,638,146,85,85,624,344,354,48,16,96
ALT,2018,10,7,14,19.6,64.4,14.7,12.7,9.65,15.4,44.2,0,962.2,332,4.2,7.7,168,19,159,78,74,94,86,375,94,16,96
ALT,2018,10,7,15,19.3,65.8,14.7,12.7,9.65,15.3,43.9,0,962.4,333,3.2,6.6,38,0,38,19,18,19,17,384,100,16,96
ALT,2018,10,7,16,19,66.3,14.6,12.6,9.58,15.1,43.4,0,962.9,290,1.3,2.7,44,0,44,24,23,24,23,365,75,16,96
ALT,2018,10,7,17,17.1,77.5,15,13.1,9.84,14.7,42.1,0,963.6,141,0.7,1.3,13,0,13,8,7,8,7,338,41,16,96
ALT,2018,10,7,18,16.1,79.9,14.6,12.6,9.56,14,40.4,0,964.6,175,1.2,2.5,0,0,0,0,0,0,0,345,36,16,96
ALT,2018,10,7,19,15.4,80.6,14.1,12.1,9.22,13.4,38.8,0,965,158,1.1,2.3,0,0,0,0,0,0,0,342,6,16,96
ALT,2018,10,7,20,14.3,85.5,14,11.9,9.15,12.9,37.5,0,965.6,214,0.9,1.6,0,0,0,0,0,0,0,344,31,16,96
ALT,2018,10,7,21,14.2,87.1,14.1,12.1,9.22,13,37.6,0,965.7,166,0.9,1.7,0,0,0,0,0,0,0,373,94,16,96
ALT,2018,10,7,22,14.1,89.2,14.3,12.3,9.35,13,37.8,0,965.9,207,0.9,1.9,0,0,0,0,0,0,0,351,75,16,96
ALT,2018,10,7,23,13.1,91.7,13.8,11.8,9.01,12.3,35.9,0,966,166,0.9,1.4,0,0,0,0,0,0,0,326,31,16,96
ALT,2018,10,8,0,11.6,95,13,10.8,8.48,11.1,33.1,0,966.2,169,0.6,2,0,0,0,0,0,0,0,312,0,16,96
ALT,2018,10,8,1,11.5,94.8,12.9,10.7,8.42,11,32.8,0,966.1,164,0.8,1.6,0,0,0,0,0,0,0,327,100,18,96
ALT,2018,10,8,2,10.6,96,12.2,10,7.96,10.3,30.7,0,965.8,158,0.6,1.3,0,0,0,0,0,0,0,324,100,18,96
ALT,2018,10,8,3,10.4,95.6,12,9.7,7.83,10,30.2,0,965.8,149,0.9,2,0,0,0,0,0,0,0,323,25,18,96
ALT,2018,10,8,4,9.7,95.7,11.5,9,7.49,9.3,28.6,0,966,162,1,1.8,0,0,0,0,0,0,0,320,100,18,96
ALT,2018,10,8,5,9.6,94.2,11.2,8.7,7.29,9.1,28,0,966.2,163,1.2,2,0,0,0,0,0,0,0,318,100,18,96
ALT,2018,10,8,6,9.8,93.4,11.3,8.8,7.36,9.3,28.4,0,966.4,159,1,1.8,5,0,5,3,3,3,3,319,90,18,96
ALT,2018,10,8,7,10.7,92.2,11.9,9.5,7.75,10,30.3,0,967.3,157,0.9,1.8,57,21,53,28,48,37,27,318,44,18,96
ALT,2018,10,8,8,12.6,87.7,12.8,10.6,8.33,11.5,33.7,0,968.1,165,1.2,2,114,15,109,55,66,64,51,323,16,18,96
ALT,2018,10,8,9,14.2,81.1,13.1,11,8.53,12.3,35.8,0,968.1,166,0.9,1.9,213,55,189,95,135,137,89,338,29,18,96
ALT,2018,10,8,10,15.9,80.8,14.6,12.6,9.52,13.9,40.1,0,968.2,335,1.9,3.4,344,206,229,113,224,305,108,342,36,18,96
ALT,2018,10,8,11,16.1,80.1,14.7,12.7,9.59,14.1,40.5,0,968.2,333,3.1,4.8,516,517,208,106,282,595,105,352,33,18,96
ALT,2018,10,8,12,16.5,74.8,14,12,9.13,13.8,39.7,0,967.9,335,3.9,5.7,582,729,144,90,115,745,221,358,23,18,96
ALT,2018,10,8,13,17.1,73.7,14.3,12.4,9.33,14.3,40.8,0,967.8,334,3.9,7,547,730,135,86,87,706,403,357,29,18,96
ALT,2018,10,8,14,17,73.4,14.2,12.2,9.27,14.1,40.6,0,967.3,332,2.3,4.6,497,830,97,69,71,680,607,343,13,18,96
ALT,2018,10,8,15,16.6,76.1,14.3,12.4,9.33,14.1,40.3,0,967.6,326,3,5.6,276,544,69,51,52,386,488,332,13,18,96
ALT,2018,10,8,16,16,76.6,13.9,11.9,9.06,13.6,39,0,968.2,313,2.1,5.5,40,0,40,34,33,34,33,353,35,18,96
ALT,2018,10,8,17,16.1,77.3,14.1,12.1,9.19,13.7,39.4,0,968.7,270,0.9,2.7,14,0,14,7,7,7,7,376,88,18,96
ALT,2018,10,8,18,15.7,80.8,14.4,12.4,9.38,13.7,39.5,0,969.2,180,0.4,1.1,0,0,0,0,0,0,0,379,100,18,96
ALT,2018,10,8,19,15.4,83.7,14.6,12.7,9.51,13.8,39.5,0,969.5,243,0.2,0.8,0,0,0,0,0,0,0,377,100,18,96
ALT,2018,10,8,20,14.6,88.4,14.7,12.7,9.57,13.5,38.9,0,969.8,166,0.8,1.2,0,0,0,0,0,0,0,334,71,18,96
ALT,2018,10,8,21,13.7,89.6,14,12,9.11,12.7,36.8,0,970.1,124,0.5,1.1,0,0,0,0,0,0,0,329,34,18,96
ALT,2018,10,8,22,12.6,92.8,13.6,11.5,8.84,12,35,0,970.2,144,0.8,1.4,0,0,0,0,0,0,0,327,43,18,96
ALT,2018,10,8,23,13.2,89.5,13.6,11.5,8.84,12.2,35.6,0,970.1,153,1.6,2.3,0,0,0,0,0,0,0,335,100,18,96
ALT,2018,10,9,0,12.9,87.5,13,10.9,8.45,11.8,34.3,0,969.6,142,1.8,3,0,0,0,0,0,0,0,325,100,18,96
ALT,2018,10,9,1,12.4,90.1,12.9,10.8,8.39,11.5,33.6,0,969.8,243,0.4,1.7,0,0,0,0,0,0,0,307,10,18,96
ALT,2018,10,9,2,12,91.5,12.8,10.7,8.32,11.3,33,0,970,156,1.3,2,0,0,0,0,0,0,0,306,16,18,96
ALT,2018,10,9,3,12.4,90.1,13,10.8,8.45,11.5,33.8,0,969.8,133,1.6,2.7,0,0,0,0,0,0,0,306,33,18,96
ALT,2018,10,9,4,12.6,86.1,12.5,10.3,8.12,11.3,33.2,0,969.7,142,1.2,2.9,0,0,0,0,0,0,0,305,19,18,96
ALT,2018,10,9,5,11.6,89.5,12.2,9.9,7.92,10.7,31.6,0,969.9,162,0.7,1.7,0,0,0,0,0,0,0,304,0,18,96
ALT,2018,10,9,6,10.7,90.8,11.6,9.3,7.53,9.9,29.7,0,970.4,160,1.1,2.3,5,0,5,3,3,3,3,307,6,18,96
ALT,2018,10,9,7,10.9,89.7,11.7,9.3,7.59,10,30.1,0,970.6,160,1.2,2.6,80,121,56,30,147,81,29,304,33,18,96
ALT,2018,10,9,8,12.7,82.4,12.1,9.8,7.85,11.1,32.6,0,970.7,163,1.4,2.9,282,622,84,47,589,396,47,307,29,18,96
ALT,2018,10,9,9,14.5,77.5,12.8,10.6,8.31,12.3,35.6,0,970.4,146,0.7,2.1,435,750,99,63,593,595,64,310,19,18,96
ALT,2018,10,9,10,15.8,74.1,13.3,11.2,8.65,13.1,37.8,0,969.8,336,1.2,2.9,555,863,90,72,490,761,74,314,13,18,96
ALT,2018,10,9,11,16.6,72.8,13.8,11.7,8.98,13.7,39.4,0,969.5,339,2,3.7,587,786,124,83,295,774,85,317,25,18,96
ALT,2018,10,9,12,17.4,70.1,14,11.9,9.12,14.1,40.6,0,969.3,336,2.3,4.3,592,754,143,87,110,768,226,328,19,18,96
ALT,2018,10,9,13,18.5,66.4,14.1,12.1,9.18,14.6,41.9,0,969,315,2.2,4.3,573,849,99,75,77,778,430,322,29,18,96
ALT,2018,10,9,14,18.7,66,14.2,12.2,9.25,14.8,42.3,0,968.8,330,1.7,3.6,456,758,95,64,66,625,556,350,33,18,96
ALT,2018,10,9,15,18,68.2,14.1,12.1,9.19,14.4,41.4,0,968.4,277,1,3,270,561,61,47,48,390,495,343,19,18,96
ALT,2018,10,9,16,16.2,77.2,14.2,12.2,9.25,13.8,39.7,0,968.7,275,1.1,1.7,36,0,36,31,31,31,31,336,33,18,96
ALT,2018,10,9,17,14.5,84.2,13.9,11.9,9.05,13,37.5,0,969.1,180,0.7,1.4,11,0,11,7,7,7,7,324,13,18,96
ALT,2018,10,9,18,13.3,87.2,13.3,11.2,8.65,12.1,35.2,0,969.4,160,1.2,2.1,0,0,0,0,0,0,0,320,0,18,96
ALT,2018,10,9,19,13,86.8,13,10.9,8.46,11.8,34.4,0,969.1,163,1.7,3.6,0,0,0,0,0,0,0,319,0,18,96
ALT,2018,10,9,20,12.4,88.5,12.7,10.6,8.26,11.4,33.3,0,969,167,1,2.6,0,0,0,0,0,0,0,318,0,18,96
ALT,2018,10,9,21,11,92.9,12.2,9.9,7.93,10.4,31,0,969.1,135,0.7,2,0,0,0,0,0,0,0,316,0,18,96
ALT,2018,10,9,22,10.5,93.5,11.8,9.5,7.67,9.9,29.9,0,969,171,0.8,1.8,0,0,0,0,0,0,0,314,0,18,96
ALT,2018,10,9,23,10.4,93.3,11.8,9.4,7.67,9.9,29.8,0,968.6,171,0.7,1.6,0,0,0,0,0,0,0,313,0,18,96
ALT,2018,10,10,0,9.3,96.1,11.3,8.7,7.34,9,27.8,0,968.4,146,0.9,2.6,0,0,0,0,0,0,0,311,6,18,96
ALT,2018,10,10,1,9.3,95,11.1,8.5,7.22,8.9,27.5,0,968,162,0.9,3.1,0,0,0,0,0,0,0,324,0,20,96
ALT,2018,10,10,2,9.4,95.9,11.3,8.8,7.35,9.1,28,0,967.4,180,0.7,3.2,0,0,0,0,0,0,0,324,0,20,96
ALT,2018,10,10,3,10.6,95.8,12.2,10,7.95,10.3,30.7,0,967,72,0.9,3.5,0,0,0,0,0,0,0,317,0,20,96
ALT,2018,10,10,4,10.2,96.7,12,9.7,7.82,9.9,29.9,0,967,157,0.9,2.2,0,0,0,0,0,0,0,326,0,20,96
ALT,2018,10,10,5,10.2,97,12,9.7,7.81,9.9,29.9,0,967.2,153,1,2.8,0,0,0,0,0,0,0,338,36,20,96
ALT,2018,10,10,6,9.4,97.7,11.5,9.1,7.49,9.2,28.3,0,966.7,158,0.8,2.4,4,0,4,2,2,2,2,343,35,20,96
ALT,2018,10,10,7,10.6,96.1,12.3,10,8.02,10.3,30.9,0,966.7,326,1,3.1,97,272,43,26,286,141,26,350,29,20,96
ALT,2018,10,10,8,13.6,88.9,13.8,11.8,9.01,12.5,36.4,0,966.5,310,1.2,4.2,289,686,75,48,641,429,49,333,29,20,96
ALT,2018,10,10,9,16.8,65.7,12.1,10.3,7.89,13,36.9,0,966,143,3.8,17.4,414,716,98,67,570,575,68,348,36,20,96
ALT,2018,10,10,10,21.5,36.8,9.5,6.1,6.18,13,37.3,0,965.7,147,9.1,17,425,416,206,106,349,473,104,358,50,20,96
ALT,2018,10,10,11,22.6,34.3,9.4,6.1,6.12,13.4,38.3,0,965.3,145,9.1,18.8,480,423,232,117,267,530,115,362,55,20,96
ALT,2018,10,10,12,23.3,32.7,9.3,6,6.06,13.6,38.8,0,964.6,152,10,27.2,356,142,271,137,140,282,167,382,75,20,96
ALT,2018,10,10,13,23.4,32.1,9.2,5.8,5.99,13.6,38.8,0,964.3,150,9.4,17.9,354,254,215,111,107,342,241,375,64,20,96
ALT,2018,10,10,14,22.7,31.6,8.7,5,5.67,13,37.2,0,963.8,155,9.4,20.3,407,549,150,82,82,511,461,361,53,20,96
ALT,2018,10,10,15,21.9,34.9,9.1,5.7,5.93,12.9,37.1,0,963.6,151,9.7,18.3,268,524,78,55,55,384,484,344,26,20,96
ALT,2018,10,10,16,21.4,34.5,8.8,5.1,5.73,12.5,36.1,0,963.4,145,8.9,18.9,32,0,32,32,32,32,32,346,23,20,96
ALT,2018,10,10,17,21.5,34.1,8.7,5,5.67,12.5,36,0,963.5,145,9.9,22.2,12,0,12,6,6,6,6,352,34,20,96
ALT,2018,10,10,18,21.3,35,8.9,5.2,5.8,12.5,36.1,0,963.9,145,10,19.7,0,0,0,0,0,0,0,344,33,20,96
ALT,2018,10,10,19,21.1,34.4,8.6,4.8,5.6,12.3,35.4,0,963.5,142,9.6,17.3,0,0,0,0,0,0,0,339,36,20,96
ALT,2018,10,10,20,21.4,33.2,8.5,4.6,5.54,12.3,35.6,0,963.4,144,10.6,24.3,0,0,0,0,0,0,0,342,6,20,96
ALT,2018,10,10,21,21.5,32.6,8.4,4.4,5.47,12.3,35.5,0,963.2,141,9.9,17.1,0,0,0,0,0,0,0,352,23,20,96
ALT,2018,10,10,22,21.6,32.9,8.5,4.6,5.54,12.4,35.8,0,963,139,10.4,19.8,0,0,0,0,0,0,0,347,13,20,96
ALT,2018,10,10,23,21.4,34.4,8.8,5.1,5.74,12.5,36.1,0,962.9,139,10.2,17.9,0,0,0,0,0,0,0,345,54,20,96
ALT,2018,10,11,0,21.2,36.1,9.1,5.6,5.94,12.6,36.4,0,962.7,143,10.4,18.3,0,0,0,0,0,0,0,367,94,20,96
ALT,2018,10,11,1,21,37.1,9.2,5.8,6,12.6,36.4,0,962.6,140,10.8,19.8,0,0,0,0,0,0,0,334,19,20,96
ALT,2018,10,11,2,20.9,37.9,9.4,6,6.14,12.7,36.6,0,962.1,138,11.9,20.9,0,0,0,0,0,0,0,337,13,20,96
ALT,2018,10,11,3,20.8,38,9.3,6,6.07,12.6,36.3,0,962,139,10.8,20.8,0,0,0,0,0,0,0,360,69,20,96
ALT,2018,10,11,4,20.8,37.7,9.3,5.9,6.07,12.6,36.3,0,961.9,137,10.5,20.4,0,0,0,0,0,0,0,365,88,20,96
ALT,2018,10,11,5,20.8,37.6,9.2,5.8,6.01,12.6,36.2,0,961.9,135,9.8,17.8,0,0,0,0,0,0,0,358,88,20,96
ALT,2018,10,11,6,20.8,37.9,9.3,5.9,6.07,12.6,36.3,0,962.2,143,8.9,18.2,0,0,0,0,0,0,0,364,100,20,96
ALT,2018,10,11,7,21.2,37.1,9.3,6,6.07,12.8,36.7,0,962.5,134,9.5,18.1,6,0,6,3,3,3,3,365,100,20,96
ALT,2018,10,11,8,21.1,39,9.7,6.6,6.33,13,37.3,0,963.1,146,7.7,14.8,15,0,15,8,8,8,7,367,100,20,96
ALT,2018,10,11,9,21.2,38.4,9.6,6.5,6.26,13,37.2,0,963.8,150,7.2,14.8,24,0,24,12,12,12,11,370,100,20,96
ALT,2018,10,11,10,20.9,39.6,9.8,6.7,6.39,13,37.2,0,963.8,150,6.2,12.2,48,0,48,25,23,24,23,373,100,20,96
ALT,2018,10,11,11,20.9,39.9,9.9,6.8,6.45,13,37.4,0,964.1,142,5,12.8,33,0,33,17,16,17,16,375,100,20,96
ALT,2018,10,11,12,21.2,37.1,9.4,6,6.13,12.8,36.9,0,963.6,126,8,16.8,32,0,32,16,15,16,15,378,100,20,96
ALT,2018,10,11,13,21.2,37.2,9.4,6,6.13,12.8,36.9,0,963.5,142,8.6,14.7,35,0,35,18,17,18,17,379,100,20,96
ALT,2018,10,11,14,21.8,35.6,9.3,5.9,6.06,13,37.3,0,963.3,142,9.1,18.4,26,0,26,13,13,13,12,378,100,20,96
ALT,2018,10,11,15,21.9,34.7,9.2,5.6,6,12.9,37.3,0,963.7,137,10.5,18,62,5,60,31,30,34,34,373,100,20,96
ALT,2018,10,11,16,21.9,33.9,8.9,5.3,5.8,12.8,36.8,0,963.9,136,11.8,19.5,34,0,34,23,22,23,22,359,71,20,96
ALT,2018,10,11,17,21.4,34.9,8.9,5.3,5.79,12.6,36.2,0,964.4,135,10.2,17.2,10,0,10,6,5,6,5,341,34,20,96
ALT,2018,10,11,18,21.3,35.4,9,5.4,5.86,12.6,36.3,0,964.8,138,10.1,19.2,0,0,0,0,0,0,0,322,0,20,96
ALT,2018,10,11,19,20.9,37.6,9.3,5.9,6.05,12.6,36.4,0,965.1,140,9.9,19.1,0,0,0,0,0,0,0,320,0,20,96
ALT,2018,10,11,20,21.2,36.8,9.3,5.9,6.05,12.8,36.7,0,965.9,138,10.1,16.9,0,0,0,0,0,0,0,325,0,20,96
ALT,2018,10,11,21,21.2,37.2,9.4,6,6.11,12.8,36.8,0,966.6,144,9.3,18.1,0,0,0,0,0,0,0,317,0,20,96
ALT,2018,10,11,22,20.2,40.8,9.7,6.5,6.3,12.6,36.3,0,967.5,158,7.6,16,0,0,0,0,0,0,0,315,0,20,96
ALT,2018,10,11,23,18.6,48.9,10.3,7.7,6.69,12.5,35.7,0,968.4,188,4.7,11.4,0,0,0,0,0,0,0,314,0,20,96
ALT,2018,10,12,0,16.3,62.5,11.5,9.1,7.47,12.2,35.3,0,968.6,313,2,4.3,0,0,0,0,0,0,0,312,30,20,96
ALT,2018,10,12,1,15.2,66.5,11.5,9,7.47,11.7,34.2,0,969.1,328,2.1,5,0,0,0,0,0,0,0,326,31,17,96
ALT,2018,10,12,2,13.1,74.1,11.1,8.6,7.21,10.6,31.4,0,969.1,330,1.5,4.3,0,0,0,0,0,0,0,355,84,17,96
ALT,2018,10,12,3,13.7,78.1,12.2,10,7.92,11.6,33.8,0,969.8,347,1.8,3.5,0,0,0,0,0,0,0,342,64,17,96
ALT,2018,10,12,4,12.3,84,12,9.7,7.79,10.8,32,0,970.2,108,1.1,2.7,0,0,0,0,0,0,0,362,100,17,96
ALT,2018,10,12,5,12.1,83.6,11.8,9.4,7.65,10.6,31.5,0,970.7,270,0.8,2.1,0,0,0,0,0,0,0,358,88,17,96
ALT,2018,10,12,6,11.1,87.6,11.5,9.1,7.45,10,29.9,0,971.7,198,0.8,2.2,3,0,3,2,2,2,2,319,29,17,96
ALT,2018,10,12,7,10.9,88.8,11.5,9.1,7.44,9.9,29.7,0,972.8,149,0.6,1.8,90,260,41,23,270,135,23,311,19,17,96
ALT,2018,10,12,8,14.1,81.7,13.1,11,8.49,12.3,35.6,0,972.9,149,1.2,2.5,256,581,82,44,552,374,44,310,0,17,96
ALT,2018,10,12,9,16.4,69.2,12.9,10.7,8.36,13.1,37.7,0,972.3,342,0.8,2.8,412,756,85,58,582,595,59,313,13,17,96
ALT,2018,10,12,10,17.3,65.1,12.9,10.7,8.37,13.4,38.6,0,971.9,338,1.9,3.2,540,857,91,70,482,766,72,315,19,17,96
ALT,2018,10,12,11,18.6,61.8,13.2,11.1,8.57,14.1,40.4,0,971.6,335,2.7,5.5,555,737,132,82,284,743,84,318,19,17,96
ALT,2018,10,12,12,20.4,53.4,12.8,10.6,8.31,14.6,41.6,0,971.4,315,3.2,7.6,581,810,111,79,102,798,209,330,13,17,96
ALT,2018,10,12,13,20.9,51,12.6,10.4,8.17,14.7,41.8,0,971.4,312,3.3,7.3,558,869,88,71,73,792,431,322,0,17,96
ALT,2018,10,12,14,21,50.1,12.4,10.2,8.04,14.6,41.5,0,971.7,308,2,4.5,445,783,86,61,62,642,562,321,6,17,96
ALT,2018,10,12,15,20,55.4,12.9,10.8,8.37,14.5,41.3,0,971.9,333,1.3,3.5,188,365,52,45,46,279,331,332,0,17,96
ALT,2018,10,12,16,16.9,66.6,12.8,10.6,8.3,13.2,38,0,972.2,180,0.7,1.3,33,0,33,28,28,28,28,338,16,17,96
ALT,2018,10,12,17,15.7,71.1,12.6,10.5,8.16,12.7,36.4,0,972.7,175,1.3,2.4,9,0,9,5,4,5,4,340,44,17,96
ALT,2018,10,12,18,14.5,74.3,12.3,10,7.96,11.9,34.7,0,972.9,162,1,2,0,0,0,0,0,0,0,331,13,17,96
ALT,2018,10,12,19,13.6,76.8,12,9.6,7.77,11.4,33.3,0,973.1,164,0.8,1.6,0,0,0,0,0,0,0,315,0,17,96
ALT,2018,10,12,20,12.4,80.9,11.6,9.2,7.5,10.6,31.4,0,973.2,158,0.6,1.6,0,0,0,0,0,0,0,313,0,17,96
ALT,2018,10,12,21,11.9,82.5,11.5,9,7.43,10.3,30.7,0,973.6,149,0.6,1.8,0,0,0,0,0,0,0,319,20,17,96
ALT,2018,10,12,22,11.1,85.3,11.3,8.7,7.3,9.8,29.6,0,973.6,153,0.7,1.6,0,0,0,0,0,0,0,334,50,17,96
ALT,2018,10,12,23,10.5,87,11.1,8.4,7.18,9.4,28.6,0,973.2,163,1,2.2,0,0,0,0,0,0,0,312,0,17,96
ALT,2018,10,13,0,10.1,86.4,10.7,7.9,6.92,8.9,27.6,0,973,165,1.2,2.3,0,0,0,0,0,0,0,306,26,17,96
ALT,2018,10,13,1,10.6,84.4,10.8,8.1,6.98,9.3,28.3,0,972.6,166,0.9,1.7,0,0,0,0,0,0,0,304,0,17,96
ALT,2018,10,13,2,9.3,88.2,10.3,7.5,6.66,8.4,26.1,0,972.3,169,0.5,1.4,0,0,0,0,0,0,0,302,0,17,96
ALT,2018,10,13,3,8.3,91,10,6.9,6.46,7.6,24.6,0,972.3,153,0.7,1.5,0,0,0,0,0,0,0,300,0,17,96
ALT,2018,10,13,4,7.8,92,9.8,6.6,6.33,7.2,23.8,0,972.8,153,0.9,1.7,0,0,0,0,0,0,0,298,0,17,96
ALT,2018,10,13,5,8.1,90.3,9.7,6.6,6.27,7.3,23.9,0,972.5,153,1.6,2.1,0,0,0,0,0,0,0,296,0,17,96
ALT,2018,10,13,6,8.3,88.4,9.7,6.5,6.27,7.4,24.1,0,971.7,163,1.2,2,3,0,3,1,1,1,1,298,6,17,96
ALT,2018,10,13,7,8.3,89.5,9.8,6.7,6.34,7.5,24.3,0,971.8,153,0.3,1.5,89,265,40,22,273,137,22,295,19,17,96
ALT,2018,10,13,8,11.7,82.7,11.4,8.9,7.38,10.2,30.4,0,971.7,153,0.7,1.6,256,589,82,43,556,382,43,299,13,17,96
ALT,2018,10,13,9,14.8,76.4,12.8,10.7,8.31,12.4,35.9,0,971.2,360,0.6,2.1,411,764,84,56,582,602,57,303,0,17,96
ALT,2018,10,13,10,16.1,70.9,13,10.8,8.44,13,37.6,0,970.7,337,1.6,2.8,539,861,92,68,482,772,70,308,0,17,96
ALT,2018,10,13,11,17,67.1,13,10.9,8.45,13.4,38.5,0,970.2,335,1.9,3.2,544,705,143,81,279,724,82,312,19,17,96
ALT,2018,10,13,12,17.7,64.4,13,10.9,8.46,13.7,39.2,0,969.3,339,1.5,3.3,590,839,107,76,99,822,210,326,13,17,96
ALT,2018,10,13,13,19.1,56.7,12.5,10.3,8.13,13.9,39.8,0,968.6,322,1.3,2.4,536,828,92,68,70,761,413,324,0,17,96
ALT,2018,10,13,14,19.2,58.3,13,10.8,8.47,14.2,40.8,0,968.2,337,1.6,2.8,440,792,81,57,59,645,563,318,0,17,96
ALT,2018,10,13,15,18.2,63.4,13.2,11.1,8.6,14,40.1,0,967.9,281,0.9,2,186,373,50,43,43,282,333,317,0,17,96
ALT,2018,10,13,16,15.6,71.8,12.7,10.5,8.27,12.7,36.6,0,967.5,169,0.7,1.6,31,0,31,27,27,27,26,316,6,17,96
ALT,2018,10,13,17,14.8,73.3,12.3,10.1,8.01,12.1,35.1,0,967.3,169,0.6,1.8,8,0,8,4,4,4,4,315,10,17,96
ALT,2018,10,13,18,12.6,81.2,11.9,9.5,7.75,10.9,32.2,0,967,153,0.6,2.1,0,0,0,0,0,0,0,314,0,17,96
ALT,2018,10,13,19,12.8,80,11.7,9.4,7.62,10.9,32.1,0,966.6,315,1,3.5,0,0,0,0,0,0,0,313,0,17,96
ALT,2018,10,13,20,18.7,51.5,10.5,8.5,6.84,12.9,36.1,0,966,138,4.9,14.4,0,0,0,0,0,0,0,314,0,17,96
ALT,2018,10,13,21,21.5,36.2,9.3,5.9,6.05,12.9,37,0,965.9,139,7.7,15.4,0,0,0,0,0,0,0,320,0,17,96
ALT,2018,10,13,22,21.9,34.4,9,5.5,5.85,12.9,36.9,0,965.5,136,9,17.1,0,0,0,0,0,0,0,306,0,17,96
ALT,2018,10,13,23,22,33.4,8.9,5.2,5.79,12.8,36.8,0,965.6,140,9.1,19.2,0,0,0,0,0,0,0,303,0,17,96
ALT,2018,10,14,0,21.6,29.8,7.7,3.2,5,11.9,34.4,0,965.5,143,9.3,17,0,0,0,0,0,0,0,301,0,17,96
ALT,2018,10,14,1,21,31,7.7,3.2,5,11.6,33.8,0,965.1,142,10,19.2,0,0,0,0,0,0,0,298,0,18,96
ALT,2018,10,14,2,20.8,29.6,7.3,2.4,4.74,11.3,33,0,964.5,141,10.3,19.1,0,0,0,0,0,0,0,296,0,18,96
ALT,2018,10,14,3,20.5,29.2,7,2,4.55,11,32.2,0,964.2,144,10.7,19.9,0,0,0,0,0,0,0,293,0,18,96
ALT,2018,10,14,4,20.4,29.5,7.1,2,4.61,11,32.2,0,964.1,144,11.6,20.2,0,0,0,0,0,0,0,290,0,18,96
ALT,2018,10,14,5,20.3,28.8,6.8,1.6,4.42,10.8,31.6,0,963.5,142,12.4,20.9,0,0,0,0,0,0,0,288,0,18,96
ALT,2018,10,14,6,20,28.4,6.7,1.2,4.36,10.5,31.2,0,963.4,138,12.2,20.4,0,0,0,0,0,0,0,285,0,18,96
ALT,2018,10,14,7,19.8,29.2,6.7,1.4,4.36,10.5,31,0,963.1,141,13.9,23.9,63,144,35,23,158,90,23,289,6,18,96
ALT,2018,10,14,8,20.5,27.3,6.5,1,4.23,10.7,31.3,0,963,135,13.5,25,243,508,94,49,494,349,48,286,19,18,96
ALT,2018,10,14,9,21.5,23.8,6.1,0,3.97,10.7,31.7,0,963,137,12.9,23.1,427,816,83,60,623,644,62,288,13,18,96
ALT,2018,10,14,10,22.2,23.4,6.3,0.3,4.1,11.1,32.7,0,962.8,139,13.8,23.1,554,874,105,75,503,802,78,290,0,18,96
ALT,2018,10,14,11,22.8,22.1,6.1,0.1,3.97,11.3,33,0,962.5,143,13.8,23.3,546,705,148,87,286,737,88,292,19,18,96
ALT,2018,10,14,12,23.1,23.2,6.6,1,4.3,11.7,34.2,0,962,147,13.1,21.9,599,878,98,79,97,858,217,305,19,18,96
ALT,2018,10,14,13,23.1,23.5,6.6,1.2,4.3,11.8,34.2,0,961.6,150,13.2,22.1,534,818,100,74,76,767,419,295,0,18,96
ALT,2018,10,14,14,22.9,24.6,6.9,1.6,4.5,11.8,34.5,0,961.6,150,12.3,20.6,435,765,94,63,65,640,559,294,0,18,96
ALT,2018,10,14,15,21.9,26.4,6.9,1.8,4.49,11.5,33.4,0,961.8,148,11.7,19.8,188,375,53,46,47,289,340,293,0,18,96
ALT,2018,10,14,16,21.1,27.2,6.8,1.5,4.43,11.1,32.5,0,962.1,147,11.1,18.8,31,0,31,28,27,28,27,292,0,18,96
ALT,2018,10,14,17,20.8,26.6,6.6,0.9,4.29,10.8,31.8,0,962.5,149,11.3,20.9,6,0,6,3,3,3,3,291,6,18,96
ALT,2018,10,14,18,20.2,26.8,6.3,0.5,4.1,10.4,30.7,0,962.6,146,10.3,16.9,0,0,0,0,0,0,0,290,0,18,96
ALT,2018,10,14,19,19.8,27.2,6.3,0.4,4.1,10.2,30.3,0,962.7,145,11.4,19.1,0,0,0,0,0,0,0,289,0,18,96
ALT,2018,10,14,20,19.9,27.8,6.5,0.8,4.23,10.3,30.7,0,962.7,146,11.7,18.6,0,0,0,0,0,0,0,288,0,18,96
ALT,2018,10,14,21,19.8,29.1,6.7,1.3,4.36,10.5,31,0,962.8,144,12.7,20,0,0,0,0,0,0,0,287,0,18,96
ALT,2018,10,14,22,19.9,29.7,6.9,1.7,4.49,10.7,31.4,0,962.9,145,12.4,20.3,0,0,0,0,0,0,0,287,0,18,96
ALT,2018,10,14,23,20,29.7,7,1.8,4.56,10.7,31.7,0,962.8,144,11.7,20.5,0,0,0,0,0,0,0,286,0,18,96
ALT,2018,10,15,0,19.9,30.5,7.1,2.1,4.62,10.8,31.7,0,962.7,142,11.1,18.9,0,0,0,0,0,0,0,304,0,18,96
ALT,2018,10,15,1,19.8,32.8,7.6,3,4.95,11.1,32.5,0,962.8,140,10.2,16.9,0,0,0,0,0,0,0,334,23,19,96
ALT,2018,10,15,2,19.6,33.4,7.6,3.1,4.95,11,32.3,0,962.3,135,9.2,16.3,0,0,0,0,0,0,0,314,0,19,96
ALT,2018,10,15,3,19.5,33.8,7.6,3.2,4.95,11,32.2,0,962,136,9,21.1,0,0,0,0,0,0,0,323,6,19,96
ALT,2018,10,15,4,19.3,35.4,7.9,3.6,5.15,11.1,32.5,0,962.2,135,8.1,15.6,0,0,0,0,0,0,0,327,20,19,96
ALT,2018,10,15,5,19.4,33.9,7.6,3.1,4.95,10.9,32.1,0,962,136,7.6,13.7,0,0,0,0,0,0,0,316,0,19,96
ALT,2018,10,15,6,18.9,36,7.9,3.5,5.15,10.9,32.1,0,962.2,142,7.2,14.4,0,0,0,0,0,0,0,328,0,19,96
ALT,2018,10,15,7,19.3,35.3,7.9,3.6,5.15,11.1,32.5,0,962.5,141,8.3,16.8,61,140,34,23,154,88,23,321,25,19,96
ALT,2018,10,15,8,19.8,35.4,8.2,4.1,5.34,11.5,33.5,0,962.6,141,8.8,15.4,240,521,88,48,501,358,48,330,25,19,96
ALT,2018,10,15,9,20.7,33.7,8.2,4.2,5.34,11.9,34.4,0,962.6,141,9.6,15.7,423,806,87,63,622,647,65,328,19,19,96
ALT,2018,10,15,10,21.3,32.7,8.3,4.3,5.41,12.2,35.2,0,962.9,142,11.4,19,528,842,100,77,487,776,79,341,13,19,96
ALT,2018,10,15,11,21.7,31.2,8.1,3.9,5.28,12.2,35.2,0,962.8,145,10,18,504,573,184,100,280,645,100,351,33,19,96
ALT,2018,10,15,12,21.8,31.5,8.2,4.2,5.34,12.3,35.5,0,962.7,151,10.3,17.3,591,884,92,82,85,864,230,357,13,19,96
ALT,2018,10,15,13,21.8,32.1,8.4,4.4,5.48,12.4,35.8,0,962.6,155,10.1,17.8,521,791,106,78,80,755,420,362,6,19,96
ALT,2018,10,15,14,21.4,34,8.7,4.9,5.67,12.4,35.9,0,962.3,150,9.3,17.1,429,773,88,65,66,646,564,340,13,19,96
ALT,2018,10,15,15,20.8,32.6,8,3.8,5.21,11.8,34.2,0,962.6,152,9.6,20.2,183,361,55,48,49,284,331,322,0,19,96
ALT,2018,10,15,16,20.2,33.2,7.8,3.5,5.08,11.4,33.2,0,963,147,9,17,29,0,29,28,27,27,27,315,0,19,96
ALT,2018,10,15,17,20,31.7,7.5,2.7,4.88,11,32.5,0,963.5,146,8.9,15.8,5,0,5,3,3,3,3,301,0,19,96
ALT,2018,10,15,18,20.1,31.5,7.4,2.7,4.81,11.1,32.4,0,963.8,140,8.8,14.8,0,0,0,0,0,0,0,296,0,19,96
ALT,2018,10,15,19,19.7,33.6,7.7,3.2,5.01,11.1,32.5,0,964,140,7.9,13.8,0,0,0,0,0,0,0,295,0,19,96
ALT,2018,10,15,20,19.8,32.5,7.5,2.9,4.88,11,32.3,0,964.2,140,8.3,14.6,0,0,0,0,0,0,0,298,6,19,96
ALT,2018,10,15,21,19.5,33.5,7.6,3,4.94,11,32.1,0,964.5,143,7.9,14.1,0,0,0,0,0,0,0,331,26,19,96
ALT,2018,10,15,22,19.1,35.6,7.9,3.5,5.14,11,32.2,0,964.7,143,7.1,13,0,0,0,0,0,0,0,322,10,19,96
ALT,2018,10,15,23,18.3,38.6,8.1,4,5.26,10.8,31.7,0,965.1,152,6,11.1,0,0,0,0,0,0,0,294,0,19,96
ALT,2018,10,16,0,17.9,39.9,8.1,4.1,5.26,10.7,31.3,0,965.2,156,6.2,10.3,0,0,0,0,0,0,0,337,10,19,96
ALT,2018,10,16,1,17.6,40.8,8.2,4.1,5.33,10.6,31.2,0,965.5,156,5.7,11.3,0,0,0,0,0,0,0,348,50,21,96
ALT,2018,10,16,2,17.1,40.9,8,3.7,5.2,10.2,30.4,0,965.7,155,4.7,10.9,0,0,0,0,0,0,0,351,69,21,96
ALT,2018,10,16,3,16.8,40.3,7.7,3.2,5,9.9,29.5,0,966,144,4.1,8.5,0,0,0,0,0,0,0,332,51,21,96
ALT,2018,10,16,4,15.5,44.4,7.8,3.4,5.06,9.4,28.4,0,966.5,141,2.8,6.6,0,0,0,0,0,0,0,349,100,21,96
ALT,2018,10,16,5,15.1,45.5,7.8,3.4,5.06,9.2,28,0,966.6,130,3.2,6.8,0,0,0,0,0,0,0,348,100,21,96
ALT,2018,10,16,6,14.8,46.5,7.8,3.5,5.06,9.1,27.7,0,966.9,137,2.1,6,0,0,0,0,0,0,0,347,100,21,96
ALT,2018,10,16,7,13.7,51.8,8.1,4,5.25,8.8,27,0,967.2,180,0.5,1.4,26,2,26,14,15,14,13,349,100,21,96
ALT,2018,10,16,8,14,59.3,9.4,6.2,6.11,9.9,29.5,0,967.1,27,0.4,1.4,172,184,116,60,220,180,57,353,94,21,96
ALT,2018,10,16,9,15.9,59.3,10.7,8,6.96,11.5,33.6,0,966.8,321,1.4,2.5,353,523,136,75,454,480,75,346,75,21,96
ALT,2018,10,16,10,17,52.8,10.2,7.3,6.63,11.7,33.9,0,966.8,331,2.5,5.1,511,831,94,77,476,767,80,322,35,21,96
ALT,2018,10,16,11,16.8,57.9,11.1,8.5,7.23,12.1,35.2,0,966.6,330,3.4,5.3,556,792,117,88,282,803,90,325,39,21,96
ALT,2018,10,16,12,17.5,54.8,10.9,8.3,7.1,12.3,35.6,0,966.4,326,2.6,4.4,520,631,167,99,99,696,238,353,68,21,96
ALT,2018,10,16,13,18.3,51.9,10.9,8.3,7.1,12.7,36.4,0,966.2,352,2.4,4.5,493,684,138,87,88,692,401,341,50,21,96
ALT,2018,10,16,14,18.6,47.6,10.2,7.3,6.63,12.3,35.5,0,966.5,318,1.6,4.2,373,522,147,81,81,499,440,345,68,21,96
ALT,2018,10,16,15,17.9,51.6,10.6,7.8,6.9,12.3,35.5,0,966.8,324,1.5,3.1,146,135,98,62,60,158,170,351,71,21,96
ALT,2018,10,16,16,16,59.4,10.8,8.1,7.02,11.6,33.9,0,967.1,297,0.4,1.7,32,0,32,28,28,28,28,337,36,21,96
ALT,2018,10,16,17,13.9,68.3,10.9,8.2,7.09,10.8,31.9,0,967.6,174,1,1.9,5,0,5,3,3,3,3,323,0,21,96
ALT,2018,10,16,18,12.4,72.8,10.5,7.7,6.82,9.9,29.7,0,967.9,175,1.2,2.2,0,0,0,0,0,0,0,320,0,21,96
ALT,2018,10,16,19,11.8,73.6,10.2,7.2,6.62,9.4,28.6,0,967.9,169,0.6,1.1,0,0,0,0,0,0,0,318,0,21,96
ALT,2018,10,16,20,10.3,79.7,10,7,6.49,8.6,26.7,0,968.2,149,0.7,1.7,0,0,0,0,0,0,0,312,0,21,96
ALT,2018,10,16,21,9.5,82.6,9.8,6.7,6.36,8.1,25.6,0,968.3,174,0.9,1.8,0,0,0,0,0,0,0,310,0,21,96
ALT,2018,10,16,22,9.7,81.1,9.7,6.6,6.29,8.1,25.6,0,968.2,146,0.8,2.3,0,0,0,0,0,0,0,311,0,21,96
ALT,2018,10,16,23,9.2,81.5,9.5,6.2,6.16,7.7,24.8,0,968.4,124,0.5,1.6,0,0,0,0,0,0,0,306,0,21,96
ALT,2018,10,17,0,8.6,84,9.4,6.1,6.1,7.3,24,0,968.2,149,0.7,1.6,0,0,0,0,0,0,0,305,0,21,96
ALT,2018,10,17,1,8,85.7,9.2,5.8,5.97,6.9,23,0,968.1,153,1,2.2,0,0,0,0,0,0,0,287,0,17,96
ALT,2018,10,17,2,8.1,85.4,9.2,5.8,5.97,7,23.1,0,968,153,0.4,1.6,0,0,0,0,0,0,0,286,0,17,96
ALT,2018,10,17,3,7,89.2,8.9,5.3,5.77,6.2,21.5,0,967.7,150,0.9,1.5,0,0,0,0,0,0,0,284,0,17,96
ALT,2018,10,17,4,7.3,86.4,8.9,5.2,5.77,6.3,21.8,0,967.8,163,1,2,0,0,0,0,0,0,0,299,16,17,96
ALT,2018,10,17,5,6.6,89.1,8.7,4.9,5.64,5.8,20.8,0,967.6,165,1.1,2.1,0,0,0,0,0,0,0,289,0,17,96
ALT,2018,10,17,6,6.8,88,8.7,5,5.64,5.9,21,0,967.5,150,0.8,1.7,0,0,0,0,0,0,0,280,0,17,96
ALT,2018,10,17,7,6.6,88.7,8.6,4.9,5.58,5.8,20.6,0,967.6,180,0.6,1.3,56,132,31,20,142,82,20,281,19,17,96
ALT,2018,10,17,8,9.7,82.4,10,6.9,6.5,8.2,26.1,0,967.5,143,0.5,1.4,237,564,76,41,522,378,41,286,13,17,96
ALT,2018,10,17,9,13.1,75,11.3,8.8,7.35,10.7,31.7,0,967.4,340,1.3,2.9,406,794,83,55,601,635,57,290,0,17,96
ALT,2018,10,17,10,14.5,69.7,11.5,9,7.49,11.4,33.5,0,967.1,338,2.3,4,507,829,95,67,465,759,70,295,0,17,96
ALT,2018,10,17,11,15.5,66.3,11.7,9.2,7.62,11.9,34.9,0,966.7,346,2.7,4.8,522,693,141,80,267,724,82,300,13,17,96
ALT,2018,10,17,12,16.6,59.1,11.2,8.6,7.3,12.1,35.2,0,966.1,345,2.4,3.8,571,880,84,72,74,852,216,314,0,17,96
ALT,2018,10,17,13,17.3,56,11.1,8.4,7.23,12.3,35.7,0,965.7,341,2.2,4.2,515,840,84,66,68,776,415,308,0,17,96
ALT,2018,10,17,14,17.5,56.3,11.2,8.7,7.3,12.5,36.1,0,965.4,343,2,3.2,413,767,83,57,58,638,548,308,0,17,96
ALT,2018,10,17,15,16.3,58.7,10.9,8.2,7.1,11.8,34.4,0,965.4,315,0.8,2.4,117,187,49,44,44,169,185,323,41,17,96
ALT,2018,10,17,16,14.5,68.8,11.4,8.8,7.43,11.3,33.4,0,965.6,194,0.4,1.3,45,0,45,28,27,28,27,344,61,17,96
ALT,2018,10,17,17,13.1,73.9,11.1,8.6,7.23,10.6,31.4,0,966,160,1.2,1.9,5,0,5,2,2,2,2,363,78,17,96
ALT,2018,10,17,18,12.2,75.3,10.7,8,6.96,9.9,29.8,0,966.3,185,1.3,1.8,0,0,0,0,0,0,0,358,60,17,96
ALT,2018,10,17,19,11.1,79.8,10.5,7.7,6.83,9.3,28.4,0,966.4,166,0.9,1.9,0,0,0,0,0,0,0,348,68,17,96
ALT,2018,10,17,20,10.6,81.8,10.5,7.6,6.83,9,27.9,0,966.4,166,0.5,1.6,0,0,0,0,0,0,0,354,78,17,96
ALT,2018,10,17,21,9,87.7,10.1,7.1,6.57,8,25.6,0,966.6,157,0.8,1.4,0,0,0,0,0,0,0,342,55,17,96
ALT,2018,10,17,22,8.9,87.7,10,7,6.5,7.9,25.3,0,966.7,172,0.8,1.7,0,0,0,0,0,0,0,333,46,17,96
ALT,2018,10,17,23,8.2,89.6,9.7,6.6,6.31,7.4,24.1,0,966.6,157,0.8,2.2,0,0,0,0,0,0,0,310,6,17,96
ALT,2018,10,18,0,7.8,90.3,9.5,6.3,6.17,7,23.4,0,966.7,159,0.9,1.7,0,0,0,0,0,0,0,319,25,17,96
ALT,2018,10,18,1,8.3,87.9,9.6,6.4,6.24,7.3,24,0,966.4,165,1.2,2.1,0,0,0,0,0,0,0,326,69,16,96
ALT,2018,10,18,2,7.7,89.5,9.4,6.1,6.11,6.9,23.1,0,966.1,158,0.6,1.3,0,0,0,0,0,0,0,348,100,16,96
ALT,2018,10,18,3,7.2,91.8,9.3,6,6.05,6.6,22.4,0,966.2,146,0.8,1.6,0,0,0,0,0,0,0,350,100,16,96
ALT,2018,10,18,4,6.8,92.2,9.1,5.6,5.91,6.2,21.7,0,966.3,158,1.1,1.6,0,0,0,0,0,0,0,353,100,16,96
ALT,2018,10,18,5,6.5,93.3,9,5.5,5.85,6,21.2,0,966.2,164,0.7,1.4,0,0,0,0,0,0,0,352,100,16,96
ALT,2018,10,18,6,6.7,92.9,9.1,5.6,5.91,6.2,21.6,0,966.6,169,1,2,0,0,0,0,0,0,0,351,88,16,96
ALT,2018,10,18,7,7.1,90.7,9.2,5.7,5.97,6.4,22.1,0,967,159,0.8,1.6,38,3,37,20,22,21,18,341,88,16,96
ALT,2018,10,18,8,9.6,86.7,10.4,7.5,6.76,8.5,26.7,0,967.4,149,0.5,1.3,147,114,114,55,153,128,51,358,100,16,96
ALT,2018,10,18,9,12.3,79.5,11.4,8.9,7.42,10.4,31.1,0,967.4,360,0.6,1.5,310,387,152,71,353,381,69,351,81,16,96
ALT,2018,10,18,10,13.4,80.6,12.4,10.1,8.08,11.5,33.9,0,967.1,347,1.4,2.3,409,461,181,85,336,506,83,350,75,16,96
ALT,2018,10,18,11,14.5,75.7,12.5,10.3,8.15,12.1,35.2,0,966.9,338,1.9,3.1,464,493,195,92,244,575,90,352,75,16,96
ALT,2018,10,18,12,15.2,72.8,12.6,10.4,8.22,12.4,36.1,0,966.3,342,2.1,3.6,446,421,215,100,97,521,212,363,81,16,96
ALT,2018,10,18,13,15.5,70.2,12.3,10.1,8.02,12.4,35.9,0,965.9,330,2,4.3,400,384,204,94,92,460,290,365,88,16,96
ALT,2018,10,18,14,15.9,69.5,12.5,10.3,8.15,12.7,36.6,0,966,333,1.8,3.4,309,311,175,82,79,344,298,368,88,16,96
ALT,2018,10,18,15,15.8,68.3,12.2,10,7.96,12.5,36,0,966.1,333,0.7,2.5,133,51,115,61,58,99,100,378,94,16,96
ALT,2018,10,18,16,15.1,72.5,12.4,10.2,8.09,12.3,35.6,0,966.2,288,0.7,1.4,48,0,48,24,23,24,22,376,100,16,96
ALT,2018,10,18,17,13.5,80.2,12.4,10.2,8.08,11.6,34,0,966.8,180,0.4,1.1,2,0,2,1,1,1,1,374,100,16,96
ALT,2018,10,18,18,11.9,85.7,11.9,9.6,7.75,10.6,31.5,0,967,171,0.7,1.5,0,0,0,0,0,0,0,372,100,16,96
ALT,2018,10,18,19,11.4,86.9,11.6,9.3,7.55,10.2,30.5,0,967.3,158,0.6,1.9,0,0,0,0,0,0,0,370,100,16,96
ALT,2018,10,18,20,10.3,90.5,11.4,8.8,7.42,9.5,29,0,967.3,164,0.8,1.7,0,0,0,0,0,0,0,368,100,16,96
ALT,2018,10,18,21,10.2,89.1,11.1,8.5,7.22,9.3,28.4,0,967.5,150,0.9,1.8,0,0,0,0,0,0,0,349,63,16,96
ALT,2018,10,18,22,9.5,91.1,10.8,8.1,7.02,8.8,27.2,0,967.9,180,0.8,2.1,0,0,0,0,0,0,0,331,40,16,96
ALT,2018,10,18,23,8.8,93.1,10.5,7.7,6.82,8.2,26,0,967.8,162,0.8,1.4,0,0,0,0,0,0,0,347,63,16,96
ALT,2018,10,19,0,8,95.6,10.2,7.3,6.63,7.6,24.7,0,967.8,171,0.7,1.6,0,0,0,0,0,0,0,347,68,16,96
ALT,2018,10,19,1,7.9,94.1,10,7,6.5,7.4,24.3,0,967.4,169,0.8,1.5,0,0,0,0,0,0,0,313,25,18,96
ALT,2018,10,19,2,7.3,95.1,9.7,6.6,6.3,6.9,23.2,0,967.4,135,0.5,1.4,0,0,0,0,0,0,0,296,0,18,96
ALT,2018,10,19,3,6.6,95.6,9.3,5.9,6.04,6.3,21.8,0,967.6,156,1.2,1.8,0,0,0,0,0,0,0,296,0,18,96
ALT,2018,10,19,4,7,95,9.5,6.3,6.16,6.6,22.5,0,968,166,1.3,2,0,0,0,0,0,0,0,295,0,18,96
ALT,2018,10,19,5,7.2,94.2,9.6,6.3,6.23,6.7,22.9,0,968.3,173,0.9,1.9,0,0,0,0,0,0,0,295,0,18,96
ALT,2018,10,19,6,6.3,96.2,9.2,5.7,5.96,6,21.3,0,968.9,162,0.8,1.7,0,0,0,0,0,0,0,294,0,18,96
ALT,2018,10,19,7,6.4,95.9,9.2,5.8,5.96,6.1,21.4,0,969.5,146,0.8,1.8,51,101,33,20,114,69,20,302,25,18,96
ALT,2018,10,19,8,9.1,90.9,10.5,7.7,6.81,8.4,26.3,0,969.8,157,0.8,1.6,236,609,68,40,554,404,41,298,6,18,96
ALT,2018,10,19,9,12,83.1,11.6,9.2,7.53,10.5,31.1,0,969.8,338,0.6,2.2,396,770,90,58,589,631,60,301,19,18,96
ALT,2018,10,19,10,13.4,80.3,12.3,10.1,7.99,11.5,33.6,0,969.8,342,2,3.8,486,791,100,70,452,740,72,319,6,18,96
ALT,2018,10,19,11,14.2,77.2,12.5,10.3,8.12,12,34.8,0,969.6,339,2.6,4.1,524,745,122,80,259,763,81,308,19,18,96
ALT,2018,10,19,12,14.6,76.3,12.6,10.5,8.19,12.2,35.4,0,969,336,3.6,5.3,548,819,103,77,79,820,218,323,29,18,96
ALT,2018,10,19,13,14.8,76.4,12.8,10.7,8.33,12.4,35.9,0,969.1,330,4,6.3,502,824,88,69,71,772,414,336,36,18,96
ALT,2018,10,19,14,14.6,77.8,12.9,10.8,8.39,12.4,35.9,0,969.3,329,3.6,6.7,363,559,131,70,69,515,452,352,46,18,96
ALT,2018,10,19,15,13.6,82,12.7,10.6,8.25,11.9,34.5,0,969.7,329,2.6,4.8,114,157,59,47,47,156,168,350,48,18,96
ALT,2018,10,19,16,12.9,84.6,12.6,10.4,8.19,11.5,33.6,0,969.8,322,1.2,2.6,35,0,35,26,26,26,26,349,50,18,96
ALT,2018,10,19,17,11.5,90.1,12.2,9.9,7.92,10.6,31.5,0,970.4,243,0.3,1,3,0,3,2,2,2,2,351,50,18,96
ALT,2018,10,19,18,11,92.5,12.1,9.8,7.85,10.3,30.8,0,971,135,0.4,0.8,0,0,0,0,0,0,0,351,50,18,96
ALT,2018,10,19,19,11.8,89.9,12.4,10.2,8.04,10.9,32.1,0,971.3,162,0.6,1.6,0,0,0,0,0,0,0,335,33,18,96
ALT,2018,10,19,20,12,88.5,12.4,10.2,8.04,11,32.3,0,971.9,174,0.9,1.7,0,0,0,0,0,0,0,340,55,18,96
ALT,2018,10,19,21,12.1,87.4,12.3,10.1,7.97,11,32.3,0,972.1,170,1.2,1.8,0,0,0,0,0,0,0,330,40,18,96
ALT,2018,10,19,22,12.3,85,12.2,9.9,7.9,11,32.3,0,972.4,191,1.1,2.2,0,0,0,0,0,0,0,320,29,18,96
ALT,2018,10,19,23,12.4,84.8,12.2,9.9,7.9,11,32.4,0,972.5,231,0.7,1.4,0,0,0,0,0,0,0,312,6,18,96
ALT,2018,10,20,0,12.1,85.1,12,9.7,7.77,10.8,31.8,0,972.7,189,1.3,2.6,0,0,0,0,0,0,0,302,0,18,96
ALT,2018,10,20,1,11.9,85.1,11.9,9.5,7.7,10.6,31.4,0,972.6,180,1,2.2,0,0,0,0,0,0,0,294,0,20,96
ALT,2018,10,20,2,11.8,85.9,11.9,9.5,7.7,10.5,31.3,0,972.8,153,1.3,2.9,0,0,0,0,0,0,0,293,0,20,96
ALT,2018,10,20,3,11.6,85.5,11.7,9.3,7.57,10.3,30.7,0,973.2,141,1.4,2.9,0,0,0,0,0,0,0,292,0,20,96
ALT,2018,10,20,4,11.4,85.8,11.6,9.1,7.5,10.1,30.4,0,973.6,150,1.5,2.7,0,0,0,0,0,0,0,290,0,20,96
ALT,2018,10,20,5,11.2,84.9,11.3,8.8,7.3,9.9,29.7,0,973.6,139,1.9,3.3,0,0,0,0,0,0,0,289,0,20,96
ALT,2018,10,20,6,11.1,85.4,11.2,8.7,7.23,9.8,29.4,0,974.6,162,1.3,2.6,0,0,0,0,0,0,0,288,0,20,96
ALT,2018,10,20,7,11.2,84.7,11.2,8.7,7.22,9.8,29.5,0,976,156,1,1.8,42,23,38,22,42,33,20,287,33,20,96
ALT,2018,10,20,8,11.4,83.3,11.2,8.7,7.22,9.9,29.7,0,976.3,151,2.6,4.8,79,10,77,40,47,45,37,322,63,20,96
ALT,2018,10,20,9,12.4,78,11.2,8.7,7.22,10.4,30.7,0,975.8,153,2.8,4.9,164,35,149,77,99,107,72,325,71,20,96
ALT,2018,10,20,10,13.8,72.7,11.5,9,7.42,11.1,32.6,0,975.7,340,1.8,3.9,484,790,102,76,456,749,78,294,26,20,96
ALT,2018,10,20,11,14.3,72.6,11.8,9.4,7.62,11.5,33.6,0,975.5,336,2.8,6.6,561,835,115,86,287,851,89,300,19,20,96
ALT,2018,10,20,12,15,71.3,12.1,9.9,7.81,12.1,34.8,0,975.4,331,5,9.3,584,893,104,85,88,900,248,318,19,20,96
ALT,2018,10,20,13,14.9,73,12.4,10.1,8.01,12.2,35.2,0,975.5,332,4.9,7.7,478,691,132,83,84,702,390,310,6,20,96
ALT,2018,10,20,14,14.7,73.1,12.2,9.9,7.88,12,34.7,0,975.5,335,2.9,6.2,384,652,116,70,70,585,507,304,6,20,96
ALT,2018,10,20,15,13.9,76.6,12.2,9.9,7.88,11.6,33.9,0,975.3,309,1.4,3.4,107,190,42,46,47,176,191,290,0,20,96
ALT,2018,10,20,16,12.5,81.6,11.8,9.4,7.62,10.8,31.8,0,975.4,277,0.8,1.4,28,0,28,25,25,25,25,294,13,20,96
ALT,2018,10,20,17,10.6,88.8,11.3,8.8,7.29,9.6,29,0,975.8,153,0.7,1.4,3,0,3,2,2,2,2,294,13,20,96
ALT,2018,10,20,18,10.9,87.5,11.4,8.9,7.35,9.8,29.5,0,976.2,159,1.4,2.3,0,0,0,0,0,0,0,293,6,20,96
ALT,2018,10,20,19,10.9,86.2,11.2,8.7,7.22,9.7,29.2,0,976.1,135,1.9,3.5,0,0,0,0,0,0,0,315,33,20,96
ALT,2018,10,20,20,9.8,89.8,10.8,8.2,6.96,8.9,27.4,0,975.8,146,1.3,3.5,0,0,0,0,0,0,0,314,40,20,96
ALT,2018,10,20,21,8.6,92.2,10.3,7.4,6.63,8,25.3,0,976.3,180,0.4,1.5,0,0,0,0,0,0,0,332,71,20,96
ALT,2018,10,20,22,7.9,94.1,10.1,7,6.5,7.4,24.3,0,976.1,156,1.7,4.2,0,0,0,0,0,0,0,353,88,20,96
ALT,2018,10,20,23,9.2,88.8,10.4,7.5,6.7,8.3,26.1,0,975.8,140,1.6,3.3,0,0,0,0,0,0,0,346,100,20,96
ALT,2018,10,21,0,7.8,93.4,9.9,6.8,6.38,7.3,23.9,0,975.5,164,0.9,1.6,0,0,0,0,0,0,0,343,100,20,96
ALT,2018,10,21,1,7.3,94.1,9.6,6.4,6.18,6.8,22.9,0,975.3,153,1,1.8,0,0,0,0,0,0,0,339,90,20,96
ALT,2018,10,21,2,6.1,96.7,9.1,5.6,5.86,5.9,20.8,0,975.3,173,0.9,1.9,0,0,0,0,0,0,0,307,35,20,96
ALT,2018,10,21,3,6.2,94.9,9,5.4,5.8,5.8,20.8,0,974.9,150,1.5,2.7,0,0,0,0,0,0,0,279,0,20,96
ALT,2018,10,21,4,6.2,91.7,8.7,5,5.6,5.6,20.3,0,974.7,170,1.2,2.6,0,0,0,0,0,0,0,275,6,20,96
ALT,2018,10,21,5,5.2,95.3,8.4,4.5,5.41,4.9,18.8,0,974.4,149,0.6,1.4,0,0,0,0,0,0,0,282,6,20,96
ALT,2018,10,21,6,4.7,96.4,8.2,4.2,5.28,4.5,18,0,974.6,158,1.1,1.6,0,0,0,0,0,0,0,301,19,20,96
ALT,2018,10,21,7,5.3,95.2,8.4,4.6,5.41,5,18.9,0,975,166,1.3,2.3,49,93,33,21,107,67,20,291,19,20,96
ALT,2018,10,21,8,7.8,84.5,8.9,5.4,5.73,6.6,22.2,0,974.9,148,1.4,2.6,227,597,69,42,547,403,42,301,25,20,96
ALT,2018,10,21,9,10.2,79.4,9.9,6.8,6.38,8.4,26.3,0,974.8,158,0.7,1.9,379,734,96,63,571,616,64,308,45,20,96
ALT,2018,10,21,10,11.8,78.4,10.8,8.2,6.97,9.9,29.4,0,974.4,339,1.4,3.7,480,798,99,74,457,755,76,299,29,20,96
ALT,2018,10,21,11,12.7,75.9,11.1,8.6,7.17,10.5,30.9,0,973.6,337,2.6,4.3,562,852,112,84,288,866,87,284,19,20,96
ALT,2018,10,21,12,13.3,73.5,11.2,8.7,7.24,10.8,31.7,0,973.1,333,4.3,7,557,865,96,81,84,868,233,291,0,20,96
ALT,2018,10,21,13,13.3,74.9,11.4,8.9,7.38,10.9,32,0,972.7,333,4.4,6.7,444,580,157,88,89,621,354,314,38,20,96
ALT,2018,10,21,14,12.5,78.2,11.3,8.8,7.31,10.5,31,0,972.7,333,4,6.6,289,268,180,91,88,319,281,330,50,20,96
ALT,2018,10,21,15,12.6,76.8,11.2,8.6,7.25,10.4,31,0,972.5,330,3.4,6.1,112,18,106,55,53,68,67,361,74,20,96
ALT,2018,10,21,16,12.2,78.7,11.2,8.6,7.25,10.2,30.5,0,972.4,337,1.3,3.3,50,0,50,28,26,27,26,330,90,20,96
ALT,2018,10,21,17,12,81.4,11.4,8.9,7.38,10.3,30.7,0,972.6,191,0.6,1.3,1,0,1,0,0,0,0,307,56,20,96
ALT,2018,10,21,18,11.9,82.3,11.5,9,7.44,10.3,30.7,0,972.5,207,0.3,0.8,0,0,0,0,0,0,0,288,25,20,96
ALT,2018,10,21,19,11.5,84.1,11.4,8.9,7.38,10.1,30.2,0,972.5,153,0.5,1.3,0,0,0,0,0,0,0,295,30,20,96
ALT,2018,10,21,20,10.5,82.4,10.5,7.6,6.79,9,27.7,0,972.1,191,1.3,2.6,0,0,0,0,0,0,0,268,19,20,96
ALT,2018,10,21,21,9.2,81.7,9.5,6.2,6.14,7.7,24.7,0,972.2,180,0.7,1.6,0,0,0,0,0,0,0,279,13,20,96
ALT,2018,10,21,22,7.8,84.8,9,5.4,5.81,6.6,22.4,0,972.4,158,1.1,2,0,0,0,0,0,0,0,277,6,20,96
ALT,2018,10,21,23,8.1,85.1,9.2,5.8,5.94,7,23.1,0,972.6,146,1.4,2.2,0,0,0,0,0,0,0,274,36,20,96
ALT,2018,10,22,0,8.4,81.4,9,5.4,5.81,6.9,23.1,0,972.5,163,1.8,3,0,0,0,0,0,0,0,272,25,20,96
ALT,2018,10,22,1,8.7,78.2,8.8,5.1,5.68,6.9,23,0,972.3,166,1.8,3.1,0,0,0,0,0,0,0,247,36,20,96
ALT,2018,10,22,2,7.7,78.7,8.2,4.2,5.29,6,21,0,971.9,168,2.5,5.2,0,0,0,0,0,0,0,245,10,20,96
ALT,2018,10,22,3,6.4,81.1,7.8,3.4,5.03,5,19.1,0,971.8,159,2,4.8,0,0,0,0,0,0,0,244,0,20,96
ALT,2018,10,22,4,5.2,86.6,7.6,3.2,4.9,4.3,17.5,0,971.9,172,0.8,1.5,0,0,0,0,0,0,0,242,0,20,96
ALT,2018,10,22,5,3.6,91.1,7.2,2.3,4.64,3,15.2,0,972,153,1.4,2.2,0,0,0,0,0,0,0,241,0,20,96
ALT,2018,10,22,6,4.6,86,7.3,2.5,4.71,3.7,16.4,0,972.3,187,0.9,1.8,0,0,0,0,0,0,0,239,0,20,96
ALT,2018,10,22,7,3.4,91.1,7.1,2.1,4.57,2.8,14.9,0,973.3,157,0.8,1.3,51,102,34,22,116,72,21,245,36,20,96
ALT,2018,10,22,8,5.9,83.4,7.7,3.3,4.96,4.7,18.4,0,973.9,163,2,3,123,53,108,57,101,92,54,255,26,20,96
ALT,2018,10,22,9,8.5,72.4,8.1,3.8,5.22,6.2,21.7,0,973.9,153,1.4,2.7,316,440,140,77,377,430,75,264,35,20,96
ALT,2018,10,22,10,10.1,72,8.9,5.3,5.73,7.7,24.6,0,974.2,339,1.8,4.2,451,654,144,84,422,666,85,250,29,20,96
ALT,2018,10,22,11,11.1,68.7,9.1,5.6,5.86,8.3,25.9,0,974.3,339,2.7,4.8,579,876,121,87,302,900,90,253,25,20,96
ALT,2018,10,22,12,11.5,69.1,9.4,6,6.06,8.7,26.8,0,974.3,333,4.3,6.9,584,909,105,85,88,920,252,263,25,20,96
ALT,2018,10,22,13,11.6,68.3,9.4,6,6.06,8.7,26.9,0,974.2,332,3.9,6.6,510,859,91,75,78,820,435,260,13,20,96
ALT,2018,10,22,14,11.7,68.8,9.5,6.2,6.12,8.8,27.2,0,974.4,325,2.2,4.9,401,785,84,63,64,670,564,262,0,20,96
ALT,2018,10,22,15,11,71.5,9.4,6.1,6.06,8.5,26.3,0,974.8,315,1.8,4.8,107,179,47,46,47,171,183,264,0,20,96
ALT,2018,10,22,16,10.5,71.9,9.1,5.7,5.86,8.1,25.3,0,975.7,307,1.8,6.7,29,0,29,24,24,24,23,281,0,20,96
ALT,2018,10,22,17,8.7,79,8.9,5.3,5.72,7,23.1,0,975.9,153,2.1,3.9,0,0,0,0,0,0,0,267,0,20,96
ALT,2018,10,22,18,8.3,80.1,8.8,5.1,5.66,6.7,22.6,0,976.7,108,1.3,3.2,0,0,0,0,0,0,0,269,26,20,96
ALT,2018,10,22,19,7.2,84.6,8.6,4.8,5.52,6,21.1,0,977.1,167,1.8,3.2,0,0,0,0,0,0,0,288,29,20,96
ALT,2018,10,22,20,7.7,81,8.5,4.7,5.45,6.2,21.4,0,977.9,104,1.4,3.2,0,0,0,0,0,0,0,268,10,20,96
ALT,2018,10,22,21,6.4,87.6,8.5,4.5,5.45,5.5,20.1,0,978,163,1.7,3.1,0,0,0,0,0,0,0,281,38,20,96
ALT,2018,10,22,22,7.2,83,8.5,4.5,5.45,5.9,20.9,0,978.2,126,1.8,3.8,0,0,0,0,0,0,0,292,40,20,96
ALT,2018,10,22,23,6.1,87.4,8.2,4.2,5.26,5.2,19.3,0,977.9,162,0.7,2,0,0,0,0,0,0,0,284,29,20,96
ALT,2018,10,23,0,5.4,89,8,3.7,5.13,4.6,18.3,0,977.5,225,0.7,1.8,0,0,0,0,0,0,0,291,38,20,96
ALT,2018,10,23,1,4,93.9,7.6,3.1,4.87,3.6,16.2,0,977.7,166,0.9,1.9,0,0,0,0,0,0,0,265,6,19,96
ALT,2018,10,23,2,3.8,92.4,7.4,2.7,4.74,3.3,15.7,0,978.4,158,1.6,3.1,0,0,0,0,0,0,0,257,0,19,96
ALT,2018,10,23,3,5.5,86.2,7.8,3.4,5,4.5,18.1,0,978.3,127,2.2,3.9,0,0,0,0,0,0,0,254,0,19,96
ALT,2018,10,23,4,5.4,85,7.6,3.1,4.88,4.3,17.7,0,977.2,171,0.9,2.1,0,0,0,0,0,0,0,251,0,19,96
ALT,2018,10,23,5,4.3,89.3,7.5,2.7,4.81,3.6,16.4,0,977.5,135,0.9,2.2,0,0,0,0,0,0,0,248,0,19,96
ALT,2018,10,23,6,4.1,89,7.3,2.5,4.68,3.4,15.8,0,977.8,148,1.4,2.1,0,0,0,0,0,0,0,279,10,19,96
ALT,2018,10,23,7,3.9,88.5,7.2,2.2,4.61,3.1,15.5,0,977.7,160,2.1,4,25,0,25,18,17,18,17,272,29,19,96
ALT,2018,10,23,8,6.7,79,7.7,3.3,4.94,5.1,19.1,0,977.4,141,1.9,4.6,203,521,62,40,473,369,41,266,25,19,96
ALT,2018,10,23,9,9.2,74.9,8.7,5,5.58,7.1,23.3,0,977.8,297,1.1,2.7,386,800,84,57,601,660,59,280,33,19,96
ALT,2018,10,23,10,10.4,70.1,8.8,5.2,5.65,7.8,24.7,0,977.8,330,1.2,3.7,421,583,151,83,390,602,83,313,60,19,96
ALT,2018,10,23,11,11.8,63.4,8.8,5.1,5.65,8.4,26.1,0,977.6,326,0.9,2.7,437,489,184,98,246,572,96,323,81,19,96
ALT,2018,10,23,12,11.9,66.5,9.3,5.9,5.98,8.8,27,0,976.8,338,2.3,3.4,319,153,239,119,114,279,158,345,100,19,96
ALT,2018,10,23,13,12.5,65,9.5,6.1,6.11,9.2,28,0,976.1,328,1.6,3.6,472,753,109,73,74,739,399,323,51,19,96
ALT,2018,10,23,14,12.9,63.3,9.4,6.1,6.05,9.4,28.2,0,975.7,331,1.4,3.3,380,731,89,59,60,631,529,321,45,19,96
ALT,2018,10,23,15,13,61.6,9.2,5.8,5.92,9.3,28,0,975.2,236,0.9,1.6,138,114,100,53,51,136,141,328,71,19,96
ALT,2018,10,23,16,12.2,67.9,9.6,6.5,6.19,9.2,27.9,0,974.4,180,0.6,1.6,32,0,32,20,19,20,19,342,71,19,96
ALT,2018,10,23,17,11.8,70.2,9.7,6.6,6.25,9.1,27.6,0,975.7,297,0.9,2.1,0,0,0,0,0,0,0,355,100,19,96
ALT,2018,10,23,18,11.6,70.9,9.7,6.5,6.25,8.9,27.4,0,975.7,155,1.6,2.8,0,0,0,0,0,0,0,350,100,19,96
ALT,2018,10,23,19,11.5,70.6,9.6,6.3,6.18,8.8,27.1,0,975.9,121,0.9,2.2,0,0,0,0,0,0,0,349,100,19,96
ALT,2018,10,23,20,11.5,70.8,9.6,6.4,6.18,8.9,27.1,0,975.7,135,1.6,2.9,0,0,0,0,0,0,0,340,94,19,96
ALT,2018,10,23,21,11.2,75.4,10,7,6.44,9,27.5,0,975.6,214,1.1,3,0,0,0,0,0,0,0,333,81,19,96
ALT,2018,10,23,22,10.8,78.1,10.1,7.1,6.51,8.9,27.3,0,975.4,162,0.8,2.3,0,0,0,0,0,0,0,344,94,19,96
ALT,2018,10,23,23,10.8,77.1,10,7,6.44,8.8,27.1,0,975.1,146,1.1,2.3,0,0,0,0,0,0,0,333,100,19,96
ALT,2018,10,24,0,10.4,80.1,10.1,7.1,6.51,8.7,26.9,0,975,198,1.1,2.5,0,0,0,0,0,0,0,321,78,19,96
ALT,2018,10,24,1,10.4,79.6,10,7,6.45,8.6,26.7,0,974.4,148,1.1,2,0,0,0,0,0,0,0,335,88,19,96
ALT,2018,10,24,2,10.5,76.3,9.7,6.5,6.26,8.4,26.3,0,973.7,138,1.4,2.3,0,0,0,0,0,0,0,324,81,19,96
ALT,2018,10,24,3,10.2,80.2,10,6.9,6.45,8.5,26.5,0,974,153,0.7,2.1,0,0,0,0,0,0,0,338,94,19,96
ALT,2018,10,24,4,10.2,81.1,10.1,7.1,6.52,8.6,26.7,0,973.9,169,1,2.2,0,0,0,0,0,0,0,351,100,19,96
ALT,2018,10,24,5,10.6,77.9,10,6.9,6.45,8.7,26.9,0,973.8,153,1.2,2.9,0,0,0,0,0,0,0,348,94,19,96
ALT,2018,10,24,6,11,76.8,10.1,7.1,6.51,9,27.5,0,974.5,207,0.7,3.5,0,0,0,0,0,0,0,351,100,19,96
ALT,2018,10,24,7,11.4,75.5,10.2,7.2,6.57,9.2,28,0,975.2,159,1,2.1,4,0,4,2,2,2,2,346,100,19,96
ALT,2018,10,24,8,12.3,72.5,10.4,7.5,6.7,9.7,29.3,0,975.2,288,1.5,3.9,113,83,90,46,115,101,43,343,75,19,96
ALT,2018,10,24,9,13.1,66.5,10,7,6.44,9.9,29.4,0,975.2,153,0.8,2,203,290,104,55,270,269,53,339,71,19,96
ALT,2018,10,24,10,13.2,66.2,10,7,6.45,9.9,29.5,0,975,333,0.8,1.7,41,0,41,21,20,21,19,365,100,19,96
ALT,2018,10,24,11,13.4,66.3,10.2,7.3,6.58,10.1,30.1,0,975.1,321,1.4,3.4,49,0,49,25,23,25,23,369,100,19,96
ALT,2018,10,24,12,14.2,62.9,10.2,7.2,6.58,10.4,30.9,0,974.5,341,1.9,4.3,158,34,141,71,68,105,80,369,94,19,96
ALT,2018,10,24,13,15.4,56.3,9.8,6.8,6.32,10.8,31.5,0,974.2,319,2.1,4.8,142,74,105,52,50,127,82,371,94,19,96
ALT,2018,10,24,14,15.6,49.6,8.8,5.1,5.67,10.1,30,0,973.4,326,1.7,6.4,193,96,157,79,76,158,147,368,78,19,96
ALT,2018,10,24,15,14.8,54.8,9.2,5.8,5.94,10.1,29.9,0,972.9,311,1.2,3.4,132,179,75,46,45,171,180,344,53,19,96
ALT,2018,10,24,16,14.6,57.2,9.5,6.2,6.13,10.2,30.2,0,972.9,135,1,2.3,39,0,39,24,23,23,22,345,39,19,96
ALT,2018,10,24,17,15.1,55.4,9.5,6.2,6.13,10.4,30.7,0,973.5,135,1.8,6.1,0,0,0,0,0,0,0,337,39,19,96
ALT,2018,10,24,18,14.2,62.2,10,7.1,6.45,10.4,30.6,0,973.9,315,1.1,2.7,0,0,0,0,0,0,0,326,23,19,96
ALT,2018,10,24,19,13.1,68.7,10.3,7.5,6.65,10.1,30,0,973.8,108,0.9,2,0,0,0,0,0,0,0,328,10,19,96
ALT,2018,10,24,20,13.1,68.2,10.3,7.4,6.65,10,30,0,973.8,165,1.4,3.4,0,0,0,0,0,0,0,305,0,19,96
ALT,2018,10,24,21,13.5,69.9,10.8,8.1,6.98,10.6,31.2,0,973.6,188,0.9,2.4,0,0,0,0,0,0,0,303,0,19,96
ALT,2018,10,24,22,12.7,72.3,10.6,7.8,6.85,10.1,30,0,973.6,166,1.5,3.1,0,0,0,0,0,0,0,312,0,19,96
ALT,2018,10,24,23,12.6,75.1,11,8.3,7.11,10.3,30.6,0,973.6,135,0.7,1.6,0,0,0,0,0,0,0,306,0,19,96
ALT,2018,10,25,0,12.2,78.4,11.1,8.6,7.18,10.2,30.4,0,972.9,157,1.3,1.9,0,0,0,0,0,0,0,299,0,19,96
ALT,2018,10,25,1,12.3,78.8,11.2,8.7,7.24,10.3,30.6,0,972.8,153,0.5,1.6,0,0,0,0,0,0,0,316,33,17,96
ALT,2018,10,25,2,11.7,82.4,11.3,8.8,7.31,10.1,30.2,0,972.2,198,1,1.9,0,0,0,0,0,0,0,310,29,17,96
ALT,2018,10,25,3,9.1,87.3,10.1,7.1,6.53,8.1,25.6,0,971.5,146,0.9,1.9,0,0,0,0,0,0,0,285,0,17,96
ALT,2018,10,25,4,8.3,90.1,9.9,6.8,6.41,7.5,24.4,0,971.3,162,0.7,1.4,0,0,0,0,0,0,0,281,0,17,96
ALT,2018,10,25,5,7.8,89.9,9.5,6.2,6.15,7,23.3,0,970.8,150,1.6,2.6,0,0,0,0,0,0,0,303,35,17,96
ALT,2018,10,25,6,7.7,91.2,9.6,6.4,6.21,7,23.4,0,970.4,149,1.3,2.6,0,0,0,0,0,0,0,287,29,17,96
ALT,2018,10,25,7,7.3,92.3,9.4,6.1,6.08,6.7,22.6,0,970.5,162,0.6,1.5,20,0,20,14,14,14,14,291,19,17,96
ALT,2018,10,25,8,8.5,88.8,9.9,6.8,6.41,7.6,24.7,0,970,151,1.1,1.8,185,485,58,35,434,344,35,307,25,17,96
ALT,2018,10,25,9,11.1,78.2,10.3,7.5,6.68,9.2,28,0,969.4,159,1.4,2.3,359,731,89,52,551,612,53,304,40,17,96
ALT,2018,10,25,10,13.1,72.3,10.9,8.2,7.07,10.4,31,0,969.3,335,2,4.3,420,613,138,72,375,624,72,313,43,17,96
ALT,2018,10,25,11,14.5,71.5,11.8,9.4,7.67,11.6,34,0,969.2,335,2.9,4.8,525,871,83,65,253,856,68,306,19,17,96
ALT,2018,10,25,12,15.7,64.4,11.5,9,7.48,11.9,34.7,0,968.3,321,1.7,3.8,530,871,84,66,68,862,212,299,6,17,96
ALT,2018,10,25,13,16,62.5,11.3,8.8,7.35,12,34.7,0,967.4,343,1.2,3.6,464,772,101,65,66,746,393,322,35,17,96
ALT,2018,10,25,14,16.4,62.5,11.7,9.2,7.62,12.3,35.8,0,966.6,342,1.5,2.5,377,775,77,51,52,654,542,295,13,17,96
ALT,2018,10,25,15,14.6,68.8,11.4,8.9,7.43,11.4,33.4,0,966.2,292,1.2,1.9,103,184,45,38,38,168,178,290,13,17,96
ALT,2018,10,25,16,12.4,76.6,11,8.4,7.16,10.2,30.5,0,966.3,164,1,1.6,25,0,25,19,19,19,19,295,13,17,96
ALT,2018,10,25,17,11.3,80.2,10.7,8,6.96,9.5,28.9,0,966.4,159,1,1.9,0,0,0,0,0,0,0,289,0,17,96
ALT,2018,10,25,18,10.2,84.3,10.5,7.7,6.83,8.9,27.5,0,966.8,180,0.7,1.4,0,0,0,0,0,0,0,289,0,17,96
ALT,2018,10,25,19,8.6,88.7,9.9,6.8,6.44,7.7,24.8,0,966.2,170,1.1,2,0,0,0,0,0,0,0,288,0,17,96
ALT,2018,10,25,20,9,85.7,9.9,6.7,6.44,7.8,25.3,0,965.9,168,1.5,2.6,0,0,0,0,0,0,0,285,0,17,96
ALT,2018,10,25,21,8.4,87.5,9.6,6.4,6.24,7.4,24.1,0,965.9,171,0.8,1.6,0,0,0,0,0,0,0,283,0,17,96
ALT,2018,10,25,22,7.2,92,9.3,6,6.05,6.6,22.4,0,965.3,135,0.7,1.3,0,0,0,0,0,0,0,280,0,17,96
ALT,2018,10,25,23,6.5,92.6,8.9,5.4,5.79,6,21.1,0,965.3,159,0.9,1.5,0,0,0,0,0,0,0,277,0,17,96
ALT,2018,10,26,0,6.4,92.6,8.9,5.3,5.79,5.9,21,0,964.8,156,1,2,0,0,0,0,0,0,0,275,0,17,96
ALT,2018,10,26,1,6.6,91,8.9,5.2,5.79,5.9,21.2,0,964.3,169,0.8,2,0,0,0,0,0,0,0,273,0,17,96
ALT,2018,10,26,2,5.3,94.2,8.4,4.4,5.47,4.9,19,0,963.7,146,0.8,1.3,0,0,0,0,0,0,0,272,0,17,96
ALT,2018,10,26,3,4.9,95.7,8.3,4.3,5.41,4.6,18.5,0,963.1,156,1,1.5,0,0,0,0,0,0,0,272,0,17,96
ALT,2018,10,26,4,5.9,93.2,8.7,4.9,5.67,5.4,20.2,0,963.2,160,1.1,1.9,0,0,0,0,0,0,0,271,10,17,96
ALT,2018,10,26,5,8,89.4,9.5,6.4,6.2,7.2,23.6,0,963.2,164,1.5,2.7,0,0,0,0,0,0,0,271,29,17,96
ALT,2018,10,26,6,8.6,87.4,9.7,6.6,6.33,7.6,24.6,0,962.6,159,1.8,2.9,0,0,0,0,0,0,0,270,29,17,96
ALT,2018,10,26,7,7.1,90.7,9.1,5.7,5.94,6.4,22.1,0,962.3,160,1.2,2,19,0,19,13,13,13,13,271,10,17,96
ALT,2018,10,26,8,7.4,88.4,9.1,5.6,5.94,6.5,22.4,0,962.3,146,0.5,1.8,180,485,56,33,431,342,34,273,13,17,96
ALT,2018,10,26,9,10.1,83.4,10.3,7.4,6.73,8.7,27.1,0,961.8,158,0.8,1.8,353,736,87,51,554,613,51,290,25,17,96
ALT,2018,10,26,10,11.7,78.2,10.7,8,7,9.7,29.4,0,961.1,346,0.7,2.9,436,701,117,65,401,687,66,296,33,17,96
ALT,2018,10,26,11,12.9,74.4,11,8.5,7.21,10.5,31.2,0,960.4,338,1.9,3,430,484,187,89,235,570,87,335,71,17,96
ALT,2018,10,26,12,13.1,73.1,11,8.4,7.22,10.5,31.4,0,959.2,338,1.9,3.8,509,803,102,67,68,815,217,314,38,17,96
ALT,2018,10,26,13,13.7,74.4,11.6,9.2,7.62,11.2,33,0,958.8,331,3.1,4.5,465,805,90,61,62,768,399,309,6,17,96
ALT,2018,10,26,14,14.1,72.4,11.7,9.2,7.69,11.4,33.6,0,958.3,306,1.6,4.4,373,764,81,51,52,650,537,319,40,17,96
ALT,2018,10,26,15,12.5,74.3,10.7,8.1,7.03,10.1,30.3,0,957.6,189,0.7,2.4,78,28,70,45,44,67,67,338,60,17,96
ALT,2018,10,26,16,11.6,76.8,10.5,7.7,6.9,9.5,29.1,0,957.3,207,0.4,1.7,29,0,29,17,16,17,16,340,68,17,96
ALT,2018,10,26,17,10.8,77.2,10,7,6.57,8.8,27.4,0,957.1,198,0.8,1.7,0,0,0,0,0,0,0,322,48,17,96
ALT,2018,10,26,18,9.6,81.6,9.7,6.6,6.37,8.1,25.7,0,957.4,180,0.6,2.3,0,0,0,0,0,0,0,337,78,17,96
ALT,2018,10,26,19,9.5,82.9,9.9,6.7,6.5,8.1,25.9,0,957.8,172,1,2.2,0,0,0,0,0,0,0,346,100,17,96
ALT,2018,10,26,20,9.5,82.7,9.8,6.7,6.43,8.1,25.7,0,957.2,153,1.1,2.6,0,0,0,0,0,0,0,351,88,17,96
ALT,2018,10,26,21,9.2,84.5,9.8,6.7,6.43,7.9,25.4,0,957.2,151,1.2,2.3,0,0,0,0,0,0,0,349,94,17,96
ALT,2018,10,26,22,9.5,84.1,10,7,6.57,8.2,26.1,0,957,180,0.8,2.3,0,0,0,0,0,0,0,356,100,17,96
ALT,2018,10,26,23,10,84.2,10.3,7.5,6.77,8.7,27.1,0,956.8,135,1,2.8,0,0,0,0,0,0,0,355,100,17,96
ALT,2018,10,27,0,10.6,83,10.6,7.8,6.97,9.1,28.2,0,956.9,315,1.7,4.3,0,0,0,0,0,0,0,355,94,17,96
ALT,2018,10,27,1,10.4,82.9,10.4,7.6,6.84,8.9,27.7,0,956.6,333,0.7,2.7,0,0,0,0,0,0,0,354,100,17,96
ALT,2018,10,27,2,10.5,81.7,10.3,7.5,6.77,8.9,27.6,0,956.3,332,2.9,6.8,0,0,0,0,0,0,0,353,100,17,96
ALT,2018,10,27,3,10.1,80.7,10,6.9,6.57,8.4,26.7,0,956.6,332,6.8,11,0,0,0,0,0,0,0,352,100,17,96
ALT,2018,10,27,4,9.5,82.6,9.8,6.7,6.44,8.1,25.7,0.2,957,348,5.3,11.6,0,0,0,0,0,0,0,352,100,17,96
ALT,2018,10,27,5,9,86.1,9.9,6.8,6.5,7.9,25.4,0.2,956.6,34,2.1,8,0,0,0,0,0,0,0,351,100,17,96
ALT,2018,10,27,6,8.8,78.8,8.9,5.3,5.84,7.1,23.5,0.4,956.4,332,3.7,6.8,0,0,0,0,0,0,0,350,100,17,96
ALT,2018,10,27,7,8.1,86.5,9.4,6,6.17,7,23.7,0.3,956.5,321,2,5,3,0,3,1,1,1,1,349,100,17,96
ALT,2018,10,27,8,7.8,91.2,9.6,6.5,6.31,7.1,23.7,0.6,956.4,149,1.2,2.3,62,18,57,28,41,41,26,348,100,17,96
ALT,2018,10,27,9,7.8,93,9.9,6.7,6.51,7.2,24.2,0.4,956.4,162,0.4,1.1,74,6,72,36,38,40,33,347,100,17,96
ALT,2018,10,27,10,8,90.3,9.7,6.5,6.37,7.2,24.1,0.6,956.2,166,0.5,1,86,0,86,43,41,43,40,346,100,17,96
ALT,2018,10,27,11,7.9,88.1,9.4,6.1,6.18,7,23.5,0.9,955.6,284,1.3,3.3,38,0,38,19,18,19,18,344,100,17,96
ALT,2018,10,27,12,7.8,87.5,9.2,5.9,6.05,6.9,23,0.9,955.5,310,0.9,2.8,25,0,25,13,12,12,12,343,100,17,96
ALT,2018,10,27,13,7.7,85.4,9,5.4,5.92,6.6,22.6,0.7,955,319,2,4.1,24,0,24,12,11,12,11,342,100,17,96
ALT,2018,10,27,14,7.6,84.6,8.8,5.2,5.79,6.4,22.2,0.7,954.8,321,1.1,3.3,18,0,18,9,8,9,8,341,100,17,96
ALT,2018,10,27,15,7.2,90.6,9.2,5.8,6.05,6.5,22.4,0.6,954.7,138,1.5,2.9,13,0,13,6,6,6,6,339,100,17,96
ALT,2018,10,27,16,6.2,90.9,8.6,4.8,5.66,5.5,20.4,1.2,954.4,137,2.2,3.7,4,0,4,2,2,2,2,338,100,17,96
ALT,2018,10,27,17,5.4,90.9,8.1,4,5.32,4.7,18.8,0.8,954.5,131,2,3.7,0,0,0,0,0,0,0,337,100,17,96
ALT,2018,10,27,18,5.1,92,8.1,3.9,5.32,4.5,18.5,2.6,954.7,135,2,3.6,0,0,0,0,0,0,0,335,100,17,96
ALT,2018,10,27,19,4.6,90.5,7.7,3.2,5.06,4,17.3,2.2,954.5,150,3.4,5.9,0,0,0,0,0,0,0,334,100,17,96
ALT,2018,10,27,20,3.6,91.2,7.2,2.3,4.73,3,15.5,3.4,954.2,143,3.5,5.2,0,0,0,0,0,0,0,334,100,17,96
ALT,2018,10,27,21,2.6,92.6,6.8,1.5,4.47,2.1,13.8,2.4,954,146,2.7,4.4,0,0,0,0,0,0,0,334,100,17,96
ALT,2018,10,27,22,2.2,94.6,6.8,1.4,4.47,1.9,13.4,2,953.5,150,1.4,2.2,0,0,0,0,0,0,0,333,100,17,96
ALT,2018,10,27,23,2,94.6,6.7,1.2,4.4,1.7,13,1.2,952.9,153,1.4,1.8,0,0,0,0,0,0,0,333,100,17,96
ALT,2018,10,28,0,2.1,95,6.7,1.4,4.41,1.8,13.1,0.4,952.6,155,1.6,2.8,0,0,0,0,0,0,0,333,100,17,96
ALT,2018,10,28,1,2.1,94.8,6.8,1.4,4.47,1.8,13.3,0.5,952.3,142,1.8,2.7,0,0,0,0,0,0,0,333,100,17,96
ALT,2018,10,28,2,2.4,94.5,6.8,1.6,4.47,2.1,13.6,1.2,952.3,132,1.4,3.1,0,0,0,0,0,0,0,333,100,17,96
ALT,2018,10,28,3,2.3,93.7,6.8,1.4,4.48,1.9,13.5,1.2,951.9,144,1.7,3.3,0,0,0,0,0,0,0,333,100,17,96
ALT,2018,10,28,4,2.3,93.7,6.7,1.4,4.41,1.9,13.3,0.4,951.3,166,0.9,1.5,0,0,0,0,0,0,0,334,100,17,96
ALT,2018,10,28,5,2.3,94.4,6.8,1.5,4.48,2,13.5,0.1,950.6,162,0.9,1.4,0,0,0,0,0,0,0,334,100,17,96
ALT,2018,10,28,6,2.3,94.7,6.9,1.5,4.55,2,13.7,0,950,167,0.9,1.9,0,0,0,0,0,0,0,331,94,17,96
ALT,2018,10,28,7,2.8,94.5,7.1,2,4.68,2.5,14.5,0.2,949.9,149,1.2,1.9,11,0,11,5,5,5,5,335,100,17,96
ALT,2018,10,28,8,3.3,93,7.2,2.3,4.75,2.9,15.2,0.2,950.5,135,1,1.8,25,0,25,12,12,12,11,335,100,17,96
ALT,2018,10,28,9,3.2,94,7.2,2.3,4.75,2.8,15.1,1.1,950.9,151,1.3,1.9,29,0,29,15,14,15,14,336,100,17,96
ALT,2018,10,28,10,3.1,94.4,7.2,2.3,4.74,2.7,15,2.1,951.7,145,1.7,2.7,26,0,26,13,12,13,12,337,100,17,96
ALT,2018,10,28,11,3.6,93.3,7.4,2.6,4.87,3.2,15.8,1.2,952.1,153,1.6,2.5,47,0,47,23,22,23,22,337,100,17,96
ALT,2018,10,28,12,4.4,91.1,7.6,3.1,5,3.8,17,0.1,952.1,153,2,3.5,36,0,36,18,17,18,17,338,100,17,96
ALT,2018,10,28,13,5.1,86.3,7.6,3,5.01,4.1,17.7,0,951.4,151,2.1,3.1,74,1,74,37,35,37,35,339,100,17,96
ALT,2018,10,28,14,5.6,82.3,7.5,2.8,4.94,4.3,18,0,951.4,135,0.7,2.5,22,0,22,11,10,11,10,339,100,17,96
ALT,2018,10,28,15,5.3,83.7,7.5,2.8,4.94,4.2,17.7,0.7,951.8,129,0.7,1.7,11,0,11,5,5,5,5,339,100,17,96
ALT,2018,10,28,16,4.8,91.7,7.9,3.6,5.21,4.2,17.9,1.1,951.4,145,1.3,2.1,4,0,4,2,2,2,2,339,100,17,96
ALT,2018,10,28,17,4.6,93.2,7.9,3.6,5.21,4.1,17.7,0.9,951.5,146,1.1,2,0,0,0,0,0,0,0,339,100,17,96
ALT,2018,10,28,18,4.7,93.3,8,3.7,5.27,4.2,17.9,0.4,951.7,153,1.6,3.2,0,0,0,0,0,0,0,336,94,17,96
ALT,2018,10,28,19,4.6,93.3,7.9,3.6,5.2,4.1,17.7,0.7,952.2,144,1.7,3.5,0,0,0,0,0,0,0,337,94,17,96
ALT,2018,10,28,20,4.4,92.6,7.7,3.3,5.07,3.9,17.1,0.7,951.6,131,2,4.7,0,0,0,0,0,0,0,340,100,17,96
ALT,2018,10,28,21,4.5,94.2,7.9,3.7,5.21,4.1,17.6,0.3,951.3,180,0.7,1.8,0,0,0,0,0,0,0,337,94,17,96
ALT,2018,10,28,22,4.8,94.5,8.1,4,5.34,4.4,18.2,0,951.6,150,1,2.4,0,0,0,0,0,0,0,334,88,17,96
ALT,2018,10,28,23,4.8,94.1,8.1,3.9,5.35,4.4,18.2,0,950.1,142,1.3,2.7,0,0,0,0,0,0,0,342,94,17,96
ALT,2018,10,29,0,4.9,93,8.1,3.9,5.34,4.4,18.3,0.1,951.6,135,0.8,2.2,0,0,0,0,0,0,0,342,94,17,96
ALT,2018,10,29,1,5,94.2,8.2,4.1,5.41,4.6,18.6,1,951.6,153,1.4,2.3,0,0,0,0,0,0,0,342,100,17,96
ALT,2018,10,29,2,4.9,94.4,8.2,4.1,5.41,4.5,18.5,0.3,951,131,1,2.2,0,0,0,0,0,0,0,335,88,17,96
ALT,2018,10,29,3,5.1,92.9,8.2,4,5.41,4.6,18.7,0.2,950.6,15,1.8,6,0,0,0,0,0,0,0,342,100,17,96
ALT,2018,10,29,4,5.3,88.1,7.9,3.5,5.22,4.5,18.4,0.5,950,342,2.3,6.5,0,0,0,0,0,0,0,335,88,17,96
ALT,2018,10,29,5,5,94.1,8.2,4.1,5.42,4.6,18.6,0.3,949.4,108,0.8,2.3,0,0,0,0,0,0,0,341,100,17,96
ALT,2018,10,29,6,5.2,90.8,8,3.8,5.29,4.5,18.5,0.2,949.1,36,1.4,4.8,0,0,0,0,0,0,0,341,100,17,96
ALT,2018,10,29,7,5.1,94.9,8.3,4.4,5.5,4.8,18.9,0.3,947.1,130,0.8,2.5,10,0,10,5,5,5,5,335,94,17,96
ALT,2018,10,29,8,5.4,90.5,8.1,4,5.37,4.7,18.9,0.2,946.3,340,2.2,6,64,6,63,31,35,35,29,335,81,17,96
ALT,2018,10,29,9,5.5,90,8.1,4,5.37,4.8,19,0.1,945.8,18,1.2,4.8,145,52,127,63,100,104,59,335,94,17,96
ALT,2018,10,29,10,5.5,91.9,8.3,4.3,5.5,4.9,19.3,1.4,946.2,149,0.6,1.3,26,0,26,13,13,13,12,341,100,17,96
ALT,2018,10,29,11,5.7,93.1,8.5,4.7,5.65,5.2,19.9,1.3,943.9,171,2.2,5.2,29,0,29,14,14,14,13,342,100,17,96
ALT,2018,10,29,12,5.8,92.6,8.5,4.7,5.66,5.3,20,1.1,943,135,0.7,1.8,22,0,22,11,11,11,10,342,100,17,96
ALT,2018,10,29,13,5.8,94.4,8.7,5,5.8,5.4,20.4,2.1,942.3,143,0.8,2.3,20,0,20,10,10,10,9,342,100,17,96
ALT,2018,10,29,14,5.9,95.8,8.9,5.3,5.94,5.6,20.8,5.5,940.9,169,0.9,2.8,16,0,16,8,7,8,7,343,100,17,96
ALT,2018,10,29,15,9.2,85.1,9.9,6.8,6.61,8,25.9,4.3,940.8,141,5.9,11.7,10,0,10,5,5,5,5,344,100,17,96
ALT,2018,10,29,16,8.8,85.1,9.7,6.4,6.51,7.6,25.2,3.6,937,140,7.2,12.8,3,0,3,2,1,2,1,345,100,17,96
ALT,2018,10,29,17,8.7,85.3,9.6,6.4,6.42,7.5,24.9,5,939.5,124,4.8,10.2,0,0,0,0,0,0,0,346,100,17,96
ALT,2018,10,29,18,8.2,93.5,10.1,7.2,6.78,7.7,25.3,5.9,936.6,120,1.9,4.5,0,0,0,0,0,0,0,348,100,17,96
ALT,2018,10,29,19,7.8,95.6,10.1,7.1,6.8,7.4,24.9,2.4,933.7,123,1.8,4,0,0,0,0,0,0,0,348,100,17,96
ALT,2018,10,29,20,7.7,95.3,10,7,6.72,7.3,24.6,3.5,935.1,144,2.1,5.3,0,0,0,0,0,0,0,347,100,17,96
ALT,2018,10,29,21,7.7,97.1,10.2,7.3,6.86,7.5,25,1.2,935,63,1.4,3.2,0,0,0,0,0,0,0,347,100,17,96
ALT,2018,10,29,22,8,96.3,10.3,7.4,6.92,7.7,25.4,1,935.9,142,2.1,8.3,0,0,0,0,0,0,0,346,100,17,96
ALT,2018,10,29,23,8.2,95.6,10.4,7.5,7.01,7.8,25.9,0.6,933.8,146,1.8,4.9,0,0,0,0,0,0,0,346,100,17,96
ALT,2018,10,30,0,9.1,88.9,10.3,7.4,6.95,8.2,26.6,1.4,932.2,148,7.7,17.9,0,0,0,0,0,0,0,345,94,17,96
ALT,2018,10,30,1,11.1,68.1,9,5.4,6.05,8.2,26.4,0.6,933.8,143,10.6,22.5,0,0,0,0,0,0,0,344,94,17,96
ALT,2018,10,30,2,11.1,62.8,8.3,4.3,5.57,7.7,25.2,0,935.7,139,9.7,18.8,0,0,0,0,0,0,0,342,100,17,96
ALT,2018,10,30,3,10.9,60.2,7.8,3.5,5.22,7.3,24.1,0.2,936.9,127,8.8,17.7,0,0,0,0,0,0,0,340,100,17,96
ALT,2018,10,30,4,10.7,58,7.4,2.8,4.95,6.9,23.2,0,938.1,113,6.4,22.2,0,0,0,0,0,0,0,338,100,17,96
ALT,2018,10,30,5,7.8,69.8,7.4,2.6,4.94,5.4,20.2,0,939.7,323,7.7,18.1,0,0,0,0,0,0,0,335,100,17,96
ALT,2018,10,30,6,6.4,74.2,7.1,2.1,4.73,4.5,18.3,0,941.4,340,10.1,17.5,0,0,0,0,0,0,0,333,100,17,96
ALT,2018,10,30,7,5.4,77.2,6.9,1.7,4.58,3.8,16.9,0,943.9,342,10,15.8,8,0,8,4,4,4,4,332,100,17,96
ALT,2018,10,30,8,5,78.5,6.8,1.6,4.5,3.5,16.3,0,946.2,345,7.5,13.6,18,0,18,9,8,9,8,332,100,17,96
ALT,2018,10,30,9,4.8,81.3,7,1.9,4.63,3.5,16.4,0.1,947.9,27,2.3,6.1,76,8,73,37,40,43,34,333,100,17,96
ALT,2018,10,30,10,5,82.9,7.2,2.3,4.76,3.8,16.9,0,949,125,1.3,3.4,40,0,40,20,19,20,18,333,100,17,96
ALT,2018,10,30,11,6,75.2,7,1.9,4.62,4.2,17.6,0,950.2,335,2.9,7.2,28,0,28,14,13,14,13,333,100,17,96
ALT,2018,10,30,12,6.5,74.4,7.2,2.3,4.74,4.6,18.4,0,951.7,332,4.9,8.3,50,0,50,25,23,24,23,333,100,17,96
ALT,2018,10,30,13,6.9,73.6,7.3,2.5,4.8,4.9,19,0,952.8,330,4.8,8.2,205,54,182,90,85,141,114,334,100,17,96
ALT,2018,10,30,14,7.1,72.3,7.3,2.5,4.8,5,19.2,0,953.7,325,3.5,7.4,268,328,145,70,68,352,287,333,88,17,96
ALT,2018,10,30,15,7.3,71.6,7.3,2.5,4.79,5.1,19.4,0,954.7,287,1.5,5.3,89,14,85,46,44,56,54,333,81,17,96
ALT,2018,10,30,16,6.2,79.1,7.5,2.9,4.92,4.7,18.6,0,955.8,149,1.3,2,24,0,24,15,14,15,14,324,78,17,96
ALT,2018,10,30,17,4.8,87.1,7.5,2.8,4.92,3.9,17.1,0,956.6,135,0.7,1.6,0,0,0,0,0,0,0,328,75,17,96
ALT,2018,10,30,18,4,91.7,7.5,2.8,4.91,3.5,16.3,0,957.5,143,0.7,1.5,0,0,0,0,0,0,0,333,68,17,96
ALT,2018,10,30,19,3.4,93,7.3,2.4,4.78,3,15.4,0,957.7,162,0.9,2.3,0,0,0,0,0,0,0,332,81,17,96
ALT,2018,10,30,20,3.4,93.8,7.3,2.5,4.77,3,15.4,0,958.5,149,0.9,2.2,0,0,0,0,0,0,0,331,75,17,96
ALT,2018,10,30,21,2.7,95.5,7.1,2.1,4.64,2.4,14.3,0,959.8,127,0.9,2.2,0,0,0,0,0,0,0,330,100,17,96
ALT,2018,10,30,22,3,95.2,7.3,2.3,4.76,2.7,14.9,0,960.3,143,0.8,3.2,0,0,0,0,0,0,0,326,90,17,96
ALT,2018,10,30,23,3.1,93.9,7.2,2.2,4.7,2.7,14.9,0,960.9,207,1.2,3.3,0,0,0,0,0,0,0,322,80,17,96
ALT,2018,10,31,0,6.2,83.1,7.9,3.5,5.15,4.9,19.2,0,961.8,333,3,7.4,0,0,0,0,0,0,0,322,78,17,96
ALT,2018,10,31,1,6.7,80.1,7.9,3.5,5.15,5.2,19.7,0,962,325,4.1,9,0,0,0,0,0,0,0,324,78,17,96
ALT,2018,10,31,2,6.5,78.3,7.6,3,4.95,4.9,19,0,962,330,3.4,8.1,0,0,0,0,0,0,0,327,100,17,96
ALT,2018,10,31,3,7.9,68,7.1,2.4,4.63,5.4,19.6,0,961.1,348,3.8,16.1,0,0,0,0,0,0,0,327,100,17,96
ALT,2018,10,31,4,13.2,37.9,5.7,-0.8,3.71,6.8,22.6,0,960.6,140,9.2,17.8,0,0,0,0,0,0,0,325,100,17,96
ALT,2018,10,31,5,13.6,36.8,5.7,-0.9,3.71,7,23,0,960.6,135,10.9,19.6,0,0,0,0,0,0,0,326,94,17,96
ALT,2018,10,31,6,13.9,35.2,5.6,-1.2,3.65,7,23.2,0,960.9,138,9.9,21.8,0,0,0,0,0,0,0,328,100,17,96
ALT,2018,10,31,7,14.3,34.7,5.7,-1.1,3.71,7.3,23.7,0,961.4,147,8.9,17,2,0,2,1,1,1,1,329,100,17,96
ALT,2018,10,31,8,14.7,34.1,5.7,-0.9,3.71,7.5,24.2,0,961.6,146,11.7,22,18,0,18,9,8,9,8,331,100,17,96
ALT,2018,10,31,9,14.9,34.7,5.9,-0.5,3.84,7.7,24.7,0,961.9,139,13.8,26.9,15,0,15,7,7,7,7,333,100,17,96
ALT,2018,10,31,10,15.3,35.2,6.1,0,3.97,8.1,25.4,0,961.9,134,10.1,19.2,20,0,20,10,9,10,9,335,100,17,96
ALT,2018,10,31,11,16.2,33.3,6.1,0.1,3.97,8.5,26.3,0,961.7,140,9.4,17.5,80,0,80,40,38,39,37,337,100,17,96
ALT,2018,10,31,12,16.5,32.9,6.2,0.1,4.04,8.7,26.8,0,961.4,145,9.6,18.2,98,0,98,49,46,48,45,338,100,17,96
ALT,2018,10,31,13,16.8,33.2,6.3,0.5,4.11,8.9,27.3,0,960.8,143,9.3,23.8,44,0,44,22,21,22,20,331,94,17,96
ALT,2018,10,31,14,16.9,33.4,6.4,0.7,4.17,9,27.6,0,960.9,143,9.7,16.4,231,236,147,71,68,271,229,335,75,17,96
ALT,2018,10,31,15,15.7,35,6.3,0.3,4.11,8.4,26.2,0,959.9,138,9.5,19.4,99,106,72,39,37,112,122,324,64,17,96
ALT,2018,10,31,16,15.6,35.8,6.3,0.5,4.13,8.4,26.1,0,960.2,133,10.8,22,21,0,21,11,11,11,11,320,48,17,96
ALT,2018,10,31,17,15.4,36.4,6.4,0.6,4.15,8.3,26,0,960.2,135,10.4,24.2,0,0,0,0,0,0,0,318,59,17,96
ALT,2018,10,31,18,15.5,36.1,6.4,0.6,4.15,8.4,26.1,0,960.3,133,10.4,20.6,0,0,0,0,0,0,0,312,49,17,96
ALT,2018,10,31,19,15.7,36,6.4,0.7,4.17,8.5,26.3,0,960.3,138,10.3,22.4,0,0,0,0,0,0,0,316,74,17,96
ALT,2018,10,31,20,15.5,37,6.4,0.8,4.21,8.4,26.2,0,959.8,131,9.1,19.8,0,0,0,0,0,0,0,327,100,17,96
ALT,2018,10,31,21,15.1,38.6,6.5,1,4.25,8.3,26,0,958.8,128,8.7,19.1,0,0,0,0,0,0,0,323,88,17,96
ALT,2018,10,31,22,15.1,39.1,6.5,1.1,4.28,8.3,26,0,957.8,133,7,18.6,0,0,0,0,0,0,0,325,84,17,96
ALT,2018,10,31,23,14.8,40.3,6.6,1.3,4.33,8.3,25.9,0,956.2,132,6.6,16.8,0,0,0,0,0,0,0,319,68,17,96
ALT,2008,11,1,0,14.6,41.4,6.7,1.4,4.38,8.3,25.8,0,954.8,147,3.5,14,0,0,0,0,0,0,0,331,90,27,96
ALT,2008,11,1,1,14.4,42.6,6.8,1.6,4.45,8.2,25.7,0,953.3,149,5.1,15.5,0,0,0,0,0,0,0,320,50,27,96
ALT,2008,11,1,2,13.9,44.8,6.9,1.8,4.51,8.1,25.4,0,952.4,140,8.9,21.6,0,0,0,0,0,0,0,299,10,27,96
ALT,2008,11,1,3,12.8,49.9,6.9,2,4.58,7.6,24.4,0,951.5,138,10.7,24,0,0,0,0,0,0,0,287,0,27,96
ALT,2008,11,1,4,12.4,52.2,7,2.1,4.63,7.4,24.1,0,951.2,146,11.1,22,0,0,0,0,0,0,0,285,0,27,96
ALT,2008,11,1,5,10.8,59.4,7.2,2.3,4.72,6.7,22.8,0,951.6,158,9,21.7,0,0,0,0,0,0,0,284,6,27,96
ALT,2008,11,1,6,7.8,72.4,7.3,2.6,4.81,5.3,19.9,0,952,329,6.8,12.7,12,0,12,9,9,9,8,301,50,27,96
ALT,2008,11,1,7,5.8,81,7.3,2.6,4.83,4.3,18,0,952.6,330,6.7,12.6,49,0,49,44,44,44,43,312,54,27,96
ALT,2008,11,1,8,4.9,84.6,7.3,2.5,4.8,3.8,17,0,953.4,329,7.9,11.9,182,193,114,66,199,229,64,327,78,27,96
ALT,2008,11,1,9,5.6,81.6,7.5,2.7,4.93,4.3,18,0,953.9,332,5.5,9.9,230,110,185,105,167,207,99,337,84,27,96
ALT,2008,11,1,10,6.2,80.7,7.7,3.1,5.06,4.8,18.9,0,954,331,5.3,9.3,255,149,184,106,151,255,101,342,94,27,96
ALT,2008,11,1,11,6.5,81.2,7.9,3.5,5.2,5.1,19.6,0,953.6,330,4.7,8,210,60,181,103,100,163,112,348,100,27,96
ALT,2008,11,1,12,6.9,81.7,8.1,4,5.33,5.5,20.3,0,953.8,327,5.3,9,234,145,172,98,96,236,171,349,94,27,96
ALT,2008,11,1,13,7.5,80.5,8.3,4.4,5.46,6,21.3,0,953.9,327,5.3,8.9,162,78,137,78,76,140,129,344,94,27,96
ALT,2008,11,1,14,7,82.6,8.3,4.2,5.46,5.7,20.7,0,954.4,328,4.8,9,52,0,52,46,46,46,45,325,65,27,96
ALT,2008,11,1,15,6.5,84.8,8.2,4.1,5.39,5.4,20.1,0,954.8,328,5.2,9.5,24,0,24,14,14,14,13,342,100,27,96
ALT,2008,11,1,16,6.1,86.8,8.2,4.1,5.38,5.2,19.6,0,955.6,333,4.5,8.6,0,0,0,0,0,0,0,331,84,27,96
ALT,2008,11,1,17,6.2,87.7,8.3,4.3,5.44,5.3,19.9,0,956.5,328,4.5,8.5,0,0,0,0,0,0,0,340,100,27,96
ALT,2008,11,1,18,6.4,86.8,8.4,4.4,5.5,5.4,20.3,0,957.6,328,5.7,9.4,0,0,0,0,0,0,0,339,100,27,96
ALT,2008,11,1,19,6.3,87.1,8.3,4.3,5.44,5.3,20,0,957.9,330,5.7,10.6,0,0,0,0,0,0,0,342,100,27,96
ALT,2008,11,1,20,5.9,88.7,8.2,4.2,5.36,5.1,19.4,0,959.2,327,4.4,7.7,0,0,0,0,0,0,0,338,94,27,96
ALT,2008,11,1,21,5.1,90.8,8,3.7,5.23,4.5,18.2,0,959.3,331,2.3,6.5,0,0,0,0,0,0,0,338,94,27,96
ALT,2008,11,1,22,5.4,91.2,8.2,4.1,5.36,4.8,18.9,0,959.7,328,3.8,7.4,0,0,0,0,0,0,0,341,100,27,96
ALT,2008,11,1,23,6.1,89.6,8.4,4.5,5.48,5.3,19.9,0,961.3,327,5.4,10.5,0,0,0,0,0,0,0,341,100,27,96
ALT,2008,11,2,0,6.1,89,8.4,4.4,5.48,5.3,19.9,0,962.6,335,6,11.7,0,0,0,0,0,0,0,340,100,26,96
ALT,2008,11,2,1,5.9,90.3,8.4,4.4,5.47,5.2,19.7,0,963.1,332,2.3,8,0,0,0,0,0,0,0,340,100,26,96
ALT,2008,11,2,2,5,92.3,8,3.9,5.21,4.5,18.1,0,963,140,0.9,2.4,0,0,0,0,0,0,0,340,100,26,96
ALT,2008,11,2,3,4.3,93.2,7.7,3.3,5.01,3.8,16.9,0,963.3,0,0,0,0,0,0,0,0,0,0,340,100,26,96
ALT,2008,11,2,4,4.3,92.5,7.7,3.2,5.01,3.8,16.9,0,963.6,117,0.2,2.3,0,0,0,0,0,0,0,340,100,26,96
ALT,2008,11,2,5,5,91.9,8,3.8,5.21,4.4,18.1,0,963.4,156,1.1,2.9,0,0,0,0,0,0,0,340,100,26,96
ALT,2008,11,2,6,5,92.2,8,3.8,5.21,4.4,18.1,0,962.9,146,0.3,2.8,4,0,4,2,2,2,2,341,100,26,96
ALT,2008,11,2,7,5.4,91.4,8.2,4.1,5.34,4.8,18.8,0,963.1,146,0.3,2.7,61,0,61,36,35,34,33,344,100,26,96
ALT,2008,11,2,8,6,91.6,8.6,4.7,5.61,5.4,20.1,0,962.8,0,0,1.3,61,2,60,34,35,34,32,347,100,26,96
ALT,2008,11,2,9,6.8,90,8.9,5.3,5.81,6.1,21.4,0,962.2,315,0.9,4.8,23,0,23,13,12,12,12,350,100,26,96
ALT,2008,11,2,10,8.5,85.8,9.5,6.3,6.21,7.4,24.2,0,961.4,330,2.4,7.1,186,60,158,89,107,150,83,346,100,26,96
ALT,2008,11,2,11,10.5,77.9,9.8,6.8,6.4,8.6,26.7,0,961.5,336,2.4,8.8,39,0,39,22,22,21,21,356,100,26,96
ALT,2008,11,2,12,20.1,34.5,8.1,4,5.29,11.6,33.6,0,960.7,152,5.5,14.7,94,3,93,53,51,54,50,358,100,26,96
ALT,2008,11,2,13,19.9,33.8,7.8,3.5,5.1,11.3,33,0,959.4,160,4.8,17,18,0,18,10,10,10,9,357,100,26,96
ALT,2008,11,2,14,19.7,33.3,7.6,3.1,4.97,11.1,32.4,0,959.1,165,8.8,18.8,10,0,10,6,5,5,5,356,100,26,96
ALT,2008,11,2,15,19.3,34.2,7.7,3.1,5.04,10.9,32.2,0,958.6,153,7.7,21.4,2,0,2,1,1,1,1,355,100,26,96
ALT,2008,11,2,16,19.3,32.7,7.3,2.5,4.77,10.7,31.5,0,958.4,155,10.3,23.7,0,0,0,0,0,0,0,354,100,26,96
ALT,2008,11,2,17,19.6,30.9,7,2,4.57,10.6,31.3,0,958.7,153,11.3,22.8,0,0,0,0,0,0,0,349,100,26,96
ALT,2008,11,2,18,19.3,31,6.9,1.8,4.51,10.4,30.8,0,959,156,9,18.4,0,0,0,0,0,0,0,335,100,26,96
ALT,2008,11,2,19,18.7,32.5,7,1.9,4.58,10.2,30.4,0,958.5,155,7.6,15.3,0,0,0,0,0,0,0,336,71,26,96
ALT,2008,11,2,20,18.7,30.6,6.6,1.1,4.31,9.9,29.7,0,958.4,165,5.7,15.9,0,0,0,0,0,0,0,340,94,26,96
ALT,2008,11,2,21,18.6,30.2,6.5,0.8,4.25,9.8,29.5,0,958.1,161,5.3,15.3,0,0,0,0,0,0,0,338,71,26,96
ALT,2008,11,2,22,18.9,29,6.3,0.5,4.12,9.8,29.4,0,957.9,154,5.5,13.8,0,0,0,0,0,0,0,338,74,26,96
ALT,2008,11,2,23,19,28.8,6.3,0.5,4.12,9.9,29.6,0,957.6,136,3.7,15,0,0,0,0,0,0,0,351,100,26,96
ALT,2008,11,3,0,18,33.7,6.9,1.8,4.51,9.9,29.5,0,957.6,138,2.5,7.2,0,0,0,0,0,0,0,350,100,25,96
ALT,2008,11,3,1,15.3,47.4,8.1,4.2,5.3,9.6,28.8,0,958.1,301,5,13.7,0,0,0,0,0,0,0,346,88,25,96
ALT,2008,11,3,2,11.6,64.5,8.8,5.1,5.76,8.3,26.2,0,959.4,308,7.5,13.6,0,0,0,0,0,0,0,349,100,25,96
ALT,2008,11,3,3,11.2,69.4,9.2,5.8,6.02,8.4,26.4,0,960.2,348,1.6,6.3,0,0,0,0,0,0,0,348,100,25,96
ALT,2008,11,3,4,10.3,80,10,7,6.55,8.6,26.8,0.1,960.2,163,1.6,3.2,0,0,0,0,0,0,0,348,94,25,96
ALT,2008,11,3,5,9.7,85.5,10.3,7.4,6.75,8.5,26.7,0,959.6,207,0.5,3.2,0,0,0,0,0,0,0,338,71,25,96
ALT,2008,11,3,6,10.2,82,10.2,7.3,6.68,8.7,27.1,0,960.2,138,1.4,4.4,14,0,14,8,8,8,8,335,71,25,96
ALT,2008,11,3,7,13.9,55.5,8.6,5.1,5.62,9.4,28.2,0,960.7,140,3.2,13.5,51,0,51,31,30,30,29,349,75,25,96
ALT,2008,11,3,8,14.3,54,8.8,5.1,5.75,9.5,28.9,0,960.3,203,4.1,11.1,268,513,104,67,419,473,67,340,59,25,96
ALT,2008,11,3,9,15.8,49.2,8.8,5.2,5.75,10.2,30.4,0,960.3,169,1.6,4.8,351,543,122,83,330,579,84,333,51,25,96
ALT,2008,11,3,10,16.7,45.1,8.5,4.8,5.55,10.5,30.9,0,960.3,203,5.5,12.4,306,205,212,118,185,328,112,354,78,25,96
ALT,2008,11,3,11,16.9,44.3,8.5,4.7,5.55,10.5,31.1,0,960.5,200,5.7,12.8,377,428,179,109,108,532,215,355,65,25,96
ALT,2008,11,3,12,15.9,49.5,8.9,5.4,5.82,10.4,30.7,0,960.2,217,7.1,13.2,411,724,101,81,82,740,380,352,45,25,96
ALT,2008,11,3,13,16.2,45.6,8.4,4.5,5.49,10.1,30.2,0,960.1,216,6.9,12.3,241,275,144,82,81,320,262,355,78,25,96
ALT,2008,11,3,14,16.2,46.8,8.6,4.8,5.62,10.3,30.5,0,960.3,210,6.5,13.8,24,0,24,14,13,13,13,354,88,25,96
ALT,2008,11,3,15,15.3,51.4,8.9,5.3,5.82,10.1,30.1,0.1,960.7,212,7.9,13.1,3,0,3,2,2,2,2,350,94,25,96
ALT,2008,11,3,16,14.6,54.6,9.1,5.6,5.95,9.9,29.7,0,960.7,211,7,12.1,0,0,0,0,0,0,0,342,74,25,96
ALT,2008,11,3,17,14.5,51.6,8.5,4.7,5.55,9.5,28.6,0,961,196,6.4,12.2,0,0,0,0,0,0,0,351,59,25,96
ALT,2008,11,3,18,14.3,51.4,8.4,4.4,5.48,9.3,28.2,0,961.1,160,3.1,10.9,0,0,0,0,0,0,0,347,58,25,96
ALT,2008,11,3,19,13.9,54.1,8.6,4.8,5.61,9.2,28.2,0,961.8,191,2.7,12,0,0,0,0,0,0,0,342,75,25,96
ALT,2008,11,3,20,11.4,76.3,10.2,7.4,6.67,9.3,28.3,0,962,324,1.5,4.9,0,0,0,0,0,0,0,336,43,25,96
ALT,2008,11,3,21,9.5,83.8,9.9,6.9,6.46,8.2,25.8,0,962.9,318,1.5,4.1,0,0,0,0,0,0,0,320,6,25,96
ALT,2008,11,3,22,8.9,85.7,9.8,6.6,6.39,7.7,25,0,963,333,0.4,2.4,0,0,0,0,0,0,0,308,0,25,96
ALT,2008,11,3,23,8,86.2,9.3,5.8,6.06,6.9,23.3,0,963.4,352,0.9,3.9,0,0,0,0,0,0,0,299,0,25,96
ALT,2008,11,4,0,7.5,89.5,9.3,5.9,6.06,6.7,22.8,0,963.7,331,1.1,3.3,0,0,0,0,0,0,0,283,0,25,96
ALT,2008,11,4,1,7.3,90.8,9.3,5.9,6.06,6.6,22.6,0,963.8,360,0.6,3.3,0,0,0,0,0,0,0,282,0,25,96
ALT,2008,11,4,2,7,91.3,9.2,5.7,5.99,6.4,22.1,0,963.8,325,1.3,4.7,0,0,0,0,0,0,0,295,13,25,96
ALT,2008,11,4,3,6.9,92.1,9.2,5.7,5.99,6.3,22,0,964,135,0.4,3.4,0,0,0,0,0,0,0,325,81,25,96
ALT,2008,11,4,4,7.1,91.6,9.3,5.8,6.06,6.5,22.4,0,963.7,11,0.6,4.4,0,0,0,0,0,0,0,322,69,25,96
ALT,2008,11,4,5,6.4,92.9,8.9,5.3,5.8,5.9,21,0,962.8,326,0.6,3.6,0,0,0,0,0,0,0,300,13,25,96
ALT,2008,11,4,6,7.1,91.4,9.2,5.8,6,6.5,22.2,0,963.1,321,1.5,5.9,14,0,14,9,9,9,8,312,31,25,96
ALT,2008,11,4,7,7.8,90.6,9.6,6.4,6.26,7.1,23.6,0,962.9,331,2.3,6.4,50,0,50,40,39,39,39,322,63,25,96
ALT,2008,11,4,8,8.3,89.2,9.8,6.6,6.4,7.4,24.4,0,962.6,329,3.2,7.5,131,173,82,48,177,178,45,342,94,25,96
ALT,2008,11,4,9,8.9,87.8,10,7,6.53,7.9,25.4,0,962.6,328,5.9,9.1,42,0,42,23,23,22,21,347,100,25,96
ALT,2008,11,4,10,9.3,86.3,10.1,7.1,6.6,8.2,26,0,962.3,324,3.6,7.5,54,0,54,30,29,29,28,349,100,25,96
ALT,2008,11,4,11,9.2,86.6,10.1,7.1,6.6,8.1,25.9,0,961.8,337,2.5,4.4,45,0,45,25,24,24,23,351,100,25,96
ALT,2008,11,4,12,9.1,86.8,10,7,6.54,8,25.6,0,961.4,333,1.5,4.1,25,0,25,14,13,13,13,352,100,25,96
ALT,2008,11,4,13,9,87.9,10.1,7.1,6.61,8,25.7,0,960.6,270,0.4,1.7,47,0,46,26,25,25,24,352,100,25,96
ALT,2008,11,4,14,8.9,88,10,7,6.55,7.9,25.4,0,959.6,293,0.7,2.2,13,0,13,7,7,7,7,351,100,25,96
ALT,2008,11,4,15,8.8,88.2,10,7,6.56,7.9,25.3,0,958.7,299,1,2.8,4,0,4,2,2,2,2,351,100,25,96
ALT,2008,11,4,16,8.8,88.4,10,7,6.56,7.9,25.4,0,957.8,306,1.4,3.3,0,0,0,0,0,0,0,351,100,25,96
ALT,2008,11,4,17,8.6,88.8,9.9,6.9,6.5,7.7,25,0,957.4,318,1.6,3.7,0,0,0,0,0,0,0,350,100,25,96
ALT,2008,11,4,18,8.4,89.4,9.9,6.8,6.5,7.6,24.8,0,956.7,328,1.3,4.1,0,0,0,0,0,0,0,350,100,25,96
ALT,2008,11,4,19,8.2,91.7,10,6.9,6.58,7.5,24.8,0,955.7,338,0.7,3.8,0,0,0,0,0,0,0,351,100,25,96
ALT,2008,11,4,20,8.7,90.7,10.2,7.3,6.71,8,25.6,0.4,955.3,352,1.5,6.1,0,0,0,0,0,0,0,351,100,25,96
ALT,2008,11,4,21,10,84.8,10.4,7.6,6.85,8.7,27.3,0.6,954.4,207,2,11.6,0,0,0,0,0,0,0,352,100,25,96
ALT,2008,11,4,22,13.6,67.8,10.5,7.8,6.93,10.5,31.2,0.7,953.4,206,8.9,16.7,0,0,0,0,0,0,0,346,81,25,96
ALT,2008,11,4,23,13.5,69.2,10.6,8,6.99,10.5,31.2,0.7,954.5,206,11.9,19.2,0,0,0,0,0,0,0,353,100,25,96
ALT,2008,11,5,0,13.3,70.9,10.8,8.1,7.11,10.5,31.3,1,955.7,207,11,20.8,0,0,0,0,0,0,0,350,94,24,96
ALT,2008,11,5,1,13.1,71.4,10.7,8,7.04,10.3,30.9,0.5,956.4,188,8.8,14.6,0,0,0,0,0,0,0,349,94,24,96
ALT,2008,11,5,2,13.3,65,9.9,6.9,6.5,9.9,29.8,1.9,957.6,150,9.8,22.9,0,0,0,0,0,0,0,348,88,24,96
ALT,2008,11,5,3,12.9,62.1,9.2,5.8,6.05,9.2,28.2,0.5,954.4,162,11.5,24.5,0,0,0,0,0,0,0,340,50,24,96
ALT,2008,11,5,4,15.4,46.6,8.1,4,5.32,9.6,28.9,0,954.3,149,8.8,22.7,0,0,0,0,0,0,0,332,44,24,96
ALT,2008,11,5,5,16,42.6,7.8,3.3,5.12,9.6,29,0,956.1,151,9.6,24.3,0,0,0,0,0,0,0,337,64,24,96
ALT,2008,11,5,6,15.9,42.8,7.7,3.3,5.05,9.5,28.8,0,956.7,142,9.5,21.2,12,0,12,8,8,8,8,336,16,24,96
ALT,2008,11,5,7,15.1,46.2,7.9,3.6,5.18,9.3,28.3,0,957.1,155,9.3,20.5,34,0,34,36,36,36,37,331,29,24,96
ALT,2008,11,5,8,15.8,42.5,7.7,3.1,5.04,9.4,28.6,0,957.8,143,10.8,23.4,302,667,90,61,507,596,62,338,40,24,96
ALT,2008,11,5,9,16.8,38.8,7.4,2.7,4.84,9.7,29.2,0,957.8,145,11.9,24,381,700,98,74,394,703,76,326,40,24,96
ALT,2008,11,5,10,17.4,36.3,7.2,2.3,4.71,9.8,29.4,0,958.5,142,12.5,24.3,436,721,109,82,243,775,85,336,46,24,96
ALT,2008,11,5,11,17.3,40.2,7.9,3.7,5.17,10.3,30.5,0,957.9,145,12.4,21.4,448,750,106,82,84,804,226,330,40,24,96
ALT,2008,11,5,12,17.9,37.4,7.6,3.2,4.97,10.4,30.6,0,958.4,144,9.9,19.7,413,722,115,80,81,746,400,326,40,24,96
ALT,2008,11,5,13,17.5,41.3,8.2,4.2,5.36,10.6,31.2,0,959,162,5.3,13.5,302,634,91,63,63,580,464,335,40,24,96
ALT,2008,11,5,14,17.2,38.1,7.5,2.8,4.9,9.9,29.7,0,959.9,155,4.9,13,43,0,43,39,39,39,39,340,55,24,96
ALT,2008,11,5,15,12.3,71.8,10.3,7.4,6.74,9.7,29.4,0,960.9,315,4.9,9.7,19,0,19,13,13,12,12,343,55,24,96
ALT,2008,11,5,16,11.5,77.3,10.5,7.7,6.87,9.5,28.9,0,961.5,314,3,6.6,0,0,0,0,0,0,0,342,81,24,96
ALT,2008,11,5,17,10.6,80.9,10.3,7.5,6.73,9,27.6,0,961.9,333,0.9,3.5,0,0,0,0,0,0,0,337,68,24,96
ALT,2008,11,5,18,11.4,69.6,9.3,6,6.07,8.6,26.8,0,961.6,132,1.4,7.2,0,0,0,0,0,0,0,340,45,24,96
ALT,2008,11,5,19,13.1,52.7,7.9,3.7,5.15,8.4,26.2,0,961.8,132,2.8,6.7,0,0,0,0,0,0,0,338,64,24,96
ALT,2008,11,5,20,12.7,53,7.8,3.4,5.09,8.1,25.6,0,961.9,162,1.5,7.1,0,0,0,0,0,0,0,345,94,24,96
ALT,2008,11,5,21,11.8,64.9,8.9,5.4,5.81,8.5,26.5,0,961.9,319,2.6,6.7,0,0,0,0,0,0,0,344,100,24,96
ALT,2008,11,5,22,10.8,76,9.8,6.7,6.4,8.7,27,0,961.9,335,4.1,9.2,0,0,0,0,0,0,0,342,94,24,96
ALT,2008,11,5,23,10.3,79.9,10,7,6.53,8.6,26.8,0,962.3,338,5.5,9,0,0,0,0,0,0,0,341,100,24,96
ALT,2008,11,6,0,9.4,86.6,10.2,7.3,6.66,8.3,26.2,0,962.5,321,3.3,8.3,0,0,0,0,0,0,0,316,61,24,96
ALT,2008,11,6,1,8.8,88.9,10.1,7.1,6.59,7.9,25.4,0,962.7,330,2.6,5.4,0,0,0,0,0,0,0,309,50,24,96
ALT,2008,11,6,2,8.5,91.1,10.1,7.1,6.59,7.8,25.1,0,962.7,331,2.7,5.9,0,0,0,0,0,0,0,314,55,24,96
ALT,2008,11,6,3,8,91.5,9.8,6.7,6.4,7.3,24.1,0,962.4,325,1.3,4.5,0,0,0,0,0,0,0,327,88,24,96
ALT,2008,11,6,4,8,91.9,9.9,6.8,6.46,7.4,24.3,0,962.5,329,0.8,4,0,0,0,0,0,0,0,339,100,24,96
ALT,2008,11,6,5,8,92.1,9.9,6.8,6.46,7.4,24.3,0,962.7,329,1.1,2.7,0,0,0,0,0,0,0,334,100,24,96
ALT,2008,11,6,6,8.2,91.1,9.9,6.8,6.46,7.5,24.5,0,962.8,0,0,1,8,0,8,4,4,4,4,335,84,24,96
ALT,2008,11,6,7,8.8,90.3,10.2,7.3,6.66,8,25.6,0,962.7,153,0.3,1.4,20,0,20,11,11,11,10,340,100,24,96
ALT,2008,11,6,8,9.4,88.4,10.4,7.6,6.79,8.5,26.5,0,962.7,307,1.6,3.9,150,79,124,68,119,134,63,338,81,24,96
ALT,2008,11,6,9,10.3,83.1,10.4,7.6,6.79,8.9,27.5,0,962.6,340,1.5,3.3,218,95,180,99,148,187,92,323,64,24,96
ALT,2008,11,6,10,11,80.3,10.5,7.7,6.86,9.2,28.3,0,962.5,315,3.8,6.5,315,409,133,80,197,484,79,339,71,24,96
ALT,2008,11,6,11,10.6,81.1,10.3,7.5,6.73,9,27.6,0,962,309,4.5,7,307,374,140,87,87,446,177,343,74,24,96
ALT,2008,11,6,12,11.6,76.8,10.5,7.7,6.86,9.5,29,0,961.9,318,6.1,9.5,323,403,153,90,89,476,256,335,78,24,96
ALT,2008,11,6,13,10.4,80.6,10.1,7.2,6.6,8.7,27.1,0,962,321,5.1,8.8,91,20,84,46,45,62,55,338,100,24,96
ALT,2008,11,6,14,9.9,81.7,10,6.9,6.53,8.3,26.4,0,962.1,322,4.8,7.1,41,0,41,23,22,21,21,341,94,24,96
ALT,2008,11,6,15,9.7,82.1,9.9,6.8,6.46,8.2,26,0,962.4,314,4.3,6.6,15,0,15,9,8,8,8,344,100,24,96
ALT,2008,11,6,16,9.5,82.2,9.8,6.6,6.4,8,25.7,0,962.4,305,2,4.5,0,0,0,0,0,0,0,339,100,24,96
ALT,2008,11,6,17,9.5,81.8,9.7,6.5,6.33,8,25.5,0,962.7,312,1.5,3.3,0,0,0,0,0,0,0,342,100,24,96
ALT,2008,11,6,18,9.2,84.6,9.8,6.7,6.39,7.9,25.3,0,963,332,1.7,3.4,0,0,0,0,0,0,0,337,94,24,96
ALT,2008,11,6,19,9.1,84.3,9.8,6.6,6.39,7.8,25.2,0,963.2,342,0.3,1.8,0,0,0,0,0,0,0,340,100,24,96
ALT,2008,11,6,20,8.8,85.7,9.7,6.5,6.33,7.6,24.8,0,963.3,270,0.2,1.1,0,0,0,0,0,0,0,340,100,24,96
ALT,2008,11,6,21,9.1,84.6,9.8,6.6,6.39,7.8,25.2,0,963.1,153,0.7,2,0,0,0,0,0,0,0,339,94,24,96
ALT,2008,11,6,22,8.6,86.8,9.7,6.5,6.33,7.5,24.6,0,963,360,0.2,1.5,0,0,0,0,0,0,0,338,94,24,96
ALT,2008,11,6,23,8.3,87.6,9.6,6.4,6.26,7.3,24.1,0,963.2,270,0.2,1.5,0,0,0,0,0,0,0,334,100,24,96
ALT,2008,11,7,0,8.3,86.5,9.5,6.2,6.2,7.2,23.9,0,963.2,90,0.1,1,0,0,0,0,0,0,0,333,100,23,96
ALT,2008,11,7,1,8,88.9,9.5,6.3,6.19,7.1,23.6,0,963.5,0,0,0,0,0,0,0,0,0,0,328,88,23,96
ALT,2008,11,7,2,8.1,89.2,9.6,6.4,6.26,7.2,23.9,0,963.3,225,0.1,1,0,0,0,0,0,0,0,317,69,23,96
ALT,2008,11,7,3,8.2,88.6,9.7,6.4,6.33,7.3,24.2,0,963.2,153,0.7,2.1,0,0,0,0,0,0,0,318,34,23,96
ALT,2008,11,7,4,7.5,91.4,9.5,6.2,6.2,6.8,23.1,0,963,225,0.1,1.1,0,0,0,0,0,0,0,310,71,23,96
ALT,2008,11,7,5,7.5,90.6,9.4,6.1,6.13,6.8,22.9,0,963.2,360,0.3,1.7,0,0,0,0,0,0,0,313,59,23,96
ALT,2008,11,7,6,8,88.7,9.5,6.3,6.19,7.1,23.6,0,963.4,159,1,2.3,12,0,12,7,7,7,6,320,80,23,96
ALT,2008,11,7,7,7.8,90.1,9.6,6.3,6.26,7,23.6,0,963.8,180,0.4,2.1,40,0,40,35,35,35,35,312,40,23,96
ALT,2008,11,7,8,8.2,85,9.3,5.8,6.06,7,23.5,0,963.9,143,1,2.1,196,337,91,60,285,335,60,340,59,23,96
ALT,2008,11,7,9,8.7,82.7,9.3,5.9,6.06,7.3,24,0,963.9,180,0.5,1.8,273,352,128,77,223,404,75,320,63,23,96
ALT,2008,11,7,10,10.3,72.5,9,5.6,5.86,7.9,25.1,0,963.8,135,0.2,2,381,528,148,90,234,606,90,342,58,23,96
ALT,2008,11,7,11,10.7,68,8.7,5,5.67,7.8,25,0,963.6,180,0.7,2.7,256,134,196,106,103,243,131,346,81,23,96
ALT,2008,11,7,12,11.5,65.6,8.9,5.3,5.8,8.4,26.2,0,963.5,292,0.6,2,318,466,134,83,82,505,296,329,54,23,96
ALT,2008,11,7,13,11,73,9.6,6.4,6.26,8.6,26.8,0,963.3,301,1.2,3,259,564,68,56,57,525,395,330,29,23,96
ALT,2008,11,7,14,10.2,74.3,9.2,5.8,6,8,25.4,0,963.6,270,0.4,1.5,32,0,32,37,38,38,38,305,25,23,96
ALT,2008,11,7,15,9.2,76.2,8.9,5.2,5.8,7.2,23.8,0,964,270,0.3,1.4,18,0,18,12,12,12,11,316,36,23,96
ALT,2008,11,7,16,8.7,76.5,8.6,4.8,5.59,6.8,22.8,0,964.7,135,0.6,1.5,0,0,0,0,0,0,0,315,10,23,96
ALT,2008,11,7,17,7.7,79.4,8.4,4.4,5.46,6.1,21.5,0,965.5,135,1.1,2.5,0,0,0,0,0,0,0,301,0,23,96
ALT,2008,11,7,18,7.6,80.5,8.4,4.5,5.46,6.1,21.4,0,965.8,140,2.3,3.4,0,0,0,0,0,0,0,291,0,23,96
ALT,2008,11,7,19,6.9,82.3,8.2,4.1,5.32,5.6,20.3,0,966.1,153,2.5,4,0,0,0,0,0,0,0,297,6,23,96
ALT,2008,11,7,20,6.8,81.4,8.1,3.8,5.26,5.4,20,0,966.6,146,2.2,4,0,0,0,0,0,0,0,295,13,23,96
ALT,2008,11,7,21,6.5,82.1,7.9,3.7,5.12,5.2,19.4,0,966.8,140,2.5,4,0,0,0,0,0,0,0,313,49,23,96
ALT,2008,11,7,22,5.9,83.5,7.8,3.3,5.06,4.7,18.6,0,966.9,150,2.1,4.1,0,0,0,0,0,0,0,293,13,23,96
ALT,2008,11,7,23,6,81.8,7.7,3.1,4.99,4.7,18.6,0,967.2,153,2.3,3.3,0,0,0,0,0,0,0,296,13,23,96
ALT,2008,11,8,0,5.2,85.2,7.6,2.9,4.92,4.2,17.6,0,967.5,145,2,4.3,0,0,0,0,0,0,0,313,36,22,96
ALT,2008,11,8,1,4.7,86.5,7.4,2.6,4.79,3.8,16.7,0,967.7,165,1.5,2.9,0,0,0,0,0,0,0,313,43,22,96
ALT,2008,11,8,2,5.6,82.7,7.6,2.9,4.92,4.4,18,0,967.8,153,1.1,2.7,0,0,0,0,0,0,0,319,56,22,96
ALT,2008,11,8,3,6.2,80.8,7.6,3.2,4.92,4.8,18.6,0,968.1,164,2.2,3.4,0,0,0,0,0,0,0,327,81,22,96
ALT,2008,11,8,4,6.8,76.7,7.6,3,4.92,5,19.2,0,968.2,159,1.7,3.2,0,0,0,0,0,0,0,327,100,22,96
ALT,2008,11,8,5,6.5,81.7,7.9,3.6,5.12,5.1,19.4,0,968.4,173,0.9,1.8,0,0,0,0,0,0,0,329,100,22,96
ALT,2008,11,8,6,6.5,82.9,8,3.8,5.18,5.2,19.5,0,968.9,45,0.1,1.6,11,0,11,7,6,6,6,322,80,22,96
ALT,2008,11,8,7,6.7,81.2,8,3.7,5.18,5.3,19.7,0,969.2,162,0.9,2.7,35,0,35,35,35,35,34,300,33,22,96
ALT,2008,11,8,8,6.1,84.3,7.9,3.7,5.11,5,19,0,969.3,135,0.6,1.8,156,298,63,53,248,298,54,269,25,22,96
ALT,2008,11,8,9,8.7,73.5,8.3,4.2,5.37,6.5,22.3,0,969.3,0,0,0.8,364,660,106,69,376,674,70,289,26,22,96
ALT,2008,11,8,10,10.9,62.6,8.2,4.1,5.31,7.6,24.3,0,969,342,0.6,2.8,434,775,94,73,243,815,76,278,19,22,96
ALT,2008,11,8,11,11.6,59.8,8.2,4.1,5.31,7.9,25,0,968.8,335,1.5,2.8,448,828,82,71,73,859,209,276,0,22,96
ALT,2008,11,8,12,11.7,61,8.4,4.4,5.44,8.1,25.5,0,968.6,304,1.6,3.2,399,775,87,67,68,775,387,281,19,22,96
ALT,2008,11,8,13,11.5,60.4,8.2,4.1,5.31,7.8,25,0,968.5,281,1,2.4,257,565,69,55,56,528,395,302,19,22,96
ALT,2008,11,8,14,10.4,64.7,8.2,4,5.31,7.3,23.8,0,968.9,198,0.8,1.9,46,0,46,39,39,38,38,314,50,22,96
ALT,2008,11,8,15,10.2,65.9,8.2,4.1,5.31,7.2,23.6,0,969.3,142,1.1,2.5,18,0,18,12,11,11,11,309,43,22,96
ALT,2008,11,8,16,9.1,70.4,8.1,4,5.24,6.6,22.3,0,969.7,151,2.3,4.5,0,0,0,0,0,0,0,315,55,22,96
ALT,2008,11,8,17,8.2,74.2,8,3.9,5.17,6.1,21.2,0,970.3,138,1.2,2.9,0,0,0,0,0,0,0,318,64,22,96
ALT,2008,11,8,18,7.3,78.7,8,3.9,5.17,5.7,20.3,0,970.6,137,2.3,3.7,0,0,0,0,0,0,0,319,68,22,96
ALT,2008,11,8,19,6.7,78.8,7.7,3.3,4.97,5.1,19.2,0,970.8,156,2,3.5,0,0,0,0,0,0,0,303,50,22,96
ALT,2008,11,8,20,6.3,81,7.7,3.3,4.97,4.9,18.8,0,971.3,141,1.4,2.8,0,0,0,0,0,0,0,269,0,22,96
ALT,2008,11,8,21,5.4,84,7.5,2.9,4.84,4.3,17.6,0,971.7,157,1.6,2.9,0,0,0,0,0,0,0,268,0,22,96
ALT,2008,11,8,22,5,84.4,7.4,2.6,4.77,3.9,17,0,971.6,150,1.6,3.6,0,0,0,0,0,0,0,271,0,22,96
ALT,2008,11,8,23,3.9,88,7.1,2.1,4.58,3.1,15.4,0,971.9,158,1.2,3.3,0,0,0,0,0,0,0,295,10,22,96
ALT,2008,11,9,0,4.2,86,7.1,2.1,4.58,3.3,15.7,0,971.5,155,1.5,3.6,0,0,0,0,0,0,0,277,0,22,96
ALT,2008,11,9,1,3.1,89.5,6.9,1.5,4.45,2.4,14.2,0,971.9,153,0.7,3.3,0,0,0,0,0,0,0,301,0,22,96
ALT,2008,11,9,2,4.2,84.7,7,1.9,4.51,3.2,15.5,0,971.8,150,1.4,4.3,0,0,0,0,0,0,0,305,0,22,96
ALT,2008,11,9,3,3.4,87.5,6.8,1.5,4.38,2.6,14.4,0,971.7,171,1.5,4.5,0,0,0,0,0,0,0,304,0,22,96
ALT,2008,11,9,4,3.2,87.1,6.7,1.3,4.32,2.4,14,0,971.6,153,0.5,3,0,0,0,0,0,0,0,306,23,22,96
ALT,2008,11,9,5,3.4,85.9,6.7,1.3,4.32,2.5,14.2,0,971.8,360,0.6,4.3,0,0,0,0,0,0,0,304,45,22,96
ALT,2008,11,9,6,3.5,87.7,6.9,1.7,4.44,2.7,14.6,0,972.9,135,0.3,4.4,10,0,10,6,6,6,5,301,49,22,96
ALT,2008,11,9,7,4.3,87.1,7.3,2.3,4.7,3.4,16.1,0,972.9,156,1.1,3.8,24,0,24,13,12,12,12,334,100,22,96
ALT,2008,11,9,8,4.3,89.7,7.4,2.8,4.77,3.6,16.3,0,973.2,333,0.7,3.9,159,122,121,69,152,171,65,321,78,22,96
ALT,2008,11,9,9,7.9,81.2,8.7,4.9,5.61,6.4,22,0,973.5,346,1,3.6,39,0,39,21,20,20,19,341,100,22,96
ALT,2008,11,9,10,9.8,73.4,8.8,5.3,5.67,7.5,24.1,0,973.6,318,2.5,5.2,195,92,154,82,103,176,76,345,100,22,96
ALT,2008,11,9,11,10.8,67.4,8.7,5,5.61,7.9,25,0,973.4,328,2.1,4.3,200,64,171,92,89,156,96,344,94,22,96
ALT,2008,11,9,12,11.1,64.7,8.5,4.7,5.48,7.9,25,0,973.5,360,1.7,5.4,99,9,96,51,50,58,52,350,100,22,96
ALT,2008,11,9,13,11.5,62.5,8.5,4.6,5.48,8,25.4,0,973.3,270,0.3,1.8,127,12,123,68,66,76,70,349,100,22,96
ALT,2008,11,9,14,11.5,61.9,8.4,4.5,5.42,8,25.2,0,973.2,167,0.9,2.7,74,0,74,42,41,41,39,341,88,22,96
ALT,2008,11,9,15,10.1,69.9,8.6,4.9,5.54,7.5,24.1,0,973.3,164,1.1,3.1,14,0,14,8,7,7,7,348,100,22,96
ALT,2008,11,9,16,9.2,73.6,8.5,4.7,5.48,7,23,0,973.7,342,0.8,2.9,0,0,0,0,0,0,0,347,100,22,96
ALT,2008,11,9,17,7.8,78,8.2,4.2,5.28,6.1,21.1,0,973.9,159,0.9,2.8,0,0,0,0,0,0,0,346,100,22,96
ALT,2008,11,9,18,7,81.1,8.1,4,5.22,5.6,20.1,0,973.6,117,0.5,2.8,0,0,0,0,0,0,0,345,100,22,96
ALT,2008,11,9,19,7.2,79.9,8.1,4,5.22,5.7,20.3,0,974,18,0.7,3.3,0,0,0,0,0,0,0,344,100,22,96
ALT,2008,11,9,20,7.5,78,8.1,3.9,5.22,5.8,20.7,0,973.5,117,0.8,4.8,0,0,0,0,0,0,0,332,84,22,96
ALT,2008,11,9,21,6.9,80.8,8,3.8,5.15,5.4,19.9,0,973.7,326,1.1,3.4,0,0,0,0,0,0,0,309,34,22,96
ALT,2008,11,9,22,6.9,82.8,8.3,4.2,5.35,5.6,20.4,0,973.4,342,0.8,2.7,0,0,0,0,0,0,0,326,63,22,96
ALT,2008,11,9,23,7.3,83.3,8.5,4.7,5.48,6,21.1,0,973.7,328,1.5,4.1,0,0,0,0,0,0,0,307,40,22,96
ALT,2008,11,10,0,6.8,85,8.4,4.5,5.41,5.7,20.4,0,973.7,135,0.5,3,0,0,0,0,0,0,0,304,63,22,96
ALT,2008,11,10,1,6.1,86.3,8.1,4,5.22,5.1,19.2,0,973.7,155,1.5,4.2,0,0,0,0,0,0,0,318,81,22,96
ALT,2008,11,10,2,6.2,83.6,7.9,3.6,5.09,5,19,0,973.3,153,1.5,3.8,0,0,0,0,0,0,0,304,56,22,96
ALT,2008,11,10,3,5.7,83.7,7.7,3.2,4.96,4.5,18.2,0,972.8,160,2.4,4.2,0,0,0,0,0,0,0,295,46,22,96
ALT,2008,11,10,4,4.5,85.4,7.1,2.3,4.58,3.5,16,0,972.2,141,1.4,3.4,0,0,0,0,0,0,0,293,25,22,96
ALT,2008,11,10,5,6.1,82.1,7.7,3.3,4.96,4.8,18.6,0,973.1,337,1.4,4.7,0,0,0,0,0,0,0,285,13,22,96
ALT,2008,11,10,6,5.2,85.9,7.6,3,4.89,4.2,17.5,0,974.2,122,1.1,3.5,9,0,9,6,6,5,5,273,16,22,96
ALT,2008,11,10,7,6.3,79.1,7.5,3,4.82,4.8,18.4,0,974.9,146,2.6,4,32,0,32,32,32,32,32,288,25,22,96
ALT,2008,11,10,8,6.4,78.6,7.5,3,4.82,4.8,18.5,0,974.8,147,3,4.8,158,297,67,52,245,297,53,293,29,22,96
ALT,2008,11,10,9,9.3,66.5,7.7,3.4,4.96,6.5,21.8,0,974,151,2.9,6.3,316,466,140,78,314,516,77,312,55,22,96
ALT,2008,11,10,10,12.1,55.8,7.9,3.5,5.09,7.9,25,0,972.7,157,0.8,3.1,373,517,151,85,220,606,85,328,71,22,96
ALT,2008,11,10,11,13.1,52.6,7.9,3.6,5.1,8.4,26,0,971.4,288,0.3,2.1,358,435,170,92,91,538,191,338,81,22,96
ALT,2008,11,10,12,13.2,57.4,8.7,5,5.63,9,27.5,0,970.7,320,2.6,5.7,324,447,147,81,80,513,282,341,75,22,96
ALT,2008,11,10,13,13.1,55.8,8.4,4.5,5.43,8.7,26.9,0,970.7,319,3.1,7,177,221,103,65,65,260,199,334,71,22,96
ALT,2008,11,10,14,11.3,64,8.6,4.7,5.56,8,25.4,0,970.8,308,1.8,4.1,58,0,58,36,35,35,34,341,88,22,96
ALT,2008,11,10,15,11.2,64,8.5,4.7,5.49,7.9,25.1,0,970.7,8,0.7,3,5,0,5,3,3,3,2,340,88,22,96
ALT,2008,11,10,16,9.4,70.5,8.3,4.3,5.36,6.9,22.9,0,971,90,0.7,3.8,0,0,0,0,0,0,0,338,81,22,96
ALT,2008,11,10,17,8.4,72.3,8,3.7,5.17,6.2,21.4,0,970.8,101,0.8,3.1,0,0,0,0,0,0,0,312,44,22,96
ALT,2008,11,10,18,7.8,74.3,7.8,3.5,5.04,5.8,20.5,0,970.5,51,0.9,5.2,0,0,0,0,0,0,0,287,13,22,96
ALT,2008,11,10,19,8.2,72.6,7.9,3.6,5.11,6,21.1,0,970.1,309,0.7,2.5,0,0,0,0,0,0,0,279,0,22,96
ALT,2008,11,10,20,7.8,74.5,7.9,3.6,5.11,5.8,20.7,0,969.5,27,0.5,5.1,0,0,0,0,0,0,0,278,0,22,96
ALT,2008,11,10,21,8.6,65.2,7.3,2.4,4.72,5.7,20.5,0,968.7,90,1.8,9.3,0,0,0,0,0,0,0,292,23,22,96
ALT,2008,11,10,22,8.7,68.9,7.7,3.3,4.98,6.1,21.3,0,968.7,4,1.6,5.8,0,0,0,0,0,0,0,291,19,22,96
ALT,2008,11,10,23,8.3,76.1,8.3,4.3,5.38,6.4,21.9,0,968.5,331,2.6,5.9,0,0,0,0,0,0,0,281,16,22,96
ALT,2008,11,11,0,6.9,77.8,7.7,3.3,4.99,5.2,19.5,0,967.5,338,0.8,3.5,0,0,0,0,0,0,0,287,13,22,96
ALT,2008,11,11,1,6.1,78.3,7.4,2.6,4.8,4.5,18.2,0,966.6,342,1.2,5.7,0,0,0,0,0,0,0,286,19,22,96
ALT,2008,11,11,2,11,52.4,6.4,1.6,4.15,6.6,21.5,0,965.2,139,5.1,17.7,0,0,0,0,0,0,0,291,23,22,96
ALT,2008,11,11,3,14.9,33.5,5.7,-1,3.7,7.6,24.3,0,964.2,150,11.7,20.7,0,0,0,0,0,0,0,276,23,22,96
ALT,2008,11,11,4,15.4,32.6,5.7,-0.9,3.7,7.8,24.8,0,964.1,153,11.9,21.6,0,0,0,0,0,0,0,279,23,22,96
ALT,2008,11,11,5,13,45.2,6.6,1.4,4.28,7.5,23.9,0,964.9,177,6.9,19.3,0,0,0,0,0,0,0,284,23,22,96
ALT,2008,11,11,6,9,67.9,7.8,3.4,5.06,6.3,21.8,0,965.9,324,3.1,9.6,6,0,6,3,3,3,3,307,63,22,96
ALT,2008,11,11,7,9.3,64.5,7.5,3,4.87,6.3,21.6,0,966.2,323,2.1,7.7,46,0,46,30,29,29,28,322,81,22,96
ALT,2008,11,11,8,11.4,53.4,7.1,2.3,4.61,7.1,23.1,0,966,144,2.1,13.8,127,43,113,65,91,101,60,324,84,22,96
ALT,2008,11,11,9,15.9,34,6.1,0.1,3.96,8.4,26,0,965.4,157,7.6,15.8,218,149,163,87,164,229,81,339,88,22,96
ALT,2008,11,11,10,16.9,31.2,6,-0.2,3.89,8.7,26.8,0,964.7,165,10.4,19.5,202,170,129,70,103,243,66,339,94,22,96
ALT,2008,11,11,11,16.7,36.2,6.8,1.6,4.42,9.3,28,0,964.1,191,7.4,14.3,326,380,163,93,92,471,164,342,81,22,96
ALT,2008,11,11,12,13.8,52.2,8.3,4.2,5.4,8.9,27.5,0,964.2,320,5.1,10.5,145,107,101,55,53,160,92,348,94,22,96
ALT,2008,11,11,13,12.5,57.1,8.3,4.2,5.4,8.3,26.2,0,964.6,313,6.3,10.5,64,3,63,34,33,35,33,350,100,22,96
ALT,2008,11,11,14,12.7,56.4,8.3,4.3,5.4,8.5,26.4,0,965.2,329,4.7,8.4,40,0,40,22,22,21,20,345,100,22,96
ALT,2008,11,11,15,12.3,58.1,8.3,4.3,5.39,8.3,26,0,965.8,327,4.9,9.7,8,0,8,4,4,4,4,348,100,22,96
ALT,2008,11,11,16,11.4,66.9,9,5.5,5.85,8.4,26.2,0,966.5,330,4.7,9.4,0,0,0,0,0,0,0,347,100,22,96
ALT,2008,11,11,17,10.6,71.2,9.1,5.6,5.91,8.1,25.5,0,966.9,225,0.7,3.1,0,0,0,0,0,0,0,346,100,22,96
ALT,2008,11,11,18,10.6,69.7,8.9,5.3,5.78,7.9,25.2,0,966.8,114,1,2.4,0,0,0,0,0,0,0,345,100,22,96
ALT,2008,11,11,19,10.5,70.6,8.9,5.4,5.78,7.9,25.1,0,966.6,131,0.9,2.1,0,0,0,0,0,0,0,344,100,22,96
ALT,2008,11,11,20,10,74.5,9.1,5.7,5.91,7.8,24.9,0,966.3,150,1.5,3.8,0,0,0,0,0,0,0,344,100,22,96
ALT,2008,11,11,21,9.7,84.9,10.2,7.3,6.64,8.4,26.5,0,966.3,320,3,5.6,0,0,0,0,0,0,0,343,100,22,96
ALT,2008,11,11,22,9.5,88.1,10.5,7.6,6.83,8.5,26.8,0,966.1,315,2.1,3.8,0,0,0,0,0,0,0,343,100,22,96
ALT,2008,11,11,23,9.7,86.4,10.4,7.5,6.77,8.5,26.8,0,966,340,1.5,4.4,0,0,0,0,0,0,0,342,100,22,96
ALT,2008,11,12,0,9.4,88.2,10.4,7.5,6.77,8.4,26.5,0,965.4,297,0.5,2.3,0,0,0,0,0,0,0,342,100,22,96
ALT,2008,11,12,1,9.4,88.4,10.4,7.6,6.77,8.5,26.5,0,965.4,319,1.9,4.2,0,0,0,0,0,0,0,341,100,22,96
ALT,2008,11,12,2,9.3,82.9,9.7,6.5,6.31,7.9,25.2,0,965.2,307,4.9,11.9,0,0,0,0,0,0,0,340,100,22,96
ALT,2008,11,12,3,8.5,78.3,8.7,4.9,5.65,6.7,22.8,0.9,966.1,329,6.1,13.2,0,0,0,0,0,0,0,339,100,22,96
ALT,2008,11,12,4,7.7,85.7,9,5.5,5.85,6.6,22.4,1.5,966.7,294,3.5,6.4,0,0,0,0,0,0,0,339,100,22,96
ALT,2008,11,12,5,7.6,86.6,9.1,5.5,5.91,6.6,22.5,0.5,966.8,18,0.8,3.2,0,0,0,0,0,0,0,338,100,22,96
ALT,2008,11,12,6,7.4,89.9,9.2,5.9,5.97,6.7,22.4,0.3,967.2,166,0.5,2.6,1,0,1,0,0,0,0,338,100,22,96
ALT,2008,11,12,7,7.4,91.4,9.4,6.1,6.11,6.7,22.8,0.2,967.1,161,1.9,3.4,9,0,9,5,5,5,5,338,100,22,96
ALT,2008,11,12,8,7.6,90.2,9.4,6.1,6.11,6.8,23,0,967,135,0.5,2.4,50,0,50,27,26,26,25,338,100,22,96
ALT,2008,11,12,9,7.9,88.1,9.3,6.1,6.04,7,23.1,0,967,326,0.7,2.1,39,0,39,21,20,20,19,339,100,22,96
ALT,2008,11,12,10,8.2,84.3,9.1,5.7,5.91,7,23.1,0,966.9,328,1.4,3.6,28,0,28,15,15,15,14,339,100,22,96
ALT,2008,11,12,11,8.2,84.4,9.1,5.7,5.91,7,23.1,0.1,966.4,328,3.2,4.9,48,0,48,26,25,25,24,340,100,22,96
ALT,2008,11,12,12,8.2,85.5,9.3,5.9,6.05,7,23.4,0.4,966.2,320,3.3,5.3,18,0,18,10,10,9,9,340,100,22,96
ALT,2008,11,12,13,8,86.6,9.3,5.9,6.05,6.9,23.2,0.5,966,308,2.9,5,17,0,17,9,9,9,8,339,100,22,96
ALT,2008,11,12,14,7.7,89.1,9.4,6,6.11,6.8,23.1,0.4,966.3,303,3.8,6.7,7,0,7,4,4,4,4,339,100,22,96
ALT,2008,11,12,15,7.4,85.3,8.8,5.1,5.72,6.3,21.8,0.5,966.5,317,3.4,6,1,0,1,1,1,1,1,338,100,22,96
ALT,2008,11,12,16,7.1,86.5,8.7,5,5.65,6.1,21.3,0.6,966.7,306,2.8,4.6,0,0,0,0,0,0,0,338,100,22,96
ALT,2008,11,12,17,7.1,88.9,8.9,5.4,5.78,6.3,21.7,0.3,966.9,333,0.5,2.4,0,0,0,0,0,0,0,337,100,22,96
ALT,2008,11,12,18,6.6,91.1,8.9,5.3,5.78,6,21.1,0.5,967.1,0,0,1,0,0,0,0,0,0,0,337,100,22,96
ALT,2008,11,12,19,6.4,92.9,8.9,5.3,5.78,5.9,20.9,0.1,967.3,0,0,0,0,0,0,0,0,0,0,336,100,22,96
ALT,2008,11,12,20,6.3,92.9,8.9,5.2,5.77,5.8,20.8,0.2,967.7,0,0,0,0,0,0,0,0,0,0,335,100,22,96
ALT,2008,11,12,21,6.4,93.9,9,5.5,5.84,6,21.1,0.8,967.9,0,0,0,0,0,0,0,0,0,0,335,100,22,96
ALT,2008,11,12,22,6.4,92.3,8.9,5.2,5.77,5.8,20.9,0.6,967.9,315,0.1,1.7,0,0,0,0,0,0,0,334,100,22,96
ALT,2008,11,12,23,6.5,87.5,8.5,4.6,5.51,5.6,20.4,0.5,968.1,326,0.4,2.4,0,0,0,0,0,0,0,333,100,22,96
ALT,2008,11,13,0,6.2,88.5,8.4,4.4,5.45,5.3,19.9,0.3,967.8,0,0,1.3,0,0,0,0,0,0,0,333,100,22,96
ALT,2008,11,13,1,6.1,89.4,8.4,4.5,5.45,5.3,19.8,0.2,967.8,0,0,0,0,0,0,0,0,0,0,332,100,22,96
ALT,2008,11,13,2,5.9,90,8.4,4.4,5.45,5.2,19.6,0.1,967.5,153,0.2,1.4,0,0,0,0,0,0,0,332,100,22,96
ALT,2008,11,13,3,5.8,92.9,8.6,4.7,5.58,5.3,19.8,0.2,967.6,0,0,1.1,0,0,0,0,0,0,0,331,100,22,96
ALT,2008,11,13,4,5.4,94.4,8.5,4.6,5.51,5,19.2,0,968.1,0,0,0,0,0,0,0,0,0,0,331,100,22,96
ALT,2008,11,13,5,5.7,91.7,8.4,4.5,5.44,5.1,19.4,0.1,968,117,0.2,1.2,0,0,0,0,0,0,0,330,100,22,96
ALT,2008,11,13,6,5.8,91.3,8.4,4.5,5.44,5.2,19.5,0,968.6,104,0.4,2.4,3,0,3,2,2,2,2,330,100,22,96
ALT,2008,11,13,7,5.9,85.5,7.9,3.7,5.11,4.9,18.8,0,969.1,100,1.2,2.9,23,0,23,13,12,12,12,331,100,22,96
ALT,2008,11,13,8,6.2,86.6,8.2,4.1,5.31,5.2,19.5,0.1,969.4,108,0.3,2.1,45,0,45,24,24,23,22,332,100,22,96
ALT,2008,11,13,9,6.8,81.7,8.1,3.9,5.24,5.4,20,0,969.6,243,0.3,2.4,39,0,39,21,21,20,19,333,100,22,96
ALT,2008,11,13,10,7.4,78.1,8.1,3.8,5.24,5.7,20.6,0,969.3,297,1.3,3.1,39,0,39,21,21,20,19,334,100,22,96
ALT,2008,11,13,11,7.7,73.9,7.7,3.3,4.98,5.6,20.3,0,969,346,0.5,4.3,21,0,21,11,11,11,10,335,100,22,96
ALT,2008,11,13,12,7.9,74.3,7.9,3.6,5.11,5.9,20.8,0,969,10,2.9,7.9,40,0,40,22,21,21,20,335,100,22,96
ALT,2008,11,13,13,7.9,73.3,7.8,3.4,5.05,5.8,20.6,0,969,355,3.6,7.8,58,0,58,32,31,30,29,334,100,22,96
ALT,2008,11,13,14,8,70.5,7.5,3,4.85,5.7,20.2,0,969.3,36,2.4,7.8,54,0,54,30,29,28,27,334,100,22,96
ALT,2008,11,13,15,8.1,66.7,7.2,2.3,4.65,5.4,19.8,0,969.8,344,3.4,7.7,1,0,1,1,1,1,1,333,100,22,96
ALT,2008,11,13,16,7.9,68.6,7.3,2.5,4.72,5.4,19.8,0,970.3,21,2.1,6.5,0,0,0,0,0,0,0,333,100,22,96
ALT,2008,11,13,17,7.7,70.3,7.4,2.6,4.78,5.3,19.7,0,971,12,3.4,8.1,0,0,0,0,0,0,0,332,100,22,96
ALT,2008,11,13,18,7.7,70.7,7.4,2.7,4.77,5.4,19.7,0,971.4,25,2.7,7.5,0,0,0,0,0,0,0,331,100,22,96
ALT,2008,11,13,19,7.5,71.2,7.4,2.6,4.77,5.2,19.5,0,971.5,23,2.4,6.9,0,0,0,0,0,0,0,331,100,22,96
ALT,2008,11,13,20,7.1,76.5,7.7,3.3,4.97,5.3,19.6,0,971.9,84,1.1,3.4,0,0,0,0,0,0,0,330,100,22,96
ALT,2008,11,13,21,6.4,81.1,7.8,3.4,5.03,5,19.1,0,971.9,103,0.9,2.1,0,0,0,0,0,0,0,329,100,22,96
ALT,2008,11,13,22,6.3,79.6,7.6,3,4.9,4.8,18.6,0,971.8,139,1,2.1,0,0,0,0,0,0,0,328,94,22,96
ALT,2008,11,13,23,5.4,84.7,7.6,3,4.9,4.3,17.7,0,971.9,140,0.8,1.9,0,0,0,0,0,0,0,327,100,22,96
ALT,2008,11,14,0,6.1,82.3,7.8,3.3,5.03,4.8,18.8,0,971.9,146,0.8,2.1,0,0,0,0,0,0,0,327,100,23,96
ALT,2008,11,14,1,5.7,86.3,7.9,3.6,5.1,4.7,18.5,0,972,124,0.4,1.9,0,0,0,0,0,0,0,326,100,23,96
ALT,2008,11,14,2,6.1,84.1,7.9,3.6,5.1,4.9,18.9,0,972.1,108,0.3,1.9,0,0,0,0,0,0,0,325,100,23,96
ALT,2008,11,14,3,5.6,83.9,7.7,3.1,4.97,4.5,18.1,0,972.3,108,0.4,1.6,0,0,0,0,0,0,0,324,100,23,96
ALT,2008,11,14,4,5.2,83.5,7.4,2.6,4.77,4,17.2,0,972.6,131,1.1,2.4,0,0,0,0,0,0,0,323,100,23,96
ALT,2008,11,14,5,4.8,86.1,7.4,2.7,4.77,3.9,16.8,0,972.9,120,0.8,3,0,0,0,0,0,0,0,322,100,23,96
ALT,2008,11,14,6,5.1,83.9,7.4,2.6,4.76,4,17.1,0,973.4,90,0.2,1.8,5,0,5,3,3,3,2,322,100,23,96
ALT,2008,11,14,7,5.7,82,7.5,2.9,4.83,4.4,17.8,0,973.5,169,2.6,5.3,47,0,47,27,26,26,25,323,90,23,96
ALT,2008,11,14,8,5.9,79.3,7.4,2.6,4.76,4.4,17.9,0,973.6,152,2.3,4.9,50,0,50,53,53,53,53,298,35,23,96
ALT,2008,11,14,9,6.9,75.9,7.6,3,4.89,5.1,19.2,0,974.4,117,0.7,3,147,145,97,53,134,187,50,312,71,23,96
ALT,2008,11,14,10,8.1,68.1,7.3,2.6,4.7,5.5,20,0,973.5,112,1,3.4,238,183,162,88,137,277,83,333,88,23,96
ALT,2008,11,14,11,8.7,65.8,7.4,2.7,4.76,5.9,20.7,0,973.4,360,1.5,4.3,249,126,197,106,103,236,130,336,81,23,96
ALT,2008,11,14,12,8.2,67.6,7.3,2.6,4.7,5.6,20.1,0,973.1,322,2.4,6,291,374,148,83,82,447,242,337,75,23,96
ALT,2008,11,14,13,8.5,67.3,7.5,2.8,4.83,5.8,20.7,0,973.5,316,2.8,4.7,61,3,60,33,32,34,32,335,100,23,96
ALT,2008,11,14,14,8.3,67.9,7.4,2.7,4.76,5.7,20.3,0,974.1,306,2.2,4.2,20,0,20,11,11,10,10,333,100,23,96
ALT,2008,11,14,15,8.2,66.7,7.3,2.4,4.69,5.5,20,0,974.5,306,0.8,2.5,7,0,7,4,4,4,4,331,100,23,96
ALT,2008,11,14,16,8.1,68.5,7.4,2.7,4.76,5.6,20.1,0,974.7,153,0.9,2,0,0,0,0,0,0,0,329,100,23,96
ALT,2008,11,14,17,7.6,74.2,7.8,3.3,5.02,5.6,20.2,0,974.9,135,0.3,1.7,0,0,0,0,0,0,0,327,100,23,96
ALT,2008,11,14,18,7.6,72.8,7.6,3,4.89,5.5,19.9,0,975.1,117,0.2,1.2,0,0,0,0,0,0,0,324,100,23,96
ALT,2008,11,14,19,7.3,74.5,7.6,3.1,4.89,5.3,19.6,0,974.9,135,1.2,2.5,0,0,0,0,0,0,0,321,100,23,96
ALT,2008,11,14,20,6,71.7,6.7,1.3,4.3,3.9,16.8,0,974.9,111,2.6,5.7,0,0,0,0,0,0,0,318,100,23,96
ALT,2008,11,14,21,5.3,72.3,6.4,0.7,4.11,3.3,15.6,0,975.1,103,1.9,4.7,0,0,0,0,0,0,0,315,100,23,96
ALT,2008,11,14,22,4.5,81,6.8,1.5,4.37,3.2,15.5,0,975,140,2.5,4.7,0,0,0,0,0,0,0,312,100,23,96
ALT,2008,11,14,23,4,82.6,6.7,1.3,4.3,2.8,14.8,0,975,152,2.6,4.2,0,0,0,0,0,0,0,309,100,23,96
ALT,2008,11,15,0,3.5,84,6.6,1.1,4.24,2.5,14.1,0,974.6,147,2.4,4.8,0,0,0,0,0,0,0,285,0,22,96
ALT,2008,11,15,1,2.4,88.9,6.5,0.8,4.17,1.7,12.9,0,974.9,173,0.9,3.3,0,0,0,0,0,0,0,284,0,22,96
ALT,2008,11,15,2,2.7,86.4,6.4,0.7,4.11,1.9,13,0,975.1,135,1.2,3.4,0,0,0,0,0,0,0,278,0,22,96
ALT,2008,11,15,3,2.5,88.1,6.5,0.7,4.17,1.7,13,0,974.9,152,2.8,4.3,0,0,0,0,0,0,0,277,0,22,96
ALT,2008,11,15,4,1.9,89.8,6.3,0.4,4.04,1.3,12,0,975.2,157,1.4,2.9,0,0,0,0,0,0,0,277,0,22,96
ALT,2008,11,15,5,1.5,89.7,6.1,0,3.91,0.9,11.3,0,975.4,142,1.2,2,0,0,0,0,0,0,0,276,0,22,96
ALT,2008,11,15,6,2.1,89.3,6.3,0.5,4.04,1.4,12.2,0,975.4,152,2.4,3.3,5,0,5,3,3,3,3,276,0,22,96
ALT,2008,11,15,7,2,89.3,6.3,0.4,4.04,1.3,12.1,0,975.6,150,2.2,3.7,31,0,31,29,29,29,29,283,0,22,96
ALT,2008,11,15,8,1.8,89.6,6.3,0.3,4.04,1.2,11.9,0,975.9,153,0.7,1.8,35,0,35,47,48,48,49,286,0,22,96
ALT,2008,11,15,9,3.4,85.6,6.7,1.2,4.3,2.5,14.2,0,975.9,152,1.5,2.1,335,646,104,65,368,664,67,286,0,22,96
ALT,2008,11,15,10,6.2,77.4,7.3,2.5,4.69,4.5,18,0,976,333,0.5,2.4,398,722,103,71,236,778,74,258,0,22,96
ALT,2008,11,15,11,7.2,74.8,7.6,3,4.88,5.2,19.5,0,975.3,344,0.8,2.5,421,823,81,68,70,863,201,257,0,22,96
ALT,2008,11,15,12,7.5,74.7,7.7,3.3,4.95,5.5,20,0,974.7,291,1.8,4.2,373,788,78,62,63,789,375,259,0,22,96
ALT,2008,11,15,13,6.7,78.8,7.8,3.3,5.02,5.1,19.3,0,974.9,301,2.9,4.6,108,191,45,52,53,220,156,258,0,22,96
ALT,2008,11,15,14,6.1,79.6,7.5,2.8,4.82,4.6,18.2,0,975.2,297,1.1,2.7,33,0,33,33,33,33,33,257,0,22,96
ALT,2008,11,15,15,6.1,80.8,7.6,3.1,4.88,4.7,18.4,0,975.6,315,0.1,1.7,12,0,12,7,7,7,7,260,0,22,96
ALT,2008,11,15,16,6.1,82.8,7.8,3.4,5.01,4.8,18.7,0,975.8,270,0.5,3,0,0,0,0,0,0,0,290,0,22,96
ALT,2008,11,15,17,5.9,82.5,7.6,3.2,4.88,4.7,18.2,0,975.6,169,1.6,4.4,0,0,0,0,0,0,0,289,0,22,96
ALT,2008,11,15,18,5.4,83.5,7.5,2.8,4.82,4.2,17.5,0,975.6,150,1,2,0,0,0,0,0,0,0,292,0,22,96
ALT,2008,11,15,19,4.5,85.2,7.2,2.2,4.62,3.5,16.1,0,975.9,124,1.1,2,0,0,0,0,0,0,0,292,0,22,96
ALT,2008,11,15,20,4.3,87.6,7.3,2.4,4.69,3.5,16.1,0,976,148,1.9,3.8,0,0,0,0,0,0,0,291,0,22,96
ALT,2008,11,15,21,3.7,88.3,7,1.9,4.49,2.9,15,0,976.2,141,1.3,3.9,0,0,0,0,0,0,0,290,0,22,96
ALT,2008,11,15,22,3.8,88.1,7.1,2,4.56,3,15.2,0,976.4,141,1.3,2.6,0,0,0,0,0,0,0,289,0,22,96
ALT,2008,11,15,23,4,87.7,7.2,2.1,4.62,3.2,15.6,0,976.3,146,1.2,2.6,0,0,0,0,0,0,0,287,0,22,96
ALT,2008,11,16,0,3.9,88.2,7.1,2.1,4.56,3.1,15.3,0,976.1,157,0.8,2.8,0,0,0,0,0,0,0,285,0,23,96
ALT,2008,11,16,1,4,87.9,7.1,2.2,4.56,3.2,15.4,0,975.9,135,0.2,1.5,0,0,0,0,0,0,0,285,0,23,96
ALT,2008,11,16,2,3.7,89.3,7.1,2.1,4.56,3,15.1,0,975.9,101,0.6,2.2,0,0,0,0,0,0,0,280,0,23,96
ALT,2008,11,16,3,3.5,90.2,7.1,2,4.56,2.8,14.9,0,976.4,119,1.5,3.1,0,0,0,0,0,0,0,276,0,23,96
ALT,2008,11,16,4,3.8,88.5,7.1,2.1,4.55,3.1,15.2,0,976.7,149,2.2,5.4,0,0,0,0,0,0,0,276,19,23,96
ALT,2008,11,16,5,3.9,88.1,7.1,2.1,4.56,3.1,15.3,0,976.3,179,4.1,6.3,0,0,0,0,0,0,0,276,6,23,96
ALT,2008,11,16,6,3.3,86.8,6.7,1.3,4.3,2.4,14.1,0,976.1,185,2.2,5.5,5,0,5,3,3,3,3,277,0,23,96
ALT,2008,11,16,7,3,87.1,6.6,1.1,4.23,2.2,13.6,0,976.5,117,0.7,2,35,0,35,31,31,31,31,286,25,23,96
ALT,2008,11,16,8,3.6,87.3,6.9,1.7,4.43,2.8,14.7,0,976.6,114,1,3.3,101,0,101,59,57,56,54,293,13,23,96
ALT,2008,11,16,9,4.5,85,7.2,2.2,4.62,3.5,16.1,0,976.6,162,2,4.3,71,0,71,39,38,37,35,269,48,23,96
ALT,2008,11,16,10,5.2,81.5,7.2,2.3,4.62,3.9,16.8,0,976.9,146,0.7,3.3,34,0,34,19,18,18,17,287,100,23,96
ALT,2008,11,16,11,5.5,80.6,7.3,2.4,4.68,4.1,17.3,0,976.5,124,1.1,3.6,31,0,31,17,16,16,15,287,100,23,96
ALT,2008,11,16,12,5.7,79.3,7.3,2.4,4.69,4.2,17.5,0,975.8,98,0.7,3.1,58,1,58,32,31,31,29,321,100,23,96
ALT,2008,11,16,13,5.8,78.7,7.3,2.4,4.69,4.3,17.6,0,976,236,1.1,3.4,96,1,96,53,51,51,49,314,100,23,96
ALT,2008,11,16,14,5.8,79.6,7.4,2.6,4.75,4.3,17.7,0,976.7,284,1.1,3.1,61,0,61,35,34,34,33,313,68,23,96
ALT,2008,11,16,15,5.9,79.5,7.4,2.6,4.75,4.4,17.8,0,977.3,127,0.6,2.7,4,0,4,2,2,2,2,319,74,23,96
ALT,2008,11,16,16,5.9,80.4,7.5,2.8,4.81,4.5,18,0,977.1,180,1.7,3.6,0,0,0,0,0,0,0,318,88,23,96
ALT,2008,11,16,17,5.9,78.3,7.3,2.4,4.68,4.3,17.7,0,977.1,167,1.5,3.3,0,0,0,0,0,0,0,332,100,23,96
ALT,2008,11,16,18,5.7,78,7.1,2.2,4.55,4.1,17.1,0,977,144,2,3.5,0,0,0,0,0,0,0,316,74,23,96
ALT,2008,11,16,19,4.8,80.8,6.9,1.8,4.42,3.5,15.9,0,977.6,90,0.4,2,0,0,0,0,0,0,0,310,75,23,96
ALT,2008,11,16,20,4.7,81.7,7,1.8,4.49,3.4,16,0,977.7,122,1.6,2.7,0,0,0,0,0,0,0,330,100,23,96
ALT,2008,11,16,21,5,82.3,7.2,2.2,4.62,3.8,16.6,0,977.6,151,2.1,4.2,0,0,0,0,0,0,0,329,100,23,96
ALT,2008,11,16,22,5.2,82.1,7.3,2.4,4.68,3.9,17,0,977.1,172,0.7,2.2,0,0,0,0,0,0,0,329,100,23,96
ALT,2008,11,16,23,5,87.3,7.6,3.1,4.88,4.1,17.2,0.1,977.1,270,0.1,0.9,0,0,0,0,0,0,0,329,100,23,96
ALT,2008,11,17,0,4.9,89.1,7.7,3.3,4.94,4.2,17.3,0.3,976.7,0,0,0.1,0,0,0,0,0,0,0,328,100,26,96
ALT,2008,11,17,1,4.8,92.9,8,3.8,5.14,4.3,17.7,1,976.7,0,0,1.2,0,0,0,0,0,0,0,328,100,26,96
ALT,2008,11,17,2,4.7,94.6,8.1,3.9,5.2,4.3,17.8,0.5,976.3,0,0,1,0,0,0,0,0,0,0,329,100,26,96
ALT,2008,11,17,3,4.8,93.5,8.1,3.8,5.21,4.3,17.9,0.8,976,153,0.4,1.4,0,0,0,0,0,0,0,329,100,26,96
ALT,2008,11,17,4,4.8,93.1,8,3.8,5.14,4.3,17.7,0.8,976.2,0,0,1,0,0,0,0,0,0,0,329,100,26,96
ALT,2008,11,17,5,4.9,94.7,8.2,4.1,5.27,4.5,18.1,0.5,976.1,0,0,0,0,0,0,0,0,0,0,327,100,26,96
ALT,2008,11,17,6,5.2,94.1,8.3,4.3,5.33,4.8,18.6,0.7,976.4,90,0.3,1.9,0,0,0,0,0,0,0,330,100,26,96
ALT,2008,11,17,7,5.7,93.6,8.6,4.8,5.53,5.3,19.6,0.4,976.6,27,0.6,1.7,5,0,5,3,3,3,3,331,100,26,96
ALT,2008,11,17,8,6.6,91,8.9,5.2,5.72,5.9,21,0.2,976.6,34,0.6,3.3,12,0,12,6,6,6,6,333,100,26,96
ALT,2008,11,17,9,7.2,88.4,9,5.4,5.79,6.3,21.8,0,976.5,315,1.6,6,24,0,24,13,13,13,12,335,100,26,96
ALT,2008,11,17,10,7.5,88,9.1,5.6,5.85,6.6,22.2,0,976.1,308,4.1,7,22,0,22,12,12,12,11,337,100,26,96
ALT,2008,11,17,11,7.6,86.1,9,5.4,5.79,6.5,22.2,0,975.5,315,3.6,7,21,0,21,12,11,11,11,338,100,26,96
ALT,2008,11,17,12,7.8,85.2,9,5.5,5.8,6.7,22.4,0,974.8,314,3.3,5.1,46,0,46,26,25,25,24,339,100,26,96
ALT,2008,11,17,13,7.9,82.9,8.8,5.2,5.67,6.6,22.2,0,974.5,319,3.1,4.7,17,0,17,9,9,9,9,336,100,26,96
ALT,2008,11,17,14,7.7,84.2,8.8,5.2,5.67,6.5,22,0,974,311,1.8,3.7,10,0,10,6,6,5,5,334,100,26,96
ALT,2008,11,17,15,7.4,84.6,8.7,5,5.61,6.2,21.5,0,973.6,293,0.8,2.5,9,0,9,5,5,5,5,331,63,26,96
ALT,2008,11,17,16,7.2,85.8,8.7,5,5.61,6.1,21.3,0,973.5,360,0.1,1.3,0,0,0,0,0,0,0,301,68,26,96
ALT,2008,11,17,17,7.1,86.4,8.7,5,5.61,6.1,21.2,0,973.1,270,0.1,1.4,0,0,0,0,0,0,0,307,69,26,96
ALT,2008,11,17,18,6.9,88.5,8.8,5.1,5.68,6,21.2,0,972.5,176,1.3,3.6,0,0,0,0,0,0,0,288,33,26,96
ALT,2008,11,17,19,6.1,90.7,8.5,4.7,5.49,5.4,19.9,0,972.1,189,0.8,2.3,0,0,0,0,0,0,0,286,40,26,96
ALT,2008,11,17,20,5.3,89.4,8,3.7,5.16,4.6,18.3,0,971.7,155,2.1,4,0,0,0,0,0,0,0,294,54,26,96
ALT,2008,11,17,21,4.5,87,7.3,2.5,4.71,3.6,16.3,0,970.6,151,3.9,6.3,0,0,0,0,0,0,0,305,94,26,96
ALT,2008,11,17,22,3.9,86.1,7,1.8,4.52,3,15.2,0,970,155,2.2,4.5,0,0,0,0,0,0,0,308,100,26,96
ALT,2008,11,17,23,3.5,88.1,6.9,1.7,4.46,2.7,14.7,0,969.7,138,1.5,2.9,0,0,0,0,0,0,0,306,100,26,96
ALT,2008,11,18,0,3.2,88.2,6.8,1.4,4.4,2.4,14.2,0,968.7,151,3.4,5.8,0,0,0,0,0,0,0,307,100,25,96
ALT,2008,11,18,1,3.4,83.7,6.5,0.9,4.21,2.3,13.9,0,967.4,162,3.3,6.4,0,0,0,0,0,0,0,310,100,25,96
ALT,2008,11,18,2,2.8,88.1,6.6,1,4.27,2,13.5,0,966.9,153,0.9,4.4,0,0,0,0,0,0,0,313,100,25,96
ALT,2008,11,18,3,2.9,88.7,6.7,1.2,4.34,2.2,13.8,0,966.8,180,0.4,2.7,0,0,0,0,0,0,0,316,100,25,96
ALT,2008,11,18,4,3.1,87.4,6.7,1.2,4.34,2.3,14,0,966.4,157,2.9,5.2,0,0,0,0,0,0,0,318,100,25,96
ALT,2008,11,18,5,3.3,85.7,6.6,1.1,4.28,2.4,14,0,965.8,161,1.8,3.1,0,0,0,0,0,0,0,320,100,25,96
ALT,2008,11,18,6,3.4,85.4,6.6,1.2,4.28,2.5,14.1,0,965,159,1.8,4.5,0,0,0,0,0,0,0,322,100,25,96
ALT,2008,11,18,7,3.4,85.6,6.7,1.2,4.35,2.5,14.3,0,965.1,207,0.9,2.9,31,0,31,24,23,23,23,323,100,25,96
ALT,2008,11,18,8,4.1,84.1,6.9,1.7,4.48,3.1,15.3,0,964.8,149,0.7,2.7,36,0,36,20,20,19,19,324,100,25,96
ALT,2008,11,18,9,4.9,81.3,7,2,4.55,3.6,16.3,0,964.8,160,1.2,3.8,68,0,68,38,37,37,35,326,100,25,96
ALT,2008,11,18,10,5.7,76.5,7,1.9,4.55,4,17.1,0,964.4,180,0.5,2.2,62,0,62,35,34,33,32,327,100,25,96
ALT,2008,11,18,11,6,73.9,6.9,1.7,4.49,4.1,17.3,0,963.8,304,0.3,1.9,73,0,73,41,40,39,38,328,100,25,96
ALT,2008,11,18,12,6.4,71.3,6.8,1.6,4.42,4.3,17.5,0,963.4,0,0,0.9,40,0,40,23,22,22,21,329,100,25,96
ALT,2008,11,18,13,6.7,70.1,6.9,1.6,4.49,4.4,18,0,962.9,0,0,0.9,33,0,33,19,18,18,17,328,100,25,96
ALT,2008,11,18,14,6.8,69.3,6.8,1.6,4.42,4.5,17.9,0,963,349,0.5,1.7,51,0,51,29,28,28,27,328,100,25,96
ALT,2008,11,18,15,6.6,73.2,7.1,2.2,4.62,4.6,18.2,0,963.3,326,0.4,2,8,0,8,5,4,4,4,327,100,25,96
ALT,2008,11,18,16,6.3,76.9,7.3,2.6,4.75,4.6,18.2,0,963.5,117,0.2,1.3,0,0,0,0,0,0,0,327,100,25,96
ALT,2008,11,18,17,5.8,85.8,7.9,3.6,5.14,4.8,18.7,0.1,964.1,153,0.6,1.7,0,0,0,0,0,0,0,326,100,25,96
ALT,2008,11,18,18,5.5,89.7,8.1,3.9,5.27,4.8,18.7,0.5,964.7,90,0.1,0.9,0,0,0,0,0,0,0,325,100,25,96
ALT,2008,11,18,19,5.4,92.5,8.3,4.3,5.39,4.9,19,0.6,965.3,108,0.3,1.4,0,0,0,0,0,0,0,324,100,25,96
ALT,2008,11,18,20,5.4,91.9,8.2,4.2,5.33,4.8,18.8,0,965.4,135,0.3,1.5,0,0,0,0,0,0,0,322,100,25,96
ALT,2008,11,18,21,5.4,90.5,8.1,4,5.26,4.7,18.6,0,965.6,169,1.7,4.5,0,0,0,0,0,0,0,316,85,25,96
ALT,2008,11,18,22,4.7,91.8,7.8,3.5,5.07,4.1,17.4,0,965.3,144,1.9,3.5,0,0,0,0,0,0,0,296,13,25,96
ALT,2008,11,18,23,4,91.1,7.4,2.7,4.8,3.4,16,0,965.7,127,1,3.1,0,0,0,0,0,0,0,292,0,25,96
ALT,2008,11,19,0,2.9,92.4,7,1.8,4.54,2.4,14.3,0,966.1,104,0.4,2.2,0,0,0,0,0,0,0,289,20,25,96
ALT,2008,11,19,1,2.6,93.1,6.9,1.6,4.47,2.2,13.8,0,966.9,148,1,1.9,0,0,0,0,0,0,0,296,43,25,96
ALT,2008,11,19,2,3,93,7,2,4.54,2.6,14.4,0,967,156,2.4,4.2,0,0,0,0,0,0,0,297,40,25,96
ALT,2008,11,19,3,3.4,89.5,7,1.8,4.53,2.7,14.8,0,967.3,151,3.6,5.6,0,0,0,0,0,0,0,302,61,25,96
ALT,2008,11,19,4,3.6,87.2,6.9,1.7,4.47,2.8,14.8,0,967.6,157,2.6,5.8,0,0,0,0,0,0,0,316,94,25,96
ALT,2008,11,19,5,3.8,87.2,7,1.9,4.53,3,15.2,0,967.9,159,0.8,3.4,0,0,0,0,0,0,0,316,100,25,96
ALT,2008,11,19,6,3.8,88.9,7.2,2.1,4.66,3.1,15.5,0,968.6,117,0.4,2,2,0,2,1,1,1,1,317,100,25,96
ALT,2008,11,19,7,4.1,88.1,7.2,2.3,4.65,3.3,15.8,0,969.3,153,1.2,2.2,41,0,41,28,28,27,27,318,63,25,96
ALT,2008,11,19,8,4.2,86.8,7.1,2.2,4.59,3.3,15.7,0,969.4,146,1.5,3.6,34,0,34,49,49,50,50,308,19,25,96
ALT,2008,11,19,9,5.1,82.6,7.2,2.4,4.65,3.9,16.8,0,969.4,158,0.6,2,318,633,101,68,366,657,70,298,19,25,96
ALT,2008,11,19,10,7.2,69.5,7,2,4.52,4.8,18.6,0,969.6,135,0.6,2.9,389,763,90,73,244,816,76,287,13,25,96
ALT,2008,11,19,11,8.2,64.3,7,1.9,4.53,5.3,19.6,0,968.6,122,1,3.2,397,783,87,73,88,838,186,268,0,25,96
ALT,2008,11,19,12,9.1,57.8,6.7,1.2,4.33,5.5,20.1,0,968.1,180,0.6,3.1,354,748,85,67,68,768,366,272,19,25,96
ALT,2008,11,19,13,7.7,69.3,7.3,2.4,4.72,5.3,19.6,0,968.3,304,2.6,5.2,117,187,58,57,58,223,157,292,41,25,96
ALT,2008,11,19,14,8,67.2,7.2,2.3,4.66,5.4,19.7,0,968.6,90,0.8,2.9,54,0,54,31,30,29,28,315,71,25,96
ALT,2008,11,19,15,7.8,67.6,7.1,2.2,4.59,5.2,19.4,0,968.7,169,0.6,2.3,10,0,10,6,5,5,5,300,36,25,96
ALT,2008,11,19,16,7.1,69.9,7,2,4.53,4.8,18.5,0,968.9,135,2.4,4.1,0,0,0,0,0,0,0,310,41,25,96
ALT,2008,11,19,17,6.1,75,7.1,2,4.59,4.3,17.6,0,969.5,142,1.6,3.7,0,0,0,0,0,0,0,328,94,25,96
ALT,2008,11,19,18,6.3,73.4,7,1.9,4.52,4.3,17.7,0,969.4,150,2.2,4.4,0,0,0,0,0,0,0,325,94,25,96
ALT,2008,11,19,19,5.8,75.4,7,1.8,4.52,4,17.2,0,969.3,174,2.1,3.6,0,0,0,0,0,0,0,325,94,25,96
ALT,2008,11,19,20,5.4,77.4,6.9,1.8,4.46,3.8,16.6,0,969.3,165,2.1,3.7,0,0,0,0,0,0,0,322,94,25,96
ALT,2008,11,19,21,4.7,79.2,6.7,1.4,4.33,3.3,15.6,0,969.1,155,1.5,3.6,0,0,0,0,0,0,0,322,100,25,96
ALT,2008,11,19,22,4.4,81.6,6.8,1.5,4.39,3.1,15.4,0,969.2,143,1.1,3.2,0,0,0,0,0,0,0,321,100,25,96
ALT,2008,11,19,23,4.1,82,6.7,1.3,4.33,2.9,15,0,969.1,149,2.9,4.5,0,0,0,0,0,0,0,317,78,25,96
ALT,2008,11,20,0,3.8,81.3,6.5,0.9,4.2,2.6,14.3,0,969.1,159,2.6,4.9,0,0,0,0,0,0,0,294,25,24,96
ALT,2008,11,20,1,4,79.8,6.5,0.8,4.2,2.6,14.5,0,969.1,137,2,3.5,0,0,0,0,0,0,0,283,0,24,96
ALT,2008,11,20,2,3.6,80.4,6.4,0.5,4.14,2.3,14,0,968,144,3.5,5.8,0,0,0,0,0,0,0,281,0,24,96
ALT,2008,11,20,3,3.3,80.6,6.2,0.3,4.01,2,13.3,0,968.8,0,2.3,6.6,0,0,0,0,0,0,0,284,13,24,96
ALT,2008,11,20,4,3.6,80.1,6.3,0.5,4.07,2.3,13.8,0,968.9,163,1.3,5.4,0,0,0,0,0,0,0,301,61,24,96
ALT,2008,11,20,5,4.6,75.8,6.5,0.7,4.2,2.9,15.2,0,968.7,155,4.5,7.2,0,0,0,0,0,0,0,305,75,24,96
ALT,2008,11,20,6,4.1,79.4,6.5,0.9,4.2,2.7,14.6,0,969.2,153,1.5,5.9,4,0,4,2,2,2,2,294,48,24,96
ALT,2008,11,20,7,4.2,81,6.7,1.2,4.33,2.9,15.1,0,969.7,153,0.5,2.2,40,0,40,24,24,23,23,305,68,24,96
ALT,2008,11,20,8,5.3,75.1,6.7,1.3,4.33,3.5,16.2,0,969.7,168,3.3,6.9,92,0,92,56,55,54,53,307,68,24,96
ALT,2008,11,20,9,6.3,69,6.6,1,4.27,4,17,0,968.4,162,3.9,6.7,339,722,92,65,391,735,67,287,43,24,96
ALT,2008,11,20,10,7.9,62.8,6.7,1.3,4.33,4.9,18.8,0,968.8,164,2.4,7.1,142,43,125,69,80,112,64,322,94,24,96
ALT,2008,11,20,11,8.4,61.2,6.7,1.4,4.34,5.2,19.3,0,967.7,333,1.7,6.3,386,702,110,77,91,773,181,309,68,24,96
ALT,2008,11,20,12,8.8,58.2,6.6,1,4.28,5.3,19.6,0,966.1,207,0.5,2.9,296,475,123,77,76,532,253,300,58,24,96
ALT,2008,11,20,13,8,63.8,6.8,1.6,4.41,5.1,19.1,0,965.7,270,1,3.3,100,166,48,53,54,202,144,290,39,24,96
ALT,2008,11,20,14,7.5,67.7,7,1.9,4.54,5,18.9,0,966.6,300,3.2,10.4,31,0,31,32,32,32,32,265,19,24,96
ALT,2008,11,20,15,7.5,66.5,6.9,1.7,4.47,4.9,18.8,0,966.1,150,2.2,5.7,9,0,9,6,6,6,6,273,35,24,96
ALT,2008,11,20,16,6,73.9,6.9,1.7,4.47,4.1,17.2,0,967.3,124,1,3.6,0,0,0,0,0,0,0,288,38,24,96
ALT,2008,11,20,17,5.7,75.1,6.9,1.6,4.47,3.9,17,0,966.2,152,2.9,6.5,0,0,0,0,0,0,0,272,38,24,96
ALT,2008,11,20,18,5.5,75.3,6.8,1.5,4.41,3.7,16.6,0,965.3,156,2.9,6.4,0,0,0,0,0,0,0,318,94,24,96
ALT,2008,11,20,19,4.5,80.3,6.7,1.4,4.35,3.2,15.4,0,965.7,135,0.5,2.6,0,0,0,0,0,0,0,318,88,24,96
ALT,2008,11,20,20,5.5,76.4,6.9,1.7,4.47,3.8,16.7,0,966.5,101,1.5,4.2,0,0,0,0,0,0,0,326,100,24,96
ALT,2008,11,20,21,5.6,76.1,6.9,1.7,4.48,3.9,16.9,0,965.5,171,2.7,7.6,0,0,0,0,0,0,0,326,100,24,96
ALT,2008,11,20,22,4.6,81,6.9,1.6,4.47,3.3,15.8,0,966.3,207,0.5,2.1,0,0,0,0,0,0,0,321,88,24,96
ALT,2008,11,20,23,4.8,80.3,6.9,1.7,4.48,3.4,16,0,965.7,146,2,4.3,0,0,0,0,0,0,0,324,100,24,96
ALT,2008,11,21,0,4.6,83.4,7.1,2,4.61,3.4,16.2,0,965.4,140,1.2,3.5,0,0,0,0,0,0,0,324,100,23,96
ALT,2008,11,21,1,5.5,78.3,7.1,2,4.62,3.9,17.1,0,962.7,160,4.3,8.5,0,0,0,0,0,0,0,325,100,23,96
ALT,2008,11,21,2,5.5,78.9,7.1,2.1,4.62,4,17.1,0,962.3,247,1.4,6.4,0,0,0,0,0,0,0,326,100,23,96
ALT,2008,11,21,3,5.6,80.1,7.3,2.4,4.76,4.2,17.6,0,961.5,156,1.4,3.4,0,0,0,0,0,0,0,327,100,23,96
ALT,2008,11,21,4,5.9,79.8,7.4,2.7,4.83,4.4,18,0.3,960.7,161,2.5,4.9,0,0,0,0,0,0,0,328,100,23,96
ALT,2008,11,21,5,5.8,87.2,8,3.8,5.23,4.9,19,1.8,959.3,148,2.4,6.1,0,0,0,0,0,0,0,329,100,23,96
ALT,2008,11,21,6,5.6,90.6,8.2,4.2,5.37,4.9,19.1,2,958.8,147,2.7,4.8,0,0,0,0,0,0,0,330,100,23,96
ALT,2008,11,21,7,5.3,91.8,8.2,4.1,5.37,4.7,18.8,2,958.5,167,3.5,6.3,4,0,4,2,2,2,2,332,100,23,96
ALT,2008,11,21,8,5.2,89.7,7.9,3.6,5.18,4.5,18.2,2.5,957.4,170,4,7.1,10,0,10,6,5,5,5,334,100,23,96
ALT,2008,11,21,9,5,90.1,7.9,3.5,5.18,4.3,18,1.9,956.3,164,2.6,7.4,15,0,15,8,8,8,8,335,100,23,96
ALT,2008,11,21,10,5,92.2,8,3.8,5.25,4.4,18.2,3.4,955.8,180,1.4,3.7,18,0,18,10,9,9,9,337,100,23,96
ALT,2008,11,21,11,5.2,92.8,8.2,4.1,5.39,4.7,18.7,2.6,954.1,160,3,6.1,18,0,18,10,10,9,9,338,100,23,96
ALT,2008,11,21,12,5.6,91.9,8.4,4.4,5.53,5,19.5,2.1,953.1,160,2.5,5.5,16,0,16,9,8,8,8,338,100,23,96
ALT,2008,11,21,13,5.8,91.4,8.4,4.5,5.54,5.2,19.7,0.9,951.4,159,2.1,6.9,12,0,12,6,6,6,6,335,100,23,96
ALT,2008,11,21,14,6,90.9,8.5,4.6,5.62,5.3,20.1,0.3,949.4,186,1.4,7,6,0,6,3,3,3,3,333,100,23,96
ALT,2008,11,21,15,7.4,79.5,8.2,4.1,5.41,5.8,21,5.5,951.7,11,11.6,32.1,1,0,1,0,0,0,0,330,100,23,96
ALT,2008,11,21,16,6.3,77,7.4,2.6,4.87,4.6,18.5,4.5,953.3,14,12.7,25.4,0,0,0,0,0,0,0,327,100,23,96
ALT,2008,11,21,17,6,68.6,6.4,0.7,4.2,3.7,16.6,1.8,954.9,6,10.9,26.1,0,0,0,0,0,0,0,324,100,23,96
ALT,2008,11,21,18,3.2,73.2,5.6,-1.1,3.66,1.5,12.4,2.4,957.3,9,8.8,22.6,0,0,0,0,0,0,0,320,100,23,96
ALT,2008,11,21,19,2.7,70.8,5.2,-2.1,3.4,0.8,11.2,0.2,956.5,34,2.4,12.4,0,0,0,0,0,0,0,316,100,23,96
ALT,2008,11,21,20,1.6,80.9,5.5,-1.3,3.6,0.5,10.6,0,955.5,312,1.5,7.1,0,0,0,0,0,0,0,311,100,23,96
ALT,2008,11,21,21,2.5,72.3,5.3,-2,3.47,0.7,11.2,0.4,954.7,18,6.8,18.6,0,0,0,0,0,0,0,306,100,23,96
ALT,2008,11,21,22,3.8,55.5,4.5,-4.3,2.95,0.8,11.2,0.1,954.2,7,8.6,21.3,0,0,0,0,0,0,0,300,100,23,96
ALT,2008,11,21,23,2.9,67.5,5.1,-2.5,3.34,0.8,11.3,0.5,953.6,21,9.8,23.3,0,0,0,0,0,0,0,294,100,23,96
ALT,2008,11,22,0,3.2,64.2,4.9,-2.9,3.21,0.9,11.3,0.6,952.9,15,10.6,24.6,0,0,0,0,0,0,0,289,100,23,96
ALT,2008,11,22,1,3.8,52.5,4.2,-5,2.75,0.6,10.7,0.2,953.2,14,9.8,25.5,0,0,0,0,0,0,0,288,100,23,96
ALT,2008,11,22,2,3.2,54.7,4.2,-5,2.75,0.2,10.1,0.1,953.4,9,10.1,22.1,0,0,0,0,0,0,0,286,100,23,96
ALT,2008,11,22,3,2.1,67.6,4.8,-3.3,3.15,0.1,10,0.1,952.7,11,9.7,21.3,0,0,0,0,0,0,0,286,100,23,96
ALT,2008,11,22,4,1.9,71.7,5.1,-2.7,3.35,0.2,10.3,0.2,952.3,17,9.8,16.8,0,0,0,0,0,0,0,285,100,23,96
ALT,2008,11,22,5,2.4,68.8,5,-2.7,3.28,0.5,10.6,0.2,952,19,10.8,24,0,0,0,0,0,0,0,284,100,23,96
ALT,2008,11,22,6,3.2,56.9,4.4,-4.5,2.89,0.4,10.4,0.1,952.9,6,11.6,26.9,0,0,0,0,0,0,0,282,100,23,96
ALT,2008,11,22,7,3.1,51.8,3.9,-5.8,2.55,-0.1,9.5,0,954.2,354,10.8,28.7,13,0,13,7,7,7,6,280,100,23,96
ALT,2008,11,22,8,2.6,53.1,3.9,-6,2.55,-0.4,9,0,955.1,347,10,24.5,17,0,17,9,9,9,8,278,100,23,96
ALT,2008,11,22,9,2.1,59.6,4.2,-4.9,2.75,-0.4,9,0,955.1,360,8.3,19.8,18,0,18,10,9,9,9,276,100,23,96
ALT,2008,11,22,10,0.9,72.1,4.7,-3.5,3.08,-0.7,8.6,0.2,954.9,7,8.8,22.8,20,0,20,11,11,11,10,275,100,23,96
ALT,2008,11,22,11,0.8,73.5,4.8,-3.4,3.14,-0.7,8.6,0.4,954.6,11,8.7,18.9,19,0,19,10,10,10,9,273,100,23,96
ALT,2008,11,22,12,1.4,67.7,4.5,-3.9,2.95,-0.5,8.8,0.5,954.5,17,8.4,16.1,17,0,17,9,9,9,8,271,100,23,96
ALT,2008,11,22,13,1.8,56.6,3.9,-5.9,2.55,-0.9,8.2,0,955,12,8.5,17.1,12,0,12,7,7,6,6,270,100,23,96
ALT,2008,11,22,14,1.4,59.6,4,-5.6,2.62,-1,7.9,0,954.9,22,7.9,17.3,6,0,6,3,3,3,3,269,100,23,96
ALT,2008,11,22,15,0.9,64.5,4.2,-5,2.75,-1.2,7.8,0,955.2,28,8.3,17,1,0,1,0,0,0,0,268,100,23,96
ALT,2008,11,22,16,1.2,61.2,4.1,-5.4,2.68,-1.1,7.9,0,955.8,15,8.8,19.5,0,0,0,0,0,0,0,267,100,23,96
ALT,2008,11,22,17,2,49.6,3.5,-7.4,2.29,-1.1,7.7,0,956,351,8.4,21.7,0,0,0,0,0,0,0,265,100,23,96
ALT,2008,11,22,18,1.2,62.1,4.1,-5.2,2.68,-1,7.9,0,956.6,356,7.2,20,0,0,0,0,0,0,0,265,100,23,96
ALT,2008,11,22,19,0.8,66.2,4.3,-4.8,2.81,-1.2,7.8,0,956.4,8,6.9,13.6,0,0,0,0,0,0,0,264,100,23,96
ALT,2008,11,22,20,0.8,68.2,4.4,-4.4,2.88,-1.1,8,0.1,956.2,360,6.3,13.6,0,0,0,0,0,0,0,264,100,23,96
ALT,2008,11,22,21,0.7,70.9,4.5,-4,2.94,-1,8,0,956.1,11,6.8,15.1,0,0,0,0,0,0,0,263,100,23,96
ALT,2008,11,22,22,0.3,75.2,4.7,-3.6,3.07,-1.1,8,0.1,956.5,2,7,16,0,0,0,0,0,0,0,262,100,23,96
ALT,2008,11,22,23,0.5,69.8,4.4,-4.4,2.87,-1.2,7.7,0.1,956.5,4,7,13.7,0,0,0,0,0,0,0,262,100,23,96
ALT,2008,11,23,0,-0.3,81.4,4.9,-3.1,3.2,-1.3,7.7,0.3,957,23,3.9,11,0,0,0,0,0,0,0,261,100,24,96
ALT,2008,11,23,1,0.5,67.8,4.3,-4.7,2.81,-1.3,7.5,0.1,956.9,3,6.2,14.9,0,0,0,0,0,0,0,259,100,24,96
ALT,2008,11,23,2,0.4,66.9,4.2,-5,2.74,-1.5,7.2,0.2,957.3,10,7.6,16,0,0,0,0,0,0,0,257,100,24,96
ALT,2008,11,23,3,0.8,56.2,3.7,-6.9,2.41,-1.8,6.8,0,958.1,9,8.3,17.6,0,0,0,0,0,0,0,254,100,24,96
ALT,2008,11,23,4,0.4,56.9,3.6,-7.1,2.34,-2.1,6.2,0,958.6,21,7.7,13.5,0,0,0,0,0,0,0,252,100,24,96
ALT,2008,11,23,5,-0.5,70.3,4.1,-5.2,2.67,-2.1,6.1,0,959.4,18,6.3,10.8,0,0,0,0,0,0,0,250,100,24,96
ALT,2008,11,23,6,-1.3,78.5,4.4,-4.5,2.86,-2.4,5.8,0.1,960,360,1.3,6.4,0,0,0,0,0,0,0,249,100,24,96
ALT,2008,11,23,7,-1.2,77.6,4.4,-4.6,2.86,-2.4,5.9,0,960.4,295,2.5,6.5,11,0,11,6,6,6,5,249,100,24,96
ALT,2008,11,23,8,-0.9,73.2,4.2,-5.1,2.73,-2.3,5.9,0,960.3,103,1.3,3.3,26,0,26,14,14,14,13,250,100,24,96
ALT,2008,11,23,9,-0.4,68.5,4.1,-5.5,2.67,-2.1,6.2,0,960.1,107,1.1,1.9,72,1,72,39,39,38,36,251,100,24,96
ALT,2008,11,23,10,0.1,62.1,3.8,-6.3,2.47,-2,6.3,0,959.3,94,1.3,3.7,172,65,147,80,95,146,74,251,94,24,96
ALT,2008,11,23,11,0.7,53.9,3.5,-7.6,2.28,-2,6.4,0,957.8,90,2,3.8,248,154,189,102,106,264,127,252,75,24,96
ALT,2008,11,23,12,0.6,62.4,4,-5.7,2.61,-1.6,7.1,0,957.4,297,0.9,2.8,250,251,164,89,87,338,202,255,88,24,96
ALT,2008,11,23,13,0.2,61.7,3.9,-6.3,2.55,-2,6.6,0,955.6,279,0.9,2.2,112,107,80,51,51,150,110,262,84,24,96
ALT,2008,11,23,14,-0.1,62.1,3.8,-6.5,2.49,-2.2,6.1,0,954.1,112,0.7,2.2,29,0,29,16,16,16,15,268,100,24,96
ALT,2008,11,23,15,-0.2,58.6,3.5,-7.3,2.29,-2.5,5.5,0,952.3,117,0.9,4.3,1,0,1,0,0,0,0,276,100,24,96
ALT,2008,11,23,16,-0.3,60.6,3.6,-7,2.37,-2.5,5.6,0,950.3,126,1.5,3.3,0,0,0,0,0,0,0,283,100,24,96
ALT,2008,11,23,17,-0.1,61.7,3.7,-6.6,2.44,-2.2,6,0,948.5,162,0.9,4.1,0,0,0,0,0,0,0,288,100,24,96
ALT,2008,11,23,18,1.3,59.5,4,-5.7,2.64,-1.1,7.9,0,946.7,152,7,22.5,0,0,0,0,0,0,0,290,100,24,96
ALT,2008,11,23,19,1.8,68.9,4.8,-3.3,3.18,-0.1,9.7,0.1,944.2,152,12.4,27.7,0,0,0,0,0,0,0,292,100,24,96
ALT,2008,11,23,20,2.5,63.9,4.6,-3.6,3.05,0.2,10.1,0.1,942.2,156,15.9,28.2,0,0,0,0,0,0,0,293,100,24,96
ALT,2008,11,23,21,3.7,50.1,4,-5.7,2.66,0.3,10.4,0,941,159,16.9,30.6,0,0,0,0,0,0,0,294,100,24,96
ALT,2008,11,23,22,2.8,56.8,4.2,-4.9,2.78,0,9.8,0,942.4,163,15.1,25.7,0,0,0,0,0,0,0,295,100,24,96
ALT,2008,11,23,23,1.2,71.6,4.8,-3.4,3.18,-0.5,9.2,0,942.4,163,14.9,24.8,0,0,0,0,0,0,0,296,100,24,96
ALT,2008,11,24,0,1.3,69.8,4.7,-3.6,3.11,-0.5,9.1,0,943.5,164,12,23.8,0,0,0,0,0,0,0,297,100,24,96
ALT,2008,11,24,1,0.5,80.2,5.1,-2.5,3.39,-0.6,8.9,0.1,942,186,9.9,19.7,0,0,0,0,0,0,0,297,100,24,96
ALT,2008,11,24,2,2.1,62.1,4.4,-4.4,2.92,-0.3,9.4,0,941,205,8.6,16.9,0,0,0,0,0,0,0,297,100,24,96
ALT,2008,11,24,3,1.8,68.1,4.7,-3.4,3.12,-0.1,9.6,0,941,158,3.4,11.2,0,0,0,0,0,0,0,297,100,24,96
ALT,2008,11,24,4,1,82.2,5.4,-1.7,3.59,0,10,0,941.2,97,2.4,5.6,0,0,0,0,0,0,0,296,100,24,96
ALT,2008,11,24,5,0.7,84.9,5.5,-1.5,3.66,-0.1,9.8,0,941.1,117,0.7,2.3,0,0,0,0,0,0,0,296,100,24,96
ALT,2008,11,24,6,0.6,86.4,5.5,-1.4,3.66,-0.2,9.7,0.1,941.2,121,1,2.4,0,0,0,0,0,0,0,291,88,24,96
ALT,2008,11,24,7,0.7,86.1,5.5,-1.4,3.65,-0.1,9.8,0,941.5,143,0.5,1.6,13,0,13,7,7,7,7,297,94,24,96
ALT,2008,11,24,8,1,85,5.6,-1.2,3.72,0.1,10.3,0,942.1,131,1.2,2.5,29,0,29,16,16,15,15,298,100,24,96
ALT,2008,11,24,9,1.7,78.5,5.4,-1.6,3.58,0.4,10.7,0,942.6,143,1.6,2.8,100,42,86,47,65,88,44,297,100,24,96
ALT,2008,11,24,10,1.8,81,5.6,-1.1,3.72,0.7,11.1,0,942.6,120,0.8,3.4,183,153,127,71,123,224,67,295,100,24,96
ALT,2008,11,24,11,2.7,78.3,5.8,-0.7,3.85,1.3,12.3,0,942.7,324,1.6,3.8,72,1,72,40,39,39,37,297,100,24,96
ALT,2008,11,24,12,2.9,79,5.9,-0.4,3.92,1.6,12.7,0,943,327,2.8,4.8,16,0,16,9,9,8,8,297,100,24,96
ALT,2008,11,24,13,1.8,89,6.2,0.2,4.11,1.1,12.1,0.3,943.4,328,1.6,4,18,0,18,10,10,10,9,295,100,24,96
ALT,2008,11,24,14,1.4,91.2,6.2,0.1,4.11,0.9,11.7,0.3,943.8,0,0,1.1,21,0,21,12,11,11,11,293,100,24,96
ALT,2008,11,24,15,1.6,91.2,6.2,0.3,4.11,1.1,11.9,0.5,944.4,144,0.9,3.1,1,0,1,0,0,0,0,292,100,24,96
ALT,2008,11,24,16,1.3,92.1,6.2,0.2,4.11,0.9,11.6,0.4,945.2,163,1.9,3.7,0,0,0,0,0,0,0,294,100,24,96
ALT,2008,11,24,17,1.2,93.1,6.2,0.2,4.1,0.8,11.5,0.1,946.1,231,0.6,2.2,0,0,0,0,0,0,0,292,100,24,96
ALT,2008,11,24,18,1.4,93.2,6.3,0.4,4.17,1,11.8,0.1,946.6,0,0,0.5,0,0,0,0,0,0,0,290,100,24,96
ALT,2008,11,24,19,1.4,92.6,6.3,0.3,4.17,1,11.8,0.1,947,140,0.8,1.6,0,0,0,0,0,0,0,288,100,24,96
ALT,2008,11,24,20,1.3,91.9,6.2,0.1,4.1,0.8,11.5,0,947.1,146,1.2,2.3,0,0,0,0,0,0,0,285,100,24,96
ALT,2008,11,24,21,1.5,91.6,6.2,0.3,4.1,1,11.7,0,947.7,153,0.8,2.1,0,0,0,0,0,0,0,283,100,24,96
ALT,2008,11,24,22,1.6,91.3,6.3,0.3,4.16,1.1,12,0,948.5,145,1.2,2.4,0,0,0,0,0,0,0,280,100,24,96
ALT,2008,11,24,23,1.5,93.3,6.3,0.5,4.16,1.1,11.9,0,949.1,162,0.5,1.4,0,0,0,0,0,0,0,277,100,24,96
ALT,2008,11,25,0,1.8,91.2,6.3,0.5,4.15,1.3,12.2,0,949.5,159,0.8,2.2,0,0,0,0,0,0,0,276,100,24,96
ALT,2008,11,25,1,1.7,90,6.2,0.2,4.09,1.1,11.9,0,950.2,160,1.5,3,0,0,0,0,0,0,0,275,100,24,96
ALT,2008,11,25,2,1.6,89.6,6.2,0.1,4.08,1,11.8,0,950.9,162,1,2.8,0,0,0,0,0,0,0,274,100,24,96
ALT,2008,11,25,3,1.5,89.2,6.1,-0.1,4.01,0.9,11.5,0.1,951.2,140,0.8,2,0,0,0,0,0,0,0,274,100,24,96
ALT,2008,11,25,4,1.5,91,6.2,0.2,4.08,1,11.7,0,951.7,180,0.1,1.1,0,0,0,0,0,0,0,274,100,24,96
ALT,2008,11,25,5,1.8,90,6.2,0.3,4.08,1.2,12,0,952.4,121,0.6,2.1,0,0,0,0,0,0,0,274,100,24,96
ALT,2008,11,25,6,2,87.4,6.1,0.1,4.01,1.2,12,0,953.2,11,0.9,4.3,0,0,0,0,0,0,0,274,100,24,96
ALT,2008,11,25,7,2,86,6.1,-0.1,4,1.1,12,0,954.5,108,0.7,3.5,19,0,19,11,11,10,10,274,100,24,96
ALT,2008,11,25,8,2.3,83,6,-0.3,3.93,1.2,12.1,0,955.5,270,0.4,2.4,67,0,67,37,36,36,34,274,100,24,96
ALT,2008,11,25,9,2.8,80.2,6,-0.3,3.93,1.5,12.6,0,956.3,11,0.9,3.3,95,33,85,47,64,76,43,274,94,24,96
ALT,2008,11,25,10,3,78.2,5.9,-0.4,3.86,1.6,12.7,0,957,324,3.1,8.4,25,0,25,14,13,13,12,274,100,24,96
ALT,2008,11,25,11,3,76.2,5.8,-0.8,3.79,1.5,12.5,0,957.6,334,5.7,9.8,96,2,95,52,51,52,48,274,100,24,96
ALT,2008,11,25,12,3,75.4,5.7,-0.9,3.72,1.4,12.3,0,958.3,342,6.3,10.1,19,0,19,10,10,10,9,274,100,24,96
ALT,2008,11,25,13,2.9,77.8,5.9,-0.6,3.85,1.5,12.5,0,959,3,2.1,6.7,16,0,16,9,9,9,8,272,100,24,96
ALT,2008,11,25,14,2.6,76.2,5.6,-1.2,3.65,1.1,11.7,0,960,350,3.6,8,6,0,6,3,3,3,3,270,100,24,96
ALT,2008,11,25,15,2.4,75.4,5.5,-1.5,3.58,0.9,11.4,0,961.1,345,5.4,9.1,1,0,1,0,0,0,0,268,100,24,96
ALT,2008,11,25,16,2.4,73.2,5.3,-1.9,3.45,0.7,11,0,961.8,360,4.2,8.5,0,0,0,0,0,0,0,266,100,24,96
ALT,2008,11,25,17,2.2,73.1,5.3,-2.1,3.44,0.5,10.8,0,962.8,353,2.4,6.1,0,0,0,0,0,0,0,265,100,24,96
ALT,2008,11,25,18,2.1,74.1,5.3,-2,3.44,0.5,10.7,0,963.7,355,2.2,6.2,0,0,0,0,0,0,0,263,100,24,96
ALT,2008,11,25,19,2.1,71.6,5.1,-2.5,3.31,0.3,10.4,0,964.7,344,3.8,7.7,0,0,0,0,0,0,0,263,100,24,96
ALT,2008,11,25,20,1.9,74.8,5.2,-2.1,3.37,0.4,10.3,0,965.5,3,2.2,7.4,0,0,0,0,0,0,0,263,100,24,96
ALT,2008,11,25,21,1.9,71.1,5,-2.8,3.23,0.1,10,0,966.4,342,2.7,7,0,0,0,0,0,0,0,263,100,24,96
ALT,2008,11,25,22,1.6,74.3,5.1,-2.5,3.3,0,9.8,0,966.6,351,1.3,3.4,0,0,0,0,0,0,0,263,100,24,96
ALT,2008,11,25,23,1.5,75.2,5.1,-2.4,3.3,0,9.7,0,967.3,7,1,4.8,0,0,0,0,0,0,0,263,100,24,96
ALT,2008,11,26,0,1,67.1,4.4,-4.4,2.84,-0.9,8.1,0,967.8,90,2.1,5.2,0,0,0,0,0,0,0,262,100,27,96
ALT,2008,11,26,1,0.3,64.9,4.1,-5.5,2.64,-1.7,6.9,0,968.4,92,3.4,6.4,0,0,0,0,0,0,0,261,100,27,96
ALT,2008,11,26,2,0.1,62.3,3.8,-6.2,2.45,-2,6.2,0,968.6,90,4.2,6.7,0,0,0,0,0,0,0,260,100,27,96
ALT,2008,11,26,3,-0.2,63.9,3.8,-6.2,2.45,-2.2,5.9,0,969.2,95,3.7,6.5,0,0,0,0,0,0,0,259,94,27,96
ALT,2008,11,26,4,-0.6,65.6,3.8,-6.2,2.45,-2.5,5.5,0,969.7,93,1.7,4.8,0,0,0,0,0,0,0,258,61,27,96
ALT,2008,11,26,5,-1.1,65.1,3.7,-6.8,2.38,-2.9,4.8,0,970.2,101,3.1,6.3,0,0,0,0,0,0,0,257,25,27,96
ALT,2008,11,26,6,-1.6,68.3,3.7,-6.7,2.38,-3.2,4.3,0,970.7,103,3.1,5.4,0,0,0,0,0,0,0,257,46,27,96
ALT,2008,11,26,7,-1.5,65.5,3.6,-7.1,2.31,-3.3,4.2,0,971.4,106,3.8,6.6,27,0,27,24,24,24,24,260,48,27,96
ALT,2008,11,26,8,-1.6,67.5,3.7,-6.8,2.38,-3.3,4.3,0,972.1,103,3.2,5.8,43,0,43,50,50,50,50,263,6,27,96
ALT,2008,11,26,9,-1,66.1,3.8,-6.5,2.44,-2.8,5.1,0,972.4,99,2.6,4.7,322,720,92,68,397,740,70,265,0,27,96
ALT,2008,11,26,10,0.4,63.2,4,-5.8,2.57,-1.7,6.8,0,972.7,94,1.3,3.5,383,819,82,73,256,874,78,268,0,27,96
ALT,2008,11,26,11,1.7,59,4.1,-5.4,2.64,-0.8,8.3,0,971.6,120,1.4,3.4,366,676,114,80,97,762,182,271,6,27,96
ALT,2008,11,26,12,2,58,4.1,-5.4,2.64,-0.6,8.6,0,971.1,90,0.8,2.8,332,702,96,71,72,741,352,273,13,27,96
ALT,2008,11,26,13,1.2,63.5,4.2,-4.9,2.7,-1,7.9,0,971.8,297,2.8,4.2,102,191,46,56,57,228,156,270,13,27,96
ALT,2008,11,26,14,0.7,67,4.3,-4.7,2.76,-1.2,7.6,0,972.5,236,1.1,3.5,37,0,37,34,33,33,33,269,29,27,96
ALT,2008,11,26,15,0.2,68,4.2,-5,2.7,-1.6,6.9,0,972.6,119,2.1,4.3,6,0,6,3,3,3,3,267,19,27,96
ALT,2008,11,26,16,-0.8,67.6,3.9,-6,2.5,-2.5,5.4,0,972.8,99,3.2,5.6,0,0,0,0,0,0,0,266,25,27,96
ALT,2008,11,26,17,-1.2,69.9,3.9,-6,2.5,-2.8,5,0,973.4,107,1.7,4.5,0,0,0,0,0,0,0,264,33,27,96
ALT,2008,11,26,18,-1.1,72.5,4.1,-5.4,2.63,-2.5,5.4,0,973.6,132,2.8,4.9,0,0,0,0,0,0,0,264,23,27,96
ALT,2008,11,26,19,-1.5,70.4,3.9,-6.2,2.5,-3,4.7,0,973.7,103,2.2,4.1,0,0,0,0,0,0,0,265,0,27,96
ALT,2008,11,26,20,-1.7,71.4,3.9,-6.2,2.5,-3.2,4.5,0,973.6,109,1.8,4.2,0,0,0,0,0,0,0,267,0,27,96
ALT,2008,11,26,21,-2.2,74.8,3.9,-6.1,2.5,-3.5,4,0,973.6,105,1.6,3.2,0,0,0,0,0,0,0,268,0,27,96
ALT,2008,11,26,22,-2.6,79.7,4,-5.6,2.57,-3.6,3.8,0,973.6,131,1.9,3.4,0,0,0,0,0,0,0,270,0,27,96
ALT,2008,11,26,23,-2.7,78.9,4,-5.8,2.57,-3.7,3.7,0,973.4,117,1.6,3.2,0,0,0,0,0,0,0,271,0,27,96
ALT,2008,11,27,0,-3,82.5,4.1,-5.6,2.63,-3.8,3.5,0,972.9,128,1.7,2.8,0,0,0,0,0,0,0,271,0,28,96
ALT,2008,11,27,1,-2.8,80.7,4,-5.6,2.57,-3.7,3.6,0,972.4,129,1.5,3.1,0,0,0,0,0,0,0,270,0,28,96
ALT,2008,11,27,2,-3.3,83.2,4,-5.7,2.57,-4.1,3.1,0,971.9,132,1.3,2.4,0,0,0,0,0,0,0,269,0,28,96
ALT,2008,11,27,3,-4,86.6,3.9,-5.9,2.51,-4.6,2.2,0,971.8,125,1.3,3.1,0,0,0,0,0,0,0,268,0,28,96
ALT,2008,11,27,4,-3.5,84.7,4,-5.7,2.57,-4.2,2.9,0,971.9,133,1.8,3.1,0,0,0,0,0,0,0,267,0,28,96
ALT,2008,11,27,5,-3.1,84.9,4.1,-5.3,2.64,-3.8,3.4,0,971.7,128,2.3,3.6,0,0,0,0,0,0,0,267,25,28,96
ALT,2008,11,27,6,-2.7,82.6,4.1,-5.2,2.64,-3.5,3.8,0,971.7,130,2.3,4.4,0,0,0,0,0,0,0,267,29,28,96
ALT,2008,11,27,7,-2.3,80.1,4.1,-5.3,2.64,-3.3,4.2,0,971.7,122,2,5.6,29,0,29,26,26,26,26,270,29,28,96
ALT,2008,11,27,8,-2.4,77.9,4,-5.7,2.57,-3.5,4,0,971.4,124,2.2,4.1,43,0,43,51,51,51,51,263,25,28,96
ALT,2008,11,27,9,-2.3,73.3,3.8,-6.4,2.44,-3.6,3.8,0,971.3,122,1.5,4.6,304,686,88,68,383,705,71,266,13,28,96
ALT,2008,11,27,10,-0.9,71.2,4.1,-5.5,2.64,-2.4,5.7,0,970.5,121,1.2,2.3,355,673,110,81,246,753,84,270,25,28,96
ALT,2008,11,27,11,0.3,67.1,4.2,-5.1,2.71,-1.6,7,0,969.5,127,1,2.6,377,753,98,80,97,831,189,267,13,28,96
ALT,2008,11,27,12,1.1,64.3,4.3,-4.9,2.77,-1,8,0,968.7,261,0.8,3.1,341,766,84,71,73,799,366,272,6,28,96
ALT,2008,11,27,13,0.5,70.2,4.5,-4.3,2.9,-1.2,7.7,0,968.2,279,1.3,2.8,108,189,52,62,63,234,163,275,19,28,96
ALT,2008,11,27,14,0.4,68.6,4.3,-4.7,2.78,-1.4,7.3,0,968,194,0.8,2.4,33,0,33,34,34,34,34,274,13,28,96
ALT,2008,11,27,15,-0.3,74,4.4,-4.4,2.84,-1.7,6.8,0,967.4,149,1.8,3.2,6,0,6,4,4,3,3,270,6,28,96
ALT,2008,11,27,16,-0.8,76.5,4.4,-4.4,2.84,-2.1,6.3,0,967.1,153,1.3,3.1,0,0,0,0,0,0,0,267,0,28,96
ALT,2008,11,27,17,-1.9,81.6,4.3,-4.6,2.78,-2.8,5,0,966.8,135,0.8,1.8,0,0,0,0,0,0,0,264,0,28,96
ALT,2008,11,27,18,-1.8,82,4.4,-4.5,2.85,-2.7,5.3,0,966.2,145,1.3,3,0,0,0,0,0,0,0,261,0,28,96
ALT,2008,11,27,19,-2.3,83.8,4.3,-4.7,2.78,-3.1,4.6,0,965.8,135,0.7,2.2,0,0,0,0,0,0,0,259,0,28,96
ALT,2008,11,27,20,-2.5,84.5,4.3,-4.7,2.78,-3.2,4.4,0,965.3,151,1.1,3.6,0,0,0,0,0,0,0,257,0,28,96
ALT,2008,11,27,21,-2.7,85.1,4.3,-4.9,2.78,-3.4,4.2,0,965,162,0.4,2.5,0,0,0,0,0,0,0,255,0,28,96
ALT,2008,11,27,22,-3.4,86.6,4.1,-5.3,2.66,-4,3.2,0,964,146,0.5,3.5,0,0,0,0,0,0,0,253,0,28,96
ALT,2008,11,27,23,-2.8,85.6,4.3,-4.9,2.79,-3.5,4.1,0,963,34,0.5,4.7,0,0,0,0,0,0,0,248,25,28,96
ALT,2008,11,28,0,-2.2,87.1,4.5,-4.1,2.92,-2.9,5.1,0,962.1,318,1.3,4.7,0,0,0,0,0,0,0,251,94,29,96
ALT,2008,11,28,1,-1.5,86.3,4.8,-3.5,3.12,-2.2,6.3,0,961.3,301,0.8,4.3,0,0,0,0,0,0,0,249,68,29,96
ALT,2008,11,28,2,-1.6,86.7,4.7,-3.5,3.06,-2.3,6,0,959.9,320,2.5,7.3,0,0,0,0,0,0,0,259,88,29,96
ALT,2008,11,28,3,0,82.7,5,-2.6,3.26,-1,8.1,0,958.5,323,5.9,10.6,0,0,0,0,0,0,0,251,41,29,96
ALT,2008,11,28,4,0.1,81.1,5,-2.7,3.26,-0.9,8.2,0,957.6,327,5.8,9.3,0,0,0,0,0,0,0,278,90,29,96
ALT,2008,11,28,5,-0.1,81.5,5,-2.9,3.27,-1.1,8,0,956.8,337,3.3,6.7,0,0,0,0,0,0,0,284,100,29,96
ALT,2008,11,28,6,-0.1,82.8,5,-2.7,3.27,-1.1,8.1,0,955.7,347,2.9,6.3,0,0,0,0,0,0,0,283,84,29,96
ALT,2008,11,28,7,-0.4,82.8,4.9,-3,3.21,-1.3,7.6,0,954.8,6,1.1,4.6,7,0,7,4,4,4,4,291,94,29,96
ALT,2008,11,28,8,0.3,80.8,5,-2.6,3.28,-0.8,8.5,0,954,331,2.9,7,54,0,54,32,31,31,30,295,100,29,96
ALT,2008,11,28,9,1,80.4,5.3,-2,3.48,-0.1,9.7,0,952.8,333,2.9,6.1,160,110,126,74,129,179,70,298,94,29,96
ALT,2008,11,28,10,1.4,80.8,5.5,-1.5,3.62,0.3,10.4,0,951,330,3,6.4,208,264,116,73,160,335,71,300,94,29,96
ALT,2008,11,28,11,1.2,82.7,5.5,-1.4,3.62,0.2,10.3,0,949.7,328,3.7,6.4,70,11,66,38,39,49,36,305,100,29,96
ALT,2008,11,28,12,1.4,83.3,5.6,-1.1,3.69,0.4,10.6,0,948.3,331,4.9,8.4,52,0,52,30,29,29,28,308,100,29,96
ALT,2008,11,28,13,3,76.9,5.8,-0.6,3.84,1.5,12.6,0,946.2,330,3.2,12,43,3,42,25,24,27,25,308,100,29,96
ALT,2008,11,28,14,1.8,80,5.6,-1.3,3.7,0.6,11.1,0,946.2,327,7.9,12.5,37,0,37,23,23,22,22,306,78,29,96
ALT,2008,11,28,15,1,79.3,5.2,-2.2,3.44,-0.2,9.6,0,946,328,7.4,11.1,4,0,4,3,3,2,2,309,88,29,96
ALT,2008,11,28,16,0.7,78.4,5.1,-2.6,3.37,-0.5,9.1,0,946.2,331,6.2,10.4,0,0,0,0,0,0,0,309,100,29,96
ALT,2008,11,28,17,0.4,79.2,5,-2.8,3.3,-0.8,8.6,0,946.6,326,4,6.9,0,0,0,0,0,0,0,307,81,29,96
ALT,2008,11,28,18,0.4,80,5.1,-2.6,3.37,-0.7,8.8,0,946.9,288,0.5,4,0,0,0,0,0,0,0,310,100,29,96
ALT,2008,11,28,19,0.5,80.9,5.1,-2.4,3.37,-0.6,8.9,0,946.8,135,0.7,2.3,0,0,0,0,0,0,0,298,54,29,96
ALT,2008,11,28,20,0.2,82.7,5.1,-2.4,3.37,-0.8,8.6,0,946.6,156,1.2,2.6,0,0,0,0,0,0,0,307,84,29,96
ALT,2008,11,28,21,0,83.9,5.1,-2.4,3.37,-0.9,8.4,0,946.3,167,1.2,3.5,0,0,0,0,0,0,0,308,81,29,96
ALT,2008,11,28,22,-0.4,85.6,5.1,-2.5,3.37,-1.2,8,0,946.4,45,1.2,2.6,0,0,0,0,0,0,0,310,90,29,96
ALT,2008,11,28,23,-0.3,85.2,5.1,-2.5,3.37,-1.1,8.1,0,946.4,144,0.9,2.4,0,0,0,0,0,0,0,308,68,29,96
ALT,2008,11,29,0,-0.4,85.5,5.1,-2.5,3.37,-1.2,8,0,946.2,148,1.6,2.9,0,0,0,0,0,0,0,310,84,28,96
ALT,2008,11,29,1,-0.3,86.6,5.1,-2.3,3.37,-1,8.1,0,946,131,1.2,2.2,0,0,0,0,0,0,0,310,100,28,96
ALT,2008,11,29,2,0,85.7,5.2,-2.1,3.44,-0.8,8.6,0,945.3,158,1.2,2.1,0,0,0,0,0,0,0,309,100,28,96
ALT,2008,11,29,3,-0.2,88.2,5.3,-1.9,3.51,-0.8,8.5,0,945,180,0.5,1.5,0,0,0,0,0,0,0,309,100,28,96
ALT,2008,11,29,4,0.1,85.5,5.3,-2,3.51,-0.7,8.8,0,945.3,103,1,2.1,0,0,0,0,0,0,0,306,88,28,96
ALT,2008,11,29,5,0.2,85.5,5.3,-1.9,3.51,-0.6,8.9,0,945.7,157,1.5,4.8,0,0,0,0,0,0,0,306,88,28,96
ALT,2008,11,29,6,0.5,84.1,5.3,-1.9,3.51,-0.4,9.3,0,945,156,3,4.9,0,0,0,0,0,0,0,306,88,28,96
ALT,2008,11,29,7,0.2,85.8,5.3,-1.9,3.51,-0.6,9,0,944.6,148,1.4,4.6,25,0,25,21,21,21,21,302,54,28,96
ALT,2008,11,29,8,0,87.7,5.4,-1.8,3.57,-0.7,8.9,0,945,360,0.3,1.6,45,0,45,49,49,49,49,300,45,28,96
ALT,2008,11,29,9,0.8,84.8,5.5,-1.5,3.64,-0.1,9.9,0,945.2,140,0.7,2,261,489,114,73,314,532,73,298,45,28,96
ALT,2008,11,29,10,2.6,80,5.9,-0.5,3.91,1.3,12.4,0,944.4,142,1.2,3,114,95,81,47,81,143,45,316,94,28,96
ALT,2008,11,29,11,3.7,75.6,6,-0.2,3.98,2.1,13.7,0,944.2,315,0.7,2.8,204,263,108,69,68,332,121,308,80,28,96
ALT,2008,11,29,12,4.6,76.3,6.5,0.8,4.31,3,15.4,0,943.7,297,1.7,3.5,331,764,79,68,69,792,355,296,20,28,96
ALT,2008,11,29,13,3.5,79.5,6.2,0.3,4.12,2.2,13.8,0,942.9,283,1.4,3.9,110,183,57,57,57,222,151,305,39,28,96
ALT,2008,11,29,14,3.1,78.9,6,-0.2,3.98,1.7,13.1,0,943,172,0.8,2.8,26,0,26,16,15,15,14,312,81,28,96
ALT,2008,11,29,15,2.8,80.1,6,-0.3,3.98,1.5,12.8,0,943,315,1.8,5.3,5,0,5,3,3,3,3,313,64,28,96
ALT,2008,11,29,16,4.8,66.6,5.5,-0.9,3.65,2.5,14,0,942.2,164,3.6,16.5,0,0,0,0,0,0,0,315,100,28,96
ALT,2008,11,29,17,10.1,35.4,4.4,-4.5,2.92,4.2,17.5,0,941.9,149,12.5,22.3,0,0,0,0,0,0,0,314,100,28,96
ALT,2008,11,29,18,10.3,33.3,4.2,-5.1,2.79,4.1,17.4,0,941.1,147,11.2,19.3,0,0,0,0,0,0,0,314,100,28,96
ALT,2008,11,29,19,10.5,31.7,4,-5.6,2.66,4.1,17.2,0,939.8,138,10.4,23.1,0,0,0,0,0,0,0,315,100,28,96
ALT,2008,11,29,20,10.5,33.2,4.2,-5,2.79,4.3,17.6,0,939.7,141,13.1,25,0,0,0,0,0,0,0,316,100,28,96
ALT,2008,11,29,21,10.1,37.9,4.7,-3.6,3.13,4.4,18,0,938.8,141,13.1,22.1,0,0,0,0,0,0,0,317,100,28,96
ALT,2008,11,29,22,9.2,46.2,5.4,-1.7,3.6,4.6,18.3,0,938.3,142,13.7,25.8,0,0,0,0,0,0,0,317,100,28,96
ALT,2008,11,29,23,9.2,48.4,5.6,-1.1,3.73,4.8,18.6,0,940,144,11.7,22,0,0,0,0,0,0,0,318,100,28,96
ALT,2008,11,30,0,7.1,63.9,6.4,0.7,4.26,4.3,17.8,0,940.7,202,9.9,18,0,0,0,0,0,0,0,318,100,28,96
ALT,2008,11,30,1,6.9,65.2,6.5,0.8,4.33,4.2,17.8,0,941.1,207,8.7,16.8,0,0,0,0,0,0,0,316,100,28,96
ALT,2008,11,30,2,6.5,67.7,6.6,1,4.39,4.1,17.6,0,941.3,154,4.5,9.3,0,0,0,0,0,0,0,313,100,28,96
ALT,2008,11,30,3,6.2,70.1,6.7,1.2,4.45,4,17.4,0,942.4,130,3.3,7.2,0,0,0,0,0,0,0,311,100,28,96
ALT,2008,11,30,4,5.9,69.7,6.4,0.8,4.25,3.7,16.6,0,942.1,130,2.4,7.3,0,0,0,0,0,0,0,308,71,28,96
ALT,2008,11,30,5,7.6,50.1,5.2,-2.1,3.45,3.6,16.3,0,942.1,159,6.2,13.2,0,0,0,0,0,0,0,292,73,28,96
ALT,2008,11,30,6,7.6,46.3,4.8,-3.2,3.18,3.2,15.6,0,942.7,171,8.2,16.4,0,0,0,0,0,0,0,299,85,28,96
ALT,2008,11,30,7,8.8,36.1,4.1,-5.4,2.71,3.3,15.7,0,943.9,149,8.7,15.6,19,0,19,16,16,16,16,297,69,28,96
ALT,2008,11,30,8,9.1,34.4,4,-5.8,2.65,3.3,15.8,0,943.9,143,8.3,16,36,0,36,48,48,48,49,282,25,28,96
ALT,2008,11,30,9,9.9,30.1,3.7,-6.8,2.45,3.5,16.1,0,944.4,137,7.6,15.3,286,633,93,67,362,658,68,283,29,28,96
ALT,2008,11,30,10,11,28.6,3.8,-6.5,2.51,4.1,17.4,0,944.1,141,7.2,16.2,367,732,106,80,256,811,83,291,41,28,96
ALT,2008,11,30,11,10.6,30.7,3.9,-5.9,2.58,4.1,17.2,0,944.2,153,10.3,21.1,356,665,115,82,98,755,183,302,61,28,96
ALT,2008,11,30,12,10,34.3,4.2,-5,2.78,4,17,0,944.3,148,12,21.6,266,410,128,80,80,485,231,307,69,28,96
ALT,2008,11,30,13,8.9,42.5,4.8,-3.1,3.18,4,16.9,0,944.6,146,12.1,22,56,0,56,33,32,32,31,310,94,28,96
ALT,2008,11,30,14,8.2,47.7,5.2,-2.2,3.44,3.9,16.9,0,944.7,166,9.5,19.8,22,0,22,12,12,12,11,310,100,28,96
ALT,2008,11,30,15,8.6,42.7,4.8,-3.4,3.17,3.7,16.6,0,945.5,164,8.4,15.3,0,0,0,0,0,0,0,306,90,28,96
ALT,2008,11,30,16,8.1,44,4.8,-3.4,3.16,3.5,16.1,0,945.8,157,8.2,16.2,0,0,0,0,0,0,0,302,61,28,96
ALT,2008,11,30,17,8,43,4.6,-3.8,3.06,3.3,15.8,0,946,176,6.9,16.3,0,0,0,0,0,0,0,299,100,28,96
ALT,2008,11,30,18,8.2,41.2,4.5,-4.2,2.97,3.3,15.7,0,946,155,7.4,17.6,0,0,0,0,0,0,0,292,94,28,96
ALT,2008,11,30,19,8.3,39.8,4.4,-4.6,2.89,3.2,15.6,0,945.9,157,7.2,19,0,0,0,0,0,0,0,299,100,28,96
ALT,2008,11,30,20,8.2,41.4,4.4,-4.5,2.92,3.2,15.6,0,946.2,175,4.7,12.5,0,0,0,0,0,0,0,301,100,28,96
ALT,2008,11,30,21,7.8,45.4,4.6,-4,3.05,3.2,15.5,0.2,947.4,177,5.2,12,0,0,0,0,0,0,0,303,100,28,96
ALT,2008,11,30,22,7.4,49,4.8,-3.5,3.16,3.1,15.4,0,948.7,149,6.4,15.4,0,0,0,0,0,0,0,305,100,28,96
ALT,2008,11,30,23,6.7,55.7,5.2,-2.6,3.39,3,15.3,0,950.7,157,7.5,15.3,0,0,0,0,0,0,0,306,100,28,96
ALT,1996,12,1,0,6,62.4,5.5,-1.7,3.61,2.9,15.1,0.4,953,283,2.3,6.2,0,0,0,0,0,0,0,284,100,34,96
ALT,1996,12,1,1,5.2,68.6,5.8,-0.9,3.82,2.8,14.8,0.2,955.5,326,2.6,10.2,0,0,0,0,0,0,0,281,100,34,96
ALT,1996,12,1,2,4.7,71.9,6,-0.5,3.91,2.6,14.5,0.9,957.7,343,5.1,11.3,0,0,0,0,0,0,0,278,100,34,96
ALT,1996,12,1,3,4,75.2,6.1,-0.2,3.97,2.3,14,0.8,960,12,8.5,15.6,0,0,0,0,0,0,0,276,100,34,96
ALT,1996,12,1,4,3.8,75.4,6.1,-0.2,3.95,2.1,13.7,0.2,961.8,13,6.8,13.2,0,0,0,0,0,0,0,274,100,34,96
ALT,1996,12,1,5,3.6,73,5.8,-0.8,3.77,1.8,13.1,0.6,963.1,10,6.5,13.9,0,0,0,0,0,0,0,271,100,34,96
ALT,1996,12,1,6,3.4,69.9,5.5,-1.6,3.55,1.4,12.3,0.1,964.5,7,7,14.5,0,0,0,0,0,0,0,270,100,34,96
ALT,1996,12,1,7,3.3,66.5,5.1,-2.4,3.33,1.1,11.6,0,965.8,17,7.6,12.8,8,0,8,5,5,5,5,270,100,34,96
ALT,1996,12,1,8,3.2,61.7,4.7,-3.4,3.04,0.7,10.8,0,966.5,25,6.3,12.1,49,0,49,30,30,29,28,270,100,34,96
ALT,1996,12,1,9,3.3,61.9,4.8,-3.3,3.1,0.8,11.1,0,968,14,6.9,12.8,21,0,21,13,12,12,12,270,100,34,96
ALT,1996,12,1,10,3.5,58.8,4.6,-3.8,2.97,0.8,10.9,0,968.4,8,4.9,11.6,47,0,47,29,28,28,27,271,100,34,96
ALT,1996,12,1,11,3.9,57.5,4.7,-3.7,3.04,1,11.5,0,967.9,335,3.9,8.4,26,0,26,16,16,16,15,271,100,34,96
ALT,1996,12,1,12,3.6,61.4,4.9,-3.1,3.16,1,11.5,0,968.4,304,6.1,11.4,22,0,22,14,13,13,13,271,100,34,96
ALT,1996,12,1,13,3.4,64.8,5.1,-2.6,3.29,1.1,11.7,0,968.4,300,3.4,6.7,43,0,43,27,26,26,25,261,60,34,96
ALT,1996,12,1,14,2.9,66.7,5,-2.7,3.23,0.7,11,0.1,968.8,317,2.4,5.7,21,0,21,17,16,16,16,265,75,34,96
ALT,1996,12,1,15,2,71.6,5,-2.6,3.23,0.2,10.1,0,969.2,117,1.9,3.8,0,0,0,0,0,0,0,269,88,34,96
ALT,1996,12,1,16,1.4,72.2,4.9,-3,3.16,-0.2,9.3,0,969.1,109,2.8,5.3,0,0,0,0,0,0,0,263,68,34,96
ALT,1996,12,1,17,1.3,73.7,5,-2.9,3.23,-0.3,9.4,0,968.5,133,2.5,5.9,0,0,0,0,0,0,0,270,88,34,96
ALT,1996,12,1,18,1.2,73.1,4.9,-3.1,3.16,-0.4,9.1,0,968.4,143,1.5,3,0,0,0,0,0,0,0,263,63,34,96
ALT,1996,12,1,19,0.4,79.1,5,-2.8,3.23,-0.8,8.5,0,967.5,129,2,4.2,0,0,0,0,0,0,0,267,63,34,96
ALT,1996,12,1,20,0.8,75.4,4.9,-3,3.17,-0.6,8.7,0,967.3,152,2.3,5.8,0,0,0,0,0,0,0,275,75,34,96
ALT,1996,12,1,21,1.2,72.4,4.8,-3.2,3.1,-0.4,9,0,966.7,127,1.1,2.9,0,0,0,0,0,0,0,282,88,34,96
ALT,1996,12,1,22,1.2,74.2,4.9,-2.9,3.17,-0.3,9.1,0,965.8,141,1.5,3.2,0,0,0,0,0,0,0,288,100,34,96
ALT,1996,12,1,23,0.9,79.1,5.2,-2.3,3.37,-0.3,9.3,0,964.9,162,1,2.8,0,0,0,0,0,0,0,288,100,34,96
ALT,1996,12,2,0,1.5,74.4,5.1,-2.5,3.31,0,9.8,0,963.8,144,1.5,3.6,0,0,0,0,0,0,0,289,100,34,96
ALT,1996,12,2,1,1.3,78.4,5.3,-2,3.44,0,9.9,0,963.5,117,1,3.9,0,0,0,0,0,0,0,291,100,34,96
ALT,1996,12,2,2,1.5,79.7,5.4,-1.6,3.51,0.3,10.3,0,962.9,135,1.1,5.1,0,0,0,0,0,0,0,293,100,34,96
ALT,1996,12,2,3,1.9,77.4,5.4,-1.6,3.51,0.5,10.7,0,962.5,139,2.1,5.9,0,0,0,0,0,0,0,295,100,34,96
ALT,1996,12,2,4,2.1,76.8,5.5,-1.5,3.57,0.7,11,0,962.6,146,1.5,6.5,0,0,0,0,0,0,0,298,100,34,96
ALT,1996,12,2,5,2.1,79.1,5.6,-1.1,3.64,0.8,11.2,0,962.4,220,1.4,6.5,0,0,0,0,0,0,0,300,100,34,96
ALT,1996,12,2,6,1.9,83.7,5.8,-0.6,3.77,0.9,11.3,0,961.7,149,0.7,2.6,0,0,0,0,0,0,0,301,100,34,96
ALT,1996,12,2,7,1.7,87.8,6,-0.1,3.9,1,11.5,0.3,962.1,349,0.8,3,5,0,5,3,3,3,3,298,100,34,96
ALT,1996,12,2,8,2.3,89.7,6.4,0.8,4.16,1.7,12.7,2,962.2,164,2,5.9,12,0,12,8,7,7,7,294,100,34,96
ALT,1996,12,2,9,4.4,84.7,7.1,2.1,4.62,3.4,16,1.6,963.1,28,4.5,18.9,20,0,20,12,12,12,11,293,100,34,96
ALT,1996,12,2,10,7.1,58.7,5.9,-0.4,3.83,3.9,16.8,0.5,963.1,22,10.6,22.5,25,0,25,15,15,15,14,292,100,34,96
ALT,1996,12,2,11,7,50.4,5.1,-2.6,3.31,3.1,15.3,0,963.4,18,9.9,18.5,32,0,32,19,19,19,18,290,100,34,96
ALT,1996,12,2,12,6.9,49,4.9,-3.1,3.18,2.9,14.9,0,962.9,22,8.5,17.6,22,0,22,13,13,13,13,289,100,34,96
ALT,1996,12,2,13,6.3,55.5,5.3,-1.9,3.44,2.9,15,0.3,963,26,8.1,18,15,0,15,9,9,9,8,286,100,34,96
ALT,1996,12,2,14,5.8,59.2,5.5,-1.5,3.57,2.8,14.8,0.2,963.1,34,8.1,16.3,7,0,7,4,4,4,4,283,100,34,96
ALT,1996,12,2,15,5.7,58.3,5.3,-1.8,3.44,2.6,14.4,0.1,963.8,17,7.9,17.3,0,0,0,0,0,0,0,280,100,34,96
ALT,1996,12,2,16,5.2,59.4,5.3,-2.1,3.44,2.3,13.8,0.4,964.7,6,8.1,21.6,0,0,0,0,0,0,0,277,100,34,96
ALT,1996,12,2,17,5.8,49.4,4.6,-4,2.98,2,13.3,0,965.1,17,9.1,16.4,0,0,0,0,0,0,0,276,100,34,96
ALT,1996,12,2,18,5.8,49.5,4.6,-3.9,2.98,2,13.3,0,965.4,27,7,13.8,0,0,0,0,0,0,0,275,100,34,96
ALT,1996,12,2,19,5.9,47.3,4.4,-4.5,2.85,1.9,13.1,0,965.4,9,6.2,16,0,0,0,0,0,0,0,274,100,34,96
ALT,1996,12,2,20,6,44.4,4.2,-5.2,2.72,1.8,12.8,0,965.6,19,7.5,14.6,0,0,0,0,0,0,0,270,88,34,96
ALT,1996,12,2,21,5.5,51.1,4.6,-3.8,2.98,1.9,13,0,966.1,26,7.5,15.9,0,0,0,0,0,0,0,273,100,34,96
ALT,1996,12,2,22,5.6,51,4.6,-3.7,2.98,2,13.1,0,965.9,19,8.1,14.7,0,0,0,0,0,0,0,273,100,34,96
ALT,1996,12,2,23,5.5,52,4.7,-3.6,3.04,2,13.1,0,966.1,22,8.4,17.1,0,0,0,0,0,0,0,272,100,34,96
ALT,1996,12,3,0,5,55.2,4.8,-3.2,3.11,1.8,12.8,0,965.8,360,4.2,13,0,0,0,0,0,0,0,272,100,34,96
ALT,1996,12,3,1,4.9,57.9,5,-2.7,3.24,1.9,13,0,966,101,1.3,8.4,0,0,0,0,0,0,0,273,100,34,96
ALT,1996,12,3,2,4,66.8,5.4,-1.6,3.5,1.8,12.8,0,966.3,179,4,8,0,0,0,0,0,0,0,274,100,34,96
ALT,1996,12,3,3,3.5,71.1,5.6,-1.2,3.63,1.6,12.6,0,966.4,146,3.6,6,0,0,0,0,0,0,0,274,100,34,96
ALT,1996,12,3,4,3.1,72.9,5.6,-1.3,3.63,1.3,12.2,0,966.4,160,2.4,6.1,0,0,0,0,0,0,0,275,100,34,96
ALT,1996,12,3,5,2.4,76.3,5.5,-1.3,3.56,0.9,11.3,0,966.3,145,2.1,3.6,0,0,0,0,0,0,0,255,38,34,96
ALT,1996,12,3,6,1.7,79.3,5.5,-1.5,3.56,0.4,10.6,0,966.4,140,2.3,4,0,0,0,0,0,0,0,260,45,34,96
ALT,1996,12,3,7,1.4,77.6,5.2,-2.1,3.37,0.1,9.8,0,965.5,140,3.2,5.9,32,0,32,21,20,20,19,273,68,34,96
ALT,1996,12,3,8,1.8,71.5,5,-2.8,3.24,0.1,9.9,0,965.3,151,3.2,7.7,75,0,75,62,61,61,60,257,13,34,96
ALT,1996,12,3,9,2.1,68.6,4.9,-3.1,3.18,0.1,10,0,964.6,108,2,4.1,132,83,106,67,105,147,64,257,0,34,96
ALT,1996,12,3,10,4.2,57.6,4.7,-3.4,3.05,1.3,11.9,0,963.6,104,2.8,5.7,93,14,88,55,58,67,51,285,70,34,96
ALT,1996,12,3,11,5.5,52.9,4.8,-3.3,3.12,2.1,13.3,0,962.3,105,1.6,3.1,65,0,65,40,39,39,37,299,100,34,96
ALT,1996,12,3,12,6.1,50.7,4.8,-3.3,3.12,2.4,14,0,961,338,1.3,3.6,21,0,21,13,13,13,12,301,100,34,96
ALT,1996,12,3,13,5.7,59.1,5.4,-1.7,3.52,2.7,14.5,0,960.4,325,2,3.9,14,0,14,9,9,8,8,301,100,34,96
ALT,1996,12,3,14,5.4,59.5,5.4,-1.8,3.52,2.5,14.3,0,959.1,326,0.4,1.5,6,0,6,4,4,4,4,301,100,34,96
ALT,1996,12,3,15,5,62.1,5.4,-1.6,3.52,2.3,13.9,0,958.8,329,1.2,2.5,0,0,0,0,0,0,0,301,100,34,96
ALT,1996,12,3,16,4.5,67.1,5.7,-1.1,3.72,2.2,13.8,0,957.9,135,0.9,3.4,0,0,0,0,0,0,0,300,100,34,96
ALT,1996,12,3,17,4.1,68.4,5.6,-1.2,3.66,2,13.3,0,956.7,338,1.2,3.8,0,0,0,0,0,0,0,291,75,34,96
ALT,1996,12,3,18,4.1,71,5.8,-0.7,3.79,2.1,13.6,0,956.5,331,1.5,4.4,0,0,0,0,0,0,0,289,68,34,96
ALT,1996,12,3,19,4.6,67.5,5.7,-0.9,3.73,2.3,14,0,955.5,355,1.5,11,0,0,0,0,0,0,0,300,100,34,96
ALT,1996,12,3,20,9.4,37.2,4.3,-4.5,2.81,3.8,16.5,0,955.4,155,8.2,26.3,0,0,0,0,0,0,0,277,50,34,96
ALT,1996,12,3,21,10.8,27.2,3.5,-7.3,2.29,3.9,16.6,0,955.2,164,14.1,27.3,0,0,0,0,0,0,0,274,50,34,96
ALT,1996,12,3,22,10.6,26.7,3.4,-7.7,2.22,3.7,16.2,0,955.2,168,14.7,26,0,0,0,0,0,0,0,289,100,34,96
ALT,1996,12,3,23,10.5,26.9,3.4,-7.7,2.22,3.6,16.1,0,955.2,176,13.7,26.2,0,0,0,0,0,0,0,284,100,34,96
ALT,1996,12,4,0,9.9,28.6,3.5,-7.5,2.29,3.3,15.7,0,954.5,188,12.1,25.6,0,0,0,0,0,0,0,261,50,40,96
ALT,1996,12,4,1,9.7,28.7,3.5,-7.6,2.29,3.2,15.5,0,954.9,200,12.9,25.8,0,0,0,0,0,0,0,263,58,40,96
ALT,1996,12,4,2,9.8,29.5,3.5,-7.2,2.29,3.4,15.6,0,955.8,186,7.9,19.1,0,0,0,0,0,0,0,257,43,40,96
ALT,1996,12,4,3,8.7,37.6,4.2,-5,2.74,3.3,15.6,0,956.4,144,4.4,18.2,0,0,0,0,0,0,0,249,20,40,96
ALT,1996,12,4,4,6.7,50.1,4.9,-3,3.2,2.8,14.8,0,957,123,3.3,12.5,0,0,0,0,0,0,0,246,13,40,96
ALT,1996,12,4,5,7.2,45.6,4.6,-3.7,3,2.9,14.8,0,956.8,120,4.2,11.8,0,0,0,0,0,0,0,245,13,40,96
ALT,1996,12,4,6,6.7,48.8,4.8,-3.3,3.14,2.7,14.6,0,956.8,116,4.9,10.5,0,0,0,0,0,0,0,245,13,40,96
ALT,1996,12,4,7,6.2,52.3,5,-2.8,3.26,2.6,14.4,0,957.6,95,2.4,6.9,34,0,34,31,31,31,31,247,13,40,96
ALT,1996,12,4,8,5.3,62.9,5.6,-1.2,3.66,2.6,14.5,0,958.3,328,1.5,4.7,46,0,46,62,63,63,64,245,0,40,96
ALT,1996,12,4,9,5.4,71.8,6.4,0.7,4.18,3.4,15.9,0,958.9,324,3.2,6.7,219,374,101,83,233,441,84,253,13,40,96
ALT,1996,12,4,10,6.8,62.1,6.1,0.1,3.98,3.9,16.8,0,958.9,329,1.2,4.8,361,748,101,103,276,852,109,251,0,40,96
ALT,1996,12,4,11,7.8,58.3,6.2,0.1,4.05,4.4,18,0,958.5,323,2.1,4.2,353,683,112,106,108,800,230,254,0,40,96
ALT,1996,12,4,12,8.3,57.4,6.3,0.4,4.12,4.8,18.7,0,958.1,336,1.8,4,242,376,118,94,94,462,225,260,13,40,96
ALT,1996,12,4,13,9.2,46.1,5.4,-1.8,3.53,4.5,18.1,0,957.7,4,2.5,12.5,54,0,54,73,74,74,75,260,13,40,96
ALT,1996,12,4,14,10,38.9,4.7,-3.3,3.07,4.5,17.8,0,958.3,144,4.4,17.7,42,0,42,41,41,41,41,264,25,40,96
ALT,1996,12,4,15,9.1,37.4,4.5,-4.7,2.93,3.6,16.5,0,958.2,146,4,18.4,0,0,0,0,0,0,0,260,13,40,96
ALT,1996,12,4,16,9.9,35.9,4.3,-4.5,2.8,4.1,17,0,958.3,147,8.7,18.4,0,0,0,0,0,0,0,260,13,40,96
ALT,1996,12,4,17,10.9,30.5,4,-5.8,2.61,4.3,17.5,0,958.3,153,11.7,23.6,0,0,0,0,0,0,0,255,0,40,96
ALT,1996,12,4,18,10.5,32.8,4.2,-5.2,2.74,4.2,17.4,0,958.8,155,12.6,24.6,0,0,0,0,0,0,0,256,0,40,96
ALT,1996,12,4,19,10.2,34.7,4.3,-4.7,2.8,4.2,17.3,0,958.9,159,12.2,22.5,0,0,0,0,0,0,0,261,13,40,96
ALT,1996,12,4,20,10.3,35.3,4.4,-4.4,2.87,4.3,17.6,0,959.5,160,13.4,24.5,0,0,0,0,0,0,0,277,58,40,96
ALT,1996,12,4,21,10.6,34.9,4.5,-4.2,2.93,4.5,18,0,959.2,152,13.1,21.1,0,0,0,0,0,0,0,282,68,40,96
ALT,1996,12,4,22,11,34.5,4.5,-4,2.93,4.8,18.4,0,959.6,154,13.3,22.5,0,0,0,0,0,0,0,281,63,40,96
ALT,1996,12,4,23,11.1,34.9,4.6,-3.8,3,4.9,18.7,0,959.9,156,13,21.8,0,0,0,0,0,0,0,280,58,40,96
ALT,1996,12,5,0,11.4,34.2,4.6,-3.8,2.99,5.1,19,0,960.2,152,12.5,21.3,0,0,0,0,0,0,0,276,43,43,96
ALT,1996,12,5,1,11.5,33.6,4.5,-4,2.93,5.1,18.9,0,960.6,148,10.3,19.5,0,0,0,0,0,0,0,270,25,43,96
ALT,1996,12,5,2,11.4,33.8,4.6,-4,2.99,5,19,0,960.5,152,10.4,18.9,0,0,0,0,0,0,0,300,100,43,96
ALT,1996,12,5,3,11.6,33.5,4.6,-3.9,2.99,5.1,19.2,0,960.2,150,10,19.8,0,0,0,0,0,0,0,300,100,43,96
ALT,1996,12,5,4,11.8,33.2,4.6,-3.9,3,5.2,19.4,0,959.8,150,11.6,21.2,0,0,0,0,0,0,0,300,100,43,96
ALT,1996,12,5,5,11.9,33.1,4.6,-3.8,3,5.3,19.5,0,959.8,154,11.4,21,0,0,0,0,0,0,0,291,80,43,96
ALT,1996,12,5,6,11.9,33.5,4.7,-3.6,3.06,5.4,19.7,0,960,153,9.8,19,0,0,0,0,0,0,0,271,33,43,96
ALT,1996,12,5,7,12.1,32.8,4.6,-3.8,2.99,5.4,19.7,0,960.3,151,10.3,21.7,26,0,26,25,25,25,25,269,25,43,96
ALT,1996,12,5,8,12,33.2,4.7,-3.7,3.06,5.4,19.8,0,960.8,146,10.4,19.8,59,0,59,67,67,67,68,276,40,43,96
ALT,1996,12,5,9,11.8,37,5,-2.4,3.25,5.7,20.1,0,961.8,147,6.7,17.5,153,74,132,90,128,160,87,276,33,43,96
ALT,1996,12,5,10,12.5,36.6,5.2,-1.9,3.38,6.2,21.1,0,961,124,6.2,19.5,247,271,152,112,174,395,111,278,33,43,96
ALT,1996,12,5,11,14.3,29.6,4.8,-3.2,3.12,6.6,22.3,0,960.3,157,8.9,18.6,356,725,102,109,111,841,228,267,0,43,96
ALT,1996,12,5,12,10.9,47.3,5.9,0.1,3.84,6,20.6,0,960.6,201,4.9,15.7,248,330,145,107,107,438,252,284,40,43,96
ALT,1996,12,5,13,6.8,63.9,6.3,0.5,4.11,4.1,17.1,0,960.6,326,2.5,7.7,95,0,95,77,77,76,75,288,58,43,96
ALT,1996,12,5,14,6.3,68,6.5,0.8,4.24,3.9,17,0,960.2,342,2.7,7.7,49,0,49,39,39,39,38,287,63,43,96
ALT,1996,12,5,15,5.9,67.6,6.3,0.4,4.1,3.5,16.2,0,961,327,4.7,8.6,0,0,0,0,0,0,0,279,50,43,96
ALT,1996,12,5,16,4.8,73.9,6.4,0.5,4.17,3,15.3,0,961.6,337,3.3,6.1,0,0,0,0,0,0,0,290,88,43,96
ALT,1996,12,5,17,4.5,75.1,6.3,0.5,4.1,2.8,14.8,0,962.2,343,1.3,5.4,0,0,0,0,0,0,0,276,50,43,96
ALT,1996,12,5,18,3.8,76.6,6.2,0.1,4.03,2.3,13.9,0,962.4,120,0.9,2.6,0,0,0,0,0,0,0,274,50,43,96
ALT,1996,12,5,19,2.2,82.3,5.9,-0.5,3.84,1.1,11.8,0,962.2,148,1,2.3,0,0,0,0,0,0,0,288,88,43,96
ALT,1996,12,5,20,2.9,78.7,5.9,-0.4,3.84,1.6,12.5,0,961.9,108,0.4,2.1,0,0,0,0,0,0,0,292,100,43,96
ALT,1996,12,5,21,2.1,82.1,5.8,-0.6,3.77,1,11.5,0,961.9,270,0.3,1.8,0,0,0,0,0,0,0,291,100,43,96
ALT,1996,12,5,22,2.4,81.7,5.9,-0.4,3.84,1.3,12,0,961.9,180,0.4,1.9,0,0,0,0,0,0,0,290,100,43,96
ALT,1996,12,5,23,1.5,85.8,5.8,-0.6,3.77,0.7,10.9,0,961.6,169,0.7,2.9,0,0,0,0,0,0,0,289,100,43,96
ALT,1996,12,6,0,1.7,86.2,5.9,-0.4,3.84,0.9,11.3,0,961.8,108,0.4,2.4,0,0,0,0,0,0,0,289,100,43,96
ALT,1996,12,6,1,1.9,86.6,6.1,-0.1,3.97,1.1,11.8,0,962.3,360,0.2,1.4,0,0,0,0,0,0,0,289,100,43,96
ALT,1996,12,6,2,2.4,86.8,6.3,0.4,4.1,1.6,12.7,0,962.3,180,0.3,1.5,0,0,0,0,0,0,0,289,100,43,96
ALT,1996,12,6,3,2.3,87.6,6.3,0.5,4.1,1.6,12.6,0,962.7,217,0.6,2.3,0,0,0,0,0,0,0,289,100,43,96
ALT,1996,12,6,4,2.4,87.3,6.4,0.5,4.16,1.6,12.8,0,962.9,159,0.9,2.5,0,0,0,0,0,0,0,289,100,43,96
ALT,1996,12,6,5,1.9,89.3,6.3,0.3,4.1,1.2,12.1,0,962.7,153,1.3,2.3,0,0,0,0,0,0,0,289,100,43,96
ALT,1996,12,6,6,1.9,88.9,6.2,0.3,4.03,1.2,12,0,962.6,151,1.3,2.2,0,0,0,0,0,0,0,290,100,43,96
ALT,1996,12,6,7,1.6,89.3,6.2,0,4.03,0.9,11.7,0,963,162,0.4,1.7,5,0,5,3,3,3,3,292,100,43,96
ALT,1996,12,6,8,2,89.3,6.3,0.4,4.09,1.3,12.2,0,963.7,45,0.3,1.7,14,0,14,9,9,9,9,295,100,43,96
ALT,1996,12,6,9,3.4,87.3,6.8,1.5,4.42,2.6,14.5,0,964.3,243,0.3,1.6,23,0,23,15,15,15,14,298,100,43,96
ALT,1996,12,6,10,4.2,83.5,6.9,1.7,4.48,3.1,15.5,0,964.1,304,0.4,2.8,32,0,32,22,21,21,21,296,100,43,96
ALT,1996,12,6,11,4.6,81.6,7,1.7,4.55,3.3,16,0,963.5,300,0.8,2.3,30,0,30,20,20,19,19,300,100,43,96
ALT,1996,12,6,12,5.1,81.7,7.2,2.2,4.69,3.8,16.9,0,963,318,1.5,4.2,25,0,25,17,16,16,16,303,100,43,96
ALT,1996,12,6,13,4.8,82.3,7.1,2,4.62,3.6,16.4,0,963.2,331,2.5,5.1,16,0,16,11,11,11,11,301,100,43,96
ALT,1996,12,6,14,4.6,82.4,7,1.9,4.55,3.4,16,0,963.9,330,3.2,5.4,7,0,7,5,5,5,5,300,100,43,96
ALT,1996,12,6,15,4.3,83.8,7,1.8,4.55,3.2,15.7,0,964.6,335,2.1,4.5,0,0,0,0,0,0,0,298,100,43,96
ALT,1996,12,6,16,3.9,84.7,6.8,1.6,4.41,2.9,15,0,965.3,321,1.4,4.3,0,0,0,0,0,0,0,299,100,43,96
ALT,1996,12,6,17,3.7,85.4,6.8,1.5,4.41,2.7,14.8,0,965.7,225,0.5,1.5,0,0,0,0,0,0,0,301,100,43,96
ALT,1996,12,6,18,3.2,86.9,6.7,1.2,4.34,2.3,14.1,0,966.2,139,1.1,2.1,0,0,0,0,0,0,0,300,100,43,96
ALT,1996,12,6,19,2.1,90.5,6.4,0.7,4.15,1.5,12.5,0,966.4,144,1.3,2,0,0,0,0,0,0,0,299,100,43,96
ALT,1996,12,6,20,2.1,89.5,6.4,0.6,4.15,1.5,12.5,0,966.5,151,1,2.4,0,0,0,0,0,0,0,298,100,43,96
ALT,1996,12,6,21,1.3,92.1,6.2,0.2,4.02,0.9,11.3,0,966.5,162,0.7,2.4,0,0,0,0,0,0,0,297,100,43,96
ALT,1996,12,6,22,1.4,91.3,6.2,0.1,4.01,0.9,11.4,0,966.9,153,0.7,1.9,0,0,0,0,0,0,0,296,100,43,96
ALT,1996,12,6,23,1.4,91.6,6.2,0.2,4.01,0.9,11.4,0,967,149,0.6,1.8,0,0,0,0,0,0,0,290,88,43,96
ALT,1996,12,7,0,1.1,92.3,6.1,0,3.95,0.7,11,0,967.2,153,1.1,2.6,0,0,0,0,0,0,0,281,68,44,96
ALT,1996,12,7,1,0.8,93,6,-0.2,3.88,0.4,10.5,0,967.7,165,1.6,2.8,0,0,0,0,0,0,0,289,88,44,96
ALT,1996,12,7,2,0.3,94,5.9,-0.5,3.82,0,9.8,0,967.7,149,1.2,2.2,0,0,0,0,0,0,0,289,88,44,96
ALT,1996,12,7,3,1.8,91.5,6.4,0.6,4.14,1.3,12.2,0,967.5,151,1.3,2.3,0,0,0,0,0,0,0,289,88,44,96
ALT,1996,12,7,4,1.7,96.7,6.7,1.2,4.34,1.5,12.5,0,967.7,104,0.4,1.5,0,0,0,0,0,0,0,294,100,44,96
ALT,1996,12,7,5,1.3,99.8,6.7,1.3,4.34,1.3,12.1,0,968,360,0.4,1.8,0,0,0,0,0,0,0,294,100,44,96
ALT,1996,12,7,6,1.3,99.2,6.7,1.2,4.33,1.3,12.1,0,968.3,126,1.4,2.6,0,0,0,0,0,0,0,294,100,44,96
ALT,1996,12,7,7,1.6,97.5,6.7,1.2,4.33,1.4,12.4,0,969.1,139,1.1,2.8,5,0,5,3,3,3,3,296,100,44,96
ALT,1996,12,7,8,2,96,6.8,1.4,4.39,1.7,13,0,969.5,140,0.8,1.8,48,0,48,44,44,44,44,290,80,44,96
ALT,1996,12,7,9,2.1,96.4,6.8,1.6,4.39,1.9,13.1,0,970,135,0.3,1.3,224,310,134,100,253,402,100,283,60,44,96
ALT,1996,12,7,10,2.2,95.2,6.8,1.5,4.39,1.9,13.2,0,969.8,135,0.6,1.5,260,287,162,119,203,420,118,288,68,44,96
ALT,1996,12,7,11,2.6,94.2,6.9,1.8,4.46,2.3,13.8,0,969.7,135,0.7,2,229,165,171,121,120,296,155,287,68,44,96
ALT,1996,12,7,12,2.7,93.6,7,1.8,4.52,2.3,14,0,969.7,360,0.6,2.2,210,186,152,108,107,296,188,279,45,44,96
ALT,1996,12,7,13,2.7,93.9,7,1.8,4.52,2.3,14,0,969.8,243,0.3,2,88,0,88,80,79,79,79,273,33,44,96
ALT,1996,12,7,14,2.6,93.7,6.9,1.7,4.45,2.2,13.8,0,970.3,261,0.7,2.5,46,0,46,39,39,39,39,281,58,44,96
ALT,1996,12,7,15,2.5,94.1,6.9,1.6,4.45,2.1,13.7,0,970.5,194,1,2.7,0,0,0,0,0,0,0,268,33,44,96
ALT,1996,12,7,16,2.1,94.5,6.7,1.3,4.32,1.8,12.9,0,970.4,202,1.1,2.6,0,0,0,0,0,0,0,262,25,44,96
ALT,1996,12,7,17,1.6,96.1,6.6,1,4.26,1.3,12.3,0,970.4,203,0.7,1.8,0,0,0,0,0,0,0,260,25,44,96
ALT,1996,12,7,18,1.2,98.1,6.5,0.9,4.19,1.1,11.7,0,970.7,264,0.9,2,0,0,0,0,0,0,0,258,25,44,96
ALT,1996,12,7,19,1.2,98.8,6.6,1,4.26,1.1,11.8,0,971,180,0.8,2.2,0,0,0,0,0,0,0,257,25,44,96
ALT,1996,12,7,20,1.2,98.3,6.5,1,4.19,1.1,11.7,0,971.1,131,1.9,2.7,0,0,0,0,0,0,0,256,25,44,96
ALT,1996,12,7,21,1.2,98.1,6.6,0.9,4.26,1.1,11.8,0,970.9,157,1.4,2.5,0,0,0,0,0,0,0,255,25,44,96
ALT,1996,12,7,22,1.3,98.1,6.6,1,4.26,1.2,11.9,0,971,160,1.2,2.1,0,0,0,0,0,0,0,249,13,44,96
ALT,1996,12,7,23,1.2,97.8,6.5,0.9,4.19,1.1,11.7,0,971,135,0.9,2.6,0,0,0,0,0,0,0,248,13,44,96
ALT,1996,12,8,0,1.1,96.4,6.4,0.6,4.13,0.9,11.4,0,970.8,135,1.4,2.8,0,0,0,0,0,0,0,252,25,44,96
ALT,1996,12,8,1,1.2,96,6.4,0.6,4.13,1,11.5,0,971,138,1.5,2.6,0,0,0,0,0,0,0,281,100,44,96
ALT,1996,12,8,2,1.2,96.2,6.4,0.7,4.13,1,11.5,0,970.7,120,0.8,2,0,0,0,0,0,0,0,254,33,44,96
ALT,1996,12,8,3,1.2,95.5,6.4,0.6,4.13,1,11.5,0,970.4,135,1,1.9,0,0,0,0,0,0,0,251,25,44,96
ALT,1996,12,8,4,1.1,95.7,6.3,0.5,4.07,0.9,11.3,0,969.9,144,0.8,2.1,0,0,0,0,0,0,0,250,25,44,96
ALT,1996,12,8,5,1.2,94,6.3,0.3,4.07,0.8,11.4,0,969.6,107,1.5,2.9,0,0,0,0,0,0,0,250,25,44,96
ALT,1996,12,8,6,1,91.4,6,-0.2,3.87,0.5,10.7,0,969.5,100,1.7,3.1,0,0,0,0,0,0,0,257,43,44,96
ALT,1996,12,8,7,1.2,91.7,6.1,0,3.94,0.7,11,0,970,90,0.4,2.2,27,0,27,23,23,22,22,272,75,44,96
ALT,1996,12,8,8,1.5,90.3,6.1,0.1,3.93,0.9,11.3,0,970.4,82,0.7,1.9,71,0,71,67,67,67,66,275,75,44,96
ALT,1996,12,8,9,1.7,90.4,6.2,0.3,4,1.1,11.7,0,970.3,317,1.9,4,222,306,134,99,252,398,99,275,68,44,96
ALT,1996,12,8,10,1.7,89.6,6.2,0.2,4,1.1,11.7,0,969.9,315,1.1,3.2,242,226,166,119,185,356,117,278,68,44,96
ALT,1996,12,8,11,1.9,88.6,6.2,0.2,4,1.2,11.9,0,969.7,319,0.9,2.4,260,273,166,121,121,410,181,278,63,44,96
ALT,1996,12,8,12,2,88.2,6.2,0.3,4,1.3,12,0,969.7,341,1.9,4.6,184,111,149,104,103,215,148,282,68,44,96
ALT,1996,12,8,13,2,88.9,6.3,0.4,4.07,1.3,12.2,0,969.7,328,3,4.7,92,0,92,78,77,77,76,285,75,44,96
ALT,1996,12,8,14,1.9,89.3,6.2,0.3,4,1.2,11.9,0,969.6,315,1.9,3.9,7,0,7,5,5,5,5,295,100,44,96
ALT,1996,12,8,15,1.9,89.2,6.2,0.3,4,1.2,11.9,0,969.4,304,1,2.2,0,0,0,0,0,0,0,294,100,44,96
ALT,1996,12,8,16,1.8,88.9,6.2,0.2,4,1.1,11.8,0,969.5,315,0.6,1.7,0,0,0,0,0,0,0,289,88,44,96
ALT,1996,12,8,17,1.9,88.3,6.2,0.2,4,1.2,11.9,0,969.6,90,0.4,1.6,0,0,0,0,0,0,0,262,25,44,96
ALT,1996,12,8,18,1.8,89.7,6.2,0.3,4,1.2,11.8,0,969.5,338,0.6,2.1,0,0,0,0,0,0,0,288,88,44,96
ALT,1996,12,8,19,1.8,89.7,6.3,0.3,4.07,1.2,12,0,969.4,124,0.5,1.6,0,0,0,0,0,0,0,293,100,44,96
ALT,1996,12,8,20,1.8,90.4,6.3,0.4,4.07,1.2,12,0,969,63,0.4,1.6,0,0,0,0,0,0,0,293,100,44,96
ALT,1996,12,8,21,1.6,91.9,6.3,0.4,4.07,1.1,11.8,0,968.9,305,1.2,2.6,0,0,0,0,0,0,0,288,88,44,96
ALT,1996,12,8,22,1.5,91.8,6.3,0.3,4.07,1,11.7,0,968.8,312,1.2,3.7,0,0,0,0,0,0,0,293,100,44,96
ALT,1996,12,8,23,1.4,90.4,6.1,0,3.94,0.8,11.3,0,968.5,328,1.3,3.8,0,0,0,0,0,0,0,293,100,44,96
ALT,1996,12,9,0,1.3,91.2,6.1,0,3.94,0.8,11.2,0,968,333,1.1,2.4,0,0,0,0,0,0,0,293,100,46,96
ALT,1996,12,9,1,1.5,90.5,6.1,0.1,3.95,0.9,11.4,0,967.2,333,0.8,2.9,0,0,0,0,0,0,0,294,100,46,96
ALT,1996,12,9,2,1.2,91.1,6.1,-0.1,3.95,0.7,11.1,0,966.8,326,2.2,5.2,0,0,0,0,0,0,0,289,88,46,96
ALT,1996,12,9,3,1.2,90.1,6,-0.2,3.88,0.6,10.9,0,966.8,336,2.5,5.3,0,0,0,0,0,0,0,290,88,46,96
ALT,1996,12,9,4,1.1,90.9,6,-0.2,3.89,0.6,10.8,0,966.3,335,1.5,3.4,0,0,0,0,0,0,0,287,80,46,96
ALT,1996,12,9,5,1.1,91.1,6,-0.2,3.89,0.6,10.8,0,965.7,321,0.6,2.5,0,0,0,0,0,0,0,295,100,46,96
ALT,1996,12,9,6,1.2,90.5,6,-0.2,3.89,0.6,10.9,0,965.4,333,0.7,2.6,0,0,0,0,0,0,0,296,100,46,96
ALT,1996,12,9,7,1.2,89.7,6,-0.3,3.89,0.6,10.9,0,965.4,360,0.7,3.7,5,0,5,3,3,3,3,297,100,46,96
ALT,1996,12,9,8,1.5,89.3,6.1,-0.1,3.96,0.9,11.4,0,965.3,336,1.2,4.3,13,0,13,9,9,9,9,299,100,46,96
ALT,1996,12,9,9,2.2,86.7,6.2,0.2,4.02,1.4,12.3,0,965.1,337,2,5.1,123,149,83,62,142,203,61,296,88,46,96
ALT,1996,12,9,10,3.3,83.8,6.5,0.8,4.22,2.2,13.9,0,963.9,331,2.6,6.3,152,132,109,79,125,216,78,297,88,46,96
ALT,1996,12,9,11,5,79.1,6.9,1.7,4.49,3.5,16.3,0,963,322,3.3,8.1,272,330,159,123,123,471,192,287,58,46,96
ALT,1996,12,9,12,7.9,67.6,7.2,2.3,4.69,5.3,19.7,0,961.6,66,1.7,17.2,245,336,140,109,109,448,250,285,50,46,96
ALT,1996,12,9,13,9.5,57.2,6.7,1.5,4.37,5.8,20.5,0,961,112,2.9,11.2,54,0,54,50,50,49,49,300,88,46,96
ALT,1996,12,9,14,14.2,36.8,6,-0.3,3.91,7.5,24.2,0,960.5,153,9.9,22.4,7,0,7,5,5,5,5,305,100,46,96
ALT,1996,12,9,15,14.7,35,5.9,-0.6,3.84,7.6,24.5,0,960.6,153,9.1,18.2,0,0,0,0,0,0,0,306,100,46,96
ALT,1996,12,9,16,8.5,60.2,6.3,1.2,4.1,5.2,18.9,0,961.7,331,5.6,19,0,0,0,0,0,0,0,306,100,46,96
ALT,1996,12,9,17,3.4,79.6,6.2,0.2,4.03,2.1,13.5,0,962.9,325,5.1,8.5,0,0,0,0,0,0,0,306,100,46,96
ALT,1996,12,9,18,2.4,83.9,6.1,0,3.96,1.4,12.3,0,963.5,330,4.8,7.8,0,0,0,0,0,0,0,298,80,46,96
ALT,1996,12,9,19,1.9,85.7,6,-0.2,3.9,1,11.6,0,963.5,329,3.5,6.9,0,0,0,0,0,0,0,306,100,46,96
ALT,1996,12,9,20,1.6,86,5.9,-0.5,3.83,0.8,11.2,0,963.6,332,3.6,5.7,0,0,0,0,0,0,0,301,88,46,96
ALT,1996,12,9,21,1.8,86.6,6,-0.2,3.9,1,11.5,0,964,331,2.6,4.2,0,0,0,0,0,0,0,297,75,46,96
ALT,1996,12,9,22,1.8,86.7,6,-0.2,3.89,1,11.5,0,964.5,329,2.5,4.2,0,0,0,0,0,0,0,302,88,46,96
ALT,1996,12,9,23,1.7,87.2,6,-0.2,3.9,0.9,11.4,0,963.9,326,0.4,2.1,0,0,0,0,0,0,0,307,100,46,96
ALT,1996,12,10,0,1.8,86.4,6,-0.2,3.9,1,11.6,0,963.1,63,0.3,1.3,0,0,0,0,0,0,0,307,100,46,96
ALT,1996,12,10,1,1.8,87.7,6.1,0,3.97,1.1,11.7,0,962.6,45,0.2,0.9,0,0,0,0,0,0,0,308,100,46,96
ALT,1996,12,10,2,1.8,88,6.1,0,3.97,1.1,11.7,0,962.4,307,0.6,1.7,0,0,0,0,0,0,0,309,100,46,96
ALT,1996,12,10,3,2.2,86,6.1,0.1,3.97,1.3,12.1,0,962.1,117,0.7,1.9,0,0,0,0,0,0,0,310,100,46,96
ALT,1996,12,10,4,2.2,86.9,6.2,0.2,4.04,1.4,12.3,0,961.6,135,0.4,1.2,0,0,0,0,0,0,0,311,100,46,96
ALT,1996,12,10,5,2.3,86.5,6.2,0.3,4.04,1.5,12.4,0,961.2,135,0.3,1,0,0,0,0,0,0,0,303,75,46,96
ALT,1996,12,10,6,2.1,86.9,6.2,0.2,4.04,1.3,12.2,0,960.3,158,0.5,1.4,0,0,0,0,0,0,0,305,80,46,96
ALT,1996,12,10,7,1.9,88.4,6.2,0.2,4.04,1.2,12,0,959.7,135,0.6,1.4,25,0,25,24,24,24,24,301,68,46,96
ALT,1996,12,10,8,2.2,88.8,6.4,0.5,4.18,1.5,12.6,0,959.8,135,0.3,1.4,68,0,68,66,66,66,66,305,75,46,96
ALT,1996,12,10,9,2.8,86.3,6.5,0.7,4.24,1.9,13.4,0,959.4,27,0.4,2.1,219,323,127,99,259,412,99,298,55,46,96
ALT,1996,12,10,10,3.2,87.5,6.7,1.3,4.38,2.4,14.2,0,959,320,1.6,4.3,257,304,155,119,205,437,119,301,60,46,96
ALT,1996,12,10,11,3.3,86.7,6.7,1.3,4.38,2.4,14.3,0,958.4,308,1.8,3.5,237,209,166,122,121,344,163,307,75,46,96
ALT,1996,12,10,12,3.8,83.8,6.7,1.3,4.38,2.7,14.8,0,958.3,329,2.5,4.4,31,0,31,22,21,21,21,316,100,46,96
ALT,1996,12,10,13,3.6,85,6.7,1.3,4.38,2.6,14.6,0,957.9,325,2.5,4.8,51,0,51,45,45,45,44,310,88,46,96
ALT,1996,12,10,14,3.1,86.3,6.6,1,4.31,2.2,13.9,0,958.5,329,3.3,5,29,0,29,27,27,27,27,310,88,46,96
ALT,1996,12,10,15,2.8,87.7,6.6,1,4.31,2,13.6,0,958.7,318,3.1,5,0,0,0,0,0,0,0,313,100,46,96
ALT,1996,12,10,16,2.6,88,6.5,0.8,4.24,1.8,13.2,0,959,319,2.3,3.7,0,0,0,0,0,0,0,312,100,46,96
ALT,1996,12,10,17,2.5,88.9,6.5,0.9,4.24,1.8,13.1,0,959.5,330,2.5,4.2,0,0,0,0,0,0,0,311,100,46,96
ALT,1996,12,10,18,2.4,89.2,6.5,0.8,4.24,1.7,13,0,959.9,311,2.3,3.9,0,0,0,0,0,0,0,306,88,46,96
ALT,1996,12,10,19,2.3,89,6.4,0.7,4.17,1.6,12.7,0,959.9,287,1.4,3,0,0,0,0,0,0,0,311,100,46,96
ALT,1996,12,10,20,2.3,88.5,6.4,0.6,4.17,1.6,12.7,0,960.6,331,1.1,2.8,0,0,0,0,0,0,0,310,100,46,96
ALT,1996,12,10,21,2.2,90.2,6.5,0.8,4.24,1.6,12.8,0,960.7,311,0.9,2.7,0,0,0,0,0,0,0,310,100,46,96
ALT,1996,12,10,22,2.2,90.1,6.5,0.7,4.24,1.6,12.8,0,960.9,297,1.2,2.9,0,0,0,0,0,0,0,310,100,46,96
ALT,1996,12,10,23,2.2,89.2,6.4,0.6,4.17,1.5,12.6,0,961.2,315,0.7,1.8,0,0,0,0,0,0,0,299,70,46,96
ALT,1996,12,11,0,2.3,89.2,6.4,0.7,4.17,1.6,12.7,0,961.6,342,0.7,2.2,0,0,0,0,0,0,0,276,13,45,96
ALT,1996,12,11,1,2.2,88.5,6.4,0.5,4.17,1.5,12.6,0,961.6,284,0.6,2.1,0,0,0,0,0,0,0,283,33,45,96
ALT,1996,12,11,2,2.1,89.9,6.4,0.6,4.17,1.5,12.5,0,961.8,288,1.3,3,0,0,0,0,0,0,0,298,75,45,96
ALT,1996,12,11,3,2.1,90.2,6.4,0.7,4.17,1.5,12.5,0,962,263,0.8,1.6,0,0,0,0,0,0,0,278,25,45,96
ALT,1996,12,11,4,2.1,89.6,6.4,0.6,4.17,1.5,12.5,0,961.8,197,1.2,2.9,0,0,0,0,0,0,0,280,33,45,96
ALT,1996,12,11,5,2,88.8,6.3,0.4,4.1,1.3,12.3,0,962.1,104,0.5,1.9,0,0,0,0,0,0,0,301,88,45,96
ALT,1996,12,11,6,2.1,88.6,6.3,0.4,4.1,1.4,12.4,0,962.1,117,0.7,2,0,0,0,0,0,0,0,290,60,45,96
ALT,1996,12,11,7,2,89.4,6.3,0.4,4.1,1.3,12.3,0,962.3,45,0.6,1.7,6,0,6,4,4,4,4,306,100,45,96
ALT,1996,12,11,8,2.1,90.1,6.4,0.6,4.16,1.5,12.5,0,962.8,320,0.9,2.8,64,0,64,64,64,64,65,288,50,45,96
ALT,1996,12,11,9,2.5,88.8,6.5,0.8,4.23,1.8,13.1,0,963,135,0.8,2.3,267,621,91,91,379,677,95,269,0,45,96
ALT,1996,12,11,10,2.5,89.6,6.6,1,4.29,1.9,13.3,0,962.6,125,1.2,2.7,258,310,155,117,206,442,117,280,25,45,96
ALT,1996,12,11,11,2.6,89.7,6.6,1.1,4.3,2,13.4,0,962.3,202,0.6,1.9,272,340,156,120,120,479,186,281,25,45,96
ALT,1996,12,11,12,2.6,90,6.6,1.1,4.3,2,13.4,0,962.1,261,0.8,2.8,236,306,142,107,107,417,235,284,33,45,96
ALT,1996,12,11,13,2.6,89.9,6.6,1.1,4.3,2,13.4,0,962.1,243,0.8,2.1,76,0,76,79,79,79,79,285,38,45,96
ALT,1996,12,11,14,2.6,91,6.7,1.3,4.36,2,13.5,0,962.1,241,1.1,2.1,41,0,41,42,42,42,42,285,40,45,96
ALT,1996,12,11,15,2.4,91.3,6.6,1.1,4.3,1.9,13.2,0,962,196,0.7,2.1,0,0,0,0,0,0,0,275,20,45,96
ALT,1996,12,11,16,2.2,93.4,6.7,1.2,4.36,1.8,13.1,0,962,221,1,2.1,0,0,0,0,0,0,0,266,0,45,96
ALT,1996,12,11,17,1.9,94.7,6.7,1.1,4.36,1.6,12.8,0,962.4,221,1.1,2.4,0,0,0,0,0,0,0,264,0,45,96
ALT,1996,12,11,18,1.7,95.9,6.6,1.1,4.29,1.4,12.4,0,962.8,243,0.9,2.6,0,0,0,0,0,0,0,263,0,45,96
ALT,1996,12,11,19,1.6,96.4,6.6,1.1,4.29,1.4,12.3,0,963.3,257,1,2.3,0,0,0,0,0,0,0,262,0,45,96
ALT,1996,12,11,20,1.4,97.3,6.6,1,4.29,1.2,12.1,0,963.4,173,0.8,2,0,0,0,0,0,0,0,270,20,45,96
ALT,1996,12,11,21,1.4,96.4,6.5,0.9,4.22,1.2,12,0,963.7,188,0.8,1.8,0,0,0,0,0,0,0,285,58,45,96
ALT,1996,12,11,22,1.4,96.5,6.6,0.9,4.29,1.2,12.1,0,963.7,146,1.1,2,0,0,0,0,0,0,0,302,100,45,96
ALT,1996,12,11,23,1.4,97,6.6,1,4.29,1.2,12.1,0,963.5,135,1,2,0,0,0,0,0,0,0,301,100,45,96
ALT,1996,12,12,0,1.7,94.8,6.5,1,4.23,1.4,12.3,0,962.8,152,1.5,3.5,0,0,0,0,0,0,0,292,80,40,96
ALT,1996,12,12,1,1.5,95.3,6.5,0.8,4.23,1.2,12.1,0,962,172,1.5,3.3,0,0,0,0,0,0,0,262,13,40,96
ALT,1996,12,12,2,1.2,96.4,6.4,0.7,4.16,1,11.6,0,962.3,14,0.7,3.1,0,0,0,0,0,0,0,256,0,40,96
ALT,1996,12,12,3,1.3,97,6.5,0.9,4.23,1.1,11.9,0,962.3,143,1.1,2.8,0,0,0,0,0,0,0,264,20,40,96
ALT,1996,12,12,4,1.4,95.8,6.5,0.8,4.23,1.2,12,0,961.9,157,2.1,3.6,0,0,0,0,0,0,0,263,20,40,96
ALT,1996,12,12,5,0.8,95.9,6.2,0.2,4.04,0.6,10.9,0,961.5,163,1.1,3.3,0,0,0,0,0,0,0,263,20,40,96
ALT,1996,12,12,6,0.6,95.6,6.1,0,3.97,0.4,10.5,0,961.5,146,0.4,1.8,0,0,0,0,0,0,0,254,0,40,96
ALT,1996,12,12,7,0.7,96.3,6.2,0.2,4.03,0.5,10.8,0,962.3,135,0.6,2.3,23,0,23,20,19,19,19,270,33,40,96
ALT,1996,12,12,8,0.9,95.6,6.3,0.3,4.1,0.7,11.1,0,962.5,140,1.7,2.8,44,0,44,57,57,58,58,258,0,40,96
ALT,1996,12,12,9,1.3,94.2,6.3,0.5,4.1,1,11.5,0,962.6,159,1.9,4,213,307,128,90,244,386,89,273,33,40,96
ALT,1996,12,12,10,1.7,93.4,6.5,0.8,4.23,1.3,12.3,0,962.4,225,0.8,3.5,231,212,161,109,171,331,107,274,33,40,96
ALT,1996,12,12,11,2,91.7,6.5,0.8,4.23,1.5,12.6,0,962.1,131,1,2.5,249,253,163,112,111,380,162,273,25,40,96
ALT,1996,12,12,12,2.3,90.6,6.5,0.9,4.23,1.7,12.9,0,961.4,117,0.7,2.1,257,426,125,95,95,520,257,270,13,40,96
ALT,1996,12,12,13,2.3,90.2,6.5,0.9,4.24,1.7,12.9,0,960.9,197,1.4,2.8,74,0,74,68,67,67,67,269,13,40,96
ALT,1996,12,12,14,1.9,91.7,6.4,0.7,4.17,1.4,12.3,0,960.5,210,0.9,2.5,38,0,38,38,38,38,38,274,25,40,96
ALT,1996,12,12,15,1.7,93,6.4,0.7,4.18,1.3,12.1,0,959.8,158,0.6,2.5,0,0,0,0,0,0,0,264,0,40,96
ALT,1996,12,12,16,1.4,94.9,6.4,0.7,4.18,1.1,11.8,0,959.8,294,1.3,3.5,0,0,0,0,0,0,0,263,0,40,96
ALT,1996,12,12,17,2,93.3,6.6,1,4.31,1.6,12.8,0,959.8,124,0.5,1.9,0,0,0,0,0,0,0,279,40,40,96
ALT,1996,12,12,18,1.9,92.3,6.5,0.8,4.24,1.4,12.5,0,959.4,107,1.1,2.8,0,0,0,0,0,0,0,293,75,40,96
ALT,1996,12,12,19,1.9,93.3,6.5,0.9,4.24,1.5,12.5,0,959.3,349,1,3,0,0,0,0,0,0,0,289,63,40,96
ALT,1996,12,12,20,2,92.6,6.5,0.9,4.25,1.5,12.6,0,958.8,99,0.6,2,0,0,0,0,0,0,0,291,68,40,96
ALT,1996,12,12,21,2.1,92.5,6.6,1,4.31,1.6,12.9,0,958.8,68,1,2.9,0,0,0,0,0,0,0,288,60,40,96
ALT,1996,12,12,22,2.3,91.6,6.6,1.1,4.31,1.8,13.1,0,958.5,27,0.8,2.6,0,0,0,0,0,0,0,305,100,40,96
ALT,1996,12,12,23,2.1,92.1,6.5,1,4.25,1.6,12.7,0,957.5,99,0.7,2.6,0,0,0,0,0,0,0,295,75,40,96
ALT,1996,12,13,0,1.4,94,6.4,0.5,4.19,1,11.9,0,956.8,315,0.8,2.4,0,0,0,0,0,0,0,298,80,41,96
ALT,1996,12,13,1,0.8,94.7,6.2,0,4.06,0.5,10.9,0,955.9,332,1.8,5.4,0,0,0,0,0,0,0,308,100,41,96
ALT,1996,12,13,2,1.7,93.7,6.5,0.8,4.26,1.3,12.4,0,955.2,338,2.3,6.9,0,0,0,0,0,0,0,311,100,41,96
ALT,1996,12,13,3,3.8,85.9,6.9,1.7,4.53,2.9,15.2,0,954,353,1.7,10.5,0,0,0,0,0,0,0,312,100,41,96
ALT,1996,12,13,4,3.8,84.6,6.8,1.4,4.47,2.8,15,0,953.9,331,4.6,11.3,0,0,0,0,0,0,0,308,88,41,96
ALT,1996,12,13,5,3,87.5,6.6,1.1,4.33,2.2,13.9,0,954.1,323,4.9,9.4,0,0,0,0,0,0,0,313,100,41,96
ALT,1996,12,13,6,2.9,88.1,6.7,1.1,4.4,2.1,13.9,0,953.2,360,1.1,5.2,0,0,0,0,0,0,0,314,100,41,96
ALT,1996,12,13,7,2.8,88.5,6.6,1.1,4.34,2.1,13.7,0,952.7,329,0.7,4.2,3,0,3,2,2,2,2,314,100,41,96
ALT,1996,12,13,8,3.9,84.7,6.8,1.6,4.47,2.9,15.1,0,952.9,319,2.9,5.4,11,0,11,8,7,7,7,315,100,41,96
ALT,1996,12,13,9,4.6,83.1,7,2,4.61,3.4,16.2,0,951.5,330,1.7,5.2,21,0,21,14,14,14,13,316,100,41,96
ALT,1996,12,13,10,6,77,7.2,2.3,4.75,4.3,17.9,0,950.3,321,2.9,9.9,40,0,40,27,26,26,25,317,100,41,96
ALT,1996,12,13,11,6.2,75.9,7.2,2.3,4.75,4.4,18.2,0,949.9,322,5.4,10,27,0,27,18,17,17,17,318,100,41,96
ALT,1996,12,13,12,5.4,80.2,7.2,2.3,4.75,4,17.3,0,949.9,324,4.6,7.8,23,0,23,15,15,14,14,319,100,41,96
ALT,1996,12,13,13,5.4,84.3,7.6,3,5.02,4.3,18,0.1,949.1,281,1,3.9,15,0,15,10,10,10,9,319,100,41,96
ALT,1996,12,13,14,5.4,87.6,7.9,3.5,5.22,4.5,18.5,0,948.5,284,1.2,4.1,7,0,7,4,4,4,4,318,100,41,96
ALT,1996,12,13,15,6.5,83.8,8.1,4,5.36,5.3,20,0.3,948.2,130,0.9,5.8,0,0,0,0,0,0,0,318,100,41,96
ALT,1996,12,13,16,5.7,90.8,8.3,4.3,5.49,5,19.5,1.2,948.4,349,1.8,5,0,0,0,0,0,0,0,318,100,41,96
ALT,1996,12,13,17,6.3,88,8.4,4.5,5.56,5.4,20.3,2.4,947.5,135,2.4,8.9,0,0,0,0,0,0,0,318,100,41,96
ALT,1996,12,13,18,6.8,85.4,8.4,4.5,5.57,5.7,20.8,0,947.2,111,1.8,6.7,0,0,0,0,0,0,0,318,100,41,96
ALT,1996,12,13,19,6.2,90,8.5,4.7,5.63,5.5,20.4,0.1,947.1,85,1.2,3.8,0,0,0,0,0,0,0,313,88,41,96
ALT,1996,12,13,20,5.7,93.3,8.5,4.7,5.63,5.2,19.9,0,947.3,318,2.4,4.2,0,0,0,0,0,0,0,317,100,41,96
ALT,1996,12,13,21,5.5,94.1,8.5,4.6,5.63,5.1,19.7,0.3,947.5,307,1.5,3.5,0,0,0,0,0,0,0,317,100,41,96
ALT,1996,12,13,22,5.4,94.8,8.5,4.6,5.63,5,19.5,1.7,947.5,337,1.4,3.8,0,0,0,0,0,0,0,316,100,41,96
ALT,1996,12,13,23,5.5,94.7,8.5,4.7,5.63,5.1,19.7,0.8,947,135,1.1,2.6,0,0,0,0,0,0,0,316,100,41,96
ALT,1996,12,14,0,5.3,95.6,8.5,4.7,5.64,5,19.5,0.1,946.6,323,1,2.9,0,0,0,0,0,0,0,315,100,42,96
ALT,1996,12,14,1,5.1,95.8,8.4,4.5,5.57,4.8,19.1,0.2,946.9,329,0.6,1.5,0,0,0,0,0,0,0,315,100,42,96
ALT,1996,12,14,2,5.4,95.1,8.5,4.7,5.63,5.1,19.6,0.3,947.1,315,1.5,5.2,0,0,0,0,0,0,0,314,100,42,96
ALT,1996,12,14,3,5.5,94.9,8.6,4.7,5.7,5.1,19.8,2.1,947.2,217,0.7,1.9,0,0,0,0,0,0,0,314,100,42,96
ALT,1996,12,14,4,5.5,95.7,8.6,4.9,5.7,5.2,19.8,1.4,947.3,149,0.6,1.9,0,0,0,0,0,0,0,313,100,42,96
ALT,1996,12,14,5,5.3,96.4,8.6,4.8,5.7,5.1,19.6,0.7,947.7,153,0.2,0.9,0,0,0,0,0,0,0,308,88,42,96
ALT,1996,12,14,6,5.2,96.5,8.6,4.7,5.69,5,19.5,0.6,948.3,162,0.6,1.5,0,0,0,0,0,0,0,313,100,42,96
ALT,1996,12,14,7,5.4,96.4,8.6,4.9,5.69,5.2,19.7,0.5,948.7,143,0.5,1.2,3,0,3,2,2,2,2,314,100,42,96
ALT,1996,12,14,8,5.5,96.3,8.7,5,5.75,5.3,20,0.2,949.4,117,0.4,1.1,12,0,12,8,8,7,7,315,100,42,96
ALT,1996,12,14,9,5.7,96.1,8.8,5.1,5.82,5.4,20.3,0.6,949.9,342,0.6,2.7,30,0,30,20,19,19,19,316,100,42,96
ALT,1996,12,14,10,6,94.3,8.8,5.2,5.81,5.6,20.6,0.6,950.3,322,1.2,2.9,26,0,26,17,17,17,16,317,100,42,96
ALT,1996,12,14,11,6.1,93.1,8.8,5.1,5.81,5.6,20.7,0.1,950.5,306,0.9,3.5,27,0,27,18,18,17,17,318,100,42,96
ALT,1996,12,14,12,5.9,91.4,8.5,4.6,5.61,5.3,20,0.1,950.9,316,3.2,6.9,23,0,23,15,15,15,14,319,100,42,96
ALT,1996,12,14,13,5.4,91.8,8.2,4.2,5.41,4.8,19,0.8,951.7,314,4.9,8.2,56,0,56,39,38,38,37,312,88,42,96
ALT,1996,12,14,14,4.9,89.6,7.8,3.3,5.14,4.2,17.8,0.1,952.5,317,6.2,9.2,7,0,7,5,5,4,4,314,100,42,96
ALT,1996,12,14,15,4.5,88.9,7.5,2.8,4.93,3.7,16.9,0,953.5,309,7.2,10.2,0,0,0,0,0,0,0,312,100,42,96
ALT,1996,12,14,16,4.1,89.4,7.3,2.5,4.79,3.4,16.1,0,954.4,318,5.2,8.9,0,0,0,0,0,0,0,292,60,42,96
ALT,1996,12,14,17,3.9,90.5,7.3,2.5,4.79,3.3,15.9,0,955.3,310,5.6,8.2,0,0,0,0,0,0,0,295,75,42,96
ALT,1996,12,14,18,3.7,92.3,7.4,2.6,4.85,3.2,15.9,0,956,318,3.8,7.8,0,0,0,0,0,0,0,288,68,42,96
ALT,1996,12,14,19,3.6,94,7.5,2.7,4.92,3.2,15.9,0,956.5,312,1.2,3.1,0,0,0,0,0,0,0,283,60,42,96
ALT,1996,12,14,20,3.6,94.4,7.5,2.8,4.91,3.2,15.9,0,957.2,311,3.4,5.9,0,0,0,0,0,0,0,280,60,42,96
ALT,1996,12,14,21,3.4,94.3,7.4,2.6,4.84,3,15.5,0,957.5,310,2.7,5.5,0,0,0,0,0,0,0,278,60,42,96
ALT,1996,12,14,22,3.4,94.8,7.4,2.6,4.84,3,15.5,0,958,308,1.1,2.4,0,0,0,0,0,0,0,277,60,42,96
ALT,1996,12,14,23,3.4,94.9,7.4,2.7,4.84,3.1,15.5,0,958.1,315,0.6,1.5,0,0,0,0,0,0,0,274,60,42,96
ALT,1996,12,15,0,3.5,94.1,7.4,2.6,4.84,3.1,15.6,0,958.1,0,0,0.6,0,0,0,0,0,0,0,287,100,38,97
ALT,1996,12,15,1,3.4,95.1,7.4,2.7,4.84,3.1,15.5,0,958.8,324,0.9,2.2,0,0,0,0,0,0,0,286,100,38,97
ALT,1996,12,15,2,3.5,94.2,7.4,2.7,4.83,3.1,15.6,0,959.7,315,1.1,2.1,0,0,0,0,0,0,0,286,100,38,97
ALT,1996,12,15,3,3.7,93,7.4,2.7,4.83,3.3,15.8,0,959.9,281,0.6,2.1,0,0,0,0,0,0,0,285,100,38,97
ALT,1996,12,15,4,3.7,91.6,7.3,2.5,4.76,3.2,15.6,0,960.5,233,0.6,1.5,0,0,0,0,0,0,0,285,100,38,97
ALT,1996,12,15,5,3.6,92.8,7.3,2.5,4.76,3.1,15.5,0,961.1,310,0.9,3.4,0,0,0,0,0,0,0,284,100,38,97
ALT,1996,12,15,6,3.6,92.1,7.3,2.4,4.76,3.1,15.5,0,961.4,278,1,3.3,0,0,0,0,0,0,0,284,100,38,97
ALT,1996,12,15,7,3.5,92.7,7.3,2.4,4.76,3,15.4,0,962.1,117,1,3.2,19,0,19,14,13,13,13,281,88,38,97
ALT,1996,12,15,8,3.3,90.2,7,1.9,4.56,2.7,14.7,0,962.5,169,0.7,2.2,63,0,63,56,56,56,56,270,55,38,97
ALT,1996,12,15,9,2.9,87.5,6.6,1,4.29,2.1,13.7,0,962.7,149,1.7,3.2,139,141,97,84,149,226,84,261,25,38,97
ALT,1996,12,15,10,4.1,81.3,6.6,1.2,4.29,2.8,14.9,0,962.9,126,0.9,2.2,258,319,153,104,196,438,103,266,33,38,97
ALT,1996,12,15,11,4.8,82.8,7.1,2.1,4.62,3.6,16.4,0,963.2,311,2.1,4.3,125,11,121,78,76,87,75,283,68,38,97
ALT,1996,12,15,12,4.6,81.7,6.9,1.7,4.49,3.3,15.9,0,963.5,319,2.7,4.2,34,0,34,22,21,21,20,293,88,38,97
ALT,1996,12,15,13,4.4,82.4,6.9,1.7,4.49,3.2,15.7,0,963.8,311,2.9,4.3,18,0,18,11,11,11,11,296,100,38,97
ALT,1996,12,15,14,4.1,83.2,6.8,1.5,4.42,3,15.2,0,964,322,1.8,3.8,17,0,17,11,11,11,10,293,100,38,97
ALT,1996,12,15,15,4,85,6.9,1.7,4.48,3,15.2,0,964.2,309,0.6,1.3,0,0,0,0,0,0,0,290,100,38,97
ALT,1996,12,15,16,3.8,87.4,7,1.9,4.55,3,15.2,0,964.6,323,1,1.8,0,0,0,0,0,0,0,287,100,38,97
ALT,1996,12,15,17,3.9,83.6,6.7,1.4,4.35,2.8,14.8,0,965,288,0.7,2.1,0,0,0,0,0,0,0,286,100,38,97
ALT,1996,12,15,18,3.8,79.1,6.3,0.5,4.08,2.4,14,0,965.6,96,1.8,3.8,0,0,0,0,0,0,0,287,100,38,97
ALT,1996,12,15,19,3.5,77.1,6,-0.1,3.89,2,13.2,0,965.8,103,2.7,4.7,0,0,0,0,0,0,0,285,100,38,97
ALT,1996,12,15,20,3,77.4,5.9,-0.6,3.82,1.5,12.6,0,965.9,96,3.7,6,0,0,0,0,0,0,0,284,100,38,97
ALT,1996,12,15,21,2.9,80.3,6,-0.2,3.89,1.6,12.6,0,965.6,106,2.5,4.6,0,0,0,0,0,0,0,278,88,38,97
ALT,1996,12,15,22,2.2,84.7,6.1,-0.1,3.95,1.3,12.1,0,965.7,135,1.9,3.9,0,0,0,0,0,0,0,273,75,38,97
ALT,1996,12,15,23,1.8,87,6,-0.1,3.89,1,11.5,0,965.6,145,1.9,4.1,0,0,0,0,0,0,0,271,75,38,97
ALT,1996,12,16,0,1.4,88.2,6,-0.3,3.89,0.7,11.1,0,965.1,142,2.3,4,0,0,0,0,0,0,0,261,50,39,97
ALT,1996,12,16,1,1.7,86.9,6,-0.2,3.89,0.9,11.4,0,965,135,1.3,2,0,0,0,0,0,0,0,262,55,39,97
ALT,1996,12,16,2,1.7,87.2,6,-0.2,3.89,0.9,11.4,0,964.9,157,1.3,3,0,0,0,0,0,0,0,265,68,39,97
ALT,1996,12,16,3,2,83.6,5.9,-0.5,3.83,1,11.6,0,964.9,117,0.9,3,0,0,0,0,0,0,0,261,60,39,97
ALT,1996,12,16,4,2,83.5,5.9,-0.5,3.83,1,11.6,0,964.8,127,2.1,3.8,0,0,0,0,0,0,0,262,68,39,97
ALT,1996,12,16,5,1.8,83.9,5.8,-0.6,3.76,0.8,11.2,0,964.2,139,2.2,3.8,0,0,0,0,0,0,0,260,68,39,97
ALT,1996,12,16,6,1.6,83.8,5.7,-0.8,3.7,0.6,10.8,0,965,120,1.4,3.3,0,0,0,0,0,0,0,253,45,39,97
ALT,1996,12,16,7,1.6,84,5.8,-0.8,3.76,0.6,11,0,965.6,114,2.2,3.8,17,0,17,14,14,14,14,256,45,39,97
ALT,1996,12,16,8,1.8,83.9,5.8,-0.6,3.76,0.8,11.2,0,965.8,146,2.5,4.6,74,0,74,57,57,56,56,262,50,39,97
ALT,1996,12,16,9,2,83,5.9,-0.6,3.82,1,11.6,0,965.5,142,2.6,4.1,108,9,105,69,71,75,65,257,25,39,97
ALT,1996,12,16,10,2.4,80.3,5.8,-0.6,3.76,1.2,11.8,0,965.5,108,1.6,4,192,143,146,97,146,245,94,260,25,39,97
ALT,1996,12,16,11,2.4,79.6,5.8,-0.8,3.76,1.1,11.8,0,964.9,180,0.6,2.5,282,421,141,106,106,542,187,262,20,39,97
ALT,1996,12,16,12,2.5,79.8,5.8,-0.6,3.76,1.2,11.9,0,964.2,125,1.2,3.7,311,717,93,89,91,788,355,257,0,39,97
ALT,1996,12,16,13,2.3,81.7,5.9,-0.5,3.83,1.2,11.9,0,963.7,191,0.7,3,45,0,45,67,68,68,70,255,0,39,97
ALT,1996,12,16,14,1.6,85.9,5.9,-0.5,3.83,0.8,11.2,0,963.8,225,0.2,1.2,39,0,39,38,38,38,38,268,40,39,97
ALT,1996,12,16,15,1.5,87,5.9,-0.4,3.83,0.7,11.1,0,964.1,180,0.5,2,0,0,0,0,0,0,0,267,45,39,97
ALT,1996,12,16,16,1.3,88.6,5.9,-0.4,3.83,0.6,10.9,0,964,157,2.1,4.3,0,0,0,0,0,0,0,264,40,39,97
ALT,1996,12,16,17,0.7,89.8,5.8,-0.8,3.77,0.1,10.1,0,963.8,159,1.7,4,0,0,0,0,0,0,0,262,40,39,97
ALT,1996,12,16,18,0.2,91.4,5.7,-1,3.7,-0.3,9.4,0,964.1,148,0.9,2.9,0,0,0,0,0,0,0,261,40,39,97
ALT,1996,12,16,19,-0.1,92.3,5.6,-1.2,3.64,-0.5,9,0,963.7,161,2.4,4,0,0,0,0,0,0,0,260,40,39,97
ALT,1996,12,16,20,-1.1,94.4,5.3,-1.9,3.44,-1.4,7.5,0,963.7,153,0.7,2.2,0,0,0,0,0,0,0,262,45,39,97
ALT,1996,12,16,21,-0.5,92.6,5.4,-1.5,3.5,-0.9,8.2,0,963.9,158,0.5,1.5,0,0,0,0,0,0,0,259,40,39,97
ALT,1996,12,16,22,0,92.4,5.7,-1.1,3.7,-0.4,9.2,0,963.8,157,1.3,3.4,0,0,0,0,0,0,0,259,40,39,97
ALT,1996,12,16,23,0.4,92.4,5.8,-0.7,3.77,0,9.8,0,963.8,135,1.2,2.4,0,0,0,0,0,0,0,258,40,39,97
ALT,1996,12,17,0,0.7,91.8,5.9,-0.5,3.83,0.2,10.3,0,964,139,1.1,2,0,0,0,0,0,0,0,252,25,38,97
ALT,1996,12,17,1,0.6,92.9,5.9,-0.4,3.83,0.2,10.2,0,964.4,137,1.6,2.8,0,0,0,0,0,0,0,252,25,38,97
ALT,1996,12,17,2,0.2,94.6,5.9,-0.6,3.83,-0.1,9.8,0,964,176,1.4,2.8,0,0,0,0,0,0,0,251,25,38,97
ALT,1996,12,17,3,-0.1,95.4,5.8,-0.7,3.76,-0.3,9.3,0,964.3,0,0.5,2.6,0,0,0,0,0,0,0,256,45,38,97
ALT,1996,12,17,4,0.3,94.1,5.9,-0.5,3.83,0,9.9,0,964.2,135,1.8,3.7,0,0,0,0,0,0,0,249,25,38,97
ALT,1996,12,17,5,0.4,93,5.8,-0.6,3.77,0,9.8,0,963.8,159,2.3,4.7,0,0,0,0,0,0,0,244,13,38,97
ALT,1996,12,17,6,0.5,92.4,5.8,-0.6,3.76,0.1,9.9,0,964.4,166,0.8,2.5,0,0,0,0,0,0,0,262,68,38,97
ALT,1996,12,17,7,0.7,92,5.9,-0.4,3.83,0.3,10.3,0,964.5,142,1.8,3.3,2,0,2,2,2,2,1,278,100,38,97
ALT,1996,12,17,8,0.6,91.8,5.8,-0.6,3.76,0.1,10,0,964.3,180,2.2,4.4,59,0,59,56,56,56,56,274,75,38,97
ALT,1996,12,17,9,0.5,91,5.8,-0.8,3.76,0,9.9,0,964.4,212,0.9,3.1,28,0,28,18,17,17,17,288,100,38,97
ALT,1996,12,17,10,0.8,91.1,5.9,-0.5,3.83,0.3,10.4,0,964.2,281,0.6,1.9,251,318,146,102,184,433,102,281,75,38,97
ALT,1996,12,17,11,1,91.1,6,-0.3,3.9,0.5,10.7,0,963.9,243,1,2.6,286,430,142,104,105,552,185,274,43,38,97
ALT,1996,12,17,12,1.3,89.7,6,-0.2,3.9,0.7,11,0,963.2,202,0.8,2.7,238,347,130,94,93,443,219,291,75,38,97
ALT,1996,12,17,13,1,91.4,6,-0.2,3.9,0.5,10.7,0,962.6,261,0.6,1.6,54,0,54,52,52,52,52,294,80,38,97
ALT,1996,12,17,14,1.1,90.9,6,-0.2,3.9,0.6,10.8,0,962.9,324,0.9,2.3,23,0,23,15,14,14,14,303,100,38,97
ALT,1996,12,17,15,1.4,89.3,6,-0.2,3.9,0.8,11.1,0,962.9,141,0.7,1.8,0,0,0,0,0,0,0,304,100,38,97
ALT,1996,12,17,16,1.5,89.6,6.1,0,3.97,0.9,11.4,0,962.9,149,0.6,1.9,0,0,0,0,0,0,0,301,88,38,97
ALT,1996,12,17,17,2,88.4,6.2,0.3,4.03,1.3,12.1,0,962.3,137,1.9,6.5,0,0,0,0,0,0,0,305,100,38,97
ALT,1996,12,17,18,2.1,89.2,6.4,0.5,4.16,1.4,12.5,0,962.6,333,0.6,2.6,0,0,0,0,0,0,0,304,100,38,97
ALT,1996,12,17,19,2.7,86.2,6.4,0.6,4.16,1.8,13.1,0,962.5,135,1.6,5.1,0,0,0,0,0,0,0,301,88,38,97
ALT,1996,12,17,20,3,85.4,6.5,0.8,4.23,2.1,13.6,0,962.2,198,1.4,5.6,0,0,0,0,0,0,0,306,100,38,97
ALT,1996,12,17,21,3.2,85.1,6.5,0.9,4.23,2.2,13.8,0,961.9,333,0.7,3.4,0,0,0,0,0,0,0,307,100,38,97
ALT,1996,12,17,22,3.7,81.1,6.5,0.8,4.23,2.5,14.3,0,961.8,131,1,2.2,0,0,0,0,0,0,0,308,100,38,97
ALT,1996,12,17,23,3.4,85.3,6.6,1.2,4.3,2.5,14.2,0,961.6,141,0.7,1.7,0,0,0,0,0,0,0,309,100,38,97
ALT,1996,12,18,0,3.6,83.7,6.6,1.1,4.3,2.5,14.4,0,961.1,147,1.7,4.7,0,0,0,0,0,0,0,306,88,33,97
ALT,1996,12,18,1,4,79.4,6.5,0.8,4.24,2.6,14.6,0,960.6,148,3.1,5.7,0,0,0,0,0,0,0,293,50,33,97
ALT,1996,12,18,2,4,82,6.7,1.2,4.37,2.8,15,0,960.7,315,1.8,4.2,0,0,0,0,0,0,0,300,75,33,97
ALT,1996,12,18,3,4.3,80.9,6.7,1.3,4.37,3,15.3,0,960.6,207,0.7,2,0,0,0,0,0,0,0,291,50,33,97
ALT,1996,12,18,4,4.1,82.3,6.7,1.4,4.37,2.9,15.1,0,960.7,159,2.3,4.5,0,0,0,0,0,0,0,296,68,33,97
ALT,1996,12,18,5,3.7,84.9,6.8,1.4,4.44,2.7,14.8,0,960.4,173,1.6,3,0,0,0,0,0,0,0,293,60,33,97
ALT,1996,12,18,6,3.8,84.8,6.8,1.5,4.44,2.8,14.9,0,960.1,156,1,3,0,0,0,0,0,0,0,284,33,33,97
ALT,1996,12,18,7,3.9,83.5,6.7,1.4,4.37,2.8,14.9,0,959.7,138,1.3,2.8,15,0,15,12,12,12,12,276,0,33,97
ALT,1996,12,18,8,3.3,87.5,6.8,1.4,4.44,2.5,14.4,0,959.8,180,0.9,3,39,0,39,46,46,46,46,278,0,33,97
ALT,1996,12,18,9,4,85.2,7,1.7,4.57,3,15.5,0,959.4,180,0.4,1.4,159,320,66,68,201,374,70,280,0,33,97
ALT,1996,12,18,10,6.6,75.7,7.4,2.6,4.84,4.8,18.8,0,958.6,121,0.5,1.6,316,699,89,79,250,776,83,282,0,33,97
ALT,1996,12,18,11,8.2,70.3,7.7,3.1,5.04,5.8,20.9,0,958.1,346,0.6,3.5,325,683,96,83,84,775,176,284,0,33,97
ALT,1996,12,18,12,8.1,72.7,7.9,3.5,5.17,5.9,21.1,0,957.9,311,1.9,3.9,278,583,99,78,79,651,287,274,20,33,97
ALT,1996,12,18,13,7.2,73.5,7.5,2.8,4.91,5.2,19.6,0,957.2,180,1.8,4.3,46,0,46,59,59,59,60,294,33,33,97
ALT,1996,12,18,14,6.1,78.2,7.4,2.6,4.85,4.5,18.3,0,956.8,164,1.5,3.9,37,0,37,33,33,33,33,286,20,33,97
ALT,1996,12,18,15,5.2,82.1,7.2,2.4,4.72,3.9,17.1,0,956.5,164,0.8,2,0,0,0,0,0,0,0,274,0,33,97
ALT,1996,12,18,16,4.4,85.7,7.2,2.2,4.72,3.4,16.2,0,956.6,157,1.5,2.4,0,0,0,0,0,0,0,276,13,33,97
ALT,1996,12,18,17,3.9,87.4,7,2,4.59,3.1,15.4,0,956.5,152,2,3,0,0,0,0,0,0,0,267,0,33,97
ALT,1996,12,18,18,3,89,6.8,1.4,4.45,2.3,14.2,0,956.7,162,1.2,3.4,0,0,0,0,0,0,0,269,13,33,97
ALT,1996,12,18,19,2.9,89.4,6.7,1.3,4.39,2.2,13.9,0,956.4,157,2.1,3.2,0,0,0,0,0,0,0,262,0,33,97
ALT,1996,12,18,20,2.1,91,6.5,0.8,4.26,1.6,12.8,0,956.1,150,2,3.7,0,0,0,0,0,0,0,265,13,33,97
ALT,1996,12,18,21,1.4,91.7,6.2,0.2,4.06,0.9,11.5,0,956.1,135,0.9,2.5,0,0,0,0,0,0,0,286,75,33,97
ALT,1996,12,18,22,1.6,90.7,6.2,0.2,4.06,1,11.8,0,955.4,159,3.1,5.1,0,0,0,0,0,0,0,281,60,33,97
ALT,1996,12,18,23,1,91.2,6,-0.3,3.93,0.5,10.8,0,955.2,168,1.5,2.9,0,0,0,0,0,0,0,275,50,33,97
ALT,1996,12,19,0,0.5,92.8,5.9,-0.5,3.87,0.1,10.2,0,954.8,160,1.2,2.8,0,0,0,0,0,0,0,264,25,35,97
ALT,1996,12,19,1,0.3,92.3,5.8,-0.8,3.8,-0.1,9.8,0,954.8,158,1.1,2.5,0,0,0,0,0,0,0,272,33,35,97
ALT,1996,12,19,2,0.7,92.1,5.9,-0.4,3.87,0.3,10.4,0,953.6,155,2.2,4.4,0,0,0,0,0,0,0,286,58,35,97
ALT,1996,12,19,3,-0.4,93.3,5.5,-1.3,3.61,-0.7,8.6,0,953,162,1.2,3.8,0,0,0,0,0,0,0,304,100,35,97
ALT,1996,12,19,4,1.5,89.9,6.1,0,4.01,0.9,11.5,0,953.3,45,0.6,3,0,0,0,0,0,0,0,304,100,35,97
ALT,1996,12,19,5,2.2,89,6.4,0.6,4.2,1.5,12.7,0,953.5,148,1.5,4,0,0,0,0,0,0,0,305,100,35,97
ALT,1996,12,19,6,2.1,89.5,6.4,0.6,4.21,1.5,12.6,0,953,164,0.8,2.4,0,0,0,0,0,0,0,306,100,35,97
ALT,1996,12,19,7,2.3,89.5,6.5,0.8,4.27,1.7,13,0,953.6,0,0.4,2,2,0,2,1,1,1,1,308,100,35,97
ALT,1996,12,19,8,3.2,88.4,6.8,1.5,4.46,2.5,14.4,0,954.1,153,0.8,2,9,0,9,6,6,6,5,310,100,35,97
ALT,1996,12,19,9,4.2,86.6,7.1,2.2,4.66,3.3,15.9,0,953.8,145,1.3,2.6,16,0,16,10,10,10,9,313,100,35,97
ALT,1996,12,19,10,5.1,82.8,7.3,2.4,4.8,3.9,17.2,0,952.3,180,1.1,3.4,200,158,148,95,136,259,91,308,75,35,97
ALT,1996,12,19,11,6.1,78.9,7.4,2.7,4.87,4.5,18.4,0,952,45,0.7,2.8,149,58,130,81,87,141,77,317,100,35,97
ALT,1996,12,19,12,7.8,72.2,7.6,3.1,5.01,5.6,20.4,0,950.5,180,0.9,2.7,226,306,133,88,87,397,208,312,75,35,97
ALT,1996,12,19,13,7.6,76.3,8,3.7,5.28,5.8,20.9,0,950.4,299,1.5,3.7,52,0,52,40,40,40,39,315,88,35,97
ALT,1996,12,19,14,7.7,74.6,7.9,3.5,5.21,5.7,20.8,0,950.5,316,3.1,6.1,18,0,18,11,11,11,10,319,100,35,97
ALT,1996,12,19,15,7.4,74.9,7.7,3.2,5.08,5.4,20.2,0,950.7,318,4.9,10.1,0,0,0,0,0,0,0,319,100,35,97
ALT,1996,12,19,16,6.7,77.7,7.6,3.1,5.01,5,19.3,0,950.6,325,2.8,8.1,0,0,0,0,0,0,0,315,88,35,97
ALT,1996,12,19,17,5.6,82.7,7.5,2.9,4.95,4.4,18,0,950.6,332,1.6,4.7,0,0,0,0,0,0,0,319,100,35,97
ALT,1996,12,19,18,5.6,83,7.6,2.9,5.01,4.4,18.2,0,950.7,191,0.6,2.2,0,0,0,0,0,0,0,319,100,35,97
ALT,1996,12,19,19,5.4,83.5,7.5,2.8,4.95,4.2,17.8,0,950.4,171,1.2,2.8,0,0,0,0,0,0,0,319,100,35,97
ALT,1996,12,19,20,4.5,87.7,7.4,2.6,4.88,3.6,16.8,0,950.1,143,0.6,2.7,0,0,0,0,0,0,0,319,100,35,97
ALT,1996,12,19,21,5,85.9,7.5,2.8,4.95,4,17.4,0,950.1,315,0.4,2.2,0,0,0,0,0,0,0,319,100,35,97
ALT,1996,12,19,22,5.1,86,7.6,3,5.01,4.1,17.7,0,950.4,270,0.5,2.3,0,0,0,0,0,0,0,318,100,35,97
ALT,1996,12,19,23,5.3,85.2,7.6,3,5.02,4.2,17.9,0,950.2,150,0.9,2.7,0,0,0,0,0,0,0,318,100,35,97
ALT,1996,12,20,0,5.1,86.8,7.6,3.1,5.02,4.2,17.7,0,950.1,157,0.8,2.3,0,0,0,0,0,0,0,318,100,35,97
ALT,1996,12,20,1,4.7,89.3,7.6,3.1,5.02,4,17.3,0,950,135,0.4,1.5,0,0,0,0,0,0,0,318,100,35,97
ALT,1996,12,20,2,4.6,90.1,7.7,3.1,5.08,3.9,17.4,0,950,117,0.5,2.3,0,0,0,0,0,0,0,319,100,35,97
ALT,1996,12,20,3,5,88.5,7.7,3.3,5.08,4.2,17.8,0,949.7,148,1,2.8,0,0,0,0,0,0,0,319,100,35,97
ALT,1996,12,20,4,5.1,87.8,7.7,3.2,5.09,4.2,17.9,0,949.4,152,1.5,3,0,0,0,0,0,0,0,319,100,35,97
ALT,1996,12,20,5,4.5,92.3,7.8,3.4,5.15,4,17.4,0,949.1,166,0.9,1.7,0,0,0,0,0,0,0,319,100,35,97
ALT,1996,12,20,6,4.6,91.6,7.8,3.4,5.15,4.1,17.5,0,949.1,166,0.4,1.3,0,0,0,0,0,0,0,319,100,35,97
ALT,1996,12,20,7,4.5,92.1,7.8,3.3,5.15,4,17.4,0,949.3,270,0.3,1.3,2,0,2,1,1,1,1,320,100,35,97
ALT,1996,12,20,8,5,90.7,7.9,3.6,5.22,4.4,18.1,0,949.7,243,0.3,1.1,13,0,13,8,8,8,8,320,100,35,97
ALT,1996,12,20,9,5.7,88.1,8.1,3.9,5.35,4.9,19.1,0,950,153,0.9,1.8,19,0,19,12,12,12,11,321,100,35,97
ALT,1996,12,20,10,6.3,86.1,8.2,4.2,5.42,5.3,19.9,0,949.8,117,0.2,1.4,43,0,43,27,26,26,25,322,100,35,97
ALT,1996,12,20,11,6.5,86.4,8.4,4.4,5.55,5.5,20.5,0,949.7,315,0.6,1.4,23,0,23,14,14,14,13,322,100,35,97
ALT,1996,12,20,12,6.4,91.7,8.8,5.2,5.82,5.8,21,0.3,949.9,333,1.2,2,19,0,19,12,12,12,11,323,100,35,97
ALT,1996,12,20,13,6.2,94.2,8.9,5.3,5.88,5.8,21,0.9,950.2,315,0.6,1.5,13,0,13,8,8,8,8,322,100,35,97
ALT,1996,12,20,14,6.1,94.1,8.9,5.2,5.88,5.7,20.9,1.6,950.7,315,0.2,0.8,6,0,6,4,4,4,4,322,100,35,97
ALT,1996,12,20,15,6.2,93.6,8.9,5.2,5.87,5.7,21,1.4,951.2,315,0.2,0.6,0,0,0,0,0,0,0,322,100,35,97
ALT,1996,12,20,16,6.2,94.7,9,5.4,5.94,5.8,21.1,0.6,951.6,0,0.4,1.3,0,0,0,0,0,0,0,321,100,35,97
ALT,1996,12,20,17,6.3,94.2,9,5.4,5.94,5.9,21.2,0.1,951.7,142,1.1,2.1,0,0,0,0,0,0,0,316,88,35,97
ALT,1996,12,20,18,6,94.7,8.9,5.2,5.87,5.6,20.8,0,952.2,170,1.1,2.3,0,0,0,0,0,0,0,320,100,35,97
ALT,1996,12,20,19,6.1,94,8.9,5.2,5.87,5.7,20.9,0,952.7,145,1.5,2.7,0,0,0,0,0,0,0,319,100,35,97
ALT,1996,12,20,20,6,94.3,8.8,5.2,5.8,5.6,20.6,0,952.9,150,1.4,2.7,0,0,0,0,0,0,0,310,80,35,97
ALT,1996,12,20,21,5.6,94.6,8.6,4.8,5.66,5.2,19.8,0,953,166,0.9,2,0,0,0,0,0,0,0,304,68,35,97
ALT,1996,12,20,22,5,95,8.3,4.3,5.46,4.7,18.7,0,953.2,139,1,1.8,0,0,0,0,0,0,0,290,40,35,97
ALT,1996,12,20,23,4,96.2,7.8,3.5,5.13,3.8,16.9,0,953.1,131,1.2,2.6,0,0,0,0,0,0,0,303,75,35,97
ALT,1996,12,21,0,3.7,95.6,7.6,3.1,5,3.4,16.2,0,952.8,138,1.2,2.3,0,0,0,0,0,0,0,283,33,35,97
ALT,1996,12,21,1,2.7,97.4,7.2,2.3,4.74,2.5,14.6,0.1,952.9,169,1.6,2.6,0,0,0,0,0,0,0,284,40,35,97
ALT,1996,12,21,2,1.9,96.3,6.7,1.4,4.4,1.7,12.9,0,954,158,0.7,2.7,0,0,0,0,0,0,0,302,88,35,97
ALT,1996,12,21,3,2.4,95,6.9,1.7,4.53,2.1,13.7,0,954.3,315,0.7,2.3,0,0,0,0,0,0,0,284,50,35,97
ALT,1996,12,21,4,3.4,94.5,7.4,2.6,4.86,3,15.6,0,954.9,152,2,3,0,0,0,0,0,0,0,262,0,35,97
ALT,1996,12,21,5,3.8,94.1,7.6,2.9,4.99,3.4,16.3,0,955.1,145,1.6,4.2,0,0,0,0,0,0,0,269,20,35,97
ALT,1996,12,21,6,4,92.7,7.6,2.9,4.99,3.5,16.5,0,955.6,131,1,2.2,0,0,0,0,0,0,0,265,13,35,97
ALT,1996,12,21,7,2.9,94.1,7.1,2,4.66,2.5,14.6,0,955.6,126,0.9,1.9,17,0,17,12,12,12,11,282,50,35,97
ALT,1996,12,21,8,2.7,94.2,7,1.9,4.59,2.4,14.2,0,955.9,135,1,2,66,0,66,51,51,50,50,294,75,35,97
ALT,1996,12,21,9,2.9,93.5,7,2,4.59,2.5,14.4,0,956.6,243,0.3,1.6,136,98,107,80,125,176,78,302,88,35,97
ALT,1996,12,21,10,4.3,91.6,7.6,3.1,4.98,3.8,16.8,0,956.2,135,0.7,1.6,181,92,151,95,120,189,90,310,100,35,97
ALT,1996,12,21,11,4.6,88.2,7.5,2.8,4.92,3.8,16.9,0,956.1,315,0.8,3,189,109,152,96,97,210,114,307,88,35,97
ALT,1996,12,21,12,4.9,87.3,7.6,3,4.98,4,17.4,0,956,339,1,4.3,89,8,87,54,53,60,54,315,100,35,97
ALT,1996,12,21,13,5,86.9,7.6,3,4.98,4.1,17.5,0,956.4,90,0.5,1.9,79,0,79,66,65,65,64,308,80,35,97
ALT,1996,12,21,14,5,86.3,7.5,2.9,4.92,4,17.4,0,956,129,0.9,3.1,21,0,21,22,22,22,22,311,88,35,97
ALT,1996,12,21,15,4.7,88.6,7.6,3,4.98,3.9,17.2,0,955.9,337,0.8,2.2,0,0,0,0,0,0,0,316,100,35,97
ALT,1996,12,21,16,4.5,90.2,7.6,3,4.98,3.8,17,0,956,321,0.7,2.4,0,0,0,0,0,0,0,316,100,35,97
ALT,1996,12,21,17,4.8,89,7.6,3.1,4.98,4,17.3,0,956.7,108,0.8,2,0,0,0,0,0,0,0,316,100,35,97
ALT,1996,12,21,18,4.7,89.8,7.7,3.2,5.04,4,17.4,0,957.2,90,0.3,1.3,0,0,0,0,0,0,0,316,100,35,97
ALT,1996,12,21,19,4.7,90.6,7.8,3.3,5.11,4.1,17.5,0,957.2,101,0.5,1.5,0,0,0,0,0,0,0,316,100,35,97
ALT,1996,12,21,20,4.7,91.7,7.8,3.5,5.11,4.1,17.5,0,957.6,104,0.4,1.1,0,0,0,0,0,0,0,317,100,35,97
ALT,1996,12,21,21,4.7,91,7.8,3.4,5.11,4.1,17.5,0,956.7,158,1.8,4.1,0,0,0,0,0,0,0,317,100,35,97
ALT,1996,12,21,22,4.8,91.3,7.8,3.5,5.11,4.2,17.6,0,957.4,324,1.2,3.3,0,0,0,0,0,0,0,317,100,35,97
ALT,1996,12,21,23,5.2,89.1,7.9,3.6,5.17,4.5,18.2,0,958.1,324,2.3,6.7,0,0,0,0,0,0,0,317,100,35,97
ALT,1996,12,22,0,5,91.6,8,3.7,5.24,4.4,18.2,0,958.3,300,2.2,5,0,0,0,0,0,0,0,317,100,36,97
ALT,1996,12,22,1,5,92.1,8,3.8,5.24,4.4,18.2,0,958.3,207,0.6,2,0,0,0,0,0,0,0,317,100,36,97
ALT,1996,12,22,2,4.8,94.1,8.1,3.9,5.31,4.4,18.1,0.2,957.8,225,1.5,3.4,0,0,0,0,0,0,0,317,100,36,97
ALT,1996,12,22,3,4.6,94.6,8,3.8,5.24,4.2,17.8,0,957.4,180,1.2,3.9,0,0,0,0,0,0,0,317,100,36,97
ALT,1996,12,22,4,4.8,93.1,8,3.8,5.24,4.3,18,0.1,958,315,2,5.1,0,0,0,0,0,0,0,312,88,36,97
ALT,1996,12,22,5,4.8,91.4,7.8,3.5,5.11,4.2,17.6,0,958,297,2.9,4.6,0,0,0,0,0,0,0,305,68,36,97
ALT,1996,12,22,6,4.9,90.9,7.9,3.5,5.17,4.3,17.9,0,958.5,304,0.5,2.6,0,0,0,0,0,0,0,316,100,36,97
ALT,1996,12,22,7,4.7,92.5,7.9,3.6,5.17,4.2,17.7,0,958.8,11,0.5,1.8,2,0,2,1,1,1,1,317,100,36,97
ALT,1996,12,22,8,4.8,93.1,8,3.8,5.23,4.3,17.9,0,958.8,360,0.2,1.3,39,0,39,32,32,32,31,311,80,36,97
ALT,1996,12,22,9,5,90.3,7.9,3.5,5.17,4.3,18,0,958.5,360,0.5,1.7,77,0,77,60,59,59,58,312,80,36,97
ALT,1996,12,22,10,5.1,88.8,7.8,3.4,5.11,4.3,17.9,0,958,333,0.9,3.2,24,0,24,15,15,15,14,319,100,36,97
ALT,1996,12,22,11,5.1,90.9,8,3.7,5.24,4.5,18.3,0,957.2,331,2.5,4.6,23,0,23,14,14,14,13,319,100,36,97
ALT,1996,12,22,12,4.8,91.1,7.8,3.5,5.11,4.2,17.6,0,956.8,330,3.4,5.8,20,0,20,12,12,12,12,320,100,36,97
ALT,1996,12,22,13,4.7,91.1,7.8,3.4,5.11,4.1,17.5,0,957.1,330,4,6.6,13,0,13,8,8,8,8,320,100,36,97
ALT,1996,12,22,14,4.6,91,7.7,3.3,5.04,4,17.3,0,957.3,327,2.7,5.2,6,0,6,4,4,4,4,320,100,36,97
ALT,1996,12,22,15,4.4,92.6,7.7,3.3,5.04,3.9,17.1,0,957.1,325,2.8,4.9,0,0,0,0,0,0,0,320,100,36,97
ALT,1996,12,22,16,4.3,92.9,7.7,3.3,5.05,3.8,17,0,956.3,337,1.6,2.6,0,0,0,0,0,0,0,320,100,36,97
ALT,1996,12,22,17,4.3,93.3,7.7,3.3,5.05,3.8,17,0,955.4,324,0.9,2.8,0,0,0,0,0,0,0,320,100,36,97
ALT,1996,12,22,18,4.3,93.1,7.7,3.3,5.05,3.8,17,0,955.3,339,1.7,3.4,0,0,0,0,0,0,0,319,100,36,97
ALT,1996,12,22,19,4.3,92.2,7.6,3.1,4.99,3.8,16.8,0,954.8,323,2.1,4.3,0,0,0,0,0,0,0,319,100,36,97
ALT,1996,12,22,20,4.2,93,7.7,3.2,5.06,3.7,16.9,0,953.7,320,0.7,3.1,0,0,0,0,0,0,0,319,100,36,97
ALT,1996,12,22,21,4.2,93,7.6,3.2,5,3.7,16.7,0,953.2,329,1.2,4,0,0,0,0,0,0,0,318,100,36,97
ALT,1996,12,22,22,4.2,92.4,7.6,3.1,5,3.7,16.8,0,952.7,330,1.6,3.7,0,0,0,0,0,0,0,318,100,36,97
ALT,1996,12,22,23,4.2,92.9,7.6,3.2,5.01,3.7,16.8,0,951.6,337,2.2,4.6,0,0,0,0,0,0,0,318,100,36,97
ALT,1996,12,23,0,3.9,92.9,7.5,2.9,4.95,3.5,16.3,0,950.1,337,2.3,3.9,0,0,0,0,0,0,0,318,100,36,97
ALT,1996,12,23,1,4,92.4,7.5,2.9,4.95,3.5,16.4,0,949.6,320,4.5,8.7,0,0,0,0,0,0,0,317,100,36,97
ALT,1996,12,23,2,4.2,91,7.5,2.9,4.95,3.6,16.6,0,950.2,326,5.6,9.4,0,0,0,0,0,0,0,317,100,36,97
ALT,1996,12,23,3,4,91.7,7.4,2.8,4.89,3.5,16.3,0,948.6,331,2.4,5.7,0,0,0,0,0,0,0,317,100,36,97
ALT,1996,12,23,4,3.9,92.7,7.5,2.8,4.96,3.4,16.4,0,947.3,323,2.6,6.4,0,0,0,0,0,0,0,317,100,36,97
ALT,1996,12,23,5,3.8,92.1,7.4,2.6,4.9,3.3,16.1,0,946.8,329,4.3,7.3,0,0,0,0,0,0,0,317,100,36,97
ALT,1996,12,23,6,3.8,91.9,7.4,2.6,4.9,3.3,16.1,0,946.7,327,4.6,7.6,0,0,0,0,0,0,0,317,100,36,97
ALT,1996,12,23,7,3.7,92.5,7.3,2.6,4.84,3.2,15.8,0,946.4,324,3.2,5.7,2,0,2,1,1,1,1,318,100,36,97
ALT,1996,12,23,8,3.7,92.9,7.4,2.7,4.9,3.3,16,0,946.5,334,3.9,6.7,9,0,9,6,6,6,6,318,100,36,97
ALT,1996,12,23,9,3.8,92.1,7.4,2.6,4.9,3.3,16.1,0,946.5,330,2.3,3.9,17,0,17,10,10,10,10,318,100,36,97
ALT,1996,12,23,10,3.9,90.5,7.3,2.5,4.84,3.3,16,0,945.9,321,1.3,4,22,0,22,14,13,13,13,318,100,36,97
ALT,1996,12,23,11,4.2,89.9,7.4,2.7,4.91,3.5,16.5,0,944.8,330,0.9,2,23,0,23,14,14,14,14,318,100,36,97
ALT,1996,12,23,12,4.3,88.8,7.4,2.6,4.91,3.5,16.6,0,944.2,315,0.5,1.8,20,0,20,12,12,12,12,318,100,36,97
ALT,1996,12,23,13,4.5,89.3,7.5,2.9,4.98,3.8,17,0,944,301,0.7,1.9,14,0,14,9,8,8,8,318,100,36,97
ALT,1996,12,23,14,4.6,88.8,7.5,2.9,4.98,3.8,17.1,0,943.8,315,0.5,2.3,6,0,6,4,4,4,4,317,100,36,97
ALT,1996,12,23,15,4.7,88.2,7.6,2.9,5.05,3.9,17.4,0,943.4,140,0.8,2.1,0,0,0,0,0,0,0,317,100,36,97
ALT,1996,12,23,16,4.6,90.1,7.6,3.1,5.05,3.9,17.3,0,943.8,342,0.9,2.3,0,0,0,0,0,0,0,317,100,36,97
ALT,1996,12,23,17,4.5,90.6,7.6,3.1,5.05,3.9,17.2,0,943.9,288,0.3,1.2,0,0,0,0,0,0,0,316,100,36,97
ALT,1996,12,23,18,4.5,91.4,7.7,3.2,5.11,3.9,17.3,0,944.3,207,0.3,1.1,0,0,0,0,0,0,0,316,100,36,97
ALT,1996,12,23,19,4.5,93.7,7.9,3.6,5.24,4.1,17.7,1.7,945,180,0.4,1.1,0,0,0,0,0,0,0,315,100,36,97
ALT,1996,12,23,20,4.5,94.6,8,3.7,5.31,4.1,17.8,2.2,945.4,139,1.1,1.8,0,0,0,0,0,0,0,314,100,36,97
ALT,1996,12,23,21,4.5,96.3,8.1,4,5.37,4.3,18,1.2,945.6,180,0.8,1.8,0,0,0,0,0,0,0,313,100,36,97
ALT,1996,12,23,22,4.5,96.5,8.1,4,5.37,4.3,18,0.9,945.9,207,0.5,1.8,0,0,0,0,0,0,0,313,100,36,97
ALT,1996,12,23,23,4.5,96.7,8.1,4,5.37,4.3,18,1.2,946.4,346,0.5,2,0,0,0,0,0,0,0,312,100,36,97
ALT,1996,12,24,0,4.8,95.9,8.2,4.2,5.44,4.5,18.5,1.2,946.3,225,0.4,1.1,0,0,0,0,0,0,0,311,100,36,97
ALT,1996,12,24,1,4.8,96.2,8.3,4.2,5.5,4.5,18.6,0.1,946.3,144,1,2.3,0,0,0,0,0,0,0,309,100,36,97
ALT,1996,12,24,2,4.7,96.4,8.3,4.2,5.5,4.5,18.5,0,946.5,135,0.4,1.3,0,0,0,0,0,0,0,303,88,36,97
ALT,1996,12,24,3,4.7,96.6,8.3,4.2,5.5,4.5,18.5,0,946.6,309,1.3,3.3,0,0,0,0,0,0,0,282,40,36,97
ALT,1996,12,24,4,4.3,95.3,7.9,3.6,5.23,4,17.4,0.1,946.8,322,2.4,4.5,0,0,0,0,0,0,0,286,55,36,97
ALT,1996,12,24,5,3.8,95.4,7.6,3.1,5.03,3.5,16.4,0,947.3,327,3.3,5.8,0,0,0,0,0,0,0,285,55,36,97
ALT,1996,12,24,6,3.3,95.9,7.5,2.7,4.96,3,15.7,0,947.6,331,2.9,4.6,0,0,0,0,0,0,0,279,45,36,97
ALT,1996,12,24,7,3.1,95.7,7.2,2.5,4.76,2.8,15,0,947.8,332,2.1,3.3,14,0,14,12,12,12,12,280,45,36,97
ALT,1996,12,24,8,2.7,95.5,7.1,2.1,4.69,2.4,14.5,0,948.2,324,2.7,4.4,68,0,68,50,49,49,48,291,68,36,97
ALT,1996,12,24,9,2.3,94.5,6.8,1.5,4.49,2,13.5,0,948.7,327,4.1,7,72,0,72,45,44,44,42,305,100,36,97
ALT,1996,12,24,10,1.9,93.8,6.6,1,4.36,1.5,12.8,0,948.7,333,4.2,6.7,105,3,104,65,64,66,61,306,100,36,97
ALT,1996,12,24,11,1.7,93.4,6.5,0.8,4.29,1.3,12.4,0,948.6,336,3.4,5.2,97,2,97,61,59,60,57,307,100,36,97
ALT,1996,12,24,12,1.6,93.7,6.4,0.7,4.23,1.2,12.2,0,948.5,330,3,4.7,95,5,93,58,57,62,57,308,100,36,97
ALT,1996,12,24,13,1.6,93.3,6.4,0.6,4.23,1.2,12.2,0,948.4,335,2.8,4.8,50,0,50,32,31,30,30,307,100,36,97
ALT,1996,12,24,14,1.6,93.6,6.4,0.7,4.22,1.2,12.2,0,948.7,332,2.4,3.8,28,0,28,17,17,17,16,307,100,36,97
ALT,1996,12,24,15,1.4,92.7,6.3,0.3,4.16,1,11.8,0,949,332,2.6,4.3,0,0,0,0,0,0,0,307,100,36,97
ALT,1996,12,24,16,1.3,91.9,6.1,0.1,4.02,0.8,11.4,0,949.2,332,2.7,4.6,0,0,0,0,0,0,0,306,100,36,97
ALT,1996,12,24,17,1.1,92.7,6.1,0.1,4.02,0.7,11.2,0,949.2,329,3,4.4,0,0,0,0,0,0,0,306,100,36,97
ALT,1996,12,24,18,0.9,92,6,-0.2,3.96,0.5,10.8,0,949.4,325,3.7,5.7,0,0,0,0,0,0,0,305,100,36,97
ALT,1996,12,24,19,0.8,91.7,5.9,-0.4,3.89,0.3,10.5,0,949.5,327,3.3,5.6,0,0,0,0,0,0,0,305,100,36,97
ALT,1996,12,24,20,0.8,91.3,5.9,-0.5,3.89,0.3,10.5,0,949.8,327,3.4,5.4,0,0,0,0,0,0,0,304,100,36,97
ALT,1996,12,24,21,0.7,91.2,5.9,-0.6,3.89,0.2,10.4,0,950.2,323,3.7,5.6,0,0,0,0,0,0,0,304,100,36,97
ALT,1996,12,24,22,0.5,91.4,5.8,-0.7,3.82,0,10,0,950.4,322,2.9,5.2,0,0,0,0,0,0,0,304,100,36,97
ALT,1996,12,24,23,0.6,91.7,5.9,-0.6,3.89,0.1,10.3,0,950.3,324,1.3,2.2,0,0,0,0,0,0,0,303,100,36,97
ALT,1996,12,25,0,0.6,92.2,5.9,-0.5,3.89,0.2,10.3,0,950.1,325,1.6,2.8,0,0,0,0,0,0,0,303,100,36,97
ALT,1996,12,25,1,0.4,92.8,5.8,-0.6,3.82,0,9.9,0,950.5,323,2.5,4.7,0,0,0,0,0,0,0,302,100,36,97
ALT,1996,12,25,2,0.2,89.8,5.6,-1.3,3.69,-0.4,9.4,0,950.6,319,4,6.2,0,0,0,0,0,0,0,302,100,36,97
ALT,1996,12,25,3,0.1,89.7,5.5,-1.4,3.62,-0.5,9.1,0,951,325,4.2,6.8,0,0,0,0,0,0,0,301,100,36,97
ALT,1996,12,25,4,-0.1,89.2,5.4,-1.7,3.55,-0.7,8.8,0,951.3,325,4.5,6.5,0,0,0,0,0,0,0,300,100,36,97
ALT,1996,12,25,5,-0.4,89.7,5.3,-1.9,3.48,-1,8.3,0.1,951.9,323,3.9,6.4,0,0,0,0,0,0,0,300,100,36,97
ALT,1996,12,25,6,-0.6,91.7,5.4,-1.8,3.55,-1.1,8.2,0.3,952.2,319,1.8,4.8,0,0,0,0,0,0,0,299,100,36,97
ALT,1996,12,25,7,-0.7,94.7,5.5,-1.4,3.61,-1,8.3,0.8,952.5,319,1,2.6,14,0,14,12,12,12,11,291,88,36,97
ALT,1996,12,25,8,-0.3,86.7,5.2,-2.2,3.41,-1,8.2,0,953.3,317,3.4,6.9,64,0,64,50,49,49,48,284,75,36,97
ALT,1996,12,25,9,-0.3,84.5,5.1,-2.6,3.34,-1.1,8,0,954.5,316,5.8,8.7,59,0,59,38,38,37,36,292,100,36,97
ALT,1996,12,25,10,-0.6,84.6,5,-2.9,3.27,-1.4,7.6,0,955.1,314,6.4,9.4,70,3,69,43,43,45,41,289,100,36,97
ALT,1996,12,25,11,-0.9,85.3,4.9,-3.1,3.21,-1.7,7.1,0,955.8,316,5.6,8.7,24,0,24,15,14,14,14,286,100,36,97
ALT,1996,12,25,12,-1.2,87.1,4.9,-3.1,3.21,-1.9,6.8,0.2,955.8,322,4,7.4,21,0,21,13,13,12,12,282,100,36,97
ALT,1996,12,25,13,-1.2,89.5,5,-2.7,3.27,-1.7,6.9,0.2,956.4,322,3.4,5.5,14,0,14,9,9,9,8,276,100,36,97
ALT,1996,12,25,14,-1.1,82.7,4.7,-3.7,3.07,-2,6.5,0,957.3,320,4.9,8.4,20,0,20,12,12,12,12,272,100,36,97
ALT,1996,12,25,15,-1.4,82.5,4.6,-4,3,-2.3,6.1,0,958.2,318,5.8,8.2,0,0,0,0,0,0,0,268,100,36,97
ALT,1996,12,25,16,-1.8,82.2,4.4,-4.4,2.87,-2.7,5.3,0,959.5,314,6.7,10.4,0,0,0,0,0,0,0,263,100,36,97
ALT,1996,12,25,17,-2.2,82.7,4.3,-4.7,2.8,-3,4.7,0,960.8,317,7.1,10.5,0,0,0,0,0,0,0,259,100,36,97
ALT,1996,12,25,18,-2.5,82.6,4.2,-5,2.73,-3.3,4.3,0,961.9,314,6.3,9.6,0,0,0,0,0,0,0,255,100,36,97
ALT,1996,12,25,19,-2.8,82.5,4.1,-5.4,2.66,-3.7,3.8,0,963.1,317,6.2,9.2,0,0,0,0,0,0,0,251,100,36,97
ALT,1996,12,25,20,-3.2,86.2,4.2,-5.2,2.72,-3.9,3.5,0,964.2,312,6.3,9.2,0,0,0,0,0,0,0,248,100,36,97
ALT,1996,12,25,21,-3.2,85.5,4.1,-5.3,2.65,-3.9,3.4,0,964.9,313,4.3,7.7,0,0,0,0,0,0,0,245,100,36,97
ALT,1996,12,25,22,-3.1,84.6,4.1,-5.3,2.65,-3.8,3.5,0,965.6,316,3.9,6.7,0,0,0,0,0,0,0,242,100,36,97
ALT,1996,12,25,23,-3.1,84.9,4.1,-5.3,2.65,-3.8,3.5,0,966.2,314,4.9,8.2,0,0,0,0,0,0,0,238,100,36,97
ALT,1996,12,26,0,-3.3,82.9,4,-5.8,2.58,-4.1,3.1,0,966.9,316,5.8,9.7,0,0,0,0,0,0,0,232,88,36,97
ALT,1996,12,26,1,-3.5,82.9,3.9,-6,2.52,-4.3,2.7,0,968.1,320,6.1,9.2,0,0,0,0,0,0,0,230,100,36,97
ALT,1996,12,26,2,-3.8,82.3,3.8,-6.4,2.45,-4.6,2.3,0,968.8,328,5.4,8.6,0,0,0,0,0,0,0,224,100,36,97
ALT,1996,12,26,3,-3.8,82.3,3.8,-6.4,2.45,-4.6,2.3,0,969.5,322,5.3,8.9,0,0,0,0,0,0,0,219,100,36,97
ALT,1996,12,26,4,-4,81.6,3.7,-6.7,2.38,-4.8,1.9,0,970.5,326,5.4,8.3,0,0,0,0,0,0,0,214,100,36,97
ALT,1996,12,26,5,-4.1,77.6,3.5,-7.4,2.25,-5.1,1.5,0,971.4,328,5.2,7.9,0,0,0,0,0,0,0,208,100,36,97
ALT,1996,12,26,6,-4.2,74.4,3.4,-8.1,2.18,-5.3,1.2,0,972.4,325,5.6,8.6,0,0,0,0,0,0,0,203,100,36,97
ALT,1996,12,26,7,-4.2,72.9,3.3,-8.3,2.12,-5.4,1,0,973.4,331,4.7,8,17,0,17,12,12,12,11,203,100,36,97
ALT,1996,12,26,8,-4.1,74.7,3.4,-7.9,2.18,-5.2,1.3,0,974.6,321,3.9,8,70,0,70,45,44,44,43,202,100,36,97
ALT,1996,12,26,9,-3.9,71.4,3.3,-8.3,2.11,-5.2,1.3,0,975.4,324,3.6,6.9,84,0,84,53,52,51,50,201,88,36,97
ALT,1996,12,26,10,-3.5,67.1,3.2,-8.7,2.05,-5,1.6,0,976,332,3.2,5.5,77,0,77,48,47,46,45,200,88,36,97
ALT,1996,12,26,11,-3.3,67.7,3.2,-8.4,2.04,-4.8,1.8,0,976.6,339,4.5,8,25,0,25,16,16,15,15,200,100,36,97
ALT,1996,12,26,12,-3.5,68.1,3.2,-8.5,2.04,-5,1.5,0,976.8,330,5.2,7.9,22,0,22,14,14,13,13,199,100,36,97
ALT,1996,12,26,13,-3.7,69.8,3.2,-8.4,2.04,-5.1,1.3,0,977.5,324,4,7,21,0,21,13,13,13,12,196,68,36,97
ALT,1996,12,26,14,-4,67.1,3.1,-9.2,1.98,-5.5,0.9,0,978.3,333,5.3,8.9,7,0,7,5,5,5,4,196,100,36,97
ALT,1996,12,26,15,-4.4,70.8,3.1,-8.9,1.98,-5.7,0.5,0,978.6,322,4.4,7.3,0,0,0,0,0,0,0,194,100,36,97
ALT,1996,12,26,16,-4.6,71.6,3.1,-8.9,1.98,-5.8,0.3,0,979.2,324,3.6,7.2,0,0,0,0,0,0,0,192,100,36,97
ALT,1996,12,26,17,-4.8,71.3,3.1,-9.2,1.97,-6,0.1,0,979.8,328,5.2,8.8,0,0,0,0,0,0,0,190,100,36,97
ALT,1996,12,26,18,-4.9,70.4,3,-9.4,1.91,-6.2,-0.2,0,980.4,321,4.5,7.5,0,0,0,0,0,0,0,189,100,36,97
ALT,1996,12,26,19,-5.1,70.6,3,-9.6,1.91,-6.3,-0.4,0,980.4,325,3.8,8,0,0,0,0,0,0,0,188,100,36,97
ALT,1996,12,26,20,-5.7,72.1,2.9,-9.9,1.85,-6.8,-1.2,0,980.1,294,1,2.1,0,0,0,0,0,0,0,188,100,36,97
ALT,1996,12,26,21,-6.1,78.4,3,-9.2,1.91,-7,-1.4,0,979.2,156,1.2,2.5,0,0,0,0,0,0,0,187,100,36,97
ALT,1996,12,26,22,-6.9,80.5,3,-9.7,1.91,-7.6,-2.2,0,978.7,112,1.6,3.8,0,0,0,0,0,0,0,187,100,36,97
ALT,1996,12,26,23,-6.7,76.8,2.9,-10.1,1.85,-7.6,-2.2,0,979.1,98,2.1,4.2,0,0,0,0,0,0,0,186,100,36,97
ALT,1996,12,27,0,-6.2,78.5,3,-9.3,1.91,-7,-1.5,0,979.3,129,1.5,4.5,0,0,0,0,0,0,0,183,40,55,97
ALT,1996,12,27,1,-5.9,79.6,3.2,-8.9,2.04,-6.7,-0.9,0,978.7,139,1.8,3.2,0,0,0,0,0,0,0,183,45,55,97
ALT,1996,12,27,2,-6,75.9,3,-9.6,1.92,-7,-1.3,0,976.9,128,2.7,6.1,0,0,0,0,0,0,0,182,20,55,97
ALT,1996,12,27,3,-7.2,71.1,2.5,-11.5,1.6,-8.3,-3.3,0,976.8,92,3.8,7.5,0,0,0,0,0,0,0,182,20,55,97
ALT,1996,12,27,4,-7,71.8,2.6,-11.2,1.66,-8.1,-2.9,0,976,101,3.1,5.8,0,0,0,0,0,0,0,185,75,55,97
ALT,1996,12,27,5,-6.9,76.8,2.8,-10.3,1.79,-7.8,-2.5,0,976.2,118,1.6,3.4,0,0,0,0,0,0,0,186,88,55,97
ALT,1996,12,27,6,-6.9,74.2,2.7,-10.7,1.73,-7.9,-2.7,0,975.8,103,2.2,4.3,0,0,0,0,0,0,0,188,100,55,97
ALT,1996,12,27,7,-6.9,80.4,2.9,-9.7,1.86,-7.6,-2.4,0,974.7,143,2,4.4,3,0,3,2,2,2,2,192,100,55,97
ALT,1996,12,27,8,-6.8,74,2.7,-10.7,1.73,-7.8,-2.6,0,974.7,108,0.6,1.6,13,0,13,9,9,9,9,196,100,55,97
ALT,1996,12,27,9,-6.3,77.2,3,-9.6,1.92,-7.2,-1.6,0,975,225,0.8,2.8,64,0,64,61,61,61,61,200,88,55,97
ALT,1996,12,27,10,-6,81.1,3.2,-8.7,2.05,-6.8,-1,0,973.4,297,0.8,2.2,31,0,31,23,23,22,22,205,100,55,97
ALT,1996,12,27,11,-5.6,76.3,3.1,-9.1,1.99,-6.6,-0.7,0,971.7,283,0.9,2.7,145,118,105,83,83,210,111,207,80,55,97
ALT,1996,12,27,12,-5,76.7,3.3,-8.5,2.12,-6,0.2,0,970.4,304,2.2,4.7,200,147,155,121,120,271,183,207,50,55,97
ALT,1996,12,27,13,-5.1,81.4,3.4,-7.8,2.19,-5.9,0.3,0,969.4,311,3.1,5.6,34,0,34,52,52,53,53,202,13,55,97
ALT,1996,12,27,14,-5.5,82.4,3.4,-8,2.19,-6.2,-0.1,0,968.6,312,2.7,5,36,0,36,52,52,52,53,200,0,55,97
ALT,1996,12,27,15,-5.4,81.6,3.3,-8,2.13,-6.2,-0.2,0,968.2,310,1.8,3.2,6,0,6,6,6,6,6,199,0,55,97
ALT,1996,12,27,16,-5.4,83,3.4,-7.8,2.19,-6.1,0,0,968,308,1.9,3.9,0,0,0,0,0,0,0,204,43,55,97
ALT,1996,12,27,17,-5.3,79.9,3.3,-8.2,2.13,-6.1,-0.1,0,967.3,79,0.7,2.7,0,0,0,0,0,0,0,206,58,55,97
ALT,1996,12,27,18,-5.4,81.2,3.3,-8.1,2.13,-6.2,-0.2,0,966.3,290,1.2,2.4,0,0,0,0,0,0,0,199,13,55,97
ALT,1996,12,27,19,-5.3,77.6,3.2,-8.6,2.07,-6.2,-0.2,0,966.4,308,1.2,3.5,0,0,0,0,0,0,0,199,13,55,97
ALT,1996,12,27,20,-5.2,77.9,3.2,-8.4,2.07,-6.1,-0.1,0,965.7,101,1,3.2,0,0,0,0,0,0,0,209,88,55,97
ALT,1996,12,27,21,-5.3,77.1,3.2,-8.7,2.07,-6.3,-0.2,0,964.4,93,2.2,4.4,0,0,0,0,0,0,0,211,100,55,97
ALT,1996,12,27,22,-5.7,75.4,3,-9.3,1.94,-6.7,-0.9,0,964,93,1.8,4.5,0,0,0,0,0,0,0,211,100,55,97
ALT,1996,12,27,23,-5.8,78.1,3.1,-9,2.01,-6.7,-0.9,0,963.4,149,0.7,1.7,0,0,0,0,0,0,0,211,100,55,97
ALT,1996,12,28,0,-5.9,82,3.2,-8.5,2.07,-6.6,-0.8,0,963,135,0.4,1,0,0,0,0,0,0,0,211,100,51,97
ALT,1996,12,28,1,-5.9,81.7,3.2,-8.5,2.07,-6.6,-0.8,0,963.1,113,0.8,1.6,0,0,0,0,0,0,0,209,88,51,97
ALT,1996,12,28,2,-6,84.5,3.3,-8.2,2.14,-6.6,-0.7,0,962.7,152,1.7,3.6,0,0,0,0,0,0,0,200,33,51,97
ALT,1996,12,28,3,-6.4,86.4,3.3,-8.3,2.14,-6.9,-1.1,0,961.8,135,2.3,4.1,0,0,0,0,0,0,0,194,0,51,97
ALT,1996,12,28,4,-6.8,87.5,3.2,-8.5,2.08,-7.3,-1.7,0,961.4,141,1.3,2.9,0,0,0,0,0,0,0,193,0,51,97
ALT,1996,12,28,5,-7,88.5,3.2,-8.6,2.08,-7.4,-1.9,0,961.2,146,1.4,2.4,0,0,0,0,0,0,0,193,0,51,97
ALT,1996,12,28,6,-7.3,90.5,3.2,-8.6,2.08,-7.7,-2.2,0,960.8,142,1.6,2.4,0,0,0,0,0,0,0,193,0,51,97
ALT,1996,12,28,7,-7.7,91.4,3.1,-8.9,2.01,-8,-2.8,0,960.7,143,0.5,1.4,14,0,14,15,15,15,15,194,0,51,97
ALT,1996,12,28,8,-6.9,88.6,3.2,-8.5,2.08,-7.3,-1.8,0,960.7,124,0.7,1.5,47,0,47,65,66,66,67,197,13,51,97
ALT,1996,12,28,9,-6.3,86.1,3.3,-8.2,2.14,-6.8,-1,0,960.9,117,0.9,1.9,152,152,108,105,178,256,106,202,40,51,97
ALT,1996,12,28,10,-4.8,81.4,3.5,-7.5,2.27,-5.6,0.8,0,960.6,108,0.9,2,340,731,103,122,321,855,129,197,0,51,97
ALT,1996,12,28,11,-3.6,79,3.7,-6.7,2.41,-4.6,2.4,0,960,166,0.4,1.9,358,746,106,127,165,887,201,198,0,51,97
ALT,1996,12,28,12,-3.2,79.6,3.8,-6.2,2.47,-4.2,2.9,0,959.5,307,2.6,5.8,183,365,66,71,72,435,181,201,13,51,97
ALT,1996,12,28,13,-3.6,82.8,3.9,-6.1,2.54,-4.4,2.7,0,959.5,316,4.2,6.6,66,0,66,91,92,92,93,200,13,51,97
ALT,1996,12,28,14,-3.8,83.3,3.8,-6.2,2.47,-4.6,2.3,0,959.5,324,3,4.8,36,0,36,49,50,50,51,197,0,51,97
ALT,1996,12,28,15,-3.9,83.3,3.8,-6.3,2.47,-4.7,2.2,0,959.8,315,2.6,4.1,7,0,7,6,6,6,6,197,0,51,97
ALT,1996,12,28,16,-4.1,83.1,3.8,-6.5,2.47,-4.8,2,0,960,313,2.6,4.4,0,0,0,0,0,0,0,196,0,51,97
ALT,1996,12,28,17,-4.4,84.7,3.7,-6.6,2.41,-5.1,1.5,0,960.5,318,4.6,7.6,0,0,0,0,0,0,0,195,0,51,97
ALT,1996,12,28,18,-5.2,85.3,3.5,-7.3,2.27,-5.8,0.4,0,961.1,319,5.2,7.9,0,0,0,0,0,0,0,194,0,51,97
ALT,1996,12,28,19,-5.7,86.7,3.5,-7.6,2.27,-6.3,-0.1,0,961.2,322,4.2,7,0,0,0,0,0,0,0,192,0,51,97
ALT,1996,12,28,20,-5.8,87.1,3.4,-7.6,2.21,-6.3,-0.4,0,961.4,316,3.1,5,0,0,0,0,0,0,0,191,0,51,97
ALT,1996,12,28,21,-6,87.3,3.4,-7.8,2.21,-6.5,-0.6,0,961.3,312,2.4,4,0,0,0,0,0,0,0,189,0,51,97
ALT,1996,12,28,22,-6.1,87.3,3.4,-7.9,2.21,-6.6,-0.7,0,961.7,317,3.3,6.3,0,0,0,0,0,0,0,187,0,51,97
ALT,1996,12,28,23,-6.3,87.3,3.3,-8.1,2.14,-6.8,-1,0,961.9,316,3.8,6.3,0,0,0,0,0,0,0,186,0,51,97
ALT,1996,12,29,0,-6.5,87.8,3.3,-8.2,2.14,-7,-1.2,0,961.9,322,4.3,7.4,0,0,0,0,0,0,0,195,75,50,97
ALT,1996,12,29,1,-6.8,87.5,3.2,-8.5,2.08,-7.3,-1.7,0,961.9,323,4,7.1,0,0,0,0,0,0,0,195,75,50,97
ALT,1996,12,29,2,-6.8,87.3,3.2,-8.6,2.08,-7.3,-1.7,0,961.6,321,2.2,4.1,0,0,0,0,0,0,0,194,68,50,97
ALT,1996,12,29,3,-6.9,87,3.2,-8.7,2.08,-7.4,-1.8,0,960.9,311,1,2.5,0,0,0,0,0,0,0,199,100,50,97
ALT,1996,12,29,4,-6.8,87.8,3.2,-8.5,2.08,-7.3,-1.7,0,960.3,323,1,2,0,0,0,0,0,0,0,196,75,50,97
ALT,1996,12,29,5,-6.6,86.8,3.2,-8.4,2.08,-7.1,-1.5,0,960.4,328,1.3,4.3,0,0,0,0,0,0,0,195,68,50,97
ALT,1996,12,29,6,-6.5,85.5,3.2,-8.5,2.08,-7.1,-1.4,0,960.7,314,3.5,5.9,0,0,0,0,0,0,0,197,75,50,97
ALT,1996,12,29,7,-6.7,85.4,3.2,-8.7,2.08,-7.3,-1.6,0,961,325,3.7,6.2,15,0,15,11,11,10,10,198,68,50,97
ALT,1996,12,29,8,-6.7,85.5,3.2,-8.7,2.08,-7.3,-1.6,0,960.8,306,1.7,3.9,14,0,14,10,10,10,9,197,50,50,97
ALT,1996,12,29,9,-6.4,83.9,3.2,-8.7,2.08,-7,-1.3,0,960.5,323,0.5,1.8,25,0,25,18,17,17,17,196,25,50,97
ALT,1996,12,29,10,-6.1,83.1,3.2,-8.5,2.08,-6.8,-1,0,960,324,2.4,4.7,129,79,103,76,97,159,74,198,25,50,97
ALT,1996,12,29,11,-6,82.2,3.2,-8.5,2.08,-6.7,-0.9,0,959.5,318,2.9,5.6,182,68,159,116,116,186,126,204,50,50,97
ALT,1996,12,29,12,-6.1,82,3.2,-8.7,2.08,-6.8,-1,0,959.3,313,3.5,5.8,178,81,153,112,110,193,139,206,55,50,97
ALT,1996,12,29,13,-6.2,81.5,3.1,-8.8,2.02,-6.9,-1.3,0,959.5,315,4.2,6.4,101,0,101,92,92,92,91,204,50,50,97
ALT,1996,12,29,14,-6.3,82.2,3.2,-8.8,2.08,-7,-1.2,0,959.2,318,2.4,5.1,32,0,32,23,22,22,22,203,60,50,97
ALT,1996,12,29,15,-6.3,81.1,3.1,-9,2.02,-7,-1.3,0,958.7,323,0.6,1.9,2,0,2,1,1,1,1,200,50,50,97
ALT,1996,12,29,16,-6.2,82.4,3.2,-8.7,2.08,-6.9,-1.1,0,958.5,342,1,2.3,0,0,0,0,0,0,0,199,55,50,97
ALT,1996,12,29,17,-6.2,81.9,3.2,-8.8,2.08,-6.9,-1.1,0,958.4,346,0.4,1.5,0,0,0,0,0,0,0,199,68,50,97
ALT,1996,12,29,18,-6.1,81.9,3.2,-8.7,2.08,-6.8,-1,0,958.1,342,0.4,1.3,0,0,0,0,0,0,0,195,50,50,97
ALT,1996,12,29,19,-6,78.4,3.1,-9.1,2.02,-6.9,-1,0,957.7,77,1.2,4.2,0,0,0,0,0,0,0,196,50,50,97
ALT,1996,12,29,20,-6.4,73.8,2.8,-10.3,1.83,-7.4,-1.9,0,957.1,92,3,4.7,0,0,0,0,0,0,0,197,45,50,97
ALT,1996,12,29,21,-7.2,74.9,2.7,-10.9,1.76,-8.1,-2.9,0,956.6,88,3.2,5.3,0,0,0,0,0,0,0,197,40,50,97
ALT,1996,12,29,22,-7.9,77.2,2.6,-11.2,1.7,-8.7,-3.8,0,956.1,95,2.2,4.8,0,0,0,0,0,0,0,198,40,50,97
ALT,1996,12,29,23,-7.9,81.5,2.8,-10.5,1.83,-8.6,-3.4,0,955.4,124,1.8,4.2,0,0,0,0,0,0,0,201,60,50,97
ALT,1996,12,30,0,-7.8,84.2,2.9,-10,1.89,-8.4,-3.2,0,955.1,126,1.7,2.7,0,0,0,0,0,0,0,209,100,48,97
ALT,1996,12,30,1,-7.3,84,3,-9.5,1.96,-7.9,-2.5,0,954.2,153,2.3,4.8,0,0,0,0,0,0,0,211,100,48,97
ALT,1996,12,30,2,-6.9,82.3,3,-9.4,1.96,-7.6,-2.1,0,953.5,149,1.3,2.8,0,0,0,0,0,0,0,214,100,48,97
ALT,1996,12,30,3,-6.7,82,3,-9.3,1.97,-7.4,-1.9,0,951.8,172,3,6.7,0,0,0,0,0,0,0,216,100,48,97
ALT,1996,12,30,4,-6.3,78.2,3,-9.5,1.97,-7.2,-1.5,0,950.2,152,3.5,6.9,0,0,0,0,0,0,0,218,100,48,97
ALT,1996,12,30,5,-6.1,79.6,3.1,-9,2.04,-6.9,-1.1,0,950.3,360,1.7,3.6,0,0,0,0,0,0,0,220,100,48,97
ALT,1996,12,30,6,-5.7,79,3.2,-8.8,2.1,-6.6,-0.5,0,950.2,114,1.2,2.7,0,0,0,0,0,0,0,222,100,48,97
ALT,1996,12,30,7,-5.5,79.1,3.2,-8.5,2.1,-6.4,-0.3,0,949.6,168,2.5,4.6,3,0,3,2,2,2,2,225,100,48,97
ALT,1996,12,30,8,-5.2,79,3.3,-8.3,2.17,-6.1,0.1,0,948.9,145,1.6,3.9,12,0,12,8,8,8,8,227,100,48,97
ALT,1996,12,30,9,-4.5,75.5,3.3,-8.2,2.17,-5.6,0.9,0,948.4,217,0.5,2,22,0,22,15,15,15,15,230,100,48,97
ALT,1996,12,30,10,-4,74.3,3.4,-7.9,2.24,-5.2,1.5,0,948.2,315,0.5,1.9,29,0,29,21,20,20,20,232,100,48,97
ALT,1996,12,30,11,-3.1,75.9,3.7,-6.7,2.44,-4.2,2.9,0,947.9,135,0.7,3.8,32,0,32,22,22,22,21,235,100,48,97
ALT,1996,12,30,12,-2.7,77.4,3.9,-6.1,2.57,-3.8,3.7,0,947.6,328,1.4,3.3,28,0,28,19,19,19,18,236,100,48,97
ALT,1996,12,30,13,-2.8,77,3.9,-6.3,2.57,-3.9,3.6,0,947.8,322,1.8,4.9,19,0,19,13,13,13,13,235,100,48,97
ALT,1996,12,30,14,-2.7,80.4,4.1,-5.6,2.7,-3.6,4,0,948,314,2.9,4.6,55,0,55,46,45,45,45,225,63,48,97
ALT,1996,12,30,15,-2.8,81,4,-5.6,2.64,-3.7,3.7,0,948.2,318,1.5,2.8,9,0,9,7,7,7,7,215,20,48,97
ALT,1996,12,30,16,-2.8,78.5,3.9,-6,2.57,-3.8,3.6,0,948.6,325,2.5,4.3,0,0,0,0,0,0,0,219,45,48,97
ALT,1996,12,30,17,-2.8,78.1,3.9,-6.1,2.57,-3.9,3.6,0,948.9,317,1.8,3,0,0,0,0,0,0,0,218,43,48,97
ALT,1996,12,30,18,-2.8,82.5,4.1,-5.4,2.7,-3.7,3.9,0,949.5,307,3.4,6.3,0,0,0,0,0,0,0,208,0,48,97
ALT,1996,12,30,19,-3.3,82.9,4,-5.8,2.63,-4.1,3.2,0,949.8,317,5.3,7.6,0,0,0,0,0,0,0,213,25,48,97
ALT,1996,12,30,20,-3.7,82.4,3.9,-6.3,2.56,-4.5,2.6,0,950.1,322,4.1,6.7,0,0,0,0,0,0,0,216,40,48,97
ALT,1996,12,30,21,-3.9,82.2,3.8,-6.5,2.5,-4.7,2.3,0,950.5,320,4.5,7,0,0,0,0,0,0,0,216,45,48,97
ALT,1996,12,30,22,-4.1,84.6,3.8,-6.3,2.5,-4.8,2.1,0,951.1,320,4.8,7.1,0,0,0,0,0,0,0,217,50,48,97
ALT,1996,12,30,23,-4.3,84.8,3.8,-6.5,2.49,-5,1.9,0,951.5,318,4.7,6.8,0,0,0,0,0,0,0,217,55,48,97
ALT,1996,12,31,0,-4.3,85.1,3.8,-6.4,2.49,-5,1.9,0,951.8,319,3.7,6.1,0,0,0,0,0,0,0,218,62,45,97
ALT,1996,12,31,1,-4.3,84.7,3.8,-6.5,2.49,-5,1.9,0,952.2,323,3.7,5.9,0,0,0,0,0,0,0,219,68,45,97
ALT,1996,12,31,2,-4.4,84.9,3.8,-6.6,2.49,-5.1,1.8,0,952.5,321,3.6,5.7,0,0,0,0,0,0,0,220,75,45,97
ALT,1996,12,31,3,-4.4,84.3,3.7,-6.6,2.43,-5.1,1.6,0,952.7,318,4.2,6.8,0,0,0,0,0,0,0,219,68,45,97
ALT,1996,12,31,4,-4.4,84,3.7,-6.7,2.42,-5.1,1.6,0,953.2,321,4.6,6.9,0,0,0,0,0,0,0,216,55,45,97
ALT,1996,12,31,5,-4.5,81.8,3.6,-7.1,2.36,-5.3,1.3,0,953.8,319,4.1,6.5,0,0,0,0,0,0,0,221,80,45,97
ALT,1996,12,31,6,-4.5,81.7,3.6,-7.1,2.36,-5.3,1.3,0,954,324,3.2,5.3,0,0,0,0,0,0,0,225,100,45,97
ALT,1996,12,31,7,-4.4,82.1,3.6,-7,2.36,-5.2,1.4,0,954.4,320,2.7,4.3,3,0,3,2,2,2,2,220,75,45,97
ALT,1996,12,31,8,-4.3,81.3,3.6,-7,2.35,-5.1,1.5,0,954.9,319,3,5.1,22,0,22,15,15,15,14,218,60,45,97
ALT,1996,12,31,9,-4,79,3.6,-7.1,2.35,-4.9,1.8,0,955.6,320,3.4,6.2,23,0,23,16,15,15,15,225,88,45,97
ALT,1996,12,31,10,-3.8,78.4,3.6,-7,2.35,-4.8,2,0,956.6,330,4,6.7,87,4,85,58,58,61,55,222,68,45,97
ALT,1996,12,31,11,-3.7,76.7,3.6,-7.2,2.35,-4.8,2.1,0,956.8,333,3.3,6.6,199,94,167,117,119,215,128,221,60,45,97
ALT,1996,12,31,12,-3.5,75.9,3.6,-7.1,2.35,-4.6,2.3,0,956.4,284,0.8,4.1,199,132,157,111,110,245,160,225,75,45,97
ALT,1996,12,31,13,-3,73.1,3.6,-7.1,2.35,-4.3,2.8,0,956.5,302,0.9,2.3,105,0,105,85,84,84,83,227,75,45,97
ALT,1996,12,31,14,-3,76.3,3.8,-6.6,2.48,-4.1,3.1,0,957.2,321,2.1,4.1,52,0,52,47,47,47,46,225,60,45,97
ALT,1996,12,31,15,-3.2,80.6,3.9,-6.1,2.54,-4.1,3.1,0,957.6,318,2.4,3.9,6,0,6,4,4,4,4,222,45,45,97
ALT,1996,12,31,16,-3.4,80.4,3.8,-6.3,2.51,-4.3,2.8,0,957.9,304,1.8,3.3,0,0,0,0,0,0,0,234,88,45,97
ALT,1996,12,31,17,-3.6,80.5,3.8,-6.4,2.48,-4.4,2.6,0,958,333,0.4,1.4,0,0,0,0,0,0,0,235,88,45,97
ALT,1996,12,31,18,-3.8,81.2,3.8,-6.5,2.45,-4.7,2.3,0,957.8,108,0.7,2.4,0,0,0,0,0,0,0,240,100,45,97
ALT,1996,12,31,19,-3.9,81.5,3.7,-6.6,2.44,-4.8,2.1,0,957.6,125,1.6,3.4,0,0,0,0,0,0,0,242,100,45,97
ALT,1996,12,31,20,-3.6,81.8,3.9,-6.2,2.52,-4.4,2.7,0,957.5,146,1.2,2.4,0,0,0,0,0,0,0,245,100,45,97
ALT,1996,12,31,21,-2.9,81.6,4.1,-5.6,2.68,-3.8,3.8,0,957.6,158,0.6,1.8,0,0,0,0,0,0,0,242,80,45,97
ALT,1996,12,31,22,-2.1,81,4.3,-4.9,2.83,-3.1,5,0,957.8,162,0.7,1.6,0,0,0,0,0,0,0,246,88,45,97
ALT,1996,12,31,23,-0.9,80.3,4.7,-3.9,3.06,-2,6.7,0,958.2,135,0.3,1.3,0,0,0,0,0,0,0,252,100,45,97
