station,time.yy,time.mm,time.dd,time.hh,temp,relhum,vappres,dewpt,mixratio,wetbulb,enthalpy,precip,airpres,winddir,windmean,windmax,rad.global,rad.direct,rad.diffus,rad.vert.N,rad.vert.E,rad.vert.S,rad.vert.W,ir.horiz,cloudcov,albedo,emissivity
GVESTA,2012,1,1,0,7.6,84.2,8.8,5.1,5.65,6.4,21.8,0,978,304,0.8,2.2,0,0,0,0,0,0,0,338,100,26,97
GVESTA,2012,1,1,1,7.9,82.4,8.8,5.1,5.65,6.5,22.1,0,978.2,288,0.8,2.5,0,0,0,0,0,0,0,326,69,26,97
GVESTA,2012,1,1,2,7.7,83.6,8.8,5.1,5.65,6.4,21.9,0,978.2,252,1.1,2.8,0,0,0,0,0,0,0,304,26,26,97
GVESTA,2012,1,1,3,7.4,84.7,8.7,5,5.58,6.2,21.5,0,977.9,242,1.5,2.9,0,0,0,0,0,0,0,298,29,26,97
GVESTA,2012,1,1,4,7.6,83.6,8.7,5,5.58,6.3,21.7,0,977.9,207,0.6,1.3,0,0,0,0,0,0,0,305,36,26,97
GVESTA,2012,1,1,5,7.3,83,8.5,4.6,5.45,6,21,0,978.2,259,0.6,2.3,0,0,0,0,0,0,0,302,41,26,97
GVESTA,2012,1,1,6,7.6,83.6,8.7,5,5.58,6.3,21.7,0,978.5,252,0.6,1.4,0,0,0,0,0,0,0,326,71,26,97
GVESTA,2012,1,1,7,7.9,84.8,9,5.5,5.77,6.7,22.4,0.1,978.9,0,0.5,2.4,1,0,1,1,1,1,1,340,88,26,97
GVESTA,2012,1,1,8,8.5,84.8,9.4,6.1,6.03,7.3,23.7,0,979.2,360,0.7,2.3,21,0,21,13,13,13,13,338,94,26,97
GVESTA,2012,1,1,9,9.1,83.8,9.7,6.5,6.22,7.8,24.8,0.1,979.2,225,0.9,3.7,47,2,46,28,29,30,28,344,100,26,97
GVESTA,2012,1,1,10,9.8,84.4,10.2,7.3,6.55,8.5,26.3,0,978.7,225,1.2,3,116,8,113,69,72,76,69,346,100,26,97
GVESTA,2012,1,1,11,10.4,85.1,10.7,8,6.88,9.1,27.8,0,977.8,217,2.6,5.1,214,233,132,81,81,320,114,342,84,26,97
GVESTA,2012,1,1,12,11.1,81.2,10.7,8,6.89,9.4,28.5,0,977,225,2.4,4.3,197,216,123,74,73,296,132,327,78,26,97
GVESTA,2012,1,1,13,11.4,80.1,10.8,8.1,6.96,9.6,29,0,976.4,238,2.7,4.6,111,47,97,59,58,103,81,339,88,26,97
GVESTA,2012,1,1,14,11.9,78.1,10.9,8.2,7.02,9.9,29.7,0,976.3,242,2,4.4,59,30,53,32,32,57,52,338,88,26,97
GVESTA,2012,1,1,15,11.9,77.5,10.8,8.1,6.96,9.9,29.5,0,976.3,274,1.5,3.9,4,0,4,3,3,3,3,340,88,26,97
GVESTA,2012,1,1,16,11,80.1,10.5,7.7,6.76,9.3,28.1,0,976.1,281,1.6,3.4,0,0,0,0,0,0,0,330,75,26,97
GVESTA,2012,1,1,17,10.2,79.4,9.9,6.8,6.37,8.4,26.3,0,976.4,274,1.4,3.6,0,0,0,0,0,0,0,335,94,26,97
GVESTA,2012,1,1,18,9.7,81.6,9.8,6.7,6.31,8.2,25.6,0,976.1,288,0.9,2.6,0,0,0,0,0,0,0,340,100,26,97
GVESTA,2012,1,1,19,9.6,82.1,9.8,6.7,6.31,8.1,25.5,0,975.9,249,1.5,2.6,0,0,0,0,0,0,0,340,100,26,97
GVESTA,2012,1,1,20,9,82.6,9.5,6.2,6.12,7.6,24.4,0,975.2,225,1.3,2.8,0,0,0,0,0,0,0,339,100,26,97
GVESTA,2012,1,1,21,7.8,86,9.1,5.6,5.86,6.7,22.6,0,974.6,240,1.6,3.1,0,0,0,0,0,0,0,338,100,26,97
GVESTA,2012,1,1,22,8,84.2,9,5.5,5.8,6.8,22.6,0,973.9,225,0.8,2,0,0,0,0,0,0,0,337,100,26,97
GVESTA,2012,1,1,23,8.2,83.1,9,5.5,5.81,6.9,22.8,0,973.2,245,3.1,6.8,0,0,0,0,0,0,0,336,100,26,97
GVESTA,2012,1,2,0,8.3,82.5,9,5.5,5.81,6.9,22.9,0,972.7,257,3.5,7,0,0,0,0,0,0,0,336,100,26,97
GVESTA,2012,1,2,1,7.6,84.2,8.8,5.1,5.68,6.4,21.9,0,972.4,267,2,4.5,0,0,0,0,0,0,0,336,100,26,97
GVESTA,2012,1,2,2,7.3,81.2,8.3,4.3,5.36,5.9,20.8,0,972.1,248,2.4,5.9,0,0,0,0,0,0,0,332,88,26,97
GVESTA,2012,1,2,3,7.6,80.7,8.4,4.5,5.43,6.1,21.3,0,971.4,239,2.7,5.9,0,0,0,0,0,0,0,336,100,26,97
GVESTA,2012,1,2,4,9.9,72,8.8,5.1,5.69,7.5,24.3,0,970.7,227,4.9,9.7,0,0,0,0,0,0,0,336,100,26,97
GVESTA,2012,1,2,5,9.6,76.1,9.1,5.6,5.89,7.6,24.5,0,970.4,211,5.9,10.5,0,0,0,0,0,0,0,336,100,26,97
GVESTA,2012,1,2,6,9.5,78.2,9.3,5.9,6.02,7.7,24.7,0,970.3,224,5.1,8.3,0,0,0,0,0,0,0,336,100,26,97
GVESTA,2012,1,2,7,9.6,80.4,9.6,6.4,6.21,8,25.3,0.1,970.4,202,5.7,9.5,1,0,1,1,1,1,1,337,100,26,97
GVESTA,2012,1,2,8,9.5,86.1,10.2,7.3,6.6,8.4,26.2,0.7,971,209,5.6,8.7,6,0,6,4,4,4,4,337,100,26,97
GVESTA,2012,1,2,9,9.6,86.1,10.3,7.4,6.67,8.5,26.4,1.3,971.5,215,5.9,11,17,0,17,10,10,10,10,337,100,26,97
GVESTA,2012,1,2,10,9.5,87.9,10.4,7.6,6.73,8.5,26.5,4.6,972.2,217,6.5,10.9,22,0,22,13,13,13,13,337,100,26,97
GVESTA,2012,1,2,11,8.9,80.9,9.2,5.8,5.94,7.3,23.9,1.7,971.9,232,5.1,10.7,18,0,18,11,11,11,11,337,100,26,97
GVESTA,2012,1,2,12,8.6,78.1,8.7,5,5.61,6.8,22.8,0.3,972.8,196,3.8,7.8,16,0,16,10,10,10,10,336,100,26,97
GVESTA,2012,1,2,13,8.4,75.4,8.3,4.3,5.35,6.4,21.9,0.1,974.1,217,4.1,7.3,13,0,13,8,8,8,8,335,100,26,97
GVESTA,2012,1,2,14,7.7,80.1,8.4,4.5,5.41,6.2,21.3,0.2,975,201,3.6,7.2,8,0,8,5,5,5,5,333,100,26,97
GVESTA,2012,1,2,15,7.6,79.6,8.3,4.3,5.34,6,21,0.1,975.6,198,4.3,7.6,1,0,1,1,1,1,1,331,100,26,97
GVESTA,2012,1,2,16,7.4,78.4,8.1,3.9,5.2,5.7,20.5,0,976.2,232,2.3,5.2,0,0,0,0,0,0,0,330,100,26,97
GVESTA,2012,1,2,17,6.9,80.6,8,3.8,5.14,5.4,19.8,0,976.6,229,3.5,8.2,0,0,0,0,0,0,0,328,100,26,97
GVESTA,2012,1,2,18,7.3,74.1,7.6,3,4.87,5.3,19.6,0,977.4,216,4.1,8.4,0,0,0,0,0,0,0,313,66,26,97
GVESTA,2012,1,2,19,6.8,77.8,7.7,3.2,4.94,5.1,19.2,0,978.1,266,1.7,4.4,0,0,0,0,0,0,0,299,50,26,97
GVESTA,2012,1,2,20,6.7,79.4,7.8,3.4,5,5.2,19.3,0.7,978.6,236,1.3,4.8,0,0,0,0,0,0,0,320,94,26,97
GVESTA,2012,1,2,21,6.1,81.6,7.7,3.2,4.93,4.8,18.5,0,979.6,228,2.6,4.8,0,0,0,0,0,0,0,321,100,26,97
GVESTA,2012,1,2,22,6.4,73.9,7.1,2.1,4.54,4.5,17.8,0,980.3,238,1.7,4.1,0,0,0,0,0,0,0,304,46,26,97
GVESTA,2012,1,2,23,6.1,76.6,7.2,2.3,4.6,4.4,17.7,0,981.2,69,1.6,4,0,0,0,0,0,0,0,299,61,26,97
GVESTA,2012,1,3,0,5.7,78.7,7.2,2.3,4.59,4.2,17.3,0.2,981.9,175,1.7,3,0,0,0,0,0,0,0,296,68,26,97
GVESTA,2012,1,3,1,5.3,82.1,7.3,2.5,4.66,4,17,0,982.7,288,1.4,3.5,0,0,0,0,0,0,0,284,23,26,97
GVESTA,2012,1,3,2,4.4,83.8,7,1.9,4.46,3.3,15.6,0,983.4,254,1,3,0,0,0,0,0,0,0,263,6,26,97
GVESTA,2012,1,3,3,3.6,80.7,6.4,0.6,4.07,2.3,13.8,0,983.6,225,0.6,1.7,0,0,0,0,0,0,0,261,0,26,97
GVESTA,2012,1,3,4,2.2,84.1,6,-0.2,3.82,1.2,11.8,0,983.5,276,1.1,2.4,0,0,0,0,0,0,0,259,0,26,97
GVESTA,2012,1,3,5,1.8,83.4,5.8,-0.7,3.69,0.8,11,0,983.5,207,0.6,2.3,0,0,0,0,0,0,0,257,0,26,97
GVESTA,2012,1,3,6,1.7,82.8,5.7,-0.9,3.63,0.7,10.8,0,983.6,233,0.6,1.4,0,0,0,0,0,0,0,273,56,26,97
GVESTA,2012,1,3,7,1.5,84,5.7,-0.9,3.63,0.6,10.6,0,983.7,275,1.3,2.8,18,79,12,7,70,60,7,275,26,26,97
GVESTA,2012,1,3,8,1.8,84.7,5.9,-0.5,3.75,0.9,11.2,0,984.1,241,1.1,2.5,138,529,52,33,403,441,33,273,13,26,97
GVESTA,2012,1,3,9,3.6,79.5,6.3,0.4,4.01,2.3,13.6,0,984.2,231,1.3,2.6,220,491,91,58,325,499,58,297,50,26,97
GVESTA,2012,1,3,10,4.8,75.8,6.5,0.9,4.14,3.1,15.2,0,984,231,1.5,3.2,288,548,110,72,268,605,72,299,48,26,97
GVESTA,2012,1,3,11,5.6,72.7,6.6,1.1,4.2,3.6,16.2,0,983.1,254,1.9,3.6,343,628,120,75,132,719,112,304,59,26,97
GVESTA,2012,1,3,12,6.9,68.4,6.8,1.5,4.33,4.5,17.8,0,982.6,240,3.4,7.6,123,8,121,74,73,80,76,322,100,26,97
GVESTA,2012,1,3,13,7,65.1,6.5,0.9,4.14,4.3,17.4,0,982.3,233,3.9,6.6,152,93,126,76,76,163,126,320,100,26,97
GVESTA,2012,1,3,14,7,62.8,6.3,0.4,4.02,4.1,17.1,0,982.1,238,3.6,6.1,68,31,62,37,37,63,57,321,100,26,97
GVESTA,2012,1,3,15,6.5,65.9,6.4,0.6,4.08,3.9,16.8,0,982,239,3.6,6,10,2,10,6,6,7,8,321,100,26,97
GVESTA,2012,1,3,16,5.9,65.8,6.1,0,3.89,3.4,15.7,0,982,237,2.5,5.1,0,0,0,0,0,0,0,319,90,26,97
GVESTA,2012,1,3,17,5.5,68.6,6.2,0.2,3.95,3.2,15.4,0,982.2,231,4.5,8.7,0,0,0,0,0,0,0,304,25,26,97
GVESTA,2012,1,3,18,5.4,68.1,6.1,0,3.89,3.1,15.2,0,982.6,234,2.9,8.7,0,0,0,0,0,0,0,299,41,26,97
GVESTA,2012,1,3,19,5.6,66.2,6,-0.2,3.82,3.2,15.2,0,982,225,3.4,6.6,0,0,0,0,0,0,0,309,75,26,97
GVESTA,2012,1,3,20,5.8,66.2,6.1,0,3.89,3.3,15.6,0,981.2,241,3.8,7.7,0,0,0,0,0,0,0,311,68,26,97
GVESTA,2012,1,3,21,6.4,63.6,6.1,0,3.89,3.7,16.2,0,980.5,250,3.8,7.9,0,0,0,0,0,0,0,316,56,26,97
GVESTA,2012,1,3,22,6.1,65.8,6.2,0.2,3.96,3.6,16.1,0,980,236,5,9.4,0,0,0,0,0,0,0,320,88,26,97
GVESTA,2012,1,3,23,6.2,67.3,6.4,0.6,4.09,3.8,16.5,0,979.2,247,4.6,8.4,0,0,0,0,0,0,0,316,81,26,97
GVESTA,2012,1,4,0,6.3,66.8,6.4,0.6,4.1,3.8,16.6,0,978.1,253,5,9.8,0,0,0,0,0,0,0,325,100,27,97
GVESTA,2012,1,4,1,6.6,65.5,6.4,0.6,4.1,4,16.9,0,977.2,253,5.6,11.6,0,0,0,0,0,0,0,325,100,27,97
GVESTA,2012,1,4,2,6.2,72.9,6.9,1.7,4.43,4.2,17.3,0.3,976.2,252,5.8,10.6,0,0,0,0,0,0,0,326,100,27,97
GVESTA,2012,1,4,3,6.5,81.7,7.9,3.6,5.08,5.1,19.3,2,975.4,249,5,10.5,0,0,0,0,0,0,0,326,100,27,97
GVESTA,2012,1,4,4,6.5,87,8.4,4.5,5.41,5.5,20.1,2,974.9,240,6.7,12.1,0,0,0,0,0,0,0,327,100,27,97
GVESTA,2012,1,4,5,7.3,84.1,8.6,4.8,5.52,6.1,21.2,1.6,976.9,249,6.1,11.8,0,0,0,0,0,0,0,328,100,27,97
GVESTA,2012,1,4,6,7.6,69.1,7.2,2.3,4.61,5.2,19.2,0.5,978.5,272,4.8,10.9,0,0,0,0,0,0,0,328,100,27,97
GVESTA,2012,1,4,7,8.2,63.5,6.9,1.7,4.41,5.3,19.3,0,980.4,267,2,7.2,2,0,2,1,1,1,1,327,100,27,97
GVESTA,2012,1,4,8,7.9,68.6,7.3,2.5,4.66,5.4,19.6,1.5,982.1,309,1.1,3.3,58,228,28,18,187,184,18,317,81,27,97
GVESTA,2012,1,4,9,6.8,81.2,8,3.8,5.11,5.4,19.7,0.9,982.5,69,1,4.6,90,67,73,45,85,106,45,313,71,27,97
GVESTA,2012,1,4,10,5.7,82.7,7.6,3,4.85,4.5,17.9,0.6,982.5,39,1.8,5.5,314,629,106,72,286,690,72,306,53,27,97
GVESTA,2012,1,4,11,7.8,57.7,6.1,0,3.89,4.4,17.6,0,982.1,304,1,5.2,285,464,120,76,139,553,98,298,50,27,97
GVESTA,2012,1,4,12,8.5,49.7,5.5,-1.4,3.5,4.3,17.4,0,981.9,282,1.9,6.9,127,51,109,67,66,120,80,301,78,27,97
GVESTA,2012,1,4,13,7.9,58.2,6.2,0.2,3.95,4.5,17.9,0,982.6,297,2.9,7.8,14,0,14,8,8,8,8,320,100,27,97
GVESTA,2012,1,4,14,7.5,58.1,6,-0.2,3.82,4.2,17.1,0,983.2,259,1.8,7.1,21,5,21,13,13,16,16,317,94,27,97
GVESTA,2012,1,4,15,7.7,56.1,5.9,-0.5,3.75,4.2,17.2,0,984.1,270,1.3,4.6,37,178,20,12,12,134,151,315,61,27,97
GVESTA,2012,1,4,16,6.8,51.5,5.1,-2.5,3.24,3,15,0,984.3,306,1.3,3.5,0,0,0,0,0,0,0,301,59,27,97
GVESTA,2012,1,4,17,5,61.8,5.4,-1.7,3.43,2.3,13.6,0,985,241,1.9,4.2,0,0,0,0,0,0,0,306,88,27,97
GVESTA,2012,1,4,18,4.4,65.9,5.5,-1.4,3.49,2.1,13.2,0,985,214,3.9,6.3,0,0,0,0,0,0,0,290,54,27,97
GVESTA,2012,1,4,19,4.5,65.5,5.5,-1.4,3.49,2.1,13.3,0,984.9,236,2.7,5.8,0,0,0,0,0,0,0,293,64,27,97
GVESTA,2012,1,4,20,4.1,70.9,5.8,-0.7,3.69,2.1,13.3,0,984.7,243,2.9,5.6,0,0,0,0,0,0,0,311,100,27,97
GVESTA,2012,1,4,21,4.4,69.4,5.8,-0.7,3.69,2.3,13.7,0,983.6,223,3.8,6.9,0,0,0,0,0,0,0,309,94,27,97
GVESTA,2012,1,4,22,4.1,71.9,5.9,-0.5,3.76,2.2,13.5,0,982.8,234,2.8,5.1,0,0,0,0,0,0,0,312,100,27,97
GVESTA,2012,1,4,23,4.3,70.9,5.9,-0.5,3.76,2.3,13.7,0,981.8,234,3,5.3,0,0,0,0,0,0,0,312,100,27,97
GVESTA,2012,1,5,0,3.6,73.4,5.8,-0.7,3.7,1.9,12.9,0,980.2,232,3.7,5.9,0,0,0,0,0,0,0,312,100,28,97
GVESTA,2012,1,5,1,3.5,72.9,5.7,-0.9,3.64,1.7,12.6,0,980.1,243,3.6,6.4,0,0,0,0,0,0,0,312,100,28,97
GVESTA,2012,1,5,2,4,71.4,5.8,-0.7,3.71,2.1,13.3,0,979.2,247,3.2,6.9,0,0,0,0,0,0,0,313,100,28,97
GVESTA,2012,1,5,3,4.1,73.5,6,-0.2,3.84,2.3,13.7,0,977.6,242,3.9,7.2,0,0,0,0,0,0,0,313,100,28,97
GVESTA,2012,1,5,4,4,74,6,-0.2,3.85,2.3,13.6,0,976.4,241,4.5,8.5,0,0,0,0,0,0,0,314,100,28,97
GVESTA,2012,1,5,5,3.8,73.5,5.9,-0.5,3.79,2,13.3,0,974.6,240,5.5,10.2,0,0,0,0,0,0,0,315,100,28,97
GVESTA,2012,1,5,6,3.5,76.7,6,-0.2,3.85,2,13.2,0.6,974.3,251,5.6,9.8,0,0,0,0,0,0,0,316,100,28,97
GVESTA,2012,1,5,7,2.5,84.8,6.2,0.2,3.99,1.6,12.5,1.3,973.7,247,5.9,10.8,1,0,1,1,1,1,1,317,100,28,97
GVESTA,2012,1,5,8,2.7,86,6.4,0.6,4.12,1.8,13,2.4,972.9,242,6.2,10.1,6,0,6,4,4,4,4,318,100,28,97
GVESTA,2012,1,5,9,3.2,87.3,6.7,1.3,4.32,2.4,14,1.7,971.3,238,6.6,11.8,13,0,13,8,8,8,8,320,100,28,97
GVESTA,2012,1,5,10,3.9,86.8,7,1.9,4.52,3,15.2,2.7,970.6,234,7.1,12.2,16,0,16,10,10,10,10,321,100,28,97
GVESTA,2012,1,5,11,4.5,85.6,7.2,2.3,4.65,3.5,16.2,2.2,969.3,227,8.2,12.5,17,0,17,11,11,11,11,322,100,28,97
GVESTA,2012,1,5,12,4.8,85,7.3,2.5,4.73,3.8,16.7,2.3,967.7,218,8.1,12.6,16,0,16,10,10,10,10,324,100,28,97
GVESTA,2012,1,5,13,4.9,86.9,7.5,2.9,4.87,4,17.1,2,966.2,220,7.6,12.1,13,0,13,8,8,8,8,325,100,28,97
GVESTA,2012,1,5,14,6,85.8,8,3.8,5.2,5,19.1,1.8,964.3,208,8.3,14.1,25,12,24,15,15,24,24,326,100,28,97
GVESTA,2012,1,5,15,6.9,86.5,8.6,4.8,5.6,5.9,21,1,963.1,196,9.6,15.8,16,26,14,9,9,25,29,328,94,28,97
GVESTA,2012,1,5,16,9.1,70.9,8.2,4.1,5.34,6.7,22.6,0.7,963.4,231,9.5,23.4,0,0,0,0,0,0,0,323,58,28,97
GVESTA,2012,1,5,17,10.5,62.3,7.9,3.6,5.14,7.2,23.5,0.9,964.3,277,7.1,19.4,0,0,0,0,0,0,0,330,100,28,97
GVESTA,2012,1,5,18,8.4,57.1,6.3,0.4,4.09,4.9,18.7,0.5,965.3,317,5.9,18.3,0,0,0,0,0,0,0,318,54,28,97
GVESTA,2012,1,5,19,8.7,53.5,6,-0.2,3.89,4.8,18.5,0,966.2,310,4.9,14.1,0,0,0,0,0,0,0,324,49,28,97
GVESTA,2012,1,5,20,7.8,52.1,5.5,-1.4,3.56,3.9,16.8,0.2,967,308,5.7,17.8,0,0,0,0,0,0,0,326,71,28,97
GVESTA,2012,1,5,21,7.4,53.6,5.5,-1.4,3.56,3.7,16.4,0.3,967.3,302,6.1,17.1,0,0,0,0,0,0,0,324,94,28,97
GVESTA,2012,1,5,22,6.7,61.4,6,-0.2,3.88,3.8,16.5,0.3,967.5,297,5.8,14.3,0,0,0,0,0,0,0,321,74,28,97
GVESTA,2012,1,5,23,6,61.2,5.7,-0.9,3.68,3.1,15.3,0.3,969.2,330,3.9,15.1,0,0,0,0,0,0,0,312,81,28,97
GVESTA,2012,1,6,0,4.8,68.5,5.9,-0.5,3.81,2.6,14.4,0.7,969.5,349,3,11,0,0,0,0,0,0,0,314,100,28,97
GVESTA,2012,1,6,1,4.3,76.8,6.4,0.6,4.13,2.7,14.7,1.1,971.4,351,2.9,9.7,0,0,0,0,0,0,0,311,100,28,97
GVESTA,2012,1,6,2,3.7,75.6,6,-0.2,3.86,2.1,13.4,0,972,56,1.7,5.4,0,0,0,0,0,0,0,307,90,28,97
GVESTA,2012,1,6,3,4.1,64.9,5.3,-1.9,3.41,1.7,12.7,0,972.5,21,2.7,10.7,0,0,0,0,0,0,0,295,88,28,97
GVESTA,2012,1,6,4,4,58.9,4.8,-3.3,3.08,1.2,11.7,0,973.4,29,3.4,9.4,0,0,0,0,0,0,0,295,94,28,97
GVESTA,2012,1,6,5,3.6,67.2,5.3,-1.9,3.4,1.4,12.1,0,974.3,64,3.1,8.3,0,0,0,0,0,0,0,283,59,28,97
GVESTA,2012,1,6,6,3.6,64.3,5.1,-2.5,3.27,1.2,11.8,0,974.7,53,1.9,11.3,0,0,0,0,0,0,0,280,40,28,97
GVESTA,2012,1,6,7,3.9,58,4.7,-3.6,3.01,1.1,11.5,0,975.7,54,4.6,16.6,8,1,8,5,5,5,5,291,100,28,97
GVESTA,2012,1,6,8,3.9,64.4,5.2,-2.2,3.33,1.5,12.2,0.3,977.1,20,1.9,6.2,9,0,9,6,6,5,6,293,100,28,97
GVESTA,2012,1,6,9,3.3,76.1,5.9,-0.5,3.77,1.8,12.8,0,978.2,214,1.3,2.4,19,0,19,12,12,11,12,295,100,28,97
GVESTA,2012,1,6,10,3.4,78.4,6.1,0,3.9,2,13.2,0,978.6,190,2.4,4.7,22,0,22,14,14,14,14,297,100,28,97
GVESTA,2012,1,6,11,4,72.4,5.9,-0.5,3.77,2.2,13.5,0,979.5,164,1.8,5.4,24,0,24,15,15,15,15,299,100,28,97
GVESTA,2012,1,6,12,4.1,74.6,6.1,0,3.89,2.4,13.9,0,980.3,203,2.2,4.8,74,62,53,33,32,95,59,300,94,28,97
GVESTA,2012,1,6,13,4.7,68,5.8,-0.7,3.7,2.5,14,0,981.1,189,2,4.3,38,0,38,24,24,23,24,299,100,28,97
GVESTA,2012,1,6,14,4.6,74.1,6.3,0.4,4.02,2.8,14.7,0.1,982,246,2.1,4.1,19,0,19,12,12,12,12,298,94,28,97
GVESTA,2012,1,6,15,4.2,74.1,6.1,0,3.88,2.4,13.9,0,982.8,273,2.2,4.2,24,120,16,10,10,87,106,284,48,28,97
GVESTA,2012,1,6,16,4.2,71.4,5.9,-0.5,3.76,2.3,13.6,0,983.1,270,1.1,3,0,0,0,0,0,0,0,286,40,28,97
GVESTA,2012,1,6,17,3.6,73.4,5.8,-0.7,3.69,1.9,12.8,0,983.8,217,0.8,4.1,0,0,0,0,0,0,0,274,0,28,97
GVESTA,2012,1,6,18,2.7,77.1,5.7,-0.9,3.62,1.3,11.8,0,983.9,346,0.9,2.6,0,0,0,0,0,0,0,270,0,28,97
GVESTA,2012,1,6,19,3,72.8,5.5,-1.4,3.5,1.3,11.8,0,983.9,344,1.7,3.2,0,0,0,0,0,0,0,263,0,28,97
GVESTA,2012,1,6,20,2.2,75.3,5.4,-1.7,3.43,0.7,10.8,0,983.5,279,0.8,2,0,0,0,0,0,0,0,259,0,28,97
GVESTA,2012,1,6,21,1.1,78.6,5.2,-2.2,3.3,-0.1,9.4,0,984.1,288,1,2.4,0,0,0,0,0,0,0,257,0,28,97
GVESTA,2012,1,6,22,0.9,78,5.1,-2.5,3.24,-0.4,9,0,984.2,270,0.7,1.7,0,0,0,0,0,0,0,254,0,28,97
GVESTA,2012,1,6,23,0.2,79,4.9,-3,3.11,-1,8,0,984,259,0.7,1.5,0,0,0,0,0,0,0,252,0,28,97
GVESTA,2012,1,7,0,-0.2,79.6,4.8,-3.3,3.05,-1.3,7.4,0,984,236,0.8,2.3,0,0,0,0,0,0,0,275,29,28,97
GVESTA,2012,1,7,1,-0.9,81.9,4.7,-3.6,2.98,-1.9,6.5,0,984.2,270,0.9,2.9,0,0,0,0,0,0,0,277,29,28,97
GVESTA,2012,1,7,2,-1.3,81.2,4.5,-4.1,2.86,-2.3,5.8,0,984.6,248,0.8,2.3,0,0,0,0,0,0,0,280,25,28,97
GVESTA,2012,1,7,3,-1.5,82.4,4.5,-4.1,2.86,-2.4,5.6,0,984.4,297,0.8,2.1,0,0,0,0,0,0,0,283,29,28,97
GVESTA,2012,1,7,4,-1.3,81.2,4.5,-4.1,2.86,-2.3,5.8,0,984.5,304,0.5,1.6,0,0,0,0,0,0,0,285,60,28,97
GVESTA,2012,1,7,5,-0.7,79.5,4.6,-3.8,2.92,-1.8,6.6,0,984.4,270,0.6,1.9,0,0,0,0,0,0,0,285,80,28,97
GVESTA,2012,1,7,6,0.1,81.4,5,-2.7,3.17,-0.9,8,0,984.6,281,0.8,2,0,0,0,0,0,0,0,291,100,28,97
GVESTA,2012,1,7,7,0.6,81.5,5.2,-2.2,3.3,-0.5,8.8,0,984.9,236,1.2,2.9,11,5,11,7,11,10,7,296,94,28,97
GVESTA,2012,1,7,8,1.4,78.6,5.3,-1.9,3.36,0.1,9.8,0,985.1,309,0.9,3,16,0,16,10,10,10,10,300,100,28,97
GVESTA,2012,1,7,9,2,73.7,5.2,-2.2,3.3,0.4,10.3,0,984.8,246,1.2,3.1,15,0,15,9,9,9,9,302,100,28,97
GVESTA,2012,1,7,10,2,75.3,5.3,-1.9,3.37,0.5,10.4,0,984.5,234,1.8,3.2,34,0,34,21,21,21,21,305,100,28,97
GVESTA,2012,1,7,11,2.4,74.3,5.4,-1.7,3.43,0.8,11,0,983.9,265,1.2,3.2,31,0,31,19,19,19,19,309,100,28,97
GVESTA,2012,1,7,12,3,75.5,5.7,-0.9,3.63,1.4,12.1,0,983.1,263,1.8,3.2,134,14,129,81,80,93,85,312,100,28,97
GVESTA,2012,1,7,13,3.4,73.4,5.7,-0.9,3.63,1.7,12.5,0,982.7,237,2.9,4.7,57,9,54,34,34,42,39,312,94,28,97
GVESTA,2012,1,7,14,4.1,69.8,5.7,-0.9,3.63,2.1,13.2,0,982.4,236,2.3,4.2,24,0,24,15,15,15,15,312,100,28,97
GVESTA,2012,1,7,15,4,68.8,5.6,-1.2,3.57,1.9,12.9,0,982.2,238,2.3,4.3,3,0,3,2,2,2,2,313,100,28,97
GVESTA,2012,1,7,16,4,70.3,5.7,-0.9,3.63,2,13.1,0,982.5,263,1.6,3.7,0,0,0,0,0,0,0,313,88,28,97
GVESTA,2012,1,7,17,4.2,71.4,5.9,-0.5,3.76,2.3,13.6,0,982.6,260,1.2,4,0,0,0,0,0,0,0,311,61,28,97
GVESTA,2012,1,7,18,3.5,79,6.2,0.2,3.95,2.1,13.4,0,982.5,253,1.7,4.7,0,0,0,0,0,0,0,314,88,28,97
GVESTA,2012,1,7,19,3.9,79,6.4,0.6,4.08,2.5,14.1,0,983,242,1.7,4.2,0,0,0,0,0,0,0,316,100,28,97
GVESTA,2012,1,7,20,3.7,84.3,6.7,1.3,4.27,2.7,14.4,0.1,982.7,232,2.5,5.5,0,0,0,0,0,0,0,318,94,28,97
GVESTA,2012,1,7,21,3.9,83.1,6.7,1.3,4.27,2.8,14.6,0.1,982.5,252,1.2,3.3,0,0,0,0,0,0,0,320,100,28,97
GVESTA,2012,1,7,22,4.1,84.3,6.9,1.7,4.4,3.1,15.1,0.3,982.4,235,1.4,4.4,0,0,0,0,0,0,0,321,100,28,97
GVESTA,2012,1,7,23,4,84.9,6.9,1.7,4.4,3,15,0,981.9,245,1.8,4.8,0,0,0,0,0,0,0,322,88,28,97
GVESTA,2012,1,8,0,4.4,85,7.1,2.1,4.53,3.4,15.8,0.1,981.7,252,1.1,4,0,0,0,0,0,0,0,323,100,28,97
GVESTA,2012,1,8,1,4.5,85.6,7.2,2.3,4.6,3.5,16,0.2,981.7,261,1.9,5,0,0,0,0,0,0,0,323,100,28,97
GVESTA,2012,1,8,2,4.8,83.8,7.2,2.3,4.59,3.7,16.3,0.8,982,309,1.3,3,0,0,0,0,0,0,0,323,100,28,97
GVESTA,2012,1,8,3,4.5,85.6,7.2,2.3,4.59,3.5,16,0.4,981.9,223,2.1,3.9,0,0,0,0,0,0,0,323,100,28,97
GVESTA,2012,1,8,4,4.7,85.6,7.3,2.5,4.66,3.7,16.4,0.1,981.6,225,1.6,3.1,0,0,0,0,0,0,0,323,100,28,97
GVESTA,2012,1,8,5,4.8,85,7.3,2.5,4.66,3.8,16.5,0.2,981.6,221,1.2,2.5,0,0,0,0,0,0,0,323,100,28,97
GVESTA,2012,1,8,6,4.5,85.6,7.2,2.3,4.6,3.5,16,0,981.3,234,1.7,3.5,0,0,0,0,0,0,0,323,100,28,97
GVESTA,2012,1,8,7,4.6,85,7.2,2.3,4.6,3.6,16.1,0,981.4,242,1.6,3.4,5,0,5,3,3,3,3,319,100,28,97
GVESTA,2012,1,8,8,4.9,86.9,7.5,2.9,4.79,4,16.9,0,981.8,266,1.4,3,42,7,41,25,30,30,25,325,100,28,97
GVESTA,2012,1,8,9,5.8,83.3,7.7,3.2,4.91,4.6,18.2,0,982.4,223,2,4.2,145,140,104,65,136,196,65,323,90,28,97
GVESTA,2012,1,8,10,6.9,78.4,7.8,3.4,4.98,5.3,19.4,0,982.1,242,3.1,5.2,138,57,119,73,95,131,73,320,94,28,97
GVESTA,2012,1,8,11,7,78.9,7.9,3.6,5.05,5.4,19.7,0,981.2,241,3.7,7.4,163,130,116,71,95,208,70,327,94,28,97
GVESTA,2012,1,8,12,7.8,71.1,7.5,2.9,4.79,5.5,19.9,0,980.7,203,3.4,7.4,172,104,137,84,84,190,123,328,100,28,97
GVESTA,2012,1,8,13,8.2,64.4,7,1.9,4.47,5.3,19.5,0,980.8,216,3,5.4,21,0,21,13,13,13,13,327,100,28,97
GVESTA,2012,1,8,14,8.4,60.9,6.7,1.3,4.28,5.2,19.2,0,980.9,225,1.6,4.4,8,0,8,5,5,5,5,326,100,28,97
GVESTA,2012,1,8,15,7.7,67.6,7.1,2.1,4.53,5.1,19.1,0,981.4,72,2.3,4.4,2,0,2,1,1,1,1,324,100,28,97
GVESTA,2012,1,8,16,7.5,59.8,6.2,0.2,3.95,4.3,17.5,0,982,7,2.4,5.5,0,0,0,0,0,0,0,323,100,28,97
GVESTA,2012,1,8,17,7.3,58.9,6,-0.2,3.82,4.1,16.9,0,982.6,354,2.1,5.4,0,0,0,0,0,0,0,322,100,28,97
GVESTA,2012,1,8,18,6.8,62.7,6.2,0.2,3.95,4,16.7,0,982.9,356,1.4,3.8,0,0,0,0,0,0,0,317,88,28,97
GVESTA,2012,1,8,19,6,68.2,6.4,0.6,4.07,3.7,16.3,0,983.3,18,0.9,1.8,0,0,0,0,0,0,0,309,79,28,97
GVESTA,2012,1,8,20,5.4,70.1,6.3,0.4,4.01,3.3,15.5,0,983.6,349,1.1,2.3,0,0,0,0,0,0,0,289,48,28,97
GVESTA,2012,1,8,21,5.3,69.6,6.2,0.2,3.95,3.1,15.2,0,983.4,333,0.3,1.5,0,0,0,0,0,0,0,284,19,28,97
GVESTA,2012,1,8,22,3.5,75,5.9,-0.5,3.75,1.9,12.9,0,983.8,281,0.7,2.1,0,0,0,0,0,0,0,270,23,28,97
GVESTA,2012,1,8,23,2.6,78.8,5.8,-0.7,3.69,1.3,11.8,0,983.8,225,0.6,1.2,0,0,0,0,0,0,0,268,0,28,97
GVESTA,2012,1,9,0,2,79.3,5.6,-1.2,3.56,0.7,10.9,0,984.1,315,0.9,2.3,0,0,0,0,0,0,0,267,0,25,97
GVESTA,2012,1,9,1,1.3,80.4,5.4,-1.7,3.43,0.1,9.9,0,984.4,11,0.8,2.4,0,0,0,0,0,0,0,275,0,25,97
GVESTA,2012,1,9,2,1.3,79.2,5.3,-1.9,3.37,0.1,9.7,0,984.5,346,0.5,1.7,0,0,0,0,0,0,0,277,0,25,97
GVESTA,2012,1,9,3,1.1,81.5,5.4,-1.7,3.43,0,9.7,0,984.5,18,0.8,2.6,0,0,0,0,0,0,0,276,0,25,97
GVESTA,2012,1,9,4,0.8,82.1,5.3,-1.9,3.37,-0.2,9.2,0,984.2,293,0.9,1.6,0,0,0,0,0,0,0,276,0,25,97
GVESTA,2012,1,9,5,1,80.9,5.3,-1.9,3.37,-0.1,9.4,0,984.5,284,1,2.3,0,0,0,0,0,0,0,277,6,25,97
GVESTA,2012,1,9,6,1.3,79.2,5.3,-1.9,3.36,0.1,9.7,0,985.1,90,0.5,1.7,0,0,0,0,0,0,0,292,59,25,97
GVESTA,2012,1,9,7,0.8,78.5,5.1,-2.5,3.24,-0.4,8.9,0,985.3,27,0.4,1.6,17,62,12,8,57,49,8,273,23,25,97
GVESTA,2012,1,9,8,1.2,79.8,5.3,-1.9,3.36,0,9.6,0,985.7,315,0.7,1.5,140,540,50,32,415,442,32,271,6,25,97
GVESTA,2012,1,9,9,4,76.2,6.2,0.2,3.94,2.4,13.9,0,986.2,21,1.7,6.7,255,701,65,47,426,663,48,273,0,25,97
GVESTA,2012,1,9,10,6,68.2,6.4,0.6,4.06,3.7,16.2,0,986.6,52,3,6.5,330,730,82,60,304,764,60,276,0,25,97
GVESTA,2012,1,9,11,7.1,62.4,6.3,0.4,4,4.2,17.2,0,986.6,34,3.3,6.8,358,725,92,66,140,791,90,282,13,25,97
GVESTA,2012,1,9,12,7.6,57.7,6,-0.2,3.81,4.2,17.2,0,986.4,39,3.5,6.2,343,669,106,71,72,733,248,306,46,25,97
GVESTA,2012,1,9,13,7.8,54.9,5.8,-0.7,3.68,4.2,17.1,0,986.6,33,2.4,4.4,144,61,126,76,76,133,108,320,78,25,97
GVESTA,2012,1,9,14,8,57.8,6.2,0.2,3.93,4.6,17.9,0,986.8,15,2.7,4.4,46,6,45,27,27,32,31,319,88,25,97
GVESTA,2012,1,9,15,7.5,61.6,6.4,0.6,4.06,4.5,17.7,0,987.4,9,2.1,4.1,9,0,9,5,5,5,5,318,81,25,97
GVESTA,2012,1,9,16,7,63.7,6.4,0.6,4.06,4.2,17.2,0,987.9,356,1.4,2.6,0,0,0,0,0,0,0,313,36,25,97
GVESTA,2012,1,9,17,6.9,66.5,6.6,1.1,4.18,4.3,17.4,0,988.2,360,1.7,3.5,0,0,0,0,0,0,0,305,45,25,97
GVESTA,2012,1,9,18,6.7,67.4,6.6,1.1,4.18,4.2,17.2,0,988.8,3,2,3.4,0,0,0,0,0,0,0,303,50,25,97
GVESTA,2012,1,9,19,6.7,68.4,6.7,1.3,4.24,4.3,17.4,0,989,10,1.7,3,0,0,0,0,0,0,0,300,45,25,97
GVESTA,2012,1,9,20,7,67,6.7,1.3,4.24,4.5,17.7,0,989.2,349,0.6,2.1,0,0,0,0,0,0,0,289,40,25,97
GVESTA,2012,1,9,21,6,70.8,6.6,1.1,4.18,3.9,16.5,0,989.1,343,1.1,2.4,0,0,0,0,0,0,0,291,39,25,97
GVESTA,2012,1,9,22,5.6,70.2,6.4,0.6,4.05,3.5,15.8,0,989,30,1,2.6,0,0,0,0,0,0,0,283,19,25,97
GVESTA,2012,1,9,23,5,73.2,6.4,0.6,4.05,3.1,15.2,0,988.9,45,0.7,1.5,0,0,0,0,0,0,0,286,49,25,97
GVESTA,2012,1,10,0,4.5,78.5,6.6,1.1,4.18,3,15,0,988.8,60,0.9,1.7,0,0,0,0,0,0,0,271,45,24,97
GVESTA,2012,1,10,1,4,77.3,6.3,0.4,3.99,2.5,14,0,989.2,13,1,2.4,0,0,0,0,0,0,0,263,16,24,97
GVESTA,2012,1,10,2,2.7,79.4,5.9,-0.5,3.73,1.4,12,0,989.1,18,0.8,2,0,0,0,0,0,0,0,262,0,24,97
GVESTA,2012,1,10,3,1.7,81,5.6,-1.2,3.54,0.6,10.6,0,989.1,349,0.8,2.3,0,0,0,0,0,0,0,261,0,24,97
GVESTA,2012,1,10,4,1,80.9,5.3,-1.9,3.35,-0.1,9.4,0,988.9,207,0.7,1.5,0,0,0,0,0,0,0,261,0,24,97
GVESTA,2012,1,10,5,1.2,78,5.2,-2.2,3.29,-0.1,9.4,0,989.1,307,0.5,1.5,0,0,0,0,0,0,0,260,0,24,97
GVESTA,2012,1,10,6,0.6,79.7,5.1,-2.5,3.22,-0.6,8.6,0,989.1,18,0.6,1.6,0,0,0,0,0,0,0,261,0,24,97
GVESTA,2012,1,10,7,0.6,78.5,5,-2.7,3.16,-0.6,8.5,0,989.2,243,0.4,1.3,18,77,12,8,69,58,8,264,0,24,97
GVESTA,2012,1,10,8,1.1,81.5,5.4,-1.7,3.41,0,9.6,0,989.6,323,0.7,2.3,140,525,51,32,407,431,32,268,0,24,97
GVESTA,2012,1,10,9,3.6,78.4,6.2,0.2,3.92,2.2,13.4,0,989.4,18,0.7,1.7,256,682,70,48,420,649,49,272,0,24,97
GVESTA,2012,1,10,10,5.5,72.2,6.5,0.9,4.11,3.5,15.8,0,989.1,6,1,2.5,339,773,75,58,313,797,58,275,0,24,97
GVESTA,2012,1,10,11,6.5,70.3,6.8,1.5,4.31,4.3,17.3,0,988.5,12,2,4.9,377,823,73,61,137,871,84,241,0,24,97
GVESTA,2012,1,10,12,7.7,64.8,6.8,1.5,4.31,4.9,18.6,0,987.8,7,3.1,5.4,349,749,84,61,62,793,263,243,0,24,97
GVESTA,2012,1,10,13,8.5,63.1,7,1.9,4.44,5.5,19.7,0,987.5,10,2.9,5.3,281,687,78,53,53,679,389,242,0,24,97
GVESTA,2012,1,10,14,9.1,61.5,7.1,2.1,4.51,5.9,20.5,0,987.3,25,3.8,7.5,181,613,57,37,37,525,447,263,0,24,97
GVESTA,2012,1,10,15,9,64.6,7.4,2.7,4.7,6.1,20.9,0,987.3,31,4.4,8.2,47,223,25,15,15,165,190,289,0,24,97
GVESTA,2012,1,10,16,8.6,64.5,7.2,2.3,4.57,5.7,20.1,0,987.3,21,3.4,6.3,0,0,0,0,0,0,0,276,0,24,97
GVESTA,2012,1,10,17,8.2,64.4,7,1.9,4.44,5.3,19.4,0,987.5,14,2.6,5.9,0,0,0,0,0,0,0,274,0,24,97
GVESTA,2012,1,10,18,6.3,71.3,6.8,1.5,4.31,4.2,17.2,0,987.7,310,0.7,1.5,0,0,0,0,0,0,0,276,0,24,97
GVESTA,2012,1,10,19,5.6,71.7,6.5,0.9,4.12,3.6,16,0,988,307,0.5,1.3,0,0,0,0,0,0,0,271,0,24,97
GVESTA,2012,1,10,20,4.8,76.9,6.6,1.1,4.18,3.2,15.3,0,988.2,76,0.5,2.6,0,0,0,0,0,0,0,270,0,24,97
GVESTA,2012,1,10,21,4.4,78,6.5,0.9,4.12,2.9,14.7,0,988.2,24,1.1,2.2,0,0,0,0,0,0,0,268,0,24,97
GVESTA,2012,1,10,22,4.3,76.8,6.4,0.6,4.05,2.7,14.5,0,988.5,7,1,2.6,0,0,0,0,0,0,0,269,0,24,97
GVESTA,2012,1,10,23,3,80.6,6.1,0,3.86,1.8,12.7,0,988.7,288,0.8,1.9,0,0,0,0,0,0,0,275,20,24,97
GVESTA,2012,1,11,0,2.2,81.1,5.8,-0.7,3.67,1,11.4,0,988.8,259,0.6,1.5,0,0,0,0,0,0,0,274,100,24,97
GVESTA,2012,1,11,1,0.8,82.1,5.3,-1.9,3.35,-0.2,9.2,0,989,329,0.7,2,0,0,0,0,0,0,0,273,100,24,97
GVESTA,2012,1,11,2,1.3,82.2,5.5,-1.4,3.48,0.3,10,0,989.3,27,0.5,2.1,0,0,0,0,0,0,0,273,100,24,97
GVESTA,2012,1,11,3,2,83.5,5.9,-0.5,3.73,1,11.3,0,989.7,254,0.9,1.7,0,0,0,0,0,0,0,273,100,24,97
GVESTA,2012,1,11,4,2.9,81.2,6.1,0,3.86,1.7,12.6,0,990.1,315,0.5,1.4,0,0,0,0,0,0,0,276,100,24,97
GVESTA,2012,1,11,5,3.1,82.4,6.3,0.4,3.98,2,13.1,0,990.2,68,0.6,2,0,0,0,0,0,0,0,276,100,24,97
GVESTA,2012,1,11,6,3.4,81.9,6.4,0.6,4.05,2.2,13.5,0,990.4,18,1.1,2.8,0,0,0,0,0,0,0,280,100,24,97
GVESTA,2012,1,11,7,3.9,80.7,6.5,0.9,4.11,2.6,14.2,0,990.7,27,0.7,1.8,5,0,5,3,3,3,3,296,100,24,97
GVESTA,2012,1,11,8,4.3,78.5,6.5,0.9,4.11,2.8,14.6,0,991.1,18,0.7,2.1,27,0,27,16,16,16,16,297,100,24,97
GVESTA,2012,1,11,9,4.5,78.5,6.6,1.1,4.17,3,15,0,991.3,50,0.8,1.9,74,1,74,45,45,45,44,282,100,24,97
GVESTA,2012,1,11,10,4.8,76.9,6.6,1.1,4.17,3.2,15.3,0,991,45,0.9,2.1,116,7,114,69,70,75,68,289,100,24,97
GVESTA,2012,1,11,11,5.1,75.3,6.6,1.1,4.17,3.4,15.6,0,990.4,14,0.8,2.1,250,175,185,108,132,294,120,279,53,24,97
GVESTA,2012,1,11,12,5.2,74.8,6.6,1.1,4.18,3.4,15.7,0,989.8,360,0.9,2.8,336,651,105,70,70,710,260,283,29,24,97
GVESTA,2012,1,11,13,5.3,74.3,6.6,1.1,4.18,3.5,15.8,0,989.5,25,1.7,3.8,265,537,102,63,63,563,328,288,48,24,97
GVESTA,2012,1,11,14,5.3,75.3,6.7,1.3,4.24,3.6,16,0,989.4,33,2.2,3.9,109,123,81,48,48,152,130,301,74,24,97
GVESTA,2012,1,11,15,5.2,74.8,6.6,1.1,4.18,3.4,15.7,0,989.4,27,2,3.9,6,0,6,4,4,4,4,313,100,24,97
GVESTA,2012,1,11,16,5.1,75.3,6.6,1.1,4.18,3.4,15.6,0,989.6,30,2,4.6,0,0,0,0,0,0,0,309,100,24,97
GVESTA,2012,1,11,17,5.1,75.3,6.6,1.1,4.17,3.4,15.6,0,990,54,2,4.1,0,0,0,0,0,0,0,305,100,24,97
GVESTA,2012,1,11,18,5.3,74.3,6.6,1.1,4.17,3.5,15.8,0,990.3,21,1.8,4,0,0,0,0,0,0,0,290,100,24,97
GVESTA,2012,1,11,19,4.7,76.3,6.5,0.9,4.11,3.1,15,0,990.2,55,2.8,5.5,0,0,0,0,0,0,0,292,100,24,97
GVESTA,2012,1,11,20,4.9,75.3,6.5,0.9,4.11,3.2,15.2,0,990,16,1.8,4,0,0,0,0,0,0,0,292,100,24,97
GVESTA,2012,1,11,21,4.8,75.8,6.5,0.9,4.11,3.1,15.1,0,989.8,9,1.3,2.4,0,0,0,0,0,0,0,288,100,24,97
GVESTA,2012,1,11,22,4.6,75.2,6.4,0.6,4.05,2.9,14.8,0,989.8,4,1.4,2.7,0,0,0,0,0,0,0,282,100,24,97
GVESTA,2012,1,11,23,4.4,76.3,6.4,0.6,4.05,2.8,14.6,0,989.5,4,1.6,3.1,0,0,0,0,0,0,0,277,100,24,97
GVESTA,2012,1,12,0,4,78.5,6.4,0.6,4.05,2.6,14.2,0,989,12,1.9,3.6,0,0,0,0,0,0,0,272,100,25,97
GVESTA,2012,1,12,1,4,77.3,6.3,0.4,3.99,2.5,14,0,988.9,4,1.5,3.4,0,0,0,0,0,0,0,270,100,25,97
GVESTA,2012,1,12,2,3.7,77.8,6.2,0.2,3.93,2.2,13.5,0,988.6,353,1.6,3.4,0,0,0,0,0,0,0,269,100,25,97
GVESTA,2012,1,12,3,3.6,77.3,6.1,0,3.86,2.1,13.3,0,988.1,340,1.3,3.3,0,0,0,0,0,0,0,267,100,25,97
GVESTA,2012,1,12,4,3.6,76.2,6,-0.2,3.8,2,13.1,0,987.6,328,1,2.9,0,0,0,0,0,0,0,266,100,25,97
GVESTA,2012,1,12,5,3.4,75.6,5.9,-0.5,3.74,1.8,12.8,0,987.2,308,1.2,3.2,0,0,0,0,0,0,0,265,100,25,97
GVESTA,2012,1,12,6,3.8,75.1,6,-0.2,3.81,2.1,13.3,0,986.8,323,1,2.3,0,0,0,0,0,0,0,265,100,25,97
GVESTA,2012,1,12,7,3.3,77.8,6,-0.2,3.81,1.9,12.8,0,986.6,300,1.4,2.7,1,0,1,1,1,1,1,272,100,25,97
GVESTA,2012,1,12,8,3.5,77.8,6.1,0,3.87,2.1,13.2,0,986.8,270,1.1,2.4,19,0,19,11,11,11,11,274,100,25,97
GVESTA,2012,1,12,9,3.4,78.4,6.1,0,3.87,2,13.1,0,987.1,287,1.1,2.4,21,0,21,13,13,13,13,260,100,25,97
GVESTA,2012,1,12,10,3.5,77.8,6.1,0,3.87,2.1,13.2,0,986.9,360,0.9,2.1,32,0,32,19,19,19,19,260,100,25,97
GVESTA,2012,1,12,11,3.6,77.3,6.1,0,3.87,2.1,13.3,0,986.1,300,0.9,2.2,52,0,52,32,32,31,32,264,100,25,97
GVESTA,2012,1,12,12,4,75.1,6.1,0,3.87,2.3,13.7,0,985.4,304,1.1,2.5,127,30,117,71,70,100,83,273,90,25,97
GVESTA,2012,1,12,13,4,75.1,6.1,0,3.88,2.3,13.7,0,984.9,315,0.5,2,257,464,120,72,72,502,320,263,35,25,97
GVESTA,2012,1,12,14,4.6,72,6.1,0,3.88,2.7,14.3,0,984.6,108,0.5,2.1,188,613,61,40,40,529,451,262,13,25,97
GVESTA,2012,1,12,15,5.3,68.6,6.1,0,3.88,3.1,15,0,984.4,249,0.9,2,62,290,33,19,19,215,250,292,100,25,97
GVESTA,2012,1,12,16,4,75.1,6.1,0,3.88,2.3,13.7,0,984.3,297,0.5,1.2,0,0,0,0,0,0,0,298,100,25,97
GVESTA,2012,1,12,17,2.8,78.8,5.9,-0.5,3.75,1.5,12.2,0,984.5,323,0.7,1.7,0,0,0,0,0,0,0,295,100,25,97
GVESTA,2012,1,12,18,2.2,79.9,5.7,-0.9,3.62,1,11.3,0,984.8,315,0.6,2.2,0,0,0,0,0,0,0,294,100,25,97
GVESTA,2012,1,12,19,1.6,80.4,5.5,-1.4,3.49,0.4,10.3,0,985.1,281,1,3.5,0,0,0,0,0,0,0,292,100,25,97
GVESTA,2012,1,12,20,1.4,79.8,5.4,-1.7,3.43,0.2,10,0,985.3,261,0.7,2.6,0,0,0,0,0,0,0,290,100,25,97
GVESTA,2012,1,12,21,0.7,80.9,5.2,-2.2,3.3,-0.4,8.9,0,985.3,270,0.8,2.1,0,0,0,0,0,0,0,289,100,25,97
GVESTA,2012,1,12,22,0.3,81.4,5.1,-2.5,3.24,-0.7,8.4,0,985.2,270,0.6,1.6,0,0,0,0,0,0,0,288,100,25,97
GVESTA,2012,1,12,23,-0.3,83.8,5,-2.7,3.17,-1.2,7.6,0,985.2,249,1.5,2.4,0,0,0,0,0,0,0,290,100,25,97
GVESTA,2012,1,13,0,0.1,84.5,5.2,-2.2,3.3,-0.8,8.3,0,985,261,2,4,0,0,0,0,0,0,0,291,100,25,97
GVESTA,2012,1,13,1,1.1,84.6,5.6,-1.2,3.56,0.2,10,0,985,238,2.3,4.9,0,0,0,0,0,0,0,292,100,25,97
GVESTA,2012,1,13,2,1.4,85.9,5.8,-0.7,3.68,0.6,10.6,0,985.2,248,1.9,3.6,0,0,0,0,0,0,0,291,100,25,97
GVESTA,2012,1,13,3,1.5,85.3,5.8,-0.7,3.68,0.6,10.7,0,985,240,2.2,4.4,0,0,0,0,0,0,0,294,100,25,97
GVESTA,2012,1,13,4,1.4,85.9,5.8,-0.7,3.68,0.6,10.6,0,985,237,2,4.4,0,0,0,0,0,0,0,295,100,25,97
GVESTA,2012,1,13,5,1.2,87.1,5.8,-0.7,3.68,0.4,10.4,0,984.9,242,2.1,3.8,0,0,0,0,0,0,0,296,100,25,97
GVESTA,2012,1,13,6,1.4,85.9,5.8,-0.7,3.69,0.6,10.6,0,984.7,329,0.9,2.3,0,0,0,0,0,0,0,297,100,25,97
GVESTA,2012,1,13,7,1.2,84,5.6,-1.2,3.56,0.3,10.1,0,984.5,281,1.1,2.8,10,17,9,6,20,16,6,295,100,25,97
GVESTA,2012,1,13,8,1,87.1,5.7,-0.9,3.62,0.3,10,0,984.7,349,1.1,2.6,12,0,12,7,7,7,7,293,100,25,97
GVESTA,2012,1,13,9,0.9,87.7,5.7,-0.9,3.62,0.2,9.9,0,984.4,300,1.4,2.9,15,0,15,9,9,9,9,290,100,25,97
GVESTA,2012,1,13,10,1.1,86.5,5.7,-0.9,3.62,0.3,10.1,0,984.3,284,1.3,2.5,22,0,22,13,13,13,13,286,100,25,97
GVESTA,2012,1,13,11,1.3,86.5,5.8,-0.7,3.69,0.5,10.5,0,983.6,311,1.1,2.4,23,0,23,14,14,14,14,285,100,25,97
GVESTA,2012,1,13,12,1.6,87.8,6,-0.2,3.82,0.9,11.2,0,982.8,6,1,2.9,27,0,27,17,17,16,17,309,100,25,97
GVESTA,2012,1,13,13,2.1,86,6.1,0,3.89,1.2,11.8,0,981.9,329,0.7,2,34,0,34,21,21,20,21,300,100,25,97
GVESTA,2012,1,13,14,2.4,85.4,6.2,0.2,3.95,1.5,12.3,0,981.7,18,1,2.5,11,0,11,7,7,6,6,302,100,25,97
GVESTA,2012,1,13,15,2.5,86,6.3,0.4,4.02,1.6,12.6,0,981.6,9,1.3,2.8,3,0,3,2,2,2,2,300,100,25,97
GVESTA,2012,1,13,16,2.7,84.8,6.3,0.4,4.02,1.7,12.8,0,981.7,349,1,2.6,0,0,0,0,0,0,0,295,100,25,97
GVESTA,2012,1,13,17,2.9,83.6,6.3,0.4,4.02,1.9,13,0,981.7,276,1,2.4,0,0,0,0,0,0,0,289,100,25,97
GVESTA,2012,1,13,18,2.8,84.2,6.3,0.4,4.02,1.8,12.9,0,981.8,266,1.5,2.6,0,0,0,0,0,0,0,283,100,25,97
GVESTA,2012,1,13,19,2.3,84.7,6.1,0,3.89,1.4,12,0,981.8,290,1.5,3.1,0,0,0,0,0,0,0,278,100,25,97
GVESTA,2012,1,13,20,1.2,84,5.6,-1.2,3.57,0.3,10.1,0,981.9,236,1.5,3.2,0,0,0,0,0,0,0,272,100,25,97
GVESTA,2012,1,13,21,3.3,64.7,5,-2.7,3.18,1,11.3,0,981.6,18,3.5,9.5,0,0,0,0,0,0,0,267,100,25,97
GVESTA,2012,1,13,22,3.2,60.9,4.7,-3.6,2.99,0.7,10.7,0,981.4,18,4.3,9,0,0,0,0,0,0,0,263,100,25,97
GVESTA,2012,1,13,23,2.9,61.3,4.6,-3.8,2.93,0.4,10.2,0,980.9,13,2.9,8,0,0,0,0,0,0,0,260,100,25,97
GVESTA,2012,1,14,0,3.6,57,4.5,-4.1,2.87,0.7,10.8,0,980.6,20,4.1,8.5,0,0,0,0,0,0,0,257,0,25,97
GVESTA,2012,1,14,1,3.1,61.4,4.7,-3.6,3,0.6,10.6,0,980.6,21,4.3,9.6,0,0,0,0,0,0,0,255,0,25,97
GVESTA,2012,1,14,2,3.2,66.1,5.1,-2.5,3.25,1,11.3,0,980.5,23,3.9,9.8,0,0,0,0,0,0,0,254,6,25,97
GVESTA,2012,1,14,3,2.9,66.6,5,-2.7,3.19,0.8,10.9,0,980.4,24,5.4,10.5,0,0,0,0,0,0,0,252,10,25,97
GVESTA,2012,1,14,4,2.7,67.5,5,-2.7,3.19,0.6,10.7,0,979.9,23,4.9,9.7,0,0,0,0,0,0,0,251,40,25,97
GVESTA,2012,1,14,5,2.2,65.4,4.7,-3.6,3,0.1,9.7,0,979.6,24,5.8,11.7,0,0,0,0,0,0,0,249,25,25,97
GVESTA,2012,1,14,6,2.6,65,4.8,-3.3,3.06,0.4,10.3,0,979.4,27,5.1,13.2,0,0,0,0,0,0,0,249,34,25,97
GVESTA,2012,1,14,7,2.1,65.9,4.7,-3.6,3,0,9.6,0,979.5,30,6.3,12.7,8,1,8,5,6,5,5,252,44,25,97
GVESTA,2012,1,14,8,2,65.4,4.6,-3.8,2.93,-0.1,9.3,0,979.6,32,6.3,12.2,64,18,61,37,50,51,36,254,74,25,97
GVESTA,2012,1,14,9,2.4,64.5,4.7,-3.6,3,0.2,9.9,0,979.6,45,7.6,13.1,236,465,101,64,315,482,64,257,38,25,97
GVESTA,2012,1,14,10,3.4,60.1,4.7,-3.6,3,0.8,10.9,0,979.2,50,6.2,10.9,375,846,79,63,351,870,63,267,6,25,97
GVESTA,2012,1,14,11,3.6,57,4.5,-4.1,2.87,0.7,10.8,0,978.6,48,7.8,13.4,398,814,89,69,156,876,94,274,19,25,97
GVESTA,2012,1,14,12,4.1,56.3,4.6,-3.8,2.94,1.1,11.5,0,978.1,46,8.7,13.8,383,831,80,64,65,871,282,262,6,25,97
GVESTA,2012,1,14,13,4.2,52.3,4.3,-4.7,2.75,0.9,11.1,0,977.4,44,7.3,11.9,305,707,86,59,59,707,405,253,0,25,97
GVESTA,2012,1,14,14,4.5,51.2,4.3,-4.7,2.75,1.1,11.4,0,977.4,43,6.6,11.1,198,620,65,42,42,539,459,248,0,25,97
GVESTA,2012,1,14,15,4.4,47.8,4,-5.7,2.56,0.8,10.8,0,977.7,35,6.4,11.2,68,322,34,20,20,236,276,255,0,25,97
GVESTA,2012,1,14,16,3.9,49.5,4,-5.7,2.55,0.5,10.3,0,977.9,32,6,12,0,0,0,0,0,0,0,254,0,25,97
GVESTA,2012,1,14,17,3.2,52,4,-5.7,2.55,0,9.6,0,978,25,5.6,9.6,0,0,0,0,0,0,0,253,0,25,97
GVESTA,2012,1,14,18,2.9,51.9,3.9,-6,2.49,-0.2,9.1,0,977.8,18,4.6,8.6,0,0,0,0,0,0,0,251,0,25,97
GVESTA,2012,1,14,19,2.6,54.2,4,-5.7,2.55,-0.3,9,0,978,19,4.9,9.2,0,0,0,0,0,0,0,249,0,25,97
GVESTA,2012,1,14,20,2.5,54.6,4,-5.7,2.55,-0.4,8.9,0,978.2,18,4.2,8.6,0,0,0,0,0,0,0,248,0,25,97
GVESTA,2012,1,14,21,2.1,56.2,4,-5.7,2.55,-0.6,8.5,0,978,23,5.2,10.9,0,0,0,0,0,0,0,246,0,25,97
GVESTA,2012,1,14,22,2.2,55.8,4,-5.7,2.55,-0.6,8.6,0,977.9,28,4.3,7.2,0,0,0,0,0,0,0,244,6,25,97
GVESTA,2012,1,14,23,1.9,58.3,4.1,-5.4,2.62,-0.7,8.4,0,977.6,32,5.1,10.8,0,0,0,0,0,0,0,243,25,25,97
GVESTA,2012,1,15,0,1.7,59.2,4.1,-5.4,2.62,-0.8,8.2,0,977.4,23,3.9,10.9,0,0,0,0,0,0,0,238,19,26,97
GVESTA,2012,1,15,1,0.9,62.7,4.1,-5.4,2.62,-1.3,7.4,0,977.5,16,3.3,7.3,0,0,0,0,0,0,0,241,0,26,97
GVESTA,2012,1,15,2,1.1,63.7,4.2,-5,2.68,-1,7.8,0,977.4,24,3.7,8.8,0,0,0,0,0,0,0,241,13,26,97
GVESTA,2012,1,15,3,1.2,61.3,4.1,-5.4,2.62,-1.1,7.7,0,977,30,4.2,9.6,0,0,0,0,0,0,0,239,16,26,97
GVESTA,2012,1,15,4,0.9,61.3,4,-5.7,2.56,-1.4,7.3,0,976.9,24,4,7.8,0,0,0,0,0,0,0,241,6,26,97
GVESTA,2012,1,15,5,0.6,64.1,4.1,-5.4,2.62,-1.5,7.1,0,977,13,2.6,8.1,0,0,0,0,0,0,0,240,0,26,97
GVESTA,2012,1,15,6,0.3,65.5,4.1,-5.4,2.62,-1.7,6.8,0,977.2,27,4.5,10.3,0,0,0,0,0,0,0,242,10,26,97
GVESTA,2012,1,15,7,-0.3,66.9,4,-5.7,2.56,-2.1,6.1,0,977.1,3,2.2,5.2,27,153,15,9,134,105,9,244,0,26,97
GVESTA,2012,1,15,8,0.3,64,4,-5.7,2.56,-1.7,6.7,0,977.1,14,3,6.8,140,421,68,41,351,358,41,250,19,26,97
GVESTA,2012,1,15,9,1,60.8,4,-5.7,2.56,-1.3,7.4,0,977.1,39,5.4,10.3,291,768,75,53,482,726,54,254,6,26,97
GVESTA,2012,1,15,10,1.1,61.8,4.1,-5.4,2.62,-1.2,7.6,0,976.7,45,5.4,9.6,357,750,94,67,336,788,67,249,25,26,97
GVESTA,2012,1,15,11,1.4,60.5,4.1,-5.4,2.62,-1,8,0,975.7,56,4.3,7.4,395,790,93,71,152,855,94,247,19,26,97
GVESTA,2012,1,15,12,1.5,58.7,4,-5.7,2.56,-1,7.9,0,975.3,67,2.5,6.8,386,835,78,64,65,873,280,243,0,26,97
GVESTA,2012,1,15,13,1.9,57,4,-5.7,2.56,-0.7,8.3,0,974.9,44,2.9,5.8,312,758,76,56,57,744,424,242,0,26,97
GVESTA,2012,1,15,14,2.4,52.2,3.8,-6.4,2.43,-0.6,8.5,0,974.8,33,3.1,5.5,200,627,63,42,42,543,463,241,0,26,97
GVESTA,2012,1,15,15,2.6,51.4,3.8,-6.4,2.43,-0.5,8.7,0,974.8,28,2.4,4.3,64,318,28,17,17,230,269,245,0,26,97
GVESTA,2012,1,15,16,1.3,58.2,3.9,-6,2.5,-1.2,7.5,0,975,4,1.5,3,0,0,0,0,0,0,0,249,0,26,97
GVESTA,2012,1,15,17,0.5,61.6,3.9,-6,2.5,-1.7,6.7,0,975.1,339,0.9,1.8,0,0,0,0,0,0,0,261,0,26,97
GVESTA,2012,1,15,18,0.6,61.2,3.9,-6,2.5,-1.6,6.8,0,975.4,270,0.5,1.1,0,0,0,0,0,0,0,260,0,26,97
GVESTA,2012,1,15,19,0.4,62.1,3.9,-6,2.5,-1.8,6.6,0,975.5,243,0.3,0.8,0,0,0,0,0,0,0,259,0,26,97
GVESTA,2012,1,15,20,-0.4,62.4,3.7,-6.7,2.37,-2.5,5.5,0,975.7,342,0.5,1.6,0,0,0,0,0,0,0,257,0,26,97
GVESTA,2012,1,15,21,-0.4,62.4,3.7,-6.7,2.37,-2.5,5.5,0,975.8,304,0.4,1.1,0,0,0,0,0,0,0,255,0,26,97
GVESTA,2012,1,15,22,-0.9,62.7,3.6,-7.1,2.3,-2.9,4.8,0,975.9,243,0.4,1.6,0,0,0,0,0,0,0,254,0,26,97
GVESTA,2012,1,15,23,-1.6,66.1,3.6,-7.1,2.3,-3.3,4.1,0,975.9,342,0.6,1.7,0,0,0,0,0,0,0,252,0,26,97
GVESTA,2012,1,16,0,-1.8,67,3.6,-7.1,2.3,-3.5,3.9,0,975.8,297,0.4,1.6,0,0,0,0,0,0,0,251,29,25,97
GVESTA,2012,1,16,1,-2,66.5,3.5,-7.4,2.24,-3.7,3.5,0,976.2,304,0.4,1.1,0,0,0,0,0,0,0,251,29,25,97
GVESTA,2012,1,16,2,-2.7,70,3.5,-7.4,2.24,-4.1,2.8,0,976.2,309,0.8,2.1,0,0,0,0,0,0,0,250,33,25,97
GVESTA,2012,1,16,3,-2.5,70.6,3.6,-7.1,2.3,-3.9,3.2,0,976.2,309,0.7,1.5,0,0,0,0,0,0,0,250,43,25,97
GVESTA,2012,1,16,4,-2.7,70,3.5,-7.4,2.24,-4.1,2.8,0,976.2,261,0.7,1.3,0,0,0,0,0,0,0,249,64,25,97
GVESTA,2012,1,16,5,-2.5,70.6,3.6,-7.1,2.3,-3.9,3.2,0,976.7,243,0.7,1.3,0,0,0,0,0,0,0,249,100,25,97
GVESTA,2012,1,16,6,-2.6,71.1,3.6,-7.1,2.3,-4,3.1,0,977,352,1.5,3.7,0,0,0,0,0,0,0,249,100,25,97
GVESTA,2012,1,16,7,-2.8,72.2,3.6,-7.1,2.3,-4.1,2.9,0,977.4,357,1.9,3.3,5,0,5,3,3,3,3,252,100,25,97
GVESTA,2012,1,16,8,-2.2,72.9,3.8,-6.4,2.43,-3.5,3.8,0,977.6,360,1.8,3.4,56,3,55,34,36,35,33,255,100,25,97
GVESTA,2012,1,16,9,-1.4,70.8,3.9,-6,2.49,-2.9,4.8,0,977.9,3,1.7,3.3,121,19,115,70,81,86,70,258,94,25,97
GVESTA,2012,1,16,10,-0.2,70,4.2,-5,2.68,-1.8,6.5,0,977.9,39,3,6.7,233,171,171,101,165,277,101,261,61,25,97
GVESTA,2012,1,16,11,0.5,68,4.3,-4.7,2.75,-1.3,7.4,0,977.6,57,4.2,7.3,261,164,197,117,141,291,127,253,58,25,97
GVESTA,2012,1,16,12,0.9,67.6,4.4,-4.4,2.81,-1,7.9,0,977.2,61,3.4,6.3,344,567,134,82,82,653,254,250,36,25,97
GVESTA,2012,1,16,13,1.1,65.2,4.3,-4.7,2.75,-0.9,8,0,977.1,56,3,5.5,331,799,79,58,59,785,448,239,13,25,97
GVESTA,2012,1,16,14,1.6,61.4,4.2,-5,2.68,-0.7,8.3,0,977.5,42,2.6,5,199,583,68,44,44,513,436,238,6,25,97
GVESTA,2012,1,16,15,1.9,58.3,4.1,-5.4,2.62,-0.7,8.4,0,977.9,35,2,3.8,71,364,33,20,20,259,311,243,25,25,97
GVESTA,2012,1,16,16,0.8,63.1,4.1,-5.4,2.62,-1.3,7.3,0,978.7,360,1.3,2.3,0,0,0,0,0,0,0,254,25,25,97
GVESTA,2012,1,16,17,0.2,65.9,4.1,-5.4,2.61,-1.7,6.7,0,979.5,326,0.8,1.8,0,0,0,0,0,0,0,257,25,25,97
GVESTA,2012,1,16,18,-0.3,65.3,3.9,-6,2.49,-2.2,5.9,0,979.9,346,0.5,1.4,0,0,0,0,0,0,0,256,25,25,97
GVESTA,2012,1,16,19,-0.6,66.8,3.9,-6,2.48,-2.4,5.6,0,980.6,252,0.4,1,0,0,0,0,0,0,0,254,25,25,97
GVESTA,2012,1,16,20,-1.1,69.3,3.9,-6,2.48,-2.7,5.1,0,981.3,281,0.6,1.3,0,0,0,0,0,0,0,252,34,25,97
GVESTA,2012,1,16,21,-1.5,69.2,3.8,-6.4,2.42,-3.1,4.5,0,981.6,259,0.6,1.2,0,0,0,0,0,0,0,250,25,25,97
GVESTA,2012,1,16,22,-1.7,68.6,3.7,-6.7,2.35,-3.3,4.1,0,982.1,252,0.7,1.2,0,0,0,0,0,0,0,248,25,25,97
GVESTA,2012,1,16,23,-2.2,69.1,3.6,-7.1,2.29,-3.7,3.5,0,982.2,240,0.8,1.2,0,0,0,0,0,0,0,246,80,25,97
GVESTA,2012,1,17,0,-3.2,70.5,3.4,-7.8,2.16,-4.6,2.1,0,982.5,233,1,1.5,0,0,0,0,0,0,0,221,0,25,97
GVESTA,2012,1,17,1,-3.6,72.6,3.4,-7.8,2.16,-4.9,1.7,0,982.9,297,0.7,1.6,0,0,0,0,0,0,0,220,0,25,97
GVESTA,2012,1,17,2,-4,72.5,3.3,-8.2,2.1,-5.2,1.2,0,982.9,247,0.7,1.2,0,0,0,0,0,0,0,220,0,25,97
GVESTA,2012,1,17,3,-4.3,71.9,3.2,-8.6,2.03,-5.5,0.7,0,983.3,288,0.5,1.2,0,0,0,0,0,0,0,226,0,25,97
GVESTA,2012,1,17,4,-4.6,73.5,3.2,-8.6,2.03,-5.7,0.4,0,984,309,0.7,1.4,0,0,0,0,0,0,0,226,0,25,97
GVESTA,2012,1,17,5,-4.1,70.8,3.2,-8.6,2.03,-5.4,0.9,0,984.3,243,0.6,1.5,0,0,0,0,0,0,0,227,0,25,97
GVESTA,2012,1,17,6,-4.6,75.9,3.3,-8.2,2.09,-5.6,0.6,0,984.7,315,0.7,1.9,0,0,0,0,0,0,0,228,0,25,97
GVESTA,2012,1,17,7,-4.8,74.7,3.2,-8.6,2.03,-5.9,0.2,0,985,288,0.7,1.2,25,119,16,9,108,83,9,230,0,25,97
GVESTA,2012,1,17,8,-4.1,73.1,3.3,-8.2,2.09,-5.3,1.1,0,985.4,321,0.6,1.1,156,563,55,35,445,455,35,229,0,25,97
GVESTA,2012,1,17,9,-1.6,73.5,4,-5.7,2.53,-2.9,4.7,0,985.5,297,0.5,1.1,279,723,72,51,456,680,52,233,0,25,97
GVESTA,2012,1,17,10,0.3,72.2,4.5,-4.1,2.85,-1.3,7.4,0,985.5,45,0.6,2.7,370,824,75,61,343,841,62,237,0,25,97
GVESTA,2012,1,17,11,1.1,68.2,4.5,-4.1,2.85,-0.8,8.2,0,985.1,74,0.9,4.5,409,863,74,65,152,908,88,241,13,25,97
GVESTA,2012,1,17,12,1.6,67.3,4.6,-3.8,2.92,-0.4,8.9,0,984.5,73,1.1,3,380,778,89,67,67,824,275,245,13,25,97
GVESTA,2012,1,17,13,2.1,63.5,4.5,-4.1,2.86,-0.2,9.2,0,984.3,66,1.3,2.5,314,732,81,58,58,723,414,247,13,25,97
GVESTA,2012,1,17,14,2.9,61.3,4.6,-3.8,2.92,0.4,10.2,0,984.4,76,1.3,5.3,191,489,80,48,48,446,380,254,39,25,97
GVESTA,2012,1,17,15,3,63.2,4.8,-3.3,3.05,0.6,10.6,0,984.9,61,1,2.4,54,121,39,24,23,106,120,255,48,25,97
GVESTA,2012,1,17,16,2.2,66.9,4.8,-3.3,3.05,0.1,9.8,0,985.2,83,0.8,1.3,0,0,0,0,0,0,0,248,0,25,97
GVESTA,2012,1,17,17,0.8,71.3,4.6,-3.8,2.92,-0.9,8.1,0,985.6,14,0.5,1.3,0,0,0,0,0,0,0,246,19,25,97
GVESTA,2012,1,17,18,0.2,74.4,4.6,-3.8,2.92,-1.2,7.5,0,985.9,301,0.6,1.3,0,0,0,0,0,0,0,252,50,25,97
GVESTA,2012,1,17,19,-0.2,71.6,4.3,-4.7,2.72,-1.8,6.6,0,985.9,288,0.4,0.9,0,0,0,0,0,0,0,247,19,25,97
GVESTA,2012,1,17,20,-0.9,73.7,4.2,-5,2.66,-2.3,5.7,0,986.1,301,0.6,1.6,0,0,0,0,0,0,0,243,19,25,97
GVESTA,2012,1,17,21,-1.1,72.5,4.1,-5.4,2.6,-2.5,5.4,0,986.6,270,0.4,1.1,0,0,0,0,0,0,0,240,0,25,97
GVESTA,2012,1,17,22,-1.6,75.2,4.1,-5.4,2.59,-2.9,4.8,0,986.9,270,0.6,1.4,0,0,0,0,0,0,0,239,0,25,97
GVESTA,2012,1,17,23,-2.4,76.3,3.9,-6,2.47,-3.6,3.7,0,986.9,284,0.5,1.2,0,0,0,0,0,0,0,237,10,25,97
GVESTA,2012,1,18,0,-2.7,75.6,3.8,-6.4,2.4,-3.9,3.3,0,987,301,0.7,1.6,0,0,0,0,0,0,0,227,0,25,97
GVESTA,2012,1,18,1,-3.3,77.3,3.7,-6.7,2.34,-4.4,2.5,0,987.1,284,0.9,1.4,0,0,0,0,0,0,0,226,0,25,97
GVESTA,2012,1,18,2,-3.2,76.7,3.7,-6.7,2.34,-4.3,2.6,0,987.1,243,0.7,1.3,0,0,0,0,0,0,0,225,0,25,97
GVESTA,2012,1,18,3,-3.7,77.2,3.6,-7.1,2.28,-4.7,1.9,0,987.1,270,0.8,1.6,0,0,0,0,0,0,0,224,0,25,97
GVESTA,2012,1,18,4,-4,77.2,3.5,-7.4,2.21,-5,1.5,0,987.1,304,0.7,1.6,0,0,0,0,0,0,0,224,0,25,97
GVESTA,2012,1,18,5,-4.2,75.9,3.4,-7.8,2.15,-5.3,1.1,0,987.6,306,0.9,1.8,0,0,0,0,0,0,0,223,0,25,97
GVESTA,2012,1,18,6,-4.3,76.5,3.4,-7.8,2.15,-5.3,1,0,988.1,297,0.8,1.5,0,0,0,0,0,0,0,226,0,25,97
GVESTA,2012,1,18,7,-4.2,75.9,3.4,-7.8,2.15,-5.3,1.1,0,988.5,243,0.7,1.4,28,146,15,9,130,100,9,227,6,25,97
GVESTA,2012,1,18,8,-3.9,78.4,3.6,-7.1,2.27,-4.9,1.7,0,988.6,297,0.9,2.2,146,439,70,42,371,367,42,240,38,25,97
GVESTA,2012,1,18,9,-1.2,77,4.3,-4.7,2.72,-2.4,5.6,0,988.6,281,0.5,1.6,279,671,83,56,433,646,56,245,38,25,97
GVESTA,2012,1,18,10,0.7,72.9,4.7,-3.6,2.97,-0.9,8.1,0,988.6,234,0.9,2.4,381,840,78,63,355,859,64,242,25,25,97
GVESTA,2012,1,18,11,1.9,71.5,5,-2.7,3.16,0.2,9.8,0,988.2,203,0.9,2.2,416,844,86,69,162,900,92,247,25,25,97
GVESTA,2012,1,18,12,3,67.1,5.1,-2.5,3.23,0.9,11.1,0,987.5,209,1.3,3.3,384,771,93,68,69,821,274,243,0,25,97
GVESTA,2012,1,18,13,4.3,56.4,4.7,-3.6,2.98,1.3,11.8,0,987.2,209,1.1,3.1,317,722,85,59,60,717,413,244,0,25,97
GVESTA,2012,1,18,14,5.8,50.8,4.7,-3.6,2.98,2.2,13.3,0,987.2,238,1.4,2.8,198,519,75,48,48,469,393,255,45,25,97
GVESTA,2012,1,18,15,5.5,53,4.8,-3.3,3.04,2.1,13.1,0,987.4,241,1.3,2.5,79,380,37,22,22,271,328,250,36,25,97
GVESTA,2012,1,18,16,4.1,59.8,4.9,-3,3.1,1.4,11.9,0,987.6,259,0.5,1.8,0,0,0,0,0,0,0,266,88,25,97
GVESTA,2012,1,18,17,3,64.6,4.9,-3,3.1,0.7,10.8,0,988,238,1.6,3.1,0,0,0,0,0,0,0,269,100,25,97
GVESTA,2012,1,18,18,2.8,61.8,4.6,-3.8,2.91,0.4,10.1,0,988.3,256,0.8,2.1,0,0,0,0,0,0,0,271,100,25,97
GVESTA,2012,1,18,19,1.6,67.3,4.6,-3.8,2.91,-0.4,8.9,0,988.6,247,1.5,2.8,0,0,0,0,0,0,0,278,94,25,97
GVESTA,2012,1,18,20,1.4,66.7,4.5,-4.1,2.84,-0.6,8.5,0,988.7,255,1.2,2.4,0,0,0,0,0,0,0,287,100,25,97
GVESTA,2012,1,18,21,0.3,72.2,4.5,-4.1,2.84,-1.3,7.4,0,989,256,1.5,3.4,0,0,0,0,0,0,0,286,88,25,97
GVESTA,2012,1,18,22,1,70.2,4.6,-3.8,2.91,-0.7,8.3,0,989.1,243,0.8,2,0,0,0,0,0,0,0,288,100,25,97
GVESTA,2012,1,18,23,1.2,71.9,4.8,-3.3,3.03,-0.5,8.8,0,989.1,238,1.4,2.7,0,0,0,0,0,0,0,293,100,25,97
GVESTA,2012,1,19,0,1.8,73.1,5.1,-2.5,3.22,0.2,9.9,0,988.9,256,0.9,1.8,0,0,0,0,0,0,0,294,100,26,97
GVESTA,2012,1,19,1,2,72,5.1,-2.5,3.23,0.3,10.1,0,988.7,225,1.2,1.9,0,0,0,0,0,0,0,296,100,26,97
GVESTA,2012,1,19,2,2.8,67,5,-2.7,3.16,0.7,10.7,0,988.4,210,0.9,1.6,0,0,0,0,0,0,0,297,100,26,97
GVESTA,2012,1,19,3,2.4,70,5.1,-2.5,3.23,0.5,10.5,0,988.4,255,1.3,2.7,0,0,0,0,0,0,0,299,100,26,97
GVESTA,2012,1,19,4,2.9,66.6,5,-2.7,3.16,0.8,10.8,0,988.2,267,1.7,3.7,0,0,0,0,0,0,0,301,100,26,97
GVESTA,2012,1,19,5,3.6,63.3,5,-2.7,3.16,1.2,11.5,0,988.2,240,0.9,2.8,0,0,0,0,0,0,0,303,100,26,97
GVESTA,2012,1,19,6,4,61.6,5,-2.7,3.16,1.4,11.9,0,988.2,222,1.4,2.5,0,0,0,0,0,0,0,305,100,26,97
GVESTA,2012,1,19,7,3.9,62,5,-2.7,3.16,1.3,11.8,0,988.5,225,1.8,2.6,3,0,3,2,2,2,2,308,100,26,97
GVESTA,2012,1,19,8,4.1,62.1,5.1,-2.5,3.23,1.5,12.2,0,988.5,231,1.5,2.2,8,0,8,5,5,5,5,311,100,26,97
GVESTA,2012,1,19,9,4.9,60,5.2,-2.2,3.29,2.1,13.2,0,988.2,234,1.9,3.8,26,0,26,16,16,16,16,314,100,26,97
GVESTA,2012,1,19,10,5.9,56,5.2,-2.2,3.29,2.6,14.2,0,987.9,240,3,5.8,62,1,62,38,38,38,37,317,100,26,97
GVESTA,2012,1,19,11,6.6,55.3,5.4,-1.7,3.42,3.2,15.2,0,987.3,236,3.3,6,111,2,110,67,67,68,67,320,100,26,97
GVESTA,2012,1,19,12,7.2,49.3,5,-2.7,3.17,3.2,15.2,0,986.6,234,3.8,7.3,48,0,48,29,29,29,29,322,100,26,97
GVESTA,2012,1,19,13,7.7,49.5,5.2,-2.2,3.3,3.6,16,0,985.7,238,4.8,7.6,51,0,51,31,31,30,31,323,100,26,97
GVESTA,2012,1,19,14,7.9,59,6.3,0.4,4,4.6,18,0,985.4,235,3.9,6.4,12,0,12,7,7,7,7,324,100,26,97
GVESTA,2012,1,19,15,8,61.7,6.6,1.1,4.2,4.9,18.6,0,985,231,3.4,5.6,4,0,4,2,2,2,2,326,100,26,97
GVESTA,2012,1,19,16,7.6,63.4,6.6,1.1,4.2,4.7,18.2,0,984.7,230,3.3,5.7,0,0,0,0,0,0,0,317,74,26,97
GVESTA,2012,1,19,17,7.3,62.4,6.4,0.6,4.07,4.4,17.6,0,984.8,234,4.2,7.6,0,0,0,0,0,0,0,309,80,26,97
GVESTA,2012,1,19,18,7.1,63.3,6.4,0.6,4.07,4.3,17.4,0,984.8,250,3.3,6.4,0,0,0,0,0,0,0,316,94,26,97
GVESTA,2012,1,19,19,6.5,73.4,7.1,2.1,4.52,4.5,17.9,0,984.3,261,2.6,5.2,0,0,0,0,0,0,0,321,94,26,97
GVESTA,2012,1,19,20,6.7,79.4,7.8,3.4,4.97,5.2,19.2,0,983.8,270,2.2,4.9,0,0,0,0,0,0,0,326,100,26,97
GVESTA,2012,1,19,21,7.1,83.5,8.4,4.5,5.36,5.9,20.6,0,983.2,270,2.4,6.1,0,0,0,0,0,0,0,330,100,26,97
GVESTA,2012,1,19,22,6.3,87,8.3,4.3,5.3,5.4,19.6,0,982.5,240,3.7,8.1,0,0,0,0,0,0,0,331,100,26,97
GVESTA,2012,1,19,23,7.4,84.7,8.7,5,5.56,6.2,21.4,0.8,982.3,243,3.4,6.6,0,0,0,0,0,0,0,331,100,26,97
GVESTA,2012,1,20,0,7,87.7,8.8,5.1,5.63,6.1,21.2,1.5,981.2,234,3.9,10,0,0,0,0,0,0,0,332,100,26,97
GVESTA,2012,1,20,1,7.7,85.9,9,5.5,5.76,6.6,22.2,0.2,980.9,205,7.1,11.4,0,0,0,0,0,0,0,317,69,26,97
GVESTA,2012,1,20,2,8,83,8.9,5.3,5.7,6.7,22.4,0.7,980.7,197,6.7,12,0,0,0,0,0,0,0,292,35,26,97
GVESTA,2012,1,20,3,8.2,80.2,8.7,5,5.57,6.6,22.2,0.2,980.1,199,6.5,10.8,0,0,0,0,0,0,0,282,36,26,97
GVESTA,2012,1,20,4,8,81.9,8.8,5.1,5.64,6.6,22.2,0.2,979.9,223,4.3,9.3,0,0,0,0,0,0,0,277,33,26,97
GVESTA,2012,1,20,5,7.9,82.4,8.8,5.1,5.64,6.5,22.1,0.2,979.1,202,5,10.3,0,0,0,0,0,0,0,299,55,26,97
GVESTA,2012,1,20,6,8,78.5,8.4,4.5,5.38,6.3,21.6,0,979.3,206,6.1,11.3,0,0,0,0,0,0,0,319,90,26,97
GVESTA,2012,1,20,7,8.6,72.3,8.1,3.9,5.18,6.3,21.7,0,980.1,222,3.9,10.9,1,0,1,1,1,1,1,327,100,26,97
GVESTA,2012,1,20,8,8.8,65.5,7.4,2.7,4.73,6,20.7,0,980.6,224,3.8,9.9,10,0,10,6,6,6,6,329,100,26,97
GVESTA,2012,1,20,9,8.5,58.8,6.5,0.9,4.15,5.1,19,0,980.6,232,3.1,7.6,14,0,14,9,8,8,8,328,100,26,97
GVESTA,2012,1,20,10,7.9,63,6.7,1.3,4.28,4.9,18.7,0,980.4,223,4,7.3,45,0,45,28,27,27,27,328,100,26,97
GVESTA,2012,1,20,11,7.1,70.5,7.1,2.1,4.54,4.8,18.5,0.1,980.6,214,5.2,8.5,43,0,43,26,26,26,26,327,100,26,97
GVESTA,2012,1,20,12,7.2,61.9,6.3,0.4,4.02,4.2,17.3,0.2,980.2,242,2.9,11.5,42,0,42,26,25,25,25,326,100,26,97
GVESTA,2012,1,20,13,7.1,57.6,5.8,-0.7,3.7,3.8,16.4,0,979.9,231,2.6,8.6,22,0,22,14,14,13,13,326,100,26,97
GVESTA,2012,1,20,14,7.2,58,5.9,-0.5,3.77,3.9,16.7,0,979.7,243,2.5,6.5,10,0,10,6,6,6,6,325,100,26,97
GVESTA,2012,1,20,15,5.8,76,7,1.9,4.48,4.1,17.1,0.3,979.5,190,4.2,7.8,4,0,4,2,2,2,2,324,100,26,97
GVESTA,2012,1,20,16,5.1,82.1,7.2,2.3,4.61,3.9,16.7,0.4,979.2,199,5.3,8.6,0,0,0,0,0,0,0,323,100,26,97
GVESTA,2012,1,20,17,4.9,82.1,7.1,2.1,4.54,3.7,16.3,0.3,979.4,199,5.5,8.2,0,0,0,0,0,0,0,323,100,26,97
GVESTA,2012,1,20,18,4.3,85.6,7.1,2.1,4.54,3.3,15.7,1.2,979.4,202,5.9,8.9,0,0,0,0,0,0,0,322,100,26,97
GVESTA,2012,1,20,19,4,84.9,6.9,1.7,4.41,3,15.1,1.5,979.5,203,5.2,9,0,0,0,0,0,0,0,323,100,26,97
GVESTA,2012,1,20,20,3.8,84.9,6.8,1.5,4.35,2.8,14.7,1,979.4,235,3.7,6.5,0,0,0,0,0,0,0,323,100,26,97
GVESTA,2012,1,20,21,3.8,83.7,6.7,1.3,4.28,2.7,14.5,0.4,979.4,248,2.3,4.9,0,0,0,0,0,0,0,323,100,26,97
GVESTA,2012,1,20,22,3.6,84.9,6.7,1.3,4.28,2.6,14.3,0.7,979.3,267,1.9,3.9,0,0,0,0,0,0,0,324,100,26,97
GVESTA,2012,1,20,23,3.4,84.9,6.6,1.1,4.22,2.4,14,1,979.5,268,2.3,4.4,0,0,0,0,0,0,0,324,100,26,97
GVESTA,2012,1,21,0,3.3,86.7,6.7,1.3,4.28,2.4,14,0.7,979.5,265,2.5,5.2,0,0,0,0,0,0,0,324,100,25,97
GVESTA,2012,1,21,1,3.3,86.7,6.7,1.3,4.28,2.4,14,1,979.4,261,2.7,5.3,0,0,0,0,0,0,0,325,100,25,97
GVESTA,2012,1,21,2,4.2,83.7,6.9,1.7,4.41,3.1,15.3,1.1,979.7,253,1.1,2.7,0,0,0,0,0,0,0,325,100,25,97
GVESTA,2012,1,21,3,4,87.4,7.1,2.1,4.54,3.2,15.4,1.1,979.7,254,2,4.1,0,0,0,0,0,0,0,325,100,25,97
GVESTA,2012,1,21,4,5.1,84.5,7.4,2.7,4.73,4,17,0.7,979.7,222,3.2,7.4,0,0,0,0,0,0,0,326,100,25,97
GVESTA,2012,1,21,5,5.2,85.1,7.5,2.9,4.8,4.2,17.3,0.4,979.6,224,3.9,8.1,0,0,0,0,0,0,0,326,100,25,97
GVESTA,2012,1,21,6,5.2,85.7,7.6,3,4.86,4.2,17.4,0.2,980.5,222,6.1,9.1,0,0,0,0,0,0,0,324,100,25,97
GVESTA,2012,1,21,7,5.5,83.3,7.5,2.9,4.79,4.3,17.5,0,980.9,233,4.2,7,32,155,18,11,140,106,11,310,59,25,97
GVESTA,2012,1,21,8,5.6,83.3,7.6,3,4.86,4.4,17.8,0,980.5,247,2.7,5.1,87,128,67,40,139,131,40,317,78,25,97
GVESTA,2012,1,21,9,6,83.4,7.8,3.4,4.99,4.8,18.6,0.2,980.1,249,3.7,7.4,62,2,62,37,38,38,37,322,84,25,97
GVESTA,2012,1,21,10,6.4,83.4,8,3.8,5.12,5.2,19.3,0,979.8,237,3.8,6.2,92,10,88,53,56,63,53,331,94,25,97
GVESTA,2012,1,21,11,6.5,84.6,8.2,4.1,5.25,5.4,19.7,0.5,979.6,249,3.4,7.8,81,13,76,46,46,59,48,332,94,25,97
GVESTA,2012,1,21,12,7.1,83.5,8.4,4.5,5.38,5.9,20.7,0.1,979.1,247,4.1,7.9,254,189,181,107,107,301,176,328,81,25,97
GVESTA,2012,1,21,13,7.6,82.4,8.6,4.8,5.52,6.2,21.5,0,978.3,238,3.8,6.6,193,127,149,89,89,212,152,320,81,25,97
GVESTA,2012,1,21,14,7.9,79.1,8.4,4.5,5.39,6.3,21.5,0,977.9,248,3.2,5.8,21,0,21,13,13,13,13,333,100,25,97
GVESTA,2012,1,21,15,6.9,85.3,8.5,4.6,5.46,5.8,20.6,0.5,977.4,245,4.2,7.1,39,87,25,15,15,76,83,325,68,25,97
GVESTA,2012,1,21,16,6.8,84.1,8.3,4.3,5.33,5.6,20.2,1,977.4,238,3.6,6.8,0,0,0,0,0,0,0,299,50,25,97
GVESTA,2012,1,21,17,6.6,85.2,8.3,4.3,5.33,5.5,20,0.3,977.4,224,4.7,7.8,0,0,0,0,0,0,0,297,33,25,97
GVESTA,2012,1,21,18,6.6,85.2,8.3,4.3,5.33,5.5,20,0,977.3,223,3.3,6.4,0,0,0,0,0,0,0,287,36,25,97
GVESTA,2012,1,21,19,6.7,84.6,8.3,4.3,5.33,5.6,20.1,0.1,977.2,227,3.3,6.7,0,0,0,0,0,0,0,297,44,25,97
GVESTA,2012,1,21,20,6.4,86.4,8.3,4.3,5.33,5.4,19.8,0,976.9,227,3.5,7,0,0,0,0,0,0,0,332,94,25,97
GVESTA,2012,1,21,21,6.9,85.3,8.5,4.6,5.46,5.8,20.7,0,976.5,237,3.8,6.1,0,0,0,0,0,0,0,318,63,25,97
GVESTA,2012,1,21,22,7.4,85.3,8.8,5.1,5.66,6.3,21.7,0.1,976.2,240,3.5,6.4,0,0,0,0,0,0,0,312,53,25,97
GVESTA,2012,1,21,23,7.4,86.5,8.9,5.3,5.72,6.4,21.8,0.1,976.1,238,3.6,6.2,0,0,0,0,0,0,0,320,74,25,97
GVESTA,2012,1,22,0,8.1,87.2,9.4,6.1,6.05,7.1,23.4,0.4,975.9,235,3.6,6.3,0,0,0,0,0,0,0,327,55,25,97
GVESTA,2012,1,22,1,8.3,86.6,9.5,6.2,6.12,7.2,23.7,0.3,975.8,236,3.3,7.8,0,0,0,0,0,0,0,334,59,25,97
GVESTA,2012,1,22,2,9,83.7,9.6,6.4,6.18,7.7,24.6,0.4,975.9,228,2.9,6.3,0,0,0,0,0,0,0,330,50,25,97
GVESTA,2012,1,22,3,8.6,84.9,9.5,6.2,6.12,7.4,24,0.1,975.6,204,4.2,7.3,0,0,0,0,0,0,0,337,39,25,97
GVESTA,2012,1,22,4,8.8,83.1,9.4,6.1,6.05,7.4,24.1,0.4,975.1,226,2.8,6.5,0,0,0,0,0,0,0,329,66,25,97
GVESTA,2012,1,22,5,8.8,83.1,9.4,6.1,6.05,7.4,24.1,0.2,975.1,242,2.3,5.9,0,0,0,0,0,0,0,317,50,25,97
GVESTA,2012,1,22,6,8.6,83.1,9.3,5.9,5.99,7.2,23.7,0.1,975.4,262,3.1,5.7,0,0,0,0,0,0,0,320,48,25,97
GVESTA,2012,1,22,7,7.9,85.4,9.1,5.6,5.86,6.8,22.7,0.1,975.4,257,2.2,5.1,31,158,17,10,142,107,10,323,36,25,97
GVESTA,2012,1,22,8,7.9,85.4,9.1,5.6,5.85,6.8,22.7,0,975.9,238,2.6,4.8,113,271,69,42,252,231,42,321,50,25,97
GVESTA,2012,1,22,9,8.8,83.7,9.5,6.2,6.11,7.5,24.2,0,976.3,225,3.4,7.2,93,8,91,55,60,61,55,338,94,25,97
GVESTA,2012,1,22,10,9.1,80.4,9.3,5.9,5.98,7.5,24.2,0,976.6,209,4.9,8.9,127,46,109,66,82,112,65,329,84,25,97
GVESTA,2012,1,22,11,10.1,69.6,8.6,4.8,5.53,7.5,24.1,0,976.2,221,5.5,9.5,372,602,129,83,172,688,99,314,43,25,97
GVESTA,2012,1,22,12,11.1,62,8.2,4.1,5.27,7.7,24.4,0,975.7,216,5.8,9.5,377,670,115,77,77,736,269,302,33,25,97
GVESTA,2012,1,22,13,10.9,61.9,8.1,3.9,5.21,7.5,24.1,0,975.4,224,5.1,8,352,743,101,66,67,751,435,270,33,25,97
GVESTA,2012,1,22,14,10.6,63.2,8.1,3.9,5.21,7.3,23.8,0,975.3,222,6.2,9,207,527,78,49,49,473,407,274,29,25,97
GVESTA,2012,1,22,15,9.9,62.1,7.6,3,4.89,6.6,22.3,0,975.2,232,5,7.9,79,319,36,22,22,235,278,303,36,25,97
GVESTA,2012,1,22,16,8.8,65.5,7.4,2.7,4.75,6,20.8,0,975.8,232,3.5,6.4,0,0,0,0,0,0,0,301,33,25,97
GVESTA,2012,1,22,17,8.5,65.9,7.3,2.5,4.69,5.7,20.3,0,975.9,204,3,5.2,0,0,0,0,0,0,0,303,43,25,97
GVESTA,2012,1,22,18,8,69.2,7.4,2.7,4.75,5.5,20,0,975.9,197,2.8,6.2,0,0,0,0,0,0,0,299,36,25,97
GVESTA,2012,1,22,19,8.2,69.2,7.5,2.9,4.82,5.7,20.3,0,976.3,239,1.4,3.2,0,0,0,0,0,0,0,295,23,25,97
GVESTA,2012,1,22,20,7.6,72.1,7.5,2.9,4.81,5.4,19.7,0,976.5,220,1,3,0,0,0,0,0,0,0,293,0,25,97
GVESTA,2012,1,22,21,7.3,72.5,7.4,2.7,4.75,5.2,19.3,0,976.6,225,0.5,2.3,0,0,0,0,0,0,0,310,41,25,97
GVESTA,2012,1,22,22,6.5,77.7,7.5,2.9,4.81,4.8,18.6,0,976.8,261,1.3,2.8,0,0,0,0,0,0,0,329,100,25,97
GVESTA,2012,1,22,23,6.4,78.8,7.6,3,4.88,4.8,18.7,0,976.7,257,0.9,2,0,0,0,0,0,0,0,319,100,25,97
GVESTA,2012,1,23,0,5.9,78.8,7.3,2.5,4.68,4.4,17.7,0,976.6,284,1,2.7,0,0,0,0,0,0,0,294,20,26,97
GVESTA,2012,1,23,1,5.4,80.4,7.2,2.3,4.62,4,17,0,976.4,243,1,2.9,0,0,0,0,0,0,0,296,29,26,97
GVESTA,2012,1,23,2,4.5,79.7,6.7,1.3,4.3,3.1,15.3,0,976.3,247,1,3.7,0,0,0,0,0,0,0,299,36,26,97
GVESTA,2012,1,23,3,4.1,80.8,6.6,1.1,4.23,2.8,14.7,0,976.1,207,0.9,2.8,0,0,0,0,0,0,0,297,20,26,97
GVESTA,2012,1,23,4,3.2,81.8,6.3,0.4,4.04,2,13.3,0,976.1,270,1.1,3.3,0,0,0,0,0,0,0,290,0,26,97
GVESTA,2012,1,23,5,3.5,79,6.2,0.2,3.98,2.1,13.5,0,975.8,219,0.6,1.6,0,0,0,0,0,0,0,288,0,26,97
GVESTA,2012,1,23,6,3,80.6,6.1,0,3.91,1.8,12.8,0,976.2,256,1,2.9,0,0,0,0,0,0,0,288,0,26,97
GVESTA,2012,1,23,7,3.1,81.2,6.2,0.2,3.97,1.9,13.1,0,976.4,288,0.6,2.4,32,167,17,10,149,111,10,284,6,26,97
GVESTA,2012,1,23,8,3.8,81.3,6.5,0.9,4.17,2.6,14.3,0,976.7,265,1.2,3.4,168,549,61,39,448,443,39,281,13,26,97
GVESTA,2012,1,23,9,5.7,76.5,7,1.9,4.49,4,17,0,977,219,0.8,2.8,287,700,75,54,454,656,55,285,0,26,97
GVESTA,2012,1,23,10,7.8,67.2,7.1,2.1,4.55,5.2,19.3,0,976.7,241,1.4,3.2,389,818,80,66,357,835,66,278,13,26,97
GVESTA,2012,1,23,11,8.9,59.7,6.8,1.5,4.36,5.5,19.9,0,976.3,236,1.2,3.5,385,653,119,82,170,730,105,299,50,26,97
GVESTA,2012,1,23,12,9.8,51.2,6.2,0.2,3.98,5.5,19.9,0,975.6,151,1.6,5.9,354,540,137,90,90,624,219,320,50,26,97
GVESTA,2012,1,23,13,10.1,47.7,5.9,-0.5,3.79,5.4,19.7,0,975.3,120,2.1,7.7,54,0,54,33,33,32,33,329,94,26,97
GVESTA,2012,1,23,14,9.8,51.2,6.2,0.2,3.98,5.5,19.9,0,975.4,117,1.7,4.3,12,0,12,7,7,7,7,329,100,26,97
GVESTA,2012,1,23,15,9.3,57.3,6.7,1.3,4.3,5.7,20.2,0,975.1,356,1.4,3.9,12,0,12,7,7,7,7,328,94,26,97
GVESTA,2012,1,23,16,9.2,54.8,6.4,0.6,4.11,5.4,19.6,0,975.4,275,1.3,2.6,0,0,0,0,0,0,0,317,78,26,97
GVESTA,2012,1,23,17,8.7,58,6.5,0.9,4.17,5.2,19.2,0,975.7,236,2.6,4.9,0,0,0,0,0,0,0,327,100,26,97
GVESTA,2012,1,23,18,8.3,58.3,6.4,0.6,4.1,4.9,18.7,0,976.2,223,2.8,4.9,0,0,0,0,0,0,0,316,75,26,97
GVESTA,2012,1,23,19,8.4,57.9,6.4,0.6,4.1,4.9,18.8,0,976.3,241,1.3,4.1,0,0,0,0,0,0,0,324,100,26,97
GVESTA,2012,1,23,20,7.9,59,6.3,0.4,4.04,4.6,18.1,0,976.3,223,1.8,3.3,0,0,0,0,0,0,0,323,100,26,97
GVESTA,2012,1,23,21,7.3,60.6,6.2,0.2,3.97,4.2,17.3,0,976.5,186,3,5.9,0,0,0,0,0,0,0,322,88,26,97
GVESTA,2012,1,23,22,6.5,64,6.2,0.2,3.97,3.8,16.5,0,976.5,199,4.3,6.3,0,0,0,0,0,0,0,303,45,26,97
GVESTA,2012,1,23,23,6.2,68.8,6.5,0.9,4.17,3.9,16.7,0,976.8,226,3.5,6.2,0,0,0,0,0,0,0,321,100,26,97
GVESTA,2012,1,24,0,6.6,66.9,6.5,0.9,4.17,4.1,17.1,0,977.1,223,1.9,4.2,0,0,0,0,0,0,0,320,100,25,97
GVESTA,2012,1,24,1,6.4,68.8,6.6,1.1,4.23,4.1,17,0,977.2,236,1.9,3.5,0,0,0,0,0,0,0,320,100,25,97
GVESTA,2012,1,24,2,6.1,73.4,6.9,1.7,4.42,4.1,17.2,0,977.5,240,1.2,3.2,0,0,0,0,0,0,0,319,100,25,97
GVESTA,2012,1,24,3,6.1,75.5,7.1,2.1,4.55,4.3,17.5,0.2,977.5,129,1.2,3.1,0,0,0,0,0,0,0,315,84,25,97
GVESTA,2012,1,24,4,5.1,78.6,6.9,1.7,4.42,3.6,16.2,0,977.7,307,1,3.3,0,0,0,0,0,0,0,291,78,25,97
GVESTA,2012,1,24,5,4.8,80.3,6.9,1.7,4.42,3.4,15.9,0,977.8,338,0.9,2.7,0,0,0,0,0,0,0,316,100,25,97
GVESTA,2012,1,24,6,4.8,81.5,7,1.9,4.48,3.5,16.1,0,977.8,173,1.1,4.1,0,0,0,0,0,0,0,316,100,25,97
GVESTA,2012,1,24,7,4.9,79.7,6.9,1.7,4.42,3.5,16,0,978.3,310,1.7,3.8,2,0,2,1,1,1,1,312,94,25,97
GVESTA,2012,1,24,8,5.8,76,7,1.9,4.48,4.1,17.1,0,978.5,337,0.9,2.1,60,9,59,36,42,42,35,318,100,25,97
GVESTA,2012,1,24,9,6.2,73.9,7,1.9,4.48,4.3,17.5,0,978.7,297,0.9,1.7,87,10,84,51,57,59,50,320,94,25,97
GVESTA,2012,1,24,10,6.5,69.3,6.7,1.3,4.29,4.2,17.3,0,979,234,2,5.2,93,3,92,56,57,58,55,321,100,25,97
GVESTA,2012,1,24,11,6.6,74,7.2,2.3,4.61,4.7,18.2,0,978.5,232,3.6,6.2,106,1,105,64,64,64,63,322,100,25,97
GVESTA,2012,1,24,12,6.7,72.4,7.1,2.1,4.55,4.6,18.2,0,978.1,228,3.9,6.3,70,0,70,43,42,42,42,323,100,25,97
GVESTA,2012,1,24,13,6.8,70.9,7,1.9,4.49,4.6,18.1,0,977.7,234,4.1,6.7,46,0,46,28,28,27,27,323,100,25,97
GVESTA,2012,1,24,14,7,73,7.3,2.5,4.68,4.9,18.8,0,977.5,243,2.8,5.5,22,0,22,14,13,13,13,323,100,25,97
GVESTA,2012,1,24,15,6.6,77.8,7.6,3,4.87,4.9,18.9,0.1,977.4,247,2.1,4.2,16,5,16,10,9,13,13,322,100,25,97
GVESTA,2012,1,24,16,6.6,77.8,7.6,3,4.87,4.9,18.9,0.1,977.4,223,2.1,3.9,0,0,0,0,0,0,0,322,100,25,97
GVESTA,2012,1,24,17,6.7,76.7,7.5,2.9,4.81,5,18.8,0,977.7,228,1.4,3.6,0,0,0,0,0,0,0,322,100,25,97
GVESTA,2012,1,24,18,6.7,78.3,7.7,3.2,4.94,5.1,19.1,0,977.9,292,0.6,2.4,0,0,0,0,0,0,0,322,100,25,97
GVESTA,2012,1,24,19,6.7,78.3,7.7,3.2,4.94,5.1,19.1,0.2,977.9,323,0.5,1.3,0,0,0,0,0,0,0,321,100,25,97
GVESTA,2012,1,24,20,6.6,80,7.8,3.4,5,5.1,19.2,0.2,978,207,0.4,2.3,0,0,0,0,0,0,0,320,100,25,97
GVESTA,2012,1,24,21,6,81,7.6,3,4.87,4.6,18.3,0.3,978,171,0.8,2.8,0,0,0,0,0,0,0,319,100,25,97
GVESTA,2012,1,24,22,5.4,83.9,7.5,2.9,4.8,4.3,17.5,0.2,978.4,245,1.5,2.9,0,0,0,0,0,0,0,318,100,25,97
GVESTA,2012,1,24,23,5.2,85.1,7.5,2.9,4.81,4.2,17.3,0.1,978.2,238,1.3,1.7,0,0,0,0,0,0,0,318,100,25,97
GVESTA,2012,1,25,0,5.7,82.2,7.5,2.9,4.81,4.4,17.8,0,977.9,270,0.4,1.5,0,0,0,0,0,0,0,317,100,25,96
GVESTA,2012,1,25,1,5.3,83.3,7.4,2.7,4.74,4.1,17.2,0,977.5,99,0.6,1.4,0,0,0,0,0,0,0,317,100,25,96
GVESTA,2012,1,25,2,5.7,79.9,7.3,2.5,4.68,4.3,17.5,0,977,315,0.2,0.7,0,0,0,0,0,0,0,318,100,25,96
GVESTA,2012,1,25,3,5.4,81.5,7.3,2.5,4.68,4.1,17.2,0,976.9,297,0.3,0.9,0,0,0,0,0,0,0,318,100,25,96
GVESTA,2012,1,25,4,5.1,83.3,7.3,2.5,4.68,3.9,16.9,0,976.6,278,0.7,1.9,0,0,0,0,0,0,0,316,94,25,96
GVESTA,2012,1,25,5,5,82.7,7.2,2.3,4.62,3.8,16.6,0,976.4,270,0.9,2.1,0,0,0,0,0,0,0,310,81,25,96
GVESTA,2012,1,25,6,5,82.7,7.2,2.3,4.62,3.8,16.6,0,976.3,306,1,1.8,0,0,0,0,0,0,0,319,100,25,96
GVESTA,2012,1,25,7,5,82.7,7.2,2.3,4.62,3.8,16.6,0,976.4,8,0.8,1.8,6,0,6,4,3,3,3,316,100,25,96
GVESTA,2012,1,25,8,5.1,83.3,7.3,2.5,4.68,3.9,16.9,0,976.5,11,1.1,2,37,0,37,22,22,22,22,322,100,25,96
GVESTA,2012,1,25,9,5.3,83.3,7.4,2.7,4.75,4.1,17.2,0,976.2,5,1.2,2.1,36,0,36,22,22,22,22,324,100,25,96
GVESTA,2012,1,25,10,5.7,81,7.4,2.7,4.75,4.3,17.6,0,976.4,22,1.2,2.6,72,0,72,44,44,43,43,326,100,25,96
GVESTA,2012,1,25,11,5.9,78.8,7.3,2.5,4.69,4.4,17.7,0.1,976,48,1.3,2.8,115,1,114,70,69,69,69,327,100,25,96
GVESTA,2012,1,25,12,6.2,77.1,7.3,2.5,4.69,4.5,18,0,975.6,50,1.7,3.2,90,41,73,44,43,86,54,328,94,25,96
GVESTA,2012,1,25,13,6.6,76.1,7.4,2.7,4.76,4.8,18.6,0,975.1,18,0.8,2.4,34,0,34,21,20,20,20,328,100,25,96
GVESTA,2012,1,25,14,6.7,75.6,7.4,2.7,4.76,4.9,18.7,0,975.1,48,1.3,3.3,21,0,21,13,12,12,12,328,100,25,96
GVESTA,2012,1,25,15,6.9,75.6,7.5,2.9,4.82,5.1,19,0,974.7,84,1,3,24,0,24,15,14,14,15,321,84,25,96
GVESTA,2012,1,25,16,6.7,76.7,7.5,2.9,4.82,5,18.8,0,974.8,77,1.4,4.5,0,0,0,0,0,0,0,315,50,25,96
GVESTA,2012,1,25,17,6.2,78.2,7.4,2.7,4.76,4.6,18.2,0,974.9,42,1.6,3,0,0,0,0,0,0,0,307,36,25,96
GVESTA,2012,1,25,18,6.4,78.3,7.5,2.9,4.82,4.8,18.5,0,974.8,4,1.3,2.2,0,0,0,0,0,0,0,297,16,25,96
GVESTA,2012,1,25,19,6.9,75.6,7.5,2.9,4.82,5.1,19,0,974.8,24,1.8,3.4,0,0,0,0,0,0,0,292,0,25,96
GVESTA,2012,1,25,20,6.9,76.2,7.6,3,4.89,5.1,19.2,0,974.9,43,2,3.6,0,0,0,0,0,0,0,292,0,25,96
GVESTA,2012,1,25,21,7.2,74.6,7.6,3,4.89,5.3,19.5,0,974.5,21,1,2.1,0,0,0,0,0,0,0,288,0,25,96
GVESTA,2012,1,25,22,7.6,73.6,7.7,3.2,4.95,5.5,20.1,0,974.6,117,0.4,1.1,0,0,0,0,0,0,0,288,0,25,96
GVESTA,2012,1,25,23,7,76.7,7.7,3.2,4.95,5.2,19.5,0,974.5,27,0.8,1.3,0,0,0,0,0,0,0,293,0,25,96
GVESTA,2012,1,26,0,6.7,77.2,7.6,3,4.89,5,19,0,974.2,45,1.1,1.6,0,0,0,0,0,0,0,282,0,26,96
GVESTA,2012,1,26,1,6.7,76.7,7.5,2.9,4.83,5,18.9,0,973.9,73,1.4,2.4,0,0,0,0,0,0,0,280,0,26,96
GVESTA,2012,1,26,2,7.1,74.6,7.5,2.9,4.83,5.2,19.3,0,973.7,27,0.6,2,0,0,0,0,0,0,0,279,0,26,96
GVESTA,2012,1,26,3,6.8,76.7,7.6,3,4.89,5,19.1,0,973.4,9,0.7,1.2,0,0,0,0,0,0,0,285,0,26,96
GVESTA,2012,1,26,4,6.7,79.4,7.8,3.4,5.02,5.2,19.3,0,973.5,27,0.6,1.2,0,0,0,0,0,0,0,287,0,26,96
GVESTA,2012,1,26,5,6.7,79.4,7.8,3.4,5.02,5.2,19.3,0,973.6,243,0.7,1.2,0,0,0,0,0,0,0,286,0,26,96
GVESTA,2012,1,26,6,6.9,78.4,7.8,3.4,5.02,5.3,19.5,0,973.9,278,0.7,1.8,0,0,0,0,0,0,0,286,0,26,96
GVESTA,2012,1,26,7,6.4,80,7.7,3.2,4.96,4.9,18.9,0,973.9,56,0.8,3.8,5,0,5,3,3,3,3,288,23,26,96
GVESTA,2012,1,26,8,5.7,78.7,7.2,2.3,4.63,4.2,17.3,0,974,119,1.2,4.5,30,0,30,18,18,18,18,295,100,26,96
GVESTA,2012,1,26,9,6.1,78.8,7.4,2.7,4.76,4.6,18.1,0,974.2,45,0.5,1.9,24,0,24,15,15,15,15,325,100,26,96
GVESTA,2012,1,26,10,6.3,78.8,7.5,2.9,4.83,4.7,18.4,0,974.3,326,0.6,1.3,30,0,30,19,18,18,18,328,100,26,96
GVESTA,2012,1,26,11,6.5,75.6,7.3,2.5,4.7,4.7,18.3,0,973.8,232,1.2,3.3,61,0,61,37,37,37,37,330,100,26,96
GVESTA,2012,1,26,12,6.7,74.5,7.3,2.5,4.7,4.8,18.5,0,973.5,72,0.8,3.7,72,0,72,44,44,43,43,332,100,26,96
GVESTA,2012,1,26,13,7.1,72.5,7.3,2.5,4.7,5,18.9,0,973.1,135,0.6,2,80,0,80,49,48,48,48,317,100,26,96
GVESTA,2012,1,26,14,7.4,72,7.4,2.7,4.77,5.2,19.4,0,973.1,6,1,2.1,30,0,30,18,18,18,18,324,100,26,96
GVESTA,2012,1,26,15,7.5,72.6,7.5,2.9,4.83,5.4,19.7,0,973.2,21,0.9,1.9,25,3,25,15,15,17,17,309,68,26,96
GVESTA,2012,1,26,16,7.5,73.1,7.6,3,4.89,5.4,19.8,0,973.5,21,1.4,2.3,4,14,3,2,2,9,14,316,56,26,96
GVESTA,2012,1,26,17,7.6,72.6,7.6,3,4.89,5.5,19.9,0,974,32,1.6,3.4,0,0,0,0,0,0,0,326,81,26,96
GVESTA,2012,1,26,18,7.3,75.2,7.7,3.2,4.95,5.4,19.8,0,974.4,30,2,4,0,0,0,0,0,0,0,325,75,26,96
GVESTA,2012,1,26,19,7.6,73.6,7.7,3.2,4.95,5.5,20.1,0,974.5,15,1.1,2.5,0,0,0,0,0,0,0,327,88,26,96
GVESTA,2012,1,26,20,7.7,73.1,7.7,3.2,4.95,5.6,20.2,0,974.6,330,0.8,1.2,0,0,0,0,0,0,0,324,88,26,96
GVESTA,2012,1,26,21,7.2,77.9,7.9,3.6,5.08,5.5,20,0.1,974.8,352,0.7,1.2,0,0,0,0,0,0,0,328,100,26,96
GVESTA,2012,1,26,22,7.4,77.9,8,3.8,5.15,5.7,20.4,0,975,360,0.2,1,0,0,0,0,0,0,0,327,94,26,96
GVESTA,2012,1,26,23,7.2,80.6,8.2,4.1,5.27,5.7,20.5,0,975.2,304,0.3,1,0,0,0,0,0,0,0,326,100,26,96
GVESTA,2012,1,27,0,7,81.8,8.2,4.1,5.27,5.6,20.3,0,975.2,252,0.5,1.4,0,0,0,0,0,0,0,325,100,27,96
GVESTA,2012,1,27,1,6.9,81.2,8.1,3.9,5.21,5.5,20,0,975.6,297,0.7,1.8,0,0,0,0,0,0,0,325,100,27,96
GVESTA,2012,1,27,2,7,81.8,8.2,4.1,5.27,5.6,20.3,0.6,975.7,270,0.4,1.2,0,0,0,0,0,0,0,324,100,27,96
GVESTA,2012,1,27,3,6.8,82.9,8.2,4.1,5.27,5.5,20.1,0,975.8,297,0.5,1.2,0,0,0,0,0,0,0,324,100,27,96
GVESTA,2012,1,27,4,7,81.8,8.2,4.1,5.27,5.6,20.3,0,975.9,270,0.5,1.4,0,0,0,0,0,0,0,324,100,27,96
GVESTA,2012,1,27,5,6.7,84.6,8.3,4.3,5.33,5.6,20.1,0,976.2,16,0.8,1.8,0,0,0,0,0,0,0,323,100,27,96
GVESTA,2012,1,27,6,6.7,83.5,8.2,4.1,5.27,5.5,20,0,976.7,5,1.1,1.8,0,0,0,0,0,0,0,323,100,27,96
GVESTA,2012,1,27,7,6.9,83.5,8.3,4.3,5.33,5.7,20.3,0,977.3,360,0.8,1.4,5,0,5,3,3,3,3,324,94,27,96
GVESTA,2012,1,27,8,7,84.1,8.4,4.5,5.39,5.8,20.6,0,977.5,351,0.7,1.1,21,0,21,13,13,12,13,325,100,27,96
GVESTA,2012,1,27,9,7,84.1,8.4,4.5,5.39,5.8,20.6,0,977.8,51,0.8,2.2,15,0,15,9,9,9,9,326,100,27,96
GVESTA,2012,1,27,10,6.9,85.3,8.5,4.6,5.45,5.8,20.6,0,978.3,45,0.9,2.6,19,0,19,12,12,12,12,328,100,27,96
GVESTA,2012,1,27,11,6.9,86.5,8.6,4.8,5.52,5.9,20.8,0.1,978.2,6,1,1.6,27,0,27,17,17,16,17,329,100,27,96
GVESTA,2012,1,27,12,6.9,87.7,8.7,5,5.58,6,21,0.1,978.2,13,1,1.8,30,0,30,19,19,18,19,329,100,27,96
GVESTA,2012,1,27,13,6.7,88.9,8.7,5,5.58,5.9,20.8,0.1,978.1,73,1.2,3.4,43,0,43,27,26,26,26,328,100,27,96
GVESTA,2012,1,27,14,6.9,87.7,8.7,5,5.58,6,21,0.2,978.2,69,1.4,3.5,20,0,20,12,12,12,12,327,100,27,96
GVESTA,2012,1,27,15,7.1,87.1,8.8,5.1,5.65,6.1,21.3,0.2,978.4,68,1.1,3.3,15,13,14,9,9,16,20,326,100,27,96
GVESTA,2012,1,27,16,7,87.1,8.7,5,5.58,6,21,1.2,978.8,27,1.6,2.8,3,2,3,2,2,3,4,325,100,27,96
GVESTA,2012,1,27,17,6.6,86.4,8.4,4.5,5.38,5.6,20.1,2,979.3,59,2.4,4.5,0,0,0,0,0,0,0,324,100,27,96
GVESTA,2012,1,27,18,6.4,84,8.1,3.9,5.19,5.2,19.4,0.7,979.7,62,1.7,3.6,0,0,0,0,0,0,0,324,100,27,96
GVESTA,2012,1,27,19,6.2,82.2,7.8,3.4,4.99,4.9,18.8,0.8,979.9,42,1.5,3.9,0,0,0,0,0,0,0,323,100,27,96
GVESTA,2012,1,27,20,6.6,78.9,7.7,3.2,4.92,5,19,0.1,980.2,315,0.4,1.3,0,0,0,0,0,0,0,322,100,27,96
GVESTA,2012,1,27,21,6.5,80.5,7.8,3.4,4.99,5.1,19.1,0.1,980.5,315,0.4,2,0,0,0,0,0,0,0,320,100,27,96
GVESTA,2012,1,27,22,6.2,82.2,7.8,3.4,4.99,4.9,18.7,0.2,980.8,256,0.6,1.8,0,0,0,0,0,0,0,319,100,27,96
GVESTA,2012,1,27,23,5.3,83.3,7.4,2.7,4.73,4.1,17.2,1.1,981.1,258,1.5,5,0,0,0,0,0,0,0,317,100,27,96
GVESTA,2012,1,28,0,5.1,83.3,7.3,2.5,4.66,3.9,16.8,0,980.8,174,1.1,3.1,0,0,0,0,0,0,0,315,100,27,96
GVESTA,2012,1,28,1,5.1,82.1,7.2,2.3,4.6,3.9,16.7,0,980.8,360,0.9,3.5,0,0,0,0,0,0,0,313,100,27,96
GVESTA,2012,1,28,2,4.7,84.4,7.2,2.3,4.6,3.6,16.3,0,980.6,13,0.9,1.7,0,0,0,0,0,0,0,311,100,27,96
GVESTA,2012,1,28,3,4.7,83.2,7.1,2.1,4.54,3.6,16.1,0,980.4,349,0.5,1.1,0,0,0,0,0,0,0,309,100,27,96
GVESTA,2012,1,28,4,4.5,83.2,7,1.9,4.47,3.4,15.7,0,980.3,63,0.5,1.3,0,0,0,0,0,0,0,306,100,27,96
GVESTA,2012,1,28,5,3.6,83.7,6.6,1.1,4.22,2.5,14.2,0,980.3,312,1.2,1.8,0,0,0,0,0,0,0,290,44,27,96
GVESTA,2012,1,28,6,3.3,80.1,6.2,0.2,3.96,2,13.2,0,980.4,349,0.6,1.5,0,0,0,0,0,0,0,271,0,27,96
GVESTA,2012,1,28,7,2.2,82.3,5.9,-0.5,3.77,1.1,11.6,0,980.4,11,0.6,1.2,41,137,28,17,134,98,17,277,6,27,96
GVESTA,2012,1,28,8,3.2,83,6.4,0.6,4.09,2.1,13.4,0,980.4,338,0.6,1.4,108,84,91,56,122,116,55,298,58,27,96
GVESTA,2012,1,28,9,4.4,82.6,6.9,1.7,4.41,3.2,15.5,0,980.2,135,0.8,3.4,147,90,120,73,133,151,72,300,64,27,96
GVESTA,2012,1,28,10,4.7,77.4,6.6,1.1,4.22,3.1,15.3,0,980.1,47,1.9,4.4,284,340,150,96,231,422,95,302,68,27,96
GVESTA,2012,1,28,11,5.3,75.3,6.7,1.3,4.28,3.6,16.1,0,979.3,45,2.6,4.9,72,0,72,44,44,43,44,312,100,27,96
GVESTA,2012,1,28,12,5.2,75.9,6.7,1.3,4.29,3.5,16,0,978.8,40,3.3,5.5,71,0,71,44,43,43,43,313,100,27,96
GVESTA,2012,1,28,13,5.4,72.7,6.5,0.9,4.16,3.5,15.9,0,978.2,30,3.9,6,42,0,42,26,25,25,25,312,100,27,96
GVESTA,2012,1,28,14,5.4,71.1,6.4,0.6,4.1,3.3,15.7,0,977.9,34,3.6,6.6,18,0,18,11,11,11,11,311,100,27,96
GVESTA,2012,1,28,15,5.4,71.1,6.4,0.6,4.1,3.3,15.7,0,977.6,38,4.9,8.5,13,0,13,8,8,8,8,307,94,27,96
GVESTA,2012,1,28,16,5.1,70.6,6.2,0.2,3.97,3,15.1,0,977.4,34,4.6,9.3,0,0,0,0,0,0,0,306,94,27,96
GVESTA,2012,1,28,17,4.5,69.9,5.9,-0.5,3.78,2.4,14,0,977.3,24,4.9,9.5,0,0,0,0,0,0,0,308,100,27,96
GVESTA,2012,1,28,18,4,71.4,5.8,-0.7,3.71,2.1,13.3,0,977.4,26,5,9.2,0,0,0,0,0,0,0,307,100,27,96
GVESTA,2012,1,28,19,3.8,73.5,5.9,-0.5,3.78,2,13.3,0,977.2,28,5.1,9.8,0,0,0,0,0,0,0,307,100,27,96
GVESTA,2012,1,28,20,3.6,72.4,5.7,-0.9,3.65,1.8,12.8,0,976.8,28,5.7,12.1,0,0,0,0,0,0,0,306,100,27,96
GVESTA,2012,1,28,21,3.4,77.2,6,-0.2,3.85,1.9,13,0,976.5,27,6.1,10.7,0,0,0,0,0,0,0,306,100,27,96
GVESTA,2012,1,28,22,3.2,76.6,5.9,-0.5,3.78,1.7,12.7,0,976.3,28,6.4,11.4,0,0,0,0,0,0,0,305,100,27,96
GVESTA,2012,1,28,23,2.9,77.2,5.8,-0.7,3.72,1.4,12.2,0,975.9,31,7.4,14.9,0,0,0,0,0,0,0,305,100,27,96
GVESTA,2012,1,29,0,3,75.5,5.7,-0.9,3.66,1.4,12.2,0,975.2,30,7.1,12.6,0,0,0,0,0,0,0,304,100,27,96
GVESTA,2012,1,29,1,3,73.8,5.6,-1.2,3.59,1.3,12,0,975,31,7.2,13.9,0,0,0,0,0,0,0,304,100,27,96
GVESTA,2012,1,29,2,2.9,74.4,5.6,-1.2,3.59,1.3,11.9,0,974.6,31,6.7,14.7,0,0,0,0,0,0,0,303,100,27,96
GVESTA,2012,1,29,3,2.9,74.4,5.6,-1.2,3.6,1.3,11.9,0,974.4,31,6.6,14.5,0,0,0,0,0,0,0,302,100,27,96
GVESTA,2012,1,29,4,2.6,76,5.6,-1.2,3.6,1.1,11.6,0,974.3,31,7.5,13.9,0,0,0,0,0,0,0,302,100,27,96
GVESTA,2012,1,29,5,2.5,78.2,5.7,-0.9,3.66,1.1,11.7,0,974.3,34,7.5,12.3,0,0,0,0,0,0,0,301,88,27,96
GVESTA,2012,1,29,6,2.7,75.4,5.6,-1.2,3.6,1.2,11.7,0,974.5,28,6.7,13.4,0,0,0,0,0,0,0,296,94,27,96
GVESTA,2012,1,29,7,2.5,75.4,5.5,-1.4,3.53,1,11.3,0,974.7,29,6.6,12.3,4,0,4,2,2,2,2,301,94,27,96
GVESTA,2012,1,29,8,2.5,73.8,5.4,-1.7,3.46,0.9,11.2,0,974.9,27,5.9,11.4,33,1,33,20,21,20,20,301,100,27,96
GVESTA,2012,1,29,9,2.7,72.7,5.4,-1.7,3.46,1,11.4,0,975.2,27,5.7,12.1,31,0,31,19,19,19,19,301,100,27,96
GVESTA,2012,1,29,10,2.9,71.7,5.4,-1.7,3.46,1.1,11.6,0,975.3,34,6.1,11.3,43,0,43,27,26,26,26,301,100,27,96
GVESTA,2012,1,29,11,3,70.1,5.3,-1.9,3.4,1.1,11.5,0,975.2,32,6.4,11.6,24,0,24,15,15,15,15,301,100,27,96
GVESTA,2012,1,29,12,3.3,68.7,5.3,-1.9,3.4,1.3,11.8,0,975.2,32,6.1,10.5,41,0,41,25,25,25,25,300,100,27,96
GVESTA,2012,1,29,13,3.3,68.7,5.3,-1.9,3.4,1.3,11.8,0,975,37,6.1,10.5,45,1,45,28,27,28,28,299,100,27,96
GVESTA,2012,1,29,14,3.4,68.2,5.3,-1.9,3.4,1.3,11.9,0,975.3,39,6.6,10.9,15,0,15,9,9,9,9,298,100,27,96
GVESTA,2012,1,29,15,3,70.1,5.3,-1.9,3.4,1.1,11.5,0,975.6,42,6,9.8,6,0,6,4,4,3,4,297,100,27,96
GVESTA,2012,1,29,16,2.6,70.6,5.2,-2.2,3.33,0.7,10.9,0,975.7,39,6.4,10.3,0,0,0,0,0,0,0,294,100,27,96
GVESTA,2012,1,29,17,2.3,73.7,5.3,-1.9,3.4,0.7,10.8,0,976.1,45,5.8,10.5,0,0,0,0,0,0,0,295,100,27,96
GVESTA,2012,1,29,18,2.3,73.7,5.3,-1.9,3.4,0.7,10.8,0,976.2,40,5.7,9.3,0,0,0,0,0,0,0,294,81,27,96
GVESTA,2012,1,29,19,2.5,72.7,5.3,-1.9,3.39,0.8,11,0,976.4,35,4.4,8.5,0,0,0,0,0,0,0,296,94,27,96
GVESTA,2012,1,29,20,2.4,71.6,5.2,-2.2,3.33,0.6,10.7,0,976.5,34,4,7.7,0,0,0,0,0,0,0,291,100,27,96
GVESTA,2012,1,29,21,2.4,73.2,5.3,-1.9,3.39,0.7,10.9,0,976.5,44,4.7,7.9,0,0,0,0,0,0,0,290,100,27,96
GVESTA,2012,1,29,22,2.1,73.1,5.2,-2.2,3.33,0.5,10.4,0,976.5,40,5.3,8.8,0,0,0,0,0,0,0,295,100,27,96
GVESTA,2012,1,29,23,2.4,70,5.1,-2.5,3.26,0.5,10.6,0,976.7,28,3.6,7.4,0,0,0,0,0,0,0,295,100,27,96
GVESTA,2012,1,30,0,2.8,69.6,5.2,-2.2,3.33,0.9,11.1,0,976.9,356,1.4,3.9,0,0,0,0,0,0,0,297,100,26,96
GVESTA,2012,1,30,1,3.1,66.6,5.1,-2.5,3.26,0.9,11.3,0,977.3,360,1.2,3.8,0,0,0,0,0,0,0,295,100,26,96
GVESTA,2012,1,30,2,3,68.6,5.2,-2.2,3.33,1,11.3,0,977.2,37,2.1,4.7,0,0,0,0,0,0,0,292,94,26,96
GVESTA,2012,1,30,3,3.1,66.6,5.1,-2.5,3.26,0.9,11.3,0,977.3,32,1.6,3.5,0,0,0,0,0,0,0,298,100,26,96
GVESTA,2012,1,30,4,2.6,72.2,5.3,-1.9,3.39,0.8,11.1,0,977.4,9,1.3,3.3,0,0,0,0,0,0,0,298,100,26,96
GVESTA,2012,1,30,5,2.8,72.2,5.4,-1.7,3.45,1,11.5,0,977.6,333,0.8,1.4,0,0,0,0,0,0,0,298,100,26,96
GVESTA,2012,1,30,6,3,70.1,5.3,-1.9,3.39,1.1,11.5,0,977.8,302,1,1.5,0,0,0,0,0,0,0,296,100,26,96
GVESTA,2012,1,30,7,3.3,68.7,5.3,-1.9,3.39,1.3,11.8,0,978.1,307,0.5,1.5,8,0,8,5,5,5,5,298,100,26,96
GVESTA,2012,1,30,8,3.6,65.7,5.2,-2.2,3.32,1.3,11.9,0,978.1,349,0.6,1.4,34,6,33,20,25,24,20,298,100,26,96
GVESTA,2012,1,30,9,3.3,65.7,5.1,-2.5,3.26,1.1,11.5,0,978.1,6,0.9,1.8,19,0,19,12,12,12,12,298,100,26,96
GVESTA,2012,1,30,10,3.2,65.2,5,-2.7,3.2,0.9,11.2,0,978.2,32,1.4,3.8,24,0,24,15,15,14,15,298,100,26,96
GVESTA,2012,1,30,11,2.8,69.6,5.2,-2.2,3.32,0.9,11.1,0.1,978.2,57,2.8,4.9,27,0,27,16,16,16,16,298,100,26,96
GVESTA,2012,1,30,12,2,82.3,5.8,-0.7,3.71,0.9,11.3,0.1,978,48,2.7,4.3,23,0,23,14,14,14,14,298,100,26,96
GVESTA,2012,1,30,13,2,85.3,6,-0.2,3.84,1.1,11.6,0.1,977.6,48,2.8,4.6,19,0,19,11,11,11,11,296,100,26,96
GVESTA,2012,1,30,14,2,83.5,5.9,-0.5,3.78,1,11.4,0,977.6,61,2.6,3.8,13,0,13,8,8,8,8,294,100,26,96
GVESTA,2012,1,30,15,2.3,80.5,5.8,-0.7,3.71,1.1,11.6,0,977.5,57,2.1,3.2,6,0,6,4,4,4,4,292,100,26,96
GVESTA,2012,1,30,16,2.6,78.8,5.8,-0.7,3.71,1.3,11.9,0,977.5,35,1.6,2.9,0,0,0,0,0,0,0,287,100,26,96
GVESTA,2012,1,30,17,2.7,74.3,5.5,-1.4,3.52,1.1,11.5,0,977.4,65,1.7,3.4,0,0,0,0,0,0,0,284,100,26,96
GVESTA,2012,1,30,18,2.8,72.2,5.4,-1.7,3.46,1,11.5,0,977.3,50,1.7,3.2,0,0,0,0,0,0,0,283,94,26,96
GVESTA,2012,1,30,19,3.2,71.7,5.5,-1.4,3.52,1.4,12,0,976.8,352,0.7,2,0,0,0,0,0,0,0,285,100,26,96
GVESTA,2012,1,30,20,3.2,74.4,5.7,-0.9,3.65,1.5,12.4,0,976.4,293,0.8,1.5,0,0,0,0,0,0,0,285,100,26,96
GVESTA,2012,1,30,21,3.2,74.4,5.7,-0.9,3.65,1.5,12.4,0,975.8,315,0.8,1.4,0,0,0,0,0,0,0,286,100,26,96
GVESTA,2012,1,30,22,2.7,78.3,5.8,-0.7,3.72,1.3,12,0,975.3,270,1,2,0,0,0,0,0,0,0,286,100,26,96
GVESTA,2012,1,30,23,2.5,79.4,5.8,-0.7,3.72,1.2,11.8,0,974.9,240,0.8,1.5,0,0,0,0,0,0,0,286,100,26,96
GVESTA,2012,1,31,0,2.3,80.5,5.8,-0.7,3.73,1.1,11.6,0.5,974.2,270,0.4,1.2,0,0,0,0,0,0,0,286,100,31,96
GVESTA,2012,1,31,1,1.9,82.9,5.8,-0.7,3.73,0.9,11.2,0.5,973.2,9,0.7,1.8,0,0,0,0,0,0,0,286,100,31,96
GVESTA,2012,1,31,2,1.2,84,5.6,-1.2,3.6,0.3,10.2,0.6,972.4,360,1.5,4.2,0,0,0,0,0,0,0,286,100,31,96
GVESTA,2012,1,31,3,0.8,85.2,5.5,-1.4,3.54,0,9.6,0.7,971.7,6,2,4.3,0,0,0,0,0,0,0,286,100,31,96
GVESTA,2012,1,31,4,0.5,87,5.5,-1.4,3.54,-0.2,9.3,0.8,971.3,7,2.6,6.1,0,0,0,0,0,0,0,287,100,31,96
GVESTA,2012,1,31,5,0.3,86.4,5.4,-1.7,3.48,-0.5,9,0.7,970.8,7,2.6,6,0,0,0,0,0,0,0,287,100,31,96
GVESTA,2012,1,31,6,0.2,85.7,5.3,-1.9,3.42,-0.6,8.7,0.5,970.6,10,2.9,6.9,0,0,0,0,0,0,0,286,100,31,96
GVESTA,2012,1,31,7,0.3,83.3,5.2,-2.2,3.35,-0.6,8.7,0.3,970.6,7,2.3,5.6,5,0,5,3,3,3,3,285,100,31,96
GVESTA,2012,1,31,8,0.2,83.9,5.2,-2.2,3.35,-0.7,8.6,0.3,970.6,8,2.3,5.3,10,0,10,6,6,6,6,283,100,31,96
GVESTA,2012,1,31,9,0.2,85.7,5.3,-1.9,3.41,-0.6,8.7,0.5,970.7,13,2.3,5.4,17,0,17,11,11,10,10,282,100,31,96
GVESTA,2012,1,31,10,0.2,85.7,5.3,-1.9,3.41,-0.6,8.7,0.6,971,14,1.7,3.7,43,0,43,28,27,27,27,280,100,31,96
GVESTA,2012,1,31,11,0.3,86.4,5.4,-1.7,3.48,-0.5,9,0.3,970.8,20,1.5,3.3,44,0,44,28,28,28,28,279,100,31,96
GVESTA,2012,1,31,12,0.7,83.9,5.4,-1.7,3.48,-0.2,9.4,0.1,970.7,25,1.4,3.3,76,0,76,49,49,48,48,278,100,31,96
GVESTA,2012,1,31,13,0.6,84.5,5.4,-1.7,3.48,-0.3,9.3,0.2,970.5,10,1.8,5,23,0,23,15,15,15,15,277,100,31,96
GVESTA,2012,1,31,14,0.6,83.3,5.3,-1.9,3.41,-0.3,9.1,0.1,970.7,9,2.5,4.8,66,32,58,37,37,61,62,277,100,31,96
GVESTA,2012,1,31,15,1,76.3,5,-2.7,3.22,-0.4,9,0,971.1,9,2,4.8,48,10,46,29,29,36,37,272,100,31,96
GVESTA,2012,1,31,16,1.1,75.6,5,-2.8,3.2,-0.4,9.1,0,971.6,18,2.9,7.4,0,0,0,0,0,0,0,275,100,31,96
GVESTA,2012,1,31,17,1.1,74.9,4.9,-2.9,3.18,-0.4,9,0,972.1,28,3.3,7.9,0,0,0,0,0,0,0,275,100,31,96
GVESTA,2012,1,31,18,0.8,75.4,4.9,-3,3.14,-0.6,8.7,0,972.5,28,4.1,10.1,0,0,0,0,0,0,0,274,100,31,96
GVESTA,2012,1,31,19,0.7,75.4,4.8,-3.1,3.11,-0.7,8.5,0,972.8,32,4.7,9.8,0,0,0,0,0,0,0,266,80,31,96
GVESTA,2012,1,31,20,0.7,73.4,4.7,-3.6,3.02,-0.9,8.2,0,973,5,2.2,5.8,0,0,0,0,0,0,0,270,71,31,96
GVESTA,2012,1,31,21,0.7,71.1,4.6,-4,2.93,-0.9,8.1,0,973.4,4,1.5,4.4,0,0,0,0,0,0,0,268,100,31,96
GVESTA,2012,1,31,22,0.8,68.5,4.4,-4.5,2.83,-1,7.9,0,973.7,356,1.5,6.1,0,0,0,0,0,0,0,262,100,31,96
GVESTA,2012,1,31,23,1,64.9,4.2,-5,2.72,-1.1,7.8,0,974.1,13,3.2,7.4,0,0,0,0,0,0,0,264,100,31,96
GVESTA,2001,2,1,0,1.2,61.6,4.1,-5.5,2.61,-1.1,7.7,0,974.4,45,5.2,8.7,0,0,0,0,0,0,0,271,100,25,97
GVESTA,2001,2,1,1,1.4,59,4,-5.9,2.54,-1.1,7.7,0,974.8,45,4.9,9.3,0,0,0,0,0,0,0,249,33,25,97
GVESTA,2001,2,1,2,1.4,57.2,3.9,-6.2,2.47,-1.2,7.6,0,975.2,57,5.2,9.7,0,0,0,0,0,0,0,249,40,25,97
GVESTA,2001,2,1,3,1.4,55.9,3.8,-6.4,2.42,-1.2,7.5,0,975.6,51,4.6,11,0,0,0,0,0,0,0,246,40,25,97
GVESTA,2001,2,1,4,1.3,55.8,3.8,-6.5,2.4,-1.3,7.3,0,975.9,56,6.5,12.9,0,0,0,0,0,0,0,243,40,25,97
GVESTA,2001,2,1,5,1.2,56.4,3.8,-6.5,2.41,-1.4,7.3,0,976.3,52,7.9,14,0,0,0,0,0,0,0,231,0,25,97
GVESTA,2001,2,1,6,1.1,56.8,3.8,-6.5,2.41,-1.5,7.1,0,976.7,53,8.7,15.6,0,0,0,0,0,0,0,230,0,25,97
GVESTA,2001,2,1,7,1.2,56.1,3.8,-6.5,2.4,-1.4,7.2,0,977.3,56,8.5,14.2,58,209,32,19,199,143,19,236,25,25,97
GVESTA,2001,2,1,8,1.5,55.6,3.8,-6.4,2.43,-1.2,7.6,0,977.8,57,7.8,14.1,190,443,92,55,402,375,55,238,33,25,97
GVESTA,2001,2,1,9,2,53.7,3.8,-6.4,2.42,-0.9,8.1,0,978.7,57,8.2,15,298,454,143,83,369,489,83,237,25,25,97
GVESTA,2001,2,1,10,2.6,51.4,3.8,-6.4,2.42,-0.5,8.7,0,978.7,59,9.2,15.5,410,682,129,84,356,735,84,239,33,25,97
GVESTA,2001,2,1,11,2.9,49.2,3.7,-6.7,2.36,-0.4,8.8,0,978.5,62,8.5,13.5,477,863,92,76,156,910,114,234,0,25,97
GVESTA,2001,2,1,12,3.4,46,3.6,-7.1,2.3,-0.2,9.2,0,978.3,58,8.8,14.9,460,853,92,74,75,885,307,234,0,25,97
GVESTA,2001,2,1,13,3.8,41.1,3.3,-8.2,2.1,-0.2,9.1,0,978.7,54,7.5,12.3,361,631,121,78,79,653,398,235,13,25,97
GVESTA,2001,2,1,14,3.9,43.4,3.5,-7.4,2.23,0,9.5,0,979.3,64,7.2,12.1,243,496,109,64,64,456,425,238,40,25,97
GVESTA,2001,2,1,15,3.5,43.3,3.4,-7.8,2.17,-0.3,8.9,0,979.7,66,6,12.3,124,468,54,32,32,325,425,232,13,25,97
GVESTA,2001,2,1,16,2.3,44.3,3.2,-8.6,2.04,-1.2,7.4,0,980.1,58,6.4,11.4,0,0,0,0,0,0,0,229,0,25,97
GVESTA,2001,2,1,17,1.5,45.5,3.1,-9,1.97,-1.8,6.4,0,980.8,40,5.3,9,0,0,0,0,0,0,0,228,0,25,97
GVESTA,2001,2,1,18,0.9,49,3.2,-8.6,2.04,-2.1,6,0,981.1,34,3.7,6,0,0,0,0,0,0,0,227,0,25,97
GVESTA,2001,2,1,19,0.7,49.7,3.2,-8.6,2.03,-2.2,5.8,0,981.5,31,3.5,5.5,0,0,0,0,0,0,0,225,0,25,97
GVESTA,2001,2,1,20,0.7,51.3,3.3,-8.2,2.1,-2.1,5.9,0,981.3,32,3.6,6.7,0,0,0,0,0,0,0,223,0,25,97
GVESTA,2001,2,1,21,0.7,49.7,3.2,-8.6,2.04,-2.2,5.8,0,981.1,7,2.3,4.5,0,0,0,0,0,0,0,222,0,25,97
GVESTA,2001,2,1,22,0,53.9,3.3,-8.2,2.1,-2.6,5.2,0,981.2,309,0.9,2.6,0,0,0,0,0,0,0,220,0,25,97
GVESTA,2001,2,1,23,-0.1,51.1,3.1,-9,1.97,-2.8,4.8,0,981.2,304,0.7,2.7,0,0,0,0,0,0,0,225,40,25,97
GVESTA,2001,2,2,0,0.3,51.1,3.2,-8.6,2.04,-2.5,5.4,0,980.6,39,1.3,4.2,0,0,0,0,0,0,0,217,0,25,97
GVESTA,2001,2,2,1,0.1,53.5,3.3,-8.2,2.1,-2.5,5.3,0,980.4,59,0.5,1.6,0,0,0,0,0,0,0,217,0,25,97
GVESTA,2001,2,2,2,-1.5,58.4,3.2,-8.6,2.04,-3.7,3.6,0,979.8,248,0.6,1.8,0,0,0,0,0,0,0,217,0,25,97
GVESTA,2001,2,2,3,-0.9,54.1,3.1,-9,1.97,-3.4,4,0,980.1,0,0,0.7,0,0,0,0,0,0,0,217,0,25,97
GVESTA,2001,2,2,4,-1.4,56.2,3.1,-9,1.97,-3.7,3.5,0,980,0,0,0,0,0,0,0,0,0,0,217,0,25,97
GVESTA,2001,2,2,5,-2.1,59.1,3.1,-9,1.97,-4.1,2.8,0,980.1,0,0,0.9,0,0,0,0,0,0,0,226,40,25,97
GVESTA,2001,2,2,6,-3.2,64.2,3.1,-9,1.97,-4.9,1.7,0,979.7,315,0.2,1.2,0,0,0,0,0,0,0,229,45,25,97
GVESTA,2001,2,2,7,-2.8,66.3,3.3,-8.2,2.1,-4.4,2.4,0,980,270,0.1,1.1,74,293,43,25,281,191,25,238,63,25,97
GVESTA,2001,2,2,8,-1.8,70.7,3.8,-6.4,2.42,-3.3,4.2,0,980.1,360,0.1,1.2,172,330,87,54,298,303,54,248,80,25,97
GVESTA,2001,2,2,9,-0.2,66.4,4,-5.7,2.55,-2.1,6.1,0,980.1,315,0.1,1.1,342,744,85,62,496,694,62,239,20,25,97
GVESTA,2001,2,2,10,0.6,59.3,3.8,-6.4,2.42,-1.7,6.6,0,979.8,117,0.7,2.5,402,652,131,86,349,705,86,249,38,25,97
GVESTA,2001,2,2,11,0.8,55.4,3.6,-7.1,2.3,-1.8,6.5,0,978.9,143,1,3,371,366,207,120,178,503,146,264,75,25,97
GVESTA,2001,2,2,12,1.7,47.7,3.3,-8.2,2.11,-1.5,7,0,978,63,0.4,2.3,197,24,186,113,112,136,121,276,100,25,97
GVESTA,2001,2,2,13,2.5,45,3.3,-8.2,2.11,-1,7.8,0,977.4,45,0.6,2.1,192,49,173,104,104,150,130,281,100,25,97
GVESTA,2001,2,2,14,3.1,44.5,3.4,-7.8,2.17,-0.6,8.5,0,977.2,270,0.8,2.8,91,3,91,55,55,56,56,284,100,25,97
GVESTA,2001,2,2,15,3.1,44.5,3.4,-7.8,2.17,-0.6,8.5,0,976.8,124,0.7,2.2,22,0,22,13,13,13,13,287,100,25,97
GVESTA,2001,2,2,16,3.5,42,3.3,-8.2,2.11,-0.4,8.8,0,976.2,261,0.6,2.1,1,0,1,1,1,1,1,290,100,25,97
GVESTA,2001,2,2,17,3.8,42.4,3.4,-7.8,2.17,-0.1,9.3,0,976.2,232,1.2,2.2,0,0,0,0,0,0,0,293,100,25,97
GVESTA,2001,2,2,18,3.6,43,3.4,-7.8,2.18,-0.3,9.1,0,975.7,253,1.4,2.9,0,0,0,0,0,0,0,296,100,25,97
GVESTA,2001,2,2,19,3.9,43.4,3.5,-7.4,2.24,0,9.5,0,975.2,259,1.1,4.3,0,0,0,0,0,0,0,296,100,25,97
GVESTA,2001,2,2,20,3.4,43.6,3.4,-7.8,2.18,-0.4,8.9,0,975.1,239,4.1,7.5,0,0,0,0,0,0,0,297,100,25,97
GVESTA,2001,2,2,21,3.8,38.6,3.1,-9,1.98,-0.4,8.8,0,975,232,4.4,7.4,0,0,0,0,0,0,0,298,100,25,97
GVESTA,2001,2,2,22,3.7,44,3.5,-7.4,2.24,-0.1,9.3,0,975.1,242,3.5,7.7,0,0,0,0,0,0,0,299,100,25,97
GVESTA,2001,2,2,23,2.9,59.9,4.5,-4.1,2.88,0.3,10.1,0,975.5,265,3.9,7.3,0,0,0,0,0,0,0,301,100,25,97
GVESTA,2001,2,3,0,3.2,53.2,4.1,-5.4,2.63,0.1,9.8,0,975,250,4.5,7.4,0,0,0,0,0,0,0,301,100,25,97
GVESTA,2001,2,3,1,3.3,59.6,4.6,-3.8,2.95,0.6,10.7,0,975.1,255,3.6,6.4,0,0,0,0,0,0,0,301,100,25,97
GVESTA,2001,2,3,2,3.5,57.5,4.5,-4.1,2.88,0.7,10.7,0,974.7,253,3.7,7.5,0,0,0,0,0,0,0,301,100,25,97
GVESTA,2001,2,3,3,3.7,57.9,4.6,-3.8,2.95,0.9,11.1,0,974.2,251,3.9,5.9,0,0,0,0,0,0,0,300,100,25,97
GVESTA,2001,2,3,4,4.2,59.4,4.9,-3,3.15,1.4,12.1,0,972.9,260,3.4,4.9,0,0,0,0,0,0,0,300,100,25,97
GVESTA,2001,2,3,5,3.8,63.4,5.1,-2.5,3.28,1.3,12,0,972.6,255,4.6,6.6,0,0,0,0,0,0,0,294,88,25,97
GVESTA,2001,2,3,6,3.7,63.8,5.1,-2.5,3.28,1.3,11.9,0,973,248,4.8,6.9,0,0,0,0,0,0,0,301,100,25,97
GVESTA,2001,2,3,7,3.8,64.8,5.2,-2.2,3.34,1.4,12.2,0,972.8,251,4.6,7.3,37,54,30,18,65,50,18,307,100,25,97
GVESTA,2001,2,3,8,4.5,63.1,5.3,-1.9,3.41,1.9,13.1,0,972.2,252,5.2,7.5,73,27,66,40,60,61,39,312,100,25,97
GVESTA,2001,2,3,9,5.4,61.5,5.5,-1.4,3.54,2.6,14.3,0,972.4,261,3.9,6.7,26,0,26,16,16,16,16,316,100,25,97
GVESTA,2001,2,3,10,6.4,58.2,5.6,-1.2,3.6,3.2,15.5,0,972.3,256,4.1,7.1,87,1,87,53,53,53,52,318,100,25,97
GVESTA,2001,2,3,11,7.3,61.5,6.3,0.4,4.06,4.3,17.5,0,972.2,247,4.6,7.9,38,0,38,23,23,23,23,320,100,25,97
GVESTA,2001,2,3,12,8.2,64.4,7,1.9,4.52,5.3,19.6,0.1,971.2,231,5.4,12.6,81,0,81,49,49,48,49,322,100,25,97
GVESTA,2001,2,3,13,8.8,61.9,7,1.9,4.52,5.6,20.2,0.1,970.4,232,5,10.3,73,0,73,45,44,44,44,322,100,25,97
GVESTA,2001,2,3,14,7.2,80.6,8.2,4.1,5.3,5.7,20.5,1,970.7,259,4.4,7.5,18,0,18,11,11,11,11,323,100,25,97
GVESTA,2001,2,3,15,7,82.9,8.3,4.3,5.36,5.7,20.5,1,970.6,244,5.7,9.2,8,0,8,5,5,5,5,324,100,25,97
GVESTA,2001,2,3,16,6.7,84.6,8.3,4.3,5.37,5.6,20.2,1.4,970.2,250,6.1,9.6,1,0,1,1,1,1,1,324,100,25,97
GVESTA,2001,2,3,17,6.6,87,8.5,4.6,5.5,5.6,20.4,1.3,970,264,4.1,6.9,0,0,0,0,0,0,0,325,100,25,97
GVESTA,2001,2,3,18,6.4,88.2,8.5,4.6,5.5,5.5,20.2,2.5,970,258,4.5,8.1,0,0,0,0,0,0,0,326,100,25,97
GVESTA,2001,2,3,19,6.7,88.9,8.7,5,5.63,5.9,20.9,3.2,970,263,3.2,7.1,0,0,0,0,0,0,0,327,100,25,97
GVESTA,2001,2,3,20,7.1,88.3,8.9,5.3,5.76,6.2,21.6,2.9,969.9,246,3.4,6.5,0,0,0,0,0,0,0,328,100,25,97
GVESTA,2001,2,3,21,8.1,85.4,9.2,5.8,5.96,7,23.1,2.8,970,229,3.2,7.6,0,0,0,0,0,0,0,330,100,25,97
GVESTA,2001,2,3,22,8.4,85.4,9.4,6.1,6.08,7.2,23.7,2.7,970.6,243,3.9,9.1,0,0,0,0,0,0,0,331,100,25,97
GVESTA,2001,2,3,23,8.2,85.4,9.3,5.9,6.02,7.1,23.4,2.6,970.2,230,4.5,8.9,0,0,0,0,0,0,0,332,100,25,97
GVESTA,2001,2,4,0,8.5,83.7,9.3,5.9,6.02,7.2,23.7,1.6,970.6,218,5.5,11.4,0,0,0,0,0,0,0,333,100,21,97
GVESTA,2001,2,4,1,9,80.9,9.3,5.9,6.02,7.4,24.2,1.1,970.8,227,5,10.5,0,0,0,0,0,0,0,333,100,21,97
GVESTA,2001,2,4,2,8.5,84.8,9.4,6.1,6.08,7.3,23.8,1.1,970.7,242,4.5,8,0,0,0,0,0,0,0,333,100,21,97
GVESTA,2001,2,4,3,8.2,84.8,9.2,5.8,5.95,7,23.2,0.3,970.7,255,3.6,6.1,0,0,0,0,0,0,0,333,100,21,97
GVESTA,2001,2,4,4,8.7,80.3,9,5.5,5.82,7.1,23.4,0,970.5,247,1.2,5.8,0,0,0,0,0,0,0,333,100,21,97
GVESTA,2001,2,4,5,8.9,79.2,9,5.5,5.82,7.2,23.6,0.1,970.1,247,0.9,3.9,0,0,0,0,0,0,0,334,100,21,97
GVESTA,2001,2,4,6,8.8,79.8,9,5.5,5.82,7.2,23.5,0,970.2,221,1.3,4.8,0,0,0,0,0,0,0,312,63,21,97
GVESTA,2001,2,4,7,8.3,80.2,8.8,5.1,5.69,6.7,22.7,0,970.2,239,1.9,4.1,10,2,10,6,7,7,6,329,88,21,97
GVESTA,2001,2,4,8,8.7,80.3,9,5.5,5.82,7.1,23.4,0,970.5,228,1.3,3.3,62,41,53,31,64,58,31,339,100,21,97
GVESTA,2001,2,4,9,9,82,9.4,6.1,6.08,7.5,24.4,0,970.5,233,1.1,3.4,100,6,98,57,60,62,57,332,88,21,97
GVESTA,2001,2,4,10,9.7,79.9,9.6,6.4,6.22,8,25.4,0,970,247,2.3,5.5,223,105,177,100,142,207,99,325,75,21,97
GVESTA,2001,2,4,11,10.2,79.4,9.9,6.8,6.42,8.4,26.4,0,968.7,266,3.1,5.3,391,449,185,101,164,561,132,286,20,21,97
GVESTA,2001,2,4,12,11.6,73.3,10,7,6.5,9.2,28,0,967.4,249,4.2,6.7,430,678,129,78,78,731,286,295,33,21,97
GVESTA,2001,2,4,13,12.7,68.2,10,7,6.5,9.7,29.2,0,966.4,250,4,7.5,360,636,115,67,68,637,404,278,13,21,97
GVESTA,2001,2,4,14,13.2,63.4,9.6,6.4,6.25,9.6,29,0,965.6,241,3.6,5.9,266,643,78,47,48,543,497,277,13,21,97
GVESTA,2001,2,4,15,13.3,60.8,9.3,5.9,6.05,9.5,28.7,0,964.9,241,3.9,6.4,127,432,57,32,31,299,396,281,20,21,97
GVESTA,2001,2,4,16,12.6,63.7,9.3,5.9,6.06,9.1,27.9,0,964.6,235,3.1,5.5,14,54,12,7,7,32,56,317,68,21,97
GVESTA,2001,2,4,17,10.9,69.8,9.1,5.6,5.92,8.2,25.9,0,964.9,252,2.2,4,0,0,0,0,0,0,0,318,70,21,97
GVESTA,2001,2,4,18,11.3,68.9,9.2,5.8,5.98,8.5,26.4,0,965.4,244,3.9,6.6,0,0,0,0,0,0,0,282,25,21,97
GVESTA,2001,2,4,19,12,62.2,8.7,5,5.66,8.5,26.3,0,965.4,225,3.4,8.7,0,0,0,0,0,0,0,282,25,21,97
GVESTA,2001,2,4,20,11.4,62.5,8.4,4.5,5.46,8,25.2,0,965.4,227,5.2,10.4,0,0,0,0,0,0,0,282,25,21,97
GVESTA,2001,2,4,21,11,61.5,8.1,3.9,5.26,7.5,24.3,0,966,224,5.8,10.9,0,0,0,0,0,0,0,288,33,21,97
GVESTA,2001,2,4,22,10.8,61.9,8,3.8,5.19,7.4,23.9,0,965.9,233,4.3,11.8,0,0,0,0,0,0,0,336,100,21,97
GVESTA,2001,2,4,23,11,61.5,8.1,3.9,5.26,7.5,24.3,0,965.8,220,3.2,9.3,0,0,0,0,0,0,0,335,100,21,97
GVESTA,2001,2,5,0,9.6,71,8.5,4.6,5.52,7.1,23.5,0.2,967,242,6.4,10.9,0,0,0,0,0,0,0,334,100,20,97
GVESTA,2001,2,5,1,8.3,82.5,9,5.5,5.85,6.9,23.1,1.6,965.9,247,5.1,9.6,0,0,0,0,0,0,0,334,100,20,97
GVESTA,2001,2,5,2,8.6,75.9,8.5,4.6,5.52,6.7,22.5,0,966.1,247,4.6,8.4,0,0,0,0,0,0,0,302,55,20,97
GVESTA,2001,2,5,3,8.7,74.9,8.4,4.5,5.46,6.7,22.5,0,966,260,4.8,9.5,0,0,0,0,0,0,0,334,100,20,97
GVESTA,2001,2,5,4,9,71.3,8.2,4.1,5.32,6.6,22.4,0.1,966.1,236,6.1,11.4,0,0,0,0,0,0,0,333,100,20,97
GVESTA,2001,2,5,5,8.9,77,8.8,5.1,5.72,7,23.3,0.5,966.4,229,5.9,12.6,0,0,0,0,0,0,0,315,75,20,97
GVESTA,2001,2,5,6,9.5,70,8.3,4.3,5.39,7,23.1,0,966.4,234,6.9,13.5,0,0,0,0,0,0,0,333,100,20,97
GVESTA,2001,2,5,7,10.2,62.7,7.8,3.4,5.06,6.9,23,0,967,233,7.6,15.6,10,1,10,6,7,6,6,325,88,20,97
GVESTA,2001,2,5,8,10.5,60.5,7.7,3.2,4.99,7,23.1,0,967.9,235,7.5,14.8,158,195,111,62,218,204,61,311,68,20,97
GVESTA,2001,2,5,9,11,57.3,7.5,2.9,4.85,7.1,23.3,0,968.6,236,7.7,14.9,155,55,137,79,116,125,78,337,100,20,97
GVESTA,2001,2,5,10,11.2,57.8,7.7,3.2,4.98,7.3,23.8,0,968.9,231,7.1,13.8,178,14,172,100,106,112,99,338,100,20,97
GVESTA,2001,2,5,11,11.9,53.3,7.4,2.7,4.79,7.5,24,0,969.2,237,8,14.5,78,0,78,45,45,44,45,339,100,20,97
GVESTA,2001,2,5,12,11.6,55.1,7.5,2.9,4.85,7.4,23.9,0,969.3,236,7.6,14.3,53,0,53,31,31,30,31,340,100,20,97
GVESTA,2001,2,5,13,12.1,51.8,7.3,2.5,4.72,7.5,24.1,0,969.2,237,7.2,12.8,174,24,164,95,95,116,107,339,100,20,97
GVESTA,2001,2,5,14,12.6,48.7,7.1,2.1,4.59,7.6,24.3,0,969,241,6.8,11.9,28,0,28,17,16,16,16,338,100,20,97
GVESTA,2001,2,5,15,12.7,49.1,7.2,2.3,4.65,7.7,24.5,0,969.4,235,4.2,7.2,36,37,31,18,18,39,50,338,100,20,97
GVESTA,2001,2,5,16,12.4,50.1,7.2,2.3,4.66,7.6,24.2,0,969.1,228,3.9,8.3,19,56,16,9,9,35,60,328,88,20,97
GVESTA,2001,2,5,17,12.4,48.7,7,1.9,4.52,7.4,23.9,0,969.6,229,3.3,6.6,0,0,0,0,0,0,0,314,68,20,97
GVESTA,2001,2,5,18,12.2,50,7.1,2.1,4.59,7.4,23.8,0,969.5,236,3.3,7.3,0,0,0,0,0,0,0,299,45,20,97
GVESTA,2001,2,5,19,11.7,53.2,7.3,2.5,4.72,7.3,23.7,0,969.2,248,2.2,4,0,0,0,0,0,0,0,322,80,20,97
GVESTA,2001,2,5,20,10.8,56.5,7.3,2.5,4.72,6.9,22.8,0,968.8,260,2.3,4.3,0,0,0,0,0,0,0,318,75,20,97
GVESTA,2001,2,5,21,10,57.9,7.1,2.1,4.59,6.3,21.6,0,968.9,251,2.7,4.9,0,0,0,0,0,0,0,321,80,20,97
GVESTA,2001,2,5,22,9.8,57.8,7,1.9,4.53,6.1,21.2,0,969.2,254,3.2,4.8,0,0,0,0,0,0,0,325,88,20,97
GVESTA,2001,2,5,23,11.4,49.8,6.7,1.3,4.33,6.7,22.4,0,968.9,240,2.3,5.2,0,0,0,0,0,0,0,332,100,20,97
GVESTA,2001,2,6,0,10.9,52.2,6.8,1.5,4.4,6.5,22,0,969,240,3.5,6.9,0,0,0,0,0,0,0,331,100,20,97
GVESTA,2001,2,6,1,11.1,50.1,6.6,1.1,4.27,6.5,21.9,0,968.8,243,3.3,10,0,0,0,0,0,0,0,331,100,20,97
GVESTA,2001,2,6,2,9.9,55.8,6.8,1.5,4.4,6,21,0,968.6,268,2.9,10,0,0,0,0,0,0,0,331,100,20,97
GVESTA,2001,2,6,3,9.3,57.3,6.7,1.3,4.33,5.7,20.2,0,968.7,246,2.1,4.8,0,0,0,0,0,0,0,309,68,20,97
GVESTA,2001,2,6,4,10,52,6.4,0.6,4.14,5.8,20.5,0,969.1,240,5.7,8.3,0,0,0,0,0,0,0,330,100,20,97
GVESTA,2001,2,6,5,9.4,56.1,6.6,1.1,4.27,5.6,20.2,0,968.8,265,4.3,7.4,0,0,0,0,0,0,0,292,43,20,97
GVESTA,2001,2,6,6,9.5,56.5,6.7,1.3,4.33,5.8,20.4,0,968.8,270,2.4,7.5,0,0,0,0,0,0,0,317,80,20,97
GVESTA,2001,2,6,7,9,57.6,6.6,1.1,4.27,5.4,19.8,0,969,249,2.6,4.8,19,43,17,10,48,30,9,333,100,20,97
GVESTA,2001,2,6,8,10.5,52.1,6.6,1.1,4.27,6.2,21.3,0,968.7,259,1.6,4.4,76,29,68,39,61,61,39,336,100,20,97
GVESTA,2001,2,6,9,11.3,49.4,6.6,1.1,4.27,6.6,22.1,0,969.1,242,2.4,5.1,324,586,110,63,413,566,63,297,43,20,97
GVESTA,2001,2,6,10,12.5,46.3,6.7,1.3,4.33,7.2,23.5,0,969.3,243,3.8,7.1,417,687,118,71,344,712,72,292,33,20,97
GVESTA,2001,2,6,11,13.5,45.3,7,1.9,4.53,7.9,25,0,968.3,249,5.6,9.7,422,550,164,89,157,644,128,298,38,20,97
GVESTA,2001,2,6,12,13.9,45.4,7.2,2.3,4.66,8.3,25.8,0,967.8,248,5.6,9,118,7,115,67,66,73,68,348,100,20,97
GVESTA,2001,2,6,13,14,47.4,7.6,3,4.93,8.6,26.5,0,967.1,259,6.2,8.8,232,103,191,109,108,204,167,347,100,20,97
GVESTA,2001,2,6,14,14.2,46.8,7.6,3,4.93,8.7,26.7,0,966.4,252,4.8,7.9,44,0,44,26,26,25,25,346,100,20,97
GVESTA,2001,2,6,15,14.4,46.2,7.6,3,4.93,8.8,26.9,0,966.1,253,5,8.8,34,0,34,20,20,19,20,345,100,20,97
GVESTA,2001,2,6,16,14.6,46.9,7.8,3.4,5.06,9,27.5,0,966.7,216,2.4,5.7,7,2,6,4,4,5,6,344,100,20,97
GVESTA,2001,2,6,17,14.5,48.6,8,3.8,5.19,9.1,27.7,0,967,221,2.3,5.6,0,0,0,0,0,0,0,343,100,20,97
GVESTA,2001,2,6,18,14.4,50.6,8.3,4.3,5.39,9.3,28.1,0,966.7,221,2.3,6,0,0,0,0,0,0,0,342,100,20,97
GVESTA,2001,2,6,19,13.8,54.5,8.6,4.8,5.58,9.2,28,0,966.7,239,2.1,5.4,0,0,0,0,0,0,0,341,100,20,97
GVESTA,2001,2,6,20,13.3,55.5,8.5,4.6,5.52,8.9,27.3,0,966.8,259,2.2,3.7,0,0,0,0,0,0,0,341,100,20,97
GVESTA,2001,2,6,21,12.8,56.2,8.3,4.3,5.39,8.5,26.5,0,966.7,247,2,4.2,0,0,0,0,0,0,0,340,100,20,97
GVESTA,2001,2,6,22,11.5,61.2,8.3,4.3,5.38,7.9,25.1,0,967.1,256,3.7,5.6,0,0,0,0,0,0,0,340,100,20,97
GVESTA,2001,2,6,23,12.1,57.2,8.1,3.9,5.25,8.1,25.4,0,966.9,243,3.8,6.4,0,0,0,0,0,0,0,339,100,20,97
GVESTA,2001,2,7,0,12,59.2,8.3,4.3,5.39,8.2,25.6,0,967,263,3.9,6.6,0,0,0,0,0,0,0,339,100,20,97
GVESTA,2001,2,7,1,11.9,59.6,8.3,4.3,5.39,8.1,25.5,0,966.9,263,4.1,6.4,0,0,0,0,0,0,0,338,100,20,97
GVESTA,2001,2,7,2,11.2,61.6,8.2,4.1,5.32,7.7,24.7,0,966.7,259,3.1,5.2,0,0,0,0,0,0,0,337,100,20,97
GVESTA,2001,2,7,3,12.1,55.2,7.8,3.4,5.06,7.9,24.9,0,966.6,244,4.2,8.4,0,0,0,0,0,0,0,336,100,20,97
GVESTA,2001,2,7,4,12.6,54.2,7.9,3.6,5.12,8.2,25.6,0,966.7,243,5.9,8.7,0,0,0,0,0,0,0,335,100,20,97
GVESTA,2001,2,7,5,12.3,55.3,7.9,3.6,5.13,8,25.3,0,966.2,239,2.2,5.9,0,0,0,0,0,0,0,334,100,20,97
GVESTA,2001,2,7,6,12.8,52.7,7.8,3.4,5.06,8.2,25.6,0,966.6,217,2,3.8,0,0,0,0,0,0,0,334,100,20,97
GVESTA,2001,2,7,7,12.9,50.6,7.5,2.9,4.86,8,25.2,0,966.8,218,1.9,4.3,6,0,6,3,3,3,3,336,100,20,97
GVESTA,2001,2,7,8,13.8,45.1,7.1,2.1,4.6,8.2,25.5,0,966.8,219,1.9,4.2,89,46,76,43,79,79,43,337,100,20,97
GVESTA,2001,2,7,9,14.3,42.4,6.9,1.7,4.47,8.2,25.7,0,966.1,232,1.8,3.4,139,18,133,77,89,91,76,339,100,20,97
GVESTA,2001,2,7,10,14.2,45.2,7.3,2.5,4.74,8.5,26.2,0,965.9,250,1.5,3.7,37,0,37,21,21,21,21,341,100,20,97
GVESTA,2001,2,7,11,13.4,50.7,7.8,3.4,5.07,8.5,26.3,0,964.9,96,1,2.8,42,0,42,24,24,24,24,342,100,20,97
GVESTA,2001,2,7,12,12.6,56.9,8.3,4.3,5.4,8.5,26.3,0,963.8,82,1.5,3.5,40,0,40,23,23,23,23,343,100,20,97
GVESTA,2001,2,7,13,12.1,58,8.2,4.1,5.34,8.1,25.6,0,963.2,83,1.7,3.6,32,0,32,19,18,18,18,342,100,20,97
GVESTA,2001,2,7,14,12.1,58.8,8.3,4.3,5.41,8.2,25.8,0,962.4,69,2.2,3.6,21,0,21,12,12,12,12,341,100,20,97
GVESTA,2001,2,7,15,11.9,60.9,8.5,4.6,5.55,8.2,25.9,0,961.8,67,2.1,3.7,10,0,10,6,6,5,6,340,100,20,97
GVESTA,2001,2,7,16,11,65.5,8.6,4.8,5.61,7.9,25.2,0,961.4,28,1.5,2.9,1,0,1,1,1,1,1,339,100,20,97
GVESTA,2001,2,7,17,10.8,65,8.4,4.5,5.48,7.7,24.7,0,961.2,58,1,2.2,0,0,0,0,0,0,0,338,100,20,97
GVESTA,2001,2,7,18,10.6,65.9,8.4,4.5,5.49,7.6,24.5,0,960.9,58,1,2.6,0,0,0,0,0,0,0,338,100,20,97
GVESTA,2001,2,7,19,10.5,65.4,8.3,4.3,5.42,7.5,24.2,0,960.7,67,0.9,2.5,0,0,0,0,0,0,0,337,100,20,97
GVESTA,2001,2,7,20,10.2,66.8,8.3,4.3,5.42,7.3,23.9,0,960.4,45,0.7,2.8,0,0,0,0,0,0,0,336,100,20,97
GVESTA,2001,2,7,21,9.9,68.1,8.3,4.3,5.42,7.2,23.6,0,960,115,1.5,3.5,0,0,0,0,0,0,0,336,100,20,97
GVESTA,2001,2,7,22,10.1,62.2,7.7,3.2,5.03,6.8,22.8,0,960.4,117,1.3,6,0,0,0,0,0,0,0,335,100,20,97
GVESTA,2001,2,7,23,15.6,24.9,4.4,-4.4,2.86,7,22.9,0,960.6,237,4.5,9.9,0,0,0,0,0,0,0,334,100,20,97
GVESTA,2001,2,8,0,15,29.4,5,-2.7,3.25,7.1,23.3,0,960.8,233,4,8.6,0,0,0,0,0,0,0,334,100,20,97
GVESTA,2001,2,8,1,15,31.2,5.3,-1.9,3.45,7.4,23.8,0,961,231,3.2,8.1,0,0,0,0,0,0,0,333,100,20,97
GVESTA,2001,2,8,2,15,31.2,5.3,-1.9,3.45,7.4,23.8,0,960.8,222,2.4,6.1,0,0,0,0,0,0,0,333,100,20,97
GVESTA,2001,2,8,3,14.9,31.4,5.3,-1.9,3.45,7.3,23.7,0,960.1,217,3.4,7.8,0,0,0,0,0,0,0,333,100,20,97
GVESTA,2001,2,8,4,15.2,29.4,5.1,-2.5,3.32,7.3,23.7,0,959.6,214,2.2,5.9,0,0,0,0,0,0,0,332,100,20,97
GVESTA,2001,2,8,5,15,29.8,5.1,-2.5,3.32,7.2,23.5,0,959.8,227,1.9,4.6,0,0,0,0,0,0,0,332,100,20,97
GVESTA,2001,2,8,6,14.8,29.8,5,-2.7,3.26,7.1,23.1,0,959.2,239,3.3,6.6,0,0,0,0,0,0,0,332,100,20,97
GVESTA,2001,2,8,7,13.7,35.2,5.5,-1.4,3.59,6.9,22.8,0,959.2,277,1.6,4.3,6,0,6,3,3,3,3,334,100,20,97
GVESTA,2001,2,8,8,13.5,37.5,5.8,-0.7,3.78,7,23.1,0,959.2,247,0.8,2.1,16,0,16,9,9,9,9,336,100,20,97
GVESTA,2001,2,8,9,13.7,38.4,6,-0.2,3.92,7.3,23.7,0,959,253,1.4,2.8,103,19,95,56,66,71,55,337,100,20,97
GVESTA,2001,2,8,10,15,35.3,6,-0.2,3.91,7.9,25,0,959.3,254,1.8,3.8,250,78,215,123,158,200,122,340,100,20,97
GVESTA,2001,2,8,11,15.9,33.8,6.1,0,3.98,8.4,26.1,0,958.8,268,3.6,6.5,209,20,200,116,116,134,117,342,100,20,97
GVESTA,2001,2,8,12,16.2,33.7,6.2,0.2,4.05,8.6,26.5,0,958.3,257,4.6,7.6,82,0,82,48,47,46,47,343,100,20,97
GVESTA,2001,2,8,13,16.2,35.4,6.5,0.9,4.25,8.8,27,0,958.1,245,6.6,14,189,82,154,87,87,166,131,341,100,20,97
GVESTA,2001,2,8,14,14.6,44,7.3,2.5,4.77,8.7,26.7,0,959.2,253,7.1,12.3,21,0,21,12,12,12,12,339,100,20,97
GVESTA,2001,2,8,15,11.7,61.7,8.5,4.6,5.56,8.2,25.8,0,959.7,248,5.5,11.6,75,117,50,28,28,106,126,337,100,20,97
GVESTA,2001,2,8,16,10.3,68.7,8.6,4.8,5.61,7.6,24.5,1.6,961.7,266,3.4,8,1,0,1,1,1,1,1,336,100,20,97
GVESTA,2001,2,8,17,8.1,80.8,8.7,5,5.67,6.6,22.4,2,962.6,207,3.3,8.1,0,0,0,0,0,0,0,334,100,20,97
GVESTA,2001,2,8,18,7.5,81.8,8.5,4.6,5.54,6.1,21.4,2.5,963.5,209,3.8,8.3,0,0,0,0,0,0,0,332,100,20,97
GVESTA,2001,2,8,19,6.7,83.5,8.2,4.1,5.33,5.5,20.1,0.3,964.4,263,5.8,9.3,0,0,0,0,0,0,0,332,100,20,97
GVESTA,2001,2,8,20,7.1,83.5,8.4,4.5,5.46,5.9,20.9,0.2,965,278,3.6,8.2,0,0,0,0,0,0,0,331,100,20,97
GVESTA,2001,2,8,21,7.9,79.1,8.4,4.5,5.46,6.3,21.7,0,965,267,2,4,0,0,0,0,0,0,0,330,100,20,97
GVESTA,2001,2,8,22,7.8,80.2,8.5,4.6,5.52,6.3,21.7,0,965.5,280,1.8,3.9,0,0,0,0,0,0,0,330,100,20,97
GVESTA,2001,2,8,23,7.9,78,8.3,4.3,5.39,6.2,21.5,0,965.8,248,1.9,3.6,0,0,0,0,0,0,0,314,63,20,97
GVESTA,2001,2,9,0,7.7,76.3,8,3.8,5.2,5.9,20.8,0,965.8,240,2.4,4.6,0,0,0,0,0,0,0,323,88,19,97
GVESTA,2001,2,9,1,7.7,75.2,7.9,3.6,5.13,5.8,20.6,0,966,231,3.3,5.7,0,0,0,0,0,0,0,322,88,19,97
GVESTA,2001,2,9,2,8,72.7,7.8,3.4,5.06,5.8,20.8,0,966.5,243,3.1,6.1,0,0,0,0,0,0,0,303,45,19,97
GVESTA,2001,2,9,3,7.4,74.7,7.7,3.2,4.99,5.4,20,0.2,967.3,235,5.6,9.7,0,0,0,0,0,0,0,324,100,19,97
GVESTA,2001,2,9,4,6.8,81.7,8.1,3.9,5.25,5.4,20,0.3,968.4,244,4.9,8.5,0,0,0,0,0,0,0,323,100,19,97
GVESTA,2001,2,9,5,6.9,75.6,7.5,2.9,4.85,5.1,19.1,0,968.7,224,5,8.9,0,0,0,0,0,0,0,321,100,19,97
GVESTA,2001,2,9,6,6.6,67.9,6.6,1.1,4.26,4.2,17.3,0,970.7,235,5.2,10.8,0,0,0,0,0,0,0,319,100,19,97
GVESTA,2001,2,9,7,6.6,57.4,5.6,-1.2,3.6,3.4,15.7,0,972,242,4,7.9,71,160,56,31,177,112,30,313,88,19,97
GVESTA,2001,2,9,8,6.5,53.7,5.2,-2.2,3.34,3,14.9,0,973.3,226,4,8.8,101,14,97,56,66,65,56,318,100,19,97
GVESTA,2001,2,9,9,6.7,55,5.4,-1.7,3.47,3.2,15.4,0,973.9,229,4,7.6,142,28,131,75,92,99,74,319,100,19,97
GVESTA,2001,2,9,10,7.2,53.1,5.4,-1.7,3.47,3.5,15.9,0,973.9,222,3.7,7.5,337,293,207,112,254,398,111,303,68,19,97
GVESTA,2001,2,9,11,7.8,49.1,5.2,-2.2,3.34,3.7,16.2,0,973.6,228,3.1,6.8,323,184,234,129,136,321,157,301,80,19,97
GVESTA,2001,2,9,12,8.6,43.8,4.9,-3,3.15,3.9,16.6,0,973.4,221,3.2,7.3,418,484,191,99,99,586,264,271,50,19,97
GVESTA,2001,2,9,13,8.6,41.9,4.7,-3.6,3.02,3.7,16.2,0,973.3,230,3.6,7.4,336,365,186,98,97,440,311,281,60,19,97
GVESTA,2001,2,9,14,9,40.8,4.7,-3.6,3.02,3.9,16.6,0,973.8,240,3.5,7.8,280,551,108,58,58,485,461,291,50,19,97
GVESTA,2001,2,9,15,9.2,39.7,4.6,-3.8,2.95,3.9,16.7,0,973.9,238,3.6,6.6,138,370,74,40,40,262,362,290,50,19,97
GVESTA,2001,2,9,16,8.7,41.6,4.7,-3.6,3.01,3.7,16.3,0,974.5,253,2.1,5.4,22,110,15,8,8,59,110,284,40,19,97
GVESTA,2001,2,9,17,8.4,44.4,4.9,-3,3.14,3.8,16.3,0,975.3,270,0.8,2.9,0,0,0,0,0,0,0,291,58,19,97
GVESTA,2001,2,9,18,7.6,50.9,5.3,-1.9,3.4,3.7,16.2,0,976,249,2.1,4,0,0,0,0,0,0,0,310,100,19,97
GVESTA,2001,2,9,19,7.8,52.9,5.6,-1.2,3.59,4,16.8,0,977.1,203,1.5,3.6,0,0,0,0,0,0,0,308,100,19,97
GVESTA,2001,2,9,20,7.3,54.7,5.6,-1.2,3.58,3.7,16.3,0,978,227,2.4,5.3,0,0,0,0,0,0,0,306,100,19,97
GVESTA,2001,2,9,21,6.8,60.9,6,-0.2,3.84,3.8,16.5,0,978.7,225,2.7,5.3,0,0,0,0,0,0,0,299,88,19,97
GVESTA,2001,2,9,22,6.5,63.1,6.1,0,3.9,3.7,16.3,0,979.2,236,2.9,5.6,0,0,0,0,0,0,0,270,25,19,97
GVESTA,2001,2,9,23,6,65.3,6.1,0,3.9,3.4,15.8,0,980.1,231,1.3,3.9,0,0,0,0,0,0,0,272,33,19,97
GVESTA,2001,2,10,0,5.6,68.2,6.2,0.2,3.96,3.3,15.6,0,980.3,252,1,1.9,0,0,0,0,0,0,0,262,13,20,97
GVESTA,2001,2,10,1,4.4,72,6,-0.2,3.83,2.5,14,0,981.2,284,0.4,1.4,0,0,0,0,0,0,0,255,0,20,97
GVESTA,2001,2,10,2,3.7,72.9,5.8,-0.7,3.7,1.9,13,0,982,252,0.3,1,0,0,0,0,0,0,0,253,0,20,97
GVESTA,2001,2,10,3,3.3,73.9,5.7,-0.9,3.63,1.6,12.4,0,982.9,243,0.2,1.2,0,0,0,0,0,0,0,251,0,20,97
GVESTA,2001,2,10,4,2.6,76,5.6,-1.2,3.56,1.1,11.5,0,983.2,180,0.3,1.6,0,0,0,0,0,0,0,253,13,20,97
GVESTA,2001,2,10,5,2.1,75.9,5.4,-1.7,3.43,0.6,10.7,0,984,252,0.4,1.8,0,0,0,0,0,0,0,258,33,20,97
GVESTA,2001,2,10,6,1.8,76.4,5.3,-1.9,3.36,0.4,10.2,0,985,270,0.3,1.3,0,0,0,0,0,0,0,246,0,20,97
GVESTA,2001,2,10,7,1.7,76.9,5.3,-1.9,3.36,0.3,10.1,0,985.8,360,0.1,0.8,96,396,43,24,376,235,24,249,0,20,97
GVESTA,2001,2,10,8,3.4,77.2,6,-0.2,3.81,1.9,12.9,0,986.8,0,0,1.1,247,644,75,43,543,494,43,252,0,20,97
GVESTA,2001,2,10,9,5,71.1,6.2,0.2,3.93,3,14.9,0,987.1,90,0.2,2.3,379,759,91,56,511,686,57,255,0,20,97
GVESTA,2001,2,10,10,5.3,69.6,6.2,0.2,3.93,3.1,15.2,0,987.5,85,1.2,3,471,817,99,65,373,812,66,258,0,20,97
GVESTA,2001,2,10,11,6.3,64,6.1,0,3.87,3.6,16,0,987.6,63,1.3,4.3,508,821,107,70,152,854,108,261,0,20,97
GVESTA,2001,2,10,12,7,61,6.1,0,3.87,4,16.7,0,987.7,60,2.2,5,499,854,94,66,66,860,300,224,0,20,97
GVESTA,2001,2,10,13,7.6,54.8,5.7,-0.9,3.61,4,16.7,0,987.4,69,2.8,5.8,429,819,87,59,59,767,472,243,0,20,97
GVESTA,2001,2,10,14,8.4,50.8,5.6,-1.2,3.55,4.3,17.4,0,987.9,88,2.4,5,309,714,81,49,49,589,553,262,0,20,97
GVESTA,2001,2,10,15,8.8,47.6,5.4,-1.7,3.42,4.4,17.4,0,988,63,2,4.3,163,540,59,33,33,360,492,261,0,20,97
GVESTA,2001,2,10,16,8.8,49.4,5.6,-1.2,3.54,4.5,17.8,0,989,60,1.5,3.2,22,109,15,8,8,58,108,267,13,20,97
GVESTA,2001,2,10,17,8.1,53.8,5.8,-0.7,3.67,4.3,17.4,0,990,59,0.6,2.1,0,0,0,0,0,0,0,260,0,20,97
GVESTA,2001,2,10,18,7.1,57.6,5.8,-0.7,3.66,3.8,16.3,0,991,270,0.3,1.3,0,0,0,0,0,0,0,259,0,20,97
GVESTA,2001,2,10,19,7.2,59.3,6,-0.2,3.79,4,16.7,0,991.4,0,0,0.7,0,0,0,0,0,0,0,258,0,20,97
GVESTA,2001,2,10,20,5.7,63.4,5.8,-0.7,3.66,3,14.9,0,992,0,0,0.8,0,0,0,0,0,0,0,256,0,20,97
GVESTA,2001,2,10,21,4.7,67,5.7,-0.9,3.59,2.4,13.7,0,992,0,0,0,0,0,0,0,0,0,0,260,13,20,97
GVESTA,2001,2,10,22,4.1,67.3,5.5,-1.4,3.47,1.9,12.8,0,992.4,0,0,0,0,0,0,0,0,0,0,254,0,20,97
GVESTA,2001,2,10,23,2.9,70.6,5.3,-1.9,3.34,1,11.3,0,992.9,256,0.4,1.2,0,0,0,0,0,0,0,252,0,20,97
GVESTA,2001,2,11,0,2.7,68.5,5.1,-2.5,3.21,0.7,10.7,0,993.1,0,0,0.7,0,0,0,0,0,0,0,256,13,22,97
GVESTA,2001,2,11,1,2.1,71.5,5.1,-2.5,3.21,0.4,10.1,0,993.4,270,0.1,0.9,0,0,0,0,0,0,0,252,0,22,97
GVESTA,2001,2,11,2,1.5,73.6,5,-2.7,3.15,-0.1,9.4,0,993.4,252,0.6,1.2,0,0,0,0,0,0,0,257,13,22,97
GVESTA,2001,2,11,3,1.2,76.3,5.1,-2.5,3.21,-0.2,9.2,0,993.5,270,0.3,1.2,0,0,0,0,0,0,0,272,50,22,97
GVESTA,2001,2,11,4,1.3,75.7,5.1,-2.5,3.21,-0.1,9.3,0,993.6,315,0.1,1.2,0,0,0,0,0,0,0,283,75,22,97
GVESTA,2001,2,11,5,1.1,74,4.9,-3,3.08,-0.4,8.8,0,993.7,256,0.4,1.5,0,0,0,0,0,0,0,269,40,22,97
GVESTA,2001,2,11,6,1,77.4,5.1,-2.5,3.21,-0.3,9,0,994,256,0.5,1.4,0,0,0,0,0,0,0,268,33,22,97
GVESTA,2001,2,11,7,0.9,78,5.1,-2.5,3.21,-0.4,8.9,0,994.6,270,0.6,1.7,88,279,52,29,282,177,29,279,50,22,97
GVESTA,2001,2,11,8,3.1,73.3,5.6,-1.2,3.52,1.4,11.9,0,995.1,135,0.1,0.9,241,574,84,50,500,454,50,286,50,22,97
GVESTA,2001,2,11,9,5,72.1,6.3,0.4,3.96,3,15,0,994.8,45,0.1,0.9,379,754,89,61,512,683,61,279,13,22,97
GVESTA,2001,2,11,10,6.1,65.8,6.2,0.2,3.9,3.6,15.9,0,995,135,0.4,2.2,468,800,99,71,374,801,72,234,0,22,97
GVESTA,2001,2,11,11,7,62.8,6.3,0.4,3.97,4.1,17,0,994.2,119,1.3,3.3,484,710,135,85,166,773,129,249,13,22,97
GVESTA,2001,2,11,12,7.8,55.7,5.9,-0.5,3.71,4.2,17.2,0,994.2,106,1.6,3.8,471,710,129,83,83,758,286,255,13,22,97
GVESTA,2001,2,11,13,9.3,50.3,5.9,-0.5,3.72,5,18.7,0,993.7,52,1.9,4,381,547,151,85,85,582,388,285,50,22,97
GVESTA,2001,2,11,14,9.4,58.6,6.9,1.7,4.35,5.9,20.4,0,993.5,125,2.1,3.5,256,365,137,76,76,368,348,316,88,22,97
GVESTA,2001,2,11,15,9.9,51.6,6.3,0.4,3.97,5.6,19.9,0,993,121,1.7,3.3,123,201,85,49,48,171,225,316,88,22,97
GVESTA,2001,2,11,16,9.6,53.4,6.4,0.6,4.03,5.6,19.8,0,993,113,1.3,2.6,18,41,15,9,9,27,46,326,100,22,97
GVESTA,2001,2,11,17,8.6,58.4,6.5,0.9,4.1,5.2,18.9,0,993.3,98,0.7,2.2,0,0,0,0,0,0,0,279,45,22,97
GVESTA,2001,2,11,18,7.7,62,6.5,0.9,4.1,4.7,18,0,993.3,117,0.4,1.3,0,0,0,0,0,0,0,262,25,22,97
GVESTA,2001,2,11,19,6.9,64.1,6.4,0.6,4.03,4.2,17.1,0,993.6,90,0.2,1.2,0,0,0,0,0,0,0,259,25,22,97
GVESTA,2001,2,11,20,5.7,67.7,6.2,0.2,3.91,3.4,15.5,0,993.7,288,0.4,1.4,0,0,0,0,0,0,0,276,0,22,97
GVESTA,2001,2,11,21,4.5,71.5,6,-0.2,3.78,2.5,14,0,993.4,270,0.3,1.1,0,0,0,0,0,0,0,288,38,22,97
GVESTA,2001,2,11,22,3.8,73.5,5.9,-0.5,3.72,2,13.1,0,993.1,270,0.4,1,0,0,0,0,0,0,0,295,63,22,97
GVESTA,2001,2,11,23,3.5,73.9,5.8,-0.7,3.66,1.8,12.7,0,992.7,315,0.2,0.9,0,0,0,0,0,0,0,297,80,22,97
GVESTA,2001,2,12,0,3,73.8,5.6,-1.2,3.53,1.3,11.8,0,992.7,270,0.1,0.7,0,0,0,0,0,0,0,291,75,22,97
GVESTA,2001,2,12,1,2.7,75.4,5.6,-1.2,3.53,1.2,11.5,0,992.3,270,0.1,0.9,0,0,0,0,0,0,0,289,75,22,97
GVESTA,2001,2,12,2,1.8,79.3,5.5,-1.4,3.47,0.6,10.5,0,991.4,270,0.5,2.7,0,0,0,0,0,0,0,279,55,22,97
GVESTA,2001,2,12,3,1.8,76.4,5.3,-1.9,3.34,0.4,10.2,0,991.3,225,0.3,1.2,0,0,0,0,0,0,0,289,88,22,97
GVESTA,2001,2,12,4,1.7,78.1,5.4,-1.7,3.41,0.4,10.2,0,991.2,270,0.2,0.9,0,0,0,0,0,0,0,286,88,22,97
GVESTA,2001,2,12,5,1.1,80.3,5.3,-1.9,3.34,0,9.5,0,990.9,261,0.6,1.5,0,0,0,0,0,0,0,284,88,22,97
GVESTA,2001,2,12,6,1.7,78.1,5.4,-1.7,3.41,0.4,10.2,0,990.4,270,0.2,1.2,0,0,0,0,0,0,0,290,100,22,97
GVESTA,2001,2,12,7,1.4,79.8,5.4,-1.7,3.41,0.2,9.9,0,990.1,270,0.9,2.4,96,322,53,30,321,200,30,289,68,22,97
GVESTA,2001,2,12,8,2.9,77.2,5.8,-0.7,3.67,1.4,12.1,0,989.8,262,0.7,1.6,212,326,122,67,334,305,67,299,75,22,97
GVESTA,2001,2,12,9,5.5,72.2,6.5,0.9,4.11,3.5,15.8,0,989.4,18,0.5,2.5,331,427,165,90,372,465,90,300,75,22,97
GVESTA,2001,2,12,10,7.7,63.9,6.7,1.3,4.24,4.8,18.4,0,988.7,27,0.3,1.5,411,467,193,105,314,563,105,298,68,22,97
GVESTA,2001,2,12,11,8.9,60.6,6.9,1.7,4.38,5.6,20,0,987.5,124,1.1,3,443,472,208,113,179,597,154,313,75,22,97
GVESTA,2001,2,12,12,10.7,53.7,6.9,1.7,4.38,6.5,21.8,0,986.1,149,0.9,2.7,431,474,201,109,109,587,277,311,68,22,97
GVESTA,2001,2,12,13,12.8,47.4,7,1.9,4.45,7.6,24.1,0,985.2,169,1.3,3.1,345,350,194,107,106,436,308,327,88,22,97
GVESTA,2001,2,12,14,14,45.1,7.2,2.3,4.58,8.3,25.6,0,984.6,95,1.3,2.8,233,228,157,88,88,273,262,337,100,22,97
GVESTA,2001,2,12,15,14.2,44.5,7.2,2.3,4.58,8.4,25.9,0,984,50,0.9,3.4,92,45,82,48,48,76,87,336,100,22,97
GVESTA,2001,2,12,16,13.9,42.3,6.7,1.3,4.27,7.9,24.7,0,983.8,243,1.2,3.4,22,68,17,10,10,40,73,334,100,22,97
GVESTA,2001,2,12,17,11.9,49.6,6.9,1.7,4.39,7.1,23,0,983.5,247,0.8,2.6,0,0,0,0,0,0,0,333,100,22,97
GVESTA,2001,2,12,18,10.3,55.9,7,1.9,4.46,6.4,21.6,0,983.2,56,0.7,2.9,0,0,0,0,0,0,0,332,100,22,97
GVESTA,2001,2,12,19,8.9,62.3,7.1,2.1,4.53,5.8,20.3,0,983,117,0.7,1.9,0,0,0,0,0,0,0,331,100,22,97
GVESTA,2001,2,12,20,9.1,58.9,6.8,1.5,4.34,5.6,20.1,0,982.3,135,0.4,1.7,0,0,0,0,0,0,0,330,100,22,97
GVESTA,2001,2,12,21,9.1,56.4,6.5,0.9,4.14,5.4,19.6,0,981.9,243,0.6,3.9,0,0,0,0,0,0,0,329,100,22,97
GVESTA,2001,2,12,22,11.5,43.4,5.9,-0.5,3.76,6.1,21,0,981.1,243,2.2,6.6,0,0,0,0,0,0,0,313,80,22,97
GVESTA,2001,2,12,23,10.3,47,5.9,-0.5,3.77,5.5,19.8,0,980.6,248,3.7,6,0,0,0,0,0,0,0,305,70,22,97
GVESTA,2001,2,13,0,11.1,46.2,6.1,0,3.9,6.1,21,0,980.1,246,3.2,5.7,0,0,0,0,0,0,0,328,100,19,97
GVESTA,2001,2,13,1,11.1,47.6,6.3,0.4,4.03,6.2,21.3,0,979.5,245,2.2,4.3,0,0,0,0,0,0,0,328,100,19,97
GVESTA,2001,2,13,2,11,49.7,6.5,0.9,4.16,6.4,21.5,0,978.9,277,2.4,5.9,0,0,0,0,0,0,0,305,68,19,97
GVESTA,2001,2,13,3,11.6,54.3,7.4,2.7,4.74,7.3,23.6,0,978.7,261,2.1,5.9,0,0,0,0,0,0,0,302,63,19,97
GVESTA,2001,2,13,4,10.6,62.7,8,3.8,5.13,7.3,23.6,0,978.7,254,1.7,4.1,0,0,0,0,0,0,0,297,55,19,97
GVESTA,2001,2,13,5,10,59.6,7.3,2.5,4.67,6.5,21.8,0,978.7,232,1.8,4.7,0,0,0,0,0,0,0,329,100,19,97
GVESTA,2001,2,13,6,9.3,64.2,7.5,2.9,4.8,6.3,21.4,0,978.7,111,1.1,2.2,0,0,0,0,0,0,0,330,100,19,97
GVESTA,2001,2,13,7,8.4,75.4,8.3,4.3,5.31,6.4,21.8,1.4,979.7,225,1.1,5.1,7,0,7,4,4,4,4,330,100,19,97
GVESTA,2001,2,13,8,7.5,81.8,8.5,4.6,5.44,6.1,21.2,2.6,980,228,1.3,3.5,18,0,18,10,10,10,10,331,100,19,97
GVESTA,2001,2,13,9,7.4,84.7,8.7,5,5.57,6.2,21.4,2.3,980.3,79,0.5,1.7,30,0,30,17,17,17,17,332,100,19,97
GVESTA,2001,2,13,10,7,87.7,8.8,5.1,5.64,6.1,21.2,1.3,980.1,73,1.4,3.9,40,0,40,23,23,23,23,333,100,19,97
GVESTA,2001,2,13,11,6.8,85.8,8.5,4.6,5.45,5.7,20.5,0.3,978.5,333,1.7,3.2,45,0,45,26,26,26,26,334,100,19,97
GVESTA,2001,2,13,12,7.2,81.8,8.3,4.3,5.33,5.8,20.6,0,977.8,270,0.6,2.5,49,0,49,28,28,27,28,335,100,19,97
GVESTA,2001,2,13,13,7.5,79,8.2,4.1,5.26,5.9,20.8,0,977.2,252,0.3,3.5,93,1,92,53,53,53,53,335,100,19,97
GVESTA,2001,2,13,14,7.6,81.3,8.5,4.6,5.46,6.2,21.4,0,976.9,247,2.2,3.7,23,0,23,13,13,13,13,335,100,19,97
GVESTA,2001,2,13,15,7.9,81.9,8.7,5,5.59,6.5,22,0,976.3,254,1.5,3.2,11,0,11,7,6,6,6,335,100,19,97
GVESTA,2001,2,13,16,9.3,77.1,9,5.5,5.79,7.4,23.9,0,976.2,80,1.4,5.1,8,0,8,5,5,5,5,320,80,19,97
GVESTA,2001,2,13,17,9.9,74.1,9,5.5,5.79,7.7,24.5,0,975.9,70,5.5,15.3,0,0,0,0,0,0,0,294,45,19,97
GVESTA,2001,2,13,18,10.2,72.6,9,5.5,5.79,7.8,24.8,0,976.2,64,8.1,13.7,0,0,0,0,0,0,0,287,38,19,97
GVESTA,2001,2,13,19,10.7,70.2,9,5.5,5.79,8.1,25.3,0,976.5,64,7.3,15.1,0,0,0,0,0,0,0,266,13,19,97
GVESTA,2001,2,13,20,10.4,70.6,8.9,5.3,5.72,7.8,24.9,0,976.7,61,7,13.1,0,0,0,0,0,0,0,254,0,19,97
GVESTA,2001,2,13,21,9.8,72,8.7,5,5.59,7.4,23.9,0,977,61,7.2,14,0,0,0,0,0,0,0,251,0,19,97
GVESTA,2001,2,13,22,9.1,72.9,8.4,4.5,5.39,6.9,22.7,0,976.9,59,7.9,14.5,0,0,0,0,0,0,0,290,40,19,97
GVESTA,2001,2,13,23,8.2,75.3,8.2,4.1,5.26,6.2,21.5,0,977.2,55,7.3,13.6,0,0,0,0,0,0,0,298,40,19,97
GVESTA,2001,2,14,0,7.5,76.3,7.9,3.6,5.07,5.7,20.3,0,977.4,49,7.3,12.5,0,0,0,0,0,0,0,324,100,19,97
GVESTA,2001,2,14,1,7.1,76.2,7.7,3.2,4.94,5.3,19.5,0,977.4,48,7.1,11.8,0,0,0,0,0,0,0,322,100,19,97
GVESTA,2001,2,14,2,6.9,76.2,7.6,3,4.87,5.1,19.2,0,977.5,53,6.7,11.7,0,0,0,0,0,0,0,320,100,19,97
GVESTA,2001,2,14,3,6.7,76.7,7.5,2.9,4.81,5,18.8,0,977.7,54,6.5,11.3,0,0,0,0,0,0,0,319,100,19,97
GVESTA,2001,2,14,4,6.6,77.2,7.5,2.9,4.81,4.9,18.7,0,978,55,5.8,10.6,0,0,0,0,0,0,0,317,100,19,97
GVESTA,2001,2,14,5,6.4,77.2,7.4,2.7,4.74,4.7,18.3,0,978.5,56,5.3,10.6,0,0,0,0,0,0,0,316,100,19,97
GVESTA,2001,2,14,6,6.2,77.1,7.3,2.5,4.67,4.5,18,0,979.3,53,5.1,9.5,0,0,0,0,0,0,0,315,100,19,97
GVESTA,2001,2,14,7,6.1,76.6,7.2,2.3,4.6,4.4,17.7,0,980.1,58,4.9,9.7,40,2,39,23,24,23,22,319,100,19,97
GVESTA,2001,2,14,8,6,77.1,7.2,2.3,4.6,4.3,17.6,0,980.8,60,5,10,87,1,87,50,50,50,49,324,100,19,97
GVESTA,2001,2,14,9,6.3,75.5,7.2,2.3,4.6,4.5,17.9,0,981.1,67,5.1,9.1,116,1,116,67,67,66,66,327,100,19,97
GVESTA,2001,2,14,10,6.5,74.5,7.2,2.3,4.6,4.6,18.1,0,981.5,69,4.4,7.8,150,1,150,87,86,85,85,330,100,19,97
GVESTA,2001,2,14,11,7.1,72.5,7.3,2.5,4.66,5,18.8,0,981.3,69,4.4,7.9,257,42,235,134,136,175,139,333,100,19,97
GVESTA,2001,2,14,12,7.5,70.5,7.3,2.5,4.66,5.2,19.3,0,981.1,67,4.7,8.4,180,3,178,103,102,104,103,335,100,19,97
GVESTA,2001,2,14,13,7.9,67.7,7.2,2.3,4.6,5.3,19.5,0,981.1,67,4.6,8.6,163,6,161,93,92,95,94,334,100,19,97
GVESTA,2001,2,14,14,7.8,68.1,7.2,2.3,4.6,5.3,19.4,0,981.1,69,5,8.5,91,0,91,52,52,51,52,333,100,19,97
GVESTA,2001,2,14,15,7.4,69,7.1,2.1,4.53,5,18.8,0,981.6,65,5.2,9.8,68,5,67,39,38,40,42,331,100,19,97
GVESTA,2001,2,14,16,7.1,69.5,7,1.9,4.46,4.8,18.3,0,982.3,58,5.2,9.7,11,1,11,7,6,7,7,330,100,19,97
GVESTA,2001,2,14,17,6.6,69.9,6.8,1.5,4.33,4.3,17.5,0,982.8,52,5.4,8.8,0,0,0,0,0,0,0,329,100,19,97
GVESTA,2001,2,14,18,6.4,68.8,6.6,1.1,4.2,4.1,17,0,983.5,49,4.8,7.8,0,0,0,0,0,0,0,328,100,19,97
GVESTA,2001,2,14,19,6.4,68.8,6.6,1.1,4.2,4.1,17,0,983.4,46,4.3,7,0,0,0,0,0,0,0,324,100,19,97
GVESTA,2001,2,14,20,6.3,69.3,6.6,1.1,4.2,4,16.9,0,983.7,41,3.9,6.3,0,0,0,0,0,0,0,320,100,19,97
GVESTA,2001,2,14,21,6.3,70.3,6.7,1.3,4.26,4.1,17,0,984,43,3.5,5.8,0,0,0,0,0,0,0,315,100,19,97
GVESTA,2001,2,14,22,6.3,70.3,6.7,1.3,4.27,4.1,17,0,983.5,41,3.2,6.1,0,0,0,0,0,0,0,310,100,19,97
GVESTA,2001,2,14,23,6.3,69.3,6.6,1.1,4.2,4,16.9,0,984.1,39,2.9,4.8,0,0,0,0,0,0,0,304,100,19,97
GVESTA,2001,2,15,0,6.9,66.5,6.6,1.1,4.2,4.3,17.5,0,984.1,38,3,5.6,0,0,0,0,0,0,0,257,0,19,97
GVESTA,2001,2,15,1,7,66,6.6,1.1,4.2,4.4,17.6,0,984.3,36,2.3,4.4,0,0,0,0,0,0,0,257,0,19,97
GVESTA,2001,2,15,2,7.2,65.1,6.6,1.1,4.2,4.5,17.8,0,984,25,1.9,4.3,0,0,0,0,0,0,0,256,0,19,97
GVESTA,2001,2,15,3,7.6,64.3,6.7,1.3,4.26,4.8,18.3,0,984.3,32,1,1.9,0,0,0,0,0,0,0,255,0,19,97
GVESTA,2001,2,15,4,7.8,62.5,6.6,1.1,4.2,4.8,18.4,0,984.1,11,0.5,1.4,0,0,0,0,0,0,0,254,0,19,97
GVESTA,2001,2,15,5,7,66,6.6,1.1,4.2,4.4,17.6,0,984.3,11,1,2.9,0,0,0,0,0,0,0,254,0,19,97
GVESTA,2001,2,15,6,7,65.1,6.5,0.9,4.13,4.3,17.4,0,984.4,360,0.7,1.8,0,0,0,0,0,0,0,259,13,19,97
GVESTA,2001,2,15,7,6.7,65,6.4,0.6,4.07,4,16.9,0,985.3,360,0.8,2.1,62,35,57,33,64,50,32,288,68,19,97
GVESTA,2001,2,15,8,6.4,66.4,6.4,0.6,4.07,3.9,16.6,0,985.3,18,1.3,2.6,134,34,125,71,98,94,70,306,88,19,97
GVESTA,2001,2,15,9,6.4,66.4,6.4,0.6,4.06,3.9,16.6,0,985.7,40,1.5,3.9,165,11,160,92,98,99,91,322,100,19,97
GVESTA,2001,2,15,10,6.4,67.8,6.5,0.9,4.13,4,16.8,0,985.5,62,1.7,4.2,320,155,244,133,206,289,132,314,88,19,97
GVESTA,2001,2,15,11,6.7,66.4,6.5,0.9,4.13,4.2,17.1,0,985.2,63,1.9,5.1,468,518,202,103,168,627,148,264,33,19,97
GVESTA,2001,2,15,12,7,66,6.6,1.1,4.2,4.4,17.6,0,984.7,114,2.2,5.4,527,866,94,65,66,858,303,233,0,19,97
GVESTA,2001,2,15,13,7.7,62.9,6.6,1.1,4.2,4.8,18.3,0,984.2,113,2.1,4.1,450,792,100,62,62,742,471,233,0,19,97
GVESTA,2001,2,15,14,8.4,61.8,6.8,1.5,4.33,5.3,19.3,0,983.8,112,1.1,3.6,336,733,83,49,49,595,573,233,0,19,97
GVESTA,2001,2,15,15,8.9,59.7,6.8,1.5,4.33,5.5,19.8,0,983.7,84,1.1,3,186,572,63,35,35,373,527,233,0,19,97
GVESTA,2001,2,15,16,9.1,59.8,6.9,1.7,4.39,5.7,20.2,0,984,90,1,2.8,33,160,19,10,10,81,159,233,0,19,97
GVESTA,2001,2,15,17,8.8,61.9,7,1.9,4.45,5.6,20,0,984.9,117,0.4,1.4,0,0,0,0,0,0,0,245,13,19,97
GVESTA,2001,2,15,18,8.1,63,6.8,1.5,4.32,5.1,19,0,985,108,0.4,1.4,0,0,0,0,0,0,0,233,0,19,97
GVESTA,2001,2,15,19,7.5,64.7,6.7,1.3,4.26,4.7,18.2,0,985.5,0,0,0.8,0,0,0,0,0,0,0,269,0,19,97
GVESTA,2001,2,15,20,6.8,67,6.6,1.1,4.19,4.3,17.4,0,986.2,0,0,0.7,0,0,0,0,0,0,0,266,0,19,97
GVESTA,2001,2,15,21,6,68.2,6.4,0.6,4.06,3.7,16.2,0,986.1,0,0,0.7,0,0,0,0,0,0,0,264,0,19,97
GVESTA,2001,2,15,22,5.1,69.6,6.1,0,3.87,3,14.8,0,986.3,0,0,0.6,0,0,0,0,0,0,0,261,0,19,97
GVESTA,2001,2,15,23,3.9,72.9,5.9,-0.5,3.74,2.1,13.3,0,986.3,270,0.3,1.2,0,0,0,0,0,0,0,259,0,19,97
GVESTA,2001,2,16,0,3.7,71.8,5.7,-0.9,3.62,1.8,12.8,0,986.4,0,0,0.5,0,0,0,0,0,0,0,257,0,20,97
GVESTA,2001,2,16,1,2.5,75.4,5.5,-1.4,3.49,1,11.2,0,986.5,259,0.5,1.5,0,0,0,0,0,0,0,256,0,20,97
GVESTA,2001,2,16,2,2.6,74.9,5.5,-1.4,3.49,1,11.3,0,986.1,243,0.3,1,0,0,0,0,0,0,0,255,0,20,97
GVESTA,2001,2,16,3,2.4,74.3,5.4,-1.7,3.43,0.8,11,0,985.5,270,0.2,0.7,0,0,0,0,0,0,0,254,0,20,97
GVESTA,2001,2,16,4,2.3,73.7,5.3,-1.9,3.36,0.7,10.7,0,985.5,243,0.3,1.2,0,0,0,0,0,0,0,253,0,20,97
GVESTA,2001,2,16,5,1.8,74.7,5.2,-2.2,3.3,0.3,10,0,985.8,270,0.5,1.3,0,0,0,0,0,0,0,252,0,20,97
GVESTA,2001,2,16,6,2.4,74.3,5.4,-1.7,3.43,0.8,11,0,986,270,0.2,1.4,0,0,0,0,0,0,0,253,0,20,97
GVESTA,2001,2,16,7,1.8,79.3,5.5,-1.4,3.49,0.6,10.5,0,986.2,270,0.7,1.7,121,442,51,28,428,258,28,259,0,20,97
GVESTA,2001,2,16,8,3.5,79,6.2,0.2,3.94,2.1,13.4,0,986,270,0.3,1.5,278,671,79,47,573,506,47,265,0,20,97
GVESTA,2001,2,16,9,5.1,77.5,6.8,1.5,4.32,3.5,16,0,986,11,0.6,1.9,414,794,88,59,536,702,60,251,0,20,97
GVESTA,2001,2,16,10,7,69.9,7,1.9,4.45,4.7,18.2,0,985.6,72,0.4,1.8,502,826,101,69,385,811,70,236,0,20,97
GVESTA,2001,2,16,11,8.6,63.6,7.1,2.1,4.52,5.6,20,0,984.8,360,0.5,2.5,546,865,97,72,156,876,110,239,0,20,97
GVESTA,2001,2,16,12,10,61.3,7.5,2.9,4.78,6.6,22.1,0,984.2,128,1.2,3,525,837,103,72,72,841,308,242,0,20,97
GVESTA,2001,2,16,13,11.8,54.8,7.6,3,4.84,7.5,24.1,0,983.4,107,1.1,3.4,455,801,97,65,65,748,479,242,0,20,97
GVESTA,2001,2,16,14,12.3,55.3,7.9,3.6,5.04,8,25.1,0,983.3,103,2,4.2,335,705,89,54,54,579,559,254,13,20,97
GVESTA,2001,2,16,15,14.6,44.6,7.4,2.7,4.72,8.7,26.6,0,983.1,225,2.9,6.7,188,566,65,37,37,370,525,243,0,20,97
GVESTA,2001,2,16,16,14.2,44.5,7.2,2.3,4.59,8.4,25.9,0,983.4,226,3.3,6.3,35,161,19,10,10,81,161,243,0,20,97
GVESTA,2001,2,16,17,12.2,47.2,6.7,1.3,4.26,7.1,23,0,983.9,234,2.4,6.4,0,0,0,0,0,0,0,255,13,20,97
GVESTA,2001,2,16,18,11.7,42.8,5.9,-0.5,3.75,6.2,21.2,0,983.8,212,1,3.4,0,0,0,0,0,0,0,266,25,20,97
GVESTA,2001,2,16,19,9.4,51.1,6,-0.2,3.82,5.2,19.1,0,983.9,329,0.8,2.4,0,0,0,0,0,0,0,242,0,20,97
GVESTA,2001,2,16,20,8.8,52,5.9,-0.5,3.75,4.8,18.3,0,984.8,90,0.4,1.5,0,0,0,0,0,0,0,252,13,20,97
GVESTA,2001,2,16,21,6.9,58.3,5.8,-0.7,3.68,3.7,16.2,0,985,121,0.9,2.2,0,0,0,0,0,0,0,294,55,20,97
GVESTA,2001,2,16,22,6.5,60,5.8,-0.7,3.68,3.5,15.8,0,985.8,90,0.7,2.6,0,0,0,0,0,0,0,294,43,20,97
GVESTA,2001,2,16,23,6.5,60,5.8,-0.7,3.68,3.5,15.8,0,986.1,315,0.6,2.5,0,0,0,0,0,0,0,270,0,20,97
GVESTA,2001,2,17,0,5.1,67.1,5.9,-0.5,3.74,2.8,14.5,0,986,217,0.5,1.8,0,0,0,0,0,0,0,274,13,20,97
GVESTA,2001,2,17,1,4,70.3,5.7,-0.9,3.62,2,13.1,0,985.9,256,0.4,1.6,0,0,0,0,0,0,0,267,0,20,97
GVESTA,2001,2,17,2,3.4,71.8,5.6,-1.2,3.55,1.6,12.3,0,985.6,153,0.7,2.1,0,0,0,0,0,0,0,265,0,20,97
GVESTA,2001,2,17,3,3.7,70.3,5.6,-1.2,3.55,1.7,12.6,0,985.7,0,0,2,0,0,0,0,0,0,0,283,40,20,97
GVESTA,2001,2,17,4,4.1,68.3,5.6,-1.2,3.55,2,13,0,985.8,45,0.4,5.6,0,0,0,0,0,0,0,290,60,20,97
GVESTA,2001,2,17,5,5.6,59.3,5.4,-1.7,3.43,2.6,14.2,0,985.8,61,3.3,7.3,0,0,0,0,0,0,0,292,68,20,97
GVESTA,2001,2,17,6,5.5,62,5.6,-1.2,3.55,2.7,14.4,0,985.9,65,1.9,5,0,0,0,0,0,0,0,295,75,20,97
GVESTA,2001,2,17,7,5.3,64.2,5.7,-0.9,3.62,2.7,14.4,0,986.2,58,1.5,4.2,100,195,66,37,215,141,36,297,75,20,97
GVESTA,2001,2,17,8,5.3,59.7,5.3,-1.9,3.36,2.4,13.8,0,986.1,41,2.5,5.3,168,137,131,74,191,166,73,304,88,20,97
GVESTA,2001,2,17,9,5.2,60.1,5.3,-1.9,3.36,2.3,13.6,0,986.4,53,3.5,7.1,105,0,105,61,60,60,60,312,100,20,97
GVESTA,2001,2,17,10,6.1,56.4,5.3,-1.9,3.36,2.8,14.6,0,986.1,50,3.9,7.1,348,215,242,132,232,347,131,308,88,20,97
GVESTA,2001,2,17,11,6.5,53.7,5.2,-2.2,3.3,3,14.8,0,985.6,57,4.5,7.4,480,539,198,104,177,645,149,292,50,20,97
GVESTA,2001,2,17,12,7,55,5.5,-1.4,3.49,3.5,15.8,0,984.9,64,4.1,7.2,348,183,254,140,139,327,206,310,88,20,97
GVESTA,2001,2,17,13,7.4,55.6,5.7,-0.9,3.62,3.9,16.5,0,984.1,64,4.1,7.6,142,13,136,79,78,89,86,316,100,20,97
GVESTA,2001,2,17,14,7.6,53.6,5.6,-1.2,3.56,3.9,16.6,0,983.8,60,4.4,7.4,86,0,86,50,50,49,50,316,100,20,97
GVESTA,2001,2,17,15,7.5,55.2,5.7,-0.9,3.62,3.9,16.6,0,983.9,57,4.1,6.9,35,0,35,20,20,20,20,316,100,20,97
GVESTA,2001,2,17,16,6.6,54.5,5.3,-1.9,3.37,3.1,15.1,0,984.3,36,4.7,7.6,7,0,7,4,4,4,4,316,100,20,97
GVESTA,2001,2,17,17,6.2,54.8,5.2,-2.2,3.3,2.8,14.5,0,984.4,50,3.1,5.9,0,0,0,0,0,0,0,316,100,20,97
GVESTA,2001,2,17,18,6.3,55.7,5.3,-1.9,3.37,3,14.8,0,984.5,59,3.5,6.2,0,0,0,0,0,0,0,315,100,20,97
GVESTA,2001,2,17,19,5.8,62.9,5.8,-0.7,3.69,3.1,15.1,0,984.4,66,5.9,10.8,0,0,0,0,0,0,0,314,100,20,97
GVESTA,2001,2,17,20,5.6,66.2,6,-0.2,3.82,3.2,15.2,0,984.1,62,5.1,9,0,0,0,0,0,0,0,312,100,20,97
GVESTA,2001,2,17,21,5.1,66.1,5.8,-0.7,3.69,2.7,14.4,0,983.9,57,7.6,12,0,0,0,0,0,0,0,311,100,20,97
GVESTA,2001,2,17,22,4.4,73,6.1,0,3.88,2.6,14.1,0,984,63,8.3,14.6,0,0,0,0,0,0,0,309,100,20,97
GVESTA,2001,2,17,23,4.3,72.5,6,-0.2,3.82,2.4,13.9,0,984,60,8.3,14.7,0,0,0,0,0,0,0,302,88,20,97
GVESTA,2001,2,18,0,4.2,73,6,-0.2,3.81,2.4,13.8,0,984.4,57,7,12.3,0,0,0,0,0,0,0,306,100,22,97
GVESTA,2001,2,18,1,4.2,71.4,5.9,-0.5,3.75,2.3,13.6,0,984.7,51,6,10.9,0,0,0,0,0,0,0,299,88,22,97
GVESTA,2001,2,18,2,4.5,72.5,6.1,0,3.88,2.6,14.2,0,984.6,57,5.6,11.6,0,0,0,0,0,0,0,303,100,22,97
GVESTA,2001,2,18,3,4.5,72.5,6.1,0,3.88,2.6,14.2,0,985,56,6.2,12,0,0,0,0,0,0,0,302,100,22,97
GVESTA,2001,2,18,4,4.6,72,6.1,0,3.87,2.7,14.3,0,985.3,50,4.8,9.5,0,0,0,0,0,0,0,301,100,22,97
GVESTA,2001,2,18,5,4.7,72.6,6.2,0.2,3.94,2.8,14.6,0,985.7,51,4.9,10.3,0,0,0,0,0,0,0,300,100,22,97
GVESTA,2001,2,18,6,4.5,73.6,6.2,0.2,3.94,2.7,14.4,0,986,60,6,11.1,1,0,1,1,1,1,1,300,100,22,97
GVESTA,2001,2,18,7,4.7,72.6,6.2,0.2,3.93,2.8,14.6,0,986.7,66,4.9,9.5,45,2,45,27,28,27,26,304,100,22,97
GVESTA,2001,2,18,8,4.9,71.6,6.2,0.2,3.93,2.9,14.8,0,987.1,68,5,9.6,82,0,82,49,48,48,48,308,100,22,97
GVESTA,2001,2,18,9,5.3,69.6,6.2,0.2,3.93,3.1,15.2,0,987.3,63,5.7,10.9,85,0,85,51,50,50,50,312,100,22,97
GVESTA,2001,2,18,10,5.8,67.2,6.2,0.2,3.93,3.4,15.7,0,987.8,64,5.5,9.9,76,0,76,45,45,44,45,317,100,22,97
GVESTA,2001,2,18,11,6.2,64.4,6.1,0,3.87,3.6,15.9,0,987.6,59,5.4,9,121,0,121,72,71,70,71,322,100,22,97
GVESTA,2001,2,18,12,6.6,63.6,6.2,0.2,3.93,3.8,16.5,0,987.5,57,4.8,9.3,162,0,162,96,95,94,95,324,100,22,97
GVESTA,2001,2,18,13,6.9,63.2,6.3,0.4,3.99,4.1,17,0,987.4,65,5.7,10.1,428,608,154,92,92,622,436,303,63,22,97
GVESTA,2001,2,18,14,7.4,59.3,6.1,0,3.87,4.2,17.1,0,987.3,61,4.8,8.2,311,474,139,78,78,447,436,304,68,22,97
GVESTA,2001,2,18,15,7.4,59.3,6.1,0,3.87,4.2,17.1,0,987.5,65,4.4,8.6,173,347,93,52,52,262,360,302,68,22,97
GVESTA,2001,2,18,16,7.2,60.2,6.1,0,3.87,4.1,16.9,0,987.5,58,4.5,8.8,17,3,16,10,10,11,13,318,100,22,97
GVESTA,2001,2,18,17,6.8,62.7,6.2,0.2,3.93,4,16.7,0,988.3,47,4.6,7.9,0,0,0,0,0,0,0,317,100,22,97
GVESTA,2001,2,18,18,6.1,63.9,6,-0.2,3.8,3.4,15.7,0,988.6,47,4.9,8.7,0,0,0,0,0,0,0,314,100,22,97
GVESTA,2001,2,18,19,5.6,64.8,5.9,-0.5,3.73,3,15,0,988.7,54,5.1,9.4,0,0,0,0,0,0,0,309,100,22,97
GVESTA,2001,2,18,20,5.3,66.1,5.9,-0.5,3.73,2.9,14.7,0,988.7,56,5.7,9.3,0,0,0,0,0,0,0,299,88,22,97
GVESTA,2001,2,18,21,4.6,71,6,-0.2,3.8,2.6,14.1,0,989,59,5.6,10.1,0,0,0,0,0,0,0,294,88,22,97
GVESTA,2001,2,18,22,4.3,72.5,6,-0.2,3.8,2.4,13.8,0,988.6,60,5.6,9.5,0,0,0,0,0,0,0,294,100,22,97
GVESTA,2001,2,18,23,4.2,74.1,6.1,0,3.86,2.4,13.9,0,988.4,65,5.9,11,0,0,0,0,0,0,0,288,100,22,97
GVESTA,2001,2,19,0,4.6,71,6,-0.2,3.8,2.6,14.1,0,988.6,68,5.1,9.5,0,0,0,0,0,0,0,252,13,20,97
GVESTA,2001,2,19,1,4.3,72.5,6,-0.2,3.8,2.4,13.8,0,988.3,72,3.8,8.5,0,0,0,0,0,0,0,267,63,20,97
GVESTA,2001,2,19,2,4.1,74.6,6.1,0,3.86,2.4,13.8,0,988.8,69,4.3,8.4,0,0,0,0,0,0,0,276,100,20,97
GVESTA,2001,2,19,3,3.9,74.6,6,-0.2,3.8,2.2,13.4,0,988.8,68,4.9,10,0,0,0,0,0,0,0,272,100,20,97
GVESTA,2001,2,19,4,3.7,75.6,6,-0.2,3.8,2.1,13.2,0,989.3,63,6.4,10.9,0,0,0,0,0,0,0,262,75,20,97
GVESTA,2001,2,19,5,3.3,75,5.8,-0.7,3.67,1.7,12.5,0,989.4,60,6.4,11.9,0,0,0,0,0,0,0,250,40,20,97
GVESTA,2001,2,19,6,2.8,73.8,5.5,-1.4,3.48,1.1,11.5,0,989.7,56,6.1,12.2,12,0,12,8,8,8,8,249,38,20,97
GVESTA,2001,2,19,7,2.8,73.8,5.5,-1.4,3.47,1.1,11.5,0,990,62,5.5,9.1,126,369,67,36,378,223,36,261,50,20,97
GVESTA,2001,2,19,8,3.3,73.9,5.7,-0.9,3.6,1.6,12.3,0,989.5,61,4.3,8.5,259,416,130,69,413,365,68,272,55,20,97
GVESTA,2001,2,19,9,3.8,72.4,5.8,-0.7,3.67,2,13,0,989.2,68,4.4,7.8,380,490,172,90,418,514,90,278,50,20,97
GVESTA,2001,2,19,10,4.7,67,5.7,-0.9,3.6,2.4,13.8,0,989.2,68,3.5,7.1,476,582,184,98,358,652,98,271,25,20,97
GVESTA,2001,2,19,11,5.5,62,5.6,-1.2,3.54,2.7,14.4,0,988.8,68,3.7,6.2,544,747,146,88,175,799,138,232,13,20,97
GVESTA,2001,2,19,12,6.7,57,5.6,-1.2,3.55,3.4,15.6,0,988,69,3,5.9,496,586,191,101,101,674,308,268,45,20,97
GVESTA,2001,2,19,13,7.5,52,5.4,-1.7,3.42,3.7,16.1,0,987.4,71,2.8,5.3,420,511,184,97,97,561,397,299,75,20,97
GVESTA,2001,2,19,14,8.4,50,5.5,-1.4,3.49,4.3,17.2,0,986.8,66,3,5.7,300,388,158,84,84,390,382,311,88,20,97
GVESTA,2001,2,19,15,8.5,51.6,5.7,-0.9,3.61,4.5,17.6,0,986.7,58,3.5,6,166,267,102,56,55,219,294,310,88,20,97
GVESTA,2001,2,19,16,7.9,56.5,6,-0.2,3.81,4.4,17.5,0,986.3,51,2.2,4.6,37,122,24,13,13,66,129,301,68,20,97
GVESTA,2001,2,19,17,6.8,59.6,5.9,-0.5,3.75,3.7,16.2,0,985.8,252,0.6,1.7,0,0,0,0,0,0,0,278,33,20,97
GVESTA,2001,2,19,18,6,63,5.9,-0.5,3.74,3.3,15.4,0,986.9,27,0.4,1.5,0,0,0,0,0,0,0,299,75,20,97
GVESTA,2001,2,19,19,5.1,66.1,5.8,-0.7,3.68,2.7,14.3,0,987,360,0.6,1.6,0,0,0,0,0,0,0,268,20,20,97
GVESTA,2001,2,19,20,4,68.8,5.6,-1.2,3.55,1.9,12.9,0,987.1,243,0.5,1.5,0,0,0,0,0,0,0,265,20,20,97
GVESTA,2001,2,19,21,2.9,74.4,5.6,-1.2,3.55,1.3,11.8,0,987,256,0.9,2.3,0,0,0,0,0,0,0,299,100,20,97
GVESTA,2001,2,19,22,2.7,74.3,5.5,-1.4,3.49,1.1,11.4,0,986.8,257,0.9,1.9,0,0,0,0,0,0,0,280,63,20,97
GVESTA,2001,2,19,23,2.4,75.9,5.5,-1.4,3.48,0.9,11.1,0,987.2,270,1.1,2.4,0,0,0,0,0,0,0,253,0,20,97
GVESTA,2001,2,20,0,2,75.3,5.3,-1.9,3.36,0.5,10.4,0,986.9,207,0.6,1.7,0,0,0,0,0,0,0,252,0,20,97
GVESTA,2001,2,20,1,1.1,76.8,5.1,-2.5,3.23,-0.3,9.2,0,986.9,248,1.1,1.8,0,0,0,0,0,0,0,251,0,20,97
GVESTA,2001,2,20,2,1.3,74.6,5,-2.7,3.17,-0.2,9.2,0,986.4,270,0.3,1.2,0,0,0,0,0,0,0,255,13,20,97
GVESTA,2001,2,20,3,0.8,74,4.8,-3.3,3.04,-0.7,8.4,0,986.6,252,0.7,1.8,0,0,0,0,0,0,0,250,0,20,97
GVESTA,2001,2,20,4,0.1,76.1,4.7,-3.6,2.98,-1.2,7.5,0,986.3,261,1.2,2.2,0,0,0,0,0,0,0,250,0,20,97
GVESTA,2001,2,20,5,-1,79.4,4.5,-4.1,2.85,-2.1,6.1,0,986.2,257,1.7,2.6,0,0,0,0,0,0,0,254,13,20,97
GVESTA,2001,2,20,6,-1.2,78.8,4.4,-4.4,2.79,-2.3,5.7,0,986.5,256,1.7,3.1,14,0,14,9,9,8,9,254,13,20,97
GVESTA,2001,2,20,7,-0.9,78.9,4.5,-4.1,2.85,-2,6.2,0,986.2,259,2,3.1,140,476,58,32,468,272,32,254,0,20,97
GVESTA,2001,2,20,8,1.4,78.6,5.3,-1.9,3.36,0.1,9.8,0,986.7,261,1.3,3.6,299,687,82,49,592,511,49,257,0,20,97
GVESTA,2001,2,20,9,3.7,72.9,5.8,-0.7,3.68,1.9,12.9,0,986.9,321,1.1,3.8,435,792,94,62,544,696,63,261,0,20,97
GVESTA,2001,2,20,10,5.8,59.8,5.5,-1.4,3.49,2.8,14.6,0,985.8,60,3.4,6.9,509,739,133,82,369,751,82,282,38,20,97
GVESTA,2001,2,20,11,7,55.9,5.6,-1.2,3.56,3.6,16,0,984.9,59,4.6,8.5,513,606,186,100,176,697,149,288,40,20,97
GVESTA,2001,2,20,12,8.2,51.5,5.6,-1.2,3.56,4.2,17.2,0,984.2,61,5.1,8.6,476,508,208,109,109,611,295,287,50,20,97
GVESTA,2001,2,20,13,9.2,47.4,5.5,-1.4,3.5,4.7,18,0,983.5,65,6.7,11,398,425,200,105,105,495,359,308,75,20,97
GVESTA,2001,2,20,14,9.3,48.8,5.7,-0.9,3.62,4.9,18.5,0,983.8,63,6.1,11.7,307,426,149,79,79,411,404,309,80,20,97
GVESTA,2001,2,20,15,9.4,50,5.9,-0.5,3.75,5.1,18.9,0,983.3,71,4.9,9.1,158,233,105,58,58,195,269,312,88,20,97
GVESTA,2001,2,20,16,8.5,55.1,6.1,0,3.88,4.8,18.3,0,983.8,63,6,11,23,16,22,12,12,19,28,316,100,20,97
GVESTA,2001,2,20,17,6.8,50.7,5,-2.7,3.18,3,14.8,0,984.5,33,3.8,7.3,0,0,0,0,0,0,0,310,88,20,97
GVESTA,2001,2,20,18,5.9,53.9,5,-2.7,3.17,2.5,13.9,0,984.8,40,3.3,5.8,0,0,0,0,0,0,0,296,58,20,97
GVESTA,2001,2,20,19,5.4,55.8,5,-2.7,3.17,2.2,13.4,0,984.7,43,3.3,8.3,0,0,0,0,0,0,0,272,0,20,97
GVESTA,2001,2,20,20,5.5,55.5,5,-2.7,3.17,2.3,13.5,0,985.2,48,4.7,8.9,0,0,0,0,0,0,0,284,33,20,97
GVESTA,2001,2,20,21,5.3,59.7,5.3,-1.9,3.37,2.4,13.8,0,984.8,58,5.8,11.2,0,0,0,0,0,0,0,290,50,20,97
GVESTA,2001,2,20,22,5,58.3,5.1,-2.5,3.24,2,13.1,0,984.8,50,4.6,8.1,0,0,0,0,0,0,0,278,20,20,97
GVESTA,2001,2,20,23,4.8,58.2,5,-2.7,3.17,1.9,12.8,0,984.8,59,3.5,8,0,0,0,0,0,0,0,279,25,20,97
GVESTA,2001,2,21,0,4.4,59.9,5,-2.7,3.17,1.6,12.4,0,984.7,47,3.7,9.3,0,0,0,0,0,0,0,269,0,18,97
GVESTA,2001,2,21,1,4.6,56.5,4.8,-3.3,3.05,1.6,12.3,0,984.6,50,1.8,5.6,0,0,0,0,0,0,0,268,0,18,97
GVESTA,2001,2,21,2,4.2,56.8,4.7,-3.6,2.98,1.2,11.7,0,984.9,50,0.8,3.7,0,0,0,0,0,0,0,267,0,18,97
GVESTA,2001,2,21,3,2.6,62.6,4.6,-3.8,2.92,0.2,9.9,0,984.9,261,0.7,1.8,0,0,0,0,0,0,0,271,13,18,97
GVESTA,2001,2,21,4,2.6,62.6,4.6,-3.8,2.92,0.2,9.9,0,985.3,225,0.2,1.6,0,0,0,0,0,0,0,265,0,18,97
GVESTA,2001,2,21,5,1.5,66.2,4.5,-4.1,2.85,-0.5,8.6,0,985.6,248,1,2,0,0,0,0,0,0,0,265,0,18,97
GVESTA,2001,2,21,6,0.9,69.2,4.5,-4.1,2.85,-0.9,8,0,985.7,261,0.7,1.4,13,66,10,5,69,28,5,272,20,18,97
GVESTA,2001,2,21,7,1.1,69.7,4.6,-3.8,2.92,-0.7,8.4,0,986,257,0.9,1.5,139,453,58,30,446,258,30,266,0,18,97
GVESTA,2001,2,21,8,4.1,63.5,5.2,-2.2,3.3,1.6,12.4,0,985.7,0,0.1,0.9,304,711,76,44,604,515,44,268,0,18,97
GVESTA,2001,2,21,9,5.2,60.1,5.3,-1.9,3.36,2.3,13.7,0,985.9,104,0.5,2.5,405,628,135,73,478,584,73,284,33,18,97
GVESTA,2001,2,21,10,5.8,55.1,5.1,-2.5,3.23,2.5,13.9,0,985.7,102,1.6,3.6,313,152,237,129,211,275,127,312,88,18,97
GVESTA,2001,2,21,11,5.7,55.5,5.1,-2.5,3.24,2.4,13.8,0,985.4,108,1.3,3.4,414,322,238,127,141,448,174,301,75,18,97
GVESTA,2001,2,21,12,6.4,52.9,5.1,-2.5,3.24,2.8,14.6,0,984.7,76,0.9,4.5,529,717,147,81,81,752,302,245,13,18,97
GVESTA,2001,2,21,13,7.7,47.7,5,-2.7,3.18,3.5,15.7,0,983.8,111,2.1,4.4,466,708,129,73,73,681,445,257,25,18,97
GVESTA,2001,2,21,14,8.6,40.4,4.5,-4.1,2.86,3.5,15.8,0,983.1,55,1.3,3.6,369,777,79,49,49,607,606,235,0,18,97
GVESTA,2001,2,21,15,9,36.7,4.2,-5,2.67,3.5,15.8,0,982.8,45,1.1,3.1,212,580,70,38,38,372,544,236,0,18,97
GVESTA,2001,2,21,16,9.6,33.4,4,-5.7,2.54,3.6,16,0,982.5,56,1.1,3,51,184,29,15,15,94,190,290,33,18,97
GVESTA,2001,2,21,17,8.7,40.1,4.5,-4.1,2.86,3.6,15.9,0,982.2,0,0.1,1.1,0,0,0,0,0,0,0,276,0,18,97
GVESTA,2001,2,21,18,7.3,45.1,4.6,-3.8,2.93,2.9,14.7,0,982.3,315,0.1,2.4,0,0,0,0,0,0,0,276,0,18,97
GVESTA,2001,2,21,19,5.4,54.6,4.9,-3,3.12,2.1,13.2,0,982.4,270,0.8,2,0,0,0,0,0,0,0,277,0,18,97
GVESTA,2001,2,21,20,5.8,55.1,5.1,-2.5,3.25,2.5,14,0,982.6,360,0.1,1.2,0,0,0,0,0,0,0,285,20,18,97
GVESTA,2001,2,21,21,5.1,61.4,5.4,-1.7,3.44,2.4,13.7,0,982.7,342,0.4,2,0,0,0,0,0,0,0,294,43,18,97
GVESTA,2001,2,21,22,4.7,62.2,5.3,-1.9,3.38,2.1,13.2,0,981.9,270,0.5,2.1,0,0,0,0,0,0,0,300,60,18,97
GVESTA,2001,2,21,23,5.4,61.5,5.5,-1.4,3.51,2.6,14.2,0,981.3,270,0.4,1.5,0,0,0,0,0,0,0,297,55,18,97
GVESTA,2001,2,22,0,4.5,66.4,5.6,-1.2,3.57,2.2,13.5,0,981,262,0.8,2,0,0,0,0,0,0,0,312,100,19,97
GVESTA,2001,2,22,1,5.1,65.1,5.7,-0.9,3.63,2.6,14.2,0,981.1,261,0.7,2.4,0,0,0,0,0,0,0,313,100,19,97
GVESTA,2001,2,22,2,4.5,73.6,6.2,0.2,3.96,2.7,14.4,0,980.2,251,1.8,3.6,0,0,0,0,0,0,0,315,100,19,97
GVESTA,2001,2,22,3,4.3,70.9,5.9,-0.5,3.77,2.3,13.8,0,979.6,247,2.5,3.9,0,0,0,0,0,0,0,316,100,19,97
GVESTA,2001,2,22,4,4.8,67.5,5.8,-0.7,3.71,2.5,14.1,0,979.3,248,1.7,3.7,0,0,0,0,0,0,0,317,100,19,97
GVESTA,2001,2,22,5,5.3,65.2,5.8,-0.7,3.71,2.8,14.6,0,978.9,240,0.9,3,0,0,0,0,0,0,0,318,100,19,97
GVESTA,2001,2,22,6,5.3,66.1,5.9,-0.5,3.77,2.9,14.8,0,979,274,1.4,2.7,18,72,14,8,78,32,8,320,100,19,97
GVESTA,2001,2,22,7,5.5,68.6,6.2,0.2,3.97,3.2,15.5,0,978.5,270,1.2,2.8,95,115,76,43,150,97,42,323,100,19,97
GVESTA,2001,2,22,8,5.4,69.1,6.2,0.2,3.97,3.2,15.4,0,978.2,266,1.5,3.1,253,365,131,69,368,328,69,314,68,19,97
GVESTA,2001,2,22,9,6.3,64,6.1,0,3.91,3.6,16.1,0,977.4,244,3,4.5,293,195,209,114,253,281,113,311,75,19,97
GVESTA,2001,2,22,10,7.6,59.4,6.2,0.2,3.97,4.4,17.6,0,976.8,241,2.7,4.9,231,25,218,125,136,145,123,331,100,19,97
GVESTA,2001,2,22,11,8.9,53.6,6.1,0,3.91,5,18.8,0,976.1,238,1.5,3.6,324,127,254,140,143,270,165,325,88,19,97
GVESTA,2001,2,22,12,11.1,51.5,6.8,1.5,4.37,6.6,22.2,0,974.9,270,0.8,3.2,329,146,249,137,135,284,188,313,68,19,97
GVESTA,2001,2,22,13,11.5,51.6,7,1.9,4.5,7,22.9,0,974.2,108,1,3.4,385,373,206,107,107,449,330,313,68,19,97
GVESTA,2001,2,22,14,12.7,47.7,7,1.9,4.51,7.6,24.1,0,973.3,196,1.3,3.9,280,306,160,85,85,326,317,309,63,19,97
GVESTA,2001,2,22,15,12.7,48.4,7.1,2.1,4.57,7.6,24.3,0,973,67,2.1,6.4,69,1,68,39,39,39,40,335,100,19,97
GVESTA,2001,2,22,16,11.3,52.3,7,1.9,4.51,6.9,22.7,0,972.7,358,3,7.1,4,0,4,2,2,2,2,335,100,19,97
GVESTA,2001,2,22,17,10.7,54.5,7,1.9,4.51,6.6,22.1,0,972.8,105,1.7,4.1,0,0,0,0,0,0,0,335,100,19,97
GVESTA,2001,2,22,18,10.3,55.9,7,1.9,4.51,6.4,21.7,0,972.9,100,1.7,3.2,0,0,0,0,0,0,0,334,100,19,97
GVESTA,2001,2,22,19,10.3,57.6,7.2,2.3,4.64,6.5,22,0,972.7,127,0.8,2.9,0,0,0,0,0,0,0,333,100,19,97
GVESTA,2001,2,22,20,9.4,61.1,7.2,2.3,4.64,6.1,21.1,0,972.5,275,1.3,2.8,0,0,0,0,0,0,0,332,100,19,97
GVESTA,2001,2,22,21,9.1,62.4,7.2,2.3,4.64,5.9,20.8,0,972.3,276,1.1,2.6,0,0,0,0,0,0,0,331,100,19,97
GVESTA,2001,2,22,22,9.9,60,7.3,2.5,4.71,6.4,21.8,0,971.7,225,0.2,1.1,0,0,0,0,0,0,0,331,100,19,97
GVESTA,2001,2,22,23,8.2,68.2,7.4,2.7,4.78,5.6,20.3,0,970.6,247,1.6,3.2,0,0,0,0,0,0,0,330,100,19,97
GVESTA,2001,2,23,0,8.3,67.8,7.4,2.7,4.78,5.7,20.4,0,969.9,240,1.6,4,0,0,0,0,0,0,0,329,100,19,97
GVESTA,2001,2,23,1,7.7,71.6,7.5,2.9,4.85,5.5,19.9,0,969.2,283,1.9,4.3,0,0,0,0,0,0,0,329,100,19,97
GVESTA,2001,2,23,2,7.4,71,7.3,2.5,4.72,5.2,19.3,0,968.4,233,3.8,7.6,0,0,0,0,0,0,0,329,100,19,97
GVESTA,2001,2,23,3,7.2,73,7.4,2.7,4.79,5.1,19.3,0,968,241,3.9,6.6,0,0,0,0,0,0,0,329,100,19,97
GVESTA,2001,2,23,4,7.3,72.5,7.4,2.7,4.79,5.2,19.4,0,967.6,224,2.9,6,0,0,0,0,0,0,0,329,100,19,97
GVESTA,2001,2,23,5,6.9,76.2,7.6,3,4.93,5.1,19.3,0,966.9,232,3,5.8,0,0,0,0,0,0,0,329,100,19,97
GVESTA,2001,2,23,6,6.6,80,7.8,3.4,5.06,5.1,19.3,0,966.3,236,3.1,6,14,40,11,6,45,19,6,329,100,19,97
GVESTA,2001,2,23,7,6.4,84,8.1,3.9,5.26,5.2,19.6,0,966.8,251,3.7,6.1,55,3,55,31,34,32,31,329,100,19,97
GVESTA,2001,2,23,8,6.5,85.8,8.3,4.3,5.39,5.5,20.1,0.1,966.2,247,3.1,5,181,85,153,86,157,145,85,330,100,19,97
GVESTA,2001,2,23,9,7.2,83.5,8.5,4.6,5.52,6,21.1,0,965.7,257,2.6,5.6,176,65,149,83,131,137,82,330,100,19,97
GVESTA,2001,2,23,10,7.3,85.3,8.7,5,5.65,6.2,21.5,0.3,965.7,268,2.6,4.9,149,1,148,85,85,84,84,331,100,19,97
GVESTA,2001,2,23,11,8,83,8.9,5.3,5.79,6.7,22.6,0,965,257,3.8,7.1,163,4,161,92,92,94,92,332,100,19,97
GVESTA,2001,2,23,12,8.6,73.3,8.2,4.1,5.34,6.4,22.1,0,964,248,3.4,6.6,174,7,170,98,97,102,99,332,100,19,97
GVESTA,2001,2,23,13,9.1,69.4,8,3.8,5.21,6.6,22.3,0,963.1,241,4.4,7.9,290,127,230,127,126,241,210,331,100,19,97
GVESTA,2001,2,23,14,9.1,66.5,7.7,3.2,5.02,6.3,21.8,0,962.7,235,4.5,8.8,182,42,165,94,93,126,125,330,100,19,97
GVESTA,2001,2,23,15,8.6,71.8,8,3.8,5.21,6.3,21.8,0.2,962.4,244,4.1,7.8,127,71,109,62,61,103,125,329,100,19,97
GVESTA,2001,2,23,16,8.3,71.2,7.8,3.4,5.08,6,21.1,0,962.2,234,3.4,6.8,51,166,30,16,16,86,175,322,88,19,97
GVESTA,2001,2,23,17,7.3,76.2,7.8,3.4,5.08,5.5,20.1,0.4,963,258,3.1,6.2,0,0,0,0,0,0,0,326,100,19,97
GVESTA,2001,2,23,18,7.6,74.7,7.8,3.4,5.08,5.6,20.4,0,962.5,236,1.3,3.3,0,0,0,0,0,0,0,325,100,19,97
GVESTA,2001,2,23,19,7.5,65.7,6.8,1.5,4.43,4.8,18.7,0,962.4,304,1.5,6,0,0,0,0,0,0,0,322,100,19,97
GVESTA,2001,2,23,20,7,65.1,6.5,0.9,4.23,4.3,17.7,0,962.3,306,2.7,5.6,0,0,0,0,0,0,0,318,100,19,97
GVESTA,2001,2,23,21,6.7,63.2,6.2,0.2,4.03,3.9,16.9,0,962.9,304,1.5,4.3,0,0,0,0,0,0,0,314,100,19,97
GVESTA,2001,2,23,22,5.9,54.7,5.1,-2.5,3.31,2.5,14.2,0,963,78,1.6,4.7,0,0,0,0,0,0,0,310,100,19,97
GVESTA,2001,2,23,23,5.7,47.1,4.3,-4.7,2.79,1.8,12.7,0,962.9,90,1.2,4.3,0,0,0,0,0,0,0,305,100,19,97
GVESTA,2001,2,24,0,5,48.3,4.2,-5,2.73,1.3,11.9,0,962.7,10,1.4,5.8,0,0,0,0,0,0,0,300,100,18,97
GVESTA,2001,2,24,1,4.1,46.2,3.8,-6.4,2.47,0.4,10.3,0,962.5,21,3.5,8,0,0,0,0,0,0,0,282,63,18,97
GVESTA,2001,2,24,2,3.8,48.7,3.9,-6,2.53,0.3,10.2,0,962,326,1.2,5.1,0,0,0,0,0,0,0,284,75,18,97
GVESTA,2001,2,24,3,2.4,60.7,4.4,-4.4,2.86,-0.1,9.6,0,961.7,262,0.8,1.7,0,0,0,0,0,0,0,270,45,18,97
GVESTA,2001,2,24,4,1.6,64.3,4.4,-4.4,2.86,-0.6,8.7,0,961.6,256,0.6,1.9,0,0,0,0,0,0,0,288,100,18,97
GVESTA,2001,2,24,5,2.5,63.1,4.6,-3.8,2.99,0.2,10,0,961.4,297,0.3,1.5,0,0,0,0,0,0,0,285,100,18,97
GVESTA,2001,2,24,6,2.7,63.1,4.7,-3.6,3.06,0.4,10.4,0,961,207,0.5,2,21,109,14,7,113,43,7,279,88,18,97
GVESTA,2001,2,24,7,2.6,65,4.8,-3.3,3.12,0.4,10.4,0,961.3,292,0.6,2.3,54,1,54,31,32,31,31,284,100,18,97
GVESTA,2001,2,24,8,3.4,61.4,4.8,-3.3,3.12,0.9,11.2,0,961.2,180,0.9,2.8,166,51,150,85,128,118,84,286,100,18,97
GVESTA,2001,2,24,9,4.4,57.3,4.8,-3.3,3.12,1.4,12.2,0,961.5,278,1.4,3.5,219,40,200,113,139,146,111,287,100,18,97
GVESTA,2001,2,24,10,4.9,52.1,4.5,-4.1,2.93,1.5,12.3,0,961.1,16,0.8,3.3,298,120,233,128,182,247,126,284,88,18,97
GVESTA,2001,2,24,11,5.7,48.2,4.4,-4.4,2.86,1.9,12.9,0,961.1,253,1.4,4.6,186,33,168,95,105,126,93,290,100,18,97
GVESTA,2001,2,24,12,4.6,54.4,4.6,-3.8,2.99,1.4,12.1,0,961.4,352,2.5,9.3,68,0,68,39,38,38,38,290,100,18,97
GVESTA,2001,2,24,13,2.9,76,5.7,-0.9,3.71,1.4,12.2,0,961.7,99,4.1,8.3,66,0,66,38,37,37,37,285,100,18,97
GVESTA,2001,2,24,14,3.1,75,5.7,-0.9,3.71,1.5,12.4,0,962.1,117,3.4,6.6,164,15,158,90,89,100,101,280,100,18,97
GVESTA,2001,2,24,15,3.3,71.2,5.5,-1.4,3.57,1.4,12.3,0,962.5,104,2.1,4.3,133,92,112,63,62,113,148,274,100,18,97
GVESTA,2001,2,24,16,3.6,60.6,4.8,-3.3,3.12,1,11.4,0,962.8,39,2.3,5.3,46,119,30,16,16,66,130,264,88,18,97
GVESTA,2001,2,24,17,2.9,63.7,4.8,-3.3,3.11,0.6,10.7,0,963.3,71,3.1,6.5,0,0,0,0,0,0,0,261,88,18,97
GVESTA,2001,2,24,18,1.8,58.8,4.1,-5.4,2.66,-0.7,8.4,0,963.6,29,2,3.3,0,0,0,0,0,0,0,248,45,18,97
GVESTA,2001,2,24,19,1.1,57.2,3.8,-6.4,2.46,-1.4,7.2,0,963.7,19,1.9,3,0,0,0,0,0,0,0,247,50,18,97
GVESTA,2001,2,24,20,1.1,55.9,3.7,-6.7,2.4,-1.5,7.1,0,963.9,23,1.5,3.5,0,0,0,0,0,0,0,243,40,18,97
GVESTA,2001,2,24,21,0.6,56.2,3.6,-7.1,2.33,-1.9,6.4,0,963.8,4,1.3,3.6,0,0,0,0,0,0,0,242,45,18,97
GVESTA,2001,2,24,22,2.1,50.5,3.6,-7.1,2.33,-1,7.9,0,963.9,135,0.2,1.2,0,0,0,0,0,0,0,240,45,18,97
GVESTA,2001,2,24,23,0.6,56.2,3.6,-7.1,2.33,-1.9,6.4,0,964.1,270,0.3,1.3,0,0,0,0,0,0,0,237,40,18,97
GVESTA,2001,2,25,0,0.3,59.3,3.7,-6.7,2.4,-2,6.3,0,964.1,27,1.2,5,0,0,0,0,0,0,0,231,20,18,97
GVESTA,2001,2,25,1,0.7,65.6,4.2,-5,2.72,-1.3,7.5,0,963.9,40,2.5,5.7,0,0,0,0,0,0,0,237,50,18,97
GVESTA,2001,2,25,2,0,63.9,3.9,-6,2.53,-2,6.3,0,963.5,13,2.1,4.3,0,0,0,0,0,0,0,237,55,18,97
GVESTA,2001,2,25,3,0.7,68.6,4.4,-4.4,2.85,-1.1,7.8,0,963.2,60,3.7,9.1,0,0,0,0,0,0,0,246,100,18,97
GVESTA,2001,2,25,4,0.1,70.1,4.3,-4.7,2.79,-1.6,7,0,963.4,55,5.4,10.2,0,0,0,0,0,0,0,245,100,18,97
GVESTA,2001,2,25,5,-0.6,68.3,4,-5.7,2.59,-2.3,5.9,0,963.6,17,2.8,5.8,0,0,0,0,0,0,0,245,100,18,97
GVESTA,2001,2,25,6,-0.8,65.7,3.8,-6.4,2.46,-2.6,5.3,0,963.6,24,2.8,6,20,74,15,8,80,32,8,245,100,18,97
GVESTA,2001,2,25,7,-0.2,66.4,4,-5.7,2.59,-2.1,6.3,0,963.8,49,3.9,7.3,111,122,84,46,159,112,45,244,88,18,97
GVESTA,2001,2,25,8,0.7,62.2,4,-5.7,2.59,-1.5,7.2,0,964.1,56,4.3,9.1,202,103,166,92,179,166,91,248,100,18,97
GVESTA,2001,2,25,9,1.4,60.5,4.1,-5.4,2.66,-1,8,0,964,78,4.3,9.5,351,274,225,118,313,359,117,247,88,18,97
GVESTA,2001,2,25,10,2,53.7,3.8,-6.4,2.46,-0.9,8.2,0,963.7,76,5.3,10.2,426,316,259,135,298,442,133,249,88,18,97
GVESTA,2001,2,25,11,2.8,48,3.6,-7.1,2.33,-0.6,8.6,0,963.8,60,6.2,10.5,464,332,276,142,198,485,178,253,100,18,97
GVESTA,2001,2,25,12,3.1,45.9,3.5,-7.4,2.27,-0.5,8.8,0,963.7,75,5.6,11,403,217,284,151,150,371,247,255,100,18,97
GVESTA,2001,2,25,13,3.7,42.7,3.4,-7.8,2.2,-0.2,9.2,0,963.5,72,5.6,11.6,391,307,240,124,123,409,318,255,100,18,97
GVESTA,2001,2,25,14,3.9,39.5,3.2,-8.6,2.07,-0.3,9.1,0,963.8,73,5.6,9.3,289,247,191,101,100,295,300,255,100,18,97
GVESTA,2001,2,25,15,3.1,44.5,3.4,-7.8,2.2,-0.6,8.6,0,964.1,70,5.8,10.7,161,150,122,67,66,154,205,255,100,18,97
GVESTA,2001,2,25,16,2.5,50.6,3.7,-6.7,2.4,-0.6,8.5,0,964.6,52,5.5,9,20,0,20,12,11,11,12,255,100,18,97
GVESTA,2001,2,25,17,1.6,45.1,3.1,-9,2,-1.8,6.6,0,965.5,31,4.7,9,0,0,0,0,0,0,0,255,100,18,97
GVESTA,2001,2,25,18,0.9,46,3,-9.4,1.94,-2.3,5.7,0,966,33,4.1,7.9,0,0,0,0,0,0,0,255,100,18,97
GVESTA,2001,2,25,19,1.1,45.3,3,-9.4,1.94,-2.2,5.9,0,966,31,3.3,6.9,0,0,0,0,0,0,0,248,80,18,97
GVESTA,2001,2,25,20,1,45.7,3,-9.4,1.94,-2.2,5.8,0,966.1,42,2.4,6.4,0,0,0,0,0,0,0,241,55,18,97
GVESTA,2001,2,25,21,0.8,49.3,3.2,-8.6,2.07,-2.2,6,0,966.3,18,3,8.5,0,0,0,0,0,0,0,241,68,18,97
GVESTA,2001,2,25,22,0.4,50.8,3.2,-8.6,2.07,-2.4,5.5,0,966.5,27,2.5,6.8,0,0,0,0,0,0,0,235,50,18,97
GVESTA,2001,2,25,23,-0.5,56,3.3,-8.2,2.13,-2.9,4.8,0,966.9,28,1.8,3.6,0,0,0,0,0,0,0,241,88,18,97
GVESTA,2001,2,26,0,-0.2,49.8,3,-9.4,1.94,-3,4.6,0,966.9,9,2,4.3,0,0,0,0,0,0,0,226,25,19,97
GVESTA,2001,2,26,1,-0.6,49.7,2.9,-9.8,1.87,-3.3,4,0,967.3,357,1.9,3.7,0,0,0,0,0,0,0,232,58,19,97
GVESTA,2001,2,26,2,-0.2,48.3,2.9,-9.8,1.87,-3.1,4.5,0,966.7,12,1.4,3,0,0,0,0,0,0,0,232,63,19,97
GVESTA,2001,2,26,3,-0.3,50.2,3,-9.4,1.94,-3.1,4.5,0,966.8,18,1.9,4.5,0,0,0,0,0,0,0,228,50,19,97
GVESTA,2001,2,26,4,-0.4,55.6,3.3,-8.2,2.13,-2.8,4.9,0,967.1,28,1.8,4.1,0,0,0,0,0,0,0,223,33,19,97
GVESTA,2001,2,26,5,-0.2,51.4,3.1,-9,2,-2.9,4.8,0,967.5,329,0.6,2.1,0,0,0,0,0,0,0,218,13,19,97
GVESTA,2001,2,26,6,-1.7,53.9,2.9,-9.8,1.87,-4.1,2.9,0,967.7,8,1.5,3,25,125,15,8,130,49,8,218,13,19,97
GVESTA,2001,2,26,7,-0.3,45.3,2.7,-10.7,1.74,-3.3,4,0,968,21,1.1,3.6,177,572,60,33,561,310,33,219,0,19,97
GVESTA,2001,2,26,8,0.7,46.7,3,-9.4,1.93,-2.4,5.5,0,967.7,41,2.3,7.5,342,744,84,50,643,535,50,222,0,19,97
GVESTA,2001,2,26,9,0.9,47.5,3.1,-9,2,-2.2,5.9,0,967.8,60,4.3,7.6,482,838,95,62,573,716,63,225,0,19,97
GVESTA,2001,2,26,10,1.5,42.7,2.9,-9.8,1.87,-2,6.2,0,967.4,61,3.8,7.7,576,879,102,71,408,832,72,228,0,19,97
GVESTA,2001,2,26,11,2.1,38.1,2.7,-10.7,1.74,-1.8,6.5,0,967.1,47,3.9,7.3,620,914,98,73,162,892,117,232,0,19,97
GVESTA,2001,2,26,12,2.6,35.3,2.6,-11.2,1.68,-1.6,6.8,0,966,58,3.2,6,592,854,116,76,76,840,331,234,0,19,97
GVESTA,2001,2,26,13,3.4,29.5,2.3,-12.7,1.49,-1.4,7.1,0,965.3,78,2.6,5.7,524,853,100,67,67,765,520,233,0,19,97
GVESTA,2001,2,26,14,3.6,24.1,1.9,-15,1.23,-1.6,6.7,0,964.7,73,1.5,4.7,400,772,93,56,57,603,623,232,0,19,97
GVESTA,2001,2,26,15,4.4,26.2,2.2,-13.3,1.42,-0.9,8,0,964.1,119,1.9,4.9,243,642,74,41,41,396,608,231,0,19,97
GVESTA,2001,2,26,16,4.3,28.9,2.4,-12.2,1.55,-0.8,8.2,0,963.2,111,1.5,3.2,75,332,37,20,20,144,340,230,0,19,97
GVESTA,2001,2,26,17,4.2,31.5,2.6,-11.2,1.68,-0.6,8.4,0,963.2,114,1,2.4,0,0,0,0,0,0,0,229,0,19,97
GVESTA,2001,2,26,18,2.7,37.6,2.8,-10.3,1.81,-1.4,7.2,0,963.2,360,0.2,1.1,0,0,0,0,0,0,0,231,20,19,97
GVESTA,2001,2,26,19,2.3,42.9,3.1,-9,2.01,-1.3,7.3,0,962.4,248,0.5,1.9,0,0,0,0,0,0,0,226,0,19,97
GVESTA,2001,2,26,20,2,43.9,3.1,-9,2.01,-1.5,7,0,962.1,270,0.2,1.6,0,0,0,0,0,0,0,224,0,19,97
GVESTA,2001,2,26,21,1.8,44.5,3.1,-9,2.01,-1.6,6.8,0,961.1,0,0,0.7,0,0,0,0,0,0,0,222,0,19,97
GVESTA,2001,2,26,22,0.6,50,3.2,-8.6,2.08,-2.3,5.8,0,960.7,0,0,0.7,0,0,0,0,0,0,0,230,58,19,97
GVESTA,2001,2,26,23,0,53.9,3.3,-8.2,2.15,-2.6,5.3,0,960.1,0,0,0.9,0,0,0,0,0,0,0,229,63,19,97
GVESTA,2001,2,27,0,-1.2,58.9,3.3,-8.2,2.15,-3.4,4.1,0,959.5,248,0.6,1.8,0,0,0,0,0,0,0,222,25,19,97
GVESTA,2001,2,27,1,-1.7,63,3.4,-7.8,2.21,-3.6,3.8,0,959,252,0.9,1.5,0,0,0,0,0,0,0,222,25,19,97
GVESTA,2001,2,27,2,-1.8,63.5,3.4,-7.8,2.22,-3.7,3.7,0,958.1,270,0.3,1.5,0,0,0,0,0,0,0,230,63,19,97
GVESTA,2001,2,27,3,-1.4,61.7,3.4,-7.8,2.22,-3.4,4.1,0,957.6,270,0.1,1.3,0,0,0,0,0,0,0,233,75,19,97
GVESTA,2001,2,27,4,-1.4,63.6,3.5,-7.4,2.28,-3.3,4.3,0,957.3,0,0,0.9,0,0,0,0,0,0,0,234,80,19,97
GVESTA,2001,2,27,5,-1.9,66,3.5,-7.4,2.28,-3.6,3.8,0,956.9,180,0.1,1.3,0,0,0,0,0,0,0,238,100,19,97
GVESTA,2001,2,27,6,-2,64.5,3.4,-7.8,2.22,-3.8,3.5,0,956.3,360,0.1,1.4,2,0,2,1,1,1,1,241,100,19,97
GVESTA,2001,2,27,7,-0.9,62.7,3.6,-7.1,2.35,-2.9,4.9,0,956,360,0.2,1.5,120,147,93,52,192,120,51,248,100,19,97
GVESTA,2001,2,27,8,0.3,62.5,3.9,-6,2.55,-1.8,6.7,0,955.9,45,1,3,247,214,169,91,273,245,90,254,100,19,97
GVESTA,2001,2,27,9,1.4,54.7,3.7,-6.7,2.42,-1.3,7.4,0,955,50,1.7,3.7,414,476,190,97,422,502,97,255,68,19,97
GVESTA,2001,2,27,10,2.7,51,3.8,-6.4,2.49,-0.4,8.9,0,954.5,76,2.1,5.1,482,463,230,117,338,561,116,269,75,19,97
GVESTA,2001,2,27,11,3.5,45.7,3.6,-7.1,2.36,-0.1,9.4,0,953.8,56,1.8,4.9,519,490,236,121,184,609,173,276,63,19,97
GVESTA,2001,2,27,12,4.6,41.3,3.5,-7.4,2.29,0.4,10.4,0,952.6,66,1.8,5.2,475,388,257,132,131,519,289,294,88,19,97
GVESTA,2001,2,27,13,4.9,36.9,3.2,-8.6,2.1,0.3,10.2,0,952.1,69,1.7,4.4,165,2,163,94,93,94,94,297,100,19,97
GVESTA,2001,2,27,14,5.4,33.4,3,-9.4,1.97,0.5,10.4,0,951.8,56,1.4,3.4,290,282,182,98,97,304,328,290,88,19,97
GVESTA,2001,2,27,15,5.9,34.4,3.2,-8.6,2.1,0.9,11.2,0,951.3,43,2.1,3.6,114,118,78,42,42,117,149,292,100,19,97
GVESTA,2001,2,27,16,5.6,41.6,3.8,-6.4,2.5,1.3,11.9,0,951,63,1.9,3.8,31,58,28,16,16,32,72,290,100,19,97
GVESTA,2001,2,27,17,5.4,43.5,3.9,-6,2.56,1.3,11.8,0,950.8,85,1.2,2.7,0,0,0,0,0,0,0,287,100,19,97
GVESTA,2001,2,27,18,4.9,46.1,4,-5.7,2.63,1,11.5,0,950.9,90,0.5,1.9,0,0,0,0,0,0,0,285,100,19,97
GVESTA,2001,2,27,19,5.2,46.2,4.1,-5.4,2.69,1.3,12,0,951,0,0,0,0,0,0,0,0,0,0,283,100,19,97
GVESTA,2001,2,27,20,3.7,51.3,4.1,-5.4,2.69,0.4,10.5,0,951.4,315,0.2,2,0,0,0,0,0,0,0,280,100,19,97
GVESTA,2001,2,27,21,3.4,54.1,4.2,-5,2.76,0.4,10.3,0,951.2,243,0.3,1.6,0,0,0,0,0,0,0,278,100,19,97
GVESTA,2001,2,27,22,3.1,55.2,4.2,-5,2.76,0.2,10,0,951.9,270,0.2,1.6,0,0,0,0,0,0,0,277,100,19,97
GVESTA,2001,2,27,23,3.4,54.1,4.2,-5,2.76,0.4,10.3,0,951.7,0,0,0,0,0,0,0,0,0,0,276,100,19,97
GVESTA,2001,2,28,0,3.3,59.6,4.6,-3.8,3.02,0.6,10.9,0,951.6,143,0.6,2.8,0,0,0,0,0,0,0,275,100,19,97
GVESTA,2001,2,28,1,2.6,66.5,4.9,-3,3.22,0.5,10.7,0,951.1,354,1,3.5,0,0,0,0,0,0,0,275,100,19,97
GVESTA,2001,2,28,2,3.1,65.6,5,-2.7,3.29,0.9,11.3,0,950.6,270,0.2,1.2,0,0,0,0,0,0,0,274,100,19,97
GVESTA,2001,2,28,3,3,66.1,5,-2.7,3.29,0.8,11.2,0,950.2,225,0.1,1.1,0,0,0,0,0,0,0,273,100,19,97
GVESTA,2001,2,28,4,3.1,66.6,5.1,-2.5,3.36,0.9,11.5,0,950.3,0,0,0.9,0,0,0,0,0,0,0,273,100,19,97
GVESTA,2001,2,28,5,2.5,72.7,5.3,-1.9,3.49,0.8,11.2,0,950.4,256,0.8,3,0,0,0,0,0,0,0,272,100,19,97
GVESTA,2001,2,28,6,2.3,77.6,5.6,-1.2,3.69,0.9,11.5,0,950.4,270,1.6,3.6,2,0,2,1,1,1,1,272,100,19,97
GVESTA,2001,2,28,7,3,75.5,5.7,-0.9,3.75,1.4,12.4,0,950.6,90,0.8,1.9,12,0,12,7,7,7,7,273,100,19,97
GVESTA,2001,2,28,8,2.7,78.3,5.8,-0.7,3.82,1.3,12.3,0,950.9,37,1.2,2.8,26,0,26,15,15,15,15,275,100,19,97
GVESTA,2001,2,28,9,3.4,74.5,5.8,-0.7,3.82,1.7,13,0,950.9,346,0.9,3.6,89,0,89,51,51,50,51,280,100,19,97
GVESTA,2001,2,28,10,4,70.3,5.7,-0.9,3.75,2,13.4,0,950.4,23,0.8,3,185,5,182,105,106,107,103,285,100,19,97
GVESTA,2001,2,28,11,5.2,57.5,5.1,-2.5,3.36,2.2,13.6,0,949.9,270,1.2,3.7,399,178,295,160,175,343,192,290,100,19,97
GVESTA,2001,2,28,12,6.4,45.9,4.4,-4.4,2.9,2.3,13.7,0,949.3,251,3.1,6.2,319,121,249,137,136,259,181,293,100,19,97
GVESTA,2001,2,28,13,7.1,40.5,4.1,-5.4,2.7,2.4,13.9,0,949.6,237,3.8,9.6,372,262,242,130,129,363,302,288,88,19,97
GVESTA,2001,2,28,14,8.2,36.7,4,-5.7,2.63,2.9,14.9,0,949.6,246,5.7,10.3,232,129,176,97,96,201,197,292,100,19,97
GVESTA,2001,2,28,15,7.8,39.8,4.2,-5,2.76,2.9,14.8,0,949.9,252,6.7,11,116,191,71,39,38,137,218,287,88,19,97
GVESTA,2001,2,28,16,6.6,44.5,4.3,-4.8,2.82,2.3,13.7,0,950.6,239,6.1,10.5,83,326,43,23,23,142,339,287,88,19,97
GVESTA,2001,2,28,17,5.6,51.7,4.6,-3.8,3.03,2,13.2,0,951.3,229,4,9,0,0,0,0,0,0,0,292,100,19,97
GVESTA,2001,2,28,18,4.7,59.8,5,-2.8,3.3,1.8,13,0,952,243,6.1,10,0,0,0,0,0,0,0,291,100,19,97
GVESTA,2001,2,28,19,4,67.1,5.4,-1.8,3.53,1.7,12.8,0,952.6,228,4.4,9.8,0,0,0,0,0,0,0,290,100,19,97
GVESTA,2001,2,28,20,4,69.1,5.5,-1.5,3.62,1.8,13,0,953.8,229,4.2,8.3,0,0,0,0,0,0,0,284,88,19,97
GVESTA,2001,2,28,21,4.2,70.2,5.7,-1,3.74,2.1,13.6,0,955.6,227,3.9,9.2,0,0,0,0,0,0,0,287,100,19,97
GVESTA,2001,2,28,22,4.4,70.9,5.9,-0.6,3.83,2.3,14,0,957.3,228,4.6,9.7,0,0,0,0,0,0,0,286,100,19,97
GVESTA,2001,2,28,23,5,69.1,5.9,-0.4,3.88,2.8,14.8,0,959.5,228,4.1,8.3,0,0,0,0,0,0,0,285,100,19,97
GVESTA,2002,3,1,0,5.8,66.5,6,-0.2,3.92,3.2,15.6,0,961.6,220,2.3,4.5,0,0,0,0,0,0,0,288,70,21,97
GVESTA,2002,3,1,1,6.4,64.5,6.1,0,3.97,3.6,16.4,0,963.7,247,2.1,3.9,0,0,0,0,0,0,0,292,40,21,97
GVESTA,2002,3,1,2,6.7,63.9,6.2,0.2,4.03,3.9,16.9,0,965,252,1.9,3.2,0,0,0,0,0,0,0,306,75,21,97
GVESTA,2002,3,1,3,7,63.3,6.3,0.5,4.09,4.2,17.4,0,966.3,292,1,2.4,0,0,0,0,0,0,0,301,68,21,97
GVESTA,2002,3,1,4,7,64.8,6.5,0.8,4.19,4.3,17.5,0,966.9,27,0.3,1.3,0,0,0,0,0,0,0,306,80,21,97
GVESTA,2002,3,1,5,6.7,67,6.5,1,4.24,4.2,17.4,0,966.8,56,0.4,1.3,0,0,0,0,0,0,0,313,100,21,97
GVESTA,2002,3,1,6,6.5,69,6.6,1.2,4.3,4.1,17.3,0,966.8,27,0.2,1.6,37,134,25,13,147,58,13,313,100,21,97
GVESTA,2002,3,1,7,6.1,71.2,6.7,1.3,4.34,4,17.1,0,966.8,54,1,2.4,100,46,90,52,95,75,52,317,100,21,97
GVESTA,2002,3,1,8,6,71.8,6.7,1.3,4.34,3.9,16.9,0,966.8,81,2,4.3,95,1,95,56,56,55,55,320,100,21,97
GVESTA,2002,3,1,9,6.6,71.9,7,1.9,4.54,4.5,18,0,967,60,2.2,4,55,0,55,32,32,32,32,323,100,21,97
GVESTA,2002,3,1,10,7.4,65.2,6.7,1.3,4.34,4.7,18.3,0,967.1,42,1.3,3.3,72,0,72,42,42,41,42,326,100,21,97
GVESTA,2002,3,1,11,7.7,62,6.5,0.9,4.21,4.7,18.3,0,966.8,52,1.7,3.3,60,0,60,35,35,34,35,328,100,21,97
GVESTA,2002,3,1,12,6.7,69.4,6.8,1.5,4.41,4.4,17.8,0.8,966.1,61,1.9,4.4,57,0,57,34,33,33,33,330,100,21,97
GVESTA,2002,3,1,13,5.6,80.4,7.3,2.5,4.74,4.2,17.5,2.6,965.5,55,1.7,4.1,46,0,46,27,27,27,27,329,100,21,97
GVESTA,2002,3,1,14,5.1,82.1,7.2,2.3,4.67,3.9,16.8,2.2,965.2,49,1,3.7,32,0,32,19,18,18,18,329,100,21,97
GVESTA,2002,3,1,15,4.6,83.8,7.1,2.1,4.61,3.5,16.2,2.2,965.2,39,1.6,3.2,17,0,17,10,10,10,10,328,100,21,97
GVESTA,2002,3,1,16,4.2,81.4,6.7,1.3,4.35,3,15.1,2.1,965.4,31,0.8,3,6,0,6,3,3,3,3,327,100,21,97
GVESTA,2002,3,1,17,3.7,83.1,6.6,1.1,4.28,2.6,14.4,1.7,965.7,278,0.7,1.8,0,0,0,0,0,0,0,326,100,21,97
GVESTA,2002,3,1,18,3.4,80.7,6.3,0.4,4.08,2.1,13.6,1.8,965.6,270,0.3,1.5,0,0,0,0,0,0,0,326,100,21,97
GVESTA,2002,3,1,19,3.6,78.4,6.2,0.2,4.02,2.2,13.7,1.3,965.8,297,0.2,1.4,0,0,0,0,0,0,0,325,100,21,97
GVESTA,2002,3,1,20,3.7,77.8,6.2,0.2,4.02,2.2,13.8,1.9,965.7,315,0.1,0.9,0,0,0,0,0,0,0,325,100,21,97
GVESTA,2002,3,1,21,3.9,75.6,6.1,0,3.95,2.3,13.8,2,965.7,0,0,0.2,0,0,0,0,0,0,0,324,100,21,97
GVESTA,2002,3,1,22,4,75.1,6.1,0,3.95,2.3,13.9,1.6,965.7,0,0,0,0,0,0,0,0,0,0,324,100,21,97
GVESTA,2002,3,1,23,3.8,76.2,6.1,0,3.95,2.2,13.7,1.4,965.7,225,0.1,1.1,0,0,0,0,0,0,0,324,100,21,97
GVESTA,2002,3,2,0,3.8,76.2,6.1,0,3.96,2.2,13.7,0.3,965.1,0,0,0.4,0,0,0,0,0,0,0,324,100,21,97
GVESTA,2002,3,2,1,3.2,80.6,6.2,0.2,4.02,2,13.3,1.2,965.5,233,0.6,2.7,0,0,0,0,0,0,0,324,100,21,97
GVESTA,2002,3,2,2,4,75.1,6.1,0,3.95,2.3,13.9,1.6,966.2,0,0,0,0,0,0,0,0,0,0,324,100,21,97
GVESTA,2002,3,2,3,4,75.1,6.1,0,3.95,2.3,13.9,1.4,966.7,0,0,0,0,0,0,0,0,0,0,325,100,21,97
GVESTA,2002,3,2,4,3.9,75.6,6.1,0,3.95,2.3,13.8,0.4,966.7,0,0,0.1,0,0,0,0,0,0,0,325,100,21,97
GVESTA,2002,3,2,5,3.8,77.3,6.2,0.2,4.01,2.3,13.9,0.2,967.2,0,0,0,0,0,0,0,0,0,0,325,100,21,97
GVESTA,2002,3,2,6,4,77.3,6.3,0.4,4.08,2.5,14.2,0.7,967.6,0,0,0.2,2,0,2,1,1,1,1,326,100,21,97
GVESTA,2002,3,2,7,3.2,81.8,6.3,0.4,4.07,2,13.4,0.1,968,297,0.4,2.8,17,0,17,10,10,10,10,327,100,21,97
GVESTA,2002,3,2,8,3.2,83,6.4,0.6,4.14,2.1,13.6,0,967.8,315,0.6,3.1,27,0,27,16,16,15,15,327,100,21,97
GVESTA,2002,3,2,9,3.4,84.9,6.6,1.1,4.27,2.4,14.1,0,967.7,252,0.9,3,65,0,65,38,38,37,38,328,100,21,97
GVESTA,2002,3,2,10,3.9,85.5,6.9,1.7,4.47,2.9,15.1,0,967.6,329,0.7,3.7,55,0,55,32,32,32,32,329,100,21,97
GVESTA,2002,3,2,11,4.2,86.2,7.1,2.1,4.6,3.3,15.7,0,967.6,45,1,3.4,67,0,67,39,39,38,39,330,100,21,97
GVESTA,2002,3,2,12,4.5,86.8,7.3,2.5,4.73,3.6,16.4,0,967.7,135,0.6,2.3,59,0,59,34,34,34,34,330,100,21,97
GVESTA,2002,3,2,13,4.9,85.6,7.4,2.7,4.8,3.9,16.9,0,967.3,5,1.2,4.6,93,0,93,55,54,53,54,329,100,21,97
GVESTA,2002,3,2,14,5.3,83.3,7.4,2.7,4.8,4.1,17.4,0,967.2,27,0.9,2.6,34,0,34,20,20,19,20,329,100,21,97
GVESTA,2002,3,2,15,5.6,83.3,7.6,3,4.93,4.4,18,0,967,90,1.4,2.8,18,0,18,10,10,10,10,329,100,21,97
GVESTA,2002,3,2,16,5.6,84.5,7.7,3.2,4.99,4.5,18.2,0.1,966.7,86,1.4,2.5,6,0,6,3,3,3,3,328,100,21,97
GVESTA,2002,3,2,17,5.8,84.5,7.8,3.4,5.06,4.7,18.5,0.3,966.6,83,0.9,2.6,0,0,0,0,0,0,0,327,100,21,97
GVESTA,2002,3,2,18,6.1,82.8,7.8,3.4,5.06,4.9,18.8,0,966.9,360,0.9,4,0,0,0,0,0,0,0,327,100,21,97
GVESTA,2002,3,2,19,6.3,81.7,7.8,3.4,5.06,5,19,0.2,967,240,0.9,2.4,0,0,0,0,0,0,0,325,100,21,97
GVESTA,2002,3,2,20,6.2,82.2,7.8,3.4,5.06,4.9,18.9,0.1,967.4,319,1,2.7,0,0,0,0,0,0,0,324,100,21,97
GVESTA,2002,3,2,21,6.8,77.8,7.7,3.2,4.99,5.1,19.4,0,968,360,0.3,2,0,0,0,0,0,0,0,323,100,21,97
GVESTA,2002,3,2,22,6.6,78.9,7.7,3.2,4.99,5,19.2,0.1,968.2,326,0.4,2.1,0,0,0,0,0,0,0,321,100,21,97
GVESTA,2002,3,2,23,6.8,76.7,7.6,3,4.92,5,19.2,0,968.4,270,0.2,1.1,0,0,0,0,0,0,0,320,100,21,97
GVESTA,2002,3,3,0,6.2,79.9,7.6,3,4.92,4.7,18.6,0,968.7,243,0.6,2.1,0,0,0,0,0,0,0,318,100,21,97
GVESTA,2002,3,3,1,6.2,79.9,7.6,3,4.92,4.7,18.6,0,969,297,0.5,2.5,0,0,0,0,0,0,0,317,100,21,97
GVESTA,2002,3,3,2,6.3,79.4,7.6,3,4.91,4.8,18.7,0,969.4,225,0.6,2.1,0,0,0,0,0,0,0,316,100,21,97
GVESTA,2002,3,3,3,6,79.3,7.4,2.7,4.78,4.5,18,0,970.2,96,1,2,0,0,0,0,0,0,0,314,100,21,97
GVESTA,2002,3,3,4,5.7,79.9,7.3,2.5,4.71,4.3,17.5,0,971.2,270,0.3,1.1,0,0,0,0,0,0,0,313,100,21,97
GVESTA,2002,3,3,5,5.4,79.2,7.1,2.1,4.58,3.9,16.9,0,972.2,225,0.2,1.3,0,0,0,0,0,0,0,311,100,21,97
GVESTA,2002,3,3,6,5,79.2,6.9,1.7,4.45,3.6,16.2,0,972.3,270,0.2,1.4,38,156,22,12,166,62,12,310,100,21,97
GVESTA,2002,3,3,7,5.1,79.8,7,1.9,4.51,3.7,16.4,0,973.2,315,0.2,1.4,139,214,97,55,261,150,54,301,75,21,97
GVESTA,2002,3,3,8,6.1,78.8,7.4,2.7,4.76,4.6,18.1,0,973.4,270,0.1,1,313,434,151,82,452,378,81,293,55,21,97
GVESTA,2002,3,3,9,6.6,72.9,7.1,2.1,4.57,4.6,18.1,0,973.6,119,1.1,3,464,643,153,90,514,599,90,284,33,21,97
GVESTA,2002,3,3,10,7.2,66.1,6.7,1.3,4.31,4.6,18.1,0,974,90,1.9,4,548,648,181,103,385,691,103,289,40,21,97
GVESTA,2002,3,3,11,7.9,61.2,6.5,0.9,4.18,4.8,18.4,0,973.9,63,3.1,6.5,621,811,135,91,180,827,143,296,50,21,97
GVESTA,2002,3,3,12,8.2,56.2,6.1,0,3.92,4.6,18.1,0,973.9,56,4,6.7,531,545,211,122,122,627,299,300,55,21,97
GVESTA,2002,3,3,13,8.8,52,5.9,-0.5,3.79,4.8,18.4,0,974,49,3.9,6.8,456,503,187,112,111,537,380,302,63,21,97
GVESTA,2002,3,3,14,8.3,56.6,6.2,0.2,3.98,4.7,18.4,0,974.1,57,3.8,6.3,329,360,183,101,101,361,396,307,75,21,97
GVESTA,2002,3,3,15,8,57.8,6.2,0.2,3.98,4.6,18.1,0,974.1,52,3.6,5.9,255,534,96,55,55,352,534,296,55,21,97
GVESTA,2002,3,3,16,7.8,57.7,6.1,0,3.92,4.4,17.7,0,974.5,56,3.6,5.9,83,200,60,33,33,100,232,301,68,21,97
GVESTA,2002,3,3,17,7.3,61.5,6.3,0.4,4.05,4.3,17.5,0,974.7,38,2.3,4.9,0,0,0,0,0,0,0,284,38,21,97
GVESTA,2002,3,3,18,6.5,65,6.3,0.4,4.04,3.9,16.7,0,975.3,25,1.7,2.8,0,0,0,0,0,0,0,263,0,21,97
GVESTA,2002,3,3,19,6.9,64.1,6.4,0.6,4.11,4.2,17.2,0,975.6,27,0.7,2.2,0,0,0,0,0,0,0,260,0,21,97
GVESTA,2002,3,3,20,6.3,64,6.1,0,3.91,3.6,16.2,0,975.4,37,0.5,1.4,0,0,0,0,0,0,0,257,0,21,97
GVESTA,2002,3,3,21,6.6,59.6,5.8,-0.7,3.72,3.5,16,0,975.8,0,0,0.7,0,0,0,0,0,0,0,254,0,21,97
GVESTA,2002,3,3,22,5.1,63.7,5.6,-1.2,3.59,2.5,14.1,0,975.8,243,0.2,1.4,0,0,0,0,0,0,0,251,0,21,97
GVESTA,2002,3,3,23,2.9,71.7,5.4,-1.7,3.46,1.1,11.6,0,975.7,249,0.8,1.4,0,0,0,0,0,0,0,249,0,21,97
GVESTA,2002,3,4,0,2.6,73.2,5.4,-1.7,3.46,0.9,11.3,0,975.8,248,0.5,1.4,0,0,0,0,0,0,0,251,12,25,97
GVESTA,2002,3,4,1,1.8,74.7,5.2,-2.2,3.33,0.3,10.1,0,975.9,256,0.9,1.7,0,0,0,0,0,0,0,253,25,25,97
GVESTA,2002,3,4,2,1.6,74.1,5.1,-2.5,3.27,0.1,9.8,0,975.6,252,0.6,2.1,0,0,0,0,0,0,0,252,25,25,97
GVESTA,2002,3,4,3,2.6,70.6,5.2,-2.2,3.33,0.7,10.9,0,975.4,360,0.1,0.9,0,0,0,0,0,0,0,248,13,25,97
GVESTA,2002,3,4,4,2.7,68.5,5.1,-2.5,3.27,0.7,10.9,0,975.2,270,0.2,0.9,0,0,0,0,0,0,0,243,0,25,97
GVESTA,2002,3,4,5,2.8,69.6,5.2,-2.2,3.33,0.9,11.1,0,975.3,236,0.4,1.3,0,0,0,0,0,0,0,242,0,25,97
GVESTA,2002,3,4,6,3.1,73.3,5.6,-1.2,3.59,1.4,12.1,0,975.7,288,0.4,1.2,27,42,23,14,55,27,13,258,50,25,97
GVESTA,2002,3,4,7,3.7,75.6,6,-0.2,3.85,2.1,13.4,0,975.7,82,0.7,3.1,134,114,108,65,175,119,64,266,60,25,97
GVESTA,2002,3,4,8,3.8,78.4,6.3,0.4,4.04,2.4,13.9,0,975.8,85,2.2,5.3,218,94,183,110,193,172,108,288,88,25,97
GVESTA,2002,3,4,9,4,75.1,6.1,0,3.91,2.3,13.8,0,975.8,85,2.2,4.5,324,136,256,151,249,269,149,294,75,25,97
GVESTA,2002,3,4,10,5.2,70.1,6.2,0.2,3.98,3.1,15.2,0,975.4,118,2.2,4.9,484,378,267,152,339,520,152,283,55,25,97
GVESTA,2002,3,4,11,5.5,66.7,6,-0.2,3.85,3.1,15.2,0,974.7,103,2.4,5,540,453,267,152,229,606,201,268,45,25,97
GVESTA,2002,3,4,12,6.4,62.6,6,-0.2,3.86,3.6,16.1,0,973.7,70,2.5,5.6,597,729,170,115,116,772,371,236,13,25,97
GVESTA,2002,3,4,13,7.5,58.1,6,-0.2,3.86,4.2,17.2,0,972.8,72,2.6,6.1,568,889,99,88,88,794,563,224,0,25,97
GVESTA,2002,3,4,14,8.1,56.6,6.1,0,3.93,4.6,18,0,971.9,59,3.8,6.3,453,819,104,76,76,642,690,225,0,25,97
GVESTA,2002,3,4,15,8.7,54.3,6.1,0,3.93,4.9,18.6,0,971.2,57,3.4,6.4,294,684,95,59,59,430,680,226,0,25,97
GVESTA,2002,3,4,16,8.9,54.4,6.2,0.2,4,5.1,19,0,971.3,41,2.4,5,108,385,54,31,31,168,411,228,0,25,97
GVESTA,2002,3,4,17,8.2,57,6.2,0.2,4,4.7,18.3,0,971.4,29,1.1,2.5,0,0,0,0,0,0,0,229,0,25,97
GVESTA,2002,3,4,18,8.2,56.2,6.1,0,3.93,4.6,18.1,0,971.7,0,0,1,0,0,0,0,0,0,0,230,0,25,97
GVESTA,2002,3,4,19,6.9,64.1,6.4,0.6,4.12,4.2,17.3,0,971.7,53,0.5,1.6,0,0,0,0,0,0,0,228,0,25,97
GVESTA,2002,3,4,20,6.2,66.3,6.3,0.4,4.06,3.7,16.4,0,971.6,360,0.1,1.1,0,0,0,0,0,0,0,269,33,25,97
GVESTA,2002,3,4,21,6,66.3,6.2,0.2,4,3.5,16.1,0,970.6,0,0,1.2,0,0,0,0,0,0,0,279,33,25,97
GVESTA,2002,3,4,22,4,72.4,5.9,-0.5,3.8,2.2,13.5,0,970.8,256,0.4,1,0,0,0,0,0,0,0,288,60,25,97
GVESTA,2002,3,4,23,3.1,76.1,5.8,-0.7,3.74,1.6,12.5,0,970.2,254,0.7,1.4,0,0,0,0,0,0,0,274,40,25,97
GVESTA,2002,3,5,0,3,73.8,5.6,-1.2,3.61,1.3,12.1,0,969.4,243,0.2,1.5,0,0,0,0,0,0,0,285,70,23,97
GVESTA,2002,3,5,1,2.5,75.4,5.5,-1.4,3.55,1,11.4,0,968.4,0,0.1,0.8,0,0,0,0,0,0,0,296,100,23,97
GVESTA,2002,3,5,2,2.6,76,5.6,-1.2,3.62,1.1,11.7,0,966.7,45,0.2,1.1,0,0,0,0,0,0,0,298,100,23,97
GVESTA,2002,3,5,3,1.8,77.5,5.4,-1.7,3.49,0.4,10.5,0,967.2,252,0.7,1.5,0,0,0,0,0,0,0,299,100,23,97
GVESTA,2002,3,5,4,1.5,79.2,5.4,-1.7,3.49,0.3,10.2,0,967.4,259,1.6,2.8,0,0,0,0,0,0,0,301,100,23,97
GVESTA,2002,3,5,5,2.2,77,5.5,-1.4,3.56,0.8,11.1,0,966.9,270,0.5,2.4,0,0,0,0,0,0,0,302,100,23,97
GVESTA,2002,3,5,6,2.4,78.8,5.7,-0.9,3.69,1.1,11.6,0,967.2,135,0.7,2.4,3,0,3,2,2,2,2,305,100,23,97
GVESTA,2002,3,5,7,2.8,77.7,5.8,-0.7,3.75,1.4,12.2,0,967.1,342,0.9,3.1,14,0,14,9,9,8,9,311,100,23,97
GVESTA,2002,3,5,8,3.6,80.7,6.4,0.6,4.14,2.3,14,0,967.3,100,1.2,3.4,58,0,58,35,34,34,34,317,100,23,97
GVESTA,2002,3,5,9,4.3,80.8,6.7,1.3,4.34,3,15.2,0,967.9,315,0.7,2.5,91,0,91,55,54,53,54,322,100,23,97
GVESTA,2002,3,5,10,5.1,76.4,6.7,1.3,4.34,3.4,16,0,967.4,360,0.8,2.4,178,0,178,106,106,104,105,325,100,23,97
GVESTA,2002,3,5,11,6.2,68.8,6.5,0.9,4.21,3.9,16.8,0,967.4,120,0.9,2.5,218,2,217,130,129,129,128,327,100,23,97
GVESTA,2002,3,5,12,7,66,6.6,1.1,4.28,4.4,17.8,0,966.5,58,1,2.9,441,238,300,169,168,407,275,329,100,23,97
GVESTA,2002,3,5,13,7.9,62.1,6.6,1.1,4.28,4.9,18.7,0,965.4,72,1.6,3.8,384,237,260,148,147,359,308,318,88,23,97
GVESTA,2002,3,5,14,8.8,58.4,6.6,1.1,4.28,5.3,19.6,0,965.3,108,1,3.1,235,151,165,95,94,215,214,329,100,23,97
GVESTA,2002,3,5,15,8.8,57.6,6.5,0.9,4.22,5.3,19.5,0,964.9,97,1.7,3.7,100,5,99,59,59,60,63,329,100,23,97
GVESTA,2002,3,5,16,9,59.3,6.8,1.5,4.41,5.6,20.1,0,965.2,59,1.3,3.3,22,0,22,13,13,13,13,329,100,23,97
GVESTA,2002,3,5,17,9.2,60.2,7,1.9,4.54,5.8,20.7,0,965.2,45,0.8,2.1,0,0,0,0,0,0,0,328,100,23,97
GVESTA,2002,3,5,18,8.6,66.4,7.4,2.7,4.8,5.9,20.7,0,966,117,0.6,2,0,0,0,0,0,0,0,328,100,23,97
GVESTA,2002,3,5,19,9,63.7,7.3,2.5,4.73,6,21,0,966.3,304,0.4,1.8,0,0,0,0,0,0,0,327,100,23,97
GVESTA,2002,3,5,20,8.8,65.5,7.4,2.7,4.8,6,20.9,0,966.4,304,0.5,1.1,0,0,0,0,0,0,0,326,100,23,97
GVESTA,2002,3,5,21,9.1,65.6,7.6,3,4.93,6.2,21.6,0,965.7,72,0.5,2.1,0,0,0,0,0,0,0,316,88,23,97
GVESTA,2002,3,5,22,7.6,73.6,7.7,3.2,5,5.5,20.2,0,965.7,315,0.7,2.2,0,0,0,0,0,0,0,325,100,23,97
GVESTA,2002,3,5,23,7.6,71.1,7.4,2.7,4.81,5.3,19.7,0,965.3,225,0.4,1.7,0,0,0,0,0,0,0,324,100,23,97
GVESTA,2002,3,6,0,7.3,70.5,7.2,2.3,4.68,5,19.1,0,964.8,0,0,0,0,0,0,0,0,0,0,323,100,23,97
GVESTA,2002,3,6,1,6.2,75,7.1,2.1,4.61,4.4,17.8,0,964.4,239,0.6,1.8,0,0,0,0,0,0,0,322,100,23,97
GVESTA,2002,3,6,2,5.8,74.9,6.9,1.7,4.48,4,17.1,0,964.2,270,0.6,2.2,0,0,0,0,0,0,0,322,100,23,97
GVESTA,2002,3,6,3,5.8,74.9,6.9,1.7,4.49,4,17.1,0,963.2,45,0.5,1.4,0,0,0,0,0,0,0,321,100,23,97
GVESTA,2002,3,6,4,5.5,75.4,6.8,1.5,4.42,3.7,16.6,0,963.9,263,1,2.7,0,0,0,0,0,0,0,321,100,23,97
GVESTA,2002,3,6,5,6.1,72.3,6.8,1.5,4.42,4.1,17.2,0,964.3,243,0.8,2.6,0,0,0,0,0,0,0,320,100,23,97
GVESTA,2002,3,6,6,5,75.8,6.6,1.1,4.28,3.3,15.8,0,964.7,18,1.2,5.2,42,167,22,13,178,64,13,307,63,23,97
GVESTA,2002,3,6,7,6.7,74.5,7.3,2.5,4.74,4.8,18.6,0,964.9,30,1.6,4.5,197,463,85,50,489,265,50,294,20,23,97
GVESTA,2002,3,6,8,7.8,68.1,7.2,2.3,4.67,5.3,19.6,0,966.1,270,0.7,2.5,344,563,128,78,549,439,78,307,50,23,97
GVESTA,2002,3,6,9,8.2,65.4,7.1,2.1,4.6,5.4,19.8,0,966.7,158,1,3.2,426,425,209,118,413,476,118,314,75,23,97
GVESTA,2002,3,6,10,8.7,63.2,7.1,2.1,4.6,5.7,20.3,0,967.6,135,1,2.9,537,572,204,119,381,643,119,282,33,23,97
GVESTA,2002,3,6,11,9.9,58.3,7.1,2.1,4.59,6.3,21.5,0,968.2,90,0.7,2.8,537,467,250,142,219,599,189,284,33,23,97
GVESTA,2002,3,6,12,11.5,53.9,7.3,2.5,4.73,7.2,23.5,0,967.8,250,1.6,4.7,587,710,161,107,108,743,342,272,13,23,97
GVESTA,2002,3,6,13,12,52.9,7.4,2.7,4.79,7.5,24.2,0,967.6,252,2.3,5.1,545,815,107,85,86,730,527,262,0,23,97
GVESTA,2002,3,6,14,12.6,52.7,7.7,3.2,4.99,8,25.3,0,968.1,256,3.3,7.8,399,611,130,82,82,513,548,293,43,23,97
GVESTA,2002,3,6,15,11.2,56.6,7.5,2.9,4.85,7.2,23.5,0,969.1,246,5.3,8.5,157,131,122,72,71,137,196,316,75,23,97
GVESTA,2002,3,6,16,9.6,59.5,7.1,2.1,4.59,6.1,21.2,0,969.8,243,6.2,9.4,94,284,51,30,30,128,310,310,68,23,97
GVESTA,2002,3,6,17,8.5,64.1,7.1,2.1,4.58,5.6,20.1,0,970.7,241,5.5,8.5,0,0,0,0,0,0,0,333,100,23,97
GVESTA,2002,3,6,18,7.7,67.6,7.1,2.1,4.58,5.1,19.2,0,971.6,242,5.7,8.7,0,0,0,0,0,0,0,333,100,23,97
GVESTA,2002,3,6,19,7.2,70,7.1,2.1,4.57,4.9,18.7,0,973,241,5.7,8.5,0,0,0,0,0,0,0,332,100,23,97
GVESTA,2002,3,6,20,6.9,70.4,7,1.9,4.5,4.7,18.2,0,973.8,240,5.1,8,0,0,0,0,0,0,0,332,100,23,97
GVESTA,2002,3,6,21,7,69.9,7,1.9,4.5,4.7,18.3,0,974.8,242,3.9,6.9,0,0,0,0,0,0,0,331,100,23,97
GVESTA,2002,3,6,22,7.5,66.6,6.9,1.7,4.43,4.9,18.7,0,975.2,224,2.8,6.2,0,0,0,0,0,0,0,331,100,23,97
GVESTA,2002,3,6,23,7.3,67.5,6.9,1.7,4.43,4.8,18.5,0,975.5,218,3,6.5,0,0,0,0,0,0,0,330,100,23,97
GVESTA,2002,3,7,0,7.2,69,7,1.9,4.49,4.8,18.5,0,976.4,230,3.3,5.9,0,0,0,0,0,0,0,330,100,21,97
GVESTA,2002,3,7,1,7.3,69.5,7.1,2.1,4.56,4.9,18.8,0,976.6,227,2.7,5.4,0,0,0,0,0,0,0,329,100,21,97
GVESTA,2002,3,7,2,6.8,71.9,7.1,2.1,4.56,4.7,18.3,0,976.6,246,3.2,5.6,0,0,0,0,0,0,0,329,100,21,97
GVESTA,2002,3,7,3,6.7,72.4,7.1,2.1,4.55,4.6,18.2,0,976.9,252,2.9,4.9,0,0,0,0,0,0,0,328,100,21,97
GVESTA,2002,3,7,4,6.5,73.4,7.1,2.1,4.55,4.5,18,0,977.1,266,1.6,2.9,0,0,0,0,0,0,0,328,100,21,97
GVESTA,2002,3,7,5,7.3,69.5,7.1,2.1,4.55,4.9,18.8,0,977.2,0,0.3,1.6,0,0,0,0,0,0,0,325,88,21,97
GVESTA,2002,3,7,6,6.7,72.4,7.1,2.1,4.55,4.6,18.2,0,977.7,287,1.1,3,45,166,25,14,179,64,14,322,75,21,97
GVESTA,2002,3,7,7,6.9,73.5,7.3,2.5,4.67,4.9,18.7,0,978.8,254,2.2,4,161,211,108,61,265,162,60,331,100,21,97
GVESTA,2002,3,7,8,8.2,67.3,7.3,2.5,4.67,5.6,20,0,979,252,1.5,3,340,530,122,75,497,419,75,310,63,21,97
GVESTA,2002,3,7,9,9.6,63,7.5,2.9,4.8,6.4,21.7,0,979.2,252,1.4,5,449,515,185,102,450,523,102,300,43,21,97
GVESTA,2002,3,7,10,11.3,56.6,7.6,3,4.86,7.3,23.6,0,979.5,246,2.2,4.8,439,326,250,141,308,437,140,311,58,21,97
GVESTA,2002,3,7,11,12.3,53.7,7.7,3.2,4.93,7.9,24.8,0,979.1,231,2.1,4.5,471,285,295,161,218,447,190,324,75,21,97
GVESTA,2002,3,7,12,13,52.1,7.8,3.4,5,8.3,25.7,0,978.3,217,1.3,3.9,549,552,216,119,119,635,333,302,40,21,97
GVESTA,2002,3,7,13,13.6,50.1,7.8,3.4,5,8.6,26.3,0,977.4,252,0.9,4.2,468,468,213,116,115,523,407,300,38,21,97
GVESTA,2002,3,7,14,14,50.2,8,3.8,5.13,8.9,27,0,977.6,17,1.9,5.5,396,600,136,80,80,491,550,290,25,21,97
GVESTA,2002,3,7,15,13.9,53,8.4,4.5,5.39,9.1,27.6,0,977.7,21,3.4,6,270,620,80,49,49,370,607,272,0,21,97
GVESTA,2002,3,7,16,13.1,56.3,8.5,4.6,5.45,8.8,26.9,0,977.8,17,3.9,7.6,104,353,49,28,28,147,375,280,13,21,97
GVESTA,2002,3,7,17,11.7,61.3,8.4,4.5,5.39,8.1,25.3,0,978,20,2.9,6,0,0,0,0,0,0,0,279,13,21,97
GVESTA,2002,3,7,18,11.2,65.6,8.7,5,5.58,8.1,25.3,0,978.8,114,1.4,2.8,0,0,0,0,0,0,0,278,13,21,97
GVESTA,2002,3,7,19,11.4,62.5,8.4,4.5,5.38,8,25,0,979.5,0,0,1,0,0,0,0,0,0,0,276,13,21,97
GVESTA,2002,3,7,20,10,67.7,8.3,4.3,5.31,7.2,23.4,0,980.5,95,1.1,3.6,0,0,0,0,0,0,0,274,13,21,97
GVESTA,2002,3,7,21,10.2,63.5,7.9,3.6,5.05,7,23,0,980.5,56,0.4,2.2,0,0,0,0,0,0,0,277,20,21,97
GVESTA,2002,3,7,22,9.2,68.9,8,3.8,5.12,6.6,22.1,0,980.4,297,0.5,1.6,0,0,0,0,0,0,0,275,20,21,97
GVESTA,2002,3,7,23,9.5,70,8.3,4.3,5.31,7,22.9,0,980.3,13,1.8,3.3,0,0,0,0,0,0,0,289,40,21,97
GVESTA,2002,3,8,0,10.7,63.7,8.2,4.1,5.25,7.5,24,0,980.4,111,0.9,3.8,0,0,0,0,0,0,0,286,39,19,97
GVESTA,2002,3,8,1,10.7,64.6,8.3,4.3,5.31,7.6,24.1,0,980.4,127,0.5,2,0,0,0,0,0,0,0,283,38,19,97
GVESTA,2002,3,8,2,9.9,66.2,8.1,3.9,5.18,7,23,0,980.1,243,0.2,1.1,0,0,0,0,0,0,0,252,0,19,97
GVESTA,2002,3,8,3,9.1,66.5,7.7,3.2,4.93,6.3,21.5,0,980.1,0,0,0.9,0,0,0,0,0,0,0,266,0,19,97
GVESTA,2002,3,8,4,7.5,71.6,7.4,2.7,4.73,5.3,19.4,0,980.6,243,0.5,1.3,0,0,0,0,0,0,0,279,0,19,97
GVESTA,2002,3,8,5,7.1,73.5,7.4,2.7,4.73,5.1,19,0,980.6,270,0.5,1.5,0,0,0,0,0,0,0,277,0,19,97
GVESTA,2002,3,8,6,6.7,75.6,7.4,2.7,4.73,4.9,18.6,0,980.2,261,0.6,1.7,57,194,32,18,210,76,17,267,13,19,97
GVESTA,2002,3,8,7,8.6,74.3,8.3,4.3,5.31,6.5,22,0,980.8,270,0.4,1.8,231,621,70,40,620,321,40,246,0,19,97
GVESTA,2002,3,8,8,9.9,70.5,8.6,4.8,5.5,7.4,23.8,0,980.5,78,2.4,8.3,394,740,96,59,657,520,59,265,20,19,97
GVESTA,2002,3,8,9,10.9,67.4,8.8,5.1,5.64,8,25.2,0,979.8,71,5.8,11.4,499,660,153,88,504,607,88,266,20,19,97
GVESTA,2002,3,8,10,12.1,63.1,8.9,5.3,5.7,8.6,26.5,0,979.7,75,5.3,10.4,594,727,164,96,410,725,96,260,13,19,97
GVESTA,2002,3,8,11,12.9,59,8.8,5.1,5.64,8.9,27.2,0,978.9,70,5.7,10.6,670,893,112,83,171,858,133,249,0,19,97
GVESTA,2002,3,8,12,14.5,48.9,8.1,3.9,5.19,9.2,27.7,0,978,77,4.8,11.1,579,591,220,114,114,665,346,291,40,19,97
GVESTA,2002,3,8,13,14.9,47.7,8.1,3.9,5.2,9.3,28.1,0,976.9,68,4,9.4,571,842,110,75,75,736,536,251,0,19,97
GVESTA,2002,3,8,14,16,41.7,7.6,3,4.88,9.5,28.4,0,976.4,62,4.2,7.7,442,756,106,65,65,574,637,252,0,19,97
GVESTA,2002,3,8,15,16,40.8,7.4,2.7,4.75,9.4,28.1,0,976.1,61,4.5,7.7,280,612,90,50,50,368,606,253,0,19,97
GVESTA,2002,3,8,16,15.8,40.7,7.3,2.5,4.69,9.2,27.7,0,976,57,4.2,6.7,108,351,55,30,29,144,377,278,25,19,97
GVESTA,2002,3,8,17,14.6,41.6,6.9,1.7,4.43,8.4,25.9,0,976.7,65,3.1,5.9,0,0,0,0,0,0,0,267,13,19,97
GVESTA,2002,3,8,18,13,47.5,7.1,2.1,4.55,7.8,24.6,0,977.1,270,0.5,2.2,0,0,0,0,0,0,0,255,0,19,97
GVESTA,2002,3,8,19,13,46.8,7,1.9,4.49,7.7,24.4,0,976.9,225,0.2,1.5,0,0,0,0,0,0,0,264,13,19,97
GVESTA,2002,3,8,20,10.7,53.7,6.9,1.7,4.43,6.5,21.9,0,976.7,270,0.3,1.3,0,0,0,0,0,0,0,251,0,19,97
GVESTA,2002,3,8,21,9.8,57.8,7,1.9,4.49,6.1,21.1,0,977.2,248,0.5,1.3,0,0,0,0,0,0,0,260,13,19,97
GVESTA,2002,3,8,22,8.8,60.1,6.8,1.5,4.36,5.5,19.8,0,976.7,259,0.5,1.4,0,0,0,0,0,0,0,248,0,19,97
GVESTA,2002,3,8,23,7.5,64.7,6.7,1.3,4.3,4.7,18.3,0,976.7,243,0.5,1.1,0,0,0,0,0,0,0,246,0,19,97
GVESTA,2002,3,9,0,6.8,67,6.6,1.1,4.23,4.3,17.5,0,976.3,243,0.5,1.3,0,0,0,0,0,0,0,272,25,20,97
GVESTA,2002,3,9,1,5.8,70.7,6.5,0.9,4.17,3.7,16.3,0,975.7,254,0.8,1.5,0,0,0,0,0,0,0,299,50,20,97
GVESTA,2002,3,9,2,6,69.7,6.5,0.9,4.17,3.8,16.5,0,975,252,0.3,1.3,0,0,0,0,0,0,0,299,55,20,97
GVESTA,2002,3,9,3,4.8,74.2,6.4,0.6,4.11,3,15.1,0,974.7,254,0.8,2,0,0,0,0,0,0,0,313,88,20,97
GVESTA,2002,3,9,4,4.4,76.3,6.4,0.6,4.11,2.8,14.7,0,974.5,257,0.9,2.7,0,0,0,0,0,0,0,317,100,20,97
GVESTA,2002,3,9,5,4.9,73.7,6.4,0.6,4.11,3.1,15.2,0,974.4,225,0.3,1.5,0,0,0,0,0,0,0,315,100,20,97
GVESTA,2002,3,9,6,5.3,74.3,6.6,1.1,4.24,3.5,16,0,974.4,297,0.3,1.6,58,141,38,22,163,64,22,310,88,20,97
GVESTA,2002,3,9,7,5.7,74.3,6.8,1.5,4.37,3.9,16.7,0,974.5,333,0.4,1.8,204,386,104,56,428,237,56,308,68,20,97
GVESTA,2002,3,9,8,7.9,74.2,7.9,3.6,5.08,5.9,20.7,0,974.5,37,0.6,1.9,330,380,175,93,425,350,93,309,75,20,97
GVESTA,2002,3,9,9,10.2,64.9,8.1,3.9,5.22,7.1,23.4,0,974,270,0.3,2.5,439,404,226,120,403,460,119,325,88,20,97
GVESTA,2002,3,9,10,12,57.6,8.1,3.9,5.22,8,25.2,0,973.6,243,1.2,3.9,530,472,247,130,360,571,129,319,75,20,97
GVESTA,2002,3,9,11,13.9,53,8.4,4.5,5.42,9.1,27.7,0,972.7,235,1.9,5.2,570,506,251,132,212,623,186,318,68,20,97
GVESTA,2002,3,9,12,15.3,48.5,8.4,4.5,5.42,9.8,29.1,0,972.2,257,2.8,5.6,523,412,270,142,142,540,315,328,75,20,97
GVESTA,2002,3,9,13,16.3,42.7,7.9,3.6,5.1,9.8,29.3,0,971.4,255,1.6,4.3,476,446,229,121,120,510,405,328,75,20,97
GVESTA,2002,3,9,14,16.8,39.6,7.6,3,4.91,9.8,29.3,0,971,336,1.8,5.1,388,481,171,91,91,437,480,321,68,20,97
GVESTA,2002,3,9,15,16.3,40.9,7.6,3,4.91,9.6,28.8,0,971.2,336,2.4,6.2,239,357,128,69,69,261,405,337,88,20,97
GVESTA,2002,3,9,16,14.7,45.3,7.6,3,4.9,8.9,27.2,0,971.7,329,2.1,5.2,83,128,62,35,35,79,162,346,100,20,97
GVESTA,2002,3,9,17,14.1,47.1,7.6,3,4.9,8.6,26.6,0,972.6,337,2.2,5,0,0,0,0,0,0,0,345,100,20,97
GVESTA,2002,3,9,18,14,47.1,7.5,2.9,4.83,8.5,26.3,0,973.1,354,1.1,4.9,0,0,0,0,0,0,0,344,100,20,97
GVESTA,2002,3,9,19,13.4,50,7.7,3.2,4.96,8.4,26,0,974,321,1.2,3.5,0,0,0,0,0,0,0,343,100,20,97
GVESTA,2002,3,9,20,12.3,56.1,8,3.8,5.15,8.1,25.4,0,974.7,331,1.9,6.3,0,0,0,0,0,0,0,332,88,20,97
GVESTA,2002,3,9,21,12,56.4,7.9,3.6,5.08,7.9,24.9,0,975.2,312,1.8,6.3,0,0,0,0,0,0,0,324,80,20,97
GVESTA,2002,3,9,22,11.6,56.3,7.7,3.2,4.95,7.5,24.1,0,975.6,24,2.2,7,0,0,0,0,0,0,0,328,88,20,97
GVESTA,2002,3,9,23,10.5,55.2,7,1.9,4.49,6.5,21.9,0,975.7,1,4,9.4,0,0,0,0,0,0,0,304,60,20,97
GVESTA,2002,3,10,0,9.2,56.9,6.6,1.1,4.23,5.5,19.9,0,976.4,358,2.7,6.8,0,0,0,0,0,0,0,290,46,18,97
GVESTA,2002,3,10,1,9.3,53.7,6.3,0.4,4.04,5.3,19.5,0,976,32,1.5,3.6,0,0,0,0,0,0,0,275,33,18,97
GVESTA,2002,3,10,2,9.8,51.2,6.2,0.2,3.98,5.5,19.9,0,976.1,90,0.3,2,0,0,0,0,0,0,0,284,45,18,97
GVESTA,2002,3,10,3,8.3,56.6,6.2,0.2,3.98,4.7,18.3,0,976.2,338,0.7,3.9,0,0,0,0,0,0,0,291,33,18,97
GVESTA,2002,3,10,4,7.3,58.9,6,-0.2,3.85,4.1,17,0,976.3,248,1,2.5,0,0,0,0,0,0,0,270,0,18,97
GVESTA,2002,3,10,5,6.9,60.5,6,-0.2,3.85,3.9,16.6,0,976.4,243,0.9,2.2,0,0,0,0,0,0,0,267,0,18,97
GVESTA,2002,3,10,6,5.9,64.8,6,-0.2,3.85,3.3,15.6,0,976.6,261,0.6,2.1,64,197,36,20,216,78,19,266,0,18,97
GVESTA,2002,3,10,7,7.7,62,6.5,0.9,4.17,4.7,18.2,0,977,243,0.2,1.4,243,620,76,40,623,319,41,251,0,18,97
GVESTA,2002,3,10,8,9.5,56.5,6.7,1.3,4.3,5.8,20.4,0,976.8,63,0.6,2.3,412,764,95,56,672,527,56,233,0,18,97
GVESTA,2002,3,10,9,10.6,49.9,6.4,0.6,4.1,6.1,21,0,977,71,2.2,6.2,552,839,108,68,585,693,68,232,0,18,97
GVESTA,2002,3,10,10,11.4,46,6.2,0.2,3.97,6.3,21.5,0,976.6,61,3.1,5.8,650,894,109,75,417,812,75,231,0,18,97
GVESTA,2002,3,10,11,12.3,39.1,5.6,-1.2,3.59,6.3,21.4,0,976.3,72,3,6.1,686,893,118,79,168,851,134,230,0,18,97
GVESTA,2002,3,10,12,13.1,35.3,5.3,-1.9,3.4,6.5,21.7,0,975.5,61,2.9,5.9,625,724,178,98,98,734,361,246,13,18,97
GVESTA,2002,3,10,13,13.7,35.7,5.6,-1.2,3.59,7,22.8,0,975.2,63,2.7,6,589,854,113,71,72,736,543,231,0,18,97
GVESTA,2002,3,10,14,14.4,36.7,6,-0.2,3.85,7.6,24.2,0,974.7,59,2.6,6.1,464,800,101,60,60,588,664,230,0,18,97
GVESTA,2002,3,10,15,14.7,36.5,6.1,0,3.92,7.8,24.7,0,974.2,63,2.9,5.4,300,669,87,47,47,386,654,229,0,18,97
GVESTA,2002,3,10,16,14.6,35.5,5.9,-0.5,3.79,7.6,24.3,0,974.2,62,2.4,4.4,126,448,53,27,27,170,470,228,0,18,97
GVESTA,2002,3,10,17,13.8,38.2,6,-0.2,3.85,7.4,23.6,0,974.4,40,1.6,3,0,0,0,0,0,0,0,226,0,18,97
GVESTA,2002,3,10,18,12,44.8,6.3,0.4,4.05,6.7,22.3,0,974.9,323,0.6,2,0,0,0,0,0,0,0,225,0,18,97
GVESTA,2002,3,10,19,11.2,48,6.4,0.6,4.11,6.4,21.6,0,975.5,270,0.5,1.5,0,0,0,0,0,0,0,223,0,18,97
GVESTA,2002,3,10,20,9.6,52.6,6.3,0.4,4.04,5.5,19.8,0,975.8,248,0.6,1.5,0,0,0,0,0,0,0,223,0,18,97
GVESTA,2002,3,10,21,8.5,53.1,5.9,-0.5,3.78,4.6,18.1,0,975.8,270,0.2,1.1,0,0,0,0,0,0,0,235,13,18,97
GVESTA,2002,3,10,22,7.8,55.7,5.9,-0.5,3.78,4.2,17.3,0,976,0,0.1,1,0,0,0,0,0,0,0,289,63,18,97
GVESTA,2002,3,10,23,5.3,65.2,5.8,-0.7,3.72,2.8,14.6,0,976.7,252,0.9,2,0,0,0,0,0,0,0,315,100,18,97
GVESTA,2002,3,11,0,5.7,63.4,5.8,-0.7,3.72,3,15,0,976.8,252,0.3,1.5,0,0,0,0,0,0,0,290,62,18,97
GVESTA,2002,3,11,1,5.9,63.4,5.9,-0.5,3.78,3.2,15.4,0,976.8,270,0.1,0.9,0,0,0,0,0,0,0,266,25,18,97
GVESTA,2002,3,11,2,4.8,66.5,5.7,-0.9,3.65,2.5,14,0,976.4,256,0.4,1.5,0,0,0,0,0,0,0,275,45,18,97
GVESTA,2002,3,11,3,4.2,67.9,5.6,-1.2,3.59,2,13.2,0,976.3,248,0.7,1.6,0,0,0,0,0,0,0,275,45,18,97
GVESTA,2002,3,11,4,4.2,67.9,5.6,-1.2,3.59,2,13.2,0,976.1,270,0.4,1.6,0,0,0,0,0,0,0,285,68,18,97
GVESTA,2002,3,11,5,3.2,72.8,5.6,-1.2,3.59,1.4,12.2,0,976.6,252,0.9,2,0,0,0,0,0,0,0,300,100,18,97
GVESTA,2002,3,11,6,4.7,68,5.8,-0.7,3.71,2.5,14,0,977.1,0,0,0.6,69,189,41,23,212,79,23,293,80,18,97
GVESTA,2002,3,11,7,4.6,71,6,-0.2,3.84,2.6,14.2,0,977.7,270,0.1,1.3,248,600,83,44,611,315,44,281,50,18,97
GVESTA,2002,3,11,8,7.1,68.5,6.9,1.7,4.42,4.7,18.2,0,977.7,270,0.3,1.5,395,628,134,71,598,468,71,266,40,18,97
GVESTA,2002,3,11,9,9,60.2,6.9,1.7,4.42,5.7,20.2,0,977.2,56,0.7,2.1,489,525,208,104,469,534,104,292,60,18,97
GVESTA,2002,3,11,10,10.8,51.1,6.6,1.1,4.23,6.3,21.5,0,977.3,77,1.1,3,579,585,222,112,385,644,112,273,33,18,97
GVESTA,2002,3,11,11,12.6,42.5,6.2,0.2,3.97,6.9,22.7,0,976.5,99,1.3,3.1,691,905,111,80,168,853,133,255,0,18,97
GVESTA,2002,3,11,12,14,39.9,6.4,0.6,4.11,7.7,24.5,0,975.3,98,1.5,3.2,624,718,177,100,100,727,361,277,13,18,97
GVESTA,2002,3,11,13,15.7,34.8,6.2,0.2,3.98,8.4,25.9,0,974.5,115,2.3,4.3,588,849,110,73,74,728,541,264,0,18,97
GVESTA,2002,3,11,14,15.8,34.5,6.2,0.2,3.98,8.4,26,0,974,114,2.7,4.2,461,780,103,62,63,574,653,262,0,18,97
GVESTA,2002,3,11,15,16.4,36,6.7,1.3,4.31,9,27.4,0,973.2,113,2.5,4.5,302,681,82,47,47,385,663,270,13,18,97
GVESTA,2002,3,11,16,15.9,37.2,6.7,1.3,4.31,8.8,26.9,0,972.9,106,1.9,4.1,126,431,54,29,28,163,456,284,33,18,97
GVESTA,2002,3,11,17,14.3,37.5,6.1,0,3.92,7.7,24.3,0,973.5,54,1.9,3.9,0,0,0,0,0,0,0,255,0,18,97
GVESTA,2002,3,11,18,13.8,36.3,5.7,-0.9,3.66,7.1,23.1,0,973.7,72,0.8,2.7,0,0,0,0,0,0,0,274,25,18,97
GVESTA,2002,3,11,19,12.6,40.4,5.9,-0.5,3.79,6.7,22.2,0,973.9,270,0.1,1.7,0,0,0,0,0,0,0,315,75,18,97
GVESTA,2002,3,11,20,10.6,48.5,6.2,0.2,3.98,5.9,20.7,0,974.3,243,0.2,1.2,0,0,0,0,0,0,0,337,100,18,97
GVESTA,2002,3,11,21,10.2,51.3,6.4,0.6,4.11,5.9,20.6,0,974.5,236,0.4,2.6,0,0,0,0,0,0,0,336,100,18,97
GVESTA,2002,3,11,22,10.2,54.7,6.8,1.5,4.37,6.2,21.3,0,974.7,0,0.2,1.5,0,0,0,0,0,0,0,335,100,18,97
GVESTA,2002,3,11,23,10,55.5,6.8,1.5,4.37,6.1,21.1,0,974.4,180,0.1,0.7,0,0,0,0,0,0,0,334,100,18,97
GVESTA,2002,3,12,0,9.3,57.3,6.7,1.3,4.31,5.7,20.2,0,974.1,225,0.2,1.4,0,0,0,0,0,0,0,322,88,20,97
GVESTA,2002,3,12,1,8.3,61.3,6.7,1.3,4.31,5.2,19.2,0,974.1,243,0.3,1,0,0,0,0,0,0,0,309,75,20,97
GVESTA,2002,3,12,2,7.8,61.6,6.5,0.9,4.18,4.7,18.3,0,973.9,270,0.1,1.3,0,0,0,0,0,0,0,303,70,20,97
GVESTA,2002,3,12,3,6.9,67.5,6.7,1.3,4.31,4.4,17.8,0,974,270,0.4,1.4,0,0,0,0,0,0,0,328,100,20,97
GVESTA,2002,3,12,4,7.7,63.9,6.7,1.3,4.31,4.8,18.6,0,973.6,252,0.3,1.3,0,0,0,0,0,0,0,300,70,20,97
GVESTA,2002,3,12,5,7.7,63.9,6.7,1.3,4.31,4.8,18.6,0,973.2,45,0.1,1.1,0,0,0,0,0,0,0,270,38,20,97
GVESTA,2002,3,12,6,6.4,69.8,6.7,1.3,4.31,4.2,17.3,0,973.4,270,0.3,1.3,73,223,41,23,247,84,23,307,80,20,97
GVESTA,2002,3,12,7,7.5,67.6,7,1.9,4.51,5,18.9,0,973.4,263,0.9,2,256,644,75,44,648,328,44,235,0,20,97
GVESTA,2002,3,12,8,10.3,57.6,7.2,2.3,4.64,6.5,22,0,973.4,270,0.3,1.5,422,758,98,63,674,526,63,260,25,20,97
GVESTA,2002,3,12,9,11.8,55.5,7.7,3.2,4.96,7.6,24.4,0,973.5,76,0.9,2.5,558,821,114,77,587,687,78,245,0,20,97
GVESTA,2002,3,12,10,14.2,45.8,7.4,2.7,4.77,8.6,26.3,0,973.1,124,1,3.6,576,562,231,121,390,633,121,290,43,20,97
GVESTA,2002,3,12,11,15.4,38.4,6.7,1.3,4.31,8.6,26.4,0,972.7,115,2.2,4.4,508,330,295,160,241,479,178,332,88,20,97
GVESTA,2002,3,12,12,15.5,35.7,6.3,0.4,4.06,8.3,25.9,0,971.6,111,1.5,3.4,518,366,289,154,154,502,323,335,88,20,97
GVESTA,2002,3,12,13,16.6,31.2,5.9,-0.5,3.8,8.5,26.3,0,971.2,118,1.9,4.3,479,397,252,132,132,480,392,326,75,20,97
GVESTA,2002,3,12,14,17.8,28.1,5.7,-0.9,3.68,8.9,27.2,0,970.4,90,2.5,4.5,357,308,211,114,113,342,368,334,88,20,97
GVESTA,2002,3,12,15,17.4,29.6,5.9,-0.5,3.8,8.9,27.1,0,970.4,107,1.7,4,149,141,98,54,53,137,186,342,100,20,97
GVESTA,2002,3,12,16,16.6,31.2,5.9,-0.5,3.8,8.5,26.3,0,970.5,193,1.9,6.4,76,55,66,38,38,55,93,341,100,20,97
GVESTA,2002,3,12,17,14.8,37.9,6.4,0.6,4.13,8.1,25.3,0,970.9,117,1.2,5.6,0,0,0,0,0,0,0,341,100,20,97
GVESTA,2002,3,12,18,14.7,40.1,6.7,1.3,4.32,8.3,25.7,0,971.2,261,2.3,5.8,0,0,0,0,0,0,0,340,100,20,97
GVESTA,2002,3,12,19,14.8,37.9,6.4,0.6,4.12,8.1,25.3,0,971.7,248,3.2,6.1,0,0,0,0,0,0,0,338,100,20,97
GVESTA,2002,3,12,20,15,38.2,6.5,0.9,4.19,8.3,25.7,0,971.5,232,1.7,3.7,0,0,0,0,0,0,0,336,100,20,97
GVESTA,2002,3,12,21,13.8,42.5,6.7,1.3,4.32,7.9,24.8,0,972,245,2.7,4.3,0,0,0,0,0,0,0,295,50,20,97
GVESTA,2002,3,12,22,14.6,39.8,6.6,1.1,4.25,8.2,25.4,0,972.2,233,2.5,4.1,0,0,0,0,0,0,0,254,0,20,97
GVESTA,2002,3,12,23,11.5,48.8,6.6,1.1,4.25,6.7,22.3,0,971.9,246,2.2,3.6,0,0,0,0,0,0,0,255,0,20,97
GVESTA,2002,3,13,0,10.1,54.3,6.7,1.3,4.32,6.1,21,0,972.1,255,3.1,4.6,0,0,0,0,0,0,0,288,44,20,97
GVESTA,2002,3,13,1,10.2,53.9,6.7,1.3,4.32,6.1,21.1,0,972.3,249,1.9,4.2,0,0,0,0,0,0,0,320,88,20,97
GVESTA,2002,3,13,2,11,52.6,6.9,1.7,4.45,6.7,22.3,0,972.1,72,0.5,1.7,0,0,0,0,0,0,0,309,75,20,97
GVESTA,2002,3,13,3,10.3,55.9,7,1.9,4.51,6.4,21.7,0,972.1,346,0.6,2,0,0,0,0,0,0,0,283,43,20,97
GVESTA,2002,3,13,4,10.2,55.5,6.9,1.7,4.45,6.3,21.5,0,972,225,0.3,1.1,0,0,0,0,0,0,0,250,0,20,97
GVESTA,2002,3,13,5,8.4,60.9,6.7,1.3,4.32,5.2,19.3,0,972,259,0.6,1.7,0,0,0,0,0,0,0,268,0,20,97
GVESTA,2002,3,13,6,9,59.3,6.8,1.5,4.38,5.6,20.1,0,972.1,0,0,1,86,302,46,25,328,102,25,272,13,20,97
GVESTA,2002,3,13,7,10,58.7,7.2,2.3,4.64,6.4,21.7,0,972.5,243,0.2,1.1,254,619,76,45,626,316,45,250,0,20,97
GVESTA,2002,3,13,8,11.9,51,7.1,2.1,4.57,7.3,23.5,0,972.4,264,0.9,2.3,421,761,94,61,673,519,62,252,0,20,97
GVESTA,2002,3,13,9,13.4,45.6,7,1.9,4.51,7.9,24.9,0,972,228,1.2,3.4,556,820,109,75,581,678,76,254,0,20,97
GVESTA,2002,3,13,10,15.5,40.9,7.2,2.3,4.64,9,27.3,0,971.5,231,2,4.8,649,861,114,84,416,788,85,262,0,20,97
GVESTA,2002,3,13,11,16.4,40.3,7.5,2.9,4.84,9.6,28.8,0,970.4,243,1,3.5,687,875,117,88,173,832,143,273,0,20,97
GVESTA,2002,3,13,12,17.9,37,7.6,3,4.91,10.3,30.5,0,969.4,117,2.2,3.9,667,870,115,86,86,809,360,281,0,20,97
GVESTA,2002,3,13,13,18.6,35.4,7.6,3,4.92,10.6,31.2,0,968.4,121,2.6,4.3,590,840,110,78,79,717,545,279,0,20,97
GVESTA,2002,3,13,14,18.9,34.7,7.6,3,4.93,10.7,31.5,0,967.4,90,2.6,4.7,464,777,100,66,67,567,654,277,0,20,97
GVESTA,2002,3,13,15,19,36,7.9,3.6,5.12,11,32.1,0,967.1,51,3.4,4.6,304,659,85,51,51,373,651,275,0,20,97
GVESTA,2002,3,13,16,17.6,36.3,7.3,2.5,4.73,10,29.7,0,966.6,53,3,5,130,428,56,31,31,159,456,273,0,20,97
GVESTA,2002,3,13,17,16.1,39.4,7.2,2.3,4.67,9.3,28,0,966.6,49,2,3.7,0,0,0,0,0,0,0,271,0,20,97
GVESTA,2002,3,13,18,15.1,42.6,7.3,2.5,4.73,8.9,27.1,0,967,288,1,2.5,0,0,0,0,0,0,0,289,25,20,97
GVESTA,2002,3,13,19,14.1,46.8,7.5,2.9,4.86,8.6,26.5,0,967.3,257,0.9,2.3,0,0,0,0,0,0,0,281,20,20,97
GVESTA,2002,3,13,20,13.6,50.8,7.9,3.6,5.12,8.6,26.6,0,967.4,270,0.2,1.9,0,0,0,0,0,0,0,336,88,20,97
GVESTA,2002,3,13,21,13.4,54,8.3,4.3,5.38,8.8,27.1,0,967.5,34,0.4,1.8,0,0,0,0,0,0,0,328,80,20,97
GVESTA,2002,3,13,22,12.6,58.1,8.5,4.6,5.52,8.6,26.6,0,967.1,50,0.9,3.3,0,0,0,0,0,0,0,309,58,20,97
GVESTA,2002,3,13,23,12.9,55.8,8.3,4.3,5.39,8.6,26.6,0,966.8,90,0.6,3.2,0,0,0,0,0,0,0,283,25,20,97
GVESTA,2002,3,14,0,10.7,63.7,8.2,4.1,5.32,7.5,24.2,0,966.5,135,0.7,2.8,0,0,0,0,0,0,0,306,56,18,97
GVESTA,2002,3,14,1,10.2,69.1,8.6,4.8,5.59,7.5,24.3,0,965.7,270,1.4,3.6,0,0,0,0,0,0,0,329,88,18,97
GVESTA,2002,3,14,2,10.5,66.8,8.5,4.6,5.53,7.6,24.5,0,964.5,72,1.2,3.7,0,0,0,0,0,0,0,324,80,18,97
GVESTA,2002,3,14,3,9.9,69.1,8.4,4.5,5.47,7.2,23.7,0,964.1,292,0.7,1.9,0,0,0,0,0,0,0,330,88,18,97
GVESTA,2002,3,14,4,10.6,66.4,8.5,4.6,5.53,7.6,24.6,0,963.7,153,0.2,1.5,0,0,0,0,0,0,0,339,100,18,97
GVESTA,2002,3,14,5,9.2,71.4,8.3,4.3,5.41,6.8,22.9,0,963,326,0.5,1.3,0,0,0,0,0,0,0,339,100,18,97
GVESTA,2002,3,14,6,9.9,69.1,8.4,4.5,5.47,7.2,23.7,0,963.1,256,0.4,1.7,6,0,6,3,3,3,3,339,100,18,97
GVESTA,2002,3,14,7,9.8,70,8.5,4.6,5.54,7.2,23.8,0,963.4,252,0.3,1.9,18,0,18,10,10,10,10,340,100,18,97
GVESTA,2002,3,14,8,10.1,72.1,8.9,5.3,5.8,7.7,24.8,0,963.4,262,1.6,2.8,35,0,35,20,20,19,20,341,100,18,97
GVESTA,2002,3,14,9,11.4,65.2,8.8,5.1,5.73,8.2,25.9,0,964,248,3.8,8.9,53,0,53,30,30,29,30,343,100,18,97
GVESTA,2002,3,14,10,12.6,56.1,8.2,4.1,5.34,8.4,26.1,0,964.1,238,4.8,8.9,67,0,67,39,38,38,38,344,100,18,97
GVESTA,2002,3,14,11,11.4,70.3,9.5,6.2,6.18,8.7,27,0.7,965.2,245,7.6,11.6,74,0,74,43,42,41,42,345,100,18,97
GVESTA,2002,3,14,12,10.1,87.4,10.8,8.1,7.04,9,27.9,2.3,964.4,252,3,8.3,70,0,70,40,40,39,40,346,100,18,97
GVESTA,2002,3,14,13,10.4,88.6,11.2,8.6,7.31,9.4,28.9,0,964.4,225,0.6,2.6,118,0,118,68,67,66,67,345,100,18,97
GVESTA,2002,3,14,14,11.1,82.3,10.9,8.2,7.11,9.5,29.1,0,964,252,0.5,2.3,393,486,171,94,93,408,488,316,63,18,97
GVESTA,2002,3,14,15,12.5,76.1,11,8.4,7.18,10.3,30.7,0,963.3,124,1.1,3.4,304,652,86,48,48,363,643,267,0,18,97
GVESTA,2002,3,14,16,12.8,71.1,10.5,7.7,6.86,10.1,30.2,0,962.9,90,1.3,2.7,136,450,56,30,30,163,478,280,20,18,97
GVESTA,2002,3,14,17,11.7,77,10.6,7.8,6.92,9.6,29.2,0,963.4,62,2.2,4.9,11,0,11,6,6,6,6,307,58,18,97
GVESTA,2002,3,14,18,10.9,77.4,10.1,7.1,6.59,8.9,27.6,0,963.4,56,2.4,4.6,0,0,0,0,0,0,0,269,13,18,97
GVESTA,2002,3,14,19,11.5,72.8,9.9,6.8,6.45,9,27.8,0,964.1,20,1.2,4.8,0,0,0,0,0,0,0,257,0,18,97
GVESTA,2002,3,14,20,11,71.7,9.4,6.1,6.12,8.5,26.5,0,964.8,270,0.1,1.3,0,0,0,0,0,0,0,256,0,18,97
GVESTA,2002,3,14,21,10,73.6,9,5.5,5.86,7.7,24.8,0,965.1,248,0.5,1.5,0,0,0,0,0,0,0,254,0,18,97
GVESTA,2002,3,14,22,8.9,75.4,8.6,4.8,5.59,6.9,23,0,965.7,259,0.6,2.1,0,0,0,0,0,0,0,253,0,18,97
GVESTA,2002,3,14,23,9,73.4,8.4,4.5,5.46,6.8,22.8,0,965.9,225,0.1,1.2,0,0,0,0,0,0,0,252,0,18,97
GVESTA,2002,3,15,0,7.8,74.7,7.9,3.6,5.13,5.8,20.7,0,966.1,225,0.1,1.2,0,0,0,0,0,0,0,271,6,18,97
GVESTA,2002,3,15,1,7.5,74.1,7.7,3.2,5,5.5,20.1,0,966.4,0,0,0,0,0,0,0,0,0,0,290,13,18,97
GVESTA,2002,3,15,2,7,75.1,7.5,2.9,4.87,5.1,19.3,0,966,0,0,1,0,0,0,0,0,0,0,301,38,18,97
GVESTA,2002,3,15,3,5.8,80.4,7.4,2.7,4.8,4.4,17.9,0,966.7,243,0.7,1.7,0,0,0,0,0,0,0,303,43,18,97
GVESTA,2002,3,15,4,5.8,80.4,7.4,2.7,4.8,4.4,17.9,0.2,966.9,270,0.3,2.1,0,0,0,0,0,0,0,325,100,18,97
GVESTA,2002,3,15,5,6.2,81.1,7.7,3.2,4.99,4.8,18.8,0,967.1,45,0.1,1.5,0,0,0,0,0,0,0,325,100,18,97
GVESTA,2002,3,15,6,7.1,80.1,8.1,3.9,5.25,5.6,20.3,0.2,967.2,90,0.2,1.3,84,237,53,28,269,84,28,316,75,18,97
GVESTA,2002,3,15,7,7.8,82.4,8.7,5,5.64,6.4,22,0,967.9,270,0.6,2.7,152,70,131,73,141,105,72,328,100,18,97
GVESTA,2002,3,15,8,8.3,83.1,9.1,5.6,5.9,7,23.2,0,968.1,270,0.6,2.1,82,0,82,47,47,46,46,330,100,18,97
GVESTA,2002,3,15,9,8.8,80.3,9.1,5.6,5.9,7.2,23.7,0,968.9,261,1.2,3.5,64,0,64,36,36,35,36,333,100,18,97
GVESTA,2002,3,15,10,9.5,78.2,9.3,5.9,6.03,7.7,24.7,0,969,265,1.3,2.6,140,0,140,80,79,78,79,335,100,18,97
GVESTA,2002,3,15,11,9.9,77.7,9.5,6.2,6.15,8,25.4,0,969.7,270,1.6,4.4,92,0,92,52,52,51,52,338,100,18,97
GVESTA,2002,3,15,12,10.3,78.9,9.9,6.8,6.41,8.5,26.5,0.2,970,257,2.8,6.9,89,0,89,51,51,50,50,340,100,18,97
GVESTA,2002,3,15,13,10.8,75.8,9.8,6.7,6.35,8.7,26.9,0,970,247,4.9,7.9,59,0,59,34,33,33,33,340,100,18,97
GVESTA,2002,3,15,14,10.2,80.5,10,7,6.48,8.5,26.6,0.4,969.9,256,4.9,8.5,177,6,174,99,98,101,103,340,100,18,97
GVESTA,2002,3,15,15,10.4,81.1,10.2,7.3,6.61,8.8,27.1,0,970,263,3.6,5.6,113,99,84,46,45,92,143,340,100,18,97
GVESTA,2002,3,15,16,11.3,73.8,9.9,6.8,6.41,9,27.5,0,970.2,257,2.8,5,102,154,75,41,40,86,196,322,75,18,97
GVESTA,2002,3,15,17,11.5,70.8,9.6,6.4,6.21,8.9,27.2,0,970.7,263,0.8,3.7,12,0,12,7,7,7,7,312,63,18,97
GVESTA,2002,3,15,18,11,70.8,9.3,5.9,6.02,8.4,26.2,0,970.8,304,0.8,4.2,0,0,0,0,0,0,0,298,45,18,97
GVESTA,2002,3,15,19,10.3,72.6,9.1,5.6,5.88,7.9,25.2,0,971.2,315,0.6,2.9,0,0,0,0,0,0,0,307,60,18,97
GVESTA,2002,3,15,20,9.5,73.5,8.7,5,5.62,7.3,23.7,0,971.8,315,0.3,1.2,0,0,0,0,0,0,0,278,25,18,97
GVESTA,2002,3,15,21,8.4,75.4,8.3,4.3,5.36,6.4,21.9,0,971.8,270,0.3,1.4,0,0,0,0,0,0,0,302,60,18,97
GVESTA,2002,3,15,22,7.1,77.3,7.8,3.4,5.03,5.4,19.8,0,972.5,304,0.5,1.5,0,0,0,0,0,0,0,305,63,18,97
GVESTA,2002,3,15,23,7,76.7,7.7,3.2,4.96,5.2,19.5,0,972.4,360,0.3,1.3,0,0,0,0,0,0,0,316,75,18,97
GVESTA,2002,3,16,0,7.8,75.8,8,3.8,5.16,5.9,20.8,0,972.9,63,0.2,0.9,0,0,0,0,0,0,0,308,60,18,97
GVESTA,2002,3,16,1,7.4,74.7,7.7,3.2,4.96,5.4,19.9,0,972.5,0,0,0.9,0,0,0,0,0,0,0,299,45,18,97
GVESTA,2002,3,16,2,6.8,74,7.3,2.5,4.7,4.8,18.6,0,972.5,0,0,0,0,0,0,0,0,0,0,298,45,18,97
GVESTA,2002,3,16,3,6,74.9,7,1.9,4.51,4.2,17.3,0,972.3,225,0.3,1,0,0,0,0,0,0,0,283,13,18,97
GVESTA,2002,3,16,4,5.6,73.8,6.7,1.3,4.32,3.7,16.5,0,972.4,259,0.5,2.2,0,0,0,0,0,0,0,284,20,18,97
GVESTA,2002,3,16,5,4.7,78.6,6.7,1.3,4.31,3.2,15.5,0,972.6,243,0.5,1.5,0,0,0,0,0,0,0,295,50,18,97
GVESTA,2002,3,16,6,4.8,80.3,6.9,1.7,4.44,3.4,16,0,972.6,297,0.3,1.4,78,189,56,30,222,69,30,303,68,18,97
GVESTA,2002,3,16,7,5.8,85.7,7.9,3.6,5.09,4.8,18.6,0,972.8,261,1.2,2.7,221,300,130,68,362,207,67,313,75,18,97
GVESTA,2002,3,16,8,7.3,84.1,8.6,4.8,5.55,6.1,21.3,0,972.7,281,0.6,2.1,377,444,177,90,474,382,89,309,75,18,97
GVESTA,2002,3,16,9,9,78.7,9,5.5,5.81,7.3,23.7,0,972.6,97,1,2.6,457,368,252,128,396,431,127,334,100,18,97
GVESTA,2002,3,16,10,10.4,72.1,9.1,5.6,5.88,8,25.3,0,971.7,17,1.2,4.7,449,200,322,171,281,361,169,340,100,18,97
GVESTA,2002,3,16,11,11.4,61.6,8.3,4.3,5.36,7.9,25,0,971.4,52,1.8,5.5,342,42,313,176,184,214,178,345,100,18,97
GVESTA,2002,3,16,12,12.1,60.1,8.5,4.6,5.49,8.3,26,0,971,58,1.4,3.9,73,0,73,42,42,41,41,349,100,18,97
GVESTA,2002,3,16,13,12.3,58.1,8.3,4.3,5.36,8.3,25.9,0,970.7,72,1,3.4,60,0,60,34,34,33,34,349,100,18,97
GVESTA,2002,3,16,14,12.4,56.1,8.1,3.9,5.24,8.2,25.7,0,970.1,18,0.6,2.1,75,0,75,43,42,42,42,349,100,18,97
GVESTA,2002,3,16,15,12.9,55.8,8.3,4.3,5.37,8.6,26.5,0,969.9,80,1.1,2.7,105,2,105,60,59,59,60,348,100,18,97
GVESTA,2002,3,16,16,12.9,57,8.5,4.6,5.5,8.7,26.8,0,969.9,112,0.6,2.7,108,170,74,40,40,94,212,348,100,18,97
GVESTA,2002,3,16,17,12.3,59.3,8.5,4.6,5.5,8.4,26.2,0,969.9,120,0.9,1.6,12,0,12,7,7,7,7,348,100,18,97
GVESTA,2002,3,16,18,11.6,62.1,8.5,4.6,5.5,8.1,25.5,0,970.1,270,0.2,1.6,0,0,0,0,0,0,0,347,100,18,97
GVESTA,2002,3,16,19,10.9,66,8.6,4.8,5.56,7.9,25,0,970.6,270,0.1,1.2,0,0,0,0,0,0,0,344,100,18,97
GVESTA,2002,3,16,20,10.4,69.7,8.8,5.1,5.69,7.8,24.8,0,970.7,90,0.4,1.7,0,0,0,0,0,0,0,342,100,18,97
GVESTA,2002,3,16,21,10.1,69.6,8.6,4.8,5.56,7.5,24.2,0,970.8,360,0.1,1.4,0,0,0,0,0,0,0,339,100,18,97
GVESTA,2002,3,16,22,9.7,69,8.3,4.3,5.36,7.1,23.3,0,970.8,0,0,1.1,0,0,0,0,0,0,0,337,100,18,97
GVESTA,2002,3,16,23,9,70.4,8.1,3.9,5.24,6.5,22.2,0,970.5,270,0.1,1.1,0,0,0,0,0,0,0,335,100,18,97
GVESTA,2002,3,17,0,8.1,74.3,8,3.8,5.17,6.1,21.1,0,970.8,248,0.5,1.7,0,0,0,0,0,0,0,318,80,18,97
GVESTA,2002,3,17,1,7.4,75.7,7.8,3.4,5.04,5.5,20.1,0,970.4,261,0.6,1.9,0,0,0,0,0,0,0,302,60,18,97
GVESTA,2002,3,17,2,6.9,74.6,7.4,2.7,4.78,5,18.9,0,970.2,297,0.3,1.4,0,0,0,0,0,0,0,312,75,18,97
GVESTA,2002,3,17,3,5.8,78.2,7.2,2.3,4.65,4.2,17.5,0,970.2,259,0.6,1.7,0,0,0,0,0,0,0,329,100,18,97
GVESTA,2002,3,17,4,7.2,73,7.4,2.7,4.78,5.1,19.2,0,970.1,225,0.1,1,0,0,0,0,0,0,0,323,88,18,97
GVESTA,2002,3,17,5,6.4,75,7.2,2.3,4.65,4.5,18.1,0,970.7,360,0.2,1.1,0,0,0,0,0,0,0,311,63,18,97
GVESTA,2002,3,17,6,6.7,75.6,7.4,2.7,4.78,4.9,18.7,0,970.8,270,0.3,1.2,98,295,56,30,329,98,29,308,55,18,97
GVESTA,2002,3,17,7,8.3,73.8,8.1,3.9,5.23,6.2,21.5,0,971.1,0,0,0.9,237,367,123,63,421,232,63,313,75,18,97
GVESTA,2002,3,17,8,9.7,73,8.8,5.1,5.69,7.4,24.1,0,971.2,263,0.8,1.7,346,312,204,106,382,315,105,337,100,18,97
GVESTA,2002,3,17,9,11.2,67,8.9,5.3,5.75,8.2,25.8,0,971,254,0.7,2.4,488,452,231,116,436,483,115,341,100,18,97
GVESTA,2002,3,17,10,12.8,62.4,9.2,5.8,5.95,9.2,27.9,0,970.8,270,0.9,2.9,584,537,239,120,375,601,120,325,75,18,97
GVESTA,2002,3,17,11,14.3,55.4,9,5.5,5.82,9.7,29.1,0,970.4,135,1,3.3,566,400,297,150,220,537,199,351,100,18,97
GVESTA,2002,3,17,12,15.4,50.2,8.8,5.1,5.7,10,29.9,0,969.6,117,1.8,4.2,515,312,310,160,159,459,303,355,100,18,97
GVESTA,2002,3,17,13,16,46.7,8.5,4.6,5.51,10.1,30,0,968.8,130,1.7,4,460,312,276,143,142,411,359,354,100,18,97
GVESTA,2002,3,17,14,15.4,49.2,8.6,4.8,5.57,9.9,29.6,0,968.5,113,2.5,4.1,405,427,197,100,100,398,458,330,75,18,97
GVESTA,2002,3,17,15,15.9,48.6,8.8,5.1,5.71,10.3,30.4,0,967.9,117,2,3.6,270,379,141,72,72,262,437,323,68,18,97
GVESTA,2002,3,17,16,15.6,47.9,8.5,4.6,5.51,9.9,29.6,0,967.8,124,1,2.7,138,389,64,34,34,145,424,311,55,18,97
GVESTA,2002,3,17,17,13.7,56,8.8,5.1,5.71,9.3,28.2,0,968.2,120,1.6,2.8,15,0,15,9,9,9,9,332,80,18,97
GVESTA,2002,3,17,18,13.5,54.8,8.5,4.6,5.51,9,27.5,0,968.6,113,0.8,2.1,0,0,0,0,0,0,0,305,50,18,97
GVESTA,2002,3,17,19,13.1,55.1,8.3,4.3,5.37,8.7,26.7,0,969.1,101,0.6,2.1,0,0,0,0,0,0,0,272,13,18,97
GVESTA,2002,3,17,20,12.1,58.8,8.3,4.3,5.37,8.2,25.7,0,969.2,225,0.2,1.7,0,0,0,0,0,0,0,324,75,18,97
GVESTA,2002,3,17,21,11.1,63.8,8.4,4.5,5.44,7.8,24.9,0,969.5,360,0.3,1.8,0,0,0,0,0,0,0,342,100,18,97
GVESTA,2002,3,17,22,11.2,63.8,8.5,4.6,5.5,7.9,25.1,0,969.6,333,0.2,2.1,0,0,0,0,0,0,0,340,100,18,97
GVESTA,2002,3,17,23,11.3,64.2,8.6,4.8,5.57,8.1,25.4,0,969.5,243,0.2,2.1,0,0,0,0,0,0,0,339,100,18,97
GVESTA,2002,3,18,0,12.6,63.2,9.2,5.8,5.96,9.1,27.7,0,969.5,211,2.4,4.6,0,0,0,0,0,0,0,338,100,18,97
GVESTA,2002,3,18,1,12.1,65.3,9.2,5.8,5.96,8.9,27.2,0,969.2,211,1.9,4.1,0,0,0,0,0,0,0,336,100,18,97
GVESTA,2002,3,18,2,11.4,67,9,5.5,5.83,8.4,26.2,0,968.8,39,0.7,2.3,0,0,0,0,0,0,0,335,100,18,97
GVESTA,2002,3,18,3,11.8,65.7,9.1,5.6,5.9,8.6,26.7,0,968.8,180,0.1,1.5,0,0,0,0,0,0,0,326,88,18,97
GVESTA,2002,3,18,4,11.2,69.3,9.2,5.8,5.96,8.4,26.3,0,969.1,360,0.1,1.3,0,0,0,0,0,0,0,334,100,18,97
GVESTA,2002,3,18,5,10.4,75.2,9.5,6.2,6.16,8.3,26,0,969.2,108,0.7,1.7,0,0,0,0,0,0,0,333,100,18,97
GVESTA,2002,3,18,6,10.8,73.2,9.5,6.2,6.15,8.4,26.4,0.1,969.6,333,0.3,2.1,7,0,7,4,4,4,4,334,100,18,97
GVESTA,2002,3,18,7,10.7,74.7,9.6,6.4,6.22,8.5,26.4,0.3,970.2,240,2.3,6.9,79,8,76,43,51,46,43,338,100,18,97
GVESTA,2002,3,18,8,12,66.2,9.3,5.9,6.02,8.9,27.2,0,970.4,218,2.5,5.1,251,94,210,116,202,175,115,341,100,18,97
GVESTA,2002,3,18,9,12.8,59.4,8.8,5.1,5.7,8.9,27.2,0,969.9,242,3.9,6.9,454,359,244,128,372,421,127,330,80,18,97
GVESTA,2002,3,18,10,14.1,53.5,8.6,4.8,5.57,9.3,28.2,0,969.4,242,3.7,8.8,587,540,238,120,377,601,119,314,55,18,97
GVESTA,2002,3,18,11,15.6,45.6,8.1,3.9,5.24,9.7,28.9,0,969,243,7.2,13.3,461,225,308,165,231,380,170,343,88,18,97
GVESTA,2002,3,18,12,15.9,43.2,7.8,3.4,5.05,9.6,28.8,0,968.5,245,6.4,11.1,495,276,314,164,163,424,300,345,88,18,97
GVESTA,2002,3,18,13,16.6,40.7,7.7,3.2,4.99,9.8,29.3,0,967.8,236,7.2,13.4,461,318,269,140,139,413,349,345,88,18,97
GVESTA,2002,3,18,14,16.8,42.2,8.1,3.9,5.25,10.2,30.2,0,967.4,232,6.7,12.7,293,121,235,129,128,212,235,354,100,18,97
GVESTA,2002,3,18,15,16.7,44.6,8.5,4.6,5.51,10.4,30.8,0,967.3,240,6.4,10.8,167,56,145,81,81,111,134,353,100,18,97
GVESTA,2002,3,18,16,16.7,42.5,8.1,3.9,5.26,10.1,30.1,0,966.8,239,6.5,11.2,70,41,61,34,34,47,75,353,100,18,97
GVESTA,2002,3,18,17,16.2,43.9,8.1,3.9,5.25,9.9,29.6,0,968,240,6.8,13.1,1,0,1,1,1,1,1,352,100,18,97
GVESTA,2002,3,18,18,12.6,68.7,10,7,6.49,9.6,29,0.1,969.1,258,7.7,16,0,0,0,0,0,0,0,352,100,18,97
GVESTA,2002,3,18,19,11.9,77.5,10.8,8.1,7.01,9.9,29.6,1.3,969.5,232,5,10.2,0,0,0,0,0,0,0,352,100,18,97
GVESTA,2002,3,18,20,12,81.3,11.4,8.9,7.4,10.3,30.7,1.5,969.8,232,3.1,5.9,0,0,0,0,0,0,0,351,100,18,97
GVESTA,2002,3,18,21,11.3,82.9,11.1,8.5,7.2,9.8,29.5,0.9,970.3,236,5.2,9.5,0,0,0,0,0,0,0,351,100,18,97
GVESTA,2002,3,18,22,11.3,84.6,11.3,8.8,7.33,9.9,29.8,0.9,970.1,242,4.7,8.6,0,0,0,0,0,0,0,351,100,18,97
GVESTA,2002,3,18,23,10.9,83.4,10.9,8.2,7.07,9.5,28.8,0.4,970.3,252,5.6,9.8,0,0,0,0,0,0,0,351,100,18,97
GVESTA,2002,3,19,0,11.3,78.5,10.5,7.7,6.81,9.4,28.5,0.1,969.7,246,4.7,8.2,0,0,0,0,0,0,0,351,100,18,97
GVESTA,2002,3,19,1,11.1,81.7,10.8,8.1,7.01,9.5,28.8,1,969.6,246,4.8,8.9,0,0,0,0,0,0,0,351,100,18,97
GVESTA,2002,3,19,2,10.7,85.7,11,8.4,7.14,9.5,28.8,0.5,969,250,5.8,9.7,0,0,0,0,0,0,0,351,100,18,97
GVESTA,2002,3,19,3,10.5,88,11.2,8.6,7.28,9.5,28.9,0.7,968.4,252,6.5,10.4,0,0,0,0,0,0,0,352,100,18,97
GVESTA,2002,3,19,4,10.5,89.8,11.4,8.9,7.41,9.6,29.2,1.1,968.6,250,6.3,9.9,0,0,0,0,0,0,0,352,100,18,97
GVESTA,2002,3,19,5,10.9,87.5,11.4,8.9,7.41,9.8,29.6,1.1,968.8,239,6,10.3,0,0,0,0,0,0,0,352,100,18,97
GVESTA,2002,3,19,6,11.2,87.5,11.6,9.2,7.54,10.1,30.3,0.3,968.5,237,6.4,11.7,7,0,7,4,4,4,4,353,100,18,97
GVESTA,2002,3,19,7,11.4,86.9,11.7,9.3,7.61,10.2,30.6,1.1,968.4,243,6.9,11,20,0,20,12,12,11,12,354,100,18,97
GVESTA,2002,3,19,8,11.9,84.7,11.8,9.4,7.67,10.5,31.3,1.7,969.1,237,6.9,11.5,46,0,46,26,26,26,26,355,100,18,97
GVESTA,2002,3,19,9,12.1,85.2,12,9.7,7.79,10.8,31.8,2.1,969.6,236,6.8,13,58,0,58,33,33,32,33,356,100,18,97
GVESTA,2002,3,19,10,12.5,84.7,12.3,10,7.99,11.1,32.7,1.7,970,232,6.2,11.2,72,0,72,41,41,40,41,357,100,18,97
GVESTA,2002,3,19,11,12.9,84.2,12.5,10.3,8.12,11.4,33.5,1.4,970.4,231,6.4,13.9,80,0,80,46,45,45,45,358,100,18,97
GVESTA,2002,3,19,12,13.2,83.7,12.7,10.5,8.25,11.7,34.1,1,970.7,228,6.4,12.3,74,0,74,43,42,42,42,359,100,18,97
GVESTA,2002,3,19,13,13.7,79.4,12.4,10.2,8.04,11.7,34.1,0,971.2,220,6.1,11.2,61,0,61,35,34,34,34,359,100,18,97
GVESTA,2002,3,19,14,14.3,76.4,12.4,10.2,8.04,12,34.7,0.1,972,218,5.5,11.5,43,0,43,25,25,24,24,360,100,18,97
GVESTA,2002,3,19,15,15,71.5,12.2,9.9,7.91,12.1,35.1,0.1,971.9,215,5.8,11,24,0,24,14,14,14,14,360,100,18,97
GVESTA,2002,3,19,16,15.1,70.6,12.1,9.8,7.83,12.1,35,0,972.8,226,5.1,10.6,20,0,20,12,11,11,11,360,100,18,97
GVESTA,2002,3,19,17,14.8,73.9,12.4,10.2,8.02,12.2,35.2,0.4,973.7,220,4.9,11,1,0,1,1,1,1,1,361,100,18,97
GVESTA,2002,3,19,18,14.6,75.9,12.6,10.4,8.15,12.2,35.3,0.8,974.7,225,4,9.8,0,0,0,0,0,0,0,361,100,18,97
GVESTA,2002,3,19,19,14.9,70.1,11.9,9.5,7.68,11.9,34.4,0.3,975.3,222,4.9,9.4,0,0,0,0,0,0,0,361,100,18,97
GVESTA,2002,3,19,20,15.1,68.7,11.8,9.4,7.61,11.9,34.4,0.3,976.2,234,4,7.5,0,0,0,0,0,0,0,361,100,18,97
GVESTA,2002,3,19,21,14.8,69.6,11.7,9.3,7.55,11.7,34,0.2,976,234,5.6,11.4,0,0,0,0,0,0,0,361,100,18,97
GVESTA,2002,3,19,22,14.7,69.6,11.6,9.2,7.48,11.6,33.7,0,976.4,235,5.8,10,0,0,0,0,0,0,0,361,100,18,97
GVESTA,2002,3,19,23,14.4,66.3,10.9,8.2,7.02,11,32.2,0,976.9,247,8.3,13.9,0,0,0,0,0,0,0,361,100,18,97
GVESTA,2002,3,20,0,13.5,76.2,11.8,9.4,7.61,11.2,32.8,0.1,976.9,243,5.4,9.6,0,0,0,0,0,0,0,360,100,18,97
GVESTA,2002,3,20,1,13.4,78.3,12,9.7,7.73,11.3,33,0.1,977.5,236,5.2,9.1,0,0,0,0,0,0,0,360,100,18,97
GVESTA,2002,3,20,2,13.8,73.7,11.6,9.2,7.47,11.2,32.7,0.6,977.8,229,4.6,9.9,0,0,0,0,0,0,0,359,100,18,97
GVESTA,2002,3,20,3,13.3,79.3,12.1,9.8,7.79,11.3,33,0.3,977.8,220,4,8.8,0,0,0,0,0,0,0,358,100,18,97
GVESTA,2002,3,20,4,13,81.4,12.2,9.9,7.86,11.3,32.9,0.3,978,225,4.3,8.7,0,0,0,0,0,0,0,347,88,18,97
GVESTA,2002,3,20,5,13.1,82.6,12.4,10.2,7.98,11.5,33.3,0.7,979,235,4.6,9.4,0,0,0,0,0,0,0,346,88,18,97
GVESTA,2002,3,20,6,13.3,79.3,12.1,9.8,7.78,11.3,33,0.1,979.6,245,2.3,6.8,54,12,51,29,41,32,29,355,100,18,97
GVESTA,2002,3,20,7,13.7,75.7,11.9,9.5,7.65,11.4,33.1,0,979.7,224,3.1,7.8,125,34,112,63,96,79,62,357,100,18,97
GVESTA,2002,3,20,8,13.8,74.2,11.7,9.3,7.51,11.3,32.9,0,980.4,236,5.3,9.1,204,44,185,104,144,129,103,358,100,18,97
GVESTA,2002,3,20,9,13.6,77.3,12,9.7,7.7,11.4,33.1,0,980.8,240,5.8,9.7,306,79,259,143,198,209,141,360,100,18,97
GVESTA,2002,3,20,10,15.3,69.2,12,9.7,7.7,12.1,34.9,0,980.8,252,4.6,9.6,448,210,311,167,285,357,165,351,88,18,97
GVESTA,2002,3,20,11,16.2,62.3,11.5,9,7.38,12.2,35,0,981,255,5.5,8.4,307,18,295,168,170,181,167,363,100,18,97
GVESTA,2002,3,20,12,16.7,56.8,10.8,8.1,6.92,11.9,34.3,0,981.3,252,5.6,9.1,173,0,173,99,98,96,98,364,100,18,97
GVESTA,2002,3,20,13,17.1,55.8,10.9,8.2,6.99,12.1,34.9,0,981.1,255,4.9,8.4,73,0,73,42,41,40,41,363,100,18,97
GVESTA,2002,3,20,14,17.2,53.9,10.6,7.8,6.8,12,34.5,0,980.8,256,3.5,7.1,348,219,236,125,124,283,312,342,75,18,97
GVESTA,2002,3,20,15,17.7,46.5,9.4,6.1,6.02,11.5,33,0,980.7,253,3.9,7.4,104,3,103,59,58,59,61,361,100,18,97
GVESTA,2002,3,20,16,17,49.6,9.6,6.4,6.15,11.3,32.7,0,980.8,242,3,6.5,105,104,84,47,46,74,153,351,88,18,97
GVESTA,2002,3,20,17,16,55.1,10,7,6.4,11.1,32.3,0,981.3,254,2.6,5.3,18,77,13,7,7,14,85,340,75,18,97
GVESTA,2002,3,20,18,16,56.2,10.2,7.3,6.53,11.3,32.6,0,981.6,245,2.2,3.9,0,0,0,0,0,0,0,359,100,18,97
GVESTA,2002,3,20,19,15.6,60.9,10.8,8.1,6.92,11.5,33.2,0,982.2,244,2.6,5.9,0,0,0,0,0,0,0,358,100,18,97
GVESTA,2002,3,20,20,15.1,64.2,11,8.4,7.04,11.4,33,0,982.6,257,1.8,3,0,0,0,0,0,0,0,332,68,18,97
GVESTA,2002,3,20,21,15.9,59.4,10.7,8,6.85,11.5,33.3,0,982.7,239,1.9,3.2,0,0,0,0,0,0,0,306,33,18,97
GVESTA,2002,3,20,22,15.4,61.7,10.8,8.1,6.91,11.4,33,0,982.3,236,0.7,2.5,0,0,0,0,0,0,0,306,33,18,97
GVESTA,2002,3,20,23,14,66.2,10.6,7.8,6.79,10.6,31.2,0,981.9,243,0.3,2.2,0,0,0,0,0,0,0,311,40,18,97
GVESTA,2002,3,21,0,12.8,71.6,10.6,7.8,6.78,10.1,30,0,982.4,360,0.4,1.9,0,0,0,0,0,0,0,326,64,17,97
GVESTA,2002,3,21,1,13.2,69.7,10.6,7.8,6.79,10.3,30.4,0,981.9,166,0.7,3,0,0,0,0,0,0,0,342,88,17,97
GVESTA,2002,3,21,2,13.5,68.4,10.6,7.8,6.79,10.4,30.7,0,982,45,0.3,2,0,0,0,0,0,0,0,350,100,17,97
GVESTA,2002,3,21,3,14.2,65.4,10.6,7.8,6.79,10.7,31.4,0,981.8,180,0.1,1.3,0,0,0,0,0,0,0,325,68,17,97
GVESTA,2002,3,21,4,14.1,65.8,10.6,7.8,6.79,10.7,31.3,0,981.7,158,0.8,2.6,0,0,0,0,0,0,0,305,43,17,97
GVESTA,2002,3,21,5,12,71.9,10.1,7.1,6.46,9.4,28.4,0,982,63,0.8,2.3,0,0,0,0,0,0,0,299,38,17,97
GVESTA,2002,3,21,6,12.1,70,9.9,6.8,6.33,9.3,28.1,0,982,117,0.9,2.3,99,179,68,36,219,78,36,321,68,17,97
GVESTA,2002,3,21,7,13.5,67.5,10.4,7.6,6.66,10.3,30.4,0,981.8,346,0.4,2.2,299,635,87,46,645,311,46,288,20,17,97
GVESTA,2002,3,21,8,14.3,64.5,10.5,7.7,6.72,10.7,31.4,0,981.8,243,1.3,3.5,426,590,151,80,577,427,79,308,43,17,97
GVESTA,2002,3,21,9,16.2,57.1,10.5,7.7,6.73,11.5,33.3,0,981.4,259,2.1,4.8,511,470,231,114,439,489,113,316,50,17,97
GVESTA,2002,3,21,10,17.3,50.7,10,7,6.41,11.7,33.6,0,980.7,242,3,6,697,899,100,74,402,767,75,280,0,17,97
GVESTA,2002,3,21,11,18.4,46.4,9.8,6.7,6.28,12,34.4,0,980.3,237,3.2,6.8,725,884,113,79,160,795,137,282,0,17,97
GVESTA,2002,3,21,12,20.2,40.6,9.6,6.4,6.15,12.6,35.9,0,979.8,257,3.7,7.9,580,450,276,136,135,547,330,330,58,17,97
GVESTA,2002,3,21,13,20.5,39.3,9.5,6.2,6.09,12.6,36.1,0,979.5,274,4.8,8.3,551,551,215,105,105,547,463,317,40,17,97
GVESTA,2002,3,21,14,20.5,38.5,9.3,5.9,5.97,12.5,35.8,0,978.9,263,5.2,8.4,424,463,193,96,96,403,487,330,58,17,97
GVESTA,2002,3,21,15,19.1,42.6,9.4,6.1,6.03,12,34.5,0,979.2,302,5.2,9.6,318,576,103,55,55,322,585,296,13,17,97
GVESTA,2002,3,21,16,16.8,49.6,9.5,6.2,6.09,11.1,32.3,0,979.3,315,5.5,12.7,128,225,83,43,43,104,273,346,80,17,97
GVESTA,2002,3,21,17,16,50.7,9.2,5.8,5.89,10.6,31,0,980,308,3.8,8.8,20,76,15,8,8,15,86,360,100,17,97
GVESTA,2002,3,21,18,16.1,48.7,8.9,5.3,5.7,10.4,30.6,0,979.5,233,2.8,5.3,0,0,0,0,0,0,0,359,100,17,97
GVESTA,2002,3,21,19,16,50.7,9.2,5.8,5.9,10.6,31,0,979.2,287,1.5,3.3,0,0,0,0,0,0,0,358,100,17,97
GVESTA,2002,3,21,20,15.2,56.8,9.8,6.7,6.29,10.7,31.2,0.1,979.4,247,2.2,4,0,0,0,0,0,0,0,357,100,17,97
GVESTA,2002,3,21,21,14.1,66.7,10.7,8,6.87,10.8,31.5,0.1,979.9,224,3.4,7.7,0,0,0,0,0,0,0,357,100,17,97
GVESTA,2002,3,21,22,14.2,68.5,11.1,8.5,7.13,11.1,32.3,0.2,980,191,2.1,8.1,0,0,0,0,0,0,0,341,80,17,97
GVESTA,2002,3,21,23,14.6,60.3,10,7,6.41,10.5,30.9,0,980.4,205,2.5,10.1,0,0,0,0,0,0,0,345,87,17,97
GVESTA,2002,3,22,0,14.7,58.7,9.8,6.7,6.28,10.4,30.7,0,980.4,130,1.9,7.5,0,0,0,0,0,0,0,349,93,19,97
GVESTA,2002,3,22,1,14.1,65.8,10.6,7.8,6.8,10.7,31.3,0,980.6,104,1,4.5,0,0,0,0,0,0,0,353,100,19,97
GVESTA,2002,3,22,2,13.8,66.2,10.4,7.6,6.67,10.5,30.7,0,980.4,340,1.5,5.9,0,0,0,0,0,0,0,343,88,19,97
GVESTA,2002,3,22,3,13,62.9,9.4,6.1,6.02,9.4,28.3,0,981.1,327,2.2,6.3,0,0,0,0,0,0,0,351,100,19,97
GVESTA,2002,3,22,4,12.7,57.8,8.5,4.6,5.43,8.6,26.5,0,981.5,324,2.4,5.6,0,0,0,0,0,0,0,350,100,19,97
GVESTA,2002,3,22,5,13.2,55.9,8.5,4.6,5.43,8.9,27,0,981.6,338,0.8,4.9,0,0,0,0,0,0,0,349,100,19,97
GVESTA,2002,3,22,6,12.6,59,8.6,4.8,5.5,8.7,26.5,0,981.8,254,1.7,4.7,9,0,9,5,5,5,5,348,100,19,97
GVESTA,2002,3,22,7,12.8,62.8,9.3,5.9,5.94,9.2,27.9,0,982.4,360,0.6,2.2,141,45,124,70,114,92,69,349,100,19,97
GVESTA,2002,3,22,8,13.3,62.1,9.5,6.2,6.07,9.6,28.7,0,982.4,90,0.2,1.6,208,19,199,114,130,124,113,349,100,19,97
GVESTA,2002,3,22,9,13.6,56.4,8.8,5.1,5.62,9.2,27.9,0,982.9,257,1.1,4.1,286,56,251,142,180,188,140,350,100,19,97
GVESTA,2002,3,22,10,14.4,48.9,8,3.8,5.11,9.1,27.4,0,982.6,273,1.8,5.1,287,14,277,159,166,168,157,350,100,19,97
GVESTA,2002,3,22,11,14.4,40.9,6.7,1.3,4.27,8.1,25.3,0,982.5,302,1.7,4.5,283,13,274,158,160,166,156,351,100,19,97
GVESTA,2002,3,22,12,14.7,42.5,7.1,2.1,4.53,8.6,26.2,0,982.1,332,2.7,5.9,275,12,267,153,152,161,158,351,100,19,97
GVESTA,2002,3,22,13,14.6,43.4,7.2,2.3,4.6,8.6,26.3,0,981.8,325,3.3,6.3,166,4,163,94,93,95,95,350,100,19,97
GVESTA,2002,3,22,14,14.3,43.6,7.1,2.1,4.53,8.4,25.8,0,981.6,320,1.9,5.5,89,0,89,52,51,50,51,349,100,19,97
GVESTA,2002,3,22,15,14.1,42.9,6.9,1.7,4.41,8.1,25.3,0,980.9,306,2.6,6,93,0,93,54,53,52,53,348,100,19,97
GVESTA,2002,3,22,16,13.6,45.6,7.1,2.1,4.54,8.1,25.1,0,980.4,322,3.3,6.5,51,0,51,29,29,29,29,347,100,19,97
GVESTA,2002,3,22,17,13.4,45.6,7,1.9,4.47,7.9,24.8,0,980.9,326,3.3,6,2,0,2,1,1,1,1,347,100,19,97
GVESTA,2002,3,22,18,13.6,47.6,7.4,2.7,4.73,8.3,25.6,0,980.6,323,2.1,4.6,0,0,0,0,0,0,0,346,100,19,97
GVESTA,2002,3,22,19,13,53.9,8.1,3.9,5.18,8.5,26.1,0.3,981.2,15,2.3,8.3,0,0,0,0,0,0,0,345,100,19,97
GVESTA,2002,3,22,20,11.1,75.8,10,7,6.41,9,27.3,0.3,981.1,135,1.4,6.2,0,0,0,0,0,0,0,344,100,19,97
GVESTA,2002,3,22,21,11.9,70.4,9.8,6.7,6.28,9.2,27.8,0,980.7,270,0.7,2.6,0,0,0,0,0,0,0,343,100,19,97
GVESTA,2002,3,22,22,11.7,74.4,10.2,7.3,6.54,9.4,28.2,0,980.5,135,0.7,2.3,0,0,0,0,0,0,0,342,100,19,97
GVESTA,2002,3,22,23,11.7,73.4,10.1,7.1,6.48,9.3,28.1,0.1,980,236,0.9,3.5,0,0,0,0,0,0,0,331,87,19,97
GVESTA,2002,3,23,0,10.8,77.3,10,7,6.41,8.8,27,0.1,980.4,49,1.8,4.4,0,0,0,0,0,0,0,320,73,16,97
GVESTA,2002,3,23,1,9.9,74.6,9.1,5.6,5.83,7.7,24.6,0,980.5,66,2.7,7.3,0,0,0,0,0,0,0,309,60,16,97
GVESTA,2002,3,23,2,9.8,66.7,8.1,3.9,5.18,6.9,22.9,0,980.3,65,1.7,5,0,0,0,0,0,0,0,279,25,16,97
GVESTA,2002,3,23,3,8.6,70.8,7.9,3.6,5.05,6.2,21.3,0,980.5,52,1.5,3.3,0,0,0,0,0,0,0,318,80,16,97
GVESTA,2002,3,23,4,8.4,66.4,7.3,2.5,4.66,5.7,20.2,0,980.7,43,2.8,6.8,0,0,0,0,0,0,0,295,55,16,97
GVESTA,2002,3,23,5,7.7,62.9,6.6,1.1,4.21,4.8,18.3,0,980.8,23,3.3,5,12,0,12,7,7,7,7,285,33,16,97
GVESTA,2002,3,23,6,7.8,61.6,6.5,0.9,4.15,4.7,18.3,0,981.3,18,2.1,4.7,140,447,57,29,482,127,29,287,25,16,97
GVESTA,2002,3,23,7,9,57.6,6.6,1.1,4.21,5.4,19.6,0,981.7,45,2.2,4.8,320,679,87,46,687,322,46,251,13,16,97
GVESTA,2002,3,23,8,9.4,53.3,6.3,0.4,4.02,5.4,19.6,0,981.5,73,4,8,401,399,209,103,459,358,102,283,50,16,97
GVESTA,2002,3,23,9,9.5,51.5,6.1,0,3.89,5.3,19.3,0,981.7,73,4.8,8.3,517,427,260,125,435,471,125,287,55,16,97
GVESTA,2002,3,23,10,9.9,50.8,6.2,0.2,3.95,5.6,19.9,0,981.6,61,6.4,9.8,636,578,246,117,393,623,117,270,38,16,97
GVESTA,2002,3,23,11,10.3,46.3,5.8,-0.7,3.7,5.5,19.7,0,981.3,64,6,10.3,709,740,189,102,187,729,163,251,20,16,97
GVESTA,2002,3,23,12,11.1,40.8,5.4,-1.7,3.44,5.6,19.8,0,980.9,66,6.2,9.7,729,888,123,79,79,779,376,230,0,16,97
GVESTA,2002,3,23,13,11.4,40,5.4,-1.7,3.44,5.7,20.1,0,980.7,56,6.3,9.6,650,861,118,73,73,689,565,228,0,16,97
GVESTA,2002,3,23,14,11.4,40,5.4,-1.7,3.44,5.7,20.1,0,980.5,60,6.2,10.4,524,819,104,61,62,548,694,227,0,16,97
GVESTA,2002,3,23,15,10.9,44.5,5.8,-0.7,3.7,5.8,20.3,0,980.4,63,7,11.3,361,729,89,48,48,366,722,238,13,16,97
GVESTA,2002,3,23,16,9.6,47.9,5.7,-0.9,3.64,5,18.8,0,980.8,62,7.3,12.2,174,509,67,34,34,160,548,225,0,16,97
GVESTA,2002,3,23,17,8.8,45.9,5.2,-2.2,3.31,4.2,17.2,0,981.1,62,6.6,12.2,23,112,15,8,8,16,122,223,0,16,97
GVESTA,2002,3,23,18,7.9,47.7,5.1,-2.5,3.25,3.6,16.1,0,981.6,55,6.5,11.7,0,0,0,0,0,0,0,242,0,16,97
GVESTA,2002,3,23,19,7.2,46.1,4.7,-3.6,2.99,2.9,14.7,0,981.8,50,6.5,10.4,0,0,0,0,0,0,0,261,0,16,97
GVESTA,2002,3,23,20,6.9,46.4,4.6,-3.8,2.93,2.7,14.3,0,982,49,5.7,9.4,0,0,0,0,0,0,0,258,0,16,97
GVESTA,2002,3,23,21,6.4,48.7,4.7,-3.6,2.99,2.5,13.9,0,982,53,7.2,12.9,0,0,0,0,0,0,0,255,0,16,97
GVESTA,2002,3,23,22,5.7,54.7,5,-2.7,3.18,2.4,13.7,0,982.2,51,7.3,12.1,0,0,0,0,0,0,0,253,0,16,97
GVESTA,2002,3,23,23,5,57.4,5,-2.7,3.18,2,13,0,982,50,9.2,14.7,0,0,0,0,0,0,0,251,0,16,97
GVESTA,2002,3,24,0,4.9,58.7,5.1,-2.5,3.25,2,13.1,0,981,49,8.5,13.6,0,0,0,0,0,0,0,249,0,19,97
GVESTA,2002,3,24,1,4.9,56.5,4.9,-3,3.12,1.8,12.7,0,981.6,58,8.3,14.6,0,0,0,0,0,0,0,247,0,19,97
GVESTA,2002,3,24,2,5,53.7,4.7,-3.6,2.99,1.7,12.5,0,981.6,54,7.4,12.5,0,0,0,0,0,0,0,246,0,19,97
GVESTA,2002,3,24,3,5.2,51,4.5,-4.1,2.86,1.7,12.4,0,981.6,59,6.1,11.8,0,0,0,0,0,0,0,245,0,19,97
GVESTA,2002,3,24,4,4.7,54,4.6,-3.8,2.93,1.5,12.1,0,981.6,49,9.1,16.1,0,0,0,0,0,0,0,244,0,19,97
GVESTA,2002,3,24,5,4.4,57.3,4.8,-3.3,3.06,1.4,12.1,0,981.5,52,8.7,14.6,8,0,8,5,5,5,5,243,0,19,97
GVESTA,2002,3,24,6,4.3,57.7,4.8,-3.3,3.06,1.4,12,0,981.7,50,7.4,13.2,150,482,59,32,521,135,32,243,0,19,97
GVESTA,2002,3,24,7,5.1,53.3,4.7,-3.6,2.99,1.8,12.6,0,981.9,61,7.7,15.2,321,604,106,58,632,313,58,251,13,19,97
GVESTA,2002,3,24,8,6,46.1,4.3,-4.7,2.74,1.9,12.9,0,981.8,57,7.3,15.2,511,836,98,65,733,536,66,250,0,19,97
GVESTA,2002,3,24,9,6.7,40.7,4,-5.7,2.55,2.1,13.1,0,981.4,52,10.3,16.6,644,868,118,80,612,684,81,253,0,19,97
GVESTA,2002,3,24,10,7.5,41.6,4.3,-4.7,2.74,2.8,14.4,0,981.3,58,10.4,16.4,743,930,111,86,429,798,87,235,0,19,97
GVESTA,2002,3,24,11,8.2,42.4,4.6,-3.8,2.93,3.4,15.6,0,981.5,59,10.8,17.4,774,925,120,90,175,832,156,215,0,19,97
GVESTA,2002,3,24,12,8.6,38.6,4.3,-4.7,2.74,3.4,15.5,0,980.6,60,11.9,18,748,911,121,88,89,802,393,217,0,19,97
GVESTA,2002,3,24,13,9.1,36.5,4.2,-5,2.68,3.6,15.9,0,980.6,62,11.5,18.3,663,866,124,82,83,703,584,215,0,19,97
GVESTA,2002,3,24,14,8.8,38.1,4.3,-4.7,2.74,3.5,15.7,0,980.8,60,11.5,19.5,537,835,105,69,69,562,715,213,0,19,97
GVESTA,2002,3,24,15,8.6,35.8,4,-5.7,2.55,3.1,15,0,980.7,59,11.1,18.2,369,733,92,54,54,372,732,212,0,19,97
GVESTA,2002,3,24,16,7.9,38.4,4.1,-5.4,2.61,2.8,14.5,0,981.1,57,10.6,17,185,551,66,35,35,169,591,211,0,19,97
GVESTA,2002,3,24,17,7,39,3.9,-6,2.48,2.2,13.3,0,981.5,49,8.5,14.5,25,115,16,9,9,17,126,254,0,19,97
GVESTA,2002,3,24,18,6.1,43.4,4.1,-5.4,2.61,1.8,12.7,0,981.7,50,8.8,14.7,0,0,0,0,0,0,0,252,0,19,97
GVESTA,2002,3,24,19,5.7,47.1,4.3,-4.7,2.74,1.8,12.6,0,981.3,50,9.1,15.5,0,0,0,0,0,0,0,248,0,19,97
GVESTA,2002,3,24,20,5.4,45.6,4.1,-5.4,2.61,1.4,12,0,981.7,47,8.6,14,0,0,0,0,0,0,0,245,0,19,97
GVESTA,2002,3,24,21,4.6,48.2,4.1,-5.4,2.61,1,11.2,0,981.2,45,8.2,13.2,0,0,0,0,0,0,0,242,0,19,97
GVESTA,2002,3,24,22,4.2,49.6,4.1,-5.4,2.61,0.7,10.8,0,981.2,48,8.1,12.4,0,0,0,0,0,0,0,238,0,19,97
GVESTA,2002,3,24,23,4.1,49.9,4.1,-5.4,2.61,0.7,10.7,0,980.6,56,7.3,11.5,0,0,0,0,0,0,0,236,0,19,97
GVESTA,2002,3,25,0,3.7,54.1,4.3,-4.7,2.74,0.6,10.6,0,980.6,55,7,12.2,0,0,0,0,0,0,0,233,0,17,97
GVESTA,2002,3,25,1,3.7,56.6,4.5,-4.1,2.87,0.8,10.9,0,980.5,47,5.4,12.1,0,0,0,0,0,0,0,231,0,17,97
GVESTA,2002,3,25,2,3.4,57.9,4.5,-4.1,2.87,0.6,10.6,0,979.9,46,5.2,10.6,0,0,0,0,0,0,0,230,0,17,97
GVESTA,2002,3,25,3,2.7,62.2,4.6,-3.8,2.93,0.3,10,0,979.9,43,4.4,7.8,0,0,0,0,0,0,0,237,45,17,97
GVESTA,2002,3,25,4,2.3,64,4.6,-3.8,2.93,0.1,9.6,0,979.7,43,4.5,9,0,0,0,0,0,0,0,240,68,17,97
GVESTA,2002,3,25,5,2,65.4,4.6,-3.8,2.93,-0.1,9.3,0,979.8,46,5.3,9,8,0,8,5,5,5,5,239,68,17,97
GVESTA,2002,3,25,6,1.8,66.3,4.6,-3.8,2.93,-0.2,9.1,0,980,53,5.7,10.2,103,101,84,46,151,67,46,245,100,17,97
GVESTA,2002,3,25,7,2.3,66.4,4.8,-3.3,3.06,0.2,10,0,980.3,58,5.9,10.4,215,114,173,94,208,146,93,250,100,17,97
GVESTA,2002,3,25,8,3.4,60.1,4.7,-3.6,3,0.8,10.9,0,980,72,5.9,11.1,390,293,244,123,391,318,122,257,75,17,97
GVESTA,2002,3,25,9,4.2,55.9,4.6,-3.8,2.93,1.2,11.6,0,980.2,80,5.4,11,561,507,250,120,482,523,119,264,55,17,97
GVESTA,2002,3,25,10,4.9,54.1,4.7,-3.6,3,1.6,12.4,0,980,73,5.9,11.8,629,499,287,137,386,586,137,271,45,17,97
GVESTA,2002,3,25,11,6.1,49.7,4.7,-3.6,3,2.3,13.7,0,979.2,62,6.3,11.3,681,573,273,130,219,655,204,276,50,17,97
GVESTA,2002,3,25,12,7.1,47.5,4.8,-3.3,3.06,3,14.8,0,979,63,6.6,11.2,670,603,252,121,121,651,385,247,33,17,97
GVESTA,2002,3,25,13,8,44.7,4.8,-3.3,3.07,3.5,15.7,0,978.4,59,7.2,11.3,671,882,118,75,76,697,582,212,0,17,97
GVESTA,2002,3,25,14,8.7,39.2,4.4,-4.4,2.81,3.5,15.8,0,978.1,65,6.5,12,538,822,110,65,65,549,705,212,0,17,97
GVESTA,2002,3,25,15,8.7,39.2,4.4,-4.4,2.81,3.5,15.8,0,977.8,62,6.7,12.2,373,734,92,51,51,365,730,212,0,17,97
GVESTA,2002,3,25,16,8.5,40.6,4.5,-4.1,2.88,3.5,15.8,0,977.9,61,6.8,11.6,189,561,65,33,33,167,599,212,0,17,97
GVESTA,2002,3,25,17,7.9,40.5,4.3,-4.7,2.75,3,14.8,0,978.5,54,6.5,10.9,27,123,17,9,9,17,135,256,0,17,97
GVESTA,2002,3,25,18,6.7,43.9,4.3,-4.7,2.74,2.3,13.6,0,979.2,41,5,8.8,0,0,0,0,0,0,0,255,0,17,97
GVESTA,2002,3,25,19,6,46.1,4.3,-4.7,2.74,1.9,12.9,0,979.5,38,4.3,7,0,0,0,0,0,0,0,252,0,17,97
GVESTA,2002,3,25,20,6.2,44.4,4.2,-5,2.68,2,12.9,0,979.4,45,4.5,9.6,0,0,0,0,0,0,0,248,0,17,97
GVESTA,2002,3,25,21,5.6,47.4,4.3,-4.7,2.74,1.7,12.5,0,979.9,42,4.7,8.1,0,0,0,0,0,0,0,245,0,17,97
GVESTA,2002,3,25,22,4.8,50.1,4.3,-4.7,2.74,1.3,11.7,0,980.3,50,4.9,8.8,0,0,0,0,0,0,0,248,20,17,97
GVESTA,2002,3,25,23,4.2,52.3,4.3,-4.7,2.74,0.9,11.1,0,980.2,53,4.7,7.9,0,0,0,0,0,0,0,247,28,17,97
GVESTA,2002,3,26,0,4.1,53.8,4.4,-4.4,2.8,0.9,11.1,0,980.5,54,2.4,7.3,0,0,0,0,0,0,0,247,35,19,97
GVESTA,2002,3,26,1,3.2,56.1,4.3,-4.7,2.74,0.3,10.1,0,980.3,31,1.8,6.2,0,0,0,0,0,0,0,246,43,19,97
GVESTA,2002,3,26,2,3.4,56.6,4.4,-4.4,2.81,0.5,10.4,0,980,45,0.9,3.1,0,0,0,0,0,0,0,242,33,19,97
GVESTA,2002,3,26,3,2.5,60.3,4.4,-4.4,2.81,0,9.5,0,979.9,252,0.3,1.6,0,0,0,0,0,0,0,247,55,19,97
GVESTA,2002,3,26,4,1.7,62.4,4.3,-4.7,2.74,-0.6,8.5,0,980.3,248,0.6,1.8,0,0,0,0,0,0,0,248,63,19,97
GVESTA,2002,3,26,5,1.4,62.3,4.2,-5,2.68,-0.9,8.1,0,980.3,259,0.5,1.5,15,0,15,9,9,9,9,246,60,19,97
GVESTA,2002,3,26,6,0.9,66.1,4.3,-4.7,2.74,-1.1,7.7,0,980.8,256,0.4,1.6,149,369,72,38,415,122,38,248,68,19,97
GVESTA,2002,3,26,7,2.5,65.5,4.8,-3.3,3.06,0.3,10.2,0,980.7,252,0.3,1.7,280,333,155,81,408,236,81,254,80,19,97
GVESTA,2002,3,26,8,4,58.9,4.8,-3.3,3.06,1.2,11.7,0,980.8,61,2.8,7.2,525,837,102,67,737,534,68,244,13,19,97
GVESTA,2002,3,26,9,4.8,54.4,4.7,-3.6,3,1.6,12.3,0,980.5,54,3.1,6,661,880,118,81,617,685,81,245,0,19,97
GVESTA,2002,3,26,10,5.9,51.6,4.8,-3.3,3.06,2.3,13.6,0,979.9,62,3.1,5.9,758,936,113,87,431,796,88,250,0,19,97
GVESTA,2002,3,26,11,7,46.7,4.7,-3.6,3,2.8,14.6,0,979.3,63,3.3,6.3,789,933,121,91,176,831,159,211,0,19,97
GVESTA,2002,3,26,12,8.4,44.4,4.9,-3,3.13,3.8,16.3,0,978.6,75,3.6,6.9,720,762,187,109,110,729,385,227,13,19,97
GVESTA,2002,3,26,13,9.2,38.8,4.5,-4.1,2.87,3.9,16.5,0,978.4,68,3.6,6.3,677,881,121,83,83,702,594,213,0,19,97
GVESTA,2002,3,26,14,10.6,33.7,4.3,-4.7,2.75,4.4,17.6,0,977.6,56,4.4,8.2,547,837,108,70,70,556,721,213,0,19,97
GVESTA,2002,3,26,15,10.8,33.3,4.3,-4.7,2.75,4.5,17.8,0,977.4,58,5.2,8.7,377,729,96,55,56,365,733,214,0,19,97
GVESTA,2002,3,26,16,10.9,33.1,4.3,-4.7,2.75,4.6,17.9,0,977.4,59,5.2,8.1,194,573,66,36,36,169,614,214,0,19,97
GVESTA,2002,3,26,17,10,36.7,4.5,-4.1,2.88,4.3,17.3,0,977.5,46,4.9,7.5,29,134,17,9,9,18,147,214,0,19,97
GVESTA,2002,3,26,18,8.9,41.1,4.7,-3.6,3,3.8,16.5,0,977.9,43,4.9,9.1,0,0,0,0,0,0,0,214,0,19,97
GVESTA,2002,3,26,19,8.7,42.6,4.8,-3.3,3.07,3.8,16.5,0,978.4,46,6.1,10,0,0,0,0,0,0,0,233,0,19,97
GVESTA,2002,3,26,20,7.9,43.3,4.6,-3.8,2.94,3.3,15.3,0,978.6,44,5.8,10.6,0,0,0,0,0,0,0,251,0,19,97
GVESTA,2002,3,26,21,7.5,44.5,4.6,-3.8,2.94,3,14.9,0,979,39,4.2,7.2,0,0,0,0,0,0,0,248,0,19,97
GVESTA,2002,3,26,22,6.9,47.1,4.7,-3.6,3,2.8,14.5,0,979.2,43,4.7,8.8,0,0,0,0,0,0,0,252,20,19,97
GVESTA,2002,3,26,23,6.5,48.4,4.7,-3.6,3,2.5,14.1,0,978.8,49,4.7,9,0,0,0,0,0,0,0,249,22,19,97
GVESTA,2002,3,27,0,6.6,50.3,4.9,-3,3.13,2.8,14.5,0,979.2,55,3,8.1,0,0,0,0,0,0,0,245,23,18,97
GVESTA,2002,3,27,1,6.1,54,5.1,-2.5,3.26,2.7,14.3,0,978.9,69,3.7,7.5,0,0,0,0,0,0,0,242,25,18,97
GVESTA,2002,3,27,2,5.9,54.7,5.1,-2.5,3.26,2.5,14.1,0,979.3,75,3.1,7.1,0,0,0,0,0,0,0,235,0,18,97
GVESTA,2002,3,27,3,5.2,56.6,5,-2.7,3.19,2.1,13.2,0,979.2,45,1.3,4.4,0,0,0,0,0,0,0,234,0,18,97
GVESTA,2002,3,27,4,5,58.3,5.1,-2.5,3.26,2,13.2,0,979.6,69,1.9,5.7,0,0,0,0,0,0,0,232,0,18,97
GVESTA,2002,3,27,5,4.3,64,5.3,-1.9,3.38,1.8,12.8,0,979.5,75,3.1,8.1,24,107,18,9,119,13,9,234,13,18,97
GVESTA,2002,3,27,6,4,65.4,5.3,-1.9,3.38,1.7,12.5,0,979.9,67,4.5,9,169,512,64,34,555,139,34,232,0,18,97
GVESTA,2002,3,27,7,4.3,64.9,5.4,-1.7,3.45,1.9,12.9,0,980.2,77,2.8,6.7,358,736,89,52,746,340,52,238,0,18,97
GVESTA,2002,3,27,8,4.3,64,5.3,-1.9,3.38,1.8,12.8,0,980.8,69,3.6,7.2,530,833,104,68,735,530,68,244,0,18,97
GVESTA,2002,3,27,9,5,60.9,5.3,-1.9,3.38,2.2,13.5,0,980.7,73,3.5,6.9,667,890,113,80,619,685,81,250,0,18,97
GVESTA,2002,3,27,10,6.8,53.8,5.3,-1.9,3.38,3.2,15.3,0,980,60,3.6,8.6,758,925,116,87,428,787,89,235,0,18,97
GVESTA,2002,3,27,11,7.4,50.5,5.2,-2.2,3.32,3.5,15.8,0,979.7,57,3.9,8.4,792,937,117,90,172,825,159,218,0,18,97
GVESTA,2002,3,27,12,9.1,46,5.3,-1.9,3.38,4.5,17.7,0,979.3,56,4.5,8.3,760,903,126,90,91,786,399,222,0,18,97
GVESTA,2002,3,27,13,10.3,40,5,-2.7,3.19,4.8,18.4,0,978.8,61,5.2,8.7,676,872,122,83,83,692,589,222,0,18,97
GVESTA,2002,3,27,14,10.4,38.8,4.9,-3,3.13,4.8,18.3,0,978.8,62,5.7,10.1,548,836,105,69,70,549,719,222,0,18,97
GVESTA,2002,3,27,15,10.5,38.6,4.9,-3,3.13,4.9,18.4,0,978.4,61,6.3,9.8,379,735,92,55,55,361,736,223,0,18,97
GVESTA,2002,3,27,16,10.5,39.5,5,-2.7,3.19,4.9,18.6,0,978.4,61,5.2,8.8,193,544,69,37,37,162,587,224,0,18,97
GVESTA,2002,3,27,17,10,40.8,5,-2.7,3.19,4.7,18.1,0,978.7,56,4.2,8,31,143,18,9,9,18,156,225,0,18,97
GVESTA,2002,3,27,18,8.9,43.9,5,-2.7,3.19,4.1,17,0,978.8,43,5.3,9,0,0,0,0,0,0,0,225,0,18,97
GVESTA,2002,3,27,19,8.7,44.5,5,-2.7,3.19,4,16.8,0,979.2,50,5.1,8.3,0,0,0,0,0,0,0,223,0,18,97
GVESTA,2002,3,27,20,8.2,46.1,5,-2.7,3.19,3.7,16.3,0,979.6,53,5.8,10.6,0,0,0,0,0,0,0,262,0,18,97
GVESTA,2002,3,27,21,8.1,48.1,5.2,-2.2,3.32,3.8,16.5,0,979.7,56,3.6,7.4,0,0,0,0,0,0,0,257,0,18,97
GVESTA,2002,3,27,22,7.5,52,5.4,-1.7,3.45,3.7,16.2,0,979.4,48,2.4,5.5,0,0,0,0,0,0,0,253,0,18,97
GVESTA,2002,3,27,23,6.4,55.3,5.3,-1.9,3.38,3,14.9,0,980.1,45,1.9,4.3,0,0,0,0,0,0,0,252,4,18,97
GVESTA,2002,3,28,0,5.8,57.6,5.3,-1.9,3.38,2.7,14.3,0,980.5,45,2.5,4.5,0,0,0,0,0,0,0,251,9,19,97
GVESTA,2002,3,28,1,5.7,56.8,5.2,-2.2,3.31,2.5,14,0,981,35,1.2,2.9,0,0,0,0,0,0,0,250,13,19,97
GVESTA,2002,3,28,2,6,54.4,5.1,-2.5,3.25,2.6,14.2,0,980.9,27,0.2,1.8,0,0,0,0,0,0,0,246,0,19,97
GVESTA,2002,3,28,3,5.4,55.8,5,-2.7,3.19,2.2,13.4,0,981,0,0,0.3,0,0,0,0,0,0,0,246,0,19,97
GVESTA,2002,3,28,4,3.8,61.1,4.9,-3,3.12,1.2,11.6,0,981.3,243,0.7,1.7,0,0,0,0,0,0,0,246,0,19,97
GVESTA,2002,3,28,5,3.2,63.7,4.9,-3,3.12,0.8,11,0,981.5,270,0.2,1.2,22,107,15,8,118,11,8,246,0,19,97
GVESTA,2002,3,28,6,2.9,66.6,5,-2.7,3.18,0.8,10.9,0,981.8,0,0,0,171,512,64,35,555,137,35,247,0,19,97
GVESTA,2002,3,28,7,4.1,68.3,5.6,-1.2,3.57,2,13.1,0,982,74,1.5,5.3,358,722,89,54,734,335,54,253,0,19,97
GVESTA,2002,3,28,8,4.7,62.2,5.3,-1.9,3.38,2.1,13.2,0,982,79,3.7,7,528,818,105,70,724,522,71,259,0,19,97
GVESTA,2002,3,28,9,5.4,59.3,5.3,-1.9,3.38,2.5,13.9,0,981.5,63,3.6,6.7,667,887,110,82,615,679,83,244,0,19,97
GVESTA,2002,3,28,10,6.5,55.7,5.4,-1.7,3.44,3.1,15.2,0,980.8,61,2.6,5.3,754,906,120,91,427,776,92,227,0,19,97
GVESTA,2002,3,28,11,7.7,54.4,5.7,-0.9,3.64,4,16.9,0,980.2,67,2.1,5.3,791,932,114,93,174,818,160,232,0,19,97
GVESTA,2002,3,28,12,9.1,50.2,5.8,-0.7,3.71,4.9,18.5,0,979.2,58,1.6,4.9,759,897,125,93,94,779,400,239,0,19,97
GVESTA,2002,3,28,13,10.7,44.5,5.7,-0.9,3.64,5.6,19.9,0,978.8,74,2.2,5.9,673,855,126,86,87,682,586,239,0,19,97
GVESTA,2002,3,28,14,11.6,40.4,5.5,-1.4,3.52,5.9,20.5,0,977.6,70,3,5.8,548,829,106,72,72,543,717,238,0,19,97
GVESTA,2002,3,28,15,12.4,36.9,5.3,-1.9,3.39,6.1,21,0,977,66,2.7,5.5,383,751,88,55,55,361,749,238,0,19,97
GVESTA,2002,3,28,16,12.8,37.3,5.5,-1.4,3.52,6.5,21.8,0,976.7,62,2.9,5.2,195,543,69,38,38,159,588,237,0,19,97
GVESTA,2002,3,28,17,12.1,41.1,5.8,-0.7,3.72,6.4,21.5,0,976.4,59,2.6,4.4,32,145,18,10,10,17,158,237,0,19,97
GVESTA,2002,3,28,18,10.5,51.4,6.5,0.9,4.17,6.1,21.1,0,976.6,58,2.3,3.7,0,0,0,0,0,0,0,235,0,19,97
GVESTA,2002,3,28,19,9.8,51.2,6.2,0.2,3.97,5.5,19.8,0,977.1,45,2.1,3.2,0,0,0,0,0,0,0,230,0,19,97
GVESTA,2002,3,28,20,8.2,56.2,6.1,0,3.91,4.6,18.1,0,976.8,247,1.9,2.7,0,0,0,0,0,0,0,228,0,19,97
GVESTA,2002,3,28,21,7.5,58.1,6,-0.2,3.84,4.2,17.2,0,977.6,243,1.5,2.3,0,0,0,0,0,0,0,226,0,19,97
GVESTA,2002,3,28,22,7.5,58.1,6,-0.2,3.84,4.2,17.2,0,977.7,256,0.5,1.9,0,0,0,0,0,0,0,264,0,19,97
GVESTA,2002,3,28,23,6.2,62.1,5.9,-0.5,3.78,3.4,15.7,0,978,315,0.6,1.5,0,0,0,0,0,0,0,261,0,19,97
GVESTA,2002,3,29,0,5.4,64.7,5.8,-0.7,3.71,2.9,14.7,0,978.1,280,0.5,1.2,0,0,0,0,0,0,0,257,0,18,97
GVESTA,2002,3,29,1,4.8,65.1,5.6,-1.2,3.58,2.4,13.8,0,978.2,286,0.7,1.5,0,0,0,0,0,0,0,254,0,18,97
GVESTA,2002,3,29,2,4.5,63.1,5.3,-1.9,3.39,1.9,13,0,978.3,281,0.7,1,0,0,0,0,0,0,0,253,0,18,97
GVESTA,2002,3,29,3,4.9,60,5.2,-2.2,3.32,2.1,13.3,0,978.1,278,0.2,1,0,0,0,0,0,0,0,251,0,18,97
GVESTA,2002,3,29,4,4.2,63,5.2,-2.2,3.32,1.7,12.5,0,978.6,277,0.3,1.2,0,0,0,0,0,0,0,249,0,18,97
GVESTA,2002,3,29,5,3.1,66.6,5.1,-2.5,3.26,0.9,11.3,0,978.9,273,0.5,1,25,120,16,12,131,8,8,247,0,18,97
GVESTA,2002,3,29,6,2.9,70.6,5.3,-1.9,3.39,1,11.4,0,979.1,273,0.7,1,179,530,65,35,574,139,35,247,0,18,97
GVESTA,2002,3,29,7,5.3,68.6,6.1,0,3.9,3.1,15.1,0,979.2,270,1,1.5,366,735,89,53,744,336,53,253,0,18,97
GVESTA,2002,3,29,8,6.9,57.5,5.7,-0.9,3.64,3.6,16.1,0,979.3,99,1.3,3.8,538,834,103,68,733,524,69,238,0,18,97
GVESTA,2002,3,29,9,8.3,53.8,5.9,-0.5,3.77,4.5,17.8,0,979.6,120,0.9,3.6,636,733,175,99,578,616,99,241,20,18,97
GVESTA,2002,3,29,10,10,49,6,-0.2,3.84,5.5,19.7,0,979,90,1.2,4.1,670,577,264,132,412,630,132,269,43,18,97
GVESTA,2002,3,29,11,11.2,43.6,5.8,-0.7,3.71,5.9,20.6,0,978.5,78,1.7,4.8,655,471,310,158,218,588,237,302,68,18,97
GVESTA,2002,3,29,12,13.3,37.5,5.7,-0.9,3.65,6.9,22.6,0,977.9,66,2.2,5.4,680,591,261,131,131,643,396,268,25,18,97
GVESTA,2002,3,29,13,13.9,30.2,4.8,-3.3,3.07,6.5,21.7,0,977.5,62,1.9,4.9,587,510,256,129,129,534,475,302,63,18,97
GVESTA,2002,3,29,14,14.1,30.4,4.9,-3,3.13,6.6,22.1,0,977.1,56,1.6,4.2,343,170,247,134,133,254,281,334,100,18,97
GVESTA,2002,3,29,15,14.2,28.9,4.7,-3.6,3.01,6.5,21.9,0,976.9,100,1.2,2.9,98,0,98,56,56,55,55,333,100,18,97
GVESTA,2002,3,29,16,14.5,25.5,4.2,-5,2.69,6.3,21.4,0,976.9,90,0.9,2,34,0,34,20,19,19,19,332,100,18,97
GVESTA,2002,3,29,17,15,24,4.1,-5.4,2.62,6.4,21.7,0,977.3,51,0.7,1.3,23,35,20,11,11,12,47,311,75,18,97
GVESTA,2002,3,29,18,13.2,29.7,4.5,-4.1,2.88,5.9,20.5,0,977.5,20,0.5,1.2,0,0,0,0,0,0,0,298,60,18,97
GVESTA,2002,3,29,19,10.9,38.4,5,-2.7,3.2,5.1,19,0,977.7,233,0.5,1.4,0,0,0,0,0,0,0,327,100,18,97
GVESTA,2002,3,29,20,9.7,48.2,5.8,-0.7,3.71,5.2,19.1,0,978.2,252,0.7,1.9,0,0,0,0,0,0,0,325,100,18,97
GVESTA,2002,3,29,21,9.6,50.4,6,-0.2,3.84,5.3,19.3,0,978,261,0.7,1.9,0,0,0,0,0,0,0,323,100,18,97
GVESTA,2002,3,29,22,8.8,56.3,6.4,0.6,4.1,5.2,19.1,0,978.5,270,0.7,1.7,0,0,0,0,0,0,0,321,100,18,97
GVESTA,2002,3,29,23,8,59.5,6.4,0.6,4.09,4.7,18.3,0,978.6,270,0.6,1.5,0,0,0,0,0,0,0,318,100,18,97
GVESTA,2002,3,30,0,7.7,62,6.5,0.9,4.16,4.7,18.2,0,978.8,250,0.5,1.3,0,0,0,0,0,0,0,314,100,19,97
GVESTA,2002,3,30,1,7.2,64.2,6.5,0.9,4.16,4.4,17.7,0,978.8,270,0.5,1.1,0,0,0,0,0,0,0,311,100,19,97
GVESTA,2002,3,30,2,7.1,64.6,6.5,0.9,4.16,4.4,17.6,0,978.9,270,0.5,1,0,0,0,0,0,0,0,310,100,19,97
GVESTA,2002,3,30,3,7,63.7,6.4,0.6,4.09,4.2,17.3,0,978.9,270,0.5,1.2,0,0,0,0,0,0,0,309,100,19,97
GVESTA,2002,3,30,4,6.7,63.2,6.2,0.2,3.96,3.9,16.7,0,979.3,259,0.5,1.5,0,0,0,0,0,0,0,308,100,19,97
GVESTA,2002,3,30,5,6.6,64.5,6.3,0.4,4.03,3.9,16.7,0,979.4,248,0.6,1.8,2,0,2,1,1,1,1,308,100,19,97
GVESTA,2002,3,30,6,6.6,65.5,6.4,0.6,4.09,4,16.9,0,979.9,239,0.7,2.2,12,0,12,7,7,7,7,309,100,19,97
GVESTA,2002,3,30,7,7.1,65.6,6.6,1.1,4.22,4.4,17.7,0,980,236,0.7,2.6,28,0,28,16,16,16,16,315,100,19,97
GVESTA,2002,3,30,8,7.4,64.3,6.6,1.1,4.21,4.6,18,0,980.6,236,0.8,2.9,51,0,51,29,29,28,29,320,100,19,97
GVESTA,2002,3,30,9,8.7,53.5,6,-0.2,3.83,4.8,18.4,0,980.5,234,0.9,3.2,75,0,75,43,43,42,43,324,100,19,97
GVESTA,2002,3,30,10,9,53.2,6.1,0,3.89,5,18.8,0,980.3,247,0.9,3.2,89,0,89,51,51,50,51,327,100,19,97
GVESTA,2002,3,30,11,9.8,49.7,6,-0.2,3.83,5.4,19.5,0,980.3,257,1,3.2,99,0,99,57,56,55,56,330,100,19,97
GVESTA,2002,3,30,12,10.8,44.8,5.8,-0.7,3.7,5.7,20.2,0,979.6,265,1.2,3.4,96,0,96,55,55,54,54,332,100,19,97
GVESTA,2002,3,30,13,11.4,44.7,6,-0.2,3.83,6.2,21.1,0,979.7,270,1.7,4,73,0,73,42,42,41,42,332,100,19,97
GVESTA,2002,3,30,14,11.5,45.7,6.2,0.2,3.96,6.4,21.6,0,979.2,278,0.8,2.4,127,2,126,72,72,72,73,332,100,19,97
GVESTA,2002,3,30,15,12,44.8,6.3,0.4,4.03,6.7,22.2,0,978.7,150,0.9,2.9,32,0,32,18,18,18,18,331,100,19,97
GVESTA,2002,3,30,16,12.1,46.2,6.5,0.9,4.16,6.9,22.7,0,977.9,146,0.9,2.9,44,8,43,24,24,25,32,331,100,19,97
GVESTA,2002,3,30,17,11.3,47.7,6.4,0.6,4.1,6.4,21.7,0,978.4,148,0.8,2.7,15,3,15,8,8,8,12,314,80,19,97
GVESTA,2002,3,30,18,10.3,50.2,6.3,0.4,4.03,5.8,20.5,0,978.6,153,0.7,2.4,0,0,0,0,0,0,0,291,55,19,97
GVESTA,2002,3,30,19,9.9,51.6,6.3,0.4,4.03,5.6,20.1,0,979.2,180,0.7,2.1,0,0,0,0,0,0,0,300,68,19,97
GVESTA,2002,3,30,20,9.2,53.3,6.2,0.2,3.96,5.2,19.2,0,979.3,225,0.6,1.8,0,0,0,0,0,0,0,257,20,19,97
GVESTA,2002,3,30,21,8.3,56.6,6.2,0.2,3.96,4.7,18.3,0,979.2,259,0.6,1.6,0,0,0,0,0,0,0,239,0,19,97
GVESTA,2002,3,30,22,7.2,61.9,6.3,0.4,4.03,4.2,17.4,0,979.3,270,0.6,1.4,0,0,0,0,0,0,0,257,0,19,97
GVESTA,2002,3,30,23,5.5,68.6,6.2,0.2,3.97,3.2,15.5,0,978.8,270,0.6,1.4,0,0,0,0,0,0,0,275,0,19,97
GVESTA,2002,3,31,0,4.9,70.5,6.1,0,3.9,2.8,14.7,0,978.6,270,0.7,1.3,0,0,0,0,0,0,0,272,0,19,97
GVESTA,2002,3,31,1,4.9,69.5,6,-0.2,3.84,2.8,14.5,0,978.3,260,0.8,1.3,0,0,0,0,0,0,0,270,0,19,97
GVESTA,2002,3,31,2,4.2,70.4,5.8,-0.7,3.71,2.2,13.5,0,978.2,265,0.9,1.2,0,0,0,0,0,0,0,270,0,19,97
GVESTA,2002,3,31,3,4,68.8,5.6,-1.2,3.58,1.9,13,0,978,270,0.9,1.2,0,0,0,0,0,0,0,269,0,19,97
GVESTA,2002,3,31,4,3.6,70.8,5.6,-1.2,3.58,1.7,12.6,0,978.1,270,1,1.2,0,0,0,0,0,0,0,268,0,19,97
GVESTA,2002,3,31,5,3.2,71.7,5.5,-1.4,3.52,1.4,12,0,978.5,270,1,1.4,27,115,17,14,127,9,9,267,0,19,97
GVESTA,2002,3,31,6,3.2,75.5,5.8,-0.7,3.71,1.6,12.5,0,978.5,281,0.8,1.7,185,520,67,36,565,136,36,268,0,19,97
GVESTA,2002,3,31,7,5.4,75.9,6.8,1.5,4.35,3.7,16.3,0,978.4,360,0.6,2,370,725,89,54,735,327,54,274,0,19,97
GVESTA,2002,3,31,8,7.4,62,6.4,0.6,4.1,4.4,17.7,0,978.3,53,0.6,2.6,539,819,103,69,721,510,70,238,0,19,97
GVESTA,2002,3,31,9,8.7,53.5,6,-0.2,3.84,4.8,18.4,0,977.7,73,1.1,3.7,673,867,115,82,602,657,83,240,0,19,97
GVESTA,2002,3,31,10,10.8,48.6,6.3,0.4,4.04,6.1,21,0,977.3,84,1,3.5,761,896,121,90,419,755,91,243,0,19,97
GVESTA,2002,3,31,11,12.6,44.7,6.5,0.9,4.17,7.2,23.2,0,976.4,90,1.2,3.4,795,913,119,92,171,793,162,251,0,19,97
GVESTA,2002,3,31,12,14.3,40.6,6.6,1.1,4.24,8,25.1,0,975.5,98,1.5,3.5,724,745,187,111,111,697,385,269,13,19,97
GVESTA,2002,3,31,13,15.4,37.3,6.5,0.9,4.17,8.5,26,0,974.9,86,1.8,3.6,594,529,248,126,126,537,486,294,43,19,97
GVESTA,2002,3,31,14,15.6,34.5,6.1,0,3.92,8.3,25.6,0,974.2,77,2.2,3.8,515,659,161,90,90,469,633,304,55,19,97
GVESTA,2002,3,31,15,16.1,32.9,6,-0.2,3.86,8.4,25.9,0,973.8,72,2.5,4,340,459,155,79,79,282,529,304,55,19,97
GVESTA,2002,3,31,16,15.2,36.9,6.3,0.5,4.06,8.2,25.5,0,973.7,82,2.4,4.3,202,531,73,39,39,150,579,265,13,19,97
GVESTA,2002,3,31,17,14.4,38.9,6.3,0.5,4.08,7.9,24.7,0,973.7,120,2.2,4.2,37,157,20,11,11,17,172,252,0,19,97
GVESTA,2002,3,31,18,13.2,42.5,6.4,0.6,4.1,7.3,23.6,0,973.8,130,2,3.8,0,0,0,0,0,0,0,250,0,19,97
GVESTA,2002,3,31,19,12.1,46.6,6.5,0.9,4.18,6.9,22.7,0,973.9,150,1.8,3.4,0,0,0,0,0,0,0,248,0,19,97
GVESTA,2002,3,31,20,11.1,51.3,6.6,1.1,4.27,6.5,21.9,0,972.9,150,1.5,3,0,0,0,0,0,0,0,246,0,19,97
GVESTA,2002,3,31,21,10.2,55.6,6.8,1.4,4.38,6.2,21.2,0,970.8,160,1.3,2.5,0,0,0,0,0,0,0,244,0,19,97
GVESTA,2002,3,31,22,9.3,59.9,6.9,1.7,4.49,5.9,20.7,0,968.6,170,1.1,2.1,0,0,0,0,0,0,0,242,0,19,97
GVESTA,2002,3,31,23,8.6,64.2,7.1,2.1,4.62,5.6,20.3,0,965.4,180,0.9,1.6,0,0,0,0,0,0,0,241,0,19,97
GVESTA,2022,4,1,0,8.1,67.5,7.2,2.3,4.71,5.4,19.9,0,962,344,0.9,1.7,0,0,0,0,0,0,0,323,100,20,96
GVESTA,2022,4,1,1,7.6,70.3,7.3,2.5,4.79,5.3,19.7,0,958.7,27,0.4,1.3,0,0,0,0,0,0,0,321,100,20,96
GVESTA,2022,4,1,2,7.1,71.7,7.3,2.3,4.75,5,19.1,0,956.5,304,1,3.3,0,0,0,0,0,0,0,318,100,20,96
GVESTA,2022,4,1,3,6.6,72,7.1,1.9,4.64,4.5,18.3,0,954.4,263,1.1,3.7,0,0,0,0,0,0,0,316,100,20,96
GVESTA,2022,4,1,4,6.2,72.2,6.9,1.5,4.53,4.1,17.6,0,953.3,243,1.1,2,0,0,0,0,0,0,0,313,100,20,96
GVESTA,2022,4,1,5,5.5,70.5,6.4,0.6,4.24,3.4,16.2,0,953.7,261,1.5,3.5,0,0,0,0,0,0,0,311,100,20,96
GVESTA,2022,4,1,6,4.8,67.6,5.9,-0.7,3.85,2.5,14.4,2,954.2,302,3.7,10.5,1,0,1,1,1,1,1,308,100,20,96
GVESTA,2022,4,1,7,3.9,63.7,5.2,-2.3,3.4,1.5,12.4,0,955.3,319,4.1,13,9,0,9,5,5,5,5,305,100,20,96
GVESTA,2022,4,1,8,3.2,60,4.6,-3.8,3.01,0.6,10.7,0,956.4,339,3.5,11.2,31,0,31,18,18,18,18,302,100,20,96
GVESTA,2022,4,1,9,2.8,59,4.4,-4.4,2.87,0.2,10,0,957.6,326,2.7,8.7,55,0,55,32,32,31,32,299,100,20,96
GVESTA,2022,4,1,10,2.8,65.6,4.9,-3,3.2,0.6,10.8,0,958.3,315,3.4,8.6,100,0,100,58,58,57,58,296,100,20,96
GVESTA,2022,4,1,11,2.4,82.9,6,-0.2,3.92,1.3,12.2,0,958.8,185,4.5,7,138,0,138,80,79,78,79,293,100,20,96
GVESTA,2022,4,1,12,2.9,76,5.7,-0.9,3.72,1.4,12.2,0,958.9,174,3.2,6.8,194,0,194,113,112,110,112,290,100,20,96
GVESTA,2022,4,1,13,2.8,77.7,5.8,-0.7,3.79,1.4,12.3,0,958.6,159,3.2,6.3,217,0,217,126,125,123,124,288,100,20,96
GVESTA,2022,4,1,14,3.2,74.4,5.7,-0.9,3.72,1.5,12.5,0,958.5,158,3.4,6.7,193,0,193,112,111,110,111,290,100,20,96
GVESTA,2022,4,1,15,2.8,72.2,5.4,-1.7,3.53,1,11.6,0.1,958.2,173,2.6,5.6,115,0,115,67,66,65,66,291,100,20,96
GVESTA,2022,4,1,16,2.5,76.5,5.6,-1.2,3.65,1,11.6,0,958.6,157,2.4,7,37,0,37,22,21,21,21,292,100,20,96
GVESTA,2022,4,1,17,2.5,79.4,5.8,-0.7,3.79,1.2,12,0,958.9,170,1.9,4.5,26,0,26,15,15,15,15,292,100,20,96
GVESTA,2022,4,1,18,2.3,80.5,5.8,-0.7,3.78,1.1,11.8,0,959.1,115,1.9,4.2,11,55,9,9,5,5,60,293,100,20,96
GVESTA,2022,4,1,19,2.8,77.7,5.8,-0.7,3.78,1.4,12.3,0.1,959.5,112,0.7,2.6,0,0,0,0,0,0,0,293,100,20,96
GVESTA,2022,4,1,20,2.2,84.1,6,-0.2,3.91,1.2,12,0.2,959.4,79,1.2,3.4,0,0,0,0,0,0,0,293,100,20,96
GVESTA,2022,4,1,21,2.6,80,5.9,-0.5,3.85,1.3,12.2,0,959.3,106,0.9,3.5,0,0,0,0,0,0,0,293,100,20,96
GVESTA,2022,4,1,22,2.1,82.9,5.9,-0.5,3.85,1.1,11.7,0.5,959,58,1.6,2.8,0,0,0,0,0,0,0,293,100,20,96
GVESTA,2022,4,1,23,2.6,81.7,6,-0.2,3.92,1.5,12.4,0.6,958.8,342,0.7,3.5,0,0,0,0,0,0,0,293,100,20,96
GVESTA,2022,4,2,0,2.2,84.1,6,-0.2,3.92,1.2,12,0.3,958.6,350,1.2,3.5,0,0,0,0,0,0,0,293,100,20,96
GVESTA,2022,4,2,1,2.2,82.3,5.9,-0.5,3.85,1.1,11.8,0.2,958.3,352,1.6,4.9,0,0,0,0,0,0,0,293,100,20,96
GVESTA,2022,4,2,2,1.7,82.8,5.7,-0.9,3.72,0.7,11,0,958.6,33,4.3,10,0,0,0,0,0,0,0,293,100,20,96
GVESTA,2022,4,2,3,1.6,83.4,5.7,-0.9,3.72,0.6,10.9,0,958.7,36,4.1,8.6,0,0,0,0,0,0,0,293,100,20,96
GVESTA,2022,4,2,4,2.1,80.5,5.7,-0.9,3.72,0.9,11.4,0.1,959.2,354,1.8,7.4,0,0,0,0,0,0,0,292,100,20,96
GVESTA,2022,4,2,5,0.8,86.4,5.6,-1.2,3.65,0,9.9,0.1,959.9,47,5.1,8.2,0,0,0,0,0,0,0,292,100,20,96
GVESTA,2022,4,2,6,0.6,87.7,5.6,-1.2,3.65,-0.1,9.7,0,960.8,51,5.7,9.4,4,0,4,2,2,2,2,292,100,20,96
GVESTA,2022,4,2,7,1.1,83.4,5.5,-1.4,3.58,0.1,10,0.1,961.6,41,3.4,6.6,43,1,43,25,26,25,25,292,100,20,96
GVESTA,2022,4,2,8,1.3,85.2,5.7,-0.9,3.71,0.4,10.6,0.3,962.5,31,2.6,5,51,0,51,29,29,29,29,292,100,20,96
GVESTA,2022,4,2,9,1.5,85.3,5.8,-0.7,3.77,0.6,10.9,0.2,963.1,40,1.8,3.7,100,0,100,58,58,57,58,293,100,20,96
GVESTA,2022,4,2,10,2.1,82.9,5.9,-0.5,3.83,1.1,11.7,0,963.6,319,1.4,4.9,183,0,183,106,105,104,105,293,100,20,96
GVESTA,2022,4,2,11,2.6,78.8,5.8,-0.7,3.76,1.3,12,0,964,356,2.2,6.2,194,0,194,113,112,110,112,293,100,20,96
GVESTA,2022,4,2,12,2.6,80,5.9,-0.5,3.83,1.3,12.2,0,964.6,252,1.4,3.8,186,0,186,108,107,105,107,291,100,20,96
GVESTA,2022,4,2,13,3.7,70.3,5.6,-1.2,3.63,1.7,12.8,0,965.1,49,5.2,10.3,231,2,230,134,132,132,133,292,100,20,96
GVESTA,2022,4,2,14,3.6,73.4,5.8,-0.7,3.76,1.9,13,0,965.7,68,3.8,7.5,153,0,153,89,88,87,88,291,100,20,96
GVESTA,2022,4,2,15,3.3,76.1,5.9,-0.5,3.82,1.8,12.9,0.1,966.3,54,2.7,6,68,0,68,40,39,39,39,291,100,20,96
GVESTA,2022,4,2,16,2.2,85.3,6.1,0,3.95,1.3,12.1,1,967.1,81,1.9,4,89,0,89,52,51,51,51,290,100,20,96
GVESTA,2022,4,2,17,2.8,83,6.2,0.2,4.01,1.7,12.8,0.2,967.4,81,0.9,2.3,27,0,27,16,15,15,16,292,100,20,96
GVESTA,2022,4,2,18,3.7,76.7,6.1,0,3.94,2.2,13.6,0,968.1,16,1.4,6.5,3,0,3,2,2,2,2,293,100,20,96
GVESTA,2022,4,2,19,2.7,82.4,6.1,0,3.94,1.6,12.6,0,968.8,60,2.6,5.9,0,0,0,0,0,0,0,292,100,20,96
GVESTA,2022,4,2,20,3.4,70.7,5.5,-1.4,3.55,1.5,12.3,0,969.4,5,2.3,5.9,0,0,0,0,0,0,0,290,100,20,96
GVESTA,2022,4,2,21,2.8,67,5,-2.7,3.22,0.7,10.9,0,970,11,3.2,7.5,0,0,0,0,0,0,0,289,100,20,96
GVESTA,2022,4,2,22,2.7,68.5,5.1,-2.5,3.29,0.7,10.9,0,970.2,27,4.1,7.8,0,0,0,0,0,0,0,287,100,20,96
GVESTA,2022,4,2,23,2.9,65.1,4.9,-3,3.16,0.7,10.8,0,970.6,23,2.9,6.2,0,0,0,0,0,0,0,285,100,20,96
GVESTA,2022,4,3,0,2.4,67.5,4.9,-3,3.16,0.4,10.3,0,970.8,36,4.3,8.5,0,0,0,0,0,0,0,283,100,20,96
GVESTA,2022,4,3,1,1.9,65.8,4.6,-3.8,2.96,-0.2,9.3,0,970.7,30,4.5,7.7,0,0,0,0,0,0,0,281,100,20,96
GVESTA,2022,4,3,2,1.8,66.3,4.6,-3.8,2.96,-0.2,9.2,0,970.6,21,4,7.8,0,0,0,0,0,0,0,280,100,20,96
GVESTA,2022,4,3,3,1.2,67.7,4.5,-4.1,2.9,-0.7,8.4,0,970.9,28,5.5,9.9,0,0,0,0,0,0,0,278,100,20,96
GVESTA,2022,4,3,4,0.4,70.1,4.4,-4.4,2.83,-1.3,7.5,0,971.2,37,7.9,13.3,0,0,0,0,0,0,0,276,100,20,96
GVESTA,2022,4,3,5,1,64.2,4.2,-5,2.7,-1.1,7.7,0,971.3,21,5.4,9.9,0,0,0,0,0,0,0,275,100,20,96
GVESTA,2022,4,3,6,0.9,62.7,4.1,-5.4,2.64,-1.3,7.5,0,971.7,18,4.6,8.9,12,1,12,7,8,7,7,273,100,20,96
GVESTA,2022,4,3,7,1.2,63.2,4.2,-5,2.7,-1,7.9,0,971.9,26,5.6,10.9,67,2,67,39,41,38,38,274,100,20,96
GVESTA,2022,4,3,8,2.2,61.6,4.4,-4.4,2.83,-0.2,9.3,0,972.4,36,6.6,12.4,205,67,175,100,167,130,99,277,100,20,96
GVESTA,2022,4,3,9,3.6,58.3,4.6,-3.8,2.95,0.8,11,0,973,49,7.8,13.5,437,383,230,125,463,353,124,278,81,20,96
GVESTA,2022,4,3,10,4.3,53.1,4.4,-4.4,2.82,1.1,11.4,0,973.2,43,7.8,12.3,194,27,177,102,124,120,100,283,100,20,96
GVESTA,2022,4,3,11,5.2,49.9,4.4,-4.4,2.83,1.6,12.3,0,973,47,6.6,10.8,134,0,134,78,77,76,77,289,100,20,96
GVESTA,2022,4,3,12,6.2,44.4,4.2,-5,2.7,2,13,0,973,48,6.7,11.9,264,13,254,147,150,156,146,296,100,20,96
GVESTA,2022,4,3,13,6.9,46.4,4.6,-3.8,2.95,2.7,14.3,0,973,42,7.6,12.4,239,17,226,130,129,144,136,299,100,20,96
GVESTA,2022,4,3,14,6.7,46,4.5,-4.1,2.89,2.5,14,0,972.9,43,7.9,12.7,79,0,79,46,45,45,45,299,100,20,96
GVESTA,2022,4,3,15,6.1,49,4.6,-3.8,2.95,2.3,13.5,0,973,38,7.2,12,63,0,63,37,36,36,36,299,100,20,96
GVESTA,2022,4,3,16,5.2,52.2,4.6,-3.8,2.95,1.8,12.6,0,973.1,31,5.9,10.7,153,8,150,87,86,88,94,299,100,20,96
GVESTA,2022,4,3,17,4.9,53.3,4.6,-3.8,2.95,1.6,12.3,0,973.5,24,5,9.3,41,2,41,24,23,24,26,298,100,20,96
GVESTA,2022,4,3,18,4.4,55.2,4.6,-3.8,2.95,1.3,11.8,0,973.9,24,4.8,9.1,6,0,6,4,4,3,4,298,100,20,96
GVESTA,2022,4,3,19,3.9,55.9,4.5,-4.1,2.89,0.9,11.1,0,974.5,24,5,9.3,0,0,0,0,0,0,0,297,100,20,96
GVESTA,2022,4,3,20,3.5,54.9,4.3,-4.7,2.76,0.5,10.4,0,974.8,26,5.6,9.5,0,0,0,0,0,0,0,293,100,20,96
GVESTA,2022,4,3,21,3.2,57.4,4.4,-4.4,2.82,0.4,10.3,0,975.2,24,4.5,8.8,0,0,0,0,0,0,0,290,100,20,96
GVESTA,2022,4,3,22,2.9,58.6,4.4,-4.4,2.82,0.2,10,0,975.6,24,4.3,9,0,0,0,0,0,0,0,288,100,20,96
GVESTA,2022,4,3,23,2.9,61.3,4.6,-3.8,2.95,0.4,10.3,0,975.8,28,5.1,9.2,0,0,0,0,0,0,0,288,100,20,96
GVESTA,2022,4,4,0,2.8,61.8,4.6,-3.8,2.95,0.4,10.2,0,975.9,27,5.1,9.4,0,0,0,0,0,0,0,285,100,20,96
GVESTA,2022,4,4,1,2.9,59.9,4.5,-4.1,2.88,0.3,10.1,0,975.8,20,3.9,8.2,0,0,0,0,0,0,0,283,100,20,96
GVESTA,2022,4,4,2,2.7,59.4,4.4,-4.4,2.82,0.1,9.8,0,975.5,23,3.1,6.2,0,0,0,0,0,0,0,279,100,20,96
GVESTA,2022,4,4,3,2.8,59,4.4,-4.4,2.82,0.2,9.9,0,975.7,12,2.5,5.7,0,0,0,0,0,0,0,276,100,20,96
GVESTA,2022,4,4,4,3.1,59.1,4.5,-4.1,2.88,0.4,10.3,0,975.6,12,2,4.9,0,0,0,0,0,0,0,273,100,20,96
GVESTA,2022,4,4,5,3.2,60,4.6,-3.8,2.95,0.6,10.6,0,975.6,355,1.3,3.5,0,0,0,0,0,0,0,270,100,20,96
GVESTA,2022,4,4,6,3.2,60.9,4.7,-3.6,3.01,0.7,10.7,0,976,12,1.6,3.8,14,3,14,8,10,8,8,268,100,20,96
GVESTA,2022,4,4,7,3.2,63.7,4.9,-3,3.14,0.8,11.1,0,976.3,52,2.9,5.1,121,72,103,58,134,73,58,267,100,20,96
GVESTA,2022,4,4,8,3.5,63.8,5,-2.7,3.2,1.1,11.5,0,976.5,65,2.9,4.8,276,203,194,105,313,193,104,271,88,20,96
GVESTA,2022,4,4,9,4,60.2,4.9,-3,3.14,1.3,11.9,0,976.5,77,1.8,4.5,396,234,270,146,366,292,145,275,75,20,96
GVESTA,2022,4,4,10,5.1,55.8,4.9,-3,3.14,1.9,13,0,976.1,150,1.9,6.4,558,403,295,153,456,464,152,287,60,20,96
GVESTA,2022,4,4,11,6.8,48.5,4.8,-3.3,3.08,2.8,14.6,0,975.5,225,2.4,8,764,833,156,108,429,721,109,290,43,20,96
GVESTA,2022,4,4,12,8,45.7,4.9,-3,3.14,3.5,15.9,0,975,210,3.4,7.5,798,837,165,109,203,761,181,288,41,20,96
GVESTA,2022,4,4,13,8.8,43.3,4.9,-3,3.14,4,16.7,0,974.3,218,2.9,7.5,818,999,81,91,92,786,392,248,6,20,96
GVESTA,2022,4,4,14,9.7,40.7,4.9,-3,3.15,4.4,17.7,0,973.6,189,3.8,8.5,734,967,83,84,85,692,611,235,0,20,96
GVESTA,2022,4,4,15,10.7,38.9,5,-2.7,3.21,5,18.8,0,972.9,194,4.4,9.6,602,914,82,72,73,546,758,236,0,20,96
GVESTA,2022,4,4,16,10.8,37.8,4.9,-3,3.15,5,18.8,0,972.6,208,4.3,8.1,427,803,83,58,58,357,792,226,0,20,96
GVESTA,2022,4,4,17,10.7,38.9,5,-2.7,3.21,5,18.9,0,972.5,204,4.6,8.7,242,677,62,38,38,164,716,227,0,20,96
GVESTA,2022,4,4,18,9.5,42.8,5.1,-2.5,3.28,4.5,17.8,0,972.8,220,4.2,7.3,61,292,27,27,15,22,313,234,0,20,96
GVESTA,2022,4,4,19,8.5,47.9,5.3,-1.9,3.41,4.1,17.1,0,973.2,239,2.8,4.8,0,0,0,0,0,0,0,261,0,20,96
GVESTA,2022,4,4,20,6.7,54.2,5.3,-1.9,3.4,3.2,15.3,0,973.6,227,2.7,4.4,0,0,0,0,0,0,0,272,6,20,96
GVESTA,2022,4,4,21,7.2,52.3,5.3,-1.9,3.4,3.5,15.8,0,973.6,216,2.4,5.1,0,0,0,0,0,0,0,288,50,20,96
GVESTA,2022,4,4,22,7,53.1,5.3,-1.9,3.4,3.3,15.6,0,973.7,245,1.7,3.7,0,0,0,0,0,0,0,302,81,20,96
GVESTA,2022,4,4,23,6.4,55.3,5.3,-1.9,3.4,3,15,0,973.6,225,2.1,3.9,0,0,0,0,0,0,0,308,100,20,96
GVESTA,2022,4,5,0,6.8,52.6,5.2,-2.2,3.34,3.1,15.2,0,973.3,231,1.5,3.5,0,0,0,0,0,0,0,306,100,20,96
GVESTA,2022,4,5,1,6,55.6,5.2,-2.2,3.34,2.7,14.4,0,973,215,2.2,3.9,0,0,0,0,0,0,0,303,100,20,96
GVESTA,2022,4,5,2,6.3,54.5,5.2,-2.2,3.34,2.9,14.7,0,972.9,239,1.3,3.9,0,0,0,0,0,0,0,306,100,20,96
GVESTA,2022,4,5,3,5.6,57.2,5.2,-2.2,3.34,2.5,14,0,972.7,221,1.9,4.2,0,0,0,0,0,0,0,308,100,20,96
GVESTA,2022,4,5,4,6.2,54.8,5.2,-2.2,3.34,2.8,14.6,0,972.4,276,1,2.4,0,0,0,0,0,0,0,310,100,20,96
GVESTA,2022,4,5,5,6,55.6,5.2,-2.2,3.34,2.7,14.4,0,972.3,231,0.9,2.9,0,0,0,0,0,0,0,308,100,20,96
GVESTA,2022,4,5,6,5.3,59.7,5.3,-1.9,3.41,2.4,13.9,0,972.3,249,1.8,3.2,19,6,18,11,17,10,10,310,94,20,96
GVESTA,2022,4,5,7,5.7,61.1,5.6,-1.2,3.6,2.9,14.8,0,972.4,237,2.1,3.7,132,108,104,59,172,81,58,312,100,20,96
GVESTA,2022,4,5,8,6.5,55.7,5.4,-1.7,3.47,3.1,15.2,0,972.2,230,2.3,3.8,278,223,189,103,331,195,102,317,100,20,96
GVESTA,2022,4,5,9,7.7,51.3,5.4,-1.7,3.47,3.8,16.5,0,972.2,227,2.2,5.2,383,224,256,141,341,284,140,322,100,20,96
GVESTA,2022,4,5,10,9.1,45,5.2,-2.2,3.35,4.4,17.6,0,971.8,201,1.7,4,618,618,210,119,538,549,120,309,65,20,96
GVESTA,2022,4,5,11,11.2,35.2,4.7,-3.6,3.03,5,18.9,0,971.1,195,1.9,5,800,977,83,93,429,762,94,266,20,20,96
GVESTA,2022,4,5,12,12.8,29.8,4.4,-4.4,2.83,5.6,20,0,970.4,180,1.7,5,817,953,91,96,173,782,154,257,0,20,96
GVESTA,2022,4,5,13,14.4,31,5.1,-2.5,3.29,6.9,22.8,0,969.8,214,1.8,4.4,783,909,108,97,98,745,391,260,0,20,96
GVESTA,2022,4,5,14,15.5,33,5.8,-0.7,3.75,8,25.1,0,969.1,94,1.9,4.9,705,890,102,88,89,658,588,272,0,20,96
GVESTA,2022,4,5,15,16.4,33.7,6.3,0.4,4.07,8.7,26.8,0,968.5,92,2.8,5.3,584,875,84,74,74,523,734,274,0,20,96
GVESTA,2022,4,5,16,16.1,37.2,6.8,1.5,4.4,9,27.3,0,968.3,63,3.1,5,429,828,71,57,57,353,807,285,16,20,96
GVESTA,2022,4,5,17,15.1,38.6,6.6,1.1,4.27,8.4,26,0,968.3,72,2.2,4.3,170,250,91,52,52,115,304,318,65,20,96
GVESTA,2022,4,5,18,15,38.8,6.6,1.1,4.27,8.3,25.9,0,968.2,32,1.7,3.6,44,124,32,28,18,19,145,305,41,20,96
GVESTA,2022,4,5,19,14,42.6,6.8,1.5,4.4,8,25.2,0,968.4,22,1.3,2.5,0,0,0,0,0,0,0,271,0,20,96
GVESTA,2022,4,5,20,13.1,47.8,7.2,2.3,4.66,7.9,24.9,0,968.9,90,1.4,3.6,0,0,0,0,0,0,0,269,0,20,96
GVESTA,2022,4,5,21,11.4,53.5,7.2,2.3,4.66,7.1,23.2,0,968.8,338,0.9,1.9,0,0,0,0,0,0,0,268,0,20,96
GVESTA,2022,4,5,22,10.4,57.2,7.2,2.3,4.66,6.6,22.2,0,968.8,307,0.8,1.9,0,0,0,0,0,0,0,267,0,20,96
GVESTA,2022,4,5,23,9.6,61.2,7.3,2.5,4.72,6.3,21.5,0,968.9,326,0.5,1,0,0,0,0,0,0,0,265,0,20,96
GVESTA,2022,4,6,0,8.2,66.3,7.2,2.3,4.66,5.5,20,0,968.7,307,0.8,1.9,0,0,0,0,0,0,0,264,13,20,96
GVESTA,2022,4,6,1,7.6,68.1,7.1,2.1,4.59,5.1,19.2,0,968.4,321,0.8,1.5,0,0,0,0,0,0,0,263,0,18,96
GVESTA,2022,4,6,2,7.5,67.6,7,1.9,4.53,5,18.9,0,968.1,346,0.5,1.4,0,0,0,0,0,0,0,279,0,18,96
GVESTA,2022,4,6,3,7.3,68.5,7,1.9,4.53,4.9,18.7,0,967.8,326,0.6,2.1,0,0,0,0,0,0,0,295,0,18,96
GVESTA,2022,4,6,4,7.4,67.1,6.9,1.7,4.47,4.8,18.7,0,967.3,72,0.4,1.1,0,0,0,0,0,0,0,294,0,18,96
GVESTA,2022,4,6,5,6,72.8,6.8,1.5,4.4,4,17.1,0,967.2,309,0.7,1.5,0,0,0,0,0,0,0,294,0,18,96
GVESTA,2022,4,6,6,5.2,78.1,6.9,1.7,4.47,3.7,16.4,0,967.2,256,0.9,3.4,41,174,21,24,190,11,12,297,19,18,96
GVESTA,2022,4,6,7,6.7,77.2,7.6,3,4.93,5,19.1,0,967.3,288,0.7,1.8,207,583,62,36,625,124,36,285,25,18,96
GVESTA,2022,4,6,8,8.6,75.4,8.4,4.5,5.45,6.6,22.4,0,966.6,225,1.3,4.1,400,795,72,51,785,314,51,271,13,18,96
GVESTA,2022,4,6,9,10.6,67.3,8.6,4.8,5.58,7.7,24.7,0,966.4,238,2.4,4.7,546,826,87,67,712,473,68,265,0,18,96
GVESTA,2022,4,6,10,12.3,62.3,8.9,5.3,5.78,8.7,27,0,966,223,2.3,5.7,702,928,83,77,616,639,78,267,0,18,96
GVESTA,2022,4,6,11,13.8,57.6,9.1,5.6,5.92,9.6,28.8,0,964.9,220,2.7,6.3,795,956,89,86,416,740,87,274,0,18,96
GVESTA,2022,4,6,12,15.7,51.7,9.2,5.8,5.99,10.5,30.9,0,964.2,219,3.5,7.6,822,951,94,89,169,770,146,286,0,18,96
GVESTA,2022,4,6,13,17.4,45.5,9,5.5,5.86,11.1,32.4,0,963.5,231,4,9.5,789,922,101,88,89,735,382,291,16,18,96
GVESTA,2022,4,6,14,18,39.7,8.2,4.1,5.34,10.8,31.6,0,963.1,220,6.2,10.2,546,374,288,152,151,439,400,340,84,18,96
GVESTA,2022,4,6,15,16.9,41.9,8.1,3.9,5.28,10.2,30.4,0,963,229,5.1,7.9,221,27,205,116,115,133,138,353,100,18,96
GVESTA,2022,4,6,16,15.8,44.7,8,3.8,5.21,9.7,29.1,0,963,263,4,8.1,168,15,162,92,91,97,106,352,100,18,96
GVESTA,2022,4,6,17,15,48,8.2,4.1,5.34,9.5,28.6,0,963.3,274,3.3,7.5,91,15,86,49,49,52,63,351,100,18,96
GVESTA,2022,4,6,18,14.1,52.4,8.4,4.5,5.47,9.2,28,0,963.6,246,3.8,7.8,11,0,11,6,6,6,6,351,100,18,96
GVESTA,2022,4,6,19,12.8,59,8.7,5,5.66,8.8,27.2,0,964.1,230,6.2,9.5,0,0,0,0,0,0,0,350,100,18,96
GVESTA,2022,4,6,20,12.8,59.4,8.8,5.1,5.73,8.9,27.3,0,964.8,203,4.9,8.5,0,0,0,0,0,0,0,348,100,18,96
GVESTA,2022,4,6,21,12.6,61.9,9,5.5,5.86,9,27.4,0,964.7,223,4.3,7.1,0,0,0,0,0,0,0,347,100,18,96
GVESTA,2022,4,6,22,11.8,67.1,9.3,5.9,6.05,8.8,27.1,0.5,965.2,243,4,8.5,0,0,0,0,0,0,0,341,94,18,96
GVESTA,2022,4,6,23,10.2,82.2,10.2,7.3,6.64,8.7,27,0,965.4,221,3.8,6.5,0,0,0,0,0,0,0,345,100,18,96
GVESTA,2022,4,7,0,10.8,77.3,10,7,6.51,8.8,27.3,0,965.3,203,2.4,5.9,0,0,0,0,0,0,0,343,100,18,96
GVESTA,2022,4,7,1,10.6,69.7,8.9,5.3,5.79,7.9,25.2,0,965.3,184,4.4,8.8,0,0,0,0,0,0,0,342,100,18,96
GVESTA,2022,4,7,2,10.6,68.7,8.8,5.1,5.72,7.8,25.1,0,965.2,204,4.3,7.5,0,0,0,0,0,0,0,327,78,18,96
GVESTA,2022,4,7,3,9.6,78.8,9.4,6.1,6.12,7.8,25,0,965.1,213,4.9,7.4,0,0,0,0,0,0,0,338,88,18,96
GVESTA,2022,4,7,4,9.8,78.3,9.5,6.2,6.19,8,25.4,0,964.7,208,4.3,7.4,0,0,0,0,0,0,0,342,100,18,96
GVESTA,2022,4,7,5,9.7,78.8,9.5,6.2,6.19,7.9,25.3,0.2,964.3,245,3.4,6.4,0,0,0,0,0,0,0,342,100,18,96
GVESTA,2022,4,7,6,9.4,81.5,9.6,6.4,6.25,7.9,25.2,0.3,964.5,234,4.8,9.8,3,0,3,1,1,1,1,342,100,18,96
GVESTA,2022,4,7,7,9.6,82.7,9.9,6.8,6.45,8.2,25.9,0.2,964.3,217,6.3,10.7,49,5,48,27,32,28,27,342,100,18,96
GVESTA,2022,4,7,8,10.2,77.8,9.7,6.5,6.32,8.3,26.2,0.7,964,227,6.5,9.8,61,0,61,35,34,34,34,343,100,18,96
GVESTA,2022,4,7,9,10.1,82.7,10.2,7.3,6.65,8.6,26.9,1.4,964.4,226,6.4,10,88,0,88,50,50,49,49,343,100,18,96
GVESTA,2022,4,7,10,10.3,81.6,10.2,7.3,6.65,8.7,27.1,1.3,964.2,218,7,11.4,110,0,110,63,62,61,62,344,100,18,96
GVESTA,2022,4,7,11,10.8,79.5,10.3,7.4,6.72,9,27.8,0.9,964.1,209,8,13.2,149,0,149,85,84,83,84,345,100,18,96
GVESTA,2022,4,7,12,10.8,79.5,10.3,7.4,6.72,9,27.8,1.2,963.7,214,8.2,14.1,153,0,153,87,86,85,86,346,100,18,96
GVESTA,2022,4,7,13,10.6,81.7,10.4,7.6,6.79,9,27.8,1.9,963.5,213,7.9,12.3,115,0,115,65,65,64,64,347,100,18,96
GVESTA,2022,4,7,14,10.7,81.1,10.4,7.6,6.79,9.1,27.9,2.3,963.3,215,8.4,13,102,0,102,58,58,57,57,347,100,18,96
GVESTA,2022,4,7,15,10.8,80.6,10.4,7.6,6.79,9.1,28,2.8,962.7,219,7.2,13.5,74,0,74,42,42,41,41,347,100,18,96
GVESTA,2022,4,7,16,10.6,82.2,10.5,7.7,6.86,9.1,27.9,3.5,963,224,7.1,11.9,35,0,35,20,20,19,20,348,100,18,96
GVESTA,2022,4,7,17,10.5,85.1,10.8,8.1,7.05,9.2,28.3,2.5,963,209,8.4,12.8,19,0,19,11,11,11,11,348,100,18,96
GVESTA,2022,4,7,18,10.5,85.7,10.9,8.2,7.12,9.3,28.5,1.2,963.3,208,8.2,12.8,4,0,4,2,2,2,2,348,100,18,96
GVESTA,2022,4,7,19,10.1,89.2,11,8.4,7.18,9.2,28.2,0.1,964,217,8.6,12.5,0,0,0,0,0,0,0,349,100,18,96
GVESTA,2022,4,7,20,10.2,88.6,11,8.4,7.17,9.2,28.3,0.8,964.7,221,7.7,13.6,0,0,0,0,0,0,0,349,100,18,96
GVESTA,2022,4,7,21,10.1,89.8,11.1,8.5,7.24,9.2,28.4,1.1,965.2,222,7.5,12.8,0,0,0,0,0,0,0,349,100,18,96
GVESTA,2022,4,7,22,10.3,86.8,10.9,8.2,7.1,9.2,28.2,0.5,965.6,208,8.2,14,0,0,0,0,0,0,0,349,100,18,96
GVESTA,2022,4,7,23,10.5,86.8,11,8.4,7.16,9.4,28.6,1.2,966.4,210,7.4,14.1,0,0,0,0,0,0,0,350,100,18,96
GVESTA,2022,4,8,0,10.5,85.7,10.9,8.2,7.1,9.3,28.4,0.5,966.1,205,7.1,11.2,0,0,0,0,0,0,0,350,100,18,96
GVESTA,2022,4,8,1,10.5,85.1,10.8,8.1,7.03,9.2,28.3,0.4,965.9,203,6.5,11.4,0,0,0,0,0,0,0,350,100,18,96
GVESTA,2022,4,8,2,10.2,87.4,10.9,8.2,7.1,9.1,28.1,1.4,965.5,210,6,9.2,0,0,0,0,0,0,0,350,100,18,96
GVESTA,2022,4,8,3,10,88.6,10.9,8.2,7.11,9,27.9,0.5,965,212,5.8,9,0,0,0,0,0,0,0,350,100,18,96
GVESTA,2022,4,8,4,10,88.6,10.9,8.2,7.11,9,28,1.3,964.1,211,5.3,8.4,0,0,0,0,0,0,0,349,100,18,96
GVESTA,2022,4,8,5,10.1,89.2,11,8.4,7.18,9.2,28.2,0.7,963.7,214,6.2,10.5,0,0,0,0,0,0,0,349,100,18,96
GVESTA,2022,4,8,6,10.3,88,11,8.4,7.19,9.3,28.5,0.8,963.1,224,6,10.3,3,0,3,2,2,2,2,349,100,18,96
GVESTA,2022,4,8,7,10.9,85.7,11.2,8.6,7.32,9.7,29.4,2,963.2,229,6,13.8,34,0,34,19,19,19,19,349,100,18,96
GVESTA,2022,4,8,8,11.9,80.2,11.2,8.6,7.32,10.1,30.4,1,962.8,201,8.8,16.1,106,1,105,60,60,59,59,351,100,18,96
GVESTA,2022,4,8,9,12.1,80.8,11.4,8.9,7.45,10.3,31,0.4,962.9,235,6.8,11.3,132,0,132,75,74,73,74,352,100,18,96
GVESTA,2022,4,8,10,13,78.2,11.7,9.3,7.65,10.9,32.4,0.2,963.1,212,9.5,14.4,144,0,144,82,81,80,81,354,100,18,96
GVESTA,2022,4,8,11,14,71.8,11.5,9,7.52,11.2,33.1,0,962.4,201,8,12.2,82,0,82,47,46,46,46,355,100,18,96
GVESTA,2022,4,8,12,14.3,67.6,11,8.4,7.2,11.1,32.6,0,961.5,201,8.6,13.8,106,0,106,60,60,59,60,357,100,18,96
GVESTA,2022,4,8,13,13.6,74.7,11.6,9.2,7.6,11.2,32.9,0.8,961.1,211,8.8,15.2,100,0,100,57,56,55,56,357,100,18,96
GVESTA,2022,4,8,14,13.5,73.7,11.4,8.9,7.47,11,32.4,0.2,960.5,225,8.7,15.7,72,0,72,41,41,40,41,357,100,18,96
GVESTA,2022,4,8,15,14,71.3,11.4,8.9,7.48,11.2,33,0,959.6,224,8.2,15.3,64,0,64,37,36,36,36,357,100,18,96
GVESTA,2022,4,8,16,13,77.7,11.6,9.2,7.61,10.9,32.3,1.6,959.8,215,7.8,12.3,92,50,72,40,39,57,91,352,94,18,96
GVESTA,2022,4,8,17,13.6,73.7,11.5,9,7.55,11.1,32.7,0.2,958.9,208,6.9,11.9,108,45,93,52,51,63,99,352,94,18,96
GVESTA,2022,4,8,18,12.9,74.6,11.1,8.5,7.29,10.5,31.4,0.3,958.4,210,7.6,14.3,22,25,20,14,11,11,37,347,94,18,96
GVESTA,2022,4,8,19,13,71.6,10.7,8,7.02,10.3,30.8,0,958.4,207,8.7,14.3,0,0,0,0,0,0,0,341,81,18,96
GVESTA,2022,4,8,20,13.2,63.8,9.7,6.5,6.36,9.7,29.3,0,958.8,215,9.2,18.7,0,0,0,0,0,0,0,352,100,18,96
GVESTA,2022,4,8,21,13.3,55.5,8.5,4.6,5.56,8.9,27.4,0,959,221,10.2,17.5,0,0,0,0,0,0,0,349,100,18,96
GVESTA,2022,4,8,22,12.9,49.2,7.3,2.5,4.77,7.9,25,0,959.7,228,11.1,20.9,0,0,0,0,0,0,0,346,100,18,96
GVESTA,2022,4,8,23,12.1,48.9,6.9,1.7,4.5,7.2,23.5,0,961.6,236,9.4,24.3,0,0,0,0,0,0,0,343,100,18,96
GVESTA,2022,4,9,0,10.8,53.3,6.9,1.7,4.49,6.6,22.2,0,962.6,230,9.6,18.3,0,0,0,0,0,0,0,340,100,18,96
GVESTA,2022,4,9,1,8.7,67.4,7.6,3,4.94,6,21.2,0.3,964.7,241,7.7,16.5,0,0,0,0,0,0,0,336,100,17,96
GVESTA,2022,4,9,2,7.4,69,7.1,2.1,4.61,5,19,0,965.1,247,4.2,8.3,0,0,0,0,0,0,0,333,100,17,96
GVESTA,2022,4,9,3,7.8,59.4,6.3,0.4,4.08,4.6,18.1,0,966.3,260,3.8,12.2,0,0,0,0,0,0,0,312,78,17,96
GVESTA,2022,4,9,4,6.9,59.2,5.9,-0.5,3.82,3.8,16.5,0,967.4,18,2.2,7.3,0,0,0,0,0,0,0,315,88,17,96
GVESTA,2022,4,9,5,5.7,58.9,5.4,-1.7,3.49,2.7,14.5,0,968.2,10,2.4,7.9,0,0,0,0,0,0,0,309,74,17,96
GVESTA,2022,4,9,6,5.6,57.2,5.2,-2.2,3.36,2.5,14,0,968.8,356,3,8.3,13,0,13,7,7,7,7,314,100,17,96
GVESTA,2022,4,9,7,6.6,54.5,5.3,-1.9,3.42,3.1,15.2,0,969.5,301,2.1,6.5,133,89,106,58,151,79,57,302,94,17,96
GVESTA,2022,4,9,8,7.5,51.3,5.3,-1.9,3.42,3.6,16.1,0,970,346,2.7,7,176,56,155,86,143,104,85,310,94,17,96
GVESTA,2022,4,9,9,7,51.9,5.2,-2.2,3.35,3.2,15.4,0,970.4,332,2.7,7.3,120,0,120,68,68,67,67,315,100,17,96
GVESTA,2022,4,9,10,7.9,50.6,5.4,-1.7,3.48,3.9,16.7,0,970.7,347,2.6,7.5,515,300,308,158,376,389,157,308,88,17,96
GVESTA,2022,4,9,11,8.2,47.8,5.2,-2.2,3.35,3.9,16.7,0,970.9,318,3.3,7.9,534,280,322,168,308,405,166,313,81,17,96
GVESTA,2022,4,9,12,9.4,43.1,5.1,-2.5,3.28,4.4,17.7,0,971.3,331,3.3,8.3,707,574,261,140,229,598,185,305,74,17,96
GVESTA,2022,4,9,13,7.4,52.4,5.4,-1.7,3.48,3.6,16.2,0,971.7,307,3.8,8.7,173,4,171,97,96,97,97,323,100,17,96
GVESTA,2022,4,9,14,8.3,47.5,5.2,-2.2,3.35,3.9,16.8,0,971.7,297,3.3,7.9,383,261,209,109,109,292,302,316,88,17,96
GVESTA,2022,4,9,15,8.8,43.3,4.9,-3,3.15,4,16.8,0,971.6,328,2.6,6.9,500,446,237,119,119,390,502,304,71,17,96
GVESTA,2022,4,9,16,8.8,45.9,5.2,-2.2,3.35,4.2,17.3,0,972.1,295,3.1,7.8,304,235,193,101,100,209,333,308,81,17,96
GVESTA,2022,4,9,17,8.3,50.4,5.5,-1.4,3.54,4.2,17.2,0,972.5,302,1.6,4.8,54,0,54,31,31,30,31,318,94,17,96
GVESTA,2022,4,9,18,8.6,43.8,4.9,-3,3.15,3.9,16.6,0,972.9,305,2.2,4.7,79,340,33,45,17,17,365,294,35,17,96
GVESTA,2022,4,9,19,7.7,49.5,5.2,-2.2,3.34,3.6,16.1,0,973.8,336,1.3,2.8,0,0,0,0,0,0,0,306,63,17,96
GVESTA,2022,4,9,20,7,53.8,5.4,-1.7,3.47,3.4,15.7,0,974.4,328,1.2,2.8,0,0,0,0,0,0,0,305,94,17,96
GVESTA,2022,4,9,21,7.1,54.7,5.5,-1.4,3.53,3.6,16,0,975,326,0.9,2.4,0,0,0,0,0,0,0,308,100,17,96
GVESTA,2022,4,9,22,6.5,57.8,5.6,-1.2,3.59,3.3,15.5,0,975.6,234,1.5,2.8,0,0,0,0,0,0,0,304,100,17,96
GVESTA,2022,4,9,23,6.9,57.5,5.7,-0.9,3.65,3.6,16.1,0,976,288,1,2.5,0,0,0,0,0,0,0,293,84,17,96
GVESTA,2022,4,10,0,5.5,64.3,5.8,-0.7,3.72,2.9,14.8,0,976.5,297,1,3.5,0,0,0,0,0,0,0,288,78,17,96
GVESTA,2022,4,10,1,4.8,67.5,5.8,-0.7,3.72,2.5,14.1,0,976.4,279,0.8,3.2,0,0,0,0,0,0,0,254,23,17,96
GVESTA,2022,4,10,2,5.2,62.3,5.5,-1.4,3.52,2.5,14.1,0,976.2,351,1,2.7,0,0,0,0,0,0,0,252,0,17,96
GVESTA,2022,4,10,3,3.9,65.8,5.3,-1.9,3.4,1.6,12.4,0,976,248,1.1,1.7,0,0,0,0,0,0,0,250,0,17,96
GVESTA,2022,4,10,4,2.8,69.6,5.2,-2.2,3.33,0.9,11.1,0,975.9,284,0.9,3.5,0,0,0,0,0,0,0,248,0,17,96
GVESTA,2022,4,10,5,2.4,70,5.1,-2.5,3.27,0.5,10.6,0,976.4,323,0.6,3.5,0,0,0,0,0,0,0,246,0,17,96
GVESTA,2022,4,10,6,2,75.3,5.3,-1.9,3.39,0.5,10.5,0,977.2,338,0.7,3.5,58,236,26,34,255,14,14,244,0,17,96
GVESTA,2022,4,10,7,4.3,74.6,6.2,0.2,3.97,2.6,14.3,0,977.6,108,0.8,3.5,246,701,58,33,737,126,34,245,6,17,96
GVESTA,2022,4,10,8,5.7,68.7,6.3,0.4,4.03,3.4,15.8,0,977.5,78,1.7,5.4,433,822,78,50,812,313,51,250,0,17,96
GVESTA,2022,4,10,9,6.7,62.3,6.1,0,3.91,3.8,16.5,0,977.7,45,3.4,5.9,608,920,80,63,775,494,64,256,0,17,96
GVESTA,2022,4,10,10,8.1,51.8,5.6,-1.2,3.58,4.2,17.1,0,977.5,42,3.3,6.2,722,865,129,81,610,621,82,258,13,17,96
GVESTA,2022,4,10,11,9.6,40.1,4.8,-3.3,3.07,4.3,17.4,0,977,46,4.2,7.1,821,939,110,85,418,726,86,243,33,17,96
GVESTA,2022,4,10,12,10.6,36.6,4.7,-3.6,3.01,4.7,18.2,0,976.4,55,4.1,8.1,854,952,110,87,162,761,159,258,33,17,96
GVESTA,2022,4,10,13,11.4,29.6,4,-5.7,2.56,4.6,17.9,0,975.9,49,4.1,6.8,830,954,105,84,85,734,398,264,31,17,96
GVESTA,2022,4,10,14,12.1,24.1,3.4,-7.8,2.18,4.4,17.6,0,975.5,49,3.5,6.3,749,922,107,79,80,646,603,267,39,17,96
GVESTA,2022,4,10,15,12.8,25,3.7,-6.7,2.37,5,18.8,0,974.9,68,3.6,6.7,642,924,98,68,68,527,779,257,19,17,96
GVESTA,2022,4,10,16,13,28.1,4.2,-5,2.69,5.6,19.9,0,974.4,50,3.4,6.1,468,863,78,52,52,342,838,251,19,17,96
GVESTA,2022,4,10,17,12.8,29.8,4.4,-4.4,2.82,5.6,20,0,973.9,31,3.1,5,260,644,73,39,39,144,689,261,29,17,96
GVESTA,2022,4,10,18,12.1,33.9,4.8,-3.3,3.08,5.6,19.9,0,973.9,27,2.3,4.3,75,247,38,40,20,20,273,278,53,17,96
GVESTA,2022,4,10,19,11.1,40.8,5.4,-1.7,3.47,5.6,19.9,0,974.1,336,1.1,2.2,0,0,0,0,0,0,0,274,55,17,96
GVESTA,2022,4,10,20,9.2,50.6,5.9,-0.5,3.79,5,18.8,0,974.5,9,0.8,2,0,0,0,0,0,0,0,264,40,17,96
GVESTA,2022,4,10,21,8.4,54.6,6,-0.2,3.85,4.7,18.1,0,974.6,326,0.5,1.1,0,0,0,0,0,0,0,257,28,17,96
GVESTA,2022,4,10,22,6.2,63.5,6,-0.2,3.85,3.5,15.9,0,974.6,315,0.7,1.3,0,0,0,0,0,0,0,322,100,17,96
GVESTA,2022,4,10,23,5.6,64.8,5.9,-0.5,3.79,3,15.1,0,974.7,270,0.4,0.9,0,0,0,0,0,0,0,315,100,17,96
GVESTA,2022,4,11,0,5,70,6.1,0,3.92,2.9,14.8,0,974.5,349,0.6,1.1,0,0,0,0,0,0,0,308,100,17,96
GVESTA,2022,4,11,1,4.7,69,5.9,-0.5,3.79,2.5,14.2,0,974,297,0.4,0.9,0,0,0,0,0,0,0,303,100,17,96
GVESTA,2022,4,11,2,4.2,69.4,5.7,-0.9,3.66,2.1,13.4,0,974,270,1.1,2.1,0,0,0,0,0,0,0,282,50,17,96
GVESTA,2022,4,11,3,5,65.6,5.7,-0.9,3.66,2.6,14.2,0,973.8,243,0.7,3.1,0,0,0,0,0,0,0,258,0,17,96
GVESTA,2022,4,11,4,4.4,65.9,5.5,-1.4,3.53,2.1,13.3,0,973.9,284,0.5,3.2,0,0,0,0,0,0,0,258,0,17,96
GVESTA,2022,4,11,5,3.4,70.7,5.5,-1.4,3.53,1.5,12.3,0,973.7,360,0.6,3.5,0,0,0,0,0,0,0,257,0,17,96
GVESTA,2022,4,11,6,3.1,73.3,5.6,-1.2,3.6,1.4,12.1,0,973.6,326,0.5,3.5,66,306,28,46,326,14,14,261,10,17,96
GVESTA,2022,4,11,7,5.5,70.6,6.4,0.6,4.12,3.4,15.8,0,973.6,256,0.7,3.5,233,548,84,43,603,122,43,285,55,17,96
GVESTA,2022,4,11,8,7.8,61.6,6.5,0.9,4.18,4.7,18.3,0,973.6,217,0.7,2.6,359,414,176,88,501,251,87,302,75,17,96
GVESTA,2022,4,11,9,8.8,56.3,6.4,0.6,4.12,5.2,19.2,0,973.4,90,1.5,4.9,547,637,179,90,633,434,90,307,71,17,96
GVESTA,2022,4,11,10,10.7,49.6,6.4,0.6,4.12,6.1,21.1,0,973.1,55,2.3,5.6,646,593,235,116,522,534,116,317,81,17,96
GVESTA,2022,4,11,11,11.9,46.8,6.5,0.9,4.19,6.8,22.5,0,972.4,72,2.8,5.8,750,702,216,111,422,645,111,318,75,17,96
GVESTA,2022,4,11,12,13.5,42.8,6.6,1.1,4.25,7.7,24.3,0,971.9,70,2.7,6.3,830,880,138,97,182,726,160,317,65,17,96
GVESTA,2022,4,11,13,14.6,40.4,6.7,1.3,4.32,8.2,25.6,0,971.3,88,2.5,6.6,774,785,172,103,103,669,387,312,56,17,96
GVESTA,2022,4,11,14,15.6,37.3,6.6,1.1,4.26,8.6,26.5,0,970.6,86,3,6,594,457,269,140,139,469,432,329,71,17,96
GVESTA,2022,4,11,15,15.9,38.8,7,1.9,4.52,9,27.4,0,969.7,64,2.7,5.1,526,526,213,106,105,411,555,329,71,17,96
GVESTA,2022,4,11,16,16.6,38.2,7.2,2.3,4.65,9.5,28.5,0,969.3,59,2.7,4.6,366,404,178,90,89,259,485,328,78,17,96
GVESTA,2022,4,11,17,16.1,40,7.3,2.5,4.72,9.3,28.1,0,969.3,47,2.4,5.1,145,79,123,68,67,80,151,347,94,17,96
GVESTA,2022,4,11,18,15.5,39.8,7,1.9,4.52,8.9,27,0,969.8,17,1.7,3.3,34,60,27,22,15,14,77,336,88,17,96
GVESTA,2022,4,11,19,13.7,44.1,6.9,1.7,4.45,8,25,0,970.3,48,1.4,2.8,0,0,0,0,0,0,0,333,88,17,96
GVESTA,2022,4,11,20,13.1,47.8,7.2,2.3,4.65,7.9,24.9,0,970.6,326,0.5,1.3,0,0,0,0,0,0,0,293,39,17,96
GVESTA,2022,4,11,21,11.5,53.1,7.2,2.3,4.65,7.1,23.3,0,970.5,333,0.8,1.7,0,0,0,0,0,0,0,308,59,17,96
GVESTA,2022,4,11,22,10,60.4,7.4,2.7,4.78,6.6,22.1,0,970.7,338,0.8,2.3,0,0,0,0,0,0,0,337,94,17,96
GVESTA,2022,4,11,23,10,61.3,7.5,2.9,4.84,6.6,22.2,0,970.6,315,0.9,2.2,0,0,0,0,0,0,0,339,100,17,96
GVESTA,2022,4,12,0,9.5,64.7,7.7,3.2,4.97,6.5,22.1,0,970.6,18,0.7,1.7,0,0,0,0,0,0,0,331,94,17,96
GVESTA,2022,4,12,1,9.2,68.9,8,3.8,5.17,6.6,22.3,0,970.2,7,0.9,1.6,0,0,0,0,0,0,0,329,94,17,96
GVESTA,2022,4,12,2,9.5,67.5,8,3.8,5.17,6.8,22.6,0,970,9,0.8,2,0,0,0,0,0,0,0,325,88,17,96
GVESTA,2022,4,12,3,9.4,68,8,3.8,5.17,6.7,22.5,0,969.8,342,0.5,1.1,0,0,0,0,0,0,0,307,68,17,96
GVESTA,2022,4,12,4,7.9,74.2,7.9,3.6,5.11,5.9,20.8,0,969.8,16,0.8,1.8,0,0,0,0,0,0,0,320,88,17,96
GVESTA,2022,4,12,5,7.2,75.7,7.7,3.2,4.98,5.3,19.7,0,969.9,349,0.6,1.5,0,0,0,0,0,0,0,325,94,17,96
GVESTA,2022,4,12,6,6.9,79.5,7.9,3.6,5.11,5.4,19.8,0,970.1,6,1,1.9,19,4,19,11,15,10,10,334,100,17,96
GVESTA,2022,4,12,7,9.3,75,8.8,5.1,5.69,7.2,23.7,0,970.4,326,0.5,1.3,194,288,107,57,354,110,56,329,84,17,96
GVESTA,2022,4,12,8,11.2,65.6,8.7,5,5.63,8.1,25.4,0,970.7,45,0.6,1.8,413,705,99,58,718,291,58,307,44,17,96
GVESTA,2022,4,12,9,12.6,60.2,8.8,5.1,5.69,8.8,27,0,970.4,90,1.2,3.8,571,764,127,75,693,452,75,303,44,17,96
GVESTA,2022,4,12,10,14.6,52.5,8.7,5,5.63,9.7,28.9,0,970.1,63,1.8,4.1,677,727,175,98,568,563,98,318,54,17,96
GVESTA,2022,4,12,11,15.6,46.2,8.2,4.1,5.31,9.7,29.1,0,969.4,76,1.9,4.4,672,481,304,149,393,546,149,353,94,17,96
GVESTA,2022,4,12,12,16.9,43.8,8.4,4.5,5.44,10.5,30.8,0,968.9,81,2,4.3,794,792,167,111,177,679,174,348,78,17,96
GVESTA,2022,4,12,13,17.8,43.1,8.8,5.1,5.7,11.1,32.3,0,968.6,75,2.1,4.1,588,300,356,184,183,440,329,367,100,17,96
GVESTA,2022,4,12,14,19.4,41.8,9.4,6.1,6.1,12.2,35,0,968.2,76,2.1,4.4,630,537,253,125,125,511,493,347,75,17,96
GVESTA,2022,4,12,15,20.1,40.3,9.5,6.2,6.17,12.5,35.9,0,967.7,77,2.3,4.1,433,277,262,136,135,310,377,357,88,17,96
GVESTA,2022,4,12,16,20,41.4,9.7,6.5,6.3,12.6,36.1,0,967.9,114,1.8,5,198,28,184,104,103,114,130,366,100,17,96
GVESTA,2022,4,12,17,20.2,35.6,8.4,4.5,5.44,11.8,34.1,0,968.2,227,3.6,5.9,149,77,126,70,69,84,150,366,94,17,96
GVESTA,2022,4,12,18,17.5,46.1,9.2,5.8,5.97,11.2,32.7,0,968.2,59,1.2,3.5,15,0,15,9,8,8,8,366,100,17,96
GVESTA,2022,4,12,19,16.9,43.8,8.4,4.5,5.44,10.5,30.8,0,968.7,239,1.6,3.3,0,0,0,0,0,0,0,365,100,17,96
GVESTA,2022,4,12,20,17,37.7,7.3,2.5,4.72,9.7,29,0,969.4,250,1.6,3.2,0,0,0,0,0,0,0,362,100,17,96
GVESTA,2022,4,12,21,16,40.2,7.3,2.5,4.72,9.3,28,0,969.6,238,1.8,3.9,0,0,0,0,0,0,0,360,100,17,96
GVESTA,2022,4,12,22,15.7,45.3,8.1,3.9,5.24,9.7,29,0,970.4,72,0.9,1.8,0,0,0,0,0,0,0,358,100,17,96
GVESTA,2022,4,12,23,13.8,55.3,8.7,5,5.63,9.3,28.1,0,970.5,310,2.2,4.9,0,0,0,0,0,0,0,356,100,17,96
GVESTA,2022,4,13,0,14,50.2,8,3.8,5.17,8.9,27.1,0,970.5,247,1.7,3.8,0,0,0,0,0,0,0,354,100,17,96
GVESTA,2022,4,13,1,12.9,59,8.8,5.1,5.69,8.9,27.3,0,970.4,315,1,2.3,0,0,0,0,0,0,0,352,100,18,96
GVESTA,2022,4,13,2,12.5,60.6,8.8,5.1,5.69,8.7,26.9,0,970.2,351,0.8,2,0,0,0,0,0,0,0,351,100,18,96
GVESTA,2022,4,13,3,12.2,61.4,8.7,5,5.63,8.6,26.5,0,970.2,315,0.8,1.9,0,0,0,0,0,0,0,332,71,18,96
GVESTA,2022,4,13,4,11.3,63.4,8.5,4.6,5.5,8,25.2,0,970.5,263,1.1,2.5,0,0,0,0,0,0,0,303,29,18,96
GVESTA,2022,4,13,5,10.6,66.4,8.5,4.6,5.49,7.6,24.5,0,970.9,284,0.8,1.9,0,0,0,0,0,0,0,325,65,18,96
GVESTA,2022,4,13,6,9.6,73.5,8.8,5.1,5.68,7.4,24,0,971.8,310,0.8,1.5,71,274,39,57,301,20,20,314,56,18,96
GVESTA,2022,4,13,7,11.7,67.5,9.3,5.9,6.01,8.7,26.9,0,972.2,288,0.7,1.9,210,366,104,54,433,114,54,319,53,18,96
GVESTA,2022,4,13,8,13.7,57.6,9,5.5,5.81,9.5,28.5,0,972.2,315,0.5,1.8,414,691,103,60,709,288,60,319,45,18,96
GVESTA,2022,4,13,9,15.7,49.3,8.8,5.1,5.68,10.2,30.2,0,972.3,135,0.8,2.1,391,204,275,148,337,261,146,351,94,18,96
GVESTA,2022,4,13,10,16.8,47.2,9,5.5,5.81,10.8,31.6,0,972.3,281,1.3,4.2,580,415,287,148,438,449,147,360,100,18,96
GVESTA,2022,4,13,11,18.2,42.6,8.9,5.3,5.75,11.3,32.9,0,971.8,27,1,3.2,687,524,285,144,399,562,143,354,100,18,96
GVESTA,2022,4,13,12,19.2,40.9,9.1,5.6,5.88,11.9,34.2,0,971.5,72,1.5,3.4,617,303,376,193,257,464,238,368,100,18,96
GVESTA,2022,4,13,13,20,34.3,8,3.8,5.17,11.5,33.2,0,971.3,75,1.4,3.8,658,434,322,161,161,525,378,371,100,18,96
GVESTA,2022,4,13,14,21.1,31.2,7.8,3.4,5.04,11.8,34,0,970.9,360,1.2,3.4,455,176,328,176,175,313,298,370,100,18,96
GVESTA,2022,4,13,15,21.3,29.3,7.4,2.7,4.78,11.6,33.6,0,970.8,35,1.4,4.2,470,392,242,128,128,340,472,353,88,18,96
GVESTA,2022,4,13,16,21.5,30,7.7,3.2,4.97,11.9,34.3,0,970.9,56,0.6,1.9,451,827,70,53,53,311,800,311,39,18,96
GVESTA,2022,4,13,17,21.4,32.6,8.3,4.3,5.36,12.2,35.1,0,971.3,262,1.6,3.7,229,419,99,54,54,125,479,335,63,18,96
GVESTA,2022,4,13,18,21.1,36.1,9,5.5,5.81,12.6,36,0,971.8,322,2.1,6.6,73,199,44,48,24,24,228,341,55,18,96
GVESTA,2022,4,13,19,19.9,38.3,8.9,5.3,5.75,12,34.6,0,972.2,351,2.1,6.3,0,0,0,0,0,0,0,311,23,18,96
GVESTA,2022,4,13,20,18.3,43.2,9.1,5.6,5.87,11.5,33.3,0,972.9,42,1.4,3,0,0,0,0,0,0,0,291,0,18,96
GVESTA,2022,4,13,21,17.2,48,9.4,6.1,6.07,11.2,32.7,0,973.4,315,0.6,1.7,0,0,0,0,0,0,0,290,0,18,96
GVESTA,2022,4,13,22,14.5,57.4,9.5,6.2,6.13,10.1,30.1,0,973.8,254,0.9,2.1,0,0,0,0,0,0,0,289,0,18,96
GVESTA,2022,4,13,23,13.7,60.5,9.5,6.2,6.13,9.8,29.2,0,974.1,243,1.6,2.8,0,0,0,0,0,0,0,288,0,18,96
GVESTA,2022,4,14,0,12.6,65,9.5,6.2,6.12,9.3,28.1,0,974.3,288,1,2.5,0,0,0,0,0,0,0,287,0,18,96
GVESTA,2022,4,14,1,11.9,67.6,9.4,6.1,6.06,8.9,27.2,0,974.2,307,0.8,2.2,0,0,0,0,0,0,0,303,31,18,96
GVESTA,2022,4,14,2,11.3,68.9,9.2,5.8,5.93,8.5,26.3,0,974.5,326,1,2.1,0,0,0,0,0,0,0,300,33,18,96
GVESTA,2022,4,14,3,10.7,70.2,9,5.5,5.8,8.1,25.4,0,974.8,281,1.2,10.3,0,0,0,0,0,0,0,287,13,18,96
GVESTA,2022,4,14,4,9.3,75,8.8,5.1,5.67,7.2,23.6,0,974.8,347,1.3,10.7,0,0,0,0,0,0,0,287,0,18,96
GVESTA,2022,4,14,5,8.3,80.2,8.8,5.1,5.67,6.7,22.6,0,975,346,1.4,10.5,0,0,0,0,0,0,0,287,0,18,96
GVESTA,2022,4,14,6,9.9,79.4,9.7,6.5,6.25,8.2,25.7,0,975.4,16,0.9,10.2,76,311,32,55,335,18,18,294,33,18,96
GVESTA,2022,4,14,7,12.2,72.5,10.3,7.4,6.64,9.7,29,0,975.4,360,0.5,10.8,233,531,83,52,587,108,45,319,41,18,96
GVESTA,2022,4,14,8,13.7,62.6,9.8,6.7,6.31,10,29.7,0,975.6,270,0.8,2.3,416,685,103,63,703,286,63,337,64,18,96
GVESTA,2022,4,14,9,15.6,55.8,9.9,6.8,6.38,10.9,31.8,0,975.6,124,0.6,2.1,561,701,141,85,648,437,85,330,63,18,96
GVESTA,2022,4,14,10,17.4,50.8,10.1,7.1,6.51,11.8,34,0,975.1,63,1,3.8,741,942,79,80,612,614,81,306,25,18,96
GVESTA,2022,4,14,11,19.4,48.9,11,8.4,7.1,13.2,37.5,0,974.7,67,1.6,4.8,808,926,93,89,404,691,90,301,0,18,96
GVESTA,2022,4,14,12,20.3,46.3,11,8.4,7.1,13.5,38.4,0,974.5,45,2.1,5.1,837,926,98,92,163,722,156,304,0,18,96
GVESTA,2022,4,14,13,21.4,41,10.4,7.6,6.71,13.6,38.6,0,974.2,37,2.2,5.2,809,910,102,90,91,692,389,306,0,18,96
GVESTA,2022,4,14,14,21.9,40.3,10.6,7.8,6.84,13.9,39.4,0,973.9,31,2.1,5.5,738,900,100,84,85,613,595,306,6,18,96
GVESTA,2022,4,14,15,23,38.4,10.8,8.1,6.98,14.4,40.9,0,973.7,31,2.7,6.1,619,888,82,70,71,482,740,321,13,18,96
GVESTA,2022,4,14,16,23.1,44,12.4,10.2,8.02,15.4,43.6,0,973.9,338,2.9,7.3,441,770,84,57,58,302,763,326,33,18,96
GVESTA,2022,4,14,17,22.3,46.2,12.4,10.2,8.02,15.1,42.8,0,974.4,325,2.7,7.1,259,620,71,42,42,128,664,333,39,18,96
GVESTA,2022,4,14,18,21.2,48.1,12.1,9.8,7.82,14.5,41.2,0,974.8,333,2.5,8.1,73,234,33,41,18,18,257,354,70,18,96
GVESTA,2022,4,14,19,19.9,51.8,12,9.7,7.75,14,39.7,0,975.5,23,1.9,5.3,0,0,0,0,0,0,0,338,59,18,96
GVESTA,2022,4,14,20,18.1,58.3,12.1,9.8,7.81,13.3,38,0,976.3,60,1.5,8.6,0,0,0,0,0,0,0,372,100,18,96
GVESTA,2022,4,14,21,17.9,58.7,12,9.7,7.74,13.2,37.6,0,976.8,352,0.7,2.1,0,0,0,0,0,0,0,337,53,18,96
GVESTA,2022,4,14,22,16.8,62.1,11.9,9.5,7.67,12.6,36.3,0,977,338,0.7,2.2,0,0,0,0,0,0,0,299,25,18,96
GVESTA,2022,4,14,23,15.9,65.3,11.8,9.4,7.6,12.2,35.2,0,977,333,0.5,1.4,0,0,0,0,0,0,0,297,25,18,96
GVESTA,2022,4,15,0,14.6,69.1,11.5,9,7.41,11.5,33.4,0,977.1,249,1,2,0,0,0,0,0,0,0,294,25,18,96
GVESTA,2022,4,15,1,13.7,71.3,11.2,8.6,7.21,10.9,32,0,977,249,0.9,1.8,0,0,0,0,0,0,0,292,13,18,96
GVESTA,2022,4,15,2,13.8,68.5,10.8,8.1,6.95,10.7,31.4,0,977.4,301,0.6,1.8,0,0,0,0,0,0,0,291,0,18,96
GVESTA,2022,4,15,3,13.2,71.2,10.8,8.1,6.95,10.4,30.8,0,977.4,342,0.6,1.1,0,0,0,0,0,0,0,290,0,18,96
GVESTA,2022,4,15,4,12.2,75.5,10.7,8,6.88,9.9,29.6,0,977.6,281,0.6,1.4,0,0,0,0,0,0,0,314,40,18,96
GVESTA,2022,4,15,5,11.2,77.4,10.3,7.4,6.62,9.2,27.9,0,978,304,0.6,1.4,0,0,0,0,0,0,0,315,40,18,96
GVESTA,2022,4,15,6,11,80.1,10.5,7.7,6.75,9.3,28.1,0,978.4,329,0.7,1.7,75,268,39,58,294,21,21,322,48,18,96
GVESTA,2022,4,15,7,13,78.8,11.8,9.4,7.59,11,32.2,0,978.5,45,0.4,1.1,257,664,61,46,703,110,38,301,16,18,96
GVESTA,2022,4,15,8,15.1,71.5,12.3,10,7.92,12.2,35.2,0,978.5,63,0.9,2.6,442,812,71,54,794,293,55,291,0,18,96
GVESTA,2022,4,15,9,16.5,66.3,12.4,10.2,7.98,12.9,36.8,0,978.5,72,1.8,5,604,870,84,70,739,463,71,295,0,18,96
GVESTA,2022,4,15,10,18.5,62.5,13.3,11.2,8.57,14.2,40.3,0,978.3,52,4,7.4,733,908,91,82,601,601,83,298,6,18,96
GVESTA,2022,4,15,11,19.4,57.1,12.9,10.7,8.31,14.3,40.6,0,978.1,38,4.3,7.2,820,942,88,89,404,693,90,302,0,18,96
GVESTA,2022,4,15,12,21,54.6,13.6,11.5,8.77,15.3,43.4,0,977.7,52,4.5,7.1,842,921,104,94,165,720,161,306,0,18,96
GVESTA,2022,4,15,13,22,48.7,12.9,10.7,8.32,15.2,43.3,0,977.2,47,4.5,7.3,820,932,94,90,91,695,392,307,10,18,96
GVESTA,2022,4,15,14,22.8,40,11.1,8.5,7.15,14.5,41.1,0,976.8,40,4,6.6,740,905,93,83,84,607,590,306,6,18,96
GVESTA,2022,4,15,15,23.1,40.3,11.4,8.9,7.35,14.8,41.9,0,976.4,32,3.7,6.6,602,815,108,76,76,465,708,312,10,18,96
GVESTA,2022,4,15,16,23.2,40.1,11.4,8.9,7.35,14.8,42,0,976.3,34,4,6.9,454,811,73,56,56,304,790,303,6,18,96
GVESTA,2022,4,15,17,22.3,43.5,11.7,9.3,7.55,14.7,41.6,0,976.2,33,4.2,8.5,269,668,65,40,40,126,707,307,0,18,96
GVESTA,2022,4,15,18,21.1,48.1,12,9.7,7.74,14.4,40.9,0,976.3,24,3.6,8.8,94,394,38,71,21,21,421,321,29,18,96
GVESTA,2022,4,15,19,20.4,49.2,11.8,9.4,7.61,14,39.8,0,976.9,12,2.5,5.5,0,0,0,0,0,0,0,299,0,18,96
GVESTA,2022,4,15,20,19.9,47.8,11.1,8.5,7.15,13.4,38.1,0,977.2,12,2.5,5,0,0,0,0,0,0,0,296,0,18,96
GVESTA,2022,4,15,21,18.2,52,10.9,8.2,7.01,12.6,36.1,0,977.5,50,1.7,3,0,0,0,0,0,0,0,294,0,18,96
GVESTA,2022,4,15,22,16.5,57.9,10.9,8.2,7.01,11.9,34.3,0,977.5,9,1.9,3.8,0,0,0,0,0,0,0,291,0,18,96
GVESTA,2022,4,15,23,16,59,10.7,8,6.88,11.6,33.5,0,977.8,351,0.9,2.1,0,0,0,0,0,0,0,288,0,18,96
GVESTA,2022,4,16,0,14.4,64.5,10.6,7.8,6.82,10.8,31.7,0,978,297,0.6,1.9,0,0,0,0,0,0,0,285,0,18,96
GVESTA,2022,4,16,1,13.2,67.4,10.2,7.3,6.56,10.1,29.8,0,977.8,225,0.9,1.8,0,0,0,0,0,0,0,283,0,18,96
GVESTA,2022,4,16,2,13.3,64.3,9.8,6.7,6.3,9.8,29.3,0,977.7,48,1.5,4.4,0,0,0,0,0,0,0,285,6,18,96
GVESTA,2022,4,16,3,13.3,64.3,9.8,6.7,6.3,9.8,29.3,0,977.6,40,4.1,6.7,0,0,0,0,0,0,0,304,41,18,96
GVESTA,2022,4,16,4,12.7,63.2,9.3,5.9,5.98,9.2,27.8,0,977.4,43,4.1,8,0,0,0,0,0,0,0,350,100,18,96
GVESTA,2022,4,16,5,12.6,62.3,9.1,5.6,5.84,9,27.4,0,977.8,36,4.1,6.7,0,0,0,0,0,0,0,340,94,18,96
GVESTA,2022,4,16,6,12.8,61.1,9,5.5,5.78,9.1,27.5,0,977.8,37,3.9,7.6,59,96,43,36,123,23,23,326,71,18,96
GVESTA,2022,4,16,7,13.2,59.5,9,5.5,5.78,9.2,27.9,0,977.9,42,6.4,12.4,273,700,63,47,739,114,39,291,33,18,96
GVESTA,2022,4,16,8,14.4,57.4,9.4,6.1,6.04,10,29.7,0,977.6,46,6.8,12,457,827,76,55,813,298,56,270,13,18,96
GVESTA,2022,4,16,9,15.6,54.2,9.6,6.4,6.17,10.7,31.3,0,977.6,44,7.4,11.9,620,879,91,71,751,469,72,275,29,18,96
GVESTA,2022,4,16,10,16.8,51.3,9.8,6.7,6.3,11.3,32.8,0,977.3,43,8.7,14.1,747,892,112,85,611,606,86,280,16,18,96
GVESTA,2022,4,16,11,17.8,49.2,10,7,6.43,11.9,34.2,0,977,44,8.8,15.9,845,961,95,90,415,707,91,268,0,18,96
GVESTA,2022,4,16,12,19.1,45.3,10,7,6.43,12.4,35.5,0,976.7,42,8.6,13.6,874,955,105,94,170,739,163,267,0,18,96
GVESTA,2022,4,16,13,19.7,43.1,9.9,6.8,6.37,12.6,36,0,976.6,45,10,15.9,856,973,94,90,91,716,406,267,0,18,96
GVESTA,2022,4,16,14,19.6,41.6,9.5,6.2,6.11,12.3,35.2,0,976.3,41,10.2,17.4,771,942,95,84,84,625,611,264,0,18,96
GVESTA,2022,4,16,15,18.8,41.6,9,5.5,5.79,11.7,33.6,0,976.2,40,9.8,15.9,648,922,84,71,72,490,771,261,0,18,96
GVESTA,2022,4,16,16,17.7,39.9,8.1,3.9,5.2,10.6,31,0,976.2,38,9.5,16.1,475,836,80,57,57,313,818,258,0,18,96
GVESTA,2022,4,16,17,16.9,40.5,7.8,3.4,5.01,10,29.7,0,976.5,35,7.7,15.4,285,690,71,49,42,122,734,256,0,18,96
GVESTA,2022,4,16,18,15.7,45.3,8.1,3.9,5.2,9.7,28.9,0,977,38,6.6,12.1,104,435,39,79,21,21,463,253,0,18,96
GVESTA,2022,4,16,19,14.7,44.4,7.4,2.7,4.74,8.8,26.8,0,977.6,27,6.6,13.2,0,0,0,0,0,0,0,250,0,18,96
GVESTA,2022,4,16,20,13.8,45.7,7.2,2.3,4.61,8.2,25.5,0,978.1,25,8.3,14.8,0,0,0,0,0,0,0,248,0,18,96
GVESTA,2022,4,16,21,12.7,49.8,7.3,2.5,4.68,7.8,24.6,0,977.9,30,8.7,16,0,0,0,0,0,0,0,245,0,18,96
GVESTA,2022,4,16,22,12,51.4,7.2,2.3,4.61,7.4,23.7,0,977.8,35,9.1,15.7,0,0,0,0,0,0,0,242,0,18,96
GVESTA,2022,4,16,23,11.4,52.7,7.1,2.1,4.55,7,22.9,0,977.6,33,9.6,17,0,0,0,0,0,0,0,240,0,18,96
GVESTA,2022,4,17,0,11,54.9,7.2,2.3,4.61,6.9,22.7,0,977.9,34,9,16,0,0,0,0,0,0,0,237,0,18,96
GVESTA,2022,4,17,1,10.6,56.4,7.2,2.3,4.61,6.7,22.3,0,977.7,36,8.7,14.6,0,0,0,0,0,0,0,235,6,17,96
GVESTA,2022,4,17,2,9.8,57.8,7,1.9,4.49,6.1,21.1,0,977.6,31,6.4,12.9,0,0,0,0,0,0,0,280,45,17,96
GVESTA,2022,4,17,3,9.6,55.3,6.6,1.1,4.23,5.7,20.3,0,977.3,37,7.9,14,0,0,0,0,0,0,0,240,6,17,96
GVESTA,2022,4,17,4,9.1,55.2,6.4,0.6,4.1,5.3,19.5,0,977.3,40,6.9,12.8,0,0,0,0,0,0,0,233,0,17,96
GVESTA,2022,4,17,5,8.3,57.4,6.3,0.4,4.03,4.8,18.5,0,977.5,41,6.9,11.2,0,0,0,0,0,0,0,232,0,17,96
GVESTA,2022,4,17,6,8.2,57,6.2,0.2,3.97,4.7,18.2,0,977.8,39,5.8,10.5,98,438,37,83,464,20,20,231,0,17,96
GVESTA,2022,4,17,7,8.1,58.2,6.3,0.4,4.03,4.7,18.3,0,977.9,42,6.9,12.2,286,737,62,47,773,113,38,232,0,17,96
GVESTA,2022,4,17,8,8.5,56.7,6.3,0.4,4.03,4.9,18.7,0,977.8,46,7,12,474,858,75,53,837,301,54,235,0,17,96
GVESTA,2022,4,17,9,9.4,56.1,6.6,1.1,4.23,5.6,20.1,0,977.4,48,5,8.3,637,897,93,69,764,474,70,237,0,17,96
GVESTA,2022,4,17,10,10.8,51.1,6.6,1.1,4.23,6.3,21.5,0,977.3,36,5.2,9.5,761,900,117,83,616,608,84,240,0,17,96
GVESTA,2022,4,17,11,12.3,47.6,6.8,1.5,4.36,7.2,23.4,0,976.6,39,5.8,10.7,858,973,95,87,413,707,88,245,0,17,96
GVESTA,2022,4,17,12,14.1,42.3,6.8,1.5,4.36,8.1,25.2,0,975.9,47,6,10.5,884,962,105,90,164,736,162,254,0,17,96
GVESTA,2022,4,17,13,15.7,37.1,6.6,1.1,4.24,8.7,26.5,0,975.2,48,6.4,11.6,860,971,96,87,88,708,403,260,0,17,96
GVESTA,2022,4,17,14,16.7,30.5,5.8,-0.7,3.72,8.5,26.2,0,974.3,45,6.6,11,776,944,96,80,81,618,611,259,0,17,96
GVESTA,2022,4,17,15,17.6,27.4,5.5,-1.4,3.53,8.7,26.7,0,973.3,41,5.7,9.4,659,941,82,68,69,488,780,257,0,17,96
GVESTA,2022,4,17,16,17.8,25.5,5.2,-2.2,3.34,8.6,26.4,0,972.9,41,5.5,9.8,481,852,75,54,55,307,826,256,0,17,96
GVESTA,2022,4,17,17,17.6,23.3,4.7,-3.6,3.02,8.1,25.3,0,972.7,37,5.4,10.1,287,685,73,50,41,119,729,255,0,17,96
GVESTA,2022,4,17,18,16.8,24.1,4.6,-3.8,2.95,7.7,24.4,0,973,18,3.4,7.7,107,451,41,87,21,21,480,253,0,17,96
GVESTA,2022,4,17,19,15.5,26.2,4.6,-3.8,2.95,7.1,23.1,0,973.2,15,3.1,6,0,0,0,0,0,0,0,250,0,17,96
GVESTA,2022,4,17,20,14.6,29.5,4.9,-3,3.15,6.9,22.6,0,973.4,12,3.3,5.8,0,0,0,0,0,0,0,242,0,17,96
GVESTA,2022,4,17,21,13.5,32.4,5,-2.7,3.21,6.4,21.7,0,973.3,21,4,7.4,0,0,0,0,0,0,0,239,0,17,96
GVESTA,2022,4,17,22,12.7,34.1,5,-2.7,3.21,6,20.9,0,973.3,20,3.2,7.3,0,0,0,0,0,0,0,243,13,17,96
GVESTA,2022,4,17,23,12.2,34.5,4.9,-3,3.15,5.7,20.2,0,973.4,23,2.1,4.5,0,0,0,0,0,0,0,250,20,17,96
GVESTA,2022,4,18,0,11.2,40,5.3,-1.9,3.4,5.5,19.8,0,973.6,29,1.2,3.3,0,0,0,0,0,0,0,232,0,17,96
GVESTA,2022,4,18,1,10,43.9,5.4,-1.7,3.47,5,18.8,0,973.3,9,1.3,3.1,0,0,0,0,0,0,0,230,0,18,96
GVESTA,2022,4,18,2,9.3,47.1,5.5,-1.4,3.54,4.7,18.2,0,973.2,338,0.6,1.4,0,0,0,0,0,0,0,230,0,18,96
GVESTA,2022,4,18,3,7.6,54.8,5.7,-0.9,3.66,4,16.8,0,973.1,301,0.8,1.9,0,0,0,0,0,0,0,230,0,18,96
GVESTA,2022,4,18,4,6,62.1,5.8,-0.7,3.73,3.2,15.4,0,973,286,0.8,1.5,0,0,0,0,0,0,0,230,0,18,96
GVESTA,2022,4,18,5,5.2,64.7,5.7,-0.9,3.66,2.7,14.4,0,973.1,279,0.7,3.1,0,0,0,0,0,0,0,265,20,18,96
GVESTA,2022,4,18,6,5.5,65.2,5.9,-0.5,3.79,3,15,0,973.5,297,0.6,2.9,99,381,41,78,410,22,22,271,13,18,96
GVESTA,2022,4,18,7,8.4,56.2,6.2,0.2,3.99,4.8,18.5,0,973.5,61,1.2,4.1,296,750,64,50,789,116,40,260,13,18,96
GVESTA,2022,4,18,8,9.6,49.3,5.9,-0.5,3.79,5.2,19.2,0,973.6,57,3.1,6.1,480,861,76,56,842,302,57,266,19,18,96
GVESTA,2022,4,18,9,10.8,46.5,6,-0.2,3.86,5.9,20.6,0,973.3,41,3,5.6,639,876,102,75,754,474,76,274,38,18,96
GVESTA,2022,4,18,10,12.2,44.9,6.4,0.6,4.12,6.9,22.7,0,972.9,81,2.5,5.3,775,942,97,84,625,614,85,248,19,18,96
GVESTA,2022,4,18,11,13.5,41.2,6.4,0.6,4.12,7.5,24,0,972.1,79,2.3,6.2,864,982,90,90,416,708,92,263,29,18,96
GVESTA,2022,4,18,12,15,39.9,6.8,1.5,4.38,8.5,26.2,0,971.4,103,2.6,5.3,877,929,122,97,176,729,171,308,43,18,96
GVESTA,2022,4,18,13,15.6,38.4,6.8,1.5,4.39,8.8,26.8,0,970.7,92,2.8,4.8,858,952,105,93,94,704,412,306,39,18,96
GVESTA,2022,4,18,14,17,34.6,6.7,1.3,4.33,9.3,28,0,970,63,2.2,9.2,767,903,113,87,88,610,609,302,23,18,96
GVESTA,2022,4,18,15,18.1,33.3,6.9,1.7,4.46,9.9,29.5,0,969.4,55,2.3,4.4,645,892,95,73,74,476,757,297,23,18,96
GVESTA,2022,4,18,16,18.7,25,5.4,-1.7,3.48,9.1,27.6,0,969.2,38,2,3.8,453,688,120,69,69,296,711,315,44,18,96
GVESTA,2022,4,18,17,18.8,28.2,6.1,0,3.94,9.7,28.9,0,969,59,2.3,4,247,407,121,72,62,115,486,325,56,18,96
GVESTA,2022,4,18,18,18,29.6,6.1,0,3.94,9.3,28.1,0,969.1,40,1.6,2.8,112,461,41,90,22,22,491,290,29,18,96
GVESTA,2022,4,18,19,16.3,37.3,6.9,1.7,4.46,9.1,27.7,0,969.4,27,0.8,1.8,0,0,0,0,0,0,0,282,25,18,96
GVESTA,2022,4,18,20,14.7,45,7.5,2.9,4.85,8.9,27,0,969.9,9,0.9,2.3,0,0,0,0,0,0,0,253,0,18,96
GVESTA,2022,4,18,21,13.4,50,7.7,3.2,4.98,8.4,26,0,970,27,1.2,2.7,0,0,0,0,0,0,0,272,25,18,96
GVESTA,2022,4,18,22,11.7,56.7,7.8,3.4,5.04,7.7,24.5,0,969.7,323,0.7,1.4,0,0,0,0,0,0,0,303,70,18,96
GVESTA,2022,4,18,23,10.5,60.5,7.7,3.2,4.98,7,23.1,0,969.6,307,0.5,1.6,0,0,0,0,0,0,0,337,100,18,96
GVESTA,2022,4,19,0,10,64.4,7.9,3.6,5.11,6.9,22.9,0,969.2,304,0.5,1.2,0,0,0,0,0,0,0,302,69,18,96
GVESTA,2022,4,19,1,9,67,7.7,3.2,4.98,6.3,21.6,0,969,321,0.8,1.4,0,0,0,0,0,0,0,269,33,18,96
GVESTA,2022,4,19,2,8.8,66.4,7.5,2.9,4.85,6,21,0,969,297,0.5,1.3,0,0,0,0,0,0,0,294,44,18,96
GVESTA,2022,4,19,3,8,68.2,7.3,2.5,4.72,5.5,19.9,0,968.9,307,0.6,1.6,0,0,0,0,0,0,0,284,35,18,96
GVESTA,2022,4,19,4,7,72,7.2,2.3,4.66,4.9,18.7,0,968.9,329,0.7,2.4,0,0,0,0,0,0,0,298,71,18,96
GVESTA,2022,4,19,5,6.6,74,7.2,2.3,4.66,4.7,18.3,0,969.1,351,0.8,1.5,0,0,0,0,0,0,0,260,13,18,96
GVESTA,2022,4,19,6,6.9,74.6,7.4,2.7,4.79,5,19,0,969.3,326,0.6,1.4,95,354,48,87,385,25,26,279,39,18,96
GVESTA,2022,4,19,7,9.6,71,8.5,4.6,5.5,7.1,23.5,0,969.1,41,1.1,1.9,216,256,132,74,338,112,70,312,75,18,96
GVESTA,2022,4,19,8,11.6,57.9,7.9,3.6,5.11,7.7,24.6,0,968.8,30,0.9,2.5,480,850,76,57,833,297,58,291,35,18,96
GVESTA,2022,4,19,9,13.3,48.6,7.4,2.7,4.79,8.1,25.5,0,968.5,62,1.6,3.2,633,838,119,80,743,464,81,297,39,18,96
GVESTA,2022,4,19,10,14.8,44.1,7.4,2.7,4.79,8.8,27,0,967.9,101,1.3,2.9,751,858,131,92,608,592,93,305,39,18,96
GVESTA,2022,4,19,11,16.6,39.8,7.5,2.9,4.86,9.7,29,0,967.4,72,1.5,3.8,819,830,160,106,416,667,107,317,54,18,96
GVESTA,2022,4,19,12,17.8,35.4,7.2,2.3,4.67,10,29.7,0,966.6,77,1.5,3.5,884,961,99,95,165,726,165,321,48,18,96
GVESTA,2022,4,19,13,18.9,29.9,6.5,0.9,4.21,10,29.7,0,966,79,2.3,5,819,829,162,106,106,667,423,339,71,18,96
GVESTA,2022,4,19,14,19.4,25.8,5.8,-0.7,3.76,9.7,29,0,965.6,88,2.6,5.2,752,850,133,92,93,593,596,338,75,18,96
GVESTA,2022,4,19,15,19.9,27.1,6.3,0.4,4.09,10.3,30.4,0,965,63,3,5.5,646,878,102,76,77,472,756,317,53,18,96
GVESTA,2022,4,19,16,19.9,27.1,6.3,0.4,4.09,10.3,30.4,0,964.6,63,2.9,4.9,461,731,113,67,68,291,753,322,58,18,96
GVESTA,2022,4,19,17,20.2,25.8,6.1,0,3.96,10.3,30.4,0,964.4,33,2.8,4.5,294,697,68,53,42,116,737,300,33,18,96
GVESTA,2022,4,19,18,19.4,29.8,6.7,1.3,4.35,10.3,30.5,0,964.5,22,1.9,3.6,108,427,44,93,24,24,458,300,33,18,96
GVESTA,2022,4,19,19,18.4,32.6,6.9,1.7,4.48,10.1,29.9,0,965.1,342,1.4,4.2,0,0,0,0,0,0,0,266,0,18,96
GVESTA,2022,4,19,20,16.8,37.2,7.1,2.1,4.61,9.5,28.6,0,965.7,16,2.1,4.7,0,0,0,0,0,0,0,259,0,18,96
GVESTA,2022,4,19,21,15.3,43.3,7.5,2.9,4.87,9.1,27.7,0,965.8,45,1.3,4.5,0,0,0,0,0,0,0,262,0,18,96
GVESTA,2022,4,19,22,13.4,50.7,7.8,3.4,5.06,8.5,26.3,0,965.7,346,1.4,2.9,0,0,0,0,0,0,0,280,33,18,96
GVESTA,2022,4,19,23,12.4,52.6,7.6,3,4.93,7.8,24.9,0,965.6,234,1.1,2.8,0,0,0,0,0,0,0,273,29,18,96
GVESTA,2022,4,20,0,11.1,58.2,7.7,3.2,5,7.3,23.8,0,965.4,263,0.9,2.2,0,0,0,0,0,0,0,249,6,18,96
GVESTA,2022,4,20,1,9.8,63.4,7.7,3.2,5,6.7,22.4,0,965.4,300,0.9,1.6,0,0,0,0,0,0,0,264,33,19,96
GVESTA,2022,4,20,2,9.2,64.7,7.5,2.9,4.87,6.2,21.5,0,965.4,281,0.7,1.5,0,0,0,0,0,0,0,277,34,19,96
GVESTA,2022,4,20,3,7.4,73.1,7.5,2.9,4.87,5.3,19.7,0,965.6,276,1.1,2.5,0,0,0,0,0,0,0,328,88,19,96
GVESTA,2022,4,20,4,7.5,72.6,7.5,2.9,4.87,5.4,19.8,0,965.6,284,1.1,2.5,0,0,0,0,0,0,0,286,44,19,96
GVESTA,2022,4,20,5,7.1,72.5,7.3,2.5,4.74,5,19,0,965.8,288,0.9,2.6,0,0,0,0,0,0,0,248,0,19,96
GVESTA,2022,4,20,6,7.5,74.1,7.7,3.2,5,5.5,20.1,0,966,288,0.8,1.5,109,444,40,92,472,22,22,265,25,19,96
GVESTA,2022,4,20,7,10.8,62.4,8.1,3.9,5.26,7.4,24.1,0,965.8,288,0.7,3.3,281,629,83,59,684,113,47,279,29,19,96
GVESTA,2022,4,20,8,12.3,52.6,7.5,2.9,4.87,7.7,24.6,0,965.6,48,2.7,6.6,408,479,177,92,565,264,92,324,75,19,96
GVESTA,2022,4,20,9,13.4,50,7.7,3.2,5,8.4,26.1,0,965.5,34,2.9,5.4,543,498,235,121,561,392,121,323,81,19,96
GVESTA,2022,4,20,10,14.4,45.9,7.5,2.9,4.87,8.7,26.8,0,965.1,30,3.2,6.6,720,748,172,110,560,559,110,328,74,19,96
GVESTA,2022,4,20,11,15.9,44.4,8,3.8,5.2,9.7,29.1,0,965,29,2.2,5.3,840,886,134,103,417,680,104,314,54,19,96
GVESTA,2022,4,20,12,16.9,41.1,7.9,3.6,5.14,10.1,30,0,964.6,77,2.1,5.2,887,963,98,98,169,724,166,317,45,19,96
GVESTA,2022,4,20,13,18.1,37,7.7,3.2,5.01,10.5,30.9,0,964.5,51,2.7,5.6,750,618,256,140,140,596,400,359,94,19,96
GVESTA,2022,4,20,14,18.4,36.3,7.7,3.2,5.01,10.6,31.2,0,964,65,2.5,5.3,548,276,346,182,181,388,389,363,100,19,96
GVESTA,2022,4,20,15,18.6,34.6,7.4,2.7,4.81,10.5,30.9,0,963.9,60,2.1,4,485,341,273,145,144,336,450,357,94,19,96
GVESTA,2022,4,20,16,18.7,37.2,8,3.8,5.21,10.9,32,0,963.9,43,2.5,4.2,264,82,222,124,123,158,207,361,100,19,96
GVESTA,2022,4,20,17,18.6,40.1,8.6,4.8,5.6,11.3,32.9,0,963.8,29,2.1,3.3,160,68,137,77,76,89,148,361,100,19,96
GVESTA,2022,4,20,18,17.8,43.1,8.8,5.1,5.73,11.1,32.4,0,963.6,14,2,4.3,43,5,42,25,24,24,30,360,100,19,96
GVESTA,2022,4,20,19,16.3,51.2,9.5,6.2,6.19,10.9,32.1,0,964,39,1.5,2.7,1,0,1,1,1,1,1,359,100,19,96
GVESTA,2022,4,20,20,15.2,59.2,10.2,7.3,6.65,10.9,32.1,0,964.3,360,1.5,2.6,0,0,0,0,0,0,0,356,100,19,96
GVESTA,2022,4,20,21,14.8,51.1,8.6,4.8,5.6,9.7,29,0,964.3,29,2.3,3.9,0,0,0,0,0,0,0,354,100,19,96
GVESTA,2022,4,20,22,14.5,49.6,8.2,4.1,5.33,9.2,28.1,0,964.4,55,1.7,3.3,0,0,0,0,0,0,0,342,88,19,96
GVESTA,2022,4,20,23,13.3,56.3,8.6,4.8,5.6,9,27.5,0,964.6,45,1.4,3.5,0,0,0,0,0,0,0,349,100,19,96
GVESTA,2022,4,21,0,12.3,58.9,8.4,4.5,5.46,8.4,26.1,0,964.7,21,1.1,3.2,0,0,0,0,0,0,0,312,50,19,96
GVESTA,2022,4,21,1,12.2,54.9,7.8,3.4,5.07,7.9,25.1,0,964.6,10,1.2,3.7,0,0,0,0,0,0,0,286,29,18,96
GVESTA,2022,4,21,2,11.2,53.4,7.1,2.1,4.61,6.9,22.9,0,964.4,42,3.2,6.2,0,0,0,0,0,0,0,317,84,18,96
GVESTA,2022,4,21,3,11.6,49.9,6.8,1.5,4.42,6.9,22.8,0,964.2,31,2.1,5.5,0,0,0,0,0,0,0,328,81,18,96
GVESTA,2022,4,21,4,10.3,54.4,6.8,1.5,4.42,6.2,21.5,0,963.9,41,1.9,3.9,0,0,0,0,0,0,0,333,94,18,96
GVESTA,2022,4,21,5,9.5,58.2,6.9,1.7,4.49,5.9,20.8,0,963.7,38,1.3,2.2,0,0,0,0,0,0,0,320,71,18,96
GVESTA,2022,4,21,6,9.2,62,7.2,2.3,4.68,6,21,0,964,333,1.1,2.8,102,351,40,74,378,22,22,298,41,18,96
GVESTA,2022,4,21,7,10.7,53.7,6.9,1.7,4.48,6.5,22.1,0,963.9,27,1.8,5,287,668,69,53,708,107,42,277,23,18,96
GVESTA,2022,4,21,8,11.7,47.4,6.5,0.9,4.23,6.7,22.4,0,963.4,43,4.8,7.9,490,859,75,57,836,292,57,278,23,18,96
GVESTA,2022,4,21,9,12.7,42.8,6.3,0.4,4.1,7,23.1,0,962.9,44,5.7,9,651,917,79,71,765,459,72,306,35,18,96
GVESTA,2022,4,21,10,13.6,42.5,6.6,1.1,4.3,7.7,24.5,0,962.2,44,5,8,665,572,250,131,526,502,131,342,88,18,96
GVESTA,2022,4,21,11,14.8,44.1,7.4,2.7,4.83,8.8,27.1,0,961.2,41,3.6,5.7,691,469,315,163,382,525,163,337,88,18,96
GVESTA,2022,4,21,12,16.3,42.7,7.9,3.6,5.16,9.8,29.4,0,960.6,48,4.2,7.7,856,858,150,104,190,689,174,311,48,18,96
GVESTA,2022,4,21,13,18.3,34.3,7.2,2.3,4.7,10.2,30.3,0,960.3,45,4.5,7.8,875,990,83,90,91,693,405,291,25,18,96
GVESTA,2022,4,21,14,18.9,37,8.1,3.9,5.3,11.1,32.4,0,959.5,46,4.8,8.4,757,865,121,89,90,582,590,317,40,18,96
GVESTA,2022,4,21,15,19.3,34.3,7.7,3.2,5.03,11,32.2,0,959,40,5.3,8.5,640,872,93,73,74,453,740,317,39,18,96
GVESTA,2022,4,21,16,19.5,32.7,7.4,2.7,4.84,10.9,31.9,0,958.8,32,3.7,8,297,169,209,114,113,182,280,349,81,18,96
GVESTA,2022,4,21,17,18.7,33,7.1,2.1,4.64,10.3,30.6,0,958.5,33,3.5,6.4,254,448,115,73,61,106,523,320,50,18,96
GVESTA,2022,4,21,18,17.9,35.7,7.3,2.5,4.78,10.1,30.1,0,958.2,32,2.9,5,98,261,50,67,27,27,294,330,65,18,96
GVESTA,2022,4,21,19,16.4,35.5,6.6,1.1,4.31,9,27.4,0,958.1,18,2.7,5.6,2,0,2,1,1,1,1,350,94,18,96
GVESTA,2022,4,21,20,15.3,32.9,5.7,-0.9,3.72,7.8,24.8,0,958,17,2.8,5.8,0,0,0,0,0,0,0,352,100,18,96
GVESTA,2022,4,21,21,14.7,38.2,6.4,0.6,4.18,8,25.4,0,957.9,45,1.4,3.4,0,0,0,0,0,0,0,324,78,18,96
GVESTA,2022,4,21,22,13.2,49.6,7.5,2.9,4.91,8.2,25.7,0,957.8,45,1.1,3,0,0,0,0,0,0,0,342,94,18,96
GVESTA,2022,4,21,23,11.2,59.4,7.9,3.6,5.17,7.5,24.3,0,957.7,304,1,1.9,0,0,0,0,0,0,0,339,94,18,96
GVESTA,2022,4,22,0,10.9,59.8,7.8,3.4,5.11,7.3,23.8,0,957.6,270,0.9,1.9,0,0,0,0,0,0,0,302,55,18,96
GVESTA,2022,4,22,1,10.4,59.7,7.5,2.9,4.91,6.8,22.8,0,957.3,301,0.7,1.9,0,0,0,0,0,0,0,303,44,18,96
GVESTA,2022,4,22,2,10.1,61.3,7.6,3,4.98,6.7,22.7,0,957.2,315,0.6,1.6,0,0,0,0,0,0,0,276,13,18,96
GVESTA,2022,4,22,3,9.6,65.2,7.8,3.4,5.11,6.6,22.5,0,957,297,0.7,1.6,0,0,0,0,0,0,0,267,0,18,96
GVESTA,2022,4,22,4,9,68.9,7.9,3.6,5.18,6.4,22.1,0,956.9,307,0.7,1.6,0,0,0,0,0,0,0,271,6,18,96
GVESTA,2022,4,22,5,7.7,73.1,7.7,3.2,5.05,5.6,20.4,0,956.9,309,0.7,2.1,3,11,3,5,12,2,2,300,46,18,96
GVESTA,2022,4,22,6,7.7,76.3,8,3.8,5.24,5.9,20.9,0,957.2,320,0.9,2.3,78,114,60,54,150,32,33,331,94,18,96
GVESTA,2022,4,22,7,10.5,66.8,8.5,4.6,5.57,7.6,24.6,0,957.3,32,1,3.1,247,395,108,61,460,116,58,332,81,18,96
GVESTA,2022,4,22,8,11.5,59.5,8.1,3.9,5.31,7.8,24.9,0,957.2,36,3,5.7,382,377,200,103,483,237,102,341,88,18,96
GVESTA,2022,4,22,9,12,54.8,7.7,3.2,5.04,7.7,24.8,0,957.1,40,3.1,5.3,546,506,230,116,561,385,116,346,88,18,96
GVESTA,2022,4,22,10,13.1,53.6,8.1,3.9,5.31,8.5,26.6,0,956.7,62,2.3,4.2,675,583,245,124,523,512,124,346,94,18,96
GVESTA,2022,4,22,11,14.8,49.3,8.3,4.3,5.45,9.5,28.6,0,956.4,79,2.4,5.5,749,611,258,134,407,585,134,337,75,18,96
GVESTA,2022,4,22,12,16,48.3,8.8,5.1,5.78,10.3,30.7,0,956.3,71,2.3,4.8,754,554,296,148,234,590,231,341,75,18,96
GVESTA,2022,4,22,13,16.7,45.3,8.6,4.8,5.65,10.5,31.1,0,956,87,2.3,4.5,760,636,248,128,128,597,414,341,68,18,96
GVESTA,2022,4,22,14,17.4,43.9,8.7,5,5.71,10.9,32,0,955.7,59,1.8,4.8,587,355,323,166,165,422,420,364,100,18,96
GVESTA,2022,4,22,15,17.6,45.2,9.1,5.6,5.98,11.2,32.8,0,955.7,68,2,3.6,456,269,285,149,148,306,391,365,100,18,96
GVESTA,2022,4,22,16,17.8,45.6,9.3,5.9,6.11,11.4,33.4,0,955.6,53,2.2,3.5,218,31,202,114,113,124,144,365,100,18,96
GVESTA,2022,4,22,17,18.8,45.2,9.8,6.7,6.44,12.2,35.2,0,955.6,58,2.3,3.9,270,530,95,62,53,106,588,335,51,18,96
GVESTA,2022,4,22,18,17.4,47.4,9.4,6.1,6.18,11.3,33.1,0,956.1,37,2.5,4.3,93,215,62,78,33,33,253,336,64,18,96
GVESTA,2022,4,22,19,15.5,49.9,8.8,5.1,5.78,10.1,30.2,0,956.5,19,1.8,3.7,2,0,2,1,1,1,1,360,94,18,96
GVESTA,2022,4,22,20,15.5,52.4,9.2,5.8,6.04,10.4,30.9,0,956.8,27,0.9,2.9,0,0,0,0,0,0,0,362,100,18,96
GVESTA,2022,4,22,21,14.2,59.4,9.6,6.4,6.3,10.1,30.2,0,957.1,194,1.6,3.1,0,0,0,0,0,0,0,360,100,18,96
GVESTA,2022,4,22,22,14.3,61.9,10.1,7.1,6.63,10.4,31.1,0,957.2,22,0.8,2.9,0,0,0,0,0,0,0,357,100,18,96
GVESTA,2022,4,22,23,13.2,67.4,10.2,7.3,6.7,10.1,30.2,0,957.1,333,0.9,2.2,0,0,0,0,0,0,0,354,100,18,96
GVESTA,2022,4,23,0,12.6,70.1,10.2,7.3,6.7,9.8,29.6,0,956.6,34,0.9,1.9,0,0,0,0,0,0,0,352,100,18,96
GVESTA,2022,4,23,1,12.2,73.5,10.4,7.6,6.84,9.7,29.5,0,956.3,360,1.1,2.3,0,0,0,0,0,0,0,350,100,18,96
GVESTA,2022,4,23,2,12.6,70.1,10.2,7.3,6.7,9.8,29.6,0,956.6,297,0.4,1,0,0,0,0,0,0,0,351,100,18,96
GVESTA,2022,4,23,3,12.3,73,10.4,7.6,6.84,9.8,29.6,0,956.6,315,0.8,2,0,0,0,0,0,0,0,351,100,18,96
GVESTA,2022,4,23,4,12,77.5,10.9,8.2,7.17,10,30.2,0.2,956,340,1.8,6.4,0,0,0,0,0,0,0,351,100,18,96
GVESTA,2022,4,23,5,11.8,80.7,11.2,8.6,7.37,10.1,30.5,0,956.3,75,1.8,3.8,2,1,2,2,2,1,1,352,100,18,96
GVESTA,2022,4,23,6,11.6,84,11.5,9,7.57,10.2,30.7,0.1,956.5,40,2.1,3.9,52,52,42,32,77,23,23,352,100,18,96
GVESTA,2022,4,23,7,11.7,84.6,11.6,9.2,7.64,10.3,31,0,956.5,9,2.2,5.6,162,67,139,79,148,87,77,353,100,18,96
GVESTA,2022,4,23,8,12.4,83.6,12,9.7,7.9,10.9,32.4,0,956.5,44,3.7,8.8,401,494,160,91,559,239,91,332,63,18,96
GVESTA,2022,4,23,9,14,75.3,12,9.7,7.9,11.6,34,0,956.5,56,3.5,6.8,415,223,276,150,350,269,149,357,94,18,96
GVESTA,2022,4,23,10,13.3,73.2,11.2,8.6,7.36,10.7,32,0.4,957.2,82,2.7,6.3,145,4,142,81,84,82,80,359,100,18,96
GVESTA,2022,4,23,11,12.5,84.7,12.3,10,8.11,11.1,33,0.4,955.9,12,2.7,6.4,182,0,182,105,104,102,103,361,100,18,96
GVESTA,2022,4,23,12,13.2,80.9,12.3,10,8.11,11.4,33.7,0,955.8,48,3.7,7.2,245,1,244,140,139,137,138,363,100,18,96
GVESTA,2022,4,23,13,13.8,77.3,12.2,9.9,8.04,11.6,34.2,0,955.7,37,3.2,6.2,224,20,208,118,117,132,127,364,100,18,96
GVESTA,2022,4,23,14,14,79.4,12.7,10.5,8.39,12,35.3,0.2,954.4,21,3.3,6.6,279,19,265,151,150,161,165,362,100,18,96
GVESTA,2022,4,23,15,14.2,77.4,12.5,10.3,8.26,12,35.1,0,953.7,34,3.8,7.6,316,190,204,116,115,197,283,357,94,18,96
GVESTA,2022,4,23,16,15.1,71.1,12.2,9.9,8.07,12.1,35.6,0,952.3,33,5.5,9.6,276,143,199,110,109,168,249,356,94,18,96
GVESTA,2022,4,23,17,14.4,71.9,11.8,9.4,7.81,11.6,34.2,0,951.8,38,5,9.3,60,1,60,34,34,34,35,359,100,18,96
GVESTA,2022,4,23,18,14.6,69.1,11.5,9,7.61,11.5,33.9,0,951.5,29,3.8,7.9,23,10,22,15,12,12,22,358,100,18,96
GVESTA,2022,4,23,19,14.4,70.9,11.6,9.2,7.67,11.5,33.9,0.1,951.8,42,1.7,5.2,3,0,3,2,2,1,1,356,100,18,96
GVESTA,2022,4,23,20,10.6,84.5,10.8,8.1,7.12,9.3,28.6,1,954.4,212,7.2,16,0,0,0,0,0,0,0,352,100,18,96
GVESTA,2022,4,23,21,8.2,87.2,9.5,6.2,6.24,7.2,23.9,1.6,955.7,240,5.7,16.1,0,0,0,0,0,0,0,349,100,18,96
GVESTA,2022,4,23,22,9.6,81,9.7,6.5,6.38,8,25.7,3.1,955.9,324,1,2.8,0,0,0,0,0,0,0,345,100,18,96
GVESTA,2022,4,23,23,8.8,86.7,9.8,6.7,6.44,7.7,25,1.6,956.3,47,2.3,4,0,0,0,0,0,0,0,342,100,18,96
GVESTA,2022,4,24,0,9.3,83.8,9.8,6.7,6.44,8,25.5,0.5,956.7,360,1.3,2.1,0,0,0,0,0,0,0,338,100,18,96
GVESTA,2022,4,24,1,9,84.3,9.7,6.5,6.37,7.7,25.1,0,956.7,12,1.5,3,0,0,0,0,0,0,0,336,100,19,96
GVESTA,2022,4,24,2,8.7,83.7,9.4,6.1,6.17,7.4,24.3,0,956.5,5,1.3,2.9,0,0,0,0,0,0,0,337,100,19,96
GVESTA,2022,4,24,3,8.9,81.4,9.3,5.9,6.11,7.4,24.3,0,956.6,315,0.9,2.6,0,0,0,0,0,0,0,337,100,19,96
GVESTA,2022,4,24,4,8.9,81.4,9.3,5.9,6.11,7.4,24.3,0,956.8,229,1.1,2.5,0,0,0,0,0,0,0,333,94,19,96
GVESTA,2022,4,24,5,8.9,82.6,9.4,6.1,6.17,7.5,24.5,0,957.3,262,1,2.1,1,0,1,1,1,1,1,329,94,19,96
GVESTA,2022,4,24,6,8.7,83.7,9.4,6.1,6.16,7.4,24.3,0,957.9,241,2.1,4.6,52,20,48,31,48,27,27,338,100,19,96
GVESTA,2022,4,24,7,9.4,78.7,9.3,5.9,6.09,7.6,24.8,0,958.5,211,3.4,6.4,154,70,130,76,146,82,72,339,100,19,96
GVESTA,2022,4,24,8,10.1,75.1,9.3,5.9,6.09,8,25.5,0,958.9,221,4.1,6.3,280,98,229,127,226,166,125,341,100,19,96
GVESTA,2022,4,24,9,11.5,69.9,9.5,6.2,6.22,8.8,27.2,0,959.2,223,4.7,7.8,414,168,309,168,326,262,166,343,100,19,96
GVESTA,2022,4,24,10,12.7,62.8,9.2,5.8,6.02,9.1,28,0,959.6,205,6,10.7,464,151,349,191,300,303,189,345,94,19,96
GVESTA,2022,4,24,11,13.6,58,9,5.5,5.89,9.4,28.5,0,960,228,5.1,10.1,507,197,349,189,306,343,187,343,94,19,96
GVESTA,2022,4,24,12,13.6,54.5,8.5,4.6,5.55,9,27.7,0,960.5,232,5.1,8.7,261,3,259,149,147,147,148,349,100,19,96
GVESTA,2022,4,24,13,14,54.6,8.7,5,5.68,9.4,28.4,0,960.7,235,4.8,8.9,257,4,254,146,144,145,146,351,100,19,96
GVESTA,2022,4,24,14,14.1,56.1,9,5.5,5.88,9.6,29,0,961.1,233,5.3,8.9,168,2,166,96,95,95,95,351,100,19,96
GVESTA,2022,4,24,15,14.4,56.6,9.3,5.9,6.08,9.9,29.8,0,961.4,211,5.3,8.4,72,0,72,41,41,40,41,351,100,19,96
GVESTA,2022,4,24,16,14.4,56.6,9.3,5.9,6.07,9.9,29.8,0,961.9,209,5,8.8,92,1,91,53,52,51,52,352,100,19,96
GVESTA,2022,4,24,17,13.8,60.9,9.6,6.4,6.27,9.9,29.7,0,962.4,209,5.1,8.2,30,0,30,17,17,17,17,352,100,19,96
GVESTA,2022,4,24,18,13.5,63.4,9.8,6.7,6.4,9.9,29.7,0,962.8,204,4.3,7.1,6,0,6,3,3,3,3,353,100,19,96
GVESTA,2022,4,24,19,13,66,9.9,6.8,6.46,9.7,29.4,0,963.5,221,3.1,6.7,0,0,0,0,0,0,0,353,100,19,96
GVESTA,2022,4,24,20,12.9,66,9.8,6.7,6.39,9.6,29.1,0,964.3,230,3.4,6,0,0,0,0,0,0,0,352,100,19,96
GVESTA,2022,4,24,21,11.6,79.1,10.8,8.1,7.04,9.7,29.4,0.1,964.6,213,4.7,7.5,0,0,0,0,0,0,0,352,100,19,96
GVESTA,2022,4,24,22,11.1,84,11.1,8.5,7.24,9.7,29.4,0,965.1,202,5.1,8,0,0,0,0,0,0,0,352,100,19,96
GVESTA,2022,4,24,23,11.2,81.2,10.8,8.1,7.04,9.5,29,0,965.3,198,4,7.2,0,0,0,0,0,0,0,352,100,19,96
GVESTA,2022,4,25,0,11.2,81.2,10.8,8.1,7.04,9.5,29,0,965.2,213,4.4,7.2,0,0,0,0,0,0,0,351,100,19,96
GVESTA,2022,4,25,1,10.8,83.4,10.8,8.1,7.04,9.4,28.6,0,965.3,222,4.7,7.7,0,0,0,0,0,0,0,351,100,19,96
GVESTA,2022,4,25,2,10.8,85.1,11,8.4,7.17,9.5,28.9,0.4,965.4,253,2.9,6.4,0,0,0,0,0,0,0,351,100,19,96
GVESTA,2022,4,25,3,11.1,81.7,10.8,8.1,7.04,9.5,28.9,0,965.4,240,2,4.4,0,0,0,0,0,0,0,351,100,19,96
GVESTA,2022,4,25,4,11.3,81.2,10.9,8.2,7.1,9.6,29.3,0.1,965.5,261,1.4,3.3,0,0,0,0,0,0,0,351,100,19,96
GVESTA,2022,4,25,5,11.3,82.9,11.1,8.5,7.23,9.8,29.6,0.3,965.9,230,1.1,3.2,2,0,2,1,2,1,1,350,100,19,96
GVESTA,2022,4,25,6,11,84.6,11.1,8.5,7.23,9.7,29.3,0.1,966.2,129,1.2,3.5,10,0,10,6,6,6,6,350,100,19,96
GVESTA,2022,4,25,7,10.9,84.5,11,8.4,7.16,9.6,29,0.1,966.4,132,1.3,3.2,52,0,52,30,30,29,30,351,100,19,96
GVESTA,2022,4,25,8,11.4,84.6,11.4,8.9,7.42,10,30.2,0.3,966.6,163,2.1,5,74,0,74,43,42,42,42,352,100,19,96
GVESTA,2022,4,25,9,11.9,80.2,11.2,8.6,7.29,10.1,30.3,0.4,967.3,182,3.7,6.6,43,0,43,25,25,24,24,353,100,19,96
GVESTA,2022,4,25,10,12,81.9,11.5,9,7.48,10.4,30.9,0,967.8,199,4.4,7.3,47,0,47,27,27,27,27,354,100,19,96
GVESTA,2022,4,25,11,12.5,79.2,11.5,9,7.48,10.6,31.4,0,968.2,202,4.8,8.7,92,0,92,53,53,52,52,355,100,19,96
GVESTA,2022,4,25,12,13.5,76.2,11.8,9.4,7.67,11.2,33,0,968.3,201,6,9.5,156,0,156,90,89,87,88,356,100,19,96
GVESTA,2022,4,25,13,14,69.4,11.1,8.5,7.21,11,32.3,0,968.6,211,6.5,9.4,269,4,265,152,151,152,152,357,100,19,96
GVESTA,2022,4,25,14,13.8,69.9,11,8.4,7.14,10.8,31.9,0,968.6,219,6.6,9.7,141,3,138,80,79,79,81,356,100,19,96
GVESTA,2022,4,25,15,14.4,68.1,11.2,8.6,7.28,11.2,32.9,0,968.7,209,5.9,9.8,223,30,204,115,114,131,141,356,100,19,96
GVESTA,2022,4,25,16,14,67.1,10.7,8,6.95,10.7,31.6,0,968.7,201,4.5,7.1,36,0,36,21,20,20,20,356,100,19,96
GVESTA,2022,4,25,17,14.2,64.9,10.5,7.7,6.82,10.7,31.5,0,968.8,196,3.9,5.9,150,46,133,76,75,81,123,356,100,19,96
GVESTA,2022,4,25,18,13.9,66.2,10.5,7.7,6.81,10.5,31.2,0,968.9,200,3.3,5.6,30,1,30,17,17,17,18,356,100,19,96
GVESTA,2022,4,25,19,13.6,67,10.4,7.6,6.75,10.4,30.7,0,969.3,236,2.1,5.1,1,0,1,0,0,0,0,351,88,19,96
GVESTA,2022,4,25,20,13.3,69.3,10.6,7.8,6.88,10.3,30.7,0,969.6,222,1.6,3.2,0,0,0,0,0,0,0,349,90,19,96
GVESTA,2022,4,25,21,12.6,72,10.5,7.7,6.81,10,29.8,0,969.9,222,1.6,3,0,0,0,0,0,0,0,352,100,19,96
GVESTA,2022,4,25,22,12.6,73.5,10.7,8,6.94,10.1,30.2,0,969.7,310,0.9,1.9,0,0,0,0,0,0,0,350,94,19,96
GVESTA,2022,4,25,23,11.3,75.3,10.1,7.1,6.55,9.1,27.9,0,969.8,297,1.3,2.9,0,0,0,0,0,0,0,331,61,19,96
GVESTA,2022,4,26,0,11.3,76.9,10.3,7.4,6.68,9.2,28.2,0,969.7,292,1.1,2.8,0,0,0,0,0,0,0,343,81,19,96
GVESTA,2022,4,26,1,11.2,76.9,10.2,7.3,6.62,9.1,27.9,0,969.2,39,1,2.2,0,0,0,0,0,0,0,334,84,19,96
GVESTA,2022,4,26,2,11.5,78,10.6,7.8,6.88,9.5,28.9,0,969.2,288,0.5,1.9,0,0,0,0,0,0,0,345,100,19,96
GVESTA,2022,4,26,3,11.2,79.6,10.6,7.8,6.88,9.4,28.6,0,969.1,278,0.9,3.2,0,0,0,0,0,0,0,345,100,19,96
GVESTA,2022,4,26,4,10.9,81.2,10.6,7.8,6.88,9.3,28.3,0,969.2,6,1,2,0,0,0,0,0,0,0,345,100,19,96
GVESTA,2022,4,26,5,10.5,79.5,10.1,7.1,6.55,8.7,27.1,0,969.5,237,2.4,6.3,0,0,0,0,0,0,0,340,100,19,96
GVESTA,2022,4,26,6,11.4,74.8,10.1,7.1,6.54,9.1,28,0,970.2,235,1.9,4.6,21,0,21,12,12,12,12,344,100,19,96
GVESTA,2022,4,26,7,11.7,74.9,10.3,7.4,6.67,9.4,28.6,0,970.6,254,1.8,5.1,97,6,94,55,60,54,54,345,100,19,96
GVESTA,2022,4,26,8,12.5,73,10.6,7.8,6.87,10,29.9,0,971,218,3.8,6.9,265,198,155,91,267,158,90,343,84,19,96
GVESTA,2022,4,26,9,13.8,65.3,10.3,7.4,6.67,10.4,30.7,0,971.5,205,4.4,7.6,610,706,158,98,666,416,98,315,50,19,96
GVESTA,2022,4,26,10,15.3,56.8,9.9,6.8,6.4,10.7,31.6,0,971.9,228,2.6,7.2,702,626,230,129,534,520,129,315,48,19,96
GVESTA,2022,4,26,11,15.7,54.3,9.7,6.5,6.27,10.8,31.6,0,972.1,38,2.8,7.7,808,777,175,130,401,604,131,313,45,19,96
GVESTA,2022,4,26,12,14.3,61.9,10.1,7.1,6.53,10.4,30.9,0,972.3,28,4.5,9.1,850,784,192,123,203,662,212,322,53,19,96
GVESTA,2022,4,26,13,16.5,54.9,10.3,7.4,6.66,11.5,33.4,0,972.2,33,4.2,8.5,878,957,97,99,100,670,419,312,33,19,96
GVESTA,2022,4,26,14,17,50.7,9.8,6.7,6.34,11.4,33.1,0,971.9,45,3.9,6.6,803,962,82,89,90,584,622,304,6,19,96
GVESTA,2022,4,26,15,17.1,47.6,9.3,5.9,6.01,11.1,32.4,0,971.7,59,4,6.3,663,885,95,79,80,445,757,302,6,19,96
GVESTA,2022,4,26,16,16.8,44.3,8.5,4.6,5.49,10.5,30.8,0,971.5,52,3.7,5.6,505,855,74,62,62,276,832,277,0,19,96
GVESTA,2022,4,26,17,16.9,44.7,8.6,4.8,5.55,10.6,31.1,0,971.6,40,3.4,5.5,319,730,67,72,45,92,768,287,0,19,96
GVESTA,2022,4,26,18,16.3,46.4,8.6,4.8,5.55,10.3,30.4,0,972,13,2.6,5.5,134,497,45,120,26,26,528,264,6,19,96
GVESTA,2022,4,26,19,14.9,51.5,8.7,5,5.61,9.8,29.2,0,972.6,6,1.9,3.2,4,0,4,3,3,3,3,285,0,19,96
GVESTA,2022,4,26,20,13.9,54.9,8.7,5,5.61,9.3,28.1,0,973.2,13,1.6,4.2,0,0,0,0,0,0,0,291,0,19,96
GVESTA,2022,4,26,21,13.2,57.5,8.7,5,5.61,9,27.4,0,973.7,62,1.5,2.7,0,0,0,0,0,0,0,275,0,19,96
GVESTA,2022,4,26,22,12,61.3,8.6,4.8,5.54,8.4,26,0,974,337,1.4,2.4,0,0,0,0,0,0,0,257,0,19,96
GVESTA,2022,4,26,23,10.5,66.8,8.5,4.6,5.47,7.6,24.3,0,974.4,330,0.9,1.7,0,0,0,0,0,0,0,270,0,19,96
GVESTA,2022,4,27,0,9.9,68.1,8.3,4.3,5.34,7.2,23.4,0,974.5,256,0.7,1.4,0,0,0,0,0,0,0,270,0,19,96
GVESTA,2022,4,27,1,8.6,70.8,7.9,3.6,5.08,6.2,21.4,0,974.4,256,0.9,1.5,0,0,0,0,0,0,0,242,0,18,96
GVESTA,2022,4,27,2,8.1,70.2,7.6,3,4.89,5.7,20.4,0,974.5,281,1.1,1.9,0,0,0,0,0,0,0,241,0,18,96
GVESTA,2022,4,27,3,7.8,71.1,7.5,2.9,4.82,5.5,20,0,974.8,270,0.9,1.6,0,0,0,0,0,0,0,241,0,18,96
GVESTA,2022,4,27,4,7.4,72,7.4,2.7,4.76,5.2,19.4,0,974.9,286,0.8,1.3,0,0,0,0,0,0,0,240,0,18,96
GVESTA,2022,4,27,5,6.1,77.7,7.3,2.5,4.69,4.5,17.9,0,975.2,309,0.7,3.5,8,32,6,13,35,3,3,245,0,18,96
GVESTA,2022,4,27,6,7,78.9,7.9,3.6,5.08,5.4,19.8,0,975.6,292,0.6,3.5,140,475,51,119,509,28,28,250,13,18,96
GVESTA,2022,4,27,7,9.8,73.5,8.9,5.3,5.73,7.6,24.3,0,975.7,45,0.9,3.7,332,761,69,71,799,93,44,239,0,18,96
GVESTA,2022,4,27,8,10.9,66,8.6,4.8,5.53,7.9,24.9,0,975.8,56,3.1,6.2,516,843,87,62,827,282,63,243,0,18,96
GVESTA,2022,4,27,9,12.5,61.5,8.9,5.3,5.73,8.8,27,0,975.8,46,4.2,7,692,952,76,74,783,451,75,246,0,18,96
GVESTA,2022,4,27,10,13.8,58.5,9.2,5.8,5.92,9.6,28.8,0,975.6,50,5,7.6,853,997,102,90,654,617,92,250,6,18,96
GVESTA,2022,4,27,11,15.3,54.2,9.4,6.1,6.05,10.4,30.7,0,975.5,49,4.4,7.1,907,1003,85,94,412,679,95,254,8,18,96
GVESTA,2022,4,27,12,16.5,48.5,9.1,5.6,5.86,10.7,31.4,0,975.2,52,4.9,7.9,929,1000,87,96,162,705,167,257,25,18,96
GVESTA,2022,4,27,13,17.7,44,8.9,5.3,5.73,11.1,32.3,0,974.9,49,4.8,7.3,879,924,123,98,99,664,426,273,25,18,96
GVESTA,2022,4,27,14,18.2,42,8.8,5.1,5.67,11.2,32.7,0,974.5,39,4.4,7.8,800,919,110,89,90,577,620,260,0,18,96
GVESTA,2022,4,27,15,18.4,39.8,8.4,4.5,5.41,11.1,32.2,0,974.4,30,3.6,7,665,858,112,79,80,441,747,261,0,18,96
GVESTA,2022,4,27,16,18.8,37.7,8.2,4.1,5.28,11.1,32.3,0,974.2,36,3.6,6.8,507,833,87,62,62,273,821,261,0,18,96
GVESTA,2022,4,27,17,18.7,39.3,8.5,4.6,5.47,11.3,32.7,0,974.2,33,4.4,7.2,323,725,72,75,45,91,765,291,29,18,96
GVESTA,2022,4,27,18,17.8,38.8,7.9,3.6,5.08,10.5,30.8,0,974.6,38,3.5,6.5,141,538,45,130,25,25,567,269,6,18,96
GVESTA,2022,4,27,19,16.7,39.6,7.5,2.9,4.82,9.8,29,0,975.3,16,2.2,4.1,10,62,6,22,3,3,64,262,0,18,96
GVESTA,2022,4,27,20,15.5,43,7.6,3,4.88,9.3,27.9,0,976.2,17,2.2,4.6,0,0,0,0,0,0,0,260,0,18,96
GVESTA,2022,4,27,21,14.9,47.7,8.1,3.9,5.2,9.3,28.1,0,976.7,30,1,3.3,0,0,0,0,0,0,0,258,0,18,96
GVESTA,2022,4,27,22,12.6,59,8.6,4.8,5.52,8.7,26.6,0,977.2,349,1.3,3.1,0,0,0,0,0,0,0,255,0,18,96
GVESTA,2022,4,27,23,11.4,62.9,8.5,4.6,5.46,8,25.2,0,977.7,278,0.8,1.4,0,0,0,0,0,0,0,253,0,18,96
GVESTA,2022,4,28,0,10.4,65.9,8.3,4.3,5.32,7.4,23.9,0,978.1,293,0.8,1.8,0,0,0,0,0,0,0,251,0,18,96
GVESTA,2022,4,28,1,9.8,66.7,8.1,3.9,5.19,6.9,22.9,0,978.3,301,0.7,1.7,0,0,0,0,0,0,0,250,0,19,96
GVESTA,2022,4,28,2,9.5,68,8.1,3.9,5.19,6.8,22.6,0,978.4,301,0.7,1.3,0,0,0,0,0,0,0,249,0,19,96
GVESTA,2022,4,28,3,9.1,69.4,8,3.8,5.13,6.6,22,0,978.6,301,0.7,1.5,0,0,0,0,0,0,0,264,13,19,96
GVESTA,2022,4,28,4,8.3,71.2,7.8,3.4,5,6,20.9,0,978.7,281,0.6,1.4,0,0,0,0,0,0,0,260,0,19,96
GVESTA,2022,4,28,5,7.4,75.7,7.8,3.4,4.99,5.5,20,0,979.2,281,0.6,1.4,9,32,6,13,35,3,4,248,0,19,96
GVESTA,2022,4,28,6,8,77.4,8.3,4.3,5.31,6.2,21.4,0,979.8,333,0.3,1.1,143,475,52,121,509,29,29,259,6,19,96
GVESTA,2022,4,28,7,10.5,72.6,9.2,5.8,5.89,8.1,25.4,0,980.1,84,1,3,337,770,66,73,805,92,45,248,0,19,96
GVESTA,2022,4,28,8,11.5,68,9.2,5.8,5.89,8.6,26.4,0,980.3,55,3,6.3,525,881,73,62,851,279,62,251,0,19,96
GVESTA,2022,4,28,9,13.5,62.1,9.6,6.4,6.15,9.8,29.1,0,980.3,50,3.6,6.6,688,932,83,77,777,448,78,255,0,19,96
GVESTA,2022,4,28,10,14.9,56.7,9.6,6.4,6.15,10.4,30.5,0,980.1,49,4.1,7.7,815,958,91,90,621,583,91,258,0,19,96
GVESTA,2022,4,28,11,16.4,51.5,9.6,6.4,6.15,11,32.1,0,980,45,4.3,8,894,970,96,98,414,669,99,262,0,19,96
GVESTA,2022,4,28,12,18.5,48.4,10.3,7.4,6.61,12.3,35.4,0,979.6,47,4,6.7,919,970,100,101,171,697,173,270,0,19,96
GVESTA,2022,4,28,13,19.2,45,10,7,6.42,12.5,35.6,0,979.4,45,4.7,8.3,889,960,100,98,99,664,420,277,0,19,96
GVESTA,2022,4,28,14,20.2,40.9,9.7,6.5,6.23,12.6,36.1,0,978.8,40,4.1,6.7,803,926,104,91,92,575,620,276,0,19,96
GVESTA,2022,4,28,15,21.1,36.1,9,5.5,5.77,12.6,35.9,0,978.5,33,4.2,7.9,674,890,97,79,80,440,760,274,0,19,96
GVESTA,2022,4,28,16,21.3,31.9,8.1,3.9,5.19,12,34.6,0,978.2,47,4.9,7.6,508,822,89,64,64,272,814,273,0,19,96
GVESTA,2022,4,28,17,21.3,33.3,8.4,4.5,5.39,12.3,35.1,0,978.3,36,3.8,6.4,326,734,69,76,46,90,772,272,0,19,96
GVESTA,2022,4,28,18,20.4,35.9,8.6,4.8,5.51,12,34.5,0,978.6,36,3.2,6.2,143,527,46,132,26,26,556,283,0,19,96
GVESTA,2022,4,28,19,19.2,34.6,7.7,3.2,4.93,10.9,31.8,0,979.2,3,1.8,4,12,65,7,24,4,4,68,273,0,19,96
GVESTA,2022,4,28,20,17.3,35.5,7,1.9,4.48,9.7,28.7,0,979.8,18,1.7,3.3,0,0,0,0,0,0,0,262,0,19,96
GVESTA,2022,4,28,21,16.7,39.6,7.5,2.9,4.8,9.8,28.9,0,980.2,27,0.4,1.4,0,0,0,0,0,0,0,259,0,19,96
GVESTA,2022,4,28,22,13.7,53.7,8.4,4.5,5.37,9,27.3,0,980.5,278,0.8,1.5,0,0,0,0,0,0,0,275,13,19,96
GVESTA,2022,4,28,23,12.4,60.6,8.7,5,5.57,8.7,26.5,0,981,286,0.8,1.7,0,0,0,0,0,0,0,305,50,19,96
GVESTA,2022,4,29,0,11.1,64.2,8.5,4.6,5.44,7.9,24.9,0,981.1,286,0.9,2.9,0,0,0,0,0,0,0,285,44,19,96
GVESTA,2022,4,29,1,10.3,67.7,8.5,4.6,5.44,7.5,24,0,981.1,288,0.9,2,0,0,0,0,0,0,0,299,56,19,96
GVESTA,2022,4,29,2,9.6,71,8.5,4.6,5.44,7.1,23.3,0,980.9,315,0.7,2.2,0,0,0,0,0,0,0,331,88,19,96
GVESTA,2022,4,29,3,9,71.3,8.2,4.1,5.25,6.6,22.2,0,980.6,278,0.8,2,0,0,0,0,0,0,0,319,75,19,96
GVESTA,2022,4,29,4,8.6,71.8,8,3.8,5.12,6.3,21.5,0,980.5,270,0.6,2.8,0,0,0,0,0,0,0,337,94,19,96
GVESTA,2022,4,29,5,7.7,76.8,8.1,3.9,5.18,5.9,20.8,0,981,293,1,2.9,1,0,1,0,0,0,0,338,94,19,96
GVESTA,2022,4,29,6,9,74.9,8.6,4.8,5.5,6.9,22.9,0,981.4,304,0.6,2.8,105,162,75,78,208,41,41,326,81,19,96
GVESTA,2022,4,29,7,12.1,64,9,5.5,5.76,8.7,26.7,0,981.4,90,0.3,1,271,369,145,107,463,102,77,334,88,19,96
GVESTA,2022,4,29,8,14,55,8.8,5.1,5.63,9.4,28.3,0,981.1,45,0.8,2.7,415,369,226,117,493,248,116,350,100,19,96
GVESTA,2022,4,29,9,15.5,45.9,8.1,3.9,5.18,9.6,28.7,0,980.9,51,1.4,3.3,570,462,268,137,552,386,136,342,88,19,96
GVESTA,2022,4,29,10,16.6,42.8,8.1,3.9,5.18,10.1,29.8,0,980.4,63,1.7,4,663,445,325,165,497,475,164,360,100,19,96
GVESTA,2022,4,29,11,17.3,43.6,8.6,4.8,5.51,10.7,31.3,0,979.8,45,1,2.7,698,386,379,194,403,505,192,364,100,19,96
GVESTA,2022,4,29,12,18.9,44.9,9.8,6.7,6.29,12.2,35,0,979.1,66,1.3,4,804,604,292,156,234,607,245,356,88,19,96
GVESTA,2022,4,29,13,21,36.3,9,5.5,5.77,12.5,35.8,0,978.6,188,1.4,3.5,763,552,307,158,158,570,426,353,81,19,96
GVESTA,2022,4,29,14,22.1,28.9,7.7,3.2,4.94,12.1,34.8,0,978.1,173,1.6,5.7,696,575,257,142,142,497,517,357,81,19,96
GVESTA,2022,4,29,15,21.3,36.4,9.2,5.8,5.91,12.8,36.4,0,977.9,48,2,5.4,317,67,272,153,151,191,213,368,100,19,96
GVESTA,2022,4,29,16,21.3,27.7,7,1.9,4.48,11.3,32.8,0,977.9,353,2,5.6,263,62,230,130,129,152,192,366,100,19,96
GVESTA,2022,4,29,17,20.2,28.4,6.7,1.3,4.29,10.7,31.2,0,978,342,2.5,7.6,155,36,143,86,81,81,119,364,100,19,96
GVESTA,2022,4,29,18,18.9,32.1,7,1.9,4.48,10.3,30.4,0,978.3,341,2.4,7.2,39,17,35,23,20,20,38,362,100,19,96
GVESTA,2022,4,29,19,17.8,33.9,6.9,1.7,4.42,9.8,29.1,0,978.6,3,2.2,7.3,2,0,2,1,1,1,1,361,100,19,96
GVESTA,2022,4,29,20,17.4,35.3,7,1.9,4.48,9.7,28.8,0,978.7,37,1.9,5.1,0,0,0,0,0,0,0,359,100,19,96
GVESTA,2022,4,29,21,17.1,38.9,7.6,3,4.87,10,29.5,0,978.5,66,1.4,3.5,0,0,0,0,0,0,0,357,100,19,96
GVESTA,2022,4,29,22,16.4,45.2,8.4,4.5,5.39,10.2,30.1,0,978.3,11,1.2,2.3,0,0,0,0,0,0,0,343,78,19,96
GVESTA,2022,4,29,23,15.2,49.8,8.6,4.8,5.52,9.8,29.2,0,978.3,310,0.9,2.6,0,0,0,0,0,0,0,294,29,19,96
GVESTA,2022,4,30,0,13.9,56.1,8.9,5.3,5.71,9.5,28.4,0,978.2,51,0.8,2.3,0,0,0,0,0,0,0,281,6,19,96
GVESTA,2022,4,30,1,14.2,52.4,8.5,4.6,5.45,9.3,28.1,0,978,53,1.6,3.2,0,0,0,0,0,0,0,324,61,19,96
GVESTA,2022,4,30,2,12.7,61.9,9.1,5.6,5.84,9.1,27.5,0,977.7,302,1.1,2.4,0,0,0,0,0,0,0,328,68,19,96
GVESTA,2022,4,30,3,11.6,66.1,9,5.5,5.78,8.5,26.2,0,977.6,256,0.9,1.9,0,0,0,0,0,0,0,322,56,19,96
GVESTA,2022,4,30,4,11.2,67,8.9,5.3,5.72,8.2,25.7,0,977.4,247,0.8,1.9,0,0,0,0,0,0,0,297,29,19,96
GVESTA,2022,4,30,5,9.5,74,8.8,5.1,5.65,7.3,23.8,0,977.7,275,1.4,2.3,11,56,7,21,59,4,4,273,6,19,96
GVESTA,2022,4,30,6,10.9,70.7,9.2,5.8,5.91,8.3,25.8,0,978,270,0.8,2.3,147,502,51,132,534,29,29,272,19,19,96
GVESTA,2022,4,30,7,13.3,62.1,9.5,6.2,6.1,9.6,28.8,0,977.9,225,0.4,1.4,335,748,65,75,781,88,45,272,0,19,96
GVESTA,2022,4,30,8,15.1,53.7,9.2,5.8,5.91,10.2,30.1,0,977.8,135,0.7,3.4,520,861,73,61,831,266,62,272,0,19,96
GVESTA,2022,4,30,9,16.6,47.8,9,5.5,5.78,10.7,31.3,0,977.6,71,2.4,5.1,681,910,84,77,758,432,78,273,0,19,96
GVESTA,2022,4,30,10,17.4,42.4,8.4,4.5,5.39,10.7,31.2,0,977.2,75,3.2,6.2,809,946,88,89,610,566,90,273,0,19,96
GVESTA,2022,4,30,11,18.5,39.6,8.4,4.5,5.4,11.1,32.3,0,976.7,59,2.9,6.1,888,959,94,97,406,651,99,273,0,19,96
GVESTA,2022,4,30,12,19.6,35.9,8.2,4.1,5.27,11.4,33.1,0,975.9,53,3.5,6.3,916,965,95,100,166,680,171,274,0,19,96
GVESTA,2022,4,30,13,19.5,35.4,8,3.8,5.14,11.3,32.7,0,975.4,76,3.3,6.5,880,931,109,99,100,646,419,302,41,19,96
GVESTA,2022,4,30,14,16.6,53,10,7,6.44,11.4,33,0,975.7,12,2.3,6.3,112,1,112,64,64,63,64,357,100,19,96
GVESTA,2022,4,30,15,15.3,66,11.5,9,7.42,11.8,34.1,0.3,975.6,82,2.3,4.3,430,268,253,135,134,278,375,350,88,19,96
GVESTA,2022,4,30,16,15.3,63,11,8.3,7.06,11.5,33.3,1.4,975.7,87,2.3,7.8,257,216,150,88,87,138,291,349,88,19,96
GVESTA,2022,4,30,17,14.8,64.7,10.9,8.2,7,11.1,32.5,0,976.1,40,1.9,4.9,245,341,128,90,71,97,420,342,81,19,96
GVESTA,2022,4,30,18,14.1,65.7,10.6,7.8,6.81,10.7,31.4,0,976.5,38,4.6,8.7,75,55,62,46,34,34,91,341,75,19,96
GVESTA,2022,4,30,19,13.6,66.5,10.3,7.4,6.65,10.3,30.4,0,976.8,13,3.8,15.2,10,57,6,21,3,3,59,317,43,19,96
GVESTA,2022,4,30,20,13,67,10.1,7.1,6.48,9.9,29.5,0,976.7,4,2.8,7.4,0,0,0,0,0,0,0,298,0,19,96
GVESTA,2022,4,30,21,12.5,66.9,9.7,6.5,6.27,9.4,28.4,0,976.5,353,1.7,4.2,0,0,0,0,0,0,0,298,0,19,96
GVESTA,2022,4,30,22,12.1,66.9,9.4,6.1,6.07,9,27.4,0,976.2,59,1.1,2.1,0,0,0,0,0,0,0,289,0,19,96
GVESTA,2022,4,30,23,11.6,66.2,9.1,5.5,5.86,8.5,26.5,0,975.7,353,0.9,1.9,0,0,0,0,0,0,0,283,0,19,96
GVESTA,2009,5,1,0,11.3,65.4,8.8,5,5.65,8.2,25.6,0,975.2,34,0.6,1.7,0,0,0,0,0,0,0,255,0,17,96
GVESTA,2009,5,1,1,10.9,64.9,8.5,4.5,5.46,7.8,24.7,0,974.8,304,0.3,1.9,0,0,0,0,0,0,0,255,0,17,96
GVESTA,2009,5,1,2,10.6,65.3,8.3,4.3,5.37,7.5,24.2,0,974.7,349,0.5,1.9,0,0,0,0,0,0,0,256,0,17,96
GVESTA,2009,5,1,3,10.4,65,8.2,4.1,5.28,7.3,23.8,0,974.6,59,0.6,1.9,0,0,0,0,0,0,0,256,0,17,96
GVESTA,2009,5,1,4,10.2,65.6,8.2,4,5.25,7.2,23.4,0,974.8,90,0.3,2.6,15,52,12,23,57,6,6,257,0,17,96
GVESTA,2009,5,1,5,10.2,66.1,8.2,4.2,5.3,7.3,23.6,0,975.3,360,0.2,1.5,143,397,64,120,437,33,33,257,0,17,96
GVESTA,2009,5,1,6,10.3,67.1,8.4,4.4,5.4,7.4,23.9,0,975.8,45,0.4,2.3,324,631,94,84,685,95,51,259,0,17,96
GVESTA,2009,5,1,7,11.1,64.5,8.5,4.7,5.48,7.9,25,0,976.2,68,1.9,4.3,508,765,107,65,769,266,66,262,0,17,96
GVESTA,2009,5,1,8,12,60.5,8.5,4.6,5.46,8.3,25.8,0,976.5,72,2.6,7,666,816,126,81,717,425,81,265,0,17,96
GVESTA,2009,5,1,9,13.5,56.4,8.7,5,5.59,9.2,27.7,0,976.8,53,4.4,8,790,850,139,92,594,552,93,268,0,17,96
GVESTA,2009,5,1,10,15.3,49.5,8.6,4.8,5.53,9.9,29.4,0,976.6,61,5.4,9.8,866,861,151,100,417,633,101,271,0,17,96
GVESTA,2009,5,1,11,16.6,44.6,8.4,4.5,5.4,10.3,30.4,0,976.7,61,4.3,8.1,901,895,137,100,178,664,180,274,0,17,96
GVESTA,2009,5,1,12,17.7,39.9,8.1,3.9,5.2,10.6,31,0,976.6,84,3.8,7.7,870,883,137,98,98,633,421,276,0,17,96
GVESTA,2009,5,1,13,18.3,37.6,7.9,3.6,5.07,10.7,31.3,0,976.7,55,3.9,7.6,789,865,129,90,91,548,601,277,0,17,96
GVESTA,2009,5,1,14,18.9,35.7,7.8,3.4,5.01,10.9,31.7,0,976.8,64,3.1,6.9,654,792,133,82,82,415,711,278,0,17,96
GVESTA,2009,5,1,15,19.2,35,7.8,3.4,5.01,11,32,0,977,66,3.6,6.9,491,715,120,68,69,258,736,278,0,17,96
GVESTA,2009,5,1,16,18.8,37.2,8.1,3.9,5.2,11,32.1,0,977.3,64,2.6,5.6,313,601,96,85,52,92,658,279,0,17,96
GVESTA,2009,5,1,17,18.8,40.2,8.7,5,5.58,11.5,33.1,0,977.7,55,1.9,4.1,139,387,63,118,32,32,426,302,26,17,96
GVESTA,2009,5,1,18,17.7,46.8,9.5,6.2,6.1,11.5,33.3,0,977.8,16,1.8,3.6,6,4,5,4,3,3,7,316,49,17,96
GVESTA,2009,5,1,19,17.4,46.4,9.2,5.8,5.9,11.2,32.4,0,978.8,14,1.3,4.3,0,0,0,0,0,0,0,290,19,17,96
GVESTA,2009,5,1,20,17,46.9,9.1,5.6,5.84,10.9,31.9,0,979,28,2.4,5.3,0,0,0,0,0,0,0,280,0,17,96
GVESTA,2009,5,1,21,16.8,48.5,9.3,5.9,5.96,11,32,0,979.5,127,0.7,2.9,0,0,0,0,0,0,0,279,0,17,96
GVESTA,2009,5,1,22,15.6,52,9.2,5.8,5.9,10.4,30.6,0,979.6,297,0.3,4.5,0,0,0,0,0,0,0,279,0,17,96
GVESTA,2009,5,1,23,14.5,56.2,9.3,5.9,5.96,10,29.6,0,979.7,360,0.2,2.1,0,0,0,0,0,0,0,279,0,17,96
GVESTA,2009,5,2,0,13.2,62.5,9.5,6.2,6.09,9.5,28.6,0,980,270,0.6,4.3,0,0,0,0,0,0,0,278,0,18,96
GVESTA,2009,5,2,1,12.6,63.7,9.3,5.9,5.96,9.1,27.7,0,980.1,261,0.6,1.9,0,0,0,0,0,0,0,278,0,18,96
GVESTA,2009,5,2,2,11.7,67.1,9.2,5.8,5.89,8.7,26.6,0,980.1,256,0.5,1.4,0,0,0,0,0,0,0,278,31,18,96
GVESTA,2009,5,2,3,11.3,67.5,9,5.5,5.76,8.4,25.9,0,980.3,270,0.8,2.1,0,0,0,0,0,0,0,278,6,18,96
GVESTA,2009,5,2,4,10.6,70.7,9,5.5,5.76,8,25.2,0,981.1,262,0.8,4.4,17,55,13,25,61,7,7,287,0,18,96
GVESTA,2009,5,2,5,11.4,67.5,9.1,5.6,5.82,8.4,26.1,0,981.1,225,0.2,3.2,142,366,67,116,408,35,35,277,6,18,96
GVESTA,2009,5,2,6,12.8,71.6,10.6,7.8,6.79,10.1,30,0,981.6,326,0.7,2.1,329,642,91,85,695,95,52,278,0,18,96
GVESTA,2009,5,2,7,14.1,66.7,10.7,8,6.85,10.8,31.5,0,981.8,59,2.4,6.4,506,752,110,69,761,265,69,286,6,18,96
GVESTA,2009,5,2,8,15.5,61.3,10.8,8.1,6.92,11.4,33.1,0,981.5,63,4.4,7.9,627,673,184,102,658,405,102,314,50,18,96
GVESTA,2009,5,2,9,17.3,54.7,10.8,8.1,6.92,12.2,34.9,0,981.1,74,4.3,8.2,797,878,123,93,599,552,94,297,16,18,96
GVESTA,2009,5,2,10,18.8,50.1,10.9,8.2,6.99,12.8,36.6,0,980.8,66,5.2,9.4,878,903,124,99,412,635,101,291,0,18,96
GVESTA,2009,5,2,11,20.3,47.6,11.3,8.8,7.26,13.7,38.8,0,979.6,63,6.5,10.5,905,913,123,101,175,663,180,294,0,18,96
GVESTA,2009,5,2,12,21.2,42.9,10.8,8.1,6.93,13.7,38.9,0,979.9,66,6.8,10.7,860,853,150,104,105,626,427,296,13,18,96
GVESTA,2009,5,2,13,21.8,40.2,10.5,7.7,6.74,13.8,39.1,0,979.7,68,6.8,11.1,780,819,152,99,100,544,594,297,6,18,96
GVESTA,2009,5,2,14,21.6,40.7,10.5,7.7,6.74,13.7,38.8,0,979.7,68,7.3,12.6,627,694,171,96,97,402,668,302,29,18,96
GVESTA,2009,5,2,15,19.1,46.6,10.3,7.4,6.61,12.6,36,0,980,66,8.4,16.1,498,741,111,68,69,257,754,313,33,18,96
GVESTA,2009,5,2,16,17.7,50.5,10.2,7.3,6.54,12,34.4,0,980.1,74,4.7,7.8,224,250,141,104,75,84,337,332,65,18,96
GVESTA,2009,5,2,17,17.8,51.2,10.4,7.6,6.67,12.2,34.8,0,980.2,72,4.9,11.3,143,398,64,125,34,33,438,315,29,18,96
GVESTA,2009,5,2,18,16.6,56,10.6,7.8,6.8,11.7,33.9,0,980.6,68,6.7,12.8,13,31,10,16,6,6,36,303,13,18,96
GVESTA,2009,5,2,19,16.1,57.4,10.5,7.7,6.73,11.5,33.2,0,980.8,75,5.3,9.8,0,0,0,0,0,0,0,295,0,18,96
GVESTA,2009,5,2,20,16,57.8,10.5,7.7,6.73,11.5,33.1,0,981.2,75,3.1,5.5,0,0,0,0,0,0,0,292,0,18,96
GVESTA,2009,5,2,21,16.3,56.3,10.4,7.6,6.67,11.5,33.3,0,980.7,93,2,5.4,0,0,0,0,0,0,0,289,0,18,96
GVESTA,2009,5,2,22,15,62.9,10.7,8,6.86,11.2,32.4,0,980.5,64,3.9,7.3,0,0,0,0,0,0,0,286,0,18,96
GVESTA,2009,5,2,23,14.1,64.9,10.4,7.6,6.67,10.6,31,0,980.5,9,1.3,4.2,0,0,0,0,0,0,0,283,0,18,96
GVESTA,2009,5,3,0,14.2,63.2,10.2,7.3,6.54,10.5,30.8,0,979.6,191,1.2,3.6,0,0,0,0,0,0,0,281,0,18,96
GVESTA,2009,5,3,1,14.2,64.9,10.5,7.7,6.74,10.7,31.3,0,979.9,103,1.7,5.1,0,0,0,0,0,0,0,280,0,18,96
GVESTA,2009,5,3,2,13,66,9.9,6.8,6.35,9.7,29.1,0,979.9,304,0.5,3.7,0,0,0,0,0,0,0,279,0,18,96
GVESTA,2009,5,3,3,12.4,68.2,9.8,6.7,6.28,9.4,28.3,0,979.8,7,0.9,3.2,0,0,0,0,0,0,0,278,0,18,96
GVESTA,2009,5,3,4,12.2,68.1,9.7,6.5,6.22,9.2,28,0,980,270,0.5,3,19,63,14,28,69,7,7,277,0,18,96
GVESTA,2009,5,3,5,12.4,69.6,10,7,6.41,9.6,28.6,0,979.9,360,0.2,3.7,149,397,67,125,439,35,35,275,0,18,96
GVESTA,2009,5,3,6,13,73.6,11,8.4,7.06,10.5,30.9,0,980,41,1.2,3.5,330,626,96,88,681,96,54,276,0,18,96
GVESTA,2009,5,3,7,13.3,72.7,11.1,8.5,7.13,10.7,31.4,0,980.1,48,1.3,3.7,514,765,108,68,769,264,69,278,0,18,96
GVESTA,2009,5,3,8,14.6,65.4,10.9,8.2,7,11.1,32.4,0,980,45,1.6,4.7,678,843,115,81,729,423,82,280,0,18,96
GVESTA,2009,5,3,9,16.1,59.4,10.9,8.2,7,11.7,33.9,0,979.8,67,2.5,5.3,805,886,121,92,601,552,94,282,0,18,96
GVESTA,2009,5,3,10,17.7,53,10.7,8,6.87,12.3,35.2,0,979.4,61,2.3,5.9,881,895,132,101,416,634,102,284,0,18,96
GVESTA,2009,5,3,11,19.3,45.7,10.2,7.3,6.55,12.6,36,0,978.8,54,3.1,6.2,888,839,168,110,190,652,200,303,31,18,96
GVESTA,2009,5,3,12,20.3,39.8,9.5,6.2,6.1,12.6,35.9,0,978,77,2.6,5.7,828,735,213,122,122,602,424,329,54,18,96
GVESTA,2009,5,3,13,20.1,45.6,10.7,8,6.88,13.3,37.7,0,977.8,351,2,5.5,611,340,350,179,178,414,439,358,94,18,96
GVESTA,2009,5,3,14,18.1,58.7,12.2,9.9,7.86,13.4,38.1,0,977.9,320,3.3,6.5,301,39,275,155,154,174,189,372,100,18,96
GVESTA,2009,5,3,15,17.1,69.6,13.6,11.5,8.77,13.8,39.4,0.2,978.5,311,1.7,4.2,88,0,88,51,50,49,50,371,100,18,96
GVESTA,2009,5,3,16,16.2,70.8,13,10.9,8.38,13.1,37.5,0,978.4,270,1.8,3.9,74,0,74,42,42,41,42,370,100,18,96
GVESTA,2009,5,3,17,17,68.2,13.2,11.1,8.51,13.5,38.6,0,978.3,270,2.2,3.9,15,0,15,8,8,8,8,369,100,18,96
GVESTA,2009,5,3,18,16.4,68.1,12.7,10.5,8.18,13,37.2,0,978.7,285,1.6,3.7,1,0,1,0,0,0,0,368,100,18,96
GVESTA,2009,5,3,19,15.9,67.5,12.2,9.9,7.85,12.5,35.8,0,978.8,336,1.2,4.4,0,0,0,0,0,0,0,359,78,18,96
GVESTA,2009,5,3,20,15.9,57,10.3,7.4,6.61,11.3,32.7,0,979.2,33,1.9,5.5,0,0,0,0,0,0,0,336,56,18,96
GVESTA,2009,5,3,21,15.5,60.9,10.7,8,6.87,11.4,33,0,978.9,63,0.8,2.4,0,0,0,0,0,0,0,328,71,18,96
GVESTA,2009,5,3,22,14.6,69.1,11.5,9,7.39,11.5,33.4,0,979,79,0.8,2,0,0,0,0,0,0,0,352,100,18,96
GVESTA,2009,5,3,23,14.8,68.2,11.5,9,7.4,11.6,33.6,0,978.7,243,0.5,1.5,0,0,0,0,0,0,0,359,100,18,96
GVESTA,2009,5,4,0,14.5,71.9,11.9,9.5,7.66,11.7,33.9,0,978.3,281,0.7,2.7,0,0,0,0,0,0,0,358,100,18,96
GVESTA,2009,5,4,1,14.7,72,12,9.7,7.73,11.9,34.3,0,978.2,0,0.3,1.2,0,0,0,0,0,0,0,357,100,18,96
GVESTA,2009,5,4,2,14.4,73.9,12.1,9.8,7.79,11.8,34.2,0,978.3,333,0.7,2.2,0,0,0,0,0,0,0,352,94,18,96
GVESTA,2009,5,4,3,14.8,70.5,11.9,9.5,7.66,11.8,34.2,0,977.9,124,0.3,2.2,0,0,0,0,0,0,0,348,94,18,96
GVESTA,2009,5,4,4,12.9,77.2,11.5,9,7.4,10.8,31.6,0,978.2,8,0.8,3.1,7,0,7,4,4,4,4,355,100,18,96
GVESTA,2009,5,4,5,12.7,79.2,11.6,9.2,7.46,10.8,31.6,0,978.7,40,1.7,3.3,33,0,33,19,19,18,19,355,100,18,96
GVESTA,2009,5,4,6,13,77.7,11.6,9.2,7.46,10.9,31.9,0.1,978.3,34,1.2,3,135,11,131,75,86,75,74,355,100,18,96
GVESTA,2009,5,4,7,13,76.1,11.4,8.9,7.33,10.7,31.6,0,978.6,28,1.7,3.5,246,33,228,129,162,138,128,356,100,18,96
GVESTA,2009,5,4,8,13.4,69.8,10.7,8,6.88,10.5,30.8,0,978.6,67,2.4,6,377,105,307,170,267,225,168,348,94,18,96
GVESTA,2009,5,4,9,15.2,59.2,10.2,7.3,6.55,10.9,31.8,0,978.7,72,3.7,7.4,589,309,353,185,423,390,183,358,100,18,96
GVESTA,2009,5,4,10,15.8,54.7,9.8,6.7,6.3,10.9,31.8,0,978.1,59,5,7.9,786,603,279,144,421,570,144,345,68,18,96
GVESTA,2009,5,4,11,16.1,49.4,9,5.5,5.78,10.5,30.8,0,977.4,74,4.5,7.8,645,323,366,196,282,441,211,351,88,18,96
GVESTA,2009,5,4,12,16.3,49.1,9.1,5.6,5.85,10.7,31.2,0,977.3,76,3.4,7.7,512,112,418,230,228,317,297,360,100,18,96
GVESTA,2009,5,4,13,16.1,47,8.6,4.8,5.52,10.2,30.2,0,977.3,69,4,7.9,521,212,361,194,192,333,363,358,94,18,96
GVESTA,2009,5,4,14,16.5,46.5,8.7,5,5.59,10.5,30.7,0,977.1,73,4.1,7.5,398,115,321,177,175,239,283,356,88,18,96
GVESTA,2009,5,4,15,16.5,45.2,8.5,4.6,5.46,10.3,30.4,0,977,66,4.9,9.2,452,510,182,96,96,246,593,328,61,18,96
GVESTA,2009,5,4,16,15.7,49.9,8.9,5.3,5.72,10.3,30.2,0,977.3,61,5.3,9.3,243,252,157,114,84,97,348,316,71,18,96
GVESTA,2009,5,4,17,14.8,52.2,8.8,5.1,5.65,9.8,29.2,0,977.4,69,4.5,9.7,147,394,64,126,34,34,434,302,45,18,96
GVESTA,2009,5,4,18,13.8,55.7,8.8,5.1,5.65,9.3,28.1,0,977.8,44,3.1,6.5,16,34,13,19,7,7,41,304,30,18,96
GVESTA,2009,5,4,19,12.7,59.4,8.7,5,5.58,8.8,26.8,0,978.6,38,2.3,5.5,0,0,0,0,0,0,0,311,46,18,96
GVESTA,2009,5,4,20,12.2,61.4,8.7,5,5.58,8.6,26.3,0,979.2,40,3.7,6.1,0,0,0,0,0,0,0,310,33,18,96
GVESTA,2009,5,4,21,12.5,47.7,6.9,1.7,4.41,7.4,23.7,0,979.4,31,1.8,3.4,0,0,0,0,0,0,0,291,0,18,96
GVESTA,2009,5,4,22,12.4,40.9,5.9,-0.5,3.77,6.6,22,0,979,56,1.2,3,0,0,0,0,0,0,0,281,0,18,96
GVESTA,2009,5,4,23,11.6,45.4,6.2,0.2,3.97,6.4,21.7,0,978.8,117,0.6,2.3,0,0,0,0,0,0,0,279,0,18,96
GVESTA,2009,5,5,0,10.2,53.2,6.6,1.1,4.22,6,20.9,0,978.6,270,0.2,3.3,0,0,0,0,0,0,0,282,33,18,96
GVESTA,2009,5,5,1,9,59.3,6.8,1.5,4.35,5.6,20,0,978.5,259,0.5,4.1,0,0,0,0,0,0,0,280,29,18,96
GVESTA,2009,5,5,2,7.8,62.5,6.6,1.1,4.22,4.8,18.4,0,978.8,261,0.6,3,0,0,0,0,0,0,0,299,45,18,96
GVESTA,2009,5,5,3,8,62.6,6.7,1.3,4.28,5,18.8,0,979.3,304,0.4,1.6,0,0,0,0,0,0,0,309,64,18,96
GVESTA,2009,5,5,4,7.7,66.7,7,1.9,4.48,5.1,19,0,979.6,278,0.8,3.2,15,34,12,18,40,6,7,321,81,18,96
GVESTA,2009,5,5,5,9.1,67.5,7.8,3.4,4.99,6.4,21.7,0,980.3,360,0.7,1.8,91,97,65,55,136,35,35,323,94,18,96
GVESTA,2009,5,5,6,10.1,67.2,8.3,4.3,5.31,7.3,23.5,0,981,11,0.6,1.9,239,239,156,113,332,93,84,323,84,18,96
GVESTA,2009,5,5,7,10.6,63.2,8.1,3.9,5.18,7.3,23.7,0,981.1,57,2.1,4.8,269,57,240,134,192,150,132,334,100,18,96
GVESTA,2009,5,5,8,11.7,59.6,8.2,4.1,5.24,7.9,25,0,981.6,45,1.8,5.1,422,135,330,179,305,253,177,340,100,18,96
GVESTA,2009,5,5,9,12.3,51.9,7.4,2.7,4.73,7.7,24.3,0,981.2,59,2.4,5,324,20,309,175,190,184,173,343,100,18,96
GVESTA,2009,5,5,10,13.1,47.8,7.2,2.3,4.6,7.9,24.8,0,981.1,59,1.8,4.4,398,28,375,212,225,229,209,345,100,18,96
GVESTA,2009,5,5,11,14.3,35.6,5.8,-0.7,3.7,7.4,23.7,0,980.9,79,2.3,5.1,640,259,416,217,266,428,263,348,100,18,96
GVESTA,2009,5,5,12,15.1,33.8,5.8,-0.7,3.7,7.8,24.5,0,980.7,92,2.4,5.7,709,419,357,179,178,495,409,336,88,18,96
GVESTA,2009,5,5,13,16.1,34.4,6.3,0.4,4.02,8.6,26.4,0,980.7,80,3,6.3,659,450,313,156,156,448,489,329,75,18,96
GVESTA,2009,5,5,14,16.1,34.4,6.3,0.4,4.02,8.6,26.4,0,980,104,3.4,6.4,566,468,249,128,128,359,528,330,81,18,96
GVESTA,2009,5,5,15,16.3,37.8,7,1.9,4.47,9.2,27.7,0,980.3,88,2.8,5.5,379,318,217,117,116,201,431,335,84,18,96
GVESTA,2009,5,5,16,16,39.1,7.1,2.1,4.54,9.2,27.6,0,979.9,59,2.7,4.9,314,555,106,93,57,92,618,324,55,18,96
GVESTA,2009,5,5,17,16.2,39.7,7.3,2.5,4.67,9.4,28.1,0,979.9,72,2.3,3.9,148,394,67,132,35,35,434,312,33,18,96
GVESTA,2009,5,5,18,15.1,44.2,7.6,3,4.86,9.1,27.5,0,980.1,63,2.1,3.6,16,27,13,17,8,7,34,334,61,18,96
GVESTA,2009,5,5,19,13.9,49.1,7.8,3.4,4.99,8.7,26.6,0,980.2,21,1.8,4.7,0,0,0,0,0,0,0,346,78,18,96
GVESTA,2009,5,5,20,14,50.5,8.1,3.9,5.18,8.9,27.2,0,980.3,23,0.9,4.3,0,0,0,0,0,0,0,348,94,18,96
GVESTA,2009,5,5,21,13.1,53.6,8.1,3.9,5.18,8.5,26.2,0,980.9,117,0.8,2.6,0,0,0,0,0,0,0,347,94,18,96
GVESTA,2009,5,5,22,12.6,55.4,8.1,3.9,5.18,8.3,25.7,0,980.9,360,0.2,1.8,0,0,0,0,0,0,0,333,71,18,96
GVESTA,2009,5,5,23,11.2,62.4,8.3,4.3,5.31,7.8,24.6,0,980.7,326,0.4,4.4,0,0,0,0,0,0,0,322,41,18,96
GVESTA,2009,5,6,0,10.6,63.2,8.1,3.9,5.18,7.3,23.7,0,980.5,270,0.2,3.3,0,0,0,0,0,0,0,315,48,19,96
GVESTA,2009,5,6,1,9.4,68.5,8.1,3.9,5.18,6.7,22.5,0,980.5,304,0.4,1.6,0,0,0,0,0,0,0,326,75,19,96
GVESTA,2009,5,6,2,9.3,69.9,8.2,4.1,5.25,6.8,22.5,0,980.4,288,0.5,1.3,0,0,0,0,0,0,0,328,71,19,96
GVESTA,2009,5,6,3,8.4,73.3,8.1,3.9,5.18,6.2,21.5,0,980.3,270,0.8,2,0,0,0,0,0,0,0,336,88,19,96
GVESTA,2009,5,6,4,9.4,71.9,8.5,4.6,5.44,7,23.1,0,980.4,270,1,1.9,8,3,8,6,7,5,5,340,88,19,96
GVESTA,2009,5,6,5,10.2,70.1,8.7,5,5.57,7.6,24.3,0,980.4,281,1,2.4,107,98,83,69,148,45,46,320,69,19,96
GVESTA,2009,5,6,6,11.1,67.4,8.9,5.3,5.7,8.2,25.5,0,980.2,266,1.3,3.5,318,522,123,105,598,98,67,306,45,19,96
GVESTA,2009,5,6,7,12.4,60.6,8.7,5,5.57,8.7,26.5,0,980,263,1,2.8,538,772,120,74,785,272,75,321,33,19,96
GVESTA,2009,5,6,8,14.1,55.4,8.9,5.3,5.7,9.6,28.6,0,980,270,0.5,2.6,705,858,125,88,751,432,89,291,0,19,96
GVESTA,2009,5,6,9,16.2,51.1,9.4,6.1,6.03,10.8,31.5,0,979.6,117,1,3.8,829,900,127,98,616,558,99,299,0,19,96
GVESTA,2009,5,6,10,18.7,43.7,9.4,6.1,6.03,11.9,34.1,0,978.8,284,1.8,5.2,892,881,147,108,430,632,110,302,23,19,96
GVESTA,2009,5,6,11,20.9,40.5,10,7,6.42,13.1,37.3,0,978.2,233,1.3,4.2,836,678,249,148,221,597,227,325,54,19,96
GVESTA,2009,5,6,12,21.4,40.4,10.3,7.4,6.62,13.5,38.3,0,977.8,266,1.7,5.3,704,414,353,186,185,490,394,331,71,19,96
GVESTA,2009,5,6,13,22,38.9,10.3,7.4,6.63,13.7,39,0,976.8,243,1.8,6.8,684,539,263,145,145,463,498,331,60,19,96
GVESTA,2009,5,6,14,22.8,35.6,9.9,6.8,6.37,13.8,39.1,0,976.7,257,2.3,6.7,662,711,184,104,104,415,688,319,36,19,96
GVESTA,2009,5,6,15,23,33.7,9.5,6.2,6.11,13.6,38.7,0,976.2,270,3.1,6.9,494,646,149,83,83,255,698,321,45,19,96
GVESTA,2009,5,6,16,22.9,31.9,8.9,5.3,5.72,13.2,37.6,0,975.9,337,2.6,5.4,334,620,103,114,58,80,683,317,33,19,96
GVESTA,2009,5,6,17,22.3,33.5,9,5.5,5.79,13.1,37.1,0,975.8,338,3.1,5.5,162,442,68,146,36,36,485,303,19,19,96
GVESTA,2009,5,6,18,21,38.1,9.5,6.2,6.12,12.8,36.7,0,975.7,333,1.9,4.9,20,54,15,27,9,8,62,293,6,19,96
GVESTA,2009,5,6,19,19.8,42.5,9.8,6.7,6.31,12.6,35.9,0,976,270,0.3,2.1,0,0,0,0,0,0,0,279,0,19,96
GVESTA,2009,5,6,20,18.6,46.8,10,7,6.44,12.2,35,0,976.2,342,0.3,2.3,0,0,0,0,0,0,0,276,0,19,96
GVESTA,2009,5,6,21,17,52.1,10.1,7.1,6.5,11.6,33.6,0,976.2,315,0.3,1.7,0,0,0,0,0,0,0,272,0,19,96
GVESTA,2009,5,6,22,15.8,55.8,10,7,6.44,11,32.2,0,976.1,315,0.1,1.9,0,0,0,0,0,0,0,263,0,19,96
GVESTA,2009,5,6,23,14.3,57.8,9.4,6.1,6.05,10,29.7,0,976,360,0.2,2.5,0,0,0,0,0,0,0,259,0,19,96
GVESTA,2009,5,7,0,12.2,60.5,8.6,4.8,5.53,8.5,26.2,0,975.9,270,0.6,2.2,0,0,0,0,0,0,0,257,0,18,96
GVESTA,2009,5,7,1,12.2,58.5,8.3,4.3,5.34,8.3,25.7,0,975.9,270,0.2,1.8,0,0,0,0,0,0,0,256,0,18,96
GVESTA,2009,5,7,2,10.7,60.6,7.8,3.4,5.01,7.2,23.4,0,975.9,270,0.4,1.7,0,0,0,0,0,0,0,256,0,18,96
GVESTA,2009,5,7,3,10.1,61.3,7.6,3,4.88,6.7,22.4,0,975.9,288,0.4,2.6,0,0,0,0,0,0,0,255,19,18,96
GVESTA,2009,5,7,4,9.3,64.7,7.6,3,4.88,6.3,21.6,0,976.2,288,0.3,2.3,24,77,17,36,84,9,9,261,13,18,96
GVESTA,2009,5,7,5,11,64.6,8.5,4.6,5.46,7.8,24.8,0,976.8,360,0.3,3.5,172,463,70,148,506,36,36,260,0,18,96
GVESTA,2009,5,7,6,12.8,66.9,9.9,6.8,6.37,9.6,29,0,976.2,11,0.6,2.5,356,670,98,97,725,95,55,254,0,18,96
GVESTA,2009,5,7,7,14.3,59.4,9.7,6.5,6.24,10.2,30.1,0,976.3,85,1.4,3.3,543,799,109,69,798,263,70,257,0,18,96
GVESTA,2009,5,7,8,15.8,53.9,9.7,6.5,6.24,10.8,31.7,0,976.2,119,1.4,4.8,711,879,114,82,754,424,83,259,0,18,96
GVESTA,2009,5,7,9,17.4,49.7,9.9,6.8,6.38,11.6,33.6,0,975.7,54,1.4,3.7,833,902,127,95,615,552,96,264,0,18,96
GVESTA,2009,5,7,10,19.3,45.1,10.1,7.1,6.51,12.5,35.9,0,975,94,1.5,4.2,901,886,150,105,427,631,106,279,0,18,96
GVESTA,2009,5,7,11,21.1,40.9,10.2,7.3,6.58,13.3,37.9,0,974.2,79,1.7,5,924,886,155,108,189,656,196,297,13,18,96
GVESTA,2009,5,7,12,22.9,36.1,10.1,7.1,6.52,13.9,39.6,0,973.7,106,2,4.9,935,934,145,105,106,653,455,318,29,18,96
GVESTA,2009,5,7,13,23.8,31.3,9.2,5.8,5.94,13.7,39,0,973.2,118,2.6,5.6,800,822,160,101,102,534,605,340,46,18,96
GVESTA,2009,5,7,14,24.5,28,8.6,4.8,5.55,13.6,38.8,0,972.5,115,2.2,4.2,631,632,202,108,109,393,631,360,65,18,96
GVESTA,2009,5,7,15,24.8,24.6,7.7,3.2,4.97,13.1,37.6,0,972.2,106,2.3,4.2,397,314,224,119,119,220,429,372,81,18,96
GVESTA,2009,5,7,16,24.3,23.7,7.2,2.3,4.64,12.6,36.3,0,971.8,65,2.2,3.3,265,294,153,111,81,101,386,368,81,18,96
GVESTA,2009,5,7,17,23.5,31.9,9.2,5.8,5.95,13.6,38.8,0,971.7,77,1.8,3.1,118,182,85,99,46,45,230,368,88,18,96
GVESTA,2009,5,7,18,22.4,39.9,10.8,8.1,6.99,14.2,40.3,0,971.8,90,0.9,2.2,21,53,16,28,9,9,60,361,71,18,96
GVESTA,2009,5,7,19,21.1,44.7,11.2,8.6,7.25,13.9,39.6,0,972.2,243,0.4,2.5,0,0,0,0,0,0,0,374,94,18,96
GVESTA,2009,5,7,20,20.1,48.8,11.5,9,7.44,13.7,39.1,0,973.1,56,0.7,2.3,0,0,0,0,0,0,0,376,100,18,96
GVESTA,2009,5,7,21,20.5,41.8,10.1,7.1,6.52,13,37.2,0,973.8,288,3.7,10.2,0,0,0,0,0,0,0,374,100,18,96
GVESTA,2009,5,7,22,19.8,43.7,10.1,7.1,6.52,12.7,36.5,0,974,239,2.1,4.7,0,0,0,0,0,0,0,371,100,18,96
GVESTA,2009,5,7,23,18.3,62.4,13.1,11,8.48,14,39.9,0.3,974,225,1,3.5,0,0,0,0,0,0,0,369,100,18,96
GVESTA,2009,5,8,0,17.2,67.8,13.3,11.2,8.62,13.7,39.1,0.1,973.1,310,1.3,4.6,0,0,0,0,0,0,0,363,88,17,96
GVESTA,2009,5,8,1,16.8,71.9,13.7,11.7,8.89,13.8,39.4,0,972.7,252,0.8,2.8,0,0,0,0,0,0,0,353,88,17,96
GVESTA,2009,5,8,2,15.9,76.6,13.8,11.8,8.95,13.5,38.6,0,972.6,270,1.3,3.2,0,0,0,0,0,0,0,357,88,17,96
GVESTA,2009,5,8,3,16.2,75.2,13.8,11.8,8.95,13.6,38.9,0,972.6,291,1,3.4,0,0,0,0,0,0,0,364,94,17,96
GVESTA,2009,5,8,4,15.6,78.1,13.8,11.8,8.95,13.4,38.3,0.5,972.9,7,1.3,3.1,7,0,7,4,4,4,4,369,100,17,96
GVESTA,2009,5,8,5,16.3,76.2,14.1,12.1,9.15,13.8,39.5,0,972.8,315,0.7,2.2,110,108,85,75,158,46,46,361,81,17,96
GVESTA,2009,5,8,6,15.4,72.6,12.7,10.5,8.23,12.6,36.3,0,973,63,1.5,4.4,247,256,141,80,337,105,75,362,84,17,96
GVESTA,2009,5,8,7,18.3,62.8,13.2,11.1,8.55,14,40.1,0,973,90,0.8,2.2,530,768,111,68,768,252,68,340,43,17,96
GVESTA,2009,5,8,8,20.7,51,12.4,10.2,8.03,14.5,41.2,0,973,240,3.6,6.9,586,525,233,124,568,354,123,349,68,17,96
GVESTA,2009,5,8,9,21.7,47,12.2,9.9,7.9,14.7,41.9,0,973.1,254,6.6,10.9,687,514,280,143,487,461,142,366,75,17,96
GVESTA,2009,5,8,10,23.4,42.7,12.3,10,7.97,15.4,43.8,0,972.7,252,8.5,13.4,287,44,250,139,166,169,137,377,100,17,96
GVESTA,2009,5,8,11,23.2,42.3,12,9.7,7.76,15.2,43.1,0,973.3,249,6.1,12,299,71,238,129,158,185,128,384,100,17,96
GVESTA,2009,5,8,12,20,55.8,13,10.9,8.42,14.6,41.5,0.3,973.8,249,6.8,15.1,332,106,243,130,128,210,198,385,100,17,96
GVESTA,2009,5,8,13,20.5,54.8,13.2,11.1,8.55,14.9,42.3,0,974,242,6.9,13.7,208,15,196,110,109,119,120,384,100,17,96
GVESTA,2009,5,8,14,18.9,54.4,11.9,9.5,7.69,13.5,38.5,0,974.8,242,8.5,13.9,196,5,193,110,108,109,112,383,100,17,96
GVESTA,2009,5,8,15,18.7,58.1,12.5,10.3,8.08,13.8,39.3,0,974.9,254,8.4,13.5,150,2,149,85,84,83,86,382,100,17,96
GVESTA,2009,5,8,16,19,57.4,12.6,10.4,8.15,14,39.8,0,974.7,272,5.7,9.2,130,17,125,74,70,69,87,381,100,17,96
GVESTA,2009,5,8,17,19,58.6,12.9,10.7,8.34,14.1,40.3,0,974.7,271,4.3,8.2,51,4,50,30,28,28,32,380,100,17,96
GVESTA,2009,5,8,18,18.6,61.7,13.2,11.1,8.54,14.2,40.3,0,975.1,287,2.4,6.9,1,0,1,1,1,1,1,378,100,17,96
GVESTA,2009,5,8,19,18.2,62.8,13.1,11,8.46,14,39.8,0,975.8,276,2.1,5,0,0,0,0,0,0,0,375,100,17,96
GVESTA,2009,5,8,20,17.5,65.2,13,10.9,8.39,13.6,38.9,0,976.3,268,2.8,5.9,0,0,0,0,0,0,0,371,100,17,96
GVESTA,2009,5,8,21,17.5,65.6,13.1,11,8.46,13.7,39,0,976.1,275,3.7,7.5,0,0,0,0,0,0,0,359,74,17,96
GVESTA,2009,5,8,22,16.4,70.8,13.2,11.1,8.52,13.3,38.1,0,976.3,265,2.5,6.5,0,0,0,0,0,0,0,349,81,17,96
GVESTA,2009,5,8,23,17.4,66.5,13.2,11.1,8.53,13.7,39.1,0,975.9,315,0.7,3.4,0,0,0,0,0,0,0,332,60,17,96
GVESTA,2009,5,9,0,16,70.8,12.9,10.7,8.33,12.9,37.2,0,975.6,252,0.8,3.1,0,0,0,0,0,0,0,326,38,17,96
GVESTA,2009,5,9,1,15.7,71.2,12.7,10.5,8.21,12.7,36.6,0,974.9,270,0.5,4.2,0,0,0,0,0,0,0,354,78,17,96
GVESTA,2009,5,9,2,15.5,73.1,12.9,10.7,8.34,12.7,36.7,0.1,974.8,297,0.8,2.4,0,0,0,0,0,0,0,354,84,17,96
GVESTA,2009,5,9,3,16.2,72.7,13.4,11.3,8.67,13.3,38.2,0,974.5,112,0.5,1.8,0,0,0,0,0,0,0,342,66,17,96
GVESTA,2009,5,9,4,14.6,75.9,12.6,10.4,8.15,12.2,35.3,0,974.8,49,1,2.4,27,82,19,39,90,10,10,325,29,17,96
GVESTA,2009,5,9,5,14.7,75.4,12.6,10.4,8.14,12.2,35.4,0,974.9,67,0.8,2.6,161,384,73,133,427,37,37,315,29,17,96
GVESTA,2009,5,9,6,15.6,73.6,13,10.9,8.41,12.9,37,0,974.6,73,1.1,2.2,333,571,113,101,635,93,58,331,48,17,96
GVESTA,2009,5,9,7,16.5,68.5,12.9,10.7,8.35,13.1,37.7,0,974.2,112,1.7,3.4,456,505,187,96,585,229,96,349,71,17,96
GVESTA,2009,5,9,8,17.5,63.9,12.8,10.6,8.28,13.5,38.6,0,974,108,1,4.6,467,203,328,171,360,280,169,368,100,17,96
GVESTA,2009,5,9,9,18.2,62.4,13,10.9,8.42,13.9,39.6,0,973.5,157,0.9,3.1,628,354,349,173,440,411,172,377,100,17,96
GVESTA,2009,5,9,10,19.4,56.7,12.8,10.6,8.29,14.2,40.5,0,973.1,122,1.3,4.1,612,238,408,210,338,396,208,382,100,17,96
GVESTA,2009,5,9,11,20.9,52.1,12.9,10.7,8.36,14.8,42.3,0,972.3,117,1.1,3.7,797,562,306,148,232,559,240,367,71,17,96
GVESTA,2009,5,9,12,23.3,44.1,12.6,10.4,8.17,15.6,44.2,0,971.7,255,2.8,7.5,578,237,375,201,199,367,308,379,94,17,96
GVESTA,2009,5,9,13,23.7,41.1,12,9.7,7.78,15.4,43.6,0,971.7,266,4.3,8.4,361,42,329,183,181,206,215,387,100,17,96
GVESTA,2009,5,9,14,24.8,36.7,11.5,9,7.45,15.5,43.9,0,971.5,242,5.2,11.3,450,187,325,171,169,267,346,376,88,17,96
GVESTA,2009,5,9,15,24.7,35.7,11.1,8.5,7.19,15.2,43.2,0,971.5,250,6.7,11.3,259,55,228,126,125,143,181,384,100,17,96
GVESTA,2009,5,9,16,23.4,38.3,11,8.4,7.12,14.7,41.7,0,971.5,254,5.9,10.6,255,279,156,123,81,89,372,366,81,17,96
GVESTA,2009,5,9,17,22.4,40.1,10.9,8.2,7.06,14.2,40.5,0,971.7,262,6.8,10.3,156,365,71,128,36,36,407,350,54,17,96
GVESTA,2009,5,9,18,20.5,43.3,10.4,7.6,6.73,13.2,37.7,0,972.2,256,6.6,10,1,0,1,1,1,1,1,370,88,17,96
GVESTA,2009,5,9,19,19.5,44.2,10,7,6.46,12.6,36,0,972.7,264,6.6,11,0,0,0,0,0,0,0,361,79,17,96
GVESTA,2009,5,9,20,18.4,48.3,10.2,7.3,6.59,12.3,35.2,0,973.2,261,6.1,9.4,0,0,0,0,0,0,0,360,81,17,96
GVESTA,2009,5,9,21,18.6,49.4,10.6,7.8,6.85,12.6,36.1,0,973.2,244,4.3,8.9,0,0,0,0,0,0,0,371,100,17,96
GVESTA,2009,5,9,22,18.4,50,10.6,7.8,6.84,12.5,35.9,0,974,239,3,5.8,0,0,0,0,0,0,0,368,100,17,96
GVESTA,2009,5,9,23,18.3,49.6,10.4,7.6,6.71,12.4,35.4,0,974,214,3,6.2,0,0,0,0,0,0,0,365,100,17,96
GVESTA,2009,5,10,0,18,50.9,10.5,7.7,6.78,12.3,35.3,0,973.9,209,1.8,5.1,0,0,0,0,0,0,0,355,88,17,96
GVESTA,2009,5,10,1,16.9,55,10.6,7.8,6.85,11.9,34.3,0,973.5,243,0.4,2.5,0,0,0,0,0,0,0,356,88,17,96
GVESTA,2009,5,10,2,15.3,62.1,10.8,8.1,6.98,11.3,33,0,973.3,76,0.7,2.9,0,0,0,0,0,0,0,360,88,17,96
GVESTA,2009,5,10,3,15.4,61.7,10.8,8.1,6.98,11.4,33.1,0,973.3,360,0.2,1.9,0,0,0,0,0,0,0,356,78,17,96
GVESTA,2009,5,10,4,13.8,67.1,10.6,7.8,6.85,10.6,31.2,0,973.7,243,0.6,1.5,19,28,16,19,36,9,9,348,84,17,96
GVESTA,2009,5,10,5,14.6,67.2,11.2,8.6,7.23,11.3,33,0,974.1,360,0.3,2.9,137,205,90,103,258,47,47,346,58,17,96
GVESTA,2009,5,10,6,15.8,65.3,11.7,9.3,7.56,12.1,35,0,974,360,0.4,1.5,303,404,145,121,491,91,73,346,55,17,96
GVESTA,2009,5,10,7,17,62.1,12,9.7,7.76,12.8,36.7,0,974.1,37,0.6,2.2,318,115,256,139,258,175,138,360,94,17,96
GVESTA,2009,5,10,8,18.1,59.1,12.3,10,7.95,13.4,38.4,0,974.3,45,0.7,3,414,124,330,179,295,242,176,371,100,17,96
GVESTA,2009,5,10,9,18.6,52.9,11.3,8.8,7.3,13,37.2,0,974.2,119,1.1,3.5,399,54,357,198,240,230,196,370,100,17,96
GVESTA,2009,5,10,10,19.5,50,11.3,8.8,7.3,13.4,38.1,0,973.8,68,1.9,5.1,479,90,403,220,274,286,217,377,100,17,96
GVESTA,2009,5,10,11,20.6,48.6,11.8,9.4,7.64,14.1,40.1,0,972.6,54,2.3,5.2,528,132,413,223,229,325,267,380,100,17,96
GVESTA,2009,5,10,12,21.7,43,11.2,8.6,7.24,14.1,40.2,0,973.1,74,3.3,6.7,564,204,389,204,202,360,313,381,94,17,96
GVESTA,2009,5,10,13,21.8,42.5,11.1,8.5,7.19,14.1,40.2,0,972,79,2.3,4.6,458,136,354,190,189,277,300,377,94,17,96
GVESTA,2009,5,10,14,21.6,41,10.6,7.8,6.86,13.7,39.1,0,972.1,120,1.5,3.6,178,2,177,100,99,98,100,381,100,17,96
GVESTA,2009,5,10,15,21.6,46.6,12,9.7,7.77,14.6,41.5,0,972.1,236,1.5,4.6,104,5,101,57,57,57,61,380,100,17,96
GVESTA,2009,5,10,16,21.9,39.7,10.4,7.6,6.73,13.8,39.1,0,972.3,232,3.3,7.2,73,12,69,41,38,38,51,376,100,17,96
GVESTA,2009,5,10,17,21.2,43.2,10.9,8.2,7.05,13.8,39.2,0,972,232,1.8,5,106,139,80,86,43,42,184,372,88,17,96
GVESTA,2009,5,10,18,20.6,48,11.6,9.2,7.51,14,39.8,0,971.9,253,1.3,3.3,3,0,3,2,2,2,2,375,88,17,96
GVESTA,2009,5,10,19,19.7,53.5,12.3,10,7.97,14,40,0,972.1,143,0.6,2.3,0,0,0,0,0,0,0,359,81,17,96
GVESTA,2009,5,10,20,18.4,59.6,12.6,10.4,8.16,13.7,39.2,0,972.7,60,1.5,3.9,0,0,0,0,0,0,0,326,35,17,96
GVESTA,2009,5,10,21,17.2,64.7,12.7,10.5,8.23,13.3,38.1,0,972.8,40,0.8,1.8,0,0,0,0,0,0,0,345,75,17,96
GVESTA,2009,5,10,22,16.4,67.2,12.5,10.3,8.09,12.9,37,0,973.1,45,0.4,3.5,0,0,0,0,0,0,0,349,90,17,96
GVESTA,2009,5,10,23,16.5,65.4,12.3,10,7.96,12.8,36.7,0,973,180,0.2,2.1,0,0,0,0,0,0,0,328,35,17,96
GVESTA,2009,5,11,0,15.7,68.8,12.3,10,7.97,12.4,35.9,0,972.7,0,0.2,1.4,0,0,0,0,0,0,0,353,69,17,96
GVESTA,2009,5,11,1,15.1,71.5,12.3,10,7.97,12.2,35.3,0,972.4,326,0.7,4.2,0,0,0,0,0,0,0,357,94,17,96
GVESTA,2009,5,11,2,14.9,72,12.2,9.9,7.91,12.1,35,0,972.1,270,0.4,2.1,0,0,0,0,0,0,0,365,100,17,96
GVESTA,2009,5,11,3,15.5,70.7,12.4,10.2,8.04,12.5,35.9,0,972.1,270,0.5,2.9,0,0,0,0,0,0,0,362,94,17,96
GVESTA,2009,5,11,4,14.9,73.9,12.5,10.3,8.1,12.3,35.5,0,972.2,63,0.7,1.3,6,2,6,4,5,3,3,362,94,17,96
GVESTA,2009,5,11,5,15.3,73.5,12.8,10.6,8.3,12.6,36.4,0,972.4,34,0.5,2.5,29,2,29,17,18,16,16,366,100,17,96
GVESTA,2009,5,11,6,15.5,75,13.2,11.1,8.56,12.9,37.2,0,972.7,18,0.7,1.7,73,6,71,41,46,39,39,368,100,17,96
GVESTA,2009,5,11,7,15.7,75.6,13.5,11.4,8.76,13.2,37.9,0.3,972.4,353,1,3.4,181,34,161,90,124,100,88,368,100,17,96
GVESTA,2009,5,11,8,15.8,79.2,14.2,12.2,9.22,13.7,39.2,0,972.3,117,1.6,4.1,295,25,278,157,178,165,154,376,100,17,96
GVESTA,2009,5,11,9,17,71.4,13.8,11.8,8.96,13.9,39.8,0,972,119,1.3,3,408,52,366,204,241,235,201,380,100,17,96
GVESTA,2009,5,11,10,17.7,66.1,13.4,11.3,8.7,13.9,39.8,0,971.7,103,1.4,2.7,326,27,303,170,183,186,168,384,100,17,96
GVESTA,2009,5,11,11,18.7,60.9,13.1,11,8.5,14.2,40.4,0,971.3,117,1.3,2.7,367,25,345,194,194,209,199,388,100,17,96
GVESTA,2009,5,11,12,20.8,54.9,13.5,11.4,8.77,15.1,43.2,0,970.7,108,0.9,3.1,716,422,356,175,174,485,405,382,81,17,96
GVESTA,2009,5,11,13,22.1,49.3,13.1,11,8.51,15.4,43.9,0,970.2,115,1.7,4.1,721,599,248,126,126,474,527,372,75,17,96
GVESTA,2009,5,11,14,23,45.5,12.8,10.6,8.32,15.6,44.3,0,969.8,101,2.2,4.5,499,274,314,161,160,301,416,390,100,17,96
GVESTA,2009,5,11,15,22.7,45.7,12.6,10.4,8.19,15.4,43.7,0,969.8,70,2.4,3.9,277,61,243,135,134,153,195,389,100,17,96
GVESTA,2009,5,11,16,22.1,50,13.3,11.2,8.65,15.5,44.2,0,969.6,115,1.7,3.1,212,115,165,101,89,97,210,389,100,17,96
GVESTA,2009,5,11,17,21.8,49.3,12.9,10.7,8.39,15.2,43.2,0,969.5,163,1.6,4.9,94,87,77,68,42,41,130,388,94,17,96
GVESTA,2009,5,11,18,21.3,48.2,12.2,9.9,7.93,14.6,41.6,0,969.6,231,1.9,5.7,7,0,7,4,4,4,4,382,100,17,96
GVESTA,2009,5,11,19,20.1,54.3,12.8,10.6,8.32,14.5,41.3,0,969.8,191,1.5,4.5,0,0,0,0,0,0,0,384,100,17,96
GVESTA,2009,5,11,20,19.6,57.5,13.1,11,8.51,14.5,41.3,0,970.1,81,0.7,1.7,0,0,0,0,0,0,0,382,100,17,96
GVESTA,2009,5,11,21,19.1,60.2,13.3,11.2,8.64,14.4,41.1,0,970.3,56,0.8,1.8,0,0,0,0,0,0,0,380,100,17,96
GVESTA,2009,5,11,22,17.9,67,13.7,11.7,8.91,14.2,40.6,0,969.7,79,1.2,2.4,0,0,0,0,0,0,0,369,88,17,96
GVESTA,2009,5,11,23,17.7,67.9,13.7,11.7,8.91,14.1,40.4,0,969.9,59,0.8,2.7,0,0,0,0,0,0,0,375,100,17,96
GVESTA,2009,5,12,0,17.8,66.1,13.5,11.4,8.78,14,40.1,0,969.9,239,0.9,3.1,0,0,0,0,0,0,0,373,100,17,96
GVESTA,2009,5,12,1,17.8,66.6,13.6,11.5,8.84,14.1,40.3,0,970.6,278,0.8,2.5,0,0,0,0,0,0,0,373,94,17,96
GVESTA,2009,5,12,2,17.6,68.8,13.8,11.8,8.97,14.1,40.4,0,971,259,1.2,4,0,0,0,0,0,0,0,369,94,17,96
GVESTA,2009,5,12,3,17.1,71,13.8,11.8,8.96,14,39.9,0.3,971.5,241,2.3,5.2,0,0,0,0,0,0,0,373,100,17,96
GVESTA,2009,5,12,4,17.3,72.9,14.4,12.4,9.36,14.4,41.1,0,971,270,1.4,4.5,11,2,11,7,9,6,6,361,94,17,96
GVESTA,2009,5,12,5,17.1,76.8,15,13,9.76,14.6,41.9,0.1,971.2,67,1.3,2.9,73,79,57,55,111,31,31,361,75,17,96
GVESTA,2009,5,12,6,17.1,77.3,15.1,13.1,9.82,14.7,42.1,0,971.1,61,1.3,3.3,225,215,148,118,302,78,79,365,75,17,96
GVESTA,2009,5,12,7,17.4,75.9,15.1,13.1,9.82,14.8,42.4,0,971.9,107,1.1,3.4,310,121,240,130,251,172,129,355,71,17,96
GVESTA,2009,5,12,8,18.2,68.9,14.4,12.4,9.36,14.7,42,0,971.8,65,1.4,3.1,403,123,319,173,288,235,171,378,88,17,96
GVESTA,2009,5,12,9,20,59.2,13.8,11.8,8.96,15.1,42.9,0,971.3,41,1,2.9,186,1,185,105,105,103,104,380,100,17,96
GVESTA,2009,5,12,10,18.5,69.4,14.8,12.8,9.62,15,43,0.9,971.9,197,2.2,7.3,67,0,67,38,38,37,37,382,100,17,96
GVESTA,2009,5,12,11,17.3,81.5,16.1,14.1,10.48,15.3,43.9,0.5,971.5,108,1,3.4,177,13,166,93,97,101,92,385,100,17,96
GVESTA,2009,5,12,12,17.5,78.9,15.8,13.8,10.28,15.2,43.6,0,971.6,90,2,4.2,426,174,280,149,148,270,253,382,94,17,96
GVESTA,2009,5,12,13,19.3,70,15.7,13.7,10.22,15.8,45.3,0,971.3,38,3.6,7,567,368,278,144,143,363,407,383,88,17,96
GVESTA,2009,5,12,14,20.4,60.9,14.6,12.6,9.49,15.6,44.6,0,971.1,44,3.5,7.1,306,97,238,129,127,181,216,383,94,17,96
GVESTA,2009,5,12,15,20.5,60.1,14.5,12.5,9.43,15.6,44.6,0,970.8,73,2.5,4.6,320,138,245,132,131,174,274,388,94,17,96
GVESTA,2009,5,12,16,19.7,58.3,13.4,11.3,8.7,14.7,41.9,0,971.2,85,2.1,4.3,197,93,163,107,90,90,187,389,94,17,96
GVESTA,2009,5,12,17,19.7,59.9,13.7,11.7,8.9,14.9,42.4,0,971,360,0.5,2.1,112,120,80,75,44,43,167,389,94,17,96
GVESTA,2009,5,12,18,20.2,59.2,14,12,9.1,15.2,43.4,0,971.3,135,0.6,1.4,19,13,18,15,10,10,23,367,71,17,96
GVESTA,2009,5,12,19,19.7,61.5,14.1,12.1,9.16,15.1,43,0,971.7,127,0.6,2.4,0,0,0,0,0,0,0,357,44,17,96
GVESTA,2009,5,12,20,18.9,64.7,14.1,12.1,9.16,14.8,42.2,0,972,45,0.3,1.7,0,0,0,0,0,0,0,363,68,17,96
GVESTA,2009,5,12,21,18.9,65.1,14.2,12.2,9.22,14.9,42.4,0,972.2,90,0.1,1.6,0,0,0,0,0,0,0,338,33,17,96
GVESTA,2009,5,12,22,17.8,68.8,14,12,9.09,14.3,40.9,0,972.3,76,0.4,2.1,0,0,0,0,0,0,0,342,41,17,96
GVESTA,2009,5,12,23,16.4,70.4,13.1,11,8.5,13.2,38,0,972,27,0.3,2.6,0,0,0,0,0,0,0,348,56,17,96
GVESTA,2009,5,13,0,16.2,69.4,12.8,10.6,8.3,13,37.3,0,972.2,270,0.2,1.3,0,0,0,0,0,0,0,338,45,18,96
GVESTA,2009,5,13,1,15.3,71.6,12.4,10.2,8.04,12.4,35.7,0,972.3,297,0.3,2.2,0,0,0,0,0,0,0,348,66,18,96
GVESTA,2009,5,13,2,15,72,12.3,10,7.97,12.2,35.2,0,972.2,45,0.2,2.1,0,0,0,0,0,0,0,359,94,18,96
GVESTA,2009,5,13,3,14.8,72.9,12.3,10,7.97,12.1,35,0,971.8,45,0.5,1.6,0,0,0,0,0,0,0,352,69,18,96
GVESTA,2009,5,13,4,14.6,72.9,12.1,9.8,7.84,11.9,34.5,0,971.9,0,0.2,2.5,7,0,7,4,4,4,4,370,90,18,96
GVESTA,2009,5,13,5,15.1,76,13,10.9,8.43,12.7,36.5,0,971.8,63,0.3,2.3,47,10,44,27,35,24,25,370,100,18,96
GVESTA,2009,5,13,6,15.8,77.6,13.9,11.9,9.03,13.5,38.7,0,971.8,53,0.5,1.5,191,54,168,101,150,95,93,372,100,18,96
GVESTA,2009,5,13,7,16.7,76.2,14.5,12.5,9.42,14.2,40.6,0,972.4,329,0.6,1.8,297,91,245,135,227,164,134,375,100,18,96
GVESTA,2009,5,13,8,17.4,71.5,14.2,12.2,9.23,14.3,40.9,0,971.4,72,0.5,2.3,565,430,260,138,495,340,137,375,94,18,96
GVESTA,2009,5,13,9,19.2,64.3,14.3,12.3,9.29,15,42.9,0,971.5,86,1.4,4.4,706,543,275,140,518,460,140,368,75,18,96
GVESTA,2009,5,13,10,19.9,58.4,13.6,11.5,8.84,14.9,42.4,0,971,102,2,4.2,731,492,304,162,369,489,161,369,81,18,96
GVESTA,2009,5,13,11,21.8,53.7,14,12,9.1,15.8,45.1,0,970.7,55,2,5.2,337,7,331,189,188,189,187,387,100,18,96
GVESTA,2009,5,13,12,22,52,13.7,11.7,8.91,15.7,44.8,0,970.5,119,2.1,3.9,370,18,354,201,199,209,208,393,100,18,96
GVESTA,2009,5,13,13,22.1,51.7,13.7,11.7,8.91,15.8,44.9,0,970.3,108,1.5,3.9,194,3,191,109,108,108,110,392,100,18,96
GVESTA,2009,5,13,14,21.9,54.1,14.2,12.2,9.23,16,45.5,0,970.7,248,4.6,8.1,85,0,85,48,48,47,48,391,100,18,96
GVESTA,2009,5,13,15,20.7,64.6,15.8,13.8,10.3,16.4,47,0.1,970.3,299,2.5,6.7,213,22,200,113,112,119,134,390,100,18,96
GVESTA,2009,5,13,16,20,64.1,15,13,9.77,15.7,44.9,0,969.7,309,2,5.6,128,102,94,73,52,51,156,386,100,18,96
GVESTA,2009,5,13,17,20.5,58.9,14.2,12.2,9.26,15.5,44.1,0,968.5,284,1.3,3,83,26,76,50,43,42,70,377,100,18,96
GVESTA,2009,5,13,18,20.6,57.4,13.9,11.9,9.06,15.3,43.7,0,967.8,270,1.2,3.1,17,9,16,13,9,9,18,380,81,18,96
GVESTA,2009,5,13,19,19.6,60.3,13.7,11.7,8.93,14.9,42.4,0,967.9,256,0.4,1.5,0,0,0,0,0,0,0,385,100,18,96
GVESTA,2009,5,13,20,20,59.6,13.9,11.9,9.06,15.1,43.1,0,968.2,270,0.3,3.7,0,0,0,0,0,0,0,382,100,18,96
GVESTA,2009,5,13,21,19,68.2,15,13,9.79,15.3,43.9,0,968,18,0.7,2.7,0,0,0,0,0,0,0,380,100,18,96
GVESTA,2009,5,13,22,19,68.2,15,13,9.79,15.3,43.9,0,967.9,288,0.5,1.6,0,0,0,0,0,0,0,378,100,18,96
GVESTA,2009,5,13,23,18.5,72.2,15.4,13.4,10.06,15.4,44.1,0,967.8,76,0.5,1.6,0,0,0,0,0,0,0,375,100,18,96
GVESTA,2009,5,14,0,18.3,73.6,15.5,13.5,10.13,15.3,44.1,0,967.6,45,0.4,2.4,0,0,0,0,0,0,0,374,100,17,96
GVESTA,2009,5,14,1,17.7,76.9,15.6,13.6,10.2,15.2,43.6,0.4,967,63,0.9,2.2,0,0,0,0,0,0,0,373,100,17,96
GVESTA,2009,5,14,2,17.7,77.4,15.7,13.7,10.27,15.2,43.8,0.2,966.9,307,0.6,1.7,0,0,0,0,0,0,0,373,100,17,96
GVESTA,2009,5,14,3,17.5,78.9,15.8,13.8,10.34,15.2,43.8,0.1,966.4,63,0.8,1.9,0,0,0,0,0,0,0,373,100,17,96
GVESTA,2009,5,14,4,17.4,78.4,15.6,13.6,10.21,15.1,43.3,0,966.3,45,0.5,3.9,3,0,3,2,2,2,2,373,100,17,96
GVESTA,2009,5,14,5,17.1,80.4,15.7,13.7,10.27,15,43.2,0.1,966.3,342,0.7,1.9,61,11,59,36,44,32,33,373,100,17,96
GVESTA,2009,5,14,6,17.1,79.9,15.6,13.6,10.21,15,43,0,966.2,351,0.7,1.8,144,11,139,80,89,76,77,373,100,17,96
GVESTA,2009,5,14,7,17.2,80.9,15.9,13.9,10.41,15.2,43.7,0,966,321,0.7,1.7,154,4,152,85,89,84,84,375,100,17,96
GVESTA,2009,5,14,8,17.6,78.4,15.8,13.8,10.34,15.3,43.9,0,966.2,261,1.9,4.7,197,3,195,110,112,109,108,376,100,17,96
GVESTA,2009,5,14,9,17.3,71,14,12,9.14,14.1,40.6,0.1,966.3,243,4.3,8.5,190,4,187,105,107,105,104,378,100,17,96
GVESTA,2009,5,14,10,18,59.5,12.3,10,8.02,13.4,38.4,0,965.8,247,3.6,8.1,427,59,375,206,237,248,204,375,100,17,96
GVESTA,2009,5,14,11,19.6,48.3,11,8.4,7.17,13.2,37.9,0,965.2,239,3.5,6.9,307,10,298,167,170,171,165,381,100,17,96
GVESTA,2009,5,14,12,19.7,47.4,10.9,8.2,7.11,13.2,37.8,0,964.7,235,3.2,6.3,316,21,297,166,164,178,175,373,100,17,96
GVESTA,2009,5,14,13,20.9,45.8,11.3,8.8,7.38,13.9,39.8,0,964,243,2.6,5.8,488,166,353,189,188,295,304,364,94,17,96
GVESTA,2009,5,14,14,21.1,42.3,10.6,7.8,6.92,13.6,38.8,0,963.2,258,3,7,523,321,301,151,150,311,444,368,88,17,96
GVESTA,2009,5,14,15,22,38.9,10.3,7.4,6.73,13.7,39.2,0,962.9,252,4.6,8.1,389,278,232,119,118,206,397,371,81,17,96
GVESTA,2009,5,14,16,21.5,41,10.5,7.7,6.86,13.7,39,0,962.9,234,4,7.8,222,151,163,114,87,87,245,367,81,17,96
GVESTA,2009,5,14,17,20.9,43.4,10.7,8,6.99,13.6,38.8,0,962.6,247,5.3,11.3,40,6,38,23,21,21,27,378,100,17,96
GVESTA,2009,5,14,18,19.4,47.6,10.7,8,6.98,13,37.2,0,963.7,252,5.4,9.3,18,16,16,15,9,9,24,366,88,17,96
GVESTA,2009,5,14,19,17.4,61.8,12.3,10,8.03,13.1,37.8,0,964.9,219,4.2,8.5,0,0,0,0,0,0,0,375,100,17,96
GVESTA,2009,5,14,20,15.9,74.1,13.4,11.3,8.76,13.2,38.1,0.1,965.1,220,4.1,7.2,0,0,0,0,0,0,0,374,100,17,96
GVESTA,2009,5,14,21,16.1,78.7,14.4,12.4,9.42,13.9,40,0.9,965.2,233,2.1,6,0,0,0,0,0,0,0,373,100,17,96
GVESTA,2009,5,14,22,16.5,77.7,14.6,12.6,9.56,14.2,40.8,0.5,964.7,238,1.1,2.8,0,0,0,0,0,0,0,371,100,17,96
GVESTA,2009,5,14,23,15.3,81.7,14.2,12.2,9.29,13.5,38.9,0.8,964.6,245,2.9,5.4,0,0,0,0,0,0,0,370,100,17,96
GVESTA,2009,5,15,0,14.8,80.6,13.6,11.5,8.89,12.9,37.4,0.6,964.7,240,2.8,5.2,0,0,0,0,0,0,0,369,100,17,96
GVESTA,2009,5,15,1,15.2,78.6,13.6,11.5,8.9,13,37.8,0.3,964.3,247,1.5,3.8,0,0,0,0,0,0,0,368,100,17,96
GVESTA,2009,5,15,2,15.7,76.1,13.6,11.5,8.9,13.2,38.3,1.2,964.4,281,0.6,1.8,0,0,0,0,0,0,0,367,100,17,96
GVESTA,2009,5,15,3,15.4,77,13.5,11.4,8.84,13.1,37.8,0.7,963.9,259,0.6,2.3,0,0,0,0,0,0,0,366,100,17,96
GVESTA,2009,5,15,4,14.7,79.5,13.3,11.2,8.7,12.7,36.8,1,964.3,261,1.3,3.8,8,0,8,5,5,4,4,365,100,17,96
GVESTA,2009,5,15,5,14.4,81.1,13.3,11.2,8.7,12.5,36.5,0.6,964.5,245,1.7,4.4,29,1,29,17,17,16,16,365,100,17,96
GVESTA,2009,5,15,6,14.4,80.6,13.2,11.1,8.63,12.5,36.3,0.9,964.8,229,1.1,3.8,68,3,67,38,40,37,37,364,100,17,96
GVESTA,2009,5,15,7,14.2,82.1,13.3,11.2,8.69,12.5,36.2,0.7,965.2,257,1.9,3.3,117,0,117,66,65,64,65,364,100,17,96
GVESTA,2009,5,15,8,14,79.4,12.7,10.5,8.29,12,35,0.1,965.1,243,1.8,3.7,115,0,115,65,65,63,64,363,100,17,96
GVESTA,2009,5,15,9,14.4,79.5,13,10.9,8.49,12.4,35.9,0.2,965.6,241,2.6,4.7,175,0,175,99,97,96,97,363,100,17,96
GVESTA,2009,5,15,10,14.1,79.4,12.8,10.6,8.35,12.1,35.3,0.6,966.3,238,3.2,5.3,224,1,223,126,125,123,124,363,100,17,96
GVESTA,2009,5,15,11,14.4,79.5,13,10.9,8.48,12.4,35.9,0.6,966.6,241,2.9,5.2,247,1,247,139,138,136,137,363,100,17,96
GVESTA,2009,5,15,12,14.3,77.4,12.6,10.4,8.21,12.1,35.1,0.3,967,225,2.7,4.9,234,0,234,132,131,128,130,362,100,17,96
GVESTA,2009,5,15,13,14,76.8,12.3,10,8.01,11.7,34.3,0.5,967.3,231,2.7,5,120,0,120,68,67,66,67,362,100,17,96
GVESTA,2009,5,15,14,14.2,75.3,12.2,9.9,7.94,11.8,34.3,0.1,967.4,227,2.2,4.8,105,0,105,59,59,58,58,361,100,17,96
GVESTA,2009,5,15,15,14.5,74.4,12.3,10,8.01,11.9,34.8,0.1,967.8,242,3,5.1,130,0,130,73,72,71,72,361,100,17,96
GVESTA,2009,5,15,16,14.6,74.9,12.4,10.2,8.07,12.1,35.1,0,967.7,223,2.7,5.1,78,0,78,44,43,43,44,360,100,17,96
GVESTA,2009,5,15,17,14.2,78.4,12.7,10.5,8.27,12.1,35.2,0.8,968.4,234,1.9,4.8,44,2,43,25,24,24,27,359,100,17,96
GVESTA,2009,5,15,18,14.2,76.9,12.4,10.2,8.06,11.9,34.6,0.4,969,222,1.4,3.7,9,0,9,5,5,5,5,359,100,17,96
GVESTA,2009,5,15,19,14.1,77.9,12.5,10.3,8.12,11.9,34.7,0.1,969.8,261,1.3,3.4,0,0,0,0,0,0,0,357,100,17,96
GVESTA,2009,5,15,20,14.3,78.4,12.8,10.6,8.31,12.2,35.4,0.1,970.6,307,1,2.3,0,0,0,0,0,0,0,356,100,17,96
GVESTA,2009,5,15,21,14.7,76.4,12.8,10.6,8.31,12.3,35.8,0,970.8,189,0.7,3.1,0,0,0,0,0,0,0,355,100,17,96
GVESTA,2009,5,15,22,14.6,72.4,12,9.7,7.79,11.8,34.4,0,970.6,256,0.5,2.8,0,0,0,0,0,0,0,354,100,17,96
GVESTA,2009,5,15,23,13.9,76.3,12.1,9.8,7.85,11.6,33.8,0,971.1,315,0.7,2.2,0,0,0,0,0,0,0,353,100,17,96
GVESTA,2009,5,16,0,13.2,69.7,10.6,7.8,6.87,10.3,30.6,0,970.9,81,0.8,3.8,0,0,0,0,0,0,0,348,94,15,96
GVESTA,2009,5,16,1,14,71.3,11.4,8.9,7.39,11.2,32.8,0,970.4,63,0.3,1.5,0,0,0,0,0,0,0,331,75,15,96
GVESTA,2009,5,16,2,14.1,70.9,11.4,8.9,7.39,11.2,32.8,0,970.9,0,0.3,1.4,0,0,0,0,0,0,0,312,36,15,96
GVESTA,2009,5,16,3,12.8,73.1,10.8,8.1,7,10.3,30.5,0,971.1,333,0.4,1.5,0,0,0,0,0,0,0,307,25,15,96
GVESTA,2009,5,16,4,12.5,74,10.7,8,6.93,10.1,30,0.1,971.5,270,0.3,1.8,20,26,18,21,34,10,10,315,35,15,96
GVESTA,2009,5,16,5,12.6,76.6,11.2,8.6,7.25,10.4,31,0,971.8,270,0.6,2.9,153,286,73,109,327,36,36,329,68,15,96
GVESTA,2009,5,16,6,13.3,76.7,11.7,9.3,7.58,11.1,32.5,0,971.6,252,1,3,374,676,95,118,715,67,49,307,23,15,96
GVESTA,2009,5,16,7,13.3,70.7,10.8,8.1,6.99,10.5,31,0,971.6,198,0.7,2.4,540,742,120,64,739,225,64,301,16,15,96
GVESTA,2009,5,16,8,14.4,62.8,10.3,7.4,6.67,10.6,31.3,0,971.4,254,0.8,3.6,702,795,143,78,693,380,78,323,33,15,96
GVESTA,2009,5,16,9,16.1,58.6,10.7,8,6.93,11.6,33.7,0,971.3,240,1,3.4,847,894,130,81,591,506,82,312,0,15,96
GVESTA,2009,5,16,10,17.5,52.9,10.6,7.8,6.86,12.1,35,0,971.4,229,1.2,4.5,912,912,121,84,390,572,85,293,0,15,96
GVESTA,2009,5,16,11,19.9,46.5,10.8,8.1,7,13.2,37.8,0,970.8,256,2.1,6.7,927,887,140,89,162,596,174,295,0,15,96
GVESTA,2009,5,16,12,21.3,39.6,10,7,6.47,13.3,37.9,0,970.7,255,2.7,6.7,885,840,159,91,91,563,414,296,0,15,96
GVESTA,2009,5,16,13,22.6,39.4,10.8,8.1,7,14.3,40.5,0,970.4,270,3.9,7.4,806,820,151,85,85,484,579,298,0,15,96
GVESTA,2009,5,16,14,23,38.2,10.7,8,6.94,14.4,40.8,0,969.9,259,3.7,7.8,659,695,177,86,87,363,655,312,45,15,96
GVESTA,2009,5,16,15,23.1,36.2,10.2,7.3,6.61,14.1,40,0,970,246,3.7,8.8,478,536,184,88,88,217,608,333,60,15,96
GVESTA,2009,5,16,16,23.6,34.4,10,7,6.48,14.2,40.2,0,969.7,245,4,7.6,348,602,107,123,52,69,654,306,0,15,96
GVESTA,2009,5,16,17,23.3,37,10.6,7.8,6.87,14.4,40.9,0,969.7,253,3.5,7.1,180,452,74,166,35,35,489,302,19,15,96
GVESTA,2009,5,16,18,22,42,11.1,8.5,7.2,14.2,40.4,0,969.8,272,2.9,4.5,34,104,23,53,12,12,112,312,6,15,96
GVESTA,2009,5,16,19,20.6,49.6,12,9.7,7.79,14.2,40.5,0,970.4,95,1.7,4.4,0,0,0,0,0,0,0,322,0,15,96
GVESTA,2009,5,16,20,19.4,53.8,12.1,9.8,7.85,13.8,39.4,0,970.7,49,1.1,2.1,0,0,0,0,0,0,0,315,0,15,96
GVESTA,2009,5,16,21,18.8,51.5,11.2,8.6,7.26,13,37.3,0,970.8,69,0.9,2.3,0,0,0,0,0,0,0,306,0,15,96
GVESTA,2009,5,16,22,17.4,55.5,11,8.4,7.13,12.4,35.5,0,971.2,207,0.4,1.6,0,0,0,0,0,0,0,312,0,15,96
GVESTA,2009,5,16,23,16.3,57.9,10.7,8,6.93,11.7,33.9,0,971.1,297,0.2,1.5,0,0,0,0,0,0,0,314,0,15,96
GVESTA,2009,5,17,0,15.5,58.5,10.3,7.4,6.67,11.1,32.5,0,970.9,360,0.2,2.8,0,0,0,0,0,0,0,292,0,14,96
GVESTA,2009,5,17,1,14.4,63.6,10.4,7.6,6.74,10.7,31.5,0,970.6,360,0.3,1.9,0,0,0,0,0,0,0,300,10,14,96
GVESTA,2009,5,17,2,14.8,62,10.4,7.6,6.74,10.9,31.9,0,970.3,0,0,1.5,0,0,0,0,0,0,0,294,0,14,96
GVESTA,2009,5,17,3,13.2,67.9,10.3,7.4,6.67,10.1,30.1,0,970.3,252,0.4,1.9,0,0,0,0,0,0,0,294,19,14,96
GVESTA,2009,5,17,4,12.8,69.2,10.2,7.3,6.61,9.9,29.5,0,970.5,270,0.3,3.1,40,120,26,60,129,13,13,308,19,14,96
GVESTA,2009,5,17,5,13.8,71.8,11.3,8.8,7.33,11,32.4,0,970.5,27,0.4,2.2,190,463,75,165,501,36,36,296,29,14,96
GVESTA,2009,5,17,6,15.5,69.3,12.2,9.9,7.92,12.3,35.6,0,970.6,284,0.5,1.9,370,657,97,117,696,66,48,297,6,14,96
GVESTA,2009,5,17,7,16.8,65,12.4,10.2,8.05,13,37.3,0,970.7,288,0.4,1.8,546,767,109,59,751,219,60,300,0,14,96
GVESTA,2009,5,17,8,18.6,56.9,12.2,9.9,7.92,13.6,38.8,0,970.4,180,0.6,4.7,696,807,128,72,689,366,72,303,0,14,96
GVESTA,2009,5,17,9,20.6,52.7,12.8,10.6,8.32,14.7,41.8,0,969.8,243,1,3.4,633,461,270,144,443,368,143,335,58,14,96
GVESTA,2009,5,17,10,22.4,49.1,13.3,11.2,8.65,15.6,44.5,0,969.7,253,2.3,7.1,235,12,225,123,129,128,121,379,100,14,96
GVESTA,2009,5,17,11,22,48.3,12.8,10.6,8.32,15.2,43.3,0,969.7,257,4.5,8,283,10,274,150,149,154,152,387,100,14,96
GVESTA,2009,5,17,12,22.9,47.3,13.2,11.1,8.58,15.8,44.9,0,969.7,263,4.4,7.9,368,26,346,188,186,203,199,385,100,14,96
GVESTA,2009,5,17,13,24.2,42,12.7,10.5,8.26,15.9,45.4,0,969.6,245,4,9.6,317,20,302,165,163,173,178,384,100,14,96
GVESTA,2009,5,17,14,24.2,38,11.5,9,7.46,15.2,43.3,0,970.5,248,5.9,12.7,255,33,232,125,124,140,153,387,100,14,96
GVESTA,2009,5,17,15,23.5,38.3,11.1,8.5,7.2,14.8,41.9,0,970.5,245,7.1,13.2,277,124,212,110,109,140,237,382,88,14,96
GVESTA,2009,5,17,16,23.1,40.1,11.3,8.8,7.33,14.8,41.9,0,970.6,234,5.2,10.2,227,130,175,110,90,97,227,377,88,14,96
GVESTA,2009,5,17,17,22.1,40.6,10.8,8.1,7,14.1,40,0,971.1,227,5.6,11,145,318,63,120,30,30,352,354,68,14,96
GVESTA,2009,5,17,18,21.3,41.8,10.6,7.8,6.86,13.6,38.9,0,971.5,244,6,10.9,10,0,10,5,5,5,5,355,74,14,96
GVESTA,2009,5,17,19,20.1,45,10.6,7.8,6.85,13.2,37.6,0,972.6,235,3.9,8.1,0,0,0,0,0,0,0,350,68,14,96
GVESTA,2009,5,17,20,18.8,48.1,10.4,7.6,6.71,12.6,35.9,0,974,245,5.4,10.8,0,0,0,0,0,0,0,368,88,14,96
GVESTA,2009,5,17,21,15.8,70.7,12.7,10.5,8.21,12.7,36.6,1.4,975.4,283,4.9,9.8,0,0,0,0,0,0,0,372,100,14,96
GVESTA,2009,5,17,22,15.3,76.5,13.3,11.2,8.58,12.9,37.1,0.6,977,165,1.7,4.3,0,0,0,0,0,0,0,369,100,14,96
GVESTA,2009,5,17,23,15.3,76,13.2,11.1,8.52,12.9,36.9,0.1,976.4,145,1.3,4.5,0,0,0,0,0,0,0,359,100,14,96
GVESTA,2009,5,18,0,15,79,13.5,11.4,8.72,12.9,37.1,0.1,976.6,79,1.4,2.7,0,0,0,0,0,0,0,364,100,14,96
GVESTA,2009,5,18,1,14.7,80.6,13.5,11.4,8.73,12.8,36.8,0.3,975.6,36,1.4,3.4,0,0,0,0,0,0,0,363,100,14,96
GVESTA,2009,5,18,2,14.2,81.1,13.1,11,8.47,12.4,35.7,0,975.6,40,1.7,3,0,0,0,0,0,0,0,363,100,14,96
GVESTA,2009,5,18,3,14.6,77.4,12.9,10.7,8.33,12.4,35.7,0,976.2,90,0.9,2.4,0,0,0,0,0,0,0,363,100,14,96
GVESTA,2009,5,18,4,14.4,79.5,13,10.9,8.39,12.4,35.7,0,976.4,315,0.8,2.5,11,1,11,7,7,6,6,363,100,14,96
GVESTA,2009,5,18,5,14.3,80,13,10.9,8.39,12.3,35.6,0.3,976.9,311,0.9,2.3,32,0,32,18,17,17,17,363,100,14,96
GVESTA,2009,5,18,6,14.2,82.1,13.3,11.2,8.59,12.5,36,0.8,976.8,360,0.9,2.7,84,0,84,47,46,45,46,364,100,14,96
GVESTA,2009,5,18,7,14.3,81.6,13.3,11.2,8.58,12.5,36.1,0.1,977,56,1.6,3.5,139,4,137,76,78,75,74,367,100,14,96
GVESTA,2009,5,18,8,14.7,78.5,13.1,11,8.45,12.6,36.1,0,976.9,79,1.1,3.9,594,500,237,117,527,332,116,358,64,14,96
GVESTA,2009,5,18,9,16.5,71.8,13.5,11.4,8.72,13.5,38.7,0,976.9,99,1.3,5.4,749,626,242,113,521,462,113,356,58,14,96
GVESTA,2009,5,18,10,17.5,63.5,12.7,10.5,8.19,13.4,38.4,0,976.8,87,2.1,4.7,680,364,361,181,341,424,179,372,71,14,96
GVESTA,2009,5,18,11,18.8,54,11.7,9.3,7.54,13.3,38,0,976.4,118,1.8,4.6,837,626,278,128,215,549,222,370,58,14,96
GVESTA,2009,5,18,12,19.6,47,10.7,8,6.9,13.1,37.2,0,975.9,100,2.6,6.3,881,827,163,92,93,550,413,357,25,14,96
GVESTA,2009,5,18,13,20.5,41.8,10.1,7.1,6.51,13,37.1,0,975.8,73,3.4,6.9,820,864,127,79,79,476,581,353,34,14,96
GVESTA,2009,5,18,14,19.8,41.9,9.7,6.5,6.25,12.5,35.8,0,975.6,69,4,6.7,402,191,274,139,138,222,318,355,81,14,96
GVESTA,2009,5,18,15,19.8,43.4,10,7,6.44,12.7,36.3,0,975.5,64,3.7,6.3,406,344,219,112,111,187,445,357,71,14,96
GVESTA,2009,5,18,16,19.5,46.1,10.4,7.6,6.7,12.8,36.6,0,975.4,73,3.2,7.2,256,268,147,119,75,77,349,360,75,14,96
GVESTA,2009,5,18,17,19,53.3,11.7,9.3,7.55,13.4,38.3,0,975.6,28,1.8,3.3,99,56,84,62,45,44,102,376,94,14,96
GVESTA,2009,5,18,18,19,57,12.5,10.3,8.07,13.9,39.6,0,975.8,27,1.7,3.8,13,0,13,7,7,7,7,346,78,14,96
GVESTA,2009,5,18,19,18.3,61.2,12.9,10.7,8.33,13.8,39.5,0,976.3,59,1.4,3.6,0,0,0,0,0,0,0,308,23,14,96
GVESTA,2009,5,18,20,17.5,63.1,12.6,10.4,8.13,13.4,38.2,0,976.7,14,0.6,2,0,0,0,0,0,0,0,296,0,14,96
GVESTA,2009,5,18,21,17.9,59.5,12.2,9.9,7.87,13.3,37.9,0,977,252,0.3,1,0,0,0,0,0,0,0,293,0,14,96
GVESTA,2009,5,18,22,17.1,60.5,11.8,9.4,7.6,12.7,36.4,0,977.1,243,0.3,2.8,0,0,0,0,0,0,0,291,0,14,96
GVESTA,2009,5,18,23,15.8,64,11.5,9,7.41,12,34.6,0,977.2,270,0.4,2.3,0,0,0,0,0,0,0,288,0,14,96
GVESTA,2009,5,19,0,15.5,63.5,11.2,8.6,7.21,11.7,33.8,0,976.9,270,0.3,2.3,0,0,0,0,0,0,0,287,0,15,96
GVESTA,2009,5,19,1,14.9,64.2,10.9,8.2,7.02,11.2,32.7,0,977.2,270,0.2,4,0,0,0,0,0,0,0,286,0,15,96
GVESTA,2009,5,19,2,14.3,64.9,10.6,7.8,6.82,10.8,31.6,0,976.7,297,0.3,3.7,0,0,0,0,0,0,0,285,0,15,96
GVESTA,2009,5,19,3,13.9,66.2,10.5,7.7,6.76,10.5,31,0,977.3,315,0.2,1.6,0,0,0,0,0,0,0,284,0,15,96
GVESTA,2009,5,19,4,13.1,68.3,10.3,7.4,6.63,10.1,29.9,0,977.2,45,0.1,3,44,129,28,66,138,14,14,283,0,15,96
GVESTA,2009,5,19,5,13.8,70.8,11.2,8.6,7.21,10.9,32.1,0,977.6,90,0.3,2.3,198,473,77,172,512,37,38,282,0,15,96
GVESTA,2009,5,19,6,14.6,73.4,12.2,9.9,7.86,11.9,34.5,0,977.6,79,0.6,1.7,382,681,96,124,720,68,50,282,0,15,96
GVESTA,2009,5,19,7,16,66.2,12,9.7,7.73,12.4,35.6,0,977.8,90,1.1,3.8,562,791,107,62,771,222,62,283,0,15,96
GVESTA,2009,5,19,8,16.6,63.7,12,9.7,7.73,12.7,36.2,0,978.1,81,2,4.6,721,858,115,72,718,370,73,289,0,15,96
GVESTA,2009,5,19,9,18.1,59.1,12.3,10,7.93,13.4,38.3,0,977.4,72,2.5,4.8,849,904,118,81,587,493,82,314,0,15,96
GVESTA,2009,5,19,10,19.6,52.8,12,9.7,7.73,13.9,39.3,0,977.2,104,1.8,5.6,922,912,126,87,397,570,88,316,0,15,96
GVESTA,2009,5,19,11,21,49.4,12.3,10,7.93,14.5,41.3,0,976.6,41,1.2,4.1,939,889,145,92,168,595,179,306,0,15,96
GVESTA,2009,5,19,12,23.2,42.9,12.2,9.9,7.87,15.3,43.4,0,976.3,94,1.6,4.7,915,899,134,88,89,566,415,308,0,15,96
GVESTA,2009,5,19,13,23.9,36.4,10.8,8.1,6.96,14.7,41.8,0,975.5,94,2,5.5,821,834,151,87,87,484,587,310,0,15,96
GVESTA,2009,5,19,14,25.3,26.1,8.4,4.5,5.4,13.8,39.2,0,975.2,225,1.7,4.8,688,763,154,81,81,363,689,306,6,15,96
GVESTA,2009,5,19,15,25.9,23.3,7.8,3.4,5.02,13.6,38.8,0,975.1,242,2.2,6.5,537,725,127,66,67,216,734,308,0,15,96
GVESTA,2009,5,19,16,25.3,24.5,7.9,3.6,5.08,13.5,38.4,0,975,278,2.3,5.4,364,643,101,144,51,67,688,310,0,15,96
GVESTA,2009,5,19,17,25.6,25.3,8.3,4.3,5.34,13.8,39.4,0,975,299,1.1,3.9,189,473,73,176,36,36,509,312,0,15,96
GVESTA,2009,5,19,18,25.3,28,9,5.5,5.79,14.2,40.2,0,975.5,321,0.7,2.4,42,123,28,64,14,14,132,309,0,15,96
GVESTA,2009,5,19,19,22.6,38.1,10.4,7.6,6.7,14,39.8,0,975.8,18,0.7,2.2,0,0,0,0,0,0,0,299,0,15,96
GVESTA,2009,5,19,20,20.9,44,10.9,8.2,7.02,13.7,38.9,0,976.5,101,0.7,2.2,0,0,0,0,0,0,0,291,0,15,96
GVESTA,2009,5,19,21,19.6,47.4,10.8,8.1,6.95,13.1,37.4,0,976.8,59,1.2,2.2,0,0,0,0,0,0,0,288,0,15,96
GVESTA,2009,5,19,22,18.8,48.1,10.4,7.6,6.69,12.6,35.9,0,976.8,53,0.6,1.8,0,0,0,0,0,0,0,286,0,15,96
GVESTA,2009,5,19,23,16.7,54.9,10.4,7.6,6.69,11.7,33.7,0,977.4,333,0.5,2.9,0,0,0,0,0,0,0,289,6,15,96
GVESTA,2009,5,20,0,15.7,58.5,10.4,7.6,6.69,11.3,32.7,0,977.4,297,0.2,1.5,0,0,0,0,0,0,0,317,41,16,96
GVESTA,2009,5,20,1,15,60.4,10.3,7.4,6.62,10.9,31.8,0,977.4,45,0.4,1.9,0,0,0,0,0,0,0,312,45,16,96
GVESTA,2009,5,20,2,14.6,60.7,10.1,7.1,6.5,10.6,31.1,0,977,243,0.2,2.1,0,0,0,0,0,0,0,307,48,16,96
GVESTA,2009,5,20,3,14,64,10.2,7.3,6.56,10.4,30.6,0,977.5,270,0.3,2.1,0,0,0,0,0,0,0,305,43,16,96
GVESTA,2009,5,20,4,13.5,65.2,10.1,7.1,6.49,10.1,30,0,977.5,315,0.3,1.7,45,129,29,67,139,15,15,301,10,16,96
GVESTA,2009,5,20,5,14.8,62.9,10.6,7.8,6.82,11,32.1,0,977.6,360,0.4,3.2,202,496,74,177,533,37,37,288,0,16,96
GVESTA,2009,5,20,6,15.7,63.9,11.4,8.9,7.34,11.9,34.3,0,977.9,45,0.8,1.8,386,692,94,126,730,69,51,294,23,16,96
GVESTA,2009,5,20,7,17.8,54.1,11,8.4,7.08,12.5,35.8,0,978,97,0.9,2.9,554,758,118,67,753,223,67,323,33,16,96
GVESTA,2009,5,20,8,19.4,45.4,10.2,7.3,6.56,12.7,36.1,0,977.4,86,1.4,4.2,720,845,121,76,716,372,77,321,29,16,96
GVESTA,2009,5,20,9,20.9,44.6,11,8.4,7.08,13.7,39,0,977.1,72,1.9,4.6,836,871,131,86,583,489,87,307,25,16,96
GVESTA,2009,5,20,10,22.2,42.6,11.4,8.9,7.35,14.5,41,0,976.5,106,2.2,4.5,917,898,132,91,399,567,93,331,35,16,96
GVESTA,2009,5,20,11,23.8,35.4,10.4,7.6,6.7,14.5,41,0,975.9,109,2.1,4.8,904,790,198,107,191,585,201,351,48,16,96
GVESTA,2009,5,20,12,24.9,33.6,10.6,7.8,6.84,15,42.5,0,975.2,82,1.5,4.5,895,843,161,97,98,559,423,352,41,16,96
GVESTA,2009,5,20,13,26.4,32.2,11.1,8.5,7.17,15.8,44.8,0,974.5,118,2,4,828,866,130,85,86,481,590,335,13,16,96
GVESTA,2009,5,20,14,27.6,28.7,10.6,7.8,6.84,15.9,45.2,0,974,115,2.2,5.3,694,791,139,80,80,360,699,341,19,16,96
GVESTA,2009,5,20,15,28.2,27.7,10.6,7.8,6.85,16.1,45.9,0,973.5,138,1.8,6.4,529,692,135,71,71,218,710,353,29,16,96
GVESTA,2009,5,20,16,28.7,26.2,10.3,7.4,6.66,16.1,45.9,0,972.9,245,2.6,6.2,363,632,102,146,53,53,679,342,33,16,96
GVESTA,2009,5,20,17,26.7,32.5,11.4,8.9,7.38,16.1,45.7,0,972.7,90,2,4,167,305,91,140,46,45,355,371,64,16,96
GVESTA,2009,5,20,18,25,38,12,9.7,7.77,15.8,44.9,0,972.5,58,2.1,4,40,106,27,58,14,14,116,361,48,16,96
GVESTA,2009,5,20,19,24.2,36.7,11.1,8.5,7.18,15,42.6,0,972.9,53,0.6,2.2,0,0,0,0,0,0,0,331,29,16,96
GVESTA,2009,5,20,20,21.6,44.2,11.4,8.9,7.37,14.2,40.5,0,973.5,270,0.8,2,0,0,0,0,0,0,0,354,58,16,96
GVESTA,2009,5,20,21,21,49,12.2,9.9,7.89,14.5,41.2,0,973.5,315,0.4,2,0,0,0,0,0,0,0,369,78,16,96
GVESTA,2009,5,20,22,19.8,55.3,12.8,10.6,8.29,14.4,40.9,0,973.5,0,0.4,2.1,0,0,0,0,0,0,0,373,90,16,96
GVESTA,2009,5,20,23,19.1,57,12.6,10.4,8.16,14,39.9,0,973.6,263,0.8,1.9,0,0,0,0,0,0,0,347,68,16,96
GVESTA,2009,5,21,0,18.8,58.9,12.8,10.6,8.29,14,39.9,0,973.5,270,0.3,2.2,0,0,0,0,0,0,0,370,100,16,96
GVESTA,2009,5,21,1,18,63.2,13,10.9,8.41,13.8,39.4,0,974.4,243,2.1,9.1,0,0,0,0,0,0,0,379,100,16,96
GVESTA,2009,5,21,2,20.4,46.6,11.2,8.6,7.23,13.6,38.9,0,974.4,234,5.3,11,0,0,0,0,0,0,0,375,88,16,96
GVESTA,2009,5,21,3,20.8,43.1,10.6,7.8,6.84,13.4,38.3,0,974,282,1.9,7.5,0,0,0,0,0,0,0,379,100,16,96
GVESTA,2009,5,21,4,20.2,44.7,10.6,7.8,6.85,13.2,37.7,0,972.9,354,1.4,3.6,8,0,8,5,5,5,5,376,94,16,96
GVESTA,2009,5,21,5,20.3,46.9,11.2,8.6,7.25,13.6,38.8,0,972.5,180,0.5,1.5,32,2,32,19,19,17,18,380,100,16,96
GVESTA,2009,5,21,6,20.6,47,11.4,8.9,7.37,13.9,39.4,0,972.9,240,1.7,4.4,220,185,134,85,260,84,69,378,94,16,96
GVESTA,2009,5,21,7,21.7,47.3,12.3,10,7.96,14.8,42.1,0,972.9,14,1,4.4,472,456,208,102,546,227,102,367,75,16,96
GVESTA,2009,5,21,8,23.6,43.3,12.6,10.4,8.17,15.7,44.5,0,972.3,266,3.1,7.7,535,329,302,152,444,307,151,377,81,16,96
GVESTA,2009,5,21,9,24.5,43.3,13.3,11.2,8.63,16.4,46.6,0,971.7,277,2.5,5.8,697,524,265,141,460,422,140,381,81,16,96
GVESTA,2009,5,21,10,26,38.8,13,10.9,8.43,16.8,47.6,0,972,277,3.3,9.1,277,2,275,154,154,152,152,398,100,16,96
GVESTA,2009,5,21,11,26.1,37.8,12.8,10.6,8.31,16.7,47.4,0,970.9,238,3.8,8.1,618,263,383,196,225,388,261,402,100,16,96
GVESTA,2009,5,21,12,27.3,32.5,11.8,9.4,7.66,16.5,47,0,970,249,4.4,7.6,747,467,339,163,162,484,404,405,100,16,96
GVESTA,2009,5,21,13,28.4,32.6,12.6,10.4,8.19,17.3,49.5,0,969.5,263,5.3,8.4,673,435,320,155,154,418,471,400,94,16,96
GVESTA,2009,5,21,14,28.8,32.5,12.9,10.7,8.39,17.6,50.4,0,969.3,249,4.6,7.6,472,209,322,167,166,272,357,403,100,16,96
GVESTA,2009,5,21,15,28.5,36,14,12,9.12,18.1,52,0,968.9,262,5.4,9.1,267,65,228,124,123,145,189,402,100,16,96
GVESTA,2009,5,21,16,28.3,36.7,14.1,12.1,9.18,18.1,51.9,0,969,247,5.8,10,84,2,83,47,46,46,48,401,100,16,96
GVESTA,2009,5,21,17,26.5,39.7,13.7,11.7,8.91,17.3,49.4,0,969.7,246,7.1,12.4,26,0,26,14,14,14,14,401,100,16,96
GVESTA,2009,5,21,18,25,44,13.9,11.9,9.04,16.9,48.2,0,970,246,5.2,10.2,31,44,26,32,14,14,56,399,100,16,96
GVESTA,2009,5,21,19,24.7,37.9,11.8,9.4,7.65,15.6,44.3,0,970.7,248,5.9,15.2,0,0,0,0,0,0,0,396,100,16,96
GVESTA,2009,5,21,20,24.6,38.9,12,9.7,7.78,15.7,44.6,0,971.2,248,2.4,7.9,0,0,0,0,0,0,0,394,100,16,96
GVESTA,2009,5,21,21,23.1,44,12.4,10.2,8.05,15.4,43.7,0,970.1,249,3.1,8.1,0,0,0,0,0,0,0,387,100,16,96
GVESTA,2009,5,21,22,22.7,45.4,12.5,10.3,8.12,15.3,43.5,0,969.9,259,1.8,7.7,0,0,0,0,0,0,0,381,100,16,96
GVESTA,2009,5,21,23,21.7,48.9,12.7,10.5,8.26,15,42.8,0,969.5,251,4.7,9.2,0,0,0,0,0,0,0,382,100,16,96
GVESTA,2009,5,22,0,21.4,51.5,13.1,11,8.52,15.2,43.2,0,969.7,257,2.2,4.8,0,0,0,0,0,0,0,384,100,16,96
GVESTA,2009,5,22,1,21.7,51.2,13.3,11.2,8.65,15.4,43.8,0,970,227,3.3,7.7,0,0,0,0,0,0,0,384,100,16,96
GVESTA,2009,5,22,2,21.2,52.1,13.1,11,8.51,15.1,42.9,0,970.2,221,3.5,8,0,0,0,0,0,0,0,384,100,16,96
GVESTA,2009,5,22,3,21.9,46.4,12.2,9.9,7.92,14.8,42.1,0,970.6,218,1.7,4.2,0,0,0,0,0,0,0,384,100,16,96
GVESTA,2009,5,22,4,20.1,51.8,12.2,9.9,7.91,14.1,40.3,0,971.2,285,1.6,3.5,20,6,19,13,16,10,10,384,100,16,96
GVESTA,2009,5,22,5,20.6,47,11.4,8.9,7.38,13.9,39.5,0,971.7,252,2.1,5.1,115,62,98,72,117,52,53,380,94,16,96
GVESTA,2009,5,22,6,21,50.7,12.6,10.4,8.17,14.7,41.9,0,972.2,326,1.2,4.4,255,181,173,109,279,105,90,374,88,16,96
GVESTA,2009,5,22,7,22.7,41.3,11.4,8.9,7.38,14.7,41.6,0,972.1,253,2.8,5.7,433,403,198,105,483,203,104,377,69,16,96
GVESTA,2009,5,22,8,24.3,37.3,11.3,8.8,7.31,15.2,43.1,0,972.6,245,4.5,8.2,473,338,233,124,404,261,123,374,78,16,96
GVESTA,2009,5,22,9,24.9,37.7,11.9,9.5,7.7,15.7,44.7,0,972.6,228,4.7,8.3,763,670,215,114,527,461,115,370,49,16,96
GVESTA,2009,5,22,10,26.1,37.8,12.8,10.6,8.3,16.7,47.4,0,972.3,236,4.2,8.5,769,532,305,155,410,489,154,390,71,16,96
GVESTA,2009,5,22,11,26.9,38.3,13.6,11.5,8.82,17.4,49.6,0,972.5,240,3.5,7,743,408,376,183,250,483,265,398,100,16,96
GVESTA,2009,5,22,12,27.5,38.2,14,12,9.08,17.8,50.8,0,972.6,238,2.7,7.7,812,626,265,130,130,523,425,384,75,16,96
GVESTA,2009,5,22,13,27.4,38.9,14.2,12.2,9.22,17.9,51.1,0,972,240,2.3,5.8,720,552,272,133,132,445,513,396,94,16,96
GVESTA,2009,5,22,14,27.7,40.6,15.1,13.1,9.82,18.4,52.9,0,971.8,281,1.7,4.9,596,482,258,125,125,337,549,385,88,16,96
GVESTA,2009,5,22,15,28.5,39.5,15.4,13.4,10.02,18.8,54.3,0,971.6,257,2.1,5.2,485,535,183,92,92,214,607,369,65,16,96
GVESTA,2009,5,22,16,28.2,40.2,15.4,13.4,10.02,18.7,54,0,971,288,1.8,4.6,359,614,103,149,55,55,662,357,16,16,96
GVESTA,2009,5,22,17,27.9,40.9,15.4,13.4,10.02,18.6,53.6,0,971.7,59,1.5,3.6,189,452,75,175,38,38,489,338,0,16,96
GVESTA,2009,5,22,18,26.7,44.2,15.5,13.5,10.08,18.3,52.6,0,972,93,2,3.8,42,112,28,61,15,15,122,338,0,16,96
GVESTA,2009,5,22,19,24.9,47.9,15.1,13.1,9.81,17.5,50,0,972.6,38,1.6,3.1,0,0,0,0,0,0,0,336,0,16,96
GVESTA,2009,5,22,20,24.3,49.6,15.1,13.1,9.8,17.3,49.4,0,973.1,37,1.5,3.7,0,0,0,0,0,0,0,341,6,16,96
GVESTA,2009,5,22,21,22.7,56.8,15.7,13.7,10.2,17,48.8,0,972.9,56,1.4,3,0,0,0,0,0,0,0,373,66,16,96
GVESTA,2009,5,22,22,21.9,63.2,16.6,14.6,10.79,17.3,49.5,0,973.1,58,1.4,3.1,0,0,0,0,0,0,0,354,54,16,96
GVESTA,2009,5,22,23,21,66.8,16.6,14.6,10.79,16.9,48.5,0,973.1,53,1,1.6,0,0,0,0,0,0,0,328,6,16,96
GVESTA,2009,5,23,0,21.4,63.5,16.2,14.2,10.53,16.9,48.3,0,973.2,34,0.4,1.4,0,0,0,0,0,0,0,327,0,16,96
GVESTA,2009,5,23,1,21,63,15.7,13.7,10.2,16.4,47,0,973.2,90,0.2,3.8,0,0,0,0,0,0,0,328,0,16,96
GVESTA,2009,5,23,2,19.9,65.7,15.3,13.3,9.93,15.8,45.2,0,973.2,342,0.4,4.2,0,0,0,0,0,0,0,328,0,16,96
GVESTA,2009,5,23,3,19.3,66.9,15,13,9.74,15.4,44.1,0,973.2,297,0.3,3.5,0,0,0,0,0,0,0,329,0,16,96
GVESTA,2009,5,23,4,18.7,68.1,14.7,12.7,9.54,15.1,43,0,973.4,270,0.2,1.4,48,135,31,72,146,16,16,333,13,16,96
GVESTA,2009,5,23,5,18.5,71.2,15.2,13.2,9.86,15.3,43.6,0,973.6,288,0.3,2.3,197,450,78,172,489,39,39,334,6,16,96
GVESTA,2009,5,23,6,19.1,70,15.5,13.5,10.06,15.6,44.7,0,973.8,90,1,2.7,370,617,105,130,663,71,56,345,29,16,96
GVESTA,2009,5,23,7,19.9,65.3,15.2,13.2,9.86,15.8,45,0,973.6,82,1.5,4.9,548,749,113,66,739,212,66,341,25,16,96
GVESTA,2009,5,23,8,21.4,56.1,14.3,12.3,9.27,15.8,45.1,0,973.9,67,3.4,5.7,694,782,134,81,677,356,81,344,36,16,96
GVESTA,2009,5,23,9,22.5,52.8,14.4,12.4,9.34,16.3,46.4,0,973.5,74,2.2,4.8,796,772,170,99,562,463,100,367,50,16,96
GVESTA,2009,5,23,10,23.3,52.3,15,13,9.74,16.9,48.2,0,973.3,100,1.8,4.5,795,594,270,142,378,498,141,383,68,16,96
GVESTA,2009,5,23,11,24.5,51.3,15.8,13.8,10.27,17.7,50.8,0,973,105,2,4.9,634,300,365,195,246,387,233,397,84,16,96
GVESTA,2009,5,23,12,25.5,50.9,16.6,14.6,10.8,18.5,53.2,0,972.6,104,1.8,3.9,658,360,339,176,175,408,335,406,78,16,96
GVESTA,2009,5,23,13,26,49.1,16.5,14.5,10.74,18.6,53.5,0,972,121,1.8,3.9,468,144,353,187,185,272,303,408,94,16,96
GVESTA,2009,5,23,14,26.7,48,16.8,14.8,10.94,19,54.8,0,971.9,94,1.4,4.1,558,404,277,139,139,308,495,392,71,16,96
GVESTA,2009,5,23,15,27.6,43.3,16,14,10.41,18.8,54.3,0,971.8,106,1.8,4.2,377,200,261,135,134,195,339,403,100,16,96
GVESTA,2009,5,23,16,26.9,47.8,16.9,14.9,11,19.1,55.1,0,972.1,117,1.7,3,200,97,163,112,87,86,189,408,100,16,96
GVESTA,2009,5,23,17,25.8,51.7,17.2,15.1,11.2,18.8,54.5,0,972.5,104,1.3,3,96,28,89,58,49,48,77,416,100,16,96
GVESTA,2009,5,23,18,24.6,56.9,17.6,15.5,11.46,18.7,53.9,0,972.7,104,1.3,2.9,24,8,23,16,13,13,20,415,100,16,96
GVESTA,2009,5,23,19,24.2,58.3,17.6,15.5,11.46,18.5,53.5,0,972.9,45,0.9,2.2,0,0,0,0,0,0,0,411,100,16,96
GVESTA,2009,5,23,20,24.1,57.2,17.2,15.1,11.19,18.3,52.7,0,973.4,104,0.5,1.7,0,0,0,0,0,0,0,407,100,16,96
GVESTA,2009,5,23,21,23,63.5,17.8,15.7,11.58,18.3,52.6,0,974,360,0.4,3.1,0,0,0,0,0,0,0,395,94,16,96
GVESTA,2009,5,23,22,22.2,65.8,17.6,15.5,11.44,17.9,51.4,0,974.4,278,0.8,3.4,0,0,0,0,0,0,0,360,68,16,96
GVESTA,2009,5,23,23,21.7,69.6,18.1,15.9,11.77,17.9,51.7,0,974.3,270,0.9,2.8,0,0,0,0,0,0,0,373,78,16,96
GVESTA,2009,5,24,0,21.1,72.7,18.2,16,11.84,17.8,51.3,0,974.2,270,0.8,1.7,0,0,0,0,0,0,0,386,100,17,96
GVESTA,2009,5,24,1,21.7,70.5,18.3,16.1,11.9,18.1,52.1,0,974.6,315,0.6,3.3,0,0,0,0,0,0,0,395,94,17,96
GVESTA,2009,5,24,2,22.1,67.9,18.1,15.9,11.77,18.1,52.1,0,974.6,360,0.3,1.6,0,0,0,0,0,0,0,377,69,17,96
GVESTA,2009,5,24,3,21.2,69.5,17.5,15.4,11.37,17.5,50.2,0,974.6,333,0.3,1.6,0,0,0,0,0,0,0,372,28,17,96
GVESTA,2009,5,24,4,20.5,70.7,17,15,11.04,17,48.6,0,975.2,0,0.2,2.7,54,153,35,82,164,18,18,341,16,17,96
GVESTA,2009,5,24,5,20.6,72.1,17.5,15.4,11.36,17.3,49.6,0,975.4,243,0.3,3.5,169,260,101,135,316,52,52,351,53,17,96
GVESTA,2009,5,24,6,22.2,68.4,18.3,16.1,11.89,18.2,52.5,0,976,56,0.8,2.2,375,619,108,152,670,58,58,356,43,17,96
GVESTA,2009,5,24,7,23.4,62,17.8,15.7,11.56,18.4,52.9,0,975.7,68,1.1,2.4,550,715,129,75,720,222,75,354,41,17,96
GVESTA,2009,5,24,8,24.7,58.4,18.2,16,11.82,19,55,0,975.8,63,0.7,2.2,718,845,113,79,711,359,80,330,0,17,96
GVESTA,2009,5,24,9,26.7,52.2,18.3,16.1,11.89,19.7,57.2,0,975.6,127,1.2,3.1,834,866,126,90,580,477,91,333,0,17,96
GVESTA,2009,5,24,10,28.5,47,18.3,16.1,11.89,20.3,59,0,975.3,97,1.7,4.2,915,898,125,95,400,555,96,343,0,17,96
GVESTA,2009,5,24,11,30.9,38.2,17,15,11.04,20.4,59.3,0,974.7,113,1.5,4.3,930,867,149,101,178,581,186,356,0,17,96
GVESTA,2009,5,24,12,31.9,31.9,15.1,13.1,9.79,19.7,57.2,0,974.3,153,2.4,6.3,906,869,143,98,99,554,416,363,0,17,96
GVESTA,2009,5,24,13,33,27.3,13.7,11.7,8.88,19.4,55.9,0,973.7,122,2.5,4.4,819,820,152,95,95,475,585,359,0,17,96
GVESTA,2009,5,24,14,32.7,29.3,14.5,12.5,9.41,19.7,57,0,973.3,140,1.7,6,696,779,143,85,85,356,695,355,0,17,96
GVESTA,2009,5,24,15,32.6,29.3,14.4,12.4,9.34,19.6,56.7,0,973,132,1.9,4.6,544,734,122,70,71,210,740,351,0,17,96
GVESTA,2009,5,24,16,31.7,33.3,15.6,13.6,10.14,19.9,57.8,0,972.6,119,2.1,3.6,374,656,98,155,54,54,698,348,0,17,96
GVESTA,2009,5,24,17,30.6,40.1,17.6,15.5,11.46,20.6,60.1,0,973.2,84,2.1,3.8,200,490,73,188,38,38,525,345,0,17,96
GVESTA,2009,5,24,18,29.3,37.7,15.4,13.4,10,19.1,55,0,973.7,50,1.7,3.3,46,126,29,68,16,15,136,340,0,17,96
GVESTA,2009,5,24,19,29,37.4,15,13,9.73,18.8,54,0,973.7,63,0.8,2.7,0,0,0,0,0,0,0,332,0,17,96
GVESTA,2009,5,24,20,27,44.3,15.8,13.8,10.25,18.5,53.3,0,974.4,270,0.4,1.7,0,0,0,0,0,0,0,327,0,17,96
GVESTA,2009,5,24,21,25.9,46.3,15.5,13.5,10.06,18,51.7,0,974.2,297,0.4,1.7,0,0,0,0,0,0,0,323,0,17,96
GVESTA,2009,5,24,22,24.7,50.7,15.8,13.8,10.25,17.8,50.9,0,974.6,59,0.6,2.3,0,0,0,0,0,0,0,319,0,17,96
GVESTA,2009,5,24,23,23.9,52.5,15.6,13.6,10.12,17.4,49.8,0,974.3,360,0.3,2,0,0,0,0,0,0,0,320,0,17,96
GVESTA,2009,5,25,0,22.2,57.1,15.3,13.3,9.93,16.6,47.6,0,974,72,0.5,1.4,0,0,0,0,0,0,0,352,54,17,96
GVESTA,2009,5,25,1,20.8,61.4,15.1,13.1,9.79,16,45.8,0,974.3,270,0.9,2.5,0,0,0,0,0,0,0,351,40,17,96
GVESTA,2009,5,25,2,20.2,62.9,14.9,12.9,9.66,15.7,44.8,0,974.1,281,0.6,3.9,0,0,0,0,0,0,0,346,43,17,96
GVESTA,2009,5,25,3,20.8,60.6,14.9,12.9,9.66,15.9,45.5,0,974,45,0.3,1.7,0,0,0,0,0,0,0,319,6,17,96
GVESTA,2009,5,25,4,19.3,66.9,15,13,9.72,15.4,44.1,0,974.4,304,0.5,1.6,48,115,34,67,127,18,18,315,19,17,96
GVESTA,2009,5,25,5,20.7,63.8,15.6,13.6,10.12,16.3,46.5,0,974.3,104,0.5,1.5,206,472,79,182,512,40,41,325,13,17,96
GVESTA,2009,5,25,6,21.7,61.6,16,14,10.38,16.9,48.2,0,974.5,61,1.4,2.8,389,684,94,151,721,54,53,316,0,17,96
GVESTA,2009,5,25,7,23.4,49,14.1,12.1,9.13,16.4,46.8,0,974.3,93,1.8,3.3,566,785,107,67,767,211,67,318,0,17,96
GVESTA,2009,5,25,8,24.7,48.4,15.1,13.1,9.79,17.4,49.8,0,974.2,108,1.4,3.6,716,828,122,80,706,358,81,320,0,17,96
GVESTA,2009,5,25,9,26.5,41.9,14.5,12.5,9.4,17.7,50.6,0,973.5,117,1.7,3.3,831,846,139,92,579,477,93,329,0,17,96
GVESTA,2009,5,25,10,28.2,36.4,13.9,11.9,9.01,18,51.4,0,973,111,2,4.5,916,894,128,95,399,553,96,350,0,17,96
GVESTA,2009,5,25,11,29.8,33,13.8,11.8,8.96,18.4,52.9,0,972.2,115,2.9,5.6,924,847,160,103,181,577,190,376,19,17,96
GVESTA,2009,5,25,12,30.6,28,12.3,10,7.98,17.9,51.2,0,971.4,112,3.2,6.8,890,818,169,104,105,548,416,390,36,17,96
GVESTA,2009,5,25,13,31.3,25.1,11.5,9,7.46,17.7,50.6,0,970.7,108,2.3,4.9,820,825,149,94,94,471,585,364,13,17,96
GVESTA,2009,5,25,14,31.8,26.6,12.5,10.3,8.12,18.4,52.8,0,969.9,100,2.3,4.4,698,787,139,84,84,352,696,366,33,17,96
GVESTA,2009,5,25,15,32.6,18.5,9.1,5.6,5.9,16.7,47.9,0,969.2,95,2.2,4.5,531,638,157,83,83,223,675,388,56,17,96
GVESTA,2009,5,25,16,32.5,21,10.3,7.4,6.68,17.4,49.8,0,969.2,84,1.2,3.6,361,573,120,162,61,61,634,364,41,17,96
GVESTA,2009,5,25,17,31.7,28.6,13.4,11.3,8.72,18.8,54.2,0,969.1,266,4.3,9.1,196,443,83,183,42,42,485,334,19,17,96
GVESTA,2009,5,25,18,29.9,31.5,13.3,11.2,8.65,18.2,52.2,0,969.5,254,5.9,9.3,52,135,34,75,18,18,147,338,25,17,96
GVESTA,2009,5,25,19,28.6,36.5,14.3,12.3,9.31,18.3,52.5,0,969.8,233,3.6,7,0,0,0,0,0,0,0,361,59,17,96
GVESTA,2009,5,25,20,27.2,40.4,14.6,12.6,9.51,18,51.6,0,970,254,2.3,5.7,0,0,0,0,0,0,0,337,33,17,96
GVESTA,2009,5,25,21,25.5,47.1,15.4,13.4,10.03,17.8,51.2,0,970,31,0.9,2.7,0,0,0,0,0,0,0,357,54,17,96
GVESTA,2009,5,25,22,23.6,52.1,15.2,13.2,9.9,17.1,48.9,0,969.8,277,1.7,3.8,0,0,0,0,0,0,0,366,61,17,96
GVESTA,2009,5,25,23,23.7,51.4,15.1,13.1,9.84,17.1,48.9,0,969.6,252,0.7,2,0,0,0,0,0,0,0,385,100,17,96
GVESTA,2009,5,26,0,23.3,51.7,14.8,12.8,9.64,16.8,48,0,969.5,259,2,3.9,0,0,0,0,0,0,0,390,100,17,96
GVESTA,2009,5,26,1,23.1,51.6,14.6,12.6,9.51,16.6,47.4,0,969.4,255,2.7,7.1,0,0,0,0,0,0,0,378,84,17,96
GVESTA,2009,5,26,2,23.5,46.6,13.5,11.4,8.78,16.1,46,0,969.5,238,5.5,10.3,0,0,0,0,0,0,0,350,34,17,96
GVESTA,2009,5,26,3,22.7,44.5,12.3,10,7.99,15.2,43.1,0,970.1,219,4.4,8.1,0,0,0,0,0,0,0,372,79,17,96
GVESTA,2009,5,26,4,22.5,44.5,12.1,9.8,7.86,15,42.6,0,970,221,3.3,7.6,35,51,28,37,64,15,15,392,100,17,96
GVESTA,2009,5,26,5,21.9,47.7,12.5,10.3,8.12,15,42.7,0,970.5,287,2.2,4.6,184,312,98,149,366,50,50,379,71,17,96
GVESTA,2009,5,26,6,22.7,45.7,12.6,10.4,8.18,15.4,43.6,0,970.6,265,2.3,5,331,401,153,150,486,78,78,372,71,17,96
GVESTA,2009,5,26,7,23.3,45,12.9,10.7,8.38,15.7,44.7,0,970.9,276,1.2,2.9,428,360,212,109,455,208,108,377,81,17,96
GVESTA,2009,5,26,8,24.1,44.3,13.3,11.2,8.64,16.2,46.2,0,971,270,1,4.3,509,431,207,108,474,272,108,378,81,17,96
GVESTA,2009,5,26,9,24.2,43.5,13.1,11,8.5,16.2,46,0,971.9,13,2.2,7.5,116,0,116,65,65,64,64,390,100,17,96
GVESTA,2009,5,26,10,22.6,51.1,14,12,9.09,16.1,45.8,0,972.5,312,2.7,6.5,155,0,155,88,87,85,86,389,100,17,96
GVESTA,2009,5,26,11,21.5,54.7,14,12,9.09,15.7,44.7,0,972,324,2.4,5.3,307,7,301,170,168,170,170,389,100,17,96
GVESTA,2009,5,26,12,21.9,52.3,13.7,11.7,8.89,15.7,44.6,0,972.7,204,1.4,4.6,165,0,165,93,92,90,92,387,100,17,96
GVESTA,2009,5,26,13,20.6,54.1,13.1,11,8.49,14.9,42.3,0,972.5,11,1.9,6.8,220,0,220,124,123,121,123,385,100,17,96
GVESTA,2009,5,26,14,20.3,51.6,12.3,10,7.97,14.3,40.6,0,972.8,344,3.6,8,96,0,96,54,54,53,54,383,100,17,96
GVESTA,2009,5,26,15,18.9,55.9,12.2,9.9,7.9,13.7,39,0.2,972.7,341,3.1,8,45,0,45,25,25,25,25,381,100,17,96
GVESTA,2009,5,26,16,18.1,60.3,12.5,10.3,8.09,13.6,38.7,0.2,973.5,236,1.3,4.7,37,0,37,21,21,21,21,378,100,17,96
GVESTA,2009,5,26,17,17.5,67.4,13.5,11.4,8.74,13.9,39.7,0,974.5,217,1.7,4.7,19,0,19,11,11,11,11,376,100,17,96
GVESTA,2009,5,26,18,17.8,63.1,12.9,10.7,8.34,13.6,39,0,974.9,222,2.1,7.5,11,0,11,6,6,6,6,374,100,17,96
GVESTA,2009,5,26,19,16.8,70,13.4,11.3,8.65,13.6,38.8,3.8,976.8,260,2.6,6.6,0,0,0,0,0,0,0,371,100,17,96
GVESTA,2009,5,26,20,15.7,81.8,14.6,12.6,9.43,13.8,39.6,3.1,977.7,242,3.2,6.8,0,0,0,0,0,0,0,369,100,17,96
GVESTA,2009,5,26,21,15.8,75.1,13.5,11.4,8.7,13.2,37.9,0.9,978.4,345,2,6.4,0,0,0,0,0,0,0,366,100,17,96
GVESTA,2009,5,26,22,15.4,70.2,12.3,10,7.91,12.3,35.5,0,979.2,356,1.8,8.9,0,0,0,0,0,0,0,364,100,17,96
GVESTA,2009,5,26,23,14.1,64.9,10.4,7.6,6.67,10.6,31,0,979.7,350,3.9,8.5,0,0,0,0,0,0,0,361,100,17,96
GVESTA,2009,5,27,0,13.9,65.7,10.4,7.6,6.67,10.5,30.8,0,980.5,20,3.3,8.2,0,0,0,0,0,0,0,359,100,17,96
GVESTA,2009,5,27,1,13.3,61.7,9.4,6.1,6.02,9.5,28.6,0,980.5,5,3.3,8.3,0,0,0,0,0,0,0,358,100,17,96
GVESTA,2009,5,27,2,14,58.1,9.3,5.9,5.96,9.8,29.1,0,980.5,12,2.1,5.7,0,0,0,0,0,0,0,357,78,17,96
GVESTA,2009,5,27,3,13.4,59.2,9.1,5.6,5.83,9.4,28.2,0,980.6,14,2.1,5.1,0,0,0,0,0,0,0,351,78,17,96
GVESTA,2009,5,27,4,12.7,63.2,9.3,5.9,5.95,9.2,27.8,0,980.8,45,0.9,2.6,52,110,41,72,125,22,22,340,55,17,96
GVESTA,2009,5,27,5,13.4,59.2,9.1,5.6,5.82,9.4,28.2,0,981.4,45,1.1,3,204,414,84,165,459,44,44,335,53,17,96
GVESTA,2009,5,27,6,14.1,57.7,9.3,5.9,5.95,9.8,29.2,0,981.7,67,2.3,4.4,314,333,179,168,436,93,93,329,61,17,96
GVESTA,2009,5,27,7,14.6,60.3,10,7,6.4,10.5,30.9,0,982.1,88,2.8,5.6,538,611,177,91,668,235,91,328,39,17,96
GVESTA,2009,5,27,8,15.4,53.8,9.4,6.1,6.01,10.5,30.7,0,982.1,83,4.1,8.7,741,850,129,85,732,369,86,321,29,17,96
GVESTA,2009,5,27,9,16,51.8,9.4,6.1,6.01,10.7,31.3,0,982.3,76,4.3,10.7,779,645,251,131,551,467,131,338,56,17,96
GVESTA,2009,5,27,10,17.2,49.3,9.7,6.5,6.21,11.4,33,0,982,72,4.6,8.8,928,877,153,104,424,564,105,333,29,17,96
GVESTA,2009,5,27,11,18,47.9,9.9,6.8,6.34,11.9,34.2,0,981.8,90,4,7.4,950,867,165,108,195,591,193,326,6,17,96
GVESTA,2009,5,27,12,18.9,43.4,9.5,6.2,6.08,12,34.4,0,981.9,77,4,7.9,933,877,159,105,106,569,432,333,46,17,96
GVESTA,2009,5,27,13,19.4,41.8,9.4,6.1,6.01,12.2,34.8,0,981.9,77,3.7,7.3,856,889,128,93,94,481,604,330,23,17,96
GVESTA,2009,5,27,14,19.7,40.2,9.2,5.8,5.88,12.2,34.7,0,981.7,80,4,7.2,692,717,178,98,98,361,671,340,64,17,96
GVESTA,2009,5,27,15,20,38.6,9,5.5,5.76,12.1,34.7,0,981.2,75,3.3,6.5,551,702,142,78,78,218,726,330,55,17,96
GVESTA,2009,5,27,16,20.2,36.9,8.7,5,5.56,12,34.4,0,981.4,78,2.9,6,370,594,121,172,64,64,655,324,54,17,96
GVESTA,2009,5,27,17,19.7,37,8.5,4.6,5.43,11.7,33.6,0,981.5,29,2.9,9.6,190,366,95,171,49,48,417,331,68,17,96
GVESTA,2009,5,27,18,18,39.7,8.2,4.1,5.24,10.8,31.4,0,981.9,3,3.3,7.2,53,134,35,76,19,18,147,340,64,17,96
GVESTA,2009,5,27,19,17,42.3,8.2,4.1,5.24,10.3,30.4,0,982.4,4,2.6,6,0,0,0,0,0,0,0,351,90,17,96
GVESTA,2009,5,27,20,17.2,41.7,8.2,4.1,5.23,10.4,30.5,0,982.7,27,1.9,5.3,0,0,0,0,0,0,0,359,100,17,96
GVESTA,2009,5,27,21,17.2,46,9,5.5,5.75,11,31.8,0,983.3,94,1.6,3.3,0,0,0,0,0,0,0,349,71,17,96
GVESTA,2009,5,27,22,16.2,45.1,8.3,4.3,5.29,10.1,29.7,0,983.6,61,2.1,6.1,0,0,0,0,0,0,0,343,71,17,96
GVESTA,2009,5,27,23,15.1,46.7,8,3.8,5.1,9.4,28.1,0,983.6,28,2,3.7,0,0,0,0,0,0,0,354,100,17,96
GVESTA,2009,5,28,0,16.3,47.4,8.8,5.1,5.61,10.4,30.6,0,983.7,45,1,2.5,0,0,0,0,0,0,0,350,81,16,96
GVESTA,2009,5,28,1,16.2,48.4,8.9,5.3,5.68,10.5,30.7,0,983.4,74,1,2.9,0,0,0,0,0,0,0,354,100,16,96
GVESTA,2009,5,28,2,15.4,53.1,9.3,5.9,5.94,10.4,30.5,0,983.6,54,1.4,2.7,0,0,0,0,0,0,0,355,100,16,96
GVESTA,2009,5,28,3,15.7,52.8,9.4,6.1,6,10.6,31,0,983.3,18,0.6,1.8,0,0,0,0,0,0,0,352,94,16,96
GVESTA,2009,5,28,4,15.4,53.8,9.4,6.1,6,10.5,30.7,0,983.6,32,1,2.1,23,10,22,16,22,12,12,353,100,16,96
GVESTA,2009,5,28,5,15.8,52.8,9.5,6.2,6.07,10.7,31.2,0,983.6,36,1.3,3.2,189,339,90,149,388,46,46,340,71,16,96
GVESTA,2009,5,28,6,16.5,50.5,9.5,6.2,6.07,11,31.9,0,983.7,68,3.1,5.4,383,637,105,157,681,56,56,326,36,16,96
GVESTA,2009,5,28,7,16.9,46.9,9,5.5,5.74,10.9,31.5,0,983.8,84,2.8,5.1,572,785,110,67,767,207,67,320,6,16,96
GVESTA,2009,5,28,8,17.3,43,8.5,4.6,5.42,10.7,31.1,0,983.9,92,2.4,5.7,717,829,120,79,702,348,79,320,25,16,96
GVESTA,2009,5,28,9,18.6,36.9,7.9,3.6,5.03,10.8,31.5,0,983.9,94,2.9,5.6,827,830,144,92,572,466,92,324,26,16,96
GVESTA,2009,5,28,10,19.9,40.5,9.4,6.1,6,12.4,35.2,0,983.9,76,3.9,6.7,908,869,139,96,401,541,97,327,6,16,96
GVESTA,2009,5,28,11,21,40.3,10,7,6.39,13.2,37.3,0,983.4,60,3.3,7.1,937,875,144,99,178,569,177,337,33,16,96
GVESTA,2009,5,28,12,21.7,39.7,10.3,7.4,6.59,13.6,38.6,0,983.2,61,4.2,7.4,905,847,156,100,100,543,411,349,44,16,96
GVESTA,2009,5,28,13,22.1,38.7,10.3,7.4,6.59,13.8,39,0,983.2,72,4.6,7.2,790,719,201,106,106,460,561,364,50,16,96
GVESTA,2009,5,28,14,22.6,39.4,10.8,8.1,6.91,14.3,40.3,0,982.9,68,4.4,7.4,669,669,189,97,97,349,643,361,50,16,96
GVESTA,2009,5,28,15,22.9,38.9,10.9,8.2,6.98,14.4,40.8,0,982.7,69,5.2,9,517,593,170,85,85,217,645,364,58,16,96
GVESTA,2009,5,28,16,22.4,41.8,11.3,8.8,7.24,14.5,40.9,0,982.2,68,6,9.9,353,513,135,167,67,67,584,359,55,16,96
GVESTA,2009,5,28,17,21.4,45,11.5,9,7.37,14.2,40.2,0,982.3,68,5.2,9.3,194,389,88,169,45,44,435,359,59,16,96
GVESTA,2009,5,28,18,20.8,47.4,11.6,9.2,7.43,14.1,39.8,0,982.3,62,5.7,9.6,52,144,34,81,18,18,154,363,54,16,96
GVESTA,2009,5,28,19,19.1,51.2,11.3,8.8,7.24,13.2,37.6,0,982.7,56,5.4,9.9,0,0,0,0,0,0,0,358,53,16,96
GVESTA,2009,5,28,20,18.4,52.1,11,8.4,7.04,12.8,36.3,0,983.3,54,5.1,9,0,0,0,0,0,0,0,358,64,16,96
GVESTA,2009,5,28,21,17.7,53.7,10.9,8.2,6.98,12.4,35.5,0,982.8,53,5.3,12.6,0,0,0,0,0,0,0,360,68,16,96
GVESTA,2009,5,28,22,17.7,55.9,11.3,8.8,7.24,12.7,36.1,0,982.6,57,8,12.5,0,0,0,0,0,0,0,351,46,16,96
GVESTA,2009,5,28,23,18,57.5,11.9,9.5,7.63,13.1,37.4,0,982.3,66,6.3,11.7,0,0,0,0,0,0,0,332,40,16,96
GVESTA,2009,5,29,0,18.1,60.3,12.5,10.3,8.02,13.6,38.5,0,982,69,5.8,12.2,0,0,0,0,0,0,0,318,0,16,96
GVESTA,2009,5,29,1,17.6,60.2,12.1,9.8,7.76,13.1,37.4,0,981.6,58,6.7,11.7,0,0,0,0,0,0,0,318,0,16,96
GVESTA,2009,5,29,2,17.3,59.7,11.8,9.4,7.57,12.8,36.6,0,981.4,66,5.9,12.1,0,0,0,0,0,0,0,319,0,16,96
GVESTA,2009,5,29,3,17,64.2,12.4,10.2,7.96,13.1,37.3,0,980.8,75,5.3,11.1,0,0,0,0,0,0,0,339,13,16,96
GVESTA,2009,5,29,4,16,68.4,12.4,10.2,7.96,12.7,36.2,0,981,78,5.4,9.9,59,169,37,92,180,19,19,345,35,16,96
GVESTA,2009,5,29,5,16.6,66.3,12.5,10.3,8.03,13,37,0,981.1,79,4.8,9.4,216,516,75,197,550,39,39,313,0,16,96
GVESTA,2009,5,29,6,17,65.1,12.6,10.4,8.09,13.2,37.6,0,980.9,74,5.6,11.5,393,680,97,160,716,54,54,307,0,16,96
GVESTA,2009,5,29,7,17.9,61.5,12.6,10.4,8.1,13.5,38.5,0,980.3,71,7.3,12.3,558,735,124,70,733,209,71,330,0,16,96
GVESTA,2009,5,29,8,19,58.6,12.9,10.7,8.3,14.1,40.2,0,979.6,67,7.8,14.7,721,828,124,80,706,348,80,343,0,16,96
GVESTA,2009,5,29,9,19.9,55.4,12.9,10.7,8.3,14.5,41.1,0,979.4,64,9.7,14.9,818,789,169,98,571,466,99,349,25,16,96
GVESTA,2009,5,29,10,20.7,50.3,12.3,10,7.92,14.4,40.9,0,978.8,67,9.8,15.5,894,814,172,104,406,538,105,333,25,16,96
GVESTA,2009,5,29,11,21.6,46.6,12,9.7,7.73,14.6,41.4,0,977.9,66,10.5,16.3,933,843,168,104,190,571,186,309,19,16,96
GVESTA,2009,5,29,12,22.3,42.1,11.3,8.8,7.27,14.5,40.9,0,977.7,68,9.8,17.1,918,872,147,97,98,545,419,314,13,16,96
GVESTA,2009,5,29,13,22.8,39.2,10.9,8.2,7.02,14.4,40.8,0,977.2,66,9.4,15.2,854,893,122,87,88,468,595,311,0,16,96
GVESTA,2009,5,29,14,23.2,34.8,9.9,6.8,6.37,13.9,39.5,0,976.8,64,9.2,16.8,723,842,119,78,79,345,715,303,0,16,96
GVESTA,2009,5,29,15,22.9,31.9,8.9,5.3,5.72,13.2,37.6,0,975.9,68,8.6,16.5,565,766,116,68,68,202,759,300,0,16,96
GVESTA,2009,5,29,16,22,34.2,9,5.5,5.8,12.9,36.9,0,974.8,68,9.5,17.6,390,666,103,167,55,55,708,297,0,16,96
GVESTA,2009,5,29,17,21.2,28.6,7.2,2.3,4.63,11.4,33.1,0,975.1,63,10.5,16.9,215,507,78,201,40,39,543,299,0,16,96
GVESTA,2009,5,29,18,19.9,25,5.8,-0.7,3.72,9.9,29.5,0,974.5,58,10.8,21.6,59,177,36,96,19,19,186,318,6,16,96
GVESTA,2009,5,29,19,18.9,24.3,5.3,-1.9,3.4,9.1,27.6,0,974.9,62,10.2,18.8,0,0,0,0,0,0,0,350,0,16,96
GVESTA,2009,5,29,20,18.3,21.9,4.6,-3.8,2.95,8.3,25.9,0,975,64,8.8,16.9,0,0,0,0,0,0,0,363,0,16,96
GVESTA,2009,5,29,21,17.9,26.9,5.5,-1.4,3.53,8.8,26.9,0,974.9,68,7.4,17.3,0,0,0,0,0,0,0,359,0,16,96
GVESTA,2009,5,29,22,16.8,31.9,6.1,0,3.92,8.8,26.8,0,974.7,64,8.3,16.2,0,0,0,0,0,0,0,355,0,16,96
GVESTA,2009,5,29,23,15.6,36.8,6.5,0.9,4.18,8.6,26.3,0,973.9,59,10.2,18.2,0,0,0,0,0,0,0,351,6,16,96
GVESTA,2009,5,30,0,15.3,40.3,7,1.9,4.5,8.8,26.8,0,974.3,60,7.1,14.6,0,0,0,0,0,0,0,277,0,16,96
GVESTA,2009,5,30,1,14.8,44.1,7.4,2.7,4.76,8.8,26.9,0,974.2,62,6.3,13.5,0,0,0,0,0,0,0,280,0,16,96
GVESTA,2009,5,30,2,14.5,46.6,7.7,3.2,4.96,8.9,27.1,0,974.1,69,6.5,12.3,0,0,0,0,0,0,0,283,0,16,96
GVESTA,2009,5,30,3,13.8,48.7,7.7,3.2,4.96,8.6,26.4,0,974,57,4.7,10.4,0,0,0,0,0,0,0,286,0,16,96
GVESTA,2009,5,30,4,13.2,49.9,7.6,3,4.89,8.2,25.6,0,974.3,55,4.8,10,64,196,38,105,205,19,19,281,0,16,96
GVESTA,2009,5,30,5,13.1,52.5,7.9,3.6,5.08,8.4,26,0,974.6,63,5,10.2,221,509,82,202,547,41,41,303,13,16,96
GVESTA,2009,5,30,6,13.7,50.4,7.9,3.6,5.08,8.7,26.6,0,974.8,66,5.1,9.4,398,675,102,164,715,55,54,306,0,16,96
GVESTA,2009,5,30,7,14.4,47.5,7.8,3.4,5.02,8.9,27.2,0,974.9,73,4.9,8.4,576,787,110,66,767,203,66,302,0,16,96
GVESTA,2009,5,30,8,15.3,46.5,8.1,3.9,5.21,9.5,28.6,0,974.8,68,5.2,9.7,729,840,121,78,710,348,78,320,6,16,96
GVESTA,2009,5,30,9,16.4,43.9,8.2,4.1,5.28,10.1,29.8,0,974.5,69,5.5,9.6,800,720,209,108,564,461,108,334,44,16,96
GVESTA,2009,5,30,10,17.1,43.2,8.4,4.5,5.41,10.5,30.9,0,974.5,71,4.9,9.1,669,350,358,183,348,408,182,346,68,16,96
GVESTA,2009,5,30,11,19.2,38.1,8.5,4.6,5.48,11.5,33.2,0,974.1,82,4.3,8.2,726,392,370,190,271,447,224,356,71,16,96
GVESTA,2009,5,30,12,19,40,8.8,5.1,5.67,11.6,33.5,0,973.9,63,4,7.7,580,160,438,229,227,345,323,350,81,16,96
GVESTA,2009,5,30,13,18.9,41.4,9,5.5,5.8,11.7,33.7,0,973.8,61,3.3,5.7,298,9,290,162,160,163,166,378,100,16,96
GVESTA,2009,5,30,14,19.5,41.5,9.4,6.1,6.07,12.2,35,0,973.3,61,1.9,5.7,631,553,237,118,118,331,586,347,64,16,96
GVESTA,2009,5,30,15,20.3,41.2,9.8,6.7,6.33,12.8,36.5,0,973.1,73,3.1,8.7,354,240,217,114,113,165,348,347,75,16,96
GVESTA,2009,5,30,16,19.1,46.6,10.3,7.4,6.66,12.6,36.1,0,972.7,75,3,4.9,298,276,173,144,89,88,370,359,88,16,96
GVESTA,2009,5,30,17,18.3,57.6,12.1,9.8,7.84,13.4,38.3,0,972.4,75,4.3,7.4,108,36,97,65,53,52,90,378,100,16,96
GVESTA,2009,5,30,18,17.3,59.3,11.7,9.3,7.57,12.7,36.6,0,972.9,66,4.9,7.8,10,0,10,6,6,5,6,377,100,16,96
GVESTA,2009,5,30,19,15.8,63.1,11.3,8.8,7.31,11.9,34.4,0,973.4,46,3.9,8.4,0,0,0,0,0,0,0,366,90,16,96
GVESTA,2009,5,30,20,15.7,60.6,10.8,8.1,6.98,11.5,33.4,0,973.6,34,2.7,5.2,0,0,0,0,0,0,0,346,43,16,96
GVESTA,2009,5,30,21,16.6,56,10.6,7.8,6.85,11.7,34,0,973.6,315,1.3,3.5,0,0,0,0,0,0,0,353,36,16,96
GVESTA,2009,5,30,22,16.9,54.6,10.5,7.7,6.78,11.8,34.2,0,973.8,225,0.3,1.6,0,0,0,0,0,0,0,332,0,16,96
GVESTA,2009,5,30,23,16.2,58.3,10.7,8,6.91,11.7,33.8,0,973.7,315,0.3,2.9,0,0,0,0,0,0,0,324,6,16,96
GVESTA,2009,5,31,0,14.3,64.5,10.5,7.7,6.78,10.7,31.5,0,973.9,27,0.3,3,0,0,0,0,0,0,0,339,50,13,96
GVESTA,2009,5,31,1,14.6,63.2,10.5,7.7,6.78,10.9,31.8,0,973.7,315,0.2,4.1,0,0,0,0,0,0,0,334,20,13,96
GVESTA,2009,5,31,2,13.8,64.8,10.2,7.3,6.58,10.3,30.5,0,973.8,270,0.4,2.1,0,0,0,0,0,0,0,337,0,13,96
GVESTA,2009,5,31,3,12.9,68.7,10.2,7.3,6.58,9.9,29.6,0,973.9,279,0.7,2.1,0,0,0,0,0,0,0,334,26,13,96
GVESTA,2009,5,31,4,13,68.3,10.2,7.3,6.58,10,29.7,0,974.1,34,0.6,1.9,53,124,35,71,136,17,17,338,30,13,96
GVESTA,2009,5,31,5,14.4,65.8,10.8,8.1,6.97,11,32.1,0,973.9,315,0.3,1.4,216,487,80,190,521,37,37,299,0,13,96
GVESTA,2009,5,31,6,15,66.4,11.3,8.8,7.3,11.6,33.5,0,973.9,69,1.1,5.6,399,697,93,155,722,46,46,292,0,13,96
GVESTA,2009,5,31,7,15.9,58.6,10.6,7.8,6.85,11.5,33.3,0,973.5,67,4.1,7.7,577,798,105,57,764,190,57,294,0,13,96
GVESTA,2009,5,31,8,16.6,55.6,10.5,7.7,6.78,11.7,33.9,0,973.2,66,4.5,8.6,748,859,127,69,719,347,70,295,0,13,96
GVESTA,2009,5,31,9,18,52,10.7,8,6.92,12.4,35.6,0,972.9,64,5.1,8.7,871,895,133,77,587,465,77,297,0,13,96
GVESTA,2009,5,31,10,19.6,46.4,10.6,7.8,6.85,13,37.1,0,972.5,64,4.7,9.1,932,911,122,79,387,526,80,299,0,13,96
GVESTA,2009,5,31,11,20.9,41.4,10.2,7.3,6.59,13.3,37.8,0,972.3,72,4.5,8.3,943,885,138,83,159,548,162,300,0,13,96
GVESTA,2009,5,31,12,21.7,40.5,10.5,7.7,6.8,13.7,39.1,0,971.5,65,5.7,9.7,906,846,156,85,85,522,398,301,0,13,96
GVESTA,2009,5,31,13,22.9,38.4,10.7,8,6.93,14.3,40.7,0,970.9,63,5.9,9.9,828,823,151,80,81,447,567,300,0,13,96
GVESTA,2009,5,31,14,23.3,34.5,9.9,6.8,6.41,14,39.7,0,970.5,80,5,8.9,704,772,148,74,74,334,674,299,0,13,96
GVESTA,2009,5,31,15,23.7,32.1,9.4,6.1,6.08,13.8,39.3,0,970.5,68,6.3,11.9,542,671,148,69,69,200,690,299,6,13,96
GVESTA,2009,5,31,16,22.7,33.2,9.2,5.7,5.94,13.3,37.9,0,970.6,66,7.2,11.5,379,606,115,163,53,53,653,298,0,13,96
GVESTA,2009,5,31,17,22,33.9,8.9,5.3,5.78,12.8,36.8,0,970.8,65,7.1,11.4,215,511,77,199,36,35,541,297,0,13,96
GVESTA,2009,5,31,18,20.9,36.2,8.9,5.3,5.76,12.4,35.7,0,971.2,55,6.7,10.8,64,196,39,106,19,19,204,295,0,13,96
GVESTA,2009,5,31,19,20,38.8,9,5.4,5.81,12.1,34.8,0,971.5,57,6,11,0,0,0,0,0,0,0,293,0,13,96
GVESTA,2009,5,31,20,19.3,41.3,9.2,5.7,5.92,11.9,34.4,0,972,53,5.1,10,0,0,0,0,0,0,0,290,0,13,96
GVESTA,2009,5,31,21,18.6,44.6,9.5,6.1,6.12,11.9,34.3,0,972.9,46,4.4,7.3,0,0,0,0,0,0,0,287,0,13,96
GVESTA,2009,5,31,22,18,47.9,9.8,6.6,6.32,11.8,34.1,0,973.8,44,3.2,6.1,0,0,0,0,0,0,0,284,0,13,96
GVESTA,2009,5,31,23,17.5,52,10.3,7.3,6.64,11.9,34.4,0,975,53,4.2,8,0,0,0,0,0,0,0,281,0,13,96
GVESTA,2019,6,1,0,16.9,56,10.7,7.9,6.9,12,34.5,0,976.1,281,0.6,1.2,0,0,0,0,0,0,0,299,0,16,96
GVESTA,2019,6,1,1,16.4,60.2,11.1,8.4,7.15,12,34.5,0,977.2,326,0.5,0.9,0,0,0,0,0,0,0,297,0,15,96
GVESTA,2019,6,1,2,15.9,63.6,11.4,8.8,7.32,11.9,34.5,0,978,307,0.6,1.7,0,0,0,0,0,0,0,298,0,15,96
GVESTA,2019,6,1,3,15.6,66.7,11.8,9.3,7.56,12.1,34.8,0,978.7,360,0.5,1.3,0,0,0,0,0,0,0,299,0,15,96
GVESTA,2019,6,1,4,15,69.7,11.9,9.5,7.65,11.9,34.5,0,979.1,326,0.5,1,0,0,0,0,0,0,0,300,0,15,96
GVESTA,2019,6,1,5,15.3,69.5,12,9.7,7.74,12.1,34.9,0,979.1,326,0.4,1.3,70,281,35,142,281,17,18,304,6,15,96
GVESTA,2019,6,1,6,15.6,69.7,12.3,10,7.9,12.4,35.6,0,979.2,18,0.4,1.1,227,579,66,213,602,34,34,301,0,15,96
GVESTA,2019,6,1,7,17.2,64.8,12.6,10.4,8.08,13.2,37.7,0,979.2,29,1,2.2,407,750,77,156,763,47,46,302,0,15,96
GVESTA,2019,6,1,8,19.2,55.9,12.4,10.2,7.98,13.9,39.5,0,979.2,59,1.4,4,583,843,83,58,790,182,59,305,0,15,96
GVESTA,2019,6,1,9,20.5,52,12.5,10.3,8.04,14.5,41,0,979,61,2.7,5.4,730,866,103,72,711,332,72,308,0,15,96
GVESTA,2019,6,1,10,21.5,50.8,13,10.9,8.37,15.2,42.9,0,979,64,2.8,6.2,844,878,119,82,573,451,83,311,0,15,96
GVESTA,2019,6,1,11,23.2,45.9,13,10.9,8.37,15.8,44.6,0,978.6,50,3.6,6.2,923,909,115,87,389,526,88,313,0,15,96
GVESTA,2019,6,1,12,24.2,42,12.7,10.5,8.18,15.9,45.2,0,977.9,67,3,5.1,958,944,98,86,153,549,154,320,0,15,96
GVESTA,2019,6,1,13,25.4,40.5,13.1,11,8.45,16.6,47.1,0,977.2,39,2.3,4.6,925,918,109,86,86,523,390,327,0,15,96
GVESTA,2019,6,1,14,25.9,35.5,11.9,9.5,7.67,16.1,45.6,0,976.6,57,3,6.3,847,898,107,80,81,446,577,326,0,15,96
GVESTA,2019,6,1,15,26.6,36.5,12.7,10.5,8.2,16.8,47.7,0,976.1,53,2.9,5.7,726,861,103,72,72,329,709,326,0,15,96
GVESTA,2019,6,1,16,26.9,34.2,12.1,9.8,7.81,16.6,47,0,975.7,59,2.9,6.2,567,786,104,62,62,188,761,326,0,15,96
GVESTA,2019,6,1,17,27.2,36.6,13.2,11.1,8.53,17.3,49.1,0,975.3,29,2.2,3.7,404,751,77,160,46,46,765,325,0,15,96
GVESTA,2019,6,1,18,27,34.4,12.3,10,7.94,16.7,47.4,0,975.3,42,2.4,3.8,225,586,64,214,33,33,606,335,0,15,96
GVESTA,2019,6,1,19,25.7,40.5,13.4,11.3,8.67,16.8,47.9,0,975.1,18,1.1,2.2,67,247,35,127,18,18,250,341,25,15,96
GVESTA,2019,6,1,20,25.2,44.9,14.4,12.4,9.32,17.2,49.1,0,975.4,27,0.4,1.5,0,0,0,0,0,0,0,316,0,15,96
GVESTA,2019,6,1,21,23.3,52.7,15.1,13.1,9.78,16.9,48.3,0,975.9,360,0.4,0.9,0,0,0,0,0,0,0,313,0,15,96
GVESTA,2019,6,1,22,22.1,56.7,15.1,13.1,9.77,16.5,47.1,0,976,284,0.6,1.4,0,0,0,0,0,0,0,311,0,15,96
GVESTA,2019,6,1,23,21.1,59.5,14.9,12.9,9.64,16,45.7,0,975.9,252,0.4,0.9,0,0,0,0,0,0,0,308,0,15,96
GVESTA,2019,6,2,0,19.6,64.8,14.8,12.8,9.58,15.4,44,0,975.8,333,0.5,1.1,0,0,0,0,0,0,0,305,0,15,96
GVESTA,2019,6,2,1,18.5,67.6,14.4,12.4,9.32,14.8,42.2,0,975.6,323,0.7,1.9,0,0,0,0,0,0,0,303,0,15,96
GVESTA,2019,6,2,2,17.7,69.2,14,12,9.06,14.3,40.7,0,975.6,338,0.7,1.6,0,0,0,0,0,0,0,304,0,15,96
GVESTA,2019,6,2,3,17.1,69.6,13.6,11.5,8.79,13.8,39.5,0,975.5,326,0.5,1.5,0,0,0,0,0,0,0,304,0,15,96
GVESTA,2019,6,2,4,15.7,73.1,13,10.9,8.4,12.9,37,0,975.7,297,0.7,2.2,0,0,0,0,0,0,0,305,0,15,96
GVESTA,2019,6,2,5,15.1,75,12.9,10.7,8.33,12.6,36.2,0,975.9,329,0.6,1.6,69,258,36,132,260,18,18,314,0,15,96
GVESTA,2019,6,2,6,17,71.9,13.9,11.9,8.99,14,39.8,0,976,349,0.6,1.3,229,585,66,216,608,35,35,305,0,15,96
GVESTA,2019,6,2,7,18.9,69.9,15.3,13.3,9.91,15.5,44.1,0,975.9,270,0.5,1.7,408,746,79,160,762,48,48,307,0,15,96
GVESTA,2019,6,2,8,20.7,59.8,14.6,12.6,9.45,15.7,44.8,0,975.8,101,0.7,2.3,583,837,86,60,788,183,60,309,0,15,96
GVESTA,2019,6,2,9,22.9,55.1,15.4,13.4,9.98,16.9,48.4,0,975.4,153,1.2,3.3,741,903,86,70,723,328,71,311,0,15,96
GVESTA,2019,6,2,10,24.3,50.6,15.4,13.4,9.98,17.4,49.9,0,975.2,72,1.7,3.6,861,931,91,80,579,447,81,314,0,15,96
GVESTA,2019,6,2,11,26.2,48.2,16.4,14.4,10.64,18.6,53.5,0,974.7,73,2.2,4.5,934,937,100,86,387,525,87,318,0,15,96
GVESTA,2019,6,2,12,27.5,40.8,15,13,9.73,18.3,52.5,0,973.9,105,1.7,4.4,961,946,98,88,153,551,159,328,0,15,96
GVESTA,2019,6,2,13,29.2,34.8,14.1,12.1,9.14,18.4,52.7,0,973.3,235,2.4,6.2,928,920,110,87,88,525,393,340,0,15,96
GVESTA,2019,6,2,14,30.4,27.2,11.8,9.4,7.64,17.5,50.1,0,972.6,230,3.3,6.8,842,869,124,85,85,450,577,351,0,15,96
GVESTA,2019,6,2,15,30.6,22,9.7,6.5,6.27,16.4,46.8,0,972.2,200,2.5,6.9,719,823,123,77,77,334,699,334,0,15,96
GVESTA,2019,6,2,16,30.8,22.1,9.8,6.7,6.34,16.5,47.2,0,971.8,207,2,5.4,570,787,104,63,64,189,762,333,0,15,96
GVESTA,2019,6,2,17,31.1,22.3,10.1,7.1,6.53,16.8,48,0,971.5,228,1.9,4.8,400,719,85,164,49,49,741,333,0,15,96
GVESTA,2019,6,2,18,29.2,34.8,14.1,12.1,9.16,18.4,52.8,0,971.6,247,1.6,4.5,227,592,64,219,34,34,612,332,0,15,96
GVESTA,2019,6,2,19,27.2,42.6,15.4,13.4,10.01,18.4,52.9,0,971.9,360,1.5,4.5,70,263,35,134,18,18,264,328,0,15,96
GVESTA,2019,6,2,20,25.8,46.6,15.5,13.5,10.08,18,51.6,0,972.3,31,0.6,2.1,0,0,0,0,0,0,0,320,0,15,96
GVESTA,2019,6,2,21,24.3,51.6,15.7,13.7,10.2,17.6,50.4,0,972.8,338,0.7,1.7,0,0,0,0,0,0,0,316,0,15,96
GVESTA,2019,6,2,22,22.9,53.3,14.9,12.9,9.67,16.7,47.6,0,973.1,360,0.7,1.6,0,0,0,0,0,0,0,313,0,15,96
GVESTA,2019,6,2,23,21.6,56.2,14.5,12.5,9.41,16,45.6,0,973.3,326,0.6,2.1,0,0,0,0,0,0,0,310,0,15,96
GVESTA,2019,6,3,0,20.6,59.3,14.4,12.4,9.34,15.6,44.4,0,973.3,360,0.6,1.6,0,0,0,0,0,0,0,307,0,15,96
GVESTA,2019,6,3,1,20.1,60.4,14.2,12.2,9.21,15.3,43.6,0,973.3,333,0.3,1.2,0,0,0,0,0,0,0,306,0,16,96
GVESTA,2019,6,3,2,19.1,62.6,13.8,11.8,8.94,14.7,41.9,0,973.4,333,0.5,1.4,0,0,0,0,0,0,0,307,0,16,96
GVESTA,2019,6,3,3,18.5,63.7,13.6,11.5,8.81,14.3,40.9,0,973.3,360,0.4,1.5,0,0,0,0,0,0,0,308,0,16,96
GVESTA,2019,6,3,4,17.3,68.3,13.5,11.4,8.75,13.8,39.6,0,973.4,346,0.5,1.5,0,0,0,0,0,0,0,309,0,16,96
GVESTA,2019,6,3,5,17.2,68.2,13.4,11.3,8.68,13.7,39.3,0,973.4,256,0.7,2.2,69,251,36,130,254,19,19,310,0,16,96
GVESTA,2019,6,3,6,19.1,65.6,14.5,12.5,9.4,15.1,43.1,0,973.5,315,0.7,1.6,227,580,66,216,602,35,35,327,13,16,96
GVESTA,2019,6,3,7,20.9,57.5,14.2,12.2,9.21,15.6,44.4,0,973.4,231,0.8,1.9,407,752,75,159,764,48,48,322,6,16,96
GVESTA,2019,6,3,8,22.4,53.2,14.4,12.4,9.34,16.2,46.3,0,973.1,207,0.9,3.1,574,810,93,63,773,184,64,329,19,16,96
GVESTA,2019,6,3,9,24.5,48.7,15,13,9.74,17.3,49.4,0,973,222,2.6,5,707,788,134,82,682,336,82,355,48,16,96
GVESTA,2019,6,3,10,26.2,45.8,15.6,13.6,10.13,18.2,52.2,0,973,229,3,5.7,836,872,115,86,570,445,87,361,43,16,96
GVESTA,2019,6,3,11,27.7,41.9,15.6,13.6,10.14,18.7,53.7,0,972.8,242,2.7,6,881,797,171,103,402,520,103,368,58,16,96
GVESTA,2019,6,3,12,28.7,36.6,14.4,12.4,9.35,18.4,52.7,0,972.5,337,2,8.4,936,901,114,93,160,543,166,365,40,16,96
GVESTA,2019,6,3,13,29.6,34.3,14.2,12.2,9.22,18.6,53.4,0,971.8,57,3,7.5,886,820,156,99,100,517,403,365,45,16,96
GVESTA,2019,6,3,14,30,31.3,13.3,11.2,8.63,18.2,52.3,0,971.4,211,3.4,6.7,800,760,172,98,98,445,558,374,53,16,96
GVESTA,2019,6,3,15,29.6,34,14.1,12.1,9.16,18.5,53.2,0,971.4,231,3.7,7.8,518,263,329,167,166,287,410,398,81,16,96
GVESTA,2019,6,3,16,27.2,45.2,16.3,14.3,10.61,18.9,54.4,0,971.6,25,3.4,6.5,353,134,272,145,144,184,280,406,100,16,96
GVESTA,2019,6,3,17,25.7,50,16.5,14.5,10.75,18.5,53.2,0,971.3,29,2.9,5.9,153,26,141,83,77,76,104,405,100,16,96
GVESTA,2019,6,3,18,24.3,54.7,16.6,14.6,10.82,18.1,52,0,971.2,42,2.7,5.2,30,0,30,17,17,16,17,405,100,16,96
GVESTA,2019,6,3,19,22.3,57.5,15.5,13.5,10.09,16.8,48.1,0,971.3,53,4.1,8.8,3,0,3,2,2,2,2,403,100,16,96
GVESTA,2019,6,3,20,21.8,58.5,15.3,13.3,9.95,16.5,47.2,0,971.8,49,3,7.2,0,0,0,0,0,0,0,398,100,16,96
GVESTA,2019,6,3,21,22,57.8,15.3,13.3,9.95,16.6,47.4,0,971.9,24,1.2,3.6,0,0,0,0,0,0,0,388,90,16,96
GVESTA,2019,6,3,22,21.3,60.7,15.4,13.4,10.01,16.4,46.9,0,971.9,14,0.7,1.5,0,0,0,0,0,0,0,362,55,16,96
GVESTA,2019,6,3,23,20.4,64.6,15.5,13.5,10.08,16.1,46.1,0,971.7,315,0.6,1.3,0,0,0,0,0,0,0,357,63,16,96
GVESTA,2019,6,4,0,19.8,67.9,15.7,13.7,10.22,16,45.8,0,971.6,315,0.5,1.3,0,0,0,0,0,0,0,376,94,16,96
GVESTA,2019,6,4,1,19.9,68.3,15.9,13.9,10.35,16.2,46.3,0,971.1,270,0.4,1.4,0,0,0,0,0,0,0,362,69,15,96
GVESTA,2019,6,4,2,18.9,70.9,15.5,13.5,10.1,15.6,44.6,0,970.5,307,0.7,1.6,0,0,0,0,0,0,0,323,6,15,96
GVESTA,2019,6,4,3,18.6,70.8,15.2,13.2,9.9,15.3,43.8,0,970.1,297,0.5,1,0,0,0,0,0,0,0,318,0,15,96
GVESTA,2019,6,4,4,17.2,71.9,14.1,12.1,9.17,14.2,40.5,0,970.1,342,0.4,1.2,0,0,0,0,0,0,0,318,0,15,96
GVESTA,2019,6,4,5,16.5,75.7,14.2,12.2,9.24,13.9,40,0,970.1,288,0.4,1.5,72,273,36,141,274,18,18,334,13,15,96
GVESTA,2019,6,4,6,18,76,15.7,13.7,10.23,15.3,44,0,970,342,0.4,1.1,226,565,67,211,588,35,35,316,6,15,96
GVESTA,2019,6,4,7,19.5,72.8,16.5,14.5,10.77,16.4,46.9,0,969.7,45,0.7,2,380,612,114,173,661,60,60,344,44,15,96
GVESTA,2019,6,4,8,21.2,63.1,15.9,13.9,10.37,16.6,47.7,0,969.3,56,0.9,2.4,500,504,201,99,580,212,98,362,71,15,96
GVESTA,2019,6,4,9,22.6,56.8,15.6,13.6,10.18,17,48.6,0,968.9,79,1.7,5.4,735,888,89,71,714,322,72,333,20,15,96
GVESTA,2019,6,4,10,24,52.5,15.7,13.7,10.25,17.5,50.2,0,968.3,80,2.4,5.5,855,921,93,80,575,440,81,320,0,15,96
GVESTA,2019,6,4,11,24.9,48.5,15.3,13.3,9.99,17.6,50.5,0,967.6,88,2.4,4.3,930,934,98,86,384,517,87,329,0,15,96
GVESTA,2019,6,4,12,26.4,45,15.5,13.5,10.13,18.2,52.4,0,966.8,68,2.4,5.5,952,923,109,89,159,545,160,342,0,15,96
GVESTA,2019,6,4,13,27.6,41.4,15.3,13.3,10.01,18.5,53.3,0,965.9,71,2.3,4.9,923,908,114,88,89,519,391,366,28,15,96
GVESTA,2019,6,4,14,28.3,41.3,15.9,13.9,10.41,19,55.1,0,965.5,76,2.5,5.6,629,365,324,167,166,363,408,390,78,15,96
GVESTA,2019,6,4,15,29.5,39.5,16.3,14.3,10.69,19.6,57,0,965.1,238,2.3,6.8,516,285,306,157,156,281,402,403,94,15,96
GVESTA,2019,6,4,16,30.1,37.4,16,14,10.49,19.6,57.1,0,964.8,242,4.2,8.8,499,517,197,99,99,202,589,392,78,15,96
GVESTA,2019,6,4,17,29.2,37.4,15.2,13.2,9.96,18.9,54.8,0,964.7,252,4.6,8.9,362,502,133,159,68,68,565,382,68,15,96
GVESTA,2019,6,4,18,28.3,35.7,13.7,11.7,8.96,17.9,51.3,0,964.7,238,4.6,8.3,162,178,108,116,56,55,238,397,88,15,96
GVESTA,2019,6,4,19,26.7,37.2,13,10.9,8.49,17,48.5,0,965,219,5.6,9.2,53,92,40,62,21,21,109,383,71,15,96
GVESTA,2019,6,4,20,24.9,39.8,12.5,10.3,8.16,16.1,45.8,0,965.3,242,4.2,7.8,0,0,0,0,0,0,0,397,100,15,96
GVESTA,2019,6,4,21,24.9,37,11.6,9.2,7.56,15.6,44.3,0,965.8,231,3.4,5.5,0,0,0,0,0,0,0,342,31,15,96
GVESTA,2019,6,4,22,23.2,40.1,11.4,8.9,7.43,14.8,42.2,0,965.8,241,3.4,6.3,0,0,0,0,0,0,0,315,0,15,96
GVESTA,2019,6,4,23,22.2,41.8,11.2,8.6,7.3,14.3,40.9,0,966.1,239,3.3,6,0,0,0,0,0,0,0,312,0,15,96
GVESTA,2019,6,5,0,23,37.4,10.5,7.7,6.83,14.2,40.5,0,966.3,242,2.5,5.4,0,0,0,0,0,0,0,308,0,15,96
GVESTA,2019,6,5,1,20.8,42.8,10.5,7.7,6.83,13.4,38.3,0,966.3,244,3.4,6.6,0,0,0,0,0,0,0,325,35,16,96
GVESTA,2019,6,5,2,19.6,47.7,10.9,8.2,7.1,13.1,37.7,0,966.2,238,2.7,5.3,0,0,0,0,0,0,0,320,13,16,96
GVESTA,2019,6,5,3,17.9,54.1,11.1,8.5,7.23,12.6,36.3,0,966,257,2.4,5.4,0,0,0,0,0,0,0,330,35,16,96
GVESTA,2019,6,5,4,17.2,56.9,11.2,8.6,7.29,12.4,35.8,0,966.2,342,1.4,3.4,0,0,0,0,0,0,0,318,13,16,96
GVESTA,2019,6,5,5,16.4,61.1,11.4,8.9,7.43,12.2,35.3,0,966.1,330,0.9,2.7,64,199,35,106,206,18,18,346,54,16,96
GVESTA,2019,6,5,6,17.2,59.7,11.7,9.3,7.63,12.7,36.6,0,966.1,307,0.6,1.5,231,591,66,223,613,36,35,335,33,16,96
GVESTA,2019,6,5,7,19.4,51.7,11.6,9.2,7.56,13.5,38.7,0,965.8,326,0.9,2.4,266,212,176,145,311,90,91,367,78,16,96
GVESTA,2019,6,5,8,20.7,48.3,11.8,9.4,7.7,14.1,40.4,0,965.3,68,1.6,3.4,416,334,226,119,442,181,118,367,75,16,96
GVESTA,2019,6,5,9,21.5,46.9,12,9.7,7.83,14.6,41.5,0,964.8,54,1.9,3.8,715,813,123,79,691,331,80,362,44,16,96
GVESTA,2019,6,5,10,23,43.1,12.1,9.8,7.91,15.2,43.2,0,964,67,1.7,4.5,852,915,94,82,575,440,84,347,23,16,96
GVESTA,2019,6,5,11,24.6,39.4,12.2,9.9,7.98,15.8,45.1,0,963.3,90,1.5,4.3,911,877,128,93,396,519,94,331,0,16,96
GVESTA,2019,6,5,12,26.4,32.5,11.2,8.6,7.32,15.8,45.2,0,962.7,80,2.1,4.7,940,896,122,94,170,544,164,346,6,16,96
GVESTA,2019,6,5,13,26.9,33.5,11.9,9.5,7.79,16.4,46.9,0,961.8,70,2.6,5.5,755,571,243,142,141,438,339,390,75,16,96
GVESTA,2019,6,5,14,27.1,33.8,12.1,9.8,7.93,16.6,47.5,0,961.1,57,2.1,4.1,477,112,385,206,205,272,294,401,100,16,96
GVESTA,2019,6,5,15,28.2,30.8,11.8,9.4,7.74,16.8,48.1,0,960.3,59,2.4,5.2,600,473,258,132,132,312,530,400,75,16,96
GVESTA,2019,6,5,16,28.3,29.6,11.4,8.9,7.48,16.6,47.6,0,960,315,1.2,3.7,253,34,232,129,127,135,161,403,88,16,96
GVESTA,2019,6,5,17,28.2,31.5,12,9.7,7.88,16.9,48.5,0,959.8,225,2.4,6.8,148,20,138,81,76,75,97,402,100,16,96
GVESTA,2019,6,5,18,27.8,34.9,13,10.9,8.53,17.4,49.8,0,960.4,221,5.9,9.8,147,190,94,116,50,49,240,401,100,16,96
GVESTA,2019,6,5,19,25.5,38.9,12.7,10.5,8.32,16.4,46.9,0,961.6,238,3.9,9,50,94,36,61,19,19,108,394,94,16,96
GVESTA,2019,6,5,20,22.9,47.6,13.3,11.2,8.71,15.8,45.2,0,963.3,236,4.9,10.4,0,0,0,0,0,0,0,391,100,16,96
GVESTA,2019,6,5,21,19.4,65.6,14.8,12.8,9.68,15.4,44.1,0.3,965.7,300,1.7,5.2,0,0,0,0,0,0,0,385,100,16,96
GVESTA,2019,6,5,22,17.7,64.8,13.1,11,8.55,13.8,39.4,0,966.6,172,2.4,6,0,0,0,0,0,0,0,375,100,16,96
GVESTA,2019,6,5,23,17.1,61.7,12,9.7,7.81,12.9,37,0,967.3,27,2.7,5.5,0,0,0,0,0,0,0,365,94,16,96
GVESTA,2019,6,6,0,16.7,55.7,10.6,7.8,6.89,11.8,34.2,0,967.8,222,2.7,5.5,0,0,0,0,0,0,0,349,81,16,96
GVESTA,2019,6,6,1,15.1,60.8,10.4,7.6,6.75,11,32.3,0,968.1,200,3.3,7.5,0,0,0,0,0,0,0,361,100,16,96
GVESTA,2019,6,6,2,13.7,67,10.5,7.7,6.82,10.5,31,0,968.7,205,3.9,6.5,0,0,0,0,0,0,0,361,100,16,96
GVESTA,2019,6,6,3,13.1,68.3,10.3,7.4,6.68,10.1,30,0,969.2,206,4.2,6.3,0,0,0,0,0,0,0,360,100,16,96
GVESTA,2019,6,6,4,12.6,68.7,10,7,6.48,9.6,29,0,969.5,207,4.9,8,0,0,0,0,0,0,0,359,100,16,96
GVESTA,2019,6,6,5,12.8,66.9,9.9,6.8,6.41,9.6,29.1,0,970.2,218,4,6.6,43,39,39,39,57,21,21,351,100,16,96
GVESTA,2019,6,6,6,12.8,66.9,9.9,6.8,6.41,9.6,29,0,970.5,201,3.5,6.1,58,9,55,33,39,30,30,357,100,16,96
GVESTA,2019,6,6,7,13.2,66,10,7,6.47,9.9,29.6,0,971,213,3.1,4.8,86,0,86,49,48,47,48,358,100,16,96
GVESTA,2019,6,6,8,13.5,64.7,10,7,6.47,10,29.9,0,970.8,252,1.3,2.8,120,0,120,67,67,66,66,360,100,16,96
GVESTA,2019,6,6,9,13.9,64.8,10.3,7.4,6.67,10.4,30.8,0,971.3,34,0.9,2.1,99,0,99,56,55,54,55,362,100,16,96
GVESTA,2019,6,6,10,13.7,72.7,11.4,8.9,7.38,11,32.4,0.4,972,270,1.6,3.5,109,0,109,61,61,60,60,364,100,16,96
GVESTA,2019,6,6,11,13.4,76.2,11.7,9.3,7.58,11.1,32.6,0,972.2,265,1.3,3.3,115,0,115,65,64,63,64,366,100,16,96
GVESTA,2019,6,6,12,14,73.3,11.7,9.3,7.58,11.4,33.2,0.1,972.2,259,1.1,2.8,318,19,301,168,166,178,174,368,100,16,96
GVESTA,2019,6,6,13,15,66.9,11.4,8.9,7.38,11.6,33.7,0,972,67,1.2,4.9,306,15,292,164,162,170,170,370,100,16,96
GVESTA,2019,6,6,14,16.6,56,10.6,7.8,6.86,11.7,34.1,0,971.8,79,2.4,4.8,556,196,395,207,205,324,363,371,88,16,96
GVESTA,2019,6,6,15,17.8,53.4,10.9,8.2,7.06,12.4,35.8,0,971.3,72,3.3,5.5,635,634,182,110,110,295,601,354,68,16,96
GVESTA,2019,6,6,16,17.9,52.3,10.7,8,6.93,12.4,35.6,0,971,45,2.9,5.9,499,505,188,102,102,209,561,359,88,16,96
GVESTA,2019,6,6,17,18,52,10.7,8,6.93,12.4,35.7,0,971,44,3.1,5.1,321,346,156,145,82,82,426,364,94,16,96
GVESTA,2019,6,6,18,17.7,53.7,10.9,8.2,7.06,12.4,35.7,0,970.9,23,2.7,5.3,170,272,99,150,52,51,323,360,81,16,96
GVESTA,2019,6,6,19,16.9,55.7,10.7,8,6.93,12,34.5,0,970.6,18,2.3,4.9,69,213,39,116,20,20,220,341,58,16,96
GVESTA,2019,6,6,20,16,61,11.1,8.5,7.2,11.8,34.3,0,970.5,360,1.5,3,0,0,0,0,0,0,0,357,71,16,96
GVESTA,2019,6,6,21,15.2,67.4,11.6,9.2,7.52,11.8,34.3,0,970.7,4,1.6,3,0,0,0,0,0,0,0,354,71,16,96
GVESTA,2019,6,6,22,15.3,67.4,11.7,9.3,7.59,11.9,34.6,0,970.7,360,1,2.4,0,0,0,0,0,0,0,353,69,16,96
GVESTA,2019,6,6,23,15,67.3,11.5,9,7.46,11.7,33.9,0,970.7,338,0.6,1.9,0,0,0,0,0,0,0,324,35,16,96
GVESTA,2019,6,7,0,14.2,70.4,11.4,8.9,7.39,11.3,33,0,970.5,315,0.8,1.6,0,0,0,0,0,0,0,313,29,16,96
GVESTA,2019,6,7,1,14.2,69.9,11.3,8.8,7.33,11.2,32.8,0,970.2,323,0.6,1.9,0,0,0,0,0,0,0,315,13,16,96
GVESTA,2019,6,7,2,13.7,71.3,11.2,8.6,7.26,10.9,32.1,0,970.2,326,0.6,1.9,0,0,0,0,0,0,0,328,20,16,96
GVESTA,2019,6,7,3,13.6,72.7,11.3,8.8,7.33,11,32.2,0,970,338,0.6,1.8,0,0,0,0,0,0,0,339,53,16,96
GVESTA,2019,6,7,4,14.2,71.9,11.6,9.2,7.53,11.4,33.3,0,969.5,360,0.6,1.9,0,0,0,0,0,0,0,342,43,16,96
GVESTA,2019,6,7,5,13.8,76.8,12.1,9.8,7.86,11.5,33.7,0,969.2,5,1.3,2.8,17,0,17,10,10,9,10,363,100,16,96
GVESTA,2019,6,7,6,14.3,74.8,12.2,9.9,7.93,11.8,34.4,0,968.9,29,1.1,2.5,106,20,100,62,76,54,55,364,94,16,96
GVESTA,2019,6,7,7,14.6,76.4,12.7,10.5,8.27,12.3,35.6,0,968.4,55,1.7,4.7,214,55,188,116,160,100,102,362,88,16,96
GVESTA,2019,6,7,8,15.8,70.3,12.6,10.4,8.2,12.7,36.6,0,967.9,37,3.4,6.3,487,435,227,110,537,218,109,353,58,16,96
GVESTA,2019,6,7,9,16.7,65.5,12.4,10.2,8.08,13,37.2,0,967.4,75,3,5.2,749,891,99,74,725,329,75,338,39,16,96
GVESTA,2019,6,7,10,17.7,62.7,12.7,10.5,8.28,13.5,38.8,0,966.9,82,3.2,5.5,876,942,94,82,590,447,83,309,6,16,96
GVESTA,2019,6,7,11,19.1,57.4,12.7,10.5,8.28,14.1,40.2,0,966.8,69,2.2,6.2,924,900,120,91,398,517,92,307,0,16,96
GVESTA,2019,6,7,12,20.7,52.4,12.8,10.6,8.35,14.7,42,0,966.4,72,2.5,4.4,945,893,127,94,174,543,163,314,0,16,96
GVESTA,2019,6,7,13,23.2,46.5,13.2,11.1,8.62,15.9,45.3,0,966,76,2.1,5.6,934,938,95,87,88,514,383,319,0,16,96
GVESTA,2019,6,7,14,28.3,25.2,9.7,6.5,6.31,15.6,44.6,0,966,225,9.3,16,843,872,118,85,86,441,568,322,10,16,96
GVESTA,2019,6,7,15,27.3,26.1,9.5,6.2,6.17,15.2,43.2,0,967,238,10,18.8,677,670,185,99,99,333,625,350,53,16,96
GVESTA,2019,6,7,16,25.4,30.9,10,7,6.49,14.8,42.1,0,968.8,252,6.9,13.6,567,760,112,66,67,187,743,347,36,16,96
GVESTA,2019,6,7,17,22.2,37.7,10.1,7.1,6.54,13.7,39,0,970.8,233,8.2,13.6,413,678,109,180,57,57,720,352,55,16,96
GVESTA,2019,6,7,18,19.6,41.6,9.5,6.2,6.13,12.3,35.3,0,972.9,223,8.6,14.8,198,390,81,166,42,42,429,352,74,16,96
GVESTA,2019,6,7,19,18,42.3,8.7,5,5.6,11.1,32.3,0,974.2,221,8.1,13.6,6,0,6,3,3,3,3,370,100,16,96
GVESTA,2019,6,7,20,17,47.6,9.2,5.8,5.92,11,32.1,0,975.8,230,5.4,11.8,0,0,0,0,0,0,0,368,100,16,96
GVESTA,2019,6,7,21,16.2,49.1,9,5.5,5.79,10.6,30.9,0,976.5,230,5.1,13.1,0,0,0,0,0,0,0,362,94,16,96
GVESTA,2019,6,7,22,15.9,54.3,9.8,6.7,6.3,11,31.9,0,977.4,205,4.4,8.7,0,0,0,0,0,0,0,364,100,16,96
GVESTA,2019,6,7,23,14.8,65.9,11.1,8.5,7.14,11.3,32.9,0.1,978.2,230,3.8,9.3,0,0,0,0,0,0,0,362,100,16,96
GVESTA,2019,6,8,0,14.4,69.5,11.4,8.9,7.33,11.3,33,0,978.8,257,2.8,5.5,0,0,0,0,0,0,0,360,94,16,96
GVESTA,2019,6,8,1,14.2,66.2,10.7,8,6.87,10.8,31.6,0,979.3,253,2.8,5.6,0,0,0,0,0,0,0,359,100,16,96
GVESTA,2019,6,8,2,14.5,64.1,10.6,7.8,6.8,10.9,31.8,0,979.5,258,2.4,5.4,0,0,0,0,0,0,0,349,80,16,96
GVESTA,2019,6,8,3,13.9,66.6,10.6,7.8,6.8,10.6,31.2,0,979.7,267,2.2,5,0,0,0,0,0,0,0,348,71,16,96
GVESTA,2019,6,8,4,13.2,69.3,10.5,7.7,6.74,10.2,30.3,0,980.1,254,2.6,4.6,0,0,0,0,0,0,0,335,59,16,96
GVESTA,2019,6,8,5,13.1,70.2,10.6,7.8,6.8,10.2,30.3,0,980.5,253,2.5,4.5,72,230,38,123,236,20,20,318,26,16,96
GVESTA,2019,6,8,6,14.7,61.6,10.3,7.4,6.6,10.8,31.5,0,980.9,243,2.3,4.8,245,643,63,239,660,35,34,279,0,16,96
GVESTA,2019,6,8,7,16,53.2,9.7,6.5,6.21,10.9,31.8,0,981.1,219,3.5,5.5,426,781,80,177,795,50,49,265,0,16,96
GVESTA,2019,6,8,8,17.9,38,7.8,3.4,4.99,10.5,30.6,0,980.9,216,3.1,5.8,598,837,98,64,799,187,65,265,0,16,96
GVESTA,2019,6,8,9,19.3,31.3,7,1.9,4.47,10.5,30.8,0,980.6,237,3.2,7,764,922,92,74,744,331,75,266,0,16,96
GVESTA,2019,6,8,10,20.5,26.1,6.3,0.4,4.02,10.5,30.8,0,980.4,202,3.6,8.1,887,957,92,83,598,451,84,268,16,16,96
GVESTA,2019,6,8,11,21.4,26,6.6,1.1,4.22,11.1,32.2,0,980.1,219,3.8,8.5,930,856,164,101,421,536,102,302,39,16,96
GVESTA,2019,6,8,12,22.6,24.1,6.6,1.1,4.22,11.6,33.5,0,979.7,225,3.8,7.8,985,955,110,94,172,560,160,296,25,16,96
GVESTA,2019,6,8,13,23.5,20.3,5.9,-0.5,3.77,11.4,33.2,0,979,217,4.1,7.8,978,986,95,90,91,537,401,303,19,16,96
GVESTA,2019,6,8,14,23.9,20.6,6.1,0,3.9,11.7,34,0,978.5,238,2.2,6.4,871,899,123,88,89,457,588,293,19,16,96
GVESTA,2019,6,8,15,24.1,21.7,6.5,0.9,4.16,12.1,34.8,0,978,13,1.8,4.2,704,716,174,101,102,338,639,340,58,16,96
GVESTA,2019,6,8,16,24.4,20.3,6.2,0.2,3.97,12,34.7,0,977.7,53,2.8,6.1,580,757,127,71,71,199,753,326,43,16,96
GVESTA,2019,6,8,17,24.3,21,6.4,0.6,4.1,12.1,34.9,0,977.6,48,3.2,5.6,419,741,88,176,52,52,763,300,19,16,96
GVESTA,2019,6,8,18,23.8,23.4,6.9,1.7,4.42,12.2,35.2,0,977.6,35,3.2,5.5,244,620,66,232,36,36,639,311,0,16,96
GVESTA,2019,6,8,19,21.5,30.8,7.9,3.6,5.07,12,34.5,0,977.8,6,2,4.9,77,252,41,136,21,21,259,331,41,16,96
GVESTA,2019,6,8,20,20.5,32.8,7.9,3.6,5.06,11.6,33.5,0,978.2,337,1.4,4.3,0,0,0,0,0,0,0,369,100,16,96
GVESTA,2019,6,8,21,19.2,36.8,8.2,4.1,5.26,11.3,32.6,0,978.7,58,1.4,3.7,0,0,0,0,0,0,0,361,88,16,96
GVESTA,2019,6,8,22,18.7,41.3,8.9,5.3,5.71,11.5,33.3,0,979.1,27,0.6,2.1,0,0,0,0,0,0,0,358,94,16,96
GVESTA,2019,6,8,23,17.2,49,9.6,6.4,6.16,11.4,32.9,0,979.5,315,0.8,1.9,0,0,0,0,0,0,0,350,81,16,96
GVESTA,2019,6,9,0,15.9,54.7,9.9,6.8,6.35,11,32.1,0,979.5,315,0.5,1.2,0,0,0,0,0,0,0,357,100,16,96
GVESTA,2019,6,9,1,15.4,56.5,9.9,6.8,6.35,10.8,31.5,0,979.4,18,0.4,1.1,0,0,0,0,0,0,0,355,100,16,96
GVESTA,2019,6,9,2,15,58,9.9,6.8,6.35,10.6,31.1,0,978.9,326,0.5,1.5,0,0,0,0,0,0,0,356,100,16,96
GVESTA,2019,6,9,3,13.8,62.2,9.8,6.7,6.29,10,29.8,0,978.3,8,0.7,2.6,0,0,0,0,0,0,0,358,100,16,96
GVESTA,2019,6,9,4,13.7,63,9.9,6.8,6.36,10,29.8,0,978,349,0.7,2.1,0,0,0,0,0,0,0,359,100,16,96
GVESTA,2019,6,9,5,14.2,64.9,10.5,7.7,6.75,10.7,31.3,0,978.4,315,0.9,2.6,15,0,15,9,9,8,9,361,100,16,96
GVESTA,2019,6,9,6,14.5,65.9,10.9,8.2,7.01,11,32.3,0,978.1,315,1.1,2.3,52,0,52,29,29,28,29,362,100,16,96
GVESTA,2019,6,9,7,14.7,72,12,9.7,7.72,11.9,34.3,0.6,978.3,241,1.5,3.2,79,0,79,44,44,43,44,364,100,16,96
GVESTA,2019,6,9,8,13.8,83.7,13.2,11.1,8.5,12.2,35.3,1.3,979.3,279,1,1.9,55,0,55,31,31,30,31,367,100,16,96
GVESTA,2019,6,9,9,13.5,87.1,13.5,11.4,8.7,12.3,35.5,2.1,979.1,230,1.5,3.8,99,0,99,56,55,54,55,369,100,16,96
GVESTA,2019,6,9,10,13.6,86,13.4,11.3,8.62,12.3,35.5,1.7,980,180,1.4,3.7,77,0,77,43,43,42,43,372,100,16,96
GVESTA,2019,6,9,11,13.2,88.2,13.4,11.3,8.63,12.1,35.1,2.9,978.9,24,1.4,4,114,0,114,64,63,62,63,375,100,16,96
GVESTA,2019,6,9,12,13.3,87.1,13.3,11.2,8.56,12.1,35,1.4,979.4,90,1.3,3.9,142,0,142,80,79,78,79,378,100,16,96
GVESTA,2019,6,9,13,13.3,87.7,13.4,11.3,8.64,12.1,35.2,1.9,978,21,2,4.7,91,0,91,51,51,50,51,380,100,16,96
GVESTA,2019,6,9,14,13.6,87.1,13.6,11.5,8.78,12.4,35.8,0.8,977.2,31,2.8,5.6,105,0,105,59,58,57,58,380,100,16,96
GVESTA,2019,6,9,15,13.8,87.7,13.8,11.8,8.92,12.6,36.4,0.2,976.3,18,2.2,5,167,0,167,94,93,91,93,381,100,16,96
GVESTA,2019,6,9,16,13.9,87.7,13.9,11.9,8.99,12.7,36.7,0,975.5,32,1.9,4,130,1,129,73,72,71,73,381,100,16,96
GVESTA,2019,6,9,17,14.5,87.8,14.5,12.5,9.39,13.3,38.3,0.8,974.7,11,1.2,3.3,82,0,82,46,46,45,46,382,100,16,96
GVESTA,2019,6,9,18,15.1,85,14.6,12.6,9.46,13.6,39.1,0.1,974.8,319,1.7,3.3,72,6,71,42,39,39,45,382,100,16,96
GVESTA,2019,6,9,19,15.6,83.4,14.8,12.8,9.59,13.9,39.9,0,974.6,329,0.9,2.7,16,0,16,9,9,9,9,382,100,16,96
GVESTA,2019,6,9,20,15.7,84,15,13,9.73,14.1,40.4,0,974.3,315,1.2,3.3,0,0,0,0,0,0,0,376,88,16,96
GVESTA,2019,6,9,21,15.8,82.9,14.9,12.9,9.66,14.1,40.3,0,974.3,297,1,2,0,0,0,0,0,0,0,380,100,16,96
GVESTA,2019,6,9,22,15.3,85,14.8,12.8,9.6,13.8,39.6,0,974.2,253,1.3,3.2,0,0,0,0,0,0,0,379,100,16,96
GVESTA,2019,6,9,23,15.3,84.5,14.7,12.7,9.53,13.7,39.5,0,974.1,261,0.8,2.2,0,0,0,0,0,0,0,378,100,16,96
GVESTA,2019,6,10,0,15.2,85,14.7,12.7,9.53,13.7,39.4,0,973.9,301,0.8,2,0,0,0,0,0,0,0,377,100,16,96
GVESTA,2019,6,10,1,15.5,83.9,14.8,12.8,9.6,13.9,39.9,0,973.9,153,0.6,1.6,0,0,0,0,0,0,0,377,100,16,96
GVESTA,2019,6,10,2,15.2,85.6,14.8,12.8,9.61,13.8,39.6,0,973.1,333,1.1,2.7,0,0,0,0,0,0,0,377,100,16,96
GVESTA,2019,6,10,3,14.7,87.8,14.7,12.7,9.53,13.5,38.9,0.5,974.1,256,1.9,7.1,0,0,0,0,0,0,0,377,100,16,96
GVESTA,2019,6,10,4,14.9,87.8,14.9,12.9,9.67,13.7,39.4,0.1,972.9,68,1.6,4.7,0,0,0,0,0,0,0,377,100,16,96
GVESTA,2019,6,10,5,15.1,88.4,15.2,13.2,9.87,14,40.1,1.2,973.3,0,1.7,4.3,25,10,24,18,23,13,13,377,100,16,96
GVESTA,2019,6,10,6,14.9,89,15.1,13.1,9.81,13.8,39.8,2.4,972.8,344,2.1,5.5,47,77,30,47,91,16,16,378,100,16,96
GVESTA,2019,6,10,7,14.9,89,15.1,13.1,9.82,13.8,39.8,4.3,972,3,2.6,6.9,34,0,34,19,19,19,19,378,100,16,96
GVESTA,2019,6,10,8,14.9,88.4,15,13,9.75,13.8,39.6,6.1,972,21,2.4,6.4,29,0,29,16,16,16,16,379,100,16,96
GVESTA,2019,6,10,9,14.3,90.1,14.7,12.7,9.55,13.3,38.5,2.9,971.8,328,1.5,4.1,100,0,100,56,56,55,55,379,94,16,96
GVESTA,2019,6,10,10,14.7,88.4,14.8,12.8,9.62,13.6,39.1,2.3,971.5,270,1.5,3.6,102,0,102,57,57,56,56,380,100,16,96
GVESTA,2019,6,10,11,15.1,87.3,15,13,9.75,13.8,39.8,0,971.7,45,1.4,3.1,142,1,142,80,79,78,79,381,100,16,96
GVESTA,2019,6,10,12,15.2,89,15.4,13.4,10.02,14.1,40.6,2.8,971.3,293,1.7,5.2,154,10,145,81,80,86,84,381,100,16,96
GVESTA,2019,6,10,13,15.3,87.3,15.2,13.2,9.88,14,40.4,1.5,971.7,104,1.7,3.8,101,0,101,57,56,55,56,378,94,16,96
GVESTA,2019,6,10,14,14.9,90.1,15.3,13.3,9.96,13.9,40.2,2.8,970.7,301,0.9,3.1,62,0,62,35,35,34,34,380,100,16,96
GVESTA,2019,6,10,15,15.3,89,15.5,13.5,10.09,14.2,40.9,0.8,970.6,300,1.1,2.5,53,0,53,30,30,29,29,378,100,16,96
GVESTA,2019,6,10,16,15.6,85.1,15.1,13.1,9.83,14.1,40.6,1.3,970.5,339,1.1,3.7,34,0,34,19,19,19,19,377,100,16,96
GVESTA,2019,6,10,17,15.5,83.4,14.7,12.7,9.57,13.8,39.8,2,970.2,360,1.1,2.8,23,0,23,13,13,13,13,376,100,16,96
GVESTA,2019,6,10,18,15.3,86.2,15,13,9.77,13.9,40.1,0.5,970.3,77,1,2.7,20,0,20,11,11,11,11,374,100,16,96
GVESTA,2019,6,10,19,15,87.3,14.9,12.9,9.7,13.7,39.6,0.8,970.4,57,2.1,3.9,6,0,6,3,3,3,3,373,100,16,96
GVESTA,2019,6,10,20,14.8,85,14.3,12.3,9.3,13.3,38.4,0.1,970.2,34,1.5,3.5,0,0,0,0,0,0,0,371,100,16,96
GVESTA,2019,6,10,21,15.1,83.3,14.3,12.3,9.31,13.4,38.7,0.1,970,6,1,2.2,0,0,0,0,0,0,0,369,100,16,96
GVESTA,2019,6,10,22,15,83.3,14.2,12.2,9.24,13.3,38.4,0,970,16,0.9,1.5,0,0,0,0,0,0,0,367,100,16,96
GVESTA,2019,6,10,23,14.6,86.1,14.3,12.3,9.31,13.2,38.2,0,969.5,5,1.3,2.6,0,0,0,0,0,0,0,365,100,16,96
GVESTA,2019,6,11,0,14.5,86.6,14.3,12.3,9.31,13.2,38.1,0,969.2,23,1.4,2.3,0,0,0,0,0,0,0,363,100,16,96
GVESTA,2019,6,11,1,14.8,85,14.3,12.3,9.32,13.3,38.4,0,968.8,17,1.5,2.9,0,0,0,0,0,0,0,358,94,16,96
GVESTA,2019,6,11,2,13.9,78.4,12.4,10.2,8.07,11.8,34.4,0.4,968.5,351,1.4,3.5,0,0,0,0,0,0,0,361,100,16,96
GVESTA,2019,6,11,3,13.3,79.3,12.1,9.8,7.87,11.3,33.2,0,968.2,338,0.8,3.3,0,0,0,0,0,0,0,361,100,16,96
GVESTA,2019,6,11,4,12.7,83.6,12.3,10,8.01,11.2,33,0,968,233,1.2,2.5,0,0,0,0,0,0,0,361,100,16,96
GVESTA,2019,6,11,5,12.8,84.8,12.5,10.3,8.14,11.4,33.4,0.2,967.8,238,1.2,3,8,0,8,5,5,5,5,361,100,16,96
GVESTA,2019,6,11,6,12.4,88.8,12.8,10.6,8.34,11.4,33.5,0,967.7,248,1.6,2.7,41,0,41,23,23,23,23,360,100,16,96
GVESTA,2019,6,11,7,12.6,88.2,12.9,10.7,8.4,11.5,33.9,0.5,968,242,1.8,3.4,91,1,90,51,51,49,50,361,100,16,96
GVESTA,2019,6,11,8,12.9,87.6,13,10.9,8.47,11.8,34.4,0.5,967.6,49,1.5,4.3,134,0,134,76,75,74,75,362,100,16,96
GVESTA,2019,6,11,9,13.3,87.1,13.3,11.2,8.66,12.1,35.2,0.5,968.2,228,1.8,4.6,80,0,80,45,44,44,44,364,100,16,96
GVESTA,2019,6,11,10,13.2,87.7,13.3,11.2,8.66,12,35.1,0.7,968.1,276,2.1,4.7,110,0,110,62,61,60,61,366,100,16,96
GVESTA,2019,6,11,11,13.4,86.5,13.3,11.2,8.66,12.1,35.3,1,968.4,259,1.6,3.5,151,0,151,85,84,83,84,368,100,16,96
GVESTA,2019,6,11,12,13.4,86,13.2,11.1,8.6,12.1,35.2,1,968.2,266,1.4,2.6,195,0,195,110,109,107,108,369,100,16,96
GVESTA,2019,6,11,13,13.7,85.4,13.4,11.3,8.73,12.3,35.8,0.9,968.1,270,0.9,2.3,132,0,132,74,74,72,73,370,100,16,96
GVESTA,2019,6,11,14,13.6,86.5,13.5,11.4,8.8,12.3,35.9,0.6,968.2,307,0.7,1.9,135,0,135,76,75,74,75,371,100,16,96
GVESTA,2019,6,11,15,14,87.2,13.9,11.9,9.06,12.8,37,0.8,968.5,235,1.3,2.1,99,0,99,56,55,54,55,371,100,16,96
GVESTA,2019,6,11,16,14.3,87.2,14.2,12.2,9.26,13.1,37.8,0.4,968.1,270,0.8,2,117,0,117,66,65,64,65,371,100,16,96
GVESTA,2019,6,11,17,14.3,86.6,14.1,12.1,9.2,13,37.6,0.1,967.8,53,1.2,3.1,74,0,74,42,41,41,41,371,100,16,96
GVESTA,2019,6,11,18,14.6,85,14.1,12.1,9.19,13.1,37.9,0,968.2,301,0.8,1.6,41,0,41,23,23,22,23,372,100,16,96
GVESTA,2019,6,11,19,15,83.3,14.2,12.2,9.26,13.3,38.5,0.9,968.1,262,0.8,2,11,0,11,6,6,6,6,371,100,16,96
GVESTA,2019,6,11,20,14.9,83.3,14.1,12.1,9.19,13.2,38.2,2.5,968.5,270,0.9,2,0,0,0,0,0,0,0,370,100,16,96
GVESTA,2019,6,11,21,14.3,85.5,13.9,11.9,9.06,12.9,37.3,1.6,968.7,242,1.5,2.8,0,0,0,0,0,0,0,369,100,16,96
GVESTA,2019,6,11,22,14.4,84.4,13.8,11.8,8.99,12.9,37.2,1.3,968.4,270,0.8,2.1,0,0,0,0,0,0,0,368,100,16,96
GVESTA,2019,6,11,23,14.5,83.3,13.7,11.7,8.93,12.9,37.1,1.6,968,288,0.5,1.3,0,0,0,0,0,0,0,366,100,16,96
GVESTA,2019,6,12,0,13.9,84.9,13.5,11.4,8.81,12.4,36.2,1.1,966.9,300,0.9,2,0,0,0,0,0,0,0,365,100,16,96
GVESTA,2019,6,12,1,13.1,87.1,13.1,11,8.54,11.9,34.7,0.8,967.1,259,1.7,3.3,0,0,0,0,0,0,0,364,100,16,96
GVESTA,2019,6,12,2,12.7,88.8,13,10.9,8.47,11.7,34.2,2,967.3,233,2.5,4.6,0,0,0,0,0,0,0,362,100,16,96
GVESTA,2019,6,12,3,11.8,90.5,12.5,10.3,8.14,11,32.4,3.9,968.1,212,3.6,7,0,0,0,0,0,0,0,361,100,16,96
GVESTA,2019,6,12,4,11.3,88.7,11.9,9.5,7.73,10.3,30.9,2.6,968.9,210,3.7,7.3,0,0,0,0,0,0,0,359,100,16,96
GVESTA,2019,6,12,5,11.2,87.5,11.6,9.2,7.54,10.1,30.3,1.5,969,199,3.7,6.6,41,95,27,58,103,14,14,358,94,16,96
GVESTA,2019,6,12,6,11.8,84.6,11.7,9.3,7.6,10.4,31,0,969.4,198,1.4,3.6,214,427,83,178,463,44,45,337,58,16,96
GVESTA,2019,6,12,7,12.6,78.7,11.5,9,7.47,10.6,31.5,0,969.3,254,1.6,4.1,408,718,88,177,740,52,52,312,25,16,96
GVESTA,2019,6,12,8,13.8,70.3,11.1,8.5,7.2,10.9,32.1,0,969.6,233,3.3,6.1,589,839,87,77,791,158,63,316,13,16,96
GVESTA,2019,6,12,9,15.2,61.3,10.6,7.8,6.88,11.2,32.7,0,969.2,217,3.2,6.3,750,910,85,73,731,316,74,299,0,16,96
GVESTA,2019,6,12,10,17.1,53.9,10.5,7.7,6.81,11.9,34.4,0,969.3,227,3.9,8.3,799,756,175,115,555,412,115,322,35,16,96
GVESTA,2019,6,12,11,18.5,51.8,11,8.4,7.14,12.8,36.7,0,969.1,218,4.3,9.5,901,805,180,106,424,519,107,311,33,16,96
GVESTA,2019,6,12,12,19.9,44.9,10.4,7.6,6.75,13,37.1,0,968.8,209,5.5,10,967,931,112,94,174,545,157,306,13,16,96
GVESTA,2019,6,12,13,20.6,42.4,10.3,7.4,6.68,13.2,37.7,0,968.7,204,4.8,8.9,958,967,91,89,90,520,387,290,0,16,96
GVESTA,2019,6,12,14,21.3,39.8,10.1,7.1,6.55,13.3,38.1,0,968.5,215,5,8.9,866,905,110,86,87,445,578,290,0,16,96
GVESTA,2019,6,12,15,21.7,38.9,10.1,7.1,6.56,13.5,38.5,0,968.3,216,5,10.1,756,911,86,74,75,322,726,296,6,16,96
GVESTA,2019,6,12,16,21.9,36.1,9.5,6.2,6.16,13.2,37.7,0,968.2,194,5.9,10.5,587,785,109,68,68,191,758,331,29,16,96
GVESTA,2019,6,12,17,22.2,36.2,9.7,6.5,6.29,13.4,38.3,0,968.3,204,5.4,9.7,418,725,90,176,53,53,747,329,13,16,96
GVESTA,2019,6,12,18,21.7,37,9.6,6.4,6.23,13.2,37.6,0,968.8,197,4.6,8.4,245,609,66,229,36,36,628,333,29,16,96
GVESTA,2019,6,12,19,21.1,36.1,9,5.5,5.83,12.6,36,0,969.2,226,3.5,6.9,78,247,41,133,21,21,253,365,55,16,96
GVESTA,2019,6,12,20,19.7,44,10.1,7.1,6.55,12.7,36.4,0,969.9,261,1.9,3.6,0,0,0,0,0,0,0,344,73,16,96
GVESTA,2019,6,12,21,18.5,50.7,10.8,8.1,7,12.7,36.3,0,970.4,253,1.1,2.6,0,0,0,0,0,0,0,314,35,16,96
GVESTA,2019,6,12,22,18.1,53.4,11.1,8.5,7.19,12.7,36.4,0,970.9,220,1,3.2,0,0,0,0,0,0,0,326,58,16,96
GVESTA,2019,6,12,23,17.9,50.2,10.3,7.4,6.67,12.1,34.9,0,971,229,2.1,3.8,0,0,0,0,0,0,0,334,75,16,96
GVESTA,2019,6,13,0,17.9,45.9,9.4,6.1,6.08,11.5,33.4,0,971.2,209,2.9,4.6,0,0,0,0,0,0,0,294,13,16,96
GVESTA,2019,6,13,1,16.8,50.3,9.6,6.4,6.21,11.2,32.6,0,971.3,246,2,3.6,0,0,0,0,0,0,0,284,0,16,96
GVESTA,2019,6,13,2,14.4,59.8,9.8,6.7,6.34,10.3,30.5,0,971.5,264,1.9,3.7,0,0,0,0,0,0,0,284,0,16,96
GVESTA,2019,6,13,3,13.5,63.9,9.9,6.8,6.4,10,29.7,0,971.5,274,1.5,3.6,0,0,0,0,0,0,0,284,0,16,96
GVESTA,2019,6,13,4,12.4,68.2,9.8,6.7,6.34,9.4,28.5,0,971.8,360,0.9,1.9,0,0,0,0,0,0,0,284,0,16,96
GVESTA,2019,6,13,5,11.9,71.9,10,7,6.47,9.3,28.3,0,972,310,0.9,2,79,315,37,164,310,19,19,293,13,16,96
GVESTA,2019,6,13,6,14.5,62.4,10.3,7.4,6.66,10.7,31.4,0,972.2,294,1.1,2.3,244,638,63,242,653,35,35,283,0,16,96
GVESTA,2019,6,13,7,16,56.2,10.2,7.3,6.59,11.3,32.8,0,972.3,243,0.7,2.1,414,735,87,181,756,52,51,283,0,16,96
GVESTA,2019,6,13,8,17.2,51.4,10.1,7.1,6.53,11.7,33.8,0,972.3,188,1.1,3.4,585,797,107,84,772,166,67,283,0,16,96
GVESTA,2019,6,13,9,18.7,49.7,10.7,8,6.92,12.7,36.4,0,972.2,104,1.5,4.1,740,852,117,78,716,327,79,282,0,16,96
GVESTA,2019,6,13,10,20.7,37.8,9.2,5.8,5.94,12.5,35.9,0,972,218,2.7,6.6,859,879,128,89,590,446,90,283,0,16,96
GVESTA,2019,6,13,11,22.6,28.4,7.8,3.4,5.03,12.4,35.5,0,971.6,226,3.3,6.8,932,880,144,97,415,525,98,290,0,16,96
GVESTA,2019,6,13,12,23.6,28.9,8.4,4.5,5.43,13.2,37.5,0,971,236,3,7.2,984,961,101,92,166,549,158,301,0,16,96
GVESTA,2019,6,13,13,24.1,27.3,8.2,4.1,5.3,13.2,37.7,0,970.5,225,2.6,5.9,968,975,92,90,90,525,390,309,0,16,96
GVESTA,2019,6,13,14,25.1,26.4,8.4,4.5,5.43,13.7,39.1,0,970.3,225,2.7,6.1,871,893,124,89,89,452,587,319,0,16,96
GVESTA,2019,6,13,15,25.9,24,8,3.8,5.17,13.8,39.2,0,970,215,4.4,8.4,766,922,87,74,75,326,734,311,0,16,96
GVESTA,2019,6,13,16,26.5,24,8.3,4.3,5.37,14.2,40.3,0,969.8,239,3.2,7.2,595,804,107,67,67,190,773,311,0,16,96
GVESTA,2019,6,13,17,26.2,26.2,8.9,5.3,5.76,14.4,41,0,969.5,214,3.1,6.2,435,790,76,174,49,50,797,312,0,16,96
GVESTA,2019,6,13,18,25.9,27.8,9.3,5.9,6.02,14.6,41.4,0,969.6,225,2.3,5.3,254,645,65,241,36,36,662,328,13,16,96
GVESTA,2019,6,13,19,23.4,38.3,11,8.4,7.13,14.7,41.7,0,970,37,1.8,3.5,80,252,43,138,22,22,259,343,29,16,96
GVESTA,2019,6,13,20,21.6,42.1,10.9,8.2,7.06,13.9,39.7,0,970.7,17,1.2,2.5,0,0,0,0,0,0,0,342,41,16,96
GVESTA,2019,6,13,21,19.3,49.9,11.2,8.6,7.26,13.2,37.8,0,971.2,21,0.9,2.9,0,0,0,0,0,0,0,380,94,16,96
GVESTA,2019,6,13,22,18.2,54.9,11.5,9,7.45,13,37.2,0,971.7,270,0.9,1.9,0,0,0,0,0,0,0,372,100,16,96
GVESTA,2019,6,13,23,16.6,62.4,11.8,9.4,7.65,12.5,36,0,971.6,320,1,2.8,0,0,0,0,0,0,0,369,94,16,96
GVESTA,2019,6,14,0,16.6,61.6,11.6,9.2,7.52,12.4,35.7,0,971.3,18,0.9,2.2,0,0,0,0,0,0,0,355,81,16,96
GVESTA,2019,6,14,1,16.3,64.9,12,9.7,7.78,12.5,36.1,0,971.1,333,0.9,2.2,0,0,0,0,0,0,0,365,94,17,96
GVESTA,2019,6,14,2,16.3,65.8,12.2,9.9,7.92,12.6,36.4,0,970.5,304,1.1,3.1,0,0,0,0,0,0,0,354,78,17,96
GVESTA,2019,6,14,3,15.7,70.2,12.5,10.3,8.11,12.6,36.3,0,970.9,254,1.5,2.7,0,0,0,0,0,0,0,372,100,17,96
GVESTA,2019,6,14,4,16.1,68,12.4,10.2,8.05,12.7,36.5,0,971,270,1.2,2.9,0,0,0,0,0,0,0,374,100,17,96
GVESTA,2019,6,14,5,15.6,76.6,13.6,11.5,8.83,13.2,38,0,971.2,45,1,2,8,0,8,5,5,4,5,376,100,17,96
GVESTA,2019,6,14,6,15.4,81.8,14.3,12.3,9.29,13.6,39,0,971.5,290,1.7,6.2,31,9,29,20,25,16,16,378,100,17,96
GVESTA,2019,6,14,7,15.3,83.9,14.6,12.6,9.46,13.7,39.3,0.7,974.7,257,2.4,6.7,31,0,31,17,17,17,17,380,100,17,96
GVESTA,2019,6,14,8,15.5,86.7,15.3,13.3,9.92,14.2,40.7,1,974.9,278,1.4,4,69,0,69,39,39,38,38,383,100,17,96
GVESTA,2019,6,14,9,15.4,88.4,15.5,13.5,10.05,14.2,40.9,0.6,974.8,58,1.5,3.3,74,0,74,42,41,41,41,386,100,17,96
GVESTA,2019,6,14,10,16,87.3,15.9,13.9,10.32,14.7,42.2,0.1,974,39,0.9,2.5,86,0,86,49,48,47,48,389,100,17,96
GVESTA,2019,6,14,11,16.3,86.3,16,14,10.4,14.9,42.7,0.1,973.1,45,1.6,4.6,147,0,147,83,82,81,82,392,100,17,96
GVESTA,2019,6,14,12,16.9,81.4,15.7,13.7,10.21,14.9,42.8,0,972.5,141,1.8,5.5,340,146,206,111,110,202,158,395,100,17,96
GVESTA,2019,6,14,13,19.4,70.5,15.9,13.9,10.35,16,45.8,0,971,35,3.5,6.9,861,727,204,128,128,491,373,382,75,17,96
GVESTA,2019,6,14,14,21.1,63.9,16,14,10.44,16.6,47.7,0,969.6,20,3.2,6.7,822,811,142,95,95,436,551,380,60,17,96
GVESTA,2019,6,14,15,22.4,60.9,16.5,14.5,10.78,17.4,49.9,0,968.9,41,4.1,7.8,682,684,177,96,96,333,635,383,58,17,96
GVESTA,2019,6,14,16,23.2,59.2,16.8,14.8,10.99,17.8,51.3,0,967.6,32,3.8,7.3,467,433,197,103,102,203,506,389,74,17,96
GVESTA,2019,6,14,17,23.3,57,16.3,14.3,10.67,17.6,50.6,0,966.9,24,2.8,5.7,268,226,156,127,82,81,310,393,88,17,96
GVESTA,2019,6,14,18,23.2,59.6,16.9,14.9,11.07,17.9,51.5,0,966.9,315,1.4,3.5,48,0,48,27,27,26,27,401,100,17,96
GVESTA,2019,6,14,19,22.5,64.2,17.5,15.4,11.48,17.9,51.8,0,965.8,59,1,3.1,44,38,38,38,21,20,57,400,94,17,96
GVESTA,2019,6,14,20,21.9,67.4,17.7,15.6,11.61,17.8,51.5,0,966.1,242,1.9,4.6,0,0,0,0,0,0,0,360,44,17,96
GVESTA,2019,6,14,21,22,68.8,18.2,16,11.93,18.1,52.5,0,966.8,243,2,4.7,0,0,0,0,0,0,0,354,25,17,96
GVESTA,2019,6,14,22,20.6,70.7,17.2,15.1,11.26,17.1,49.3,0,967.5,233,3.5,6.3,0,0,0,0,0,0,0,363,41,17,96
GVESTA,2019,6,14,23,20.3,70.2,16.7,14.7,10.92,16.8,48.1,0,968.3,233,3.6,10.9,0,0,0,0,0,0,0,359,29,17,96
GVESTA,2019,6,15,0,19.1,78.1,17.3,15.2,11.3,16.6,47.9,0,969.4,208,6.5,11.4,0,0,0,0,0,0,0,381,94,17,96
GVESTA,2019,6,15,1,19.1,71.8,15.9,13.9,10.36,15.9,45.5,0.4,970.5,210,2.3,6.9,0,0,0,0,0,0,0,387,100,17,96
GVESTA,2019,6,15,2,16.5,85.7,16.1,14.1,10.48,15,43.1,2.7,971.6,202,3.4,7.6,0,0,0,0,0,0,0,387,100,17,96
GVESTA,2019,6,15,3,17.1,84.7,16.5,14.5,10.75,15.5,44.4,0.5,971.5,248,1.8,6.4,0,0,0,0,0,0,0,380,88,17,96
GVESTA,2019,6,15,4,17.2,84.1,16.5,14.5,10.74,15.5,44.5,1,972.1,315,0.8,2.2,0,0,0,0,0,0,0,386,100,17,96
GVESTA,2019,6,15,5,16.8,86.9,16.6,14.6,10.8,15.4,44.2,1.1,972.5,225,0.8,1.9,24,16,21,19,26,11,12,385,100,17,96
GVESTA,2019,6,15,6,16.6,88.5,16.7,14.7,10.86,15.4,44.2,1.2,973,270,1.1,2.6,80,51,66,56,88,36,36,384,100,17,96
GVESTA,2019,6,15,7,16.7,89.7,17,15,11.05,15.6,44.8,0.7,973.5,188,1.4,4.7,103,7,100,59,63,55,56,385,100,17,96
GVESTA,2019,6,15,8,17,86.9,16.8,14.8,10.92,15.6,44.7,0,973.8,259,1.6,4.5,445,433,186,127,495,156,108,371,69,17,96
GVESTA,2019,6,15,9,19.3,78.7,17.6,15.5,11.46,16.9,48.5,0,973.2,252,1.3,3.9,713,819,116,82,697,315,83,366,39,17,96
GVESTA,2019,6,15,10,20.5,73.5,17.7,15.6,11.52,17.4,49.9,0,973.1,87,2.6,5.2,602,290,363,188,411,350,187,382,71,17,96
GVESTA,2019,6,15,11,21.7,66.1,17.2,15.1,11.19,17.5,50.3,0,973,117,2.3,5.7,681,327,387,198,371,414,196,388,81,17,96
GVESTA,2019,6,15,12,23,54,15.2,13.2,9.88,16.9,48.3,0,972.1,75,2.6,5.2,918,815,168,111,204,535,175,379,60,17,96
GVESTA,2019,6,15,13,23.9,49.5,14.7,12.7,9.56,16.9,48.4,0,971.6,54,3.3,6.3,785,537,301,157,157,473,389,381,58,17,96
GVESTA,2019,6,15,14,23.2,53.7,15.3,13.3,9.96,17,48.7,0,970.4,48,5.1,8.4,389,231,189,104,104,222,235,391,94,17,96
GVESTA,2019,6,15,15,20,65.3,15.3,13.3,9.92,15.9,45.3,11.4,974.2,230,7.3,22,42,0,42,24,24,23,24,391,100,17,96
GVESTA,2019,6,15,16,15.6,78.6,13.9,11.9,8.99,13.4,38.4,4.9,976,233,5.5,19.8,37,0,37,21,21,21,21,387,100,17,96
GVESTA,2019,6,15,17,15.5,82.9,14.6,12.6,9.45,13.8,39.5,0.8,975.9,173,2.6,6.9,56,2,55,32,31,31,32,384,100,17,96
GVESTA,2019,6,15,18,17.1,77.3,15.1,13.1,9.78,14.7,42,0,975.8,249,2.6,5.2,170,203,110,131,58,58,262,369,71,17,96
GVESTA,2019,6,15,19,17,76.3,14.8,12.8,9.58,14.5,41.4,0,975.8,279,1.5,4.6,67,180,37,99,20,20,190,364,74,17,96
GVESTA,2019,6,15,20,17,77.8,15.1,13.1,9.77,14.6,41.8,0,976.5,300,1.2,2.4,0,0,0,0,0,0,0,362,81,17,96
GVESTA,2019,6,15,21,17.2,77.8,15.3,13.3,9.9,14.8,42.4,0,976.8,37,0.9,2.2,0,0,0,0,0,0,0,344,46,17,96
GVESTA,2019,6,15,22,17.5,73,14.6,12.6,9.44,14.5,41.5,0,977,360,0.4,1.3,0,0,0,0,0,0,0,319,0,17,96
GVESTA,2019,6,15,23,16.4,76.2,14.2,12.2,9.17,13.9,39.7,0,977.3,326,1.1,2.8,0,0,0,0,0,0,0,312,0,17,96
GVESTA,2019,6,16,0,15.5,76,13.4,11.3,8.64,13,37.4,0,977.6,351,1.3,2.6,0,0,0,0,0,0,0,308,0,17,96
GVESTA,2019,6,16,1,15.6,74.1,13.1,11,8.45,12.9,37.1,0,977.7,360,0.5,1.3,0,0,0,0,0,0,0,306,0,15,96
GVESTA,2019,6,16,2,14.7,76.4,12.8,10.6,8.25,12.3,35.6,0,977.7,300,0.9,2.4,0,0,0,0,0,0,0,306,0,15,96
GVESTA,2019,6,16,3,14,78.4,12.5,10.3,8.06,11.9,34.4,0,977.7,278,1,1.8,0,0,0,0,0,0,0,313,20,15,96
GVESTA,2019,6,16,4,13.1,81.5,12.3,10,7.92,11.4,33.2,0,978,270,0.9,1.6,0,0,0,0,0,0,0,321,33,15,96
GVESTA,2019,6,16,5,12.8,84.8,12.5,10.3,8.05,11.4,33.2,0,978,277,0.9,2.1,67,206,38,115,211,20,20,326,31,15,96
GVESTA,2019,6,16,6,13.9,86.6,13.7,11.7,8.83,12.6,36.3,0,978.3,333,0.7,1.4,241,620,65,239,636,35,35,315,6,15,96
GVESTA,2019,6,16,7,14.6,86.6,14.4,12.4,9.29,13.3,38.2,0,978.4,360,0.9,3.2,410,732,85,181,750,50,49,308,0,15,96
GVESTA,2019,6,16,8,16,78.7,14.3,12.3,9.23,13.8,39.4,0,978.3,49,1.6,3.3,555,699,137,92,709,170,73,329,6,15,96
GVESTA,2019,6,16,9,17.6,71.1,14.3,12.3,9.23,14.4,41.1,0,978,47,2.6,6.3,713,786,138,81,682,321,81,338,13,15,96
GVESTA,2019,6,16,10,19.2,63.9,14.2,12.2,9.17,15,42.6,0,977.8,49,3.8,6.8,830,817,150,90,573,434,91,332,0,15,96
GVESTA,2019,6,16,11,20.5,57.4,13.8,11.8,8.91,15.2,43.2,0,977.5,36,3.4,6.1,922,884,129,91,399,508,92,312,6,15,96
GVESTA,2019,6,16,12,21.8,51.6,13.5,11.4,8.72,15.5,44.1,0,977,44,4.2,7.2,986,961,102,90,167,545,153,313,25,15,96
GVESTA,2019,6,16,13,22.7,48.2,13.3,11.2,8.59,15.7,44.7,0,976.7,40,4.4,7.3,959,930,122,91,92,527,395,314,6,15,96
GVESTA,2019,6,16,14,23.6,46.6,13.6,11.5,8.78,16.2,46.1,0,976.6,37,4.4,7.9,855,867,129,87,88,439,573,314,0,15,96
GVESTA,2019,6,16,15,23.7,46.3,13.6,11.5,8.79,16.2,46.2,0,976.1,38,4.8,8,769,912,95,73,74,327,730,313,13,15,96
GVESTA,2019,6,16,16,23.8,45.1,13.3,11.2,8.6,16.1,45.8,0,975.7,37,5.1,8,599,839,88,61,62,175,784,313,0,15,96
GVESTA,2019,6,16,17,23.8,44.8,13.2,11.1,8.53,16.1,45.7,0,975.5,37,5,9,435,780,78,173,49,49,787,313,0,15,96
GVESTA,2019,6,16,18,23.4,44.7,12.9,10.7,8.34,15.8,44.7,0,975.5,35,4.4,7.8,251,625,65,233,35,35,641,317,13,15,96
GVESTA,2019,6,16,19,22.5,45.7,12.4,10.2,8.01,15.2,43,0,975.4,21,3.1,7.9,81,242,42,131,22,22,249,321,25,15,96
GVESTA,2019,6,16,20,21,53.5,13.3,11.2,8.6,15.1,43,0,975.4,5,2.2,4.9,0,0,0,0,0,0,0,310,0,15,96
GVESTA,2019,6,16,21,20.5,54.1,13,10.9,8.4,14.8,41.9,0,975.5,7,1.7,3.6,0,0,0,0,0,0,0,308,0,15,96
GVESTA,2019,6,16,22,20.4,55.5,13.3,11.2,8.6,14.9,42.3,0,975.6,353,1,2.6,0,0,0,0,0,0,0,315,0,15,96
GVESTA,2019,6,16,23,19.3,61.8,13.8,11.8,8.93,14.8,42.1,0,975.4,259,0.6,1.2,0,0,0,0,0,0,0,320,16,15,96
GVESTA,2019,6,17,0,18.2,67.5,14.1,12.1,9.12,14.5,41.4,0,975.4,270,0.6,1.3,0,0,0,0,0,0,0,302,0,15,96
GVESTA,2019,6,17,1,17.1,70.5,13.7,11.7,8.86,13.9,39.6,0,975.3,278,0.9,1.8,0,0,0,0,0,0,0,301,0,16,96
GVESTA,2019,6,17,2,16.8,70.5,13.5,11.4,8.73,13.6,39,0,975.2,301,0.7,1.4,0,0,0,0,0,0,0,301,0,16,96
GVESTA,2019,6,17,3,15.7,73.6,13.1,11,8.47,13,37.2,0,975.3,293,0.8,1.6,0,0,0,0,0,0,0,301,0,16,96
GVESTA,2019,6,17,4,15.1,76,13,10.9,8.4,12.7,36.4,0,975.2,288,0.5,1.5,0,0,0,0,0,0,0,302,0,16,96
GVESTA,2019,6,17,5,14.6,78.5,13,10.9,8.4,12.5,35.9,0,975.1,301,0.6,1.8,79,309,38,165,304,19,19,316,13,16,96
GVESTA,2019,6,17,6,16.6,76.2,14.4,12.4,9.32,14.1,40.3,0,975.1,34,0.5,1.8,239,621,63,239,635,34,34,302,0,16,96
GVESTA,2019,6,17,7,17.6,73,14.7,12.7,9.52,14.6,41.8,0,975,39,2.2,4.8,411,730,85,179,748,50,50,304,0,16,96
GVESTA,2019,6,17,8,18.6,69,14.8,12.8,9.59,15.1,43,0,974.6,31,3.3,6.2,586,826,91,78,783,154,62,309,0,16,96
GVESTA,2019,6,17,9,20,65.3,15.3,13.3,9.92,15.9,45.3,0,974.6,43,4.7,7.8,742,893,90,72,723,308,73,313,0,16,96
GVESTA,2019,6,17,10,21.5,59.6,15.3,13.3,9.92,16.4,46.8,0,974.3,48,4.3,7.4,856,902,106,83,582,429,84,317,0,16,96
GVESTA,2019,6,17,11,22.7,56.8,15.7,13.7,10.19,17,48.7,0,973.9,39,3.4,6.8,924,895,122,91,402,507,92,322,0,16,96
GVESTA,2019,6,17,12,23.8,51.5,15.2,13.2,9.86,17.2,49,0,973.7,38,3.2,6.1,964,942,97,89,160,530,152,326,0,16,96
GVESTA,2019,6,17,13,24.7,49.7,15.5,13.5,10.06,17.6,50.5,0,973.4,58,3.7,6.2,938,934,98,87,88,506,375,334,0,16,96
GVESTA,2019,6,17,14,25.2,47,15.1,13.1,9.8,17.6,50.3,0,973.1,55,3.1,9.4,851,873,119,85,86,435,565,331,6,16,96
GVESTA,2019,6,17,15,25.9,45.1,15.1,13.1,9.81,17.8,51.1,0,972.5,45,2.8,5.1,739,860,103,74,75,319,699,333,0,16,96
GVESTA,2019,6,17,16,26.3,43.5,14.9,12.9,9.68,17.8,51.1,0,972.1,42,3.1,5.3,575,749,118,68,69,190,730,334,0,16,96
GVESTA,2019,6,17,17,26.7,34.6,12.1,9.8,7.84,16.5,46.9,0,972,40,3.1,5.2,419,735,82,171,50,50,748,336,0,16,96
GVESTA,2019,6,17,18,26.8,38.2,13.5,11.4,8.76,17.3,49.3,0,971.9,24,2,4,246,611,64,228,35,35,627,337,0,16,96
GVESTA,2019,6,17,19,25.8,45.7,15.2,13.2,9.88,17.8,51.1,0,972.2,17,1.1,2.4,84,278,41,147,21,21,282,342,0,16,96
GVESTA,2019,6,17,20,24.2,54,16.3,14.3,10.6,17.9,51.3,0,972.6,18,0.8,3,0,0,0,0,0,0,0,352,23,16,96
GVESTA,2019,6,17,21,22.4,61.7,16.7,14.7,10.86,17.5,50.1,0,973,297,0.7,1.9,0,0,0,0,0,0,0,394,88,16,96
GVESTA,2019,6,17,22,20.6,70.7,17.2,15.1,11.2,17.1,49.1,0,972.8,13,1.1,3.2,0,0,0,0,0,0,0,393,100,16,96
GVESTA,2019,6,17,23,20.3,71.1,16.9,14.9,11,16.9,48.3,0,972.9,252,1.1,2.3,0,0,0,0,0,0,0,361,53,16,96
GVESTA,2019,6,18,0,20.2,70.7,16.7,14.7,10.86,16.7,47.9,0,973.3,288,0.8,1.7,0,0,0,0,0,0,0,326,0,16,96
GVESTA,2019,6,18,1,19.1,74.2,16.4,14.4,10.66,16.2,46.3,0,972.9,360,0.7,2,0,0,0,0,0,0,0,328,6,16,96
GVESTA,2019,6,18,2,18.7,72.7,15.7,13.7,10.2,15.6,44.7,0,972.8,297,0.8,1.8,0,0,0,0,0,0,0,340,25,16,96
GVESTA,2019,6,18,3,17.4,77.9,15.5,13.5,10.07,15,43,0,972.9,270,0.9,2.2,0,0,0,0,0,0,0,353,50,16,96
GVESTA,2019,6,18,4,16.8,78.3,15,13,9.74,14.5,41.5,0,973,304,0.5,1.3,0,0,0,0,0,0,0,379,90,16,96
GVESTA,2019,6,18,5,17.2,78.3,15.4,13.4,10,14.9,42.6,0,973.1,288,0.7,1.7,57,171,30,92,176,15,15,373,75,16,96
GVESTA,2019,6,18,6,18.6,75.6,16.2,14.2,10.53,15.9,45.4,0,973.4,315,0.6,1.6,238,606,65,237,623,35,35,347,33,16,96
GVESTA,2019,6,18,7,20.2,68.8,16.3,14.3,10.59,16.5,47.2,0,973.3,225,0.7,2.1,373,555,124,177,609,65,65,362,54,16,96
GVESTA,2019,6,18,8,21.9,62,16.3,14.3,10.6,17.1,49,0,972.9,196,1,2.5,530,608,169,106,655,178,86,366,56,16,96
GVESTA,2019,6,18,9,23.2,61.1,17.4,15.3,11.33,18.1,52.2,0,972.4,135,1.4,3.5,686,699,178,94,655,325,94,370,64,16,96
GVESTA,2019,6,18,10,24.4,54.4,16.6,14.6,10.8,18.1,52.1,0,972.2,146,1.2,3.2,679,425,327,163,466,389,162,393,88,16,96
GVESTA,2019,6,18,11,24.7,56.2,17.5,15.4,11.41,18.7,53.9,0,971.9,75,1.7,4.1,649,251,423,215,358,389,213,406,100,16,96
GVESTA,2019,6,18,12,26.5,51.5,17.8,15.7,11.61,19.4,56.3,0,971.5,69,2.1,5,882,707,232,126,202,521,213,396,78,16,96
GVESTA,2019,6,18,13,27.2,46.7,16.8,14.8,10.95,19.1,55.3,0,971,79,2.3,4.8,635,278,387,200,198,376,353,403,88,16,96
GVESTA,2019,6,18,14,29.4,31.4,12.9,10.7,8.38,17.8,51,0,970.4,205,2.8,6.7,660,387,340,172,171,376,450,389,78,16,96
GVESTA,2019,6,18,15,30.5,28.5,12.4,10.2,8.06,17.9,51.3,0,969.9,227,3.5,7.7,639,534,239,125,124,324,550,387,68,16,96
GVESTA,2019,6,18,16,30.1,28.6,12.2,9.9,7.93,17.7,50.5,0,969.5,236,3.1,5.7,333,91,276,149,148,175,240,402,88,16,96
GVESTA,2019,6,18,17,29,33.6,13.5,11.4,8.78,18,51.6,0,969.5,239,2.7,4.9,230,69,197,126,107,105,179,410,100,16,96
GVESTA,2019,6,18,18,28.5,38,14.8,12.8,9.64,18.5,53.3,0,969.6,221,4.2,6.3,108,29,101,67,55,55,84,410,100,16,96
GVESTA,2019,6,18,19,27.3,46.4,16.8,14.8,10.97,19.2,55.4,0,969.7,207,4.6,7.7,51,100,38,69,21,20,114,386,78,16,96
GVESTA,2019,6,18,20,26.3,51.1,17.5,15.4,11.43,19.2,55.6,0,970,198,2.8,5.7,0,0,0,0,0,0,0,379,68,16,96
GVESTA,2019,6,18,21,25.9,46.3,15.5,13.5,10.1,18,51.8,0,970.4,212,2.7,4.9,0,0,0,0,0,0,0,351,41,16,96
GVESTA,2019,6,18,22,24.3,49.3,15,13,9.76,17.2,49.3,0,970.5,256,1.4,3.8,0,0,0,0,0,0,0,363,54,16,96
GVESTA,2019,6,18,23,23.4,54.1,15.6,13.6,10.16,17.2,49.4,0,970.3,326,0.8,2.9,0,0,0,0,0,0,0,332,13,16,96
GVESTA,2019,6,19,0,22,62,16.4,14.4,10.7,17.2,49.3,0,970,315,0.8,2.1,0,0,0,0,0,0,0,315,0,16,96
GVESTA,2019,6,19,1,21,63.4,15.8,13.8,10.3,16.5,47.3,0,969.6,333,0.6,1.9,0,0,0,0,0,0,0,313,0,15,96
GVESTA,2019,6,19,2,20.4,64.1,15.4,13.4,10.04,16.1,46,0,969.6,333,0.3,0.9,0,0,0,0,0,0,0,319,6,15,96
GVESTA,2019,6,19,3,18.3,69.8,14.7,12.7,9.57,14.9,42.7,0,969.7,297,0.6,1.7,0,0,0,0,0,0,0,344,43,15,96
GVESTA,2019,6,19,4,17.3,72.4,14.3,12.3,9.31,14.3,41,0,969.8,360,0.8,2.4,0,0,0,0,0,0,0,345,41,15,96
GVESTA,2019,6,19,5,17.4,72,14.3,12.3,9.31,14.3,41.1,0,969.9,315,0.6,3,20,12,19,16,22,10,10,374,88,15,96
GVESTA,2019,6,19,6,19,70.4,15.5,13.5,10.1,15.6,44.7,0,970.5,279,0.9,2.8,123,146,73,83,184,39,39,380,94,15,96
GVESTA,2019,6,19,7,21.4,59.5,15.2,13.2,9.9,16.3,46.7,0,970.6,201,2.3,6.9,390,637,101,171,669,56,56,354,48,15,96
GVESTA,2019,6,19,8,23.5,48.8,14.1,12.1,9.17,16.5,47,0,970.4,212,3.8,7.5,516,574,176,111,625,171,90,372,64,15,96
GVESTA,2019,6,19,9,24.4,41.8,12.8,10.6,8.32,16.1,45.7,0,970,234,3.8,7,571,385,294,146,488,296,145,377,71,15,96
GVESTA,2019,6,19,10,24.9,42,13.2,11.1,8.59,16.5,46.9,0,969.5,246,2.6,5.3,852,863,132,90,576,435,90,356,44,15,96
GVESTA,2019,6,19,11,26.8,35.8,12.6,10.4,8.19,16.8,47.9,0,969,235,3,5.7,925,892,125,91,401,506,92,356,43,15,96
GVESTA,2019,6,19,12,27.9,34.9,13.1,11,8.53,17.4,49.8,0,968.5,233,2.9,6.8,987,938,124,93,179,553,163,373,50,15,96
GVESTA,2019,6,19,13,29.3,34.2,13.9,11.9,9.06,18.3,52.6,0,967.9,235,4,7.5,898,816,161,105,106,499,373,371,41,15,96
GVESTA,2019,6,19,14,29.4,33.8,13.8,11.8,9,18.3,52.6,0,967.5,232,4.5,8,736,584,251,138,138,394,499,381,68,15,96
GVESTA,2019,6,19,15,29.4,28.6,11.7,9.3,7.62,17.2,49,0,967.1,227,6.7,11.2,607,473,260,131,131,308,526,385,75,15,96
GVESTA,2019,6,19,16,29.8,29.7,12.4,10.2,8.08,17.7,50.6,0,966.8,230,7.6,11.6,487,415,233,113,113,216,517,386,71,15,96
GVESTA,2019,6,19,17,28,40.1,15.2,13.2,9.93,18.6,53.5,0,967.1,224,6.9,10.4,394,594,119,174,62,62,642,388,71,15,96
GVESTA,2019,6,19,18,26.6,42.7,14.9,12.9,9.73,17.9,51.6,0,967.5,221,8,12.1,159,171,111,122,58,57,230,393,81,15,96
GVESTA,2019,6,19,19,25.5,42.7,13.9,11.9,9.06,17.1,48.7,0,968,223,7.2,10.8,56,62,46,54,25,25,84,395,88,15,96
GVESTA,2019,6,19,20,24.3,42.1,12.8,10.6,8.33,16,45.7,0,968.5,219,7.5,12,0,0,0,0,0,0,0,393,88,15,96
GVESTA,2019,6,19,21,24,40.3,12,9.7,7.79,15.5,44,0,969.8,208,5.9,10.4,0,0,0,0,0,0,0,394,94,15,96
GVESTA,2019,6,19,22,23.7,40.2,11.8,9.4,7.66,15.2,43.3,0,970.1,171,2.4,6.5,0,0,0,0,0,0,0,389,94,15,96
GVESTA,2019,6,19,23,23.7,37.6,11,8.4,7.13,14.8,42,0,970.2,205,3.9,8.2,0,0,0,0,0,0,0,353,45,15,96
GVESTA,2019,6,20,0,22.3,42.3,11.4,8.9,7.39,14.5,41.2,0,970.7,243,3.1,6,0,0,0,0,0,0,0,360,60,15,96
GVESTA,2019,6,20,1,21,49,12.2,9.9,7.92,14.5,41.2,0,970.5,243,1.7,3.3,0,0,0,0,0,0,0,388,100,16,96
GVESTA,2019,6,20,2,20.2,55.4,13.1,11,8.51,14.7,41.9,0.1,970.8,236,3.1,8.6,0,0,0,0,0,0,0,388,100,16,96
GVESTA,2019,6,20,3,17.5,82.6,16.5,14.5,10.75,15.6,44.8,2.2,970.9,219,1.9,5.9,0,0,0,0,0,0,0,388,100,16,96
GVESTA,2019,6,20,4,17.6,86.4,17.4,15.3,11.35,16.1,46.5,2,970.7,21,1.3,3.3,0,0,0,0,0,0,0,382,94,16,96
GVESTA,2019,6,20,5,17.7,85.8,17.4,15.3,11.35,16.2,46.6,0.1,970.9,281,1.2,2.8,17,2,17,11,11,9,9,388,100,16,96
GVESTA,2019,6,20,6,18.3,86.5,18.2,16,11.87,16.8,48.5,0,971.5,219,1.6,3.5,53,24,48,37,50,26,26,388,100,16,96
GVESTA,2019,6,20,7,17.5,88.1,17.6,15.5,11.47,16.2,46.6,2.9,972.3,225,2.5,5.6,77,0,77,43,43,42,42,389,100,16,96
GVESTA,2019,6,20,8,17.3,87.5,17.3,15.2,11.26,16,45.9,0.4,972.9,297,0.9,3.6,161,3,159,89,91,87,88,392,100,16,96
GVESTA,2019,6,20,9,18.1,80,16.6,14.6,10.8,15.9,45.6,0,972.5,124,1,4,312,37,284,157,189,171,154,394,100,16,96
GVESTA,2019,6,20,10,21.2,66,16.6,14.6,10.8,17,48.8,0,972.2,239,2.7,5.3,742,585,255,128,516,415,127,379,69,16,96
GVESTA,2019,6,20,11,22.3,59.8,16.1,14.1,10.48,17.1,49.1,0,971.9,186,2.7,5.6,705,386,360,183,382,417,182,380,71,16,96
GVESTA,2019,6,20,12,23.3,57.7,16.5,14.5,10.75,17.7,50.8,0,971.3,156,2.3,6.1,859,658,253,131,217,512,209,377,56,16,96
GVESTA,2019,6,20,13,24.8,48.2,15.1,13.1,9.82,17.4,50,0,971.1,217,3.4,6.4,939,894,134,94,95,521,398,369,41,16,96
GVESTA,2019,6,20,14,24.7,51.7,16.1,14.1,10.49,17.9,51.6,0,970.8,237,3.2,5.9,606,352,312,165,164,337,396,382,71,16,96
GVESTA,2019,6,20,15,25.2,48,15.4,13.4,10.03,17.7,50.9,0,970.6,229,3.3,5.6,640,538,240,120,120,326,561,386,75,16,96
GVESTA,2019,6,20,16,25.7,47.5,15.7,13.7,10.23,18.1,51.9,0,970.7,245,1.8,4.2,374,208,248,131,130,179,334,392,88,16,96
GVESTA,2019,6,20,17,25.8,46.3,15.4,13.4,10.03,17.9,51.5,0,970.7,297,1.7,4.1,174,44,152,93,82,81,128,399,100,16,96
GVESTA,2019,6,20,18,24.7,53.4,16.6,14.6,10.82,18.2,52.4,0,971.3,25,2.2,5,113,36,101,69,55,54,92,398,94,16,96
GVESTA,2019,6,20,19,22.8,62.6,17.4,15.3,11.34,18,51.8,0,971.5,54,2.5,4.6,7,0,7,4,4,4,4,396,100,16,96
GVESTA,2019,6,20,20,22.6,63.4,17.4,15.3,11.34,17.9,51.6,0,972.1,13,1.8,3.7,0,0,0,0,0,0,0,394,100,16,96
GVESTA,2019,6,20,21,22,62.9,16.6,14.6,10.8,17.3,49.6,0,972.3,36,1.5,3.3,0,0,0,0,0,0,0,362,48,16,96
GVESTA,2019,6,20,22,21.1,65.1,16.3,14.3,10.6,16.8,48.1,0,972.8,45,1.4,3.8,0,0,0,0,0,0,0,364,60,16,96
GVESTA,2019,6,20,23,20.3,66.2,15.8,13.8,10.27,16.2,46.5,0,972.9,360,1.1,3,0,0,0,0,0,0,0,359,41,16,96
GVESTA,2019,6,21,0,19.7,70.6,16.2,14.2,10.53,16.3,46.5,0,972.8,12,1.6,3.6,0,0,0,0,0,0,0,358,48,16,96
GVESTA,2019,6,21,1,18.5,76.5,16.3,14.3,10.6,15.9,45.5,0,973,3,1.7,2.7,0,0,0,0,0,0,0,367,68,16,96
GVESTA,2019,6,21,2,17.7,80.5,16.3,14.3,10.6,15.6,44.6,0,973.1,352,0.9,1.9,0,0,0,0,0,0,0,384,100,16,96
GVESTA,2019,6,21,3,17.9,78.4,16.1,14.1,10.47,15.5,44.5,0,972.9,329,0.7,1.9,0,0,0,0,0,0,0,385,100,16,96
GVESTA,2019,6,21,4,17.2,81.5,16,14,10.4,15.2,43.6,0,972.8,15,1.2,2.4,0,0,0,0,0,0,0,385,100,16,96
GVESTA,2019,6,21,5,17,84.1,16.3,14.3,10.6,15.3,43.9,0,972.7,360,1.6,2.8,8,1,8,5,6,4,4,386,100,16,96
GVESTA,2019,6,21,6,17.9,80,16.4,14.4,10.66,15.7,45,0,973,11,1,2.5,58,16,54,36,46,29,29,387,100,16,96
GVESTA,2019,6,21,7,18.4,78,16.5,14.5,10.73,16,45.7,0,973.4,27,0.8,1.6,141,6,139,79,83,76,77,388,100,16,96
GVESTA,2019,6,21,8,19,74.7,16.4,14.4,10.66,16.1,46.1,0,973.3,42,2.4,5.1,308,120,231,124,239,157,123,388,94,16,96
GVESTA,2019,6,21,9,20,72.9,17.1,15,11.12,16.8,48.3,0,973.5,39,3.3,6.5,556,350,302,151,466,295,149,384,81,16,96
GVESTA,2019,6,21,10,20.9,69,17.1,15,11.12,17.1,49.3,0,973.4,32,3.7,6.8,448,113,356,191,283,253,188,396,100,16,96
GVESTA,2019,6,21,11,21,67.7,16.8,14.8,10.92,17.1,48.9,0,973.4,42,3.7,6.6,364,17,349,194,201,201,192,399,100,16,96
GVESTA,2019,6,21,12,22,64.9,17.2,15.1,11.19,17.6,50.6,0,972.9,41,3.5,6.3,515,111,413,222,256,298,227,402,100,16,96
GVESTA,2019,6,21,13,22.3,64.1,17.3,15.2,11.26,17.7,51.1,0,972.9,29,3.4,5.9,459,61,405,222,220,259,256,403,100,16,96
GVESTA,2019,6,21,14,23.4,59.2,17.1,15,11.13,18,51.9,0,972.4,42,4.9,8.2,668,406,329,163,162,386,454,399,88,16,96
GVESTA,2019,6,21,15,23.7,56.7,16.6,14.6,10.8,17.9,51.3,0,972.4,45,5.9,9.6,494,217,334,174,173,270,368,395,94,16,96
GVESTA,2019,6,21,16,22.1,62.5,16.6,14.6,10.8,17.3,49.7,0,972.4,33,4.3,8.4,56,0,56,32,31,31,31,401,100,16,96
GVESTA,2019,6,21,17,20.6,77.9,18.9,16.6,12.33,18,52,0.4,972.7,342,1.2,3.7,35,0,35,20,20,19,19,400,100,16,96
GVESTA,2019,6,21,18,20.9,75.5,18.6,16.4,12.12,18,51.8,0,973.2,231,1,2,17,0,17,10,9,9,9,399,100,16,96
GVESTA,2019,6,21,19,21.1,73.1,18.3,16.1,11.92,17.9,51.5,0,973.2,141,1.3,3.4,4,0,4,2,2,2,2,397,100,16,96
GVESTA,2019,6,21,20,19.8,78.7,18.2,16,11.85,17.4,50,0,973.3,59,2.8,6.6,0,0,0,0,0,0,0,392,94,16,96
GVESTA,2019,6,21,21,19.5,74.7,16.9,14.9,10.99,16.6,47.5,0,973.2,49,2.4,5,0,0,0,0,0,0,0,387,88,16,96
GVESTA,2019,6,21,22,19.5,76.2,17.3,15.2,11.25,16.8,48.2,0,973.5,103,1,2.1,0,0,0,0,0,0,0,390,100,16,96
GVESTA,2019,6,21,23,19.4,75.7,17.1,15,11.12,16.6,47.7,0,973.3,94,1.5,3.3,0,0,0,0,0,0,0,385,94,16,96
GVESTA,2019,6,22,0,18.6,79.6,17,15,11.06,16.3,46.7,0,973.2,42,1.4,2.1,0,0,0,0,0,0,0,386,100,16,96
GVESTA,2019,6,22,1,18.9,80.6,17.6,15.5,11.46,16.7,48.1,0.1,973.1,354,1.1,2.5,0,0,0,0,0,0,0,375,78,17,96
GVESTA,2019,6,22,2,19.1,80.2,17.7,15.6,11.52,16.9,48.4,0,973.2,14,1.1,2.4,0,0,0,0,0,0,0,371,71,17,96
GVESTA,2019,6,22,3,18.2,84.8,17.7,15.6,11.53,16.5,47.5,0,972.7,59,1.3,2.7,0,0,0,0,0,0,0,384,100,17,96
GVESTA,2019,6,22,4,17.8,83.7,17.1,15,11.13,16,46.1,0.1,972.9,79,1.7,3.7,0,0,0,0,0,0,0,384,100,17,96
GVESTA,2019,6,22,5,17.6,85.3,17.2,15.1,11.19,16,46.1,0,973,11,1.7,3,28,56,21,38,63,11,11,383,94,17,96
GVESTA,2019,6,22,6,17.4,85.8,17,15,11.06,15.9,45.5,0,973,45,1.8,3.9,83,17,78,50,61,43,43,383,100,17,96
GVESTA,2019,6,22,7,18.1,81.1,16.8,14.8,10.93,16,45.9,0,973,94,1.4,2.7,385,636,97,169,666,58,58,363,45,17,96
GVESTA,2019,6,22,8,18.7,80.1,17.3,15.2,11.26,16.5,47.4,0,973,73,1.5,4.5,540,682,135,94,697,168,76,367,41,17,96
GVESTA,2019,6,22,9,20.1,73.9,17.4,15.3,11.33,17,49,0,972.8,29,1.5,3.8,675,686,174,95,643,323,95,369,48,17,96
GVESTA,2019,6,22,10,21.2,69,17.4,15.3,11.33,17.4,50.1,0,972.8,66,2,5.7,700,466,313,153,493,408,152,379,53,17,96
GVESTA,2019,6,22,11,22.4,61.3,16.6,14.6,10.8,17.4,50,0,972.7,72,2.4,5.6,715,378,376,187,394,436,186,396,78,17,96
GVESTA,2019,6,22,12,23.6,57.4,16.7,14.7,10.87,17.9,51.4,0,972.3,39,2.4,5.3,393,25,370,207,206,220,213,396,88,17,96
GVESTA,2019,6,22,13,22.6,59.1,16.2,14.2,10.54,17.3,49.5,0,972.4,101,3.3,6.2,268,50,222,120,119,155,144,401,100,17,96
GVESTA,2019,6,22,14,21,72.6,18.1,15.9,11.79,17.7,51.1,0.7,972.7,233,2.7,5.7,426,203,261,142,141,237,287,397,94,17,96
GVESTA,2019,6,22,15,23.4,58.5,16.8,14.8,10.94,17.9,51.4,0,972.4,227,2.1,4.7,711,760,142,91,91,330,652,386,59,17,96
GVESTA,2019,6,22,16,24,56.4,16.8,14.8,10.94,18.1,52,0,972,259,2.3,4.5,512,539,190,102,102,198,602,385,63,17,96
GVESTA,2019,6,22,17,23.9,56,16.6,14.6,10.81,17.9,51.6,0,971.8,309,1.7,3.5,408,656,102,171,59,59,689,380,44,17,96
GVESTA,2019,6,22,18,23.7,58.6,17.2,15.1,11.2,18.2,52.3,0,972.1,31,3.4,8.2,48,10,44,28,25,24,35,398,94,17,96
GVESTA,2019,6,22,19,22.7,58.7,16.2,14.2,10.54,17.3,49.6,0,972.2,36,2.8,5.2,11,0,11,7,7,6,7,384,79,17,96
GVESTA,2019,6,22,20,22.4,59.4,16.1,14.1,10.47,17.2,49.1,0,972.9,13,1.3,2.8,0,0,0,0,0,0,0,340,6,17,96
GVESTA,2019,6,22,21,21.3,64.8,16.4,14.4,10.66,16.9,48.5,0,973.4,323,1.1,2,0,0,0,0,0,0,0,327,0,17,96
GVESTA,2019,6,22,22,20.6,66.3,16.1,14.1,10.46,16.5,47.3,0,973.4,270,1,2.1,0,0,0,0,0,0,0,324,0,17,96
GVESTA,2019,6,22,23,19.8,66.6,15.4,13.4,10,15.8,45.3,0,973.4,243,0.7,2.1,0,0,0,0,0,0,0,321,0,17,96
GVESTA,2019,6,23,0,18.8,70.4,15.3,13.3,9.93,15.4,44.1,0,973.2,329,0.8,1.4,0,0,0,0,0,0,0,318,0,17,96
GVESTA,2019,6,23,1,18.6,69,14.8,12.8,9.61,15.1,43.1,0,973.2,288,0.4,1.1,0,0,0,0,0,0,0,316,0,17,96
GVESTA,2019,6,23,2,17.5,73.9,14.8,12.8,9.61,14.7,41.9,0,973.1,329,1,2,0,0,0,0,0,0,0,316,0,17,96
GVESTA,2019,6,23,3,17.2,74.8,14.7,12.7,9.54,14.5,41.5,0,973.1,315,0.8,2.2,0,0,0,0,0,0,0,316,0,17,96
GVESTA,2019,6,23,4,16.1,79.2,14.5,12.5,9.41,13.9,40,0,973.3,320,1.2,2.7,0,0,0,0,0,0,0,316,0,17,96
GVESTA,2019,6,23,5,16,80.8,14.7,12.7,9.54,14,40.2,0,973.6,270,0.7,1.3,73,264,37,144,264,19,20,324,13,17,96
GVESTA,2019,6,23,6,17,82.5,16,14,10.39,15.1,43.4,0,973.6,16,0.8,1.7,232,599,63,235,616,36,36,316,0,17,96
GVESTA,2019,6,23,7,18.4,76.5,16.2,14.2,10.53,15.8,45.2,0,973.5,58,1.6,3.2,405,737,79,182,752,51,51,318,0,17,96
GVESTA,2019,6,23,8,19.5,70.5,16,14,10.4,16.1,46,0,973.2,51,3,6.8,577,820,89,81,781,152,65,329,0,17,96
GVESTA,2019,6,23,9,20.7,69.8,17,15,11.06,17.1,48.9,0,973,53,3.6,7.1,721,836,113,80,708,314,81,337,13,17,96
GVESTA,2019,6,23,10,22.1,60.9,16.2,14.2,10.53,17.1,49,0,973.1,45,4.2,7.6,842,871,118,90,585,430,91,346,25,17,96
GVESTA,2019,6,23,11,23.7,55.6,16.3,14.3,10.6,17.7,50.8,0,972.8,54,3.7,6.5,929,924,101,93,402,505,95,353,29,17,96
GVESTA,2019,6,23,12,24.8,56.3,17.6,15.5,11.46,18.7,54.1,0,972.7,47,2.7,5.4,951,907,117,98,182,536,157,363,39,17,96
GVESTA,2019,6,23,13,25.6,51.9,17.1,15,11.13,18.7,54.1,0,972.4,70,2.6,5.8,922,883,125,97,98,514,385,344,29,17,96
GVESTA,2019,6,23,14,26.3,45.5,15.6,13.6,10.14,18.2,52.3,0,972.3,80,2,4.2,872,920,98,88,89,443,573,365,33,17,96
GVESTA,2019,6,23,15,26.9,42,14.9,12.9,9.68,18,51.8,0,972.1,69,2.5,4.1,734,781,153,91,91,348,684,383,55,17,96
GVESTA,2019,6,23,16,27.3,39.2,14.2,12.2,9.22,17.8,51,0,972,88,2.3,3.9,563,694,140,79,79,201,704,380,39,17,96
GVESTA,2019,6,23,17,27,40.1,14.3,12.3,9.29,17.8,50.9,0,971.9,69,2.6,3.7,404,625,110,170,62,62,665,394,65,17,96
GVESTA,2019,6,23,18,26.3,47.9,16.4,14.4,10.67,18.6,53.7,0,972.1,25,1.5,2.8,212,350,105,174,54,54,405,404,78,17,96
GVESTA,2019,6,23,19,25.5,51.2,16.7,14.7,10.87,18.5,53.3,0,972.5,27,0.9,1.9,56,68,44,55,24,24,89,414,94,17,96
GVESTA,2019,6,23,20,24.5,58.4,17.9,15.8,11.65,18.8,54.3,0,973.2,349,0.6,1.3,0,0,0,0,0,0,0,410,100,17,96
GVESTA,2019,6,23,21,23.1,64.3,18.2,16,11.84,18.5,53.4,0,974,342,0.8,2.1,0,0,0,0,0,0,0,405,100,17,96
GVESTA,2019,6,23,22,22.7,65.5,18.1,15.9,11.77,18.3,52.8,0,974.4,360,0.3,0.9,0,0,0,0,0,0,0,389,84,17,96
GVESTA,2019,6,23,23,21.4,70,17.8,15.7,11.57,17.7,50.9,0,974.8,270,0.4,1.1,0,0,0,0,0,0,0,388,88,17,96
GVESTA,2019,6,24,0,21.1,71.3,17.8,15.7,11.57,17.6,50.6,0,974.9,342,0.3,1.2,0,0,0,0,0,0,0,364,55,17,96
GVESTA,2019,6,24,1,20.4,72.5,17.4,15.3,11.3,17.1,49.2,0,975,333,0.4,1.5,0,0,0,0,0,0,0,343,33,16,96
GVESTA,2019,6,24,2,20.2,71.6,16.9,14.9,10.97,16.8,48.2,0,975,270,0.5,1.3,0,0,0,0,0,0,0,328,0,16,96
GVESTA,2019,6,24,3,18.8,75.1,16.3,14.3,10.58,16,45.7,0,975,342,0.5,1.1,0,0,0,0,0,0,0,337,20,16,96
GVESTA,2019,6,24,4,18.2,76,15.9,13.9,10.31,15.5,44.4,0,975,315,0.4,1.2,0,0,0,0,0,0,0,333,0,16,96
GVESTA,2019,6,24,5,17.7,78.9,16,14,10.38,15.4,44.1,0,975.2,333,0.4,1.1,74,271,38,148,270,20,20,333,13,16,96
GVESTA,2019,6,24,6,19.3,80.2,17.9,15.8,11.63,17.1,48.9,0,975.1,21,0.8,1.5,229,584,66,233,602,35,35,346,25,16,96
GVESTA,2019,6,24,7,20.8,74,18.2,16,11.83,17.7,51,0,975.1,59,0.8,2.1,409,741,80,182,756,49,49,348,25,16,96
GVESTA,2019,6,24,8,22.3,65.4,17.6,15.5,11.43,17.9,51.5,0,975,53,1.2,4.9,579,829,86,78,782,147,61,346,29,16,96
GVESTA,2019,6,24,9,23.6,61.6,17.9,15.8,11.63,18.5,53.3,0,974.9,76,1.8,3.8,732,888,86,71,719,300,72,339,6,16,96
GVESTA,2019,6,24,10,25.1,60,19.1,16.8,12.43,19.6,56.9,0,974.8,90,1.9,4,836,864,120,86,580,424,86,347,13,16,96
GVESTA,2019,6,24,11,26.6,53.6,18.6,16.4,12.1,19.8,57.6,0,974.8,72,1.5,4.7,918,900,112,90,399,499,91,370,33,16,96
GVESTA,2019,6,24,12,27.9,50.3,18.9,16.6,12.3,20.4,59.5,0,974.4,61,2.3,5.6,956,934,97,90,164,526,147,367,25,16,96
GVESTA,2019,6,24,13,28.5,44.1,17.2,15.1,11.18,19.7,57.2,0,974.2,85,2.6,4.9,921,894,115,90,91,504,374,377,23,16,96
GVESTA,2019,6,24,14,29.2,43.7,17.7,15.6,11.51,20.2,58.8,0,973.9,71,2.6,5.5,843,855,123,87,88,434,553,383,33,16,96
GVESTA,2019,6,24,15,29.5,42.2,17.4,15.3,11.32,20.1,58.6,0,973.5,65,3.4,4.9,654,571,226,114,114,332,571,412,75,16,96
GVESTA,2019,6,24,16,28.8,45.6,18.1,15.9,11.78,20.2,59.1,0,973.4,41,2.9,4.4,399,197,279,145,144,198,344,429,100,16,96
GVESTA,2019,6,24,17,28.5,46.7,18.2,16,11.85,20.2,58.9,0,973.4,20,2.1,3.9,256,115,203,139,108,106,227,429,100,16,96
GVESTA,2019,6,24,18,28.2,50,19.1,16.8,12.45,20.6,60.1,0,973.6,360,1.3,3.5,191,299,95,145,50,49,347,417,81,16,96
GVESTA,2019,6,24,19,27.9,53.5,20.1,17.6,13.11,20.9,61.5,0,973.7,307,0.5,1.3,17,2,17,10,9,9,11,428,100,16,96
GVESTA,2019,6,24,20,26.6,60,20.9,18.2,13.64,20.9,61.5,0,973.9,315,0.4,1,2,0,2,1,1,1,1,412,81,16,96
GVESTA,2019,6,24,21,24.9,66.8,21,18.3,13.7,20.4,59.9,0,974.4,270,1,2.1,0,0,0,0,0,0,0,404,75,16,96
GVESTA,2019,6,24,22,24.4,64.6,19.7,17.3,12.83,19.7,57.2,0,974.6,276,1,1.9,0,0,0,0,0,0,0,411,94,16,96
GVESTA,2019,6,24,23,24,62.5,18.7,16.4,12.17,19,55.1,0,974.7,262,0.7,1.7,0,0,0,0,0,0,0,381,46,16,96
GVESTA,2019,6,25,0,23.3,64.8,18.5,16.3,12.03,18.7,54,0,975,315,0.5,1.3,0,0,0,0,0,0,0,370,29,16,96
GVESTA,2019,6,25,1,22.6,66.3,18.2,16,11.83,18.3,52.8,0,975,360,0.3,1.3,0,0,0,0,0,0,0,373,46,17,96
GVESTA,2019,6,25,2,21.9,68.3,18,15.8,11.7,18,51.8,0,974.7,252,0.4,1.4,0,0,0,0,0,0,0,365,13,17,96
GVESTA,2019,6,25,3,21.1,71.7,18,15.8,11.7,17.7,50.9,0,974.8,297,0.5,1.1,0,0,0,0,0,0,0,368,34,17,96
GVESTA,2019,6,25,4,20,76.8,18,15.8,11.69,17.3,49.8,0,975.5,315,0.9,2.2,0,0,0,0,0,0,0,354,19,17,96
GVESTA,2019,6,25,5,20.2,77.8,18.4,16.2,11.95,17.6,50.6,0,976.2,307,0.6,1.5,64,182,38,105,190,20,20,373,19,17,96
GVESTA,2019,6,25,6,21.5,76,19.5,17.1,12.67,18.6,53.8,0,976.7,270,0.5,2.8,224,566,66,229,587,37,37,351,0,17,96
GVESTA,2019,6,25,7,23,71.6,20.1,17.6,13.07,19.4,56.4,0,977,248,0.6,2,397,718,79,180,736,52,52,352,0,17,96
GVESTA,2019,6,25,8,24.8,63.9,20,17.5,13,19.9,58,0,977.1,297,0.7,1.9,575,826,84,81,784,151,66,362,13,17,96
GVESTA,2019,6,25,9,26.1,62.6,21.1,18.4,13.73,20.9,61.3,0,976.9,52,1.6,4.1,715,830,109,82,701,312,83,377,33,17,96
GVESTA,2019,6,25,10,27.4,55.5,20.2,17.7,13.14,20.8,61.1,0,976.7,84,2,4.7,836,876,109,91,583,427,92,358,0,17,96
GVESTA,2019,6,25,11,28.5,49.5,19.3,16.9,12.54,20.7,60.7,0,976.6,77,2.4,5.2,923,918,100,96,404,505,97,362,0,17,96
GVESTA,2019,6,25,12,29.7,48.2,20.1,17.6,13.07,21.5,63.3,0,976.5,78,2,4.3,950,923,100,98,173,533,158,383,16,17,96
GVESTA,2019,6,25,13,30.7,45.8,20.3,17.7,13.21,21.8,64.7,0,976,68,2.3,4.3,905,844,144,103,104,515,390,395,25,17,96
GVESTA,2019,6,25,14,31.2,45.4,20.6,18,13.41,22.1,65.7,0,975.9,77,2.2,4.4,842,859,119,93,94,441,557,397,29,17,96
GVESTA,2019,6,25,15,31.7,44.4,20.7,18.1,13.48,22.3,66.4,0,975.7,70,2.3,4.8,695,709,164,98,98,337,636,409,54,17,96
GVESTA,2019,6,25,16,32.1,47.7,22.8,19.6,14.88,23.3,70.4,0,975.6,30,2.5,3.9,506,506,201,105,105,210,584,424,65,17,96
GVESTA,2019,6,25,17,31.6,50.9,23.6,20.2,15.42,23.5,71.3,0,975.7,40,1.8,3.3,374,508,129,158,73,73,564,419,60,17,96
GVESTA,2019,6,25,18,31.6,50,23.2,19.9,15.15,23.4,70.6,0,976,38,1.4,4,178,205,118,137,63,62,270,439,78,17,96
GVESTA,2019,6,25,19,30.9,50.7,22.7,19.5,14.8,22.9,68.9,0,976.7,258,2,4.8,86,263,48,148,25,25,271,409,43,17,96
GVESTA,2019,6,25,20,30.2,51.8,22.2,19.2,14.46,22.6,67.3,0,977.4,241,2.1,4,3,0,3,2,2,2,2,407,48,17,96
GVESTA,2019,6,25,21,28.6,56.8,22.3,19.2,14.52,22.1,65.8,0,977.9,254,1.8,3.4,0,0,0,0,0,0,0,418,75,17,96
GVESTA,2019,6,25,22,27,64.4,23,19.7,14.97,21.9,65.3,0,978.6,307,0.6,2.2,0,0,0,0,0,0,0,427,100,17,96
GVESTA,2019,6,25,23,25.7,70.4,23.3,19.9,15.17,21.7,64.5,0,978.6,326,0.4,1.9,0,0,0,0,0,0,0,422,100,17,96
GVESTA,2019,6,26,0,25.1,72,23,19.7,14.97,21.4,63.4,0,978.6,342,0.4,1.2,0,0,0,0,0,0,0,418,100,17,96
GVESTA,2019,6,26,1,24.6,70.2,21.7,18.8,14.1,20.6,60.7,0,978.7,326,0.6,1.5,0,0,0,0,0,0,0,394,60,16,96
GVESTA,2019,6,26,2,24.4,70.6,21.6,18.7,14.04,20.5,60.3,0,978.7,284,0.6,1.5,0,0,0,0,0,0,0,384,33,16,96
GVESTA,2019,6,26,3,24,71.4,21.3,18.5,13.84,20.3,59.4,0,978.8,270,0.5,1,0,0,0,0,0,0,0,370,6,16,96
GVESTA,2019,6,26,4,22.9,74.4,20.8,18.1,13.5,19.7,57.4,0,979.1,270,0.5,2.5,0,0,0,0,0,0,0,366,0,16,96
GVESTA,2019,6,26,5,22.3,78.6,21.1,18.4,13.7,19.7,57.2,0,979.4,304,0.4,0.9,71,244,38,135,246,20,20,379,19,16,96
GVESTA,2019,6,26,6,23.3,77.8,22.2,19.2,14.42,20.5,60.1,0,979.6,338,0.7,1.5,222,563,65,224,581,35,35,365,0,16,96
GVESTA,2019,6,26,7,24.6,74.7,23.1,19.8,15.02,21.3,63,0,979.9,27,0.8,1.9,390,689,86,178,712,51,51,365,0,16,96
GVESTA,2019,6,26,8,26.2,65,22.1,19.1,14.35,21.3,62.9,0,980.2,51,1.6,3.2,560,781,96,80,751,151,64,367,0,16,96
GVESTA,2019,6,26,9,27.6,62.5,23.1,19.8,15.01,22.2,66.1,0,980.3,65,1.6,4.3,706,815,114,77,693,306,78,368,0,16,96
GVESTA,2019,6,26,10,28.7,58.3,22.9,19.7,14.88,22.4,66.9,0,980.3,74,1.6,4,815,814,140,91,570,424,92,370,0,16,96
GVESTA,2019,6,26,11,30.1,52.8,22.5,19.4,14.61,22.6,67.6,0,980.2,81,2,5.4,928,930,96,89,400,500,90,373,0,16,96
GVESTA,2019,6,26,12,31.3,50.2,22.9,19.7,14.89,23.2,69.6,0,979.6,61,2.4,4.5,951,933,93,91,162,525,149,383,0,16,96
GVESTA,2019,6,26,13,32.2,44.8,21.6,18.7,14.03,22.8,68.3,0,979.2,56,2.5,4.7,900,835,148,98,99,508,385,390,6,16,96
GVESTA,2019,6,26,14,32.7,44.4,22,19,14.3,23.1,69.5,0,978.7,67,2.3,4.9,859,916,89,83,84,431,557,387,0,16,96
GVESTA,2019,6,26,15,33.4,45.2,23.3,19.9,15.17,23.9,72.5,0,978.4,74,2.4,5.2,731,835,109,78,79,324,682,385,0,16,96
GVESTA,2019,6,26,16,33.5,44.9,23.3,19.9,15.18,23.9,72.6,0,977.9,35,2.2,3.7,592,811,95,65,66,183,766,382,6,16,96
GVESTA,2019,6,26,17,33.6,44.4,23.1,19.8,15.05,23.9,72.4,0,977.6,28,2.4,3.4,425,750,77,165,50,51,757,380,0,16,96
GVESTA,2019,6,26,18,33.3,47.1,24.1,20.5,15.72,24.2,73.8,0,977.7,27,1.8,3.3,246,585,70,223,38,38,607,377,0,16,96
GVESTA,2019,6,26,19,31.9,50.1,23.6,20.2,15.38,23.6,71.5,0,977.9,17,1.4,2.2,89,304,44,162,23,22,306,375,0,16,96
GVESTA,2019,6,26,20,31,51.1,23,19.7,14.97,23.1,69.5,0,978.4,342,0.4,1.4,4,0,4,2,2,2,2,375,0,16,96
GVESTA,2019,6,26,21,29.8,56.4,23.7,20.2,15.43,23.1,69.4,0,978.8,297,0.4,0.8,0,0,0,0,0,0,0,366,0,16,96
GVESTA,2019,6,26,22,28.5,62,24.1,20.5,15.7,22.9,68.8,0,979,315,0.6,1.4,0,0,0,0,0,0,0,362,0,16,96
GVESTA,2019,6,26,23,27.3,65.2,23.7,20.2,15.43,22.3,66.8,0,979.2,292,0.6,1.7,0,0,0,0,0,0,0,357,0,16,96
GVESTA,2019,6,27,0,26.6,65.9,23,19.7,14.96,21.8,64.9,0,979.1,360,0.3,0.8,0,0,0,0,0,0,0,353,0,16,96
GVESTA,2019,6,27,1,25.8,68.2,22.7,19.5,14.76,21.5,63.6,0,979,288,0.4,1.2,0,0,0,0,0,0,0,351,0,16,96
GVESTA,2019,6,27,2,24.8,70.6,22.1,19.1,14.36,20.9,61.5,0,979.1,326,0.5,1.4,0,0,0,0,0,0,0,351,0,16,96
GVESTA,2019,6,27,3,23.7,73.6,21.5,18.7,13.96,20.3,59.4,0,979.3,292,0.7,1.5,0,0,0,0,0,0,0,351,0,16,96
GVESTA,2019,6,27,4,22.6,76.2,20.9,18.2,13.56,19.6,57.2,0,979.4,352,0.8,3.5,0,0,0,0,0,0,0,351,0,16,96
GVESTA,2019,6,27,5,22.2,77.1,20.6,18,13.36,19.4,56.3,0,979.6,346,0.9,2.4,72,267,38,146,267,19,20,351,0,16,96
GVESTA,2019,6,27,6,23.5,71.7,20.7,18.1,13.43,19.9,57.8,0,979.7,360,0.5,1.4,223,562,67,226,581,36,36,351,0,16,96
GVESTA,2019,6,27,7,25.2,61.6,19.7,17.3,12.76,19.9,57.9,0,979.9,63,0.7,3.5,398,723,80,180,740,50,50,352,0,16,96
GVESTA,2019,6,27,8,26.6,58.1,20.2,17.7,13.09,20.6,60.1,0,979.9,45,1.4,3.2,572,819,87,79,778,149,63,353,0,16,96
GVESTA,2019,6,27,9,27.9,52.9,19.9,17.4,12.9,20.8,61,0,979.6,61,1.4,3.2,724,863,98,75,716,305,76,354,0,16,96
GVESTA,2019,6,27,10,29.4,48.2,19.8,17.3,12.83,21.2,62.4,0,979.5,67,1.7,4.1,840,876,114,87,585,427,88,356,0,16,96
GVESTA,2019,6,27,11,30.8,47,20.9,18.2,13.57,22.1,65.7,0,978.8,78,1.6,6.8,930,934,94,90,401,502,91,364,0,16,96
GVESTA,2019,6,27,12,32.2,46,22.1,19.1,14.38,23.1,69.2,0,978.1,87,2.3,6,967,952,91,92,166,534,150,375,0,16,96
GVESTA,2019,6,27,13,33.1,44.2,22.4,19.3,14.59,23.4,70.7,0,977.5,85,2.4,4.8,919,871,134,97,98,516,384,382,0,16,96
GVESTA,2019,6,27,14,34,43.9,23.4,20,15.27,24.1,73.3,0,976.8,51,2.2,4.1,859,893,107,87,88,441,561,380,0,16,96
GVESTA,2019,6,27,15,34.4,43.8,23.8,20.3,15.54,24.4,74.5,0,976.3,80,1.9,3.5,732,819,122,82,82,333,682,378,0,16,96
GVESTA,2019,6,27,16,34.4,38.2,20.7,18.1,13.48,23.1,69.2,0,975.8,48,1.6,2.9,583,766,113,70,70,194,742,386,16,16,96
GVESTA,2019,6,27,17,31.4,51.2,23.5,20.1,15.35,23.4,70.9,0,975.7,16,1.1,2.3,359,444,139,148,73,72,507,427,75,16,96
GVESTA,2019,6,27,18,32.8,49.4,24.5,20.8,16.03,24.2,74.1,0,975.4,6,1.1,2.1,78,4,77,45,43,42,47,450,100,16,96
GVESTA,2019,6,27,19,32.1,55.3,26.5,22,17.37,24.8,76.8,0,975.6,27,1,2.1,18,0,18,10,10,10,10,448,100,16,96
GVESTA,2019,6,27,20,30.7,58.8,25.9,21.7,16.95,24.2,74.2,0,976.1,338,0.8,2,0,0,0,0,0,0,0,413,60,16,96
GVESTA,2019,6,27,21,30.4,57.3,24.9,21,16.28,23.7,72.2,0,976.5,360,0.3,0.9,0,0,0,0,0,0,0,364,0,16,96
GVESTA,2019,6,27,22,29.3,52.9,21.6,18.7,14.07,22,65.4,0,976.7,22,0.6,1.3,0,0,0,0,0,0,0,361,0,16,96
GVESTA,2019,6,27,23,28,57.4,21.7,18.8,14.13,21.7,64.2,0,976.7,326,0.6,1.5,0,0,0,0,0,0,0,357,0,16,96
GVESTA,2019,6,28,0,27,61.6,21.9,19,14.27,21.5,63.6,0,976.7,323,0.6,1.2,0,0,0,0,0,0,0,353,0,16,96
GVESTA,2019,6,28,1,26.2,64.6,21.9,19,14.27,21.3,62.7,0,976.7,270,0.4,1.2,0,0,0,0,0,0,0,351,0,16,96
GVESTA,2019,6,28,2,25.2,67.7,21.7,18.8,14.13,20.8,61.4,0,976.6,11,0.6,1.7,0,0,0,0,0,0,0,350,0,16,96
GVESTA,2019,6,28,3,24.8,69.3,21.7,18.8,14.14,20.7,60.9,0,976.5,288,0.5,1.2,0,0,0,0,0,0,0,349,0,16,96
GVESTA,2019,6,28,4,24,72.7,21.7,18.8,14.13,20.5,60.1,0,976.6,360,0.4,1.3,0,0,0,0,0,0,0,349,0,16,96
GVESTA,2019,6,28,5,23.2,75.8,21.6,18.7,14.06,20.2,59.1,0,976.9,301,0.6,2,72,271,37,147,269,19,19,348,0,16,96
GVESTA,2019,6,28,6,24.7,72.8,22.7,19.5,14.8,21.1,62.5,0,976.9,315,0.5,2.1,226,587,64,233,604,35,35,347,0,16,96
GVESTA,2019,6,28,7,25.8,67.8,22.5,19.4,14.66,21.4,63.3,0,977,72,1.6,4,398,722,82,181,740,50,50,348,0,16,96
GVESTA,2019,6,28,8,26.6,65.9,22.9,19.7,14.93,21.8,64.8,0,976.9,45,2.9,6.1,567,795,96,81,765,152,64,350,0,16,96
GVESTA,2019,6,28,9,27.6,62.1,22.9,19.7,14.94,22.1,65.9,0,976.5,40,3.6,5.5,716,835,111,77,706,309,78,353,0,16,96
GVESTA,2019,6,28,10,28.6,60.5,23.7,20.2,15.48,22.7,68.3,0,976,52,2.6,4.4,834,859,122,87,582,427,88,356,0,16,96
GVESTA,2019,6,28,11,30.2,57.9,24.8,21,16.23,23.7,71.9,0,975.4,39,2.4,4.5,934,945,89,88,400,501,90,359,0,16,96
GVESTA,2019,6,28,12,30.9,55.7,24.8,21,16.23,23.9,72.6,0,975,40,3.3,5.6,960,929,105,93,168,536,156,369,6,16,96
GVESTA,2019,6,28,13,31.8,54.5,25.6,21.5,16.78,24.4,74.9,0,974.6,49,3.5,5.9,910,850,144,97,98,513,387,375,0,16,96
GVESTA,2019,6,28,14,32.5,52.1,25.5,21.4,16.72,24.5,75.5,0,974.3,34,3.9,6.4,857,892,107,86,87,439,560,372,0,16,96
GVESTA,2019,6,28,15,33,49.1,24.7,20.9,16.19,24.4,74.7,0,973.9,34,4.4,6.9,735,832,116,80,80,331,685,370,0,16,96
GVESTA,2019,6,28,16,33.4,46,23.7,20.2,15.52,24,73.4,0,973.7,36,3.7,6,599,838,85,63,64,181,778,367,0,16,96
GVESTA,2019,6,28,17,33.4,43.5,22.4,19.3,14.65,23.5,71.1,0,973.5,33,3.2,6.1,436,773,77,167,50,51,779,364,0,16,96
GVESTA,2019,6,28,18,32.6,46.6,22.9,19.7,14.98,23.5,71.2,0,973.8,32,3.8,6.5,250,592,70,223,38,38,615,362,0,16,96
GVESTA,2019,6,28,19,31.6,48.1,22.4,19.3,14.64,23,69.3,0,974,18,2.9,7.1,93,339,43,177,22,22,339,361,0,16,96
GVESTA,2019,6,28,20,29.9,48,20.2,17.7,13.16,21.6,63.7,0,974.6,10,3,6.1,3,0,3,2,2,2,2,346,0,16,96
GVESTA,2019,6,28,21,29.2,44.3,18,15.8,11.7,20.3,59.3,0,975.1,18,2.1,6.7,0,0,0,0,0,0,0,341,0,16,96
GVESTA,2019,6,28,22,27.9,48.1,18.1,15.9,11.76,20,58.1,0,975.3,24,1.2,3.1,0,0,0,0,0,0,0,336,0,16,96
GVESTA,2019,6,28,23,26.2,53.1,18.1,15.9,11.77,19.4,56.3,0,975,18,0.5,2.1,0,0,0,0,0,0,0,331,0,16,96
GVESTA,2019,6,29,0,24.9,56.3,17.7,15.6,11.5,18.8,54.3,0,974.9,270,0.7,1.4,0,0,0,0,0,0,0,326,0,16,96
GVESTA,2019,6,29,1,23.6,60.1,17.5,15.4,11.37,18.3,52.7,0,974.8,281,0.7,2.2,0,0,0,0,0,0,0,322,0,15,96
GVESTA,2019,6,29,2,22.5,61.4,16.7,14.7,10.84,17.5,50.2,0,974.8,270,0.8,1.6,0,0,0,0,0,0,0,322,0,15,96
GVESTA,2019,6,29,3,21.5,61.5,15.8,13.8,10.25,16.7,47.7,0,974.6,263,0.9,1.7,0,0,0,0,0,0,0,321,0,15,96
GVESTA,2019,6,29,4,20.1,62.8,14.8,12.8,9.59,15.6,44.6,0,974.7,297,0.9,1.7,0,0,0,0,0,0,0,320,0,15,96
GVESTA,2019,6,29,5,19.8,64.4,14.9,12.9,9.65,15.6,44.4,0,974.8,284,0.5,1.3,71,267,36,143,265,18,18,320,0,15,96
GVESTA,2019,6,29,6,21.6,59.6,15.4,13.4,9.98,16.5,47.1,0,974.8,292,0.6,1.6,231,605,64,237,619,33,33,319,0,15,96
GVESTA,2019,6,29,7,23.6,57,16.6,14.6,10.78,17.8,51.2,0,974.7,67,1.4,3,407,744,80,181,758,47,47,320,0,15,96
GVESTA,2019,6,29,8,24.6,54.1,16.7,14.7,10.84,18.2,52.4,0,974.6,65,2.1,5.7,581,836,87,74,790,146,58,325,0,15,96
GVESTA,2019,6,29,9,26,49.8,16.7,14.7,10.84,18.7,53.8,0,974.6,63,3,9,730,868,101,70,718,305,71,329,0,15,96
GVESTA,2019,6,29,10,27.1,46,16.5,14.5,10.71,18.9,54.6,0,974.5,56,2.4,4.4,842,870,122,82,583,426,82,335,0,15,96
GVESTA,2019,6,29,11,28.4,44.4,17.2,15.1,11.18,19.7,57.1,0,974.2,43,2.4,5.9,947,947,101,84,405,507,85,352,0,15,96
GVESTA,2019,6,29,12,29.7,42.8,17.8,15.7,11.58,20.4,59.5,0,973.7,68,2.5,5.4,973,961,90,84,158,531,142,361,0,15,96
GVESTA,2019,6,29,13,30.4,43,18.7,16.4,12.18,21,61.7,0,973.3,74,2.7,5.8,919,870,135,89,90,510,376,371,0,15,96
GVESTA,2019,6,29,14,31,40.5,18.2,16,11.86,21,61.5,0,972.9,77,2.5,5.9,855,880,115,81,82,436,554,371,0,15,96
GVESTA,2019,6,29,15,31.9,41.8,19.7,17.3,12.86,21.9,65,0,972.7,62,2.5,5.7,733,822,121,75,76,328,678,371,0,15,96
GVESTA,2019,6,29,16,31.8,40.9,19.2,16.9,12.53,21.7,64.1,0,972.4,75,2.4,5.6,592,803,98,61,62,184,757,371,0,15,96
GVESTA,2019,6,29,17,32.7,40.2,19.9,17.4,12.99,22.2,66.2,0,972.5,73,1.8,3.7,425,739,82,163,48,49,748,371,0,15,96
GVESTA,2019,6,29,18,33,42.9,21.6,18.7,14.13,23,69.4,0,972.4,73,1.4,3.3,250,604,67,223,35,35,623,371,0,15,96
GVESTA,2019,6,29,19,31.8,49.1,23.1,19.8,15.14,23.4,70.7,0,972.4,27,1.5,2.3,92,330,43,172,22,21,330,367,0,15,96
GVESTA,2019,6,29,20,29.6,53.6,22.3,19.2,14.59,22.4,67.1,0,972.9,25,1.4,2.5,4,0,4,2,2,2,2,357,0,15,96
GVESTA,2019,6,29,21,28.6,54.1,21.2,18.4,13.85,21.6,64.1,0,973.2,20,1.2,1.9,0,0,0,0,0,0,0,352,0,15,96
GVESTA,2019,6,29,22,28.2,57.1,21.8,18.9,14.25,21.8,64.7,0,973.5,304,0.6,1.3,0,0,0,0,0,0,0,349,0,15,96
GVESTA,2019,6,29,23,26.7,62.3,21.8,18.9,14.24,21.3,63.2,0,973.7,288,1,2,0,0,0,0,0,0,0,346,0,15,96
GVESTA,2019,6,30,0,26.5,59.2,20.5,17.9,13.38,20.7,60.8,0,973.8,264,1.2,2.3,0,0,0,0,0,0,0,344,0,15,96
GVESTA,2019,6,30,1,25.8,62.5,20.7,18.1,13.51,20.6,60.4,0,973.7,326,0.5,1.8,0,0,0,0,0,0,0,343,0,15,96
GVESTA,2019,6,30,2,25.2,63.6,20.4,17.8,13.31,20.2,59.3,0,973.7,297,0.5,1.3,0,0,0,0,0,0,0,344,0,15,96
GVESTA,2019,6,30,3,24.2,67.1,20.3,17.7,13.24,19.8,58,0,973.9,279,0.8,1.6,0,0,0,0,0,0,0,346,0,15,96
GVESTA,2019,6,30,4,23.4,69.5,20,17.5,13.04,19.5,56.7,0,974.3,342,0.5,1.7,0,0,0,0,0,0,0,347,0,15,96
GVESTA,2019,6,30,5,23.3,71.2,20.4,17.8,13.3,19.6,57.3,0,974.8,326,0.4,1.2,58,158,35,91,166,18,18,361,13,15,96
GVESTA,2019,6,30,6,24.4,71.9,22,19,14.36,20.7,61.1,0,975,315,0.6,3.4,218,548,67,220,568,35,35,362,0,15,96
GVESTA,2019,6,30,7,26.1,65.8,22.2,19.2,14.49,21.4,63.2,0,975.2,14,0.8,2.8,386,685,89,180,710,50,50,367,26,15,96
GVESTA,2019,6,30,8,28.3,58.9,22.6,19.5,14.76,22.2,66.1,0,975.3,230,1.7,4,553,761,106,80,742,153,64,382,39,15,96
GVESTA,2019,6,30,9,30.6,53.9,23.7,20.2,15.49,23.3,70.4,0,975.3,230,3.1,6.5,715,854,98,71,708,299,72,369,13,15,96
GVESTA,2019,6,30,10,32.1,49.8,23.8,20.3,15.56,23.7,72.1,0,975.2,213,3.9,7.9,828,864,113,82,575,418,83,364,0,15,96
GVESTA,2019,6,30,11,33.5,45.7,23.6,20.2,15.43,24.1,73.2,0,975.1,210,5,7.6,918,925,92,84,393,492,86,370,0,15,96
GVESTA,2019,6,30,12,34.5,42.7,23.4,20,15.3,24.2,73.9,0,974.8,213,4.4,8.7,947,925,97,87,162,523,145,380,0,15,96
GVESTA,2019,6,30,13,35.2,43.5,24.7,20.9,16.18,24.9,76.9,0,974.4,217,3.4,7.3,904,857,133,91,92,504,373,386,0,15,96
GVESTA,2019,6,30,14,35.9,42.1,24.8,21,16.25,25.2,77.8,0,974,214,3.2,7,846,880,106,82,83,432,547,383,0,15,96
GVESTA,2019,6,30,15,35.9,41,24.3,20.6,15.92,24.9,77,0,973.5,223,2.8,5.8,715,783,133,80,80,329,661,380,13,15,96
GVESTA,2019,6,30,16,35.5,42.4,24.4,20.7,16.01,24.9,76.8,0,973.2,220,3.3,6.9,574,750,113,67,67,192,725,386,13,15,96
GVESTA,2019,6,30,17,34.8,45,24.8,21,16.28,24.9,76.8,0,973.1,218,3.3,5.9,422,723,86,163,51,51,738,398,36,15,96
GVESTA,2019,6,30,18,33.4,48.5,24.8,21,16.28,24.5,75.4,0,973.5,257,2.4,5.1,222,421,85,170,45,45,459,426,78,15,96
GVESTA,2019,6,30,19,32,51.5,24.3,20.6,15.95,23.9,73.1,0,973.9,234,3.5,6.6,41,13,39,27,21,21,34,441,100,15,96
GVESTA,2019,6,30,20,30,55.5,23.3,19.9,15.26,22.9,69.3,0,974.5,208,4.9,7.6,2,0,2,1,1,1,1,436,100,15,96
GVESTA,2019,6,30,21,28.2,58.8,22.4,19.2,14.62,21.9,65.7,0.8,974.9,215,6.3,12.5,0,0,0,0,0,0,0,431,100,15,96
GVESTA,2019,6,30,22,26.4,62.4,21.4,18.4,13.94,20.9,62.1,0.1,975.1,4,3,8.7,0,0,0,0,0,0,0,426,100,15,96
GVESTA,2019,6,30,23,24.7,65.1,20.2,17.6,13.18,19.9,58.4,0.3,975.2,315,1.9,4.8,0,0,0,0,0,0,0,421,100,15,96
GVESTA,2010,7,1,0,23.2,67.6,19.2,16.8,12.5,18.9,55.2,0,975.1,270,0.3,1,0,0,0,0,0,0,0,341,0,15,96
GVESTA,2010,7,1,1,22,69.8,18.4,16.1,11.96,18.2,52.5,0,974.9,293,0.8,2,0,0,0,0,0,0,0,341,0,15,96
GVESTA,2010,7,1,2,21.2,71.6,18,15.8,11.72,17.7,51.1,0,974.7,238,1,1.9,0,0,0,0,0,0,0,342,0,15,96
GVESTA,2010,7,1,3,20.9,72.1,17.8,15.6,11.56,17.5,50.3,0,974.4,270,0.7,1.5,0,0,0,0,0,0,0,342,0,15,96
GVESTA,2010,7,1,4,20.5,73.1,17.6,15.5,11.43,17.3,49.6,0,974.3,297,0.7,1.7,66,215,38,120,219,19,19,346,0,15,96
GVESTA,2010,7,1,5,21,71.7,17.8,15.6,11.57,17.5,50.5,0,974.3,292,0.6,2.2,212,512,71,210,536,35,36,346,25,15,96
GVESTA,2010,7,1,6,21.6,70.6,18.2,16,11.82,17.9,51.8,0,974.3,59,0.7,2.8,386,691,85,174,711,47,47,347,25,15,96
GVESTA,2010,7,1,7,22.9,65.9,18.3,16.1,11.94,18.5,53.4,0,974.2,39,0.7,2.2,550,755,105,78,734,151,62,367,35,15,96
GVESTA,2010,7,1,8,24.3,59.8,18.2,16,11.85,18.9,54.6,0,973.9,74,0.8,3.4,697,797,122,74,682,303,74,366,29,15,96
GVESTA,2010,7,1,9,25.5,54,17.6,15.5,11.45,19,54.8,0,974,67,2.6,5.5,816,830,131,82,569,417,83,369,33,15,96
GVESTA,2010,7,1,10,26.3,53.1,18.2,16,11.85,19.5,56.7,0,973.7,47,2.7,5.5,884,819,153,92,409,494,93,386,34,15,96
GVESTA,2010,7,1,11,27.6,50.5,18.6,16.4,12.12,20.1,58.7,0,973.4,69,2.9,5.7,933,888,118,87,165,521,151,386,16,15,96
GVESTA,2010,7,1,12,28.3,47.3,18.2,16,11.86,20.1,58.7,0,972.9,85,2.2,4.9,894,826,150,92,92,503,372,391,33,15,96
GVESTA,2010,7,1,13,29.1,44.8,18.1,15.9,11.8,20.3,59.4,0,972.3,82,1.6,4.1,792,702,202,101,101,437,527,397,55,15,96
GVESTA,2010,7,1,14,29.4,42.4,17.4,15.3,11.34,20.1,58.6,0,971.7,75,2.8,4.9,676,647,195,96,96,334,610,404,68,15,96
GVESTA,2010,7,1,15,28,47.5,17.9,15.8,11.67,19.9,58,0,971.7,36,2,4.1,370,178,255,133,132,185,301,421,94,15,96
GVESTA,2010,7,1,16,27.9,51.6,19.4,17,12.67,20.6,60.4,0,971.7,61,1.3,2.7,211,53,188,116,101,99,156,425,100,15,96
GVESTA,2010,7,1,17,27.8,51.2,19.1,16.8,12.47,20.4,59.8,0,971.9,39,2.2,4,134,57,118,85,63,62,121,425,100,15,96
GVESTA,2010,7,1,18,28.1,49,18.6,16.4,12.14,20.3,59.3,0,971.8,39,1.5,3.7,51,36,46,41,25,25,58,412,100,15,96
GVESTA,2010,7,1,19,26.6,56.7,19.8,17.3,12.94,20.4,59.7,0,971.8,27,0.7,1.5,0,0,0,0,0,0,0,415,88,15,96
GVESTA,2010,7,1,20,25.3,61.2,19.8,17.3,12.93,19.9,58.4,0,972.5,339,1,2.5,0,0,0,0,0,0,0,384,39,15,96
GVESTA,2010,7,1,21,24.8,64.3,20.1,17.6,13.12,20,58.4,0,972.7,27,0.8,2,0,0,0,0,0,0,0,368,13,15,96
GVESTA,2010,7,1,22,24.4,64.6,19.8,17.3,12.92,19.7,57.4,0,972.8,329,0.6,2.2,0,0,0,0,0,0,0,360,13,15,96
GVESTA,2010,7,1,23,22.5,71.5,19.5,17.1,12.72,18.9,55,0,973.1,279,0.9,2.3,0,0,0,0,0,0,0,359,29,15,96
GVESTA,2010,7,2,0,22.1,71.5,19,16.7,12.39,18.6,53.7,0,973.2,256,0.9,1.7,0,0,0,0,0,0,0,356,33,15,96
GVESTA,2010,7,2,1,21.5,72.7,18.7,16.4,12.19,18.2,52.6,0,973.2,277,1,2.1,0,0,0,0,0,0,0,366,36,15,96
GVESTA,2010,7,2,2,21.2,73.1,18.4,16.2,11.99,18,51.8,0,973.3,315,0.5,2,0,0,0,0,0,0,0,366,39,15,96
GVESTA,2010,7,2,3,21,72.6,18.1,15.9,11.78,17.7,51.1,0,973.4,333,0.3,1.9,0,0,0,0,0,0,0,361,39,15,96
GVESTA,2010,7,2,4,20.5,75.4,18.2,16,11.85,17.6,50.7,0,973.5,323,0.6,1.6,66,202,39,115,208,20,20,356,25,15,96
GVESTA,2010,7,2,5,21.4,73.6,18.8,16.5,12.25,18.2,52.6,0,973.7,292,0.5,1.5,209,503,71,208,527,36,36,360,6,15,96
GVESTA,2010,7,2,6,22.7,69.8,19.2,16.9,12.51,18.9,54.6,0,973.8,30,1,2.6,382,681,85,172,702,48,48,363,19,15,96
GVESTA,2010,7,2,7,23.6,66.1,19.3,16.9,12.57,19.2,55.7,0,974.1,45,0.5,2.8,554,790,90,74,753,143,58,353,13,15,96
GVESTA,2010,7,2,8,24.8,63.9,20,17.5,13.04,19.9,58.2,0,973.9,72,0.8,3.1,683,756,140,78,669,305,79,377,41,15,96
GVESTA,2010,7,2,9,26.6,58.5,20.4,17.8,13.31,20.7,60.7,0,973.7,216,1,3.5,807,810,138,85,562,418,85,382,25,15,96
GVESTA,2010,7,2,10,28.6,50.4,19.8,17.3,12.92,21,61.8,0,973.3,232,1.4,5.2,894,861,126,87,399,492,88,381,26,15,96
GVESTA,2010,7,2,11,30.7,40.9,18.1,15.9,11.79,20.8,61,0,972.8,206,2.9,7.2,930,886,116,87,166,521,149,364,0,15,96
GVESTA,2010,7,2,12,32.2,34.5,16.6,14.6,10.8,20.6,60.1,0,972.3,211,3.2,7.3,900,853,132,89,89,502,366,381,23,15,96
GVESTA,2010,7,2,13,32.6,29.8,14.7,12.7,9.55,19.7,57.3,0,971.8,220,3.5,8.8,813,776,160,91,91,436,531,386,45,15,96
GVESTA,2010,7,2,14,32.5,31.8,15.6,13.6,10.15,20.2,58.7,0,971.5,204,3.6,7.1,676,653,189,95,95,333,605,400,58,15,96
GVESTA,2010,7,2,15,32.4,33.3,16.2,14.2,10.55,20.4,59.6,0,971.2,214,2.4,6.1,523,556,181,90,90,209,603,410,68,15,96
GVESTA,2010,7,2,16,32.3,35,16.9,14.9,11.02,20.8,60.7,0,971.2,330,2.4,5.1,360,446,146,154,73,73,514,424,78,15,96
GVESTA,2010,7,2,17,30.5,44.1,19.2,16.9,12.54,21.3,62.8,0,971.6,19,2.8,5.1,86,11,83,50,45,45,56,427,100,15,96
GVESTA,2010,7,2,18,28.7,49.8,19.6,17.2,12.8,20.9,61.6,0,972.2,356,1.3,3.3,11,0,11,6,6,6,6,426,100,15,96
GVESTA,2010,7,2,19,27.3,51.7,18.8,16.5,12.25,20.1,58.7,0,973.2,266,3.1,7.8,0,0,0,0,0,0,0,419,100,15,96
GVESTA,2010,7,2,20,24.9,54.1,17,15,11.05,18.5,53.2,0,973.6,265,3.3,7.1,0,0,0,0,0,0,0,402,71,15,96
GVESTA,2010,7,2,21,25.1,49.2,15.7,13.7,10.19,17.9,51.2,0,973.8,235,3.3,5,0,0,0,0,0,0,0,386,50,15,96
GVESTA,2010,7,2,22,24.2,52.9,16,14,10.39,17.7,50.8,0,974,267,2,4,0,0,0,0,0,0,0,362,23,15,96
GVESTA,2010,7,2,23,22.7,61.8,17,15,11.05,17.8,50.9,0,974.1,216,1.5,2.7,0,0,0,0,0,0,0,384,39,15,96
GVESTA,2010,7,3,0,22.3,63.3,17.1,15,11.11,17.6,50.7,0,974.3,194,0.9,2.7,0,0,0,0,0,0,0,403,74,15,96
GVESTA,2010,7,3,1,21.7,65.3,16.9,14.9,10.98,17.4,49.7,0,974.3,266,1.3,3.3,0,0,0,0,0,0,0,400,75,15,96
GVESTA,2010,7,3,2,20.6,69.4,16.8,14.8,10.91,16.9,48.4,0,974.5,270,0.9,1.9,0,0,0,0,0,0,0,407,100,15,96
GVESTA,2010,7,3,3,20.9,67.7,16.7,14.7,10.85,17,48.6,0,974.5,243,0.6,1.4,0,0,0,0,0,0,0,407,94,15,96
GVESTA,2010,7,3,4,20.5,69.8,16.8,14.8,10.91,16.9,48.3,0,974.7,307,0.7,2,61,185,37,105,191,19,19,389,35,15,96
GVESTA,2010,7,3,5,21.9,66.2,17.4,15.3,11.3,17.7,50.8,0,974.8,278,0.7,1.8,207,503,69,204,526,35,35,366,0,15,96
GVESTA,2010,7,3,6,22.8,63.4,17.6,15.5,11.44,18.1,52,0,974.9,270,0.8,2,381,695,80,170,711,45,45,363,0,15,96
GVESTA,2010,7,3,7,23.8,59.3,17.5,15.4,11.37,18.4,52.9,0,974.8,225,1,3.2,550,785,90,72,748,142,57,358,0,15,96
GVESTA,2010,7,3,8,25.6,53,17.4,15.3,11.3,18.9,54.6,0,974.9,243,1.9,4.3,671,738,144,84,657,292,85,390,48,15,96
GVESTA,2010,7,3,9,27.5,47.7,17.5,15.4,11.37,19.6,56.7,0,974.8,225,2.4,8.4,640,370,336,162,441,367,161,420,81,15,96
GVESTA,2010,7,3,10,29,44.2,17.7,15.6,11.5,20.1,58.6,0,974.7,218,3.1,7.4,789,568,280,139,391,462,139,400,69,15,96
GVESTA,2010,7,3,11,30.4,42.1,18.3,16.1,11.91,20.8,61,0,974,213,4.3,7,944,916,104,84,164,524,140,371,10,15,96
GVESTA,2010,7,3,12,32.1,35.7,17.1,15,11.12,20.7,60.8,0,973.6,209,4,7.7,908,883,113,84,84,499,356,368,0,15,96
GVESTA,2010,7,3,13,32.8,31.3,15.6,13.6,10.13,20.2,58.9,0,973.6,202,3.7,7.4,825,821,135,83,84,433,536,365,0,15,96
GVESTA,2010,7,3,14,32.3,35.2,17,15,11.05,20.8,60.8,0,973.5,346,2.8,8.2,703,749,146,80,80,330,645,365,10,15,96
GVESTA,2010,7,3,15,31.7,38.4,18,15.8,11.72,21.1,61.9,0,973.3,9,2.5,5.2,536,599,166,81,81,210,630,393,50,15,96
GVESTA,2010,7,3,16,30.3,40.3,17.4,15.3,11.32,20.4,59.4,0,973.6,42,3.2,9.7,376,516,128,147,67,66,565,415,71,15,96
GVESTA,2010,7,3,17,26.5,50.9,17.6,15.5,11.44,19.3,55.8,0,974.3,351,1.5,8.5,158,139,115,108,59,59,201,412,88,15,96
GVESTA,2010,7,3,18,26.1,56.9,19.2,16.9,12.51,20,58.1,0,974.2,25,2.2,6.3,67,151,47,95,24,24,166,382,50,15,96
GVESTA,2010,7,3,19,25.5,62.1,20.2,17.7,13.16,20.3,59.2,0,975.3,297,1.2,3.9,0,0,0,0,0,0,0,371,41,15,96
GVESTA,2010,7,3,20,24.5,65.5,20.1,17.6,13.08,19.9,58,0,975.7,360,1.7,4.3,0,0,0,0,0,0,0,381,56,15,96
GVESTA,2010,7,3,21,25,60.8,19.2,16.9,12.48,19.6,56.9,0,976,276,1.1,4.7,0,0,0,0,0,0,0,368,13,15,96
GVESTA,2010,7,3,22,24.2,62.9,19,16.7,12.34,19.2,55.8,0,976.8,281,0.7,2.4,0,0,0,0,0,0,0,377,48,15,96
GVESTA,2010,7,3,23,23.4,66.9,19.2,16.9,12.48,19.1,55.3,0,976.3,101,1.4,4.1,0,0,0,0,0,0,0,387,61,15,96
GVESTA,2010,7,4,0,21.4,74.1,18.9,16.6,12.28,18.3,52.7,0,976.4,319,1.3,3.6,0,0,0,0,0,0,0,403,100,15,96
GVESTA,2010,7,4,1,21.1,75,18.8,16.5,12.21,18.1,52.2,0,976.8,241,1.6,4.8,0,0,0,0,0,0,0,403,100,15,96
GVESTA,2010,7,4,2,22.1,69.2,18.4,16.2,11.94,18.3,52.6,0,976.6,243,1.6,4.4,0,0,0,0,0,0,0,394,81,15,96
GVESTA,2010,7,4,3,21.7,70.5,18.3,16.1,11.88,18.1,52,0,976.5,59,0.8,3,0,0,0,0,0,0,0,381,74,15,96
GVESTA,2010,7,4,4,20.4,77.8,18.6,16.4,12.08,17.8,51.2,0,976.7,27,1.3,2.5,17,9,15,12,17,8,8,398,94,15,96
GVESTA,2010,7,4,5,22.3,71.5,19.2,16.9,12.47,18.7,54.1,0,977.2,345,1.4,2.9,183,358,88,172,398,44,44,380,61,15,96
GVESTA,2010,7,4,6,22.9,69.4,19.4,17,12.59,19,55.1,0,977.6,43,1.8,4.5,299,343,149,151,420,74,75,373,64,15,96
GVESTA,2010,7,4,7,23.2,70.8,20.1,17.6,13.05,19.5,56.5,0,977.8,27,2.7,5.1,433,357,224,123,461,176,110,377,64,15,96
GVESTA,2010,7,4,8,23.3,72.6,20.7,18.1,13.46,19.8,57.7,0,977.4,335,1.5,4,596,498,232,116,523,299,116,386,60,15,96
GVESTA,2010,7,4,9,25,62.7,19.9,17.4,12.93,19.9,58.1,0,977.2,18,1.2,4.7,813,847,115,79,565,412,79,366,6,15,96
GVESTA,2010,7,4,10,26.3,57,19.5,17.1,12.66,20.1,58.7,0,977.2,71,2.3,5.3,903,902,100,81,391,488,82,364,0,15,96
GVESTA,2010,7,4,11,27.2,51.7,18.6,16.4,12.08,20,58.2,0,976.6,54,2.3,5.1,933,907,101,84,160,519,139,373,16,15,96
GVESTA,2010,7,4,12,29.1,48.1,19.4,17,12.61,20.9,61.5,0,976.2,2,2.4,6.1,828,663,229,122,122,480,357,391,56,15,96
GVESTA,2010,7,4,13,29.1,46.6,18.8,16.5,12.22,20.7,60.5,0,975.9,360,2.6,7.2,436,122,332,172,171,250,261,398,81,15,96
GVESTA,2010,7,4,14,30.1,45.4,19.4,17,12.62,21.2,62.5,0,975.6,336,3.5,10.1,339,82,275,146,145,186,216,411,94,15,96
GVESTA,2010,7,4,15,29.4,46.4,19,16.7,12.36,20.9,61.2,0,975.4,20,4,8.7,253,204,137,72,71,104,267,421,94,15,96
GVESTA,2010,7,4,16,29,45.7,18.3,16.1,11.9,20.4,59.6,0,975.2,348,2.5,6.4,381,541,129,162,64,64,595,408,55,15,96
GVESTA,2010,7,4,17,28.5,47.6,18.5,16.3,12.03,20.4,59.4,0,975.2,355,2.4,6.2,239,556,72,209,37,37,581,393,29,15,96
GVESTA,2010,7,4,18,27.9,49.6,18.7,16.4,12.16,20.2,59.1,0,975.6,5,2.5,6.8,82,231,46,126,24,23,242,377,25,15,96
GVESTA,2010,7,4,19,25.6,59.8,19.6,17.2,12.75,20,58.2,0,975.9,8,2.8,5.7,0,0,0,0,0,0,0,372,26,15,96
GVESTA,2010,7,4,20,25.1,58.5,18.6,16.4,12.08,19.4,56,0,976.6,9,2.1,4.8,0,0,0,0,0,0,0,370,33,15,96
GVESTA,2010,7,4,21,25.1,58.5,18.6,16.4,12.07,19.4,56,0,976.8,41,1.2,2.5,0,0,0,0,0,0,0,355,6,15,96
GVESTA,2010,7,4,22,23.9,65.7,19.5,17.1,12.67,19.4,56.3,0,976.8,32,1.3,2.7,0,0,0,0,0,0,0,352,0,15,96
GVESTA,2010,7,4,23,23.5,67.8,19.6,17.2,12.74,19.3,56,0,976.7,310,0.8,1.8,0,0,0,0,0,0,0,349,0,15,96
GVESTA,2010,7,5,0,22.3,69.7,18.8,16.5,12.21,18.5,53.5,0,976.7,319,1,2.5,0,0,0,0,0,0,0,350,26,14,96
GVESTA,2010,7,5,1,22.2,68.4,18.3,16.1,11.88,18.2,52.5,0,976.6,270,0.3,1.3,0,0,0,0,0,0,0,346,13,14,96
GVESTA,2010,7,5,2,22.3,65.8,17.7,15.6,11.48,18,51.6,0,976.4,270,0.3,1.1,0,0,0,0,0,0,0,345,0,14,96
GVESTA,2010,7,5,3,20.3,71.1,16.9,14.9,10.95,16.9,48.2,0,976.5,302,1,2.6,0,0,0,0,0,0,0,344,0,14,96
GVESTA,2010,7,5,4,19.9,71.5,16.6,14.6,10.76,16.6,47.3,0,976.5,284,0.6,2.4,59,192,34,106,196,17,17,346,0,14,96
GVESTA,2010,7,5,5,20.8,69.9,17.2,15.1,11.15,17.2,49.2,0,976.8,293,0.7,1.7,209,526,67,210,546,32,32,342,0,14,96
GVESTA,2010,7,5,6,21.9,73.3,19.2,16.9,12.47,18.6,53.7,0,977,59,0.7,2,380,684,85,169,704,44,44,341,0,14,96
GVESTA,2010,7,5,7,23,67.7,19,16.7,12.33,18.9,54.5,0,977.2,43,2,4.7,547,763,101,73,736,146,57,342,0,14,96
GVESTA,2010,7,5,8,24.4,61.4,18.8,16.5,12.2,19.2,55.6,0,976.9,29,2.5,5.3,705,841,101,64,696,294,65,343,0,14,96
GVESTA,2010,7,5,9,25.6,53,17.4,15.3,11.28,18.9,54.5,0,976.8,34,2.5,5.4,816,841,125,76,568,413,76,343,0,14,96
GVESTA,2010,7,5,10,26.7,46.2,16.2,14.2,10.49,18.7,53.6,0,976.5,62,2.4,5.4,885,827,149,85,404,492,85,344,0,14,96
GVESTA,2010,7,5,11,27.8,42.5,15.9,13.9,10.3,18.8,54.3,0,976.2,85,2.4,5.5,913,828,154,88,177,522,155,345,13,14,96
GVESTA,2010,7,5,12,28.5,41.3,16.1,14.1,10.43,19.2,55.3,0,975.8,74,2.7,6.5,947,921,120,80,81,521,370,350,0,14,96
GVESTA,2010,7,5,13,28.9,40.7,16.2,14.2,10.5,19.4,55.9,0,975.6,28,1.5,4.8,880,905,121,76,77,454,564,369,6,14,96
GVESTA,2010,7,5,14,29.5,37.5,15.5,13.5,10.04,19.2,55.3,0,975.3,13,1.9,7.4,679,659,185,92,92,330,594,376,41,14,96
GVESTA,2010,7,5,15,29.8,34.3,14.4,12.4,9.32,18.7,53.8,0,975.1,309,3.4,8.2,563,706,132,66,67,197,698,382,33,14,96
GVESTA,2010,7,5,16,29,33.4,13.4,11.3,8.67,17.9,51.3,0,975.2,324,3.1,8.6,413,691,92,153,48,48,709,365,25,14,96
GVESTA,2010,7,5,17,28.3,31.7,12.2,9.9,7.88,17.1,48.6,0,975.6,328,2.8,9,247,590,70,214,34,34,610,358,25,14,96
GVESTA,2010,7,5,18,27.9,28.7,10.8,8.1,6.96,16.1,45.8,0,975.8,319,2.3,7.8,81,219,46,120,23,23,231,369,26,14,96
GVESTA,2010,7,5,19,26.4,35.7,12.3,10,7.94,16.5,46.8,0,976.2,9,2.2,5.6,0,0,0,0,0,0,0,345,0,14,96
GVESTA,2010,7,5,20,25,42,13.3,11.2,8.58,16.6,47,0,977.1,12,1.9,6.5,0,0,0,0,0,0,0,338,23,14,96
GVESTA,2010,7,5,21,25,42.5,13.5,11.4,8.71,16.7,47.3,0,977.5,18,2.4,7,0,0,0,0,0,0,0,376,78,14,96
GVESTA,2010,7,5,22,24.3,48,14.6,12.6,9.43,17,48.5,0,977.6,37,1.5,3.1,0,0,0,0,0,0,0,382,66,14,96
GVESTA,2010,7,5,23,23.6,50.1,14.6,12.6,9.43,16.8,47.7,0,977.5,22,1.8,4,0,0,0,0,0,0,0,339,33,14,96
GVESTA,2010,7,6,0,22.8,54,15,13,9.7,16.7,47.6,0,977.2,297,0.9,1.8,0,0,0,0,0,0,0,330,33,14,96
GVESTA,2010,7,6,1,22.6,55.7,15.3,13.3,9.9,16.8,47.9,0,976.9,259,0.6,1.4,0,0,0,0,0,0,0,340,26,14,96
GVESTA,2010,7,6,2,22,60.1,15.9,13.9,10.29,16.9,48.3,0,977,360,0.6,2,0,0,0,0,0,0,0,370,78,14,96
GVESTA,2010,7,6,3,21.5,61.9,15.9,13.9,10.29,16.7,47.8,0,977.2,18,0.8,2.2,0,0,0,0,0,0,0,370,68,14,96
GVESTA,2010,7,6,4,21,63.9,15.9,13.9,10.28,16.6,47.2,0,977.6,16,0.8,2,15,1,15,9,9,8,8,375,94,14,96
GVESTA,2010,7,6,5,21.8,59.6,15.6,13.6,10.08,16.7,47.5,0,977.9,38,1.9,4.1,162,224,102,132,276,50,51,363,58,14,96
GVESTA,2010,7,6,6,22.2,58.2,15.6,13.6,10.08,16.8,47.9,0,978.3,59,2.6,4.6,212,74,178,113,171,92,93,359,75,14,96
GVESTA,2010,7,6,7,22.6,56.4,15.5,13.5,10.01,16.9,48.2,0,978.6,61,2.9,6.4,499,558,168,99,598,172,83,337,45,14,96
GVESTA,2010,7,6,8,24,51.9,15.5,13.5,10.01,17.4,49.6,0,978.4,54,4,7.3,689,768,138,74,675,308,74,339,33,14,96
GVESTA,2010,7,6,9,24.6,46.9,14.5,12.5,9.36,17.1,48.6,0,978.2,49,4.3,7.7,773,685,211,100,549,423,100,367,58,14,96
GVESTA,2010,7,6,10,25.6,44.4,14.6,12.6,9.43,17.5,49.8,0,977.9,49,3.5,6.5,793,557,299,136,418,474,136,375,69,14,96
GVESTA,2010,7,6,11,25.7,44.2,14.6,12.6,9.43,17.5,49.9,0,977.7,52,4.1,7,769,444,363,167,245,471,244,384,81,14,96
GVESTA,2010,7,6,12,26.6,42.4,14.8,12.8,9.56,17.9,51.1,0,977.5,49,4.6,8.2,745,431,357,167,166,449,374,382,71,14,96
GVESTA,2010,7,6,13,27.2,40.7,14.7,12.7,9.5,18,51.6,0,977.3,46,3.9,7,778,642,240,110,110,440,520,379,55,14,96
GVESTA,2010,7,6,14,27.1,39.1,14,12,9.04,17.7,50.3,0,976.9,41,3.9,7.1,690,675,189,90,90,342,622,375,48,14,96
GVESTA,2010,7,6,15,27.3,37.1,13.5,11.4,8.72,17.4,49.7,0,976.8,56,4.2,7.9,558,665,151,73,73,209,679,362,43,14,96
GVESTA,2010,7,6,16,26.8,37.7,13.3,11.2,8.59,17.2,48.9,0,976.7,41,3.7,6.1,385,536,138,167,65,64,598,367,58,14,96
GVESTA,2010,7,6,17,26.6,36.7,12.8,10.6,8.26,16.8,47.8,0,976.7,38,3.9,7.2,230,466,90,192,43,43,506,366,50,14,96
GVESTA,2010,7,6,18,25.4,39.7,12.9,10.7,8.32,16.5,46.8,0,977,358,2.5,7,59,115,38,68,20,19,130,374,71,14,96
GVESTA,2010,7,6,19,23.6,43.6,12.7,10.5,8.19,15.7,44.6,0,977.4,360,2.3,6.3,0,0,0,0,0,0,0,361,51,14,96
GVESTA,2010,7,6,20,22.1,49,13,10.9,8.38,15.4,43.5,0,977.9,12,1.5,3.4,0,0,0,0,0,0,0,363,61,14,96
GVESTA,2010,7,6,21,22.2,49.4,13.2,11.1,8.51,15.5,44,0,978.2,360,0.7,2,0,0,0,0,0,0,0,362,58,14,96
GVESTA,2010,7,6,22,20.8,54.9,13.5,11.4,8.7,15.1,43,0,978.3,309,0.8,1.8,0,0,0,0,0,0,0,346,45,14,96
GVESTA,2010,7,6,23,19.6,57.5,13.1,11,8.44,14.5,41.1,0,978.3,261,0.6,1.4,0,0,0,0,0,0,0,346,50,14,96
GVESTA,2010,7,7,0,18.7,59.3,12.8,10.6,8.25,13.9,39.7,0,978.2,261,0.8,1.7,0,0,0,0,0,0,0,360,64,14,96
GVESTA,2010,7,7,1,18.1,61.1,12.7,10.5,8.18,13.7,38.9,0,978,300,0.8,1.7,0,0,0,0,0,0,0,347,53,14,96
GVESTA,2010,7,7,2,17.6,62.3,12.5,10.3,8.06,13.4,38.1,0,977.7,252,0.8,1.6,0,0,0,0,0,0,0,347,45,14,96
GVESTA,2010,7,7,3,17.3,62.2,12.3,10,7.93,13.1,37.5,0,977.5,288,0.6,1.5,0,0,0,0,0,0,0,340,26,14,96
GVESTA,2010,7,7,4,16.7,65.9,12.5,10.3,8.06,13,37.2,0,977.7,304,0.7,1.3,60,209,34,114,211,17,17,323,13,14,96
GVESTA,2010,7,7,5,18.3,63.7,13.4,11.3,8.64,14.2,40.3,0,977.7,281,0.6,2.1,207,526,67,210,547,33,33,327,6,14,96
GVESTA,2010,7,7,6,20.3,54,12.9,10.7,8.31,14.6,41.5,0,978.1,41,4.5,10.3,380,691,85,170,712,46,45,321,0,14,96
GVESTA,2010,7,7,7,21,50.7,12.6,10.4,8.12,14.7,41.7,0,978.2,48,5.9,9.2,552,783,96,74,753,146,57,323,0,14,96
GVESTA,2010,7,7,8,22,48.7,12.9,10.7,8.31,15.2,43.3,0,978.1,40,5.3,9.2,709,853,98,66,706,299,67,325,0,14,96
GVESTA,2010,7,7,9,23,48,13.5,11.4,8.71,16,45.3,0,977.9,42,4.4,7.7,836,905,93,73,580,416,74,328,0,14,96
GVESTA,2010,7,7,10,24.6,45,13.9,11.9,8.97,16.8,47.6,0,977.4,39,4.2,7.8,906,877,128,84,411,502,85,334,0,14,96
GVESTA,2010,7,7,11,26.3,38.4,13.1,11,8.45,16.9,48,0,977,39,4.5,7.6,918,836,153,90,181,530,158,345,0,14,96
GVESTA,2010,7,7,12,27.5,32.3,11.9,9.5,7.67,16.6,47.2,0,976.5,39,4.7,7.7,921,909,105,80,81,507,355,352,0,14,96
GVESTA,2010,7,7,13,28.6,22.4,8.8,5.1,5.66,15.2,43.2,0,976,24,3.7,6.9,851,894,101,75,76,437,541,352,0,14,96
GVESTA,2010,7,7,14,29.1,23.9,9.6,6.4,6.18,15.9,45.1,0,975.4,38,3.6,6.6,720,799,128,74,74,334,663,352,0,14,96
GVESTA,2010,7,7,15,29,26.8,10.7,8,6.9,16.5,46.8,0,974.9,36,3.6,6.9,574,750,115,63,63,198,724,352,0,14,96
GVESTA,2010,7,7,16,29.2,26.8,10.9,8.2,7.03,16.6,47.3,0,974.7,34,3.4,6.6,413,700,90,153,49,49,718,352,0,14,96
GVESTA,2010,7,7,17,29,25.7,10.3,7.4,6.64,16.2,46.1,0,974.7,38,3.3,5.5,241,563,73,208,36,36,589,352,0,14,96
GVESTA,2010,7,7,18,28.3,28.3,10.9,8.2,7.03,16.3,46.4,0,974.9,34,2.5,4.4,83,260,42,134,21,21,267,348,0,14,96
GVESTA,2010,7,7,19,26.1,37.5,12.7,10.5,8.21,16.6,47.2,0,975.3,3,1.7,3.5,0,0,0,0,0,0,0,338,0,14,96
GVESTA,2010,7,7,20,25.3,40.4,13,10.9,8.4,16.5,46.8,0,976,18,0.6,2.3,0,0,0,0,0,0,0,335,0,14,96
GVESTA,2010,7,7,21,23.6,45.4,13.2,11.1,8.52,16,45.4,0,976.6,315,0.8,1.8,0,0,0,0,0,0,0,333,0,14,96
GVESTA,2010,7,7,22,22.8,47.9,13.3,11.2,8.59,15.8,44.8,0,976.9,238,0.9,1.7,0,0,0,0,0,0,0,330,0,14,96
GVESTA,2010,7,7,23,21.7,51.2,13.3,11.2,8.59,15.4,43.6,0,976.8,264,1,2.3,0,0,0,0,0,0,0,328,0,14,96
GVESTA,2010,7,8,0,20.2,56.6,13.4,11.3,8.65,14.9,42.3,0,976.7,270,0.9,1.5,0,0,0,0,0,0,0,352,48,14,96
GVESTA,2010,7,8,1,19,59.3,13,10.9,8.39,14.2,40.4,0,976.6,252,0.7,1.5,0,0,0,0,0,0,0,388,88,14,96
GVESTA,2010,7,8,2,18.9,58.9,12.9,10.7,8.33,14.1,40.1,0,976.4,301,0.6,1.5,0,0,0,0,0,0,0,351,33,14,96
GVESTA,2010,7,8,3,17.9,62.3,12.8,10.6,8.26,13.6,38.9,0,976.6,270,0.6,1.6,0,0,0,0,0,0,0,362,59,14,96
GVESTA,2010,7,8,4,17.3,64.7,12.8,10.6,8.26,13.4,38.3,0,977,292,0.6,1.4,52,169,31,94,173,15,15,358,45,14,96
GVESTA,2010,7,8,5,18.6,62.5,13.4,11.3,8.65,14.3,40.6,0,977.1,292,0.5,1.1,206,525,66,208,546,32,33,347,13,14,96
GVESTA,2010,7,8,6,21,56.4,14,12,9.04,15.5,44.1,0,977.5,243,0.5,2.4,380,702,81,168,720,44,44,331,0,14,96
GVESTA,2010,7,8,7,23.1,50.9,14.4,12.4,9.3,16.5,46.9,0,977.6,304,0.5,1.9,554,797,90,71,760,143,55,333,0,14,96
GVESTA,2010,7,8,8,24.2,45.5,13.7,11.7,8.84,16.5,46.8,0,977.7,66,1.2,3.7,714,869,93,64,713,298,65,334,0,14,96
GVESTA,2010,7,8,9,26,39.6,13.3,11.2,8.58,16.9,48,0,977.6,84,1.1,3.6,834,894,101,73,580,418,73,336,0,14,96
GVESTA,2010,7,8,10,27.3,38.1,13.8,11.8,8.91,17.6,50.2,0,977.3,117,1,4.1,912,907,107,78,399,498,79,345,0,14,96
GVESTA,2010,7,8,11,30,33.5,14.2,12.2,9.17,18.7,53.6,0,976.9,242,1.9,6,937,889,125,83,165,531,149,362,23,14,96
GVESTA,2010,7,8,12,31.9,30.6,14.5,12.5,9.38,19.4,56.1,0,976.4,204,2.8,7.7,888,796,175,92,93,513,378,390,48,14,96
GVESTA,2010,7,8,13,33,24.9,12.5,10.3,8.07,18.7,53.9,0,976.2,229,4.3,10.2,805,732,189,96,96,443,519,394,59,14,96
GVESTA,2010,7,8,14,32.7,27.2,13.5,11.4,8.72,19.2,55.2,0,976.1,223,4.2,8.3,600,419,290,135,134,323,496,409,75,14,96
GVESTA,2010,7,8,15,32.8,27.6,13.7,11.7,8.86,19.3,55.7,0,976,221,4.1,7,508,537,187,93,93,199,591,400,58,14,96
GVESTA,2010,7,8,16,33,28.2,14.2,12.2,9.19,19.6,56.7,0,975.6,206,3.2,6.6,412,690,95,154,49,49,712,368,0,14,96
GVESTA,2010,7,8,17,32.7,27.4,13.6,11.5,8.8,19.2,55.4,0,975.2,213,2.8,5.9,240,557,74,206,36,36,584,368,0,14,96
GVESTA,2010,7,8,18,31.8,31.2,14.7,12.7,9.52,19.5,56.4,0,975.4,241,2.8,5.1,85,273,42,139,21,21,280,363,0,14,96
GVESTA,2010,7,8,19,29.1,44,17.7,15.6,11.49,20.2,58.6,0,975.5,302,1.5,3.3,0,0,0,0,0,0,0,351,0,14,96
GVESTA,2010,7,8,20,27.7,48.3,18,15.8,11.69,19.8,57.7,0,975.6,342,0.3,1.2,0,0,0,0,0,0,0,341,0,14,96
GVESTA,2010,7,8,21,25.5,52.9,17.3,15.2,11.23,18.8,54.3,0,975.9,333,0.7,1.7,0,0,0,0,0,0,0,338,0,14,96
GVESTA,2010,7,8,22,24.6,55.5,17.2,15.1,11.16,18.5,53.2,0,976.1,279,0.8,1.7,0,0,0,0,0,0,0,336,0,14,96
GVESTA,2010,7,8,23,23.5,57.4,16.6,14.6,10.75,17.8,51,0,976.7,261,0.8,2,0,0,0,0,0,0,0,335,0,14,96
GVESTA,2010,7,9,0,22.7,60.2,16.6,14.6,10.75,17.5,50.2,0,977,304,0.5,1.6,0,0,0,0,0,0,0,334,0,15,96
GVESTA,2010,7,9,1,22,62.4,16.5,14.5,10.69,17.2,49.3,0,976.9,270,0.5,1.6,0,0,0,0,0,0,0,336,0,15,96
GVESTA,2010,7,9,2,21.3,63.5,16.1,14.1,10.42,16.8,47.9,0,977.1,326,0.4,1.8,0,0,0,0,0,0,0,344,38,15,96
GVESTA,2010,7,9,3,19.9,70.1,16.3,14.3,10.55,16.4,46.8,0,977.1,360,1,2.9,0,0,0,0,0,0,0,385,78,15,96
GVESTA,2010,7,9,4,19.8,71.5,16.5,14.5,10.68,16.5,47,0,977.4,279,0.9,2,27,28,25,27,39,13,14,381,65,15,96
GVESTA,2010,7,9,5,21.1,68.1,17.1,15,11.08,17.2,49.4,0,977.3,304,0.9,2.1,173,321,83,149,362,42,42,376,50,15,96
GVESTA,2010,7,9,6,22.9,64.3,18,15.8,11.68,18.3,52.7,0,976.9,40,1.7,3.3,355,574,111,172,624,56,56,346,0,15,96
GVESTA,2010,7,9,7,24.2,54,16.3,14.3,10.56,17.9,51.2,0,976.6,83,1.8,3.9,488,546,177,106,609,170,88,374,54,15,96
GVESTA,2010,7,9,8,25.6,50,16.4,14.4,10.62,18.4,52.8,0,976.7,50,1.7,3.6,512,296,302,153,420,275,151,400,81,15,96
GVESTA,2010,7,9,9,27.1,46.3,16.6,14.6,10.76,19,54.7,0,976.6,30,1.5,3.8,746,633,224,114,526,421,114,398,68,15,96
GVESTA,2010,7,9,10,28.4,44.4,17.2,15.1,11.15,19.7,57,0,976.5,55,1.3,3.8,815,633,254,124,428,492,124,407,75,15,96
GVESTA,2010,7,9,11,30.1,39.7,16.9,14.9,10.96,20.1,58.3,0,976.1,56,1.5,4.5,813,561,301,143,235,507,223,413,75,15,96
GVESTA,2010,7,9,12,32,36.3,17.3,15.2,11.23,20.8,60.9,0,975.8,252,1.3,5.1,849,704,218,112,112,511,388,408,58,15,96
GVESTA,2010,7,9,13,32.3,33.9,16.4,14.4,10.64,20.5,59.7,0,975.5,252,1.1,3.6,776,669,217,108,109,445,521,414,58,15,96
GVESTA,2010,7,9,14,33.6,27.1,14.1,12.1,9.13,19.8,57.2,0,975.2,283,1,3.5,627,505,251,121,120,338,540,427,75,15,96
GVESTA,2010,7,9,15,33.5,29.7,15.4,13.4,9.98,20.4,59.3,0,974.8,293,1,3.2,518,548,186,91,91,218,605,417,63,15,96
GVESTA,2010,7,9,16,33.5,27.1,14,12,9.07,19.7,56.9,0,974.4,68,1.2,3.4,391,603,113,157,58,58,647,395,13,15,96
GVESTA,2010,7,9,17,33.8,28.5,15,13,9.72,20.2,58.9,0,974.5,285,1.8,4.7,221,440,87,179,44,44,481,406,39,15,96
GVESTA,2010,7,9,18,32.2,35.9,17.3,15.2,11.24,20.9,61.2,0,974.8,276,1.8,2.9,61,118,43,75,23,22,135,420,74,15,96
GVESTA,2010,7,9,19,29.8,44.2,18.5,16.3,12.03,20.8,60.7,0,975.3,277,1.6,3.2,0,0,0,0,0,0,0,423,81,15,96
GVESTA,2010,7,9,20,28.4,49.1,19,16.7,12.35,20.6,60.1,0,976.1,263,2.4,4.6,0,0,0,0,0,0,0,414,78,15,96
GVESTA,2010,7,9,21,27.6,54.1,20,17.5,13.01,20.8,61,0,976.5,252,2.6,4.2,0,0,0,0,0,0,0,392,39,15,96
GVESTA,2010,7,9,22,27.8,54.2,20.2,17.7,13.13,21,61.5,0,977.1,242,2.6,4.7,0,0,0,0,0,0,0,401,60,15,96
GVESTA,2010,7,9,23,26.7,56.4,19.8,17.3,12.86,20.4,59.7,0,977.2,257,2,5.6,0,0,0,0,0,0,0,414,78,15,96
GVESTA,2010,7,10,0,24.2,63.8,19.2,16.9,12.47,19.4,56.1,0,977,338,0.6,2,0,0,0,0,0,0,0,412,94,16,96
GVESTA,2010,7,10,1,24.3,63,19.1,16.8,12.4,19.3,56,0,976.8,318,1.5,2.9,0,0,0,0,0,0,0,406,81,16,96
GVESTA,2010,7,10,2,24.2,62.9,19,16.7,12.34,19.2,55.8,0,976.8,342,0.6,2,0,0,0,0,0,0,0,383,35,16,96
GVESTA,2010,7,10,3,23.9,63.7,18.9,16.6,12.27,19.1,55.3,0,976.7,320,1,2.6,0,0,0,0,0,0,0,375,0,16,96
GVESTA,2010,7,10,4,23.4,66.1,19,16.7,12.34,19,54.9,0,976.7,18,0.5,1.7,47,139,30,80,145,16,16,387,19,16,96
GVESTA,2010,7,10,5,23.1,70.3,19.9,17.4,12.94,19.3,56.1,0,976.7,4,1.4,2.5,182,387,79,171,423,40,40,386,40,16,96
GVESTA,2010,7,10,6,24.9,66.8,21,18.3,13.67,20.4,59.9,0,976.5,28,1.8,3.5,340,524,112,154,573,59,60,383,41,16,96
GVESTA,2010,7,10,7,25.6,64.5,21.2,18.4,13.8,20.7,60.9,0,976.6,77,1.4,3.5,537,779,87,73,747,146,59,373,0,16,96
GVESTA,2010,7,10,8,26.7,61.9,21.7,18.8,14.14,21.3,62.9,0,976.1,83,1.8,5,677,789,117,75,683,303,76,389,31,16,96
GVESTA,2010,7,10,9,28.2,54.3,20.7,18.1,13.48,21.3,62.8,0,975.9,90,1,3.8,723,593,237,120,514,411,120,404,58,16,96
GVESTA,2010,7,10,10,30.2,48.7,20.9,18.2,13.62,22,65.2,0,975.7,151,1.9,5.4,831,705,207,111,417,492,111,411,55,16,96
GVESTA,2010,7,10,11,32.2,42.9,20.6,18,13.42,22.4,66.8,0,975.4,210,3.6,7.7,883,779,172,104,191,525,167,400,44,16,96
GVESTA,2010,7,10,12,33.3,38.6,19.7,17.3,12.83,22.3,66.4,0,974.6,209,4,7.7,884,833,138,92,93,511,365,389,19,16,96
GVESTA,2010,7,10,13,34.2,35.8,19.3,16.9,12.57,22.4,66.7,0,974,200,4.2,8.2,632,455,245,131,130,363,390,430,78,16,96
GVESTA,2010,7,10,14,34,34.4,18.3,16.1,11.91,21.9,64.8,0,973.8,183,4.1,8.4,89,0,89,50,50,49,49,434,100,16,96
GVESTA,2010,7,10,15,31.6,44.4,20.6,18,13.44,22.2,66.2,0,973.7,138,4,9.4,293,74,251,136,135,153,210,431,100,16,96
GVESTA,2010,7,10,16,30,50.8,21.6,18.7,14.1,22.2,66.2,0,974.4,70,4.6,10.1,84,7,80,46,44,43,51,429,100,16,96
GVESTA,2010,7,10,17,28.3,55,21.1,18.4,13.76,21.5,63.6,0.1,975.2,64,3.7,8.7,20,0,20,11,11,11,11,426,100,16,96
GVESTA,2010,7,10,18,25.5,59.7,19.5,17.1,12.69,19.9,58,0,975.3,75,5.1,9.7,35,12,33,24,18,18,30,423,100,16,96
GVESTA,2010,7,10,19,24.1,70.5,21.1,18.4,13.74,20.2,59.2,0,976.3,81,2.6,5.5,0,0,0,0,0,0,0,420,100,16,96
GVESTA,2010,7,10,20,24.3,68.4,20.8,18.1,13.54,20.1,58.9,0,976.1,10,1.3,3.7,0,0,0,0,0,0,0,414,94,16,96
GVESTA,2010,7,10,21,22.8,75.8,21,18.3,13.67,19.8,57.7,0,976.4,360,1.8,3.5,0,0,0,0,0,0,0,410,94,16,96
GVESTA,2010,7,10,22,22.6,75.3,20.6,18,13.41,19.5,56.8,0,976.1,356,1.3,2.5,0,0,0,0,0,0,0,410,100,16,96
GVESTA,2010,7,10,23,22.1,76.1,20.3,17.7,13.21,19.2,55.8,0,975.9,346,1.4,2.5,0,0,0,0,0,0,0,407,100,16,96
GVESTA,2010,7,11,0,22.3,75.2,20.2,17.7,13.15,19.2,55.9,0,975.5,323,0.6,1.8,0,0,0,0,0,0,0,405,100,15,96
GVESTA,2010,7,11,1,21.7,77.5,20.1,17.6,13.08,19,55.1,0,975.6,346,0.8,1.8,0,0,0,0,0,0,0,406,100,15,96
GVESTA,2010,7,11,2,22.3,75.2,20.2,17.7,13.15,19.2,55.9,0,975.5,297,0.3,1,0,0,0,0,0,0,0,401,94,15,96
GVESTA,2010,7,11,3,21.2,80.4,20.2,17.7,13.15,18.9,54.7,0,975.9,360,1,2,0,0,0,0,0,0,0,401,88,15,96
GVESTA,2010,7,11,4,21.6,78.5,20.3,17.7,13.21,19,55.3,0,976,333,0.9,2,16,24,14,20,29,7,8,402,94,15,96
GVESTA,2010,7,11,5,22.3,77.1,20.7,18.1,13.48,19.5,56.7,0,976,360,0.6,1.7,140,222,76,111,261,39,39,395,75,15,96
GVESTA,2010,7,11,6,23.1,73.5,20.7,18.1,13.48,19.7,57.5,0,975.9,56,1.1,2.5,367,687,78,163,707,45,45,382,16,15,96
GVESTA,2010,7,11,7,24,69.2,20.6,18,13.41,20,58.3,0,976.1,58,1,3.4,535,772,91,72,744,147,58,365,0,15,96
GVESTA,2010,7,11,8,25,62.3,19.8,17.3,12.88,19.9,58,0,975.8,63,1.7,4.2,675,780,121,74,678,306,74,390,16,15,96
GVESTA,2010,7,11,9,26,58.7,19.7,17.3,12.82,20.2,58.8,0,975.6,86,1.5,3.7,808,857,108,79,573,419,80,383,10,15,96
GVESTA,2010,7,11,10,27.9,50.6,19,16.7,12.36,20.4,59.6,0,975.3,72,1.8,4,887,873,115,86,404,500,87,395,33,15,96
GVESTA,2010,7,11,11,29.3,47.5,19.4,17,12.63,21,61.7,0,974.8,72,2,5.2,887,781,176,101,189,530,176,405,53,15,96
GVESTA,2010,7,11,12,30.1,45.4,19.4,17,12.64,21.2,62.6,0,974.1,81,3.1,5,881,813,153,94,94,514,370,405,44,15,96
GVESTA,2010,7,11,13,31.4,42.1,19.4,17,12.64,21.6,63.9,0,973.7,59,3.2,6.1,805,771,162,92,92,447,533,393,39,15,96
GVESTA,2010,7,11,14,32.5,38.6,18.9,16.6,12.32,21.7,64.2,0,973.2,50,4.2,7.2,701,757,142,81,81,341,649,391,19,15,96
GVESTA,2010,7,11,15,32.2,36.6,17.6,15.5,11.46,21,61.7,0,972.9,46,4.4,6.4,573,778,99,62,63,198,738,387,13,15,96
GVESTA,2010,7,11,16,30.4,41.6,18.1,15.9,11.79,20.7,60.7,0,972.6,37,2,5,378,560,111,133,61,61,597,401,55,15,96
GVESTA,2010,7,11,17,30.1,51.2,21.8,18.9,14.26,22.3,66.7,0,972.7,360,1.9,3.9,229,503,78,188,40,39,537,400,50,15,96
GVESTA,2010,7,11,18,30.6,50.3,22.1,19.1,14.45,22.6,67.8,0,973.1,4,1.6,3.3,80,229,45,122,23,23,242,389,19,15,96
GVESTA,2010,7,11,19,29.6,54.3,22.5,19.4,14.72,22.5,67.4,0,973.3,342,1.1,2,0,0,0,0,0,0,0,368,0,15,96
GVESTA,2010,7,11,20,28.5,56.5,22,19,14.38,21.9,65.4,0,973.8,315,0.6,2.3,0,0,0,0,0,0,0,372,19,15,96
GVESTA,2010,7,11,21,26.9,61.2,21.7,18.8,14.18,21.3,63.2,0,973.7,329,0.6,2.3,0,0,0,0,0,0,0,396,55,15,96
GVESTA,2010,7,11,22,25.7,65.3,21.5,18.7,14.04,20.9,61.6,0,973.7,297,0.5,1.8,0,0,0,0,0,0,0,410,88,15,96
GVESTA,2010,7,11,23,24.6,68.4,21.1,18.4,13.78,20.4,59.8,0,973.5,304,0.4,2.1,0,0,0,0,0,0,0,397,88,15,96
GVESTA,2010,7,12,0,23.3,72.6,20.8,18.1,13.58,19.8,58,0,973.4,315,0.4,1.2,0,0,0,0,0,0,0,389,88,15,96
GVESTA,2010,7,12,1,22.9,73.4,20.5,17.9,13.38,19.6,57.1,0,973.2,18,0.5,1.3,0,0,0,0,0,0,0,407,94,15,96
GVESTA,2010,7,12,2,22.1,76.1,20.2,17.7,13.19,19.2,55.8,0,972.8,346,0.9,2.4,0,0,0,0,0,0,0,404,94,15,96
GVESTA,2010,7,12,3,22.2,74.7,20,17.5,13.06,19.1,55.5,0,972.5,270,0.6,1.5,0,0,0,0,0,0,0,397,81,15,96
GVESTA,2010,7,12,4,22.1,74.7,19.9,17.4,12.99,19,55.2,0,972.7,0,0.4,1.1,48,155,29,84,161,14,15,378,43,15,96
GVESTA,2010,7,12,5,21.9,75.6,19.9,17.4,12.99,18.9,55,0,972.5,319,1,2.3,191,463,73,194,493,36,37,358,19,15,96
GVESTA,2010,7,12,6,23.9,70,20.7,18.1,13.53,20,58.5,0,972.3,315,0.3,1.2,364,651,90,166,684,49,49,352,6,15,96
GVESTA,2010,7,12,7,25.3,66.9,21.6,18.7,14.13,20.8,61.5,0,972.3,111,1,3.6,526,716,115,80,717,159,65,359,26,15,96
GVESTA,2010,7,12,8,26.8,60.4,21.3,18.5,13.93,21.1,62.5,0,972.2,37,1.2,3.3,692,837,98,70,702,304,71,360,6,15,96
GVESTA,2010,7,12,9,28.4,53.7,20.7,18.1,13.54,21.4,63.1,0,971.9,65,1.5,5,812,870,103,79,577,422,80,363,6,15,96
GVESTA,2010,7,12,10,30,51.1,21.7,18.8,14.21,22.3,66.5,0,971.5,74,2,5.5,890,877,116,87,407,505,88,382,19,15,96
GVESTA,2010,7,12,11,32.2,42.9,20.6,18,13.49,22.4,66.9,0,970.6,169,1.9,6.9,906,850,132,91,177,532,152,407,26,15,96
GVESTA,2010,7,12,12,34.2,34,18.3,16.1,11.96,21.9,65.1,0,969.7,235,4.2,7.8,796,602,259,134,133,480,385,419,66,15,96
GVESTA,2010,7,12,13,34.7,32,17.7,15.6,11.58,21.8,64.6,0,968.7,238,3.9,9.3,817,828,124,85,86,444,528,401,51,15,96
GVESTA,2010,7,12,14,34.7,28.3,15.7,13.7,10.25,20.8,61.2,0,968.8,237,5.4,11.6,313,92,242,129,128,176,204,427,100,15,96
GVESTA,2010,7,12,15,31.3,36.1,16.5,14.5,10.75,20.2,59,0,970.8,273,5.5,18.3,100,0,100,56,56,55,55,423,100,15,96
GVESTA,2010,7,12,16,26.2,46.1,15.7,13.7,10.23,18.2,52.4,0,970.7,351,4.2,16.3,44,0,44,24,24,24,24,418,100,15,96
GVESTA,2010,7,12,17,25.2,52.2,16.7,14.7,10.87,18.4,53,0,972.3,53,7.5,11.9,101,51,87,64,47,46,98,411,94,15,96
GVESTA,2010,7,12,18,24.3,54,16.4,14.4,10.67,18,51.6,0,972,20,4.2,11.2,23,12,22,18,12,12,24,411,100,15,96
GVESTA,2010,7,12,19,23.6,58.5,17.1,15,11.14,18.1,52.1,0.1,972,345,1.6,5.7,0,0,0,0,0,0,0,408,100,15,96
GVESTA,2010,7,12,20,23.2,64.8,18.4,16.2,11.99,18.6,53.8,0,973,360,0.6,2.2,0,0,0,0,0,0,0,406,100,15,96
GVESTA,2010,7,12,21,22.3,71.1,19.1,16.8,12.46,18.7,54.1,0,972.8,315,1.3,3.5,0,0,0,0,0,0,0,400,94,15,96
GVESTA,2010,7,12,22,23.1,66,18.7,16.4,12.2,18.7,54.3,0,972.3,301,1,2.3,0,0,0,0,0,0,0,381,68,15,96
GVESTA,2010,7,12,23,21.2,74.1,18.7,16.4,12.2,18.1,52.3,0,972.4,309,1.3,2.2,0,0,0,0,0,0,0,387,81,15,96
GVESTA,2010,7,13,0,20.7,75.4,18.4,16.2,12,17.8,51.3,0,971.8,261,0.9,1.9,0,0,0,0,0,0,0,391,94,16,96
GVESTA,2010,7,13,1,20.4,74.9,17.9,15.8,11.68,17.4,50.2,0,971.4,283,1.4,2.4,0,0,0,0,0,0,0,386,75,16,96
GVESTA,2010,7,13,2,20.3,72.5,17.3,15.2,11.28,17,49.1,0,971.1,232,1.1,1.9,0,0,0,0,0,0,0,380,64,16,96
GVESTA,2010,7,13,3,19.8,73.4,16.9,14.9,11.02,16.7,47.9,0,971,279,0.8,1.7,0,0,0,0,0,0,0,384,71,16,96
GVESTA,2010,7,13,4,19.1,77.1,17,15,11.08,16.5,47.3,0,971.2,301,0.7,1.8,7,0,7,4,4,4,4,393,90,16,96
GVESTA,2010,7,13,5,20.5,73,17.6,15.5,11.48,17.3,49.8,0,971.3,270,0.5,2.2,159,257,94,140,306,47,48,385,68,16,96
GVESTA,2010,7,13,6,21.9,68.7,18.1,15.9,11.81,18,52,0,971.2,321,0.7,1.9,304,376,150,161,459,74,75,388,68,16,96
GVESTA,2010,7,13,7,22.7,65.5,18.1,15.9,11.81,18.3,52.9,0,971.4,281,0.7,2.4,359,182,256,143,320,168,132,397,100,16,96
GVESTA,2010,7,13,8,23.8,63.3,18.7,16.4,12.21,18.9,55,0,971,263,0.8,3.1,576,469,237,123,506,300,122,395,71,16,96
GVESTA,2010,7,13,9,26,55.1,18.5,16.3,12.08,19.6,57,0,970.7,216,2.3,5.8,767,721,183,98,561,428,99,399,71,16,96
GVESTA,2010,7,13,10,27.9,49.6,18.7,16.4,12.22,20.2,59.3,0,970.3,211,2.5,7.4,853,763,180,102,419,505,102,405,68,16,96
GVESTA,2010,7,13,11,29.3,43.5,17.7,15.6,11.56,20.2,59,0,969.8,214,3.9,8.5,684,358,359,185,247,416,239,408,88,16,96
GVESTA,2010,7,13,12,30.7,38.1,16.8,14.8,10.97,20.2,58.9,0,969.2,220,4.7,9.9,778,525,308,147,146,486,387,419,94,16,96
GVESTA,2010,7,13,13,31.6,36.7,17,15,11.11,20.6,60.2,0,968.7,232,4.2,8.2,763,645,224,112,113,446,509,416,75,16,96
GVESTA,2010,7,13,14,32.3,35,16.9,14.9,11.05,20.8,60.8,0,968,217,3.8,6.8,633,540,236,113,113,343,560,414,81,16,96
GVESTA,2010,7,13,15,32.8,31.9,15.9,13.9,10.39,20.4,59.6,0,967.5,194,3.5,7.6,546,680,134,73,73,211,683,400,54,16,96
GVESTA,2010,7,13,16,32.8,34.5,17.2,15.1,11.26,21,61.9,0,967,216,3.3,6.5,403,701,83,141,49,50,718,383,19,16,96
GVESTA,2010,7,13,17,32,37.7,18,15.8,11.8,21.1,62.4,0,966.9,238,3.4,6.7,226,521,73,190,38,38,551,379,0,16,96
GVESTA,2010,7,13,18,30.8,43.3,19.2,16.9,12.6,21.4,63.2,0,967.2,228,4.7,8.7,71,190,42,102,22,21,203,383,6,16,96
GVESTA,2010,7,13,19,29.1,48.7,19.6,17.2,12.86,21.1,62.1,0,967.5,231,3.8,7.4,0,0,0,0,0,0,0,413,75,16,96
GVESTA,2010,7,13,20,28.7,52.1,20.5,17.9,13.46,21.3,63.2,0,968,222,2.9,6.2,0,0,0,0,0,0,0,409,78,16,96
GVESTA,2010,7,13,21,28.1,55,20.9,18.2,13.72,21.3,63.3,0,968.2,244,2.6,4.7,0,0,0,0,0,0,0,405,71,16,96
GVESTA,2010,7,13,22,26.7,61.2,21.4,18.6,14.06,21.2,62.7,0,968.4,259,2.1,5.1,0,0,0,0,0,0,0,399,68,16,96
GVESTA,2010,7,13,23,26.4,62.3,21.4,18.6,14.05,21.1,62.4,0,968.7,228,2.4,4.5,0,0,0,0,0,0,0,373,13,16,96
GVESTA,2010,7,14,0,27.5,51.8,19,16.7,12.44,20.3,59.4,0,968.8,220,3.1,6,0,0,0,0,0,0,0,366,0,15,96
GVESTA,2010,7,14,1,26.3,53.5,18.3,16.1,11.98,19.6,57,0,968.6,230,2.6,5.1,0,0,0,0,0,0,0,365,0,15,96
GVESTA,2010,7,14,2,25.4,57.5,18.6,16.4,12.18,19.5,56.6,0,968.2,270,0.8,1.9,0,0,0,0,0,0,0,364,0,15,96
GVESTA,2010,7,14,3,23.9,62.9,18.7,16.4,12.25,19,55.2,0,968.2,297,0.9,1.8,0,0,0,0,0,0,0,363,0,15,96
GVESTA,2010,7,14,4,22.7,67.6,18.7,16.4,12.25,18.6,54,0,968.2,349,0.7,2.1,44,139,27,76,144,14,14,362,0,15,96
GVESTA,2010,7,14,5,23.3,65.2,18.7,16.4,12.25,18.8,54.6,0,968.1,346,0.5,2.5,188,476,67,190,501,34,34,361,0,15,96
GVESTA,2010,7,14,6,24.4,66.3,20.3,17.7,13.32,19.9,58.5,0,968,6,0.9,2.2,353,630,94,165,667,50,49,377,23,15,96
GVESTA,2010,7,14,7,25.6,61.7,20.2,17.7,13.26,20.3,59.5,0,967.7,166,0.6,2.5,535,779,89,71,750,148,57,372,16,15,96
GVESTA,2010,7,14,8,26.6,59.3,20.6,18,13.53,20.8,61.3,0,967.3,214,0.7,3.1,680,804,112,71,690,308,72,359,0,15,96
GVESTA,2010,7,14,9,28,57,21.5,18.7,14.15,21.6,64.3,0,966.6,78,1.7,4.8,805,849,114,79,575,426,80,363,0,15,96
GVESTA,2010,7,14,10,29.1,52.5,21.1,18.4,13.89,21.8,64.8,0,966.2,82,2.3,5.2,812,682,213,120,407,474,120,393,54,15,96
GVESTA,2010,7,14,11,30.5,48.5,21.1,18.4,13.9,22.2,66.2,0,965.5,75,2.3,5.2,787,592,250,135,260,474,143,414,61,15,96
GVESTA,2010,7,14,12,31.2,45.7,20.7,18.1,13.64,22.2,66.3,0,964.9,86,2.7,6,573,222,375,195,194,339,301,425,81,15,96
GVESTA,2010,7,14,13,33.8,34.3,18.1,15.9,11.9,21.7,64.5,0,964.3,223,3.6,9.7,434,133,325,171,170,247,271,412,81,15,96
GVESTA,2010,7,14,14,34.6,30.2,16.6,14.6,10.91,21.3,62.8,0,963.1,210,5.8,9.9,588,505,226,122,122,295,522,399,54,15,96
GVESTA,2010,7,14,15,36.2,25.1,15.1,13.1,9.9,21,61.9,0,963.5,221,8.4,14.6,580,768,115,65,66,214,744,400,35,15,96
GVESTA,2010,7,14,16,34.8,26.9,15,13,9.83,20.5,60.2,0,963.7,240,6.9,13.5,280,211,188,136,97,103,314,412,81,15,96
GVESTA,2010,7,14,17,33.4,30.5,15.7,13.7,10.3,20.5,60,0,964.1,252,5.4,12.4,199,387,90,166,46,46,431,403,71,15,96
GVESTA,2010,7,14,18,30.9,32.9,14.7,12.7,9.62,19.2,55.7,0,965.4,245,5.6,13,75,170,48,96,24,24,189,407,69,15,96
GVESTA,2010,7,14,19,28.7,39.8,15.7,13.7,10.27,19,55.1,0,966.9,223,5.3,10,0,0,0,0,0,0,0,411,88,15,96
GVESTA,2010,7,14,20,26.9,48.4,17.2,15.1,11.25,19.2,55.8,0,968.3,192,5.7,9.2,0,0,0,0,0,0,0,402,78,15,96
GVESTA,2010,7,14,21,26.2,51.1,17.4,15.3,11.37,19.1,55.3,0,969.2,191,5.3,8.9,0,0,0,0,0,0,0,394,68,15,96
GVESTA,2010,7,14,22,26,50.7,17.1,15,11.17,18.9,54.6,0,969.5,199,4.7,7.5,0,0,0,0,0,0,0,377,48,15,96
GVESTA,2010,7,14,23,25,53.1,16.8,14.8,10.96,18.4,53.1,0,969.9,200,4.4,6.4,0,0,0,0,0,0,0,369,53,15,96
GVESTA,2010,7,15,0,24.6,54.4,16.8,14.8,10.96,18.3,52.7,0,970.3,227,2,6.1,0,0,0,0,0,0,0,382,64,14,96
GVESTA,2010,7,15,1,24,55.7,16.6,14.6,10.82,18,51.7,0,970.7,135,1.6,3.5,0,0,0,0,0,0,0,392,71,14,96
GVESTA,2010,7,15,2,24.2,55,16.6,14.6,10.82,18,51.9,0,971.1,315,0.7,2.4,0,0,0,0,0,0,0,390,88,14,96
GVESTA,2010,7,15,3,23.8,53.5,15.8,13.8,10.28,17.5,50.1,0,971.5,111,1,2.7,0,0,0,0,0,0,0,393,94,14,96
GVESTA,2010,7,15,4,23.9,51.8,15.4,13.4,10.01,17.3,49.5,0,971.9,63,0.6,1.9,35,62,29,44,73,15,15,391,94,14,96
GVESTA,2010,7,15,5,23.6,46.6,13.6,11.5,8.82,16.2,46.2,0,972.4,275,1.2,3.5,88,29,82,56,73,44,44,382,94,14,96
GVESTA,2010,7,15,6,23.3,49.7,14.2,12.2,9.21,16.5,46.9,0,972.8,346,1.1,2.6,215,106,168,113,199,86,87,382,88,14,96
GVESTA,2010,7,15,7,24,47,14,12,9.08,16.6,47.3,0,973,7,1.2,2.8,265,100,212,113,215,129,111,401,94,14,96
GVESTA,2010,7,15,8,24,42.8,12.8,10.6,8.29,15.9,45.2,0,973,297,1.2,3.3,448,171,327,167,327,246,165,396,88,14,96
GVESTA,2010,7,15,9,24.8,38.7,12.1,9.8,7.83,15.8,44.9,0,973,62,2.1,6.5,723,597,235,116,502,412,116,386,61,14,96
GVESTA,2010,7,15,10,26,37.8,12.7,10.5,8.23,16.6,47.1,0,972.7,88,2.8,5.8,764,534,296,144,408,460,143,380,55,14,96
GVESTA,2010,7,15,11,26.7,38.5,13.5,11.4,8.76,17.2,49.2,0,972.2,79,1.6,6.1,888,775,186,98,223,539,138,369,35,14,96
GVESTA,2010,7,15,12,27.9,37.6,14.1,12.1,9.16,18,51.4,0,971.9,68,1.4,5.8,908,891,114,82,82,522,355,347,0,14,96
GVESTA,2010,7,15,13,29.3,36,14.7,12.7,9.56,18.7,53.9,0,971.4,212,2.5,8.1,842,888,104,76,76,452,541,343,0,14,96
GVESTA,2010,7,15,14,30.4,32.9,14.3,12.3,9.3,18.9,54.4,0,971,217,3.6,8.8,730,862,97,67,68,340,682,344,0,14,96
GVESTA,2010,7,15,15,30.9,31.4,14,12,9.1,18.9,54.4,0,970.7,217,3.9,7.7,576,788,99,59,59,204,743,344,0,14,96
GVESTA,2010,7,15,16,30.8,31.6,14,12,9.1,18.9,54.3,0,970.4,216,3.8,7.2,406,694,90,126,48,63,716,345,0,14,96
GVESTA,2010,7,15,17,30.5,33,14.4,12.4,9.37,19,54.6,0,970.5,222,3.7,7.4,232,543,73,192,36,36,573,345,0,14,96
GVESTA,2010,7,15,18,29.5,35.1,14.5,12.5,9.43,18.7,53.8,0,970.9,232,3.7,7.3,76,245,40,122,20,20,254,370,19,14,96
GVESTA,2010,7,15,19,28.4,37.2,14.4,12.4,9.36,18.3,52.5,0,971.4,302,1,2.1,0,0,0,0,0,0,0,370,23,14,96
GVESTA,2010,7,15,20,25.5,46.8,15.3,13.3,9.95,17.8,51,0,971.9,336,1.5,2.5,0,0,0,0,0,0,0,347,13,14,96
GVESTA,2010,7,15,21,25.4,42.4,13.7,11.7,8.89,16.9,48.2,0,971.9,326,0.7,1.8,0,0,0,0,0,0,0,342,0,14,96
GVESTA,2010,7,15,22,24.2,46.1,13.9,11.9,9.02,16.6,47.3,0,972.3,346,0.5,1.2,0,0,0,0,0,0,0,341,0,14,96
GVESTA,2010,7,15,23,23.5,46.2,13.4,11.3,8.69,16.1,45.7,0,972.5,247,0.9,1.8,0,0,0,0,0,0,0,340,0,14,96
GVESTA,2010,7,16,0,22.3,51.1,13.7,11.7,8.89,15.8,45,0,972.6,263,0.9,2,0,0,0,0,0,0,0,339,0,14,96
GVESTA,2010,7,16,1,21.5,54.3,13.9,11.9,9.02,15.7,44.5,0,972.8,270,0.7,1.8,0,0,0,0,0,0,0,340,0,14,96
GVESTA,2010,7,16,2,21,57.1,14.2,12.2,9.21,15.6,44.5,0,972.9,270,0.7,1.3,0,0,0,0,0,0,0,341,0,14,96
GVESTA,2010,7,16,3,20.2,61.6,14.6,12.6,9.47,15.6,44.4,0,973.2,249,0.9,1.8,0,0,0,0,0,0,0,342,0,14,96
GVESTA,2010,7,16,4,19.8,64.9,15,13,9.74,15.6,44.6,0,973.3,264,1,2,42,134,26,73,139,13,13,347,0,14,96
GVESTA,2010,7,16,5,21,63.4,15.8,13.8,10.26,16.5,47.2,0,973.4,286,0.7,1.6,187,487,66,191,511,32,32,345,0,14,96
GVESTA,2010,7,16,6,22.6,60.6,16.6,14.6,10.79,17.5,50.2,0,973.7,360,0.4,1.3,357,662,85,158,690,45,44,346,0,14,96
GVESTA,2010,7,16,7,23.6,59.7,17.4,15.3,11.32,18.2,52.5,0,973.6,79,1.1,3.2,531,768,95,55,744,165,55,348,0,14,96
GVESTA,2010,7,16,8,24.6,56.6,17.5,15.4,11.39,18.6,53.7,0,973.2,59,1.4,3.6,684,824,105,66,696,307,66,349,0,14,96
GVESTA,2010,7,16,9,25.7,53,17.5,15.4,11.39,19,54.9,0,973,81,2,5.4,816,886,98,72,579,426,73,351,0,14,96
GVESTA,2010,7,16,10,27.6,48.6,17.9,15.8,11.66,19.8,57.5,0,972.6,87,1.8,4.9,893,891,111,79,404,508,80,353,23,14,96
GVESTA,2010,7,16,11,29.2,44.3,17.9,15.8,11.67,20.3,59.2,0,972.2,77,1.6,4.8,921,886,118,82,190,540,117,362,25,14,96
GVESTA,2010,7,16,12,31.3,40,18.3,16.1,11.94,21.1,62,0,971.6,150,1.4,6.9,899,876,120,81,82,520,353,370,0,14,96
GVESTA,2010,7,16,13,33.9,31.8,16.8,14.8,10.95,21.2,62.2,0,971.4,224,2.9,7.5,824,840,125,78,79,452,531,370,0,14,96
GVESTA,2010,7,16,14,34.3,27.5,14.9,12.9,9.69,20.3,59.4,0,971.4,233,4.1,8.7,696,752,143,77,77,346,640,370,6,14,96
GVESTA,2010,7,16,15,34.4,23.3,12.7,10.5,8.24,19.3,55.7,0,971.5,247,4.2,7.9,539,648,146,72,72,218,659,393,36,14,96
GVESTA,2010,7,16,16,34.2,20.6,11.1,8.5,7.19,18.3,52.8,0,971.5,257,3.8,8.1,352,450,151,139,71,87,527,399,50,14,96
GVESTA,2010,7,16,17,33.5,18.7,9.7,6.5,6.27,17.3,49.8,0,971.8,264,3.1,6.8,109,72,84,64,44,43,119,407,71,14,96
GVESTA,2010,7,16,18,31.9,21.3,10.1,7.1,6.53,17,48.8,0,971.9,288,2.5,5.6,50,78,40,56,21,21,95,410,50,14,96
GVESTA,2010,7,16,19,30.1,27.4,11.7,9.3,7.57,17.4,49.6,0,972.5,329,0.8,3.6,0,0,0,0,0,0,0,406,71,14,96
GVESTA,2010,7,16,20,28.3,31.9,12.3,10,7.96,17.1,48.8,0,973.2,81,1.1,4.2,0,0,0,0,0,0,0,416,94,14,96
GVESTA,2010,7,16,21,26.6,37.4,13,10.9,8.42,17,48.2,0,973.7,279,1.4,4.6,0,0,0,0,0,0,0,405,75,14,96
GVESTA,2010,7,16,22,25.9,40.3,13.5,11.4,8.74,17,48.3,0,973.9,270,0.8,3.1,0,0,0,0,0,0,0,402,78,14,96
GVESTA,2010,7,16,23,24.1,46.4,13.9,11.9,9.01,16.6,47.2,0,973.8,7,1.2,3.1,0,0,0,0,0,0,0,402,94,14,96
GVESTA,2010,7,17,0,23.7,49.5,14.5,12.5,9.4,16.8,47.8,0,974.1,333,1.3,3.1,0,0,0,0,0,0,0,379,39,14,96
GVESTA,2010,7,17,1,23.8,50.1,14.8,12.8,9.59,16.9,48.4,0,974.4,243,1,2.6,0,0,0,0,0,0,0,357,0,14,96
GVESTA,2010,7,17,2,23.4,48.7,14,12,9.07,16.4,46.6,0,974.5,270,1.2,2.4,0,0,0,0,0,0,0,354,0,14,96
GVESTA,2010,7,17,3,22.5,51.1,13.9,11.9,9,16,45.5,0,974.6,276,0.9,2.1,0,0,0,0,0,0,0,354,0,14,96
GVESTA,2010,7,17,4,21,56.8,14.1,12.1,9.13,15.6,44.3,0,974.9,233,1,3.3,33,66,25,42,75,13,13,361,26,14,96
GVESTA,2010,7,17,5,22.6,55,15.1,13.1,9.78,16.7,47.6,0,975.4,257,1.1,2.5,108,156,73,94,192,37,37,376,59,14,96
GVESTA,2010,7,17,6,23.1,54.4,15.4,13.4,9.97,17,48.6,0,975.8,286,1.6,3.5,283,315,156,148,400,74,75,384,75,14,96
GVESTA,2010,7,17,7,24,53.6,16,14,10.36,17.6,50.5,0,976.3,292,1.3,3.8,262,133,194,102,234,120,101,394,94,14,96
GVESTA,2010,7,17,8,24.2,56.5,17,15,11.02,18.3,52.4,0,976.4,315,0.8,2.4,327,66,281,149,210,176,147,399,94,14,96
GVESTA,2010,7,17,9,24.9,52.8,16.6,14.6,10.76,18.3,52.4,0,976.5,304,1.2,3.6,303,31,279,150,174,165,148,396,94,14,96
GVESTA,2010,7,17,10,24.7,53.4,16.6,14.6,10.75,18.2,52.2,0,976.9,287,2.1,4.3,418,77,350,184,223,237,182,397,88,14,96
GVESTA,2010,7,17,11,25.1,53.2,16.9,14.9,10.95,18.5,53.1,0,976.7,307,1.6,6.7,323,15,310,169,173,175,166,404,100,14,96
GVESTA,2010,7,17,12,23.7,56.3,16.5,14.5,10.68,17.8,51,0,977.6,331,2.6,9.1,244,3,242,133,131,131,132,403,100,14,96
GVESTA,2010,7,17,13,24.1,50.2,15.1,13.1,9.76,17.2,49.1,0,977.5,317,2.3,7,410,58,360,192,190,227,231,401,100,14,96
GVESTA,2010,7,17,14,24.4,49.6,15.2,13.2,9.82,17.4,49.5,0,977.8,103,2.3,7,194,0,194,107,106,104,105,399,100,14,96
GVESTA,2010,7,17,15,23.3,48.1,13.7,11.7,8.84,16.2,45.9,0,978.1,16,3.1,7.9,136,4,134,73,73,73,76,396,100,14,96
GVESTA,2010,7,17,16,22.4,52.5,14.2,12.2,9.17,16.1,45.8,0,977.8,360,2.1,7.7,220,112,172,115,88,87,206,390,88,14,96
GVESTA,2010,7,17,17,22.4,52.1,14.1,12.1,9.09,16.1,45.6,0,978.8,331,2.1,6.8,63,15,59,38,32,31,47,384,94,14,96
GVESTA,2010,7,17,18,21.9,50,13.1,11,8.43,15.4,43.5,0,979.3,315,1.7,5.2,58,113,42,70,22,21,129,390,94,14,96
GVESTA,2010,7,17,19,21.6,43.9,11.3,8.8,7.25,14.2,40.2,0,980.2,360,2.2,6,0,0,0,0,0,0,0,387,100,14,96
GVESTA,2010,7,17,20,21.1,46.5,11.6,9.2,7.45,14.2,40.1,0,980.6,350,1.7,6.2,0,0,0,0,0,0,0,384,94,14,96
GVESTA,2010,7,17,21,21.2,48.1,12.1,9.8,7.77,14.5,41.1,0,981.1,10,1.8,3.7,0,0,0,0,0,0,0,367,75,14,96
GVESTA,2010,7,17,22,20.6,49.9,12.1,9.8,7.76,14.3,40.4,0,981.4,355,1.2,2.8,0,0,0,0,0,0,0,346,58,14,96
GVESTA,2010,7,17,23,19.3,54.8,12.3,10,7.9,13.9,39.4,0,981.2,17,1.1,2.3,0,0,0,0,0,0,0,338,43,14,96
GVESTA,2010,7,18,0,18.8,56.2,12.2,9.9,7.83,13.6,38.8,0,981,360,0.9,2.4,0,0,0,0,0,0,0,307,16,12,96
GVESTA,2010,7,18,1,18.2,56.8,11.9,9.5,7.64,13.2,37.7,0,980.4,356,1.6,3.4,0,0,0,0,0,0,0,307,0,12,96
GVESTA,2010,7,18,2,18.1,56.4,11.7,9.3,7.52,13.1,37.2,0,980,360,1.3,2.8,0,0,0,0,0,0,0,306,0,12,96
GVESTA,2010,7,18,3,17.7,57.8,11.7,9.3,7.51,12.9,36.8,0,980.4,333,1,2.4,0,0,0,0,0,0,0,306,0,12,96
GVESTA,2010,7,18,4,16.8,62.9,12,9.7,7.71,12.7,36.4,0,980.4,32,1,2.7,40,142,25,74,145,12,12,305,6,12,96
GVESTA,2010,7,18,5,18.8,58.9,12.8,10.6,8.23,14,39.8,0,980.4,352,1,5.4,192,532,61,197,551,28,28,305,0,12,96
GVESTA,2010,7,18,6,19.9,57.6,13.4,11.3,8.62,14.8,41.9,0,980.7,40,6.9,12.3,365,696,81,154,718,40,40,329,0,12,96
GVESTA,2010,7,18,7,20.6,55.6,13.5,11.4,8.68,15.1,42.8,0,980.7,40,8,14.8,527,730,113,55,720,174,56,345,19,12,96
GVESTA,2010,7,18,8,21.5,52.6,13.5,11.4,8.68,15.4,43.7,0,980.4,42,8.4,13.3,697,843,106,60,704,312,60,341,19,12,96
GVESTA,2010,7,18,9,22.7,49.2,13.6,11.5,8.75,15.9,45.1,0,980.3,39,7.8,13.1,839,917,100,65,593,436,65,343,0,12,96
GVESTA,2010,7,18,10,23.8,45.4,13.4,11.3,8.62,16.2,45.9,0,980,39,8.2,14.2,910,923,102,69,399,511,70,315,0,12,96
GVESTA,2010,7,18,11,25,41.4,13.1,11,8.43,16.5,46.6,0,979.3,41,8.5,13.3,929,894,121,74,186,542,109,323,0,12,96
GVESTA,2010,7,18,12,26,38.3,12.9,10.7,8.31,16.7,47.3,0,978.6,42,8.4,13.7,907,884,123,73,74,523,349,330,0,12,96
GVESTA,2010,7,18,13,26.7,35,12.3,10,7.92,16.6,47.1,0,978.2,45,8.9,14.3,840,876,114,68,69,454,534,330,0,12,96
GVESTA,2010,7,18,14,27.1,32.7,11.7,9.3,7.53,16.4,46.5,0,977.8,40,8.7,13.1,719,819,120,64,64,346,665,329,0,12,96
GVESTA,2010,7,18,15,27,30.9,11,8.4,7.08,16,45.2,0,977.3,39,7.8,12.6,571,766,110,55,55,208,729,329,0,12,96
GVESTA,2010,7,18,16,27,29.7,10.6,7.8,6.82,15.7,44.6,0,976.9,36,7.4,12.6,406,708,87,117,43,60,724,329,0,12,96
GVESTA,2010,7,18,17,26.2,31.8,10.8,8.1,6.95,15.6,44.1,0,976.7,36,7,13.1,232,572,68,191,32,31,596,329,0,12,96
GVESTA,2010,7,18,18,25.3,34.2,11,8.4,7.08,15.4,43.5,0,976.9,24,5.7,11.9,73,246,37,118,18,18,253,326,0,12,96
GVESTA,2010,7,18,19,24.3,36.8,11.2,8.6,7.21,15.1,42.8,0,977.1,16,3.5,9,0,0,0,0,0,0,0,321,0,12,96
GVESTA,2010,7,18,20,23.6,38.9,11.3,8.8,7.28,14.9,42.3,0,977.3,16,2.9,5.1,0,0,0,0,0,0,0,319,0,12,96
GVESTA,2010,7,18,21,23.6,40.2,11.7,9.3,7.53,15.2,42.9,0,977.6,16,3,6.2,0,0,0,0,0,0,0,318,0,12,96
GVESTA,2010,7,18,22,23.5,41,11.9,9.5,7.66,15.2,43.1,0,977.7,12,2.4,5.3,0,0,0,0,0,0,0,316,0,12,96
GVESTA,2010,7,18,23,23.1,42.9,12.1,9.8,7.8,15.2,43.1,0,977.6,18,2.3,5.5,0,0,0,0,0,0,0,315,0,12,96
GVESTA,2010,7,19,0,22.6,46.6,12.8,10.6,8.25,15.4,43.7,0,977.3,360,1.2,2.9,0,0,0,0,0,0,0,314,0,14,96
GVESTA,2010,7,19,1,20.6,51.3,12.4,10.2,7.99,14.5,41,0,977.2,270,0.9,1.7,0,0,0,0,0,0,0,315,0,14,96
GVESTA,2010,7,19,2,19.9,53.9,12.5,10.3,8.06,14.3,40.5,0,977.1,279,0.6,1.5,0,0,0,0,0,0,0,316,0,14,96
GVESTA,2010,7,19,3,18.6,58.9,12.6,10.4,8.13,13.8,39.3,0,977.1,252,0.6,1.3,0,0,0,0,0,0,0,316,0,14,96
GVESTA,2010,7,19,4,17.7,62.7,12.7,10.5,8.19,13.5,38.5,0,977.2,279,0.6,1.7,39,145,24,75,148,12,12,317,0,14,96
GVESTA,2010,7,19,5,18.9,61.3,13.4,11.3,8.65,14.4,40.9,0,977.2,281,0.6,1.6,185,503,63,191,526,31,31,318,0,14,96
GVESTA,2010,7,19,6,20,62,14.5,12.5,9.37,15.4,43.9,0,977.2,60,2.5,7.3,359,685,81,154,711,44,43,319,0,14,96
GVESTA,2010,7,19,7,20.7,58.6,14.3,12.3,9.24,15.6,44.3,0,977.2,43,5.1,8.6,534,789,91,54,763,169,55,323,0,14,96
GVESTA,2010,7,19,8,21.8,55.1,14.4,12.4,9.3,16,45.6,0,977.1,40,5,8.5,682,813,114,68,699,319,69,326,0,14,96
GVESTA,2010,7,19,9,22.7,51.8,14.3,12.3,9.24,16.3,46.3,0,976.9,42,4.1,8,812,872,109,75,584,437,75,330,0,14,96
GVESTA,2010,7,19,10,24.4,46.8,14.3,12.3,9.25,16.9,48.1,0,976.3,52,3.7,6.9,894,896,111,80,408,519,81,333,0,14,96
GVESTA,2010,7,19,11,25.7,43.9,14.5,12.5,9.38,17.4,49.8,0,975.8,33,3.4,7.9,920,879,126,84,196,552,120,338,0,14,96
GVESTA,2010,7,19,12,27.4,38.9,14.2,12.2,9.19,17.9,51,0,975.3,44,4,6.8,906,894,114,81,82,532,354,345,0,14,96
GVESTA,2010,7,19,13,28.3,35.3,13.6,11.5,8.8,17.8,50.9,0,974.8,27,3.7,8,833,866,117,77,78,463,540,345,0,14,96
GVESTA,2010,7,19,14,29,32.1,12.9,10.7,8.35,17.7,50.5,0,974.3,35,3.5,7.6,718,830,112,70,70,352,675,345,0,14,96
GVESTA,2010,7,19,15,29.6,30,12.4,10.2,8.02,17.6,50.3,0,973.9,36,3.5,6,569,773,104,60,60,214,737,346,0,14,96
GVESTA,2010,7,19,16,29.3,30.5,12.4,10.2,8.02,17.5,50,0,973.6,31,3.3,5.7,401,698,88,120,47,65,720,346,0,14,96
GVESTA,2010,7,19,17,29.4,27.6,11.3,8.8,7.31,17,48.2,0,973.2,27,2.8,4.6,227,550,70,187,35,35,579,346,0,14,96
GVESTA,2010,7,19,18,28.8,29.4,11.6,9.2,7.5,16.9,48.1,0,973.3,30,2.2,3.9,71,231,38,113,19,19,240,343,0,14,96
GVESTA,2010,7,19,19,26.2,37.8,12.9,10.7,8.35,16.7,47.6,0,973.7,3,2,3.7,0,0,0,0,0,0,0,338,0,14,96
GVESTA,2010,7,19,20,25,37.5,11.9,9.5,7.69,15.8,44.7,0,973.9,6,2,3.9,0,0,0,0,0,0,0,335,0,14,96
GVESTA,2010,7,19,21,25.2,39.1,12.5,10.3,8.09,16.2,46,0,973.9,9,0.7,2.5,0,0,0,0,0,0,0,332,0,14,96
GVESTA,2010,7,19,22,23.5,44.1,12.8,10.6,8.28,15.7,44.7,0,974,270,0.8,1.8,0,0,0,0,0,0,0,330,0,14,96
GVESTA,2010,7,19,23,22.3,47.5,12.8,10.6,8.28,15.3,43.5,0,973.9,256,0.9,1.9,0,0,0,0,0,0,0,327,0,14,96
GVESTA,2010,7,20,0,21.1,52.1,13,10.9,8.42,15,42.6,0,973.6,297,1.2,2.4,0,0,0,0,0,0,0,326,0,14,96
GVESTA,2010,7,20,1,20.3,54,12.9,10.7,8.36,14.6,41.6,0,973.2,270,0.6,1.4,0,0,0,0,0,0,0,326,0,14,96
GVESTA,2010,7,20,2,19.9,54.6,12.7,10.5,8.23,14.4,40.9,0,973.1,270,0.6,1.2,0,0,0,0,0,0,0,327,0,14,96
GVESTA,2010,7,20,3,18.9,57.8,12.6,10.4,8.16,13.9,39.7,0,973.1,256,0.8,1.5,0,0,0,0,0,0,0,327,0,14,96
GVESTA,2010,7,20,4,17.9,62.3,12.8,10.6,8.29,13.6,39,0,973.1,278,0.8,1.6,35,110,23,60,116,12,12,328,0,14,96
GVESTA,2010,7,20,5,19.5,59.1,13.4,11.3,8.69,14.6,41.6,0,972.9,281,0.6,1.5,182,497,63,187,521,31,31,328,0,14,96
GVESTA,2010,7,20,6,21.7,55.5,14.4,12.4,9.35,16,45.6,0,972.7,281,0.6,1.9,360,702,77,151,724,42,42,330,0,14,96
GVESTA,2010,7,20,7,22.5,54.6,14.9,12.9,9.68,16.5,47.2,0,972.5,70,1.2,3.6,524,752,104,57,742,175,58,332,0,14,96
GVESTA,2010,7,20,8,23.4,50.4,14.5,12.5,9.42,16.6,47.5,0,972.2,78,1.7,4.6,677,805,116,68,694,319,69,335,0,14,96
GVESTA,2010,7,20,9,24.7,46.3,14.4,12.4,9.36,17,48.7,0,971.8,83,1.7,6,813,890,98,72,585,436,73,338,0,14,96
GVESTA,2010,7,20,10,26.7,41.4,14.5,12.5,9.43,17.8,50.9,0,971.2,67,1.1,4.5,887,881,118,81,409,519,81,343,0,14,96
GVESTA,2010,7,20,11,28.6,38.5,15.1,13.1,9.83,18.7,53.9,0,970.2,94,1.7,5.5,914,870,130,85,197,552,122,355,0,14,96
GVESTA,2010,7,20,12,31.4,29.5,13.6,11.5,8.85,18.8,54.2,0,969.3,220,2.5,6.9,901,887,116,81,82,533,352,365,0,14,96
GVESTA,2010,7,20,13,32.5,21.9,10.7,8,6.95,17.6,50.5,0,968.6,220,3,7.3,833,877,108,75,76,463,538,366,0,14,96
GVESTA,2010,7,20,14,33.4,20.4,10.5,7.7,6.82,17.8,51.1,0,968,230,3,7.9,715,832,109,69,69,352,673,368,0,14,96
GVESTA,2010,7,20,15,33.4,20,10.3,7.4,6.69,17.6,50.8,0,967.3,207,3.8,8.3,559,744,113,62,62,217,720,369,0,14,96
GVESTA,2010,7,20,16,33.5,21,10.9,8.2,7.09,18,51.9,0,966.8,208,4.4,8.1,396,688,89,118,47,65,712,370,0,14,96
GVESTA,2010,7,20,17,33.3,22.7,11.6,9.2,7.55,18.4,52.9,0,966.8,238,3.7,8,222,531,72,182,35,35,563,372,0,14,96
GVESTA,2010,7,20,18,32.1,26.9,12.9,10.7,8.41,18.7,53.8,0,967,236,3.4,7.2,69,210,40,105,20,20,221,372,0,14,96
GVESTA,2010,7,20,19,28.8,37.1,14.7,12.7,9.6,18.6,53.5,0,967.1,297,1.6,4.1,0,0,0,0,0,0,0,366,25,14,96
GVESTA,2010,7,20,20,27,41.5,14.8,12.8,9.66,18,51.8,0,967.7,333,0.7,1.9,0,0,0,0,0,0,0,364,75,14,96
GVESTA,2010,7,20,21,26.1,45.8,15.5,13.5,10.12,18.1,52.1,0,967.8,284,0.5,1.6,0,0,0,0,0,0,0,367,56,14,96
GVESTA,2010,7,20,22,24.5,50.3,15.5,13.5,10.12,17.6,50.4,0,967.9,231,2.2,4.1,0,0,0,0,0,0,0,366,53,14,96
GVESTA,2010,7,20,23,25.5,45.6,14.9,12.9,9.72,17.6,50.4,0,967.9,225,2.1,3.8,0,0,0,0,0,0,0,377,63,14,96
GVESTA,2010,7,21,0,24.1,49.6,14.9,12.9,9.72,17.1,49,0,967.9,242,2.1,3.9,0,0,0,0,0,0,0,350,6,14,96
GVESTA,2010,7,21,1,25,44,13.9,11.9,9.06,16.9,48.2,0,967.9,252,1.9,4.7,0,0,0,0,0,0,0,357,29,14,96
GVESTA,2010,7,21,2,24,47,14,12,9.13,16.6,47.4,0,968,281,1.2,4.5,0,0,0,0,0,0,0,356,25,14,96
GVESTA,2010,7,21,3,22.3,51.7,13.9,11.9,9.06,16,45.5,0,968,267,2,3.5,0,0,0,0,0,0,0,342,0,14,96
GVESTA,2010,7,21,4,21.1,57.5,14.4,12.4,9.39,15.8,45.1,0,968.1,257,1.1,3.2,27,49,21,32,58,11,11,361,33,14,96
GVESTA,2010,7,21,5,21.4,58,14.8,12.8,9.65,16.1,46,0,968.3,24,1.2,2.2,142,225,84,113,269,42,42,374,55,14,96
GVESTA,2010,7,21,6,24.8,46.9,14.7,12.7,9.59,17.2,49.4,0,968.4,297,0.7,2.1,344,641,88,151,675,45,45,363,36,14,96
GVESTA,2010,7,21,7,26.4,41.3,14.2,12.2,9.26,17.5,50.2,0,968.4,270,1.3,3.8,502,681,120,62,689,182,62,374,55,14,96
GVESTA,2010,7,21,8,27.5,41.3,15.2,13.2,9.92,18.4,53,0,968.4,225,1.8,4.7,648,722,144,76,649,320,77,370,49,14,96
GVESTA,2010,7,21,9,29.7,36.4,15.2,13.2,9.92,19.1,55.2,0,967.9,234,2.4,7.8,796,859,108,73,576,433,74,358,6,14,96
GVESTA,2010,7,21,10,31.5,31.1,14.4,12.4,9.4,19.3,55.7,0,967.7,242,4.2,8.6,857,816,147,86,410,513,86,375,13,14,96
GVESTA,2010,7,21,11,32.9,26.8,13.4,11.3,8.74,19.2,55.5,0,967.4,229,7.3,12.9,839,679,228,112,238,527,152,403,61,14,96
GVESTA,2010,7,21,12,32.4,27.7,13.5,11.4,8.8,19.1,55.1,0,967.3,229,7,11.7,206,5,201,111,109,111,111,423,100,14,96
GVESTA,2010,7,21,13,30.8,32.2,14.3,12.3,9.34,19,54.9,0,966.9,242,4.1,8.4,529,175,385,196,194,309,324,414,94,14,96
GVESTA,2010,7,21,14,32.1,30.1,14.4,12.4,9.4,19.4,56.4,0,966.9,231,6.4,11.3,513,316,290,147,146,277,418,409,84,14,96
GVESTA,2010,7,21,15,32.2,30.5,14.7,12.7,9.61,19.6,57,0,966.5,241,5.8,11,512,583,165,79,78,224,620,401,64,14,96
GVESTA,2010,7,21,16,32.4,30.8,15,13,9.81,19.8,57.7,0,966.5,240,4.8,8.4,305,331,153,110,77,95,407,407,78,14,96
GVESTA,2010,7,21,17,30.4,35.9,15.6,13.6,10.2,19.5,56.7,0,967,230,5.5,11.2,82,35,75,53,40,40,75,412,94,14,96
GVESTA,2010,7,21,18,26.4,57,19.6,17.2,12.85,20.2,59.3,0.1,968.1,233,3.2,8.4,37,92,27,53,14,14,101,408,88,14,96
GVESTA,2010,7,21,19,26.3,51.5,17.6,15.5,11.51,19.2,55.8,0,968.4,230,3.9,7.8,0,0,0,0,0,0,0,397,68,14,96
GVESTA,2010,7,21,20,25.7,53,17.5,15.4,11.45,19,55,0,968.5,215,3,7.1,0,0,0,0,0,0,0,392,81,14,96
GVESTA,2010,7,21,21,24.9,57,17.9,15.8,11.71,18.9,54.9,0,968.8,276,1.3,3,0,0,0,0,0,0,0,390,88,14,96
GVESTA,2010,7,21,22,24.7,59.2,18.4,16.2,12.04,19.1,55.5,0,969,309,0.8,2.2,0,0,0,0,0,0,0,385,84,14,96
GVESTA,2010,7,21,23,23.6,64,18.6,16.4,12.16,18.9,54.7,0,969.7,9,0.9,2.2,0,0,0,0,0,0,0,382,68,14,96
GVESTA,2010,7,22,0,22.9,67.2,18.8,16.5,12.3,18.7,54.3,0,969.8,324,0.9,2.2,0,0,0,0,0,0,0,391,81,14,96
GVESTA,2010,7,22,1,23.3,66,18.9,16.6,12.36,18.9,54.9,0,969.7,256,0.6,2.3,0,0,0,0,0,0,0,394,88,14,96
GVESTA,2010,7,22,2,23.8,65.3,19.2,16.9,12.57,19.2,55.9,0,969.6,333,0.3,2,0,0,0,0,0,0,0,385,65,14,96
GVESTA,2010,7,22,3,22.7,68.9,19,16.7,12.43,18.8,54.4,0,969.6,333,0.3,1,0,0,0,0,0,0,0,385,68,14,96
GVESTA,2010,7,22,4,21.5,73.7,18.9,16.6,12.36,18.3,53,0,969.7,11,0.5,1.9,15,6,15,11,13,8,8,391,78,14,96
GVESTA,2010,7,22,5,21.7,74.2,19.3,16.9,12.63,18.5,53.9,0,969.8,301,0.6,1.8,80,51,70,56,88,37,37,396,94,14,96
GVESTA,2010,7,22,6,22.5,71.1,19.4,17,12.69,18.9,54.9,0,970.3,284,0.9,2.1,82,15,76,45,57,40,41,402,100,14,96
GVESTA,2010,7,22,7,22.6,72,19.7,17.3,12.89,19.1,55.5,0,970.4,279,0.6,1.7,169,6,165,91,96,90,89,404,100,14,96
GVESTA,2010,7,22,8,22.9,65.5,18.3,16.1,11.95,18.5,53.4,0.1,970.8,266,1.4,2.9,136,0,136,75,74,73,74,406,100,14,96
GVESTA,2010,7,22,9,23.6,56.7,16.5,14.5,10.75,17.8,51.1,0,971.1,266,1.6,2.9,89,0,89,49,48,48,48,407,100,14,96
GVESTA,2010,7,22,10,23.6,58.5,17,15,11.08,18.1,51.9,0,971.3,274,1.6,3,91,0,91,50,50,49,49,409,100,14,96
GVESTA,2010,7,22,11,23.3,62.7,17.9,15.8,11.68,18.4,53.1,0,971.4,263,1.6,3.5,127,0,127,70,69,68,69,411,100,14,96
GVESTA,2010,7,22,12,24.4,58,17.7,15.6,11.55,18.7,53.9,0,971.3,205,2.3,5.6,59,0,59,33,32,32,32,411,100,14,96
GVESTA,2010,7,22,13,25.4,52.6,17,15,11.09,18.7,53.8,0,970.9,213,3.1,6.6,194,19,178,96,95,107,108,409,100,14,96
GVESTA,2010,7,22,14,23.5,64.8,18.8,16.5,12.28,18.9,54.9,0.5,971,241,2.5,6,64,0,64,35,35,34,35,407,100,14,96
GVESTA,2010,7,22,15,21.8,75.6,19.7,17.3,12.87,18.8,54.6,0.7,971.7,238,1.9,4.2,64,0,64,35,35,34,35,406,100,14,96
GVESTA,2010,7,22,16,20.5,79.8,19.3,16.9,12.59,18.1,52.6,1.5,972.7,228,2.6,5.2,46,0,46,25,25,25,25,404,100,14,96
GVESTA,2010,7,22,17,19.3,85.5,19.1,16.8,12.45,17.7,51,1.3,973.3,258,2.4,4.6,12,0,12,7,6,6,6,402,100,14,96
GVESTA,2010,7,22,18,19.6,83.3,19,16.7,12.38,17.7,51.1,0,973.4,249,1.7,3.7,13,1,13,8,7,7,8,400,100,14,96
GVESTA,2010,7,22,19,20.3,80.8,19.3,16.9,12.58,18.1,52.3,0,973.7,307,0.6,1.8,0,0,0,0,0,0,0,397,94,14,96
GVESTA,2010,7,22,20,20.3,78.8,18.8,16.5,12.24,17.8,51.5,0,974,351,0.7,1.5,0,0,0,0,0,0,0,390,81,14,96
GVESTA,2010,7,22,21,19.1,82.8,18.3,16.1,11.91,17.2,49.4,0,974.2,9,0.9,2.1,0,0,0,0,0,0,0,389,81,14,96
GVESTA,2010,7,22,22,19.5,81.2,18.4,16.2,11.97,17.4,50,0,974.3,311,1,2.2,0,0,0,0,0,0,0,388,88,14,96
GVESTA,2010,7,22,23,19.5,80.2,18.2,16,11.84,17.2,49.6,0,974.4,239,0.6,2.1,0,0,0,0,0,0,0,383,81,14,96
GVESTA,2010,7,23,0,18.3,84.3,17.7,15.6,11.51,16.6,47.6,0,974,253,1.2,2.8,0,0,0,0,0,0,0,385,88,14,96
GVESTA,2010,7,23,1,18.8,81.1,17.6,15.5,11.45,16.7,47.9,0,973.7,292,1.1,2,0,0,0,0,0,0,0,382,74,14,96
GVESTA,2010,7,23,2,18.8,79.6,17.3,15.2,11.25,16.5,47.4,0,973.6,270,0.6,1.9,0,0,0,0,0,0,0,385,84,14,96
GVESTA,2010,7,23,3,17.8,83.7,17.1,15,11.12,16,46.1,0,973.5,275,1.2,2.4,0,0,0,0,0,0,0,391,94,14,96
GVESTA,2010,7,23,4,17.5,85.3,17.1,15,11.12,15.9,45.8,0,973.4,265,1.2,2.7,8,0,8,4,4,4,4,391,100,14,96
GVESTA,2010,7,23,5,18.2,83.7,17.5,15.4,11.38,16.4,47.2,0,973.6,253,1.1,2.8,23,0,23,13,12,12,12,391,100,14,96
GVESTA,2010,7,23,6,18.3,85.4,18,15.8,11.71,16.7,48.1,0,974,266,1.6,3.1,120,27,108,63,86,56,57,390,100,14,96
GVESTA,2010,7,23,7,18.8,83.8,18.2,16,11.84,17,48.9,0,974,276,1.1,4.2,123,2,122,67,68,66,66,390,100,14,96
GVESTA,2010,7,23,8,18.3,86.5,18.2,16,11.84,16.8,48.4,2.6,974.4,222,2.9,5.9,115,0,115,63,63,62,62,390,100,14,96
GVESTA,2010,7,23,9,19,84.3,18.5,16.3,12.04,17.3,49.6,0,974.4,212,2.5,4.5,287,124,189,96,194,166,94,387,94,14,96
GVESTA,2010,7,23,10,20.1,77.3,18.2,16,11.84,17.5,50.3,0,974.4,238,2.7,6.1,422,192,252,133,206,249,132,383,88,14,96
GVESTA,2010,7,23,11,21.9,64.9,17,15,11.05,17.5,50.1,0,974.3,200,2.7,7.5,533,122,423,220,254,312,235,375,88,14,96
GVESTA,2010,7,23,12,22.9,53.3,14.9,12.9,9.66,16.7,47.6,0,974.4,315,2.1,7,593,218,400,200,199,360,312,381,75,14,96
GVESTA,2010,7,23,13,23.9,44.5,13.2,11.1,8.54,16.1,45.8,0,974.9,302,3.5,8.9,582,332,311,158,157,341,378,383,81,14,96
GVESTA,2010,7,23,14,22.1,49.7,13.2,11.1,8.53,15.5,43.9,0,975.5,294,3.2,11,690,750,150,80,81,358,649,366,61,14,96
GVESTA,2010,7,23,15,23.5,36.3,10.5,7.7,6.77,14.4,40.9,0,975.8,309,2.3,7.3,531,635,146,77,77,228,638,366,71,14,96
GVESTA,2010,7,23,16,22.3,35,9.4,6.1,6.05,13.3,37.8,0,976.2,258,2.6,7.6,268,225,163,103,81,98,312,372,88,14,96
GVESTA,2010,7,23,17,21.5,39.3,10.1,7.1,6.5,13.4,38.1,0,976.9,266,1.8,5.9,203,411,92,162,44,44,459,370,88,14,96
GVESTA,2010,7,23,18,19.4,52.7,11.9,9.5,7.66,13.7,39,0,977.6,290,3,7.9,19,19,17,17,9,9,27,376,100,14,96
GVESTA,2010,7,23,19,17,73.8,14.3,12.3,9.23,14.2,40.5,0,977.8,270,1.8,4,0,0,0,0,0,0,0,355,81,14,96
GVESTA,2010,7,23,20,17,74.8,14.5,12.5,9.36,14.3,40.8,0,978.3,346,0.8,2.5,0,0,0,0,0,0,0,356,71,14,96
GVESTA,2010,7,23,21,16.5,75.7,14.2,12.2,9.16,13.9,39.8,0,978.3,333,1.3,3,0,0,0,0,0,0,0,334,51,14,96
GVESTA,2010,7,23,22,16.1,72.2,13.2,11.1,8.5,13.2,37.7,0,978.8,270,0.8,2.6,0,0,0,0,0,0,0,322,51,14,96
GVESTA,2010,7,23,23,15.7,71.7,12.8,10.6,8.24,12.8,36.6,0,978.9,304,0.8,2.4,0,0,0,0,0,0,0,324,60,14,96
GVESTA,2010,7,24,0,15,75.5,12.9,10.7,8.31,12.5,36.1,0,978.9,315,0.7,3.1,0,0,0,0,0,0,0,350,71,15,96
GVESTA,2010,7,24,1,15.5,74.1,13,10.9,8.37,12.8,36.8,0,978.6,238,1.4,3.6,0,0,0,0,0,0,0,358,71,15,96
GVESTA,2010,7,24,2,14.8,73.9,12.4,10.2,7.98,12.2,35.1,0,978.7,259,1.6,4.2,0,0,0,0,0,0,0,362,94,15,96
GVESTA,2010,7,24,3,15,75.5,12.9,10.7,8.31,12.5,36.1,0,978.8,270,0.8,2.3,0,0,0,0,0,0,0,366,100,15,96
GVESTA,2010,7,24,4,15.1,74.5,12.8,10.6,8.24,12.5,36,0,979.1,276,1,2.8,10,4,10,7,9,6,6,363,94,15,96
GVESTA,2010,7,24,5,15.4,73.1,12.8,10.6,8.24,12.6,36.3,0,979.1,264,1,2.3,91,77,70,59,116,36,37,363,94,15,96
GVESTA,2010,7,24,6,16.1,67.1,12.3,10,7.91,12.6,36.2,0,979.3,254,1,2.7,290,393,138,144,468,69,70,360,68,15,96
GVESTA,2010,7,24,7,16.8,63.8,12.2,9.9,7.84,12.8,36.8,0,979.5,231,1.4,2.9,529,794,91,56,773,182,57,347,49,15,96
GVESTA,2010,7,24,8,18.1,57.9,12,9.7,7.72,13.3,37.8,0,979.1,166,0.8,3.8,683,849,99,67,721,329,68,336,13,15,96
GVESTA,2010,7,24,9,19.8,49.7,11.5,9,7.39,13.6,38.7,0,978.9,127,2,6.5,787,803,148,85,585,455,86,352,48,15,96
GVESTA,2010,7,24,10,20.1,48.1,11.3,8.8,7.27,13.6,38.7,0,978.6,64,3.4,6.8,445,156,313,168,257,260,166,368,94,15,96
GVESTA,2010,7,24,11,20.2,48.5,11.5,9,7.4,13.8,39.1,0,978.3,49,3.4,5.7,503,137,380,201,209,299,238,379,94,15,96
GVESTA,2010,7,24,12,20.6,48.6,11.8,9.4,7.6,14.1,40,0,977.9,54,2.9,6.4,645,266,410,204,202,403,341,376,94,15,96
GVESTA,2010,7,24,13,20.9,46.4,11.5,9,7.4,14,39.8,0,977.8,41,2.8,5.2,379,81,314,167,166,217,230,381,100,15,96
GVESTA,2010,7,24,14,20.8,48.3,11.9,9.5,7.66,14.2,40.4,0,977.6,54,3.3,5.9,452,237,289,152,151,247,358,376,94,15,96
GVESTA,2010,7,24,15,21.6,45.7,11.8,9.4,7.6,14.5,41,0,977.2,37,3.8,6.2,524,603,163,82,82,238,635,367,58,15,96
GVESTA,2010,7,24,16,21.7,47,12.2,9.9,7.86,14.7,41.8,0,977.1,47,5.1,7.8,383,632,106,122,55,74,675,376,48,15,96
GVESTA,2010,7,24,17,20.7,49.6,12.1,9.8,7.8,14.3,40.6,0,977.2,43,5.1,8.2,218,544,70,179,35,35,577,355,29,15,96
GVESTA,2010,7,24,18,20.1,51.5,12.1,9.8,7.8,14.1,40,0,977.2,29,3.7,7.1,57,176,33,85,17,17,187,349,38,15,96
GVESTA,2010,7,24,19,19,52.2,11.5,9,7.41,13.3,37.9,0,977.2,10,1.7,3.6,0,0,0,0,0,0,0,348,43,15,96
GVESTA,2010,7,24,20,17.7,56.3,11.4,8.9,7.34,12.7,36.4,0,977.4,360,1.3,3,0,0,0,0,0,0,0,344,45,15,96
GVESTA,2010,7,24,21,17.8,55.6,11.3,8.8,7.28,12.7,36.3,0,977.4,344,0.8,1.9,0,0,0,0,0,0,0,324,33,15,96
GVESTA,2010,7,24,22,17.2,58.1,11.4,8.9,7.34,12.5,35.9,0,977,342,0.7,2.3,0,0,0,0,0,0,0,316,25,15,96
GVESTA,2010,7,24,23,16.8,56.8,10.9,8.2,7.02,12,34.7,0,976.5,360,0.5,1.6,0,0,0,0,0,0,0,313,25,15,96
GVESTA,2010,7,25,0,15.7,60.1,10.7,8,6.89,11.5,33.2,0,976.1,243,0.5,1.3,0,0,0,0,0,0,0,312,0,15,96
GVESTA,2010,7,25,1,14.9,62,10.5,7.7,6.77,11,32.1,0,975.6,248,0.6,1.4,0,0,0,0,0,0,0,311,0,15,96
GVESTA,2010,7,25,2,14,63.1,10.1,7.1,6.51,10.3,30.5,0,975.2,291,0.9,2.1,0,0,0,0,0,0,0,311,0,15,96
GVESTA,2010,7,25,3,13.5,65.2,10.1,7.1,6.51,10.1,30,0,975.3,243,0.9,1.8,0,0,0,0,0,0,0,310,0,15,96
GVESTA,2010,7,25,4,12.6,67.7,9.9,6.8,6.38,9.5,28.8,0,975.2,321,0.7,1.3,27,92,17,47,96,9,9,317,13,15,96
GVESTA,2010,7,25,5,13.5,67.5,10.4,7.6,6.7,10.3,30.5,0,975.2,297,0.5,1.4,169,439,66,165,470,33,33,329,33,15,96
GVESTA,2010,7,25,6,15.8,65.3,11.7,9.3,7.55,12.1,35,0,975.2,14,0.5,2,342,631,99,156,679,51,51,331,48,15,96
GVESTA,2010,7,25,7,18.1,57.2,11.9,9.5,7.69,13.2,37.7,0,974.9,54,3.7,8.9,512,715,118,64,724,195,65,338,50,15,96
GVESTA,2010,7,25,8,19.1,45.6,10.1,7.1,6.51,12.5,35.7,0,974.5,48,6.1,11.3,677,817,116,72,710,337,73,327,35,15,96
GVESTA,2010,7,25,9,19.8,43.4,10,7,6.45,12.7,36.3,0,974.2,52,6.1,10.1,813,892,104,78,600,460,78,296,0,15,96
GVESTA,2010,7,25,10,20.8,41.1,10.1,7.1,6.52,13.1,37.5,0,973.9,54,5.3,8.8,890,891,119,86,421,544,87,298,0,15,96
GVESTA,2010,7,25,11,21.9,38.1,10,7,6.46,13.5,38.4,0,973.5,57,5.2,10.3,900,823,165,97,223,575,136,306,6,15,96
GVESTA,2010,7,25,12,23.1,33.3,9.4,6.1,6.07,13.6,38.7,0,972.9,42,5.5,9.5,918,932,101,84,85,562,359,316,0,15,96
GVESTA,2010,7,25,13,23.5,30.8,8.9,5.3,5.74,13.4,38.3,0,972.5,44,5.6,9.5,838,903,99,79,79,485,549,312,0,15,96
GVESTA,2010,7,25,14,24,28.8,8.6,4.8,5.55,13.4,38.3,0,972.2,46,5.3,10.4,709,823,117,74,75,372,679,343,35,15,96
GVESTA,2010,7,25,15,23.5,30.1,8.7,5,5.62,13.3,37.9,0,972,44,4.2,7.7,445,351,235,117,116,227,456,367,71,15,96
GVESTA,2010,7,25,16,23,32.4,9.1,5.6,5.88,13.4,38.1,0,972.1,47,4.5,8.1,311,314,175,132,86,100,413,360,69,15,96
GVESTA,2010,7,25,17,22.6,34.6,9.5,6.2,6.14,13.5,38.3,0,972.3,50,4.7,8.3,170,285,97,133,49,49,338,361,59,15,96
GVESTA,2010,7,25,18,21.9,38.4,10.1,7.1,6.53,13.6,38.6,0,972.2,39,4.5,7.7,63,209,35,100,18,18,220,350,40,15,96
GVESTA,2010,7,25,19,20.9,41.7,10.3,7.4,6.66,13.3,37.9,0,972.3,30,3.6,7.3,0,0,0,0,0,0,0,366,69,15,96
GVESTA,2010,7,25,20,20.4,45.1,10.8,8.1,6.99,13.4,38.3,0,972.3,349,1.6,4.1,0,0,0,0,0,0,0,365,71,15,96
GVESTA,2010,7,25,21,20,50.8,11.9,9.5,7.71,13.9,39.7,0,972.3,333,1.4,3.8,0,0,0,0,0,0,0,372,94,15,96
GVESTA,2010,7,25,22,19.7,51.7,11.9,9.5,7.71,13.8,39.4,0,972.5,326,1.5,5.6,0,0,0,0,0,0,0,374,100,15,96
GVESTA,2010,7,25,23,18.6,58.1,12.4,10.2,8.03,13.7,39.1,0,972.5,313,1.7,5.2,0,0,0,0,0,0,0,373,100,15,96
GVESTA,2010,7,26,0,18.3,63.7,13.4,11.3,8.69,14.2,40.4,0,972.1,329,0.7,3.2,0,0,0,0,0,0,0,369,94,15,96
GVESTA,2010,7,26,1,17.5,69.7,13.9,11.9,9.03,14.2,40.5,0,971.5,248,0.8,2.1,0,0,0,0,0,0,0,369,94,15,96
GVESTA,2010,7,26,2,18.1,68,14.1,12.1,9.16,14.5,41.4,0,971.4,315,0.5,1.9,0,0,0,0,0,0,0,372,100,15,96
GVESTA,2010,7,26,3,17.9,67.5,13.8,11.8,8.96,14.3,40.7,0,971.5,333,0.9,1.9,0,0,0,0,0,0,0,369,69,15,96
GVESTA,2010,7,26,4,16.9,69.5,13.4,11.3,8.7,13.6,39,0,971.7,333,0.8,1.8,23,66,16,36,71,9,9,363,48,15,96
GVESTA,2010,7,26,5,17.2,68.2,13.4,11.3,8.7,13.7,39.3,0,971.6,252,0.7,1.8,163,416,68,160,449,34,34,354,45,15,96
GVESTA,2010,7,26,6,18.3,64.1,13.5,11.4,8.76,14.2,40.6,0,971.8,18,0.6,1.9,284,381,140,145,460,70,70,349,53,15,96
GVESTA,2010,7,26,7,18.8,62.1,13.5,11.4,8.76,14.4,41.1,0,971.8,281,0.7,2.5,499,653,139,71,684,203,71,348,43,15,96
GVESTA,2010,7,26,8,20.3,52.9,12.6,10.4,8.17,14.5,41.2,0,971.8,82,1.7,5.4,660,780,123,76,681,334,76,345,43,15,96
GVESTA,2010,7,26,9,21.2,48.1,12.1,9.8,7.84,14.5,41.2,0,971.7,84,2,5.3,813,885,112,79,601,467,80,355,35,15,96
GVESTA,2010,7,26,10,22.5,42.7,11.6,9.2,7.52,14.7,41.7,0,971.2,72,1.8,5.1,887,901,109,84,416,542,85,347,19,15,96
GVESTA,2010,7,26,11,23.5,40.2,11.6,9.2,7.52,15.1,42.8,0,971,90,1,4.2,831,669,235,127,245,533,166,358,60,15,96
GVESTA,2010,7,26,12,24.3,37.8,11.5,9,7.45,15.3,43.4,0,971,252,1.4,7.7,617,259,388,200,198,382,313,386,94,15,96
GVESTA,2010,7,26,13,24,39.8,11.9,9.5,7.72,15.4,43.8,0,970.9,25,1.8,5.4,334,98,253,132,130,200,200,386,94,15,96
GVESTA,2010,7,26,14,23.4,43.5,12.5,10.3,8.11,15.6,44.2,0,971,42,3,5,429,173,301,155,153,250,308,386,100,15,96
GVESTA,2010,7,26,15,24.2,41.8,12.6,10.4,8.18,15.9,45.2,0,971.1,31,3.5,7.4,246,34,227,125,123,132,158,390,100,15,96
GVESTA,2010,7,26,16,24,40.6,12.1,9.8,7.85,15.5,44.1,0,971.2,302,1.5,7.5,260,205,165,104,85,99,296,390,88,15,96
GVESTA,2010,7,26,17,22.7,46.6,12.9,10.7,8.37,15.5,44.1,0,971.6,341,1.8,5.9,82,29,75,51,41,40,70,390,100,15,96
GVESTA,2010,7,26,18,21.6,49.5,12.8,10.6,8.3,15,42.8,0,972.4,331,1.4,4.5,24,35,18,23,10,9,44,389,100,15,96
GVESTA,2010,7,26,19,20.3,60.4,14.4,12.4,9.35,15.5,44.1,0,972.8,243,1.3,3.5,0,0,0,0,0,0,0,381,94,15,96
GVESTA,2010,7,26,20,20.1,65.3,15.4,13.4,10,16,45.6,0,973.3,60,1.2,2.5,0,0,0,0,0,0,0,384,88,15,96
GVESTA,2010,7,26,21,20.3,64.5,15.4,13.4,10,16,45.8,0,973.1,360,0.7,3.2,0,0,0,0,0,0,0,383,94,15,96
GVESTA,2010,7,26,22,19.7,69.6,16,14,10.4,16.1,46.2,0,973.3,270,0.7,1.7,0,0,0,0,0,0,0,385,100,15,96
GVESTA,2010,7,26,23,18.4,81.6,17.3,15.2,11.25,16.4,47,0,973.5,279,0.9,2.2,0,0,0,0,0,0,0,384,100,15,96
GVESTA,2010,7,27,0,17.8,81.5,16.6,14.6,10.79,15.8,45.2,0,973.3,238,1.5,4.8,0,0,0,0,0,0,0,383,100,15,96
GVESTA,2010,7,27,1,18,81.6,16.8,14.8,10.92,16,45.8,0,973.5,360,1.3,4.2,0,0,0,0,0,0,0,377,75,15,96
GVESTA,2010,7,27,2,17.7,81.5,16.5,14.5,10.72,15.7,45,0,973.5,344,0.9,2.4,0,0,0,0,0,0,0,371,60,15,96
GVESTA,2010,7,27,3,17.7,81.5,16.5,14.5,10.72,15.7,45,0,973.7,259,0.7,1.6,0,0,0,0,0,0,0,373,71,15,96
GVESTA,2010,7,27,4,16.9,82,15.8,13.8,10.25,15,43,0,974.2,266,1.4,3.4,25,89,16,45,93,8,8,368,50,15,96
GVESTA,2010,7,27,5,16.8,83,15.9,13.9,10.32,15,43,0,974.4,281,1.1,2.4,149,356,76,153,394,38,38,361,53,15,96
GVESTA,2010,7,27,6,17.3,82,16.2,14.2,10.51,15.4,44,0,974.5,263,0.9,2.1,188,110,148,104,194,77,78,382,100,15,96
GVESTA,2010,7,27,7,18.6,74.1,15.9,13.9,10.32,15.7,44.9,0,974.6,214,1.6,3.5,464,553,159,81,606,201,80,367,71,15,96
GVESTA,2010,7,27,8,20.1,59.6,14,12,9.07,15.2,43.2,0,974.5,346,1,4.8,662,803,113,71,698,336,72,356,41,15,96
GVESTA,2010,7,27,9,21.4,49.8,12.7,10.5,8.21,14.9,42.4,0,974.6,45,1.2,4.4,781,819,133,83,580,458,84,355,29,15,96
GVESTA,2010,7,27,10,22.9,41.7,11.6,9.2,7.49,14.9,42.1,0,974.6,77,2.5,6.6,832,748,188,104,419,529,104,360,48,15,96
GVESTA,2010,7,27,11,23.8,36.4,10.7,8,6.91,14.7,41.5,0,974.5,76,2.6,6.8,907,886,119,88,195,576,125,335,6,15,96
GVESTA,2010,7,27,12,24.7,30.9,9.6,6.4,6.19,14.3,40.6,0,974.1,85,3.3,5.9,876,843,140,91,92,555,364,328,25,15,96
GVESTA,2010,7,27,13,25.1,32.8,10.4,7.6,6.71,15,42.3,0,974,83,3.4,6.1,825,890,101,79,79,485,546,347,19,15,96
GVESTA,2010,7,27,14,25.7,32.5,10.7,8,6.91,15.3,43.5,0,974,88,3,5.9,686,755,142,82,82,375,647,362,38,15,96
GVESTA,2010,7,27,15,26.4,35,12,9.7,7.76,16.3,46.3,0,974,11,3.1,7.7,392,234,258,132,130,206,368,392,60,15,96
GVESTA,2010,7,27,16,25.8,37.7,12.5,10.3,8.08,16.4,46.6,0,974.2,324,2.8,8.6,368,617,107,117,57,75,664,392,35,15,96
GVESTA,2010,7,27,17,24.9,40.6,12.8,10.6,8.28,16.2,46.1,0,974.4,335,2.3,6.7,210,536,67,170,34,34,569,370,6,15,96
GVESTA,2010,7,27,18,24.2,42.3,12.8,10.6,8.28,16,45.4,0,974.8,336,1.9,6,46,116,30,59,16,16,129,354,0,15,96
GVESTA,2010,7,27,19,23.5,44.4,12.9,10.7,8.34,15.8,44.8,0,975.4,326,1.4,4.2,0,0,0,0,0,0,0,344,0,15,96
GVESTA,2010,7,27,20,23,47.7,13.4,11.3,8.66,15.9,45.2,0,975.9,243,0.8,4,0,0,0,0,0,0,0,348,0,15,96
GVESTA,2010,7,27,21,21.6,53.3,13.7,11.7,8.85,15.6,44.2,0,976.2,27,0.6,1.4,0,0,0,0,0,0,0,351,0,15,96
GVESTA,2010,7,27,22,20.4,58.1,13.9,11.9,8.98,15.3,43.3,0,976.4,330,0.9,2.1,0,0,0,0,0,0,0,341,0,15,96
GVESTA,2010,7,27,23,20.1,59.2,13.9,11.9,8.98,15.1,43,0,976.4,288,0.4,1.1,0,0,0,0,0,0,0,340,0,15,96
GVESTA,2010,7,28,0,18.6,63.3,13.6,11.5,8.79,14.4,41,0,976.5,279,0.7,1.6,0,0,0,0,0,0,0,340,0,15,96
GVESTA,2010,7,28,1,17.3,67.4,13.3,11.2,8.59,13.7,39.1,0,976.5,275,1.1,3,0,0,0,0,0,0,0,343,0,15,96
GVESTA,2010,7,28,2,17.7,65.2,13.2,11.1,8.52,13.8,39.4,0,976.4,315,0.3,0.9,0,0,0,0,0,0,0,346,0,15,96
GVESTA,2010,7,28,3,16.7,68.6,13,10.9,8.39,13.3,38,0,976.7,286,0.8,2.3,0,0,0,0,0,0,0,340,0,15,96
GVESTA,2010,7,28,4,16.1,70.3,12.9,10.7,8.32,13,37.3,0,976.9,279,0.7,1.7,22,62,16,33,67,8,8,340,0,15,96
GVESTA,2010,7,28,5,16.4,72.8,13.6,11.5,8.78,13.5,38.7,0,976.7,288,0.7,1.6,160,450,60,162,478,30,30,346,19,15,96
GVESTA,2010,7,28,6,18.2,68.4,14.3,12.3,9.24,14.6,41.7,0,976.7,276,1.1,2.4,328,634,86,138,673,46,46,348,40,15,96
GVESTA,2010,7,28,7,20.1,61.6,14.5,12.5,9.38,15.5,44,0,976.5,225,0.6,3,444,491,177,86,565,202,86,367,68,15,96
GVESTA,2010,7,28,8,21.3,56.1,14.2,12.2,9.18,15.7,44.7,0,976.2,233,1.1,3.9,608,618,185,93,609,335,93,371,71,15,96
GVESTA,2010,7,28,9,23.5,47.8,13.8,11.8,8.92,16.3,46.3,0,975.9,242,2.4,6,637,412,311,149,456,398,148,387,75,15,96
GVESTA,2010,7,28,10,25.1,43.1,13.7,11.7,8.86,16.8,47.8,0,975.6,237,2.2,6.1,744,532,284,143,385,479,143,389,75,15,96
GVESTA,2010,7,28,11,26.6,39.5,13.7,11.7,8.86,17.3,49.4,0,975.2,217,1.4,5.8,610,332,316,167,264,384,166,392,88,15,96
GVESTA,2010,7,28,12,26.4,42.7,14.7,12.7,9.53,17.8,50.8,0,974.6,313,1.7,6.1,469,123,363,194,192,278,263,403,94,15,96
GVESTA,2010,7,28,13,27.3,40.7,14.8,12.8,9.6,18.1,52,0,973.9,270,1.6,5.7,485,137,373,196,194,288,295,406,100,15,96
GVESTA,2010,7,28,14,24.4,56.5,17.3,15.2,11.25,18.4,53.2,0.8,973.8,279,2.1,7,136,5,132,74,73,74,77,406,100,15,96
GVESTA,2010,7,28,15,24.6,62.2,19.2,16.9,12.52,19.5,56.6,0,973.3,284,1.3,4.5,427,407,194,105,104,201,480,393,78,15,96
GVESTA,2010,7,28,16,24.4,57.6,17.6,15.5,11.45,18.6,53.7,0,973.7,38,3.9,12.6,140,32,127,76,69,68,102,402,100,15,96
GVESTA,2010,7,28,17,21.1,70.4,17.6,15.5,11.45,17.5,50.3,0.1,973.8,49,4.6,10.4,76,6,75,43,41,40,47,406,100,15,96
GVESTA,2010,7,28,18,20.9,75,18.5,16.3,12.04,17.9,51.6,0,974.1,31,2.2,4.8,13,1,13,7,7,7,8,405,100,15,96
GVESTA,2010,7,28,19,21.1,75.5,18.9,16.6,12.31,18.2,52.5,0,974,18,1,2.2,0,0,0,0,0,0,0,403,100,15,96
GVESTA,2010,7,28,20,21,76.4,19,16.7,12.38,18.2,52.6,0,973.8,352,0.7,1.8,0,0,0,0,0,0,0,400,100,15,96
GVESTA,2010,7,28,21,21.3,76,19.2,16.9,12.52,18.4,53.2,0,973.3,252,0.4,1.2,0,0,0,0,0,0,0,398,94,15,96
GVESTA,2010,7,28,22,20.7,77.9,19,16.7,12.39,18.1,52.3,0,973,252,0.5,1.7,0,0,0,0,0,0,0,382,88,15,96
GVESTA,2010,7,28,23,19.4,82.8,18.6,16.4,12.13,17.5,50.3,0,972.6,297,0.7,1.6,0,0,0,0,0,0,0,394,100,15,96
GVESTA,2010,7,29,0,18.8,83.3,18.1,15.9,11.8,16.9,48.8,0,971.8,284,0.9,2,0,0,0,0,0,0,0,393,100,16,96
GVESTA,2010,7,29,1,19,81.7,18,15.8,11.75,17,48.9,0,970.7,270,0.8,2.1,0,0,0,0,0,0,0,389,100,16,96
GVESTA,2010,7,29,2,19,80.7,17.7,15.6,11.55,16.8,48.4,0.1,970.5,304,0.9,2.9,0,0,0,0,0,0,0,391,100,16,96
GVESTA,2010,7,29,3,18.3,87,18.3,16.1,11.96,16.9,48.7,1.8,970.3,240,2.5,7,0,0,0,0,0,0,0,391,100,16,96
GVESTA,2010,7,29,4,17.5,86.9,17.4,15.3,11.36,16.1,46.4,0.2,970,210,3.9,7.4,1,0,1,1,1,1,1,390,100,16,96
GVESTA,2010,7,29,5,17.7,85.8,17.4,15.3,11.36,16.2,46.6,0,970.3,219,1.7,6,58,14,55,35,45,30,30,387,94,16,96
GVESTA,2010,7,29,6,18.5,81.1,17.3,15.2,11.29,16.4,47.2,0,970.3,232,1.8,5.6,243,300,124,108,365,66,67,380,71,16,96
GVESTA,2010,7,29,7,20,74.8,17.5,15.4,11.42,17.1,49.1,0,970.3,226,4.5,9.1,459,560,150,79,603,202,79,363,45,16,96
GVESTA,2010,7,29,8,21.4,65.6,16.7,14.7,10.9,17.1,49.2,0,969.7,209,6.5,10.9,556,482,223,113,518,316,113,357,54,16,96
GVESTA,2010,7,29,9,23,54.7,15.4,13.4,10.04,17,48.7,0,969.6,216,6.3,11.4,506,255,309,160,355,305,158,373,71,16,96
GVESTA,2010,7,29,10,23.8,42.2,12.4,10.2,8.06,15.7,44.4,0,969.6,270,4.4,9.6,841,783,170,101,423,540,101,375,58,16,96
GVESTA,2010,7,29,11,24.9,37.7,11.9,9.5,7.73,15.7,44.7,0,969.3,279,3.9,10.5,298,203,119,68,121,187,68,385,90,16,96
GVESTA,2010,7,29,12,22.6,47.9,13.1,11,8.52,15.6,44.4,0,969.8,287,4.2,11.3,548,233,345,182,180,340,291,376,81,16,96
GVESTA,2010,7,29,13,23.9,42,12.4,10.2,8.06,15.7,44.5,0,969.6,278,3.5,8.9,686,471,303,147,147,438,465,370,68,16,96
GVESTA,2010,7,29,14,23.1,42,11.9,9.5,7.73,15.1,42.9,0,969.9,302,2.8,7.4,397,102,324,174,172,227,265,381,81,16,96
GVESTA,2010,7,29,15,22.9,43.4,12.1,9.8,7.86,15.1,43,0,970,331,2.6,7.7,449,397,222,111,111,229,496,371,71,16,96
GVESTA,2010,7,29,16,21.4,46.3,11.8,9.4,7.65,14.4,41,0,970.6,325,3,8.3,354,531,125,113,65,85,593,356,68,16,96
GVESTA,2010,7,29,17,20.3,48.9,11.6,9.2,7.52,13.9,39.5,0,970.6,321,2.3,8.2,108,115,71,64,38,37,156,353,84,16,96
GVESTA,2010,7,29,18,19.4,53.4,12,9.7,7.78,13.8,39.2,0,971.4,344,2.8,10.7,25,11,24,17,13,13,24,379,100,16,96
GVESTA,2010,7,29,19,17.6,68.8,13.8,11.8,8.96,14.1,40.4,0,971.6,342,1.6,5.7,0,0,0,0,0,0,0,377,100,16,96
GVESTA,2010,7,29,20,18.5,59.6,12.7,10.5,8.24,13.8,39.5,0,971.6,332,1.7,5.8,0,0,0,0,0,0,0,375,100,16,96
GVESTA,2010,7,29,21,18.4,58.8,12.4,10.2,8.04,13.6,38.9,0,971.8,3,1.8,5.4,0,0,0,0,0,0,0,374,100,16,96
GVESTA,2010,7,29,22,17.8,63.1,12.9,10.7,8.37,13.6,39.1,0,971.9,7,0.9,2,0,0,0,0,0,0,0,372,100,16,96
GVESTA,2010,7,29,23,17.2,66.9,13.1,11,8.5,13.6,38.8,0,971.9,56,1.2,3,0,0,0,0,0,0,0,357,84,16,96
GVESTA,2010,7,30,0,16.7,72.8,13.8,11.8,8.96,13.8,39.5,0,971.8,45,1.7,3.1,0,0,0,0,0,0,0,352,100,15,96
GVESTA,2010,7,30,1,16.4,78.2,14.6,12.6,9.49,14.1,40.5,0,971.5,351,1.4,3,0,0,0,0,0,0,0,361,94,15,96
GVESTA,2010,7,30,2,16.6,77.7,14.7,12.7,9.56,14.3,40.9,0,971.2,338,0.6,1.6,0,0,0,0,0,0,0,361,78,15,96
GVESTA,2010,7,30,3,16.2,79.2,14.6,12.6,9.49,14,40.3,0,971.2,307,0.8,1.8,0,0,0,0,0,0,0,347,68,15,96
GVESTA,2010,7,30,4,15.1,79.1,13.6,11.5,8.83,13,37.5,0,971.4,283,1.4,2.3,13,34,10,19,38,5,5,351,68,15,96
GVESTA,2010,7,30,5,14.9,78.5,13.3,11.2,8.63,12.7,36.8,0,971.7,284,0.9,2.1,154,393,64,143,426,32,32,330,38,15,96
GVESTA,2010,7,30,6,15.9,74.6,13.5,11.4,8.76,13.3,38.2,0,971.9,11,0.6,1.7,333,659,83,133,696,45,45,306,25,15,96
GVESTA,2010,7,30,7,17.5,67.4,13.5,11.4,8.76,13.9,39.8,0,972.1,90,0.4,2.6,510,779,92,56,765,193,56,321,6,15,96
GVESTA,2010,7,30,8,18.6,59.2,12.7,10.5,8.23,13.9,39.6,0,972.2,70,2.2,5.2,673,840,106,69,725,348,70,337,25,15,96
GVESTA,2010,7,30,9,19.3,56.3,12.6,10.4,8.17,14.1,40.1,0,972.1,63,3,6.5,695,611,216,118,510,420,118,351,59,15,96
GVESTA,2010,7,30,10,19.9,52.1,12.1,9.8,7.84,14,39.9,0,972.2,33,3.1,6.8,669,336,381,186,379,431,184,361,75,15,96
GVESTA,2010,7,30,11,21.3,45,11.4,8.9,7.38,14.1,40.2,0,971.8,33,3,6.9,763,506,316,157,277,502,190,358,68,15,96
GVESTA,2010,7,30,12,22.8,39.7,11,8.4,7.12,14.5,41,0,971.4,31,3,6.6,889,874,130,88,89,572,369,329,26,15,96
GVESTA,2010,7,30,13,23.6,34.6,10.1,7.1,6.53,14.2,40.4,0,971.5,43,5.1,8.6,828,891,107,79,80,501,553,307,0,15,96
GVESTA,2010,7,30,14,23,42,11.8,9.4,7.65,15,42.6,0,971.6,31,4.2,8,713,866,99,70,70,384,698,307,0,15,96
GVESTA,2010,7,30,15,23.4,35.5,10.2,7.3,6.6,14.2,40.3,0,971.6,34,3.8,8,550,760,109,63,64,242,738,307,0,15,96
GVESTA,2010,7,30,16,23,38.2,10.7,8,6.93,14.4,40.7,0,971.7,42,4.7,7.5,381,690,90,92,49,86,724,307,0,15,96
GVESTA,2010,7,30,17,22.7,41.1,11.3,8.8,7.32,14.6,41.4,0,971.9,37,4.2,7.6,207,551,64,166,33,33,583,307,0,15,96
GVESTA,2010,7,30,18,21.9,42.2,11.1,8.5,7.18,14.2,40.3,0,972.3,21,2.8,6.6,46,155,27,70,14,14,165,307,0,15,96
GVESTA,2010,7,30,19,20.3,49.2,11.7,9.3,7.57,13.9,39.6,0,972.7,356,1.4,3.3,0,0,0,0,0,0,0,306,0,15,96
GVESTA,2010,7,30,20,19.3,53,11.9,9.5,7.7,13.6,38.9,0,972.8,352,1.4,3.2,0,0,0,0,0,0,0,305,0,15,96
GVESTA,2010,7,30,21,19.3,53,11.9,9.5,7.7,13.6,38.9,0,973.1,270,0.7,1.5,0,0,0,0,0,0,0,305,0,15,96
GVESTA,2010,7,30,22,17.9,57.9,11.9,9.5,7.7,13.1,37.5,0,973.4,293,0.8,1.9,0,0,0,0,0,0,0,304,0,15,96
GVESTA,2010,7,30,23,17,60.5,11.7,9.3,7.56,12.6,36.2,0,973.7,249,0.9,1.7,0,0,0,0,0,0,0,311,13,15,96
GVESTA,2010,7,31,0,16.2,61.9,11.4,8.9,7.37,12.1,34.9,0,973.8,270,0.9,1.7,0,0,0,0,0,0,0,320,25,13,96
GVESTA,2010,7,31,1,16,62.3,11.3,8.8,7.3,12,34.6,0,973.8,278,0.8,1.6,0,0,0,0,0,0,0,303,0,13,96
GVESTA,2010,7,31,2,15.6,64.3,11.4,8.9,7.37,11.9,34.3,0,973.5,323,0.6,1.4,0,0,0,0,0,0,0,304,0,13,96
GVESTA,2010,7,31,3,14.6,68.2,11.3,8.8,7.3,11.4,33.1,0,973.6,297,0.5,1,0,0,0,0,0,0,0,305,0,13,96
GVESTA,2010,7,31,4,14.3,69.5,11.3,8.8,7.3,11.3,32.8,0,973.8,315,0.4,1.1,19,61,14,31,65,7,7,305,6,13,96
GVESTA,2010,7,31,5,14.8,70.1,11.8,9.4,7.63,11.8,34.2,0,974.2,270,0.3,1.4,152,422,61,148,450,28,28,306,6,13,96
GVESTA,2010,7,31,6,16.8,68.2,13,10.9,8.41,13.4,38.2,0,974.3,27,0.6,2,336,689,77,125,717,38,38,307,0,13,96
GVESTA,2010,7,31,7,18.2,63.2,13.2,11.1,8.54,14,40,0,974.3,75,1.2,4.3,509,784,90,49,763,187,49,310,0,13,96
GVESTA,2010,7,31,8,19.2,58.6,13,10.9,8.41,14.3,40.6,0,974.2,69,2,5,671,848,99,59,714,340,59,313,6,13,96
GVESTA,2010,7,31,9,20.2,55.1,13,10.9,8.41,14.7,41.7,0,974.1,52,3.1,5.8,793,889,98,65,585,458,66,317,0,13,96
GVESTA,2010,7,31,10,22.1,49.3,13.1,11,8.48,15.4,43.8,0,973.8,63,2.8,7,869,885,114,72,403,542,73,320,0,13,96
GVESTA,2010,7,31,11,23.2,43.8,12.4,10.2,8.03,15.4,43.8,0,973.3,85,2.2,5.6,911,919,101,72,175,577,107,327,0,13,96
GVESTA,2010,7,31,12,24.7,35.7,11.1,8.5,7.18,15.2,43.1,0,972.9,82,3,5.2,881,885,115,73,74,556,345,335,0,13,96
GVESTA,2010,7,31,13,25.9,29.6,9.9,6.8,6.4,14.9,42.4,0,972.6,65,2.4,4.8,810,864,113,69,70,485,532,336,0,13,96
GVESTA,2010,7,31,14,26.8,30,10.6,7.8,6.86,15.6,44.4,0,972.4,77,2.2,4.4,681,778,130,67,68,373,652,337,0,13,96
GVESTA,2010,7,31,15,27.4,28.8,10.5,7.7,6.79,15.8,44.9,0,972.1,86,1.8,4.2,531,717,118,58,58,234,703,338,0,13,96
GVESTA,2010,7,31,16,27.6,29.4,10.8,8.2,7.02,16,45.7,0,972.1,233,1.3,4.8,364,634,97,87,46,83,670,339,0,13,96
GVESTA,2010,7,31,17,27.4,31,11.3,8.7,7.31,16.2,46.2,0,972.2,230,2.4,5.3,196,509,66,155,31,31,541,341,0,13,96
GVESTA,2010,7,31,18,26.3,35.3,11.9,9.5,7.72,16.2,46.2,0,972.5,218,3.8,6.9,47,142,29,65,14,14,152,338,0,13,96
GVESTA,2010,7,31,19,25.4,39.3,12.5,10.2,8.08,16.2,46.1,0,972.7,259,1.9,4.1,0,0,0,0,0,0,0,334,0,13,96
GVESTA,2010,7,31,20,24.1,44.4,12.9,10.7,8.38,16,45.6,0,972.9,9,0.7,1.7,0,0,0,0,0,0,0,333,0,13,96
GVESTA,2010,7,31,21,22.8,49.9,13.5,11.3,8.72,15.9,45.2,0,973.2,360,0.5,1.6,0,0,0,0,0,0,0,332,0,13,96
GVESTA,2010,7,31,22,21.7,54.7,13.9,11.8,8.98,15.7,44.7,0,973.4,315,0.6,1.9,0,0,0,0,0,0,0,331,0,13,96
GVESTA,2010,7,31,23,20.6,59.7,14.2,12.2,9.24,15.5,44.2,0,973.5,243,0.5,1.6,0,0,0,0,0,0,0,330,0,13,96
GVESTA,2009,8,1,0,19.7,63.9,14.5,12.5,9.41,15.3,43.7,0,973.6,297,0.4,0.8,0,0,0,0,0,0,0,333,59,14,96
GVESTA,2009,8,1,1,19,67.6,14.7,12.7,9.55,15.2,43.3,0,973.6,342,0.4,1.4,0,0,0,0,0,0,0,341,65,14,96
GVESTA,2009,8,1,2,18.6,69.8,14.9,12.9,9.67,15.1,43.2,0,973.6,307,0.5,1.1,0,0,0,0,0,0,0,321,23,14,96
GVESTA,2009,8,1,3,18.4,71.5,15.2,13.2,9.83,15.2,43.5,0,973.5,333,0.3,1,0,0,0,0,0,0,0,312,0,14,96
GVESTA,2009,8,1,4,18.3,72.6,15.3,13.3,9.91,15.2,43.5,0,973.4,288,0.6,1.4,19,64,14,32,68,7,7,315,0,14,96
GVESTA,2009,8,1,5,18.7,71.5,15.4,13.4,10,15.4,44.1,0,973.3,333,0.5,1.2,152,430,62,152,460,30,30,314,0,14,96
GVESTA,2009,8,1,6,19.1,71.3,15.8,13.8,10.25,15.8,45.2,0,973.2,333,0.4,1.6,327,641,87,116,682,58,44,310,0,14,96
GVESTA,2009,8,1,7,20.3,67.1,15.9,13.9,10.35,16.3,46.7,0,972.9,61,1.1,5.6,503,751,104,57,750,201,57,312,0,14,96
GVESTA,2009,8,1,8,21.2,61.1,15.4,13.4,10.01,16.3,46.7,0,972.5,82,1.5,3.7,652,771,134,72,693,352,72,314,0,14,96
GVESTA,2009,8,1,9,22.9,55.8,15.6,13.6,10.15,17.1,48.8,0,971.7,66,1,3.6,766,770,165,86,579,473,87,317,0,14,96
GVESTA,2009,8,1,10,24.8,50.7,15.9,13.9,10.36,17.9,51.3,0,970.9,67,1.2,4,864,841,147,86,421,559,87,330,0,14,96
GVESTA,2009,8,1,11,26.8,47.5,16.7,14.7,10.89,19,54.7,0,970.2,83,2.7,5.7,906,881,131,85,202,595,122,348,0,14,96
GVESTA,2009,8,1,12,29,38.1,15.3,13.3,9.98,18.9,54.7,0,969.1,90,2,4.9,881,858,140,86,86,574,366,360,0,14,96
GVESTA,2009,8,1,13,30.4,33.2,14.4,12.4,9.39,18.9,54.6,0,968.2,83,2.6,5.6,816,843,139,82,82,507,555,359,13,14,96
GVESTA,2009,8,1,14,31.8,27.4,12.9,10.7,8.41,18.6,53.5,0,967.4,86,2.2,5.8,722,852,121,71,72,402,707,357,0,14,96
GVESTA,2009,8,1,15,30.9,30.4,13.6,11.5,8.88,18.6,53.8,0,966.6,68,3.2,5.9,553,789,101,58,59,243,758,356,0,14,96
GVESTA,2009,8,1,16,30.2,32.5,13.9,11.9,9.08,18.6,53.6,0,966.1,56,3.4,4.9,370,659,94,89,48,87,696,355,0,14,96
GVESTA,2009,8,1,17,29.2,36.7,14.9,12.9,9.75,18.8,54.3,0,965.7,28,3,6,190,452,75,147,36,36,493,354,0,14,96
GVESTA,2009,8,1,18,28.2,40.5,15.5,13.5,10.15,18.8,54.3,0,965.2,29,1.9,4,41,110,27,53,14,14,121,356,0,14,96
GVESTA,2009,8,1,19,26.7,45,15.8,13.8,10.35,18.4,53.3,0,965.4,16,0.8,3.5,0,0,0,0,0,0,0,359,23,14,96
GVESTA,2009,8,1,20,24.7,50.1,15.6,13.6,10.21,17.7,50.8,0,966.2,270,1,2.5,0,0,0,0,0,0,0,380,71,14,96
GVESTA,2009,8,1,21,24.2,49.9,15.1,13.1,9.87,17.2,49.5,0,966.9,261,1.3,2.4,0,0,0,0,0,0,0,380,71,14,96
GVESTA,2009,8,1,22,22.6,56.4,15.5,13.5,10.13,16.9,48.5,0,967.6,256,2.5,8.6,0,0,0,0,0,0,0,396,88,14,96
GVESTA,2009,8,1,23,24.6,42.2,13,10.9,8.46,16.3,46.3,0,968.8,219,9.6,15.9,0,0,0,0,0,0,0,389,88,14,96
GVESTA,2009,8,2,0,24.3,42.1,12.8,10.6,8.33,16,45.6,0,968.8,219,11,17.7,0,0,0,0,0,0,0,398,100,14,96
GVESTA,2009,8,2,1,22.8,50.2,13.9,11.9,9.05,16.1,45.9,0,969.5,228,10.9,17.9,0,0,0,0,0,0,0,397,100,14,96
GVESTA,2009,8,2,2,20.4,66.7,16,14,10.44,16.4,47,0,969.5,219,6.4,15,0,0,0,0,0,0,0,396,100,14,96
GVESTA,2009,8,2,3,19.6,74.3,16.9,14.9,11.04,16.6,47.7,0,969.4,239,3.9,7.5,0,0,0,0,0,0,0,395,100,14,96
GVESTA,2009,8,2,4,19.2,78.6,17.5,15.4,11.44,16.8,48.3,0.1,969,249,1.9,5.5,2,0,2,1,1,1,1,394,100,14,96
GVESTA,2009,8,2,5,19.2,77.6,17.3,15.2,11.29,16.7,47.9,0,970.4,242,2.3,7.5,10,0,10,5,5,5,5,393,100,14,96
GVESTA,2009,8,2,6,18.3,81.1,17.1,15,11.15,16.2,46.7,2.2,970.9,206,6.1,10.9,29,0,29,16,16,16,16,392,100,14,96
GVESTA,2009,8,2,7,18.5,84.3,17.9,15.8,11.68,16.8,48.2,0.1,971,260,1.3,4.5,152,4,150,83,85,81,81,393,100,14,96
GVESTA,2009,8,2,8,19.4,79.7,17.9,15.8,11.69,17.1,49.2,0.1,970.7,234,3.8,6.9,196,2,194,107,108,105,105,393,100,14,96
GVESTA,2009,8,2,9,20.4,73.5,17.6,15.5,11.48,17.3,49.7,0,970.8,207,5.6,9.6,373,45,337,182,215,208,179,393,100,14,96
GVESTA,2009,8,2,10,21.8,64,16.7,14.7,10.89,17.3,49.6,0,970.8,207,6.1,9.9,463,82,393,208,256,267,205,394,100,14,96
GVESTA,2009,8,2,11,23.1,58.4,16.5,14.5,10.76,17.6,50.6,0,970.7,217,5.9,10.6,489,113,390,204,213,289,234,390,94,14,96
GVESTA,2009,8,2,12,24.4,51.6,15.8,13.8,10.3,17.7,50.8,0,970.3,208,5.5,9.7,545,308,277,138,137,350,257,386,88,14,96
GVESTA,2009,8,2,13,21.6,59.6,15.4,13.4,10.01,16.5,47.2,0,971.9,244,4.8,9.7,40,0,40,22,22,21,22,393,100,14,96
GVESTA,2009,8,2,14,18.6,79.6,17.1,15,11.14,16.3,46.9,2.3,971.8,242,2.5,4.7,189,5,186,102,101,102,105,391,100,14,96
GVESTA,2009,8,2,15,19.3,79.7,17.8,15.7,11.6,17,48.8,0.2,972.3,186,2.9,4.7,262,102,206,108,107,138,211,386,100,14,96
GVESTA,2009,8,2,16,20,71.1,16.6,14.6,10.8,16.6,47.5,0,972.3,229,2.1,4.5,194,67,166,92,88,96,158,382,100,14,96
GVESTA,2009,8,2,17,20.1,70.6,16.6,14.6,10.8,16.6,47.6,0,972.4,252,1.4,4.1,46,20,40,26,21,21,42,388,100,14,96
GVESTA,2009,8,2,18,19.5,71.4,16.2,14.2,10.54,16.2,46.3,0.1,972.6,235,2.5,5.5,9,0,9,5,5,5,5,386,94,14,96
GVESTA,2009,8,2,19,19.3,71.4,16,14,10.4,16,45.8,0,973,241,2,4.1,0,0,0,0,0,0,0,381,94,14,96
GVESTA,2009,8,2,20,19.6,61.1,13.9,11.9,9.01,15,42.6,0,973.3,278,0.8,2.4,0,0,0,0,0,0,0,383,100,14,96
GVESTA,2009,8,2,21,18.7,69,14.9,12.9,9.67,15.2,43.3,0,973.4,236,0.8,2.7,0,0,0,0,0,0,0,381,100,14,96
GVESTA,2009,8,2,22,17.8,74,15.1,13.1,9.8,14.9,42.7,0,973.1,250,1.6,3,0,0,0,0,0,0,0,376,100,14,96
GVESTA,2009,8,2,23,17.5,73.4,14.7,12.7,9.54,14.6,41.8,0,972.8,256,1.8,3.7,0,0,0,0,0,0,0,370,88,14,96
GVESTA,2009,8,3,0,16.7,74.3,14.1,12.1,9.15,14,40,0,972.7,241,1.3,2.7,0,0,0,0,0,0,0,373,94,14,96
GVESTA,2009,8,3,1,15.7,76.1,13.6,11.5,8.82,13.2,38.1,0,972.4,284,1.3,2.5,0,0,0,0,0,0,0,376,100,14,96
GVESTA,2009,8,3,2,15.7,76.1,13.6,11.5,8.82,13.2,38.1,0,972.2,278,0.8,1.8,0,0,0,0,0,0,0,376,100,14,96
GVESTA,2009,8,3,3,15.9,75.1,13.6,11.5,8.83,13.3,38.3,0,972.1,254,0.8,1.9,0,0,0,0,0,0,0,375,100,14,96
GVESTA,2009,8,3,4,15.6,76.6,13.6,11.5,8.83,13.2,38,0,972,292,0.6,1,7,2,7,5,6,4,4,375,100,14,96
GVESTA,2009,8,3,5,15.8,73.1,13.1,11,8.49,13,37.4,0,972.3,270,1.4,2.1,35,0,35,19,19,19,19,375,100,14,96
GVESTA,2009,8,3,6,16.3,69.4,12.9,10.7,8.36,13.1,37.6,0,972.3,270,1.2,2.3,151,32,138,77,108,75,73,375,100,14,96
GVESTA,2009,8,3,7,17.4,64.7,12.9,10.7,8.36,13.5,38.7,0,972.4,234,1.7,3.6,346,224,228,114,343,178,112,366,94,14,96
GVESTA,2009,8,3,8,18.2,61.2,12.8,10.6,8.3,13.8,39.3,0,972.4,278,1.1,3.6,494,322,281,136,434,285,134,371,75,14,96
GVESTA,2009,8,3,9,19.3,56.7,12.7,10.5,8.23,14.1,40.3,0,972.2,133,1.8,5.6,429,99,353,185,266,246,182,380,100,14,96
GVESTA,2009,8,3,10,19.9,51.8,12,9.7,7.77,14,39.7,0,972.2,98,2.4,5.8,315,13,303,165,171,171,163,381,100,14,96
GVESTA,2009,8,3,11,21.2,49.8,12.5,10.3,8.1,14.8,41.9,0,972.1,87,2.4,5.6,626,255,403,197,285,398,204,383,88,14,96
GVESTA,2009,8,3,12,21.1,50.4,12.6,10.4,8.17,14.8,42,0,972.2,6,2.1,5.6,277,10,268,147,145,150,149,384,100,14,96
GVESTA,2009,8,3,13,22,48.3,12.8,10.6,8.3,15.2,43.2,0,972,51,2.6,6.4,409,162,283,143,142,245,268,384,94,14,96
GVESTA,2009,8,3,14,21.4,50.1,12.8,10.6,8.3,15,42.6,0,972.1,50,4.1,7.4,479,306,258,128,127,284,378,372,81,14,96
GVESTA,2009,8,3,15,21.6,50.9,13.1,11,8.49,15.2,43.3,0,972.4,43,3.8,6.8,438,382,217,103,103,232,473,383,75,14,96
GVESTA,2009,8,3,16,22,48.7,12.9,10.7,8.36,15.2,43.4,0,972.3,44,3.3,6.7,301,414,136,103,67,87,487,367,59,14,96
GVESTA,2009,8,3,17,22.5,41.8,11.4,8.9,7.38,14.6,41.4,0,972.6,346,2.2,7,158,290,80,106,39,39,336,369,59,14,96
GVESTA,2009,8,3,18,21.2,53.2,13.4,11.3,8.68,15.2,43.4,0,973.2,39,2.7,6,19,11,17,13,9,9,20,374,65,14,96
GVESTA,2009,8,3,19,20.3,55.1,13.1,11,8.48,14.8,41.9,0,974,4,1.5,3.2,0,0,0,0,0,0,0,365,65,14,96
GVESTA,2009,8,3,20,19.9,51.8,12,9.7,7.75,14,39.7,0,974.7,360,1.8,3.4,0,0,0,0,0,0,0,369,88,14,96
GVESTA,2009,8,3,21,18.7,55.1,11.9,9.5,7.69,13.4,38.3,0,975,352,1.5,3.3,0,0,0,0,0,0,0,348,51,14,96
GVESTA,2009,8,3,22,18.1,56.4,11.7,9.3,7.55,13.1,37.3,0,975.1,360,1,2.6,0,0,0,0,0,0,0,324,25,14,96
GVESTA,2009,8,3,23,17.8,57.1,11.6,9.2,7.49,12.9,36.9,0,975.3,135,0.3,0.9,0,0,0,0,0,0,0,322,25,14,96
GVESTA,2009,8,4,0,17.3,59.3,11.7,9.3,7.55,12.7,36.5,0,975.1,225,0.3,1.2,0,0,0,0,0,0,0,305,0,14,96
GVESTA,2009,8,4,1,16,64.4,11.7,9.3,7.55,12.2,35.2,0,975,309,0.7,1.6,0,0,0,0,0,0,0,305,0,14,96
GVESTA,2009,8,4,2,15.5,66.5,11.7,9.3,7.55,12,34.7,0,975.1,288,0.7,1.6,0,0,0,0,0,0,0,304,0,14,96
GVESTA,2009,8,4,3,15.5,66.5,11.7,9.3,7.55,12,34.7,0,975.2,225,0.4,0.8,0,0,0,0,0,0,0,304,0,14,96
GVESTA,2009,8,4,4,14.3,70,11.4,8.9,7.35,11.3,33,0,975.5,277,0.9,1.9,15,43,12,22,47,6,6,303,0,14,96
GVESTA,2009,8,4,5,14.6,70.5,11.7,9.3,7.55,11.6,33.8,0,975.7,301,0.6,1.5,140,377,63,134,410,30,30,311,0,14,96
GVESTA,2009,8,4,6,16.6,67.7,12.8,10.6,8.27,13.1,37.6,0,975.7,360,0.4,1.8,317,632,85,107,672,58,42,303,0,14,96
GVESTA,2009,8,4,7,17.7,70.6,14.3,12.3,9.25,14.5,41.2,0,975.7,58,1.6,5.2,499,766,96,53,758,204,53,305,0,14,96
GVESTA,2009,8,4,8,19.3,63.9,14.3,12.3,9.25,15.1,42.9,0,975.6,54,3.6,7.1,663,838,106,64,721,358,64,322,0,14,96
GVESTA,2009,8,4,9,20.9,56,13.8,11.8,8.92,15.4,43.7,0,975.7,41,5.6,11,767,801,147,80,582,479,80,345,0,14,96
GVESTA,2009,8,4,10,22,52.4,13.8,11.8,8.93,15.8,44.8,0,975.5,44,7,10.8,874,900,113,77,413,569,78,336,0,14,96
GVESTA,2009,8,4,11,23.5,47.5,13.7,11.7,8.86,16.3,46.2,0,975.1,36,6,11.4,905,895,123,81,194,604,117,324,0,14,96
GVESTA,2009,8,4,12,24.7,42.5,13.2,11.1,8.54,16.4,46.6,0,974.8,45,7,11.1,883,888,121,80,80,582,359,333,0,14,96
GVESTA,2009,8,4,13,25.3,37.6,12.1,9.8,7.82,16,45.4,0,974.5,41,7,11.7,799,826,141,79,80,509,544,317,0,14,96
GVESTA,2009,8,4,14,25.8,35,11.6,9.2,7.5,15.9,45.1,0,974.1,43,6.8,11.6,680,780,136,73,73,394,667,316,0,14,96
GVESTA,2009,8,4,15,25.9,35.3,11.8,9.4,7.63,16,45.5,0,973.9,45,6.5,10.3,529,722,122,62,62,250,718,315,0,14,96
GVESTA,2009,8,4,16,25.5,34.7,11.3,8.8,7.3,15.6,44.3,0,973.8,41,6.2,9.5,358,629,101,87,49,91,674,319,0,14,96
GVESTA,2009,8,4,17,24.8,34.3,10.7,8,6.91,15,42.5,0,973.9,34,5.4,9.6,188,483,70,147,33,33,522,312,0,14,96
GVESTA,2009,8,4,18,24.2,35.8,10.8,8.1,6.97,14.8,42.1,0,974,30,4,7.8,39,123,25,55,13,13,133,311,6,14,96
GVESTA,2009,8,4,19,23.1,40.1,11.3,8.8,7.3,14.8,41.8,0,974.5,16,2.5,5.3,0,0,0,0,0,0,0,310,0,14,96
GVESTA,2009,8,4,20,22.1,42.9,11.4,8.9,7.36,14.4,40.9,0,974.9,6,2,4.2,0,0,0,0,0,0,0,308,0,14,96
GVESTA,2009,8,4,21,21.4,47.2,12,9.7,7.75,14.5,41.2,0,975.1,360,1.7,3.4,0,0,0,0,0,0,0,307,0,14,96
GVESTA,2009,8,4,22,20.6,52,12.6,10.4,8.14,14.6,41.4,0,975.4,307,0.9,1.8,0,0,0,0,0,0,0,305,33,14,96
GVESTA,2009,8,4,23,19.3,57.1,12.8,10.6,8.27,14.2,40.4,0,975.5,270,0.9,1.6,0,0,0,0,0,0,0,313,36,14,96
GVESTA,2009,8,5,0,18.4,60,12.7,10.5,8.21,13.8,39.3,0,975.4,270,0.8,2.3,0,0,0,0,0,0,0,314,25,15,96
GVESTA,2009,8,5,1,17.3,63.9,12.6,10.4,8.14,13.3,38,0,975.4,297,0.9,1.8,0,0,0,0,0,0,0,323,29,15,96
GVESTA,2009,8,5,2,16.4,66.7,12.4,10.2,8.01,12.8,36.8,0,975.3,288,0.7,1.4,0,0,0,0,0,0,0,323,29,15,96
GVESTA,2009,8,5,3,15.6,68.8,12.2,9.9,7.88,12.4,35.6,0,975.3,259,0.5,1.2,0,0,0,0,0,0,0,344,53,15,96
GVESTA,2009,8,5,4,15.1,71.1,12.2,9.9,7.88,12.1,35.1,0,975.4,270,0.4,1,8,5,7,6,9,4,4,353,56,15,96
GVESTA,2009,8,5,5,15.2,73,12.6,10.4,8.14,12.4,35.9,0,975.6,301,0.6,1.5,104,132,77,77,175,39,40,350,68,15,96
GVESTA,2009,8,5,6,17.9,65.7,13.5,11.4,8.73,14,40.1,0,975.6,0,0.2,0.9,310,582,94,105,631,64,48,332,41,15,96
GVESTA,2009,8,5,7,19.1,64.7,14.3,12.3,9.25,15,42.7,0,975.4,77,1.3,4,499,760,101,57,760,213,57,334,33,15,96
GVESTA,2009,8,5,8,20.2,61.2,14.5,12.5,9.39,15.5,44.1,0,975.4,41,3,7.1,662,837,107,67,725,365,68,321,19,15,96
GVESTA,2009,8,5,9,21.4,56.5,14.4,12.4,9.32,15.9,45.2,0,975.2,41,3.7,6.7,788,871,116,77,601,493,78,312,13,15,96
GVESTA,2009,8,5,10,22.8,50.9,14.1,12.1,9.13,16.2,46.1,0,975.1,54,4.3,7.9,872,893,119,83,419,578,84,316,6,15,96
GVESTA,2009,8,5,11,24.4,46.2,14.1,12.1,9.13,16.8,47.8,0,974.7,47,3.8,7.4,898,882,130,87,201,611,124,325,0,15,96
GVESTA,2009,8,5,12,25.5,42.4,13.8,11.8,8.94,17,48.4,0,974.3,32,2.3,5.1,875,867,134,86,87,589,367,333,0,15,96
GVESTA,2009,8,5,13,26.7,38.7,13.6,11.5,8.81,17.3,49.3,0,974.2,69,2.7,5.7,791,809,148,85,85,513,547,334,0,15,96
GVESTA,2009,8,5,14,27.3,36.2,13.1,11,8.48,17.2,49.1,0,973.8,48,2.8,6.5,675,775,136,76,76,398,667,335,0,15,96
GVESTA,2009,8,5,15,28.2,33.2,12.7,10.5,8.22,17.3,49.4,0,973.5,45,3.6,6.2,524,719,120,64,64,253,716,335,0,15,96
GVESTA,2009,8,5,16,28.1,32.1,12.2,9.9,7.89,17,48.4,0,973.5,39,3.5,5.7,355,638,95,85,49,91,681,336,0,15,96
GVESTA,2009,8,5,17,28,33.8,12.8,10.6,8.29,17.3,49.3,0,973.4,32,3.1,5.3,179,450,70,138,35,34,491,337,0,15,96
GVESTA,2009,8,5,18,26.7,38.7,13.6,11.5,8.81,17.3,49.3,0,973.4,21,2,4.3,38,109,26,51,13,13,120,345,19,15,96
GVESTA,2009,8,5,19,24.7,47.2,14.7,12.7,9.53,17.2,49.1,0,973.9,346,0.9,2.2,0,0,0,0,0,0,0,334,0,15,96
GVESTA,2009,8,5,20,23.7,51.4,15.1,13.1,9.79,17.1,48.8,0,974.3,72,0.4,1,0,0,0,0,0,0,0,350,10,15,96
GVESTA,2009,8,5,21,21.7,58.1,15.1,13.1,9.79,16.4,46.7,0,974.6,284,0.5,1.7,0,0,0,0,0,0,0,379,65,15,96
GVESTA,2009,8,5,22,21.2,58.3,14.7,12.7,9.52,16,45.5,0,974.7,254,0.8,1.8,0,0,0,0,0,0,0,352,34,15,96
GVESTA,2009,8,5,23,20.5,59.7,14.4,12.4,9.33,15.6,44.3,0,974.7,256,0.5,1.2,0,0,0,0,0,0,0,360,48,15,96
GVESTA,2009,8,6,0,19.6,62.3,14.2,12.2,9.2,15.1,43,0,974.6,243,0.6,1.4,0,0,0,0,0,0,0,352,35,14,96
GVESTA,2009,8,6,1,19.3,63.5,14.2,12.2,9.19,15,42.7,0,974.8,288,0.6,1.5,0,0,0,0,0,0,0,331,0,14,96
GVESTA,2009,8,6,2,18.6,65.9,14.1,12.1,9.13,14.7,41.8,0,974.9,301,0.6,1.4,0,0,0,0,0,0,0,328,0,14,96
GVESTA,2009,8,6,3,18,67.5,13.9,11.9,9,14.4,40.9,0,974.8,307,0.6,1.6,0,0,0,0,0,0,0,327,0,14,96
GVESTA,2009,8,6,4,17.2,71,13.9,11.9,8.99,14,40.1,0,975.1,307,0.6,1.8,12,27,10,15,31,5,5,327,0,14,96
GVESTA,2009,8,6,5,17.4,71.5,14.2,12.2,9.19,14.3,40.8,0,975,342,0.4,1.3,132,357,61,124,389,30,30,327,0,14,96
GVESTA,2009,8,6,6,19.7,67.9,15.6,13.6,10.11,15.9,45.5,0,974.9,333,0.3,1,305,599,88,103,643,60,44,328,0,14,96
GVESTA,2009,8,6,7,21.2,63.1,15.9,13.9,10.31,16.6,47.5,0,974.8,45,0.5,2.3,485,748,96,53,742,207,54,329,0,14,96
GVESTA,2009,8,6,8,22.4,56.4,15.3,13.3,9.92,16.7,47.8,0,974.6,77,1.8,4.6,651,826,105,64,713,361,65,331,0,14,96
GVESTA,2009,8,6,9,23.6,53.8,15.7,13.7,10.19,17.4,49.7,0,974.4,68,2.7,5,775,864,111,73,589,485,74,332,0,14,96
GVESTA,2009,8,6,10,25.1,50.8,16.2,14.2,10.52,18.1,52,0,974.1,80,2.8,4.8,862,888,116,79,412,573,80,336,0,14,96
GVESTA,2009,8,6,11,26.5,45.3,15.7,13.7,10.2,18.3,52.7,0,973.4,94,1.6,4.4,891,884,123,82,190,605,121,347,13,14,96
GVESTA,2009,8,6,12,27.9,41.4,15.6,13.6,10.14,18.7,53.9,0,972.8,84,1.8,5.1,867,867,128,82,82,584,360,355,6,14,96
GVESTA,2009,8,6,13,29.6,38.5,16,14,10.41,19.5,56.4,0,972.3,77,2.7,5.8,782,802,147,82,82,509,539,354,0,14,96
GVESTA,2009,8,6,14,30.5,36.1,15.8,13.8,10.28,19.6,57,0,971.7,66,2.5,5.4,662,749,144,75,76,394,652,352,0,14,96
GVESTA,2009,8,6,15,30.7,34.1,15.1,13.1,9.82,19.4,56,0,971.5,55,2.8,5.9,512,687,127,64,64,252,692,351,0,14,96
GVESTA,2009,8,6,16,29.9,36.2,15.3,13.3,9.95,19.2,55.5,0,971.4,55,3.7,5.3,342,590,104,85,51,93,640,350,0,14,96
GVESTA,2009,8,6,17,29.5,36.3,15,13,9.76,18.9,54.6,0,971.2,34,3.3,5.4,177,455,69,137,33,33,494,349,0,14,96
GVESTA,2009,8,6,18,28.7,35.2,13.8,11.8,8.96,18.1,51.8,0,971.6,27,1.9,3.9,36,98,25,46,13,13,109,346,0,14,96
GVESTA,2009,8,6,19,27,38.8,13.8,11.8,8.96,17.5,50,0,972,9,0.6,1.9,0,0,0,0,0,0,0,343,0,14,96
GVESTA,2009,8,6,20,26,43.1,14.5,12.5,9.41,17.5,50.1,0,972.6,297,0.3,2.1,0,0,0,0,0,0,0,342,0,14,96
GVESTA,2009,8,6,21,24.3,49,14.9,12.9,9.68,17.2,49.1,0,972.5,315,0.7,1.7,0,0,0,0,0,0,0,341,0,14,96
GVESTA,2009,8,6,22,23.9,54.6,16.2,14.2,10.53,17.7,50.8,0,972.8,256,0.5,1.4,0,0,0,0,0,0,0,339,0,14,96
GVESTA,2009,8,6,23,23.2,58.1,16.5,14.5,10.73,17.7,50.6,0,973,360,0.4,1,0,0,0,0,0,0,0,338,0,14,96
GVESTA,2009,8,7,0,21.8,64,16.7,14.7,10.86,17.3,49.5,0,972.9,254,0.9,2,0,0,0,0,0,0,0,338,0,15,96
GVESTA,2009,8,7,1,21.1,66,16.5,14.5,10.73,16.9,48.5,0,973.1,304,0.4,1.3,0,0,0,0,0,0,0,338,0,15,96
GVESTA,2009,8,7,2,20.6,67.2,16.3,14.3,10.6,16.6,47.6,0,973.1,292,0.6,1.4,0,0,0,0,0,0,0,346,0,15,96
GVESTA,2009,8,7,3,19.9,69.2,16.1,14.1,10.46,16.3,46.6,0,973.2,304,0.5,1.4,0,0,0,0,0,0,0,340,0,15,96
GVESTA,2009,8,7,4,19.2,70.9,15.8,13.8,10.27,15.8,45.3,0,973.1,315,0.5,1.5,8,16,7,10,19,4,4,340,6,15,96
GVESTA,2009,8,7,5,19,72.7,16,14,10.39,15.9,45.5,0,973.5,333,0.5,1.4,127,334,61,117,367,30,30,344,16,15,96
GVESTA,2009,8,7,6,20.7,68.5,16.7,14.7,10.86,16.9,48.4,0,973.5,14,0.8,2,250,344,130,110,421,73,65,360,55,15,96
GVESTA,2009,8,7,7,21.8,63.6,16.6,14.6,10.79,17.2,49.3,0,973.6,31,0.8,3.7,395,422,171,88,489,198,87,368,61,15,96
GVESTA,2009,8,7,8,22.7,61,16.8,14.8,10.92,17.6,50.6,0,973.6,68,0.7,2.5,623,760,122,70,677,357,70,348,23,15,96
GVESTA,2009,8,7,9,25.7,50,16.5,14.5,10.72,18.5,53.2,0,973.5,67,1.4,3.8,741,778,144,82,569,478,82,351,29,15,96
GVESTA,2009,8,7,10,27.4,44.9,16.4,14.4,10.66,19,54.8,0,973.2,74,1.8,4,797,720,194,100,418,547,100,367,44,15,96
GVESTA,2009,8,7,11,29,38.4,15.4,13.4,10,19,54.7,0,973.1,81,2.4,6.3,762,542,292,136,262,533,174,390,75,15,96
GVESTA,2009,8,7,12,29.8,39.6,16.6,14.6,10.8,19.8,57.6,0,972.7,81,3.1,5.7,595,238,391,197,195,383,315,412,100,15,96
GVESTA,2009,8,7,13,30.1,39.2,16.7,14.7,10.87,20,58.1,0,972.5,45,3,6.1,407,183,259,131,130,258,253,411,88,15,96
GVESTA,2009,8,7,14,28.8,44.5,17.6,15.5,11.46,20,58.3,0,972.5,304,3,7.7,272,125,191,101,100,156,214,414,94,15,96
GVESTA,2009,8,7,15,30.1,39.2,16.7,14.7,10.87,20,58.1,0,972,339,2.6,7,349,242,206,106,106,195,334,411,88,15,96
GVESTA,2009,8,7,16,28.6,44.1,17.3,15.2,11.27,19.8,57.6,0,972.2,335,2.8,8,258,283,146,93,75,94,364,402,81,15,96
GVESTA,2009,8,7,17,27.4,47,17.2,15.1,11.2,19.4,56.1,0,972.3,335,2.9,8.4,125,162,88,85,46,45,213,402,75,15,96
GVESTA,2009,8,7,18,26.2,47.9,16.3,14.3,10.6,18.5,53.4,0,972.8,8,2.6,6.8,4,0,4,2,2,2,2,412,100,15,96
GVESTA,2009,8,7,19,25.2,52.2,16.7,14.7,10.86,18.4,53,0,973.1,20,2.2,5.7,0,0,0,0,0,0,0,413,100,15,96
GVESTA,2009,8,7,20,24.8,54.5,17,15,11.05,18.5,53.1,0,973.7,36,1.1,3.2,0,0,0,0,0,0,0,411,100,15,96
GVESTA,2009,8,7,21,24.6,58,17.9,15.8,11.65,18.8,54.4,0,973.9,51,1,3.7,0,0,0,0,0,0,0,409,100,15,96
GVESTA,2009,8,7,22,23.4,59.2,17,15,11.04,18,51.6,0.1,974.4,360,0.9,3.9,0,0,0,0,0,0,0,407,100,15,96
GVESTA,2009,8,7,23,21.3,76,19.3,16.9,12.57,18.4,53.3,0.1,974.6,207,1.1,4,0,0,0,0,0,0,0,405,100,15,96
GVESTA,2009,8,8,0,20.7,83,20.2,17.7,13.16,18.7,54.2,0.8,974.8,210,1.2,3.7,0,0,0,0,0,0,0,404,100,15,96
GVESTA,2009,8,8,1,20.2,85.6,20.2,17.7,13.17,18.5,53.7,0.5,974.5,360,1.4,3.5,0,0,0,0,0,0,0,403,100,15,96
GVESTA,2009,8,8,2,19.2,88.2,19.6,17.2,12.77,17.9,51.7,0.1,974.1,57,2.1,3.8,0,0,0,0,0,0,0,402,100,15,96
GVESTA,2009,8,8,3,19.4,87.1,19.6,17.2,12.77,18,51.9,0.1,974,74,1.9,3.8,0,0,0,0,0,0,0,402,100,15,96
GVESTA,2009,8,8,4,19.8,84.4,19.5,17.1,12.71,18,52.2,0,974,21,1.1,2.3,8,18,7,10,21,4,4,398,94,15,96
GVESTA,2009,8,8,5,20.1,82.4,19.4,17,12.64,18.1,52.3,0,974.1,6,1,2.1,106,202,65,85,239,33,34,389,68,15,96
GVESTA,2009,8,8,6,20.3,80.8,19.3,16.9,12.57,18.1,52.3,0,974.1,180,0.6,1.6,215,216,136,92,295,81,69,387,75,15,96
GVESTA,2009,8,8,7,20.3,82.4,19.6,17.2,12.77,18.3,52.8,0,974.5,37,1.1,2.2,260,95,213,114,212,139,113,403,100,15,96
GVESTA,2009,8,8,8,21,78.4,19.5,17.1,12.7,18.4,53.4,0,974.5,36,2,4,370,110,297,158,260,213,156,405,94,15,96
GVESTA,2009,8,8,9,21.3,73.6,18.7,16.4,12.17,18.1,52.3,0,974.6,39,1.6,4.1,419,175,289,152,286,254,150,404,94,15,96
GVESTA,2009,8,8,10,21.4,77.5,19.7,17.3,12.83,18.7,54.1,0,974.5,40,2.6,4.4,191,0,191,106,105,103,105,409,100,15,96
GVESTA,2009,8,8,11,21.2,77.9,19.6,17.2,12.77,18.6,53.8,0,974.1,9,1.9,4.5,196,2,194,108,108,107,106,411,100,15,96
GVESTA,2009,8,8,12,21.4,78.5,20,17.5,13.04,18.8,54.6,0,974,20,1.3,3,239,1,238,133,131,130,131,412,100,15,96
GVESTA,2009,8,8,13,22.8,66.8,18.5,16.3,12.05,18.5,53.6,0,973.7,24,2.8,6.1,272,13,262,145,144,150,152,411,100,15,96
GVESTA,2009,8,8,14,23.9,57.9,17.2,15.1,11.19,18.2,52.5,0,973.2,38,3.6,6.2,344,60,303,165,163,194,218,407,100,15,96
GVESTA,2009,8,8,15,24.3,58,17.6,15.5,11.46,18.6,53.6,0,973.1,38,3,5.7,420,392,209,103,103,227,488,397,75,15,96
GVESTA,2009,8,8,16,24.7,58.8,18.3,16.1,11.92,19.1,55.2,0,973,36,3,5.9,280,354,142,97,72,103,433,396,71,15,96
GVESTA,2009,8,8,17,23.6,62.4,18.2,16,11.86,18.6,53.9,0,972.9,34,3.3,6.2,164,388,72,121,36,36,431,392,53,15,96
GVESTA,2009,8,8,18,23.4,66.5,19.1,16.8,12.46,19,55.2,0,972.9,4,1.4,3.5,26,73,18,33,9,9,81,373,26,15,96
GVESTA,2009,8,8,19,22.5,72.9,19.9,17.4,12.98,19.1,55.6,0,973.4,360,1,2.3,0,0,0,0,0,0,0,378,56,15,96
GVESTA,2009,8,8,20,21.8,70.1,18.3,16.1,11.91,18.1,52.2,0,973.9,356,1.4,3,0,0,0,0,0,0,0,371,48,15,96
GVESTA,2009,8,8,21,22.1,65.8,17.5,15.4,11.38,17.8,51.2,0,973.9,292,0.7,2.3,0,0,0,0,0,0,0,366,40,15,96
GVESTA,2009,8,8,22,20.4,70.7,16.9,14.9,10.98,16.9,48.4,0,973.9,297,1.1,2.4,0,0,0,0,0,0,0,361,16,15,96
GVESTA,2009,8,8,23,19.7,71.9,16.5,14.5,10.72,16.4,47,0,973.5,256,0.6,2.4,0,0,0,0,0,0,0,359,35,15,96
GVESTA,2009,8,9,0,19.5,71,16.1,14.1,10.46,16.1,46.2,0,973.2,255,1.3,2.5,0,0,0,0,0,0,0,357,30,15,96
GVESTA,2009,8,9,1,18.4,74.1,15.7,13.7,10.2,15.5,44.4,0,973.1,232,1.2,2.3,0,0,0,0,0,0,0,358,41,15,96
GVESTA,2009,8,9,2,17.6,76.4,15.4,13.4,10,15,43,0,973.3,252,0.6,1.5,0,0,0,0,0,0,0,376,88,15,96
GVESTA,2009,8,9,3,18.4,75,15.9,13.9,10.33,15.6,44.7,0,973.1,234,0.9,1.4,0,0,0,0,0,0,0,374,78,15,96
GVESTA,2009,8,9,4,19,72.7,16,14,10.4,15.9,45.5,0,973.1,243,0.3,1.1,2,0,2,1,1,1,1,366,70,15,96
GVESTA,2009,8,9,5,18.8,76.1,16.5,14.5,10.73,16.1,46.1,0,973.4,288,0.7,1.5,43,2,43,25,26,23,24,380,88,15,96
GVESTA,2009,8,9,6,19.6,75.7,17.3,15.2,11.26,16.8,48.3,0,973,346,0.6,1.6,111,5,109,61,65,59,60,382,100,15,96
GVESTA,2009,8,9,7,20.2,75.8,17.9,15.8,11.66,17.4,49.9,0,972.9,21,0.9,2.9,221,33,203,112,144,120,110,393,94,15,96
GVESTA,2009,8,9,8,20.7,75.4,18.4,16.2,11.99,17.8,51.3,0,972.8,40,3,5.8,400,145,305,160,295,235,158,397,81,15,96
GVESTA,2009,8,9,9,21.6,70.9,18.3,16.1,11.93,18,52,0,972.8,54,3.1,5.8,648,507,257,127,472,431,127,402,61,15,96
GVESTA,2009,8,9,10,23.3,58.1,16.6,14.6,10.8,17.7,50.9,0,972.3,52,3.4,6,827,814,149,89,419,573,90,391,55,15,96
GVESTA,2009,8,9,11,24.5,54.7,16.8,14.8,10.94,18.3,52.5,0,972.1,50,3.4,6.7,855,814,154,92,206,605,132,382,50,15,96
GVESTA,2009,8,9,12,25,53.8,17,15,11.08,18.5,53.4,0,971.6,56,3.8,7.2,798,691,214,107,108,564,378,389,68,15,96
GVESTA,2009,8,9,13,25.9,52,17.4,15.3,11.35,19,55,0,971.3,54,4.3,7.5,703,595,237,114,114,479,499,398,75,15,96
GVESTA,2009,8,9,14,25.7,52,17.2,15.1,11.22,18.8,54.4,0,971,54,4.6,8.5,415,144,314,165,163,247,292,405,100,15,96
GVESTA,2009,8,9,15,25.6,52.3,17.2,15.1,11.22,18.8,54.3,0,970.9,52,3.9,7.2,246,92,195,104,103,136,196,408,94,15,96
GVESTA,2009,8,9,16,25.2,53.9,17.3,15.2,11.28,18.7,54.1,0,970.9,21,1.4,4.1,23,0,23,13,13,13,13,411,100,15,96
GVESTA,2009,8,9,17,25.1,58.2,18.5,16.3,12.08,19.3,56,0,971.3,6,1.1,2.8,8,0,8,4,4,4,4,410,100,15,96
GVESTA,2009,8,9,18,24.1,58.7,17.6,15.5,11.47,18.5,53.4,0,971.8,85,2.1,7.7,1,0,1,1,1,1,1,409,100,15,96
GVESTA,2009,8,9,19,20.3,77.8,18.5,16.3,12.05,17.7,51,10,973.1,137,3.5,7.6,0,0,0,0,0,0,0,406,100,15,96
GVESTA,2009,8,9,20,19.5,85.5,19.4,17,12.64,17.9,51.7,7.8,974.3,312,1.9,4.6,0,0,0,0,0,0,0,404,100,15,96
GVESTA,2009,8,9,21,19.1,88.2,19.5,17.1,12.71,17.8,51.4,2.6,974,281,2.1,4.8,0,0,0,0,0,0,0,402,100,15,96
GVESTA,2009,8,9,22,19.5,83.9,19,16.7,12.38,17.7,51,0.3,973.3,7,1,3.5,0,0,0,0,0,0,0,399,100,15,96
GVESTA,2009,8,9,23,19.3,86,19.2,16.9,12.52,17.7,51.2,0,973.1,238,1.5,3.3,0,0,0,0,0,0,0,397,100,15,96
GVESTA,2009,8,10,0,18.8,87.6,19,16.7,12.39,17.4,50.3,0.1,973,253,1.4,3.2,0,0,0,0,0,0,0,393,94,15,96
GVESTA,2009,8,10,1,19.4,82.8,18.7,16.4,12.19,17.5,50.4,0.1,973.1,264,1,1.9,0,0,0,0,0,0,0,382,74,15,96
GVESTA,2009,8,10,2,19.2,83.8,18.6,16.4,12.12,17.4,50,0,973.2,291,0.9,1.8,0,0,0,0,0,0,0,388,80,15,96
GVESTA,2009,8,10,3,19.1,84.9,18.8,16.5,12.25,17.4,50.3,0,973.4,90,0.6,1.6,0,0,0,0,0,0,0,395,100,15,96
GVESTA,2009,8,10,4,19,86,18.9,16.6,12.32,17.4,50.3,0,973.3,286,0.9,2.3,1,0,1,0,0,0,0,394,100,15,96
GVESTA,2009,8,10,5,18.9,85.4,18.7,16.4,12.18,17.3,49.9,0,973.9,228,1.5,4.8,82,91,63,55,127,33,33,394,94,15,96
GVESTA,2009,8,10,6,19.2,84.4,18.8,16.5,12.24,17.5,50.4,0,974.2,277,0.9,2.3,89,2,89,50,51,48,49,392,100,15,96
GVESTA,2009,8,10,7,19.8,80.8,18.7,16.4,12.17,17.6,50.8,0,974.1,270,0.6,1.9,256,161,167,87,244,143,86,394,88,15,96
GVESTA,2009,8,10,8,20.6,76.9,18.6,16.4,12.11,17.9,51.5,0,974.2,207,2.7,5.6,303,63,263,143,202,172,141,396,81,15,96
GVESTA,2009,8,10,9,21.9,71.9,18.9,16.6,12.3,18.4,53.3,0,974.6,183,3.4,6.6,300,15,289,161,170,166,158,401,100,15,96
GVESTA,2009,8,10,10,23.2,63.5,18.1,15.9,11.77,18.4,53.3,0,974.5,203,5.1,8.5,499,131,389,206,278,307,203,394,81,15,96
GVESTA,2009,8,10,11,24.1,59.8,17.9,15.8,11.64,18.7,53.9,0,974.4,210,6.3,10.8,368,76,303,162,174,222,176,402,100,15,96
GVESTA,2009,8,10,12,22.9,65.9,18.4,16.2,11.97,18.5,53.5,0,974.9,215,6.8,11,59,0,59,33,33,32,32,406,100,15,96
GVESTA,2009,8,10,13,21.4,73.2,18.6,16.4,12.09,18.1,52.2,0.1,975.4,205,6,10,143,2,141,79,78,78,79,405,100,15,96
GVESTA,2009,8,10,14,21.1,74.5,18.6,16.4,12.09,18,51.9,0,975.6,203,4.5,7.4,121,1,120,67,67,66,67,405,100,15,96
GVESTA,2009,8,10,15,21.1,75.5,18.9,16.6,12.29,18.2,52.4,0,975.7,206,4.8,7.8,255,60,221,120,119,141,179,404,100,15,96
GVESTA,2009,8,10,16,20.9,77.4,19.1,16.8,12.42,18.2,52.6,0.3,975.6,206,3.5,6.6,134,72,111,71,60,59,135,404,94,15,96
GVESTA,2009,8,10,17,21.2,77.4,19.5,17.1,12.68,18.5,53.5,0,975.7,207,1.3,4.2,109,179,64,68,33,32,218,400,88,15,96
GVESTA,2009,8,10,18,21.2,74.6,18.8,16.5,12.21,18.1,52.3,0,976.2,261,1.4,2.8,11,15,10,10,5,5,20,402,100,15,96
GVESTA,2009,8,10,19,21,76.4,19,16.7,12.34,18.2,52.5,0,976.7,285,1.1,2.2,0,0,0,0,0,0,0,400,100,15,96
GVESTA,2009,8,10,20,20.1,83.4,19.6,17.2,12.73,18.2,52.5,0.2,976.9,253,1.9,4.6,0,0,0,0,0,0,0,398,100,15,96
GVESTA,2009,8,10,21,20.1,83.4,19.6,17.2,12.74,18.2,52.5,0,976.8,237,1.7,3,0,0,0,0,0,0,0,388,74,15,96
GVESTA,2009,8,10,22,20.2,82.4,19.5,17.1,12.67,18.2,52.5,0,977.1,264,1.1,1.9,0,0,0,0,0,0,0,378,64,15,96
GVESTA,2009,8,10,23,20.3,81.3,19.4,17,12.6,18.1,52.4,0,977,101,0.8,2,0,0,0,0,0,0,0,375,68,15,96
GVESTA,2009,8,11,0,20.3,81.3,19.4,17,12.6,18.1,52.4,0,977,297,0.7,1.8,0,0,0,0,0,0,0,355,48,16,96
GVESTA,2009,8,11,1,20.3,79.8,19,16.7,12.34,18,51.7,0,977,252,0.4,1.5,0,0,0,0,0,0,0,359,36,16,96
GVESTA,2009,8,11,2,19.8,80.8,18.7,16.4,12.14,17.6,50.7,0,976.9,288,0.6,1.4,0,0,0,0,0,0,0,366,55,16,96
GVESTA,2009,8,11,3,19.3,80.7,18.1,15.9,11.74,17.1,49.2,0,977,278,0.8,1.7,0,0,0,0,0,0,0,358,33,16,96
GVESTA,2009,8,11,4,18.1,82.6,17.2,15.1,11.14,16.2,46.4,0,977.2,288,1.1,2,6,10,5,6,12,3,3,347,10,16,96
GVESTA,2009,8,11,5,18,83.2,17.2,15.1,11.14,16.2,46.3,0,977.5,315,0.4,1.1,106,231,63,89,268,32,33,359,48,16,96
GVESTA,2009,8,11,6,18.2,85.3,17.8,15.7,11.54,16.6,47.5,0,977.6,284,0.5,1.1,292,583,88,94,633,65,46,352,29,16,96
GVESTA,2009,8,11,7,19.7,81.3,18.7,16.4,12.13,17.6,50.6,0,977.8,153,0.4,2.3,468,726,101,58,735,224,59,330,0,16,96
GVESTA,2009,8,11,8,21.5,65.6,16.8,14.8,10.88,17.2,49.3,0.1,977.6,90,0.5,4.5,621,763,126,74,687,377,74,331,0,16,96
GVESTA,2009,8,11,9,22.7,50.8,14,12,9.04,16.1,45.8,0,977.7,96,1.1,3.7,759,851,115,79,592,507,80,331,0,16,96
GVESTA,2009,8,11,10,23.9,44.3,13.1,11,8.45,16.1,45.5,0,977.5,85,1.3,4.2,842,867,124,87,418,593,88,332,0,16,96
GVESTA,2009,8,11,11,25,33.9,10.7,8,6.89,15.1,42.7,0,977.2,95,2.2,4.9,869,854,138,91,181,626,155,333,0,16,96
GVESTA,2009,8,11,12,26,39.3,13.2,11.1,8.52,16.9,47.9,0,977.1,77,1.9,5.7,842,828,147,92,93,603,375,334,0,16,96
GVESTA,2009,8,11,13,26.4,41.3,14.2,12.2,9.18,17.5,50,0,976.7,92,2.7,5.5,779,841,125,83,84,532,552,333,0,16,96
GVESTA,2009,8,11,14,26.7,41.1,14.4,12.4,9.31,17.7,50.6,0,976.4,88,2.5,5.7,659,794,121,75,75,413,676,334,0,16,96
GVESTA,2009,8,11,15,26.9,40.4,14.3,12.3,9.25,17.7,50.6,0,976.3,54,2.6,5.4,502,712,115,64,65,265,714,334,0,16,96
GVESTA,2009,8,11,16,26.6,42.2,14.7,12.7,9.51,17.8,51,0,976.3,57,3.7,6,332,619,93,77,49,96,666,334,0,16,96
GVESTA,2009,8,11,17,26.4,43.8,15.1,13.1,9.77,18,51.5,0,976.2,34,2.7,5.3,159,428,65,121,33,33,468,334,0,16,96
GVESTA,2009,8,11,18,25.7,46.9,15.5,13.5,10.04,18,51.4,0,976.2,13,2,4.5,21,51,15,24,8,8,58,334,0,16,96
GVESTA,2009,8,11,19,24.7,50.4,15.7,13.7,10.16,17.7,50.7,0,976.6,357,1.7,4.3,0,0,0,0,0,0,0,332,0,16,96
GVESTA,2009,8,11,20,23.3,57,16.3,14.3,10.55,17.6,50.3,0,977.1,42,1.7,3.8,0,0,0,0,0,0,0,331,0,16,96
GVESTA,2009,8,11,21,22.6,61.8,16.9,14.9,10.94,17.7,50.6,0,977.4,22,1.2,2.6,0,0,0,0,0,0,0,329,0,16,96
GVESTA,2009,8,11,22,21.9,64.5,16.9,14.9,10.94,17.4,49.8,0,977.6,319,1,2,0,0,0,0,0,0,0,328,0,16,96
GVESTA,2009,8,11,23,21.4,66.5,16.9,14.9,10.94,17.3,49.3,0,977.4,297,0.3,1.1,0,0,0,0,0,0,0,326,0,16,96
GVESTA,2009,8,12,0,20.7,68.5,16.7,14.7,10.81,16.9,48.3,0,977.2,270,0.4,1.1,0,0,0,0,0,0,0,325,0,16,96
GVESTA,2009,8,12,1,19.5,71.9,16.3,14.3,10.55,16.2,46.4,0,977.3,286,0.8,1.8,0,0,0,0,0,0,0,325,0,16,96
GVESTA,2009,8,12,2,19.2,70.9,15.8,13.8,10.22,15.8,45.2,0,977.6,243,0.7,1.3,0,0,0,0,0,0,0,324,0,16,96
GVESTA,2009,8,12,3,18.7,72.2,15.6,13.6,10.09,15.6,44.4,0,977.6,233,0.5,1.4,0,0,0,0,0,0,0,332,13,16,96
GVESTA,2009,8,12,4,17.2,77.8,15.3,13.3,9.89,14.8,42.3,0,978,276,1,2,2,0,2,1,1,1,1,364,63,16,96
GVESTA,2009,8,12,5,18.3,77,16.2,14.2,10.47,15.7,44.9,0,978.3,333,0.5,1.3,56,13,53,33,43,29,29,379,88,16,96
GVESTA,2009,8,12,6,19.3,74.7,16.7,14.7,10.8,16.4,46.8,0,978.3,9,0.7,1.6,246,357,114,72,423,91,59,359,44,16,96
GVESTA,2009,8,12,7,20.5,70.7,17.1,15,11.07,17,48.7,0,978.3,50,0.8,2.7,478,750,100,59,756,233,59,337,13,16,96
GVESTA,2009,8,12,8,21.4,66.5,16.9,14.9,10.93,17.3,49.3,0,978.2,74,1.8,4.1,635,822,105,70,718,386,71,326,0,16,96
GVESTA,2009,8,12,9,22.7,59.8,16.5,14.5,10.67,17.5,50,0,978,51,3.4,6.2,758,845,121,82,595,515,83,332,0,16,96
GVESTA,2009,8,12,10,24,53.6,16,14,10.35,17.6,50.5,0,977.4,49,3.9,6.6,845,875,122,88,421,603,89,329,0,16,96
GVESTA,2009,8,12,11,25,51.1,16.2,14.2,10.49,18.1,51.9,0,976.9,49,3.6,6.1,880,889,121,90,176,639,151,330,0,16,96
GVESTA,2009,8,12,12,26.2,44.6,15.2,13.2,9.83,18,51.4,0,976.6,58,3.7,6.1,849,848,139,92,93,613,377,332,0,16,96
GVESTA,2009,8,12,13,27,42.3,15.1,13.1,9.77,18.2,52.1,0,976.3,54,2.8,6.4,770,808,144,89,89,536,553,332,0,16,96
GVESTA,2009,8,12,14,27.1,42.9,15.4,13.4,9.97,18.4,52.7,0,975.7,49,2.2,7.2,652,769,134,79,79,417,670,333,0,16,96
GVESTA,2009,8,12,15,27.2,43.7,15.8,13.8,10.24,18.6,53.5,0,975.3,48,3.2,6.2,498,704,118,66,66,268,711,334,0,16,96
GVESTA,2009,8,12,16,27.4,42.7,15.6,13.6,10.12,18.6,53.4,0,974.7,48,3.9,6.4,329,619,93,66,50,109,667,335,0,16,96
GVESTA,2009,8,12,17,27.3,40.7,14.8,12.8,9.59,18.1,51.9,0,974.5,42,2.5,5.3,156,422,65,119,33,33,462,336,0,16,96
GVESTA,2009,8,12,18,26.5,45.6,15.8,13.8,10.25,18.4,52.8,0,974.6,10,1.3,2.8,20,50,16,24,8,8,58,336,0,16,96
GVESTA,2009,8,12,19,25.9,50,16.7,14.7,10.84,18.7,53.7,0,974.9,331,1.3,3.8,0,0,0,0,0,0,0,335,0,16,96
GVESTA,2009,8,12,20,24.3,55.4,16.8,14.8,10.9,18.2,52.2,0,975.4,52,1.4,3.2,0,0,0,0,0,0,0,334,0,16,96
GVESTA,2009,8,12,21,23.4,59.2,17,15,11.03,18,51.6,0,975.6,69,1,2.4,0,0,0,0,0,0,0,333,0,16,96
GVESTA,2009,8,12,22,22.4,62.9,17.1,15,11.09,17.7,50.7,0,975.9,284,1,2,0,0,0,0,0,0,0,332,0,16,96
GVESTA,2009,8,12,23,21.5,66.5,17,15,11.03,17.4,49.6,0,975.9,333,0.5,2,0,0,0,0,0,0,0,331,0,16,96
GVESTA,2009,8,13,0,20.7,68.9,16.8,14.8,10.9,17,48.5,0,975.6,270,0.3,0.9,0,0,0,0,0,0,0,330,0,16,96
GVESTA,2009,8,13,1,20,70.6,16.5,14.5,10.7,16.5,47.3,0,975.3,297,0.6,1.9,0,0,0,0,0,0,0,329,0,16,96
GVESTA,2009,8,13,2,19.7,69.6,16,14,10.38,16.1,46.1,0,975,270,0.2,0.8,0,0,0,0,0,0,0,328,0,16,96
GVESTA,2009,8,13,3,18.9,71.8,15.7,13.7,10.18,15.7,44.8,0,974.9,18,0.4,1,0,0,0,0,0,0,0,327,0,16,96
GVESTA,2009,8,13,4,18,73.5,15.2,13.2,9.85,15.1,43.1,0,975,279,0.7,1.6,6,17,5,8,19,3,3,326,0,16,96
GVESTA,2009,8,13,5,17.5,76.4,15.3,13.3,9.91,14.9,42.7,0,975.2,297,0.6,1.6,115,335,55,106,367,28,28,325,0,16,96
GVESTA,2009,8,13,6,19.4,75.2,16.9,14.9,10.97,16.6,47.3,0,975,49,0.9,1.9,286,590,85,80,639,77,45,325,0,16,96
GVESTA,2009,8,13,7,20.9,67.7,16.7,14.7,10.84,17,48.5,0,975.1,73,1.1,3.8,460,707,106,60,722,231,61,328,0,16,96
GVESTA,2009,8,13,8,21.8,62.4,16.3,14.3,10.58,17.1,48.8,0,975,72,1.1,3,619,777,120,74,696,385,74,331,0,16,96
GVESTA,2009,8,13,9,23.5,57.4,16.6,14.6,10.78,17.8,51.1,0,974.7,49,2,6.1,746,821,128,84,587,514,85,334,0,16,96
GVESTA,2009,8,13,10,25,49.5,15.7,13.7,10.19,17.8,51.1,0,974.2,65,2.4,5.3,831,851,131,90,419,600,91,337,0,16,96
GVESTA,2009,8,13,11,26.4,42.9,14.8,12.8,9.6,17.8,51,0,973.8,90,1.8,5.3,866,868,127,92,176,635,156,343,0,16,96
GVESTA,2009,8,13,12,27.5,37.9,13.9,11.9,9.01,17.7,50.7,0,973.6,90,2.1,6.5,837,835,141,93,93,610,375,350,0,16,96
GVESTA,2009,8,13,13,28.5,34.9,13.6,11.5,8.82,17.9,51.2,0,973,94,1.6,4.3,766,822,131,86,86,536,551,349,0,16,96
GVESTA,2009,8,13,14,29.3,36,14.7,12.7,9.55,18.7,53.9,0,972.3,81,3.4,5.2,638,746,137,80,81,414,655,348,0,16,96
GVESTA,2009,8,13,15,28.9,37.6,15,13,9.75,18.7,54,0,972.1,81,2.6,4.7,488,685,123,68,68,267,700,348,6,16,96
GVESTA,2009,8,13,16,29.6,35.2,14.6,12.6,9.49,18.8,54,0,971.9,14,2.6,5.8,319,594,95,65,50,109,645,348,0,16,96
GVESTA,2009,8,13,17,29.2,35.5,14.4,12.4,9.35,18.5,53.3,0,971.9,340,2,5.5,148,393,64,111,33,33,433,349,0,16,96
GVESTA,2009,8,13,18,28.1,38.4,14.6,12.6,9.49,18.3,52.5,0,972,322,1.7,5.4,19,40,15,20,8,8,48,350,0,16,96
GVESTA,2009,8,13,19,27.3,40.2,14.6,12.6,9.48,18,51.6,0,972.7,312,1.4,4.9,0,0,0,0,0,0,0,348,0,16,96
GVESTA,2009,8,13,20,25.6,47.4,15.6,13.6,10.13,18,51.6,0,973.3,135,0.9,3.1,0,0,0,0,0,0,0,346,0,16,96
GVESTA,2009,8,13,21,25.1,50.2,16,14,10.39,18,51.7,0,973.4,342,0.4,1.9,0,0,0,0,0,0,0,345,0,16,96
GVESTA,2009,8,13,22,23.7,54.9,16.1,14.1,10.46,17.6,50.5,0,973.5,297,0.8,1.8,0,0,0,0,0,0,0,343,0,16,96
GVESTA,2009,8,13,23,22.8,58.7,16.3,14.3,10.59,17.4,49.9,0,973.6,240,0.9,3,0,0,0,0,0,0,0,342,0,16,96
GVESTA,2009,8,14,0,21.7,62.8,16.3,14.3,10.59,17,48.7,0,973.5,259,0.7,1.6,0,0,0,0,0,0,0,340,0,15,96
GVESTA,2009,8,14,1,20.9,64.7,16,14,10.39,16.6,47.4,0,973.4,270,0.5,1.5,0,0,0,0,0,0,0,339,0,15,96
GVESTA,2009,8,14,2,20.2,67.5,16,14,10.4,16.3,46.7,0,973.3,315,0.5,1.5,0,0,0,0,0,0,0,337,0,15,96
GVESTA,2009,8,14,3,19.6,69.6,15.9,13.9,10.33,16.1,45.9,0,973.2,243,0.6,1.6,0,0,0,0,0,0,0,336,0,15,96
GVESTA,2009,8,14,4,18.7,72.7,15.7,13.7,10.2,15.6,44.7,0,973.3,304,0.9,2.5,5,5,4,4,7,2,2,334,6,15,96
GVESTA,2009,8,14,5,18.6,73.6,15.8,13.8,10.26,15.6,44.7,0,973.6,315,0.6,1.9,110,309,55,98,341,27,27,333,0,15,96
GVESTA,2009,8,14,6,20.4,68.9,16.5,14.5,10.72,16.7,47.7,0,973.8,284,0.5,1.3,283,593,82,75,639,75,42,332,0,15,96
GVESTA,2009,8,14,7,21.7,65.3,16.9,14.9,10.98,17.4,49.7,0,973.9,63,1,3,455,704,104,57,716,229,57,334,0,15,96
GVESTA,2009,8,14,8,23.2,55.8,15.9,13.9,10.32,17.3,49.6,0,973.8,90,0.8,3,610,762,123,71,684,381,71,335,0,15,96
GVESTA,2009,8,14,9,25.1,51.1,16.3,14.3,10.59,18.2,52.2,0,973.6,135,1,3.4,733,792,140,82,574,507,82,337,19,15,96
GVESTA,2009,8,14,10,25.9,47.5,15.9,13.9,10.33,18.2,52.4,0,973.4,84,1.9,4.6,815,813,149,89,415,591,89,339,6,15,96
GVESTA,2009,8,14,11,27.6,41.9,15.5,13.5,10.07,18.6,53.5,0,973.2,92,2.3,5.7,842,801,162,94,185,622,162,341,29,15,96
GVESTA,2009,8,14,12,28.4,37.2,14.4,12.4,9.34,18.3,52.4,0,972.9,174,1.5,7.1,830,813,155,91,92,606,378,352,19,15,96
GVESTA,2009,8,14,13,30,32.4,13.7,11.7,8.89,18.5,52.9,0,972.6,215,2.1,6.1,792,865,127,81,81,555,568,348,29,15,96
GVESTA,2009,8,14,14,30.8,27.3,12.1,9.8,7.84,17.8,51,0,972.3,230,2.4,6.6,637,743,141,77,78,414,653,376,50,15,96
GVESTA,2009,8,14,15,30.7,28.2,12.4,10.2,8.04,18,51.4,0,972.1,240,2.5,6.3,493,734,103,59,59,265,724,366,19,15,96
GVESTA,2009,8,14,16,30.6,30.5,13.4,11.3,8.69,18.5,53,0,972.1,272,2.3,5.1,317,601,92,62,47,108,648,360,29,15,96
GVESTA,2009,8,14,17,29.7,37.1,15.5,13.5,10.08,19.2,55.6,0,972.1,311,2.3,5.7,130,281,71,92,36,36,323,374,45,15,96
GVESTA,2009,8,14,18,28.6,40.3,15.8,13.8,10.27,19.1,55,0,972.5,5,1.2,3.2,18,39,14,19,8,8,47,350,13,15,96
GVESTA,2009,8,14,19,25.7,51.6,17,15,11.06,18.8,54,0,973.3,39,1.5,2.8,0,0,0,0,0,0,0,342,0,15,96
GVESTA,2009,8,14,20,25.3,52.2,16.8,14.8,10.92,18.5,53.3,0,973.9,24,1.2,2,0,0,0,0,0,0,0,339,0,15,96
GVESTA,2009,8,14,21,24.6,54.8,16.9,14.9,10.98,18.3,52.7,0,974.2,337,0.8,2.1,0,0,0,0,0,0,0,337,0,15,96
GVESTA,2009,8,14,22,23,60.7,17.1,15,11.11,17.9,51.4,0,974.7,333,1.3,2.5,0,0,0,0,0,0,0,334,0,15,96
GVESTA,2009,8,14,23,22.1,62.1,16.5,14.5,10.71,17.3,49.4,0,974.9,360,1.4,2.6,0,0,0,0,0,0,0,331,0,15,96
GVESTA,2009,8,15,0,21.4,66.9,17,15,11.04,17.3,49.6,0,975,351,0.7,2.5,0,0,0,0,0,0,0,329,0,16,96
GVESTA,2009,8,15,1,20.9,65.9,16.3,14.3,10.58,16.7,47.9,0,975,304,0.4,1.3,0,0,0,0,0,0,0,328,0,16,96
GVESTA,2009,8,15,2,20.1,64.5,15.2,13.2,9.85,15.8,45.2,0,974.8,243,0.3,1,0,0,0,0,0,0,0,327,0,16,96
GVESTA,2009,8,15,3,19.6,65.7,15,13,9.72,15.6,44.4,0,974.7,270,0.4,1,0,0,0,0,0,0,0,327,0,16,96
GVESTA,2009,8,15,4,18.7,69,14.9,12.9,9.65,15.2,43.3,0,974.8,360,0.4,1.4,4,3,3,3,4,2,2,326,0,16,96
GVESTA,2009,8,15,5,18.5,73.1,15.6,13.6,10.11,15.5,44.2,0,975.2,338,0.6,1.8,109,319,53,98,351,27,27,327,0,16,96
GVESTA,2009,8,15,6,20.3,72.1,17.2,15.1,11.16,17,48.8,0,975.5,0,0.3,1.1,278,573,86,77,624,80,45,328,0,16,96
GVESTA,2009,8,15,7,21.7,63.2,16.4,14.4,10.64,17.1,48.9,0,975.5,51,0.7,2.8,454,702,106,60,718,236,60,328,0,16,96
GVESTA,2009,8,15,8,22.8,60.6,16.8,14.8,10.9,17.7,50.7,0,975.3,75,1.5,5.3,611,766,124,74,690,390,74,329,0,16,96
GVESTA,2009,8,15,9,24.1,57.2,17.2,15.1,11.17,18.3,52.7,0,975.3,55,1.3,4.4,746,837,121,81,589,522,82,330,0,16,96
GVESTA,2009,8,15,10,26.2,50.8,17.3,15.2,11.24,19,55,0,975,167,1.1,4.4,833,869,122,87,416,611,88,338,0,16,96
GVESTA,2009,8,15,11,28.5,41.6,16.2,14.2,10.51,19.2,55.5,0,974.7,213,1.7,4.6,873,899,113,88,172,649,147,353,0,16,96
GVESTA,2009,8,15,12,31.1,35.1,15.9,13.9,10.32,19.9,57.7,0,974.1,203,3.2,8.7,839,848,137,91,92,621,374,363,0,16,96
GVESTA,2009,8,15,13,33,27.7,13.9,11.9,9.01,19.5,56.3,0,973.7,219,4.3,9.2,747,763,163,92,93,536,544,361,0,16,96
GVESTA,2009,8,15,14,33.5,22.2,11.5,9,7.44,18.3,52.8,0,973.3,223,5,10.5,635,743,142,80,80,420,661,359,0,16,96
GVESTA,2009,8,15,15,33.9,22,11.6,9.2,7.5,18.5,53.3,0,973.1,222,4.5,12.6,493,730,108,62,63,272,728,357,0,16,96
GVESTA,2009,8,15,16,33.4,22.6,11.6,9.2,7.51,18.4,52.8,0,972.8,246,2.9,6.6,324,645,85,61,47,110,689,355,0,16,96
GVESTA,2009,8,15,17,33,20.3,10.2,7.3,6.59,17.5,50.1,0,972.8,276,2.1,5.3,145,406,61,108,31,31,445,353,6,16,96
GVESTA,2009,8,15,18,29.8,31.1,13,10.9,8.42,18,51.5,0,973.3,339,1.1,2.5,14,34,11,16,6,6,40,349,13,16,96
GVESTA,2009,8,15,19,26.5,38.9,13.5,11.4,8.74,17.2,49,0,973.9,17,1.5,3,0,0,0,0,0,0,0,340,0,16,96
GVESTA,2009,8,15,20,26,39.8,13.4,11.3,8.67,16.9,48.3,0,974.5,304,0.4,1.1,0,0,0,0,0,0,0,332,0,16,96
GVESTA,2009,8,15,21,24.6,43.6,13.5,11.4,8.73,16.5,47,0,974.9,297,0.6,1.6,0,0,0,0,0,0,0,330,0,16,96
GVESTA,2009,8,15,22,23.1,48.6,13.7,11.7,8.86,16.1,45.8,0,975.1,232,1.2,5.8,0,0,0,0,0,0,0,328,0,16,96
GVESTA,2009,8,15,23,22.3,51.1,13.7,11.7,8.86,15.8,45,0,975.2,278,0.9,3.4,0,0,0,0,0,0,0,326,0,16,96
GVESTA,2009,8,16,0,21.7,53,13.7,11.7,8.86,15.6,44.3,0,975.1,270,0.5,1.4,0,0,0,0,0,0,0,325,0,17,96
GVESTA,2009,8,16,1,21,55.7,13.8,11.8,8.93,15.4,43.8,0,975,304,0.5,1.2,0,0,0,0,0,0,0,324,0,17,96
GVESTA,2009,8,16,2,20.2,56.6,13.4,11.3,8.67,14.9,42.3,0,975,279,0.6,1.6,0,0,0,0,0,0,0,324,0,17,96
GVESTA,2009,8,16,3,19.4,59.4,13.4,11.3,8.67,14.6,41.5,0,975.2,247,0.7,1.8,0,0,0,0,0,0,0,332,26,17,96
GVESTA,2009,8,16,4,19.3,61.4,13.7,11.7,8.86,14.7,41.9,0,975.2,262,0.8,2.3,4,8,4,5,10,2,2,324,0,17,96
GVESTA,2009,8,16,5,18.6,66.7,14.3,12.3,9.25,14.8,42.2,0,975.6,279,0.7,1.6,106,307,53,94,339,27,27,328,19,17,96
GVESTA,2009,8,16,6,20.7,62.6,15.3,13.3,9.91,16.1,46,0,975.9,270,0.4,1.2,271,543,91,78,599,83,48,333,29,17,96
GVESTA,2009,8,16,7,22.9,56.5,15.8,13.8,10.24,17.2,49.1,0,975.7,217,0.5,2.4,459,737,96,58,743,240,58,326,6,17,96
GVESTA,2009,8,16,8,25.2,44.9,14.4,12.4,9.32,17.2,49.1,0,975.4,219,0.7,3,619,808,106,71,709,397,71,328,23,17,96
GVESTA,2009,8,16,9,27.2,39.4,14.2,12.2,9.19,17.8,50.8,0,975.2,215,1.3,4.2,715,732,171,95,570,512,95,366,55,17,96
GVESTA,2009,8,16,10,28.7,37.1,14.6,12.6,9.46,18.5,53,0,974.8,215,1.7,5.3,778,698,210,111,424,582,112,387,68,17,96
GVESTA,2009,8,16,11,30.6,33.2,14.6,12.6,9.46,19.1,55,0,974.3,223,2.4,7,791,652,241,125,215,597,197,401,71,17,96
GVESTA,2009,8,16,12,31.2,33.8,15.4,13.4,9.99,19.7,57,0,973.8,223,2,4.9,560,199,396,207,205,370,313,414,100,17,96
GVESTA,2009,8,16,13,31.9,33.4,15.8,13.8,10.26,20.1,58.4,0,973.5,223,1.8,8,598,369,315,160,159,414,413,413,81,17,96
GVESTA,2009,8,16,14,32,34,16.2,14.2,10.53,20.3,59.2,0,973.2,171,1.3,5.6,529,428,246,128,128,349,484,406,75,17,96
GVESTA,2009,8,16,15,32.6,31.2,15.4,13.4,10,20.1,58.4,0,972.9,214,2.4,7.1,407,433,188,98,98,233,518,404,75,17,96
GVESTA,2009,8,16,16,33.1,27.7,14,12,9.08,19.6,56.6,0,972.7,210,2.9,6.3,197,178,123,68,68,99,244,413,94,17,96
GVESTA,2009,8,16,17,31.2,33.6,15.3,13.3,9.94,19.6,56.8,0,972.4,258,2.1,5,40,48,31,28,17,17,67,418,100,17,96
GVESTA,2009,8,16,18,28.1,50,19,16.7,12.39,20.5,59.9,0,973,261,0.8,2.7,2,0,2,1,1,1,1,417,100,17,96
GVESTA,2009,8,16,19,28.2,39.4,15.1,13.1,9.8,18.6,53.4,0,973.7,263,2.7,8.8,0,0,0,0,0,0,0,412,100,17,96
GVESTA,2009,8,16,20,27.6,42.7,15.8,13.8,10.25,18.7,53.9,0,974.4,74,2.4,5.5,0,0,0,0,0,0,0,390,56,17,96
GVESTA,2009,8,16,21,26.6,48.3,16.8,14.8,10.9,18.9,54.6,0,975.2,337,1.3,3.9,0,0,0,0,0,0,0,345,13,17,96
GVESTA,2009,8,16,22,24.8,51.1,16,14,10.37,17.9,51.4,0,975.5,105,1.9,5.4,0,0,0,0,0,0,0,334,0,17,96
GVESTA,2009,8,16,23,26.2,38.3,13,10.9,8.4,16.8,47.8,0,975.2,128,3.4,9.2,0,0,0,0,0,0,0,330,0,17,96
GVESTA,2009,8,17,0,24.6,43.3,13.4,11.3,8.67,16.5,46.8,0,974.9,11,2.2,6,0,0,0,0,0,0,0,328,0,17,96
GVESTA,2009,8,17,1,21.6,55.8,14.4,12.4,9.33,16,45.4,0,974.9,16,2,3.6,0,0,0,0,0,0,0,327,0,17,96
GVESTA,2009,8,17,2,21.2,57.6,14.5,12.5,9.39,15.9,45.2,0,974.6,338,0.6,2.9,0,0,0,0,0,0,0,326,0,17,96
GVESTA,2009,8,17,3,20.2,61.6,14.6,12.6,9.46,15.6,44.3,0,974.5,337,0.9,2.5,0,0,0,0,0,0,0,325,0,17,96
GVESTA,2009,8,17,4,19.4,64.3,14.5,12.5,9.39,15.2,43.3,0,974.6,338,0.6,2.3,4,4,3,3,5,2,2,324,0,17,96
GVESTA,2009,8,17,5,18.8,68.1,14.8,12.8,9.59,15.1,43.2,0,975,338,0.6,1.9,103,301,52,91,333,27,27,323,0,17,96
GVESTA,2009,8,17,6,20.6,62.5,15.2,13.2,9.85,16,45.7,0,975.2,248,0.6,1.6,272,566,85,74,618,83,46,324,0,17,96
GVESTA,2009,8,17,7,22,58.9,15.6,13.6,10.11,16.7,47.8,0,975.2,63,0.5,2.2,448,699,105,61,716,243,61,327,0,17,96
GVESTA,2009,8,17,8,23.7,53.1,15.6,13.6,10.11,17.3,49.6,0,975,153,0.6,2.6,612,796,109,72,704,400,73,331,0,17,96
GVESTA,2009,8,17,9,25.1,49.2,15.7,13.7,10.18,17.9,51.2,0,974.8,67,1.2,4.1,740,832,125,85,593,532,85,337,0,17,96
GVESTA,2009,8,17,10,27.6,42.4,15.7,13.7,10.19,18.7,53.8,0,974.5,144,1.2,3.6,814,831,139,93,418,613,94,350,0,17,96
GVESTA,2009,8,17,11,29.5,38.8,16,14,10.39,19.4,56.2,0,973.9,80,1.4,5.3,845,839,141,96,184,646,159,366,19,17,96
GVESTA,2009,8,17,12,30.8,35.7,15.9,13.9,10.33,19.8,57.4,0,973.2,79,2.7,6,804,775,166,103,104,608,372,391,53,17,96
GVESTA,2009,8,17,13,31,35.6,16,14,10.4,19.9,57.8,0,972.8,85,2.3,5.3,586,360,308,159,158,409,399,409,81,17,96
GVESTA,2009,8,17,14,32.6,28.1,13.8,11.8,8.95,19.3,55.7,0,972.5,260,2.4,6.5,265,60,223,122,121,159,173,418,94,17,96
GVESTA,2009,8,17,15,33.2,24.6,12.5,10.3,8.1,18.8,54.2,0,972.2,250,2.9,6.3,126,1,125,71,70,70,71,421,100,17,96
GVESTA,2009,8,17,16,32.2,29.7,14.3,12.3,9.29,19.4,56.2,0,972.1,268,2.4,5.3,112,13,108,61,60,61,74,421,100,17,96
GVESTA,2009,8,17,17,31.5,34.1,15.8,13.8,10.27,20,58,0,972.4,291,3.1,6.7,67,40,60,43,33,33,75,402,88,17,96
GVESTA,2009,8,17,18,30.6,35.7,15.7,13.7,10.2,19.6,56.9,0,973,279,2,5.3,8,16,7,8,4,4,20,392,55,17,96
GVESTA,2009,8,17,19,28.6,41.9,16.4,14.4,10.66,19.4,56,0,973.7,243,1.1,3.2,0,0,0,0,0,0,0,398,71,17,96
GVESTA,2009,8,17,20,27.1,47.5,17,15,11.05,19.2,55.4,0,974,31,1,3.7,0,0,0,0,0,0,0,393,59,17,96
GVESTA,2009,8,17,21,25.8,52.3,17.4,15.3,11.31,19,54.8,0,974.3,338,0.6,1.7,0,0,0,0,0,0,0,391,68,17,96
GVESTA,2009,8,17,22,24.9,55.9,17.6,15.5,11.44,18.8,54.2,0,974.5,333,0.5,1.7,0,0,0,0,0,0,0,380,60,17,96
GVESTA,2009,8,17,23,23.5,62,17.9,15.8,11.64,18.5,53.3,0,974.5,297,0.7,2.7,0,0,0,0,0,0,0,375,46,17,96
GVESTA,2009,8,18,0,23.2,63.1,17.9,15.8,11.64,18.4,52.9,0,974.7,346,0.5,1.5,0,0,0,0,0,0,0,368,0,16,96
GVESTA,2009,8,18,1,22.8,63.8,17.7,15.6,11.5,18.1,52.2,0,974.7,338,0.6,2,0,0,0,0,0,0,0,349,0,16,96
GVESTA,2009,8,18,2,22.3,65,17.5,15.4,11.37,17.9,51.3,0,974.7,252,0.6,1.9,0,0,0,0,0,0,0,348,0,16,96
GVESTA,2009,8,18,3,21.9,66.6,17.5,15.4,11.37,17.7,50.9,0,974.8,270,0.5,1.8,0,0,0,0,0,0,0,347,23,16,96
GVESTA,2009,8,18,4,20.7,70.3,17.2,15.1,11.17,17.1,49.2,0,975.3,315,0.3,1.6,2,0,2,1,1,1,1,349,31,16,96
GVESTA,2009,8,18,5,20.5,71.6,17.3,15.2,11.23,17.1,49.1,0,975.6,281,0.7,3.4,93,246,49,74,277,25,25,358,31,16,96
GVESTA,2009,8,18,6,22.4,66.7,18.1,15.9,11.75,18.2,52.4,0,975.9,360,0.6,1.7,264,554,84,70,604,81,44,345,0,16,96
GVESTA,2009,8,18,7,23.8,60.5,17.8,15.7,11.55,18.5,53.3,0,976,45,0.8,3.6,436,675,107,59,694,238,59,347,0,16,96
GVESTA,2009,8,18,8,24.9,52.8,16.6,14.6,10.76,18.3,52.5,0,976.2,87,1.9,5.2,591,742,125,73,672,391,73,349,0,16,96
GVESTA,2009,8,18,9,26.2,51.4,17.5,15.4,11.35,19.1,55.3,0,976.2,90,2.1,5.3,723,808,127,81,576,522,82,350,0,16,96
GVESTA,2009,8,18,10,27.8,47.4,17.7,15.6,11.49,19.8,57.3,0,976.1,60,2.9,5.5,808,835,132,87,409,609,88,353,0,16,96
GVESTA,2009,8,18,11,29.3,42.9,17.5,15.4,11.36,20.1,58.5,0,975.7,92,3,6.3,839,840,137,91,176,642,155,363,0,16,96
GVESTA,2009,8,18,12,30,39.9,16.9,14.9,10.97,20.1,58.2,0,975.3,93,2.2,4.3,820,842,132,88,89,622,371,370,0,16,96
GVESTA,2009,8,18,13,31.2,36.3,16.5,14.5,10.71,20.2,58.8,0,974.8,81,2,3.9,748,824,125,82,82,546,548,366,0,16,96
GVESTA,2009,8,18,14,32,34.3,16.3,14.3,10.59,20.4,59.3,0,974.1,67,2.6,4.9,626,774,121,73,74,424,667,363,0,16,96
GVESTA,2009,8,18,15,33,31.4,15.8,13.8,10.26,20.4,59.5,0,973.5,83,2.5,5,473,709,107,61,61,273,710,360,0,16,96
GVESTA,2009,8,18,16,33.1,29.8,15.1,13.1,9.8,20.1,58.4,0,973.3,84,1.9,3.7,298,577,91,60,48,112,627,358,0,16,96
GVESTA,2009,8,18,17,32.5,36.7,17.9,15.8,11.65,21.3,62.5,0,973.4,63,0.9,2.7,128,346,59,90,30,30,384,369,25,16,96
GVESTA,2009,8,18,18,29.7,48.5,20.2,17.7,13.17,21.5,63.5,0,974,107,1.1,2.7,9,25,7,11,4,4,28,355,6,16,96
GVESTA,2009,8,18,19,28.5,50.7,19.8,17.3,12.9,20.9,61.6,0,974.6,45,0.9,3.4,0,0,0,0,0,0,0,353,0,16,96
GVESTA,2009,8,18,20,27.1,56.5,20.3,17.7,13.22,20.7,61,0,975.1,13,1.1,2.9,0,0,0,0,0,0,0,350,0,16,96
GVESTA,2009,8,18,21,26.3,57.7,19.7,17.3,12.82,20.3,59.1,0,975.6,40,1.6,2.9,0,0,0,0,0,0,0,348,0,16,96
GVESTA,2009,8,18,22,25.3,58.9,19,16.7,12.35,19.6,56.9,0,976,6,1.1,2.9,0,0,0,0,0,0,0,345,0,16,96
GVESTA,2009,8,18,23,25.1,60,19.1,16.8,12.41,19.6,56.9,0,976.3,279,0.7,2.1,0,0,0,0,0,0,0,343,0,16,96
GVESTA,2009,8,19,0,24,64.5,19.2,16.9,12.48,19.3,55.9,0,976.5,72,0.5,1.1,0,0,0,0,0,0,0,341,0,16,96
GVESTA,2009,8,19,1,23,66.8,18.8,16.5,12.21,18.7,54.2,0,976.8,326,0.4,1.2,0,0,0,0,0,0,0,342,0,16,96
GVESTA,2009,8,19,2,22.5,66.3,18.1,15.9,11.74,18.2,52.5,0,976.8,360,0.3,1.4,0,0,0,0,0,0,0,342,0,16,96
GVESTA,2009,8,19,3,22.1,67.5,17.9,15.8,11.61,18,51.7,0,976.7,360,0.3,1.3,0,0,0,0,0,0,0,342,0,16,96
GVESTA,2009,8,19,4,21.4,70,17.8,15.7,11.54,17.7,50.8,0,976.9,18,0.4,1.3,3,0,3,1,1,1,1,348,0,16,96
GVESTA,2009,8,19,5,20.8,71.7,17.6,15.5,11.41,17.4,49.9,0,977.2,307,0.5,1.2,95,266,50,78,297,25,26,346,6,16,96
GVESTA,2009,8,19,6,21.9,68.3,17.9,15.8,11.6,18,51.5,0,977.6,22,0.6,1.5,265,566,82,68,615,81,43,343,0,16,96
GVESTA,2009,8,19,7,23.6,58.9,17.2,15.1,11.14,18.1,52.1,0,977.8,50,0.8,2.2,431,664,110,59,686,241,60,345,0,16,96
GVESTA,2009,8,19,8,24.9,50.8,16,14,10.35,18,51.4,0,977.8,80,1.1,3,581,705,140,76,654,390,76,347,0,16,96
GVESTA,2009,8,19,9,26.4,52.8,18.2,16,11.8,19.5,56.6,0,977.7,97,1.6,4.9,705,747,155,87,561,515,87,353,0,16,96
GVESTA,2009,8,19,10,28.1,48.7,18.5,16.3,12,20.2,58.9,0,977.3,87,2,5.6,795,800,149,90,407,605,91,368,0,16,96
GVESTA,2009,8,19,11,29.3,46,18.8,16.5,12.2,20.7,60.7,0,976.9,92,2.3,6.3,841,858,126,88,172,648,147,386,0,16,96
GVESTA,2009,8,19,12,30.8,36.4,16.2,14.2,10.5,19.9,57.8,0,976.3,88,2.5,6.1,828,872,117,84,85,631,367,396,0,16,96
GVESTA,2009,8,19,13,31.9,32.7,15.5,13.5,10.04,19.9,57.8,0,975.8,97,2.7,5.7,753,851,112,78,79,553,554,391,0,16,96
GVESTA,2009,8,19,14,32.8,31.5,15.7,13.7,10.18,20.3,59.1,0,975.4,80,2.9,5.5,634,810,109,70,70,431,685,385,0,16,96
GVESTA,2009,8,19,15,33,34.3,17.3,15.2,11.23,21.1,62,0,975.1,54,3.1,5.9,472,727,99,58,58,274,720,380,0,16,96
GVESTA,2009,8,19,16,33.1,31.2,15.8,13.8,10.24,20.4,59.6,0,975.1,46,3.5,5.2,290,551,94,59,48,113,603,379,6,16,96
GVESTA,2009,8,19,17,32.6,28.9,14.2,12.2,9.19,19.5,56.3,0,975.2,29,2.1,3.9,121,323,61,88,31,30,362,385,19,16,96
GVESTA,2009,8,19,18,29.8,39.9,16.7,14.7,10.83,19.9,57.7,0,975.4,34,0.8,2.2,7,14,6,7,3,3,17,377,0,16,96
GVESTA,2009,8,19,19,28,42.3,16,14,10.36,19,54.6,0,976.3,281,1.1,4.5,0,0,0,0,0,0,0,390,40,16,96
GVESTA,2009,8,19,20,27.1,49.1,17.6,15.5,11.41,19.5,56.4,0,977.3,239,0.9,5.4,0,0,0,0,0,0,0,417,88,16,96
GVESTA,2009,8,19,21,25.7,54,17.8,15.7,11.53,19.1,55.2,0,977.9,339,1,2.8,0,0,0,0,0,0,0,413,94,16,96
GVESTA,2009,8,19,22,24.8,55.2,17.3,15.2,11.2,18.6,53.5,0,977.9,295,1.9,5.5,0,0,0,0,0,0,0,409,100,16,96
GVESTA,2009,8,19,23,25.8,47.2,15.7,13.7,10.15,18.1,51.8,0,977.5,231,2.4,4.5,0,0,0,0,0,0,0,379,59,16,96
GVESTA,2009,8,20,0,25.5,46.8,15.3,13.3,9.89,17.8,50.9,0,977.3,236,2.3,5.2,0,0,0,0,0,0,0,369,38,16,96
GVESTA,2009,8,20,1,24.3,51.6,15.7,13.7,10.16,17.6,50.3,0,977.3,248,1.4,3.1,0,0,0,0,0,0,0,345,0,16,96
GVESTA,2009,8,20,2,24,52.9,15.8,13.8,10.22,17.5,50.2,0,977.2,297,0.5,1.6,0,0,0,0,0,0,0,344,0,16,96
GVESTA,2009,8,20,3,22.9,56.1,15.7,13.7,10.16,17.1,48.9,0,977.2,309,0.7,2.1,0,0,0,0,0,0,0,347,0,16,96
GVESTA,2009,8,20,4,21.7,60.8,15.8,13.8,10.22,16.7,47.8,0,977.4,243,0.6,2.4,0,0,0,0,0,0,0,361,29,16,96
GVESTA,2009,8,20,5,20.9,64.3,15.9,13.9,10.28,16.5,47.1,0,977.6,259,0.6,2.1,87,211,52,68,243,27,27,358,23,16,96
GVESTA,2009,8,20,6,22.6,61,16.7,14.7,10.81,17.6,50.2,0,977.9,270,0.7,3,259,546,83,66,596,83,43,352,19,16,96
GVESTA,2009,8,20,7,25.1,49.5,15.8,13.8,10.21,17.9,51.3,0,977.9,297,0.6,2.4,438,707,97,56,716,246,57,341,0,16,96
GVESTA,2009,8,20,8,26.7,43,15.1,13.1,9.76,18.1,51.7,0,977.8,333,0.7,2.6,594,767,117,71,684,402,71,343,0,16,96
GVESTA,2009,8,20,9,28.6,38.5,15.1,13.1,9.76,18.7,53.7,0,977.7,281,0.9,3.1,725,821,123,80,579,534,81,354,0,16,96
GVESTA,2009,8,20,10,29.9,36.2,15.3,13.3,9.89,19.2,55.4,0,977.3,90,2.2,5.7,815,866,120,85,409,625,86,369,0,16,96
GVESTA,2009,8,20,11,31.8,31.8,15,13,9.7,19.6,56.8,0,976.7,45,1.9,5.6,843,853,135,90,175,657,156,387,0,16,96
GVESTA,2009,8,20,12,34.4,25.6,13.9,11.9,8.99,19.9,57.7,0,976,221,2.3,7.8,815,825,146,91,92,631,380,398,0,16,96
GVESTA,2009,8,20,13,36.8,16.8,10.4,7.6,6.7,18.7,54.3,0,975.4,212,6.7,12.1,743,815,134,84,84,555,554,392,0,16,96
GVESTA,2009,8,20,14,36.7,16,9.9,6.8,6.38,18.4,53.3,0,975,215,6.5,10.9,621,768,126,74,75,431,670,387,6,16,96
GVESTA,2009,8,20,15,36.6,18.4,11.3,8.8,7.3,19.2,55.6,0,974.6,228,4.8,10.2,453,631,129,69,69,275,654,400,44,16,96
GVESTA,2009,8,20,16,36.1,20.1,12,9.7,7.76,19.4,56.2,0,974.2,229,5.1,9.1,274,479,111,67,56,113,547,398,46,16,96
GVESTA,2009,8,20,17,34.8,21.3,11.9,9.5,7.69,18.9,54.7,0,974.2,243,4.7,8.9,121,337,56,84,29,29,374,391,31,16,96
GVESTA,2009,8,20,18,33.3,24,12.3,10,7.95,18.7,53.9,0,975,243,2.9,6.3,6,11,5,6,3,3,14,385,35,16,96
GVESTA,2009,8,20,19,31.3,28.9,13.2,11.1,8.53,18.6,53.3,0,975.7,212,4.1,7.7,0,0,0,0,0,0,0,400,63,16,96
GVESTA,2009,8,20,20,30.1,31,13.2,11.1,8.53,18.2,52.1,0,976.2,236,3.3,6,0,0,0,0,0,0,0,370,19,16,96
GVESTA,2009,8,20,21,29.2,32.4,13.1,11,8.46,17.9,51,0,976.6,242,2.1,5.3,0,0,0,0,0,0,0,352,0,16,96
GVESTA,2009,8,20,22,29.7,30,12.5,10.3,8.06,17.7,50.5,0,976.7,217,3.7,7.9,0,0,0,0,0,0,0,355,13,16,96
GVESTA,2009,8,20,23,28.2,33.6,12.9,10.7,8.33,17.4,49.6,0,976.7,220,3.4,6.4,0,0,0,0,0,0,0,353,19,16,96
GVESTA,2009,8,21,0,26.4,38.9,13.4,11.3,8.66,17.1,48.6,0,976.3,224,3,4.5,0,0,0,0,0,0,0,359,27,16,96
GVESTA,2009,8,21,1,25,44.3,14,12,9.05,17,48.2,0,975.9,221,1.9,3.5,0,0,0,0,0,0,0,364,36,16,96
GVESTA,2009,8,21,2,23.3,50,14.3,12.3,9.25,16.5,47,0,975.9,243,2.1,4.6,0,0,0,0,0,0,0,370,44,16,96
GVESTA,2009,8,21,3,24.1,48.3,14.5,12.5,9.38,16.9,48.1,0,975.8,225,3.5,4.8,0,0,0,0,0,0,0,375,52,16,96
GVESTA,2009,8,21,4,24.3,49,14.9,12.9,9.64,17.2,49,0,976.1,211,3.1,6.4,1,0,1,1,1,1,1,381,61,16,96
GVESTA,2009,8,21,5,23.3,53.7,15.4,13.4,9.96,17.1,48.8,0,977.2,301,1.3,3.3,58,106,41,41,129,22,22,386,69,16,96
GVESTA,2009,8,21,6,22.9,59.5,16.6,14.6,10.74,17.6,50.4,0,977.6,330,0.8,2.6,165,229,93,59,284,68,49,392,77,16,96
GVESTA,2009,8,21,7,24.8,56.6,17.7,15.6,11.46,18.8,54.1,0,978.1,265,1.5,4.4,279,290,140,74,356,163,74,397,86,16,96
GVESTA,2009,8,21,8,25.3,56.4,18.2,16,11.79,19.2,55.5,0,978.1,257,1.4,4.1,167,22,153,85,106,95,84,403,94,16,96
GVESTA,2009,8,21,9,25.3,56.7,18.3,16.1,11.85,19.2,55.6,0,978.8,349,2.2,4.8,132,0,132,74,73,72,73,409,100,16,96
GVESTA,2009,8,21,10,22.6,72,19.8,17.3,12.84,19.1,55.4,1.8,979.1,340,1.3,3.9,270,51,229,124,150,165,123,412,100,16,96
GVESTA,2009,8,21,11,23.9,68.7,20.4,17.8,13.25,19.8,57.8,0.1,977.9,330,1.4,3.8,585,261,369,191,240,406,226,408,75,16,96
GVESTA,2009,8,21,12,25.5,58.3,19,16.7,12.33,19.7,57.1,0,977.3,360,1.1,3.8,706,562,254,132,132,534,374,404,64,16,96
GVESTA,2009,8,21,13,26.6,54.2,18.9,16.6,12.28,19.9,58.1,0.1,976.6,128,1.3,4.6,694,687,182,97,98,524,517,391,55,16,96
GVESTA,2009,8,21,14,27.5,50.2,18.4,16.2,11.95,20,58.1,0,976.4,90,1.7,4.8,579,650,164,86,86,408,613,387,55,16,96
GVESTA,2009,8,21,15,28.5,43.8,17.1,15,11.09,19.7,57,0,976.3,300,2.4,5.8,420,538,151,77,77,258,590,387,58,16,96
GVESTA,2009,8,21,16,28.1,45.7,17.4,15.3,11.29,19.7,57.1,0,976.2,311,1.9,4.9,241,336,119,67,62,114,404,391,61,16,96
GVESTA,2009,8,21,17,27,49.4,17.6,15.5,11.42,19.5,56.3,0,976.5,338,1.9,4.8,75,98,60,52,33,32,133,392,68,16,96
GVESTA,2009,8,21,18,26.6,49.6,17.3,15.2,11.22,19.2,55.4,0,976.6,329,1.2,3.8,5,0,5,3,3,3,3,395,65,16,96
GVESTA,2009,8,21,19,25.3,53.6,17.3,15.2,11.21,18.7,54,0,977,98,1.2,3.6,0,0,0,0,0,0,0,394,65,16,96
GVESTA,2009,8,21,20,24.2,59.1,17.8,15.7,11.54,18.7,53.7,0,976.9,45,1.6,3.5,0,0,0,0,0,0,0,391,68,16,96
GVESTA,2009,8,21,21,24.3,58.3,17.7,15.6,11.48,18.6,53.7,0,976.8,7,1,2.1,0,0,0,0,0,0,0,381,68,16,96
GVESTA,2009,8,21,22,23.7,61.3,17.9,15.8,11.6,18.6,53.4,0,977.3,291,1,1.8,0,0,0,0,0,0,0,388,75,16,96
GVESTA,2009,8,21,23,23,64.7,18.2,16,11.8,18.4,53.2,0,977.2,293,0.8,2,0,0,0,0,0,0,0,386,71,16,96
GVESTA,2009,8,22,0,23,65.5,18.4,16.2,11.94,18.6,53.5,0,977,263,0.8,1.9,0,0,0,0,0,0,0,386,68,17,96
GVESTA,2009,8,22,1,22.6,67.6,18.5,16.3,12.01,18.5,53.3,0,976.9,225,0.9,1.7,0,0,0,0,0,0,0,385,81,17,96
GVESTA,2009,8,22,2,22.2,69.2,18.5,16.3,12,18.3,52.8,0,977.1,270,0.9,2.3,0,0,0,0,0,0,0,384,75,17,96
GVESTA,2009,8,22,3,21.4,71.8,18.3,16.1,11.87,18,51.7,0,977,253,1.4,3,0,0,0,0,0,0,0,376,68,17,96
GVESTA,2009,8,22,4,20.9,74.5,18.4,16.2,11.94,17.9,51.3,0,977,256,0.8,2,0,0,0,0,0,0,0,388,94,17,96
GVESTA,2009,8,22,5,21.4,72.7,18.5,16.3,12,18.1,52,0,977.1,8,0.8,2.3,55,79,41,36,104,22,22,381,75,17,96
GVESTA,2009,8,22,6,21.6,68.2,17.6,15.5,11.41,17.7,50.7,0,977.2,51,3.6,7.9,182,208,118,72,280,84,62,379,68,17,96
GVESTA,2009,8,22,7,21.7,67,17.4,15.3,11.27,17.6,50.5,0,977.5,47,5.8,9.9,388,495,150,77,557,236,77,380,55,17,96
GVESTA,2009,8,22,8,22.2,60.9,16.3,14.3,10.54,17.2,49.1,0,977.8,46,7.1,10.5,562,661,155,84,632,394,84,379,55,17,96
GVESTA,2009,8,22,9,23,54,15.2,13.2,9.82,16.9,48.1,0,977.9,43,7.4,11.2,669,649,194,105,521,504,105,375,55,17,96
GVESTA,2009,8,22,10,23.6,50.7,14.8,12.8,9.56,16.9,48.1,0,977.8,43,6.6,10.5,793,822,138,91,411,624,92,372,48,17,96
GVESTA,2009,8,22,11,24.4,46.8,14.3,12.3,9.24,16.9,48.1,0,977.4,46,5.3,9.3,804,758,179,103,193,640,173,379,55,17,96
GVESTA,2009,8,22,12,25.8,42.2,14,12,9.04,17.2,49,0,977.1,47,5.1,8.7,805,832,135,91,91,636,377,364,29,17,96
GVESTA,2009,8,22,13,26.2,39.6,13.5,11.4,8.72,17.1,48.6,0,976.7,42,4.6,8.4,724,785,142,87,88,554,547,360,33,17,96
GVESTA,2009,8,22,14,26.1,38.8,13.1,11,8.46,16.8,47.8,0,976.2,37,4.8,8.8,595,701,148,82,82,426,639,349,6,17,96
GVESTA,2009,8,22,15,26.4,38.9,13.4,11.3,8.66,17.1,48.6,0,976.1,39,5.5,9,455,691,111,63,63,280,703,344,0,17,96
GVESTA,2009,8,22,16,26.2,39.6,13.5,11.4,8.72,17.1,48.6,0,976.2,35,6.1,9.7,283,564,91,58,48,116,619,358,26,17,96
GVESTA,2009,8,22,17,24.8,43.1,13.5,11.4,8.72,16.6,47.2,0,976.6,36,6.2,10.2,105,257,59,73,31,30,295,371,53,17,96
GVESTA,2009,8,22,18,23.6,44.2,12.9,10.7,8.32,15.8,44.9,0,977.1,24,4.8,9.3,5,0,5,3,3,3,3,365,45,17,96
GVESTA,2009,8,22,19,22.1,44.3,11.8,9.4,7.6,14.7,41.5,0,977.6,24,5,9.4,0,0,0,0,0,0,0,369,59,17,96
GVESTA,2009,8,22,20,21.4,43.3,11,8.4,7.08,13.9,39.5,0,977.8,24,5.4,10.4,0,0,0,0,0,0,0,366,65,17,96
GVESTA,2009,8,22,21,21,47.4,11.8,9.4,7.6,14.2,40.4,0,978,23,4.6,9.3,0,0,0,0,0,0,0,359,53,17,96
GVESTA,2009,8,22,22,21.7,47.9,12.4,10.2,7.99,14.9,42.1,0,978.2,26,3.3,7.7,0,0,0,0,0,0,0,338,29,17,96
GVESTA,2009,8,22,23,20.7,51,12.4,10.2,7.99,14.5,41.1,0,977.9,43,5.3,9.9,0,0,0,0,0,0,0,329,25,17,96
GVESTA,2009,8,23,0,20.4,52.3,12.5,10.3,8.06,14.4,41,0,977.4,44,6.1,11.1,0,0,0,0,0,0,0,309,0,16,96
GVESTA,2009,8,23,1,19.9,53.6,12.4,10.2,8,14.2,40.3,0,977.1,27,3.6,9.4,0,0,0,0,0,0,0,308,0,16,96
GVESTA,2009,8,23,2,18.5,53.9,11.5,9,7.41,13.1,37.4,0,976.5,3,1.9,3.8,0,0,0,0,0,0,0,306,0,16,96
GVESTA,2009,8,23,3,18.1,54.9,11.4,8.9,7.35,12.9,36.8,0,976.3,3,2.1,5.7,0,0,0,0,0,0,0,305,0,16,96
GVESTA,2009,8,23,4,18.9,56.2,12.3,10,7.94,13.7,39.1,0,976.2,10,2.2,5.3,0,0,0,0,0,0,0,303,0,16,96
GVESTA,2009,8,23,5,18.2,62.8,13.1,11,8.46,14,39.7,0,976.3,18,2.4,7.6,87,257,47,69,286,24,24,306,0,16,96
GVESTA,2009,8,23,6,17.8,65.3,13.3,11.2,8.59,13.9,39.7,0,976.3,23,3.4,10.6,261,574,82,55,625,98,42,326,0,16,96
GVESTA,2009,8,23,7,18.1,66.6,13.8,11.8,8.92,14.3,40.8,0,976.2,46,6.6,11.8,439,712,102,57,726,262,57,348,19,16,96
GVESTA,2009,8,23,8,18.7,64.2,13.8,11.8,8.92,14.6,41.4,0,976.1,47,5.4,9.8,599,765,127,73,688,423,74,351,29,16,96
GVESTA,2009,8,23,9,19.9,59.2,13.7,11.7,8.86,15,42.5,0,975.5,45,4.9,8.9,752,874,120,79,607,573,80,327,0,16,96
GVESTA,2009,8,23,10,21.1,54.2,13.6,11.5,8.8,15.3,43.6,0,974.8,43,5,8.7,840,899,126,86,425,665,87,315,0,16,96
GVESTA,2009,8,23,11,23,47.7,13.4,11.3,8.67,15.9,45.2,0,974.2,49,4.4,7.9,836,840,146,92,178,670,163,323,0,16,96
GVESTA,2009,8,23,12,24.3,46.2,14,12,9.07,16.7,47.5,0,973.6,52,3.3,7.2,815,843,140,89,89,648,383,331,0,16,96
GVESTA,2009,8,23,13,25.1,42,13.4,11.3,8.69,16.6,47.4,0,972.8,54,4.1,6.9,731,792,146,86,86,563,553,331,0,16,96
GVESTA,2009,8,23,14,26.1,39.3,13.3,11.2,8.63,16.9,48.3,0,972,51,4.4,7.4,605,733,141,77,78,436,659,331,0,16,96
GVESTA,2009,8,23,15,26.5,38.4,13.3,11.2,8.63,17.1,48.7,0,971.5,47,4.1,6.9,455,689,114,62,62,284,703,331,0,16,96
GVESTA,2009,8,23,16,26.6,37.9,13.2,11.1,8.57,17.1,48.6,0,971.1,53,3.5,6,284,594,85,54,44,116,643,331,0,16,96
GVESTA,2009,8,23,17,26.6,39.7,13.8,11.8,8.97,17.4,49.6,0,970.9,38,2.5,4.7,113,344,54,81,27,27,380,336,0,16,96
GVESTA,2009,8,23,18,25.7,43.9,14.5,12.5,9.43,17.4,49.9,0,970.7,20,1.2,2.4,4,0,4,3,3,3,3,331,0,16,96
GVESTA,2009,8,23,19,24.5,48.4,14.9,12.9,9.69,17.2,49.3,0,971.1,330,0.9,1.9,0,0,0,0,0,0,0,330,0,16,96
GVESTA,2009,8,23,20,23.6,52.1,15.2,13.2,9.89,17.1,48.9,0,971.2,315,0.4,1.5,0,0,0,0,0,0,0,329,0,16,96
GVESTA,2009,8,23,21,22.6,55.7,15.3,13.3,9.95,16.8,48,0,971.4,270,0.5,1.4,0,0,0,0,0,0,0,329,0,16,96
GVESTA,2009,8,23,22,21.3,58.7,14.9,12.9,9.69,16.1,46,0,971.2,270,0.5,1.4,0,0,0,0,0,0,0,328,0,16,96
GVESTA,2009,8,23,23,20.3,61.7,14.7,12.7,9.56,15.6,44.7,0,971.1,238,1,1.5,0,0,0,0,0,0,0,327,0,16,96
GVESTA,2009,8,24,0,19.6,64,14.6,12.6,9.5,15.3,43.8,0,970.8,246,1,1.9,0,0,0,0,0,0,0,327,0,16,96
GVESTA,2009,8,24,1,19.3,64.7,14.5,12.5,9.43,15.2,43.3,0,970.8,270,0.5,1.3,0,0,0,0,0,0,0,328,0,16,96
GVESTA,2009,8,24,2,18.7,66.8,14.4,12.4,9.37,14.9,42.6,0,970.6,279,0.7,1.7,0,0,0,0,0,0,0,330,0,16,96
GVESTA,2009,8,24,3,18.4,68,14.4,12.4,9.37,14.8,42.3,0,970.3,286,0.8,1.5,0,0,0,0,0,0,0,331,0,16,96
GVESTA,2009,8,24,4,18.1,69.3,14.4,12.4,9.37,14.7,42,0,970,259,0.6,1.3,0,0,0,0,0,0,0,333,0,16,96
GVESTA,2009,8,24,5,17.7,72.5,14.7,12.7,9.57,14.7,42,0,970.1,297,0.7,2.3,82,234,46,63,263,23,24,334,0,16,96
GVESTA,2009,8,24,6,19.1,70.9,15.7,13.7,10.23,15.8,45.2,0,970,288,0.9,2.3,249,544,81,53,595,98,43,336,0,16,96
GVESTA,2009,8,24,7,21,65.1,16.2,14.2,10.57,16.7,48,0,969.8,0,0.4,1.8,427,705,96,56,714,259,56,338,0,16,96
GVESTA,2009,8,24,8,22.3,61.3,16.5,14.5,10.77,17.3,49.8,0,969.4,53,0.8,3.3,580,751,120,72,673,414,72,340,0,16,96
GVESTA,2009,8,24,9,24.5,55.5,17.1,15,11.17,18.4,53.1,0,969,180,1,6.3,714,829,117,79,578,549,80,342,0,16,96
GVESTA,2009,8,24,10,26.1,53.1,17.9,15.8,11.71,19.3,56.1,0,968.7,77,1.8,5.2,799,854,123,86,404,638,87,350,0,16,96
GVESTA,2009,8,24,11,28.9,45.1,18,15.8,11.79,20.2,59.2,0,967.9,174,2.1,6.9,817,825,143,92,175,662,161,364,0,16,96
GVESTA,2009,8,24,12,32.1,32.3,15.5,13.5,10.13,20,58.2,0,967.3,208,4.7,9.8,796,827,136,89,90,639,377,373,0,16,96
GVESTA,2009,8,24,13,33.3,28.3,14.5,12.5,9.47,19.9,57.8,0,966.7,199,4.7,9.4,702,740,157,91,92,545,527,381,35,16,96
GVESTA,2009,8,24,14,33.1,28.8,14.6,12.6,9.54,19.8,57.7,0,966.4,190,4,8,528,516,209,108,107,374,544,404,75,16,96
GVESTA,2009,8,24,15,32.3,31,15,13,9.81,19.8,57.6,0,966.1,236,2.7,6,135,3,133,75,74,74,77,421,100,16,96
GVESTA,2009,8,24,16,31.6,33.5,15.6,13.6,10.21,19.9,57.9,0,965.8,232,3.1,5.9,44,0,44,25,24,24,24,420,100,16,96
GVESTA,2009,8,24,17,31.2,35.2,16,14,10.49,20,58.2,0,965.1,245,2.4,5.4,106,268,61,74,31,31,308,394,65,16,96
GVESTA,2009,8,24,18,28.4,45.5,17.6,15.5,11.55,19.9,58.1,0,965.4,319,1.2,2.3,4,0,4,3,2,2,2,418,94,16,96
GVESTA,2009,8,24,19,27,52.3,18.6,16.4,12.21,20,58.3,0,965.9,27,0.6,2.1,0,0,0,0,0,0,0,414,100,16,96
GVESTA,2009,8,24,20,26.2,56.6,19.2,16.9,12.6,20,58.5,0,967,310,0.9,6,0,0,0,0,0,0,0,411,100,16,96
GVESTA,2009,8,24,21,23.9,50.8,15.1,13.1,9.84,17.1,49.1,2.1,969.2,293,2.8,11,0,0,0,0,0,0,0,408,100,16,96
GVESTA,2009,8,24,22,19.5,84.9,19.3,16.9,12.62,17.8,51.6,1.7,970.4,170,4.1,9.3,0,0,0,0,0,0,0,405,100,16,96
GVESTA,2009,8,24,23,19.7,86,19.8,17.3,12.94,18.1,52.6,1.5,971.9,195,2.9,7.5,0,0,0,0,0,0,0,402,100,16,96
GVESTA,2009,8,25,0,19.3,86.5,19.4,17,12.67,17.8,51.6,2.9,971.6,323,1.8,5.3,0,0,0,0,0,0,0,400,100,17,96
GVESTA,2009,8,25,1,19,87.6,19.3,16.9,12.6,17.6,51.1,1.1,971.7,318,2.4,5.9,0,0,0,0,0,0,0,399,100,17,96
GVESTA,2009,8,25,2,19,88.2,19.4,17,12.67,17.7,51.2,5.7,971.8,248,1.7,3.8,0,0,0,0,0,0,0,398,100,17,96
GVESTA,2009,8,25,3,19.1,87.1,19.2,16.9,12.55,17.7,51,3.9,970.8,284,1.2,4.5,0,0,0,0,0,0,0,397,100,17,96
GVESTA,2009,8,25,4,19.1,84.4,18.7,16.4,12.23,17.4,50.2,0.3,970,286,1.6,4.6,0,0,0,0,0,0,0,389,84,17,96
GVESTA,2009,8,25,5,18.3,88.1,18.5,16.3,12.09,17,49,0,970.2,247,1.6,3.6,36,30,31,22,48,17,17,383,88,17,96
GVESTA,2009,8,25,6,18.9,86,18.8,16.5,12.29,17.3,50.2,0,970.1,230,1.6,3.1,70,11,67,38,49,38,37,391,100,17,96
GVESTA,2009,8,25,7,19.5,83.9,19,16.7,12.43,17.7,51.1,0.1,970,250,1.5,3.8,254,153,179,95,249,156,94,390,88,17,96
GVESTA,2009,8,25,8,20.7,74.5,18.2,16,11.89,17.7,51,0,970.1,252,2.2,4.4,211,22,198,111,131,120,109,396,94,17,96
GVESTA,2009,8,25,9,21.7,68.7,17.8,15.7,11.62,17.8,51.4,0,970.2,255,1.6,3.3,466,210,313,164,319,317,162,398,100,17,96
GVESTA,2009,8,25,10,22.9,64.3,18,15.8,11.76,18.3,52.9,0,969.8,169,1.4,5.2,348,114,260,139,210,230,137,406,100,17,96
GVESTA,2009,8,25,11,23.2,64.8,18.4,16.2,12.02,18.6,53.9,0,970.3,45,1.2,2.9,141,0,141,80,79,78,79,409,100,17,96
GVESTA,2009,8,25,12,22.1,80.6,21.4,18.6,14.02,19.7,57.9,1.2,970.6,299,1.2,3.5,129,0,129,73,72,71,72,410,100,17,96
GVESTA,2009,8,25,13,21.4,87.3,22.3,19.2,14.63,19.9,58.7,1.8,970.5,338,0.7,2.5,363,139,264,139,138,240,248,406,100,17,96
GVESTA,2009,8,25,14,22.2,83.7,22.4,19.3,14.69,20.2,59.7,0,970.6,81,2.1,4.8,378,144,287,153,152,240,283,408,100,17,96
GVESTA,2009,8,25,15,22.9,78.2,21.8,18.9,14.29,20.2,59.4,0,970.5,13,1.2,2.8,149,42,126,69,68,88,110,407,100,17,96
GVESTA,2009,8,25,16,23.2,76.3,21.7,18.8,14.23,20.2,59.5,0,970.4,25,1.5,5.4,193,188,134,75,70,96,268,401,88,17,96
GVESTA,2009,8,25,17,22.2,80.1,21.4,18.6,14.02,19.8,58,0,970.9,41,2.3,4.6,25,1,25,14,14,14,15,405,100,17,96
GVESTA,2009,8,25,18,21.7,81.5,21.1,18.4,13.82,19.5,56.9,0.1,970.8,34,1.8,3.8,1,0,1,1,1,1,1,404,100,17,96
GVESTA,2009,8,25,19,21.7,80,20.8,18.1,13.61,19.3,56.4,0,971.3,17,1.5,3.1,0,0,0,0,0,0,0,403,100,17,96
GVESTA,2009,8,25,20,21.1,82,20.5,17.9,13.39,19,55.2,3.1,973,146,1.7,6.2,0,0,0,0,0,0,0,401,100,17,96
GVESTA,2009,8,25,21,20,86.6,20.3,17.7,13.25,18.5,53.7,4.3,973.5,249,1.8,3.8,0,0,0,0,0,0,0,400,100,17,96
GVESTA,2009,8,25,22,19.8,86.6,20,17.5,13.05,18.3,53,1.6,973.3,96,1.6,3.5,0,0,0,0,0,0,0,398,100,17,96
GVESTA,2009,8,25,23,19.6,86.6,19.7,17.3,12.86,18.1,52.3,1.1,972.8,306,1.4,3.2,0,0,0,0,0,0,0,397,100,17,96
GVESTA,2009,8,26,0,19.2,86.5,19.3,16.9,12.6,17.7,51.3,0.7,972.3,261,1.1,2.5,0,0,0,0,0,0,0,395,100,16,96
GVESTA,2009,8,26,1,19.1,87.1,19.2,16.9,12.53,17.7,51,0.6,972,270,0.9,2.1,0,0,0,0,0,0,0,392,100,16,96
GVESTA,2009,8,26,2,18.9,87.1,19,16.7,12.4,17.5,50.4,0.5,972.2,311,1,1.8,0,0,0,0,0,0,0,391,94,16,96
GVESTA,2009,8,26,3,18.8,85.4,18.5,16.3,12.07,17.2,49.5,0.4,972.2,279,0.6,1.5,0,0,0,0,0,0,0,393,100,16,96
GVESTA,2009,8,26,4,18.7,84.3,18.2,16,11.86,17,48.9,0.3,972.4,304,0.4,1.3,0,0,0,0,0,0,0,392,100,16,96
GVESTA,2009,8,26,5,19,83.8,18.4,16.2,11.99,17.2,49.5,1.1,972.8,288,0.4,0.9,28,3,27,16,18,15,15,392,100,16,96
GVESTA,2009,8,26,6,19.1,85.4,18.9,16.6,12.32,17.5,50.4,0,973.2,270,0.4,1,106,37,92,51,90,58,50,392,100,16,96
GVESTA,2009,8,26,7,19.3,84.9,19,16.7,12.38,17.6,50.8,0,973.8,270,1,2.4,177,18,168,94,111,99,93,396,100,16,96
GVESTA,2009,8,26,8,19.7,83.9,19.3,16.9,12.57,17.9,51.7,0,974.3,252,0.9,1.8,245,29,228,127,153,140,125,399,100,16,96
GVESTA,2009,8,26,9,20.3,80.3,19.1,16.8,12.43,18,52,0,974.5,72,1,2.8,180,3,178,101,102,100,99,403,100,16,96
GVESTA,2009,8,26,10,20.9,77.9,19.3,16.9,12.57,18.3,52.9,0,974.2,90,1.2,4.3,235,0,235,133,131,129,131,406,100,16,96
GVESTA,2009,8,26,11,21.7,73.2,19,16.7,12.38,18.4,53.3,0,973.9,90,1.6,4.7,295,10,287,161,161,166,160,410,100,16,96
GVESTA,2009,8,26,12,22.2,69.2,18.5,16.3,12.05,18.3,53,0,973.5,86,1.7,4.9,334,18,320,179,177,190,186,412,100,16,96
GVESTA,2009,8,26,13,22.8,64.7,17.9,15.8,11.65,18.3,52.6,0,973.3,101,1.7,3.9,420,203,278,153,151,278,296,409,94,16,96
GVESTA,2009,8,26,14,24.3,59.8,18.2,16,11.86,18.9,54.6,0,972.8,79,1.6,4.1,492,443,209,111,111,354,466,392,68,16,96
GVESTA,2009,8,26,15,24.4,58.7,18,15.8,11.73,18.8,54.4,0,972.6,73,1.5,3.9,299,213,200,106,106,183,318,398,88,16,96
GVESTA,2009,8,26,16,25.2,57.8,18.5,16.3,12.06,19.3,56.1,0,972.5,58,1.4,3.7,223,335,118,61,60,112,408,392,63,16,96
GVESTA,2009,8,26,17,24.5,62.6,19.2,16.9,12.53,19.5,56.5,0,972.6,61,2,4.4,93,249,52,61,27,27,283,364,13,16,96
GVESTA,2009,8,26,18,23.5,67.8,19.6,17.2,12.79,19.3,56.2,0,973.1,23,1.3,2.6,0,0,0,0,0,0,0,370,25,16,96
GVESTA,2009,8,26,19,22.4,72.9,19.8,17.3,12.91,19,55.3,0,974.1,21,1,2.3,0,0,0,0,0,0,0,395,74,16,96
GVESTA,2009,8,26,20,22.2,74.3,19.9,17.4,12.97,19,55.3,0,974.5,326,0.8,1.6,0,0,0,0,0,0,0,387,61,16,96
GVESTA,2009,8,26,21,21.7,76.1,19.7,17.3,12.83,18.8,54.4,0,975,275,1.3,2.9,0,0,0,0,0,0,0,376,35,16,96
GVESTA,2009,8,26,22,21.4,75.5,19.2,16.9,12.49,18.4,53.3,0,975,279,0.6,2.3,0,0,0,0,0,0,0,375,45,16,96
GVESTA,2009,8,26,23,20.9,77.9,19.3,16.9,12.56,18.3,52.9,0,975.3,207,0.7,1.7,0,0,0,0,0,0,0,370,53,16,96
GVESTA,2009,8,27,0,20.9,76.9,19,16.7,12.36,18.2,52.4,0,975.2,297,0.8,2,0,0,0,0,0,0,0,343,6,17,96
GVESTA,2009,8,27,1,20.6,76.4,18.5,16.3,12.03,17.8,51.3,0,975.2,261,0.8,2.4,0,0,0,0,0,0,0,342,0,17,96
GVESTA,2009,8,27,2,19.9,77.7,18.1,15.9,11.76,17.3,49.9,0,975.4,276,1.2,2.5,0,0,0,0,0,0,0,341,0,17,96
GVESTA,2009,8,27,3,19.6,77.2,17.6,15.5,11.43,17,48.7,0,975.5,292,1.1,2.7,0,0,0,0,0,0,0,340,0,17,96
GVESTA,2009,8,27,4,19.7,76.2,17.5,15.4,11.36,17,48.6,0,975.6,270,0.4,1.1,0,0,0,0,0,0,0,340,0,17,96
GVESTA,2009,8,27,5,18.4,81.1,17.2,15.1,11.16,16.3,46.8,0,976,297,1,2,70,185,42,49,212,22,22,339,0,17,96
GVESTA,2009,8,27,6,19.7,79.2,18.2,16,11.81,17.3,49.8,0,976.4,270,0.8,1.8,237,521,81,51,572,102,42,339,0,17,96
GVESTA,2009,8,27,7,21.5,73.2,18.8,16.5,12.21,18.2,52.6,0,976.7,225,0.7,2.3,413,683,99,57,697,265,57,341,0,17,96
GVESTA,2009,8,27,8,22.3,69.7,18.8,16.5,12.21,18.5,53.5,0,976.8,117,0.6,2.1,571,757,115,70,675,424,71,343,0,17,96
GVESTA,2009,8,27,9,23.5,62.8,18.2,16,11.81,18.6,53.7,0,976.4,72,1.4,3.8,704,830,114,79,575,560,79,345,0,17,96
GVESTA,2009,8,27,10,24.5,60.7,18.6,16.4,12.09,19.2,55.4,0,975.9,75,1.4,4.6,786,849,122,86,400,647,87,347,0,17,96
GVESTA,2009,8,27,11,25.8,56.5,18.8,16.5,12.23,19.6,57.1,0,975.2,60,1.5,3.8,812,845,130,90,169,677,157,350,0,17,96
GVESTA,2009,8,27,12,27.7,46.2,17.2,15.1,11.17,19.5,56.4,0,974.7,259,1.2,4.4,787,835,131,88,89,651,378,351,0,17,96
GVESTA,2009,8,27,13,29,40.2,16.1,14.1,10.45,19.3,55.9,0,974.1,225,2.1,5.8,706,793,134,84,84,567,549,351,0,17,96
GVESTA,2009,8,27,14,29.9,38.9,16.4,14.4,10.66,19.8,57.3,0,973.5,212,2.4,5.6,579,728,131,75,76,437,650,352,0,17,96
GVESTA,2009,8,27,15,29.9,37.9,16,14,10.4,19.6,56.7,0,973,215,2.2,5.7,427,666,110,61,61,284,681,352,0,17,96
GVESTA,2009,8,27,16,29.8,39.9,16.7,14.7,10.86,19.9,57.8,0,972.8,223,2,6,256,535,86,45,45,124,587,353,0,17,96
GVESTA,2009,8,27,17,29,44.2,17.7,15.6,11.53,20.1,58.6,0,972.9,227,2.2,4.7,91,262,49,60,25,25,295,353,19,17,96
GVESTA,2009,8,27,18,26.9,58.2,20.6,18,13.45,20.9,61.4,0,973.2,329,1.3,3.4,0,0,0,0,0,0,0,353,0,17,96
GVESTA,2009,8,27,19,26.2,61.1,20.7,18.1,13.51,20.7,60.8,0,973.7,34,0.4,1.5,0,0,0,0,0,0,0,352,0,17,96
GVESTA,2009,8,27,20,25.3,62,20,17.5,13.04,20.1,58.7,0,973.9,326,0.4,1.6,0,0,0,0,0,0,0,351,0,17,96
GVESTA,2009,8,27,21,23.7,62,18.2,16,11.84,18.7,54,0,974,360,0.7,1.5,0,0,0,0,0,0,0,350,0,17,96
GVESTA,2009,8,27,22,22.7,64.2,17.7,15.6,11.51,18.1,52.1,0,974,297,0.6,1.9,0,0,0,0,0,0,0,349,0,17,96
GVESTA,2009,8,27,23,21.6,67.8,17.5,15.4,11.38,17.6,50.6,0,973.9,240,0.8,1.9,0,0,0,0,0,0,0,347,0,17,96
GVESTA,2009,8,28,0,20.7,70.3,17.2,15.1,11.19,17.1,49.2,0,973.3,252,1,1.8,0,0,0,0,0,0,0,350,0,17,96
GVESTA,2009,8,28,1,20.2,72.5,17.2,15.1,11.19,17,48.7,0,973.3,265,1.2,2.7,0,0,0,0,0,0,0,347,0,17,96
GVESTA,2009,8,28,2,20.2,73.4,17.4,15.3,11.32,17.1,49.1,0,973.1,284,0.6,1.7,0,0,0,0,0,0,0,347,0,17,96
GVESTA,2009,8,28,3,19.3,76.2,17,15,11.06,16.6,47.5,0,973.1,256,0.9,1.8,0,0,0,0,0,0,0,350,0,17,96
GVESTA,2009,8,28,4,18.9,77.6,16.9,14.9,10.99,16.4,46.9,0,973.2,301,0.7,1.9,0,0,0,0,0,0,0,361,29,17,96
GVESTA,2009,8,28,5,18.8,78.6,17,15,11.05,16.4,46.9,0,973.5,278,0.8,2.1,52,80,41,35,105,22,23,368,44,17,96
GVESTA,2009,8,28,6,20,75.3,17.6,15.5,11.45,17.1,49.2,0,973.8,304,0.9,2.2,151,108,118,65,178,81,64,368,58,17,96
GVESTA,2009,8,28,7,21.6,70.5,18.2,16,11.84,18,51.8,0,974.1,306,0.9,2.3,228,102,179,97,200,139,96,381,71,17,96
GVESTA,2009,8,28,8,22.8,64.7,18,15.8,11.71,18.3,52.7,0,973.8,213,2,5.9,557,691,142,79,641,421,80,374,53,17,96
GVESTA,2009,8,28,9,24.9,57.4,18.1,15.9,11.78,19,55.1,0,973.6,209,3.1,7,660,675,185,99,542,528,99,376,40,17,96
GVESTA,2009,8,28,10,26.7,51.2,17.9,15.8,11.66,19.5,56.6,0,973.1,218,5,9.7,784,813,151,94,406,653,95,373,40,17,96
GVESTA,2009,8,28,11,27.3,47.9,17.4,15.3,11.32,19.4,56.4,0,973.2,230,4.2,10.1,713,589,240,130,195,577,204,381,53,17,96
GVESTA,2009,8,28,12,27,47.5,16.9,14.9,10.99,19.1,55.2,0,973.4,268,3.4,8.5,763,765,164,97,97,636,386,383,29,17,96
GVESTA,2009,8,28,13,27.1,44.9,16.1,14.1,10.46,18.7,54,0,973.3,254,3.9,8.2,703,797,131,84,84,571,551,358,6,17,96
GVESTA,2009,8,28,14,27.1,43.4,15.6,13.6,10.13,18.5,53.1,0,973.3,201,5.4,9.1,574,717,133,78,78,438,641,371,25,17,96
GVESTA,2009,8,28,15,27.1,42.3,15.2,13.2,9.87,18.3,52.4,0,973.5,213,5.5,8.8,318,308,174,93,93,204,390,389,68,17,96
GVESTA,2009,8,28,16,26,44.6,15,13,9.73,17.8,51,0,973.7,223,3.6,9.1,168,139,120,64,64,96,209,378,61,17,96
GVESTA,2009,8,28,17,25.2,44.3,14.2,12.2,9.21,17.1,48.8,0,973.7,254,2.1,9.6,41,44,32,22,18,17,63,397,75,17,96
GVESTA,2009,8,28,18,23.6,47.5,13.8,11.8,8.94,16.4,46.5,0,974.2,306,1.7,6,0,0,0,0,0,0,0,373,51,17,96
GVESTA,2009,8,28,19,23.5,46.6,13.5,11.4,8.73,16.1,45.9,0,975,279,1.4,3.1,0,0,0,0,0,0,0,345,6,17,96
GVESTA,2009,8,28,20,22.2,52.7,14.1,12.1,9.12,16,45.5,0,975.5,262,0.9,2.7,0,0,0,0,0,0,0,342,0,17,96
GVESTA,2009,8,28,21,21.5,56.9,14.6,12.6,9.45,16,45.6,0,975.8,333,0.4,1.6,0,0,0,0,0,0,0,361,0,17,96
GVESTA,2009,8,28,22,19.7,63.2,14.5,12.5,9.38,15.3,43.6,0,976,72,1.2,3.1,0,0,0,0,0,0,0,353,0,17,96
GVESTA,2009,8,28,23,19,63,13.8,11.8,8.92,14.7,41.7,0,976.2,248,1.2,2.3,0,0,0,0,0,0,0,333,0,17,96
GVESTA,2009,8,29,0,17.9,65.7,13.5,11.4,8.72,14,40.1,0,976.1,256,1,2.6,0,0,0,0,0,0,0,313,0,18,96
GVESTA,2009,8,29,1,17.3,67.8,13.4,11.3,8.66,13.8,39.3,0,976.2,243,0.8,2.9,0,0,0,0,0,0,0,310,0,18,96
GVESTA,2009,8,29,2,16.6,69.5,13.1,11,8.46,13.3,38.1,0,976.3,304,1,2.4,0,0,0,0,0,0,0,307,0,18,96
GVESTA,2009,8,29,3,16,72.2,13.1,11,8.46,13.1,37.5,0,976.3,301,0.7,1.7,0,0,0,0,0,0,0,310,0,18,96
GVESTA,2009,8,29,4,14.9,75.9,12.9,10.7,8.33,12.5,36,0,976.5,286,0.9,2.7,0,0,0,0,0,0,0,330,29,18,96
GVESTA,2009,8,29,5,14.8,75.9,12.8,10.6,8.26,12.4,35.7,0,977.2,347,1.1,3.2,67,193,38,44,218,20,20,335,50,18,96
GVESTA,2009,8,29,6,16.8,64.2,12.3,10,7.92,12.9,37,0,977.7,36,1.8,3.6,243,566,78,50,617,110,42,303,6,18,96
GVESTA,2009,8,29,7,17.9,55.2,11.3,8.8,7.27,12.7,36.4,0,977.6,52,3.4,8.1,423,704,102,60,721,285,60,317,25,18,96
GVESTA,2009,8,29,8,18.8,52.9,11.5,9,7.4,13.2,37.7,0,977.8,66,3.4,6,586,795,113,73,706,451,74,289,0,18,96
GVESTA,2009,8,29,9,19.8,45.8,10.6,7.8,6.82,13,37.2,0,977.8,62,3.6,7.3,714,827,131,86,592,587,87,287,19,18,96
GVESTA,2009,8,29,10,20.5,43.3,10.4,7.6,6.69,13.2,37.6,0,977.8,63,4,8,800,857,136,93,418,678,94,296,13,18,96
GVESTA,2009,8,29,11,21.4,37.7,9.6,6.4,6.17,13.1,37.2,0,977.5,37,2.6,8.2,833,870,138,96,178,714,170,286,0,18,96
GVESTA,2009,8,29,12,22,36.6,9.7,6.5,6.24,13.3,38,0,977.1,65,4.8,9,810,870,133,93,94,689,400,289,0,18,96
GVESTA,2009,8,29,13,22.4,35,9.5,6.2,6.11,13.4,38.1,0,976.8,66,4.6,8.1,735,863,119,84,85,607,584,288,0,18,96
GVESTA,2009,8,29,14,22.5,34.8,9.5,6.2,6.11,13.4,38.2,0,976.5,62,5.3,8.4,602,795,119,75,76,470,699,287,0,18,96
GVESTA,2009,8,29,15,22.4,29.8,8.1,3.9,5.2,12.5,35.8,0,976.4,59,4.7,8.5,442,725,102,61,61,305,734,286,0,18,96
GVESTA,2009,8,29,16,22.1,30.4,8.1,3.9,5.2,12.4,35.4,0,976.7,46,6,9.9,259,565,84,45,45,134,618,322,23,18,96
GVESTA,2009,8,29,17,21.7,30,7.8,3.4,5.01,12,34.6,0,976.6,17,3.7,8.3,80,207,50,53,26,26,240,333,40,18,96
GVESTA,2009,8,29,18,20.2,36.3,8.6,4.8,5.53,12,34.3,0,976.7,8,2.1,5.7,0,0,0,0,0,0,0,322,0,18,96
GVESTA,2009,8,29,19,18.9,40.8,8.9,5.3,5.72,11.6,33.5,0,976.9,9,1.8,3.5,0,0,0,0,0,0,0,320,16,18,96
GVESTA,2009,8,29,20,18.1,41.4,8.6,4.8,5.52,11.1,32.2,0,977.1,25,2.7,5.1,0,0,0,0,0,0,0,337,65,18,96
GVESTA,2009,8,29,21,18.1,41.4,8.6,4.8,5.52,11.1,32.2,0,977.3,9,1.9,3.9,0,0,0,0,0,0,0,318,6,18,96
GVESTA,2009,8,29,22,16.6,47.8,9,5.5,5.78,10.7,31.3,0,977.3,321,0.9,2.7,0,0,0,0,0,0,0,326,35,18,96
GVESTA,2009,8,29,23,17.1,45.1,8.8,5.1,5.65,10.8,31.5,0,977.1,14,2.5,7.3,0,0,0,0,0,0,0,311,40,18,96
GVESTA,2009,8,30,0,17.6,45.8,9.2,5.8,5.91,11.3,32.7,0,976.9,13,3.3,8.6,0,0,0,0,0,0,0,277,6,18,96
GVESTA,2009,8,30,1,16.6,47.8,9,5.5,5.78,10.7,31.3,0,976.8,352,0.8,3.7,0,0,0,0,0,0,0,278,0,18,96
GVESTA,2009,8,30,2,17,47.6,9.2,5.8,5.91,11,32.1,0,976.8,23,1.5,3.9,0,0,0,0,0,0,0,278,0,18,96
GVESTA,2009,8,30,3,15.7,53.2,9.5,6.2,6.11,10.6,31.2,0,976.8,9,1.3,2.9,0,0,0,0,0,0,0,279,0,18,96
GVESTA,2009,8,30,4,14.5,59.9,9.9,6.8,6.37,10.4,30.7,0,977.1,360,1.5,2.9,0,0,0,0,0,0,0,279,0,18,96
GVESTA,2009,8,30,5,14.4,64.1,10.5,7.7,6.75,10.8,31.5,0,977.4,17,1.4,6.6,65,176,41,45,203,21,22,294,23,18,96
GVESTA,2009,8,30,6,15.2,63,10.9,8.2,7.01,11.3,33,0,977.6,47,2,6.4,240,555,79,50,608,112,43,281,13,18,96
GVESTA,2009,8,30,7,16,60.6,11,8.4,7.08,11.8,34,0,977.7,65,3.1,7.1,423,730,94,57,739,290,58,284,0,18,96
GVESTA,2009,8,30,8,17,56.9,11,8.4,7.08,12.2,35,0,977.9,51,4.4,8.8,587,813,106,71,714,458,72,286,6,18,96
GVESTA,2009,8,30,9,17.7,53.3,10.8,8.1,6.95,12.3,35.4,0,977.9,39,4.4,8.4,695,774,152,91,575,578,92,289,6,18,96
GVESTA,2009,8,30,10,18.7,51.5,11.1,8.5,7.14,12.9,36.9,0,977.6,57,4.2,8.2,808,898,116,90,414,693,91,292,0,18,96
GVESTA,2009,8,30,11,20.5,44.5,10.7,8,6.88,13.4,38.1,0,977.4,58,3.6,7.3,821,855,141,97,177,710,172,301,0,18,96
GVESTA,2009,8,30,12,21.9,39.2,10.3,7.4,6.63,13.7,38.9,0,977.1,36,3.1,6.8,797,856,134,93,94,685,397,307,0,18,96
GVESTA,2009,8,30,13,22.6,35.3,9.7,6.5,6.24,13.6,38.6,0,976.6,48,3.2,7.5,721,847,121,85,85,603,578,305,0,18,96
GVESTA,2009,8,30,14,23.2,35.2,10,7,6.44,14,39.7,0,976.2,43,2.7,6.6,589,776,122,76,76,465,686,309,6,18,96
GVESTA,2009,8,30,15,23.2,34.5,9.8,6.7,6.31,13.9,39.4,0,976,67,2.6,5.2,429,694,107,62,62,301,711,302,0,18,96
GVESTA,2009,8,30,16,23.6,33.7,9.8,6.7,6.31,14,39.8,0,975.9,56,2.4,4.9,253,565,82,44,44,132,617,300,0,18,96
GVESTA,2009,8,30,17,23.5,35.3,10.2,7.3,6.57,14.2,40.4,0,975.7,39,1.5,3,83,272,43,55,23,23,302,322,6,18,96
GVESTA,2009,8,30,18,21.5,45.4,11.6,9.2,7.48,14.3,40.6,0,976,331,1.1,2.3,0,0,0,0,0,0,0,321,29,18,96
GVESTA,2009,8,30,19,21,48.7,12.1,9.8,7.81,14.4,40.9,0,976.3,281,0.6,2.2,0,0,0,0,0,0,0,296,0,18,96
GVESTA,2009,8,30,20,19.5,55.3,12.5,10.3,8.06,14.1,40.1,0,976.6,315,0.7,2,0,0,0,0,0,0,0,295,0,18,96
GVESTA,2009,8,30,21,18.1,57.9,12,9.7,7.74,13.3,37.8,0,976.7,309,0.7,1.9,0,0,0,0,0,0,0,314,0,18,96
GVESTA,2009,8,30,22,17.4,60.6,12,9.7,7.74,13,37.1,0,976.8,342,0.5,0.9,0,0,0,0,0,0,0,294,0,18,96
GVESTA,2009,8,30,23,16.4,63.2,11.8,9.4,7.6,12.4,35.7,0,977,351,0.6,1.8,0,0,0,0,0,0,0,293,6,18,96
GVESTA,2009,8,31,0,15.2,68.3,11.8,9.4,7.61,11.9,34.5,0,976.8,270,0.6,1.3,0,0,0,0,0,0,0,293,19,17,96
GVESTA,2009,8,31,1,14.9,69.6,11.8,9.4,7.61,11.8,34.2,0,976.7,315,0.6,1.5,0,0,0,0,0,0,0,294,0,17,96
GVESTA,2009,8,31,2,14.5,69.1,11.4,8.9,7.35,11.4,33.1,0,976.5,279,0.6,1.3,0,0,0,0,0,0,0,295,0,17,96
GVESTA,2009,8,31,3,14.1,68.5,11,8.4,7.09,11,32.1,0,976.1,304,0.8,1.6,0,0,0,0,0,0,0,296,0,17,96
GVESTA,2009,8,31,4,13.5,69.3,10.7,8,6.89,10.5,31,0,976.2,297,0.7,1.2,0,0,0,0,0,0,0,297,0,17,96
GVESTA,2009,8,31,5,13,72.1,10.8,8.1,6.96,10.3,30.6,0,976.6,333,0.4,1.4,64,193,38,43,218,20,20,298,0,17,96
GVESTA,2009,8,31,6,14.8,67.7,11.4,8.9,7.35,11.5,33.5,0,976.6,297,0.7,1.5,232,539,78,42,590,117,42,300,0,17,96
GVESTA,2009,8,31,7,17.1,63.8,12.4,10.2,8,13.1,37.5,0,976.5,360,0.3,2.3,409,699,97,57,712,284,57,306,0,17,96
GVESTA,2009,8,31,8,18.4,54.2,11.5,9,7.41,13,37.3,0,976.4,97,1,3.1,566,767,115,72,684,446,72,311,0,17,96
GVESTA,2009,8,31,9,19.7,50.7,11.6,9.2,7.48,13.7,38.8,0,976.1,86,1.6,4.3,699,839,113,80,579,585,81,317,0,17,96
GVESTA,2009,8,31,10,21.3,45.3,11.5,9,7.42,14.2,40.3,0,975.5,57,2.2,4.9,775,845,127,89,401,668,90,323,0,17,96
GVESTA,2009,8,31,11,22.5,40.7,11.1,8.5,7.17,14.4,40.8,0,974.7,81,2.2,4.5,803,849,130,92,168,699,162,338,0,17,96
GVESTA,2009,8,31,12,23.7,37.9,11.1,8.5,7.17,14.8,42.1,0,973.8,74,1.5,4.6,774,831,133,90,91,668,386,348,0,17,96
GVESTA,2009,8,31,13,24.9,39.8,12.5,10.3,8.1,16.1,45.7,0,972.8,69,1.1,3.6,695,807,127,84,84,584,558,346,0,17,96
GVESTA,2009,8,31,14,25.6,41.3,13.6,11.5,8.82,16.9,48.2,0,972.2,85,2.3,5.4,566,739,124,75,75,450,659,344,0,17,96
GVESTA,2009,8,31,15,26.2,41.2,14,12,9.09,17.4,49.5,0,971.9,78,2.4,4.8,408,652,109,61,61,289,672,343,0,17,96
GVESTA,2009,8,31,16,26,45,15.1,13,9.79,17.8,51,0,971.8,80,2.2,4.6,237,524,82,44,44,127,576,342,0,17,96
GVESTA,2009,8,31,17,25.5,49.2,16,13.9,10.39,18.2,52.2,0,971.9,77,1.8,4.5,74,206,43,45,23,23,235,344,0,17,96
GVESTA,2009,8,31,18,24.8,52.4,16.3,14.3,10.61,18.1,52,0,972.2,17,1.2,2.8,0,0,0,0,0,0,0,345,0,17,96
GVESTA,2009,8,31,19,24.3,55.3,16.7,14.7,10.87,18.1,52.1,0,972.4,360,0.5,1.8,0,0,0,0,0,0,0,343,0,17,96
GVESTA,2009,8,31,20,23.5,57.7,16.7,14.6,10.83,17.8,51.2,0,972.6,360,0.6,2.9,0,0,0,0,0,0,0,341,0,17,96
GVESTA,2009,8,31,21,22.2,60.5,16.3,14.1,10.57,17.1,49.2,0,972.8,239,0.7,2.5,0,0,0,0,0,0,0,339,0,17,96
GVESTA,2009,8,31,22,21.1,62.5,15.8,13.6,10.26,16.4,47.3,0,973,232,2.8,5.9,0,0,0,0,0,0,0,338,0,17,96
GVESTA,2009,8,31,23,19.7,64.2,14.9,12.7,9.68,15.4,44.3,0,973.1,229,3.9,5.8,0,0,0,0,0,0,0,336,0,17,96
GVESTA,2004,9,1,0,18.2,65.6,14,11.6,9.06,14.3,41.3,0,973.2,270,0.7,1.7,0,0,0,0,0,0,0,312,0,17,96
GVESTA,2004,9,1,1,16.7,67.2,13,10.6,8.41,13.1,38.1,0,973.2,270,0.3,1.5,0,0,0,0,0,0,0,289,0,17,96
GVESTA,2004,9,1,2,15.7,68.2,12.3,9.9,8,12.4,36,0,973.2,256,0.4,1.2,0,0,0,0,0,0,0,288,0,17,96
GVESTA,2004,9,1,3,14.8,68.9,11.7,9.2,7.57,11.7,34.1,0,973.3,243,0.2,1.1,0,0,0,0,0,0,0,287,0,17,96
GVESTA,2004,9,1,4,14.2,69.5,11.3,8.7,7.29,11.2,32.7,0,973.3,315,0.3,1,0,0,0,0,0,0,0,286,0,17,96
GVESTA,2004,9,1,5,14.4,69.4,11.4,8.9,7.38,11.3,33.2,0,973.3,270,0.4,1,67,202,36,38,228,19,20,285,0,17,96
GVESTA,2004,9,1,6,14.6,70.1,11.7,9.2,7.54,11.6,33.7,0,973.4,279,0.6,1.4,248,617,69,38,660,130,38,286,0,17,96
GVESTA,2004,9,1,7,15.7,67.7,12.1,9.7,7.82,12.3,35.6,0,973.4,342,0.3,2.5,427,756,85,53,749,305,54,290,0,17,96
GVESTA,2004,9,1,8,16.7,64.2,12.2,9.9,7.9,12.8,36.8,0,973.3,77,2.3,5.4,589,835,95,66,710,473,67,294,0,17,96
GVESTA,2004,9,1,9,17.7,60.6,12.3,10,7.96,13.3,38,0,973.2,56,3,7.1,714,875,103,77,579,607,78,298,0,17,96
GVESTA,2004,9,1,10,19,54.8,12,9.7,7.77,13.6,38.8,0,972.8,64,2.9,6.4,795,900,106,84,387,694,85,302,0,17,96
GVESTA,2004,9,1,11,20,53.2,12.4,10.2,8.04,14.2,40.5,0,972.3,68,2.7,6.7,818,896,112,87,154,720,161,307,0,17,96
GVESTA,2004,9,1,12,21,50,12.4,10.2,8.04,14.6,41.5,0,971.8,66,3,5.6,785,875,117,85,86,685,400,310,0,17,96
GVESTA,2004,9,1,13,21.8,48,12.5,10.3,8.11,15,42.5,0,971.6,68,3.2,6.4,704,862,107,77,78,599,583,312,0,17,96
GVESTA,2004,9,1,14,22.5,46.3,12.6,10.4,8.17,15.3,43.4,0,971.3,68,3.1,5.6,576,821,97,66,67,462,709,313,0,17,96
GVESTA,2004,9,1,15,22.9,45.5,12.7,10.5,8.24,15.5,44,0,971.1,59,2.2,4.1,414,743,85,53,53,294,743,314,0,17,96
GVESTA,2004,9,1,16,23,43.4,12.2,9.9,7.92,15.2,43.3,0,970.8,56,2.5,4.6,232,576,71,38,38,121,622,315,0,17,96
GVESTA,2004,9,1,17,22.9,43.4,12.1,9.8,7.85,15.1,43,0,971.1,42,1.5,3.4,65,258,33,46,17,17,280,316,0,17,96
GVESTA,2004,9,1,18,21.4,52.9,13.5,11.4,8.77,15.4,43.8,0,971.5,34,0.4,1.2,0,0,0,0,0,0,0,326,13,17,96
GVESTA,2004,9,1,19,21.4,56.5,14.4,12.4,9.35,15.9,45.3,0,972,270,0.3,1.4,0,0,0,0,0,0,0,316,0,17,96
GVESTA,2004,9,1,20,20.5,60.1,14.5,12.5,9.42,15.6,44.5,0,972.4,0,0.2,1.1,0,0,0,0,0,0,0,315,0,17,96
GVESTA,2004,9,1,21,19.3,63.9,14.3,12.3,9.28,15.1,42.9,0,972.8,270,0.2,1,0,0,0,0,0,0,0,313,0,17,96
GVESTA,2004,9,1,22,18.1,67.1,13.9,11.9,9.01,14.4,41,0,973,259,0.5,1.2,0,0,0,0,0,0,0,312,0,17,96
GVESTA,2004,9,1,23,17.5,67,13.4,11.3,8.68,13.8,39.6,0,973.4,270,0.2,1.2,0,0,0,0,0,0,0,311,0,17,96
GVESTA,2004,9,2,0,17,68.2,13.2,11.1,8.55,13.5,38.7,0,973.5,0,0,0.9,0,0,0,0,0,0,0,314,6,18,96
GVESTA,2004,9,2,1,16.2,70.8,13,10.9,8.42,13.1,37.6,0,973.4,315,0.1,1.1,0,0,0,0,0,0,0,318,13,18,96
GVESTA,2004,9,2,2,16.8,66.8,12.8,10.6,8.29,13.2,37.9,0,973.3,0,0,0,0,0,0,0,0,0,0,311,0,18,96
GVESTA,2004,9,2,3,16.3,68.1,12.6,10.4,8.15,12.9,37,0,973.7,270,0.1,1.1,0,0,0,0,0,0,0,312,0,18,96
GVESTA,2004,9,2,4,15.8,69.8,12.5,10.3,8.09,12.6,36.3,0,973.7,270,0.1,1,0,0,0,0,0,0,0,312,0,18,96
GVESTA,2004,9,2,5,14.9,73.9,12.5,10.3,8.08,12.3,35.4,0,974.2,262,0.7,1.8,66,204,35,36,229,19,19,313,0,18,96
GVESTA,2004,9,2,6,16.2,73.7,13.6,11.5,8.8,13.4,38.6,0,974.6,360,0.3,1.3,238,589,69,39,633,130,39,314,0,18,96
GVESTA,2004,9,2,7,17.8,72.1,14.7,12.7,9.53,14.7,42,0,974.6,37,0.5,2.4,413,723,89,56,723,302,56,319,0,18,96
GVESTA,2004,9,2,8,18.9,65.5,14.3,12.3,9.26,14.9,42.5,0,974.5,81,1.3,2.8,574,817,93,68,696,470,69,323,0,18,96
GVESTA,2004,9,2,9,19.8,61.1,14.1,12.1,9.13,15.1,43.1,0,974.4,90,1.4,3.5,697,854,103,80,569,602,81,327,0,18,96
GVESTA,2004,9,2,10,21.2,55,13.8,11.8,8.94,15.5,44,0,973.9,107,1.6,3.6,776,880,105,87,380,688,88,332,0,18,96
GVESTA,2004,9,2,11,22.5,53.9,14.7,12.7,9.53,16.4,46.9,0,973.7,85,1.2,3.7,794,862,119,91,158,709,165,336,0,18,96
GVESTA,2004,9,2,12,23.8,51.1,15.1,13.1,9.8,17.1,48.9,0,973.4,82,1.5,3.9,771,879,104,86,87,683,394,340,0,18,96
GVESTA,2004,9,2,13,25.1,49.5,15.8,13.8,10.27,17.9,51.4,0,972.9,96,1.8,3.6,644,686,168,99,99,547,522,351,13,18,96
GVESTA,2004,9,2,14,25.9,48.1,16.1,14.1,10.46,18.3,52.7,0,973.1,90,2.2,4.4,477,466,210,107,107,371,517,374,45,18,96
GVESTA,2004,9,2,15,26.4,49.5,17,15,11.06,19,54.8,0,973,110,2.1,4.2,395,701,89,55,55,287,709,348,0,18,96
GVESTA,2004,9,2,16,26.2,51.1,17.4,15.3,11.32,19.1,55.2,0,973.5,111,1.9,3.5,220,553,68,38,38,119,598,350,0,18,96
GVESTA,2004,9,2,17,25.1,56,17.8,15.7,11.58,19,54.8,0,973.5,108,1.7,3.2,53,151,32,32,17,17,173,388,63,18,96
GVESTA,2004,9,2,18,24.3,58.7,17.8,15.7,11.58,18.7,53.9,0,974,72,1,2,0,0,0,0,0,0,0,402,88,18,96
GVESTA,2004,9,2,19,24,57.1,17.1,15,11.11,18.2,52.4,0,974.8,90,0.8,1.7,0,0,0,0,0,0,0,368,33,18,96
GVESTA,2004,9,2,20,23.6,59.3,17.3,15.2,11.23,18.2,52.3,0,975.6,297,0.3,1.9,0,0,0,0,0,0,0,348,0,18,96
GVESTA,2004,9,2,21,22.7,62.6,17.3,15.2,11.22,17.9,51.4,0,976.2,270,0.1,1.2,0,0,0,0,0,0,0,346,0,18,96
GVESTA,2004,9,2,22,20.9,69,17.1,15,11.09,17.1,49.2,0,976.4,270,0.4,1.6,0,0,0,0,0,0,0,349,13,18,96
GVESTA,2004,9,2,23,19.6,72.4,16.5,14.5,10.69,16.4,46.8,0,976.7,257,1,2.4,0,0,0,0,0,0,0,354,25,18,96
GVESTA,2004,9,3,0,19.5,71.4,16.2,14.2,10.49,16.2,46.2,0,977.1,270,0.5,1.3,0,0,0,0,0,0,0,346,12,18,96
GVESTA,2004,9,3,1,19.3,70.9,15.9,13.9,10.29,15.9,45.5,0,977.2,284,0.5,1.4,0,0,0,0,0,0,0,337,0,18,96
GVESTA,2004,9,3,2,19.4,69.6,15.7,13.7,10.15,15.9,45.3,0,977.4,360,0.4,1.4,0,0,0,0,0,0,0,336,0,18,96
GVESTA,2004,9,3,3,19.4,68.7,15.5,13.5,10.02,15.8,44.9,0,977.5,315,0.1,0.9,0,0,0,0,0,0,0,334,0,18,96
GVESTA,2004,9,3,4,18.7,71.3,15.4,13.4,9.95,15.4,44,0,978,259,0.5,1.7,0,0,0,0,0,0,0,333,0,18,96
GVESTA,2004,9,3,5,18.7,72.2,15.6,13.6,10.07,15.6,44.3,0,978.7,315,0.2,1.3,61,178,35,33,202,19,19,332,0,18,96
GVESTA,2004,9,3,6,18.7,76.1,16.4,14.4,10.6,16,45.7,0,978.9,333,0.5,1.5,228,552,72,40,598,131,40,331,0,18,96
GVESTA,2004,9,3,7,20.1,74.4,17.5,15.4,11.32,17.1,48.9,0,979.3,63,0.5,2,406,717,86,56,716,303,56,334,0,18,96
GVESTA,2004,9,3,8,21.4,71.8,18.3,16.1,11.84,18,51.6,0,979.9,45,0.7,2.9,564,801,96,70,686,469,70,337,0,18,96
GVESTA,2004,9,3,9,22.5,64.6,17.6,15.5,11.38,18,51.6,0,979.8,70,1.5,3.2,688,846,103,81,564,603,82,341,0,18,96
GVESTA,2004,9,3,10,23.7,60.1,17.6,15.5,11.37,18.4,52.8,0,980.1,94,1.4,3.3,767,870,108,88,381,688,89,344,0,18,96
GVESTA,2004,9,3,11,25.2,54.2,17.4,15.3,11.25,18.8,54,0,979.8,124,1.4,3.4,790,867,114,91,156,714,166,347,0,18,96
GVESTA,2004,9,3,12,26,53.4,17.9,15.8,11.58,19.3,55.7,0,979.7,103,1.4,3.5,761,861,112,88,89,683,395,349,0,18,96
GVESTA,2004,9,3,13,27.4,48.5,17.7,15.6,11.45,19.6,56.8,0,978.9,96,1.9,3.9,677,830,109,81,82,592,573,350,0,18,96
GVESTA,2004,9,3,14,28.2,45.5,17.4,15.3,11.26,19.7,57.1,0,978.9,101,1.6,3.6,550,782,101,70,70,456,687,351,0,18,96
GVESTA,2004,9,3,15,28.6,44.7,17.5,15.4,11.32,19.9,57.7,0,978.9,90,1.9,3.3,390,699,88,55,55,290,708,351,0,18,96
GVESTA,2004,9,3,16,29.1,45.4,18.3,16.1,11.85,20.4,59.5,0,979,302,1.6,4.2,216,550,68,38,38,120,596,352,0,18,96
GVESTA,2004,9,3,17,27,52.6,18.8,16.5,12.18,20,58.2,0,979,77,2.1,3.7,57,163,36,34,20,20,187,360,13,18,96
GVESTA,2004,9,3,18,25.3,51.5,16.6,14.6,10.72,18.4,52.8,0,979.5,47,2.3,5.6,0,0,0,0,0,0,0,353,0,18,96
GVESTA,2004,9,3,19,25.1,54.9,17.5,15.4,11.31,18.8,54,0,980.3,51,1.6,4.5,0,0,0,0,0,0,0,350,0,18,96
GVESTA,2004,9,3,20,24.1,57.9,17.4,15.3,11.23,18.4,52.8,0,980.8,297,1.3,2.8,0,0,0,0,0,0,0,347,0,18,96
GVESTA,2004,9,3,21,24,58.6,17.5,15.4,11.29,18.4,52.9,0,981.3,270,0.2,1.5,0,0,0,0,0,0,0,344,0,18,96
GVESTA,2004,9,3,22,22.6,64.2,17.6,15.5,11.36,18,51.6,0,981.5,315,0.2,1.5,0,0,0,0,0,0,0,341,0,18,96
GVESTA,2004,9,3,23,22,65.8,17.4,15.3,11.22,17.7,50.6,0,981.8,104,0.4,1.4,0,0,0,0,0,0,0,339,0,18,96
GVESTA,2004,9,4,0,20.8,69.4,17.1,15,11.03,17.1,48.9,0,981.8,45,0.6,1.6,0,0,0,0,0,0,0,337,0,18,96
GVESTA,2004,9,4,1,20.6,70.3,17,15,10.96,17,48.5,0,981.8,259,0.5,1.7,0,0,0,0,0,0,0,335,0,18,96
GVESTA,2004,9,4,2,20.7,68.5,16.7,14.7,10.76,16.9,48.1,0,982.1,360,0.1,0.8,0,0,0,0,0,0,0,333,0,18,96
GVESTA,2004,9,4,3,20.8,67.6,16.6,14.6,10.69,16.9,48.1,0,982.1,360,0.1,0.8,0,0,0,0,0,0,0,332,0,18,96
GVESTA,2004,9,4,4,20,68.8,16.1,14.1,10.36,16.3,46.4,0,982.3,0,0,0.9,0,0,0,0,0,0,0,331,0,18,96
GVESTA,2004,9,4,5,19.7,71.5,16.4,14.4,10.56,16.4,46.6,0,982.7,0,0,0.9,59,181,33,32,205,18,18,330,0,18,96
GVESTA,2004,9,4,6,19.5,75.2,17.1,15,11.02,16.6,47.6,0,982.7,63,0.5,2,229,570,69,39,614,134,39,330,0,18,96
GVESTA,2004,9,4,7,20.5,73.5,17.7,15.6,11.41,17.4,49.6,0,982.6,77,0.9,2.3,404,716,87,55,716,307,56,333,0,18,96
GVESTA,2004,9,4,8,21.7,67.4,17.5,15.4,11.28,17.7,50.5,0,982.7,90,0.9,2.8,563,801,97,69,687,474,70,337,0,18,96
GVESTA,2004,9,4,9,22.8,65.5,18.2,16,11.73,18.4,52.8,0,982.9,61,2.2,5.5,689,855,101,79,565,610,80,341,0,18,96
GVESTA,2004,9,4,10,23.8,60.9,17.9,15.8,11.54,18.6,53.3,0,982.6,66,3.5,6.1,765,872,108,87,377,693,88,344,0,18,96
GVESTA,2004,9,4,11,25.7,51.3,16.9,14.9,10.89,18.7,53.6,0,982.1,46,3.3,6.7,789,875,110,89,152,720,164,348,0,18,96
GVESTA,2004,9,4,12,27,49.4,17.6,15.5,11.35,19.5,56.1,0,981.7,61,3.9,7.1,665,545,256,131,130,573,388,376,38,18,96
GVESTA,2004,9,4,13,27.1,52,18.7,16.4,12.08,20,58.1,0,981.4,58,3.7,6.8,569,454,260,132,131,468,455,402,75,18,96
GVESTA,2004,9,4,14,27.7,52.2,19.4,17,12.55,20.5,59.9,0,980.8,46,3.1,7,436,346,238,123,122,333,433,409,88,18,96
GVESTA,2004,9,4,15,27.9,49.9,18.8,16.5,12.16,20.3,59.1,0,980.7,61,4.4,7.6,364,589,118,65,65,270,631,384,50,18,96
GVESTA,2004,9,4,16,27.1,47.8,17.2,15.1,11.1,19.3,55.6,0,980.6,52,3.3,6.3,207,507,71,39,39,120,553,376,40,18,96
GVESTA,2004,9,4,17,27,47.8,17,15,10.98,19.2,55.2,0,980.3,31,1.8,3.7,53,148,34,31,19,18,170,383,50,18,96
GVESTA,2004,9,4,18,26.1,53.4,18.1,15.9,11.7,19.4,56.1,0,980.5,31,0.7,2.3,0,0,0,0,0,0,0,357,13,18,96
GVESTA,2004,9,4,19,25.2,54.2,17.4,15.3,11.24,18.8,54,0,980.6,53,0.6,2,0,0,0,0,0,0,0,345,0,18,96
GVESTA,2004,9,4,20,24.4,56.5,17.3,15.2,11.17,18.4,53,0,980.6,243,0.5,1.5,0,0,0,0,0,0,0,342,0,18,96
GVESTA,2004,9,4,21,23.3,60.8,17.4,15.3,11.23,18.1,52,0,980.9,256,0.4,1.5,0,0,0,0,0,0,0,338,0,18,96
GVESTA,2004,9,4,22,22,66.2,17.5,15.4,11.3,17.8,50.9,0,980.6,259,0.5,1.4,0,0,0,0,0,0,0,335,0,18,96
GVESTA,2004,9,4,23,21.5,67.4,17.3,15.2,11.17,17.5,50,0,980.5,252,0.3,1.6,0,0,0,0,0,0,0,332,0,18,96
GVESTA,2004,9,5,0,20.7,69.8,17.1,15,11.04,17.1,48.9,0,980.4,270,0.4,1.3,0,0,0,0,0,0,0,330,0,17,96
GVESTA,2004,9,5,1,20.6,69.4,16.8,14.8,10.85,16.9,48.3,0,980,315,0.2,1.1,0,0,0,0,0,0,0,327,0,17,96
GVESTA,2004,9,5,2,20.5,68.9,16.6,14.6,10.72,16.8,47.8,0,980.1,270,0.1,1,0,0,0,0,0,0,0,326,0,17,96
GVESTA,2004,9,5,3,20.3,68.4,16.3,14.3,10.52,16.5,47.1,0,980,0,0,0,0,0,0,0,0,0,0,325,0,17,96
GVESTA,2004,9,5,4,19.6,70.1,16,14,10.32,16.1,45.9,0,980,270,0.1,1,0,0,0,0,0,0,0,323,0,17,96
GVESTA,2004,9,5,5,18.7,72.2,15.6,13.6,10.06,15.6,44.3,0,980.4,270,0.1,0.9,57,170,33,29,192,18,18,322,0,17,96
GVESTA,2004,9,5,6,19,75.6,16.6,14.6,10.71,16.2,46.3,0,980.5,270,0.4,1.4,227,574,68,37,616,136,38,322,0,17,96
GVESTA,2004,9,5,7,20.9,71.2,17.6,15.5,11.37,17.4,49.9,0,980.5,90,0.2,2.5,403,726,85,53,721,310,53,326,0,17,96
GVESTA,2004,9,5,8,21.4,66,16.8,14.8,10.84,17.2,49.1,0,980.6,90,1.9,4,566,824,89,64,694,480,65,330,0,17,96
GVESTA,2004,9,5,9,22.3,62.5,16.8,14.8,10.85,17.5,50,0,980.1,59,2.4,5.8,690,871,94,75,563,615,75,334,0,17,96
GVESTA,2004,9,5,10,23.6,58.5,17,15,10.98,18.1,51.7,0,979.7,68,3.4,7.1,767,888,100,82,372,698,83,339,0,17,96
GVESTA,2004,9,5,11,24.4,55.4,16.9,14.9,10.92,18.3,52.4,0,979.2,61,3.6,6.7,788,883,107,85,147,722,159,343,0,17,96
GVESTA,2004,9,5,12,25.7,51,16.8,14.8,10.86,18.6,53.5,0,978.8,65,3.2,5.9,755,865,110,83,83,687,393,346,0,17,96
GVESTA,2004,9,5,13,26.5,48.3,16.7,14.7,10.8,18.9,54.2,0,978.2,69,3.1,6,668,823,112,77,78,593,570,344,0,17,96
GVESTA,2004,9,5,14,26.9,46.3,16.4,14.4,10.61,18.8,54.1,0,977.7,62,2.7,5,541,775,103,66,67,457,682,343,0,17,96
GVESTA,2004,9,5,15,27.4,45.5,16.6,14.6,10.75,19.1,55,0,977.1,54,3.5,6,380,684,92,53,53,289,695,342,0,17,96
GVESTA,2004,9,5,16,26.5,50.2,17.4,15.3,11.28,19.2,55.4,0,977.1,56,2.3,4.5,212,581,62,34,34,122,621,340,0,17,96
GVESTA,2004,9,5,17,25.7,56.5,18.7,16.4,12.14,19.5,56.8,0,976.7,339,1,2.5,40,158,21,23,11,11,172,339,0,17,96
GVESTA,2004,9,5,18,25.2,58.2,18.6,16.4,12.07,19.4,56.1,0,977,342,0.4,1.9,0,0,0,0,0,0,0,338,0,17,96
GVESTA,2004,9,5,19,24.1,58.7,17.6,15.5,11.4,18.5,53.3,0,977.5,262,0.7,1.8,0,0,0,0,0,0,0,337,0,17,96
GVESTA,2004,9,5,20,22.8,61.4,17.1,15,11.07,17.8,51.1,0,977.6,270,0.5,1.5,0,0,0,0,0,0,0,336,0,17,96
GVESTA,2004,9,5,21,22,65.3,17.3,15.2,11.2,17.6,50.6,0,977.7,262,0.7,1.8,0,0,0,0,0,0,0,335,0,17,96
GVESTA,2004,9,5,22,21.1,68.6,17.2,15.1,11.13,17.3,49.5,0,978,270,0.8,2,0,0,0,0,0,0,0,334,0,17,96
GVESTA,2004,9,5,23,20.8,67.2,16.5,14.5,10.67,16.8,48,0,978.2,270,0.1,0.9,0,0,0,0,0,0,0,333,0,17,96
GVESTA,2004,9,6,0,20.2,68.4,16.2,14.2,10.47,16.4,46.9,0,978.5,270,0.1,0.7,0,0,0,0,0,0,0,332,0,16,96
GVESTA,2004,9,6,1,19.3,69.6,15.6,13.6,10.08,15.8,45,0,978.3,243,0.5,1.2,0,0,0,0,0,0,0,331,0,16,96
GVESTA,2004,9,6,2,19.4,66.9,15.1,13.1,9.75,15.5,44.3,0,978.1,270,0.1,0.6,0,0,0,0,0,0,0,330,0,16,96
GVESTA,2004,9,6,3,19.2,67.3,15,13,9.69,15.4,43.9,0,978.2,270,0.2,1,0,0,0,0,0,0,0,330,0,16,96
GVESTA,2004,9,6,4,18.5,69,14.7,12.7,9.49,15,42.7,0,978.3,297,0.3,1.1,0,0,0,0,0,0,0,329,0,16,96
GVESTA,2004,9,6,5,17.9,71.1,14.6,12.6,9.43,14.7,41.9,0,978.1,243,0.3,1.4,55,169,32,27,191,17,17,328,0,16,96
GVESTA,2004,9,6,6,18.1,74,15.4,13.4,9.94,15.2,43.4,0,978.7,284,0.5,1.5,221,558,68,36,599,135,36,329,0,16,96
GVESTA,2004,9,6,7,20.2,67.1,15.9,13.9,10.27,16.3,46.4,0,978.7,0,0.6,3.2,393,702,88,51,699,306,52,332,0,16,96
GVESTA,2004,9,6,8,21,61.8,15.4,13.4,9.94,16.3,46.4,0,978.7,90,1.6,5,553,796,95,63,675,473,63,336,0,16,96
GVESTA,2004,9,6,9,22,58.5,15.5,13.5,10.01,16.7,47.6,0,978.6,74,1.9,4.5,676,845,101,72,550,606,73,340,0,16,96
GVESTA,2004,9,6,10,23.2,54.8,15.6,13.6,10.08,17.2,49,0,978.3,72,2,4.3,756,880,99,78,363,692,78,344,0,16,96
GVESTA,2004,9,6,11,24.5,53,16.3,14.3,10.54,18,51.5,0,977.8,98,1.5,3.5,778,878,104,80,140,717,153,348,0,16,96
GVESTA,2004,9,6,12,25.8,49.7,16.5,14.5,10.68,18.5,53.2,0,977.1,100,1.8,4.1,741,844,115,80,81,677,388,351,0,16,96
GVESTA,2004,9,6,13,26.5,49.6,17.2,15.1,11.15,19.1,55.1,0,976.7,82,1.6,4,656,809,114,74,75,586,560,350,0,16,96
GVESTA,2004,9,6,14,27.4,48.2,17.6,15.5,11.42,19.6,56.7,0,976.4,102,2,3.9,469,496,192,94,94,381,524,374,38,16,96
GVESTA,2004,9,6,15,27.8,48.7,18.2,16,11.82,20,58.1,0,976.2,76,1.2,3.1,280,254,169,87,87,196,337,388,60,16,96
GVESTA,2004,9,6,16,27.7,46.5,17.3,15.2,11.23,19.5,56.5,0,975.9,106,1.9,3.4,186,426,81,41,41,110,479,382,50,16,96
GVESTA,2004,9,6,17,27.1,50.4,18.1,15.9,11.75,19.7,57.2,0,975.9,11,1,2.4,36,129,21,20,11,11,144,378,45,16,96
GVESTA,2004,9,6,18,26.2,54.1,18.4,16.2,11.95,19.6,56.8,0,976.5,23,1.9,4.4,0,0,0,0,0,0,0,380,50,16,96
GVESTA,2004,9,6,19,26.2,56.6,19.2,16.9,12.47,20,58.1,0,977,45,0.7,2.1,0,0,0,0,0,0,0,346,0,16,96
GVESTA,2004,9,6,20,26,57.3,19.2,16.9,12.46,19.9,57.9,0,977.3,360,0.2,1.2,0,0,0,0,0,0,0,350,13,16,96
GVESTA,2004,9,6,21,25.2,60.1,19.2,16.9,12.46,19.7,57.1,0,977.8,45,0.2,1.3,0,0,0,0,0,0,0,340,0,16,96
GVESTA,2004,9,6,22,23.6,65.3,19,16.7,12.32,19,55.1,0,978.2,270,0.2,1.1,0,0,0,0,0,0,0,336,0,16,96
GVESTA,2004,9,6,23,22.4,68.8,18.7,16.4,12.12,18.5,53.3,0,978.6,252,0.3,1.4,0,0,0,0,0,0,0,334,0,16,96
GVESTA,2004,9,7,0,21.9,70.1,18.4,16.2,11.92,18.2,52.3,0,978.8,270,0.4,1.2,0,0,0,0,0,0,0,331,0,19,96
GVESTA,2004,9,7,1,21.8,69.2,18.1,15.9,11.72,18,51.7,0,978.7,45,0.2,1.2,0,0,0,0,0,0,0,329,0,19,96
GVESTA,2004,9,7,2,21,70.8,17.6,15.5,11.39,17.5,50.1,0,978.6,315,0.5,1.5,0,0,0,0,0,0,0,327,0,19,96
GVESTA,2004,9,7,3,21,68.6,17.1,15,11.06,17.2,49.2,0,978.6,360,0.2,1.2,0,0,0,0,0,0,0,325,0,19,96
GVESTA,2004,9,7,4,19.9,71.1,16.5,14.5,10.66,16.5,47.1,0,978.9,333,0.2,1.9,0,0,0,0,0,0,0,324,0,19,96
GVESTA,2004,9,7,5,18.9,73.7,16.1,14.1,10.39,15.9,45.4,0,979.6,297,0.3,1.3,59,169,36,29,194,20,20,329,13,19,96
GVESTA,2004,9,7,6,19.3,74.7,16.7,14.7,10.78,16.4,46.8,0,980.2,297,0.2,0.9,220,558,69,40,603,143,40,321,0,19,96
GVESTA,2004,9,7,7,20.9,72.6,18,15.8,11.63,17.6,50.6,0,980.4,281,0.5,1.5,399,734,83,55,729,323,56,324,0,19,96
GVESTA,2004,9,7,8,22.1,64.1,17,15,10.97,17.6,50.1,0,980.6,100,1.2,3.5,559,816,93,70,695,494,71,326,0,19,96
GVESTA,2004,9,7,9,22.8,59.9,16.6,14.6,10.71,17.6,50.2,0,980.7,90,1.3,4.3,684,865,99,82,570,631,83,328,0,19,96
GVESTA,2004,9,7,10,23.9,57.5,17.1,15,11.04,18.2,52.1,0,980.2,72,2.7,5.5,764,894,100,89,379,719,90,331,0,19,96
GVESTA,2004,9,7,11,24.8,53.8,16.8,14.8,10.85,18.4,52.6,0,979.7,73,3.2,5.7,784,883,110,93,155,742,170,333,0,19,96
GVESTA,2004,9,7,12,26,51.7,17.4,15.3,11.25,19,54.8,0,979.4,84,3,5,751,866,113,90,91,705,407,335,0,19,96
GVESTA,2004,9,7,13,26.6,50.2,17.5,15.4,11.32,19.3,55.6,0,979.1,72,2.6,5.4,666,836,109,83,83,612,584,336,0,19,96
GVESTA,2004,9,7,14,26.9,49.4,17.5,15.4,11.32,19.4,55.9,0,978.8,63,3.1,5.8,533,770,106,72,72,468,687,336,0,19,96
GVESTA,2004,9,7,15,27.3,43.8,15.9,13.9,10.27,18.7,53.7,0,978.5,63,3.9,6.9,373,695,88,55,55,298,707,337,0,19,96
GVESTA,2004,9,7,16,27.2,41.5,15,13,9.68,18.2,52.1,0,978.7,56,2.9,5.8,199,547,63,36,36,124,590,337,0,19,96
GVESTA,2004,9,7,17,26.3,47.3,16.2,14.2,10.47,18.5,53.1,0,978.9,30,1.6,3.3,36,150,20,21,11,10,165,338,0,19,96
GVESTA,2004,9,7,18,24.7,53.1,16.5,14.5,10.66,18.2,52,0,979.3,346,1.2,2.9,0,0,0,0,0,0,0,337,0,19,96
GVESTA,2004,9,7,19,24.9,51.8,16.3,14.3,10.52,18.1,51.8,0,979.9,270,0.4,1.1,0,0,0,0,0,0,0,335,0,19,96
GVESTA,2004,9,7,20,23.9,53.9,16,14,10.32,17.6,50.3,0,980.5,225,0.3,1.1,0,0,0,0,0,0,0,332,0,19,96
GVESTA,2004,9,7,21,22.7,56.5,15.6,13.6,10.05,17,48.4,0,981,270,0.2,1.2,0,0,0,0,0,0,0,330,0,19,96
GVESTA,2004,9,7,22,21.4,60.7,15.5,13.5,9.99,16.5,46.9,0,981,256,0.4,1.4,0,0,0,0,0,0,0,327,0,19,96
GVESTA,2004,9,7,23,20.5,65.4,15.8,13.8,10.18,16.3,46.5,0,981.3,270,0.3,1.1,0,0,0,0,0,0,0,325,0,19,96
GVESTA,2004,9,8,0,20.2,66.7,15.8,13.8,10.18,16.2,46.2,0,981.1,270,0.2,0.9,0,0,0,0,0,0,0,323,0,18,96
GVESTA,2004,9,8,1,19.9,67.5,15.7,13.7,10.11,16,45.7,0,981.3,270,0.1,1.1,0,0,0,0,0,0,0,321,0,18,96
GVESTA,2004,9,8,2,19.3,69.1,15.5,13.5,9.98,15.7,44.7,0,981.3,270,0.3,1.1,0,0,0,0,0,0,0,319,0,18,96
GVESTA,2004,9,8,3,19.3,67.8,15.2,13.2,9.78,15.5,44.2,0,981.5,360,0.2,1,0,0,0,0,0,0,0,317,0,18,96
GVESTA,2004,9,8,4,18.5,69,14.7,12.7,9.46,15,42.6,0,981.7,270,0.1,1.1,0,0,0,0,0,0,0,315,0,18,96
GVESTA,2004,9,8,5,16.9,74.8,14.4,12.4,9.26,14.2,40.4,0,982,256,0.8,1.4,51,165,29,24,185,16,16,313,0,18,96
GVESTA,2004,9,8,6,17.5,74.9,15,13,9.65,14.8,42,0.2,982.3,261,0.6,1.5,220,577,66,37,618,145,37,312,0,18,96
GVESTA,2004,9,8,7,19.7,69.6,16,14,10.3,16.1,45.9,0,982.5,315,0.4,1.8,398,738,82,53,731,326,54,315,0,18,96
GVESTA,2004,9,8,8,20.7,64.6,15.8,13.8,10.16,16.4,46.6,0.1,982.9,68,1.8,4.4,556,809,97,69,691,495,69,318,0,18,96
GVESTA,2004,9,8,9,21.7,58.5,15.2,13.2,9.77,16.4,46.7,0,982.5,58,3.5,7.4,683,863,101,79,565,634,80,320,0,18,96
GVESTA,2004,9,8,10,22.8,54,15,13,9.65,16.7,47.5,0,982.2,61,3.9,7.5,761,888,105,86,376,720,87,323,0,18,96
GVESTA,2004,9,8,11,24.2,50.6,15.3,13.3,9.84,17.3,49.4,0,982,57,3.4,6.6,785,893,108,89,148,747,167,325,0,18,96
GVESTA,2004,9,8,12,24.9,49.5,15.6,13.6,10.05,17.7,50.6,0,981.2,67,3.6,6.2,753,879,109,86,87,711,405,327,0,18,96
GVESTA,2004,9,8,13,25.6,49.3,16.2,14.2,10.45,18.3,52.4,0,980.7,58,3.3,7.1,665,840,109,80,80,615,584,326,0,18,96
GVESTA,2004,9,8,14,26.4,46.4,16,14,10.32,18.4,52.9,0,980.2,47,3.5,6.2,534,788,101,68,68,473,696,325,0,18,96
GVESTA,2004,9,8,15,26.7,43.6,15.3,13.3,9.86,18.2,52,0,980.3,59,3.6,6.4,370,692,89,54,54,299,704,324,0,18,96
GVESTA,2004,9,8,16,26.5,40.8,14.1,12.1,9.08,17.5,49.8,0,980,63,3.6,6.9,197,560,61,34,34,125,602,323,0,18,96
GVESTA,2004,9,8,17,25.2,39.1,12.5,10.3,8.03,16.2,45.8,0,980.2,43,2.6,5.6,34,147,18,19,10,10,161,322,0,18,96
GVESTA,2004,9,8,18,23.6,37.1,10.8,8.1,6.93,14.6,41.4,0,980.7,25,1.9,3.3,0,0,0,0,0,0,0,321,0,18,96
GVESTA,2004,9,8,19,23.8,37.6,11.1,8.5,7.12,14.9,42.1,0,981,34,1.5,3.1,0,0,0,0,0,0,0,328,13,18,96
GVESTA,2004,9,8,20,22.5,41.6,11.3,8.8,7.25,14.5,41.1,0,981.2,0,0.6,1.9,0,0,0,0,0,0,0,331,20,18,96
GVESTA,2004,9,8,21,20.9,48,11.9,9.5,7.64,14.3,40.4,0,981.2,248,0.6,1.8,0,0,0,0,0,0,0,322,13,18,96
GVESTA,2004,9,8,22,19.5,53.4,12.1,9.8,7.77,13.9,39.3,0,980.9,262,0.7,2.1,0,0,0,0,0,0,0,310,0,18,96
GVESTA,2004,9,8,23,19,57.8,12.7,10.5,8.16,14,39.8,0,981.2,252,0.4,1.3,0,0,0,0,0,0,0,308,0,18,96
GVESTA,2004,9,9,0,18.3,61.2,12.9,10.7,8.29,13.8,39.4,0,981.1,270,0.3,1.6,0,0,0,0,0,0,0,307,0,18,96
GVESTA,2004,9,9,1,17.9,62.7,12.9,10.7,8.29,13.7,39,0,981,270,0.3,1.2,0,0,0,0,0,0,0,305,0,18,96
GVESTA,2004,9,9,2,17.4,64.7,12.9,10.7,8.29,13.5,38.5,0,981.2,259,0.5,1.5,0,0,0,0,0,0,0,304,0,18,96
GVESTA,2004,9,9,3,17.2,65.6,12.9,10.7,8.29,13.4,38.3,0,981,248,0.5,1.5,0,0,0,0,0,0,0,304,0,18,96
GVESTA,2004,9,9,4,16.4,69,12.9,10.7,8.29,13.1,37.5,0,981.1,270,0.6,1.6,0,0,0,0,0,0,0,303,0,18,96
GVESTA,2004,9,9,5,15.8,72.6,13,10.9,8.35,13,37,0,981.3,270,0.4,1.4,49,171,28,22,191,15,15,311,13,18,96
GVESTA,2004,9,9,6,16.9,71.4,13.7,11.7,8.8,13.8,39.3,0,981.7,315,0.2,1.1,217,572,67,37,614,148,37,303,0,18,96
GVESTA,2004,9,9,7,18.9,63,13.7,11.7,8.8,14.6,41.3,0,981.7,97,1.6,4.6,395,734,84,53,728,329,53,307,0,18,96
GVESTA,2004,9,9,8,19.7,56.8,13,10.9,8.35,14.5,41,0,981.9,87,2.2,4.5,556,822,93,67,695,502,67,311,0,18,96
GVESTA,2004,9,9,9,20.4,55.1,13.2,11.1,8.48,14.8,42,0,981.7,70,2,4.7,681,869,99,77,565,639,78,315,0,18,96
GVESTA,2004,9,9,10,21.5,54.3,13.9,11.9,8.94,15.7,44.3,0,981.4,72,1.6,4.2,759,894,102,84,372,725,85,319,0,18,96
GVESTA,2004,9,9,11,22.7,49.8,13.7,11.7,8.81,16,45.2,0,980.6,69,1.7,4.2,777,879,114,88,151,745,166,323,0,18,96
GVESTA,2004,9,9,12,23.9,48.2,14.3,12.3,9.21,16.7,47.5,0,979.9,87,2.1,4.8,746,874,110,85,86,711,404,326,0,18,96
GVESTA,2004,9,9,13,24.3,48.7,14.8,12.8,9.55,17.1,48.7,0,979.1,71,2.5,5.2,661,848,104,77,78,618,585,326,0,18,96
GVESTA,2004,9,9,14,25,47.6,15.1,13.1,9.75,17.5,50,0,978.4,69,2.9,4.8,530,796,97,66,66,475,698,325,0,18,96
GVESTA,2004,9,9,15,25.5,47.1,15.4,13.4,9.95,17.8,51,0,977.9,69,2.8,5,366,700,85,52,52,300,709,325,0,18,96
GVESTA,2004,9,9,16,25.3,48.9,15.8,13.8,10.22,18,51.5,0,977.6,39,2.1,3.8,189,539,62,34,34,124,580,325,0,18,96
GVESTA,2004,9,9,17,25.1,49.5,15.8,13.8,10.21,17.9,51.3,0,977.9,20,1.5,2.8,31,139,18,18,9,9,152,325,0,18,96
GVESTA,2004,9,9,18,24.3,54.7,16.6,14.6,10.74,18.1,51.8,0,978.2,22,0.6,2,0,0,0,0,0,0,0,324,0,18,96
GVESTA,2004,9,9,19,23.4,59.2,17.1,15,11.06,18,51.7,0,978.5,288,0.3,1.2,0,0,0,0,0,0,0,323,0,18,96
GVESTA,2004,9,9,20,22.7,61.4,16.9,14.9,10.93,17.7,50.6,0,978.4,270,0.1,1,0,0,0,0,0,0,0,322,0,18,96
GVESTA,2004,9,9,21,21.7,63.6,16.5,14.5,10.67,17.1,48.9,0,978.4,270,0.2,1,0,0,0,0,0,0,0,321,0,18,96
GVESTA,2004,9,9,22,20.9,65.5,16.2,14.2,10.47,16.7,47.6,0,978.6,360,0.1,1.1,0,0,0,0,0,0,0,320,0,18,96
GVESTA,2004,9,9,23,19.9,68.3,15.9,13.9,10.27,16.2,46.1,0,979.1,270,0.2,1.1,0,0,0,0,0,0,0,320,0,18,96
GVESTA,2004,9,10,0,19.3,69.1,15.5,13.5,10,15.7,44.8,0,979.3,270,0.1,1,0,0,0,0,0,0,0,319,0,19,96
GVESTA,2004,9,10,1,18.6,70.8,15.2,13.2,9.81,15.3,43.6,0,979.1,333,0.3,1.2,0,0,0,0,0,0,0,319,0,19,96
GVESTA,2004,9,10,2,18.3,71.7,15.1,13.1,9.74,15.1,43.1,0,979.1,225,0.4,1.9,0,0,0,0,0,0,0,328,13,19,96
GVESTA,2004,9,10,3,17.8,72.5,14.8,12.8,9.55,14.8,42.1,0,979.2,270,1,2.6,0,0,0,0,0,0,0,321,0,19,96
GVESTA,2004,9,10,4,18.2,71.7,15,13,9.68,15,42.8,0,979.1,243,0.5,2,0,0,0,0,0,0,0,322,0,19,96
GVESTA,2004,9,10,5,17.1,75.8,14.8,12.8,9.55,14.5,41.4,0,979.2,270,0.7,2.1,42,165,22,12,181,18,12,335,20,19,96
GVESTA,2004,9,10,6,17.9,76.9,15.8,13.8,10.2,15.4,43.8,0,979.4,288,0.5,2.1,128,156,94,52,214,77,52,375,88,19,96
GVESTA,2004,9,10,7,20,72.9,17.1,15,11.06,16.8,48.2,0,979.2,338,0.6,2.1,282,235,179,96,327,207,95,387,100,19,96
GVESTA,2004,9,10,8,20.6,70.3,17,15,11,17,48.6,0,978.6,18,1.1,2.6,195,62,162,90,148,127,89,391,100,19,96
GVESTA,2004,9,10,9,21.5,62.3,16,14,10.34,16.8,47.9,0,978.1,333,1,4,364,137,270,147,240,261,146,395,100,19,96
GVESTA,2004,9,10,10,22.5,59,16.1,14.1,10.41,17.2,49.1,0,977.9,242,1.7,3.9,575,354,316,163,340,477,162,400,100,19,96
GVESTA,2004,9,10,11,24.2,54,16.3,14.3,10.55,17.9,51.2,0,977,245,1.5,4.7,649,502,272,140,206,581,217,389,75,19,96
GVESTA,2004,9,10,12,26.3,44.6,15.3,13.3,9.9,18,51.7,0,976.3,239,2.3,6.1,634,536,247,128,128,573,384,379,50,19,96
GVESTA,2004,9,10,13,27.4,37.9,13.8,11.8,8.92,17.7,50.3,0,975.8,225,3.1,7.1,520,395,263,136,135,438,423,392,75,19,96
GVESTA,2004,9,10,14,27.8,35.8,13.4,11.3,8.66,17.6,50.1,0,975.9,237,3.7,7.4,430,422,201,105,104,360,472,398,88,19,96
GVESTA,2004,9,10,15,27.3,37.4,13.6,11.5,8.79,17.5,49.9,0,975.6,232,3.2,5.9,270,280,163,87,86,199,368,397,88,19,96
GVESTA,2004,9,10,16,26.3,39.4,13.5,11.4,8.73,17.1,48.7,0,975.8,240,3.4,6.9,119,117,90,50,49,75,171,397,88,19,96
GVESTA,2004,9,10,17,25.6,41.9,13.7,11.7,8.86,17,48.3,0,975.9,224,3.3,6.7,28,105,18,16,10,10,117,392,80,19,96
GVESTA,2004,9,10,18,24.5,47.4,14.6,12.6,9.44,17.1,48.7,0,976.6,223,2.1,5,0,0,0,0,0,0,0,388,75,19,96
GVESTA,2004,9,10,19,24.3,45.9,13.9,11.9,8.98,16.7,47.3,0,977.1,225,2.3,5.7,0,0,0,0,0,0,0,392,88,19,96
GVESTA,2004,9,10,20,24.1,45.2,13.6,11.5,8.78,16.4,46.6,0,977,230,2.7,5.9,0,0,0,0,0,0,0,375,60,19,96
GVESTA,2004,9,10,21,22.8,50.5,14,12,9.04,16.2,45.9,0,977.4,90,1.4,4.7,0,0,0,0,0,0,0,369,55,19,96
GVESTA,2004,9,10,22,22.2,52.1,13.9,11.9,8.97,15.9,45.1,0,977.6,53,0.6,2.3,0,0,0,0,0,0,0,378,75,19,96
GVESTA,2004,9,10,23,22,47.4,12.5,10.3,8.06,15,42.6,0,977.4,234,2.5,7.7,0,0,0,0,0,0,0,381,83,19,96
GVESTA,2004,9,11,0,21.5,45.7,11.7,9.3,7.54,14.4,40.8,0,977.1,239,4.7,7.9,0,0,0,0,0,0,0,383,92,19,96
GVESTA,2004,9,11,1,20.8,47.4,11.6,9.2,7.47,14.1,39.9,0,977.5,243,4.3,7.8,0,0,0,0,0,0,0,386,100,19,96
GVESTA,2004,9,11,2,21.4,45.7,11.6,9.2,7.47,14.3,40.5,0,977.4,234,3.7,6.4,0,0,0,0,0,0,0,378,88,19,96
GVESTA,2004,9,11,3,21.1,47.1,11.8,9.4,7.6,14.3,40.5,0,977.2,236,2.9,4.9,0,0,0,0,0,0,0,383,100,19,96
GVESTA,2004,9,11,4,20.8,47.7,11.7,9.3,7.53,14.1,40,0,977.9,237,3.1,5.7,0,0,0,0,0,0,0,382,100,19,96
GVESTA,2004,9,11,5,20.5,48.9,11.8,9.4,7.6,14.1,39.9,0,978,243,3.1,6,43,155,24,13,173,20,13,370,80,19,96
GVESTA,2004,9,11,6,20.3,56.2,13.4,11.3,8.64,14.9,42.3,0,978.5,304,0.9,3.6,141,145,106,59,209,89,58,381,100,19,96
GVESTA,2004,9,11,7,20.4,55.1,13.2,11.1,8.51,14.8,42.1,0,978.5,18,0.7,2.7,303,324,163,87,400,237,87,378,88,19,96
GVESTA,2004,9,11,8,21.9,51.6,13.6,11.5,8.77,15.6,44.3,0,978.6,256,0.9,3.5,469,496,194,101,521,408,101,361,55,19,96
GVESTA,2004,9,11,9,23.6,46.6,13.6,11.5,8.77,16.2,46.1,0,977.9,247,1.5,4.3,577,527,228,119,468,519,118,364,55,19,96
GVESTA,2004,9,11,10,25.2,40.9,13.1,11,8.45,16.5,46.9,0,977.2,236,2.2,5.8,639,527,256,132,366,580,132,364,50,19,96
GVESTA,2004,9,11,11,26.5,34.8,12,9.7,7.74,16.4,46.4,0,976.6,249,3.9,7.7,480,262,284,155,222,385,156,401,100,19,96
GVESTA,2004,9,11,12,26.6,33.6,11.7,9.3,7.55,16.2,46,0,976.2,252,4.3,7.1,484,220,327,177,176,367,302,395,88,19,96
GVESTA,2004,9,11,13,26.8,32.1,11.3,8.8,7.29,16.1,45.5,0,975.8,257,4.7,8,526,419,256,132,132,451,437,387,75,19,96
GVESTA,2004,9,11,14,27.1,31.8,11.4,8.9,7.36,16.2,46,0,975.3,244,3.9,7,290,92,239,134,132,192,215,396,88,19,96
GVESTA,2004,9,11,15,26.3,35.9,12.3,10,7.95,16.4,46.7,0,975,238,3.5,7.1,298,408,140,74,74,239,476,384,68,19,96
GVESTA,2004,9,11,16,26.1,39.9,13.5,11.4,8.74,17,48.5,0,974.7,231,3.5,7,160,388,71,39,39,110,435,384,68,19,96
GVESTA,2004,9,11,17,25.6,42.2,13.8,11.8,8.93,17.1,48.5,0,974.8,222,2.5,5.3,30,94,22,18,12,12,109,396,88,19,96
GVESTA,2004,9,11,18,24.1,48.6,14.6,12.6,9.46,16.9,48.3,0,975,251,1.8,4.1,0,0,0,0,0,0,0,402,100,19,96
GVESTA,2004,9,11,19,23.9,49.5,14.7,12.7,9.52,16.9,48.3,0,975,235,3,5.5,0,0,0,0,0,0,0,400,100,19,96
GVESTA,2004,9,11,20,21.8,66.1,17.3,15.2,11.22,17.6,50.4,0.8,976.6,264,3.1,6.9,0,0,0,0,0,0,0,398,100,19,96
GVESTA,2004,9,11,21,20.2,78.8,18.6,16.4,12.07,17.7,50.9,1.8,977.3,250,3.4,8.4,0,0,0,0,0,0,0,396,100,19,96
GVESTA,2004,9,11,22,19.4,82.8,18.6,16.4,12.08,17.5,50.2,5.3,976.3,241,3.7,8,0,0,0,0,0,0,0,394,100,19,96
GVESTA,2004,9,11,23,19.2,80.2,17.8,15.7,11.55,17,48.6,0.7,976.6,235,2.1,5.2,0,0,0,0,0,0,0,392,100,19,96
GVESTA,2004,9,12,0,18.5,78.5,16.7,14.7,10.83,16.1,46.1,0,976,247,2.9,6.8,0,0,0,0,0,0,0,391,100,18,96
GVESTA,2004,9,12,1,19.1,76.6,16.9,14.9,10.97,16.4,47,0,975.5,264,1,2.9,0,0,0,0,0,0,0,389,100,18,96
GVESTA,2004,9,12,2,19,76.6,16.8,14.8,10.9,16.4,46.7,0,975.9,265,1.2,2.4,0,0,0,0,0,0,0,388,100,18,96
GVESTA,2004,9,12,3,18.1,79,16.4,14.4,10.63,15.8,45.1,2.2,976,232,3.1,7.5,0,0,0,0,0,0,0,386,100,18,96
GVESTA,2004,9,12,4,18.3,80,16.8,14.8,10.89,16.1,46,0.5,976.2,232,2.3,5.2,0,0,0,0,0,0,0,385,100,18,96
GVESTA,2004,9,12,5,17.8,81,16.5,14.5,10.69,15.7,45,0.1,976.3,238,3.2,5.5,3,0,3,1,1,1,1,384,100,18,96
GVESTA,2004,9,12,6,17.8,83.7,17,15,11.01,16,45.8,0,977.1,276,2.9,6.1,55,0,55,32,31,31,31,383,100,18,96
GVESTA,2004,9,12,7,17.8,83.7,17.1,15,11.08,16,46,0.1,977.3,244,3.5,5.8,214,79,183,102,180,136,101,383,100,18,96
GVESTA,2004,9,12,8,18.8,78.1,16.9,14.9,10.94,16.3,46.6,0,977.8,250,3.4,6.4,258,44,232,131,168,159,129,384,100,18,96
GVESTA,2004,9,12,9,19,66.8,14.7,12.7,9.49,15.2,43.2,0,977.7,313,1.9,5.1,396,150,294,160,262,285,158,376,88,18,96
GVESTA,2004,9,12,10,19.9,60.4,14,12,9.04,15.1,42.9,0,977.5,332,2,4.1,599,414,299,152,351,519,151,368,75,18,96
GVESTA,2004,9,12,11,20.2,60,14.2,12.2,9.18,15.3,43.6,0,976.8,360,1,3.4,406,105,329,181,213,278,180,368,75,18,96
GVESTA,2004,9,12,12,22.1,49.3,13.1,11,8.45,15.4,43.7,0,976.9,231,2.3,5.9,501,219,344,183,182,381,299,376,88,18,96
GVESTA,2004,9,12,13,21.2,48.4,12.2,9.9,7.87,14.6,41.3,0,976.6,246,3.4,8.3,433,189,311,167,165,319,310,375,88,18,96
GVESTA,2004,9,12,14,20.8,49,12,9.7,7.74,14.3,40.6,0,976.4,230,3.9,7.7,400,351,220,115,115,323,432,369,80,18,96
GVESTA,2004,9,12,15,21.8,43.7,11.4,8.9,7.35,14.3,40.6,0,976.1,246,4,7.9,300,411,143,74,74,243,480,354,60,18,96
GVESTA,2004,9,12,16,21.3,44.1,11.2,8.6,7.22,14,39.8,0,976.1,249,4.8,8.1,162,431,70,37,37,113,479,343,45,18,96
GVESTA,2004,9,12,17,20.4,46.6,11.2,8.6,7.22,13.6,38.8,0,976,253,2.9,5.6,26,109,17,14,9,9,121,346,50,18,96
GVESTA,2004,9,12,18,18.8,55.5,12,9.7,7.74,13.5,38.5,0,976.3,265,1.2,2.4,0,0,0,0,0,0,0,348,55,18,96
GVESTA,2004,9,12,19,18,58.7,12.1,9.8,7.8,13.3,37.9,0,976.7,284,1,2.5,0,0,0,0,0,0,0,340,45,18,96
GVESTA,2004,9,12,20,16.8,65,12.4,10.2,8,13,37.1,0,976.5,297,0.6,2.2,0,0,0,0,0,0,0,345,55,18,96
GVESTA,2004,9,12,21,15.8,69.3,12.4,10.2,8,12.6,36.1,0,976.6,284,0.6,2.1,0,0,0,0,0,0,0,343,55,18,96
GVESTA,2004,9,12,22,14.5,71.9,11.9,9.5,7.68,11.7,34,0,976,264,0.9,3.1,0,0,0,0,0,0,0,346,63,18,96
GVESTA,2004,9,12,23,14.2,70.4,11.4,8.9,7.35,11.3,32.9,0,975.7,259,1.1,3.2,0,0,0,0,0,0,0,335,46,18,96
GVESTA,2004,9,13,0,13.8,71.8,11.3,8.8,7.29,11,32.3,0,975.3,259,0.5,1.4,0,0,0,0,0,0,0,325,30,16,96
GVESTA,2004,9,13,1,14,70.9,11.3,8.8,7.29,11.1,32.5,0,974.8,248,0.5,1.2,0,0,0,0,0,0,0,314,13,16,96
GVESTA,2004,9,13,2,13.7,70.8,11.1,8.5,7.16,10.8,31.9,0,974.8,262,0.7,1.3,0,0,0,0,0,0,0,306,0,16,96
GVESTA,2004,9,13,3,13.5,71.7,11.1,8.5,7.17,10.8,31.7,0,974.2,288,0.3,1,0,0,0,0,0,0,0,317,20,16,96
GVESTA,2004,9,13,4,12.9,73.1,10.9,8.2,7.04,10.4,30.7,0,974.2,257,0.9,1.9,0,0,0,0,0,0,0,313,13,16,96
GVESTA,2004,9,13,5,13.6,70.8,11,8.4,7.1,10.8,31.6,0,974.8,252,0.6,1.4,36,147,20,10,161,17,10,305,0,16,96
GVESTA,2004,9,13,6,13.8,75.3,11.9,9.5,7.69,11.4,33.3,0,974.8,279,0.7,1.5,200,552,63,33,588,151,33,305,0,16,96
GVESTA,2004,9,13,7,15.3,72.5,12.6,10.4,8.15,12.5,36,0,974.7,283,1,2.4,374,710,83,48,698,331,48,305,0,16,96
GVESTA,2004,9,13,8,17.2,67.3,13.2,11.1,8.54,13.6,38.9,0,974.9,264,1.1,4,532,791,97,61,665,500,62,306,0,16,96
GVESTA,2004,9,13,9,18.9,60.9,13.3,11.2,8.61,14.3,40.8,0,974,255,2.3,4.7,656,841,105,71,543,637,71,305,0,16,96
GVESTA,2004,9,13,10,21.6,52.6,13.6,11.5,8.81,15.5,44.1,0,973.3,248,3.7,7.9,738,886,102,75,356,728,76,305,0,16,96
GVESTA,2004,9,13,11,23,46.4,13,10.9,8.43,15.7,44.6,0,972.4,254,5.1,9,761,887,107,78,134,753,158,305,0,16,96
GVESTA,2004,9,13,12,24.2,39.3,11.9,9.5,7.71,15.5,44,0,971.7,242,6.3,12,729,878,106,75,76,718,399,309,0,16,96
GVESTA,2004,9,13,13,25.1,36,11.5,9,7.45,15.6,44.2,0,971,243,7.9,13.1,637,829,110,70,71,616,575,308,0,16,96
GVESTA,2004,9,13,14,25.3,33.7,10.9,8.2,7.07,15.3,43.5,0,970.5,242,8,14,513,807,92,58,58,481,702,307,0,16,96
GVESTA,2004,9,13,15,25.5,34.9,11.4,8.9,7.39,15.7,44.5,0,970.6,244,6.8,11.3,334,622,95,51,51,288,638,323,20,16,96
GVESTA,2004,9,13,16,25.3,36.6,11.8,9.4,7.66,15.8,45,0,970,242,4.7,9,153,368,73,37,37,108,414,345,45,16,96
GVESTA,2004,9,13,17,23.7,45.1,13.2,11.1,8.58,16.1,45.7,0,969.7,272,2.5,6.2,26,103,18,14,9,9,115,339,38,16,96
GVESTA,2004,9,13,18,22.4,50.1,13.6,11.5,8.85,15.8,45,0,969.8,283,1.8,4.5,0,0,0,0,0,0,0,369,75,16,96
GVESTA,2004,9,13,19,20.1,64.9,15.3,13.3,9.95,15.9,45.5,0.8,971.4,256,4,10.3,0,0,0,0,0,0,0,388,100,16,96
GVESTA,2004,9,13,20,19.5,74.3,16.8,14.8,10.95,16.5,47.4,0.3,971.1,229,3.5,7.5,0,0,0,0,0,0,0,387,100,16,96
GVESTA,2004,9,13,21,20.2,71.1,16.8,14.8,10.95,16.8,48.1,0,971.2,243,2.4,6.2,0,0,0,0,0,0,0,385,100,16,96
GVESTA,2004,9,13,22,20.8,65.5,16.1,14.1,10.49,16.6,47.5,0,971.1,231,3.2,5.9,0,0,0,0,0,0,0,377,88,16,96
GVESTA,2004,9,13,23,21.1,67.7,16.9,14.9,11.02,17.2,49.2,0,970.8,234,2.6,5.4,0,0,0,0,0,0,0,379,92,16,96
GVESTA,2004,9,14,0,20.9,69,17.1,15,11.16,17.1,49.4,0,970.5,238,1.8,4.9,0,0,0,0,0,0,0,380,96,18,96
GVESTA,2004,9,14,1,20.5,68.9,16.6,14.6,10.82,16.8,48.1,0,970.5,238,3.6,6.3,0,0,0,0,0,0,0,382,100,18,96
GVESTA,2004,9,14,2,20.6,68.9,16.7,14.7,10.89,16.9,48.4,0,970.2,260,2.9,5.5,0,0,0,0,0,0,0,375,88,18,96
GVESTA,2004,9,14,3,19.5,72.4,16.4,14.4,10.69,16.3,46.7,0.3,970.3,229,2.4,5.7,0,0,0,0,0,0,0,381,100,18,96
GVESTA,2004,9,14,4,19.6,77.7,17.7,15.6,11.55,17,49,0.9,970.7,315,0.6,3,0,0,0,0,0,0,0,381,100,18,96
GVESTA,2004,9,14,5,18.7,81.7,17.6,15.5,11.49,16.7,47.9,2,970.5,225,1.4,5.1,2,0,2,1,1,1,1,381,100,18,96
GVESTA,2004,9,14,6,18.3,82.1,17.3,15.2,11.29,16.3,47,0,970.8,137,1.8,4.1,18,0,18,10,10,10,10,381,100,18,96
GVESTA,2004,9,14,7,18.7,82.7,17.8,15.7,11.61,16.8,48.3,0,971.1,14,1.3,3.2,123,7,120,69,75,70,68,384,100,18,96
GVESTA,2004,9,14,8,19.5,79.2,17.9,15.8,11.68,17.1,49.2,0,971.1,27,0.9,2.3,178,9,173,99,106,102,98,386,100,18,96
GVESTA,2004,9,14,9,19.8,75.3,17.4,15.3,11.35,16.9,48.7,0,970.7,67,0.9,3,248,9,243,139,143,142,137,388,100,18,96
GVESTA,2004,9,14,10,20.1,74.8,17.6,15.5,11.49,17.2,49.4,0,970,52,1.3,3,227,24,210,119,131,137,117,390,100,18,96
GVESTA,2004,9,14,11,20.4,71.1,17.1,15,11.16,17,48.9,0,969.9,82,1,2.8,90,0,90,52,51,50,51,392,100,18,96
GVESTA,2004,9,14,12,20.9,71.7,17.7,15.6,11.56,17.5,50.4,0,970.1,214,0.9,4.3,90,0,90,52,51,50,51,394,100,18,96
GVESTA,2004,9,14,13,20.8,70.3,17.3,15.2,11.3,17.2,49.6,0.1,969.6,237,3.3,7.1,116,0,116,66,66,65,65,392,100,18,96
GVESTA,2004,9,14,14,20,72.9,17,15,11.1,16.8,48.3,0,969.7,237,3.1,6.6,44,0,44,25,25,25,25,391,100,18,96
GVESTA,2004,9,14,15,18.4,78.5,16.6,14.6,10.83,16,46,0.7,969.7,213,3.3,6.7,25,0,25,14,14,14,14,389,100,18,96
GVESTA,2004,9,14,16,18.3,80,16.8,14.8,10.96,16.1,46.2,0,970.1,239,3,5.8,11,0,11,6,6,6,6,388,100,18,96
GVESTA,2004,9,14,17,18.3,81.1,17.1,15,11.16,16.2,46.7,0,970.3,246,3.2,5.5,2,0,2,1,1,1,1,386,100,18,96
GVESTA,2004,9,14,18,18.8,75.6,16.4,14.4,10.69,16,46,0,971,222,2.7,7.2,0,0,0,0,0,0,0,370,68,18,96
GVESTA,2004,9,14,19,18.6,76.1,16.3,14.3,10.61,15.9,45.6,0,971.6,259,2.3,6.2,0,0,0,0,0,0,0,373,80,18,96
GVESTA,2004,9,14,20,17.7,75.4,15.3,13.3,9.95,15,43,0,972.2,285,2.9,5.5,0,0,0,0,0,0,0,381,100,18,96
GVESTA,2004,9,14,21,18.1,70.2,14.6,12.6,9.48,14.8,42.2,0,972.4,34,0.6,3,0,0,0,0,0,0,0,379,100,18,96
GVESTA,2004,9,14,22,17.7,75.9,15.4,13.4,10.01,15.1,43.2,0,972.6,37,0.7,2.3,0,0,0,0,0,0,0,377,100,18,96
GVESTA,2004,9,14,23,17.5,75.4,15.1,13.1,9.81,14.8,42.4,0,972.5,45,0.4,2.1,0,0,0,0,0,0,0,375,100,18,96
GVESTA,2004,9,15,0,16.3,79.2,14.7,12.7,9.54,14.1,40.5,0,973,333,0.5,2.6,0,0,0,0,0,0,0,374,100,18,96
GVESTA,2004,9,15,1,17,76.8,14.9,12.9,9.67,14.5,41.6,0,973.3,360,0.2,1.7,0,0,0,0,0,0,0,372,100,18,96
GVESTA,2004,9,15,2,16.9,75.8,14.6,12.6,9.47,14.3,41,0,973.5,252,0.8,3.8,0,0,0,0,0,0,0,371,100,18,96
GVESTA,2004,9,15,3,16.9,73.3,14.1,12.1,9.14,14,40.1,0,973.8,261,0.7,2.4,0,0,0,0,0,0,0,356,75,18,96
GVESTA,2004,9,15,4,16.9,67.7,13,10.9,8.41,13.4,38.3,0,974.4,202,0.6,2.6,0,0,0,0,0,0,0,358,80,18,96
GVESTA,2004,9,15,5,15.3,73,12.7,10.5,8.21,12.5,36.1,0,974.9,284,0.9,2.6,34,144,18,10,158,18,10,349,68,18,96
GVESTA,2004,9,15,6,15.4,73.5,12.9,10.7,8.34,12.7,36.6,0,975.3,248,1.1,3.3,164,325,91,48,381,121,47,348,68,18,96
GVESTA,2004,9,15,7,15.7,72.1,12.9,10.7,8.33,12.8,36.9,0,975.9,250,2.4,5,308,382,157,81,454,255,80,348,68,18,96
GVESTA,2004,9,15,8,17,65.5,12.7,10.5,8.2,13.2,37.9,0,976.2,258,2,4.3,446,440,208,105,480,392,104,354,75,18,96
GVESTA,2004,9,15,9,17.9,56.7,11.6,9.2,7.48,12.9,37,0.1,976.3,241,1.2,3.9,386,192,258,138,262,298,136,355,75,18,96
GVESTA,2004,9,15,10,18.2,52.7,11,8.4,7.09,12.7,36.3,0,976.3,270,0.9,3.9,427,135,332,180,253,302,178,373,100,18,96
GVESTA,2004,9,15,11,18.9,44.9,9.8,6.7,6.31,12.2,35,0,976.2,228,2.6,8,391,64,345,192,196,249,207,375,100,18,96
GVESTA,2004,9,15,12,18.8,45.2,9.8,6.7,6.31,12.2,34.9,0.2,976,304,1,5.7,490,255,313,166,165,388,309,366,88,18,96
GVESTA,2004,9,15,13,20,42.3,9.9,6.8,6.38,12.7,36.3,0.1,975.8,264,1.4,5.1,542,500,229,115,114,496,469,341,55,18,96
GVESTA,2004,9,15,14,20.6,37.2,9,5.5,5.79,12.4,35.4,0.1,975.8,255,2.3,4.8,392,346,217,111,111,325,424,344,60,18,96
GVESTA,2004,9,15,15,19.8,41.9,9.7,6.5,6.25,12.5,35.8,0,975.4,337,1.6,3.7,332,695,78,47,47,304,700,332,45,18,96
GVESTA,2004,9,15,16,19.1,47.5,10.5,7.7,6.77,12.7,36.4,0.1,975.8,18,2.7,5.7,144,377,68,35,35,107,421,344,63,18,96
GVESTA,2004,9,15,17,18.1,53.1,11,8.4,7.09,12.6,36.2,0,976,349,1.7,4.4,18,78,13,9,7,7,87,361,88,18,96
GVESTA,2004,9,15,18,18,52.3,10.8,8.1,6.96,12.5,35.7,0,976.4,333,0.8,3.5,0,0,0,0,0,0,0,368,100,18,96
GVESTA,2004,9,15,19,18.1,47.6,9.9,6.8,6.37,11.9,34.3,0,976.6,75,1.5,3.5,0,0,0,0,0,0,0,358,88,18,96
GVESTA,2004,9,15,20,16.7,53.1,10.1,7.1,6.49,11.5,33.2,0,977.4,32,2.8,6.7,0,0,0,0,0,0,0,356,88,18,96
GVESTA,2004,9,15,21,16.1,58.6,10.7,8,6.88,11.6,33.6,0,977.7,35,1.6,3.9,0,0,0,0,0,0,0,354,88,18,96
GVESTA,2004,9,15,22,15.3,63.8,11.1,8.5,7.14,11.5,33.4,0,977.7,75,1.3,3.4,0,0,0,0,0,0,0,360,100,18,96
GVESTA,2004,9,15,23,15.9,64.4,11.6,9.2,7.47,12.1,34.9,0,977.6,360,0.6,1.9,0,0,0,0,0,0,0,353,92,18,96
GVESTA,2004,9,16,0,15.4,63.4,11.1,8.5,7.14,11.6,33.6,0,977.4,41,1.9,4.1,0,0,0,0,0,0,0,347,83,16,96
GVESTA,2004,9,16,1,15.4,57.7,10.1,7.1,6.49,10.9,31.9,0,977.4,37,2.2,4.4,0,0,0,0,0,0,0,340,75,16,96
GVESTA,2004,9,16,2,14.2,63.6,10.3,7.4,6.63,10.5,31,0,977.2,43,4.3,8.5,0,0,0,0,0,0,0,334,68,16,96
GVESTA,2004,9,16,3,13.6,67.9,10.6,7.8,6.82,10.5,30.9,0,977.4,35,3.8,5.8,0,0,0,0,0,0,0,338,75,16,96
GVESTA,2004,9,16,4,13.2,68.8,10.4,7.6,6.69,10.2,30.2,0,977.2,35,2.8,5,0,0,0,0,0,0,0,346,88,16,96
GVESTA,2004,9,16,5,13.6,67,10.4,7.6,6.69,10.4,30.6,0,977.3,54,3.8,7.8,36,149,21,11,164,21,11,345,88,16,96
GVESTA,2004,9,16,6,14.2,64.9,10.5,7.7,6.75,10.7,31.3,0,977.4,52,5.7,10.7,137,173,99,53,231,92,52,336,75,16,96
GVESTA,2004,9,16,7,14.9,64.2,10.9,8.2,7.01,11.2,32.7,0,978,62,7.6,14.2,220,119,176,95,214,147,94,333,68,16,96
GVESTA,2004,9,16,8,15.6,60.5,10.7,8,6.88,11.4,33.1,0,978.1,64,8.6,14.8,358,187,257,134,300,263,133,351,88,16,96
GVESTA,2004,9,16,9,16.5,56,10.5,7.7,6.75,11.7,33.7,0,978.2,61,9,15.2,490,318,286,142,365,405,141,346,79,16,96
GVESTA,2004,9,16,10,17.3,52.1,10.3,7.4,6.62,11.9,34.2,0,977.9,63,8.5,15,547,327,316,157,315,457,155,342,69,16,96
GVESTA,2004,9,16,11,18,51.3,10.6,7.8,6.82,12.3,35.4,0,977.6,63,8.3,14.9,557,308,335,167,215,459,219,337,60,16,96
GVESTA,2004,9,16,12,18.6,49.4,10.6,7.8,6.82,12.6,36,0,977.7,63,7.7,12.4,514,293,313,160,159,416,322,351,75,16,96
GVESTA,2004,9,16,13,19.1,48.9,10.8,8.1,6.95,12.9,36.8,0,977,62,7.7,13.6,519,431,251,122,121,459,435,337,60,16,96
GVESTA,2004,9,16,14,19.1,48.5,10.7,8,6.89,12.9,36.7,0,977,64,7.6,14.4,401,384,209,103,103,340,448,332,55,16,96
GVESTA,2004,9,16,15,18.7,49.7,10.7,8,6.89,12.7,36.3,0,976.9,64,6.9,11.7,267,329,144,73,72,217,397,332,55,16,96
GVESTA,2004,9,16,16,18.2,51.3,10.7,8,6.89,12.5,35.8,0,977.3,55,6.3,10.9,128,277,76,39,39,92,325,341,68,16,96
GVESTA,2004,9,16,17,16.8,54.6,10.4,7.6,6.69,11.7,33.8,0,977.5,46,5.7,10.5,23,75,18,12,10,9,86,356,88,16,96
GVESTA,2004,9,16,18,16,57.8,10.5,7.7,6.75,11.5,33.2,0,978.1,43,4.8,8.5,0,0,0,0,0,0,0,355,88,16,96
GVESTA,2004,9,16,19,15.7,60.6,10.8,8.1,6.94,11.5,33.3,0,978.8,38,3.9,7.2,0,0,0,0,0,0,0,342,75,16,96
GVESTA,2004,9,16,20,15.7,60.6,10.8,8.1,6.94,11.5,33.3,0,978.9,43,3.4,6.2,0,0,0,0,0,0,0,340,75,16,96
GVESTA,2004,9,16,21,15.2,62.5,10.8,8.1,6.94,11.3,32.8,0,979.2,30,2.8,4.9,0,0,0,0,0,0,0,337,75,16,96
GVESTA,2004,9,16,22,15.1,61.7,10.6,7.8,6.81,11.1,32.4,0,979.3,27,1.2,3.8,0,0,0,0,0,0,0,355,100,16,96
GVESTA,2004,9,16,23,14,68,10.9,8.2,7,10.8,31.8,0,979.6,270,0.5,1.6,0,0,0,0,0,0,0,331,71,16,96
GVESTA,2004,9,17,0,13.2,71.2,10.8,8.1,6.93,10.4,30.8,0,979.6,261,0.6,1.2,0,0,0,0,0,0,0,306,42,18,96
GVESTA,2004,9,17,1,13.4,68.4,10.5,7.7,6.74,10.3,30.5,0,979.7,248,0.5,1.3,0,0,0,0,0,0,0,282,13,18,96
GVESTA,2004,9,17,2,12.5,72,10.4,7.6,6.68,9.9,29.4,0,979.2,256,0.4,0.9,0,0,0,0,0,0,0,297,33,18,96
GVESTA,2004,9,17,3,12.1,72.4,10.2,7.3,6.55,9.6,28.7,0,979,248,0.6,1.4,0,0,0,0,0,0,0,296,33,18,96
GVESTA,2004,9,17,4,12.5,71,10.3,7.4,6.61,9.8,29.3,0,979,254,0.7,1.4,0,0,0,0,0,0,0,271,0,18,96
GVESTA,2004,9,17,5,11.5,75.4,10.2,7.3,6.55,9.3,28.1,0,979.4,270,0.6,1.8,24,51,19,11,62,14,11,308,50,18,96
GVESTA,2004,9,17,6,12.2,74,10.5,7.7,6.74,9.8,29.3,0,979.8,288,0.3,1.1,119,89,99,55,147,77,55,338,88,18,96
GVESTA,2004,9,17,7,13.8,72.8,11.5,9,7.39,11.1,32.5,0,979.7,0,0.1,0.9,205,70,178,99,168,131,98,353,100,18,96
GVESTA,2004,9,17,8,14.5,73.4,12.1,9.8,7.78,11.8,34.2,0,980,56,0.4,1.6,237,23,225,128,147,140,126,359,100,18,96
GVESTA,2004,9,17,9,15.1,70.1,12,9.7,7.71,12,34.7,0,980.1,90,0.6,3.8,421,182,302,162,285,317,160,348,80,18,96
GVESTA,2004,9,17,10,15.9,65.7,11.9,9.5,7.65,12.3,35.3,0,979.6,53,1.2,3.9,604,455,284,143,343,552,142,328,50,18,96
GVESTA,2004,9,17,11,16.9,62.9,12.1,9.8,7.78,12.8,36.7,0,979.1,117,1.4,4.7,752,898,106,84,138,785,168,289,0,18,96
GVESTA,2004,9,17,12,18.1,59.9,12.4,10.2,7.98,13.5,38.4,0,978.4,77,1.4,4.2,715,882,107,81,82,743,413,292,0,18,96
GVESTA,2004,9,17,13,18.8,57.3,12.4,10.2,7.99,13.8,39.2,0,977.9,87,2.2,5.5,627,860,98,73,73,645,593,293,0,18,96
GVESTA,2004,9,17,14,19.6,55.3,12.6,10.4,8.12,14.2,40.3,0,977.3,103,2.3,4.5,491,795,92,61,62,493,698,294,0,18,96
GVESTA,2004,9,17,15,19.9,53.9,12.5,10.3,8.06,14.3,40.5,0,977.4,53,2.2,4.6,324,690,79,47,47,309,697,295,0,18,96
GVESTA,2004,9,17,16,20.1,52.2,12.3,10,7.93,14.2,40.3,0,977.1,29,1.9,3.8,146,472,56,30,30,119,509,297,0,18,96
GVESTA,2004,9,17,17,20.2,51.9,12.3,10,7.93,14.2,40.4,0,977,5,1.1,2.9,14,0,14,9,8,8,8,308,13,18,96
GVESTA,2004,9,17,18,19.3,59,13.2,11.1,8.52,14.4,41,0,977.4,315,0.4,1.8,0,0,0,0,0,0,0,298,0,18,96
GVESTA,2004,9,17,19,18,64.5,13.3,11.2,8.58,14,39.8,0,977.8,297,0.7,1.7,0,0,0,0,0,0,0,296,0,18,96
GVESTA,2004,9,17,20,17.5,64.3,12.9,10.7,8.31,13.5,38.7,0,978,90,0.4,1.5,0,0,0,0,0,0,0,294,0,18,96
GVESTA,2004,9,17,21,16.4,66.7,12.4,10.2,7.99,12.8,36.7,0,978.1,297,0.3,1.2,0,0,0,0,0,0,0,292,0,18,96
GVESTA,2004,9,17,22,15.7,67.5,12,9.7,7.73,12.3,35.3,0,978.1,270,0.3,1,0,0,0,0,0,0,0,290,0,18,96
GVESTA,2004,9,17,23,14.7,70,11.7,9.3,7.53,11.7,33.8,0,978.1,270,0.3,1,0,0,0,0,0,0,0,288,0,18,96
GVESTA,2004,9,18,0,14.5,69.5,11.5,9,7.4,11.4,33.3,0,977.8,270,0.1,1.3,0,0,0,0,0,0,0,287,0,18,96
GVESTA,2004,9,18,1,14.1,69.5,11.2,8.6,7.21,11.1,32.4,0,977.3,315,0.2,1.1,0,0,0,0,0,0,0,285,0,18,96
GVESTA,2004,9,18,2,13.3,70.7,10.8,8.1,6.95,10.5,30.9,0,977.2,288,0.4,1.3,0,0,0,0,0,0,0,283,0,18,96
GVESTA,2004,9,18,3,13.1,69.7,10.5,7.7,6.76,10.2,30.2,0,977.1,270,0.3,1,0,0,0,0,0,0,0,282,0,18,96
GVESTA,2004,9,18,4,12.5,72,10.4,7.6,6.69,9.9,29.4,0,977.2,270,0.5,1.6,0,0,0,0,0,0,0,281,0,18,96
GVESTA,2004,9,18,5,12.4,71.5,10.3,7.4,6.63,9.7,29.2,0,977.3,270,0.1,0.9,30,132,18,9,145,19,9,279,0,18,96
GVESTA,2004,9,18,6,12,77,10.8,8.1,6.95,9.9,29.6,0,977.3,270,0.7,1.4,188,538,64,35,576,166,35,279,0,18,96
GVESTA,2004,9,18,7,13.7,75.7,11.9,9.5,7.67,11.4,33.1,0,977.1,278,0.7,1.5,367,728,82,51,715,361,51,282,0,18,96
GVESTA,2004,9,18,8,15.7,72.1,12.9,10.7,8.32,12.8,36.8,0,977.1,225,0.2,1.9,526,813,95,66,682,539,66,285,0,18,96
GVESTA,2004,9,18,9,17.5,66.1,13.2,11.1,8.52,13.7,39.2,0,976.7,153,0.6,2.6,652,873,99,76,555,682,77,287,0,18,96
GVESTA,2004,9,18,10,18.6,62.9,13.5,11.4,8.72,14.3,40.8,0,976.4,81,1.2,4.6,728,894,105,83,361,767,84,290,0,18,96
GVESTA,2004,9,18,11,20.6,55.2,13.4,11.3,8.66,15,42.7,0,975.6,221,1.8,5.1,750,903,105,85,137,793,170,293,0,18,96
GVESTA,2004,9,18,12,22.9,47.3,13.2,11.1,8.54,15.8,44.7,0,974.8,243,2.9,5.8,710,874,112,83,84,746,417,295,0,18,96
GVESTA,2004,9,18,13,24.6,35.6,11,8.4,7.1,15.1,42.8,0,974.1,252,3.2,7.2,621,849,104,75,75,647,594,294,0,18,96
GVESTA,2004,9,18,14,24.9,32,10.1,7.1,6.52,14.7,41.7,0,973.5,244,3,6.3,484,778,99,63,64,493,693,294,0,18,96
GVESTA,2004,9,18,15,24.9,31.8,10,7,6.46,14.6,41.5,0,973.5,240,3.1,6.3,321,690,79,47,47,312,698,293,0,18,96
GVESTA,2004,9,18,16,24.5,32.1,9.9,6.8,6.39,14.4,40.9,0,972.9,238,3.4,5.9,143,478,54,29,29,122,513,292,0,18,96
GVESTA,2004,9,18,17,23.1,40.1,11.3,8.8,7.3,14.8,41.8,0,973.5,252,2.8,5.7,8,0,8,5,5,5,5,292,0,18,96
GVESTA,2004,9,18,18,21,52.4,13,10.9,8.41,15,42.5,0,974.2,249,0.8,1.7,0,0,0,0,0,0,0,292,0,18,96
GVESTA,2004,9,18,19,19.7,57.2,13.1,11,8.48,14.5,41.3,0,974.4,297,0.2,1.9,0,0,0,0,0,0,0,292,0,18,96
GVESTA,2004,9,18,20,18.2,61.6,12.9,10.7,8.34,13.8,39.4,0,974.8,315,0.2,1.5,0,0,0,0,0,0,0,292,0,18,96
GVESTA,2004,9,18,21,16.4,65.4,12.2,9.9,7.88,12.7,36.4,0,975,304,0.4,2.3,0,0,0,0,0,0,0,292,0,18,96
GVESTA,2004,9,18,22,15.8,64.8,11.6,9.2,7.49,12.1,34.8,0,975,297,0.3,2.4,0,0,0,0,0,0,0,292,0,18,96
GVESTA,2004,9,18,23,14.5,66.8,11,8.4,7.1,11.1,32.5,0,974.8,270,0.4,1.2,0,0,0,0,0,0,0,293,0,18,96
GVESTA,2004,9,19,0,13.6,67.5,10.5,7.7,6.77,10.4,30.8,0,974.9,270,0.5,2.1,0,0,0,0,0,0,0,294,0,17,96
GVESTA,2004,9,19,1,13.3,67,10.2,7.3,6.58,10.1,30,0,974.7,284,0.5,1.5,0,0,0,0,0,0,0,295,0,17,96
GVESTA,2004,9,19,2,12.9,68.7,10.2,7.3,6.58,9.9,29.6,0,974.5,270,0.5,2.2,0,0,0,0,0,0,0,297,0,17,96
GVESTA,2004,9,19,3,13,69.7,10.4,7.6,6.71,10.1,30,0,974.4,256,0.5,1.6,0,0,0,0,0,0,0,306,13,17,96
GVESTA,2004,9,19,4,12.2,73.5,10.4,7.6,6.71,9.7,29.2,0,974.2,315,0.5,2.2,0,0,0,0,0,0,0,335,60,17,96
GVESTA,2004,9,19,5,12,74.4,10.4,7.6,6.71,9.7,29,0,974.4,270,0.6,2.7,33,116,23,12,131,22,12,332,55,17,96
GVESTA,2004,9,19,6,12.5,76.1,11,8.4,7.1,10.3,30.5,0,974.9,259,1.5,2.9,177,512,62,33,546,159,33,315,20,17,96
GVESTA,2004,9,19,7,15.2,70.6,12.2,9.9,7.88,12.2,35.2,0,974.8,279,0.7,2.1,310,495,126,67,535,283,67,340,58,17,96
GVESTA,2004,9,19,8,17.4,64.3,12.8,10.6,8.27,13.4,38.5,0,975,315,0.5,1.9,394,320,226,115,391,335,114,354,75,17,96
GVESTA,2004,9,19,9,19.2,56.3,12.5,10.3,8.08,14,39.8,0,975.1,277,0.9,3.2,431,211,297,156,302,336,155,366,88,17,96
GVESTA,2004,9,19,10,20.3,52.9,12.6,10.4,8.15,14.5,41.1,0,974.7,283,1,2.8,461,206,319,169,274,357,167,379,100,17,96
GVESTA,2004,9,19,11,20.8,51.7,12.7,10.5,8.21,14.7,41.8,0,974.7,280,1.2,3.6,178,2,177,100,100,99,99,385,100,17,96
GVESTA,2004,9,19,12,20.3,55.8,13.3,11.2,8.61,14.9,42.3,0,974.4,60,1.1,2.5,193,1,192,109,108,107,108,389,100,17,96
GVESTA,2004,9,19,13,20,60.8,14.2,12.2,9.2,15.3,43.5,0,974.6,56,1.5,2.8,63,0,63,36,35,35,35,388,100,17,96
GVESTA,2004,9,19,14,19,70,15.4,13.4,9.98,15.6,44.4,0,974.9,94,1.5,3.5,104,2,103,59,58,58,60,387,100,17,96
GVESTA,2004,9,19,15,19.4,71.4,16.1,14.1,10.44,16.1,46,0,975,94,1.5,3.1,159,80,135,75,74,104,155,386,100,17,96
GVESTA,2004,9,19,16,19.9,65.3,15.2,13.2,9.85,15.8,45,0,975.3,117,1.3,2.6,102,177,66,36,35,76,216,377,88,17,96
GVESTA,2004,9,19,17,20,65.3,15.3,13.3,9.91,15.9,45.3,0,975.3,104,0.9,1.8,6,0,6,4,4,3,3,376,88,17,96
GVESTA,2004,9,19,18,19.1,69.1,15.3,13.3,9.91,15.5,44.3,0,975.7,76,1.3,2.1,0,0,0,0,0,0,0,362,68,17,96
GVESTA,2004,9,19,19,18.4,72.6,15.4,13.4,9.97,15.3,43.8,0,975.9,30,0.9,2.3,0,0,0,0,0,0,0,345,45,17,96
GVESTA,2004,9,19,20,18.1,71.6,14.9,12.9,9.64,14.9,42.6,0,976.1,37,0.6,2.7,0,0,0,0,0,0,0,340,40,17,96
GVESTA,2004,9,19,21,17.3,72.4,14.3,12.3,9.25,14.3,40.8,0,976,360,0.7,1.9,0,0,0,0,0,0,0,324,20,17,96
GVESTA,2004,9,19,22,16.4,72.3,13.5,11.4,8.73,13.5,38.6,0,975.9,270,0.6,1.6,0,0,0,0,0,0,0,309,0,17,96
GVESTA,2004,9,19,23,15.8,71.7,12.9,10.7,8.33,12.8,37,0,975.7,252,0.4,1.3,0,0,0,0,0,0,0,307,0,17,96
GVESTA,2004,9,20,0,15.1,73,12.5,10.3,8.07,12.4,35.6,0,975.7,252,0.6,1.7,0,0,0,0,0,0,0,304,0,17,96
GVESTA,2004,9,20,1,14.4,72.4,11.9,9.5,7.68,11.6,33.9,0,975.5,284,0.5,2.1,0,0,0,0,0,0,0,302,0,17,96
GVESTA,2004,9,20,2,13.8,73.7,11.6,9.2,7.49,11.2,32.8,0,975.3,297,0.5,1.5,0,0,0,0,0,0,0,309,13,17,96
GVESTA,2004,9,20,3,13.5,72.2,11.2,8.6,7.23,10.8,31.8,0,975.2,315,0.1,1.2,0,0,0,0,0,0,0,333,50,17,96
GVESTA,2004,9,20,4,11.6,80.7,11,8.4,7.1,9.9,29.6,0,975.1,258,1.4,3.1,0,0,0,0,0,0,0,357,88,17,96
GVESTA,2004,9,20,5,11.7,83.5,11.5,9,7.42,10.2,30.5,0,975.3,274,1.4,2.6,23,73,17,9,84,15,9,365,100,17,96
GVESTA,2004,9,20,6,13.7,79.4,12.4,10.2,8.01,11.7,34,0.1,975.5,270,0.1,1,168,439,74,38,483,148,38,337,60,17,96
GVESTA,2004,9,20,7,14.8,82.2,13.8,11.8,8.92,13,37.4,0.1,976,310,0.8,3,284,331,159,82,405,242,81,350,75,17,96
GVESTA,2004,9,20,8,16,77.1,14,12,9.05,13.6,39,0,976,260,1.2,2.9,415,388,215,108,440,371,108,354,75,17,96
GVESTA,2004,9,20,9,17.8,66.1,13.5,11.4,8.72,14,40,0,976.1,247,1.5,3.7,558,549,215,107,460,545,107,345,60,17,96
GVESTA,2004,9,20,10,19.9,56.1,13,10.9,8.4,14.6,41.3,0,975.6,234,1.8,5.1,625,569,234,117,353,615,116,348,60,17,96
GVESTA,2004,9,20,11,21.2,45,11.3,8.8,7.29,14,39.8,0,975.1,245,2.6,6,623,514,261,129,190,600,210,357,68,17,96
GVESTA,2004,9,20,12,22.1,43.2,11.5,9,7.43,14.5,41.1,0,974.8,242,3.9,7.9,500,269,318,164,163,413,308,375,88,17,96
GVESTA,2004,9,20,13,22,44.6,11.8,9.4,7.62,14.6,41.5,0,974.7,237,4.8,8.6,526,529,209,104,104,510,475,358,68,17,96
GVESTA,2004,9,20,14,21.9,44.6,11.7,9.3,7.56,14.5,41.2,0,974.6,245,5.3,8.8,376,364,201,102,101,333,427,363,75,17,96
GVESTA,2004,9,20,15,21.7,46.7,12.1,9.8,7.82,14.7,41.7,0,974.7,250,5.8,9.2,239,306,128,68,67,205,363,372,88,17,96
GVESTA,2004,9,20,16,20.2,51.5,12.2,9.9,7.88,14.2,40.3,0,974.6,249,5.9,9.3,75,101,62,34,34,49,137,379,100,17,96
GVESTA,2004,9,20,17,19.6,55.3,12.6,10.4,8.15,14.2,40.4,0,974.6,237,4.1,7.9,0,0,0,0,0,0,0,378,100,17,96
GVESTA,2004,9,20,18,18.5,60,12.8,10.6,8.27,13.9,39.6,0,975.2,231,4,7.5,0,0,0,0,0,0,0,347,55,17,96
GVESTA,2004,9,20,19,18.6,56.9,12.2,9.9,7.87,13.6,38.7,0,976.5,232,1.7,5.4,0,0,0,0,0,0,0,342,50,17,96
GVESTA,2004,9,20,20,18.3,55.7,11.7,9.3,7.54,13.1,37.5,0,976.5,217,2.7,7.3,0,0,0,0,0,0,0,333,38,17,96
GVESTA,2004,9,20,21,17.7,57.8,11.7,9.3,7.54,12.9,36.9,0,976.5,242,2.1,5.5,0,0,0,0,0,0,0,329,33,17,96
GVESTA,2004,9,20,22,16,64.9,11.8,9.4,7.61,12.3,35.3,0,976.9,288,1.3,3.1,0,0,0,0,0,0,0,343,58,17,96
GVESTA,2004,9,20,23,15.1,67.8,11.6,9.2,7.47,11.8,34.1,0,977.3,277,1.8,3.3,0,0,0,0,0,0,0,331,39,17,96
GVESTA,2004,9,21,0,14.5,69.1,11.4,8.9,7.34,11.4,33.1,0,977.3,256,1.2,2.6,0,0,0,0,0,0,0,320,19,18,96
GVESTA,2004,9,21,1,15,66.4,11.3,8.8,7.27,11.6,33.5,0,977.5,243,0.5,2.4,0,0,0,0,0,0,0,308,0,18,96
GVESTA,2004,9,21,2,14.4,67.2,11,8.4,7.08,11.1,32.4,0,977.3,34,0.4,1.7,0,0,0,0,0,0,0,308,0,18,96
GVESTA,2004,9,21,3,14.5,65.9,10.9,8.2,7.01,11,32.3,0,977.4,0,0.2,1.8,0,0,0,0,0,0,0,308,0,18,96
GVESTA,2004,9,21,4,12.9,72.1,10.7,8,6.88,10.3,30.3,0,977.5,333,0.3,2.8,0,0,0,0,0,0,0,335,50,18,96
GVESTA,2004,9,21,5,12.5,73,10.6,7.8,6.82,10,29.8,0,977.9,297,0.3,2.4,28,102,20,11,115,20,11,345,68,18,96
GVESTA,2004,9,21,6,13.7,72.3,11.3,8.8,7.27,11,32.1,0,978.4,338,0.6,2.6,167,469,63,34,505,157,34,330,40,18,96
GVESTA,2004,9,21,7,16.7,60,11.4,8.9,7.33,12.3,35.4,0,978.6,240,2.3,6.2,343,695,79,49,679,355,49,310,0,18,96
GVESTA,2004,9,21,8,17.3,56.6,11.2,8.6,7.2,12.4,35.6,0,978.8,208,2.4,5.5,495,770,96,64,646,525,64,312,0,18,96
GVESTA,2004,9,21,9,18.6,53.6,11.5,9,7.4,13.1,37.5,0,978.5,231,2.9,6.3,615,821,105,75,527,662,76,313,0,18,96
GVESTA,2004,9,21,10,20.4,50.6,12.1,9.8,7.79,14.2,40.3,0,978.3,250,3.7,7.8,543,371,291,150,323,489,149,345,50,18,96
GVESTA,2004,9,21,11,20.9,49.7,12.3,10,7.92,14.5,41.1,0,978.1,286,4.4,8.6,540,320,317,163,212,470,214,359,68,18,96
GVESTA,2004,9,21,12,21.1,45.9,11.5,9,7.4,14.1,40,0,977.6,259,3.3,7.4,510,308,304,157,156,441,321,365,75,18,96
GVESTA,2004,9,21,13,20.4,49.2,11.8,9.4,7.6,14,39.8,0,977.7,262,5,8.6,394,196,279,150,149,306,301,370,88,18,96
GVESTA,2004,9,21,14,20.4,45.1,10.8,8.1,6.95,13.4,38.2,0,977.6,255,4,7.5,272,163,198,108,108,205,258,368,88,18,96
GVESTA,2004,9,21,15,20.3,39.5,9.4,6.1,6.04,12.5,35.7,0,977.6,286,2.5,5.9,270,500,107,57,56,260,542,344,55,18,96
GVESTA,2004,9,21,16,19.8,40.8,9.4,6.1,6.04,12.3,35.2,0,978,322,2,4.9,113,321,57,30,30,99,356,355,75,18,96
GVESTA,2004,9,21,17,18.4,45.7,9.7,6.5,6.23,11.9,34.3,0,978.5,287,2.1,4.7,0,0,0,0,0,0,0,361,88,18,96
GVESTA,2004,9,21,18,18.3,46,9.7,6.5,6.22,11.9,34.2,0,979,270,0.9,2.5,0,0,0,0,0,0,0,320,33,18,96
GVESTA,2004,9,21,19,17.2,52.5,10.3,7.4,6.61,11.8,34,0,979.6,252,0.7,2,0,0,0,0,0,0,0,304,13,18,96
GVESTA,2004,9,21,20,16.5,57.2,10.7,8,6.86,11.8,34,0,980.3,270,0.2,1.9,0,0,0,0,0,0,0,320,38,18,96
GVESTA,2004,9,21,21,15.6,60.5,10.7,8,6.86,11.4,33,0,980.3,315,0.3,2.1,0,0,0,0,0,0,0,300,13,18,96
GVESTA,2004,9,21,22,14.3,66.3,10.8,8.1,6.93,10.9,31.9,0,980.3,18,0.4,2.7,0,0,0,0,0,0,0,317,40,18,96
GVESTA,2004,9,21,23,13.2,69.3,10.5,7.7,6.74,10.2,30.3,0,980.1,297,0.6,2,0,0,0,0,0,0,0,318,43,18,96
GVESTA,2004,9,22,0,12.6,71.6,10.4,7.6,6.67,9.9,29.5,0,980.3,288,0.6,2.8,0,0,0,0,0,0,0,319,47,20,96
GVESTA,2004,9,22,1,13.3,70.2,10.7,8,6.86,10.4,30.7,0,980.2,270,0.5,2.4,0,0,0,0,0,0,0,320,50,20,96
GVESTA,2004,9,22,2,13.9,68.5,10.9,8.2,7,10.8,31.6,0,979.9,270,0.5,1.9,0,0,0,0,0,0,0,312,40,20,96
GVESTA,2004,9,22,3,13.6,69.3,10.8,8.1,6.93,10.6,31.2,0,980,333,0.6,2,0,0,0,0,0,0,0,315,45,20,96
GVESTA,2004,9,22,4,13.9,67.5,10.7,8,6.87,10.7,31.3,0,979.9,270,0.3,1.7,0,0,0,0,0,0,0,309,38,20,96
GVESTA,2004,9,22,5,12.6,71.6,10.4,7.6,6.67,9.9,29.5,0,980.4,270,1,2.8,24,112,15,8,122,19,8,282,0,20,96
GVESTA,2004,9,22,6,12.2,73.5,10.4,7.6,6.67,9.7,29.1,0,980.4,288,0.9,2,172,515,60,34,549,171,34,282,0,20,96
GVESTA,2004,9,22,7,13.4,67.9,10.4,7.6,6.67,10.3,30.3,0,980.4,297,0.9,2,347,711,80,52,697,370,52,285,0,20,96
GVESTA,2004,9,22,8,15.3,54.5,9.5,6.2,6.09,10.5,30.8,0,980.5,248,1.7,3.7,501,791,95,68,664,546,69,287,0,20,96
GVESTA,2004,9,22,9,16.6,47.8,9,5.5,5.77,10.7,31.3,0,980,247,1.7,3.9,620,835,105,80,540,682,81,290,0,20,96
GVESTA,2004,9,22,10,17.5,45.2,9,5.5,5.76,11.1,32.2,0,980.1,256,1.6,4.8,695,869,105,87,352,769,88,292,0,20,96
GVESTA,2004,9,22,11,18,44.1,9.1,5.6,5.83,11.4,32.9,0,979.5,21,1.3,6.1,715,881,103,88,135,793,173,295,0,20,96
GVESTA,2004,9,22,12,18.6,43.3,9.3,5.9,5.97,11.7,33.8,0,978.9,61,1.3,4.3,673,854,107,85,86,744,414,297,0,20,96
GVESTA,2004,9,22,13,19.5,38.5,8.7,5,5.58,11.7,33.8,0,977.8,266,1.4,4.7,580,808,105,77,78,636,577,300,0,20,96
GVESTA,2004,9,22,14,19.9,37.8,8.8,5.1,5.65,11.9,34.4,0,977.3,216,1.9,7.2,446,747,93,64,64,484,668,310,13,20,96
GVESTA,2004,9,22,15,20.1,39.2,9.2,5.8,5.91,12.3,35.2,0,977.2,243,1.4,4.9,284,638,76,47,47,299,649,320,25,20,96
GVESTA,2004,9,22,16,19.7,40.2,9.2,5.8,5.91,12.2,34.8,0,977,227,2.3,4.8,112,371,50,28,28,106,403,329,38,20,96
GVESTA,2004,9,22,17,18.5,44.2,9.4,6.1,6.04,11.8,33.9,0,977.2,235,3.1,5.8,0,0,0,0,0,0,0,340,55,20,96
GVESTA,2004,9,22,18,17,50.7,9.8,6.7,6.3,11.4,33,0,978,247,2.9,5.4,0,0,0,0,0,0,0,351,75,20,96
GVESTA,2004,9,22,19,16.2,54.8,10.1,7.1,6.49,11.3,32.7,0,977.9,262,3.6,5.6,0,0,0,0,0,0,0,346,68,20,96
GVESTA,2004,9,22,20,15.9,55.5,10,7,6.42,11.1,32.2,0,978.4,270,2.5,6.6,0,0,0,0,0,0,0,356,88,20,96
GVESTA,2004,9,22,21,16.5,50.5,9.5,6.2,6.1,11,32,0,978.1,237,2.5,5.1,0,0,0,0,0,0,0,349,75,20,96
GVESTA,2004,9,22,22,15.9,54.3,9.8,6.7,6.3,11,31.9,0,977.7,237,3.1,6.9,0,0,0,0,0,0,0,356,88,20,96
GVESTA,2004,9,22,23,15.5,56.9,10,7,6.43,10.9,31.8,0,977.8,224,3.2,6.8,0,0,0,0,0,0,0,352,81,20,96
GVESTA,2004,9,23,0,15.4,57.7,10.1,7.1,6.5,10.9,31.9,0,977.3,215,3.2,6.2,0,0,0,0,0,0,0,349,75,20,96
GVESTA,2004,9,23,1,15.5,58.1,10.2,7.3,6.56,11.1,32.2,0,976.7,218,3.3,6.1,0,0,0,0,0,0,0,345,68,20,96
GVESTA,2004,9,23,2,15.7,58.5,10.4,7.6,6.7,11.3,32.7,0,976.5,234,2.9,5.8,0,0,0,0,0,0,0,342,60,20,96
GVESTA,2004,9,23,3,15.4,60.5,10.6,7.8,6.83,11.2,32.7,0,976.5,254,3.7,6.7,0,0,0,0,0,0,0,337,50,20,96
GVESTA,2004,9,23,4,14.9,63.3,10.7,8,6.89,11.1,32.4,0,976.2,248,4.3,7.3,0,0,0,0,0,0,0,343,60,20,96
GVESTA,2004,9,23,5,15,62.9,10.7,8,6.89,11.2,32.5,0,976.2,249,3.6,5.8,20,73,15,8,82,15,8,348,68,20,96
GVESTA,2004,9,23,6,15.4,63,11,8.4,7.09,11.5,33.4,0,975.4,234,2.7,5.2,157,404,66,38,442,154,38,337,45,20,96
GVESTA,2004,9,23,7,15.8,63.5,11.4,8.9,7.35,11.9,34.5,0,975.7,228,3.2,6.8,259,274,154,84,347,227,84,348,60,20,96
GVESTA,2004,9,23,8,16.7,62,11.8,9.4,7.62,12.6,36.1,0,975.2,226,3.7,7.3,356,250,229,125,340,302,124,358,75,20,96
GVESTA,2004,9,23,9,17.8,59.4,12.1,9.8,7.82,13.2,37.7,0,974.8,231,4.5,7.1,376,161,275,154,257,293,152,360,75,20,96
GVESTA,2004,9,23,10,18.2,59.5,12.4,10.2,8.02,13.6,38.6,0,974.6,224,4.5,8.1,343,53,307,177,199,224,175,376,100,20,96
GVESTA,2004,9,23,11,18.5,59.6,12.7,10.5,8.21,13.8,39.4,0,974.3,222,4.3,8.1,256,9,250,145,146,151,144,378,100,20,96
GVESTA,2004,9,23,12,18.1,62.8,13,10.9,8.42,13.9,39.5,0,973.9,234,4.9,8.9,112,0,112,65,65,64,64,380,100,20,96
GVESTA,2004,9,23,13,18.2,64.5,13.5,11.4,8.75,14.2,40.5,0,973.1,233,4.8,8.7,92,0,92,54,53,53,53,381,100,20,96
GVESTA,2004,9,23,14,19.6,61.1,13.9,11.9,9.02,15,42.6,0,972.8,236,5.2,9.3,149,23,139,81,80,93,101,382,100,20,96
GVESTA,2004,9,23,15,19.3,63.1,14.1,12.1,9.16,15,42.6,0,972,239,4.9,9,175,117,139,79,78,128,194,382,100,20,96
GVESTA,2004,9,23,16,19.4,63.5,14.3,12.3,9.29,15.1,43.1,0,971.7,228,4.1,9.6,45,14,42,25,24,28,39,383,100,20,96
GVESTA,2004,9,23,17,18.9,66.4,14.5,12.5,9.42,15,42.9,0,972,228,4.5,8.4,0,0,0,0,0,0,0,383,100,20,96
GVESTA,2004,9,23,18,18.4,68.5,14.5,12.5,9.43,14.8,42.4,0,971.2,229,4,8.4,0,0,0,0,0,0,0,384,100,20,96
GVESTA,2004,9,23,19,18.2,70.3,14.7,12.7,9.57,14.9,42.5,0,970.6,237,4.3,8.4,0,0,0,0,0,0,0,383,100,20,96
GVESTA,2004,9,23,20,17.9,73.5,15.1,13.1,9.83,15,42.9,0,970.3,230,4.6,9,0,0,0,0,0,0,0,382,100,20,96
GVESTA,2004,9,23,21,17.5,80.5,16.1,14.1,10.5,15.4,44.2,0.6,969.7,234,3.7,7.3,0,0,0,0,0,0,0,381,100,20,96
GVESTA,2004,9,23,22,17.2,82,16.1,14.1,10.51,15.3,43.9,0,969,230,3.3,6.2,0,0,0,0,0,0,0,380,100,20,96
GVESTA,2004,9,23,23,17,82,15.9,13.9,10.39,15.1,43.4,0,968.2,235,4.2,7.5,0,0,0,0,0,0,0,378,100,20,96
GVESTA,2004,9,24,0,17.1,82,16,14,10.46,15.2,43.7,0.1,967.5,226,3.4,7.9,0,0,0,0,0,0,0,376,100,20,96
GVESTA,2004,9,24,1,17.1,84.1,16.4,14.4,10.73,15.4,44.4,3,966.7,233,2.7,6.7,0,0,0,0,0,0,0,374,100,20,96
GVESTA,2004,9,24,2,17.1,84.7,16.5,14.5,10.8,15.5,44.6,1.6,966.4,241,2.7,6.1,0,0,0,0,0,0,0,370,100,20,96
GVESTA,2004,9,24,3,16.3,78.7,14.6,12.6,9.53,14.1,40.5,0,967.1,303,3,6.5,0,0,0,0,0,0,0,366,100,20,96
GVESTA,2004,9,24,4,14.7,69.6,11.6,9.2,7.55,11.6,33.9,0,967.5,357,4.6,9,0,0,0,0,0,0,0,362,100,20,96
GVESTA,2004,9,24,5,14.3,70,11.4,8.9,7.41,11.3,33.1,0,968.4,46,3.4,9,19,81,14,8,90,16,8,345,80,20,96
GVESTA,2004,9,24,6,13.9,72.3,11.5,9,7.47,11.2,32.8,0,969.1,54,2.7,7,134,248,84,46,298,116,46,327,60,20,96
GVESTA,2004,9,24,7,13.4,62.5,9.6,6.4,6.22,9.7,29.2,0,969.7,48,3.7,6.5,317,555,106,62,566,331,62,309,38,20,96
GVESTA,2004,9,24,8,14,53.1,8.5,4.6,5.5,9.2,28,0,970.4,58,4.4,8.5,469,665,138,80,604,503,81,295,20,20,96
GVESTA,2004,9,24,9,14.7,49,8.2,4.1,5.3,9.3,28.2,0,970.6,68,4.2,7.5,528,482,236,123,437,524,122,317,50,20,96
GVESTA,2004,9,24,10,15.5,44.3,7.8,3.4,5.04,9.4,28.3,0,970.1,70,4.4,8.6,601,524,250,130,349,607,130,312,45,20,96
GVESTA,2004,9,24,11,15.9,42,7.6,3,4.91,9.4,28.4,0,970.4,69,4.6,8.5,551,365,301,160,220,506,199,326,63,20,96
GVESTA,2004,9,24,12,16.3,40.9,7.6,3,4.91,9.6,28.8,0,969.9,29,5.7,12.1,515,321,305,160,159,460,333,329,68,20,96
GVESTA,2004,9,24,13,16.4,40.3,7.5,2.9,4.85,9.6,28.8,0,969.9,38,3.7,8.4,478,405,244,127,127,455,422,328,68,20,96
GVESTA,2004,9,24,14,15.4,42.4,7.4,2.7,4.78,9.1,27.6,0,970.4,16,3.1,6.9,229,49,206,118,117,147,162,343,88,20,96
GVESTA,2004,9,24,15,13.7,51.5,8.1,3.9,5.23,8.8,27,0,970.8,4,4.6,11.5,21,0,21,12,12,12,12,351,100,20,96
GVESTA,2004,9,24,16,13.3,53.6,8.2,4.1,5.3,8.7,26.7,0.1,971.2,27,2.5,5.7,8,0,8,5,5,5,5,349,100,20,96
GVESTA,2004,9,24,17,13.1,55.1,8.3,4.3,5.36,8.7,26.7,0,972.1,62,3.7,9,0,0,0,0,0,0,0,313,55,20,96
GVESTA,2004,9,24,18,12.6,56.9,8.3,4.3,5.35,8.5,26.2,0,972.8,33,2.5,4.5,0,0,0,0,0,0,0,301,40,20,96
GVESTA,2004,9,24,19,12,57.2,8,3.8,5.15,8,25.1,0,973.5,21,2.3,4.5,0,0,0,0,0,0,0,320,68,20,96
GVESTA,2004,9,24,20,11.9,59.6,8.3,4.3,5.35,8.1,25.5,0,973.4,46,3.8,7.9,0,0,0,0,0,0,0,325,75,20,96
GVESTA,2004,9,24,21,11.7,58.3,8,3.8,5.15,7.8,24.8,0,973.8,44,2.8,5.1,0,0,0,0,0,0,0,314,63,20,96
GVESTA,2004,9,24,22,11.5,62.5,8.5,4.6,5.48,8.1,25.4,0,973.9,43,2.4,4.3,0,0,0,0,0,0,0,313,63,20,96
GVESTA,2004,9,24,23,12.1,60.1,8.5,4.6,5.48,8.3,26,0,973.6,48,1.3,3,0,0,0,0,0,0,0,297,42,20,96
GVESTA,2004,9,25,0,11.8,62.2,8.6,4.8,5.54,8.3,25.8,0,973.7,24,1.3,3.2,0,0,0,0,0,0,0,282,21,17,96
GVESTA,2004,9,25,1,12.1,60.1,8.5,4.6,5.48,8.3,26,0,973.8,45,0.6,3.1,0,0,0,0,0,0,0,266,0,17,96
GVESTA,2004,9,25,2,10.9,66.9,8.7,5,5.6,7.9,25.1,0,974.3,117,0.7,1.9,0,0,0,0,0,0,0,281,20,17,96
GVESTA,2004,9,25,3,10.3,69.6,8.7,5,5.6,7.7,24.5,0,974.3,326,0.4,2.4,0,0,0,0,0,0,0,299,45,17,96
GVESTA,2004,9,25,4,11.5,62.5,8.5,4.6,5.47,8.1,25.4,0,974.6,90,0.1,1.7,0,0,0,0,0,0,0,303,50,17,96
GVESTA,2004,9,25,5,10.8,67.4,8.7,5,5.6,7.9,25,0,975,225,0.3,1.3,23,96,17,9,106,20,9,300,45,17,96
GVESTA,2004,9,25,6,10.9,70.7,9.2,5.8,5.92,8.3,25.9,0,975.2,326,0.5,1.9,162,489,59,32,519,171,32,304,50,17,96
GVESTA,2004,9,25,7,12.3,63.6,9.1,5.6,5.85,8.9,27.1,0,976,77,0.9,3.9,227,176,165,89,261,177,88,342,100,17,96
GVESTA,2004,9,25,8,12.5,61.5,8.9,5.3,5.72,8.8,27,0,976.6,72,2.7,5.8,168,30,154,86,113,105,85,344,100,17,96
GVESTA,2004,9,25,9,11.9,69.5,9.7,6.5,6.24,9.1,27.7,0.3,976.8,55,1.7,4.4,151,2,150,85,86,85,84,347,100,17,96
GVESTA,2004,9,25,10,12.6,69.1,10.1,7.1,6.5,9.7,29.1,0,976.9,330,0.9,4.2,278,17,267,151,156,163,149,349,100,17,96
GVESTA,2004,9,25,11,13.1,65.1,9.8,6.7,6.3,9.7,29.1,0,976.8,360,1.2,3.4,453,166,340,182,202,345,216,351,100,17,96
GVESTA,2004,9,25,12,13.6,63.5,9.9,6.8,6.37,10,29.8,0,976.1,17,1.2,4.1,480,261,310,160,159,406,302,335,75,17,96
GVESTA,2004,9,25,13,14.1,63.6,10.2,7.3,6.57,10.4,30.8,0.1,976.4,57,1.8,4.2,319,127,244,132,131,239,221,352,100,17,96
GVESTA,2004,9,25,14,14.4,61.5,10.1,7.1,6.5,10.5,30.9,0,976.5,83,2.7,5.2,237,94,196,108,107,165,195,352,100,17,96
GVESTA,2004,9,25,15,14.1,62.7,10.1,7.1,6.5,10.4,30.6,0,976.6,63,2.7,5.4,220,300,128,66,66,199,362,334,75,17,96
GVESTA,2004,9,25,16,14.2,61,9.9,6.8,6.37,10.3,30.4,0,977.2,22,2.3,4.1,41,22,37,21,21,26,43,351,100,17,96
GVESTA,2004,9,25,17,13.3,67.4,10.3,7.4,6.62,10.1,30.1,0,977.9,56,2.1,7.4,0,0,0,0,0,0,0,351,100,17,96
GVESTA,2004,9,25,18,13.1,65.6,9.9,6.8,6.36,9.8,29.2,0,978.2,17,1.1,2.4,0,0,0,0,0,0,0,350,100,17,96
GVESTA,2004,9,25,19,13,64.6,9.7,6.5,6.23,9.6,28.8,0,978.5,90,0.5,1.8,0,0,0,0,0,0,0,350,100,17,96
GVESTA,2004,9,25,20,13.4,61.3,9.4,6.1,6.03,9.6,28.7,0,978.5,270,0.4,2.6,0,0,0,0,0,0,0,349,100,17,96
GVESTA,2004,9,25,21,12.8,65,9.6,6.4,6.17,9.5,28.4,0,978.1,153,0.3,1.8,0,0,0,0,0,0,0,349,100,17,96
GVESTA,2004,9,25,22,12.1,65.8,9.3,5.9,5.97,8.9,27.2,0,978.3,27,0.3,1.6,0,0,0,0,0,0,0,348,100,17,96
GVESTA,2004,9,25,23,12.8,65.5,9.7,6.5,6.23,9.5,28.6,0,978.3,0,0.1,1.2,0,0,0,0,0,0,0,348,100,17,96
GVESTA,2004,9,26,0,12.9,66,9.8,6.7,6.29,9.6,28.9,0,978.4,270,0.1,0.8,0,0,0,0,0,0,0,347,100,17,96
GVESTA,2004,9,26,1,12.9,66,9.8,6.7,6.3,9.6,28.9,0,978.1,360,0.1,1.4,0,0,0,0,0,0,0,347,100,17,96
GVESTA,2004,9,26,2,12.5,68.2,9.9,6.8,6.36,9.5,28.6,0,978.1,315,0.2,0.9,0,0,0,0,0,0,0,347,100,17,96
GVESTA,2004,9,26,3,13.3,62.1,9.5,6.2,6.1,9.6,28.8,0,978,45,0.1,1,0,0,0,0,0,0,0,346,100,17,96
GVESTA,2004,9,26,4,12.3,68.6,9.8,6.7,6.3,9.4,28.2,0,978.1,288,0.5,1.4,0,0,0,0,0,0,0,346,100,17,96
GVESTA,2004,9,26,5,12.4,67.2,9.7,6.5,6.23,9.3,28.2,0,978,333,0.4,2.5,15,45,12,7,52,12,7,346,100,17,96
GVESTA,2004,9,26,6,12.6,63.7,9.3,5.9,5.97,9.1,27.7,0,978.2,63,0.3,2.1,79,28,72,41,69,49,40,346,100,17,96
GVESTA,2004,9,26,7,12.7,65.5,9.6,6.4,6.16,9.4,28.3,0,978.4,18,0.7,2,220,172,161,87,254,172,86,339,88,17,96
GVESTA,2004,9,26,8,12.7,65.9,9.7,6.5,6.23,9.5,28.5,0,978.8,40,1.7,2.9,251,55,224,125,172,161,123,349,100,17,96
GVESTA,2004,9,26,9,13,63.3,9.5,6.2,6.1,9.5,28.5,0,978.8,67,2.6,4.8,190,2,189,107,107,106,106,351,100,17,96
GVESTA,2004,9,26,10,13.4,61.7,9.5,6.2,6.1,9.6,28.9,0,978.5,66,2.5,4.4,374,138,282,152,207,284,150,344,88,17,96
GVESTA,2004,9,26,11,14.5,53.2,8.8,5.1,5.64,9.7,28.8,0,978.6,86,2.8,6.5,479,217,332,174,203,389,216,337,75,17,96
GVESTA,2004,9,26,12,14.9,52.6,8.9,5.3,5.71,9.9,29.4,0,978.2,84,2.8,6.3,441,196,316,167,166,351,277,357,100,17,96
GVESTA,2004,9,26,13,15.2,52.7,9.1,5.6,5.84,10.2,30.1,0,978,73,3.2,6.2,449,362,244,123,123,418,389,339,75,17,96
GVESTA,2004,9,26,14,15.3,53.4,9.3,5.9,5.97,10.3,30.5,0,977.8,66,3.7,7,346,348,189,96,96,323,405,348,88,17,96
GVESTA,2004,9,26,15,15,56.8,9.7,6.5,6.23,10.5,30.8,0,977.9,55,3.7,5.8,197,212,131,69,69,167,278,357,100,17,96
GVESTA,2004,9,26,16,15.2,59.6,10.3,7.4,6.62,11,32,0,978.1,63,2.9,5.3,87,245,55,29,29,81,279,343,80,17,96
GVESTA,2004,9,26,17,14.8,63.7,10.7,8,6.88,11.1,32.3,0,978.7,39,2,4.5,0,0,0,0,0,0,0,348,88,17,96
GVESTA,2004,9,26,18,14.7,65,10.9,8.2,7,11.1,32.5,0,979,22,1.1,2.5,0,0,0,0,0,0,0,348,88,17,96
GVESTA,2004,9,26,19,14.7,65,10.9,8.2,7,11.1,32.5,0,979.4,54,1.8,4.6,0,0,0,0,0,0,0,314,38,17,96
GVESTA,2004,9,26,20,14,67.1,10.7,8,6.87,10.7,31.4,0,979.5,34,2.4,4,0,0,0,0,0,0,0,288,0,17,96
GVESTA,2004,9,26,21,13.1,69.7,10.5,7.7,6.74,10.2,30.2,0,979.7,34,1.9,3.1,0,0,0,0,0,0,0,308,33,17,96
GVESTA,2004,9,26,22,13,68.8,10.3,7.4,6.61,10,29.8,0,979.6,42,1.5,2.8,0,0,0,0,0,0,0,306,33,17,96
GVESTA,2004,9,26,23,13,69.7,10.4,7.6,6.68,10.1,29.9,0,979.2,41,1.1,2.3,0,0,0,0,0,0,0,298,22,17,96
GVESTA,2004,9,27,0,13,68.8,10.3,7.4,6.61,10,29.8,0,979.4,117,0.3,1.7,0,0,0,0,0,0,0,291,11,17,96
GVESTA,2004,9,27,1,12.1,70,9.9,6.8,6.35,9.3,28.2,0,979.5,270,0.2,1.2,0,0,0,0,0,0,0,283,0,17,96
GVESTA,2004,9,27,2,10.5,74.7,9.5,6.2,6.09,8.3,25.9,0,979.5,249,0.8,2.2,0,0,0,0,0,0,0,308,40,17,96
GVESTA,2004,9,27,3,10.5,72.6,9.2,5.8,5.9,8.1,25.4,0,979.6,261,0.6,1.8,0,0,0,0,0,0,0,309,43,17,96
GVESTA,2004,9,27,4,10.4,74.7,9.4,6.1,6.03,8.2,25.6,0,979.7,252,0.3,1.1,0,0,0,0,0,0,0,328,75,17,96
GVESTA,2004,9,27,5,10.7,74.7,9.6,6.4,6.15,8.5,26.3,0,980.4,252,0.3,1.2,3,0,3,2,2,2,2,330,80,17,96
GVESTA,2004,9,27,6,10.9,75.8,9.9,6.8,6.35,8.8,26.9,0,980.2,360,0.1,1.1,127,262,70,37,299,122,37,331,80,17,96
GVESTA,2004,9,27,7,12.4,73,10.5,7.7,6.73,9.9,29.5,0,980.3,135,0.2,1.8,224,181,159,85,259,183,84,333,75,17,96
GVESTA,2004,9,27,8,12.8,74.6,11,8.4,7.06,10.4,30.7,0,980.3,107,1.4,3.7,448,648,124,72,556,494,72,323,50,17,96
GVESTA,2004,9,27,9,13.4,72.7,11.2,8.6,7.19,10.8,31.6,0,980.2,69,1.2,4,554,667,155,87,463,609,87,309,20,17,96
GVESTA,2004,9,27,10,14.8,67.7,11.4,8.9,7.32,11.5,33.4,0,979.7,69,1.7,4.8,630,725,154,90,321,701,91,308,13,17,96
GVESTA,2004,9,27,11,16,55.1,10,7,6.42,11.1,32.3,0,979.4,66,2.7,5.8,588,520,240,120,177,604,195,328,38,17,96
GVESTA,2004,9,27,12,17.1,48.6,9.5,6.2,6.1,11.2,32.6,0,978.8,63,3.5,5.9,568,555,214,108,108,595,372,329,33,17,96
GVESTA,2004,9,27,13,17.9,43.4,8.9,5.3,5.71,11.2,32.5,0,978.2,61,3.1,5.2,464,444,213,108,107,462,420,345,58,17,96
GVESTA,2004,9,27,14,18.1,46.3,9.6,6.4,6.17,11.7,33.8,0,977.9,69,3.4,6.4,304,238,196,103,102,262,313,364,88,17,96
GVESTA,2004,9,27,15,18,49.6,10.2,7.3,6.56,12.1,34.7,0,977.9,66,2,4.2,97,9,94,53,53,56,61,371,100,17,96
GVESTA,2004,9,27,16,18.2,49.9,10.4,7.6,6.69,12.3,35.3,0,977.6,45,0.9,2.4,68,146,50,27,27,57,175,370,100,17,96
GVESTA,2004,9,27,17,17.5,56.6,11.3,8.8,7.27,12.6,36,0,978.3,29,1.1,1.9,0,0,0,0,0,0,0,359,80,17,96
GVESTA,2004,9,27,18,17.1,58.9,11.5,9,7.4,12.5,35.9,0,978.5,315,0.4,1.3,0,0,0,0,0,0,0,322,13,17,96
GVESTA,2004,9,27,19,16.8,61.6,11.8,9.4,7.59,12.6,36.1,0,979,243,0.3,0.9,0,0,0,0,0,0,0,345,58,17,96
GVESTA,2004,9,27,20,16.4,65.4,12.2,9.9,7.85,12.7,36.4,0,979.1,360,0.3,1.2,0,0,0,0,0,0,0,349,68,17,96
GVESTA,2004,9,27,21,16.5,65,12.2,9.9,7.85,12.7,36.5,0,979.1,56,0.4,1.1,0,0,0,0,0,0,0,333,40,17,96
GVESTA,2004,9,27,22,16.3,66.3,12.3,10,7.91,12.7,36.4,0,978.9,0,0,0.5,0,0,0,0,0,0,0,340,55,17,96
GVESTA,2004,9,27,23,15.8,70.3,12.6,10.4,8.11,12.7,36.4,0,978.8,270,0.3,1.3,0,0,0,0,0,0,0,335,48,17,96
GVESTA,2004,9,28,0,15.9,69.8,12.6,10.4,8.11,12.7,36.5,0,978.9,153,0.2,1.3,0,0,0,0,0,0,0,329,40,18,96
GVESTA,2004,9,28,1,15.4,71.1,12.4,10.2,7.98,12.4,35.7,0,978.4,360,0.1,0.9,0,0,0,0,0,0,0,324,33,18,96
GVESTA,2004,9,28,2,14.4,73.9,12.1,9.8,7.79,11.8,34.2,0,978.2,37,0.5,1.2,0,0,0,0,0,0,0,333,50,18,96
GVESTA,2004,9,28,3,14,73.8,11.8,9.4,7.6,11.4,33.3,0,978.1,0,0,0.7,0,0,0,0,0,0,0,345,75,18,96
GVESTA,2004,9,28,4,13.8,73.7,11.6,9.2,7.47,11.2,32.7,0,978,45,0.1,0.9,0,0,0,0,0,0,0,333,55,18,96
GVESTA,2004,9,28,5,12.6,75.6,11,8.4,7.07,10.3,30.5,0,978.1,270,0.1,1.4,14,0,14,9,9,8,9,343,75,18,96
GVESTA,2004,9,28,6,12.5,77.1,11.2,8.6,7.2,10.4,30.7,0,978.2,45,0.2,0.9,119,231,75,40,273,111,40,350,88,18,96
GVESTA,2004,9,28,7,13.2,79.3,12,9.7,7.72,11.2,32.8,0,978.5,360,0.5,1.2,232,336,124,70,384,221,69,343,68,18,96
GVESTA,2004,9,28,8,15.1,71.5,12.3,10,7.92,12.2,35.2,0,978.6,90,0.3,2.2,415,516,163,84,497,440,84,334,45,18,96
GVESTA,2004,9,28,9,16.2,68.5,12.6,10.4,8.12,12.9,36.8,0,978.1,76,0.6,3.2,474,392,241,123,375,460,122,355,75,18,96
GVESTA,2004,9,28,10,17.3,61.8,12.2,9.9,7.86,13,37.3,0,978,90,1.3,3.6,505,341,284,146,299,469,145,366,88,18,96
GVESTA,2004,9,28,11,17.9,59.1,12.1,9.8,7.8,13.2,37.8,0,977.3,94,1.4,4.6,578,507,241,122,176,597,198,352,58,18,96
GVESTA,2004,9,28,12,18.9,55.9,12.2,9.9,7.87,13.7,39,0,976.7,93,2.1,5.1,554,530,219,112,112,581,367,340,33,18,96
GVESTA,2004,9,28,13,19.5,53.8,12.2,9.9,7.87,13.9,39.6,0,976.4,107,2.5,4.4,447,407,219,112,112,441,399,357,63,18,96
GVESTA,2004,9,28,14,19.8,53.2,12.3,10,7.94,14.1,40.1,0,975.8,62,2.2,4.5,356,457,157,81,81,368,478,356,63,18,96
GVESTA,2004,9,28,15,19.7,54.2,12.4,10.2,8.01,14.1,40.1,0,975.1,74,2.2,4.6,243,567,77,43,43,280,580,326,13,18,96
GVESTA,2004,9,28,16,19.7,57.2,13.1,11,8.47,14.5,41.3,0,975.3,67,2.1,3.4,81,295,41,22,22,90,319,318,0,18,96
GVESTA,2004,9,28,17,18.7,61.3,13.2,11.1,8.53,14.2,40.4,0,975.5,61,1.2,3.3,0,0,0,0,0,0,0,342,43,18,96
GVESTA,2004,9,28,18,17.7,66.1,13.4,11.3,8.66,13.9,39.7,0,975.7,360,0.2,1.1,0,0,0,0,0,0,0,346,50,18,96
GVESTA,2004,9,28,19,18.4,63.3,13.4,11.3,8.66,14.2,40.4,0,976.1,0,0,0,0,0,0,0,0,0,0,329,25,18,96
GVESTA,2004,9,28,20,18.9,62.1,13.6,11.5,8.79,14.5,41.3,0,975.6,270,0.1,1,0,0,0,0,0,0,0,313,0,18,96
GVESTA,2004,9,28,21,17.9,67.5,13.8,11.8,8.92,14.3,40.6,0,975.7,288,0.3,2.2,0,0,0,0,0,0,0,333,38,18,96
GVESTA,2004,9,28,22,17.4,68.3,13.6,11.5,8.79,13.9,39.8,0,975.6,270,0.1,1,0,0,0,0,0,0,0,317,13,18,96
GVESTA,2004,9,28,23,16.2,72.2,13.3,11.2,8.6,13.3,38,0,975.6,297,0.2,1.7,0,0,0,0,0,0,0,322,24,18,96
GVESTA,2004,9,29,0,16.4,72.3,13.5,11.4,8.73,13.5,38.6,0,975.5,225,0.2,1.2,0,0,0,0,0,0,0,328,34,18,96
GVESTA,2004,9,29,1,16,74.1,13.5,11.4,8.74,13.3,38.2,0,974.8,270,0.5,1.5,0,0,0,0,0,0,0,334,44,18,96
GVESTA,2004,9,29,2,16.2,73.7,13.6,11.5,8.8,13.4,38.6,0,974.9,315,0.4,1.6,0,0,0,0,0,0,0,339,55,18,96
GVESTA,2004,9,29,3,16.8,71.9,13.7,11.7,8.86,13.8,39.3,0,975.2,333,0.2,0.9,0,0,0,0,0,0,0,331,40,18,96
GVESTA,2004,9,29,4,16.8,70.9,13.6,11.5,8.8,13.7,39.2,0,975.2,45,0.2,1.1,0,0,0,0,0,0,0,339,55,18,96
GVESTA,2004,9,29,5,16.3,74.2,13.7,11.7,8.86,13.6,38.8,0,975.2,63,0.3,1.4,1,0,1,1,1,1,1,357,88,18,96
GVESTA,2004,9,29,6,15.8,74.6,13.4,11.3,8.67,13.2,37.8,0,975.2,79,0.6,1.4,47,10,45,25,36,29,25,365,100,18,96
GVESTA,2004,9,29,7,16,73.6,13.4,11.3,8.66,13.2,38,0,975.6,117,0.5,1.3,79,4,78,44,48,46,44,368,100,18,96
GVESTA,2004,9,29,8,16.6,73.8,13.9,11.9,8.99,13.8,39.4,0,975.9,252,0.7,3.3,133,0,133,76,76,74,75,371,100,18,96
GVESTA,2004,9,29,9,16.9,70.5,13.6,11.5,8.8,13.7,39.3,0,975.4,242,1.7,3.7,390,190,278,149,273,317,147,367,88,18,96
GVESTA,2004,9,29,10,17.4,66.5,13.2,11.1,8.53,13.7,39.1,0,975.4,266,1.7,4,478,280,298,155,278,425,154,356,63,18,96
GVESTA,2004,9,29,11,18.5,63.7,13.6,11.5,8.8,14.3,40.9,0,974.7,277,1.8,4.2,534,401,270,139,191,521,189,359,63,18,96
GVESTA,2004,9,29,12,19.4,61.4,13.8,11.8,8.93,14.8,42.2,0,974.6,257,2.6,5.1,540,501,226,115,115,563,362,359,60,18,96
GVESTA,2004,9,29,13,20.2,60,14.2,12.2,9.2,15.3,43.7,0,974.1,248,2.1,5.4,437,391,223,114,114,430,397,367,75,18,96
GVESTA,2004,9,29,14,21,58.3,14.5,12.5,9.4,15.8,45,0,973.6,281,1.2,3.7,340,405,165,85,85,345,439,362,68,18,96
GVESTA,2004,9,29,15,21.4,58,14.8,12.8,9.6,16.1,45.9,0,973.4,261,1.8,3.7,189,260,109,58,58,181,308,366,75,18,96
GVESTA,2004,9,29,16,20.9,61,15.1,13.1,9.8,16.1,45.9,0,973.8,284,1.4,4.2,75,262,40,22,22,83,285,361,68,18,96
GVESTA,2004,9,29,17,18.5,69.9,14.9,12.9,9.66,15.1,43.1,0,974.5,47,1.9,3.9,0,0,0,0,0,0,0,354,58,18,96
GVESTA,2004,9,29,18,18.5,69.9,14.9,12.9,9.65,15.1,43.1,0,974.9,17,1.1,2.9,0,0,0,0,0,0,0,335,25,18,96
GVESTA,2004,9,29,19,18.4,68.9,14.6,12.6,9.45,14.9,42.5,0,975.4,236,0.4,1.1,0,0,0,0,0,0,0,326,13,18,96
GVESTA,2004,9,29,20,17.2,71.9,14.1,12.1,9.12,14.2,40.4,0,975.6,278,0.8,1.9,0,0,0,0,0,0,0,324,13,18,96
GVESTA,2004,9,29,21,17,71.9,13.9,11.9,8.99,14,39.9,0,975.8,259,0.5,1,0,0,0,0,0,0,0,321,13,18,96
GVESTA,2004,9,29,22,17,71.4,13.8,11.8,8.92,13.9,39.7,0,975.8,315,0.1,0.9,0,0,0,0,0,0,0,330,33,18,96
GVESTA,2004,9,29,23,17,71.9,13.9,11.9,8.99,14,39.9,0,975.8,243,0.2,0.9,0,0,0,0,0,0,0,323,22,18,96
GVESTA,2004,9,30,0,15.9,73.6,13.3,11.2,8.59,13.2,37.7,0,975.8,243,0.3,1.2,0,0,0,0,0,0,0,315,11,17,96
GVESTA,2004,9,30,1,15.9,70.8,12.8,10.6,8.27,12.8,36.9,0,975.5,270,0.1,1,0,0,0,0,0,0,0,308,0,17,96
GVESTA,2004,9,30,2,14.7,72.9,12.2,9.9,7.88,12,34.7,0,975.6,252,0.4,1.2,0,0,0,0,0,0,0,307,0,17,96
GVESTA,2004,9,30,3,14.5,71.9,11.9,9.5,7.68,11.7,34,0,975.6,90,0.3,1.4,0,0,0,0,0,0,0,306,0,17,96
GVESTA,2004,9,30,4,14.4,71.4,11.7,9.3,7.55,11.5,33.6,0,975.6,360,0.1,0.9,0,0,0,0,0,0,0,305,0,17,96
GVESTA,2004,9,30,5,13.6,77.8,12.1,9.8,7.81,11.5,33.4,0.1,975.7,284,0.6,1.7,13,0,13,8,8,8,8,311,13,17,96
GVESTA,2004,9,30,6,14.3,78.4,12.8,10.6,8.26,12.2,35.3,0.1,976.4,281,0.6,1.5,115,267,70,37,305,115,37,322,33,17,96
GVESTA,2004,9,30,7,14.8,80.1,13.5,11.4,8.72,12.8,36.9,0,976.7,59,0.5,2.1,229,234,146,77,298,206,76,322,25,17,96
GVESTA,2004,9,30,8,15.3,82.8,14.4,12.4,9.3,13.6,38.9,0,977.1,346,0.9,2,382,406,186,94,423,386,93,312,0,17,96
GVESTA,2004,9,30,9,16.6,76.7,14.5,12.5,9.37,14.1,40.4,0,977.2,27,0.8,5.1,521,600,169,92,426,574,92,323,13,17,96
GVESTA,2004,9,30,10,17.8,70.2,14.3,12.3,9.24,14.5,41.3,0,976.8,6,1.1,2.8,649,875,89,70,314,779,71,320,0,17,96
GVESTA,2004,9,30,11,19.3,64.7,14.5,12.5,9.38,15.2,43.2,0,976,98,1,2.8,620,701,161,93,132,703,174,332,13,17,96
GVESTA,2004,9,30,12,20.4,60.5,14.5,12.5,9.39,15.6,44.3,0,975.3,115,2,4.3,546,536,213,106,106,583,364,352,40,17,96
GVESTA,2004,9,30,13,21.4,57.6,14.7,12.7,9.52,16,45.7,0,975.5,117,1.6,3.7,440,414,214,107,107,442,403,374,75,17,96
GVESTA,2004,9,30,14,21.7,53.7,13.9,11.9,8.99,15.7,44.7,0,975.3,95,2.2,3.6,350,473,148,75,75,375,482,358,50,17,96
GVESTA,2004,9,30,15,21.8,52,13.6,11.5,8.8,15.6,44.3,0,974.9,93,1.8,3.6,237,590,70,39,39,288,594,350,38,17,96
GVESTA,2004,9,30,16,21.4,56.4,14.4,12.3,9.29,15.9,45.1,0,975.2,106,0.8,2.2,58,120,45,25,25,50,146,372,75,17,96
GVESTA,2004,9,30,17,21,59.8,14.8,12.8,9.6,16,45.4,0,975.5,270,0.3,1.2,0,0,0,0,0,0,0,371,75,17,96
GVESTA,2004,9,30,18,20.2,63.2,14.9,12.9,9.67,15.8,44.9,0,975.9,360,0.2,1.8,0,0,0,0,0,0,0,377,88,17,96
GVESTA,2004,9,30,19,19.5,66.4,15.1,13.1,9.75,15.6,44.4,0,976.2,124,0.5,1.9,0,0,0,0,0,0,0,374,88,17,96
GVESTA,2004,9,30,20,18.8,68.7,14.8,12.8,9.6,15.2,43.2,0,976.8,288,0.6,2.3,0,0,0,0,0,0,0,359,68,17,96
GVESTA,2004,9,30,21,18,71.3,14.7,12.7,9.48,14.8,42.1,0,977.5,326,0.5,1.9,0,0,0,0,0,0,0,324,13,17,96
GVESTA,2004,9,30,22,17.2,73.2,14.4,12.3,9.27,14.3,40.8,0,978.2,360,0.7,2,0,0,0,0,0,0,0,332,33,17,96
GVESTA,2004,9,30,23,16.4,75.1,14,12,9.03,13.8,39.4,0,979.2,270,0.3,1.5,0,0,0,0,0,0,0,320,16,17,96
GVESTA,2011,10,1,0,15.7,76.4,13.7,11.6,8.8,13.3,38.1,0,980,333,0.3,1.3,0,0,0,0,0,0,0,307,0,21,96
GVESTA,2011,10,1,1,15.1,77.8,13.3,11.2,8.57,12.8,36.8,0,980.8,252,0.6,1.4,0,0,0,0,0,0,0,306,0,21,96
GVESTA,2011,10,1,2,14.6,78.9,13.1,10.9,8.39,12.5,35.9,0,981.4,281,1.1,2,0,0,0,0,0,0,0,305,0,21,96
GVESTA,2011,10,1,3,14.2,80.1,13,10.8,8.33,12.3,35.3,0,982,297,0.4,1,0,0,0,0,0,0,0,304,19,21,96
GVESTA,2011,10,1,4,13.9,81,12.8,10.7,8.23,12,34.7,0,982.3,326,0.5,1.7,0,0,0,0,0,0,0,303,25,21,96
GVESTA,2011,10,1,5,14,81.9,13.1,10.9,8.38,12.2,35.2,0,982.5,278,0.7,1.5,5,0,5,3,3,3,3,302,25,21,96
GVESTA,2011,10,1,6,14,83.5,13.4,11.3,8.57,12.4,35.8,0,982.7,278,0.7,1.7,115,315,63,35,351,128,35,303,13,21,96
GVESTA,2011,10,1,7,14.8,83.9,14.1,12.1,9.05,13.2,37.8,0,983,259,1.1,2.2,193,139,148,85,218,156,84,306,25,21,96
GVESTA,2011,10,1,8,15.7,84,15,13,9.63,14.1,40.2,0,983.4,278,0.7,1.9,342,283,209,115,353,321,114,324,48,21,96
GVESTA,2011,10,1,9,17.3,79.4,15.7,13.7,10.09,15.1,43,0,983.2,360,0.3,1.4,511,567,183,107,438,570,107,316,31,21,96
GVESTA,2011,10,1,10,18.4,75.5,16,14,10.29,15.7,44.6,0,982.9,34,0.8,3.7,654,886,92,85,347,807,86,314,6,21,96
GVESTA,2011,10,1,11,19.2,74.2,16.5,14.5,10.63,16.3,46.3,0,982.3,81,1.9,4,664,857,107,90,121,812,192,317,0,21,96
GVESTA,2011,10,1,12,20.4,69.3,16.6,14.6,10.7,16.7,47.7,0,981.8,69,2.3,4.5,626,836,108,87,87,766,407,319,0,21,96
GVESTA,2011,10,1,13,21.5,65.2,16.7,14.7,10.77,17.2,49,0,981.4,83,2.5,4.2,538,805,100,77,77,663,568,319,0,21,96
GVESTA,2011,10,1,14,22.2,61.3,16.4,14.4,10.57,17.3,49.2,0,981.2,68,2.4,3.8,405,730,91,63,63,502,649,319,0,21,96
GVESTA,2011,10,1,15,22.3,60.5,16.3,14.3,10.51,17.2,49.1,0,981.1,61,2.3,4,247,622,69,44,44,313,625,319,0,21,96
GVESTA,2011,10,1,16,21.9,65.7,17.3,15.2,11.16,17.6,50.4,0,981.1,87,2,2.9,76,260,39,22,22,92,282,318,0,21,96
GVESTA,2011,10,1,17,20.3,75.4,18,15.8,11.62,17.4,49.9,0,981.3,70,1.3,1.9,0,0,0,0,0,0,0,318,0,21,96
GVESTA,2011,10,1,18,19.1,77.1,17,15,10.96,16.5,47,0,981.5,27,0.8,2.1,0,0,0,0,0,0,0,317,0,21,96
GVESTA,2011,10,1,19,18.7,75.6,16.3,14.3,10.5,16,45.4,0,982,309,0.6,1.7,0,0,0,0,0,0,0,314,0,21,96
GVESTA,2011,10,1,20,17.9,75.4,15.5,13.5,9.97,15.2,43.3,0,982.3,270,0.5,1,0,0,0,0,0,0,0,311,0,21,96
GVESTA,2011,10,1,21,16.9,76.8,14.8,12.8,9.51,14.4,41.1,0,982.5,304,0.7,1.6,0,0,0,0,0,0,0,307,25,21,96
GVESTA,2011,10,1,22,16.3,75.7,14,12,8.99,13.7,39.1,0,982.6,261,0.6,1.4,0,0,0,0,0,0,0,304,25,21,96
GVESTA,2011,10,1,23,15.3,77,13.4,11.3,8.6,13,37.1,0,982.6,326,0.4,1.5,0,0,0,0,0,0,0,301,25,21,96
GVESTA,2011,10,2,0,15.1,76.5,13.1,11,8.4,12.7,36.4,0,982.6,281,0.5,1.1,0,0,0,0,0,0,0,299,0,21,96
GVESTA,2011,10,2,1,14.5,76.4,12.6,10.4,8.08,12.2,35,0,982.3,297,0.6,1.4,0,0,0,0,0,0,0,297,0,21,96
GVESTA,2011,10,2,2,14.1,76.3,12.3,10,7.89,11.8,34.1,0,982.1,270,0.6,1.2,0,0,0,0,0,0,0,296,0,21,96
GVESTA,2011,10,2,3,13.3,78.8,12,9.7,7.69,11.3,32.8,0,982.1,286,0.8,1.3,0,0,0,0,0,0,0,295,0,21,96
GVESTA,2011,10,2,4,13.4,79.3,12.2,9.9,7.82,11.4,33.2,0,982.2,297,0.6,1.5,0,0,0,0,0,0,0,294,0,21,96
GVESTA,2011,10,2,5,13.8,82.6,13,10.9,8.34,12.1,34.9,0,982.5,315,0.5,1.2,6,0,6,4,4,4,4,297,0,21,96
GVESTA,2011,10,2,6,14.1,86.6,13.9,11.9,8.92,12.8,36.7,0,982.8,281,0.6,1.3,108,278,65,37,315,118,37,293,0,21,96
GVESTA,2011,10,2,7,15.1,86.7,14.9,12.9,9.57,13.8,39.4,0,982.9,326,0.4,1.3,203,167,149,84,245,173,83,297,0,21,96
GVESTA,2011,10,2,8,15.4,86.7,15.2,13.2,9.77,14.1,40.2,0,982.7,326,0.5,1.7,346,309,198,110,358,337,110,305,35,21,96
GVESTA,2011,10,2,9,16.4,83,15.5,13.5,9.97,14.6,41.7,0,982.6,284,1,2.8,573,816,109,82,527,709,83,314,23,21,96
GVESTA,2011,10,2,10,18,77.5,16,14,10.3,15.5,44.2,0,981.9,108,0.9,3,662,897,98,87,354,825,88,308,0,21,96
GVESTA,2011,10,2,11,19.5,70.1,15.9,13.9,10.25,16,45.6,0,981.2,45,1.3,5.4,662,854,111,90,121,817,195,322,6,21,96
GVESTA,2011,10,2,12,21,64.7,16.1,14.1,10.38,16.7,47.5,0,980.5,53,1.1,3.7,619,814,119,89,89,760,408,314,0,21,96
GVESTA,2011,10,2,13,22,59.3,15.7,13.7,10.12,16.8,47.9,0,980.2,81,1.4,3.6,534,796,104,77,78,663,567,314,0,21,96
GVESTA,2011,10,2,14,22.9,53.3,14.9,12.9,9.6,16.7,47.5,0,980,86,1.5,4.4,403,736,91,62,63,507,655,314,6,21,96
GVESTA,2011,10,2,15,23.8,48.2,14.2,12.2,9.15,16.6,47.2,0,979.8,48,1.4,3.2,242,606,73,45,45,311,613,315,25,21,96
GVESTA,2011,10,2,16,22.6,53.9,14.8,12.8,9.54,16.5,47,0,979.6,90,1.9,2.8,74,267,37,21,21,93,288,324,6,21,96
GVESTA,2011,10,2,17,20.7,59.4,14.5,12.5,9.34,15.7,44.5,0,980.1,51,0.6,2.2,0,0,0,0,0,0,0,315,0,21,96
GVESTA,2011,10,2,18,20.4,62.9,15.1,13.1,9.73,15.9,45.2,0,980.6,333,0.2,1,0,0,0,0,0,0,0,314,0,21,96
GVESTA,2011,10,2,19,19.6,66.5,15.2,13.2,9.79,15.7,44.6,0,980.8,45,0.1,0.6,0,0,0,0,0,0,0,311,0,21,96
GVESTA,2011,10,2,20,18.6,69.9,15,13,9.66,15.2,43.2,0,981.1,297,0.4,1.8,0,0,0,0,0,0,0,308,0,21,96
GVESTA,2011,10,2,21,17.4,73.4,14.6,12.6,9.4,14.5,41.3,0,981.1,288,0.4,1,0,0,0,0,0,0,0,305,6,21,96
GVESTA,2011,10,2,22,16.2,76.2,14,12,9,13.7,39.1,0,981.1,326,0.4,0.9,0,0,0,0,0,0,0,302,25,21,96
GVESTA,2011,10,2,23,15,78.5,13.4,11.3,8.61,12.8,36.9,0,980.9,315,0.7,1.4,0,0,0,0,0,0,0,299,25,21,96
GVESTA,2011,10,3,0,14.9,77.5,13.1,11,8.42,12.6,36.3,0,980.8,315,0.5,1.2,0,0,0,0,0,0,0,297,0,19,96
GVESTA,2011,10,3,1,14.4,76.4,12.5,10.3,8.03,12.1,34.8,0,980.5,270,0.6,1.3,0,0,0,0,0,0,0,296,0,19,96
GVESTA,2011,10,3,2,13.8,77.3,12.2,9.9,7.84,11.6,33.7,0,980.4,286,0.8,1.7,0,0,0,0,0,0,0,295,0,19,96
GVESTA,2011,10,3,3,13.6,75.7,11.8,9.4,7.58,11.3,32.8,0,980.4,286,0.7,1.3,0,0,0,0,0,0,0,294,0,19,96
GVESTA,2011,10,3,4,13.4,76.7,11.8,9.4,7.58,11.2,32.6,0,980.4,307,0.5,1.3,0,0,0,0,0,0,0,293,0,19,96
GVESTA,2011,10,3,5,13,79.3,11.9,9.5,7.64,11.1,32.4,0,980.9,278,0.8,1.8,4,0,4,3,2,2,2,292,0,19,96
GVESTA,2011,10,3,6,12.6,81.4,11.9,9.5,7.64,10.9,31.9,0,981.3,301,0.7,1.4,121,410,50,28,432,157,28,293,6,19,96
GVESTA,2011,10,3,7,14.6,78.5,13,10.9,8.35,12.5,35.8,0,981.5,292,0.6,1.4,289,652,78,46,634,370,47,296,0,19,96
GVESTA,2011,10,3,8,16.6,74.7,14.1,12.1,9.06,13.9,39.6,0,981.6,297,0.3,1.6,448,782,88,60,641,567,61,300,0,19,96
GVESTA,2011,10,3,9,18.6,70.3,15.1,13.1,9.72,15.2,43.3,0,981.5,60,0.9,3.1,567,837,97,72,524,709,72,303,0,19,96
GVESTA,2011,10,3,10,19.8,65.3,15.1,13.1,9.72,15.7,44.6,0,981.4,51,1.3,3.2,640,861,102,79,337,795,80,307,0,19,96
GVESTA,2011,10,3,11,21.3,60.7,15.4,13.4,9.92,16.4,46.6,0,980.8,50,0.9,3,659,867,104,81,111,817,184,321,0,19,96
GVESTA,2011,10,3,12,22,57.8,15.3,13.3,9.86,16.6,47.2,0,980.1,72,2,5.2,618,837,108,79,79,766,401,312,0,19,96
GVESTA,2011,10,3,13,22.9,54.7,15.3,13.3,9.87,16.9,48.1,0,979.6,69,1.7,3.9,533,819,95,69,69,669,567,311,0,19,96
GVESTA,2011,10,3,14,23.9,51.5,15.3,13.3,9.87,17.2,49.2,0,979.3,77,1.8,4.6,398,737,89,57,57,504,648,310,0,19,96
GVESTA,2011,10,3,15,24.4,50.3,15.4,13.4,9.94,17.5,49.9,0,978.9,69,1.9,3.9,235,595,72,41,41,304,600,309,0,19,96
GVESTA,2011,10,3,16,23.4,55.5,16,14,10.33,17.4,49.8,0,979.2,47,1.8,2.8,67,262,32,17,17,89,278,313,0,19,96
GVESTA,2011,10,3,17,21.5,64.4,16.5,14.5,10.65,17.1,48.7,0,979.8,27,0.9,2.8,0,0,0,0,0,0,0,307,0,19,96
GVESTA,2011,10,3,18,20.2,68,16.1,14.1,10.39,16.4,46.7,0,980.1,329,0.7,1.8,0,0,0,0,0,0,0,305,0,19,96
GVESTA,2011,10,3,19,19.5,68.3,15.5,13.5,9.99,15.8,45,0,980.5,270,0.6,2.5,0,0,0,0,0,0,0,302,0,19,96
GVESTA,2011,10,3,20,19,69.1,15.2,13.2,9.79,15.4,43.9,0,980.8,315,0.5,1.1,0,0,0,0,0,0,0,299,0,19,96
GVESTA,2011,10,3,21,17.8,71.1,14.5,12.5,9.33,14.6,41.5,0,981,315,0.4,1.1,0,0,0,0,0,0,0,297,0,19,96
GVESTA,2011,10,3,22,16.6,74.7,14.1,12.1,9.07,13.9,39.6,0,981.3,270,0.7,1.6,0,0,0,0,0,0,0,294,0,19,96
GVESTA,2011,10,3,23,15.8,75.1,13.5,11.4,8.68,13.2,37.8,0,981.2,270,0.6,1.3,0,0,0,0,0,0,0,291,13,19,96
GVESTA,2011,10,4,0,14.6,78.5,13,10.9,8.35,12.5,35.8,0,981.1,276,1,1.6,0,0,0,0,0,0,0,289,0,19,96
GVESTA,2011,10,4,1,14.4,76.9,12.6,10.4,8.09,12.1,34.9,0,980.9,307,0.6,1.7,0,0,0,0,0,0,0,286,0,19,96
GVESTA,2011,10,4,2,14,75.3,12,9.7,7.7,11.6,33.5,0,981,270,0.5,1.3,0,0,0,0,0,0,0,284,0,19,96
GVESTA,2011,10,4,3,13.2,77.2,11.7,9.3,7.51,11,32.2,0,981.1,286,0.8,1.5,0,0,0,0,0,0,0,282,0,19,96
GVESTA,2011,10,4,4,12.9,78.2,11.6,9.2,7.44,10.9,31.8,0,981.2,300,0.8,1.7,0,0,0,0,0,0,0,280,0,19,96
GVESTA,2011,10,4,5,12.7,79.2,11.6,9.2,7.44,10.8,31.5,0,981.6,281,0.6,1.8,4,0,4,3,3,3,3,283,6,19,96
GVESTA,2011,10,4,6,12.1,81.3,11.5,9,7.37,10.4,30.8,0,982,294,1,2.3,120,424,50,27,445,162,27,277,6,19,96
GVESTA,2011,10,4,7,14.2,78.9,12.8,10.6,8.21,12.1,35,0,982.2,292,0.6,1.7,290,667,77,46,647,380,46,280,0,19,96
GVESTA,2011,10,4,8,16.6,74.2,14,12,8.99,13.9,39.5,0,982.4,225,0.4,1.6,448,786,90,61,645,574,61,283,0,19,96
GVESTA,2011,10,4,9,17.9,68.4,14,12,8.99,14.4,40.8,0,982.1,63,1,3.3,566,827,105,73,524,712,74,286,0,19,96
GVESTA,2011,10,4,10,19.4,64.8,14.6,12.6,9.39,15.3,43.3,0,981.6,225,0.6,3.2,641,864,106,80,341,805,81,289,0,19,96
GVESTA,2011,10,4,11,20.9,59.8,14.8,12.8,9.53,15.9,45.2,0,981.1,90,1.1,3.6,655,847,117,84,115,816,192,304,13,19,96
GVESTA,2011,10,4,12,22,55.9,14.8,12.8,9.53,16.3,46.4,0,980.3,70,1.5,4.1,624,866,101,77,78,787,406,295,0,19,96
GVESTA,2011,10,4,13,22.7,50.5,13.9,11.9,8.95,16.1,45.6,0,979.8,85,2.2,5.1,533,837,92,68,68,681,576,297,0,19,96
GVESTA,2011,10,4,14,23.6,43.3,12.6,10.4,8.11,15.7,44.4,0,979.4,82,2.1,4.2,393,738,88,57,57,507,649,299,0,19,96
GVESTA,2011,10,4,15,24.1,44.3,13.3,11.2,8.56,16.2,46,0,979.3,79,1.6,3.7,230,594,70,40,40,305,595,301,0,19,96
GVESTA,2011,10,4,16,23.3,46.5,13.3,11.2,8.56,16,45.2,0,979.6,36,1.7,2.7,62,240,32,17,17,84,256,303,0,19,96
GVESTA,2011,10,4,17,21,53.1,13.2,11.1,8.49,15.1,42.7,0,980,32,1,2.3,0,0,0,0,0,0,0,305,0,19,96
GVESTA,2011,10,4,18,19.2,61,13.6,11.5,8.75,14.6,41.5,0,980.5,16,1,2.6,0,0,0,0,0,0,0,306,0,19,96
GVESTA,2011,10,4,19,18.5,62.9,13.4,11.3,8.61,14.2,40.4,0,980.9,326,0.5,1.7,0,0,0,0,0,0,0,303,0,19,96
GVESTA,2011,10,4,20,17.2,66.9,13.1,11,8.42,13.6,38.6,0,981.1,281,0.7,2,0,0,0,0,0,0,0,301,0,19,96
GVESTA,2011,10,4,21,16.3,69,12.8,10.6,8.22,13,37.2,0,981.2,292,0.6,1.6,0,0,0,0,0,0,0,299,0,19,96
GVESTA,2011,10,4,22,15.3,72.5,12.6,10.4,8.09,12.5,35.8,0,981.2,301,0.6,1.7,0,0,0,0,0,0,0,297,0,19,96
GVESTA,2011,10,4,23,14.4,74.4,12.2,9.9,7.83,11.9,34.3,0,980.9,270,0.9,1.7,0,0,0,0,0,0,0,295,10,19,96
GVESTA,2011,10,5,0,13.7,75.2,11.8,9.4,7.58,11.3,32.9,0,980.6,292,0.6,1.5,0,0,0,0,0,0,0,293,0,21,96
GVESTA,2011,10,5,1,12.9,76.6,11.4,8.9,7.32,10.7,31.4,0,980.5,304,0.9,2.3,0,0,0,0,0,0,0,292,0,21,96
GVESTA,2011,10,5,2,12.7,76.1,11.2,8.6,7.19,10.5,30.9,0,980.3,252,0.8,1.6,0,0,0,0,0,0,0,290,0,21,96
GVESTA,2011,10,5,3,12.3,76,10.9,8.2,6.99,10.1,30,0,980.3,283,1,1.8,0,0,0,0,0,0,0,289,0,21,96
GVESTA,2011,10,5,4,11.9,77,10.7,8,6.86,9.8,29.3,0,980.5,329,0.6,1.4,0,0,0,0,0,0,0,288,0,21,96
GVESTA,2011,10,5,5,11.7,77,10.6,7.8,6.8,9.6,28.9,0,980.8,279,0.6,1.5,3,0,3,2,2,2,2,291,0,21,96
GVESTA,2011,10,5,6,11.6,79.1,10.8,8.1,6.92,9.7,29.1,0,981.4,288,1,3,112,374,50,28,396,152,28,291,13,21,96
GVESTA,2011,10,5,7,13.9,75.8,12,9.7,7.7,11.5,33.4,0,981.6,252,0.8,1.6,281,642,79,49,627,375,49,289,0,21,96
GVESTA,2011,10,5,8,15.6,70.7,12.5,10.3,8.02,12.6,36,0,981.6,243,0.7,2.3,441,790,84,63,646,581,64,292,0,21,96
GVESTA,2011,10,5,9,17.4,66.5,13.2,11.1,8.48,13.7,39,0,981.5,166,0.6,2.8,558,829,99,77,523,719,78,294,0,21,96
GVESTA,2011,10,5,10,18.7,60.9,13.1,11,8.42,14.2,40.1,0,981.2,86,1.4,5.5,639,891,92,83,340,824,84,297,0,21,96
GVESTA,2011,10,5,11,20,55,12.9,10.7,8.29,14.5,41.2,0,980.8,53,2.3,5.1,645,845,113,89,120,820,194,310,6,21,96
GVESTA,2011,10,5,12,20.6,53.7,13,10.9,8.36,14.8,41.9,0,980.2,63,2.4,5.2,609,839,107,84,85,779,408,301,0,21,96
GVESTA,2011,10,5,13,21.5,49.8,12.8,10.6,8.24,15,42.6,0,979.4,43,2,4.3,518,793,103,75,76,667,564,301,0,21,96
GVESTA,2011,10,5,14,21.7,49.2,12.8,10.6,8.24,15.1,42.8,0,978.9,65,1.7,4.1,382,707,94,62,62,499,634,301,0,21,96
GVESTA,2011,10,5,15,21.9,49.6,13,10.9,8.37,15.3,43.3,0,978.6,86,1.6,3,226,602,68,41,42,310,605,301,0,21,96
GVESTA,2011,10,5,16,21.5,52.9,13.6,11.5,8.77,15.5,43.9,0,978.3,81,2,3.4,58,228,30,17,17,81,243,300,0,21,96
GVESTA,2011,10,5,17,19.8,61.9,14.3,12.3,9.22,15.2,43.3,0,978.6,45,0.6,1.6,0,0,0,0,0,0,0,300,0,21,96
GVESTA,2011,10,5,18,18.2,66.7,13.9,11.9,8.96,14.4,41,0,978.9,270,0.8,1.9,0,0,0,0,0,0,0,300,0,21,96
GVESTA,2011,10,5,19,17.2,69.1,13.6,11.5,8.76,13.8,39.5,0,979.1,255,1.2,1.8,0,0,0,0,0,0,0,298,0,21,96
GVESTA,2011,10,5,20,16.7,69.5,13.2,11.1,8.5,13.4,38.3,0,979.1,276,1,2.2,0,0,0,0,0,0,0,296,0,21,96
GVESTA,2011,10,5,21,16,70.8,12.9,10.7,8.3,12.9,37.1,0,979.2,284,0.5,1.5,0,0,0,0,0,0,0,295,0,21,96
GVESTA,2011,10,5,22,15.2,73,12.6,10.4,8.11,12.4,35.8,0,979,333,0.5,1.6,0,0,0,0,0,0,0,293,0,21,96
GVESTA,2011,10,5,23,14.5,73.9,12.2,9.9,7.85,11.9,34.4,0,978.7,304,0.4,1.2,0,0,0,0,0,0,0,292,0,21,96
GVESTA,2011,10,6,0,13.4,78.3,12,9.7,7.72,11.3,33,0,978.6,270,0.6,1.1,0,0,0,0,0,0,0,290,0,21,96
GVESTA,2011,10,6,1,13.1,77.2,11.6,9.2,7.46,10.9,32,0,978.3,270,0.9,1.5,0,0,0,0,0,0,0,290,0,21,96
GVESTA,2011,10,6,2,12.5,79.2,11.5,9,7.4,10.6,31.2,0,978.1,270,1.3,2.2,0,0,0,0,0,0,0,290,0,21,96
GVESTA,2011,10,6,3,12.4,78.7,11.3,8.8,7.27,10.4,30.8,0,977.7,265,1.3,2.6,0,0,0,0,0,0,0,290,0,21,96
GVESTA,2011,10,6,4,12.1,78.1,11,8.4,7.08,10.1,30,0,977.4,280,1.1,2.5,0,0,0,0,0,0,0,289,0,21,96
GVESTA,2011,10,6,5,12,79.7,11.2,8.6,7.21,10.2,30.3,0,977.3,294,1,2,3,0,3,2,2,2,2,289,10,21,96
GVESTA,2011,10,6,6,12,80.8,11.3,8.8,7.28,10.3,30.4,0,977.3,284,1,2.9,106,352,49,28,374,146,28,295,6,21,96
GVESTA,2011,10,6,7,13.6,78.8,12.3,10,7.93,11.6,33.7,0,977.1,231,0.8,2.8,272,630,76,47,613,369,47,296,0,21,96
GVESTA,2011,10,6,8,15.4,76.5,13.4,11.3,8.65,13,37.4,0,976.9,219,1.5,3.6,426,758,87,62,622,564,63,302,0,21,96
GVESTA,2011,10,6,9,16.7,72.8,13.8,11.8,8.92,13.8,39.4,0,976.3,224,3.1,6.2,544,825,92,74,511,711,74,307,6,21,96
GVESTA,2011,10,6,10,19.4,61.4,13.8,11.8,8.92,14.8,42.1,0,975.7,237,4,8.1,628,857,106,84,339,810,85,336,36,21,96
GVESTA,2011,10,6,11,21.4,52.2,13.3,11.2,8.6,15.3,43.4,0,974.9,213,5.4,8.4,372,385,131,83,113,424,108,364,78,21,96
GVESTA,2011,10,6,12,21.8,50.6,13.2,11.1,8.54,15.4,43.6,0,974.1,204,6.4,9.9,147,24,133,77,76,99,88,383,100,21,96
GVESTA,2011,10,6,13,21,55.3,13.7,11.7,8.88,15.4,43.7,0,973.7,207,6.4,9.5,72,0,72,42,42,41,42,386,100,21,96
GVESTA,2011,10,6,14,20.3,60.1,14.3,12.3,9.27,15.4,44,0,973.5,212,5.7,9.4,56,0,56,33,32,32,32,384,100,21,96
GVESTA,2011,10,6,15,19.4,59,13.3,11.2,8.62,14.5,41.4,0,973.1,202,5.3,8.8,10,0,10,6,6,6,6,383,100,21,96
GVESTA,2011,10,6,16,19,50.2,11,8.4,7.11,13,37.1,0,973,217,6.4,9.6,14,4,13,8,8,9,12,378,94,21,96
GVESTA,2011,10,6,17,17.9,56,11.5,9,7.44,12.8,36.9,0,972.9,237,4.9,9.6,0,0,0,0,0,0,0,373,94,21,96
GVESTA,2011,10,6,18,17,63.4,12.3,10,7.97,13,37.3,0,972.7,250,4.7,8.9,0,0,0,0,0,0,0,371,88,21,96
GVESTA,2011,10,6,19,16.3,71.3,13.2,11.1,8.56,13.3,38,0.1,972.6,236,5.9,9.3,0,0,0,0,0,0,0,375,100,21,96
GVESTA,2011,10,6,20,15.5,79.6,14,12,9.09,13.4,38.6,0.2,971.6,218,5.3,9.5,0,0,0,0,0,0,0,372,100,21,96
GVESTA,2011,10,6,21,15.2,82.8,14.3,12.3,9.3,13.5,38.8,0.5,970.9,218,6.3,12.2,0,0,0,0,0,0,0,369,100,21,96
GVESTA,2011,10,6,22,14.8,78.5,13.2,11.1,8.56,12.7,36.5,0.7,971.8,251,5.2,12.5,0,0,0,0,0,0,0,367,100,21,96
GVESTA,2011,10,6,23,14.6,65,10.8,8.1,6.99,11,32.3,0.1,972.1,298,3.1,11.1,0,0,0,0,0,0,0,364,100,21,96
GVESTA,2011,10,7,0,14.5,59.4,9.8,6.7,6.33,10.3,30.6,0,972.7,326,2.1,13.7,0,0,0,0,0,0,0,361,100,21,96
GVESTA,2011,10,7,1,13.8,56.5,8.9,5.3,5.74,9.4,28.4,0,972.6,302,3.7,14.2,0,0,0,0,0,0,0,357,100,21,96
GVESTA,2011,10,7,2,14.3,53.5,8.7,5,5.61,9.5,28.6,0,973.2,297,1.5,7.2,0,0,0,0,0,0,0,354,100,21,96
GVESTA,2011,10,7,3,11.9,58.8,8.2,4.1,5.28,8,25.3,0,973.6,42,3.1,8.3,0,0,0,0,0,0,0,341,80,21,96
GVESTA,2011,10,7,4,11.2,60.3,8,3.8,5.15,7.6,24.2,0,974.1,257,2.4,8.8,0,0,0,0,0,0,0,342,71,21,96
GVESTA,2011,10,7,5,11.1,53.8,7.1,2.1,4.57,6.9,22.7,0,974.4,285,3.1,8.4,0,0,0,0,0,0,0,334,74,21,96
GVESTA,2011,10,7,6,10,69.1,8.5,4.6,5.47,7.3,23.8,0.1,975,352,1.7,5.4,80,204,44,25,224,99,25,322,81,21,96
GVESTA,2011,10,7,7,11,61.5,8.1,3.9,5.21,7.5,24.2,0,975.3,239,1.1,6,211,291,120,67,334,226,67,342,88,21,96
GVESTA,2011,10,7,8,11.8,57.1,7.9,3.6,5.08,7.8,24.7,0,975.8,281,0.9,3.2,334,401,159,90,405,371,90,333,75,21,96
GVESTA,2011,10,7,9,12.5,45,6.5,0.9,4.17,7.1,23.1,0,975.8,282,3,9.7,428,410,203,118,349,459,117,326,81,21,96
GVESTA,2011,10,7,10,12.2,50,7.1,2.1,4.56,7.4,23.8,0,975.8,243,3.7,8,178,53,146,83,111,134,82,340,94,21,96
GVESTA,2011,10,7,11,12,57.2,8,3.8,5.14,8,25,0.1,975.6,258,2.9,8,149,1,148,87,86,86,86,347,100,21,96
GVESTA,2011,10,7,12,12.5,54.6,7.9,3.6,5.08,8.1,25.4,0,975.5,225,4.5,8.7,256,112,188,105,104,215,158,342,94,21,96
GVESTA,2011,10,7,13,11.4,64.7,8.7,5,5.6,8.2,25.6,0.1,975.8,333,1.8,6.1,132,23,119,69,68,88,85,345,100,21,96
GVESTA,2011,10,7,14,12.5,55.3,8,3.8,5.14,8.2,25.5,0,975.6,230,3,6.4,208,75,177,102,101,154,165,344,100,21,96
GVESTA,2011,10,7,15,12.4,51.5,7.4,2.7,4.75,7.7,24.5,0,976.2,282,2.7,9.5,75,34,66,38,38,55,70,342,100,21,96
GVESTA,2011,10,7,16,11.5,54.7,7.4,2.7,4.75,7.3,23.5,0,975.8,298,2.1,7,18,18,17,10,10,13,28,336,84,21,96
GVESTA,2011,10,7,17,11.2,54.2,7.2,2.3,4.62,7,22.9,0,976.3,21,1.8,4.5,0,0,0,0,0,0,0,330,71,21,96
GVESTA,2011,10,7,18,10.4,64.9,8.2,4.1,5.27,7.3,23.7,0,976.9,329,1.2,2.5,0,0,0,0,0,0,0,324,80,21,96
GVESTA,2011,10,7,19,10.2,66.8,8.3,4.3,5.33,7.3,23.7,0,977.5,263,1.2,2.7,0,0,0,0,0,0,0,334,81,21,96
GVESTA,2011,10,7,20,9.5,69,8.2,4.1,5.26,6.9,22.8,0,977.8,278,1.4,3.4,0,0,0,0,0,0,0,339,100,21,96
GVESTA,2011,10,7,21,9.8,71,8.6,4.8,5.52,7.3,23.7,0,977.9,276,1,3.8,0,0,0,0,0,0,0,339,100,21,96
GVESTA,2011,10,7,22,8.9,81.4,9.3,5.9,5.97,7.4,24,1.2,978,256,1.9,4.3,0,0,0,0,0,0,0,339,94,21,96
GVESTA,2011,10,7,23,8.6,84.3,9.4,6.1,6.04,7.3,23.8,0,977.4,207,1.9,4.1,0,0,0,0,0,0,0,330,94,21,96
GVESTA,2011,10,8,0,9.1,82,9.5,6.2,6.1,7.6,24.5,0.1,977.4,264,1.1,2.6,0,0,0,0,0,0,0,339,100,21,96
GVESTA,2011,10,8,1,9.3,80.9,9.5,6.2,6.1,7.7,24.7,0.2,977.6,307,0.7,2.8,0,0,0,0,0,0,0,339,100,21,96
GVESTA,2011,10,8,2,9.1,83.2,9.6,6.4,6.17,7.7,24.7,0.1,977.6,225,0.9,2.6,0,0,0,0,0,0,0,335,100,21,96
GVESTA,2011,10,8,3,9,82.6,9.5,6.2,6.1,7.6,24.4,0,977.7,297,1,2.7,0,0,0,0,0,0,0,339,100,21,96
GVESTA,2011,10,8,4,8.9,83.2,9.5,6.2,6.1,7.5,24.3,0.1,978.1,306,0.9,2,0,0,0,0,0,0,0,339,100,21,96
GVESTA,2011,10,8,5,8.6,84.3,9.4,6.1,6.04,7.3,23.8,0,977.8,270,1,2.4,0,0,0,0,0,0,0,339,100,21,96
GVESTA,2011,10,8,6,8.3,84.8,9.3,5.9,5.97,7.1,23.4,0,977.9,254,1.9,3.8,23,15,21,12,27,17,12,340,100,21,96
GVESTA,2011,10,8,7,8.4,86,9.5,6.2,6.1,7.3,23.8,0.5,977.9,234,1.9,4.5,22,0,22,13,13,13,13,341,100,21,96
GVESTA,2011,10,8,8,9,83.7,9.6,6.4,6.17,7.7,24.6,0.1,977.7,201,4,6.5,83,1,82,48,49,48,48,342,100,21,96
GVESTA,2011,10,8,9,9.4,84.9,10,7,6.43,8.2,25.6,0.6,977.8,211,4.2,7.5,80,0,80,47,46,46,46,343,100,21,96
GVESTA,2011,10,8,10,9.6,82.7,9.9,6.8,6.36,8.2,25.7,0.6,977.5,207,4.8,9,96,0,96,56,55,55,55,344,100,21,96
GVESTA,2011,10,8,11,10.1,83.3,10.3,7.4,6.63,8.7,26.8,0.5,977.2,190,3.6,6.7,94,0,94,55,55,54,54,345,100,21,96
GVESTA,2011,10,8,12,10.3,82.2,10.3,7.4,6.63,8.8,27,0.4,976.9,203,3.5,5.9,32,0,32,19,19,19,19,345,100,21,96
GVESTA,2011,10,8,13,10.4,78.4,9.9,6.8,6.37,8.5,26.5,0.3,976.4,228,2.6,5.5,26,0,26,15,15,15,15,344,100,21,96
GVESTA,2011,10,8,14,10.6,72.2,9.2,5.8,5.92,8.2,25.6,0.1,976.6,241,1.4,3.6,22,0,22,13,13,12,13,343,100,21,96
GVESTA,2011,10,8,15,10.3,74.1,9.3,5.9,5.98,8.1,25.4,0.2,976.7,275,1.2,3.6,32,0,32,19,19,18,19,342,100,21,96
GVESTA,2011,10,8,16,9.9,73,8.9,5.3,5.72,7.6,24.3,0.2,977.2,283,1.5,4,16,1,16,9,9,10,11,341,100,21,96
GVESTA,2011,10,8,17,9.4,80.4,9.5,6.2,6.1,7.8,24.8,0.1,977.4,214,1.5,4.9,0,0,0,0,0,0,0,340,100,21,96
GVESTA,2011,10,8,18,9.6,81,9.7,6.5,6.23,8,25.3,0.4,977.9,276,1.2,2.9,0,0,0,0,0,0,0,339,100,21,96
GVESTA,2011,10,8,19,9.1,83.8,9.7,6.5,6.23,7.8,24.8,0.6,977.9,248,1.9,3.2,0,0,0,0,0,0,0,339,100,21,96
GVESTA,2011,10,8,20,8.8,84.9,9.6,6.4,6.16,7.6,24.4,0.7,978.4,267,1.8,3.5,0,0,0,0,0,0,0,339,100,21,96
GVESTA,2011,10,8,21,8.8,83.7,9.5,6.2,6.1,7.5,24.2,0.6,978.4,239,1.3,2.1,0,0,0,0,0,0,0,339,100,21,96
GVESTA,2011,10,8,22,8.8,83.7,9.5,6.2,6.1,7.5,24.2,0.1,978.4,255,1.2,1.9,0,0,0,0,0,0,0,339,100,21,96
GVESTA,2011,10,8,23,8.6,84.3,9.4,6.1,6.04,7.3,23.8,0,978,241,1.3,2.2,0,0,0,0,0,0,0,339,100,21,96
GVESTA,2011,10,9,0,8.5,84.8,9.4,6.1,6.04,7.3,23.7,0.1,978.2,212,1.4,2.2,0,0,0,0,0,0,0,339,100,21,96
GVESTA,2011,10,9,1,8.7,84.3,9.5,6.2,6.1,7.4,24.1,0,978.1,263,1,1.8,0,0,0,0,0,0,0,339,100,21,96
GVESTA,2011,10,9,2,8.3,83.1,9.1,5.6,5.84,7,23,0,977.8,117,1.2,2.2,0,0,0,0,0,0,0,339,100,21,96
GVESTA,2011,10,9,3,8.3,82.5,9,5.5,5.78,6.9,22.9,0,977.8,124,0.9,2.7,0,0,0,0,0,0,0,339,100,21,96
GVESTA,2011,10,9,4,8.8,81.4,9.2,5.8,5.91,7.3,23.7,0.2,977.9,135,0.5,1.3,0,0,0,0,0,0,0,339,100,21,96
GVESTA,2011,10,9,5,8.9,81.4,9.3,5.9,5.97,7.4,24,0.3,978.2,225,0.3,1.2,0,0,0,0,0,0,0,339,100,21,96
GVESTA,2011,10,9,6,8.2,86.6,9.4,6.1,6.03,7.1,23.4,0.5,978.8,225,0.9,2.7,14,0,14,8,8,8,8,340,100,21,96
GVESTA,2011,10,9,7,8.6,84.9,9.5,6.2,6.09,7.4,24,0.2,979.6,0,0.5,2.1,58,1,58,34,34,34,34,343,100,21,96
GVESTA,2011,10,9,8,8.6,86,9.6,6.4,6.15,7.5,24.1,0.4,980.1,37,0.7,1.9,44,0,44,26,25,25,25,345,100,21,96
GVESTA,2011,10,9,9,9.1,83.2,9.6,6.4,6.15,7.7,24.6,0,980.3,349,0.6,1.6,125,4,123,72,73,74,71,348,100,21,96
GVESTA,2011,10,9,10,10.3,80,10,7,6.41,8.6,26.5,0.1,979.8,191,0.6,2.2,330,97,273,155,201,249,154,351,100,21,96
GVESTA,2011,10,9,11,10.9,80.1,10.4,7.6,6.67,9.2,27.8,0,980,56,0.9,2.8,159,0,159,93,92,91,92,353,100,21,96
GVESTA,2011,10,9,12,11.5,76.9,10.4,7.6,6.68,9.4,28.4,0,979.5,45,0.8,2.4,290,79,245,140,138,214,180,355,100,21,96
GVESTA,2011,10,9,13,12.2,67.7,9.6,6.4,6.16,9.2,27.8,0,979.6,82,1.5,3,119,0,119,70,69,68,69,356,100,21,96
GVESTA,2011,10,9,14,12.4,67.2,9.7,6.5,6.22,9.3,28.2,0,979.6,94,1.3,2.6,45,0,45,26,26,26,26,356,100,21,96
GVESTA,2011,10,9,15,12.9,67.3,10,7,6.41,9.8,29.2,0,979.8,108,0.6,2,34,0,34,20,20,20,20,357,100,21,96
GVESTA,2011,10,9,16,12.5,77.1,11.2,8.6,7.19,10.4,30.7,0,980.2,256,0.8,1.7,3,0,3,1,1,1,1,357,100,21,96
GVESTA,2011,10,9,17,11.9,81.8,11.4,8.9,7.31,10.3,30.4,0.1,981.1,108,1.1,2.2,0,0,0,0,0,0,0,358,100,21,96
GVESTA,2011,10,9,18,12.4,78.7,11.3,8.8,7.24,10.4,30.7,0,981.6,45,0.4,1.8,0,0,0,0,0,0,0,358,100,21,96
GVESTA,2011,10,9,19,12.2,81.9,11.6,9.2,7.44,10.5,31,0,981.6,321,0.9,1.5,0,0,0,0,0,0,0,355,100,21,96
GVESTA,2011,10,9,20,12.5,81.9,11.9,9.5,7.63,10.8,31.8,0,981.4,333,0.8,1.5,0,0,0,0,0,0,0,358,100,21,96
GVESTA,2011,10,9,21,12,83.5,11.7,9.3,7.5,10.5,31,0.1,981.7,354,1.1,2.1,0,0,0,0,0,0,0,358,100,21,96
GVESTA,2011,10,9,22,12.3,81.3,11.6,9.2,7.44,10.6,31.1,0,981.7,360,0.7,1.2,0,0,0,0,0,0,0,353,88,21,96
GVESTA,2011,10,9,23,12.5,80.8,11.7,9.3,7.5,10.7,31.5,0,981.8,270,0.5,1.4,0,0,0,0,0,0,0,355,94,21,96
GVESTA,2011,10,10,0,12.2,83,11.8,9.4,7.57,10.7,31.4,0,981.7,256,1.3,2.4,0,0,0,0,0,0,0,352,88,20,96
GVESTA,2011,10,10,1,12.1,82.4,11.6,9.2,7.44,10.5,30.9,0,981.2,261,1.3,2.7,0,0,0,0,0,0,0,360,100,20,96
GVESTA,2011,10,10,2,12,83,11.6,9.2,7.45,10.5,30.8,0.2,980.7,257,1,3.2,0,0,0,0,0,0,0,361,100,20,96
GVESTA,2011,10,10,3,12.6,80.8,11.8,9.4,7.58,10.8,31.8,0.2,980.6,333,0.4,1.1,0,0,0,0,0,0,0,359,94,20,96
GVESTA,2011,10,10,4,12.5,83,12,9.7,7.7,10.9,32,0,981,14,0.6,1.7,0,0,0,0,0,0,0,354,81,20,96
GVESTA,2011,10,10,5,12.6,83,12.1,9.8,7.77,11,32.3,0,981,11,0.7,1.5,0,0,0,0,0,0,0,353,74,20,96
GVESTA,2011,10,10,6,12.5,84.2,12.2,9.9,7.83,11,32.3,0,981.2,229,1.2,3.3,22,3,21,12,15,13,12,366,100,20,96
GVESTA,2011,10,10,7,12.6,82.5,12,9.7,7.7,11,32.1,0,981.7,278,0.8,2.3,89,24,83,48,70,59,48,369,100,20,96
GVESTA,2011,10,10,8,13,81.4,12.2,9.9,7.82,11.3,32.8,0,982.3,261,0.7,1.8,68,0,68,39,39,38,39,372,100,20,96
GVESTA,2011,10,10,9,13.6,80.4,12.5,10.3,8.02,11.7,33.9,0,982.4,270,0.6,2.1,238,76,197,111,157,181,110,372,88,20,96
GVESTA,2011,10,10,10,14.2,78.4,12.7,10.5,8.15,12.1,34.9,0,982.4,241,1.4,5.6,283,251,138,76,186,309,76,373,74,20,96
GVESTA,2011,10,10,11,15.4,76,13.3,11.2,8.54,13,37.1,0,982.2,212,2.3,5.2,365,347,156,94,94,407,175,369,66,20,96
GVESTA,2011,10,10,12,17.4,71,14.1,12.1,9.06,14.2,40.5,0,981.8,211,2.7,6,545,735,123,84,84,712,368,360,39,20,96
GVESTA,2011,10,10,13,19,67.7,14.9,12.9,9.59,15.3,43.4,0,981.4,225,3.1,6.8,334,310,188,109,108,344,325,373,61,20,96
GVESTA,2011,10,10,14,19.5,66.1,15,13,9.66,15.5,44.1,0,981.2,224,3.4,7.2,322,586,105,64,64,429,543,356,35,20,96
GVESTA,2011,10,10,15,19.6,65.7,15,13,9.66,15.6,44.2,0,980.8,234,2.4,5.2,187,515,65,38,38,277,517,327,0,20,96
GVESTA,2011,10,10,16,19.8,66.6,15.4,13.4,9.92,15.8,45.1,0,980.9,270,1,2.9,36,113,23,13,13,49,125,325,0,20,96
GVESTA,2011,10,10,17,17.8,75.4,15.4,13.4,9.91,15.1,43,0,981.5,315,0.8,2.6,0,0,0,0,0,0,0,323,0,20,96
GVESTA,2011,10,10,18,17.3,76.3,15.1,13.1,9.72,14.7,42,0,981.5,257,1.3,2.4,0,0,0,0,0,0,0,321,0,20,96
GVESTA,2011,10,10,19,16.5,76.7,14.4,12.4,9.26,14,40,0,981.7,264,0.9,2.2,0,0,0,0,0,0,0,318,0,20,96
GVESTA,2011,10,10,20,16.2,76.2,14,12,8.99,13.7,39.1,0,982.1,326,0.6,1.9,0,0,0,0,0,0,0,316,0,20,96
GVESTA,2011,10,10,21,15.2,78,13.5,11.4,8.67,13,37.2,0,982.3,315,0.9,2,0,0,0,0,0,0,0,313,0,20,96
GVESTA,2011,10,10,22,14.4,77.4,12.7,10.5,8.14,12.2,35.1,0,982.6,315,0.6,1.7,0,0,0,0,0,0,0,310,0,20,96
GVESTA,2011,10,10,23,13.2,79.8,12.1,9.8,7.76,11.3,32.9,0,982.4,279,0.9,2,0,0,0,0,0,0,0,307,0,20,96
GVESTA,2011,10,11,0,12.6,78.7,11.5,9,7.37,10.6,31.3,0,982.3,297,0.7,1.9,0,0,0,0,0,0,0,305,0,20,96
GVESTA,2011,10,11,1,12.2,79.7,11.3,8.8,7.24,10.3,30.5,0,982.1,297,0.8,2,0,0,0,0,0,0,0,303,0,20,96
GVESTA,2011,10,11,2,13.1,77.7,11.7,9.3,7.5,11,32.1,0,981.7,248,0.6,1.2,0,0,0,0,0,0,0,301,0,20,96
GVESTA,2011,10,11,3,13.9,79.4,12.6,10.4,8.09,11.9,34.4,0,981.7,360,0.3,1.1,0,0,0,0,0,0,0,321,50,20,96
GVESTA,2011,10,11,4,13.8,83.2,13.1,11,8.41,12.2,35.1,0,981.8,309,0.9,2.1,0,0,0,0,0,0,0,338,61,20,96
GVESTA,2011,10,11,5,14.6,83.3,13.8,11.8,8.87,13,37.1,0,982,342,0.5,1.4,0,0,0,0,0,0,0,348,88,20,96
GVESTA,2011,10,11,6,14.5,84.4,13.9,11.9,8.93,13,37.1,0,982.3,337,0.9,2,62,104,49,28,130,63,27,335,65,20,96
GVESTA,2011,10,11,7,14.9,83.3,14.1,12.1,9.06,13.2,37.9,0,982.5,342,0.4,1.6,110,22,104,60,79,71,59,332,61,20,96
GVESTA,2011,10,11,8,14.9,82.2,13.9,11.9,8.93,13.1,37.5,0,982.5,276,1,2.2,80,0,80,46,46,45,46,318,94,20,96
GVESTA,2011,10,11,9,14.8,82.8,13.9,11.9,8.93,13.1,37.4,0,982.3,278,1.4,3,63,0,63,37,36,36,36,318,100,20,96
GVESTA,2011,10,11,10,14.9,82.2,13.9,11.9,8.93,13.1,37.6,0,981.9,265,1.2,3,131,0,131,76,76,75,75,328,100,20,96
GVESTA,2011,10,11,11,15,81.2,13.8,11.8,8.87,13.1,37.5,0,981.5,231,1.5,3.2,289,44,263,151,151,193,164,325,81,20,96
GVESTA,2011,10,11,12,15.4,80.2,14,12,9.01,13.4,38.3,0,980.9,225,1.3,4.3,529,674,151,94,94,676,382,314,35,20,96
GVESTA,2011,10,11,13,17,75.3,14.6,12.6,9.4,14.4,40.9,0,980.2,90,1,3.1,484,809,89,65,66,677,557,305,0,20,96
GVESTA,2011,10,11,14,18.4,70.8,15,13,9.67,15.1,43,0,979.6,239,1,3.7,343,687,87,54,54,490,607,306,0,20,96
GVESTA,2011,10,11,15,19.4,68.2,15.4,13.4,9.94,15.7,44.7,0,979.1,112,0.9,2.6,187,537,63,36,36,287,535,306,6,20,96
GVESTA,2011,10,11,16,19.3,70.5,15.8,13.8,10.2,15.9,45.3,0,979.1,106,0.7,2,31,120,18,10,10,49,128,307,13,20,96
GVESTA,2011,10,11,17,18.1,73.5,15.3,13.3,9.87,15.2,43.2,0,979.5,243,1.6,4.4,0,0,0,0,0,0,0,307,0,20,96
GVESTA,2011,10,11,18,16.9,75.3,14.5,12.5,9.34,14.3,40.6,0,980.1,243,1.9,4.3,0,0,0,0,0,0,0,307,0,20,96
GVESTA,2011,10,11,19,16.6,74.7,14.1,12.1,9.07,13.9,39.7,0,980.6,248,1.2,2.1,0,0,0,0,0,0,0,304,0,20,96
GVESTA,2011,10,11,20,15.3,76.5,13.3,11.2,8.55,12.9,37,0,980.7,254,1.5,2.8,0,0,0,0,0,0,0,302,0,20,96
GVESTA,2011,10,11,21,14.2,79.5,12.9,10.7,8.29,12.2,35.2,0,980.8,247,1.6,3,0,0,0,0,0,0,0,307,0,20,96
GVESTA,2011,10,11,22,13.5,79.4,12.3,10,7.9,11.5,33.5,0,981,291,1,2.2,0,0,0,0,0,0,0,297,0,20,96
GVESTA,2011,10,11,23,12.3,81.9,11.7,9.3,7.51,10.6,31.3,0,980.9,254,1.4,2.8,0,0,0,0,0,0,0,302,10,20,96
GVESTA,2011,10,12,0,12.2,78.6,11.2,8.6,7.19,10.2,30.4,0,980.6,250,1.2,2.9,0,0,0,0,0,0,0,293,0,21,96
GVESTA,2011,10,12,1,11.9,81.3,11.3,8.8,7.25,10.2,30.3,0,980.1,266,1.5,3,0,0,0,0,0,0,0,292,0,21,96
GVESTA,2011,10,12,2,11.8,81.8,11.3,8.8,7.26,10.2,30.2,0,979.8,252,1.3,2.3,0,0,0,0,0,0,0,291,0,21,96
GVESTA,2011,10,12,3,11.2,81.8,10.9,8.2,7,9.6,28.9,0,979.8,235,1.3,2,0,0,0,0,0,0,0,291,0,21,96
GVESTA,2011,10,12,4,11.3,82.3,11,8.4,7.06,9.7,29.2,0,980,263,1.7,4.3,0,0,0,0,0,0,0,290,0,21,96
GVESTA,2011,10,12,5,11.9,81.8,11.4,8.9,7.32,10.3,30.4,0,979.9,257,1.8,3.9,0,0,0,0,0,0,0,289,0,21,96
GVESTA,2011,10,12,6,11.7,82.9,11.4,8.9,7.32,10.2,30.2,0,980.3,262,1.4,3.1,71,167,50,28,193,87,28,302,6,21,96
GVESTA,2011,10,12,7,12.3,84.1,12,9.7,7.71,10.9,31.8,0,980.6,256,2.5,4.6,202,309,117,65,351,236,65,298,23,21,96
GVESTA,2011,10,12,8,13,83.7,12.5,10.3,8.03,11.5,33.3,0,980.7,245,3.2,6.2,279,199,193,108,266,263,107,327,35,21,96
GVESTA,2011,10,12,9,13.7,80.5,12.6,10.4,8.1,11.8,34.2,0,980.6,247,3.2,6.6,538,797,122,81,511,738,81,308,25,21,96
GVESTA,2011,10,12,10,15.5,72.6,12.8,10.6,8.23,12.7,36.4,0,980.3,241,2.8,5.8,629,880,120,86,352,864,87,308,19,21,96
GVESTA,2011,10,12,11,16.8,67.3,12.9,10.7,8.3,13.3,37.9,0,979.4,236,3.8,6.6,604,814,122,87,118,819,194,319,25,21,96
GVESTA,2011,10,12,12,17.5,62.6,12.5,10.3,8.05,13.3,38,0,978.3,228,4,7.8,551,757,127,84,85,743,393,298,0,21,96
GVESTA,2011,10,12,13,18.3,60,12.6,10.4,8.12,13.7,39,0,978,242,4,6.4,463,724,113,73,74,638,530,298,0,21,96
GVESTA,2011,10,12,14,18.6,60,12.9,10.7,8.32,14,39.8,0,977.5,239,3.7,6.3,334,655,94,58,58,479,588,299,0,21,96
GVESTA,2011,10,12,15,18.7,59.3,12.8,10.6,8.25,13.9,39.7,0,977.3,227,4.2,6.4,186,550,62,37,37,295,547,299,0,21,96
GVESTA,2011,10,12,16,17.5,63.5,12.7,10.5,8.19,13.4,38.3,0,977.5,239,4.3,6.8,32,136,19,10,10,54,144,300,0,21,96
GVESTA,2011,10,12,17,16.3,66.3,12.3,10,7.92,12.7,36.4,0,978.1,245,3.6,6.6,0,0,0,0,0,0,0,307,16,21,96
GVESTA,2011,10,12,18,14.3,75.3,12.3,10,7.92,11.9,34.4,0,978.4,237,4.5,8.3,0,0,0,0,0,0,0,356,81,21,96
GVESTA,2011,10,12,19,14.1,75.3,12.1,9.8,7.79,11.7,33.8,0,978.7,250,2.7,5.9,0,0,0,0,0,0,0,368,94,21,96
GVESTA,2011,10,12,20,14.5,71.9,11.9,9.5,7.65,11.7,33.9,0,979.7,312,1.7,3.2,0,0,0,0,0,0,0,335,36,21,96
GVESTA,2011,10,12,21,13,78.2,11.7,9.3,7.52,10.9,32,0,980,273,2.1,4.6,0,0,0,0,0,0,0,343,69,21,96
GVESTA,2011,10,12,22,12.7,77.6,11.4,8.9,7.32,10.6,31.2,0,980.5,281,1.7,4,0,0,0,0,0,0,0,335,55,21,96
GVESTA,2011,10,12,23,13,78.8,11.8,9.4,7.58,11,32.2,0,980,256,1.3,2.7,0,0,0,0,0,0,0,348,65,21,96
GVESTA,2011,10,13,0,12.6,78.7,11.5,9,7.39,10.6,31.3,0,979.8,270,1.3,2.7,0,0,0,0,0,0,0,320,53,21,96
GVESTA,2011,10,13,1,11.7,82.4,11.3,8.8,7.26,10.1,30.1,0,979.8,300,1.4,2.4,0,0,0,0,0,0,0,338,90,21,96
GVESTA,2011,10,13,2,12.8,77.1,11.4,8.9,7.32,10.7,31.4,0,979.5,252,0.4,1.2,0,0,0,0,0,0,0,361,100,21,96
GVESTA,2011,10,13,3,12.8,78.7,11.6,9.2,7.45,10.8,31.7,0,979.6,252,0.8,1.4,0,0,0,0,0,0,0,361,100,21,96
GVESTA,2011,10,13,4,12.6,78.7,11.5,9,7.39,10.6,31.3,0,979.7,293,1.3,2.3,0,0,0,0,0,0,0,347,84,21,96
GVESTA,2011,10,13,5,13,76.1,11.4,8.9,7.32,10.7,31.6,0,979.6,262,0.7,2.1,0,0,0,0,0,0,0,331,58,21,96
GVESTA,2011,10,13,6,12.2,79.7,11.3,8.8,7.26,10.3,30.6,0,979.8,310,0.9,2.4,84,299,42,24,314,135,24,303,16,21,96
GVESTA,2011,10,13,7,14.2,68.5,11.1,8.5,7.13,11.1,32.3,0,980,12,1.4,3.8,244,618,71,44,589,378,44,294,0,21,96
GVESTA,2011,10,13,8,15.4,66.5,11.6,9.2,7.45,11.9,34.3,0,980.1,46,3.7,8.7,390,718,93,62,589,564,62,295,0,21,96
GVESTA,2011,10,13,9,16.2,58.7,10.8,8.1,6.93,11.7,33.8,0,980.1,48,6.1,10.1,510,805,96,72,494,722,73,297,0,21,96
GVESTA,2011,10,13,10,17,56.9,11,8.4,7.06,12.2,35,0,980,54,6.8,10.9,584,856,93,78,317,820,79,299,0,21,96
GVESTA,2011,10,13,11,18,53.4,11,8.4,7.06,12.6,36,0,979.6,44,7.3,11.5,593,827,107,83,109,820,190,310,13,21,96
GVESTA,2011,10,13,12,18.4,52.4,11.1,8.5,7.13,12.8,36.6,0,979.1,44,7.7,12,529,699,140,90,90,705,370,325,29,21,96
GVESTA,2011,10,13,13,18.9,50.5,11,8.4,7.07,13,36.9,0,978.9,40,7,12.3,425,596,146,88,88,555,480,341,38,21,96
GVESTA,2011,10,13,14,19.1,50.5,11.2,8.6,7.2,13.1,37.5,0,978.7,42,6.9,12.1,334,694,82,54,54,497,609,326,0,21,96
GVESTA,2011,10,13,15,18.5,53.5,11.4,8.9,7.33,13,37.2,0,978.5,41,7.3,12.8,177,529,61,36,36,287,525,311,0,21,96
GVESTA,2011,10,13,16,17.7,56.7,11.5,9,7.39,12.8,36.5,0,978.9,40,7.4,13.6,28,119,17,10,10,47,126,296,0,21,96
GVESTA,2011,10,13,17,17,62.1,12,9.7,7.71,12.8,36.6,0,979.5,29,5.2,10.6,0,0,0,0,0,0,0,295,0,21,96
GVESTA,2011,10,13,18,16.7,62.5,11.9,9.5,7.65,12.6,36.2,0,979.7,23,4.8,8.8,0,0,0,0,0,0,0,293,0,21,96
GVESTA,2011,10,13,19,16.8,61.2,11.7,9.3,7.52,12.5,35.9,0,980,25,4,10.3,0,0,0,0,0,0,0,290,0,21,96
GVESTA,2011,10,13,20,16.2,64,11.8,9.4,7.58,12.3,35.5,0,980.4,25,5.1,11,0,0,0,0,0,0,0,286,0,21,96
GVESTA,2011,10,13,21,15.5,69.3,12.2,9.9,7.84,12.3,35.4,0,980.7,34,6.5,12.6,0,0,0,0,0,0,0,303,23,21,96
GVESTA,2011,10,13,22,14.5,73.4,12.1,9.8,7.77,11.8,34.2,0,980.5,27,5.7,12.7,0,0,0,0,0,0,0,302,40,21,96
GVESTA,2011,10,13,23,14.3,72.9,11.9,9.5,7.64,11.6,33.7,0,980.5,16,3.7,8.6,0,0,0,0,0,0,0,305,50,21,96
GVESTA,2011,10,14,0,13.2,78.3,11.9,9.5,7.64,11.1,32.6,0,980.7,29,7.1,13.2,0,0,0,0,0,0,0,355,100,22,96
GVESTA,2011,10,14,1,13.1,75.6,11.4,8.9,7.32,10.8,31.6,0,980.3,24,4.6,9.7,0,0,0,0,0,0,0,354,100,22,96
GVESTA,2011,10,14,2,12.9,73.1,10.9,8.2,6.99,10.4,30.6,0,980.3,25,4.1,8.4,0,0,0,0,0,0,0,352,100,22,96
GVESTA,2011,10,14,3,12.3,71.5,10.2,7.3,6.54,9.6,28.9,0,980.6,23,4.9,9.3,0,0,0,0,0,0,0,351,100,22,96
GVESTA,2011,10,14,4,12.2,69.5,9.9,6.8,6.34,9.4,28.3,0,980.4,24,4.7,9.2,0,0,0,0,0,0,0,350,100,22,96
GVESTA,2011,10,14,5,11.9,70.4,9.8,6.7,6.28,9.2,27.8,0,980.6,42,6.4,10,0,0,0,0,0,0,0,348,100,22,96
GVESTA,2011,10,14,6,11.6,70.4,9.6,6.4,6.15,8.9,27.2,0,981,44,6.7,11.1,11,0,11,7,7,7,7,348,100,22,96
GVESTA,2011,10,14,7,11.5,71.3,9.7,6.5,6.21,8.9,27.2,0,981.5,35,6.8,12.5,60,2,60,35,37,36,35,351,100,22,96
GVESTA,2011,10,14,8,11.8,70.9,9.8,6.7,6.27,9.1,27.7,0,981.4,30,5.7,9.6,176,26,166,97,118,114,96,354,100,22,96
GVESTA,2011,10,14,9,12.3,69.1,9.9,6.8,6.34,9.4,28.4,0,981.3,41,5.7,10.7,288,112,228,131,195,235,130,357,90,22,96
GVESTA,2011,10,14,10,13.2,66.5,10.1,7.1,6.47,10,29.6,0,980.9,44,7.4,11.5,312,82,266,153,190,233,151,334,78,22,96
GVESTA,2011,10,14,11,13.8,63.5,10,7,6.41,10.2,30.1,0,980.5,48,5.7,8.9,196,10,191,112,113,119,112,344,81,22,96
GVESTA,2011,10,14,12,14.6,60.3,10,7,6.41,10.5,30.9,0,980.2,49,5.9,10.5,235,113,175,99,98,207,164,363,88,22,96
GVESTA,2011,10,14,13,15.4,55.3,9.7,6.5,6.22,10.7,31.2,0,979.9,40,6.8,11.8,195,141,124,71,71,194,156,362,81,22,96
GVESTA,2011,10,14,14,15.1,56.4,9.7,6.5,6.22,10.5,30.9,0,980,37,6.4,12,247,304,147,85,84,278,347,354,65,22,96
GVESTA,2011,10,14,15,14.4,57.4,9.4,6.1,6.02,10,29.7,0,980.2,31,5.8,10.3,103,101,78,44,44,100,139,359,84,22,96
GVESTA,2011,10,14,16,13.8,58.9,9.3,5.9,5.96,9.7,28.9,0,980.5,28,5.3,10.2,4,0,4,3,3,2,2,358,100,22,96
GVESTA,2011,10,14,17,13.3,57.5,8.8,5.1,5.63,9.1,27.6,0,980.8,18,4.2,8.4,0,0,0,0,0,0,0,356,100,22,96
GVESTA,2011,10,14,18,12.6,59,8.6,4.8,5.5,8.7,26.5,0,980.9,20,4.7,10,0,0,0,0,0,0,0,354,100,22,96
GVESTA,2011,10,14,19,12.4,58.9,8.5,4.6,5.44,8.5,26.2,0,980.9,20,4.1,7.5,0,0,0,0,0,0,0,352,100,22,96
GVESTA,2011,10,14,20,12.3,58.9,8.4,4.5,5.37,8.4,25.9,0,981.2,14,3.6,7.9,0,0,0,0,0,0,0,349,100,22,96
GVESTA,2011,10,14,21,11.2,60.7,8.1,3.9,5.18,7.6,24.3,0,981.6,12,3.4,6.9,0,0,0,0,0,0,0,346,100,22,96
GVESTA,2011,10,14,22,11.2,60.3,8,3.8,5.11,7.6,24.1,0,981.8,9,2.5,6.3,0,0,0,0,0,0,0,344,100,22,96
GVESTA,2011,10,14,23,11.4,59.9,8.1,3.9,5.17,7.7,24.5,0,981.8,9,1.9,4.5,0,0,0,0,0,0,0,341,100,22,96
GVESTA,2011,10,15,0,11.5,62.5,8.5,4.6,5.43,8.1,25.3,0,981.9,18,1.7,5.3,0,0,0,0,0,0,0,339,88,23,96
GVESTA,2011,10,15,1,11.1,65.1,8.6,4.8,5.5,8,25,0,981.8,46,3,5.8,0,0,0,0,0,0,0,333,94,23,96
GVESTA,2011,10,15,2,11,65.5,8.6,4.8,5.5,7.9,24.9,0,981.6,34,2.5,4.2,0,0,0,0,0,0,0,338,94,23,96
GVESTA,2011,10,15,3,10.7,67.8,8.7,5,5.56,7.9,24.8,0,981.5,56,3,4.5,0,0,0,0,0,0,0,337,94,23,96
GVESTA,2011,10,15,4,10.6,68.7,8.8,5.1,5.63,7.8,24.8,0,981.5,62,2.6,4.3,0,0,0,0,0,0,0,336,94,23,96
GVESTA,2011,10,15,5,9.8,72.5,8.8,5.1,5.63,7.5,24,0,981.5,9,1.4,2.5,0,0,0,0,0,0,0,314,58,23,96
GVESTA,2011,10,15,6,9.5,75,8.9,5.3,5.69,7.4,23.9,0,981.8,347,0.9,2.1,66,194,36,21,207,101,21,313,63,23,96
GVESTA,2011,10,15,7,10.3,72.6,9.1,5.6,5.82,7.9,25,0,982.2,30,1.6,4.4,251,645,75,47,617,405,47,290,13,23,96
GVESTA,2011,10,15,8,10.9,72.2,9.4,6.1,6.01,8.4,26.1,0,982.1,53,3.5,5.5,392,753,88,63,612,591,63,300,13,23,96
GVESTA,2011,10,15,9,11.9,68.1,9.5,6.2,6.08,9,27.3,0,982.1,56,2.4,5,435,479,193,109,391,534,109,305,41,23,96
GVESTA,2011,10,15,10,12.8,64.1,9.5,6.2,6.08,9.4,28.2,0,982,81,1.9,4.5,572,814,113,87,320,810,87,294,0,23,96
GVESTA,2011,10,15,11,13.2,63.4,9.6,6.4,6.14,9.6,28.8,0,981.6,110,2.2,4.6,586,816,116,88,116,828,198,295,13,23,96
GVESTA,2011,10,15,12,13.6,61.7,9.6,6.4,6.15,9.8,29.2,0,980.9,83,2.3,4.7,567,864,98,81,82,823,416,281,6,23,96
GVESTA,2011,10,15,13,14.4,61.5,10.1,7.1,6.48,10.5,30.8,0,980.3,84,2.1,4.2,468,804,92,71,71,693,564,281,0,23,96
GVESTA,2011,10,15,14,15.1,60.8,10.4,7.6,6.67,11,32.1,0,979.9,67,2.4,4.8,326,690,84,56,57,503,610,280,0,23,96
GVESTA,2011,10,15,15,15.3,60,10.4,7.6,6.67,11.1,32.3,0,979.6,43,2.2,4.6,167,500,61,37,37,278,499,279,0,23,96
GVESTA,2011,10,15,16,14.5,65.4,10.8,8.1,6.93,11,32.1,0,979.8,40,2.5,4.5,23,95,15,9,9,40,101,279,0,23,96
GVESTA,2011,10,15,17,13,71.6,10.7,8,6.86,10.3,30.4,0,980.3,10,1.7,2.6,0,0,0,0,0,0,0,278,0,23,96
GVESTA,2011,10,15,18,12.4,72.5,10.4,7.6,6.67,9.8,29.3,0,980.8,345,1.1,2.6,0,0,0,0,0,0,0,277,0,23,96
GVESTA,2011,10,15,19,12.1,71.5,10.1,7.1,6.47,9.5,28.5,0,980.9,315,0.6,1.2,0,0,0,0,0,0,0,275,0,23,96
GVESTA,2011,10,15,20,11.5,72.8,9.9,6.8,6.34,9,27.5,0,981.3,323,0.6,1.8,0,0,0,0,0,0,0,273,0,23,96
GVESTA,2011,10,15,21,11.5,73.8,10,7,6.4,9.1,27.7,0,981.2,315,0.5,1.4,0,0,0,0,0,0,0,271,0,23,96
GVESTA,2011,10,15,22,12.3,75,10.7,8,6.86,10,29.7,0,981.4,41,0.9,4.3,0,0,0,0,0,0,0,269,0,23,96
GVESTA,2011,10,15,23,12,77.5,10.9,8.2,6.99,10,29.7,0,981.3,48,2.5,4.8,0,0,0,0,0,0,0,267,25,23,96
GVESTA,2011,10,16,0,12.4,75,10.8,8.1,6.92,10.1,29.9,0,981.4,43,1.9,3.2,0,0,0,0,0,0,0,300,0,22,96
GVESTA,2011,10,16,1,12,77,10.8,8.1,6.92,9.9,29.5,0,981,49,2.1,3.3,0,0,0,0,0,0,0,328,0,22,96
GVESTA,2011,10,16,2,12.6,74,10.8,8.1,6.93,10.2,30.1,0,980.6,5,1.2,2.1,0,0,0,0,0,0,0,342,0,22,96
GVESTA,2011,10,16,3,12.9,73.1,10.9,8.2,6.99,10.4,30.6,0,981,360,0.9,1.9,0,0,0,0,0,0,0,305,0,22,96
GVESTA,2011,10,16,4,12.4,77.1,11.1,8.5,7.12,10.3,30.4,0,981.2,355,1.1,2.1,0,0,0,0,0,0,0,326,20,22,96
GVESTA,2011,10,16,5,12.4,76.6,11,8.4,7.05,10.2,30.3,0,981.3,355,1.1,2.8,0,0,0,0,0,0,0,340,30,22,96
GVESTA,2011,10,16,6,11.9,80.2,11.2,8.6,7.18,10.1,30.1,0,981.6,360,1.1,2.9,18,0,18,11,11,11,11,341,68,22,96
GVESTA,2011,10,16,7,12.1,80.2,11.3,8.8,7.24,10.3,30.4,0,981.9,14,0.8,2.2,82,2,81,48,50,48,47,336,100,22,96
GVESTA,2011,10,16,8,12.5,76.1,11,8.4,7.05,10.3,30.3,0,981.9,27,0.8,1.7,94,0,94,56,55,54,55,351,100,22,96
GVESTA,2011,10,16,9,13.1,69.7,10.5,7.7,6.72,10.2,30.1,0,982.2,36,1,2.8,93,0,93,55,55,54,54,356,100,22,96
GVESTA,2011,10,16,10,13.6,64.8,10.1,7.1,6.46,10.1,30,0,982.1,275,1.3,3.6,235,33,216,127,137,158,125,350,100,22,96
GVESTA,2011,10,16,11,13.6,66.1,10.3,7.4,6.6,10.3,30.3,0,981.4,339,1.1,3,531,628,173,109,125,694,223,312,44,22,96
GVESTA,2011,10,16,12,14.2,65.4,10.6,7.8,6.8,10.7,31.4,0,980.8,49,2.1,5.7,557,864,92,78,78,818,407,289,19,22,96
GVESTA,2011,10,16,13,14.7,64.1,10.7,8,6.86,11,32.1,0,980.4,30,1.7,4.4,464,822,85,67,68,702,567,277,0,22,96
GVESTA,2011,10,16,14,15.1,64.7,11.1,8.5,7.13,11.4,33.2,0,980.1,90,1.9,4.8,326,714,79,54,54,515,622,276,0,22,96
GVESTA,2011,10,16,15,15.3,65.2,11.3,8.8,7.26,11.7,33.7,0,979.9,76,2.5,5.3,163,495,61,36,36,276,493,275,0,22,96
GVESTA,2011,10,16,16,14.7,67.7,11.3,8.8,7.25,11.4,33.1,0,980.2,36,2.3,4.2,21,82,14,8,8,35,88,285,6,22,96
GVESTA,2011,10,16,17,13.2,72.6,11,8.4,7.06,10.6,31.1,0,980.5,4,1.3,2.2,0,0,0,0,0,0,0,294,0,22,96
GVESTA,2011,10,16,18,12.6,73.5,10.7,8,6.86,10.1,30,0,980.7,330,0.9,1.7,0,0,0,0,0,0,0,278,0,22,96
GVESTA,2011,10,16,19,12.2,74,10.5,7.7,6.73,9.8,29.2,0,980.9,284,0.9,2.5,0,0,0,0,0,0,0,271,0,22,96
GVESTA,2011,10,16,20,11.9,72.4,10.1,7.1,6.47,9.4,28.3,0,981.1,323,0.5,1.8,0,0,0,0,0,0,0,269,0,22,96
GVESTA,2011,10,16,21,10.8,74.7,9.7,6.5,6.21,8.6,26.5,0,981.3,309,0.7,1.4,0,0,0,0,0,0,0,268,0,22,96
GVESTA,2011,10,16,22,10.4,73.1,9.2,5.8,5.89,8.1,25.3,0,981.3,342,0.3,1.5,0,0,0,0,0,0,0,266,0,22,96
GVESTA,2011,10,16,23,9.3,77.6,9.1,5.6,5.82,7.4,24,0,981.3,270,0.7,2,0,0,0,0,0,0,0,265,20,22,96
GVESTA,2011,10,17,0,8.2,80.8,8.8,5.1,5.63,6.7,22.4,0,981.2,281,0.6,1.2,0,0,0,0,0,0,0,343,100,22,96
GVESTA,2011,10,17,1,8.7,82.6,9.3,5.9,5.95,7.3,23.7,0,981.1,293,0.8,2.1,0,0,0,0,0,0,0,343,100,22,96
GVESTA,2011,10,17,2,9.6,86.1,10.3,7.4,6.6,8.5,26.3,0,980.9,300,0.8,2,0,0,0,0,0,0,0,343,100,22,96
GVESTA,2011,10,17,3,10.2,83.9,10.4,7.6,6.66,8.8,27,0,981,304,0.7,1.5,0,0,0,0,0,0,0,343,100,22,96
GVESTA,2011,10,17,4,10.8,82.8,10.7,8,6.86,9.3,28.1,0,981.1,307,0.5,1.2,0,0,0,0,0,0,0,343,100,22,96
GVESTA,2011,10,17,5,10.9,84.5,11,8.4,7.05,9.6,28.7,0,981.1,300,0.8,1.4,0,0,0,0,0,0,0,343,100,22,96
GVESTA,2011,10,17,6,11.1,84,11.1,8.5,7.12,9.7,29.1,0,981.4,338,0.7,1.4,20,0,20,12,12,11,12,327,100,22,96
GVESTA,2011,10,17,7,11.4,82.9,11.2,8.6,7.18,9.9,29.6,0,981.6,11,0.5,1.3,76,1,76,45,46,45,45,273,60,22,96
GVESTA,2011,10,17,8,11.3,83.4,11.2,8.6,7.18,9.8,29.5,0,981.7,13,1,2.2,72,0,72,43,42,42,42,277,100,22,96
GVESTA,2011,10,17,9,11.7,80.2,11,8.4,7.05,9.9,29.5,0,981.6,21,0.9,2,42,0,42,25,25,24,25,297,100,22,96
GVESTA,2011,10,17,10,12,77.5,10.9,8.2,6.99,10,29.7,0,981.2,270,0.6,1.9,161,7,157,93,94,98,91,307,94,22,96
GVESTA,2011,10,17,11,12.7,74.1,10.9,8.2,6.99,10.3,30.4,0,980.4,276,1,3.2,497,545,189,118,124,625,228,310,48,22,96
GVESTA,2011,10,17,12,13.7,70.8,11.1,8.5,7.13,10.8,31.8,0,979.5,90,1.3,3.9,558,875,92,77,78,830,411,278,6,22,96
GVESTA,2011,10,17,13,14.6,68.6,11.4,8.9,7.33,11.4,33.2,0,979,68,1.8,3.9,458,810,89,67,68,697,563,271,0,22,96
GVESTA,2011,10,17,14,15.4,65.2,11.4,8.9,7.33,11.8,34,0,978.8,79,2.1,4.3,322,713,79,53,53,516,621,270,0,22,96
GVESTA,2011,10,17,15,15.5,64.8,11.4,8.9,7.33,11.8,34.1,0,978.4,78,2.4,4.3,158,492,61,36,36,275,490,281,16,22,96
GVESTA,2011,10,17,16,14.8,69.1,11.6,9.2,7.46,11.7,33.7,0,978.5,27,1.8,3.2,20,82,13,8,8,35,87,295,66,22,96
GVESTA,2011,10,17,17,13.2,76.7,11.6,9.2,7.46,11,32.1,0,978.8,4,1.3,2.3,0,0,0,0,0,0,0,291,100,22,96
GVESTA,2011,10,17,18,12.2,78.1,11.1,8.5,7.13,10.2,30.3,0,978.8,343,1,2.3,0,0,0,0,0,0,0,289,100,22,96
GVESTA,2011,10,17,19,11,80.6,10.6,7.8,6.81,9.3,28.2,0,978.9,270,1.1,2.5,0,0,0,0,0,0,0,287,100,22,96
GVESTA,2011,10,17,20,10.7,79.5,10.2,7.3,6.55,8.9,27.3,0,979,288,0.7,2,0,0,0,0,0,0,0,285,100,22,96
GVESTA,2011,10,17,21,9.6,80.4,9.6,6.4,6.16,8,25.2,0,979.1,279,0.7,1.4,0,0,0,0,0,0,0,283,100,22,96
GVESTA,2011,10,17,22,8.8,81.4,9.2,5.8,5.9,7.3,23.7,0,979.1,309,0.7,1.8,0,0,0,0,0,0,0,281,100,22,96
GVESTA,2011,10,17,23,8,81.9,8.8,5.1,5.64,6.6,22.2,0,979,288,0.7,1.6,0,0,0,0,0,0,0,279,100,22,96
GVESTA,2011,10,18,0,8.3,78.6,8.6,4.8,5.51,6.6,22.2,0,978.7,291,0.9,1.7,0,0,0,0,0,0,0,278,0,23,96
GVESTA,2011,10,18,1,8.4,77,8.5,4.6,5.45,6.6,22.2,0,978.2,252,0.7,1.6,0,0,0,0,0,0,0,277,0,23,96
GVESTA,2011,10,18,2,8.7,82.6,9.3,5.9,5.97,7.3,23.8,0,977.6,287,1,1.7,0,0,0,0,0,0,0,279,0,23,96
GVESTA,2011,10,18,3,9,82.6,9.5,6.2,6.1,7.6,24.4,0,977.5,247,0.8,1.5,0,0,0,0,0,0,0,276,0,23,96
GVESTA,2011,10,18,4,9.2,82.6,9.6,6.4,6.17,7.8,24.8,0,977.5,281,1,1.8,0,0,0,0,0,0,0,275,0,23,96
GVESTA,2011,10,18,5,9,84.3,9.7,6.5,6.23,7.7,24.7,0,977.6,288,1.3,2.3,0,0,0,0,0,0,0,287,0,23,96
GVESTA,2011,10,18,6,8.2,87.2,9.5,6.2,6.1,7.2,23.6,0,977.8,274,1.4,2.3,69,267,35,20,276,129,20,274,0,23,96
GVESTA,2011,10,18,7,8,88.4,9.5,6.2,6.1,7.1,23.4,0,978,276,1,2.2,177,251,112,64,293,212,63,261,16,23,96
GVESTA,2011,10,18,8,8.7,89.1,10,7,6.43,7.8,24.9,0,977.7,259,1,2,346,552,127,75,486,490,75,264,16,23,96
GVESTA,2011,10,18,9,10.7,79.5,10.2,7.3,6.56,8.9,27.3,0,977.1,242,1.5,3.4,510,841,98,75,512,772,76,268,6,23,96
GVESTA,2011,10,18,10,13.2,67.4,10.2,7.3,6.56,10.1,29.8,0,976.6,225,2,4,573,878,92,81,321,858,82,271,0,23,96
GVESTA,2011,10,18,11,15.8,58.6,10.5,7.7,6.77,11.4,33,0,975.8,224,3.2,6.7,572,827,109,85,111,839,195,275,19,23,96
GVESTA,2011,10,18,12,17.6,50.8,10.2,7.3,6.58,11.9,34.4,0,974.8,239,3.6,6.9,530,799,108,81,82,782,396,278,0,23,96
GVESTA,2011,10,18,13,18.8,45.5,9.9,6.8,6.39,12.2,35.1,0,974.2,242,4.2,8.3,433,722,108,73,73,647,527,279,6,23,96
GVESTA,2011,10,18,14,19.3,42.9,9.6,6.4,6.19,12.2,35.1,0,973.7,238,4.7,7.6,307,658,88,56,56,489,585,296,25,23,96
GVESTA,2011,10,18,15,18.9,46.2,10.1,7.1,6.52,12.4,35.5,0,973.4,239,4.4,7.5,152,491,57,34,34,274,486,294,25,23,96
GVESTA,2011,10,18,16,17.4,52.5,10.4,7.6,6.72,12,34.5,0,973.4,246,3.4,6,19,62,14,8,8,30,69,298,13,23,96
GVESTA,2011,10,18,17,15.5,59.3,10.4,7.6,6.72,11.2,32.6,0,973.6,265,3.7,6.2,0,0,0,0,0,0,0,283,0,23,96
GVESTA,2011,10,18,18,14.3,64.5,10.5,7.7,6.78,10.7,31.5,0,973.7,259,2.5,5.7,0,0,0,0,0,0,0,284,0,23,96
GVESTA,2011,10,18,19,13.5,67.5,10.4,7.6,6.72,10.3,30.5,0,973.5,248,2,7.1,0,0,0,0,0,0,0,295,0,23,96
GVESTA,2011,10,18,20,14,64.4,10.3,7.4,6.65,10.5,30.9,0,973.8,247,4.1,7.3,0,0,0,0,0,0,0,314,50,23,96
GVESTA,2011,10,18,21,14.3,65.8,10.7,8,6.91,10.9,31.8,0,974,256,2.2,5.6,0,0,0,0,0,0,0,353,100,23,96
GVESTA,2011,10,18,22,15.4,63,11,8.4,7.11,11.5,33.5,0,973.6,228,4,7.6,0,0,0,0,0,0,0,357,100,23,96
GVESTA,2011,10,18,23,14.8,64.2,10.8,8.1,6.98,11.1,32.5,0,973.4,233,5.9,9.4,0,0,0,0,0,0,0,356,100,23,96
GVESTA,2011,10,19,0,15.3,59.2,10.3,7.4,6.65,11,32.2,0,973,228,6.7,10.4,0,0,0,0,0,0,0,352,100,23,96
GVESTA,2011,10,19,1,15,58.8,10,7,6.46,10.7,31.4,0,972.7,225,6.8,10.5,0,0,0,0,0,0,0,351,94,23,96
GVESTA,2011,10,19,2,14.4,59,9.7,6.5,6.27,10.2,30.3,0,972.2,213,7.1,10.2,0,0,0,0,0,0,0,354,100,23,96
GVESTA,2011,10,19,3,14.3,59.4,9.7,6.5,6.27,10.2,30.2,0,971.6,191,4.9,9.1,0,0,0,0,0,0,0,354,100,23,96
GVESTA,2011,10,19,4,14.5,59.9,9.9,6.8,6.41,10.4,30.8,0,971.2,230,4.8,10.6,0,0,0,0,0,0,0,353,100,23,96
GVESTA,2011,10,19,5,15,56.8,9.7,6.5,6.28,10.5,30.9,0,971.1,222,7.3,13.3,0,0,0,0,0,0,0,353,100,23,96
GVESTA,2011,10,19,6,15,60,10.2,7.3,6.6,10.8,31.8,0,970.8,205,7.6,12.7,3,0,3,2,2,2,2,352,100,23,96
GVESTA,2011,10,19,7,14,71.8,11.5,9,7.46,11.2,32.9,0.3,970.8,218,9.1,14.8,13,0,13,8,8,8,8,351,100,23,96
GVESTA,2011,10,19,8,13,78.2,11.7,9.3,7.58,10.9,32.2,1.5,971.4,241,6.4,12.1,32,0,32,19,19,19,19,350,100,23,96
GVESTA,2011,10,19,9,12.6,85.9,12.5,10.3,8.1,11.3,33.1,5.1,972.2,278,2.3,6.4,29,0,29,17,17,17,17,350,100,23,96
GVESTA,2011,10,19,10,11.8,88.1,12.2,9.9,7.9,10.7,31.8,3.6,972.7,169,1.7,5.7,34,0,34,20,20,20,20,349,100,23,96
GVESTA,2011,10,19,11,11.5,86.3,11.7,9.3,7.57,10.3,30.6,3.4,973.4,235,2.1,4,36,0,36,22,22,21,21,348,100,23,96
GVESTA,2011,10,19,12,10.7,86.8,11.2,8.6,7.23,9.6,29,3.5,974.1,218,3.6,6.8,28,0,28,17,17,16,17,347,100,23,96
GVESTA,2011,10,19,13,9.6,81,9.7,6.5,6.25,8,25.4,0.4,975.3,242,2.2,6.2,23,0,23,14,14,14,14,345,100,23,96
GVESTA,2011,10,19,14,9.3,82.1,9.6,6.4,6.18,7.8,24.9,0.3,975.9,18,1.1,3.1,20,0,20,12,12,12,12,343,100,23,96
GVESTA,2011,10,19,15,9.4,77.1,9.1,5.6,5.85,7.5,24.2,0,976.3,117,0.9,2.3,37,8,36,22,22,25,29,341,100,23,96
GVESTA,2011,10,19,16,9.2,84.3,9.8,6.7,6.3,7.9,25.1,0,976.7,55,1.7,3.6,1,0,1,0,0,0,0,339,100,23,96
GVESTA,2011,10,19,17,9.3,82.1,9.6,6.4,6.17,7.8,24.9,0,977.6,9,1.3,3.8,0,0,0,0,0,0,0,337,100,23,96
GVESTA,2011,10,19,18,8.8,73.3,8.3,4.3,5.32,6.6,22.2,0,978,347,1,4.6,0,0,0,0,0,0,0,335,100,23,96
GVESTA,2011,10,19,19,7.7,80.7,8.5,4.6,5.45,6.2,21.4,0,978.4,13,1,2.6,0,0,0,0,0,0,0,333,100,23,96
GVESTA,2011,10,19,20,7.8,79.6,8.4,4.5,5.38,6.2,21.4,0,978.8,329,0.7,2,0,0,0,0,0,0,0,332,100,23,96
GVESTA,2011,10,19,21,7.1,80.1,8.1,3.9,5.19,5.6,20.2,0,979,281,0.8,1.9,0,0,0,0,0,0,0,317,50,23,96
GVESTA,2011,10,19,22,6.1,80.5,7.6,3,4.86,4.7,18.3,0,979.4,288,0.8,3.2,0,0,0,0,0,0,0,315,63,23,96
GVESTA,2011,10,19,23,6,79.3,7.4,2.7,4.74,4.5,17.9,0,979.4,284,0.5,1.7,0,0,0,0,0,0,0,325,81,23,96
GVESTA,2011,10,20,0,5.6,80.4,7.3,2.5,4.67,4.2,17.3,0,979.3,241,1.2,2.3,0,0,0,0,0,0,0,302,29,24,96
GVESTA,2011,10,20,1,4.9,80.9,7,1.9,4.48,3.6,16.1,0,979.4,264,1,2.4,0,0,0,0,0,0,0,287,0,24,96
GVESTA,2011,10,20,2,4.7,82,7,1.9,4.48,3.5,15.9,0,979.3,243,1,2.4,0,0,0,0,0,0,0,294,43,24,96
GVESTA,2011,10,20,3,4.3,85.6,7.1,2.1,4.54,3.3,15.7,0,979.5,236,1.5,2.6,0,0,0,0,0,0,0,318,88,24,96
GVESTA,2011,10,20,4,5.4,82.7,7.4,2.7,4.73,4.2,17.3,0,979.8,301,0.7,2.2,0,0,0,0,0,0,0,321,100,24,96
GVESTA,2011,10,20,5,6.1,80.5,7.6,3,4.86,4.7,18.3,0,980.1,304,0.5,1.9,0,0,0,0,0,0,0,320,94,24,96
GVESTA,2011,10,20,6,5.8,82.2,7.6,3,4.86,4.5,18,0,980.5,278,0.8,1.9,29,21,26,16,35,24,16,318,94,24,96
GVESTA,2011,10,20,7,6.3,84,8,3.8,5.12,5.1,19.2,0,980.7,277,0.9,2.7,141,278,68,40,285,208,40,310,71,24,96
GVESTA,2011,10,20,8,8.5,70.3,7.8,3.4,4.99,6.1,21.1,0,980.7,23,2.1,5.3,391,769,98,67,628,631,68,313,34,24,96
GVESTA,2011,10,20,9,9.4,57.7,6.8,1.5,4.34,5.8,20.4,0,980.8,36,5.5,10.3,496,839,94,77,508,776,78,308,6,24,96
GVESTA,2011,10,20,10,10.1,54.3,6.7,1.3,4.28,6.1,20.9,0,980.8,55,7.1,10.8,537,753,132,97,319,783,98,287,36,24,96
GVESTA,2011,10,20,11,10.7,48.9,6.3,0.4,4.02,6,20.9,0,980.5,54,7,10.6,582,887,94,86,112,890,197,284,19,24,96
GVESTA,2011,10,20,12,10.9,47.5,6.2,0.2,3.96,6.1,20.9,0,980.1,51,6.2,10.1,535,845,99,83,84,823,410,279,0,24,96
GVESTA,2011,10,20,13,11.3,45,6,-0.2,3.83,6.1,21,0,979.9,52,6.2,10.5,434,749,105,75,75,675,542,275,0,24,96
GVESTA,2011,10,20,14,11.6,43.1,5.9,-0.5,3.77,6.2,21.2,0,979.9,44,5.9,9.3,299,642,91,59,59,488,576,246,0,24,96
GVESTA,2011,10,20,15,11.3,45,6,-0.2,3.83,6.1,21,0,979.9,36,5,9.7,150,504,58,35,35,285,498,257,0,24,96
GVESTA,2011,10,20,16,10.7,45.8,5.9,-0.5,3.77,5.7,20.2,0,980,18,3.3,6.5,14,61,9,5,5,27,64,269,0,24,96
GVESTA,2011,10,20,17,8.5,55.1,6.1,0,3.89,4.8,18.3,0,980.6,3,2.1,3.8,0,0,0,0,0,0,0,262,0,24,96
GVESTA,2011,10,20,18,7.4,60.2,6.2,0.2,3.96,4.3,17.4,0,980.7,3,2.2,3.8,0,0,0,0,0,0,0,261,0,24,96
GVESTA,2011,10,20,19,7.1,61.5,6.2,0.2,3.96,4.1,17.1,0,980.8,2,2.8,4.7,0,0,0,0,0,0,0,285,0,24,96
GVESTA,2011,10,20,20,7.1,60.6,6.1,0,3.89,4,16.9,0,981.1,4,2.7,5.9,0,0,0,0,0,0,0,286,0,24,96
GVESTA,2011,10,20,21,7,61,6.1,0,3.89,4,16.8,0,980.9,2,3.1,5.8,0,0,0,0,0,0,0,278,0,24,96
GVESTA,2011,10,20,22,6.9,61.4,6.1,0,3.89,3.9,16.7,0,980.9,358,2.7,5.3,0,0,0,0,0,0,0,302,0,24,96
GVESTA,2011,10,20,23,7,61,6.1,0,3.89,4,16.8,0,980.9,342,1.4,3.9,0,0,0,0,0,0,0,306,0,24,96
GVESTA,2011,10,21,0,6.9,61.4,6.1,0,3.89,3.9,16.7,0,980.7,4,1.7,4.8,0,0,0,0,0,0,0,302,0,24,96
GVESTA,2011,10,21,1,6.4,62.6,6,-0.2,3.83,3.6,16,0,980.7,14,2.5,4.7,0,0,0,0,0,0,0,302,40,24,96
GVESTA,2011,10,21,2,6.3,64.9,6.2,0.2,3.96,3.7,16.3,0,980.5,7,2.3,5.6,0,0,0,0,0,0,0,301,50,24,96
GVESTA,2011,10,21,3,6.8,67,6.6,1.1,4.22,4.3,17.4,0,980.4,23,2.2,4.7,0,0,0,0,0,0,0,301,64,24,96
GVESTA,2011,10,21,4,6.5,73.4,7.1,2.1,4.54,4.5,17.9,0,980.4,48,2.4,4,0,0,0,0,0,0,0,300,100,24,96
GVESTA,2011,10,21,5,7,72,7.2,2.3,4.6,4.9,18.6,0,980.5,25,1.5,3.1,0,0,0,0,0,0,0,300,100,24,96
GVESTA,2011,10,21,6,6.6,72.9,7.1,2.1,4.53,4.6,18,0,981,3,1.7,3.5,6,0,6,4,4,4,4,303,100,24,96
GVESTA,2011,10,21,7,6.5,69.3,6.7,1.3,4.28,4.2,17.3,0,981.4,18,1.4,4.6,48,0,48,29,29,28,29,311,100,24,96
GVESTA,2011,10,21,8,7.1,71.5,7.2,2.3,4.6,4.9,18.7,0,981.5,18,1.6,4,240,209,155,92,241,260,91,320,74,24,96
GVESTA,2011,10,21,9,7.3,69.5,7.1,2.1,4.53,4.9,18.7,0,981.3,49,3.2,6.1,299,262,181,109,272,331,108,327,84,24,96
GVESTA,2011,10,21,10,7.7,64.8,6.8,1.5,4.34,4.9,18.6,0,981.3,36,3.8,6.8,307,162,220,127,183,293,126,330,88,24,96
GVESTA,2011,10,21,11,8.2,62.6,6.8,1.5,4.34,5.2,19.2,0,980.9,52,4.1,6.8,327,125,260,152,161,280,181,333,78,24,96
GVESTA,2011,10,21,12,8.6,60.9,6.8,1.5,4.34,5.4,19.6,0,980.4,44,3.5,6.6,519,782,120,86,87,786,404,292,20,24,96
GVESTA,2011,10,21,13,9,60.2,6.9,1.7,4.41,5.7,20.1,0,980,50,4.5,7.1,438,799,91,70,71,704,559,273,0,24,96
GVESTA,2011,10,21,14,9.1,59.8,6.9,1.7,4.41,5.7,20.2,0,979.8,37,4.4,7.8,295,643,90,57,58,489,574,238,0,24,96
GVESTA,2011,10,21,15,9,60.2,6.9,1.7,4.41,5.7,20.1,0,979.6,35,3.8,7.4,145,493,57,34,34,280,487,282,0,24,96
GVESTA,2011,10,21,16,8.8,61.9,7,1.9,4.48,5.6,20.1,0,979.4,22,2,4.7,11,57,7,4,4,25,59,321,19,24,96
GVESTA,2011,10,21,17,6.9,69.4,6.9,1.7,4.41,4.6,18,0,979.6,340,1.2,2.5,0,0,0,0,0,0,0,329,33,24,96
GVESTA,2011,10,21,18,5.9,68.7,6.4,0.6,4.09,3.6,16.2,0,979.9,331,1.3,3.4,0,0,0,0,0,0,0,327,10,24,96
GVESTA,2011,10,21,19,6.6,66.9,6.5,0.9,4.15,4.1,17.1,0,979.8,292,0.6,1.3,0,0,0,0,0,0,0,323,0,24,96
GVESTA,2011,10,21,20,6.8,67,6.6,1.1,4.22,4.3,17.4,0,979.8,292,0.5,1.4,0,0,0,0,0,0,0,318,13,24,96
GVESTA,2011,10,21,21,5.7,71.2,6.5,0.9,4.15,3.6,16.1,0,979.8,248,0.6,1.1,0,0,0,0,0,0,0,313,26,24,96
GVESTA,2011,10,21,22,4.3,73.6,6.1,0,3.9,2.5,14.1,0,979.7,233,1,1.6,0,0,0,0,0,0,0,308,10,24,96
GVESTA,2011,10,21,23,3.6,76.2,6,-0.2,3.83,2,13.2,0,979.6,270,0.9,1.7,0,0,0,0,0,0,0,304,25,24,96
GVESTA,2011,10,22,0,3.5,75,5.9,-0.5,3.77,1.9,13,0,979.3,256,0.5,0.9,0,0,0,0,0,0,0,302,0,23,96
GVESTA,2011,10,22,1,3.3,75,5.8,-0.7,3.71,1.7,12.6,0,979.2,243,0.3,0.7,0,0,0,0,0,0,0,303,0,23,96
GVESTA,2011,10,22,2,2.8,76.6,5.7,-0.9,3.64,1.3,11.9,0,979,279,0.6,1,0,0,0,0,0,0,0,305,0,23,96
GVESTA,2011,10,22,3,2.9,77.2,5.8,-0.7,3.71,1.4,12.2,0,979,252,0.7,1.5,0,0,0,0,0,0,0,306,26,23,96
GVESTA,2011,10,22,4,4,76.2,6.2,0.2,3.96,2.4,13.9,0,979.1,270,0.6,1.7,0,0,0,0,0,0,0,308,25,23,96
GVESTA,2011,10,22,5,5.1,74.2,6.5,0.9,4.16,3.3,15.5,0,979.1,297,0.7,1.7,0,0,0,0,0,0,0,309,29,23,96
GVESTA,2011,10,22,6,5.4,75.9,6.8,1.5,4.35,3.7,16.3,0,979.4,292,0.6,1.6,24,8,23,14,21,17,14,311,41,23,96
GVESTA,2011,10,22,7,5.9,75.5,7,1.9,4.48,4.1,17.2,0,979.4,292,0.6,1.4,98,21,93,55,74,67,55,322,39,23,96
GVESTA,2011,10,22,8,6.7,73.5,7.2,2.3,4.61,4.7,18.3,0,979.3,333,0.4,1.5,166,25,157,94,112,111,93,329,88,23,96
GVESTA,2011,10,22,9,7.3,73.6,7.5,2.9,4.8,5.3,19.4,0,979.3,22,1.1,2.6,192,17,183,109,118,124,108,333,100,23,96
GVESTA,2011,10,22,10,7.9,68.6,7.3,2.5,4.67,5.4,19.7,0,979,5,1.2,3,418,343,235,134,249,478,133,317,71,23,96
GVESTA,2011,10,22,11,8.1,68.7,7.4,2.7,4.74,5.6,20.1,0,978.2,23,1,3.2,568,856,106,85,113,875,199,275,29,23,96
GVESTA,2011,10,22,12,8.9,67.4,7.7,3.2,4.94,6.2,21.4,0,977.4,77,1.4,4.9,521,835,99,79,80,816,404,249,0,23,96
GVESTA,2011,10,22,13,9.7,64.8,7.8,3.4,5.01,6.7,22.4,0,976.7,81,1.9,4,426,774,95,69,70,687,545,249,0,23,96
GVESTA,2011,10,22,14,10.7,61.5,7.9,3.6,5.07,7.3,23.5,0,976.2,32,1.6,4.4,292,673,81,53,54,503,588,248,0,23,96
GVESTA,2011,10,22,15,11.1,60.7,8,3.8,5.14,7.5,24.1,0,975.9,36,1.8,3.2,136,471,54,32,32,268,463,254,0,23,96
GVESTA,2011,10,22,16,10.2,67.7,8.4,4.5,5.4,7.4,23.9,0,976,21,1.4,2.3,9,49,6,4,4,21,50,265,0,23,96
GVESTA,2011,10,22,17,9,73.4,8.4,4.5,5.4,6.8,22.6,0,976.4,345,1.2,1.8,0,0,0,0,0,0,0,270,0,23,96
GVESTA,2011,10,22,18,8.7,71.8,8.1,3.9,5.2,6.4,21.8,0,976.5,304,0.5,1.4,0,0,0,0,0,0,0,269,0,23,96
GVESTA,2011,10,22,19,7.9,73.2,7.8,3.4,5.01,5.8,20.5,0,976.7,270,0.6,1.1,0,0,0,0,0,0,0,268,0,23,96
GVESTA,2011,10,22,20,7.1,74.6,7.5,2.9,4.81,5.2,19.2,0,977,315,0.8,1.7,0,0,0,0,0,0,0,331,0,23,96
GVESTA,2011,10,22,21,6.6,72.9,7.1,2.1,4.55,4.6,18.1,0,977.2,270,0.5,1.4,0,0,0,0,0,0,0,329,0,23,96
GVESTA,2011,10,22,22,5.6,75.9,6.9,1.7,4.42,3.9,16.7,0,977.1,270,0.8,1.6,0,0,0,0,0,0,0,325,23,23,96
GVESTA,2011,10,22,23,5.2,77,6.8,1.5,4.36,3.6,16.2,0,976.8,288,0.7,1.6,0,0,0,0,0,0,0,321,25,23,96
GVESTA,2011,10,23,0,4.4,76.3,6.4,0.6,4.1,2.8,14.7,0,976.8,288,0.5,1.4,0,0,0,0,0,0,0,283,25,25,96
GVESTA,2011,10,23,1,3.9,79,6.4,0.6,4.1,2.5,14.2,0,976.8,240,0.9,1.8,0,0,0,0,0,0,0,287,25,25,96
GVESTA,2011,10,23,2,5.1,78.6,6.9,1.7,4.43,3.6,16.2,0,976.5,252,0.7,1.5,0,0,0,0,0,0,0,286,61,25,96
GVESTA,2011,10,23,3,5.5,83.9,7.6,3,4.88,4.4,17.8,0,976.4,270,0.5,1.3,0,0,0,0,0,0,0,291,100,25,96
GVESTA,2011,10,23,4,6.2,85.2,8.1,3.9,5.2,5.1,19.3,0,976.1,236,1.1,2.1,0,0,0,0,0,0,0,316,100,25,96
GVESTA,2011,10,23,5,6.9,83.5,8.3,4.3,5.34,5.7,20.3,0,975.8,287,1,1.9,0,0,0,0,0,0,0,316,100,25,96
GVESTA,2011,10,23,6,7.1,83.5,8.4,4.5,5.4,5.9,20.7,0,975.7,238,1.1,2,9,0,9,6,6,6,6,319,100,25,96
GVESTA,2011,10,23,7,7.4,82.4,8.5,4.6,5.47,6.1,21.2,0,975.8,231,1.5,3.2,97,24,90,55,76,69,55,327,59,25,96
GVESTA,2011,10,23,8,7.8,80.2,8.5,4.6,5.47,6.3,21.6,0,975.4,241,1,2,177,50,159,97,137,134,96,318,60,25,96
GVESTA,2011,10,23,9,8.9,74.4,8.5,4.6,5.47,6.8,22.7,0,974.9,252,0.4,2.3,188,10,183,112,117,119,110,338,100,25,96
GVESTA,2011,10,23,10,9.5,72.5,8.6,4.8,5.54,7.2,23.5,0,974.4,51,0.7,2.6,237,31,221,134,143,163,132,331,94,25,96
GVESTA,2011,10,23,11,9.5,73.5,8.7,5,5.61,7.3,23.7,0,973.7,65,1.5,3.3,395,264,255,151,159,419,218,288,56,25,96
GVESTA,2011,10,23,12,10.2,67.7,8.4,4.5,5.42,7.4,23.9,0,972.7,70,1.3,4.7,517,831,101,85,86,823,409,258,13,25,96
GVESTA,2011,10,23,13,10.8,65,8.4,4.5,5.42,7.7,24.5,0,972,78,1.4,3.6,419,756,100,75,75,684,543,252,0,25,96
GVESTA,2011,10,23,14,11.8,60.9,8.4,4.5,5.43,8.2,25.5,0,971.4,67,1.4,3.4,288,673,80,56,56,507,592,252,0,25,96
GVESTA,2011,10,23,15,12.2,58.5,8.3,4.3,5.36,8.3,25.8,0,970.7,63,1.2,2.9,132,467,53,33,33,269,459,258,13,25,96
GVESTA,2011,10,23,16,10.9,67.4,8.8,5.1,5.69,8,25.3,0,970.4,36,1.4,2.3,8,43,6,4,4,19,45,283,34,25,96
GVESTA,2011,10,23,17,9.6,73.5,8.8,5.1,5.69,7.4,24,0,970.5,14,1.3,2.1,0,0,0,0,0,0,0,309,25,25,96
GVESTA,2011,10,23,18,8.9,76.5,8.7,5,5.63,7,23.1,0,970.5,344,1.4,2.5,0,0,0,0,0,0,0,341,25,25,96
GVESTA,2011,10,23,19,8.7,74.9,8.4,4.5,5.43,6.7,22.4,0,970.3,304,0.4,1.4,0,0,0,0,0,0,0,339,25,25,96
GVESTA,2011,10,23,20,7.6,77.4,8.1,3.9,5.24,5.8,20.8,0,970.2,323,0.5,1.1,0,0,0,0,0,0,0,337,25,25,96
GVESTA,2011,10,23,21,6.9,76.2,7.6,3,4.91,5.1,19.3,0,970,301,0.6,1.2,0,0,0,0,0,0,0,335,81,25,96
GVESTA,2011,10,23,22,6,77.1,7.2,2.3,4.65,4.3,17.7,0,969.4,304,0.4,1.1,0,0,0,0,0,0,0,333,100,25,96
GVESTA,2011,10,23,23,5.1,79.8,7,1.9,4.53,3.7,16.5,0,969,315,0.5,1.2,0,0,0,0,0,0,0,331,100,25,96
GVESTA,2011,10,24,0,5.7,79.9,7.3,2.5,4.72,4.3,17.6,0,968.6,263,0.8,1.9,0,0,0,0,0,0,0,289,13,25,96
GVESTA,2011,10,24,1,7.4,78.4,8.1,3.9,5.25,5.7,20.6,0,968.1,254,0.7,1.4,0,0,0,0,0,0,0,294,0,25,96
GVESTA,2011,10,24,2,8.4,77,8.5,4.6,5.51,6.6,22.3,0,967.5,261,0.6,1.7,0,0,0,0,0,0,0,299,0,25,96
GVESTA,2011,10,24,3,8.5,78.6,8.7,5,5.65,6.8,22.7,0,967.1,264,1,1.9,0,0,0,0,0,0,0,302,0,25,96
GVESTA,2011,10,24,4,9.1,77.1,8.9,5.3,5.78,7.2,23.7,0,966.9,27,0.4,2.1,0,0,0,0,0,0,0,312,26,25,96
GVESTA,2011,10,24,5,8.7,80.9,9.1,5.6,5.91,7.2,23.6,0,966.6,90,1.1,3.8,0,0,0,0,0,0,0,315,49,25,96
GVESTA,2011,10,24,6,8.7,80.9,9.1,5.6,5.91,7.2,23.6,0,966.4,84,0.9,3.8,31,73,25,15,85,45,14,307,50,25,96
GVESTA,2011,10,24,7,8,84.2,9,5.5,5.85,6.8,22.7,0,966.2,73,1.7,4.6,58,16,54,33,48,42,33,326,78,25,96
GVESTA,2011,10,24,8,8.1,83.6,9,5.5,5.85,6.8,22.9,0,965.6,80,1.1,3.9,122,12,117,71,79,79,70,326,81,25,96
GVESTA,2011,10,24,9,8.4,82.5,9.1,5.6,5.92,7,23.3,0,965.2,39,1.5,3.4,87,0,87,53,52,52,52,334,100,25,96
GVESTA,2011,10,24,10,8.9,78.1,8.9,5.3,5.79,7.1,23.5,0,964.6,25,1.7,4,312,246,182,113,172,350,112,326,71,25,96
GVESTA,2011,10,24,11,9.4,74.5,8.8,5.1,5.73,7.3,23.9,0,963.5,56,1.1,2.8,543,847,95,85,111,866,192,288,16,25,96
GVESTA,2011,10,24,12,10.6,69.7,8.9,5.3,5.8,7.9,25.3,0,962.6,56,0.8,4.2,491,783,103,82,83,781,390,278,0,25,96
GVESTA,2011,10,24,13,11.6,62.1,8.5,4.6,5.55,8.1,25.6,0,961.9,65,2.3,4.6,395,705,101,73,73,643,508,279,29,25,96
GVESTA,2011,10,24,14,12.8,58.2,8.6,4.8,5.61,8.8,27,0,961.3,46,2.8,4.7,273,639,79,54,54,484,560,301,26,25,96
GVESTA,2011,10,24,15,12.6,54.2,7.9,3.6,5.15,8.2,25.7,0,961.2,39,2.8,4.5,40,28,35,21,21,35,46,343,94,25,96
GVESTA,2011,10,24,16,12.1,61.8,8.7,5,5.68,8.5,26.5,0,961.2,27,1.6,4,5,7,4,3,3,5,9,342,88,25,96
GVESTA,2011,10,24,17,11.6,71.9,9.8,6.7,6.4,9,27.8,0,961.8,5,1.2,2.2,0,0,0,0,0,0,0,349,100,25,96
GVESTA,2011,10,24,18,11.2,76.9,10.2,7.3,6.67,9.1,28.1,0,961.7,9,1.3,2.8,0,0,0,0,0,0,0,349,100,25,96
GVESTA,2011,10,24,19,11.4,75.9,10.2,7.3,6.67,9.2,28.3,0,961.7,344,0.8,2.3,0,0,0,0,0,0,0,348,100,25,96
GVESTA,2011,10,24,20,10.7,76.8,9.9,6.8,6.47,8.7,27.1,0,961.6,354,1,2,0,0,0,0,0,0,0,343,100,25,96
GVESTA,2011,10,24,21,10.1,76.7,9.5,6.2,6.21,8.1,25.8,0,961.5,270,0.4,1.3,0,0,0,0,0,0,0,346,100,25,96
GVESTA,2011,10,24,22,9.1,80.4,9.3,5.9,6.08,7.5,24.4,0,961.2,323,0.5,1,0,0,0,0,0,0,0,345,100,25,96
GVESTA,2011,10,24,23,9.2,79.8,9.3,5.9,6.08,7.5,24.5,0,961,281,0.5,1.5,0,0,0,0,0,0,0,345,100,25,96
GVESTA,2011,10,25,0,9.1,82,9.5,6.2,6.21,7.6,24.8,0,960.9,276,1,2.1,0,0,0,0,0,0,0,344,100,25,96
GVESTA,2011,10,25,1,9.4,81.5,9.6,6.4,6.28,7.9,25.3,0,960.2,259,1,2.6,0,0,0,0,0,0,0,344,100,25,96
GVESTA,2011,10,25,2,9.2,84.3,9.8,6.7,6.42,7.9,25.4,0,960,315,1.2,3.1,0,0,0,0,0,0,0,344,100,25,96
GVESTA,2011,10,25,3,9.6,82.7,9.9,6.8,6.48,8.2,26,0,959.5,217,0.8,2.2,0,0,0,0,0,0,0,344,100,25,96
GVESTA,2011,10,25,4,9.3,84.4,9.9,6.8,6.48,8,25.7,0.2,959.9,280,1.2,2.4,0,0,0,0,0,0,0,345,100,25,96
GVESTA,2011,10,25,5,9.9,83.8,10.2,7.3,6.68,8.5,26.8,1.2,959.8,326,0.9,2.6,0,0,0,0,0,0,0,345,100,25,96
GVESTA,2011,10,25,6,9.2,86.7,10.1,7.1,6.61,8.1,25.9,1.8,959.8,339,1.3,2.9,16,18,13,8,25,17,8,342,100,25,96
GVESTA,2011,10,25,7,9.7,85,10.2,7.3,6.68,8.5,26.6,0.2,959.7,8,0.8,2.3,51,114,32,19,123,78,19,344,94,25,96
GVESTA,2011,10,25,8,10.1,84.4,10.4,7.6,6.81,8.8,27.3,0.2,960.1,0,0.8,3,29,0,29,18,17,17,17,349,100,25,96
GVESTA,2011,10,25,9,10.4,85.1,10.7,8,7.01,9.1,28.1,0,960.2,257,1.8,4.4,125,14,119,72,80,83,71,347,100,25,96
GVESTA,2011,10,25,10,11,80.6,10.6,7.8,6.95,9.3,28.6,0,959.9,216,1.8,4.3,235,38,216,130,145,166,128,342,94,25,96
GVESTA,2011,10,25,11,11.7,77,10.6,7.8,6.95,9.6,29.3,0,959.9,351,0.8,2.8,124,3,122,74,74,76,74,355,94,25,96
GVESTA,2011,10,25,12,12.1,72.9,10.3,7.4,6.75,9.6,29.2,0,959.7,360,0.8,2,204,50,180,108,107,155,131,352,94,25,96
GVESTA,2011,10,25,13,12.5,72,10.4,7.6,6.82,9.9,29.8,0.1,959.6,339,0.9,2.6,77,11,71,43,43,53,50,355,100,25,96
GVESTA,2011,10,25,14,12.7,73.5,10.8,8.1,7.08,10.2,30.6,0.1,960,315,0.9,2.8,13,0,13,8,8,8,8,354,100,25,96
GVESTA,2011,10,25,15,13.1,76.2,11.5,9,7.54,10.8,32.2,0.2,960.5,270,1.2,2.8,9,0,9,6,6,6,6,346,94,25,96
GVESTA,2011,10,25,16,12.7,80.9,11.9,9.5,7.8,10.9,32.4,0.1,961,254,1,3.2,6,21,5,3,3,10,23,343,88,25,96
GVESTA,2011,10,25,17,12,84.1,11.8,9.4,7.72,10.6,31.5,0.3,962.6,233,1.7,5.1,0,0,0,0,0,0,0,348,100,25,96
GVESTA,2011,10,25,18,12.2,83.6,11.9,9.5,7.78,10.7,31.9,0.2,963.6,204,2.5,7.9,0,0,0,0,0,0,0,351,100,25,96
GVESTA,2011,10,25,19,11.8,81.8,11.3,8.8,7.37,10.2,30.5,0,964.7,190,4.5,7.9,0,0,0,0,0,0,0,350,100,25,96
GVESTA,2011,10,25,20,10.7,84.5,10.9,8.2,7.1,9.4,28.6,0.8,965.9,225,5.2,10.3,0,0,0,0,0,0,0,350,94,25,96
GVESTA,2011,10,25,21,10.3,84.5,10.6,7.8,6.9,9,27.7,0.4,966.7,195,2.7,5,0,0,0,0,0,0,0,349,100,25,96
GVESTA,2011,10,25,22,10.1,85,10.5,7.7,6.83,8.8,27.3,0.1,967.3,245,2.6,4.9,0,0,0,0,0,0,0,348,100,25,96
GVESTA,2011,10,25,23,9.8,86.2,10.4,7.6,6.76,8.6,26.9,0,967.8,285,2.3,4,0,0,0,0,0,0,0,347,100,25,96
GVESTA,2011,10,26,0,10.1,85.6,10.6,7.8,6.89,8.9,27.5,0,968.2,250,1.5,3.5,0,0,0,0,0,0,0,346,100,23,96
GVESTA,2011,10,26,1,10.1,86.8,10.7,8,6.95,9,27.7,0,968.6,72,1.3,3.6,0,0,0,0,0,0,0,343,100,23,96
GVESTA,2011,10,26,2,10.8,80.6,10.4,7.6,6.75,9.1,27.9,0,968.6,360,0.3,1,0,0,0,0,0,0,0,323,50,23,96
GVESTA,2011,10,26,3,8.9,84.3,9.6,6.4,6.22,7.6,24.6,0,969.1,302,1,1.8,0,0,0,0,0,0,0,292,38,23,96
GVESTA,2011,10,26,4,8.4,80.8,8.9,5.3,5.76,6.9,22.9,0,969.4,307,0.5,1.6,0,0,0,0,0,0,0,260,0,23,96
GVESTA,2011,10,26,5,7.8,80.2,8.5,4.6,5.5,6.3,21.7,0,969.8,292,0.6,1.1,0,0,0,0,0,0,0,263,0,23,96
GVESTA,2011,10,26,6,6.7,83.5,8.2,4.1,5.3,5.5,20,0,970.5,288,1.2,3.4,42,181,24,14,183,93,14,261,6,23,96
GVESTA,2011,10,26,7,7.7,83,8.7,5,5.62,6.4,21.9,0,971,307,0.5,1.8,190,559,66,41,523,372,41,255,0,23,96
GVESTA,2011,10,26,8,10.1,79.4,9.8,6.7,6.34,8.3,26.1,0,971.3,207,0.5,2.2,340,738,79,57,579,603,58,257,0,23,96
GVESTA,2011,10,26,9,11.1,76.3,10.1,7.1,6.53,9,27.6,0,971.6,222,1.3,3.5,453,799,93,71,477,753,72,258,0,23,96
GVESTA,2011,10,26,10,11.8,71.4,9.9,6.8,6.4,9.2,28,0,971.6,239,1.2,3.9,516,808,107,81,306,828,82,260,0,23,96
GVESTA,2011,10,26,11,12.8,62.4,9.2,5.8,5.95,9.2,27.9,0,971.2,180,1,3.5,535,837,101,81,106,861,191,267,0,23,96
GVESTA,2011,10,26,12,13.6,58.4,9.1,5.6,5.89,9.5,28.5,0,970.8,111,1.2,4.2,495,824,96,76,77,812,394,262,0,23,96
GVESTA,2011,10,26,13,14.3,56.6,9.2,5.8,5.95,9.9,29.4,0,970.3,71,2.5,4.7,405,780,87,65,65,693,539,261,0,23,96
GVESTA,2011,10,26,14,14.7,52.5,8.8,5.1,5.69,9.7,29.2,0,970.1,42,2.9,4.2,267,638,79,51,51,486,555,260,0,23,96
GVESTA,2011,10,26,15,14.4,54.3,8.9,5.3,5.76,9.7,29,0,970.3,35,2.5,4,116,428,49,29,29,249,416,264,0,23,96
GVESTA,2011,10,26,16,12.8,61.5,9.1,5.6,5.89,9.1,27.7,0,970.6,360,1.3,3.3,6,31,5,3,3,14,32,258,0,23,96
GVESTA,2011,10,26,17,11.3,66.5,8.9,5.3,5.75,8.3,25.9,0,970.9,321,0.7,2.2,0,0,0,0,0,0,0,257,0,23,96
GVESTA,2011,10,26,18,10.3,71.1,8.9,5.3,5.75,7.8,24.8,0,971,315,0.5,1.9,0,0,0,0,0,0,0,256,0,23,96
GVESTA,2011,10,26,19,9.7,72.5,8.7,5,5.62,7.4,23.9,0,970.9,304,0.5,1.4,0,0,0,0,0,0,0,256,0,23,96
GVESTA,2011,10,26,20,8.9,74.4,8.5,4.6,5.49,6.8,22.8,0,971,281,0.5,1.3,0,0,0,0,0,0,0,260,6,23,96
GVESTA,2011,10,26,21,8,76.4,8.2,4.1,5.3,6.1,21.4,0,971.4,284,0.4,1.1,0,0,0,0,0,0,0,288,39,23,96
GVESTA,2011,10,26,22,7.1,78.4,7.9,3.6,5.1,5.5,19.9,0,971.5,297,0.7,1.7,0,0,0,0,0,0,0,310,73,23,96
GVESTA,2011,10,26,23,6.3,81.7,7.8,3.4,5.03,5,19,0,971.5,279,0.6,1.4,0,0,0,0,0,0,0,319,81,23,96
GVESTA,2011,10,27,0,5.7,81,7.4,2.7,4.77,4.3,17.7,0,971.4,309,0.7,1.2,0,0,0,0,0,0,0,328,100,23,96
GVESTA,2011,10,27,1,5.5,82.1,7.4,2.7,4.78,4.2,17.5,0,971.2,261,0.7,1.3,0,0,0,0,0,0,0,329,100,23,96
GVESTA,2011,10,27,2,5.9,81.6,7.6,3,4.91,4.6,18.2,0,970.8,315,0.7,2.7,0,0,0,0,0,0,0,329,100,23,96
GVESTA,2011,10,27,3,6.5,80.5,7.8,3.4,5.04,5.1,19.2,0,970.6,270,0.6,1.5,0,0,0,0,0,0,0,323,88,23,96
GVESTA,2011,10,27,4,6.4,84,8.1,3.9,5.23,5.2,19.6,0,970.6,274,1.3,2.4,0,0,0,0,0,0,0,327,94,23,96
GVESTA,2011,10,27,5,7.2,82.9,8.4,4.5,5.43,5.9,20.9,0,970.4,270,0.8,2.4,0,0,0,0,0,0,0,332,94,23,96
GVESTA,2011,10,27,6,6.7,84.6,8.3,4.3,5.36,5.6,20.2,0,970.7,337,0.9,2.1,2,0,2,1,1,1,1,334,94,23,96
GVESTA,2011,10,27,7,7.9,81.9,8.7,5,5.62,6.5,22.1,0,971,297,0.7,2,117,111,90,53,150,124,52,338,94,23,96
GVESTA,2011,10,27,8,9.6,77.7,9.3,5.9,6.01,7.7,24.8,0,971.1,326,0.6,2,234,224,158,91,266,266,90,334,88,23,96
GVESTA,2011,10,27,9,10.2,78.9,9.8,6.7,6.34,8.4,26.2,0,971.3,95,1.2,3.9,130,1,130,78,77,77,77,347,100,23,96
GVESTA,2011,10,27,10,10.6,77.3,9.9,6.8,6.4,8.6,26.8,0,971.6,30,1.5,3.2,210,21,199,118,126,138,117,352,100,23,96
GVESTA,2011,10,27,11,11.4,75.9,10.2,7.3,6.6,9.2,28.1,0,971.3,54,1,3.2,295,124,232,136,135,261,172,356,100,23,96
GVESTA,2011,10,27,12,11.8,73.9,10.2,7.3,6.6,9.4,28.5,0,971.2,68,1.2,3.2,426,533,170,99,99,605,331,343,81,23,96
GVESTA,2011,10,27,13,12.7,68.2,10,7,6.47,9.7,29.1,0,971,77,1.9,4.3,209,199,122,77,76,244,182,347,94,23,96
GVESTA,2011,10,27,14,13.1,65.6,9.9,6.8,6.41,9.8,29.3,0,971,71,2.2,4.5,240,489,103,59,59,397,458,330,71,23,96
GVESTA,2011,10,27,15,12.9,70.2,10.4,7.6,6.73,10.1,30,0,971.1,55,2.5,4.5,52,61,40,23,23,59,78,340,81,23,96
GVESTA,2011,10,27,16,12.1,75,10.6,7.8,6.86,9.8,29.5,0,971.5,16,1.5,2.8,2,0,2,1,1,1,2,352,100,23,96
GVESTA,2011,10,27,17,11.8,78,10.8,8.1,6.99,9.8,29.5,0,972.2,355,1.3,2.8,0,0,0,0,0,0,0,351,100,23,96
GVESTA,2011,10,27,18,11.5,79.6,10.8,8.1,6.98,9.7,29.2,0,972.9,9,1.3,2.6,0,0,0,0,0,0,0,349,100,23,96
GVESTA,2011,10,27,19,11.7,78.6,10.8,8.1,6.98,9.8,29.4,0,973.4,360,1.1,2.3,0,0,0,0,0,0,0,348,100,23,96
GVESTA,2011,10,27,20,11.4,80.7,10.9,8.2,7.04,9.7,29.2,0,973.8,360,1.1,2.5,0,0,0,0,0,0,0,341,90,23,96
GVESTA,2011,10,27,21,10.9,82.3,10.7,8,6.91,9.4,28.4,0,974.3,354,1,1.9,0,0,0,0,0,0,0,342,94,23,96
GVESTA,2011,10,27,22,10.8,81.1,10.5,7.7,6.77,9.2,27.9,0,974.8,304,0.9,2,0,0,0,0,0,0,0,332,88,23,96
GVESTA,2011,10,27,23,10.7,82.2,10.6,7.8,6.83,9.2,28,0,975.7,230,0.8,2.3,0,0,0,0,0,0,0,335,94,23,96
GVESTA,2011,10,28,0,10.5,82.8,10.5,7.7,6.76,9,27.6,0,976.3,321,0.9,2.1,0,0,0,0,0,0,0,343,100,22,96
GVESTA,2011,10,28,1,10.9,81.2,10.6,7.8,6.82,9.3,28.2,0,977,297,0.6,1.6,0,0,0,0,0,0,0,343,100,22,96
GVESTA,2011,10,28,2,10.2,84.5,10.5,7.7,6.76,8.9,27.3,0,976.6,13,1.1,2.2,0,0,0,0,0,0,0,333,81,22,96
GVESTA,2011,10,28,3,9.8,85,10.3,7.4,6.63,8.5,26.5,0,977.3,326,1.4,2.6,0,0,0,0,0,0,0,329,75,22,96
GVESTA,2011,10,28,4,10.6,82.2,10.5,7.7,6.75,9.1,27.7,0,977.5,297,0.4,1.4,0,0,0,0,0,0,0,336,94,22,96
GVESTA,2011,10,28,5,10.4,85.1,10.7,8,6.88,9.1,27.8,0,977.8,9,0.8,2,0,0,0,0,0,0,0,342,100,22,96
GVESTA,2011,10,28,6,10.4,83.9,10.6,7.8,6.81,9,27.6,0,978.7,346,0.9,2.3,23,44,18,11,52,31,11,337,88,22,96
GVESTA,2011,10,28,7,10.8,84,10.9,8.2,7,9.4,28.5,0,979.4,297,1.1,2.4,116,122,90,52,158,127,51,340,88,22,96
GVESTA,2011,10,28,8,12,79.1,11.1,8.5,7.13,10.1,30,0,979.9,323,0.5,1.5,113,11,110,65,73,71,64,348,100,22,96
GVESTA,2011,10,28,9,12.3,78.1,11.2,8.6,7.19,10.3,30.5,0,980.3,99,0.9,2.6,106,3,105,62,64,64,61,356,100,22,96
GVESTA,2011,10,28,10,12.8,75.1,11.1,8.5,7.12,10.5,30.8,0,980.8,27,0.6,2.1,107,0,107,64,63,62,63,360,100,22,96
GVESTA,2011,10,28,11,13.1,73.1,11,8.4,7.05,10.5,31,0,981,9,0.7,2.2,174,53,147,85,85,138,101,364,100,22,96
GVESTA,2011,10,28,12,13.7,70.3,11,8.4,7.06,10.8,31.6,0,980.5,42,1.5,3.4,194,32,179,105,104,135,118,366,100,22,96
GVESTA,2011,10,28,13,14.4,67.2,11,8.4,7.06,11.1,32.3,0,980,63,1.8,4,193,76,162,94,93,161,143,349,75,22,96
GVESTA,2011,10,28,14,14.9,60.8,10.3,7.4,6.61,10.8,31.7,0,980.1,21,1.7,3.9,241,577,78,48,48,443,504,329,33,22,96
GVESTA,2011,10,28,15,15.1,58.4,10,7,6.41,10.7,31.4,0,980.1,32,1.1,3.3,96,326,46,27,26,199,318,335,50,22,96
GVESTA,2011,10,28,16,13.6,66.1,10.3,7.4,6.6,10.3,30.4,0,980.4,108,0.3,1.8,0,0,0,0,0,0,0,327,63,22,96
GVESTA,2011,10,28,17,12.1,72.4,10.2,7.3,6.53,9.6,28.6,0,981.1,315,0.7,1.6,0,0,0,0,0,0,0,326,45,22,96
GVESTA,2011,10,28,18,11.8,74.4,10.3,7.4,6.6,9.5,28.5,0,981.7,288,0.5,1.4,0,0,0,0,0,0,0,338,69,22,96
GVESTA,2011,10,28,19,11.3,78.5,10.5,7.7,6.72,9.4,28.3,0,981.9,284,0.4,1.4,0,0,0,0,0,0,0,342,88,22,96
GVESTA,2011,10,28,20,11.1,79,10.4,7.6,6.66,9.2,27.9,0,981.9,360,0.5,1.1,0,0,0,0,0,0,0,344,70,22,96
GVESTA,2011,10,28,21,9.8,82.7,10,7,6.4,8.4,26,0,982.2,310,0.9,2.2,0,0,0,0,0,0,0,354,94,22,96
GVESTA,2011,10,28,22,10.9,79,10.3,7.4,6.59,9.1,27.6,0,982.1,333,0.4,1,0,0,0,0,0,0,0,353,100,22,96
GVESTA,2011,10,28,23,11.2,79.6,10.6,7.8,6.79,9.4,28.4,0,982.1,304,0.5,1,0,0,0,0,0,0,0,352,100,22,96
GVESTA,2011,10,29,0,11.2,81.8,10.9,8.2,6.98,9.6,28.9,0,981.9,14,0.6,1.3,0,0,0,0,0,0,0,350,100,21,96
GVESTA,2011,10,29,1,11,84,11,8.4,7.05,9.6,28.8,0,981.8,315,1,2.3,0,0,0,0,0,0,0,341,78,21,96
GVESTA,2011,10,29,2,11.2,81.2,10.8,8.1,6.92,9.5,28.7,0,981.5,360,0.5,1.5,0,0,0,0,0,0,0,342,94,21,96
GVESTA,2011,10,29,3,10.6,83.9,10.7,8,6.86,9.2,27.9,0,981.5,360,0.6,2.4,0,0,0,0,0,0,0,344,100,21,96
GVESTA,2011,10,29,4,10.5,84.5,10.7,8,6.86,9.2,27.8,0,981.4,315,0.7,2,0,0,0,0,0,0,0,343,94,21,96
GVESTA,2011,10,29,5,10.8,84,10.9,8.2,6.99,9.4,28.5,0,981.5,330,0.9,1.5,0,0,0,0,0,0,0,337,88,21,96
GVESTA,2011,10,29,6,10.9,85.1,11.1,8.5,7.11,9.6,28.9,0,981.7,27,0.6,1.3,7,0,7,4,4,4,4,347,100,21,96
GVESTA,2011,10,29,7,11.6,82.9,11.3,8.8,7.24,10.1,29.9,0,981.9,329,0.6,1.1,101,113,74,43,140,116,42,342,88,21,96
GVESTA,2011,10,29,8,12.9,76.1,11.3,8.8,7.24,10.7,31.2,0,981.8,243,0.3,2.2,175,82,146,85,146,150,84,352,94,21,96
GVESTA,2011,10,29,9,13.6,73.7,11.5,9,7.37,11.1,32.3,0,981.5,56,0.6,2.2,303,245,195,109,247,339,108,350,94,21,96
GVESTA,2011,10,29,10,14.5,67.7,11.2,8.6,7.18,11.2,32.7,0,981.5,45,0.8,4.6,325,191,232,131,205,324,130,365,100,21,96
GVESTA,2011,10,29,11,14.8,67.3,11.3,8.8,7.25,11.5,33.2,0,981,56,0.6,2,424,474,186,104,120,577,197,362,88,21,96
GVESTA,2011,10,29,12,15.6,61.4,10.9,8.2,6.99,11.5,33.4,0,980.3,97,0.9,3.1,225,114,170,98,97,210,142,368,100,21,96
GVESTA,2011,10,29,13,15.9,60.2,10.9,8.2,7,11.6,33.7,0,980,27,0.6,2.4,201,259,104,62,62,270,233,364,81,21,96
GVESTA,2011,10,29,14,16.1,61.1,11.2,8.6,7.19,11.9,34.4,0,980,77,1,3.6,119,67,98,57,56,106,110,370,100,21,96
GVESTA,2011,10,29,15,15.9,63.1,11.4,8.9,7.32,12,34.5,0,979.8,75,1.2,3.3,23,0,23,14,14,13,14,369,100,21,96
GVESTA,2011,10,29,16,15.4,67.9,11.9,9.5,7.65,12.1,34.8,0,979.7,8,0.7,1.6,0,0,0,0,0,0,0,368,100,21,96
GVESTA,2011,10,29,17,14.7,72.4,12.1,9.8,7.78,11.9,34.4,0,979.9,11,1,1.7,0,0,0,0,0,0,0,367,100,21,96
GVESTA,2011,10,29,18,14.8,72,12.1,9.8,7.78,12,34.5,0,980,360,0.9,1.6,0,0,0,0,0,0,0,362,94,21,96
GVESTA,2011,10,29,19,14.1,75.3,12.1,9.8,7.78,11.7,33.8,0,979.9,6,1,1.6,0,0,0,0,0,0,0,335,58,21,96
GVESTA,2011,10,29,20,14.3,76.4,12.4,10.2,7.97,12,34.5,0,979.8,18,1,1.9,0,0,0,0,0,0,0,330,45,21,96
GVESTA,2011,10,29,21,13.7,77.8,12.2,9.9,7.84,11.6,33.6,0,980,360,1.2,2.3,0,0,0,0,0,0,0,322,23,21,96
GVESTA,2011,10,29,22,13.3,77.7,11.9,9.5,7.65,11.2,32.7,0,979.7,16,0.7,1.7,0,0,0,0,0,0,0,314,13,21,96
GVESTA,2011,10,29,23,13.1,79.8,12,9.7,7.71,11.2,32.6,0,979.8,11,1.1,2.2,0,0,0,0,0,0,0,316,36,21,96
GVESTA,2011,10,30,0,13.5,78.3,12.1,9.8,7.78,11.4,33.2,0,979.9,225,0.5,1.5,0,0,0,0,0,0,0,323,46,24,96
GVESTA,2011,10,30,1,13.5,78.8,12.2,9.9,7.84,11.5,33.4,0,980.1,360,0.4,0.9,0,0,0,0,0,0,0,313,81,24,96
GVESTA,2011,10,30,2,13,81.4,12.2,9.9,7.84,11.3,32.9,0,979.6,37,0.7,1.9,0,0,0,0,0,0,0,322,100,24,96
GVESTA,2011,10,30,3,12.9,82,12.2,9.9,7.85,11.2,32.8,0,979.4,344,0.9,1.8,0,0,0,0,0,0,0,321,43,24,96
GVESTA,2011,10,30,4,13,80.9,12.1,9.8,7.78,11.2,32.7,0,979.1,11,0.6,1.2,0,0,0,0,0,0,0,316,33,24,96
GVESTA,2011,10,30,5,12.5,81.4,11.8,9.4,7.59,10.8,31.7,0,978.9,0,0.4,1,0,0,0,0,0,0,0,316,49,24,96
GVESTA,2011,10,30,6,12,84.7,11.9,9.5,7.65,10.6,31.4,0,979.2,346,0.9,1.9,5,0,5,3,3,3,3,336,100,24,96
GVESTA,2011,10,30,7,12.2,83.6,11.9,9.5,7.65,10.7,31.6,0,979.8,5,1.2,2.7,86,79,66,39,106,93,39,342,78,24,96
GVESTA,2011,10,30,8,13.3,79.3,12.1,9.8,7.78,11.3,33,0,980,9,0.7,2,204,177,148,87,224,224,86,340,74,24,96
GVESTA,2011,10,30,9,14,75.3,12,9.7,7.71,11.6,33.6,0,980,50,0.9,2.1,185,33,170,102,119,132,100,359,100,24,96
GVESTA,2011,10,30,10,14.9,69.1,11.7,9.3,7.52,11.8,34,0,979.7,31,1.2,3.2,229,38,211,126,140,162,125,346,100,24,96
GVESTA,2011,10,30,11,15.8,64.8,11.6,9.2,7.46,12.1,34.8,0,979.1,72,0.8,3.3,358,275,222,130,141,408,189,362,94,24,96
GVESTA,2011,10,30,12,16.5,57.2,10.7,8,6.88,11.8,34,0,978.4,63,1,4.1,383,429,183,105,105,522,295,356,81,24,96
GVESTA,2011,10,30,13,17,54.2,10.5,7.7,6.75,11.9,34.2,0,977.8,69,1,2.7,335,545,126,77,77,534,426,344,60,24,96
GVESTA,2011,10,30,14,17.4,57,11.3,8.8,7.28,12.5,35.9,0,977.4,81,1.3,3.7,231,547,78,50,50,431,477,324,33,24,96
GVESTA,2011,10,30,15,17.3,59.7,11.8,9.4,7.6,12.8,36.7,0,977.2,59,1.2,2.3,55,46,48,29,28,53,69,337,61,24,96
GVESTA,2011,10,30,16,15.7,70.2,12.5,10.3,8.06,12.6,36.2,0,977.1,81,0.7,1.4,0,0,0,0,0,0,0,342,74,24,96
GVESTA,2011,10,30,17,15.4,72.6,12.7,10.5,8.19,12.6,36.2,0,977.4,45,0.5,1.5,0,0,0,0,0,0,0,348,84,24,96
GVESTA,2011,10,30,18,14.5,75.9,12.5,10.3,8.06,12.1,34.9,0,977.5,338,0.6,1.5,0,0,0,0,0,0,0,357,94,24,96
GVESTA,2011,10,30,19,14,75.3,12,9.7,7.73,11.6,33.6,0,977.5,360,0.2,0.8,0,0,0,0,0,0,0,362,100,24,96
GVESTA,2011,10,30,20,14,77.9,12.4,10.2,7.99,11.8,34.3,0,977.5,307,0.6,1.6,0,0,0,0,0,0,0,360,100,24,96
GVESTA,2011,10,30,21,14.5,76.4,12.6,10.4,8.12,12.2,35.1,0,977.3,281,0.7,1.7,0,0,0,0,0,0,0,350,81,24,96
GVESTA,2011,10,30,22,14.7,75.4,12.6,10.4,8.12,12.2,35.3,0,977.2,297,0.5,1.4,0,0,0,0,0,0,0,332,71,24,96
GVESTA,2011,10,30,23,14.7,75.4,12.6,10.4,8.12,12.2,35.3,0,977.2,315,0.2,0.7,0,0,0,0,0,0,0,326,55,24,96
GVESTA,2011,10,31,0,14.1,77.9,12.5,10.3,8.06,11.9,34.5,0,977.1,288,0.4,1.4,0,0,0,0,0,0,0,317,39,24,96
GVESTA,2011,10,31,1,13.6,78.8,12.3,10,7.93,11.6,33.7,0,976.8,342,0.4,1.2,0,0,0,0,0,0,0,299,19,24,96
GVESTA,2011,10,31,2,13.5,78.3,12.1,9.8,7.81,11.4,33.3,0,976.1,315,0.3,0.7,0,0,0,0,0,0,0,302,23,24,96
GVESTA,2011,10,31,3,13,80.4,12,9.7,7.74,11.2,32.6,0,976,18,0.4,0.9,0,0,0,0,0,0,0,313,45,24,96
GVESTA,2011,10,31,4,13.1,80.4,12.1,9.8,7.81,11.3,32.9,0,975.8,315,0.5,1.1,0,0,0,0,0,0,0,306,39,24,96
GVESTA,2011,10,31,5,12.8,80.3,11.9,9.5,7.68,11,32.2,0,975.8,281,0.5,1.3,0,0,0,0,0,0,0,290,6,24,96
GVESTA,2011,10,31,6,13,80.9,12.1,9.8,7.81,11.2,32.8,0,976,321,0.6,1.4,6,0,6,3,3,3,3,294,0,24,96
GVESTA,2011,10,31,7,13.1,83.1,12.5,10.3,8.07,11.5,33.5,0,976.4,360,0.9,1.6,69,12,67,40,50,47,40,311,26,24,96
GVESTA,2011,10,31,8,13.5,80.4,12.4,10.2,8,11.6,33.8,0,976.4,12,1.5,4,93,3,93,56,58,57,55,346,81,24,96
GVESTA,2011,10,31,9,13.5,76.7,11.9,9.5,7.67,11.3,33,0,976.5,50,2.7,4.5,75,0,75,45,45,44,45,361,100,24,96
GVESTA,2011,10,31,10,13.7,75.7,11.9,9.5,7.68,11.4,33.2,0,976.2,50,1.7,4,277,132,214,127,177,260,126,365,100,24,96
GVESTA,2011,10,31,11,14.8,70.1,11.8,9.4,7.62,11.8,34.1,0,975.4,346,0.6,3,263,65,231,138,140,204,151,369,100,24,96
GVESTA,2011,10,31,12,15.1,68.7,11.8,9.4,7.62,11.9,34.5,0,974.6,45,1.1,3.7,340,315,197,116,116,419,267,366,68,24,96
GVESTA,2011,10,31,13,15.6,67,11.9,9.5,7.69,12.2,35.1,0,974,90,0.9,3.5,312,437,145,86,86,461,368,344,50,24,96
GVESTA,2011,10,31,14,15.8,66.1,11.9,9.5,7.7,12.2,35.4,0,973.7,79,1.6,4.1,223,521,86,53,53,414,467,341,25,24,96
GVESTA,2011,10,31,15,16.1,66.7,12.2,9.9,7.89,12.6,36.2,0,973.6,45,1.1,3.6,79,245,42,25,25,161,243,329,45,24,96
GVESTA,2011,10,31,16,15.2,72.5,12.5,10.2,8.08,12.4,35.7,0,973.8,66,1.1,2.8,0,0,0,0,0,0,0,355,94,24,96
GVESTA,2011,10,31,17,14.8,75,12.6,10.4,8.14,12.2,35.4,0,974,20,1.5,2.7,0,0,0,0,0,0,0,361,100,24,96
GVESTA,2011,10,31,18,14.3,75.7,12.3,10.1,7.98,11.9,34.6,0,974.1,21,1.7,2.9,0,0,0,0,0,0,0,359,100,24,96
GVESTA,2011,10,31,19,13.8,77.1,12.1,9.8,7.85,11.5,33.7,0,974.2,9,1.3,2.3,0,0,0,0,0,0,0,344,79,24,96
GVESTA,2011,10,31,20,13.2,78.1,11.8,9.4,7.64,11.1,32.5,0,974.6,306,1,2.2,0,0,0,0,0,0,0,301,13,24,96
GVESTA,2011,10,31,21,12.4,79.6,11.4,8.9,7.39,10.5,31.1,0,975.2,270,0.7,1.7,0,0,0,0,0,0,0,291,6,24,96
GVESTA,2011,10,31,22,11.7,80.8,11.1,8.5,7.17,9.9,29.8,0,975.7,283,1,2,0,0,0,0,0,0,0,289,30,24,96
GVESTA,2011,10,31,23,10.8,82.5,10.7,7.9,6.91,9.3,28.3,0,976.6,288,0.5,1.4,0,0,0,0,0,0,0,321,59,24,96
GVESTA,2020,11,1,0,10,83.9,10.3,7.4,6.65,8.6,26.9,0,977.4,307,1.1,2.7,0,0,0,0,0,0,0,344,100,22,96
GVESTA,2020,11,1,1,9.2,85.4,10,6.9,6.4,8,25.4,0,978.1,310,0.9,2.1,0,0,0,0,0,0,0,335,94,23,96
GVESTA,2020,11,1,2,8.7,86.1,9.7,6.5,6.22,7.5,24.3,0,978.6,342,1,1.9,0,0,0,0,0,0,0,321,71,23,96
GVESTA,2020,11,1,3,8.1,87.1,9.4,6.1,6.04,7.1,23.4,0,979.1,14,0.9,1.8,0,0,0,0,0,0,0,306,53,23,96
GVESTA,2020,11,1,4,7.6,87.5,9.2,5.7,5.87,6.7,22.5,0,979.3,360,1.3,2.9,0,0,0,0,0,0,0,306,50,23,96
GVESTA,2020,11,1,5,7.5,87.6,9.1,5.6,5.82,6.6,22.2,0,979.3,360,0.9,2.3,0,0,0,0,0,0,0,330,81,23,96
GVESTA,2020,11,1,6,7.3,88,9,5.4,5.77,6.4,21.8,0,979.1,301,0.8,2,0,0,0,0,0,0,0,343,100,23,96
GVESTA,2020,11,1,7,7.5,88.3,9.2,5.7,5.88,6.6,22.3,0,979.3,329,0.8,1.9,5,0,5,3,3,3,3,345,100,23,96
GVESTA,2020,11,1,8,7.8,89,9.4,6.1,6.03,7,23,0.1,979.5,270,1,2.1,27,0,27,16,16,15,16,350,100,23,96
GVESTA,2020,11,1,9,8.7,87.2,9.8,6.7,6.28,7.7,24.6,0,979.9,252,0.8,2.3,107,93,76,44,111,119,44,355,100,23,96
GVESTA,2020,11,1,10,9.5,88.5,10.5,7.7,6.74,8.6,26.5,0,979.7,27,0.8,3.4,83,0,83,50,49,49,49,360,100,23,96
GVESTA,2020,11,1,11,10.7,86.8,11.2,8.6,7.2,9.6,28.9,0,979.3,270,0.6,2.3,159,7,155,93,94,98,91,365,100,23,96
GVESTA,2020,11,1,12,12.9,77.2,11.5,9,7.4,10.8,31.6,0,978.4,247,1.1,3.2,337,227,226,129,138,364,180,364,94,23,96
GVESTA,2020,11,1,13,14.7,68.2,11.4,8.9,7.34,11.5,33.3,0,977.8,207,1.1,2.8,337,319,193,110,109,420,257,360,81,23,96
GVESTA,2020,11,1,14,15.3,70.6,12.3,10,7.92,12.3,35.4,0,977.7,60,1.1,2.4,220,178,150,88,87,244,199,367,81,23,96
GVESTA,2020,11,1,15,16.3,68.1,12.6,10.4,8.12,12.9,36.9,0,977.5,63,0.8,2.4,78,22,72,43,42,58,59,370,100,23,96
GVESTA,2020,11,1,16,14.7,78,13,10.9,8.38,12.5,36,0,977.5,72,1.6,3,65,214,31,17,17,141,206,373,100,23,96
GVESTA,2020,11,1,17,14.5,75.9,12.5,10.3,8.06,12.1,34.9,0,977.4,63,1.2,3.1,0,0,0,0,0,0,0,373,100,23,96
GVESTA,2020,11,1,18,14.7,76.4,12.8,10.6,8.25,12.3,35.6,0,977.5,360,0.7,2.8,0,0,0,0,0,0,0,373,100,23,96
GVESTA,2020,11,1,19,14.8,77.5,13,10.9,8.39,12.5,36.1,0,977.3,270,0.9,2.8,0,0,0,0,0,0,0,369,94,23,96
GVESTA,2020,11,1,20,14.8,78,13.1,11,8.45,12.6,36.2,0,977.2,34,0.7,2,0,0,0,0,0,0,0,363,78,23,96
GVESTA,2020,11,1,21,14.7,79,13.2,11.1,8.52,12.6,36.3,0,977.3,9,0.8,1.6,0,0,0,0,0,0,0,355,68,23,96
GVESTA,2020,11,1,22,15.1,78,13.4,11.3,8.65,12.9,37,0,977.4,333,0.5,2.2,0,0,0,0,0,0,0,353,68,23,96
GVESTA,2020,11,1,23,15,79,13.5,11.4,8.71,12.9,37.1,0,977.3,225,0.6,1.7,0,0,0,0,0,0,0,366,94,23,96
GVESTA,2020,11,2,0,14.8,80.6,13.6,11.5,8.78,12.9,37.1,0,977.3,342,0.6,2.1,0,0,0,0,0,0,0,356,71,23,96
GVESTA,2020,11,2,1,14.7,80.6,13.5,11.4,8.71,12.8,36.8,0,977.3,301,0.8,2.4,0,0,0,0,0,0,0,350,59,23,96
GVESTA,2020,11,2,2,15,79.6,13.6,11.5,8.78,13,37.3,0,977.1,63,0.5,1.7,0,0,0,0,0,0,0,338,38,23,96
GVESTA,2020,11,2,3,14.5,82.2,13.6,11.5,8.78,12.8,36.8,0,976.8,30,1,3.3,0,0,0,0,0,0,0,338,53,23,96
GVESTA,2020,11,2,4,14.5,81.1,13.4,11.3,8.65,12.6,36.4,0,976.7,23,1.1,3,0,0,0,0,0,0,0,339,56,23,96
GVESTA,2020,11,2,5,14,83.8,13.4,11.3,8.65,12.4,35.9,0,976.8,342,0.9,2,0,0,0,0,0,0,0,347,69,23,96
GVESTA,2020,11,2,6,12.9,83.6,12.4,10.2,8,11.4,33.2,0,976.7,233,0.9,1.8,0,0,0,0,0,0,0,331,13,23,96
GVESTA,2020,11,2,7,12.2,85.8,12.2,9.9,7.87,10.9,32.1,0,976.9,300,1,2.1,17,58,13,8,61,34,8,335,29,23,96
GVESTA,2020,11,2,8,13.2,83.7,12.7,10.5,8.19,11.7,33.9,0,977.2,315,0.9,2,153,539,49,31,482,359,31,330,26,23,96
GVESTA,2020,11,2,9,16.1,69.4,12.7,10.5,8.19,12.9,36.9,0,977.2,225,1,2.2,285,651,79,52,510,546,53,331,33,23,96
GVESTA,2020,11,2,10,17.9,55.6,11.4,8.9,7.34,12.8,36.6,0,976.9,222,1.3,3.5,341,495,138,83,353,526,83,343,43,23,96
GVESTA,2020,11,2,11,20.1,44.7,10.5,7.7,6.76,13.1,37.4,0,976.3,230,2.8,6.1,430,683,106,80,245,715,80,339,30,23,96
GVESTA,2020,11,2,12,21.1,42,10.5,7.7,6.77,13.5,38.4,0,975.8,215,3.9,6.1,467,793,83,71,91,815,165,345,29,23,96
GVESTA,2020,11,2,13,21.6,44.2,11.4,8.9,7.36,14.2,40.4,0,975.3,220,3.9,6.7,379,537,138,90,90,582,300,368,63,23,96
GVESTA,2020,11,2,14,22.2,45,12,9.7,7.75,14.8,42,0,974.9,225,4,6.7,342,656,100,65,65,609,470,353,43,23,96
GVESTA,2020,11,2,15,22.3,44.7,12,9.7,7.75,14.9,42.1,0,974.9,214,4.3,7.5,164,219,104,60,60,222,232,363,59,23,96
GVESTA,2020,11,2,16,21.8,45.2,11.8,9.4,7.62,14.5,41.3,0,975.2,197,4.8,7.6,66,213,40,24,24,136,214,365,59,23,96
GVESTA,2020,11,2,17,20.9,46.1,11.4,8.9,7.35,14,39.7,0,975.8,194,3.8,6.2,0,0,0,0,0,0,0,377,75,23,96
GVESTA,2020,11,2,18,20.6,44.8,10.9,8.2,7.02,13.5,38.5,0,976.3,197,2.9,6.2,0,0,0,0,0,0,0,376,94,23,96
GVESTA,2020,11,2,19,19.4,52.4,11.8,9.4,7.61,13.6,38.8,0,976.8,257,1.6,3.7,0,0,0,0,0,0,0,368,75,23,96
GVESTA,2020,11,2,20,20.4,46.6,11.2,8.6,7.21,13.6,38.8,0,977.2,234,1.1,3.2,0,0,0,0,0,0,0,352,49,23,96
GVESTA,2020,11,2,21,19.6,49,11.2,8.6,7.21,13.3,38,0,977.5,254,1.9,3.5,0,0,0,0,0,0,0,359,74,23,96
GVESTA,2020,11,2,22,18.7,54,11.6,9.2,7.47,13.3,37.7,0,977.8,270,1.6,4.1,0,0,0,0,0,0,0,368,88,23,96
GVESTA,2020,11,2,23,17.2,60.1,11.8,9.4,7.6,12.8,36.5,0,978,255,3.1,5.9,0,0,0,0,0,0,0,370,88,23,96
GVESTA,2020,11,3,0,17,60.9,11.8,9.4,7.6,12.7,36.3,0,978.1,254,2.3,4.6,0,0,0,0,0,0,0,352,63,23,96
GVESTA,2020,11,3,1,16.2,64,11.8,9.4,7.6,12.3,35.5,0,978.1,253,2.8,5.7,0,0,0,0,0,0,0,355,75,23,96
GVESTA,2020,11,3,2,15.7,66.6,11.9,9.5,7.66,12.2,35.2,0,978.2,261,2.6,5,0,0,0,0,0,0,0,352,71,23,96
GVESTA,2020,11,3,3,15.6,68.4,12.1,9.8,7.79,12.3,35.4,0,977.9,250,1.6,4.3,0,0,0,0,0,0,0,349,68,23,96
GVESTA,2020,11,3,4,15,71.5,12.2,9.9,7.86,12.1,34.9,0,978,246,1.3,5.4,0,0,0,0,0,0,0,337,35,23,96
GVESTA,2020,11,3,5,14.9,74.4,12.6,10.4,8.12,12.3,35.5,0,978.2,228,4.1,6.6,0,0,0,0,0,0,0,337,55,23,96
GVESTA,2020,11,3,6,14.6,75.4,12.5,10.3,8.05,12.1,35,0,978.1,213,4.3,7,0,0,0,0,0,0,0,350,78,23,96
GVESTA,2020,11,3,7,14.2,77.4,12.5,10.3,8.05,12,34.6,0,978.9,244,2.7,7.1,7,5,6,4,8,6,4,345,63,23,96
GVESTA,2020,11,3,8,14.4,76.9,12.6,10.4,8.11,12.1,35,0,979.1,235,3.7,6.7,117,255,61,36,245,205,35,346,68,23,96
GVESTA,2020,11,3,9,15.1,75,12.9,10.7,8.3,12.6,36.2,0,979.5,224,3.7,7.2,113,145,74,45,155,148,45,361,81,23,96
GVESTA,2020,11,3,10,15.3,75,13,10.9,8.36,12.8,36.5,0,979.7,214,3.3,5.6,21,0,21,13,13,12,13,365,100,23,96
GVESTA,2020,11,3,11,15.3,73.5,12.8,10.6,8.23,12.6,36.2,0,979.9,211,4.4,8.3,26,0,26,16,16,15,16,365,100,23,96
GVESTA,2020,11,3,12,15.1,69.2,11.9,9.5,7.64,11.9,34.5,0,980.1,203,4,7.2,23,0,23,14,14,14,14,366,100,23,96
GVESTA,2020,11,3,13,14.1,73.3,11.8,9.4,7.57,11.5,33.3,0,980.8,232,2,6.1,21,0,21,13,13,13,13,365,100,23,96
GVESTA,2020,11,3,14,12.6,78.7,11.5,9,7.37,10.6,31.3,0.3,981.5,219,1.9,4.3,17,0,17,10,10,10,10,362,100,23,96
GVESTA,2020,11,3,15,11.9,79.7,11.1,8.5,7.11,10.1,29.9,0,982.4,177,2.1,4.3,11,0,11,7,7,6,6,359,100,23,96
GVESTA,2020,11,3,16,11.5,79.1,10.7,8,6.85,9.6,28.8,0.2,982.9,189,2.2,4,4,0,4,2,2,2,2,357,100,23,96
GVESTA,2020,11,3,17,10.8,77.3,10,7,6.39,8.8,27,0.1,983.3,212,2.7,4.6,0,0,0,0,0,0,0,354,100,23,96
GVESTA,2020,11,3,18,10.5,74.2,9.4,6.1,6,8.3,25.7,0,983.9,232,1.7,4,0,0,0,0,0,0,0,351,100,23,96
GVESTA,2020,11,3,19,10.3,75.2,9.4,6.1,6,8.2,25.5,0,983.8,252,1.6,2.9,0,0,0,0,0,0,0,349,100,23,96
GVESTA,2020,11,3,20,10.4,76.2,9.6,6.4,6.13,8.3,25.9,0,983.6,301,0.8,2.3,0,0,0,0,0,0,0,348,100,23,96
GVESTA,2020,11,3,21,10.4,78.4,9.9,6.8,6.33,8.5,26.4,0,983.4,297,0.7,1.8,0,0,0,0,0,0,0,347,100,23,96
GVESTA,2020,11,3,22,9.8,79.9,9.7,6.5,6.2,8.1,25.5,0,983.1,293,0.9,2.5,0,0,0,0,0,0,0,346,100,23,96
GVESTA,2020,11,3,23,9.3,83.8,9.8,6.7,6.26,8,25.1,0,982.8,8,1,2,0,0,0,0,0,0,0,341,100,23,96
GVESTA,2020,11,4,0,9.1,83.8,9.7,6.5,6.2,7.8,24.7,0,982.7,320,1,2.1,0,0,0,0,0,0,0,344,100,23,96
GVESTA,2020,11,4,1,9.4,82.1,9.7,6.5,6.2,7.9,25.1,0,982.4,180,0.5,1.1,0,0,0,0,0,0,0,343,100,23,96
GVESTA,2020,11,4,2,9.1,83.8,9.7,6.5,6.21,7.8,24.8,0,982,309,0.8,1.9,0,0,0,0,0,0,0,342,100,23,96
GVESTA,2020,11,4,3,9.2,83.2,9.7,6.5,6.21,7.8,24.9,0,981.8,246,1.2,2.1,0,0,0,0,0,0,0,337,94,23,96
GVESTA,2020,11,4,4,9.6,82.1,9.8,6.7,6.27,8.1,25.4,0,981.7,261,0.7,1.5,0,0,0,0,0,0,0,336,94,23,96
GVESTA,2020,11,4,5,9.7,78.8,9.5,6.2,6.08,7.9,25.1,0,981.6,9,1.7,7,0,0,0,0,0,0,0,339,100,23,96
GVESTA,2020,11,4,6,10,70.1,8.6,4.8,5.5,7.4,23.9,0,981.3,29,4,7.9,0,0,0,0,0,0,0,338,100,23,96
GVESTA,2020,11,4,7,9.6,72,8.6,4.8,5.5,7.2,23.5,0,981.4,23,4.4,7.5,7,9,7,4,12,8,4,338,100,23,96
GVESTA,2020,11,4,8,9.7,71.5,8.6,4.8,5.5,7.3,23.6,0,981.5,22,4.7,8.7,41,32,37,22,51,39,22,336,100,23,96
GVESTA,2020,11,4,9,9.9,73,8.9,5.3,5.69,7.6,24.3,0,981.7,23,4.9,9.6,26,0,26,16,15,15,15,342,100,23,96
GVESTA,2020,11,4,10,10.2,69.1,8.6,4.8,5.5,7.5,24.1,0,981.8,31,5.8,11.5,26,0,26,15,15,15,15,343,100,23,96
GVESTA,2020,11,4,11,10.6,67.3,8.6,4.8,5.5,7.7,24.5,0,981.7,33,6.1,10.8,64,0,64,38,38,37,38,345,100,23,96
GVESTA,2020,11,4,12,10.7,68.3,8.8,5.1,5.63,7.9,24.9,0,981.8,38,6.5,11,24,0,24,14,14,14,14,346,100,23,96
GVESTA,2020,11,4,13,10.8,68.8,8.9,5.3,5.69,8,25.2,0,982.1,38,6,10,22,0,22,13,13,13,13,347,100,23,96
GVESTA,2020,11,4,14,10.6,68.7,8.8,5.1,5.62,7.8,24.8,0,982.6,39,6.5,10.8,28,0,28,17,17,16,17,347,94,23,96
GVESTA,2020,11,4,15,10,71.5,8.8,5.1,5.62,7.6,24.2,0,983,41,6.7,12.1,60,33,50,30,29,55,54,346,94,23,96
GVESTA,2020,11,4,16,9.4,75.5,8.9,5.3,5.68,7.4,23.7,0,983.5,36,7,13,4,0,4,2,2,2,2,345,100,23,96
GVESTA,2020,11,4,17,9.4,74.5,8.8,5.1,5.61,7.3,23.6,0,983.9,33,5.5,11.6,0,0,0,0,0,0,0,345,100,23,96
GVESTA,2020,11,4,18,9.6,73.5,8.8,5.1,5.61,7.4,23.8,0,984.5,23,4.2,7.8,0,0,0,0,0,0,0,344,100,23,96
GVESTA,2020,11,4,19,9.6,74.5,8.9,5.3,5.67,7.5,23.9,0,984.9,23,4,7.6,0,0,0,0,0,0,0,343,100,23,96
GVESTA,2020,11,4,20,9.5,74,8.8,5.1,5.6,7.3,23.7,0,985.5,17,3.7,7.5,0,0,0,0,0,0,0,343,100,23,96
GVESTA,2020,11,4,21,9.7,72.5,8.7,5,5.54,7.4,23.7,0,986.2,15,3.2,5.9,0,0,0,0,0,0,0,335,88,23,96
GVESTA,2020,11,4,22,9.5,74,8.8,5.1,5.6,7.3,23.6,0,986.7,12,3.1,5.6,0,0,0,0,0,0,0,342,100,23,96
GVESTA,2020,11,4,23,9.6,73.5,8.8,5.1,5.6,7.4,23.7,0,986.9,14,2.9,5.5,0,0,0,0,0,0,0,337,100,23,96
GVESTA,2020,11,5,0,9.3,76,8.9,5.3,5.66,7.3,23.6,0,987,17,3.4,6.6,0,0,0,0,0,0,0,340,100,23,96
GVESTA,2020,11,5,1,9.4,76.6,9,5.5,5.72,7.5,23.8,0,987.3,22,3.7,7,0,0,0,0,0,0,0,340,100,23,96
GVESTA,2020,11,5,2,9.4,75.5,8.9,5.3,5.66,7.4,23.7,0,987.3,23,3.6,6.7,0,0,0,0,0,0,0,339,100,23,96
GVESTA,2020,11,5,3,9.6,75.6,9,5.5,5.72,7.5,24.1,0,987.1,30,3.5,6.2,0,0,0,0,0,0,0,339,100,23,96
GVESTA,2020,11,5,4,9.4,77.1,9.1,5.6,5.79,7.5,24,0,987.4,42,4.3,7.4,0,0,0,0,0,0,0,338,100,23,96
GVESTA,2020,11,5,5,9.2,78.2,9.1,5.6,5.79,7.4,23.8,0,987.4,44,4.7,8,0,0,0,0,0,0,0,338,100,23,96
GVESTA,2020,11,5,6,9.4,77.1,9.1,5.6,5.79,7.5,24,0,987.4,52,4.9,8.4,0,0,0,0,0,0,0,337,100,23,96
GVESTA,2020,11,5,7,9.6,74.5,8.9,5.3,5.65,7.5,23.9,0,988.1,40,4.3,8.5,2,0,2,1,1,1,1,338,100,23,96
GVESTA,2020,11,5,8,9.7,74,8.9,5.3,5.65,7.5,24,0,988.6,34,4.4,8.1,20,0,20,12,12,12,12,341,100,23,96
GVESTA,2020,11,5,9,9.9,71.5,8.7,5,5.52,7.5,23.8,0,989,29,5.1,8.4,36,0,36,22,21,21,21,343,100,23,96
GVESTA,2020,11,5,10,10.3,70.1,8.8,5.1,5.58,7.7,24.4,0,989.1,28,5.1,9.7,24,0,24,14,14,14,14,346,100,23,96
GVESTA,2020,11,5,11,10.6,68.7,8.8,5.1,5.58,7.8,24.7,0,988.9,39,5,8.9,38,0,38,23,23,22,23,349,100,23,96
GVESTA,2020,11,5,12,10.9,69.3,9,5.5,5.72,8.2,25.4,0,988.3,42,4.8,8,51,0,51,31,30,30,30,351,100,23,96
GVESTA,2020,11,5,13,10.9,69.3,9,5.5,5.72,8.2,25.4,0,987.9,47,5.2,8.2,38,0,38,23,22,22,22,353,100,23,96
GVESTA,2020,11,5,14,10.8,71.2,9.2,5.8,5.85,8.3,25.6,0,987.7,42,4.5,7.6,19,0,19,12,12,11,11,352,100,23,96
GVESTA,2020,11,5,15,10.7,70.7,9.1,5.6,5.78,8.1,25.3,0,987.7,35,4.5,7.7,12,0,12,7,7,7,7,351,100,23,96
GVESTA,2020,11,5,16,10.5,71.1,9,5.5,5.72,8,25,0,987.7,25,4,6.9,5,0,5,3,3,3,3,349,100,23,96
GVESTA,2020,11,5,17,10.3,72.1,9,5.5,5.72,7.9,24.8,0,987.9,21,3.7,6.7,0,0,0,0,0,0,0,348,100,23,96
GVESTA,2020,11,5,18,10.2,73.1,9.1,5.6,5.78,7.9,24.8,0,987.9,19,3.7,7.5,0,0,0,0,0,0,0,347,100,23,96
GVESTA,2020,11,5,19,10.3,73.6,9.2,5.8,5.85,8,25.1,0,987.6,21,3.2,7.4,0,0,0,0,0,0,0,346,100,23,96
GVESTA,2020,11,5,20,10.4,73.1,9.2,5.8,5.85,8.1,25.2,0,987.7,25,3.4,7.3,0,0,0,0,0,0,0,345,100,23,96
GVESTA,2020,11,5,21,10.4,73.1,9.2,5.8,5.85,8.1,25.2,0,988,21,3.5,7.4,0,0,0,0,0,0,0,344,100,23,96
GVESTA,2020,11,5,22,10.2,74.1,9.2,5.8,5.85,8,25,0,988,20,3.8,8.1,0,0,0,0,0,0,0,342,100,23,96
GVESTA,2020,11,5,23,10.1,74.6,9.2,5.8,5.85,7.9,24.9,0,987.8,18,3.7,8,0,0,0,0,0,0,0,341,100,23,96
GVESTA,2020,11,6,0,10.4,73.6,9.3,5.9,5.91,8.1,25.4,0,987.4,11,2.2,4.7,0,0,0,0,0,0,0,340,100,23,96
GVESTA,2020,11,6,1,10.5,73.1,9.3,5.9,5.91,8.2,25.5,0,987.3,9,1.8,4.2,0,0,0,0,0,0,0,339,100,24,96
GVESTA,2020,11,6,2,10.7,72.2,9.3,5.9,5.92,8.3,25.7,0,987.2,5,1.2,2.6,0,0,0,0,0,0,0,339,100,24,96
GVESTA,2020,11,6,3,10.8,72.7,9.4,6.1,5.98,8.4,25.9,0,986.9,6,1,2.3,0,0,0,0,0,0,0,338,100,24,96
GVESTA,2020,11,6,4,10.8,72.7,9.4,6.1,5.98,8.4,25.9,0,986.7,360,0.7,1.4,0,0,0,0,0,0,0,338,100,24,96
GVESTA,2020,11,6,5,10.9,72.2,9.4,6.1,5.98,8.4,26,0,986.5,18,0.5,1.5,0,0,0,0,0,0,0,337,100,24,96
GVESTA,2020,11,6,6,10.6,73.7,9.4,6.1,5.98,8.3,25.7,0,986.5,18,1,1.7,0,0,0,0,0,0,0,337,100,24,96
GVESTA,2020,11,6,7,10.7,73.7,9.5,6.2,6.05,8.4,26,0,986.7,50,0.9,1.7,5,1,5,3,4,3,3,338,100,24,96
GVESTA,2020,11,6,8,10.7,73.7,9.5,6.2,6.05,8.4,26,0,986.8,90,0.9,1.7,49,2,49,30,31,30,29,342,100,24,96
GVESTA,2020,11,6,9,10.8,72.7,9.4,6.1,5.98,8.4,25.9,0,986.8,98,0.9,2.1,81,1,81,49,50,49,49,346,100,24,96
GVESTA,2020,11,6,10,11,72.2,9.5,6.2,6.05,8.5,26.3,0,986.7,29,1.1,2.1,77,0,77,47,46,46,46,350,100,24,96
GVESTA,2020,11,6,11,11.2,71.3,9.5,6.2,6.05,8.6,26.5,0,986.3,66,1.9,4.3,100,0,100,60,60,59,60,354,100,24,96
GVESTA,2020,11,6,12,11.5,69.9,9.5,6.2,6.05,8.8,26.8,0,986,49,2,4.3,105,0,105,63,63,62,63,358,100,24,96
GVESTA,2020,11,6,13,11.5,71.3,9.7,6.5,6.18,8.9,27.1,0,985.6,65,2.4,5.5,163,12,158,96,95,105,100,356,100,24,96
GVESTA,2020,11,6,14,11.7,70.4,9.7,6.5,6.19,9,27.4,0,985,61,2.2,5.4,276,455,122,79,79,451,367,334,50,24,96
GVESTA,2020,11,6,15,12.5,67.7,9.8,6.7,6.25,9.5,28.3,0,984.5,18,1.6,3.7,212,648,56,40,40,490,533,310,6,24,96
GVESTA,2020,11,6,16,12.7,66.8,9.8,6.7,6.26,9.5,28.6,0,984.2,24,1.2,3.6,71,366,30,19,19,217,338,338,63,24,96
GVESTA,2020,11,6,17,11,73.7,9.7,6.5,6.19,8.7,26.7,0,984.2,338,0.6,1.1,0,0,0,0,0,0,0,353,100,24,96
GVESTA,2020,11,6,18,9.8,77.7,9.4,6.1,6,7.9,25,0,984.3,346,0.5,1.8,0,0,0,0,0,0,0,351,100,24,96
GVESTA,2020,11,6,19,9,79.2,9.1,5.6,5.8,7.3,23.6,0,984.4,338,0.6,2.4,0,0,0,0,0,0,0,350,100,24,96
GVESTA,2020,11,6,20,8.6,80.8,9,5.5,5.74,7.1,23.1,0,984.6,333,0.4,1.1,0,0,0,0,0,0,0,348,100,24,96
GVESTA,2020,11,6,21,7.9,82.4,8.8,5.1,5.61,6.5,22,0,984.7,297,0.6,1.6,0,0,0,0,0,0,0,346,100,24,96
GVESTA,2020,11,6,22,7.3,83,8.5,4.6,5.42,6,20.9,0,984.6,261,0.7,1.5,0,0,0,0,0,0,0,344,100,24,96
GVESTA,2020,11,6,23,7.4,82.4,8.5,4.6,5.42,6.1,21,0,984.5,292,0.6,1.2,0,0,0,0,0,0,0,343,100,24,96
GVESTA,2020,11,7,0,7.3,82.4,8.4,4.5,5.35,6,20.8,0,984.3,259,0.5,1.3,0,0,0,0,0,0,0,341,100,24,96
GVESTA,2020,11,7,1,7.3,81.2,8.3,4.3,5.29,5.9,20.6,0,984,247,0.7,1.2,0,0,0,0,0,0,0,300,23,25,96
GVESTA,2020,11,7,2,7.2,81.8,8.3,4.3,5.29,5.8,20.5,0,983.8,279,0.8,1.5,0,0,0,0,0,0,0,290,0,25,96
GVESTA,2020,11,7,3,8,79.1,8.5,4.6,5.42,6.4,21.7,0,983.5,297,0.6,1.4,0,0,0,0,0,0,0,297,0,25,96
GVESTA,2020,11,7,4,8.8,81.4,9.2,5.8,5.87,7.3,23.6,0,983.4,288,0.6,1.3,0,0,0,0,0,0,0,301,0,25,96
GVESTA,2020,11,7,5,9.6,78.8,9.4,6.1,6,7.8,24.8,0,983.3,326,0.4,1.5,0,0,0,0,0,0,0,303,0,25,96
GVESTA,2020,11,7,6,9.7,81.6,9.8,6.7,6.26,8.2,25.5,0,983.1,333,0.5,2,0,0,0,0,0,0,0,306,25,25,96
GVESTA,2020,11,7,7,9.9,82.1,10,7,6.39,8.4,26,0,983.4,333,0.3,3,1,0,1,0,0,0,0,329,71,25,96
GVESTA,2020,11,7,8,10,82.2,10.1,7.1,6.45,8.5,26.3,0,983.5,360,0.3,1,27,2,27,17,19,17,16,335,80,25,96
GVESTA,2020,11,7,9,9.8,82.7,10,7,6.39,8.4,25.9,0,983.4,14,0.9,1.7,36,0,36,22,22,22,22,349,100,25,96
GVESTA,2020,11,7,10,9.8,83.3,10.1,7.1,6.46,8.4,26.1,0,983.1,49,1.1,2.2,98,0,98,60,59,59,59,354,100,25,96
GVESTA,2020,11,7,11,10.1,81,10,7,6.4,8.5,26.3,0,982.4,62,1.5,2.9,121,1,121,73,73,72,72,358,100,25,96
GVESTA,2020,11,7,12,10.4,79.4,10,7,6.4,8.6,26.6,0,981.7,63,1.5,3.3,205,30,191,116,115,144,121,363,100,25,96
GVESTA,2020,11,7,13,10.9,76.8,10,7,6.4,8.9,27.1,0,981.4,72,1.1,2.7,180,21,171,103,102,122,111,365,100,25,96
GVESTA,2020,11,7,14,11,76.3,10,7,6.41,8.9,27.2,0,981,90,1,2.1,79,1,79,48,48,47,48,363,100,25,96
GVESTA,2020,11,7,15,11.4,75.9,10.2,7.3,6.54,9.2,27.9,0,980.9,56,1.5,2.7,66,15,63,38,38,48,50,362,100,25,96
GVESTA,2020,11,7,16,11.4,74.8,10.1,7.1,6.47,9.1,27.8,0,980.5,34,1.1,2,16,3,16,10,10,11,12,361,100,25,96
GVESTA,2020,11,7,17,10.7,78.4,10.1,7.1,6.47,8.8,27.1,0,980.5,24,1,3.8,0,0,0,0,0,0,0,359,100,25,96
GVESTA,2020,11,7,18,10.7,78.4,10.1,7.1,6.47,8.8,27.1,0,980.8,338,0.7,1.5,0,0,0,0,0,0,0,354,94,25,96
GVESTA,2020,11,7,19,10.2,78.9,9.8,6.7,6.28,8.4,26.1,0,980.9,326,0.5,1,0,0,0,0,0,0,0,345,78,25,96
GVESTA,2020,11,7,20,10,80.5,9.9,6.8,6.34,8.3,26,0,981.1,270,0.6,1.2,0,0,0,0,0,0,0,351,94,25,96
GVESTA,2020,11,7,21,10.2,80.5,10,7,6.41,8.5,26.4,0,981.1,342,0.7,1.5,0,0,0,0,0,0,0,339,71,25,96
GVESTA,2020,11,7,22,9.8,82.7,10,7,6.4,8.4,26,0,981.2,360,0.7,1.6,0,0,0,0,0,0,0,352,100,25,96
GVESTA,2020,11,7,23,9.6,83.8,10,7,6.4,8.3,25.8,0,981.3,360,0.8,2,0,0,0,0,0,0,0,351,100,25,96
GVESTA,2020,11,8,0,10,82.2,10.1,7.1,6.47,8.5,26.3,0,981.4,225,0.5,1.1,0,0,0,0,0,0,0,350,100,25,96
GVESTA,2020,11,8,1,9.7,83.8,10.1,7.1,6.47,8.4,26,0,981.3,279,0.8,1.7,0,0,0,0,0,0,0,349,100,25,96
GVESTA,2020,11,8,2,9.8,84.4,10.2,7.3,6.53,8.5,26.3,0,981.2,342,0.8,1.9,0,0,0,0,0,0,0,349,100,25,96
GVESTA,2020,11,8,3,9.6,87.9,10.5,7.7,6.73,8.6,26.6,0,980.6,9,1.4,2.8,0,0,0,0,0,0,0,349,100,25,96
GVESTA,2020,11,8,4,9.7,86.7,10.4,7.6,6.67,8.6,26.5,0,980.7,321,0.8,1.4,0,0,0,0,0,0,0,349,100,25,96
GVESTA,2020,11,8,5,9.1,87.3,10.1,7.1,6.47,8.1,25.4,0,980.5,286,0.9,2.5,0,0,0,0,0,0,0,349,100,25,96
GVESTA,2020,11,8,6,8.7,87.8,9.9,6.8,6.34,7.7,24.7,0,980.6,262,0.9,2,0,0,0,0,0,0,0,349,100,25,96
GVESTA,2020,11,8,7,8.9,88.5,10.1,7.1,6.47,8,25.2,0,981.2,319,1.1,1.9,2,0,2,1,1,1,1,350,100,25,96
GVESTA,2020,11,8,8,9.9,86.8,10.6,7.8,6.79,8.8,27,0,981.8,347,0.9,3.5,18,4,18,11,15,13,11,346,88,25,96
GVESTA,2020,11,8,9,10,88,10.8,8.1,6.92,9,27.5,0,982,243,1.5,4,111,42,99,60,91,93,59,353,94,25,96
GVESTA,2020,11,8,10,10.2,87.4,10.9,8.2,6.98,9.1,27.8,0,981.8,252,1.1,2.5,239,156,178,106,191,253,105,352,81,25,96
GVESTA,2020,11,8,11,10.9,83.4,10.9,8.2,6.99,9.5,28.6,0,981.3,239,1.4,3.6,268,240,163,104,175,329,104,359,94,25,96
GVESTA,2020,11,8,12,11.7,80.2,11,8.4,7.06,9.9,29.6,0,980.7,219,0.9,3.2,178,33,163,99,98,131,106,366,100,25,96
GVESTA,2020,11,8,13,12.7,77.6,11.4,8.9,7.32,10.6,31.2,0,980,297,0.7,1.8,82,0,82,50,49,49,49,367,100,25,96
GVESTA,2020,11,8,14,13.4,75.7,11.6,9.2,7.46,11.1,32.3,0,979.4,90,0.9,2.1,108,39,95,57,56,91,81,366,100,25,96
GVESTA,2020,11,8,15,14,72.8,11.6,9.2,7.46,11.3,32.9,0,979.3,53,0.9,3.2,43,15,41,25,24,34,37,360,100,25,96
GVESTA,2020,11,8,16,13.1,78.8,11.9,9.5,7.65,11.1,32.5,0,979.4,74,1.8,3.3,20,9,19,12,11,17,19,363,100,25,96
GVESTA,2020,11,8,17,12.9,81.4,12.1,9.8,7.78,11.2,32.6,0,979.5,27,1.2,2.5,0,0,0,0,0,0,0,361,100,25,96
GVESTA,2020,11,8,18,12.8,80.3,11.9,9.5,7.65,11,32.2,0,979.6,360,0.8,1.8,0,0,0,0,0,0,0,353,71,25,96
GVESTA,2020,11,8,19,11.9,81.8,11.4,8.9,7.32,10.3,30.4,0,979.8,304,0.6,1.4,0,0,0,0,0,0,0,351,68,25,96
GVESTA,2020,11,8,20,11.3,82.3,11,8.4,7.06,9.7,29.2,0,980.1,281,0.7,1.5,0,0,0,0,0,0,0,337,38,25,96
GVESTA,2020,11,8,21,10.9,82.8,10.8,8.1,6.93,9.4,28.4,0,980.1,288,0.6,2.2,0,0,0,0,0,0,0,337,69,25,96
GVESTA,2020,11,8,22,10.3,83.9,10.5,7.7,6.74,8.9,27.3,0,980.1,264,1.1,1.8,0,0,0,0,0,0,0,331,38,25,96
GVESTA,2020,11,8,23,9.8,85,10.3,7.4,6.61,8.5,26.5,0,980.2,276,1.1,1.8,0,0,0,0,0,0,0,336,60,25,96
GVESTA,2020,11,9,0,10.6,82.8,10.6,7.8,6.8,9.1,27.8,0,980,236,0.6,1.7,0,0,0,0,0,0,0,323,54,25,96
GVESTA,2020,11,9,1,9.3,83.8,9.8,6.7,6.28,8,25.2,0,979.9,329,0.7,1.9,0,0,0,0,0,0,0,302,13,24,96
GVESTA,2020,11,9,2,8.5,83.7,9.3,5.9,5.96,7.2,23.5,0,979.9,326,0.5,1.3,0,0,0,0,0,0,0,296,29,24,96
GVESTA,2020,11,9,3,9.4,83.2,9.8,6.7,6.28,8,25.3,0,979.8,281,0.5,1.2,0,0,0,0,0,0,0,289,0,24,96
GVESTA,2020,11,9,4,9.8,84.4,10.2,7.3,6.54,8.5,26.3,0,979.9,219,0.7,1.5,0,0,0,0,0,0,0,279,0,24,96
GVESTA,2020,11,9,5,10.2,84.5,10.5,7.7,6.74,8.9,27.2,0,979.9,307,0.6,1.5,0,0,0,0,0,0,0,278,0,24,96
GVESTA,2020,11,9,6,10.3,86.2,10.8,8.1,6.93,9.1,27.8,0,980,297,0.8,1.7,0,0,0,0,0,0,0,276,0,24,96
GVESTA,2020,11,9,7,10.4,87.4,11,8.4,7.06,9.3,28.2,0,980.6,270,0.7,1.7,0,0,0,0,0,0,0,276,6,24,96
GVESTA,2020,11,9,8,10.1,89.8,11.1,8.5,7.12,9.2,28.1,0,981,270,1.1,2.4,21,0,21,13,13,12,12,300,6,24,96
GVESTA,2020,11,9,9,10.1,91.6,11.3,8.8,7.25,9.4,28.4,0,981.2,285,1.2,2.1,33,0,33,20,20,20,20,345,25,24,96
GVESTA,2020,11,9,10,10.6,87.4,11.2,8.6,7.18,9.5,28.8,0,981.1,333,1.3,2.4,30,0,30,18,18,18,18,354,100,24,96
GVESTA,2020,11,9,11,10.7,86.3,11.1,8.5,7.12,9.5,28.7,0,980.8,344,0.9,2.3,37,0,37,22,22,22,22,359,100,24,96
GVESTA,2020,11,9,12,10.9,85.7,11.2,8.6,7.19,9.7,29.1,0,980.3,297,0.7,2.1,56,0,56,34,34,33,33,363,100,24,96
GVESTA,2020,11,9,13,11.3,83.4,11.2,8.6,7.19,9.8,29.5,0,980,151,1.1,2.6,87,6,85,51,50,55,53,365,94,24,96
GVESTA,2020,11,9,14,12.1,80.8,11.4,8.9,7.32,10.3,30.6,0,979.5,139,1.2,2.7,265,367,140,81,81,404,316,343,46,24,96
GVESTA,2020,11,9,15,12.6,77.6,11.3,8.8,7.26,10.5,31,0,979.6,112,1.2,2.8,171,364,82,50,50,317,322,329,48,24,96
GVESTA,2020,11,9,16,12,79.7,11.2,8.6,7.19,10.2,30.2,0,979.7,228,1.7,2.6,52,186,28,17,17,126,176,322,55,24,96
GVESTA,2020,11,9,17,10.9,82.3,10.7,8,6.87,9.4,28.3,0,980.1,236,1.5,2.4,0,0,0,0,0,0,0,294,13,24,96
GVESTA,2020,11,9,18,10.9,80.1,10.4,7.6,6.67,9.2,27.8,0,980.4,297,0.7,1.4,0,0,0,0,0,0,0,284,0,24,96
GVESTA,2020,11,9,19,10.5,77.3,9.8,6.7,6.28,8.5,26.4,0,980.7,297,0.3,0.8,0,0,0,0,0,0,0,283,0,24,96
GVESTA,2020,11,9,20,9.8,81,9.8,6.7,6.28,8.2,25.7,0,980.9,252,0.4,1,0,0,0,0,0,0,0,281,0,24,96
GVESTA,2020,11,9,21,10,83.3,10.2,7.3,6.53,8.6,26.5,0,981.2,315,0.8,1.9,0,0,0,0,0,0,0,287,0,24,96
GVESTA,2020,11,9,22,10.1,84.4,10.4,7.6,6.66,8.8,26.9,0,981.2,346,0.5,1.1,0,0,0,0,0,0,0,324,60,24,96
GVESTA,2020,11,9,23,10.3,85.6,10.7,8,6.86,9.1,27.6,0,981.3,225,0.5,1.5,0,0,0,0,0,0,0,343,100,24,96
GVESTA,2020,11,10,0,10.2,86.2,10.7,8,6.86,9,27.5,0,981.4,279,0.7,1.7,0,0,0,0,0,0,0,338,94,24,96
GVESTA,2020,11,10,1,9.9,86.8,10.6,7.8,6.79,8.8,27.1,0,981.3,338,0.7,2,0,0,0,0,0,0,0,336,100,22,96
GVESTA,2020,11,10,2,10.1,86.8,10.7,8,6.86,9,27.4,0,981.2,315,0.8,1.9,0,0,0,0,0,0,0,318,84,22,96
GVESTA,2020,11,10,3,9.8,87.3,10.6,7.8,6.79,8.7,27,0,981.2,90,0.8,2.1,0,0,0,0,0,0,0,338,100,22,96
GVESTA,2020,11,10,4,9.8,86.8,10.5,7.7,6.73,8.7,26.8,0,981.3,252,0.9,1.6,0,0,0,0,0,0,0,329,78,22,96
GVESTA,2020,11,10,5,9.7,86.7,10.4,7.6,6.66,8.6,26.5,0,981.3,278,0.9,1.7,0,0,0,0,0,0,0,332,88,22,96
GVESTA,2020,11,10,6,9.7,85.6,10.3,7.4,6.6,8.5,26.4,0,981.4,346,0.5,1.4,0,0,0,0,0,0,0,324,84,22,96
GVESTA,2020,11,10,7,9.5,86.7,10.3,7.4,6.6,8.4,26.2,0,981.7,352,0.7,3.3,11,65,7,4,62,37,4,299,39,22,96
GVESTA,2020,11,10,8,9.1,89.1,10.3,7.4,6.59,8.2,25.7,0,982.2,290,1.2,2.5,41,14,40,24,35,31,23,320,68,22,96
GVESTA,2020,11,10,9,8.8,90.9,10.3,7.4,6.59,8.1,25.4,0,982.6,304,1.2,2.3,42,0,42,25,25,25,25,324,88,22,96
GVESTA,2020,11,10,10,8.8,90.3,10.2,7.3,6.52,8,25.3,0,982.8,329,1,2.6,26,0,26,16,16,15,16,348,100,22,96
GVESTA,2020,11,10,11,8.9,90.3,10.3,7.4,6.59,8.1,25.5,0,982.7,171,0.8,1.9,38,0,38,23,22,22,22,352,100,22,96
GVESTA,2020,11,10,12,9,89.7,10.3,7.4,6.59,8.2,25.6,0,982.3,196,0.8,2,40,0,40,24,24,23,24,356,100,22,96
GVESTA,2020,11,10,13,9.3,89.1,10.4,7.6,6.66,8.4,26.1,0,982.1,214,0.7,2,49,0,49,29,29,28,29,358,100,22,96
GVESTA,2020,11,10,14,9.7,87.3,10.5,7.7,6.72,8.6,26.7,0,981.9,117,0.7,1.9,60,0,60,36,35,35,35,357,100,22,96
GVESTA,2020,11,10,15,9.9,86.2,10.5,7.7,6.72,8.7,26.9,0,982.1,63,0.9,2.1,39,0,39,23,23,22,23,355,63,22,96
GVESTA,2020,11,10,16,10.5,82.8,10.5,7.7,6.72,9,27.5,0,982.3,162,0.6,2.5,17,1,17,10,10,11,11,312,0,22,96
GVESTA,2020,11,10,17,10.6,82.2,10.5,7.7,6.72,9.1,27.6,0,982.5,53,1,2.5,0,0,0,0,0,0,0,310,0,22,96
GVESTA,2020,11,10,18,10.9,80.6,10.5,7.7,6.72,9.2,27.9,0,982.7,22,0.7,2.1,0,0,0,0,0,0,0,313,10,22,96
GVESTA,2020,11,10,19,10.8,81.7,10.6,7.8,6.78,9.2,27.9,0,983,10,1.2,2.6,0,0,0,0,0,0,0,313,13,22,96
GVESTA,2020,11,10,20,11.1,81.2,10.7,8,6.84,9.4,28.4,0,983.3,326,0.8,1.7,0,0,0,0,0,0,0,319,36,22,96
GVESTA,2020,11,10,21,11.2,81.2,10.8,8.1,6.91,9.5,28.7,0,983.6,262,0.8,1.7,0,0,0,0,0,0,0,324,40,22,96
GVESTA,2020,11,10,22,11.3,80.7,10.8,8.1,6.91,9.6,28.8,0,983.4,288,1,1.9,0,0,0,0,0,0,0,306,13,22,96
GVESTA,2020,11,10,23,11.4,80.7,10.9,8.2,6.97,9.7,29,0,983.3,326,0.9,2,0,0,0,0,0,0,0,292,0,22,96
GVESTA,2020,11,11,0,11.3,81.2,10.9,8.2,6.97,9.6,28.9,0,983.5,304,0.9,2.1,0,0,0,0,0,0,0,291,0,22,96
GVESTA,2020,11,11,1,10.8,83.4,10.8,8.1,6.91,9.4,28.3,0,983.1,14,0.7,1.8,0,0,0,0,0,0,0,342,100,25,96
GVESTA,2020,11,11,2,10.8,82.8,10.7,8,6.85,9.3,28.1,0,983,81,0.6,1.9,0,0,0,0,0,0,0,342,100,25,96
GVESTA,2020,11,11,3,11,81.7,10.7,8,6.85,9.4,28.3,0,982.8,360,0.4,1.7,0,0,0,0,0,0,0,341,100,25,96
GVESTA,2020,11,11,4,10.5,84.5,10.7,8,6.85,9.2,27.8,0,982.6,333,0.8,2.2,0,0,0,0,0,0,0,341,100,25,96
GVESTA,2020,11,11,5,10.4,85.1,10.7,8,6.85,9.1,27.7,0,982.4,301,0.9,2,0,0,0,0,0,0,0,340,100,25,96
GVESTA,2020,11,11,6,10.3,85.6,10.7,8,6.85,9.1,27.6,0,982,99,0.8,2.1,0,0,0,0,0,0,0,339,100,25,96
GVESTA,2020,11,11,7,10.3,86.2,10.8,8.1,6.91,9.1,27.8,0,982.4,270,0.5,3.3,0,0,0,0,0,0,0,340,100,25,96
GVESTA,2020,11,11,8,9.9,88.6,10.8,8.1,6.92,8.9,27.4,0,982.2,90,1.1,2.7,7,0,7,5,5,4,5,343,100,25,96
GVESTA,2020,11,11,9,9.5,88.5,10.5,7.7,6.72,8.6,26.5,0,982.1,110,1.5,3.3,20,0,20,12,12,12,12,336,100,25,96
GVESTA,2020,11,11,10,9.8,89.1,10.8,8.1,6.92,8.9,27.3,0,981.7,59,0.6,1.6,25,0,25,15,15,15,15,348,100,25,96
GVESTA,2020,11,11,11,10.4,87.4,11,8.4,7.05,9.3,28.2,0,981,120,0.9,3.4,53,0,53,32,32,32,32,351,100,25,96
GVESTA,2020,11,11,12,11.2,80.6,10.7,8,6.86,9.5,28.6,0,980.2,139,1.1,3.2,122,1,121,74,74,73,73,354,100,25,96
GVESTA,2020,11,11,13,11.2,79,10.5,7.7,6.74,9.3,28.2,0,979.7,86,1.5,4.3,281,295,164,103,102,377,236,317,53,25,96
GVESTA,2020,11,11,14,12.2,74,10.5,7.7,6.74,9.8,29.3,0,979,101,0.9,2.8,320,745,70,56,57,681,484,284,16,25,96
GVESTA,2020,11,11,15,12.3,72,10.3,7.4,6.61,9.7,29.1,0,978.9,78,1.4,2.7,198,644,55,39,39,495,524,301,21,25,96
GVESTA,2020,11,11,16,12.2,73.5,10.4,7.6,6.68,9.7,29.1,0,978.8,84,0.9,1.6,63,304,31,18,18,194,282,350,100,25,96
GVESTA,2020,11,11,17,10.5,79.5,10.1,7.1,6.48,8.7,26.9,0,979,22,0.6,1.6,0,0,0,0,0,0,0,349,100,25,96
GVESTA,2020,11,11,18,9,82,9.4,6.1,6.03,7.5,24.2,0,979.5,326,0.7,1.5,0,0,0,0,0,0,0,347,100,25,96
GVESTA,2020,11,11,19,8.7,82.6,9.3,5.9,5.96,7.3,23.7,0,979.6,329,0.6,1.4,0,0,0,0,0,0,0,346,100,25,96
GVESTA,2020,11,11,20,9.3,82.1,9.6,6.4,6.16,7.8,24.8,0,979.7,321,0.7,1.3,0,0,0,0,0,0,0,344,100,25,96
GVESTA,2020,11,11,21,9.6,80.4,9.6,6.4,6.16,8,25.1,0,979.6,18,0.4,1.1,0,0,0,0,0,0,0,343,100,25,96
GVESTA,2020,11,11,22,8.7,82.6,9.3,5.9,5.96,7.3,23.7,0,979.8,342,0.5,1.4,0,0,0,0,0,0,0,341,100,25,96
GVESTA,2020,11,11,23,8,84.2,9,5.5,5.77,6.8,22.5,0,979.6,270,0.5,1.4,0,0,0,0,0,0,0,336,100,25,96
GVESTA,2020,11,12,0,7.1,85.3,8.6,4.8,5.51,6,21,0,979.3,281,0.8,1.7,0,0,0,0,0,0,0,339,100,25,96
GVESTA,2020,11,12,1,6.8,85.8,8.5,4.6,5.45,5.7,20.5,0,979,265,1.3,2.4,0,0,0,0,0,0,0,329,88,24,96
GVESTA,2020,11,12,2,6.6,86.4,8.4,4.5,5.38,5.6,20.1,0,979.1,276,1.3,1.9,0,0,0,0,0,0,0,334,94,24,96
GVESTA,2020,11,12,3,6.2,86.4,8.2,4.1,5.25,5.2,19.4,0,978.9,249,1.1,1.8,0,0,0,0,0,0,0,334,100,24,96
GVESTA,2020,11,12,4,6.6,84,8.2,4.1,5.25,5.4,19.8,0,978.8,279,0.7,2.1,0,0,0,0,0,0,0,334,94,24,96
GVESTA,2020,11,12,5,5.9,86.4,8,3.8,5.12,4.9,18.8,0,979.1,286,1,2.2,0,0,0,0,0,0,0,338,100,24,96
GVESTA,2020,11,12,6,5.7,85.1,7.8,3.4,4.99,4.6,18.3,0,979.5,288,0.7,2.3,0,0,0,0,0,0,0,338,94,24,96
GVESTA,2020,11,12,7,5.7,85.1,7.8,3.4,4.99,4.6,18.2,0,979.9,270,0.6,1.7,8,57,5,3,53,32,3,296,38,24,96
GVESTA,2020,11,12,8,5.8,85.7,7.9,3.6,5.05,4.8,18.5,0,980.1,256,0.5,1.3,115,464,44,28,407,321,28,304,39,24,96
GVESTA,2020,11,12,9,9,85.5,9.8,6.7,6.28,7.8,24.9,0,979.9,90,0.6,1.6,252,697,61,44,517,583,45,273,0,24,96
GVESTA,2020,11,12,10,10.9,79,10.3,7.4,6.61,9.1,27.6,0,980,254,0.9,2.3,366,796,71,58,438,760,59,274,6,24,96
GVESTA,2020,11,12,11,12.1,75,10.6,7.8,6.8,9.8,29.3,0,979.5,171,0.9,2.7,428,821,79,66,275,842,67,276,0,24,96
GVESTA,2020,11,12,12,13.8,68.9,10.9,8.2,7,10.7,31.6,0,978.8,256,1.4,3.5,441,826,79,68,89,859,160,295,13,24,96
GVESTA,2020,11,12,13,15.8,61.8,11.1,8.5,7.14,11.7,33.9,0,978.3,229,2.9,6,406,821,73,63,63,818,355,277,13,24,96
GVESTA,2020,11,12,14,16.6,55.6,10.5,7.7,6.75,11.7,33.8,0,978,219,3.7,6.1,316,758,66,52,52,686,486,276,0,24,96
GVESTA,2020,11,12,15,16.6,54.1,10.2,7.3,6.55,11.5,33.3,0,978.1,208,3,5.2,199,616,65,41,41,483,510,298,39,24,96
GVESTA,2020,11,12,16,16.4,55.2,10.3,7.4,6.62,11.5,33.2,0,978.1,214,0.9,3.5,34,103,21,12,12,75,99,323,69,24,96
GVESTA,2020,11,12,17,15.1,61.7,10.6,7.8,6.81,11.1,32.4,0,978.3,247,1.1,2.4,0,0,0,0,0,0,0,323,78,24,96
GVESTA,2020,11,12,18,13.8,71.8,11.3,8.8,7.27,11,32.2,0,978.4,51,0.8,1.6,0,0,0,0,0,0,0,317,63,24,96
GVESTA,2020,11,12,19,12,77.5,10.9,8.2,7.01,10,29.7,0,978.3,360,1,2.1,0,0,0,0,0,0,0,286,20,24,96
GVESTA,2020,11,12,20,10.8,77.3,10,7,6.42,8.8,27,0,978.2,360,0.5,1.6,0,0,0,0,0,0,0,270,0,24,96
GVESTA,2020,11,12,21,9.7,79.9,9.6,6.4,6.16,8,25.3,0,978.6,315,0.9,2.6,0,0,0,0,0,0,0,269,0,24,96
GVESTA,2020,11,12,22,9.2,79.8,9.3,5.9,5.97,7.5,24.3,0,978.8,297,0.6,2,0,0,0,0,0,0,0,268,0,24,96
GVESTA,2020,11,12,23,8.6,79.7,8.9,5.3,5.71,7,23,0,978.8,288,0.5,1.3,0,0,0,0,0,0,0,267,0,24,96
GVESTA,2020,11,13,0,7.4,81.8,8.4,4.5,5.38,6,21,0,979,304,0.8,1.6,0,0,0,0,0,0,0,291,30,24,96
GVESTA,2020,11,13,1,7.3,81.2,8.3,4.3,5.32,5.9,20.7,0,978.7,270,0.6,1.5,0,0,0,0,0,0,0,274,33,24,96
GVESTA,2020,11,13,2,6.7,81.7,8,3.8,5.13,5.3,19.6,0,978.6,304,0.8,1.9,0,0,0,0,0,0,0,266,0,24,96
GVESTA,2020,11,13,3,6.5,81.7,7.9,3.6,5.06,5.1,19.2,0,978.4,297,0.6,1.2,0,0,0,0,0,0,0,267,0,24,96
GVESTA,2020,11,13,4,6,81,7.6,3,4.87,4.6,18.2,0,978.4,261,0.7,1.4,0,0,0,0,0,0,0,290,33,24,96
GVESTA,2020,11,13,5,6.4,83.4,8,3.8,5.13,5.2,19.3,0,978.4,301,0.7,1.4,0,0,0,0,0,0,0,318,75,24,96
GVESTA,2020,11,13,6,7.4,82.4,8.5,4.6,5.45,6.1,21.1,0,978.6,284,0.5,1,0,0,0,0,0,0,0,312,71,24,96
GVESTA,2020,11,13,7,7.7,83.6,8.8,5.1,5.64,6.4,21.9,0,979,292,0.6,3.3,0,0,0,0,0,0,0,316,75,24,96
GVESTA,2020,11,13,8,8.3,84.2,9.2,5.8,5.9,7.1,23.2,0,979.5,297,0.5,1,32,1,31,19,20,19,19,340,100,24,96
GVESTA,2020,11,13,9,9.5,78.2,9.3,5.9,5.96,7.7,24.6,0,979.6,270,0.4,1,118,31,110,66,88,90,65,345,100,24,96
GVESTA,2020,11,13,10,10.4,79.4,10,7,6.42,8.6,26.6,0,979.5,45,0.4,2.1,211,177,143,86,168,253,85,333,78,24,96
GVESTA,2020,11,13,11,11.8,69.5,9.6,6.4,6.16,9,27.4,0,978.9,202,0.8,2.4,389,640,120,78,263,701,78,319,53,24,96
GVESTA,2020,11,13,12,13.5,63.9,9.9,6.8,6.36,10,29.6,0,978.2,222,1.3,3.2,400,634,125,81,103,711,164,334,68,24,96
GVESTA,2020,11,13,13,14.4,62.8,10.3,7.4,6.62,10.6,31.2,0,977.6,225,1.3,2.8,351,542,132,82,82,604,288,346,81,24,96
GVESTA,2020,11,13,14,14.8,62.9,10.6,7.8,6.82,11,32.1,0,977.2,229,1.2,2.4,220,238,138,81,81,297,221,358,100,24,96
GVESTA,2020,11,13,15,14.5,65,10.7,8,6.88,11,32,0,977.4,53,1.1,2,104,79,84,50,50,111,108,357,100,24,96
GVESTA,2020,11,13,16,13.2,71.7,10.9,8.2,7.01,10.5,31,0,977.6,81,1.3,2.5,20,14,18,11,11,19,23,355,100,24,96
GVESTA,2020,11,13,17,11.9,77,10.7,8,6.88,9.8,29.3,0,977.7,24,1.3,2,0,0,0,0,0,0,0,353,100,24,96
GVESTA,2020,11,13,18,11.4,76.4,10.3,7.4,6.62,9.3,28.1,0,978.3,11,1.1,2,0,0,0,0,0,0,0,351,100,24,96
GVESTA,2020,11,13,19,10.9,77.4,10.1,7.1,6.49,8.9,27.3,0,978.4,360,0.7,1.7,0,0,0,0,0,0,0,349,100,24,96
GVESTA,2020,11,13,20,10.7,77.9,10,7,6.42,8.8,26.9,0,978.6,333,0.5,1.5,0,0,0,0,0,0,0,348,100,24,96
GVESTA,2020,11,13,21,10,79.9,9.8,6.7,6.29,8.3,25.9,0,978.9,315,0.6,1.4,0,0,0,0,0,0,0,346,100,24,96
GVESTA,2020,11,13,22,10.3,80,10,7,6.42,8.6,26.5,0,979.1,326,0.5,1.4,0,0,0,0,0,0,0,340,94,24,96
GVESTA,2020,11,13,23,10.3,78.9,9.9,6.8,6.35,8.5,26.4,0,979.2,304,0.5,1,0,0,0,0,0,0,0,334,88,24,96
GVESTA,2020,11,14,0,9.5,81.5,9.7,6.5,6.22,8,25.2,0,979.2,307,0.7,1.7,0,0,0,0,0,0,0,328,81,24,96
GVESTA,2020,11,14,1,9.5,81,9.6,6.4,6.16,7.9,25.1,0,978.8,333,0.5,1.3,0,0,0,0,0,0,0,334,88,24,96
GVESTA,2020,11,14,2,8.1,83.6,9,5.5,5.77,6.8,22.7,0,978.6,292,0.8,1.9,0,0,0,0,0,0,0,297,35,24,96
GVESTA,2020,11,14,3,7.6,80.7,8.4,4.5,5.39,6.1,21.2,0,978.4,288,0.5,1.3,0,0,0,0,0,0,0,274,0,24,96
GVESTA,2020,11,14,4,6.8,82.9,8.2,4.1,5.26,5.5,20,0,978.4,288,0.8,1.7,0,0,0,0,0,0,0,273,0,24,96
GVESTA,2020,11,14,5,6.5,82.8,8,3.8,5.13,5.2,19.4,0,978.5,293,0.8,1.7,0,0,0,0,0,0,0,272,0,24,96
GVESTA,2020,11,14,6,6.2,82.2,7.8,3.4,5,4.9,18.8,0,978.5,270,0.7,1.7,0,0,0,0,0,0,0,271,0,24,96
GVESTA,2020,11,14,7,5.6,82.7,7.5,2.9,4.8,4.4,17.7,0,978.8,315,0.5,1.4,3,6,3,2,8,5,2,287,6,24,96
GVESTA,2020,11,14,8,5.7,86.3,7.9,3.6,5.06,4.7,18.4,0,979,278,0.8,1.7,113,495,42,26,431,340,26,278,0,24,96
GVESTA,2020,11,14,9,7.8,86,9.1,5.6,5.84,6.7,22.5,0,978.8,281,0.8,1.7,200,377,105,62,335,357,62,294,13,24,96
GVESTA,2020,11,14,10,9.8,82.7,10,7,6.42,8.4,26,0,978.6,180,0.4,1.5,325,606,100,69,351,617,69,300,23,24,96
GVESTA,2020,11,14,11,11.4,75.9,10.2,7.3,6.56,9.2,28,0,977.8,53,0.7,2.2,427,864,67,63,274,875,64,282,0,24,96
GVESTA,2020,11,14,12,12.4,69.6,10,7,6.43,9.6,28.7,0,977,34,1,2.8,427,811,79,67,86,847,156,285,13,24,96
GVESTA,2020,11,14,13,13.4,65.2,10,7,6.44,10,29.7,0,976.4,54,1,2.7,388,787,76,62,63,791,344,295,0,24,96
GVESTA,2020,11,14,14,14.2,63.2,10.2,7.3,6.57,10.5,30.9,0,975.8,70,1.5,3,308,761,62,50,51,688,483,297,16,24,96
GVESTA,2020,11,14,15,14.3,61.9,10.1,7.1,6.51,10.4,30.8,0,975.6,86,1.6,4.8,183,620,50,35,35,479,495,283,0,24,96
GVESTA,2020,11,14,16,13.8,66.6,10.5,7.7,6.77,10.5,31,0,975.5,81,1.2,2.1,47,249,21,13,13,158,224,286,6,24,96
GVESTA,2020,11,14,17,11.9,73.9,10.3,7.4,6.64,9.5,28.7,0,975.4,45,0.9,2.1,0,0,0,0,0,0,0,279,0,24,96
GVESTA,2020,11,14,18,10.8,74.2,9.6,6.4,6.18,8.5,26.4,0,975.9,360,0.6,1.6,0,0,0,0,0,0,0,278,0,24,96
GVESTA,2020,11,14,19,9.8,76.1,9.2,5.8,5.92,7.8,24.8,0,975.9,349,0.7,1.7,0,0,0,0,0,0,0,277,0,24,96
GVESTA,2020,11,14,20,9.2,76.6,8.9,5.3,5.72,7.3,23.6,0,976.1,270,0.6,1.3,0,0,0,0,0,0,0,276,0,24,96
GVESTA,2020,11,14,21,8.6,78.1,8.7,5,5.59,6.8,22.7,0,976.5,261,0.7,1.7,0,0,0,0,0,0,0,276,0,24,96
GVESTA,2020,11,14,22,8.1,78.5,8.5,4.6,5.46,6.4,21.9,0,976.6,323,0.6,1.9,0,0,0,0,0,0,0,275,10,24,96
GVESTA,2020,11,14,23,7.2,81.8,8.3,4.3,5.33,5.8,20.6,0,976.6,254,0.8,1.7,0,0,0,0,0,0,0,288,36,24,96
GVESTA,2020,11,15,0,6.6,80,7.8,3.4,5.01,5.1,19.2,0,976.5,309,0.8,1.8,0,0,0,0,0,0,0,281,33,24,96
GVESTA,2020,11,15,1,6.4,81.1,7.8,3.4,5.01,5,19,0,976.2,254,0.9,2,0,0,0,0,0,0,0,281,6,24,96
GVESTA,2020,11,15,2,5.8,83.3,7.7,3.2,4.95,4.6,18.2,0,975.9,277,1,2.1,0,0,0,0,0,0,0,298,33,24,96
GVESTA,2020,11,15,3,5.7,82.7,7.6,3,4.88,4.5,18,0,975.3,297,0.6,1.7,0,0,0,0,0,0,0,314,55,24,96
GVESTA,2020,11,15,4,5.3,80.9,7.2,2.3,4.63,4,16.9,0,974.9,270,0.4,1.5,0,0,0,0,0,0,0,313,58,24,96
GVESTA,2020,11,15,5,4.9,85.6,7.4,2.7,4.76,3.9,16.8,0,974.9,255,1.4,2.7,0,0,0,0,0,0,0,329,88,24,96
GVESTA,2020,11,15,6,5,86.3,7.5,2.9,4.82,4.1,17.1,0,974.7,293,0.9,1.6,0,0,0,0,0,0,0,336,100,24,96
GVESTA,2020,11,15,7,4.9,85.6,7.4,2.7,4.76,3.9,16.9,0,974.8,284,0.7,1.8,4,13,3,2,13,8,2,325,78,24,96
GVESTA,2020,11,15,8,5.2,86.9,7.7,3.2,4.95,4.3,17.6,0,975,256,0.7,1.6,122,483,55,31,431,344,31,322,58,24,96
GVESTA,2020,11,15,9,7.6,88.4,9.2,5.8,5.93,6.7,22.5,0,974.4,288,0.7,2.1,211,408,95,57,327,394,57,328,65,24,96
GVESTA,2020,11,15,10,9.7,85,10.2,7.3,6.58,8.5,26.3,0,973.8,23,0.9,2.2,267,351,143,84,271,410,84,341,78,24,96
GVESTA,2020,11,15,11,11,80.6,10.6,7.8,6.85,9.3,28.3,0,972.9,76,0.8,2.6,344,437,161,97,216,534,97,345,88,24,96
GVESTA,2020,11,15,12,12.3,75,10.7,8,6.92,10,29.8,0,971.9,104,1.1,2.9,305,298,178,103,120,412,143,335,65,24,96
GVESTA,2020,11,15,13,13.6,67.5,10.5,7.7,6.8,10.4,30.8,0,971.3,153,0.9,2,258,248,160,94,94,338,197,337,71,24,96
GVESTA,2020,11,15,14,15.3,57.6,10,7,6.48,10.8,31.8,0,970.6,220,1.7,3.6,210,278,126,75,75,312,252,341,71,24,96
GVESTA,2020,11,15,15,15.8,57.4,10.3,7.4,6.68,11.2,32.8,0,970,229,3.7,10,126,235,74,43,43,221,221,348,81,24,96
GVESTA,2020,11,15,16,16,57.4,10.4,7.6,6.74,11.4,33.1,0,970.1,228,4.6,9.1,16,32,13,8,8,26,35,349,88,24,96
GVESTA,2020,11,15,17,16,57.4,10.4,7.6,6.74,11.4,33.1,0,969.8,205,5.8,9.3,0,0,0,0,0,0,0,361,100,24,96
GVESTA,2020,11,15,18,16.2,58.3,10.7,8,6.94,11.7,33.8,0,970,213,5.7,12.4,0,0,0,0,0,0,0,361,100,24,96
GVESTA,2020,11,15,19,15.6,65.7,11.6,9.2,7.52,12,34.7,0.6,970.9,223,5.5,11.4,0,0,0,0,0,0,0,361,100,24,96
GVESTA,2020,11,15,20,14,82.7,13.2,11.1,8.57,12.3,35.7,1.7,971.2,198,3.4,6.4,0,0,0,0,0,0,0,361,100,24,96
GVESTA,2020,11,15,21,13.2,87.7,13.3,11.2,8.63,12,35.1,2.4,971.7,210,5.6,8.7,0,0,0,0,0,0,0,360,100,24,96
GVESTA,2020,11,15,22,13.1,87.1,13.1,11,8.5,11.9,34.6,5.5,972,232,4.1,8.1,0,0,0,0,0,0,0,360,100,24,96
GVESTA,2020,11,15,23,12.6,86.4,12.6,10.4,8.17,11.4,33.3,1.6,971.6,182,5,9,0,0,0,0,0,0,0,359,100,24,96
GVESTA,2020,11,16,0,13,77.7,11.6,9.2,7.51,10.9,32,0,972.3,185,4.2,9.3,0,0,0,0,0,0,0,359,100,24,96
GVESTA,2020,11,16,1,12.9,78.7,11.7,9.3,7.57,10.9,32.1,0.2,972.6,213,5.6,12,0,0,0,0,0,0,0,357,100,25,96
GVESTA,2020,11,16,2,12.3,75.5,10.8,8.1,6.98,10,30,1,973.7,247,4.3,11,0,0,0,0,0,0,0,355,100,25,96
GVESTA,2020,11,16,3,10.8,74.7,9.7,6.5,6.26,8.6,26.6,0.3,973.9,184,2.3,10.7,0,0,0,0,0,0,0,352,100,25,96
GVESTA,2020,11,16,4,10.7,74.7,9.6,6.4,6.19,8.5,26.3,0,974.4,24,2.2,5.6,0,0,0,0,0,0,0,349,100,25,96
GVESTA,2020,11,16,5,10.8,75.8,9.8,6.7,6.31,8.7,26.8,0.1,975.2,105,2.2,4.7,0,0,0,0,0,0,0,347,100,25,96
GVESTA,2020,11,16,6,10.9,75.8,9.9,6.8,6.37,8.8,27,0,975.9,198,1,2.8,0,0,0,0,0,0,0,335,84,25,96
GVESTA,2020,11,16,7,10.7,73.2,9.4,6.1,6.04,8.3,26,0,977.2,214,2.3,5,0,0,0,0,0,0,0,339,88,25,96
GVESTA,2020,11,16,8,10.6,72.2,9.2,5.8,5.91,8.2,25.5,0,977.9,190,3.9,6.5,56,88,42,25,97,85,25,335,81,25,96
GVESTA,2020,11,16,9,10.8,73.2,9.5,6.2,6.1,8.4,26.2,0,978.4,219,3.5,6.2,75,8,73,44,50,50,44,346,100,25,96
GVESTA,2020,11,16,10,11.5,70.8,9.6,6.4,6.16,8.9,27.1,0,978.5,209,3.6,6.3,236,314,121,75,225,368,75,329,71,25,96
GVESTA,2020,11,16,11,11.7,67.5,9.3,5.9,5.97,8.7,26.8,0,978.6,207,5,7.6,240,167,170,101,148,274,100,322,64,25,96
GVESTA,2020,11,16,12,12.7,63.2,9.3,5.9,5.97,9.2,27.8,0,978.7,215,5.2,8,429,853,70,67,88,885,157,294,33,25,96
GVESTA,2020,11,16,13,13.1,61.2,9.2,5.8,5.9,9.3,28.1,0,978.9,229,4.2,7.7,288,399,128,83,83,466,215,331,75,25,96
GVESTA,2020,11,16,14,12.7,62.8,9.2,5.8,5.9,9.1,27.7,0,979.4,234,3.7,6.2,127,32,117,71,70,99,89,347,100,25,96
GVESTA,2020,11,16,15,12.4,63.2,9.1,5.6,5.83,8.9,27.2,0,979.5,207,3.2,5.2,66,12,63,38,38,48,47,346,100,25,96
GVESTA,2020,11,16,16,12.1,64,9,5.5,5.76,8.7,26.7,0,980.3,227,1.9,4.7,17,5,16,10,10,13,14,344,100,25,96
GVESTA,2020,11,16,17,11.5,65.7,8.9,5.3,5.7,8.4,25.9,0,980.9,229,1.3,2.4,0,0,0,0,0,0,0,338,94,25,96
GVESTA,2020,11,16,18,10.7,70.2,9,5.5,5.76,8.1,25.3,0,981.4,236,0.8,2.1,0,0,0,0,0,0,0,334,84,25,96
GVESTA,2020,11,16,19,10.2,73.1,9.1,5.6,5.82,7.9,24.9,0,982,326,0.7,1.8,0,0,0,0,0,0,0,339,100,25,96
GVESTA,2020,11,16,20,9.4,76.6,9,5.5,5.75,7.5,23.9,0,982.2,360,0.8,1.7,0,0,0,0,0,0,0,316,63,25,96
GVESTA,2020,11,16,21,8.2,79.1,8.6,4.8,5.49,6.5,22,0,982.7,279,1.1,1.9,0,0,0,0,0,0,0,287,0,25,96
GVESTA,2020,11,16,22,7.5,77.9,8.1,3.9,5.17,5.8,20.5,0,982.9,304,0.5,1.1,0,0,0,0,0,0,0,283,13,25,96
GVESTA,2020,11,16,23,6.7,80.6,7.9,3.6,5.04,5.3,19.4,0,982.9,297,0.7,1.5,0,0,0,0,0,0,0,301,23,25,96
GVESTA,2020,11,17,0,5.7,81,7.4,2.7,4.72,4.3,17.6,0,982.9,291,0.9,2.8,0,0,0,0,0,0,0,308,20,25,96
GVESTA,2020,11,17,1,5.1,83.3,7.3,2.5,4.65,3.9,16.8,0,983.1,256,1,2.1,0,0,0,0,0,0,0,305,29,24,96
GVESTA,2020,11,17,2,5,82.7,7.2,2.3,4.59,3.8,16.5,0,983.2,304,0.9,1.8,0,0,0,0,0,0,0,303,41,24,96
GVESTA,2020,11,17,3,4.5,82,6.9,1.7,4.4,3.3,15.5,0,983.3,309,0.8,3,0,0,0,0,0,0,0,299,33,24,96
GVESTA,2020,11,17,4,4.3,80.8,6.7,1.3,4.27,3,15,0,983.6,259,0.6,3.5,0,0,0,0,0,0,0,296,33,24,96
GVESTA,2020,11,17,5,4.3,79.6,6.6,1.1,4.2,2.9,14.8,0,983.7,256,0.5,3.3,0,0,0,0,0,0,0,295,13,24,96
GVESTA,2020,11,17,6,4.3,83.2,6.9,1.7,4.39,3.2,15.3,0,984.4,247,0.9,2.1,0,0,0,0,0,0,0,305,13,24,96
GVESTA,2020,11,17,7,4.1,85.6,7,1.9,4.45,3.1,15.3,0,985,264,1.3,2,0,0,0,0,0,0,0,312,59,24,96
GVESTA,2020,11,17,8,5,85,7.4,2.7,4.71,4,16.8,0,985.5,278,0.8,3.3,63,138,44,26,139,116,26,318,74,24,96
GVESTA,2020,11,17,9,7.8,80.2,8.5,4.6,5.41,6.3,21.4,0,985.9,194,0.5,3.1,186,322,102,60,285,324,60,316,64,24,96
GVESTA,2020,11,17,10,9.2,75.5,8.8,5.1,5.6,7.2,23.3,0,986.1,162,0.4,1.5,327,681,86,62,385,675,63,315,56,24,96
GVESTA,2020,11,17,11,10,71.5,8.8,5.1,5.6,7.6,24.2,0,985.8,55,1.3,3.1,398,784,81,66,269,814,66,310,39,24,96
GVESTA,2020,11,17,12,10.8,68.8,8.9,5.3,5.67,8,25.1,0,985.1,34,2.7,6.3,421,850,66,64,84,879,150,301,26,24,96
GVESTA,2020,11,17,13,11.9,63.9,8.9,5.3,5.67,8.6,26.3,0,984.5,32,2.7,5.1,337,606,104,74,74,640,296,315,49,24,96
GVESTA,2020,11,17,14,12.4,59.7,8.6,4.8,5.48,8.6,26.3,0,984.2,44,3,5.2,255,455,107,67,67,468,322,317,60,24,96
GVESTA,2020,11,17,15,12.1,60.1,8.5,4.6,5.42,8.3,25.8,0,984.2,30,2,4,140,290,87,51,51,259,279,323,71,24,96
GVESTA,2020,11,17,16,11.3,65.6,8.8,5.1,5.61,8.2,25.5,0,984.3,5,1.1,2,34,139,21,12,12,95,130,323,71,24,96
GVESTA,2020,11,17,17,9.9,71.5,8.7,5,5.55,7.5,23.9,0,984.5,5,1.1,1.9,0,0,0,0,0,0,0,322,64,24,96
GVESTA,2020,11,17,18,8.9,73.9,8.4,4.5,5.35,6.8,22.4,0,984.7,329,0.7,2,0,0,0,0,0,0,0,314,68,24,96
GVESTA,2020,11,17,19,8.1,75.8,8.2,4.1,5.22,6.2,21.3,0,984.7,259,0.6,1.4,0,0,0,0,0,0,0,317,68,24,96
GVESTA,2020,11,17,20,7.3,77.3,7.9,3.6,5.03,5.6,20,0,984.8,279,0.6,0.9,0,0,0,0,0,0,0,310,68,24,96
GVESTA,2020,11,17,21,6.7,78.3,7.7,3.2,4.9,5.1,19,0,984.9,297,0.7,1.5,0,0,0,0,0,0,0,296,44,24,96
GVESTA,2020,11,17,22,5.9,78.8,7.3,2.5,4.65,4.4,17.6,0,984.7,270,0.8,1.5,0,0,0,0,0,0,0,290,29,24,96
GVESTA,2020,11,17,23,5.3,77.5,6.9,1.7,4.39,3.7,16.3,0,984.6,281,0.6,1.2,0,0,0,0,0,0,0,301,41,24,96
GVESTA,2020,11,18,0,4.8,79.2,6.8,1.5,4.33,3.4,15.7,0,984.5,279,0.7,2,0,0,0,0,0,0,0,304,36,24,96
GVESTA,2020,11,18,1,4.2,80.2,6.6,1.1,4.2,2.9,14.7,0,984.7,250,1.2,2.4,0,0,0,0,0,0,0,295,10,23,96
GVESTA,2020,11,18,2,4.2,82.6,6.8,1.5,4.33,3,15.1,0,984.6,264,1.2,3.3,0,0,0,0,0,0,0,282,0,23,96
GVESTA,2020,11,18,3,3.8,81.3,6.5,0.9,4.13,2.6,14.2,0,984.4,297,0.8,1.5,0,0,0,0,0,0,0,284,0,23,96
GVESTA,2020,11,18,4,3.2,80.6,6.2,0.2,3.94,2,13.1,0,984.4,276,0.9,1.5,0,0,0,0,0,0,0,291,25,23,96
GVESTA,2020,11,18,5,3.1,81.2,6.2,0.2,3.94,1.9,13,0,984.5,243,1,1.8,0,0,0,0,0,0,0,280,0,23,96
GVESTA,2020,11,18,6,3,81.8,6.2,0.2,3.94,1.8,12.9,0,984.7,293,0.8,3.1,0,0,0,0,0,0,0,279,0,23,96
GVESTA,2020,11,18,7,2.4,82.9,6,-0.2,3.81,1.3,11.9,0,984.9,259,0.7,3.4,0,0,0,0,0,0,0,280,0,23,96
GVESTA,2020,11,18,8,3,83,6.3,0.4,4,1.9,13,0,985,247,0.9,1.6,96,453,36,22,388,313,22,254,6,23,96
GVESTA,2020,11,18,9,5.8,83.3,7.7,3.2,4.9,4.6,18.1,0,984.9,252,0.5,3.4,233,704,57,40,514,590,40,252,0,23,96
GVESTA,2020,11,18,10,7.7,80.7,8.5,4.6,5.42,6.2,21.4,0,984.6,63,0.8,1.9,345,796,70,54,436,763,55,254,0,23,96
GVESTA,2020,11,18,11,9.1,76,8.8,5.1,5.61,7.1,23.3,0,984,143,0.6,1.6,400,779,88,64,270,815,65,257,0,23,96
GVESTA,2020,11,18,12,10.5,72.6,9.2,5.8,5.87,8.1,25.4,0,983.3,74,0.8,2.7,427,867,69,62,83,895,152,259,0,23,96
GVESTA,2020,11,18,13,11.6,67.5,9.2,5.8,5.88,8.6,26.5,0,982.7,84,1.1,2.5,391,839,71,59,59,839,351,261,0,23,96
GVESTA,2020,11,18,14,12.9,62,9.2,5.8,5.88,9.2,27.8,0,982,63,1,2.3,303,778,62,48,48,708,485,261,0,23,96
GVESTA,2020,11,18,15,13.6,59.2,9.2,5.8,5.88,9.5,28.5,0,981.9,75,1.2,2.1,174,610,53,34,34,477,486,261,0,23,96
GVESTA,2020,11,18,16,12.8,62.8,9.3,5.9,5.95,9.2,27.9,0,982,49,1.2,1.9,38,188,20,12,12,125,169,267,6,23,96
GVESTA,2020,11,18,17,10.3,71.1,8.9,5.3,5.69,7.8,24.7,0,982.5,39,0.8,1.3,0,0,0,0,0,0,0,261,0,23,96
GVESTA,2020,11,18,18,9.5,73.5,8.7,5,5.56,7.3,23.5,0,982.4,360,0.5,1.3,0,0,0,0,0,0,0,261,0,23,96
GVESTA,2020,11,18,19,8.1,76.9,8.3,4.3,5.3,6.3,21.5,0,982.5,288,0.8,1.7,0,0,0,0,0,0,0,261,0,23,96
GVESTA,2020,11,18,20,7.4,77.9,8,3.8,5.11,5.7,20.3,0,982.4,301,0.7,2.1,0,0,0,0,0,0,0,262,0,23,96
GVESTA,2020,11,18,21,6.4,80,7.7,3.2,4.91,4.9,18.8,0,982.9,279,1,2.6,0,0,0,0,0,0,0,272,13,23,96
GVESTA,2020,11,18,22,5.8,80.4,7.4,2.7,4.72,4.4,17.7,0,982.9,259,0.8,1.7,0,0,0,0,0,0,0,287,33,23,96
GVESTA,2020,11,18,23,5.1,82.1,7.2,2.3,4.59,3.9,16.6,0,983.3,277,1.1,3.3,0,0,0,0,0,0,0,284,28,23,96
GVESTA,2020,11,19,0,5.6,80.4,7.3,2.5,4.65,4.2,17.3,0,983.4,279,0.8,2.2,0,0,0,0,0,0,0,265,0,23,96
GVESTA,2020,11,19,1,5.3,80.9,7.2,2.3,4.59,4,16.8,0,983,288,0.7,3.3,0,0,0,0,0,0,0,284,0,23,96
GVESTA,2020,11,19,2,4.6,81.4,6.9,1.7,4.4,3.3,15.6,0,983,259,0.7,2.3,0,0,0,0,0,0,0,275,0,23,96
GVESTA,2020,11,19,3,4.6,82.6,7,1.9,4.46,3.4,15.8,0,983.2,180,1,2.5,0,0,0,0,0,0,0,286,23,23,96
GVESTA,2020,11,19,4,6.4,80,7.7,3.2,4.91,4.9,18.8,0,983.1,0,0.7,1.5,0,0,0,0,0,0,0,307,65,23,96
GVESTA,2020,11,19,5,8,80.2,8.6,4.8,5.49,6.4,21.8,0,983.1,243,0.8,1.9,0,0,0,0,0,0,0,327,100,23,96
GVESTA,2020,11,19,6,9,77.6,8.9,5.3,5.68,7.2,23.3,0,983.3,270,1.1,3.6,0,0,0,0,0,0,0,333,78,23,96
GVESTA,2020,11,19,7,9.5,78.2,9.3,5.9,5.94,7.7,24.5,0,983.1,243,1.4,3.4,0,0,0,0,0,0,0,313,53,23,96
GVESTA,2020,11,19,8,10,78.8,9.7,6.5,6.2,8.2,25.7,0,983.1,13,1,1.7,47,57,38,22,69,61,22,327,68,23,96
GVESTA,2020,11,19,9,10.6,78.4,10,7,6.39,8.7,26.8,0.4,982.9,239,1.6,2.9,67,57,55,32,75,75,32,338,88,23,96
GVESTA,2020,11,19,10,10.5,83.3,10.6,7.8,6.78,9.1,27.6,0.4,983.2,225,2.2,4.2,29,0,29,17,17,17,17,347,100,23,96
GVESTA,2020,11,19,11,11.3,82.9,11.1,8.5,7.1,9.8,29.3,0,983,234,2.1,4.8,20,0,20,12,12,12,12,349,100,23,96
GVESTA,2020,11,19,12,12.8,70.6,10.4,7.6,6.65,10,29.7,0,983.2,261,4,9.7,31,0,31,19,18,18,18,351,100,23,96
GVESTA,2020,11,19,13,13,42.6,6.4,0.6,4.07,7.2,23.3,0,983.7,292,3.1,10.7,69,6,67,40,39,44,42,346,94,23,96
GVESTA,2020,11,19,14,12.6,48,7,1.9,4.46,7.5,23.9,0,984,325,2.3,6.3,285,703,72,50,50,650,453,309,38,23,96
GVESTA,2020,11,19,15,11.6,46.7,6.4,0.6,4.07,6.6,21.9,0,985,347,2,5.5,139,410,54,34,34,338,330,313,45,23,96
GVESTA,2020,11,19,16,11,44.9,5.9,-0.5,3.74,5.9,20.5,0,985.9,319,2.1,7.1,30,103,21,12,12,74,98,311,44,23,96
GVESTA,2020,11,19,17,10,48,5.9,-0.5,3.74,5.4,19.5,0,986.9,330,2.2,6.9,0,0,0,0,0,0,0,308,55,23,96
GVESTA,2020,11,19,18,9.2,52.5,6.1,0,3.87,5.1,19,0,987,331,1.3,3.4,0,0,0,0,0,0,0,317,68,23,96
GVESTA,2020,11,19,19,8.1,61.3,6.6,1.1,4.19,5,18.7,0,987.3,211,1,2.9,0,0,0,0,0,0,0,333,88,23,96
GVESTA,2020,11,19,20,8.4,62.7,6.9,1.7,4.38,5.4,19.4,0,987.4,320,1.3,2.8,0,0,0,0,0,0,0,332,100,23,96
GVESTA,2020,11,19,21,8.3,73.2,8,3.8,5.08,6.2,21.1,0.1,987.6,288,1.2,3.4,0,0,0,0,0,0,0,331,100,23,96
GVESTA,2020,11,19,22,7.8,76.3,8.1,3.9,5.15,5.9,20.8,0,987.1,315,0.8,2.4,0,0,0,0,0,0,0,326,94,23,96
GVESTA,2020,11,19,23,5.9,81.6,7.6,3,4.83,4.6,18,0,986.5,241,1.3,3.2,0,0,0,0,0,0,0,300,45,23,96
GVESTA,2020,11,20,0,5.5,83.9,7.6,3,4.83,4.4,17.6,0,986.1,220,1.6,3.9,0,0,0,0,0,0,0,298,41,23,96
GVESTA,2020,11,20,1,5.4,82.7,7.4,2.7,4.7,4.2,17.2,0,986.4,248,1.5,3.6,0,0,0,0,0,0,0,317,90,23,96
GVESTA,2020,11,20,2,5.6,84.5,7.7,3.2,4.89,4.5,17.9,0,986.7,6,1.5,3,0,0,0,0,0,0,0,324,100,23,96
GVESTA,2020,11,20,3,6.1,82.8,7.8,3.4,4.96,4.9,18.6,0,986.6,307,1,2.5,0,0,0,0,0,0,0,315,75,23,96
GVESTA,2020,11,20,4,6.1,84,7.9,3.6,5.02,4.9,18.7,0,986.6,270,0.8,1.7,0,0,0,0,0,0,0,324,100,23,96
GVESTA,2020,11,20,5,5.5,85.1,7.7,3.2,4.89,4.4,17.8,0,986.4,281,1,2,0,0,0,0,0,0,0,321,94,23,96
GVESTA,2020,11,20,6,5.3,84.5,7.5,2.9,4.77,4.2,17.3,0,986.3,243,1.1,1.9,0,0,0,0,0,0,0,303,56,23,96
GVESTA,2020,11,20,7,5.1,84.5,7.4,2.7,4.7,4,16.9,0,986.3,279,0.8,2.2,0,0,0,0,0,0,0,307,65,23,96
GVESTA,2020,11,20,8,5.8,80.4,7.4,2.7,4.7,4.4,17.6,0,986.4,360,1.2,4.4,33,48,30,18,57,45,17,318,73,23,96
GVESTA,2020,11,20,9,8,71.7,7.7,3.2,4.89,5.8,20.3,0,986.7,19,3.5,8.3,182,411,72,46,309,381,46,308,74,23,96
GVESTA,2020,11,20,10,8.5,69.3,7.7,3.2,4.89,6,20.8,0,987.1,24,3.8,9.7,79,8,76,45,50,52,45,330,100,23,96
GVESTA,2020,11,20,11,8.6,68.8,7.7,3.2,4.89,6.1,20.9,0,986.8,48,6.7,12.2,109,13,104,62,64,74,61,320,94,23,96
GVESTA,2020,11,20,12,9,62.8,7.2,2.3,4.57,5.9,20.5,0,986.6,44,7.4,12.5,178,188,102,63,63,247,104,311,78,23,96
GVESTA,2020,11,20,13,9.2,60.2,7,1.9,4.45,5.8,20.4,0,986.4,41,7.4,12.2,230,178,164,95,94,272,175,296,60,23,96
GVESTA,2020,11,20,14,9.9,57.5,7,1.9,4.45,6.2,21.1,0,986.5,42,7.9,12,285,678,83,53,54,637,447,295,41,23,96
GVESTA,2020,11,20,15,9.4,56.9,6.7,1.3,4.25,5.7,20.1,0,986.6,41,7.8,12.7,174,579,61,37,37,465,465,285,36,23,96
GVESTA,2020,11,20,16,8.6,60.9,6.8,1.5,4.32,5.4,19.5,0,986.9,32,6,10.7,37,211,17,10,10,139,186,310,44,23,96
GVESTA,2020,11,20,17,7.8,63.4,6.7,1.3,4.25,4.9,18.5,0,987,25,5.7,11.7,0,0,0,0,0,0,0,310,30,23,96
GVESTA,2020,11,20,18,7.2,62.8,6.4,0.6,4.06,4.3,17.4,0,987.5,24,5.7,10,0,0,0,0,0,0,0,299,13,23,96
GVESTA,2020,11,20,19,7.4,58.5,6,-0.2,3.8,4.1,17,0,987.7,24,5.3,11,0,0,0,0,0,0,0,293,6,23,96
GVESTA,2020,11,20,20,6.9,60.5,6,-0.2,3.8,3.9,16.5,0,988,27,5.8,12.2,0,0,0,0,0,0,0,293,39,23,96
GVESTA,2020,11,20,21,6.1,61.7,5.8,-0.7,3.67,3.3,15.3,0,987.8,22,5.7,9.9,0,0,0,0,0,0,0,281,23,23,96
GVESTA,2020,11,20,22,5.8,60.7,5.6,-1.2,3.55,2.9,14.7,0,987.8,18,4.3,8.4,0,0,0,0,0,0,0,269,0,23,96
GVESTA,2020,11,20,23,6,59.8,5.6,-1.2,3.55,3,14.9,0,987.8,17,4.3,9.4,0,0,0,0,0,0,0,276,0,23,96
GVESTA,2020,11,21,0,5.8,60.7,5.6,-1.2,3.55,2.9,14.7,0,987.8,21,4.6,9.8,0,0,0,0,0,0,0,269,6,23,96
GVESTA,2020,11,21,1,5.4,61.5,5.5,-1.4,3.48,2.6,14.2,0,988.1,22,4.6,8.9,0,0,0,0,0,0,0,249,20,24,96
GVESTA,2020,11,21,2,5.1,62.8,5.5,-1.4,3.48,2.5,13.9,0,987.9,20,4.2,7.9,0,0,0,0,0,0,0,252,35,24,96
GVESTA,2020,11,21,3,4.5,65.5,5.5,-1.4,3.48,2.1,13.2,0,987.6,3,2.2,5.5,0,0,0,0,0,0,0,256,50,24,96
GVESTA,2020,11,21,4,4.6,66,5.6,-1.2,3.55,2.2,13.5,0,987.8,23,3.4,6.8,0,0,0,0,0,0,0,255,58,24,96
GVESTA,2020,11,21,5,4.9,69.5,6,-0.2,3.8,2.8,14.4,0,988.2,42,3.2,7.7,0,0,0,0,0,0,0,255,65,24,96
GVESTA,2020,11,21,6,4.4,74.1,6.2,0.2,3.93,2.6,14.3,0,988.1,51,4.7,8.1,0,0,0,0,0,0,0,247,43,24,96
GVESTA,2020,11,21,7,4.4,73,6.1,0,3.86,2.6,14.1,0,988.2,13,2.3,4.5,0,0,0,0,0,0,0,264,88,24,96
GVESTA,2020,11,21,8,3.5,73.9,5.8,-0.7,3.67,1.8,12.7,0,988.3,16,2.3,5.8,65,185,42,24,175,146,24,273,74,24,96
GVESTA,2020,11,21,9,4.9,70.5,6.1,0,3.86,2.8,14.6,0,988.3,41,4.5,10.2,166,297,91,55,255,297,54,279,48,24,96
GVESTA,2020,11,21,10,5.2,69.1,6.1,0,3.86,3,14.9,0,988.5,60,5.7,9.2,330,692,96,63,398,697,63,290,50,24,96
GVESTA,2020,11,21,11,6.1,66.8,6.3,0.4,3.99,3.6,16.1,0,988.1,56,4.3,7.4,399,813,82,64,272,845,65,293,33,24,96
GVESTA,2020,11,21,12,6.8,61.8,6.1,0,3.87,3.9,16.5,0,987.7,51,4.1,8.5,393,708,107,77,99,771,141,289,48,24,96
GVESTA,2020,11,21,13,7.2,61,6.2,0.2,3.93,4.2,17.1,0,987.4,51,4.3,6.8,365,736,91,63,64,764,329,287,40,24,96
GVESTA,2020,11,21,14,7.5,56,5.8,-0.7,3.68,4,16.8,0,987,33,3.6,6.4,281,675,79,53,53,638,440,285,43,24,96
GVESTA,2020,11,21,15,7.7,54.4,5.7,-0.9,3.61,4,16.8,0,986.5,27,3,4.9,160,514,64,38,38,416,424,296,35,24,96
GVESTA,2020,11,21,16,7.3,57.6,5.9,-0.5,3.74,4,16.7,0,986.3,20,2.1,3.8,35,196,17,10,10,130,173,283,25,24,96
GVESTA,2020,11,21,17,5.6,64.8,5.9,-0.5,3.74,3,15,0,986.5,336,1.3,2.2,0,0,0,0,0,0,0,290,39,24,96
GVESTA,2020,11,21,18,5.2,64.7,5.7,-0.9,3.61,2.7,14.3,0,986.5,286,0.9,2.8,0,0,0,0,0,0,0,276,0,24,96
GVESTA,2020,11,21,19,3.8,68.8,5.5,-1.4,3.49,1.7,12.5,0,986.7,270,0.7,3.3,0,0,0,0,0,0,0,268,0,24,96
GVESTA,2020,11,21,20,3.3,69.7,5.4,-1.7,3.42,1.3,11.9,0,986.9,247,0.7,1.3,0,0,0,0,0,0,0,280,6,24,96
GVESTA,2020,11,21,21,2.3,72.1,5.2,-2.2,3.3,0.6,10.5,0,986.8,277,0.9,1.3,0,0,0,0,0,0,0,279,0,24,96
GVESTA,2020,11,21,22,2,71,5,-2.7,3.17,0.2,9.9,0,986.7,254,0.8,2.8,0,0,0,0,0,0,0,271,0,24,96
GVESTA,2020,11,21,23,1.4,72.5,4.9,-3,3.11,-0.2,9.2,0,986.4,225,0.6,1.2,0,0,0,0,0,0,0,272,13,24,96
GVESTA,2020,11,22,0,0.7,74.5,4.8,-3.3,3.04,-0.8,8.3,0,986.3,257,1,1.8,0,0,0,0,0,0,0,290,65,24,96
GVESTA,2020,11,22,1,0.6,75.1,4.8,-3.3,3.04,-0.8,8.2,0,986.1,270,0.8,3.3,0,0,0,0,0,0,0,287,81,23,96
GVESTA,2020,11,22,2,0.5,75.6,4.8,-3.3,3.04,-0.9,8.1,0,986,259,0.6,2.8,0,0,0,0,0,0,0,288,81,23,96
GVESTA,2020,11,22,3,0.2,77.3,4.8,-3.3,3.04,-1.1,7.8,0,985.8,286,0.8,3.2,0,0,0,0,0,0,0,264,29,23,96
GVESTA,2020,11,22,4,0.1,77.8,4.8,-3.3,3.04,-1.1,7.7,0,985.6,281,0.6,3,0,0,0,0,0,0,0,259,13,23,96
GVESTA,2020,11,22,5,-0.3,78.4,4.7,-3.6,2.98,-1.5,7.1,0,985.8,256,0.9,1.6,0,0,0,0,0,0,0,267,30,23,96
GVESTA,2020,11,22,6,-0.7,80.7,4.7,-3.6,2.98,-1.7,6.7,0,985.9,264,0.9,1.4,0,0,0,0,0,0,0,256,10,23,96
GVESTA,2020,11,22,7,-0.7,80.7,4.7,-3.6,2.98,-1.7,6.7,0,985.7,252,0.9,2.4,0,0,0,0,0,0,0,262,13,23,96
GVESTA,2020,11,22,8,-0.4,80.7,4.8,-3.3,3.04,-1.4,7.2,0,986,254,0.8,1.9,68,244,36,21,216,185,21,284,55,23,96
GVESTA,2020,11,22,9,2.1,77.6,5.5,-1.4,3.49,0.7,10.8,0,985.6,256,0.9,3.4,214,661,58,40,483,560,40,284,29,23,96
GVESTA,2020,11,22,10,4,72.4,5.9,-0.5,3.75,2.2,13.4,0,985.4,243,0.8,3.5,328,783,71,53,433,753,54,288,36,23,96
GVESTA,2020,11,22,11,5.7,69.7,6.4,0.6,4.07,3.5,15.9,0,984.8,72,0.8,3.5,358,547,145,87,234,635,87,286,63,23,96
GVESTA,2020,11,22,12,6.5,67.4,6.5,0.9,4.14,4.1,16.9,0,984.1,79,0.8,2.3,402,790,86,65,87,840,149,256,29,23,96
GVESTA,2020,11,22,13,7.6,63.4,6.6,1.1,4.2,4.7,18.2,0,983.5,104,1.1,2.5,369,804,72,58,58,813,334,240,6,23,96
GVESTA,2020,11,22,14,8.3,60.4,6.6,1.1,4.2,5.1,18.9,0,983.1,83,1.8,3.6,292,788,58,46,46,718,481,250,16,23,96
GVESTA,2020,11,22,15,8.5,61.4,6.8,1.5,4.33,5.3,19.4,0,983,65,1.5,5.9,115,197,72,43,43,196,182,308,79,23,96
GVESTA,2020,11,22,16,8.1,65.8,7.1,2.1,4.53,5.4,19.5,0,983,68,1.1,2,8,2,8,5,5,6,6,319,94,23,96
GVESTA,2020,11,22,17,6.9,69.4,6.9,1.7,4.4,4.6,18,0,983.3,14,0.5,1.5,0,0,0,0,0,0,0,296,31,23,96
GVESTA,2020,11,22,18,5.5,72.2,6.5,0.9,4.14,3.5,15.9,0,983.6,309,0.7,1.5,0,0,0,0,0,0,0,281,6,23,96
GVESTA,2020,11,22,19,4.6,73.1,6.2,0.2,3.94,2.7,14.5,0,983.8,248,0.6,3.1,0,0,0,0,0,0,0,279,0,23,96
GVESTA,2020,11,22,20,3.2,75.5,5.8,-0.7,3.69,1.6,12.4,0,983.8,278,0.8,3.4,0,0,0,0,0,0,0,277,0,23,96
GVESTA,2020,11,22,21,2.8,76.6,5.7,-0.9,3.62,1.3,11.9,0,984.1,249,0.9,1.6,0,0,0,0,0,0,0,275,0,23,96
GVESTA,2020,11,22,22,1.9,77,5.4,-1.7,3.43,0.5,10.5,0,984.2,270,1,2.8,0,0,0,0,0,0,0,273,0,23,96
GVESTA,2020,11,22,23,1.5,78.1,5.3,-1.9,3.37,0.2,9.9,0,984.4,277,1,3.1,0,0,0,0,0,0,0,271,0,23,96
GVESTA,2020,11,23,0,1,79.1,5.2,-2.2,3.3,-0.2,9.2,0,984.7,247,0.9,1.9,0,0,0,0,0,0,0,269,10,23,96
GVESTA,2020,11,23,1,0.5,79.1,5,-2.7,3.17,-0.7,8.4,0,984.8,297,1,2,0,0,0,0,0,0,0,268,0,23,96
GVESTA,2020,11,23,2,0.6,78.5,5,-2.7,3.17,-0.6,8.5,0,984.8,252,0.7,2.8,0,0,0,0,0,0,0,268,0,23,96
GVESTA,2020,11,23,3,0,80.2,4.9,-3,3.11,-1.1,7.8,0,984.5,243,1.5,2.9,0,0,0,0,0,0,0,268,0,23,96
GVESTA,2020,11,23,4,-0.1,80.8,4.9,-3,3.11,-1.2,7.7,0,984.2,260,1.3,2.8,0,0,0,0,0,0,0,268,0,23,96
GVESTA,2020,11,23,5,-0.3,80.1,4.8,-3.3,3.05,-1.4,7.3,0,984.2,270,0.9,3.1,0,0,0,0,0,0,0,271,26,23,96
GVESTA,2020,11,23,6,-0.7,80.7,4.7,-3.6,2.98,-1.7,6.7,0,984.5,287,1.1,3.5,0,0,0,0,0,0,0,276,33,23,96
GVESTA,2020,11,23,7,-0.6,80.1,4.7,-3.6,2.98,-1.7,6.8,0,984.9,270,1,1.9,0,0,0,0,0,0,0,272,13,23,96
GVESTA,2020,11,23,8,0,82,5,-2.7,3.17,-1,7.9,0,985.1,278,0.8,3.5,51,124,32,20,116,106,19,296,59,23,96
GVESTA,2020,11,23,9,1.7,82.8,5.7,-0.9,3.62,0.7,10.8,0,985.1,261,0.8,3.1,217,667,64,40,492,568,40,289,16,23,96
GVESTA,2020,11,23,10,4.6,73.1,6.2,0.2,3.94,2.7,14.5,0,985,225,0.7,3.3,312,744,70,51,410,718,51,264,6,23,96
GVESTA,2020,11,23,11,6.6,67.9,6.6,1.1,4.2,4.2,17.2,0,984.7,135,0.7,2.5,373,754,84,61,257,790,61,253,25,23,96
GVESTA,2020,11,23,12,8.2,62.6,6.8,1.5,4.33,5.2,19.1,0,984.1,49,2.3,4.7,402,836,71,59,81,872,142,270,33,23,96
GVESTA,2020,11,23,13,9.2,62,7.2,2.3,4.59,6,20.8,0,983.5,27,2,5.3,324,580,112,71,71,627,280,296,53,23,96
GVESTA,2020,11,23,14,9.4,57.7,6.8,1.5,4.33,5.8,20.3,0,983.3,41,2,3.7,263,597,82,54,54,577,378,294,54,23,96
GVESTA,2020,11,23,15,9.6,60.3,7.2,2.3,4.59,6.2,21.2,0,983.1,32,2,3.2,94,166,58,33,33,165,152,315,78,23,96
GVESTA,2020,11,23,16,8.9,67.4,7.7,3.2,4.91,6.2,21.3,0,983.1,27,1.6,2.5,18,36,16,9,9,31,39,288,45,23,96
GVESTA,2020,11,23,17,7.1,73.5,7.4,2.7,4.72,5.1,19,0,983.4,342,1.1,1.9,0,0,0,0,0,0,0,291,33,23,96
GVESTA,2020,11,23,18,6.3,72.4,6.9,1.7,4.39,4.3,17.4,0,983.5,243,0.4,0.9,0,0,0,0,0,0,0,300,44,23,96
GVESTA,2020,11,23,19,5.4,75.9,6.8,1.5,4.33,3.7,16.3,0,983.7,288,0.7,1.4,0,0,0,0,0,0,0,289,13,23,96
GVESTA,2020,11,23,20,4.6,78,6.6,1.1,4.2,3.1,15.1,0,983.8,270,0.6,2.8,0,0,0,0,0,0,0,299,44,23,96
GVESTA,2020,11,23,21,3.7,80.1,6.4,0.6,4.07,2.4,13.9,0,983.9,240,0.8,2.9,0,0,0,0,0,0,0,294,45,23,96
GVESTA,2020,11,23,22,3.1,82.4,6.3,0.4,4.01,2,13.1,0,983.6,246,1.3,2.3,0,0,0,0,0,0,0,311,94,23,96
GVESTA,2020,11,23,23,2.8,81.8,6.1,0,3.88,1.7,12.5,0,983.5,277,0.8,1.8,0,0,0,0,0,0,0,284,28,23,96
GVESTA,2020,11,24,0,2.3,80.5,5.8,-0.7,3.69,1.1,11.5,0,983.6,249,0.9,2.8,0,0,0,0,0,0,0,269,10,23,96
GVESTA,2020,11,24,1,1.4,82.8,5.6,-1.2,3.56,0.4,10.3,0,983.3,262,0.8,2.7,0,0,0,0,0,0,0,307,100,23,96
GVESTA,2020,11,24,2,1.1,83.4,5.5,-1.4,3.5,0.1,9.8,0,982.8,248,1.1,3.4,0,0,0,0,0,0,0,304,100,23,96
GVESTA,2020,11,24,3,0.9,82.7,5.4,-1.7,3.44,-0.1,9.5,0,982.3,257,1,1.8,0,0,0,0,0,0,0,302,100,23,96
GVESTA,2020,11,24,4,0.5,82.1,5.2,-2.2,3.31,-0.5,8.8,0,981.8,270,0.6,3.5,0,0,0,0,0,0,0,299,100,23,96
GVESTA,2020,11,24,5,0.5,82.1,5.2,-2.2,3.31,-0.5,8.8,0,982,315,0.5,3.5,0,0,0,0,0,0,0,296,100,23,96
GVESTA,2020,11,24,6,0.4,82.7,5.2,-2.2,3.31,-0.6,8.7,0,981.9,248,0.7,2.8,0,0,0,0,0,0,0,299,100,23,96
GVESTA,2020,11,24,7,0.7,82.7,5.3,-1.9,3.38,-0.3,9.1,0,981.8,270,0.5,3.5,0,0,0,0,0,0,0,295,100,23,96
GVESTA,2020,11,24,8,1.5,85.3,5.8,-0.7,3.7,0.6,10.7,0,981.8,301,0.9,3.4,13,0,13,8,8,8,8,302,100,23,96
GVESTA,2020,11,24,9,3,84.2,6.4,0.6,4.08,2,13.2,0,981.8,270,0.8,3.5,32,0,32,19,19,19,19,303,100,23,96
GVESTA,2020,11,24,10,4.7,83.2,7.1,2.1,4.53,3.6,16.1,0,981.9,270,0.7,3.3,26,0,26,16,16,15,16,318,100,23,96
GVESTA,2020,11,24,11,6,79.3,7.4,2.7,4.73,4.5,17.9,0,981.2,201,1,1.9,31,0,31,18,18,18,18,325,100,23,96
GVESTA,2020,11,24,12,6.3,76.6,7.3,2.5,4.67,4.6,18,0,980.6,284,1.1,2.4,22,0,22,13,13,13,13,330,100,23,96
GVESTA,2020,11,24,13,6.5,74.5,7.2,2.3,4.6,4.6,18.1,0,979.9,210,1,2.6,88,29,78,46,46,74,60,323,90,23,96
GVESTA,2020,11,24,14,6.6,74,7.2,2.3,4.61,4.7,18.2,0,979.4,23,1.1,3,240,464,109,64,64,471,343,273,35,23,96
GVESTA,2020,11,24,15,7,72,7.2,2.3,4.61,4.9,18.6,0,978.8,5,1.2,3,165,627,50,32,32,496,488,249,60,23,96
GVESTA,2020,11,24,16,6.2,75,7.1,2.1,4.55,4.4,17.6,0,978.6,360,0.7,1.5,27,150,15,9,9,101,132,288,100,23,96
GVESTA,2020,11,24,17,4.3,80.8,6.7,1.3,4.29,3,15.1,0,978.7,354,1,2,0,0,0,0,0,0,0,322,100,23,96
GVESTA,2020,11,24,18,3.5,80.1,6.3,0.4,4.03,2.2,13.6,0,978.8,239,0.6,2.9,0,0,0,0,0,0,0,318,100,23,96
GVESTA,2020,11,24,19,2.7,81.2,6,-0.2,3.84,1.5,12.3,0,978.7,270,0.6,3,0,0,0,0,0,0,0,315,100,23,96
GVESTA,2020,11,24,20,2.1,82.9,5.9,-0.5,3.77,1.1,11.5,0,978.7,263,0.9,2.9,0,0,0,0,0,0,0,315,100,23,96
GVESTA,2020,11,24,21,1.7,84,5.8,-0.7,3.71,0.7,11,0,978.6,270,0.9,1.6,0,0,0,0,0,0,0,315,100,23,96
GVESTA,2020,11,24,22,3.3,81.2,6.3,0.4,4.03,2.1,13.4,0,978.5,243,0.9,3.3,0,0,0,0,0,0,0,314,100,23,96
GVESTA,2020,11,24,23,3.8,82.5,6.6,1.1,4.22,2.6,14.4,0,978.3,252,1,1.6,0,0,0,0,0,0,0,314,100,23,96
GVESTA,2020,11,25,0,4.6,81.4,6.9,1.7,4.42,3.3,15.7,0,978,243,0.7,3.3,0,0,0,0,0,0,0,313,100,23,96
GVESTA,2020,11,25,1,5.2,80.4,7.1,2.1,4.55,3.8,16.6,0,977.5,236,0.5,3.5,0,0,0,0,0,0,0,296,80,23,96
GVESTA,2020,11,25,2,5.2,81.5,7.2,2.3,4.62,3.9,16.8,0,977.3,292,0.6,3.5,0,0,0,0,0,0,0,299,100,23,96
GVESTA,2020,11,25,3,5.1,82.1,7.2,2.3,4.62,3.9,16.7,0,977,230,0.8,3.5,0,0,0,0,0,0,0,288,100,23,96
GVESTA,2020,11,25,4,4.9,83.2,7.2,2.3,4.62,3.7,16.5,0,977.1,301,0.8,3.5,0,0,0,0,0,0,0,286,88,23,96
GVESTA,2020,11,25,5,4.7,84.4,7.2,2.3,4.62,3.6,16.3,0,977.1,288,0.8,3.5,0,0,0,0,0,0,0,308,94,23,96
GVESTA,2020,11,25,6,4.7,83.2,7.1,2.1,4.55,3.6,16.1,0,977.2,225,0.9,3.2,0,0,0,0,0,0,0,301,94,23,96
GVESTA,2020,11,25,7,4.5,84.4,7.1,2.1,4.55,3.4,15.9,0,977.5,162,1,3.4,0,0,0,0,0,0,0,307,100,23,96
GVESTA,2020,11,25,8,4.1,86.8,7.1,2.1,4.55,3.2,15.5,0,977.7,294,1.1,3.5,24,5,24,15,19,17,14,314,100,23,96
GVESTA,2020,11,25,9,4.4,86.2,7.2,2.3,4.61,3.5,16,0,977.8,275,1.1,3,39,0,39,23,23,23,23,310,100,23,96
GVESTA,2020,11,25,10,4.7,83.2,7.1,2.1,4.55,3.6,16.1,0,978,194,0.8,3.5,37,0,37,22,22,22,22,326,100,23,96
GVESTA,2020,11,25,11,4.7,83.2,7.1,2.1,4.55,3.6,16.1,0,977.6,112,1.1,3.4,47,0,47,28,28,27,28,330,100,23,96
GVESTA,2020,11,25,12,5.2,81.5,7.2,2.3,4.62,3.9,16.8,0,977.1,117,0.9,3.1,125,5,123,74,74,77,73,334,100,23,96
GVESTA,2020,11,25,13,5.7,79.9,7.3,2.5,4.68,4.3,17.5,0,976.8,352,0.8,3.5,222,148,170,99,98,247,165,321,80,23,96
GVESTA,2020,11,25,14,5.9,78.8,7.3,2.5,4.68,4.4,17.7,0,976.5,18,1.1,3.1,193,239,128,75,75,285,223,291,58,23,96
GVESTA,2020,11,25,15,6.4,77.2,7.4,2.7,4.75,4.7,18.4,0,976.3,344,0.9,1.8,89,70,75,44,44,99,95,313,65,23,96
GVESTA,2020,11,25,16,6.3,79.4,7.6,3,4.88,4.8,18.6,0,976.6,4,1.5,3.3,19,61,15,9,9,45,59,329,84,23,96
GVESTA,2020,11,25,17,5.8,82.2,7.6,3,4.88,4.5,18.1,0,977.1,354,2,3.8,0,0,0,0,0,0,0,327,63,23,96
GVESTA,2020,11,25,18,5.6,82.7,7.5,2.9,4.81,4.4,17.7,0,977.6,344,1.6,3.1,0,0,0,0,0,0,0,325,100,23,96
GVESTA,2020,11,25,19,6,81,7.6,3,4.87,4.6,18.3,0,978,319,1.1,2.3,0,0,0,0,0,0,0,323,100,23,96
GVESTA,2020,11,25,20,6.7,78.3,7.7,3.2,4.94,5.1,19.1,0,978.1,323,0.7,1.6,0,0,0,0,0,0,0,322,100,23,96
GVESTA,2020,11,25,21,6.6,78.9,7.7,3.2,4.93,5,19,0,978.3,331,1.1,2.6,0,0,0,0,0,0,0,321,100,23,96
GVESTA,2020,11,25,22,6.8,76.7,7.6,3,4.87,5,19.1,0,978.4,321,0.7,2.3,0,0,0,0,0,0,0,320,100,23,96
GVESTA,2020,11,25,23,6.6,78.9,7.7,3.2,4.93,5,19,0,978.7,304,0.8,2.3,0,0,0,0,0,0,0,318,100,23,96
GVESTA,2020,11,26,0,6.5,79.4,7.7,3.2,4.93,5,18.9,0,979,323,0.8,1.6,0,0,0,0,0,0,0,317,100,23,96
GVESTA,2020,11,26,1,6.3,79.4,7.6,3,4.87,4.8,18.5,0,978.9,207,0.9,2.2,0,0,0,0,0,0,0,316,100,24,96
GVESTA,2020,11,26,2,6.3,79.4,7.6,3,4.87,4.8,18.5,0,979.1,27,0.8,1.7,0,0,0,0,0,0,0,316,100,24,96
GVESTA,2020,11,26,3,6.1,79.9,7.5,2.9,4.8,4.6,18.2,0,979.1,99,0.8,1.8,0,0,0,0,0,0,0,316,100,24,96
GVESTA,2020,11,26,4,6.4,78.8,7.6,3,4.87,4.8,18.6,0,979.2,34,0.4,1.1,0,0,0,0,0,0,0,315,100,24,96
GVESTA,2020,11,26,5,5.9,81,7.5,2.9,4.8,4.5,18,0,979.4,27,0.7,2.2,0,0,0,0,0,0,0,314,100,24,96
GVESTA,2020,11,26,6,5.8,81.6,7.5,2.9,4.8,4.5,17.9,0,979.5,82,1,2.7,0,0,0,0,0,0,0,313,100,24,96
GVESTA,2020,11,26,7,5.8,81.6,7.5,2.9,4.8,4.5,17.9,0,979.8,72,1,2.6,0,0,0,0,0,0,0,315,100,24,96
GVESTA,2020,11,26,8,5.6,82.7,7.5,2.9,4.8,4.4,17.7,0,979.9,110,1.2,2.8,12,0,12,8,7,7,7,319,100,24,96
GVESTA,2020,11,26,9,5.5,83.3,7.5,2.9,4.8,4.3,17.6,0,980.1,106,0.9,2.3,36,0,36,22,21,21,21,317,100,24,96
GVESTA,2020,11,26,10,5.7,82.2,7.5,2.9,4.8,4.4,17.8,0,980.2,360,0.7,1.7,22,0,22,13,13,13,13,328,100,24,96
GVESTA,2020,11,26,11,5.8,80.4,7.4,2.7,4.73,4.4,17.7,0,979.5,27,1.3,3.3,41,0,41,24,24,24,24,332,100,24,96
GVESTA,2020,11,26,12,6.1,78.8,7.4,2.7,4.74,4.6,18,0,979,360,1.1,2.6,41,0,41,24,24,24,24,336,100,24,96
GVESTA,2020,11,26,13,6.3,78.8,7.5,2.9,4.8,4.7,18.4,0,978.5,353,1.2,3,50,0,50,30,30,29,30,338,100,24,96
GVESTA,2020,11,26,14,6.6,76.1,7.4,2.7,4.74,4.8,18.5,0,977.9,53,1.2,3,62,0,62,38,37,37,37,331,100,24,96
GVESTA,2020,11,26,15,7.1,74.6,7.5,2.9,4.81,5.2,19.2,0,977.6,81,0.8,2.7,89,157,67,40,40,150,161,325,84,24,96
GVESTA,2020,11,26,16,7.2,74.1,7.5,2.9,4.81,5.2,19.3,0,977.4,72,0.4,1.1,32,175,18,10,10,120,154,331,100,24,96
GVESTA,2020,11,26,17,5.6,78.2,7.1,2.1,4.55,4,17,0,977.9,315,0.4,1.2,0,0,0,0,0,0,0,329,100,24,96
GVESTA,2020,11,26,18,5.6,81.6,7.4,2.7,4.74,4.3,17.5,0,977.9,353,1,3.4,0,0,0,0,0,0,0,327,100,24,96
GVESTA,2020,11,26,19,6.4,78.3,7.5,2.9,4.81,4.8,18.5,0,978,351,0.7,1.8,0,0,0,0,0,0,0,325,100,24,96
GVESTA,2020,11,26,20,6.5,78.3,7.6,3,4.87,4.9,18.8,0,978.2,360,0.8,2.1,0,0,0,0,0,0,0,324,100,24,96
GVESTA,2020,11,26,21,6.8,77.8,7.7,3.2,4.93,5.1,19.2,0,978.3,270,0.8,2,0,0,0,0,0,0,0,323,100,24,96
GVESTA,2020,11,26,22,6.7,78.3,7.7,3.2,4.93,5.1,19.1,0,978.4,286,0.9,1.9,0,0,0,0,0,0,0,322,100,24,96
GVESTA,2020,11,26,23,6.7,77.2,7.6,3,4.87,5,19,0,978.3,315,0.6,1.7,0,0,0,0,0,0,0,321,100,24,96
GVESTA,2020,11,27,0,6.3,80.5,7.7,3.2,4.94,4.9,18.7,0,978.1,90,0.8,1.9,0,0,0,0,0,0,0,320,100,24,96
GVESTA,2020,11,27,1,6,81,7.6,3,4.87,4.6,18.3,0,977.7,83,0.9,1.5,0,0,0,0,0,0,0,319,100,24,96
GVESTA,2020,11,27,2,6,81,7.6,3,4.87,4.6,18.3,0,977.6,67,0.8,1.2,0,0,0,0,0,0,0,319,100,24,96
GVESTA,2020,11,27,3,6.3,80.5,7.7,3.2,4.94,4.9,18.7,0,977.1,63,0.4,1.2,0,0,0,0,0,0,0,319,100,24,96
GVESTA,2020,11,27,4,6.1,81.6,7.7,3.2,4.94,4.8,18.5,0,976.8,360,0.7,1.6,0,0,0,0,0,0,0,319,100,24,96
GVESTA,2020,11,27,5,6.1,82.8,7.8,3.4,5.01,4.9,18.7,0,976.6,342,0.7,2.1,0,0,0,0,0,0,0,318,100,24,96
GVESTA,2020,11,27,6,5.8,84.5,7.8,3.4,5.01,4.7,18.4,0,976.7,285,1.2,2.1,0,0,0,0,0,0,0,318,100,24,96
GVESTA,2020,11,27,7,5.8,83.3,7.7,3.2,4.94,4.6,18.2,0,977,265,1.2,2.1,0,0,0,0,0,0,0,319,100,24,96
GVESTA,2020,11,27,8,5.8,82.2,7.6,3,4.88,4.5,18.1,0,977.1,291,1,2.3,20,40,18,11,43,35,10,322,94,24,96
GVESTA,2020,11,27,9,5.5,83.9,7.6,3,4.88,4.4,17.8,0,977,24,1.2,2.2,39,0,39,23,23,23,23,311,100,24,96
GVESTA,2020,11,27,10,5.6,83.3,7.6,3,4.88,4.4,17.9,0,976.9,56,0.9,3,28,0,28,17,17,16,17,329,100,24,96
GVESTA,2020,11,27,11,5.6,83.3,7.6,3,4.88,4.4,17.9,0,976.3,333,1,2.4,39,0,39,24,23,23,23,333,100,24,96
GVESTA,2020,11,27,12,6,81,7.6,3,4.88,4.6,18.3,0,975.7,292,0.8,2.3,37,0,37,23,22,22,22,336,100,24,96
GVESTA,2020,11,27,13,6.1,81.6,7.7,3.2,4.95,4.8,18.6,0,975.2,18,1,3,47,0,47,29,28,28,28,338,100,24,96
GVESTA,2020,11,27,14,6.2,79.9,7.6,3,4.89,4.7,18.5,0,974.8,9,1.4,3.1,33,0,33,20,20,20,20,336,100,24,96
GVESTA,2020,11,27,15,6.1,80.5,7.6,3,4.89,4.7,18.4,0,974.6,8,1.7,2.9,24,1,24,15,14,15,16,334,100,24,96
GVESTA,2020,11,27,16,6.5,79.4,7.7,3.2,4.95,5,19,0,974.7,353,1.1,2.9,18,55,14,9,9,42,53,332,100,24,96
GVESTA,2020,11,27,17,6.8,77.8,7.7,3.2,4.95,5.1,19.3,0,975,257,1,2.2,0,0,0,0,0,0,0,330,100,24,96
GVESTA,2020,11,27,18,7.3,76.2,7.8,3.4,5.02,5.5,19.9,0,975,270,0.6,1.7,0,0,0,0,0,0,0,328,100,24,96
GVESTA,2020,11,27,19,7.5,76.3,7.9,3.6,5.08,5.7,20.3,0,975,351,0.7,3.3,0,0,0,0,0,0,0,326,100,24,96
GVESTA,2020,11,27,20,6.9,78.4,7.8,3.4,5.02,5.3,19.5,0,974.9,40,1.6,3.7,0,0,0,0,0,0,0,324,100,24,96
GVESTA,2020,11,27,21,6.5,80.5,7.8,3.4,5.02,5.1,19.1,0,974.8,57,1.8,3.7,0,0,0,0,0,0,0,323,100,24,96
GVESTA,2020,11,27,22,6.4,82.3,7.9,3.6,5.08,5.1,19.2,0,974.5,81,1.5,3,0,0,0,0,0,0,0,321,100,24,96
GVESTA,2020,11,27,23,6.6,81.1,7.9,3.6,5.08,5.2,19.4,0,974.6,84,1,2.2,0,0,0,0,0,0,0,319,100,24,96
GVESTA,2020,11,28,0,6.6,81.1,7.9,3.6,5.08,5.2,19.4,0,974.4,27,1,1.9,0,0,0,0,0,0,0,318,100,24,96
GVESTA,2020,11,28,1,6.4,80,7.7,3.2,4.95,4.9,18.9,0,974.4,45,1.4,2.6,0,0,0,0,0,0,0,316,100,25,96
GVESTA,2020,11,28,2,6.1,80.5,7.6,3,4.89,4.7,18.4,0,974.3,33,1.7,3.2,0,0,0,0,0,0,0,316,100,25,96
GVESTA,2020,11,28,3,5.9,81,7.5,2.9,4.83,4.5,18,0,973.8,28,1.8,3.4,0,0,0,0,0,0,0,315,100,25,96
GVESTA,2020,11,28,4,5.5,81,7.3,2.5,4.7,4.2,17.3,0,973.3,13,2.2,4.2,0,0,0,0,0,0,0,315,100,25,96
GVESTA,2020,11,28,5,5.4,80.4,7.2,2.3,4.64,4,17.1,0,973.2,360,1.5,3.2,0,0,0,0,0,0,0,314,100,25,96
GVESTA,2020,11,28,6,5.6,80.4,7.3,2.5,4.7,4.2,17.4,0,972.8,4,1.5,3.6,0,0,0,0,0,0,0,314,100,25,96
GVESTA,2020,11,28,7,5.4,81.5,7.3,2.5,4.7,4.1,17.2,0,972.7,13,2.1,3.8,0,0,0,0,0,0,0,314,100,25,96
GVESTA,2020,11,28,8,5.1,82.1,7.2,2.3,4.64,3.9,16.8,0,972.8,8,2.1,4.5,6,0,6,4,4,4,4,318,100,25,96
GVESTA,2020,11,28,9,5.4,81.5,7.3,2.5,4.7,4.1,17.2,0,972.6,3,1.7,3.5,15,0,15,9,9,9,9,322,100,25,96
GVESTA,2020,11,28,10,5.3,83.3,7.4,2.7,4.77,4.1,17.3,0,972.6,40,2.8,5.4,47,3,46,28,29,31,28,316,94,25,96
GVESTA,2020,11,28,11,5.1,82.1,7.2,2.3,4.64,3.9,16.8,0,972.2,58,2.9,4.6,171,54,152,91,110,145,90,330,94,25,96
GVESTA,2020,11,28,12,5.4,80.4,7.2,2.3,4.64,4,17.1,0,971.5,35,2.6,4.7,135,23,126,76,75,99,79,334,94,25,96
GVESTA,2020,11,28,13,5.5,79.8,7.2,2.3,4.65,4.1,17.2,0,970.9,45,2.5,4.5,171,42,156,94,93,135,108,325,88,25,96
GVESTA,2020,11,28,14,5.7,79.9,7.3,2.5,4.72,4.3,17.6,0,970.3,29,3.1,5.6,50,0,50,30,30,29,30,328,94,25,96
GVESTA,2020,11,28,15,5.4,80.4,7.2,2.3,4.65,4,17.1,0,970.3,21,3.1,5.7,54,8,53,32,32,37,37,331,94,25,96
GVESTA,2020,11,28,16,5,81.5,7.1,2.1,4.58,3.7,16.5,0,970.9,35,3,5.2,25,136,14,8,8,94,118,329,94,25,96
GVESTA,2020,11,28,17,4.8,80.3,6.9,1.7,4.45,3.4,16,0,971.3,39,2.8,5.8,0,0,0,0,0,0,0,327,100,25,96
GVESTA,2020,11,28,18,4.4,81.4,6.8,1.5,4.38,3.1,15.4,0,971.6,39,3.5,6.4,0,0,0,0,0,0,0,324,100,25,96
GVESTA,2020,11,28,19,4.5,79.7,6.7,1.3,4.32,3.1,15.3,0,971.8,43,3.7,6.7,0,0,0,0,0,0,0,322,100,25,96
GVESTA,2020,11,28,20,4.2,79.1,6.5,0.9,4.19,2.8,14.7,0,972.1,41,4.2,7.9,0,0,0,0,0,0,0,320,100,25,96
GVESTA,2020,11,28,21,4.1,77.9,6.4,0.6,4.12,2.6,14.4,0,972.4,36,4.3,9.5,0,0,0,0,0,0,0,318,100,25,96
GVESTA,2020,11,28,22,4.6,75.2,6.4,0.6,4.12,2.9,14.9,0,972.5,14,2.1,4.6,0,0,0,0,0,0,0,316,100,25,96
GVESTA,2020,11,28,23,4.2,77.4,6.4,0.6,4.12,2.7,14.5,0,972.8,15,3.2,8.1,0,0,0,0,0,0,0,314,100,25,96
GVESTA,2020,11,29,0,3.9,76.8,6.2,0.2,3.99,2.4,13.9,0,972.8,15,3.1,6.3,0,0,0,0,0,0,0,311,100,25,96
GVESTA,2020,11,29,1,3.7,77.8,6.2,0.2,3.99,2.2,13.7,0,973,14,3.1,6.2,0,0,0,0,0,0,0,309,100,25,96
GVESTA,2020,11,29,2,3.5,79,6.2,0.2,3.99,2.1,13.5,0,973.3,14,3.2,6.2,0,0,0,0,0,0,0,308,100,25,96
GVESTA,2020,11,29,3,3.5,77.8,6.1,0,3.92,2.1,13.3,0,973.3,10,2.9,5.8,0,0,0,0,0,0,0,306,100,25,96
GVESTA,2020,11,29,4,3.4,79.5,6.2,0.2,3.99,2.1,13.4,0,973.2,12,3,6.5,0,0,0,0,0,0,0,305,100,25,96
GVESTA,2020,11,29,5,3.4,79.5,6.2,0.2,3.99,2.1,13.4,0,973.5,11,3.4,7.9,0,0,0,0,0,0,0,303,100,25,96
GVESTA,2020,11,29,6,3.3,81.2,6.3,0.4,4.05,2.1,13.5,0,973.9,13,4.1,8,0,0,0,0,0,0,0,301,100,25,96
GVESTA,2020,11,29,7,3.4,80.7,6.3,0.4,4.05,2.1,13.5,0,974.3,15,3.9,7.5,0,0,0,0,0,0,0,301,100,25,96
GVESTA,2020,11,29,8,3.5,80.1,6.3,0.4,4.04,2.2,13.6,0,975.1,12,3.9,8.3,18,82,13,8,75,58,8,305,100,25,96
GVESTA,2020,11,29,9,3.7,80.1,6.4,0.6,4.11,2.4,14,0,975.6,15,3.6,7.2,10,0,10,6,6,6,6,308,100,25,96
GVESTA,2020,11,29,10,4,78.5,6.4,0.6,4.11,2.6,14.3,0,975.8,14,3.4,7.2,15,0,15,9,9,9,9,312,100,25,96
GVESTA,2020,11,29,11,4.1,77.9,6.4,0.6,4.11,2.6,14.4,0,975.7,21,3.5,7.4,19,0,19,11,11,11,11,317,100,25,96
GVESTA,2020,11,29,12,4.1,76.8,6.3,0.4,4.04,2.5,14.2,0,975.6,22,3.6,6.9,19,0,19,12,12,12,12,321,100,25,96
GVESTA,2020,11,29,13,4.1,76.8,6.3,0.4,4.04,2.5,14.2,0,975.5,22,4.3,7.8,18,0,18,11,11,11,11,323,100,25,96
GVESTA,2020,11,29,14,4.1,76.8,6.3,0.4,4.04,2.5,14.2,0,975.9,23,4.1,8.4,14,0,14,8,8,8,8,320,100,25,96
GVESTA,2020,11,29,15,4.1,75.7,6.2,0.2,3.98,2.5,14.1,0,976.2,12,3.4,6.1,8,0,8,5,5,5,5,316,100,25,96
GVESTA,2020,11,29,16,3.8,76.2,6.1,0,3.91,2.2,13.6,0,976.7,12,3.5,7.3,7,22,6,4,4,17,22,313,100,25,96
GVESTA,2020,11,29,17,3.6,76.2,6,-0.2,3.84,2,13.2,0,977.1,12,3.6,7.1,0,0,0,0,0,0,0,309,100,25,96
GVESTA,2020,11,29,18,3.6,76.2,6,-0.2,3.84,2,13.2,0,977.5,10,3,6.7,0,0,0,0,0,0,0,305,100,25,96
GVESTA,2020,11,29,19,3.6,74.5,5.9,-0.5,3.78,1.9,13.1,0,977.8,6,2.8,6.4,0,0,0,0,0,0,0,302,100,25,96
GVESTA,2020,11,29,20,3.5,75,5.9,-0.5,3.77,1.9,13,0,978.1,7,2.6,5.4,0,0,0,0,0,0,0,299,100,25,96
GVESTA,2020,11,29,21,3.4,74.5,5.8,-0.7,3.71,1.7,12.7,0,978.2,9,2.7,5.4,0,0,0,0,0,0,0,297,100,25,96
GVESTA,2020,11,29,22,3.4,73.4,5.7,-0.9,3.64,1.7,12.5,0,978.7,12,2.5,4.7,0,0,0,0,0,0,0,294,100,25,96
GVESTA,2020,11,29,23,3.6,72.4,5.7,-0.9,3.64,1.8,12.7,0,978.9,360,1.8,3.8,0,0,0,0,0,0,0,291,100,25,96
GVESTA,2020,11,30,0,3.9,69.3,5.6,-1.2,3.58,1.8,12.9,0,978.8,360,1.2,2.8,0,0,0,0,0,0,0,289,100,25,96
GVESTA,2020,11,30,1,3.9,70.8,5.7,-0.9,3.64,2,13,0,978.7,360,1.3,2.8,0,0,0,0,0,0,0,286,100,25,97
GVESTA,2020,11,30,2,4.1,69.8,5.7,-0.9,3.64,2.1,13.2,0,979,6,1,3.5,0,0,0,0,0,0,0,284,100,25,97
GVESTA,2020,11,30,3,4.1,69.8,5.7,-0.9,3.64,2.1,13.2,0,978.9,24,1,3.5,0,0,0,0,0,0,0,282,100,25,97
GVESTA,2020,11,30,4,4,70.3,5.7,-0.9,3.64,2,13.1,0,979,6,1,3.4,0,0,0,0,0,0,0,280,100,25,97
GVESTA,2020,11,30,5,4.1,68.3,5.6,-1.2,3.58,2,13.1,0,979.4,27,1,3.5,0,0,0,0,0,0,0,278,100,25,97
GVESTA,2020,11,30,6,4.1,69.8,5.7,-0.9,3.64,2.1,13.2,0,979.6,6,0.9,3.5,0,0,0,0,0,0,0,276,100,25,97
GVESTA,2020,11,30,7,4.2,69.4,5.7,-0.9,3.64,2.1,13.3,0,980.1,66,1,2.1,0,0,0,0,0,0,0,277,100,25,97
GVESTA,2020,11,30,8,4.1,70.9,5.8,-0.7,3.7,2.1,13.4,0,980.8,22,1.1,3.3,3,0,3,2,2,2,2,280,100,25,97
GVESTA,2020,11,30,9,4.1,71.9,5.9,-0.5,3.76,2.2,13.5,0,981.2,40,1.1,4,10,0,10,6,6,6,6,284,100,25,97
GVESTA,2020,11,30,10,4.1,70.9,5.8,-0.7,3.7,2.1,13.4,0,981.6,14,1,3.5,15,0,15,9,9,9,9,288,100,25,97
GVESTA,2020,11,30,11,4.1,70.9,5.8,-0.7,3.7,2.1,13.4,0,981.2,37,1.2,4.1,19,0,19,11,11,11,11,292,100,25,97
GVESTA,2020,11,30,12,4,70.3,5.7,-0.9,3.64,2,13.1,0,980.9,48,1.7,4.4,20,0,20,12,12,12,12,296,100,25,97
GVESTA,2020,11,30,13,4.1,69.8,5.7,-0.9,3.64,2.1,13.2,0,980.9,90,1.2,3.6,18,0,18,11,11,11,11,297,100,25,97
GVESTA,2020,11,30,14,4.4,68.4,5.7,-0.9,3.64,2.2,13.5,0,980.7,252,0.7,3.5,14,0,14,8,8,8,8,293,100,25,97
GVESTA,2020,11,30,15,4.7,68,5.8,-0.7,3.7,2.5,14,0,980.9,7,0.9,3.5,8,0,8,5,5,5,5,289,100,25,97
GVESTA,2020,11,30,16,4.8,67.1,5.7,-0.8,3.66,2.5,13.9,0,980.9,61,1.2,3.3,8,29,6,4,4,21,28,285,100,25,97
GVESTA,2020,11,30,17,4.8,66.8,5.7,-0.8,3.66,2.5,14,0,981,288,0.5,3.5,0,0,0,0,0,0,0,282,100,25,97
GVESTA,2020,11,30,18,4.7,67.5,5.8,-0.8,3.68,2.5,13.9,0,981,360,0.9,2.1,0,0,0,0,0,0,0,278,100,25,97
GVESTA,2020,11,30,19,4.7,67.6,5.7,-0.8,3.67,2.4,13.9,0,981,321,0.9,3.5,0,0,0,0,0,0,0,278,100,25,97
GVESTA,2020,11,30,20,4.6,68.4,5.8,-0.8,3.68,2.4,13.8,0,980.9,9,1.3,3.2,0,0,0,0,0,0,0,283,100,25,97
GVESTA,2020,11,30,21,4.4,70,5.9,-0.6,3.73,2.4,13.8,0,981,9,0.7,3.5,0,0,0,0,0,0,0,287,100,25,97
GVESTA,2020,11,30,22,4.2,71.5,5.9,-0.5,3.76,2.3,13.7,0,980.9,360,0.8,3.5,0,0,0,0,0,0,0,291,100,25,97
GVESTA,2020,11,30,23,4,73.9,6,-0.3,3.83,2.3,13.6,0,981,270,0.8,3.5,0,0,0,0,0,0,0,294,100,25,97
GVESTA,2011,12,1,0,3.8,76.2,6.1,-0.1,3.88,2.2,13.5,0,981.1,248,0.6,1.5,0,0,0,0,0,0,0,304,0,26,97
GVESTA,2011,12,1,1,3.5,78.7,6.1,0.1,3.92,2.1,13.3,0,981.2,256,0.9,1.7,0,0,0,0,0,0,0,312,51,26,97
GVESTA,2011,12,1,2,3.2,80.6,6.2,0.2,3.96,2,13.2,0,981.2,286,0.7,1.5,0,0,0,0,0,0,0,315,78,26,97
GVESTA,2011,12,1,3,3.1,82.5,6.3,0.4,4.01,2,13.1,0,981.3,229,1,1.7,0,0,0,0,0,0,0,310,61,26,97
GVESTA,2011,12,1,4,2.8,83.9,6.3,0.3,4,1.8,12.8,0,981.3,287,1.1,2.2,0,0,0,0,0,0,0,319,88,26,97
GVESTA,2011,12,1,5,3,84.1,6.4,0.6,4.08,2,13.3,0,981.3,254,0.8,1.7,0,0,0,0,0,0,0,311,74,26,97
GVESTA,2011,12,1,6,3.2,84.6,6.5,0.9,4.16,2.3,13.6,0,981.3,259,1.2,2.3,0,0,0,0,0,0,0,325,94,26,97
GVESTA,2011,12,1,7,4.3,83.5,6.9,1.7,4.42,3.2,15.4,0,981.4,270,1.2,2.2,34,80,24,15,77,71,15,311,78,26,97
GVESTA,2011,12,1,8,5.5,83.3,7.5,2.9,4.79,4.3,17.5,0,981.3,207,1.1,3.1,130,259,83,50,237,251,50,314,71,26,97
GVESTA,2011,12,1,9,8.2,76.4,8.3,4.3,5.31,6.3,21.6,0,981.3,360,0.8,1.6,293,671,91,60,397,678,60,329,59,26,97
GVESTA,2011,12,1,10,9.8,69.5,8.4,4.5,5.38,7.2,23.4,0,980.3,45,0.8,3.3,340,633,114,73,265,705,74,290,43,26,97
GVESTA,2011,12,1,11,11.9,60.5,8.4,4.5,5.38,8.2,25.5,0,979.2,270,1.6,6.4,373,703,111,74,96,785,155,288,40,26,97
GVESTA,2011,12,1,12,13.7,51.2,8,3.8,5.13,8.8,26.7,0,978,234,5.5,10.2,314,590,111,71,72,649,283,308,48,26,97
GVESTA,2011,12,1,13,14.6,48.6,8.1,3.9,5.2,9.2,27.8,0,977.3,237,4.8,10.2,213,411,100,64,64,428,290,315,60,26,97
GVESTA,2011,12,1,14,14.2,49.9,8.1,3.9,5.2,9,27.4,0,977,214,5.1,8.5,147,525,56,35,36,435,412,328,45,26,97
GVESTA,2011,12,1,15,13.5,52.9,8.2,4.1,5.27,8.8,26.9,0,976.5,217,3.6,6.9,25,121,16,10,10,87,108,324,44,26,97
GVESTA,2011,12,1,16,12,57.6,8.1,3.9,5.2,8,25.2,0,976.1,234,2.9,5.2,0,0,0,0,0,0,0,295,33,26,97
GVESTA,2011,12,1,17,12.3,56.5,8.1,3.9,5.21,8.1,25.5,0,976,225,2.6,5.5,0,0,0,0,0,0,0,292,25,26,97
GVESTA,2011,12,1,18,11.5,59.5,8.1,3.9,5.21,7.8,24.7,0,975.7,227,2.4,6.7,0,0,0,0,0,0,0,311,56,26,97
GVESTA,2011,12,1,19,11.5,63.4,8.6,4.8,5.53,8.1,25.5,0,975.5,210,3.5,6.8,0,0,0,0,0,0,0,306,50,26,97
GVESTA,2011,12,1,20,10.8,67.8,8.8,5.1,5.67,7.9,25.1,0,974.9,203,1.7,5.4,0,0,0,0,0,0,0,321,94,26,97
GVESTA,2011,12,1,21,9.3,77.1,9,5.5,5.8,7.4,23.9,0,974.4,224,3.4,7.2,0,0,0,0,0,0,0,335,94,26,97
GVESTA,2011,12,1,22,9,73.9,8.5,4.6,5.48,6.9,22.8,0,973.7,228,4.8,9.4,0,0,0,0,0,0,0,330,94,26,97
GVESTA,2011,12,1,23,10.6,63.2,8.1,3.9,5.22,7.3,23.8,0,973.3,234,5.7,9.4,0,0,0,0,0,0,0,302,81,26,97
GVESTA,2011,12,2,0,11.3,56.2,7.5,2.9,4.83,7.3,23.5,0,972.7,219,3.9,7.6,0,0,0,0,0,0,0,278,48,25,97
GVESTA,2011,12,2,1,9,64.6,7.4,2.7,4.77,6.1,21,0,972.2,263,2.6,5.4,0,0,0,0,0,0,0,301,60,25,97
GVESTA,2011,12,2,2,8,68.2,7.3,2.5,4.71,5.5,19.9,0,971.8,236,1.2,3.4,0,0,0,0,0,0,0,312,69,25,97
GVESTA,2011,12,2,3,7.2,70,7.1,2.1,4.58,4.9,18.7,0,971.3,243,0.5,1.7,0,0,0,0,0,0,0,305,70,25,97
GVESTA,2011,12,2,4,6.4,71.9,6.9,1.7,4.45,4.3,17.6,0,970.7,146,0.5,3.1,0,0,0,0,0,0,0,305,49,25,97
GVESTA,2011,12,2,5,5.9,74.4,6.9,1.7,4.45,4,17.1,0,970.6,31,1.2,2.5,0,0,0,0,0,0,0,295,54,25,97
GVESTA,2011,12,2,6,6.6,72.9,7.1,2.1,4.58,4.6,18.1,0,970.5,27,1.1,2.6,0,0,0,0,0,0,0,332,100,25,97
GVESTA,2011,12,2,7,7.6,71.1,7.4,2.7,4.78,5.3,19.6,0,971,45,1.1,3.5,2,0,2,1,1,1,1,336,100,25,97
GVESTA,2011,12,2,8,10.5,61.4,7.8,3.4,5.04,7.1,23.2,0,971.2,177,2.3,7.9,19,0,19,12,12,12,12,339,100,25,97
GVESTA,2011,12,2,9,13.2,56.7,8.6,4.8,5.56,8.9,27.3,0,971.5,176,4.6,7.8,109,22,102,62,72,82,61,342,100,25,97
GVESTA,2011,12,2,10,14.3,58.2,9.5,6.2,6.14,10,29.9,0,971.4,185,4.4,9.5,208,253,117,70,145,327,70,316,74,25,97
GVESTA,2011,12,2,11,15.6,57.7,10.2,7.3,6.6,11.1,32.4,0,970.9,185,5.8,10.2,204,203,129,78,77,287,104,334,68,25,97
GVESTA,2011,12,2,12,15.9,57.8,10.4,7.6,6.74,11.4,33,0,970.5,187,5.8,10.2,183,104,148,88,88,193,131,338,71,25,97
GVESTA,2011,12,2,13,15.3,60.5,10.5,7.7,6.8,11.2,32.6,0,970.3,181,5.3,8.7,90,33,81,49,48,79,67,333,94,25,97
GVESTA,2011,12,2,14,15.2,61.3,10.6,7.8,6.87,11.2,32.6,0,970.6,196,4.3,8.9,37,15,34,21,21,32,31,348,100,25,97
GVESTA,2011,12,2,15,14.7,63.3,10.6,7.8,6.87,10.9,32.1,0,970.9,207,3.1,5.8,3,0,3,2,2,2,2,343,100,25,97
GVESTA,2011,12,2,16,13.3,72.7,11.1,8.5,7.19,10.7,31.5,1,971.6,232,3.6,6.4,0,0,0,0,0,0,0,346,100,25,97
GVESTA,2011,12,2,17,11.5,78,10.6,7.8,6.86,9.5,28.8,0.5,972.2,221,3.8,7,0,0,0,0,0,0,0,341,94,25,97
GVESTA,2011,12,2,18,11.1,81.2,10.7,8,6.92,9.4,28.6,0.3,973.1,182,2.3,6.3,0,0,0,0,0,0,0,343,100,25,97
GVESTA,2011,12,2,19,10.9,77.4,10.1,7.1,6.52,8.9,27.4,0.4,973.8,252,1.5,3.9,0,0,0,0,0,0,0,342,100,25,97
GVESTA,2011,12,2,20,10.2,85,10.6,7.8,6.84,8.9,27.5,0.6,974.8,85,1.4,4.2,0,0,0,0,0,0,0,341,100,25,97
GVESTA,2011,12,2,21,9.9,85.6,10.4,7.6,6.7,8.7,26.8,0.1,975.4,7,1,2.7,0,0,0,0,0,0,0,340,100,25,97
GVESTA,2011,12,2,22,10,83.9,10.3,7.4,6.63,8.6,26.8,0.4,976.1,239,0.8,2.6,0,0,0,0,0,0,0,339,100,25,97
GVESTA,2011,12,2,23,9.6,83.8,10,7,6.44,8.3,25.9,0.3,975.8,214,1,3.2,0,0,0,0,0,0,0,338,100,25,97
GVESTA,2011,12,3,0,9,85.5,9.8,6.7,6.31,7.8,24.9,0,976.1,248,1.8,3.1,0,0,0,0,0,0,0,337,100,25,97
GVESTA,2011,12,3,1,8.8,84.9,9.6,6.4,6.18,7.6,24.4,0.1,976,235,1.7,3.5,0,0,0,0,0,0,0,337,100,25,97
GVESTA,2011,12,3,2,8.5,85.4,9.5,6.2,6.12,7.3,23.9,0,975.7,236,2,5.2,0,0,0,0,0,0,0,336,94,25,97
GVESTA,2011,12,3,3,8.8,82,9.3,5.9,5.99,7.3,23.9,0,975.7,241,1.9,4.9,0,0,0,0,0,0,0,335,100,25,97
GVESTA,2011,12,3,4,8.6,83.1,9.3,5.9,5.99,7.2,23.7,0,975.7,238,2.5,5.3,0,0,0,0,0,0,0,330,100,25,97
GVESTA,2011,12,3,5,8.3,81.4,8.9,5.3,5.73,6.8,22.7,0,975.7,215,4.2,7.2,0,0,0,0,0,0,0,321,78,25,97
GVESTA,2011,12,3,6,8,75.3,8.1,3.9,5.21,6,21.1,0,975.9,217,3.9,6.3,0,0,0,0,0,0,0,333,94,25,97
GVESTA,2011,12,3,7,8.2,66.3,7.2,2.3,4.62,5.5,19.9,0,976.1,211,5.1,9.6,2,0,2,1,1,1,1,334,100,25,97
GVESTA,2011,12,3,8,8.4,68.8,7.6,3,4.88,5.9,20.7,0,976.6,195,4.6,8.2,50,7,49,30,34,35,29,334,100,25,97
GVESTA,2011,12,3,9,8.8,69.8,7.9,3.6,5.07,6.3,21.6,0,976.7,197,5.1,10.4,95,6,93,56,59,60,56,334,100,25,97
GVESTA,2011,12,3,10,9.1,69.4,8,3.8,5.14,6.6,22.1,0,976.5,202,6.1,9.2,77,0,77,47,46,46,46,335,100,25,97
GVESTA,2011,12,3,11,9.2,64.7,7.5,2.9,4.82,6.2,21.4,0,976,207,6.2,10.3,42,0,42,25,25,25,25,335,100,25,97
GVESTA,2011,12,3,12,9.3,60.7,7.1,2.1,4.56,6,20.8,0,975.5,210,6.3,9.5,37,0,37,22,22,22,22,335,100,25,97
GVESTA,2011,12,3,13,9.3,59,6.9,1.7,4.43,5.8,20.5,0,975.1,211,5.9,9.6,21,0,21,12,12,12,12,334,100,25,97
GVESTA,2011,12,3,14,9.3,58.1,6.8,1.5,4.37,5.7,20.3,0,975.2,219,5.9,9,9,0,9,5,5,5,5,334,100,25,97
GVESTA,2011,12,3,15,8.8,64.6,7.3,2.5,4.69,5.9,20.6,0,975,227,4.9,8.7,1,0,1,1,1,1,1,333,100,25,97
GVESTA,2011,12,3,16,7.3,76.2,7.8,3.4,5.02,5.5,19.9,0.4,975,246,4.1,9.1,0,0,0,0,0,0,0,332,100,25,97
GVESTA,2011,12,3,17,6.5,78.3,7.6,3,4.89,4.9,18.8,1.1,974.7,258,4.2,8.1,0,0,0,0,0,0,0,332,100,25,97
GVESTA,2011,12,3,18,6,82.2,7.7,3.2,4.95,4.7,18.5,1.7,974.6,257,3.7,8.1,0,0,0,0,0,0,0,332,100,25,97
GVESTA,2011,12,3,19,5.9,84,7.8,3.4,5.02,4.7,18.5,1.6,974.1,262,3.6,7.1,0,0,0,0,0,0,0,332,100,25,97
GVESTA,2011,12,3,20,6.1,87,8.2,4.1,5.28,5.2,19.4,0.9,973.8,254,3.3,6.6,0,0,0,0,0,0,0,333,100,25,97
GVESTA,2011,12,3,21,6.7,85.8,8.4,4.5,5.41,5.6,20.3,0.6,973.5,256,3.3,6.8,0,0,0,0,0,0,0,334,100,25,97
GVESTA,2011,12,3,22,6.9,85.3,8.5,4.6,5.48,5.8,20.7,0.5,973.3,257,3.2,6.9,0,0,0,0,0,0,0,334,100,25,97
GVESTA,2011,12,3,23,7.1,86.5,8.7,5,5.61,6.1,21.2,0.7,973.1,250,3.2,7,0,0,0,0,0,0,0,335,100,25,97
GVESTA,2011,12,4,0,7.2,86.5,8.8,5.1,5.68,6.2,21.5,0.2,972.6,256,3.2,6.6,0,0,0,0,0,0,0,336,100,25,97
GVESTA,2011,12,4,1,7.5,87.1,9,5.5,5.81,6.5,22.1,0,972.3,254,3.3,6.2,0,0,0,0,0,0,0,336,100,25,97
GVESTA,2011,12,4,2,7.8,85.4,9,5.5,5.81,6.7,22.5,0.1,971.7,256,3.2,6.8,0,0,0,0,0,0,0,337,100,25,97
GVESTA,2011,12,4,3,7.8,86,9.1,5.6,5.88,6.7,22.6,0,971.4,252,3.9,8.3,0,0,0,0,0,0,0,338,100,25,97
GVESTA,2011,12,4,4,7.8,87.8,9.3,5.9,6.01,6.9,22.9,0,971.7,240,4.8,8,0,0,0,0,0,0,0,338,100,25,97
GVESTA,2011,12,4,5,7.9,88.4,9.4,6.1,6.08,7,23.2,0,971.7,225,4.7,7.2,0,0,0,0,0,0,0,339,100,25,97
GVESTA,2011,12,4,6,8.5,85.4,9.5,6.2,6.14,7.3,24,0,971.6,226,4.2,6.5,0,0,0,0,0,0,0,333,88,25,97
GVESTA,2011,12,4,7,8.6,86,9.6,6.4,6.21,7.5,24.3,0,971.8,222,4,6.3,2,0,2,1,1,1,1,342,100,25,97
GVESTA,2011,12,4,8,9.1,83.8,9.7,6.5,6.27,7.8,24.9,0,972.1,245,4.2,8.3,25,0,25,15,15,15,15,344,100,25,97
GVESTA,2011,12,4,9,9.4,84.9,10,7,6.47,8.2,25.7,0,972,238,5,8.4,99,36,88,53,70,87,52,345,100,25,97
GVESTA,2011,12,4,10,10.2,82.2,10.2,7.3,6.6,8.7,26.9,0,971.6,236,5.3,8.3,114,32,102,62,73,94,61,347,94,25,97
GVESTA,2011,12,4,11,10.6,80.6,10.3,7.4,6.67,8.9,27.5,0,971,236,6.4,9.8,133,16,127,77,77,92,79,345,94,25,97
GVESTA,2011,12,4,12,11.2,78.5,10.4,7.6,6.74,9.3,28.2,0,970.2,236,6.2,11,94,0,94,57,57,56,57,339,94,25,97
GVESTA,2011,12,4,13,11.3,80.1,10.7,8,6.94,9.5,28.9,0,969.7,233,5.3,9.2,137,227,77,48,48,248,175,350,74,25,97
GVESTA,2011,12,4,14,11.1,82.3,10.9,8.2,7.07,9.5,29,0.1,969.7,225,6.1,10.4,31,1,30,19,18,19,19,350,88,25,97
GVESTA,2011,12,4,15,11,80.6,10.6,7.8,6.88,9.3,28.4,0,968.9,232,5.6,9,2,0,2,1,1,1,1,350,100,25,97
GVESTA,2011,12,4,16,11.3,78.5,10.5,7.7,6.82,9.4,28.5,0,968.7,241,3.7,7,0,0,0,0,0,0,0,349,100,25,97
GVESTA,2011,12,4,17,11.2,79.6,10.6,7.8,6.89,9.4,28.6,0,967.9,249,3.9,7.5,0,0,0,0,0,0,0,349,100,25,97
GVESTA,2011,12,4,18,11.1,79.5,10.5,7.7,6.83,9.3,28.4,0,967,239,4.3,8.6,0,0,0,0,0,0,0,349,100,25,97
GVESTA,2011,12,4,19,11.2,76.9,10.2,7.3,6.64,9.1,28,0,966.2,239,5.8,10.7,0,0,0,0,0,0,0,350,100,25,97
GVESTA,2011,12,4,20,10.9,77.4,10.1,7.1,6.57,8.9,27.5,0.1,965.6,220,10.4,18.1,0,0,0,0,0,0,0,351,100,25,97
GVESTA,2011,12,4,21,10.4,83.3,10.5,7.7,6.84,9,27.7,0.5,965,220,10,14.7,0,0,0,0,0,0,0,351,100,25,97
GVESTA,2011,12,4,22,10.4,86.2,10.9,8.2,7.11,9.2,28.4,1.3,964.6,221,9.1,14.3,0,0,0,0,0,0,0,352,100,25,97
GVESTA,2011,12,4,23,10.2,89.2,11.1,8.5,7.25,9.3,28.5,1.4,963.7,214,9.1,13.7,0,0,0,0,0,0,0,352,100,25,97
GVESTA,2011,12,5,0,10.2,89.2,11.1,8.5,7.25,9.3,28.5,2.3,962.9,210,9.4,14.3,0,0,0,0,0,0,0,351,100,25,97
GVESTA,2011,12,5,1,10.3,88.6,11.1,8.5,7.26,9.3,28.6,1.2,962.7,217,9.2,15,0,0,0,0,0,0,0,349,100,25,97
GVESTA,2011,12,5,2,10.3,89.2,11.2,8.6,7.33,9.4,28.8,1.6,961.9,205,8.7,16.5,0,0,0,0,0,0,0,346,94,25,97
GVESTA,2011,12,5,3,10.5,86.8,11,8.4,7.2,9.4,28.7,1,961.7,201,8.3,15.9,0,0,0,0,0,0,0,343,94,25,97
GVESTA,2011,12,5,4,8.8,69.8,7.9,3.6,5.14,6.3,21.8,4.6,963.8,294,5.7,18.9,0,0,0,0,0,0,0,341,100,25,97
GVESTA,2011,12,5,5,9.4,58.6,6.9,1.7,4.48,5.9,20.7,0,965.2,272,4,17.9,0,0,0,0,0,0,0,338,94,25,97
GVESTA,2011,12,5,6,9.5,59.9,7.1,2.1,4.6,6.1,21.1,0,966.4,215,2.7,7,0,0,0,0,0,0,0,336,94,25,97
GVESTA,2011,12,5,7,9.3,56.5,6.6,1.1,4.27,5.6,20.1,0,967.6,250,3.7,8.3,32,80,23,14,77,69,14,326,94,25,97
GVESTA,2011,12,5,8,8.7,69.3,7.8,3.4,5.05,6.2,21.4,0.7,969.2,297,1.5,7.6,17,0,17,10,10,10,10,334,100,25,97
GVESTA,2011,12,5,9,7.6,75.8,7.9,3.6,5.11,5.7,20.5,0.2,969.9,230,2,5,83,17,78,47,55,63,47,334,100,25,97
GVESTA,2011,12,5,10,7.7,75.2,7.9,3.6,5.11,5.8,20.6,0,970.1,208,4,6.8,73,0,72,44,44,44,44,333,100,25,97
GVESTA,2011,12,5,11,8.5,68.3,7.6,3,4.91,5.9,20.9,0,970.3,226,2.8,6.3,186,55,166,100,105,157,103,332,100,25,97
GVESTA,2011,12,5,12,8.7,58.8,6.6,1.1,4.26,5.3,19.5,0,970.5,226,4.9,9.2,220,246,140,88,87,322,185,317,85,25,97
GVESTA,2011,12,5,13,9.2,51.7,6,-0.2,3.87,5.1,19,0,970.8,236,4.3,8.5,217,439,95,59,59,458,296,291,43,25,97
GVESTA,2011,12,5,14,8.8,46.9,5.3,-1.9,3.41,4.3,17.4,0,971.2,233,4.9,8.8,66,140,47,29,28,130,134,308,61,25,97
GVESTA,2011,12,5,15,7.8,50.2,5.3,-1.9,3.41,3.8,16.4,0,971.8,234,3.6,8.3,24,123,16,9,9,89,108,291,31,25,97
GVESTA,2011,12,5,16,7.1,54.7,5.5,-1.4,3.54,3.6,16,0,971.8,225,3.5,6.7,0,0,0,0,0,0,0,292,46,25,97
GVESTA,2011,12,5,17,7.2,52.3,5.3,-1.9,3.41,3.5,15.8,0,972.5,238,3,6.9,0,0,0,0,0,0,0,304,84,25,97
GVESTA,2011,12,5,18,6.5,57.8,5.6,-1.2,3.6,3.3,15.6,0,973,224,3.4,5.6,0,0,0,0,0,0,0,311,100,25,97
GVESTA,2011,12,5,19,6.3,58.6,5.6,-1.2,3.6,3.2,15.4,0,973,211,3.9,6.4,0,0,0,0,0,0,0,311,100,25,97
GVESTA,2011,12,5,20,6,65.3,6.1,0,3.92,3.4,15.9,0,973.1,232,4,7.2,0,0,0,0,0,0,0,311,100,25,97
GVESTA,2011,12,5,21,5.4,67.1,6,-0.2,3.86,3,15.1,0,972.5,233,3.8,5.9,0,0,0,0,0,0,0,297,65,25,97
GVESTA,2011,12,5,22,5.1,68.5,6,-0.2,3.86,2.9,14.8,0,972.2,234,3.4,6.9,0,0,0,0,0,0,0,311,100,25,97
GVESTA,2011,12,5,23,5.4,68.1,6.1,0,3.93,3.1,15.3,0,972.6,237,4.5,7.6,0,0,0,0,0,0,0,311,100,25,97
GVESTA,2011,12,6,0,5.6,66.2,6,-0.2,3.86,3.2,15.3,0,972.3,223,4.2,7.6,0,0,0,0,0,0,0,311,100,25,97
GVESTA,2011,12,6,1,5.5,67.6,6.1,0,3.93,3.2,15.4,0,972,235,3.7,7.4,0,0,0,0,0,0,0,310,100,25,97
GVESTA,2011,12,6,2,5.1,75.3,6.6,1.1,4.25,3.4,15.8,0.1,971.8,231,3.7,6.3,0,0,0,0,0,0,0,313,100,25,97
GVESTA,2011,12,6,3,4.7,80.9,6.9,1.7,4.45,3.4,15.9,0.2,971.8,230,3.9,7.8,0,0,0,0,0,0,0,314,100,25,97
GVESTA,2011,12,6,4,4.7,78.6,6.7,1.3,4.32,3.2,15.5,0,971.4,217,4,8.3,0,0,0,0,0,0,0,315,100,25,97
GVESTA,2011,12,6,5,4.8,78,6.7,1.3,4.32,3.3,15.6,0,971.6,230,5,8.7,0,0,0,0,0,0,0,316,100,25,97
GVESTA,2011,12,6,6,4.6,78,6.6,1.1,4.25,3.1,15.3,0.1,971.8,219,6.4,9.9,0,0,0,0,0,0,0,317,94,25,97
GVESTA,2011,12,6,7,4.5,79.7,6.7,1.3,4.32,3.1,15.3,0,972.2,219,7,11,2,0,2,1,1,1,1,318,100,25,97
GVESTA,2011,12,6,8,4.9,79.7,6.9,1.7,4.44,3.5,16.1,0.1,972.8,234,5.6,9.5,16,0,16,10,9,9,9,319,100,25,97
GVESTA,2011,12,6,9,5.1,82.1,7.2,2.3,4.64,3.9,16.7,0.2,973.2,228,5.9,8.9,93,9,90,55,58,62,54,321,100,25,97
GVESTA,2011,12,6,10,5.7,77.6,7.1,2.1,4.57,4.1,17.2,0,972.8,207,7.4,11,268,366,140,86,182,455,85,322,84,25,97
GVESTA,2011,12,6,11,7.1,70.5,7.1,2.1,4.57,4.8,18.6,0,972.7,203,7.3,13.2,210,122,165,98,109,227,111,320,81,25,97
GVESTA,2011,12,6,12,7.3,70.5,7.2,2.3,4.64,5,19,0,972.4,198,8.1,13.3,209,229,130,78,78,310,150,316,78,25,97
GVESTA,2011,12,6,13,6.8,75.1,7.4,2.7,4.77,4.9,18.8,0.1,972.4,194,7,11,82,4,81,49,49,52,51,324,100,25,97
GVESTA,2011,12,6,14,6.7,74.5,7.3,2.5,4.7,4.8,18.5,0,972.4,194,6.7,10.8,17,1,17,10,10,11,11,324,100,25,97
GVESTA,2011,12,6,15,6.6,76.1,7.4,2.7,4.77,4.8,18.6,0.5,973.1,203,5.7,9.4,5,0,5,3,3,3,3,324,100,25,97
GVESTA,2011,12,6,16,6.1,81.6,7.7,3.2,4.96,4.8,18.6,0.2,972.8,204,5.6,9.2,0,0,0,0,0,0,0,324,100,25,97
GVESTA,2011,12,6,17,6,80.5,7.5,2.9,4.83,4.6,18.1,0.1,973.6,203,6,10,0,0,0,0,0,0,0,324,100,25,97
GVESTA,2011,12,6,18,5.5,83.9,7.6,3,4.89,4.4,17.8,0.4,973.9,197,5.9,9.6,0,0,0,0,0,0,0,324,100,25,97
GVESTA,2011,12,6,19,5.4,83.9,7.5,2.9,4.83,4.3,17.5,0.3,974.2,197,6.1,9.2,0,0,0,0,0,0,0,324,100,25,97
GVESTA,2011,12,6,20,5.1,84.5,7.4,2.7,4.76,4,17.1,0.2,974.2,202,7.5,12.2,0,0,0,0,0,0,0,321,94,25,97
GVESTA,2011,12,6,21,5.4,80.4,7.2,2.3,4.63,4,17,0,974.9,204,5.9,10.1,0,0,0,0,0,0,0,319,88,25,97
GVESTA,2011,12,6,22,5.7,82.7,7.6,3,4.88,4.5,18,0.2,975.6,208,4.8,9.1,0,0,0,0,0,0,0,321,88,25,97
GVESTA,2011,12,6,23,6.2,79.4,7.5,2.9,4.82,4.7,18.3,0,975.3,207,4.2,8.4,0,0,0,0,0,0,0,324,100,25,97
GVESTA,2011,12,7,0,6.1,78.8,7.4,2.7,4.76,4.6,18.1,0,975.2,206,5.7,9.1,0,0,0,0,0,0,0,324,100,25,97
GVESTA,2011,12,7,1,6.2,79.4,7.5,2.9,4.82,4.7,18.3,0.2,974.7,200,5.5,9,0,0,0,0,0,0,0,325,100,25,97
GVESTA,2011,12,7,2,6.1,80.5,7.6,3,4.89,4.7,18.4,0.3,974.7,208,6.7,11.4,0,0,0,0,0,0,0,325,100,25,97
GVESTA,2011,12,7,3,6,82.2,7.7,3.2,4.95,4.7,18.5,0.2,974.6,206,6.6,11.6,0,0,0,0,0,0,0,326,100,25,97
GVESTA,2011,12,7,4,5.9,84,7.8,3.4,5.02,4.7,18.5,0.6,974.4,202,6.2,9.9,0,0,0,0,0,0,0,327,100,25,97
GVESTA,2011,12,7,5,5.8,83.3,7.7,3.2,4.95,4.6,18.3,1.1,974.4,210,7.3,11.5,0,0,0,0,0,0,0,327,100,25,97
GVESTA,2011,12,7,6,5.9,86.4,8,3.8,5.15,4.9,18.8,1.3,974.5,218,7,11.8,0,0,0,0,0,0,0,328,100,25,97
GVESTA,2011,12,7,7,6,86.4,8.1,3.9,5.21,5,19.1,2,974.6,217,7.3,12,3,0,3,2,2,2,2,329,100,25,97
GVESTA,2011,12,7,8,6.4,86.4,8.3,4.3,5.34,5.4,19.8,1.8,974.8,208,7.2,11.9,15,0,15,9,9,9,9,330,100,25,97
GVESTA,2011,12,7,9,7,85.9,8.6,4.8,5.53,5.9,20.9,1.2,975.3,214,7.6,11.9,16,0,16,9,9,9,9,331,100,25,97
GVESTA,2011,12,7,10,7.3,84.1,8.6,4.8,5.53,6.1,21.2,0.9,975.3,207,8,12.1,18,0,18,11,11,11,11,333,100,25,97
GVESTA,2011,12,7,11,7.9,82.4,8.8,5.1,5.66,6.5,22.2,0.7,975.3,209,7.9,13.7,21,0,21,13,13,13,13,334,100,25,97
GVESTA,2011,12,7,12,8,84.8,9.1,5.6,5.86,6.8,22.8,0.6,975.2,208,8,12.4,16,0,16,10,9,9,9,335,100,25,97
GVESTA,2011,12,7,13,8.1,84.2,9.1,5.6,5.86,6.9,22.9,0.9,975.1,207,8,12.5,41,1,41,25,25,25,25,336,100,25,97
GVESTA,2011,12,7,14,8.1,85.4,9.2,5.8,5.92,7,23,1.2,975.6,216,6.7,11.7,6,0,6,4,4,4,4,336,100,25,97
GVESTA,2011,12,7,15,8.5,81.4,9,5.5,5.79,7,23.1,0.1,975.4,198,6.4,11.2,1,0,1,1,1,1,1,337,100,25,97
GVESTA,2011,12,7,16,8.8,82,9.3,5.9,5.98,7.3,23.9,0.7,976.1,200,6.8,11.9,0,0,0,0,0,0,0,338,100,25,97
GVESTA,2011,12,7,17,8.8,83.1,9.4,6.1,6.05,7.4,24.1,0.4,976.4,204,6.3,11.5,0,0,0,0,0,0,0,338,100,25,97
GVESTA,2011,12,7,18,8.8,83.7,9.5,6.2,6.11,7.5,24.2,0.4,976.8,202,6.3,11.3,0,0,0,0,0,0,0,338,100,25,97
GVESTA,2011,12,7,19,8.8,84.9,9.6,6.4,6.17,7.6,24.4,0.8,977.8,193,5.9,9.5,0,0,0,0,0,0,0,338,100,25,97
GVESTA,2011,12,7,20,8.9,84.9,9.7,6.5,6.23,7.7,24.6,1.1,978.2,197,5.6,9.8,0,0,0,0,0,0,0,337,100,25,97
GVESTA,2011,12,7,21,9.6,77.7,9.3,5.9,5.97,7.7,24.7,0,978.7,205,4.3,11.1,0,0,0,0,0,0,0,337,100,25,97
GVESTA,2011,12,7,22,9.8,75.1,9.1,5.6,5.83,7.7,24.5,0.3,979.7,237,2.9,7.2,0,0,0,0,0,0,0,327,94,25,97
GVESTA,2011,12,7,23,8.9,77,8.8,5.1,5.63,7,23.1,0.7,980.8,251,3,7.7,0,0,0,0,0,0,0,322,100,25,97
GVESTA,2011,12,8,0,8.8,80.3,9.1,5.6,5.82,7.2,23.5,0.6,981,180,1.2,4,0,0,0,0,0,0,0,288,45,25,97
GVESTA,2011,12,8,1,8.1,85.4,9.2,5.8,5.89,7,22.9,0.2,981.4,63,1.2,3.6,0,0,0,0,0,0,0,282,78,25,97
GVESTA,2011,12,8,2,8,83,8.9,5.3,5.69,6.7,22.3,0.4,982.4,15,1.3,3.2,0,0,0,0,0,0,0,315,100,25,97
GVESTA,2011,12,8,3,7.8,84.2,8.9,5.3,5.69,6.6,22.1,0,982.5,180,1.1,2.9,0,0,0,0,0,0,0,319,75,25,97
GVESTA,2011,12,8,4,7,82.9,8.3,4.3,5.3,5.7,20.3,0,983,260,1.4,3.1,0,0,0,0,0,0,0,304,44,25,97
GVESTA,2011,12,8,5,6,85.8,8,3.8,5.1,5,18.8,0,983.4,288,1.4,2.9,0,0,0,0,0,0,0,290,13,25,97
GVESTA,2011,12,8,6,5.4,84.5,7.6,3,4.84,4.3,17.6,0,983.6,233,0.9,2.5,0,0,0,0,0,0,0,296,23,25,97
GVESTA,2011,12,8,7,5.2,83.9,7.4,2.7,4.71,4.1,17,0,983.7,315,0.8,3.3,37,165,22,13,141,125,13,289,25,25,97
GVESTA,2011,12,8,8,5.3,84.5,7.5,2.9,4.78,4.2,17.3,0,984.1,323,0.7,1.8,158,547,56,36,404,471,36,257,0,25,97
GVESTA,2011,12,8,9,7.5,77.4,8,3.8,5.1,5.7,20.3,0,984,257,0.9,2.7,261,662,74,51,377,654,51,273,0,25,97
GVESTA,2011,12,8,10,8.7,72.8,8.2,4.1,5.23,6.5,21.9,0,983.7,204,1.9,4.9,333,752,77,58,264,790,59,255,0,25,97
GVESTA,2011,12,8,11,9.7,64.8,7.8,3.4,4.97,6.7,22.3,0,983,195,2.9,6.2,354,768,79,61,99,825,118,256,0,25,97
GVESTA,2011,12,8,12,10.3,59.2,7.4,2.7,4.72,6.7,22.2,0,982.5,224,4,6.2,320,723,80,58,58,757,290,271,6,25,97
GVESTA,2011,12,8,13,10.8,53.3,6.9,1.7,4.4,6.6,21.9,0,981.9,219,3.9,6.2,240,621,75,50,50,604,382,272,29,25,97
GVESTA,2011,12,8,14,10.8,55.7,7.2,2.3,4.6,6.8,22.4,0,981.3,203,4.4,7,135,504,51,32,32,421,385,263,25,25,97
GVESTA,2011,12,8,15,10.2,60.5,7.5,2.9,4.79,6.7,22.3,0,980.8,196,4,6.4,16,60,12,7,7,46,54,266,25,25,97
GVESTA,2011,12,8,16,9,67,7.7,3.2,4.92,6.3,21.4,0,980.6,212,3.5,6.2,0,0,0,0,0,0,0,287,50,25,97
GVESTA,2011,12,8,17,7.8,71.6,7.6,3,4.86,5.6,20.1,0,980,245,2.1,4,0,0,0,0,0,0,0,301,53,25,97
GVESTA,2011,12,8,18,6.8,75.1,7.4,2.7,4.73,4.9,18.7,0,979.7,246,1.8,3.7,0,0,0,0,0,0,0,308,60,25,97
GVESTA,2011,12,8,19,5.7,77.6,7.1,2.1,4.54,4.1,17.1,0,979.4,302,1,3.4,0,0,0,0,0,0,0,301,46,25,97
GVESTA,2011,12,8,20,4.8,79.2,6.8,1.5,4.35,3.4,15.7,0,979.5,297,0.8,3.8,0,0,0,0,0,0,0,291,38,25,97
GVESTA,2011,12,8,21,4.8,79.2,6.8,1.5,4.35,3.4,15.7,0,979,259,1.1,3.5,0,0,0,0,0,0,0,299,38,25,97
GVESTA,2011,12,8,22,3.7,83.1,6.6,1.1,4.22,2.6,14.3,0,979,274,1.5,3.8,0,0,0,0,0,0,0,315,94,25,97
GVESTA,2011,12,8,23,3.4,83.6,6.5,0.9,4.16,2.3,13.8,0,979,264,1.2,3.3,0,0,0,0,0,0,0,313,100,25,97
GVESTA,2011,12,9,0,3.8,81.3,6.5,0.9,4.16,2.6,14.2,0,978.5,180,0.7,2.1,0,0,0,0,0,0,0,315,100,25,97
GVESTA,2011,12,9,1,3.6,82.5,6.5,0.9,4.16,2.5,14,0,978.3,135,0.6,1.9,0,0,0,0,0,0,0,317,100,25,97
GVESTA,2011,12,9,2,3.6,80.7,6.4,0.6,4.1,2.3,13.9,0,978.3,90,0.5,1.5,0,0,0,0,0,0,0,318,100,25,97
GVESTA,2011,12,9,3,3.8,81.3,6.5,0.9,4.16,2.6,14.2,0,977.6,297,0.6,2.2,0,0,0,0,0,0,0,318,100,25,97
GVESTA,2011,12,9,4,4,83.7,6.8,1.5,4.36,2.9,14.9,0,976.9,232,1.3,2.7,0,0,0,0,0,0,0,319,100,25,97
GVESTA,2011,12,9,5,5,78.1,6.8,1.5,4.36,3.5,16,0,976.6,236,3.7,8,0,0,0,0,0,0,0,320,100,25,97
GVESTA,2011,12,9,6,6.7,67.4,6.6,1.1,4.23,4.2,17.4,0,976.7,234,4.3,8.5,0,0,0,0,0,0,0,321,100,25,97
GVESTA,2011,12,9,7,6.6,67.9,6.6,1.1,4.23,4.2,17.3,0,976.9,237,2.9,6.4,10,0,10,6,6,6,6,324,100,25,97
GVESTA,2011,12,9,8,7.5,63.8,6.6,1.1,4.23,4.7,18.2,0,976.5,255,1.6,3.1,83,49,73,44,76,85,44,326,100,25,97
GVESTA,2011,12,9,9,7.7,62.9,6.6,1.1,4.23,4.8,18.4,0,976.5,228,3.3,7,122,45,109,66,89,107,65,329,100,25,97
GVESTA,2011,12,9,10,8.6,60.1,6.7,1.3,4.3,5.3,19.5,0,976.2,232,3.8,8.1,121,21,114,69,77,89,68,332,100,25,97
GVESTA,2011,12,9,11,9.6,57.8,6.9,1.7,4.43,6,20.8,0,975.5,237,5,8.7,71,0,71,43,43,42,43,334,100,25,97
GVESTA,2011,12,9,12,9.7,59.1,7.1,2.1,4.56,6.2,21.2,0,975.2,226,4.8,9.4,72,1,72,44,43,43,43,336,100,25,97
GVESTA,2011,12,9,13,10.3,60.1,7.5,2.9,4.82,6.8,22.5,0,974.9,234,5.2,8.6,48,1,47,29,29,29,29,335,100,25,97
GVESTA,2011,12,9,14,9.5,69,8.2,4.1,5.28,6.9,22.8,0.1,974.8,237,4.6,7.9,10,0,10,6,6,6,6,335,100,25,97
GVESTA,2011,12,9,15,9.4,69.4,8.2,4.1,5.28,6.8,22.7,0,974.7,233,3.9,7.8,3,0,3,2,2,2,2,334,100,25,97
GVESTA,2011,12,9,16,9.6,66.2,7.9,3.6,5.08,6.7,22.4,0,974.5,237,3.3,6.3,0,0,0,0,0,0,0,333,100,25,97
GVESTA,2011,12,9,17,9.5,65.7,7.8,3.4,5.02,6.6,22.2,0,974.4,238,4.1,7.1,0,0,0,0,0,0,0,329,100,25,97
GVESTA,2011,12,9,18,9.3,68.9,8.1,3.9,5.21,6.7,22.5,0,974.3,234,3.6,5.3,0,0,0,0,0,0,0,333,100,25,97
GVESTA,2011,12,9,19,9,71.3,8.2,4.1,5.28,6.6,22.3,0,974.1,241,3.8,7.3,0,0,0,0,0,0,0,333,100,25,97
GVESTA,2011,12,9,20,9.1,71.9,8.3,4.3,5.35,6.8,22.6,0,974,227,4.9,7.6,0,0,0,0,0,0,0,333,100,25,97
GVESTA,2011,12,9,21,8.9,70.8,8.1,3.9,5.22,6.5,22.1,0,973.9,242,3.9,7.4,0,0,0,0,0,0,0,333,100,25,97
GVESTA,2011,12,9,22,9.3,68.9,8.1,3.9,5.22,6.7,22.5,0,973.9,250,3,6.3,0,0,0,0,0,0,0,333,100,25,97
GVESTA,2011,12,9,23,9.5,68,8.1,3.9,5.22,6.8,22.7,0,973.6,246,2.8,6,0,0,0,0,0,0,0,333,100,25,97
GVESTA,2011,12,10,0,9.3,67.5,7.9,3.6,5.09,6.6,22.2,0,973.3,234,3.5,6,0,0,0,0,0,0,0,333,100,25,97
GVESTA,2011,12,10,1,9.2,72.4,8.4,4.5,5.42,6.9,22.9,0,973.2,225,2.4,5.1,0,0,0,0,0,0,0,332,100,25,97
GVESTA,2011,12,10,2,9.1,70.9,8.2,4.1,5.29,6.7,22.4,0,972.9,235,2.9,5.4,0,0,0,0,0,0,0,332,100,25,97
GVESTA,2011,12,10,3,8.5,74.8,8.3,4.3,5.35,6.5,22,0.1,972.7,262,2.7,5.6,0,0,0,0,0,0,0,331,100,25,97
GVESTA,2011,12,10,4,8,81.3,8.7,5,5.61,6.5,22.2,0.5,972.7,244,3,5.3,0,0,0,0,0,0,0,331,100,25,97
GVESTA,2011,12,10,5,7.8,84.2,8.9,5.3,5.74,6.6,22.3,0.1,972.8,227,2.3,4.4,0,0,0,0,0,0,0,326,100,25,97
GVESTA,2011,12,10,6,8.3,77.5,8.5,4.6,5.48,6.5,22.1,0,973,253,1.3,3.1,0,0,0,0,0,0,0,320,88,25,97
GVESTA,2011,12,10,7,8.1,78,8.4,4.5,5.41,6.4,21.8,0,973.3,261,1.5,3.3,23,73,17,10,68,59,10,302,63,25,97
GVESTA,2011,12,10,8,7.8,81.3,8.6,4.8,5.54,6.3,21.8,0,973.6,259,0.8,2.2,147,484,58,36,361,423,36,288,45,25,97
GVESTA,2011,12,10,9,9.6,71,8.5,4.6,5.48,7.1,23.4,0,973.7,235,2,4.2,86,57,72,43,77,94,43,320,69,25,97
GVESTA,2011,12,10,10,10.2,70.1,8.7,5,5.61,7.6,24.4,0,973.3,221,2.8,4.7,264,406,124,77,180,483,77,336,56,25,97
GVESTA,2011,12,10,11,11.6,66.1,9,5.5,5.81,8.5,26.3,0,972.8,233,3,5.6,349,749,83,61,103,809,115,317,35,25,97
GVESTA,2011,12,10,12,12.2,62.7,8.9,5.3,5.75,8.7,26.8,0,972.4,218,4.1,7.4,302,616,96,65,65,668,255,285,33,25,97
GVESTA,2011,12,10,13,12.8,60.3,8.9,5.3,5.75,9,27.4,0,972,219,4.5,6.8,182,254,115,68,67,302,211,304,59,25,97
GVESTA,2011,12,10,14,13.1,60.3,9.1,5.6,5.88,9.2,28,0,972.1,227,3.7,5.9,131,449,56,34,34,384,348,295,40,25,97
GVESTA,2011,12,10,15,12.4,64.5,9.3,5.9,6.01,9,27.6,0,972.1,250,2.1,4,18,74,13,8,8,55,66,294,41,25,97
GVESTA,2011,12,10,16,11.3,67.9,9.1,5.6,5.87,8.4,26.2,0,972.6,267,2,3.4,0,0,0,0,0,0,0,293,43,25,97
GVESTA,2011,12,10,17,10.5,71.1,9,5.5,5.81,8,25.2,0,972.9,249,1.2,2.7,0,0,0,0,0,0,0,292,25,25,97
GVESTA,2011,12,10,18,10.4,70.6,8.9,5.3,5.74,7.8,24.9,0,973,270,0.5,1.4,0,0,0,0,0,0,0,293,31,25,97
GVESTA,2011,12,10,19,8.7,75.4,8.5,4.6,5.48,6.7,22.5,0,973.2,346,0.5,1.6,0,0,0,0,0,0,0,283,0,25,97
GVESTA,2011,12,10,20,7.8,77.4,8.2,4.1,5.28,6,21.1,0,973.3,326,0.6,2.4,0,0,0,0,0,0,0,298,0,25,97
GVESTA,2011,12,10,21,6.6,80,7.8,3.4,5.02,5.1,19.2,0,973.7,301,0.7,1.8,0,0,0,0,0,0,0,301,10,25,97
GVESTA,2011,12,10,22,6.4,80,7.7,3.2,4.96,4.9,18.9,0,973.6,326,0.7,2.1,0,0,0,0,0,0,0,298,26,25,97
GVESTA,2011,12,10,23,5.6,81.6,7.4,2.7,4.76,4.3,17.6,0,973.6,284,1,2.4,0,0,0,0,0,0,0,295,0,25,97
GVESTA,2011,12,11,0,5,81.5,7.1,2.1,4.57,3.7,16.5,0,973.3,333,0.8,2.3,0,0,0,0,0,0,0,285,0,25,97
GVESTA,2011,12,11,1,4.2,81.4,6.7,1.3,4.31,3,15,0,973.4,261,1,2.9,0,0,0,0,0,0,0,283,0,25,97
GVESTA,2011,12,11,2,3.7,81.9,6.5,0.9,4.18,2.5,14.2,0,973.4,276,1,2.1,0,0,0,0,0,0,0,282,0,25,97
GVESTA,2011,12,11,3,3.3,82.4,6.4,0.6,4.12,2.2,13.6,0,972.9,261,0.9,1.9,0,0,0,0,0,0,0,281,0,25,97
GVESTA,2011,12,11,4,3,81.8,6.2,0.2,3.99,1.8,13,0,972.9,243,0.8,1.7,0,0,0,0,0,0,0,280,0,25,97
GVESTA,2011,12,11,5,2.6,82.9,6.1,0,3.92,1.5,12.4,0,973.1,256,0.8,2.7,0,0,0,0,0,0,0,279,30,25,97
GVESTA,2011,12,11,6,3.8,82.5,6.6,1.1,4.25,2.6,14.5,0,973.3,270,0.9,3,0,0,0,0,0,0,0,285,29,25,97
GVESTA,2011,12,11,7,4.9,82.1,7.1,2.1,4.57,3.7,16.4,0,973.4,284,0.9,3.2,6,0,6,3,3,3,3,308,63,25,97
GVESTA,2011,12,11,8,5.6,81.6,7.4,2.7,4.76,4.3,17.6,0,973.8,284,0.7,1.4,32,0,32,20,20,19,20,322,100,25,97
GVESTA,2011,12,11,9,6.4,78.8,7.6,3,4.89,4.8,18.7,0,973.9,333,0.3,1.3,82,8,79,48,52,55,48,315,88,25,97
GVESTA,2011,12,11,10,7.1,77.3,7.8,3.4,5.02,5.4,19.8,0,973.5,221,1.1,3.2,237,329,127,79,180,406,78,290,56,25,97
GVESTA,2011,12,11,11,8.5,72.8,8.1,3.9,5.22,6.3,21.7,0,972.8,219,2,3.4,278,369,147,88,110,472,124,313,68,25,97
GVESTA,2011,12,11,12,9.3,64.7,7.6,3,4.9,6.3,21.7,0,972.1,233,1.2,3.7,310,652,96,65,65,702,274,298,45,25,97
GVESTA,2011,12,11,13,10.3,61.4,7.7,3.2,4.97,6.9,22.9,0,971.5,257,1,3.1,243,674,65,47,47,646,400,283,25,25,97
GVESTA,2011,12,11,14,10.7,58.5,7.5,2.9,4.84,7,22.9,0,971.5,253,1.1,2.2,128,451,56,34,34,383,351,268,19,25,97
GVESTA,2011,12,11,15,9.9,64.8,7.9,3.6,5.1,6.9,22.8,0,971.5,198,0.8,1.9,18,95,12,7,7,69,82,273,6,25,97
GVESTA,2011,12,11,16,8.6,68.8,7.7,3.2,4.97,6.1,21.1,0,971.7,301,0.7,1.1,0,0,0,0,0,0,0,309,59,25,97
GVESTA,2011,12,11,17,7.7,72.1,7.6,3,4.9,5.5,20.1,0,971.8,329,0.6,1.5,0,0,0,0,0,0,0,305,71,25,97
GVESTA,2011,12,11,18,7.4,74.7,7.7,3.2,4.97,5.4,19.9,0,971.7,347,0.9,1.9,0,0,0,0,0,0,0,313,88,25,97
GVESTA,2011,12,11,19,6.7,76.7,7.5,2.9,4.84,5,18.9,0,971.5,304,0.8,1.7,0,0,0,0,0,0,0,322,100,25,97
GVESTA,2011,12,11,20,6.7,77.2,7.6,3,4.91,5,19.1,0,971.1,315,1,2.3,0,0,0,0,0,0,0,321,100,25,97
GVESTA,2011,12,11,21,7,75.6,7.6,3,4.91,5.2,19.4,0,970.7,323,0.6,1.6,0,0,0,0,0,0,0,321,100,25,97
GVESTA,2011,12,11,22,6.8,76.7,7.6,3,4.91,5,19.2,0,970.2,297,0.6,1.5,0,0,0,0,0,0,0,320,100,25,97
GVESTA,2011,12,11,23,7.2,75.7,7.7,3.2,4.98,5.3,19.7,0,969.8,212,1,2.5,0,0,0,0,0,0,0,320,100,25,97
GVESTA,2011,12,12,0,6.9,75.6,7.5,2.9,4.85,5.1,19.1,0,969.4,250,1.6,2.8,0,0,0,0,0,0,0,320,100,26,97
GVESTA,2011,12,12,1,7.1,71.5,7.2,2.3,4.66,4.9,18.8,0,969.1,212,2.4,5.8,0,0,0,0,0,0,0,321,100,26,97
GVESTA,2011,12,12,2,8.2,67.3,7.3,2.5,4.72,5.6,20.1,0,968.7,219,4.1,8.6,0,0,0,0,0,0,0,322,100,26,97
GVESTA,2011,12,12,3,8.6,68.8,7.7,3.2,4.99,6.1,21.2,0,968,203,4.2,7.3,0,0,0,0,0,0,0,323,100,26,97
GVESTA,2011,12,12,4,7.9,80.7,8.6,4.8,5.58,6.4,22,0.1,967.6,239,3.5,5.1,0,0,0,0,0,0,0,324,100,26,97
GVESTA,2011,12,12,5,7.9,83.6,8.9,5.3,5.77,6.6,22.5,0.7,967.6,249,2.8,5.1,0,0,0,0,0,0,0,325,100,26,97
GVESTA,2011,12,12,6,8,84.8,9.1,5.6,5.9,6.8,22.9,1.1,968,224,4.9,8,0,0,0,0,0,0,0,325,100,26,97
GVESTA,2011,12,12,7,7.8,87.2,9.2,5.8,5.97,6.8,22.8,2.1,968.2,216,5.8,10.4,1,0,1,1,1,1,1,326,100,26,97
GVESTA,2011,12,12,8,7.8,85.4,9,5.5,5.83,6.7,22.5,3.6,968.4,216,5.2,11.6,7,0,7,5,5,4,5,327,100,26,97
GVESTA,2011,12,12,9,7.3,80.1,8.2,4.1,5.3,5.8,20.7,0,970,207,7.1,12,13,0,13,8,8,8,8,328,100,26,97
GVESTA,2011,12,12,10,7.4,80.7,8.3,4.3,5.36,5.9,20.9,0.1,970.8,210,7.5,12.4,17,0,17,10,10,10,10,328,100,26,97
GVESTA,2011,12,12,11,7.2,81.8,8.3,4.3,5.36,5.8,20.7,2.1,971.3,220,4.3,8.8,27,0,27,17,17,16,17,329,100,26,97
GVESTA,2011,12,12,12,7.2,70,7.1,2.1,4.58,4.9,18.7,0.4,972.3,287,3.3,9.7,68,48,53,32,31,80,53,329,94,26,97
GVESTA,2011,12,12,13,7.6,61.1,6.4,0.6,4.12,4.5,18,0,973.3,242,4.4,10.7,139,203,86,51,51,238,167,322,81,26,97
GVESTA,2011,12,12,14,7.7,62.9,6.6,1.1,4.24,4.8,18.4,0,974.2,203,4.4,7.9,41,49,36,22,21,57,59,316,81,26,97
GVESTA,2011,12,12,15,7,63.7,6.4,0.6,4.11,4.2,17.4,0,974.7,241,2.4,6.9,12,17,10,6,6,18,20,311,63,26,97
GVESTA,2011,12,12,16,6.2,69.8,6.6,1.1,4.24,4,16.9,0,975.3,198,2.5,5.2,0,0,0,0,0,0,0,293,50,26,97
GVESTA,2011,12,12,17,5.9,72.3,6.7,1.3,4.3,3.9,16.7,0,976.2,207,0.7,2.3,0,0,0,0,0,0,0,280,41,26,97
GVESTA,2011,12,12,18,4.7,76.3,6.5,0.9,4.16,3.1,15.2,0,977.4,90,0.6,2.2,0,0,0,0,0,0,0,274,44,26,97
GVESTA,2011,12,12,19,4.1,76.8,6.3,0.4,4.04,2.5,14.2,0,977,315,0.8,1.9,0,0,0,0,0,0,0,256,6,26,97
GVESTA,2011,12,12,20,3.2,79.5,6.1,0,3.91,1.9,13,0,976.1,320,0.9,2.7,0,0,0,0,0,0,0,252,0,26,97
GVESTA,2011,12,12,21,2.7,78.3,5.8,-0.7,3.72,1.3,12,0,976,323,0.8,2.1,0,0,0,0,0,0,0,251,0,26,97
GVESTA,2011,12,12,22,1.8,80.4,5.6,-1.2,3.59,0.6,10.8,0,975.9,207,0.9,2.6,0,0,0,0,0,0,0,250,0,26,97
GVESTA,2011,12,12,23,1.1,81.5,5.4,-1.7,3.46,0,9.7,0,975.4,302,1,2,0,0,0,0,0,0,0,248,0,26,97
GVESTA,2011,12,13,0,1,79.1,5.2,-2.2,3.34,-0.2,9.3,0,974.5,270,0.4,1.3,0,0,0,0,0,0,0,272,46,26,97
GVESTA,2011,12,13,1,0.6,79.7,5.1,-2.5,3.28,-0.6,8.8,0,973.6,236,0.4,2.3,0,0,0,0,0,0,0,283,65,26,97
GVESTA,2011,12,13,2,0.3,81.4,5.1,-2.5,3.28,-0.7,8.5,0,973.5,262,0.8,2.7,0,0,0,0,0,0,0,296,94,26,97
GVESTA,2011,12,13,3,1.4,82.8,5.6,-1.2,3.6,0.4,10.4,0,972.9,223,2.7,4.8,0,0,0,0,0,0,0,299,94,26,97
GVESTA,2011,12,13,4,2,81.1,5.7,-0.9,3.67,0.8,11.2,0,972.3,217,1.6,3.7,0,0,0,0,0,0,0,302,100,26,97
GVESTA,2011,12,13,5,2,79.3,5.6,-1.2,3.61,0.7,11,0,971.6,228,2.6,6.5,0,0,0,0,0,0,0,302,100,26,97
GVESTA,2011,12,13,6,2.6,76,5.6,-1.2,3.61,1.1,11.6,0,971.2,229,2.8,4.6,0,0,0,0,0,0,0,303,100,26,97
GVESTA,2011,12,13,7,2.3,76.5,5.5,-1.4,3.54,0.8,11.2,0,970.7,242,2,4.7,15,19,13,8,23,21,8,307,100,26,97
GVESTA,2011,12,13,8,3.8,64.8,5.2,-2.2,3.35,1.4,12.2,0,970.3,240,3.1,5.8,62,58,50,31,69,79,30,311,88,26,97
GVESTA,2011,12,13,9,4.7,60.9,5.2,-2.2,3.35,2,13.1,0,970.1,232,2.5,5.7,145,134,111,67,144,188,67,311,88,26,97
GVESTA,2011,12,13,10,5.7,54.7,5,-2.7,3.22,2.4,13.8,0,970,232,5.6,10.7,50,0,50,31,31,30,31,319,100,26,97
GVESTA,2011,12,13,11,5.8,58.5,5.4,-1.7,3.48,2.7,14.6,0.3,969.8,217,6.8,11,41,0,41,25,25,25,25,323,100,26,97
GVESTA,2011,12,13,12,6.6,61.8,6,-0.2,3.87,3.7,16.4,0,969.6,242,4.7,9.2,50,0,50,30,30,30,30,326,100,26,97
GVESTA,2011,12,13,13,6.8,63.6,6.3,0.4,4.07,4,17,0.1,969.4,243,4.2,7.7,25,0,25,16,15,15,15,327,100,26,97
GVESTA,2011,12,13,14,6.4,71.9,6.9,1.7,4.46,4.3,17.6,0.4,969.8,266,4,7.3,6,0,6,4,4,4,4,328,100,26,97
GVESTA,2011,12,13,15,6,78.2,7.3,2.5,4.72,4.4,17.9,0.5,969.7,253,2.9,6.1,1,0,1,1,1,1,1,329,100,26,97
GVESTA,2011,12,13,16,6.3,75.5,7.2,2.3,4.65,4.5,18,0.3,969.7,256,3.4,10.6,0,0,0,0,0,0,0,330,100,26,97
GVESTA,2011,12,13,17,6.3,77.7,7.4,2.7,4.78,4.7,18.3,0.3,969.6,244,3.9,9.8,0,0,0,0,0,0,0,331,100,26,97
GVESTA,2011,12,13,18,7,74.1,7.4,2.7,4.78,5,19,0,969.7,243,3.5,6.9,0,0,0,0,0,0,0,331,100,26,97
GVESTA,2011,12,13,19,7.6,72.6,7.6,3,4.91,5.5,20,0,969.7,252,3.9,8.7,0,0,0,0,0,0,0,332,100,26,97
GVESTA,2011,12,13,20,8.1,71.2,7.7,3.2,4.98,5.8,20.7,0,969.6,256,4.1,8.8,0,0,0,0,0,0,0,333,100,26,97
GVESTA,2011,12,13,21,8.6,68.8,7.7,3.2,4.98,6.1,21.2,0,969.3,258,3.9,9.1,0,0,0,0,0,0,0,334,100,26,97
GVESTA,2011,12,13,22,8.2,70.7,7.7,3.2,4.98,5.9,20.8,0,968.9,248,4.7,8.4,0,0,0,0,0,0,0,334,100,26,97
GVESTA,2011,12,13,23,8.2,71.7,7.8,3.4,5.05,5.9,20.9,0,969,248,4.1,8.2,0,0,0,0,0,0,0,335,100,26,97
GVESTA,2011,12,14,0,8.5,70.3,7.8,3.4,5.05,6.1,21.2,0,969,243,5.5,10.2,0,0,0,0,0,0,0,332,100,26,97
GVESTA,2011,12,14,1,7.9,79.6,8.5,4.6,5.5,6.3,21.8,0.9,968.9,200,7.5,12.5,0,0,0,0,0,0,0,336,100,26,97
GVESTA,2011,12,14,2,7.7,83,8.7,5,5.64,6.4,21.9,0.3,968.8,236,3.3,10.2,0,0,0,0,0,0,0,332,100,26,97
GVESTA,2011,12,14,3,7.5,84.1,8.7,5,5.64,6.3,21.7,0.1,967.8,276,2,4.1,0,0,0,0,0,0,0,319,81,26,97
GVESTA,2011,12,14,4,7.7,81.9,8.6,4.8,5.58,6.3,21.8,0,966.4,245,2,4.4,0,0,0,0,0,0,0,336,94,26,97
GVESTA,2011,12,14,5,7.5,83,8.6,4.8,5.59,6.2,21.6,0.4,965.7,255,3.2,7.2,0,0,0,0,0,0,0,337,100,26,97
GVESTA,2011,12,14,6,7.5,85.9,8.9,5.3,5.78,6.4,22.1,1.4,966,254,4.4,9.3,0,0,0,0,0,0,0,337,100,26,97
GVESTA,2011,12,14,7,8,83,8.9,5.3,5.78,6.7,22.6,0.1,966.6,224,5.8,10.8,20,61,15,9,57,50,9,338,88,26,97
GVESTA,2011,12,14,8,8.4,79.1,8.7,5,5.65,6.7,22.6,0,967.2,219,7.3,12,36,22,32,20,34,37,19,338,100,26,97
GVESTA,2011,12,14,9,8.9,76.5,8.7,5,5.64,7,23.1,0,967.8,216,7.9,14.8,148,128,113,68,135,189,68,326,75,26,97
GVESTA,2011,12,14,10,9.6,73.5,8.8,5.1,5.71,7.4,24,0,967.7,217,9.2,15.9,85,19,78,48,54,67,47,331,88,26,97
GVESTA,2011,12,14,11,10.6,68.3,8.7,5,5.65,7.8,24.9,0,967.3,213,9.5,14.8,57,0,57,35,35,34,35,341,100,26,97
GVESTA,2011,12,14,12,10.2,72.6,9,5.5,5.84,7.8,25,1.5,968.2,215,9.6,15.8,16,0,16,10,9,9,9,341,100,26,97
GVESTA,2011,12,14,13,9.1,74.4,8.6,4.8,5.58,7,23.2,0.2,968,202,8,15.7,113,90,88,53,53,137,101,330,94,26,97
GVESTA,2011,12,14,14,10.3,73.6,9.2,5.8,5.97,8,25.4,0,968.5,205,7,15.5,51,36,46,28,28,56,54,333,94,26,97
GVESTA,2011,12,14,15,10.6,67.3,8.6,4.8,5.57,7.7,24.7,0.1,969.4,211,8.4,15,8,8,7,5,5,9,11,336,100,26,97
GVESTA,2011,12,14,16,10.6,59.3,7.6,3,4.91,7,23,0,970.4,219,7.8,15,0,0,0,0,0,0,0,324,88,26,97
GVESTA,2011,12,14,17,10.1,57.5,7.1,2.1,4.58,6.4,21.7,0,971.1,221,7.7,13.1,0,0,0,0,0,0,0,328,85,26,97
GVESTA,2011,12,14,18,9.4,61.1,7.2,2.3,4.64,6.1,21.1,0,971.5,227,5.2,10,0,0,0,0,0,0,0,331,100,26,97
GVESTA,2011,12,14,19,9.2,62,7.2,2.3,4.64,6,20.9,0,971.6,218,4.1,6.3,0,0,0,0,0,0,0,296,50,26,97
GVESTA,2011,12,14,20,8.2,63.5,6.9,1.7,4.45,5.3,19.4,0,971.9,231,4.3,7.5,0,0,0,0,0,0,0,289,50,26,97
GVESTA,2011,12,14,21,7.8,55.7,5.9,-0.5,3.8,4.2,17.4,0,971.3,223,4.4,8.2,0,0,0,0,0,0,0,297,45,26,97
GVESTA,2011,12,14,22,5.8,62.9,5.8,-0.7,3.74,3.1,15.2,0,971,219,2.9,4.6,0,0,0,0,0,0,0,312,79,26,97
GVESTA,2011,12,14,23,7.5,63.8,6.6,1.1,4.26,4.7,18.2,0,970.2,224,4.9,8.8,0,0,0,0,0,0,0,318,100,26,97
GVESTA,2011,12,15,0,7.7,60.7,6.4,0.6,4.13,4.6,18.1,0,969.7,215,7.7,10.9,0,0,0,0,0,0,0,317,100,26,97
GVESTA,2011,12,15,1,7.9,58.2,6.2,0.2,4,4.5,18,0,969.8,213,9,14.4,0,0,0,0,0,0,0,318,100,26,97
GVESTA,2011,12,15,2,7.8,58.6,6.2,0.2,4,4.5,17.9,0,970,223,8.1,15.2,0,0,0,0,0,0,0,319,100,26,97
GVESTA,2011,12,15,3,8.1,58.2,6.3,0.4,4.07,4.7,18.4,0,969.6,217,6.4,10.3,0,0,0,0,0,0,0,320,100,26,97
GVESTA,2011,12,15,4,6.4,76.1,7.3,2.5,4.72,4.6,18.3,0.9,970,234,6.4,13.2,0,0,0,0,0,0,0,321,100,26,97
GVESTA,2011,12,15,5,6.2,81.1,7.7,3.2,4.98,4.8,18.7,0.9,969.9,268,2.5,5.3,0,0,0,0,0,0,0,322,100,26,97
GVESTA,2011,12,15,6,6.1,81.6,7.7,3.2,4.97,4.8,18.6,0.9,970.9,216,7,13.6,0,0,0,0,0,0,0,323,100,26,97
GVESTA,2011,12,15,7,5.7,81,7.4,2.7,4.77,4.3,17.7,0,971.5,196,8.1,14.1,4,0,4,2,2,2,2,323,100,26,97
GVESTA,2011,12,15,8,6.3,76.6,7.3,2.5,4.71,4.6,18.1,0,972.2,187,8,13,49,32,43,26,48,51,26,321,94,26,97
GVESTA,2011,12,15,9,6.8,75.1,7.4,2.7,4.77,4.9,18.8,0,972.3,192,6.7,11.5,60,24,53,32,45,55,32,324,100,26,97
GVESTA,2011,12,15,10,7.3,71.5,7.3,2.5,4.71,5.1,19.2,0,972.1,207,7.7,16,22,0,22,13,13,13,13,325,100,26,97
GVESTA,2011,12,15,11,7.2,69,7,1.9,4.51,4.8,18.6,0.1,971.6,212,8.5,14.2,24,0,24,15,14,14,14,326,100,26,97
GVESTA,2011,12,15,12,6.3,79.4,7.6,3,4.9,4.8,18.6,1.5,972.2,235,5.9,11.9,100,65,79,48,48,113,74,326,94,26,97
GVESTA,2011,12,15,13,8.3,60.4,6.6,1.1,4.25,5.1,19,0,972.7,240,7.2,15.5,139,127,105,64,63,182,131,326,94,26,97
GVESTA,2011,12,15,14,7.9,62.1,6.6,1.1,4.25,4.9,18.6,0,972.9,224,6.5,12.2,16,0,16,10,10,9,9,325,100,26,97
GVESTA,2011,12,15,15,6.1,79.9,7.5,2.9,4.83,4.6,18.2,0.7,973.6,212,6.8,11.3,1,0,1,1,1,1,1,325,100,26,97
GVESTA,2011,12,15,16,5.7,79.9,7.3,2.5,4.7,4.3,17.5,0.1,973.7,198,4.4,8.4,0,0,0,0,0,0,0,325,100,26,97
GVESTA,2011,12,15,17,6.6,76.1,7.4,2.7,4.76,4.8,18.6,0.1,973.5,210,3.4,9.5,0,0,0,0,0,0,0,324,100,26,97
GVESTA,2011,12,15,18,5.8,81.6,7.5,2.9,4.83,4.5,18,0.1,972.8,202,6.8,10.1,0,0,0,0,0,0,0,324,100,26,97
GVESTA,2011,12,15,19,5.9,81.6,7.6,3,4.9,4.6,18.2,0.2,972.1,199,6.3,11.5,0,0,0,0,0,0,0,325,100,26,97
GVESTA,2011,12,15,20,5.4,83.9,7.5,2.9,4.84,4.3,17.6,0.7,971.4,214,6.8,10.7,0,0,0,0,0,0,0,326,100,26,97
GVESTA,2011,12,15,21,5.5,85.1,7.7,3.2,4.97,4.4,18,1.2,970.6,248,4.1,9.2,0,0,0,0,0,0,0,327,100,26,97
GVESTA,2011,12,15,22,6,85.8,8,3.8,5.17,5,19,1.2,969.8,230,6,12.8,0,0,0,0,0,0,0,327,100,26,97
GVESTA,2011,12,15,23,6.2,85.2,8.1,3.9,5.25,5.1,19.4,1.2,968.3,226,8,12.2,0,0,0,0,0,0,0,328,100,26,97
GVESTA,2011,12,16,0,6.4,85.2,8.2,4.1,5.32,5.3,19.8,1.3,966.7,232,8.1,14.7,0,0,0,0,0,0,0,329,100,27,97
GVESTA,2011,12,16,1,6.8,85.2,8.4,4.5,5.46,5.7,20.5,1.9,965.4,226,9.1,14.6,0,0,0,0,0,0,0,330,100,27,97
GVESTA,2011,12,16,2,6.9,85.3,8.5,4.6,5.53,5.8,20.8,1.7,963.7,217,9.7,15.1,0,0,0,0,0,0,0,331,100,27,97
GVESTA,2011,12,16,3,6.9,85.3,8.5,4.6,5.54,5.8,20.9,1.6,962.2,221,9.1,14,0,0,0,0,0,0,0,332,100,27,97
GVESTA,2011,12,16,4,6.7,86.4,8.5,4.6,5.55,5.7,20.7,2.2,960.8,213,11.1,17.6,0,0,0,0,0,0,0,333,100,27,97
GVESTA,2011,12,16,5,6.9,85.3,8.5,4.6,5.56,5.8,20.9,1.9,959.7,213,10.9,17.2,0,0,0,0,0,0,0,334,100,27,97
GVESTA,2011,12,16,6,7.3,82.4,8.4,4.5,5.5,6,21.2,1.4,958.3,215,11.2,16.6,0,0,0,0,0,0,0,335,100,27,97
GVESTA,2011,12,16,7,7.1,85.3,8.6,4.8,5.64,6,21.3,0.8,956.3,215,11,16.4,1,0,1,1,1,1,1,336,100,27,97
GVESTA,2011,12,16,8,7.5,87.7,9.1,5.6,5.99,6.6,22.6,1.4,954.7,214,11.5,18,17,0,17,10,10,10,10,336,100,27,97
GVESTA,2011,12,16,9,8.5,83.1,9.2,5.8,6.06,7.2,23.8,0.2,952.8,218,11.7,19,49,5,48,30,32,33,29,337,100,27,97
GVESTA,2011,12,16,10,9.9,74.1,9,5.5,5.95,7.7,24.9,0.2,950.2,218,11,18,15,0,15,10,9,9,9,338,100,27,97
GVESTA,2011,12,16,11,10,77.2,9.5,6.2,6.29,8.1,25.9,2.6,948.6,216,12.2,19.4,29,0,29,18,18,18,18,339,100,27,97
GVESTA,2011,12,16,12,9.7,81.6,9.8,6.7,6.5,8.2,26.1,3.1,947.5,215,13.2,20.3,27,0,27,17,17,16,16,339,100,27,97
GVESTA,2011,12,16,13,9.6,82.1,9.8,6.7,6.51,8.1,26,2,946.8,213,13.4,24.6,14,0,14,9,9,9,9,336,100,27,97
GVESTA,2011,12,16,14,9.6,80.4,9.6,6.4,6.35,8,25.6,3,949.8,228,11.4,20.6,6,0,6,4,4,4,4,333,100,27,97
GVESTA,2011,12,16,15,9.2,70.4,8.2,4.1,5.41,6.7,22.8,1,951.8,244,7.6,16.3,1,0,1,1,1,1,1,331,100,27,97
GVESTA,2011,12,16,16,9.8,52.7,6.4,0.6,4.2,5.7,20.4,0,954.2,261,7.2,19.5,0,0,0,0,0,0,0,325,88,27,97
GVESTA,2011,12,16,17,9.1,47.7,5.5,-1.4,3.6,4.6,18.2,0,955.9,267,6.4,16.1,0,0,0,0,0,0,0,316,88,27,97
GVESTA,2011,12,16,18,7.5,56,5.8,-0.7,3.79,4,17.1,0.4,957.6,261,5.7,17.3,0,0,0,0,0,0,0,321,100,27,97
GVESTA,2011,12,16,19,4,80.2,6.5,0.9,4.25,2.7,14.7,0.1,957.1,203,7.2,11.3,0,0,0,0,0,0,0,318,100,27,97
GVESTA,2011,12,16,20,4.7,72.6,6.2,0.2,4.05,2.8,14.9,0,958.2,186,5.8,11.1,0,0,0,0,0,0,0,308,100,27,97
GVESTA,2011,12,16,21,5.4,62.4,5.6,-1.2,3.65,2.7,14.6,0,958.7,208,3.6,10.7,0,0,0,0,0,0,0,305,94,27,97
GVESTA,2011,12,16,22,4.9,58.7,5.1,-2.5,3.33,2,13.3,0,958.7,193,4.8,11.8,0,0,0,0,0,0,0,306,100,27,97
GVESTA,2011,12,16,23,4.6,59,5,-2.7,3.26,1.7,12.8,0,959.2,209,4.6,8.4,0,0,0,0,0,0,0,301,100,27,97
GVESTA,2011,12,17,0,4.3,59,4.9,-3,3.19,1.5,12.3,0,959.4,233,3.7,9.4,0,0,0,0,0,0,0,298,100,27,97
GVESTA,2011,12,17,1,2.7,78.3,5.8,-0.7,3.78,1.3,12.2,0.1,960,216,3.9,8.4,0,0,0,0,0,0,0,297,100,27,97
GVESTA,2011,12,17,2,2.2,85.3,6.1,0,3.98,1.3,12.1,0.1,960.6,197,3.9,7.7,0,0,0,0,0,0,0,294,88,27,97
GVESTA,2011,12,17,3,2.6,78.8,5.8,-0.7,3.78,1.3,12.1,0.3,960.8,225,3.4,7.1,0,0,0,0,0,0,0,295,100,27,97
GVESTA,2011,12,17,4,3.4,68.2,5.3,-1.9,3.45,1.3,12,0,961.1,248,3.6,9.8,0,0,0,0,0,0,0,295,100,27,97
GVESTA,2011,12,17,5,3.8,64.8,5.2,-2.2,3.38,1.4,12.3,0,962.4,205,4.4,15.2,0,0,0,0,0,0,0,294,100,27,97
GVESTA,2011,12,17,6,3.3,67.2,5.2,-2.2,3.38,1.2,11.8,0.2,963.2,218,4.7,10.1,0,0,0,0,0,0,0,294,100,27,97
GVESTA,2011,12,17,7,3.5,67.7,5.3,-1.9,3.44,1.4,12.1,0.4,964.1,209,3.1,8.1,17,53,12,7,48,44,7,295,100,27,97
GVESTA,2011,12,17,8,2.5,79.4,5.8,-0.7,3.76,1.2,11.9,0.2,964.7,187,4.3,7.6,78,193,50,31,170,178,30,297,100,27,97
GVESTA,2011,12,17,9,2.7,81.2,6,-0.2,3.89,1.5,12.4,0,965.6,215,4.8,9,56,1,56,34,35,35,34,298,100,27,97
GVESTA,2011,12,17,10,3.1,81.2,6.2,0.2,4.02,1.9,13.2,0,965.9,221,5.4,8.1,85,15,80,49,54,64,49,300,100,27,97
GVESTA,2011,12,17,11,3.6,78.4,6.2,0.2,4.02,2.2,13.7,0,966.1,215,6.2,9.4,49,2,49,30,30,31,30,301,100,27,97
GVESTA,2011,12,17,12,4.2,74.1,6.1,0,3.95,2.4,14.1,0,966.3,219,5.9,8.6,96,9,93,57,57,65,59,302,100,27,97
GVESTA,2011,12,17,13,4.3,73.6,6.1,0,3.95,2.5,14.2,0,966.7,219,5.6,8.6,40,4,39,24,24,28,26,301,100,27,97
GVESTA,2011,12,17,14,4.3,74.6,6.2,0.2,4.01,2.6,14.4,0,967,224,5,8.1,20,0,19,12,12,12,12,299,100,27,97
GVESTA,2011,12,17,15,4.1,75.7,6.2,0.2,4.01,2.5,14.2,0,967.7,228,4.4,9.2,1,0,1,1,1,1,1,298,100,27,97
GVESTA,2011,12,17,16,4.2,73,6,-0.2,3.88,2.4,13.9,0,968.5,204,3,5.8,0,0,0,0,0,0,0,297,100,27,97
GVESTA,2011,12,17,17,4,75.1,6.1,0,3.94,2.3,13.9,0,968.9,236,3,6.6,0,0,0,0,0,0,0,296,94,27,97
GVESTA,2011,12,17,18,3.4,77.2,6,-0.2,3.88,1.9,13.1,0,968.9,209,3.5,6.3,0,0,0,0,0,0,0,285,64,27,97
GVESTA,2011,12,17,19,2.8,76.6,5.7,-0.9,3.68,1.3,12,0,969.1,208,4.1,6.2,0,0,0,0,0,0,0,290,78,27,97
GVESTA,2011,12,17,20,2.5,76.5,5.6,-1.2,3.61,1,11.5,0,969.2,199,4.3,6.7,0,0,0,0,0,0,0,283,68,27,97
GVESTA,2011,12,17,21,2.6,77.7,5.7,-0.9,3.68,1.2,11.8,0,968.8,222,4.1,7.4,0,0,0,0,0,0,0,291,100,27,97
GVESTA,2011,12,17,22,2.9,77.2,5.8,-0.7,3.75,1.4,12.3,0,968.7,232,3.3,5.2,0,0,0,0,0,0,0,290,100,27,97
GVESTA,2011,12,17,23,2.5,76.5,5.6,-1.2,3.62,1,11.6,0,968.6,249,2.3,4.5,0,0,0,0,0,0,0,289,100,27,97
GVESTA,2011,12,18,0,2.3,77.6,5.6,-1.2,3.62,0.9,11.4,0,968.3,233,3.3,6.7,0,0,0,0,0,0,0,288,100,29,97
GVESTA,2011,12,18,1,2.6,73.2,5.4,-1.7,3.49,0.9,11.3,0,968.1,206,4.2,6.6,0,0,0,0,0,0,0,286,100,29,97
GVESTA,2011,12,18,2,2,82.3,5.8,-0.7,3.75,0.9,11.4,0.5,968.5,220,5,8.5,0,0,0,0,0,0,0,284,100,29,97
GVESTA,2011,12,18,3,1.9,85.9,6,-0.2,3.88,1.1,11.6,0.1,968.3,217,3.9,6.7,0,0,0,0,0,0,0,282,100,29,97
GVESTA,2011,12,18,4,2.3,79.3,5.7,-0.9,3.68,1,11.5,0,968.3,217,2.8,6,0,0,0,0,0,0,0,277,88,29,97
GVESTA,2011,12,18,5,2.1,80.5,5.7,-0.9,3.68,0.9,11.3,0.1,968.7,222,3.3,6.2,0,0,0,0,0,0,0,278,100,29,97
GVESTA,2011,12,18,6,2,81.1,5.7,-0.9,3.68,0.8,11.2,0.1,969,209,3.2,5.7,0,0,0,0,0,0,0,277,100,29,97
GVESTA,2011,12,18,7,1.7,85.3,5.9,-0.5,3.81,0.8,11.2,0,969.5,228,3,7.7,3,0,3,2,2,2,2,278,88,29,97
GVESTA,2011,12,18,8,1.9,85.9,6,-0.2,3.87,1.1,11.6,0.2,969.8,240,2.3,5.3,55,91,39,25,87,98,25,279,100,29,97
GVESTA,2011,12,18,9,2.3,81.7,5.9,-0.5,3.8,1.2,11.8,0,970.4,225,2,4.1,102,189,46,30,116,212,30,280,94,29,97
GVESTA,2011,12,18,10,2.2,84.1,6,-0.2,3.87,1.2,11.9,0.1,970.5,208,3.7,6.6,142,32,131,83,95,114,82,279,94,29,97
GVESTA,2011,12,18,11,3.2,75.5,5.8,-0.7,3.74,1.6,12.6,0,970.3,219,4,7.1,46,0,46,29,29,29,29,282,100,29,97
GVESTA,2011,12,18,12,3,76.6,5.8,-0.7,3.74,1.5,12.4,0,970.9,245,3.5,6.5,30,0,30,19,19,18,19,282,100,29,97
GVESTA,2011,12,18,13,2.3,83.5,6,-0.2,3.87,1.3,12,0,971,219,4.3,6.9,63,7,61,39,38,44,42,280,100,29,97
GVESTA,2011,12,18,14,2.4,78.8,5.7,-0.9,3.67,1.1,11.6,0,971.7,213,4.1,6.2,37,7,36,23,22,27,27,278,100,29,97
GVESTA,2011,12,18,15,2.8,72.2,5.4,-1.7,3.47,1,11.5,0,972.5,231,2.5,6.3,1,0,1,1,1,1,1,277,100,29,97
GVESTA,2011,12,18,16,3,66.1,5,-2.7,3.21,0.8,11,0,973,241,2.3,5.6,0,0,0,0,0,0,0,275,100,29,97
GVESTA,2011,12,18,17,2.4,69,5,-2.7,3.21,0.5,10.4,0,973.7,228,3,5.2,0,0,0,0,0,0,0,271,94,29,97
GVESTA,2011,12,18,18,2.6,65,4.8,-3.3,3.08,0.4,10.3,0,974.6,175,2.6,5.8,0,0,0,0,0,0,0,271,100,29,97
GVESTA,2011,12,18,19,1.5,84,5.7,-0.9,3.66,0.6,10.6,0.6,975.1,85,1.9,6.1,0,0,0,0,0,0,0,270,94,29,97
GVESTA,2011,12,18,20,1.4,82.8,5.6,-1.2,3.59,0.4,10.4,0,975.6,112,1.1,2.3,0,0,0,0,0,0,0,268,100,29,97
GVESTA,2011,12,18,21,1.3,83.4,5.6,-1.2,3.59,0.3,10.3,0,975.9,360,1,3.3,0,0,0,0,0,0,0,266,88,29,97
GVESTA,2011,12,18,22,0.3,83.3,5.2,-2.2,3.33,-0.6,8.6,0,976.1,347,1,2.3,0,0,0,0,0,0,0,259,56,29,97
GVESTA,2011,12,18,23,-0.4,82.6,4.9,-3,3.14,-1.3,7.4,0,976.1,252,0.7,1.9,0,0,0,0,0,0,0,256,60,29,97
GVESTA,2011,12,19,0,-1.7,85.5,4.6,-3.8,2.95,-2.4,5.6,0,976,283,1.2,2.7,0,0,0,0,0,0,0,251,74,33,97
GVESTA,2011,12,19,1,-1.2,85.6,4.8,-3.3,3.08,-1.9,6.4,0,975.7,214,1.6,3.3,0,0,0,0,0,0,0,261,94,33,97
GVESTA,2011,12,19,2,-0.8,81.3,4.7,-3.6,3.01,-1.8,6.7,0,975.2,263,1.7,3,0,0,0,0,0,0,0,264,100,33,97
GVESTA,2011,12,19,3,-0.5,79.5,4.7,-3.6,3.01,-1.6,7,0,974.4,270,1.8,4.2,0,0,0,0,0,0,0,265,100,33,97
GVESTA,2011,12,19,4,0.1,79.6,4.9,-3,3.14,-1,7.9,0,974.2,270,3.4,6.3,0,0,0,0,0,0,0,266,100,33,97
GVESTA,2011,12,19,5,0.1,82.6,5.1,-2.5,3.27,-0.9,8.3,0.2,974.5,268,3.5,7.1,0,0,0,0,0,0,0,267,100,33,97
GVESTA,2011,12,19,6,-0.1,83.8,5.1,-2.5,3.27,-1,8.1,0.2,974.8,257,3.2,7,0,0,0,0,0,0,0,267,100,33,97
GVESTA,2011,12,19,7,-0.1,83.8,5.1,-2.5,3.27,-1,8,0.3,975.4,261,2.7,5.1,4,2,4,3,4,4,3,267,100,33,97
GVESTA,2011,12,19,8,0.3,81.4,5.1,-2.5,3.27,-0.7,8.4,0.2,976.1,250,2.5,4.7,44,40,40,26,56,55,26,264,94,33,97
GVESTA,2011,12,19,9,0.3,81.4,5.1,-2.5,3.27,-0.7,8.4,0,976.6,225,3.2,5.4,184,314,97,65,224,363,65,260,60,33,97
GVESTA,2011,12,19,10,0.6,76.8,4.9,-3,3.14,-0.7,8.4,0,976.6,229,3,5.2,194,310,93,64,168,376,64,255,59,33,97
GVESTA,2011,12,19,11,1.4,72.5,4.9,-3,3.14,-0.2,9.2,0,976.4,236,2.3,4.1,251,371,122,81,133,471,89,254,61,33,97
GVESTA,2011,12,19,12,1.9,69.9,4.9,-3,3.14,0.1,9.7,0,976.4,244,2.6,4.4,177,255,96,66,66,318,159,254,65,33,97
GVESTA,2011,12,19,13,1.8,72,5,-2.7,3.2,0.1,9.8,0,976.4,250,2.1,4,30,0,30,19,19,19,19,261,100,33,97
GVESTA,2011,12,19,14,1.9,71.5,5,-2.7,3.2,0.2,9.9,0,976.4,228,2.7,4.6,7,0,7,5,5,5,5,261,100,33,97
GVESTA,2011,12,19,15,2.2,66.9,4.8,-3.3,3.07,0.1,9.9,0,976.9,274,1.3,2.4,1,0,1,1,1,1,1,260,100,33,97
GVESTA,2011,12,19,16,1.3,73,4.9,-3,3.13,-0.3,9.1,0,977.2,258,1.4,2.8,0,0,0,0,0,0,0,250,23,33,97
GVESTA,2011,12,19,17,0.2,77.3,4.8,-3.3,3.07,-1.1,7.9,0,977.6,281,1.5,3.1,0,0,0,0,0,0,0,243,16,33,97
GVESTA,2011,12,19,18,0.2,77.3,4.8,-3.3,3.07,-1.1,7.9,0,977.8,288,1,2.5,0,0,0,0,0,0,0,252,61,33,97
GVESTA,2011,12,19,19,-0.5,78.3,4.6,-3.8,2.94,-1.7,6.8,0,977.9,274,1.3,2.8,0,0,0,0,0,0,0,255,60,33,97
GVESTA,2011,12,19,20,-1.3,79.4,4.4,-4.4,2.81,-2.4,5.7,0,977.9,275,1.2,2.1,0,0,0,0,0,0,0,261,84,33,97
GVESTA,2011,12,19,21,-1.8,80.5,4.3,-4.7,2.75,-2.8,5,0,977.5,266,1.5,2.8,0,0,0,0,0,0,0,263,88,33,97
GVESTA,2011,12,19,22,-1.8,78.7,4.2,-5,2.68,-2.9,4.9,0,977.3,284,0.9,1.8,0,0,0,0,0,0,0,264,71,33,97
GVESTA,2011,12,19,23,-2.5,82.9,4.2,-5,2.69,-3.3,4.2,0,976.8,278,1.4,2.3,0,0,0,0,0,0,0,273,100,33,97
GVESTA,2011,12,20,0,-1.5,82.4,4.5,-4.1,2.88,-2.4,5.7,0,976,266,1.3,3.4,0,0,0,0,0,0,0,277,100,33,97
GVESTA,2011,12,20,1,-0.5,78.3,4.6,-3.8,2.95,-1.7,6.8,0,975.5,243,1.8,3.7,0,0,0,0,0,0,0,282,100,33,97
GVESTA,2011,12,20,2,-0.3,77.2,4.6,-3.8,2.95,-1.5,7,0,974.9,248,2.4,7.1,0,0,0,0,0,0,0,286,100,33,97
GVESTA,2011,12,20,3,-0.7,80.7,4.7,-3.6,3.02,-1.7,6.8,0.2,973.7,243,3.3,7.1,0,0,0,0,0,0,0,290,100,33,97
GVESTA,2011,12,20,4,-0.7,80.7,4.7,-3.6,3.02,-1.7,6.8,0.3,972.9,231,3.6,6.2,0,0,0,0,0,0,0,293,100,33,97
GVESTA,2011,12,20,5,-1,84.3,4.8,-3.3,3.09,-1.8,6.7,0.5,972.3,237,3.8,6.2,0,0,0,0,0,0,0,295,100,33,97
GVESTA,2011,12,20,6,-0.9,83.7,4.8,-3.3,3.09,-1.8,6.8,0.4,972,243,3.3,6.1,0,0,0,0,0,0,0,297,100,33,97
GVESTA,2011,12,20,7,-0.4,82.6,4.9,-3,3.15,-1.3,7.5,0.3,971.5,252,2,4.9,1,0,1,1,1,1,1,299,100,33,97
GVESTA,2011,12,20,8,-0.2,81.4,4.9,-3,3.15,-1.2,7.7,0.3,971.6,258,1.5,4,18,0,18,12,12,12,12,301,100,33,97
GVESTA,2011,12,20,9,0.2,80.8,5,-2.7,3.22,-0.9,8.2,0,971.8,297,1.2,2.6,42,2,42,27,29,29,27,303,100,33,97
GVESTA,2011,12,20,10,0.6,81.5,5.2,-2.2,3.35,-0.5,9,0.4,971.2,261,1.8,3.5,68,53,51,33,53,87,33,302,88,33,97
GVESTA,2011,12,20,11,0.8,80.3,5.2,-2.2,3.35,-0.3,9.2,0,971.2,263,1.6,3.7,111,112,72,48,70,164,48,307,94,33,97
GVESTA,2011,12,20,12,1.2,78,5.2,-2.2,3.35,-0.1,9.6,0,971,243,1,2.6,189,228,114,79,79,304,146,308,94,33,97
GVESTA,2011,12,20,13,1.9,77,5.4,-1.7,3.48,0.5,10.6,0,970.9,270,1,2.8,44,18,40,26,26,42,37,306,100,33,97
GVESTA,2011,12,20,14,2.1,78.7,5.6,-1.2,3.61,0.8,11.1,0.6,971.4,248,0.7,2,8,0,8,5,5,5,5,305,100,33,97
GVESTA,2011,12,20,15,2.2,84.1,6,-0.2,3.86,1.2,11.9,0.5,971.8,257,1,2.4,1,0,1,1,1,1,1,305,100,33,97
GVESTA,2011,12,20,16,2.4,84.1,6.1,0,3.93,1.4,12.2,0.5,972.6,247,1.6,4.5,0,0,0,0,0,0,0,304,100,33,97
GVESTA,2011,12,20,17,2.6,82.9,6.1,0,3.92,1.5,12.4,0,973.4,241,1.5,4.6,0,0,0,0,0,0,0,301,100,33,97
GVESTA,2011,12,20,18,2.8,81.8,6.1,0,3.92,1.7,12.6,0,974.3,245,1.7,3.9,0,0,0,0,0,0,0,301,88,33,97
GVESTA,2011,12,20,19,2.4,85.4,6.2,0.2,3.98,1.5,12.4,0,974.5,191,1.7,5.5,0,0,0,0,0,0,0,303,100,33,97
GVESTA,2011,12,20,20,2.9,82.4,6.2,0.2,3.98,1.8,12.9,0.1,975.6,281,1.7,4.1,0,0,0,0,0,0,0,303,100,33,97
GVESTA,2011,12,20,21,2.4,86.6,6.3,0.4,4.04,1.6,12.5,0,975.7,239,2.2,4.5,0,0,0,0,0,0,0,302,100,33,97
GVESTA,2011,12,20,22,2.4,85.4,6.2,0.2,3.97,1.5,12.3,0,976.5,259,1.4,3.4,0,0,0,0,0,0,0,300,94,33,97
GVESTA,2011,12,20,23,2.7,83.6,6.2,0.2,3.97,1.7,12.6,0,977.1,309,1.1,2.8,0,0,0,0,0,0,0,302,100,33,97
GVESTA,2011,12,21,0,2.6,84.2,6.2,0.2,3.97,1.6,12.5,0,977.3,225,1.5,3.5,0,0,0,0,0,0,0,302,100,34,97
GVESTA,2011,12,21,1,2.4,85.4,6.2,0.2,3.97,1.5,12.3,0,978.1,249,1.5,3.6,0,0,0,0,0,0,0,304,100,34,97
GVESTA,2011,12,21,2,2.6,84.2,6.2,0.2,3.97,1.6,12.5,0,978.6,245,1.8,5.8,0,0,0,0,0,0,0,306,100,34,97
GVESTA,2011,12,21,3,2.7,83.6,6.2,0.2,3.97,1.7,12.6,0,978.7,230,1.7,3.6,0,0,0,0,0,0,0,308,100,34,97
GVESTA,2011,12,21,4,2.7,82.4,6.1,0,3.9,1.6,12.5,0,978.7,211,1.1,3.1,0,0,0,0,0,0,0,309,100,34,97
GVESTA,2011,12,21,5,2.5,84.8,6.2,0.2,3.96,1.6,12.4,0.2,978.9,237,3.2,4.9,0,0,0,0,0,0,0,309,100,34,97
GVESTA,2011,12,21,6,3,83,6.3,0.4,4.03,1.9,13.1,0.2,979,267,1.7,4.9,0,0,0,0,0,0,0,309,100,34,97
GVESTA,2011,12,21,7,2.8,83,6.2,0.2,3.97,1.7,12.7,0.4,978.8,249,0.8,2,1,0,1,1,1,1,1,310,100,34,97
GVESTA,2011,12,21,8,2.6,84.2,6.2,0.2,3.97,1.6,12.5,0.2,978.5,260,1.2,2.4,23,2,22,15,16,16,14,311,100,34,97
GVESTA,2011,12,21,9,3,83,6.3,0.4,4.03,1.9,13.1,0.1,978.4,221,1,2.8,62,1,62,41,41,41,40,311,100,34,97
GVESTA,2011,12,21,10,3.3,84.2,6.5,0.9,4.16,2.3,13.7,0.1,978,221,1,3,252,418,116,87,213,498,87,310,81,34,97
GVESTA,2011,12,21,11,3.3,84.2,6.5,0.9,4.17,2.3,13.7,0,977.2,242,1.7,3.6,106,47,89,58,66,108,58,313,100,34,97
GVESTA,2011,12,21,12,3.7,81.9,6.5,0.9,4.17,2.5,14.1,0,976.9,257,1.1,2.5,25,0,25,16,16,16,16,314,100,34,97
GVESTA,2011,12,21,13,3.5,83.1,6.5,0.9,4.17,2.4,13.9,0.2,976.7,300,0.9,2,12,0,12,8,8,8,8,314,100,34,97
GVESTA,2011,12,21,14,3.4,81.9,6.4,0.6,4.1,2.2,13.7,0.2,976.5,294,1.1,2.5,7,0,7,5,5,5,5,314,100,34,97
GVESTA,2011,12,21,15,3.1,83.6,6.4,0.6,4.1,2.1,13.4,0.2,976.8,275,1.1,1.9,2,0,2,1,1,1,1,314,100,34,97
GVESTA,2011,12,21,16,3.4,81.9,6.4,0.6,4.1,2.2,13.7,0.1,976.8,278,0.7,1.8,0,0,0,0,0,0,0,315,100,34,97
GVESTA,2011,12,21,17,3.7,80.1,6.4,0.6,4.1,2.4,14,0.3,977.5,270,0.8,1.9,0,0,0,0,0,0,0,315,100,34,97
GVESTA,2011,12,21,18,3.7,81.9,6.5,0.9,4.16,2.5,14.1,0.5,978,329,0.6,1.3,0,0,0,0,0,0,0,315,100,34,97
GVESTA,2011,12,21,19,3.8,81.3,6.5,0.9,4.16,2.6,14.2,0.4,978.4,288,0.7,1.4,0,0,0,0,0,0,0,316,100,34,97
GVESTA,2011,12,21,20,3.1,85.4,6.5,0.9,4.16,2.2,13.5,0.2,978.4,250,1.6,2.5,0,0,0,0,0,0,0,316,100,34,97
GVESTA,2011,12,21,21,3.4,83.6,6.5,0.9,4.16,2.3,13.8,0,978.9,263,1,2.4,0,0,0,0,0,0,0,317,100,34,97
GVESTA,2011,12,21,22,3.6,82.5,6.5,0.9,4.16,2.5,14,0,979.5,315,0.8,1.6,0,0,0,0,0,0,0,318,100,34,97
GVESTA,2011,12,21,23,3.5,83.1,6.5,0.9,4.15,2.4,13.9,0,979.9,248,0.9,3.1,0,0,0,0,0,0,0,316,94,34,97
GVESTA,2011,12,22,0,3.3,84.2,6.5,0.9,4.15,2.3,13.7,0,980.2,277,0.9,2.8,0,0,0,0,0,0,0,319,100,38,97
GVESTA,2011,12,22,1,3.4,83.6,6.5,0.9,4.15,2.3,13.8,0,980.6,257,1,1.9,0,0,0,0,0,0,0,320,100,38,97
GVESTA,2011,12,22,2,3.5,84.3,6.6,1.1,4.21,2.5,14.1,0,981,229,1.2,2.4,0,0,0,0,0,0,0,320,100,38,97
GVESTA,2011,12,22,3,3.7,84.3,6.7,1.3,4.28,2.7,14.4,0,981.2,231,1.3,2,0,0,0,0,0,0,0,321,100,38,97
GVESTA,2011,12,22,4,4.1,83.1,6.8,1.5,4.34,3,15,0,981.4,225,0.7,1.4,0,0,0,0,0,0,0,321,100,38,97
GVESTA,2011,12,22,5,4.5,82,6.9,1.7,4.4,3.3,15.6,0,981.8,326,0.5,1.6,0,0,0,0,0,0,0,322,100,38,97
GVESTA,2011,12,22,6,4.7,82,7,1.9,4.46,3.5,15.9,0,982.4,349,0.6,2,0,0,0,0,0,0,0,323,100,38,97
GVESTA,2011,12,22,7,4.8,82.6,7.1,2.1,4.53,3.6,16.2,0,982.6,293,0.9,2.2,19,70,13,9,63,57,9,325,94,38,97
GVESTA,2011,12,22,8,4.8,81.5,7,1.9,4.46,3.5,16,0,983,301,1.2,2.4,64,39,57,39,65,70,39,327,94,38,97
GVESTA,2011,12,22,9,5.2,81.5,7.2,2.3,4.59,3.9,16.7,0,983,254,0.8,2.7,108,82,89,61,110,133,60,327,94,38,97
GVESTA,2011,12,22,10,5.6,82.7,7.5,2.9,4.78,4.4,17.6,0,983.1,333,1,2.4,185,158,132,91,143,255,90,331,81,38,97
GVESTA,2011,12,22,11,6.4,78.8,7.6,3,4.85,4.8,18.6,0,983,8,0.7,1.7,86,63,64,44,57,111,44,325,90,38,97
GVESTA,2011,12,22,12,6.6,81.1,7.9,3.6,5.04,5.2,19.3,0,982.8,45,1,2.6,115,63,93,64,63,129,81,334,81,38,97
GVESTA,2011,12,22,13,7.1,78.4,7.9,3.6,5.04,5.5,19.8,0,982.8,6,0.9,2.3,46,0,46,31,31,31,31,334,100,38,97
GVESTA,2011,12,22,14,7.5,77.9,8.1,3.9,5.17,5.8,20.5,0,982.9,320,0.9,2,59,109,46,31,31,112,113,334,78,38,97
GVESTA,2011,12,22,15,7.2,80.6,8.2,4.1,5.23,5.7,20.4,0,983.5,40,1.1,2.9,7,18,6,4,4,15,18,330,54,38,97
GVESTA,2011,12,22,16,7.2,81.8,8.3,4.3,5.29,5.8,20.5,0.1,983.5,11,1,1.7,0,0,0,0,0,0,0,324,36,38,97
GVESTA,2011,12,22,17,7.8,78.5,8.3,4.3,5.29,6.1,21.1,0,984,353,0.8,1.9,0,0,0,0,0,0,0,334,50,38,97
GVESTA,2011,12,22,18,7.2,81.8,8.3,4.3,5.29,5.8,20.5,0,984.7,8,1.5,2.6,0,0,0,0,0,0,0,322,45,38,97
GVESTA,2011,12,22,19,7.3,81.2,8.3,4.3,5.29,5.9,20.6,0,984.8,360,0.9,2.4,0,0,0,0,0,0,0,311,30,38,97
GVESTA,2011,12,22,20,7.4,79.5,8.2,4.1,5.22,5.8,20.6,0,984.8,339,0.9,1.9,0,0,0,0,0,0,0,296,33,38,97
GVESTA,2011,12,22,21,7,80.6,8.1,3.9,5.16,5.5,20,0,984.5,291,1.1,2,0,0,0,0,0,0,0,299,30,38,97
GVESTA,2011,12,22,22,5.8,83.3,7.7,3.2,4.9,4.6,18.1,0,984.4,22,1.3,2.6,0,0,0,0,0,0,0,297,23,38,97
GVESTA,2011,12,22,23,4.8,85,7.3,2.5,4.65,3.8,16.5,0,984.1,297,1.4,2.5,0,0,0,0,0,0,0,273,25,38,97
GVESTA,2011,12,23,0,5.3,83.3,7.4,2.7,4.72,4.1,17.1,0,983.6,304,0.7,1.8,0,0,0,0,0,0,0,332,100,36,97
GVESTA,2011,12,23,1,5,88.1,7.7,3.2,4.91,4.2,17.3,0,983.6,293,1.4,2.7,0,0,0,0,0,0,0,332,100,36,97
GVESTA,2011,12,23,2,5.3,87.5,7.8,3.4,4.97,4.4,17.8,0,983.6,284,1.3,2.7,0,0,0,0,0,0,0,331,100,36,97
GVESTA,2011,12,23,3,5.1,88.8,7.8,3.4,4.97,4.3,17.6,0,983.4,286,1.6,3.2,0,0,0,0,0,0,0,331,100,36,97
GVESTA,2011,12,23,4,5.3,86.3,7.7,3.2,4.91,4.3,17.6,0,983.3,281,1.1,2.6,0,0,0,0,0,0,0,331,100,36,97
GVESTA,2011,12,23,5,5.4,84.5,7.6,3,4.84,4.3,17.6,0,983.3,330,0.9,1.7,0,0,0,0,0,0,0,330,100,36,97
GVESTA,2011,12,23,6,5.6,83.3,7.6,3,4.84,4.4,17.8,0,983.3,288,1,1.9,0,0,0,0,0,0,0,331,100,36,97
GVESTA,2011,12,23,7,5.4,83.9,7.5,2.9,4.78,4.3,17.4,0,983.1,315,1.2,2.4,8,0,8,6,6,6,6,332,100,36,97
GVESTA,2011,12,23,8,5.9,82.8,7.7,3.2,4.91,4.7,18.3,0,983,321,0.8,1.4,35,1,35,23,23,23,23,334,100,36,97
GVESTA,2011,12,23,9,6.3,82.8,7.9,3.6,5.04,5,19,0,982.9,315,0.5,2.2,33,0,33,22,22,22,22,335,85,36,97
GVESTA,2011,12,23,10,6.9,83.5,8.3,4.3,5.3,5.7,20.2,0,982.1,309,0.7,1.9,105,11,101,67,70,78,67,332,48,36,97
GVESTA,2011,12,23,11,7.3,83,8.5,4.6,5.44,6,21,0,981.2,353,0.9,2.2,172,42,158,105,109,148,108,323,55,36,97
GVESTA,2011,12,23,12,7.8,82.4,8.7,5,5.57,6.4,21.8,0,980.2,8,0.8,2.2,300,530,130,94,94,627,281,292,23,36,97
GVESTA,2011,12,23,13,7.9,80.7,8.6,4.8,5.51,6.4,21.8,0,979.3,23,1,2.4,257,648,85,68,68,664,402,283,25,36,97
GVESTA,2011,12,23,14,8.7,78.1,8.8,5.1,5.64,6.9,22.9,0,978.8,323,0.5,1.3,135,425,61,45,45,387,331,302,60,36,97
GVESTA,2011,12,23,15,7.6,83.6,8.7,5,5.58,6.3,21.7,0,978.4,81,1.4,3.4,23,107,15,10,10,82,94,321,75,36,97
GVESTA,2011,12,23,16,6.6,84,8.2,4.1,5.26,5.4,19.8,0,978.1,31,0.7,2.5,0,0,0,0,0,0,0,330,88,36,97
GVESTA,2011,12,23,17,6.1,84,7.9,3.6,5.07,4.9,18.8,0,977.9,315,0.8,2.2,0,0,0,0,0,0,0,327,100,36,97
GVESTA,2011,12,23,18,6.8,82.9,8.2,4.1,5.26,5.5,20,0,977.7,286,0.8,2,0,0,0,0,0,0,0,325,100,36,97
GVESTA,2011,12,23,19,5.6,83.3,7.6,3,4.87,4.4,17.9,0,977.6,284,0.6,1.9,0,0,0,0,0,0,0,325,100,36,97
GVESTA,2011,12,23,20,4.6,83.8,7.1,2.1,4.55,3.5,16,0,977.7,346,0.7,2.8,0,0,0,0,0,0,0,325,100,36,97
GVESTA,2011,12,23,21,5.3,82.1,7.3,2.5,4.68,4,17.1,0,978.2,333,0.9,3.4,0,0,0,0,0,0,0,326,100,36,97
GVESTA,2011,12,23,22,6.7,78.3,7.7,3.2,4.93,5.1,19.1,0,978.4,198,6.1,10.1,0,0,0,0,0,0,0,326,100,36,97
GVESTA,2011,12,23,23,7.6,74.7,7.8,3.4,5,5.6,20.2,0,978.2,197,5.6,10.5,0,0,0,0,0,0,0,326,100,36,97
GVESTA,2011,12,24,0,7.8,74.7,7.9,3.6,5.07,5.8,20.6,0,977.4,233,4.8,7.6,0,0,0,0,0,0,0,321,90,30,97
GVESTA,2011,12,24,1,6.8,84.1,8.3,4.3,5.33,5.6,20.2,0.2,977.8,254,4.3,7.2,0,0,0,0,0,0,0,324,100,30,97
GVESTA,2011,12,24,2,6.5,88.9,8.6,4.8,5.52,5.7,20.4,0.9,977.8,210,5.6,7.9,0,0,0,0,0,0,0,323,100,30,97
GVESTA,2011,12,24,3,7.2,79,8,3.8,5.13,5.6,20.1,0.4,978.8,222,5.3,9.8,0,0,0,0,0,0,0,322,100,30,97
GVESTA,2011,12,24,4,6.8,70.9,7,1.9,4.47,4.6,18.1,0.4,980.3,266,3.1,10.8,0,0,0,0,0,0,0,320,94,30,97
GVESTA,2011,12,24,5,6.5,59.1,5.7,-0.9,3.63,3.4,15.7,0,981.4,279,4.8,14.9,0,0,0,0,0,0,0,311,78,30,97
GVESTA,2011,12,24,6,6.7,55,5.4,-1.7,3.44,3.2,15.4,0,982.8,7,2.8,12.9,0,0,0,0,0,0,0,314,78,30,97
GVESTA,2011,12,24,7,5.7,67.7,6.2,0.2,3.94,3.4,15.6,0.2,984.2,12,1.7,4.8,3,0,3,2,2,2,2,313,100,30,97
GVESTA,2011,12,24,8,4.9,72.6,6.3,0.4,4,3,15,0,985.1,31,1.8,5.6,144,503,61,40,386,440,40,309,59,30,97
GVESTA,2011,12,24,9,5.5,54.2,4.9,-3,3.11,2.2,13.3,0,986.1,342,2.4,9,255,648,87,61,407,652,61,305,54,30,97
GVESTA,2011,12,24,10,5.3,58.4,5.2,-2.2,3.3,2.3,13.6,0,986.7,351,2.6,10.1,76,101,45,29,72,129,28,306,90,30,97
GVESTA,2011,12,24,11,5.2,55.4,4.9,-3,3.1,2,13,0,986.6,28,3.3,8.4,76,57,56,35,48,96,35,305,88,30,97
GVESTA,2011,12,24,12,5.6,55.1,5,-2.7,3.17,2.3,13.6,0,986.9,18,2.8,6.5,254,487,97,65,65,553,237,300,68,30,97
GVESTA,2011,12,24,13,5.9,48.6,4.5,-4.1,2.85,2.1,13.1,0,987,22,3.7,6.6,33,0,33,21,21,21,21,297,94,30,97
GVESTA,2011,12,24,14,5.8,53.1,4.9,-3,3.1,2.3,13.6,0,987.6,347,2.3,7.5,9,0,9,6,5,5,5,299,100,30,97
GVESTA,2011,12,24,15,5.7,54.7,5,-2.7,3.16,2.4,13.7,0,988.2,16,2.5,5.6,1,0,1,1,1,1,1,296,100,30,97
GVESTA,2011,12,24,16,4.4,58.6,4.9,-3,3.1,1.5,12.2,0,988.5,354,1.9,4.2,0,0,0,0,0,0,0,284,75,30,97
GVESTA,2011,12,24,17,4.4,58.6,4.9,-3,3.1,1.5,12.2,0,988.9,6,0.9,3.2,0,0,0,0,0,0,0,273,33,30,97
GVESTA,2011,12,24,18,2.9,65.1,4.9,-3,3.1,0.7,10.7,0,989.2,342,1,2.1,0,0,0,0,0,0,0,263,6,30,97
GVESTA,2011,12,24,19,2.1,68.9,4.9,-3,3.1,0.2,9.8,0,989.4,338,0.7,1.8,0,0,0,0,0,0,0,272,19,30,97
GVESTA,2011,12,24,20,1.9,66.8,4.7,-3.6,2.97,-0.1,9.3,0,989.6,349,0.7,2,0,0,0,0,0,0,0,260,19,30,97
GVESTA,2011,12,24,21,1.1,69.7,4.6,-3.8,2.91,-0.7,8.4,0,989.5,360,1.3,2.9,0,0,0,0,0,0,0,262,25,30,97
GVESTA,2011,12,24,22,0.9,67.6,4.4,-4.4,2.78,-1,7.8,0,989.5,360,1.2,2.7,0,0,0,0,0,0,0,259,25,30,97
GVESTA,2011,12,24,23,0.6,69.1,4.4,-4.4,2.78,-1.2,7.5,0,989.6,329,0.7,2.3,0,0,0,0,0,0,0,280,19,30,97
GVESTA,2011,12,25,0,0.5,68,4.3,-4.7,2.71,-1.3,7.3,0,989.7,207,0.4,1.2,0,0,0,0,0,0,0,248,25,28,97
GVESTA,2011,12,25,1,0,70.6,4.3,-4.7,2.71,-1.6,6.8,0,989.8,301,0.7,1.9,0,0,0,0,0,0,0,248,19,28,97
GVESTA,2011,12,25,2,-0.8,73.1,4.2,-5,2.65,-2.2,5.8,0,989.9,279,1.1,2.9,0,0,0,0,0,0,0,248,0,28,97
GVESTA,2011,12,25,3,-0.8,74.8,4.3,-4.7,2.71,-2.1,6,0,990,259,1.2,2.5,0,0,0,0,0,0,0,247,0,28,97
GVESTA,2011,12,25,4,-0.9,73.7,4.2,-5,2.65,-2.3,5.7,0,990.1,270,0.7,2.2,0,0,0,0,0,0,0,250,0,28,97
GVESTA,2011,12,25,5,-1,72,4.1,-5.4,2.59,-2.5,5.4,0,990.5,342,0.3,1.2,0,0,0,0,0,0,0,255,19,28,97
GVESTA,2011,12,25,6,-1.2,73.1,4.1,-5.4,2.58,-2.6,5.2,0,990.8,270,0.6,1.6,0,0,0,0,0,0,0,258,25,28,97
GVESTA,2011,12,25,7,-1.8,76.4,4.1,-5.4,2.58,-3,4.6,0,991.2,352,0.9,2.4,18,76,12,8,66,59,8,265,29,28,97
GVESTA,2011,12,25,8,-0.7,74.3,4.3,-4.7,2.71,-2.1,6,0,991.6,225,0.4,2.3,142,520,57,37,396,447,37,270,29,28,97
GVESTA,2011,12,25,9,1.9,66.8,4.7,-3.6,2.96,-0.1,9.3,0,992.1,180,0.7,2,227,513,91,59,326,531,60,270,23,28,97
GVESTA,2011,12,25,10,3.5,68.7,5.4,-1.7,3.4,1.4,12,0,992,62,2.2,6.2,325,772,75,62,294,811,62,266,6,28,97
GVESTA,2011,12,25,11,3.8,67.3,5.4,-1.7,3.4,1.6,12.3,0,992.4,42,4.6,7.7,343,757,81,66,115,822,110,268,0,28,97
GVESTA,2011,12,25,12,4.2,65.4,5.4,-1.7,3.41,1.8,12.7,0,991.8,41,4.6,7.2,315,705,85,64,65,755,274,270,6,28,97
GVESTA,2011,12,25,13,4.7,65.5,5.6,-1.2,3.53,2.3,13.6,0,991.3,38,4.2,6.7,250,689,67,51,51,674,397,268,0,28,97
GVESTA,2011,12,25,14,4.9,62.3,5.4,-1.7,3.41,2.2,13.5,0,991.4,55,4.1,6.2,139,509,53,35,35,438,380,269,0,28,97
GVESTA,2011,12,25,15,5,61.8,5.4,-1.7,3.41,2.3,13.6,0,991.5,41,1.9,5.1,20,70,14,9,9,57,64,267,13,28,97
GVESTA,2011,12,25,16,3.3,69.7,5.4,-1.7,3.4,1.3,11.8,0,991.9,39,0.9,1.6,0,0,0,0,0,0,0,263,25,28,97
GVESTA,2011,12,25,17,2.4,73.2,5.3,-1.9,3.34,0.7,10.8,0,992.1,349,1.1,2.4,0,0,0,0,0,0,0,261,0,28,97
GVESTA,2011,12,25,18,2.1,71.5,5.1,-2.5,3.21,0.4,10.1,0,993,353,0.8,2,0,0,0,0,0,0,0,259,13,28,97
GVESTA,2011,12,25,19,1.7,72.5,5,-2.7,3.15,0,9.6,0,992.9,356,1.3,2.5,0,0,0,0,0,0,0,259,6,28,97
GVESTA,2011,12,25,20,1.9,68.4,4.8,-3.3,3.02,0,9.5,0,993.2,346,0.5,1.7,0,0,0,0,0,0,0,258,0,28,97
GVESTA,2011,12,25,21,0.8,74,4.8,-3.3,3.02,-0.7,8.3,0,992.9,288,0.7,1.8,0,0,0,0,0,0,0,258,0,28,97
GVESTA,2011,12,25,22,0.6,72.3,4.6,-3.8,2.89,-1,7.8,0,993.2,270,0.4,1.2,0,0,0,0,0,0,0,257,0,28,97
GVESTA,2011,12,25,23,0.3,72.2,4.5,-4.1,2.83,-1.3,7.4,0,993,259,0.5,1.7,0,0,0,0,0,0,0,259,19,28,97
GVESTA,2011,12,26,0,0.2,72.8,4.5,-4.1,2.83,-1.3,7.3,0,993.1,248,0.5,1.3,0,0,0,0,0,0,0,256,0,27,97
GVESTA,2011,12,26,1,-0.6,77.1,4.5,-4.1,2.83,-1.8,6.4,0,993.3,236,0.8,1.6,0,0,0,0,0,0,0,256,0,27,97
GVESTA,2011,12,26,2,-0.9,78.9,4.5,-4.1,2.83,-2,6.1,0,993.2,259,0.6,1.2,0,0,0,0,0,0,0,258,6,27,97
GVESTA,2011,12,26,3,-1.2,78.8,4.4,-4.4,2.77,-2.3,5.7,0,993.1,270,0.6,1.3,0,0,0,0,0,0,0,268,46,27,97
GVESTA,2011,12,26,4,-1.1,80,4.5,-4.1,2.83,-2.1,5.9,0,993.1,307,0.8,1.7,0,0,0,0,0,0,0,254,6,27,97
GVESTA,2011,12,26,5,-1.4,80,4.4,-4.4,2.77,-2.4,5.5,0,993.3,180,0.7,1.5,0,0,0,0,0,0,0,254,10,27,97
GVESTA,2011,12,26,6,-1.7,79.9,4.3,-4.7,2.7,-2.7,5,0,993.4,323,0.6,1.7,0,0,0,0,0,0,0,276,54,27,97
GVESTA,2011,12,26,7,-1.8,80.5,4.3,-4.7,2.7,-2.8,4.9,0,993.8,270,0.6,1.4,18,73,12,7,64,57,7,276,51,27,97
GVESTA,2011,12,26,8,-0.9,78.9,4.5,-4.1,2.83,-2,6.1,0,994,270,0.5,1.4,131,485,53,34,368,414,34,266,6,27,97
GVESTA,2011,12,26,9,1.2,79.8,5.3,-1.9,3.33,0,9.5,0,994.4,135,0.4,1,239,643,71,50,383,629,50,267,0,27,97
GVESTA,2011,12,26,10,3.5,71.3,5.6,-1.2,3.52,1.6,12.3,0,993.9,22,1.1,2.7,316,746,74,59,285,782,60,271,0,27,97
GVESTA,2011,12,26,11,4.2,67.9,5.6,-1.2,3.53,2,13.1,0,993.2,14,1.7,3.9,343,767,77,63,112,826,105,275,0,27,97
GVESTA,2011,12,26,12,4.5,66.4,5.6,-1.2,3.53,2.2,13.4,0,992.4,66,1.8,3.7,315,711,82,61,62,757,269,282,6,27,97
GVESTA,2011,12,26,13,5.2,58.8,5.2,-2.2,3.28,2.2,13.4,0,992.3,48,1.6,4.2,247,668,69,50,51,655,386,286,13,27,97
GVESTA,2011,12,26,14,5.7,56.8,5.2,-2.2,3.28,2.5,13.9,0,992.3,11,1.6,3.5,139,486,57,36,36,422,369,285,29,27,97
GVESTA,2011,12,26,15,5.1,62.8,5.5,-1.4,3.47,2.5,13.8,0,992.2,10,1.1,1.9,22,98,14,9,9,75,84,275,6,27,97
GVESTA,2011,12,26,16,3.9,66.8,5.4,-1.7,3.4,1.7,12.4,0,992.7,90,0.5,1.6,0,0,0,0,0,0,0,274,13,27,97
GVESTA,2011,12,26,17,2.7,70.1,5.2,-2.2,3.28,0.8,10.9,0,992.8,326,0.4,1.3,0,0,0,0,0,0,0,270,0,27,97
GVESTA,2011,12,26,18,2.2,71,5.1,-2.5,3.21,0.4,10.2,0,993,297,0.3,1,0,0,0,0,0,0,0,269,0,27,97
GVESTA,2011,12,26,19,1.5,73.6,5,-2.7,3.15,-0.1,9.4,0,993.1,297,0.4,1.3,0,0,0,0,0,0,0,267,0,27,97
GVESTA,2011,12,26,20,1,76.3,5,-2.7,3.15,-0.4,8.9,0,993.1,307,0.5,1.9,0,0,0,0,0,0,0,266,0,27,97
GVESTA,2011,12,26,21,0.5,77.3,4.9,-3,3.08,-0.8,8.2,0,993.1,288,0.5,1.1,0,0,0,0,0,0,0,265,0,27,97
GVESTA,2011,12,26,22,0.1,77.8,4.8,-3.3,3.02,-1.1,7.6,0,992.6,333,0.6,1.5,0,0,0,0,0,0,0,264,0,27,97
GVESTA,2011,12,26,23,-0.2,76.6,4.6,-3.8,2.9,-1.5,7,0,992.5,243,0.3,1.2,0,0,0,0,0,0,0,262,0,27,97
GVESTA,2011,12,27,0,-0.2,77.8,4.7,-3.6,2.96,-1.4,7.2,0,992.2,304,0.5,1,0,0,0,0,0,0,0,261,0,26,97
GVESTA,2011,12,27,1,-0.7,79.5,4.6,-3.8,2.9,-1.8,6.5,0,992,236,0.5,1.1,0,0,0,0,0,0,0,260,0,26,97
GVESTA,2011,12,27,2,-0.8,80.1,4.6,-3.8,2.9,-1.9,6.4,0,991.9,270,0.6,1.4,0,0,0,0,0,0,0,258,0,26,97
GVESTA,2011,12,27,3,-1.4,80,4.4,-4.4,2.77,-2.4,5.5,0,991.8,346,0.7,1.2,0,0,0,0,0,0,0,257,0,26,97
GVESTA,2011,12,27,4,-1.5,80.6,4.4,-4.4,2.77,-2.5,5.4,0,991.5,270,0.9,1.8,0,0,0,0,0,0,0,255,0,26,97
GVESTA,2011,12,27,5,-1.7,78.1,4.2,-5,2.65,-2.8,4.9,0,991.5,207,0.4,2.5,0,0,0,0,0,0,0,254,0,26,97
GVESTA,2011,12,27,6,-1.3,79.4,4.4,-4.4,2.77,-2.4,5.6,0,991.6,301,0.8,2.6,0,0,0,0,0,0,0,253,0,26,97
GVESTA,2011,12,27,7,-1.7,79.9,4.3,-4.7,2.71,-2.7,5,0,991.8,279,0.7,1.6,17,65,12,7,58,51,7,256,0,26,97
GVESTA,2011,12,27,8,-1.4,80,4.4,-4.4,2.77,-2.4,5.5,0,992.3,304,0.5,1.6,133,499,53,33,378,424,33,258,0,26,97
GVESTA,2011,12,27,9,0.7,79.1,5.1,-2.5,3.21,-0.5,8.7,0,992.7,307,0.5,1.6,242,656,71,49,390,639,50,260,0,26,97
GVESTA,2011,12,27,10,2.7,77.1,5.7,-0.9,3.59,1.3,11.7,0,992.5,135,0.7,2.1,321,760,74,58,290,794,58,263,0,26,97
GVESTA,2011,12,27,11,3.7,74,5.9,-0.5,3.72,2,13,0,992,146,0.6,3.1,347,768,80,62,114,829,106,265,0,26,97
GVESTA,2011,12,27,12,4.9,68,5.9,-0.5,3.72,2.7,14.3,0,991.2,0,0.6,2.8,324,748,78,60,60,790,274,266,0,26,97
GVESTA,2011,12,27,13,5.2,68.1,6,-0.2,3.79,2.9,14.7,0,990.9,69,1.4,2.6,249,648,75,52,52,642,379,264,0,26,97
GVESTA,2011,12,27,14,5.4,67.1,6,-0.2,3.79,3,14.9,0,990.8,59,1.9,3.4,145,528,54,35,35,454,393,263,0,26,97
GVESTA,2011,12,27,15,5.3,70.6,6.3,0.4,3.98,3.2,15.3,0,990.8,54,1.7,2.6,25,126,15,9,9,94,106,261,0,26,97
GVESTA,2011,12,27,16,3.9,76.8,6.2,0.2,3.92,2.4,13.7,0,990.7,27,1.1,1.9,0,0,0,0,0,0,0,259,0,26,97
GVESTA,2011,12,27,17,3.3,77.8,6,-0.2,3.79,1.9,12.8,0,991.1,9,1.2,2.1,0,0,0,0,0,0,0,258,0,26,97
GVESTA,2011,12,27,18,2.6,78.8,5.8,-0.7,3.66,1.3,11.8,0,991.4,337,0.8,2,0,0,0,0,0,0,0,257,0,26,97
GVESTA,2011,12,27,19,2.4,77.1,5.6,-1.2,3.53,1,11.2,0,991.2,261,0.6,1.3,0,0,0,0,0,0,0,256,0,26,97
GVESTA,2011,12,27,20,1.8,79.3,5.5,-1.4,3.47,0.6,10.5,0,990.8,288,0.6,1.5,0,0,0,0,0,0,0,255,0,26,97
GVESTA,2011,12,27,21,2.9,76,5.7,-0.9,3.6,1.4,11.9,0,990.5,297,0.3,0.9,0,0,0,0,0,0,0,255,0,26,97
GVESTA,2011,12,27,22,3.2,80.6,6.2,0.2,3.92,2,13,0,990.6,346,0.5,1.4,0,0,0,0,0,0,0,254,0,26,97
GVESTA,2011,12,27,23,3.1,83.6,6.4,0.6,4.05,2.1,13.2,0,990.4,18,0.7,1.7,0,0,0,0,0,0,0,253,0,26,97
GVESTA,2011,12,28,0,2.1,87.2,6.2,0.2,3.92,1.3,11.9,0,990,294,1,2.3,0,0,0,0,0,0,0,294,100,26,97
GVESTA,2011,12,28,1,1.6,87.8,6,-0.2,3.79,0.9,11.1,0,990,292,1.1,2.3,0,0,0,0,0,0,0,294,100,26,97
GVESTA,2011,12,28,2,1.4,85.9,5.8,-0.7,3.67,0.6,10.6,0,989.6,284,0.8,1.9,0,0,0,0,0,0,0,294,100,26,97
GVESTA,2011,12,28,3,1,87.1,5.7,-0.9,3.6,0.3,10,0,989.2,309,0.7,2.2,0,0,0,0,0,0,0,293,100,26,97
GVESTA,2011,12,28,4,0.7,85.8,5.5,-1.4,3.48,-0.1,9.4,0,988.9,309,0.7,1.9,0,0,0,0,0,0,0,293,100,26,97
GVESTA,2011,12,28,5,0.1,87.7,5.4,-1.7,3.42,-0.6,8.6,0,988.7,302,1.3,2.3,0,0,0,0,0,0,0,293,100,26,97
GVESTA,2011,12,28,6,-0.2,89.6,5.4,-1.7,3.42,-0.8,8.3,0,988.3,304,1.5,2.7,0,0,0,0,0,0,0,294,100,26,97
GVESTA,2011,12,28,7,0.1,87.7,5.4,-1.7,3.42,-0.6,8.6,0,988.1,280,1.2,2.2,4,0,4,3,3,2,3,288,100,26,97
GVESTA,2011,12,28,8,0.3,88.3,5.5,-1.4,3.48,-0.4,9,0,987.5,288,1,2,19,0,19,12,12,12,12,277,100,26,97
GVESTA,2011,12,28,9,0.6,87.7,5.6,-1.2,3.55,-0.1,9.5,0,987.2,246,1,2.6,29,0,29,18,17,17,17,261,100,26,97
GVESTA,2011,12,28,10,0.2,89,5.5,-1.4,3.49,-0.4,8.9,0,986.6,232,1.3,3,62,0,62,38,38,37,38,277,100,26,97
GVESTA,2011,12,28,11,0.4,89,5.6,-1.2,3.55,-0.2,9.3,0,985.9,270,0.7,2.2,75,0,75,46,45,45,45,290,100,26,97
GVESTA,2011,12,28,12,0.7,90.3,5.8,-0.7,3.68,0.2,9.9,0,985.4,342,0.8,4.7,81,0,81,50,49,49,49,294,100,26,97
GVESTA,2011,12,28,13,1.2,88.4,5.9,-0.5,3.75,0.5,10.6,0,985,180,0.5,2.2,74,2,74,45,45,46,46,299,100,26,97
GVESTA,2011,12,28,14,1.5,88.4,6,-0.2,3.81,0.8,11,0,984.5,315,0.9,2.2,29,0,29,18,18,18,18,305,100,26,97
GVESTA,2011,12,28,15,1.8,86.5,6,-0.2,3.82,1,11.3,0,984.2,248,0.7,3,1,0,1,1,1,1,1,307,100,26,97
GVESTA,2011,12,28,16,1.5,86.5,5.9,-0.5,3.75,0.7,10.9,0,984.1,286,0.7,2.4,0,0,0,0,0,0,0,306,100,26,97
GVESTA,2011,12,28,17,1.4,87.1,5.9,-0.5,3.75,0.6,10.8,0,984.2,299,1.1,3.9,0,0,0,0,0,0,0,306,100,26,97
GVESTA,2011,12,28,18,1.6,85.9,5.9,-0.5,3.75,0.8,11,0,983.9,315,0.7,2.2,0,0,0,0,0,0,0,306,100,26,97
GVESTA,2011,12,28,19,1.6,87.8,6,-0.2,3.82,0.9,11.1,0,983.8,310,0.8,2.2,0,0,0,0,0,0,0,308,100,26,97
GVESTA,2011,12,28,20,1.4,87.1,5.9,-0.5,3.75,0.6,10.8,0,983.4,310,0.8,2.1,0,0,0,0,0,0,0,309,100,26,97
GVESTA,2011,12,28,21,0.9,85.8,5.6,-1.2,3.56,0.1,9.8,0,983.8,236,0.9,2.2,0,0,0,0,0,0,0,307,100,26,97
GVESTA,2011,12,28,22,0.2,87,5.4,-1.7,3.43,-0.5,8.8,0,983.7,349,0.8,2.4,0,0,0,0,0,0,0,308,100,26,97
GVESTA,2011,12,28,23,0.8,83.3,5.4,-1.7,3.43,-0.2,9.4,0,984,270,0.9,3,0,0,0,0,0,0,0,306,100,26,97
GVESTA,2011,12,29,0,1.8,82.2,5.7,-0.9,3.62,0.7,10.9,0,983.8,18,1.2,4,0,0,0,0,0,0,0,298,64,25,97
GVESTA,2011,12,29,1,2.5,82.3,6,-0.2,3.82,1.4,12.1,0,984,90,0.2,1.2,0,0,0,0,0,0,0,309,100,25,97
GVESTA,2011,12,29,2,2.4,82.9,6,-0.2,3.82,1.3,12,0,983.8,278,0.8,2,0,0,0,0,0,0,0,312,100,25,97
GVESTA,2011,12,29,3,2.7,83.6,6.2,0.2,3.95,1.7,12.6,0.2,983.4,256,0.7,1.6,0,0,0,0,0,0,0,310,100,25,97
GVESTA,2011,12,29,4,2.9,83.6,6.3,0.4,4.01,1.9,12.9,0.1,983.2,261,0.7,1.9,0,0,0,0,0,0,0,309,100,25,97
GVESTA,2011,12,29,5,3,84.2,6.4,0.6,4.07,2,13.2,0,983.5,270,1,3.9,0,0,0,0,0,0,0,307,100,25,97
GVESTA,2011,12,29,6,3.8,83.7,6.7,1.3,4.26,2.7,14.5,0,983.9,45,0.9,3.8,0,0,0,0,0,0,0,306,100,25,97
GVESTA,2011,12,29,7,3.6,84.9,6.7,1.3,4.26,2.6,14.3,0,984.5,45,1.1,3.4,14,26,12,7,28,25,7,295,35,25,97
GVESTA,2011,12,29,8,2.8,87.3,6.5,0.9,4.13,2,13.1,0,985,75,1.2,4.2,140,515,57,35,394,438,35,280,16,25,97
GVESTA,2011,12,29,9,6.2,61.2,5.8,-0.7,3.68,3.3,15.5,0,985.4,345,1.5,5,241,636,76,50,387,622,51,282,35,25,97
GVESTA,2011,12,29,10,7,51.9,5.2,-2.2,3.3,3.2,15.3,0,985,6,2.1,4.5,231,272,140,85,166,361,84,294,60,25,97
GVESTA,2011,12,29,11,7,55,5.5,-1.4,3.49,3.5,15.8,0,984.6,349,1.9,6,216,317,105,66,102,388,85,295,60,25,97
GVESTA,2011,12,29,12,7.3,45.8,4.7,-3.6,2.99,3,14.8,0,984,330,2.5,7.5,142,88,114,68,68,158,102,299,68,25,97
GVESTA,2011,12,29,13,6.6,52.2,5.1,-2.5,3.24,2.9,14.8,0,984.7,333,2.5,7.6,88,185,37,23,23,195,113,305,88,25,97
GVESTA,2011,12,29,14,6.7,49.9,4.9,-3,3.11,2.8,14.5,0,984.7,347,1.4,4.8,26,17,24,15,15,27,27,306,100,25,97
GVESTA,2011,12,29,15,6,53.6,5,-2.7,3.18,2.5,14,0,983.9,258,1.5,3.7,12,4,11,7,7,10,10,292,74,25,97
GVESTA,2011,12,29,16,4.6,61.3,5.2,-2.2,3.3,1.9,12.9,0,983.9,266,1.6,3.4,0,0,0,0,0,0,0,294,71,25,97
GVESTA,2011,12,29,17,4.7,59.5,5.1,-2.5,3.24,1.9,12.8,0,984.6,279,2.1,3.4,0,0,0,0,0,0,0,292,64,25,97
GVESTA,2011,12,29,18,4.3,64,5.3,-1.9,3.37,1.8,12.8,0,984.3,210,2.2,4.4,0,0,0,0,0,0,0,296,100,25,97
GVESTA,2011,12,29,19,4,65.4,5.3,-1.9,3.37,1.7,12.5,0,983.9,227,2.5,4,0,0,0,0,0,0,0,300,100,25,97
GVESTA,2011,12,29,20,3.8,66.3,5.3,-1.9,3.37,1.5,12.3,0,983.5,232,1.9,3.3,0,0,0,0,0,0,0,301,100,25,97
GVESTA,2011,12,29,21,3.8,63.4,5.1,-2.5,3.24,1.3,11.9,0,982.8,210,3.2,5.9,0,0,0,0,0,0,0,303,100,25,97
GVESTA,2011,12,29,22,3.8,66.3,5.3,-1.9,3.37,1.5,12.3,0,982.2,212,4.6,7.9,0,0,0,0,0,0,0,302,90,25,97
GVESTA,2011,12,29,23,3.7,66.7,5.3,-1.9,3.38,1.5,12.2,0,981.4,230,3.8,6,0,0,0,0,0,0,0,303,94,25,97
GVESTA,2011,12,30,0,3.1,73.3,5.6,-1.2,3.57,1.4,12.1,0,980.6,244,3.9,7.2,0,0,0,0,0,0,0,306,100,25,97
GVESTA,2011,12,30,1,1.8,86.5,6,-0.2,3.83,1,11.4,0.4,979.9,237,5.2,10.2,0,0,0,0,0,0,0,308,100,25,97
GVESTA,2011,12,30,2,2,86.6,6.1,0,3.9,1.2,11.8,0.5,978.9,229,5.6,9.9,0,0,0,0,0,0,0,310,100,25,97
GVESTA,2011,12,30,3,1.8,87.8,6.1,0,3.9,1.1,11.6,1,978,237,4.9,7.8,0,0,0,0,0,0,0,310,100,25,97
GVESTA,2011,12,30,4,1.7,88.4,6.1,0,3.91,1,11.5,2.1,977.2,225,4.4,7.5,0,0,0,0,0,0,0,311,100,25,97
GVESTA,2011,12,30,5,2.2,86.6,6.2,0.2,3.98,1.4,12.1,1.6,976.2,224,4.2,8.1,0,0,0,0,0,0,0,312,100,25,97
GVESTA,2011,12,30,6,2.6,85.4,6.3,0.4,4.04,1.7,12.7,1.1,975.9,214,5.1,8.9,0,0,0,0,0,0,0,313,100,25,97
GVESTA,2011,12,30,7,2.6,86.6,6.4,0.6,4.11,1.8,12.9,1.6,975.5,219,5,9.4,12,11,11,7,16,15,7,307,81,25,97
GVESTA,2011,12,30,8,3.1,85.4,6.5,0.9,4.17,2.2,13.6,0.3,975.8,241,2.6,7.3,25,0,25,15,15,15,15,313,100,25,97
GVESTA,2011,12,30,9,3.3,85.5,6.6,1.1,4.23,2.4,13.9,0.6,976.6,252,2,4.5,34,0,34,21,21,21,21,314,100,25,97
GVESTA,2011,12,30,10,3.7,86.7,6.9,1.7,4.43,2.8,14.8,0.1,976.5,215,2.3,5.1,51,0,51,31,31,31,31,314,100,25,97
GVESTA,2011,12,30,11,4.7,85.6,7.3,2.5,4.68,3.7,16.5,1.2,976.9,180,1,3.8,51,0,51,31,31,31,31,315,100,25,97
GVESTA,2011,12,30,12,5,78.1,6.8,1.5,4.36,3.5,16,0.4,976.3,218,2,6.1,42,0,41,25,25,25,25,315,100,25,97
GVESTA,2011,12,30,13,4.5,84.4,7.1,2.1,4.56,3.4,15.9,0,976.6,234,2.8,5.5,13,0,13,8,8,8,8,315,100,25,97
GVESTA,2011,12,30,14,4.2,83.7,6.9,1.7,4.42,3.1,15.3,0,977,232,2.9,5.4,21,12,19,12,12,21,21,315,100,25,97
GVESTA,2011,12,30,15,3.9,83.1,6.7,1.3,4.29,2.8,14.7,0.1,977.3,237,3.4,5.4,2,0,2,1,1,1,1,316,100,25,97
GVESTA,2011,12,30,16,3.8,82.5,6.6,1.1,4.23,2.6,14.4,0,978,249,2.7,5.1,0,0,0,0,0,0,0,316,100,25,97
GVESTA,2011,12,30,17,4.3,79.6,6.6,1.1,4.22,2.9,14.9,0,978.8,360,1.2,4.7,0,0,0,0,0,0,0,316,100,25,97
GVESTA,2011,12,30,18,4.3,80.8,6.7,1.3,4.29,3,15.1,0,979,288,1,2.9,0,0,0,0,0,0,0,315,100,25,97
GVESTA,2011,12,30,19,3.6,83.7,6.6,1.1,4.22,2.5,14.2,0.4,978.9,242,2.8,5.9,0,0,0,0,0,0,0,315,100,25,97
GVESTA,2011,12,30,20,2.7,86,6.4,0.6,4.09,1.8,13,1.4,978.9,240,3.4,6.5,0,0,0,0,0,0,0,314,100,25,97
GVESTA,2011,12,30,21,2.4,85.4,6.2,0.2,3.97,1.5,12.3,1.1,978.5,248,1.8,3.7,0,0,0,0,0,0,0,314,100,25,97
GVESTA,2011,12,30,22,2.1,86,6.1,0,3.9,1.2,11.9,0.8,978.1,223,2,3.7,0,0,0,0,0,0,0,313,100,25,97
GVESTA,2011,12,30,23,2.2,87.9,6.3,0.4,4.04,1.5,12.3,0.3,977.3,219,2.9,3.9,0,0,0,0,0,0,0,313,100,25,97
GVESTA,2011,12,31,0,2.5,86,6.3,0.4,4.04,1.6,12.6,0.6,976.6,221,2,3.2,0,0,0,0,0,0,0,313,100,25,97
GVESTA,2011,12,31,1,2.4,86.6,6.3,0.4,4.04,1.6,12.5,1.2,976.4,215,1.6,3,0,0,0,0,0,0,0,314,100,25,97
GVESTA,2011,12,31,2,2.1,87.2,6.2,0.2,3.98,1.3,12,1.6,976,219,1.2,2.1,0,0,0,0,0,0,0,315,100,25,97
GVESTA,2011,12,31,3,2.6,85.4,6.3,0.4,4.04,1.7,12.7,0.7,975.3,288,0.8,1.8,0,0,0,0,0,0,0,316,100,25,97
GVESTA,2011,12,31,4,2.8,85.4,6.4,0.6,4.11,1.9,13.1,0.8,974.6,279,1.2,2.4,0,0,0,0,0,0,0,317,88,25,97
GVESTA,2011,12,31,5,3.1,85.4,6.5,0.9,4.18,2.2,13.6,1.4,974.3,253,1.1,2.2,0,0,0,0,0,0,0,318,100,25,97
GVESTA,2011,12,31,6,4,83.7,6.8,1.5,4.37,2.9,15,1.2,974.4,264,1,3.2,0,0,0,0,0,0,0,320,94,25,97
GVESTA,2011,12,31,7,4.5,83.2,7,1.9,4.5,3.4,15.8,0.9,975.4,304,1.1,3.2,8,12,7,5,14,13,4,320,94,25,97
GVESTA,2011,12,31,8,4.5,84.4,7.1,2.1,4.56,3.4,15.9,2.1,975.6,282,1.5,3.2,47,34,42,26,51,52,25,322,88,25,97
GVESTA,2011,12,31,9,4.8,85,7.3,2.5,4.69,3.8,16.6,0.8,976.3,266,1.4,3.5,57,3,57,35,35,36,34,326,100,25,97
GVESTA,2011,12,31,10,4.9,86.9,7.5,2.9,4.82,4,17,1.2,976.3,263,1.6,3.8,118,27,110,67,78,92,66,329,94,25,97
GVESTA,2011,12,31,11,5.8,85.7,7.9,3.6,5.08,4.8,18.6,0.4,976,256,1.2,2.8,96,3,95,58,58,60,57,331,100,25,97
GVESTA,2011,12,31,12,6,85.8,8,3.8,5.14,5,18.9,0.3,975.9,245,1.7,4,102,1,101,62,61,62,62,329,100,25,97
GVESTA,2011,12,31,13,6.8,84.1,8.3,4.3,5.34,5.6,20.2,0,975.9,266,1.5,3.3,195,282,115,69,69,336,214,326,71,25,97
GVESTA,2011,12,31,14,7.1,83.5,8.4,4.5,5.4,5.9,20.7,0,976.5,330,0.9,1.8,70,109,48,29,29,120,101,334,88,25,97
GVESTA,2011,12,31,15,7.1,83.5,8.4,4.5,5.39,5.9,20.7,0,976.9,300,1,2.3,24,97,16,10,10,75,85,335,88,25,97
GVESTA,2011,12,31,16,7.1,83.5,8.4,4.5,5.39,5.9,20.7,0,977,274,1.4,3,0,0,0,0,0,0,0,335,100,25,97
GVESTA,2011,12,31,17,7.2,81.8,8.3,4.3,5.33,5.8,20.6,0,977.1,280,1.1,2.8,0,0,0,0,0,0,0,336,100,25,97
GVESTA,2011,12,31,18,6.9,83.5,8.3,4.3,5.33,5.7,20.3,0,977.1,294,1.3,2.4,0,0,0,0,0,0,0,336,100,25,97
GVESTA,2011,12,31,19,7.3,82.4,8.4,4.5,5.39,6,20.9,0,977.3,294,1.2,2.5,0,0,0,0,0,0,0,333,94,25,97
GVESTA,2011,12,31,20,7.3,85.3,8.7,5,5.59,6.2,21.4,0.1,977.4,274,1.4,2.9,0,0,0,0,0,0,0,337,94,25,97
GVESTA,2011,12,31,21,7.6,84.2,8.8,5.1,5.65,6.4,21.8,0.2,977.4,255,1.2,2.3,0,0,0,0,0,0,0,337,100,25,97
GVESTA,2011,12,31,22,7.4,85.3,8.8,5.1,5.65,6.3,21.6,0,977.5,265,1.3,3,0,0,0,0,0,0,0,338,100,25,97
GVESTA,2011,12,31,23,7.8,83,8.8,5.1,5.65,6.5,22,0.1,977.7,307,0.6,2.2,0,0,0,0,0,0,0,338,94,25,97
