station,time.yy,time.mm,time.dd,time.hh,temp,relhum,vappres,dewpt,mixratio,wetbulb,enthalpy,precip,airpres,winddir,windmean,windmax,rad.global,rad.direct,rad.diffus,rad.vert.N,rad.vert.E,rad.vert.S,rad.vert.W,ir.horiz,cloudcov,albedo,emissivity
TAE,2013,1,1,0,-4.6,85.3,3.8,-6.8,2.53,-5.3,1.6,0,949.9,191,0.5,1.3,0,0,0,0,0,0,0,263,94,32,98
TAE,2013,1,1,1,-3,83.7,4.2,-5.5,2.77,-3.9,3.8,0,949.3,146,0.4,1.4,0,0,0,0,0,0,0,264,81,32,98
TAE,2013,1,1,2,-1.5,80.5,4.5,-4.6,2.93,-2.6,5.8,0,948.9,194,0.5,2,0,0,0,0,0,0,0,270,100,32,98
TAE,2013,1,1,3,0.2,76.4,4.7,-3.6,3.11,-1.2,8,0,948.4,191,2.1,4.5,0,0,0,0,0,0,0,271,100,32,98
TAE,2013,1,1,4,1.6,71.8,4.9,-3.1,3.21,-0.2,9.6,0,948,117,0.6,3.4,0,0,0,0,0,0,0,272,100,32,98
TAE,2013,1,1,5,2.8,66,4.9,-3,3.22,0.6,10.9,0,947.8,76,0.4,2,0,0,0,0,0,0,0,267,94,32,98
TAE,2013,1,1,6,3.8,61.5,4.9,-3,3.22,1.1,11.9,0,947.6,202,0.8,5.3,0,0,0,0,0,0,0,277,94,32,98
TAE,2013,1,1,7,4.9,56.2,4.8,-3.2,3.19,1.7,12.9,0,947.6,224,3.4,8.6,1,0,1,1,1,1,1,286,100,32,98
TAE,2013,1,1,8,6.3,49.1,4.7,-3.6,3.1,2.4,14.1,0,947.5,232,3.9,11.7,7,0,7,5,5,5,5,292,100,32,98
TAE,2013,1,1,9,6.1,51.7,4.9,-3.1,3.23,2.4,14.2,0,948,230,4.3,11.5,95,17,91,59,67,72,57,297,100,32,98
TAE,2013,1,1,10,6.8,51.4,5.1,-2.5,3.36,3,15.3,0,948.3,225,4.5,10.8,119,8,116,76,77,80,73,305,100,32,98
TAE,2013,1,1,11,6.8,53.3,5.2,-2,3.43,3.2,15.4,0,948.4,226,3.5,8.2,49,0,49,32,31,30,31,311,100,32,98
TAE,2013,1,1,12,6.5,61.6,5.9,-0.3,3.89,3.6,16.3,0.4,948.5,227,3.3,8.8,72,1,71,46,46,45,45,315,100,32,98
TAE,2013,1,1,13,5.5,75.9,6.8,1.6,4.49,3.8,16.8,2,948.8,217,3,7.3,13,0,13,9,9,8,8,315,100,32,98
TAE,2013,1,1,14,5,83.7,7.3,2.5,4.82,3.9,17.1,2.3,949.3,211,3.9,8.3,6,0,6,4,4,4,4,315,100,32,98
TAE,2013,1,1,15,4.6,87.7,7.5,2.7,4.95,3.7,17,2.4,949.6,214,3.3,8.2,0,0,0,0,0,0,0,315,100,32,98
TAE,2013,1,1,16,4.4,89.3,7.5,2.8,4.95,3.7,16.8,1.8,949.7,213,2.8,5.8,0,0,0,0,0,0,0,315,100,32,98
TAE,2013,1,1,17,4.6,87.9,7.4,2.8,4.88,3.8,16.9,0.5,949.9,218,2.5,6.5,0,0,0,0,0,0,0,315,100,32,98
TAE,2013,1,1,18,4.7,88,7.5,2.9,4.95,3.9,17.1,0.5,950.2,215,3.6,8.9,0,0,0,0,0,0,0,315,100,32,98
TAE,2013,1,1,19,4.5,87.1,7.3,2.5,4.81,3.6,16.6,0.6,950.6,204,3.8,9,0,0,0,0,0,0,0,314,100,32,98
TAE,2013,1,1,20,4.3,86.9,7.2,2.3,4.75,3.4,16.2,0.3,951,216,3.1,7.8,0,0,0,0,0,0,0,311,94,32,98
TAE,2013,1,1,21,4.7,87.1,7.4,2.7,4.88,3.8,16.9,0.2,951.4,218,2.9,7.2,0,0,0,0,0,0,0,313,100,32,98
TAE,2013,1,1,22,4.5,89.2,7.5,2.9,4.94,3.8,16.9,0.6,952,233,2.1,7.5,0,0,0,0,0,0,0,312,100,32,98
TAE,2013,1,1,23,4.4,91.2,7.6,3.1,5,3.8,17,0.4,952.6,242,2,5.2,0,0,0,0,0,0,0,311,100,32,98
TAE,2013,1,2,0,4.2,92.8,7.7,3.1,5.06,3.7,16.9,0.2,953.4,267,1.7,3.7,0,0,0,0,0,0,0,309,100,30,98
TAE,2013,1,2,1,4.1,88.8,7.3,2.4,4.79,3.3,16.1,0.4,954.5,274,1.5,3.7,0,0,0,0,0,0,0,305,100,30,98
TAE,2013,1,2,2,2.7,90.9,6.8,1.4,4.46,2.1,13.9,1.8,955.6,252,1.6,4.6,0,0,0,0,0,0,0,301,100,30,98
TAE,2013,1,2,3,2.2,93.2,6.6,1.2,4.32,1.8,13,0.1,956.3,220,0.9,2.3,0,0,0,0,0,0,0,296,100,30,98
TAE,2013,1,2,4,1.8,95.6,6.7,1.2,4.39,1.5,12.8,0,956.8,169,0.7,1.6,0,0,0,0,0,0,0,293,100,30,98
TAE,2013,1,2,5,1.7,95.6,6.6,1.1,4.32,1.4,12.5,0,957.4,171,0.6,1.2,0,0,0,0,0,0,0,287,100,30,98
TAE,2013,1,2,6,1.5,94,6.4,0.6,4.18,1.1,12,0,958.2,236,0.4,1.7,0,0,0,0,0,0,0,283,88,30,98
TAE,2013,1,2,7,1.1,95.3,6.3,0.4,4.11,0.8,11.4,0,959.3,194,0.5,1.3,15,25,14,9,28,25,8,278,81,30,98
TAE,2013,1,2,8,1.9,91.1,6.4,0.6,4.17,1.4,12.3,0,960.3,225,0.6,2,146,512,58,39,379,454,39,277,43,30,98
TAE,2013,1,2,9,1.4,93.8,6.3,0.5,4.1,1,11.7,0,961.3,180,0.3,1,152,158,112,71,157,218,69,285,61,30,98
TAE,2013,1,2,10,3.3,85.1,6.5,1,4.23,2.3,13.9,0,961.7,247,0.7,2.7,128,120,89,57,85,180,56,287,75,30,98
TAE,2013,1,2,11,3.8,80.4,6.5,0.7,4.23,2.5,14.4,0,961.7,263,1.7,4.7,211,181,151,97,102,282,125,280,58,30,98
TAE,2013,1,2,12,4.1,77.3,6.3,0.5,4.1,2.6,14.4,0,962,238,1.6,4.3,314,767,77,63,64,812,307,283,36,30,98
TAE,2013,1,2,13,3.9,75.9,6.1,0,3.97,2.3,13.9,0,962.5,234,0.8,2.3,50,12,47,30,30,39,37,281,75,30,98
TAE,2013,1,2,14,3.9,74.6,6,-0.2,3.9,2.2,13.7,0,963.3,333,1,2.6,31,2,30,19,19,20,20,275,81,30,98
TAE,2013,1,2,15,3,82.7,6.3,0.4,4.09,1.9,13.3,0,963.8,198,0.6,1.3,2,0,2,1,1,1,1,255,35,30,98
TAE,2013,1,2,16,0.9,91.8,6,-0.3,3.89,0.4,10.6,0,964.7,216,0.9,2,0,0,0,0,0,0,0,248,0,30,98
TAE,2013,1,2,17,-0.3,94.3,5.6,-1.1,3.63,-0.6,8.7,0,965.4,210,0.8,1.9,0,0,0,0,0,0,0,253,0,30,98
TAE,2013,1,2,18,-0.5,94.1,5.5,-1.3,3.56,-0.8,8.4,0,966.1,230,0.8,1.6,0,0,0,0,0,0,0,244,0,30,98
TAE,2013,1,2,19,-1.1,95.6,5.4,-1.7,3.49,-1.3,7.6,0,966.5,231,0.6,1.5,0,0,0,0,0,0,0,241,0,30,98
TAE,2013,1,2,20,-1.7,96.3,5.2,-2.2,3.36,-1.9,6.7,0,966.8,207,0.7,1.4,0,0,0,0,0,0,0,240,0,30,98
TAE,2013,1,2,21,-2.3,98.2,5.1,-2.5,3.3,-2.4,5.9,0,967.2,180,0.2,0.6,0,0,0,0,0,0,0,239,0,30,98
TAE,2013,1,2,22,-2.3,96.5,5,-2.8,3.23,-2.5,5.7,0,967.5,153,0.5,1.1,0,0,0,0,0,0,0,238,0,30,98
TAE,2013,1,2,23,-2.7,97.8,4.9,-3,3.17,-2.8,5.2,0,967.7,162,0.3,1.3,0,0,0,0,0,0,0,237,0,30,98
TAE,2013,1,3,0,-2.6,96.9,4.9,-3,3.16,-2.7,5.3,0,968,162,0.3,1.2,0,0,0,0,0,0,0,237,6,28,98
TAE,2013,1,3,1,-3.3,94.9,4.6,-4,2.97,-3.5,4.1,0,968.7,191,0.6,1.3,0,0,0,0,0,0,0,243,31,28,98
TAE,2013,1,3,2,-3.1,96.1,4.7,-3.6,3.03,-3.3,4.4,0,969.4,169,0.6,1.9,0,0,0,0,0,0,0,244,0,28,98
TAE,2013,1,3,3,-3.3,95.3,4.6,-3.9,2.96,-3.5,4,0,969.6,135,0.2,1.2,0,0,0,0,0,0,0,249,20,28,98
TAE,2013,1,3,4,-1.2,87.8,4.9,-3,3.16,-1.9,6.7,0,970,230,0.8,3.8,0,0,0,0,0,0,0,260,60,28,98
TAE,2013,1,3,5,0.9,78.8,5.1,-2.4,3.29,-0.4,9.1,0,970.3,247,1.4,3.1,0,0,0,0,0,0,0,278,71,28,98
TAE,2013,1,3,6,1.5,74.3,5.1,-2.6,3.29,-0.1,9.7,0,970.6,279,1.4,4.8,0,0,0,0,0,0,0,277,64,28,98
TAE,2013,1,3,7,1.6,73,5,-2.7,3.22,0,9.6,0,971.2,227,1.7,5.3,15,37,12,8,36,33,7,281,68,28,98
TAE,2013,1,3,8,1.7,71.8,4.9,-2.8,3.15,0,9.6,0,971.8,225,1.4,4.9,146,520,58,38,386,457,38,267,33,28,98
TAE,2013,1,3,9,2.9,65.4,4.9,-2.9,3.15,0.7,10.8,0,972.3,274,1.6,5.6,235,627,75,54,369,624,54,269,33,28,98
TAE,2013,1,3,10,3.8,62.1,5,-2.8,3.22,1.2,11.9,0,972.2,227,2.3,8.3,49,7,47,30,32,35,29,298,90,28,98
TAE,2013,1,3,11,3.4,66.2,5.2,-2.3,3.34,1.2,11.8,0,972.4,218,1.6,5.2,20,0,20,13,13,12,13,305,100,28,98
TAE,2013,1,3,12,3.5,68.3,5.3,-1.8,3.41,1.4,12,0.1,972.5,234,1.8,4.7,42,1,42,26,26,26,26,308,88,28,98
TAE,2013,1,3,13,3.6,69.2,5.5,-1.5,3.54,1.5,12.5,0,972.5,236,1.1,4,11,0,11,7,7,7,7,309,100,28,98
TAE,2013,1,3,14,3.4,70.7,5.5,-1.4,3.54,1.5,12.3,0.2,972.7,247,0.8,2.7,34,49,25,15,15,56,48,310,94,28,98
TAE,2013,1,3,15,3.2,73.9,5.7,-1,3.67,1.5,12.4,0.1,973,252,1,4.8,1,0,1,0,0,0,0,308,88,28,98
TAE,2013,1,3,16,3.5,73.1,5.7,-0.9,3.66,1.7,12.7,0,973.3,234,2,8.3,0,0,0,0,0,0,0,309,94,28,98
TAE,2013,1,3,17,4.2,67.8,5.6,-1.2,3.6,2,13.2,0,973.4,281,1.7,5.9,0,0,0,0,0,0,0,308,81,28,98
TAE,2013,1,3,18,5.3,54.4,4.8,-3.1,3.08,2,13,0,973.5,253,1.7,4.7,0,0,0,0,0,0,0,311,88,28,98
TAE,2013,1,3,19,5.3,55,4.9,-3,3.15,2,13.2,0,973.6,234,1.4,4.9,0,0,0,0,0,0,0,314,100,28,98
TAE,2013,1,3,20,5.4,52.5,4.7,-3.5,3.02,1.9,13,0,973.4,236,2.2,6.4,0,0,0,0,0,0,0,314,94,28,98
TAE,2013,1,3,21,5.5,56.6,5.1,-2.4,3.28,2.3,13.7,0,973.5,250,2.3,6.6,0,0,0,0,0,0,0,315,94,28,98
TAE,2013,1,3,22,5.8,59.2,5.5,-1.5,3.53,2.8,14.7,0,973.6,245,1.7,5.4,0,0,0,0,0,0,0,315,94,28,98
TAE,2013,1,3,23,6.1,60.3,5.7,-1,3.66,3.1,15.3,0,973.3,227,1.8,6.6,0,0,0,0,0,0,0,316,100,28,98
TAE,2013,1,4,0,6.2,67,6.3,0.5,4.05,3.7,16.4,0,973.2,237,2.2,7.5,0,0,0,0,0,0,0,316,100,31,98
TAE,2013,1,4,1,6.2,64,6,-0.1,3.86,3.5,15.9,0,973.4,225,1.5,5.8,0,0,0,0,0,0,0,317,100,31,98
TAE,2013,1,4,2,6.1,71,6.7,1.2,4.31,3.9,16.9,0,973.4,253,1.4,4.9,0,0,0,0,0,0,0,317,100,31,98
TAE,2013,1,4,3,6.2,75.6,7.1,2.2,4.57,4.4,17.7,0,973,232,1.8,6.4,0,0,0,0,0,0,0,318,100,31,98
TAE,2013,1,4,4,6.1,81.6,7.7,3.2,4.96,4.8,18.6,0.1,973.9,266,1.7,6.1,0,0,0,0,0,0,0,318,100,31,98
TAE,2013,1,4,5,5.7,79,7.2,2.3,4.64,4.2,17.4,0.1,972.9,236,1.9,5.3,0,0,0,0,0,0,0,315,81,31,98
TAE,2013,1,4,6,5.9,79.4,7.4,2.6,4.77,4.4,17.9,0,973.1,242,2,6.2,0,0,0,0,0,0,0,293,33,31,98
TAE,2013,1,4,7,6.2,78.8,7.5,2.8,4.83,4.6,18.4,0,973.2,234,1.7,4.9,2,0,2,1,1,1,1,308,66,31,98
TAE,2013,1,4,8,6.3,79.6,7.6,3,4.9,4.8,18.6,0,973.3,231,1.4,3.7,40,22,37,24,40,40,23,316,74,31,98
TAE,2013,1,4,9,6.5,82.4,8,3.7,5.15,5.2,19.5,0,973.9,254,0.7,2.7,16,0,16,10,10,10,10,323,100,31,98
TAE,2013,1,4,10,7.2,81.5,8.3,4.3,5.35,5.8,20.7,0,973.8,238,1,3.5,41,0,41,26,26,25,25,325,88,31,98
TAE,2013,1,4,11,7.5,79.9,8.3,4.3,5.35,6,21,0,973,223,2.1,5.4,18,0,18,12,12,11,11,326,100,31,98
TAE,2013,1,4,12,7.7,80.9,8.5,4.6,5.48,6.2,21.5,0,972.5,234,1.9,4.2,22,0,22,14,14,13,14,327,100,31,98
TAE,2013,1,4,13,7.8,80.7,8.5,4.7,5.49,6.3,21.6,0,972.1,232,1.2,4.3,51,19,46,30,29,46,40,325,88,31,98
TAE,2013,1,4,14,7.7,81.4,8.6,4.7,5.55,6.2,21.7,0,972.1,270,1,2.6,13,0,13,9,8,8,8,327,94,31,98
TAE,2013,1,4,15,7.7,81,8.5,4.7,5.49,6.2,21.5,0,971.8,240,0.8,2.4,3,0,3,2,2,2,2,315,64,31,98
TAE,2013,1,4,16,7.5,81.5,8.4,4.5,5.42,6,21.2,0,971.5,235,1.3,5.1,0,0,0,0,0,0,0,327,100,31,98
TAE,2013,1,4,17,7.5,81.4,8.4,4.5,5.43,6,21.2,0,971.1,238,1.3,4,0,0,0,0,0,0,0,311,41,31,98
TAE,2013,1,4,18,7.4,83.1,8.6,4.7,5.56,6.1,21.4,0,971.3,228,1.2,3.6,0,0,0,0,0,0,0,310,0,31,98
TAE,2013,1,4,19,7.5,84.1,8.8,5,5.69,6.3,21.8,0,970.9,227,2,5.2,0,0,0,0,0,0,0,312,35,31,98
TAE,2013,1,4,20,7.4,85.4,8.8,5.1,5.69,6.3,21.7,0,970.6,257,1,3.5,0,0,0,0,0,0,0,316,41,31,98
TAE,2013,1,4,21,7.3,86.1,8.8,5.1,5.69,6.2,21.6,0,970.6,265,1.3,5.2,0,0,0,0,0,0,0,314,44,31,98
TAE,2013,1,4,22,7.2,86.5,8.8,5.1,5.69,6.2,21.5,0,970.6,236,1.5,4,0,0,0,0,0,0,0,316,63,31,98
TAE,2013,1,4,23,7.1,87,8.8,5.1,5.69,6.1,21.4,0,970.3,255,1.2,3.9,0,0,0,0,0,0,0,324,94,31,98
TAE,2013,1,5,0,7,87.6,8.8,5.1,5.7,6.1,21.3,0,969.9,258,1.5,3.4,0,0,0,0,0,0,0,326,100,29,98
TAE,2013,1,5,1,6.9,88.5,8.8,5.1,5.7,6,21.2,0,969.7,265,2.5,5.4,0,0,0,0,0,0,0,316,41,29,98
TAE,2013,1,5,2,6.9,87.8,8.8,5,5.7,6,21.2,0,969.5,258,2.4,6.1,0,0,0,0,0,0,0,322,63,29,98
TAE,2013,1,5,3,6.7,88.8,8.7,5,5.63,5.9,20.9,0,969.1,265,2.2,5.9,0,0,0,0,0,0,0,322,80,29,98
TAE,2013,1,5,4,6.6,87.4,8.6,4.7,5.57,5.7,20.6,0,968.9,254,1.8,4.7,0,0,0,0,0,0,0,326,94,29,98
TAE,2013,1,5,5,6.6,88,8.5,4.8,5.5,5.7,20.5,0,969.1,245,1.6,4.6,0,0,0,0,0,0,0,326,100,29,98
TAE,2013,1,5,6,6.6,87.3,8.5,4.6,5.5,5.6,20.4,0,969.3,248,1.6,4.1,0,0,0,0,0,0,0,326,100,29,98
TAE,2013,1,5,7,6.4,86.8,8.4,4.4,5.44,5.4,20.1,0,969.3,259,1.6,5,4,0,4,3,3,3,3,327,100,29,98
TAE,2013,1,5,8,6.5,86,8.3,4.3,5.37,5.4,20,0,969,253,2.1,5.8,38,4,37,24,26,26,23,327,100,29,98
TAE,2013,1,5,9,6.7,84.3,8.3,4.2,5.37,5.5,20.2,0,969.2,255,2.3,5.8,80,16,76,48,56,62,47,328,100,29,98
TAE,2013,1,5,10,6.8,84,8.3,4.3,5.37,5.6,20.3,0,969,264,2.7,5.9,18,0,18,12,11,11,11,328,100,29,98
TAE,2013,1,5,11,6.8,84.1,8.3,4.3,5.38,5.6,20.3,0,968.6,270,2.6,5.6,17,0,17,11,11,10,10,329,100,29,98
TAE,2013,1,5,12,6.8,84.3,8.3,4.3,5.38,5.6,20.3,0,968.2,267,2.1,4.4,15,0,15,9,9,9,9,329,100,29,98
TAE,2013,1,5,13,7,80.9,8.1,4,5.25,5.6,20.2,0,968.2,250,2.4,4.9,13,0,13,8,8,8,8,326,100,29,98
TAE,2013,1,5,14,6.8,81.3,8,3.8,5.18,5.4,19.8,0,968.3,266,2.8,5.8,7,0,7,5,5,5,5,327,100,29,98
TAE,2013,1,5,15,6.3,83.7,8,3.7,5.18,5.1,19.3,0,968.3,270,2.9,5,4,0,4,2,2,2,2,326,94,29,98
TAE,2013,1,5,16,5.9,85.1,7.9,3.6,5.11,4.8,18.8,0,968.8,268,2.7,4.9,0,0,0,0,0,0,0,325,100,29,98
TAE,2013,1,5,17,5.6,86,7.8,3.4,5.05,4.6,18.3,0,968.9,264,1.8,4,0,0,0,0,0,0,0,325,100,29,98
TAE,2013,1,5,18,5.5,86.1,7.8,3.4,5.05,4.5,18.2,0,969,270,1,2.4,0,0,0,0,0,0,0,324,100,29,98
TAE,2013,1,5,19,5.2,90.1,8,3.7,5.18,4.5,18.2,0.3,969.2,248,0.6,1.6,0,0,0,0,0,0,0,315,71,29,98
TAE,2013,1,5,20,5.1,90.8,8,3.7,5.18,4.4,18.1,0.1,969.1,263,0.8,2.1,0,0,0,0,0,0,0,313,50,29,98
TAE,2013,1,5,21,5,91,7.9,3.7,5.11,4.4,17.8,0,968.7,239,0.6,1.8,0,0,0,0,0,0,0,308,35,29,98
TAE,2013,1,5,22,5,89,7.8,3.3,5.05,4.2,17.7,0,968.6,279,0.6,1.7,0,0,0,0,0,0,0,301,0,29,98
TAE,2013,1,5,23,5.1,87.9,7.7,3.3,4.99,4.3,17.6,0,968.2,276,0.9,2.8,0,0,0,0,0,0,0,297,6,29,98
TAE,2013,1,6,0,5,88.1,7.7,3.2,4.99,4.2,17.5,0,968,270,0.8,2.1,0,0,0,0,0,0,0,296,0,29,98
TAE,2013,1,6,1,5,87.4,7.6,3.1,4.92,4.1,17.4,0,968.7,270,0.9,2.4,0,0,0,0,0,0,0,298,10,29,98
TAE,2013,1,6,2,4.9,85.5,7.4,2.7,4.79,3.9,16.9,0,968.5,253,1.4,3.6,0,0,0,0,0,0,0,297,26,29,98
TAE,2013,1,6,3,4.8,86.5,7.5,2.7,4.85,3.8,17,0,968.4,270,1.7,5.6,0,0,0,0,0,0,0,297,0,29,98
TAE,2013,1,6,4,4.6,87.6,7.4,2.7,4.79,3.7,16.6,0,967.9,273,2,4,0,0,0,0,0,0,0,299,35,29,98
TAE,2013,1,6,5,4.6,87.7,7.4,2.7,4.79,3.7,16.6,0,967.4,260,1.2,3.8,0,0,0,0,0,0,0,294,36,29,98
TAE,2013,1,6,6,4.7,86.6,7.4,2.7,4.79,3.8,16.7,0,967.5,270,2.3,5.2,0,0,0,0,0,0,0,292,31,29,98
TAE,2013,1,6,7,4.5,88.2,7.4,2.7,4.8,3.7,16.5,0,967.2,232,1.8,5.8,16,85,9,6,71,64,6,305,48,29,98
TAE,2013,1,6,8,4.6,88.2,7.5,2.8,4.86,3.8,16.8,0,966.6,242,2,5.4,27,67,19,12,62,62,12,304,46,29,98
TAE,2013,1,6,9,4.8,88.2,7.5,3,4.86,4,17,0,966.8,249,2,5.8,12,0,12,8,8,7,8,319,100,29,98
TAE,2013,1,6,10,5.2,87.7,7.7,3.3,4.99,4.3,17.7,0,966.7,233,1.6,4.8,24,0,24,16,15,15,15,322,100,29,98
TAE,2013,1,6,11,5.3,86.8,7.7,3.3,5,4.4,17.9,0,966.3,265,2.4,6.2,18,0,18,11,11,11,11,322,100,29,98
TAE,2013,1,6,12,5.1,87,7.7,3.1,5,4.2,17.6,0,966.5,279,2.5,5.2,22,0,22,14,14,14,14,322,100,29,98
TAE,2013,1,6,13,4.6,87.7,7.4,2.7,4.8,3.7,16.7,0,966.1,283,2.2,5,34,1,33,21,21,21,21,321,88,29,98
TAE,2013,1,6,14,4.7,86.8,7.4,2.7,4.8,3.8,16.8,0,966.2,261,2,4.8,8,0,8,5,5,5,5,316,81,29,98
TAE,2013,1,6,15,4.3,89.4,7.4,2.7,4.8,3.6,16.3,0,966.4,305,1.9,3.9,1,0,1,1,1,1,1,315,78,29,98
TAE,2013,1,6,16,3.9,92.4,7.5,2.8,4.86,3.4,16.1,0,966.8,291,1.7,3.7,0,0,0,0,0,0,0,313,78,29,98
TAE,2013,1,6,17,3.8,91.6,7.3,2.6,4.73,3.3,15.7,0,966.4,223,2,5,0,0,0,0,0,0,0,297,51,29,98
TAE,2013,1,6,18,3.7,91,7.2,2.4,4.67,3.1,15.4,0,966.4,227,2.3,5.5,0,0,0,0,0,0,0,294,59,29,98
TAE,2013,1,6,19,3.7,89.7,7.1,2.2,4.6,3,15.2,0,966.7,252,1.5,4,0,0,0,0,0,0,0,298,71,29,98
TAE,2013,1,6,20,3.3,91.7,7.1,2.1,4.6,2.8,14.8,0,966.7,231,0.7,2.3,0,0,0,0,0,0,0,301,81,29,98
TAE,2013,1,6,21,3.6,89.8,7.1,2.1,4.6,2.9,15.1,0,966.4,270,1.1,2.9,0,0,0,0,0,0,0,300,81,29,98
TAE,2013,1,6,22,3,93.7,7.1,2.1,4.6,2.6,14.5,0,966.6,270,0.7,1.6,0,0,0,0,0,0,0,283,50,29,98
TAE,2013,1,6,23,2,96.3,6.8,1.5,4.41,1.8,13,0,966.5,135,0.5,1.1,0,0,0,0,0,0,0,277,26,29,98
TAE,2013,1,7,0,1.3,97.3,6.5,0.9,4.21,1.1,11.8,0,966.2,270,0.3,1.7,0,0,0,0,0,0,0,270,19,30,97
TAE,2013,1,7,1,2.3,98.2,7,2,4.54,2.2,13.7,0,966.1,0,0.6,2.4,0,0,0,0,0,0,0,266,6,30,97
TAE,2013,1,7,2,2.3,98.1,7.1,2,4.61,2.2,13.8,0,965.5,124,0.7,2.1,0,0,0,0,0,0,0,272,29,30,97
TAE,2013,1,7,3,2.3,97.7,7,2,4.54,2.2,13.7,0,965.1,141,0.8,2.8,0,0,0,0,0,0,0,292,71,30,97
TAE,2013,1,7,4,2,99.9,7,2,4.55,2,13.4,0,964.9,45,0.5,1.5,0,0,0,0,0,0,0,280,51,30,97
TAE,2013,1,7,5,2,100,7.1,2,4.61,2,13.5,0,964.9,67,0.8,2,0,0,0,0,0,0,0,268,19,30,97
TAE,2013,1,7,6,2.1,99.2,7,2,4.55,2.1,13.5,0,964.7,111,0.9,2.5,0,0,0,0,0,0,0,271,46,30,97
TAE,2013,1,7,7,1.8,99,6.9,1.7,4.48,1.8,13,0,964.9,127,0.6,2.1,1,0,1,1,1,1,1,277,69,30,97
TAE,2013,1,7,8,2,99.6,7,1.9,4.54,2,13.4,0,965.4,83,1,3,7,0,7,5,5,4,4,299,100,30,97
TAE,2013,1,7,9,2.1,99,7,2,4.54,2.1,13.5,0,965.8,67,1.3,3.1,15,0,15,9,9,9,9,305,100,30,97
TAE,2013,1,7,10,2.4,98.7,7.1,2.2,4.61,2.3,13.9,0,965.3,75,1.3,2.8,61,0,61,39,39,37,38,308,100,30,97
TAE,2013,1,7,11,3.2,94.6,7.3,2.4,4.74,2.8,15.1,0,964.5,102,1.4,5,19,0,19,12,12,11,12,311,100,30,97
TAE,2013,1,7,12,3.6,92,7.3,2.4,4.75,3.1,15.5,0,963.7,114,1.7,4.5,49,1,49,31,31,30,30,305,84,30,97
TAE,2013,1,7,13,4.1,88.7,7.3,2.4,4.75,3.3,16,0,963.8,61,1.1,2.6,31,0,31,20,20,19,19,303,45,30,97
TAE,2013,1,7,14,4.2,87.7,7.2,2.3,4.68,3.4,15.9,0,964.3,41,1.1,3.9,6,0,6,4,4,4,4,309,53,30,97
TAE,2013,1,7,15,4.4,85.6,7.1,2.2,4.61,3.4,16,0,964.2,83,0.8,2.5,11,0,11,7,7,7,7,304,65,30,97
TAE,2013,1,7,16,4.3,87.6,7.3,2.4,4.75,3.4,16.2,0,964.1,117,0.7,2.1,0,0,0,0,0,0,0,297,80,30,97
TAE,2013,1,7,17,4.1,88.7,7.3,2.4,4.75,3.3,16,0,963.9,198,0.5,1.3,0,0,0,0,0,0,0,304,100,30,97
TAE,2013,1,7,18,4,87.7,7.2,2.1,4.68,3.2,15.7,0,964.1,211,0.6,2.2,0,0,0,0,0,0,0,301,100,30,97
TAE,2013,1,7,19,3.4,89.4,7,1.8,4.55,2.7,14.8,0,963.8,215,1.2,3.2,0,0,0,0,0,0,0,294,84,30,97
TAE,2013,1,7,20,3.1,91.1,6.9,1.8,4.49,2.5,14.3,0,963.7,248,0.6,3,0,0,0,0,0,0,0,279,69,30,97
TAE,2013,1,7,21,3,91.7,7,1.8,4.55,2.5,14.4,0,963.7,315,0.4,1.1,0,0,0,0,0,0,0,277,56,30,97
TAE,2013,1,7,22,3.1,90.8,6.9,1.7,4.49,2.5,14.3,0,963.5,127,0.6,2.3,0,0,0,0,0,0,0,275,51,30,97
TAE,2013,1,7,23,2.9,91.4,6.8,1.6,4.42,2.3,14,0,963.1,194,0.8,2.3,0,0,0,0,0,0,0,270,64,30,97
TAE,2013,1,8,0,2.6,91.3,6.7,1.3,4.36,2,13.5,0,963.1,194,1,3,0,0,0,0,0,0,0,276,79,29,97
TAE,2013,1,8,1,2.5,91.3,6.7,1.2,4.36,1.9,13.4,0,963,174,0.9,2.4,0,0,0,0,0,0,0,286,94,29,97
TAE,2013,1,8,2,2.4,91.5,6.6,1.2,4.29,1.9,13.1,0,962.9,135,0.4,1.3,0,0,0,0,0,0,0,289,100,29,97
TAE,2013,1,8,3,2.5,91.5,6.7,1.3,4.36,2,13.4,0,962.5,150,0.8,1.8,0,0,0,0,0,0,0,286,100,29,97
TAE,2013,1,8,4,2.6,90.1,6.7,1.1,4.36,2,13.5,0,962.2,234,0.8,2.9,0,0,0,0,0,0,0,279,94,29,97
TAE,2013,1,8,5,2.5,90,6.6,1,4.3,1.9,13.3,0,961.9,270,0.8,2.4,0,0,0,0,0,0,0,282,100,29,97
TAE,2013,1,8,6,2.1,89.5,6.4,0.6,4.16,1.5,12.5,0,962.3,243,0.7,2.3,0,0,0,0,0,0,0,267,31,29,97
TAE,2013,1,8,7,1.8,90,6.3,0.3,4.1,1.2,12,0,962.5,225,1.1,2.9,28,157,16,10,133,115,10,266,19,29,97
TAE,2013,1,8,8,1.4,89.6,6.1,-0.1,3.97,0.8,11.3,0,962.8,232,1.2,4.8,132,387,59,40,295,354,40,265,38,29,97
TAE,2013,1,8,9,2.4,85.4,6.2,0.2,4.03,1.5,12.5,0,963.1,207,1,4.5,251,673,73,54,397,665,55,262,13,29,97
TAE,2013,1,8,10,3.1,83.8,6.4,0.6,4.16,2,13.5,0,963.2,59,0.7,2.3,326,778,73,62,281,822,64,268,23,29,97
TAE,2013,1,8,11,4.2,80.1,6.6,1.1,4.3,2.9,15,0,962.4,326,1.5,3.6,354,828,69,64,107,887,119,269,13,29,97
TAE,2013,1,8,12,5.2,74.5,6.6,1,4.3,3.4,16,0,961.9,318,1.3,3.3,326,751,86,66,66,801,306,277,39,29,97
TAE,2013,1,8,13,6.1,70.5,6.7,1.1,4.36,3.9,17.1,0,961.5,337,1.5,3.4,239,644,74,53,54,633,395,269,25,29,97
TAE,2013,1,8,14,6.1,70.8,6.7,1.2,4.36,3.9,17.1,0,961.8,326,1.4,4,135,522,50,34,34,440,396,271,29,29,97
TAE,2013,1,8,15,4.3,81,6.8,1.3,4.43,3,15.4,0,961.9,104,0.5,2.1,19,85,13,8,8,65,75,272,41,29,97
TAE,2013,1,8,16,1.8,87.8,6.1,0,3.97,1.1,11.7,0,961.7,90,0.7,1.7,0,0,0,0,0,0,0,275,41,29,97
TAE,2013,1,8,17,1.6,88.9,6.1,0,3.97,0.9,11.5,0,962,135,0.3,1.5,0,0,0,0,0,0,0,282,71,29,97
TAE,2013,1,8,18,0.7,90.2,5.8,-0.7,3.77,0.1,10.1,0,962.1,202,0.6,2.4,0,0,0,0,0,0,0,278,70,29,97
TAE,2013,1,8,19,-0.3,91.4,5.5,-1.5,3.58,-0.8,8.6,0,961.8,180,0.5,1.6,0,0,0,0,0,0,0,274,74,29,97
TAE,2013,1,8,20,-0.9,92.8,5.3,-1.9,3.45,-1.3,7.7,0,961.7,135,0.2,1,0,0,0,0,0,0,0,262,48,29,97
TAE,2013,1,8,21,-1.3,93,5.2,-2.3,3.38,-1.7,7.1,0,961.8,180,0.3,1,0,0,0,0,0,0,0,250,39,29,97
TAE,2013,1,8,22,-1.4,93.3,5.2,-2.3,3.38,-1.7,7,0,961.7,153,0.5,1.4,0,0,0,0,0,0,0,256,35,29,97
TAE,2013,1,8,23,-1.9,97.4,5.2,-2.3,3.38,-2,6.5,0,961.5,0,0.2,0.7,0,0,0,0,0,0,0,258,46,29,97
TAE,2013,1,9,0,-2.1,100,5.2,-2.1,3.38,-2.1,6.3,0,961.1,243,0.3,1.1,0,0,0,0,0,0,0,252,45,28,97
TAE,2013,1,9,1,-2.3,99.9,5.1,-2.3,3.32,-2.3,5.9,0,961.1,198,0.6,1.3,0,0,0,0,0,0,0,244,33,28,97
TAE,2013,1,9,2,-3.1,99.8,4.8,-3.1,3.12,-3.1,4.6,0,960.8,198,0.6,1.3,0,0,0,0,0,0,0,248,59,28,97
TAE,2013,1,9,3,-3.2,99.6,4.8,-3.3,3.12,-3.2,4.5,0,960.4,207,0.7,1.6,0,0,0,0,0,0,0,255,81,28,97
TAE,2013,1,9,4,-2.9,99.8,4.9,-2.9,3.19,-2.9,5,0,959.9,217,0.5,1.5,0,0,0,0,0,0,0,261,100,28,97
TAE,2013,1,9,5,-2.9,99.8,4.9,-2.9,3.19,-2.9,5,0,959.6,180,0.6,1.4,0,0,0,0,0,0,0,249,71,28,97
TAE,2013,1,9,6,-3.1,99.3,4.8,-3.2,3.13,-3.1,4.7,0,959.5,225,0.9,1.9,0,0,0,0,0,0,0,256,100,28,97
TAE,2013,1,9,7,-2.9,98.5,4.9,-3.1,3.19,-3,5,0,959.5,209,1,1.8,22,69,16,10,63,56,10,254,88,28,97
TAE,2013,1,9,8,-3,98.9,4.8,-3.1,3.13,-3,4.8,0,959,225,0.6,1.7,83,57,74,46,87,89,45,260,94,28,97
TAE,2013,1,9,9,-2.4,97.9,5,-2.7,3.26,-2.5,5.7,0,958.9,194,0.5,1.8,131,43,120,75,99,112,73,262,100,28,97
TAE,2013,1,9,10,-1.8,95.9,5.1,-2.4,3.33,-2,6.5,0,958.3,162,0.5,1.3,200,119,160,99,137,220,97,267,94,28,97
TAE,2013,1,9,11,-1.2,95.8,5.3,-1.8,3.46,-1.4,7.4,0,957.3,333,0.5,1.6,188,62,167,104,111,166,106,274,94,28,97
TAE,2013,1,9,12,-0.6,95.5,5.5,-1.2,3.6,-0.8,8.4,0,956.5,108,0.5,1.5,147,23,140,88,87,107,93,280,100,28,97
TAE,2013,1,9,13,-0.1,95.7,5.8,-0.7,3.8,-0.3,9.4,0,956.1,360,0.3,1.6,100,16,95,60,59,72,67,278,100,28,97
TAE,2013,1,9,14,0.4,95,6,-0.3,3.93,0.1,10.2,0,955.7,180,0.5,1.9,53,9,51,32,32,38,38,277,100,28,97
TAE,2013,1,9,15,0.3,96,6,-0.3,3.93,0.1,10.1,0,955.7,304,0.4,1.4,16,58,11,7,7,46,52,275,94,28,97
TAE,2013,1,9,16,-0.1,96.7,5.8,-0.6,3.8,-0.3,9.4,0,954.9,180,0.4,1,0,0,0,0,0,0,0,277,100,28,97
TAE,2013,1,9,17,-0.9,99.5,5.7,-1,3.74,-0.9,8.4,0,954.8,180,0.3,1.3,0,0,0,0,0,0,0,278,100,28,97
TAE,2013,1,9,18,-0.7,97.4,5.7,-1.1,3.74,-0.9,8.6,0,954.8,225,0.5,1.5,0,0,0,0,0,0,0,280,100,28,97
TAE,2013,1,9,19,-0.9,97,5.6,-1.3,3.67,-1.1,8.2,0,954.6,162,0.4,1.5,0,0,0,0,0,0,0,283,100,28,97
TAE,2013,1,9,20,-1.3,98.8,5.5,-1.5,3.6,-1.4,7.7,0,954.5,153,0.4,1,0,0,0,0,0,0,0,290,100,28,97
TAE,2013,1,9,21,-1.1,97.5,5.5,-1.4,3.61,-1.2,7.9,0,954.2,108,0.5,1.9,0,0,0,0,0,0,0,293,100,28,97
TAE,2013,1,9,22,-1,96.6,5.5,-1.5,3.61,-1.2,8,0,954,90,0.5,1.7,0,0,0,0,0,0,0,296,100,28,97
TAE,2013,1,9,23,-0.9,96.5,5.5,-1.4,3.61,-1.1,8.1,0,954,34,0.5,1.8,0,0,0,0,0,0,0,297,100,28,97
TAE,2013,1,10,0,-0.4,94.6,5.6,-1.2,3.68,-0.7,8.8,0,953.1,127,0.5,1.9,0,0,0,0,0,0,0,298,100,28,97
TAE,2013,1,10,1,-0.3,95.2,5.7,-1,3.74,-0.6,9,0.3,953.6,360,0.7,1.8,0,0,0,0,0,0,0,299,100,28,97
TAE,2013,1,10,2,-0.1,96.9,5.9,-0.5,3.87,-0.3,9.6,1.8,953.3,27,0.3,1.1,0,0,0,0,0,0,0,299,100,28,97
TAE,2013,1,10,3,0.2,97.3,6,-0.2,3.94,0,10,1.2,952.5,90,0.6,1.7,0,0,0,0,0,0,0,299,100,28,97
TAE,2013,1,10,4,0.3,97.2,6,-0.1,3.94,0.1,10.1,0,952.5,328,0.9,1.8,0,0,0,0,0,0,0,300,94,28,97
TAE,2013,1,10,5,0.3,97.5,6,0,3.94,0.2,10.1,0.4,952.1,360,0.3,1,0,0,0,0,0,0,0,295,84,28,97
TAE,2013,1,10,6,0.4,97.1,6.1,0,4.01,0.2,10.4,0,952.4,333,0.6,2.3,0,0,0,0,0,0,0,298,81,28,97
TAE,2013,1,10,7,0.4,97.8,6.2,0.1,4.08,0.3,10.6,0.1,952.5,18,0.5,3.1,29,136,17,11,118,103,10,286,64,28,97
TAE,2013,1,10,8,1.2,93.2,6.2,0.2,4.08,0.8,11.4,0,952.4,276,1,2.8,31,8,30,19,24,25,18,300,88,28,97
TAE,2013,1,10,9,1.5,94.4,6.4,0.7,4.21,1.2,12,0,952.5,297,0.6,1.6,60,22,53,33,43,53,32,302,94,28,97
TAE,2013,1,10,10,2.5,90.6,6.6,1.1,4.34,1.9,13.4,0,952,270,1.2,3.4,49,0,49,31,30,29,30,300,100,28,97
TAE,2013,1,10,11,3.3,86.9,6.7,1.3,4.41,2.4,14.4,0,951.5,249,2.1,5.8,94,6,92,58,58,61,57,296,88,28,97
TAE,2013,1,10,12,3,88,6.6,1.2,4.35,2.2,13.9,0,950.9,242,2.7,7.4,16,0,16,10,10,10,10,303,100,28,97
TAE,2013,1,10,13,2.6,90,6.6,1.1,4.35,2,13.5,0,950.3,239,2.2,6.8,13,0,13,8,8,8,8,304,100,28,97
TAE,2013,1,10,14,2.9,89.8,6.8,1.4,4.48,2.3,14.1,0.2,950.2,239,2.4,6.6,7,0,7,4,4,4,4,302,100,28,97
TAE,2013,1,10,15,2.7,90.4,6.7,1.3,4.42,2.1,13.8,0.1,950,249,2.8,8.2,2,0,2,1,1,1,1,306,94,28,97
TAE,2013,1,10,16,2.8,89.6,6.7,1.3,4.42,2.2,13.9,0,949.4,247,2.3,6.9,0,0,0,0,0,0,0,306,100,28,97
TAE,2013,1,10,17,3,89.9,6.8,1.5,4.49,2.4,14.2,0,949.2,247,2,5.3,0,0,0,0,0,0,0,307,100,28,97
TAE,2013,1,10,18,3.1,89.6,6.8,1.6,4.49,2.4,14.3,0,948.9,254,2.7,6.9,0,0,0,0,0,0,0,308,100,28,97
TAE,2013,1,10,19,2.7,90.1,6.7,1.2,4.43,2.1,13.8,0.1,948.3,234,1.8,6.2,0,0,0,0,0,0,0,307,100,28,97
TAE,2013,1,10,20,2.7,90,6.7,1.2,4.42,2.1,13.8,0.2,948.6,249,1.9,6.1,0,0,0,0,0,0,0,306,100,28,97
TAE,2013,1,10,21,2.1,92.1,6.5,1,4.29,1.6,12.8,1,948.3,231,1.4,3.9,0,0,0,0,0,0,0,306,100,28,97
TAE,2013,1,10,22,1.8,91.6,6.4,0.6,4.23,1.3,12.4,1.6,948.4,227,1.9,6,0,0,0,0,0,0,0,305,100,28,97
TAE,2013,1,10,23,1.7,92.3,6.3,0.6,4.16,1.2,12.1,1.6,948,232,1.7,4.8,0,0,0,0,0,0,0,304,100,28,97
TAE,2013,1,11,0,1.9,91.6,6.5,0.7,4.3,1.4,12.6,1.2,947.6,236,1.8,5.1,0,0,0,0,0,0,0,303,100,31,97
TAE,2013,1,11,1,1.8,91.6,6.4,0.6,4.23,1.3,12.4,1.3,947.3,237,1.6,4.8,0,0,0,0,0,0,0,303,100,31,97
TAE,2013,1,11,2,1.7,92.2,6.4,0.6,4.23,1.2,12.3,1.3,947.1,241,1.3,3.8,0,0,0,0,0,0,0,305,100,31,97
TAE,2013,1,11,3,1.9,92.6,6.5,0.8,4.3,1.4,12.7,0.8,946.9,270,0.7,3.5,0,0,0,0,0,0,0,303,100,31,97
TAE,2013,1,11,4,1.9,92.4,6.5,0.8,4.3,1.4,12.7,1.2,947.1,270,1.5,3.3,0,0,0,0,0,0,0,301,100,31,97
TAE,2013,1,11,5,1,96.8,6.3,0.5,4.16,0.8,11.4,0.9,948,342,0.9,1.9,0,0,0,0,0,0,0,300,100,31,97
TAE,2013,1,11,6,0.6,97.7,6.2,0.3,4.09,0.5,10.8,1.5,948.7,180,0.3,1,0,0,0,0,0,0,0,297,100,31,97
TAE,2013,1,11,7,0.7,96.3,6.2,0.2,4.09,0.5,10.9,0.2,949.5,239,0.7,1.5,25,103,15,10,90,80,9,295,100,31,97
TAE,2013,1,11,8,0.8,96,6.2,0.2,4.08,0.6,11,0,950.3,214,0.5,1.5,79,175,53,34,164,167,33,293,100,31,97
TAE,2013,1,11,9,1.2,95,6.3,0.5,4.15,0.9,11.6,0,951,211,0.6,1.9,127,120,96,62,132,171,60,290,88,31,97
TAE,2013,1,11,10,1.4,94.1,6.3,0.6,4.15,1.1,11.8,0,951.3,217,0.5,1.5,69,12,65,42,45,53,41,287,94,31,97
TAE,2013,1,11,11,1.9,87.9,6.1,0.1,4.01,1.2,11.9,0,951.2,281,0.7,1.5,25,0,25,16,16,16,16,284,100,31,97
TAE,2013,1,11,12,2.1,86.7,6.2,0.1,4.08,1.3,12.3,0,951.4,270,1,2.1,18,0,18,11,11,11,11,282,100,31,97
TAE,2013,1,11,13,2.4,85.5,6.2,0.2,4.08,1.5,12.6,0,951.9,239,1.2,2.7,28,0,28,18,18,17,18,281,100,31,97
TAE,2013,1,11,14,2.3,86.5,6.2,0.3,4.08,1.5,12.5,0,952.4,225,1.7,3.8,7,0,7,5,5,4,4,280,100,31,97
TAE,2013,1,11,15,2.1,87.4,6.2,0.2,4.07,1.3,12.3,0,952.8,232,1.1,2.8,1,0,1,1,1,1,1,279,100,31,97
TAE,2013,1,11,16,1.7,87.9,6.1,-0.1,4.01,1,11.7,0,953.1,218,1.7,4.2,0,0,0,0,0,0,0,270,74,31,97
TAE,2013,1,11,17,1.5,88.3,6,-0.2,3.94,0.8,11.3,0,953.3,241,1.3,3.9,0,0,0,0,0,0,0,277,94,31,97
TAE,2013,1,11,18,1.6,87.3,6,-0.3,3.94,0.8,11.5,0,953.2,228,1.2,4.1,0,0,0,0,0,0,0,276,100,31,97
TAE,2013,1,11,19,1.4,87.3,5.9,-0.5,3.87,0.6,11.1,0,953.3,222,1.3,3.9,0,0,0,0,0,0,0,276,100,31,97
TAE,2013,1,11,20,1.5,86.2,5.9,-0.6,3.87,0.7,11.2,0,953.2,238,1.3,4.2,0,0,0,0,0,0,0,276,100,31,97
TAE,2013,1,11,21,1.5,86.8,5.9,-0.5,3.87,0.7,11.2,0,953.6,238,1.3,3.8,0,0,0,0,0,0,0,276,100,31,97
TAE,2013,1,11,22,1.4,86.6,5.9,-0.6,3.87,0.6,11.1,0.1,953.7,253,1.7,4.7,0,0,0,0,0,0,0,276,100,31,97
TAE,2013,1,11,23,1.3,84.9,5.7,-1,3.74,0.4,10.6,0.1,953.5,261,2.5,5.3,0,0,0,0,0,0,0,276,100,31,97
TAE,2013,1,12,0,1.2,84.7,5.6,-1.1,3.68,0.3,10.4,0,953.3,246,2,5.6,0,0,0,0,0,0,0,275,100,30,97
TAE,2013,1,12,1,1.1,83.4,5.5,-1.4,3.61,0.1,10.1,0,953.1,251,1.8,5.3,0,0,0,0,0,0,0,275,100,30,97
TAE,2013,1,12,2,1.2,81.9,5.4,-1.5,3.55,0.1,10.1,0,952.8,249,1.4,3.6,0,0,0,0,0,0,0,274,100,30,97
TAE,2013,1,12,3,1,83.7,5.5,-1.4,3.61,0.1,10,0,952.5,238,1.3,4.6,0,0,0,0,0,0,0,273,100,30,97
TAE,2013,1,12,4,1,85.1,5.6,-1.2,3.68,0.1,10.2,0,952.4,222,1.2,2.9,0,0,0,0,0,0,0,273,100,30,97
TAE,2013,1,12,5,1.1,84.2,5.6,-1.3,3.68,0.2,10.3,0,952.5,214,2.1,5.2,0,0,0,0,0,0,0,272,100,30,97
TAE,2013,1,12,6,1,84.5,5.5,-1.3,3.61,0.1,10,0,952.6,217,1.6,3.4,0,0,0,0,0,0,0,272,84,30,97
TAE,2013,1,12,7,0.7,81.6,5.3,-2.1,3.48,-0.4,9.4,0,952.5,208,1.8,5,4,0,4,2,2,2,2,272,100,30,97
TAE,2013,1,12,8,1.1,78.3,5.2,-2.2,3.41,-0.2,9.6,0,952.4,228,1.3,4,83,152,59,39,146,153,38,272,94,30,97
TAE,2013,1,12,9,1.2,78,5.2,-2.2,3.42,-0.1,9.7,0,952.3,209,1.1,3,130,109,99,63,120,165,62,272,100,30,97
TAE,2013,1,12,10,2.3,73.8,5.3,-1.9,3.48,0.7,11,0,951.9,212,1.3,3.2,250,288,152,96,187,392,95,268,71,30,97
TAE,2013,1,12,11,3.1,68.7,5.3,-2.1,3.48,1,11.8,0,951.3,196,1.8,3.6,300,415,153,97,135,533,135,267,64,30,97
TAE,2013,1,12,12,3.4,66.6,5.2,-2.2,3.42,1.2,12,0,951,219,1.4,4.1,283,445,134,87,87,537,236,272,71,30,97
TAE,2013,1,12,13,3.5,67.8,5.3,-1.9,3.49,1.3,12.2,0,950.8,221,1.1,3.6,226,530,89,63,63,533,357,261,51,30,97
TAE,2013,1,12,14,2.9,72.8,5.5,-1.5,3.62,1.1,12,0,950.7,180,0.7,2.1,111,214,71,46,45,218,193,262,59,30,97
TAE,2013,1,12,15,1.4,84.9,5.8,-0.9,3.82,0.5,10.9,0,950.5,202,0.7,2.3,21,81,13,9,9,63,72,261,68,30,97
TAE,2013,1,12,16,0.1,89.7,5.5,-1.4,3.62,-0.5,9.1,0,950.3,225,0.8,2.1,0,0,0,0,0,0,0,268,100,30,97
TAE,2013,1,12,17,-0.3,89.8,5.4,-1.8,3.55,-0.9,8.6,0,950.3,220,0.8,2.3,0,0,0,0,0,0,0,267,100,30,97
TAE,2013,1,12,18,-0.7,92.5,5.4,-1.8,3.56,-1.1,8.2,0,950,207,0.4,1.4,0,0,0,0,0,0,0,267,100,30,97
TAE,2013,1,12,19,-0.9,93.1,5.3,-1.9,3.49,-1.3,7.8,0,949.9,202,0.5,1.1,0,0,0,0,0,0,0,269,100,30,97
TAE,2013,1,12,20,-0.7,91.9,5.3,-1.8,3.49,-1.1,8,0,950.2,169,0.5,1.6,0,0,0,0,0,0,0,271,100,30,97
TAE,2013,1,12,21,-1,93.6,5.3,-1.9,3.49,-1.3,7.7,0,950.2,198,0.3,0.9,0,0,0,0,0,0,0,272,100,30,97
TAE,2013,1,12,22,-1.1,94.2,5.3,-1.9,3.49,-1.4,7.6,0,949.8,135,0.3,0.9,0,0,0,0,0,0,0,274,100,30,97
TAE,2013,1,12,23,-1,92.8,5.3,-2,3.49,-1.4,7.7,0,949.8,162,0.3,1.4,0,0,0,0,0,0,0,277,100,30,97
TAE,2013,1,13,0,-0.5,87.4,5.2,-2.3,3.43,-1.2,8,0,949.5,122,1,3,0,0,0,0,0,0,0,278,100,30,97
TAE,2013,1,13,1,-0.3,87.8,5.3,-2.1,3.49,-1,8.4,0,949.7,127,0.5,2.3,0,0,0,0,0,0,0,278,100,30,97
TAE,2013,1,13,2,-0.5,92.1,5.4,-1.6,3.56,-0.9,8.4,0,949.4,135,0.3,1,0,0,0,0,0,0,0,278,100,30,97
TAE,2013,1,13,3,-0.6,95.4,5.6,-1.2,3.69,-0.8,8.6,0,948.9,90,0.3,1,0,0,0,0,0,0,0,278,100,30,97
TAE,2013,1,13,4,-0.7,96.3,5.6,-1.2,3.69,-0.9,8.5,0.1,948.5,90,0.3,1.2,0,0,0,0,0,0,0,276,100,30,97
TAE,2013,1,13,5,-0.6,96,5.6,-1.2,3.69,-0.8,8.6,0,948.4,63,0.7,1.6,0,0,0,0,0,0,0,278,100,30,97
TAE,2013,1,13,6,-0.6,96.2,5.6,-1.1,3.69,-0.8,8.6,0,948.6,63,0.7,1.6,0,0,0,0,0,0,0,279,100,30,97
TAE,2013,1,13,7,-0.4,93.6,5.5,-1.3,3.63,-0.7,8.6,0.1,948.7,104,0.4,1.7,15,40,12,8,40,33,8,279,100,30,97
TAE,2013,1,13,8,-0.6,95.8,5.6,-1.2,3.69,-0.8,8.6,0,948.8,48,1.4,3.3,44,12,42,27,35,35,26,280,100,30,97
TAE,2013,1,13,9,-0.5,94.5,5.6,-1.3,3.69,-0.8,8.7,0,949,51,1.3,2.8,52,6,50,32,35,36,31,281,100,30,97
TAE,2013,1,13,10,-0.2,92.1,5.5,-1.3,3.63,-0.6,8.8,0,948.5,62,1.5,2.9,17,0,17,11,11,10,10,282,100,30,97
TAE,2013,1,13,11,0.3,91,5.7,-1,3.76,-0.2,9.7,0,947.7,77,1.4,2.9,39,0,39,25,25,24,24,283,100,30,97
TAE,2013,1,13,12,0.2,90.1,5.6,-1.2,3.7,-0.3,9.4,0,947.6,122,1,2.5,28,0,28,18,18,17,17,282,100,30,97
TAE,2013,1,13,13,0.3,88.9,5.6,-1.3,3.7,-0.3,9.5,0,947.5,52,1.2,2.6,13,0,13,8,8,8,8,281,100,30,97
TAE,2013,1,13,14,0.4,88.6,5.6,-1.3,3.7,-0.3,9.6,0,947.7,45,1.5,3,46,21,43,27,27,42,41,279,88,30,97
TAE,2013,1,13,15,0.2,88.6,5.5,-1.5,3.63,-0.5,9.3,0,947.7,58,1.5,3.3,4,0,4,2,2,2,2,273,78,30,97
TAE,2013,1,13,16,0.2,86.8,5.4,-1.7,3.56,-0.5,9.1,0,947.7,67,1.3,3.2,0,0,0,0,0,0,0,270,71,30,97
TAE,2013,1,13,17,0.2,87.3,5.4,-1.7,3.56,-0.5,9.1,0,947.8,61,1.2,2.8,0,0,0,0,0,0,0,274,100,30,97
TAE,2013,1,13,18,-0.1,90.3,5.5,-1.5,3.63,-0.6,9,0,947.7,54,1.4,3.5,0,0,0,0,0,0,0,273,100,30,97
TAE,2013,1,13,19,-0.2,89.1,5.3,-1.8,3.5,-0.8,8.5,0,947.6,62,1.9,4,0,0,0,0,0,0,0,272,100,30,97
TAE,2013,1,13,20,-0.4,90.7,5.4,-1.7,3.56,-0.9,8.5,0,947.7,55,1.6,3.6,0,0,0,0,0,0,0,271,100,30,97
TAE,2013,1,13,21,-0.4,91.1,5.4,-1.7,3.56,-0.9,8.5,0,947.8,56,1.4,3,0,0,0,0,0,0,0,270,100,30,97
TAE,2013,1,13,22,-0.5,91.2,5.4,-1.8,3.56,-1,8.4,0,947.7,60,1.4,3,0,0,0,0,0,0,0,269,100,30,97
TAE,2013,1,13,23,-0.6,91,5.3,-1.9,3.5,-1.1,8.1,0,947.6,70,1.2,2.6,0,0,0,0,0,0,0,268,100,30,97
TAE,2013,1,14,0,-0.7,91,5.3,-2,3.5,-1.2,8,0,947.5,48,1.2,2.4,0,0,0,0,0,0,0,267,100,30,97
TAE,2013,1,14,1,-0.9,93.2,5.4,-1.9,3.57,-1.3,8,0,947.4,5,1.3,2.3,0,0,0,0,0,0,0,267,100,30,97
TAE,2013,1,14,2,-1,94,5.3,-1.8,3.5,-1.3,7.7,0,947.3,347,0.9,1.8,0,0,0,0,0,0,0,267,100,30,97
TAE,2013,1,14,3,-1,94.7,5.4,-1.7,3.57,-1.3,7.9,0,947,8,0.8,1.6,0,0,0,0,0,0,0,266,100,30,97
TAE,2013,1,14,4,-1,94.7,5.4,-1.7,3.57,-1.3,7.9,0,946.8,51,0.6,1.5,0,0,0,0,0,0,0,266,100,30,97
TAE,2013,1,14,5,-1,96.5,5.5,-1.5,3.63,-1.2,8.1,0,946.7,37,0.6,1,0,0,0,0,0,0,0,266,100,30,97
TAE,2013,1,14,6,-0.8,96.1,5.5,-1.3,3.63,-1,8.2,0,947.1,27,0.6,1.3,0,0,0,0,0,0,0,266,100,30,97
TAE,2013,1,14,7,-0.9,96.8,5.6,-1.3,3.7,-1.1,8.3,0.4,947.5,16,0.7,1.5,36,181,20,13,157,133,12,267,100,30,97
TAE,2013,1,14,8,-0.8,95,5.5,-1.5,3.63,-1.1,8.2,0,947.8,352,0.7,1.3,89,158,66,42,161,159,41,268,100,30,97
TAE,2013,1,14,9,-0.5,93.2,5.5,-1.5,3.63,-0.9,8.5,0,948.2,323,0.5,1.4,41,3,40,26,27,27,25,268,100,30,97
TAE,2013,1,14,10,-0.4,92.8,5.5,-1.4,3.63,-0.8,8.6,0,948,326,1.1,2.1,21,0,21,14,13,13,13,269,100,30,97
TAE,2013,1,14,11,-0.2,90.6,5.5,-1.5,3.63,-0.7,8.9,0,947.5,306,0.9,1.8,19,0,19,12,12,11,12,270,100,30,97
TAE,2013,1,14,12,0.1,88.3,5.5,-1.6,3.63,-0.6,9.2,0,947.2,286,0.7,1.8,17,0,17,11,11,10,11,270,100,30,97
TAE,2013,1,14,13,0.1,88.2,5.4,-1.6,3.57,-0.6,9,0,947.4,290,1.2,2.7,13,0,13,9,8,8,8,269,100,30,97
TAE,2013,1,14,14,0.1,89.6,5.5,-1.4,3.63,-0.5,9.2,0.1,947.7,304,1.1,2.4,8,0,8,5,5,5,5,268,100,30,97
TAE,2013,1,14,15,0,88.2,5.4,-1.7,3.56,-0.7,8.9,0,947.9,267,1.9,3.4,1,0,1,1,1,1,1,267,100,30,97
TAE,2013,1,14,16,-0.2,88.6,5.3,-1.9,3.5,-0.8,8.5,0,948.1,264,1.8,3.5,0,0,0,0,0,0,0,266,100,30,97
TAE,2013,1,14,17,-0.3,86.5,5.2,-2.3,3.43,-1.1,8.2,0,948.4,253,1,2.3,0,0,0,0,0,0,0,265,100,30,97
TAE,2013,1,14,18,-0.3,84.3,5,-2.6,3.3,-1.2,7.9,0,948.5,259,1.6,3.2,0,0,0,0,0,0,0,264,100,30,97
TAE,2013,1,14,19,-0.6,83.6,4.9,-3,3.23,-1.5,7.4,0,948.5,252,1.6,3.5,0,0,0,0,0,0,0,263,100,30,97
TAE,2013,1,14,20,-0.9,82.1,4.7,-3.6,3.1,-1.9,6.8,0,948.3,258,1.4,2.9,0,0,0,0,0,0,0,261,100,30,97
TAE,2013,1,14,21,-1,82.9,4.7,-3.5,3.1,-1.9,6.7,0,948.1,225,0.9,2.3,0,0,0,0,0,0,0,260,100,30,97
TAE,2013,1,14,22,-1.2,81.3,4.5,-4,2.97,-2.2,6.2,0,947.5,191,0.6,2.2,0,0,0,0,0,0,0,256,66,30,97
TAE,2013,1,14,23,-2.4,88.3,4.5,-4.1,2.97,-3,5,0,946.6,189,0.7,1.7,0,0,0,0,0,0,0,255,45,30,97
TAE,2013,1,15,0,-2.6,86.7,4.4,-4.5,2.91,-3.2,4.6,0,945.8,191,0.5,1.4,0,0,0,0,0,0,0,243,16,31,97
TAE,2013,1,15,1,-3,86.1,4.3,-5,2.84,-3.7,4,0,945.6,194,0.4,1.6,0,0,0,0,0,0,0,234,0,31,97
TAE,2013,1,15,2,-4.1,88.5,4,-5.7,2.65,-4.6,2.4,0,944.6,198,0.7,1.4,0,0,0,0,0,0,0,233,0,31,97
TAE,2013,1,15,3,-4.4,88.8,3.9,-6,2.58,-4.9,2,0,943.6,174,1.1,1.9,0,0,0,0,0,0,0,233,0,31,97
TAE,2013,1,15,4,-4.8,89.7,3.8,-6.2,2.52,-5.2,1.4,0,942.9,211,0.7,1.7,0,0,0,0,0,0,0,241,39,31,97
TAE,2013,1,15,5,-5.5,92,3.7,-6.6,2.45,-5.8,0.5,0,942.1,162,0.4,1.2,0,0,0,0,0,0,0,239,39,31,97
TAE,2013,1,15,6,-5.6,92,3.7,-6.7,2.45,-5.9,0.4,0,941.6,198,0.4,1.4,0,0,0,0,0,0,0,245,90,31,97
TAE,2013,1,15,7,-5.4,91.3,3.7,-6.6,2.45,-5.8,0.6,0,941.5,143,0.5,1.4,8,1,8,5,6,6,5,250,100,31,97
TAE,2013,1,15,8,-4.5,90.2,4,-5.9,2.65,-4.9,2.1,0,941.4,169,0.6,1.4,85,58,75,49,90,92,47,253,100,31,97
TAE,2013,1,15,9,-3.4,88.8,4.2,-5,2.79,-3.9,3.5,0,941.9,360,0.4,1.4,161,94,135,86,139,172,84,256,100,31,97
TAE,2013,1,15,10,-2,85.6,4.5,-4.1,2.99,-2.7,5.4,0,941.7,34,0.6,2,199,110,161,103,141,215,101,259,100,31,97
TAE,2013,1,15,11,-0.9,83.8,4.8,-3.3,3.19,-1.8,7,0,941.3,27,0.3,1.2,306,450,143,98,127,558,130,261,88,31,97
TAE,2013,1,15,12,0.1,75.5,4.6,-3.7,3.06,-1.3,7.7,0,941.1,248,0.7,3.1,125,12,121,78,77,86,80,264,100,31,97
TAE,2013,1,15,13,0.5,70.4,4.5,-4.3,2.99,-1.2,8,0,941.2,225,1.7,5.8,74,5,72,47,46,49,48,264,88,31,97
TAE,2013,1,15,14,0,73.8,4.5,-4.1,2.99,-1.5,7.4,0,941.5,225,2.3,6.1,119,411,51,36,36,346,331,259,51,31,97
TAE,2013,1,15,15,-0.6,81.8,4.8,-3.3,3.19,-1.6,7.3,0,941.8,236,1.4,5.3,28,106,17,12,12,84,96,259,73,31,97
TAE,2013,1,15,16,-0.7,87.4,5.1,-2.5,3.38,-1.4,7.7,0.1,942.5,253,1.1,3.3,0,0,0,0,0,0,0,262,100,31,97
TAE,2013,1,15,17,-1.1,92,5.2,-2.2,3.45,-1.5,7.5,0.5,942.7,263,0.8,3,0,0,0,0,0,0,0,262,100,31,97
TAE,2013,1,15,18,-0.8,87.7,5.1,-2.6,3.38,-1.5,7.6,0.1,942.7,252,0.3,1.6,0,0,0,0,0,0,0,261,100,31,97
TAE,2013,1,15,19,-0.9,87,5,-2.8,3.32,-1.6,7.4,0,942.7,211,0.7,3.5,0,0,0,0,0,0,0,260,100,31,97
TAE,2013,1,15,20,-1.2,84.5,4.7,-3.5,3.12,-2,6.6,0,942.3,201,0.9,2.9,0,0,0,0,0,0,0,260,100,31,97
TAE,2013,1,15,21,-2.3,88.5,4.6,-3.9,3.05,-2.9,5.3,0,942.2,63,0.3,1.2,0,0,0,0,0,0,0,259,100,31,97
TAE,2013,1,15,22,-1.7,85.3,4.6,-3.8,3.05,-2.4,5.9,0,942.3,202,0.5,2.9,0,0,0,0,0,0,0,258,100,31,97
TAE,2013,1,15,23,-0.9,79,4.5,-4.1,2.98,-2,6.5,0,942.5,223,1.6,5.7,0,0,0,0,0,0,0,257,100,31,97
TAE,2013,1,16,0,-0.9,81.7,4.7,-3.6,3.12,-1.9,6.9,0,942.6,234,1.9,7,0,0,0,0,0,0,0,256,100,33,97
TAE,2013,1,16,1,-0.9,81.5,4.7,-3.7,3.12,-1.9,6.9,0,943,249,2.5,6.3,0,0,0,0,0,0,0,253,100,33,97
TAE,2013,1,16,2,-1.3,80,4.4,-4.3,2.92,-2.3,6,0,943,261,2.5,6.6,0,0,0,0,0,0,0,251,100,33,97
TAE,2013,1,16,3,-1.5,79.6,4.4,-4.6,2.92,-2.6,5.8,0,942.6,260,2.2,5.1,0,0,0,0,0,0,0,248,100,33,97
TAE,2013,1,16,4,-1.7,79.1,4.3,-4.8,2.85,-2.8,5.4,0,942.4,267,2.1,5.3,0,0,0,0,0,0,0,246,100,33,97
TAE,2013,1,16,5,-2.4,76.8,3.9,-5.9,2.58,-3.5,4,0,942.7,256,2.9,7.2,0,0,0,0,0,0,0,243,100,33,97
TAE,2013,1,16,6,-3,76,3.7,-6.6,2.45,-4.1,3.1,0,943,263,2.5,6.6,0,0,0,0,0,0,0,241,100,33,97
TAE,2013,1,16,7,-3.8,73.5,3.4,-7.8,2.25,-5,1.8,0,943.3,254,2.6,6.2,16,9,15,10,17,15,9,240,100,33,97
TAE,2013,1,16,8,-4,71.9,3.3,-8.3,2.18,-5.3,1.4,0,943.3,260,1.8,5.8,53,7,51,34,38,38,33,239,100,33,97
TAE,2013,1,16,9,-3.8,69.6,3.2,-8.5,2.12,-5.2,1.4,0,943.3,252,1.9,5.3,174,126,138,90,158,208,88,238,100,33,97
TAE,2013,1,16,10,-3.5,69.1,3.3,-8.3,2.18,-4.9,1.9,0,943.1,263,1.7,4.2,212,121,170,111,154,234,109,237,100,33,97
TAE,2013,1,16,11,-3.1,69.3,3.4,-7.9,2.25,-4.6,2.5,0,942.4,266,1.6,4.5,137,10,133,88,89,95,85,236,100,33,97
TAE,2013,1,16,12,-3.2,66.6,3.2,-8.5,2.12,-4.8,2,0,942,273,1.8,4.1,50,0,49,33,32,31,32,235,100,33,97
TAE,2013,1,16,13,-3.1,66,3.2,-8.5,2.12,-4.7,2.1,0,941.8,307,2.1,4.5,19,0,19,12,12,12,12,234,100,33,97
TAE,2013,1,16,14,-3.3,65.6,3.1,-8.8,2.05,-4.9,1.8,0,941.9,290,1.4,3.3,37,0,37,24,24,23,23,233,94,33,97
TAE,2013,1,16,15,-3.3,63.3,3,-9.3,1.99,-5,1.6,0,942,252,0.9,2.6,8,1,8,5,5,5,6,233,94,33,97
TAE,2013,1,16,16,-4,71,3.2,-8.5,2.12,-5.3,1.2,0,942.2,297,0.3,0.9,0,0,0,0,0,0,0,234,100,33,97
TAE,2013,1,16,17,-4.3,75.6,3.4,-8,2.25,-5.4,1.3,0,942.5,243,0.8,1.5,0,0,0,0,0,0,0,233,100,33,97
TAE,2013,1,16,18,-4.5,77.3,3.4,-7.9,2.25,-5.5,1.1,0,942.9,238,1,1.9,0,0,0,0,0,0,0,233,100,33,97
TAE,2013,1,16,19,-4.3,75,3.3,-8.1,2.18,-5.4,1.1,0,943.1,262,0.7,1.8,0,0,0,0,0,0,0,234,100,33,97
TAE,2013,1,16,20,-4.5,82.4,3.6,-7,2.38,-5.3,1.4,0,943.2,18,1,2.3,0,0,0,0,0,0,0,234,100,33,97
TAE,2013,1,16,21,-4.8,89.8,3.8,-6.2,2.52,-5.2,1.4,0,943.4,342,1.1,2.3,0,0,0,0,0,0,0,235,100,33,97
TAE,2013,1,16,22,-4.8,89.7,3.8,-6.2,2.51,-5.2,1.4,0.2,943.8,311,1,1.7,0,0,0,0,0,0,0,235,100,33,97
TAE,2013,1,16,23,-5,88.7,3.8,-6.6,2.51,-5.5,1.2,0.1,944,306,0.9,2.5,0,0,0,0,0,0,0,236,100,33,97
TAE,2013,1,17,0,-5,88.7,3.7,-6.6,2.45,-5.5,1,0.1,944.2,293,0.8,2.2,0,0,0,0,0,0,0,236,100,33,97
TAE,2013,1,17,1,-5,88.5,3.7,-6.6,2.45,-5.5,1,0.3,944.5,264,1,2.4,0,0,0,0,0,0,0,237,100,33,97
TAE,2013,1,17,2,-5,87.5,3.7,-6.7,2.45,-5.5,1,0.2,944.7,252,1,2,0,0,0,0,0,0,0,237,100,33,97
TAE,2013,1,17,3,-5,87.8,3.7,-6.7,2.45,-5.5,1,0.2,944.8,243,1.1,2.9,0,0,0,0,0,0,0,236,100,33,97
TAE,2013,1,17,4,-4.8,84.9,3.6,-6.9,2.38,-5.4,1.1,0.1,945.4,270,1.6,3.2,0,0,0,0,0,0,0,238,100,33,97
TAE,2013,1,17,5,-5,86.7,3.7,-6.9,2.44,-5.6,1,0.3,945.9,261,1.3,2.6,0,0,0,0,0,0,0,235,88,33,97
TAE,2013,1,17,6,-4.9,85,3.6,-7,2.38,-5.5,1,0.2,946.2,261,1.2,2.6,0,0,0,0,0,0,0,239,100,33,97
TAE,2013,1,17,7,-5,85,3.6,-7.1,2.37,-5.6,0.9,0.2,946.9,254,1.4,2.8,7,14,6,4,16,12,4,238,94,33,97
TAE,2013,1,17,8,-4.8,85.1,3.6,-6.9,2.37,-5.4,1.1,0.1,947.6,257,0.9,2.2,26,0,26,17,17,16,17,240,100,33,97
TAE,2013,1,17,9,-4.5,83.5,3.7,-6.9,2.44,-5.2,1.5,0.2,947.8,266,1.4,2.7,40,0,40,26,26,25,26,241,100,33,97
TAE,2013,1,17,10,-4,81.5,3.7,-6.7,2.44,-4.8,2,0.1,947.7,266,1.6,2.8,96,6,94,61,63,65,60,242,100,33,97
TAE,2013,1,17,11,-3.6,79,3.7,-6.7,2.44,-4.6,2.4,0,947.4,261,1.9,3.3,89,0,89,58,58,56,57,243,100,33,97
TAE,2013,1,17,12,-3.4,79.3,3.7,-6.5,2.44,-4.4,2.6,0,947.1,259,1.6,3,81,0,81,53,53,51,52,243,100,33,97
TAE,2013,1,17,13,-3.4,80.3,3.8,-6.3,2.51,-4.3,2.8,0,947.2,261,1.3,2.8,59,0,59,39,38,37,38,244,100,33,97
TAE,2013,1,17,14,-3.4,82.5,3.9,-5.9,2.57,-4.2,3,0.1,947.5,267,1.9,3.2,17,0,17,11,11,10,11,244,100,33,97
TAE,2013,1,17,15,-3.6,83.3,3.9,-6,2.57,-4.4,2.8,0.1,947.9,270,1.7,3.7,2,0,2,1,1,1,1,244,100,33,97
TAE,2013,1,17,16,-4,86.3,3.9,-5.9,2.57,-4.6,2.4,0.3,948.3,286,1.5,3.7,0,0,0,0,0,0,0,244,100,33,97
TAE,2013,1,17,17,-4.1,85.9,3.9,-6.1,2.57,-4.7,2.2,0.2,948.6,278,1.5,3.2,0,0,0,0,0,0,0,244,100,33,97
TAE,2013,1,17,18,-4,86.3,3.9,-5.9,2.57,-4.6,2.3,0.3,948.7,267,1.7,3.7,0,0,0,0,0,0,0,244,100,33,97
TAE,2013,1,17,19,-4.2,87,3.9,-6,2.57,-4.8,2.1,0.2,948.9,278,1.5,3.7,0,0,0,0,0,0,0,242,100,33,97
TAE,2013,1,17,20,-4.4,87.6,3.9,-6.1,2.57,-4.9,1.9,0.3,949,266,1.3,2.5,0,0,0,0,0,0,0,241,100,33,97
TAE,2013,1,17,21,-4.5,86.7,3.8,-6.4,2.5,-5.1,1.7,0.1,948.7,265,1.2,2.3,0,0,0,0,0,0,0,240,100,33,97
TAE,2013,1,17,22,-5.2,90.3,3.8,-6.5,2.5,-5.6,1,0.1,948.4,259,0.5,1.4,0,0,0,0,0,0,0,234,45,33,97
TAE,2013,1,17,23,-7.7,93.5,3.2,-8.6,2.11,-7.9,-2.5,0,948,239,0.6,1.4,0,0,0,0,0,0,0,237,23,33,97
TAE,2013,1,18,0,-8.7,91.1,2.9,-9.9,1.91,-9,-4,0,947.6,219,0.6,1.5,0,0,0,0,0,0,0,212,36,35,97
TAE,2013,1,18,1,-8.3,91.5,3,-9.4,1.98,-8.6,-3.5,0,947.4,180,0.3,0.9,0,0,0,0,0,0,0,211,40,35,97
TAE,2013,1,18,2,-8.1,91,3,-9.3,1.98,-8.4,-3.3,0,947,162,0.6,1.1,0,0,0,0,0,0,0,209,33,35,97
TAE,2013,1,18,3,-7.7,91.4,3.1,-8.9,2.04,-8,-2.7,0,946.4,153,0.5,0.9,0,0,0,0,0,0,0,208,40,35,97
TAE,2013,1,18,4,-8.7,92,2.9,-9.8,1.91,-9,-4,0,945.8,149,0.6,1.3,0,0,0,0,0,0,0,208,41,35,97
TAE,2013,1,18,5,-12.2,97.3,2.3,-12.5,1.52,-12.3,-8.6,0,945.4,153,0.2,1,0,0,0,0,0,0,0,212,34,35,97
TAE,2013,1,18,6,-13.2,92.5,2,-14.2,1.32,-13.4,-10.1,0,945.3,180,0.5,1.5,0,0,0,0,0,0,0,212,50,35,97
TAE,2013,1,18,7,-12.7,90,2.1,-14,1.38,-13,-9.4,0,945.3,207,0.3,1.3,30,113,21,14,106,85,14,213,39,35,97
TAE,2013,1,18,8,-10.2,89.6,2.5,-11.6,1.65,-10.5,-6.2,0,945.5,270,0.2,1.1,133,285,82,56,265,275,55,215,45,35,97
TAE,2013,1,18,9,-8.9,89.2,2.8,-10.4,1.85,-9.3,-4.4,0,945.1,180,0.2,0.9,65,8,63,42,47,48,41,215,44,35,97
TAE,2013,1,18,10,-7.2,86.8,3.1,-9,2.05,-7.7,-2.2,0,943.8,180,0.3,1.8,71,19,65,43,48,61,42,220,88,35,97
TAE,2013,1,18,11,-6,83.2,3.2,-8.4,2.12,-6.7,-0.8,0,943,56,0.7,2.3,197,48,179,119,123,166,121,222,94,35,97
TAE,2013,1,18,12,-5.1,79.8,3.3,-8,2.19,-6,0.3,0,941.9,58,1.3,2.5,159,20,152,101,100,118,106,214,56,35,97
TAE,2013,1,18,13,-4.8,78.5,3.3,-8,2.19,-5.7,0.6,0,941.3,59,1.2,3.3,145,48,132,88,87,129,114,211,48,35,97
TAE,2013,1,18,14,-5.3,75.1,3.1,-9,2.06,-6.3,-0.2,0,941.3,63,1.1,2.8,80,64,68,45,45,95,91,213,60,35,97
TAE,2013,1,18,15,-5,74.8,3.1,-8.8,2.06,-6.1,0.1,0,940.8,96,1,2.5,18,0,18,14,14,14,14,211,46,35,97
TAE,2013,1,18,16,-8.9,88.3,2.8,-10.5,1.86,-9.3,-4.4,0,940.5,124,0.3,1.7,0,0,0,0,0,0,0,208,48,35,97
TAE,2013,1,18,17,-11,94.2,2.5,-11.7,1.66,-11.2,-7,0,939.9,117,0.3,1.2,0,0,0,0,0,0,0,214,65,35,97
TAE,2013,1,18,18,-8.7,89.7,2.9,-10.1,1.93,-9.1,-4,0,939,27,0.5,1.4,0,0,0,0,0,0,0,218,90,35,97
TAE,2013,1,18,19,-6.7,84.3,3.1,-8.9,2.06,-7.3,-1.6,0,938.3,113,0.7,2.3,0,0,0,0,0,0,0,222,94,35,97
TAE,2013,1,18,20,-6,83,3.2,-8.4,2.13,-6.7,-0.8,0,937.5,107,1,1.9,0,0,0,0,0,0,0,219,66,35,97
TAE,2013,1,18,21,-5.9,84.7,3.3,-8.1,2.2,-6.5,-0.5,0,936.8,97,0.8,1.8,0,0,0,0,0,0,0,228,100,35,97
TAE,2013,1,18,22,-6.2,86.1,3.3,-8.1,2.2,-6.7,-0.8,0,936.7,45,1,2.2,0,0,0,0,0,0,0,231,100,35,97
TAE,2013,1,18,23,-6.3,86.8,3.3,-8.1,2.2,-6.8,-0.9,0,936,52,1.1,2.3,0,0,0,0,0,0,0,234,100,35,97
TAE,2013,1,19,0,-6.1,87.4,3.4,-7.8,2.27,-6.6,-0.5,0,935.5,81,0.7,2.2,0,0,0,0,0,0,0,237,100,38,97
TAE,2013,1,19,1,-6.1,87.6,3.4,-7.8,2.27,-6.6,-0.5,0,934.6,53,0.5,1.5,0,0,0,0,0,0,0,237,100,38,97
TAE,2013,1,19,2,-6,86.5,3.4,-7.9,2.27,-6.5,-0.4,0,934.3,112,0.6,1.6,0,0,0,0,0,0,0,244,100,38,97
TAE,2013,1,19,3,-6.1,87.5,3.4,-7.8,2.27,-6.6,-0.5,0,933.8,99,0.7,1.6,0,0,0,0,0,0,0,243,94,38,97
TAE,2013,1,19,4,-5.9,86.8,3.4,-7.7,2.28,-6.4,-0.3,0,932.8,99,0.6,1.8,0,0,0,0,0,0,0,249,88,38,97
TAE,2013,1,19,5,-5.8,87.1,3.5,-7.6,2.34,-6.3,0,0,932.9,82,0.7,1.8,0,0,0,0,0,0,0,253,94,38,97
TAE,2013,1,19,6,-5.8,88.2,3.5,-7.4,2.34,-6.3,0,0.3,932.9,120,0.9,2.8,0,0,0,0,0,0,0,255,81,38,97
TAE,2013,1,19,7,-5.9,91.6,3.6,-7,2.41,-6.2,0,1,932.5,120,0.8,2.9,19,81,13,9,76,59,9,253,66,38,97
TAE,2013,1,19,8,-5.7,92.3,3.7,-6.7,2.48,-6,0.4,0.8,932.6,63,0.6,1.5,55,7,54,37,42,41,36,253,59,38,97
TAE,2013,1,19,9,-5.2,90.7,3.8,-6.5,2.55,-5.6,1.1,0.3,932.4,74,0.7,2.3,50,0,50,34,34,33,34,254,80,38,97
TAE,2013,1,19,10,-4.3,82.8,3.7,-6.8,2.48,-5.1,1.8,0,931.8,110,1.2,3.2,125,19,118,80,86,98,79,261,84,38,97
TAE,2013,1,19,11,-3.8,83.7,3.9,-6.1,2.62,-4.5,2.7,0,931.3,48,1.2,2.5,180,46,162,111,111,156,117,267,71,38,97
TAE,2013,1,19,12,-3.6,86.5,4.1,-5.5,2.75,-4.2,3.2,0,930.6,45,1.8,3.5,215,172,153,106,106,281,159,280,75,38,97
TAE,2013,1,19,13,-3.3,87.1,4.2,-5.1,2.82,-3.9,3.7,0,930.3,45,2,3.5,57,1,57,39,38,38,38,280,81,38,97
TAE,2013,1,19,14,-3.2,88,4.3,-4.9,2.89,-3.8,4,0,930,53,2,3.6,68,23,63,43,43,60,59,287,88,38,97
TAE,2013,1,19,15,-3.1,86.7,4.2,-5,2.82,-3.7,3.9,0,929.7,66,1.8,3,9,0,9,6,6,6,6,291,100,38,97
TAE,2013,1,19,16,-3,85,4.2,-5.2,2.82,-3.7,4,0,929.6,105,1.1,3.1,0,0,0,0,0,0,0,292,100,38,97
TAE,2013,1,19,17,-3.1,84.9,4.1,-5.3,2.76,-3.8,3.7,0,929.5,117,1.1,2.4,0,0,0,0,0,0,0,293,100,38,97
TAE,2013,1,19,18,-2.9,84.9,4.2,-5.1,2.82,-3.6,4.1,0,929.8,139,1.1,3.1,0,0,0,0,0,0,0,291,100,38,97
TAE,2013,1,19,19,-2.6,86,4.3,-4.6,2.89,-3.3,4.6,0,929.8,117,0.7,1.8,0,0,0,0,0,0,0,294,94,38,97
TAE,2013,1,19,20,-2.5,87.8,4.5,-4.2,3.03,-3.1,5,0,929.7,84,1,2.7,0,0,0,0,0,0,0,292,100,38,97
TAE,2013,1,19,21,-2.1,87.8,4.6,-3.8,3.09,-2.7,5.6,0.7,929.2,99,1.3,3.6,0,0,0,0,0,0,0,295,100,38,97
TAE,2013,1,19,22,-1.9,90.5,4.8,-3.2,3.23,-2.4,6.1,0.6,928.7,71,1.8,4,0,0,0,0,0,0,0,295,100,38,97
TAE,2013,1,19,23,-2,89.1,4.7,-3.6,3.16,-2.6,5.9,0,928.6,61,1.9,3.4,0,0,0,0,0,0,0,293,88,38,97
TAE,2013,1,20,0,-2.5,90.3,4.6,-3.9,3.1,-3,5.2,0,928.2,63,1.4,3,0,0,0,0,0,0,0,296,100,40,97
TAE,2013,1,20,1,-2.8,90.9,4.5,-4.1,3.03,-3.2,4.7,0,927.8,99,1.4,4.3,0,0,0,0,0,0,0,291,100,40,97
TAE,2013,1,20,2,-2.8,90.2,4.5,-4.2,3.03,-3.3,4.7,0,927.3,106,1.5,4.1,0,0,0,0,0,0,0,289,94,40,97
TAE,2013,1,20,3,-2.8,89.3,4.4,-4.3,2.97,-3.3,4.6,0,927.3,110,1.5,4.2,0,0,0,0,0,0,0,290,84,40,97
TAE,2013,1,20,4,-2.7,90.5,4.5,-4,3.03,-3.1,4.8,0,927.6,128,1.2,2.7,0,0,0,0,0,0,0,294,94,40,97
TAE,2013,1,20,5,-2.7,91.3,4.6,-3.9,3.1,-3.1,5,0,927.6,126,0.9,2.3,0,0,0,0,0,0,0,294,100,40,97
TAE,2013,1,20,6,-2.6,91.5,4.6,-3.8,3.1,-3,5.1,0,927.9,107,1.1,3.2,0,0,0,0,0,0,0,286,88,40,97
TAE,2013,1,20,7,-2.7,92.5,4.6,-3.7,3.1,-3,5,0,927.5,99,1.4,3.4,22,44,18,12,48,41,12,277,56,40,97
TAE,2013,1,20,8,-2.5,92,4.7,-3.6,3.17,-2.9,5.4,0,928.3,104,0.8,2.9,101,90,81,57,120,129,56,278,68,40,97
TAE,2013,1,20,9,-2.2,90.6,4.7,-3.5,3.16,-2.7,5.7,0,929.5,143,1,2.9,79,4,78,54,56,55,53,297,100,40,97
TAE,2013,1,20,10,-1.7,87.7,4.8,-3.5,3.23,-2.3,6.3,0,929.8,270,0.8,2.2,187,222,107,84,147,298,83,285,74,40,97
TAE,2013,1,20,11,-1.4,87.6,4.8,-3.2,3.23,-2,6.6,0,929.3,37,1.2,2.6,338,538,134,110,158,659,145,295,78,40,97
TAE,2013,1,20,12,-1.1,87.8,5,-2.9,3.36,-1.8,7.3,0,929.5,56,0.8,1.8,196,130,149,104,104,237,151,295,94,40,97
TAE,2013,1,20,13,-1,88.9,5,-2.6,3.36,-1.6,7.4,0,929.7,45,0.8,2,69,0,69,48,47,46,46,300,100,40,97
TAE,2013,1,20,14,-1,90,5.1,-2.4,3.43,-1.5,7.5,0,929.9,49,1.1,2.1,33,0,33,23,23,22,23,299,100,40,97
TAE,2013,1,20,15,-1,90.6,5.1,-2.3,3.43,-1.5,7.5,0,929.7,66,1.2,2.6,12,0,12,8,8,8,8,294,88,40,97
TAE,2013,1,20,16,-1.8,92.5,5,-2.9,3.36,-2.2,6.6,0,929.8,51,1.4,3.4,0,0,0,0,0,0,0,280,64,40,97
TAE,2013,1,20,17,-2.6,93,4.7,-3.6,3.16,-2.9,5.2,0,930,45,1.1,2.8,0,0,0,0,0,0,0,279,69,40,97
TAE,2013,1,20,18,-3.3,94.5,4.5,-4.1,3.02,-3.6,4.2,0,930.5,50,0.8,2,0,0,0,0,0,0,0,293,94,40,97
TAE,2013,1,20,19,-4.4,94.9,4.2,-5.1,2.82,-4.6,2.6,0,930.7,90,0.5,1.6,0,0,0,0,0,0,0,296,94,40,97
TAE,2013,1,20,20,-3.4,92.7,4.4,-4.4,2.95,-3.7,3.9,0,931.5,233,1,2.4,0,0,0,0,0,0,0,276,63,40,97
TAE,2013,1,20,21,-1.4,89,4.9,-3,3.29,-2,6.8,0,932,261,2.1,5.2,0,0,0,0,0,0,0,294,75,40,97
TAE,2013,1,20,22,0,86.1,5.3,-2,3.56,-0.8,8.9,0,932.6,244,2.7,7.8,0,0,0,0,0,0,0,300,100,40,97
TAE,2013,1,20,23,-0.2,88.3,5.3,-1.9,3.55,-0.8,8.7,0,932.8,225,2.1,5.9,0,0,0,0,0,0,0,300,100,40,97
TAE,2013,1,21,0,0.1,87.4,5.4,-1.7,3.62,-0.6,9.1,0,933.1,256,2.5,6.9,0,0,0,0,0,0,0,300,100,41,97
TAE,2013,1,21,1,-0.2,85.6,5.2,-2.3,3.48,-1,8.5,0,933.6,263,2.3,5.7,0,0,0,0,0,0,0,292,88,41,97
TAE,2013,1,21,2,-0.5,87,5.1,-2.4,3.42,-1.2,8,0,933.7,281,2.1,4.3,0,0,0,0,0,0,0,270,35,41,97
TAE,2013,1,21,3,-0.8,85.5,4.9,-2.9,3.28,-1.6,7.4,0,933.9,273,1.7,4.1,0,0,0,0,0,0,0,268,71,41,97
TAE,2013,1,21,4,-1,83,4.7,-3.5,3.15,-1.9,6.8,0,934,274,1.5,3.5,0,0,0,0,0,0,0,278,74,41,97
TAE,2013,1,21,5,-1.2,81.4,4.5,-4,3.01,-2.2,6.3,0,934.5,265,2.4,4.9,0,0,0,0,0,0,0,283,78,41,97
TAE,2013,1,21,6,-1.6,84.9,4.6,-3.8,3.08,-2.4,6,0,934.9,264,1.9,4.2,0,0,0,0,0,0,0,291,100,41,97
TAE,2013,1,21,7,-1.7,85.5,4.6,-3.8,3.07,-2.4,5.9,0.1,935.3,259,1.5,3.8,14,2,14,10,12,11,10,291,100,41,97
TAE,2013,1,21,8,-1.5,84.9,4.6,-3.7,3.07,-2.3,6.1,0.1,935.3,262,1.5,3.7,85,51,74,52,87,93,51,284,100,41,97
TAE,2013,1,21,9,-1.2,81.2,4.5,-4,3.01,-2.2,6.3,0,935.3,241,1.3,3,85,4,84,58,61,60,57,288,100,41,97
TAE,2013,1,21,10,-0.6,77,4.5,-4.1,3.01,-1.8,6.9,0,935.1,250,1.2,2.8,143,35,131,91,102,125,89,278,94,41,97
TAE,2013,1,21,11,-0.2,74.5,4.5,-4.2,3.01,-1.6,7.3,0,934.8,279,0.7,1.8,341,479,159,123,176,619,159,259,40,41,97
TAE,2013,1,21,12,-0.7,77.9,4.5,-4.1,3.01,-1.9,6.8,0,934.8,270,0.5,1.5,250,319,136,105,105,419,216,268,65,41,97
TAE,2013,1,21,13,0.5,75.2,4.8,-3.4,3.21,-0.9,8.5,0,934.9,225,0.7,2.1,150,133,110,78,78,201,153,277,94,41,97
TAE,2013,1,21,14,1.1,74.2,4.9,-3,3.28,-0.4,9.3,0,935.1,222,1.3,3.8,53,10,51,36,35,43,42,283,100,41,97
TAE,2013,1,21,15,0.8,77.7,5,-2.6,3.34,-0.5,9.1,0,935.3,211,1.7,5.8,10,0,10,7,7,7,7,279,100,41,97
TAE,2013,1,21,16,0.3,81.8,5.1,-2.4,3.41,-0.7,8.8,0,935.3,256,1.4,5.1,0,0,0,0,0,0,0,274,66,41,97
TAE,2013,1,21,17,-0.9,87.8,5.1,-2.7,3.41,-1.6,7.6,0,935.7,180,0.3,1.9,0,0,0,0,0,0,0,283,100,41,97
TAE,2013,1,21,18,-0.9,89.2,5.1,-2.5,3.41,-1.5,7.6,0,936,351,0.8,1.9,0,0,0,0,0,0,0,282,100,41,97
TAE,2013,1,21,19,-1.4,90.5,5,-2.7,3.34,-1.9,6.9,0,936.2,67,0.8,2.1,0,0,0,0,0,0,0,281,100,41,97
TAE,2013,1,21,20,-2.3,92.8,4.8,-3.3,3.2,-2.7,5.7,0,936.7,270,0.4,1.3,0,0,0,0,0,0,0,279,100,41,97
TAE,2013,1,21,21,-1.9,92,4.9,-3,3.27,-2.3,6.2,0,936.6,180,0.5,1.3,0,0,0,0,0,0,0,277,100,41,97
TAE,2013,1,21,22,-1.7,91.9,4.9,-2.8,3.27,-2.1,6.4,0,937.2,169,0.6,1.5,0,0,0,0,0,0,0,276,100,41,97
TAE,2013,1,21,23,-0.4,87.4,5.2,-2.2,3.47,-1.1,8.2,0,937.2,225,0.7,4.3,0,0,0,0,0,0,0,274,100,41,97
TAE,2013,1,22,0,1.2,79.3,5.3,-2,3.54,0,10,0,937.4,235,1.7,5.3,0,0,0,0,0,0,0,264,90,42,97
TAE,2013,1,22,1,1.5,78.5,5.3,-1.8,3.54,0.2,10.3,0,937.6,238,1.4,5.4,0,0,0,0,0,0,0,270,90,42,97
TAE,2013,1,22,2,1.7,79.5,5.5,-1.5,3.67,0.4,10.9,0,938,220,2.3,6.3,0,0,0,0,0,0,0,272,94,42,97
TAE,2013,1,22,3,2,77.2,5.4,-1.6,3.6,0.6,11,0,938.2,216,2.9,6.6,0,0,0,0,0,0,0,274,100,42,97
TAE,2013,1,22,4,2,76.7,5.4,-1.7,3.6,0.5,11,0,938.1,223,2.6,8.2,0,0,0,0,0,0,0,273,100,42,97
TAE,2013,1,22,5,1.9,77.1,5.4,-1.7,3.6,0.5,10.9,0,938.7,220,2.5,5.6,0,0,0,0,0,0,0,271,100,42,97
TAE,2013,1,22,6,1.8,78,5.4,-1.6,3.6,0.5,10.8,0,939.4,240,1.6,4.2,0,0,0,0,0,0,0,274,94,42,97
TAE,2013,1,22,7,0.9,88.2,5.7,-0.8,3.79,0.2,10.4,0,940.1,308,1.8,3.8,24,57,20,14,62,48,14,268,88,42,97
TAE,2013,1,22,8,1.2,84.9,5.7,-1.1,3.79,0.3,10.7,0,940.7,230,1.5,6.5,62,16,59,42,54,52,41,275,100,42,97
TAE,2013,1,22,9,1.6,81.6,5.6,-1.2,3.72,0.5,10.9,0,941.2,219,2,4.8,88,1,88,62,62,60,60,276,100,42,97
TAE,2013,1,22,10,2,79.4,5.6,-1.2,3.72,0.7,11.3,0,941.5,261,1.9,5.9,105,0,105,74,73,71,72,274,100,42,97
TAE,2013,1,22,11,0.9,90.4,5.9,-0.5,3.92,0.3,10.7,0,941.4,323,2.1,4.6,108,0,108,76,75,73,74,275,94,42,97
TAE,2013,1,22,12,1.2,86.7,5.8,-0.8,3.86,0.4,10.8,0,941,315,1.6,3.1,226,242,136,103,103,345,173,263,53,42,97
TAE,2013,1,22,13,1.8,81.3,5.6,-1.1,3.72,0.6,11.1,0,940.9,302,1.4,4.3,106,13,102,72,71,81,78,263,84,42,97
TAE,2013,1,22,14,1.7,81.7,5.6,-1.1,3.72,0.6,11,0,941.1,331,1.2,5.1,52,0,52,36,36,35,35,267,100,42,97
TAE,2013,1,22,15,1.2,84.3,5.6,-1.1,3.72,0.3,10.5,0,941.3,18,0.7,2.2,24,27,22,15,15,32,38,262,88,42,97
TAE,2013,1,22,16,-0.1,90,5.5,-1.5,3.66,-0.6,9,0,941.4,270,0.1,0.6,0,0,0,0,0,0,0,261,94,42,97
TAE,2013,1,22,17,-1.7,93.5,5.1,-2.6,3.39,-2,6.7,0,941.7,214,0.3,1.2,0,0,0,0,0,0,0,249,58,42,97
TAE,2013,1,22,18,-3.1,93.8,4.6,-4,3.05,-3.4,4.5,0,942.1,207,0.7,1.8,0,0,0,0,0,0,0,240,6,42,97
TAE,2013,1,22,19,-3.9,95.3,4.4,-4.5,2.92,-4.1,3.3,0,942.2,173,0.8,2.3,0,0,0,0,0,0,0,237,0,42,97
TAE,2013,1,22,20,-4.2,94.1,4.2,-5,2.79,-4.5,2.7,0,942.2,153,1.1,2.1,0,0,0,0,0,0,0,236,0,42,97
TAE,2013,1,22,21,-6.1,96.5,3.7,-6.6,2.45,-6.3,-0.1,0,942,153,0.3,1.2,0,0,0,0,0,0,0,235,6,42,97
TAE,2013,1,22,22,-6.9,95.3,3.5,-7.5,2.32,-7.1,-1.2,0,942.2,180,0.1,0.5,0,0,0,0,0,0,0,238,41,42,97
TAE,2013,1,22,23,-7.1,95.8,3.5,-7.7,2.32,-7.3,-1.4,0,942.2,207,0.3,1,0,0,0,0,0,0,0,234,29,42,97
TAE,2013,1,23,0,-7.1,94.6,3.4,-7.8,2.25,-7.3,-1.6,0,942.2,153,0.7,1.4,0,0,0,0,0,0,0,235,6,47,97
TAE,2013,1,23,1,-7.4,94.5,3.3,-8.1,2.19,-7.6,-2,0,942.2,166,0.5,1.3,0,0,0,0,0,0,0,230,6,47,97
TAE,2013,1,23,2,-7.7,96,3.3,-8.2,2.19,-7.8,-2.3,0,941.9,166,0.5,1.3,0,0,0,0,0,0,0,230,0,47,97
TAE,2013,1,23,3,-6.8,93.3,3.4,-7.7,2.25,-7.1,-1.3,0,942,315,0.3,1.5,0,0,0,0,0,0,0,228,23,47,97
TAE,2013,1,23,4,-7.1,92.9,3.3,-8.1,2.19,-7.4,-1.7,0,941.7,236,0.5,1.4,0,0,0,0,0,0,0,233,69,47,97
TAE,2013,1,23,5,-8.1,93.7,3.1,-8.9,2.05,-8.3,-3.1,0,941.4,198,0.4,1.2,0,0,0,0,0,0,0,232,70,47,97
TAE,2013,1,23,6,-7.7,92.6,3.2,-8.7,2.12,-8,-2.5,0,941.6,207,0.3,1.3,0,0,0,0,0,0,0,235,78,47,97
TAE,2013,1,23,7,-8,91.8,3.1,-9.1,2.05,-8.3,-3,0,941.9,180,0.3,0.8,46,216,25,20,198,156,20,226,39,47,97
TAE,2013,1,23,8,-6.8,93.1,3.4,-7.7,2.25,-7.1,-1.3,0,941.8,153,0.3,0.8,178,546,70,63,458,482,64,223,6,47,97
TAE,2013,1,23,9,-5.2,90.4,3.8,-6.5,2.52,-5.6,1,0,942,90,0.4,1.3,272,505,120,101,389,566,103,227,25,47,97
TAE,2013,1,23,10,-4.3,90.3,4,-5.6,2.65,-4.7,2.3,0,941.9,79,0.6,1.8,358,631,126,118,335,748,121,242,29,47,97
TAE,2013,1,23,11,-3.3,88.1,4.2,-5,2.79,-3.9,3.6,0,941.7,66,1,2.3,406,777,104,119,178,901,175,243,36,47,97
TAE,2013,1,23,12,-2.3,87.9,4.6,-4,3.05,-2.9,5.3,0,941.4,61,1.1,2,372,696,114,116,117,807,338,236,36,47,97
TAE,2013,1,23,13,-1.2,80,4.5,-4.2,2.99,-2.3,6.2,0,941.1,72,0.4,1.6,289,575,111,100,101,631,415,234,29,47,97
TAE,2013,1,23,14,-1.2,79.2,4.4,-4.3,2.92,-2.3,6.1,0,941.4,90,0.3,1.3,186,529,73,66,66,482,440,233,25,47,97
TAE,2013,1,23,15,-1.9,81,4.3,-4.7,2.85,-2.9,5.2,0,941.6,180,0.2,0.7,47,162,29,23,23,129,155,238,29,47,97
TAE,2013,1,23,16,-4.3,85,3.8,-6.4,2.52,-5,1.9,0,941.9,153,0.2,0.6,0,0,0,0,0,0,0,239,36,47,97
TAE,2013,1,23,17,-5.6,88.3,3.6,-7.2,2.39,-6.1,0.3,0,942.2,180,0.3,0.8,0,0,0,0,0,0,0,232,50,47,97
TAE,2013,1,23,18,-6.2,90.9,3.5,-7.4,2.32,-6.6,-0.5,0,942.5,45,0.1,0.5,0,0,0,0,0,0,0,238,50,47,97
TAE,2013,1,23,19,-6.5,90.2,3.4,-7.8,2.25,-6.9,-1,0,942.5,198,0.5,1.4,0,0,0,0,0,0,0,235,40,47,97
TAE,2013,1,23,20,-7.5,93,3.3,-8.4,2.19,-7.7,-2.1,0,942.7,180,0.5,1.2,0,0,0,0,0,0,0,245,65,47,97
TAE,2013,1,23,21,-7.4,92.6,3.2,-8.4,2.12,-7.7,-2.2,0,942.9,157,0.8,1.5,0,0,0,0,0,0,0,248,88,47,97
TAE,2013,1,23,22,-8.7,91.8,2.9,-9.8,1.92,-9,-4,0,943.3,146,0.4,1.3,0,0,0,0,0,0,0,240,56,47,97
TAE,2013,1,23,23,-7.1,91.9,3.3,-8.2,2.18,-7.4,-1.7,0,943,180,0.3,1,0,0,0,0,0,0,0,238,31,47,97
TAE,2013,1,24,0,-5.4,91.8,3.8,-6.5,2.52,-5.7,0.8,0,942.6,180,0.2,0.8,0,0,0,0,0,0,0,242,81,49,97
TAE,2013,1,24,1,-4.1,91.7,4.1,-5.2,2.72,-4.5,2.6,0,942.2,0,0.3,1.5,0,0,0,0,0,0,0,239,59,49,97
TAE,2013,1,24,2,-3.6,91.6,4.3,-4.8,2.85,-4,3.5,0,942.1,18,0.7,1.9,0,0,0,0,0,0,0,237,64,49,97
TAE,2013,1,24,3,-2.2,89.5,4.7,-3.7,3.12,-2.7,5.5,0,941.9,84,1,3.1,0,0,0,0,0,0,0,241,100,49,97
TAE,2013,1,24,4,-2.6,90.5,4.6,-3.9,3.05,-3.1,5,0,941.8,52,1.1,2.5,0,0,0,0,0,0,0,225,45,49,97
TAE,2013,1,24,5,-2.2,89.3,4.7,-3.7,3.12,-2.7,5.5,0,942.1,49,1,3.9,0,0,0,0,0,0,0,222,25,49,97
TAE,2013,1,24,6,-2.5,91.7,4.7,-3.7,3.12,-2.9,5.2,0,942.7,45,0.9,2.2,0,0,0,0,0,0,0,222,25,49,97
TAE,2013,1,24,7,-2.2,91.9,4.8,-3.3,3.18,-2.6,5.7,0,943,40,0.8,2,40,127,28,22,128,100,22,234,48,49,97
TAE,2013,1,24,8,-2,91.6,4.8,-3.2,3.18,-2.4,5.9,0,943.4,45,0.7,1.4,146,251,91,72,254,273,72,246,78,49,97
TAE,2013,1,24,9,-1.8,89.7,4.8,-3.3,3.18,-2.3,6.1,0,944,54,0.9,2.2,221,225,151,116,246,328,115,250,94,49,97
TAE,2013,1,24,10,-1.7,89.5,4.8,-3.2,3.18,-2.2,6.2,0,944.3,40,0.8,1.7,250,157,192,145,209,306,143,251,94,49,97
TAE,2013,1,24,11,-1.5,87.8,4.8,-3.3,3.18,-2.1,6.4,0,944.4,40,0.8,1.4,262,142,207,155,173,306,167,252,100,49,97
TAE,2013,1,24,12,-1.2,85.5,4.8,-3.3,3.18,-2,6.7,0,944.3,57,1.6,3.4,234,109,193,145,144,256,184,253,100,49,97
TAE,2013,1,24,13,-1.3,85.1,4.7,-3.5,3.11,-2.1,6.4,0,944.3,52,1.6,3.7,203,141,160,120,120,252,202,251,100,49,97
TAE,2013,1,24,14,-1.4,83.8,4.6,-3.8,3.04,-2.2,6.2,0,944.9,57,2,4.1,127,114,103,77,77,168,160,250,100,49,97
TAE,2013,1,24,15,-1.5,83.5,4.6,-3.9,3.04,-2.3,6.1,0,945.5,50,1.6,3.5,39,56,32,25,25,61,71,247,94,49,97
TAE,2013,1,24,16,-1.6,80.4,4.4,-4.5,2.91,-2.6,5.6,0,946.3,69,1.4,3.2,0,0,0,0,0,0,0,241,81,49,97
TAE,2013,1,24,17,-1.8,80.3,4.3,-4.7,2.84,-2.8,5.2,0,947,60,0.9,1.5,0,0,0,0,0,0,0,247,100,49,97
TAE,2013,1,24,18,-1.9,80.3,4.3,-4.8,2.84,-2.9,5.1,0,947.7,53,0.5,1.5,0,0,0,0,0,0,0,243,100,49,97
TAE,2013,1,24,19,-2,79.6,4.2,-5,2.77,-3,4.9,0,948.1,63,0.2,0.8,0,0,0,0,0,0,0,245,100,49,97
TAE,2013,1,24,20,-2,79,4.1,-5.1,2.7,-3,4.7,0,948.6,27,0.2,1,0,0,0,0,0,0,0,244,100,49,97
TAE,2013,1,24,21,-2,78.1,4.1,-5.3,2.7,-3.1,4.7,0,949,27,0.5,1.4,0,0,0,0,0,0,0,242,100,49,97
TAE,2013,1,24,22,-2.1,80.5,4.2,-5,2.76,-3.1,4.8,0,949.4,239,0.6,1.3,0,0,0,0,0,0,0,244,100,49,97
TAE,2013,1,24,23,-2.2,81.6,4.2,-4.9,2.76,-3.1,4.7,0,949.8,225,0.5,1.7,0,0,0,0,0,0,0,243,100,49,97
TAE,2013,1,25,0,-2.2,79.4,4.1,-5.3,2.7,-3.2,4.5,0,949.9,243,0.6,1.6,0,0,0,0,0,0,0,243,100,49,97
TAE,2013,1,25,1,-2.3,78.8,4.1,-5.5,2.7,-3.4,4.4,0,950.3,231,0.6,1.6,0,0,0,0,0,0,0,243,100,49,97
TAE,2013,1,25,2,-2.6,83.5,4.2,-5,2.76,-3.4,4.2,0,950.5,243,0.2,0.8,0,0,0,0,0,0,0,243,100,49,97
TAE,2013,1,25,3,-3,87.5,4.3,-4.8,2.83,-3.6,4,0,950.5,198,0.3,0.6,0,0,0,0,0,0,0,243,100,49,97
TAE,2013,1,25,4,-2.8,84.5,4.2,-5,2.76,-3.5,4,0,950.7,180,0.2,0.6,0,0,0,0,0,0,0,242,100,49,97
TAE,2013,1,25,5,-2.8,85.3,4.2,-4.9,2.76,-3.5,4,0,951.1,0,0.2,0.8,0,0,0,0,0,0,0,242,100,49,97
TAE,2013,1,25,6,-2.8,85.9,4.3,-4.8,2.82,-3.5,4.2,0,951.3,90,0.6,1.5,0,0,0,0,0,0,0,242,100,49,97
TAE,2013,1,25,7,-2.7,86.9,4.3,-4.6,2.82,-3.3,4.3,0,951.7,45,1.4,2.9,38,89,30,23,96,78,22,242,100,49,97
TAE,2013,1,25,8,-2.9,87.5,4.3,-4.7,2.82,-3.5,4.1,0,951.8,54,1.3,3.1,137,178,100,76,210,216,76,242,100,49,97
TAE,2013,1,25,9,-2.8,87.2,4.3,-4.6,2.82,-3.4,4.2,0,952.1,51,1.3,2.6,217,191,158,120,235,299,119,242,100,49,97
TAE,2013,1,25,10,-2.5,85.4,4.4,-4.6,2.89,-3.2,4.7,0,952.4,41,1.8,3.2,273,208,195,149,232,364,148,241,100,49,97
TAE,2013,1,25,11,-2.2,83.4,4.3,-4.6,2.82,-3,4.8,0,952.3,50,1.5,3.2,301,235,208,159,185,411,184,241,100,49,97
TAE,2013,1,25,12,-2.1,81.1,4.3,-4.9,2.82,-3,4.9,0,952.1,42,1.5,2.9,271,192,198,150,150,351,222,241,100,49,97
TAE,2013,1,25,13,-2,79.6,4.2,-5,2.76,-3,4.8,0,951.9,45,1.4,2.8,219,178,163,124,123,292,228,240,100,49,97
TAE,2013,1,25,14,-2,79.3,4.2,-5.1,2.76,-3,4.8,0,952,48,1.5,2.9,137,142,107,81,81,194,185,239,100,49,97
TAE,2013,1,25,15,-2.2,80.9,4.2,-5,2.76,-3.1,4.6,0,952,51,1.2,2.5,42,66,34,27,26,70,81,238,100,49,97
TAE,2013,1,25,16,-2.4,81.1,4.2,-5.2,2.76,-3.3,4.4,0,951.9,67,1.3,2.6,0,0,0,0,0,0,0,236,100,49,97
TAE,2013,1,25,17,-3.1,85.3,4.2,-5.2,2.76,-3.8,3.7,0,951.9,49,1.1,2.1,0,0,0,0,0,0,0,231,88,49,97
TAE,2013,1,25,18,-3.4,84.8,4,-5.6,2.63,-4.1,3.1,0,951.6,69,0.9,2,0,0,0,0,0,0,0,222,20,49,97
TAE,2013,1,25,19,-4.7,86.1,3.7,-6.7,2.43,-5.3,1.3,0,951.3,90,0.4,1.4,0,0,0,0,0,0,0,219,0,49,97
TAE,2013,1,25,20,-5,86.2,3.7,-6.9,2.43,-5.6,1,0,950.7,67,0.8,2.1,0,0,0,0,0,0,0,217,29,49,97
TAE,2013,1,25,21,-3.7,83.9,3.9,-6,2.56,-4.4,2.6,0,949.8,60,1.7,3.3,0,0,0,0,0,0,0,211,29,49,97
TAE,2013,1,25,22,-3.9,84.1,3.8,-6.2,2.5,-4.6,2.3,0,949,65,2.1,4.8,0,0,0,0,0,0,0,209,29,49,97
TAE,2013,1,25,23,-4.3,85.6,3.8,-6.3,2.5,-4.9,1.9,0,948.4,52,1.7,3.6,0,0,0,0,0,0,0,207,25,49,97
TAE,2013,1,26,0,-4.7,89.4,3.9,-6.2,2.57,-5.2,1.6,0,947.6,53,2,3.9,0,0,0,0,0,0,0,200,0,54,97
TAE,2013,1,26,1,-4.8,89.6,3.8,-6.2,2.51,-5.2,1.4,0,946.6,72,1.9,3.8,0,0,0,0,0,0,0,199,0,54,97
TAE,2013,1,26,2,-4.9,88.8,3.8,-6.5,2.51,-5.4,1.3,0,946,56,1.5,3.4,0,0,0,0,0,0,0,197,0,54,97
TAE,2013,1,26,3,-5.1,88.4,3.7,-6.7,2.44,-5.6,0.9,0,946,53,1.5,3.5,0,0,0,0,0,0,0,196,0,54,97
TAE,2013,1,26,4,-5,87.2,3.7,-6.8,2.44,-5.5,1,0,946.5,54,1.3,3.4,0,0,0,0,0,0,0,195,0,54,97
TAE,2013,1,26,5,-5.1,87.8,3.7,-6.8,2.44,-5.6,0.9,0,947.2,61,1,2.3,0,0,0,0,0,0,0,193,0,54,97
TAE,2013,1,26,6,-5.1,86.6,3.6,-7,2.37,-5.7,0.7,0,947.8,77,1,2.8,0,0,0,0,0,0,0,194,0,54,97
TAE,2013,1,26,7,-5.1,85,3.6,-7.2,2.37,-5.7,0.7,0,948.5,50,0.8,1.6,46,142,32,26,145,114,26,198,19,54,97
TAE,2013,1,26,8,-5,80.2,3.4,-7.9,2.24,-5.9,0.5,0,948.4,186,1.5,4.8,166,320,98,82,321,334,82,201,20,54,97
TAE,2013,1,26,9,-5,78.3,3.3,-8.2,2.17,-5.9,0.4,0,948,166,0.6,2.3,282,466,136,120,392,555,122,204,13,54,97
TAE,2013,1,26,10,-4.5,76.2,3.3,-8,2.17,-5.5,0.9,0,948.1,54,1,2.3,376,624,140,139,366,767,143,207,33,54,97
TAE,2013,1,26,11,-3.9,73.6,3.4,-7.9,2.24,-5.1,1.6,0,948.5,108,0.5,1.5,409,670,141,146,208,838,205,211,33,54,97
TAE,2013,1,26,12,-2.4,68.8,3.5,-7.3,2.3,-3.9,3.3,0,949,302,1.4,3.5,393,702,125,137,138,838,373,211,25,54,97
TAE,2013,1,26,13,-1.2,64.1,3.6,-7.1,2.37,-3.1,4.7,0,949.7,237,1.8,5.4,313,611,117,116,117,681,455,216,45,54,97
TAE,2013,1,26,14,-0.7,62.4,3.6,-7,2.37,-2.8,5.2,0,950.4,232,2.3,5.7,195,470,89,81,82,456,421,216,71,54,97
TAE,2013,1,26,15,-1.1,62.9,3.6,-7.3,2.37,-3.1,4.8,0,950.3,222,1.4,3.9,46,70,36,29,29,76,87,218,75,54,97
TAE,2013,1,26,16,-2.4,65.4,3.4,-8,2.23,-4.1,3.1,0,950.9,263,0.9,3.1,0,0,0,0,0,0,0,213,40,54,97
TAE,2013,1,26,17,-4.6,74.5,3.2,-8.4,2.1,-5.7,0.6,0,951,207,0.7,2,0,0,0,0,0,0,0,214,58,54,97
TAE,2013,1,26,18,-5.3,77,3.2,-8.7,2.1,-6.3,-0.1,0,951.7,207,0.5,1.9,0,0,0,0,0,0,0,220,88,54,97
TAE,2013,1,26,19,-5.3,79.8,3.3,-8.2,2.16,-6.1,0,0,951.8,180,0.6,1.8,0,0,0,0,0,0,0,228,100,54,97
TAE,2013,1,26,20,-5.8,81.3,3.2,-8.5,2.1,-6.6,-0.6,0,952.5,135,0.3,1.5,0,0,0,0,0,0,0,233,94,54,97
TAE,2013,1,26,21,-5.2,78.1,3.2,-8.4,2.1,-6.1,0,0,952.4,270,0.6,2.7,0,0,0,0,0,0,0,232,90,54,97
TAE,2013,1,26,22,-2.3,64.7,3.3,-8,2.16,-4.1,3.1,0,952.8,304,0.7,2.9,0,0,0,0,0,0,0,233,66,54,97
TAE,2013,1,26,23,-3.1,71.8,3.5,-7.5,2.29,-4.5,2.6,0,952.7,198,0.6,2,0,0,0,0,0,0,0,237,68,54,97
TAE,2013,1,27,0,-2.5,73.5,3.8,-6.6,2.49,-3.8,3.7,0,952.3,360,0.2,1,0,0,0,0,0,0,0,249,81,54,97
TAE,2013,1,27,1,-1.8,66.2,3.6,-7.3,2.36,-3.5,4.1,0,952.1,219,0.8,3.3,0,0,0,0,0,0,0,241,63,54,97
TAE,2013,1,27,2,-1.5,66.1,3.6,-7,2.36,-3.3,4.4,0,951.9,315,0.6,2.1,0,0,0,0,0,0,0,237,40,54,97
TAE,2013,1,27,3,-1.8,61.2,3.3,-8.3,2.16,-3.8,3.6,0,951.4,228,1.5,4,0,0,0,0,0,0,0,235,33,54,97
TAE,2013,1,27,4,-4,70.8,3.2,-8.5,2.1,-5.3,1.2,0,950.8,212,1,2.7,0,0,0,0,0,0,0,242,65,54,97
TAE,2013,1,27,5,-5,76.9,3.2,-8.4,2.1,-6,0.2,0,950.2,198,0.7,1.8,0,0,0,0,0,0,0,260,100,54,97
TAE,2013,1,27,6,-5.4,80.2,3.3,-8.3,2.17,-6.2,-0.1,0,949.7,143,0.5,1.4,0,0,0,0,0,0,0,263,100,54,97
TAE,2013,1,27,7,-5.6,81,3.3,-8.3,2.17,-6.4,-0.3,0,949.4,166,0.5,1.6,37,67,30,24,80,65,24,268,100,54,97
TAE,2013,1,27,8,-4.6,77.8,3.4,-7.9,2.24,-5.6,0.9,0,949,135,0.3,0.9,147,221,98,80,244,255,80,271,84,54,97
TAE,2013,1,27,9,-2.5,73.1,3.7,-6.6,2.44,-3.8,3.5,0,948.4,63,0.6,1.8,249,323,146,122,314,424,123,276,71,54,97
TAE,2013,1,27,10,-1.4,69.7,3.9,-6.2,2.57,-3,5,0,947.6,45,0.6,1.6,312,357,177,149,292,515,150,281,75,54,97
TAE,2013,1,27,11,0.4,62.8,4,-5.9,2.64,-1.8,7,0,946.4,58,1.1,2.8,358,466,169,152,208,640,190,278,69,54,97
TAE,2013,1,27,12,1.1,57.3,3.8,-6.4,2.51,-1.5,7.4,0,945.9,72,0.9,2.2,295,272,190,154,155,438,256,293,94,54,97
TAE,2013,1,27,13,1.3,60.5,4.1,-5.5,2.71,-1.1,8.1,0,945.6,72,0.4,1.5,192,104,158,124,123,222,182,297,100,54,97
TAE,2013,1,27,14,4.2,41.3,3.4,-7.8,2.25,0.1,9.8,0,945.1,240,1.8,6.8,119,76,100,78,78,140,132,299,100,54,97
TAE,2013,1,27,15,4.4,42.5,3.6,-7.2,2.38,0.3,10.4,0,944.8,257,1.5,4.8,33,10,32,25,25,31,33,301,100,54,97
TAE,2013,1,27,16,4.1,41.7,3.4,-7.7,2.25,0,9.7,0,945,243,1,3,0,0,0,0,0,0,0,303,100,54,97
TAE,2013,1,27,17,3.9,48.9,3.9,-5.9,2.58,0.4,10.4,0,945.5,232,2.4,8,0,0,0,0,0,0,0,304,100,54,97
TAE,2013,1,27,18,2.5,76.8,5.6,-1.2,3.71,1,11.8,1.6,945.5,215,3.9,9.6,0,0,0,0,0,0,0,304,100,54,97
TAE,2013,1,27,19,2.3,87.9,6.4,0.5,4.24,1.5,12.9,3,945.2,214,4.4,10.1,0,0,0,0,0,0,0,305,100,54,97
TAE,2013,1,27,20,3.2,85.5,6.6,1,4.37,2.3,14.2,0.6,945,221,2.8,7.6,0,0,0,0,0,0,0,305,100,54,97
TAE,2013,1,27,21,3.6,84.5,6.7,1.2,4.44,2.6,14.7,0,945.1,260,1.1,5.7,0,0,0,0,0,0,0,306,100,54,97
TAE,2013,1,27,22,2.8,90.9,6.8,1.5,4.51,2.2,14.1,0,945.4,315,1.1,2.5,0,0,0,0,0,0,0,307,100,54,97
TAE,2013,1,27,23,1.3,97.4,6.5,0.9,4.3,1.1,12.1,0.2,945.8,18,0.6,2,0,0,0,0,0,0,0,297,84,54,97
TAE,2013,1,28,0,2.2,93.9,6.7,1.3,4.44,1.8,13.3,0.8,946.3,234,1,3.7,0,0,0,0,0,0,0,305,94,51,97
TAE,2013,1,28,1,2.5,90.5,6.6,1.1,4.36,1.9,13.4,0.6,947.1,237,1.7,5.6,0,0,0,0,0,0,0,307,100,51,97
TAE,2013,1,28,2,2.1,91.1,6.5,0.8,4.3,1.6,12.8,0.6,947.8,236,1.5,3.8,0,0,0,0,0,0,0,301,100,51,97
TAE,2013,1,28,3,1.8,91.7,6.4,0.6,4.22,1.3,12.4,0.5,948.8,270,0.8,3.1,0,0,0,0,0,0,0,305,100,51,97
TAE,2013,1,28,4,1.4,93.5,6.3,0.5,4.15,1,11.8,0.7,949.7,260,1.2,3.3,0,0,0,0,0,0,0,303,100,51,97
TAE,2013,1,28,5,1,95,6.3,0.3,4.15,0.7,11.4,0.5,950.4,180,0.8,2.8,0,0,0,0,0,0,0,300,100,51,97
TAE,2013,1,28,6,1.5,92.3,6.3,0.4,4.15,1,11.9,0,951.2,246,1.6,3.7,0,0,0,0,0,0,0,298,100,51,97
TAE,2013,1,28,7,1.7,92.1,6.3,0.6,4.14,1.2,12.1,0,952,235,1.2,4.1,28,14,26,20,32,28,20,296,100,51,97
TAE,2013,1,28,8,2,90.4,6.4,0.6,4.21,1.4,12.5,0,952.8,230,1.7,5,98,33,91,69,93,93,68,294,100,51,97
TAE,2013,1,28,9,2.2,89.6,6.4,0.7,4.2,1.6,12.7,0,953.4,225,1.7,4.4,192,105,157,121,182,218,119,291,100,51,97
TAE,2013,1,28,10,2.6,88.5,6.5,0.9,4.27,1.9,13.3,0,954.4,228,1.4,4.4,228,93,193,147,186,240,145,291,100,51,97
TAE,2013,1,28,11,2.9,88,6.6,1.1,4.33,2.1,13.7,0,954.8,219,1.5,3.6,268,135,213,163,177,306,177,291,100,51,97
TAE,2013,1,28,12,3.3,85.2,6.6,1.1,4.33,2.4,14.1,0,955,220,1.5,3.6,308,308,190,152,152,469,274,284,68,51,97
TAE,2013,1,28,13,3.8,81.4,6.5,0.9,4.26,2.6,14.5,0,955.4,240,1.4,4.6,286,464,136,119,119,547,388,269,45,51,97
TAE,2013,1,28,14,4.2,78.2,6.5,0.7,4.26,2.7,14.9,0,956.1,253,1.4,3.6,204,538,80,76,77,497,465,252,0,51,97
TAE,2013,1,28,15,3.2,83.6,6.4,0.7,4.19,2.1,13.7,0,956.5,239,0.7,2.6,63,204,35,32,32,165,200,249,0,51,97
TAE,2013,1,28,16,2.6,87.5,6.4,0.7,4.19,1.8,13.1,0,956.7,279,0.7,2.1,0,0,0,0,0,0,0,250,13,51,97
TAE,2013,1,28,17,1.2,91.4,6.1,0,3.99,0.7,11.2,0,957.4,281,0.5,1.6,0,0,0,0,0,0,0,255,23,51,97
TAE,2013,1,28,18,1.5,88.9,6,-0.1,3.92,0.8,11.3,0,957.5,231,0.9,3.5,0,0,0,0,0,0,0,259,36,51,97
TAE,2013,1,28,19,2.9,82.9,6.2,0.3,4.05,1.8,13.1,0,957.6,214,2.4,6.5,0,0,0,0,0,0,0,273,81,51,97
TAE,2013,1,28,20,2.8,80.4,6,-0.2,3.92,1.6,12.6,0,957.6,223,1.8,4.8,0,0,0,0,0,0,0,275,88,51,97
TAE,2013,1,28,21,2.2,81.3,5.8,-0.7,3.79,1,11.7,0,957.1,228,1.5,5.7,0,0,0,0,0,0,0,282,100,51,97
TAE,2013,1,28,22,3.2,75,5.8,-0.8,3.8,1.6,12.7,0,956.4,221,2.7,8.3,0,0,0,0,0,0,0,283,100,51,97
TAE,2013,1,28,23,3.5,72.7,5.7,-0.9,3.72,1.7,12.8,0,957.8,232,3,7.1,0,0,0,0,0,0,0,284,100,51,97
TAE,2013,1,29,0,3,75.3,5.7,-0.9,3.73,1.4,12.3,0,957.4,226,2.7,8.6,0,0,0,0,0,0,0,288,100,50,97
TAE,2013,1,29,1,3.5,71.8,5.6,-1.1,3.66,1.6,12.7,0,957.2,217,4,10.1,0,0,0,0,0,0,0,294,100,50,97
TAE,2013,1,29,2,3.4,69.3,5.4,-1.7,3.53,1.4,12.2,0,957.1,225,3.4,10.4,0,0,0,0,0,0,0,298,100,50,97
TAE,2013,1,29,3,3.6,66.3,5.2,-2.1,3.4,1.3,12.1,0,957.2,228,4.1,10.3,0,0,0,0,0,0,0,301,100,50,97
TAE,2013,1,29,4,4.1,61.6,5.1,-2.6,3.33,1.5,12.5,0,956.7,218,5.5,12.3,0,0,0,0,0,0,0,298,88,50,97
TAE,2013,1,29,5,4.5,57.8,4.9,-3.1,3.2,1.5,12.5,0,956.5,219,6.2,14.2,0,0,0,0,0,0,0,293,79,50,97
TAE,2013,1,29,6,4.6,56.1,4.8,-3.4,3.14,1.5,12.5,0,956.1,228,4,9.8,0,0,0,0,0,0,0,293,60,50,97
TAE,2013,1,29,7,4.8,55.2,4.8,-3.4,3.14,1.6,12.7,0,956.5,231,3.4,10.5,45,120,32,25,126,98,25,296,75,50,97
TAE,2013,1,29,8,5,57.4,5,-2.7,3.27,1.9,13.2,0,956,218,5.7,13.5,161,299,92,75,296,310,76,300,68,50,97
TAE,2013,1,29,9,5.8,59.1,5.4,-1.6,3.53,2.7,14.7,0,956.1,215,7.3,14.9,234,249,154,120,272,351,120,304,94,50,97
TAE,2013,1,29,10,6.4,59.4,5.7,-0.9,3.73,3.3,15.8,0,956.1,222,6,13.8,236,120,190,144,194,266,143,314,100,50,97
TAE,2013,1,29,11,6.5,61.6,6,-0.3,3.93,3.6,16.4,0,956.4,224,5.6,13.3,220,57,197,148,155,206,151,317,100,50,97
TAE,2013,1,29,12,6.9,61.1,6.1,-0.1,3.99,3.9,17,0,956.4,226,5.2,12.2,192,41,176,132,131,171,145,319,100,50,97
TAE,2013,1,29,13,6.6,66.8,6.5,0.9,4.26,4.1,17.3,0.5,956.4,226,4.9,11.2,158,41,144,109,108,144,131,319,100,50,97
TAE,2013,1,29,14,5.8,77.9,7.2,2.2,4.72,4.2,17.7,1.5,956.6,226,5.1,12.6,93,17,89,67,66,78,78,320,100,50,97
TAE,2013,1,29,15,5.2,86.2,7.6,3.1,4.98,4.2,17.7,2.7,956.8,223,4.7,13.2,28,3,28,21,21,22,23,320,100,50,97
TAE,2013,1,29,16,5.2,86.8,7.7,3.2,5.04,4.3,17.9,0.6,957.3,222,3.6,9.5,0,0,0,0,0,0,0,321,100,50,97
TAE,2013,1,29,17,5,87.1,7.6,3,4.98,4.1,17.5,0.2,957.6,230,3.1,7.8,0,0,0,0,0,0,0,322,100,50,97
TAE,2013,1,29,18,5,88.2,7.7,3.2,5.04,4.2,17.7,0.2,957.6,224,3.8,9.8,0,0,0,0,0,0,0,322,100,50,97
TAE,2013,1,29,19,4.9,88.6,7.7,3.2,5.04,4.1,17.6,0.1,957.7,217,6.4,12.6,0,0,0,0,0,0,0,323,100,50,97
TAE,2013,1,29,20,5.3,89.3,8,3.7,5.24,4.6,18.5,0.1,957.6,214,5.7,12.3,0,0,0,0,0,0,0,323,100,50,97
TAE,2013,1,29,21,5.9,88.8,8.3,4.2,5.44,5.1,19.6,0,957.6,219,5.6,11.8,0,0,0,0,0,0,0,323,100,50,97
TAE,2013,1,29,22,6.1,87.4,8.3,4.2,5.44,5.2,19.8,0,957.2,227,3.7,10.9,0,0,0,0,0,0,0,324,100,50,97
TAE,2013,1,29,23,6.1,86.7,8.2,4.1,5.37,5.1,19.6,0,957.2,237,3.4,8.4,0,0,0,0,0,0,0,324,100,50,97
TAE,2013,1,30,0,6.2,86.2,8.2,4.1,5.37,5.2,19.7,0,957.3,234,3.5,9.8,0,0,0,0,0,0,0,325,100,49,97
TAE,2013,1,30,1,6.6,85.9,8.4,4.4,5.51,5.5,20.5,0,957.2,223,4.1,12,0,0,0,0,0,0,0,324,100,49,97
TAE,2013,1,30,2,7.9,81.4,8.7,4.9,5.71,6.4,22.3,0,956.8,219,5.5,13.5,0,0,0,0,0,0,0,319,100,49,97
TAE,2013,1,30,3,8.4,80.7,8.9,5.3,5.84,6.9,23.1,0,956.7,220,5.9,13.3,0,0,0,0,0,0,0,305,53,49,97
TAE,2013,1,30,4,8.7,78.6,8.9,5.2,5.84,7,23.4,0,956.8,214,6.4,12.5,0,0,0,0,0,0,0,301,56,49,97
TAE,2013,1,30,5,8.8,78.3,8.8,5.2,5.78,7,23.4,0,956.6,214,5,10,0,0,0,0,0,0,0,304,50,49,97
TAE,2013,1,30,6,8.5,80.5,8.9,5.3,5.84,6.9,23.2,0,956.8,219,5.1,12.1,0,0,0,0,0,0,0,313,78,49,97
TAE,2013,1,30,7,8.4,84.5,9.3,5.9,6.11,7.1,23.8,0.1,956.7,219,5.5,11.7,43,89,34,26,102,79,25,321,88,49,97
TAE,2013,1,30,8,9.2,81.9,9.5,6.3,6.24,7.7,25,0,955.8,211,6.9,14.3,169,345,93,76,337,341,77,317,71,49,97
TAE,2013,1,30,9,10.1,75.5,9.4,6,6.18,8,25.7,0,956.1,215,6.1,16.3,248,293,151,120,296,392,120,325,71,49,97
TAE,2013,1,30,10,10.6,71.3,9.1,5.6,5.98,8,25.7,0,955.7,210,6.7,13.6,312,332,182,145,280,484,146,316,59,49,97
TAE,2013,1,30,11,11.3,68.9,9.2,5.8,6.05,8.5,26.6,0,954.8,215,4.8,13.2,332,323,197,156,195,499,187,313,64,49,97
TAE,2013,1,30,12,11.8,66.2,9.1,5.7,5.99,8.7,27,0,954.4,222,4.4,10.4,316,331,185,147,147,488,270,324,68,49,97
TAE,2013,1,30,13,11.9,67.1,9.4,6,6.19,8.8,27.6,0,954,239,3.9,11.3,306,571,112,108,109,629,418,319,68,49,97
TAE,2013,1,30,14,12.5,63.9,9.3,5.9,6.13,9.1,28,0,953,221,4.4,11.7,145,151,109,83,83,202,195,342,100,49,97
TAE,2013,1,30,15,12,65.6,9.2,5.8,6.07,8.8,27.4,0.2,952.3,219,3.8,9.8,56,94,42,34,34,95,112,337,88,49,97
TAE,2013,1,30,16,11.5,71.5,9.7,6.5,6.4,8.9,27.7,0.9,952.3,233,3.6,11.6,0,0,0,0,0,0,0,341,100,49,97
TAE,2013,1,30,17,10.7,83.1,10.6,8,6.99,9.2,28.4,2.7,953.6,255,4.8,11.4,0,0,0,0,0,0,0,341,100,49,97
TAE,2013,1,30,18,10.3,87.4,10.9,8.3,7.19,9.2,28.5,1.8,953.8,246,4.4,11.8,0,0,0,0,0,0,0,340,94,49,97
TAE,2013,1,30,19,10.2,89.4,11.1,8.5,7.32,9.3,28.7,2.5,954.3,252,4.1,12.8,0,0,0,0,0,0,0,333,100,49,97
TAE,2013,1,30,20,10.1,87.6,10.8,8.1,7.11,9,28.1,1.4,955.2,253,5.5,15,0,0,0,0,0,0,0,336,100,49,97
TAE,2013,1,30,21,9,83.9,9.6,6.4,6.3,7.7,24.9,0.1,957.3,268,5.1,12.8,0,0,0,0,0,0,0,333,100,49,97
TAE,2013,1,30,22,8.4,81,8.9,5.3,5.83,6.9,23.1,0,958.8,238,3.5,9.6,0,0,0,0,0,0,0,331,100,49,97
TAE,2013,1,30,23,7.8,78,8.3,4.2,5.42,6.1,21.5,0,960.1,226,3.4,7.9,0,0,0,0,0,0,0,329,94,49,97
TAE,2013,1,31,0,7.4,75.7,7.8,3.4,5.09,5.5,20.2,0,961,226,3,8.3,0,0,0,0,0,0,0,313,80,34,97
TAE,2013,1,31,1,7.2,73.3,7.5,2.7,4.89,5.1,19.5,0,960.9,224,4.1,11.9,0,0,0,0,0,0,0,308,94,34,97
TAE,2013,1,31,2,6.8,67.4,6.6,1.2,4.3,4.3,17.6,0,960.6,230,3.9,10.9,0,0,0,0,0,0,0,282,45,34,97
TAE,2013,1,31,3,6.5,65.1,6.3,0.4,4.11,3.8,16.8,0,960.4,235,3.2,11.4,0,0,0,0,0,0,0,267,25,34,97
TAE,2013,1,31,4,5.8,63.5,5.9,-0.6,3.84,3.1,15.5,0,960.7,233,2.6,7.3,0,0,0,0,0,0,0,262,25,34,97
TAE,2013,1,31,5,5.1,66.3,5.8,-0.7,3.78,2.7,14.6,0,960.3,223,2.2,5.9,0,0,0,0,0,0,0,247,0,34,97
TAE,2013,1,31,6,4.9,70.1,6.1,-0.1,3.98,2.8,14.9,0,960.1,217,2.1,5.6,0,0,0,0,0,0,0,257,25,34,97
TAE,2013,1,31,7,4.5,75.4,6.3,0.5,4.11,2.8,14.8,0,960.5,230,0.8,2.6,60,241,29,20,222,170,20,277,54,34,97
TAE,2013,1,31,8,6.2,69.7,6.6,1.1,4.3,3.9,17,0,960.2,214,2.2,6.4,217,583,84,60,494,505,61,279,50,34,97
TAE,2013,1,31,9,7.6,64.9,6.8,1.4,4.44,4.8,18.8,0,960.3,222,3.1,7.4,297,519,124,90,385,558,90,297,65,34,97
TAE,2013,1,31,10,8.1,65.8,7.1,2.1,4.64,5.3,19.8,0,959.3,224,3.5,9.1,435,883,84,89,378,927,93,262,40,34,97
TAE,2013,1,31,11,8.7,63.6,7.2,2.2,4.71,5.7,20.6,0,958,223,5.4,13.3,430,717,128,107,170,823,161,285,60,34,97
TAE,2013,1,31,12,9.2,58.3,6.8,1.4,4.45,5.6,20.4,0,957.3,242,4.6,12.3,434,854,90,91,92,910,350,265,40,34,97
TAE,2013,1,31,13,9.9,49.2,6,-0.2,3.92,5.4,19.8,0,957.1,250,5,13.3,317,591,116,88,88,622,413,296,71,34,97
TAE,2013,1,31,14,10,42,5.2,-2.3,3.4,4.7,18.6,0,956.5,241,4.8,14.5,167,217,114,75,75,247,235,318,94,34,97
TAE,2013,1,31,15,9.9,34.7,4.2,-4.9,2.75,3.9,16.9,0,955.8,241,5.6,15.3,23,3,22,15,15,16,17,323,100,34,97
TAE,2013,1,31,16,9.8,37.4,4.5,-4.1,2.96,4.1,17.3,0,955.9,247,6.2,15.7,0,0,0,0,0,0,0,322,100,34,97
TAE,2013,1,31,17,9.7,39.8,4.8,-3.4,3.15,4.3,17.7,0,955.9,246,6.1,15.1,0,0,0,0,0,0,0,321,100,34,97
TAE,2013,1,31,18,9.4,48.1,5.6,-1.4,3.69,4.8,18.7,0,956,239,5.1,13.3,0,0,0,0,0,0,0,321,100,34,97
TAE,2013,1,31,19,9.2,54,6.2,0,4.08,5.2,19.5,0,956.1,242,5.9,17.2,0,0,0,0,0,0,0,322,100,34,97
TAE,2013,1,31,20,8.7,58.9,6.6,0.7,4.29,5.1,19.5,0.3,956.5,241,5.4,14.3,0,0,0,0,0,0,0,323,100,34,97
TAE,2013,1,31,21,7.9,63.2,6.7,1.1,4.39,4.9,19,0.1,957.1,241,5.5,13.8,0,0,0,0,0,0,0,324,100,34,97
TAE,2013,1,31,22,7.2,66.5,6.8,1.2,4.42,4.5,18.3,0,957.7,233,5.5,13.2,0,0,0,0,0,0,0,325,100,34,97
TAE,2013,1,31,23,6.1,69.1,6.6,0.9,4.3,3.8,16.9,0,958.6,229,3.8,10.8,0,0,0,0,0,0,0,326,100,34,97
TAE,2023,2,1,0,5.1,70.4,6.3,0.2,4.1,3,15.4,0,959.4,225,3,8.9,0,0,0,0,0,0,0,266,39,43,97
TAE,2023,2,1,1,4.2,70.9,5.9,-0.6,3.85,2.2,13.8,0,960.3,228,2.5,6.9,0,0,0,0,0,0,0,260,19,39,97
TAE,2023,2,1,2,3.5,71.4,5.7,-1.2,3.68,1.6,12.7,0,960.9,228,2.8,8.3,0,0,0,0,0,0,0,257,0,39,97
TAE,2023,2,1,3,2.8,71.8,5.4,-1.7,3.52,1,11.7,0,961.5,234,1.5,5.2,0,0,0,0,0,0,0,258,6,39,97
TAE,2023,2,1,4,2.4,72.3,5.3,-2,3.43,0.7,11,0,961.8,225,1.7,6.2,0,0,0,0,0,0,0,260,25,39,97
TAE,2023,2,1,5,2.4,72.7,5.3,-2,3.44,0.7,11,0,962,240,2.2,5.6,0,0,0,0,0,0,0,261,46,39,97
TAE,2023,2,1,6,2.4,72.7,5.3,-1.9,3.46,0.7,11.1,0,962.2,243,2.4,7.3,0,0,0,0,0,0,0,262,46,39,97
TAE,2023,2,1,7,2.4,74.6,5.5,-1.6,3.54,0.8,11.3,0,962.5,223,3.3,9.5,0,0,0,0,0,0,0,254,48,39,97
TAE,2023,2,1,8,2.1,79.5,5.7,-1.1,3.7,0.8,11.4,0.1,963.1,230,3.1,8.5,28,28,26,18,43,33,18,278,75,39,97
TAE,2023,2,1,9,2.2,83.6,6,-0.3,3.9,1.2,12,0,962.9,219,4.2,9,51,14,48,33,44,43,33,284,100,39,97
TAE,2023,2,1,10,3.1,77,5.9,-0.5,3.83,1.6,12.7,0,963.5,221,3.9,10.1,108,2,108,74,74,73,72,287,100,39,97
TAE,2023,2,1,11,4.1,72.2,5.9,-0.4,3.84,2.2,13.7,0,962.6,226,3.5,9.4,151,28,140,96,105,122,94,291,100,39,97
TAE,2023,2,1,12,5.1,66.8,5.8,-0.6,3.77,2.7,14.6,0,962,248,4.5,11,428,709,126,117,165,822,171,276,51,39,97
TAE,2023,2,1,13,6,62.2,5.8,-0.7,3.77,3.2,15.5,0,961.5,257,4.7,12.2,400,633,144,118,119,742,343,274,45,39,97
TAE,2023,2,1,14,5.6,60.9,5.5,-1.3,3.58,2.7,14.6,0,961.3,267,5.3,10.6,89,4,88,60,60,62,61,294,100,39,97
TAE,2023,2,1,15,5,62.2,5.4,-1.6,3.51,2.3,13.8,0,961.8,270,4.6,10.7,45,5,44,30,30,33,34,292,100,39,97
TAE,2023,2,1,16,4.8,59.8,5.1,-2.3,3.31,2,13.1,0,962.1,274,5.3,11.4,79,260,47,35,35,192,256,285,78,39,97
TAE,2023,2,1,17,4.6,59.4,5,-2.6,3.25,1.7,12.8,0,962.9,272,5.4,12.3,0,0,0,0,0,0,0,288,100,39,97
TAE,2023,2,1,18,4.7,58.1,5,-2.8,3.25,1.7,12.9,0,962.9,258,4.3,9.9,0,0,0,0,0,0,0,287,100,39,97
TAE,2023,2,1,19,4.7,58.3,5,-2.8,3.25,1.7,12.9,0,962.8,253,3.9,10.2,0,0,0,0,0,0,0,288,100,39,97
TAE,2023,2,1,20,4.6,61,5.2,-2.3,3.38,1.8,13.1,0,963.5,253,4.8,12.1,0,0,0,0,0,0,0,289,100,39,97
TAE,2023,2,1,21,4.4,62.2,5.2,-2.2,3.37,1.8,12.9,0,963.6,245,3.9,10.7,0,0,0,0,0,0,0,290,100,39,97
TAE,2023,2,1,22,4.2,64.5,5.3,-1.9,3.44,1.7,12.8,0,963.4,249,4,12.5,0,0,0,0,0,0,0,291,100,39,97
TAE,2023,2,1,23,4.1,64.7,5.3,-1.9,3.44,1.7,12.7,0,963.7,232,3.8,10.8,0,0,0,0,0,0,0,291,100,39,97
TAE,2023,2,2,0,4,66.4,5.4,-1.7,3.51,1.7,12.8,0,963.5,243,3.6,11.3,0,0,0,0,0,0,0,292,100,39,97
TAE,2023,2,2,1,3.7,68.9,5.5,-1.5,3.57,1.6,12.7,0,963.2,245,3.9,11,0,0,0,0,0,0,0,290,94,36,97
TAE,2023,2,2,2,3.8,68.9,5.5,-1.4,3.57,1.7,12.8,0,963.5,240,3.9,9.6,0,0,0,0,0,0,0,294,100,36,97
TAE,2023,2,2,3,3.2,76.7,5.9,-0.5,3.83,1.7,12.8,0,963.6,236,4,10.6,0,0,0,0,0,0,0,295,100,36,97
TAE,2023,2,2,4,2.6,84.9,6.2,0.3,4.03,1.6,12.7,0,963.6,239,3.4,10.5,0,0,0,0,0,0,0,295,100,36,97
TAE,2023,2,2,5,2.7,83.5,6.2,0.2,4.03,1.7,12.8,0,963.8,226,4.6,11.5,0,0,0,0,0,0,0,296,100,36,97
TAE,2023,2,2,6,2.9,79.6,6,-0.3,3.9,1.6,12.7,0,963.6,229,4.4,11.7,0,0,0,0,0,0,0,297,100,36,97
TAE,2023,2,2,7,3.2,77,5.9,-0.4,3.83,1.7,12.8,0,964.2,233,3.1,9.5,0,0,0,0,0,0,0,299,100,36,97
TAE,2023,2,2,8,3.5,74.3,5.8,-0.6,3.76,1.8,12.9,0,964.6,237,3.5,9.9,46,135,33,23,140,98,22,297,100,36,97
TAE,2023,2,2,9,3.9,71.9,5.8,-0.7,3.76,2,13.3,0,964.8,234,3.6,11,93,57,82,55,101,94,54,298,100,36,97
TAE,2023,2,2,10,4.5,69.7,5.9,-0.5,3.83,2.4,14.1,0,965.2,236,3.8,10.5,78,0,78,52,52,50,51,301,100,36,97
TAE,2023,2,2,11,4.9,68.4,5.9,-0.4,3.82,2.7,14.5,0,965.6,254,4.1,9.8,111,1,111,75,74,72,73,303,100,36,97
TAE,2023,2,2,12,5.6,66.4,6,-0.2,3.89,3.1,15.4,0,965.3,245,3.9,10.5,63,0,63,42,42,41,41,306,100,36,97
TAE,2023,2,2,13,5.6,66.7,6.1,-0.1,3.96,3.2,15.5,0,965.1,259,4.2,10.6,43,0,43,29,29,28,28,307,100,36,97
TAE,2023,2,2,14,5.8,65.7,6.1,-0.1,3.96,3.3,15.8,0,965.2,260,3.5,9.6,19,0,19,12,12,12,12,307,100,36,97
TAE,2023,2,2,15,5.9,65.4,6.1,-0.1,3.95,3.3,15.8,0,965.7,266,2.8,8.5,12,0,12,8,8,8,8,307,100,36,97
TAE,2023,2,2,16,5.8,63.2,5.8,-0.6,3.76,3.1,15.3,0,966.1,259,3.2,8.5,31,105,20,14,14,74,105,307,100,36,97
TAE,2023,2,2,17,5.6,63.6,5.8,-0.7,3.75,2.9,15,0,966.7,238,2.7,7.9,0,0,0,0,0,0,0,307,100,36,97
TAE,2023,2,2,18,5.7,63.4,5.8,-0.7,3.75,3,15.1,0,967.3,230,2.6,8.7,0,0,0,0,0,0,0,307,100,36,97
TAE,2023,2,2,19,5.6,63.5,5.8,-0.8,3.75,2.9,15,0,967.3,242,2.5,7.3,0,0,0,0,0,0,0,306,100,36,97
TAE,2023,2,2,20,5.5,64.2,5.8,-0.7,3.75,2.9,14.9,0,967.6,250,2.5,6.6,0,0,0,0,0,0,0,304,100,36,97
TAE,2023,2,2,21,5.3,65.4,5.8,-0.7,3.75,2.8,14.7,0,967.8,243,2.1,6,0,0,0,0,0,0,0,302,100,36,97
TAE,2023,2,2,22,5.1,68.2,6,-0.3,3.88,2.8,14.8,0,968.2,260,2.4,6.3,0,0,0,0,0,0,0,301,100,36,97
TAE,2023,2,2,23,4.7,71.6,6.1,0,3.94,2.7,14.6,0,968.3,255,2.9,6.6,0,0,0,0,0,0,0,298,84,36,97
TAE,2023,2,3,0,4.4,73.8,6.2,0.1,4.01,2.6,14.5,0,968.2,223,2.7,10,0,0,0,0,0,0,0,302,100,36,97
TAE,2023,2,3,1,4.1,74.1,6.1,-0.1,3.94,2.3,14,0,968.4,230,2.7,7.7,0,0,0,0,0,0,0,285,66,32,97
TAE,2023,2,3,2,3.9,73.3,5.9,-0.4,3.81,2.1,13.5,0,968.7,229,2.1,6,0,0,0,0,0,0,0,276,60,32,97
TAE,2023,2,3,3,4.2,71.5,5.9,-0.5,3.81,2.2,13.8,0,968.1,222,3.1,8.7,0,0,0,0,0,0,0,285,81,32,97
TAE,2023,2,3,4,4.3,69.3,5.8,-0.8,3.75,2.2,13.7,0,968.2,226,3,7.2,0,0,0,0,0,0,0,290,94,32,97
TAE,2023,2,3,5,4.3,69.5,5.8,-0.8,3.75,2.2,13.7,0,968.1,221,2.9,7.1,0,0,0,0,0,0,0,289,100,32,97
TAE,2023,2,3,6,4.2,69.7,5.7,-0.8,3.68,2.1,13.4,0,968.9,238,2,7.1,0,0,0,0,0,0,0,280,81,32,97
TAE,2023,2,3,7,4,70.6,5.7,-0.9,3.68,2,13.2,0,968.8,222,2.7,8.5,0,0,0,0,0,0,0,271,54,32,97
TAE,2023,2,3,8,3.7,70.8,5.7,-1.1,3.68,1.7,12.9,0,968.6,221,2.2,7.1,70,230,45,30,230,163,29,269,45,32,97
TAE,2023,2,3,9,4.4,66.3,5.5,-1.3,3.55,2.1,13.3,0,968.6,221,3.7,10.3,122,80,104,68,131,125,66,291,81,32,97
TAE,2023,2,3,10,5.6,61.3,5.6,-1.3,3.62,2.7,14.7,0,968.7,212,4.9,12.3,358,755,96,80,500,743,82,278,49,32,97
TAE,2023,2,3,11,6.8,57.2,5.6,-1.1,3.62,3.5,15.9,0,968.5,239,4,9.2,403,663,134,103,355,739,105,278,56,32,97
TAE,2023,2,3,12,7,56.7,5.7,-1,3.68,3.6,16.3,0,968.3,257,3.6,9,335,306,201,132,151,451,170,300,81,32,97
TAE,2023,2,3,13,6.9,57.5,5.7,-0.9,3.69,3.6,16.2,0,967.4,255,4.3,11.5,170,41,153,99,98,139,110,311,100,32,97
TAE,2023,2,3,14,6.9,59.1,5.8,-0.5,3.75,3.7,16.4,0,966.8,264,3.8,11.3,86,0,86,57,56,54,55,311,100,32,97
TAE,2023,2,3,15,6.8,61.2,6,-0.1,3.88,3.8,16.6,0,967.6,276,3.3,7.2,40,0,40,26,26,25,25,311,100,32,97
TAE,2023,2,3,16,6.3,64.7,6.2,0.2,4.01,3.7,16.4,0,967.9,268,3.3,9.4,13,0,13,8,8,8,8,311,100,32,97
TAE,2023,2,3,17,6.1,64.2,6,-0.1,3.88,3.4,15.9,0,967.6,251,3.7,8.6,0,0,0,0,0,0,0,311,100,32,97
TAE,2023,2,3,18,6,64.2,6,-0.2,3.88,3.3,15.8,0,967.8,243,3,7.6,0,0,0,0,0,0,0,311,100,32,97
TAE,2023,2,3,19,5.9,63.4,5.9,-0.5,3.82,3.2,15.5,0,967.6,239,3.4,11.2,0,0,0,0,0,0,0,313,100,32,97
TAE,2023,2,3,20,5.9,64.3,6,-0.3,3.88,3.3,15.7,0,968.1,245,3.6,10.2,0,0,0,0,0,0,0,313,100,32,97
TAE,2023,2,3,21,5.8,66.2,6.1,0,3.94,3.3,15.7,0,968.1,234,3.5,8.9,0,0,0,0,0,0,0,313,100,32,97
TAE,2023,2,3,22,5.6,69.4,6.3,0.4,4.07,3.4,15.8,0,968,234,2.8,8.1,0,0,0,0,0,0,0,313,100,32,97
TAE,2023,2,3,23,5.4,69.8,6.3,0.3,4.07,3.2,15.6,0,968.3,231,3.6,8.7,0,0,0,0,0,0,0,313,100,32,97
TAE,2023,2,4,0,4.4,83.1,6.9,1.8,4.46,3.3,15.6,0.3,968.5,231,3.6,11.4,0,0,0,0,0,0,0,313,100,32,97
TAE,2023,2,4,1,4,86.8,7.1,2,4.59,3.1,15.5,0.5,968.2,220,4.2,9.9,0,0,0,0,0,0,0,313,100,33,97
TAE,2023,2,4,2,4.2,85.2,7,1.9,4.53,3.2,15.6,0,968.3,220,4.1,11.2,0,0,0,0,0,0,0,313,100,33,97
TAE,2023,2,4,3,4.4,85.3,7.2,2.2,4.66,3.4,16.1,0.1,968,220,3.8,9.2,0,0,0,0,0,0,0,314,100,33,97
TAE,2023,2,4,4,4.7,84.9,7.3,2.4,4.73,3.7,16.6,0,968.1,231,2.2,7.6,0,0,0,0,0,0,0,314,100,33,97
TAE,2023,2,4,5,5,84,7.3,2.5,4.73,3.9,16.9,0,968.2,243,2.4,8.2,0,0,0,0,0,0,0,315,100,33,97
TAE,2023,2,4,6,5.1,84.5,7.4,2.7,4.79,4,17.1,0.1,968.4,240,2.2,6.4,0,0,0,0,0,0,0,315,100,33,97
TAE,2023,2,4,7,5,86.6,7.6,3,4.92,4.1,17.4,0.1,968.7,249,1.5,4.8,0,0,0,0,0,0,0,316,100,33,97
TAE,2023,2,4,8,5,89.4,7.8,3.4,5.05,4.3,17.7,0.1,969.1,243,0.8,3.5,19,6,18,12,17,15,12,317,100,33,97
TAE,2023,2,4,9,5.2,89.1,7.9,3.6,5.11,4.5,18,0,969.4,281,1.7,4.4,67,1,66,44,44,42,43,317,100,33,97
TAE,2023,2,4,10,5.3,91.2,8.1,4,5.24,4.7,18.5,0.3,969.8,276,1.8,4.3,69,38,57,38,64,70,37,316,94,33,97
TAE,2023,2,4,11,5.3,91.8,8.2,4.1,5.3,4.7,18.6,0.1,970,309,1.5,3.2,22,0,22,14,14,14,14,319,100,33,97
TAE,2023,2,4,12,4.5,88.1,7.5,2.7,4.85,3.7,16.7,0,970,59,1.1,4.8,26,0,26,17,17,17,17,318,100,33,97
TAE,2023,2,4,13,5.1,81.3,7.1,2.2,4.59,3.8,16.6,0,970,198,0.4,1.2,27,0,27,18,18,17,17,318,100,33,97
TAE,2023,2,4,14,5.6,77.6,7,2,4.52,4,17,0,970.5,153,0.4,1.3,171,111,130,86,85,188,148,306,88,33,97
TAE,2023,2,4,15,5.9,76.5,7.1,2.1,4.58,4.2,17.4,0,970.6,143,0.6,1.7,79,12,76,50,50,58,57,308,94,33,97
TAE,2023,2,4,16,6.1,74.6,7,1.9,4.52,4.2,17.5,0,970.8,146,1,2.2,20,0,20,14,14,13,13,301,81,33,97
TAE,2023,2,4,17,5.2,82.5,7.3,2.5,4.71,4,17,0,971.3,135,0.3,1.2,0,0,0,0,0,0,0,273,43,33,97
TAE,2023,2,4,18,4.4,88.1,7.4,2.6,4.77,3.6,16.4,0,971.4,180,0.4,0.9,0,0,0,0,0,0,0,269,45,33,97
TAE,2023,2,4,19,4,90.1,7.3,2.5,4.71,3.3,15.8,0,971.6,101,0.5,1.3,0,0,0,0,0,0,0,255,45,33,97
TAE,2023,2,4,20,3.6,91.6,7.2,2.4,4.64,3.1,15.2,0,971.6,108,0.3,1,0,0,0,0,0,0,0,255,33,33,97
TAE,2023,2,4,21,2.7,93.6,7,1.8,4.51,2.3,14,0,971.9,90,0.4,1.3,0,0,0,0,0,0,0,256,33,33,97
TAE,2023,2,4,22,1.2,95.3,6.4,0.5,4.12,0.9,11.5,0,972.2,90,0.6,1.7,0,0,0,0,0,0,0,255,33,33,97
TAE,2023,2,4,23,0.3,94.5,5.9,-0.5,3.8,0,9.8,0,972.5,207,0.8,1.8,0,0,0,0,0,0,0,254,13,33,97
TAE,2023,2,5,0,-0.7,96.3,5.6,-1.2,3.6,-0.9,8.3,0,972.6,162,0.3,0.9,0,0,0,0,0,0,0,253,19,33,97
TAE,2023,2,5,1,-0.3,96.5,5.8,-0.8,3.73,-0.5,9,0,972.4,104,0.7,2.2,0,0,0,0,0,0,0,261,69,34,97
TAE,2023,2,5,2,-0.1,97.6,5.9,-0.4,3.8,-0.2,9.4,0,972.3,90,0.3,1.1,0,0,0,0,0,0,0,269,100,34,97
TAE,2023,2,5,3,0.1,97,6,-0.3,3.86,-0.1,9.7,0,971.7,72,0.4,1.2,0,0,0,0,0,0,0,258,69,34,97
TAE,2023,2,5,4,-0.8,98,5.6,-1.1,3.61,-0.9,8.2,0,971.3,63,0.3,1.1,0,0,0,0,0,0,0,243,33,34,97
TAE,2023,2,5,5,-1.9,96.3,5.1,-2.4,3.28,-2.1,6.3,0,971.2,166,0.6,1.5,0,0,0,0,0,0,0,239,13,34,97
TAE,2023,2,5,6,-2.3,96.9,5,-2.7,3.22,-2.4,5.7,0,971.5,180,0.2,0.7,0,0,0,0,0,0,0,238,26,34,97
TAE,2023,2,5,7,-1.6,96.4,5.2,-2.1,3.35,-1.8,6.7,0,971.9,207,0.2,0.9,0,0,0,0,0,0,0,252,79,34,97
TAE,2023,2,5,8,-0.9,95.9,5.5,-1.5,3.54,-1.1,7.9,0,972.2,225,0.3,1,78,322,35,25,301,216,25,256,70,34,97
TAE,2023,2,5,9,0.1,96.1,5.9,-0.4,3.8,-0.1,9.6,0,972,207,0.5,1.4,164,184,118,78,221,218,76,262,71,34,97
TAE,2023,2,5,10,2.8,82.7,6.2,0.2,4,1.7,12.8,0,971.1,252,0.7,3.5,188,111,152,100,175,196,98,271,90,34,97
TAE,2023,2,5,11,4.1,73.8,6,-0.1,3.87,2.3,13.8,0,970.4,216,2.1,5.1,102,0,102,68,67,65,66,281,100,34,97
TAE,2023,2,5,12,4.1,77.8,6.3,0.6,4.07,2.6,14.3,0,970.1,273,1.8,5.2,48,0,48,32,31,30,31,287,100,34,97
TAE,2023,2,5,13,3.4,84.7,6.6,1.1,4.26,2.4,14.1,0,969.9,277,2.5,6.4,43,0,43,28,28,27,28,290,100,34,97
TAE,2023,2,5,14,2.8,86.9,6.5,0.8,4.2,2,13.3,0.4,968.9,258,1.5,4.9,18,0,18,12,12,12,12,292,100,34,97
TAE,2023,2,5,15,2.7,89.3,6.6,1.1,4.27,2,13.4,0.5,968.4,254,0.9,2.7,13,0,13,8,8,8,8,292,100,34,97
TAE,2023,2,5,16,2.4,90.9,6.6,1.1,4.27,1.8,13.1,0.7,968.2,239,0.7,1.9,11,0,11,8,8,7,8,293,100,34,97
TAE,2023,2,5,17,2,91.8,6.5,0.8,4.2,1.5,12.5,1.4,968.6,276,0.9,3.2,3,0,3,2,2,2,2,293,100,34,97
TAE,2023,2,5,18,1.4,95.7,6.5,0.8,4.2,1.1,11.9,0.4,968.8,360,0.4,1,0,0,0,0,0,0,0,294,100,34,97
TAE,2023,2,5,19,1.2,97,6.5,0.8,4.2,1,11.7,0.2,969,124,0.5,1.2,0,0,0,0,0,0,0,291,94,34,97
TAE,2023,2,5,20,1.3,96.6,6.5,0.8,4.2,1.1,11.8,0,969.3,124,0.6,2.7,0,0,0,0,0,0,0,285,94,34,97
TAE,2023,2,5,21,1.5,96.6,6.6,1,4.26,1.3,12.2,0,969.8,76,0.6,2.5,0,0,0,0,0,0,0,279,71,34,97
TAE,2023,2,5,22,1.6,95.1,6.5,0.9,4.19,1.3,12.1,0,970.6,56,0.4,1.3,0,0,0,0,0,0,0,278,74,34,97
TAE,2023,2,5,23,1.7,93.4,6.5,0.8,4.19,1.3,12.2,0,971,69,0.9,3,0,0,0,0,0,0,0,290,100,34,97
TAE,2023,2,6,0,1.5,93.4,6.4,0.6,4.13,1.1,11.8,0,971.3,74,0.8,2.7,0,0,0,0,0,0,0,287,100,34,97
TAE,2023,2,6,1,1.5,95.1,6.5,0.8,4.19,1.2,12,0,971.4,60,0.8,1.9,0,0,0,0,0,0,0,291,100,36,97
TAE,2023,2,6,2,1.5,91.9,6.3,0.3,4.06,1,11.7,0,971.4,78,1.5,3.8,0,0,0,0,0,0,0,288,100,36,97
TAE,2023,2,6,3,1.1,91.4,6.1,-0.1,3.93,0.6,10.9,0,971.1,74,1.9,4.8,0,0,0,0,0,0,0,285,100,36,97
TAE,2023,2,6,4,0.9,90.1,5.9,-0.5,3.8,0.3,10.4,0,971.3,68,1.9,4.6,0,0,0,0,0,0,0,282,100,36,97
TAE,2023,2,6,5,0.7,91,5.9,-0.6,3.8,0.2,10.2,0,971.2,65,1.9,4,0,0,0,0,0,0,0,279,100,36,97
TAE,2023,2,6,6,0.6,91.7,5.9,-0.6,3.8,0.1,10.1,0,971,74,2,4.6,0,0,0,0,0,0,0,277,100,36,97
TAE,2023,2,6,7,0.8,91.9,5.9,-0.4,3.8,0.3,10.3,0,970.9,69,2.2,4.5,0,0,0,0,0,0,0,275,100,36,97
TAE,2023,2,6,8,0.9,90.8,5.9,-0.4,3.8,0.4,10.4,0,971,63,2.1,6.6,22,0,22,15,15,15,15,273,100,36,97
TAE,2023,2,6,9,1,87.2,5.7,-0.9,3.67,0.2,10.2,0,971.4,41,2.1,5.1,35,0,35,23,23,22,23,272,100,36,97
TAE,2023,2,6,10,1,83.5,5.5,-1.5,3.54,0,9.8,0,971.3,65,2.3,5,21,0,21,14,14,14,14,270,100,36,97
TAE,2023,2,6,11,1.4,79.3,5.4,-1.8,3.48,0.2,10.1,0,970.6,62,2.4,5.3,50,0,50,34,33,32,33,267,100,36,97
TAE,2023,2,6,12,1.6,74.8,5.1,-2.4,3.29,0.1,9.8,0,970,93,2.1,4.8,186,22,176,118,123,137,116,264,80,36,97
TAE,2023,2,6,13,2.5,70.3,5.1,-2.3,3.29,0.6,10.7,0,969.4,111,1.9,4.8,312,422,134,106,106,503,262,265,63,36,97
TAE,2023,2,6,14,2.1,69.1,4.9,-3,3.16,0.2,10,0,969.1,87,2.3,5.7,177,124,128,86,86,205,151,260,75,36,97
TAE,2023,2,6,15,1.2,74.6,5,-2.8,3.22,-0.3,9.3,0,969.6,41,3,6,14,0,14,10,9,9,9,259,100,36,97
TAE,2023,2,6,16,0.6,73.4,4.7,-3.6,3.03,-0.9,8.2,0,969.8,58,2.5,5.4,13,0,13,10,10,9,9,256,100,36,97
TAE,2023,2,6,17,0,76.7,4.7,-3.6,3.03,-1.3,7.5,0,970.1,70,2.6,5.5,4,0,4,3,3,3,3,254,100,36,97
TAE,2023,2,6,18,-0.5,76.5,4.5,-4.1,2.9,-1.8,6.7,0,970,68,2.2,6.5,0,0,0,0,0,0,0,251,100,36,97
TAE,2023,2,6,19,-0.5,71.5,4.2,-5,2.71,-2.1,6.2,0,969.4,55,1.9,4.1,0,0,0,0,0,0,0,249,100,36,97
TAE,2023,2,6,20,-0.9,77,4.4,-4.4,2.84,-2.1,6.2,0,969.1,69,2.3,4.9,0,0,0,0,0,0,0,246,100,36,97
TAE,2023,2,6,21,-1.6,87.7,4.8,-3.4,3.1,-2.2,6.1,0.1,968.4,80,1.8,4.6,0,0,0,0,0,0,0,244,100,36,97
TAE,2023,2,6,22,-2,86.7,4.6,-3.9,2.97,-2.7,5.4,0,967.8,60,2.4,6.4,0,0,0,0,0,0,0,241,100,36,97
TAE,2023,2,6,23,-2.3,86,4.5,-4.3,2.91,-3,4.9,0,967.7,73,2.1,5.5,0,0,0,0,0,0,0,239,100,36,97
TAE,2023,2,7,0,-2.4,80.3,4.1,-5.3,2.65,-3.4,4.2,0,967.7,61,2.6,5.5,0,0,0,0,0,0,0,236,100,36,97
TAE,2023,2,7,1,-3,81.4,4,-5.7,2.58,-3.9,3.4,0,967.6,64,2.5,5.4,0,0,0,0,0,0,0,217,33,33,97
TAE,2023,2,7,2,-3,80.8,4,-5.8,2.58,-3.9,3.4,0,967.5,72,2.9,6.8,0,0,0,0,0,0,0,219,40,33,97
TAE,2023,2,7,3,-3.2,82.7,4,-5.7,2.58,-4,3.2,0,967.9,70,2.6,6.9,0,0,0,0,0,0,0,225,71,33,97
TAE,2023,2,7,4,-3,82.8,4.1,-5.5,2.64,-3.8,3.5,0,968.8,75,2.8,6.7,0,0,0,0,0,0,0,224,90,33,97
TAE,2023,2,7,5,-3.1,83,4,-5.6,2.58,-3.9,3.3,0,969,74,2.6,7.1,0,0,0,0,0,0,0,221,90,33,97
TAE,2023,2,7,6,-3,83.6,4.1,-5.4,2.64,-3.8,3.5,0,969.3,72,2.2,5.3,0,0,0,0,0,0,0,216,100,33,97
TAE,2023,2,7,7,-3.2,84.3,4.1,-5.5,2.64,-4,3.3,0,969.5,63,2,4.9,0,0,0,0,0,0,0,209,71,33,97
TAE,2023,2,7,8,-3.3,84.4,4.1,-5.5,2.64,-4,3.2,0,969.9,58,2,4.8,68,158,50,35,174,121,34,221,29,33,97
TAE,2023,2,7,9,-3.3,83,4,-5.8,2.58,-4.1,3.1,0,970,70,1.6,3.8,118,27,110,73,93,91,71,224,68,33,97
TAE,2023,2,7,10,-2.9,83,4.1,-5.4,2.64,-3.7,3.6,0,970.5,61,1.4,4.2,166,29,155,102,120,125,99,228,81,33,97
TAE,2023,2,7,11,-2.1,80.6,4.2,-5,2.7,-3.1,4.6,0,970.8,67,1.5,4.8,260,135,201,131,184,268,128,231,71,33,97
TAE,2023,2,7,12,-1.4,76.9,4.2,-4.9,2.7,-2.6,5.3,0,970.8,79,1.7,4.3,418,499,191,131,174,645,186,232,45,33,97
TAE,2023,2,7,13,-0.1,73.8,4.5,-4.2,2.9,-1.6,7.1,0,970.5,120,1.7,4.4,490,882,107,101,102,943,384,230,13,33,97
TAE,2023,2,7,14,0.6,71.6,4.6,-3.9,2.96,-1,8,0,970.4,135,1.7,4.6,414,894,79,83,84,858,554,226,0,33,97
TAE,2023,2,7,15,1,68.4,4.5,-4.2,2.9,-0.9,8.2,0,970.2,95,1.4,3.1,272,724,73,62,63,607,585,225,0,33,97
TAE,2023,2,7,16,0.6,70.2,4.5,-4.2,2.9,-1.1,7.8,0,970.2,105,1.2,3.4,124,515,47,35,35,340,475,226,19,33,97
TAE,2023,2,7,17,-0.5,75.1,4.4,-4.4,2.83,-1.9,6.6,0,970.7,84,1,2.4,4,0,4,3,3,3,3,227,29,33,97
TAE,2023,2,7,18,-0.9,76.7,4.4,-4.5,2.83,-2.2,6.1,0,971,77,1.5,3,0,0,0,0,0,0,0,226,40,33,97
TAE,2023,2,7,19,-1.7,83.1,4.5,-4.2,2.9,-2.6,5.5,0,971.1,61,1.2,2.7,0,0,0,0,0,0,0,222,51,33,97
TAE,2023,2,7,20,-2.1,86.6,4.5,-4,2.9,-2.8,5.1,0,970.8,39,1.3,2.2,0,0,0,0,0,0,0,220,25,33,97
TAE,2023,2,7,21,-2.7,88.7,4.5,-4.3,2.9,-3.2,4.5,0,970.6,41,0.9,2,0,0,0,0,0,0,0,217,25,33,97
TAE,2023,2,7,22,-2.5,88.8,4.5,-4.1,2.9,-3.1,4.7,0,970.6,45,1.1,2.3,0,0,0,0,0,0,0,214,34,33,97
TAE,2023,2,7,23,-3.5,89.6,4.3,-5,2.77,-4,3.4,0,970.5,38,1.1,1.8,0,0,0,0,0,0,0,210,41,33,97
TAE,2023,2,8,0,-4.5,91.3,4,-5.7,2.57,-4.9,1.9,0,970.3,40,0.8,1.4,0,0,0,0,0,0,0,207,25,33,97
TAE,2023,2,8,1,-5,93.5,3.9,-5.9,2.51,-5.3,1.2,0,969.5,30,0.8,2.2,0,0,0,0,0,0,0,205,100,33,97
TAE,2023,2,8,2,-3.6,85.2,4,-5.7,2.58,-4.3,2.8,0,969.1,39,1.9,3.7,0,0,0,0,0,0,0,206,100,33,97
TAE,2023,2,8,3,-3.3,82.2,3.9,-5.9,2.51,-4.1,2.9,0,968.8,47,1.9,4.7,0,0,0,0,0,0,0,205,100,33,97
TAE,2023,2,8,4,-3.4,82.4,3.9,-6,2.51,-4.2,2.8,0,968.8,51,2.1,4.9,0,0,0,0,0,0,0,207,100,33,97
TAE,2023,2,8,5,-3.5,81.2,3.9,-6.3,2.52,-4.4,2.7,0,968.3,55,2,4.4,0,0,0,0,0,0,0,205,100,33,97
TAE,2023,2,8,6,-3.6,81.4,3.8,-6.3,2.45,-4.5,2.5,0,968.5,49,2.1,5.3,0,0,0,0,0,0,0,203,100,33,97
TAE,2023,2,8,7,-3.9,80.6,3.7,-6.7,2.38,-4.8,2,0,968.8,47,2.3,5.1,0,0,0,0,0,0,0,203,100,33,97
TAE,2023,2,8,8,-4.2,79.7,3.6,-7.2,2.32,-5.1,1.5,0,969,42,2.5,4.5,66,120,53,35,142,98,34,207,100,33,97
TAE,2023,2,8,9,-4.3,78.5,3.5,-7.5,2.25,-5.3,1.3,0,969.3,51,2.2,4.6,81,1,80,53,53,51,51,210,100,33,97
TAE,2023,2,8,10,-3.9,75.8,3.5,-7.5,2.25,-5,1.7,0,969.3,47,2.1,4.4,59,0,59,39,39,37,38,213,100,33,97
TAE,2023,2,8,11,-3.5,75.2,3.6,-7.2,2.32,-4.6,2.2,0,969.2,49,1.9,3.7,89,0,89,58,58,56,57,216,100,33,97
TAE,2023,2,8,12,-2.9,73.1,3.6,-7,2.32,-4.2,2.8,0,968.9,90,1.4,3.3,289,181,206,135,138,321,169,220,71,33,97
TAE,2023,2,8,13,-1.7,71.4,3.9,-6.2,2.52,-3.2,4.5,0,968.1,142,1.8,4.7,423,569,174,123,123,683,334,220,44,33,97
TAE,2023,2,8,14,-1.3,69.5,3.8,-6.2,2.45,-2.9,4.8,0,967.8,157,1.6,3.4,428,902,85,85,86,870,565,217,13,33,97
TAE,2023,2,8,15,-0.9,66.3,3.8,-6.4,2.45,-2.7,5.2,0,968,153,1.2,2.4,280,725,77,63,64,609,591,215,0,33,97
TAE,2023,2,8,16,-1.2,68.4,3.8,-6.3,2.45,-2.9,4.9,0,968,162,1,2.2,133,544,52,37,37,358,506,215,56,33,97
TAE,2023,2,8,17,-2.3,75.1,3.9,-6.1,2.52,-3.5,3.9,0,968.1,153,0.5,1.3,4,0,4,4,4,4,4,215,85,33,97
TAE,2023,2,8,18,-3.7,83.7,3.9,-6.1,2.52,-4.5,2.5,0,968.2,180,0.3,1.1,0,0,0,0,0,0,0,214,100,33,97
TAE,2023,2,8,19,-4.5,85.5,3.8,-6.6,2.45,-5.2,1.6,0,968.1,219,0.7,1.5,0,0,0,0,0,0,0,212,100,33,97
TAE,2023,2,8,20,-5.2,87.4,3.6,-7,2.32,-5.7,0.5,0,967.9,225,0.7,1.6,0,0,0,0,0,0,0,211,100,33,97
TAE,2023,2,8,21,-5.9,89.3,3.5,-7.4,2.26,-6.3,-0.3,0,967.8,211,0.7,1.5,0,0,0,0,0,0,0,209,100,33,97
TAE,2023,2,8,22,-6,89.1,3.5,-7.5,2.26,-6.4,-0.4,0,967.9,188,0.8,1.1,0,0,0,0,0,0,0,207,100,33,97
TAE,2023,2,8,23,-6.3,90.5,3.5,-7.6,2.26,-6.7,-0.8,0,967.9,171,0.6,1.3,0,0,0,0,0,0,0,206,100,33,97
TAE,2023,2,9,0,-6.6,90.2,3.4,-7.9,2.19,-7,-1.2,0,967.7,171,0.6,1.1,0,0,0,0,0,0,0,204,100,33,97
TAE,2023,2,9,1,-6.7,91.3,3.4,-7.9,2.19,-7,-1.3,0,967.7,153,0.5,1.2,0,0,0,0,0,0,0,200,0,28,97
TAE,2023,2,9,2,-7.1,91.1,3.3,-8.3,2.13,-7.4,-1.9,0,967.4,146,0.3,1,0,0,0,0,0,0,0,200,0,28,97
TAE,2023,2,9,3,-7.6,91.6,3.2,-8.7,2.06,-7.9,-2.5,0,967.2,146,0.3,1.2,0,0,0,0,0,0,0,201,0,28,97
TAE,2023,2,9,4,-7.8,91.3,3.1,-9,2,-8.1,-2.9,0,967.3,146,0.3,0.9,0,0,0,0,0,0,0,201,0,28,97
TAE,2023,2,9,5,-7.8,90.3,3.1,-9.1,2,-8.1,-2.9,0,967.7,166,0.4,1.2,0,0,0,0,0,0,0,201,0,28,97
TAE,2023,2,9,6,-7.8,90.4,3.1,-9.1,2,-8.1,-2.9,0,967.8,135,0.3,1.3,0,0,0,0,0,0,0,202,0,28,97
TAE,2023,2,9,7,-8,90.1,3,-9.3,1.93,-8.3,-3.3,0,968,207,0.2,1,0,0,0,0,0,0,0,204,0,28,97
TAE,2023,2,9,8,-7.2,89.7,3.2,-8.6,2.06,-7.6,-2.1,0,968.4,180,0.2,0.6,108,498,41,27,461,306,27,209,0,28,97
TAE,2023,2,9,9,-5.2,87,3.6,-7,2.32,-5.7,0.5,0,968.8,0,0.1,0.3,261,746,64,51,606,587,52,214,0,28,97
TAE,2023,2,9,10,-3,79.8,3.9,-6,2.51,-4,3.2,0,968.8,34,0.5,1.3,392,860,74,68,547,793,71,219,0,28,97
TAE,2023,2,9,11,-0.9,74,4.3,-4.9,2.77,-2.3,6,0,968.7,69,0.9,2,472,881,86,81,378,898,84,225,0,28,97
TAE,2023,2,9,12,2.1,63.1,4.5,-4.2,2.9,-0.2,9.4,0,968.2,342,1.1,5.3,509,927,79,84,152,965,136,229,0,28,97
TAE,2023,2,9,13,4.1,49.8,4.1,-5.4,2.65,0.6,10.7,0,967.6,261,2.5,5.5,480,884,87,83,84,909,348,231,0,28,97
TAE,2023,2,9,14,4.7,48.8,4.2,-5.1,2.71,1,11.5,0,967.6,258,2.4,4.8,404,840,81,72,73,797,516,230,0,28,97
TAE,2023,2,9,15,4.6,48.6,4.1,-5.3,2.65,0.9,11.2,0,967.7,223,1.8,4,285,772,65,54,54,626,608,229,0,28,97
TAE,2023,2,9,16,3.9,50.3,4.1,-5.5,2.65,0.5,10.5,0,968.2,238,1.4,3.2,134,560,46,32,32,359,511,226,0,28,97
TAE,2023,2,9,17,0.9,66.1,4.3,-4.7,2.77,-1.1,7.8,0,968.7,243,1.3,2.4,4,0,4,3,3,3,3,224,0,28,97
TAE,2023,2,9,18,-1.4,78.5,4.3,-4.6,2.77,-2.5,5.5,0,969.1,225,1.1,2.3,0,0,0,0,0,0,0,222,0,28,97
TAE,2023,2,9,19,-1.6,77.8,4.3,-5,2.77,-2.8,5.3,0,969.5,186,1,1.9,0,0,0,0,0,0,0,220,0,28,97
TAE,2023,2,9,20,-2.8,82.8,4.1,-5.3,2.64,-3.6,3.7,0,969.9,158,0.5,1.5,0,0,0,0,0,0,0,219,0,28,97
TAE,2023,2,9,21,-3.4,84.5,4,-5.6,2.57,-4.1,3,0,970.4,171,0.6,1.1,0,0,0,0,0,0,0,218,0,28,97
TAE,2023,2,9,22,-3.5,85.2,4,-5.6,2.57,-4.2,2.9,0,970.7,162,0.7,1.5,0,0,0,0,0,0,0,220,26,28,97
TAE,2023,2,9,23,-4.1,86.5,3.9,-6,2.51,-4.7,2.1,0,971,153,0.6,1.8,0,0,0,0,0,0,0,215,0,28,97
TAE,2023,2,10,0,-4.8,88.2,3.8,-6.4,2.44,-5.3,1.2,0,971.4,191,0.5,1.4,0,0,0,0,0,0,0,214,0,28,97
TAE,2023,2,10,1,-5.2,88.8,3.7,-6.8,2.38,-5.7,0.7,0,971.9,166,0.4,1.3,0,0,0,0,0,0,0,213,0,26,97
TAE,2023,2,10,2,-5.5,89.3,3.6,-7,2.31,-6,0.2,0,972.2,166,0.4,1,0,0,0,0,0,0,0,212,0,26,97
TAE,2023,2,10,3,-5.5,88.9,3.6,-7,2.31,-6,0.2,0,972,157,0.7,1.8,0,0,0,0,0,0,0,211,0,26,97
TAE,2023,2,10,4,-5.9,89.6,3.5,-7.3,2.25,-6.3,-0.4,0,972.2,153,0.2,0.9,0,0,0,0,0,0,0,210,0,26,97
TAE,2023,2,10,5,-6.2,90,3.5,-7.6,2.25,-6.6,-0.7,0,972.5,180,0.3,1.2,0,0,0,0,0,0,0,209,0,26,97
TAE,2023,2,10,6,-6.3,89.8,3.4,-7.7,2.18,-6.7,-0.9,0,972.7,158,0.5,1.7,0,0,0,0,0,0,0,209,0,26,97
TAE,2023,2,10,7,-6.4,89.5,3.4,-7.8,2.18,-6.8,-1,0,973.2,166,0.4,1.2,0,0,0,0,0,0,0,210,0,26,97
TAE,2023,2,10,8,-5.4,88.1,3.6,-7.1,2.31,-5.9,0.3,0,973.5,169,0.5,1.4,110,490,42,27,454,300,27,214,0,26,97
TAE,2023,2,10,9,-3,82.5,4,-5.6,2.57,-3.9,3.4,0,973.8,135,0.1,0.6,267,765,61,48,615,594,49,219,0,26,97
TAE,2023,2,10,10,-0.4,72.9,4.3,-4.7,2.76,-1.9,6.5,0,973.8,27,0.7,1.8,394,860,73,64,544,785,67,224,0,26,97
TAE,2023,2,10,11,1.3,66.8,4.5,-4.2,2.89,-0.7,8.5,0,973.5,45,0.8,2,474,869,88,77,369,882,80,229,0,26,97
TAE,2023,2,10,12,2.9,60.7,4.6,-3.9,2.95,0.3,10.3,0,973.1,45,1.4,2.6,512,922,80,79,147,953,132,233,0,26,97
TAE,2023,2,10,13,4,57.5,4.7,-3.6,3.02,1.1,11.6,0,972.5,41,1.1,2.6,481,866,92,79,80,889,343,234,0,26,97
TAE,2023,2,10,14,4.6,53.6,4.5,-4,2.89,1.3,11.9,0,972.5,60,1.4,3.1,411,865,74,67,68,807,520,234,0,26,97
TAE,2023,2,10,15,4.6,53.9,4.6,-3.9,2.96,1.3,12,0,972.7,59,0.7,2,288,758,68,52,52,613,598,233,0,26,97
TAE,2023,2,10,16,3.5,61.3,4.8,-3.2,3.08,0.9,11.2,0,972.8,243,0.5,1.6,138,551,49,32,32,353,505,232,6,26,97
TAE,2023,2,10,17,0.3,76.1,4.8,-3.4,3.08,-1.1,8,0,973.1,233,1,2,6,0,6,4,4,4,4,231,0,26,97
TAE,2023,2,10,18,-1.6,83.9,4.6,-4,2.95,-2.4,5.7,0,973.5,217,1,2,0,0,0,0,0,0,0,231,16,26,97
TAE,2023,2,10,19,-1.6,82.6,4.5,-4.2,2.89,-2.5,5.6,0,973.5,194,0.9,1.7,0,0,0,0,0,0,0,234,46,26,97
TAE,2023,2,10,20,-2.3,85.8,4.4,-4.3,2.82,-3,4.7,0,973.6,210,0.8,1.8,0,0,0,0,0,0,0,237,58,26,97
TAE,2023,2,10,21,-2.9,86.6,4.3,-4.8,2.76,-3.5,3.9,0,973.7,180,0.8,1.5,0,0,0,0,0,0,0,231,23,26,97
TAE,2023,2,10,22,-3.4,88.4,4.2,-5,2.69,-3.9,3.3,0,973.8,143,0.5,1.4,0,0,0,0,0,0,0,226,0,26,97
TAE,2023,2,10,23,-3.8,88.8,4.1,-5.4,2.63,-4.3,2.7,0,973.5,158,0.6,1.1,0,0,0,0,0,0,0,227,0,26,97
TAE,2023,2,11,0,-4.4,90.4,4,-5.7,2.57,-4.8,1.9,0,973.3,166,0.5,1.4,0,0,0,0,0,0,0,224,10,26,97
TAE,2023,2,11,1,-4.6,89.9,3.9,-6,2.5,-5,1.6,0,973.1,162,0.6,1.2,0,0,0,0,0,0,0,223,0,26,97
TAE,2023,2,11,2,-4.8,89.5,3.8,-6.3,2.44,-5.3,1.2,0,972.4,158,0.5,1.4,0,0,0,0,0,0,0,225,13,26,97
TAE,2023,2,11,3,-5.3,91.2,3.8,-6.5,2.44,-5.7,0.7,0,972.2,180,0.2,0.9,0,0,0,0,0,0,0,229,20,26,97
TAE,2023,2,11,4,-5.5,90.9,3.7,-6.7,2.38,-5.9,0.4,0,972,194,0.6,1.8,0,0,0,0,0,0,0,234,41,26,97
TAE,2023,2,11,5,-5.2,90.4,3.8,-6.5,2.44,-5.6,0.8,0,971.8,158,0.6,1.5,0,0,0,0,0,0,0,241,75,26,97
TAE,2023,2,11,6,-5.4,90.2,3.7,-6.7,2.38,-5.8,0.5,0,972.4,180,0.3,1.5,0,0,0,0,0,0,0,242,71,26,97
TAE,2023,2,11,7,-5.8,90.8,3.6,-7.1,2.31,-6.2,-0.1,0,972.3,166,0.5,1.7,3,0,3,2,2,2,2,242,60,26,97
TAE,2023,2,11,8,-4.4,89,4,-5.9,2.57,-4.9,2,0,971.7,166,0.6,1.8,117,503,46,29,472,308,29,242,31,26,97
TAE,2023,2,11,9,-1.9,83,4.4,-4.4,2.83,-2.8,5.1,0,972.6,353,1.4,4.1,196,388,100,65,370,329,64,256,58,26,97
TAE,2023,2,11,10,-0.4,76.8,4.6,-4,2.96,-1.7,7,0,972.1,207,0.5,1.6,272,273,164,99,259,349,97,266,81,26,97
TAE,2023,2,11,11,1.2,71.9,4.8,-3.3,3.09,-0.5,8.9,0,972,61,1.1,2.9,205,179,122,78,128,249,77,282,84,26,97
TAE,2023,2,11,12,2.8,63.1,4.7,-3.5,3.02,0.4,10.4,0,971.5,18,0.7,2,492,834,97,83,151,881,132,264,16,26,97
TAE,2023,2,11,13,4.5,55.9,4.7,-3.5,3.02,1.4,12.1,0,971.2,31,0.7,2.1,477,865,83,77,78,878,337,259,25,26,97
TAE,2023,2,11,14,5.8,53.6,4.9,-2.9,3.16,2.3,13.7,0,970.9,16,0.9,1.9,407,848,73,66,67,788,511,266,29,26,97
TAE,2023,2,11,15,6.2,52.8,5,-2.7,3.22,2.6,14.3,0,970.6,18,0.8,1.9,214,376,93,63,63,352,321,279,66,26,97
TAE,2023,2,11,16,5.2,63.3,5.6,-1.2,3.61,2.6,14.3,0,970.6,135,0.4,1.7,75,55,66,41,40,72,88,285,94,26,97
TAE,2023,2,11,17,1.9,78.6,5.5,-1.4,3.54,0.6,10.8,0,970.8,198,0.5,1.5,4,0,4,2,2,2,2,267,50,26,97
TAE,2023,2,11,18,-0.2,84.4,5.1,-2.5,3.28,-1.1,8,0,971.5,221,1,2.3,0,0,0,0,0,0,0,256,0,26,97
TAE,2023,2,11,19,-0.9,86.3,4.9,-2.9,3.15,-1.6,6.9,0,971.7,211,0.6,1.7,0,0,0,0,0,0,0,253,0,26,97
TAE,2023,2,11,20,-1.8,88.5,4.8,-3.4,3.09,-2.4,5.9,0,972.1,189,0.6,1.2,0,0,0,0,0,0,0,252,0,26,97
TAE,2023,2,11,21,-2.2,89.5,4.7,-3.7,3.02,-2.7,5.3,0,971.9,207,0.5,1.2,0,0,0,0,0,0,0,253,23,26,97
TAE,2023,2,11,22,-2.3,89.4,4.6,-3.8,2.96,-2.8,5,0,972,180,0.5,1.1,0,0,0,0,0,0,0,272,100,26,97
TAE,2023,2,11,23,-2.7,89.6,4.5,-4.2,2.89,-3.2,4.5,0,972.2,153,0.5,1.1,0,0,0,0,0,0,0,264,84,26,97
TAE,2023,2,12,0,-3.2,90.3,4.4,-4.6,2.83,-3.7,3.8,0,972.4,162,0.3,1.1,0,0,0,0,0,0,0,253,34,26,97
TAE,2023,2,12,1,-3.5,90.7,4.3,-4.8,2.76,-3.9,3.3,0,972.3,153,0.2,1,0,0,0,0,0,0,0,257,59,25,97
TAE,2023,2,12,2,-3.8,90.9,4.2,-5.1,2.7,-4.2,2.9,0,972,180,0.3,0.9,0,0,0,0,0,0,0,264,71,25,97
TAE,2023,2,12,3,-4.3,92.2,4.1,-5.4,2.64,-4.7,2.2,0,971.9,180,0.2,0.7,0,0,0,0,0,0,0,258,54,25,97
TAE,2023,2,12,4,-4.6,91.3,3.9,-5.8,2.51,-5,1.6,0,971.8,153,0.2,0.7,0,0,0,0,0,0,0,260,61,25,97
TAE,2023,2,12,5,-4.9,91.3,3.9,-6.1,2.5,-5.3,1.3,0,972.3,153,0.3,0.9,0,0,0,0,0,0,0,268,59,25,97
TAE,2023,2,12,6,-4.4,89,3.9,-5.9,2.51,-4.9,1.8,0,972,180,0.3,1.5,0,0,0,0,0,0,0,275,84,25,97
TAE,2023,2,12,7,-3.6,88.1,4.2,-5.3,2.7,-4.2,3.1,0,971.9,41,1,2.3,1,0,1,0,0,0,0,281,94,25,97
TAE,2023,2,12,8,-2.9,85.8,4.2,-4.9,2.7,-3.6,3.8,0,972.2,45,0.8,1.7,115,498,42,27,464,301,27,258,20,25,97
TAE,2023,2,12,9,0.8,76.3,5,-2.9,3.22,-0.6,8.8,0,972.1,67,0.8,2.9,268,737,62,47,596,570,48,255,0,25,97
TAE,2023,2,12,10,3.1,74.7,5.7,-0.9,3.67,1.5,12.3,0,971.8,67,1.4,3.3,393,834,73,63,530,757,65,261,0,25,97
TAE,2023,2,12,11,4.5,69.2,5.8,-0.6,3.74,2.4,13.9,0,971.5,53,2.1,5.5,469,837,90,76,360,848,78,266,0,25,97
TAE,2023,2,12,12,6.2,64.7,6.1,0.1,3.93,3.6,16.1,0,971,58,2.4,5.8,509,899,79,77,143,923,127,249,0,25,97
TAE,2023,2,12,13,7.4,64.2,6.6,1.1,4.26,4.6,18.1,0,970.5,51,2.7,6.6,483,867,84,76,77,878,334,229,0,25,97
TAE,2023,2,12,14,8.3,61.5,6.8,1.3,4.39,5.1,19.4,0,970.4,69,3.1,6.5,409,828,79,66,67,772,504,248,0,25,97
TAE,2023,2,12,15,8.9,61.6,7,1.9,4.52,5.7,20.3,0,970.2,57,2.4,5.5,293,762,65,51,51,608,600,266,0,25,97
TAE,2023,2,12,16,8.8,64.3,7.3,2.4,4.72,5.8,20.7,0,970.1,63,1.4,3.4,144,554,49,32,32,352,510,263,0,25,97
TAE,2023,2,12,17,5.2,77.6,6.9,1.6,4.45,3.6,16.4,0,970.4,56,0.5,1.4,5,0,5,4,4,4,4,259,0,25,97
TAE,2023,2,12,18,2.2,87.6,6.3,0.4,4.06,1.5,12.4,0,970.8,225,0.6,1.7,0,0,0,0,0,0,0,255,0,25,97
TAE,2023,2,12,19,0.2,93.4,5.8,-0.7,3.74,-0.2,9.5,0,970.9,217,0.6,1.3,0,0,0,0,0,0,0,252,0,25,97
TAE,2023,2,12,20,-0.4,94.8,5.7,-1.1,3.67,-0.7,8.8,0,970.9,233,0.5,1.6,0,0,0,0,0,0,0,251,0,25,97
TAE,2023,2,12,21,-0.4,95.5,5.7,-1,3.67,-0.6,8.8,0,971,191,0.5,1.2,0,0,0,0,0,0,0,249,0,25,97
TAE,2023,2,12,22,0.6,95.9,6.1,0,3.93,0.4,10.4,0,971.2,162,0.3,0.8,0,0,0,0,0,0,0,248,0,25,97
TAE,2023,2,12,23,1.1,94.9,6.3,0.4,4.06,0.8,11.2,0,971.4,135,0.1,1.1,0,0,0,0,0,0,0,246,0,25,97
TAE,2023,2,13,0,1.5,95.3,6.5,0.8,4.19,1.2,12,0,971.6,45,0.2,0.7,0,0,0,0,0,0,0,244,0,25,97
TAE,2023,2,13,1,1.9,94.5,6.6,1.1,4.25,1.6,12.5,0,971.6,45,0.2,1.1,0,0,0,0,0,0,0,243,100,26,97
TAE,2023,2,13,2,2.5,94.4,6.9,1.7,4.45,2.2,13.6,0,971.7,90,0.5,2,0,0,0,0,0,0,0,242,100,26,97
TAE,2023,2,13,3,2.1,96,6.8,1.5,4.38,1.8,13.1,0,971.9,117,0.3,1,0,0,0,0,0,0,0,242,100,26,97
TAE,2023,2,13,4,2,95.4,6.7,1.3,4.32,1.7,12.8,0,972.2,59,0.6,1.7,0,0,0,0,0,0,0,249,100,26,97
TAE,2023,2,13,5,2,95,6.7,1.3,4.32,1.7,12.8,0,972.3,63,0.9,2.1,0,0,0,0,0,0,0,248,100,26,97
TAE,2023,2,13,6,1.7,94.4,6.5,0.9,4.19,1.4,12.2,0,972.4,90,0.7,2,0,0,0,0,0,0,0,247,100,26,97
TAE,2023,2,13,7,1.4,93.5,6.3,0.5,4.05,1,11.5,0,972.8,135,1.2,2.4,4,0,4,3,3,3,3,254,100,26,97
TAE,2023,2,13,8,1.2,94.8,6.3,0.5,4.05,0.9,11.3,0,973,139,1,2.4,30,0,30,18,18,17,18,275,100,26,97
TAE,2023,2,13,9,1.4,93.8,6.3,0.5,4.05,1,11.5,0,973.2,146,0.8,2.1,61,0,61,38,37,36,37,268,63,26,97
TAE,2023,2,13,10,1.3,93,6.3,0.3,4.05,0.9,11.4,0,973.3,142,1.2,2.3,46,0,46,29,28,27,28,291,100,26,97
TAE,2023,2,13,11,1.7,90.4,6.3,0.3,4.05,1.1,11.8,0,973,135,0.8,2.3,142,7,139,86,87,88,83,300,100,26,97
TAE,2023,2,13,12,2.9,86.3,6.5,0.8,4.18,2,13.4,0,972.6,27,0.9,2.1,448,563,175,110,155,672,166,277,44,26,97
TAE,2023,2,13,13,4,82.1,6.7,1.2,4.32,2.8,14.8,0,972.2,41,1.2,3,514,932,80,78,80,935,354,237,0,26,97
TAE,2023,2,13,14,5.2,77.4,6.8,1.6,4.38,3.6,16.2,0,971.9,63,1,2.3,425,856,78,69,70,796,519,259,0,26,97
TAE,2023,2,13,15,6.1,74.4,7,1.9,4.51,4.2,17.5,0,971.8,63,0.9,2.8,297,726,76,55,56,590,584,256,0,26,97
TAE,2023,2,13,16,5.5,77.5,7,1.9,4.51,3.9,16.8,0,971.6,48,1.4,3.1,151,552,57,36,36,353,518,261,38,26,97
TAE,2023,2,13,17,2.7,86.6,6.4,0.7,4.12,1.9,13,0,971.7,90,0.4,1.2,7,0,7,5,5,5,5,281,100,26,97
TAE,2023,2,13,18,0.9,93,6.1,-0.1,3.93,0.5,10.7,0,972,59,0.7,3.2,0,0,0,0,0,0,0,280,100,26,97
TAE,2023,2,13,19,-1.1,94.3,5.3,-1.9,3.41,-1.4,7.4,0,972,225,0.3,1,0,0,0,0,0,0,0,273,100,26,97
TAE,2023,2,13,20,-1.4,94.7,5.2,-2.1,3.35,-1.7,6.9,0,972.1,225,0.3,1.1,0,0,0,0,0,0,0,268,100,26,97
TAE,2023,2,13,21,-1.9,95.3,5.1,-2.5,3.28,-2.1,6.3,0,972.2,180,0.4,1,0,0,0,0,0,0,0,265,100,26,97
TAE,2023,2,13,22,-1,96.8,5.5,-1.4,3.54,-1.2,7.8,0,971.9,72,0.3,1.6,0,0,0,0,0,0,0,262,100,26,97
TAE,2023,2,13,23,0.1,99.9,6.2,0.1,3.99,0.1,10.1,0,972.1,90,0.8,2.5,0,0,0,0,0,0,0,259,100,26,97
TAE,2023,2,14,0,-0.3,100,6,-0.3,3.86,-0.3,9.3,0,972.1,90,0.4,1.4,0,0,0,0,0,0,0,257,100,26,97
TAE,2023,2,14,1,-0.7,100,5.8,-0.7,3.73,-0.7,8.6,0,972.1,90,0.7,1.8,0,0,0,0,0,0,0,232,0,26,97
TAE,2023,2,14,2,-1.1,100,5.7,-1.1,3.67,-1.1,8,0,971.8,117,0.7,1.8,0,0,0,0,0,0,0,231,0,26,97
TAE,2023,2,14,3,-1.4,100,5.5,-1.4,3.54,-1.4,7.4,0,971.6,90,0.4,1.4,0,0,0,0,0,0,0,231,0,26,97
TAE,2023,2,14,4,-1.8,100,5.4,-1.8,3.48,-1.8,6.8,0,971.5,45,0.7,1.5,0,0,0,0,0,0,0,231,13,26,97
TAE,2023,2,14,5,-2.1,100,5.2,-2.1,3.35,-2.1,6.2,0,971.7,45,0.7,2.3,0,0,0,0,0,0,0,233,29,26,97
TAE,2023,2,14,6,-2.6,100,5.1,-2.6,3.28,-2.6,5.5,0,971.5,117,0.6,2.1,0,0,0,0,0,0,0,234,29,26,97
TAE,2023,2,14,7,-2.8,100,5,-2.8,3.22,-2.8,5.2,0,972.1,90,0.5,1.3,5,0,5,4,4,4,4,235,29,26,97
TAE,2023,2,14,8,-3.1,99.9,4.9,-3.1,3.15,-3.1,4.7,0,972,104,0.6,2,132,511,56,34,492,312,34,240,23,26,97
TAE,2023,2,14,9,-2.8,98.3,4.9,-3,3.15,-2.9,5,0,971.8,45,0.5,1.3,284,716,77,55,598,566,56,245,25,26,97
TAE,2023,2,14,10,-2.6,99.4,5.1,-2.7,3.28,-2.6,5.5,0,971.5,45,0.5,1.5,287,259,189,113,288,340,111,263,19,26,97
TAE,2023,2,14,11,-1.7,98.5,5.3,-1.9,3.41,-1.8,6.8,0,971,14,0.6,1.8,482,788,118,88,376,824,90,275,39,26,97
TAE,2023,2,14,12,-0.1,94.3,5.8,-0.9,3.74,-0.4,9.2,0,970.2,104,0.5,1.8,530,886,97,87,158,927,139,225,13,26,97
TAE,2023,2,14,13,1.4,91.7,6.2,0.2,4,0.9,11.4,0,969.5,90,0.8,1.7,512,912,83,81,82,919,354,227,13,26,97
TAE,2023,2,14,14,3.2,85.9,6.6,1.1,4.27,2.3,13.9,0,969,53,1.1,2.3,439,894,73,70,71,823,539,210,0,26,97
TAE,2023,2,14,15,3.8,84.4,6.8,1.4,4.4,2.8,14.8,0,968.8,56,1.1,2.1,312,787,69,55,55,629,626,220,0,26,97
TAE,2023,2,14,16,3.9,84.6,6.8,1.5,4.4,2.9,14.9,0,968.5,63,0.7,1.7,159,589,52,35,35,373,545,249,0,26,97
TAE,2023,2,14,17,1.7,93.4,6.4,0.8,4.14,1.3,12,0,968.7,63,0.7,1.8,9,0,9,7,7,7,7,250,6,26,97
TAE,2023,2,14,18,-0.8,100,5.8,-0.8,3.75,-0.8,8.5,0,968.8,63,0.3,1,0,0,0,0,0,0,0,244,0,26,97
TAE,2023,2,14,19,-1.1,99.8,5.6,-1.1,3.62,-1.1,7.9,0,968.6,162,0.3,0.9,0,0,0,0,0,0,0,242,0,26,97
TAE,2023,2,14,20,-1.6,100,5.5,-1.6,3.55,-1.6,7.2,0,968.5,45,0.4,1.2,0,0,0,0,0,0,0,239,0,26,97
TAE,2023,2,14,21,-2.1,100,5.2,-2.1,3.36,-2.1,6.2,0,968,225,0.3,0.9,0,0,0,0,0,0,0,236,0,26,97
TAE,2023,2,14,22,-2.6,100,5,-2.6,3.23,-2.6,5.4,0,967.7,63,0.3,1,0,0,0,0,0,0,0,236,25,26,97
TAE,2023,2,14,23,-2.8,100,5,-2.8,3.23,-2.8,5.2,0,967.3,153,0.4,1,0,0,0,0,0,0,0,237,25,26,97
TAE,2023,2,15,0,-3,99,4.9,-3.1,3.17,-3,4.9,0,967,191,0.6,1.2,0,0,0,0,0,0,0,233,25,26,97
TAE,2023,2,15,1,-3.6,100,4.7,-3.6,3.04,-3.6,3.9,0,966.9,180,0.3,0.8,0,0,0,0,0,0,0,227,0,26,97
TAE,2023,2,15,2,-4.2,98.8,4.4,-4.4,2.84,-4.3,2.8,0,966.7,166,0.4,1,0,0,0,0,0,0,0,227,0,26,97
TAE,2023,2,15,3,-4.8,97.7,4.2,-5.1,2.71,-4.9,1.9,0,966.5,162,0.3,0.9,0,0,0,0,0,0,0,228,0,26,97
TAE,2023,2,15,4,-5.2,98.7,4.1,-5.4,2.65,-5.3,1.3,0,966.6,45,0.2,0.7,0,0,0,0,0,0,0,228,0,26,97
TAE,2023,2,15,5,-5.4,97.8,4,-5.7,2.58,-5.5,1,0,966.6,45,0.2,0.6,0,0,0,0,0,0,0,228,0,26,97
TAE,2023,2,15,6,-5.3,100,4.1,-5.3,2.65,-5.3,1.2,0,966.5,90,0.1,0.6,0,0,0,0,0,0,0,228,0,26,97
TAE,2023,2,15,7,-5.7,99.6,4,-5.8,2.58,-5.7,0.7,0,966.9,360,0.1,0.4,5,0,5,3,3,3,3,232,0,26,97
TAE,2023,2,15,8,-5.4,99.2,4,-5.5,2.58,-5.4,1,0,966.8,45,0.2,0.9,135,546,46,30,512,327,31,239,13,26,97
TAE,2023,2,15,9,-4,99.1,4.5,-4.1,2.91,-4,3.2,0,966.6,56,0.4,1,299,801,64,51,653,613,53,241,0,26,97
TAE,2023,2,15,10,-1.7,96.2,5.2,-2.2,3.36,-1.9,6.7,0,966.4,56,0.8,1.8,399,738,109,78,517,697,79,252,19,26,97
TAE,2023,2,15,11,0.3,91.5,5.7,-0.9,3.69,-0.2,9.5,0,965.9,58,1,1.9,505,885,90,81,379,889,84,241,25,26,97
TAE,2023,2,15,12,2.3,87.6,6.3,0.5,4.09,1.5,12.5,0,965.2,61,1.3,2.4,543,940,79,82,153,959,134,233,0,26,97
TAE,2023,2,15,13,4.5,80.3,6.7,1.4,4.35,3.1,15.4,0,964.6,63,1.2,2.4,510,879,92,82,83,892,350,239,0,26,97
TAE,2023,2,15,14,6.1,75.1,7.1,2,4.62,4.2,17.7,0,964,68,1.1,2.7,438,875,76,70,71,807,534,230,0,26,97
TAE,2023,2,15,15,7.4,70.7,7.3,2.4,4.75,5.1,19.4,0,963.9,60,0.8,1.9,321,820,64,54,54,645,646,223,0,26,97
TAE,2023,2,15,16,7,72.8,7.3,2.5,4.75,4.9,19,0,963.8,68,0.7,1.5,160,575,53,35,35,364,534,225,0,26,97
TAE,2023,2,15,17,3.2,86.9,6.7,1.2,4.35,2.3,14.1,0,964.4,214,0.4,1.7,18,77,12,8,8,41,79,250,0,26,97
TAE,2023,2,15,18,0.9,91.6,6,-0.3,3.89,0.4,10.6,0,964.6,191,0.5,1.6,0,0,0,0,0,0,0,249,0,26,97
TAE,2023,2,15,19,-0.5,92.1,5.4,-1.6,3.5,-0.9,8.2,0,965.1,194,0.4,1,0,0,0,0,0,0,0,251,16,26,97
TAE,2023,2,15,20,-0.7,93.3,5.4,-1.6,3.5,-1,8,0,965,162,0.4,1.5,0,0,0,0,0,0,0,263,56,26,97
TAE,2023,2,15,21,-1.1,92.6,5.2,-2.1,3.37,-1.5,7.3,0,964.9,169,0.6,1.2,0,0,0,0,0,0,0,270,88,26,97
TAE,2023,2,15,22,-1.7,93.1,5,-2.7,3.24,-2.1,6.4,0,965,225,0.1,0.8,0,0,0,0,0,0,0,266,94,26,97
TAE,2023,2,15,23,-1.7,94.3,5.1,-2.5,3.31,-2,6.5,0,964.9,180,0.3,0.9,0,0,0,0,0,0,0,267,100,26,97
TAE,2023,2,16,0,-2.2,94.3,4.9,-3,3.18,-2.5,5.7,0,964.7,166,0.4,1.1,0,0,0,0,0,0,0,265,90,26,97
TAE,2023,2,16,1,-2.5,94,4.8,-3.3,3.11,-2.8,5.2,0,964.8,270,0.3,0.9,0,0,0,0,0,0,0,258,69,25,97
TAE,2023,2,16,2,-2.3,92.9,4.8,-3.3,3.11,-2.7,5.4,0,964.8,360,0.4,1.8,0,0,0,0,0,0,0,248,31,25,97
TAE,2023,2,16,3,-2.5,93.5,4.8,-3.4,3.11,-2.8,5.2,0,964.6,117,0.5,1.7,0,0,0,0,0,0,0,247,39,25,97
TAE,2023,2,16,4,-3.2,94.2,4.6,-4,2.98,-3.5,4.2,0,964.7,207,0.3,1,0,0,0,0,0,0,0,255,69,25,97
TAE,2023,2,16,5,-3.4,94.1,4.5,-4.2,2.91,-3.7,3.8,0,964.9,225,0.2,0.8,0,0,0,0,0,0,0,256,78,25,97
TAE,2023,2,16,6,-3.2,93.3,4.5,-4.1,2.91,-3.5,4,0,965.1,0,0.3,0.9,0,0,0,0,0,0,0,250,60,25,97
TAE,2023,2,16,7,-3.6,92.5,4.4,-4.6,2.85,-3.9,3.5,0,965.5,90,0.3,1.2,5,0,5,4,4,4,4,246,29,25,97
TAE,2023,2,16,8,-2.7,92.1,4.6,-3.8,2.98,-3.1,4.7,0,965.8,180,0.3,1.1,139,490,54,34,469,305,34,253,45,25,97
TAE,2023,2,16,9,0.4,87.8,5.5,-1.4,3.56,-0.3,9.3,0,965.9,63,0.3,1.4,299,785,66,51,643,599,53,251,25,25,97
TAE,2023,2,16,10,3.3,81.5,6.3,0.4,4.08,2.1,13.5,0,965.9,27,1,3.3,412,789,94,71,527,731,73,253,0,25,97
TAE,2023,2,16,11,5.3,75.6,6.7,1.3,4.35,3.5,16.2,0,965.7,59,0.6,1.6,507,899,82,78,379,891,81,227,0,25,97
TAE,2023,2,16,12,8.9,64.6,7.3,2.6,4.74,5.9,20.9,0,965,60,0.9,2.4,544,935,77,81,149,950,133,232,13,25,97
TAE,2023,2,16,13,12.5,37.9,5.4,-1.5,3.5,6.2,21.4,0,964.4,207,2.2,5.5,511,873,91,81,82,882,349,252,23,25,97
TAE,2023,2,16,14,13.2,30.6,4.7,-3.7,3.05,5.9,21,0,963.7,249,2.6,6,427,775,101,76,76,740,496,271,44,25,97
TAE,2023,2,16,15,13,31.9,4.8,-3.3,3.11,5.9,20.9,0,963.7,259,2.9,8,279,530,106,70,70,463,456,279,63,25,97
TAE,2023,2,16,16,11.4,40.1,5.4,-1.7,3.5,5.6,20.3,0,963.9,293,1.4,5.7,129,290,77,46,46,210,305,297,75,25,97
TAE,2023,2,16,17,7.3,63.1,6.5,0.8,4.22,4.4,17.9,0,964.1,211,0.6,1.9,21,97,12,7,7,50,98,306,94,25,97
TAE,2023,2,16,18,6.6,65.6,6.4,0.6,4.16,4,17.1,0,964,225,0.8,1.6,0,0,0,0,0,0,0,306,100,25,97
TAE,2023,2,16,19,6.1,68.6,6.5,0.8,4.22,3.8,16.7,0,964.4,180,0.6,1.7,0,0,0,0,0,0,0,304,100,25,97
TAE,2023,2,16,20,6.1,68.1,6.4,0.7,4.15,3.7,16.6,0,964.6,146,0.3,1.1,0,0,0,0,0,0,0,303,100,25,97
TAE,2023,2,16,21,5.6,71.5,6.5,0.9,4.22,3.5,16.2,0,964.7,153,0.5,1.4,0,0,0,0,0,0,0,298,88,25,97
TAE,2023,2,16,22,6.5,63.8,6.1,0.1,3.96,3.7,16.5,0,964.6,214,0.8,4.5,0,0,0,0,0,0,0,286,60,25,97
TAE,2023,2,16,23,9.8,44.4,5.4,-1.7,3.5,4.8,18.7,0,964.5,208,2.8,6.3,0,0,0,0,0,0,0,285,59,25,97
TAE,2023,2,17,0,9.7,43.4,5.2,-2.1,3.37,4.7,18.2,0,964.4,218,1.9,5.7,0,0,0,0,0,0,0,279,41,25,97
TAE,2023,2,17,1,9.4,43.6,5.1,-2.3,3.31,4.4,17.8,0,964.6,229,1.2,4.3,0,0,0,0,0,0,0,291,63,25,97
TAE,2023,2,17,2,9.2,44,5.1,-2.4,3.31,4.3,17.6,0,964.5,225,1.5,5.6,0,0,0,0,0,0,0,287,45,25,97
TAE,2023,2,17,3,9.5,42.4,5,-2.6,3.24,4.4,17.7,0,964.1,225,2,6.6,0,0,0,0,0,0,0,294,71,25,97
TAE,2023,2,17,4,9.6,43.1,5.1,-2.3,3.31,4.5,18,0,964,221,2.8,7.5,0,0,0,0,0,0,0,306,100,25,97
TAE,2023,2,17,5,9.6,44.5,5.3,-1.9,3.44,4.7,18.3,0,964.2,228,2.8,7,0,0,0,0,0,0,0,302,84,25,97
TAE,2023,2,17,6,9.5,45.5,5.4,-1.7,3.5,4.7,18.4,0,963.9,224,3.1,7.3,0,0,0,0,0,0,0,307,100,25,97
TAE,2023,2,17,7,9.9,45.5,5.5,-1.3,3.57,5,18.9,0,964.3,223,3.3,8.5,0,0,0,0,0,0,0,309,100,25,97
TAE,2023,2,17,8,10.3,44.7,5.6,-1.2,3.63,5.3,19.5,0,964.6,223,4,9.9,8,0,8,5,5,5,5,312,100,25,97
TAE,2023,2,17,9,10.8,46.6,6,-0.2,3.89,5.8,20.7,0,965.2,221,4.3,11.1,56,0,56,35,34,33,34,315,100,25,97
TAE,2023,2,17,10,11.5,47.3,6.4,0.7,4.15,6.5,22,0,965.7,226,3.9,10.4,81,0,81,50,49,47,48,319,100,25,97
TAE,2023,2,17,11,11.6,50.2,6.9,1.6,4.48,6.9,22.9,0,965.6,223,4.1,10.1,105,0,105,65,64,61,62,322,100,25,97
TAE,2023,2,17,12,12,49.8,7,1.9,4.55,7.2,23.5,0,964.9,224,4.2,9.8,53,0,53,33,32,31,32,325,100,25,97
TAE,2023,2,17,13,12.3,48.2,6.9,1.7,4.48,7.2,23.7,0,964.7,226,4,9.8,120,2,119,73,72,71,71,327,100,25,97
TAE,2023,2,17,14,12.4,51.9,7.4,2.8,4.81,7.7,24.6,0,964.7,225,2.6,8.2,36,0,36,22,22,21,21,326,100,25,97
TAE,2023,2,17,15,12.6,53.3,7.8,3.4,5.07,8,25.5,0,964.7,231,2.3,5.3,28,0,28,17,17,17,17,326,100,25,97
TAE,2023,2,17,16,12.2,56.7,8,3.9,5.2,8.1,25.4,0,964.7,227,2.3,6.3,33,0,33,20,20,19,20,325,94,25,97
TAE,2023,2,17,17,11.3,60.3,8.1,3.9,5.27,7.6,24.6,0,964.7,246,1.3,3.5,21,92,12,7,7,47,93,302,46,25,97
TAE,2023,2,17,18,11.1,61.8,8.2,4.1,5.33,7.6,24.6,0,965,237,1.7,4.8,0,0,0,0,0,0,0,315,63,25,97
TAE,2023,2,17,19,11.3,61.5,8.2,4.2,5.33,7.8,24.8,0,965.2,229,2.4,7.7,0,0,0,0,0,0,0,309,40,25,97
TAE,2023,2,17,20,11.4,63.4,8.5,4.7,5.53,8,25.4,0,965.2,217,3,7.4,0,0,0,0,0,0,0,302,25,25,97
TAE,2023,2,17,21,11.6,63.3,8.6,4.9,5.59,8.2,25.8,0,965.4,215,3.8,10,0,0,0,0,0,0,0,303,33,25,97
TAE,2023,2,17,22,11.3,63.5,8.5,4.6,5.52,7.9,25.3,0,965.7,233,2.2,6.9,0,0,0,0,0,0,0,308,59,25,97
TAE,2023,2,17,23,10.4,68.1,8.6,4.8,5.59,7.6,24.5,0,966.1,265,1.2,5.1,0,0,0,0,0,0,0,319,88,25,97
TAE,2023,2,18,0,9.9,75.7,9.2,5.8,5.98,7.8,25,0,966.1,263,1.6,4.8,0,0,0,0,0,0,0,314,75,25,97
TAE,2023,2,18,1,10,82.5,10.1,7.2,6.57,8.5,26.6,0,965.8,240,1.6,5.4,0,0,0,0,0,0,0,309,33,25,97
TAE,2023,2,18,2,9.8,83.2,10.1,7.1,6.58,8.4,26.4,0,965.3,239,2.5,7.4,0,0,0,0,0,0,0,302,31,25,97
TAE,2023,2,18,3,10.1,81.2,10,7,6.51,8.5,26.6,0,965,254,2.7,9.1,0,0,0,0,0,0,0,301,39,25,97
TAE,2023,2,18,4,9.8,81.2,9.8,6.7,6.38,8.2,25.9,0,964.8,245,1.8,7.8,0,0,0,0,0,0,0,296,33,25,97
TAE,2023,2,18,5,10,77,9.5,6.2,6.19,8,25.6,0,964.6,219,2.6,5.8,0,0,0,0,0,0,0,290,16,25,97
TAE,2023,2,18,6,9.6,75.5,9,5.5,5.86,7.5,24.4,0,964.5,234,2,6.3,0,0,0,0,0,0,0,285,19,25,97
TAE,2023,2,18,7,9.4,76.2,8.9,5.4,5.79,7.4,24,0,964.5,235,1.4,5.6,4,1,4,3,3,3,2,312,71,25,97
TAE,2023,2,18,8,10,73.3,9,5.4,5.86,7.7,24.8,0,964.4,227,2.1,8.6,43,11,40,25,34,30,24,322,94,25,97
TAE,2023,2,18,9,10.8,70.4,9.1,5.6,5.92,8.1,25.8,0,964.6,242,2.7,7.2,120,14,116,71,81,78,69,329,100,25,97
TAE,2023,2,18,10,11.3,67.8,9.1,5.6,5.93,8.4,26.3,0,964.2,248,3.1,8.6,179,23,169,103,116,119,100,333,100,25,97
TAE,2023,2,18,11,12.4,64.1,9.2,5.8,5.99,9,27.6,0,964.2,254,4.7,11.4,353,264,226,133,253,392,131,337,100,25,97
TAE,2023,2,18,12,12.7,62.5,9.2,5.7,6,9.1,27.9,0,963.4,261,4.7,11.8,345,181,253,149,172,335,169,336,100,25,97
TAE,2023,2,18,13,13.2,60.3,9.1,5.7,5.94,9.3,28.3,0,962.6,263,5,10.8,320,155,244,145,144,297,212,343,100,25,97
TAE,2023,2,18,14,14.3,56,9.1,5.6,5.94,9.7,29.4,0,961.7,265,4.5,10.8,279,147,215,128,127,261,219,341,100,25,97
TAE,2023,2,18,15,14.6,54.2,9,5.5,5.88,9.8,29.5,0,961.4,268,4.9,11.3,218,195,153,91,90,240,243,322,81,25,97
TAE,2023,2,18,16,14,55.5,8.8,5.2,5.75,9.4,28.6,0,961.3,273,4.5,10.5,127,208,85,50,50,171,236,315,75,25,97
TAE,2023,2,18,17,12.4,63.6,9.2,5.7,6.01,8.9,27.6,0,961.4,288,1.7,4.6,15,10,14,9,9,13,18,308,71,25,97
TAE,2023,2,18,18,10.6,70.3,9,5.4,5.88,8,25.5,0,961.8,290,1.3,3.2,0,0,0,0,0,0,0,302,55,25,97
TAE,2023,2,18,19,9.4,74.9,8.8,5.2,5.74,7.3,23.9,0,961.9,301,0.8,5.4,0,0,0,0,0,0,0,314,84,25,97
TAE,2023,2,18,20,10.1,72.5,8.9,5.4,5.81,7.7,24.8,0,962.2,291,1.5,4.8,0,0,0,0,0,0,0,328,100,25,97
TAE,2023,2,18,21,9.8,71.8,8.7,5,5.67,7.4,24.1,0,962.4,263,1.8,4.7,0,0,0,0,0,0,0,314,80,25,97
TAE,2023,2,18,22,9.4,71.9,8.5,4.6,5.54,7,23.4,0,962.1,239,1.3,5.1,0,0,0,0,0,0,0,305,61,25,97
TAE,2023,2,18,23,9.2,72,8.4,4.4,5.48,6.8,23,0,961.8,227,1.9,5.7,0,0,0,0,0,0,0,287,26,25,97
TAE,2023,2,19,0,8.8,72.9,8.3,4.2,5.41,6.6,22.5,0,961.8,228,1.5,4.1,0,0,0,0,0,0,0,288,33,25,97
TAE,2023,2,19,1,8.5,73.7,8.2,4.1,5.35,6.4,22,0,961.4,225,1.5,4.9,0,0,0,0,0,0,0,290,33,24,97
TAE,2023,2,19,2,8.4,73,8,3.8,5.22,6.2,21.6,0,961.2,238,1.6,5.8,0,0,0,0,0,0,0,292,44,24,97
TAE,2023,2,19,3,8.4,72.3,8,3.7,5.22,6.1,21.6,0,960.5,236,2.5,7,0,0,0,0,0,0,0,318,100,24,97
TAE,2023,2,19,4,8.4,72.4,8,3.7,5.22,6.1,21.6,0,960.8,242,2,6.7,0,0,0,0,0,0,0,319,100,24,97
TAE,2023,2,19,5,7.9,76.6,8.2,4,5.36,6,21.4,0.1,960.5,232,3.2,8.6,0,0,0,0,0,0,0,319,100,24,97
TAE,2023,2,19,6,7.5,80.2,8.3,4.3,5.42,6,21.2,0.1,960.9,232,2.5,9.8,0,0,0,0,0,0,0,316,100,24,97
TAE,2023,2,19,7,7.6,80,8.4,4.4,5.48,6,21.4,0,961.8,245,1.6,4.6,1,0,1,0,0,0,0,291,33,24,97
TAE,2023,2,19,8,7.7,78.6,8.3,4.2,5.41,6,21.3,0,962.8,235,1.7,4.8,23,0,23,14,14,13,14,313,56,24,97
TAE,2023,2,19,9,8.3,76.8,8.4,4.5,5.47,6.4,22.1,0,963.4,248,1.9,5.8,69,0,69,42,42,40,41,324,100,24,97
TAE,2023,2,19,10,8.7,76.8,8.7,4.9,5.67,6.8,23,0,963.5,274,3.2,8,38,0,38,23,23,22,22,326,100,24,97
TAE,2023,2,19,11,8.9,78.6,9,5.4,5.86,7.1,23.7,0,963.6,276,3.9,9.4,125,0,125,76,75,72,74,329,100,24,97
TAE,2023,2,19,12,9.5,74.9,8.9,5.3,5.8,7.4,24.1,0,963.4,274,3.1,8.5,85,0,85,52,51,49,50,331,100,24,97
TAE,2023,2,19,13,9.4,71.6,8.4,4.5,5.47,7,23.2,0,963.3,272,3.3,8.2,80,0,80,49,49,47,48,332,100,24,97
TAE,2023,2,19,14,9.3,69.3,8.1,4,5.28,6.7,22.6,0,963.2,288,3.7,9.9,109,1,109,66,66,64,65,330,100,24,97
TAE,2023,2,19,15,9.1,67,7.7,3.3,5.01,6.3,21.8,0,963.3,285,3,9.9,16,0,16,10,10,9,10,329,100,24,97
TAE,2023,2,19,16,9.1,64.8,7.4,2.8,4.81,6.1,21.3,0,963.9,278,3,7.7,9,0,9,6,6,5,6,327,100,24,97
TAE,2023,2,19,17,8.7,66,7.4,2.7,4.81,5.9,20.8,0,964.2,259,2.1,4.9,7,0,7,5,5,5,5,313,63,24,97
TAE,2023,2,19,18,8.5,66,7.3,2.5,4.74,5.7,20.5,0,964.6,262,1.6,4.4,0,0,0,0,0,0,0,311,65,24,97
TAE,2023,2,19,19,8,67.9,7.3,2.4,4.74,5.4,20,0,965.3,240,1.5,4,0,0,0,0,0,0,0,321,100,24,97
TAE,2023,2,19,20,7.9,68.2,7.3,2.4,4.74,5.3,19.9,0,965.3,239,1.2,3.5,0,0,0,0,0,0,0,314,88,24,97
TAE,2023,2,19,21,7.7,70.6,7.4,2.7,4.8,5.4,19.8,0,965.7,262,0.8,2.3,0,0,0,0,0,0,0,309,70,24,97
TAE,2023,2,19,22,7.6,72.7,7.6,3,4.93,5.4,20,0,965.7,232,1.2,3.4,0,0,0,0,0,0,0,317,100,24,97
TAE,2023,2,19,23,7.5,72.5,7.5,2.9,4.87,5.3,19.8,0,965.9,234,1.4,3.7,0,0,0,0,0,0,0,302,58,24,97
TAE,2023,2,20,0,7.3,72.5,7.4,2.7,4.8,5.2,19.4,0,966,243,0.7,2.7,0,0,0,0,0,0,0,286,33,24,97
TAE,2023,2,20,1,7.1,72.7,7.3,2.5,4.74,5,19,0,966.2,243,0.7,1.9,0,0,0,0,0,0,0,272,19,25,97
TAE,2023,2,20,2,6.9,74.1,7.4,2.6,4.8,4.9,19,0,966.3,236,0.4,1.8,0,0,0,0,0,0,0,275,16,25,97
TAE,2023,2,20,3,6.8,74.4,7.4,2.6,4.8,4.9,18.9,0,965.9,239,0.7,2,0,0,0,0,0,0,0,283,25,25,97
TAE,2023,2,20,4,5.8,78.6,7.2,2.4,4.67,4.3,17.6,0,965.5,270,0.5,1.6,0,0,0,0,0,0,0,273,6,25,97
TAE,2023,2,20,5,3.9,83.7,6.8,1.4,4.41,2.8,15,0,965.3,252,1,1.9,0,0,0,0,0,0,0,267,0,25,97
TAE,2023,2,20,6,2.2,89.5,6.4,0.7,4.15,1.6,12.6,0,965.3,221,1,2.5,0,0,0,0,0,0,0,269,25,25,97
TAE,2023,2,20,7,1.8,90.4,6.3,0.4,4.09,1.2,12,0,965.2,191,0.7,1.8,15,56,11,7,59,28,6,279,29,25,97
TAE,2023,2,20,8,3.2,86.8,6.7,1.2,4.35,2.3,14.1,0,965.2,146,0.4,1.3,155,570,49,33,541,333,33,279,20,25,97
TAE,2023,2,20,9,6.3,77.3,7.4,2.6,4.81,4.6,18.4,0,965,53,0.7,1.8,305,750,67,52,620,567,53,278,0,25,97
TAE,2023,2,20,10,8.4,69.3,7.6,3.1,4.94,5.9,20.9,0,964.5,34,0.5,1.5,426,796,87,70,527,723,72,264,0,25,97
TAE,2023,2,20,11,10.5,60.8,7.7,3.3,5.01,7,23.2,0,964.3,4,1.4,3,521,890,81,78,378,871,81,247,0,25,97
TAE,2023,2,20,12,12.7,48.9,7.2,2.2,4.68,7.6,24.6,0,963.4,225,2.1,4.7,553,903,83,82,151,913,135,250,0,25,97
TAE,2023,2,20,13,14,44,7,2,4.56,8.1,25.6,0,962.4,254,1.7,4.2,529,882,87,81,82,876,351,279,26,25,97
TAE,2023,2,20,14,14,47.7,7.6,3.1,4.96,8.6,26.6,0,961.6,291,1.1,2.8,411,615,139,89,89,624,437,307,64,25,97
TAE,2023,2,20,15,15,44.3,7.6,3,4.96,9,27.6,0,961.2,302,2.1,3.6,334,771,75,57,58,604,627,279,29,25,97
TAE,2023,2,20,16,14.3,44.7,7.3,2.4,4.76,8.4,26.4,0,960.8,257,1.8,4.6,160,388,72,45,45,272,382,285,48,25,97
TAE,2023,2,20,17,11.3,55.4,7.4,2.7,4.83,7.1,23.5,0,960.6,238,1,2.4,23,53,17,11,11,34,61,267,36,25,97
TAE,2023,2,20,18,7.2,72.5,7.3,2.6,4.76,5.1,19.2,0,960.7,220,1,2.7,0,0,0,0,0,0,0,273,33,25,97
TAE,2023,2,20,19,4.8,80.3,6.9,1.7,4.5,3.4,16.1,0,960.8,196,0.9,2,0,0,0,0,0,0,0,285,25,25,97
TAE,2023,2,20,20,4.6,81.3,6.9,1.7,4.5,3.3,15.9,0,960.7,174,1.1,2.1,0,0,0,0,0,0,0,302,69,25,97
TAE,2023,2,20,21,3.8,84.9,6.8,1.5,4.43,2.8,14.9,0,960.6,159,0.9,1.7,0,0,0,0,0,0,0,295,63,25,97
TAE,2023,2,20,22,3.3,86.4,6.7,1.3,4.37,2.4,14.3,0,960.4,156,1,2.1,0,0,0,0,0,0,0,287,56,25,97
TAE,2023,2,20,23,2.3,88.6,6.4,0.6,4.17,1.6,12.7,0,960.1,144,0.9,1.8,0,0,0,0,0,0,0,263,13,25,97
TAE,2023,2,21,0,1.7,89.7,6.2,0.2,4.04,1.1,11.8,0,959.6,140,0.9,2,0,0,0,0,0,0,0,254,0,25,97
TAE,2023,2,21,1,1.3,89.6,6,-0.2,3.92,0.7,11.1,0,959,153,0.7,1.7,0,0,0,0,0,0,0,256,13,25,97
TAE,2023,2,21,2,0.6,91.4,5.8,-0.6,3.79,0.1,10,0,958.8,158,0.5,1.4,0,0,0,0,0,0,0,253,13,25,97
TAE,2023,2,21,3,0,91.4,5.6,-1.2,3.65,-0.5,9.1,0,958.9,180,0.5,2.4,0,0,0,0,0,0,0,252,19,25,97
TAE,2023,2,21,4,-0.1,92.1,5.6,-1.2,3.65,-0.5,9,0,958.8,172,0.8,1.8,0,0,0,0,0,0,0,258,13,25,97
TAE,2023,2,21,5,-0.3,92.2,5.5,-1.4,3.59,-0.7,8.6,0,958.7,157,0.8,1.6,0,0,0,0,0,0,0,266,60,25,97
TAE,2023,2,21,6,-0.6,93.2,5.4,-1.6,3.52,-1,8.2,0,958.6,171,0.6,1.5,0,0,0,0,0,0,0,274,81,25,97
TAE,2023,2,21,7,-0.9,93.2,5.3,-1.9,3.46,-1.3,7.7,0,959,162,0.4,1.1,13,25,11,7,31,16,6,278,84,25,97
TAE,2023,2,21,8,0.8,90.1,5.9,-0.6,3.85,0.2,10.4,0,959,153,0.4,1.2,166,624,49,33,591,358,34,272,33,25,97
TAE,2023,2,21,9,5,80.8,7,2,4.57,3.7,16.5,0,958.9,90,0.3,1.3,313,712,82,58,603,552,59,269,29,25,97
TAE,2023,2,21,10,8.1,68,7.3,2.6,4.77,5.5,20.1,0,958.4,27,0.5,1.6,450,865,77,70,559,770,72,225,6,25,97
TAE,2023,2,21,11,10.2,61,7.6,3,4.97,6.7,22.8,0,958,72,1,2.2,543,943,72,79,389,909,82,228,0,25,97
TAE,2023,2,21,12,11.9,54.2,7.5,2.9,4.91,7.5,24.4,0,957.1,65,1.5,2.9,568,917,85,84,153,928,140,232,0,25,97
TAE,2023,2,21,13,13.1,50.8,7.6,3.1,4.98,8.2,25.8,0,956,48,1.5,3,538,876,94,84,85,875,359,247,13,25,97
TAE,2023,2,21,14,13.8,50.1,7.9,3.6,5.19,8.7,27,0,955,30,1.5,3.3,471,899,72,71,72,806,548,233,0,25,97
TAE,2023,2,21,15,14.5,48.6,8,3.8,5.26,9.1,27.9,0,954.3,40,1.6,2.8,339,760,77,59,59,599,620,239,16,25,97
TAE,2023,2,21,16,13.4,53.9,8.2,4.3,5.39,8.8,27.1,0,953.9,67,0.9,2.6,186,590,60,39,40,366,560,257,25,25,97
TAE,2023,2,21,17,8.5,73.4,8.1,4,5.33,6.3,21.9,0,953.8,153,0.5,1.3,29,118,16,10,10,60,121,256,25,25,97
TAE,2023,2,21,18,5.1,84,7.4,2.6,4.86,4,17.3,0,954.2,207,1,2.4,0,0,0,0,0,0,0,267,41,25,97
TAE,2023,2,21,19,4,86.4,7,1.9,4.6,3.1,15.5,0,954.1,207,0.9,2,0,0,0,0,0,0,0,289,55,25,97
TAE,2023,2,21,20,3,85.2,6.4,0.8,4.2,2.1,13.5,0,953.8,166,0.9,1.7,0,0,0,0,0,0,0,284,23,25,97
TAE,2023,2,21,21,2.4,83.3,6,-0.1,3.94,1.4,12.3,0,953.9,164,0.8,1.5,0,0,0,0,0,0,0,278,29,25,97
TAE,2023,2,21,22,1,87.7,5.8,-0.8,3.81,0.3,10.5,0,953.7,188,0.7,1.2,0,0,0,0,0,0,0,292,71,25,97
TAE,2023,2,21,23,1.2,88.1,5.9,-0.5,3.87,0.5,10.9,0,953.4,153,0.5,1.1,0,0,0,0,0,0,0,273,38,25,97
TAE,2023,2,22,0,0.9,88.3,5.8,-0.8,3.81,0.2,10.4,0,953.3,153,0.7,1.2,0,0,0,0,0,0,0,271,46,25,97
TAE,2023,2,22,1,0.7,88.8,5.7,-0.9,3.74,0.1,10,0,953.1,153,0.7,1.3,0,0,0,0,0,0,0,265,29,24,97
TAE,2023,2,22,2,0.3,90,5.6,-1.1,3.68,-0.2,9.5,0,952.8,143,0.5,1.3,0,0,0,0,0,0,0,262,23,24,97
TAE,2023,2,22,3,0,91.7,5.6,-1.2,3.68,-0.5,9.2,0,952.4,153,0.6,1.4,0,0,0,0,0,0,0,264,16,24,97
TAE,2023,2,22,4,-0.2,92.8,5.6,-1.2,3.68,-0.6,9,0,952.2,180,0.4,1.1,0,0,0,0,0,0,0,268,38,24,97
TAE,2023,2,22,5,-0.7,92.8,5.4,-1.7,3.55,-1.1,8.1,0,952.2,180,0.5,1.1,0,0,0,0,0,0,0,263,25,24,97
TAE,2023,2,22,6,-0.3,93,5.5,-1.3,3.61,-0.7,8.7,0,952,153,0.4,1.1,0,0,0,0,0,0,0,273,60,24,97
TAE,2023,2,22,7,0.4,91.2,5.7,-0.9,3.75,-0.1,9.7,0,952.2,146,0.3,1.2,11,5,10,6,11,8,6,292,100,24,97
TAE,2023,2,22,8,1.6,89.4,6.1,0,4.01,0.9,11.6,0,952.2,153,0.3,0.8,108,140,81,49,177,123,47,298,88,24,97
TAE,2023,2,22,9,4.5,82,6.9,1.7,4.54,3.3,15.9,0,952.2,153,0.2,1,270,426,119,75,395,386,74,298,65,24,97
TAE,2023,2,22,10,7.4,69.5,7.2,2.2,4.74,5,19.3,0,951.9,16,0.8,1.8,452,861,76,69,557,762,71,276,36,24,97
TAE,2023,2,22,11,10.4,60.2,7.6,3,5.01,6.8,23.1,0,951.6,292,2,6.1,483,665,150,100,364,710,101,284,48,24,97
TAE,2023,2,22,12,12.5,53.4,7.8,3.3,5.14,8,25.5,0,951.2,256,3.1,8.1,560,883,91,84,152,895,138,300,50,24,97
TAE,2023,2,22,13,13.2,53.2,8,3.9,5.28,8.5,26.6,0,950.8,277,2.6,5.5,529,831,104,84,85,838,354,301,39,24,97
TAE,2023,2,22,14,13.3,50.7,7.7,3.3,5.08,8.3,26.2,0,950.7,263,2.7,5.8,450,781,96,76,77,726,495,306,54,24,97
TAE,2023,2,22,15,13.1,51.4,7.7,3.3,5.08,8.2,26,0,950.7,253,2.9,5.9,267,379,142,85,84,356,387,314,71,24,97
TAE,2023,2,22,16,12.4,55,7.9,3.6,5.21,8,25.6,0,950.8,253,2.5,5.8,153,311,80,48,48,230,323,310,71,24,97
TAE,2023,2,22,17,11.1,61.8,8.2,4.1,5.41,7.6,24.8,0,951.1,256,1.8,5,26,81,17,11,11,44,87,311,88,24,97
TAE,2023,2,22,18,9.6,69.2,8.3,4.2,5.47,6.9,23.4,0,951.5,252,0.7,2.4,0,0,0,0,0,0,0,320,100,24,97
TAE,2023,2,22,19,8.2,77,8.4,4.4,5.54,6.3,22.2,0,951.5,248,0.5,2.4,0,0,0,0,0,0,0,328,100,24,97
TAE,2023,2,22,20,7.5,82.7,8.5,4.8,5.61,6.2,21.6,0,951.4,233,0.6,1.4,0,0,0,0,0,0,0,327,100,24,97
TAE,2023,2,22,21,8.6,77.7,8.7,4.9,5.74,6.8,23.1,0,951.6,243,0.5,2.2,0,0,0,0,0,0,0,326,100,24,97
TAE,2023,2,22,22,9.1,75.9,8.8,5.1,5.81,7.1,23.8,0,951.6,243,0.7,2.8,0,0,0,0,0,0,0,325,100,24,97
TAE,2023,2,22,23,8.6,80.3,9,5.4,5.94,7,23.6,0,951.5,239,0.6,1.6,0,0,0,0,0,0,0,325,100,24,97
TAE,2023,2,23,0,7.5,87.1,9,5.5,5.94,6.5,22.5,0,951.4,270,0.4,2.8,0,0,0,0,0,0,0,324,100,24,97
TAE,2023,2,23,1,8.2,85.7,9.3,6,6.14,7.1,23.7,0.1,951.2,232,1.3,4.3,0,0,0,0,0,0,0,323,100,26,97
TAE,2023,2,23,2,8.1,87.4,9.5,6.1,6.28,7.1,23.9,0.2,951,215,2.1,4.9,0,0,0,0,0,0,0,322,100,26,97
TAE,2023,2,23,3,7.6,90.5,9.4,6.1,6.21,6.8,23.2,0,950.8,297,0.4,1.9,0,0,0,0,0,0,0,321,100,26,97
TAE,2023,2,23,4,7.2,93.9,9.6,6.3,6.34,6.7,23.2,0.7,950.8,326,0.4,1,0,0,0,0,0,0,0,320,100,26,97
TAE,2023,2,23,5,6.7,96.2,9.4,6.1,6.21,6.4,22.3,0.1,950.9,180,0.4,1.2,0,0,0,0,0,0,0,315,88,26,97
TAE,2023,2,23,6,6.3,97.3,9.3,5.9,6.14,6.1,21.8,0,950.8,180,0.2,0.7,0,0,0,0,0,0,0,306,71,26,97
TAE,2023,2,23,7,6.2,97.7,9.3,5.9,6.14,6.1,21.6,0,951.1,180,0.2,0.6,2,0,2,1,1,1,1,311,88,26,97
TAE,2023,2,23,8,6.9,96.1,9.6,6.3,6.34,6.6,22.9,0,951.3,180,0.2,0.6,17,0,17,10,10,10,10,323,100,26,97
TAE,2023,2,23,9,7.7,94,9.9,6.8,6.54,7.2,24.2,0,951.4,72,0.4,1,223,270,129,78,292,276,77,317,78,26,97
TAE,2023,2,23,10,8.8,90.4,10.2,7.3,6.74,8,25.8,0,951.6,37,0.5,1.3,176,25,166,102,119,118,99,326,94,26,97
TAE,2023,2,23,11,9.7,84.1,10.1,7.1,6.67,8.3,26.6,0,951.3,53,0.6,1.6,282,166,195,117,181,281,114,325,84,26,97
TAE,2023,2,23,12,10.9,75.3,9.8,6.7,6.48,8.7,27.3,0,950.6,34,0.8,2.8,159,14,152,93,97,103,91,324,48,26,97
TAE,2023,2,23,13,11.7,70.8,9.8,6.6,6.48,9,28.1,0,950.3,347,1.3,3.7,259,204,154,98,98,283,173,335,50,26,97
TAE,2023,2,23,14,12.1,64.8,9.1,5.7,6.02,8.8,27.3,0,950.1,331,1.1,2.5,387,488,169,106,106,523,405,320,40,26,97
TAE,2023,2,23,15,12.2,64.1,9.1,5.6,6.02,8.8,27.4,0,949.9,117,0.9,1.9,333,669,101,68,69,544,580,305,43,26,97
TAE,2023,2,23,16,11.9,67.2,9.3,6,6.15,8.8,27.5,0,949.8,172,0.8,1.3,180,525,70,45,45,325,516,294,41,26,97
TAE,2023,2,23,17,9.3,78.7,9.2,5.8,6.08,7.5,24.7,0,949.8,180,0.5,1.2,38,175,20,12,12,82,179,266,0,26,97
TAE,2023,2,23,18,6,90,8.4,4.5,5.55,5.3,20,0,950.2,225,0.7,2.1,0,0,0,0,0,0,0,280,13,26,97
TAE,2023,2,23,19,4.5,93.5,7.9,3.5,5.21,4,17.6,0,950.4,225,0.6,2,0,0,0,0,0,0,0,295,13,26,97
TAE,2023,2,23,20,4.3,94.8,7.9,3.5,5.21,3.9,17.4,0,950.4,198,0.7,1.6,0,0,0,0,0,0,0,300,43,26,97
TAE,2023,2,23,21,4.3,95.5,7.9,3.6,5.21,4,17.4,0,950.5,146,0.3,1.2,0,0,0,0,0,0,0,294,41,26,97
TAE,2023,2,23,22,3.5,96.2,7.6,3,5.01,3.3,16.1,0,950.4,207,0.6,2.6,0,0,0,0,0,0,0,288,40,26,97
TAE,2023,2,23,23,2.9,97.1,7.3,2.5,4.82,2.7,15,0,949.9,198,0.4,1.3,0,0,0,0,0,0,0,286,0,26,97
TAE,2023,2,24,0,2,97.9,6.9,1.7,4.55,1.9,13.4,0,949.5,198,0.4,1,0,0,0,0,0,0,0,280,0,26,97
TAE,2023,2,24,1,1.8,98.6,6.9,1.6,4.56,1.7,13.2,0,949.1,158,0.5,1.2,0,0,0,0,0,0,0,267,0,25,97
TAE,2023,2,24,2,1.2,99.5,6.7,1.1,4.42,1.2,12.3,0,948.8,158,0.5,1.2,0,0,0,0,0,0,0,267,0,25,97
TAE,2023,2,24,3,1.2,99.7,6.6,1.2,4.36,1.2,12.1,0,948.6,158,0.5,1.1,0,0,0,0,0,0,0,277,28,25,97
TAE,2023,2,24,4,1.7,98.2,6.8,1.4,4.49,1.6,12.9,0,948.2,149,0.5,1.4,0,0,0,0,0,0,0,305,100,25,97
TAE,2023,2,24,5,1.6,97.6,6.7,1.3,4.43,1.5,12.7,0,948,117,0.3,1.2,0,0,0,0,0,0,0,303,94,25,97
TAE,2023,2,24,6,1.6,98.6,6.8,1.4,4.5,1.5,12.8,0,947.6,135,0.3,0.9,0,0,0,0,0,0,0,291,64,25,97
TAE,2023,2,24,7,2.1,99.4,7.1,2,4.7,2.1,13.9,0,947.4,153,0.3,1,15,41,10,6,46,22,6,302,94,25,97
TAE,2023,2,24,8,3.2,96.6,7.4,2.7,4.9,3,15.5,0,947,360,0.2,0.8,162,470,65,42,466,287,42,292,53,25,97
TAE,2023,2,24,9,5.7,92.5,8.5,4.6,5.64,5.2,19.9,0,946.4,329,0.7,2.1,334,788,67,56,655,586,58,284,26,25,97
TAE,2023,2,24,10,8.1,83.5,9,5.5,5.98,6.8,23.2,0,945.9,22,0.6,2,437,732,111,82,514,681,84,299,48,25,97
TAE,2023,2,24,11,11.3,71.2,9.5,6.3,6.32,8.7,27.3,0,945.1,30,1,3.2,550,922,75,82,388,887,85,271,19,25,97
TAE,2023,2,24,12,12.4,64.3,9.2,5.9,6.12,9,27.9,0,944.1,328,2.3,5.6,577,927,75,85,152,921,138,276,19,25,97
TAE,2023,2,24,13,14.2,52.4,8.5,4.6,5.66,9.3,28.6,0,943.2,270,2.3,6.4,548,869,94,87,88,863,359,284,39,25,97
TAE,2023,2,24,14,13.2,61.5,9.3,6,6.2,9.4,28.9,0,942.5,321,2.8,5.5,333,243,221,131,130,351,286,324,81,25,97
TAE,2023,2,24,15,13.3,54.8,8.3,4.4,5.53,8.8,27.3,0,942,294,2.1,5.5,125,15,119,74,73,82,83,332,100,25,97
TAE,2023,2,24,16,12.8,53.7,7.9,3.7,5.26,8.3,26.1,0,941.7,270,2.7,6,86,18,82,51,50,58,65,330,100,25,97
TAE,2023,2,24,17,11.5,59.1,8,3.8,5.33,7.7,25,0,941.8,285,3,12.3,12,7,12,8,8,10,14,315,74,25,97
TAE,2023,2,24,18,10,66.2,8.1,4,5.4,7.1,23.6,0,941.6,262,1.5,4.7,0,0,0,0,0,0,0,306,58,25,97
TAE,2023,2,24,19,10,69.6,8.5,4.7,5.67,7.4,24.3,0,941.6,243,1.7,4.2,0,0,0,0,0,0,0,326,100,25,97
TAE,2023,2,24,20,9.1,79.5,9.2,5.7,6.14,7.4,24.6,0.9,941.5,230,1.8,6,0,0,0,0,0,0,0,325,100,25,97
TAE,2023,2,24,21,8.4,86.5,9.5,6.3,6.34,7.3,24.4,0.8,941.4,222,2.9,8.5,0,0,0,0,0,0,0,324,100,25,97
TAE,2023,2,24,22,8.3,86.9,9.5,6.2,6.34,7.2,24.3,0,941.6,225,2.3,6.2,0,0,0,0,0,0,0,318,88,25,97
TAE,2023,2,24,23,8.1,88.1,9.6,6.3,6.41,7.2,24.2,0.7,941.7,255,3.1,7.9,0,0,0,0,0,0,0,322,100,25,97
TAE,2023,2,25,0,7,88.6,8.9,5.2,5.93,6.1,21.9,2.1,942.7,284,4.2,11.4,0,0,0,0,0,0,0,321,100,25,97
TAE,2023,2,25,1,4.3,91,7.6,3,5.05,3.7,17,2,942.8,293,1.2,6.9,0,0,0,0,0,0,0,318,100,25,97
TAE,2023,2,25,2,4.3,91.1,7.6,3,5.05,3.7,17,1.8,943.2,292,1.2,4,0,0,0,0,0,0,0,315,100,25,97
TAE,2023,2,25,3,3.8,91,7.3,2.5,4.85,3.2,16,1.3,943.4,286,0.9,3,0,0,0,0,0,0,0,312,100,25,97
TAE,2023,2,25,4,3.6,90.7,7.2,2.2,4.78,3,15.6,0.8,943.9,230,0.8,1.8,0,0,0,0,0,0,0,308,100,25,97
TAE,2023,2,25,5,3.4,94.3,7.3,2.6,4.85,3,15.6,0.2,944,158,0.6,1.4,0,0,0,0,0,0,0,303,100,25,97
TAE,2023,2,25,6,3.3,93.4,7.2,2.3,4.78,2.9,15.3,0,944.1,194,0.5,1.4,0,0,0,0,0,0,0,297,100,25,97
TAE,2023,2,25,7,3,94.2,7.1,2.2,4.71,2.6,14.8,0,944.5,158,0.6,1.6,2,0,2,1,1,1,1,294,100,25,97
TAE,2023,2,25,8,3.1,92.8,7.1,2.1,4.71,2.7,14.9,0,944.6,135,0.4,1.2,114,105,92,56,153,111,54,294,100,25,97
TAE,2023,2,25,9,3.4,90.7,7.1,2,4.71,2.8,15.2,0,944.3,45,0.4,1.2,23,0,23,14,14,13,13,294,100,25,97
TAE,2023,2,25,10,3.3,84.3,6.5,0.9,4.31,2.3,14.1,0,944.3,18,1.2,3.1,23,0,23,15,14,14,14,295,100,25,97
TAE,2023,2,25,11,3.3,82.7,6.4,0.6,4.24,2.2,13.9,0,944.2,31,0.7,3.4,28,0,28,17,17,16,17,296,100,25,97
TAE,2023,2,25,12,3,81.1,6.1,0.1,4.05,1.8,13.1,0,943.8,360,2.3,4.7,29,0,29,18,18,17,18,297,100,25,97
TAE,2023,2,25,13,2.5,81.9,6,-0.3,3.98,1.4,12.5,0,943.9,323,0.8,3.7,28,0,28,17,17,17,17,296,100,25,97
TAE,2023,2,25,14,3,76.3,5.8,-0.8,3.85,1.5,12.6,0,944,315,0.8,3,24,0,24,15,15,14,15,291,100,25,97
TAE,2023,2,25,15,3.2,68.6,5.3,-2,3.51,1.1,12,0,944.2,353,1.1,4,18,0,18,11,11,11,11,285,100,25,97
TAE,2023,2,25,16,3.3,67.4,5.2,-2.2,3.44,1.1,11.9,0,944.3,270,0.6,1.6,15,0,15,9,9,9,9,280,100,25,97
TAE,2023,2,25,17,3.2,62.6,4.8,-3.2,3.18,0.7,11.2,0,944.7,330,1,2.2,2,0,2,2,2,1,1,274,100,25,97
TAE,2023,2,25,18,2.8,63.9,4.8,-3.3,3.17,0.5,10.8,0,945.2,333,0.4,2,0,0,0,0,0,0,0,268,100,25,97
TAE,2023,2,25,19,2.1,73.7,5.2,-2.1,3.44,0.5,10.7,0,945.3,225,0.6,1.9,0,0,0,0,0,0,0,264,100,25,97
TAE,2023,2,25,20,1.7,75.8,5.3,-2.1,3.51,0.2,10.5,0,945.2,225,0.8,1.7,0,0,0,0,0,0,0,262,100,25,97
TAE,2023,2,25,21,0.2,82.6,5.1,-2.4,3.37,-0.8,8.6,0,945.6,243,1.1,2.3,0,0,0,0,0,0,0,260,94,25,97
TAE,2023,2,25,22,0.3,78.1,4.9,-3.1,3.24,-1,8.4,0,945.8,250,1.2,2.1,0,0,0,0,0,0,0,258,100,25,97
TAE,2023,2,25,23,0.8,74.9,4.9,-3.1,3.24,-0.7,8.9,0,946.2,19,2.4,7.5,0,0,0,0,0,0,0,256,100,25,97
TAE,2023,2,26,0,0.2,81.6,5.1,-2.6,3.37,-0.8,8.6,0,946.5,35,2,4.9,0,0,0,0,0,0,0,254,100,25,97
TAE,2023,2,26,1,-0.8,87.9,5.1,-2.5,3.37,-1.4,7.6,0.1,946.8,87,1.9,5.4,0,0,0,0,0,0,0,251,100,26,97
TAE,2023,2,26,2,-1.3,90,5,-2.7,3.3,-1.8,6.9,0.1,946.4,117,1,2.7,0,0,0,0,0,0,0,247,100,26,97
TAE,2023,2,26,3,-1.1,86,4.9,-3.1,3.24,-1.8,7,0,946.5,67,1.7,4.5,0,0,0,0,0,0,0,243,100,26,97
TAE,2023,2,26,4,-1.4,80.4,4.4,-4.3,2.9,-2.4,5.8,0.1,946.8,38,2.5,5.4,0,0,0,0,0,0,0,239,100,26,97
TAE,2023,2,26,5,-1.9,80.8,4.3,-4.8,2.84,-2.9,5.1,0.2,947,49,3.2,9.1,0,0,0,0,0,0,0,235,100,26,97
TAE,2023,2,26,6,-2.2,80.1,4.2,-5.2,2.77,-3.2,4.7,0.1,947.5,55,3.2,9.8,0,0,0,0,0,0,0,230,100,26,97
TAE,2023,2,26,7,-2.7,79.4,4,-5.8,2.64,-3.7,3.8,0,948.1,49,3,7.4,21,80,16,10,88,36,9,228,94,26,97
TAE,2023,2,26,8,-2.5,73.4,3.7,-6.6,2.44,-3.8,3.5,0,948.6,58,4.4,11,93,58,78,47,100,81,46,228,100,26,97
TAE,2023,2,26,9,-2.5,71.4,3.6,-7,2.37,-3.9,3.4,0,948.7,57,5.4,12.1,125,33,114,70,97,90,68,228,100,26,97
TAE,2023,2,26,10,-2.5,69.5,3.6,-7.3,2.37,-4,3.4,0,949.1,52,5,11,91,1,91,56,56,54,54,228,100,26,97
TAE,2023,2,26,11,-2.1,66.6,3.5,-7.5,2.3,-3.8,3.6,0,949.1,46,4.9,10.2,35,0,35,22,22,21,21,228,100,26,97
TAE,2023,2,26,12,-1.4,62.3,3.4,-7.7,2.24,-3.4,4.2,0,949,48,5.6,12.2,62,0,62,38,38,36,37,228,100,26,97
TAE,2023,2,26,13,-1.3,62.1,3.5,-7.6,2.3,-3.3,4.4,0,949.1,54,6.1,13.8,45,0,45,28,27,26,27,229,100,26,97
TAE,2023,2,26,14,-0.9,62.2,3.6,-7.2,2.37,-2.9,5,0,949.1,62,6.2,15.1,60,0,60,37,37,35,36,230,100,26,97
TAE,2023,2,26,15,-0.7,57.7,3.4,-8,2.24,-3,4.9,0,949.2,63,6.6,14.4,201,190,136,81,80,216,240,232,88,26,97
TAE,2023,2,26,16,-0.4,61.3,3.7,-6.9,2.43,-2.5,5.7,0,949.8,62,5.8,17.1,133,143,96,58,57,142,188,232,88,26,97
TAE,2023,2,26,17,-0.9,70.1,4,-5.7,2.63,-2.5,5.6,0,950.4,54,5.8,13.3,33,40,28,18,17,32,55,233,100,26,97
TAE,2023,2,26,18,-1.2,74.8,4.2,-5.1,2.76,-2.5,5.7,0,950.8,57,5.6,12.5,0,0,0,0,0,0,0,235,100,26,97
TAE,2023,2,26,19,-1,72.2,4.1,-5.4,2.69,-2.5,5.7,0,951.2,55,5.3,12.9,0,0,0,0,0,0,0,237,100,26,97
TAE,2023,2,26,20,-1.3,71.8,4,-5.7,2.63,-2.8,5.2,0,951.7,53,5.9,13.6,0,0,0,0,0,0,0,238,100,26,97
TAE,2023,2,26,21,-1.5,74.2,4.1,-5.5,2.69,-2.8,5.2,0,952,54,5.9,13,0,0,0,0,0,0,0,239,100,26,97
TAE,2023,2,26,22,-1.6,73.8,4,-5.7,2.62,-3,4.9,0,952,58,5.1,12.7,0,0,0,0,0,0,0,241,100,26,97
TAE,2023,2,26,23,-1.5,71.3,3.9,-6,2.56,-3,4.9,0,952,61,5.6,11.6,0,0,0,0,0,0,0,242,100,26,97
TAE,2023,2,27,0,-1.4,69.6,3.9,-6.2,2.56,-3,5,0,952.1,63,5.9,14.3,0,0,0,0,0,0,0,243,100,26,97
TAE,2023,2,27,1,-1.4,70.6,3.9,-6,2.56,-2.9,5,0,951.9,63,5.7,12.7,0,0,0,0,0,0,0,244,100,26,97
TAE,2023,2,27,2,-1.5,71.6,3.9,-6,2.56,-3,4.9,0,951.8,63,5.6,11.6,0,0,0,0,0,0,0,244,100,26,97
TAE,2023,2,27,3,-1.5,71.3,3.9,-6,2.56,-3,4.9,0,951.7,63,5.9,12.6,0,0,0,0,0,0,0,244,100,26,97
TAE,2023,2,27,4,-1.4,69.1,3.8,-6.3,2.49,-3,4.8,0,951.9,62,5.7,12,0,0,0,0,0,0,0,244,100,26,97
TAE,2023,2,27,5,-1.3,67.4,3.7,-6.6,2.43,-3,4.7,0,952,64,5.7,12.5,0,0,0,0,0,0,0,244,100,26,97
TAE,2023,2,27,6,-1.4,68,3.7,-6.5,2.43,-3.1,4.6,0,952.2,62,5.8,12.5,0,0,0,0,0,0,0,244,100,26,97
TAE,2023,2,27,7,-1.6,68.3,3.7,-6.7,2.43,-3.3,4.4,0,952.6,60,5.1,11,6,0,6,3,3,3,3,245,100,26,97
TAE,2023,2,27,8,-1.3,68.1,3.8,-6.4,2.49,-3,4.9,0,953.1,61,5.1,11.7,80,18,76,47,63,54,46,248,100,26,97
TAE,2023,2,27,9,-0.9,66,3.8,-6.4,2.49,-2.7,5.3,0,953.6,59,5.6,12.6,90,1,90,56,56,53,54,251,100,26,97
TAE,2023,2,27,10,-0.8,67.2,3.9,-6.1,2.55,-2.6,5.5,0,954.3,61,5.3,11.9,91,0,91,56,56,53,54,254,100,26,97
TAE,2023,2,27,11,-0.6,66.3,3.9,-6.1,2.55,-2.4,5.7,0,955,57,5.3,12.2,77,0,77,48,47,45,46,257,100,26,97
TAE,2023,2,27,12,-0.4,66,3.9,-6,2.55,-2.3,5.9,0,955.2,59,5,12.7,69,0,69,42,42,40,41,260,100,26,97
TAE,2023,2,27,13,-0.7,71.8,4.2,-5.1,2.75,-2.2,6.1,0,955.3,58,4.9,10.6,79,0,79,49,48,46,47,262,100,26,97
TAE,2023,2,27,14,-1.3,86.2,4.8,-3.3,3.14,-2,6.5,0.1,955.5,53,3.7,8.9,63,0,63,39,39,37,38,261,100,26,97
TAE,2023,2,27,15,-1.4,88,4.9,-3.1,3.21,-2,6.6,0.2,955.7,44,3.2,9.2,24,0,24,15,15,14,15,261,100,26,97
TAE,2023,2,27,16,-1.3,83.4,4.6,-3.7,3.01,-2.2,6.2,0,956,55,3.3,8.4,50,14,48,29,29,35,42,260,100,26,97
TAE,2023,2,27,17,-1.3,78,4.3,-4.6,2.81,-2.4,5.7,0,956.6,47,3.4,8,5,0,5,3,3,3,3,259,100,26,97
TAE,2023,2,27,18,-1.7,78.6,4.3,-4.9,2.81,-2.8,5.3,0,957.3,49,3.7,8.3,0,0,0,0,0,0,0,258,100,26,97
TAE,2023,2,27,19,-1.8,77.1,4.1,-5.3,2.67,-3,4.8,0,957.6,56,3.8,8.4,0,0,0,0,0,0,0,258,100,26,97
TAE,2023,2,27,20,-2,77.5,4.1,-5.4,2.67,-3.1,4.6,0,957.6,52,3,8.6,0,0,0,0,0,0,0,258,100,26,97
TAE,2023,2,27,21,-2,75.5,4,-5.7,2.61,-3.2,4.5,0,957.2,63,4.3,11.4,0,0,0,0,0,0,0,258,100,26,97
TAE,2023,2,27,22,-2,76.4,4,-5.6,2.61,-3.2,4.5,0,956.9,62,3.7,8.8,0,0,0,0,0,0,0,258,100,26,97
TAE,2023,2,27,23,-2,75.8,4,-5.7,2.61,-3.2,4.5,0,956.8,64,3.3,7,0,0,0,0,0,0,0,258,100,26,97
TAE,2023,2,28,0,-2,76.4,4,-5.6,2.61,-3.2,4.5,0,956.7,62,2.5,5.5,0,0,0,0,0,0,0,258,100,26,97
TAE,2023,2,28,1,-2,77,4.1,-5.5,2.68,-3.2,4.6,0,956.6,59,2.1,5,0,0,0,0,0,0,0,258,100,26,97
TAE,2023,2,28,2,-2.1,76.9,4,-5.6,2.61,-3.3,4.4,0,956.5,65,2.1,5,0,0,0,0,0,0,0,257,100,26,97
TAE,2023,2,28,3,-2.1,78,4.1,-5.4,2.68,-3.2,4.5,0,956.3,52,1.7,4.5,0,0,0,0,0,0,0,256,100,26,97
TAE,2023,2,28,4,-2.2,77.8,4,-5.5,2.61,-3.3,4.3,0,956.3,56,1.8,4.6,0,0,0,0,0,0,0,254,100,26,97
TAE,2023,2,28,5,-2.2,76.9,4,-5.7,2.61,-3.4,4.3,0,956.6,62,2,5.5,0,0,0,0,0,0,0,253,100,26,97
TAE,2023,2,28,6,-2.3,77.3,4,-5.7,2.61,-3.4,4.2,0,956.9,68,1.8,4.2,0,0,0,0,0,0,0,251,94,26,97
TAE,2023,2,28,7,-2.3,76.7,4,-5.8,2.61,-3.5,4.2,0,957.4,65,2.1,4.8,16,8,15,9,17,11,9,253,100,26,97
TAE,2023,2,28,8,-2.2,76.4,4,-5.8,2.61,-3.4,4.3,0,957.7,69,2.3,4.7,48,0,48,30,30,28,29,256,100,26,97
TAE,2023,2,28,9,-2,76.3,4,-5.6,2.61,-3.2,4.5,0,957.9,60,2.2,4.5,64,0,64,40,39,38,38,258,100,26,97
TAE,2023,2,28,10,-1.7,75.7,4.1,-5.4,2.67,-2.9,4.9,0,958.2,47,2.6,5.5,32,0,32,20,20,19,19,261,100,26,97
TAE,2023,2,28,11,-1.5,74.2,4.1,-5.5,2.67,-2.8,5.1,0,958.6,48,2.5,5.4,33,0,33,20,20,19,20,264,100,26,97
TAE,2023,2,28,12,-1.3,73.7,4.1,-5.4,2.67,-2.7,5.3,0,958.5,46,2.9,6,35,0,35,22,22,21,21,267,100,26,97
TAE,2023,2,28,13,-0.9,72.7,4.2,-5.2,2.74,-2.4,5.9,0,958.4,46,3,6.8,32,0,32,20,19,19,19,270,100,26,97
TAE,2023,2,28,14,-0.8,72.6,4.2,-5.1,2.74,-2.3,6,0,958.5,46,3.2,7,34,0,34,21,21,20,20,268,100,26,97
TAE,2023,2,28,15,-0.6,71.8,4.2,-5.1,2.74,-2.2,6.2,0,958.7,55,2.9,5.9,21,0,21,13,13,12,13,266,100,26,97
TAE,2023,2,28,16,-0.5,72.1,4.2,-4.9,2.76,-2.1,6.4,0,958.9,67,2.8,6,17,0,17,11,11,10,10,265,100,26,97
TAE,2023,2,28,17,-0.5,72.7,4.3,-4.8,2.78,-2,6.4,0,959.1,60,2.8,5.8,4,0,4,2,2,2,2,264,100,26,97
TAE,2023,2,28,18,-0.9,74.9,4.3,-4.8,2.8,-2.2,6.1,0,959.1,78,2.5,7.7,0,0,0,0,0,0,0,263,100,26,97
TAE,2023,2,28,19,-1.2,77.1,4.3,-4.7,2.82,-2.4,5.8,0,959,65,1.9,5.4,0,0,0,0,0,0,0,262,88,26,97
TAE,2023,2,28,20,-1.1,78,4.4,-4.6,2.86,-2.3,6,0,958.4,60,1.5,3.5,0,0,0,0,0,0,0,261,100,26,97
TAE,2023,2,28,21,-0.7,77.4,4.5,-4.2,2.94,-2,6.7,0,957.2,45,1,2,0,0,0,0,0,0,0,259,100,26,97
TAE,2023,2,28,22,-0.2,77.1,4.6,-3.9,3.03,-1.6,7.3,0,955.9,37,0.5,1.3,0,0,0,0,0,0,0,258,100,26,97
TAE,2023,2,28,23,0.5,76,4.8,-3.4,3.15,-1,8.4,0,954.2,31,0.6,1.1,0,0,0,0,0,0,0,257,100,26,97
TAE,2002,3,1,0,1.2,75.5,5,-2.8,3.29,-0.4,9.4,0,952.5,210,2.2,5.9,0,0,0,0,0,0,0,264,80,22,97
TAE,2002,3,1,1,1.9,75,5.2,-2.3,3.43,0.2,10.5,0,950.8,250,1.5,3.2,0,0,0,0,0,0,0,271,60,22,97
TAE,2002,3,1,2,2.2,76.1,5.4,-1.7,3.56,0.6,11.1,0,949.7,246,1.8,2.9,0,0,0,0,0,0,0,287,100,22,97
TAE,2002,3,1,3,2.5,77,5.6,-1.2,3.7,1,11.8,0,948.7,217,0.6,2.8,0,0,0,0,0,0,0,289,100,22,97
TAE,2002,3,1,4,2.3,80.2,5.8,-0.8,3.81,1,11.8,0,948.2,124,0.7,3.6,0,0,0,0,0,0,0,291,100,22,97
TAE,2002,3,1,5,2.2,82.2,5.9,-0.5,3.9,1.1,12,0,948.4,135,0.9,2.6,0,0,0,0,0,0,0,283,75,22,97
TAE,2002,3,1,6,2.3,83.3,6,-0.2,3.99,1.3,12.3,0,948.5,225,0.4,1.8,42,170,23,13,178,74,13,273,45,22,97
TAE,2002,3,1,7,3.1,80.9,6.2,0.1,4.09,1.9,13.4,0,948.6,120,0.8,2.5,168,338,96,56,372,221,55,287,75,22,97
TAE,2002,3,1,8,4,78.8,6.4,0.7,4.22,2.6,14.6,0,948.8,45,0.3,1.6,258,265,165,95,319,277,93,297,88,22,97
TAE,2002,3,1,9,5.9,70.3,6.5,0.9,4.29,3.7,16.7,0,948.5,49,1.2,3.1,429,500,189,105,427,540,105,302,88,22,97
TAE,2002,3,1,10,7.3,58.8,6,-0.2,3.96,4,17.3,0,948.3,27,2.3,4.1,480,458,230,128,332,570,127,308,88,22,97
TAE,2002,3,1,11,8.2,60.7,6.6,1.1,4.36,5,19.2,0,947.7,30,2,3.7,383,158,293,169,198,328,181,319,100,22,97
TAE,2002,3,1,12,8.5,60.5,6.7,1.3,4.43,5.2,19.7,0,947,29,2.1,3.8,120,0,120,72,71,68,70,322,100,22,97
TAE,2002,3,1,13,8.3,60.5,6.6,1.1,4.37,5,19.3,0,946.7,43,2,3.9,48,0,48,29,29,27,28,322,100,22,97
TAE,2002,3,1,14,7.9,64.7,6.9,1.7,4.57,5.1,19.4,0,946.4,47,2.2,4.2,28,0,28,17,17,16,16,321,100,22,97
TAE,2002,3,1,15,7.4,63.9,6.6,1,4.37,4.5,18.4,0,946.2,55,2.1,4.1,14,0,14,9,8,8,8,321,100,22,97
TAE,2002,3,1,16,6.9,66.4,6.6,1.1,4.37,4.3,17.9,0,946.2,49,0.9,3,3,0,3,2,2,2,2,320,100,22,97
TAE,2002,3,1,17,6.2,73.7,7,1.9,4.64,4.3,17.9,0.1,946.3,28,1.5,3.8,0,0,0,0,0,0,0,320,100,22,97
TAE,2002,3,1,18,5.4,81.5,7.3,2.5,4.84,4.1,17.6,0.5,946.4,34,0.7,2.7,0,0,0,0,0,0,0,320,100,22,97
TAE,2002,3,1,19,4.7,89.7,7.7,3.2,5.1,4,17.5,0.5,946.4,63,0.2,1.7,0,0,0,0,0,0,0,320,100,22,97
TAE,2002,3,1,20,4.6,93.5,7.9,3.6,5.23,4.1,17.7,0.9,946.8,0,0,0.5,0,0,0,0,0,0,0,319,100,22,97
TAE,2002,3,1,21,4.6,93.6,7.9,3.7,5.23,4.2,17.7,1.4,947,63,0.2,1.2,0,0,0,0,0,0,0,319,100,22,97
TAE,2002,3,1,22,4.6,93.4,7.9,3.6,5.23,4.1,17.7,1.2,946.7,79,1,3.5,0,0,0,0,0,0,0,319,100,22,97
TAE,2002,3,1,23,4.5,94,7.9,3.6,5.24,4.1,17.6,1.2,946.4,54,1.3,3.7,0,0,0,0,0,0,0,318,100,22,97
TAE,2002,3,2,0,4.5,93.2,7.8,3.5,5.17,4,17.5,1.1,946,62,1.7,3.6,0,0,0,0,0,0,0,318,100,22,97
TAE,2002,3,2,1,4.4,95,7.9,3.7,5.24,4.1,17.6,1.2,945.7,40,1.6,3.3,0,0,0,0,0,0,0,317,100,22,97
TAE,2002,3,2,2,4.2,93.4,7.7,3.2,5.11,3.7,17,1.6,945.1,52,2.8,4.9,0,0,0,0,0,0,0,316,100,22,97
TAE,2002,3,2,3,3.8,92.8,7.4,2.7,4.91,3.3,16.1,0.5,944.6,62,2.2,5.3,0,0,0,0,0,0,0,315,100,22,97
TAE,2002,3,2,4,3.6,92.7,7.3,2.5,4.84,3.1,15.7,1.7,945,54,1.4,3.5,0,0,0,0,0,0,0,314,100,22,97
TAE,2002,3,2,5,2.4,93.1,6.7,1.4,4.44,2,13.5,2.6,946.3,153,0.7,4,0,0,0,0,0,0,0,313,100,22,97
TAE,2002,3,2,6,1.4,94.9,6.4,0.7,4.23,1.1,12,0.9,946.5,225,0.5,1.9,4,0,4,2,2,2,2,313,100,22,97
TAE,2002,3,2,7,1.7,94.4,6.5,0.9,4.3,1.4,12.4,0.2,947.2,270,0.5,2,14,0,14,9,9,8,8,313,100,22,97
TAE,2002,3,2,8,2.5,92.4,6.7,1.4,4.43,2,13.6,0.2,947.9,262,0.7,3.2,28,0,28,17,17,16,16,312,100,22,97
TAE,2002,3,2,9,2.8,90.4,6.8,1.4,4.49,2.2,14.1,0.3,948,228,1.5,3.7,52,0,52,32,31,30,30,312,100,22,97
TAE,2002,3,2,10,3.5,89.2,7,1.9,4.63,2.8,15.1,0.1,948.3,231,1.5,5.5,56,0,56,34,34,32,33,312,100,22,97
TAE,2002,3,2,11,4.2,87.8,7.2,2.4,4.76,3.4,16.1,0,948,276,2.1,5.5,58,0,58,35,35,33,34,312,100,22,97
TAE,2002,3,2,12,4.3,88.5,7.4,2.6,4.9,3.5,16.6,0,947.6,319,2.2,5,63,0,63,38,38,36,37,312,100,22,97
TAE,2002,3,2,13,4.3,90.1,7.5,2.8,4.96,3.6,16.7,0,948,317,2.5,4.3,44,0,44,26,26,25,26,312,100,22,97
TAE,2002,3,2,14,4.6,89.4,7.6,3,5.03,3.9,17.2,0,948,279,1.3,3.4,38,0,38,23,23,22,22,311,100,22,97
TAE,2002,3,2,15,4.6,87.9,7.5,2.8,4.96,3.8,17.1,0.3,947.8,254,1.9,4.2,116,52,103,62,61,86,109,311,100,22,97
TAE,2002,3,2,16,4.2,88.1,7.3,2.4,4.83,3.4,16.3,0.1,948.1,264,1.8,3.6,12,0,12,7,7,7,7,310,100,22,97
TAE,2002,3,2,17,4,89.9,7.3,2.5,4.83,3.3,16.1,0,948.3,276,1.1,3.2,0,0,0,0,0,0,0,309,100,22,97
TAE,2002,3,2,18,3.7,92.9,7.4,2.7,4.89,3.3,16,0,948.2,153,0.2,1.1,0,0,0,0,0,0,0,309,100,22,97
TAE,2002,3,2,19,3.6,95.1,7.5,2.9,4.96,3.3,16,0.1,948.1,333,0.3,1.5,0,0,0,0,0,0,0,308,100,22,97
TAE,2002,3,2,20,3.6,95.1,7.5,2.9,4.96,3.3,16,0,948.4,270,0.3,1.4,0,0,0,0,0,0,0,307,100,22,97
TAE,2002,3,2,21,3.7,95.3,7.6,3,5.02,3.4,16.3,0.3,949.1,324,0.9,2.7,0,0,0,0,0,0,0,305,100,22,97
TAE,2002,3,2,22,3.6,95.2,7.5,2.9,4.95,3.3,16,0.2,949.4,360,1.2,2.5,0,0,0,0,0,0,0,304,100,22,97
TAE,2002,3,2,23,3.4,94.8,7.4,2.6,4.88,3,15.6,0.1,949.7,45,0.7,1.6,0,0,0,0,0,0,0,303,100,22,97
TAE,2002,3,3,0,3.2,95.3,7.3,2.5,4.82,2.9,15.3,0,949.5,360,0.3,1.5,0,0,0,0,0,0,0,299,94,22,97
TAE,2002,3,3,1,3.2,94.8,7.3,2.4,4.82,2.8,15.3,0.1,949.5,5,1.2,2.7,0,0,0,0,0,0,0,295,88,22,97
TAE,2002,3,3,2,2.9,94,7.1,2,4.68,2.5,14.6,0,949.8,343,1.1,2.3,0,0,0,0,0,0,0,299,100,22,97
TAE,2002,3,3,3,2.6,92.6,6.8,1.5,4.48,2.1,13.8,0,950.7,48,1.3,3.8,0,0,0,0,0,0,0,300,100,22,97
TAE,2002,3,3,4,2.3,90.3,6.5,0.9,4.28,1.7,13,0,951.3,55,1.6,3.9,0,0,0,0,0,0,0,301,100,22,97
TAE,2002,3,3,5,2.2,90.5,6.5,0.8,4.27,1.6,12.9,0,952.3,23,1.3,3.1,0,0,0,0,0,0,0,300,100,22,97
TAE,2002,3,3,6,2.2,90.8,6.5,0.9,4.27,1.7,12.9,0,953,27,0.7,1.9,31,34,27,16,49,28,16,298,100,22,97
TAE,2002,3,3,7,2.1,89.3,6.4,0.5,4.2,1.4,12.6,0,954,73,1.1,2.5,115,42,104,62,101,81,60,294,100,22,97
TAE,2002,3,3,8,2.1,88.6,6.3,0.4,4.13,1.4,12.4,0,954.6,135,0.5,1.9,106,0,106,64,63,60,61,292,100,22,97
TAE,2002,3,3,9,2.4,85.5,6.2,0.2,4.06,1.5,12.6,0,955.1,108,1,3.4,66,0,66,40,39,38,38,292,100,22,97
TAE,2002,3,3,10,2.5,87.1,6.4,0.6,4.19,1.7,13,0,955.4,45,1.3,3,208,4,205,124,124,120,119,292,100,22,97
TAE,2002,3,3,11,3.1,85.3,6.5,0.9,4.26,2.2,13.8,0,955.5,29,1.8,3.9,229,12,222,133,135,138,129,292,100,22,97
TAE,2002,3,3,12,4,75.4,6.1,0.1,4,2.4,14,0,955.2,34,1.4,3.9,389,226,265,152,150,367,262,279,68,22,97
TAE,2002,3,3,13,4.8,67.6,5.8,-0.7,3.8,2.5,14.3,0,955.5,53,1.2,3.2,229,33,212,126,125,150,143,280,75,22,97
TAE,2002,3,3,14,4.7,60.6,5.2,-2.3,3.4,1.9,13.2,0,955.7,34,0.8,2.6,160,17,154,92,91,99,104,272,58,22,97
TAE,2002,3,3,15,4.8,58.8,5,-2.6,3.27,1.9,13,0,955.7,162,0.7,1.9,197,411,101,58,57,262,445,264,38,22,97
TAE,2002,3,3,16,3.3,79.3,6.1,0.1,3.99,2,13.3,0,956,153,0.7,2,68,197,43,25,25,95,219,270,60,22,97
TAE,2002,3,3,17,2.1,86.2,6.1,0,3.99,1.2,12.1,0,956.4,217,1,2.3,0,0,0,0,0,0,0,261,38,22,97
TAE,2002,3,3,18,1,89.5,5.9,-0.5,3.86,0.4,10.6,0,957,216,0.9,2.7,0,0,0,0,0,0,0,247,0,22,97
TAE,2002,3,3,19,-0.2,92.4,5.6,-1.3,3.66,-0.6,8.9,0,957.2,228,1.2,2.2,0,0,0,0,0,0,0,245,0,22,97
TAE,2002,3,3,20,-0.5,92.7,5.5,-1.5,3.59,-0.9,8.5,0,957.4,229,0.9,2.4,0,0,0,0,0,0,0,243,0,22,97
TAE,2002,3,3,21,-1,93.6,5.3,-1.9,3.46,-1.3,7.6,0,957.5,214,1.1,2.3,0,0,0,0,0,0,0,241,0,22,97
TAE,2002,3,3,22,-1.1,93.5,5.3,-2,3.46,-1.4,7.5,0,957.2,198,0.7,2,0,0,0,0,0,0,0,239,0,22,97
TAE,2002,3,3,23,-1.9,94.4,5,-2.7,3.27,-2.2,6.2,0,957.4,166,0.4,1.1,0,0,0,0,0,0,0,249,40,22,97
TAE,2002,3,4,0,-2.2,95.3,5,-2.8,3.27,-2.4,5.9,0,957.2,146,0.3,1.3,0,0,0,0,0,0,0,242,20,22,97
TAE,2002,3,4,1,-2.6,95.4,4.8,-3.2,3.14,-2.8,5.2,0,956.9,90,0.1,1.2,0,0,0,0,0,0,0,234,0,22,97
TAE,2002,3,4,2,-3.3,95.8,4.6,-3.9,3,-3.5,4.1,0,956.9,146,0.3,1.3,0,0,0,0,0,0,0,234,0,22,97
TAE,2002,3,4,3,-3.2,95.4,4.6,-3.8,3,-3.4,4.2,0,957,90,0.2,1.4,0,0,0,0,0,0,0,233,0,22,97
TAE,2002,3,4,4,-1.8,94.2,5.1,-2.6,3.33,-2.1,6.5,0,957,45,0.2,1.7,0,0,0,0,0,0,0,233,0,22,97
TAE,2002,3,4,5,-0.7,94.2,5.5,-1.5,3.6,-1,8.3,0,956.9,95,1.1,3,0,0,0,0,0,0,0,232,0,22,97
TAE,2002,3,4,6,-1,95.2,5.4,-1.7,3.53,-1.3,7.8,0,956.9,120,1.6,3.7,67,205,40,23,225,96,23,240,25,22,97
TAE,2002,3,4,7,-1.2,95,5.3,-1.9,3.46,-1.5,7.4,0,957.2,111,0.9,2.4,196,359,106,60,398,247,59,250,45,22,97
TAE,2002,3,4,8,-0.8,93.1,5.4,-1.8,3.53,-1.2,8,0,957,77,1.3,3.7,309,335,179,100,381,342,98,257,55,22,97
TAE,2002,3,4,9,0.1,90.5,5.6,-1.3,3.66,-0.4,9.2,0,956.3,114,1.1,2.6,444,488,203,112,432,534,111,259,45,22,97
TAE,2002,3,4,10,1.6,84.8,5.8,-0.7,3.8,0.7,11.1,0,956,127,1.5,4,605,894,101,84,382,860,87,250,0,22,97
TAE,2002,3,4,11,3.7,74.8,6,-0.3,3.93,2,13.6,0,955.4,86,1.5,4.1,630,887,110,88,156,885,159,255,0,22,97
TAE,2002,3,4,12,5.9,61.5,5.7,-0.9,3.74,3,15.3,0,954.7,51,2.6,6.4,597,852,117,87,88,835,389,258,0,22,97
TAE,2002,3,4,13,6.9,55.7,5.6,-1.3,3.67,3.4,16.2,0,953.8,78,2,5.2,515,816,109,78,78,730,556,257,0,22,97
TAE,2002,3,4,14,7.6,54.6,5.7,-1,3.74,3.9,17,0,953.3,148,2.3,5.7,383,721,102,65,65,552,630,256,0,22,97
TAE,2002,3,4,15,8,54.4,5.9,-0.6,3.88,4.3,17.8,0,952.7,144,1.4,3.4,226,591,77,46,46,344,589,255,0,22,97
TAE,2002,3,4,16,8.1,55.8,6,-0.2,3.94,4.5,18.1,0,952.3,70,1.5,4.1,66,207,39,23,23,95,226,261,13,22,97
TAE,2002,3,4,17,4.6,73.5,6.2,0.3,4.08,2.8,14.8,0,952.3,112,0.5,2,0,0,0,0,0,0,0,253,0,22,97
TAE,2002,3,4,18,1.9,84.3,5.9,-0.5,3.88,0.9,11.6,0,952.2,225,0.3,1.8,0,0,0,0,0,0,0,252,0,22,97
TAE,2002,3,4,19,1,87.4,5.7,-0.9,3.75,0.2,10.4,0,952.1,180,0.3,1.9,0,0,0,0,0,0,0,249,0,22,97
TAE,2002,3,4,20,0.5,88.6,5.6,-1.2,3.68,-0.2,9.7,0,952.1,153,0.5,2.2,0,0,0,0,0,0,0,246,0,22,97
TAE,2002,3,4,21,0.1,89.9,5.5,-1.4,3.61,-0.5,9.1,0,951.9,194,0.8,2.4,0,0,0,0,0,0,0,243,0,22,97
TAE,2002,3,4,22,-0.2,90.7,5.5,-1.5,3.62,-0.7,8.8,0,951.4,194,1.3,2.3,0,0,0,0,0,0,0,240,0,22,97
TAE,2002,3,4,23,-0.8,92.2,5.3,-1.9,3.49,-1.2,7.9,0,950.9,164,0.8,2,0,0,0,0,0,0,0,238,0,22,97
TAE,2002,3,5,0,-1.3,94,5.2,-2.1,3.42,-1.6,7.2,0,950.3,162,0.3,1.3,0,0,0,0,0,0,0,244,32,21,97
TAE,2002,3,5,1,-2,95.2,5.1,-2.7,3.36,-2.3,6.3,0,949.4,135,0.3,1.3,0,0,0,0,0,0,0,251,63,21,97
TAE,2002,3,5,2,-2.2,94.9,5,-2.9,3.29,-2.5,6,0,948.9,135,0.1,1.5,0,0,0,0,0,0,0,251,63,21,97
TAE,2002,3,5,3,-2.6,95.9,4.9,-3.2,3.23,-2.8,5.4,0,948.4,180,0.1,1.3,0,0,0,0,0,0,0,245,43,21,97
TAE,2002,3,5,4,-3,95.7,4.7,-3.6,3.1,-3.2,4.7,0,947.5,90,0.1,1,0,0,0,0,0,0,0,254,80,21,97
TAE,2002,3,5,5,-2.8,95.8,4.7,-3.4,3.1,-3,4.9,0,946.9,0,0.3,1.5,0,0,0,0,0,0,0,253,80,21,97
TAE,2002,3,5,6,-2.6,94.4,4.8,-3.4,3.17,-2.9,5.3,0,947.2,180,0.5,1.5,25,4,24,14,18,15,14,259,100,21,97
TAE,2002,3,5,7,-1.5,94.3,5.1,-2.3,3.37,-1.8,6.9,0,947.4,117,0.3,1.6,39,0,39,23,23,22,22,265,100,21,97
TAE,2002,3,5,8,-0.1,92,5.6,-1.2,3.7,-0.5,9.1,0,947.8,90,0.2,1.8,165,15,159,94,105,100,90,278,100,21,97
TAE,2002,3,5,9,1.5,88.9,6,-0.1,3.96,0.8,11.4,0,948.2,225,0.2,2.1,391,302,236,129,324,398,127,288,88,21,97
TAE,2002,3,5,10,4.1,82.4,6.7,1.4,4.43,2.9,15.2,0,948.1,360,0.7,2.4,526,525,226,120,346,623,119,291,68,21,97
TAE,2002,3,5,11,6.5,73,7.1,2,4.69,4.5,18.3,0,948,350,1.7,4.5,447,250,300,165,211,418,188,320,100,21,97
TAE,2002,3,5,12,7,73.3,7.3,2.6,4.83,5,19.2,0,947.4,360,1.5,3.9,496,432,250,133,132,552,327,300,75,21,97
TAE,2002,3,5,13,7.6,70,7.3,2.5,4.83,5.2,19.8,0,946.9,27,1.2,3.5,425,408,221,118,117,474,392,300,75,21,97
TAE,2002,3,5,14,8.2,67.4,7.4,2.5,4.9,5.5,20.6,0,946.9,34,1.1,3,335,442,159,86,86,402,449,299,75,21,97
TAE,2002,3,5,15,8.9,64.5,7.4,2.6,4.9,5.9,21.3,0,946.9,38,1.2,3,168,193,118,66,66,167,249,321,100,21,97
TAE,2002,3,5,16,8.3,65.2,7.1,2.2,4.7,5.5,20.2,0,947.3,5,1.2,2.4,63,151,43,25,25,77,174,306,75,21,97
TAE,2002,3,5,17,5.1,83.2,7.3,2.5,4.83,3.9,17.2,0,947.4,207,0.5,1.9,0,0,0,0,0,0,0,301,68,21,97
TAE,2002,3,5,18,3.3,87.5,6.8,1.4,4.5,2.5,14.6,0,947.6,207,0.5,1.8,0,0,0,0,0,0,0,309,88,21,97
TAE,2002,3,5,19,2.7,90.1,6.7,1.2,4.43,2.1,13.8,0,947.3,166,0.9,2,0,0,0,0,0,0,0,313,100,21,97
TAE,2002,3,5,20,3.1,87.6,6.7,1.2,4.43,2.3,14.2,0,947.8,90,0.5,1.9,0,0,0,0,0,0,0,311,100,21,97
TAE,2002,3,5,21,2.8,88.7,6.6,1.1,4.36,2.1,13.7,0,948.1,229,1.2,2.6,0,0,0,0,0,0,0,302,80,21,97
TAE,2002,3,5,22,1.9,91.9,6.4,0.7,4.23,1.4,12.5,0,948,180,0.8,2.1,0,0,0,0,0,0,0,274,13,21,97
TAE,2002,3,5,23,1.1,93,6.2,0.1,4.1,0.7,11.3,0,947.6,63,0.4,2.2,0,0,0,0,0,0,0,268,0,21,97
TAE,2002,3,6,0,0.3,94.7,5.9,-0.4,3.9,0,10,0,947.3,56,0.5,1.8,0,0,0,0,0,0,0,272,12,21,97
TAE,2002,3,6,1,0.3,94.9,5.9,-0.4,3.9,0,10,0,946.2,37,0.6,1.8,0,0,0,0,0,0,0,277,25,21,97
TAE,2002,3,6,2,-0.1,94.2,5.7,-0.9,3.77,-0.4,9.3,0,946.4,214,0.4,1.6,0,0,0,0,0,0,0,271,13,21,97
TAE,2002,3,6,3,-0.9,95.2,5.5,-1.6,3.64,-1.2,8.2,0,946,198,0.4,1.9,0,0,0,0,0,0,0,282,40,21,97
TAE,2002,3,6,4,-0.6,95.7,5.6,-1.2,3.71,-0.8,8.6,0,945.7,143,0.7,2.6,0,0,0,0,0,0,0,283,43,21,97
TAE,2002,3,6,5,-1,95.9,5.5,-1.6,3.64,-1.2,8.1,0,945.6,360,0.2,1.2,0,0,0,0,0,0,0,286,50,21,97
TAE,2002,3,6,6,-0.4,95.1,5.7,-1.1,3.77,-0.7,9,0,945.4,127,0.7,2.9,75,281,40,23,300,112,22,271,13,21,97
TAE,2002,3,6,7,0.5,93.4,5.9,-0.4,3.91,0.1,10.3,0,944.8,164,0.7,1.7,233,596,74,45,589,343,45,270,0,21,97
TAE,2002,3,6,8,3,87.5,6.6,1.1,4.37,2.2,14,0,945.2,360,0.8,2.4,387,720,97,63,621,544,64,279,13,21,97
TAE,2002,3,6,9,4.6,81.4,6.9,1.7,4.57,3.3,16.1,0,946.9,310,3.3,6.9,316,185,226,129,260,282,125,306,68,21,97
TAE,2002,3,6,10,5.5,76.1,6.9,1.6,4.56,3.8,17,0,947.5,234,2.2,5.6,138,0,138,82,81,78,79,324,100,21,97
TAE,2002,3,6,11,7.1,71.2,7.2,2.2,4.76,4.9,19.1,0,947.4,218,2.5,5.5,470,336,269,150,173,481,213,312,80,21,97
TAE,2002,3,6,12,8.6,65.3,7.3,2.5,4.83,5.7,20.8,0,947.2,199,2.7,5,568,727,152,96,97,741,379,259,13,21,97
TAE,2002,3,6,13,9.2,63.3,7.4,2.6,4.9,6.1,21.6,0,947.4,207,3,5.9,508,780,113,77,77,695,538,248,0,21,97
TAE,2002,3,6,14,9.7,61.3,7.4,2.6,4.9,6.3,22.1,0,947.5,214,3.3,6.8,378,680,106,65,65,521,601,275,33,21,97
TAE,2002,3,6,15,9.8,61.4,7.4,2.7,4.89,6.4,22.2,0,947.8,232,3,6.2,207,426,98,55,55,267,456,289,50,21,97
TAE,2002,3,6,16,9,63,7.3,2.3,4.82,5.9,21.2,0,948.4,217,2,5.7,62,183,37,22,22,83,202,280,40,21,97
TAE,2002,3,6,17,8.1,67.1,7.3,2.4,4.82,5.4,20.3,0,949.3,215,2.1,5.9,0,0,0,0,0,0,0,329,100,21,97
TAE,2002,3,6,18,8.3,66.6,7.3,2.5,4.81,5.6,20.4,0,950.4,234,1.8,4.8,0,0,0,0,0,0,0,328,100,21,97
TAE,2002,3,6,19,7.8,68.2,7.2,2.3,4.74,5.3,19.8,0,951.1,239,1.2,4.1,0,0,0,0,0,0,0,327,100,21,97
TAE,2002,3,6,20,7.1,72.9,7.3,2.6,4.81,5,19.2,0,951.9,250,1.6,6.1,0,0,0,0,0,0,0,326,100,21,97
TAE,2002,3,6,21,5.7,78.4,7.2,2.2,4.74,4.1,17.6,0,952.7,264,3.9,8.2,0,0,0,0,0,0,0,325,100,21,97
TAE,2002,3,6,22,5.3,76.5,6.8,1.5,4.47,3.6,16.5,0,953,260,2.9,7,0,0,0,0,0,0,0,323,100,21,97
TAE,2002,3,6,23,5.7,74.3,6.8,1.5,4.46,3.8,16.9,0,954.2,264,3.7,8.8,0,0,0,0,0,0,0,323,100,21,97
TAE,2002,3,7,0,5.8,73.2,6.7,1.4,4.4,3.8,16.9,0,954,239,2.8,9.4,0,0,0,0,0,0,0,322,100,21,97
TAE,2002,3,7,1,5.9,70.2,6.5,0.9,4.27,3.7,16.6,0,954,224,3.7,10.4,0,0,0,0,0,0,0,321,100,21,97
TAE,2002,3,7,2,6.1,65.4,6.1,0.1,4,3.5,16.2,0,953.8,229,2.9,7.9,0,0,0,0,0,0,0,321,100,21,97
TAE,2002,3,7,3,6.1,64.9,6.1,0,4,3.5,16.2,0,954.2,228,2.9,9,0,0,0,0,0,0,0,321,100,21,97
TAE,2002,3,7,4,6,66,6.2,0.1,4.07,3.5,16.2,0,954.5,233,3.1,8.3,0,0,0,0,0,0,0,320,100,21,97
TAE,2002,3,7,5,6.2,65.5,6.2,0.2,4.06,3.6,16.4,0,954.9,216,4.4,10.9,0,0,0,0,0,0,0,320,100,21,97
TAE,2002,3,7,6,6.4,64.6,6.2,0.2,4.06,3.7,16.6,0,955.1,219,4,10.9,67,177,47,27,203,79,26,313,75,21,97
TAE,2002,3,7,7,6.9,63.3,6.3,0.4,4.13,4,17.3,0,955.4,224,4.6,10.8,168,172,119,68,229,160,66,323,100,21,97
TAE,2002,3,7,8,7.5,63.4,6.6,1,4.32,4.6,18.4,0,956.1,236,4.5,14,228,149,163,93,213,204,90,317,88,21,97
TAE,2002,3,7,9,8.6,64.5,7.2,2.3,4.72,5.7,20.5,0,956.6,245,6.1,13.5,323,137,251,144,234,263,140,328,100,21,97
TAE,2002,3,7,10,9.7,63.4,7.6,3.1,4.98,6.5,22.3,0,957.3,233,4.9,13.1,293,51,264,155,180,197,150,330,100,21,97
TAE,2002,3,7,11,10.1,61.5,7.6,3,4.98,6.7,22.7,0,957,223,5.7,14.3,349,98,289,168,170,261,189,323,88,21,97
TAE,2002,3,7,12,11,60.2,7.9,3.6,5.18,7.4,24.1,0,956.9,230,5.9,13.8,305,52,275,162,160,204,181,324,88,21,97
TAE,2002,3,7,13,11.1,58,7.7,3.2,5.05,7.3,23.9,0,956.9,244,5.5,12.6,319,126,255,147,145,252,231,324,88,21,97
TAE,2002,3,7,14,11.2,59.7,7.9,3.7,5.17,7.5,24.3,0,957.6,260,5.2,9.7,232,96,193,112,111,177,191,324,88,21,97
TAE,2002,3,7,15,11.1,60.9,8.1,3.8,5.31,7.5,24.5,0,957.6,249,4.3,10,230,558,80,47,47,323,563,269,20,21,97
TAE,2002,3,7,16,10.8,63.2,8.2,4.1,5.37,7.5,24.4,0,957.4,263,4.3,11.1,80,287,45,26,25,113,310,278,33,21,97
TAE,2002,3,7,17,9.4,69.5,8.2,4.1,5.36,6.8,23,0,958.9,273,1.7,6.1,0,0,0,0,0,0,0,260,13,21,97
TAE,2002,3,7,18,9.2,70.2,8.2,4.1,5.36,6.7,22.7,0,960.3,257,1.3,4,0,0,0,0,0,0,0,282,40,21,97
TAE,2002,3,7,19,9.2,71.4,8.3,4.3,5.42,6.8,22.9,0,961,262,1.5,5.3,0,0,0,0,0,0,0,286,45,21,97
TAE,2002,3,7,20,9.1,72.1,8.3,4.3,5.42,6.7,22.8,0,961.5,247,2.3,5.6,0,0,0,0,0,0,0,281,40,21,97
TAE,2002,3,7,21,8.3,75.7,8.3,4.3,5.42,6.4,22,0,961.6,232,1.7,5.5,0,0,0,0,0,0,0,257,13,21,97
TAE,2002,3,7,22,6.9,81.9,8.2,4,5.35,5.5,20.4,0,961.6,270,0.7,2.9,0,0,0,0,0,0,0,273,33,21,97
TAE,2002,3,7,23,6.4,85.2,8.2,4.1,5.35,5.3,19.9,0,962.1,329,1,3.4,0,0,0,0,0,0,0,304,50,21,97
TAE,2002,3,8,0,7,83,8.3,4.3,5.41,5.7,20.6,0,962.1,225,0.7,2.6,0,0,0,0,0,0,0,308,62,20,97
TAE,2002,3,8,1,7.4,81.4,8.4,4.4,5.48,5.9,21.2,0,962.3,281,1,3.1,0,0,0,0,0,0,0,313,75,20,97
TAE,2002,3,8,2,6.6,87.6,8.5,4.7,5.54,5.7,20.5,0,963,18,0.7,4.8,0,0,0,0,0,0,0,311,75,20,97
TAE,2002,3,8,3,6.7,89.8,8.8,5.1,5.73,5.9,21.1,0,963.3,0,0.5,2.6,0,0,0,0,0,0,0,310,75,20,97
TAE,2002,3,8,4,6.4,89.5,8.6,4.8,5.6,5.6,20.5,0,963.6,146,0.3,1.2,0,0,0,0,0,0,0,305,68,20,97
TAE,2002,3,8,5,6.2,89.3,8.5,4.6,5.54,5.4,20.1,0,963.6,120,0.8,2.2,0,0,0,0,0,0,0,276,13,20,97
TAE,2002,3,8,6,3.8,94.3,7.6,3,4.94,3.4,16.2,0,964,108,0.4,1.9,77,247,46,26,271,100,25,282,25,20,97
TAE,2002,3,8,7,5.3,88.6,7.8,3.6,5.07,4.5,18,0,964.1,90,0.3,2.5,232,480,92,53,491,301,53,290,38,20,97
TAE,2002,3,8,8,7.7,75.2,7.9,3.6,5.14,5.7,20.7,0,963.8,92,2.3,5.3,413,772,93,61,656,569,62,254,0,20,97
TAE,2002,3,8,9,9.1,59.1,6.8,1.5,4.42,5.6,20.3,0,963.3,74,2.7,5.9,539,829,108,75,553,726,77,235,0,20,97
TAE,2002,3,8,10,10.2,55.7,6.9,1.7,4.49,6.2,21.6,0,962.9,50,3.2,6.2,595,747,155,96,361,760,97,246,13,20,97
TAE,2002,3,8,11,10.6,52.3,6.7,1.2,4.36,6.2,21.6,0,962.1,38,3.7,7,590,623,211,114,184,711,189,275,43,20,97
TAE,2002,3,8,12,11.3,48.7,6.5,0.9,4.24,6.5,22,0,960.9,45,3.6,6.5,549,562,221,117,117,645,366,270,38,20,97
TAE,2002,3,8,13,11.8,48,6.6,1.2,4.3,6.8,22.7,0,960.2,44,3.5,6.7,477,546,195,104,104,565,461,264,33,20,97
TAE,2002,3,8,14,12.1,48.7,6.9,1.6,4.5,7.1,23.5,0,959.6,53,3,5.8,405,737,103,63,64,548,645,256,25,20,97
TAE,2002,3,8,15,12.2,51.3,7.3,2.5,4.77,7.5,24.3,0,959.1,46,3.2,6,219,404,108,58,58,264,441,285,55,20,97
TAE,2002,3,8,16,11.5,53.1,7.2,2.3,4.71,7.1,23.4,0,958.8,58,2.5,5.5,85,329,45,24,24,122,351,269,40,20,97
TAE,2002,3,8,17,8.8,63.8,7.2,2.3,4.71,5.8,20.7,0,958.8,90,0.9,3.4,0,0,0,0,0,0,0,316,88,20,97
TAE,2002,3,8,18,5.8,76.6,7,2,4.57,4.1,17.3,0,958.9,180,0.1,1,0,0,0,0,0,0,0,327,100,20,97
TAE,2002,3,8,19,5.2,77.1,6.8,1.5,4.44,3.6,16.4,0,958.4,106,0.7,3,0,0,0,0,0,0,0,325,100,20,97
TAE,2002,3,8,20,4.7,78.2,6.7,1.2,4.38,3.2,15.7,0,958.1,119,1.3,2.6,0,0,0,0,0,0,0,320,100,20,97
TAE,2002,3,8,21,4,79,6.4,0.7,4.19,2.6,14.5,0,957.5,143,1.1,2.4,0,0,0,0,0,0,0,283,43,20,97
TAE,2002,3,8,22,2.4,86.1,6.2,0.3,4.06,1.5,12.6,0,956.8,207,1,2.7,0,0,0,0,0,0,0,265,13,20,97
TAE,2002,3,8,23,1.6,88.2,6.1,-0.1,3.99,0.9,11.6,0,956.3,207,1,2.2,0,0,0,0,0,0,0,257,0,20,97
TAE,2002,3,9,0,0.8,90.6,5.9,-0.6,3.86,0.2,10.4,0,955.8,180,1,2.1,0,0,0,0,0,0,0,260,12,21,97
TAE,2002,3,9,1,0.6,90.7,5.8,-0.7,3.8,0.1,10.1,0,955.2,146,0.8,2.9,0,0,0,0,0,0,0,264,25,21,97
TAE,2002,3,9,2,0.2,93.8,5.8,-0.7,3.8,-0.2,9.7,0,954.6,135,0.4,2.2,0,0,0,0,0,0,0,264,25,21,97
TAE,2002,3,9,3,-0.2,94.3,5.7,-1,3.74,-0.5,9.1,0,954.2,135,0.3,2,0,0,0,0,0,0,0,263,25,21,97
TAE,2002,3,9,4,-0.3,93.8,5.6,-1.2,3.67,-0.6,8.9,0,954.3,360,0.2,1.7,0,0,0,0,0,0,0,270,43,21,97
TAE,2002,3,9,5,-0.6,93.7,5.5,-1.5,3.61,-0.9,8.4,0,954.2,0,0,1.4,0,0,0,0,0,0,0,268,40,21,97
TAE,2002,3,9,6,0.1,91,5.6,-1.2,3.67,-0.4,9.3,0,954.3,14,0.8,2,65,194,34,19,210,85,19,283,75,21,97
TAE,2002,3,9,7,2.4,96.9,6.8,2,4.46,2.2,13.6,0,954.6,0,0,1.2,198,239,129,71,299,198,70,303,100,21,97
TAE,2002,3,9,8,6,84,7.8,3.5,5.13,4.8,18.9,0,954.4,45,0.1,0.8,349,402,181,97,435,384,95,308,88,21,97
TAE,2002,3,9,9,9.1,68.9,7.9,3.7,5.19,6.5,22.2,0,954.1,333,0.8,3.7,442,393,236,126,393,468,124,324,100,21,97
TAE,2002,3,9,10,11.3,56.4,7.5,3,4.93,7.3,23.8,0,953.6,247,3,7.3,514,426,261,139,329,550,137,318,88,21,97
TAE,2002,3,9,11,11.9,52.2,7.3,2.4,4.8,7.3,24.1,0,952.9,267,5,8.4,536,431,272,144,203,573,203,323,88,21,97
TAE,2002,3,9,12,12.6,47.7,6.9,1.8,4.54,7.4,24.1,0,952.1,251,3.7,7.3,480,337,281,151,150,479,309,339,100,21,97
TAE,2002,3,9,13,13,47.1,7,2,4.61,7.7,24.7,0,951.4,260,3.6,7.3,388,248,259,142,141,358,315,338,100,21,97
TAE,2002,3,9,14,13.1,45,6.8,1.4,4.48,7.5,24.5,0,951.1,267,3.6,7.9,216,68,189,110,109,151,166,337,100,21,97
TAE,2002,3,9,15,13,46.9,7,1.9,4.61,7.6,24.7,0,951,263,3.2,6,125,88,98,56,55,104,138,336,100,21,97
TAE,2002,3,9,16,11.8,56.6,7.8,3.5,5.14,7.7,24.8,0,951.3,265,2.4,6.2,40,32,35,20,20,30,52,335,100,21,97
TAE,2002,3,9,17,10.7,62.4,8.1,3.8,5.34,7.3,24.2,0,951.8,261,1.8,4.8,0,0,0,0,0,0,0,335,100,21,97
TAE,2002,3,9,18,9.9,65.8,8.1,3.8,5.33,6.9,23.4,0,952.7,265,2.2,5.7,0,0,0,0,0,0,0,334,100,21,97
TAE,2002,3,9,19,9.7,66.1,7.9,3.7,5.2,6.8,22.8,0,953.1,257,2.8,7.4,0,0,0,0,0,0,0,332,100,21,97
TAE,2002,3,9,20,9.6,67,8,3.8,5.26,6.8,22.9,0,953.5,256,3.8,7.3,0,0,0,0,0,0,0,331,100,21,97
TAE,2002,3,9,21,9.3,69.1,8.1,3.9,5.33,6.7,22.8,0,954.1,260,4.1,10,0,0,0,0,0,0,0,319,88,21,97
TAE,2002,3,9,22,8.5,71.3,7.9,3.6,5.19,6.1,21.6,0,954.7,259,5.3,10,0,0,0,0,0,0,0,318,88,21,97
TAE,2002,3,9,23,7.5,74.2,7.7,3.2,5.05,5.5,20.2,0,955.2,258,3.4,8.7,0,0,0,0,0,0,0,293,60,21,97
TAE,2002,3,10,0,6.6,74.4,7.2,2.4,4.72,4.7,18.5,0,955.8,252,2,5.4,0,0,0,0,0,0,0,298,62,21,97
TAE,2002,3,10,1,6,76.3,7.2,2.2,4.72,4.3,17.9,0,955.9,234,1.4,4.6,0,0,0,0,0,0,0,302,63,21,97
TAE,2002,3,10,2,6.4,72.7,7,1.9,4.59,4.4,17.9,0,955.9,249,2.3,7,0,0,0,0,0,0,0,296,58,21,97
TAE,2002,3,10,3,6.1,71.3,6.7,1.3,4.39,4,17.1,0,956.1,225,1.9,5.5,0,0,0,0,0,0,0,282,38,21,97
TAE,2002,3,10,4,6.1,69,6.5,0.8,4.26,3.8,16.8,0,956.4,221,2.1,7,0,0,0,0,0,0,0,276,33,21,97
TAE,2002,3,10,5,4.8,74,6.4,0.6,4.19,3,15.3,0,957.2,247,1.3,3.2,0,0,0,0,0,0,0,280,50,21,97
TAE,2002,3,10,6,5,74.5,6.5,0.9,4.25,3.2,15.7,0,958,252,1.2,2.5,52,41,46,27,67,40,26,295,88,21,97
TAE,2002,3,10,7,5.7,78.2,7.2,2.2,4.71,4.1,17.5,0,958.4,283,0.9,2.9,182,152,137,78,224,158,76,301,88,21,97
TAE,2002,3,10,8,6.6,75.1,7.3,2.5,4.77,4.7,18.6,0,958.5,286,0.7,2.4,373,472,171,92,482,428,91,283,45,21,97
TAE,2002,3,10,9,7.5,66.2,6.9,1.6,4.51,4.8,18.9,0,958.5,315,0.9,5.3,465,437,232,124,419,503,122,280,50,21,97
TAE,2002,3,10,10,8.3,61.1,6.7,1.3,4.38,5.1,19.4,0,958.1,357,1.8,4.7,600,700,180,106,366,736,107,231,13,21,97
TAE,2002,3,10,11,9.8,55,6.7,1.2,4.38,5.8,20.9,0,958,339,1.7,5.1,660,847,136,93,164,851,173,217,0,21,97
TAE,2002,3,10,12,11.1,47.9,6.3,0.5,4.12,6.2,21.5,0,957.3,299,1.9,6.9,646,907,107,84,85,851,406,217,0,21,97
TAE,2002,3,10,13,11.8,41.2,5.7,-0.9,3.73,6.1,21.3,0,956.6,245,2,5.2,561,873,102,76,77,744,588,215,0,21,97
TAE,2002,3,10,14,12.1,43.1,6.1,-0.1,3.99,6.5,22.2,0,956,45,1.7,4.6,424,770,101,65,65,563,674,213,0,21,97
TAE,2002,3,10,15,12.1,42.6,6,-0.2,3.93,6.5,22.1,0,955.7,20,1.3,3.3,263,658,78,46,47,360,657,212,0,21,97
TAE,2002,3,10,16,11.1,46.2,6.1,0,4,6.1,21.2,0,955.7,293,0.8,2.8,88,342,44,25,25,122,366,211,0,21,97
TAE,2002,3,10,17,6.8,70.4,6.9,1.8,4.52,4.5,18.2,0,955.9,239,0.6,2.3,0,0,0,0,0,0,0,210,0,21,97
TAE,2002,3,10,18,4,80.6,6.5,1,4.26,2.7,14.7,0,956.3,216,0.9,2.4,0,0,0,0,0,0,0,209,0,21,97
TAE,2002,3,10,19,3,86.2,6.5,0.9,4.26,2.1,13.7,0,956.5,219,0.7,2.4,0,0,0,0,0,0,0,228,0,21,97
TAE,2002,3,10,20,1.8,91.5,6.4,0.6,4.19,1.3,12.3,0,956.8,207,0.5,2.3,0,0,0,0,0,0,0,246,0,21,97
TAE,2002,3,10,21,0.9,91.2,6,-0.4,3.92,0.4,10.7,0,956.9,0,0.1,1.1,0,0,0,0,0,0,0,244,0,21,97
TAE,2002,3,10,22,0.8,91.7,6,-0.4,3.92,0.3,10.6,0,956.9,141,0.6,2.1,0,0,0,0,0,0,0,241,0,21,97
TAE,2002,3,10,23,0.7,92.4,5.9,-0.4,3.86,0.3,10.3,0,956.5,169,0.5,2.1,0,0,0,0,0,0,0,239,0,21,97
TAE,2002,3,11,0,-0.2,92.9,5.6,-1.2,3.66,-0.6,8.9,0,956.8,315,0.1,1.6,0,0,0,0,0,0,0,238,0,22,97
TAE,2002,3,11,1,-0.3,92.9,5.6,-1.3,3.66,-0.7,8.8,0,956.6,203,0.9,2.2,0,0,0,0,0,0,0,236,0,22,97
TAE,2002,3,11,2,-0.8,93.3,5.4,-1.7,3.53,-1.1,8,0,956.7,157,0.8,2.2,0,0,0,0,0,0,0,235,0,22,97
TAE,2002,3,11,3,-1.3,93.1,5.2,-2.3,3.4,-1.7,7.2,0,956.9,153,0.7,1.8,0,0,0,0,0,0,0,234,0,22,97
TAE,2002,3,11,4,-1,91.3,5.2,-2.2,3.4,-1.4,7.5,0,956.8,108,0.7,2.8,0,0,0,0,0,0,0,236,13,22,97
TAE,2002,3,11,5,-1.5,90.5,5,-2.8,3.27,-2,6.6,0,956.8,146,0.6,3,0,0,0,0,0,0,0,239,33,22,97
TAE,2002,3,11,6,-0.8,90.2,5.2,-2.2,3.4,-1.3,7.7,0,957.5,349,0.5,2.7,99,319,53,30,348,126,29,247,68,22,97
TAE,2002,3,11,7,1.3,84.1,5.6,-1.1,3.66,0.3,10.4,0,958,135,0.1,1.2,287,705,79,49,696,391,49,254,40,22,97
TAE,2002,3,11,8,4.6,71.7,6.1,-0.1,3.99,2.6,14.6,0,958.1,27,0.3,1.5,443,784,104,68,678,582,70,245,0,22,97
TAE,2002,3,11,9,7.2,60.3,6.1,0,3.99,4.1,17.2,0,958.1,27,1.2,2.9,553,756,144,92,534,696,94,245,33,22,97
TAE,2002,3,11,10,9.6,57.4,6.9,1.6,4.51,5.9,21,0,958,58,1.1,2.9,632,787,156,102,378,792,104,252,33,22,97
TAE,2002,3,11,11,13.1,47.6,7.2,2.2,4.72,7.8,25.1,0,957,66,1,3.2,603,579,242,130,201,693,209,280,50,22,97
TAE,2002,3,11,12,16,33.7,6.1,0,3.99,8.4,26.2,0,956.3,63,1.5,5.9,584,601,224,122,122,679,391,261,25,22,97
TAE,2002,3,11,13,17.5,21.8,4.4,-4.6,2.88,7.7,24.9,0,955.8,251,1.8,9,491,518,214,116,116,555,461,278,43,22,97
TAE,2002,3,11,14,17.2,22.3,4.4,-4.5,2.88,7.5,24.6,0,955.3,261,2.7,6.6,427,754,108,68,69,556,670,254,20,22,97
TAE,2002,3,11,15,17,23.8,4.6,-3.8,3.01,7.7,24.7,0,954.8,246,1.1,4.2,264,631,84,50,50,350,639,246,13,22,97
TAE,2002,3,11,16,14.1,39.7,6.3,0.6,4.13,7.7,24.6,0,954.6,259,0.9,2.5,106,379,56,30,30,139,411,275,43,22,97
TAE,2002,3,11,17,10.2,53.6,6.6,1.2,4.33,6,21.2,0,955,225,1.4,3.2,0,0,0,0,0,0,0,257,25,22,97
TAE,2002,3,11,18,6.7,63.4,6.2,0.3,4.06,3.9,16.9,0,955.4,219,1.3,3.3,0,0,0,0,0,0,0,243,13,22,97
TAE,2002,3,11,19,6.2,63,6,-0.3,3.93,3.4,16.1,0,955.4,180,1.1,2.3,0,0,0,0,0,0,0,245,20,22,97
TAE,2002,3,11,20,5.3,67.8,6,-0.2,3.93,3,15.2,0,955.5,156,1.3,2.6,0,0,0,0,0,0,0,233,13,22,97
TAE,2002,3,11,21,4.9,67.6,5.9,-0.6,3.86,2.6,14.6,0,955.4,146,0.8,1.8,0,0,0,0,0,0,0,230,13,22,97
TAE,2002,3,11,22,3.2,74.7,5.7,-0.9,3.73,1.5,12.6,0,955.4,243,0.7,2.1,0,0,0,0,0,0,0,279,60,22,97
TAE,2002,3,11,23,2.3,78.4,5.7,-1.1,3.73,0.9,11.6,0,955.3,171,0.6,1.6,0,0,0,0,0,0,0,301,75,22,97
TAE,2002,3,12,0,1.8,81,5.6,-1.1,3.67,0.6,11,0,955.4,129,0.6,2.2,0,0,0,0,0,0,0,298,78,22,97
TAE,2002,3,12,1,1.6,81.9,5.6,-1.2,3.67,0.5,10.8,0,955.1,140,0.8,2.2,0,0,0,0,0,0,0,295,80,22,97
TAE,2002,3,12,2,1.1,84.1,5.6,-1.3,3.67,0.2,10.3,0,954.8,135,0.6,1.8,0,0,0,0,0,0,0,291,75,22,97
TAE,2002,3,12,3,0.4,85.6,5.4,-1.7,3.54,-0.4,9.2,0,954.4,135,0.7,1.6,0,0,0,0,0,0,0,302,100,22,97
TAE,2002,3,12,4,1.3,83.2,5.6,-1.2,3.67,0.3,10.5,0,954.4,135,0.3,1.7,0,0,0,0,0,0,0,301,100,22,97
TAE,2002,3,12,5,1.7,83.6,5.8,-0.8,3.8,0.7,11.2,0,954.5,207,0.4,1.9,0,0,0,0,0,0,0,301,100,22,97
TAE,2002,3,12,6,1.9,84.2,5.9,-0.5,3.87,0.9,11.6,0,954.9,135,0.6,1.5,70,103,52,30,133,65,29,303,100,22,97
TAE,2002,3,12,7,3.5,79.9,6.3,0.4,4.13,2.2,13.9,0,954.9,135,0.3,1.4,230,333,132,73,394,243,72,316,100,22,97
TAE,2002,3,12,8,6.7,67.4,6.6,1.1,4.33,4.2,17.6,0,954.6,22,0.5,1.7,377,448,180,99,474,417,98,310,88,22,97
TAE,2002,3,12,9,9.7,53.2,6.4,0.6,4.2,5.6,20.3,0,954,29,1.2,2.5,302,138,230,133,235,246,129,327,100,22,97
TAE,2002,3,12,10,10.9,51.6,6.7,1.3,4.4,6.4,22,0,953.9,41,1.1,2.2,550,489,251,138,347,601,137,304,70,22,97
TAE,2002,3,12,11,12.6,46.1,6.7,1.3,4.4,7.2,23.8,0,953.4,41,1.1,3.2,642,749,171,110,175,786,189,264,20,22,97
TAE,2002,3,12,12,14.8,38.5,6.5,0.8,4.27,8.1,25.7,0,952.4,351,1.3,3.5,565,548,234,128,128,640,378,306,60,22,97
TAE,2002,3,12,13,15.7,35.6,6.4,0.5,4.21,8.4,26.4,0,951.6,74,1.5,3.7,476,474,222,122,121,522,445,311,68,22,97
TAE,2002,3,12,14,15.9,37.2,6.7,1.3,4.41,8.8,27.2,0,951.1,39,1.4,3.5,329,341,176,102,101,340,376,327,88,22,97
TAE,2002,3,12,15,15.4,34.2,6,-0.3,3.95,8,25.5,0,951.1,51,0.7,2.2,134,77,109,64,63,104,135,337,100,22,97
TAE,2002,3,12,16,14.1,48.5,7.8,3.4,5.14,8.7,27.2,0,951.3,243,0.8,2.2,56,53,50,29,29,41,82,335,100,22,97
TAE,2002,3,12,17,11.3,57.9,7.7,3.3,5.07,7.4,24.1,0,951.8,239,1.7,3.1,0,0,0,0,0,0,0,334,100,22,97
TAE,2002,3,12,18,9.1,64,7.4,2.7,4.87,6.1,21.4,0,952.3,228,1.3,2.8,0,0,0,0,0,0,0,333,100,22,97
TAE,2002,3,12,19,8.8,64.4,7.3,2.5,4.8,5.8,20.9,0,952.3,180,0.7,2.2,0,0,0,0,0,0,0,331,100,22,97
TAE,2002,3,12,20,7.3,71.1,7.1,2.4,4.67,5,19.1,0,952.6,169,0.6,2.3,0,0,0,0,0,0,0,329,100,22,97
TAE,2002,3,12,21,6.6,72.4,7.1,2,4.67,4.5,18.4,0,952.5,171,0.8,2.3,0,0,0,0,0,0,0,316,88,22,97
TAE,2002,3,12,22,5.7,75.3,6.9,1.7,4.54,3.9,17.1,0,952.6,135,0.4,1.6,0,0,0,0,0,0,0,325,100,22,97
TAE,2002,3,12,23,6,75.7,7.1,2,4.67,4.2,17.8,0,952.4,104,0.4,2.5,0,0,0,0,0,0,0,324,100,22,97
TAE,2002,3,13,0,6.4,74,7.1,2.1,4.67,4.4,18.2,0,952.6,45,0.5,2.1,0,0,0,0,0,0,0,322,100,19,97
TAE,2002,3,13,1,5.8,76,7,1.9,4.6,4,17.4,0,952.6,189,0.7,2.5,0,0,0,0,0,0,0,321,100,19,97
TAE,2002,3,13,2,4.2,79.5,6.6,1,4.34,2.8,15.1,0,952.4,180,0.6,1.8,0,0,0,0,0,0,0,299,55,19,97
TAE,2002,3,13,3,3.3,78.4,6.1,-0.1,4.01,1.9,13.3,0,952.6,180,0.6,2,0,0,0,0,0,0,0,280,13,19,97
TAE,2002,3,13,4,2.2,82.2,5.9,-0.5,3.88,1.1,11.9,0,952.8,149,0.7,2.4,0,0,0,0,0,0,0,280,13,19,97
TAE,2002,3,13,5,1.7,82.5,5.7,-1,3.74,0.6,11.1,0,952.9,164,0.8,1.8,0,0,0,0,0,0,0,274,0,19,97
TAE,2002,3,13,6,2.4,79.1,5.8,-0.8,3.81,1.1,11.9,0,953.3,135,0.5,1.8,107,359,51,28,385,133,28,284,20,19,97
TAE,2002,3,13,7,5.8,69.5,6.4,0.7,4.2,3.6,16.4,0,953.4,127,0.7,2.2,255,476,102,58,494,298,57,284,55,19,97
TAE,2002,3,13,8,10,64.6,7.9,3.6,5.2,6.9,23.1,0,953.3,51,0.7,1.8,445,793,94,61,672,569,63,248,13,19,97
TAE,2002,3,13,9,12.3,51.6,7.4,2.6,4.87,7.6,24.6,0,953,54,0.9,2.2,569,847,104,73,556,720,75,242,0,19,97
TAE,2002,3,13,10,14.3,46.4,7.6,3,5,8.7,27,0,952.6,47,1.6,3.2,648,873,112,81,374,816,84,251,0,19,97
TAE,2002,3,13,11,15.6,43.5,7.7,3.2,5.07,9.3,28.5,0,952.2,58,1,2.8,672,868,121,85,150,841,163,261,0,19,97
TAE,2002,3,13,12,16.8,40.7,7.8,3.4,5.14,9.9,29.9,0,951.3,5,1.4,4.7,645,870,114,81,82,810,396,267,0,19,97
TAE,2002,3,13,13,17.6,38.6,7.8,3.3,5.15,10.2,30.7,0,950.5,60,1.6,4.6,560,833,109,74,74,704,570,261,0,19,97
TAE,2002,3,13,14,18.1,36.1,7.5,2.8,4.95,10.2,30.7,0,949.9,30,1.8,3.9,425,740,105,63,64,533,653,254,0,19,97
TAE,2002,3,13,15,17.7,35.6,7.2,2.3,4.75,9.9,29.8,0,949.4,57,1.7,4,267,628,83,47,47,337,634,249,0,19,97
TAE,2002,3,13,16,16.2,43.9,8,3.9,5.29,9.9,29.7,0,949.1,50,1,2.7,97,361,47,26,25,122,387,243,0,19,97
TAE,2002,3,13,17,11.7,63.9,8.7,5.1,5.75,8.3,26.3,0,949,207,0.5,1.5,0,0,0,0,0,0,0,238,0,19,97
TAE,2002,3,13,18,8.9,72.2,8.2,4.2,5.42,6.6,22.6,0,949.1,207,0.8,3.1,0,0,0,0,0,0,0,234,0,19,97
TAE,2002,3,13,19,7.5,76.2,7.9,3.6,5.22,5.6,20.7,0,949.3,214,1.2,3,0,0,0,0,0,0,0,235,0,19,97
TAE,2002,3,13,20,6.8,79,7.8,3.4,5.15,5.2,19.8,0,949.3,135,0.5,1.9,0,0,0,0,0,0,0,235,0,19,97
TAE,2002,3,13,21,5.8,80.2,7.4,2.7,4.89,4.4,18.1,0,949.2,180,0.5,1.5,0,0,0,0,0,0,0,236,0,19,97
TAE,2002,3,13,22,5.1,81.2,7.1,2.1,4.69,3.8,16.9,0,948.9,140,0.8,2.7,0,0,0,0,0,0,0,236,0,19,97
TAE,2002,3,13,23,4.3,82.7,6.8,1.6,4.49,3.1,15.6,0,948.6,166,0.5,2.1,0,0,0,0,0,0,0,237,0,19,97
TAE,2002,3,14,0,3.6,83.4,6.6,1.1,4.36,2.5,14.5,0,948.2,135,0.9,2.4,0,0,0,0,0,0,0,266,20,20,97
TAE,2002,3,14,1,2.9,84.5,6.4,0.6,4.23,1.9,13.5,0,947.5,166,0.5,1.7,0,0,0,0,0,0,0,295,40,20,97
TAE,2002,3,14,2,2.1,87.4,6.2,0.2,4.1,1.3,12.4,0,946.9,180,0.3,1,0,0,0,0,0,0,0,293,38,20,97
TAE,2002,3,14,3,2.2,86.4,6.2,0.2,4.1,1.4,12.5,0,946.4,149,0.6,1.6,0,0,0,0,0,0,0,281,13,20,97
TAE,2002,3,14,4,1.8,87.1,6.1,-0.1,4.04,1,11.9,0,945.9,194,0.5,2.7,0,0,0,0,0,0,0,275,0,20,97
TAE,2002,3,14,5,1.4,87.5,5.9,-0.4,3.91,0.7,11.2,0,945.3,149,0.6,1.6,0,0,0,0,0,0,0,275,0,20,97
TAE,2002,3,14,6,2.1,84.6,6,-0.2,3.97,1.2,12,0,945.4,140,0.8,2.5,106,304,61,33,340,117,33,298,50,20,97
TAE,2002,3,14,7,5.3,74.8,6.7,1.2,4.44,3.5,16.5,0,944.9,143,0.5,1.8,222,346,123,70,400,226,68,313,75,20,97
TAE,2002,3,14,8,9.3,64.5,7.6,3,5.04,6.3,22,0,944.7,360,0.6,2.3,195,19,186,109,124,116,105,328,100,20,97
TAE,2002,3,14,9,11,53,6.9,1.8,4.58,6.7,22.6,0,944.5,14,1,2.3,73,0,73,43,42,40,41,331,100,20,97
TAE,2002,3,14,10,11.3,55.6,7.4,2.7,4.91,7.1,23.7,0,944.2,353,1.6,3.1,175,6,171,101,102,101,97,334,100,20,97
TAE,2002,3,14,11,11.7,54.2,7.5,2.8,4.98,7.4,24.3,0,943.7,342,0.9,3.5,75,0,75,44,44,42,43,337,100,20,97
TAE,2002,3,14,12,11.9,53.6,7.5,2.8,4.99,7.5,24.5,0,943.2,72,0.7,2.1,66,0,66,39,38,36,37,340,100,20,97
TAE,2002,3,14,13,12.1,55.3,7.8,3.4,5.19,7.8,25.2,0,943.4,329,0.8,3.1,52,0,52,31,30,29,30,338,100,20,97
TAE,2002,3,14,14,11.8,62,8.6,4.8,5.71,8.3,26.3,0,944.6,275,2.4,5.8,35,0,35,21,20,19,20,337,100,20,97
TAE,2002,3,14,15,10.2,70,8.7,5,5.78,7.6,24.8,0,945.4,263,3.5,8.2,21,0,21,12,12,12,12,336,100,20,97
TAE,2002,3,14,16,9.6,70.6,8.4,4.5,5.57,7.1,23.7,0,945.7,265,3.3,8.9,7,0,7,4,4,4,4,335,100,20,97
TAE,2002,3,14,17,9,74,8.5,4.6,5.64,6.8,23.2,0,945.8,253,2.7,6.4,0,0,0,0,0,0,0,334,100,20,97
TAE,2002,3,14,18,7.6,81.6,8.5,4.7,5.64,6.2,21.8,0,946.3,318,1.6,4.1,0,0,0,0,0,0,0,333,100,20,97
TAE,2002,3,14,19,5.8,88.1,8.1,4,5.37,4.9,19.3,0,946.5,180,0.4,1.4,0,0,0,0,0,0,0,331,100,20,97
TAE,2002,3,14,20,4.2,91.3,7.5,2.9,4.96,3.6,16.7,0,947.1,225,0.9,2.5,0,0,0,0,0,0,0,294,55,20,97
TAE,2002,3,14,21,3.2,93.5,7.2,2.3,4.76,2.8,15.1,0,947.4,194,1,2.3,0,0,0,0,0,0,0,300,40,20,97
TAE,2002,3,14,22,2.5,95.3,6.9,1.8,4.56,2.2,13.9,0,947.5,149,0.6,2.4,0,0,0,0,0,0,0,296,40,20,97
TAE,2002,3,14,23,2.3,95.2,6.9,1.6,4.56,2,13.7,0,947.6,124,0.6,2.3,0,0,0,0,0,0,0,297,50,20,97
TAE,2002,3,15,0,1.5,96.4,6.6,1,4.36,1.3,12.4,0,947.9,27,0.3,1.7,0,0,0,0,0,0,0,283,25,20,97
TAE,2002,3,15,1,0.4,96.8,6.1,0,4.03,0.2,10.5,0,948.1,166,0.4,1.5,0,0,0,0,0,0,0,269,0,20,97
TAE,2002,3,15,2,0.2,96.7,6,-0.3,3.96,0,10.1,0,947.9,153,0.7,2.4,0,0,0,0,0,0,0,268,0,20,97
TAE,2002,3,15,3,4,94.6,7.7,3.2,5.09,3.6,16.8,0,947.8,100,1.2,3.7,0,0,0,0,0,0,0,267,0,20,97
TAE,2002,3,15,4,4.2,95.5,7.9,3.5,5.23,3.9,17.3,0,947.9,73,1.1,3.5,0,0,0,0,0,0,0,299,75,20,97
TAE,2002,3,15,5,4,96.8,7.9,3.5,5.23,3.8,17.1,0,948.3,112,1.2,3.1,0,0,0,0,0,0,0,309,100,20,97
TAE,2002,3,15,6,4.1,98,8,3.8,5.29,4,17.4,0,948.6,130,0.8,2.1,20,0,20,12,12,11,11,310,100,20,97
TAE,2002,3,15,7,4.4,96.7,8.1,3.9,5.35,4.2,17.8,0,949,76,0.9,2.9,187,119,149,85,199,143,82,310,88,20,97
TAE,2002,3,15,8,4.4,96.5,8.1,3.9,5.35,4.2,17.8,0,949.3,139,1.1,2.8,286,133,225,127,242,218,123,323,100,20,97
TAE,2002,3,15,9,4.7,94.5,8.1,3.9,5.35,4.3,18.1,0,949.4,113,1.1,2.5,416,256,274,149,331,367,145,317,88,20,97
TAE,2002,3,15,10,5.4,91.5,8.2,4.1,5.42,4.8,19,0,949.8,18,1.1,2.7,462,232,316,172,285,396,168,310,75,20,97
TAE,2002,3,15,11,6.5,85.8,8.3,4.3,5.48,5.4,20.3,0,949.7,332,1.7,4.1,545,404,284,151,191,542,224,302,63,20,97
TAE,2002,3,15,12,8.7,76.5,8.6,4.8,5.69,6.8,23,0,949.3,344,1.8,4.5,583,583,221,117,116,647,378,270,25,20,97
TAE,2002,3,15,13,10.3,70.9,8.9,5.3,5.89,7.8,25.2,0,949.1,56,1.4,3.2,507,566,196,104,104,563,480,271,25,20,97
TAE,2002,3,15,14,11.5,67.1,9.1,5.6,6.02,8.5,26.7,0,948.9,39,1.3,3.4,431,736,105,65,65,525,653,282,38,20,97
TAE,2002,3,15,15,12.4,62,8.9,5.3,5.89,8.7,27.3,0,949,31,0.6,2.5,272,630,82,47,47,332,636,289,45,20,97
TAE,2002,3,15,16,11.3,65.9,8.8,5.2,5.82,8.2,26,0,950,265,2.2,5.6,102,348,52,28,28,117,378,298,55,20,97
TAE,2002,3,15,17,9.2,73.4,8.6,4.7,5.68,7,23.5,0,950.8,251,1.8,4.8,0,0,0,0,0,0,0,315,75,20,97
TAE,2002,3,15,18,8.3,76.2,8.3,4.4,5.47,6.4,22.1,0,951.3,248,1.6,3.2,0,0,0,0,0,0,0,315,75,20,97
TAE,2002,3,15,19,8.9,73.4,8.4,4.4,5.54,6.7,22.9,0,951.9,223,2.1,4.6,0,0,0,0,0,0,0,323,88,20,97
TAE,2002,3,15,20,8.6,76.5,8.6,4.7,5.67,6.7,22.9,0,952.4,238,1.2,3.7,0,0,0,0,0,0,0,305,68,20,97
TAE,2002,3,15,21,7.8,79.3,8.4,4.4,5.53,6.1,21.7,0,952.8,231,1.5,3.7,0,0,0,0,0,0,0,290,50,20,97
TAE,2002,3,15,22,7.3,80,8.2,4.1,5.4,5.8,20.9,0,953.1,270,0.9,3.3,0,0,0,0,0,0,0,309,68,20,97
TAE,2002,3,15,23,6.6,81,7.9,3.6,5.2,5.2,19.7,0,953.1,146,0.6,1.8,0,0,0,0,0,0,0,304,50,20,97
TAE,2002,3,16,0,4.4,88.8,7.5,2.7,4.93,3.6,16.8,0,953.6,241,1,2.9,0,0,0,0,0,0,0,295,35,20,97
TAE,2002,3,16,1,2.9,93.2,7,1.9,4.6,2.5,14.4,0,953.5,146,0.7,1.9,0,0,0,0,0,0,0,286,20,20,97
TAE,2002,3,16,2,2.3,93.7,6.7,1.4,4.4,1.9,13.3,0,953.5,141,0.6,2.3,0,0,0,0,0,0,0,313,88,20,97
TAE,2002,3,16,3,1.9,94.9,6.7,1.2,4.4,1.6,12.9,0,953.4,207,0.5,2.3,0,0,0,0,0,0,0,297,55,20,97
TAE,2002,3,16,4,1.5,95.6,6.5,0.9,4.27,1.2,12.2,0,953.4,127,0.5,1.6,0,0,0,0,0,0,0,295,58,20,97
TAE,2002,3,16,5,0.9,95.2,6.2,0.2,4.07,0.6,11.1,0,953.4,162,0.3,1.4,0,0,0,0,0,0,0,277,20,20,97
TAE,2002,3,16,6,0.7,95.5,6.1,0.1,4,0.5,10.7,0,953.7,180,0.2,1.2,126,418,55,30,448,147,30,268,0,20,97
TAE,2002,3,16,7,3.8,90.6,7.2,2.4,4.73,3.2,15.7,0,953.8,90,0.3,1.3,299,666,83,49,662,362,50,272,0,20,97
TAE,2002,3,16,8,7,78.7,7.9,3.6,5.19,5.4,20.1,0,954,18,0.4,1.8,458,774,101,65,664,556,67,284,40,20,97
TAE,2002,3,16,9,9.5,67.9,8,3.9,5.26,6.8,22.8,0,953.6,45,1.7,3.4,512,525,216,113,458,551,112,294,60,20,97
TAE,2002,3,16,10,11,63.4,8.3,4.3,5.46,7.7,24.8,0,953,43,2.1,4.6,580,537,242,126,359,623,125,293,55,20,97
TAE,2002,3,16,11,12.6,58.2,8.5,4.6,5.6,8.5,26.8,0,952.3,40,2.7,5.8,595,517,259,134,200,631,207,301,60,20,97
TAE,2002,3,16,12,14.3,47.4,7.7,3.3,5.07,8.8,27.2,0,951.9,44,3.2,5.8,558,479,259,134,134,580,362,318,75,20,97
TAE,2002,3,16,13,14.8,41.4,7,1.8,4.61,8.4,26.5,0,951.6,46,3,5.6,450,348,258,136,135,429,385,330,88,20,97
TAE,2002,3,16,14,15,41.2,7,1.9,4.61,8.6,26.7,0,950.9,49,2.9,6.3,281,136,219,123,121,216,239,342,100,20,97
TAE,2002,3,16,15,14.7,46,7.7,3.2,5.08,8.9,27.6,0,950.6,57,2,4.2,139,50,122,70,69,94,116,341,100,20,97
TAE,2002,3,16,16,13.6,52.4,8.1,4,5.35,8.7,27.2,0,950.5,77,0.9,3,38,6,37,22,22,22,28,340,100,20,97
TAE,2002,3,16,17,10,71.1,8.7,5,5.74,7.5,24.5,0,950.7,180,0.3,1.6,0,0,0,0,0,0,0,340,100,20,97
TAE,2002,3,16,18,8.1,76.5,8.2,4.2,5.41,6.2,21.7,0,951,180,0.5,1.7,0,0,0,0,0,0,0,339,100,20,97
TAE,2002,3,16,19,6.8,81.1,8,3.8,5.28,5.4,20.1,0,951.1,194,0.5,1.5,0,0,0,0,0,0,0,337,100,20,97
TAE,2002,3,16,20,6.6,82.9,8.1,3.9,5.34,5.3,20,0,951.3,180,0.8,1.9,0,0,0,0,0,0,0,335,100,20,97
TAE,2002,3,16,21,6.4,84.1,8.1,3.9,5.34,5.2,19.8,0,951.2,162,0.7,1.6,0,0,0,0,0,0,0,333,100,20,97
TAE,2002,3,16,22,6.1,86.6,8.1,4,5.34,5.1,19.5,0,951.2,162,0.6,1.6,0,0,0,0,0,0,0,331,100,20,97
TAE,2002,3,16,23,5.6,88.4,8,3.8,5.28,4.8,18.9,0,951,135,0.6,1.2,0,0,0,0,0,0,0,329,100,20,97
TAE,2002,3,17,0,5,91,8,3.7,5.28,4.4,18.3,0,950.9,158,0.6,1.5,0,0,0,0,0,0,0,327,100,20,97
TAE,2002,3,17,1,4.1,92.2,7.5,3,4.95,3.6,16.5,0,950.8,127,0.5,2.5,0,0,0,0,0,0,0,325,100,20,97
TAE,2002,3,17,2,2.8,94.2,7,2,4.61,2.5,14.4,0,950.5,180,0.6,1.8,0,0,0,0,0,0,0,323,100,20,97
TAE,2002,3,17,3,2.7,94.3,7,1.9,4.61,2.4,14.3,0,950.6,162,0.4,1.7,0,0,0,0,0,0,0,308,70,20,97
TAE,2002,3,17,4,2.4,95.5,6.9,1.8,4.55,2.1,13.8,0,950.8,173,0.8,1.7,0,0,0,0,0,0,0,293,40,20,97
TAE,2002,3,17,5,1.5,95.7,6.5,0.9,4.28,1.2,12.2,0,950.8,153,0.9,2.1,13,36,12,7,43,10,7,283,20,20,97
TAE,2002,3,17,6,2,95.3,6.7,1.3,4.41,1.7,13,0,951.1,135,0.7,1.8,118,308,66,36,347,120,35,303,68,20,97
TAE,2002,3,17,7,5.3,88.6,7.9,3.6,5.21,4.5,18.4,0,951.4,180,0.2,1.6,250,345,139,75,408,245,73,312,75,20,97
TAE,2002,3,17,8,8.3,76.3,8.3,4.4,5.47,6.4,22.1,0,951.5,351,0.6,2.6,382,395,198,105,441,380,103,318,88,20,97
TAE,2002,3,17,9,11,66.3,8.7,5,5.74,8,25.5,0,951.4,343,1.8,4.2,513,520,216,113,453,545,113,301,63,20,97
TAE,2002,3,17,10,12.2,62.2,8.9,5.2,5.88,8.6,27.1,0,951,350,1.7,3.7,591,570,228,120,361,640,120,294,50,20,97
TAE,2002,3,17,11,13.9,57.3,9.1,5.6,6.01,9.6,29.2,0,950.8,9,1.4,4.5,604,548,245,128,196,646,203,307,60,20,97
TAE,2002,3,17,12,15.7,46.2,8.2,4.2,5.41,9.8,29.5,0,950.2,291,2.1,5.6,583,564,227,120,120,630,377,292,40,20,97
TAE,2002,3,17,13,15.8,42.3,7.6,3,5.02,9.3,28.6,0,949.7,252,3,7,501,522,210,111,110,534,467,309,60,20,97
TAE,2002,3,17,14,16.1,44.3,8.1,4,5.35,9.9,29.7,0,949.3,274,2.9,6.2,386,474,172,91,91,405,496,309,60,20,97
TAE,2002,3,17,15,15.7,43.4,7.8,3.3,5.15,9.4,28.8,0,949.2,265,2.5,5.8,242,381,118,65,64,247,427,326,80,20,97
TAE,2002,3,17,16,14.6,48.9,8.1,4,5.35,9.2,28.2,0,949.2,259,1,3.3,71,77,60,34,34,52,111,343,100,20,97
TAE,2002,3,17,17,11.7,64.7,8.9,5.3,5.89,8.4,26.6,0,949.4,239,1.1,2.7,0,0,0,0,0,0,0,342,100,20,97
TAE,2002,3,17,18,9.9,69.4,8.4,4.6,5.55,7.3,23.9,0,949.9,222,1.5,2.9,0,0,0,0,0,0,0,341,100,20,97
TAE,2002,3,17,19,9,73.6,8.4,4.5,5.55,6.8,23,0,950,180,0.5,1.9,0,0,0,0,0,0,0,339,100,20,97
TAE,2002,3,17,20,8.1,78,8.4,4.5,5.55,6.3,22.1,0,950,158,0.6,2.9,0,0,0,0,0,0,0,337,100,20,97
TAE,2002,3,17,21,8.4,76.7,8.5,4.6,5.62,6.5,22.6,0,949.9,180,0.6,1.7,0,0,0,0,0,0,0,335,100,20,97
TAE,2002,3,17,22,8.5,76.6,8.5,4.6,5.62,6.6,22.7,0,949.7,164,0.8,1.8,0,0,0,0,0,0,0,333,100,20,97
TAE,2002,3,17,23,7.2,83.8,8.5,4.6,5.62,5.9,21.3,0,949.7,180,0.1,1.5,0,0,0,0,0,0,0,331,100,20,97
TAE,2002,3,18,0,6.4,84.6,8.1,4,5.35,5.3,19.9,0,950,207,0.3,1.8,0,0,0,0,0,0,0,319,88,20,97
TAE,2002,3,18,1,6.1,84,7.9,3.6,5.22,4.9,19.2,0,949.9,135,1.2,2.9,0,0,0,0,0,0,0,307,75,20,97
TAE,2002,3,18,2,4.5,87.6,7.4,2.6,4.88,3.6,16.8,0,949.8,198,0.4,1.8,0,0,0,0,0,0,0,279,43,20,97
TAE,2002,3,18,3,3.7,86.6,6.9,1.7,4.55,2.8,15.1,0,949.7,180,1.1,2.8,0,0,0,0,0,0,0,280,0,20,97
TAE,2002,3,18,4,3.2,84.5,6.5,0.8,4.29,2.2,13.9,0,949.4,135,0.7,2.4,0,0,0,0,0,0,0,278,0,20,97
TAE,2002,3,18,5,1.9,87.8,6.2,0.1,4.09,1.2,12.1,0,949.7,243,0.3,1.7,15,46,14,8,55,12,7,286,20,20,97
TAE,2002,3,18,6,2.5,85.7,6.3,0.4,4.15,1.6,12.9,0,949.8,180,0.3,1.5,127,352,65,35,391,131,35,295,40,20,97
TAE,2002,3,18,7,6.5,71,6.9,1.6,4.55,4.3,18,0,949.8,117,0.5,1.7,277,453,125,67,499,289,66,283,50,20,97
TAE,2002,3,18,8,9.7,62.5,7.5,2.9,4.95,6.5,22.2,0,950,6,1,2.5,416,510,175,92,514,440,92,290,55,20,97
TAE,2002,3,18,9,13,54.8,8.2,4.1,5.42,8.5,26.7,0,949.7,307,1.8,7,505,469,235,123,438,515,121,304,68,20,97
TAE,2002,3,18,10,14.4,47.6,7.8,3.4,5.15,8.9,27.5,0,949.3,248,2.8,6.5,589,539,244,127,359,622,126,298,58,20,97
TAE,2002,3,18,11,15.3,46.2,8,3.8,5.29,9.4,28.8,0,948.8,289,2.8,6.8,700,879,119,88,151,833,170,252,0,20,97
TAE,2002,3,18,12,15.7,46.6,8.3,4.3,5.49,9.8,29.7,0,948.2,262,2.9,7.3,635,735,167,101,101,724,387,275,20,20,97
TAE,2002,3,18,13,15.6,43.3,7.7,3.2,5.1,9.3,28.6,0,947.5,260,3.5,8.3,472,405,245,129,129,461,418,315,68,20,97
TAE,2002,3,18,14,16.1,43.3,7.9,3.6,5.23,9.7,29.4,0,947,262,3,6.3,432,668,124,73,73,491,611,291,43,20,97
TAE,2002,3,18,15,15.4,46.6,8.2,4,5.44,9.5,29.2,0,946.6,272,3,6.4,191,152,140,78,77,153,224,341,100,20,97
TAE,2002,3,18,16,14.8,47.5,8,3.8,5.3,9.2,28.3,0,946.4,242,2.3,5.6,63,38,56,32,32,42,70,340,100,20,97
TAE,2002,3,18,17,12.9,55.3,8.2,4.2,5.43,8.5,26.7,0,946.7,198,2,4.1,0,0,0,0,0,0,0,339,100,20,97
TAE,2002,3,18,18,11.4,62,8.3,4.4,5.5,7.9,25.3,0,947.2,242,1.7,3.7,0,0,0,0,0,0,0,321,80,20,97
TAE,2002,3,18,19,10.2,66.4,8.2,4.2,5.43,7.2,23.9,0,947.1,214,1.1,3.5,0,0,0,0,0,0,0,338,100,20,97
TAE,2002,3,18,20,12.2,56.6,8,3.8,5.3,8,25.6,0,947.1,208,2.7,6.6,0,0,0,0,0,0,0,337,100,20,97
TAE,2002,3,18,21,12.3,59.1,8.4,4.6,5.56,8.4,26.4,0,947.8,245,4.2,13.1,0,0,0,0,0,0,0,337,100,20,97
TAE,2002,3,18,22,9.9,81.1,9.9,6.8,6.57,8.3,26.5,1.3,947.6,243,3.8,10.8,0,0,0,0,0,0,0,337,100,20,97
TAE,2002,3,18,23,9.2,87.4,10.2,7.2,6.77,8.2,26.3,1.5,947.5,232,2.9,8.1,0,0,0,0,0,0,0,336,100,20,97
TAE,2002,3,19,0,9.1,88.8,10.3,7.4,6.84,8.2,26.4,2.2,946.8,207,4.2,11.6,0,0,0,0,0,0,0,336,100,20,97
TAE,2002,3,19,1,9.1,88.3,10.2,7.3,6.78,8.2,26.2,1.3,946.3,210,4.1,9.9,0,0,0,0,0,0,0,336,100,20,97
TAE,2002,3,19,2,9.4,84.5,10,6.9,6.65,8.1,26.2,0.6,945.1,204,4.3,9.2,0,0,0,0,0,0,0,337,100,20,97
TAE,2002,3,19,3,9.4,83.6,9.9,6.8,6.59,8.1,26,1.5,944.9,214,4,9.1,0,0,0,0,0,0,0,337,100,20,97
TAE,2002,3,19,4,9.3,84.6,9.9,6.8,6.59,8,25.9,1.8,944.1,207,4.3,10.3,0,0,0,0,0,0,0,337,100,20,97
TAE,2002,3,19,5,9.6,82.9,9.9,6.8,6.59,8.1,26.2,1.1,944,213,5.1,13.1,1,0,1,1,1,1,1,338,100,20,97
TAE,2002,3,19,6,9.6,83.7,10,7,6.66,8.2,26.4,1.7,944.1,214,5,12.1,9,0,9,6,5,5,5,338,100,20,97
TAE,2002,3,19,7,9.7,85.3,10.3,7.4,6.86,8.5,27,0.9,943.7,209,4.6,10.3,23,0,23,14,13,13,13,339,100,20,97
TAE,2002,3,19,8,10.1,85.4,10.5,7.8,7,8.9,27.8,2.8,943.9,212,4.7,10.7,40,0,40,24,23,22,23,340,100,20,97
TAE,2002,3,19,9,10.4,86.9,11,8.3,7.34,9.3,28.9,2.3,943.7,211,4.9,10.7,58,0,58,34,34,32,33,341,100,20,97
TAE,2002,3,19,10,10.8,87.4,11.3,8.8,7.54,9.7,29.8,1.6,944,221,5.1,14.7,71,0,71,42,41,40,40,342,100,20,97
TAE,2002,3,19,11,11.5,84.8,11.5,9,7.67,10.1,30.9,0.2,944,224,5.6,14.9,76,0,76,45,44,42,43,343,100,20,97
TAE,2002,3,19,12,12.1,83.1,11.8,9.3,7.87,10.5,32,0.1,944.6,228,6.7,16.7,70,0,70,41,40,39,40,343,100,20,97
TAE,2002,3,19,13,12.2,84.5,12,9.7,7.99,10.8,32.4,0.7,945.6,235,6.9,17.7,55,0,55,33,32,31,31,344,100,20,97
TAE,2002,3,19,14,12.4,86,12.4,10.1,8.26,11.1,33.3,0.1,946,230,7.3,15.9,37,0,37,22,22,21,21,345,100,20,97
TAE,2002,3,19,15,12.9,80,11.9,9.5,7.92,11,33,0,946.7,232,6.2,14.6,21,0,21,12,12,11,12,345,100,20,97
TAE,2002,3,19,16,12.7,81.7,12,9.7,7.98,11,32.9,0,947.2,234,6.5,15.4,11,0,11,6,6,6,6,346,100,20,97
TAE,2002,3,19,17,12.6,82.4,12,9.7,7.98,11,32.8,0.1,947.9,235,6.5,17.3,0,0,0,0,0,0,0,347,100,20,97
TAE,2002,3,19,18,12.2,86.2,12.2,10,8.1,11,32.7,1.1,948.9,245,6.5,15.2,0,0,0,0,0,0,0,347,100,20,97
TAE,2002,3,19,19,12,87.7,12.3,10,8.16,10.9,32.6,1.7,949.9,240,6.2,16.4,0,0,0,0,0,0,0,347,100,20,97
TAE,2002,3,19,20,11.9,88.3,12.3,10,8.15,10.8,32.5,0.5,950.9,242,5.9,15.6,0,0,0,0,0,0,0,348,100,20,97
TAE,2002,3,19,21,11.8,88.1,12.2,9.9,8.08,10.7,32.2,0.3,951.6,242,5.7,14.9,0,0,0,0,0,0,0,348,100,20,97
TAE,2002,3,19,22,11.7,88,12.1,9.8,8.01,10.6,32,0.1,951.6,243,6,14.1,0,0,0,0,0,0,0,348,100,20,97
TAE,2002,3,19,23,11.7,86.4,11.8,9.5,7.81,10.5,31.4,0,952,237,5.5,14.7,0,0,0,0,0,0,0,349,100,20,97
TAE,2002,3,20,0,11.5,86.3,11.7,9.3,7.74,10.3,31.1,0.4,952.1,236,5.7,13.7,0,0,0,0,0,0,0,348,100,20,97
TAE,2002,3,20,1,11.2,88.3,11.8,9.3,7.81,10.1,30.9,1.4,951.7,239,6.2,14.3,0,0,0,0,0,0,0,348,100,20,97
TAE,2002,3,20,2,11.3,86.2,11.5,9.1,7.61,10.1,30.5,1.7,951.6,247,6.1,14.5,0,0,0,0,0,0,0,347,100,20,97
TAE,2002,3,20,3,11.3,82.2,11,8.4,7.27,9.7,29.7,1.1,952.4,245,6.5,17.1,0,0,0,0,0,0,0,347,100,20,97
TAE,2002,3,20,4,11.1,84.4,11.2,8.6,7.4,9.7,29.8,0.5,953.2,248,7.7,16.8,0,0,0,0,0,0,0,346,100,20,97
TAE,2002,3,20,5,11.6,78.6,10.7,8,7.06,9.7,29.5,0,953.1,243,6.5,14.6,1,0,1,1,1,1,1,345,100,20,97
TAE,2002,3,20,6,12.1,74.4,10.5,7.7,6.92,9.7,29.6,0,954.1,243,6.5,14.3,12,0,12,7,7,6,7,345,100,20,97
TAE,2002,3,20,7,12.2,73.4,10.4,7.6,6.85,9.7,29.5,0,954.6,241,5.9,15,42,0,42,25,24,23,24,346,100,20,97
TAE,2002,3,20,8,12.2,72.1,10.2,7.3,6.71,9.6,29.2,0,955.8,237,6.3,16.3,59,0,59,35,34,33,34,347,100,20,97
TAE,2002,3,20,9,11.2,82.6,11,8.4,7.24,9.7,29.5,0.2,956.3,232,5.4,12.9,59,0,59,35,35,33,34,348,100,20,97
TAE,2002,3,20,10,11.7,79,10.9,8.2,7.17,9.8,29.8,0,956.8,236,5.7,13.2,76,0,76,45,44,42,43,349,100,20,97
TAE,2002,3,20,11,12.9,73.3,10.9,8.2,7.17,10.3,31.1,0,956.9,241,7,17.3,209,5,205,120,119,118,118,350,100,20,97
TAE,2002,3,20,12,14,67.9,10.9,8.2,7.17,10.8,32.2,0,956.9,237,6.9,17.1,354,83,300,171,169,243,206,351,100,20,97
TAE,2002,3,20,13,14.3,61.9,10.1,7.1,6.64,10.4,31.1,0,956.6,241,7.4,20.9,217,11,211,124,122,125,127,351,100,20,97
TAE,2002,3,20,14,14.7,57.5,9.6,6.4,6.3,10.3,30.7,0,956.7,246,7.2,18.9,165,15,157,92,91,98,102,350,100,20,97
TAE,2002,3,20,15,14.4,57.3,9.4,6.1,6.17,10,30.1,0,956.9,245,6.8,16,29,0,29,17,17,16,17,350,100,20,97
TAE,2002,3,20,16,14.4,54.8,9,5.4,5.91,9.7,29.4,0,957,241,6.3,16.9,23,0,23,14,14,13,13,349,100,20,97
TAE,2002,3,20,17,13.8,58.5,9.2,5.8,6.03,9.6,29.1,0,957.9,249,6.9,16,0,0,0,0,0,0,0,348,100,20,97
TAE,2002,3,20,18,13,64.5,9.6,6.5,6.29,9.6,29,0.1,958.3,239,4.8,11.6,0,0,0,0,0,0,0,348,100,20,97
TAE,2002,3,20,19,12.7,68.3,10,7,6.55,9.7,29.3,0.3,959.4,242,5.7,16.8,0,0,0,0,0,0,0,347,100,20,97
TAE,2002,3,20,20,12.3,71.9,10.3,7.4,6.75,9.7,29.4,0,959.8,234,4.8,13.7,0,0,0,0,0,0,0,346,100,20,97
TAE,2002,3,20,21,12.7,66.7,9.8,6.7,6.42,9.5,29,0,959.5,232,4.2,11.5,0,0,0,0,0,0,0,345,100,20,97
TAE,2002,3,20,22,12.6,68,9.9,6.9,6.48,9.6,29,0,959.5,234,5.5,14.8,0,0,0,0,0,0,0,344,100,20,97
TAE,2002,3,20,23,12.1,73,10.3,7.4,6.75,9.6,29.2,0,959.4,231,4.4,10.8,0,0,0,0,0,0,0,343,100,20,97
TAE,2002,3,21,0,12.4,69.7,10,7,6.55,9.5,29,0,959.5,230,5.1,13.3,0,0,0,0,0,0,0,338,94,20,97
TAE,2002,3,21,1,12.4,68.3,9.8,6.7,6.42,9.4,28.7,0,959,229,4.6,13.8,0,0,0,0,0,0,0,334,88,20,97
TAE,2002,3,21,2,12.6,66.2,9.7,6.5,6.36,9.4,28.7,0,958.8,232,5,12.8,0,0,0,0,0,0,0,334,88,20,97
TAE,2002,3,21,3,12.6,65.8,9.6,6.4,6.29,9.3,28.5,0,959.2,232,5.1,12,0,0,0,0,0,0,0,342,100,20,97
TAE,2002,3,21,4,12.5,66.2,9.6,6.4,6.29,9.3,28.4,0,959.3,233,5,13.2,0,0,0,0,0,0,0,342,100,20,97
TAE,2002,3,21,5,12.1,68.5,9.7,6.5,6.35,9.2,28.2,0,959.1,233,4.7,12,22,73,18,10,84,16,10,333,88,20,97
TAE,2002,3,21,6,12.1,66.5,9.4,6.1,6.15,9,27.7,0,959.4,227,5.2,11.9,112,161,83,47,211,87,45,333,88,20,97
TAE,2002,3,21,7,12.4,67,9.6,6.5,6.29,9.3,28.3,0,959,230,5.4,13.8,207,121,164,94,212,151,91,344,100,20,97
TAE,2002,3,21,8,12.8,66.4,9.8,6.7,6.42,9.6,29.1,0,959.2,237,6,13.7,294,114,238,136,235,211,131,337,88,20,97
TAE,2002,3,21,9,12.5,67,9.7,6.5,6.35,9.3,28.6,0,959.4,247,6.4,13.4,105,0,105,62,61,58,60,348,100,20,97
TAE,2002,3,21,10,13,64.4,9.7,6.4,6.36,9.5,29.1,0,959,243,5.9,14.1,208,3,206,122,121,117,117,349,100,20,97
TAE,2002,3,21,11,14.3,62,10.1,7.1,6.62,10.4,31.1,0,959,251,6.8,14.4,478,210,336,186,227,388,206,342,88,20,97
TAE,2002,3,21,12,14.3,67,10.9,8.3,7.15,11,32.5,0,958.6,262,5.9,12.7,470,231,319,175,174,390,290,343,88,20,97
TAE,2002,3,21,13,14.8,66.5,11.2,8.6,7.36,11.3,33.5,0,958.1,264,4.1,10.9,413,265,264,146,145,354,341,342,88,20,97
TAE,2002,3,21,14,14.7,67.5,11.3,8.8,7.43,11.4,33.6,0,957.4,277,3.6,9.2,255,114,198,112,111,190,208,350,100,20,97
TAE,2002,3,21,15,14.3,66.9,10.9,8.2,7.17,10.9,32.5,0,956.8,260,4.1,9,132,63,114,66,65,88,127,349,100,20,97
TAE,2002,3,21,16,13.7,67.2,10.5,7.7,6.9,10.4,31.2,0,957.1,281,3.8,10.9,34,2,34,20,20,19,21,348,100,20,97
TAE,2002,3,21,17,13,63.5,9.5,6.2,6.24,9.4,28.8,0,957,266,4.8,12,0,0,0,0,0,0,0,347,100,20,97
TAE,2002,3,21,18,12.7,59.7,8.7,5.1,5.71,8.8,27.2,0,956.8,262,5.7,11.6,0,0,0,0,0,0,0,346,100,20,97
TAE,2002,3,21,19,12.5,59.4,8.6,4.8,5.64,8.6,26.8,0,956.6,247,4.6,10.1,0,0,0,0,0,0,0,345,100,20,97
TAE,2002,3,21,20,11.8,66.4,9.2,5.7,6.04,8.7,27.1,0,956.8,223,3.4,8,0,0,0,0,0,0,0,343,100,20,97
TAE,2002,3,21,21,10.4,80,10,7.1,6.57,8.7,27,0.7,956.9,228,4.6,11.1,0,0,0,0,0,0,0,341,100,20,97
TAE,2002,3,21,22,9.6,86.8,10.3,7.5,6.76,8.5,26.7,1.1,958.2,247,5.9,13,0,0,0,0,0,0,0,339,100,20,97
TAE,2002,3,21,23,9.2,88.7,10.3,7.4,6.75,8.3,26.2,0.3,959,258,4.7,11.5,0,0,0,0,0,0,0,320,78,20,97
TAE,2002,3,22,0,9.2,88.5,10.3,7.4,6.75,8.3,26.2,0.3,960,255,2.9,6.1,0,0,0,0,0,0,0,302,55,20,97
TAE,2002,3,22,1,8.6,88.6,9.9,6.8,6.48,7.7,24.9,0.1,960.1,265,2.5,7,0,0,0,0,0,0,0,283,33,20,97
TAE,2002,3,22,2,7.4,91.1,9.4,6,6.15,6.7,22.9,0,960.5,248,1.6,3.4,0,0,0,0,0,0,0,294,50,20,97
TAE,2002,3,22,3,5.9,94.9,8.8,5.1,5.75,5.5,20.4,0,960.5,212,1,2.6,0,0,0,0,0,0,0,332,100,20,97
TAE,2002,3,22,4,6.6,93.5,9.1,5.6,5.95,6.1,21.6,0,960.8,191,0.7,2.3,0,0,0,0,0,0,0,331,100,20,97
TAE,2002,3,22,5,6.9,89.6,8.9,5.3,5.82,6.1,21.5,0,960.7,243,1.6,2.6,10,5,9,6,11,6,5,330,100,20,97
TAE,2002,3,22,6,7.2,87.8,8.9,5.3,5.82,6.3,21.8,0,960.7,241,1.1,4.6,58,20,53,31,51,36,30,329,100,20,97
TAE,2002,3,22,7,7.9,82.3,8.8,5.1,5.75,6.5,22.4,0,960.8,248,3.3,8.2,91,6,89,52,57,52,50,329,100,20,97
TAE,2002,3,22,8,8.3,77.7,8.5,4.6,5.55,6.5,22.3,0,960.9,260,4.7,8.9,95,0,95,56,55,53,54,330,100,20,97
TAE,2002,3,22,9,8.8,72.9,8.3,4.2,5.42,6.6,22.5,0,960.6,246,4.5,9.2,73,0,73,43,43,41,42,330,100,20,97
TAE,2002,3,22,10,9.3,69.5,8.2,4,5.36,6.7,22.8,0,960.4,254,5.1,9.8,79,0,79,47,46,44,45,330,100,20,97
TAE,2002,3,22,11,9.6,68.9,8.2,4.2,5.36,6.9,23.1,0,959.6,257,5.6,11.2,81,0,81,48,47,45,46,330,100,20,97
TAE,2002,3,22,12,10,65.3,8,3.8,5.23,7,23.2,0,959.1,255,5.7,12.3,74,0,74,44,43,41,42,330,100,20,97
TAE,2002,3,22,13,9.8,66.5,8,3.9,5.23,6.9,23,0,958.8,256,6.2,12.3,60,0,60,35,35,33,34,330,100,20,97
TAE,2002,3,22,14,9.7,67.5,8.1,4,5.3,6.9,23.1,0,958.5,261,6.4,12.7,42,0,42,25,24,23,24,330,100,20,97
TAE,2002,3,22,15,9.1,71.5,8.3,4.2,5.44,6.7,22.8,0,958,260,6.6,16,48,0,48,29,28,27,28,329,100,20,97
TAE,2002,3,22,16,9.1,72.1,8.3,4.3,5.44,6.7,22.8,0,957.6,255,5.7,12.8,39,41,34,20,20,25,61,329,100,20,97
TAE,2002,3,22,17,8.7,74.7,8.4,4.5,5.5,6.6,22.6,0,957.9,256,5.9,11.6,1,0,1,1,1,1,1,329,100,20,97
TAE,2002,3,22,18,8.2,79.6,8.6,4.9,5.63,6.6,22.4,1.9,958.3,264,5.5,12.7,0,0,0,0,0,0,0,328,100,20,97
TAE,2002,3,22,19,7.2,89.4,9.1,5.6,5.96,6.4,22.2,4,959,299,3.5,11.8,0,0,0,0,0,0,0,326,100,20,97
TAE,2002,3,22,20,6.1,86.3,8.1,4,5.3,5.1,19.4,1,959.1,264,4,10.1,0,0,0,0,0,0,0,323,100,20,97
TAE,2002,3,22,21,5.8,84,7.8,3.3,5.1,4.6,18.6,0,959.2,264,3.8,8.9,0,0,0,0,0,0,0,304,63,20,97
TAE,2002,3,22,22,5.7,85.9,7.9,3.5,5.17,4.7,18.7,0,959.2,254,2.6,6,0,0,0,0,0,0,0,317,100,20,97
TAE,2002,3,22,23,4.4,89.7,7.5,2.9,4.9,3.7,16.7,0.8,959.7,309,2.3,10.5,0,0,0,0,0,0,0,313,100,20,97
TAE,2002,3,23,0,4.6,87.3,7.4,2.7,4.83,3.7,16.7,0,959.6,259,2.1,4.6,0,0,0,0,0,0,0,309,100,21,97
TAE,2002,3,23,1,3.8,89.2,7.2,2.2,4.7,3.1,15.6,0,959.8,284,0.9,3.4,0,0,0,0,0,0,0,305,100,21,97
TAE,2002,3,23,2,4,89.3,7.3,2.4,4.77,3.3,16,0,960,351,1.3,4.5,0,0,0,0,0,0,0,299,100,21,97
TAE,2002,3,23,3,3.3,87.5,6.8,1.4,4.43,2.5,14.4,0.4,960.5,39,1.5,5,0,0,0,0,0,0,0,293,100,21,97
TAE,2002,3,23,4,1.8,90.3,6.3,0.4,4.1,1.2,12.1,1,961.4,76,1.5,6.8,0,0,0,0,0,0,0,286,100,21,97
TAE,2002,3,23,5,1.2,90.6,6.1,-0.2,3.97,0.6,11.1,0.2,962,117,0.5,2.6,24,111,16,9,122,18,9,280,100,21,97
TAE,2002,3,23,6,1.6,84.1,5.8,-0.8,3.77,0.6,11,0,962.5,97,0.9,3.5,167,474,70,39,519,160,38,260,50,21,97
TAE,2002,3,23,7,2.2,77.1,5.5,-1.4,3.57,0.8,11.1,0,963,63,1.1,3.6,316,529,130,72,577,312,72,263,58,21,97
TAE,2002,3,23,8,2.7,71.7,5.3,-1.9,3.44,0.9,11.3,0,963.1,62,1.5,4.4,329,150,254,144,276,246,139,277,100,21,97
TAE,2002,3,23,9,3.2,68.4,5.2,-2,3.38,1.1,11.7,0,963.4,27,1.1,3.3,240,33,221,129,153,150,125,280,100,21,97
TAE,2002,3,23,10,3.3,67.1,5.2,-2.2,3.38,1.1,11.8,0,963.5,13,1.9,4.3,270,40,243,142,158,174,137,282,100,21,97
TAE,2002,3,23,11,4.1,61.1,5,-2.7,3.25,1.4,12.2,0,963.3,312,1.7,5.1,350,49,316,184,197,223,179,285,100,21,97
TAE,2002,3,23,12,5,56.9,5,-2.8,3.25,1.9,13.2,0,963.2,309,2.4,4.9,323,30,304,178,176,196,189,287,100,21,97
TAE,2002,3,23,13,5.4,52.2,4.7,-3.6,3.05,1.9,13.1,0,962.9,310,2.6,6,362,108,300,172,170,254,250,285,100,21,97
TAE,2002,3,23,14,5,58.7,5.1,-2.4,3.31,2,13.3,0,963,315,3.1,6.6,192,10,187,111,109,111,115,283,100,21,97
TAE,2002,3,23,15,5.2,58.6,5.2,-2.2,3.38,2.2,13.7,0,963.1,328,3.2,6.4,93,6,91,54,53,54,58,281,100,21,97
TAE,2002,3,23,16,3.5,73.3,5.8,-0.8,3.77,1.7,12.9,0,963.4,15,2.4,7.3,88,78,73,43,42,59,121,279,100,21,97
TAE,2002,3,23,17,3.3,73.2,5.7,-1,3.7,1.6,12.6,0,963.9,27,1.3,4.8,5,0,5,3,3,3,3,277,100,21,97
TAE,2002,3,23,18,3.1,72.2,5.5,-1.4,3.57,1.3,12,0,964.4,355,2.2,4.4,0,0,0,0,0,0,0,268,75,21,97
TAE,2002,3,23,19,2.8,68.8,5.1,-2.4,3.31,0.8,11.1,0,964.6,8,1.5,4.5,0,0,0,0,0,0,0,275,100,21,97
TAE,2002,3,23,20,2.4,74.9,5.4,-1.6,3.5,0.8,11.2,0,964.6,342,1,3,0,0,0,0,0,0,0,274,100,21,97
TAE,2002,3,23,21,2.1,76.7,5.5,-1.6,3.57,0.6,11,0,964.8,270,1.1,2.6,0,0,0,0,0,0,0,274,100,21,97
TAE,2002,3,23,22,2.1,75.9,5.4,-1.7,3.5,0.6,10.9,0,964.6,247,1.3,2.8,0,0,0,0,0,0,0,274,100,21,97
TAE,2002,3,23,23,1.4,83.7,5.7,-1.1,3.7,0.4,10.6,0.4,965,18,1.8,10.1,0,0,0,0,0,0,0,273,100,21,97
TAE,2002,3,24,0,-0.1,94,5.7,-0.9,3.7,-0.4,9.1,0.1,964.7,54,0.9,4.4,0,0,0,0,0,0,0,272,100,21,97
TAE,2002,3,24,1,-0.2,93,5.6,-1.2,3.63,-0.6,8.9,0,964.6,39,0.7,2,0,0,0,0,0,0,0,271,100,21,97
TAE,2002,3,24,2,-0.2,93.9,5.7,-1.1,3.7,-0.5,9,0,964.6,45,0.3,1.3,0,0,0,0,0,0,0,269,100,21,97
TAE,2002,3,24,3,-0.1,93.8,5.7,-1,3.7,-0.5,9.1,0,964.6,270,0.8,1.8,0,0,0,0,0,0,0,267,100,21,97
TAE,2002,3,24,4,0,92.5,5.7,-1.1,3.7,-0.4,9.2,0,964.6,135,0.2,1.4,0,0,0,0,0,0,0,265,100,21,97
TAE,2002,3,24,5,0.2,92.2,5.7,-0.9,3.7,-0.2,9.4,0.1,965,45,0.2,1.4,2,0,2,1,1,1,1,263,100,21,97
TAE,2002,3,24,6,0.2,91.3,5.7,-1,3.7,-0.3,9.4,0,965.1,68,0.6,1.6,118,107,95,55,164,82,53,262,100,21,97
TAE,2002,3,24,7,0.3,89.5,5.6,-1.2,3.63,-0.3,9.4,0,965.4,63,0.7,2.3,205,77,176,102,177,137,99,262,100,21,97
TAE,2002,3,24,8,1,85.8,5.6,-1.1,3.63,0.2,10.1,0,965.6,68,1.6,5.4,260,45,236,138,176,164,134,262,100,21,97
TAE,2002,3,24,9,2.2,75.1,5.4,-1.7,3.5,0.7,11,0,965.6,55,3.2,7.7,247,93,192,109,180,183,106,262,100,21,97
TAE,2002,3,24,10,2.5,67,4.9,-3,3.17,0.4,10.4,0,965.4,70,2.7,7,284,24,268,158,166,172,152,262,100,21,97
TAE,2002,3,24,11,3.3,61.5,4.8,-3.4,3.11,0.7,11.1,0,965.3,42,3.2,6.9,190,4,187,111,111,109,107,264,100,21,97
TAE,2002,3,24,12,3.5,59.3,4.6,-3.7,2.98,0.8,11,0,965,41,3.7,7.7,418,135,330,187,185,307,263,266,100,21,97
TAE,2002,3,24,13,3.6,55.9,4.4,-4.4,2.85,0.6,10.7,0,965.1,31,3.6,7.8,307,91,255,147,145,214,216,264,100,21,97
TAE,2002,3,24,14,3.4,56.6,4.4,-4.4,2.85,0.5,10.5,0,964.9,32,3.8,8.8,303,136,240,137,135,220,259,259,88,21,97
TAE,2002,3,24,15,3.2,58.8,4.5,-4.1,2.91,0.5,10.5,0,964.8,52,2.6,5.9,127,35,117,68,68,79,102,261,100,21,97
TAE,2002,3,24,16,2.6,62.7,4.6,-3.8,2.98,0.2,10.1,0,964.8,85,1.2,3.3,88,110,64,36,36,65,149,257,88,21,97
TAE,2002,3,24,17,2.4,65.8,4.8,-3.3,3.11,0.2,10.2,0,965.3,43,2.4,5.4,2,0,2,1,1,1,1,260,100,21,97
TAE,2002,3,24,18,1.7,70.1,4.9,-3.2,3.17,-0.1,9.6,0,965.3,108,1.1,2.9,0,0,0,0,0,0,0,259,100,21,97
TAE,2002,3,24,19,1.6,73.5,5,-2.6,3.24,0,9.7,0,965.5,67,0.8,2.3,0,0,0,0,0,0,0,258,100,21,97
TAE,2002,3,24,20,1.5,73,5,-2.8,3.24,-0.1,9.6,0,965.5,70,1.2,2.4,0,0,0,0,0,0,0,257,100,21,97
TAE,2002,3,24,21,1.2,70.4,4.7,-3.6,3.04,-0.6,8.8,0,965.3,77,1.4,3.7,0,0,0,0,0,0,0,256,100,21,97
TAE,2002,3,24,22,1.1,70.1,4.6,-3.7,2.98,-0.7,8.5,0,964.8,86,1.6,4.6,0,0,0,0,0,0,0,255,100,21,97
TAE,2002,3,24,23,0.8,76,4.9,-2.9,3.18,-0.6,8.7,0,964.4,77,1.8,3.5,0,0,0,0,0,0,0,253,100,21,97
TAE,2002,3,25,0,0.4,78.6,5,-2.9,3.24,-0.8,8.5,0,964,72,2.1,4.7,0,0,0,0,0,0,0,252,100,20,97
TAE,2002,3,25,1,-0.1,79.3,4.8,-3.2,3.11,-1.2,7.7,0,963.7,78,1.9,4.6,0,0,0,0,0,0,0,250,100,20,97
TAE,2002,3,25,2,0.1,79.5,4.9,-3,3.18,-1,8,0,963.2,63,2,4.8,0,0,0,0,0,0,0,248,100,20,97
TAE,2002,3,25,3,-0.1,81.4,4.9,-2.9,3.18,-1.1,7.8,0,962.9,60,2.4,5.2,0,0,0,0,0,0,0,246,100,20,97
TAE,2002,3,25,4,-0.4,82.5,4.9,-3,3.18,-1.4,7.5,0,962.7,64,2.8,6.3,0,0,0,0,0,0,0,244,100,20,97
TAE,2002,3,25,5,-0.7,83.4,4.9,-3.2,3.18,-1.6,7.2,0,962.8,50,3.3,6.8,30,144,18,10,157,21,9,242,100,20,97
TAE,2002,3,25,6,-0.6,83.5,4.9,-3,3.18,-1.5,7.3,0,962.9,51,2.6,5.9,115,82,97,56,140,75,54,241,100,20,97
TAE,2002,3,25,7,0.1,78.1,4.8,-3.3,3.12,-1.1,7.9,0,963,51,3.3,7.1,177,32,164,96,126,107,92,243,100,20,97
TAE,2002,3,25,8,0.6,75.5,4.8,-3.2,3.12,-0.8,8.4,0,963.1,44,3.2,7.4,338,143,265,149,276,246,144,245,100,20,97
TAE,2002,3,25,9,1.7,66.7,4.6,-3.8,2.99,-0.3,9.2,0,963,46,3.5,7.9,331,57,297,172,213,212,166,246,100,20,97
TAE,2002,3,25,10,2,59.7,4.2,-5,2.73,-0.5,8.8,0,962.8,55,3.9,7.9,307,15,297,174,179,178,168,248,100,20,97
TAE,2002,3,25,11,2.4,53.6,3.9,-6,2.53,-0.6,8.7,0,962.5,67,3.6,8.5,375,45,344,200,205,234,201,253,100,20,97
TAE,2002,3,25,12,3.6,48.4,3.8,-6.3,2.47,0.1,9.8,0,962.1,68,3.6,8,358,56,321,186,184,228,213,260,100,20,97
TAE,2002,3,25,13,3.7,49.4,3.9,-5.9,2.53,0.2,10,0,962,47,4.4,8.6,368,102,306,174,172,254,245,258,100,20,97
TAE,2002,3,25,14,3.8,48,3.8,-6.2,2.47,0.2,10,0,961.7,57,4.1,8.7,302,112,248,141,139,210,241,256,100,20,97
TAE,2002,3,25,15,3.4,50.6,3.9,-5.9,2.53,0.1,9.7,0,961.5,64,3.5,7.5,253,282,160,88,87,207,370,251,80,20,97
TAE,2002,3,25,16,3.5,51.3,4,-5.6,2.6,0.2,10,0,961.4,51,3.7,7.3,133,329,76,41,41,107,380,248,75,20,97
TAE,2002,3,25,17,2.8,58.3,4.4,-4.6,2.86,0.1,10,0,961.7,49,2.3,5.8,22,82,18,10,10,12,94,251,100,20,97
TAE,2002,3,25,18,2.4,62,4.5,-4.1,2.92,0,9.7,0,962,55,1.6,3.5,0,0,0,0,0,0,0,249,100,20,97
TAE,2002,3,25,19,0.3,71.3,4.5,-4.3,2.92,-1.3,7.6,0,962.2,63,0.5,3,0,0,0,0,0,0,0,247,100,20,97
TAE,2002,3,25,20,-2.2,85.5,4.5,-4.3,2.92,-2.9,5.1,0,962.2,180,0.1,1.1,0,0,0,0,0,0,0,246,100,20,97
TAE,2002,3,25,21,-2.5,84.1,4.3,-4.8,2.79,-3.3,4.4,0,962.2,0,0.1,1.2,0,0,0,0,0,0,0,244,100,20,97
TAE,2002,3,25,22,-2.9,85.2,4.2,-5,2.73,-3.6,3.9,0,961.9,135,0.3,1.9,0,0,0,0,0,0,0,242,100,20,97
TAE,2002,3,25,23,-3.2,86.3,4.2,-5.2,2.73,-3.9,3.6,0,961.3,143,0.5,1.7,0,0,0,0,0,0,0,234,67,20,97
TAE,2002,3,26,0,-4.1,90.4,4.1,-5.4,2.66,-4.5,2.5,0,961.1,135,0.1,1.1,0,0,0,0,0,0,0,227,33,22,97
TAE,2002,3,26,1,-4.3,89,4,-5.8,2.6,-4.8,2.1,0,960.9,0,0,1.2,0,0,0,0,0,0,0,219,0,22,97
TAE,2002,3,26,2,-4.5,90.4,4,-5.8,2.6,-4.9,1.9,0,961.1,217,0.6,1.6,0,0,0,0,0,0,0,222,20,22,97
TAE,2002,3,26,3,-4.6,91.3,4,-5.8,2.6,-5,1.8,0,961,143,0.5,2.1,0,0,0,0,0,0,0,217,0,22,97
TAE,2002,3,26,4,-5.2,92.5,3.8,-6.2,2.47,-5.5,0.9,0,961.2,180,0.2,1.2,0,0,0,0,0,0,0,216,0,22,97
TAE,2002,3,26,5,-5,91.7,3.9,-6.1,2.53,-5.3,1.3,0,961.6,180,0.1,0.9,30,124,19,11,137,20,11,215,0,22,97
TAE,2002,3,26,6,-3.7,89.9,4.2,-5.1,2.73,-4.2,3.1,0,961.7,135,0.3,1.7,178,408,88,49,467,154,48,221,33,22,97
TAE,2002,3,26,7,-2.3,89.2,4.6,-3.8,2.99,-2.8,5.1,0,962,45,0.6,2.8,335,485,151,83,553,316,82,228,45,22,97
TAE,2002,3,26,8,-1.1,83.9,4.7,-3.5,3.05,-2,6.5,0,962.3,37,2,4.3,414,320,250,138,422,358,136,235,63,22,97
TAE,2002,3,26,9,-0.7,83,4.8,-3.2,3.12,-1.6,7.1,0,962.4,30,1.9,4.3,457,211,325,183,335,364,178,241,75,22,97
TAE,2002,3,26,10,0.5,79.2,5,-2.7,3.25,-0.7,8.6,0,962,34,1.9,4.3,701,740,194,124,384,742,126,236,20,22,97
TAE,2002,3,26,11,2.6,70.7,5.2,-2.2,3.38,0.7,11.1,0,961.7,35,2,5.5,732,772,191,120,196,786,215,241,13,22,97
TAE,2002,3,26,12,4.2,62.4,5.2,-2.3,3.38,1.6,12.7,0,961.4,45,2.6,6.1,650,593,252,139,139,659,431,254,33,22,97
TAE,2002,3,26,13,5,54.1,4.7,-3.5,3.06,1.7,12.7,0,961.1,30,3,6.8,650,902,108,88,89,712,640,241,0,22,97
TAE,2002,3,26,14,5.7,50.1,4.6,-3.9,2.99,2,13.2,0,960.8,42,3,7,505,802,111,77,77,535,730,241,0,22,97
TAE,2002,3,26,15,5.9,48.7,4.5,-4.1,2.93,2,13.3,0,960.7,44,3.2,7.1,332,671,98,60,60,331,701,240,0,22,97
TAE,2002,3,26,16,5.6,49.1,4.5,-4.2,2.93,1.8,13,0,960.9,62,2.6,5.2,155,497,62,36,35,134,542,240,0,22,97
TAE,2002,3,26,17,4.7,52.4,4.5,-4.2,2.93,1.3,12.1,0,961.1,77,1.8,4.9,15,87,11,6,6,8,94,240,0,22,97
TAE,2002,3,26,18,2.2,63.7,4.5,-4,2.93,-0.1,9.5,0,961.3,110,1.2,2.8,0,0,0,0,0,0,0,239,0,22,97
TAE,2002,3,26,19,1.7,67.9,4.7,-3.6,3.05,-0.3,9.3,0,961.8,63,1.6,5.3,0,0,0,0,0,0,0,237,0,22,97
TAE,2002,3,26,20,0.2,74.6,4.6,-3.8,2.99,-1.2,7.7,0,961.9,90,0.9,4.1,0,0,0,0,0,0,0,235,0,22,97
TAE,2002,3,26,21,-1.9,83.6,4.5,-4.3,2.92,-2.7,5.4,0,962,90,0.1,1.6,0,0,0,0,0,0,0,233,0,22,97
TAE,2002,3,26,22,-2.8,88.4,4.4,-4.4,2.86,-3.3,4.3,0,962,225,0.1,1,0,0,0,0,0,0,0,231,0,22,97
TAE,2002,3,26,23,-3.1,89.7,4.4,-4.5,2.86,-3.6,4,0,961.9,135,0.5,1.7,0,0,0,0,0,0,0,233,18,22,97
TAE,2002,3,27,0,-3.2,90.9,4.4,-4.5,2.86,-3.6,3.9,0,961.8,360,0.3,1.7,0,0,0,0,0,0,0,236,37,22,97
TAE,2002,3,27,1,-3.7,92.1,4.3,-4.8,2.79,-4.1,3.2,0,961.5,72,0.6,2.1,0,0,0,0,0,0,0,238,55,22,97
TAE,2002,3,27,2,-3.5,90.3,4.3,-4.9,2.79,-4,3.4,0,961.4,76,0.4,2,0,0,0,0,0,0,0,237,55,22,97
TAE,2002,3,27,3,-3.3,92,4.4,-4.4,2.86,-3.7,3.8,0,961.3,45,0.9,1.7,0,0,0,0,0,0,0,234,45,22,97
TAE,2002,3,27,4,-2.1,88.2,4.6,-3.8,2.99,-2.7,5.3,0,961.2,68,1.1,2.9,0,0,0,0,0,0,0,232,45,22,97
TAE,2002,3,27,5,-1.7,86.3,4.7,-3.7,3.06,-2.4,5.9,0,961.4,60,1.5,4.3,29,86,20,12,100,18,12,232,50,22,97
TAE,2002,3,27,6,-1.8,87.4,4.7,-3.6,3.05,-2.4,5.8,0,961.7,38,1.8,4.5,128,106,104,61,170,85,59,241,88,22,97
TAE,2002,3,27,7,-1.4,86.6,4.8,-3.3,3.12,-2.1,6.4,0,962.1,38,2.4,4.3,226,94,189,110,203,153,107,249,100,22,97
TAE,2002,3,27,8,-0.9,84.9,4.9,-3.1,3.18,-1.7,7,0,962.7,36,2.6,4.7,271,45,247,146,185,170,141,254,100,22,97
TAE,2002,3,27,9,-0.2,81.4,4.9,-3,3.18,-1.2,7.7,0,962.9,41,2.3,4.6,358,68,315,185,232,236,179,260,100,22,97
TAE,2002,3,27,10,1.4,75.9,5.2,-2.4,3.38,-0.1,9.8,0,962.7,87,2,5.1,513,227,356,199,309,413,194,268,80,22,97
TAE,2002,3,27,11,3.3,68.9,5.3,-1.9,3.44,1.2,11.9,0,962.7,62,2.3,6.5,602,374,338,183,236,543,252,272,55,22,97
TAE,2002,3,27,12,5.3,59.4,5.3,-2,3.44,2.3,14,0,962.6,55,3.5,8.2,583,392,317,171,170,531,382,283,60,22,97
TAE,2002,3,27,13,6.1,54,5.1,-2.5,3.31,2.6,14.4,0,962.4,57,4,8.2,539,466,258,140,140,508,483,272,43,22,97
TAE,2002,3,27,14,7.3,49.5,5.1,-2.6,3.32,3.2,15.7,0,961.9,73,3.8,8.7,476,645,152,91,91,477,628,259,20,22,97
TAE,2002,3,27,15,8,46.2,4.9,-2.8,3.19,3.5,16,0,961.8,48,4.1,8.8,270,316,161,89,88,224,406,271,50,22,97
TAE,2002,3,27,16,7.4,48.1,4.9,-2.9,3.18,3.2,15.4,0,962.1,46,4.8,9.8,156,472,65,37,37,129,518,257,25,22,97
TAE,2002,3,27,17,5.7,55.2,5.1,-2.6,3.31,2.4,14,0,962.5,41,3.2,7,11,0,11,7,7,7,7,258,33,22,97
TAE,2002,3,27,18,3.9,61,4.9,-2.9,3.18,1.2,11.9,0,963.1,51,2.1,4.3,0,0,0,0,0,0,0,259,40,22,97
TAE,2002,3,27,19,3.2,62,4.8,-3.4,3.11,0.7,11,0,963.4,68,2.7,7.2,0,0,0,0,0,0,0,253,40,22,97
TAE,2002,3,27,20,2.2,65.6,4.7,-3.6,3.05,0,9.8,0,963.4,67,2.9,6.8,0,0,0,0,0,0,0,248,40,22,97
TAE,2002,3,27,21,1.2,68.6,4.6,-3.9,2.98,-0.7,8.7,0,963.3,68,2.7,6.9,0,0,0,0,0,0,0,243,40,22,97
TAE,2002,3,27,22,0.7,69.6,4.5,-4.2,2.92,-1.1,8,0,963,78,2,5.8,0,0,0,0,0,0,0,243,50,22,97
TAE,2002,3,27,23,-0.2,74,4.4,-4.3,2.86,-1.7,6.9,0,962.6,68,1.6,5.1,0,0,0,0,0,0,0,238,33,22,97
TAE,2002,3,28,0,-2.1,83.5,4.4,-4.5,2.86,-2.9,5,0,962.4,27,0.3,2.2,0,0,0,0,0,0,0,233,17,20,97
TAE,2002,3,28,1,-1,77,4.4,-4.5,2.86,-2.2,6.1,0,962.2,110,1.2,2.9,0,0,0,0,0,0,0,228,0,20,97
TAE,2002,3,28,2,-2,82.3,4.4,-4.6,2.86,-2.9,5.1,0,962,108,0.6,2.1,0,0,0,0,0,0,0,227,0,20,97
TAE,2002,3,28,3,-3.6,87.9,4.1,-5.3,2.66,-4.2,3,0,962.3,0,0,0.9,0,0,0,0,0,0,0,227,0,20,97
TAE,2002,3,28,4,-4.1,88.8,4,-5.7,2.6,-4.6,2.3,0,962.6,135,0.4,2.7,0,0,0,0,0,0,0,226,0,20,97
TAE,2002,3,28,5,-3.8,89.8,4.1,-5.2,2.66,-4.3,2.8,0,962.8,117,0.2,2.6,38,167,21,12,184,23,11,229,13,20,97
TAE,2002,3,28,6,-3.2,88.4,4.3,-4.8,2.79,-3.7,3.7,0,963,180,0.1,1.1,205,566,71,40,611,178,40,226,0,20,97
TAE,2002,3,28,7,-0.6,80.4,4.7,-3.5,3.05,-1.6,7,0,963,45,0.7,2.3,389,755,92,58,753,385,59,231,0,20,97
TAE,2002,3,28,8,1.2,73,4.9,-3.1,3.18,-0.4,9.1,0,963.3,43,1.9,4.3,554,852,104,74,726,576,76,236,0,20,97
TAE,2002,3,28,9,2.7,66.7,4.9,-2.9,3.18,0.5,10.7,0,963.1,56,2.2,5.2,681,900,113,86,592,725,89,241,0,20,97
TAE,2002,3,28,10,4.6,61.8,5.2,-2.1,3.38,1.9,13.1,0,962.9,41,2.8,6.1,759,922,120,94,392,816,98,246,0,20,97
TAE,2002,3,28,11,6.4,55.6,5.4,-1.8,3.51,3,15.2,0,962.4,45,3.2,7.6,778,917,127,97,160,837,192,251,0,20,97
TAE,2002,3,28,12,7.4,51,5.3,-2.1,3.45,3.4,16.1,0,961.8,41,4,8.2,744,914,121,93,95,798,449,211,0,20,97
TAE,2002,3,28,13,9,43,5,-2.9,3.25,4,17.2,0,961.1,54,3.8,8.1,654,885,114,84,85,691,632,211,0,20,97
TAE,2002,3,28,14,10.2,41.6,5.2,-2.3,3.39,4.8,18.8,0,960.6,58,3.8,7.6,513,804,111,73,73,523,730,211,0,20,97
TAE,2002,3,28,15,10.7,42.7,5.5,-1.5,3.58,5.4,19.8,0,959.8,50,3.8,7.5,345,714,91,55,55,332,734,211,0,20,97
TAE,2002,3,28,16,10.5,41.3,5.2,-2.1,3.39,5.1,19.1,0,959.5,59,3.7,7.5,163,510,63,35,35,131,555,211,0,20,97
TAE,2002,3,28,17,8.6,50,5.5,-1.2,3.59,4.4,17.7,0,959.7,47,2.2,5.1,10,0,10,7,7,7,7,211,0,20,97
TAE,2002,3,28,18,6.9,54.8,5.4,-1.6,3.52,3.3,15.8,0,959.8,47,1.8,3.5,0,0,0,0,0,0,0,211,0,20,97
TAE,2002,3,28,19,6.2,56.1,5.3,-1.9,3.45,2.9,14.9,0,959.6,81,2,4.7,0,0,0,0,0,0,0,250,0,20,97
TAE,2002,3,28,20,5.3,58.3,5.2,-2.2,3.39,2.3,13.8,0,959.5,90,1.8,4.5,0,0,0,0,0,0,0,247,0,20,97
TAE,2002,3,28,21,4.6,58,4.9,-2.9,3.19,1.6,12.6,0,959.2,87,2,4.9,0,0,0,0,0,0,0,244,0,20,97
TAE,2002,3,28,22,2.7,66.5,4.9,-2.9,3.19,0.5,10.7,0,959.3,80,1.1,2.9,0,0,0,0,0,0,0,241,0,20,97
TAE,2002,3,28,23,-0.1,79.6,4.8,-3.2,3.13,-1.2,7.7,0,959.2,135,0.4,1.5,0,0,0,0,0,0,0,239,0,20,97
TAE,2002,3,29,0,-1.9,86.1,4.6,-3.9,3,-2.6,5.5,0,959.1,135,0.2,1.2,0,0,0,0,0,0,0,236,0,20,97
TAE,2002,3,29,1,-2.4,88.2,4.5,-4.1,2.93,-3,4.9,0,959.2,153,0.5,1.4,0,0,0,0,0,0,0,234,0,20,97
TAE,2002,3,29,2,-2.2,88.4,4.6,-3.9,3,-2.8,5.2,0,959,150,0.9,2.5,0,0,0,0,0,0,0,233,0,20,97
TAE,2002,3,29,3,-2.7,89.4,4.5,-4.2,2.93,-3.2,4.6,0,959.2,135,0.2,1.5,0,0,0,0,0,0,0,232,0,20,97
TAE,2002,3,29,4,-3.5,91.3,4.3,-4.7,2.8,-3.9,3.4,0,959.5,153,0.3,1.6,0,0,0,0,0,0,0,231,0,20,97
TAE,2002,3,29,5,-3.6,92.2,4.3,-4.7,2.8,-4,3.3,0,959.9,180,0.2,1.4,41,180,22,12,197,24,12,232,13,20,97
TAE,2002,3,29,6,-2.4,90.9,4.6,-3.7,2.99,-2.9,5,0,960.6,0,0,0,212,572,74,41,619,179,41,230,0,20,97
TAE,2002,3,29,7,1,82.2,5.4,-1.7,3.52,0,9.8,0,960.7,360,0.3,1.8,400,775,91,58,769,389,59,236,0,20,97
TAE,2002,3,29,8,3.6,71.5,5.6,-1.1,3.65,1.7,12.7,0,960.8,45,1.2,2.8,565,861,105,74,732,579,76,242,0,20,97
TAE,2002,3,29,9,6.2,63.5,6.1,-0.2,3.98,3.5,16.2,0,960.5,37,1,2.8,691,906,115,86,594,726,89,226,0,20,97
TAE,2002,3,29,10,8.7,53.1,5.9,-0.3,3.85,4.7,18.4,0,960,37,1,3,768,926,122,94,394,816,97,213,0,20,97
TAE,2002,3,29,11,11.5,40.4,5.5,-1.5,3.59,5.8,20.6,0,959.3,51,1.5,3.9,788,925,126,97,158,838,193,224,0,20,97
TAE,2002,3,29,12,13.2,39.3,5.9,-0.3,3.85,7,23,0,958.8,28,2.1,5,753,920,121,93,94,797,453,234,0,20,97
TAE,2002,3,29,13,14.5,28.6,4.7,-3.5,3.07,6.6,22.3,0,958.5,52,2.4,5.3,660,888,115,84,85,688,636,234,0,20,97
TAE,2002,3,29,14,14.9,26.1,4.4,-4.4,2.87,6.5,22.2,0,958.2,58,2.9,6.5,520,817,108,71,72,523,738,235,0,20,97
TAE,2002,3,29,15,14.9,27.3,4.6,-3.8,3,6.7,22.6,0,957.9,78,2.4,4.9,348,701,94,56,56,326,724,235,0,20,97
TAE,2002,3,29,16,14.6,29.4,4.9,-3,3.2,6.8,22.8,0,957.8,77,1.9,4.8,167,518,63,35,35,130,563,235,0,20,97
TAE,2002,3,29,17,10.7,46.3,5.9,-0.3,3.85,5.8,20.5,0,958,162,0.5,2.3,11,0,11,7,7,7,7,235,0,20,97
TAE,2002,3,29,18,5.8,65.1,6,-0.2,3.92,3.2,15.7,0,958.5,219,1.5,3,0,0,0,0,0,0,0,232,0,20,97
TAE,2002,3,29,19,5.1,65.1,5.7,-0.9,3.72,2.6,14.4,0,958.7,149,1.2,3.1,0,0,0,0,0,0,0,223,0,20,97
TAE,2002,3,29,20,2.9,75.1,5.6,-1.1,3.65,1.3,12.1,0,958.7,146,0.8,2.1,0,0,0,0,0,0,0,215,0,20,97
TAE,2002,3,29,21,2.5,77.1,5.6,-1.1,3.65,1.1,11.6,0,958.7,153,0.4,2.1,0,0,0,0,0,0,0,255,0,20,97
TAE,2002,3,29,22,1,82.8,5.4,-1.6,3.52,0,9.8,0,958.8,153,0.2,1.4,0,0,0,0,0,0,0,251,0,20,97
TAE,2002,3,29,23,1,83.1,5.4,-1.5,3.52,0,9.8,0,959,158,0.5,2,0,0,0,0,0,0,0,253,17,20,97
TAE,2002,3,30,0,0.4,84.7,5.3,-1.9,3.46,-0.5,9,0,959,153,0.7,1.7,0,0,0,0,0,0,0,256,33,20,97
TAE,2002,3,30,1,-0.4,86.5,5.1,-2.4,3.33,-1.1,7.9,0,958.8,144,0.9,2.2,0,0,0,0,0,0,0,258,50,20,97
TAE,2002,3,30,2,-0.7,87.4,5.1,-2.5,3.33,-1.4,7.6,0,958.9,135,0.7,2,0,0,0,0,0,0,0,270,100,20,97
TAE,2002,3,30,3,-0.4,87.6,5.2,-2.2,3.39,-1.1,8,0,959.1,141,0.7,1.6,0,0,0,0,0,0,0,268,100,20,97
TAE,2002,3,30,4,-0.6,88.5,5.2,-2.3,3.39,-1.2,7.8,0,959.2,143,0.5,1.4,0,0,0,0,0,0,0,267,100,20,97
TAE,2002,3,30,5,-0.5,88.6,5.2,-2.1,3.39,-1.1,7.9,0,959.2,149,0.6,2.1,3,0,3,2,2,2,2,265,100,20,97
TAE,2002,3,30,6,1,84.6,5.5,-1.3,3.59,0.1,10,0,959.7,135,0.3,1.7,45,0,45,27,26,25,26,268,100,20,97
TAE,2002,3,30,7,4.2,74.6,6.1,0.1,3.98,2.5,14.2,0,959.8,27,0.2,1.1,131,2,130,77,77,73,74,285,100,20,97
TAE,2002,3,30,8,6.7,63.1,6.2,0.2,4.04,3.9,16.9,0,960.2,27,0.5,2.4,184,1,183,108,108,102,104,301,100,20,97
TAE,2002,3,30,9,9.7,46.7,5.6,-1.1,3.65,5,18.9,0,960.3,215,2.1,5.4,166,1,165,97,97,92,94,316,100,20,97
TAE,2002,3,30,10,10,46,5.6,-1.1,3.65,5.1,19.2,0,960.4,260,3,6.4,99,0,99,58,58,55,56,322,100,20,97
TAE,2002,3,30,11,9.8,49,5.9,-0.4,3.85,5.3,19.5,0,960.1,258,3.5,6.1,93,0,93,55,54,52,53,327,100,20,97
TAE,2002,3,30,12,9.7,51.1,6.1,0.1,3.98,5.4,19.8,0,959.9,267,3.3,5.7,85,0,85,50,50,47,48,330,100,20,97
TAE,2002,3,30,13,9.5,51.6,6.1,0,3.98,5.3,19.6,0,959.6,266,2.9,5.7,68,0,68,40,39,38,38,329,100,20,97
TAE,2002,3,30,14,9.5,52.1,6.2,0.2,4.05,5.3,19.7,0,959.4,259,3.2,5.4,47,0,47,28,27,26,27,328,100,20,97
TAE,2002,3,30,15,9.4,52.3,6.1,0.1,3.98,5.2,19.5,0,959.2,235,1.9,4.4,27,0,27,16,16,15,15,327,100,20,97
TAE,2002,3,30,16,8.9,54.4,6.2,0.2,4.05,5,19.1,0,959,233,1.5,4.5,11,0,11,7,7,6,6,326,100,20,97
TAE,2002,3,30,17,8,58.2,6.2,0.3,4.05,4.6,18.2,0,959,241,1,3.3,2,0,2,1,1,1,1,325,100,20,97
TAE,2002,3,30,18,7,62.2,6.2,0.3,4.05,4.1,17.2,0,959.1,225,1.4,3,0,0,0,0,0,0,0,324,100,20,97
TAE,2002,3,30,19,5.8,67.4,6.2,0.2,4.05,3.4,16,0,959.5,249,0.9,2.3,0,0,0,0,0,0,0,322,100,20,97
TAE,2002,3,30,20,4.3,74.7,6.2,0.2,4.04,2.6,14.5,0,959.6,261,0.6,1.9,0,0,0,0,0,0,0,320,100,20,97
TAE,2002,3,30,21,4,76.7,6.2,0.3,4.05,2.4,14.2,0,959.4,207,0.3,1.6,0,0,0,0,0,0,0,317,100,20,97
TAE,2002,3,30,22,3.5,79.2,6.2,0.2,4.05,2.1,13.6,0,959.2,180,0.1,1.2,0,0,0,0,0,0,0,314,100,20,97
TAE,2002,3,30,23,3.2,81.6,6.3,0.4,4.11,2,13.5,0,959,127,0.5,1.6,0,0,0,0,0,0,0,312,100,20,97
TAE,2002,3,31,0,2.8,83.8,6.3,0.3,4.11,1.8,13.1,0,958.7,129,0.6,2,0,0,0,0,0,0,0,310,100,20,97
TAE,2002,3,31,1,2.7,84.6,6.3,0.4,4.12,1.7,13,0,958.3,162,0.4,1.8,0,0,0,0,0,0,0,308,100,20,97
TAE,2002,3,31,2,2.2,86.6,6.2,0.2,4.05,1.4,12.3,0,958.2,135,0.4,1.8,0,0,0,0,0,0,0,301,88,20,97
TAE,2002,3,31,3,1.2,89.1,5.9,-0.4,3.85,0.6,10.8,0,958,143,0.5,1.6,0,0,0,0,0,0,0,292,68,20,97
TAE,2002,3,31,4,0.2,90.8,5.6,-1.1,3.66,-0.3,9.3,0,958,153,0.2,1.4,0,0,0,0,0,0,0,273,25,20,97
TAE,2002,3,31,5,-0.5,91.5,5.4,-1.7,3.53,-1,8.3,0,958.1,153,0.2,1.4,38,108,25,14,126,21,13,289,68,20,97
TAE,2002,3,31,6,0.6,89.9,5.7,-0.9,3.72,0,9.9,0,958.1,143,0.5,1.5,219,583,72,41,629,176,41,271,20,20,97
TAE,2002,3,31,7,4.3,77.7,6.4,0.8,4.18,2.8,14.8,0,958.1,360,0.2,1.5,396,732,96,60,733,371,61,267,0,20,97
TAE,2002,3,31,8,8.1,62.5,6.8,1.4,4.45,5.1,19.3,0,957.9,360,1.2,2.4,557,820,110,76,704,554,78,251,0,20,97
TAE,2002,3,31,9,11.2,45.4,6,-0.2,3.92,6,21.1,0,957.8,263,3,6.6,682,871,119,88,578,699,91,231,0,20,97
TAE,2002,3,31,10,12.3,40.1,5.7,-0.9,3.73,6.3,21.8,0,957.3,244,3,7,762,907,120,95,385,793,98,232,0,20,97
TAE,2002,3,31,11,13.2,36.2,5.5,-1.5,3.6,6.6,22.3,0,956.8,259,3.1,7.7,780,901,128,98,157,812,194,238,0,20,97
TAE,2002,3,31,12,13.7,34.7,5.5,-1.6,3.6,6.8,22.9,0,956.3,266,2.8,7.5,749,908,117,93,94,777,448,244,0,20,97
TAE,2002,3,31,13,14.5,30.6,5,-2.6,3.27,6.9,22.8,0,955.7,285,2.5,6.1,657,871,114,85,86,668,628,243,0,20,97
TAE,2002,3,31,14,14.9,28,4.7,-3.4,3.08,6.8,22.8,0,955.2,273,2,7.2,519,805,107,72,73,508,729,242,0,20,97
TAE,2002,3,31,15,14.7,29,4.9,-3.1,3.21,6.8,22.9,0,954.8,254,1.6,5.5,351,704,91,56,56,317,726,242,0,20,97
TAE,2002,3,31,16,13.2,34.3,5,-2.6,3.31,6.2,21.6,0,954.9,276,1.9,4.8,171,510,65,36,36,124,557,241,0,20,97
TAE,2002,3,31,17,11,42.7,5.3,-1.9,3.47,5.3,19.8,0,955,257,1.3,3,13,0,13,9,9,8,9,240,0,20,97
TAE,2002,3,31,18,8.6,52.1,5.5,-1.5,3.58,4.2,17.7,0,955.2,231,1.4,3.1,0,0,0,0,0,0,0,238,0,20,97
TAE,2002,3,31,19,6.7,59.6,5.6,-1.2,3.65,3.3,15.9,0,955.3,223,1.8,3,0,0,0,0,0,0,0,233,0,20,97
TAE,2002,3,31,20,5.5,64.8,5.6,-1.1,3.7,2.7,14.8,0,954.6,163,1.1,2.8,0,0,0,0,0,0,0,232,0,20,97
TAE,2002,3,31,21,4.6,69.3,5.8,-0.7,3.79,2.4,14.1,0,953.2,143,1,1.8,0,0,0,0,0,0,0,231,0,20,97
TAE,2002,3,31,22,4,72.2,5.9,-0.6,3.85,2.1,13.7,0,951.9,150,0.8,1.6,0,0,0,0,0,0,0,250,0,20,97
TAE,2002,3,31,23,4,74.1,6,-0.2,3.98,2.3,14,0,949.8,135,0.6,1.8,0,0,0,0,0,0,0,287,40,20,97
TAE,2000,4,1,0,4.3,75.2,6.2,0.2,4.11,2.6,14.6,0,947.8,90,0.3,1.8,0,0,0,0,0,0,0,298,70,20,97
TAE,2000,4,1,1,4.6,76.4,6.4,0.7,4.27,2.9,15.3,0,945.8,209,2,4.7,0,0,0,0,0,0,0,309,100,20,97
TAE,2000,4,1,2,4.7,77.9,6.6,1.1,4.41,3.2,15.8,0,944.5,250,2.4,5.2,0,0,0,0,0,0,0,310,100,20,97
TAE,2000,4,1,3,4.9,79.7,6.9,1.7,4.57,3.5,16.4,0,943.4,260,2.4,5.6,0,0,0,0,0,0,0,310,100,20,97
TAE,2000,4,1,4,5,81.4,7.1,2,4.69,3.7,16.8,0,942.9,254,1.8,3.7,0,0,0,0,0,0,0,310,100,20,97
TAE,2000,4,1,5,4.8,84,7.2,2.3,4.76,3.6,16.7,0.3,943.3,252,1.6,3.9,4,0,4,2,2,2,2,311,100,20,97
TAE,2000,4,1,6,4.6,85.7,7.2,2.4,4.8,3.6,16.6,0.4,943.6,245,1.5,4.4,108,35,98,57,92,65,55,311,100,20,97
TAE,2000,4,1,7,4.6,84.9,7.1,2.2,4.74,3.5,16.5,0.8,944.1,253,3.2,7,100,0,100,59,58,55,57,312,100,20,97
TAE,2000,4,1,8,4.6,83.1,7,2,4.64,3.4,16.3,0.1,944.6,249,3.1,6.9,207,6,204,120,123,117,116,313,100,20,97
TAE,2000,4,1,9,5.3,79.5,7.1,2,4.71,3.8,17.1,0,945.1,247,3.3,7.2,301,43,273,158,185,187,152,315,100,20,97
TAE,2000,4,1,10,6.8,75,7.4,2.7,4.91,4.9,19.2,0,944.9,211,3.5,9.5,416,86,355,203,248,274,197,317,100,20,97
TAE,2000,4,1,11,7.3,68.4,7,1.9,4.64,4.8,19,0,944.8,202,4,8.2,265,19,250,146,150,157,141,319,100,20,97
TAE,2000,4,1,12,7.5,67.1,6.9,1.8,4.58,4.9,19,0,944.5,196,4.1,8.1,480,187,347,193,191,359,288,314,88,20,97
TAE,2000,4,1,13,8,62.6,6.7,1.3,4.45,5,19.2,0,944.1,211,2.7,6.5,392,114,319,181,179,267,264,313,88,20,97
TAE,2000,4,1,14,6.2,71.6,6.7,1.5,4.44,4.1,17.4,0.2,945.3,265,4.2,11.4,48,0,48,28,28,26,27,318,100,20,97
TAE,2000,4,1,15,4.5,82.1,6.9,1.7,4.57,3.3,16,0.6,945,245,1.6,8.1,174,68,146,84,83,113,150,316,100,20,97
TAE,2000,4,1,16,6.3,76.1,7.3,2.4,4.84,4.5,18.5,0,945,225,0.7,3.2,155,352,84,46,45,101,410,295,60,20,97
TAE,2000,4,1,17,5.6,81.8,7.5,2.7,4.97,4.3,18.1,0,945.3,249,0.8,2.2,14,0,14,9,9,9,9,298,68,20,97
TAE,2000,4,1,18,4.2,87.6,7.3,2.3,4.84,3.4,16.3,0,945.6,242,1.9,3.3,0,0,0,0,0,0,0,296,68,20,97
TAE,2000,4,1,19,2.9,90.5,6.8,1.5,4.5,2.3,14.2,0,946,221,1,2.8,0,0,0,0,0,0,0,295,75,20,97
TAE,2000,4,1,20,2.4,89.3,6.5,0.8,4.3,1.7,13.2,0,946.2,234,1.4,3.2,0,0,0,0,0,0,0,285,60,20,97
TAE,2000,4,1,21,1.9,90.5,6.3,0.5,4.17,1.3,12.3,0,946.3,194,0.9,2.2,0,0,0,0,0,0,0,279,55,20,97
TAE,2000,4,1,22,1.2,92.2,6.1,0.1,4.04,0.8,11.3,0,945.9,162,0.4,1.7,0,0,0,0,0,0,0,275,55,20,97
TAE,2000,4,1,23,0.5,92.9,5.9,-0.5,3.91,0.1,10.3,0,945.4,146,0.4,1.7,0,0,0,0,0,0,0,274,60,20,97
TAE,2000,4,2,0,-0.4,93.4,5.6,-1.3,3.71,-0.7,8.8,0,945.1,180,0.1,1,0,0,0,0,0,0,0,266,42,19,97
TAE,2000,4,2,1,-1,93.2,5.3,-2,3.51,-1.4,7.7,0,945,153,0.2,1.3,0,0,0,0,0,0,0,257,25,19,97
TAE,2000,4,2,2,-1.1,93.7,5.3,-2,3.51,-1.4,7.6,0,944.4,146,0.3,1.3,0,0,0,0,0,0,0,256,25,19,97
TAE,2000,4,2,3,-1.3,92.5,5.1,-2.4,3.38,-1.7,7.1,0,944.5,162,0.4,1.4,0,0,0,0,0,0,0,262,50,19,97
TAE,2000,4,2,4,-1.6,93,5.1,-2.6,3.38,-2,6.8,0,944.6,180,0.2,1.1,0,0,0,0,0,0,0,269,75,19,97
TAE,2000,4,2,5,-1.4,92.2,5.1,-2.5,3.38,-1.8,7,0,944.7,143,0.5,1.5,67,228,41,29,257,32,22,260,50,19,97
TAE,2000,4,2,6,-0.5,92.5,5.5,-1.6,3.64,-0.9,8.6,0,944.3,135,0.1,1.1,208,380,108,57,450,148,56,266,68,19,97
TAE,2000,4,2,7,1.8,87.6,6.1,0,4.05,1.1,11.9,0,943.7,16,0.7,1.8,397,623,127,71,651,346,72,267,43,19,97
TAE,2000,4,2,8,4.2,79.5,6.6,1,4.38,2.8,15.2,0,943.3,41,1.1,2.4,579,831,114,76,712,553,78,256,0,19,97
TAE,2000,4,2,9,6.6,68.2,6.7,1.2,4.45,4.2,17.8,0,943.1,36,1.8,3.8,631,600,235,121,512,587,121,278,43,19,97
TAE,2000,4,2,10,8.7,59.1,6.7,1.2,4.45,5.3,19.9,0,942.6,30,2.1,4.6,655,488,302,154,376,590,152,300,75,19,97
TAE,2000,4,2,11,10.1,54.6,6.8,1.4,4.52,6.1,21.5,0,942.1,34,2.3,4.5,699,571,278,143,210,651,241,304,75,19,97
TAE,2000,4,2,12,11.4,49.1,6.6,1.1,4.39,6.6,22.5,0,941.2,39,2,5,682,612,248,129,129,642,428,288,55,19,97
TAE,2000,4,2,13,12.3,43.5,6.2,0.3,4.13,6.7,22.8,0,940.2,37,2.6,5.6,564,473,263,135,134,498,484,307,75,19,97
TAE,2000,4,2,14,12.8,41.7,6.2,0.1,4.13,6.9,23.3,0,939.2,38,3.3,5.7,468,530,195,102,102,409,572,294,63,19,97
TAE,2000,4,2,15,13.6,39.7,6.2,0.2,4.14,7.3,24.1,0,938.3,41,2.9,5.9,330,512,135,71,71,270,577,264,33,19,97
TAE,2000,4,2,16,13.4,41.1,6.3,0.5,4.21,7.3,24.1,0,937.8,51,2.1,4.5,180,507,68,37,37,119,556,256,25,19,97
TAE,2000,4,2,17,11.8,49.2,6.8,1.5,4.54,6.9,23.3,0,937.6,104,0.8,4,14,0,14,9,9,9,9,243,13,19,97
TAE,2000,4,2,18,6.3,77.2,7.4,2.6,4.95,4.6,18.8,0,937.4,180,0.6,1.6,0,0,0,0,0,0,0,262,33,19,97
TAE,2000,4,2,19,4.4,78.5,6.6,1,4.41,2.9,15.5,0,937.3,216,0.8,2.8,0,0,0,0,0,0,0,285,58,19,97
TAE,2000,4,2,20,3.7,76.8,6.1,0,4.08,2.1,13.9,0,936.8,171,0.6,1.6,0,0,0,0,0,0,0,262,33,19,97
TAE,2000,4,2,21,3,79.1,6,-0.3,4.01,1.6,13,0,936.4,169,0.6,1.6,0,0,0,0,0,0,0,278,50,19,97
TAE,2000,4,2,22,2.4,79.7,5.8,-0.7,3.88,1.1,12.1,0,936.2,169,0.6,1.9,0,0,0,0,0,0,0,321,100,19,97
TAE,2000,4,2,23,2.7,80.6,6,-0.3,4.01,1.5,12.8,0,935.9,180,0.7,2,0,0,0,0,0,0,0,319,100,19,97
TAE,2000,4,3,0,3.9,81.4,6.6,1,4.42,2.6,15,0,936,202,0.6,2.6,0,0,0,0,0,0,0,318,100,19,97
TAE,2000,4,3,1,5.3,72.6,6.4,0.8,4.29,3.3,16.1,0,935.1,56,0.7,3.2,0,0,0,0,0,0,0,318,100,19,97
TAE,2000,4,3,2,5.1,74.6,6.5,1,4.36,3.3,16.1,0,934.1,252,0.4,2.3,0,0,0,0,0,0,0,319,100,19,97
TAE,2000,4,3,3,4.3,77.6,6.5,0.7,4.36,2.8,15.2,0,933.7,233,0.6,2.1,0,0,0,0,0,0,0,319,100,19,97
TAE,2000,4,3,4,3.4,80.5,6.3,0.4,4.23,2.1,14,0,933.4,191,0.5,1.9,0,0,0,0,0,0,0,320,100,19,97
TAE,2000,4,3,5,3.5,82.4,6.5,0.8,4.36,2.3,14.4,0,933,207,0.5,2.1,48,79,38,22,103,25,21,321,100,19,97
TAE,2000,4,3,6,4.3,82,6.8,1.5,4.57,3.1,15.8,0,932.6,153,0.3,1.3,201,325,112,60,398,139,59,297,60,19,97
TAE,2000,4,3,7,7.4,70.4,7.3,2.4,4.91,5.1,19.8,0,932.2,56,0.4,1.8,398,633,120,70,654,342,70,257,20,19,97
TAE,2000,4,3,8,10.2,60,7.4,2.8,4.98,6.7,22.8,0,931.9,11,0.5,1.9,513,548,203,106,563,456,105,264,25,19,97
TAE,2000,4,3,9,12.9,49.2,7.3,2.5,4.91,7.8,25.4,0,931.5,34,1.8,4.3,665,746,171,102,550,634,104,256,13,19,97
TAE,2000,4,3,10,14.8,45.5,7.6,3.1,5.12,8.9,27.8,0,931,37,2.5,4.6,726,731,197,115,391,699,116,258,13,19,97
TAE,2000,4,3,11,16.5,43.2,8.1,4,5.46,10,30.4,0,930.4,41,2.1,4.7,692,562,275,142,213,640,229,305,58,19,97
TAE,2000,4,3,12,17.5,41.6,8.3,4.3,5.6,10.6,31.8,0,929.6,31,2.2,4.1,157,0,157,92,91,87,89,346,100,19,97
TAE,2000,4,3,13,17.4,38.8,7.7,3.2,5.2,10.1,30.7,0,929.5,360,0.9,5.5,71,0,71,41,41,39,40,345,100,19,97
TAE,2000,4,3,14,17.3,33.1,6.5,0.9,4.38,9.2,28.5,0,928.9,162,0.7,2.4,49,0,49,29,29,27,28,344,100,19,97
TAE,2000,4,3,15,16.7,39.5,7.5,2.9,5.06,9.7,29.6,0,928.6,144,0.9,2.6,28,0,28,16,16,15,16,343,100,19,97
TAE,2000,4,3,16,14.4,55,9,5.5,6.09,9.7,29.9,0,928.4,130,0.9,1.9,12,0,12,7,7,7,7,342,100,19,97
TAE,2000,4,3,17,12.6,59.9,8.7,5,5.88,8.7,27.5,0,928.3,202,0.9,3.3,2,0,2,1,1,1,1,341,100,19,97
TAE,2000,4,3,18,10.7,66.3,8.5,4.7,5.75,7.7,25.2,0,928.7,211,0.7,2.9,0,0,0,0,0,0,0,339,100,19,97
TAE,2000,4,3,19,9.6,68.9,8.2,4.2,5.54,6.9,23.6,0,929.3,211,0.7,3.3,0,0,0,0,0,0,0,337,100,19,97
TAE,2000,4,3,20,12.1,47.7,6.7,1.3,4.52,7,23.6,0,929.6,186,2.8,5.5,0,0,0,0,0,0,0,335,100,19,97
TAE,2000,4,3,21,11.5,49.3,6.6,1.3,4.45,6.7,22.8,0,930.1,212,2.8,7.4,0,0,0,0,0,0,0,334,100,19,97
TAE,2000,4,3,22,12.6,45.2,6.6,1.1,4.44,7.2,23.9,0,930.8,213,4.1,7.2,0,0,0,0,0,0,0,295,58,19,97
TAE,2000,4,3,23,12.5,47.1,6.8,1.5,4.57,7.3,24.1,0,931.5,238,2.8,6.9,0,0,0,0,0,0,0,296,60,19,97
TAE,2000,4,4,0,11.4,55.4,7.5,2.8,5.05,7.2,24.2,0,931.6,243,2.7,6,0,0,0,0,0,0,0,274,36,18,97
TAE,2000,4,4,1,10.1,64,7.9,3.6,5.32,6.9,23.5,0,931.6,255,2.7,5.3,0,0,0,0,0,0,0,252,13,18,97
TAE,2000,4,4,2,8.3,71.5,7.8,3.5,5.25,6,21.5,0,931.4,216,1.4,3.4,0,0,0,0,0,0,0,251,13,18,97
TAE,2000,4,4,3,5.3,81.8,7.4,2.4,4.99,4,17.8,0,930.6,180,0.7,2.8,0,0,0,0,0,0,0,272,38,18,97
TAE,2000,4,4,4,3.6,88.2,7,1.8,4.71,2.8,15.4,0,930.8,214,0.8,2.7,0,0,0,0,0,0,0,279,13,18,97
TAE,2000,4,4,5,3.7,88.5,7,2,4.71,2.9,15.5,0,931.7,201,0.9,2.7,64,194,42,30,222,29,22,308,70,18,97
TAE,2000,4,4,6,6.4,83.4,8,3.8,5.38,5.2,19.9,0,932.2,135,0.2,1.4,83,40,74,42,83,47,41,324,100,18,97
TAE,2000,4,4,7,8.4,76.7,8.4,4.6,5.65,6.5,22.7,0,932.4,45,0.3,1.8,244,90,203,114,203,156,110,328,100,18,97
TAE,2000,4,4,8,10.3,72.2,9,5.5,6.06,7.9,25.6,0,932.7,37,0.5,2.2,519,546,209,106,566,452,106,276,43,18,97
TAE,2000,4,4,9,12.3,63.4,9.1,5.6,6.13,8.8,27.8,0,932.5,14,1.8,4.3,632,587,238,121,503,574,121,268,33,18,97
TAE,2000,4,4,10,13.5,56.6,8.7,5.1,5.86,9.2,28.4,0,932.4,58,1.3,3.6,672,526,288,145,382,603,144,305,68,18,97
TAE,2000,4,4,11,14.6,53.5,8.9,5.3,6,9.7,29.8,0,932.2,35,1.6,4.2,609,349,349,182,216,500,265,321,80,18,97
TAE,2000,4,4,12,15.4,47.2,8.3,4.2,5.59,9.6,29.6,0,931.7,31,2.2,4.6,666,551,272,137,136,602,423,312,68,18,97
TAE,2000,4,4,13,16.7,36.4,6.9,1.7,4.64,9.2,28.5,0,931.3,52,1.7,4.8,580,510,251,127,127,509,498,294,50,18,97
TAE,2000,4,4,14,17.8,25.4,5.2,-2.3,3.49,8.4,26.8,0,931,210,1.7,7.6,463,479,208,106,105,389,534,297,55,18,97
TAE,2000,4,4,15,16.8,26.1,5,-2.7,3.36,7.9,25.4,0,930.9,185,2.7,6.7,371,725,89,53,53,302,743,261,20,18,97
TAE,2000,4,4,16,16.4,26.4,4.9,-2.9,3.29,7.6,24.8,0,931.1,166,2.5,5.6,184,497,71,38,38,114,547,240,0,18,97
TAE,2000,4,4,17,13.7,36.3,5.6,-1,3.76,7,23.3,0,931.5,171,1.5,5,16,0,16,11,11,11,11,240,0,18,97
TAE,2000,4,4,18,9.1,58.5,6.7,1.4,4.5,5.6,20.5,0,932.2,270,0.5,2.4,0,0,0,0,0,0,0,240,0,18,97
TAE,2000,4,4,19,7.2,70.3,7.1,2.2,4.77,4.9,19.2,0,933.1,235,1.6,3.6,0,0,0,0,0,0,0,252,13,18,97
TAE,2000,4,4,20,7.4,72.9,7.5,2.9,5.04,5.3,20.1,0,933.8,233,1.6,4.9,0,0,0,0,0,0,0,330,100,18,97
TAE,2000,4,4,21,8.4,69.1,7.6,3.1,5.1,5.9,21.3,0,934.1,257,2.2,3.8,0,0,0,0,0,0,0,285,50,18,97
TAE,2000,4,4,22,8.2,70.5,7.7,3.2,5.17,5.8,21.2,0,934.9,252,2.3,3.5,0,0,0,0,0,0,0,285,50,18,97
TAE,2000,4,4,23,8,72.1,7.7,3.3,5.16,5.8,21,0,935.4,254,2.2,4.9,0,0,0,0,0,0,0,290,25,18,97
TAE,2000,4,5,0,8.6,74.5,8.3,4.3,5.57,6.5,22.6,0,935.9,250,2.4,5.6,0,0,0,0,0,0,0,306,62,19,97
TAE,2000,4,5,1,8.7,74.9,8.4,4.5,5.63,6.6,22.9,0,936.2,242,1.7,5.2,0,0,0,0,0,0,0,322,100,19,97
TAE,2000,4,5,2,8.6,75.7,8.4,4.6,5.63,6.6,22.8,0,936.6,231,1.4,3.5,0,0,0,0,0,0,0,323,100,19,97
TAE,2000,4,5,3,7.6,88.9,9.3,5.9,6.24,6.7,23.3,1.2,937,217,0.9,3.1,0,0,0,0,0,0,0,324,100,19,97
TAE,2000,4,5,4,7.2,92.6,9.4,6.1,6.3,6.6,23.1,0.1,937.5,0,0,0,0,0,0,0,0,0,0,325,100,19,97
TAE,2000,4,5,5,7.4,92.2,9.5,6.2,6.36,6.8,23.4,0.1,938,259,0.6,1.8,73,229,44,32,260,32,24,326,100,19,97
TAE,2000,4,5,6,7.5,92.2,9.5,6.3,6.36,6.9,23.5,0.1,938.8,45,0.1,1.2,41,0,40,24,23,22,23,327,100,19,97
TAE,2000,4,5,7,7.7,85.4,9,5.4,6.02,6.6,22.9,0.1,939.4,270,0.1,1.5,44,0,44,26,25,24,25,328,100,19,97
TAE,2000,4,5,8,8.1,90.3,9.7,6.6,6.48,7.3,24.4,0,940.3,39,1.4,2.8,70,0,70,41,40,39,39,329,100,19,97
TAE,2000,4,5,9,8.2,86.7,9.4,6.1,6.28,7.1,24,0.3,940.9,74,0.8,3.2,96,0,96,56,56,53,54,330,100,19,97
TAE,2000,4,5,10,8.4,88.6,9.8,6.6,6.54,7.5,24.9,0.5,941.5,90,1.2,3.2,176,0,176,103,102,97,99,331,100,19,97
TAE,2000,4,5,11,8.8,86.1,9.8,6.6,6.54,7.7,25.3,0.3,941.7,99,1.5,3.8,223,2,221,130,128,124,125,332,100,19,97
TAE,2000,4,5,12,8.4,87.3,9.6,6.4,6.4,7.4,24.5,4.5,942.3,180,2.2,4.8,118,0,118,69,68,65,66,332,100,19,97
TAE,2000,4,5,13,8.5,84.7,9.4,6.1,6.26,7.3,24.3,0.2,942.9,235,1.8,3.6,75,0,75,44,43,41,42,331,100,19,97
TAE,2000,4,5,14,8.6,84.9,9.5,6.2,6.32,7.4,24.6,0.5,943.8,292,1.7,9.2,50,0,50,29,29,28,28,330,100,19,97
TAE,2000,4,5,15,7.2,90.2,9.2,5.7,6.12,6.5,22.6,3.6,944.4,270,1.6,5.8,29,0,29,17,17,16,16,329,100,19,97
TAE,2000,4,5,16,7.3,89.9,9.2,5.8,6.11,6.6,22.7,2.2,945.3,274,1.6,5.7,13,0,13,7,7,7,7,329,100,19,97
TAE,2000,4,5,17,7,89.1,8.9,5.3,5.9,6.2,21.9,1,946.4,268,2.7,6.7,2,0,2,1,1,1,1,328,100,19,97
TAE,2000,4,5,18,6.5,89,8.6,4.8,5.7,5.7,20.8,0.4,947.4,256,3.2,6.1,0,0,0,0,0,0,0,327,100,19,97
TAE,2000,4,5,19,6.1,89.1,8.4,4.4,5.56,5.3,20.1,0.4,948.6,252,2.8,5.7,0,0,0,0,0,0,0,326,100,19,97
TAE,2000,4,5,20,5.8,88.8,8.2,4.1,5.42,5,19.4,0.1,949,258,3.5,8.5,0,0,0,0,0,0,0,325,100,19,97
TAE,2000,4,5,21,5.7,88,8.1,3.9,5.35,4.9,19.2,0.1,949.7,251,3.7,7.8,0,0,0,0,0,0,0,324,100,19,97
TAE,2000,4,5,22,5.6,87.9,8,3.8,5.28,4.8,18.9,0.4,950.2,252,3,7,0,0,0,0,0,0,0,323,100,19,97
TAE,2000,4,5,23,5.5,89.4,8.1,3.9,5.34,4.7,18.9,0.5,950.8,263,1.7,5.4,0,0,0,0,0,0,0,322,100,19,97
TAE,2000,4,6,0,5.4,90.7,8.2,4,5.41,4.7,19,1.7,951.4,279,1.4,3.1,0,0,0,0,0,0,0,320,100,19,97
TAE,2000,4,6,1,4.6,91.8,7.8,3.4,5.14,4,17.5,1.6,952.2,346,2.5,5.6,0,0,0,0,0,0,0,318,100,19,97
TAE,2000,4,6,2,3.3,91,7,2,4.6,2.7,14.8,1,952.9,355,2.5,5.4,0,0,0,0,0,0,0,315,100,19,97
TAE,2000,4,6,3,2.7,91,6.7,1.4,4.4,2.1,13.7,0.6,953.5,18,1.9,3.6,0,0,0,0,0,0,0,313,100,19,97
TAE,2000,4,6,4,2,92.3,6.5,0.9,4.27,1.5,12.7,0.7,954.3,29,1.2,2.6,0,0,0,0,0,0,0,310,100,19,97
TAE,2000,4,6,5,1.8,92.6,6.5,0.7,4.26,1.3,12.5,0.5,955.3,58,1.5,3.2,6,0,6,3,3,3,3,307,100,19,97
TAE,2000,4,6,6,2,92.7,6.6,0.9,4.32,1.5,12.8,0.2,956,66,1.2,3.3,18,0,18,11,10,10,10,305,100,19,97
TAE,2000,4,6,7,2.2,88.5,6.3,0.5,4.12,1.5,12.5,0,956.9,72,3.2,7.4,36,0,36,21,21,20,20,304,100,19,97
TAE,2000,4,6,8,1.9,89.5,6.3,0.4,4.12,1.3,12.2,0,957.8,60,3.4,6.8,87,0,87,51,50,48,49,303,100,19,97
TAE,2000,4,6,9,2.2,88.4,6.3,0.5,4.12,1.5,12.5,0,958.3,63,2.9,6.2,148,0,148,86,85,81,83,303,100,19,97
TAE,2000,4,6,10,2.9,82.7,6.2,0.3,4.05,1.8,13,0,958.5,50,3.4,7.3,117,0,117,69,68,64,66,302,100,19,97
TAE,2000,4,6,11,3.1,81.2,6.2,0.2,4.05,1.9,13.2,0,958.9,62,3.1,6.1,249,1,248,145,143,138,140,301,100,19,97
TAE,2000,4,6,12,3.4,76.3,6,-0.4,3.91,1.8,13.2,0,959.3,63,3.1,7,131,0,131,77,76,72,74,300,100,19,97
TAE,2000,4,6,13,3.6,74.4,5.9,-0.5,3.85,1.9,13.2,0,959.7,54,3.6,7.3,79,0,79,46,46,44,45,297,100,19,97
TAE,2000,4,6,14,3.6,68.8,5.5,-1.6,3.58,1.5,12.6,0,960,44,3.6,7.1,58,0,58,34,34,32,33,293,100,19,97
TAE,2000,4,6,15,3.5,67.7,5.3,-1.9,3.45,1.3,12.2,0,960.6,63,2.9,6.2,110,0,110,64,63,61,62,289,100,19,97
TAE,2000,4,6,16,3.4,67.8,5.3,-2,3.45,1.3,12,0,961,90,2,4.5,111,58,98,57,56,62,115,284,100,19,97
TAE,2000,4,6,17,3.3,68.4,5.3,-2,3.45,1.2,11.9,0,961.6,93,2,4.3,3,0,3,2,2,1,2,279,100,19,97
TAE,2000,4,6,18,3.1,69.8,5.3,-1.9,3.44,1.1,11.7,0,962.5,87,1.9,3.8,0,0,0,0,0,0,0,274,100,19,97
TAE,2000,4,6,19,3,69.2,5.2,-2.1,3.38,1,11.5,0,963.3,78,2,5.5,0,0,0,0,0,0,0,264,88,19,97
TAE,2000,4,6,20,2.1,63.3,4.5,-4.1,2.92,-0.2,9.4,0,963.6,87,1.8,4.4,0,0,0,0,0,0,0,258,88,19,97
TAE,2000,4,6,21,0.5,72.4,4.6,-3.9,2.98,-1.1,7.9,0,964,72,1.4,3.1,0,0,0,0,0,0,0,246,50,19,97
TAE,2000,4,6,22,-1,81.4,4.6,-3.8,2.98,-2,6.4,0,964.2,34,1.1,2,0,0,0,0,0,0,0,241,40,19,97
TAE,2000,4,6,23,-1,79.7,4.5,-4.1,2.92,-2.1,6.3,0,964.2,31,1.2,1.9,0,0,0,0,0,0,0,238,40,19,97
TAE,2000,4,7,0,-1.3,79.1,4.4,-4.4,2.85,-2.4,5.8,0,963.9,49,1,3,0,0,0,0,0,0,0,236,50,17,97
TAE,2000,4,7,1,-2.6,85.7,4.3,-4.7,2.79,-3.3,4.3,0,964.2,53,0.5,1.8,0,0,0,0,0,0,0,235,45,17,97
TAE,2000,4,7,2,-3.5,88,4.2,-5.2,2.72,-4.1,3.2,0,964.3,90,0.3,1.8,0,0,0,0,0,0,0,230,20,17,97
TAE,2000,4,7,3,-3.5,88.2,4.2,-5.2,2.72,-4.1,3.2,0,964.4,45,0.3,1.4,0,0,0,0,0,0,0,226,0,17,97
TAE,2000,4,7,4,-4.2,89.7,4,-5.6,2.59,-4.6,2.2,0,964.6,90,0.1,0.8,0,0,0,0,0,0,0,226,0,17,97
TAE,2000,4,7,5,-3.9,89.6,4.1,-5.4,2.65,-4.4,2.7,0,964.8,45,0.5,2.4,90,337,46,38,371,34,23,226,0,17,97
TAE,2000,4,7,6,-1.3,83.4,4.6,-3.7,2.98,-2.2,6.1,0,965,61,1.1,2.7,271,629,85,45,681,179,45,227,0,17,97
TAE,2000,4,7,7,1,71.8,4.7,-3.5,3.04,-0.7,8.6,0,965.1,47,2.5,6.7,456,780,103,60,774,371,61,232,0,17,97
TAE,2000,4,7,8,3.4,54.5,4.3,-4.9,2.78,0.3,10.4,0,965.2,54,4.7,9.4,618,860,115,73,726,550,75,237,0,17,97
TAE,2000,4,7,9,5.3,46.5,4.2,-5.2,2.72,1.4,12.1,0,965.1,58,4.5,9.8,740,897,126,84,583,687,86,242,0,17,97
TAE,2000,4,7,10,6.6,41.9,4.1,-5.4,2.65,2,13.3,0,964.9,63,4.6,9.4,815,924,128,89,380,772,92,247,0,17,97
TAE,2000,4,7,11,7.9,41.3,4.4,-4.4,2.85,3,15.1,0,964.5,65,4.2,10.3,832,924,131,91,148,790,195,208,0,17,97
TAE,2000,4,7,12,8.8,39.8,4.5,-4.1,2.92,3.6,16.2,0,964,59,3.6,7.6,793,913,128,88,89,745,459,213,0,17,97
TAE,2000,4,7,13,9.8,38.8,4.7,-3.6,3.05,4.3,17.5,0,963.6,47,3.7,9.1,656,716,184,100,100,586,575,234,20,17,97
TAE,2000,4,7,14,10.3,39.4,4.9,-2.9,3.18,4.7,18.4,0,963.3,54,3.2,6.8,495,541,203,100,100,408,584,247,33,17,97
TAE,2000,4,7,15,10.4,39.3,4.9,-2.8,3.18,4.8,18.5,0,963.1,67,3.1,6.9,333,428,162,81,81,245,512,285,68,17,97
TAE,2000,4,7,16,10.1,40.2,5,-2.8,3.25,4.6,18.3,0,963,64,2.8,6.3,186,408,90,46,46,105,469,277,60,17,97
TAE,2000,4,7,17,9.2,43,5,-2.7,3.25,4.2,17.4,0,963,69,2.3,4.9,32,105,21,23,11,11,119,319,100,17,97
TAE,2000,4,7,18,7,53.1,5.3,-1.9,3.44,3.3,15.7,0,963.5,72,1.3,3.1,0,0,0,0,0,0,0,290,63,17,97
TAE,2000,4,7,19,3.9,68.3,5.5,-1.4,3.57,1.8,12.9,0,964,81,0.7,2.6,0,0,0,0,0,0,0,267,20,17,97
TAE,2000,4,7,20,2.3,75.1,5.4,-1.6,3.5,0.8,11.1,0,964.2,162,0.3,1.7,0,0,0,0,0,0,0,253,0,17,97
TAE,2000,4,7,21,1,80.8,5.3,-1.9,3.44,-0.1,9.6,0,964.1,162,0.3,1.3,0,0,0,0,0,0,0,250,0,17,97
TAE,2000,4,7,22,0.6,83.4,5.3,-1.9,3.44,-0.4,9.2,0,964.1,45,0.6,2.3,0,0,0,0,0,0,0,247,0,17,97
TAE,2000,4,7,23,0.2,84.3,5.3,-2.1,3.44,-0.7,8.8,0,963.7,169,0.6,1.5,0,0,0,0,0,0,0,245,0,17,97
TAE,2000,4,8,0,-0.9,87.1,5,-2.8,3.25,-1.6,7.2,0,963.2,191,0.5,1.3,0,0,0,0,0,0,0,241,0,19,97
TAE,2000,4,8,1,-1.2,87.4,4.9,-3,3.18,-1.9,6.7,0,962.9,180,0.3,1.2,0,0,0,0,0,0,0,241,0,19,97
TAE,2000,4,8,2,-1.6,88.2,4.8,-3.3,3.12,-2.2,6.1,0,962.6,135,0.6,1.9,0,0,0,0,0,0,0,240,0,19,97
TAE,2000,4,8,3,-2,88.7,4.7,-3.6,3.05,-2.6,5.6,0,962.3,117,0.2,1.7,0,0,0,0,0,0,0,239,0,19,97
TAE,2000,4,8,4,-2.4,89.3,4.6,-3.9,2.99,-2.9,5,0,961.9,135,0.2,1.4,0,0,0,0,0,0,0,238,0,19,97
TAE,2000,4,8,5,-2.6,88.9,4.5,-4.2,2.92,-3.1,4.7,0,961.8,135,0.1,0.8,93,329,48,52,365,25,25,238,0,19,97
TAE,2000,4,8,6,-0.4,87.1,5.2,-2.3,3.38,-1.1,8,0,961.7,0,0,0.4,277,648,82,45,699,180,46,238,0,19,97
TAE,2000,4,8,7,2.9,79.3,6,-0.3,3.91,1.6,12.7,0,961.4,30,0.8,3.1,460,782,103,62,778,371,64,243,0,19,97
TAE,2000,4,8,8,5.2,70.5,6.2,0.3,4.04,3.1,15.3,0,961.2,42,1.2,2.8,620,850,119,78,725,548,80,247,0,19,97
TAE,2000,4,8,9,7.4,60.8,6.3,0.3,4.11,4.3,17.8,0,960.7,38,2.3,5.5,743,890,130,89,586,687,92,231,0,19,97
TAE,2000,4,8,10,9.2,53.3,6.2,0.2,4.04,5.2,19.4,0,959.9,44,3.5,6.7,815,904,139,96,388,768,99,212,0,19,97
TAE,2000,4,8,11,10.7,45.6,5.9,-0.6,3.85,5.7,20.5,0,959.1,55,3.2,6.9,835,914,138,98,159,791,202,220,0,19,97
TAE,2000,4,8,12,12,40.2,5.6,-1.1,3.66,6.1,21.3,0,958.3,53,2.7,6.6,801,921,126,92,94,751,467,226,0,19,97
TAE,2000,4,8,13,12.6,34.7,5.1,-2.6,3.33,6,21.1,0,957.1,53,2.6,6.2,703,877,127,85,86,640,647,224,0,19,97
TAE,2000,4,8,14,13.3,31.8,4.9,-3.1,3.2,6.1,21.5,0,956.3,41,3.2,6.7,569,843,109,71,72,488,765,222,0,19,97
TAE,2000,4,8,15,13.5,28.9,4.5,-4.2,2.94,5.9,21,0,955.5,38,2.8,5.6,395,737,98,57,57,299,763,220,0,19,97
TAE,2000,4,8,16,13.2,27.5,4.2,-5.1,2.75,5.5,20.2,0,954.9,32,2.7,5.4,208,552,75,40,40,113,606,218,0,19,97
TAE,2000,4,8,17,11.4,36.7,4.9,-2.9,3.21,5.3,19.5,0,954.4,47,1.6,3.9,40,163,23,31,12,12,179,257,38,19,97
TAE,2000,4,8,18,6.5,59.3,5.7,-0.9,3.74,3.4,15.9,0,954.2,162,0.4,1.7,0,0,0,0,0,0,0,263,45,19,97
TAE,2000,4,8,19,4.2,68.5,5.7,-1.1,3.74,2,13.6,0,954,153,0.5,1.7,0,0,0,0,0,0,0,212,0,19,97
TAE,2000,4,8,20,3.2,74.2,5.7,-0.9,3.74,1.5,12.6,0,953.7,153,0.5,1.6,0,0,0,0,0,0,0,252,0,19,97
TAE,2000,4,8,21,2,79.8,5.6,-1.1,3.68,0.8,11.2,0,953.3,158,0.6,1.7,0,0,0,0,0,0,0,249,0,19,97
TAE,2000,4,8,22,1.4,82.3,5.5,-1.3,3.61,0.3,10.4,0,953,153,0.6,1.5,0,0,0,0,0,0,0,245,0,19,97
TAE,2000,4,8,23,1.4,82.1,5.6,-1.3,3.68,0.3,10.6,0,952.5,144,0.8,2,0,0,0,0,0,0,0,243,0,19,97
TAE,2000,4,9,0,0.4,86.5,5.4,-1.6,3.55,-0.4,9.3,0,951.8,180,0.7,2.1,0,0,0,0,0,0,0,248,25,18,97
TAE,2000,4,9,1,0.5,86,5.4,-1.6,3.55,-0.3,9.4,0,951.2,139,0.9,2,0,0,0,0,0,0,0,241,0,18,97
TAE,2000,4,9,2,-0.7,88.2,5.1,-2.4,3.36,-1.3,7.7,0,950.5,135,0.5,1.9,0,0,0,0,0,0,0,242,0,18,97
TAE,2000,4,9,3,-1,89,5.1,-2.6,3.36,-1.6,7.4,0,950.2,135,0.1,0.9,0,0,0,0,0,0,0,243,0,18,97
TAE,2000,4,9,4,-1.2,89.2,5,-2.7,3.29,-1.7,7,0,949.8,143,0.5,1.5,0,0,0,0,0,0,0,259,43,18,97
TAE,2000,4,9,5,-1.5,89.4,4.9,-3,3.23,-2,6.5,0,949.1,135,0.5,1.6,78,161,57,48,198,30,30,280,100,18,97
TAE,2000,4,9,6,0.6,86.9,5.6,-1.3,3.69,-0.1,9.8,0,948.9,135,0.4,1.7,217,257,137,73,342,135,71,286,100,18,97
TAE,2000,4,9,7,3.6,80.6,6.4,0.6,4.22,2.3,14.2,0,948.9,31,1.2,2.8,375,374,201,103,473,277,101,297,88,18,97
TAE,2000,4,9,8,5.7,71.2,6.5,0.9,4.29,3.6,16.5,0,948.9,35,1.6,3.2,514,441,252,127,509,412,125,303,75,18,97
TAE,2000,4,9,9,8.1,64.2,6.9,1.8,4.56,5.2,19.6,0,948.2,42,1.4,3.2,541,288,340,177,381,412,173,324,100,18,97
TAE,2000,4,9,10,9.4,62,7.3,2.5,4.83,6.1,21.6,0,947.2,47,1.7,3.6,578,262,381,200,334,435,194,328,100,18,97
TAE,2000,4,9,11,11.1,54.8,7.2,2.4,4.77,6.9,23.2,0,946.6,39,1.9,3.9,598,279,384,200,242,457,258,332,100,18,97
TAE,2000,4,9,12,12.6,47.2,6.9,1.7,4.57,7.4,24.2,0,946,40,2.4,4.9,656,475,307,153,152,554,413,312,75,18,97
TAE,2000,4,9,13,13.9,42.8,6.8,1.5,4.51,7.9,25.4,0,945.2,43,2.6,5.5,581,467,272,136,136,480,486,312,75,18,97
TAE,2000,4,9,14,14.8,36.1,6.1,-0.1,4.04,7.8,25.1,0,944.7,38,3,6.2,371,180,271,147,146,253,313,333,100,18,97
TAE,2000,4,9,15,14.1,38.8,6.3,0.3,4.18,7.6,24.7,0,944.5,51,2.1,4.8,297,288,183,96,96,201,390,332,100,18,97
TAE,2000,4,9,16,13.9,39.8,6.3,0.5,4.18,7.6,24.5,0,944.1,42,1.2,3.5,128,93,106,60,59,69,156,331,100,18,97
TAE,2000,4,9,17,13,47,7,2,4.65,7.7,24.8,0,944.1,73,1,5.1,38,150,21,29,11,11,165,319,88,18,97
TAE,2000,4,9,18,11.6,53,7.2,2.4,4.78,7.2,23.7,0,944.3,90,1.3,3.9,0,0,0,0,0,0,0,318,88,18,97
TAE,2000,4,9,19,9.6,61.4,7.3,2.5,4.84,6.2,21.8,0,944.5,63,0.7,3.6,0,0,0,0,0,0,0,317,88,18,97
TAE,2000,4,9,20,5.3,82.8,7.4,2.6,4.91,4.1,17.6,0,944.4,240,1,2.7,0,0,0,0,0,0,0,315,88,18,97
TAE,2000,4,9,21,4,85.5,7,1.8,4.64,3,15.7,0,944.5,217,1,2.3,0,0,0,0,0,0,0,324,100,18,97
TAE,2000,4,9,22,4.3,86,7.2,2.2,4.78,3.4,16.3,0,944.4,212,1,2.3,0,0,0,0,0,0,0,323,100,18,97
TAE,2000,4,9,23,4.7,84.6,7.2,2.3,4.78,3.6,16.7,0,944.2,216,0.9,2.7,0,0,0,0,0,0,0,322,100,18,97
TAE,2000,4,10,0,4.7,85.8,7.3,2.5,4.85,3.7,16.9,0,944.1,236,0.4,2.3,0,0,0,0,0,0,0,318,100,19,97
TAE,2000,4,10,1,4.8,86,7.4,2.7,4.91,3.8,17.1,0,944.1,180,0.4,1.2,0,0,0,0,0,0,0,317,100,19,97
TAE,2000,4,10,2,4.2,86.6,7.2,2.2,4.78,3.3,16.2,0,943.9,189,0.8,1.7,0,0,0,0,0,0,0,316,100,19,97
TAE,2000,4,10,3,4.5,85.4,7.2,2.3,4.78,3.5,16.5,0,943.8,194,0.5,1.2,0,0,0,0,0,0,0,315,100,19,97
TAE,2000,4,10,4,4.3,86.8,7.2,2.3,4.78,3.4,16.3,0,944,0,0,0,0,0,0,0,0,0,0,313,100,19,97
TAE,2000,4,10,5,3.9,88.2,7.1,2.1,4.71,3.1,15.7,0,944.1,135,0.3,0.9,95,290,54,57,327,28,28,295,60,19,97
TAE,2000,4,10,6,5.3,82,7.3,2.5,4.85,4,17.5,0,944.1,27,0.3,1.5,250,453,114,60,526,153,59,293,55,19,97
TAE,2000,4,10,7,7,71.3,7.2,2.2,4.78,4.8,19,0,944.2,34,1.5,3.2,393,447,183,94,529,295,93,296,50,19,97
TAE,2000,4,10,8,8.3,67.1,7.3,2.6,4.85,5.6,20.5,0,944.4,32,1.7,3.5,609,812,122,79,696,524,80,237,0,19,97
TAE,2000,4,10,9,9.6,61,7.3,2.5,4.85,6.2,21.8,0,944.3,65,1.5,3.4,732,864,128,89,566,660,91,238,0,19,97
TAE,2000,4,10,10,10.9,58.7,7.7,3.1,5.12,7.1,23.8,0,943.9,72,1.6,3.9,802,880,136,96,376,739,99,240,0,19,97
TAE,2000,4,10,11,12.4,53.5,7.7,3.2,5.12,7.9,25.4,0,943.5,65,2,5.8,718,556,290,146,215,626,241,295,58,19,97
TAE,2000,4,10,12,13.2,47.4,7.2,2.3,4.78,7.9,25.3,0,943.2,52,1.9,5.5,629,402,331,169,167,512,397,326,88,19,97
TAE,2000,4,10,13,13.7,43.2,6.8,1.4,4.52,7.8,25.2,0,942.5,63,1.9,5.1,499,257,328,174,172,367,375,337,100,19,97
TAE,2000,4,10,14,14.1,38.9,6.3,0.3,4.19,7.6,24.8,0,942,63,1.6,4.7,408,260,263,139,138,294,381,324,88,19,97
TAE,2000,4,10,15,14.3,39.7,6.5,0.8,4.32,7.9,25.3,0,941.6,50,1.5,3.8,227,89,191,108,107,136,197,335,100,19,97
TAE,2000,4,10,16,13.7,40.3,6.3,0.5,4.19,7.5,24.4,0,941.4,94,1.7,5,95,25,89,52,51,51,76,335,100,19,97
TAE,2000,4,10,17,12.4,49.1,7.1,2,4.73,7.4,24.4,0,941.3,138,1.3,3.3,25,29,22,16,12,12,42,334,100,19,97
TAE,2000,4,10,18,11.7,47.6,6.5,0.9,4.32,6.7,22.7,0,941.7,129,1.5,6,0,0,0,0,0,0,0,333,100,19,97
TAE,2000,4,10,19,10,58.3,7.1,2.2,4.72,6.3,21.9,0,941.9,220,0.9,3.2,0,0,0,0,0,0,0,321,88,19,97
TAE,2000,4,10,20,8.9,64.9,7.4,2.7,4.93,6,21.3,0,941.6,248,1.2,2.6,0,0,0,0,0,0,0,320,88,19,97
TAE,2000,4,10,21,8.8,67.7,7.7,3.2,5.13,6.1,21.8,0,941.2,238,1.3,2.9,0,0,0,0,0,0,0,318,88,19,97
TAE,2000,4,10,22,7.6,75.2,7.9,3.5,5.27,5.7,20.9,0,940.9,225,0.7,2.3,0,0,0,0,0,0,0,327,100,19,97
TAE,2000,4,10,23,6.7,80.8,7.9,3.6,5.27,5.2,20,0,940.7,221,0.9,2,0,0,0,0,0,0,0,326,100,19,97
TAE,2000,4,11,0,6.9,79.6,7.9,3.6,5.27,5.3,20.2,0,940,229,1.1,2.6,0,0,0,0,0,0,0,324,100,20,97
TAE,2000,4,11,1,7,79.8,8,3.8,5.34,5.5,20.5,0,939.5,202,0.7,1.9,0,0,0,0,0,0,0,324,100,20,97
TAE,2000,4,11,2,7.1,81.5,8.2,4.2,5.48,5.7,20.9,0,938.9,180,0.5,1.8,0,0,0,0,0,0,0,324,100,20,97
TAE,2000,4,11,3,6.8,86.1,8.5,4.6,5.68,5.7,21.1,0,938.6,198,0.4,1.7,0,0,0,0,0,0,0,324,100,20,97
TAE,2000,4,11,4,6.9,86.5,8.6,4.8,5.75,5.9,21.4,0.2,938.3,225,0.3,1.5,0,0,0,0,0,0,0,325,100,20,97
TAE,2000,4,11,5,6.9,88.9,8.9,5.2,5.96,6.1,21.9,0.3,938,239,0.6,1.6,58,41,53,35,73,29,30,325,100,20,97
TAE,2000,4,11,6,7.3,87.3,8.9,5.3,5.96,6.3,22.3,0.2,937.7,180,0.4,2.9,80,2,79,47,48,44,45,325,100,20,97
TAE,2000,4,11,7,7.6,84.5,8.8,5.2,5.89,6.4,22.5,0.5,937.4,200,2,4.6,92,0,92,54,54,51,52,327,100,20,97
TAE,2000,4,11,8,7.6,85.5,8.9,5.3,5.96,6.5,22.6,1.4,937.6,211,2.1,4.6,79,0,79,47,46,44,45,328,100,20,97
TAE,2000,4,11,9,7.8,83.4,8.8,5.2,5.89,6.5,22.7,0.3,937.5,207,2.5,5.4,173,1,173,102,101,96,98,330,100,20,97
TAE,2000,4,11,10,8.3,80.5,8.8,5.1,5.9,6.7,23.2,0.1,937.3,202,3.8,8.7,267,29,245,142,157,160,137,331,100,20,97
TAE,2000,4,11,11,8.1,83.9,9.1,5.5,6.1,6.8,23.5,0.5,937.1,219,3.2,8.5,171,0,171,101,99,95,97,333,100,20,97
TAE,2000,4,11,12,8.2,85,9.2,5.8,6.17,7,23.7,0.6,937,217,2.5,5.6,98,0,98,58,57,54,56,334,100,20,97
TAE,2000,4,11,13,8,84.7,9.1,5.6,6.1,6.8,23.4,0.2,936.3,199,2.8,6.4,174,6,171,100,99,98,101,334,100,20,97
TAE,2000,4,11,14,8.7,81.9,9.2,5.8,6.17,7.2,24.3,0.1,936.1,211,2.6,6.9,160,9,155,91,89,91,95,334,100,20,97
TAE,2000,4,11,15,8.6,80.3,9,5.4,6.04,7,23.8,0,935.5,196,3,7.9,285,229,192,105,104,187,339,334,100,20,97
TAE,2000,4,11,16,9.2,73.7,8.6,4.8,5.77,7,23.8,0,934.9,200,4.5,10.1,166,230,105,58,57,92,298,323,88,20,97
TAE,2000,4,11,17,8.5,74.9,8.3,4.3,5.57,6.5,22.6,0,934.8,191,4.1,9,34,85,24,25,13,13,101,323,88,20,97
TAE,2000,4,11,18,7.8,76,8,3.8,5.37,5.9,21.3,0,934.7,182,3.7,7.9,0,0,0,0,0,0,0,298,58,20,97
TAE,2000,4,11,19,7.2,80.4,8.2,4.1,5.51,5.7,21.1,0,934.5,205,2.4,4.9,0,0,0,0,0,0,0,305,68,20,97
TAE,2000,4,11,20,7,79.4,8,3.7,5.37,5.4,20.5,0,933.8,173,2.5,5.9,0,0,0,0,0,0,0,320,88,20,97
TAE,2000,4,11,21,6.9,81.9,8.2,4,5.52,5.5,20.8,0,932.9,201,1,3,0,0,0,0,0,0,0,323,88,20,97
TAE,2000,4,11,22,6.9,84,8.3,4.4,5.59,5.7,21,0,932.2,18,0.5,2,0,0,0,0,0,0,0,327,100,20,97
TAE,2000,4,11,23,6.8,83.9,8.3,4.3,5.59,5.6,20.9,0,931.8,34,0.5,1.9,0,0,0,0,0,0,0,325,100,20,97
TAE,2000,4,12,0,7.1,81.4,8.2,4.1,5.53,5.7,21,0,930.8,279,1.4,5.9,0,0,0,0,0,0,0,324,100,19,97
TAE,2000,4,12,1,8.4,71.9,7.9,3.6,5.32,6.1,21.8,0,930.8,236,3.6,9,0,0,0,0,0,0,0,323,100,19,97
TAE,2000,4,12,2,7.2,83,8.4,4.5,5.66,5.9,21.5,1.3,931.4,276,3.3,8.4,0,0,0,0,0,0,0,323,100,19,97
TAE,2000,4,12,3,5.5,89.2,8,3.9,5.39,4.7,19.1,3,930.8,274,1.4,4.4,0,0,0,0,0,0,0,322,100,19,97
TAE,2000,4,12,4,5.7,85.9,7.9,3.5,5.33,4.7,19.1,2,930.4,209,3.7,9.2,0,0,0,0,0,0,0,321,100,19,97
TAE,2000,4,12,5,6.2,85.9,8.1,4,5.46,5.2,19.9,3.9,930.7,222,4.1,12.5,7,0,7,4,4,4,4,320,100,19,97
TAE,2000,4,12,6,4.3,85.9,7.2,2.2,4.84,3.4,16.4,2,932.9,258,5.2,14.1,21,0,21,12,12,12,12,319,100,19,97
TAE,2000,4,12,7,3.3,85.2,6.6,1.1,4.43,2.4,14.4,0.5,934.3,252,4.3,10.2,40,0,40,24,23,22,23,318,100,19,97
TAE,2000,4,12,8,3.7,83.1,6.6,1.1,4.42,2.6,14.8,0,934.4,236,3.4,9.2,189,18,177,103,117,110,99,317,100,19,97
TAE,2000,4,12,9,4.9,78,6.7,1.4,4.49,3.4,16.2,0,935.3,232,4,11.1,294,66,246,140,183,189,135,316,100,19,97
TAE,2000,4,12,10,5.9,71.7,6.6,1.2,4.42,3.8,17,0.1,935.7,244,5.1,12.6,216,1,215,126,125,120,121,315,100,19,97
TAE,2000,4,12,11,5.8,69.1,6.4,0.6,4.28,3.5,16.6,0,936.2,260,5.1,12.2,425,70,370,212,211,266,233,314,100,19,97
TAE,2000,4,12,12,7,59.8,6,-0.3,4.01,3.8,17.1,0,936.2,253,5.7,15.4,508,162,387,215,212,350,312,314,100,19,97
TAE,2000,4,12,13,7.9,53.7,5.7,-0.9,3.81,4.1,17.5,0,935.9,247,5.4,12.7,500,238,339,183,181,362,372,308,88,19,97
TAE,2000,4,12,14,9.1,50,5.8,-0.8,3.88,4.8,18.9,0,935.6,236,4.2,12.3,232,95,176,98,97,156,183,315,100,19,97
TAE,2000,4,12,15,8.9,48.7,5.5,-1.3,3.68,4.5,18.2,0,935.9,258,4.8,11.3,188,83,157,90,88,112,174,316,100,19,97
TAE,2000,4,12,16,9.5,49.4,5.9,-0.6,3.95,5,19.5,0,936.1,261,3.8,9.5,124,110,101,65,57,55,171,310,88,19,97
TAE,2000,4,12,17,8.8,50.4,5.7,-0.9,3.81,4.6,18.4,0,936.4,218,1.8,5.7,18,2,17,10,10,10,12,317,100,19,97
TAE,2000,4,12,18,7.9,54.6,5.8,-0.7,3.87,4.2,17.7,0,936.9,207,2.2,6.3,0,0,0,0,0,0,0,317,100,19,97
TAE,2000,4,12,19,7,62.7,6.3,0.4,4.21,4.1,17.6,0,937.3,221,1.1,5.7,0,0,0,0,0,0,0,309,88,19,97
TAE,2000,4,12,20,4.8,76.3,6.5,1,4.34,3.1,15.7,0,937.4,248,0.6,1.9,0,0,0,0,0,0,0,307,88,19,97
TAE,2000,4,12,21,3.9,78.7,6.4,0.5,4.28,2.5,14.6,0,937.3,189,0.8,3.2,0,0,0,0,0,0,0,305,88,19,97
TAE,2000,4,12,22,3.4,81.6,6.4,0.6,4.28,2.2,14.1,0,937.1,180,0.4,2.1,0,0,0,0,0,0,0,304,88,19,97
TAE,2000,4,12,23,3.3,85,6.6,1,4.41,2.3,14.4,0,937.5,135,0.6,1.9,0,0,0,0,0,0,0,308,100,19,97
TAE,2000,4,13,0,3.4,84.9,6.6,1.1,4.41,2.4,14.5,0,937.5,270,0.4,1.3,0,0,0,0,0,0,0,308,100,20,97
TAE,2000,4,13,1,4.7,79.5,6.8,1.5,4.54,3.3,16.1,0,937.9,264,1.1,2.2,0,0,0,0,0,0,0,309,100,20,97
TAE,2000,4,13,2,5.5,79.7,7.2,2.3,4.81,4.1,17.6,0,938.5,311,1.2,3.8,0,0,0,0,0,0,0,311,100,20,97
TAE,2000,4,13,3,5.5,82.2,7.4,2.7,4.94,4.2,17.9,0.1,938.4,236,1.2,4.6,0,0,0,0,0,0,0,312,100,20,97
TAE,2000,4,13,4,5.5,84.1,7.6,3,5.08,4.3,18.3,1,938.7,210,1.4,5.9,0,0,0,0,0,0,0,314,100,20,97
TAE,2000,4,13,5,5.6,83.9,7.6,3.1,5.07,4.4,18.4,1.1,939.4,215,3.3,10.5,8,0,8,5,5,4,4,315,100,20,97
TAE,2000,4,13,6,5.4,85.8,7.7,3.2,5.14,4.4,18.3,1.5,940.2,216,2.4,6.2,22,0,22,13,12,12,12,317,100,20,97
TAE,2000,4,13,7,5.4,85,7.6,3.1,5.07,4.3,18.1,1,940.8,223,2.2,7.5,41,0,41,24,24,23,23,319,100,20,97
TAE,2000,4,13,8,5.4,87.1,7.8,3.4,5.2,4.5,18.5,0.3,940.9,360,1.1,3.9,97,0,97,57,56,54,55,321,100,20,97
TAE,2000,4,13,9,6.2,81.9,7.9,3.3,5.27,4.8,19.5,0.2,940.7,166,1.4,4.9,337,28,317,185,203,196,178,323,100,20,97
TAE,2000,4,13,10,7.8,73.9,7.8,3.4,5.2,5.7,20.9,0.1,940.4,223,2.3,5.9,392,41,361,209,226,234,202,324,100,20,97
TAE,2000,4,13,11,8.5,71.4,7.9,3.6,5.27,6.1,21.8,0,940.4,260,2.9,6.9,121,0,121,71,70,67,68,326,100,20,97
TAE,2000,4,13,12,8.4,73.2,8.1,3.9,5.4,6.2,22,0,940.3,264,2.7,6,320,14,309,181,178,182,183,328,100,20,97
TAE,2000,4,13,13,8.3,72,7.9,3.6,5.27,6,21.6,0,940.1,279,2.6,6.4,345,44,315,182,180,205,212,328,100,20,97
TAE,2000,4,13,14,9.7,68.5,8.3,4.2,5.54,7,23.7,0,940.1,294,1.7,5.7,318,93,268,152,151,198,238,329,100,20,97
TAE,2000,4,13,15,9.9,70.3,8.6,4.8,5.75,7.4,24.4,0,939.6,305,2.2,8.5,279,191,199,110,109,178,306,329,100,20,97
TAE,2000,4,13,16,9.9,71.7,8.8,5,5.88,7.4,24.8,0,940,27,1.3,3.4,89,51,73,42,41,50,95,330,100,20,97
TAE,2000,4,13,17,9.1,77.5,8.9,5.4,5.94,7.2,24.1,0,940.2,324,1.3,3,10,0,10,6,6,5,6,330,100,20,97
TAE,2000,4,13,18,8.7,74.9,8.4,4.5,5.61,6.6,22.9,0.3,939.7,229,3.1,12.3,0,0,0,0,0,0,0,330,100,20,97
TAE,2000,4,13,19,7.9,80.1,8.5,4.7,5.67,6.3,22.2,0,940.5,188,3.8,8.4,0,0,0,0,0,0,0,329,100,20,97
TAE,2000,4,13,20,6.8,86.5,8.6,4.7,5.74,5.8,21.2,0,940.8,212,1.1,3.5,0,0,0,0,0,0,0,328,100,20,97
TAE,2000,4,13,21,5.4,90.8,8.1,4,5.4,4.7,19,0,940.9,202,0.7,2.5,0,0,0,0,0,0,0,327,100,20,97
TAE,2000,4,13,22,5.7,89.4,8.2,4.1,5.46,4.9,19.4,0,941.9,283,1.7,6.4,0,0,0,0,0,0,0,326,100,20,97
TAE,2000,4,13,23,5.6,89.1,8.1,3.9,5.4,4.8,19.2,0,941.7,191,0.7,2.6,0,0,0,0,0,0,0,325,100,20,97
TAE,2000,4,14,0,4.6,92.4,7.8,3.5,5.19,4.1,17.6,0,941.7,149,0.6,2.5,0,0,0,0,0,0,0,319,88,19,97
TAE,2000,4,14,1,5.5,90.3,8.2,4,5.46,4.8,19.2,0,941.6,164,1.2,3.4,0,0,0,0,0,0,0,325,100,19,97
TAE,2000,4,14,2,4.3,92.7,7.7,3.2,5.13,3.8,17.2,0,941.7,153,0.8,3,0,0,0,0,0,0,0,298,38,19,97
TAE,2000,4,14,3,3.6,93.4,7.4,2.6,4.93,3.2,16,0,941.5,162,0.3,1.3,0,0,0,0,0,0,0,314,75,19,97
TAE,2000,4,14,4,3.2,94,7.3,2.3,4.86,2.8,15.4,0,940.8,0,0.3,1.6,0,0,0,0,0,0,0,303,50,19,97
TAE,2000,4,14,5,3.3,93.2,7.2,2.3,4.8,2.9,15.3,0,940.8,90,0.2,1.6,88,123,65,50,164,35,35,326,100,19,97
TAE,2000,4,14,6,5,91.5,8,3.7,5.34,4.4,18.4,0,940.4,117,0.2,1.9,247,331,135,72,415,148,70,318,80,19,97
TAE,2000,4,14,7,7.9,82.5,8.8,5.1,5.88,6.5,22.7,0,940.2,27,1.1,3.3,386,373,207,108,479,270,106,306,68,19,97
TAE,2000,4,14,8,10.2,75.6,9.4,6.1,6.28,8.1,26.1,0,940,34,2.1,4.5,552,521,229,118,552,438,117,315,75,19,97
TAE,2000,4,14,9,11.5,72.5,9.8,6.7,6.56,9,28.1,0,939.5,30,2.2,5.1,627,462,295,150,462,506,148,319,75,19,97
TAE,2000,4,14,10,12.4,66.4,9.5,6.3,6.35,9.2,28.5,0,939.4,29,1.9,4.3,732,599,269,138,390,626,138,286,33,19,97
TAE,2000,4,14,11,14.1,61.6,9.9,6.8,6.63,10.2,30.9,0,939.2,350,1.3,5.1,765,661,245,131,200,664,238,271,13,19,97
TAE,2000,4,14,12,14.7,61.5,10.3,7.4,6.9,10.7,32.2,0,939.2,309,2.8,5.9,595,306,364,191,189,451,369,315,60,19,97
TAE,2000,4,14,13,14.4,63.2,10.3,7.5,6.9,10.6,31.9,0,938.8,316,2.9,5.8,560,383,302,157,156,431,456,300,45,19,97
TAE,2000,4,14,14,15.3,56.2,9.8,6.6,6.57,10.6,32,0,938.2,290,2.1,5.9,487,462,224,115,115,370,536,303,50,19,97
TAE,2000,4,14,15,15.9,51.9,9.4,6,6.3,10.6,31.9,0,938.1,347,1.4,4.3,303,266,193,104,103,194,377,318,68,19,97
TAE,2000,4,14,16,15.8,54.3,9.8,6.6,6.57,10.8,32.5,0,937.8,82,1.7,3.5,223,563,74,58,41,87,616,274,20,19,97
TAE,2000,4,14,17,13.3,70,10.7,7.9,7.18,10.4,31.5,0,937.6,120,0.8,2.1,50,137,33,38,18,17,159,277,25,19,97
TAE,2000,4,14,18,9.5,83.6,9.9,6.9,6.64,8.1,26.3,0,937.6,202,0.6,1.9,0,0,0,0,0,0,0,289,40,19,97
TAE,2000,4,14,19,8.6,86.6,9.7,6.5,6.5,7.5,25,0,937.7,197,1,2.3,0,0,0,0,0,0,0,300,55,19,97
TAE,2000,4,14,20,7.5,88.3,9.2,5.7,6.17,6.6,23,0,937.4,207,0.7,2.1,0,0,0,0,0,0,0,312,70,19,97
TAE,2000,4,14,21,6.9,86.3,8.6,4.8,5.76,5.9,21.4,0,937.3,187,0.8,2.4,0,0,0,0,0,0,0,323,85,19,97
TAE,2000,4,14,22,6.7,85.2,8.4,4.4,5.62,5.6,20.9,0,937.4,143,0.5,1.8,0,0,0,0,0,0,0,335,100,19,97
TAE,2000,4,14,23,7.3,84.9,8.6,4.9,5.76,6.1,21.8,0,937.3,126,0.9,3.7,0,0,0,0,0,0,0,333,100,19,97
TAE,2000,4,15,0,7.6,84.3,8.8,5.1,5.9,6.4,22.5,0,937.3,135,0.3,3.6,0,0,0,0,0,0,0,332,100,18,97
TAE,2000,4,15,1,7.6,84.7,8.9,5.2,5.97,6.4,22.6,0,936.8,153,0.4,1.5,0,0,0,0,0,0,0,332,100,18,97
TAE,2000,4,15,2,7.5,83.3,8.6,4.9,5.77,6.2,22,0,936.3,153,0.6,2.2,0,0,0,0,0,0,0,312,75,18,97
TAE,2000,4,15,3,5.9,86.6,8.1,3.8,5.43,4.9,19.6,0,935.6,135,0.2,1.2,0,0,0,0,0,0,0,278,33,18,97
TAE,2000,4,15,4,4.6,85.2,7.3,2.3,4.89,3.6,16.9,0,935.6,236,0.8,3,0,0,0,0,0,0,0,279,33,18,97
TAE,2000,4,15,5,4.9,84,7.3,2.4,4.89,3.8,17.2,0,936.4,210,1,3.4,116,319,62,71,362,32,32,285,40,18,97
TAE,2000,4,15,6,9.3,72.1,8.4,4.5,5.62,6.9,23.5,0,938.1,255,4.4,11.9,254,352,136,71,438,147,70,298,58,18,97
TAE,2000,4,15,7,8.9,77,8.8,5.1,5.88,7,23.7,0,939.7,259,5.2,13.7,84,0,84,49,48,46,47,331,100,18,97
TAE,2000,4,15,8,7.6,71.8,7.5,2.8,5,5.4,20.2,0,941.1,257,6.6,14.8,82,0,82,48,47,45,46,330,100,18,97
TAE,2000,4,15,9,6.9,71.9,7.2,2.2,4.79,4.7,19,0,941.7,260,5.5,12.3,90,0,90,52,52,49,50,330,100,18,97
TAE,2000,4,15,10,6.9,74.6,7.4,2.7,4.93,5,19.3,0,941.5,224,3.3,8,108,0,108,62,61,59,60,329,100,18,97
TAE,2000,4,15,11,7.3,70.8,7.2,2.4,4.79,5,19.4,0,941.7,209,3.6,7.6,112,0,112,65,64,61,62,329,100,18,97
TAE,2000,4,15,12,7.5,67.6,7,1.9,4.66,4.9,19.2,0,941.7,223,2.7,7.4,101,0,101,59,58,55,56,328,100,18,97
TAE,2000,4,15,13,7.9,64,6.8,1.5,4.52,5,19.3,0,941.6,212,1.9,5.4,81,0,81,47,46,44,45,327,100,18,97
TAE,2000,4,15,14,8.5,63.8,7.1,2,4.73,5.5,20.4,0,941.3,210,2.3,5.7,56,0,56,32,32,31,31,327,100,18,97
TAE,2000,4,15,15,8.8,59.8,6.8,1.4,4.53,5.4,20.2,0,941.1,180,1.9,5.2,150,51,126,71,70,89,121,325,100,18,97
TAE,2000,4,15,16,9.5,53,6.3,0.4,4.19,5.4,20.1,0,941.1,178,3,6.2,81,3,80,47,46,44,48,324,100,18,97
TAE,2000,4,15,17,9.5,54.5,6.5,0.8,4.33,5.5,20.4,0,941,162,2.1,5,49,79,39,34,22,21,103,316,88,18,97
TAE,2000,4,15,18,7.3,65.1,6.6,1.2,4.39,4.6,18.4,0,941.4,171,2.1,4.9,0,0,0,0,0,0,0,278,20,18,97
TAE,2000,4,15,19,5.8,70.9,6.5,0.9,4.32,3.6,16.7,0,942.1,214,1.6,4.6,0,0,0,0,0,0,0,266,0,18,97
TAE,2000,4,15,20,5.2,72.1,6.4,0.6,4.25,3.2,15.9,0,942.5,233,1,2.9,0,0,0,0,0,0,0,282,38,18,97
TAE,2000,4,15,21,5.5,70.3,6.3,0.5,4.18,3.3,16,0,943.6,260,1.7,5.3,0,0,0,0,0,0,0,308,100,18,97
TAE,2000,4,15,22,6.6,68.4,6.7,1.2,4.45,4.2,17.8,0,944,294,1.8,7.1,0,0,0,0,0,0,0,295,80,18,97
TAE,2000,4,15,23,4,82.3,6.7,1.3,4.45,2.8,15.2,0,944.2,149,0.7,2.7,0,0,0,0,0,0,0,268,25,18,97
TAE,2000,4,16,0,3.5,81.9,6.4,0.7,4.25,2.3,14.1,0,943.9,121,0.7,2.7,0,0,0,0,0,0,0,256,0,19,97
TAE,2000,4,16,1,1,88.6,5.8,-0.7,3.85,0.3,10.6,0,943.6,135,0.6,2.4,0,0,0,0,0,0,0,256,0,19,97
TAE,2000,4,16,2,0.2,90,5.6,-1.2,3.71,-0.3,9.5,0,943.3,180,0.2,1.2,0,0,0,0,0,0,0,255,0,19,97
TAE,2000,4,16,3,0,90.7,5.6,-1.3,3.72,-0.5,9.3,0,942.8,135,0.3,1.9,0,0,0,0,0,0,0,260,13,19,97
TAE,2000,4,16,4,-0.7,91.3,5.3,-1.9,3.52,-1.2,8.1,0,942.8,153,0.3,1.7,7,0,7,4,4,4,4,265,25,19,97
TAE,2000,4,16,5,-0.1,90.9,5.5,-1.4,3.65,-0.6,9,0,942.2,194,0.4,1.5,130,381,63,81,427,33,33,276,50,19,97
TAE,2000,4,16,6,3.1,82.8,6.3,0.5,4.19,2,13.6,0,941.5,124,0.4,2.3,284,465,129,68,550,162,67,283,58,19,97
TAE,2000,4,16,7,6.3,72.9,7,1.8,4.66,4.3,18,0,941,33,1.6,3.1,400,390,212,113,499,274,111,306,80,19,97
TAE,2000,4,16,8,8.4,67,7.4,2.6,4.93,5.7,20.8,0,940.7,33,2,3.6,317,62,280,160,216,191,155,325,100,19,97
TAE,2000,4,16,9,9.5,66.3,7.9,3.5,5.27,6.6,22.8,0,940.8,29,1.3,3.7,381,68,333,191,241,234,184,328,100,19,97
TAE,2000,4,16,10,10.8,54.9,7.1,2.1,4.73,6.7,22.8,0,940.3,33,2.4,4.7,631,342,363,192,347,485,188,321,88,19,97
TAE,2000,4,16,11,12.6,47.2,6.8,1.7,4.53,7.4,24.1,0,939.6,38,2.3,5.4,695,444,342,176,237,563,264,313,75,19,97
TAE,2000,4,16,12,14,44.9,7.2,2.2,4.81,8.2,26.2,0,939.2,36,1.9,5.2,678,490,307,159,158,551,433,301,58,19,97
TAE,2000,4,16,13,15.4,40,7,1.9,4.67,8.7,27.3,0,938.4,47,2.4,5.5,477,262,292,160,159,347,346,326,88,19,97
TAE,2000,4,16,14,15.8,37,6.7,1.2,4.48,8.7,27.2,0,937.9,40,2.6,5.8,466,392,245,129,129,337,493,319,80,19,97
TAE,2000,4,16,15,16.6,37.2,7,1.9,4.68,9.3,28.5,0,938,16,1.5,3.9,349,418,172,90,90,228,514,314,75,19,97
TAE,2000,4,16,16,15.7,41.1,7.3,2.5,4.88,9.1,28.1,0,937.9,300,1,2.4,184,257,115,74,62,84,332,313,75,19,97
TAE,2000,4,16,17,14.5,50.1,8.2,4.2,5.49,9.2,28.4,0,937.5,194,0.5,2.5,42,53,35,29,20,19,74,334,100,19,97
TAE,2000,4,16,18,10.8,65.6,8.5,4.6,5.69,7.7,25.2,0,937.3,220,0.8,2.6,0,0,0,0,0,0,0,333,100,19,97
TAE,2000,4,16,19,9.8,63.1,7.6,3.1,5.09,6.6,22.7,0,936.8,238,1.1,3.8,0,0,0,0,0,0,0,332,100,19,97
TAE,2000,4,16,20,8.4,69.1,7.6,3.1,5.09,5.9,21.2,0,936.8,212,1.1,3.3,0,0,0,0,0,0,0,331,100,19,97
TAE,2000,4,16,21,7.4,72.3,7.5,2.7,5.02,5.2,20.1,0,936.1,196,0.8,2.1,0,0,0,0,0,0,0,330,100,19,97
TAE,2000,4,16,22,7.6,71.5,7.4,2.8,4.96,5.4,20.1,0,935.5,180,0.7,2.6,0,0,0,0,0,0,0,329,100,19,97
TAE,2000,4,16,23,7.2,77.1,7.8,3.5,5.23,5.4,20.4,0,935,207,0.5,2.3,0,0,0,0,0,0,0,328,100,19,97
TAE,2000,4,17,0,6.3,77.2,7.4,2.6,4.96,4.6,18.8,0,934.7,180,0.7,2.5,0,0,0,0,0,0,0,328,100,19,97
TAE,2000,4,17,1,6,77,7.2,2.3,4.82,4.3,18.1,0,935.7,217,0.6,2.4,0,0,0,0,0,0,0,328,100,19,97
TAE,2000,4,17,2,7.7,68.8,7.2,2.3,4.81,5.2,19.8,0,937.3,299,1.4,7.7,0,0,0,0,0,0,0,319,88,19,97
TAE,2000,4,17,3,8,73.7,7.9,3.6,5.28,5.9,21.3,0,938.2,247,1.5,6.3,0,0,0,0,0,0,0,330,100,19,97
TAE,2000,4,17,4,7.9,78.5,8.4,4.4,5.61,6.2,22,0,939.6,229,1.9,5.9,11,37,9,14,41,5,5,308,70,19,97
TAE,2000,4,17,5,7.8,81.4,8.6,4.8,5.74,6.3,22.3,0,940.3,259,2.8,7.8,135,415,60,83,459,32,32,294,50,19,97
TAE,2000,4,17,6,8.3,82.1,9,5.4,6,6.9,23.4,0,941.5,263,3.3,7,99,53,83,47,103,54,46,322,88,19,97
TAE,2000,4,17,7,8.8,79,9,5.4,6,7.1,23.9,0,942.1,264,3.8,7.7,46,0,46,27,27,25,26,331,100,19,97
TAE,2000,4,17,8,8.9,75.7,8.6,4.8,5.72,6.9,23.3,0,943.6,251,3.6,8.7,67,0,67,40,39,37,38,332,100,19,97
TAE,2000,4,17,9,8.8,71.8,8.1,4,5.38,6.5,22.4,0,944.6,253,3.8,8.8,107,0,107,63,62,59,61,332,100,19,97
TAE,2000,4,17,10,9.4,69.2,8.1,4,5.38,6.8,23,0,945.1,245,3.9,8.5,110,0,110,65,64,61,62,332,100,19,97
TAE,2000,4,17,11,9.4,68,8,3.8,5.31,6.7,22.8,0,945.6,245,3.4,8,112,0,112,66,65,62,63,332,100,19,97
TAE,2000,4,17,12,9.4,66.5,7.8,3.5,5.17,6.6,22.5,0,946.1,261,3.2,6.4,102,0,102,60,59,56,58,332,100,19,97
TAE,2000,4,17,13,9,71.6,8.2,4.2,5.44,6.7,22.7,0,946.6,248,2.4,5.3,81,0,81,48,47,45,46,331,100,19,97
TAE,2000,4,17,14,8.5,78,8.7,4.9,5.77,6.7,23,0.1,947.1,230,1.9,4.7,56,0,56,33,33,31,32,330,100,19,97
TAE,2000,4,17,15,8.1,80.2,8.7,4.9,5.76,6.5,22.6,0.3,947.4,222,1.5,4,34,0,34,20,20,19,19,329,100,19,97
TAE,2000,4,17,16,7.8,81.2,8.6,4.8,5.7,6.3,22.2,0,947.6,175,1.2,3.8,16,0,16,10,9,9,9,328,100,19,97
TAE,2000,4,17,17,7.5,81.2,8.4,4.5,5.56,6,21.5,0,948,162,3.6,8,5,0,5,3,3,3,3,328,100,19,97
TAE,2000,4,17,18,7.3,81.9,8.4,4.4,5.56,5.9,21.3,0,948.9,158,0.6,3.9,0,0,0,0,0,0,0,327,100,19,97
TAE,2000,4,17,19,6.8,83.7,8.3,4.2,5.49,5.6,20.6,0,949.3,180,0.9,2.5,0,0,0,0,0,0,0,326,100,19,97
TAE,2000,4,17,20,6.8,80.1,7.9,3.6,5.22,5.3,19.9,0,949.3,197,1.1,3.4,0,0,0,0,0,0,0,325,100,19,97
TAE,2000,4,17,21,6.2,86.6,8.2,4.1,5.42,5.2,19.8,0,949.5,18,0.5,1.9,0,0,0,0,0,0,0,325,100,19,97
TAE,2000,4,17,22,5.9,87.3,8.1,4,5.35,5,19.4,0,949.7,45,0.4,1.3,0,0,0,0,0,0,0,324,100,19,97
TAE,2000,4,17,23,5.5,87.4,7.9,3.6,5.22,4.6,18.6,0,949.8,124,0.3,1.6,0,0,0,0,0,0,0,323,100,19,97
TAE,2000,4,18,0,5.6,87.2,7.9,3.6,5.22,4.7,18.7,0,949.7,104,0.4,2.1,0,0,0,0,0,0,0,322,100,19,97
TAE,2000,4,18,1,5.4,88.5,8,3.7,5.28,4.6,18.7,0,949.6,315,0.2,1.4,0,0,0,0,0,0,0,322,100,19,97
TAE,2000,4,18,2,5.5,91.1,8.2,4.2,5.42,4.9,19.1,0.1,949.8,27,0.3,1.1,0,0,0,0,0,0,0,322,100,19,97
TAE,2000,4,18,3,6.3,85.4,8.1,4,5.35,5.2,19.8,0.6,949.8,185,2.5,7.2,0,0,0,0,0,0,0,322,100,19,97
TAE,2000,4,18,4,6.1,85.3,8,3.8,5.28,5,19.4,1.7,950.1,188,4.3,8.9,1,0,1,1,1,1,1,322,100,19,97
TAE,2000,4,18,5,5.8,87.3,8.1,3.9,5.35,4.9,19.2,0.9,950.6,177,3.6,8.4,10,0,10,6,6,5,6,322,100,19,97
TAE,2000,4,18,6,5.8,90.2,8.3,4.3,5.48,5.1,19.6,0.7,950.7,131,1.8,3.5,24,0,24,14,14,13,14,322,100,19,97
TAE,2000,4,18,7,6,89.8,8.4,4.5,5.55,5.3,19.9,0.7,950.4,125,1.6,2.6,44,0,44,26,26,24,25,324,100,19,97
TAE,2000,4,18,8,6.6,88.4,8.6,4.8,5.68,5.7,20.9,0.5,950.3,126,0.8,2,72,0,72,42,42,40,41,326,100,19,97
TAE,2000,4,18,9,7,85.2,8.5,4.7,5.61,5.9,21.1,0.3,950.1,108,0.7,1.9,107,0,107,63,62,59,61,327,100,19,97
TAE,2000,4,18,10,7.4,84.8,8.7,5,5.75,6.2,21.9,0.1,949.5,30,0.8,2.5,133,0,133,78,77,73,75,329,100,19,97
TAE,2000,4,18,11,7.9,78.7,8.4,4.4,5.56,6.2,21.9,0,948.6,40,0.9,2.4,334,10,326,191,189,188,186,330,100,19,97
TAE,2000,4,18,12,8.7,75.4,8.5,4.6,5.63,6.7,22.9,0,948.1,43,1.8,4.2,245,1,244,143,141,136,138,331,100,19,97
TAE,2000,4,18,13,9.2,71.9,8.4,4.4,5.56,6.8,23.3,0,947.3,55,2.2,5.9,96,0,96,56,55,53,54,331,100,19,97
TAE,2000,4,18,14,9.4,70.1,8.3,4.2,5.5,6.8,23.3,0,947,49,3.1,6.8,72,0,72,42,42,40,41,331,100,19,97
TAE,2000,4,18,15,9.2,71.6,8.3,4.3,5.5,6.8,23.1,0,946.5,47,2.2,4.4,47,0,47,27,27,26,26,331,100,19,97
TAE,2000,4,18,16,9.1,72.7,8.4,4.5,5.57,6.8,23.2,0,946,51,2.1,4.8,98,26,89,52,51,53,77,331,100,19,97
TAE,2000,4,18,17,8.7,75.8,8.6,4.7,5.71,6.7,23.1,0,945.9,60,0.8,2.3,5,0,5,3,3,3,3,331,100,19,97
TAE,2000,4,18,18,7.7,85.7,9,5.5,5.97,6.6,22.8,0,946,124,0.3,1.4,0,0,0,0,0,0,0,331,100,19,97
TAE,2000,4,18,19,7.3,87.5,9,5.4,5.97,6.4,22.3,0,946.2,225,0.5,1.7,0,0,0,0,0,0,0,330,100,19,97
TAE,2000,4,18,20,7.3,86.2,8.8,5.2,5.84,6.3,22,0,946.3,228,1.2,2.6,0,0,0,0,0,0,0,329,100,19,97
TAE,2000,4,18,21,7.4,84.5,8.7,5,5.77,6.2,21.9,0,946.5,243,1,3.8,0,0,0,0,0,0,0,328,100,19,97
TAE,2000,4,18,22,7.1,86.1,8.7,4.9,5.77,6,21.6,0,946.5,225,0.8,2.2,0,0,0,0,0,0,0,327,100,19,97
TAE,2000,4,18,23,6.7,86.5,8.5,4.6,5.64,5.7,20.9,0,946.3,253,1.3,2.4,0,0,0,0,0,0,0,326,100,19,97
TAE,2000,4,19,0,5.9,89.2,8.3,4.3,5.51,5.1,19.7,0,946.1,247,0.8,2.7,0,0,0,0,0,0,0,325,100,20,97
TAE,2000,4,19,1,5.4,90.2,8.1,3.9,5.37,4.7,18.9,0,946.1,248,1.2,3,0,0,0,0,0,0,0,324,100,20,97
TAE,2000,4,19,2,5.1,91.2,8,3.8,5.3,4.5,18.4,0,946.1,225,0.3,1.6,0,0,0,0,0,0,0,324,100,20,97
TAE,2000,4,19,3,4.1,92.8,7.6,3,5.04,3.6,16.7,0,946.1,225,0.3,1.2,0,0,0,0,0,0,0,323,100,20,97
TAE,2000,4,19,4,4,92.8,7.6,2.9,5.03,3.5,16.6,0,946.6,180,0.2,1.3,13,53,10,19,58,6,6,323,100,20,97
TAE,2000,4,19,5,3.9,92.6,7.5,2.8,4.96,3.4,16.3,0,947.5,0,0.1,1,76,57,63,43,96,34,35,322,100,20,97
TAE,2000,4,19,6,5.3,91,8.1,4,5.36,4.7,18.8,0,948,360,0.5,2.4,212,135,162,91,233,122,88,323,100,20,97
TAE,2000,4,19,7,8.7,77.7,8.7,5,5.76,6.9,23.2,0,948.6,284,1.1,4.6,335,169,248,137,307,212,133,329,100,20,97
TAE,2000,4,19,8,10.1,68.1,8.4,4.5,5.55,7.3,24.1,0,949.2,245,3.1,7.5,581,546,233,122,580,445,121,311,75,20,97
TAE,2000,4,19,9,10.5,68.7,8.8,5,5.82,7.7,25.2,0,949.6,255,3.8,8.1,559,264,364,195,386,401,190,335,100,20,97
TAE,2000,4,19,10,11.4,65.9,8.9,5.3,5.88,8.3,26.3,0,949.8,251,2.9,6.6,621,293,389,206,354,459,202,338,100,20,97
TAE,2000,4,19,11,12.4,63,9.1,5.6,6.02,8.9,27.6,0,950,248,3,6.5,609,257,402,216,251,442,277,341,100,20,97
TAE,2000,4,19,12,13.1,58.7,8.8,5.2,5.81,9,27.8,0,950.2,242,2.3,5.9,633,356,358,187,186,482,397,333,88,20,97
TAE,2000,4,19,13,13.6,55.4,8.6,4.8,5.68,9.1,28,0,950.3,252,1.7,5.3,475,187,346,191,189,320,342,343,100,20,97
TAE,2000,4,19,14,14.3,52.5,8.6,4.7,5.68,9.3,28.7,0,950.4,248,1.3,4.7,404,210,278,152,151,270,346,332,88,20,97
TAE,2000,4,19,15,14.2,52.2,8.4,4.5,5.54,9.2,28.3,0,950.8,304,1.8,4.4,98,2,97,57,56,54,57,342,100,20,97
TAE,2000,4,19,16,14,53.1,8.5,4.6,5.61,9.2,28.2,0,951.1,302,1.3,4,58,14,55,34,32,30,46,341,100,20,97
TAE,2000,4,19,17,13,60.7,9,5.6,5.94,9.2,28.1,0,951.6,128,1.8,3.9,35,31,30,23,17,17,49,341,100,20,97
TAE,2000,4,19,18,11.9,66.8,9.3,5.9,6.13,8.8,27.4,0,952.2,132,1.3,3.2,0,0,0,0,0,0,0,340,100,20,97
TAE,2000,4,19,19,9.7,77.2,9.3,5.9,6.13,7.8,25.2,0,952.6,153,0.8,1.9,0,0,0,0,0,0,0,293,45,20,97
TAE,2000,4,19,20,6.8,86.7,8.5,4.7,5.6,5.8,20.9,0,952.6,221,1,2.4,0,0,0,0,0,0,0,276,25,20,97
TAE,2000,4,19,21,5.5,89.2,8,3.9,5.27,4.7,18.7,0,952.8,207,0.7,1.7,0,0,0,0,0,0,0,275,25,20,97
TAE,2000,4,19,22,5.1,89.5,7.9,3.5,5.2,4.4,18.2,0,952.9,187,0.8,2,0,0,0,0,0,0,0,273,25,20,97
TAE,2000,4,19,23,4.2,90.1,7.4,2.7,4.87,3.5,16.4,0,953,141,0.6,1.6,0,0,0,0,0,0,0,297,25,20,97
TAE,2000,4,20,0,3.5,91.4,7.2,2.2,4.74,2.9,15.4,0,952.8,0,0,1.3,0,0,0,0,0,0,0,285,0,19,97
TAE,2000,4,20,1,3.1,92.3,7.1,2,4.67,2.6,14.8,0,952.7,146,0.4,1.3,0,0,0,0,0,0,0,290,13,19,97
TAE,2000,4,20,2,2.3,92,6.7,1.1,4.4,1.8,13.3,0,952.9,146,0.3,1.1,0,0,0,0,0,0,0,284,0,19,97
TAE,2000,4,20,3,2.1,93,6.6,1.1,4.34,1.7,13,0,953,135,0.2,0.9,0,0,0,0,0,0,0,283,0,19,97
TAE,2000,4,20,4,1.6,92.7,6.4,0.5,4.21,1.1,12.1,0,953,149,0.6,1.7,21,63,17,26,73,9,9,288,13,19,97
TAE,2000,4,20,5,2.5,91.7,6.7,1.3,4.4,2,13.5,0,953.1,135,0.3,1.4,145,415,63,90,461,33,34,282,0,19,97
TAE,2000,4,20,6,5.3,87.1,7.8,3.3,5.13,4.4,18.2,0,953.3,360,0.2,1.8,325,651,91,52,703,163,53,283,0,19,97
TAE,2000,4,20,7,7.9,75,8,3.7,5.27,5.9,21.2,0,953.1,18,1,2.8,506,788,101,67,773,341,68,251,0,19,97
TAE,2000,4,20,8,9.5,70.5,8.4,4.4,5.53,7,23.5,0,952.9,42,1.4,3.7,661,852,113,81,711,507,83,253,0,19,97
TAE,2000,4,20,9,11.7,62.9,8.6,4.9,5.67,8.2,26,0,952.8,41,2.1,4.8,778,886,122,92,566,635,95,255,0,19,97
TAE,2000,4,20,10,13.1,56.6,8.5,4.7,5.6,8.8,27.3,0,952.7,45,1.9,4.6,850,913,123,98,366,713,101,258,0,19,97
TAE,2000,4,20,11,14.2,49.2,8,3.7,5.27,8.9,27.6,0,952.7,47,2.2,5.3,860,897,134,101,152,726,209,260,0,19,97
TAE,2000,4,20,12,15.3,47.7,8.3,4.3,5.47,9.6,29.2,0,952.5,48,1.7,4.8,815,870,140,99,100,677,470,261,0,19,97
TAE,2000,4,20,13,16.4,46.1,8.6,4.8,5.67,10.3,30.8,0,952.2,48,1.2,4.3,724,847,131,90,91,576,640,261,0,19,97
TAE,2000,4,20,14,17,44.3,8.6,4.8,5.67,10.6,31.5,0,951.7,45,1,3.9,588,797,120,77,78,429,740,261,0,19,97
TAE,2000,4,20,15,17.5,45.8,9.2,5.7,6.07,11.1,33,0,951.5,45,1.3,3.4,422,713,105,62,62,256,747,262,0,19,97
TAE,2000,4,20,16,17.5,45.8,9.2,5.7,6.07,11.1,33,0,951.4,39,1.2,3.5,244,584,79,70,44,82,640,262,0,19,97
TAE,2000,4,20,17,16.3,52.3,9.6,6.5,6.34,11,32.4,0,951.4,63,0.8,2.2,66,172,40,54,22,22,198,274,13,19,97
TAE,2000,4,20,18,11.6,75.6,10.3,7.4,6.8,9.4,28.8,0,951.9,225,1,2.8,0,0,0,0,0,0,0,280,20,19,97
TAE,2000,4,20,19,8.8,83,9.4,6.1,6.2,7.4,24.4,0,952.4,222,1.3,2.5,0,0,0,0,0,0,0,290,33,19,97
TAE,2000,4,20,20,8.2,84.1,9.2,5.7,6.07,6.9,23.5,0,952.3,207,1,2.8,0,0,0,0,0,0,0,295,40,19,97
TAE,2000,4,20,21,7.6,85.4,9,5.3,5.93,6.5,22.6,0,952.3,171,0.7,2.2,0,0,0,0,0,0,0,302,50,19,97
TAE,2000,4,20,22,6.6,88.3,8.6,4.8,5.67,5.7,20.9,0,952.5,135,0.1,1.1,0,0,0,0,0,0,0,310,63,19,97
TAE,2000,4,20,23,7.2,87.8,8.9,5.3,5.87,6.3,22,0,952.7,153,0.4,1.3,0,0,0,0,0,0,0,276,25,19,97
TAE,2000,4,21,0,6.5,90.5,8.7,5.1,5.73,5.8,20.9,0,952.9,180,0.2,1.8,0,0,0,0,0,0,0,265,13,19,97
TAE,2000,4,21,1,6.3,90.7,8.6,4.9,5.66,5.6,20.5,0,953.2,146,0.4,1.4,0,0,0,0,0,0,0,311,68,19,97
TAE,2000,4,21,2,6.8,89.8,8.9,5.2,5.86,6,21.6,0,953.4,135,0.8,2.5,0,0,0,0,0,0,0,338,100,19,97
TAE,2000,4,21,3,6.8,90.8,9,5.4,5.93,6.1,21.7,0,953.8,180,0.1,1.6,0,0,0,0,0,0,0,290,43,19,97
TAE,2000,4,21,4,6,91.2,8.5,4.7,5.59,5.4,20.1,0,954.1,153,0.5,2,21,75,16,29,84,9,9,293,45,19,97
TAE,2000,4,21,5,7.5,88.4,9.2,5.7,6.05,6.6,22.7,0,954.5,135,0.4,2.1,152,442,64,97,488,34,34,273,20,19,97
TAE,2000,4,21,6,10.5,81.8,10.4,7.5,6.85,8.9,27.8,0,954.7,63,0.2,1.8,297,444,133,70,527,160,69,290,40,19,97
TAE,2000,4,21,7,14.1,71.5,11.5,9,7.58,11.2,33.3,0,954.9,11,1.2,3.2,490,688,138,78,715,327,79,280,25,19,97
TAE,2000,4,21,8,17.4,49.8,9.8,6.8,6.45,11.6,33.8,0,954.9,279,2.5,9.4,666,853,113,81,710,504,83,261,0,19,97
TAE,2000,4,21,9,18.9,41.1,9,5.4,5.92,11.6,34,0,955.1,247,3.4,8.2,698,596,255,131,514,554,131,293,33,19,97
TAE,2000,4,21,10,19.6,40.9,9.3,6,6.12,12.1,35.2,0,955.1,267,3.7,7.9,735,542,302,152,391,590,152,325,63,19,97
TAE,2000,4,21,11,20.1,41.2,9.7,6.5,6.38,12.5,36.4,0,954.7,274,1.7,6.4,729,497,326,164,231,580,258,343,75,19,97
TAE,2000,4,21,12,21,38.1,9.5,6.2,6.25,12.8,37,0,954.7,304,2.2,7.1,718,554,287,145,145,573,447,319,38,19,97
TAE,2000,4,21,13,21.8,40.4,10.5,7.8,6.92,13.8,39.5,0,954.5,320,2.6,6.4,684,698,190,108,109,535,581,298,13,19,97
TAE,2000,4,21,14,21.7,39.8,10.4,7.4,6.85,13.5,39.2,0,954.4,347,2.8,12.2,490,418,245,126,125,344,514,336,63,19,97
TAE,2000,4,21,15,21.7,38.3,9.9,6.9,6.52,13.3,38.4,0,954.2,357,2.1,5.7,362,412,176,92,91,224,509,334,63,19,97
TAE,2000,4,21,16,20.9,39.2,9.6,6.5,6.32,12.8,37.1,0,954.1,320,0.9,3.8,200,284,119,81,63,85,362,353,88,19,97
TAE,2000,4,21,17,18.8,53.7,11.7,9.2,7.72,13.3,38.5,0,954.1,45,0.4,2,48,23,45,31,26,25,49,352,88,19,97
TAE,2000,4,21,18,15.3,69.2,12,9.7,7.92,12.1,35.4,0,954.4,207,0.4,1.8,0,0,0,0,0,0,0,340,75,19,97
TAE,2000,4,21,19,12,74.8,10.5,7.7,6.92,9.7,29.5,0,954.8,225,0.9,2.3,0,0,0,0,0,0,0,294,25,19,97
TAE,2000,4,21,20,10.8,78.9,10.2,7.3,6.72,8.9,27.8,0,954.6,191,0.5,1.9,0,0,0,0,0,0,0,281,13,19,97
TAE,2000,4,21,21,10.2,80.8,10,7.1,6.59,8.6,26.8,0,954.3,180,0.1,1.1,0,0,0,0,0,0,0,289,25,19,97
TAE,2000,4,21,22,9.9,81.4,9.9,6.9,6.52,8.3,26.4,0,954.3,233,0.9,3.2,0,0,0,0,0,0,0,293,33,19,97
TAE,2000,4,21,23,8.6,85.1,9.5,6.2,6.26,7.4,24.4,0,954,173,0.8,1.9,0,0,0,0,0,0,0,305,50,19,97
TAE,2000,4,22,0,8.5,85.9,9.5,6.3,6.26,7.4,24.3,0,953.4,143,0.6,1.7,0,0,0,0,0,0,0,316,68,18,97
TAE,2000,4,22,1,8.3,85.7,9.4,6,6.2,7.1,23.9,0,953,153,0.2,1.9,0,0,0,0,0,0,0,303,50,18,97
TAE,2000,4,22,2,7.4,88.3,9.1,5.6,6,6.5,22.5,0,953.1,180,0.4,1.8,0,0,0,0,0,0,0,274,13,18,97
TAE,2000,4,22,3,6.5,88.5,8.6,4.7,5.67,5.6,20.8,0,952.6,149,0.6,1.3,0,0,0,0,0,0,0,263,0,18,97
TAE,2000,4,22,4,6.1,89.8,8.4,4.6,5.53,5.4,20,0,952.5,169,0.5,1.8,24,80,18,31,90,9,10,272,13,18,97
TAE,2000,4,22,5,7.2,87.6,8.9,5.3,5.87,6.3,22,0,952.6,143,0.5,2.2,155,436,65,98,482,34,34,262,0,18,97
TAE,2000,4,22,6,10.7,80.1,10.3,7.4,6.8,8.9,27.9,0,952.8,0,0,0.7,337,669,89,51,718,161,52,262,0,18,97
TAE,2000,4,22,7,14.2,68.3,11,8.4,7.26,11,32.6,0,952.8,34,0.7,1.7,513,777,107,67,765,335,69,264,0,18,97
TAE,2000,4,22,8,16.1,61.3,11.2,8.7,7.4,11.9,34.9,0,952.7,45,0.9,2.5,666,839,119,81,703,498,83,266,0,18,97
TAE,2000,4,22,9,18.2,59,12.3,10.1,8.14,13.5,38.9,0,952.3,48,1.4,3.5,782,874,128,92,562,624,94,269,0,18,97
TAE,2000,4,22,10,20.1,52.4,12.3,10.1,8.14,14.2,40.9,0,952,32,1.1,3,855,911,123,96,363,703,99,280,0,18,97
TAE,2000,4,22,11,21.7,47,12.2,9.9,8.08,14.7,42.4,0,951.4,20,1.6,3.7,820,757,204,120,190,671,225,304,13,18,97
TAE,2000,4,22,12,23.2,43.1,12.2,10,8.08,15.3,43.9,0,950.9,40,1.7,4.7,774,718,210,119,119,624,452,318,20,18,97
TAE,2000,4,22,13,24,36.4,10.9,8.2,7.22,14.7,42.5,0,950.5,52,1.6,4.3,582,385,312,160,159,423,465,330,43,18,97
TAE,2000,4,22,14,24.2,36.6,11.1,8.4,7.36,14.9,43.1,0,949.6,47,1.6,4.3,551,630,181,97,97,388,652,309,20,18,97
TAE,2000,4,22,15,24.8,26.2,8.2,4.1,5.42,13.4,38.8,0,949.1,110,2.4,6.3,392,541,140,78,78,236,599,335,58,18,97
TAE,2000,4,22,16,23.6,29.5,8.5,4.8,5.62,13.2,38,0,949,125,2,5.6,252,586,80,73,44,80,642,305,25,18,97
TAE,2000,4,22,17,20.3,43.7,10.3,7.6,6.83,13.1,37.7,0,948.8,152,2,3.2,75,198,43,62,25,24,227,330,58,18,97
TAE,2000,4,22,18,18.4,42,8.8,5.3,5.82,11.3,33.3,0,948.6,180,1.9,4.6,0,0,0,0,0,0,0,313,43,18,97
TAE,2000,4,22,19,14.7,55.7,9.3,5.9,6.16,10,30.3,0,948.9,131,1,3.5,0,0,0,0,0,0,0,338,75,18,97
TAE,2000,4,22,20,13.3,61.2,9.3,6,6.16,9.5,28.9,0,948.8,117,0.6,2.9,0,0,0,0,0,0,0,322,63,18,97
TAE,2000,4,22,21,11.7,67.9,9.3,6,6.16,8.7,27.3,0,948.6,90,0.3,1.7,0,0,0,0,0,0,0,292,33,18,97
TAE,2000,4,22,22,9.8,75.1,9.1,5.6,6.03,7.7,25,0,948.5,162,0.4,2.4,0,0,0,0,0,0,0,289,33,18,97
TAE,2000,4,22,23,9.2,76.3,8.9,5.3,5.89,7.2,24.1,0,948.4,180,0.6,2.4,0,0,0,0,0,0,0,275,20,18,97
TAE,2000,4,23,0,8.7,77.4,8.7,5,5.76,6.9,23.2,0,948.1,194,1,2.8,0,0,0,0,0,0,0,306,58,19,97
TAE,2000,4,23,1,8.2,77.6,8.4,4.5,5.56,6.4,22.2,0,948.3,187,1,3.1,0,0,0,0,0,0,0,279,25,19,97
TAE,2000,4,23,2,8.2,76.5,8.3,4.3,5.49,6.3,22,0,949.2,236,0.5,3,0,0,0,0,0,0,0,308,58,19,97
TAE,2000,4,23,3,8.8,70.9,8.2,3.8,5.42,6.4,22.5,0,949.4,229,1.1,2.9,0,0,0,0,0,0,0,304,50,19,97
TAE,2000,4,23,4,9.2,63,8.5,2.5,5.62,6,23.4,0,949.4,250,1.2,3.5,21,86,15,31,94,8,8,291,33,19,97
TAE,2000,4,23,5,9.6,76.7,9.2,5.7,6.09,7.6,25,0,949.5,135,0.3,1.7,152,389,72,100,439,38,38,298,40,19,97
TAE,2000,4,23,6,13.6,67.5,10.5,7.7,6.96,10.4,31.2,0,949,117,0.4,1.6,268,294,160,85,394,143,83,331,80,19,97
TAE,2000,4,23,7,16.7,57.6,10.9,8.3,7.23,12,35.1,0,949,30,0.8,3,135,4,134,78,80,74,75,350,100,19,97
TAE,2000,4,23,8,17.2,51.4,10.1,7.1,6.69,11.6,34.2,0,949.3,360,0.7,1.9,88,0,88,51,51,48,50,354,100,19,97
TAE,2000,4,23,9,17.4,49.5,9.8,6.7,6.49,11.5,33.9,0,948.7,27,0.7,2.4,125,0,125,73,72,69,70,359,100,19,97
TAE,2000,4,23,10,17.2,52.6,10.3,7.4,6.83,11.8,34.6,0,948.1,34,0.4,2,129,0,129,75,74,71,72,363,100,19,97
TAE,2000,4,23,11,17.4,52.9,10.5,7.7,6.97,12,35.2,0,947.4,49,1,2.3,400,38,369,212,211,234,219,367,100,19,97
TAE,2000,4,23,12,18.2,51.4,10.7,8,7.11,12.4,36.3,0,946.9,9,1.4,3.2,629,350,356,186,185,462,396,360,88,19,97
TAE,2000,4,23,13,19.5,46.3,10.5,7.7,6.98,12.8,37.3,0,946.6,15,1.3,5.5,549,315,323,170,169,390,412,358,88,19,97
TAE,2000,4,23,14,19.3,50,11.2,8.6,7.45,13.2,38.3,0,946.4,324,2,3.8,332,125,254,141,139,209,253,366,100,19,97
TAE,2000,4,23,15,19.1,51.6,11.4,8.9,7.58,13.2,38.4,0,946.4,302,1.6,3.7,221,83,180,101,100,129,184,364,100,19,97
TAE,2000,4,23,16,18.5,51.8,11,8.4,7.31,12.8,37.1,0,947,254,3,10,149,107,121,81,67,67,179,362,100,19,97
TAE,2000,4,23,17,15.3,59.3,10.3,7.4,6.84,11,32.7,0,947.6,264,4.5,10.4,40,37,34,27,19,18,57,360,100,19,97
TAE,2000,4,23,18,14.1,64.4,10.3,7.5,6.83,10.5,31.4,0,947.9,255,3.5,7.9,0,0,0,0,0,0,0,358,100,19,97
TAE,2000,4,23,19,13.1,69.4,10.5,7.6,6.96,10.1,30.8,0,948.2,268,2.4,5.2,0,0,0,0,0,0,0,355,100,19,97
TAE,2000,4,23,20,12.8,72.5,10.7,8,7.09,10.2,30.8,0,948.8,261,3.1,6.7,0,0,0,0,0,0,0,352,100,19,97
TAE,2000,4,23,21,12.4,73,10.5,7.7,6.96,9.9,30,0,948.8,247,3.4,7.9,0,0,0,0,0,0,0,349,100,19,97
TAE,2000,4,23,22,10.9,82,10.7,8,7.09,9.3,28.8,0.9,949.6,254,4.4,10.2,0,0,0,0,0,0,0,346,100,19,97
TAE,2000,4,23,23,8.6,87.7,9.8,6.7,6.49,7.6,25,1.3,949.7,259,4.6,10,0,0,0,0,0,0,0,343,100,19,97
TAE,2000,4,24,0,8.4,87.1,9.6,6.4,6.35,7.4,24.4,0.9,950.3,246,4.5,11.3,0,0,0,0,0,0,0,340,100,19,97
TAE,2000,4,24,1,7.8,86.2,9.1,5.6,6.01,6.7,23,2.9,950.6,230,4.1,11.9,0,0,0,0,0,0,0,338,100,19,97
TAE,2000,4,24,2,7.1,87.1,8.8,5.1,5.81,6.1,21.7,2.1,951.1,224,3.6,10.4,0,0,0,0,0,0,0,335,100,19,97
TAE,2000,4,24,3,6.1,87.6,8.2,4.2,5.41,5.2,19.7,3.2,951.4,209,4.8,10.6,0,0,0,0,0,0,0,333,100,19,97
TAE,2000,4,24,4,5.6,86.4,7.9,3.5,5.21,4.6,18.7,2.9,951.4,204,6,12,2,0,2,1,1,1,1,331,100,19,97
TAE,2000,4,24,5,5.7,86.7,8,3.7,5.27,4.8,19,0.6,951.8,200,5.9,11,13,0,13,8,7,7,7,329,100,19,97
TAE,2000,4,24,6,6.2,86.2,8.2,4.1,5.41,5.2,19.8,0.3,951.6,198,5.5,10.6,145,64,118,67,134,82,65,328,100,19,97
TAE,2000,4,24,7,6.8,85.1,8.4,4.5,5.54,5.7,20.7,0,952,204,4.7,9.6,292,115,235,132,249,172,128,329,100,19,97
TAE,2000,4,24,8,7.5,83.1,8.6,4.8,5.67,6.2,21.8,0,952.3,207,4.3,8.7,224,3,222,130,131,124,125,331,100,19,97
TAE,2000,4,24,9,8.2,80.9,8.8,5.1,5.8,6.7,22.8,0,952.4,208,4.1,8.2,323,14,312,182,189,182,175,332,100,19,97
TAE,2000,4,24,10,9.5,77.9,9.3,5.8,6.13,7.6,25,0,952.3,216,3.2,7.9,333,10,325,190,192,187,183,333,100,19,97
TAE,2000,4,24,11,9.9,75.8,9.2,5.8,6.07,7.8,25.2,0,952.4,211,3.5,7.4,316,6,311,182,179,176,177,335,100,19,97
TAE,2000,4,24,12,10.2,74.6,9.3,5.9,6.13,8,25.7,0,952.4,212,3.1,6.5,345,16,332,194,191,195,196,336,100,19,97
TAE,2000,4,24,13,10.8,72.8,9.4,6.1,6.2,8.4,26.5,0,952.5,243,2.8,7.2,103,0,103,60,59,57,58,337,100,19,97
TAE,2000,4,24,14,10.6,72.2,9.2,5.8,6.07,8.1,25.9,0,952.4,234,1.8,4.7,189,30,171,99,98,108,125,337,100,19,97
TAE,2000,4,24,15,10.8,71.2,9.2,5.8,6.07,8.2,26.1,0,952.3,207,0.8,2.3,262,112,208,117,116,153,230,338,100,19,97
TAE,2000,4,24,16,11.2,69.4,9.2,5.8,6.07,8.4,26.6,0,952.4,135,0.4,1.8,169,127,131,83,73,81,206,338,100,19,97
TAE,2000,4,24,17,11,70.8,9.3,5.9,6.13,8.4,26.5,0,952.4,45,1.1,2,46,22,43,29,24,23,46,339,100,19,97
TAE,2000,4,24,18,10.4,78,9.8,6.7,6.47,8.5,26.7,0,952.5,117,0.9,1.9,0,0,0,0,0,0,0,339,100,19,97
TAE,2000,4,24,19,9.8,79.7,9.6,6.5,6.33,8.1,25.8,0,952.7,158,0.9,2.9,0,0,0,0,0,0,0,328,88,19,97
TAE,2000,4,24,20,8.5,86.2,9.6,6.3,6.33,7.4,24.5,0,952.6,225,0.6,2,0,0,0,0,0,0,0,295,45,19,97
TAE,2000,4,24,21,5.9,91.9,8.5,4.7,5.6,5.3,20,0,952.6,198,0.4,1.8,0,0,0,0,0,0,0,289,40,19,97
TAE,2000,4,24,22,4.8,93.2,8,3.8,5.27,4.3,18,0,952.6,225,0.7,2.2,0,0,0,0,0,0,0,291,45,19,97
TAE,2000,4,24,23,4.3,93.5,7.8,3.3,5.14,3.8,17.2,0,952.6,162,0.5,1.5,0,0,0,0,0,0,0,307,45,19,97
TAE,2000,4,25,0,3.8,94.4,7.6,3,5,3.4,16.4,0,952.2,153,0.2,1.7,0,0,0,0,0,0,0,303,40,20,97
TAE,2000,4,25,1,2.8,93.4,7,1.8,4.61,2.4,14.3,0,952.2,252,0.3,1.9,0,0,0,0,0,0,0,309,55,20,97
TAE,2000,4,25,2,3.4,94.8,7.4,2.6,4.87,3,15.6,0,952.2,153,0.4,1.5,0,0,0,0,0,0,0,309,55,20,97
TAE,2000,4,25,3,2.8,94.2,7.1,2,4.67,2.5,14.5,0,951.9,117,0.2,1.3,0,0,0,0,0,0,0,305,45,20,97
TAE,2000,4,25,4,1.7,94,6.5,0.8,4.28,1.3,12.4,0,952,0,0,0.7,28,105,19,40,115,10,10,307,50,20,97
TAE,2000,4,25,5,3,96.1,7.3,2.4,4.81,2.7,15,0,952.2,0,0,0.8,159,381,79,108,436,41,42,309,55,20,97
TAE,2000,4,25,6,4.7,96.4,8.2,4.2,5.4,4.5,18.3,0,952.1,270,0.2,1.2,236,151,178,100,260,130,97,326,88,20,97
TAE,2000,4,25,7,6.7,92.4,9.1,5.6,6,6.2,21.8,0,952.3,16,0.8,2.6,372,212,258,141,356,233,138,315,75,20,97
TAE,2000,4,25,8,8.7,86.7,9.8,6.6,6.47,7.6,25,0,952.3,352,0.8,3,593,515,252,131,565,433,130,298,50,20,97
TAE,2000,4,25,9,10.7,79.2,10.2,7.2,6.73,8.9,27.7,0,952.3,11,1.6,3.7,760,748,189,119,533,593,120,268,13,20,97
TAE,2000,4,25,10,12.5,71.6,10.4,7.5,6.87,9.8,29.9,0,951.9,34,2.3,5.4,872,917,126,104,371,705,108,259,0,20,97
TAE,2000,4,25,11,14.2,64.9,10.5,7.7,6.94,10.6,31.8,0,951.6,30,2.4,5.4,879,893,142,108,109,715,270,260,0,20,97
TAE,2000,4,25,12,15.5,59.4,10.4,7.6,6.88,11.2,33,0,951.2,29,2.1,4.9,835,875,144,105,106,668,485,261,0,20,97
TAE,2000,4,25,13,16.2,54.6,10,7.1,6.61,11.2,33,0,950.6,30,1.6,4.6,750,876,123,93,94,570,656,262,0,20,97
TAE,2000,4,25,14,16.9,53.3,10.3,7.3,6.81,11.6,34.2,0,950.5,54,1,4,606,794,126,83,84,419,745,262,0,20,97
TAE,2000,4,25,15,17.1,50.6,9.9,6.8,6.55,11.5,33.8,0,950.2,54,1.4,4.2,440,719,108,66,67,247,756,262,0,20,97
TAE,2000,4,25,16,17,51.3,10,6.9,6.62,11.5,33.9,0,949.9,33,1.7,3.8,259,574,86,82,48,81,635,263,0,20,97
TAE,2000,4,25,17,16.3,55.5,10.3,7.4,6.82,11.4,33.6,0,949.9,36,1.9,3.5,79,217,43,69,25,24,246,263,0,20,97
TAE,2000,4,25,18,12.6,72.2,10.5,7.7,6.95,10,30.2,0,950,90,0.5,2.5,0,0,0,0,0,0,0,263,0,20,97
TAE,2000,4,25,19,9.1,84.9,9.8,6.7,6.48,7.9,25.5,0,950.3,203,0.7,2.2,0,0,0,0,0,0,0,261,0,20,97
TAE,2000,4,25,20,8.1,87.4,9.4,6.1,6.22,7.1,23.8,0,950,219,0.6,1.9,0,0,0,0,0,0,0,260,0,20,97
TAE,2000,4,25,21,7.6,87.5,9.1,5.7,6.02,6.7,22.8,0,949.9,143,0.5,2.1,0,0,0,0,0,0,0,258,0,20,97
TAE,2000,4,25,22,6.9,89.1,8.9,5.2,5.88,6.1,21.7,0,949.8,180,0.2,1.5,0,0,0,0,0,0,0,257,0,20,97
TAE,2000,4,25,23,6.6,91,8.9,5.2,5.89,5.9,21.4,0,949.5,149,0.5,1.4,0,0,0,0,0,0,0,255,0,20,97
TAE,2000,4,26,0,5.9,91.7,8.5,4.7,5.62,5.3,20,0,949.3,143,0.5,1.4,0,0,0,0,0,0,0,254,0,19,97
TAE,2000,4,26,1,5.6,92.8,8.5,4.5,5.62,5.1,19.7,0,949.2,127,0.5,1.5,0,0,0,0,0,0,0,255,0,19,97
TAE,2000,4,26,2,5.3,91.9,8.2,4.1,5.42,4.7,18.9,0,949.3,162,0.3,1.7,0,0,0,0,0,0,0,256,0,19,97
TAE,2000,4,26,3,4.5,93.7,7.9,3.6,5.22,4.1,17.6,0,949.3,146,0.3,1.2,0,0,0,0,0,0,0,257,0,19,97
TAE,2000,4,26,4,4.3,93.5,7.8,3.3,5.15,3.8,17.2,0,949.5,198,0.4,1.7,26,104,17,38,112,9,9,268,13,19,97
TAE,2000,4,26,5,5.9,91.9,8.5,4.7,5.61,5.3,20,0,950.1,135,0.1,1.2,175,482,68,114,530,36,37,259,0,19,97
TAE,2000,4,26,6,9.6,84.6,10.1,7.1,6.68,8.3,26.5,0,950.3,63,0.3,1.6,355,676,93,55,726,158,55,260,0,19,97
TAE,2000,4,26,7,12.2,77.1,10.9,8.3,7.22,10.1,30.5,0,950.2,30,0.9,2.1,528,766,115,72,761,331,74,262,0,19,97
TAE,2000,4,26,8,14.3,68.8,11.2,8.7,7.42,11.2,33.1,0,950.2,61,1.1,3.1,685,847,120,85,709,493,87,264,0,19,97
TAE,2000,4,26,9,16.4,62.5,11.6,9.2,7.69,12.3,35.9,0,950.1,45,1.3,3.9,801,885,127,95,566,618,98,266,0,19,97
TAE,2000,4,26,10,18.2,56.5,11.8,9.4,7.83,13.1,38.1,0,949.7,41,1.1,3.6,875,927,118,99,363,696,103,269,0,19,97
TAE,2000,4,26,11,20.1,52.6,12.3,10.1,8.16,14.2,40.9,0,949.5,32,1.5,3.9,773,568,303,154,154,608,330,323,50,19,97
TAE,2000,4,26,12,20.7,46.5,11.3,8.8,7.49,13.8,39.8,0,949.3,30,2,4.9,582,255,377,203,201,405,345,361,88,19,97
TAE,2000,4,26,13,21.1,43.1,10.7,8.1,7.09,13.6,39.2,0,949,32,2.3,5.3,567,318,339,177,176,396,435,359,88,19,97
TAE,2000,4,26,14,21.6,42,10.9,8.1,7.23,13.8,40.1,0,949,47,2.2,4.9,494,381,261,136,135,333,491,358,88,19,97
TAE,2000,4,26,15,21.7,41.8,10.8,8.2,7.16,13.9,40,0,948.8,43,2,3.9,369,381,191,100,99,218,489,346,75,19,97
TAE,2000,4,26,16,21.2,45,11.3,8.8,7.5,14,40.4,0,948.5,39,1.9,3.5,210,267,125,80,67,91,346,356,88,19,97
TAE,2000,4,26,17,18.1,63.3,13,11,8.64,13.9,40.1,0,948.5,90,0.4,2.2,55,28,50,35,29,28,57,367,100,19,97
TAE,2000,4,26,18,14.7,76.4,12.7,10.6,8.44,12.3,36.1,0,948.9,221,1.1,2.6,0,0,0,0,0,0,0,366,100,19,97
TAE,2000,4,26,19,13,79.2,11.8,9.5,7.83,11,32.8,0,949.1,210,0.9,2.3,0,0,0,0,0,0,0,362,100,19,97
TAE,2000,4,26,20,12.4,79.3,11.4,8.9,7.56,10.5,31.5,0,949.2,198,0.6,1.6,0,0,0,0,0,0,0,358,100,19,97
TAE,2000,4,26,21,12.4,78.1,11.2,8.7,7.43,10.4,31.2,0,949.1,171,0.6,1.5,0,0,0,0,0,0,0,354,100,19,97
TAE,2000,4,26,22,10.8,83.8,10.8,8.2,7.16,9.4,28.9,0,949.1,169,0.7,2.1,0,0,0,0,0,0,0,351,100,19,97
TAE,2000,4,26,23,10.2,83.3,10.3,7.5,6.82,8.8,27.4,0,949.2,230,0.8,3.6,0,0,0,0,0,0,0,347,100,19,97
TAE,2000,4,27,0,9.3,86.6,10.1,7.2,6.69,8.2,26.2,0,949.1,201,0.9,2,0,0,0,0,0,0,0,344,100,19,97
TAE,2000,4,27,1,9.5,85.9,10.2,7.3,6.76,8.3,26.6,0,949.2,197,1.3,2.6,0,0,0,0,0,0,0,344,100,19,97
TAE,2000,4,27,2,8.9,85.8,9.8,6.7,6.49,7.8,25.3,0,949.2,210,0.9,3.2,0,0,0,0,0,0,0,334,88,19,97
TAE,2000,4,27,3,8.6,84.8,9.5,6.2,6.29,7.4,24.5,0,949.5,153,0.2,4.3,0,0,0,0,0,0,0,344,100,19,97
TAE,2000,4,27,4,12.9,62.6,9.3,5.9,6.15,9.2,28.5,0,949.4,218,3,6.2,2,0,2,1,1,1,1,344,100,19,97
TAE,2000,4,27,5,10.6,76.1,9.7,6.6,6.42,8.5,26.8,0,949.2,63,0.5,2.6,52,1,52,31,31,29,29,344,100,19,97
TAE,2000,4,27,6,10.4,82.2,10.4,7.5,6.89,8.9,27.8,0,948.9,90,0.1,1.4,75,0,74,43,43,41,42,345,100,19,97
TAE,2000,4,27,7,11.5,78.4,10.6,7.9,7.03,9.6,29.3,0,948.9,180,0.2,1.8,61,0,61,35,35,33,34,348,100,19,97
TAE,2000,4,27,8,13.3,73.1,11.1,8.6,7.37,10.7,32,0,948.4,63,0.3,2.1,91,0,91,53,53,50,51,352,100,19,97
TAE,2000,4,27,9,14.3,72.5,11.8,9.4,7.84,11.5,34.2,0,947.8,45,1.4,3.2,344,20,328,191,203,195,184,355,100,19,97
TAE,2000,4,27,10,15.9,64.9,11.7,9.3,7.78,12.1,35.7,0,947.1,34,2.1,3.8,523,127,419,234,300,334,226,359,100,19,97
TAE,2000,4,27,11,16.7,58.5,11.1,8.5,7.38,12.1,35.5,0,946.9,29,2.3,4.3,474,87,402,227,224,293,259,362,100,19,97
TAE,2000,4,27,12,17.6,58.6,11.8,9.4,7.85,12.9,37.6,0,946.5,25,2.2,4,443,74,384,218,215,269,256,365,100,19,97
TAE,2000,4,27,13,18,53.2,11.1,8.3,7.39,12.5,36.8,0,945.6,36,1.7,3.6,447,117,363,203,201,278,295,364,100,19,97
TAE,2000,4,27,14,19.1,54.9,12.1,9.8,8.06,13.7,39.7,0,945.5,39,1.4,3,434,240,284,153,152,280,376,353,88,19,97
TAE,2000,4,27,15,19.1,54.8,12.1,9.8,8.07,13.7,39.7,0,945,45,1.3,3.2,170,23,160,93,92,94,114,364,100,19,97
TAE,2000,4,27,16,19,52.8,11.6,9.2,7.73,13.3,38.7,0,944.7,108,0.4,2.1,145,52,129,77,73,75,127,363,100,19,97
TAE,2000,4,27,17,17.8,66.3,13.4,11.4,8.95,14,40.6,0,944.3,225,0.2,1.6,45,40,38,31,22,21,62,363,100,19,97
TAE,2000,4,27,18,15,77.7,13.2,11.1,8.82,12.7,37.4,0,944.3,211,0.6,2.3,0,0,0,0,0,0,0,362,100,19,97
TAE,2000,4,27,19,12.3,83.5,11.9,9.6,7.94,10.8,32.4,0,944.3,216,0.9,3.4,0,0,0,0,0,0,0,359,100,19,97
TAE,2000,4,27,20,11.8,82.8,11.4,9,7.6,10.3,31,0,944.1,189,0.7,3,0,0,0,0,0,0,0,357,100,19,97
TAE,2000,4,27,21,10.4,85.5,10.8,8.1,7.2,9.2,28.6,0,943.8,169,0.5,2.2,0,0,0,0,0,0,0,355,100,19,97
TAE,2000,4,27,22,10,84.9,10.4,7.6,6.93,8.7,27.5,0,943.8,180,0.7,2.8,0,0,0,0,0,0,0,353,100,19,97
TAE,2000,4,27,23,9.6,83.9,10,7,6.66,8.2,26.4,0,943.6,172,0.7,2.9,0,0,0,0,0,0,0,350,100,19,97
TAE,2000,4,28,0,9.1,81.6,9.4,6.1,6.26,7.6,24.9,0,943.1,146,0.4,2.1,0,0,0,0,0,0,0,349,100,19,97
TAE,2000,4,28,1,9.5,80.5,9.5,6.3,6.33,7.9,25.5,0,942.7,207,0.9,2.9,0,0,0,0,0,0,0,349,100,19,97
TAE,2000,4,28,2,9,83.2,9.6,6.3,6.4,7.6,25.1,0,942.6,207,0.3,2,0,0,0,0,0,0,0,349,100,19,97
TAE,2000,4,28,3,9.2,80.8,9.4,6.1,6.27,7.6,25,0,942.6,204,1.1,4.2,0,0,0,0,0,0,0,349,100,19,97
TAE,2000,4,28,4,9,78.3,9,5.4,5.99,7.2,24.1,0,943.1,211,0.9,3,2,0,2,1,1,1,1,349,100,19,97
TAE,2000,4,28,5,10.7,77.1,9.9,6.9,6.6,8.7,27.4,0,943.4,162,0.4,2.4,12,0,12,7,7,7,7,349,100,19,97
TAE,2000,4,28,6,15.1,70.3,12,9.7,8.01,12,35.4,0,943.7,276,1.4,5.1,28,0,28,17,16,16,16,349,100,19,97
TAE,2000,4,28,7,17,64.9,12.5,10.4,8.35,13.1,38.2,0,943.7,253,1.7,4,51,0,51,30,29,28,28,352,100,19,97
TAE,2000,4,28,8,16.1,69.2,12.7,10.5,8.48,12.8,37.7,0,943.7,270,1.3,3.3,89,0,89,52,51,49,50,355,100,19,97
TAE,2000,4,28,9,15.7,71.6,12.7,10.6,8.49,12.7,37.3,0,943.5,265,1.3,5.6,104,0,104,61,60,57,59,358,100,19,97
TAE,2000,4,28,10,15.8,73.7,13.2,11.1,8.83,13,38.2,0,943.2,22,1.7,4.2,232,3,230,134,134,129,129,361,100,19,97
TAE,2000,4,28,11,16.2,71.4,13.1,11,8.76,13.1,38.5,0,942.9,90,0.6,2.3,394,35,365,211,208,229,219,364,100,19,97
TAE,2000,4,28,12,18.1,66.4,13.8,11.7,9.24,14.3,41.6,0,943.1,9,0.7,2.5,397,40,366,211,209,231,229,366,100,19,97
TAE,2000,4,28,13,19.7,61.1,14,12,9.37,15,43.6,0,943.2,9,0.7,3.5,413,81,354,201,199,249,262,365,100,19,97
TAE,2000,4,28,14,20,62.7,14.7,12.7,9.85,15.5,45.1,0,943.4,360,1.1,3.5,366,158,273,152,151,222,302,363,100,19,97
TAE,2000,4,28,15,20.7,58.5,14.3,12.3,9.57,15.5,45.1,0,943.5,32,1,2.7,240,112,183,102,101,140,215,362,100,19,97
TAE,2000,4,28,16,21.1,45.8,11.5,9,7.67,14,40.7,0,944,146,0.7,3.3,20,0,20,12,11,11,11,361,100,19,97
TAE,2000,4,28,17,18.3,54.8,11.5,9.1,7.66,13,37.8,0,945,180,1,3,43,29,37,28,21,20,51,359,100,19,97
TAE,2000,4,28,18,15.9,67.8,12.2,10,8.12,12.5,36.5,0,946.4,262,3.7,10.7,0,0,0,0,0,0,0,358,100,19,97
TAE,2000,4,28,19,13,73.5,11,8.4,7.3,10.5,31.5,0,947.9,252,2.9,7.5,0,0,0,0,0,0,0,355,100,19,97
TAE,2000,4,28,20,11.5,75.7,10.3,7.4,6.83,9.3,28.8,0,948.6,247,2.9,6.9,0,0,0,0,0,0,0,353,100,19,97
TAE,2000,4,28,21,10.8,76.7,10,6.9,6.62,8.8,27.5,0,949,253,3.9,8.3,0,0,0,0,0,0,0,350,100,19,97
TAE,2000,4,28,22,10.5,78,9.9,6.8,6.56,8.6,27.1,0,949.2,254,3.7,8.5,0,0,0,0,0,0,0,348,100,19,97
TAE,2000,4,28,23,10.1,80,9.9,6.8,6.55,8.4,26.7,0,949.8,262,3.6,8.4,0,0,0,0,0,0,0,345,100,19,97
TAE,2000,4,29,0,9.9,79.2,9.7,6.5,6.42,8.1,26.1,0,950.1,247,2.6,7.4,0,0,0,0,0,0,0,343,100,19,97
TAE,2000,4,29,1,9.9,79.7,9.7,6.6,6.42,8.2,26.1,0,950.1,239,1.2,4.2,0,0,0,0,0,0,0,343,100,19,97
TAE,2000,4,29,2,9.8,80.4,9.7,6.6,6.41,8.1,26,0,950.4,231,1.3,5.4,0,0,0,0,0,0,0,343,100,19,97
TAE,2000,4,29,3,9.8,81.4,9.8,6.8,6.48,8.2,26.2,0,950.6,261,1.4,4.5,0,0,0,0,0,0,0,343,100,19,97
TAE,2000,4,29,4,9.6,81.9,9.8,6.7,6.48,8.1,26,0,950.8,252,0.9,3.8,2,0,2,1,1,1,1,343,100,19,97
TAE,2000,4,29,5,9.7,82.7,10,6.9,6.61,8.2,26.4,0,951.1,239,0.6,2.1,59,62,47,41,90,26,26,342,100,19,97
TAE,2000,4,29,6,10.3,81.4,10.2,7.3,6.74,8.7,27.3,0,951.3,297,1,2.4,125,17,118,69,86,67,66,343,100,19,97
TAE,2000,4,29,7,10.9,79.2,10.4,7.4,6.87,9,28.3,0,951.6,278,0.9,2.7,265,53,237,136,189,150,132,345,100,19,97
TAE,2000,4,29,8,12,78.7,11,8.4,7.27,10,30.4,0,951.9,324,1.3,3.2,314,29,294,171,194,178,165,348,100,19,97
TAE,2000,4,29,9,12.4,78.4,11.2,8.8,7.4,10.4,31.1,0,952.4,324,2.4,4,315,11,307,179,184,177,173,351,100,19,97
TAE,2000,4,29,10,13,76.5,11.4,9,7.53,10.8,32.1,0,952.5,297,2,4.9,299,3,297,174,173,166,167,353,100,19,97
TAE,2000,4,29,11,13.3,75,11.5,9,7.6,10.9,32.6,0,952.4,263,1.8,4.1,377,21,359,209,206,215,210,356,100,19,97
TAE,2000,4,29,12,14.2,70.6,11.5,8.9,7.6,11.2,33.5,0,952.6,253,1.4,4.7,345,21,327,190,188,197,195,358,100,19,97
TAE,2000,4,29,13,14.7,69.6,11.6,9.2,7.67,11.6,34.2,0,952.8,257,2.2,4.4,232,4,229,134,132,128,132,357,100,19,97
TAE,2000,4,29,14,14.2,73.9,12,9.6,7.93,11.6,34.3,0,953.1,280,2.4,4.9,192,3,190,111,110,106,110,357,100,19,97
TAE,2000,4,29,15,14.5,70.3,11.6,9.2,7.66,11.5,33.9,0,953.2,247,2.5,4.8,280,136,218,123,121,157,262,357,100,19,97
TAE,2000,4,29,16,14.6,69.7,11.6,9.1,7.66,11.5,34,0,953.4,253,2.1,4.1,205,242,132,98,72,82,326,340,75,19,97
TAE,2000,4,29,17,14.2,72.4,11.7,9.3,7.73,11.4,33.8,0,953.7,252,2,4.4,67,79,55,52,31,30,110,348,88,19,97
TAE,2000,4,29,18,13.8,73.2,11.5,9.1,7.59,11.2,33,0,954.4,262,2.1,4.9,0,0,0,0,0,0,0,356,100,19,97
TAE,2000,4,29,19,13.1,76.5,11.5,9.1,7.58,10.9,32.3,0,955.5,263,2.6,5,0,0,0,0,0,0,0,355,100,19,97
TAE,2000,4,29,20,12.6,77.3,11.3,8.7,7.44,10.4,31.4,0,955.9,255,1.9,3.8,0,0,0,0,0,0,0,328,60,19,97
TAE,2000,4,29,21,12.5,77.3,11.2,8.6,7.37,10.4,31.2,0,956.4,247,1.5,3.3,0,0,0,0,0,0,0,324,55,19,97
TAE,2000,4,29,22,12.2,79.4,11.3,8.7,7.44,10.3,31,0,956.4,243,1,2.3,0,0,0,0,0,0,0,320,50,19,97
TAE,2000,4,29,23,12,80.3,11.3,8.7,7.43,10.2,30.8,0,956.7,243,1.1,2.9,0,0,0,0,0,0,0,338,80,19,97
TAE,2000,4,30,0,11.8,81.2,11.2,8.7,7.37,10.1,30.4,0,956.4,246,1,2.8,0,0,0,0,0,0,0,341,88,20,97
TAE,2000,4,30,1,11.5,83.9,11.4,8.9,7.5,10.1,30.5,0,956.8,236,0.6,1.8,0,0,0,0,0,0,0,334,75,20,97
TAE,2000,4,30,2,11.4,84.5,11.4,8.9,7.5,10,30.4,0,956.6,270,0.9,1.9,0,0,0,0,0,0,0,349,100,20,97
TAE,2000,4,30,3,10.9,86.3,11.3,8.7,7.44,9.7,29.7,0,956.4,235,1.3,3.1,0,0,0,0,0,0,0,349,100,20,97
TAE,2000,4,30,4,10.8,88.2,11.4,8.9,7.5,9.8,29.8,0,956.9,360,0.5,2.6,2,0,2,1,1,1,1,349,100,20,97
TAE,2000,4,30,5,11,87.9,11.6,9.1,7.63,10,30.3,0,957.3,252,0.5,2.2,34,0,34,20,20,19,19,349,100,20,97
TAE,2000,4,30,6,12.4,79.1,11.4,8.9,7.49,10.5,31.4,0,957.7,261,1.3,3.3,195,63,168,97,162,108,94,349,100,20,97
TAE,2000,4,30,7,13.2,76.3,11.6,9.1,7.63,10.9,32.5,0,957.8,281,1.2,3.1,362,175,264,147,323,219,143,353,100,20,97
TAE,2000,4,30,8,14.4,73,12,9.6,7.89,11.7,34.4,0,957.6,239,0.9,2.9,488,234,328,179,389,321,175,356,100,20,97
TAE,2000,4,30,9,15,70.6,12,9.7,7.89,12,35,0,957.6,346,0.5,3.1,503,156,384,215,331,325,209,351,88,20,97
TAE,2000,4,30,10,15.9,71,12.8,10.7,8.43,12.9,37.3,0,957.4,14,1.3,3.9,596,218,415,227,339,406,221,354,88,20,97
TAE,2000,4,30,11,16.5,68.4,12.9,10.7,8.5,13.1,38.1,0,957.1,30,1.7,3.9,610,238,411,224,222,421,319,367,100,20,97
TAE,2000,4,30,12,17.6,65.7,13.2,11.1,8.7,13.7,39.7,0,956.9,37,2.1,5.1,666,382,358,188,187,486,415,345,68,20,97
TAE,2000,4,30,13,18.3,62.1,13,10.9,8.57,13.9,40.1,0,956.6,37,2.1,4.8,592,371,322,171,170,416,467,335,55,20,97
TAE,2000,4,30,14,18.9,59.8,13.1,10.9,8.64,14.1,40.9,0,956.1,32,2.3,6.5,556,587,197,110,110,366,632,309,20,20,97
TAE,2000,4,30,15,19,58.4,12.9,10.7,8.51,14.1,40.7,0,955.6,32,1.9,5.2,392,450,177,95,94,221,548,323,38,20,97
TAE,2000,4,30,16,18.6,60.6,12.9,10.7,8.5,13.9,40.2,0,955.5,27,1.8,4.1,257,506,100,95,55,80,575,305,13,20,97
TAE,2000,4,30,17,17.4,65.8,12.9,10.7,8.49,13.4,39,0,955.5,39,1.3,2.8,102,335,49,112,27,27,364,296,0,20,97
TAE,2000,4,30,18,15.4,74.2,12.7,10.5,8.39,12.5,36.7,0,955.8,236,0.9,2.6,0,0,0,0,0,0,0,305,13,20,97
TAE,2000,4,30,19,13.9,80,12.5,10.3,8.24,11.8,34.8,0,955.9,228,1.2,2.5,0,0,0,0,0,0,0,329,50,20,97
TAE,2000,4,30,20,13,81.3,12.1,9.6,7.95,11.1,33.1,0,955.6,207,0.3,1.6,0,0,0,0,0,0,0,309,25,20,97
TAE,2000,4,30,21,11.8,81.5,11.4,8.5,7.49,10.1,30.8,0,954.8,180,0.4,1.4,0,0,0,0,0,0,0,316,38,20,97
TAE,2000,4,30,22,10.7,82.2,10.7,7.5,7.05,9.1,28.5,0,954,194,0.4,1.6,0,0,0,0,0,0,0,327,58,20,97
TAE,2000,4,30,23,9.6,80.2,9.8,6.1,6.44,7.9,25.9,0,952.8,171,0.7,1.7,0,0,0,0,0,0,0,353,100,20,97
TAE,2007,5,1,0,8.6,78.3,8.9,4.8,5.88,6.8,23.4,0,951.6,101,1,3.8,0,0,0,0,0,0,0,253,0,21,97
TAE,2007,5,1,1,7.6,76.9,8.1,3.5,5.34,5.7,21,0,950.4,360,0.2,1.5,0,0,0,0,0,0,0,253,0,21,97
TAE,2007,5,1,2,6.9,76.7,7.7,2.9,5.06,5,19.6,0,949.7,191,0.6,1.3,0,0,0,0,0,0,0,253,0,21,97
TAE,2007,5,1,3,6.6,74.3,7.2,2.1,4.74,4.5,18.5,0,949.1,166,0.4,0.8,0,0,0,0,0,0,0,253,0,21,97
TAE,2007,5,1,4,5.9,76.2,7,1.8,4.62,4,17.5,0,948.9,169,0.5,1.3,28,84,19,36,94,11,11,253,0,21,97
TAE,2007,5,1,5,6.8,72.6,7.1,2,4.68,4.6,18.6,0,949.1,135,0.1,0.8,176,432,76,125,486,42,43,253,0,21,97
TAE,2007,5,1,6,8.4,66.3,7.2,2.3,4.78,5.5,20.5,0,949.4,49,1,2.5,360,660,99,76,719,141,63,254,0,21,97
TAE,2007,5,1,7,10.3,58.5,7.3,2.4,4.81,6.6,22.5,0,949.4,47,1.6,3.6,536,768,116,80,773,321,82,255,0,21,97
TAE,2007,5,1,8,12,50.7,7.1,2.1,4.69,7.3,23.9,0,949.5,72,1.5,3.9,694,846,123,95,725,485,98,257,0,21,97
TAE,2007,5,1,9,13.5,50.6,7.8,3.5,5.15,8.5,26.6,0,949.3,54,1.8,4.3,810,877,134,108,586,612,112,259,0,21,97
TAE,2007,5,1,10,15.3,47.2,8.2,4.1,5.42,9.5,29.1,0,948.9,50,2.3,5.2,885,911,131,114,394,692,118,261,0,21,97
TAE,2007,5,1,11,17,45.2,8.7,5.1,5.76,10.7,31.7,0,948.5,46,2.8,6.3,897,899,142,117,154,708,255,266,0,21,97
TAE,2007,5,1,12,18.4,39.6,8.4,4.4,5.56,11,32.6,0,948.1,61,3,7.4,854,872,148,115,116,663,485,270,0,21,97
TAE,2007,5,1,13,19.2,36.3,8.1,3.9,5.36,11.1,32.9,0,947.6,65,3.4,8.3,757,817,155,109,110,560,644,269,0,21,97
TAE,2007,5,1,14,19.9,32.5,7.6,3,5.03,11.1,32.8,0,947.2,61,3.6,8.6,623,762,146,95,96,418,734,269,0,21,97
TAE,2007,5,1,15,19.8,30.6,7,2,4.63,10.7,31.7,0,947,63,3.8,8.3,460,686,126,78,78,252,738,268,0,21,97
TAE,2007,5,1,16,19.2,28.6,6.4,0.6,4.23,9.9,30,0,946.9,58,3.9,9.5,287,587,94,109,55,76,654,267,0,21,97
TAE,2007,5,1,17,18.1,28.3,5.9,-0.5,3.9,9.1,28.1,0,946.9,70,4,8.1,113,306,57,105,33,32,343,267,0,21,97
TAE,2007,5,1,18,15.7,36.8,6.5,1,4.3,8.6,26.7,0,947.1,65,2.1,8.2,5,0,5,3,3,3,3,264,0,21,97
TAE,2007,5,1,19,15,37.5,6.4,0.6,4.23,8.1,25.8,0,947.5,87,2.1,4.7,0,0,0,0,0,0,0,259,0,21,97
TAE,2007,5,1,20,14,41.2,6.6,1,4.36,7.8,25.1,0,947.6,106,1.5,4,0,0,0,0,0,0,0,254,0,21,97
TAE,2007,5,1,21,13.1,44.5,6.7,1.3,4.43,7.5,24.4,0,947.2,97,1.6,3.9,0,0,0,0,0,0,0,249,0,21,97
TAE,2007,5,1,22,12.4,47.3,6.8,1.5,4.5,7.2,23.8,0,947,94,1.4,4.5,0,0,0,0,0,0,0,248,0,21,97
TAE,2007,5,1,23,11.5,52.1,7.1,2,4.7,7,23.4,0,946.8,94,1.6,4.8,0,0,0,0,0,0,0,247,0,21,97
TAE,2007,5,2,0,10.4,56.5,7.1,2.1,4.7,6.5,22.3,0,946.6,79,1.7,5.1,0,0,0,0,0,0,0,247,0,21,97
TAE,2007,5,2,1,9.1,61.9,7.1,2.2,4.7,5.9,21,0,946.5,77,1.3,3.7,0,0,0,0,0,0,0,247,0,21,97
TAE,2007,5,2,2,8.9,61.8,7,2,4.63,5.7,20.6,0,946.4,90,1.3,3.8,0,0,0,0,0,0,0,247,0,21,97
TAE,2007,5,2,3,8.3,64,7,1.9,4.64,5.3,20,0,946.2,99,1.3,4,0,0,0,0,0,0,0,247,0,21,97
TAE,2007,5,2,4,6.4,72.3,7,1.8,4.64,4.3,18.1,0,946.2,101,0.5,1.9,34,103,23,45,115,13,13,252,0,21,97
TAE,2007,5,2,5,7.5,68.7,7.1,2.1,4.7,5,19.4,0,946.4,120,1,2.9,184,462,75,131,515,42,42,247,0,21,97
TAE,2007,5,2,6,8.8,63.7,7.2,2.3,4.77,5.8,20.8,0,946.3,84,2,5.3,365,664,100,77,723,141,63,248,0,21,97
TAE,2007,5,2,7,10.5,57.4,7.3,2.4,4.84,6.6,22.7,0,946.3,59,2.4,6.5,546,791,111,79,787,320,81,251,0,21,97
TAE,2007,5,2,8,12.1,52.1,7.3,2.6,4.84,7.5,24.4,0,946.3,50,3.1,5.6,691,816,137,98,714,480,100,253,0,21,97
TAE,2007,5,2,9,13.9,48.1,7.6,3.1,5.04,8.5,26.7,0,946.2,58,3.1,7.9,808,853,147,110,584,606,113,282,16,21,97
TAE,2007,5,2,10,15.6,43.2,7.7,3.1,5.1,9.3,28.6,0,945.9,67,3.1,7.7,855,798,192,126,409,667,129,320,55,21,97
TAE,2007,5,2,11,17.7,39.3,8,3.7,5.31,10.4,31.2,0,945.7,64,3.3,7.6,754,491,339,184,227,572,301,358,94,21,97
TAE,2007,5,2,12,18.5,38.6,8.2,4.2,5.44,10.9,32.4,0,946,69,2.6,7,494,106,408,235,232,312,292,361,100,21,97
TAE,2007,5,2,13,18.7,38.5,8.3,4.3,5.5,11.1,32.8,0,946.4,61,2,5.7,316,14,306,181,179,181,186,360,100,21,97
TAE,2007,5,2,14,18.6,38.5,8.2,4.2,5.44,11,32.5,0,946.5,146,0.8,2.6,325,93,269,155,154,195,242,359,100,21,97
TAE,2007,5,2,15,18.6,41,8.7,5.1,5.77,11.3,33.3,0,946.5,248,0.9,3.2,132,6,128,76,75,74,80,358,100,21,97
TAE,2007,5,2,16,17.1,49.2,9.5,6.4,6.3,11.3,33.2,0,946.9,16,0.9,3.8,62,0,62,37,37,35,36,357,100,21,97
TAE,2007,5,2,17,14.7,72,12,9.7,7.98,11.9,35,0.2,946.9,220,1,2.7,40,14,38,26,22,21,36,357,100,21,97
TAE,2007,5,2,18,14.4,66.2,10.9,8.2,7.24,11,32.8,0,947.5,221,2.1,11.1,0,0,0,0,0,0,0,355,100,21,97
TAE,2007,5,2,19,12.6,65.3,9.5,6.3,6.29,9.3,28.6,0,948.2,255,1.3,7.6,0,0,0,0,0,0,0,353,100,21,97
TAE,2007,5,2,20,10.7,82.9,10.7,7.9,7.09,9.2,28.6,1.6,948.9,205,1.9,7.9,0,0,0,0,0,0,0,332,78,21,97
TAE,2007,5,2,21,9.5,93.3,11,8.5,7.3,9,27.9,0,948.8,225,0.8,3,0,0,0,0,0,0,0,299,44,21,97
TAE,2007,5,2,22,7.7,96.2,10.1,7.1,6.69,7.4,24.6,0,949,203,0.8,2,0,0,0,0,0,0,0,317,59,21,97
TAE,2007,5,2,23,6.9,96.7,9.6,6.4,6.36,6.6,22.9,0,948.7,216,0.9,2.8,0,0,0,0,0,0,0,339,100,21,97
TAE,2007,5,3,0,6.9,95.9,9.6,6.3,6.36,6.6,22.9,0,948.7,219,0.7,2.6,0,0,0,0,0,0,0,342,100,22,97
TAE,2007,5,3,1,7.8,94,9.9,6.9,6.56,7.3,24.3,0.1,948.9,246,1.3,4.2,0,0,0,0,0,0,0,328,100,22,97
TAE,2007,5,3,2,8.6,90.5,10.1,7.1,6.69,7.8,25.5,0,949.3,266,1.4,2.8,0,0,0,0,0,0,0,308,71,22,97
TAE,2007,5,3,3,8.2,88.6,9.7,6.4,6.42,7.3,24.4,0,949.3,239,1.2,2.8,0,0,0,0,0,0,0,276,38,22,97
TAE,2007,5,3,4,7.7,90,9.5,6.2,6.29,6.9,23.5,0,949.4,233,0.7,2.8,35,102,24,46,115,13,14,276,19,22,97
TAE,2007,5,3,5,8.2,90.1,9.8,6.7,6.49,7.4,24.6,0,949.3,243,0.3,1.5,186,458,75,132,511,43,43,266,0,22,97
TAE,2007,5,3,6,10.7,80.9,10.4,7.6,6.89,9,28.1,0,949.2,225,1.4,3.3,376,680,102,80,741,144,65,271,6,22,97
TAE,2007,5,3,7,12.1,74,10.4,7.6,6.89,9.7,29.5,0,949.1,246,1.7,4.1,543,757,125,84,770,320,86,299,29,22,97
TAE,2007,5,3,8,13.2,70.6,10.7,8,7.09,10.4,31.2,0,949,301,1.1,3.3,606,539,244,139,590,416,139,310,50,22,97
TAE,2007,5,3,9,14,65.8,10.5,7.7,6.96,10.6,31.7,0,948.7,9,1.3,3.8,646,396,338,186,462,464,184,336,68,22,97
TAE,2007,5,3,10,15.3,59.5,10.3,7.5,6.83,11,32.7,0,948.3,22,1.4,4.1,689,367,383,207,392,505,204,336,68,22,97
TAE,2007,5,3,11,16.2,55.2,10.1,7.2,6.7,11.3,33.2,0,947.8,27,1.5,5.1,774,534,321,176,218,592,305,354,61,22,97
TAE,2007,5,3,12,17.7,49.5,10,7,6.64,11.8,34.6,0,947.3,27,1.2,3.9,390,110,298,172,170,254,225,350,81,22,97
TAE,2007,5,3,13,17.4,43.1,8.6,4.7,5.7,10.7,31.9,0,947.1,58,1,3.7,395,178,266,150,148,262,296,360,94,22,97
TAE,2007,5,3,14,18.6,41.8,9,5.4,5.97,11.5,33.8,0,946.6,56,0.8,4.6,274,168,163,91,90,181,243,348,88,22,97
TAE,2007,5,3,15,17.1,45.7,8.8,5.3,5.84,10.8,32,0,946.8,129,3,8.7,23,0,23,14,14,13,13,357,100,22,97
TAE,2007,5,3,16,13.2,65.9,9.9,7,6.57,9.9,29.9,0.8,947,155,3.2,8.6,132,183,77,75,44,43,234,351,94,22,97
TAE,2007,5,3,17,11.9,84,11.7,9.3,7.79,10.5,31.6,0.5,946.3,140,2.5,6.8,26,4,26,16,15,14,19,355,100,22,97
TAE,2007,5,3,18,12.5,80.6,11.6,9.3,7.72,10.7,32,0,946.4,146,1.4,4.4,0,0,0,0,0,0,0,353,100,22,97
TAE,2007,5,3,19,12.1,82.3,11.6,9.2,7.72,10.5,31.6,0,946.7,90,0.7,2.8,0,0,0,0,0,0,0,351,100,22,97
TAE,2007,5,3,20,10.7,91.5,11.8,9.4,7.85,10,30.5,0,946.7,162,0.4,1.3,0,0,0,0,0,0,0,328,78,22,97
TAE,2007,5,3,21,9,93.9,10.8,8.1,7.18,8.5,27.1,0,946.3,166,0.5,1.3,0,0,0,0,0,0,0,324,69,22,97
TAE,2007,5,3,22,7.4,94.6,9.8,6.6,6.51,7,23.8,0,946.1,188,0.8,1.9,0,0,0,0,0,0,0,314,68,22,97
TAE,2007,5,3,23,6.7,94.8,9.3,5.9,6.18,6.3,22.2,0,945.6,180,0.3,1.1,0,0,0,0,0,0,0,329,78,22,97
TAE,2007,5,4,0,6,96.2,9,5.4,5.98,5.7,21,0,944.9,166,0.5,1.3,0,0,0,0,0,0,0,321,84,22,97
TAE,2007,5,4,1,5.8,96.6,8.9,5.3,5.92,5.6,20.7,0,944.6,180,0.3,1.3,0,0,0,0,0,0,0,303,53,22,97
TAE,2007,5,4,2,5.1,96,8.4,4.5,5.58,4.8,19.1,0,944.1,162,0.3,0.9,0,0,0,0,0,0,0,280,13,22,97
TAE,2007,5,4,3,5.2,97.1,8.6,4.8,5.72,5,19.6,0,944,158,0.5,1,0,0,0,0,0,0,0,303,43,22,97
TAE,2007,5,4,4,4.8,97.1,8.3,4.4,5.52,4.6,18.7,0,943.8,153,0.3,1,16,13,14,12,21,8,8,340,100,22,97
TAE,2007,5,4,5,6.5,97.1,9.4,6.1,6.26,6.3,22.2,0,943.6,191,0.5,1.4,99,50,85,60,102,48,49,340,100,22,97
TAE,2007,5,4,6,9,90.8,10.5,7.6,7,8.3,26.7,0,943.6,90,0.7,2.8,204,66,175,105,172,112,100,341,100,22,97
TAE,2007,5,4,7,10.4,88.3,11.1,8.6,7.41,9.4,29.1,0,943.2,39,1.3,2.7,284,66,249,147,214,165,143,344,100,22,97
TAE,2007,5,4,8,11.3,80.5,10.8,8.1,7.21,9.6,29.5,0,943.1,42,1.2,2.8,340,46,309,183,223,201,177,347,100,22,97
TAE,2007,5,4,9,12.3,78.2,11.1,8.6,7.41,10.3,31.1,0,942.9,49,1,2.9,210,0,210,126,125,119,122,351,100,22,97
TAE,2007,5,4,10,13.1,72,10.9,8.2,7.28,10.4,31.5,0,942.7,51,1.3,3.2,296,3,293,176,175,169,170,354,100,22,97
TAE,2007,5,4,11,14.3,67.9,11.1,8.5,7.41,11.1,33.1,0,942.3,84,1.4,4.5,530,134,416,240,248,346,284,357,100,22,97
TAE,2007,5,4,12,15.9,61.8,11.1,8.6,7.42,11.8,34.8,0,942,49,2.1,5.7,387,51,345,204,202,236,226,359,100,22,97
TAE,2007,5,4,13,16.4,60.5,11.3,8.7,7.56,12.1,35.6,0,941.6,49,2,5.5,254,2,253,152,150,145,148,359,100,22,97
TAE,2007,5,4,14,17,56.9,11,8.4,7.35,12.2,35.7,0,941.4,37,2.1,4.3,155,0,154,93,92,88,90,358,100,22,97
TAE,2007,5,4,15,16.7,56.4,10.7,8,7.15,11.8,34.9,0,941.3,36,2.3,5,84,0,84,50,50,47,48,358,100,22,97
TAE,2007,5,4,16,16.3,57.8,10.7,8,7.15,11.7,34.5,0,941.2,29,2.1,5.5,15,0,15,9,9,9,9,358,100,22,97
TAE,2007,5,4,17,14.2,76.4,12.3,10.1,8.23,11.9,35.1,0.4,941.7,153,1.3,5.1,6,0,6,4,4,3,3,358,100,22,97
TAE,2007,5,4,18,12.5,86.6,12.5,10.3,8.36,11.2,33.7,0.3,942.1,135,0.9,3.3,0,0,0,0,0,0,0,357,100,22,97
TAE,2007,5,4,19,11.5,91.9,12.5,10.2,8.36,10.8,32.6,0.5,942.4,169,0.6,1.5,0,0,0,0,0,0,0,356,100,22,97
TAE,2007,5,4,20,11.1,95,12.5,10.3,8.36,10.6,32.2,1.2,942.4,153,0.5,1.6,0,0,0,0,0,0,0,354,100,22,97
TAE,2007,5,4,21,11,95.9,12.6,10.4,8.43,10.7,32.3,0.1,942.2,225,0.5,1.3,0,0,0,0,0,0,0,353,100,22,97
TAE,2007,5,4,22,10.9,95.9,12.5,10.3,8.36,10.6,32,0.1,942,211,0.6,1.3,0,0,0,0,0,0,0,352,100,22,97
TAE,2007,5,4,23,10.9,95,12.4,10.1,8.3,10.5,31.9,0,941.6,246,1,2.8,0,0,0,0,0,0,0,351,100,22,97
TAE,2007,5,5,0,10.9,94,12.3,10,8.23,10.4,31.7,0,941.6,256,0.9,2.6,0,0,0,0,0,0,0,350,100,22,97
TAE,2007,5,5,1,10.9,95.5,12.4,10.2,8.3,10.5,31.9,0.1,941.7,180,0.4,1.7,0,0,0,0,0,0,0,350,100,22,97
TAE,2007,5,5,2,10.9,96,12.5,10.3,8.37,10.6,32,0.1,941.7,198,0.4,1,0,0,0,0,0,0,0,349,100,22,97
TAE,2007,5,5,3,10.7,96.2,12.4,10.1,8.3,10.4,31.7,0,941.7,225,0.3,1.4,0,0,0,0,0,0,0,349,100,22,97
TAE,2007,5,5,4,10.7,96.7,12.5,10.2,8.36,10.4,31.8,0.5,942,135,0.2,0.6,5,0,5,3,3,3,3,349,100,22,97
TAE,2007,5,5,5,10.8,94.1,12.2,9.9,8.16,10.3,31.4,2.6,942,243,0.9,2.3,33,0,33,20,20,19,19,349,100,22,97
TAE,2007,5,5,6,11.1,92.9,12.3,10,8.23,10.5,31.9,0.6,942.3,238,1,4.1,104,0,104,63,62,59,60,348,100,22,97
TAE,2007,5,5,7,11.3,92,12.3,10,8.22,10.6,32.1,1.5,942.5,260,1.2,3.3,209,10,203,122,130,120,118,349,100,22,97
TAE,2007,5,5,8,11.1,93.2,12.4,10,8.29,10.5,32.1,4.7,942.9,278,1.5,3.7,91,0,91,55,54,52,53,349,100,22,97
TAE,2007,5,5,9,11.5,94.5,12.8,10.6,8.56,11,33.1,3.1,943.3,283,1,2.8,145,0,145,87,86,83,84,350,100,22,97
TAE,2007,5,5,10,12,91.7,12.9,10.7,8.62,11.3,33.8,0.9,943.4,283,1.5,3.1,102,0,102,62,61,58,59,350,100,22,97
TAE,2007,5,5,11,11.6,91.4,12.5,10.2,8.35,10.8,32.7,0.4,943.6,309,2.1,4.8,91,0,91,55,54,52,53,350,100,22,97
TAE,2007,5,5,12,11.7,91.4,12.6,10.3,8.42,10.9,33,1.1,943.9,267,1.8,3.8,76,0,76,46,45,43,44,351,100,22,97
TAE,2007,5,5,13,11.4,93.5,12.6,10.4,8.41,10.8,32.7,4.4,944.1,252,1,2.6,96,0,96,58,57,55,56,350,100,22,97
TAE,2007,5,5,14,11.6,92.8,12.6,10.5,8.41,11,32.9,1,944.2,286,1.8,3.5,48,0,48,29,28,27,28,350,100,22,97
TAE,2007,5,5,15,11.5,93.2,12.6,10.4,8.41,10.9,32.8,0.8,944.7,284,1.6,3.7,77,0,77,46,46,44,45,350,100,22,97
TAE,2007,5,5,16,11.1,92.5,12.3,9.9,8.2,10.4,31.8,0.1,945.2,258,1.6,3.9,32,0,32,19,19,18,19,350,100,22,97
TAE,2007,5,5,17,10.4,92.1,11.6,9.2,7.72,9.7,29.9,4,945.7,218,1.6,4.6,9,0,9,6,5,5,5,350,100,22,97
TAE,2007,5,5,18,10,91.1,11.2,8.6,7.45,9.2,28.8,3.1,946.5,194,3.5,6.6,4,2,4,3,2,2,4,349,100,22,97
TAE,2007,5,5,19,9.8,91.8,11.1,8.5,7.37,9.1,28.4,0.6,947.9,180,1.8,6.7,0,0,0,0,0,0,0,349,100,22,97
TAE,2007,5,5,20,9.3,95.7,11.2,8.6,7.43,8.9,28.1,0.1,948.7,135,0.5,1.5,0,0,0,0,0,0,0,348,100,22,97
TAE,2007,5,5,21,9.1,97.1,11.2,8.7,7.43,8.9,27.8,0,949,180,0.3,1.7,0,0,0,0,0,0,0,348,94,22,97
TAE,2007,5,5,22,9.2,96.8,11.3,8.7,7.49,8.9,28.1,0.4,949.6,288,0.6,1.5,0,0,0,0,0,0,0,347,100,22,97
TAE,2007,5,5,23,9.2,96.1,11.2,8.6,7.42,8.9,27.9,0.3,949.8,239,0.5,1.4,0,0,0,0,0,0,0,347,100,22,97
TAE,2007,5,6,0,9.4,95.1,11.2,8.7,7.42,9,28.1,0,949.7,252,0.9,2.5,0,0,0,0,0,0,0,346,100,22,97
TAE,2007,5,6,1,9.6,94.3,11.3,8.7,7.49,9.1,28.5,0,950,262,0.8,1.9,0,0,0,0,0,0,0,346,100,22,97
TAE,2007,5,6,2,9.7,93.8,11.3,8.8,7.49,9.2,28.6,0.1,950.3,276,0.9,3.1,0,0,0,0,0,0,0,346,100,22,97
TAE,2007,5,6,3,9.7,94.9,11.4,8.9,7.55,9.3,28.8,0.9,950.4,248,1.1,3.2,0,0,0,0,0,0,0,346,100,22,97
TAE,2007,5,6,4,9.8,93.5,11.3,8.8,7.48,9.3,28.7,0,950.8,243,0.9,2.6,10,1,10,6,7,6,6,346,100,22,97
TAE,2007,5,6,5,9.9,93.3,11.4,8.9,7.55,9.4,29,0,951.2,225,0.9,2,39,1,39,23,24,22,22,345,100,22,97
TAE,2007,5,6,6,10.2,93.4,11.6,9.2,7.67,9.7,29.6,0.5,951.9,256,1.2,3,42,0,42,25,25,24,24,346,100,22,97
TAE,2007,5,6,7,10.7,90.9,11.7,9.3,7.74,9.9,30.2,0.2,952.4,236,1.5,3.7,150,2,149,89,90,85,86,348,100,22,97
TAE,2007,5,6,8,11.5,88,11.9,9.6,7.87,10.4,31.4,0,952.7,245,1.6,3.3,157,0,157,94,93,89,91,350,100,22,97
TAE,2007,5,6,9,11.6,87,11.9,9.5,7.86,10.4,31.5,0,953.1,225,1.1,3.4,95,0,95,57,56,54,55,353,100,22,97
TAE,2007,5,6,10,12.2,84.9,12.1,9.7,8,10.8,32.4,0,953.2,231,1.5,4.4,261,19,245,146,152,154,141,355,100,22,97
TAE,2007,5,6,11,14.2,77.2,12.5,10.3,8.27,12,35.2,0,953.2,208,3.4,7.1,591,222,401,228,238,405,294,348,88,22,97
TAE,2007,5,6,12,14.8,73.3,12.3,10.1,8.13,12.1,35.4,0,953.1,206,3.9,8.3,191,1,190,114,113,108,110,359,100,22,97
TAE,2007,5,6,13,14.5,74.4,12.3,10,8.13,11.9,35.1,0,953.3,207,3.6,7.3,226,79,168,96,95,145,160,353,88,22,97
TAE,2007,5,6,14,15.2,70.5,12.2,9.9,8.06,12.2,35.7,0,953.3,207,3.5,6.8,334,356,118,74,74,204,387,353,84,22,97
TAE,2007,5,6,15,16.2,64.9,12,9.6,7.93,12.4,36.4,0,953.4,212,3.2,6.7,453,606,145,91,91,237,670,324,56,22,97
TAE,2007,5,6,16,15.9,64.8,11.7,9.3,7.72,12.1,35.5,0,953.8,202,2.9,6.8,304,581,105,127,61,79,656,311,45,22,97
TAE,2007,5,6,17,15,66.7,11.4,8.9,7.52,11.6,34.1,0,953.8,198,2.9,6.3,96,146,72,85,41,40,188,309,50,22,97
TAE,2007,5,6,18,14.1,67.6,10.9,8.2,7.19,10.8,32.3,0,954,198,2.6,5.7,8,22,7,12,4,4,24,275,6,22,97
TAE,2007,5,6,19,13,70.2,10.5,7.7,6.92,10.1,30.5,0,954.8,199,2.1,7,0,0,0,0,0,0,0,274,6,22,97
TAE,2007,5,6,20,12.5,69.4,10.1,7.1,6.65,9.6,29.3,0,955.1,230,0.8,3.1,0,0,0,0,0,0,0,272,0,22,97
TAE,2007,5,6,21,12.5,68.3,9.9,6.8,6.51,9.5,29,0,955.2,249,1.4,4.3,0,0,0,0,0,0,0,289,29,22,97
TAE,2007,5,6,22,11.5,72.2,9.8,6.7,6.44,9,27.8,0,955.6,279,1.8,4,0,0,0,0,0,0,0,287,13,22,97
TAE,2007,5,6,23,11.6,70.8,9.7,6.5,6.38,8.9,27.7,0,955.6,277,1.9,4,0,0,0,0,0,0,0,290,29,22,97
TAE,2007,5,7,0,11.8,68.6,9.5,6.2,6.24,8.9,27.6,0,955.8,260,1.9,4,0,0,0,0,0,0,0,282,46,22,97
TAE,2007,5,7,1,11,72.1,9.5,6.2,6.24,8.5,26.8,0,955.7,255,1.6,4.6,0,0,0,0,0,0,0,286,31,22,97
TAE,2007,5,7,2,9.8,77.2,9.3,6,6.11,7.9,25.2,0,955.7,239,0.7,3.4,0,0,0,0,0,0,0,284,38,22,97
TAE,2007,5,7,3,9,81.6,9.4,6,6.18,7.5,24.6,0,955.8,214,0.4,2.8,0,0,0,0,0,0,0,298,44,22,97
TAE,2007,5,7,4,10.3,75.8,9.5,6.2,6.24,8.2,26.1,0,955.9,248,0.8,2.9,11,1,11,7,7,6,6,325,79,22,97
TAE,2007,5,7,5,11.5,69.8,9.5,6.2,6.24,8.7,27.3,0,956.4,229,2.1,6.3,94,24,87,57,76,49,50,344,100,22,97
TAE,2007,5,7,6,11.9,69.6,9.7,6.5,6.37,9.1,28,0,956.7,229,2.3,6.1,215,78,182,110,188,116,104,345,100,22,97
TAE,2007,5,7,7,12.9,66.7,9.9,6.9,6.5,9.7,29.4,0,957,235,2.4,6.9,225,18,216,129,146,129,125,347,100,22,97
TAE,2007,5,7,8,13.7,64.5,10.1,7.1,6.63,10.1,30.5,0,957.3,234,2.6,8.3,383,86,324,191,269,231,185,349,100,22,97
TAE,2007,5,7,9,14.4,60.7,10,6.9,6.57,10.4,31.1,0,957.2,249,3.9,9.8,519,174,383,220,347,339,214,351,100,22,97
TAE,2007,5,7,10,15.1,58.1,10,6.9,6.57,10.7,31.8,0,957,260,3.4,7.8,493,89,417,245,292,307,237,353,100,22,97
TAE,2007,5,7,11,15.1,58.3,10,7,6.57,10.7,31.8,0,956.7,264,3.8,9.2,387,22,368,220,221,226,217,355,100,22,97
TAE,2007,5,7,12,15.2,57.1,9.9,6.8,6.5,10.7,31.7,0,956.8,260,3.4,9,205,2,204,123,121,117,119,357,100,22,97
TAE,2007,5,7,13,15.2,61.4,10.6,7.8,6.97,11.1,32.9,0,956.6,255,2.8,8.3,281,10,273,164,162,161,166,357,100,22,97
TAE,2007,5,7,14,14.6,63.5,10.5,7.8,6.91,10.9,32.1,0.1,956,257,1.8,5.8,179,1,179,108,106,102,105,357,100,22,97
TAE,2007,5,7,15,15.1,62.3,10.7,8,7.05,11.2,33,0,955.3,207,1.1,3.8,262,111,209,122,121,146,236,349,88,22,97
TAE,2007,5,7,16,16.1,58.7,10.8,8,7.12,11.6,34.2,0,954.9,235,2.1,6.3,180,94,144,92,84,90,182,358,100,22,97
TAE,2007,5,7,17,15.5,64.4,11.4,8.8,7.52,11.7,34.6,0,954.9,267,2.2,4.8,16,0,16,10,10,9,9,358,100,22,97
TAE,2007,5,7,18,14.9,69,11.7,9.3,7.71,11.7,34.5,0,955,272,2.6,6,1,0,1,0,0,0,0,358,100,22,97
TAE,2007,5,7,19,13.9,74.9,11.9,9.5,7.84,11.4,33.8,0,955.6,258,2.5,6,0,0,0,0,0,0,0,357,100,22,97
TAE,2007,5,7,20,13.6,75.1,11.7,9.3,7.71,11.2,33.1,0,955.7,248,1.9,6.1,0,0,0,0,0,0,0,357,100,22,97
TAE,2007,5,7,21,13.6,73.3,11.4,8.9,7.51,11,32.6,0,955.3,226,3.2,12.1,0,0,0,0,0,0,0,356,100,22,97
TAE,2007,5,7,22,13.9,68.5,10.9,8.2,7.18,10.8,32.1,0,955.1,230,4.1,12.4,0,0,0,0,0,0,0,356,94,22,97
TAE,2007,5,7,23,13.8,68.2,10.7,8,7.05,10.6,31.7,0,954.6,234,3.4,9.8,0,0,0,0,0,0,0,355,94,22,97
TAE,2007,5,8,0,14.1,65.8,10.6,7.8,6.99,10.7,31.8,0,954.3,244,3.7,11.6,0,0,0,0,0,0,0,355,100,23,97
TAE,2007,5,8,1,14,65.8,10.5,7.7,6.92,10.6,31.6,0,954.3,260,4.8,12.9,0,0,0,0,0,0,0,355,100,23,97
TAE,2007,5,8,2,13.9,66.7,10.6,7.8,6.99,10.6,31.6,0,954.1,248,4.8,12.1,0,0,0,0,0,0,0,346,71,23,97
TAE,2007,5,8,3,12.9,75.1,11.2,8.6,7.39,10.5,31.6,0.1,954.3,240,4.3,12.7,0,0,0,0,0,0,0,333,68,23,97
TAE,2007,5,8,4,12.2,82.6,11.7,9.3,7.72,10.6,31.7,0.3,954.6,236,4.1,11.6,3,0,3,2,2,2,2,350,94,23,97
TAE,2007,5,8,5,12,86.5,12.1,9.8,7.98,10.8,32.2,0.4,955,246,4.8,15.3,36,1,36,22,23,20,21,354,94,23,97
TAE,2007,5,8,6,12.4,85.3,12.2,10,8.04,11,32.8,0.2,955.5,242,4.6,14,199,119,144,84,208,109,81,355,88,23,97
TAE,2007,5,8,7,13,83,12.4,10.2,8.18,11.4,33.7,0.1,955.7,256,6.3,15.1,356,244,209,121,352,218,119,357,78,23,97
TAE,2007,5,8,8,14.2,76.9,12.5,10.2,8.24,11.9,35.1,0,955.9,247,5.7,14.3,438,201,303,175,358,278,170,346,78,23,97
TAE,2007,5,8,9,15.6,67,11.8,9.5,7.77,12.1,35.3,0,955.9,242,5.1,15.5,537,226,359,208,366,356,203,351,81,23,97
TAE,2007,5,8,10,16.5,59.6,11.2,8.6,7.38,12,35.3,0,955.4,244,5.3,16.1,783,589,283,167,400,586,168,349,68,23,97
TAE,2007,5,8,11,18,53.2,11,8.3,7.25,12.5,36.5,0,954.5,253,6.1,14.6,372,163,232,130,156,263,159,359,88,23,97
TAE,2007,5,8,12,15.3,73.7,12.7,10.6,8.39,12.6,36.6,0.2,954.6,252,3.1,8.9,273,5,269,162,160,157,160,365,100,23,97
TAE,2007,5,8,13,16,69.1,12.5,10.3,8.26,12.7,37,0,953.6,225,4.1,12.8,181,0,181,109,108,103,106,364,100,23,97
TAE,2007,5,8,14,16.5,63.1,11.8,9.5,7.8,12.5,36.3,0,953,239,4.8,13.4,114,0,114,69,68,65,67,364,100,23,97
TAE,2007,5,8,15,16.6,64.2,12.1,9.8,8,12.7,36.9,0,953,244,5.3,15.8,151,12,146,88,87,86,97,364,94,23,97
TAE,2007,5,8,16,16.6,65.9,12.4,10.2,8.19,12.9,37.4,0.1,953.6,250,5.9,15.3,93,11,89,55,53,51,63,364,100,23,97
TAE,2007,5,8,17,15.4,73.8,12.9,10.8,8.53,12.7,37.1,0.4,953.8,247,4.7,12.9,25,3,25,16,15,14,18,364,100,23,97
TAE,2007,5,8,18,14.5,80.9,13.4,11.3,8.85,12.6,37,1.3,954.7,249,5.1,15.1,1,0,1,1,1,1,1,363,100,23,97
TAE,2007,5,8,19,14.6,77.1,12.8,10.6,8.44,12.3,36,0,955.9,241,3.8,12.3,0,0,0,0,0,0,0,362,100,23,97
TAE,2007,5,8,20,14.6,78.1,13,10.8,8.58,12.4,36.4,0.2,955.9,245,4,12.3,0,0,0,0,0,0,0,361,100,23,97
TAE,2007,5,8,21,14,82.5,13.1,11.1,8.64,12.3,35.9,0.1,955.9,247,3.9,9.9,0,0,0,0,0,0,0,361,100,23,97
TAE,2007,5,8,22,13.3,89.4,13.7,11.6,9.05,12.3,36.2,1.9,955.7,263,4.3,9.7,0,0,0,0,0,0,0,360,100,23,97
TAE,2007,5,8,23,13.3,89.2,13.6,11.6,8.98,12.3,36,0.5,955.8,247,4,10.9,0,0,0,0,0,0,0,359,100,23,97
TAE,2007,5,9,0,13,88.5,13.3,11.1,8.78,11.9,35.2,1.4,955.4,247,4.4,11.9,0,0,0,0,0,0,0,358,100,24,97
TAE,2007,5,9,1,12.8,89.7,13.3,11.2,8.79,11.9,35,1.7,954.7,248,4,11.1,0,0,0,0,0,0,0,358,100,24,97
TAE,2007,5,9,2,12.9,89,13.2,11.1,8.72,11.9,35,1.4,954.9,244,4,10.5,0,0,0,0,0,0,0,358,100,24,97
TAE,2007,5,9,3,12.8,90.5,13.3,11.3,8.79,11.9,35.1,1.5,954.6,246,5.5,13.3,0,0,0,0,0,0,0,358,100,24,97
TAE,2007,5,9,4,12.9,88.3,13.1,11,8.65,11.8,34.8,0.5,955,248,4.8,14.2,16,1,16,10,11,9,9,359,100,24,97
TAE,2007,5,9,5,13.2,85.4,12.9,10.8,8.51,11.8,34.8,0,955.4,247,5.1,14.3,87,28,80,55,77,46,47,359,100,24,97
TAE,2007,5,9,6,13.6,81.9,12.7,10.6,8.38,11.9,34.8,0,955.8,251,5.4,13.3,117,5,115,71,75,66,68,359,100,24,97
TAE,2007,5,9,7,13.9,80.3,12.8,10.6,8.44,12,35.3,0,956,255,5.8,13.3,226,21,213,129,148,131,125,360,100,24,97
TAE,2007,5,9,8,14.9,76,12.8,10.7,8.44,12.5,36.3,0,956.5,260,5.9,13,403,114,324,192,294,250,187,362,100,24,97
TAE,2007,5,9,9,15.9,68.9,12.5,10.2,8.23,12.6,36.8,0,957,266,6.5,14.8,348,54,306,183,221,214,177,363,94,24,97
TAE,2007,5,9,10,16.7,63.5,12,9.7,7.9,12.7,36.8,0,957.2,258,5.7,14.4,525,127,417,245,309,341,239,364,100,24,97
TAE,2007,5,9,11,16.7,60.2,11.4,9,7.5,12.3,35.8,0,957,257,5,12.3,259,1,258,157,155,149,152,366,100,24,97
TAE,2007,5,9,12,17.3,57.7,11.4,8.9,7.5,12.5,36.4,0,956.9,260,5.6,15.5,731,508,311,182,181,536,461,366,81,24,97
TAE,2007,5,9,13,17.8,52.6,10.7,8,7.03,12.3,35.7,0,956.9,260,6,14.5,470,126,374,220,218,299,317,365,100,24,97
TAE,2007,5,9,14,17.9,54.2,11.1,8.5,7.3,12.6,36.5,0,956.7,272,5.7,12.9,349,75,299,178,176,211,244,364,100,24,97
TAE,2007,5,9,15,17.5,52.1,10.4,7.6,6.84,12,34.9,0,956.6,271,5.3,12.8,362,276,225,130,129,202,413,363,100,24,97
TAE,2007,5,9,16,16.9,54.8,10.5,7.8,6.9,11.8,34.5,0,956.9,276,5,10,193,127,143,92,84,94,217,362,100,24,97
TAE,2007,5,9,17,16.2,54.1,9.9,6.9,6.5,11.1,32.7,0,957.2,268,3.5,8.4,101,141,75,87,44,43,186,347,88,24,97
TAE,2007,5,9,18,14.8,60.6,10.2,7.3,6.69,10.7,31.8,0,957.9,272,2.9,7.8,14,33,11,19,7,7,38,343,75,24,97
TAE,2007,5,9,19,13.6,68.7,10.7,8,7.02,10.5,31.4,0,958.4,267,2.1,6.2,0,0,0,0,0,0,0,353,94,24,97
TAE,2007,5,9,20,12.9,73.6,11,8.3,7.22,10.4,31.2,0,958.4,277,0.9,3,0,0,0,0,0,0,0,346,100,24,97
TAE,2007,5,9,21,13.2,71.1,10.8,8.1,7.09,10.4,31.2,0,958.3,240,0.9,4.8,0,0,0,0,0,0,0,336,81,24,97
TAE,2007,5,9,22,13.2,69.9,10.6,7.8,6.96,10.3,30.8,0,958.3,225,1,3.1,0,0,0,0,0,0,0,332,75,24,97
TAE,2007,5,9,23,13.4,67,10.3,7.4,6.76,10.2,30.5,0,957.9,216,2.2,6.9,0,0,0,0,0,0,0,336,88,24,97
TAE,2007,5,10,0,13.5,64.3,9.9,6.9,6.5,10,30,0,957.7,217,2.5,5.9,0,0,0,0,0,0,0,325,71,23,97
TAE,2007,5,10,1,12.7,65.7,9.6,6.5,6.3,9.4,28.7,0,957.5,219,3.3,7.5,0,0,0,0,0,0,0,317,59,23,97
TAE,2007,5,10,2,12.1,68.2,9.6,6.4,6.3,9.1,28.1,0,957.5,220,3.4,7.8,0,0,0,0,0,0,0,288,25,23,97
TAE,2007,5,10,3,11.5,69.1,9.4,6,6.17,8.6,27.1,0,957.2,229,2.3,7,0,0,0,0,0,0,0,277,19,23,97
TAE,2007,5,10,4,11.4,67.8,9.1,5.7,5.97,8.5,26.5,0,956.9,235,1.3,3.8,55,177,33,81,192,19,19,290,25,23,97
TAE,2007,5,10,5,12.5,65.7,9.5,6.3,6.24,9.2,28.3,0,956.9,232,1.2,5,210,476,84,157,535,49,49,302,33,23,97
TAE,2007,5,10,6,14.6,58.2,9.7,6.5,6.37,10.3,30.8,0,957.1,225,2.5,8.8,388,650,113,106,719,127,73,301,35,23,97
TAE,2007,5,10,7,15.9,53.1,9.6,6.4,6.3,10.8,31.9,0,956.9,231,2.8,8.8,571,776,123,90,782,314,92,291,40,23,97
TAE,2007,5,10,8,17.4,48,9.5,6.3,6.24,11.4,33.3,0,956.6,231,3.4,9.1,729,837,141,108,733,479,111,301,29,23,97
TAE,2007,5,10,9,18.8,41.1,8.9,5.3,5.84,11.5,33.7,0,956.2,220,3.6,8.9,804,766,197,133,587,578,136,322,65,23,97
TAE,2007,5,10,10,19.8,40.4,9.3,6,6.11,12.2,35.4,0,955.5,250,3.2,7.9,865,763,215,144,424,646,148,358,81,23,97
TAE,2007,5,10,11,20.4,39.2,9.4,6.1,6.19,12.5,36.2,0,954.7,258,3,7.3,930,847,198,141,186,703,299,362,75,23,97
TAE,2007,5,10,12,21.2,35.3,8.9,5.3,5.86,12.5,36.2,0,954.3,266,4.1,10.8,872,821,187,135,136,644,499,369,88,23,97
TAE,2007,5,10,13,21.8,29.5,7.7,3.2,5.06,11.9,34.8,0,953.8,254,4,8.8,759,724,213,136,136,530,642,356,78,23,97
TAE,2007,5,10,14,22.3,29.6,8,3.7,5.27,12.3,35.8,0,952.9,238,3.7,9.8,580,526,232,135,135,375,596,354,74,23,97
TAE,2007,5,10,15,22.1,29.4,7.8,3.4,5.14,12.1,35.3,0,952.3,238,2.9,8.7,306,129,236,138,136,178,268,369,100,23,97
TAE,2007,5,10,16,21.3,33.2,8.4,4.5,5.54,12.2,35.5,0,951.8,231,2,6.3,257,381,129,139,77,77,465,353,78,23,97
TAE,2007,5,10,17,19.9,41.9,9.6,6.6,6.34,12.5,36.1,0,951.1,230,0.8,3.3,99,146,63,74,37,36,186,349,81,23,97
TAE,2007,5,10,18,17,60.2,11.7,9.2,7.75,12.5,36.7,0,950.7,233,0.5,2,3,0,3,2,2,2,2,367,100,23,97
TAE,2007,5,10,19,13.9,67.2,10.7,7.9,7.08,10.6,31.9,0,950.5,238,0.9,2.3,0,0,0,0,0,0,0,347,81,23,97
TAE,2007,5,10,20,13,66.5,10,6.9,6.62,9.7,29.8,0,950.1,236,1.1,2.9,0,0,0,0,0,0,0,330,63,23,97
TAE,2007,5,10,21,15.5,49.5,8.6,5,5.69,10,30,0,949.4,203,2.1,5.8,0,0,0,0,0,0,0,357,100,23,97
TAE,2007,5,10,22,17.5,38.9,7.8,3.4,5.15,10.2,30.7,0,949.2,201,3,6.8,0,0,0,0,0,0,0,348,88,23,97
TAE,2007,5,10,23,16.7,40.9,7.8,3.4,5.16,9.9,29.8,0,948.6,207,2.7,5.6,0,0,0,0,0,0,0,318,54,23,97
TAE,2007,5,11,0,16.7,40.9,7.7,3.4,5.09,9.9,29.7,0,948.3,217,2.5,5.5,0,0,0,0,0,0,0,293,26,23,97
TAE,2007,5,11,1,17.4,37.9,7.5,2.9,4.96,10,30.1,0,948,216,2.4,4.9,0,0,0,0,0,0,0,317,56,23,97
TAE,2007,5,11,2,16,44,8,3.8,5.3,9.7,29.5,0,947.7,217,1.7,4.4,0,0,0,0,0,0,0,352,100,23,97
TAE,2007,5,11,3,15.2,47.2,8.2,4,5.44,9.5,29,0,946.6,205,1.7,4,0,0,0,0,0,0,0,333,69,23,97
TAE,2007,5,11,4,15.8,47.1,8.4,4.6,5.56,10,30,0,947.6,248,2.4,9.3,32,56,26,36,69,15,15,347,81,23,97
TAE,2007,5,11,5,16.5,50.6,9.5,6.2,6.3,10.9,32.5,0,948.1,228,2.9,8.8,115,93,96,84,151,54,55,332,74,23,97
TAE,2007,5,11,6,17.1,51.3,10,7,6.62,11.5,34,0,949,263,2.7,8.3,192,57,168,106,160,99,97,353,94,23,97
TAE,2007,5,11,7,17.5,54.1,10.8,8.1,7.16,12.2,35.7,0,949.3,266,4.7,11.9,258,44,232,138,180,150,134,360,88,23,97
TAE,2007,5,11,8,17.9,53.3,10.9,8.3,7.22,12.5,36.3,0,949.3,261,6.7,16.1,642,628,192,129,594,418,130,339,48,23,97
TAE,2007,5,11,9,19,49.6,10.9,8.2,7.22,12.9,37.4,0,949.5,259,6.2,15.4,823,847,147,118,581,581,122,326,26,23,97
TAE,2007,5,11,10,19.4,49.7,11.2,8.6,7.42,13.2,38.3,0,949.8,264,7.4,17.2,839,710,232,149,405,621,151,335,60,23,97
TAE,2007,5,11,11,19.4,47,10.6,7.8,7.02,12.8,37.3,0,949.7,265,6.6,14.6,696,341,400,222,260,495,311,338,71,23,97
TAE,2007,5,11,12,19.5,48.1,10.9,8.2,7.22,13.1,37.9,0,950,281,6.5,16.9,595,301,347,203,202,402,378,353,75,23,97
TAE,2007,5,11,13,18.4,58.1,12.2,10,8.09,13.5,39,0,950,291,4.1,10.5,532,277,315,183,181,356,378,347,78,23,97
TAE,2007,5,11,14,18.3,57.3,12.1,9.7,8.03,13.3,38.7,0,949.7,283,3.3,9,293,29,274,164,162,170,186,367,100,23,97
TAE,2007,5,11,15,17.5,61,12.2,9.9,8.09,13.1,38.1,0,949.8,300,3.6,8.8,212,30,197,118,116,120,145,366,100,23,97
TAE,2007,5,11,16,16.8,60.2,11.5,9,7.62,12.4,36.2,0,949.9,297,3.5,8.2,161,63,140,95,82,79,147,364,94,23,97
TAE,2007,5,11,17,16.1,60.5,11.1,8.5,7.35,11.8,34.8,0,950.3,270,3.8,9.3,43,4,42,26,25,24,28,363,100,23,97
TAE,2007,5,11,18,15.2,65.9,11.3,8.9,7.48,11.7,34.2,0,950.7,265,2.3,7.6,2,0,2,1,1,1,1,362,100,23,97
TAE,2007,5,11,19,14.3,70.7,11.5,9.1,7.61,11.4,33.6,0.1,951.3,256,1.7,4.9,0,0,0,0,0,0,0,361,100,23,97
TAE,2007,5,11,20,13.2,80,12.2,9.8,8.08,11.3,33.7,0,951.2,204,2,5.1,0,0,0,0,0,0,0,360,100,23,97
TAE,2007,5,11,21,13,77.9,11.6,9.2,7.68,10.9,32.5,0,951,201,2.3,5,0,0,0,0,0,0,0,339,64,23,97
TAE,2007,5,11,22,12.5,80.7,11.7,9.3,7.75,10.7,32.1,0,950.8,205,1.7,3.8,0,0,0,0,0,0,0,333,39,23,97
TAE,2007,5,11,23,13.7,74,11.6,9.2,7.69,11.2,33.2,0,950.4,211,2.3,5.1,0,0,0,0,0,0,0,332,48,23,97
TAE,2007,5,12,0,13.5,74.3,11.5,9,7.62,11,32.8,0,950.1,215,2.1,7.1,0,0,0,0,0,0,0,345,88,23,97
TAE,2007,5,12,1,13.6,74.5,11.6,9.2,7.69,11.1,33.1,0.1,949.7,215,2,5.3,0,0,0,0,0,0,0,351,88,23,97
TAE,2007,5,12,2,13.8,75.1,11.8,9.5,7.82,11.4,33.6,0.8,949.9,220,3,9.9,0,0,0,0,0,0,0,356,100,23,97
TAE,2007,5,12,3,12.9,82.5,12.3,10,8.16,11.3,33.6,0.3,950.3,218,4,10.4,0,0,0,0,0,0,0,352,94,23,97
TAE,2007,5,12,4,13.1,79.8,12,9.7,7.95,11.2,33.3,0,950.3,220,3.2,8.2,43,67,35,46,85,20,20,338,81,23,97
TAE,2007,5,12,5,13.9,78.1,12.4,10.2,8.22,11.8,34.7,0,950.9,234,2.3,6.6,83,40,72,53,84,41,42,353,94,23,97
TAE,2007,5,12,6,15.5,70.7,12.4,10.2,8.22,12.4,36.4,0,951,237,4.3,13.4,275,174,200,130,300,132,112,350,100,23,97
TAE,2007,5,12,7,16.7,64.6,12.3,10,8.15,12.8,37.4,0,951.2,250,5.1,15,384,224,259,149,376,222,145,347,81,23,97
TAE,2007,5,12,8,16.9,61.7,11.9,9.5,7.88,12.6,36.9,0,951.5,257,5.9,15.4,354,88,290,171,247,215,166,348,75,23,97
TAE,2007,5,12,9,18,57.1,11.8,9.4,7.81,13,37.9,0,951.6,261,6.1,15.2,659,535,236,146,481,456,146,350,64,23,97
TAE,2007,5,12,10,19,51.1,11.2,8.7,7.41,13.1,37.9,0,951.5,259,6.6,18.5,648,456,259,154,353,465,153,343,71,23,97
TAE,2007,5,12,11,20,45,10.5,7.7,6.94,13,37.7,0,951.6,247,6.7,15.2,802,561,315,179,218,591,325,331,50,23,97
TAE,2007,5,12,12,20.3,43.6,10.4,7.5,6.87,13,37.9,0,951.6,268,7.1,15.8,917,910,155,125,127,661,516,314,33,23,97
TAE,2007,5,12,13,20.8,42,10.3,7.4,6.81,13.2,38.2,0,951.4,268,6.8,15.2,790,840,148,114,115,536,657,339,25,23,97
TAE,2007,5,12,14,20.9,43.6,10.7,8.1,7.07,13.5,39,0,951.4,272,5.3,11.4,634,708,167,112,112,386,698,333,43,23,97
TAE,2007,5,12,15,20.7,42.7,10.4,7.6,6.87,13.2,38.3,0,951.4,273,5.2,10.8,480,643,141,91,91,235,701,307,36,23,97
TAE,2007,5,12,16,20.6,42.1,10.2,7.3,6.74,13.1,37.8,0,951.5,267,3.4,9.1,221,208,139,114,81,78,296,310,53,23,97
TAE,2007,5,12,17,18.7,50.6,10.9,8.3,7.2,12.8,37.1,0,951.9,326,3,6,137,333,74,146,42,41,377,309,39,23,97
TAE,2007,5,12,18,16.7,55.3,10.5,7.7,6.94,11.7,34.4,0,952.1,303,1.7,3.6,17,42,13,25,8,8,48,308,40,23,97
TAE,2007,5,12,19,13.7,70.1,11,8.4,7.26,10.8,32.1,0,952.8,241,1.2,3.3,0,0,0,0,0,0,0,312,23,23,97
TAE,2007,5,12,20,11.6,77,10.5,7.7,6.93,9.5,29.1,0,953,217,1.2,3.5,0,0,0,0,0,0,0,310,6,23,97
TAE,2007,5,12,21,11.5,75.5,10.2,7.3,6.73,9.3,28.5,0,952.8,209,1.4,3.3,0,0,0,0,0,0,0,308,29,23,97
TAE,2007,5,12,22,9.3,84.9,9.9,6.9,6.53,8.1,25.8,0,952.5,188,0.8,2.5,0,0,0,0,0,0,0,314,26,23,97
TAE,2007,5,12,23,8.6,87.1,9.7,6.6,6.4,7.6,24.7,0,952.2,191,0.6,2.1,0,0,0,0,0,0,0,298,13,23,97
TAE,2007,5,13,0,7.5,90.6,9.4,6.1,6.2,6.8,23.1,0,951.7,180,0.8,1.4,0,0,0,0,0,0,0,301,45,21,97
TAE,2007,5,13,1,6.9,91.5,9.1,5.6,6.01,6.3,22,0,951.3,153,0.2,0.9,0,0,0,0,0,0,0,291,33,21,97
TAE,2007,5,13,2,6.6,92.5,9.1,5.5,6.01,6.1,21.7,0,951,158,0.6,1.8,0,0,0,0,0,0,0,284,13,21,97
TAE,2007,5,13,3,6.8,92.2,9.1,5.6,6.01,6.2,21.9,0,950.4,225,0.3,1.1,0,0,0,0,0,0,0,307,66,21,97
TAE,2007,5,13,4,6.8,92.4,9.1,5.7,6.02,6.3,21.9,0,950.1,225,0.3,1.2,59,162,38,79,180,21,21,291,33,21,97
TAE,2007,5,13,5,8.4,90.4,10,6.9,6.62,7.6,25.1,0,949.7,180,0.2,1,219,499,83,164,553,47,47,278,13,21,97
TAE,2007,5,13,6,11.9,79.4,11,8.5,7.29,10,30.4,0,949.2,34,0.5,1.6,398,676,104,103,731,117,67,280,0,21,97
TAE,2007,5,13,7,14.3,73.2,11.9,9.6,7.9,11.6,34.3,0,948.7,45,0.8,2.1,573,785,115,82,778,295,85,283,0,21,97
TAE,2007,5,13,8,16.8,68.2,13,10.9,8.65,13.3,38.8,0,948.3,37,1.1,2.7,722,836,128,98,713,450,101,286,0,21,97
TAE,2007,5,13,9,19,61.3,13.5,11.4,8.99,14.4,41.9,0,947.9,354,1.2,3.1,839,882,130,109,579,572,113,288,0,21,97
TAE,2007,5,13,10,20.7,55.6,13.6,11.5,9.06,15.1,43.8,0,947.3,90,0.9,2.9,903,889,140,117,391,644,121,292,0,21,97
TAE,2007,5,13,11,22.3,53.7,14.4,12.5,9.61,16.2,46.9,0,946.5,55,1.3,3.2,912,874,152,120,158,659,262,323,6,21,97
TAE,2007,5,13,12,23.9,48.1,14.3,12.3,9.55,16.7,48.3,0,945.9,34,1.2,3.6,813,677,242,145,145,581,466,361,63,21,97
TAE,2007,5,13,13,25.4,41.4,13.4,11.3,8.94,16.7,48.3,0,945.4,90,1.1,2.9,632,387,335,180,180,425,483,382,94,21,97
TAE,2007,5,13,14,26.2,35.3,12,9.7,8,16.2,46.7,0,945.1,176,1.6,5.4,465,227,317,177,175,284,392,381,94,21,97
TAE,2007,5,13,15,25.5,35.1,11.5,9,7.66,15.6,45.2,0,945,169,3,8.8,356,234,228,129,128,197,362,367,94,21,97
TAE,2007,5,13,16,24.9,32.5,10.3,7.3,6.86,14.7,42.5,0,944.6,165,3.1,7.1,261,310,143,131,81,79,400,373,81,21,97
TAE,2007,5,13,17,24,33.6,10,7,6.65,14.2,41.1,0,944.9,176,2.9,6,124,214,79,110,44,43,261,381,94,21,97
TAE,2007,5,13,18,22.6,36,9.8,6.8,6.51,13.6,39.3,0,945.7,209,2.6,4.8,11,1,10,7,6,6,7,380,100,21,97
TAE,2007,5,13,19,20.3,43.5,10.3,7.5,6.84,13,37.8,0,946.4,211,2.4,5,0,0,0,0,0,0,0,377,100,21,97
TAE,2007,5,13,20,18.1,53.2,11.1,8.4,7.38,12.6,36.9,0,946.6,211,1.8,4,0,0,0,0,0,0,0,374,100,21,97
TAE,2007,5,13,21,15.4,67.3,11.6,9.4,7.72,12,35,0,946.8,225,1.1,2.8,0,0,0,0,0,0,0,372,100,21,97
TAE,2007,5,13,22,18,53.5,10.9,8.4,7.24,12.6,36.4,0,947.5,203,1.4,5.8,0,0,0,0,0,0,0,369,100,21,97
TAE,2007,5,13,23,17.1,57.8,11.3,8.7,7.5,12.3,36.2,0,948,288,0.7,2.8,0,0,0,0,0,0,0,367,100,21,97
TAE,2007,5,14,0,18.3,59.8,12.5,10.4,8.31,13.7,39.5,0,948.3,267,1.7,4.8,0,0,0,0,0,0,0,365,100,22,97
TAE,2007,5,14,1,15.9,74.1,13.4,11.3,8.91,13.2,38.5,0,949,286,0.9,2.7,0,0,0,0,0,0,0,356,88,22,97
TAE,2007,5,14,2,13.5,85.8,13.2,11.2,8.77,12.2,35.7,0,949,191,0.5,1.7,0,0,0,0,0,0,0,352,78,22,97
TAE,2007,5,14,3,12,91,12.8,10.6,8.51,11.2,33.5,0,948.9,180,0.3,1.1,0,0,0,0,0,0,0,348,100,22,97
TAE,2007,5,14,4,13.1,85.8,12.9,10.8,8.57,11.8,34.8,0,949.2,141,0.7,3.3,23,4,23,15,17,13,13,342,74,22,97
TAE,2007,5,14,5,14.6,78,12.9,10.8,8.57,12.4,36.3,0,949.3,135,0.6,1.8,120,93,91,75,149,50,51,348,70,22,97
TAE,2007,5,14,6,15.9,70.6,12.8,10.6,8.51,12.8,37.5,0,948.9,131,0.9,3,348,437,152,112,530,131,86,331,23,22,97
TAE,2007,5,14,7,17.1,68.8,13.4,11.3,8.92,13.7,39.8,0,948.2,107,1.4,3.7,537,644,158,96,686,291,97,328,35,22,97
TAE,2007,5,14,8,18.1,68.6,14.2,12.2,9.46,14.5,42.2,0,947.7,45,1.6,3.4,496,293,295,171,422,303,167,362,88,22,97
TAE,2007,5,14,9,18.9,66.2,14.4,12.5,9.6,15,43.3,0,947.7,35,1.3,3.3,340,51,299,175,211,203,169,370,100,22,97
TAE,2007,5,14,10,19.2,63.9,14.2,12.2,9.47,14.9,43.3,0,946.7,13,1.4,5.1,464,62,410,240,271,278,232,372,100,22,97
TAE,2007,5,14,11,18.8,68.9,14.9,13,9.96,15.2,44.2,0,945.6,327,2.7,7.4,498,82,427,249,257,305,265,374,100,22,97
TAE,2007,5,14,12,19,67.5,14.8,12.9,9.9,15.2,44.2,0,944.9,293,2.6,5.2,457,69,399,233,231,276,268,370,94,22,97
TAE,2007,5,14,13,18.6,67.4,14.5,12.4,9.7,14.8,43.3,0,944.2,319,3.9,8.3,277,13,267,159,157,159,163,371,100,22,97
TAE,2007,5,14,14,17.9,67.3,13.8,11.8,9.23,14.2,41.4,0,943.3,335,3.8,7.5,260,28,241,143,141,149,164,367,94,22,97
TAE,2007,5,14,15,16.3,72.8,13.5,11.4,9.03,13.4,39.2,0,943.4,334,2.8,6.9,199,66,166,97,96,109,163,364,100,22,97
TAE,2007,5,14,16,14.3,79.4,12.9,10.8,8.61,12.3,36.1,0,945.2,302,3.6,9.3,123,57,102,71,59,56,118,348,94,22,97
TAE,2007,5,14,17,12.2,87.9,12.5,10.3,8.31,11.1,33.2,3.2,947.8,287,4,12.3,53,98,38,58,22,21,119,354,94,22,97
TAE,2007,5,14,18,10,90.2,11.1,8.5,7.36,9.2,28.6,2.4,949.5,263,4.1,11.8,14,34,11,20,6,6,39,350,94,22,97
TAE,2007,5,14,19,9.6,90.9,10.8,8.2,7.15,8.9,27.7,1.5,949.9,267,2.2,5.9,0,0,0,0,0,0,0,351,100,22,97
TAE,2007,5,14,20,9.2,89,10.4,7.5,6.88,8.3,26.6,2.3,951.1,249,3.1,8.8,0,0,0,0,0,0,0,347,100,22,97
TAE,2007,5,14,21,8.6,89.8,10,7,6.61,7.8,25.3,2.9,951.7,261,3.4,8.9,0,0,0,0,0,0,0,344,100,22,97
TAE,2007,5,14,22,8.2,89.2,9.7,6.5,6.4,7.3,24.3,2.8,952.8,221,3.2,9,0,0,0,0,0,0,0,341,100,22,97
TAE,2007,5,14,23,7.9,88.4,9.4,6.1,6.2,7,23.5,1.2,952.4,206,4.1,8.8,0,0,0,0,0,0,0,337,100,22,97
TAE,2007,5,15,0,8,85.4,9.2,5.7,6.07,6.8,23.3,0.6,952.4,198,4.5,9.3,0,0,0,0,0,0,0,335,100,22,97
TAE,2007,5,15,1,7.8,85.9,9.1,5.6,6,6.7,22.9,0.7,952.3,187,2.4,5.8,0,0,0,0,0,0,0,336,100,22,97
TAE,2007,5,15,2,7.5,90,9.3,6,6.13,6.7,23,0.1,952.2,172,0.7,2.3,0,0,0,0,0,0,0,336,100,22,97
TAE,2007,5,15,3,7.6,91.1,9.5,6.2,6.27,6.9,23.4,0,952.3,108,0.4,2,0,0,0,0,0,0,0,336,100,22,97
TAE,2007,5,15,4,7.9,89.1,9.5,6.2,6.27,7,23.7,0.1,952,214,0.8,4.2,21,7,20,15,19,11,12,336,100,22,97
TAE,2007,5,15,5,8.4,84.5,9.3,5.9,6.13,7.1,23.9,0,952.4,217,2.6,7.3,45,0,45,27,26,25,26,336,100,22,97
TAE,2007,5,15,6,8.7,86.1,9.7,6.5,6.4,7.6,24.8,0,953.1,215,3.5,8.6,63,0,63,37,37,35,36,337,100,22,97
TAE,2007,5,15,7,8.9,87.8,10,7,6.59,7.9,25.5,0,953.4,225,2.9,7.5,87,0,87,52,51,49,50,338,100,22,97
TAE,2007,5,15,8,9.3,84.7,9.9,6.9,6.52,8.1,25.8,0,953.9,254,3.6,9.3,144,0,144,86,85,81,83,339,100,22,97
TAE,2007,5,15,9,10,77.8,9.6,6.3,6.32,8.1,26,0,954.2,263,4.4,11.6,266,3,264,158,157,151,152,340,100,22,97
TAE,2007,5,15,10,10.4,72.6,9.2,5.7,6.05,8,25.7,0,954.7,267,5.6,11.5,440,55,393,231,255,264,223,340,100,22,97
TAE,2007,5,15,11,11.2,67.2,8.9,5.3,5.85,8.2,26,0,954.6,269,5.7,12,652,258,426,237,271,440,299,326,94,22,97
TAE,2007,5,15,12,12,62.3,8.8,5,5.79,8.4,26.7,0,954.4,270,5,11.3,608,226,419,234,232,401,378,336,88,22,97
TAE,2007,5,15,13,11.9,60,8.4,4.4,5.52,8.1,25.9,0,955,275,5.1,12.4,364,75,305,178,176,221,232,340,100,22,97
TAE,2007,5,15,14,11.8,61.2,8.5,4.6,5.59,8.2,25.9,0,955.1,262,4.5,10.2,377,129,292,168,166,225,287,334,100,22,97
TAE,2007,5,15,15,10.7,65.6,8.4,4.5,5.52,7.6,24.7,0,955.5,304,3.9,8.5,236,91,192,112,110,128,204,328,81,22,97
TAE,2007,5,15,16,10.5,69.1,8.8,5.1,5.78,7.8,25.1,0.5,955.8,304,2.7,6.2,261,309,156,155,88,85,409,322,81,22,97
TAE,2007,5,15,17,9.5,69.6,8.2,4.2,5.38,6.9,23.1,1.4,956.8,287,2.5,9.1,73,96,47,53,27,26,125,336,100,22,97
TAE,2007,5,15,18,7.1,86.3,8.7,5,5.71,6.1,21.5,0.8,956.5,214,1.1,5.2,4,0,4,2,2,2,2,335,100,22,97
TAE,2007,5,15,19,6.3,90.3,8.6,4.8,5.64,5.6,20.5,0,956.4,292,0.6,1.8,0,0,0,0,0,0,0,312,78,22,97
TAE,2007,5,15,20,5.7,91.6,8.4,4.4,5.51,5.1,19.6,0,956.5,333,0.4,1.5,0,0,0,0,0,0,0,302,64,22,97
TAE,2007,5,15,21,6.5,84.4,8.2,4.1,5.38,5.4,20,0,956.6,236,0.9,3.8,0,0,0,0,0,0,0,315,78,22,97
TAE,2007,5,15,22,6.4,84.8,8.1,4,5.31,5.3,19.8,0,956.4,279,0.7,3,0,0,0,0,0,0,0,319,71,22,97
TAE,2007,5,15,23,6.1,88.8,8.4,4.4,5.51,5.3,20,0,956.1,326,0.9,2.8,0,0,0,0,0,0,0,315,78,22,97
TAE,2007,5,16,0,5.9,87.5,8.2,4,5.38,5,19.4,0,955.5,288,0.4,1.8,0,0,0,0,0,0,0,305,50,21,97
TAE,2007,5,16,1,5.2,88.4,7.8,3.4,5.12,4.4,18.1,0,955,360,0.4,1.5,0,0,0,0,0,0,0,307,50,21,97
TAE,2007,5,16,2,3.8,94,7.6,2.9,4.99,3.4,16.3,0,954.7,90,0.6,1.8,0,0,0,0,0,0,0,303,33,21,97
TAE,2007,5,16,3,2.6,96,7.1,2,4.66,2.3,14.3,0,954.1,198,0.3,1,0,0,0,0,0,0,0,291,33,21,97
TAE,2007,5,16,4,2.8,95.9,7.1,2.2,4.67,2.5,14.5,0,953.7,180,0.2,1.1,63,158,40,80,178,22,22,309,56,21,97
TAE,2007,5,16,5,5.1,91.2,8,3.8,5.26,4.5,18.3,0,953.5,135,0.4,1.2,222,471,93,174,531,52,52,298,41,21,97
TAE,2007,5,16,6,8.1,81.9,8.8,5.2,5.8,6.7,22.7,0,953.3,14,0.4,1.3,417,671,119,114,736,126,73,285,48,21,97
TAE,2007,5,16,7,10.1,79.8,9.8,6.8,6.46,8.4,26.4,0,952.8,360,1.5,2.8,594,789,129,87,794,301,89,270,29,21,97
TAE,2007,5,16,8,12.3,55.1,7.8,3.6,5.14,8,25.3,0,952.4,216,1.9,5,747,875,120,98,733,451,101,275,29,21,97
TAE,2007,5,16,9,13.6,51.4,8,3.8,5.27,8.7,27,0,952.1,252,2.3,7.5,843,845,158,116,583,569,119,290,36,21,97
TAE,2007,5,16,10,14,47.1,7.5,2.9,4.94,8.5,26.6,0,951.7,249,2.3,7.5,910,862,165,123,408,641,127,298,46,21,97
TAE,2007,5,16,11,15.2,40,6.9,1.7,4.54,8.6,26.8,0,951.2,228,2.9,6.8,840,626,292,163,205,605,307,326,78,21,97
TAE,2007,5,16,12,15.6,41.5,7.4,2.6,4.88,9.1,28,0,950.7,253,2.8,8.3,735,461,343,188,187,511,432,343,88,21,97
TAE,2007,5,16,13,15.7,45.4,8.1,3.9,5.35,9.6,29.3,0,950.4,256,3.1,7.7,513,157,392,222,220,319,348,348,100,21,97
TAE,2007,5,16,14,15,43.4,7.4,2.7,4.88,8.9,27.4,0,950.3,270,4,8.9,273,58,232,134,133,161,184,347,100,21,97
TAE,2007,5,16,15,13.7,53.6,8.4,4.5,5.54,9,27.8,0,950.9,269,4.2,9.9,127,0,126,75,74,71,73,347,100,21,97
TAE,2007,5,16,16,10.8,74.3,9.6,6.4,6.34,8.5,26.8,0.3,951.3,266,4.1,9.9,99,15,94,59,55,53,69,346,100,21,97
TAE,2007,5,16,17,9.7,86.1,10.4,7.5,6.88,8.5,27.1,1.3,950.9,215,2.5,6.5,42,32,38,34,22,21,53,345,100,21,97
TAE,2007,5,16,18,9.5,88,10.4,7.6,6.88,8.5,26.9,0.4,951,219,2.1,5.8,9,7,9,8,5,5,11,344,100,21,97
TAE,2007,5,16,19,9.6,88.5,10.6,7.8,7.01,8.6,27.3,0.6,951.4,220,2.5,7.1,0,0,0,0,0,0,0,343,100,21,97
TAE,2007,5,16,20,9.7,89.1,10.7,8,7.07,8.8,27.6,0.1,951.6,219,3.4,7.8,0,0,0,0,0,0,0,342,100,21,97
TAE,2007,5,16,21,9.8,88.5,10.7,8,7.07,8.8,27.7,0.5,951.6,219,3.5,8.9,0,0,0,0,0,0,0,341,100,21,97
TAE,2007,5,16,22,9.4,89.7,10.6,7.8,7.01,8.6,27.1,2.1,951.8,257,3.1,7.8,0,0,0,0,0,0,0,340,100,21,97
TAE,2007,5,16,23,9.1,89.5,10.4,7.5,6.87,8.3,26.4,1.2,951.6,250,3.5,8.1,0,0,0,0,0,0,0,340,100,21,97
TAE,2007,5,17,0,8.8,89.6,10.1,7.2,6.68,8,25.6,1.9,951.2,229,3.1,7.6,0,0,0,0,0,0,0,339,100,21,97
TAE,2007,5,17,1,8.4,90.6,10,7,6.61,7.7,25.1,2.3,951.1,224,3.3,8.6,0,0,0,0,0,0,0,338,100,21,97
TAE,2007,5,17,2,8.1,90.1,9.7,6.6,6.41,7.3,24.3,2.4,950.8,230,3,8.9,0,0,0,0,0,0,0,337,100,21,97
TAE,2007,5,17,3,8,91,9.7,6.6,6.41,7.3,24.2,2.7,950.3,233,2,5.7,0,0,0,0,0,0,0,336,100,21,97
TAE,2007,5,17,4,7.8,90,9.6,6.3,6.35,7,23.8,1.7,949.8,218,2.9,8.8,4,0,4,2,2,2,2,335,100,21,97
TAE,2007,5,17,5,7.7,89.5,9.4,6.1,6.22,6.9,23.4,1.6,949.2,218,3.9,9.2,29,0,29,17,17,16,16,334,100,21,97
TAE,2007,5,17,6,7.8,88,9.3,5.9,6.16,6.8,23.3,1.3,948.3,213,4.6,11.2,94,0,94,56,56,53,54,334,100,21,97
TAE,2007,5,17,7,8.5,86.8,9.6,6.4,6.36,7.4,24.5,1.2,947.9,212,5.5,11.2,279,50,249,146,194,159,141,337,100,21,97
TAE,2007,5,17,8,9.2,85,9.9,6.8,6.57,8,25.8,0.1,947.2,210,5.9,12.8,282,28,263,155,180,161,150,339,100,21,97
TAE,2007,5,17,9,9.4,86.5,10.2,7.3,6.77,8.3,26.5,0,947.5,214,5.2,11.3,126,0,126,75,74,71,72,341,100,21,97
TAE,2007,5,17,10,10,89.3,10.9,8.3,7.24,9.1,28.3,0.1,947.5,216,4.4,10.1,131,0,131,78,77,74,75,344,100,21,97
TAE,2007,5,17,11,10.8,88.7,11.5,9,7.65,9.8,30.1,0,947,220,4.8,11.4,71,0,71,43,42,40,41,346,100,21,97
TAE,2007,5,17,12,10.5,90.4,11.4,9,7.58,9.7,29.6,0,947.4,219,4.3,10.4,82,0,82,49,48,46,47,348,100,21,97
TAE,2007,5,17,13,11,91.9,12,9.7,7.98,10.3,31.2,0.9,947.4,226,3.2,8.5,62,0,62,37,36,35,36,349,100,21,97
TAE,2007,5,17,14,11.3,92.3,12.4,10.1,8.25,10.6,32.2,0.5,947.5,228,2.6,8.3,95,0,95,57,56,54,55,350,100,21,97
TAE,2007,5,17,15,11.5,92,12.5,10.2,8.31,10.8,32.5,1.6,947.8,228,2.8,9.9,56,0,56,33,33,31,32,350,100,21,97
TAE,2007,5,17,16,12,91.1,12.8,10.6,8.51,11.2,33.5,0.5,948.5,253,3.5,9.3,56,3,55,33,32,31,34,351,100,21,97
TAE,2007,5,17,17,11.8,93,12.9,10.7,8.57,11.2,33.5,4.6,949.7,293,3,6,57,54,47,46,27,26,81,352,100,21,97
TAE,2007,5,17,18,11.7,94.7,13,10.9,8.62,11.2,33.5,0.8,951,308,1.3,4.5,1,0,1,1,1,1,1,352,100,21,97
TAE,2007,5,17,19,11.6,92.1,12.6,10.4,8.34,10.9,32.7,0,952.2,270,0.9,2.9,0,0,0,0,0,0,0,350,100,21,97
TAE,2007,5,17,20,11.2,93.6,12.5,10.2,8.26,10.6,32.1,0.1,953.3,279,0.6,2,0,0,0,0,0,0,0,349,100,21,97
TAE,2007,5,17,21,10.7,92.1,11.8,9.5,7.79,10,30.4,0,954.5,77,1,3.2,0,0,0,0,0,0,0,338,100,21,97
TAE,2007,5,17,22,10.2,94.9,11.8,9.4,7.78,9.8,29.8,0,955.2,108,0.4,1.3,0,0,0,0,0,0,0,341,84,21,97
TAE,2007,5,17,23,9.9,93.7,11.4,8.9,7.51,9.4,28.9,0.2,955.7,162,0.3,1.4,0,0,0,0,0,0,0,344,88,21,97
TAE,2007,5,18,0,9.1,96.8,11.2,8.6,7.37,8.8,27.7,0.5,955.8,225,0.5,1.3,0,0,0,0,0,0,0,315,53,23,97
TAE,2007,5,18,1,8.2,97.9,10.6,7.9,6.98,8,25.8,0,955.8,214,0.5,1.8,0,0,0,0,0,0,0,308,48,23,97
TAE,2007,5,18,2,7.3,98.7,10.1,7.1,6.64,7.2,24,0,956,270,0.5,1.8,0,0,0,0,0,0,0,318,50,23,97
TAE,2007,5,18,3,6.7,98.4,9.6,6.5,6.31,6.6,22.6,0,956.4,194,0.5,1.6,0,0,0,0,0,0,0,312,25,23,97
TAE,2007,5,18,4,6.2,100,9.5,6.2,6.24,6.2,21.9,0.1,956.5,162,0.3,1.5,44,32,40,37,55,23,23,320,40,23,97
TAE,2007,5,18,5,6.7,100,9.8,6.7,6.44,6.7,22.9,0,956.6,0,0.2,1.1,145,84,121,95,159,68,69,272,40,23,97
TAE,2007,5,18,6,7.9,99.9,10.7,7.9,7.03,7.9,25.6,0,956.9,45,0.4,1.4,255,105,208,135,234,127,119,295,16,23,97
TAE,2007,5,18,7,8.9,96.2,10.9,8.3,7.17,8.6,27,0,957,9,0.7,1.8,374,136,292,170,308,218,165,309,10,23,97
TAE,2007,5,18,8,10.4,91.1,11.5,9,7.57,9.6,29.5,0,957,360,0.9,3.2,471,151,363,210,349,290,205,325,43,23,97
TAE,2007,5,18,9,11.8,86.3,11.9,9.6,7.83,10.6,31.6,0,956.7,351,1.2,3.3,746,553,297,169,533,517,169,330,45,23,97
TAE,2007,5,18,10,13.6,75.2,11.7,9.3,7.7,11.2,33.1,0,956.4,7,0.9,3.6,888,790,203,144,425,630,147,333,33,23,97
TAE,2007,5,18,11,15,66.4,11.3,8.8,7.44,11.5,33.9,0,956,29,1.2,5.2,836,600,308,181,224,601,315,347,53,23,97
TAE,2007,5,18,12,15.9,61.8,11.2,8.6,7.38,11.8,34.7,0,955.5,337,1.6,4.8,811,630,276,164,164,574,491,355,53,23,97
TAE,2007,5,18,13,16.1,60.8,11.2,8.5,7.38,11.8,34.9,0,955.1,344,1.6,4.8,802,792,186,127,128,534,657,328,43,23,97
TAE,2007,5,18,14,17,56.8,10.9,8.4,7.18,12.2,35.3,0,954.9,331,1.2,3.7,679,797,147,106,107,391,765,282,19,23,97
TAE,2007,5,18,15,17.4,56.4,11.2,8.6,7.38,12.4,36.2,0,954.6,325,1.5,3.7,519,753,116,83,84,225,788,274,6,23,97
TAE,2007,5,18,16,17.4,57.3,11.4,8.9,7.52,12.6,36.5,0,954.3,337,1.4,3.4,333,605,104,167,65,66,674,274,0,23,97
TAE,2007,5,18,17,17,56.1,10.8,8.2,7.12,12.1,35.1,0,954.2,330,0.9,2.6,163,422,71,176,42,41,463,281,6,23,97
TAE,2007,5,18,18,14.6,71.7,11.8,9.6,7.79,11.8,34.4,0,954.1,259,0.7,1.4,25,79,17,43,10,10,84,303,29,23,97
TAE,2007,5,18,19,10.3,90.1,11.3,8.7,7.46,9.4,29.1,0,954.1,221,1.1,2.3,0,0,0,0,0,0,0,294,25,23,97
TAE,2007,5,18,20,8.8,91.8,10.4,7.5,6.86,8.1,26.1,0,954,220,0.8,2.2,0,0,0,0,0,0,0,292,25,23,97
TAE,2007,5,18,21,8,93.5,10,7,6.59,7.5,24.6,0,953.7,217,0.6,1.3,0,0,0,0,0,0,0,289,25,23,97
TAE,2007,5,18,22,7.9,94.1,10,7,6.59,7.4,24.5,0,953.5,194,0.9,1.6,0,0,0,0,0,0,0,287,25,23,97
TAE,2007,5,18,23,7.3,94.3,9.7,6.4,6.39,6.8,23.4,0,953.4,187,0.9,1.7,0,0,0,0,0,0,0,284,25,23,97
TAE,2007,5,19,0,6.7,94.7,9.3,5.9,6.13,6.3,22.1,0,953.3,172,0.8,1.4,0,0,0,0,0,0,0,263,0,20,97
TAE,2007,5,19,1,6,95,8.9,5.3,5.86,5.7,20.7,0,953.2,153,0.7,1.2,0,0,0,0,0,0,0,263,0,20,97
TAE,2007,5,19,2,5.9,95.8,8.9,5.3,5.86,5.6,20.6,0,953,153,0.7,1.2,0,0,0,0,0,0,0,263,0,20,97
TAE,2007,5,19,3,5.3,95.7,8.6,4.7,5.66,5,19.5,0,953.1,149,0.6,1.3,0,0,0,0,0,0,0,264,0,20,97
TAE,2007,5,19,4,5.5,94.3,8.5,4.7,5.6,5.1,19.6,0,953.4,180,0.3,1,77,222,45,110,240,24,24,269,0,20,97
TAE,2007,5,19,5,8.2,91.6,10,6.9,6.59,7.5,24.8,0,953.4,180,0.1,0.5,240,535,85,183,587,48,48,264,0,20,97
TAE,2007,5,19,6,11.5,81.8,11.1,8.5,7.33,9.9,30,0,953.6,45,0.3,1.6,421,708,103,110,756,111,65,265,0,20,97
TAE,2007,5,19,7,13.7,74.5,11.7,9.3,7.73,11.2,33.3,0,953.4,50,0.9,2,593,792,120,81,782,284,84,267,0,20,97
TAE,2007,5,19,8,15.8,67.8,12.2,9.9,8.07,12.4,36.3,0,953,45,1.3,3,741,838,136,97,715,437,100,270,0,20,97
TAE,2007,5,19,9,17.7,62.2,12.6,10.4,8.34,13.4,38.9,0,952.6,39,1.4,3.3,857,880,140,107,580,557,111,272,0,20,97
TAE,2007,5,19,10,19.3,58,13,10.8,8.61,14.2,41.2,0,952.1,63,1.1,3.3,926,903,141,113,391,630,117,274,0,20,97
TAE,2007,5,19,11,20.7,56.9,13.9,11.9,9.22,15.3,44.2,0,951.8,37,1.3,3.6,939,897,147,116,153,646,258,280,0,20,97
TAE,2007,5,19,12,21.9,53.9,14.1,12.1,9.36,15.9,45.8,0,951.5,25,1.6,4.3,899,883,147,112,114,604,482,286,0,20,97
TAE,2007,5,19,13,22.4,45.3,12.2,10,8.08,15,43.1,0,951.3,76,1.6,4.4,807,848,146,105,106,509,646,286,0,20,97
TAE,2007,5,19,14,22.8,46,12.8,10.6,8.49,15.4,44.5,0,950.9,76,1.4,3.8,671,780,146,95,95,374,737,286,0,20,97
TAE,2007,5,19,15,23,44.1,12.4,10.1,8.22,15.3,44,0,950.7,59,1.7,4,511,716,128,78,79,216,755,286,0,20,97
TAE,2007,5,19,16,23.3,35.1,10,7,6.61,14,40.3,0,950.6,62,1.5,3.3,337,616,103,165,60,60,678,286,0,20,97
TAE,2007,5,19,17,22.5,38.7,10.5,7.8,6.95,14,40.3,0,950.5,58,1.3,3.1,168,442,71,181,39,39,480,286,0,20,97
TAE,2007,5,19,18,18.6,55.2,11.6,9.4,7.68,13.3,38.2,0,950.7,129,0.7,2.6,27,93,18,50,10,10,98,284,0,20,97
TAE,2007,5,19,19,12.3,79.2,11.3,8.8,7.48,10.4,31.2,0,951.1,212,0.9,2.1,0,0,0,0,0,0,0,280,0,20,97
TAE,2007,5,19,20,10.6,83.4,10.6,7.9,7.01,9.2,28.3,0,951.4,189,0.7,1.3,0,0,0,0,0,0,0,278,0,20,97
TAE,2007,5,19,21,10.8,79.4,10.2,7.4,6.74,9,27.8,0,951.4,191,0.6,1.6,0,0,0,0,0,0,0,277,0,20,97
TAE,2007,5,19,22,9.7,85.1,10.2,7.3,6.74,8.4,26.7,0,951.3,153,0.3,1.3,0,0,0,0,0,0,0,280,10,20,97
TAE,2007,5,19,23,9.2,87.5,10.1,7.2,6.68,8.2,26.1,0,950.8,153,0.5,1.5,0,0,0,0,0,0,0,298,39,20,97
TAE,2007,5,20,0,8.4,90,9.9,6.9,6.55,7.6,24.9,0,950.7,180,0.3,1.1,0,0,0,0,0,0,0,299,45,20,97
TAE,2007,5,20,1,7.7,92.2,9.7,6.5,6.41,7.1,23.9,0,950.6,169,0.6,1.3,0,0,0,0,0,0,0,304,63,20,97
TAE,2007,5,20,2,8,91.4,9.8,6.7,6.48,7.3,24.3,0,950.4,162,0.4,1.5,0,0,0,0,0,0,0,308,61,20,97
TAE,2007,5,20,3,6.9,93.9,9.4,6,6.21,6.4,22.5,0,950.3,166,0.4,1.2,0,0,0,0,0,0,0,326,63,20,97
TAE,2007,5,20,4,7.1,94.5,9.6,6.3,6.35,6.7,23.1,0,950.6,153,0.2,0.9,78,223,47,114,241,25,25,290,6,20,97
TAE,2007,5,20,5,10.3,87.2,10.9,8.3,7.21,9.2,28.5,0,950.7,117,0.3,1.1,241,537,84,184,587,47,47,275,0,20,97
TAE,2007,5,20,6,13.7,74.2,11.6,9.2,7.68,11.2,33.2,0,950.9,27,0.8,2.5,423,716,100,109,760,108,64,290,0,20,97
TAE,2007,5,20,7,15.3,67.5,11.7,9.3,7.75,11.9,35,0,950.8,48,1.2,2.7,601,808,116,80,792,283,83,296,0,20,97
TAE,2007,5,20,8,16.9,63.9,12.3,10,8.15,12.9,37.6,0,950.7,34,1.1,2.8,743,855,124,94,715,430,97,284,0,20,97
TAE,2007,5,20,9,18.8,62.4,13.5,11.5,8.96,14.4,41.6,0,950.8,45,1.2,3.3,846,855,147,108,573,548,111,307,10,20,97
TAE,2007,5,20,10,20.8,60.4,14.8,12.9,9.84,15.9,45.9,0,950.6,14,1.4,4,909,862,157,115,391,617,119,324,26,20,97
TAE,2007,5,20,11,22,52.3,13.9,11.8,9.23,15.7,45.6,0,950.6,6,2,4.5,929,885,147,115,150,634,254,312,0,20,97
TAE,2007,5,20,12,23.3,51.7,14.8,12.8,9.84,16.7,48.5,0,950.5,338,1.9,4.3,884,856,155,113,114,592,476,308,0,20,97
TAE,2007,5,20,13,24.3,45.4,13.8,11.7,9.17,16.5,47.8,0,950.3,351,1.9,4.8,792,817,153,106,107,498,629,337,33,20,97
TAE,2007,5,20,14,24.8,42.7,13.4,11.3,8.9,16.5,47.6,0,950.2,344,1.9,4.2,646,706,169,101,101,364,693,346,43,20,97
TAE,2007,5,20,15,24.7,38.5,11.9,9.6,7.89,15.6,44.9,0,950,351,1.9,3.9,500,687,130,79,79,211,727,334,36,20,97
TAE,2007,5,20,16,24.7,37.5,11.7,9.2,7.76,15.4,44.6,0,949.9,328,1,2.6,319,525,117,161,65,65,597,331,29,20,97
TAE,2007,5,20,17,24.2,42.5,12.8,10.7,8.5,16,46,0,949.9,45,0.8,2.2,164,399,76,172,41,41,440,322,25,20,97
TAE,2007,5,20,18,19.3,67.6,14.8,13.2,9.84,15.5,44.4,0,950.5,225,1,3.1,29,86,20,49,11,11,92,349,58,20,97
TAE,2007,5,20,19,16.2,73.6,13.5,11.5,8.95,13.4,38.9,0,951.3,217,1.1,2.7,0,0,0,0,0,0,0,383,68,20,97
TAE,2007,5,20,20,15,76.4,13,10.9,8.61,12.6,36.9,0,951.6,214,1.1,2.3,0,0,0,0,0,0,0,371,58,20,97
TAE,2007,5,20,21,15.1,75.7,12.9,10.8,8.54,12.6,36.8,0,952.3,218,1.2,2.7,0,0,0,0,0,0,0,381,75,20,97
TAE,2007,5,20,22,18.5,67.3,14.3,12.3,9.47,14.7,42.6,0,953.1,227,2.6,7.9,0,0,0,0,0,0,0,359,71,20,97
TAE,2007,5,20,23,18.2,71.4,14.9,12.9,9.88,14.9,43.3,0,952.7,229,2.2,6.9,0,0,0,0,0,0,0,356,88,20,97
TAE,2007,5,21,0,18.3,65.2,13.8,11.7,9.15,14.3,41.6,0,952.2,202,2.6,8.3,0,0,0,0,0,0,0,365,100,20,97
TAE,2007,5,21,1,16.2,76.4,14,12,9.28,13.7,39.8,0,952,34,0.5,1.7,0,0,0,0,0,0,0,331,41,20,97
TAE,2007,5,21,2,14,85.8,13.7,11.7,9.08,12.6,37,0,952.4,240,0.9,3.3,0,0,0,0,0,0,0,309,29,20,97
TAE,2007,5,21,3,13.2,87.8,13.3,11.2,8.81,12,35.5,0,952.8,225,1,2.7,0,0,0,0,0,0,0,309,13,20,97
TAE,2007,5,21,4,12.8,90.5,13.4,11.3,8.87,11.9,35.3,0,952.9,166,0.8,2.3,71,172,46,93,192,25,25,325,29,20,97
TAE,2007,5,21,5,15.3,84.1,14.6,12.6,9.68,13.7,39.9,0,953.1,225,0.3,1.3,234,502,85,175,552,48,48,312,13,20,97
TAE,2007,5,21,6,18,75.8,15.6,13.7,10.35,15.3,44.3,0,953.1,90,0.5,1.8,412,684,102,109,729,106,64,308,0,20,97
TAE,2007,5,21,7,19.6,70.1,15.9,14,10.55,16.1,46.5,0,953.6,34,0.8,2.2,581,773,116,79,758,270,81,309,0,20,97
TAE,2007,5,21,8,21.3,64.9,16.4,14.4,10.88,16.9,49.1,0,953.7,30,1,2.8,723,811,134,95,691,419,98,311,0,20,97
TAE,2007,5,21,9,22.7,55.5,15.3,13.3,10.14,16.8,48.6,0,953.9,63,1.1,3.3,837,854,138,105,562,535,108,313,0,20,97
TAE,2007,5,21,10,23.5,51.7,15,13,9.94,16.9,48.9,0,953.7,84,1.2,3.7,909,890,131,109,376,606,113,315,0,20,97
TAE,2007,5,21,11,24.6,49.1,15.2,13.2,10.08,17.4,50.4,0,953.5,90,1.1,3.5,921,884,138,112,147,621,246,324,0,20,97
TAE,2007,5,21,12,25.3,47,15.1,13.2,10.01,17.6,51,0,953.1,58,1.4,4,878,858,145,110,111,580,467,329,0,20,97
TAE,2007,5,21,13,25.9,45.3,15.1,13.2,10.01,17.8,51.6,0,953.1,45,1.1,3.3,786,815,148,103,104,488,623,324,0,20,97
TAE,2007,5,21,14,26.2,42.7,14.5,12.5,9.61,17.5,50.9,0,952.8,338,1.2,5.3,649,733,153,95,96,358,700,320,0,20,97
TAE,2007,5,21,15,26.4,41.8,14.4,12.4,9.55,17.6,50.9,0,952.7,27,1.2,4,475,584,155,88,88,212,647,353,35,20,97
TAE,2007,5,21,16,25.7,45.9,15.1,13.2,10.01,17.7,51.4,0,953.1,348,1.6,4,270,323,151,155,82,80,416,366,54,20,97
TAE,2007,5,21,17,24.1,52.1,15.6,13.7,10.35,17.5,50.6,0,953.4,317,2.3,5.7,183,423,88,189,46,45,472,347,33,20,97
TAE,2007,5,21,18,21.3,64.4,16.2,14.3,10.74,16.9,48.7,0,954.2,257,1.1,2.7,33,82,25,50,14,13,91,374,74,20,97
TAE,2007,5,21,19,20.9,60.5,15,13,9.93,16,46.2,0,955,270,2.4,5.7,0,0,0,0,0,0,0,387,100,20,97
TAE,2007,5,21,20,19.5,64.6,14.7,12.7,9.72,15.3,44.3,0,955.8,234,1.9,6.2,0,0,0,0,0,0,0,385,100,20,97
TAE,2007,5,21,21,18.9,67.3,14.7,12.7,9.71,15.1,43.6,0,956.4,209,4.5,11.4,0,0,0,0,0,0,0,383,100,20,97
TAE,2007,5,21,22,18.6,73.2,15.7,13.7,10.38,15.5,45,0,956.4,206,3.5,10,0,0,0,0,0,0,0,381,100,20,97
TAE,2007,5,21,23,18.2,69.8,14.6,12.6,9.65,14.8,42.8,0,955.9,247,0.8,5.6,0,0,0,0,0,0,0,379,100,20,97
TAE,2007,5,22,0,15.5,84.6,14.8,12.9,9.78,13.9,40.3,0,956.2,214,0.6,1.7,0,0,0,0,0,0,0,371,88,20,97
TAE,2007,5,22,1,15,85.9,14.7,12.7,9.71,13.6,39.6,0,956.4,233,0.7,2.1,0,0,0,0,0,0,0,374,100,20,97
TAE,2007,5,22,2,14.3,90.7,14.7,12.8,9.71,13.4,38.9,0,956.4,230,0.9,2,0,0,0,0,0,0,0,378,100,20,97
TAE,2007,5,22,3,14.8,90.7,15.2,13.3,10.05,13.9,40.3,0,956.2,254,0.8,2.2,0,0,0,0,0,0,0,360,68,20,97
TAE,2007,5,22,4,14.6,89.2,14.8,12.8,9.77,13.5,39.4,0,956.8,229,1,2.4,5,0,5,3,3,3,3,378,100,20,97
TAE,2007,5,22,5,15.3,88.6,15.4,13.4,10.17,14.1,41.1,0,957.7,143,0.5,2,98,18,92,59,72,51,52,378,100,20,97
TAE,2007,5,22,6,16.5,84,15.7,13.8,10.36,14.8,42.8,0,958,162,0.4,1.4,155,16,147,87,103,84,83,379,100,20,97
TAE,2007,5,22,7,18.3,75.4,15.9,13.9,10.5,15.6,45,0,958.2,229,1,3.8,87,0,87,51,51,48,50,382,100,20,97
TAE,2007,5,22,8,18.2,76.4,16,14,10.56,15.6,45.1,0,958.3,216,0.9,2.9,236,11,228,134,142,133,129,385,100,20,97
TAE,2007,5,22,9,18.9,75.6,16.5,14.5,10.9,16.1,46.6,0,958.1,257,1,2.5,774,686,207,134,510,500,136,378,74,20,97
TAE,2007,5,22,10,20.9,64.8,16,14,10.57,16.5,47.9,0,957.8,23,0.9,3.2,872,782,188,125,396,594,128,373,55,20,97
TAE,2007,5,22,11,22.4,60.2,16.3,14.3,10.77,17.2,49.9,0,957.4,33,2,4.8,739,439,349,193,232,500,287,395,94,20,97
TAE,2007,5,22,12,22.5,60.3,16.4,14.4,10.84,17.3,50.2,0,957.2,57,1.7,4.4,778,584,280,158,158,524,462,378,74,20,97
TAE,2007,5,22,13,23.2,61.5,17.5,15.4,11.59,18.1,52.8,0,956.7,54,1.9,5.2,740,674,214,128,129,468,593,367,44,20,97
TAE,2007,5,22,14,23.3,58.9,16.9,14.8,11.19,17.8,51.9,0,956.2,32,1.6,5.6,660,770,138,94,95,358,719,351,6,20,97
TAE,2007,5,22,15,23.6,55.6,16.2,14.2,10.73,17.6,51,0,955.7,43,1.7,4.2,506,712,120,77,78,204,744,331,0,20,97
TAE,2007,5,22,16,23.4,53.8,15.5,13.5,10.26,17.1,49.6,0,955.4,36,2.2,4.2,337,616,97,164,59,60,672,323,0,20,97
TAE,2007,5,22,17,22.9,55.6,15.5,13.6,10.26,17,49.1,0,955.2,42,1.5,3.3,165,397,73,170,41,40,436,330,6,20,97
TAE,2007,5,22,18,20.8,66.3,16.2,14.3,10.73,16.7,48.2,0,955.6,49,0.9,2.8,35,92,25,54,14,14,101,324,6,20,97
TAE,2007,5,22,19,16.1,87.6,16,14,10.58,14.8,43,0,956.2,217,0.5,1.8,0,0,0,0,0,0,0,317,0,20,97
TAE,2007,5,22,20,14.7,89.9,15,13.1,9.91,13.7,39.8,0,956.5,203,0.9,2.3,0,0,0,0,0,0,0,324,28,20,97
TAE,2007,5,22,21,15,88.7,15.1,13.2,9.98,13.9,40.3,0,956.4,191,0.6,1.4,0,0,0,0,0,0,0,325,35,20,97
TAE,2007,5,22,22,14.4,89.3,14.6,12.7,9.64,13.4,38.8,0,956.3,153,0.3,1.3,0,0,0,0,0,0,0,327,0,20,97
TAE,2007,5,22,23,13,92.4,13.8,11.8,9.11,12.3,36.1,0,956.2,217,0.6,2,0,0,0,0,0,0,0,324,0,20,97
TAE,2007,5,23,0,12.5,93.8,13.6,11.5,8.98,11.9,35.2,0,956.1,194,0.5,1.9,0,0,0,0,0,0,0,307,0,20,97
TAE,2007,5,23,1,12.2,94.6,13.4,11.4,8.84,11.7,34.6,0,956.1,172,0.8,1.5,0,0,0,0,0,0,0,308,0,20,97
TAE,2007,5,23,2,11.2,95.2,12.6,10.5,8.31,10.8,32.2,0,955.9,166,0.5,1.5,0,0,0,0,0,0,0,308,0,20,97
TAE,2007,5,23,3,11.1,95.8,12.6,10.5,8.31,10.8,32.1,0,955.9,166,0.4,1.1,0,0,0,0,0,0,0,309,0,20,97
TAE,2007,5,23,4,11.9,94.8,13.2,11.1,8.71,11.4,33.9,0,955.9,180,0.5,1.8,73,158,49,91,181,27,27,317,19,20,97
TAE,2007,5,23,5,13.9,90.8,14.4,12.4,9.51,13,38,0,956.2,45,0.2,0.8,240,520,84,184,569,48,48,318,25,20,97
TAE,2007,5,23,6,16.6,80.3,15.1,13.2,9.98,14.5,41.9,0,956.4,360,0.5,1.5,408,640,114,116,697,110,70,334,36,20,97
TAE,2007,5,23,7,18.3,76.9,16.1,14.2,10.65,15.7,45.4,0,956.4,45,1.1,2.9,594,792,115,82,775,272,84,324,13,20,97
TAE,2007,5,23,8,20.2,71.2,16.8,14.8,11.12,16.8,48.6,0,956.1,45,1.6,3.8,742,849,122,95,710,421,99,314,0,20,97
TAE,2007,5,23,9,21.8,65.9,17.2,15.1,11.4,17.5,50.9,0,955.9,51,2.1,4.5,852,881,127,106,571,537,110,316,0,20,97
TAE,2007,5,23,10,23.4,58.7,16.8,14.9,11.13,17.9,51.9,0,955.7,49,3.1,6.9,915,892,133,113,382,607,117,317,0,20,97
TAE,2007,5,23,11,24.2,53.8,16.3,14.3,10.8,17.8,51.8,0,955.2,60,3.4,7.5,924,875,146,117,152,622,255,319,0,20,97
TAE,2007,5,23,12,25.5,48.9,15.9,14,10.54,18.1,52.5,0,954.6,63,2.9,7.3,884,856,149,114,115,582,472,320,0,20,97
TAE,2007,5,23,13,26,47.5,15.9,14,10.54,18.3,53,0,954,62,2.8,6.8,793,827,143,105,106,487,629,321,13,20,97
TAE,2007,5,23,14,26.1,45.1,15.3,13.3,10.14,17.9,52.1,0,953.6,61,2.8,7.7,638,671,180,108,108,356,668,348,33,20,97
TAE,2007,5,23,15,26.2,45.2,15.3,13.4,10.15,18,52.2,0,953.3,60,3.1,7.1,489,605,161,93,93,213,671,343,40,20,97
TAE,2007,5,23,16,25.7,47.7,15.8,13.8,10.48,18.1,52.6,0,953.3,64,2.8,6.4,324,534,118,169,66,66,605,343,33,20,97
TAE,2007,5,23,17,25.1,50.7,16.1,14.2,10.69,18.1,52.5,0,953.2,69,2.3,5.8,142,326,60,136,34,33,360,371,59,20,97
TAE,2007,5,23,18,23.5,58.2,16.8,14.8,11.15,17.9,52,0,953.8,53,1,2.4,2,0,2,1,1,1,1,394,100,20,97
TAE,2007,5,23,19,21.2,64.5,16.2,14.2,10.74,16.8,48.6,0,954.2,200,1.3,4.8,0,0,0,0,0,0,0,391,94,20,97
TAE,2007,5,23,20,20.6,63.4,15.4,13.4,10.2,16.1,46.6,0,954.4,217,0.8,3.4,0,0,0,0,0,0,0,387,94,20,97
TAE,2007,5,23,21,18.1,75.3,15.6,13.7,10.34,15.4,44.4,0,953.9,233,0.8,2.9,0,0,0,0,0,0,0,369,74,20,97
TAE,2007,5,23,22,17.7,75.3,15.2,13.3,10.07,15,43.3,0,954.1,233,1.1,4.3,0,0,0,0,0,0,0,333,28,20,97
TAE,2007,5,23,23,15.4,85.1,14.8,12.9,9.8,13.9,40.3,0,953.9,233,1,2.4,0,0,0,0,0,0,0,313,0,20,97
TAE,2007,5,24,0,14.1,89.9,14.4,12.5,9.54,13.1,38.3,0,953.6,214,0.8,2.3,0,0,0,0,0,0,0,312,0,20,97
TAE,2007,5,24,1,13.8,91,14.4,12.4,9.54,13,38,0,953.3,172,0.7,1.3,0,0,0,0,0,0,0,313,0,20,97
TAE,2007,5,24,2,13.4,91.5,14.1,12,9.34,12.6,37.1,0,953.2,188,0.9,1.7,0,0,0,0,0,0,0,313,0,20,97
TAE,2007,5,24,3,12.4,94.2,13.6,11.5,9,11.9,35.2,0,953.1,188,0.9,2,0,0,0,0,0,0,0,313,0,20,97
TAE,2007,5,24,4,12.6,93.4,13.6,11.6,9,12,35.4,0,953.4,166,0.5,1.7,80,202,48,108,223,26,27,313,0,20,97
TAE,2007,5,24,5,14.9,88.3,14.9,13,9.87,13.8,39.9,0,953.7,162,0.3,0.9,242,529,83,187,578,48,48,313,0,20,97
TAE,2007,5,24,6,17.6,79.2,16,14,10.61,15.4,44.6,0,953.8,45,0.4,1.4,418,692,101,129,736,90,66,314,0,20,97
TAE,2007,5,24,7,19.2,73.6,16.4,14.4,10.88,16.2,46.9,0,953.7,27,0.7,2,588,780,115,81,764,267,84,315,0,20,97
TAE,2007,5,24,8,20.7,69,16.8,14.8,11.16,16.9,49.1,0,953.5,50,0.9,2.5,726,800,141,99,690,416,102,317,0,20,97
TAE,2007,5,24,9,22.1,64.5,17.2,15.1,11.43,17.6,51.3,0,953.4,10,1.2,3.3,835,829,152,111,565,531,114,318,0,20,97
TAE,2007,5,24,10,23.9,62.2,18.4,16.2,12.24,18.8,55.2,0,953.2,22,1.2,3.6,906,863,149,116,387,602,120,320,0,20,97
TAE,2007,5,24,11,24.9,58.7,18.4,16.3,12.25,19.2,56.2,0,952.7,72,1,3.5,926,880,143,116,153,619,251,321,0,20,97
TAE,2007,5,24,12,26,52,17.4,15.4,11.58,19,55.7,0,952,18,1.4,3.7,890,873,139,112,114,580,470,323,0,20,97
TAE,2007,5,24,13,26.4,48.4,16.7,14.6,11.11,18.7,54.9,0,951.5,6,1.2,3.8,797,825,145,106,107,488,628,323,0,20,97
TAE,2007,5,24,14,26.6,47,16.4,14.4,10.91,18.7,54.6,0,951,11,1.3,4.4,664,761,145,96,97,357,717,324,0,20,97
TAE,2007,5,24,15,26.9,44.3,15.6,13.7,10.38,18.4,53.5,0,950.6,51,1.5,3.8,508,696,127,80,80,205,733,324,0,20,97
TAE,2007,5,24,16,26.7,42.6,14.9,12.9,9.91,17.9,52.1,0,950.4,58,1,2.4,330,532,115,160,67,67,599,344,44,20,97
TAE,2007,5,24,17,25.2,57.5,18.4,16.2,12.28,19.2,56.6,0,950.5,164,0.8,1.3,155,312,86,157,47,46,359,339,41,20,97
TAE,2007,5,24,18,22.6,64.2,17.6,15.5,11.74,18,52.6,0,950.4,157,0.8,2.1,37,98,27,59,15,15,107,354,16,20,97
TAE,2007,5,24,19,19.2,75.2,16.7,14.7,11.12,16.3,47.5,0,950.7,196,0.8,2.2,0,0,0,0,0,0,0,395,100,20,97
TAE,2007,5,24,20,18.7,75.3,16.3,14.2,10.85,15.9,46.3,0,951.1,214,0.8,2.2,0,0,0,0,0,0,0,392,100,20,97
TAE,2007,5,24,21,21,60.2,14.7,13,9.76,16,45.9,0,951.4,198,3.3,10.3,0,0,0,0,0,0,0,389,100,20,97
TAE,2007,5,24,22,21.6,47.9,12.3,10.1,8.15,14.7,42.4,0,950.7,188,3.6,9.1,0,0,0,0,0,0,0,386,100,20,97
TAE,2007,5,24,23,19.6,58.4,13.3,11.2,8.83,14.6,42.1,0,950.7,229,1.6,6.4,0,0,0,0,0,0,0,382,100,20,97
TAE,2007,5,25,0,16.8,81.5,15.6,13.6,10.38,14.8,43.2,0.1,950.6,238,1.3,4,0,0,0,0,0,0,0,380,88,20,97
TAE,2007,5,25,1,16.3,81.8,15.1,13.2,10.04,14.4,41.8,0,950.3,219,0.9,3.2,0,0,0,0,0,0,0,376,94,20,97
TAE,2007,5,25,2,15.8,83.8,15,13.1,9.98,14.2,41.1,0,950.2,146,0.6,2,0,0,0,0,0,0,0,380,100,20,97
TAE,2007,5,25,3,15.4,86,15,13.1,9.98,14,40.7,0,949.9,162,0.3,1.8,0,0,0,0,0,0,0,376,94,20,97
TAE,2007,5,25,4,15.1,87.1,14.9,13,9.91,13.8,40.2,0,950,207,0.6,1.8,26,5,26,17,20,14,15,380,94,20,97
TAE,2007,5,25,5,16.6,82.7,15.6,13.6,10.38,14.8,43,0,950,207,0.2,1,62,3,61,37,39,34,35,380,100,20,97
TAE,2007,5,25,6,17.5,82.3,16.4,14.5,10.92,15.6,45.3,0,950.2,180,0.2,0.8,141,4,139,82,85,77,79,381,100,20,97
TAE,2007,5,25,7,18.7,76.5,16.5,14.5,10.99,16,46.7,0,950.2,45,0.2,1.2,233,12,226,133,143,130,128,385,100,20,97
TAE,2007,5,25,8,20.2,68.4,16.2,14.2,10.79,16.4,47.7,0,950,18,0.5,1.4,324,30,302,177,202,183,170,388,100,20,97
TAE,2007,5,25,9,21.7,58.9,15.3,13.3,10.19,16.4,47.7,0,949.5,90,0.4,1.9,664,399,332,180,441,432,178,381,94,20,97
TAE,2007,5,25,10,23.4,58.5,16.8,14.8,11.21,17.8,52.1,0,948.9,90,0.7,2.3,890,808,180,123,395,594,126,366,65,20,97
TAE,2007,5,25,11,25.1,54.8,17.5,15.4,11.7,18.7,55,0,948.2,41,1,2.7,886,755,213,134,172,601,277,370,61,20,97
TAE,2007,5,25,12,26.4,48.5,16.7,14.7,11.16,18.8,55,0,947.5,349,0.8,2.9,619,274,380,209,207,401,356,399,94,20,97
TAE,2007,5,25,13,26.6,41.6,14.5,12.5,9.67,17.7,51.4,0,947,221,1.2,3.8,434,103,355,203,200,256,285,399,100,20,97
TAE,2007,5,25,14,26.9,39.2,13.9,11.9,9.27,17.5,50.7,0,946.6,225,0.9,2.8,507,298,305,166,165,296,445,384,94,20,97
TAE,2007,5,25,15,27.7,35,13,10.9,8.67,17.3,50,0,946.1,228,1.4,6.3,475,550,177,99,99,209,635,366,61,20,97
TAE,2007,5,25,16,26.8,39.6,13.9,11.9,9.28,17.4,50.6,0,945.6,227,1.7,4.7,89,31,75,50,43,41,75,397,100,20,97
TAE,2007,5,25,17,24.3,56.5,17.1,15.1,11.46,18.3,53.6,0,945.6,243,0.7,1.6,61,3,61,37,35,34,37,397,100,20,97
TAE,2007,5,25,18,23.3,63.3,18,15.9,12.07,18.4,54.2,0,945.3,240,0.8,2,37,80,28,52,16,15,91,350,50,20,97
TAE,2007,5,25,19,19.9,66.1,15.3,13.4,10.23,15.8,46,0,945.2,236,0.8,2.3,0,0,0,0,0,0,0,318,6,20,97
TAE,2007,5,25,20,16.9,74,14.2,12.2,9.48,14.1,41,0,945.8,180,0.5,1.4,0,0,0,0,0,0,0,348,50,20,97
TAE,2007,5,25,21,16.4,73.4,13.6,11.6,9.08,13.5,39.5,0,945.3,72,0.4,1.7,0,0,0,0,0,0,0,369,81,20,97
TAE,2007,5,25,22,15.1,76.6,13.1,11,8.74,12.7,37.3,0,945.5,162,0.6,1.9,0,0,0,0,0,0,0,381,100,20,97
TAE,2007,5,25,23,13.2,82.9,12.6,10.4,8.4,11.6,34.5,0,945.2,169,0.6,1.4,0,0,0,0,0,0,0,378,94,20,97
TAE,2007,5,26,0,15.8,68.7,12,10.1,8,12.5,36.1,0,945.3,225,1.2,6.1,0,0,0,0,0,0,0,375,100,20,97
TAE,2007,5,26,1,19.4,50.9,11.5,9,7.66,13.4,38.9,0,944.9,236,1,5.3,0,0,0,0,0,0,0,371,100,20,97
TAE,2007,5,26,2,20.1,46.7,11,8.4,7.33,13.4,38.8,0,944.9,208,2.8,7.7,0,0,0,0,0,0,0,371,88,20,97
TAE,2007,5,26,3,19.2,51.6,11.4,9,7.6,13.3,38.6,0,944.5,180,1.8,5.8,2,0,2,1,1,1,1,371,94,20,97
TAE,2007,5,26,4,17.4,62.5,12.3,10.2,8.2,13.2,38.3,0,944.8,45,0.7,3,28,15,26,21,29,14,15,371,88,20,97
TAE,2007,5,26,5,17.8,68.8,14,12,9.36,14.3,41.6,0,944.4,180,0.3,1.1,182,323,88,145,376,48,48,362,78,20,97
TAE,2007,5,26,6,19.4,60.4,13.6,11.5,9.09,14.6,42.6,0,944,135,1,3,391,529,146,144,609,107,83,355,75,20,97
TAE,2007,5,26,7,20.9,57.5,14.2,12.2,9.5,15.6,45.2,0,943.5,132,1.6,4.2,581,712,146,91,728,272,93,350,56,20,97
TAE,2007,5,26,8,21.9,58.8,15.5,13.5,10.39,16.6,48.4,0,943.1,54,1.8,4.6,637,534,252,142,580,373,142,368,71,20,97
TAE,2007,5,26,9,23,56.1,15.8,13.8,10.6,17.2,50.1,0,942.5,43,2.1,4.4,452,69,395,228,279,264,221,384,100,20,97
TAE,2007,5,26,10,23.4,53.1,15.3,13.3,10.26,17,49.6,0,942.5,45,1.8,4,462,51,416,242,266,269,234,387,100,20,97
TAE,2007,5,26,11,23.8,53.8,15.8,13.9,10.61,17.5,50.9,0,942.4,14,0.9,2.2,324,6,318,188,187,182,181,389,100,20,97
TAE,2007,5,26,12,24.3,39.8,12.1,9.8,8.09,15.6,45,0,942.3,208,1.5,6.3,307,9,299,176,174,173,175,391,100,20,97
TAE,2007,5,26,13,23.5,35.3,10.2,7.3,6.82,14.2,41,0,941.1,176,1.7,5.9,476,138,365,206,203,288,311,380,100,20,97
TAE,2007,5,26,14,23.4,40.2,11.5,9.1,7.7,14.9,43.1,0,940.4,230,0.9,3,283,16,272,160,158,158,170,388,100,20,97
TAE,2007,5,26,15,23.8,39.8,11.7,9.3,7.84,15.2,43.9,0,939.8,180,0.6,2.5,232,34,213,124,123,128,155,387,100,20,97
TAE,2007,5,26,16,23.1,40.4,11.4,8.9,7.64,14.7,42.7,0,939.9,162,2,5.7,68,0,68,40,40,38,39,386,100,20,97
TAE,2007,5,26,17,21.1,58.2,14.4,12.6,9.68,15.8,45.8,0,939.5,211,0.7,1.8,22,0,22,13,13,12,13,384,100,20,97
TAE,2007,5,26,18,20.4,55.2,13.3,11.1,8.93,14.8,43.2,0,940.1,236,1.1,4.2,2,0,2,1,1,1,1,383,94,20,97
TAE,2007,5,26,19,19.3,65.5,14.6,12.7,9.81,15.2,44.3,0,940.4,250,1.5,5,0,0,0,0,0,0,0,380,100,20,97
TAE,2007,5,26,20,17.9,70.9,14.5,12.5,9.74,14.6,42.7,0,940.4,214,0.9,2.4,0,0,0,0,0,0,0,378,100,20,97
TAE,2007,5,26,21,17.5,71.5,14.2,12.3,9.54,14.4,41.8,0,940.4,248,0.9,1.8,0,0,0,0,0,0,0,375,100,20,97
TAE,2007,5,26,22,16.4,77.9,14.5,12.5,9.75,14,41.2,0,940,217,0.7,2,0,0,0,0,0,0,0,344,55,20,97
TAE,2007,5,26,23,14.4,85.7,14.1,12,9.47,13,38.4,0,939.8,211,0.7,2.6,0,0,0,0,0,0,0,334,41,20,97
TAE,2007,5,27,0,14.9,81.1,13.8,11.7,9.27,13,38.4,0,939.5,261,1.3,2.7,0,0,0,0,0,0,0,324,13,20,97
TAE,2007,5,27,1,14.2,82.4,13.3,11.2,8.93,12.4,36.8,0,939.3,241,1.1,2.6,0,0,0,0,0,0,0,342,54,20,97
TAE,2007,5,27,2,14.9,75.3,12.8,10.6,8.59,12.4,36.7,0,939.5,252,0.9,2.6,0,0,0,0,0,0,0,364,94,20,97
TAE,2007,5,27,3,14.8,75.1,12.7,10.4,8.52,12.3,36.4,0,939.4,236,1.1,3.8,0,0,0,0,0,0,0,368,100,20,97
TAE,2007,5,27,4,14.9,76.6,13,10.8,8.73,12.5,37,0,939.6,218,1.1,3.2,26,6,25,17,20,14,14,364,88,20,97
TAE,2007,5,27,5,15.9,72.7,13.1,11,8.79,13,38.2,0,939.7,224,2.8,8.1,122,43,107,75,107,59,60,364,100,20,97
TAE,2007,5,27,6,16,70,12.7,10.5,8.52,12.8,37.6,0,940.2,252,4.6,14.3,310,241,194,137,357,122,105,357,81,20,97
TAE,2007,5,27,7,16.7,69.8,13.3,11.2,8.93,13.4,39.4,0,940.1,266,4.3,9.6,442,296,264,146,437,236,143,365,94,20,97
TAE,2007,5,27,8,17.6,66,13.3,11.2,8.93,13.8,40.3,0,939.8,241,3.6,10.8,637,511,260,143,561,382,142,361,81,20,97
TAE,2007,5,27,9,18.9,60.6,13.2,11.1,8.86,14.2,41.5,0,939.7,260,5.2,10.8,744,605,248,150,519,466,150,352,70,20,97
TAE,2007,5,27,10,18.6,59.6,12.8,10.6,8.59,13.9,40.5,0,939.5,261,5.1,10,381,25,359,210,220,218,203,367,100,20,97
TAE,2007,5,27,11,19.1,60.7,13.4,11.3,9,14.4,42,0,939.2,257,4.4,9.5,625,282,372,206,247,406,253,367,88,20,97
TAE,2007,5,27,12,17.1,69,13.5,11.4,9.07,13.7,40.2,0,939,288,4.5,12.3,674,334,387,209,208,439,410,372,94,20,97
TAE,2007,5,27,13,17.8,68.4,13.9,11.9,9.35,14.2,41.6,0,938.3,293,3,8.8,610,351,331,182,181,381,442,371,81,20,97
TAE,2007,5,27,14,16.8,71.7,13.7,11.7,9.22,13.8,40.2,0,937.7,297,2.9,6.4,535,408,263,150,149,294,511,371,88,20,97
TAE,2007,5,27,15,17.3,67.3,13.2,11.2,8.88,13.7,39.9,0,937.4,264,2.9,6.8,470,530,175,99,99,207,609,354,68,20,97
TAE,2007,5,27,16,17.3,66.5,13.1,11,8.82,13.6,39.7,0,937.2,300,1.9,5.1,247,286,121,116,70,69,355,365,88,20,97
TAE,2007,5,27,17,16.3,66.1,12.3,10,8.28,12.7,37.3,0,936.7,311,2.1,4.1,51,11,49,33,29,27,38,365,94,20,97
TAE,2007,5,27,18,15.8,67.1,12,9.7,8.07,12.3,36.3,0,936.6,266,1.4,3.6,43,105,31,65,17,17,117,356,81,20,97
TAE,2007,5,27,19,15.5,67.1,11.8,9.4,7.93,12,35.6,0,937.1,261,1.9,4.1,0,0,0,0,0,0,0,366,100,20,97
TAE,2007,5,27,20,13.9,80.9,12.8,10.7,8.61,12.1,35.7,3,937.5,267,2,5.3,0,0,0,0,0,0,0,364,100,20,97
TAE,2007,5,27,21,12.7,89.8,13.2,11.1,8.88,11.8,35.2,2.8,937.3,227,2,7.9,0,0,0,0,0,0,0,362,100,20,97
TAE,2007,5,27,22,12.5,89.8,13,10.9,8.75,11.6,34.7,0.3,936.9,236,0.5,2.1,0,0,0,0,0,0,0,360,100,20,97
TAE,2007,5,27,23,12.6,91.2,13.3,11.2,8.96,11.8,35.3,0.2,936.5,287,1.4,4,0,0,0,0,0,0,0,359,100,20,97
TAE,2007,5,28,0,12,90.2,12.6,10.4,8.48,11.1,33.5,0.1,936.4,274,1.3,5.3,0,0,0,0,0,0,0,356,100,20,97
TAE,2007,5,28,1,10.6,89.8,11.4,9,7.66,9.7,30,1.2,936.5,265,2.6,6.7,0,0,0,0,0,0,0,351,100,20,97
TAE,2007,5,28,2,10.1,90.6,11.2,8.6,7.53,9.3,29.1,1.8,936.4,252,2.3,5.4,0,0,0,0,0,0,0,347,100,20,97
TAE,2007,5,28,3,8.4,89.1,9.8,6.7,6.58,7.5,25,1.1,936.7,269,4.9,11.2,0,0,0,0,0,0,0,342,100,20,97
TAE,2007,5,28,4,7.3,90,9.2,5.8,6.17,6.6,22.8,1.6,937,261,4.3,9.3,19,6,19,13,16,10,11,338,100,20,97
TAE,2007,5,28,5,6.7,89,8.7,5,5.83,5.9,21.4,1.9,937.3,247,3.3,8.3,90,19,84,55,69,47,48,334,100,20,97
TAE,2007,5,28,6,6.1,89.2,8.4,4.5,5.62,5.3,20.2,1.7,937.7,250,2.7,7.8,86,0,86,51,50,48,49,331,100,20,97
TAE,2007,5,28,7,5.9,89.8,8.3,4.4,5.55,5.2,19.9,1.6,938,260,2.8,6.7,130,1,130,77,77,72,74,331,100,20,97
TAE,2007,5,28,8,5.8,88.6,8.2,4.1,5.49,5,19.6,1.4,937.9,232,1.7,4.7,248,10,240,142,149,139,137,330,100,20,97
TAE,2007,5,28,9,6.2,86.1,8.1,4.1,5.42,5.2,19.8,0.7,938,219,2.1,5.3,190,0,190,112,111,106,108,330,100,20,97
TAE,2007,5,28,10,7,85.9,8.6,4.8,5.75,5.9,21.5,0.4,938.1,218,2.4,6.9,268,7,261,154,156,151,148,330,100,20,97
TAE,2007,5,28,11,7.1,83.8,8.4,4.5,5.62,5.8,21.3,0,938,221,2.8,6.8,214,0,214,127,125,119,122,330,100,20,97
TAE,2007,5,28,12,7.6,84.7,8.9,5.2,5.96,6.4,22.6,0.5,938.2,223,2.6,6.3,249,0,249,147,145,139,142,329,100,20,97
TAE,2007,5,28,13,7.6,87.6,9.1,5.7,6.09,6.7,22.9,0.2,938.5,222,3.1,8.1,184,0,184,109,108,103,105,329,100,20,97
TAE,2007,5,28,14,7.2,87.8,8.9,5.3,5.95,6.3,22.2,0.3,939,221,3.3,8,74,0,74,44,43,41,42,329,100,20,97
TAE,2007,5,28,15,6.8,88.8,8.7,5.1,5.82,6,21.4,0.8,939.2,214,2.9,6.8,68,0,68,40,40,38,39,330,100,20,97
TAE,2007,5,28,16,6.9,89.2,8.9,5.2,5.95,6.1,21.9,0.8,939.2,207,3.1,6.4,84,0,84,50,49,47,48,330,100,20,97
TAE,2007,5,28,17,7,88.6,8.9,5.2,5.95,6.1,22,0.1,939.6,203,4.1,8.2,59,11,56,37,33,31,43,330,100,20,97
TAE,2007,5,28,18,7,87.4,8.8,5.1,5.88,6.1,21.8,0.1,939.8,207,3,7,8,0,8,5,5,5,5,330,100,20,97
TAE,2007,5,28,19,7.1,87.3,8.8,5.1,5.88,6.1,21.9,0,940.1,209,3.6,8.7,0,0,0,0,0,0,0,330,100,20,97
TAE,2007,5,28,20,7.1,87.6,8.9,5.2,5.94,6.2,22.1,0.1,940.4,208,4.1,8.8,0,0,0,0,0,0,0,330,100,20,97
TAE,2007,5,28,21,7.2,86.4,8.8,5.1,5.88,6.2,22,0,940.3,211,4.5,9.1,0,0,0,0,0,0,0,330,100,20,97
TAE,2007,5,28,22,7.1,88.4,8.9,5.3,5.94,6.2,22.1,0.6,940.5,210,4,9.8,0,0,0,0,0,0,0,331,100,20,97
TAE,2007,5,28,23,7,90.5,9.1,5.6,6.08,6.3,22.3,0.8,940.3,213,3.5,8.2,0,0,0,0,0,0,0,331,100,20,97
TAE,2007,5,29,0,7.2,91.3,9.2,5.9,6.15,6.5,22.7,0.9,940.1,225,3,8.5,0,0,0,0,0,0,0,331,100,20,97
TAE,2007,5,29,1,7.5,92.3,9.6,6.3,6.42,6.9,23.7,1.5,940.3,231,2.8,7.8,0,0,0,0,0,0,0,331,100,20,97
TAE,2007,5,29,2,7.8,90.8,9.6,6.4,6.41,7.1,24,1.7,940.5,242,3.2,9.3,0,0,0,0,0,0,0,332,100,20,97
TAE,2007,5,29,3,7.8,90.8,9.6,6.4,6.42,7.1,24,1,940.4,248,3.5,10.3,0,0,0,0,0,0,0,332,100,20,97
TAE,2007,5,29,4,7.9,90,9.6,6.4,6.41,7.1,24.1,0.3,940.5,243,3.5,10.1,35,37,30,34,53,17,17,332,100,20,97
TAE,2007,5,29,5,7.9,89,9.5,6.2,6.34,7,23.9,0.9,940.8,244,4.4,12.2,66,0,66,39,38,37,37,333,100,20,97
TAE,2007,5,29,6,7.8,90.4,9.6,6.3,6.41,7,23.9,2.4,941.6,245,3.5,11.6,105,1,105,62,62,59,60,333,100,20,97
TAE,2007,5,29,7,7.8,89.6,9.5,6.2,6.34,7,23.8,1.7,942.2,247,4.2,12.2,121,0,121,72,71,68,69,333,100,20,97
TAE,2007,5,29,8,7.6,89.2,9.3,5.9,6.19,6.7,23.2,1.7,943.2,252,5.3,13.4,160,0,160,95,94,89,91,332,100,20,97
TAE,2007,5,29,9,7.4,89,9.2,5.7,6.12,6.6,22.8,2,943.8,253,5.6,13.6,136,0,136,80,79,76,77,332,100,20,97
TAE,2007,5,29,10,7.2,88.8,9,5.5,5.98,6.4,22.3,1.8,944.6,253,5.7,13.1,111,0,111,66,65,62,63,332,100,20,97
TAE,2007,5,29,11,7.2,89.3,9,5.6,5.98,6.4,22.3,2.1,945.5,260,4.7,11.2,123,0,123,73,72,68,70,331,100,20,97
TAE,2007,5,29,12,7,86.9,8.7,5,5.77,6,21.5,2,946.3,255,5.1,13.2,76,0,76,45,44,42,43,331,100,20,97
TAE,2007,5,29,13,7.1,88.1,8.9,5.3,5.9,6.2,22,2.8,947,242,4.1,11.8,67,0,67,40,39,37,38,331,100,20,97
TAE,2007,5,29,14,7,88.2,8.9,5.2,5.9,6.1,21.8,2.8,947.9,236,4,11.8,68,0,68,40,40,38,39,330,100,20,97
TAE,2007,5,29,15,7.1,87.5,8.8,5.2,5.82,6.2,21.8,2.2,948.6,249,3.9,12.4,43,0,43,26,25,24,25,330,100,20,97
TAE,2007,5,29,16,7,87.6,8.8,5.1,5.82,6.1,21.7,2,949.5,254,4.4,10.3,30,0,30,18,17,17,17,329,100,20,97
TAE,2007,5,29,17,6.9,88.1,8.7,5.1,5.75,6,21.4,0.8,950.1,252,3,8.8,15,0,15,9,9,8,8,329,100,20,97
TAE,2007,5,29,18,6.9,86.4,8.6,4.8,5.68,5.9,21.2,0.2,950.9,250,2,6.9,13,1,13,8,8,7,8,328,100,20,97
TAE,2007,5,29,19,6.9,87.8,8.7,5,5.74,6,21.3,0,951.6,235,1.3,5.1,0,0,0,0,0,0,0,328,100,20,97
TAE,2007,5,29,20,6.8,86.6,8.6,4.7,5.67,5.8,21.1,0,952.2,236,0.7,3,0,0,0,0,0,0,0,327,100,20,97
TAE,2007,5,29,21,6.6,87,8.5,4.6,5.6,5.6,20.7,0,952.6,247,0.9,2.5,0,0,0,0,0,0,0,326,100,20,97
TAE,2007,5,29,22,6.7,87,8.5,4.7,5.6,5.7,20.8,0,953,270,0.8,2.3,0,0,0,0,0,0,0,326,100,20,97
TAE,2007,5,29,23,6.8,86.7,8.6,4.7,5.66,5.8,21.1,0,952.9,270,0.7,2.4,0,0,0,0,0,0,0,324,100,20,97
TAE,2007,5,30,0,6.7,85.9,8.4,4.5,5.53,5.6,20.6,0,952.7,270,1.3,3.3,0,0,0,0,0,0,0,321,94,21,97
TAE,2007,5,30,1,5.9,87.4,8.1,4,5.34,5,19.3,0,952.4,270,1.1,2.9,0,0,0,0,0,0,0,321,68,21,97
TAE,2007,5,30,2,4.8,89.8,7.7,3.3,5.07,4.1,17.5,0,952.2,279,1.3,2.3,0,0,0,0,0,0,0,318,38,21,97
TAE,2007,5,30,3,3.4,94.3,7.4,2.6,4.87,3,15.6,0,952.3,191,0.5,1.3,5,18,4,11,18,2,2,317,29,21,97
TAE,2007,5,30,4,2.5,96.5,7.1,2,4.67,2.3,14.2,0,952.4,180,0.5,1.1,100,292,55,156,311,30,30,300,39,21,97
TAE,2007,5,30,5,5.3,91.9,8.2,4.1,5.4,4.7,18.9,0,952.5,90,0.3,1.2,268,583,87,214,633,51,51,283,0,21,97
TAE,2007,5,30,6,7.5,86.3,9,5.4,5.93,6.5,22.4,0,952.7,63,0.7,1.8,457,747,108,150,794,95,71,266,0,21,97
TAE,2007,5,30,7,9.7,69.7,8.4,4.4,5.53,7.1,23.7,0,952.6,45,1.3,3.2,626,832,115,86,811,271,88,274,13,21,97
TAE,2007,5,30,8,11,62.3,8.2,4.1,5.4,7.6,24.7,0,952.3,56,1.9,5.5,654,500,288,157,584,392,156,304,50,21,97
TAE,2007,5,30,9,11.3,55.8,7.4,2.8,4.87,7.2,23.6,0,952.1,50,1.8,4.7,827,711,235,140,568,531,142,309,50,21,97
TAE,2007,5,30,10,13.1,52.1,7.9,3.5,5.21,8.3,26.3,0,951.8,66,2.3,6.1,884,718,247,154,410,587,156,293,41,21,97
TAE,2007,5,30,11,13.8,48.9,7.7,3.3,5.08,8.6,26.7,0,951.2,66,2.2,7.7,990,946,140,123,162,648,266,264,25,21,97
TAE,2007,5,30,12,14.6,47.7,7.9,3.6,5.21,9,27.8,0,951,53,2.2,7.1,930,892,155,121,123,598,492,288,23,21,97
TAE,2007,5,30,13,14.9,46.3,7.8,3.5,5.14,9.1,28,0,950.8,47,2.1,5,820,800,182,119,120,502,646,320,53,21,97
TAE,2007,5,30,14,15.1,46.6,8,3.8,5.28,9.3,28.5,0,950.5,33,1.7,4.4,697,781,158,104,105,367,747,310,50,21,97
TAE,2007,5,30,15,15.3,47.6,8.2,4.2,5.41,9.6,29.1,0,950.3,16,1.5,3.4,531,680,150,109,90,199,736,318,48,21,97
TAE,2007,5,30,16,15.7,45.9,8.2,4.1,5.42,9.7,29.5,0,950,60,1.4,3.5,371,639,112,195,66,67,705,316,45,21,97
TAE,2007,5,30,17,14.2,55.1,8.9,5.3,5.88,9.6,29.1,0,950.2,49,1.1,2.3,146,183,97,117,55,53,239,349,94,21,97
TAE,2007,5,30,18,12.8,66.9,9.9,6.8,6.55,9.6,29.4,0,950.1,153,0.3,1.4,7,0,7,5,4,4,4,336,84,21,97
TAE,2007,5,30,19,9.5,83.8,9.9,6.9,6.55,8.1,26,0,950.4,220,0.8,2.4,0,0,0,0,0,0,0,340,88,21,97
TAE,2007,5,30,20,6.9,89.6,8.9,5.3,5.88,6.1,21.7,0,950.6,225,0.7,1.8,0,0,0,0,0,0,0,343,100,21,97
TAE,2007,5,30,21,7.4,87.2,9,5.4,5.95,6.4,22.4,0,950.6,214,0.7,1.6,0,0,0,0,0,0,0,341,88,21,97
TAE,2007,5,30,22,7,87.1,8.7,5,5.75,6,21.5,0,950.5,162,0.4,1.4,0,0,0,0,0,0,0,338,100,21,97
TAE,2007,5,30,23,6.7,89.1,8.8,5,5.81,5.9,21.3,0,950.4,198,0.3,1,0,0,0,0,0,0,0,331,94,21,97
TAE,2007,5,31,0,7.7,85.8,9,5.5,5.95,6.6,22.7,0,950.3,194,0.4,1.3,0,0,0,0,0,0,0,330,94,22,97
TAE,2007,5,31,1,7.7,87.8,9.2,5.8,6.08,6.7,23,0,950.3,180,0.3,0.9,0,0,0,0,0,0,0,336,100,22,97
TAE,2007,5,31,2,8.2,86.8,9.5,6.1,6.28,7.1,24,0,950.5,153,0.2,0.9,0,0,0,0,0,0,0,337,100,22,97
TAE,2007,5,31,3,8.2,89,9.7,6.5,6.41,7.3,24.4,0,950.5,162,0.3,0.7,0,0,0,0,0,0,0,339,100,22,97
TAE,2007,5,31,4,8.8,86.2,9.8,6.6,6.48,7.7,25.1,0,950.7,198,0.3,0.7,23,2,23,14,15,13,13,340,100,22,97
TAE,2007,5,31,5,9.2,86.4,10.1,7.1,6.68,8.1,26,0,951.2,90,0.2,0.8,99,10,95,60,66,54,55,342,100,22,97
TAE,2007,5,31,6,10,83.7,10.2,7.4,6.74,8.6,27,0,951.5,135,0.3,1,153,10,147,90,98,84,85,345,100,22,97
TAE,2007,5,31,7,10.9,83.3,10.9,8.2,7.21,9.4,29.1,0,951.5,39,0.7,1.4,365,130,282,163,291,207,158,349,100,22,97
TAE,2007,5,31,8,12.6,76.7,11.2,8.6,7.41,10.4,31.4,0,951.2,45,1,2.3,612,419,297,166,515,374,164,344,88,22,97
TAE,2007,5,31,9,15,68,11.6,9.1,7.68,11.7,34.5,0,951.1,18,1.1,4.2,724,478,324,180,497,475,178,344,81,22,97
TAE,2007,5,31,10,16,64.3,11.7,9.3,7.75,12.2,35.7,0,950.7,4,1.7,4.2,887,762,211,141,414,591,144,337,59,22,97
TAE,2007,5,31,11,17.4,60.4,12,9.7,7.96,12.9,37.6,0,950.2,51,1.8,8,943,865,165,132,168,624,278,338,39,22,97
TAE,2007,5,31,12,18.1,58.3,12.1,9.8,8.03,13.3,38.5,0,949.6,35,1.4,4.3,907,854,163,127,128,587,486,331,36,22,97
TAE,2007,5,31,13,18.9,55,12,9.7,7.97,13.5,39.2,0,948.9,52,1.7,4.8,839,854,155,118,119,507,657,342,45,22,97
TAE,2007,5,31,14,19.2,53.5,11.9,9.5,7.9,13.6,39.4,0,948.3,43,1.9,5.3,687,790,139,101,103,358,736,347,46,22,97
TAE,2007,5,31,15,19,54.7,12.1,9.7,8.04,13.6,39.5,0,947.8,52,2.5,6.1,474,498,194,130,111,200,596,354,75,22,97
TAE,2007,5,31,16,18.5,51.6,11,8.3,7.28,12.7,37,0,947.4,75,2.3,5.5,289,290,169,165,94,92,396,363,94,22,97
TAE,2007,5,31,17,17.8,51.7,10.5,7.7,7,12.2,35.7,0,947,84,1.8,4.3,141,164,101,120,58,56,223,363,88,22,97
TAE,2007,5,31,18,16.7,57.9,10.9,8.2,7.22,11.9,35.1,0,947,90,1,2.3,22,23,19,21,11,11,33,367,100,22,97
TAE,2007,5,31,19,15.9,61.3,10.9,8.2,7.24,11.6,34.3,0,947,81,0.7,2.4,0,0,0,0,0,0,0,365,100,22,97
TAE,2007,5,31,20,15,66.8,11.1,8.6,7.4,11.4,33.8,0,947.9,180,0.4,1.1,0,0,0,0,0,0,0,363,94,22,97
TAE,2007,5,31,21,13.9,71.7,11.2,8.6,7.43,11,32.7,0,949.4,90,0.4,2.3,0,0,0,0,0,0,0,361,100,22,97
TAE,2007,5,31,22,12.9,76.1,11.2,8.6,7.42,10.5,31.7,0,951,248,1.7,5.9,0,0,0,0,0,0,0,359,100,22,97
TAE,2007,5,31,23,11.8,80.6,11.1,8.4,7.32,9.9,30.3,0,953.3,253,3.4,8.9,0,0,0,0,0,0,0,357,100,22,97
TAE,2002,6,1,0,10.8,84.1,10.8,8.1,7.15,9.3,28.8,0,955.5,180,0.7,1.5,0,0,0,0,0,0,0,270,0,19,97
TAE,2002,6,1,1,10.1,86,10.6,7.8,6.96,8.8,27.6,0,957.7,153,0.5,1.4,0,0,0,0,0,0,0,270,0,19,97
TAE,2002,6,1,2,9.7,87.1,10.5,7.7,6.9,8.6,27.1,0,959.1,135,0.2,1,0,0,0,0,0,0,0,270,0,19,97
TAE,2002,6,1,3,9.8,86.5,10.5,7.6,6.85,8.6,27.1,0,960.5,143,0.5,1.8,16,26,15,22,31,8,8,281,13,19,97
TAE,2002,6,1,4,9.9,85.8,10.5,7.6,6.84,8.7,27.2,0,961.2,180,0.1,0.8,110,336,55,171,351,29,29,271,0,19,97
TAE,2002,6,1,5,11.3,81.5,10.8,8.1,7.09,9.5,29.2,0,961.2,135,0.2,1,276,592,86,211,637,48,48,271,0,19,97
TAE,2002,6,1,6,13.2,76,11.4,8.9,7.46,10.8,32.1,0,961.2,23,0.8,3.3,409,511,166,138,604,126,86,299,33,19,97
TAE,2002,6,1,7,15.2,69,11.8,9.5,7.74,12,34.9,0,961.1,40,1.6,3.3,623,805,119,80,777,265,82,272,0,19,97
TAE,2002,6,1,8,17.2,63.2,12.3,10.1,8.07,13.1,37.7,0,960.9,29,1.8,4.2,771,863,126,93,708,412,96,273,0,19,97
TAE,2002,6,1,9,18.5,58.9,12.5,10.3,8.2,13.7,39.4,0,960.5,49,1.9,4.5,881,890,135,103,566,527,107,275,0,19,97
TAE,2002,6,1,10,20.4,54.7,13.1,11,8.61,14.8,42.4,0,959.9,45,2.3,5.5,945,905,139,109,376,595,113,276,0,19,97
TAE,2002,6,1,11,21.5,44.2,11.3,8.8,7.41,14.1,40.5,0,959.5,36,2.8,6.3,957,906,142,110,112,609,277,282,0,19,97
TAE,2002,6,1,12,22.1,39.8,10.6,7.8,6.95,13.9,39.9,0,959,32,2.4,6.8,915,886,145,108,109,567,482,289,0,19,97
TAE,2002,6,1,13,22.9,38.2,10.7,7.9,7.02,14.2,40.9,0,958.7,36,2.2,5.2,823,852,145,101,102,474,645,288,0,19,97
TAE,2002,6,1,14,23.4,34.8,10,7,6.56,14,40.2,0,958.3,32,2.3,4.9,694,813,134,89,90,341,747,287,0,19,97
TAE,2002,6,1,15,23.4,35.5,10.2,7.3,6.69,14.1,40.6,0,958,32,2.3,5.2,533,746,121,74,75,187,769,286,0,19,97
TAE,2002,6,1,16,23.3,35.1,10,7,6.56,14,40.1,0,957.7,35,2,4.7,359,644,102,190,58,59,697,286,0,19,97
TAE,2002,6,1,17,22.6,39.6,10.8,8.2,7.09,14.2,40.8,0,957.7,45,1.9,3.9,189,490,72,213,39,39,521,285,0,19,97
TAE,2002,6,1,18,20.5,50.7,12.1,9.9,7.96,14.2,40.8,0,957.6,58,1.3,3,50,137,35,84,19,19,146,295,13,19,97
TAE,2002,6,1,19,15.6,73.5,12.9,10.9,8.49,12.9,37.2,0,958.1,135,0.1,1.5,0,0,0,0,0,0,0,280,0,19,97
TAE,2002,6,1,20,13.7,77.5,12.1,9.8,7.95,11.5,33.9,0,958.6,270,0.1,1.3,0,0,0,0,0,0,0,278,0,19,97
TAE,2002,6,1,21,12.3,81.5,11.6,9.2,7.62,10.6,31.6,0,958.6,180,0.1,1.2,0,0,0,0,0,0,0,276,0,19,97
TAE,2002,6,1,22,11.7,80.8,11.1,8.5,7.29,10,30.1,0,958.4,180,0.4,1.3,0,0,0,0,0,0,0,274,0,19,97
TAE,2002,6,1,23,10.3,87.3,11,8.3,7.22,9.2,28.5,0,958.4,191,0.5,1.7,0,0,0,0,0,0,0,272,0,19,97
TAE,2002,6,2,0,9.9,87.1,10.6,7.9,6.96,8.8,27.5,0,958.2,162,0.3,1.1,0,0,0,0,0,0,0,271,0,18,97
TAE,2002,6,2,1,9.6,88.4,10.6,7.8,6.96,8.6,27.2,0,958,135,0.3,1.2,0,0,0,0,0,0,0,271,0,18,97
TAE,2002,6,2,2,8.9,90.4,10.4,7.4,6.83,8.1,26.1,0,957.9,0,0.1,0.9,0,0,0,0,0,0,0,271,0,18,97
TAE,2002,6,2,3,8.3,91.5,10,7,6.56,7.6,24.8,0,957.9,90,0.1,1.2,15,28,14,23,33,7,8,288,20,18,97
TAE,2002,6,2,4,8.6,91.9,10.3,7.4,6.76,8,25.6,0,958,0,0,0.5,112,338,55,173,354,29,29,271,0,18,97
TAE,2002,6,2,5,11.4,84.1,11.3,8.8,7.42,10,30.2,0,958.1,27,0.2,1.6,277,597,85,212,640,47,47,271,0,18,97
TAE,2002,6,2,6,13.8,73.4,11.6,9.1,7.62,11.2,33.1,0,958.1,40,1.8,3.5,453,725,105,120,761,102,64,271,0,18,97
TAE,2002,6,2,7,14.9,68,11.5,9.1,7.56,11.6,34.1,0,957.9,35,2.1,4.2,623,808,118,78,777,261,80,274,0,18,97
TAE,2002,6,2,8,16.4,63.4,11.9,9.4,7.82,12.4,36.3,0,958.1,29,1.9,3.8,769,858,127,91,703,407,94,276,0,18,97
TAE,2002,6,2,9,18.4,59.3,12.6,10.3,8.29,13.6,39.5,0,957.8,37,2.2,5.4,878,884,136,101,562,520,104,278,0,18,97
TAE,2002,6,2,10,20,56.8,13.2,11.2,8.7,14.7,42.2,0,957.4,36,2.8,5.6,943,904,137,106,371,588,110,281,0,18,97
TAE,2002,6,2,11,21.2,50.6,12.7,10.6,8.37,14.8,42.6,0,956.8,45,2.9,6.1,954,903,140,108,109,601,271,285,0,18,97
TAE,2002,6,2,12,22.3,46.2,12.5,10.2,8.24,15.1,43.4,0,956.1,54,2.8,6.7,913,888,141,105,106,560,476,291,0,18,97
TAE,2002,6,2,13,23,44,12.3,10.1,8.11,15.3,43.8,0,955.6,40,3,7.4,823,856,140,98,99,468,640,289,0,18,97
TAE,2002,6,2,14,23.3,44.3,12.7,10.5,8.38,15.6,44.8,0,955.2,34,3.3,7.1,656,672,188,105,106,340,667,299,13,18,97
TAE,2002,6,2,15,23.3,41.1,11.8,9.4,7.78,15,43.2,0,954.9,38,2.8,5.8,473,488,203,104,103,206,589,321,38,18,97
TAE,2002,6,2,16,22.9,42.6,11.9,9.5,7.85,14.9,43,0,954.6,45,2.9,5.6,322,435,147,181,76,75,522,338,58,18,97
TAE,2002,6,2,17,21.7,47.6,12.3,10.1,8.12,14.8,42.5,0,954.7,60,2.4,5.4,160,275,97,157,51,50,325,353,75,18,97
TAE,2002,6,2,18,19.9,55.4,12.9,10.7,8.52,14.4,41.6,0,954.5,52,1.6,3.4,41,62,34,49,19,19,76,375,100,18,97
TAE,2002,6,2,19,19,49.8,11,8.3,7.25,12.9,37.5,0,954.7,90,1.5,4.5,0,0,0,0,0,0,0,358,88,18,97
TAE,2002,6,2,20,16.3,58.7,10.8,8.2,7.12,11.8,34.4,0,954.7,104,0.8,3,0,0,0,0,0,0,0,366,100,18,97
TAE,2002,6,2,21,13.5,74.2,11.5,9,7.58,11,32.7,0,954.6,108,0.5,2.6,0,0,0,0,0,0,0,362,100,18,97
TAE,2002,6,2,22,12.2,80.4,11.4,8.9,7.52,10.4,31.2,0,954.5,180,0.5,1.6,0,0,0,0,0,0,0,357,100,18,97
TAE,2002,6,2,23,11,81.2,10.6,7.9,6.99,9.3,28.7,0,953.9,191,0.6,1.5,0,0,0,0,0,0,0,313,55,18,97
TAE,2002,6,3,0,10,81.3,9.9,6.9,6.53,8.4,26.5,0,953.6,189,0.6,1.5,0,0,0,0,0,0,0,318,63,19,97
TAE,2002,6,3,1,9.2,84.7,9.8,6.8,6.46,8,25.5,0,953.3,198,0.4,1.4,0,0,0,0,0,0,0,314,58,19,97
TAE,2002,6,3,2,8.4,86.8,9.5,6.3,6.26,7.3,24.2,0,953,162,0.4,1.3,0,0,0,0,0,0,0,275,13,19,97
TAE,2002,6,3,3,7.8,87.8,9.3,5.9,6.13,6.8,23.2,0,952.9,202,0.5,2,2,0,2,1,1,1,1,332,75,19,97
TAE,2002,6,3,4,8.8,85.4,9.7,6.5,6.4,7.6,24.9,0,952.8,0,0,1,72,151,43,85,171,22,23,344,88,19,97
TAE,2002,6,3,5,11.3,78.8,10.5,7.8,6.93,9.4,28.8,0,952.8,0,0,1,193,154,141,126,238,74,75,356,100,19,97
TAE,2002,6,3,6,13.1,76.7,11.5,9.1,7.6,10.9,32.4,0,952.4,21,0.8,1.9,349,305,208,159,428,126,109,346,88,19,97
TAE,2002,6,3,7,14.5,71.8,11.8,9.5,7.8,11.7,34.3,0,952.2,29,1.3,3.3,453,250,296,158,410,244,154,361,100,19,97
TAE,2002,6,3,8,15.8,67.9,12.1,9.9,8.01,12.4,36.2,0,951.6,25,1.4,3.3,266,8,260,151,157,146,146,365,100,19,97
TAE,2002,6,3,9,16.6,65.4,12.4,10.1,8.21,12.8,37.5,0,951.6,37,1.1,2.6,517,136,405,225,328,306,218,369,100,19,97
TAE,2002,6,3,10,18,63.1,13,10.9,8.62,13.8,39.9,0,951.4,52,1.1,3.3,715,375,383,203,388,457,199,363,88,19,97
TAE,2002,6,3,11,18.9,62.4,13.6,11.6,9.03,14.5,41.9,0,950.9,55,1.3,3.1,190,0,190,111,109,104,107,377,100,19,97
TAE,2002,6,3,12,19.2,63.9,14.3,12.2,9.5,14.9,43.4,0,950.9,24,1.2,3,418,37,386,222,219,237,236,380,100,19,97
TAE,2002,6,3,13,20.1,62.6,14.7,12.7,9.76,15.5,45,0,951.1,286,2.1,6.4,122,0,122,71,70,67,69,379,100,19,97
TAE,2002,6,3,14,19.7,63.5,14.5,12.6,9.63,15.3,44.2,0,951.2,252,2.9,7.3,83,0,83,49,48,46,47,379,100,19,97
TAE,2002,6,3,15,18.2,75.5,15.8,13.8,10.51,15.5,44.9,0.1,951,246,1.2,5.3,53,0,53,31,31,29,30,379,100,19,97
TAE,2002,6,3,16,17.5,81.5,16.2,14.3,10.78,15.5,44.9,0,950.6,231,1.4,6.5,34,0,34,20,19,19,19,378,100,19,97
TAE,2002,6,3,17,16.8,78.5,15,13,9.98,14.5,42.2,0,950.1,199,2.9,8.1,13,0,13,8,7,7,7,378,100,19,97
TAE,2002,6,3,18,16.4,78,14.6,12.6,9.71,14.1,41.1,1.2,950.2,307,0.7,3.2,17,0,17,10,10,9,9,377,100,19,97
TAE,2002,6,3,19,14.9,93.9,15.9,13.9,10.58,14.3,41.7,3.4,950.7,202,0.6,2.6,0,0,0,0,0,0,0,375,100,19,97
TAE,2002,6,3,20,14.7,94.8,15.8,13.9,10.51,14.2,41.4,0.3,950.5,153,0.7,2.6,0,0,0,0,0,0,0,373,100,19,97
TAE,2002,6,3,21,14.8,94.9,15.9,14,10.58,14.3,41.6,0,950.5,135,0.4,2.2,0,0,0,0,0,0,0,363,88,19,97
TAE,2002,6,3,22,14.9,93.8,15.9,13.9,10.58,14.3,41.7,0,950.5,315,0.5,2.9,0,0,0,0,0,0,0,348,68,19,97
TAE,2002,6,3,23,14.9,92.1,15.6,13.6,10.38,14.1,41.2,0,950.4,295,1.8,4.2,0,0,0,0,0,0,0,351,75,19,97
TAE,2002,6,4,0,14.2,95.7,15.5,13.5,10.31,13.8,40.3,0,950.5,346,0.7,2.1,0,0,0,0,0,0,0,352,80,19,97
TAE,2002,6,4,1,13.3,97.3,14.9,12.9,9.91,13.1,38.4,0,950.5,63,0.2,1.8,0,0,0,0,0,0,0,366,100,19,97
TAE,2002,6,4,2,13.2,97.9,14.8,12.9,9.84,13,38.1,0,950.3,45,0.1,1.3,0,0,0,0,0,0,0,366,100,19,97
TAE,2002,6,4,3,14,95.7,15.3,13.3,10.18,13.6,39.8,0,950.4,262,1.2,6.5,16,18,15,18,24,8,8,345,68,19,97
TAE,2002,6,4,4,14.1,95.7,15.4,13.4,10.25,13.7,40.1,0,950.2,346,0.7,3.7,112,348,54,178,361,29,29,322,33,19,97
TAE,2002,6,4,5,14.8,94.3,15.9,13.9,10.59,14.2,41.7,0,949.5,74,0.9,3.5,258,478,100,193,535,55,55,309,13,19,97
TAE,2002,6,4,6,16,92.8,16.9,14.8,11.27,15.2,44.6,0,949.6,350,1.8,3.6,428,615,131,128,678,112,74,300,0,19,97
TAE,2002,6,4,7,16.7,91.1,17.3,15.2,11.55,15.8,46,0,949.3,346,1.3,2.6,568,612,179,102,650,267,103,310,13,19,97
TAE,2002,6,4,8,18.6,82.9,17.8,15.6,11.89,16.7,48.9,0,948.7,17,1.5,3.6,758,843,125,94,694,400,97,302,0,19,97
TAE,2002,6,4,9,20.1,78,18.4,16.1,12.31,17.5,51.4,0,948.4,33,1.7,4,870,884,127,103,557,513,107,303,0,19,97
TAE,2002,6,4,10,22.1,68.8,18.3,16.1,12.25,18.2,53.4,0,947.7,36,2.4,5,929,882,141,111,373,581,115,304,0,19,97
TAE,2002,6,4,11,23.2,57.8,16.4,14.4,10.95,17.6,51.2,0,947.6,38,2.8,5.7,941,882,144,113,167,595,222,306,0,19,97
TAE,2002,6,4,12,23.9,50.3,14.9,12.9,9.94,17,49.3,0,946.9,38,2.4,5.2,774,507,331,171,170,503,454,352,50,19,97
TAE,2002,6,4,13,24.7,48.3,15,13.1,10.02,17.4,50.4,0,946.1,45,2.5,5.3,592,264,379,203,201,361,413,392,100,19,97
TAE,2002,6,4,14,24.5,48.3,14.9,12.9,9.96,17.2,50,0,945.4,54,2.4,5,360,61,318,183,180,200,236,391,100,19,97
TAE,2002,6,4,15,24.3,46.8,14.2,12.2,9.49,16.8,48.6,0,944.8,67,2.1,4.8,271,52,243,140,138,144,189,390,100,19,97
TAE,2002,6,4,16,23.6,51.7,15,13.1,10.04,17,49.3,0,944.4,104,1.1,2.8,125,5,123,73,71,68,74,389,100,19,97
TAE,2002,6,4,17,21.7,60.9,15.8,13.8,10.58,16.7,48.7,0,944.4,159,0.9,1.8,13,0,13,8,8,7,7,388,100,19,97
TAE,2002,6,4,18,20.3,69.9,16.6,14.6,11.13,16.7,48.7,0,943.9,211,0.6,1.8,21,0,21,12,12,12,12,377,88,19,97
TAE,2002,6,4,19,17.7,79.6,16,14.1,10.73,15.5,45,0,943.6,219,0.7,2.1,0,0,0,0,0,0,0,384,100,19,97
TAE,2002,6,4,20,17.6,77.6,15.6,13.6,10.46,15.1,44.2,0,942.9,220,0.7,1.7,0,0,0,0,0,0,0,372,88,19,97
TAE,2002,6,4,21,17.5,77.5,15.4,13.5,10.33,15,43.8,0,942.4,214,0.8,2.7,0,0,0,0,0,0,0,364,80,19,97
TAE,2002,6,4,22,15.9,84.3,15.2,13.3,10.21,14.3,41.8,0,941.2,211,0.7,2.1,0,0,0,0,0,0,0,367,88,19,97
TAE,2002,6,4,23,14.2,88.8,14.4,12.4,9.68,13.1,38.7,0,940.1,207,0.5,2.1,0,0,0,0,0,0,0,372,100,19,97
TAE,2002,6,5,0,14.2,89.2,14.4,12.4,9.68,13.1,38.7,0,939.6,180,0.3,2,0,0,0,0,0,0,0,371,100,20,97
TAE,2002,6,5,1,14.5,88.6,14.6,12.6,9.84,13.4,39.5,0,937.1,68,0.6,2.8,0,0,0,0,0,0,0,371,100,20,97
TAE,2002,6,5,2,14.6,88.2,14.7,12.7,9.91,13.5,39.7,0,937.2,180,0.4,2.9,0,0,0,0,0,0,0,372,100,20,97
TAE,2002,6,5,3,14.6,87.8,14.6,12.6,9.84,13.4,39.6,0,937.1,219,0.7,2.1,1,0,1,1,1,1,1,373,100,20,97
TAE,2002,6,5,4,15.4,82.1,14.3,12.4,9.65,13.6,39.9,0,935.9,96,1.3,4.5,8,0,8,5,5,4,4,373,100,20,97
TAE,2002,6,5,5,15.8,80.5,14.4,12.5,9.73,13.8,40.5,0,935.3,288,1,4.4,27,0,27,16,16,15,15,374,100,20,97
TAE,2002,6,5,6,21.6,44.7,11.2,9.1,7.54,14.3,40.9,0,934.8,138,2.7,10.4,53,0,53,31,30,29,30,375,100,20,97
TAE,2002,6,5,7,22.7,41.1,11.3,8.8,7.61,14.5,42.2,0,934.4,133,2.1,6,207,36,183,105,139,114,102,377,100,20,97
TAE,2002,6,5,8,19.9,68.1,15.9,13.8,10.77,16.1,47.3,0.1,934.1,228,1.4,3.9,625,456,287,155,537,360,153,370,88,20,97
TAE,2002,6,5,9,24.6,49.2,15.1,13.2,10.22,17.4,50.8,0,934.2,247,0.9,5.3,742,516,308,161,505,470,160,358,68,20,97
TAE,2002,6,5,10,26,47,15.7,13.8,10.61,18.2,53.2,0,935.7,262,4.3,10.8,766,456,358,185,401,504,183,365,75,20,97
TAE,2002,6,5,11,22.2,56.3,15.1,13.1,10.19,16.5,48.2,0,937,257,7,13.9,310,4,307,180,179,172,173,384,100,20,97
TAE,2002,6,5,12,21.6,55.2,14.3,12.2,9.64,15.8,46.2,0,937.4,263,4.9,10.6,711,391,367,194,193,456,415,368,75,20,97
TAE,2002,6,5,13,22.3,57.7,15.5,13.6,10.45,16.8,49,0,937.7,297,3.8,9.9,595,305,346,188,187,362,414,374,88,20,97
TAE,2002,6,5,14,19.8,66.6,15.4,13.4,10.37,15.8,46.2,0,939.1,265,5.5,13.1,174,1,173,102,100,96,99,380,100,20,97
TAE,2002,6,5,15,18.2,65.5,13.7,11.6,9.2,14.2,41.6,0,940.2,267,4.7,10.8,148,9,144,84,83,81,90,377,100,20,97
TAE,2002,6,5,16,16.3,69.6,12.9,10.7,8.64,13,38.3,0.2,941.1,253,3.8,11.6,172,30,160,101,92,88,121,375,100,20,97
TAE,2002,6,5,17,15.9,73.1,13.2,11.1,8.85,13.1,38.4,0,941.3,222,3,7.5,148,197,98,129,54,52,251,372,100,20,97
TAE,2002,6,5,18,15.1,75.9,13,10.9,8.71,12.6,37.2,0,941.8,231,3.3,8.4,42,94,31,62,17,17,105,362,88,20,97
TAE,2002,6,5,19,14.7,77.6,13,10.8,8.7,12.4,36.8,0,942.2,265,2.3,9,0,0,0,0,0,0,0,360,88,20,97
TAE,2002,6,5,20,14.2,79.5,12.8,10.7,8.57,12.2,35.9,0,942,210,0.9,2.7,0,0,0,0,0,0,0,365,100,20,97
TAE,2002,6,5,21,13.9,82.9,13.2,11,8.83,12.2,36.3,0.1,942.6,159,1,3.2,0,0,0,0,0,0,0,363,100,20,97
TAE,2002,6,5,22,13.3,90.8,13.8,11.8,9.24,12.4,36.7,0.2,942.6,189,0.8,2.2,0,0,0,0,0,0,0,361,100,20,97
TAE,2002,6,5,23,13,92.5,13.8,11.8,9.24,12.3,36.4,0,942.4,238,1,3,0,0,0,0,0,0,0,359,100,20,97
TAE,2002,6,6,0,13.1,90.2,13.6,11.5,9.11,12.2,36.2,0,941.9,162,0.8,2.7,0,0,0,0,0,0,0,358,100,20,97
TAE,2002,6,6,1,12.4,93.2,13.5,11.3,9.05,11.8,35.3,0.1,941.6,225,0.3,1.8,0,0,0,0,0,0,0,358,100,20,97
TAE,2002,6,6,2,12.1,93.6,13.2,11.1,8.85,11.5,34.5,0,941.2,225,0.7,2.9,0,0,0,0,0,0,0,358,100,20,97
TAE,2002,6,6,3,11.5,94.5,12.8,10.6,8.58,11,33.2,0,941.1,117,0.4,1.6,1,0,1,1,1,1,1,358,100,20,97
TAE,2002,6,6,4,11.8,94,13,10.9,8.72,11.3,33.9,0,940.4,90,0.2,1.3,9,0,9,5,5,5,5,359,100,20,97
TAE,2002,6,6,5,12.8,91.1,13.4,11.4,8.99,12,35.6,0,940.2,61,0.6,2.1,180,158,123,116,232,66,67,359,100,20,97
TAE,2002,6,6,6,13.7,88.1,13.8,11.8,9.27,12.6,37.2,0,939.9,32,1,2.8,213,46,189,118,156,103,105,360,100,20,97
TAE,2002,6,6,7,14.5,84.1,13.9,11.8,9.34,12.9,38.2,0,940,21,1.6,3.9,264,66,220,125,190,146,121,362,100,20,97
TAE,2002,6,6,8,15.5,78.9,13.9,11.9,9.34,13.4,39.2,0,939.4,43,2.4,6.2,457,128,359,202,314,265,195,365,100,20,97
TAE,2002,6,6,9,16.1,76.7,14,12,9.42,13.6,40,0,938.8,41,2.3,6.5,499,118,399,224,306,297,217,368,100,20,97
TAE,2002,6,6,10,17.5,67.6,13.5,11.4,9.08,13.9,40.6,0,938.4,35,2.2,5.2,723,357,403,211,393,469,207,354,75,20,97
TAE,2002,6,6,11,19.1,60.7,13.4,11.3,9.01,14.4,42.1,0,938,45,2.1,5.6,749,389,397,206,271,491,288,356,75,20,97
TAE,2002,6,6,12,19.3,57.6,12.9,10.7,8.68,14.2,41.4,0,937.7,56,1.6,5,403,28,379,221,218,228,231,376,100,20,97
TAE,2002,6,6,13,19.4,57,12.8,10.7,8.61,14.2,41.4,0,937.4,68,1.8,4.9,665,413,332,174,173,410,490,357,75,20,97
TAE,2002,6,6,14,20.2,51.4,12.1,9.9,8.14,14.1,41,0,936.6,45,1.2,4,602,506,249,131,131,331,582,345,60,20,97
TAE,2002,6,6,15,21.4,49.5,12.6,10.4,8.49,14.8,43.1,0,935.9,51,1.4,4.6,391,246,250,136,135,196,385,364,88,20,97
TAE,2002,6,6,16,20.4,57.6,13.4,11.8,9.02,15.2,43.4,10.9,937,25,3.1,13.2,121,60,99,75,56,54,118,371,100,20,97
TAE,2002,6,6,17,12.4,89.2,12.8,10.7,8.61,11.4,34.2,13.3,937.3,124,1.9,11.4,127,119,100,105,56,54,174,370,100,20,97
TAE,2002,6,6,18,13.5,88.7,13.7,11.7,9.22,12.4,36.9,0.1,938.1,264,2,7.9,57,134,40,87,22,22,147,369,100,20,97
TAE,2002,6,6,19,13.1,87.7,13.2,11.1,8.88,11.9,35.6,0,938.2,277,1.7,4.5,0,0,0,0,0,0,0,367,100,20,97
TAE,2002,6,6,20,12.9,85.3,12.7,10.5,8.53,11.5,34.5,0,938.8,261,1.9,4.5,0,0,0,0,0,0,0,365,100,20,97
TAE,2002,6,6,21,13.4,85.2,13.1,11,8.8,12,35.7,0,939.1,202,2.9,6.7,0,0,0,0,0,0,0,363,100,20,97
TAE,2002,6,6,22,13.7,85.6,13.4,11.3,9,12.3,36.5,0,939.9,206,2.8,7.6,0,0,0,0,0,0,0,361,100,20,97
TAE,2002,6,6,23,13.4,85.3,13.1,11,8.79,12,35.7,0,939.8,208,2.7,7.6,0,0,0,0,0,0,0,359,100,20,97
TAE,2002,6,7,0,12.7,86.1,12.6,10.4,8.45,11.4,34.1,0,940,210,4.8,10.2,0,0,0,0,0,0,0,358,100,20,97
TAE,2002,6,7,1,12.2,89.2,12.7,10.5,8.52,11.2,33.8,0.5,940.1,208,5,9.7,0,0,0,0,0,0,0,357,100,20,97
TAE,2002,6,7,2,12.4,91.5,13.2,11.1,8.85,11.6,34.8,0.8,940.5,233,2.8,7.5,0,0,0,0,0,0,0,356,100,20,97
TAE,2002,6,7,3,12.7,91.3,13.4,11.3,8.98,11.9,35.4,0.2,941.2,249,3,7.7,1,0,1,1,1,1,1,356,100,20,97
TAE,2002,6,7,4,12.6,91.6,13.3,11.3,8.91,11.8,35.1,0.5,942,257,3.9,8.6,8,0,8,5,4,4,4,355,100,20,97
TAE,2002,6,7,5,12,91.6,12.8,10.7,8.56,11.3,33.7,0.4,942.8,249,4.1,8.6,57,0,57,34,34,32,32,355,100,20,97
TAE,2002,6,7,6,11.9,91.6,12.7,10.6,8.48,11.2,33.4,2.1,943.8,248,4.2,9.2,56,0,56,33,33,31,32,354,100,20,97
TAE,2002,6,7,7,11.7,91,12.5,10.3,8.34,10.9,32.8,1.8,944.8,247,4.7,11.2,95,0,95,56,55,52,54,355,100,20,97
TAE,2002,6,7,8,11.7,90.4,12.4,10.2,8.26,10.9,32.6,1,945.6,244,4.4,11.7,125,0,125,74,73,69,71,355,100,20,97
TAE,2002,6,7,9,11.7,89.8,12.3,10.1,8.19,10.8,32.4,0.1,946.3,241,4.1,12.1,124,0,124,73,72,68,70,355,100,20,97
TAE,2002,6,7,10,11.9,87.7,12.2,9.9,8.12,10.8,32.4,0,946.6,230,3.3,8.2,164,0,164,96,95,90,92,355,100,20,97
TAE,2002,6,7,11,13,83.8,12.5,10.3,8.32,11.5,34.1,0,947,214,3.4,8.5,393,16,379,222,221,220,217,356,100,20,97
TAE,2002,6,7,12,13.3,80.2,12.3,10,8.18,11.4,34,0,947.2,231,2.7,7.9,262,7,256,150,148,146,149,356,100,20,97
TAE,2002,6,7,13,13.6,77.5,12.1,9.7,8.05,11.4,34,0,947.1,233,2.5,7,300,49,262,150,148,171,188,357,100,20,97
TAE,2002,6,7,14,15.2,69.1,11.9,9.6,7.92,12,35.3,0,946.7,241,2.7,7.2,531,313,312,166,164,302,458,349,88,20,97
TAE,2002,6,7,15,15.5,65.9,11.6,9.2,7.72,11.9,35.1,0,946.4,256,3,6.8,386,233,257,140,139,191,379,358,100,20,97
TAE,2002,6,7,16,15.9,66.1,11.9,9.6,7.92,12.3,36,0,946.5,265,2.4,5.8,299,323,166,174,89,86,424,341,75,20,97
TAE,2002,6,7,17,15.6,65.8,11.6,9.2,7.72,12,35.2,0,946.8,285,1.6,5.4,171,304,94,165,51,49,354,341,75,20,97
TAE,2002,6,7,18,14.4,72.4,11.9,9.5,7.91,11.6,34.5,0,947.1,264,0.9,2.4,54,123,41,84,23,22,135,335,68,20,97
TAE,2002,6,7,19,12.1,84.9,12,9.6,7.98,10.7,32.3,0,947.4,246,1.2,2.4,0,0,0,0,0,0,0,326,55,20,97
TAE,2002,6,7,20,11.4,86.1,11.6,9.2,7.71,10.2,30.9,0,947.4,180,0.4,1.9,0,0,0,0,0,0,0,348,88,20,97
TAE,2002,6,7,21,12,84.1,11.8,9.4,7.84,10.6,31.8,0,947.9,135,0.1,1.2,0,0,0,0,0,0,0,355,100,20,97
TAE,2002,6,7,22,11.9,88.6,12.3,10.1,8.18,10.9,32.6,0,947.9,153,0.5,1.2,0,0,0,0,0,0,0,354,100,20,97
TAE,2002,6,7,23,11.8,89.1,12.4,10.1,8.24,10.8,32.7,0,947.9,214,0.5,2,0,0,0,0,0,0,0,353,100,20,97
TAE,2002,6,8,0,11.7,90.5,12.4,10.2,8.25,10.9,32.6,0,947.6,107,0.3,1,0,0,0,0,0,0,0,344,88,20,97
TAE,2002,6,8,1,11.5,91.9,12.4,10.2,8.25,10.8,32.4,0,947.3,0,0,0,0,0,0,0,0,0,0,322,55,20,97
TAE,2002,6,8,2,9.9,94.5,11.5,9.1,7.65,9.5,29.2,0,947.1,0,0,0,0,0,0,0,0,0,0,323,55,20,97
TAE,2002,6,8,3,9.1,94.5,11,8.3,7.31,8.7,27.5,0,947.1,198,0.3,1.3,1,0,1,1,1,1,1,345,88,20,97
TAE,2002,6,8,4,9.9,93.6,11.4,8.9,7.58,9.4,29,0,947.2,180,0.2,1,69,84,52,65,112,28,29,346,88,20,97
TAE,2002,6,8,5,11.4,90.6,12.2,9.9,8.12,10.6,31.9,0,947.3,135,0.2,1.2,148,81,119,93,151,64,65,355,100,20,97
TAE,2002,6,8,6,12.8,84.3,12.5,10.2,8.32,11.3,33.9,0,947.4,360,0.2,1.3,226,44,204,127,163,111,114,355,100,20,97
TAE,2002,6,8,7,14.5,75.6,12.5,10.2,8.32,12,35.6,0,947.5,27,0.9,2.8,364,107,298,169,276,197,164,357,100,20,97
TAE,2002,6,8,8,15.5,68.6,12.1,9.8,8.05,12.2,35.9,0,947.5,27,1.6,3.6,509,190,367,202,374,296,196,360,100,20,97
TAE,2002,6,8,9,16,67,12.2,9.9,8.12,12.5,36.6,0,947.2,27,1.5,4.1,507,122,406,229,321,299,221,362,100,20,97
TAE,2002,6,8,10,16.3,63,11.7,9.2,7.78,12.3,36.1,0,946.9,59,1.2,4,340,7,334,196,197,189,188,364,100,20,97
TAE,2002,6,8,11,16.4,61.7,11.5,9,7.65,12.2,35.8,0,946.7,76,0.8,3.4,367,12,357,209,209,205,202,366,100,20,97
TAE,2002,6,8,12,16.8,58.5,11.2,8.6,7.45,12.2,35.7,0,946.7,27,0.8,2.6,179,0,179,105,104,99,101,367,100,20,97
TAE,2002,6,8,13,16.8,64.4,12.3,10.1,8.19,12.9,37.6,0,946.5,135,0.9,2.6,279,10,270,158,156,155,161,367,100,20,97
TAE,2002,6,8,14,16.8,66.8,12.8,10.6,8.53,13.2,38.5,0,946.4,118,1.5,4.2,304,23,287,168,166,169,183,366,100,20,97
TAE,2002,6,8,15,16.9,59.8,11.5,9,7.65,12.4,36.4,0,946.3,129,1.3,3.4,333,130,262,165,146,154,278,366,100,20,97
TAE,2002,6,8,16,17,58.2,11.3,8.7,7.52,12.3,36.1,0,946.3,45,1.4,2.9,240,137,182,140,101,97,244,365,100,20,97
TAE,2002,6,8,17,16.9,64.6,12.4,10.2,8.26,13,37.9,0,946.4,60,1.4,3.5,89,35,79,59,45,43,80,365,100,20,97
TAE,2002,6,8,18,16.3,71.2,13.2,11.1,8.8,13.2,38.7,0,946.4,63,1.6,3.2,40,67,33,52,19,18,80,364,100,20,97
TAE,2002,6,8,19,15.2,75.4,13,10.9,8.66,12.7,37.2,0,946.8,56,1.4,4.9,0,0,0,0,0,0,0,363,100,20,97
TAE,2002,6,8,20,14.4,82.7,13.6,11.5,9.06,12.7,37.4,0,947.2,49,1.1,2.7,0,0,0,0,0,0,0,361,100,20,97
TAE,2002,6,8,21,14.1,86.2,13.9,11.8,9.26,12.7,37.6,0,947.2,58,1.3,2.5,0,0,0,0,0,0,0,360,100,20,97
TAE,2002,6,8,22,13.6,90.8,14.1,12.1,9.4,12.7,37.4,0,947.1,63,0.4,2.2,0,0,0,0,0,0,0,359,100,20,97
TAE,2002,6,8,23,13.1,94.1,14.2,12.2,9.47,12.6,37.1,0,947,0,0,1,0,0,0,0,0,0,0,357,100,20,97
TAE,2002,6,9,0,12.9,95.6,14.2,12.2,9.47,12.5,36.9,0.2,946.7,0,0,1,0,0,0,0,0,0,0,356,100,20,97
TAE,2002,6,9,1,12.6,96.2,14.1,12,9.41,12.2,36.4,0,946.6,45,0.3,1.7,0,0,0,0,0,0,0,356,100,20,97
TAE,2002,6,9,2,12.7,93.8,13.7,11.7,9.13,12.1,35.8,0,946.7,63,0.5,1.9,0,0,0,0,0,0,0,357,100,20,97
TAE,2002,6,9,3,12.5,94.7,13.7,11.7,9.13,12,35.6,0,946.7,360,0.3,1.1,1,0,1,1,1,1,1,357,100,20,97
TAE,2002,6,9,4,12.6,94.2,13.7,11.7,9.13,12.1,35.7,0,946.9,27,0.3,1.7,44,19,40,31,42,22,23,357,100,20,97
TAE,2002,6,9,5,12.7,92.5,13.6,11.5,9.06,12,35.6,0,947.2,21,0.9,1.8,115,36,104,74,97,57,59,357,100,20,97
TAE,2002,6,9,6,13.1,91.2,13.7,11.7,9.13,12.3,36.2,0,947.4,32,1.3,2.8,237,71,204,135,191,111,114,358,100,20,97
TAE,2002,6,9,7,13.4,86,13.2,11.1,8.79,12.1,35.7,0,947.7,45,1.4,3.6,186,4,184,108,111,103,104,359,100,20,97
TAE,2002,6,9,8,13.8,83,13.1,11,8.72,12.2,35.9,0,947.7,45,1.3,3.2,169,0,169,100,98,94,96,361,100,20,97
TAE,2002,6,9,9,14,79.1,12.7,10.4,8.45,11.9,35.4,0,947.7,56,1,3,272,5,268,158,159,151,152,363,100,20,97
TAE,2002,6,9,10,14.6,76.6,12.7,10.5,8.45,12.2,36,0,948,356,1.4,3.6,424,54,376,216,240,247,209,365,100,20,97
TAE,2002,6,9,11,15.9,71.2,12.9,10.7,8.58,12.9,37.7,0,947.7,326,1.8,6,474,52,426,246,255,273,247,367,100,20,97
TAE,2002,6,9,12,16.2,71.9,13.2,11.1,8.79,13.2,38.5,0,947.5,323,2.5,5.9,330,5,325,191,189,183,187,368,100,20,97
TAE,2002,6,9,13,16.6,71.7,13.5,11.5,8.99,13.6,39.5,0,947.4,313,2.6,5.2,256,3,254,149,147,142,146,367,100,20,97
TAE,2002,6,9,14,17.4,67.4,13.4,11.3,8.93,13.8,40.1,0,947,300,3.1,6.5,423,140,327,184,182,236,315,358,88,20,97
TAE,2002,6,9,15,17.8,66.2,13.5,11.4,8.99,14,40.7,0,947.3,298,4.1,7.7,336,132,260,153,144,169,278,357,88,20,97
TAE,2002,6,9,16,16.5,69.5,13.1,10.9,8.72,13.2,38.7,0,947.4,291,2.5,5.6,71,0,71,42,41,39,40,364,100,20,97
TAE,2002,6,9,17,14.3,85.2,13.9,11.8,9.26,12.8,37.8,0.8,947.8,264,2.8,5.7,14,0,14,8,8,8,8,364,100,20,97
TAE,2002,6,9,18,14.1,86.4,13.9,11.9,9.25,12.8,37.6,0,948.1,259,1.6,3.5,24,6,23,17,14,13,19,363,100,20,97
TAE,2002,6,9,19,13.5,88.3,13.7,11.6,9.12,12.4,36.6,0,948.4,225,0.6,2.7,0,0,0,0,0,0,0,362,100,20,97
TAE,2002,6,9,20,13.4,90.7,13.9,11.9,9.25,12.5,36.8,0,948.9,252,0.9,2.3,0,0,0,0,0,0,0,361,100,20,97
TAE,2002,6,9,21,13.2,90.8,13.8,11.7,9.18,12.3,36.4,0.3,948.9,246,1,2.5,0,0,0,0,0,0,0,359,100,20,97
TAE,2002,6,9,22,13,90.2,13.5,11.4,8.98,12.1,35.7,0.2,948.8,253,1.1,2.6,0,0,0,0,0,0,0,358,100,20,97
TAE,2002,6,9,23,13.1,89.3,13.5,11.4,8.98,12.1,35.8,0.1,948.9,270,1.6,6.6,0,0,0,0,0,0,0,357,100,20,97
TAE,2002,6,10,0,12.9,90.2,13.4,11.3,8.91,12,35.5,0.7,948.7,266,3.1,6.8,0,0,0,0,0,0,0,356,100,19,97
TAE,2002,6,10,1,12.6,90.6,13.2,11.1,8.77,11.7,34.8,1.2,948.9,272,2.7,7,0,0,0,0,0,0,0,355,100,19,97
TAE,2002,6,10,2,12.2,91.7,13,10.9,8.64,11.5,34.1,2.4,949.3,263,3.9,8.7,0,0,0,0,0,0,0,353,100,19,97
TAE,2002,6,10,3,11.6,90.3,12.3,10.1,8.16,10.8,32.2,1.9,949.8,264,3.9,9.9,1,0,1,1,1,1,1,352,100,19,97
TAE,2002,6,10,4,11.1,91.3,12.1,9.7,8.02,10.3,31.4,1.6,950.6,256,3.3,8.1,11,0,11,7,7,6,6,351,100,19,97
TAE,2002,6,10,5,11.2,88.9,11.8,9.4,7.81,10.2,31,0.3,951.2,252,2.7,9,83,6,82,50,53,45,46,349,100,19,97
TAE,2002,6,10,6,11.1,89,11.8,9.4,7.81,10.2,30.8,0.4,951.7,259,3.3,7.7,61,0,61,36,35,34,34,348,100,19,97
TAE,2002,6,10,7,11.6,71.9,9.8,6.7,6.47,9,28,0,952.4,260,3.9,8.9,447,241,294,157,399,238,153,341,88,19,97
TAE,2002,6,10,8,12.1,80.4,11.3,8.8,7.46,10.3,31,0,953,253,4.2,11.4,501,173,370,202,357,289,196,351,100,19,97
TAE,2002,6,10,9,12.7,74,10.8,8.2,7.13,10.2,30.8,0,953.3,263,4.9,11.4,573,245,371,202,381,343,197,344,88,19,97
TAE,2002,6,10,10,12.5,70.8,10.3,7.3,6.79,9.7,29.7,0,953.9,263,4.2,11.1,375,14,362,210,214,208,202,355,100,19,97
TAE,2002,6,10,11,13.2,64.1,9.7,6.6,6.39,9.7,29.4,0,954,267,3.7,8.8,392,14,379,220,221,218,214,356,100,19,97
TAE,2002,6,10,12,13.8,61,9.6,6.4,6.32,9.9,29.8,0,954.3,254,3.8,10.1,488,75,422,240,237,281,283,357,100,19,97
TAE,2002,6,10,13,14.6,54.9,9.1,5.6,5.99,9.9,29.8,0,954.5,248,3.8,8.5,506,149,389,215,213,294,336,345,88,19,97
TAE,2002,6,10,14,15,54.1,9.2,5.8,6.05,10.1,30.4,0,954.5,242,3.7,9.7,428,124,339,189,187,240,301,354,100,19,97
TAE,2002,6,10,15,14.3,58.2,9.5,6.2,6.25,10,30.2,0,954.7,252,2.8,7.2,333,109,271,161,150,165,261,353,100,19,97
TAE,2002,6,10,16,14.5,58.6,9.7,6.5,6.38,10.2,30.7,0,954.8,244,2.8,6.7,226,91,188,132,105,101,199,352,100,19,97
TAE,2002,6,10,17,14.2,58.6,9.5,6.2,6.25,10,30.1,0,955.4,258,2.5,6.3,162,221,106,144,57,55,278,329,75,19,97
TAE,2002,6,10,18,13.1,63.7,9.6,6.4,6.31,9.6,29.1,0,956.1,285,2.4,5.6,54,123,42,85,23,22,135,311,55,19,97
TAE,2002,6,10,19,11.1,74.6,9.8,6.8,6.44,8.8,27.4,0,956.4,276,1,4,0,0,0,0,0,0,0,302,45,19,97
TAE,2002,6,10,20,10.4,77.9,9.9,6.7,6.5,8.5,26.8,0,957,270,0.8,1.6,0,0,0,0,0,0,0,320,68,19,97
TAE,2002,6,10,21,10.2,79.3,9.9,6.8,6.5,8.4,26.6,0,956.9,255,1.6,2.9,0,0,0,0,0,0,0,309,55,19,97
TAE,2002,6,10,22,9.5,82.7,9.8,6.7,6.44,8,25.8,0,956.8,257,1.3,2.6,0,0,0,0,0,0,0,312,60,19,97
TAE,2002,6,10,23,8.4,88.8,9.8,6.7,6.44,7.5,24.6,0,956.6,246,1,2.2,0,0,0,0,0,0,0,285,25,19,97
TAE,2002,6,11,0,7.4,91.7,9.5,6.1,6.24,6.7,23.1,0,956.6,219,0.6,2.1,0,0,0,0,0,0,0,300,45,17,97
TAE,2002,6,11,1,6.7,94.3,9.3,5.8,6.11,6.3,22.1,0,956.4,207,0.2,1.8,0,0,0,0,0,0,0,277,13,17,97
TAE,2002,6,11,2,5.8,95.8,8.8,5.2,5.78,5.5,20.3,0,956.6,0,0,1.4,0,0,0,0,0,0,0,268,0,17,97
TAE,2002,6,11,3,5.8,95.6,8.8,5.2,5.78,5.5,20.3,0,956.6,360,0.2,1.5,18,36,16,29,40,8,9,278,13,17,97
TAE,2002,6,11,4,6.6,94.3,9.2,5.8,6.04,6.2,21.8,0,956.6,162,0.5,2.5,116,344,57,181,357,29,29,270,0,17,97
TAE,2002,6,11,5,11.1,78.4,10.3,7.5,6.77,9.2,28.2,0,956.5,200,1.1,5,279,586,86,218,626,46,46,271,0,17,97
TAE,2002,6,11,6,13.1,66.3,10,7,6.57,9.8,29.8,0,957,204,3,6.1,455,725,103,158,753,61,61,271,0,17,97
TAE,2002,6,11,7,14.2,62.7,10.1,7.2,6.64,10.4,31,0,956.9,199,2.8,6.4,616,777,126,76,753,243,77,273,0,17,97
TAE,2002,6,11,8,15.2,57.7,10,6.9,6.57,10.7,31.9,0,956.6,212,2.7,6.6,671,535,268,131,576,378,130,306,40,17,97
TAE,2002,6,11,9,16.2,53.2,9.8,6.7,6.44,11,32.6,0,956.6,235,3.3,6.7,748,508,320,156,500,460,154,322,58,17,97
TAE,2002,6,11,10,17.1,53.1,10.3,7.5,6.77,11.8,34.3,0,956.5,223,2.4,6.8,613,178,453,241,338,367,234,359,100,17,97
TAE,2002,6,11,11,17.6,50.3,10.1,7.2,6.64,11.8,34.5,0,956.4,250,2.9,7,718,324,425,214,266,452,291,342,75,17,97
TAE,2002,6,11,12,18.5,49.1,10.4,7.6,6.84,12.4,35.9,0,956.2,262,3.1,8.6,763,467,352,172,171,481,438,327,55,17,97
TAE,2002,6,11,13,19,48.6,10.7,7.9,7.04,12.7,37,0,956.2,259,3.3,8.2,620,308,370,189,187,369,428,333,63,17,97
TAE,2002,6,11,14,18.8,50.4,11,8.3,7.23,12.8,37.3,0,956.7,268,3.2,8.2,305,22,289,165,162,165,179,364,100,17,97
TAE,2002,6,11,15,18.2,57.5,12,9.7,7.9,13.3,38.3,0,956.9,308,4,8.4,356,153,270,163,144,161,301,364,100,17,97
TAE,2002,6,11,16,18,59.2,12.2,9.9,8.03,13.3,38.4,0,957.3,305,3.8,7.8,275,225,184,162,96,93,330,337,68,17,97
TAE,2002,6,11,17,16.2,63.4,11.7,9.2,7.69,12.2,35.8,0,957.8,301,3.7,8.2,166,249,99,144,52,50,301,337,68,17,97
TAE,2002,6,11,18,15.4,64.4,11.3,8.7,7.42,11.6,34.3,0,958.5,283,1.8,5.4,38,84,27,55,15,14,93,353,88,17,97
TAE,2002,6,11,19,14.6,68.5,11.4,8.9,7.48,11.4,33.6,0,959,249,0.9,2.9,0,0,0,0,0,0,0,350,88,17,97
TAE,2002,6,11,20,13,75.9,11.3,8.9,7.41,10.7,31.8,0,959.5,250,1.5,2.5,0,0,0,0,0,0,0,348,88,17,97
TAE,2002,6,11,21,13,73.2,11,8.3,7.21,10.4,31.3,0,959.6,255,1.2,2.4,0,0,0,0,0,0,0,337,75,17,97
TAE,2002,6,11,22,12.4,75.4,10.8,8.2,7.08,10.1,30.3,0,959.6,246,1.3,2.2,0,0,0,0,0,0,0,323,60,17,97
TAE,2002,6,11,23,11.1,80.4,10.6,7.9,6.95,9.4,28.7,0,959.5,234,1.4,3,0,0,0,0,0,0,0,311,45,17,97
TAE,2002,6,12,0,9.9,85.9,10.5,7.7,6.88,8.7,27.3,0,959.2,212,1,2.4,0,0,0,0,0,0,0,278,0,18,97
TAE,2002,6,12,1,8.9,89.4,10.2,7.3,6.69,8.1,25.8,0,958.9,204,1.1,2.3,0,0,0,0,0,0,0,280,0,18,97
TAE,2002,6,12,2,8.4,89.5,9.9,6.8,6.49,7.6,24.8,0,958.7,172,0.8,2,0,0,0,0,0,0,0,282,0,18,97
TAE,2002,6,12,3,7.7,91.8,9.7,6.5,6.36,7.1,23.7,0,958.8,239,0.6,2.3,16,30,15,25,34,8,8,298,20,18,97
TAE,2002,6,12,4,8.4,90.9,10,7,6.55,7.7,24.9,0,958.9,141,0.7,2.1,115,343,57,182,356,29,30,320,50,18,97
TAE,2002,6,12,5,11.1,81.4,10.8,8,7.09,9.4,29,0,958.7,108,0.5,1.9,253,433,112,196,495,57,57,314,40,18,97
TAE,2002,6,12,6,13.1,76.1,11.4,9,7.48,10.8,32.1,0,959.1,18,0.7,1.8,404,495,164,177,582,83,84,316,40,18,97
TAE,2002,6,12,7,15.8,67.5,12.1,9.8,7.95,12.4,36,0,959.2,360,1.3,3.6,616,794,114,76,760,239,78,291,0,18,97
TAE,2002,6,12,8,17.7,60.4,12.2,9.9,8.02,13.2,38.1,0,958.7,236,1.6,4.7,681,576,248,126,595,382,126,311,25,18,97
TAE,2002,6,12,9,19.2,52.3,11.7,9.2,7.69,13.4,38.8,0,958.6,245,2.2,5.2,871,880,128,97,553,494,101,294,0,18,97
TAE,2002,6,12,10,20.2,49,11.6,9.2,7.62,13.8,39.7,0,958.4,236,2.4,5.8,932,886,137,104,370,561,107,296,0,18,97
TAE,2002,6,12,11,21.3,44.6,11.4,8.8,7.49,14,40.5,0,957.9,249,2,8.6,945,883,142,106,161,577,212,297,0,18,97
TAE,2002,6,12,12,22.2,45.1,12,9.7,7.89,14.8,42.4,0,957.5,267,1.9,5.3,905,865,146,104,105,538,461,302,0,18,97
TAE,2002,6,12,13,23.3,42.9,12.3,10,8.1,15.3,44,0,957.3,246,2.2,5.5,774,696,209,118,119,444,576,313,13,18,97
TAE,2002,6,12,14,23.8,43,12.7,10.5,8.37,15.7,45.2,0,956.7,239,2.2,6,611,513,250,126,126,326,584,340,45,18,97
TAE,2002,6,12,15,24.1,39.1,11.7,9.3,7.7,15.3,43.9,0,956.4,234,2.3,6.1,516,638,150,122,83,151,681,321,20,18,97
TAE,2002,6,12,16,23.9,40.9,12.1,9.8,7.97,15.4,44.3,0,956.3,223,2,6.7,293,289,169,162,89,86,387,370,80,18,97
TAE,2002,6,12,17,23.1,47.2,13.3,11.2,8.77,15.8,45.5,0,956.4,212,1.5,4.2,158,215,104,141,56,54,270,377,88,18,97
TAE,2002,6,12,18,22,52.2,13.7,11.8,9.04,15.7,45.1,0,956.8,253,1.1,2.7,58,186,36,111,19,19,190,340,40,18,97
TAE,2002,6,12,19,18.8,63.7,13.8,11.8,9.1,14.6,42,0,957.3,248,1.1,2.8,0,0,0,0,0,0,0,359,68,18,97
TAE,2002,6,12,20,18.6,59.9,12.8,10.7,8.42,13.9,40.1,0,957.8,252,1.9,3.2,0,0,0,0,0,0,0,347,55,18,97
TAE,2002,6,12,21,16.4,74.9,13.9,11.9,9.16,13.7,39.7,0,957.7,234,1.5,2.5,0,0,0,0,0,0,0,321,20,18,97
TAE,2002,6,12,22,15,83,14.1,12.1,9.29,13.3,38.6,0,957.7,225,0.9,2.2,0,0,0,0,0,0,0,334,43,18,97
TAE,2002,6,12,23,14.1,86.5,13.9,11.9,9.16,12.8,37.3,0,957.8,228,1.2,2.3,0,0,0,0,0,0,0,354,75,18,97
TAE,2002,6,13,0,13.7,89.2,13.9,12,9.16,12.7,36.9,0,957.6,222,1.3,2.9,0,0,0,0,0,0,0,325,33,19,97
TAE,2002,6,13,1,13.3,89.2,13.6,11.6,8.96,12.3,36,0,957.5,198,0.5,1.9,0,0,0,0,0,0,0,369,100,19,97
TAE,2002,6,13,2,13,89.5,13.4,11.3,8.83,12,35.4,0,957.6,172,0.7,1.9,0,0,0,0,0,0,0,370,100,19,97
TAE,2002,6,13,3,13,89.7,13.4,11.3,8.83,12,35.3,0,957.8,203,0.8,2,10,21,9,17,23,5,5,371,100,19,97
TAE,2002,6,13,4,13.8,87.1,13.7,11.7,9.02,12.6,36.7,0,958.1,236,0.7,2,105,250,60,143,272,32,32,359,80,19,97
TAE,2002,6,13,5,16.6,76.6,14.3,12.5,9.42,14.1,40.5,0,958.4,270,0.7,3,251,427,107,187,485,57,57,317,13,19,97
TAE,2002,6,13,6,19.6,60.3,13.8,11.7,9.08,14.8,42.8,0,958.8,257,3.2,6.9,423,593,131,163,650,74,74,317,13,19,97
TAE,2002,6,13,7,20.2,60.3,14.3,12.3,9.42,15.4,44.2,0,958.9,245,4,8.9,579,667,162,93,692,244,94,324,20,19,97
TAE,2002,6,13,8,20.6,61.3,14.9,12.9,9.82,15.8,45.6,0,958.8,263,4.1,8.1,652,499,275,140,558,372,139,358,68,19,97
TAE,2002,6,13,9,21.7,60.8,15.8,13.8,10.42,16.7,48.3,0,958.6,235,3.5,7.6,742,507,313,159,498,460,158,361,68,19,97
TAE,2002,6,13,10,22.9,55.5,15.5,13.5,10.23,17,49,0,958,245,3.8,9.1,800,524,330,167,409,515,166,363,68,19,97
TAE,2002,6,13,11,23.6,52.5,15.3,13.3,10.1,17.1,49.4,0,957.7,249,5.1,10.8,795,484,355,179,251,517,276,373,75,19,97
TAE,2002,6,13,12,24.6,50.2,15.5,13.6,10.23,17.6,50.8,0,957.7,256,4.3,10.8,770,491,338,171,170,491,447,366,63,19,97
TAE,2002,6,13,13,25.1,49.6,15.8,13.8,10.44,17.9,51.8,0,957.5,263,3.8,9.1,674,421,333,169,169,409,493,375,75,19,97
TAE,2002,6,13,14,25.5,50.8,16.6,14.6,10.97,18.4,53.6,0,957.4,282,3.6,8.2,608,504,253,129,129,327,580,359,55,19,97
TAE,2002,6,13,15,25.5,51.6,16.8,14.8,11.11,18.5,54,0,957.2,284,3.3,7.5,508,613,163,125,89,154,673,324,13,19,97
TAE,2002,6,13,16,25.2,50.5,16.1,14.2,10.64,18.1,52.5,0,957.1,263,3.2,7.3,368,635,102,194,59,59,684,313,0,19,97
TAE,2002,6,13,17,24.2,49.7,15,13,9.9,17.1,49.5,0,957.3,266,2.7,7.4,196,445,83,211,44,44,481,339,33,19,97
TAE,2002,6,13,18,22.2,56.6,15,13.2,9.9,16.6,47.5,0,957.7,263,1.9,4.9,53,145,37,92,20,19,153,373,75,19,97
TAE,2002,6,13,19,20.2,63.4,15,13,9.89,15.7,45.4,0,958.1,259,1.1,2.4,0,0,0,0,0,0,0,379,88,19,97
TAE,2002,6,13,20,17.9,72.1,14.8,12.8,9.75,14.8,42.7,0,958.5,180,0.4,1.7,0,0,0,0,0,0,0,386,100,19,97
TAE,2002,6,13,21,18.9,64.4,14.1,12,9.29,14.7,42.6,0,958.6,264,1,2.4,0,0,0,0,0,0,0,363,75,19,97
TAE,2002,6,13,22,17.9,69.4,14.2,12.2,9.35,14.4,41.7,0,958.8,270,0.9,2.2,0,0,0,0,0,0,0,329,33,19,97
TAE,2002,6,13,23,16.4,75.8,14.1,12.1,9.28,13.8,40,0,958.7,243,0.7,2.3,0,0,0,0,0,0,0,303,0,19,97
TAE,2002,6,14,0,14.8,84.1,14.1,12.1,9.29,13.2,38.4,0,958.4,0,0.1,1.3,0,0,0,0,0,0,0,301,0,18,97
TAE,2002,6,14,1,14.4,86.3,14.1,12.1,9.29,13,38,0,958.3,135,0.1,1.2,0,0,0,0,0,0,0,301,0,18,97
TAE,2002,6,14,2,13.7,89.2,14,12,9.22,12.7,37.1,0,958.3,135,0.7,1.6,0,0,0,0,0,0,0,301,0,18,97
TAE,2002,6,14,3,12.7,92.8,13.6,11.6,8.95,12.1,35.4,0,958.3,146,0.5,1.6,10,31,9,22,32,5,5,300,0,18,97
TAE,2002,6,14,4,12.6,93.7,13.6,11.6,8.95,12,35.3,0,958.3,143,0.6,1.9,116,343,57,183,356,30,30,300,0,18,97
TAE,2002,6,14,5,15.2,86.5,14.9,13,9.82,13.9,40.1,0,958.3,146,0.5,1.7,277,579,87,221,620,48,48,300,0,18,97
TAE,2002,6,14,6,18.1,77.7,16.1,14.1,10.63,15.6,45.1,0,958.5,11,0.5,1.8,450,703,108,166,740,66,66,300,0,18,97
TAE,2002,6,14,7,20.7,68.3,16.7,14.7,11.03,16.9,48.8,0,958.6,5,1.2,2.6,619,788,121,79,762,243,81,299,0,18,97
TAE,2002,6,14,8,22.9,56.5,15.7,13.8,10.36,17.1,49.4,0,958.2,281,1.4,4.6,764,839,132,92,696,387,95,299,0,18,97
TAE,2002,6,14,9,24.5,43.8,13.5,11.4,8.89,16.4,47.3,0,958.2,245,2.2,5.9,874,870,139,102,562,500,105,299,0,18,97
TAE,2002,6,14,10,25.6,42.2,13.9,11.8,9.16,17,49.1,0,958,265,2.4,6.1,939,885,144,108,380,568,111,303,0,18,97
TAE,2002,6,14,11,26.5,38.6,13.3,11.3,8.76,17,49,0,957.6,268,2.8,7.1,955,891,145,109,168,585,216,313,0,18,97
TAE,2002,6,14,12,27.1,38.4,13.8,11.7,9.1,17.4,50.5,0,957.3,261,2.6,6.8,918,879,145,106,107,546,467,320,0,18,97
TAE,2002,6,14,13,27.7,36.6,13.6,11.5,8.97,17.5,50.8,0,956.6,270,2.2,6.6,833,859,138,98,99,457,631,319,0,18,97
TAE,2002,6,14,14,28.1,33.2,12.6,10.4,8.31,17.1,49.5,0,956.1,277,2.4,6,707,821,128,87,88,328,737,319,0,18,97
TAE,2002,6,14,15,28.5,34,13.3,11.1,8.78,17.6,51.1,0,955.9,276,2,5.8,552,770,112,107,73,143,776,318,0,18,97
TAE,2002,6,14,16,28.3,32.3,12.4,10.2,8.17,17.1,49.3,0,955.9,267,1.8,4.2,379,672,97,197,57,58,715,318,0,18,97
TAE,2002,6,14,17,27.8,36.6,13.7,11.6,9.04,17.6,51,0,956,292,1.2,2.8,206,502,76,224,41,41,532,317,0,18,97
TAE,2002,6,14,18,23.7,62.2,18.1,16,12,18.6,54.4,0,956,234,0.9,2.3,64,193,42,119,23,22,199,326,13,18,97
TAE,2002,6,14,19,19.1,74.6,16.5,14.5,10.92,16.2,46.9,0,956.2,228,1.5,3,0,0,0,0,0,0,0,310,0,18,97
TAE,2002,6,14,20,16.9,78.6,15.2,13.2,10.04,14.6,42.4,0,956.6,231,1.4,2.8,0,0,0,0,0,0,0,308,0,18,97
TAE,2002,6,14,21,16.4,79.3,14.7,12.8,9.71,14.2,41.1,0,956.7,211,1.2,2.5,0,0,0,0,0,0,0,307,0,18,97
TAE,2002,6,14,22,16.3,78,14.5,12.5,9.57,14,40.6,0,956.6,187,0.9,1.9,0,0,0,0,0,0,0,305,0,18,97
TAE,2002,6,14,23,15.3,81.4,14.1,12.1,9.31,13.4,38.9,0,956.2,143,0.6,2,0,0,0,0,0,0,0,304,0,18,97
TAE,2002,6,15,0,14.3,85.2,13.8,11.8,9.11,12.8,37.4,0,956,146,0.4,1.7,0,0,0,0,0,0,0,313,13,18,97
TAE,2002,6,15,1,13.7,87.3,13.7,11.6,9.04,12.5,36.6,0,956,153,0.3,1.5,0,0,0,0,0,0,0,305,0,18,97
TAE,2002,6,15,2,13.1,90.2,13.6,11.5,8.98,12.2,35.8,0,956,153,0.4,1.6,0,0,0,0,0,0,0,307,0,18,97
TAE,2002,6,15,3,13.3,89.1,13.6,11.5,8.98,12.2,36,0,956,162,0.3,1.3,18,29,16,25,35,9,9,317,13,18,97
TAE,2002,6,15,4,14.2,86.1,13.9,11.9,9.18,12.8,37.5,0,956,143,0.5,2,112,307,59,169,323,30,31,319,13,18,97
TAE,2002,6,15,5,16.9,80.3,15.4,13.5,10.18,14.8,42.8,0,956.4,0,0,1.2,255,454,109,204,513,56,57,326,20,18,97
TAE,2002,6,15,6,20,67.7,15.8,13.8,10.44,16.1,46.6,0,956.9,360,0.2,1.3,399,473,169,180,565,86,86,354,55,18,97
TAE,2002,6,15,7,23.8,56.6,16.6,14.7,10.98,17.9,51.9,0,956.6,221,1.3,7.2,474,314,277,144,457,241,141,372,75,18,97
TAE,2002,6,15,8,25.4,50,16.3,14.2,10.78,18.2,53,0,956.9,225,3.3,9.8,587,337,333,172,471,338,168,385,88,18,97
TAE,2002,6,15,9,26,49.5,16.6,14.6,10.97,18.6,54.1,0,957.6,239,3.9,9.5,615,250,405,214,401,372,208,399,100,18,97
TAE,2002,6,15,10,26.4,48.5,16.7,14.7,11.04,18.8,54.7,0,957.8,268,3.5,7.8,734,385,387,198,386,466,194,393,88,18,97
TAE,2002,6,15,11,26.9,44.1,15.6,13.7,10.3,18.4,53.3,0,957.3,298,1.9,6.1,816,536,328,165,239,528,269,376,58,18,97
TAE,2002,6,15,12,27.8,42.1,15.7,13.8,10.38,18.7,54.5,0,956.6,207,1.2,5,792,549,309,156,155,501,453,372,45,18,97
TAE,2002,6,15,13,28.7,37.7,14.8,12.9,9.78,18.6,53.9,0,956,246,1.8,5,716,529,287,145,145,428,535,374,50,18,97
TAE,2002,6,15,14,29.3,37.1,15.1,13.1,9.99,18.8,55,0,955.7,260,1.8,5.1,585,442,272,138,138,318,536,386,68,18,97
TAE,2002,6,15,15,29.3,37.6,15.4,13.4,10.19,19,55.5,0,955.5,258,1.6,5.5,447,383,227,149,116,171,500,390,75,18,97
TAE,2002,6,15,16,29,38.5,15.4,13.5,10.19,19,55.2,0,955.2,257,1.3,3.7,306,332,166,175,86,84,429,391,75,18,97
TAE,2002,6,15,17,27.7,47.9,17.7,15.7,11.74,19.7,57.8,0,955.5,248,1.1,3,150,179,99,120,54,52,234,400,88,18,97
TAE,2002,6,15,18,25.4,53.4,17.3,15.2,11.47,18.7,54.8,0,955.7,249,1.8,3,21,34,19,29,11,10,40,408,100,18,97
TAE,2002,6,15,19,24.5,53.9,16.5,14.6,10.92,18.1,52.5,0,956.1,253,1.7,3,0,0,0,0,0,0,0,405,100,18,97
TAE,2002,6,15,20,23.5,58.4,16.9,14.9,11.18,17.9,52.1,0,956.8,252,2.1,3.7,0,0,0,0,0,0,0,394,88,18,97
TAE,2002,6,15,21,23,63.6,17.9,15.7,11.85,18.2,53.3,0,957.1,254,2.2,3.9,0,0,0,0,0,0,0,398,100,18,97
TAE,2002,6,15,22,21.6,69.8,17.8,15.9,11.79,17.9,51.7,0,957.2,249,1.9,4.2,0,0,0,0,0,0,0,388,88,18,97
TAE,2002,6,15,23,20.6,74.8,18.1,16,11.99,17.6,51.2,0,956.9,164,1.4,3.3,0,0,0,0,0,0,0,385,88,18,97
TAE,2002,6,16,0,20.3,75.1,17.9,15.7,11.86,17.3,50.5,0,956.9,201,0.9,3.1,0,0,0,0,0,0,0,390,100,19,97
TAE,2002,6,16,1,17.9,85.6,17.6,15.5,11.65,16.4,47.5,0,957,196,0.7,2.2,0,0,0,0,0,0,0,390,100,19,97
TAE,2002,6,16,2,16.7,89.8,17.1,15,11.31,15.6,45.4,0,957.2,211,0.6,2.3,0,0,0,0,0,0,0,390,100,19,97
TAE,2002,6,16,3,18.3,84.2,17.7,15.6,11.72,16.6,48.1,0,957.2,146,0.8,2.9,2,0,2,1,1,1,1,390,100,19,97
TAE,2002,6,16,4,19.5,79.4,17.9,15.8,11.85,17.1,49.7,0,957.6,352,0.7,2.5,86,123,64,91,153,34,35,390,100,19,97
TAE,2002,6,16,5,20.9,73.4,18,16,11.91,17.7,51.3,0,958,304,0.4,3.1,200,190,137,140,271,72,74,390,100,19,97
TAE,2002,6,16,6,21.4,74.2,18.9,16.6,12.51,18.2,53.3,0,958.3,55,1.2,3.3,363,353,191,178,464,99,100,377,75,19,97
TAE,2002,6,16,7,24,61,18.2,16,12.04,18.7,54.8,0,958.5,257,1.2,3.8,475,335,266,141,471,242,138,387,88,19,97
TAE,2002,6,16,8,24.6,55.6,17.1,15.1,11.3,18.4,53.5,0,958.7,261,2.7,7.2,592,366,318,167,487,343,164,383,75,19,97
TAE,2002,6,16,9,24.8,54.7,17.1,15.1,11.29,18.5,53.7,0,959,270,3.2,6.7,672,366,363,190,452,416,186,393,88,19,97
TAE,2002,6,16,10,25.3,53.4,17.2,15.2,11.35,18.7,54.4,0,959.5,257,3.7,8.4,356,68,295,167,207,209,161,404,100,19,97
TAE,2002,6,16,11,23.2,66.9,18.9,16.7,12.5,18.9,55.1,0,959.4,252,2.6,7.6,310,27,286,165,163,176,172,407,100,19,97
TAE,2002,6,16,12,23.4,65.2,18.8,16.5,12.44,18.8,55.2,0,959,236,1.9,5.9,318,32,290,167,165,180,183,409,100,19,97
TAE,2002,6,16,13,25.4,57.7,18.7,16.5,12.38,19.5,57.1,0,958.6,243,1.6,5.4,682,455,312,162,162,414,504,393,75,19,97
TAE,2002,6,16,14,26.7,53.8,18.9,16.6,12.51,19.9,58.8,0,958.3,261,2,5.5,610,525,239,126,126,326,588,369,38,19,97
TAE,2002,6,16,15,27.5,51.7,19,16.7,12.59,20.2,59.8,0,958,305,2.2,6.2,526,692,129,115,79,147,719,344,0,19,97
TAE,2002,6,16,16,27.4,51.3,18.7,16.5,12.39,20.1,59.2,0,957.8,317,2,4.1,344,521,128,195,70,70,592,356,20,19,97
TAE,2002,6,16,17,26.8,53.6,18.8,16.6,12.45,20,58.7,0,957.9,315,1,2.5,197,451,79,209,43,43,486,342,0,19,97
TAE,2002,6,16,18,24.9,62.3,19.6,17.2,12.99,19.7,58.1,0,958,236,1.2,2.9,65,165,45,106,25,24,177,349,13,19,97
TAE,2002,6,16,19,20.8,80.8,19.8,17.4,13.12,18.5,54.2,0,958.4,212,1,2.8,0,0,0,0,0,0,0,355,25,19,97
TAE,2002,6,16,20,19.2,83.8,18.6,16.4,12.3,17.4,50.5,0,958.9,228,1.5,2.8,0,0,0,0,0,0,0,344,13,19,97
TAE,2002,6,16,21,18.1,86.7,18,15.8,11.9,16.6,48.4,0,958.8,210,1,2.2,0,0,0,0,0,0,0,334,0,19,97
TAE,2002,6,16,22,17.8,85,17.2,15.2,11.36,16.1,46.7,0,958.9,212,1.3,2.8,0,0,0,0,0,0,0,331,0,19,97
TAE,2002,6,16,23,16.7,89.1,16.9,14.9,11.16,15.6,45,0,959.1,144,0.9,2.4,0,0,0,0,0,0,0,329,0,19,97
TAE,2002,6,17,0,15.7,91.4,16.3,14.3,10.76,14.8,43,0,958.6,180,0.2,1.8,0,0,0,0,0,0,0,327,0,19,97
TAE,2002,6,17,1,15.4,92.4,16.2,14.2,10.69,14.7,42.5,0,958.6,146,0.3,1.3,0,0,0,0,0,0,0,326,0,19,97
TAE,2002,6,17,2,14.8,92.8,15.6,13.6,10.29,14.1,40.9,0,958.4,135,0.3,2.1,0,0,0,0,0,0,0,346,33,19,97
TAE,2002,6,17,3,14.2,94.2,15.3,13.3,10.09,13.7,39.8,0,958.8,153,0.4,1.2,10,19,9,16,22,5,5,360,55,19,97
TAE,2002,6,17,4,15,93.1,15.8,13.9,10.42,14.3,41.4,0,959,0,0,1,110,295,59,165,312,31,32,365,63,19,97
TAE,2002,6,17,5,17.3,86.9,17.1,15.1,11.29,15.9,46,0,959.4,0,0,0,251,427,112,198,490,59,59,357,50,19,97
TAE,2002,6,17,6,20.2,79.7,18.8,16.6,12.43,17.8,51.9,0,959.5,360,0.1,1.3,403,494,162,182,583,85,86,340,25,19,97
TAE,2002,6,17,7,22.4,72.4,19.6,17.2,12.97,18.9,55.5,0,959.6,27,0.7,2.5,577,644,167,97,672,253,97,333,13,19,97
TAE,2002,6,17,8,24.4,68.3,20.9,18.2,13.85,20.2,59.8,0,959.6,34,1.1,3.2,751,821,133,95,687,382,98,325,0,19,97
TAE,2002,6,17,9,26.7,58.6,20.5,17.9,13.58,20.7,61.5,0,959.6,360,1.5,3.8,861,857,137,104,558,493,108,327,0,19,97
TAE,2002,6,17,10,28,54.7,20.6,18,13.65,21.1,63,0,959.4,36,1.4,4,923,862,148,112,382,561,115,335,0,19,97
TAE,2002,6,17,11,29,50.6,20.2,17.7,13.38,21.3,63.4,0,959,45,1.1,3.6,936,861,152,114,174,577,219,347,0,19,97
TAE,2002,6,17,12,30.4,45.1,19.5,17.2,12.92,21.4,63.6,0,958.6,34,1,3.2,834,661,253,140,141,521,469,373,25,19,97
TAE,2002,6,17,13,31.4,39.4,18,15.9,11.91,21,62.1,0,958.3,56,0.8,3.9,767,669,223,125,126,449,578,369,25,19,97
TAE,2002,6,17,14,32,35.8,17,15,11.24,20.6,61,0,958.1,20,1.3,3.7,666,699,176,105,105,327,684,358,13,19,97
TAE,2002,6,17,15,31.8,35.7,16.8,14.8,11.1,20.5,60.4,0,957.9,36,1.4,3.1,519,634,151,127,88,156,679,360,20,19,97
TAE,2002,6,17,16,31.8,35.9,16.8,14.8,11.1,20.5,60.4,0,957.8,48,1.4,3,335,443,149,191,79,78,530,371,38,19,97
TAE,2002,6,17,17,30,52.7,22.3,19.3,14.82,22.5,68.1,0,958,51,1.3,3.2,210,519,73,228,41,41,547,339,0,19,97
TAE,2002,6,17,18,27.6,63.6,23.4,20.1,15.57,22.3,67.5,0,958.1,68,0.6,2.6,69,204,44,126,24,23,212,362,33,19,97
TAE,2002,6,17,19,23.1,79.4,22.5,19.3,14.96,20.5,61.3,0,958.1,225,0.4,2,0,0,0,0,0,0,0,357,33,19,97
TAE,2002,6,17,20,20,80.3,18.7,16.5,12.38,17.7,51.5,0,958.2,217,0.5,1.9,0,0,0,0,0,0,0,337,13,19,97
TAE,2002,6,17,21,19.2,81,18,15.9,11.91,17.1,49.5,0,958.2,207,0.2,1.7,0,0,0,0,0,0,0,323,0,19,97
TAE,2002,6,17,22,18.5,82.6,17.6,15.5,11.64,16.6,48.1,0,958.2,180,0.2,1.3,0,0,0,0,0,0,0,319,0,19,97
TAE,2002,6,17,23,17.5,87.1,17.4,15.3,11.5,16.1,46.7,0,958.2,180,0.1,1,0,0,0,0,0,0,0,316,0,19,97
TAE,2002,6,18,0,17.2,87.3,17.1,15.1,11.3,15.9,45.9,0,958,162,0.4,1.6,0,0,0,0,0,0,0,313,0,19,97
TAE,2002,6,18,1,16.2,89.3,16.4,14.4,10.83,15.1,43.7,0,958,207,0.3,1.8,0,0,0,0,0,0,0,314,0,19,97
TAE,2002,6,18,2,16.1,88.7,16.2,14.2,10.7,14.9,43.3,0,957.9,173,0.8,2.2,0,0,0,0,0,0,0,314,0,19,97
TAE,2002,6,18,3,15.5,90.3,15.9,13.9,10.5,14.5,42.1,0,958.2,166,0.4,1.6,18,31,16,26,36,9,9,334,25,19,97
TAE,2002,6,18,4,16.1,90.4,16.5,14.5,10.89,15.1,43.8,0,958.6,191,0.5,1.9,118,338,60,185,353,31,32,325,13,19,97
TAE,2002,6,18,5,18.8,82.7,17.9,15.8,11.84,16.9,48.9,0,958.6,135,0.2,1.4,277,585,85,224,624,49,49,316,0,19,97
TAE,2002,6,18,6,21.3,75.2,19,16.7,12.58,18.3,53.4,0,958.6,45,0.3,1.5,450,717,102,168,750,67,66,317,0,19,97
TAE,2002,6,18,7,23.2,71.7,20.3,17.8,13.46,19.6,57.6,0,958.5,45,0.9,2.2,575,640,176,100,683,248,100,335,20,19,97
TAE,2002,6,18,8,26,60.5,20.3,17.8,13.46,20.4,60.5,0,958.1,22,1.2,2.9,717,693,191,114,635,385,115,338,20,19,97
TAE,2002,6,18,9,27.9,54,20.3,17.7,13.47,20.9,62.4,0,957.9,4,1.6,4.1,865,859,140,105,562,496,109,325,0,19,97
TAE,2002,6,18,10,29,53.6,21.5,18.6,14.29,21.8,65.7,0,957.5,8,1.6,4.2,934,886,138,110,381,564,114,335,0,19,97
TAE,2002,6,18,11,30,51.2,21.7,18.8,14.43,22.2,67.1,0,957.1,32,1.5,4.3,946,881,144,113,172,580,217,346,0,19,97
TAE,2002,6,18,12,31,47.6,21.3,18.6,14.16,22.4,67.4,0,956.7,57,1.8,4.2,911,874,140,109,110,542,462,356,0,19,97
TAE,2002,6,18,13,31.5,43,19.9,17.4,13.21,21.8,65.5,0,956.6,50,1.8,4.2,823,844,138,102,103,454,622,355,0,19,97
TAE,2002,6,18,14,32,38,18.1,15.9,11.99,21.1,62.9,0,956.8,60,1.5,3,696,799,131,90,91,327,723,355,0,19,97
TAE,2002,6,18,15,32,36,17.1,15.1,11.32,20.7,61.2,0,956.9,180,1.5,3,541,739,117,110,76,145,752,354,0,19,97
TAE,2002,6,18,16,31.5,34.5,15.9,14,10.51,20,58.6,0,957,210,2,4,328,411,152,184,81,79,500,388,50,19,97
TAE,2002,6,18,17,30.5,36,15.7,13.7,10.37,19.5,57.2,0,957.2,235,2,4.5,152,174,103,122,57,55,232,414,88,19,97
TAE,2002,6,18,18,28,48,18.1,16,11.99,20,58.8,0,957.4,245,2.5,5,36,55,28,43,16,15,67,421,100,19,97
TAE,2002,6,18,19,26.5,56,19.4,17,12.86,20.1,59.5,0,957.5,240,2.5,4.5,0,0,0,0,0,0,0,417,100,19,97
TAE,2002,6,18,20,24.5,59,18.1,16,11.98,18.9,55.2,0,957.6,235,2,4.5,0,0,0,0,0,0,0,413,100,19,97
TAE,2002,6,18,21,23.5,63,18.2,16.1,12.05,18.6,54.3,0,957.7,230,2,4,0,0,0,0,0,0,0,400,88,19,97
TAE,2002,6,18,22,23,66,18.5,16.3,12.25,18.6,54.3,0,957.9,235,1.5,3,0,0,0,0,0,0,0,404,100,19,97
TAE,2002,6,18,23,22,70,18.5,16.3,12.25,18.3,53.3,0,958,230,1.5,3,0,0,0,0,0,0,0,372,58,19,97
TAE,2002,6,19,0,21,75,18.6,16.4,12.31,18,52.4,0,958.1,230,1,2.5,0,0,0,0,0,0,0,346,20,20,97
TAE,2002,6,19,1,20.7,74.6,18.2,16,12.04,17.6,51.4,0,958.3,201,0.9,2.3,0,0,0,0,0,0,0,341,13,20,97
TAE,2002,6,19,2,19.3,80.7,18.1,15.9,11.97,17.1,49.8,0,958.5,214,0.5,1.9,0,0,0,0,0,0,0,363,45,20,97
TAE,2002,6,19,3,18.1,85.1,17.6,15.6,11.63,16.5,47.7,0,958.7,239,0.6,2.3,17,14,16,17,21,9,9,360,40,20,97
TAE,2002,6,19,4,18.6,82.2,17.6,15.5,11.63,16.6,48.2,0,958.7,173,0.9,2,115,323,59,178,339,32,32,343,13,20,97
TAE,2002,6,19,5,20.8,76.1,18.7,16.4,12.37,17.9,52.3,0,958.9,225,0.5,1.7,269,557,86,218,600,50,50,335,0,20,97
TAE,2002,6,19,6,22.9,68.2,19.1,16.7,12.64,18.8,55.2,0,959,34,0.4,2,441,698,102,167,734,68,68,336,0,20,97
TAE,2002,6,19,7,24.7,62.3,19.3,17,12.78,19.5,57.4,0,958.9,41,1.1,2.7,601,759,123,84,744,240,86,339,0,20,97
TAE,2002,6,19,8,26.1,53.5,18,15.9,11.9,19.3,56.6,0,958.6,49,2.1,5.3,700,670,199,119,639,376,120,350,13,20,97
TAE,2002,6,19,9,27.2,50.4,18.2,16,12.04,19.7,58.1,0,958.4,45,2,4.9,852,844,139,108,557,491,112,344,0,20,97
TAE,2002,6,19,10,28,49.2,18.7,16.4,12.38,20.2,59.8,0,958.2,34,1.8,4.7,919,870,137,113,379,558,117,347,0,20,97
TAE,2002,6,19,11,29.1,45.6,18.4,16.2,12.18,20.4,60.4,0,958,32,2.5,5.4,935,878,135,114,170,574,215,351,0,20,97
TAE,2002,6,19,12,30,46.5,19.7,17.3,13.07,21.3,63.6,0,957.5,52,2.4,5.7,898,863,136,111,113,537,456,356,0,20,97
TAE,2002,6,19,13,30.4,46.4,20.1,17.6,13.35,21.6,64.7,0,956.9,29,2.1,4.9,806,812,145,106,107,450,612,354,0,20,97
TAE,2002,6,19,14,31,46.2,20.8,18.1,13.83,22.1,66.6,0,956.4,34,2,4.4,679,759,141,95,96,327,702,355,0,20,97
TAE,2002,6,19,15,31,45.7,20.5,17.9,13.63,22,66.1,0,955.9,52,1.7,4.7,446,385,223,151,119,175,502,393,58,20,97
TAE,2002,6,19,16,31.4,46.9,21.6,18.7,14.37,22.5,68.4,0,956.3,53,2.1,6.6,30,0,30,18,17,17,17,418,100,20,97
TAE,2002,6,19,17,26.1,47.2,16,14,10.58,18.3,53.2,0,956.3,129,4.6,12.6,22,0,22,13,13,12,12,417,100,20,97
TAE,2002,6,19,18,24.6,53.3,16.4,14.5,10.83,18.1,52.3,0,958.1,52,2.4,6.5,20,24,18,23,10,10,31,414,100,20,97
TAE,2002,6,19,19,22.9,63,17.6,15.5,11.64,18.1,52.6,0,958.1,106,1.8,5.5,0,0,0,0,0,0,0,410,100,20,97
TAE,2002,6,19,20,21.7,70.5,18.4,16.1,12.18,18,52.8,0,958.2,117,1.6,4.5,0,0,0,0,0,0,0,393,75,20,97
TAE,2002,6,19,21,20.9,76.4,18.9,16.6,12.53,18.1,52.8,0,957.3,55,1.5,4.5,0,0,0,0,0,0,0,355,13,20,97
TAE,2002,6,19,22,19.1,86.2,19,16.7,12.61,17.5,51.2,0,956.4,45,0.6,2.6,0,0,0,0,0,0,0,345,0,20,97
TAE,2002,6,19,23,17.5,88.8,17.7,15.6,11.73,16.3,47.3,0,956,214,0.7,2.1,0,0,0,0,0,0,0,342,0,20,97
TAE,2002,6,20,0,16.1,91.3,16.7,14.7,11.05,15.2,44.2,0,956.4,225,0.4,1.7,0,0,0,0,0,0,0,346,13,20,97
TAE,2002,6,20,1,16.3,91.3,16.9,14.9,11.19,15.4,44.7,0,956.7,220,0.9,3.2,0,0,0,0,0,0,0,380,75,20,97
TAE,2002,6,20,2,16.2,92.1,17,14.9,11.25,15.4,44.8,0,956.7,191,0.5,2.3,0,0,0,0,0,0,0,394,100,20,97
TAE,2002,6,20,3,17.3,88.9,17.5,15.5,11.57,16.2,46.7,0,958.2,238,1.4,3.9,1,0,1,1,1,1,1,395,100,20,97
TAE,2002,6,20,4,20,79.3,18.5,16.3,12.24,17.6,51.2,0,958.6,267,2.1,8.2,59,57,47,52,83,26,26,396,100,20,97
TAE,2002,6,20,5,21,72.4,18,15.8,11.91,17.6,51.4,0,958.2,207,2.1,5.7,218,278,129,166,354,69,69,377,63,20,97
TAE,2002,6,20,6,22.8,64.5,17.9,15.8,11.84,18.2,53.1,0,958,101,1.1,4.1,412,568,133,169,632,78,78,352,13,20,97
TAE,2002,6,20,7,24.4,62.5,19.1,16.8,12.65,19.3,56.8,0,958.1,18,0.9,3.7,594,744,125,85,734,239,87,346,0,20,97
TAE,2002,6,20,8,25.3,61.6,19.9,17.4,13.2,20,59.1,0,957.7,336,1,3.7,738,803,133,99,680,378,101,346,0,20,97
TAE,2002,6,20,9,26.9,52.2,18.5,16.3,12.25,19.8,58.3,0,957.6,223,2.2,7,851,851,133,108,556,489,111,346,0,20,97
TAE,2002,6,20,10,27.8,51.8,19.3,17,12.79,20.5,60.6,0,957.8,250,2.4,6.8,865,719,220,138,407,543,140,354,13,20,97
TAE,2002,6,20,11,28.8,47.3,18.7,16.5,12.38,20.5,60.6,0,958,255,3.6,9.9,775,450,364,192,263,507,282,380,50,20,97
TAE,2002,6,20,12,29.1,38.9,15.7,13.7,10.36,19.1,55.8,0,958,259,4.4,9.5,444,222,246,134,133,282,248,408,88,20,97
TAE,2002,6,20,13,27.4,41.2,15,13.1,9.89,18.2,52.8,0,958.5,260,2.3,7.6,112,0,112,66,65,62,64,415,100,20,97
TAE,2002,6,20,14,26.4,48.7,16.7,14.7,11.03,18.8,54.7,0,958.7,279,2.3,10.2,260,61,214,123,121,148,176,413,100,20,97
TAE,2002,6,20,15,24.8,48.7,15.2,13.3,10.02,17.5,50.5,0,958.5,270,2.1,7.5,210,94,160,110,90,86,186,412,100,20,97
TAE,2002,6,20,16,25.9,48.9,16.4,14.3,10.83,18.4,53.7,0,958.5,310,1.1,3.8,326,419,151,190,82,81,509,389,68,20,97
TAE,2002,6,20,17,23.9,63.3,18.7,16.5,12.38,19,55.5,0,958.3,239,1.3,2.6,110,84,84,79,48,46,133,408,100,20,97
TAE,2002,6,20,18,24,64.1,19.1,16.8,12.64,19.2,56.3,0,959,252,1,2.1,21,32,19,29,11,11,39,406,100,20,97
TAE,2002,6,20,19,22.9,69.1,19.2,16.9,12.7,18.9,55.3,0,959.8,246,1.1,3.2,0,0,0,0,0,0,0,383,68,20,97
TAE,2002,6,20,20,22.1,71.5,19,16.7,12.55,18.5,54.1,0,960.5,241,1.9,3,0,0,0,0,0,0,0,388,80,20,97
TAE,2002,6,20,21,21.5,67.2,17.2,15.2,11.34,17.4,50.4,0,960.9,241,2,3,0,0,0,0,0,0,0,397,100,20,97
TAE,2002,6,20,22,20,76.4,17.9,15.7,11.81,17.2,50.1,0,961,194,0.5,2,0,0,0,0,0,0,0,394,100,20,97
TAE,2002,6,20,23,18.9,83.2,18.1,16,11.94,17,49.3,0,960.8,158,0.7,2,0,0,0,0,0,0,0,383,88,20,97
TAE,2002,6,21,0,18.1,86.5,18,15.8,11.88,16.6,48.3,0,960.1,108,0.3,1.4,0,0,0,0,0,0,0,388,100,21,97
TAE,2002,6,21,1,17.4,89.2,17.7,15.6,11.69,16.2,47.1,0,959.6,194,0.5,2,0,0,0,0,0,0,0,389,100,21,97
TAE,2002,6,21,2,16.7,91.6,17.4,15.3,11.49,15.8,45.9,0,959.4,225,0.2,1.4,0,0,0,0,0,0,0,383,88,21,97
TAE,2002,6,21,3,16.6,92.2,17.4,15.3,11.49,15.8,45.8,0,959.7,225,0.1,1.4,18,11,17,17,20,9,10,383,88,21,97
TAE,2002,6,21,4,17,92.3,17.9,15.7,11.82,16.2,47,0,959.8,135,0.3,2.2,110,304,58,170,320,31,32,370,63,21,97
TAE,2002,6,21,5,18.9,85.2,18.6,16.4,12.29,17.3,50.2,0,959.6,162,0.4,1.9,189,153,138,131,236,75,76,385,88,21,97
TAE,2002,6,21,6,20.1,81,19.1,16.7,12.63,17.9,52.3,0,959.7,117,0.8,4.2,235,82,198,136,199,108,111,386,88,21,97
TAE,2002,6,21,7,21.1,77,19.2,16.9,12.7,18.3,53.5,0,959.3,72,1.2,3.4,549,562,197,109,633,254,109,363,43,21,97
TAE,2002,6,21,8,22.2,75.3,20.1,17.6,13.31,19.1,56.2,0,959.1,53,1,3,743,814,130,99,687,380,102,340,0,21,97
TAE,2002,6,21,9,24,70.5,21,18.3,13.93,20.1,59.6,0,958.9,5,1.2,4.6,738,515,304,163,510,461,162,366,38,21,97
TAE,2002,6,21,10,25.7,66,21.8,18.9,14.47,21,62.7,0,958.8,335,1.5,4.7,801,538,317,170,416,521,169,377,50,21,97
TAE,2002,6,21,11,27.4,61.3,22.4,19.3,14.89,21.8,65.6,0,958.1,309,2.1,5.5,763,432,369,197,272,498,270,392,68,21,97
TAE,2002,6,21,12,28.1,54.2,20.5,18,13.59,21.2,63,0,958.5,264,3,7.7,740,436,354,188,188,476,432,399,75,21,97
TAE,2002,6,21,13,28.4,46.2,17.9,15.7,11.84,19.9,58.8,0,958.1,252,3.3,7.5,682,446,319,169,169,418,508,398,75,21,97
TAE,2002,6,21,14,27.9,47.1,17.7,15.6,11.7,19.7,57.9,0,958.5,253,3.2,8.3,319,167,205,114,113,175,272,413,100,21,97
TAE,2002,6,21,15,26.9,54.6,19.3,17,12.78,20.2,59.7,0,958.5,251,2.5,5.7,177,38,157,99,90,86,128,412,100,21,97
TAE,2002,6,21,16,25,63.5,20.1,17.6,13.31,20,59,0,959.7,241,2.1,6.1,30,0,30,18,18,17,17,410,100,21,97
TAE,2002,6,21,17,23.5,71.8,20.8,18.1,13.78,19.8,58.7,0,959.7,242,2.4,6,187,369,92,193,51,50,415,389,68,21,97
TAE,2002,6,21,18,23.2,67.8,19.3,16.9,12.76,19,55.8,0,960,242,2,5.1,38,64,29,47,16,16,76,392,75,21,97
TAE,2002,6,21,19,22.6,70.7,19.4,17,12.82,18.9,55.3,0,960.5,220,1.8,6.5,0,0,0,0,0,0,0,386,68,21,97
TAE,2002,6,21,20,22.5,70.1,19.1,16.8,12.61,18.7,54.7,0,960.9,257,1.9,4.6,0,0,0,0,0,0,0,384,68,21,97
TAE,2002,6,21,21,21.9,72.3,18.9,16.7,12.48,18.5,53.7,0,960.9,280,1.3,3.8,0,0,0,0,0,0,0,381,68,21,97
TAE,2002,6,21,22,19.3,84.1,18.8,16.5,12.41,17.5,50.9,0,960.9,225,0.4,1.9,0,0,0,0,0,0,0,367,45,21,97
TAE,2002,6,21,23,18,88.9,18.3,16.1,12.08,16.8,48.7,0,960.8,225,0.3,2.1,0,0,0,0,0,0,0,348,13,21,97
TAE,2002,6,22,0,16.8,92.4,17.7,15.6,11.68,16,46.5,0,960.3,243,0.5,1.7,0,0,0,0,0,0,0,340,0,21,97
TAE,2002,6,22,1,16.4,93.1,17.4,15.3,11.48,15.7,45.5,0,960.5,180,0.5,1.7,0,0,0,0,0,0,0,341,0,21,97
TAE,2002,6,22,2,16,94,17.1,15,11.27,15.4,44.6,0,960.8,214,0.7,2.1,0,0,0,0,0,0,0,341,0,21,97
TAE,2002,6,22,3,15.8,95.1,17,15,11.2,15.3,44.2,0,961.1,191,0.6,1.9,10,0,10,6,6,5,6,341,0,21,97
TAE,2002,6,22,4,16.1,95.6,17.5,15.4,11.53,15.7,45.4,0,961.4,153,0.2,1.2,108,293,57,163,310,31,32,341,0,21,97
TAE,2002,6,22,5,18.4,90,19,16.7,12.54,17.3,50.3,0,961.3,153,0.2,1.2,264,539,87,216,584,52,52,341,0,21,97
TAE,2002,6,22,6,20.9,82.4,20.3,17.8,13.42,18.8,55.1,0,961.4,34,0.4,2.1,434,679,105,170,720,71,70,342,0,21,97
TAE,2002,6,22,7,22.6,74.8,20.5,17.9,13.55,19.4,57.2,0,961.4,36,0.9,2.5,599,763,118,85,747,237,87,343,0,21,97
TAE,2002,6,22,8,24.3,67.5,20.5,17.9,13.55,20,59,0,961.2,34,1.1,3.3,742,819,126,99,689,379,102,344,0,21,97
TAE,2002,6,22,9,25.7,61.7,20.3,17.8,13.42,20.3,60.1,0,961,342,1.2,3.6,851,849,134,110,561,491,114,345,0,21,97
TAE,2002,6,22,10,26.6,55.1,19.2,16.8,12.68,20,59.1,0,960.8,285,1.7,5.8,846,673,243,149,412,534,151,354,13,21,97
TAE,2002,6,22,11,27.4,53.8,19.6,17.2,12.96,20.5,60.6,0,960.4,317,2.6,6.8,865,684,242,151,226,551,248,355,13,21,97
TAE,2002,6,22,12,28,53.9,20.3,17.8,13.44,21,62.5,0,959.8,321,1.6,5.2,891,838,151,118,119,541,459,348,0,21,97
TAE,2002,6,22,13,28.9,47.8,19,16.7,12.56,20.7,61.2,0,959.6,286,1.7,5.9,814,833,136,107,109,455,618,349,0,21,97
TAE,2002,6,22,14,29.1,49.3,19.8,17.4,13.11,21.1,62.8,0,959.3,317,2.3,6.1,684,766,140,98,99,332,708,350,0,21,97
TAE,2002,6,22,15,28.8,49,19.5,17,12.91,20.8,61.9,0,959,325,2.1,5.5,497,569,173,135,100,160,644,359,13,21,97
TAE,2002,6,22,16,28.7,49.1,19.3,17,12.78,20.8,61.5,0,958.7,305,1.7,4.9,369,625,103,195,64,65,676,352,0,21,97
TAE,2002,6,22,17,28.6,44.9,17.5,15.5,11.57,19.9,58.3,0,958.6,326,1.8,4,203,470,78,216,45,44,505,353,0,21,97
TAE,2002,6,22,18,26.6,55.6,19.4,17,12.85,20.1,59.5,0,958.4,297,1.3,2.9,60,160,40,101,22,22,169,353,0,21,97
TAE,2002,6,22,19,22.8,74.4,20.5,18,13.59,19.6,57.5,0,958.5,231,1.3,2.7,0,0,0,0,0,0,0,351,0,21,97
TAE,2002,6,22,20,21.3,78.4,19.8,17.4,13.12,18.7,54.7,0,958.6,228,1.2,2.7,0,0,0,0,0,0,0,349,0,21,97
TAE,2002,6,22,21,19.8,82.4,19,16.7,12.58,17.8,51.8,0,958.7,225,1,2.7,0,0,0,0,0,0,0,347,0,21,97
TAE,2002,6,22,22,19.3,85.2,19,16.8,12.58,17.7,51.3,0,958.5,210,0.8,2,0,0,0,0,0,0,0,346,0,21,97
TAE,2002,6,22,23,19.3,85.4,19.1,16.8,12.65,17.7,51.5,0,958.4,203,1.4,2.8,0,0,0,0,0,0,0,344,0,21,97
TAE,2002,6,23,0,19.3,86.7,19.4,17,12.85,17.8,52,0,958.2,193,1.3,2.3,0,0,0,0,0,0,0,342,0,19,97
TAE,2002,6,23,1,18.7,90.5,19.5,17.1,12.93,17.6,51.6,0,957.8,166,0.9,1.9,0,0,0,0,0,0,0,342,0,19,97
TAE,2002,6,23,2,18.8,89.7,19.4,17.1,12.85,17.7,51.5,0,958.3,270,0.8,3.2,0,0,0,0,0,0,0,342,0,19,97
TAE,2002,6,23,3,18.8,90.1,19.4,17.1,12.85,17.7,51.5,0,958.4,205,0.8,3.2,10,7,9,9,11,5,5,342,0,19,97
TAE,2002,6,23,4,18.7,90.4,19.4,17.1,12.85,17.6,51.4,0,958.5,140,0.8,3.2,109,309,56,170,323,30,30,342,0,19,97
TAE,2002,6,23,5,20.9,84.4,20.9,18.2,13.86,19.1,56.2,0,958.7,104,0.6,2.1,266,547,87,216,588,49,49,342,0,19,97
TAE,2002,6,23,6,23.4,76,21.9,18.9,14.53,20.3,60.5,0,959.2,349,1.1,2.8,436,685,105,167,721,66,66,342,0,19,97
TAE,2002,6,23,7,24.9,71.2,22.4,19.3,14.87,21,62.9,0,959.2,343,1.4,5.3,602,770,117,79,747,232,81,342,0,19,97
TAE,2002,6,23,8,26.7,63.2,22.1,19.1,14.67,21.4,64.3,0,958.9,229,2.3,5.9,745,823,127,92,686,373,95,343,0,19,97
TAE,2002,6,23,9,27.9,56.2,21.1,18.4,14,21.4,63.8,0,958.8,237,3.2,7,854,852,135,103,556,485,106,343,0,19,97
TAE,2002,6,23,10,28.8,51.2,20.2,17.7,13.39,21.2,63.2,0,958.5,283,2.4,6.2,920,870,139,109,378,554,112,344,0,19,97
TAE,2002,6,23,11,29.5,47.2,19.5,17.1,12.93,21.1,62.7,0,957.8,302,1.7,6.5,938,877,139,110,169,571,209,345,0,19,97
TAE,2002,6,23,12,30.5,43.5,19,16.7,12.6,21.1,62.9,0,957.1,270,1.4,5.5,900,856,144,108,109,535,453,350,0,19,97
TAE,2002,6,23,13,30.9,41.3,18.5,16.2,12.27,21,62.5,0,956.4,329,1.8,4.6,813,821,145,102,103,450,610,347,0,19,97
TAE,2002,6,23,14,31.6,38.1,17.7,15.6,11.74,20.8,61.8,0,955.8,320,1.8,5.1,691,786,133,90,91,326,711,347,0,19,97
TAE,2002,6,23,15,31.7,38.7,18,15.9,11.95,21,62.5,0,955.2,24,1.9,4.3,535,706,127,78,78,183,728,348,0,19,97
TAE,2002,6,23,16,30.9,40.5,18.1,15.9,12.02,20.8,61.8,0,954.7,23,1.6,4.2,368,610,107,192,62,62,662,348,0,19,97
TAE,2002,6,23,17,30,47.7,20.2,17.7,13.45,21.6,64.6,0,954.7,45,1.8,3.6,203,461,80,211,43,43,496,349,0,19,97
TAE,2002,6,23,18,27.2,63.5,22.8,19.7,15.22,22,66.2,0,954.5,117,0.7,2.4,69,182,46,115,25,24,193,389,58,19,97
TAE,2002,6,23,19,24.7,73.1,22.6,19.6,15.08,21.2,63.3,0,954.7,225,0.5,2,0,0,0,0,0,0,0,415,100,19,97
TAE,2002,6,23,20,24.3,71.6,21.6,18.8,14.4,20.5,61.1,0,954.9,45,1.3,4,0,0,0,0,0,0,0,412,100,19,97
TAE,2002,6,23,21,23.5,71.9,20.8,18.1,13.84,19.8,58.9,0,955.3,50,1.6,4.1,0,0,0,0,0,0,0,410,100,19,97
TAE,2002,6,23,22,22.6,73.7,20.1,17.7,13.37,19.3,56.7,0,955.5,30,1.7,3.2,0,0,0,0,0,0,0,407,100,19,97
TAE,2002,6,23,23,21.9,72.9,19.1,16.8,12.67,18.5,54.2,0,956.4,10,1.8,4.6,0,0,0,0,0,0,0,405,100,19,97
TAE,2002,6,24,0,21.6,70.9,18.3,16.1,12.14,18,52.6,0,955.7,50,1.9,5.1,0,0,0,0,0,0,0,402,100,19,97
TAE,2002,6,24,1,21.7,69.5,18,15.9,11.93,17.9,52.1,0,956.7,35,1.9,5.3,0,0,0,0,0,0,0,401,100,19,97
TAE,2002,6,24,2,19.7,82.7,18.9,16.7,12.52,17.7,51.6,14.2,958.2,355,3.6,11.2,0,0,0,0,0,0,0,399,100,19,97
TAE,2002,6,24,3,16.6,96.2,18.1,16,11.97,16.2,47,3,959,180,0.8,4.1,10,0,10,6,6,5,5,397,100,19,97
TAE,2002,6,24,4,16.7,96.4,18.3,16.1,12.11,16.3,47.5,3.1,958.2,142,1.2,5.9,10,0,10,6,6,5,6,395,100,19,97
TAE,2002,6,24,5,17.2,93.8,18.4,16.2,12.17,16.6,48.1,4,958.8,187,2.1,7.6,124,115,82,82,164,44,44,393,100,19,97
TAE,2002,6,24,6,17.7,90.5,18.3,16.1,12.1,16.7,48.5,2.7,958.9,176,4.3,9.8,37,0,37,22,22,21,21,391,100,19,97
TAE,2002,6,24,7,17.9,89.3,18.4,16.1,12.17,16.7,48.8,0.3,959.1,185,4.8,8.8,153,1,152,89,89,84,86,392,100,19,97
TAE,2002,6,24,8,18.8,84.1,18.2,16.1,12.04,17.1,49.4,0,958.5,184,3.9,7.6,294,11,286,167,174,162,161,392,100,19,97
TAE,2002,6,24,9,19.9,78.7,18.3,16.1,12.09,17.4,50.7,0,959.4,184,2.6,6.1,359,18,344,200,211,200,193,392,100,19,97
TAE,2002,6,24,10,21.3,71.3,18,15.9,11.89,17.8,51.6,0,959.4,206,3,6.6,558,155,418,232,308,337,225,392,100,19,97
TAE,2002,6,24,11,21.3,75.5,19.1,16.8,12.62,18.3,53.5,0,960.7,288,3.9,8.8,543,108,445,251,268,322,270,392,100,19,97
TAE,2002,6,24,12,18.9,83.8,18.3,16.1,12.08,17.1,49.6,0,960.9,310,2.5,6.3,371,16,358,208,206,207,210,392,100,19,97
TAE,2002,6,24,13,18.7,85,18.3,16.1,12.07,17,49.4,0,961.3,357,1.8,6,156,0,156,92,90,86,88,391,100,19,97
TAE,2002,6,24,14,18,85.4,17.6,15.5,11.6,16.4,47.5,0,961.4,21,1.7,4.5,94,0,94,55,54,52,53,390,100,19,97
TAE,2002,6,24,15,18.2,85,17.7,15.6,11.66,16.5,47.9,0,961.8,41,1.1,2.7,67,0,67,39,39,37,38,389,100,19,97
TAE,2002,6,24,16,18.1,85.3,17.7,15.6,11.66,16.5,47.8,0,961.8,79,1.1,3.2,158,14,152,92,88,84,100,387,100,19,97
TAE,2002,6,24,17,17.6,89.3,18,15.8,11.86,16.4,47.7,0.1,962.1,63,0.5,1.8,15,0,15,9,8,8,8,386,100,19,97
TAE,2002,6,24,18,17.4,90,17.9,15.7,11.79,16.3,47.4,0.2,962.5,135,0.7,3.2,5,0,5,3,3,3,3,385,100,19,97
TAE,2002,6,24,19,16.9,88.9,17.1,15.1,11.24,15.8,45.5,0.1,963.1,117,0.3,1.9,0,0,0,0,0,0,0,376,88,19,97
TAE,2002,6,24,20,16.7,91.6,17.4,15.3,11.44,15.8,45.8,0,963.1,45,0.7,2.2,0,0,0,0,0,0,0,381,100,19,97
TAE,2002,6,24,21,16.4,94.8,17.6,15.6,11.58,15.9,45.8,0,963.2,18,0.7,1.5,0,0,0,0,0,0,0,379,100,19,97
TAE,2002,6,24,22,16,94.8,17.2,15.2,11.31,15.5,44.7,0,963,207,0.3,1.7,0,0,0,0,0,0,0,370,88,19,97
TAE,2002,6,24,23,16,95.5,17.3,15.3,11.38,15.6,44.9,0,963,360,0.3,1.4,0,0,0,0,0,0,0,375,100,19,97
TAE,2002,6,25,0,16,95.7,17.4,15.3,11.45,15.6,45.1,0,962.7,27,0.3,1.3,0,0,0,0,0,0,0,374,100,19,97
TAE,2002,6,25,1,15.9,95.9,17.3,15.2,11.39,15.5,44.8,0,961.9,180,0.1,0.8,0,0,0,0,0,0,0,365,88,19,97
TAE,2002,6,25,2,15.8,97.2,17.5,15.4,11.52,15.5,45,0,962,342,0.4,1.3,0,0,0,0,0,0,0,364,88,19,97
TAE,2002,6,25,3,15.8,91.1,16.3,14.4,10.72,14.9,43,0,962.2,9,0.7,2.7,1,0,1,1,1,1,1,371,100,19,97
TAE,2002,6,25,4,15.4,86.7,15.2,13.2,9.98,14.1,40.7,0,962.3,22,0.6,2,95,187,61,117,213,32,33,362,88,19,97
TAE,2002,6,25,5,15.4,88.3,15.4,13.5,10.11,14.2,41.1,0,962.6,18,1.2,2.7,168,96,138,113,176,74,76,370,100,19,97
TAE,2002,6,25,6,15.8,84.5,15.2,13.2,9.98,14.2,41.1,0,962.7,51,1.5,3.8,343,284,202,169,401,104,106,361,88,19,97
TAE,2002,6,25,7,17,78.4,15.2,13.2,9.98,14.7,42.4,0,962.9,43,2.2,4.6,511,420,247,127,537,252,126,349,68,19,97
TAE,2002,6,25,8,18.9,68.2,14.9,12.9,9.78,15.2,43.8,0,962.9,46,2.8,6.6,659,520,268,137,573,373,137,338,50,19,97
TAE,2002,6,25,9,20.2,54.3,12.8,10.7,8.38,14.5,41.6,0,962.9,60,3.8,8.2,714,446,340,174,489,440,172,353,68,19,97
TAE,2002,6,25,10,20.2,55.3,13.1,11,8.58,14.7,42.1,0,963.1,59,3.6,8.5,582,156,441,243,324,350,235,360,75,19,97
TAE,2002,6,25,11,20.7,51.2,12.5,10.3,8.18,14.5,41.6,0,962.9,49,3.3,6.7,692,283,434,228,272,436,298,362,75,19,97
TAE,2002,6,25,12,21.4,48.6,12.4,10.1,8.12,14.7,42.1,0,962.6,53,3,6.5,731,396,381,195,193,463,424,358,68,19,97
TAE,2002,6,25,13,22,46.8,12.4,10.1,8.12,14.9,42.8,0,962.3,55,2.9,6.9,651,365,354,183,181,394,467,363,75,19,97
TAE,2002,6,25,14,22,46.9,12.4,10.1,8.12,14.9,42.8,0,961.9,34,2.3,5.6,553,355,301,156,155,307,483,362,75,19,97
TAE,2002,6,25,15,22.3,47.7,12.9,10.7,8.46,15.3,43.9,0,961.7,53,2.3,6.1,417,271,259,138,136,204,412,362,75,19,97
TAE,2002,6,25,16,21.9,47.6,12.5,10.3,8.19,15,42.8,0,961.7,51,2.2,4.9,340,443,152,190,79,78,531,346,55,19,97
TAE,2002,6,25,17,21.8,46.6,12.2,9.9,7.99,14.7,42.2,0,961.8,55,2.1,5.3,200,415,90,203,48,47,458,333,40,19,97
TAE,2002,6,25,18,20.6,52.7,12.7,10.6,8.32,14.6,41.8,0,962,63,1.6,3.8,73,223,46,135,25,24,230,336,45,19,97
TAE,2002,6,25,19,16.5,77.7,14.5,12.6,9.52,14.1,40.7,0,962.3,207,0.3,1.7,0,0,0,0,0,0,0,329,40,19,97
TAE,2002,6,25,20,14,86.3,13.8,11.7,9.05,12.6,36.9,0,962.5,225,0.4,1.3,0,0,0,0,0,0,0,330,45,19,97
TAE,2002,6,25,21,13.3,84.6,12.9,10.8,8.45,11.9,34.7,0,962.6,217,0.5,1.7,0,0,0,0,0,0,0,331,50,19,97
TAE,2002,6,25,22,12.5,86.2,12.5,10.3,8.18,11.2,33.2,0,962.5,207,0.2,1.5,0,0,0,0,0,0,0,325,45,19,97
TAE,2002,6,25,23,11.6,90,12.3,10,8.05,10.7,32,0,962.2,0,0,0,0,0,0,0,0,0,0,318,40,19,97
TAE,2002,6,26,0,10.9,91.7,12,9.6,7.86,10.2,30.8,0,961.9,0,0,0,0,0,0,0,0,0,0,285,0,18,97
TAE,2002,6,26,1,10.8,92.9,12,9.7,7.86,10.2,30.7,0,961.5,135,0.1,1.3,0,0,0,0,0,0,0,284,0,18,97
TAE,2002,6,26,2,10.2,93.5,11.7,9.2,7.66,9.7,29.6,0,961.4,153,0.4,1.5,0,0,0,0,0,0,0,284,0,18,97
TAE,2002,6,26,3,10,94.7,11.6,9.2,7.6,9.6,29.2,0,961.4,180,0.1,0.8,15,33,14,26,36,7,8,304,25,18,97
TAE,2002,6,26,4,10.6,94.3,12.1,9.7,7.93,10.1,30.6,0,961.4,180,0.3,1.5,115,342,58,186,354,30,30,293,13,18,97
TAE,2002,6,26,5,13,88.2,13.2,11.1,8.66,11.9,34.9,0,961.3,45,0.1,1.6,275,575,88,225,616,48,48,282,0,18,97
TAE,2002,6,26,6,15.7,80.8,14.4,12.4,9.46,13.7,39.7,0,961.3,41,1.1,3.2,454,733,101,170,763,64,63,283,0,18,97
TAE,2002,6,26,7,17.2,73,14.3,12.3,9.4,14.2,41.1,0,960.9,62,1.4,3.9,625,821,109,76,784,233,78,285,0,18,97
TAE,2002,6,26,8,18.6,68.7,14.7,12.7,9.67,15,43.2,0,960.7,40,1.8,4,772,872,117,89,713,379,92,287,0,18,97
TAE,2002,6,26,9,20.1,64,15,13.1,9.87,15.8,45.3,0,960.6,55,1.4,4.3,880,891,130,100,572,495,103,289,0,18,97
TAE,2002,6,26,10,21.5,58.2,14.9,12.9,9.8,16.1,46.5,0,960.3,58,1.5,4.8,924,835,175,113,400,566,117,291,0,18,97
TAE,2002,6,26,11,22.3,51.1,13.7,11.7,9,15.8,45.3,0,960,55,1.3,5.8,955,885,149,110,173,584,213,293,0,18,97
TAE,2002,6,26,12,23.5,47.3,13.6,11.6,8.94,16.2,46.4,0,959.5,24,1.4,9.4,807,551,320,161,160,513,460,334,40,18,97
TAE,2002,6,26,13,24.3,46.6,14.1,12.1,9.28,16.7,48.1,0,959,333,1.3,5.8,774,664,236,128,129,449,587,309,13,18,97
TAE,2002,6,26,14,24.3,44.7,13.6,11.5,8.95,16.4,47.2,0,958.7,343,1.4,4.6,706,795,141,90,91,335,724,298,0,18,97
TAE,2002,6,26,15,24.6,40.9,12.7,10.4,8.35,16,46,0,958.4,313,2.3,5.6,554,743,124,75,76,186,757,299,0,18,97
TAE,2002,6,26,16,24.5,40.8,12.5,10.3,8.22,15.9,45.6,0,958,333,1.3,4.7,365,562,129,200,69,69,631,329,33,18,97
TAE,2002,6,26,17,23.9,38.4,11.4,8.9,7.49,15,43.1,0,957.9,261,1.3,3.8,197,384,95,194,50,49,431,346,50,18,97
TAE,2002,6,26,18,21.9,52.5,13.8,11.8,9.09,15.7,45.1,0,957.7,246,1.2,2.6,71,205,47,127,25,24,214,333,38,18,97
TAE,2002,6,26,19,17.5,71,14.1,12.2,9.3,14.3,41.1,0,957.6,235,1.9,3.1,0,0,0,0,0,0,0,298,0,18,97
TAE,2002,6,26,20,15.2,76.5,13.2,11.1,8.69,12.8,37.3,0,957.5,230,1.6,3,0,0,0,0,0,0,0,298,0,18,97
TAE,2002,6,26,21,14.4,78.9,12.9,10.8,8.49,12.3,35.9,0,957.5,204,1.2,2.7,0,0,0,0,0,0,0,297,0,18,97
TAE,2002,6,26,22,13.7,80.5,12.6,10.4,8.3,11.8,34.7,0,957.3,205,1.5,3.1,0,0,0,0,0,0,0,297,0,18,97
TAE,2002,6,26,23,13.3,82.2,12.5,10.3,8.23,11.6,34.2,0,957.1,207,1.4,2.9,0,0,0,0,0,0,0,297,0,18,97
TAE,2002,6,27,0,12.7,85.7,12.6,10.4,8.3,11.4,33.7,0,956.8,146,0.8,2.3,0,0,0,0,0,0,0,297,0,19,97
TAE,2002,6,27,1,12.1,88,12.4,10.2,8.17,11,32.8,0,956.7,141,0.7,2,0,0,0,0,0,0,0,298,0,19,97
TAE,2002,6,27,2,12,88.7,12.4,10.2,8.17,11,32.7,0,956.2,130,0.8,2,0,0,0,0,0,0,0,300,0,19,97
TAE,2002,6,27,3,12,88.4,12.4,10.1,8.17,10.9,32.7,0,955.9,130,0.7,2.3,9,21,8,17,23,4,5,302,0,19,97
TAE,2002,6,27,4,11.9,90.2,12.6,10.3,8.31,11,32.9,0,955.7,135,0.3,1.3,109,315,56,173,328,29,30,303,0,19,97
TAE,2002,6,27,5,14.7,81.9,13.7,11.6,9.05,12.9,37.7,0,955.3,180,0.1,1,268,571,84,222,610,47,47,305,0,19,97
TAE,2002,6,27,6,17.3,73.6,14.5,12.5,9.59,14.4,41.7,0,955.3,11,0.5,1.6,439,697,104,168,733,65,64,307,0,19,97
TAE,2002,6,27,7,19.9,68.8,15.9,14,10.52,16.2,46.7,0,955.6,360,1,2.3,606,784,115,78,758,231,80,308,0,19,97
TAE,2002,6,27,8,21.8,59.5,15.5,13.6,10.26,16.6,48,0,955.4,199,2.5,7.2,754,850,117,89,697,372,92,310,0,19,97
TAE,2002,6,27,9,23.1,52.6,14.8,12.9,9.79,16.7,48.1,0,955.2,245,3,7.2,865,883,121,99,561,486,103,311,0,19,97
TAE,2002,6,27,10,23.8,46.2,13.6,11.6,8.99,16.3,46.8,0,954.6,262,3.7,8.4,880,748,210,128,405,543,130,323,13,19,97
TAE,2002,6,27,11,24.4,43.5,13.3,11.2,8.8,16.3,46.9,0,953.9,263,3.2,7.1,774,447,366,189,267,498,260,364,63,19,97
TAE,2002,6,27,12,24.5,45.2,13.9,11.9,9.2,16.7,48.1,0,953.2,280,3.1,7.2,591,175,437,239,236,356,345,395,100,19,97
TAE,2002,6,27,13,25.6,44.5,14.6,12.6,9.68,17.4,50.4,0,952.3,253,2.7,7.8,541,212,372,202,200,316,371,385,88,19,97
TAE,2002,6,27,14,24.6,51.2,15.9,13.9,10.56,17.7,51.6,0,952.4,311,3,6.7,496,239,329,177,175,276,400,384,88,19,97
TAE,2002,6,27,15,23.8,51.7,15.2,13.3,10.1,17.2,49.6,0,951.3,300,3,6.3,429,330,242,128,127,198,460,375,75,19,97
TAE,2002,6,27,16,23.4,51.6,14.8,12.9,9.83,16.8,48.5,0,951.6,296,2.6,7.1,185,70,153,104,85,82,157,391,100,19,97
TAE,2002,6,27,17,22,55.7,14.7,12.7,9.76,16.2,46.9,0,951.7,287,1.7,4.7,93,20,87,57,50,47,69,390,100,19,97
TAE,2002,6,27,18,21.2,58.3,14.7,12.7,9.76,15.9,46.1,0,951.5,292,1.7,4.3,46,66,37,52,21,20,81,389,100,19,97
TAE,2002,6,27,19,19.9,66,15.3,13.4,10.17,15.8,45.8,0,951.4,238,1.6,3.7,0,0,0,0,0,0,0,387,100,19,97
TAE,2002,6,27,20,17.4,84.3,16.7,14.7,11.11,15.7,45.6,3.4,952,253,1.4,5.3,0,0,0,0,0,0,0,378,88,19,97
TAE,2002,6,27,21,16,91.9,16.7,14.7,11.11,15.2,44.2,0.2,952,256,0.9,2.8,0,0,0,0,0,0,0,384,100,19,97
TAE,2002,6,27,22,16.1,88.1,16,14.1,10.63,14.9,43.1,0.3,952.5,190,1.7,8,0,0,0,0,0,0,0,382,100,19,97
TAE,2002,6,27,23,15.2,89.6,15.5,13.5,10.3,14.2,41.3,2.8,951.7,196,1.2,7,0,0,0,0,0,0,0,380,100,19,97
TAE,2002,6,28,0,14.9,92.8,15.7,13.7,10.42,14.2,41.3,3,952.8,233,1.4,7.2,0,0,0,0,0,0,0,378,100,19,97
TAE,2002,6,28,1,14.3,89.9,14.6,12.7,9.69,13.3,38.9,3.3,951.3,188,3.6,9.2,0,0,0,0,0,0,0,376,100,19,97
TAE,2002,6,28,2,13.9,92.3,14.6,12.7,9.7,13.2,38.5,0.4,951.1,256,0.7,3,0,0,0,0,0,0,0,373,100,19,97
TAE,2002,6,28,3,13.7,94.4,14.8,12.8,9.83,13.2,38.6,0,951.4,291,1.1,2.7,1,0,1,1,1,1,1,370,100,19,97
TAE,2002,6,28,4,13.8,94.3,14.9,12.9,9.89,13.3,38.9,0,951.8,217,0.5,2.1,33,34,29,33,48,16,16,367,100,19,97
TAE,2002,6,28,5,14.1,94.3,15.2,13.2,10.09,13.6,39.7,0.2,952.2,239,0.7,2.4,44,0,44,26,25,24,25,364,100,19,97
TAE,2002,6,28,6,14.4,91,15,13,9.95,13.6,39.6,0,953,262,1.5,3.4,59,0,59,34,34,32,33,362,100,19,97
TAE,2002,6,28,7,14.3,91.4,14.9,12.9,9.88,13.5,39.3,0,953.4,303,1.8,3.5,93,0,93,54,53,51,52,362,100,19,97
TAE,2002,6,28,8,14.1,90.1,14.4,12.5,9.53,13.1,38.3,0,953.8,340,1.5,4.2,109,0,109,63,62,59,61,362,100,19,97
TAE,2002,6,28,9,13.8,86.7,13.7,11.6,9.06,12.5,36.8,0,954.4,302,1.4,3.4,433,59,383,218,258,247,210,361,100,19,97
TAE,2002,6,28,10,14.8,75.1,12.6,10.4,8.32,12.3,35.9,0,954.6,304,0.8,2.5,452,45,412,236,256,256,227,361,100,19,97
TAE,2002,6,28,11,15.9,69.9,12.6,10.4,8.32,12.7,37,0,954.6,239,1.3,4.1,337,35,305,174,186,192,168,361,100,19,97
TAE,2002,6,28,12,16.4,69.5,13,10.8,8.59,13.1,38.2,0,954.7,302,1.8,4.4,613,196,441,238,236,372,359,361,100,19,97
TAE,2002,6,28,13,16.9,63.9,12.3,10,8.12,12.9,37.5,0,954.9,9,1.9,4.9,420,102,335,186,184,245,260,350,88,19,97
TAE,2002,6,28,14,17.4,55.2,10.9,8.3,7.18,12.3,35.7,0,955.4,336,1.7,5.1,264,28,245,141,139,144,163,359,100,19,97
TAE,2002,6,28,15,17.8,45.3,9.2,5.8,6.05,11.3,33.2,0,955.7,297,2.9,7.9,194,4,192,112,110,105,111,358,100,19,97
TAE,2002,6,28,16,17.4,41.9,8.3,4.3,5.45,10.5,31.3,0,956.3,303,3.1,7.6,230,95,191,136,106,102,204,357,100,19,97
TAE,2002,6,28,17,16.9,43.7,8.4,4.5,5.51,10.4,30.9,0,957,330,3.4,8.3,149,138,108,111,59,57,199,345,88,19,97
TAE,2002,6,28,18,16,47.8,8.7,4.9,5.7,10.2,30.5,0,957.5,302,1.7,4.6,44,76,38,62,22,21,88,344,88,19,97
TAE,2002,6,28,19,13.7,65.9,10.3,7.4,6.76,10.3,30.8,0,958.1,238,1.5,2.8,0,0,0,0,0,0,0,342,88,19,97
TAE,2002,6,28,20,11.8,74.2,10.2,7.4,6.69,9.4,28.7,0,959,207,0.8,2.3,0,0,0,0,0,0,0,323,68,19,97
TAE,2002,6,28,21,10.5,77,9.7,6.6,6.35,8.5,26.6,0,959.4,235,1.6,3.2,0,0,0,0,0,0,0,315,60,19,97
TAE,2002,6,28,22,8.6,87.5,9.8,6.6,6.42,7.6,24.8,0,959.5,225,0.9,2.2,0,0,0,0,0,0,0,314,60,19,97
TAE,2002,6,28,23,8.6,86.8,9.7,6.5,6.35,7.5,24.6,0,959.4,214,1.1,2.2,0,0,0,0,0,0,0,312,60,19,97
TAE,2002,6,29,0,8.1,89.4,9.7,6.5,6.35,7.3,24.1,0,959.1,221,1.1,2.1,0,0,0,0,0,0,0,317,68,19,97
TAE,2002,6,29,1,9.2,89,10.4,7.5,6.82,8.3,26.4,0,959,217,0.6,1.8,0,0,0,0,0,0,0,342,100,19,97
TAE,2002,6,29,2,9.9,86.8,10.6,7.8,6.95,8.8,27.5,0,959.3,180,0.2,1,0,0,0,0,0,0,0,343,100,19,97
TAE,2002,6,29,3,9.4,87.8,10.4,7.5,6.82,8.4,26.6,0,959.3,180,0.6,1.5,16,28,15,24,33,8,8,334,88,19,97
TAE,2002,6,29,4,9,88.2,10.1,7.2,6.62,8.1,25.7,0,959.3,225,0.2,1.1,112,322,59,180,337,31,31,313,60,19,97
TAE,2002,6,29,5,10.4,86.3,10.9,8.2,7.15,9.2,28.5,0,959.6,63,0.3,1.4,214,257,135,164,336,70,71,335,88,19,97
TAE,2002,6,29,6,12.3,78.3,11.2,8.6,7.34,10.3,30.9,0,960.1,336,1.2,3.9,367,355,197,184,471,101,102,326,75,19,97
TAE,2002,6,29,7,14.1,64.1,10.3,7.4,6.75,10.5,31.2,0,960.1,298,1.8,4.9,515,428,250,130,550,253,128,321,68,19,97
TAE,2002,6,29,8,15.2,58.3,10.1,7.1,6.61,10.8,32,0,960.1,325,2.1,4.6,606,375,327,170,504,351,167,323,68,19,97
TAE,2002,6,29,9,15.4,55.5,9.7,6.5,6.35,10.6,31.5,0,960,304,1.6,5,724,448,346,177,492,452,175,318,60,19,97
TAE,2002,6,29,10,17,46.7,9,5.5,5.89,10.9,32,0,959.9,260,2.9,6.6,758,411,389,200,410,489,197,325,68,19,97
TAE,2002,6,29,11,17.3,43.3,8.5,4.7,5.56,10.6,31.5,0,959.4,250,2.4,6.5,793,454,380,193,269,519,286,320,60,19,97
TAE,2002,6,29,12,17.9,42.1,8.6,4.9,5.63,11,32.3,0,959.1,299,2.3,6.2,762,444,371,189,188,490,446,322,60,19,97
TAE,2002,6,29,13,19.1,41.2,9.1,5.6,5.96,11.8,34.3,0,958.7,324,2.3,6.4,724,507,311,159,159,442,539,314,50,19,97
TAE,2002,6,29,14,19.5,38.8,8.8,5.1,5.76,11.7,34.2,0,958.4,333,2.3,6.2,633,533,254,131,131,345,603,306,40,19,97
TAE,2002,6,29,15,19.2,37.4,8.3,4.3,5.44,11.3,33.1,0,958.1,39,1.7,5.6,523,612,173,95,95,204,680,289,20,19,97
TAE,2002,6,29,16,19.1,37.2,8.2,4.2,5.37,11.2,32.8,0,957.7,23,1.6,4,387,663,104,196,61,62,712,272,0,19,97
TAE,2002,6,29,17,18.7,41.9,9,5.5,5.9,11.6,33.8,0,957.6,30,1.5,4.2,215,506,80,225,43,43,541,273,0,19,97
TAE,2002,6,29,18,17.7,50.3,10.2,7.2,6.7,11.9,34.8,0,957.5,49,1.9,5.1,73,234,45,140,24,24,240,290,20,19,97
TAE,2002,6,29,19,14.3,69.3,11.2,8.8,7.36,11.2,33,0,957.7,141,0.8,2.7,0,0,0,0,0,0,0,307,45,19,97
TAE,2002,6,29,20,11.3,83.4,11.2,8.6,7.36,9.8,29.9,0,957.7,225,0.6,2.1,0,0,0,0,0,0,0,310,50,19,97
TAE,2002,6,29,21,10.7,84.8,10.9,8.2,7.16,9.4,28.8,0,957.6,214,0.7,3.1,0,0,0,0,0,0,0,304,45,19,97
TAE,2002,6,29,22,9.3,89.1,10.4,7.6,6.83,8.4,26.5,0,957.6,225,0.5,1.5,0,0,0,0,0,0,0,311,55,19,97
TAE,2002,6,29,23,8.7,90.1,10.1,7.2,6.63,7.9,25.4,0,957.2,194,0.4,1.5,0,0,0,0,0,0,0,313,60,19,97
TAE,2002,6,30,0,7.9,92.5,9.9,6.8,6.5,7.3,24.3,0,957,207,0.7,1.5,0,0,0,0,0,0,0,308,55,19,97
TAE,2002,6,30,1,7.8,91.5,9.7,6.5,6.37,7.1,23.9,0,956.5,198,0.7,1.6,0,0,0,0,0,0,0,315,63,19,97
TAE,2002,6,30,2,7.4,92.8,9.6,6.3,6.31,6.8,23.3,0,956.5,194,0.4,1.6,0,0,0,0,0,0,0,310,55,19,97
TAE,2002,6,30,3,6.6,94,9.2,5.7,6.04,6.2,21.8,0,956.5,217,0.5,1.6,9,22,8,17,23,4,4,312,55,19,97
TAE,2002,6,30,4,7.6,92.3,9.6,6.4,6.3,7,23.5,0,956.7,153,0.3,1.7,109,304,60,172,321,31,32,322,68,19,97
TAE,2002,6,30,5,9.8,86.5,10.5,7.7,6.9,8.7,27.2,0,956.7,0,0.1,1.1,239,385,116,189,451,60,61,328,75,19,97
TAE,2002,6,30,6,12.1,79,11.2,8.6,7.37,10.2,30.7,0,957,360,0.5,1.7,391,463,171,185,560,88,88,325,68,19,97
TAE,2002,6,30,7,14.3,71.9,11.7,9.3,7.7,11.5,33.8,0,956.9,5,1.2,3.1,537,509,221,115,603,254,114,334,75,19,97
TAE,2002,6,30,8,15.9,67.5,12.2,9.9,8.04,12.4,36.3,0,956.6,10,1.2,3.3,654,504,277,142,570,373,141,338,75,19,97
TAE,2002,6,30,9,17.6,62.5,12.6,10.4,8.31,13.4,38.7,0,956.2,5,1.2,3.7,749,521,312,159,514,466,158,341,75,19,97
TAE,2002,6,30,10,18.1,57.8,12,9.7,7.91,13.2,38.2,0,956.1,352,1.4,4.7,816,551,323,165,422,528,164,324,50,19,97
TAE,2002,6,30,11,19.7,50.5,11.6,9.1,7.64,13.6,39.2,0,955.7,341,1.9,4.9,840,573,318,163,245,548,266,319,40,19,97
TAE,2002,6,30,12,20.9,46.6,11.5,9,7.58,14,40.3,0,955.4,297,2.2,6,862,722,227,133,134,533,468,299,13,19,97
TAE,2002,6,30,13,21.4,41.2,10.5,7.7,6.91,13.6,39.1,0,955.2,273,2.2,6.3,832,850,140,101,102,464,620,289,0,19,97
TAE,2002,6,30,14,21.8,41.1,10.8,8,7.12,13.8,40,0,954.9,266,2.7,8.2,706,805,134,90,91,338,725,290,0,19,97
TAE,2002,6,30,15,21.9,39,10.3,7.3,6.79,13.6,39.3,0,954.5,250,3,7.2,551,741,122,77,77,190,755,291,0,19,97
TAE,2002,6,30,16,21.5,41.7,10.7,7.9,7.05,13.7,39.5,0,954.4,264,2.8,6.9,382,656,102,192,60,61,703,291,0,19,97
TAE,2002,6,30,17,20.8,45.5,11,8.4,7.29,13.6,39.4,0,954.4,267,2,4.6,213,511,76,223,42,42,543,292,0,19,97
TAE,2002,6,30,18,19.4,50.8,11.2,8.7,7.41,13.2,38.3,0,954.5,276,1.8,3.9,71,204,46,126,25,24,213,302,13,19,97
TAE,2002,6,30,19,18,56.1,11.4,8.9,7.52,12.8,37.2,0,954.6,247,1.6,3.1,0,0,0,0,0,0,0,301,13,19,97
TAE,2002,6,30,20,17.2,60.6,11.8,9.3,7.77,12.6,37,0,954.7,248,1.8,2.5,0,0,0,0,0,0,0,309,25,19,97
TAE,2002,6,30,21,16.9,65.3,12.7,10.2,8.36,13,38.2,0,954.9,249,1.7,2.5,0,0,0,0,0,0,0,323,45,19,97
TAE,2002,6,30,22,17.1,67.9,13.5,11,8.9,13.5,39.7,0,955,230,0.8,1.9,0,0,0,0,0,0,0,328,55,19,97
TAE,2002,6,30,23,18.1,68.9,14.6,12.1,9.66,14.5,42.7,0,955.2,247,0.8,2.1,0,0,0,0,0,0,0,310,33,19,97
TAE,2019,7,1,0,19.3,68.5,15.6,13.2,10.34,15.5,45.7,0,955.3,172,0.7,1.9,0,0,0,0,0,0,0,406,100,18,97
TAE,2019,7,1,1,20.7,68.2,16.8,14.4,11.11,16.7,49,0,955.4,198,0.8,5.2,0,0,0,0,0,0,0,403,100,19,97
TAE,2019,7,1,2,21.9,67.1,17.6,15.3,11.68,17.6,51.7,0,955.5,216,2.6,7,0,0,0,0,0,0,0,404,100,19,97
TAE,2019,7,1,3,23.3,65,18.4,16.1,12.24,18.6,54.5,0,955.6,234,1.8,7.2,0,0,0,0,0,0,0,405,100,19,97
TAE,2019,7,1,4,24.2,62.7,18.8,16.5,12.45,19.1,56,0,955.7,239,0.8,2.5,2,0,2,1,1,1,1,406,100,19,97
TAE,2019,7,1,5,24.7,61.5,18.9,16.6,12.56,19.3,56.8,0,955.9,207,0.8,2.2,40,8,38,26,30,21,22,407,100,19,97
TAE,2019,7,1,6,24.7,63.4,19.5,17.1,12.98,19.6,57.9,0,955.9,180,0.6,1.9,235,446,90,184,491,51,51,375,50,19,97
TAE,2019,7,1,7,26.3,57.7,19.5,17.1,12.97,20.1,59.5,0,956.3,231,0.9,3.5,431,754,79,161,770,59,58,343,6,19,97
TAE,2019,7,1,8,28.4,47.9,18.6,16.3,12.33,20.3,60,0,957.1,257,2.8,6,588,789,105,75,761,215,77,363,33,19,97
TAE,2019,7,1,9,29,47.6,19,16.7,12.61,20.7,61.4,0,956.5,242,2.9,8,715,776,143,95,678,363,97,372,48,19,97
TAE,2019,7,1,10,29.1,46.4,18.8,16.4,12.47,20.5,61.1,0,956.7,220,3.7,8.1,543,262,330,187,370,314,183,410,94,19,97
TAE,2019,7,1,11,26.1,56.4,19,16.8,12.61,19.9,58.4,0.1,956.3,183,4.2,7.4,670,316,385,208,355,419,203,413,94,19,97
TAE,2019,7,1,12,29.3,41.1,16.7,14.7,11.06,19.7,57.7,0,955.6,188,3,6.9,887,754,201,124,203,562,220,400,65,19,97
TAE,2019,7,1,13,30.2,35.7,15.3,13.4,10.13,19.3,56.3,0,955.2,191,3.7,7.7,886,835,147,109,110,535,431,385,39,19,97
TAE,2019,7,1,14,30.6,33,14.4,12.5,9.53,18.9,55.2,0,954.6,192,3.3,8.7,706,577,226,138,138,409,482,403,71,19,97
TAE,2019,7,1,15,31.3,33.1,15.1,13.2,10,19.5,57.1,0,954.7,252,2.4,5.9,582,504,227,129,128,299,552,403,74,19,97
TAE,2019,7,1,16,31.4,34,15.6,13.7,10.34,19.8,58.1,0,953.8,222,1.6,4,550,757,107,87,74,172,752,378,29,19,97
TAE,2019,7,1,17,31.3,36.3,16.6,14.6,11.02,20.2,59.7,0,953.7,243,1.7,3.7,396,743,73,176,53,54,760,376,13,19,97
TAE,2019,7,1,18,28.6,52.1,20.1,17.8,13.37,21.2,62.9,0,954.9,305,3.1,10.1,206,459,76,195,43,43,491,401,73,19,97
TAE,2019,7,1,19,26.1,66.4,22.5,19.3,15.01,21.4,64.5,0,955.1,22,1.6,3.9,88,299,49,170,25,25,304,390,65,19,97
TAE,2019,7,1,20,23.5,79.1,22.8,19.7,15.21,20.9,62.3,0,954.9,135,0.6,1.5,0,0,0,0,0,0,0,410,100,19,97
TAE,2019,7,1,21,23.8,74.3,21.8,19,14.52,20.5,60.9,0,955.7,63,0.8,2.1,0,0,0,0,0,0,0,406,100,19,97
TAE,2019,7,1,22,22.7,78.9,21.7,18.8,14.45,20,59.6,0.6,956,101,1,3.7,0,0,0,0,0,0,0,403,100,19,97
TAE,2019,7,1,23,20.7,88,21.5,18.6,14.3,19.3,57.1,0.9,956.8,108,1.4,4.8,0,0,0,0,0,0,0,399,100,19,97
TAE,2019,7,2,0,18.8,86.4,18.8,16.5,12.46,17.3,50.5,4.5,957,162,3.6,12.1,0,0,0,0,0,0,0,396,100,19,97
TAE,2019,7,2,1,18,91.4,18.8,16.6,12.46,17.1,49.7,7.5,957.4,192,2.1,6.2,0,0,0,0,0,0,0,393,100,20,97
TAE,2019,7,2,2,18,93,19.2,16.9,12.73,17.3,50.4,5.3,957.5,211,1,5.1,0,0,0,0,0,0,0,393,100,20,97
TAE,2019,7,2,3,17.8,94.1,19.2,16.8,12.73,17.1,50.2,1.1,957.1,191,0.8,2.1,0,0,0,0,0,0,0,389,94,20,97
TAE,2019,7,2,4,17.2,95.4,18.7,16.5,12.39,16.7,48.7,0,957.1,279,0.8,2,4,8,4,7,9,2,2,373,68,20,97
TAE,2019,7,2,5,17.3,95.8,18.9,16.6,12.53,16.8,49.1,0,957.1,207,0.5,1.6,61,88,44,63,110,24,25,385,81,20,97
TAE,2019,7,2,6,18.5,92.7,19.8,17.3,13.14,17.7,51.9,0,957.2,117,0.6,1.1,164,122,127,115,196,69,70,380,81,20,97
TAE,2019,7,2,7,19.4,88.6,19.9,17.5,13.2,18.1,53,0,957.8,329,0.9,2.5,141,70,112,84,137,61,62,388,94,20,97
TAE,2019,7,2,8,19.8,84,19.3,17,12.79,18,52.4,0,957.7,342,1.1,2.5,45,0,45,27,26,25,26,394,100,20,97
TAE,2019,7,2,9,20,83.9,19.6,17.2,13,18.1,53.1,0,957.6,27,1,2.4,462,185,324,180,345,267,175,389,88,20,97
TAE,2019,7,2,10,21.3,79.2,20,17.6,13.27,18.8,55.1,0,957.5,45,1.1,3,576,214,397,218,377,351,212,395,81,20,97
TAE,2019,7,2,11,22.5,71.9,19.6,17.2,13,19,55.7,0,957.2,76,0.9,3.1,665,284,412,222,376,422,217,390,81,20,97
TAE,2019,7,2,12,23.4,66.5,19.1,16.8,12.67,19,55.8,0,956.9,50,1,3.3,683,286,423,227,287,437,276,401,81,20,97
TAE,2019,7,2,13,24.1,64.7,19.5,17,12.94,19.4,57.2,0,956.5,41,1.5,4.1,708,396,359,198,197,445,409,389,71,20,97
TAE,2019,7,2,14,24.7,62.6,19.4,17.1,12.88,19.6,57.6,0,956.4,43,2.1,5.1,636,354,346,188,187,388,448,386,64,20,97
TAE,2019,7,2,15,25.4,58,18.8,16.5,12.48,19.5,57.3,0,955.8,56,1.6,4.4,643,600,213,119,119,345,622,383,53,20,97
TAE,2019,7,2,16,25.7,54.3,17.9,15.8,11.88,19.2,56.1,0,955.3,43,1.8,4.6,508,575,172,100,100,207,639,373,39,20,97
TAE,2019,7,2,17,25.6,56.3,18.5,16.3,12.28,19.4,57,0,955.4,63,2.1,4.9,403,759,72,179,55,57,778,350,13,20,97
TAE,2019,7,2,18,24.8,58,18.2,16,12.08,19,55.7,0,955.4,63,1.9,4,228,607,60,235,38,38,625,350,13,20,97
TAE,2019,7,2,19,23.4,64.6,18.4,16.4,12.21,18.8,54.6,0,955.4,77,1.4,3.9,65,183,39,108,22,22,192,373,41,20,97
TAE,2019,7,2,20,19.9,83.2,19.2,17,12.75,18,52.4,0,956.1,162,0.4,1.1,0,0,0,0,0,0,0,369,39,20,97
TAE,2019,7,2,21,18.6,88.4,18.9,16.6,12.54,17.3,50.5,0,956.7,217,0.5,1.1,0,0,0,0,0,0,0,384,80,20,97
TAE,2019,7,2,22,18,88.7,18.2,16.1,12.06,16.8,48.7,0,956.7,180,0.3,1.1,0,0,0,0,0,0,0,391,100,20,97
TAE,2019,7,2,23,17.3,90.1,17.7,15.7,11.72,16.3,47.1,0,956.9,207,0.5,1.2,0,0,0,0,0,0,0,387,100,20,97
TAE,2019,7,3,0,16.2,91.8,16.9,14.9,11.19,15.4,44.6,0,956.7,214,0.4,0.8,0,0,0,0,0,0,0,383,100,20,97
TAE,2019,7,3,1,15.4,90,15.7,13.8,10.38,14.4,41.7,0,956.6,207,0.5,1.3,0,0,0,0,0,0,0,380,100,20,97
TAE,2019,7,3,2,14.6,91.2,15.2,13.2,10.05,13.8,40.1,0,956.4,214,0.4,1.1,0,0,0,0,0,0,0,379,100,20,97
TAE,2019,7,3,3,14.6,89,14.8,12.8,9.77,13.5,39.4,0,956.7,207,0.3,0.9,0,0,0,0,0,0,0,379,100,20,97
TAE,2019,7,3,4,15.7,79,14.1,12.1,9.3,13.5,39.3,0,956.8,60,0.9,2.4,3,3,3,3,4,2,2,378,100,20,97
TAE,2019,7,3,5,16.3,75.8,14,12,9.24,13.7,39.8,0,956.9,50,0.8,1.9,42,12,40,29,35,22,23,377,100,20,97
TAE,2019,7,3,6,17.1,71.9,14.1,12,9.3,14,40.7,0,957.4,41,1,2.2,122,33,113,78,99,63,64,376,100,20,97
TAE,2019,7,3,7,17.9,61.4,12.6,10.4,8.29,13.5,39,0,957.7,90,1.3,3.2,187,27,174,108,129,96,98,377,100,20,97
TAE,2019,7,3,8,18.3,60.7,12.8,10.6,8.43,13.8,39.8,0,957.5,60,1.6,3.4,388,185,271,151,334,209,147,380,100,20,97
TAE,2019,7,3,9,19,61.2,13.5,11.4,8.89,14.4,41.7,0,957.9,50,1.7,3.5,559,329,312,171,452,324,168,384,100,20,97
TAE,2019,7,3,10,20.1,59.9,14.1,12.1,9.29,15.2,43.8,0,958,43,2.3,4.4,781,666,225,131,543,477,132,379,75,20,97
TAE,2019,7,3,11,21.5,57.4,14.7,12.7,9.69,16,46.3,0,957.9,55,2.6,6,883,791,178,122,409,554,125,371,68,20,97
TAE,2019,7,3,12,22.2,57.2,15.3,13.3,10.1,16.6,48,0,957.6,45,2.7,7,845,631,272,151,235,554,250,381,75,20,97
TAE,2019,7,3,13,23.3,55.9,16,14,10.57,17.4,50.3,0,957.2,43,2.8,7.3,911,911,107,108,109,545,429,360,25,20,97
TAE,2019,7,3,14,24.1,51.9,15.5,13.6,10.24,17.4,50.3,0,957,47,2.8,6.5,829,874,114,102,103,464,602,364,33,20,97
TAE,2019,7,3,15,24.4,52.6,16,14.1,10.58,17.8,51.5,0,956.6,62,2.6,7.3,716,861,98,88,89,339,732,362,6,20,97
TAE,2019,7,3,16,24.7,49,15.3,13.3,10.11,17.5,50.6,0,956.8,72,2.7,6.4,533,671,133,88,89,204,690,368,46,20,97
TAE,2019,7,3,17,24.5,50.2,15.4,13.5,10.18,17.5,50.6,0,956.5,63,2.7,6,336,433,155,188,87,85,522,375,69,20,97
TAE,2019,7,3,18,23.8,51.3,15.1,13.2,9.98,17.1,49.3,0,956.4,93,2.1,5.4,198,392,79,168,48,47,431,377,65,20,97
TAE,2019,7,3,19,23,53.6,15.1,13.1,9.98,16.8,48.5,0,956.4,75,2,4.8,14,0,14,9,8,8,8,394,88,20,97
TAE,2019,7,3,20,21.8,56.5,14.7,12.8,9.7,16.2,46.6,0,957,85,1.2,3.8,0,0,0,0,0,0,0,365,59,20,97
TAE,2019,7,3,21,19.9,63.5,14.8,12.8,9.76,15.5,44.8,0,957.6,84,1.1,3.1,0,0,0,0,0,0,0,366,69,20,97
TAE,2019,7,3,22,17.5,77.9,15.6,13.6,10.3,15.1,43.7,0,957.8,63,0.5,2.1,0,0,0,0,0,0,0,378,94,20,97
TAE,2019,7,3,23,16.2,85,15.7,13.7,10.37,14.7,42.5,0,957.7,63,0.3,1.1,0,0,0,0,0,0,0,362,71,20,97
TAE,2019,7,4,0,15.3,88.2,15.3,13.4,10.1,14.1,40.9,0,957.6,153,0.3,1.2,0,0,0,0,0,0,0,353,64,20,97
TAE,2019,7,4,1,15.1,88,15,13.1,9.9,13.9,40.2,0,957.8,135,0.2,1,0,0,0,0,0,0,0,364,88,19,97
TAE,2019,7,4,2,15.3,85.8,14.9,12.9,9.83,13.8,40.2,0,957.8,45,0.4,1.3,0,0,0,0,0,0,0,368,94,19,97
TAE,2019,7,4,3,15,81.3,13.8,11.8,9.09,13.1,38.1,0,957.6,45,0.6,1.5,0,0,0,0,0,0,0,343,54,19,97
TAE,2019,7,4,4,14.2,77.5,12.5,10.3,8.22,12,35.1,0,957.9,45,0.6,1.5,3,6,3,5,7,2,2,325,31,19,97
TAE,2019,7,4,5,14,82.2,13.1,11,8.62,12.3,35.9,0,958.2,39,0.7,1.7,95,315,45,165,321,24,25,324,26,19,97
TAE,2019,7,4,6,16,73.8,13.4,11.3,8.82,13.2,38.4,0,958.5,42,1.2,2.3,250,571,78,222,606,45,45,328,33,19,97
TAE,2019,7,4,7,17.2,62.4,12.2,10,8.02,13,37.6,0,958.9,32,1.6,3.5,433,769,77,162,784,59,58,323,13,19,97
TAE,2019,7,4,8,18.3,59.6,12.5,10.3,8.22,13.6,39.2,0,958.7,34,1.9,4.1,606,869,76,71,808,207,74,302,0,19,97
TAE,2019,7,4,9,20,59.1,13.8,11.8,9.08,15,43.2,0,958.7,41,1.9,4.1,752,907,84,85,725,359,89,314,0,19,97
TAE,2019,7,4,10,21.7,54.5,14.1,12.1,9.28,15.8,45.4,0,958.8,57,2.2,4.5,863,926,93,97,578,481,101,324,13,19,97
TAE,2019,7,4,11,22.9,49.9,13.9,11.9,9.15,16.1,46.3,0,958.5,51,2.7,6,899,828,162,116,407,555,120,350,41,19,97
TAE,2019,7,4,12,24.1,42.3,12.7,10.5,8.35,15.8,45.5,0,958.2,65,2.4,6.2,908,808,175,126,203,567,204,361,50,19,97
TAE,2019,7,4,13,24.8,38.5,12,9.7,7.89,15.7,45,0,957.8,65,2.1,6.5,921,925,104,104,106,548,426,336,19,19,97
TAE,2019,7,4,14,25.3,39,12.6,10.4,8.3,16.2,46.6,0,957.3,54,2,4.7,842,902,104,97,98,465,609,336,0,19,97
TAE,2019,7,4,15,25.7,35.6,11.7,9.4,7.7,15.9,45.5,0,957,68,1.5,3.9,720,861,103,86,87,341,734,320,0,19,97
TAE,2019,7,4,16,25.8,37.1,12.3,10.1,8.1,16.2,46.6,0,956.6,48,1.6,3.8,568,803,97,72,73,191,786,319,0,19,97
TAE,2019,7,4,17,25.6,38.2,12.5,10.3,8.24,16.3,46.7,0,956.3,60,1.2,2.7,401,738,80,179,56,57,764,318,0,19,97
TAE,2019,7,4,18,24.8,46.4,14.5,12.5,9.58,17.1,49.3,0,956.4,159,0.9,1.8,231,613,61,237,38,38,633,317,0,19,97
TAE,2019,7,4,19,21.5,68.8,17.5,15.5,11.59,17.6,51.1,0,956.5,191,0.6,2.1,77,323,34,169,19,19,317,314,0,19,97
TAE,2019,7,4,20,17.9,80.6,16.5,14.5,10.91,15.8,45.7,0,956.8,225,1.1,2.2,0,0,0,0,0,0,0,311,0,19,97
TAE,2019,7,4,21,16.4,81.9,15.2,13.3,10.04,14.5,41.9,0,956.9,220,0.8,1.5,0,0,0,0,0,0,0,309,0,19,97
TAE,2019,7,4,22,15.6,83.8,14.8,12.9,9.77,14,40.4,0,956.8,211,0.6,1.4,0,0,0,0,0,0,0,308,0,19,97
TAE,2019,7,4,23,14.8,85.8,14.5,12.4,9.57,13.4,39.1,0,956.7,198,0.7,1.6,0,0,0,0,0,0,0,306,0,19,97
TAE,2019,7,5,0,14.7,85.1,14.2,12.2,9.37,13.2,38.5,0,956.5,189,0.7,1.3,0,0,0,0,0,0,0,305,0,19,97
TAE,2019,7,5,1,14.3,86.4,14,12.1,9.24,13,37.7,0,956.6,207,0.4,1.1,0,0,0,0,0,0,0,304,6,19,97
TAE,2019,7,5,2,13.6,88.8,13.8,11.8,9.11,12.5,36.7,0,956.1,162,0.7,1.4,0,0,0,0,0,0,0,305,0,19,97
TAE,2019,7,5,3,13.7,88.3,13.9,11.8,9.18,12.6,37,0,956.1,153,0.3,1,0,0,0,0,0,0,0,306,0,19,97
TAE,2019,7,5,4,13.4,91.4,14,12,9.24,12.6,36.8,0,956.4,135,0.4,1.7,5,26,4,16,25,2,2,307,0,19,97
TAE,2019,7,5,5,14.6,89.6,14.9,12.9,9.84,13.6,39.6,0,956.6,146,0.3,1.1,98,374,42,191,372,23,23,308,0,19,97
TAE,2019,7,5,6,17.4,82.6,16.4,14.4,10.85,15.5,45,0,956.9,180,0.1,0.7,261,661,61,233,679,39,39,313,6,19,97
TAE,2019,7,5,7,20.3,72.7,17.2,15.2,11.39,17,49.3,0,956.7,63,0.5,1.3,428,742,86,164,765,60,59,330,29,19,97
TAE,2019,7,5,8,23.1,62.8,17.7,15.6,11.73,18.2,53.1,0,956.6,217,1.7,4.6,602,850,84,70,797,210,73,309,0,19,97
TAE,2019,7,5,9,24.7,54,16.8,14.8,11.12,18.3,53.2,0,956.6,235,2.2,5.7,757,921,79,82,729,358,86,309,0,19,97
TAE,2019,7,5,10,25.2,53.6,17.2,15.1,11.39,18.6,54.4,0,956.5,270,1.9,4.9,870,943,86,93,578,479,97,310,0,19,97
TAE,2019,7,5,11,26.5,46.5,16.1,14.1,10.65,18.5,53.8,0,956.2,264,2.9,7.3,937,940,101,102,387,558,106,323,0,19,97
TAE,2019,7,5,12,27.2,42.6,15.3,13.4,10.12,18.3,53.2,0,955.8,265,2.9,8.1,951,922,115,105,171,581,189,328,0,19,97
TAE,2019,7,5,13,27.8,34.2,12.8,10.6,8.44,17.1,49.5,0,955.6,277,3.6,8.7,927,931,105,101,103,550,425,335,0,19,97
TAE,2019,7,5,14,28.8,25.2,10,6.9,6.58,15.9,45.8,0,955.2,270,2.9,5.9,849,914,103,94,96,467,611,333,0,19,97
TAE,2019,7,5,15,28.8,21.9,8.7,4.9,5.72,15.1,43.6,0,954.8,265,2.6,5.9,725,864,106,85,86,344,737,331,0,19,97
TAE,2019,7,5,16,28.8,26.6,10.5,7.7,6.92,16.2,46.6,0,954.3,257,2,4.8,573,811,98,71,72,193,793,329,0,19,97
TAE,2019,7,5,17,28.4,28.7,11.1,8.5,7.32,16.4,47.3,0,953.9,273,2.1,5.3,406,748,81,179,55,56,773,327,0,19,97
TAE,2019,7,5,18,27.4,32.7,11.9,9.6,7.86,16.5,47.6,0,953.6,277,1,3,233,617,63,239,38,38,638,325,0,19,97
TAE,2019,7,5,19,23.8,46.3,13.5,11.6,8.93,16.3,46.7,0,953.5,253,1.4,2.7,80,353,35,184,19,19,345,321,0,19,97
TAE,2019,7,5,20,18.6,62.6,13.4,11.3,8.86,14.2,41.2,0,954,215,1.3,2.4,0,0,0,0,0,0,0,311,0,19,97
TAE,2019,7,5,21,16.4,70.9,13.2,11.1,8.73,13.3,38.6,0,954.1,203,0.8,1.8,0,0,0,0,0,0,0,303,0,19,97
TAE,2019,7,5,22,15.5,72.6,12.8,10.6,8.46,12.7,37,0,954.1,214,1.1,2.1,0,0,0,0,0,0,0,299,0,19,97
TAE,2019,7,5,23,15.3,71.4,12.4,10.2,8.19,12.4,36.1,0,954.2,189,1.2,2.2,0,0,0,0,0,0,0,299,0,19,97
TAE,2019,7,6,0,14.8,74,12.5,10.2,8.26,12.2,35.8,0,953.6,173,0.8,1.5,0,0,0,0,0,0,0,303,16,19,97
TAE,2019,7,6,1,14.3,75.4,12.3,10,8.13,11.8,34.9,0,953.3,158,0.6,1,0,0,0,0,0,0,0,298,0,19,97
TAE,2019,7,6,2,13.6,79.1,12.3,10,8.13,11.6,34.2,0,952.9,158,0.6,1.1,0,0,0,0,0,0,0,301,0,19,97
TAE,2019,7,6,3,12.7,83.7,12.3,10,8.13,11.2,33.3,0,952.8,164,0.7,1.4,0,0,0,0,0,0,0,303,0,19,97
TAE,2019,7,6,4,13.1,81.6,12.3,10,8.14,11.3,33.7,0,952.6,158,0.6,1.4,4,13,3,9,13,2,2,306,6,19,97
TAE,2019,7,6,5,14.1,80,12.9,10.7,8.54,12.1,35.8,0,952.2,153,0.4,0.8,96,359,42,183,359,23,23,312,0,19,97
TAE,2019,7,6,6,17.4,70.4,13.9,12,9.21,14.1,40.8,0,952.2,135,0.1,0.5,254,626,66,228,650,41,41,326,23,19,97
TAE,2019,7,6,7,20.1,59.5,14,12,9.28,15.2,43.8,0,952,342,0.6,1.8,297,253,189,164,362,101,103,376,90,19,97
TAE,2019,7,6,8,21.8,55.2,14.4,12.4,9.55,16,46.2,0,952.2,360,0.7,1.8,349,106,285,161,268,186,155,387,100,19,97
TAE,2019,7,6,9,23.4,58.8,16.9,14.9,11.24,17.9,52.1,0,952.5,342,0.7,2.3,310,21,295,171,187,172,165,391,100,19,97
TAE,2019,7,6,10,24.2,51.5,15.5,13.6,10.28,17.5,50.5,0,953,243,3.3,8.1,412,66,356,203,249,237,196,394,100,19,97
TAE,2019,7,6,11,23.6,52.6,15.3,13.3,10.16,17.1,49.6,0,951.9,204,3.9,10.1,310,28,285,164,180,176,159,398,100,19,97
TAE,2019,7,6,12,24.9,49.3,15.5,13.6,10.3,17.7,51.3,0,951.2,198,4,9.1,701,336,396,211,257,448,287,398,94,19,97
TAE,2019,7,6,13,26.7,43.5,15.2,13.3,10.1,18.1,52.6,0,950.9,214,2.5,6.3,616,259,386,210,208,383,339,400,94,19,97
TAE,2019,7,6,14,23.7,56.9,16.5,14.7,10.96,17.9,51.7,0,953,240,5.1,19.3,77,0,77,45,44,42,43,403,100,19,97
TAE,2019,7,6,15,19.3,72.8,16.3,14.3,10.84,16.1,46.9,0,951.6,200,7.8,16.2,63,0,63,37,36,34,35,402,100,19,97
TAE,2019,7,6,16,21.2,63,15.8,13.9,10.51,16.6,48,0,950.7,211,4.1,9.6,423,325,234,127,126,201,447,389,81,19,97
TAE,2019,7,6,17,23.1,56.8,16,14.1,10.65,17.4,50.3,0,950.7,235,2.1,6.1,360,577,116,180,68,68,634,372,53,19,97
TAE,2019,7,6,18,23.3,55.7,15.9,14,10.59,17.4,50.4,0,950.2,223,2.2,6.5,224,597,59,227,37,37,615,355,13,19,97
TAE,2019,7,6,19,22.3,59.2,15.9,14,10.59,17,49.3,0,950.1,225,1.5,5.1,70,249,38,138,21,21,251,362,25,19,97
TAE,2019,7,6,20,21.9,57.8,15.2,13.2,10.11,16.4,47.7,0,950.6,209,2.9,7.8,0,0,0,0,0,0,0,353,13,19,97
TAE,2019,7,6,21,21.3,62.5,15.8,13.9,10.52,16.6,48.1,0,950.4,243,1.6,6.5,0,0,0,0,0,0,0,373,55,19,97
TAE,2019,7,6,22,21.3,64.5,16.3,14.3,10.85,16.9,49,0,950.9,258,1.6,3.7,0,0,0,0,0,0,0,369,60,19,97
TAE,2019,7,6,23,21.8,63.4,16.6,14.5,11.05,17.1,50,0,950.7,197,3.8,7.8,0,0,0,0,0,0,0,378,81,19,97
TAE,2019,7,7,0,20.9,67.7,16.7,14.7,11.12,16.9,49.3,0,950.5,243,1.1,4.6,0,0,0,0,0,0,0,356,54,19,97
TAE,2019,7,7,1,21.1,67.2,16.9,14.8,11.27,17.1,49.8,0,950,264,1.1,3.4,0,0,0,0,0,0,0,365,66,19,97
TAE,2019,7,7,2,21.4,64.9,16.5,14.5,11,17,49.5,0,949.6,231,1.8,6.5,0,0,0,0,0,0,0,371,88,19,97
TAE,2019,7,7,3,21.9,56.5,14.8,12.9,9.85,16.3,47.1,0,949.7,195,5.3,10.8,0,0,0,0,0,0,0,380,100,19,97
TAE,2019,7,7,4,16.8,87.1,16.6,14.6,11.04,15.4,44.8,14.4,952.2,253,3.7,11.9,3,4,3,4,6,2,2,383,100,19,97
TAE,2019,7,7,5,16.2,89.1,16.4,14.4,10.91,15.1,43.9,4.2,951.7,230,2.6,8.8,47,128,29,75,136,16,16,382,100,19,97
TAE,2019,7,7,6,16.3,86.4,16,14,10.65,14.9,43.3,0.2,950.7,182,3.7,10.9,107,37,96,68,93,52,54,382,100,19,97
TAE,2019,7,7,7,16.9,83.5,16.1,14.1,10.72,15.2,44.1,0,950.4,183,2,9,301,287,157,128,368,90,91,374,84,19,97
TAE,2019,7,7,8,19.2,78.6,17.5,15.4,11.66,16.8,48.9,0,950.7,310,1.9,6.3,460,423,198,112,502,217,110,368,68,19,97
TAE,2019,7,7,9,22.1,63.9,16.9,15,11.25,17.5,50.8,0,951,223,2.8,7.8,614,526,229,134,548,330,134,371,71,19,97
TAE,2019,7,7,10,22.2,62.9,16.9,14.8,11.25,17.4,50.9,0,951.2,230,2.7,6.7,498,120,398,223,311,293,216,388,94,19,97
TAE,2019,7,7,11,23.5,58.4,16.9,14.9,11.25,17.9,52.3,0,950.9,224,3.8,9.8,834,694,216,138,385,520,139,378,74,19,97
TAE,2019,7,7,12,24.3,55.1,16.7,14.7,11.12,18.1,52.8,0,950.7,223,3.8,8.3,895,793,176,119,191,569,213,374,65,19,97
TAE,2019,7,7,13,25.2,52.9,17,14.9,11.33,18.5,54.2,0,950.3,249,3.7,9.3,453,125,342,189,187,275,258,391,88,19,97
TAE,2019,7,7,14,24.2,55.7,16.8,14.8,11.19,18.1,52.8,0,950.4,272,3.4,8.5,509,200,349,191,189,304,349,394,90,19,97
TAE,2019,7,7,15,23,59.2,16.6,14.6,11.05,17.6,51.3,0,950.6,295,2.4,6.5,423,181,293,163,161,239,323,397,100,19,97
TAE,2019,7,7,16,21.7,61.9,16,14.1,10.65,16.9,48.9,0,950.8,304,2.4,6,327,149,245,138,137,164,287,392,94,19,97
TAE,2019,7,7,17,21.3,60.4,15.3,13.3,10.17,16.3,47.3,0,950.9,265,1.4,3.7,365,583,101,153,63,63,626,374,81,19,97
TAE,2019,7,7,18,22.1,58.6,15.6,13.6,10.37,16.7,48.6,0,950.9,257,1.4,3.4,164,363,74,171,41,41,397,373,59,19,97
TAE,2019,7,7,19,20.8,68.6,16.8,14.8,11.18,17,49.3,0,951.2,253,1.1,2.2,69,227,42,132,23,22,233,366,50,19,97
TAE,2019,7,7,20,17.6,84.8,17,15,11.31,16,46.4,0,951.8,211,0.7,2.1,0,0,0,0,0,0,0,371,81,19,97
TAE,2019,7,7,21,16.3,88,16.3,14.3,10.84,15.1,43.8,0,952,220,0.8,1.8,0,0,0,0,0,0,0,378,88,19,97
TAE,2019,7,7,22,16.7,86.5,16.4,14.4,10.9,15.3,44.4,0,952.4,234,1,2.8,0,0,0,0,0,0,0,383,88,19,97
TAE,2019,7,7,23,16.8,86.9,16.6,14.6,11.03,15.4,44.8,0,952.8,231,0.8,2.5,0,0,0,0,0,0,0,373,88,19,97
TAE,2019,7,8,0,16.3,91.7,17,14.9,11.3,15.4,45,0,952.9,207,0.5,1.5,0,0,0,0,0,0,0,377,100,19,97
TAE,2019,7,8,1,16.5,92.3,17.4,15.2,11.57,15.7,45.9,0,952.9,63,0.3,1.3,0,0,0,0,0,0,0,376,94,19,97
TAE,2019,7,8,2,16.4,91.8,17.2,15.1,11.43,15.6,45.4,0,952.9,146,0.4,1.5,0,0,0,0,0,0,0,376,94,19,97
TAE,2019,7,8,3,16.3,89.5,16.6,14.6,11.03,15.2,44.3,0,953.1,72,0.8,2.3,0,0,0,0,0,0,0,356,61,19,97
TAE,2019,7,8,4,14.4,95.2,15.6,13.6,10.35,13.9,40.6,0,953.2,0,0.3,1.1,3,7,3,5,8,2,2,357,55,19,97
TAE,2019,7,8,5,14.8,92.8,15.7,13.6,10.41,14.1,41.2,0,953.6,207,0.5,1.4,92,348,42,179,349,23,23,346,26,19,97
TAE,2019,7,8,6,16.3,86.8,16.1,14.1,10.68,14.9,43.4,0,953.6,90,0.4,1.8,211,392,102,188,446,55,56,360,60,19,97
TAE,2019,7,8,7,17.7,80.9,16.4,14.4,10.88,15.6,45.4,0,953.8,39,1.4,3.3,256,118,204,144,238,109,111,378,100,19,97
TAE,2019,7,8,8,17.9,80.2,16.5,14.4,10.94,15.7,45.7,0,954.5,42,1.6,3.3,284,47,255,147,192,155,142,379,100,19,97
TAE,2019,7,8,9,18.5,78.2,16.6,14.6,11.01,16,46.5,0,954.4,58,1.5,3.5,398,130,298,168,276,229,163,378,94,19,97
TAE,2019,7,8,10,19.6,73.8,16.8,14.8,11.14,16.5,48,0,954.6,42,1.7,3.8,413,124,312,175,270,243,169,379,94,19,97
TAE,2019,7,8,11,20,71.5,16.7,14.7,11.08,16.6,48.2,0,954.6,40,2,4.7,390,46,349,201,227,224,194,384,94,19,97
TAE,2019,7,8,12,20.5,70.7,17.1,15,11.35,17,49.4,0,954.4,47,2,5.4,350,18,334,194,198,196,187,386,100,19,97
TAE,2019,7,8,13,20.3,70.2,16.7,14.7,11.08,16.7,48.5,0,954.4,48,2.5,5.8,313,22,293,170,168,177,176,387,100,19,97
TAE,2019,7,8,14,19.3,72.5,16.2,14.2,10.74,16.1,46.6,0,954.6,44,3,6.7,329,13,318,186,184,183,189,386,100,19,97
TAE,2019,7,8,15,19.4,70.1,15.7,13.8,10.4,15.9,45.9,0,954.4,71,2.2,4.7,276,10,268,157,155,152,160,385,100,19,97
TAE,2019,7,8,16,19.5,67.9,15.3,13.4,10.14,15.7,45.3,0,954.2,63,1.7,4,215,40,192,111,109,115,148,384,100,19,97
TAE,2019,7,8,17,19.5,66.5,15.1,13.1,10,15.5,45,0,954.1,81,1.6,3.4,218,83,183,126,103,99,188,384,100,19,97
TAE,2019,7,8,18,19.5,64.8,14.7,12.7,9.73,15.3,44.3,0,954,90,1.3,3.5,133,92,110,97,62,60,154,379,81,19,97
TAE,2019,7,8,19,18.3,74.2,15.6,13.6,10.34,15.4,44.6,0,954.1,52,1.2,3.1,41,39,36,39,21,20,57,365,68,19,97
TAE,2019,7,8,20,16.2,85.3,15.7,13.7,10.4,14.7,42.6,0,954.4,63,0.6,2.4,0,0,0,0,0,0,0,360,61,19,97
TAE,2019,7,8,21,14.6,91.5,15.2,13.2,10.06,13.8,40.1,0,954.6,214,0.7,1.8,0,0,0,0,0,0,0,362,71,19,97
TAE,2019,7,8,22,14.2,91.5,14.8,12.8,9.79,13.4,39,0,954.8,214,0.5,1.8,0,0,0,0,0,0,0,355,64,19,97
TAE,2019,7,8,23,13.9,92.5,14.7,12.7,9.73,13.2,38.5,0,954.6,236,0.4,1.4,0,0,0,0,0,0,0,358,78,19,97
TAE,2019,7,9,0,14.4,92.4,15.1,13.2,10,13.7,39.7,0,954.5,207,0.5,1.1,0,0,0,0,0,0,0,362,88,19,97
TAE,2019,7,9,1,14.6,92.8,15.4,13.4,10.2,13.9,40.5,0,954.3,180,0.3,0.9,0,0,0,0,0,0,0,368,100,21,97
TAE,2019,7,9,2,15.2,90,15.5,13.6,10.27,14.2,41.2,0,954.5,39,0.7,2.4,0,0,0,0,0,0,0,358,94,21,97
TAE,2019,7,9,3,14.6,76,12.6,10.4,8.32,12.2,35.7,0,954.8,49,1.1,3.2,0,0,0,0,0,0,0,349,88,21,97
TAE,2019,7,9,4,14.1,74.6,12,9.7,7.92,11.6,34.2,0,954.6,60,0.9,2.4,0,0,0,0,0,0,0,364,81,21,97
TAE,2019,7,9,5,13.9,75.9,12.1,9.7,7.99,11.5,34.2,0,954.4,45,1.2,2.8,35,13,33,25,32,18,19,362,88,21,97
TAE,2019,7,9,6,14,71.7,11.5,9,7.58,11.2,33.2,0,954.9,52,1.2,2.5,104,12,100,63,71,56,57,361,100,21,97
TAE,2019,7,9,7,14.6,67.7,11.2,8.7,7.38,11.3,33.3,0,955,67,1.4,3,253,110,201,140,230,110,112,362,94,21,97
TAE,2019,7,9,8,15.2,66.3,11.5,9,7.58,11.7,34.5,0,955.1,35,2.1,4.1,384,164,286,161,328,208,156,365,94,21,97
TAE,2019,7,9,9,16.2,65.1,12,9.6,7.92,12.4,36.3,0,954.9,50,1.8,4.2,655,591,220,129,600,370,129,354,59,21,97
TAE,2019,7,9,10,17.6,60.7,12.2,9.9,8.05,13.1,38.1,0,954.8,47,1.9,4.6,857,905,108,105,587,497,109,345,36,21,97
TAE,2019,7,9,11,18.6,55.5,11.9,9.5,7.85,13.3,38.6,0,955.1,65,1.9,4.7,675,331,384,212,390,433,208,365,71,21,97
TAE,2019,7,9,12,19.5,54.7,12.4,10.1,8.18,14,40.4,0,955,49,1.9,5.2,606,237,392,217,242,388,280,377,88,21,97
TAE,2019,7,9,13,19.7,53.3,12.2,9.9,8.05,13.9,40.2,0,954.6,68,1.4,3.7,601,224,406,228,226,375,359,369,78,21,97
TAE,2019,7,9,14,20.1,53,12.4,10.2,8.19,14.2,41,0,954.2,58,1.8,5.2,712,521,290,160,160,442,531,357,64,21,97
TAE,2019,7,9,15,20.7,47.7,11.7,9.2,7.72,14,40.4,0,953.9,100,1.5,4.3,644,611,212,124,124,350,635,356,41,21,97
TAE,2019,7,9,16,21,44.1,10.9,8.3,7.19,13.7,39.4,0,953.5,60,1.9,5.3,563,797,99,77,78,202,788,342,19,21,97
TAE,2019,7,9,17,21,44,10.9,8.3,7.19,13.7,39.4,0,953.4,72,1.8,4.4,365,569,125,186,73,73,639,333,39,21,97
TAE,2019,7,9,18,20.2,47.5,11.2,8.7,7.39,13.6,39.1,0,953.8,65,2,5,227,598,63,230,40,40,623,330,19,21,97
TAE,2019,7,9,19,18.8,53.2,11.5,9.1,7.59,13.2,38.1,0,954.3,61,1.4,3.4,71,282,34,147,19,19,282,335,39,21,97
TAE,2019,7,9,20,17.2,59.1,11.6,9.1,7.65,12.6,36.7,0,955.1,45,0.9,2.4,0,0,0,0,0,0,0,339,33,21,97
TAE,2019,7,9,21,15,66.1,11.3,8.7,7.45,11.5,33.9,0,955.3,59,0.7,2.7,0,0,0,0,0,0,0,313,0,21,97
TAE,2019,7,9,22,13.2,73,11.1,8.5,7.31,10.6,31.7,0,955.7,63,0.5,1.6,0,0,0,0,0,0,0,306,0,21,97
TAE,2019,7,9,23,12.3,74.8,10.7,8,7.04,10,30.1,0,956.1,50,0.8,1.9,0,0,0,0,0,0,0,303,0,21,97
TAE,2019,7,10,0,11.7,76.2,10.4,7.7,6.84,9.6,29,0,956.1,56,0.7,1.9,0,0,0,0,0,0,0,299,0,21,97
TAE,2019,7,10,1,13,64.6,9.6,6.5,6.31,9.6,29,0,956,82,1.6,4,0,0,0,0,0,0,0,279,0,19,97
TAE,2019,7,10,2,12.3,65.3,9.4,6,6.18,9,27.9,0,955.9,95,1.2,3.8,0,0,0,0,0,0,0,278,0,19,97
TAE,2019,7,10,3,10.4,76.1,9.6,6.4,6.31,8.3,26.3,0,956,81,0.7,2.7,0,0,0,0,0,0,0,278,0,19,97
TAE,2019,7,10,4,10.1,76.5,9.4,6.2,6.18,8.1,25.7,0,955.9,72,0.8,2.3,0,0,0,0,0,0,0,277,0,19,97
TAE,2019,7,10,5,9.9,81.4,9.9,6.9,6.51,8.3,26.3,0,956,56,0.5,1.5,89,327,40,166,330,22,22,305,19,19,97
TAE,2019,7,10,6,11.6,74.4,10.1,7.2,6.64,9.3,28.4,0,956,41,0.9,2.3,250,616,67,222,644,41,41,290,19,19,97
TAE,2019,7,10,7,13.2,65.7,9.9,6.9,6.51,9.8,29.7,0,956.3,45,1.8,4.3,430,785,74,156,800,58,57,276,0,19,97
TAE,2019,7,10,8,14.6,61.4,10.2,7.3,6.7,10.6,31.6,0,956.5,54,2,4.5,602,867,80,71,814,215,73,277,0,19,97
TAE,2019,7,10,9,16.3,54.7,10.1,7.2,6.64,11.3,33.2,0,956.4,72,2.2,5.7,757,930,79,84,741,367,88,278,0,19,97
TAE,2019,7,10,10,17.5,50.8,10.2,7.2,6.71,11.8,34.6,0,956.4,66,2.5,6.5,867,939,93,96,590,492,100,279,0,19,97
TAE,2019,7,10,11,18.6,50,10.7,8,7.04,12.6,36.6,0,956.1,55,2.4,5.3,945,968,88,103,389,571,107,279,0,19,97
TAE,2019,7,10,12,19.2,48.3,10.7,8,7.04,12.8,37.2,0,955.9,41,2.2,5.9,957,939,109,107,167,596,194,284,0,19,97
TAE,2019,7,10,13,19.9,44.5,10.3,7.5,6.78,12.9,37.2,0,955.6,38,1.8,5.4,921,909,122,106,108,566,433,288,6,19,97
TAE,2019,7,10,14,20.3,42.3,10.1,7.1,6.65,12.9,37.3,0,955.3,50,1.4,4.2,852,924,99,96,97,480,614,289,0,19,97
TAE,2019,7,10,15,20.9,40.7,10.1,7.1,6.65,13.1,37.9,0,955.3,51,1.6,4.7,723,864,107,87,88,356,740,289,0,19,97
TAE,2019,7,10,16,21.1,39.3,9.8,6.7,6.45,13,37.6,0,955.2,49,1.6,4.4,569,803,102,73,74,203,791,290,0,19,97
TAE,2019,7,10,17,21.4,32.8,8.3,4.4,5.45,12.2,35.4,0,955.1,45,1.6,3.6,400,735,83,173,56,57,766,290,0,19,97
TAE,2019,7,10,18,20.6,37.1,8.9,5.5,5.85,12.3,35.6,0,954.8,79,1,2.8,229,618,62,233,38,38,640,291,6,19,97
TAE,2019,7,10,19,17.3,59.7,11.7,9.4,7.72,12.8,36.9,0,954.9,188,0.8,1.8,75,325,34,167,19,19,320,289,25,19,97
TAE,2019,7,10,20,13.2,76.8,11.6,9.2,7.64,11,32.6,0,955.5,225,1.1,2.3,0,0,0,0,0,0,0,293,0,19,97
TAE,2019,7,10,21,11.7,82.2,11.3,8.8,7.44,10.1,30.5,0,955.4,216,0.9,1.9,0,0,0,0,0,0,0,310,19,19,97
TAE,2019,7,10,22,11.4,82.1,11.1,8.5,7.31,9.8,29.9,0,955.3,204,1,1.9,0,0,0,0,0,0,0,319,35,19,97
TAE,2019,7,10,23,10.9,83.5,10.9,8.2,7.18,9.4,29.1,0,955.1,194,0.5,1.1,0,0,0,0,0,0,0,320,29,19,97
TAE,2019,7,11,0,10.1,86.3,10.7,7.9,7.05,8.9,27.9,0,954.8,162,0.3,0.7,0,0,0,0,0,0,0,324,41,19,97
TAE,2019,7,11,1,9.8,87.9,10.7,7.9,7.05,8.8,27.6,0,954.2,162,0.4,0.9,0,0,0,0,0,0,0,328,60,19,97
TAE,2019,7,11,2,10,87.2,10.7,8,7.06,8.9,27.8,0,953.9,180,0.3,1.1,0,0,0,0,0,0,0,328,55,19,97
TAE,2019,7,11,3,10.2,85.7,10.6,7.9,7,9,27.9,0,953.1,180,0.5,1.2,0,0,0,0,0,0,0,346,75,19,97
TAE,2019,7,11,4,10.7,85.8,11,8.4,7.26,9.5,29.1,0,953,214,0.5,1.7,0,0,0,0,0,0,0,356,94,19,97
TAE,2019,7,11,5,11.7,80.9,11.1,8.5,7.33,10,30.2,0,953.4,214,0.5,1.5,49,141,36,88,149,19,20,353,88,19,97
TAE,2019,7,11,6,13.4,75.5,11.6,9.2,7.66,11,32.8,0,953.2,166,0.4,1.2,160,133,117,108,202,63,64,358,94,19,97
TAE,2019,7,11,7,15.5,66.9,11.8,9.4,7.8,12,35.3,0,953.2,18,0.4,2.1,188,49,169,110,148,92,94,360,94,19,97
TAE,2019,7,11,8,16.2,68.9,12.7,10.5,8.4,12.9,37.5,0,953.5,320,0.9,2.4,182,1,182,106,105,100,102,366,100,19,97
TAE,2019,7,11,9,16.5,70.2,13.2,11.1,8.73,13.3,38.7,0,953.3,34,0.6,1.9,279,9,273,159,165,154,153,369,100,19,97
TAE,2019,7,11,10,17.9,67,13.7,11.7,9.07,14.2,41,0,953.2,37,0.7,2.5,485,110,393,221,301,285,214,372,100,19,97
TAE,2019,7,11,11,19,55.5,12.2,9.9,8.07,13.7,39.6,0,953.1,15,1.2,2.6,391,27,367,213,226,220,205,375,100,19,97
TAE,2019,7,11,12,19.4,59.1,13.3,11.2,8.8,14.5,41.8,0,953.2,337,1.7,3.8,379,24,357,207,214,214,200,378,100,19,97
TAE,2019,7,11,13,19.9,54.3,12.6,10.4,8.34,14.3,41.2,0,952.8,13,1.6,3.6,365,17,350,203,200,204,205,379,100,19,97
TAE,2019,7,11,14,19.3,58.3,13,10.9,8.6,14.3,41.2,0,953.4,37,1.6,3.2,165,1,165,96,95,91,93,379,100,19,97
TAE,2019,7,11,15,17.3,75.6,14.9,13,9.87,14.7,42.4,0.2,953.5,157,1.1,3.2,82,0,82,48,47,45,46,379,100,19,97
TAE,2019,7,11,16,16.4,80.6,15.1,13.1,10.01,14.4,41.8,0.1,953.2,180,1.1,3.5,109,0,109,64,63,60,61,378,100,19,97
TAE,2019,7,11,17,17.1,74.6,14.6,12.6,9.68,14.4,41.7,0,953.2,270,0.4,1.8,138,5,136,80,78,74,82,378,100,19,97
TAE,2019,7,11,18,17.7,71.4,14.4,12.5,9.54,14.5,42,0,953.3,270,0.6,1.6,123,102,98,94,55,53,157,374,88,19,97
TAE,2019,7,11,19,17.3,74.9,14.8,12.8,9.81,14.6,42.2,0,953.5,162,0.4,1.2,28,41,22,30,12,12,52,376,94,19,97
TAE,2019,7,11,20,15.8,84.4,15.1,13.2,10.01,14.2,41.2,0,953.6,207,0.6,1.6,0,0,0,0,0,0,0,374,100,19,97
TAE,2019,7,11,21,14.3,87.2,14.2,12.2,9.4,13.1,38.1,0,953.8,162,0.5,1.5,0,0,0,0,0,0,0,368,94,19,97
TAE,2019,7,11,22,13.6,91.5,14.2,12.2,9.4,12.8,37.4,0,953.8,191,0.5,1.3,0,0,0,0,0,0,0,365,100,19,97
TAE,2019,7,11,23,13.4,91.7,14.1,12.1,9.33,12.6,37,0,953.6,194,0.4,1.1,0,0,0,0,0,0,0,350,75,19,97
TAE,2019,7,12,0,13.1,90.1,13.5,11.5,8.94,12.2,35.7,0,953.1,180,0.6,1.4,0,0,0,0,0,0,0,335,38,19,97
TAE,2019,7,12,1,12.6,91.5,13.3,11.3,8.81,11.8,34.9,0,952.8,180,0.7,1.3,0,0,0,0,0,0,0,340,58,19,97
TAE,2019,7,12,2,11.7,92.7,12.8,10.6,8.47,11.1,33.1,0,952.4,180,0.6,1.5,0,0,0,0,0,0,0,323,33,19,97
TAE,2019,7,12,3,11.3,93,12.5,10.2,8.27,10.7,32.2,0,952.3,180,0.3,1,0,0,0,0,0,0,0,353,84,19,97
TAE,2019,7,12,4,11.9,92.2,12.9,10.7,8.54,11.2,33.5,0,952.3,153,0.3,0.9,0,0,0,0,0,0,0,360,88,19,97
TAE,2019,7,12,5,12.9,91.1,13.6,11.5,9.01,12.1,35.7,0,952.5,360,0.6,2.6,16,1,15,9,10,9,9,368,100,19,97
TAE,2019,7,12,6,13.6,90.6,14.1,12.1,9.34,12.7,37.3,0.3,953.2,349,1.3,5.1,117,63,96,75,120,52,53,369,100,19,97
TAE,2019,7,12,7,13.8,92.1,14.5,12.5,9.61,13,38.1,1.2,953.1,126,0.9,2.6,181,63,156,105,154,84,86,371,100,19,97
TAE,2019,7,12,8,14.2,93.6,15.1,13.2,10.01,13.6,39.6,1.1,953.1,108,1.3,4.1,210,19,199,115,133,114,111,373,100,19,97
TAE,2019,7,12,9,14.6,90.9,15.1,13.1,10,13.7,40,1.3,953.9,68,2,6.2,104,0,104,61,60,57,59,376,100,19,97
TAE,2019,7,12,10,15.2,90.9,15.7,13.7,10.41,14.3,41.6,0.2,953.5,135,1.4,5.3,249,13,239,139,147,139,134,378,94,19,97
TAE,2019,7,12,11,16.4,85.9,16,14,10.62,14.9,43.4,0.2,953.2,130,1.1,3.4,239,11,229,133,136,134,128,381,100,19,97
TAE,2019,7,12,12,19.3,72.9,16.3,14.3,10.83,16.1,46.9,0,952.4,194,1.4,5.9,800,569,288,164,228,516,250,362,68,19,97
TAE,2019,7,12,13,21.6,61.1,15.7,13.8,10.43,16.7,48.2,0,951.8,223,2.1,6,754,512,303,169,169,481,390,373,69,19,97
TAE,2019,7,12,14,22.5,56.2,15.4,13.3,10.23,16.7,48.7,0,951.3,223,2.8,7.7,660,445,297,162,161,404,463,373,81,19,97
TAE,2019,7,12,15,22.9,55.8,15.6,13.6,10.38,17,49.4,0,950.5,205,3.4,7,588,455,266,139,139,333,539,370,75,19,97
TAE,2019,7,12,16,22,63.1,16.5,14.7,10.99,17.3,50.1,0,950.4,238,3.8,8.4,315,143,225,128,126,166,261,382,94,19,97
TAE,2019,7,12,17,19.1,72.5,16,14,10.65,15.9,46.2,0,950.4,45,1.2,3.3,256,165,184,141,101,97,272,375,81,19,97
TAE,2019,7,12,18,19.3,72.9,16.3,14.3,10.85,16.1,46.9,0,950.6,326,0.8,2.7,142,169,96,110,53,51,222,375,81,19,97
TAE,2019,7,12,19,18.6,79.3,17,14.9,11.32,16.3,47.4,0,951.1,284,0.6,1.5,29,11,27,21,15,15,26,386,100,19,97
TAE,2019,7,12,20,19.4,66.5,14.8,13,9.83,15.4,44.4,0,951.4,277,1.8,6.3,0,0,0,0,0,0,0,380,94,19,97
TAE,2019,7,12,21,20.3,51.4,12.2,10,8.07,14.2,40.9,0,952,270,2.8,6.4,0,0,0,0,0,0,0,367,71,19,97
TAE,2019,7,12,22,19,57,12.4,10.3,8.2,13.9,39.9,0,952.8,275,1.3,4.4,0,0,0,0,0,0,0,366,80,19,97
TAE,2019,7,12,23,16.3,81.7,15.1,13.2,10.01,14.4,41.7,0,953.5,45,0.9,6.1,0,0,0,0,0,0,0,375,100,19,97
TAE,2019,7,13,0,15.5,85.5,15.1,13.1,10,14,40.9,4.5,954,333,1,4,0,0,0,0,0,0,0,373,100,19,97
TAE,2019,7,13,1,14.4,93.6,15.3,13.4,10.14,13.8,40.1,3,953.9,219,0.8,2.2,0,0,0,0,0,0,0,371,100,21,97
TAE,2019,7,13,2,14,89,14.3,12.2,9.47,12.9,38,0.7,953.5,246,1.4,4.3,0,0,0,0,0,0,0,370,100,21,97
TAE,2019,7,13,3,13.7,92.1,14.4,12.4,9.53,12.9,37.8,0,954.1,256,0.5,1.8,0,0,0,0,0,0,0,365,94,21,97
TAE,2019,7,13,4,13.7,90.6,14.2,12.2,9.39,12.8,37.5,0,954.6,270,1.1,3.5,0,0,0,0,0,0,0,351,78,21,97
TAE,2019,7,13,5,13.9,90.2,14.3,12.3,9.46,12.9,37.9,0,954.9,265,1.2,2.9,48,34,43,40,57,24,24,351,75,21,97
TAE,2019,7,13,6,14.8,86.9,14.6,12.6,9.65,13.5,39.3,0,955.2,234,1.5,4.4,208,376,91,161,428,54,54,333,50,21,97
TAE,2019,7,13,7,15.8,80.9,14.5,12.5,9.58,13.8,40.1,0,955.5,220,1.8,4.6,410,710,91,161,748,66,66,325,29,21,97
TAE,2019,7,13,8,16.9,71,13.7,11.6,9.05,13.7,39.9,0,955.7,250,2.1,4.7,590,826,98,80,804,231,82,326,25,21,97
TAE,2019,7,13,9,17.9,62.9,12.8,10.7,8.44,13.7,39.4,0,955.7,265,2.5,6.3,727,837,122,99,722,385,102,330,33,21,97
TAE,2019,7,13,10,18.4,59.3,12.6,10.3,8.31,13.6,39.6,0,955.8,297,2.5,6.4,841,866,129,113,588,503,117,334,29,21,97
TAE,2019,7,13,11,19.8,52.8,12.2,9.9,8.04,14,40.3,0,955.6,309,2.9,7.3,924,924,110,114,408,583,119,331,25,21,97
TAE,2019,7,13,12,20.3,50.7,12.1,9.8,7.98,14.1,40.7,0,955.6,273,2.6,6.1,819,593,285,168,253,548,239,341,50,21,97
TAE,2019,7,13,13,20.6,49.1,11.9,9.6,7.85,14.1,40.6,0,955.3,326,2.9,6.5,782,563,288,168,168,515,424,355,61,21,97
TAE,2019,7,13,14,20.2,51,12,9.7,7.91,14,40.4,0,955.1,313,2.3,5.1,598,289,362,202,200,376,410,366,75,21,97
TAE,2019,7,13,15,20.9,48.1,11.8,9.5,7.78,14.2,40.8,0,955,301,2.3,6,610,492,259,142,142,356,570,350,60,21,97
TAE,2019,7,13,16,20.7,46.4,11.3,8.8,7.45,13.8,39.7,0,954.7,321,2,5,487,484,205,113,113,235,584,347,55,21,97
TAE,2019,7,13,17,20.1,49,11.5,9.1,7.58,13.7,39.5,0,954.8,315,1.6,3.7,249,133,193,144,110,106,249,371,75,21,97
TAE,2019,7,13,18,19.8,52.7,12.2,9.9,8.05,14,40.3,0,954.8,304,0.8,2.1,151,165,104,116,59,57,227,361,81,21,97
TAE,2019,7,13,19,18.2,62.4,13,10.9,8.58,13.9,40.1,0,955.1,264,1.1,1.9,37,24,34,31,20,19,42,350,71,21,97
TAE,2019,7,13,20,15.5,78.4,13.8,11.8,9.12,13.3,38.6,0,955.5,225,1.2,2.7,0,0,0,0,0,0,0,333,49,21,97
TAE,2019,7,13,21,13.3,86.2,13.2,11,8.71,12,35.4,0,955.9,233,1,2.1,0,0,0,0,0,0,0,315,26,21,97
TAE,2019,7,13,22,12.4,89.3,12.9,10.7,8.51,11.4,33.9,0,955.8,225,0.7,1.7,0,0,0,0,0,0,0,295,25,21,97
TAE,2019,7,13,23,11.9,89.6,12.5,10.2,8.24,10.9,32.8,0,955.5,220,0.8,2,0,0,0,0,0,0,0,295,0,21,97
TAE,2019,7,14,0,11.6,90,12.3,10,8.11,10.7,32.1,0,955.2,189,0.7,1.8,0,0,0,0,0,0,0,294,0,21,97
TAE,2019,7,14,1,11.6,91.2,12.4,10.2,8.18,10.8,32.3,0,954.8,194,0.4,1,0,0,0,0,0,0,0,314,45,22,97
TAE,2019,7,14,2,12.1,92.5,13,10.9,8.59,11.4,33.8,0,954.3,180,0.3,0.8,0,0,0,0,0,0,0,328,63,22,97
TAE,2019,7,14,3,11.3,92.7,12.5,10.2,8.26,10.7,32.2,0,954,180,0.5,1.2,0,0,0,0,0,0,0,298,13,22,97
TAE,2019,7,14,4,10.5,93.8,11.9,9.5,7.86,9.9,30.4,0,953.8,162,0.4,1,0,0,0,0,0,0,0,294,0,22,97
TAE,2019,7,14,5,10.7,94.3,12.1,9.8,7.99,10.2,30.9,0,953.8,153,0.2,1,85,344,39,173,345,22,22,295,0,22,97
TAE,2019,7,14,6,13.2,87.8,13.3,11.2,8.8,12,35.5,0,953.5,45,0.2,1.8,242,623,63,220,651,42,42,295,0,22,97
TAE,2019,7,14,7,15.8,82.3,14.8,12.8,9.81,14,40.7,0,953.5,45,1.2,3.3,424,792,70,141,810,74,60,295,0,22,97
TAE,2019,7,14,8,17.7,74.4,15.1,13.1,10.01,14.9,43.2,0,953.6,39,2.1,5.6,599,867,83,77,826,228,80,301,6,22,97
TAE,2019,7,14,9,18.5,65.7,14,12,9.27,14.6,42.1,0,953.4,47,2.5,6.7,730,864,105,96,727,382,99,297,19,22,97
TAE,2019,7,14,10,20.1,59.5,14,12,9.27,15.2,43.7,0,953.1,49,2.9,6.7,811,785,171,125,586,495,128,317,19,22,97
TAE,2019,7,14,11,19.9,58.2,13.5,11.4,8.94,14.8,42.7,0,952.8,36,2.8,6.1,925,901,131,121,412,592,125,336,36,22,97
TAE,2019,7,14,12,20.9,52.6,13,10.9,8.61,14.9,42.9,0,952.2,40,3.2,6.6,930,862,154,127,190,610,223,334,33,22,97
TAE,2019,7,14,13,22.3,47.1,12.6,10.5,8.35,15.2,43.6,0,951.6,50,3.1,7.4,897,846,157,127,129,576,447,326,25,22,97
TAE,2019,7,14,14,22.8,43.8,12.1,9.9,8.02,15.1,43.3,0,951.1,58,2.9,7.2,887,948,119,110,112,529,658,303,19,22,97
TAE,2019,7,14,15,23.1,43.9,12.4,10.2,8.22,15.3,44.1,0,951,49,3,6.5,710,830,119,98,99,372,728,335,25,22,97
TAE,2019,7,14,16,22.4,43.1,11.7,9.3,7.75,14.7,42.2,0,950.7,45,2.9,7.6,519,634,156,95,96,223,690,347,50,22,97
TAE,2019,7,14,17,20,56.1,13.1,11,8.69,14.6,42.2,0,951.2,25,4.4,10.4,240,191,165,142,94,91,291,357,71,22,97
TAE,2019,7,14,18,19.1,55.3,12.2,9.9,8.08,13.7,39.7,0,951.5,34,3.5,8.5,79,25,72,51,42,40,67,375,100,22,97
TAE,2019,7,14,19,18.1,59.7,12.4,10.1,8.21,13.4,39,0,952,22,2.2,5.9,3,0,3,2,2,2,2,374,100,22,97
TAE,2019,7,14,20,16.9,70.1,13.5,11.4,8.94,13.6,39.6,0,952.4,63,0.9,3.8,0,0,0,0,0,0,0,372,100,22,97
TAE,2019,7,14,21,15,89.3,15.2,13.3,10.08,14,40.6,6,952.9,245,1.6,4.4,0,0,0,0,0,0,0,371,100,22,97
TAE,2019,7,14,22,14.4,93,15.3,13.3,10.15,13.7,40.1,0.8,953,234,1.5,3.8,0,0,0,0,0,0,0,369,100,22,97
TAE,2019,7,14,23,14.4,94.4,15.4,13.5,10.22,13.9,40.3,0.1,952.9,288,0.6,2.2,0,0,0,0,0,0,0,367,100,22,97
TAE,2019,7,15,0,14.4,91.8,15.1,13.1,10.02,13.6,39.8,0.7,952.3,297,0.5,1.9,0,0,0,0,0,0,0,366,100,22,97
TAE,2019,7,15,1,14.4,89.6,14.7,12.7,9.76,13.4,39.1,0,952,14,0.9,4.8,0,0,0,0,0,0,0,364,100,22,97
TAE,2019,7,15,2,14.1,84.9,13.7,11.6,9.08,12.6,37.1,0,951.9,30,2.2,6.1,0,0,0,0,0,0,0,364,100,22,97
TAE,2019,7,15,3,14,86.4,13.8,11.8,9.15,12.7,37.2,0,951.8,19,2.1,4,0,0,0,0,0,0,0,364,100,22,97
TAE,2019,7,15,4,13.8,86.4,13.6,11.6,9.02,12.5,36.7,0,951.7,29,1.8,4,0,0,0,0,0,0,0,364,100,22,97
TAE,2019,7,15,5,13.5,87.2,13.5,11.4,8.95,12.3,36.2,0,951.8,48,1.5,3.6,5,0,5,3,3,3,3,364,100,22,97
TAE,2019,7,15,6,13.9,86.8,13.8,11.7,9.15,12.6,37.1,0,952.2,45,1.3,2.6,59,0,59,36,35,34,34,363,100,22,97
TAE,2019,7,15,7,14.3,86.4,14.1,12.1,9.35,13,38,0,952.5,39,2.1,4.8,85,0,85,51,51,48,49,364,100,22,97
TAE,2019,7,15,8,15,82.6,14.1,12.1,9.34,13.3,38.7,0,952.8,59,2.1,4.6,184,3,182,110,111,105,106,367,100,22,97
TAE,2019,7,15,9,16.1,78.1,14.3,12.3,9.48,13.8,40.2,0,952.9,54,1.9,4.5,365,51,328,195,239,211,188,370,100,22,97
TAE,2019,7,15,10,17.4,71.2,14.2,12.1,9.41,14.2,41.3,0,952.9,56,2,5.1,444,81,376,221,278,266,214,373,100,22,97
TAE,2019,7,15,11,18.4,66.7,14.1,12.1,9.34,14.6,42.2,0,953,24,2.9,6.5,442,46,401,238,260,261,230,377,100,22,97
TAE,2019,7,15,12,19.2,62.8,14,11.9,9.28,14.8,42.8,0,952.8,45,2.3,5,667,279,416,234,295,440,274,375,75,22,97
TAE,2019,7,15,13,20.4,57.6,13.8,11.8,9.14,15.2,43.7,0,952.6,53,2.4,7,666,320,386,216,214,440,392,373,75,22,97
TAE,2019,7,15,14,21.5,51.6,13.2,11.1,8.74,15.2,43.8,0,952.7,51,2.5,7.4,513,259,309,192,190,301,362,362,68,22,97
TAE,2019,7,15,15,22.4,48.2,13,10.9,8.61,15.4,44.4,0,952.5,42,2.7,5.9,538,407,249,155,154,303,481,359,59,22,97
TAE,2019,7,15,16,22.2,48.9,13.1,11,8.67,15.4,44.4,0,952.5,43,2.6,6.2,468,480,188,117,117,217,560,359,59,22,97
TAE,2019,7,15,17,21.7,49.3,12.8,10.6,8.47,15,43.4,0,952.6,39,2.1,5.4,389,707,90,173,63,65,752,347,33,22,97
TAE,2019,7,15,18,21.3,51.8,13.1,11,8.67,15.1,43.4,0,952.9,45,1,2.7,205,496,67,188,43,43,529,349,33,22,97
TAE,2019,7,15,19,20.6,57,13.8,11.8,9.14,15.2,43.9,0,953.4,32,1.7,4.2,34,37,30,35,18,17,52,364,53,22,97
TAE,2019,7,15,20,17.8,71.7,14.6,12.6,9.67,14.6,42.4,0,954,27,0.6,2.9,0,0,0,0,0,0,0,333,33,22,97
TAE,2019,7,15,21,15.2,86.1,14.8,12.9,9.8,13.8,40.1,0,954.5,194,0.6,1.8,0,0,0,0,0,0,0,337,40,22,97
TAE,2019,7,15,22,14.6,87.7,14.5,12.6,9.59,13.4,38.9,0,954.8,194,0.5,1.6,0,0,0,0,0,0,0,322,23,22,97
TAE,2019,7,15,23,13,92.6,13.9,11.8,9.19,12.3,36.3,0,955,217,0.5,1.2,0,0,0,0,0,0,0,304,0,22,97
TAE,2019,7,16,0,12.3,93.1,13.3,11.2,8.79,11.7,34.5,0,954.9,202,0.6,1.5,0,0,0,0,0,0,0,302,0,22,97
TAE,2019,7,16,1,12,93.2,13.1,10.9,8.65,11.4,33.9,0,955.1,180,0.3,1,0,0,0,0,0,0,0,301,0,21,97
TAE,2019,7,16,2,11.3,94.6,12.6,10.5,8.31,10.8,32.3,0,955.2,207,0.2,0.8,0,0,0,0,0,0,0,300,0,21,97
TAE,2019,7,16,3,10.8,94.9,12.3,10,8.11,10.4,31.3,0,955.1,225,0.3,0.8,0,0,0,0,0,0,0,300,0,21,97
TAE,2019,7,16,4,10.3,95.3,11.9,9.6,7.85,9.9,30.1,0,955,225,0.2,0.7,0,0,0,0,0,0,0,299,0,21,97
TAE,2019,7,16,5,11.2,93.9,12.5,10.3,8.25,10.7,32,0,955.2,180,0.3,1,73,250,39,129,259,21,22,298,0,21,97
TAE,2019,7,16,6,13.5,89.7,13.9,11.8,9.18,12.5,36.8,0,955.4,63,0.3,1,237,616,62,215,644,41,41,298,0,21,97
TAE,2019,7,16,7,15.6,81.3,14.4,12.4,9.52,13.7,39.8,0,955.5,37,1.1,2.9,414,771,73,137,792,73,59,298,0,21,97
TAE,2019,7,16,8,17.1,75.8,14.8,12.8,9.79,14.5,42,0,955.2,29,1.3,2.7,590,868,76,74,821,223,76,298,0,21,97
TAE,2019,7,16,9,18.9,71.5,15.6,13.6,10.33,15.6,45.2,0,955.1,21,1.1,2.7,745,921,81,89,748,382,93,299,0,21,97
TAE,2019,7,16,10,20.2,64.6,15.3,13.3,10.13,15.9,46,0,955.1,324,1.2,3.1,868,953,88,102,604,513,106,300,0,21,97
TAE,2019,7,16,11,21.6,55.3,14.3,12.3,9.46,15.9,45.8,0,954.9,323,1.4,3.8,907,884,131,115,414,583,119,301,19,21,97
TAE,2019,7,16,12,22.5,54,14.7,12.7,9.73,16.4,47.4,0,954.5,354,1.7,4.3,952,957,94,112,174,612,188,308,19,21,97
TAE,2019,7,16,13,23.5,47.6,13.8,11.7,9.13,16.2,46.9,0,954,347,1.8,4.3,912,916,113,112,113,579,436,310,25,21,97
TAE,2019,7,16,14,23.9,44.4,13.2,11,8.73,16,46.3,0,953.9,319,1.6,5,834,898,110,104,105,495,617,305,13,21,97
TAE,2019,7,16,15,24.3,39.5,12,9.7,7.93,15.5,44.6,0,953.6,315,1.2,3.7,715,868,101,91,92,369,744,306,0,21,97
TAE,2019,7,16,16,24.5,40.2,12.4,10.1,8.2,15.8,45.5,0,953.3,318,1.6,3.7,556,785,104,77,78,218,783,306,0,21,97
TAE,2019,7,16,17,24.6,35.1,10.8,8.2,7.13,15,42.9,0,953.2,342,1.4,3.5,386,696,90,165,60,62,739,306,0,21,97
TAE,2019,7,16,18,24.1,36.4,10.9,8.3,7.19,14.8,42.6,0,953.2,297,0.8,2.3,215,562,67,215,40,41,594,307,6,21,97
TAE,2019,7,16,19,19.4,63.5,14.1,12.3,9.34,15.1,43.2,0,953.4,225,1.2,2.5,71,278,36,142,20,20,282,314,13,21,97
TAE,2019,7,16,20,16,72.5,13.2,11.1,8.73,13.1,38.2,0,953.6,225,1.1,2.4,0,0,0,0,0,0,0,335,44,21,97
TAE,2019,7,16,21,15.5,74.2,13,10.9,8.6,12.8,37.3,0,953.7,209,1.1,2.6,0,0,0,0,0,0,0,367,88,21,97
TAE,2019,7,16,22,15.3,76.8,13.3,11.3,8.8,12.9,37.6,0,953.8,186,1.2,2.4,0,0,0,0,0,0,0,363,100,21,97
TAE,2019,7,16,23,14.5,80.9,13.3,11.3,8.8,12.6,36.8,0,953.8,174,1.1,2.1,0,0,0,0,0,0,0,364,100,21,97
TAE,2019,7,17,0,13,87.3,13.1,10.9,8.66,11.8,34.9,0,953.8,196,0.8,1.5,0,0,0,0,0,0,0,348,78,21,97
TAE,2019,7,17,1,12.7,87.4,12.9,10.7,8.53,11.6,34.3,0,953.6,180,0.7,1.4,0,0,0,0,0,0,0,353,88,20,97
TAE,2019,7,17,2,12.4,88.5,12.7,10.6,8.4,11.4,33.7,0,953.3,171,0.7,1.3,0,0,0,0,0,0,0,341,80,20,97
TAE,2019,7,17,3,11.6,91,12.4,10.2,8.2,10.8,32.3,0,953.1,171,0.6,1.2,0,0,0,0,0,0,0,339,71,20,97
TAE,2019,7,17,4,11.3,92,12.3,10,8.13,10.6,31.9,0,953.1,172,0.7,1.5,0,0,0,0,0,0,0,335,63,20,97
TAE,2019,7,17,5,11.6,91.9,12.6,10.3,8.34,10.9,32.7,0,952.7,158,0.6,1.4,70,241,33,118,248,19,19,332,54,20,97
TAE,2019,7,17,6,14.4,85.8,14,12.1,9.28,13,37.9,0,952.6,90,0.2,0.8,232,585,66,206,616,41,41,306,19,20,97
TAE,2019,7,17,7,17,72.8,14.1,12.1,9.34,14.1,40.8,0,952.6,27,0.6,1.6,412,767,74,134,788,72,57,298,0,20,97
TAE,2019,7,17,8,19.2,67.7,15.1,13.1,10.02,15.4,44.7,0,952.4,63,0.8,2,584,853,81,72,810,224,75,298,0,20,97
TAE,2019,7,17,9,21.8,59.2,15.5,13.5,10.29,16.6,48.1,0,952.4,355,1.5,3.8,739,916,81,86,742,378,90,299,0,20,97
TAE,2019,7,17,10,23.2,52.7,14.9,13,9.89,16.8,48.5,0,952.2,319,2.4,6.3,847,914,102,100,593,505,104,308,26,20,97
TAE,2019,7,17,11,24.1,42.3,12.7,10.5,8.41,15.8,45.6,0,952.1,273,2.1,5.3,905,875,137,112,413,585,116,349,51,20,97
TAE,2019,7,17,12,24.9,41.9,13.2,11.1,8.75,16.4,47.3,0,951.8,270,2.5,5.9,892,768,204,130,215,599,221,372,71,20,97
TAE,2019,7,17,13,25.5,35.4,11.6,9.1,7.68,15.7,45.2,0,951.4,237,3.2,7.3,842,698,234,138,139,560,445,375,75,20,97
TAE,2019,7,17,14,25.8,30.9,10.2,7.4,6.74,15,43.1,0,951.2,268,3,7.4,769,688,215,129,129,481,574,374,71,20,97
TAE,2019,7,17,15,26.1,28,9.4,6.2,6.21,14.6,42.1,0,950.8,272,2.6,6.8,719,886,93,87,88,367,747,340,16,20,97
TAE,2019,7,17,16,26.1,29.3,9.9,6.8,6.55,14.9,42.9,0,950.4,287,2.7,6.4,560,813,94,73,74,213,798,324,10,20,97
TAE,2019,7,17,17,26,28.3,9.5,6.2,6.28,14.6,42.2,0,950.3,267,2.2,5.3,390,735,79,159,56,58,767,314,0,20,97
TAE,2019,7,17,18,25.1,32.8,10.5,7.6,6.95,14.9,43,0,950.3,266,1.7,4.2,216,593,61,215,37,38,619,323,6,20,97
TAE,2019,7,17,19,22.2,43.2,11.5,9.1,7.62,14.5,41.7,0,950.4,258,1.4,2.3,63,256,32,129,18,17,258,329,33,20,97
TAE,2019,7,17,20,17.8,57.1,11.5,9.2,7.61,12.9,37.2,0,950.9,232,1.4,2.8,0,0,0,0,0,0,0,326,33,20,97
TAE,2019,7,17,21,14.9,69.4,11.8,9.4,7.81,11.8,34.7,0,951.1,193,1,2.1,0,0,0,0,0,0,0,356,81,20,97
TAE,2019,7,17,22,14.6,72.5,12,9.7,7.95,11.8,34.8,0,951.2,197,1,2.4,0,0,0,0,0,0,0,340,60,20,97
TAE,2019,7,17,23,14,75.5,12,9.7,7.95,11.6,34.1,0,951.4,162,0.7,1.3,0,0,0,0,0,0,0,335,54,20,97
TAE,2019,7,18,0,13.8,76.7,12.1,9.8,8.01,11.5,34.1,0,951.2,207,0.5,1.4,0,0,0,0,0,0,0,334,56,20,97
TAE,2019,7,18,1,12.7,83.5,12.2,10,8.08,11.2,33.2,0,951.1,194,0.5,1.4,0,0,0,0,0,0,0,365,100,20,97
TAE,2019,7,18,2,12.9,82.8,12.3,10,8.15,11.3,33.5,0,951.1,315,0.4,1.6,0,0,0,0,0,0,0,337,64,20,97
TAE,2019,7,18,3,12.4,86.3,12.4,10.2,8.22,11.2,33.2,0,950.9,158,0.6,1.4,0,0,0,0,0,0,0,359,90,20,97
TAE,2019,7,18,4,12.3,86,12.3,10,8.15,11,32.9,0,950.9,144,0.9,2.1,0,0,0,0,0,0,0,344,66,20,97
TAE,2019,7,18,5,13,82.9,12.4,10.2,8.22,11.4,33.8,0,951.1,146,0.4,2.4,35,18,33,27,36,18,19,368,100,20,97
TAE,2019,7,18,6,15,79.6,13.6,11.5,9.02,12.9,37.9,0,951.4,135,0.2,0.9,101,28,94,64,83,52,53,369,100,20,97
TAE,2019,7,18,7,17.9,71.2,14.5,12.6,9.62,14.7,42.4,0,951.8,360,0.8,2.7,323,349,161,129,441,106,90,366,94,20,97
TAE,2019,7,18,8,20.7,53.4,13,10.9,8.61,14.8,42.7,0,951.9,255,1.4,5.2,453,398,227,128,511,219,126,364,88,20,97
TAE,2019,7,18,9,21.9,44.7,11.7,9.3,7.74,14.5,41.7,0,952,252,2.7,6.4,616,519,237,136,549,359,135,356,78,20,97
TAE,2019,7,18,10,22.9,42.3,11.8,9.4,7.81,14.9,42.9,0,952.1,255,2.5,6.3,843,910,101,99,590,504,103,313,23,20,97
TAE,2019,7,18,11,23.9,37.7,11.2,8.6,7.4,14.9,42.9,0,952.1,264,3,7.4,922,948,93,104,395,583,109,314,13,20,97
TAE,2019,7,18,12,24.7,33,10.3,7.4,6.8,14.6,42.2,0,952,248,2.7,6.6,939,927,109,109,173,610,190,320,0,20,97
TAE,2019,7,18,13,25.2,33.3,10.7,7.9,7.07,15,43.4,0,951.6,232,2.2,7.1,909,917,111,106,108,579,426,328,0,20,97
TAE,2019,7,18,14,25.7,32,10.6,7.8,7.01,15.2,43.7,0,951.6,242,1.9,5.7,825,871,123,102,103,497,604,348,40,20,97
TAE,2019,7,18,15,25,36,11.4,8.9,7.54,15.4,44.4,0,951.4,321,2.2,4.9,672,707,174,111,111,368,671,360,58,20,97
TAE,2019,7,18,16,25.4,35.5,11.5,9,7.61,15.6,44.9,0,951.1,322,1.4,3.3,520,647,148,87,87,229,690,365,61,20,97
TAE,2019,7,18,17,25.2,35.5,11.4,8.9,7.55,15.5,44.6,0,951.1,321,1.4,3.4,368,638,103,165,62,63,692,346,43,20,97
TAE,2019,7,18,18,23.4,47.5,13.6,11.6,9.02,16.1,46.5,0,951.4,248,1.1,2.3,204,509,66,186,40,40,541,363,61,20,97
TAE,2019,7,18,19,19.5,67.4,15.2,13.3,10.09,15.6,45.2,0,951.8,217,1.1,1.9,56,227,28,113,15,15,229,366,71,20,97
TAE,2019,7,18,20,17.4,71.2,14.1,12.1,9.35,14.2,41.2,0,952.4,200,1.3,2.2,0,0,0,0,0,0,0,382,94,20,97
TAE,2019,7,18,21,17.1,70.8,13.8,11.8,9.14,13.9,40.3,0,952.7,184,1.3,1.9,0,0,0,0,0,0,0,384,100,20,97
TAE,2019,7,18,22,16.9,71.5,13.8,11.7,9.14,13.8,40.1,0,952.8,180,0.7,1.4,0,0,0,0,0,0,0,368,81,20,97
TAE,2019,7,18,23,19.7,57.5,13.2,11.1,8.74,14.5,42,0,953,284,1.3,2.8,0,0,0,0,0,0,0,378,100,20,97
TAE,2019,7,19,0,20.9,50.9,12.6,10.4,8.33,14.6,42.2,0,953.2,261,1.3,2.4,0,0,0,0,0,0,0,376,100,20,97
TAE,2019,7,19,1,19.5,57.3,13,10.8,8.6,14.3,41.4,0,953.4,265,1.2,2.3,0,0,0,0,0,0,0,374,100,20,97
TAE,2019,7,19,2,17.3,69.5,13.8,11.7,9.14,13.9,40.5,0,953.4,277,0.8,2.5,0,0,0,0,0,0,0,375,100,20,97
TAE,2019,7,19,3,18.2,64.5,13.4,11.4,8.86,14.1,40.8,0,953.6,275,1.1,2.1,0,0,0,0,0,0,0,376,100,20,97
TAE,2019,7,19,4,15.7,80,14.3,12.3,9.47,13.7,39.7,0,953.7,214,0.5,1.3,0,0,0,0,0,0,0,377,100,20,97
TAE,2019,7,19,5,16.5,77.4,14.5,12.5,9.6,14.1,40.9,0,953.8,225,0.3,0.8,32,12,30,23,29,17,17,378,100,20,97
TAE,2019,7,19,6,17.7,78.4,15.8,13.9,10.47,15.3,44.3,0,954.3,180,0.2,0.8,139,114,103,91,175,56,57,375,94,20,97
TAE,2019,7,19,7,20.6,60.6,14.6,12.7,9.66,15.7,45.2,0,954.6,216,1.5,5.5,376,610,109,137,666,83,65,353,50,20,97
TAE,2019,7,19,8,22.1,52.9,14.1,12.1,9.33,15.9,45.9,0,954.6,219,2.4,5.3,501,544,185,101,618,239,101,361,65,20,97
TAE,2019,7,19,9,22.6,53.4,14.7,12.7,9.73,16.4,47.5,0,954.8,252,2.3,4.9,714,867,94,85,716,374,88,343,40,20,97
TAE,2019,7,19,10,23.6,50.9,14.8,12.8,9.79,16.8,48.7,0,954.7,251,2.1,5.9,817,854,120,102,566,495,105,340,31,20,97
TAE,2019,7,19,11,24.5,48.1,14.7,12.8,9.73,17.1,49.4,0,954.4,276,2.1,5.4,916,955,82,100,385,577,105,337,16,20,97
TAE,2019,7,19,12,24.9,48,15.1,13.1,10,17.4,50.5,0,954,297,2.6,6.3,899,833,155,115,180,596,209,351,46,20,97
TAE,2019,7,19,13,25.6,45.4,14.9,12.9,9.87,17.6,50.9,0,953.8,275,2.6,6.7,832,723,206,131,132,543,434,364,56,20,97
TAE,2019,7,19,14,26.3,42.8,14.6,12.7,9.67,17.7,51.1,0,953.6,267,2.6,6,790,776,163,111,111,487,577,373,64,20,97
TAE,2019,7,19,15,26.6,39.1,13.6,11.6,9,17.2,49.7,0,953.4,285,2.6,6,658,694,170,102,103,366,660,377,64,20,97
TAE,2019,7,19,16,26.7,38.8,13.6,11.5,9,17.2,49.8,0,953.1,274,1.7,4.8,537,751,110,74,75,215,755,362,41,20,97
TAE,2019,7,19,17,26.4,40.7,14,12,9.27,17.4,50.2,0,953,299,1.4,4,378,710,79,149,54,55,742,349,33,20,97
TAE,2019,7,19,18,25.4,44.6,14.5,12.5,9.61,17.3,50,0,953,310,1.7,3.3,212,594,58,210,35,36,619,345,29,20,97
TAE,2019,7,19,19,23.6,54.4,15.7,13.9,10.42,17.4,50.2,0,953.1,252,1.3,2.8,53,216,28,108,15,15,218,344,19,20,97
TAE,2019,7,19,20,18.8,76.3,16.5,14.5,10.95,16.1,46.7,0,953.6,217,1.1,2.5,0,0,0,0,0,0,0,333,13,20,97
TAE,2019,7,19,21,17.1,80.2,15.6,13.7,10.34,15,43.4,0,953.7,217,1.1,3.4,0,0,0,0,0,0,0,323,0,20,97
TAE,2019,7,19,22,16.3,82.9,15.3,13.4,10.14,14.5,42,0,954,218,1.1,2.6,0,0,0,0,0,0,0,321,0,20,97
TAE,2019,7,19,23,15.6,85.6,15.2,13.2,10.07,14.1,41.2,0,954,207,0.6,1.4,0,0,0,0,0,0,0,320,0,20,97
TAE,2019,7,20,0,15.8,83.4,14.9,13,9.87,14.1,40.9,0,953.8,158,0.6,1.4,0,0,0,0,0,0,0,318,0,20,97
TAE,2019,7,20,1,14.6,88.1,14.6,12.7,9.67,13.5,39.1,0,953.4,202,0.6,1.3,0,0,0,0,0,0,0,317,6,19,97
TAE,2019,7,20,2,13.9,89.9,14.2,12.3,9.41,12.9,37.7,0,953.3,180,0.4,1.3,0,0,0,0,0,0,0,335,29,19,97
TAE,2019,7,20,3,13.3,92,14.1,12,9.34,12.5,37,0,953.2,194,0.4,1,0,0,0,0,0,0,0,321,6,19,97
TAE,2019,7,20,4,13,93.1,13.9,11.9,9.2,12.4,36.3,0,953.2,180,0.3,0.9,0,0,0,0,0,0,0,318,0,19,97
TAE,2019,7,20,5,13.7,92.1,14.5,12.4,9.6,12.9,38,0,953.5,166,0.5,1.1,69,280,33,136,283,18,18,336,26,19,97
TAE,2019,7,20,6,16.7,82.8,15.7,13.8,10.41,14.9,43.1,0,953.8,0,0,0.3,221,533,72,190,570,42,42,347,48,19,97
TAE,2019,7,20,7,19.7,73.3,16.8,14.8,11.15,16.6,48.1,0,953.9,360,0.3,1.2,392,709,85,130,743,75,57,338,33,19,97
TAE,2019,7,20,8,22.1,66.3,17.7,15.5,11.76,17.8,52.1,0,954,30,0.9,2.6,530,663,146,86,697,236,87,359,56,19,97
TAE,2019,7,20,9,25.3,57.4,18.4,16.3,12.23,19.3,56.6,0,954,342,1.3,4.8,656,647,195,109,634,379,110,373,71,19,97
TAE,2019,7,20,10,27.1,43.2,15.5,13.5,10.27,18.4,53.5,0,954.1,262,2.5,6,816,831,139,105,570,503,108,366,59,19,97
TAE,2019,7,20,11,27.2,43.1,15.5,13.6,10.27,18.4,53.6,0,954.1,267,2.3,4.5,714,431,337,184,378,470,181,390,81,19,97
TAE,2019,7,20,12,27.9,43.2,16.2,14.2,10.74,19,55.5,0,954.1,267,2.2,5.9,798,573,287,162,239,535,243,389,71,19,97
TAE,2019,7,20,13,28.6,41.1,16.1,14.1,10.68,19.1,56,0,953.9,232,2.8,7.9,880,852,141,109,110,572,422,391,59,19,97
TAE,2019,7,20,14,30,31.6,13.4,11.3,8.86,18.2,52.8,0,953.8,241,4,9.3,807,853,121,98,100,489,589,372,36,19,97
TAE,2019,7,20,15,30,30.1,12.8,10.6,8.46,17.9,51.8,0,953.7,256,3.8,9.3,675,766,137,92,93,367,689,381,54,19,97
TAE,2019,7,20,16,30,29.7,12.6,10.4,8.33,17.8,51.5,0,953.5,243,3.2,8,500,640,137,89,89,206,669,373,48,19,97
TAE,2019,7,20,17,29.5,31.8,13.1,11,8.67,17.9,51.8,0,953.4,243,2.3,5.7,310,364,157,156,84,82,459,391,75,19,97
TAE,2019,7,20,18,27.4,39.6,14.5,12.5,9.6,17.9,52.1,0,953.7,219,1.5,3.9,172,302,91,144,50,49,354,390,75,19,97
TAE,2019,7,20,19,24.8,49.7,15.5,13.6,10.27,17.7,51.1,0,954,250,1.1,2.5,49,156,30,84,17,16,164,392,81,19,97
TAE,2019,7,20,20,23,55.2,15.4,13.5,10.19,17,49.1,0,955,246,1.3,2.6,0,0,0,0,0,0,0,402,100,19,97
TAE,2019,7,20,21,21.2,62.5,15.7,13.8,10.39,16.5,47.7,0,955.3,250,1.2,2.3,0,0,0,0,0,0,0,400,100,19,97
TAE,2019,7,20,22,19.7,72.5,16.6,14.6,10.99,16.5,47.7,0,955.7,191,0.8,2.3,0,0,0,0,0,0,0,389,88,19,97
TAE,2019,7,20,23,18.4,78.4,16.5,14.6,10.93,16,46.2,0,955.7,204,1,1.8,0,0,0,0,0,0,0,387,88,19,97
TAE,2019,7,21,0,19.5,73.7,16.6,14.7,10.99,16.5,47.5,0,955.8,243,0.7,2.1,0,0,0,0,0,0,0,392,90,19,97
TAE,2019,7,21,1,21.5,64,16.3,14.4,10.78,17,49,0,956.5,204,2,8.6,0,0,0,0,0,0,0,392,90,20,97
TAE,2019,7,21,2,21.5,64.5,16.5,14.5,10.9,17,49.3,0,957.7,277,3,8.3,0,0,0,0,0,0,0,393,89,20,97
TAE,2019,7,21,3,19.3,78,17.4,15.4,11.5,16.8,48.6,1.4,958.2,270,1.4,4.5,0,0,0,0,0,0,0,394,89,20,97
TAE,2019,7,21,4,18,91.2,18.9,16.5,12.51,17,49.8,2.7,958.4,270,0.8,2.7,0,0,0,0,0,0,0,394,88,20,97
TAE,2019,7,21,5,17.8,95,19.3,17,12.78,17.3,50.3,0.1,958.5,360,0.5,1.9,43,110,29,62,121,16,16,395,88,20,97
TAE,2019,7,21,6,18.3,93.8,19.7,17.3,13.04,17.6,51.5,0,959.1,328,1,2.5,144,249,76,116,292,42,43,395,88,20,97
TAE,2019,7,21,7,18.8,91.1,19.7,17.3,13.04,17.8,52,2.8,959.7,243,0.8,3.5,257,313,122,109,382,79,68,396,87,20,97
TAE,2019,7,21,8,19.5,86.5,19.6,17.2,12.96,18,52.5,0,960.1,218,1.9,5.1,369,350,165,94,422,180,93,396,87,20,97
TAE,2019,7,21,9,21.3,78.3,19.9,17.4,13.16,18.7,54.9,0,960.4,225,2.4,6.1,468,373,202,115,420,271,113,397,86,20,97
TAE,2019,7,21,10,22.3,72.8,19.6,17.2,12.95,18.9,55.4,0,960.7,249,2.2,5.8,545,387,231,131,382,344,130,397,86,20,97
TAE,2019,7,21,11,23.7,68.3,20.1,17.5,13.29,19.5,57.7,0,960.6,201,2.7,5.6,594,395,250,141,313,391,140,398,85,20,97
TAE,2019,7,21,12,24.5,62.5,19.2,16.9,12.69,19.4,57,0,960.4,209,2.1,4.9,610,398,255,144,196,406,200,398,85,20,97
TAE,2019,7,21,13,25,59.4,18.8,16.5,12.42,19.3,56.8,0,960.1,241,2.1,5.1,474,207,292,161,160,304,258,399,88,20,97
TAE,2019,7,21,14,24.9,58,18.2,16.1,12.02,19.1,55.7,0,960,219,2.1,5.4,268,168,135,78,78,163,191,399,81,20,97
TAE,2019,7,21,15,25.7,54.4,17.9,15.8,11.82,19.2,56,0,959.9,242,1.9,4.9,527,332,290,156,155,315,448,399,88,20,97
TAE,2019,7,21,16,26.2,50.4,17.1,15.1,11.29,18.9,55.1,0,959.6,262,1.8,4.3,503,633,148,86,87,220,679,381,60,20,97
TAE,2019,7,21,17,26.2,49.8,16.9,14.9,11.15,18.8,54.8,0,959.4,248,1.4,4.3,366,677,85,148,55,56,716,358,29,20,97
TAE,2019,7,21,18,25.6,55.7,18.3,16.1,12.09,19.3,56.6,0,959.8,212,1.1,2.7,184,407,76,162,43,43,448,378,59,20,97
TAE,2019,7,21,19,23.6,67.4,19.6,17.2,12.96,19.3,56.7,0,960.2,246,1.1,1.9,49,194,26,96,15,14,198,364,36,20,97
TAE,2019,7,21,20,20.9,76.9,19,16.7,12.55,18.1,52.9,0,960.7,236,1.2,2.2,0,0,0,0,0,0,0,342,19,20,97
TAE,2019,7,21,21,19,84.8,18.6,16.4,12.28,17.3,50.2,0,960.9,207,0.8,1.9,0,0,0,0,0,0,0,363,44,20,97
TAE,2019,7,21,22,18.7,85.6,18.4,16.2,12.14,17.1,49.6,0,961.2,217,1.1,2.7,0,0,0,0,0,0,0,359,44,20,97
TAE,2019,7,21,23,18.8,85.5,18.5,16.3,12.2,17.2,49.8,0,961.4,162,0.7,1.6,0,0,0,0,0,0,0,358,50,20,97
TAE,2019,7,22,0,17.8,89.7,18.3,16.1,12.07,16.7,48.5,0,961.3,180,0.5,1.2,0,0,0,0,0,0,0,373,81,20,97
TAE,2019,7,22,1,17.4,91.1,18.1,15.9,11.94,16.4,47.7,0,961,194,0.4,0.9,0,0,0,0,0,0,0,380,94,20,97
TAE,2019,7,22,2,16.7,91.2,17.3,15.3,11.4,15.8,45.7,0,961.2,225,0.4,1.4,0,0,0,0,0,0,0,381,94,20,97
TAE,2019,7,22,3,16.5,92,17.3,15.2,11.4,15.7,45.4,0,961.4,202,0.6,1.6,0,0,0,0,0,0,0,386,100,20,97
TAE,2019,7,22,4,15.7,93.9,16.8,14.7,11.06,15.1,43.8,0,961.6,158,0.5,1.4,0,0,0,0,0,0,0,387,100,20,97
TAE,2019,7,22,5,15.8,93.7,16.8,14.8,11.06,15.2,43.9,0,961.8,191,0.5,1,55,165,32,85,176,18,18,375,63,20,97
TAE,2019,7,22,6,18,87.7,18.1,15.9,11.93,16.6,48.3,0,962.1,180,0.1,0.5,215,553,66,193,587,39,39,355,40,20,97
TAE,2019,7,22,7,20.5,77.8,18.8,16.5,12.39,17.9,52.1,0,962.3,360,0.5,2,390,714,82,128,746,74,57,352,36,20,97
TAE,2019,7,22,8,22.3,73.5,19.8,17.3,13.07,19,55.6,0,962.3,39,0.8,2.3,541,727,119,78,734,238,80,368,60,20,97
TAE,2019,7,22,9,24.1,66.9,20,17.6,13.2,19.7,57.8,0,962.2,90,0.9,2.5,700,833,109,88,708,383,91,363,43,20,97
TAE,2019,7,22,10,25.9,58.3,19.5,17.1,12.87,20,58.9,0,962.1,63,1.2,2.9,781,751,176,113,568,497,116,371,53,20,97
TAE,2019,7,22,11,26.9,52.9,18.7,16.5,12.33,19.9,58.5,0,962,49,1.5,3.8,812,652,246,138,423,555,140,385,71,20,97
TAE,2019,7,22,12,27,50.6,18,15.9,11.86,19.6,57.4,0,961.7,39,1.2,3.3,661,305,390,214,286,435,241,405,94,20,97
TAE,2019,7,22,13,28.1,47.2,17.9,15.8,11.8,19.9,58.4,0,961.4,90,1.6,3.9,832,732,200,127,128,556,437,394,63,20,97
TAE,2019,7,22,14,28.6,43.6,17,15,11.2,19.6,57.4,0,961,90,1.3,3.6,793,820,137,103,104,494,589,375,39,20,97
TAE,2019,7,22,15,28.9,40.7,16.1,14.2,10.6,19.3,56.2,0,960.6,35,1.6,3.5,663,737,148,96,97,372,679,378,48,20,97
TAE,2019,7,22,16,29.2,38.7,15.6,13.7,10.27,19.1,55.6,0,960.3,56,1.2,3.5,512,663,137,83,83,228,699,375,60,20,97
TAE,2019,7,22,17,28.2,43.7,16.7,14.7,11.01,19.3,56.5,0,960.1,90,1,2.5,364,658,90,130,58,74,702,382,64,20,97
TAE,2019,7,22,18,25.9,61,20.4,17.8,13.5,20.4,60.5,0,960.1,180,0.6,1.3,144,195,87,104,49,47,247,402,88,20,97
TAE,2019,7,22,19,24.2,71,21.3,18.6,14.11,20.4,60.3,0,960.3,207,0.7,1.5,6,0,6,4,4,3,3,410,100,20,97
TAE,2019,7,22,20,20.6,84,20.3,17.8,13.43,18.7,54.8,0,960.6,214,0.7,1.7,0,0,0,0,0,0,0,384,66,20,97
TAE,2019,7,22,21,18.8,87,18.9,16.6,12.48,17.4,50.6,0,960.5,194,0.5,1.6,0,0,0,0,0,0,0,343,13,20,97
TAE,2019,7,22,22,17.9,89,18.2,16.1,12.01,16.7,48.4,0,960.6,217,0.5,1.2,0,0,0,0,0,0,0,332,0,20,97
TAE,2019,7,22,23,17.5,89.6,17.9,15.8,11.81,16.4,47.5,0,960.6,198,0.4,1.1,0,0,0,0,0,0,0,330,0,20,97
TAE,2019,7,23,0,16.6,91.2,17.3,15.2,11.41,15.7,45.6,0,960.4,180,0.2,1.3,0,0,0,0,0,0,0,328,0,20,97
TAE,2019,7,23,1,15.8,92.1,16.5,14.5,10.88,15,43.4,0,960.1,180,0.5,1.1,0,0,0,0,0,0,0,326,0,20,97
TAE,2019,7,23,2,15.1,92.8,15.9,13.9,10.48,14.4,41.7,0,960,198,0.4,1,0,0,0,0,0,0,0,326,0,20,97
TAE,2019,7,23,3,15.1,93.5,16.1,14.1,10.61,14.5,42,0,959.8,162,0.4,1,0,0,0,0,0,0,0,326,0,20,97
TAE,2019,7,23,4,14.4,95,15.6,13.6,10.28,13.9,40.4,0,959.8,180,0.3,1.3,0,0,0,0,0,0,0,334,13,20,97
TAE,2019,7,23,5,15.2,92.9,16,14.1,10.54,14.5,41.9,0,959.8,180,0.1,0.6,56,192,31,94,201,17,17,347,41,20,97
TAE,2019,7,23,6,17.9,88.6,18.2,16,12.02,16.7,48.5,0,959.8,180,0.2,0.9,218,601,57,197,627,36,36,330,0,20,97
TAE,2019,7,23,7,20.6,76.5,18.5,16.3,12.23,17.8,51.8,0,959.6,40,0.9,2.3,391,748,72,122,771,71,54,327,0,20,97
TAE,2019,7,23,8,22.1,68.8,18.3,16.1,12.09,18.2,53,0,959.5,32,1.2,3.2,554,801,91,71,776,231,73,328,0,20,97
TAE,2019,7,23,9,24.1,62.5,18.7,16.5,12.37,19.1,55.7,0,959.2,61,1.2,3,704,856,99,85,715,383,88,330,0,20,97
TAE,2019,7,23,10,25.8,56.4,18.7,16.5,12.37,19.6,57.5,0,959,47,1.9,4.6,821,892,101,96,579,506,100,333,0,20,97
TAE,2019,7,23,11,27.6,49.8,18.4,16.2,12.17,20,58.8,0,958.7,58,1.8,4.9,895,914,102,103,393,584,107,343,0,20,97
TAE,2019,7,23,12,28.9,44.4,17.6,15.6,11.64,20,58.8,0,958.4,90,1.8,4.9,914,903,113,106,172,610,185,356,0,20,97
TAE,2019,7,23,13,29.7,41.5,17.3,15.2,11.44,20.1,59.1,0,958.1,81,1.7,5,895,929,93,101,102,580,412,364,0,20,97
TAE,2019,7,23,14,30.8,33.2,14.7,12.8,9.7,19.2,55.8,0,957.4,66,1.5,4.3,814,894,100,95,96,497,599,361,0,20,97
TAE,2019,7,23,15,31.1,29.5,13.3,11.2,8.77,18.5,53.7,0,957,72,1.5,3.8,692,851,100,84,85,372,726,370,6,20,97
TAE,2019,7,23,16,31.2,30.7,14,11.9,9.24,18.8,55,0,956.7,79,1.8,4.5,533,760,104,73,73,223,759,384,45,20,97
TAE,2019,7,23,17,31.1,31.2,14.1,12.1,9.31,18.9,55.1,0,956.3,78,1.5,4.3,359,632,98,134,59,75,684,375,39,20,97
TAE,2019,7,23,18,29.7,36.5,15.2,13.3,10.05,19.1,55.6,0,956.1,85,1.3,3,200,562,60,197,36,36,591,365,6,20,97
TAE,2019,7,23,19,24.5,60.6,18.4,16.4,12.21,19.1,55.7,0,956.1,203,0.9,2.7,47,186,24,89,14,14,191,355,6,20,97
TAE,2019,7,23,20,19.9,74.1,17.3,15.2,11.46,16.9,49.1,0,956.2,216,0.9,2,0,0,0,0,0,0,0,334,0,20,97
TAE,2019,7,23,21,18.6,76.3,16.4,14.3,10.85,15.9,46.2,0,956.3,207,0.9,1.8,0,0,0,0,0,0,0,326,0,20,97
TAE,2019,7,23,22,18,78.3,16.2,14.2,10.72,15.6,45.3,0,956.3,196,0.8,1.6,0,0,0,0,0,0,0,323,0,20,97
TAE,2019,7,23,23,17.5,80.3,16.1,14.1,10.65,15.4,44.6,0,956.3,169,0.5,1.3,0,0,0,0,0,0,0,320,0,20,97
TAE,2019,7,24,0,17.4,80.7,16,14.1,10.59,15.3,44.3,0,956,143,0.5,1.4,0,0,0,0,0,0,0,317,0,20,97
TAE,2019,7,24,1,17.1,81.6,15.8,13.9,10.46,15.1,43.7,0,955.7,143,0.5,1,0,0,0,0,0,0,0,315,0,19,97
TAE,2019,7,24,2,16.3,85.4,15.8,13.8,10.46,14.8,42.9,0,955.5,166,0.5,1,0,0,0,0,0,0,0,317,0,19,97
TAE,2019,7,24,3,15.9,87.8,15.8,13.9,10.46,14.7,42.4,0,955.5,162,0.4,1.1,0,0,0,0,0,0,0,318,0,19,97
TAE,2019,7,24,4,15.9,88,15.9,13.9,10.52,14.7,42.6,0,955.6,146,0.4,0.9,0,0,0,0,0,0,0,319,0,19,97
TAE,2019,7,24,5,16.6,86.4,16.3,14.3,10.79,15.2,44,0,955.8,162,0.3,1.1,59,228,31,109,234,17,17,330,0,19,97
TAE,2019,7,24,6,19.5,78.4,17.7,15.6,11.73,17,49.4,0,955.9,0,0,0.2,215,575,62,192,606,37,37,322,0,19,97
TAE,2019,7,24,7,22.6,66.5,18.2,16,12.07,18.3,53.4,0,956.1,360,0.2,1,392,755,72,120,777,70,53,324,0,19,97
TAE,2019,7,24,8,25.1,60.3,19.2,16.9,12.75,19.6,57.7,0,956,34,0.8,2.1,564,846,77,67,802,228,69,327,0,19,97
TAE,2019,7,24,9,28.5,49.1,19,16.8,12.61,20.6,60.9,0,956.1,288,1.6,4.9,712,885,88,81,726,383,84,330,0,19,97
TAE,2019,7,24,10,29.9,44.9,18.9,16.6,12.54,20.9,62.1,0,956,256,2.7,5.7,831,926,85,91,582,507,95,340,0,19,97
TAE,2019,7,24,11,31,42.6,19.1,16.8,12.68,21.3,63.6,0,955.9,242,2,4.9,903,940,89,98,387,586,102,355,0,19,97
TAE,2019,7,24,12,32,35.5,16.9,14.8,11.2,20.5,60.9,0,955.7,276,2.4,6,916,914,107,103,166,610,181,372,0,19,97
TAE,2019,7,24,13,33,29.4,14.7,12.8,9.72,19.8,58.1,0,955.4,257,2.4,6.2,890,915,102,99,101,580,412,383,0,19,97
TAE,2019,7,24,14,33.6,22.8,11.9,9.5,7.85,18.5,53.9,0,955,249,2.1,5.9,806,873,110,94,95,497,594,379,0,19,97
TAE,2019,7,24,15,33.7,23.5,12.3,10,8.12,18.7,54.7,0,954.7,259,1.4,3.7,686,834,107,83,84,372,719,375,0,19,97
TAE,2019,7,24,16,33.7,23.8,12.4,10.2,8.19,18.8,54.9,0,954.2,270,1.1,3.5,535,782,95,69,69,219,771,382,19,19,97
TAE,2019,7,24,17,32.7,32.5,16,14.1,10.61,20.4,60.1,0,954.1,256,1.1,2.5,339,534,114,124,65,80,596,397,53,19,97
TAE,2019,7,24,18,30.2,44.3,18.9,16.7,12.57,21,62.5,0,954.2,207,1,2.2,189,489,71,186,39,39,526,396,48,19,97
TAE,2019,7,24,19,25.2,57.1,18.1,16.1,12.02,19.2,56,0,954.4,225,1.2,2.6,43,149,24,73,14,13,156,398,56,19,97
TAE,2019,7,24,20,21.1,65.3,16.3,14.3,10.8,16.8,48.7,0,954.9,228,1.4,2.9,0,0,0,0,0,0,0,413,94,19,97
TAE,2019,7,24,21,20.7,63.8,15.5,13.6,10.26,16.2,46.9,0,955,202,1.1,1.9,0,0,0,0,0,0,0,411,100,19,97
TAE,2019,7,24,22,20.7,64.2,15.7,13.7,10.4,16.3,47.2,0,955,153,0.7,1.5,0,0,0,0,0,0,0,406,100,19,97
TAE,2019,7,24,23,19.2,75.6,16.8,14.8,11.13,16.4,47.5,0,955.4,166,0.5,1.7,0,0,0,0,0,0,0,401,100,19,97
TAE,2019,7,25,0,19.2,75.9,16.8,14.8,11.14,16.4,47.6,0,955.2,162,0.7,1.8,0,0,0,0,0,0,0,391,94,19,97
TAE,2019,7,25,1,18.3,80.8,17,14.9,11.27,16.1,47,0,955,172,0.7,1.4,0,0,0,0,0,0,0,351,43,19,97
TAE,2019,7,25,2,18.3,80.2,16.8,14.8,11.14,16.1,46.6,0,955,149,0.6,1.4,0,0,0,0,0,0,0,344,35,19,97
TAE,2019,7,25,3,17.2,84.8,16.6,14.6,11,15.6,45.2,0,954.9,162,0.6,1.2,0,0,0,0,0,0,0,353,31,19,97
TAE,2019,7,25,4,16.6,86.6,16.4,14.4,10.87,15.2,44.2,0,955,153,0.7,1.6,0,0,0,0,0,0,0,333,25,19,97
TAE,2019,7,25,5,16.9,87.3,16.8,14.8,11.14,15.6,45.2,0,955.2,166,0.5,1.2,53,200,29,96,207,15,15,340,13,19,97
TAE,2019,7,25,6,20.1,77.7,18.2,16.1,12.08,17.5,50.9,0,955.3,135,0.2,1.1,210,559,61,183,590,37,37,349,29,19,97
TAE,2019,7,25,7,23.4,63.4,18.2,16.1,12.08,18.6,54.3,0,955.2,18,0.3,1.2,385,738,73,117,763,70,52,335,0,19,97
TAE,2019,7,25,8,25.4,54.9,17.8,15.7,11.81,19,55.6,0,955.1,9,0.8,2.1,554,821,83,67,786,229,69,333,0,19,97
TAE,2019,7,25,9,27.3,48.7,17.6,15.6,11.68,19.6,57.3,0,954.7,41,1.1,2.4,701,859,96,82,714,384,84,337,0,19,97
TAE,2019,7,25,10,29,45.7,18.3,16.1,12.16,20.3,60.2,0,954.5,39,1.4,2.7,821,909,92,91,577,506,95,348,0,19,97
TAE,2019,7,25,11,31.2,43.2,19.6,17.2,13.05,21.6,64.8,0,954.1,52,1.9,4.8,894,927,94,98,385,585,102,363,0,19,97
TAE,2019,7,25,12,33.1,32.8,16.6,14.6,11.02,20.8,61.5,0,953.9,48,3,6,914,918,103,101,164,611,178,380,0,19,97
TAE,2019,7,25,13,33.6,27.7,14.4,12.4,9.54,19.8,58.3,0,953.3,69,2.7,6.8,884,907,105,99,100,580,411,390,0,19,97
TAE,2019,7,25,14,34.1,27,14.5,12.5,9.61,20,59,0,953,63,2.9,8.2,757,726,176,114,115,480,547,402,39,19,97
TAE,2019,7,25,15,33.8,30.4,16,14,10.62,20.6,61.2,0,952.8,45,2.4,5.5,583,486,246,130,130,347,549,422,81,19,97
TAE,2019,7,25,16,33.4,30.7,15.8,13.8,10.49,20.4,60.5,0,952.3,68,1.8,4.1,398,272,244,130,129,214,404,427,100,19,97
TAE,2019,7,25,17,32.8,32,15.9,13.9,10.57,20.3,60.1,0,951.9,45,1.5,4.3,237,144,180,127,99,100,250,426,100,19,97
TAE,2019,7,25,18,28.4,55.3,21.2,18.6,14.17,21.6,64.7,0,951.9,143,0.6,1.5,140,169,96,104,52,51,225,421,100,19,97
TAE,2019,7,25,19,24.8,67.2,21,18.3,14.03,20.4,60.7,0,952.1,225,0.7,1.9,46,168,25,81,14,14,174,404,75,19,97
TAE,2019,7,25,20,21.9,73,19.1,16.8,12.73,18.5,54.4,0,952,219,0.6,1.7,0,0,0,0,0,0,0,375,41,19,97
TAE,2019,7,25,21,21.3,72.8,18.4,16.2,12.26,18,52.6,0,952.2,198,0.7,1.4,0,0,0,0,0,0,0,371,44,19,97
TAE,2019,7,25,22,21.1,72.6,18.2,16,12.12,17.8,52,0,952.3,180,0.6,1.5,0,0,0,0,0,0,0,393,71,19,97
TAE,2019,7,25,23,20.7,74.1,18.1,15.9,12.06,17.6,51.4,0,952,187,0.9,2,0,0,0,0,0,0,0,408,100,19,97
TAE,2019,7,26,0,20.7,74.3,18.1,16,12.05,17.6,51.4,0,952.2,193,1.1,4.5,0,0,0,0,0,0,0,404,100,19,97
TAE,2019,7,26,1,24.2,59,17.8,15.7,11.85,18.6,54.5,0,952.3,233,1.1,4.1,0,0,0,0,0,0,0,402,100,20,97
TAE,2019,7,26,2,23.5,61.5,17.7,15.7,11.79,18.4,53.6,0,951.5,304,0.8,2.4,0,0,0,0,0,0,0,402,100,20,97
TAE,2019,7,26,3,20.9,73.5,18.2,16,12.14,17.7,51.8,0,950.9,198,0.7,1.9,0,0,0,0,0,0,0,403,100,20,97
TAE,2019,7,26,4,19.7,77.8,17.8,15.7,11.86,17.1,49.9,0,951.4,225,1.1,2.7,0,0,0,0,0,0,0,390,78,20,97
TAE,2019,7,26,5,19.7,78.3,18,15.8,11.99,17.2,50.2,0,951.6,153,0.4,2.4,53,198,28,93,205,15,15,375,55,20,97
TAE,2019,7,26,6,21.2,76.1,19.1,16.8,12.74,18.3,53.7,0,951.5,0,0.2,1.1,194,466,75,172,508,41,42,374,48,20,97
TAE,2019,7,26,7,24.7,61.9,19.2,16.9,12.81,19.5,57.5,0,951.5,360,1.1,5.4,355,586,106,123,642,81,63,378,44,20,97
TAE,2019,7,26,8,27.3,48.8,17.7,15.6,11.79,19.6,57.6,0,951.3,218,2.5,6.4,541,790,90,70,767,233,72,373,25,20,97
TAE,2019,7,26,9,28,47.3,17.9,15.7,11.93,19.8,58.6,0,951.1,213,3.1,7,687,833,102,85,701,385,88,378,40,20,97
TAE,2019,7,26,10,29.2,43.7,17.7,15.6,11.8,20.1,59.5,0,950.7,246,3,6.7,808,888,98,94,575,507,98,374,6,20,97
TAE,2019,7,26,11,30.2,41.7,17.9,15.8,11.94,20.5,60.9,0,950.1,263,2.6,6.6,877,894,107,102,391,585,106,366,0,20,97
TAE,2019,7,26,12,30.9,37.6,16.8,14.8,11.21,20.2,59.8,0,949.3,238,2.1,5.4,898,891,113,105,171,610,183,374,6,20,97
TAE,2019,7,26,13,31.5,36.2,16.8,14.7,11.22,20.3,60.4,0,948.4,253,1.9,4.5,875,901,102,101,102,581,409,382,0,20,97
TAE,2019,7,26,14,32.3,33.3,16.1,14.1,10.75,20.3,60,0,947.6,293,1.4,4.1,755,729,175,112,113,489,558,400,50,20,97
TAE,2019,7,26,15,32.6,32.2,15.8,13.9,10.55,20.2,59.8,0,947,189,1.7,4.3,603,570,208,118,118,357,590,408,78,20,97
TAE,2019,7,26,16,32.7,31.8,15.7,13.8,10.5,20.2,59.8,0,945.9,210,1.3,3.7,283,95,226,129,127,157,219,418,100,20,97
TAE,2019,7,26,17,31.2,38.1,17.2,15.2,11.52,20.5,60.9,0,946,129,0.8,2,137,12,133,80,77,73,88,416,100,20,97
TAE,2019,7,26,18,28,56.9,21.3,18.7,14.33,21.6,64.8,0,945.6,196,0.8,1.5,148,245,92,129,51,49,298,402,88,20,97
TAE,2019,7,26,19,26,59.5,20,17.5,13.45,20.2,60.4,0,944.8,216,1,3.3,33,69,25,42,14,14,80,403,88,20,97
TAE,2019,7,26,20,25.3,60.9,19.5,17.2,13.09,19.9,58.8,0,945.9,231,1.3,3,0,0,0,0,0,0,0,408,100,20,97
TAE,2019,7,26,21,24.4,52.9,16.1,14.2,10.76,17.8,51.9,0,946.7,248,3.8,10.9,0,0,0,0,0,0,0,405,100,20,97
TAE,2019,7,26,22,22.4,58.7,15.9,13.9,10.62,17,49.5,0,946.8,258,3,8.2,0,0,0,0,0,0,0,402,100,20,97
TAE,2019,7,26,23,21.9,61.4,16.1,14.1,10.76,16.9,49.4,0,946.7,257,1.9,4.8,0,0,0,0,0,0,0,398,100,20,97
TAE,2019,7,27,0,21.3,65.4,16.5,14.6,11.04,17,49.5,0,946.5,254,2.6,7.5,0,0,0,0,0,0,0,395,100,20,97
TAE,2019,7,27,1,20.7,68.6,16.7,14.7,11.17,16.9,49.2,0,946.5,227,1.8,5.6,0,0,0,0,0,0,0,393,100,20,97
TAE,2019,7,27,2,20.5,70.4,17,14.9,11.37,16.9,49.5,0,946.6,209,4.3,9.5,0,0,0,0,0,0,0,393,100,20,97
TAE,2019,7,27,3,20.5,70,16.9,14.8,11.31,16.9,49.3,0,946.1,197,5.1,9.8,0,0,0,0,0,0,0,386,88,20,97
TAE,2019,7,27,4,20.2,72.3,17.1,15.1,11.45,16.9,49.4,0,945.7,213,2.6,8,0,0,0,0,0,0,0,389,94,20,97
TAE,2019,7,27,5,19.9,74.5,17.2,15.2,11.53,16.9,49.3,0,944.8,360,0.8,3,36,79,25,44,91,14,14,392,100,20,97
TAE,2019,7,27,6,20.1,73.8,17.3,15.3,11.6,17,49.7,0,944.8,288,0.8,1.9,114,123,89,92,174,49,50,392,94,20,97
TAE,2019,7,27,7,20.9,72.4,17.9,15.8,12.02,17.6,51.5,0,944.3,319,1,2.1,121,2,121,71,72,67,69,392,100,20,97
TAE,2019,7,27,8,21.1,71.4,17.8,15.7,11.95,17.6,51.6,0,944.3,309,2,3.8,127,0,127,75,74,71,72,395,100,20,97
TAE,2019,7,27,9,20.8,74,18.2,16,12.22,17.7,52,0,944.4,280,1.3,2.7,335,83,274,157,227,198,152,397,100,20,97
TAE,2019,7,27,10,22.7,65.2,17.9,15.8,12.03,18.2,53.4,0,943.7,299,1.5,4.4,763,742,166,119,534,495,121,377,54,20,97
TAE,2019,7,27,11,24.5,58.1,17.9,15.7,12.03,18.7,55.3,0,943.3,321,1.9,5,861,855,126,109,400,584,113,368,36,20,97
TAE,2019,7,27,12,25.2,53.2,17.1,15,11.5,18.6,54.6,0,942.3,270,1.5,4.3,824,681,224,138,220,578,220,380,48,20,97
TAE,2019,7,27,13,26.2,46.9,15.9,14,10.69,18.3,53.6,0,941.4,60,1.6,5.9,694,485,275,167,167,465,349,390,71,20,97
TAE,2019,7,27,14,26.1,47.5,16.1,14.1,10.83,18.3,53.9,0,940.7,105,1.4,4.4,205,12,195,114,113,116,119,403,100,20,97
TAE,2019,7,27,15,24.5,59.5,18.2,16.1,12.28,19,55.9,0,940.3,151,1.3,3,53,0,53,32,31,30,30,400,100,20,97
TAE,2019,7,27,16,24,64.5,19.2,16.9,12.97,19.3,57.1,0,940.1,197,2.8,6.5,110,0,110,65,64,61,63,398,100,20,97
TAE,2019,7,27,17,22.3,67.7,18.2,16,12.27,18.2,53.6,0,941,228,3,10.8,25,0,25,15,15,14,14,395,100,20,97
TAE,2019,7,27,18,18.6,85,18.2,16,12.26,16.9,49.8,1,941.7,262,1.6,5.9,9,0,9,5,5,5,5,392,100,20,97
TAE,2019,7,27,19,17.7,89,18,15.9,12.12,16.5,48.5,0.5,941.5,222,1.6,3.2,2,0,2,1,1,1,1,390,100,20,97
TAE,2019,7,27,20,17.3,92.5,18.2,16.1,12.26,16.5,48.4,1.8,941.7,180,0.6,1.6,0,0,0,0,0,0,0,389,100,20,97
TAE,2019,7,27,21,17.4,91.7,18.2,16,12.26,16.5,48.6,0.3,941.2,135,0.5,1.9,0,0,0,0,0,0,0,388,100,20,97
TAE,2019,7,27,22,17.1,93.9,18.3,16.1,12.35,16.5,48.5,0.1,939.8,243,0.7,1.8,0,0,0,0,0,0,0,387,100,20,97
TAE,2019,7,27,23,16.8,93.9,17.9,15.8,12.08,16.2,47.5,0,939.8,262,0.9,1.6,0,0,0,0,0,0,0,383,94,20,97
TAE,2019,7,28,0,16.3,93.2,17.3,15.2,11.67,15.6,45.9,0,939.6,225,0.7,1.9,0,0,0,0,0,0,0,375,78,20,97
TAE,2019,7,28,1,16,94.4,17.2,15.1,11.6,15.4,45.4,0,939.5,180,0.8,2.4,0,0,0,0,0,0,0,384,100,21,97
TAE,2019,7,28,2,16,94.6,17.2,15.1,11.6,15.4,45.4,0,939.5,162,0.8,2.6,0,0,0,0,0,0,0,384,100,21,97
TAE,2019,7,28,3,16.4,94,17.5,15.4,11.81,15.8,46.4,0,939.3,153,0.5,1.2,0,0,0,0,0,0,0,385,100,21,97
TAE,2019,7,28,4,16.4,95.9,17.9,15.7,12.08,16,47.1,14.1,939.2,166,0.5,1.4,0,0,0,0,0,0,0,385,100,21,97
TAE,2019,7,28,5,16.6,96.3,18.2,16,12.29,16.2,47.8,11.2,939.3,243,0.9,2.2,33,50,27,35,64,15,15,385,100,21,97
TAE,2019,7,28,6,16.6,95.8,18.1,15.9,12.22,16.2,47.6,9.2,939.6,243,0.5,1.8,89,31,83,59,80,46,47,385,100,21,97
TAE,2019,7,28,7,16.9,95.1,18.3,16.1,12.35,16.4,48.3,4.4,939.8,243,1,2.3,101,1,101,60,60,56,58,385,100,21,97
TAE,2019,7,28,8,17.8,92.2,18.8,16.5,12.69,17,50.1,0.1,940.1,234,0.9,2.2,145,0,144,86,85,81,83,386,100,21,97
TAE,2019,7,28,9,18.7,88.3,19,16.7,12.83,17.4,51.3,0,940.3,243,1,2.3,229,2,227,135,135,128,130,386,100,21,97
TAE,2019,7,28,10,18.8,87.1,18.9,16.6,12.75,17.4,51.2,0.9,940.8,260,1.8,4.9,180,1,179,106,106,101,102,386,100,21,97
TAE,2019,7,28,11,17.9,91.3,18.7,16.5,12.6,17,49.9,6.3,941.5,247,2.2,5.9,54,0,54,32,32,30,31,387,100,21,97
TAE,2019,7,28,12,17.1,93,18.2,16,12.25,16.4,48.2,5.5,942.3,270,2.5,7.5,108,0,108,64,63,60,62,387,100,21,97
TAE,2019,7,28,13,17.4,91.1,18,15.9,12.1,16.4,48.2,0.7,943,253,3.1,8,96,0,96,57,56,53,55,387,100,21,97
TAE,2019,7,28,14,17,89.9,17.5,15.3,11.75,15.9,46.9,0.1,943.5,246,4,9.6,108,0,108,64,63,60,62,385,100,21,97
TAE,2019,7,28,15,16.4,90.8,16.9,14.9,11.33,15.5,45.2,2.3,944.3,250,3.9,11.4,35,0,35,21,20,20,20,384,100,21,97
TAE,2019,7,28,16,16.1,92.1,16.8,14.8,11.26,15.3,44.7,2.9,945.1,256,3.7,8.5,40,0,40,24,23,22,23,382,100,21,97
TAE,2019,7,28,17,15.9,90.8,16.3,14.4,10.91,15,43.6,0.3,945.9,252,3.7,9.6,32,0,32,19,19,18,18,381,100,21,97
TAE,2019,7,28,18,15.7,90.1,16.1,14.1,10.76,14.7,43,0.1,946.8,252,4,9.4,9,0,9,5,5,5,5,380,100,21,97
TAE,2019,7,28,19,15.6,89.6,15.9,13.9,10.61,14.6,42.5,0,947.7,243,3.6,10.2,2,0,2,1,1,1,1,378,100,21,97
TAE,2019,7,28,20,15.4,91.4,16,14,10.67,14.5,42.5,1,948.6,246,3,7.3,0,0,0,0,0,0,0,378,100,21,97
TAE,2019,7,28,21,15.3,91.1,15.9,13.9,10.6,14.4,42.2,0.8,949.3,236,2.4,6.9,0,0,0,0,0,0,0,377,100,21,97
TAE,2019,7,28,22,15.2,91,15.8,13.7,10.52,14.3,41.9,0.5,949.6,220,2.7,7.8,0,0,0,0,0,0,0,377,100,21,97
TAE,2019,7,28,23,15.2,90.4,15.6,13.6,10.39,14.2,41.5,0.1,949.8,212,3.2,7.6,0,0,0,0,0,0,0,376,100,21,97
TAE,2019,7,29,0,15.2,89.8,15.5,13.5,10.32,14.2,41.4,0.1,949.8,218,2.4,7.5,0,0,0,0,0,0,0,376,100,21,97
TAE,2019,7,29,1,15.3,89,15.4,13.5,10.25,14.2,41.3,0,949.9,228,1.5,5.1,0,0,0,0,0,0,0,375,94,22,97
TAE,2019,7,29,2,15.2,88.8,15.3,13.4,10.18,14.1,41,0,950,233,0.5,3.2,0,0,0,0,0,0,0,375,100,22,97
TAE,2019,7,29,3,15.2,88.5,15.3,13.3,10.18,14,41,0,949.9,239,0.6,2.7,0,0,0,0,0,0,0,375,100,22,97
TAE,2019,7,29,4,15.2,87.7,15.2,13.2,10.11,14,40.9,0,950,270,0.4,1.9,0,0,0,0,0,0,0,376,94,22,97
TAE,2019,7,29,5,15.2,90.3,15.5,13.6,10.31,14.2,41.4,0,950.2,217,0.5,1.4,21,18,19,19,28,11,11,376,100,22,97
TAE,2019,7,29,6,15.5,90,15.9,13.9,10.58,14.5,42.3,0,950.5,135,0.4,1.1,82,23,75,51,69,43,44,376,100,22,97
TAE,2019,7,29,7,17,82.4,16,14,10.65,15.1,44.1,0,950.5,45,0.7,1.6,360,631,93,113,679,87,66,357,48,22,97
TAE,2019,7,29,8,17.7,79.4,16.1,14.1,10.72,15.5,44.9,0,950.6,22,1.3,3.1,452,474,192,114,570,234,113,361,41,22,97
TAE,2019,7,29,9,19,72,15.8,13.8,10.52,15.8,45.8,0,950.3,25,2,6.1,564,457,239,143,510,355,142,376,55,22,97
TAE,2019,7,29,10,19.6,66,15.1,13.1,10.04,15.6,45.2,0,950.2,47,2.1,4.7,510,264,306,189,364,316,184,382,71,22,97
TAE,2019,7,29,11,19.8,67.5,15.7,13.6,10.45,15.9,46.4,0,949.9,56,2.4,5.9,418,63,363,214,244,254,207,388,94,22,97
TAE,2019,7,29,12,20.2,65.1,15.4,13.4,10.25,16,46.3,0,949.6,59,1.5,4.6,778,561,287,168,236,560,259,390,55,22,97
TAE,2019,7,29,13,21.4,62.8,16,14,10.66,16.7,48.6,0,949.5,42,1.6,5.7,833,761,186,131,132,591,447,389,43,22,97
TAE,2019,7,29,14,22.1,60.3,16,14.1,10.66,17,49.3,0,949.5,36,1.6,4.7,716,624,221,139,140,485,532,382,45,22,97
TAE,2019,7,29,15,22.8,58.9,16.3,14.3,10.86,17.4,50.6,0,949.5,77,1.3,4,582,512,229,133,133,365,568,386,53,22,97
TAE,2019,7,29,16,22.7,58.3,16.1,14.1,10.73,17.2,50.1,0,949.5,66,1.6,4.2,501,686,122,84,84,240,717,381,50,22,97
TAE,2019,7,29,17,22.5,59.2,16.1,14.1,10.73,17.2,49.9,0,949.4,96,1.2,2.7,249,198,167,117,95,107,301,394,90,22,97
TAE,2019,7,29,18,21.4,68.2,17.4,15.3,11.61,17.5,51,0,949.6,170,1.1,1.6,96,39,86,62,50,48,90,395,100,22,97
TAE,2019,7,29,19,20.8,70.6,17.3,15.3,11.54,17.3,50.2,0,949.9,196,1.5,3.6,12,1,12,8,7,7,8,395,100,22,97
TAE,2019,7,29,20,20.4,73.7,17.7,15.5,11.81,17.2,50.5,0,950.3,207,1,3.8,0,0,0,0,0,0,0,393,100,22,97
TAE,2019,7,29,21,20.1,74.8,17.6,15.5,11.73,17.1,50,0,950.8,261,0.7,1.8,0,0,0,0,0,0,0,391,100,22,97
TAE,2019,7,29,22,19.9,74.2,17.2,15.2,11.46,16.9,49.1,0,950.9,249,0.9,2.6,0,0,0,0,0,0,0,384,80,22,97
TAE,2019,7,29,23,18.7,81.9,17.6,15.5,11.73,16.6,48.5,0,951.1,236,0.8,2,0,0,0,0,0,0,0,364,50,22,97
TAE,2019,7,30,0,17.8,86.4,17.6,15.5,11.72,16.3,47.6,0,951.3,202,0.6,1.5,0,0,0,0,0,0,0,366,59,22,97
TAE,2019,7,30,1,17.4,89.4,17.8,15.6,11.86,16.2,47.5,0,951.2,166,0.5,0.9,0,0,0,0,0,0,0,358,0,20,97
TAE,2019,7,30,2,16.8,91.6,17.5,15.4,11.66,15.9,46.4,0,951.4,180,0.5,1.4,0,0,0,0,0,0,0,355,19,20,97
TAE,2019,7,30,3,16.8,90.9,17.4,15.3,11.59,15.8,46.2,0,951.6,198,0.5,1.4,0,0,0,0,0,0,0,363,45,20,97
TAE,2019,7,30,4,17,89.8,17.4,15.3,11.58,15.9,46.4,0,951.9,135,0.3,1.5,0,0,0,0,0,0,0,362,36,20,97
TAE,2019,7,30,5,17.7,83.5,16.9,14.9,11.24,15.9,46.3,0,952.3,284,0.7,2.7,29,40,25,30,52,14,14,369,44,20,97
TAE,2019,7,30,6,18.8,78,16.9,14.9,11.23,16.3,47.4,0,952.8,261,0.9,4.4,181,401,73,139,446,42,43,345,33,20,97
TAE,2019,7,30,7,20.4,69.1,16.6,14.5,11.02,16.7,48.5,0,953.2,211,2.4,6,375,744,70,110,772,74,54,328,6,20,97
TAE,2019,7,30,8,21.9,64.7,17,15,11.29,17.5,50.7,0,953.2,216,2.9,6.1,549,839,78,69,806,245,72,327,0,20,97
TAE,2019,7,30,9,22.6,59.5,16.3,14.3,10.82,17.3,50.3,0,953,258,2.6,5.7,689,854,99,87,722,401,90,326,0,20,97
TAE,2019,7,30,10,23.5,55.7,16.1,14.1,10.69,17.5,50.8,0,952.8,241,2.3,6.5,781,791,155,109,578,522,112,353,36,20,97
TAE,2019,7,30,11,24.3,51.6,15.6,13.7,10.35,17.5,50.8,0,952.7,202,2.3,5.9,869,862,132,112,399,604,116,324,19,20,97
TAE,2019,7,30,12,25.1,46.5,14.8,12.8,9.82,17.3,50.3,0,952.4,279,2.1,4.4,915,941,93,107,170,638,180,323,0,20,97
TAE,2019,7,30,13,25.9,44.2,14.7,12.8,9.75,17.6,50.9,0,952.1,278,1.8,5.7,890,945,86,103,105,608,415,325,0,20,97
TAE,2019,7,30,14,26.4,39.8,13.7,11.6,9.08,17.2,49.7,0,951.8,253,1.9,4.5,805,907,93,96,98,520,607,325,0,20,97
TAE,2019,7,30,15,26.7,41.4,14.5,12.5,9.63,17.7,51.4,0,951.5,270,1.4,4.6,685,879,86,84,85,389,744,327,0,20,97
TAE,2019,7,30,16,26.7,40.9,14.3,12.3,9.49,17.6,51.1,0,951.5,300,1.7,7.3,532,830,76,68,68,229,805,329,0,20,97
TAE,2019,7,30,17,26.6,43.8,15.2,13.3,10.1,18.1,52.5,0,951.3,259,1.7,5.5,355,723,70,115,51,69,756,335,13,20,97
TAE,2019,7,30,18,25.7,46.2,15.2,13.3,10.1,17.8,51.6,0,951.5,261,2.1,4.7,173,473,65,167,37,37,510,345,13,20,97
TAE,2019,7,30,19,23.2,54.1,15.4,13.4,10.22,17,49.3,0,952.4,266,2.6,6.1,37,146,22,69,12,12,152,359,48,20,97
TAE,2019,7,30,20,21.5,57.1,14.6,12.7,9.67,16,46.2,0,953.6,263,2.4,5.3,0,0,0,0,0,0,0,376,71,20,97
TAE,2019,7,30,21,20.2,60.2,14.2,12.2,9.39,15.3,44.1,0,954.8,259,2.7,7.8,0,0,0,0,0,0,0,385,88,20,97
TAE,2019,7,30,22,18.3,69.9,14.7,12.7,9.72,14.9,43,0,955.1,260,2.4,5.5,0,0,0,0,0,0,0,386,94,20,97
TAE,2019,7,30,23,17.6,75.1,15.2,13.1,10.05,14.8,43.2,0,955.5,239,2.3,6.6,0,0,0,0,0,0,0,387,100,20,97
TAE,2019,7,31,0,16.6,82.7,15.6,13.6,10.32,14.8,42.8,2.8,955.6,259,1.6,5.1,0,0,0,0,0,0,0,384,100,20,97
TAE,2019,7,31,1,15.5,91,16,14,10.59,14.6,42.4,3.2,955.8,218,1.3,3.7,0,0,0,0,0,0,0,382,100,20,97
TAE,2019,7,31,2,15.4,89.1,15.6,13.6,10.32,14.3,41.6,1.1,955.8,230,0.9,5.2,0,0,0,0,0,0,0,381,100,20,97
TAE,2019,7,31,3,15.3,89.5,15.5,13.6,10.25,14.3,41.3,0.6,955.9,262,0.9,3.1,0,0,0,0,0,0,0,380,100,20,97
TAE,2019,7,31,4,15.3,87.4,15.2,13.2,10.05,14,40.8,0.3,955.8,280,1.1,2.5,0,0,0,0,0,0,0,380,88,20,97
TAE,2019,7,31,5,15.4,86.4,15.1,13.1,9.98,14,40.7,0.1,956.2,270,1,2.6,9,0,9,5,5,5,5,379,100,20,97
TAE,2019,7,31,6,15.5,88.4,15.6,13.6,10.31,14.3,41.7,0.3,956.3,252,1.1,3.2,22,0,22,13,13,12,13,378,100,20,97
TAE,2019,7,31,7,16.4,85.2,15.8,13.9,10.44,14.9,42.9,0.1,956.8,230,0.8,2.3,97,6,94,56,61,53,54,378,100,20,97
TAE,2019,7,31,8,17.2,81.8,16.1,14.1,10.65,15.3,44.3,0.1,956.8,221,1,2.7,289,96,233,133,228,165,129,380,100,20,97
TAE,2019,7,31,9,18.3,75.3,15.8,13.9,10.45,15.6,44.9,0.1,956.6,233,1.6,4.7,473,220,322,177,380,290,172,370,88,20,97
TAE,2019,7,31,10,19,71.8,15.8,13.8,10.44,15.8,45.6,0,956.7,251,1.9,3.7,326,62,276,158,203,195,153,375,88,20,97
TAE,2019,7,31,11,19.6,67.9,15.5,13.5,10.24,15.8,45.7,0,956.6,219,1.5,3.3,235,40,202,116,141,141,112,384,94,20,97
TAE,2019,7,31,12,20,64.7,15.1,13.2,9.98,15.8,45.4,0,956.3,200,2,3.9,404,71,342,196,195,245,220,385,100,20,97
TAE,2019,7,31,13,21.4,58.2,14.8,12.9,9.78,16.1,46.4,0,955.9,250,1.4,4.5,566,188,406,225,223,366,325,386,88,20,97
TAE,2019,7,31,14,21.5,56.3,14.5,12.4,9.58,15.9,46,0,955.7,207,1.7,4.5,543,254,348,196,194,344,385,379,84,20,97
TAE,2019,7,31,15,22,55.6,14.6,12.7,9.65,16.2,46.7,0,955.6,228,1.9,5.6,509,336,274,152,151,318,438,366,68,20,97
TAE,2019,7,31,16,21.9,56.2,14.7,12.7,9.71,16.1,46.7,0,955.5,227,2,4.8,490,671,131,84,84,228,707,356,48,20,97
TAE,2019,7,31,17,21.5,58.1,14.9,12.9,9.83,16.1,46.6,0,955.5,213,1.8,3.7,308,460,120,111,69,88,531,349,41,20,97
TAE,2019,7,31,18,20.6,62.8,15.1,13.1,9.98,15.9,46,0,955.8,207,1.4,3.2,150,391,51,124,30,30,422,351,51,20,97
TAE,2019,7,31,19,19.7,65.9,15.1,13.1,9.96,15.6,45.1,0,956,238,1,2,17,12,16,14,9,9,20,357,58,20,97
TAE,2019,7,31,20,18.9,69.7,15.1,13.1,9.95,15.3,44.2,0,956.3,241,1.2,2.2,0,0,0,0,0,0,0,346,28,20,97
TAE,2019,7,31,21,18.1,74.1,15.2,13.2,10.06,15.1,43.7,0,956.4,240,1.4,2.3,0,0,0,0,0,0,0,352,33,20,97
TAE,2019,7,31,22,17.4,78.3,15.4,13.4,10.19,15,43.3,0,956.6,230,0.8,2,0,0,0,0,0,0,0,368,68,20,97
TAE,2019,7,31,23,16.8,82.9,15.7,13.7,10.38,14.9,43.1,0,956.6,162,0.4,1,0,0,0,0,0,0,0,366,68,20,97
TAE,2016,8,1,0,16.2,86.9,15.9,13.9,10.51,14.8,42.9,0,956.7,198,0.4,0.8,0,0,0,0,0,0,0,374,100,20,97
TAE,2016,8,1,1,15.8,90.3,16.2,14.1,10.69,14.8,43,0,956.7,233,0.5,1.7,0,0,0,0,0,0,0,362,88,20,97
TAE,2016,8,1,2,15.6,92.6,16.3,14.3,10.81,14.8,43,0,956.8,252,0.3,1.3,0,0,0,0,0,0,0,373,100,20,97
TAE,2016,8,1,3,15.4,94.1,16.5,14.5,10.9,14.8,43.1,0,957,217,0.5,1.4,0,0,0,0,0,0,0,361,88,20,97
TAE,2016,8,1,4,15.3,94.5,16.4,14.4,10.85,14.7,42.8,0,957.1,225,0.6,1.8,11,1,11,7,8,6,6,368,94,20,97
TAE,2016,8,1,5,15.5,92.2,16.2,14.2,10.71,14.7,42.7,0,957.4,225,0.4,1.4,80,23,73,48,66,40,41,367,94,20,97
TAE,2016,8,1,6,15.8,89.9,16,14.1,10.6,14.7,42.6,0,957.6,90,0.3,1.1,343,533,125,107,609,107,70,345,59,20,97
TAE,2016,8,1,7,16.5,84.4,15.8,13.8,10.42,14.8,43,0,957.8,27,0.9,2.3,452,438,205,111,536,251,110,351,64,20,97
TAE,2016,8,1,8,17.4,77.7,15.4,13.5,10.16,15,43.2,0,957.9,32,1,2.5,535,357,286,155,465,339,153,366,75,20,97
TAE,2016,8,1,9,18.2,70.4,14.7,12.7,9.69,14.8,42.9,0,958.3,6,1.1,2.7,401,131,294,166,253,252,162,377,88,20,97
TAE,2016,8,1,10,19.3,62.4,14,11.9,9.22,14.8,42.8,0,958.2,23,1.2,4.9,600,251,388,216,348,395,211,378,75,20,97
TAE,2016,8,1,11,20,57.9,13.6,11.5,8.96,14.9,42.8,0,958,146,1,5.5,712,404,361,194,261,501,255,366,71,20,97
TAE,2016,8,1,12,20.6,54,13.1,11,8.62,14.8,42.6,0,957.9,166,1.4,3.2,546,173,398,223,221,350,308,381,71,20,97
TAE,2016,8,1,13,21.1,49.6,12.4,10.2,8.16,14.6,42,0,957.4,162,1.1,3.4,407,189,258,148,147,259,269,362,88,20,97
TAE,2016,8,1,14,21.4,47.2,12.1,9.7,7.96,14.5,41.7,0,957.5,328,1.6,4.9,179,5,177,104,103,100,105,371,94,20,97
TAE,2016,8,1,15,21.8,46.5,12.1,9.8,7.96,14.7,42.2,0,957.3,327,2.5,6,406,477,152,89,89,204,540,350,59,20,97
TAE,2016,8,1,16,21.8,40,10.5,7.6,6.9,13.7,39.5,0,957,312,1.4,3.5,343,658,88,116,55,75,707,321,13,20,97
TAE,2016,8,1,17,21.1,45.3,11.2,8.8,7.36,13.9,39.9,0,957.1,309,0.9,2.6,172,453,68,157,38,38,494,338,41,20,97
TAE,2016,8,1,18,17.7,71.8,14.5,12.5,9.57,14.5,42,0,957.2,225,1,2.7,21,41,17,26,10,10,50,370,88,20,97
TAE,2016,8,1,19,14.8,84.1,14.1,12.1,9.3,13.2,38.4,0,957.6,220,0.8,2.1,0,0,0,0,0,0,0,368,88,20,97
TAE,2016,8,1,20,13.8,86.2,13.5,11.5,8.89,12.5,36.3,0,957.7,221,1.1,2.4,0,0,0,0,0,0,0,374,100,20,97
TAE,2016,8,1,21,13.5,88.8,13.7,11.7,9.03,12.4,36.4,0,957.7,207,0.7,1.7,0,0,0,0,0,0,0,352,78,20,97
TAE,2016,8,1,22,12.7,91,13.3,11.3,8.76,11.9,34.9,0,957.5,189,0.7,1.4,0,0,0,0,0,0,0,345,70,20,97
TAE,2016,8,1,23,12.9,89.4,13.3,11.2,8.76,11.9,35.1,0,957.3,158,0.6,1.3,0,0,0,0,0,0,0,362,100,20,97
TAE,2016,8,2,0,13.2,90.9,13.8,11.7,9.1,12.3,36.2,0,957.1,166,0.4,0.9,0,0,0,0,0,0,0,364,100,20,97
TAE,2016,8,2,1,13.3,92.8,14.2,12.2,9.37,12.6,37,0,956.7,146,0.4,1,0,0,0,0,0,0,0,361,94,20,97
TAE,2016,8,2,2,13,93.2,14,11.9,9.24,12.4,36.4,0,956.7,198,0.4,1.6,0,0,0,0,0,0,0,359,94,20,97
TAE,2016,8,2,3,13,93.5,14,12,9.24,12.4,36.4,0,956.9,146,0.4,1.3,0,0,0,0,0,0,0,367,100,20,97
TAE,2016,8,2,4,13.4,93.4,14.4,12.4,9.5,12.8,37.5,0,957.3,198,0.3,1.5,9,0,9,5,5,5,5,368,100,20,97
TAE,2016,8,2,5,14.6,87.9,14.6,12.6,9.63,13.4,39,0,957.5,90,0.4,1.3,52,1,51,31,31,29,29,369,100,20,97
TAE,2016,8,2,6,16.9,72.7,14,12,9.23,14,40.4,0,957.7,297,0.7,2.2,212,123,158,94,217,106,88,371,100,20,97
TAE,2016,8,2,7,18.4,67.2,14.2,12.2,9.36,14.6,42.2,0,957.5,207,1.9,5.4,482,590,157,91,646,253,92,364,75,20,97
TAE,2016,8,2,8,20,62,14.5,12.5,9.57,15.4,44.4,0,957.3,208,2.7,5.5,593,542,221,124,576,378,123,371,75,20,97
TAE,2016,8,2,9,21,58.1,14.4,12.5,9.5,15.8,45.2,0,957.2,210,3.1,6.3,709,593,244,135,530,494,135,370,100,20,97
TAE,2016,8,2,10,21.5,56,14.4,12.4,9.5,15.9,45.8,0,956.9,249,3.3,7.6,686,387,358,190,397,483,187,385,100,20,97
TAE,2016,8,2,11,22,52.8,13.9,11.9,9.17,15.8,45.4,0,956.8,251,3.9,8.9,487,89,410,235,257,298,239,389,100,20,97
TAE,2016,8,2,12,22.5,50.8,13.9,11.8,9.17,15.9,45.9,0,956.7,242,3.2,8.3,593,228,400,220,218,394,344,383,88,20,97
TAE,2016,8,2,13,23.3,44.7,12.8,10.6,8.44,15.6,44.9,0,956.5,246,3.6,9.6,327,122,231,131,129,208,215,390,100,20,97
TAE,2016,8,2,14,22.4,46,12.5,10.2,8.24,15.1,43.5,0,956.4,238,3,8.4,119,0,119,70,69,66,68,389,100,20,97
TAE,2016,8,2,15,21.9,50.4,13.2,11.1,8.7,15.4,44.1,0,956.4,233,2.1,5.7,300,188,199,112,111,165,299,381,88,20,97
TAE,2016,8,2,16,21.5,53.3,13.7,11.6,9.04,15.5,44.6,0,956.6,248,2.8,7.1,123,7,120,71,70,68,75,387,100,20,97
TAE,2016,8,2,17,18.6,76.4,16.3,14.4,10.77,16,46,0.3,957.3,295,1.6,3.4,54,4,53,32,31,30,35,386,100,20,97
TAE,2016,8,2,18,17.1,87.7,17.1,15,11.3,15.8,45.8,0.5,958,262,0.7,1.8,13,6,12,9,7,7,12,385,100,20,97
TAE,2016,8,2,19,16.4,91.2,17,15,11.24,15.5,44.9,0,957.8,180,0.7,1.5,0,0,0,0,0,0,0,384,100,20,97
TAE,2016,8,2,20,16.3,92.5,17.2,15.1,11.37,15.5,45.2,0,958.1,180,0.6,1.5,0,0,0,0,0,0,0,383,100,20,97
TAE,2016,8,2,21,16,93.6,17,15,11.24,15.4,44.5,0,957.8,180,0.6,2.1,0,0,0,0,0,0,0,381,100,20,97
TAE,2016,8,2,22,15.9,93.7,16.9,14.9,11.17,15.3,44.3,0,957.8,202,0.7,2.4,0,0,0,0,0,0,0,380,100,20,97
TAE,2016,8,2,23,15.9,93.6,16.9,14.9,11.18,15.3,44.3,0,957.5,236,0.5,1.5,0,0,0,0,0,0,0,379,100,20,97
TAE,2016,8,3,0,15.6,94.2,16.7,14.7,11.04,15,43.6,0,957.2,225,0.6,1.5,0,0,0,0,0,0,0,352,38,20,97
TAE,2016,8,3,1,14.3,95.7,15.6,13.6,10.31,13.9,40.4,0,956.9,194,0.6,1.6,0,0,0,0,0,0,0,355,39,20,97
TAE,2016,8,3,2,13.7,96.9,15.2,13.2,10.04,13.4,39.1,0,956.6,169,0.7,1.6,0,0,0,0,0,0,0,345,6,20,97
TAE,2016,8,3,3,12.9,97.9,14.6,12.6,9.64,12.7,37.3,0,956.2,214,0.4,1.3,0,0,0,0,0,0,0,349,23,20,97
TAE,2016,8,3,4,12.9,97.4,14.5,12.5,9.58,12.7,37.1,0,956.1,198,0.4,1,36,110,24,53,120,13,13,350,36,20,97
TAE,2016,8,3,5,13.8,97,15.3,13.3,10.12,13.5,39.4,0,956.1,180,0.4,0.9,165,377,76,138,424,42,42,354,48,20,97
TAE,2016,8,3,6,16.8,88,16.8,14.8,11.13,15.5,45.1,0,955.8,90,0.3,1.4,330,551,111,101,619,101,63,359,53,20,97
TAE,2016,8,3,7,19.2,78.3,17.4,15.3,11.54,16.7,48.6,0,955.5,53,0.5,1.7,468,538,172,95,612,254,95,374,81,20,97
TAE,2016,8,3,8,21.3,69.1,17.6,15.4,11.68,17.5,51.1,0,955.1,355,2.6,4.8,594,547,218,121,575,384,121,383,81,20,97
TAE,2016,8,3,9,23,59,16.5,14.6,10.94,17.6,50.9,0,955,228,2.2,5.8,783,846,121,99,575,534,102,363,41,20,97
TAE,2016,8,3,10,24,54.1,16.2,14.2,10.74,17.7,51.5,0,954.5,240,2.6,7.8,854,860,128,106,401,612,110,362,35,20,97
TAE,2016,8,3,11,24.7,52.5,16.3,14.3,10.81,18,52.4,0,954.2,247,2.6,6.5,742,511,300,168,230,534,256,386,75,20,97
TAE,2016,8,3,12,25.5,50.7,16.6,14.5,11.01,18.4,53.7,0,954,265,2.7,6.6,685,414,338,183,182,481,401,392,81,20,97
TAE,2016,8,3,13,25.7,49,16.2,14.2,10.75,18.3,53.2,0,953.8,261,2.7,5.5,691,584,241,144,144,467,523,381,63,20,97
TAE,2016,8,3,14,26.2,45.7,15.6,13.6,10.35,18.1,52.7,0,953.3,267,2.1,4.4,656,803,119,87,88,399,717,350,29,20,97
TAE,2016,8,3,15,26.7,41.7,14.6,12.6,9.68,17.8,51.5,0,953.1,270,2.1,6.4,520,776,104,72,72,251,783,349,25,20,97
TAE,2016,8,3,16,26.7,43.5,15.2,13.3,10.08,18.1,52.6,0,952.9,291,1.8,3.8,332,629,91,112,56,77,682,341,29,20,97
TAE,2016,8,3,17,25.6,54.2,17.8,15.7,11.84,19.1,55.9,0,953,333,1.4,2.8,161,452,64,154,36,36,490,354,23,20,97
TAE,2016,8,3,18,22.7,71.8,19.7,17.3,13.13,19.1,56.2,0,953.2,225,0.6,1.7,25,95,16,44,9,9,100,338,0,20,97
TAE,2016,8,3,19,19.4,87.1,19.6,17.2,13.06,17.9,52.6,0,953.4,214,1.1,2.2,0,0,0,0,0,0,0,341,0,20,97
TAE,2016,8,3,20,18,90.5,18.6,16.4,12.37,17,49.5,0,953.6,214,1,1.9,0,0,0,0,0,0,0,321,0,20,97
TAE,2016,8,3,21,17.5,91.6,18.3,16.1,12.17,16.6,48.4,0,953.6,209,1.1,1.7,0,0,0,0,0,0,0,318,0,20,97
TAE,2016,8,3,22,17.3,91,18,15.8,11.96,16.3,47.7,0,953.8,188,0.8,1.8,0,0,0,0,0,0,0,314,0,20,97
TAE,2016,8,3,23,16,92.9,16.8,14.9,11.15,15.3,44.3,0,953.6,197,1.2,2.2,0,0,0,0,0,0,0,310,0,20,97
TAE,2016,8,4,0,15.9,89,16,14.1,10.62,14.8,42.8,0,953.5,186,0.9,2.5,0,0,0,0,0,0,0,308,0,20,97
TAE,2016,8,4,1,15.9,87.8,15.8,13.9,10.48,14.7,42.5,0,953.2,214,1.4,3.1,0,0,0,0,0,0,0,308,0,20,97
TAE,2016,8,4,2,14.7,92.2,15.4,13.4,10.22,13.9,40.6,0,952.9,164,0.8,2.3,0,0,0,0,0,0,0,308,0,20,97
TAE,2016,8,4,3,13.9,94.6,15,13,9.95,13.4,39.1,0,953,153,0.4,1.8,0,0,0,0,0,0,0,308,0,20,97
TAE,2016,8,4,4,13.9,93.9,14.9,12.9,9.88,13.3,38.9,0,952.7,159,0.9,2.3,34,124,21,56,132,12,12,308,19,20,97
TAE,2016,8,4,5,15,90.5,15.4,13.5,10.22,14.1,40.9,0,952.8,135,0.4,1.6,181,501,64,155,540,36,36,307,0,20,97
TAE,2016,8,4,6,17.8,80.7,16.5,14.4,10.96,15.7,45.7,0,952.7,45,0.5,2.2,357,694,82,92,736,93,54,309,6,20,97
TAE,2016,8,4,7,19.7,73.5,16.9,14.8,11.23,16.6,48.3,0,952.6,5,1.3,3,527,763,108,73,765,266,75,326,29,20,97
TAE,2016,8,4,8,21.8,66.5,17.3,15.3,11.51,17.6,51.2,0,952.3,16,0.8,2.3,665,783,132,90,696,416,92,324,13,20,97
TAE,2016,8,4,9,23.6,60.1,17.5,15.4,11.65,18.3,53.4,0,951.9,45,1,2.8,797,872,116,97,584,545,100,343,33,20,97
TAE,2016,8,4,10,25.5,56.9,18.6,16.3,12.4,19.4,57.2,0,951.6,7,2,6.2,868,891,118,103,400,623,107,334,19,20,97
TAE,2016,8,4,11,26.3,53.2,18.2,16,12.14,19.5,57.4,0,951,350,1.6,4.5,881,861,138,108,180,645,194,360,26,20,97
TAE,2016,8,4,12,27.3,41.4,15,13,9.98,18.2,52.9,0,950.3,302,1.8,4.6,812,737,193,123,124,587,415,377,61,20,97
TAE,2016,8,4,13,27.5,38.8,14.2,12.2,9.44,17.8,51.8,0,949.4,342,1.6,4.3,734,708,188,112,113,510,568,383,71,20,97
TAE,2016,8,4,14,27.1,45.3,16.3,14.3,10.87,18.8,55,0,948.7,56,1.3,3.1,576,528,223,119,119,370,576,385,78,20,97
TAE,2016,8,4,15,26.6,45.7,15.9,13.9,10.61,18.4,53.8,0,948.3,24,1.9,4.3,289,117,223,126,124,165,241,402,100,20,97
TAE,2016,8,4,16,25,56.1,17.7,15.6,11.83,18.8,55.3,0,948.2,261,1.1,2.6,65,0,65,38,38,36,37,400,100,20,97
TAE,2016,8,4,17,22.4,63.1,17,15,11.34,17.6,51.4,5.4,949.7,270,2.6,6,19,1,19,12,11,11,12,399,100,20,97
TAE,2016,8,4,18,18.8,87.1,18.8,16.6,12.54,17.4,50.7,1.3,951.1,283,2.9,8.3,1,0,1,1,1,1,1,396,100,20,97
TAE,2016,8,4,19,17.6,93.8,18.8,16.6,12.53,17,49.4,8.5,952.4,286,2.3,7.1,0,0,0,0,0,0,0,393,100,20,97
TAE,2016,8,4,20,16.1,92.6,16.9,14.9,11.23,15.3,44.6,6.2,953.3,295,2.5,11.4,0,0,0,0,0,0,0,389,100,20,97
TAE,2016,8,4,21,15.5,93.4,16.4,14.4,10.88,14.8,43.1,4.6,953.7,214,0.8,2.8,0,0,0,0,0,0,0,385,100,20,97
TAE,2016,8,4,22,14.9,94.7,16,14.1,10.62,14.4,41.8,2.4,953.2,169,1.1,2.8,0,0,0,0,0,0,0,381,100,20,97
TAE,2016,8,4,23,14.8,96,16.2,14.2,10.76,14.4,42.1,3.5,952.5,79,0.7,1.8,0,0,0,0,0,0,0,378,100,20,97
TAE,2016,8,5,0,14.8,97.3,16.3,14.4,10.83,14.6,42.3,2.2,952.7,352,0.9,3.1,0,0,0,0,0,0,0,375,100,20,97
TAE,2016,8,5,1,14.9,94.8,16,14.1,10.63,14.4,41.9,0.6,952.4,263,0.9,2.7,0,0,0,0,0,0,0,373,100,20,97
TAE,2016,8,5,2,15,93.2,15.9,13.9,10.56,14.3,41.8,1,952.5,270,0.9,2.5,0,0,0,0,0,0,0,371,100,20,97
TAE,2016,8,5,3,14.8,94.8,16,14,10.62,14.3,41.7,4.3,952.7,275,1.1,3,0,0,0,0,0,0,0,369,100,20,97
TAE,2016,8,5,4,13.3,92.2,14.1,12.1,9.33,12.6,36.9,2,953.7,302,2.4,7.4,27,77,18,37,86,10,10,367,100,20,97
TAE,2016,8,5,5,12.7,94.9,14,11.9,9.26,12.2,36.1,1.3,954.6,255,1.6,3.9,19,0,19,11,11,10,11,365,100,20,97
TAE,2016,8,5,6,13.1,93.2,14,12,9.25,12.5,36.5,0.8,955.8,246,1.8,3.6,84,2,83,49,50,46,47,364,100,20,97
TAE,2016,8,5,7,13.8,89.5,14.1,12.1,9.31,12.8,37.4,0.1,956.3,261,1.4,2.9,192,14,185,108,121,106,104,365,100,20,97
TAE,2016,8,5,8,14.6,86.1,14.3,12.3,9.44,13.2,38.5,0,957,252,1.6,5.7,210,5,207,121,125,117,117,366,100,20,97
TAE,2016,8,5,9,14.8,82.7,13.9,11.9,9.16,13.1,38,0,957.8,257,2.2,5.2,131,0,131,77,76,72,74,367,100,20,97
TAE,2016,8,5,10,15.1,82.8,14.3,12.2,9.42,13.4,39,0,958.2,234,1.8,3.9,149,0,149,87,86,82,84,368,100,20,97
TAE,2016,8,5,11,15.3,81.5,14.2,12.2,9.36,13.4,39,0,958.3,216,1.9,5.2,225,0,225,132,130,124,127,368,100,20,97
TAE,2016,8,5,12,15.7,79.2,14.1,12.1,9.29,13.5,39.3,0,958.6,222,1.6,4.3,202,0,202,119,117,112,114,369,100,20,97
TAE,2016,8,5,13,16.7,73.5,13.9,11.9,9.15,13.8,40,0,958.4,212,2,4.4,410,71,356,204,202,243,255,369,100,20,97
TAE,2016,8,5,14,16.9,71.2,13.7,11.7,9.02,13.8,39.8,0,958.7,210,1.5,4.6,147,4,144,84,83,82,85,369,100,20,97
TAE,2016,8,5,15,14.4,89.3,14.7,12.7,9.68,13.4,38.9,7.6,959.2,267,2.1,6.4,67,0,67,39,39,37,38,369,100,20,97
TAE,2016,8,5,16,15,87.7,14.9,13,9.82,13.8,39.9,0.1,959.1,228,1.5,4.1,208,160,153,114,85,83,253,361,94,20,97
TAE,2016,8,5,17,15,85.6,14.6,12.6,9.61,13.6,39.4,0,959.3,225,1.2,3.8,96,137,69,77,39,37,177,353,94,20,97
TAE,2016,8,5,18,14.4,85.3,14,12,9.21,13,37.7,1,960,214,1.8,5,13,35,10,18,6,5,40,364,100,20,97
TAE,2016,8,5,19,14,90.8,14.5,12.5,9.53,13.1,38.1,3.4,961,222,1.8,5.5,0,0,0,0,0,0,0,367,100,20,97
TAE,2016,8,5,20,14,90.6,14.5,12.5,9.52,13.1,38.1,0,961.4,207,0.8,3.1,0,0,0,0,0,0,0,366,94,20,97
TAE,2016,8,5,21,13.5,92.2,14.3,12.3,9.39,12.8,37.3,0,961.8,254,0.9,2.3,0,0,0,0,0,0,0,365,94,20,97
TAE,2016,8,5,22,13.8,91.1,14.4,12.4,9.45,13,37.8,0,961.8,252,1.4,3,0,0,0,0,0,0,0,364,100,20,97
TAE,2016,8,5,23,14,90.6,14.5,12.5,9.52,13.1,38.1,0,961.8,250,1.5,3.2,0,0,0,0,0,0,0,363,100,20,97
TAE,2016,8,6,0,14,91.1,14.5,12.6,9.52,13.2,38.1,0,962.2,256,1.4,3.1,0,0,0,0,0,0,0,355,88,20,97
TAE,2016,8,6,1,13.5,96,14.8,12.9,9.72,13.1,38.1,0,961.9,180,0.3,0.9,0,0,0,0,0,0,0,363,100,20,97
TAE,2016,8,6,2,13.5,94.3,14.6,12.6,9.58,13,37.8,0,962.2,270,0.4,1.3,0,0,0,0,0,0,0,363,94,20,97
TAE,2016,8,6,3,12.8,97.8,14.4,12.5,9.45,12.6,36.7,0,962.3,180,0.1,0.8,0,0,0,0,0,0,0,343,50,20,97
TAE,2016,8,6,4,11.5,98.8,13.4,11.3,8.78,11.4,33.7,0,962.8,180,0.4,1,8,0,8,5,5,5,5,359,84,20,97
TAE,2016,8,6,5,12.6,97.5,14.2,12.2,9.31,12.4,36.2,0,963.2,45,0.5,1.2,98,129,61,60,168,34,35,359,90,20,97
TAE,2016,8,6,6,13.8,94.2,14.9,12.9,9.77,13.3,38.6,0,963.4,18,0.4,1.2,355,695,84,92,741,98,55,345,45,20,97
TAE,2016,8,6,7,15.8,87.6,15.7,13.7,10.3,14.5,41.9,0,963.7,352,1.7,3.3,438,435,205,111,541,249,110,343,48,20,97
TAE,2016,8,6,8,16.6,83,15.6,13.7,10.23,14.8,42.6,0,963.9,349,1.8,3.5,550,483,230,132,540,351,131,359,68,20,97
TAE,2016,8,6,9,17,77.8,15.1,13.1,9.9,14.6,42.2,0,964.2,340,1.3,3.1,531,249,334,186,358,354,182,373,88,20,97
TAE,2016,8,6,10,18.4,67.9,14.3,12.4,9.36,14.7,42.2,0,964.2,309,1.2,3.2,709,495,291,168,364,510,166,371,69,20,97
TAE,2016,8,6,11,19.7,52.7,12.1,9.8,7.91,13.9,39.9,0,964,8,1.2,3.1,835,724,215,130,212,630,223,358,53,20,97
TAE,2016,8,6,12,20.5,49.9,12,9.7,7.84,14.1,40.5,0,963.9,45,1.1,3.6,788,660,239,136,136,586,441,359,64,20,97
TAE,2016,8,6,13,21,48.4,12.1,9.7,7.91,14.3,41.2,0,963.8,45,1.2,3.6,737,716,188,115,115,523,577,357,53,20,97
TAE,2016,8,6,14,21.6,44.5,11.5,9,7.51,14.2,40.8,0,963.6,333,1.5,4,613,656,178,104,104,399,650,348,33,20,97
TAE,2016,8,6,15,21.8,44.1,11.5,9,7.51,14.3,41,0,963.6,306,1.3,3.5,496,726,116,75,76,253,752,337,33,20,97
TAE,2016,8,6,16,20.6,50.8,12.3,10.1,8.04,14.4,41.1,0,963.9,317,1.8,3.4,350,636,111,103,62,106,709,343,50,20,97
TAE,2016,8,6,17,18.9,67.4,14.7,12.7,9.63,15.1,43.4,0,964.1,246,1,2,109,148,73,76,41,40,193,361,68,20,97
TAE,2016,8,6,18,18,77.1,15.8,13.9,10.36,15.4,44.3,0,964.6,202,0.6,2,13,10,12,10,7,6,16,370,88,20,97
TAE,2016,8,6,19,17,79.2,15.3,13.4,10.02,14.8,42.5,0,965.3,220,0.9,2.5,0,0,0,0,0,0,0,376,100,20,97
TAE,2016,8,6,20,16.6,84.1,15.9,13.9,10.41,14.9,43,0,965.7,207,0.5,1.6,0,0,0,0,0,0,0,373,100,20,97
TAE,2016,8,6,21,17.3,76.3,15.1,13.1,9.88,14.7,42.4,0,966,90,0.9,4.4,0,0,0,0,0,0,0,371,100,20,97
TAE,2016,8,6,22,16.5,83,15.6,13.6,10.21,14.7,42.4,0,966.1,146,0.8,2.4,0,0,0,0,0,0,0,364,94,20,97
TAE,2016,8,6,23,16.2,84.7,15.6,13.6,10.21,14.6,42.1,0,966.2,117,0.5,1.8,0,0,0,0,0,0,0,362,81,20,97
TAE,2016,8,7,0,14.6,92.1,15.3,13.3,10.01,13.8,40,0,966,207,0.5,1.1,0,0,0,0,0,0,0,324,16,19,97
TAE,2016,8,7,1,12.9,95.7,14.2,12.2,9.28,12.5,36.4,0,965.8,194,0.4,1.1,0,0,0,0,0,0,0,303,0,19,97
TAE,2016,8,7,2,11.6,96.8,13.2,11.1,8.62,11.3,33.4,0,965.5,194,0.4,0.9,0,0,0,0,0,0,0,302,0,19,97
TAE,2016,8,7,3,11.3,96.8,13,10.8,8.49,11,32.8,0,965.6,214,0.3,0.9,0,0,0,0,0,0,0,301,0,19,97
TAE,2016,8,7,4,11,97.4,12.8,10.6,8.35,10.8,32.1,0,965.8,180,0.2,0.6,26,93,17,41,100,9,9,300,0,19,97
TAE,2016,8,7,5,12,96.3,13.5,11.4,8.82,11.7,34.3,0,966,90,0.1,0.6,170,471,63,142,511,35,35,299,0,19,97
TAE,2016,8,7,6,14.7,90.7,15.2,13.2,9.94,13.8,39.9,0,966.2,45,0.4,1.6,347,689,80,86,731,94,52,299,0,19,97
TAE,2016,8,7,7,17.3,79.5,15.7,13.7,10.27,15.1,43.4,0,966.2,52,1.3,3.2,521,794,92,67,779,266,69,300,0,19,97
TAE,2016,8,7,8,18.3,75.5,15.8,13.9,10.34,15.6,44.6,0,966.1,48,1.7,3.9,677,862,97,81,725,426,84,301,0,19,97
TAE,2016,8,7,9,19.9,64.7,15,13.1,9.81,15.7,44.9,0,966,54,2,4.3,776,820,143,100,581,547,103,302,0,19,97
TAE,2016,8,7,10,20.8,59.5,14.6,12.6,9.55,15.7,45.2,0,965.7,41,2.2,4.8,861,875,130,103,399,633,107,303,0,19,97
TAE,2016,8,7,11,21.7,53.2,13.8,11.8,9.02,15.6,44.8,0,965.2,45,1.8,4.5,899,930,104,101,165,665,180,304,0,19,97
TAE,2016,8,7,12,22.9,46.4,13,10.8,8.5,15.6,44.6,0,964.8,45,1.9,5.3,861,891,121,101,102,630,425,304,0,19,97
TAE,2016,8,7,13,22.9,44.7,12.5,10.2,8.17,15.3,43.8,0,964.3,53,1.9,4.9,782,874,115,93,94,544,607,304,0,19,97
TAE,2016,8,7,14,23.9,38,11.3,8.7,7.38,14.9,42.8,0,963.8,32,2.1,4.7,658,832,110,82,83,412,730,304,0,19,97
TAE,2016,8,7,15,24,38,11.3,8.8,7.38,15,42.9,0,963.5,54,2,4.7,497,743,107,69,70,253,756,304,0,19,97
TAE,2016,8,7,16,23.6,38.1,11.1,8.5,7.25,14.7,42.2,0,963.1,43,1.8,3.7,322,628,91,93,53,90,683,304,0,19,97
TAE,2016,8,7,17,22.9,46.1,12.8,10.7,8.38,15.5,44.3,0,962.7,63,1.1,3.2,155,466,60,147,33,33,503,304,0,19,97
TAE,2016,8,7,18,18.8,71.5,15.4,13.5,10.11,15.5,44.5,0,962.7,191,0.6,1.4,11,0,11,8,7,7,7,303,0,19,97
TAE,2016,8,7,19,15.4,85.2,14.9,12.9,9.78,13.9,40.2,0,962.8,207,1,1.9,0,0,0,0,0,0,0,302,0,19,97
TAE,2016,8,7,20,14.3,86.7,14.1,12.1,9.24,13,37.7,0,962.9,216,0.9,2.3,0,0,0,0,0,0,0,301,0,19,97
TAE,2016,8,7,21,13.4,91.1,14,12,9.18,12.6,36.7,0,962.5,219,0.7,1.7,0,0,0,0,0,0,0,299,0,19,97
TAE,2016,8,7,22,13.1,91.9,13.9,11.8,9.12,12.3,36.2,0,962.2,189,0.6,1.2,0,0,0,0,0,0,0,298,0,19,97
TAE,2016,8,7,23,12.6,93.4,13.6,11.6,8.92,12,35.2,0,962.1,180,0.4,1.3,0,0,0,0,0,0,0,297,0,19,97
TAE,2016,8,8,0,12.3,93.6,13.4,11.3,8.79,11.7,34.5,0,961.6,164,0.8,1.5,0,0,0,0,0,0,0,297,0,20,97
TAE,2016,8,8,1,11.8,95.2,13.2,11.1,8.66,11.4,33.7,0,961.2,150,0.8,1.4,0,0,0,0,0,0,0,298,0,20,97
TAE,2016,8,8,2,11.5,95.8,13,10.9,8.53,11.2,33.1,0,961.1,169,0.6,1.3,0,0,0,0,0,0,0,299,0,20,97
TAE,2016,8,8,3,11.2,96.7,12.9,10.7,8.46,10.9,32.6,0,961,146,0.4,1.1,0,0,0,0,0,0,0,300,0,20,97
TAE,2016,8,8,4,11.3,96.2,12.9,10.7,8.46,11,32.7,0,961.1,153,0.2,1.1,24,73,16,34,81,9,9,301,0,20,97
TAE,2016,8,8,5,12.8,91.6,13.6,11.5,8.93,12,35.4,0,961,90,0.1,0.9,168,469,62,139,510,35,35,302,0,20,97
TAE,2016,8,8,6,15.4,84.9,14.9,12.9,9.8,13.9,40.3,0,960.9,90,0.2,0.9,345,691,79,85,734,96,52,304,0,20,97
TAE,2016,8,8,7,18.6,76.3,16.3,14.3,10.74,15.9,45.9,0,960.5,59,0.6,1.6,518,793,91,68,780,269,70,307,0,20,97
TAE,2016,8,8,8,21.7,60.7,15.7,13.8,10.34,16.7,48.1,0,960.5,243,1.7,5,671,852,100,82,721,429,85,311,0,20,97
TAE,2016,8,8,9,22.9,52.9,14.7,12.8,9.67,16.6,47.6,0,960.4,256,2.2,5.9,780,856,121,97,583,554,100,314,0,20,97
TAE,2016,8,8,10,23.7,51.9,15.2,13.2,10.01,17.1,49.3,0,959.9,257,2.6,6.6,846,847,140,106,403,631,110,318,0,20,97
TAE,2016,8,8,11,24.2,53.5,16.2,14.2,10.68,17.8,51.5,0,959.6,232,2.7,6.5,882,898,116,104,171,662,184,321,0,20,97
TAE,2016,8,8,12,25.1,48.1,15.3,13.4,10.08,17.6,50.9,0,959.1,227,2.8,5.9,844,866,127,103,105,626,424,326,0,20,97
TAE,2016,8,8,13,25.9,44.9,15,13,9.89,17.7,51.3,0,958.7,232,2.6,6.7,767,856,116,94,95,540,600,326,0,20,97
TAE,2016,8,8,14,26.1,46.2,15.7,13.6,10.36,18.1,52.7,0,958.1,238,2.9,6.5,648,839,98,80,81,409,727,328,6,20,97
TAE,2016,8,8,15,26.1,47.3,16,14,10.57,18.3,53.2,0,957.9,265,2.6,5.1,464,637,132,79,79,247,678,329,25,20,97
TAE,2016,8,8,16,25.8,49.3,16.3,14.4,10.77,18.4,53.4,0,957.6,276,2.2,7.6,310,601,89,88,53,88,655,348,33,20,97
TAE,2016,8,8,17,24.8,51.7,16.2,14.2,10.7,18,52.2,0,957.7,293,2.2,5.5,116,223,71,96,40,39,266,362,53,20,97
TAE,2016,8,8,18,22.7,60.9,16.8,14.8,11.1,17.6,51.1,0,957.8,270,0.9,4,12,0,12,7,7,7,7,380,59,20,97
TAE,2016,8,8,19,21.8,63.2,16.5,14.5,10.9,17.1,49.6,0,958,283,0.9,2,0,0,0,0,0,0,0,385,68,20,97
TAE,2016,8,8,20,21.3,62.9,15.9,14,10.5,16.7,48.1,0,958,252,1.2,2,0,0,0,0,0,0,0,374,68,20,97
TAE,2016,8,8,21,20.4,70.2,16.8,14.8,11.1,16.8,48.7,0,958.3,248,0.8,2.2,0,0,0,0,0,0,0,381,81,20,97
TAE,2016,8,8,22,18.4,84.7,17.9,15.8,11.84,16.7,48.5,0,958.3,180,0.3,1,0,0,0,0,0,0,0,379,81,20,97
TAE,2016,8,8,23,18.2,86.7,18.1,15.9,11.98,16.7,48.7,0,957.9,214,0.4,1.3,0,0,0,0,0,0,0,377,94,20,97
TAE,2016,8,9,0,18.5,83.2,17.6,15.6,11.64,16.6,48.1,0,957.9,297,1.3,4.7,0,0,0,0,0,0,0,375,81,20,97
TAE,2016,8,9,1,17.7,86.5,17.5,15.4,11.58,16.2,47.1,0,957.8,337,0.9,2.2,0,0,0,0,0,0,0,378,100,20,97
TAE,2016,8,9,2,17.5,87.5,17.5,15.4,11.58,16.2,46.9,0,957.5,326,0.5,1.5,0,0,0,0,0,0,0,383,94,20,97
TAE,2016,8,9,3,16.9,93.7,18,15.9,11.91,16.3,47.2,0.6,957.7,328,1,3.1,0,0,0,0,0,0,0,382,100,20,97
TAE,2016,8,9,4,16.4,93.9,17.5,15.4,11.58,15.8,45.8,0.1,957.5,72,0.7,1.8,1,0,1,1,1,1,1,381,100,20,97
TAE,2016,8,9,5,16.4,95.3,17.7,15.6,11.71,15.9,46.1,0,957.9,360,0.7,2.3,59,11,56,35,44,31,32,380,100,20,97
TAE,2016,8,9,6,16.4,94.3,17.5,15.5,11.57,15.8,45.8,0.1,958.1,8,0.9,2.3,110,25,101,62,85,56,57,375,94,20,97
TAE,2016,8,9,7,16.1,89.8,16.4,14.4,10.83,15,43.6,0,958.5,40,1.8,4.8,82,0,82,49,48,46,47,377,100,20,97
TAE,2016,8,9,8,15.9,81.8,14.7,12.8,9.69,14,40.5,0,958.7,32,1,2.6,100,0,100,59,58,56,57,376,100,20,97
TAE,2016,8,9,9,16.1,79.2,14.5,12.5,9.55,13.9,40.4,0,958.8,37,1.1,2,105,0,105,62,61,58,60,375,100,20,97
TAE,2016,8,9,10,15.8,81.9,14.7,12.7,9.68,13.9,40.4,0,958.8,29,1.4,3.2,105,0,105,62,61,58,60,373,100,20,97
TAE,2016,8,9,11,15.5,84.3,14.8,12.9,9.75,13.9,40.3,0.1,958.7,63,0.6,1.9,125,0,125,74,73,70,71,372,100,20,97
TAE,2016,8,9,12,15.4,81.3,14.3,12.2,9.42,13.5,39.3,0,958.8,14,1.3,2.8,152,0,152,90,89,85,87,371,100,20,97
TAE,2016,8,9,13,15.1,79.9,13.7,11.7,9.01,13.1,38,0.5,959,355,1.2,3.3,90,0,90,53,53,50,51,369,100,20,97
TAE,2016,8,9,14,14.5,87.4,14.4,12.4,9.48,13.2,38.5,0.8,958.9,158,0.6,1.8,87,0,87,51,51,48,49,368,100,20,97
TAE,2016,8,9,15,14.4,86.9,14.3,12.2,9.42,13.1,38.3,0,958.7,171,0.6,2.6,37,0,37,22,21,20,21,367,100,20,97
TAE,2016,8,9,16,14.5,86.2,14.2,12.2,9.35,13.1,38.2,0,958.7,243,0.6,1.9,80,6,78,47,45,43,51,366,100,20,97
TAE,2016,8,9,17,14.2,87.7,14.2,12.2,9.36,13,37.9,0,958.3,209,1.4,2.7,7,0,7,4,4,4,4,365,100,20,97
TAE,2016,8,9,18,13.8,88.7,13.9,12,9.15,12.7,37,0.2,958.4,180,0.5,2.1,2,0,2,1,1,1,1,363,100,20,97
TAE,2016,8,9,19,13.1,93.8,14.1,12.1,9.29,12.5,36.6,0,958.6,214,0.5,1.6,0,0,0,0,0,0,0,362,100,20,97
TAE,2016,8,9,20,12.9,95.5,14.1,12.2,9.29,12.5,36.4,0,958.4,214,0.5,1.2,0,0,0,0,0,0,0,361,100,20,97
TAE,2016,8,9,21,12.8,93.8,13.9,11.8,9.16,12.2,36,0,958.2,225,0.8,1.8,0,0,0,0,0,0,0,360,100,20,97
TAE,2016,8,9,22,12.9,87.7,13.1,10.9,8.62,11.7,34.7,0,957.9,270,0.6,1.8,0,0,0,0,0,0,0,358,100,20,97
TAE,2016,8,9,23,12.3,90.3,12.9,10.8,8.49,11.4,33.8,0,957.9,270,0.8,1.9,0,0,0,0,0,0,0,357,100,20,97
TAE,2016,8,10,0,12.2,91.4,13,10.8,8.56,11.4,33.9,0,957.5,207,0.8,3.3,0,0,0,0,0,0,0,357,100,20,97
TAE,2016,8,10,1,12.4,89.7,12.9,10.8,8.5,11.5,33.9,0,956.9,297,0.5,1.4,0,0,0,0,0,0,0,357,100,20,97
TAE,2016,8,10,2,12.4,90.7,13.1,10.9,8.64,11.5,34.3,0,956.6,219,0.7,2.4,0,0,0,0,0,0,0,357,100,20,97
TAE,2016,8,10,3,12.4,90.1,13,10.8,8.57,11.5,34.1,0,956.7,207,1,3.2,0,0,0,0,0,0,0,357,100,20,97
TAE,2016,8,10,4,12.2,90,12.7,10.6,8.36,11.3,33.4,0.3,957.1,222,1.3,6,7,0,7,4,5,4,4,357,100,20,97
TAE,2016,8,10,5,12.3,91.3,13,10.9,8.56,11.5,34,0.2,957.3,264,1.3,4.2,56,3,55,33,36,31,31,357,100,20,97
TAE,2016,8,10,6,12.9,89.7,13.3,11.3,8.76,12,35.1,0,957.5,225,0.7,1.7,213,150,161,110,249,92,89,357,94,20,97
TAE,2016,8,10,7,13.3,86.6,13.2,11.1,8.69,12,35.3,0,957.6,270,1.5,3.2,95,5,93,54,59,53,52,358,100,20,97
TAE,2016,8,10,8,13.3,85.4,13,10.9,8.56,11.9,35,0,957.6,282,1.6,3.1,321,54,283,164,211,189,158,358,100,20,97
TAE,2016,8,10,9,14.6,75.9,12.6,10.4,8.29,12.2,35.6,0,957.5,248,1.8,4.5,328,117,242,138,229,207,134,359,94,20,97
TAE,2016,8,10,10,15.7,70.5,12.6,10.4,8.3,12.6,36.8,0,957.2,215,2.3,6,479,217,302,168,286,327,164,350,94,20,97
TAE,2016,8,10,11,14.1,70.9,11.3,8.9,7.43,11.2,32.9,0.6,957.8,319,3.1,9.8,379,207,203,109,180,276,107,360,88,20,97
TAE,2016,8,10,12,12,87.7,12.3,10,8.09,10.9,32.5,2.2,957.6,157,1.2,3,396,165,263,146,145,268,245,351,88,20,97
TAE,2016,8,10,13,14.6,81.9,13.6,11.5,8.96,12.8,37.3,0,957.4,157,1,3.4,185,86,117,64,63,126,123,354,94,20,97
TAE,2016,8,10,14,13.5,81.1,12.6,10.3,8.3,11.7,34.5,0.2,957.4,201,2.8,6.9,39,0,39,23,23,22,22,358,100,20,97
TAE,2016,8,10,15,13.1,81.2,12.3,10,8.09,11.3,33.6,0,957.6,207,0.8,2.4,60,0,60,35,35,33,34,357,100,20,97
TAE,2016,8,10,16,13.8,77.9,12.3,10,8.09,11.6,34.3,0.1,957.8,225,1.9,5.8,131,64,111,74,64,62,130,356,100,20,97
TAE,2016,8,10,17,13.9,81.3,12.9,10.8,8.49,12.1,35.4,0,958.2,202,1,2.8,17,0,17,10,10,9,10,355,100,20,97
TAE,2016,8,10,18,13,88,13.1,11.1,8.62,11.9,34.8,0,958.7,169,0.6,2.2,4,0,4,2,2,2,2,354,94,20,97
TAE,2016,8,10,19,12.4,87.1,12.5,10.3,8.21,11.2,33.2,0,959.3,207,0.6,2.8,0,0,0,0,0,0,0,352,88,20,97
TAE,2016,8,10,20,12.1,87.2,12.3,10,8.07,10.9,32.5,0,960,286,1.1,3.5,0,0,0,0,0,0,0,351,100,20,97
TAE,2016,8,10,21,11.1,85.9,11.3,8.8,7.41,9.8,29.8,1,960.4,263,2,5.5,0,0,0,0,0,0,0,349,94,20,97
TAE,2016,8,10,22,9.9,93.7,11.4,8.9,7.47,9.4,28.8,0,960.4,225,1,2.3,0,0,0,0,0,0,0,339,81,20,97
TAE,2016,8,10,23,9.9,95,11.6,9.1,7.61,9.5,29.1,0.5,960.3,180,0.8,2.5,0,0,0,0,0,0,0,346,100,20,97
TAE,2016,8,11,0,10.1,93.4,11.5,9.1,7.54,9.6,29.1,0,960.5,270,0.7,1.8,0,0,0,0,0,0,0,345,100,22,97
TAE,2016,8,11,1,10,96.2,11.8,9.4,7.73,9.7,29.5,0,960.7,45,0.4,1.1,0,0,0,0,0,0,0,336,88,22,97
TAE,2016,8,11,2,10,96.1,11.8,9.4,7.73,9.7,29.5,0,960.8,231,0.7,1.8,0,0,0,0,0,0,0,345,100,22,97
TAE,2016,8,11,3,10,95,11.6,9.2,7.6,9.6,29.2,0,960.7,236,0.4,1.3,0,0,0,0,0,0,0,345,100,22,97
TAE,2016,8,11,4,8.7,97.9,11,8.4,7.2,8.5,26.9,0,961.1,214,0.4,0.9,16,27,14,17,34,8,8,330,70,22,97
TAE,2016,8,11,5,9,97.2,11.2,8.6,7.33,8.8,27.5,0,961.5,270,0.5,1.5,109,112,82,71,164,46,47,325,71,22,97
TAE,2016,8,11,6,9.8,96.2,11.7,9.2,7.66,9.5,29.1,0,961.8,18,0.7,1.7,266,281,161,111,387,117,88,314,55,22,97
TAE,2016,8,11,7,10.7,89.7,11.6,9.1,7.59,9.8,29.9,0,962,16,0.8,2,446,468,195,109,567,274,108,328,55,22,97
TAE,2016,8,11,8,12.2,81.9,11.7,9.2,7.66,10.5,31.6,0,962,342,0.7,2.6,513,342,286,161,462,344,158,345,60,22,97
TAE,2016,8,11,9,14.2,70.3,11.4,8.9,7.46,11.2,33.1,0,962,315,1,4,680,559,260,158,527,490,158,332,55,22,97
TAE,2016,8,11,10,15.1,62.5,10.7,8,7,11.2,32.9,0,961.7,299,1.5,4.6,758,584,274,165,402,575,165,335,50,22,97
TAE,2016,8,11,11,16.2,58,10.6,7.9,6.93,11.6,33.8,0,961.4,288,1.8,9.4,862,803,185,134,214,674,223,337,48,22,97
TAE,2016,8,11,12,16.2,53.8,9.9,6.8,6.47,11.1,32.7,0,961.1,299,1.8,4.9,720,515,300,172,172,541,435,338,43,22,97
TAE,2016,8,11,13,17.5,47.4,9.5,6.2,6.21,11.4,33.3,0,961.1,288,2.1,6.2,765,804,162,115,116,568,621,329,40,22,97
TAE,2016,8,11,14,18.1,43.9,9.1,5.6,5.95,11.3,33.3,0,960.9,257,1.7,4.7,642,800,127,94,95,431,733,316,26,22,97
TAE,2016,8,11,15,18.6,37.5,8,3.8,5.22,10.8,31.9,0,960.7,251,2.2,4.9,494,775,98,73,73,270,788,316,33,22,97
TAE,2016,8,11,16,18.3,40.2,8.5,4.6,5.55,11,32.5,0,960.6,243,1.9,5.3,287,485,109,88,65,104,557,335,65,22,97
TAE,2016,8,11,17,17.9,43.5,8.9,5.3,5.82,11.1,32.7,0,960.7,258,1.6,4,126,323,68,119,39,38,367,326,48,22,97
TAE,2016,8,11,18,15.5,57.8,10.1,7.2,6.61,11,32.3,0,961.2,265,1.2,3.1,6,0,6,4,4,4,4,328,45,22,97
TAE,2016,8,11,19,13.8,62.9,9.9,6.9,6.47,10.1,30.2,0,961.7,254,1.4,2.2,0,0,0,0,0,0,0,340,61,22,97
TAE,2016,8,11,20,12.4,71.6,10.2,7.4,6.66,9.7,29.3,0,962.2,253,1,1.9,0,0,0,0,0,0,0,349,81,22,97
TAE,2016,8,11,21,14.1,60,9.6,6.5,6.27,10,30,0,962.3,277,0.8,1.8,0,0,0,0,0,0,0,344,78,22,97
TAE,2016,8,11,22,13.9,61.2,9.7,6.6,6.33,10,30,0,962.5,270,0.7,1.9,0,0,0,0,0,0,0,355,100,22,97
TAE,2016,8,11,23,13.9,63.9,10.2,7.2,6.66,10.3,30.8,0,962.5,270,0.7,2.2,0,0,0,0,0,0,0,351,88,22,97
TAE,2016,8,12,0,14,63.3,10.1,7.1,6.6,10.3,30.7,0,962.4,254,1,3.1,0,0,0,0,0,0,0,354,100,25,97
TAE,2016,8,12,1,13.7,66.4,10.4,7.6,6.79,10.4,30.9,0,962.5,239,0.7,2.2,0,0,0,0,0,0,0,354,100,25,97
TAE,2016,8,12,2,13.8,67,10.6,7.8,6.92,10.5,31.4,0,962.7,262,0.8,2.4,0,0,0,0,0,0,0,355,100,25,97
TAE,2016,8,12,3,13.6,70.2,11,8.3,7.19,10.7,31.8,0,963.2,264,0.9,3.5,0,0,0,0,0,0,0,356,100,25,97
TAE,2016,8,12,4,13.1,74,11.2,8.6,7.32,10.6,31.6,0,963.3,223,2.7,9.5,9,3,8,6,8,5,5,356,100,25,97
TAE,2016,8,12,5,13.3,74.4,11.3,8.8,7.38,10.8,32,0,963.8,208,3.6,9.1,37,0,37,22,22,21,22,357,100,25,97
TAE,2016,8,12,6,13,79.4,11.9,9.5,7.78,11,32.7,0,963.9,207,3,8.3,114,10,110,67,77,66,65,358,100,25,97
TAE,2016,8,12,7,13.2,79.1,12,9.7,7.84,11.2,33.1,0,964.4,197,4.8,9.4,240,46,216,131,176,143,127,361,100,25,97
TAE,2016,8,12,8,14.3,76.9,12.5,10.3,8.17,12,35,0,964.4,196,4.4,9.7,356,91,294,176,255,225,171,365,100,25,97
TAE,2016,8,12,9,15.4,74.6,13,10.9,8.5,12.8,37,0,964.5,202,4.3,8.3,370,43,337,205,236,226,198,368,100,25,97
TAE,2016,8,12,10,16.4,69.8,13,10.9,8.5,13.2,38,0,964.6,206,4,8.2,305,12,296,181,186,181,175,371,100,25,97
TAE,2016,8,12,11,17.6,65.7,13.2,11.1,8.63,13.7,39.6,0,964.6,208,2.8,6,526,196,362,220,227,363,271,374,94,25,97
TAE,2016,8,12,12,18.3,62.5,13.2,11,8.63,14,40.3,0,964.4,213,3,6.5,611,283,379,219,217,445,376,377,94,25,97
TAE,2016,8,12,13,19.5,60.4,13.7,11.6,8.97,14.7,42.4,0,964.2,211,3,6,577,333,327,189,188,419,438,378,94,25,97
TAE,2016,8,12,14,20.4,59.8,14.4,12.3,9.43,15.4,44.5,0,964.1,218,1.6,3.6,449,296,267,161,160,296,426,375,78,25,97
TAE,2016,8,12,15,20.5,57.5,13.8,11.8,9.03,15.2,43.5,0,964.1,214,1.2,3.3,491,769,101,80,81,280,794,352,26,25,97
TAE,2016,8,12,16,20.9,58.5,14.4,12.5,9.43,15.7,45,0,964.1,158,1.3,2.6,301,623,83,90,58,97,683,330,19,25,97
TAE,2016,8,12,17,20.2,63,14.9,12.9,9.77,15.7,45.1,0,963.9,153,0.7,1.6,128,369,56,115,35,34,408,321,0,25,97
TAE,2016,8,12,18,17.3,79.7,15.7,13.8,10.3,15.1,43.5,0,963.8,172,0.7,1.3,6,0,6,4,4,4,4,332,0,25,97
TAE,2016,8,12,19,14.8,89.6,15.1,13.1,9.9,13.8,39.9,0,963.9,204,1,2.2,0,0,0,0,0,0,0,333,0,25,97
TAE,2016,8,12,20,13.5,92.6,14.3,12.3,9.36,12.8,37.2,0,964.1,211,0.6,1.5,0,0,0,0,0,0,0,329,0,25,97
TAE,2016,8,12,21,12.7,93.5,13.7,11.7,8.97,12.1,35.4,0,963.9,194,0.5,1.5,0,0,0,0,0,0,0,326,0,25,97
TAE,2016,8,12,22,12.3,93.8,13.4,11.3,8.77,11.7,34.5,0,963.7,194,0.5,1.4,0,0,0,0,0,0,0,323,0,25,97
TAE,2016,8,12,23,11.2,96.8,12.9,10.7,8.44,10.9,32.5,0,963.7,194,0.5,1,0,0,0,0,0,0,0,320,0,25,97
TAE,2016,8,13,0,11.1,96.3,12.7,10.5,8.31,10.8,32.1,0,963.4,214,0.4,0.9,0,0,0,0,0,0,0,303,0,21,97
TAE,2016,8,13,1,10.7,97.7,12.6,10.4,8.24,10.5,31.5,0,963.2,162,0.3,0.8,0,0,0,0,0,0,0,302,0,21,97
TAE,2016,8,13,2,9.9,97.9,12,9.6,7.85,9.7,29.7,0,963,198,0.4,0.7,0,0,0,0,0,0,0,302,0,21,97
TAE,2016,8,13,3,9.7,98.2,11.8,9.4,7.72,9.5,29.2,0,962.7,146,0.5,1.1,0,0,0,0,0,0,0,301,0,21,97
TAE,2016,8,13,4,9.4,98.4,11.6,9.2,7.59,9.3,28.5,0,962.7,162,0.3,1,18,54,13,24,60,7,7,300,6,21,97
TAE,2016,8,13,5,10.6,96.8,12.4,10.1,8.12,10.3,31.1,0,962.8,153,0.5,1,151,434,61,121,475,35,35,300,0,21,97
TAE,2016,8,13,6,13.7,89.7,14,12,9.18,12.7,37,0,962.8,135,0.2,0.6,327,662,82,69,712,115,54,300,0,21,97
TAE,2016,8,13,7,16.2,83,15.3,13.3,10.04,14.4,41.7,0,962.9,59,0.7,1.9,502,778,94,71,773,286,72,304,0,21,97
TAE,2016,8,13,8,18.6,75.2,16.1,14.1,10.58,15.8,45.5,0,962.8,37,0.8,2.7,656,845,101,86,722,449,89,307,0,21,97
TAE,2016,8,13,9,20.4,65.1,15.6,13.6,10.25,16.1,46.5,0,962.7,326,1.9,3.9,769,860,118,100,586,577,103,310,0,21,97
TAE,2016,8,13,10,21.9,57.1,15,13,9.85,16.3,47.1,0,962.4,317,1.8,3.5,848,896,114,106,399,661,110,314,0,21,97
TAE,2016,8,13,11,23,56.7,15.9,13.9,10.45,17.2,49.7,0,962,360,1.7,4.8,866,885,124,110,176,684,196,317,0,21,97
TAE,2016,8,13,12,23.9,56,16.6,14.6,10.93,17.9,51.9,0,961.5,4,1.5,4.3,831,863,129,108,109,648,435,320,13,21,97
TAE,2016,8,13,13,25,49.8,15.8,13.8,10.4,17.8,51.6,0,961.2,337,1.7,3.7,760,860,118,99,100,566,612,336,39,21,97
TAE,2016,8,13,14,25.3,50,16.1,14.1,10.6,18.1,52.5,0,961,253,1.3,4.6,615,754,134,92,92,420,702,343,38,21,97
TAE,2016,8,13,15,25.6,45.8,15,13.1,9.86,17.7,50.9,0,960.8,293,1.1,3.2,467,719,106,71,72,263,742,322,0,21,97
TAE,2016,8,13,16,26,39.9,13.4,11.3,8.8,16.9,48.6,0,960.6,246,1.1,3.4,297,616,83,83,52,92,671,322,0,21,97
TAE,2016,8,13,17,23.9,56.4,16.6,14.7,10.94,18,51.9,0,960.6,210,0.9,1.9,129,416,53,120,30,30,450,323,0,21,97
TAE,2016,8,13,18,20.2,72.1,17,15,11.2,16.9,48.8,0,960.7,225,1.1,2.5,6,0,6,4,4,4,4,323,0,21,97
TAE,2016,8,13,19,17.4,83.6,16.6,14.6,10.94,15.6,45.2,0,960.8,214,1.1,2.4,0,0,0,0,0,0,0,321,0,21,97
TAE,2016,8,13,20,16.3,87.9,16.3,14.3,10.73,15.1,43.6,0,961,200,1.1,2,0,0,0,0,0,0,0,320,0,21,97
TAE,2016,8,13,21,15.6,89.7,15.9,13.9,10.46,14.6,42.2,0,961,169,1.1,1.8,0,0,0,0,0,0,0,318,0,21,97
TAE,2016,8,13,22,15.2,90.6,15.6,13.7,10.26,14.3,41.2,0,961,150,0.8,1.8,0,0,0,0,0,0,0,317,0,21,97
TAE,2016,8,13,23,14.4,92.1,15.1,13.1,9.93,13.6,39.6,0,961,158,0.6,1.6,0,0,0,0,0,0,0,315,0,21,97
TAE,2016,8,14,0,13.8,93.5,14.8,12.8,9.73,13.2,38.5,0,960.9,158,0.5,1.2,0,0,0,0,0,0,0,328,25,20,97
TAE,2016,8,14,1,13.3,95.2,14.5,12.5,9.53,12.8,37.4,0,960.7,158,0.6,1.2,0,0,0,0,0,0,0,332,39,20,97
TAE,2016,8,14,2,13,95.3,14.3,12.3,9.4,12.6,36.8,0,960.5,158,0.5,1,0,0,0,0,0,0,0,315,6,20,97
TAE,2016,8,14,3,12.8,96,14.1,12.2,9.27,12.4,36.3,0,960.4,169,0.6,1.1,0,0,0,0,0,0,0,315,0,20,97
TAE,2016,8,14,4,12.5,96.5,14,12,9.2,12.2,35.8,0,960.5,169,0.5,1.2,18,68,13,28,74,7,7,329,6,20,97
TAE,2016,8,14,5,13.5,95.6,14.7,12.8,9.67,13.1,38,0,960.6,135,0.4,0.8,132,315,69,104,360,38,38,342,45,20,97
TAE,2016,8,14,6,16.5,86,16.2,14.2,10.67,15.1,43.6,0,960.7,45,0.2,0.8,322,656,81,67,705,114,53,325,16,20,97
TAE,2016,8,14,7,19.6,74.9,17,15,11.2,16.7,48.1,0,960.8,18,0.4,1.7,494,768,93,68,762,285,70,320,0,20,97
TAE,2016,8,14,8,21.5,68.6,17.5,15.5,11.54,17.6,50.9,0,960.7,27,0.7,2,649,840,100,83,716,446,86,322,0,20,97
TAE,2016,8,14,9,23.3,63.6,18.2,16,12.01,18.5,54,0,960.5,39,1.1,3.3,760,848,120,97,577,572,100,325,0,20,97
TAE,2016,8,14,10,24.6,60.5,18.8,16.5,12.42,19.2,56.4,0,960.1,45,1.1,2.6,843,901,107,102,390,659,106,328,0,20,97
TAE,2016,8,14,11,26.2,52.5,17.8,15.7,11.75,19.3,56.3,0,959.7,279,1.8,6.1,863,898,113,105,166,683,189,331,0,20,97
TAE,2016,8,14,12,27.1,50.6,18.1,16,11.96,19.7,57.8,0,959.3,274,1.9,4.7,823,856,129,105,106,644,429,334,0,20,97
TAE,2016,8,14,13,27.6,48.2,17.8,15.7,11.76,19.7,57.8,0,959.1,303,2,4.3,738,820,130,98,99,553,597,338,6,20,97
TAE,2016,8,14,14,27.7,46.7,17.3,15.3,11.43,19.5,57,0,958.8,318,1.7,6.1,614,776,119,86,87,420,702,356,41,20,97
TAE,2016,8,14,15,27.2,44.9,16.2,14.2,10.69,18.8,54.6,0,958.5,270,1.4,3.6,437,597,137,81,81,255,649,367,50,20,97
TAE,2016,8,14,16,27.2,44.8,16.1,14.2,10.63,18.8,54.5,0,958.2,270,1,3.3,256,394,116,82,65,102,469,367,50,20,97
TAE,2016,8,14,17,25.1,60.3,19.1,16.9,12.65,19.6,57.5,0,958.2,225,0.9,1.9,98,201,55,70,32,31,237,376,65,20,97
TAE,2016,8,14,18,21.3,78.1,19.8,17.3,13.12,18.6,54.8,0,958.4,216,0.9,2.3,5,0,5,3,3,3,3,368,45,20,97
TAE,2016,8,14,19,19,83.4,18.3,16.1,12.1,17.1,49.8,0,958.9,214,1.2,2.1,0,0,0,0,0,0,0,357,29,20,97
TAE,2016,8,14,20,18.2,84.1,17.6,15.5,11.63,16.5,47.8,0,959,212,1,2,0,0,0,0,0,0,0,345,23,20,97
TAE,2016,8,14,21,17.7,86.2,17.4,15.4,11.49,16.2,46.9,0,959.2,191,1,2.4,0,0,0,0,0,0,0,330,0,20,97
TAE,2016,8,14,22,17.5,87,17.4,15.3,11.49,16.1,46.7,0,959.5,171,0.7,1.7,0,0,0,0,0,0,0,336,28,20,97
TAE,2016,8,14,23,18,85.2,17.6,15.5,11.62,16.4,47.6,0,959.4,90,0.4,1.5,0,0,0,0,0,0,0,344,28,20,97
TAE,2016,8,15,0,16.3,93.1,17.2,15.2,11.36,15.6,45.1,0,958.9,180,0.4,1.2,0,0,0,0,0,0,0,339,25,20,97
TAE,2016,8,15,1,15.7,94.1,16.8,14.8,11.09,15.1,43.9,0,958.7,180,0.7,1.3,0,0,0,0,0,0,0,345,36,20,97
TAE,2016,8,15,2,15.4,94.1,16.5,14.5,10.89,14.8,43,0,958.5,180,0.5,1.3,0,0,0,0,0,0,0,357,40,20,97
TAE,2016,8,15,3,14.8,95.2,16,14,10.56,14.3,41.6,0,958.4,198,0.4,1,0,0,0,0,0,0,0,353,46,20,97
TAE,2016,8,15,4,14.8,94.8,15.9,14,10.49,14.3,41.4,0,958.5,180,0.4,1,12,16,11,12,22,6,6,342,40,20,97
TAE,2016,8,15,5,15.3,92.8,16.1,14.1,10.62,14.6,42.3,0,958.7,198,0.5,1.9,142,383,65,111,427,35,35,360,50,20,97
TAE,2016,8,15,6,16.5,91.4,17.1,15.1,11.29,15.6,45.2,0,958.8,153,0.5,1.7,278,421,125,81,500,118,69,366,71,20,97
TAE,2016,8,15,7,17,93.5,18.1,15.9,11.97,16.3,47.4,0.1,958.7,14,0.5,2.4,473,684,118,74,706,282,75,360,50,20,97
TAE,2016,8,15,8,19.8,83.9,19.4,17,12.85,18,52.5,0,958.8,45,0.9,2.6,562,538,216,119,576,392,119,368,71,20,97
TAE,2016,8,15,9,20.7,76.8,18.7,16.5,12.38,17.9,52.2,0,958.6,36,1,2.3,694,635,214,123,520,527,124,374,61,20,97
TAE,2016,8,15,10,22.8,68.5,19,16.7,12.58,18.8,54.9,0,958.2,24,1.3,4,811,801,159,111,400,640,114,375,59,20,97
TAE,2016,8,15,11,24.2,65.3,19.8,17.3,13.13,19.6,57.8,0,957.7,42,1.6,3.1,828,785,174,116,194,662,204,383,59,20,97
TAE,2016,8,15,12,24.9,62.3,19.7,17.2,13.07,19.7,58.3,0,957.3,35,1.5,3.4,820,851,133,104,105,646,430,359,6,20,97
TAE,2016,8,15,13,26,55.2,18.6,16.3,12.33,19.5,57.6,0,957,28,1.9,4.3,741,840,121,94,95,558,600,368,29,20,97
TAE,2016,8,15,14,26.6,52.7,18.4,16.1,12.2,19.6,57.9,0,956.5,54,1.1,3.3,582,665,160,99,99,402,640,377,51,20,97
TAE,2016,8,15,15,26.3,54.5,18.6,16.4,12.34,19.7,57.9,0,956,38,1.9,3.9,440,626,130,76,76,258,673,372,50,20,97
TAE,2016,8,15,16,26,55.1,18.5,16.3,12.27,19.5,57.4,0,956.2,41,2,4.3,283,533,101,80,57,99,601,375,48,20,97
TAE,2016,8,15,17,24.9,62.5,19.6,17.2,13.02,19.7,58.2,0,955.8,39,1.3,3.2,97,209,53,69,30,29,244,370,63,20,97
TAE,2016,8,15,18,22.3,75.1,20.2,17.7,13.42,19.2,56.6,0,956.2,146,0.7,1.3,2,0,2,1,1,1,1,393,74,20,97
TAE,2016,8,15,19,20.1,84.1,19.8,17.3,13.15,18.2,53.6,0,956.4,166,0.5,1.2,0,0,0,0,0,0,0,370,26,20,97
TAE,2016,8,15,20,18.7,88.6,19.1,16.8,12.67,17.5,50.9,0,956.4,180,0.5,1.6,0,0,0,0,0,0,0,347,23,20,97
TAE,2016,8,15,21,18,91.7,18.9,16.6,12.54,17.1,49.9,0,956.2,180,0.6,1.6,0,0,0,0,0,0,0,329,23,20,97
TAE,2016,8,15,22,17.3,93.1,18.3,16.2,12.13,16.6,48.1,0,956.3,207,0.5,1.6,0,0,0,0,0,0,0,322,0,20,97
TAE,2016,8,15,23,16.7,94.2,17.9,15.8,11.87,16.1,46.8,0,956.2,225,0.3,1.3,0,0,0,0,0,0,0,319,0,20,97
TAE,2016,8,16,0,15.8,96,17.2,15.2,11.4,15.4,44.7,0,956,189,0.6,1.4,0,0,0,0,0,0,0,317,0,21,97
TAE,2016,8,16,1,15.6,96.4,17,15,11.27,15.2,44.2,0,955.5,143,0.6,1.6,0,0,0,0,0,0,0,317,0,21,97
TAE,2016,8,16,2,14.9,97.4,16.5,14.5,10.93,14.7,42.6,0,955.2,225,0.4,1.1,0,0,0,0,0,0,0,317,0,21,97
TAE,2016,8,16,3,14.4,98.2,16.1,14.1,10.66,14.2,41.4,0,955.1,180,0.4,1.2,0,0,0,0,0,0,0,317,0,21,97
TAE,2016,8,16,4,14.1,98.2,15.8,13.8,10.46,13.9,40.6,0,955.2,135,0.3,1.2,13,38,10,17,44,6,6,317,6,21,97
TAE,2016,8,16,5,14.6,97.7,16.3,14.2,10.8,14.4,42,0,955.3,153,0.5,1,141,416,57,109,456,33,33,317,0,21,97
TAE,2016,8,16,6,17.3,91.9,18.1,16,12.01,16.5,47.8,0,955.3,90,0.3,0.9,314,641,82,65,691,119,53,318,0,21,97
TAE,2016,8,16,7,19.6,80.8,18.4,16.2,12.22,17.4,50.7,0,955.3,39,0.7,1.6,484,744,101,70,748,291,72,321,0,21,97
TAE,2016,8,16,8,21.2,75.3,19,16.7,12.62,18.2,53.4,0,955.1,36,1.1,3.5,641,830,102,84,710,453,86,324,0,21,97
TAE,2016,8,16,9,22.5,71.3,19.4,17,12.9,18.8,55.4,0,954.9,45,1.1,2.5,764,887,100,94,582,585,98,336,0,21,97
TAE,2016,8,16,10,24.2,69,20.8,18.2,13.86,20.1,59.6,0,954.2,40,1,2.9,819,830,147,111,407,655,114,346,23,21,97
TAE,2016,8,16,11,25.8,63,20.8,18.2,13.87,20.6,61.3,0,953.7,360,1.5,3.5,750,572,276,153,229,594,241,365,48,21,97
TAE,2016,8,16,12,26.5,57.5,19.8,17.4,13.19,20.3,60.3,0,953.2,29,1.4,3.5,774,711,202,128,129,612,427,373,45,21,97
TAE,2016,8,16,13,27.5,48.8,17.9,15.8,11.91,19.7,58.1,0,952.8,276,1.8,4.7,668,612,222,134,134,498,542,384,55,21,97
TAE,2016,8,16,14,27.6,46,16.9,14.9,11.24,19.3,56.4,0,952.2,313,2.1,4.6,492,452,213,125,125,332,510,377,55,21,97
TAE,2016,8,16,15,27.9,43.7,16.4,14.4,10.9,19.1,55.9,0,951.9,312,2.7,5.6,318,443,109,64,64,184,495,381,59,21,97
TAE,2016,8,16,16,27.1,46.9,16.9,14.8,11.25,19,56,0,951.5,323,2.1,4.1,116,123,68,39,39,60,164,399,90,21,97
TAE,2016,8,16,17,25.8,53.3,17.7,15.6,11.79,19.1,56,0,951.4,291,1,2.5,27,1,27,16,16,15,16,402,94,21,97
TAE,2016,8,16,18,21.9,74.5,19.5,17.2,13.02,18.8,55.1,0,951.4,222,1.5,3.2,0,0,0,0,0,0,0,372,53,21,97
TAE,2016,8,16,19,19.2,82.1,18.3,16.1,12.2,17.2,50.2,0,951.6,198,0.7,2.1,0,0,0,0,0,0,0,365,46,21,97
TAE,2016,8,16,20,19.3,81.7,18.3,16.1,12.19,17.2,50.3,0,951.9,198,0.7,2,0,0,0,0,0,0,0,385,61,21,97
TAE,2016,8,16,21,19.7,79,18.1,16,12.05,17.3,50.4,0,952.1,232,1.2,3.2,0,0,0,0,0,0,0,361,45,21,97
TAE,2016,8,16,22,18.2,86.4,18,15.9,11.98,16.7,48.7,0,952.4,225,0.7,1.9,0,0,0,0,0,0,0,356,44,21,97
TAE,2016,8,16,23,18.2,84.9,17.8,15.6,11.85,16.5,48.3,0,952.4,220,1,2.6,0,0,0,0,0,0,0,365,75,21,97
TAE,2016,8,17,0,17.3,90.2,17.8,15.7,11.85,16.3,47.4,0,952.2,194,0.6,1.6,0,0,0,0,0,0,0,354,53,21,97
TAE,2016,8,17,1,17,90.1,17.5,15.4,11.65,16,46.6,0,951.7,236,0.5,1.4,0,0,0,0,0,0,0,340,38,21,97
TAE,2016,8,17,2,16,93.2,16.9,14.9,11.25,15.3,44.5,0,951.4,211,0.6,1.7,0,0,0,0,0,0,0,347,50,21,97
TAE,2016,8,17,3,15,93.4,16,13.9,10.64,14.3,42,0,951.3,198,0.4,1.4,0,0,0,0,0,0,0,345,36,21,97
TAE,2016,8,17,4,14.5,93.8,15.5,13.5,10.3,13.9,40.6,0,951.1,162,0.5,1.4,1,0,1,0,0,0,0,358,75,21,97
TAE,2016,8,17,5,16.3,87.2,16.1,14.2,10.71,15,43.5,0,951.4,225,0.5,1.6,49,13,45,29,40,25,26,377,100,21,97
TAE,2016,8,17,6,18.2,83.5,17.4,15.4,11.59,16.4,47.7,0,951.2,72,0.7,2.2,276,431,117,74,506,126,66,374,59,21,97
TAE,2016,8,17,7,19.2,79.4,17.7,15.5,11.79,16.8,49.2,0,951.6,36,1.5,3.4,420,488,174,98,571,261,97,362,53,21,97
TAE,2016,8,17,8,20.6,67.6,16.4,14.4,10.91,16.7,48.4,0,951.6,230,2.3,7.3,627,761,135,91,683,453,94,357,53,21,97
TAE,2016,8,17,9,21.4,64.1,16.4,14.3,10.91,16.9,49.2,0,951.3,208,4.6,10.4,674,641,196,117,521,521,118,365,58,21,97
TAE,2016,8,17,10,22.6,60,16.4,14.4,10.91,17.4,50.5,0,951,208,4.2,9.7,771,673,229,140,419,609,141,363,60,21,97
TAE,2016,8,17,11,23.4,56,16.1,14.1,10.71,17.5,50.8,0,950.8,222,2.7,6.1,769,597,275,163,223,603,236,376,81,21,97
TAE,2016,8,17,12,23.8,52.2,15.4,13.4,10.24,17.2,50,0,950.4,223,1.9,4.5,697,579,234,149,149,533,388,388,88,21,97
TAE,2016,8,17,13,23.8,52.4,15.5,13.5,10.32,17.3,50.2,0,949.9,211,1.1,3,236,47,200,115,114,146,146,388,100,21,97
TAE,2016,8,17,14,23.8,53.3,15.6,13.7,10.39,17.4,50.4,0,949.6,207,1.9,3.8,294,217,167,96,95,191,292,391,84,21,97
TAE,2016,8,17,15,24,53.5,15.9,14,10.6,17.6,51.1,0,949.3,188,1.6,4.7,340,388,139,84,83,210,443,378,81,21,97
TAE,2016,8,17,16,21.6,67.6,17.4,15.4,11.62,17.6,51.2,0,949,201,1,2.4,140,90,110,68,62,72,156,385,94,21,97
TAE,2016,8,17,17,20.5,72,17.3,15.3,11.55,17.2,49.9,0,949.3,201,0.9,2.1,106,237,66,88,37,36,281,370,68,21,97
TAE,2016,8,17,18,19.5,77.4,17.5,15.4,11.68,16.9,49.3,0,949.1,202,0.6,1.6,5,0,5,3,3,3,3,377,81,21,97
TAE,2016,8,17,19,19.1,81.2,17.9,15.8,11.95,17,49.5,0,949.7,214,0.8,2.3,0,0,0,0,0,0,0,381,100,21,97
TAE,2016,8,17,20,19.5,73.7,16.7,14.7,11.12,16.5,47.8,0.5,951.2,222,3.6,11.5,0,0,0,0,0,0,0,386,100,21,97
TAE,2016,8,17,21,17.3,84.9,16.8,14.7,11.2,15.7,45.8,0.6,950.1,184,2.3,8.2,0,0,0,0,0,0,0,383,100,21,97
TAE,2016,8,17,22,17.1,80.9,15.7,13.8,10.46,15.1,43.7,0.1,949.7,183,2.8,7.8,0,0,0,0,0,0,0,381,100,21,97
TAE,2016,8,17,23,15.8,91.6,16.4,14.4,10.93,14.9,43.5,0,949.6,351,0.6,2.7,0,0,0,0,0,0,0,371,81,21,97
TAE,2016,8,18,0,15.1,95.2,16.4,14.3,10.93,14.6,42.8,0,949.6,104,0.4,1.2,0,0,0,0,0,0,0,368,68,22,97
TAE,2016,8,18,1,14.5,95.9,15.8,13.9,10.52,14.1,41.2,0,949.6,180,0.3,0.8,0,0,0,0,0,0,0,353,46,22,97
TAE,2016,8,18,2,13.4,97,14.9,12.9,9.92,13.1,38.5,0,949.2,198,0.4,1.6,0,0,0,0,0,0,0,347,60,22,97
TAE,2016,8,18,3,13.4,97.1,14.9,12.9,9.92,13.1,38.5,0,948.8,135,0.3,1,0,0,0,0,0,0,0,345,46,22,97
TAE,2016,8,18,4,13.2,97.3,14.8,12.8,9.86,13,38.2,0,948.6,18,0.5,1.5,11,43,7,16,47,4,4,329,29,22,97
TAE,2016,8,18,5,14,97.4,15.6,13.6,10.4,13.8,40.3,0,948.7,18,1,2.2,95,140,72,73,185,40,41,352,69,22,97
TAE,2016,8,18,6,15.6,94.7,16.8,14.8,11.21,15.1,44,0,949,36,0.9,2.2,229,222,153,95,321,114,85,363,84,22,97
TAE,2016,8,18,7,17.6,87.7,17.5,15.5,11.69,16.3,47.3,0,949,41,1.3,3.8,387,375,187,112,460,247,110,371,81,22,97
TAE,2016,8,18,8,20.9,69.6,17.1,15.1,11.41,17.2,50,0,949.3,279,1.5,5.9,489,332,278,153,453,343,151,378,94,22,97
TAE,2016,8,18,9,21.8,64.8,16.9,14.9,11.27,17.4,50.6,0,949.6,258,3.3,7.3,596,399,303,169,452,444,167,378,94,22,97
TAE,2016,8,18,10,21.9,64.2,16.9,14.8,11.27,17.3,50.7,0,949.7,257,3.6,8.2,512,165,381,218,311,347,212,388,100,22,97
TAE,2016,8,18,11,21.7,67.2,17.4,15.4,11.61,17.6,51.3,0,949.4,267,3.3,7.3,506,146,386,222,231,341,260,391,100,22,97
TAE,2016,8,18,12,21.5,67.9,17.4,15.3,11.61,17.5,51.1,0,949.4,259,3.2,7.3,80,0,80,48,48,45,46,392,100,22,97
TAE,2016,8,18,13,18.5,86.5,18.4,16.2,12.28,17,49.7,2.6,950.5,272,2.7,7.1,38,0,38,23,23,22,22,390,100,22,97
TAE,2016,8,18,14,17.5,89.3,17.9,15.7,11.95,16.3,47.9,1.2,949.9,261,1.3,4.8,78,2,77,46,45,44,46,389,100,22,97
TAE,2016,8,18,15,17.4,88.7,17.6,15.5,11.75,16.2,47.3,0,949.4,141,0.7,2.1,211,68,176,103,102,125,170,387,100,22,97
TAE,2016,8,18,16,16.3,93.6,17.4,15.3,11.6,15.7,45.8,6.9,950,270,1.3,5.3,17,0,17,10,10,9,10,385,100,22,97
TAE,2016,8,18,17,16,94.7,17.2,15.2,11.47,15.5,45.1,2.7,950,142,1.2,3.6,5,0,5,3,3,3,3,383,100,22,97
TAE,2016,8,18,18,15.9,93.3,16.9,14.8,11.26,15.2,44.5,0,950.5,135,0.4,1.4,4,0,4,2,2,2,2,369,75,22,97
TAE,2016,8,18,19,15.7,95.2,17,14.9,11.33,15.2,44.4,0,950.4,252,0.4,1.4,0,0,0,0,0,0,0,381,100,22,97
TAE,2016,8,18,20,15.5,96.7,17,15,11.33,15.2,44.2,0,950.6,180,0.4,1,0,0,0,0,0,0,0,380,100,22,97
TAE,2016,8,18,21,15.5,96.6,17,15,11.33,15.2,44.2,0.1,950.6,146,0.4,1.4,0,0,0,0,0,0,0,373,94,22,97
TAE,2016,8,18,22,16,94.2,17.1,15.1,11.4,15.4,44.9,0,950.5,342,0.5,1.4,0,0,0,0,0,0,0,376,100,22,97
TAE,2016,8,18,23,15.6,98.1,17.3,15.3,11.53,15.4,44.8,0,950.6,45,0.5,1.6,0,0,0,0,0,0,0,375,88,22,97
TAE,2016,8,19,0,15.7,98.1,17.4,15.4,11.6,15.5,45.1,0,950.3,90,0.5,1.1,0,0,0,0,0,0,0,363,71,22,97
TAE,2016,8,19,1,15.8,97.4,17.5,15.4,11.67,15.5,45.4,0,950,0,0.2,1,0,0,0,0,0,0,0,369,71,22,97
TAE,2016,8,19,2,15.9,92.9,16.8,14.8,11.2,15.2,44.3,0,950,297,0.3,1.6,0,0,0,0,0,0,0,375,75,22,97
TAE,2016,8,19,3,16.2,90.7,16.6,14.7,11.06,15.3,44.3,0,950.2,311,1.2,2.5,0,0,0,0,0,0,0,359,59,22,97
TAE,2016,8,19,4,15.8,91.9,16.5,14.5,10.99,15,43.7,0,950.4,281,0.7,2,7,11,6,7,15,3,4,368,64,22,97
TAE,2016,8,19,5,16.3,89.4,16.5,14.6,10.99,15.2,44.2,0,950.6,297,0.9,1.7,123,329,58,87,369,34,34,356,39,22,97
TAE,2016,8,19,6,17,89.3,17.3,15.2,11.53,15.9,46.3,0,950.8,34,0.7,1.6,273,472,113,78,548,119,66,350,48,22,97
TAE,2016,8,19,7,18.7,82,17.7,15.6,11.8,16.7,48.7,0,950.8,22,0.7,2.9,435,577,150,91,639,276,91,357,58,22,97
TAE,2016,8,19,8,19.7,77.7,17.9,15.7,11.93,17.1,50.1,0,950.8,13,1.2,2.7,503,375,265,146,480,361,144,370,81,22,97
TAE,2016,8,19,9,20.2,76.4,18.1,15.9,12.07,17.4,51,0,950.7,17,1.4,3.4,480,176,352,201,336,324,195,373,81,22,97
TAE,2016,8,19,10,20.5,74.5,18,15.8,12,17.5,51.1,0,950.7,45,1.2,3,571,274,349,198,323,418,194,387,94,22,97
TAE,2016,8,19,11,21.5,70.5,18,15.9,12.01,17.9,52.1,0,950.4,13,1.2,2.9,536,190,380,218,267,372,229,394,94,22,97
TAE,2016,8,19,12,22,66.3,17.5,15.4,11.67,17.7,51.8,0,950.3,31,0.8,2.6,633,387,328,184,183,482,395,388,88,22,97
TAE,2016,8,19,13,22.5,63.9,17.4,15.3,11.6,17.8,52.1,0,950.1,140,0.9,2.2,444,170,320,182,181,302,310,395,94,22,97
TAE,2016,8,19,14,22.5,64.2,17.4,15.4,11.6,17.9,52.1,0,950.1,30,1,2.4,400,194,278,158,157,267,332,387,94,22,97
TAE,2016,8,19,15,23,65.1,18.3,16.1,12.22,18.5,54.2,0,950,90,0.9,3,319,272,197,114,113,191,386,372,68,22,97
TAE,2016,8,19,16,22.3,70,18.8,16.6,12.56,18.5,54.3,0,950.1,140,0.8,2.2,150,122,104,61,60,82,185,394,94,22,97
TAE,2016,8,19,17,20.9,82.6,20.3,17.8,13.57,18.8,55.5,0,950.6,198,0.7,1.2,38,2,38,23,23,22,24,394,100,22,97
TAE,2016,8,19,18,19.8,86.9,20,17.6,13.36,18.3,53.8,0,951.1,189,0.6,1.4,3,0,3,2,2,2,2,389,100,22,97
TAE,2016,8,19,19,18.9,90.1,19.6,17.2,13.08,17.8,52.2,0,951.8,207,0.8,2.3,0,0,0,0,0,0,0,391,100,22,97
TAE,2016,8,19,20,18.7,89.4,19.2,16.9,12.81,17.5,51.3,0,951.6,194,0.6,2.1,0,0,0,0,0,0,0,389,100,22,97
TAE,2016,8,19,21,17.6,94,18.9,16.6,12.6,17,49.6,0,951.7,217,0.5,1.5,0,0,0,0,0,0,0,378,81,22,97
TAE,2016,8,19,22,16.5,95.1,17.9,15.7,11.92,16,46.8,0,951.7,225,0.8,2.1,0,0,0,0,0,0,0,383,100,22,97
TAE,2016,8,19,23,17,93.1,18.1,15.9,12.06,16.3,47.6,0,952,225,0.7,1.8,0,0,0,0,0,0,0,385,100,22,97
TAE,2016,8,20,0,17.2,93.6,18.4,16.2,12.26,16.6,48.3,0,952.1,146,0.6,1.8,0,0,0,0,0,0,0,384,100,22,97
TAE,2016,8,20,1,17.3,94.4,18.6,16.4,12.39,16.7,48.8,0,952.5,45,0.4,1.5,0,0,0,0,0,0,0,384,100,22,97
TAE,2016,8,20,2,17.2,94.4,18.5,16.3,12.32,16.6,48.5,0,952.5,146,0.5,1.8,0,0,0,0,0,0,0,384,100,22,97
TAE,2016,8,20,3,16.9,95,18.3,16.1,12.19,16.4,47.9,0,952.3,180,0.3,1.2,0,0,0,0,0,0,0,381,94,22,97
TAE,2016,8,20,4,16.6,95,17.9,15.8,11.92,16.1,46.9,0,952.1,180,0.4,0.9,6,10,6,6,13,3,3,360,64,22,97
TAE,2016,8,20,5,16.3,95.3,17.7,15.5,11.78,15.8,46.2,0,952.2,180,0.3,0.9,96,136,69,63,181,38,39,367,68,22,97
TAE,2016,8,20,6,18.2,89.3,18.7,16.4,12.46,17,49.9,0,952.1,90,0.4,1.5,276,469,105,68,536,135,63,369,71,22,97
TAE,2016,8,20,7,19.7,85.3,19.6,17.2,13.07,18,53,0,952.4,39,0.7,1.5,201,36,184,110,145,117,106,387,100,22,97
TAE,2016,8,20,8,20.4,80.4,19.2,16.9,12.79,18.1,53,0,952.6,360,0.9,2.1,206,9,200,120,127,118,116,389,100,22,97
TAE,2016,8,20,9,20.7,80.8,19.7,17.3,13.13,18.4,54.2,0,952.6,63,0.4,1.6,171,0,171,103,101,97,99,390,100,22,97
TAE,2016,8,20,10,21.3,80.2,20.3,17.7,13.53,18.9,55.8,0,953.8,294,1.1,4.9,119,0,119,71,70,67,69,392,100,22,97
TAE,2016,8,20,11,20.4,81.1,19.4,17.1,12.91,18.2,53.3,0.2,953.8,270,2.3,6.3,97,0,97,58,57,55,56,393,100,22,97
TAE,2016,8,20,12,19.6,82.7,18.8,16.6,12.51,17.6,51.4,0,953.7,185,1.4,4.6,101,0,101,61,60,57,59,394,100,22,97
TAE,2016,8,20,13,19.7,79.8,18.3,16.1,12.17,17.4,50.7,0,953.9,233,0.7,2.1,73,0,73,44,43,41,42,392,100,22,97
TAE,2016,8,20,14,19.1,86.4,19.1,16.8,12.7,17.6,51.4,0.3,954.4,225,0.5,1.5,90,0,90,54,53,51,52,391,100,22,97
TAE,2016,8,20,15,18.8,90.4,19.5,17.2,12.98,17.7,51.8,0,954.2,143,0.5,1.1,90,2,90,54,53,51,54,389,100,22,97
TAE,2016,8,20,16,18.9,88.6,19.4,17,12.91,17.7,51.7,0,954.2,146,0.4,1.2,54,3,53,32,31,30,33,388,100,22,97
TAE,2016,8,20,17,19.1,84.7,18.7,16.5,12.43,17.4,50.7,0,954.4,223,1.7,5.6,13,0,13,8,7,7,7,386,100,22,97
TAE,2016,8,20,18,16.3,90.5,16.8,14.7,11.13,15.3,44.6,0.8,955.4,270,3,7.7,0,0,0,0,0,0,0,384,100,22,97
TAE,2016,8,20,19,15,90.8,15.5,13.5,10.25,14.1,41,2,956.5,265,2.5,6.5,0,0,0,0,0,0,0,380,100,22,97
TAE,2016,8,20,20,13.5,89.3,13.8,11.8,9.1,12.5,36.5,2.5,957.4,248,1.9,7.4,0,0,0,0,0,0,0,377,100,22,97
TAE,2016,8,20,21,13.1,87.5,13.2,11.1,8.69,11.9,35.1,1.2,957.9,204,3.5,9,0,0,0,0,0,0,0,373,100,22,97
TAE,2016,8,20,22,13.2,84,12.7,10.6,8.35,11.7,34.4,0.2,958.2,204,3.7,9.5,0,0,0,0,0,0,0,370,94,22,97
TAE,2016,8,20,23,13.8,81.5,12.9,10.7,8.49,12,35.3,0,958.3,207,2.9,8.9,0,0,0,0,0,0,0,367,100,22,97
TAE,2016,8,21,0,13.8,84.8,13.3,11.3,8.75,12.3,36,0,958.3,270,0.7,2.1,0,0,0,0,0,0,0,357,88,22,97
TAE,2016,8,21,1,13.1,91.9,13.8,11.8,9.09,12.3,36.1,0,958,14,0.5,1.2,0,0,0,0,0,0,0,364,84,22,97
TAE,2016,8,21,2,12.5,95.6,13.9,11.8,9.16,12.1,35.7,0,957.9,22,0.7,2,0,0,0,0,0,0,0,351,48,22,97
TAE,2016,8,21,3,11.3,96.6,12.9,10.8,8.49,11,32.8,0,957.8,360,0.5,1.7,0,0,0,0,0,0,0,330,39,22,97
TAE,2016,8,21,4,11.9,93.6,13,10.9,8.55,11.3,33.5,0,958.4,315,0.9,5,8,30,6,11,33,3,4,350,68,22,97
TAE,2016,8,21,5,13.7,87.3,13.7,11.6,9.02,12.5,36.5,0,958.7,270,0.8,3,94,173,69,75,217,39,39,360,74,22,97
TAE,2016,8,21,6,14.8,83.9,14.1,12.1,9.28,13.2,38.3,0,958.8,241,1.2,4.1,215,215,134,82,298,117,78,356,75,22,97
TAE,2016,8,21,7,15.7,77.9,13.9,11.9,9.15,13.4,38.9,0,958.9,221,2.4,6.1,246,86,203,119,206,150,115,353,71,22,97
TAE,2016,8,21,8,16.4,74.4,13.8,11.8,9.08,13.7,39.5,0,959.2,258,3,6.4,314,76,267,157,226,195,152,368,88,22,97
TAE,2016,8,21,9,16.2,72.8,13.4,11.3,8.81,13.3,38.6,0,959.5,270,2.7,6.3,329,90,261,152,211,218,148,364,94,22,97
TAE,2016,8,21,10,16.8,72.4,13.8,11.8,9.08,13.8,39.9,0,959.5,287,2.9,6.7,303,48,266,157,185,190,152,361,88,22,97
TAE,2016,8,21,11,16.9,70.8,13.6,11.6,8.94,13.7,39.6,0,959.5,302,2.8,6.9,283,21,266,159,158,169,159,367,100,22,97
TAE,2016,8,21,12,17.6,64.8,13,10.9,8.54,13.6,39.3,0,959.5,262,2.2,5.8,401,182,258,157,155,280,239,354,75,22,97
TAE,2016,8,21,13,18.5,60.7,12.9,10.8,8.48,13.9,40.1,0,959.4,257,2.3,5.5,414,291,211,131,130,298,328,356,75,22,97
TAE,2016,8,21,14,18.9,56,12.2,9.9,8.01,13.6,39.3,0,959.8,292,3.1,7.6,310,236,175,101,101,213,318,369,80,22,97
TAE,2016,8,21,15,18.5,55,11.7,9.3,7.67,13.2,38.1,0,960.2,292,3.8,8.6,433,663,120,77,77,280,709,336,43,22,97
TAE,2016,8,21,16,18.1,46.4,9.6,6.4,6.28,11.7,34.1,0,960.4,281,2.7,6.5,254,518,99,72,59,104,590,340,33,22,97
TAE,2016,8,21,17,17.2,49.1,9.6,6.4,6.27,11.3,33.2,0,961.3,270,2.2,7.4,90,269,47,75,27,27,302,341,41,22,97
TAE,2016,8,21,18,15.6,57.1,10.1,7.1,6.6,11,32.4,0,962.2,270,1.3,5,0,0,0,0,0,0,0,362,94,22,97
TAE,2016,8,21,19,15.2,61,10.5,7.7,6.86,11.1,32.6,0,963.1,262,0.8,2.3,0,0,0,0,0,0,0,361,100,22,97
TAE,2016,8,21,20,14.7,64.5,10.7,8.1,6.98,11.1,32.4,0,963.7,222,1.3,4.4,0,0,0,0,0,0,0,350,88,22,97
TAE,2016,8,21,21,14.2,66.6,10.8,8.1,7.05,10.8,32.1,0,963.8,259,0.5,2.7,0,0,0,0,0,0,0,353,88,22,97
TAE,2016,8,21,22,13.4,72.5,11.1,8.6,7.25,10.7,31.8,0,964,252,0.7,1.9,0,0,0,0,0,0,0,351,94,22,97
TAE,2016,8,21,23,13.5,71.9,11.1,8.5,7.24,10.7,31.9,0,964.2,277,0.8,2.1,0,0,0,0,0,0,0,354,100,22,97
TAE,2016,8,22,0,13.4,74.4,11.5,8.9,7.51,10.9,32.4,0,964.1,236,0.4,1.3,0,0,0,0,0,0,0,353,100,22,97
TAE,2016,8,22,1,13.3,75.8,11.6,9.1,7.57,11,32.5,0,964.2,263,0.8,1.8,0,0,0,0,0,0,0,348,100,22,97
TAE,2016,8,22,2,11.9,85.6,11.9,9.6,7.77,10.6,31.6,0,964.1,219,0.6,1.2,0,0,0,0,0,0,0,322,50,22,97
TAE,2016,8,22,3,10,91.4,11.2,8.7,7.31,9.3,28.5,0,964.2,221,0.9,2,0,0,0,0,0,0,0,314,31,22,97
TAE,2016,8,22,4,9.8,92.8,11.2,8.7,7.31,9.2,28.2,0,964.8,210,0.8,2.2,4,1,4,2,3,2,2,330,78,22,97
TAE,2016,8,22,5,11.2,89.7,11.9,9.6,7.77,10.3,30.8,0,964.9,162,0.7,1.7,88,105,69,58,149,39,39,316,64,22,97
TAE,2016,8,22,6,12.8,84.5,12.5,10.3,8.16,11.4,33.5,0,965.5,90,0.2,0.9,251,369,114,71,439,133,68,313,60,22,97
TAE,2016,8,22,7,14.9,73.8,12.5,10.3,8.16,12.2,35.6,0,965.6,37,0.7,1.8,493,793,98,71,795,328,73,286,6,22,97
TAE,2016,8,22,8,16.9,61.6,11.8,9.5,7.69,12.6,36.5,0,965.9,9,1.6,5.2,649,861,106,87,740,498,90,303,13,22,97
TAE,2016,8,22,9,17.8,57.8,11.8,9.4,7.69,13,37.4,0,966,351,2.1,4.7,659,570,245,140,521,527,140,325,38,22,97
TAE,2016,8,22,10,18.4,54.8,11.6,9.2,7.56,13.1,37.7,0,965.9,243,1.4,4.7,818,882,120,107,396,694,111,326,23,22,97
TAE,2016,8,22,11,18.9,50.7,11.1,8.5,7.23,13,37.3,0,965.7,264,1.2,3.9,845,881,131,112,177,724,202,325,29,22,97
TAE,2016,8,22,12,20.4,48.9,11.7,9.3,7.63,13.9,39.9,0,965.6,291,1.5,3.8,789,816,152,115,116,664,448,326,25,22,97
TAE,2016,8,22,13,20.4,46.9,11.2,8.7,7.3,13.6,39.1,0,965.3,315,1.6,3.8,734,886,102,95,96,597,625,302,0,22,97
TAE,2016,8,22,14,21.3,44.4,11.3,8.7,7.37,14,40.1,0,965.4,328,1.8,4.3,596,823,98,82,83,448,732,303,0,22,97
TAE,2016,8,22,15,21.4,42.8,10.9,8.2,7.1,13.8,39.6,0,965.3,330,1.7,4.1,428,704,100,68,69,274,731,305,0,22,97
TAE,2016,8,22,16,21.2,43.4,10.9,8.3,7.1,13.8,39.4,0,965.7,12,1.6,4.5,253,563,80,61,49,104,621,307,0,22,97
TAE,2016,8,22,17,20,53.6,12.5,10.3,8.16,14.3,40.8,0,965.7,101,0.9,2,87,274,43,71,25,25,304,309,0,22,97
TAE,2016,8,22,18,16.3,75.4,13.9,11.9,9.08,13.7,39.4,0,965.7,180,0.6,1.7,0,0,0,0,0,0,0,309,0,22,97
TAE,2016,8,22,19,14.2,83.8,13.6,11.5,8.88,12.6,36.7,0,965.9,207,0.7,1.7,0,0,0,0,0,0,0,308,0,22,97
TAE,2016,8,22,20,13.1,88.6,13.4,11.3,8.75,12.1,35.3,0,966,180,0.5,1.1,0,0,0,0,0,0,0,307,0,22,97
TAE,2016,8,22,21,12.5,89.8,13,10.9,8.49,11.6,34,0,965.8,198,0.3,0.8,0,0,0,0,0,0,0,306,0,22,97
TAE,2016,8,22,22,12.2,90.1,12.8,10.6,8.36,11.3,33.3,0,965.7,180,0.4,0.8,0,0,0,0,0,0,0,306,0,22,97
TAE,2016,8,22,23,11.4,92.9,12.5,10.3,8.16,10.8,32,0,965.5,180,0.2,0.8,0,0,0,0,0,0,0,305,0,22,97
TAE,2016,8,23,0,10.9,94.1,12.3,10,8.03,10.4,31.2,0,965.2,180,0.4,1.1,0,0,0,0,0,0,0,304,0,20,97
TAE,2016,8,23,1,10.6,94.5,12.1,9.8,7.9,10.2,30.5,0,965.3,153,0.3,1,0,0,0,0,0,0,0,304,0,20,97
TAE,2016,8,23,2,10.3,94.9,11.9,9.5,7.77,9.9,29.9,0,965,153,0.4,1.3,0,0,0,0,0,0,0,303,0,20,97
TAE,2016,8,23,3,9.9,95.5,11.7,9.2,7.63,9.5,29.2,0,964.9,153,0.3,0.8,0,0,0,0,0,0,0,303,0,20,97
TAE,2016,8,23,4,9.9,95.2,11.6,9.2,7.57,9.5,29,0,965.2,169,0.6,0.8,6,13,5,6,16,3,3,303,6,20,97
TAE,2016,8,23,5,10.6,94,12,9.7,7.83,10.1,30.4,0,965.4,146,0.4,0.9,120,372,53,84,410,29,29,303,6,20,97
TAE,2016,8,23,6,13.8,83.8,13.2,11.1,8.62,12.2,35.7,0,965.5,90,0.4,1.8,291,625,79,49,675,137,49,304,0,20,97
TAE,2016,8,23,7,16.3,75.8,14.1,12,9.22,13.7,39.7,0,965.5,76,1,3.1,462,738,97,67,739,308,68,307,0,20,97
TAE,2016,8,23,8,17.6,73.3,14.8,12.8,9.69,14.7,42.2,0,965.3,30,1.7,3.2,618,822,103,80,702,474,83,310,0,20,97
TAE,2016,8,23,9,19.4,66.9,15.1,13.1,9.89,15.5,44.6,0,964.9,36,1.8,4.5,730,836,122,94,566,600,97,313,0,20,97
TAE,2016,8,23,10,21.4,55.5,14.2,12.1,9.3,15.7,45.1,0,964.4,39,2.8,5.4,808,876,117,100,383,686,103,316,0,20,97
TAE,2016,8,23,11,23.1,45.7,12.9,10.8,8.43,15.6,44.7,0,964.2,43,3.3,7.1,826,870,124,103,164,707,191,319,0,20,97
TAE,2016,8,23,12,23.8,45.9,13.6,11.5,8.9,16.2,46.6,0,963.8,61,2.8,6.4,791,852,127,101,102,669,431,322,0,20,97
TAE,2016,8,23,13,25,46.8,14.8,12.8,9.71,17.3,49.9,0,963.2,71,2.7,5.5,715,856,108,90,91,582,608,322,0,20,97
TAE,2016,8,23,14,25.5,45.2,14.8,12.8,9.71,17.5,50.4,0,962.8,63,2.6,5.4,587,805,103,78,79,442,719,322,0,20,97
TAE,2016,8,23,15,25.7,45.9,15.2,13.2,9.98,17.7,51.3,0,962.5,74,2.7,5.3,424,707,98,64,64,272,730,323,0,20,97
TAE,2016,8,23,16,25.5,48.6,15.8,13.9,10.38,18,52.1,0,962.4,75,2.4,5.5,251,575,77,57,46,102,630,323,0,20,97
TAE,2016,8,23,17,24.6,52.6,16.3,14.3,10.72,18,52,0,962.2,75,2,4.6,84,268,42,68,24,23,297,323,0,20,97
TAE,2016,8,23,18,20.7,70.5,17.1,15.1,11.25,17.1,49.4,0,962.4,90,0.5,2.2,0,0,0,0,0,0,0,322,0,20,97
TAE,2016,8,23,19,17.9,82.5,16.9,14.9,11.12,16,46.2,0,962.6,90,0.3,1.1,0,0,0,0,0,0,0,319,0,20,97
TAE,2016,8,23,20,16.5,87.2,16.4,14.4,10.78,15.2,43.9,0,962.4,90,0.2,0.8,0,0,0,0,0,0,0,315,0,20,97
TAE,2016,8,23,21,15.5,90.8,16,14,10.52,14.6,42.2,0,962.1,207,0.3,1,0,0,0,0,0,0,0,312,0,20,97
TAE,2016,8,23,22,14.8,92.9,15.6,13.7,10.25,14.1,40.8,0,961.8,162,0.6,1.6,0,0,0,0,0,0,0,308,0,20,97
TAE,2016,8,23,23,14,95.2,15.2,13.2,9.99,13.5,39.3,0,961.6,180,0.3,0.8,0,0,0,0,0,0,0,304,0,20,97
TAE,2016,8,24,0,13.4,96.7,14.9,12.9,9.79,13.1,38.2,0,961.2,169,0.6,1.2,0,0,0,0,0,0,0,302,0,20,97
TAE,2016,8,24,1,12.9,97.7,14.5,12.5,9.53,12.7,37,0,961.1,180,0.6,1.1,0,0,0,0,0,0,0,302,0,20,97
TAE,2016,8,24,2,12.8,97.7,14.4,12.4,9.47,12.6,36.8,0,960.7,158,0.5,1,0,0,0,0,0,0,0,303,0,20,97
TAE,2016,8,24,3,12.6,97.9,14.3,12.3,9.4,12.4,36.4,0,960.5,169,0.5,1.5,0,0,0,0,0,0,0,303,0,20,97
TAE,2016,8,24,4,12,97.6,13.7,11.6,9,11.8,34.8,0,960.7,180,0.1,0.5,6,20,5,8,22,3,3,308,0,20,97
TAE,2016,8,24,5,12.6,98.1,14.3,12.3,9.4,12.4,36.4,0,961,225,0.1,0.4,118,371,53,81,409,29,29,304,0,20,97
TAE,2016,8,24,6,15.4,92.2,16.1,14.1,10.6,14.6,42.3,0,961.1,180,0.2,1,292,633,80,48,683,141,49,306,0,20,97
TAE,2016,8,24,7,18,82.1,16.9,14.9,11.13,16,46.3,0,961.1,32,0.9,1.8,463,744,98,66,745,314,67,311,0,20,97
TAE,2016,8,24,8,19.4,77.1,17.4,15.3,11.47,16.8,48.6,0,960.9,45,1,3,622,839,99,79,710,481,81,315,0,20,97
TAE,2016,8,24,9,21.3,71.6,18.1,16,11.94,17.8,51.8,0,960.7,29,1.5,3.1,732,845,120,93,568,607,96,320,0,20,97
TAE,2016,8,24,10,22.8,67.7,18.8,16.5,12.42,18.6,54.5,0,960.3,15,1.5,4,809,884,114,98,380,692,102,325,0,20,97
TAE,2016,8,24,11,24.2,64.4,19.5,17.1,12.9,19.4,57.2,0,959.9,342,1.6,3.9,827,882,119,101,158,713,190,330,0,20,97
TAE,2016,8,24,12,25,60.4,19.1,16.8,12.63,19.5,57.3,0,959.8,50,1.9,4.5,788,852,127,99,100,671,430,333,0,20,97
TAE,2016,8,24,13,26.3,52.4,17.9,15.8,11.83,19.4,56.6,0,959.4,49,2.1,4.6,708,843,115,90,91,581,605,333,0,20,97
TAE,2016,8,24,14,27.4,50.3,18.3,16.2,12.1,19.9,58.4,0,959,60,2.3,5.1,581,796,106,77,78,442,715,332,0,20,97
TAE,2016,8,24,15,27.8,51.6,19.2,16.9,12.71,20.4,60.4,0,958.8,52,2.4,5.5,420,709,97,63,63,273,731,332,0,20,97
TAE,2016,8,24,16,27.9,49.7,18.6,16.4,12.31,20.2,59.5,0,958.4,59,2.2,4.8,247,577,76,56,45,102,630,331,0,20,97
TAE,2016,8,24,17,26.4,53.3,18.3,16.1,12.11,19.6,57.4,0,958.2,76,2.1,4.8,81,263,41,65,23,22,291,331,0,20,97
TAE,2016,8,24,18,23.3,65.8,18.7,16.5,12.38,18.8,54.9,0,958.5,63,0.7,2.3,0,0,0,0,0,0,0,329,0,20,97
TAE,2016,8,24,19,18.9,84.7,18.4,16.3,12.17,17.2,49.9,0,958.8,180,0.4,0.9,0,0,0,0,0,0,0,325,0,20,97
TAE,2016,8,24,20,16.9,91.1,17.6,15.4,11.63,15.9,46.5,0,958.5,198,0.3,1.2,0,0,0,0,0,0,0,322,0,20,97
TAE,2016,8,24,21,16.3,92.1,17.1,15,11.3,15.5,45,0,958.2,180,0.5,1.1,0,0,0,0,0,0,0,318,0,20,97
TAE,2016,8,24,22,15.7,93.3,16.7,14.6,11.04,15,43.7,0,958,180,0.3,0.8,0,0,0,0,0,0,0,314,0,20,97
TAE,2016,8,24,23,14.7,95.1,15.9,13.9,10.5,14.2,41.3,0,957.6,180,0.4,1,0,0,0,0,0,0,0,311,0,20,97
TAE,2016,8,25,0,14.6,95.6,15.9,13.9,10.5,14.2,41.2,0,957.4,169,0.5,1.1,0,0,0,0,0,0,0,308,0,20,97
TAE,2016,8,25,1,13.9,96.6,15.4,13.4,10.17,13.6,39.7,0,957.2,158,0.5,1.3,0,0,0,0,0,0,0,309,0,20,97
TAE,2016,8,25,2,13.5,97.7,15.1,13.1,9.97,13.3,38.7,0,957.2,172,0.7,1.2,0,0,0,0,0,0,0,310,0,20,97
TAE,2016,8,25,3,13.3,98.6,15.1,13.1,9.97,13.2,38.5,0,957.1,153,0.5,0.9,0,0,0,0,0,0,0,310,0,20,97
TAE,2016,8,25,4,12.9,98.2,14.6,12.6,9.63,12.7,37.3,0,957.3,180,0.4,1.4,5,14,4,6,16,2,3,311,0,20,97
TAE,2016,8,25,5,13.6,97.9,15.2,13.3,10.03,13.4,39,0,957.7,153,0.3,0.8,115,367,51,78,404,28,28,312,0,20,97
TAE,2016,8,25,6,16.3,91.9,17,15,11.24,15.5,44.8,0,957.6,135,0.1,0.7,287,625,79,48,674,143,49,313,0,20,97
TAE,2016,8,25,7,18.6,84.7,18.2,16,12.05,16.9,49.3,0,957.6,34,0.8,1.7,460,744,96,65,743,316,67,317,0,20,97
TAE,2016,8,25,8,20.5,77.9,18.8,16.5,12.46,17.9,52.2,0,957.6,58,1,2.2,612,812,108,80,697,481,82,322,0,20,97
TAE,2016,8,25,9,22.8,73.4,20.4,17.8,13.54,19.4,57.4,0,957.3,59,1.4,3.1,731,855,115,91,569,612,94,326,0,20,97
TAE,2016,8,25,10,24.8,68.2,21.3,18.5,14.16,20.5,61,0,956.8,66,1.4,3.2,805,881,116,98,380,695,101,330,0,20,97
TAE,2016,8,25,11,26.4,63.4,21.8,18.9,14.51,21.2,63.5,0,956.6,360,1.7,4.5,826,888,116,100,158,719,188,334,0,20,97
TAE,2016,8,25,12,27.8,55.9,20.9,18.2,13.9,21.2,63.4,0,956.2,266,1.8,4.4,788,863,122,98,99,678,430,337,0,20,97
TAE,2016,8,25,13,28.9,52.8,21,18.3,13.97,21.6,64.8,0,955.9,285,1.9,4.6,701,825,122,91,92,581,602,337,0,20,97
TAE,2016,8,25,14,29.3,50.8,20.6,18.1,13.7,21.6,64.5,0,955.7,225,1.3,3.7,577,795,106,77,78,444,715,338,0,20,97
TAE,2016,8,25,15,29.8,48,20,17.6,13.3,21.4,64,0,955.3,309,1.6,3.7,416,708,96,62,62,274,730,338,0,20,97
TAE,2016,8,25,16,28.9,57.4,22.8,19.6,15.21,22.4,67.9,0,955,9,1.6,3.6,243,580,74,54,44,102,632,339,0,20,97
TAE,2016,8,25,17,26.9,68.6,24.3,20.6,16.24,22.5,68.5,0,955,55,1.2,3.2,69,198,37,49,22,21,224,339,19,20,97
TAE,2016,8,25,18,22.9,87,24.2,20.6,16.16,21.3,64.1,0,955.4,166,0.5,1.5,0,0,0,0,0,0,0,339,0,20,97
TAE,2016,8,25,19,20.5,94.2,22.7,19.5,15.13,19.8,59,0,955.7,202,0.6,1.3,0,0,0,0,0,0,0,337,0,20,97
TAE,2016,8,25,20,20,93.5,21.9,18.9,14.59,19.3,57.1,0,955.7,198,0.3,1.1,0,0,0,0,0,0,0,334,0,20,97
TAE,2016,8,25,21,18.9,96.2,21,18.3,13.97,18.5,54.4,0,955.7,191,0.6,1.6,0,0,0,0,0,0,0,332,0,20,97
TAE,2016,8,25,22,18.7,96.8,20.9,18.2,13.91,18.4,54.1,0,955.6,169,0.5,1.1,0,0,0,0,0,0,0,330,0,20,97
TAE,2016,8,25,23,18.3,97.8,20.5,17.9,13.64,18,53,0,955.5,171,0.6,1.4,0,0,0,0,0,0,0,328,0,20,97
TAE,2016,8,26,0,17.6,97.7,19.7,17.2,13.09,17.3,50.9,0,955.6,166,0.5,1,0,0,0,0,0,0,0,327,0,20,97
TAE,2016,8,26,1,16.9,98.8,19,16.7,12.61,16.8,48.9,0,955.9,153,0.4,0.9,0,0,0,0,0,0,0,327,0,20,97
TAE,2016,8,26,2,16.6,99.3,18.7,16.5,12.41,16.5,48.1,0,956.1,169,0.5,1,0,0,0,0,0,0,0,327,0,20,97
TAE,2016,8,26,3,16.3,99.8,18.5,16.3,12.27,16.3,47.4,0,956.4,162,0.4,0.9,0,0,0,0,0,0,0,327,0,20,97
TAE,2016,8,26,4,16.2,98.9,18.2,16,12.06,16.1,46.8,0,956.5,202,0.6,1.6,4,10,4,5,12,2,2,327,0,20,97
TAE,2016,8,26,5,16.2,98.1,18.1,15.9,11.99,16,46.6,0,956.9,146,0.4,0.9,108,325,52,71,362,28,29,327,0,20,97
TAE,2016,8,26,6,18.8,94.7,20.5,17.9,13.62,18.2,53.4,0,957,135,0.1,0.5,283,625,77,47,673,145,48,329,0,20,97
TAE,2016,8,26,7,21.6,85.4,22,19,14.63,19.8,58.9,0,957.1,37,0.6,2.3,456,757,89,64,750,318,65,331,0,20,97
TAE,2016,8,26,8,23.7,79.2,23.1,19.9,15.38,21.1,63,0,957.3,45,0.8,1.8,607,815,104,79,697,482,82,334,0,20,97
TAE,2016,8,26,9,27,65.4,23.2,20,15.45,22.1,66.6,0,957.2,281,1.4,3.8,723,848,114,92,563,612,95,337,0,20,97
TAE,2016,8,26,10,28.2,57.2,21.8,18.9,14.5,21.8,65.4,0,957,266,1.6,4.6,799,883,111,97,376,697,101,340,0,20,97
TAE,2016,8,26,11,29.3,49.1,20,17.5,13.28,21.2,63.4,0,956.9,291,1.7,4,811,859,128,102,162,713,191,344,0,20,97
TAE,2016,8,26,12,30.7,39.5,17.4,15.4,11.52,20.5,60.4,0,956.8,324,1.7,3.8,782,865,118,97,99,679,430,348,0,20,97
TAE,2016,8,26,13,31,35.9,16.1,14.1,10.65,19.9,58.4,0,956.5,16,1.1,3.1,700,849,108,88,89,587,605,344,0,20,97
TAE,2016,8,26,14,31.4,33.7,15.5,13.5,10.25,19.7,57.8,0,956.2,63,1.1,3.3,565,769,113,79,79,441,700,343,0,20,97
TAE,2016,8,26,15,31.5,29.9,13.8,11.8,9.11,18.9,55,0,956,45,1,2.4,404,675,102,64,64,272,705,342,0,20,97
TAE,2016,8,26,16,29.4,47.9,19.6,17.2,13.02,21.1,62.8,0,955.9,157,0.8,1.7,234,551,76,54,44,102,605,341,0,20,97
TAE,2016,8,26,17,26.2,62.9,21.2,18.6,14.11,21,62.3,0,956,207,0.7,1.7,68,193,37,48,22,21,219,340,0,20,97
TAE,2016,8,26,18,21.8,76.9,20.1,17.6,13.35,19,55.9,0,956.3,216,0.9,2.1,0,0,0,0,0,0,0,338,0,20,97
TAE,2016,8,26,19,19.8,81.1,18.7,16.5,12.4,17.6,51.4,0,956.6,210,0.8,1.9,0,0,0,0,0,0,0,335,0,20,97
TAE,2016,8,26,20,18.9,84,18.4,16.1,12.2,17.1,49.9,0,956.8,180,0.4,1.1,0,0,0,0,0,0,0,332,0,20,97
TAE,2016,8,26,21,18.6,86.8,18.5,16.4,12.26,17.2,49.8,0,956.9,169,0.5,1.2,0,0,0,0,0,0,0,329,0,20,97
TAE,2016,8,26,22,18.3,88.3,18.5,16.3,12.26,17,49.5,0,957,162,0.4,1,0,0,0,0,0,0,0,326,0,20,97
TAE,2016,8,26,23,17.4,90.3,18,15.8,11.92,16.4,47.7,0,957.1,149,0.6,1.2,0,0,0,0,0,0,0,323,0,20,97
TAE,2016,8,27,0,17.1,89.9,17.5,15.4,11.59,16,46.5,0,957,135,0.2,0.8,0,0,0,0,0,0,0,321,0,20,97
TAE,2016,8,27,1,15.9,93.8,16.9,14.9,11.18,15.3,44.3,0,957.1,180,0.4,1.2,0,0,0,0,0,0,0,320,0,20,97
TAE,2016,8,27,2,15.4,94.3,16.5,14.5,10.91,14.8,43.1,0,956.9,153,0.5,1.2,0,0,0,0,0,0,0,319,0,20,97
TAE,2016,8,27,3,15.1,94.7,16.3,14.3,10.78,14.6,42.4,0,956.8,146,0.4,1.1,0,0,0,0,0,0,0,319,0,20,97
TAE,2016,8,27,4,14.4,95.8,15.7,13.7,10.38,14,40.7,0,956.7,166,0.4,0.9,3,5,3,3,7,2,2,322,0,20,97
TAE,2016,8,27,5,14.7,94,15.7,13.7,10.37,14.1,41,0,957.1,143,0.5,1,108,342,50,70,379,28,28,317,0,20,97
TAE,2016,8,27,6,17.7,86.1,17.4,15.3,11.51,16.2,47,0,957.3,153,0.3,1.3,280,614,79,48,663,148,48,318,0,20,97
TAE,2016,8,27,7,21.1,73.7,18.3,16.2,12.12,17.9,52,0,957.6,45,0.3,1,457,763,89,63,754,324,65,322,0,20,97
TAE,2016,8,27,8,23.4,68.3,19.7,17.2,13.06,19.3,56.8,0,957.7,63,0.8,2.1,606,813,106,80,697,488,82,325,0,20,97
TAE,2016,8,27,9,24.9,64.8,20.4,17.8,13.54,20.1,59.5,0,957.5,34,1.2,2.9,721,843,118,92,563,617,95,329,0,20,97
TAE,2016,8,27,10,27,53.6,19,16.8,12.6,20.1,59.3,0,957.2,21,1.5,3.3,803,903,103,96,374,708,100,332,0,20,97
TAE,2016,8,27,11,28,49.3,18.6,16.4,12.33,20.2,59.6,0,957,42,1.5,3.2,811,867,125,101,159,720,214,339,0,20,97
TAE,2016,8,27,12,29.1,42.9,17.2,15.2,11.39,19.9,58.4,0,956.6,37,1.6,4.4,777,859,121,98,99,682,432,345,0,20,97
TAE,2016,8,27,13,29.9,40.3,17,15,11.26,20,58.9,0,956.1,45,1.6,3.5,696,849,108,88,89,590,606,341,0,20,97
TAE,2016,8,27,14,30,41.8,17.7,15.6,11.73,20.4,60.2,0,955.9,73,1.2,3.3,558,755,117,79,80,441,694,339,0,20,97
TAE,2016,8,27,15,30.1,38.1,16.3,14.3,10.79,19.7,57.9,0,955.5,90,1.5,3.5,396,653,107,65,65,271,688,344,6,20,97
TAE,2016,8,27,16,28,47.6,17.9,15.8,11.88,19.9,58.5,0,955.2,153,0.9,1.8,234,554,79,56,45,103,610,345,13,20,97
TAE,2016,8,27,17,24.1,64.9,19.4,17.1,12.89,19.4,57.1,0,955.2,198,1,1.9,73,186,44,52,24,24,218,375,48,20,97
TAE,2016,8,27,18,20.5,74.8,18,15.9,11.94,17.5,50.9,0,955.6,215,1.2,2.6,0,0,0,0,0,0,0,370,43,20,97
TAE,2016,8,27,19,19,76.4,16.7,14.8,11.06,16.3,47.2,0,955.8,197,1.1,2.5,0,0,0,0,0,0,0,368,44,20,97
TAE,2016,8,27,20,18.7,75.2,16.2,14.2,10.72,15.9,46,0,955.9,174,0.9,1.6,0,0,0,0,0,0,0,397,88,20,97
TAE,2016,8,27,21,18.5,76,16.2,14.2,10.72,15.8,45.8,0,956,164,0.7,2,0,0,0,0,0,0,0,392,88,20,97
TAE,2016,8,27,22,17.7,81.3,16.4,14.5,10.86,15.7,45.3,0,956.1,158,0.6,1.2,0,0,0,0,0,0,0,400,100,20,97
TAE,2016,8,27,23,18.4,82.6,17.5,15.4,11.59,16.5,47.9,0.5,956.7,162,0.6,1.9,0,0,0,0,0,0,0,397,100,20,97
TAE,2016,8,28,0,22.4,69.8,18.8,16.6,12.49,18.6,54.3,0.1,955.2,207,2.7,7.6,0,0,0,0,0,0,0,395,100,19,97
TAE,2016,8,28,1,22.1,66.1,17.4,15.5,11.52,17.8,51.5,0,956.5,252,1.8,5.9,0,0,0,0,0,0,0,395,100,19,97
TAE,2016,8,28,2,21.2,69.2,17.3,15.3,11.46,17.4,50.4,0,956.3,219,1,5,0,0,0,0,0,0,0,390,100,19,97
TAE,2016,8,28,3,22.5,60,16.3,14.4,10.79,17.3,50.1,0,955.9,252,1.5,5.1,0,0,0,0,0,0,0,378,71,19,97
TAE,2016,8,28,4,22.7,59.3,16.4,14.4,10.86,17.4,50.4,0,955.8,192,5.2,10.7,2,0,2,1,1,1,1,373,59,19,97
TAE,2016,8,28,5,21.3,67.1,17,15,11.25,17.3,50,0,956.5,311,1.5,7,86,214,46,46,246,25,25,373,58,19,97
TAE,2016,8,28,6,21.8,70.6,18.4,16.2,12.2,18.1,52.9,0,956.7,53,0.6,2.2,257,497,93,52,555,144,52,350,19,19,97
TAE,2016,8,28,7,25,54.7,17.3,15.3,11.45,18.7,54.3,0,956.9,238,1.2,5.4,452,752,92,62,745,324,63,343,19,19,97
TAE,2016,8,28,8,26.1,50.8,17.2,15.1,11.38,18.9,55.3,0,957,249,2.6,6.8,586,762,120,80,667,475,82,343,25,19,97
TAE,2016,8,28,9,26.6,49.9,17.4,15.3,11.52,19.2,56.1,0,957,214,3,6.4,749,875,127,91,587,646,94,335,33,19,97
TAE,2016,8,28,10,27.6,45.2,16.7,14.7,11.05,19.1,56,0,956.5,216,3,7.9,784,848,130,97,374,692,100,336,25,19,97
TAE,2016,8,28,11,28.6,43.2,16.9,14.9,11.19,19.6,57.4,0,956.1,247,3,7.7,809,882,114,95,130,721,205,343,0,19,97
TAE,2016,8,28,12,29.4,41.9,17.2,15.1,11.4,19.9,58.7,0,955.7,225,2.3,5.4,773,864,117,93,94,681,426,348,0,19,97
TAE,2016,8,28,13,29.7,40.9,17.1,15,11.34,20,58.9,0,955.3,221,2.6,6.4,681,810,124,87,88,580,593,344,0,19,97
TAE,2016,8,28,14,30,38.9,16.5,14.5,10.93,19.8,58.1,0,955.1,231,2.2,6.1,541,704,133,81,81,429,663,368,23,19,97
TAE,2016,8,28,15,29.7,36.8,15.3,13.4,10.13,19.1,55.8,0,954.9,231,2.1,5,362,532,122,71,71,250,575,378,63,19,97
TAE,2016,8,28,16,27.3,53,19.3,16.9,12.83,20.3,60.2,0,954.7,217,0.6,1.5,185,318,98,58,55,90,381,375,69,19,97
TAE,2016,8,28,17,26.3,58.1,19.9,17.4,13.24,20.3,60.2,0,954.7,214,0.8,2.1,33,38,28,21,16,15,55,386,81,19,97
TAE,2016,8,28,18,25.8,54,17.9,15.8,11.88,19.2,56.2,0,955.4,258,1.5,3.4,0,0,0,0,0,0,0,365,35,19,97
TAE,2016,8,28,19,24.8,49.5,15.4,13.5,10.18,17.6,50.9,0,956.1,276,1,2.3,0,0,0,0,0,0,0,339,23,19,97
TAE,2016,8,28,20,24.1,55.8,16.8,14.7,11.12,18,52.6,0,956.4,256,1.3,2.8,0,0,0,0,0,0,0,355,61,19,97
TAE,2016,8,28,21,22.9,61.5,17.1,15.1,11.32,17.9,51.8,0,956.5,259,0.7,2.2,0,0,0,0,0,0,0,357,56,19,97
TAE,2016,8,28,22,21.1,69.3,17.3,15.3,11.46,17.4,50.3,0,956.5,278,0.7,1.7,0,0,0,0,0,0,0,350,45,19,97
TAE,2016,8,28,23,20.6,72.8,17.5,15.5,11.59,17.3,50.1,0,956.6,243,1.1,2.4,0,0,0,0,0,0,0,375,84,19,97
TAE,2016,8,29,0,22.9,59.9,16.7,14.7,11.05,17.6,51.1,0,956.6,259,1.1,5.1,0,0,0,0,0,0,0,378,78,19,97
TAE,2016,8,29,1,21.8,66.5,17.3,15.3,11.46,17.6,51,0,956.3,270,0.5,1.5,0,0,0,0,0,0,0,384,100,19,97
TAE,2016,8,29,2,19.4,86.2,19.4,17,12.88,17.8,52.2,0,956.5,166,0.6,1.6,0,0,0,0,0,0,0,390,94,19,97
TAE,2016,8,29,3,20.8,73.9,18.1,16,12,17.7,51.4,0,956.5,248,0.7,2.3,0,0,0,0,0,0,0,390,100,19,97
TAE,2016,8,29,4,20.6,74.5,18.1,15.9,11.99,17.5,51.2,0,956.8,288,0.8,2.9,1,0,1,0,0,0,0,383,88,19,97
TAE,2016,8,29,5,19.4,84.7,19,16.8,12.6,17.7,51.5,5.8,957.1,253,1.6,6.5,79,201,51,57,236,27,27,383,88,19,97
TAE,2016,8,29,6,18.5,91.3,19.4,17.1,12.86,17.6,51.2,1.2,957.4,252,0.9,3.9,69,0,69,40,40,38,39,390,100,19,97
TAE,2016,8,29,7,18.5,91.6,19.5,17.1,12.92,17.6,51.4,0.3,958,234,1,2.2,95,0,95,56,55,52,54,390,100,19,97
TAE,2016,8,29,8,19.1,87.3,19.2,16.9,12.72,17.7,51.5,0.1,958.4,217,1.1,2.4,94,1,93,55,54,52,52,391,100,19,97
TAE,2016,8,29,9,18.9,87.8,19.1,16.8,12.65,17.5,51.1,0.7,958.6,238,1.1,3.4,45,0,45,26,26,25,25,392,100,19,97
TAE,2016,8,29,10,18.8,87.6,19,16.7,12.58,17.4,50.8,0.8,958.5,238,1.7,4.5,251,89,181,100,136,175,97,393,94,19,97
TAE,2016,8,29,11,20,78.9,18.4,16.2,12.18,17.5,51,0,958.3,205,2.6,7,137,2,135,79,78,76,76,390,94,19,97
TAE,2016,8,29,12,20,79.3,18.6,16.3,12.31,17.6,51.4,0,958.3,204,2.3,5.3,137,0,137,80,79,75,77,394,100,19,97
TAE,2016,8,29,13,20.8,74.2,18.2,16,12.05,17.7,51.5,0,957.9,205,2.7,5.4,204,13,195,113,112,117,118,393,100,19,97
TAE,2016,8,29,14,20.4,74.4,17.8,15.7,11.78,17.4,50.4,0,957.8,200,2.4,5.8,110,1,109,64,63,60,62,392,100,19,97
TAE,2016,8,29,15,20.5,74.6,18,15.8,11.91,17.5,50.9,0,957.8,197,2.2,4.9,108,37,90,51,50,66,86,391,100,19,97
TAE,2016,8,29,16,20.2,74.9,17.7,15.6,11.71,17.2,50,0,957.8,225,2.3,6.1,58,0,58,34,34,32,33,390,100,19,97
TAE,2016,8,29,17,19.6,77.3,17.6,15.5,11.64,17,49.2,0,957.9,236,1.3,3.8,10,0,10,6,6,6,6,385,100,19,97
TAE,2016,8,29,18,19.4,76.9,17.3,15.2,11.43,16.7,48.5,0,958.7,240,1,3,0,0,0,0,0,0,0,384,100,19,97
TAE,2016,8,29,19,19.2,75,16.7,14.7,11.02,16.3,47.3,0,959.2,229,1,3.1,0,0,0,0,0,0,0,386,100,19,97
TAE,2016,8,29,20,19.1,72.3,16,14,10.55,15.9,46,0,959.5,259,0.7,3,0,0,0,0,0,0,0,384,100,19,97
TAE,2016,8,29,21,18.8,70.7,15.4,13.4,10.14,15.5,44.6,0,959.9,243,1.4,3.3,0,0,0,0,0,0,0,383,100,19,97
TAE,2016,8,29,22,18.5,72.1,15.3,13.4,10.07,15.3,44.1,0,960,259,0.8,2.6,0,0,0,0,0,0,0,381,100,19,97
TAE,2016,8,29,23,17.8,79.1,16.1,14.1,10.61,15.5,44.8,0,960,233,0.5,1.3,0,0,0,0,0,0,0,379,100,19,97
TAE,2016,8,30,0,16.8,86.9,16.6,14.6,10.95,15.4,44.6,0,959.3,180,0.4,1.4,0,0,0,0,0,0,0,378,100,21,97
TAE,2016,8,30,1,14.6,93.5,15.5,13.6,10.22,14,40.5,0,959.3,207,0.5,1.4,0,0,0,0,0,0,0,378,75,21,97
TAE,2016,8,30,2,13.8,95.6,15.1,13.1,9.95,13.4,39,0,959.3,207,0.5,1.3,0,0,0,0,0,0,0,374,94,21,97
TAE,2016,8,30,3,13.6,95.8,14.9,12.9,9.82,13.2,38.5,0,959,217,0.6,1.2,0,0,0,0,0,0,0,370,74,21,97
TAE,2016,8,30,4,14.1,95.5,15.4,13.4,10.15,13.7,39.8,0,959.2,180,0.4,1.1,0,0,0,0,0,0,0,376,88,21,97
TAE,2016,8,30,5,15.7,93.3,16.6,14.6,10.95,15,43.5,0,959.4,90,0.7,2.1,86,208,52,52,244,29,29,366,60,21,97
TAE,2016,8,30,6,16.6,89.8,16.9,14.9,11.15,15.5,44.9,0,959.7,59,1.8,3.7,241,429,103,58,496,145,58,359,55,21,97
TAE,2016,8,30,7,17.9,81.8,16.7,14.7,11.01,15.9,45.9,0,959.9,66,2.3,5.9,397,535,142,83,583,294,83,355,39,21,97
TAE,2016,8,30,8,19.1,75.2,16.6,14.6,10.94,16.3,47,0,960,66,2.8,7.6,599,830,97,79,702,503,82,345,13,21,97
TAE,2016,8,30,9,20.5,67.8,16.3,14.3,10.74,16.6,47.9,0,959.9,51,3.6,10,703,822,125,96,562,622,99,351,19,21,97
TAE,2016,8,30,10,21.7,62.8,16.3,14.3,10.75,17,49.1,0,959.7,57,4.2,9,708,631,226,132,388,623,133,374,40,21,97
TAE,2016,8,30,11,22.7,57.4,15.8,13.9,10.42,17.1,49.3,0,959.4,63,4.3,10,651,439,308,168,207,543,258,385,59,21,97
TAE,2016,8,30,12,22.8,55.4,15.3,13.4,10.08,16.9,48.6,0,959.3,70,4.4,10.2,490,183,354,200,198,349,306,382,71,21,97
TAE,2016,8,30,13,23,56.5,15.8,13.9,10.42,17.2,49.6,0,959,64,3.8,8,329,104,255,146,144,223,217,395,94,21,97
TAE,2016,8,30,14,23.1,57.1,16.1,14.1,10.62,17.4,50.3,0,958.7,60,2.8,7,172,10,167,99,97,98,105,394,100,21,97
TAE,2016,8,30,15,23,57.5,16.2,14.2,10.69,17.4,50.3,0,958.4,61,2.3,5.2,187,34,173,102,100,109,133,393,100,21,97
TAE,2016,8,30,16,22.6,59.2,16.3,14.2,10.76,17.2,50.1,0,958.3,77,1.8,4.8,81,4,79,47,47,45,50,393,100,21,97
TAE,2016,8,30,17,21.6,64.5,16.7,14.6,11.03,17.1,49.8,0,958.3,108,0.8,2.3,25,11,23,15,14,13,24,392,88,21,97
TAE,2016,8,30,18,21,68.5,17,15,11.23,17.1,49.6,0,958.6,101,0.6,2.6,0,0,0,0,0,0,0,390,100,21,97
TAE,2016,8,30,19,20.7,67.7,16.6,14.5,10.96,16.8,48.6,0,958.8,72,0.7,2.6,0,0,0,0,0,0,0,384,81,21,97
TAE,2016,8,30,20,20.2,65.7,15.6,13.6,10.29,16.1,46.4,0,958.7,90,0.8,2.2,0,0,0,0,0,0,0,356,33,21,97
TAE,2016,8,30,21,18.9,71.5,15.6,13.6,10.29,15.6,45.1,0,958.4,108,0.7,1.9,0,0,0,0,0,0,0,339,0,21,97
TAE,2016,8,30,22,16,87.8,15.9,14,10.5,14.8,42.6,0,958,146,0.7,1.6,0,0,0,0,0,0,0,335,0,21,97
TAE,2016,8,30,23,14.5,93.6,15.4,13.5,10.16,13.9,40.3,0,957.9,180,0.2,0.7,0,0,0,0,0,0,0,333,0,21,97
TAE,2016,8,31,0,14.3,94.3,15.3,13.4,10.1,13.8,39.9,0,957.8,219,0.7,2.5,0,0,0,0,0,0,0,318,0,21,97
TAE,2016,8,31,1,13.9,95.6,15.2,13.2,10.03,13.5,39.3,0,957.9,180,0.6,1.4,0,0,0,0,0,0,0,318,0,21,97
TAE,2016,8,31,2,13.4,97.1,14.9,12.9,9.83,13.1,38.3,0,957.9,180,0.6,1.4,0,0,0,0,0,0,0,318,0,21,97
TAE,2016,8,31,3,13.1,97.8,14.7,12.8,9.69,12.9,37.6,0,958,153,0.5,1.2,0,0,0,0,0,0,0,319,0,21,97
TAE,2016,8,31,4,12.7,98.4,14.4,12.5,9.49,12.6,36.7,0,958.2,166,0.4,1.2,0,0,0,0,0,0,0,319,0,21,97
TAE,2016,8,31,5,12.9,97.8,14.6,12.6,9.62,12.7,37.3,0,958.4,143,0.5,1.6,91,276,47,53,311,26,27,319,0,21,97
TAE,2016,8,31,6,14.7,94.6,15.9,13.8,10.49,14.1,41.3,0,958.4,135,0.1,0.7,262,597,75,47,645,155,47,320,0,21,97
TAE,2016,8,31,7,17,87.7,17,14.9,11.23,15.7,45.5,0,958.6,53,0.6,2.1,431,716,96,66,719,329,67,323,0,21,97
TAE,2016,8,31,8,18.8,81.7,17.7,15.6,11.7,16.7,48.6,0,958.8,23,1.1,2.4,583,793,107,81,683,496,83,326,0,21,97
TAE,2016,8,31,9,21,73.8,18.3,16.1,12.1,17.8,51.9,0,958.7,360,1.4,4.7,693,808,126,95,551,621,98,329,0,21,97
TAE,2016,8,31,10,23.1,64.2,18.1,16,11.97,18.4,53.7,0,958.6,270,1.8,5.5,778,882,106,98,367,716,102,332,0,21,97
TAE,2016,8,31,11,23.9,59.3,17.6,15.5,11.64,18.4,53.7,0,958.3,280,2,4.5,790,864,119,102,136,731,215,335,0,21,97
TAE,2016,8,31,12,24.9,53.2,16.8,14.7,11.1,18.3,53.3,0,958,292,2.5,5.3,753,846,121,99,100,689,432,338,0,21,97
TAE,2016,8,31,13,26,51.3,17.3,15.2,11.44,18.9,55.3,0,957.7,252,1.9,4.5,665,813,117,91,92,591,598,339,0,21,97
TAE,2016,8,31,14,26,45.9,15.5,13.5,10.23,18,52.2,0,957.6,243,1.8,4.3,533,746,113,79,79,444,688,339,0,21,97
TAE,2016,8,31,15,26,45.6,15.3,13.4,10.1,17.9,51.9,0,957.3,255,1.4,3,376,666,95,61,62,275,695,344,0,21,97
TAE,2016,8,31,16,24.7,55.3,16.8,14.8,11.13,18.3,53.1,0,957.3,221,1,2.5,207,526,69,47,41,102,577,363,26,21,97
TAE,2016,8,31,17,22.9,65,17.7,15.7,11.74,18.2,52.9,0,957.5,225,0.8,2,32,29,28,21,17,16,46,389,59,21,97
TAE,2016,8,31,18,21.5,70.9,17.8,15.7,11.75,17.7,51.5,0,958,234,0.9,2.1,0,0,0,0,0,0,0,373,48,21,97
TAE,2016,8,31,19,20.5,76.4,18.2,16,12.02,17.6,51.1,0,958.4,212,1,1.8,0,0,0,0,0,0,0,376,41,21,97
TAE,2016,8,31,20,19.9,78.5,18.1,15.9,11.97,17.3,50.4,0,958.3,229,1.1,2.4,0,0,0,0,0,0,0,381,69,21,97
TAE,2016,8,31,21,19.1,81,17.9,15.7,11.82,16.9,49.2,0,957.8,211,1.3,5.3,0,0,0,0,0,0,0,391,100,21,97
TAE,2016,8,31,22,18.6,81.7,17.5,15.4,11.58,16.5,48,0.3,957.3,243,1.9,4.3,0,0,0,0,0,0,0,389,100,21,97
TAE,2016,8,31,23,18.2,80.5,16.9,14.8,11.18,16.1,46.7,0,956.2,257,1.8,3.4,0,0,0,0,0,0,0,387,100,21,97
TAE,2019,9,1,0,18.2,77.9,16.3,14.2,10.78,15.7,45.6,0,955.1,180,0.6,1.4,0,0,0,0,0,0,0,319,6,21,97
TAE,2019,9,1,1,18.2,75.5,15.7,13.7,10.41,15.4,44.7,0,953.9,225,1,7.7,0,0,0,0,0,0,0,347,50,21,97
TAE,2019,9,1,2,18.5,72.6,15.3,13.3,10.15,15.3,44.3,0,953.2,231,0.9,3.3,0,0,0,0,0,0,0,363,71,21,97
TAE,2019,9,1,3,18.7,70.1,15,13,9.97,15.2,44.1,0,952.4,227,1.7,6.5,0,0,0,0,0,0,0,352,46,21,97
TAE,2019,9,1,4,19.4,66.5,14.9,12.9,9.9,15.4,44.6,0,952.1,218,2.5,6.4,0,0,0,0,0,0,0,338,23,21,97
TAE,2019,9,1,5,19.9,65.8,15.3,13.3,10.13,15.8,45.7,0,952.3,223,1.8,4.8,0,0,0,0,0,0,0,357,59,21,97
TAE,2019,9,1,6,20.1,67.6,15.9,13.9,10.55,16.2,46.9,0,952.5,292,0.7,2.7,22,2,22,13,14,12,12,380,94,21,97
TAE,2019,9,1,7,19.9,70.9,16.5,14.5,10.93,16.5,47.8,0,953,261,0.9,3.7,45,0,45,27,26,25,26,385,100,21,97
TAE,2019,9,1,8,19.9,71.4,16.6,14.6,11.02,16.5,48,0,953.6,212,1.1,3.6,103,2,102,60,62,58,58,387,100,21,97
TAE,2019,9,1,9,19.2,79.1,17.5,15.5,11.63,16.8,48.8,0.6,953.8,270,0.8,3.3,96,0,96,57,56,54,55,389,100,21,97
TAE,2019,9,1,10,19.5,76.7,17.4,15.3,11.55,16.8,48.9,0.2,954.2,229,1.1,4.6,84,0,84,50,49,47,48,392,100,21,97
TAE,2019,9,1,11,18.6,84,17.9,15.8,11.9,16.8,48.9,0.3,953.9,203,0.9,2.8,75,0,75,45,44,42,43,394,100,21,97
TAE,2019,9,1,12,19.3,82.9,18.5,16.3,12.31,17.3,50.6,0,953.5,135,0.7,2.7,290,143,180,104,103,219,150,397,100,21,97
TAE,2019,9,1,13,21.8,69.1,18,15.9,11.97,18,52.4,0,953.1,228,1.7,4.4,578,377,297,169,168,467,353,381,71,21,97
TAE,2019,9,1,14,22.7,62.9,17.4,15.3,11.57,17.9,52.3,0,952.6,257,1.9,4.2,505,312,295,161,160,393,398,382,75,21,97
TAE,2019,9,1,15,22.8,60.4,16.8,14.7,11.17,17.6,51.3,0,952.4,259,1.7,4.3,452,511,159,101,101,361,513,379,71,21,97
TAE,2019,9,1,16,22.7,60.2,16.6,14.6,11.03,17.5,50.9,0,952.3,261,1.5,4.6,266,206,175,98,98,181,302,380,88,21,97
TAE,2019,9,1,17,21.7,70.2,18.2,16,12.12,18,52.6,0,952.4,202,0.7,1.9,96,36,87,51,50,54,87,392,100,21,97
TAE,2019,9,1,18,20.9,67.9,16.7,14.8,11.09,17,49.2,0.2,953.4,260,1.2,3.1,17,1,17,10,10,10,10,390,100,21,97
TAE,2019,9,1,19,17.8,87.4,17.8,15.7,11.81,16.5,47.8,6.6,954.9,221,2.2,6.4,0,0,0,0,0,0,0,388,100,21,97
TAE,2019,9,1,20,17,90.3,17.4,15.4,11.54,16,46.3,1.7,955.3,202,2.8,7.1,0,0,0,0,0,0,0,386,100,21,97
TAE,2019,9,1,21,16.7,94,17.9,15.7,11.87,16.1,46.8,2.5,955.8,225,0.4,1.2,0,0,0,0,0,0,0,384,100,21,97
TAE,2019,9,1,22,16.6,94.5,17.8,15.7,11.8,16,46.6,2.8,956.3,225,0.8,1.9,0,0,0,0,0,0,0,382,100,21,97
TAE,2019,9,1,23,16.1,94.5,17.3,15.2,11.46,15.5,45.2,2.8,956.3,162,0.4,1.2,0,0,0,0,0,0,0,380,100,21,97
TAE,2019,9,2,0,16,94.1,17.1,15.1,11.32,15.4,44.7,0.4,956.5,117,0.5,1.6,0,0,0,0,0,0,0,378,100,21,97
TAE,2019,9,2,1,15.6,94.4,16.7,14.7,11.05,15,43.6,0.4,956.4,101,0.7,2.8,0,0,0,0,0,0,0,377,100,21,97
TAE,2019,9,2,2,15.6,94.6,16.7,14.7,11.05,15,43.6,0.4,956.6,76,0.5,1.5,0,0,0,0,0,0,0,376,100,21,97
TAE,2019,9,2,3,15.4,95,16.6,14.6,10.98,14.9,43.3,0.4,956.6,72,0.4,1.3,0,0,0,0,0,0,0,375,100,21,97
TAE,2019,9,2,4,15.3,94.4,16.4,14.4,10.85,14.7,42.8,0.5,956.6,63,0.2,0.7,0,0,0,0,0,0,0,374,100,21,97
TAE,2019,9,2,5,15.1,94.4,16.2,14.2,10.71,14.5,42.3,0.2,956.9,117,0.2,0.7,0,0,0,0,0,0,0,373,100,21,97
TAE,2019,9,2,6,15.3,93.9,16.3,14.3,10.77,14.7,42.6,0,957.3,72,0.3,1.3,29,41,26,22,56,14,15,368,94,21,97
TAE,2019,9,2,7,14.9,90.1,15.3,13.3,10.1,13.9,40.5,0,958,354,1.3,2.7,50,2,50,30,31,28,28,371,100,21,97
TAE,2019,9,2,8,14.4,89.5,14.7,12.7,9.69,13.4,39,0.2,958.6,360,1.2,2.4,113,3,112,67,68,64,64,371,100,21,97
TAE,2019,9,2,9,14.8,88.5,14.8,12.9,9.75,13.7,39.5,0,958.8,90,0.7,1.8,157,1,156,92,92,88,89,371,100,21,97
TAE,2019,9,2,10,14.9,90.1,15.3,13.3,10.08,13.9,40.5,0.2,959.3,117,0.6,1.6,62,0,62,37,36,34,35,372,100,21,97
TAE,2019,9,2,11,14.8,90.1,15.1,13.2,9.95,13.8,40,0.1,959.4,180,0.5,1.1,50,0,50,29,29,28,28,372,100,21,97
TAE,2019,9,2,12,15.7,80.8,14.4,12.4,9.48,13.7,39.8,0,959.5,100,1.2,4.5,123,0,123,73,72,69,70,372,100,21,97
TAE,2019,9,2,13,15.9,74.1,13.4,11.3,8.81,13.2,38.3,0,959.6,94,1.5,3.8,61,0,61,36,36,34,35,372,100,21,97
TAE,2019,9,2,14,15.8,73.1,13.1,11,8.61,13,37.7,0,959.6,110,1.3,4.5,44,0,44,26,26,25,25,371,100,21,97
TAE,2019,9,2,15,15.3,78.5,13.7,11.6,9.01,13.1,38.2,0,959.8,141,0.7,1.7,28,0,28,17,16,16,16,370,100,21,97
TAE,2019,9,2,16,15.1,82.5,14.2,12.1,9.34,13.3,38.8,0,960.1,158,0.5,1.3,38,0,38,23,22,21,22,369,100,21,97
TAE,2019,9,2,17,15,83.9,14.3,12.3,9.4,13.4,38.9,0,960.4,157,0.8,1.7,34,0,34,20,20,19,20,368,100,21,97
TAE,2019,9,2,18,14.8,85.2,14.3,12.3,9.4,13.3,38.6,0,960.9,153,0.3,1.2,10,0,10,6,6,6,6,367,100,21,97
TAE,2019,9,2,19,14.1,89.7,14.4,12.4,9.46,13.1,38.1,0,961.5,211,0.7,1.8,0,0,0,0,0,0,0,366,100,21,97
TAE,2019,9,2,20,12.8,93.1,13.8,11.7,9.05,12.2,35.7,0,961.9,214,0.8,1.6,0,0,0,0,0,0,0,346,75,21,97
TAE,2019,9,2,21,11.4,95.2,12.9,10.7,8.45,11,32.8,0,962.1,202,0.5,1.4,0,0,0,0,0,0,0,328,53,21,97
TAE,2019,9,2,22,10.9,95.2,12.4,10.2,8.12,10.5,31.4,0,962.1,217,0.5,1.6,0,0,0,0,0,0,0,307,25,21,97
TAE,2019,9,2,23,10.1,96.3,11.9,9.5,7.79,9.8,29.8,0,962,194,0.4,1.1,0,0,0,0,0,0,0,303,25,21,97
TAE,2019,9,3,0,9.7,97,11.7,9.2,7.66,9.4,29,0,962,153,0.7,1.5,0,0,0,0,0,0,0,300,25,21,97
TAE,2019,9,3,1,9.5,96.8,11.5,9,7.53,9.2,28.5,0,961.5,153,0.3,1.4,0,0,0,0,0,0,0,280,0,21,97
TAE,2019,9,3,2,8.7,97,10.9,8.3,7.13,8.5,26.7,0,961.5,135,0.1,0.6,0,0,0,0,0,0,0,279,0,21,97
TAE,2019,9,3,3,8.4,97.5,10.8,8,7.07,8.2,26.2,0,961.6,153,0.2,0.6,0,0,0,0,0,0,0,278,0,21,97
TAE,2019,9,3,4,8.1,99.5,10.8,8,7.06,8,25.9,0,961.7,153,0.2,0.7,0,0,0,0,0,0,0,278,0,21,97
TAE,2019,9,3,5,8.1,100,10.8,8.1,7.06,8.1,25.9,0.1,962,180,0.2,0.7,0,0,0,0,0,0,0,277,0,21,97
TAE,2019,9,3,6,8.7,99.7,11.2,8.7,7.32,8.7,27.2,0,962.3,180,0.2,0.8,86,279,44,41,312,31,24,276,0,21,97
TAE,2019,9,3,7,10.3,96.8,12.1,9.8,7.92,10,30.3,0,962.7,45,0.2,1,276,687,67,43,728,173,44,277,0,21,97
TAE,2019,9,3,8,12.8,89.4,13.2,11.1,8.64,11.8,34.7,0,963.1,41,1.1,2.9,454,797,91,64,790,363,66,284,19,21,97
TAE,2019,9,3,9,13.9,83.3,13.2,11.1,8.65,12.3,35.8,0,962.9,43,1.7,3.6,595,847,93,78,707,525,80,282,6,21,97
TAE,2019,9,3,10,16,78.9,14.4,12.3,9.44,13.8,40,0,962.8,28,1.8,3.4,722,926,82,87,572,669,91,284,0,21,97
TAE,2019,9,3,11,17.5,70.9,14.1,12.2,9.25,14.3,41,0,962.4,45,1.4,4.4,793,943,85,94,364,751,98,287,0,21,97
TAE,2019,9,3,12,19,51.2,11.2,8.7,7.33,13.1,37.7,0,962.1,43,2.1,4.5,803,918,100,98,129,764,210,290,0,21,97
TAE,2019,9,3,13,19.7,50,11.5,9,7.53,13.5,38.9,0,961.8,45,1.7,4,768,912,97,94,95,723,440,291,0,21,97
TAE,2019,9,3,14,19.9,46.4,10.8,8.1,7.07,13.2,37.9,0,961.5,52,1.4,3.4,676,867,101,87,88,618,619,291,0,21,97
TAE,2019,9,3,15,20.3,41.6,9.9,6.8,6.47,12.7,36.8,0,961.2,53,1.3,3.4,541,804,99,74,75,467,725,290,0,21,97
TAE,2019,9,3,16,20.3,40,9.5,6.3,6.21,12.5,36.2,0,960.9,69,1.1,4.4,382,737,81,56,57,291,752,290,0,21,97
TAE,2019,9,3,17,19,54.5,12,9.6,7.87,13.5,39.1,0,960.8,153,0.7,1.4,210,623,55,41,36,106,665,294,13,21,97
TAE,2019,9,3,18,15.4,76.2,13.3,11.2,8.73,12.9,37.6,0,960.7,180,0.7,1.9,38,114,23,24,14,14,131,315,33,21,97
TAE,2019,9,3,19,13,85.1,12.7,10.6,8.33,11.6,34.1,0,960.8,225,1,2.5,0,0,0,0,0,0,0,332,55,21,97
TAE,2019,9,3,20,12,87.8,12.3,10,8.07,10.9,32.4,0,960.7,210,0.9,2,0,0,0,0,0,0,0,339,71,21,97
TAE,2019,9,3,21,11.3,90.7,12.1,9.8,7.93,10.5,31.4,0,960.6,196,0.8,1.5,0,0,0,0,0,0,0,338,63,21,97
TAE,2019,9,3,22,10.6,92.3,11.8,9.4,7.74,9.9,30.2,0,960.4,180,0.5,1.4,0,0,0,0,0,0,0,299,36,21,97
TAE,2019,9,3,23,10.4,92.9,11.7,9.3,7.67,9.8,29.8,0,960.1,149,0.6,1.3,0,0,0,0,0,0,0,297,45,21,97
TAE,2019,9,4,0,9.7,93.7,11.3,8.7,7.41,9.2,28.4,0,959.7,158,0.6,1.1,0,0,0,0,0,0,0,292,43,21,97
TAE,2019,9,4,1,9.5,94.3,11.2,8.6,7.35,9,28,0,959.3,166,0.4,0.9,0,0,0,0,0,0,0,296,13,21,97
TAE,2019,9,4,2,9.3,94.9,11.1,8.5,7.29,8.9,27.7,0,958.7,166,0.4,1.1,0,0,0,0,0,0,0,279,0,21,97
TAE,2019,9,4,3,8.6,95.4,10.6,7.9,6.96,8.2,26.1,0,958.1,135,0.1,0.6,0,0,0,0,0,0,0,278,0,21,97
TAE,2019,9,4,4,8.4,96,10.6,7.8,6.96,8.1,25.9,0,957.9,162,0.4,1,0,0,0,0,0,0,0,278,0,21,97
TAE,2019,9,4,5,8.1,95.9,10.4,7.5,6.83,7.8,25.3,0,957.9,146,0.4,1,0,0,0,0,0,0,0,278,0,21,97
TAE,2019,9,4,6,9.1,95.5,11,8.4,7.23,8.7,27.3,0,957.9,162,0.3,0.9,89,352,39,44,382,30,22,277,0,21,97
TAE,2019,9,4,7,12.2,88.9,12.6,10.4,8.3,11.2,33.2,0,957.4,108,0.4,1,272,701,62,42,738,175,43,278,0,21,97
TAE,2019,9,4,8,14.9,82.1,13.9,11.9,9.17,13.1,38.2,0,957.2,37,0.5,1.7,444,804,79,61,784,361,63,282,0,21,97
TAE,2019,9,4,9,17,77,14.9,12.9,9.84,14.5,42,0,956.8,36,1,2.4,591,845,94,77,708,528,80,285,0,21,97
TAE,2019,9,4,10,18.9,66.4,14.5,12.5,9.58,15,43.3,0,956.4,356,1.6,3.9,714,907,90,88,567,669,91,288,0,21,97
TAE,2019,9,4,11,20.6,62.9,15.2,13.3,10.05,16,46.2,0,955.9,337,1.7,3.4,788,935,90,95,365,754,99,292,0,21,97
TAE,2019,9,4,12,21.7,55.4,14.4,12.4,9.52,15.9,46,0,955.4,247,2,4.7,796,901,110,99,133,765,215,295,0,21,97
TAE,2019,9,4,13,22.5,50.2,13.7,11.6,9.06,15.8,45.7,0,954.7,214,2,4.7,772,943,83,92,94,736,441,297,0,21,97
TAE,2019,9,4,14,23.1,47.6,13.5,11.4,8.93,15.9,45.9,0,954.1,216,2.1,4.6,678,892,91,85,86,628,626,297,0,21,97
TAE,2019,9,4,15,23.6,44.1,12.8,10.7,8.46,15.8,45.3,0,953.8,248,2.3,5.5,539,814,95,73,74,472,732,297,0,21,97
TAE,2019,9,4,16,23.5,46.4,13.4,11.4,8.86,16.1,46.2,0,953.6,251,1.9,5,378,744,79,55,56,293,758,296,0,21,97
TAE,2019,9,4,17,22.3,55.9,15,13.1,9.94,16.5,47.7,0,953.6,218,1.3,3.4,203,610,56,35,35,111,652,296,0,21,97
TAE,2019,9,4,18,19.5,67.7,15.3,13.4,10.14,15.7,45.3,0,953.6,248,1.1,2.1,33,111,19,21,12,12,126,301,19,21,97
TAE,2019,9,4,19,17.1,75.4,14.6,12.7,9.67,14.4,41.7,0,954.1,239,1.7,3.2,0,0,0,0,0,0,0,296,0,21,97
TAE,2019,9,4,20,16.4,72.3,13.5,11.4,8.92,13.4,39.1,0,954.4,238,1.5,2.6,0,0,0,0,0,0,0,296,0,21,97
TAE,2019,9,4,21,14.3,80.3,13,11,8.59,12.4,36.1,0,954.3,225,0.7,1.4,0,0,0,0,0,0,0,296,0,21,97
TAE,2019,9,4,22,14.2,73.8,11.9,9.6,7.86,11.6,34.1,0,954.2,225,0.7,1.3,0,0,0,0,0,0,0,296,0,21,97
TAE,2019,9,4,23,13.1,80.9,12.2,9.9,8.06,11.3,33.5,0,954.2,198,0.4,1.3,0,0,0,0,0,0,0,312,29,21,97
TAE,2019,9,5,0,13.6,80.9,12.6,10.4,8.32,11.8,34.7,0,954.1,135,0.6,1.6,0,0,0,0,0,0,0,324,50,21,97
TAE,2019,9,5,1,12.7,85.5,12.6,10.3,8.33,11.3,33.8,0,953.8,153,0.7,2,0,0,0,0,0,0,0,325,41,21,97
TAE,2019,9,5,2,12.1,87,12.3,10,8.12,10.9,32.7,0,954.1,198,0.7,3,0,0,0,0,0,0,0,313,25,21,97
TAE,2019,9,5,3,11.7,86.2,11.8,9.5,7.79,10.5,31.4,0,954,180,0.9,2.1,0,0,0,0,0,0,0,312,16,21,97
TAE,2019,9,5,4,11.2,88.3,11.7,9.3,7.72,10.1,30.7,0,954.2,207,0.8,1.9,0,0,0,0,0,0,0,303,6,21,97
TAE,2019,9,5,5,10.7,90.4,11.6,9.2,7.65,9.9,30,0,954.7,198,0.5,1.4,0,0,0,0,0,0,0,306,10,21,97
TAE,2019,9,5,6,11.8,88.6,12.3,10,8.11,10.8,32.3,0,955.1,191,0.7,1.5,55,101,41,31,128,23,23,325,48,21,97
TAE,2019,9,5,7,15.1,73,12.5,10.3,8.24,12.3,36,0,955.8,287,1.1,2.4,149,115,118,68,187,89,66,357,75,21,97
TAE,2019,9,5,8,15.3,70.8,12.3,10,8.11,12.3,35.9,0,956.2,270,1.2,3.6,439,813,72,59,784,364,61,339,48,21,97
TAE,2019,9,5,9,15.4,71.2,12.5,10.2,8.24,12.4,36.3,0,956.5,207,0.8,2.1,192,49,165,96,141,121,93,357,94,21,97
TAE,2019,9,5,10,15.1,76.1,13,10.9,8.56,12.6,36.8,0,957.1,302,2.3,5.4,42,0,42,25,25,24,24,361,100,21,97
TAE,2019,9,5,11,13.3,86.9,13.3,11.2,8.76,12.1,35.5,0.3,957.3,320,1.7,4.5,42,0,42,25,25,24,24,361,100,21,97
TAE,2019,9,5,12,12.8,89.5,13.2,11.1,8.69,11.8,34.8,0.1,957.8,346,1.7,5.1,39,0,39,23,23,22,22,361,100,21,97
TAE,2019,9,5,13,13.1,86,12.9,10.8,8.49,11.8,34.6,0,958.1,346,0.5,2.5,50,0,50,30,29,28,29,361,100,21,97
TAE,2019,9,5,14,13.2,80.1,12.1,9.8,7.95,11.3,33.4,0,958.3,198,0.6,1.5,54,0,54,32,32,30,31,360,100,21,97
TAE,2019,9,5,15,13.2,80.6,12.3,9.9,8.09,11.3,33.7,0,958.5,141,0.8,2.2,60,0,60,35,35,33,34,358,100,21,97
TAE,2019,9,5,16,13.5,77,11.9,9.6,7.82,11.3,33.3,0,958.8,164,0.9,2.4,66,0,66,39,39,37,38,357,100,21,97
TAE,2019,9,5,17,13.2,79.6,12.1,9.8,7.94,11.3,33.3,0,959.5,231,0.7,2.8,13,0,13,8,8,7,8,356,100,21,97
TAE,2019,9,5,18,13,80.7,12.1,9.8,7.94,11.2,33.1,0,959.6,213,1.8,5.1,2,0,2,1,1,1,1,355,100,21,97
TAE,2019,9,5,19,12.7,82.6,12.1,9.8,7.94,11.1,32.8,0,960.3,117,0.6,3.2,0,0,0,0,0,0,0,354,100,21,97
TAE,2019,9,5,20,12.6,80.1,11.7,9.3,7.67,10.8,32,0,960.5,198,0.9,3.4,0,0,0,0,0,0,0,353,100,21,97
TAE,2019,9,5,21,11.9,88.9,12.3,10.1,8.07,10.9,32.3,0,960.5,360,0.4,1,0,0,0,0,0,0,0,352,100,21,97
TAE,2019,9,5,22,11.4,92.6,12.4,10.2,8.13,10.7,32,0,960.6,135,0.2,0.8,0,0,0,0,0,0,0,351,100,21,97
TAE,2019,9,5,23,11.3,93.2,12.5,10.2,8.2,10.7,32,0,960.7,297,0.4,1.3,0,0,0,0,0,0,0,350,100,21,97
TAE,2019,9,6,0,11.1,93.5,12.4,10.1,8.14,10.5,31.7,0,960.1,207,0.3,0.8,0,0,0,0,0,0,0,349,100,21,97
TAE,2019,9,6,1,11.2,93.2,12.4,10.1,8.14,10.6,31.8,0,959.9,108,0.4,1.5,0,0,0,0,0,0,0,349,100,21,97
TAE,2019,9,6,2,11.1,94.6,12.5,10.3,8.21,10.6,31.9,0.4,959.6,153,0.2,0.6,0,0,0,0,0,0,0,349,100,21,97
TAE,2019,9,6,3,11.1,95.9,12.7,10.5,8.35,10.8,32.2,0.5,959.2,45,0.6,1.7,0,0,0,0,0,0,0,349,100,21,97
TAE,2019,9,6,4,11.1,94.5,12.5,10.3,8.21,10.6,31.9,0.2,959.1,56,0.5,1.2,0,0,0,0,0,0,0,345,94,21,97
TAE,2019,9,6,5,11.1,94.3,12.5,10.2,8.21,10.6,31.9,0.1,959.2,59,0.6,1.6,0,0,0,0,0,0,0,349,100,21,97
TAE,2019,9,6,6,11.3,93.2,12.4,10.2,8.14,10.7,31.9,0,959.4,66,1,3.1,6,0,6,4,4,3,4,349,100,21,97
TAE,2019,9,6,7,11.5,92.3,12.5,10.3,8.21,10.8,32.3,0,959.2,61,1,2.6,55,0,55,32,32,31,31,349,100,21,97
TAE,2019,9,6,8,11.8,89.6,12.4,10.1,8.15,10.8,32.4,0,959.2,49,1.9,4.5,110,0,110,65,65,62,63,351,100,21,97
TAE,2019,9,6,9,12,87.9,12.4,10.1,8.14,10.9,32.6,0,959.4,20,2.1,5.2,58,0,58,35,34,33,33,353,100,21,97
TAE,2019,9,6,10,12.4,84.6,12.2,9.9,8.01,11,32.7,0,959.3,13,2.3,4.4,185,2,183,109,109,104,105,354,100,21,97
TAE,2019,9,6,11,13.7,76.6,12,9.7,7.88,11.4,33.7,0,958.8,45,2.3,4.9,290,8,284,169,170,166,163,356,100,21,97
TAE,2019,9,6,12,14.1,73.6,11.9,9.5,7.82,11.5,33.9,0,958.8,55,2,4.7,218,0,217,129,128,122,124,358,100,21,97
TAE,2019,9,6,13,14.3,72.4,11.8,9.4,7.75,11.5,34,0,958.4,53,1.7,4.1,133,0,133,79,78,75,76,359,100,21,97
TAE,2019,9,6,14,14.3,72,11.7,9.3,7.69,11.5,33.8,0,958.1,60,0.9,2.9,87,0,87,52,51,49,50,358,100,21,97
TAE,2019,9,6,15,14.2,73.3,11.9,9.5,7.82,11.5,34,0,958,171,0.6,1.4,35,0,35,21,21,20,20,358,100,21,97
TAE,2019,9,6,16,14.1,78.2,12.6,10.4,8.29,12,35.1,0,958,203,0.8,1.9,20,0,20,12,12,11,11,358,100,21,97
TAE,2019,9,6,17,13.5,85,13.1,11,8.62,12.1,35.3,0,958.3,252,0.7,2.3,15,0,15,9,9,8,9,358,100,21,97
TAE,2019,9,6,18,12.5,88.9,12.9,10.7,8.49,11.5,34,0.4,958.5,276,0.9,3.1,2,0,2,1,1,1,1,358,100,21,97
TAE,2019,9,6,19,12.2,92.2,13.1,11,8.62,11.5,34,0.1,958.7,243,1,2.8,0,0,0,0,0,0,0,358,100,21,97
TAE,2019,9,6,20,12.1,91.4,12.9,10.7,8.48,11.3,33.6,0.1,958.9,234,0.9,2.9,0,0,0,0,0,0,0,357,100,21,97
TAE,2019,9,6,21,12,94.1,13.2,11.1,8.68,11.5,34,0.3,958.7,231,0.7,1.8,0,0,0,0,0,0,0,357,100,21,97
TAE,2019,9,6,22,11.9,93.3,13,10.9,8.55,11.3,33.5,0,958.4,202,0.6,1.5,0,0,0,0,0,0,0,356,100,21,97
TAE,2019,9,6,23,12,92.9,13,10.9,8.55,11.4,33.6,0,958.3,243,0.5,1.5,0,0,0,0,0,0,0,356,100,21,97
TAE,2019,9,7,0,11.9,94.3,13.1,11,8.62,11.4,33.7,0,958,162,0.6,1.2,0,0,0,0,0,0,0,355,100,21,97
TAE,2019,9,7,1,12,92.5,13,10.8,8.56,11.3,33.7,0,957.6,225,0.9,2.5,0,0,0,0,0,0,0,355,100,22,97
TAE,2019,9,7,2,12,91.7,12.9,10.7,8.49,11.3,33.5,0.2,957.5,239,0.8,2.6,0,0,0,0,0,0,0,355,100,22,97
TAE,2019,9,7,3,12,90.5,12.7,10.5,8.36,11.1,33.2,0,957.2,207,0.7,1.5,0,0,0,0,0,0,0,354,100,22,97
TAE,2019,9,7,4,12,89.4,12.6,10.3,8.3,11,33,0,957.2,247,0.8,2.2,0,0,0,0,0,0,0,354,100,22,97
TAE,2019,9,7,5,12.1,87.9,12.4,10.2,8.16,11,32.8,0,957.2,240,0.9,2,0,0,0,0,0,0,0,354,100,22,97
TAE,2019,9,7,6,11.9,90.6,12.6,10.4,8.3,11,32.9,0.3,957.3,225,0.6,1.9,12,0,12,7,7,7,7,353,100,22,97
TAE,2019,9,7,7,12.2,91.2,12.9,10.8,8.5,11.4,33.7,0,957.4,236,0.6,1.6,111,30,104,62,92,64,60,354,100,22,97
TAE,2019,9,7,8,13.2,84.6,12.8,10.7,8.43,11.8,34.5,0,957.6,218,1.3,3.9,180,28,169,100,127,107,97,355,100,22,97
TAE,2019,9,7,9,14,79.4,12.7,10.5,8.36,12,35.2,0,957.7,223,1.9,4.8,243,17,233,139,152,143,134,357,100,22,97
TAE,2019,9,7,10,14.6,77.5,12.8,10.7,8.43,12.3,36,0,957.3,212,1.9,4,367,70,319,187,234,237,181,358,100,22,97
TAE,2019,9,7,11,15.3,71.5,12.4,10.2,8.17,12.4,36,0,957,203,2.3,5.7,491,174,362,205,289,361,200,360,100,22,97
TAE,2019,9,7,12,16.1,66.4,12.2,9.8,8.04,12.5,36.5,0,956.5,210,1.5,3.9,456,113,372,215,224,313,239,361,100,22,97
TAE,2019,9,7,13,15.6,67.5,12,9.6,7.91,12.2,35.7,0,956.2,201,2.1,4.1,58,0,58,35,34,33,33,362,100,22,97
TAE,2019,9,7,14,15.7,61.4,11,8.3,7.24,11.6,34.1,0,955.8,187,2.3,5.2,197,153,105,61,61,159,178,356,90,22,97
TAE,2019,9,7,15,17.1,55.4,10.8,8.1,7.11,12.1,35.2,0,955.4,185,2.2,5.2,480,631,150,90,91,425,632,336,54,22,97
TAE,2019,9,7,16,16.6,59.3,11.2,8.6,7.38,12.1,35.4,0,955.5,174,2.7,5.4,327,559,103,66,66,264,594,332,56,22,97
TAE,2019,9,7,17,15.4,68.7,12,9.7,7.91,12.1,35.5,0,955.3,173,3.2,6.3,53,5,52,31,31,30,35,357,100,22,97
TAE,2019,9,7,18,13.7,77.5,12.2,9.8,8.04,11.5,34.1,0,955.6,63,1.1,4.4,11,0,11,7,7,7,7,343,71,22,97
TAE,2019,9,7,19,11.7,86.1,11.9,9.5,7.84,10.5,31.5,0,955.9,117,0.3,1,0,0,0,0,0,0,0,346,81,22,97
TAE,2019,9,7,20,10.2,92.1,11.4,9,7.51,9.5,29.2,0,955.9,194,0.5,1.5,0,0,0,0,0,0,0,349,94,22,97
TAE,2019,9,7,21,10.2,92.3,11.5,9,7.58,9.5,29.3,0,955.4,135,0.3,1.2,0,0,0,0,0,0,0,353,100,22,97
TAE,2019,9,7,22,11.1,86.2,11.3,8.9,7.44,9.9,29.9,0,955.6,256,1,4.5,0,0,0,0,0,0,0,351,100,22,97
TAE,2019,9,7,23,12.3,79.1,11.3,8.8,7.44,10.4,31.1,0.1,955.4,281,1.5,4.8,0,0,0,0,0,0,0,350,100,22,97
TAE,2019,9,8,0,11.2,89.1,11.8,9.5,7.78,10.3,30.9,0.2,955.1,247,0.9,2.6,0,0,0,0,0,0,0,349,100,22,97
TAE,2019,9,8,1,10.9,91.4,11.9,9.6,7.85,10.2,30.7,0,955,233,1.1,2.4,0,0,0,0,0,0,0,348,100,22,97
TAE,2019,9,8,2,11.2,89.5,11.9,9.5,7.85,10.3,31,0,954.7,256,0.9,3.1,0,0,0,0,0,0,0,347,100,22,97
TAE,2019,9,8,3,11.4,89.4,12,9.7,7.92,10.5,31.4,0,954.3,279,0.7,1.8,0,0,0,0,0,0,0,347,100,22,97
TAE,2019,9,8,4,11.1,91.2,12.1,9.7,7.99,10.3,31.3,0.3,954.1,247,0.7,1.9,0,0,0,0,0,0,0,346,100,22,97
TAE,2019,9,8,5,10.6,92.9,11.9,9.5,7.85,10,30.4,2.4,954.3,240,0.9,2.3,0,0,0,0,0,0,0,346,100,22,97
TAE,2019,9,8,6,10,91,11.2,8.6,7.39,9.2,28.7,2.2,954.3,203,1.6,4.7,7,0,7,4,4,4,4,345,100,22,97
TAE,2019,9,8,7,9.9,89.4,10.9,8.2,7.19,9,28,0.9,954.3,192,3.4,7,24,0,24,15,14,14,14,345,100,22,97
TAE,2019,9,8,8,9.8,87.6,10.6,7.8,6.99,8.7,27.4,1,954.2,187,2.6,6.1,62,0,62,37,36,35,36,346,100,22,97
TAE,2019,9,8,9,9.7,88.5,10.7,7.9,7.05,8.7,27.5,1.4,954.4,195,2.8,6.6,74,0,74,44,43,42,42,346,100,22,97
TAE,2019,9,8,10,10,90.3,11.1,8.5,7.32,9.2,28.5,1.8,954.5,214,1.9,6.1,114,0,114,68,67,64,66,347,100,22,97
TAE,2019,9,8,11,10.7,89.7,11.5,9.1,7.59,9.8,29.9,1.4,954,232,1.2,3.4,116,0,116,69,68,65,67,347,100,22,97
TAE,2019,9,8,12,11.1,87.4,11.6,9.1,7.66,10,30.5,0.4,953.7,252,1.6,3.6,151,0,151,91,90,86,87,348,100,22,97
TAE,2019,9,8,13,10.9,86.4,11.3,8.7,7.46,9.7,29.8,1.5,953.8,249,1.5,3.9,133,0,133,80,79,75,77,348,100,22,97
TAE,2019,9,8,14,10.8,87.2,11.3,8.8,7.46,9.7,29.7,1.4,953.7,247,1.5,3.2,115,0,115,69,68,65,67,348,100,22,97
TAE,2019,9,8,15,11.2,87,11.5,9.1,7.59,10,30.4,0.2,953.6,274,1.4,3.1,147,2,146,87,86,83,86,348,100,22,97
TAE,2019,9,8,16,11,86.3,11.3,8.8,7.46,9.8,29.9,0.1,953.7,253,1.4,3.4,38,0,38,23,22,21,22,347,100,22,97
TAE,2019,9,8,17,10.5,89.1,11.3,8.8,7.46,9.6,29.3,0.6,953.9,222,1.4,3.5,12,0,12,7,7,7,7,347,100,22,97
TAE,2019,9,8,18,10.2,90.3,11.2,8.7,7.39,9.4,28.9,0.7,954.1,216,1.4,4.1,3,0,3,2,2,2,2,347,100,22,97
TAE,2019,9,8,19,10.2,91,11.3,8.8,7.45,9.4,29,0.9,954.4,240,0.9,2.5,0,0,0,0,0,0,0,346,100,22,97
TAE,2019,9,8,20,10.2,91.3,11.3,8.8,7.45,9.4,29,0.7,954.6,236,0.8,2.3,0,0,0,0,0,0,0,346,100,22,97
TAE,2019,9,8,21,10.1,91.6,11.3,8.8,7.45,9.4,28.9,1,954.5,256,1,3.4,0,0,0,0,0,0,0,345,100,22,97
TAE,2019,9,8,22,9.9,91.6,11.2,8.6,7.39,9.2,28.5,1.8,954.5,243,1.5,5,0,0,0,0,0,0,0,345,100,22,97
TAE,2019,9,8,23,9.9,91.3,11.1,8.5,7.32,9.1,28.4,0.6,954.2,249,2,5.9,0,0,0,0,0,0,0,344,100,22,97
TAE,2019,9,9,0,9.7,90.7,10.9,8.3,7.19,8.9,27.8,0.3,954.2,254,2.5,6.7,0,0,0,0,0,0,0,343,100,22,97
TAE,2019,9,9,1,9.7,89.5,10.7,8.1,7.05,8.8,27.5,0,954.1,254,2.7,6.2,0,0,0,0,0,0,0,343,100,22,97
TAE,2019,9,9,2,9.7,89.3,10.7,8,7.05,8.8,27.5,0.3,954.2,247,2.9,7.5,0,0,0,0,0,0,0,343,100,22,97
TAE,2019,9,9,3,9.7,89,10.7,8,7.05,8.8,27.5,0.1,954.2,246,2.8,8.2,0,0,0,0,0,0,0,343,100,22,97
TAE,2019,9,9,4,9.7,88.2,10.6,7.8,6.99,8.7,27.3,0,954.3,247,2.7,7.8,0,0,0,0,0,0,0,343,100,22,97
TAE,2019,9,9,5,9.7,87.6,10.5,7.7,6.92,8.6,27.2,0,954.3,251,2.8,7.9,0,0,0,0,0,0,0,342,100,22,97
TAE,2019,9,9,6,9.8,86.9,10.5,7.7,6.92,8.7,27.3,0,954.5,243,2.3,7.2,25,3,25,15,18,14,14,342,100,22,97
TAE,2019,9,9,7,10.1,84.1,10.4,7.5,6.85,8.7,27.4,0,954.4,238,2.6,8.1,145,97,114,67,166,95,65,343,100,22,97
TAE,2019,9,9,8,10.8,80.8,10.5,7.6,6.92,9.1,28.3,0,954.3,223,2.7,6.5,393,637,116,76,662,342,76,318,55,22,97
TAE,2019,9,9,9,12.2,74.7,10.6,7.8,6.98,9.8,29.9,0,954.8,226,3.1,7.1,473,445,222,125,502,410,124,338,64,22,97
TAE,2019,9,9,10,12.3,73.9,10.6,7.8,6.99,9.9,30,0,954.4,270,2.6,6.8,427,227,276,158,314,338,154,335,81,22,97
TAE,2019,9,9,11,14,63.6,10.1,7.2,6.66,10.3,30.9,0,953.9,242,2.5,5.7,640,490,284,157,369,588,156,332,68,22,97
TAE,2019,9,9,12,14.1,61.6,9.9,6.8,6.52,10.2,30.7,0,953.7,262,2.2,5.3,493,168,368,212,220,364,255,354,88,22,97
TAE,2019,9,9,13,14.9,52.2,8.8,5.2,5.8,9.8,29.6,0,953,243,1.3,3.4,666,620,227,132,132,638,435,334,68,22,97
TAE,2019,9,9,14,15.4,50.4,8.8,5.2,5.8,10,30.2,0,952.6,238,1.8,5,468,288,284,161,160,380,372,343,71,22,97
TAE,2019,9,9,15,14.9,55.8,9.4,6.2,6.2,10.3,30.7,0,952.2,193,0.9,2.3,531,823,105,78,79,502,758,329,55,22,97
TAE,2019,9,9,16,14.2,67.6,10.9,8.3,7.2,10.9,32.5,0,952.1,180,0.6,1,334,538,128,74,74,278,601,336,65,22,97
TAE,2019,9,9,17,14.2,64.1,10.3,7.5,6.8,10.6,31.5,0,952.3,135,0.7,1.7,165,449,68,40,40,108,500,321,50,22,97
TAE,2019,9,9,18,11,86,11.3,8.8,7.47,9.8,29.9,0,952.4,169,0.6,1.8,13,0,13,9,9,8,8,327,78,22,97
TAE,2019,9,9,19,9.4,91.7,10.8,8.1,7.13,8.7,27.4,0,952.7,191,0.5,1.1,0,0,0,0,0,0,0,348,100,22,97
TAE,2019,9,9,20,10,90.3,11.1,8.5,7.33,9.2,28.5,0,952.9,153,0.2,0.9,0,0,0,0,0,0,0,347,100,22,97
TAE,2019,9,9,21,10.1,90.5,11.2,8.6,7.4,9.3,28.8,0,952.7,90,0.2,0.9,0,0,0,0,0,0,0,345,100,22,97
TAE,2019,9,9,22,9.4,93.1,10.9,8.3,7.2,8.8,27.6,0,952.6,45,0.1,1,0,0,0,0,0,0,0,344,100,22,97
TAE,2019,9,9,23,9.3,93.5,10.9,8.3,7.2,8.8,27.5,0,952.7,90,0.1,0.5,0,0,0,0,0,0,0,343,100,22,97
TAE,2019,9,10,0,9.2,92.4,10.8,8,7.13,8.6,27.2,0,952.6,198,0.3,1.1,0,0,0,0,0,0,0,342,100,22,97
TAE,2019,9,10,1,8.9,93.9,10.7,8,7.06,8.4,26.7,0,952.9,180,0.2,0.5,0,0,0,0,0,0,0,341,100,22,97
TAE,2019,9,10,2,8.6,93.4,10.4,7.6,6.86,8.1,25.9,0,952.7,225,0.5,0.9,0,0,0,0,0,0,0,341,100,22,97
TAE,2019,9,10,3,8.3,93.9,10.3,7.4,6.8,7.8,25.4,0,952.4,162,0.4,1.5,0,0,0,0,0,0,0,326,78,22,97
TAE,2019,9,10,4,7.7,93.6,9.8,6.7,6.47,7.2,24,0,952.6,207,0.5,1.1,0,0,0,0,0,0,0,341,100,22,97
TAE,2019,9,10,5,8.1,94,10.2,7.2,6.73,7.6,25.1,0,952.7,146,0.5,1.6,0,0,0,0,0,0,0,341,100,22,97
TAE,2019,9,10,6,8.8,91.2,10.3,7.4,6.8,8.1,25.9,0,953,146,0.6,1.6,26,11,25,16,26,14,15,341,100,22,97
TAE,2019,9,10,7,10.4,90.8,11.4,9,7.53,9.6,29.4,0,953.3,124,1.2,3.6,166,161,118,68,235,113,66,334,94,22,97
TAE,2019,9,10,8,11.6,87.5,12,9.6,7.93,10.5,31.7,0,953.5,55,1.4,3.6,381,589,123,77,618,336,77,327,78,22,97
TAE,2019,9,10,9,13.4,83.5,12.8,10.7,8.46,11.8,34.8,0,953.5,39,2,3.8,566,844,88,79,697,553,81,307,34,22,97
TAE,2019,9,10,10,15,73.5,12.5,10.3,8.26,12.3,36,0,953.7,39,2,4.5,693,923,80,89,564,702,93,310,25,22,97
TAE,2019,9,10,11,16.4,67.3,12.5,10.3,8.26,12.9,37.4,0,953.6,34,2,4,759,932,86,97,356,780,101,317,29,22,97
TAE,2019,9,10,12,17.8,58.1,11.8,9.5,7.79,13,37.6,0,954,39,2,5.2,735,788,156,113,146,743,243,342,61,22,97
TAE,2019,9,10,13,18.6,52.5,11.2,8.7,7.39,12.9,37.4,0,954.1,45,2.2,5.3,727,896,97,96,97,743,448,339,33,22,97
TAE,2019,9,10,14,18.9,52,11.4,8.8,7.52,13.1,38.1,0,953.8,27,2,4.8,627,824,110,89,90,624,612,341,36,22,97
TAE,2019,9,10,15,19.3,49.3,11,8.4,7.26,13.1,37.8,0,954,51,1.6,4.5,496,779,96,74,75,473,714,327,25,22,97
TAE,2019,9,10,16,19.3,50.9,11.4,8.9,7.52,13.3,38.5,0,954.2,45,1.6,3.3,342,741,68,52,53,298,750,312,6,22,97
TAE,2019,9,10,17,18.4,55,11.6,9.2,7.65,13.1,37.9,0,954.6,52,1.2,2.9,166,550,50,32,32,111,588,328,33,22,97
TAE,2019,9,10,18,14.4,79.9,13,11,8.58,12.4,36.2,0,955.2,180,0.4,1,10,0,10,7,7,7,7,330,43,22,97
TAE,2019,9,10,19,11.9,89.3,12.4,10.2,8.17,10.9,32.6,0,956.2,198,0.6,1.2,0,0,0,0,0,0,0,331,26,22,97
TAE,2019,9,10,20,11.4,89.5,12,9.7,7.9,10.5,31.4,0,956.8,198,0.7,1.4,0,0,0,0,0,0,0,353,68,22,97
TAE,2019,9,10,21,10.7,91.2,11.7,9.3,7.7,9.9,30.2,0,957.1,180,0.3,1.3,0,0,0,0,0,0,0,355,94,22,97
TAE,2019,9,10,22,10.4,92.2,11.6,9.2,7.63,9.7,29.7,0,957,180,0.4,1.2,0,0,0,0,0,0,0,357,100,22,97
TAE,2019,9,10,23,10,93.1,11.4,8.9,7.5,9.4,28.9,0,957.1,90,0.5,1.4,0,0,0,0,0,0,0,347,88,22,97
TAE,2019,9,11,0,9.7,94.2,11.4,8.8,7.5,9.2,28.6,0,957.4,202,0.7,1.4,0,0,0,0,0,0,0,340,81,22,97
TAE,2019,9,11,1,9.2,95.3,11.1,8.5,7.29,8.8,27.6,0,957.9,180,0.6,1.4,0,0,0,0,0,0,0,347,88,24,97
TAE,2019,9,11,2,8.7,96,10.8,8.1,7.09,8.4,26.6,0,958,169,0.5,1.2,0,0,0,0,0,0,0,333,61,24,97
TAE,2019,9,11,3,8.4,96.4,10.7,7.9,7.02,8.1,26.1,0,958.1,162,0.3,1.1,0,0,0,0,0,0,0,314,31,24,97
TAE,2019,9,11,4,7.8,96.8,10.2,7.3,6.69,7.5,24.7,0,958.8,207,0.3,1,0,0,0,0,0,0,0,304,6,24,97
TAE,2019,9,11,5,7.7,96.1,10.1,7.1,6.62,7.4,24.4,0,959.3,180,0.6,1.3,0,0,0,0,0,0,0,298,0,24,97
TAE,2019,9,11,6,8,96.6,10.4,7.5,6.81,7.7,25.2,0,960.1,162,0.4,0.8,62,256,29,21,280,32,17,289,0,24,97
TAE,2019,9,11,7,10.6,93.2,11.9,9.5,7.8,10,30.3,0,960.6,135,0.1,0.7,238,655,58,42,691,190,43,281,0,24,97
TAE,2019,9,11,8,13.1,85.5,12.9,10.7,8.47,11.7,34.5,0,960.6,27,0.4,1.3,403,739,87,66,733,375,67,284,0,24,97
TAE,2019,9,11,9,15.6,80.3,14.2,12.2,9.33,13.6,39.3,0,961,4,1.4,3.5,549,781,110,86,673,543,88,287,0,24,97
TAE,2019,9,11,10,17,74.2,14.4,12.4,9.46,14.2,41.1,0,961.1,341,2.2,3.9,700,927,87,95,578,722,99,290,0,24,97
TAE,2019,9,11,11,17.8,70.3,14.3,12.3,9.39,14.5,41.7,0,961.3,342,2.1,4.2,778,931,110,107,383,813,111,323,19,24,97
TAE,2019,9,11,12,18.7,66.2,14.3,12.3,9.39,14.8,42.6,0,961.3,17,1.5,4.8,735,743,192,130,164,743,270,341,29,24,97
TAE,2019,9,11,13,19.5,59.3,13.4,11.4,8.79,14.6,41.9,0,961.3,346,1.1,4,621,561,227,144,144,591,396,345,33,24,97
TAE,2019,9,11,14,20.6,53.3,13,10.8,8.53,14.7,42.4,0,961.2,263,1.4,4.3,547,528,219,128,128,514,507,343,33,24,97
TAE,2019,9,11,15,20.5,49.3,11.9,9.5,7.79,14,40.4,0,961.6,261,2,5.1,446,575,149,99,99,411,575,351,60,24,97
TAE,2019,9,11,16,19.5,54.7,12.4,10.1,8.12,14,40.2,0,962.4,256,2.1,4.8,222,226,130,79,78,173,294,369,94,24,97
TAE,2019,9,11,17,18.1,57.6,11.9,9.6,7.78,13.2,37.9,0,963,238,1.3,3.1,62,17,59,36,35,36,52,372,100,24,97
TAE,2019,9,11,18,17.2,59,11.6,9.1,7.58,12.6,36.5,0,963.8,276,1,3.1,7,0,7,4,4,4,4,371,100,24,97
TAE,2019,9,11,19,16.6,60.9,11.5,9,7.5,12.3,35.7,0,964.7,264,1.1,2.2,0,0,0,0,0,0,0,370,100,24,97
TAE,2019,9,11,20,15.4,71.9,12.6,10.4,8.23,12.5,36.3,0,964.9,214,0.8,1.5,0,0,0,0,0,0,0,368,100,24,97
TAE,2019,9,11,21,14.9,75.7,12.8,10.7,8.36,12.5,36.1,0,965.2,243,0.8,1.7,0,0,0,0,0,0,0,366,100,24,97
TAE,2019,9,11,22,14.7,77.2,12.9,10.8,8.42,12.4,36.1,0,965.4,211,0.7,1.6,0,0,0,0,0,0,0,365,100,24,97
TAE,2019,9,11,23,13.9,83.1,13.1,11.1,8.56,12.3,35.6,0,965.5,149,0.7,1.3,0,0,0,0,0,0,0,343,68,24,97
TAE,2019,9,12,0,12.8,86.7,12.8,10.6,8.35,11.5,34,0,965.9,210,0.9,1.4,0,0,0,0,0,0,0,332,45,24,97
TAE,2019,9,12,1,11.9,88.6,12.3,10.1,8.02,10.9,32.2,0,966.2,186,1,1.8,0,0,0,0,0,0,0,327,46,22,97
TAE,2019,9,12,2,12.6,87.2,12.7,10.5,8.28,11.4,33.6,0,966.6,180,0.7,2,0,0,0,0,0,0,0,359,100,22,97
TAE,2019,9,12,3,13,86.7,12.9,10.8,8.42,11.7,34.3,0,966.4,146,0.5,1.2,0,0,0,0,0,0,0,348,78,22,97
TAE,2019,9,12,4,12.2,89.2,12.7,10.5,8.28,11.2,33.2,0,966.7,180,0.6,1.3,0,0,0,0,0,0,0,327,48,22,97
TAE,2019,9,12,5,10.9,91.3,11.9,9.5,7.75,10.1,30.5,0,967.1,180,0.3,1,0,0,0,0,0,0,0,323,46,22,97
TAE,2019,9,12,6,10.7,91.6,11.8,9.4,7.68,10,30.1,0,967.3,191,0.6,1.2,60,241,29,19,264,32,17,311,29,22,97
TAE,2019,9,12,7,13.4,82.9,12.7,10.6,8.27,11.8,34.4,0,967.7,153,0.3,1,231,612,69,44,655,186,44,307,35,22,97
TAE,2019,9,12,8,15.7,74.5,13.3,11.2,8.66,13.1,37.7,0,968.2,360,0.4,1.3,410,750,91,65,744,385,66,319,43,22,97
TAE,2019,9,12,9,18,67.1,13.9,11.8,9.06,14.3,41.1,0,968.4,39,0.9,2.3,560,869,75,75,703,564,78,306,19,22,97
TAE,2019,9,12,10,19.5,56.2,12.7,10.6,8.26,14.2,40.6,0,968.7,6,1.3,2.6,679,905,84,89,555,703,92,318,25,22,97
TAE,2019,9,12,11,19.9,55.3,12.9,10.7,8.39,14.4,41.3,0,968.7,21,1.8,4.5,727,856,116,101,354,757,104,328,29,22,97
TAE,2019,9,12,12,21,52.3,13,10.9,8.46,14.9,42.6,0,968.4,56,1.2,3.1,754,906,96,99,125,792,219,319,19,22,97
TAE,2019,9,12,13,21.9,49.1,12.9,10.7,8.4,15.2,43.4,0,968.1,76,1.2,3.9,719,916,84,93,94,752,445,307,0,22,97
TAE,2019,9,12,14,22.3,46.1,12.4,10.2,8.07,15.1,42.9,0,967.9,349,0.9,3.3,620,849,95,86,87,634,616,321,0,22,97
TAE,2019,9,12,15,22.8,42.1,11.7,9.3,7.61,14.8,42.3,0,967.5,326,1.4,3.5,483,776,94,72,73,474,709,312,0,22,97
TAE,2019,9,12,16,22.5,45.6,12.4,10.2,8.08,15.1,43.2,0,967.4,318,1.4,2.7,327,721,68,51,52,297,732,309,0,22,97
TAE,2019,9,12,17,20.8,59.4,14.5,12.6,9.46,15.7,44.9,0,967.7,233,0.7,1.8,154,528,48,31,31,110,565,309,0,22,97
TAE,2019,9,12,18,17.1,77.2,15.1,13.1,9.86,14.7,42.2,0,968.1,228,1.3,2.7,9,0,9,6,6,6,6,310,0,22,97
TAE,2019,9,12,19,14.3,86.8,14.1,12.1,9.19,13,37.6,0,968.5,217,1,2.4,0,0,0,0,0,0,0,310,0,22,97
TAE,2019,9,12,20,13.9,85.7,13.6,11.5,8.86,12.5,36.4,0,968.6,195,1.3,2.4,0,0,0,0,0,0,0,307,0,22,97
TAE,2019,9,12,21,13.5,86,13.3,11.2,8.66,12.2,35.4,0,968.8,153,0.7,1.8,0,0,0,0,0,0,0,305,0,22,97
TAE,2019,9,12,22,12.5,88,12.8,10.6,8.33,11.4,33.6,0,968.9,150,0.8,1.6,0,0,0,0,0,0,0,302,0,22,97
TAE,2019,9,12,23,11.7,90.6,12.5,10.2,8.13,10.9,32.3,0,968.7,159,0.9,1.8,0,0,0,0,0,0,0,300,0,22,97
TAE,2019,9,13,0,11.1,91.5,12.1,9.8,7.87,10.4,31,0,968.6,153,0.5,1.7,0,0,0,0,0,0,0,298,0,22,97
TAE,2019,9,13,1,10.7,92.1,11.9,9.5,7.74,10,30.3,0,968.6,166,0.4,0.8,0,0,0,0,0,0,0,296,0,21,97
TAE,2019,9,13,2,10,93.7,11.5,9,7.47,9.5,28.9,0,968.5,153,0.6,1.5,0,0,0,0,0,0,0,295,0,21,97
TAE,2019,9,13,3,9.9,93.8,11.4,8.9,7.41,9.4,28.6,0,968.6,158,0.6,1.2,0,0,0,0,0,0,0,294,0,21,97
TAE,2019,9,13,4,9.5,94.7,11.2,8.7,7.28,9.1,27.9,0,968.7,153,0.5,1,0,0,0,0,0,0,0,293,0,21,97
TAE,2019,9,13,5,9.5,94.7,11.2,8.7,7.27,9.1,27.9,0,969.1,135,0.4,0.9,0,0,0,0,0,0,0,292,0,21,97
TAE,2019,9,13,6,9.7,94.5,11.4,8.9,7.4,9.3,28.4,0,969,135,0.4,0.8,58,249,27,18,270,31,16,291,0,21,97
TAE,2019,9,13,7,12.8,88.1,13,10.9,8.46,11.7,34.2,0,968.9,135,0.1,0.6,232,644,59,39,677,193,39,292,0,21,97
TAE,2019,9,13,8,16,75.3,13.6,11.6,8.85,13.4,38.5,0,969.2,9,0.7,2,400,771,75,57,745,381,58,296,0,21,97
TAE,2019,9,13,9,17.9,68.3,14,12,9.12,14.3,41.1,0,969.3,11,1.1,2.4,545,815,94,75,677,549,77,301,0,21,97
TAE,2019,9,13,10,19.8,62.5,14.4,12.4,9.38,15.3,43.7,0,968.9,45,1.1,2.5,671,908,79,83,546,699,86,309,6,21,97
TAE,2019,9,13,11,21.2,58.9,14.8,12.8,9.65,16,45.8,0,968.4,38,1.4,3.1,735,908,91,92,342,773,95,328,25,21,97
TAE,2019,9,13,12,22.5,54.5,14.8,12.9,9.66,16.5,47.2,0,968.2,36,1.2,2.8,740,873,110,96,125,778,217,335,29,21,97
TAE,2019,9,13,13,23.3,51.4,14.7,12.7,9.59,16.7,47.8,0,967.8,67,1.4,3.3,715,921,81,88,89,752,440,321,13,21,97
TAE,2019,9,13,14,23.9,50.3,14.9,12.9,9.73,17,48.8,0,967.6,55,1.7,4,614,850,93,81,82,631,612,317,13,21,97
TAE,2019,9,13,15,23.9,54,16.1,14,10.53,17.6,50.8,0,967.3,40,1.7,4.2,478,783,89,68,68,473,707,318,0,21,97
TAE,2019,9,13,16,23.9,51.4,15.2,13.3,9.93,17.2,49.3,0,967,85,1.3,3.4,317,692,73,50,50,290,707,319,0,21,97
TAE,2019,9,13,17,21.9,59.9,15.7,13.8,10.26,16.8,48.1,0,967.1,150,0.9,2.1,148,517,48,29,29,107,553,320,0,21,97
TAE,2019,9,13,18,18,79.5,16.3,14.4,10.66,15.7,45.1,0,967.3,198,0.7,2.1,5,0,5,4,4,4,4,321,0,21,97
TAE,2019,9,13,19,15.6,87.6,15.5,13.6,10.13,14.4,41.3,0,967.6,198,0.7,1.7,0,0,0,0,0,0,0,321,0,21,97
TAE,2019,9,13,20,14.5,88,14.5,12.5,9.46,13.3,38.5,0,967.8,180,0.4,1.3,0,0,0,0,0,0,0,320,0,21,97
TAE,2019,9,13,21,14.5,87.1,14.3,12.4,9.33,13.2,38.2,0,967.9,146,0.8,3,0,0,0,0,0,0,0,320,0,21,97
TAE,2019,9,13,22,13.4,89.7,13.8,11.7,9,12.4,36.2,0,968,180,0.3,1.2,0,0,0,0,0,0,0,332,33,21,97
TAE,2019,9,13,23,13.1,90.7,13.7,11.6,8.93,12.2,35.7,0,967.9,135,0.2,1,0,0,0,0,0,0,0,335,23,21,97
TAE,2019,9,14,0,13.4,91.3,14,12,9.13,12.6,36.5,0,967.9,45,0.4,1.2,0,0,0,0,0,0,0,325,13,21,97
TAE,2019,9,14,1,13,92.9,13.9,11.9,9.07,12.4,36,0,967.6,37,0.4,1.5,0,0,0,0,0,0,0,317,0,21,97
TAE,2019,9,14,2,12.4,94.6,13.6,11.6,8.87,11.9,34.9,0,967.1,27,0.7,1.6,0,0,0,0,0,0,0,316,0,21,97
TAE,2019,9,14,3,11.6,96,13.1,11,8.54,11.3,33.2,0,966.7,45,0.1,0.7,0,0,0,0,0,0,0,316,0,21,97
TAE,2019,9,14,4,11.2,96.1,12.8,10.6,8.35,10.9,32.3,0,966.6,45,0.3,1.3,0,0,0,0,0,0,0,315,0,21,97
TAE,2019,9,14,5,11.2,95.4,12.7,10.5,8.28,10.8,32.1,0,966.7,135,0.2,0.8,0,0,0,0,0,0,0,314,0,21,97
TAE,2019,9,14,6,12.3,95,13.6,11.5,8.87,11.8,34.7,0,967.2,31,0.5,1.2,14,0,14,9,8,8,8,316,6,21,97
TAE,2019,9,14,7,15,91.8,15.7,13.7,10.26,14.2,41,0,967.4,84,1.1,4.8,79,4,78,46,50,45,45,356,81,21,97
TAE,2019,9,14,8,15.1,93.1,15.9,14,10.39,14.4,41.5,0,967.6,135,1.1,2.7,172,21,164,97,116,102,94,372,100,21,97
TAE,2019,9,14,9,15.6,90.1,16,14,10.46,14.6,42.1,0,967.6,151,1.3,2.6,339,184,232,133,279,261,130,367,88,21,97
TAE,2019,9,14,10,16.9,83.8,16.1,14.1,10.53,15.2,43.7,0,967.2,68,0.9,2.4,628,765,131,94,507,648,96,351,40,21,97
TAE,2019,9,14,11,19.3,76.2,17,15,11.14,16.6,47.7,0,966.4,54,1.2,3.2,716,874,100,92,336,760,96,338,33,21,97
TAE,2019,9,14,12,21,69.7,17.3,15.3,11.35,17.3,49.9,0,965.7,63,1.3,4.4,731,875,104,95,121,777,216,345,40,21,97
TAE,2019,9,14,13,22.5,66,18,15.8,11.82,18.1,52.7,0,965.4,59,2.1,4.5,664,757,146,101,102,688,423,361,53,21,97
TAE,2019,9,14,14,23,64.5,18,15.9,11.82,18.3,53.2,0,965,71,2,5,537,567,189,110,110,522,497,374,74,21,97
TAE,2019,9,14,15,23.2,63.1,18,15.8,11.83,18.4,53.4,0,964.7,79,1.8,4.7,373,346,200,111,111,321,417,386,88,21,97
TAE,2019,9,14,16,23.3,61.3,17.6,15.4,11.56,18.2,52.8,0,964.6,73,1.8,5.5,256,356,134,75,74,212,429,377,81,21,97
TAE,2019,9,14,17,22.1,69,18.3,16.1,12.03,18.2,52.8,0,964.8,72,1.4,3.5,119,272,66,37,37,85,317,373,71,21,97
TAE,2019,9,14,18,18.8,83.1,18,15.9,11.82,16.9,48.9,0,964.9,135,0.5,1.4,6,0,6,3,3,3,3,372,74,21,97
TAE,2019,9,14,19,16.2,91.8,16.9,14.9,11.09,15.4,44.4,0,964.7,191,0.6,1.3,0,0,0,0,0,0,0,388,100,21,97
TAE,2019,9,14,20,15.5,92.8,16.3,14.3,10.69,14.8,42.6,0,964.8,180,0.3,1.3,0,0,0,0,0,0,0,384,100,21,97
TAE,2019,9,14,21,15.2,93.1,16.1,14.1,10.56,14.5,42,0,964.8,188,0.8,1.7,0,0,0,0,0,0,0,381,100,21,97
TAE,2019,9,14,22,14,95,15.2,13.2,9.96,13.5,39.2,0,964.5,180,0.2,0.9,0,0,0,0,0,0,0,347,60,21,97
TAE,2019,9,14,23,13.5,95.6,14.7,12.8,9.63,13.1,37.9,0,964.1,180,0.4,1.1,0,0,0,0,0,0,0,318,6,21,97
TAE,2019,9,15,0,13,96.1,14.3,12.4,9.37,12.6,36.7,0,963.8,166,0.4,0.9,0,0,0,0,0,0,0,311,0,21,97
TAE,2019,9,15,1,12.9,96.3,14.3,12.3,9.37,12.5,36.6,0,963.5,162,0.3,0.8,0,0,0,0,0,0,0,309,0,22,97
TAE,2019,9,15,2,12.5,96.2,14,11.9,9.17,12.1,35.7,0,963.5,214,0.6,1.9,0,0,0,0,0,0,0,308,0,22,97
TAE,2019,9,15,3,11.7,97,13.3,11.2,8.71,11.4,33.7,0,963.3,149,0.6,1.5,0,0,0,0,0,0,0,308,0,22,97
TAE,2019,9,15,4,11.6,97.8,13.4,11.3,8.77,11.4,33.8,0,963.3,153,0.2,0.7,0,0,0,0,0,0,0,308,0,22,97
TAE,2019,9,15,5,11.4,99.2,13.3,11.3,8.71,11.3,33.4,0,963.3,166,0.4,1.2,0,0,0,0,0,0,0,308,0,22,97
TAE,2019,9,15,6,11.4,98.2,13.2,11.1,8.64,11.2,33.2,0,963.5,180,0.2,0.7,44,122,29,18,143,27,17,307,0,22,97
TAE,2019,9,15,7,13.2,98.9,15,13,9.84,13.1,38.1,0,963.3,0,0.1,0.4,220,608,60,39,641,193,40,308,0,22,97
TAE,2019,9,15,8,16.6,91.7,17.3,15.2,11.38,15.7,45.5,0,963.1,360,0.4,1.6,388,749,78,58,727,384,60,311,0,22,97
TAE,2019,9,15,9,18.6,85.3,18.2,16.1,11.98,17,49.1,0,963.1,53,1,2,540,835,84,73,681,562,76,315,0,22,97
TAE,2019,9,15,10,20.6,78.8,19.1,16.8,12.59,18.1,52.7,0,962.9,10,1.3,2.9,665,910,79,84,546,712,88,318,0,22,97
TAE,2019,9,15,11,22.9,70.9,19.7,17.3,13,19.2,56.1,0,962.5,337,1.5,4.3,729,926,80,91,336,789,95,321,0,22,97
TAE,2019,9,15,12,24.3,60.6,18.4,16.2,12.13,18.9,55.3,0,961.9,270,2.2,5.6,733,884,103,96,122,790,218,324,0,22,97
TAE,2019,9,15,13,25.2,57,18.2,16.1,12,19.2,55.9,0,961.4,245,1.9,4,700,905,86,89,91,754,443,326,0,22,97
TAE,2019,9,15,14,25.6,55.2,18.1,15.9,11.94,19.2,56.2,0,960.8,254,2,3.9,605,855,90,81,82,640,616,325,0,22,97
TAE,2019,9,15,15,26,53,17.8,15.7,11.75,19.2,56.1,0,960.3,242,1.7,4.3,463,750,98,70,71,470,689,323,0,22,97
TAE,2019,9,15,16,25.6,51.1,16.7,14.7,11.01,18.5,53.8,0,960,225,1.5,3.7,306,680,74,50,50,291,698,322,0,22,97
TAE,2019,9,15,17,23.3,65.3,18.6,16.4,12.29,18.7,54.7,0,959.7,230,0.8,1.8,139,507,47,29,29,109,542,321,0,22,97
TAE,2019,9,15,18,19.3,79.5,17.8,15.7,11.75,17,49.2,0,959.7,234,1.4,2.4,5,0,5,4,4,3,4,320,0,22,97
TAE,2019,9,15,19,17.1,86.6,16.9,14.8,11.15,15.7,45.4,0,960,207,0.9,2,0,0,0,0,0,0,0,319,0,22,97
TAE,2019,9,15,20,16.6,88.1,16.6,14.6,10.94,15.3,44.4,0,960.1,153,0.7,1.4,0,0,0,0,0,0,0,317,0,22,97
TAE,2019,9,15,21,15.6,91,16.1,14.1,10.61,14.7,42.5,0,960,135,0.9,1.6,0,0,0,0,0,0,0,316,0,22,97
TAE,2019,9,15,22,15.1,93,16,14,10.54,14.4,41.8,0,960.2,166,0.4,1.2,0,0,0,0,0,0,0,315,0,22,97
TAE,2019,9,15,23,14.9,93.8,15.9,13.9,10.47,14.3,41.5,0,960.1,153,0.7,1.2,0,0,0,0,0,0,0,313,0,22,97
TAE,2019,9,16,0,14.1,94.4,15.2,13.2,10.01,13.6,39.5,0,960,149,0.6,1.2,0,0,0,0,0,0,0,312,0,22,97
TAE,2019,9,16,1,13.7,95,14.9,12.9,9.81,13.2,38.5,0,959.8,166,0.4,1.4,0,0,0,0,0,0,0,311,0,22,97
TAE,2019,9,16,2,13.4,95.1,14.6,12.6,9.61,12.9,37.7,0,959.4,180,0.3,0.8,0,0,0,0,0,0,0,311,0,22,97
TAE,2019,9,16,3,13.2,95.7,14.5,12.5,9.55,12.8,37.4,0,959,166,0.4,1,0,0,0,0,0,0,0,311,0,22,97
TAE,2019,9,16,4,13,95.8,14.3,12.3,9.42,12.6,36.8,0,958.6,153,0.5,0.8,0,0,0,0,0,0,0,311,0,22,97
TAE,2019,9,16,5,13.2,95.3,14.5,12.5,9.56,12.8,37.4,0,958.4,153,0.4,1.3,0,0,0,0,0,0,0,311,0,22,97
TAE,2019,9,16,6,13.5,94.6,14.6,12.7,9.62,13,37.9,0,958.6,135,0.5,1.3,46,159,26,16,178,29,15,311,0,22,97
TAE,2019,9,16,7,15.6,91.4,16.2,14.2,10.69,14.7,42.7,0,958.6,162,0.3,1.2,214,607,57,38,638,193,39,312,0,22,97
TAE,2019,9,16,8,18.2,85.5,17.9,15.7,11.83,16.6,48.3,0,958.8,45,0.7,2.1,384,765,71,56,735,389,58,315,0,22,97
TAE,2019,9,16,9,20.4,77.5,18.6,16.3,12.31,17.7,51.8,0,958.8,51,0.7,1.8,533,832,82,73,676,564,76,318,0,22,97
TAE,2019,9,16,10,23.7,58.4,17.1,15.1,11.3,18.1,52.6,0,958.4,242,2.2,5,655,903,77,84,540,710,87,321,0,22,97
TAE,2019,9,16,11,24.9,55.1,17.4,15.3,11.51,18.6,54.3,0,958.1,222,2.5,6.1,718,910,85,92,335,785,96,324,0,22,97
TAE,2019,9,16,12,25.6,50.8,16.7,14.7,11.04,18.5,53.9,0,957.6,231,2.4,5.3,730,874,111,99,128,794,225,349,38,22,97
TAE,2019,9,16,13,26,49.9,16.8,14.7,11.11,18.6,54.5,0,957,240,2.6,7.1,687,872,100,92,93,745,442,349,35,22,97
TAE,2019,9,16,14,26.4,47.6,16.3,14.4,10.78,18.6,54,0,956.6,257,2.8,6.8,596,853,87,81,82,640,612,329,0,22,97
TAE,2019,9,16,15,26.5,47.4,16.4,14.4,10.85,18.6,54.3,0,956.2,258,2.7,6.7,450,726,100,71,71,463,672,341,13,22,97
TAE,2019,9,16,16,26.1,48.9,16.5,14.5,10.93,18.6,54.1,0,955.9,263,1.8,4.7,289,615,84,53,54,277,644,360,36,22,97
TAE,2019,9,16,17,24.4,58.9,18,15.8,11.94,18.7,54.9,0,955.9,253,1.1,2.2,129,430,54,32,31,102,470,356,35,22,97
TAE,2019,9,16,18,20.8,74.7,18.2,16.1,12.07,17.7,51.6,0,956,242,1.5,2.5,6,0,6,4,4,4,4,352,35,22,97
TAE,2019,9,16,19,18.8,80.2,17.4,15.3,11.53,16.6,48.1,0,956.3,229,1.1,2,0,0,0,0,0,0,0,369,59,22,97
TAE,2019,9,16,20,19.9,69.1,15.9,14.1,10.52,16.2,46.7,0,956.3,261,1.2,2.1,0,0,0,0,0,0,0,384,94,22,97
TAE,2019,9,16,21,17.2,81,15.9,13.9,10.52,15.2,43.9,0,956.4,225,0.7,1.9,0,0,0,0,0,0,0,359,50,22,97
TAE,2019,9,16,22,16.2,86.1,15.9,13.9,10.51,14.8,42.9,0,956.7,214,0.6,3.1,0,0,0,0,0,0,0,350,43,22,97
TAE,2019,9,16,23,15.5,88.9,15.6,13.7,10.31,14.4,41.7,0,956.3,202,1.1,2.8,0,0,0,0,0,0,0,333,29,22,97
TAE,2019,9,17,0,14.2,91.3,14.8,12.8,9.78,13.4,39,0,956.2,203,0.8,1.9,0,0,0,0,0,0,0,321,6,22,97
TAE,2019,9,17,1,13.8,91.7,14.4,12.5,9.51,13,37.9,0,956.2,187,0.9,1.8,0,0,0,0,0,0,0,315,0,24,97
TAE,2019,9,17,2,13.2,93,14.1,12.1,9.31,12.6,36.8,0,955.9,180,0.8,1.6,0,0,0,0,0,0,0,331,25,24,97
TAE,2019,9,17,3,13,93,13.9,11.9,9.18,12.4,36.2,0,955.9,173,0.8,1.6,0,0,0,0,0,0,0,355,71,24,97
TAE,2019,9,17,4,12.7,93.2,13.7,11.6,9.04,12.1,35.6,0,955.9,162,0.7,1.5,0,0,0,0,0,0,0,361,88,24,97
TAE,2019,9,17,5,12.7,90.9,13.3,11.3,8.77,11.9,34.9,0,956.1,186,0.9,1.7,0,0,0,0,0,0,0,367,94,24,97
TAE,2019,9,17,6,12.2,91.6,13,10.9,8.57,11.5,33.9,0,956.5,166,0.4,1,47,180,25,15,199,33,15,339,53,24,97
TAE,2019,9,17,7,14.3,88.2,14.4,12.4,9.51,13.2,38.4,0,956.7,180,0.3,0.9,206,536,69,44,577,189,44,340,50,24,97
TAE,2019,9,17,8,17.1,76.5,14.9,12.9,9.84,14.5,42.1,0,956.9,18,0.4,1.2,368,662,102,68,673,371,69,343,39,24,97
TAE,2019,9,17,9,18.7,65,13.9,12,9.17,14.6,42.1,0,956.8,166,0.6,1.4,510,726,124,89,641,534,91,352,50,24,97
TAE,2019,9,17,10,20.5,53.9,13,10.9,8.57,14.7,42.4,0,956.7,153,0.8,2.2,528,442,246,143,418,505,142,357,58,24,97
TAE,2019,9,17,11,21.6,52.5,13.5,11.5,8.91,15.4,44.4,0,956.4,349,1.5,3.6,693,822,126,106,354,760,109,348,45,24,97
TAE,2019,9,17,12,22.1,52.5,13.9,11.9,9.18,15.8,45.6,0,956.1,339,1.4,4.2,700,798,139,110,144,764,235,349,41,24,97
TAE,2019,9,17,13,22.9,49.7,13.9,11.8,9.18,16.1,46.4,0,955.8,306,1.8,3.9,661,785,137,106,107,717,450,342,23,24,97
TAE,2019,9,17,14,23.2,49.5,14,12.1,9.25,16.3,46.9,0,955.5,306,1.9,4.8,609,892,82,85,86,670,640,329,23,24,97
TAE,2019,9,17,15,23.3,47.7,13.6,11.6,8.98,16.1,46.3,0,955.3,270,1.5,4.4,340,275,206,119,118,292,364,348,61,24,97
TAE,2019,9,17,16,21.7,57,14.8,12.8,9.79,16.2,46.7,0,955.5,347,1.9,5.7,140,124,106,64,63,101,187,363,68,24,97
TAE,2019,9,17,17,20.1,68.9,16.1,14.2,10.66,16.4,47.3,0,955.7,207,0.6,1.6,56,54,44,26,26,39,82,361,70,24,97
TAE,2019,9,17,18,18.2,79.3,16.6,14.6,10.99,15.9,46.2,0,956.2,219,0.8,1.9,0,0,0,0,0,0,0,357,61,24,97
TAE,2019,9,17,19,18.9,68.4,14.9,13,9.84,15.3,43.9,0,957.1,39,0.9,3.6,0,0,0,0,0,0,0,361,55,24,97
TAE,2019,9,17,20,17.3,73.5,14.5,12.5,9.56,14.4,41.6,0,957.7,72,0.7,1.6,0,0,0,0,0,0,0,365,60,24,97
TAE,2019,9,17,21,16.9,71.5,13.8,11.7,9.09,13.8,40,0,958.1,31,1.2,4.2,0,0,0,0,0,0,0,353,68,24,97
TAE,2019,9,17,22,16.1,72.6,13.3,11.2,8.75,13.2,38.3,0,958.5,47,1.8,4.7,0,0,0,0,0,0,0,362,100,24,97
TAE,2019,9,17,23,15.3,69.1,12,9.7,7.89,12.1,35.3,0,958.5,50,1.6,4,0,0,0,0,0,0,0,363,100,24,97
TAE,2019,9,18,0,15,72.7,12.3,10.1,8.09,12.2,35.5,0,958.5,55,1.2,3.4,0,0,0,0,0,0,0,356,90,24,97
TAE,2019,9,18,1,14.3,74.3,12.1,9.8,7.95,11.7,34.5,0,958.5,48,1.4,3.3,0,0,0,0,0,0,0,358,94,26,97
TAE,2019,9,18,2,14.1,70.4,11.3,8.8,7.42,11.1,32.9,0,958.6,68,1.9,5.2,0,0,0,0,0,0,0,356,63,26,97
TAE,2019,9,18,3,13.3,69,10.5,7.7,6.89,10.3,30.8,0,958.9,60,1.7,5.2,0,0,0,0,0,0,0,354,25,26,97
TAE,2019,9,18,4,12.6,68.5,10,7,6.55,9.6,29.2,0,959.1,69,2,4.6,0,0,0,0,0,0,0,352,46,26,97
TAE,2019,9,18,5,11.7,69.2,9.5,6.3,6.22,8.9,27.5,0,959.1,82,2.2,5.1,0,0,0,0,0,0,0,350,33,26,97
TAE,2019,9,18,6,11.1,72.9,9.7,6.4,6.35,8.7,27.2,0,959.2,81,2.1,5,49,232,24,16,252,36,15,349,33,26,97
TAE,2019,9,18,7,11.4,73.3,9.9,6.8,6.49,9,27.8,0,959.3,72,2.2,4.8,134,140,103,63,207,97,62,348,33,26,97
TAE,2019,9,18,8,11.9,71.7,10,7,6.55,9.3,28.5,0,959.6,68,2.4,5.7,243,162,179,109,266,188,106,347,48,26,97
TAE,2019,9,18,9,12.5,70.6,10.2,7.3,6.68,9.7,29.4,0,959.5,77,2.8,6.4,298,83,253,154,224,209,150,354,90,26,97
TAE,2019,9,18,10,13.3,68.3,10.4,7.6,6.82,10.2,30.6,0,959.6,71,2.6,5.9,322,48,291,179,209,214,174,357,100,26,97
TAE,2019,9,18,11,14.3,66.2,10.7,8.1,7.02,10.9,32.1,0,959.4,57,2.9,7.1,502,263,320,190,297,436,187,359,80,26,97
TAE,2019,9,18,12,15.5,62.6,11,8.4,7.22,11.5,33.8,0,959.3,57,3.1,7.2,609,505,257,162,186,610,283,350,53,26,97
TAE,2019,9,18,13,16.4,58.2,10.9,8.2,7.15,11.8,34.6,0,959.1,68,2.9,7.3,701,905,100,107,109,795,471,319,25,26,97
TAE,2019,9,18,14,17.3,53.7,10.6,7.8,6.95,12,35,0,958.9,58,3,7.5,602,865,96,95,96,674,644,319,25,26,97
TAE,2019,9,18,15,17.1,53.1,10.4,7.5,6.82,11.8,34.5,0,958.8,55,3,6.4,453,752,102,81,81,490,710,332,40,26,97
TAE,2019,9,18,16,16.7,55.7,10.6,7.8,6.95,11.7,34.4,0,958.7,40,2.6,5.6,281,560,101,66,66,277,610,327,33,26,97
TAE,2019,9,18,17,15.9,57.8,10.4,7.6,6.82,11.3,33.2,0,958.9,43,1.7,4.1,123,442,48,31,31,109,479,334,36,26,97
TAE,2019,9,18,18,14.5,61.2,10.1,7.1,6.62,10.5,31.3,0,959.5,61,1,2.3,5,17,4,2,2,3,20,349,88,26,97
TAE,2019,9,18,19,14,59.9,9.6,6.3,6.28,9.9,29.9,0,960.1,58,0.9,2.3,0,0,0,0,0,0,0,352,94,26,97
TAE,2019,9,18,20,12.8,58.9,8.7,5,5.69,8.8,27.2,0,960.2,73,1.1,3.7,0,0,0,0,0,0,0,340,55,26,97
TAE,2019,9,18,21,11.8,60.7,8.4,4.5,5.49,8.1,25.7,0,960.5,77,1,2.8,0,0,0,0,0,0,0,347,33,26,97
TAE,2019,9,18,22,9.6,71.9,8.6,4.8,5.62,7.2,23.8,0,960.7,51,0.7,2.5,0,0,0,0,0,0,0,344,25,26,97
TAE,2019,9,18,23,9.1,74.2,8.5,4.8,5.55,7,23.1,0,960.9,39,0.7,2.1,0,0,0,0,0,0,0,342,25,26,97
TAE,2019,9,19,0,6.9,86.4,8.6,4.8,5.62,5.9,21,0,961,198,0.4,1.2,0,0,0,0,0,0,0,339,25,26,97
TAE,2019,9,19,1,8,78.8,8.4,4.5,5.49,6.3,21.8,0,960.7,135,0.8,2.2,0,0,0,0,0,0,0,281,0,24,97
TAE,2019,9,19,2,7.3,81.6,8.3,4.4,5.42,5.9,21,0,960.5,53,0.6,2.1,0,0,0,0,0,0,0,294,0,24,97
TAE,2019,9,19,3,5.9,87.6,8.2,4,5.36,5,19.4,0,960.5,135,0.3,1.1,0,0,0,0,0,0,0,336,0,24,97
TAE,2019,9,19,4,5.4,89.5,8,3.8,5.22,4.6,18.5,0,960.6,180,0.2,0.8,0,0,0,0,0,0,0,335,36,24,97
TAE,2019,9,19,5,4.8,91.6,7.9,3.6,5.16,4.2,17.7,0,960.9,270,0.2,0.6,0,0,0,0,0,0,0,329,59,24,97
TAE,2019,9,19,6,5.6,89.3,8.1,4,5.29,4.8,18.9,0,961.2,31,0.6,1.5,35,91,24,14,108,25,14,323,71,24,97
TAE,2019,9,19,7,8.1,82,8.9,5.2,5.81,6.7,22.7,0,961.7,38,1.2,2.7,207,565,66,43,603,203,43,300,41,24,97
TAE,2019,9,19,8,10.1,73.2,9,5.5,5.87,7.8,24.9,0,962.1,37,2,5.7,383,754,80,62,733,410,64,284,16,24,97
TAE,2019,9,19,9,12.1,61.7,8.7,5,5.67,8.5,26.5,0,962.3,48,3.2,8,543,866,83,78,703,605,81,273,0,24,97
TAE,2019,9,19,10,13.9,52.9,8.4,4.5,5.48,9.1,27.8,0,962.3,67,3.4,9,669,942,79,91,565,760,95,258,0,24,97
TAE,2019,9,19,11,15.1,49.6,8.5,4.6,5.54,9.7,29.2,0,962.2,54,3.5,7.8,724,919,97,101,351,823,105,259,0,24,97
TAE,2019,9,19,12,15.9,46.6,8.5,4.5,5.55,10,30,0,961.9,68,3.8,8.5,733,904,106,103,132,833,233,261,0,24,97
TAE,2019,9,19,13,16.4,45,8.4,4.4,5.48,10.1,30.4,0,961.9,58,3.9,8.8,699,928,88,96,98,796,466,261,0,24,97
TAE,2019,9,19,14,16.5,43.6,8.2,4.1,5.35,10.1,30.1,0,961.8,52,3.8,8.6,599,870,94,87,88,673,637,260,0,24,97
TAE,2019,9,19,15,16.5,42.2,7.9,3.6,5.15,9.9,29.6,0,961.7,56,3.5,8.5,456,780,94,73,73,499,720,258,0,24,97
TAE,2019,9,19,16,15.9,41.9,7.6,3,4.95,9.4,28.5,0,961.8,68,3.3,7.9,294,699,72,51,51,308,717,256,0,24,97
TAE,2019,9,19,17,14.6,48.3,8,3.8,5.22,9.1,27.9,0,962.1,54,2.3,7,123,491,44,27,27,112,525,276,0,24,97
TAE,2019,9,19,18,12.1,59.7,8.4,4.5,5.48,8.3,26,0,962.3,59,1.2,2.8,3,0,3,2,2,2,2,280,0,24,97
TAE,2019,9,19,19,10.3,67.5,8.4,4.6,5.48,7.5,24.1,0,962.6,49,1,2.1,0,0,0,0,0,0,0,311,6,24,97
TAE,2019,9,19,20,9.4,70.3,8.3,4.3,5.41,6.9,23.1,0,962.9,37,1,2.1,0,0,0,0,0,0,0,289,0,24,97
TAE,2019,9,19,21,7.6,78.6,8.2,4.1,5.34,5.9,21.1,0,963.3,39,0.7,2,0,0,0,0,0,0,0,289,0,24,97
TAE,2019,9,19,22,9.3,66.4,7.8,3.4,5.08,6.5,22.1,0,963.2,81,1.4,4.3,0,0,0,0,0,0,0,338,0,24,97
TAE,2019,9,19,23,9.5,65.2,7.8,3.3,5.08,6.5,22.3,0,963,82,1.4,3.6,0,0,0,0,0,0,0,336,0,24,97
TAE,2019,9,20,0,8.5,70,7.8,3.3,5.08,6,21.3,0,962.8,69,0.9,3.5,0,0,0,0,0,0,0,334,6,24,97
TAE,2019,9,20,1,5.6,84.5,7.7,3.2,5.02,4.5,18.2,0,962.7,90,0.4,1.6,0,0,0,0,0,0,0,266,0,23,97
TAE,2019,9,20,2,4.3,90.4,7.5,2.9,4.88,3.7,16.6,0,962.6,210,0.9,2.3,0,0,0,0,0,0,0,282,0,23,97
TAE,2019,9,20,3,4,90.7,7.4,2.6,4.82,3.4,16.1,0,962.2,153,0.4,0.9,0,0,0,0,0,0,0,330,6,23,97
TAE,2019,9,20,4,3.5,91.7,7.2,2.3,4.69,3,15.3,0,962.2,191,0.6,1.7,0,0,0,0,0,0,0,318,40,23,97
TAE,2019,9,20,5,3.4,92.1,7.2,2.2,4.69,2.9,15.2,0,962.4,162,0.4,1,0,0,0,0,0,0,0,328,33,23,97
TAE,2019,9,20,6,3.4,92,7.2,2.2,4.69,2.9,15.1,0,962.7,194,0.5,1.2,42,175,23,13,192,33,13,301,13,23,97
TAE,2019,9,20,7,6,86.5,8.1,3.9,5.28,5,19.3,0,963.1,104,0.6,2.1,213,653,56,38,682,218,39,286,19,23,97
TAE,2019,9,20,8,8.5,77.5,8.6,4.8,5.6,6.7,22.6,0,963.3,41,1.1,3.3,381,769,77,60,742,416,61,268,6,23,97
TAE,2019,9,20,9,10.3,70.3,8.8,5.1,5.74,7.7,24.8,0,963.1,48,1.7,4.2,535,850,87,77,692,601,80,253,0,23,97
TAE,2019,9,20,10,12.1,62.9,8.9,5.3,5.8,8.6,26.8,0,962.7,54,2.5,6,653,911,87,89,552,746,93,257,0,23,97
TAE,2019,9,20,11,13.8,58.3,9.2,5.8,6,9.6,29,0,962.3,56,2.5,5.4,713,898,104,99,347,815,103,260,0,23,97
TAE,2019,9,20,12,15.1,53.8,9.2,5.8,6.01,10.2,30.4,0,962.1,61,2.7,6.4,725,902,104,100,126,830,231,264,0,23,97
TAE,2019,9,20,13,16.4,49.7,9.3,5.9,6.07,10.8,31.9,0,961.6,57,2.8,6.9,692,933,82,92,94,795,461,266,0,23,97
TAE,2019,9,20,14,17.1,46.2,9,5.5,5.88,10.9,32.1,0,961.2,58,3.2,7.6,592,876,88,83,84,672,636,266,0,23,97
TAE,2019,9,20,15,17.1,43.2,8.5,4.5,5.55,10.5,31.3,0,961,59,2.8,5.9,451,802,85,68,69,502,730,271,19,23,97
TAE,2019,9,20,16,16.6,45.9,8.7,4.9,5.68,10.4,31.1,0,960.9,56,2.5,5.7,289,713,65,48,48,309,725,285,33,23,97
TAE,2019,9,20,17,15.8,49.8,8.9,5.4,5.82,10.3,30.6,0,960.7,72,2,4.7,110,417,44,27,27,102,449,276,19,23,97
TAE,2019,9,20,18,13.6,57.2,8.9,5.3,5.82,9.3,28.4,0,960.8,86,1.6,3.8,0,0,0,0,0,0,0,264,0,23,97
TAE,2019,9,20,19,12.7,58.1,8.6,4.7,5.62,8.6,26.9,0,960.8,90,1.3,3.2,0,0,0,0,0,0,0,264,0,23,97
TAE,2019,9,20,20,10.6,68.7,8.8,5.1,5.75,7.8,25.1,0,960.6,121,0.7,2.1,0,0,0,0,0,0,0,262,0,23,97
TAE,2019,9,20,21,8,82.8,8.9,5.3,5.82,6.7,22.7,0,960.2,162,0.7,1.4,0,0,0,0,0,0,0,260,0,23,97
TAE,2019,9,20,22,6.4,88.6,8.5,4.7,5.56,5.6,20.4,0,959.9,162,0.3,0.9,0,0,0,0,0,0,0,259,0,23,97
TAE,2019,9,20,23,5.7,91.3,8.4,4.4,5.49,5.1,19.5,0,959.5,180,0.4,1,0,0,0,0,0,0,0,257,0,23,97
TAE,2019,9,21,0,5.2,92.5,8.2,4.1,5.36,4.7,18.7,0,959.3,158,0.5,1.2,0,0,0,0,0,0,0,256,0,23,97
TAE,2019,9,21,1,4.7,92.9,7.9,3.7,5.17,4.2,17.7,0,958.9,180,0.2,0.7,0,0,0,0,0,0,0,255,0,22,97
TAE,2019,9,21,2,4.7,94.2,8,3.8,5.23,4.3,17.8,0,958.7,169,0.5,1.1,0,0,0,0,0,0,0,255,0,22,97
TAE,2019,9,21,3,4.4,95,7.9,3.7,5.17,4.1,17.4,0,958.4,162,0.4,0.8,0,0,0,0,0,0,0,255,0,22,97
TAE,2019,9,21,4,3.9,94.3,7.6,3.1,4.97,3.5,16.4,0,958.4,180,0.2,0.7,0,0,0,0,0,0,0,256,0,22,97
TAE,2019,9,21,5,3.9,95.6,7.7,3.3,5.04,3.6,16.5,0,958.6,162,0.3,1.2,0,0,0,0,0,0,0,256,0,22,97
TAE,2019,9,21,6,4.4,95.1,8,3.7,5.23,4.1,17.5,0,958.7,162,0.3,0.9,37,142,21,12,157,30,12,266,19,22,97
TAE,2019,9,21,7,6.8,91.7,9.1,5.5,5.96,6.2,21.8,0,958.9,63,0.3,1,208,632,57,37,661,217,38,258,0,22,97
TAE,2019,9,21,8,9.3,84.4,9.9,6.8,6.49,8,25.7,0,958.8,22,0.6,1.6,375,768,74,57,737,414,58,262,0,22,97
TAE,2019,9,21,9,11.5,76.8,10.4,7.6,6.82,9.4,28.8,0,958.5,41,0.9,2.3,526,842,86,74,680,596,76,266,0,22,97
TAE,2019,9,21,10,13.4,71,10.9,8.3,7.16,10.6,31.6,0,957.8,41,1.1,2.5,648,921,80,84,546,748,88,270,0,22,97
TAE,2019,9,21,11,15.5,68.7,12.1,9.8,7.97,12.2,35.7,0,957,54,1.1,2.9,705,900,100,94,338,812,98,275,0,22,97
TAE,2019,9,21,12,17.1,64.9,12.6,10.5,8.31,13.2,38.2,0,956.1,49,1.3,3.1,716,897,104,96,124,825,225,279,0,22,97
TAE,2019,9,21,13,18.6,62.5,13.4,11.3,8.85,14.2,41.1,0,955.6,39,1.9,4.4,682,925,83,88,90,789,456,282,0,22,97
TAE,2019,9,21,14,19.4,60.9,13.7,11.7,9.05,14.7,42.5,0,954.9,35,2.1,4.2,580,860,90,80,81,663,625,284,0,22,97
TAE,2019,9,21,15,19.6,61.6,14.1,12,9.33,15,43.4,0,954.3,36,1.9,3.9,439,778,87,66,67,491,709,286,0,22,97
TAE,2019,9,21,16,19.6,61,13.9,11.9,9.2,14.9,43,0,953.9,45,1.6,3.7,276,681,67,46,47,299,694,287,0,22,97
TAE,2019,9,21,17,17.7,71,14.3,12.4,9.47,14.5,41.8,0,953.7,90,0.8,2.2,106,443,39,24,24,103,471,289,0,22,97
TAE,2019,9,21,18,13.9,87,13.8,11.8,9.14,12.7,37.1,0,953.4,180,0.6,1.3,0,0,0,0,0,0,0,305,16,22,97
TAE,2019,9,21,19,12.1,90.5,12.8,10.6,8.46,11.2,33.5,0,953.7,198,0.8,2,0,0,0,0,0,0,0,362,88,22,97
TAE,2019,9,21,20,11.4,92,12.4,10.1,8.19,10.7,32.1,0,953.7,166,0.4,1.5,0,0,0,0,0,0,0,364,100,22,97
TAE,2019,9,21,21,10.7,93.4,12.1,9.7,8,10.1,30.9,0,953.3,194,0.5,1.2,0,0,0,0,0,0,0,362,100,22,97
TAE,2019,9,21,22,10.4,94,11.8,9.5,7.8,9.9,30.1,0,952.4,166,0.4,1.1,0,0,0,0,0,0,0,359,100,22,97
TAE,2019,9,21,23,10.1,94.3,11.7,9.2,7.74,9.6,29.6,0,952,180,0.3,0.9,0,0,0,0,0,0,0,356,100,22,97
TAE,2019,9,22,0,9.9,94.3,11.5,9,7.61,9.4,29.1,0,951.9,207,0.2,0.9,0,0,0,0,0,0,0,354,100,22,97
TAE,2019,9,22,1,9.9,95.2,11.6,9.2,7.68,9.5,29.3,0,951.6,162,0.4,1,0,0,0,0,0,0,0,352,100,22,97
TAE,2019,9,22,2,9.8,95.3,11.5,9.1,7.61,9.4,29,0,951.4,162,0.4,0.9,0,0,0,0,0,0,0,353,100,22,97
TAE,2019,9,22,3,10.4,94.8,11.9,9.6,7.88,10,30.3,0,951.2,153,0.2,0.7,0,0,0,0,0,0,0,354,100,22,97
TAE,2019,9,22,4,10.6,94.8,12.1,9.8,8.02,10.2,30.9,0,951,135,0.2,0.8,0,0,0,0,0,0,0,355,100,22,97
TAE,2019,9,22,5,10.3,95.6,12,9.6,7.95,9.9,30.4,0,950.7,180,0.2,0.8,0,0,0,0,0,0,0,356,100,22,97
TAE,2019,9,22,6,10.7,95.3,12.2,10,8.08,10.3,31.1,0,950.8,180,0.1,1,6,0,6,4,4,3,4,357,100,22,97
TAE,2019,9,22,7,11.7,93.6,12.8,10.7,8.49,11.1,33.2,0,951,360,0.3,1.1,96,53,82,48,102,66,47,359,100,22,97
TAE,2019,9,22,8,13.2,89.5,13.5,11.5,8.96,12.2,35.9,0,951,360,0.5,1.2,217,110,175,102,208,157,99,364,100,22,97
TAE,2019,9,22,9,14.1,86.6,13.9,11.9,9.23,12.8,37.5,0,950.6,45,0.7,1.5,348,220,234,134,316,291,131,369,100,22,97
TAE,2019,9,22,10,15.8,80.3,14.4,12.4,9.57,13.8,40.1,0,950.3,53,0.5,1.7,291,47,262,156,187,188,151,374,100,22,97
TAE,2019,9,22,11,17.5,75.5,15.1,13.1,10.05,14.8,43,0,950,63,0.7,1.8,475,274,290,165,266,420,162,379,100,22,97
TAE,2019,9,22,12,19.9,69.5,16.1,14.2,10.73,16.3,47.2,0,949.3,17,1.2,3.1,606,557,228,131,159,638,253,368,81,22,97
TAE,2019,9,22,13,21.5,64.9,16.7,14.6,11.15,17.1,49.9,0,948.7,52,1.3,3,556,504,232,131,131,571,389,383,100,22,97
TAE,2019,9,22,14,22.4,60.8,16.4,14.5,10.94,17.3,50.4,0,948.5,68,1.2,2.9,493,548,185,107,107,517,497,371,78,22,97
TAE,2019,9,22,15,22.3,61.2,16.5,14.5,11.02,17.3,50.4,0,948.1,49,1.1,2.8,395,626,107,75,75,429,585,361,64,22,97
TAE,2019,9,22,16,22.3,61.8,16.6,14.6,11.08,17.4,50.6,0,948.1,60,0.9,2.1,201,260,122,69,69,178,326,368,71,22,97
TAE,2019,9,22,17,20.2,74.4,17.5,15.5,11.7,17.2,50,0,948.1,158,0.7,1.5,93,314,50,28,28,86,348,344,39,22,97
TAE,2019,9,22,18,17.1,88.1,17.2,15.1,11.49,15.8,46.3,0,948.1,180,0.6,1.6,0,0,0,0,0,0,0,339,29,22,97
TAE,2019,9,22,19,15.4,91.5,16,14,10.67,14.5,42.5,0,948.3,225,0.9,2.3,0,0,0,0,0,0,0,357,66,22,97
TAE,2019,9,22,20,15.7,90.7,16.2,14.2,10.81,14.8,43.1,0,948.4,198,0.4,1.6,0,0,0,0,0,0,0,371,94,22,97
TAE,2019,9,22,21,15.9,90.5,16.3,14.3,10.88,14.9,43.5,0,948.5,180,0.4,1,0,0,0,0,0,0,0,365,78,22,97
TAE,2019,9,22,22,16.2,88.6,16.3,14.3,10.87,15,43.8,0,949,225,0.4,1.4,0,0,0,0,0,0,0,369,88,22,97
TAE,2019,9,22,23,18.4,75.8,16,14.1,10.66,15.7,45.5,0,949.9,259,1.8,8.8,0,0,0,0,0,0,0,374,100,22,97
TAE,2019,9,23,0,15.9,84.4,15.2,13.3,10.1,14.3,41.5,0.3,951.1,270,4.2,11.9,0,0,0,0,0,0,0,370,94,22,97
TAE,2019,9,23,1,14.1,87.3,14,12,9.28,12.9,37.6,0.8,952.5,230,4.9,12.3,0,0,0,0,0,0,0,371,94,23,97
TAE,2019,9,23,2,13.6,89.5,13.9,11.9,9.2,12.6,36.9,1.3,953.2,234,3.2,11.5,0,0,0,0,0,0,0,366,94,23,97
TAE,2019,9,23,3,13.5,88.4,13.7,11.6,9.07,12.4,36.5,0,953.5,242,2.3,6.5,0,0,0,0,0,0,0,364,94,23,97
TAE,2019,9,23,4,13.3,88.6,13.5,11.5,8.93,12.2,35.9,0,953.6,257,2.2,5.9,0,0,0,0,0,0,0,365,100,23,97
TAE,2019,9,23,5,12.8,89.1,13.2,11.1,8.73,11.8,34.9,1.5,954,254,2,6.4,0,0,0,0,0,0,0,363,100,23,97
TAE,2019,9,23,6,12.5,91.4,13.2,11.1,8.72,11.7,34.6,2.8,954.7,266,1.3,4.9,2,0,2,1,1,1,1,361,100,23,97
TAE,2019,9,23,7,12.7,92,13.5,11.4,8.92,11.9,35.3,2.5,955.1,220,0.9,3.4,11,0,11,6,6,6,6,360,100,23,97
TAE,2019,9,23,8,12.7,91.6,13.5,11.4,8.91,11.9,35.3,4.8,955.5,194,0.7,2.8,25,0,25,15,15,14,15,360,100,23,97
TAE,2019,9,23,9,12.7,92.2,13.5,11.5,8.91,12,35.3,4.1,956,281,0.7,1.6,30,0,30,18,18,17,18,361,100,23,97
TAE,2019,9,23,10,13.1,90,13.5,11.5,8.91,12.2,35.7,0.9,955.8,230,0.9,4.1,77,0,77,46,46,44,45,361,100,23,97
TAE,2019,9,23,11,13.6,86.6,13.5,11.4,8.91,12.3,36.2,0.1,955.7,256,1,3.2,118,0,118,71,71,67,69,361,100,23,97
TAE,2019,9,23,12,14.7,82.9,13.8,11.8,9.12,13,37.8,0,955.4,254,1.6,4.2,243,7,238,143,141,142,141,362,100,23,97
TAE,2019,9,23,13,14.3,85.1,13.9,11.8,9.18,12.8,37.6,0.9,955.3,212,1.4,3.6,51,0,51,31,31,29,30,362,100,23,97
TAE,2019,9,23,14,15.7,79.9,14.2,12.2,9.39,13.6,39.5,0,955.1,185,2.3,4.6,382,264,238,138,137,336,336,342,64,23,97
TAE,2019,9,23,15,16.2,74.6,13.7,11.7,9.05,13.5,39.2,0,955,196,1.9,4.1,415,731,92,67,67,474,675,321,23,23,97
TAE,2019,9,23,16,16.1,73.3,13.4,11.3,8.85,13.3,38.6,0,955,194,2.1,4.8,263,670,65,45,45,297,682,313,0,23,97
TAE,2019,9,23,17,15,78.9,13.4,11.4,8.85,12.9,37.5,0,955.3,218,1.4,4.4,92,372,37,23,23,94,398,315,25,23,97
TAE,2019,9,23,18,13.2,85.8,13,10.9,8.58,11.9,34.9,0,955.5,276,0.9,1.9,0,0,0,0,0,0,0,328,25,23,97
TAE,2019,9,23,19,12.8,88.3,13,10.9,8.57,11.7,34.5,0,956,214,0.4,1.3,0,0,0,0,0,0,0,340,55,23,97
TAE,2019,9,23,20,12.1,92.6,13.1,10.9,8.64,11.4,34,0,956.3,162,0.4,0.9,0,0,0,0,0,0,0,351,81,23,97
TAE,2019,9,23,21,12.2,93.2,13.2,11.1,8.71,11.6,34.2,0,956.1,207,0.7,1.2,0,0,0,0,0,0,0,336,69,23,97
TAE,2019,9,23,22,11.1,94.4,12.5,10.2,8.24,10.6,31.9,0,955.9,180,0.9,1.7,0,0,0,0,0,0,0,312,36,23,97
TAE,2019,9,23,23,10.1,94.7,11.7,9.3,7.71,9.7,29.6,0,955.8,194,1,2,0,0,0,0,0,0,0,304,33,23,97
TAE,2019,9,24,0,9.3,95.6,11.2,8.6,7.38,8.9,27.9,0,955.6,188,0.7,1.4,0,0,0,0,0,0,0,300,41,23,97
TAE,2019,9,24,1,8.9,96.1,11,8.3,7.24,8.6,27.2,0,955.5,166,0.5,1.4,0,0,0,0,0,0,0,329,78,23,97
TAE,2019,9,24,2,8.1,96.6,10.4,7.6,6.85,7.8,25.4,0,955,162,0.3,0.8,0,0,0,0,0,0,0,299,35,23,97
TAE,2019,9,24,3,7.1,97.4,9.9,6.7,6.52,6.9,23.5,0,954.4,180,0.2,0.6,0,0,0,0,0,0,0,275,0,23,97
TAE,2019,9,24,4,7.1,97.8,9.8,6.8,6.46,6.9,23.4,0,953.4,162,0.4,1.1,0,0,0,0,0,0,0,273,0,23,97
TAE,2019,9,24,5,7.1,98.9,10,6.9,6.59,7,23.7,0,953.8,225,0.2,0.8,0,0,0,0,0,0,0,288,19,23,97
TAE,2019,9,24,6,7.7,99.4,10.5,7.6,6.93,7.6,25.1,0,953.4,153,0.2,0.7,29,117,17,10,129,26,10,291,23,23,97
TAE,2019,9,24,7,8.3,99.8,10.9,8.3,7.2,8.3,26.4,0,953.1,34,0.5,1.5,108,131,78,45,178,88,44,333,88,23,97
TAE,2019,9,24,8,9.3,97.4,11.4,8.9,7.53,9.1,28.3,0,952.9,14,0.5,1.1,197,113,156,92,201,147,89,346,100,23,97
TAE,2019,9,24,9,10.9,93,12.1,9.8,8,10.3,31.1,0,952.5,11,0.6,1.9,217,27,204,122,144,135,118,349,100,23,97
TAE,2019,9,24,10,11.5,90.7,12.3,10,8.15,10.7,32.1,0,951.6,9,0.8,1.9,191,8,187,112,117,113,109,353,100,23,97
TAE,2019,9,24,11,12,89.1,12.5,10.3,8.29,11,33,0,950.5,39,0.7,2.1,168,4,166,100,100,98,97,356,100,23,97
TAE,2019,9,24,12,12.9,87.8,13.1,10.9,8.69,11.7,34.9,0,950.7,330,1.5,3.5,149,2,148,89,88,86,86,360,100,23,97
TAE,2019,9,24,13,13.2,86.1,13.1,10.9,8.7,11.9,35.2,0,949.9,328,1.4,3.3,139,0,139,84,83,79,81,362,100,23,97
TAE,2019,9,24,14,13.9,84.9,13.5,11.4,8.97,12.4,36.6,0,949.7,360,0.7,2,155,1,154,93,92,88,90,362,100,23,97
TAE,2019,9,24,15,14.2,85.3,13.8,11.8,9.17,12.8,37.4,0,950,338,1.1,2.4,117,17,111,67,66,72,80,362,100,23,97
TAE,2019,9,24,16,14.1,88.3,14.1,12.2,9.37,13,37.9,0.1,949.6,16,1.2,3.5,58,1,57,35,34,33,35,363,100,23,97
TAE,2019,9,24,17,14,89.7,14.3,12.3,9.51,13,38.1,0,949.5,162,0.7,3.2,39,54,29,17,17,31,72,359,88,23,97
TAE,2019,9,24,18,13.3,89.1,13.7,11.5,9.1,12.2,36.4,2.5,949.9,207,1.4,5.6,0,0,0,0,0,0,0,363,100,23,97
TAE,2019,9,24,19,13.5,85.1,13.2,11,8.76,12.1,35.7,0,950.1,194,2.3,6,0,0,0,0,0,0,0,342,55,23,97
TAE,2019,9,24,20,13.7,83.2,13.1,10.9,8.7,12.1,35.7,0,949.9,212,1.6,4.3,0,0,0,0,0,0,0,339,59,23,97
TAE,2019,9,24,21,14.3,81.6,13.2,11.2,8.77,12.5,36.5,0.2,949.4,213,2.5,6.8,0,0,0,0,0,0,0,355,88,23,97
TAE,2019,9,24,22,14.3,82.7,13.5,11.4,8.97,12.6,37.1,0,949.2,220,1.8,5.5,0,0,0,0,0,0,0,333,50,23,97
TAE,2019,9,24,23,14.2,84.9,13.8,11.7,9.17,12.7,37.5,0,949.4,223,1.9,5.7,0,0,0,0,0,0,0,339,58,23,97
TAE,2019,9,25,0,14,88.6,14.2,12.1,9.44,12.9,37.9,0.9,949.4,223,1.9,7.1,0,0,0,0,0,0,0,362,100,23,97
TAE,2019,9,25,1,14.1,86.3,13.9,11.8,9.24,12.7,37.5,0,949.3,214,2.5,6.4,0,0,0,0,0,0,0,351,88,23,97
TAE,2019,9,25,2,14.1,85.1,13.7,11.6,9.11,12.6,37.2,0,949.3,212,2.5,6.8,0,0,0,0,0,0,0,342,70,23,97
TAE,2019,9,25,3,14.3,82.9,13.5,11.4,8.97,12.6,37,0,949.4,217,2.6,7,0,0,0,0,0,0,0,361,100,23,97
TAE,2019,9,25,4,13.7,85.1,13.3,11.2,8.84,12.2,36.1,0,949.2,215,1.3,5.2,0,0,0,0,0,0,0,360,94,23,97
TAE,2019,9,25,5,13.3,88.3,13.5,11.4,8.97,12.2,36,0,949.2,233,0.6,3.6,0,0,0,0,0,0,0,360,100,23,97
TAE,2019,9,25,6,13.6,89.6,13.9,11.9,9.24,12.6,37,0.4,949.3,216,1,4.5,25,94,16,10,105,23,9,347,80,23,97
TAE,2019,9,25,7,13.7,88.4,13.8,11.8,9.17,12.6,36.9,0,949.6,205,1.9,6.2,157,388,78,46,435,159,46,335,61,23,97
TAE,2019,9,25,8,14.4,82,13.5,11.4,8.97,12.6,37.1,0,949.9,236,1.1,4,256,258,155,91,329,234,89,353,75,23,97
TAE,2019,9,25,9,14.8,79.9,13.4,11.4,8.9,12.8,37.4,0.1,950.1,208,2.4,5.2,122,1,121,73,74,70,71,362,100,23,97
TAE,2019,9,25,10,15,77.7,13.3,11.1,8.83,12.7,37.4,0,950.2,199,3.1,7.1,302,155,205,122,203,254,119,359,84,23,97
TAE,2019,9,25,11,15.6,73.1,12.9,10.8,8.56,12.8,37.3,0,950,232,3.2,7.9,300,134,214,124,190,249,121,348,75,23,97
TAE,2019,9,25,12,16.8,66.6,12.7,10.6,8.43,13.2,38.2,0,949.3,259,2.8,7.5,658,780,140,107,132,772,230,337,48,23,97
TAE,2019,9,25,13,17.1,65.8,12.8,10.7,8.51,13.3,38.7,0,948.9,288,2.9,6.8,409,240,257,152,151,362,265,355,78,23,97
TAE,2019,9,25,14,17.2,65.7,12.9,10.7,8.57,13.4,39,0,948.9,283,2.4,6.4,170,114,109,64,64,150,149,353,88,23,97
TAE,2019,9,25,15,16.6,67.7,12.7,10.6,8.44,13.1,38.1,0,948.7,198,2.5,6.2,130,44,109,65,64,93,102,360,100,23,97
TAE,2019,9,25,16,16.8,60.7,11.6,9.2,7.7,12.5,36.4,0,949,236,2.5,8.6,142,177,88,53,53,127,222,351,88,23,97
TAE,2019,9,25,17,15.5,70.3,12.3,10.1,8.16,12.4,36.2,0,949.5,297,1.3,4.2,5,0,5,3,3,3,3,362,100,23,97
TAE,2019,9,25,18,14.7,76,12.7,10.5,8.43,12.3,36.1,0,949.9,243,0.8,3.3,0,0,0,0,0,0,0,353,88,23,97
TAE,2019,9,25,19,14.5,78.4,12.9,10.8,8.56,12.4,36.2,0.2,950.5,262,1.5,5.8,0,0,0,0,0,0,0,360,100,23,97
TAE,2019,9,25,20,13.7,82.4,12.9,10.8,8.56,12,35.4,0,950.5,229,1.1,3.1,0,0,0,0,0,0,0,352,88,23,97
TAE,2019,9,25,21,13.8,80,12.6,10.4,8.36,11.8,35,0,950.5,215,1.3,5.3,0,0,0,0,0,0,0,360,84,23,97
TAE,2019,9,25,22,13.7,81.3,12.7,10.6,8.42,11.9,35,0,950.6,217,1,2.8,0,0,0,0,0,0,0,355,88,23,97
TAE,2019,9,25,23,13.4,86.4,13.2,11.2,8.76,12.1,35.6,0.1,950.7,216,1.5,4.4,0,0,0,0,0,0,0,338,65,23,97
TAE,2019,9,26,0,13.4,87,13.3,11.3,8.82,12.2,35.8,0,950.9,225,1.1,4.5,0,0,0,0,0,0,0,348,84,23,97
TAE,2019,9,26,1,13.5,86.3,13.4,11.3,8.89,12.2,36,0,950.9,217,1.5,4.7,0,0,0,0,0,0,0,358,100,23,97
TAE,2019,9,26,2,13.2,88.8,13.5,11.4,8.96,12.2,35.9,0.2,950.8,214,1.5,5,0,0,0,0,0,0,0,358,100,23,97
TAE,2019,9,26,3,13.1,90.3,13.6,11.5,9.02,12.2,36,0.4,951,222,1.2,3.4,0,0,0,0,0,0,0,359,100,23,97
TAE,2019,9,26,4,13,90.8,13.6,11.5,9.02,12.1,35.8,0.3,951.2,221,1,3.8,0,0,0,0,0,0,0,359,100,23,97
TAE,2019,9,26,5,13,89.3,13.3,11.3,8.82,12,35.3,0.1,951.4,194,1.8,7.1,0,0,0,0,0,0,0,359,100,23,97
TAE,2019,9,26,6,13,87.7,13.1,11,8.68,11.8,35,0.1,951.8,209,3.8,9,4,0,4,2,3,2,2,360,100,23,97
TAE,2019,9,26,7,13.4,86.5,13.3,11.2,8.81,12.1,35.7,0,952.3,214,3.2,8.1,29,0,29,18,18,17,17,361,100,23,97
TAE,2019,9,26,8,13.8,87.5,13.8,11.8,9.14,12.6,37,0,953,216,2.8,6.9,85,2,84,51,52,49,49,363,100,23,97
TAE,2019,9,26,9,14.3,88.3,14.4,12.4,9.54,13.2,38.5,0.1,953.4,212,3.8,7.4,158,9,154,93,99,94,90,365,100,23,97
TAE,2019,9,26,10,14.7,87.1,14.6,12.6,9.67,13.4,39.2,0,953.8,209,3.9,8.1,81,0,81,49,48,46,47,368,100,23,97
TAE,2019,9,26,11,15.3,83.9,14.6,12.6,9.67,13.7,39.8,0,954.1,208,3.4,7.3,130,5,127,77,77,77,74,370,100,23,97
TAE,2019,9,26,12,16.8,78.2,15,13,9.94,14.5,42.1,0,953.8,207,3.9,9,444,212,304,176,200,379,211,366,81,23,97
TAE,2019,9,26,13,17.2,77.3,15.1,13.2,10.01,14.7,42.6,0,953.5,221,3.3,7.4,268,56,232,138,137,186,163,374,100,23,97
TAE,2019,9,26,14,17.4,77.8,15.5,13.5,10.28,15,43.5,0,953.7,222,2.6,6,89,0,89,54,54,51,52,374,100,23,97
TAE,2019,9,26,15,17.7,77.4,15.7,13.7,10.41,15.2,44.2,0,953.6,219,2,5.3,126,30,112,67,66,84,93,374,100,23,97
TAE,2019,9,26,16,17.3,79.1,15.6,13.6,10.35,15,43.6,0,953.5,207,1.6,4.2,48,0,48,29,29,28,28,373,100,23,97
TAE,2019,9,26,17,16.8,81.1,15.5,13.5,10.28,14.8,42.9,0,953.6,207,1.2,3.4,6,0,6,4,3,3,3,373,100,23,97
TAE,2019,9,26,18,16.2,82.1,15.1,13.1,10,14.3,41.6,0,953.9,230,0.9,3.3,0,0,0,0,0,0,0,366,88,23,97
TAE,2019,9,26,19,14.8,89.2,15,13,9.93,13.7,40,0,954.4,229,1,2,0,0,0,0,0,0,0,373,100,23,97
TAE,2019,9,26,20,13.9,92.8,14.7,12.8,9.73,13.2,38.5,0,954.7,191,0.6,1.8,0,0,0,0,0,0,0,363,84,23,97
TAE,2019,9,26,21,14.4,92.7,15.2,13.2,10.06,13.7,39.9,0,954.8,166,0.5,1.2,0,0,0,0,0,0,0,371,100,23,97
TAE,2019,9,26,22,15.2,90,15.6,13.6,10.33,14.2,41.4,0,954.9,180,0.4,1.3,0,0,0,0,0,0,0,367,94,23,97
TAE,2019,9,26,23,15.4,88.7,15.5,13.5,10.27,14.2,41.4,0,954.7,284,0.8,2.1,0,0,0,0,0,0,0,366,88,23,97
TAE,2019,9,27,0,15.6,86.5,15.3,13.4,10.13,14.3,41.3,0,954.5,189,0.8,3.6,0,0,0,0,0,0,0,369,100,23,97
TAE,2019,9,27,1,16.7,78.7,14.9,13,9.87,14.4,41.8,0,954.2,216,1.4,4.1,0,0,0,0,0,0,0,364,94,24,97
TAE,2019,9,27,2,16.4,79.1,14.8,12.8,9.8,14.2,41.3,0,953.9,221,1,3.5,0,0,0,0,0,0,0,356,81,24,97
TAE,2019,9,27,3,16.4,78.3,14.6,12.6,9.67,14.1,41,0,953.8,225,0.8,2.6,0,0,0,0,0,0,0,344,59,24,97
TAE,2019,9,27,4,15.9,81.6,14.8,12.8,9.81,14,40.8,0,953.4,220,0.9,3.4,0,0,0,0,0,0,0,355,80,24,97
TAE,2019,9,27,5,15.5,85.9,15.1,13.2,10.01,14.1,40.9,0,953.1,270,0.4,1.5,0,0,0,0,0,0,0,366,100,24,97
TAE,2019,9,27,6,15.4,86.9,15.2,13.2,10.08,14.1,41,0,953,239,0.7,1.8,2,0,2,1,1,1,1,358,88,24,97
TAE,2019,9,27,7,16.2,82.1,15.1,13.1,10.01,14.3,41.6,0,953,243,0.5,1.2,18,0,18,11,11,10,11,366,100,24,97
TAE,2019,9,27,8,16.5,81.9,15.3,13.4,10.15,14.6,42.3,0,952.9,243,0.5,1.1,62,0,62,38,37,36,37,370,100,24,97
TAE,2019,9,27,9,17.4,76.1,15.1,13.1,10.02,14.8,42.9,0,952.6,215,1.3,5.3,332,215,223,131,304,292,129,359,78,24,97
TAE,2019,9,27,10,18.5,71.8,15.3,13.3,10.16,15.3,44.4,0,952.3,225,2,8.3,397,244,250,147,290,362,145,354,68,24,97
TAE,2019,9,27,11,19.9,66,15.3,13.4,10.16,15.8,45.8,0,952,224,3.3,10.9,545,457,250,146,315,573,145,357,50,24,97
TAE,2019,9,27,12,21.1,60.2,15,13.1,9.96,16.1,46.5,0,951.6,231,4.3,9.8,679,884,103,99,123,841,234,357,50,24,97
TAE,2019,9,27,13,21.6,54.6,14.1,12.1,9.36,15.8,45.5,0,951.5,226,3.4,10,616,761,147,107,107,738,446,369,75,24,97
TAE,2019,9,27,14,21.5,55.8,14.3,12.3,9.49,15.8,45.7,0,951.9,268,3.9,9.3,369,318,202,125,124,356,350,368,60,24,97
TAE,2019,9,27,15,20,64.2,15,13,9.96,15.7,45.4,0,952.2,310,4,7.7,357,569,123,80,80,408,568,358,43,24,97
TAE,2019,9,27,16,18.5,67.7,14.4,12.4,9.55,14.8,42.8,0,952.7,296,2.8,7.9,148,223,87,52,52,143,270,360,71,24,97
TAE,2019,9,27,17,17.6,67.8,13.6,11.6,9.01,14,40.5,0,952.9,273,2.1,5.4,39,34,34,21,21,28,55,362,71,24,97
TAE,2019,9,27,18,16,75.4,13.7,11.7,9.07,13.4,39,0,953,259,0.7,2.8,0,0,0,0,0,0,0,362,81,24,97
TAE,2019,9,27,19,15.7,77.4,13.8,11.8,9.14,13.4,38.9,0,953.3,243,0.7,1.6,0,0,0,0,0,0,0,372,100,24,97
TAE,2019,9,27,20,15,84.7,14.4,12.4,9.54,13.4,39.2,0.1,953.5,262,0.9,2.3,0,0,0,0,0,0,0,371,100,24,97
TAE,2019,9,27,21,14.4,90.4,14.8,12.8,9.81,13.4,39.3,0,953.5,252,0.5,1.6,0,0,0,0,0,0,0,370,100,24,97
TAE,2019,9,27,22,14.2,93.8,15.2,13.2,10.08,13.6,39.7,0.7,953.4,180,0.5,1.5,0,0,0,0,0,0,0,369,100,24,97
TAE,2019,9,27,23,14.5,93,15.3,13.4,10.14,13.8,40.2,3.3,953.9,276,1.3,4.4,0,0,0,0,0,0,0,368,100,24,97
TAE,2019,9,28,0,13.9,90.8,14.4,12.4,9.53,13,38,3.9,954.3,279,2.8,7.4,0,0,0,0,0,0,0,367,100,24,97
TAE,2019,9,28,1,13.4,90.2,13.8,11.8,9.12,12.5,36.5,2.2,954.9,268,3,7.4,0,0,0,0,0,0,0,366,100,24,98
TAE,2019,9,28,2,13.1,89,13.4,11.3,8.85,12.1,35.5,0.7,955.3,234,2.9,7.3,0,0,0,0,0,0,0,357,88,24,98
TAE,2019,9,28,3,13,88,13.2,11.1,8.71,11.9,35.1,0,955.8,238,1.4,6.6,0,0,0,0,0,0,0,349,90,24,98
TAE,2019,9,28,4,12.9,88.5,13.2,11,8.71,11.8,35,0,956,221,1.2,4.4,0,0,0,0,0,0,0,353,88,24,98
TAE,2019,9,28,5,13.2,85.8,13,10.9,8.58,11.9,34.9,0,955.9,211,2.1,6.1,0,0,0,0,0,0,0,355,94,24,98
TAE,2019,9,28,6,13.1,86.4,13,10.9,8.57,11.8,34.8,0,956.1,204,2,4.8,5,0,5,3,3,3,3,358,94,24,98
TAE,2019,9,28,7,13.4,84.6,13,10.9,8.57,12,35.1,0,956.7,217,1,2.9,70,31,65,40,70,46,38,349,88,24,98
TAE,2019,9,28,8,14,78.6,12.6,10.3,8.3,11.9,35,0,957.4,210,1.4,4.8,167,63,144,87,146,119,84,359,94,24,98
TAE,2019,9,28,9,14.9,71.4,12.1,9.8,7.96,12,35.1,0,957.5,211,2.7,7.4,303,165,221,130,265,253,127,352,81,24,98
TAE,2019,9,28,10,15.8,64.8,11.6,9.2,7.63,12.1,35.2,0,957.1,221,3.6,8,527,570,189,120,427,594,120,341,68,24,98
TAE,2019,9,28,11,17.1,58.5,11.4,8.9,7.5,12.4,36.2,0,957.2,239,2.8,7.5,556,528,221,141,326,604,141,342,68,24,98
TAE,2019,9,28,12,17.6,54,10.8,8.2,7.1,12.3,35.7,0,956.5,266,3.2,9.2,547,427,271,155,179,568,258,356,88,24,98
TAE,2019,9,28,13,17.6,58,11.6,9.2,7.64,12.8,37,0,956.4,270,2.9,6.5,500,532,180,118,118,560,382,352,64,24,98
TAE,2019,9,28,14,17.7,57.4,11.6,9.2,7.64,12.8,37.2,0,956.2,262,2.5,6.4,403,312,238,137,136,388,373,351,75,24,98
TAE,2019,9,28,15,17.7,57.8,11.7,9.3,7.71,12.9,37.3,0,955.9,263,1.9,4.9,220,100,177,106,105,169,193,365,88,24,98
TAE,2019,9,28,16,17,63.4,12.3,10,8.11,12.9,37.6,0,955.8,310,1.7,4.4,42,1,42,25,25,25,26,363,100,24,98
TAE,2019,9,28,17,16.3,72.6,13.4,11.4,8.84,13.4,38.8,0,956,297,0.6,1.3,3,0,3,2,2,2,2,362,100,24,98
TAE,2019,9,28,18,15.1,75.4,12.9,10.8,8.51,12.6,36.7,0,956.3,252,1,1.9,0,0,0,0,0,0,0,361,94,24,98
TAE,2019,9,28,19,13.9,75.7,12,9.7,7.9,11.5,33.9,0,956.4,257,0.9,1.9,0,0,0,0,0,0,0,346,78,24,98
TAE,2019,9,28,20,13.3,77.9,11.9,9.5,7.84,11.2,33.2,0,956.5,249,0.9,1.8,0,0,0,0,0,0,0,340,69,24,98
TAE,2019,9,28,21,12.1,82.6,11.7,9.2,7.7,10.5,31.6,0,956.6,252,0.7,2,0,0,0,0,0,0,0,306,19,24,98
TAE,2019,9,28,22,10.7,89.4,11.5,9,7.57,9.8,29.8,0,956.5,198,0.7,1.4,0,0,0,0,0,0,0,307,13,24,98
TAE,2019,9,28,23,10.2,90.6,11.3,8.7,7.44,9.4,29,0,956.2,180,0.6,1.4,0,0,0,0,0,0,0,317,41,24,98
TAE,2019,9,29,0,10,90.9,11.2,8.6,7.38,9.2,28.6,0,955.7,180,0.7,1.3,0,0,0,0,0,0,0,303,25,24,98
TAE,2019,9,29,1,9.7,92.1,11.1,8.5,7.31,9.1,28.2,0,955,180,0.6,1.5,0,0,0,0,0,0,0,285,0,23,98
TAE,2019,9,29,2,8.7,93.9,10.6,7.8,6.99,8.2,26.3,0,954.4,180,0.5,1.3,0,0,0,0,0,0,0,285,0,23,98
TAE,2019,9,29,3,8.3,94.3,10.3,7.4,6.79,7.8,25.4,0,953.8,135,0.4,1.1,0,0,0,0,0,0,0,285,0,23,98
TAE,2019,9,29,4,7.9,94.1,10,7,6.6,7.4,24.5,0,953.1,162,0.4,1.4,0,0,0,0,0,0,0,285,0,23,98
TAE,2019,9,29,5,7.2,95.3,9.7,6.5,6.4,6.8,23.3,0,952.7,180,0.3,1.6,0,0,0,0,0,0,0,284,0,23,98
TAE,2019,9,29,6,7.2,95,9.6,6.5,6.33,6.8,23.2,0,952.2,180,0.1,0.7,21,95,13,7,103,24,7,288,0,23,98
TAE,2019,9,29,7,10.2,89.9,11.1,8.6,7.34,9.3,28.7,0,951.7,180,0.4,1.4,162,522,54,34,545,205,34,289,0,23,98
TAE,2019,9,29,8,15.3,68.1,11.8,9.5,7.81,12,35.1,0,951.5,218,1.6,6.3,331,728,70,54,690,422,55,287,0,23,98
TAE,2019,9,29,9,17.2,59.8,11.8,9.3,7.81,12.7,37.1,0,951.3,233,2.2,6.7,486,849,73,69,665,622,72,289,0,23,98
TAE,2019,9,29,10,18.2,56.7,11.8,9.5,7.82,13.2,38.1,0,950.5,225,3,8.5,589,860,90,84,512,745,87,292,0,23,98
TAE,2019,9,29,11,19.1,53,11.7,9.3,7.76,13.4,38.9,0,949.6,235,3.7,10.2,649,864,101,93,316,815,96,294,0,23,98
TAE,2019,9,29,12,20,52.1,12.2,9.9,8.1,14.1,40.7,0,948.7,203,4.1,8.2,679,914,92,93,113,860,229,316,35,23,98
TAE,2019,9,29,13,20.6,48.7,11.8,9.4,7.84,14,40.6,0,948.4,216,3.5,7.9,619,872,92,88,89,782,450,320,31,23,98
TAE,2019,9,29,14,21.1,48.1,12,9.7,7.97,14.4,41.5,0,948.1,223,3.4,9.3,515,796,98,79,79,647,596,298,0,23,98
TAE,2019,9,29,15,21.2,48.4,12.2,9.9,8.12,14.5,41.9,0,947,208,3,7.2,351,570,112,74,74,415,545,340,50,23,98
TAE,2019,9,29,16,20.2,54.2,12.8,10.7,8.53,14.5,42,0,946.5,197,2.1,5.4,219,518,92,54,54,258,559,335,45,23,98
TAE,2019,9,29,17,17.7,65.9,13.3,11.3,8.87,13.9,40.3,0,946.2,225,1.1,2.9,55,226,25,15,15,69,242,321,50,23,98
TAE,2019,9,29,18,17.1,62.3,12.1,9.8,8.06,12.9,37.6,0,946,243,1,3.4,0,0,0,0,0,0,0,346,64,23,98
TAE,2019,9,29,19,19.6,45,10.2,7.4,6.78,12.7,36.9,0,946.6,234,2.2,7.6,0,0,0,0,0,0,0,371,100,23,98
TAE,2019,9,29,20,18.5,52.5,11.2,8.6,7.45,12.8,37.5,0.4,946.4,229,2.9,11.2,0,0,0,0,0,0,0,367,94,23,98
TAE,2019,9,29,21,18.7,48.6,10.5,7.7,6.98,12.5,36.5,0,946,221,2.1,6.6,0,0,0,0,0,0,0,327,41,23,98
TAE,2019,9,29,22,19.8,45.1,10.4,7.6,6.91,12.9,37.5,0,946.3,271,4.1,9.8,0,0,0,0,0,0,0,317,19,23,98
TAE,2019,9,29,23,18.6,53.6,11.5,9,7.65,13.1,38.1,0,947.1,279,4,9,0,0,0,0,0,0,0,336,49,23,98
TAE,2019,9,30,0,18.7,55.5,12,9.6,7.98,13.4,39,0,947.7,270,4.1,12.8,0,0,0,0,0,0,0,355,80,23,98
TAE,2019,9,30,1,18.6,57.9,12.3,10.2,8.17,13.7,39.4,0,948.2,271,4.6,11.9,0,0,0,0,0,0,0,363,88,24,98
TAE,2019,9,30,2,18.1,62.7,13,10.9,8.64,13.8,40.1,0,948.4,263,3.6,9.8,0,0,0,0,0,0,0,350,64,24,98
TAE,2019,9,30,3,18.3,60.1,12.6,10.4,8.37,13.7,39.6,0,948.9,255,5,13,0,0,0,0,0,0,0,336,38,24,98
TAE,2019,9,30,4,15.7,76,13.5,11.5,8.97,13.2,38.5,0,949.9,287,4.7,10.5,0,0,0,0,0,0,0,334,50,24,98
TAE,2019,9,30,5,14.6,78.4,13,10.9,8.63,12.4,36.5,0,950.4,269,4.7,12.7,0,0,0,0,0,0,0,321,36,24,98
TAE,2019,9,30,6,14.4,77.6,12.7,10.5,8.42,12.1,35.7,0,951.3,260,3.5,10.3,4,0,4,3,3,2,3,339,65,24,98
TAE,2019,9,30,7,14.3,78.8,12.9,10.7,8.54,12.2,36,0,952.3,264,3.8,9.9,49,3,48,29,32,28,28,352,84,24,98
TAE,2019,9,30,8,14.2,78.2,12.7,10.5,8.4,12.1,35.5,0,953.1,260,3.6,10.3,145,45,127,76,117,101,74,360,88,24,98
TAE,2019,9,30,9,14.7,71.6,12,9.6,7.93,11.8,34.8,0,953.8,265,3.3,8.2,176,13,170,103,113,107,100,366,100,24,98
TAE,2019,9,30,10,15.7,66.9,11.9,9.6,7.86,12.2,35.7,0,954,257,3.7,7.8,399,210,277,160,291,349,156,357,88,24,98
TAE,2019,9,30,11,16.2,67.6,12.4,10.2,8.19,12.7,37,0,954.3,260,2.9,8.1,343,104,277,164,203,261,159,358,88,24,98
TAE,2019,9,30,12,16.3,67.3,12.5,10.2,8.26,12.8,37.3,0,954.1,273,2.4,5.3,331,92,273,162,164,248,188,364,88,24,98
TAE,2019,9,30,13,17,66.7,12.9,10.8,8.53,13.4,38.7,0,953.8,298,2.4,6.6,363,120,291,172,170,280,235,354,75,24,98
TAE,2019,9,30,14,17,64.5,12.5,10.3,8.26,13.1,38,0,953.7,300,2.6,5.5,390,416,182,111,110,416,414,349,69,24,98
TAE,2019,9,30,15,17.2,62.1,12.2,9.9,8.06,13,37.7,0,953.5,289,1.9,5.6,328,461,139,85,85,368,475,326,50,24,98
TAE,2019,9,30,16,16.1,68.2,12.4,10.1,8.2,12.6,36.9,0,953.5,290,1.7,3.8,137,142,102,61,60,117,200,334,61,24,98
TAE,2019,9,30,17,14.6,74.8,12.3,10,8.14,12,35.3,0,953.5,279,0.7,1.8,54,228,25,15,15,69,243,337,64,24,98
TAE,2019,9,30,18,13,81,12,9.6,7.91,11.1,33.1,0,953.4,211,0.7,2.1,0,0,0,0,0,0,0,359,100,24,98
TAE,2019,9,30,19,11.8,85.5,11.7,9.3,7.73,10.4,31.3,0,953.3,216,0.9,2.3,0,0,0,0,0,0,0,352,81,24,98
TAE,2019,9,30,20,11,87.4,11.4,8.9,7.52,9.8,30,0,953.5,212,1,2.6,0,0,0,0,0,0,0,332,60,24,98
TAE,2019,9,30,21,10.2,89.5,11.1,8.5,7.33,9.3,28.7,0,954.1,217,1,2.2,0,0,0,0,0,0,0,305,33,24,98
TAE,2019,9,30,22,9.7,90.4,10.9,8.2,7.15,8.9,27.8,0,954.7,207,1,2,0,0,0,0,0,0,0,301,25,24,98
TAE,2019,9,30,23,9.5,89.8,10.6,7.9,7.01,8.6,27.2,0,955.5,191,0.5,1.1,0,0,0,0,0,0,0,300,29,24,98
TAE,2005,10,1,0,9.4,89.4,10.5,7.7,6.91,8.5,26.8,0,956.3,259,0.6,1.9,0,0,0,0,0,0,0,334,84,26,98
TAE,2005,10,1,1,9.4,88.7,10.4,7.6,6.87,8.4,26.7,0,957,135,0.3,1.2,0,0,0,0,0,0,0,342,100,26,98
TAE,2005,10,1,2,9.4,88.3,10.4,7.6,6.85,8.4,26.7,0,957.3,90,0.2,0.9,0,0,0,0,0,0,0,335,94,26,98
TAE,2005,10,1,3,9.6,87.6,10.5,7.6,6.87,8.5,26.9,0,957.6,72,0.3,1.4,0,0,0,0,0,0,0,342,100,26,98
TAE,2005,10,1,4,9.7,87.5,10.5,7.7,6.92,8.6,27.2,0,957.4,90,0.2,1.4,0,0,0,0,0,0,0,343,100,26,98
TAE,2005,10,1,5,10,86.8,10.6,7.8,6.98,8.8,27.6,0,957,63,0.3,1.7,6,1,6,4,5,4,3,343,100,26,98
TAE,2005,10,1,6,10.2,86.4,10.7,8,7.05,9,28,0,956.5,117,0.2,1.2,38,3,38,24,26,23,23,344,100,26,98
TAE,2005,10,1,7,10.8,82.7,10.7,7.9,7.01,9.3,28.5,0,956.2,59,0.6,2.4,113,15,108,67,80,72,65,347,100,26,98
TAE,2005,10,1,8,11.4,80.8,10.9,8.2,7.18,9.7,29.5,0,955.8,90,0.3,1.4,109,0,109,68,67,65,66,349,100,26,98
TAE,2005,10,1,9,12.8,66.4,9.8,6.7,6.45,9.6,29.1,0,955.3,207,1.6,6,152,6,149,92,95,93,90,352,100,26,98
TAE,2005,10,1,10,13.2,63.1,9.6,6.3,6.32,9.6,29.2,0,954.5,217,2.7,9.5,157,0,157,98,97,93,95,354,100,26,98
TAE,2005,10,1,11,13.9,60.5,9.6,6.4,6.32,9.9,29.9,0,954,228,3,8.1,46,0,46,29,28,27,28,357,100,26,98
TAE,2005,10,1,12,13.8,65.2,10.3,7.4,6.79,10.3,31,0,953.8,237,2.8,7.6,41,0,41,25,25,24,25,358,100,26,98
TAE,2005,10,1,13,12.3,82.8,11.8,9.5,7.79,10.7,32,0.2,953.5,213,4.3,10.3,55,0,55,34,34,33,33,358,100,26,98
TAE,2005,10,1,14,11.8,86.7,12,9.7,7.93,10.6,31.9,2.7,953.2,202,3.7,11.1,27,0,27,17,17,16,16,358,100,26,98
TAE,2005,10,1,15,11.8,88.7,12.3,10,8.13,10.8,32.4,1.8,952.8,213,3,9.9,17,0,17,11,11,10,10,358,100,26,98
TAE,2005,10,1,16,12,88.2,12.4,10.1,8.2,10.9,32.7,0.4,952.9,219,3.3,7.5,2,0,2,1,1,1,1,358,100,26,98
TAE,2005,10,1,17,12.1,89.3,12.6,10.4,8.34,11.1,33.2,0.2,952.8,214,2.6,6.9,0,0,0,0,0,0,0,358,94,26,98
TAE,2005,10,1,18,12.2,89.6,12.8,10.5,8.47,11.2,33.6,1.5,953.1,216,2.7,7.3,0,0,0,0,0,0,0,358,100,26,98
TAE,2005,10,1,19,12.4,90,13,10.8,8.6,11.5,34.2,4.2,953.2,219,2.6,7.1,0,0,0,0,0,0,0,356,100,26,98
TAE,2005,10,1,20,12.6,89.6,13.1,10.9,8.67,11.6,34.5,1.8,952.9,215,2.4,6.3,0,0,0,0,0,0,0,355,100,26,98
TAE,2005,10,1,21,12.8,89.8,13.2,11.2,8.74,11.9,34.9,0.7,952.8,221,2.1,5.9,0,0,0,0,0,0,0,353,100,26,98
TAE,2005,10,1,22,12.8,89.8,13.2,11.2,8.74,11.9,34.9,1.2,952.7,235,1.9,6.3,0,0,0,0,0,0,0,352,100,26,98
TAE,2005,10,1,23,11.6,90.3,12.3,10.1,8.13,10.8,32.2,3.4,953.5,264,3.8,7.8,0,0,0,0,0,0,0,350,100,26,98
TAE,2005,10,2,0,9.8,89.9,10.9,8.2,7.19,8.9,27.9,0.8,954.2,279,2.1,6.5,0,0,0,0,0,0,0,349,100,26,98
TAE,2005,10,2,1,9.5,88.9,10.6,7.8,6.98,8.6,27.1,0.4,954.7,227,1.6,3.9,0,0,0,0,0,0,0,347,100,26,98
TAE,2005,10,2,2,9.3,89.2,10.4,7.6,6.85,8.4,26.6,0.3,954.7,239,1.2,3.3,0,0,0,0,0,0,0,345,100,26,98
TAE,2005,10,2,3,9.2,89.8,10.5,7.6,6.92,8.4,26.7,0.2,954.9,247,0.8,3,0,0,0,0,0,0,0,343,100,26,98
TAE,2005,10,2,4,9.1,89.5,10.4,7.5,6.85,8.3,26.4,1.2,955,221,1,3.1,0,0,0,0,0,0,0,342,100,26,98
TAE,2005,10,2,5,9,88.7,10.2,7.2,6.71,8.1,25.9,1,955.1,197,1.4,3.8,1,0,1,1,1,0,1,340,100,26,98
TAE,2005,10,2,6,8.9,89.8,10.2,7.3,6.71,8.1,25.8,1.6,955.5,236,0.5,1.6,16,0,16,10,10,9,9,339,100,26,98
TAE,2005,10,2,7,8.8,91.4,10.4,7.5,6.84,8.1,26.1,2.1,955.5,225,0.4,1.6,104,91,72,44,127,97,43,338,100,26,98
TAE,2005,10,2,8,8.9,90.2,10.3,7.4,6.78,8.1,26,1.1,955.8,211,0.6,1.9,58,0,58,36,35,34,35,338,100,26,98
TAE,2005,10,2,9,9.2,86.5,10,7.1,6.58,8.1,25.8,0.6,955.9,243,0.9,2.8,89,1,89,55,55,53,53,337,100,26,98
TAE,2005,10,2,10,8.9,86.4,9.9,6.8,6.51,7.8,25.3,1,956.4,243,0.7,2.4,66,0,66,41,40,39,40,337,100,26,98
TAE,2005,10,2,11,9.2,86.9,10.1,7.1,6.64,8.1,26,0.7,956.1,238,1,3.4,81,0,81,50,50,48,49,336,100,26,98
TAE,2005,10,2,12,8.8,85.4,9.7,6.5,6.37,7.6,24.9,0.4,956.3,212,1.6,3.7,56,0,56,35,35,33,34,336,100,26,98
TAE,2005,10,2,13,8.7,85,9.6,6.3,6.31,7.5,24.6,0.8,956.5,220,0.8,2.4,49,0,49,31,30,29,30,335,100,26,98
TAE,2005,10,2,14,8.6,87.1,9.8,6.6,6.44,7.6,24.8,0.6,956.5,189,1.3,3.2,47,0,47,29,29,28,29,335,100,26,98
TAE,2005,10,2,15,8.6,86.5,9.7,6.5,6.37,7.5,24.7,0.4,956.8,108,0.4,1.3,29,4,28,18,17,18,21,334,100,26,98
TAE,2005,10,2,16,8.3,89.3,9.8,6.6,6.44,7.4,24.5,0.6,957,360,0.5,2.1,20,22,19,12,11,15,34,334,100,26,98
TAE,2005,10,2,17,8.3,91.3,10,7,6.56,7.6,24.9,1.4,957.5,326,0.4,1.3,0,0,0,0,0,0,0,333,100,26,98
TAE,2005,10,2,18,8.2,91.5,10,6.9,6.56,7.5,24.7,0.7,957.8,349,0.7,1.8,0,0,0,0,0,0,0,333,100,26,98
TAE,2005,10,2,19,8.1,93,10.1,7,6.63,7.5,24.8,1.2,958.1,40,0.9,5,0,0,0,0,0,0,0,333,100,26,98
TAE,2005,10,2,20,7.5,90.4,9.4,6,6.16,6.7,23,0.6,958.3,68,1.3,4.7,0,0,0,0,0,0,0,332,100,26,98
TAE,2005,10,2,21,7.5,91.2,9.5,6.2,6.23,6.8,23.2,0.7,958.4,82,0.7,1.9,0,0,0,0,0,0,0,332,100,26,98
TAE,2005,10,2,22,7.6,91.4,9.5,6.3,6.23,6.9,23.3,0.4,958.2,49,1.1,2.7,0,0,0,0,0,0,0,332,100,26,98
TAE,2005,10,2,23,7.7,92.4,9.7,6.5,6.36,7.1,23.7,0.2,957.9,34,1.1,3,0,0,0,0,0,0,0,327,88,26,98
TAE,2005,10,3,0,7.7,91.3,9.6,6.4,6.3,7,23.6,0.1,958,45,0.1,1,0,0,0,0,0,0,0,332,100,28,97
TAE,2005,10,3,1,7.6,92.5,9.6,6.5,6.3,7,23.5,1.2,957.7,270,0.3,1.3,0,0,0,0,0,0,0,323,88,28,97
TAE,2005,10,3,2,7.7,92.3,9.7,6.5,6.37,7.1,23.7,0.5,957.6,240,0.8,2.2,0,0,0,0,0,0,0,332,100,28,97
TAE,2005,10,3,3,7.7,92.8,9.8,6.6,6.43,7.1,23.9,0.8,957.6,235,1.2,2.4,0,0,0,0,0,0,0,332,100,28,97
TAE,2005,10,3,4,7.9,92.3,9.8,6.7,6.43,7.3,24.1,0.4,957.8,222,1.2,2.5,0,0,0,0,0,0,0,332,100,28,97
TAE,2005,10,3,5,7.8,91.8,9.7,6.6,6.36,7.2,23.8,0.2,958,222,1.2,3.2,1,0,1,0,0,0,0,332,100,28,97
TAE,2005,10,3,6,7.7,91.4,9.6,6.4,6.29,7,23.6,0.2,958.4,225,0.7,3.1,27,26,23,14,40,22,14,333,100,28,97
TAE,2005,10,3,7,7.9,92.5,9.9,6.8,6.49,7.3,24.3,0.1,958.4,0,0.1,0.8,109,8,106,67,74,68,65,335,100,28,97
TAE,2005,10,3,8,8.2,91.2,9.9,6.9,6.49,7.5,24.6,0.1,959.1,225,0.4,1.4,336,304,187,118,341,351,117,336,100,28,97
TAE,2005,10,3,9,8.6,90,10.1,7.1,6.62,7.8,25.3,0,959.2,0,0.3,1.2,413,365,213,135,360,443,134,338,100,28,97
TAE,2005,10,3,10,9,90.4,10.4,7.5,6.82,8.2,26.2,0,959.3,27,0.8,2.8,147,3,145,91,91,90,88,339,100,28,97
TAE,2005,10,3,11,9.6,88.3,10.5,7.8,6.88,8.6,27,0,959.2,43,2,4.5,37,0,37,23,23,22,23,328,100,28,97
TAE,2005,10,3,12,9.9,84.6,10.3,7.4,6.75,8.6,27,0,959.2,53,2.6,4.9,66,0,66,41,41,39,40,342,100,28,97
TAE,2005,10,3,13,10.3,81.2,10.2,7.2,6.69,8.7,27.2,0,958.7,60,2.2,5.9,41,0,41,26,26,25,25,342,100,28,97
TAE,2005,10,3,14,10.1,83,10.3,7.3,6.75,8.6,27.2,0,959.1,49,2.2,4.6,26,0,26,16,16,15,16,342,100,28,97
TAE,2005,10,3,15,9.8,83.9,10.2,7.2,6.69,8.4,26.7,0,959.1,61,1.3,3.3,24,0,24,15,15,14,15,342,100,28,97
TAE,2005,10,3,16,9.4,88.1,10.4,7.5,6.82,8.4,26.6,0.1,959.1,180,0.4,1.4,2,0,2,1,1,1,1,342,100,28,97
TAE,2005,10,3,17,9.5,92.4,11,8.3,7.22,8.9,27.7,0.7,958.9,343,1.2,3.1,0,0,0,0,0,0,0,342,100,28,97
TAE,2005,10,3,18,9.6,92.6,11.1,8.5,7.29,9,28,1,958.6,353,0.8,2.2,0,0,0,0,0,0,0,343,100,28,97
TAE,2005,10,3,19,9.6,93.3,11.2,8.6,7.36,9.1,28.2,1.5,958.3,32,1,2.3,0,0,0,0,0,0,0,343,100,28,97
TAE,2005,10,3,20,9.7,93.5,11.2,8.7,7.36,9.2,28.3,1.4,957.9,36,0.9,2.3,0,0,0,0,0,0,0,343,100,28,97
TAE,2005,10,3,21,9.8,93.7,11.3,8.8,7.43,9.3,28.5,2.5,957.8,31,0.5,1.5,0,0,0,0,0,0,0,343,100,28,97
TAE,2005,10,3,22,9.8,93.6,11.3,8.8,7.43,9.3,28.6,2.7,957.4,45,0.2,0.7,0,0,0,0,0,0,0,343,100,28,97
TAE,2005,10,3,23,9.8,93.6,11.3,8.8,7.43,9.3,28.6,1.6,956.8,315,0.4,2,0,0,0,0,0,0,0,343,100,28,97
TAE,2005,10,4,0,9.8,93.1,11.3,8.7,7.44,9.2,28.6,0.5,956.4,233,0.9,2.9,0,0,0,0,0,0,0,336,94,30,97
TAE,2005,10,4,1,9.7,92.5,11.1,8.5,7.31,9.1,28.1,0.8,956.2,230,0.7,2.3,0,0,0,0,0,0,0,343,100,30,97
TAE,2005,10,4,2,9.4,92.8,10.9,8.3,7.18,8.8,27.5,0.1,955.8,243,0.9,2,0,0,0,0,0,0,0,342,100,30,97
TAE,2005,10,4,3,9.4,92.6,10.9,8.3,7.18,8.8,27.5,0.1,955.7,243,0.7,1.7,0,0,0,0,0,0,0,329,70,30,97
TAE,2005,10,4,4,9.5,92.6,11,8.4,7.24,8.9,27.8,0,955.7,243,0.3,1.1,0,0,0,0,0,0,0,273,0,30,97
TAE,2005,10,4,5,9.8,92.7,11.2,8.7,7.37,9.2,28.4,0,956.2,63,0.3,1.1,13,53,9,6,59,17,6,281,10,30,97
TAE,2005,10,4,6,10,93.3,11.5,9,7.57,9.5,29.1,0,956.4,333,0.5,1.4,161,457,74,46,499,219,47,321,53,30,97
TAE,2005,10,4,7,10.3,91,11.4,8.9,7.5,9.5,29.3,0,956.6,330,0.8,2.4,259,370,129,84,416,303,83,302,40,30,97
TAE,2005,10,4,8,11.1,84.9,11.2,8.7,7.37,9.8,29.7,0,956.9,338,1.7,3.3,298,275,177,116,335,307,114,306,53,30,97
TAE,2005,10,4,9,12.1,79.3,11.2,8.6,7.37,10.2,30.7,0,957,37,1.1,3.1,379,293,212,139,290,394,138,321,75,30,97
TAE,2005,10,4,10,11.9,79.8,11.1,8.5,7.3,10,30.4,0,957.1,39,0.7,2.5,341,80,293,185,217,259,180,348,100,30,97
TAE,2005,10,4,11,12.9,76.5,11.4,8.9,7.5,10.7,31.9,0,957.1,48,1.5,3.8,322,55,287,182,186,231,189,347,94,30,97
TAE,2005,10,4,12,13.3,73.9,11.3,8.7,7.43,10.8,32.1,0,957.1,14,0.6,3,37,0,37,24,24,23,23,357,100,30,97
TAE,2005,10,4,13,13.3,76,11.6,9.2,7.63,11,32.6,0,957.3,54,0.9,2.8,36,0,36,23,23,22,22,357,100,30,97
TAE,2005,10,4,14,12.9,81.1,12,9.7,7.9,11.1,32.9,0,957.3,121,0.6,1.5,18,0,18,12,12,11,11,356,100,30,97
TAE,2005,10,4,15,12.5,83.6,12.1,9.8,7.96,11,32.7,0,957.3,150,0.8,1.9,9,0,9,6,6,6,6,355,100,30,97
TAE,2005,10,4,16,12.2,84.8,12,9.7,7.9,10.8,32.2,0,957.4,167,0.9,2.4,2,0,2,1,1,1,1,354,100,30,97
TAE,2005,10,4,17,11.9,85.6,12,9.6,7.89,10.6,31.9,0,957.5,191,1.5,8.6,0,0,0,0,0,0,0,353,100,30,97
TAE,2005,10,4,18,11.8,85.8,11.9,9.5,7.83,10.5,31.6,0.1,957.4,201,3.2,10.3,0,0,0,0,0,0,0,353,100,30,97
TAE,2005,10,4,19,11.5,89.3,12.1,9.8,7.96,10.5,31.6,0.1,957.9,288,0.8,3.5,0,0,0,0,0,0,0,351,100,30,97
TAE,2005,10,4,20,11.2,92.3,12.3,10,8.08,10.5,31.6,0.8,959,135,0.4,2.6,0,0,0,0,0,0,0,350,100,30,97
TAE,2005,10,4,21,11.3,92.9,12.4,10.2,8.16,10.7,31.9,2.1,957.9,360,1.6,7,0,0,0,0,0,0,0,339,94,30,97
TAE,2005,10,4,22,11,91.6,12,9.7,7.89,10.3,30.9,0.1,958.2,121,0.7,2.2,0,0,0,0,0,0,0,316,61,30,97
TAE,2005,10,4,23,10.1,92.6,11.4,9,7.49,9.5,29,0,958.5,90,0.3,1.6,0,0,0,0,0,0,0,347,100,30,97
TAE,2005,10,5,0,9.3,93.4,10.9,8.3,7.16,8.8,27.4,0,958.3,225,0.3,1.4,0,0,0,0,0,0,0,346,100,31,97
TAE,2005,10,5,1,9.1,93.4,10.8,8.1,7.09,8.6,27,0,958.3,194,0.5,2.1,0,0,0,0,0,0,0,345,100,31,97
TAE,2005,10,5,2,9.3,93.2,10.9,8.3,7.16,8.8,27.4,0.1,958.1,180,0.5,1.9,0,0,0,0,0,0,0,344,100,31,97
TAE,2005,10,5,3,9.4,93.4,11,8.4,7.22,8.9,27.6,0,958.3,243,0.3,1.7,0,0,0,0,0,0,0,335,81,31,97
TAE,2005,10,5,4,9.7,93.3,11.3,8.7,7.42,9.2,28.4,0,958.7,0,0.3,1.1,0,0,0,0,0,0,0,321,61,31,97
TAE,2005,10,5,5,9.6,93.3,11.2,8.6,7.35,9.1,28.2,0,958.8,236,0.4,1.3,1,0,1,1,1,1,1,323,75,31,97
TAE,2005,10,5,6,9.5,93.1,11.1,8.4,7.28,8.9,27.9,0,959.2,225,0.3,1.1,112,262,60,39,296,143,39,315,45,31,97
TAE,2005,10,5,7,10.5,91.8,11.6,9.2,7.61,9.8,29.7,0,959.5,90,0.2,1,271,451,124,83,494,338,83,310,36,31,97
TAE,2005,10,5,8,11.7,88.9,12.2,9.9,8.01,10.7,32,0,959.6,360,0.9,2.9,348,397,174,120,429,398,119,307,44,31,97
TAE,2005,10,5,9,12,87.8,12.3,10,8.08,10.9,32.4,0,959.7,356,1.7,3.7,166,5,163,105,108,105,102,326,94,31,97
TAE,2005,10,5,10,12.3,85.9,12.3,10,8.08,11,32.8,0,959.2,344,1.4,3.1,272,22,258,167,174,182,162,333,81,31,97
TAE,2005,10,5,11,13.1,81.1,12.2,9.9,8.02,11.3,33.4,0,958.9,340,1.2,2.8,166,15,157,102,104,112,99,352,100,31,97
TAE,2005,10,5,12,13,83.1,12.5,10.2,8.22,11.4,33.8,0,958.7,357,2,4,97,0,97,63,62,60,61,353,100,31,97
TAE,2005,10,5,13,12.9,82.9,12.3,10.1,8.08,11.3,33.4,0,958.6,349,1.5,3.3,90,0,90,58,58,56,57,357,100,31,97
TAE,2005,10,5,14,12.9,82.5,12.3,10,8.09,11.3,33.4,0,958.5,346,0.9,2.6,74,2,74,48,47,47,48,357,100,31,97
TAE,2005,10,5,15,13,82.9,12.5,10.2,8.22,11.4,33.8,0,958.7,34,0.8,2.2,18,0,18,12,12,11,11,348,100,31,97
TAE,2005,10,5,16,12.7,85.1,12.5,10.3,8.22,11.3,33.5,0,958.9,34,0.4,2.2,14,16,12,8,8,12,24,356,81,31,97
TAE,2005,10,5,17,11.7,90.9,12.5,10.3,8.21,10.9,32.5,0,959,207,0.5,2,0,0,0,0,0,0,0,339,54,31,97
TAE,2005,10,5,18,10.9,91.9,12,9.6,7.88,10.2,30.8,0,959.6,194,0.5,2.3,0,0,0,0,0,0,0,348,88,31,97
TAE,2005,10,5,19,11.3,91.2,12.2,9.9,8.01,10.5,31.6,0,959.2,211,0.6,2.3,0,0,0,0,0,0,0,334,75,31,97
TAE,2005,10,5,20,11.4,91.6,12.3,10.1,8.08,10.7,31.8,0,959.3,214,0.4,1.6,0,0,0,0,0,0,0,337,61,31,97
TAE,2005,10,5,21,11.5,91.6,12.5,10.2,8.21,10.8,32.3,0,959.2,194,0.6,1.7,0,0,0,0,0,0,0,338,61,31,97
TAE,2005,10,5,22,11.7,91.3,12.5,10.3,8.22,10.9,32.5,0,958.8,135,0.4,1.4,0,0,0,0,0,0,0,333,56,31,97
TAE,2005,10,5,23,11.5,92.1,12.5,10.3,8.22,10.8,32.3,0,958.7,135,0.2,1.1,0,0,0,0,0,0,0,319,13,31,97
TAE,2005,10,6,0,11.6,91.3,12.5,10.2,8.22,10.8,32.4,0,958.5,135,0.3,1.4,0,0,0,0,0,0,0,309,45,35,97
TAE,2005,10,6,1,11.5,92.4,12.6,10.3,8.29,10.8,32.5,0,958.3,315,0.4,1.4,0,0,0,0,0,0,0,319,50,35,97
TAE,2005,10,6,2,11.6,92.4,12.6,10.4,8.29,10.9,32.6,0,958.3,180,0.4,1,0,0,0,0,0,0,0,318,45,35,97
TAE,2005,10,6,3,11.5,92.6,12.5,10.3,8.22,10.8,32.3,0,958.1,63,0.2,1.4,0,0,0,0,0,0,0,322,49,35,97
TAE,2005,10,6,4,11.4,92.3,12.5,10.2,8.22,10.7,32.2,0,958,153,0.2,1.2,0,0,0,0,0,0,0,332,75,35,97
TAE,2005,10,6,5,11.3,92.3,12.3,10.1,8.09,10.6,31.7,0,958.2,56,0.4,1.5,11,39,8,5,45,14,5,328,53,35,97
TAE,2005,10,6,6,11.2,92.1,12.2,10,8.02,10.5,31.5,0,958.3,45,0.2,1.4,110,254,67,46,296,137,46,346,71,35,97
TAE,2005,10,6,7,11.7,91,12.5,10.3,8.22,10.9,32.5,0,958.4,0,0,0.5,173,116,136,91,198,157,89,355,94,35,97
TAE,2005,10,6,8,12.2,88.7,12.6,10.4,8.28,11.2,33.2,0,958.7,14,0.5,1.5,236,78,200,133,194,191,130,336,75,35,97
TAE,2005,10,6,9,12.7,86.1,12.7,10.4,8.35,11.4,33.8,0,958.6,16,0.7,1.9,193,19,183,122,133,134,119,321,88,35,97
TAE,2005,10,6,10,13.6,82.4,12.9,10.7,8.48,11.9,35.1,0,958.6,21,0.9,2.8,342,172,240,164,226,322,161,336,71,35,97
TAE,2005,10,6,11,14.1,81.5,13.1,11,8.62,12.3,36,0,958.4,22,1.6,3.7,236,13,229,152,152,159,151,323,84,35,97
TAE,2005,10,6,12,14.8,80.6,13.5,11.5,8.89,12.9,37.3,0,958.4,12,2,4,124,7,120,80,79,83,83,347,100,35,97
TAE,2005,10,6,13,14.5,82.4,13.6,11.5,8.95,12.7,37.2,0,958.4,356,1.7,3.4,201,36,183,121,120,149,144,345,88,35,97
TAE,2005,10,6,14,14.5,81.1,13.3,11.3,8.75,12.6,36.7,0,958.4,319,1.9,3.5,28,0,28,19,19,18,18,347,100,35,97
TAE,2005,10,6,15,14.4,81.6,13.3,11.3,8.75,12.6,36.6,0,958.6,349,1.5,3,17,0,17,11,11,11,11,339,88,35,97
TAE,2005,10,6,16,14.2,82.8,13.4,11.3,8.82,12.5,36.6,0,958.8,45,0.4,2.1,1,0,1,1,1,1,1,344,94,35,97
TAE,2005,10,6,17,13.6,88,13.7,11.7,9.01,12.5,36.4,0,959.1,207,0.7,1.6,0,0,0,0,0,0,0,331,54,35,97
TAE,2005,10,6,18,13.3,89.7,13.7,11.6,9.01,12.3,36.1,0,959.3,207,0.3,0.9,0,0,0,0,0,0,0,322,40,35,97
TAE,2005,10,6,19,13.3,89.2,13.6,11.6,8.94,12.3,36,0,959.3,211,0.6,1.3,0,0,0,0,0,0,0,332,25,35,97
TAE,2005,10,6,20,13.1,90.2,13.6,11.5,8.94,12.2,35.8,0,959.3,217,0.5,1.7,0,0,0,0,0,0,0,325,29,35,97
TAE,2005,10,6,21,13,90.8,13.6,11.5,8.95,12.1,35.7,0,959,214,0.4,1.4,0,0,0,0,0,0,0,329,40,35,97
TAE,2005,10,6,22,12.8,91.3,13.5,11.4,8.88,12,35.3,0,958.9,0,0.1,1,0,0,0,0,0,0,0,306,25,35,97
TAE,2005,10,6,23,12.6,91.9,13.4,11.3,8.82,11.8,34.9,0,958.7,198,0.3,1.4,0,0,0,0,0,0,0,333,48,35,97
TAE,2005,10,7,0,12.5,90.6,13.1,11,8.62,11.6,34.3,0,958.5,231,0.6,1.6,0,0,0,0,0,0,0,325,16,35,97
TAE,2005,10,7,1,12.2,91.8,13.1,10.9,8.62,11.5,34,0,957.9,304,0.5,1.4,0,0,0,0,0,0,0,320,39,35,97
TAE,2005,10,7,2,11.8,93.7,13,10.8,8.56,11.2,33.5,0,957.6,321,0.6,1.6,0,0,0,0,0,0,0,308,33,35,97
TAE,2005,10,7,3,11.9,93.6,13,10.9,8.56,11.3,33.6,0,957.5,225,0.3,1.7,0,0,0,0,0,0,0,307,29,35,97
TAE,2005,10,7,4,12.1,93,13.1,11,8.63,11.5,33.9,0,957.2,27,0.4,1.6,0,0,0,0,0,0,0,307,0,35,97
TAE,2005,10,7,5,12,94,13.2,11.1,8.7,11.5,34,0,957.3,34,0.4,0.9,7,17,6,4,21,8,4,328,39,35,97
TAE,2005,10,7,6,12.2,93.7,13.3,11.2,8.76,11.6,34.4,0,957.4,270,0.1,0.7,69,114,51,35,147,74,34,341,74,35,97
TAE,2005,10,7,7,12.7,92,13.5,11.4,8.9,11.9,35.2,0,957.4,339,0.9,1.8,152,82,123,82,155,133,80,331,68,35,97
TAE,2005,10,7,8,12.7,91.7,13.4,11.4,8.83,11.9,35.1,0,957.4,27,1.2,2.7,273,152,206,137,261,252,135,347,71,35,97
TAE,2005,10,7,9,12.9,90.3,13.5,11.4,8.9,12,35.4,0,957.2,20,1.3,2.6,387,356,190,136,322,454,136,329,56,35,97
TAE,2005,10,7,10,14.3,84,13.7,11.6,9.04,12.7,37.2,0,956.7,14,1.3,4.5,304,82,256,170,205,247,166,326,36,35,97
TAE,2005,10,7,11,14.8,79.3,13.3,11.3,8.77,12.7,37.1,0,956.4,25,1.7,4.3,480,412,233,169,171,557,275,327,40,35,97
TAE,2005,10,7,12,15.5,74.4,13.1,11,8.64,12.9,37.4,0,956.1,27,2.2,4.9,452,385,232,166,166,515,342,332,54,35,97
TAE,2005,10,7,13,16.2,71.7,13.2,11.1,8.71,13.2,38.3,0,955.7,28,1.5,3.4,320,206,221,147,146,318,297,364,94,35,97
TAE,2005,10,7,14,16.3,71.2,13.2,11.1,8.71,13.2,38.4,0,956,48,1.5,4.1,100,20,92,61,61,74,77,363,100,35,97
TAE,2005,10,7,15,15.6,76.8,13.6,11.5,8.97,13.2,38.4,0,956.4,48,1.3,3.1,40,3,40,26,26,27,28,362,100,35,97
TAE,2005,10,7,16,14.7,84,14,12,9.24,13.1,38.1,0,956.4,90,0.7,2.6,2,0,2,1,1,1,1,360,100,35,97
TAE,2005,10,7,17,13.2,89.1,13.6,11.4,8.97,12.2,35.9,0,956.6,189,0.7,2,0,0,0,0,0,0,0,359,100,35,97
TAE,2005,10,7,18,12.2,90.9,12.9,10.8,8.5,11.4,33.7,0,956.6,207,0.6,2,0,0,0,0,0,0,0,358,100,35,97
TAE,2005,10,7,19,11.2,92.5,12.3,10,8.1,10.5,31.7,0,956.6,90,0.3,1.8,0,0,0,0,0,0,0,356,100,35,97
TAE,2005,10,7,20,11.3,92.4,12.4,10.1,8.17,10.6,31.9,0,956.8,180,0.5,2.3,0,0,0,0,0,0,0,351,94,35,97
TAE,2005,10,7,21,11.3,92.3,12.4,10.1,8.17,10.6,32,0,956.7,198,0.5,2.2,0,0,0,0,0,0,0,339,81,35,97
TAE,2005,10,7,22,10.5,93.2,11.8,9.4,7.77,9.9,30.1,0,956.7,207,0.3,0.9,0,0,0,0,0,0,0,335,58,35,97
TAE,2005,10,7,23,9.2,95.5,11.1,8.5,7.3,8.8,27.6,0,956.8,149,0.6,2.4,0,0,0,0,0,0,0,322,36,35,97
TAE,2005,10,8,0,9,98,11.3,8.7,7.43,8.8,27.7,0,957.1,169,0.6,2.1,0,0,0,0,0,0,0,315,41,32,97
TAE,2005,10,8,1,8.3,97.1,10.6,7.9,6.97,8.1,25.9,0,957.2,0,0.2,0.9,0,0,0,0,0,0,0,330,66,32,97
TAE,2005,10,8,2,8.8,97,11,8.4,7.23,8.6,27,0,957.2,162,0.3,1.7,0,0,0,0,0,0,0,349,100,32,97
TAE,2005,10,8,3,8.8,97.1,11,8.4,7.23,8.6,27,0,957.7,18,0.4,1.8,0,0,0,0,0,0,0,348,100,32,97
TAE,2005,10,8,4,8.9,98.9,11.2,8.7,7.36,8.8,27.5,0,958.1,243,0.2,1.3,0,0,0,0,0,0,0,348,100,32,97
TAE,2005,10,8,5,9,98.5,11.3,8.8,7.42,8.9,27.7,0,958.4,225,0.5,1.5,6,0,6,5,4,4,4,340,90,32,97
TAE,2005,10,8,6,9,98.4,11.3,8.8,7.42,8.9,27.7,0,958.5,360,0.4,2.1,68,86,59,38,123,63,37,349,100,32,97
TAE,2005,10,8,7,9.9,94.7,11.6,9.1,7.62,9.5,29.1,0,958.9,13,1.1,3.5,219,247,140,90,317,239,89,348,100,32,97
TAE,2005,10,8,8,10.5,94.9,12,9.7,7.88,10.1,30.4,0,958.9,34,0.8,2.9,336,320,192,125,371,375,124,323,63,32,97
TAE,2005,10,8,9,11.3,93.3,12.5,10.3,8.21,10.7,32.1,0,959,351,0.7,2.3,422,337,240,154,356,465,153,300,33,32,97
TAE,2005,10,8,10,12.8,89.9,13.3,11.2,8.75,11.9,35,0,958.7,360,0.3,1.8,637,785,175,137,366,871,141,307,36,32,97
TAE,2005,10,8,11,15.9,78,14,12.1,9.22,13.6,39.3,0,958.1,330,1.4,4.5,637,863,124,123,150,903,270,322,19,32,97
TAE,2005,10,8,12,17.3,67.2,13.2,11.2,8.69,13.7,39.4,0,957.8,305,2.2,5,548,768,123,113,114,771,461,331,36,32,97
TAE,2005,10,8,13,17.7,62.9,12.8,10.5,8.43,13.5,39.1,0,957.7,308,1.7,4.8,459,749,105,95,96,660,591,326,36,32,97
TAE,2005,10,8,14,17.9,62.1,12.7,10.5,8.36,13.5,39.2,0,957.5,320,1.8,3.4,330,691,87,73,73,492,651,300,19,32,97
TAE,2005,10,8,15,17.1,66.1,12.9,10.7,8.49,13.3,38.7,0,957.7,309,1.4,2.8,165,476,63,46,46,253,497,295,6,32,97
TAE,2005,10,8,16,14.9,81.2,13.7,11.7,9.02,13,37.8,0,958,225,0.7,2.1,21,62,15,10,10,27,71,294,0,32,97
TAE,2005,10,8,17,12.2,89.6,12.7,10.5,8.35,11.2,33.3,0,958.2,219,1.3,2.8,0,0,0,0,0,0,0,293,0,32,97
TAE,2005,10,8,18,11.1,90.8,12,9.7,7.89,10.3,31,0,958.6,219,1.3,3,0,0,0,0,0,0,0,292,0,32,97
TAE,2005,10,8,19,10.2,92.4,11.5,9,7.55,9.5,29.3,0,958.9,209,1.1,2.3,0,0,0,0,0,0,0,289,0,32,97
TAE,2005,10,8,20,10.1,92.2,11.4,8.9,7.48,9.4,29,0,959,172,0.8,2,0,0,0,0,0,0,0,287,0,32,97
TAE,2005,10,8,21,8.9,93.3,10.6,7.9,6.95,8.4,26.4,0,959,180,0.6,2,0,0,0,0,0,0,0,285,0,32,97
TAE,2005,10,8,22,8.5,93.2,10.3,7.5,6.75,8,25.5,0,959,166,0.7,2,0,0,0,0,0,0,0,283,0,32,97
TAE,2005,10,8,23,7.8,93.8,10,6.9,6.55,7.3,24.3,0,959.3,158,0.6,1.7,0,0,0,0,0,0,0,281,0,32,97
TAE,2005,10,9,0,7.8,93.5,9.9,6.8,6.48,7.3,24.1,0,959.5,135,0.5,1.9,0,0,0,0,0,0,0,279,0,28,97
TAE,2005,10,9,1,7.2,93.3,9.5,6.2,6.22,6.7,22.9,0,959.8,153,0.3,1.6,0,0,0,0,0,0,0,278,0,28,97
TAE,2005,10,9,2,6.9,94.1,9.3,6,6.08,6.4,22.2,0,960.1,158,0.6,2,0,0,0,0,0,0,0,276,0,28,97
TAE,2005,10,9,3,6.7,93.7,9.2,5.8,6.02,6.3,21.8,0,960.4,153,0.2,1.6,0,0,0,0,0,0,0,274,0,28,97
TAE,2005,10,9,4,6.4,94.4,9.1,5.6,5.95,6,21.4,0,960.8,127,0.5,2.3,0,0,0,0,0,0,0,272,0,28,97
TAE,2005,10,9,5,5.9,94.7,8.8,5.1,5.75,5.5,20.3,0,961.5,0,0,0.8,4,0,4,3,3,3,3,278,23,28,97
TAE,2005,10,9,6,6.5,98.3,9.5,6.3,6.2,6.4,22.1,0,961.9,135,0.2,1,123,390,54,35,412,188,35,275,19,28,97
TAE,2005,10,9,7,7.8,96.3,10.2,7.2,6.66,7.5,24.6,0,962.3,18,0.4,1.5,282,634,84,60,614,420,61,286,33,28,97
TAE,2005,10,9,8,9.6,93.3,11.1,8.6,7.26,9.1,27.9,0,962.1,14,0.4,1.7,430,753,97,80,611,622,82,291,23,28,97
TAE,2005,10,9,9,12.2,85.7,12.2,9.9,7.99,10.9,32.4,0,962.1,42,1.2,2.9,547,847,96,93,505,788,96,290,6,28,97
TAE,2005,10,9,10,13.2,84.2,12.8,10.6,8.39,11.7,34.4,0,962.2,43,2.1,4,607,868,101,101,313,865,105,277,0,28,97
TAE,2005,10,9,11,14.1,80.8,13,10.9,8.52,12.2,35.7,0,961.8,34,1.6,3.1,618,879,101,102,121,881,243,289,25,28,97
TAE,2005,10,9,12,15.5,77.1,13.6,11.5,8.92,13.1,38.1,0,961.9,349,1.6,4.5,558,814,112,99,100,791,461,311,36,28,97
TAE,2005,10,9,13,16.5,70.2,13.2,11.1,8.66,13.3,38.5,0,961.8,360,1.1,3.5,457,743,110,86,87,652,582,288,0,28,97
TAE,2005,10,9,14,17.3,66.7,13.2,11.1,8.66,13.6,39.3,0,961.6,143,1,3,318,637,96,68,68,462,605,276,0,28,97
TAE,2005,10,9,15,16.9,73.1,14.1,12.1,9.26,14,40.4,0,961.6,141,0.7,2,167,520,61,41,41,266,534,275,0,28,97
TAE,2005,10,9,16,14.5,85.2,14.1,12,9.26,13,38,0,961.7,169,0.6,1.5,22,73,15,10,10,31,82,273,0,28,97
TAE,2005,10,9,17,11.6,90.9,12.4,10.2,8.12,10.8,32.1,0,962,214,0.8,2.2,0,0,0,0,0,0,0,272,0,28,97
TAE,2005,10,9,18,9.9,92.4,11.2,8.7,7.33,9.2,28.4,0,962,210,0.8,2.1,0,0,0,0,0,0,0,271,0,28,97
TAE,2005,10,9,19,9.1,92.5,10.7,8,6.99,8.5,26.7,0,962.3,180,0.4,1.3,0,0,0,0,0,0,0,269,0,28,97
TAE,2005,10,9,20,8.3,92.9,10.2,7.2,6.66,7.7,25.1,0,962.1,146,0.3,1.2,0,0,0,0,0,0,0,268,0,28,97
TAE,2005,10,9,21,7.5,93.1,9.7,6.5,6.34,7,23.5,0,961.8,153,0.2,1,0,0,0,0,0,0,0,267,0,28,97
TAE,2005,10,9,22,7.3,93.8,9.6,6.4,6.27,6.8,23.1,0,961.6,180,0.2,0.8,0,0,0,0,0,0,0,265,0,28,97
TAE,2005,10,9,23,6.6,93.5,9.1,5.6,5.94,6.1,21.6,0,961.7,0,0,0.6,0,0,0,0,0,0,0,264,0,28,97
TAE,2005,10,10,0,6.6,95.8,9.3,6,6.07,6.3,21.9,0,961.6,146,0.4,1.4,0,0,0,0,0,0,0,344,100,26,97
TAE,2005,10,10,1,7.7,95.5,10.1,7,6.6,7.3,24.3,0,961.5,180,0.2,0.9,0,0,0,0,0,0,0,343,100,26,97
TAE,2005,10,10,2,7.5,98.3,10.2,7.2,6.67,7.3,24.3,0,961.6,135,0.6,1.5,0,0,0,0,0,0,0,342,100,26,97
TAE,2005,10,10,3,7.2,95,9.7,6.5,6.34,6.8,23.2,0,961.5,172,0.8,1.7,0,0,0,0,0,0,0,341,100,26,97
TAE,2005,10,10,4,7.7,95.7,10.1,7.1,6.6,7.4,24.3,0.1,961.7,189,0.6,1.6,0,0,0,0,0,0,0,340,100,26,97
TAE,2005,10,10,5,8.5,94.5,10.5,7.7,6.87,8.1,25.8,0,961.8,128,1.1,3.7,2,0,2,1,1,1,1,339,100,26,97
TAE,2005,10,10,6,8.9,94,10.7,8,7,8.4,26.5,0,961.9,120,1.4,3.3,52,10,50,31,40,34,30,328,81,26,97
TAE,2005,10,10,7,9.5,94.2,11.2,8.6,7.33,9,28,0,962.1,112,1.1,3,116,11,112,70,79,72,68,285,19,26,97
TAE,2005,10,10,8,10,93.4,11.5,9,7.52,9.5,29,0,962.1,124,0.8,2,133,1,133,82,82,79,80,287,81,26,97
TAE,2005,10,10,9,10.4,90.5,11.4,8.9,7.46,9.6,29.2,0,962,112,0.7,2.1,87,0,87,54,53,51,52,352,100,26,97
TAE,2005,10,10,10,10.9,88.7,11.6,9.1,7.59,9.9,30.1,0,961.6,104,0.5,1.7,99,0,99,62,61,59,60,356,100,26,97
TAE,2005,10,10,11,11.5,86.4,11.7,9.3,7.67,10.3,30.9,0,961,90,0.6,1.8,285,53,254,156,154,204,172,341,84,26,97
TAE,2005,10,10,12,12.6,83.2,12.1,9.8,7.94,11,32.7,0,960.5,27,1.2,3.3,448,392,236,140,139,507,352,304,50,26,97
TAE,2005,10,10,13,13.2,80.5,12.2,9.9,8.01,11.3,33.5,0,960.1,52,1.2,3.2,462,807,90,78,78,681,604,275,13,26,97
TAE,2005,10,10,14,14.1,76.8,12.4,10.1,8.14,11.8,34.7,0,959.6,54,1.4,2.9,313,647,91,63,64,464,604,275,0,26,97
TAE,2005,10,10,15,14,79.2,12.6,10.5,8.28,12,35,0,959.3,36,1.4,2.8,159,470,67,41,41,247,490,305,25,26,97
TAE,2005,10,10,16,12.1,87,12.2,10,8.01,10.9,32.4,0,959.4,124,0.5,1.7,21,68,15,9,9,30,77,356,100,26,97
TAE,2005,10,10,17,10,91.4,11.2,8.7,7.35,9.3,28.6,0,959.3,191,0.5,1.6,0,0,0,0,0,0,0,354,100,26,97
TAE,2005,10,10,18,8.6,93.3,10.5,7.6,6.88,8.1,26,0,959.2,171,0.6,1.4,0,0,0,0,0,0,0,352,100,26,97
TAE,2005,10,10,19,7.9,93.3,9.9,6.9,6.49,7.4,24.2,0,959.2,153,0.3,1.2,0,0,0,0,0,0,0,350,100,26,97
TAE,2005,10,10,20,6.9,95.7,9.5,6.3,6.22,6.6,22.6,0,959,146,0.4,0.9,0,0,0,0,0,0,0,349,100,26,97
TAE,2005,10,10,21,6.7,95.2,9.3,6,6.09,6.4,22,0,958.8,158,0.5,1.2,0,0,0,0,0,0,0,347,100,26,97
TAE,2005,10,10,22,7.8,94.4,10,7,6.56,7.4,24.3,0,958.4,169,0.5,1.3,0,0,0,0,0,0,0,345,100,26,97
TAE,2005,10,10,23,8.9,93.4,10.6,7.9,6.96,8.4,26.4,0,958.3,124,0.4,1.6,0,0,0,0,0,0,0,343,100,26,97
TAE,2005,10,11,0,9.9,96.1,11.7,9.3,7.69,9.6,29.3,0,958.1,130,0.8,2.1,0,0,0,0,0,0,0,261,25,26,97
TAE,2005,10,11,1,10.3,94.8,11.8,9.5,7.76,9.9,29.9,0,957.8,146,0.8,1.7,0,0,0,0,0,0,0,261,25,26,97
TAE,2005,10,11,2,9.9,94.7,11.5,9.1,7.56,9.5,29,0,957.6,149,0.6,1.5,0,0,0,0,0,0,0,262,25,26,97
TAE,2005,10,11,3,9.5,93.9,11.2,8.6,7.36,9,28.1,0,957.7,151,1.2,2.2,0,0,0,0,0,0,0,272,25,26,97
TAE,2005,10,11,4,9.1,93.1,10.8,8,7.1,8.5,27,0,957.6,131,1.1,2.8,0,0,0,0,0,0,0,263,25,26,97
TAE,2005,10,11,5,8.7,94.2,10.6,7.8,6.96,8.2,26.3,0,957.8,198,0.5,1.9,2,0,2,2,2,1,2,264,29,26,97
TAE,2005,10,11,6,8.5,95.4,10.6,7.8,6.96,8.1,26,0,958.3,127,0.6,1.4,75,77,62,38,113,68,37,266,26,26,97
TAE,2005,10,11,7,8.3,94.9,10.4,7.5,6.82,7.9,25.5,0,958.5,112,0.6,2.4,194,175,140,85,244,191,83,269,0,26,97
TAE,2005,10,11,8,8.9,93.7,10.7,7.9,7.02,8.4,26.6,0,958.7,76,0.6,1.8,270,146,208,126,242,238,123,287,39,26,97
TAE,2005,10,11,9,9.6,91.3,10.9,8.3,7.15,8.9,27.7,0,958.5,104,0.6,2.1,379,265,238,144,288,389,141,295,44,26,97
TAE,2005,10,11,10,11.5,86.5,11.7,9.3,7.69,10.3,31,0,958,15,1.2,2.8,602,876,101,96,308,874,100,278,13,26,97
TAE,2005,10,11,11,13.9,76.7,12.2,9.9,8.03,11.6,34.3,0,957.4,22,1.1,2.7,599,856,104,97,98,864,253,286,6,26,97
TAE,2005,10,11,12,16,70.8,12.8,10.7,8.43,12.9,37.4,0,956.9,20,1.5,3.6,537,789,114,93,94,770,447,293,13,26,97
TAE,2005,10,11,13,16.8,68.1,13,10.9,8.57,13.3,38.6,0,956.6,35,1.9,4.4,443,753,100,79,80,651,575,282,0,26,97
TAE,2005,10,11,14,17.5,60,12,9.7,7.91,13,37.6,0,956.1,47,1.9,3.8,307,657,86,61,61,466,610,280,0,26,97
TAE,2005,10,11,15,17,60.4,11.7,9.3,7.71,12.6,36.6,0,956.1,61,1.8,4.4,153,494,57,37,37,254,504,279,6,26,97
TAE,2005,10,11,16,13.4,79.3,12.2,9.9,8.04,11.4,33.8,0,956.2,129,0.8,1.8,16,55,11,7,7,23,60,283,29,26,97
TAE,2005,10,11,17,11,88.2,11.6,9.1,7.64,10,30.3,0,956.6,209,1,2.2,0,0,0,0,0,0,0,277,25,26,97
TAE,2005,10,11,18,10.4,90.4,11.4,8.9,7.5,9.6,29.3,0,957,164,0.7,1.6,0,0,0,0,0,0,0,275,25,26,97
TAE,2005,10,11,19,9.7,92.2,11.1,8.5,7.3,9.1,28.1,0,957.1,158,0.5,1.3,0,0,0,0,0,0,0,273,25,26,97
TAE,2005,10,11,20,9,92.6,10.6,7.9,6.96,8.4,26.6,0,957.3,141,0.6,2,0,0,0,0,0,0,0,270,25,26,97
TAE,2005,10,11,21,7.9,93.5,10,6.9,6.57,7.4,24.4,0,957.4,153,0.4,1.6,0,0,0,0,0,0,0,268,25,26,97
TAE,2005,10,11,22,7.4,94.6,9.7,6.6,6.37,7,23.4,0,957.3,135,0.2,1.4,0,0,0,0,0,0,0,271,25,26,97
TAE,2005,10,11,23,6.8,94.3,9.3,5.9,6.1,6.4,22.2,0,957.4,158,0.5,1.5,0,0,0,0,0,0,0,279,29,26,97
TAE,2005,10,12,0,6.5,95.5,9.2,5.8,6.04,6.2,21.7,0,957.3,143,0.5,2,0,0,0,0,0,0,0,271,0,25,97
TAE,2005,10,12,1,6,93.7,8.8,5.1,5.77,5.6,20.5,0,957.3,180,0.2,1,0,0,0,0,0,0,0,283,0,25,97
TAE,2005,10,12,2,5.7,93.7,8.6,4.8,5.64,5.3,19.9,0,957.3,146,0.4,1.2,0,0,0,0,0,0,0,260,0,25,97
TAE,2005,10,12,3,5.3,94.1,8.3,4.4,5.44,4.9,19,0,957.4,146,0.4,1.8,0,0,0,0,0,0,0,258,0,25,97
TAE,2005,10,12,4,5,94.1,8.2,4.1,5.37,4.6,18.5,0,957.4,146,0.4,1.3,0,0,0,0,0,0,0,257,10,25,97
TAE,2005,10,12,5,4.8,93.4,8.1,3.8,5.31,4.3,18.1,0,957.6,146,0.4,1,3,0,3,2,2,2,2,256,6,25,97
TAE,2005,10,12,6,4.9,92.7,8,3.8,5.24,4.4,18.1,0,957.9,146,0.4,1,111,383,50,31,399,184,31,256,0,25,97
TAE,2005,10,12,7,7.6,89.4,9.4,6,6.16,6.8,23.1,0,958,117,0.2,1.3,276,670,74,53,629,439,54,258,0,25,97
TAE,2005,10,12,8,10.1,87.7,10.9,8.2,7.16,9.1,28.2,0,957.9,45,0.5,1.5,417,753,96,73,601,624,75,259,0,25,97
TAE,2005,10,12,9,12.2,81.3,11.6,9.1,7.63,10.5,31.5,0,957.5,50,0.8,2.2,526,815,105,87,486,771,89,260,0,25,97
TAE,2005,10,12,10,14,67.4,10.7,8.1,7.03,10.8,31.8,0,957.1,42,1.5,2.9,592,865,101,93,301,864,96,261,0,25,97
TAE,2005,10,12,11,15.5,60,10.6,7.8,6.97,11.2,33.2,0,956.5,30,1.4,3.1,595,852,108,95,96,864,253,269,6,25,97
TAE,2005,10,12,12,16.6,57,10.7,8.1,7.04,11.8,34.5,0,956.1,32,1.5,4.4,540,799,116,92,93,781,451,269,13,25,97
TAE,2005,10,12,13,17.1,52.2,10.2,7.2,6.71,11.6,34.2,0,955.5,47,1.8,3.6,448,780,97,76,77,669,589,262,0,25,97
TAE,2005,10,12,14,17.3,55.8,11,8.4,7.25,12.3,35.8,0,955.1,45,1.9,3.7,307,666,87,60,60,473,616,261,0,25,97
TAE,2005,10,12,15,16.4,53.5,9.9,6.9,6.51,11.2,33,0,955.1,54,1.4,4,149,477,59,37,37,248,488,261,0,25,97
TAE,2005,10,12,16,12.4,76.1,11,8.3,7.25,10.2,30.7,0,955.3,189,0.7,2.1,13,61,8,5,5,23,65,260,0,25,97
TAE,2005,10,12,17,9.4,86.5,10.2,7.3,6.71,8.3,26.3,0,955.4,207,0.7,1.5,0,0,0,0,0,0,0,259,0,25,97
TAE,2005,10,12,18,8.4,87.8,9.7,6.5,6.38,7.4,24.5,0,955.6,189,0.6,1.8,0,0,0,0,0,0,0,258,0,25,97
TAE,2005,10,12,19,7.8,89.2,9.4,6.1,6.18,6.9,23.4,0,955.7,169,0.5,1.2,0,0,0,0,0,0,0,256,0,25,97
TAE,2005,10,12,20,7.3,90.4,9.3,5.8,6.11,6.6,22.7,0,955.7,141,0.7,1.5,0,0,0,0,0,0,0,254,0,25,97
TAE,2005,10,12,21,6.8,91.3,9,5.5,5.91,6.2,21.7,0,955.8,135,0.4,1,0,0,0,0,0,0,0,252,0,25,97
TAE,2005,10,12,22,6.2,92.2,8.8,5,5.78,5.6,20.7,0,955.6,130,0.7,1.8,0,0,0,0,0,0,0,250,0,25,97
TAE,2005,10,12,23,5.5,92.3,8.4,4.4,5.52,5,19.4,0,955.5,135,0.6,1.8,0,0,0,0,0,0,0,248,0,25,97
TAE,2005,10,13,0,4.9,92.3,8,3.8,5.25,4.4,18.1,0,955.5,162,0.3,1.3,0,0,0,0,0,0,0,247,0,25,97
TAE,2005,10,13,1,4.6,93.2,7.9,3.6,5.19,4.1,17.6,0,955.3,162,0.3,1.2,0,0,0,0,0,0,0,247,0,25,97
TAE,2005,10,13,2,4.4,92.4,7.7,3.3,5.05,3.9,17.1,0,955.4,180,0.2,1.7,0,0,0,0,0,0,0,246,0,25,97
TAE,2005,10,13,3,4.2,93,7.7,3.2,5.05,3.7,16.9,0,955.6,149,0.6,1.6,0,0,0,0,0,0,0,262,0,25,97
TAE,2005,10,13,4,3.7,93,7.4,2.7,4.85,3.3,15.9,0,955.8,146,0.4,1.1,0,0,0,0,0,0,0,278,0,25,97
TAE,2005,10,13,5,3.8,93,7.5,2.8,4.92,3.3,16.1,0,956.3,135,0.5,2.1,3,0,3,2,2,2,2,280,0,25,97
TAE,2005,10,13,6,4,92.8,7.5,2.9,4.91,3.5,16.3,0,956.7,158,0.5,1.3,108,379,50,30,394,184,30,265,6,25,97
TAE,2005,10,13,7,6.5,90,8.7,5,5.71,5.8,20.9,0,957,90,0.3,1.2,273,667,75,52,626,440,53,249,0,25,97
TAE,2005,10,13,8,9.1,84.2,9.7,6.6,6.37,7.8,25.2,0,957.2,45,0.4,1.7,415,759,95,72,603,629,74,252,0,25,97
TAE,2005,10,13,9,11,77.5,10.1,7.2,6.63,9,27.8,0,957.3,49,1,2.1,521,806,108,86,482,768,89,255,0,25,97
TAE,2005,10,13,10,13.4,66.8,10.2,7.4,6.7,10.2,30.4,0,957.1,38,1.2,3.3,588,870,99,91,297,869,94,258,0,25,97
TAE,2005,10,13,11,14.2,70.2,11.4,8.9,7.5,11.2,33.2,0,957.1,41,1.9,3.8,589,848,109,94,95,862,253,267,6,25,97
TAE,2005,10,13,12,15,71.4,12.2,9.9,8.03,12.1,35.4,0,956.8,51,1.3,3.6,534,798,115,90,91,781,448,275,13,25,97
TAE,2005,10,13,13,15.6,61.4,10.9,8.2,7.17,11.5,33.8,0,956.7,40,1.6,3.5,441,773,97,75,76,666,582,262,0,25,97
TAE,2005,10,13,14,16.1,62.7,11.5,9,7.57,12.1,35.3,0,956.9,36,1.3,3.1,302,672,84,58,58,476,618,261,0,25,97
TAE,2005,10,13,15,15.3,65.9,11.4,9,7.5,11.7,34.3,0,957.1,99,0.9,2.7,144,476,57,35,35,247,484,260,0,25,97
TAE,2005,10,13,16,12,80.2,11.2,8.7,7.36,10.2,30.6,0,957.6,169,0.6,1.5,11,57,7,4,4,21,60,259,0,25,97
TAE,2005,10,13,17,9.2,88.9,10.4,7.5,6.83,8.3,26.4,0,958.1,198,0.6,1.9,0,0,0,0,0,0,0,258,0,25,97
TAE,2005,10,13,18,8.3,90.6,9.9,6.9,6.49,7.6,24.7,0,958.6,210,0.9,2.2,0,0,0,0,0,0,0,257,0,25,97
TAE,2005,10,13,19,7.3,90.2,9.2,5.8,6.02,6.6,22.5,0,959.3,207,0.8,1.9,0,0,0,0,0,0,0,256,0,25,97
TAE,2005,10,13,20,6.6,91.1,8.9,5.3,5.82,6,21.2,0,959.9,153,0.7,1.8,0,0,0,0,0,0,0,254,0,25,97
TAE,2005,10,13,21,6,90.8,8.5,4.6,5.56,5.3,20,0,960.1,162,0.4,1.4,0,0,0,0,0,0,0,253,0,25,97
TAE,2005,10,13,22,5,92,8,3.8,5.22,4.4,18.1,0,960.4,153,0.3,1.2,0,0,0,0,0,0,0,251,0,25,97
TAE,2005,10,13,23,4.7,91.9,7.9,3.5,5.16,4.1,17.7,0,960.4,180,0.2,1,0,0,0,0,0,0,0,250,0,25,97
TAE,2005,10,14,0,4,91.7,7.5,2.8,4.89,3.5,16.3,0,960.6,135,0.3,1.1,0,0,0,0,0,0,0,248,0,26,97
TAE,2005,10,14,1,3.8,93,7.4,2.8,4.83,3.3,15.9,0,960.6,153,0.2,0.8,0,0,0,0,0,0,0,246,6,26,97
TAE,2005,10,14,2,3.2,93.3,7.2,2.2,4.7,2.8,15,0,960.5,146,0.3,1,0,0,0,0,0,0,0,267,0,26,97
TAE,2005,10,14,3,2.8,94.3,7,2,4.57,2.5,14.2,0,960.6,153,0.2,0.8,0,0,0,0,0,0,0,289,16,26,97
TAE,2005,10,14,4,2.4,94.7,6.9,1.6,4.5,2.1,13.7,0,960.8,180,0.2,1.3,0,0,0,0,0,0,0,271,10,26,97
TAE,2005,10,14,5,2.5,96.7,7.1,2,4.63,2.3,14.1,0,961.5,0,0,0.3,0,0,0,0,0,0,0,290,48,26,97
TAE,2005,10,14,6,3.5,97.8,7.6,3.2,4.95,3.4,15.9,0,962.4,180,0.3,1.3,81,144,57,35,173,97,34,305,59,26,97
TAE,2005,10,14,7,5.9,96,8.9,5.3,5.8,5.6,20.5,0,963,0,0.2,1.1,231,387,120,71,418,308,71,306,71,26,97
TAE,2005,10,14,8,7.8,92.5,9.8,6.7,6.39,7.2,23.9,0,963.4,76,0.8,2.5,366,490,159,96,460,484,96,298,53,26,97
TAE,2005,10,14,9,8.8,91.6,10.4,7.5,6.79,8.1,25.9,0,963.7,21,1.7,3.3,467,558,183,114,412,617,114,254,23,26,97
TAE,2005,10,14,10,10.2,86.9,10.8,8.1,7.05,9.1,28,0,963.6,40,1.5,3.1,600,880,110,96,310,894,100,246,0,26,97
TAE,2005,10,14,11,12.8,78.5,11.6,9.2,7.58,10.8,32,0,963.1,30,1.4,3,598,869,110,97,98,890,261,254,6,26,97
TAE,2005,10,14,12,14.8,66.2,11.1,8.6,7.26,11.3,33.2,0,962.7,31,2.1,4.7,535,800,119,93,94,791,455,262,6,26,97
TAE,2005,10,14,13,16,55.8,10.2,7.2,6.66,11.2,32.9,0,962.4,39,2.7,6.1,444,798,94,76,77,686,599,249,0,26,97
TAE,2005,10,14,14,16.4,52.7,9.8,6.7,6.4,11.1,32.7,0,962.3,51,2.6,4.9,303,690,82,58,59,489,632,248,0,26,97
TAE,2005,10,14,15,16.1,53.2,9.7,6.6,6.33,10.9,32.2,0,962.5,57,2.1,4.1,141,482,56,35,35,251,489,248,0,26,97
TAE,2005,10,14,16,12.5,71.6,10.3,7.5,6.73,9.8,29.5,0,962.9,90,0.8,2.9,9,28,7,4,4,12,31,248,6,26,97
TAE,2005,10,14,17,8.5,87.1,9.7,6.5,6.33,7.5,24.5,0,963.4,194,0.4,1.3,0,0,0,0,0,0,0,248,0,26,97
TAE,2005,10,14,18,7.2,89.8,9.1,5.6,5.93,6.4,22.1,0,963.6,196,0.8,1.9,0,0,0,0,0,0,0,248,0,26,97
TAE,2005,10,14,19,7.2,89.6,9.1,5.6,5.93,6.4,22.1,0,964,180,0.5,1.5,0,0,0,0,0,0,0,247,0,26,97
TAE,2005,10,14,20,6.2,92.1,8.7,5,5.66,5.6,20.4,0,964.4,162,0.4,1.2,0,0,0,0,0,0,0,246,0,26,97
TAE,2005,10,14,21,5.7,92.6,8.5,4.6,5.53,5.2,19.6,0,964.5,162,0.7,1.3,0,0,0,0,0,0,0,245,0,26,97
TAE,2005,10,14,22,5.5,93.1,8.4,4.5,5.46,5,19.2,0,964.5,153,0.3,1.2,0,0,0,0,0,0,0,244,0,26,97
TAE,2005,10,14,23,4.4,95,7.9,3.7,5.14,4.1,17.3,0,964.5,162,0.4,1.4,0,0,0,0,0,0,0,243,0,26,97
TAE,2005,10,15,0,4.3,95,7.9,3.6,5.14,4,17.2,0,964.7,135,0.3,1.3,0,0,0,0,0,0,0,332,100,26,97
TAE,2005,10,15,1,3.8,96.4,7.7,3.3,5.01,3.6,16.4,0,964.3,146,0.4,1.6,0,0,0,0,0,0,0,331,100,26,97
TAE,2005,10,15,2,4.1,98.6,8.1,3.9,5.27,4,17.3,0,964.3,135,0.1,0.7,0,0,0,0,0,0,0,329,100,26,97
TAE,2005,10,15,3,5.3,95.3,8.5,4.6,5.53,5,19.2,0,964,146,0.4,1.5,0,0,0,0,0,0,0,328,100,26,97
TAE,2005,10,15,4,6.5,93.9,9.1,5.6,5.93,6.1,21.4,0,963.8,135,0.2,1,0,0,0,0,0,0,0,326,100,26,97
TAE,2005,10,15,5,7.1,96.8,9.8,6.6,6.39,6.8,23.2,0,964.1,22,0.6,1.6,0,0,0,0,0,0,0,324,100,26,97
TAE,2005,10,15,6,6.9,95.4,9.4,6.2,6.12,6.5,22.3,0,964.5,112,1.3,3.8,60,54,53,33,84,53,32,304,100,26,97
TAE,2005,10,15,7,7.3,93.6,9.5,6.3,6.19,6.8,22.9,0,964.8,125,1.3,3.5,121,23,115,71,91,82,69,282,0,26,97
TAE,2005,10,15,8,8.2,92.8,10.1,7.1,6.58,7.6,24.8,0,964.8,117,1.2,3.3,117,2,117,73,73,70,70,338,63,26,97
TAE,2005,10,15,9,8.5,91.3,10.2,7.2,6.64,7.8,25.3,0,965,70,1.2,3.1,50,0,50,31,30,29,30,342,100,26,97
TAE,2005,10,15,10,8.7,90.9,10.2,7.3,6.64,8,25.5,0,965.1,72,1,2.7,49,0,49,30,30,29,29,347,100,26,97
TAE,2005,10,15,11,9,90.6,10.4,7.5,6.78,8.2,26.1,0,964.6,143,0.7,2.4,49,0,49,30,30,29,29,352,100,26,97
TAE,2005,10,15,12,9.5,88.9,10.6,7.8,6.91,8.6,26.9,0,964.4,45,0.9,2.5,87,0,87,54,54,51,52,342,100,26,97
TAE,2005,10,15,13,9.8,87.7,10.6,7.9,6.92,8.8,27.3,0,963.8,29,1.1,2.6,181,38,165,102,101,128,129,328,100,26,97
TAE,2005,10,15,14,10.4,87.1,10.9,8.3,7.12,9.3,28.4,0,963.6,360,0.3,2.4,196,155,146,88,88,192,222,333,81,26,97
TAE,2005,10,15,15,11,82.8,10.9,8.2,7.12,9.5,29,0,963.3,108,0.8,2.9,92,181,55,35,34,123,201,337,94,26,97
TAE,2005,10,15,16,10.3,85.7,10.7,8,6.99,9.1,28,0,963.2,117,1.1,2.9,5,3,4,3,3,3,5,347,100,26,97
TAE,2005,10,15,17,8.5,90.7,10.1,7.1,6.59,7.8,25.1,0,963.3,90,0.4,2.2,0,0,0,0,0,0,0,345,100,26,97
TAE,2005,10,15,18,7,92.4,9.2,5.9,6,6.5,22.1,0,963.3,27,0.3,1.9,0,0,0,0,0,0,0,343,100,26,97
TAE,2005,10,15,19,5.7,93,8.5,4.7,5.54,5.2,19.6,0,963.5,180,0.2,1.1,0,0,0,0,0,0,0,341,100,26,97
TAE,2005,10,15,20,5.1,94.5,8.3,4.3,5.41,4.7,18.7,0,963.4,180,0.2,0.9,0,0,0,0,0,0,0,339,100,26,97
TAE,2005,10,15,21,4.3,98.6,8.2,4.1,5.34,4.2,17.7,0,963.5,153,0.2,0.9,0,0,0,0,0,0,0,338,100,26,97
TAE,2005,10,15,22,4.5,99.5,8.4,4.4,5.47,4.5,18.2,0,963.5,162,0.3,1.2,0,0,0,0,0,0,0,336,100,26,97
TAE,2005,10,15,23,4.5,99.8,8.4,4.5,5.47,4.5,18.2,0,963.4,135,0.2,1,0,0,0,0,0,0,0,334,100,26,97
TAE,2005,10,16,0,6.6,95.1,9.3,5.9,6.07,6.3,21.9,0,963,135,0.4,2.1,0,0,0,0,0,0,0,332,100,26,97
TAE,2005,10,16,1,8.5,93.3,10.4,7.5,6.79,8,25.6,0,963.1,117,0.7,2.2,0,0,0,0,0,0,0,332,100,26,97
TAE,2005,10,16,2,8.4,95.1,10.5,7.7,6.85,8,25.7,0,963.4,153,0.4,1.9,0,0,0,0,0,0,0,331,100,26,97
TAE,2005,10,16,3,8.3,94,10.3,7.4,6.72,7.8,25.3,0,963.1,188,0.8,2.6,0,0,0,0,0,0,0,330,100,26,97
TAE,2005,10,16,4,8.2,93.7,10.2,7.2,6.66,7.7,25,0,962.9,304,0.7,2,0,0,0,0,0,0,0,329,100,26,97
TAE,2005,10,16,5,8.3,94.2,10.3,7.4,6.73,7.8,25.3,0,962.8,50,0.8,2,0,0,0,0,0,0,0,328,100,26,97
TAE,2005,10,16,6,8.3,93.6,10.3,7.3,6.72,7.8,25.2,0,963.2,45,0.7,3.2,50,64,45,28,90,49,27,330,100,26,97
TAE,2005,10,16,7,7.6,93.1,9.7,6.6,6.32,7.1,23.5,0,963.6,81,1.5,3.6,90,3,89,55,57,55,54,321,6,26,97
TAE,2005,10,16,8,7.6,91.9,9.6,6.4,6.26,7,23.4,0,963.3,124,1.5,3.4,139,4,138,86,88,84,83,337,81,26,97
TAE,2005,10,16,9,7.9,91,9.7,6.5,6.33,7.2,23.8,0,963.1,45,0.7,2.2,72,0,72,45,44,42,43,341,100,26,97
TAE,2005,10,16,10,8.2,89.9,9.8,6.6,6.39,7.4,24.3,0,963,36,1.4,2.8,55,0,55,34,34,32,33,345,100,26,97
TAE,2005,10,16,11,8.7,88.7,10,6.9,6.53,7.8,25.2,0,962.5,27,0.6,2.8,36,0,36,23,22,21,22,349,100,26,97
TAE,2005,10,16,12,9.3,86.3,10.1,7.1,6.6,8.2,26,0,962,98,0.8,2.8,44,0,44,27,27,26,26,351,100,26,97
TAE,2005,10,16,13,9.8,85.6,10.4,7.5,6.8,8.6,27,0,961.6,61,1.3,3.2,34,0,34,21,21,20,21,350,100,26,97
TAE,2005,10,16,14,10.2,86.5,10.7,8.1,7,9.1,27.9,0,961.4,117,1.2,3.1,22,0,22,13,13,13,13,348,100,26,97
TAE,2005,10,16,15,10.2,87,10.8,8.1,7.07,9.1,28.1,0,961.3,124,1,2.7,12,0,12,7,7,7,7,347,100,26,97
TAE,2005,10,16,16,10.2,87.6,10.9,8.2,7.13,9.1,28.2,0,961.4,90,0.6,2.4,4,0,4,2,2,2,2,345,100,26,97
TAE,2005,10,16,17,10.2,87.8,10.9,8.3,7.13,9.2,28.2,0,961.6,69,0.8,2.1,0,0,0,0,0,0,0,344,100,26,97
TAE,2005,10,16,18,10,88.6,10.9,8.2,7.13,9,28,0,961.6,77,1,2.5,0,0,0,0,0,0,0,342,100,26,97
TAE,2005,10,16,19,9.7,90.5,10.9,8.2,7.13,8.9,27.7,0,961.6,113,0.9,2.4,0,0,0,0,0,0,0,341,100,26,97
TAE,2005,10,16,20,9.3,91.2,10.7,7.9,7,8.6,27,0,961.5,53,1,3.4,0,0,0,0,0,0,0,340,100,26,97
TAE,2005,10,16,21,9,92.2,10.6,7.8,6.94,8.4,26.5,0,961.2,61,1.2,2.8,0,0,0,0,0,0,0,338,100,26,97
TAE,2005,10,16,22,8.7,92.3,10.4,7.5,6.81,8.1,25.9,0,960.9,81,1.3,3.2,0,0,0,0,0,0,0,337,100,26,97
TAE,2005,10,16,23,8.8,92.6,10.5,7.7,6.87,8.2,26.1,0,960.8,113,1.4,4.3,0,0,0,0,0,0,0,336,100,26,97
TAE,2005,10,17,0,8.8,92,10.4,7.6,6.81,8.2,26,0,960.5,101,1.5,4.1,0,0,0,0,0,0,0,334,100,27,97
TAE,2005,10,17,1,8.7,91.9,10.3,7.5,6.75,8.1,25.7,0,960,94,1.4,3.7,0,0,0,0,0,0,0,333,100,27,97
TAE,2005,10,17,2,8.7,92.6,10.4,7.6,6.81,8.1,25.9,0,959.8,90,1.1,3.2,0,0,0,0,0,0,0,332,100,27,97
TAE,2005,10,17,3,8.8,92.9,10.5,7.7,6.88,8.2,26.2,0,959.7,63,1.2,3.6,0,0,0,0,0,0,0,331,100,27,97
TAE,2005,10,17,4,8.5,94.1,10.4,7.6,6.82,8,25.7,0,959.6,36,1.7,3.8,0,0,0,0,0,0,0,330,100,27,97
TAE,2005,10,17,5,8.2,93.9,10.2,7.3,6.68,7.7,25,0,959.9,39,2.2,5.4,0,0,0,0,0,0,0,328,100,27,97
TAE,2005,10,17,6,7.7,93.4,9.8,6.7,6.41,7.2,23.9,0,960.3,51,2.2,4.5,36,7,35,22,28,24,21,329,100,27,97
TAE,2005,10,17,7,7,93.7,9.4,6.1,6.15,6.5,22.5,0,960.4,43,2.5,5,73,0,73,45,45,43,44,331,13,27,97
TAE,2005,10,17,8,6.6,92.7,9,5.5,5.88,6.1,21.4,0,960.3,40,2.6,5.2,61,0,61,38,38,36,37,333,100,27,97
TAE,2005,10,17,9,6.2,91.6,8.7,4.9,5.69,5.6,20.5,0,960.2,36,2.9,5.5,30,0,30,19,18,18,18,335,100,27,97
TAE,2005,10,17,10,6.4,90.4,8.7,4.9,5.69,5.7,20.7,0,960,44,2.7,5.5,30,0,30,19,19,18,18,338,100,27,97
TAE,2005,10,17,11,6.5,88.9,8.6,4.8,5.62,5.7,20.7,0,959.7,44,3,5.5,28,0,28,18,18,17,17,340,100,27,97
TAE,2005,10,17,12,6.6,87,8.5,4.6,5.56,5.6,20.6,0,959.4,51,2.8,5.9,26,0,26,16,16,15,16,341,100,27,97
TAE,2005,10,17,13,7,85.8,8.6,4.8,5.63,5.9,21.2,0,959,71,2.4,5.7,176,129,126,76,76,178,176,339,84,27,97
TAE,2005,10,17,14,8.1,81.9,8.8,5.2,5.76,6.7,22.6,0,958.5,120,2.2,5.7,278,638,86,59,59,464,592,290,16,27,97
TAE,2005,10,17,15,8.6,80.6,9.1,5.5,5.96,7,23.6,0,958.1,115,1.5,3.8,127,456,53,33,33,242,461,307,56,27,97
TAE,2005,10,17,16,8.2,83.2,9,5.5,5.9,6.9,23.1,0,958.1,103,0.9,3,5,0,5,3,3,3,3,335,100,27,97
TAE,2005,10,17,17,6,90.4,8.5,4.6,5.57,5.3,20,0,958.3,49,1,2.2,0,0,0,0,0,0,0,333,100,27,97
TAE,2005,10,17,18,4,92.2,7.5,2.9,4.91,3.5,16.3,0,958.1,90,0.3,2.7,0,0,0,0,0,0,0,331,100,27,97
TAE,2005,10,17,19,3.1,91.7,7,1.9,4.58,2.6,14.6,0,958.5,45,0.4,1.3,0,0,0,0,0,0,0,330,100,27,97
TAE,2005,10,17,20,2.5,92.2,6.7,1.4,4.38,2,13.5,0,958.6,207,0.2,1.1,0,0,0,0,0,0,0,327,100,27,97
TAE,2005,10,17,21,1.9,91.7,6.4,0.7,4.18,1.4,12.4,0,958.6,270,0.1,1,0,0,0,0,0,0,0,323,100,27,97
TAE,2005,10,17,22,2.1,91,6.5,0.8,4.25,1.6,12.7,0,958.6,315,0.2,1.3,0,0,0,0,0,0,0,319,100,27,97
TAE,2005,10,17,23,4.6,85.2,7.2,2.3,4.71,3.6,16.4,0,958.6,30,0.8,2.3,0,0,0,0,0,0,0,315,100,27,97
TAE,2005,10,18,0,5,84.9,7.4,2.7,4.84,4,17.2,0,958.6,40,0.8,2.3,0,0,0,0,0,0,0,274,33,27,97
TAE,2005,10,18,1,5.1,84.4,7.4,2.7,4.84,4,17.3,0,958.2,41,1,2.6,0,0,0,0,0,0,0,274,25,27,97
TAE,2005,10,18,2,4.9,86.4,7.5,2.8,4.91,3.9,17.2,0,958.1,27,0.9,1.9,0,0,0,0,0,0,0,273,25,27,97
TAE,2005,10,18,3,4.9,82.8,7.2,2.2,4.71,3.7,16.7,0,957.9,49,1,2.6,0,0,0,0,0,0,0,272,25,27,97
TAE,2005,10,18,4,4.8,86,7.4,2.7,4.84,3.8,17,0,957.7,45,1.4,2.9,0,0,0,0,0,0,0,274,25,27,97
TAE,2005,10,18,5,4.5,89.5,7.5,2.9,4.91,3.8,16.8,0,957.9,42,1.5,2.8,0,0,0,0,0,0,0,279,29,27,97
TAE,2005,10,18,6,4.4,90.9,7.6,3,4.97,3.8,16.9,0,958.2,39,1.5,3.2,22,0,22,14,14,13,13,310,59,27,97
TAE,2005,10,18,7,4.4,92.4,7.7,3.3,5.04,3.9,17,0,958.4,33,1.7,3.3,52,0,52,33,32,31,31,318,100,27,97
TAE,2005,10,18,8,4.6,93.2,7.9,3.6,5.17,4.1,17.6,0,958.4,27,1.8,3.2,80,0,80,50,49,47,48,326,100,27,97
TAE,2005,10,18,9,5.6,88.9,8.1,3.9,5.3,4.8,18.9,0,958.5,50,1.7,4,43,0,43,27,27,26,26,331,100,27,97
TAE,2005,10,18,10,6,84.6,7.9,3.6,5.17,4.9,19,0,958.6,86,1.3,3.5,57,0,57,36,35,34,35,335,100,27,97
TAE,2005,10,18,11,6.2,84.5,8,3.8,5.24,5.1,19.4,0,958.2,79,1.7,4.4,59,0,59,37,37,35,36,338,100,27,97
TAE,2005,10,18,12,6.6,84.5,8.2,4.2,5.37,5.5,20.1,0,957.7,63,2,4.3,33,0,33,21,20,20,20,340,100,27,97
TAE,2005,10,18,13,6.7,85.2,8.4,4.4,5.51,5.6,20.6,0,957.4,45,2.2,4.8,25,0,25,16,16,15,15,339,100,27,97
TAE,2005,10,18,14,6.7,85.5,8.4,4.4,5.51,5.6,20.6,0,956.9,47,2.4,4.6,14,0,14,9,9,8,9,337,100,27,97
TAE,2005,10,18,15,6.7,86.3,8.5,4.6,5.57,5.7,20.7,0,956.9,53,2.1,4.4,16,0,16,10,10,9,10,336,81,27,97
TAE,2005,10,18,16,6.5,87.4,8.5,4.6,5.58,5.6,20.5,0,956.7,58,2,4,4,0,4,3,3,3,3,329,40,27,97
TAE,2005,10,18,17,5.6,89.6,8.2,4,5.38,4.8,19.1,0,956.6,76,0.8,3.6,0,0,0,0,0,0,0,287,36,27,97
TAE,2005,10,18,18,3.6,92.7,7.3,2.5,4.78,3.1,15.6,0,956.5,34,0.5,1.4,0,0,0,0,0,0,0,304,43,27,97
TAE,2005,10,18,19,3.3,92.6,7.2,2.2,4.72,2.8,15.1,0,956.7,225,1.1,2.5,0,0,0,0,0,0,0,325,65,27,97
TAE,2005,10,18,20,2.8,93.5,7,1.9,4.58,2.4,14.3,0,956.9,203,0.8,1.7,0,0,0,0,0,0,0,310,50,27,97
TAE,2005,10,18,21,2.8,96.3,7.2,2.3,4.71,2.6,14.6,0,957.2,180,0.4,1.6,0,0,0,0,0,0,0,310,38,27,97
TAE,2005,10,18,22,2.9,98.3,7.4,2.7,4.85,2.8,15,0,957,0,0.2,1,0,0,0,0,0,0,0,314,45,27,97
TAE,2005,10,18,23,4.1,95.7,7.8,3.5,5.11,3.8,16.9,0,956.8,14,0.4,1.2,0,0,0,0,0,0,0,322,94,27,97
TAE,2005,10,19,0,4.7,93.6,8,3.8,5.24,4.3,17.9,0,957,360,0.2,0.9,0,0,0,0,0,0,0,305,75,27,97
TAE,2005,10,19,1,4.8,94.1,8.1,3.9,5.31,4.4,18.1,0,956.5,34,0.4,1.4,0,0,0,0,0,0,0,299,39,27,97
TAE,2005,10,19,2,4.7,95.6,8.2,4.1,5.38,4.4,18.2,0,956.1,45,0.7,1.7,0,0,0,0,0,0,0,316,78,27,97
TAE,2005,10,19,3,5,96,8.4,4.4,5.51,4.7,18.9,0,955.8,39,0.7,2.5,0,0,0,0,0,0,0,313,69,27,97
TAE,2005,10,19,4,5.5,94.8,8.6,4.7,5.65,5.1,19.7,0,955.5,38,1.2,3.1,0,0,0,0,0,0,0,320,94,27,97
TAE,2005,10,19,5,5.6,94.8,8.6,4.8,5.65,5.2,19.8,0,955.3,43,1.7,3.8,0,0,0,0,0,0,0,323,100,27,97
TAE,2005,10,19,6,5.4,93.7,8.4,4.5,5.52,5,19.3,0,955.5,56,1.9,4.3,67,174,46,29,195,101,28,324,100,27,97
TAE,2005,10,19,7,5.4,93.7,8.4,4.5,5.52,5,19.3,0,955.4,113,1.4,4,75,1,75,47,47,45,45,326,100,27,97
TAE,2005,10,19,8,6,92.3,8.6,4.8,5.65,5.4,20.2,0,955.6,111,1,2.9,170,39,155,97,126,123,94,319,88,27,97
TAE,2005,10,19,9,6.6,90.6,8.9,5.2,5.84,5.9,21.3,0,956.1,304,0.5,2.5,150,4,148,93,94,92,90,335,100,27,97
TAE,2005,10,19,10,8.2,83.8,9.1,5.6,5.98,6.9,23.3,0,956,225,1.8,6.7,260,62,227,140,162,199,136,339,100,27,97
TAE,2005,10,19,11,9.4,82.6,9.8,6.6,6.44,8,25.7,0,956,333,1.1,4.3,59,0,59,37,36,35,36,343,100,27,97
TAE,2005,10,19,12,8.9,88.7,10.1,7.1,6.64,8,25.7,0,955.6,36,1.9,3.4,124,13,118,74,73,82,79,345,100,27,97
TAE,2005,10,19,13,9.8,87.2,10.6,7.8,6.98,8.7,27.4,0,955.8,22,1.6,3.1,109,3,108,67,67,66,67,345,100,27,97
TAE,2005,10,19,14,10.1,86.2,10.6,7.9,6.98,8.9,27.7,0,955.8,38,1.1,2.5,72,9,69,43,43,48,49,345,100,27,97
TAE,2005,10,19,15,10,86.4,10.6,7.8,6.97,8.8,27.6,0,956,41,1,2,9,0,9,6,5,5,5,342,94,27,97
TAE,2005,10,19,16,9.8,88.9,10.8,8.1,7.11,8.9,27.7,0,956.1,17,1.1,2.5,0,0,0,0,0,0,0,346,94,27,97
TAE,2005,10,19,17,9.3,90.7,10.6,7.9,6.97,8.6,26.9,0,956.2,18,0.6,1.7,0,0,0,0,0,0,0,327,58,27,97
TAE,2005,10,19,18,7.6,92.9,9.7,6.5,6.38,7,23.7,0,956.1,153,0.3,0.9,0,0,0,0,0,0,0,329,58,27,97
TAE,2005,10,19,19,6.9,93.8,9.3,6,6.11,6.4,22.3,0,956.1,270,0.3,1,0,0,0,0,0,0,0,311,31,27,97
TAE,2005,10,19,20,6.1,94,8.9,5.2,5.84,5.7,20.8,0,956.1,0,0,0.7,0,0,0,0,0,0,0,319,45,27,97
TAE,2005,10,19,21,7.1,95.8,9.6,6.5,6.31,6.8,23,0,955.9,153,0.3,0.9,0,0,0,0,0,0,0,309,33,27,97
TAE,2005,10,19,22,7.4,98.4,10.1,7.2,6.65,7.3,24.1,0,955.4,90,0.3,0.9,0,0,0,0,0,0,0,302,6,27,97
TAE,2005,10,19,23,7.1,99.1,10,7,6.58,7,23.7,0,955.1,135,0.2,1.2,0,0,0,0,0,0,0,303,23,27,97
TAE,2005,10,20,0,6.7,98,9.6,6.4,6.31,6.5,22.6,0.1,955.4,284,0.7,2.3,0,0,0,0,0,0,0,317,59,27,97
TAE,2005,10,20,1,6.5,98.6,9.5,6.3,6.25,6.4,22.2,0,954.8,135,0.3,1.2,0,0,0,0,0,0,0,333,81,27,97
TAE,2005,10,20,2,6.2,97.7,9.3,5.9,6.12,6.1,21.6,0,954.8,270,0.4,1.5,0,0,0,0,0,0,0,329,59,27,97
TAE,2005,10,20,3,6.2,96.7,9.2,5.7,6.05,6,21.4,0,954.7,217,0.6,1.5,0,0,0,0,0,0,0,320,45,27,97
TAE,2005,10,20,4,6.4,97.9,9.4,6.1,6.19,6.3,22,0,954.7,135,0.2,0.9,0,0,0,0,0,0,0,320,60,27,97
TAE,2005,10,20,5,6.7,95.6,9.4,6,6.19,6.4,22.3,0,954.4,117,0.7,2.4,0,0,0,0,0,0,0,342,94,27,97
TAE,2005,10,20,6,7.2,93.6,9.5,6.2,6.25,6.7,22.9,0,954.5,103,0.9,2.4,4,0,4,2,2,2,2,343,100,27,97
TAE,2005,10,20,7,8,93.3,10,7,6.59,7.5,24.6,0,954.5,51,0.7,2.6,174,274,97,60,295,239,59,347,81,27,97
TAE,2005,10,20,8,9,91.2,10.5,7.6,6.92,8.3,26.5,0,954.4,18,0.3,1.3,368,676,105,74,544,596,76,332,59,27,97
TAE,2005,10,20,9,10.7,87.7,11.2,8.7,7.39,9.6,29.4,0,954.4,39,0.7,2.2,385,405,190,118,329,492,117,334,75,27,97
TAE,2005,10,20,10,12.7,83.1,12.2,9.9,8.06,11.1,33.1,0,953.7,41,0.9,2.7,514,707,142,102,287,774,104,330,65,27,97
TAE,2005,10,20,11,13.7,79.5,12.5,10.2,8.27,11.7,34.6,0,953.2,45,1.4,3.1,520,747,125,97,98,801,249,337,64,27,97
TAE,2005,10,20,12,14.5,78.8,13,10.9,8.61,12.4,36.3,0,952.6,5,1.3,3,480,767,106,86,87,764,426,311,29,27,97
TAE,2005,10,20,13,15.2,78.1,13.4,11.4,8.88,13,37.7,0,952.2,37,1.1,3.2,386,669,113,80,80,614,521,312,41,27,97
TAE,2005,10,20,14,15.6,77.5,13.8,11.7,9.15,13.3,38.8,0,951.9,32,1,2.1,216,379,102,65,65,319,375,335,51,27,97
TAE,2005,10,20,15,15.1,80.2,13.8,11.7,9.15,13.1,38.3,0,951.8,45,1,2.2,95,256,54,34,34,159,271,331,43,27,97
TAE,2005,10,20,16,12.6,89.2,13,10.9,8.61,11.6,34.4,0,951.7,153,0.3,1.4,0,0,0,0,0,0,0,328,36,27,97
TAE,2005,10,20,17,10.8,92.4,12,9.6,7.94,10.1,30.9,0,952,270,0.5,1.4,0,0,0,0,0,0,0,331,58,27,97
TAE,2005,10,20,18,9.6,93.8,11.2,8.7,7.4,9.1,28.3,0,952,153,0.2,1,0,0,0,0,0,0,0,336,51,27,97
TAE,2005,10,20,19,9.5,94.7,11.2,8.7,7.41,9.1,28.2,0,951.7,135,0.4,1.5,0,0,0,0,0,0,0,340,81,27,97
TAE,2005,10,20,20,9.8,98,11.9,9.5,7.88,9.6,29.7,0,951.6,180,0.2,1,0,0,0,0,0,0,0,351,100,27,97
TAE,2005,10,20,21,9.9,99.9,12.2,9.9,8.08,9.9,30.3,0,951.3,135,0.2,0.9,0,0,0,0,0,0,0,350,94,27,97
TAE,2005,10,20,22,9.5,99,11.8,9.4,7.81,9.4,29.2,0,951.1,198,0.4,1.1,0,0,0,0,0,0,0,335,94,27,97
TAE,2005,10,20,23,9,97.8,11.2,8.7,7.41,8.8,27.7,0.1,951,180,0.4,1.2,0,0,0,0,0,0,0,332,74,27,97
TAE,2005,10,21,0,8.1,97.4,10.5,7.7,6.94,7.9,25.6,0,950.9,135,0.2,1,0,0,0,0,0,0,0,346,100,27,97
TAE,2005,10,21,1,7.8,96.7,10.2,7.3,6.75,7.5,24.8,0,950.6,180,0.2,1.5,0,0,0,0,0,0,0,345,100,27,97
TAE,2005,10,21,2,7.4,98.3,10.1,7.1,6.68,7.2,24.2,0,950.1,153,0.4,1.9,0,0,0,0,0,0,0,329,74,27,97
TAE,2005,10,21,3,7.4,97.4,10,7,6.62,7.2,24.1,0,950.1,270,0.3,1.8,0,0,0,0,0,0,0,340,94,27,97
TAE,2005,10,21,4,7.3,99.2,10.1,7.2,6.68,7.2,24.1,0,949.9,0,0,0.6,0,0,0,0,0,0,0,343,100,27,97
TAE,2005,10,21,5,7.3,98.2,10,7,6.62,7.1,24,0,949.8,207,0.2,1.2,0,0,0,0,0,0,0,342,100,27,97
TAE,2005,10,21,6,7.2,98.6,10,7,6.62,7.1,23.9,0,949.7,135,0.3,1.2,22,3,21,13,16,14,13,343,100,27,97
TAE,2005,10,21,7,7.7,95.5,10.1,7,6.68,7.3,24.5,0.1,950,297,0.2,1.2,224,479,91,57,465,369,57,342,78,27,97
TAE,2005,10,21,8,7.9,97.5,10.4,7.5,6.89,7.7,25.2,0,949.9,333,0.3,1.3,249,213,169,104,264,272,102,337,88,27,97
TAE,2005,10,21,9,9.3,95,11.1,8.5,7.36,8.9,27.9,0,949.5,31,0.6,2,287,136,225,138,219,261,135,349,94,27,97
TAE,2005,10,21,10,11.2,91,12.1,9.8,8.03,10.4,31.5,0,949.4,14,0.9,2.9,431,422,211,130,255,551,129,343,75,27,97
TAE,2005,10,21,11,13,85.5,12.7,10.6,8.44,11.6,34.4,0,948.6,333,0.9,3.1,477,589,169,114,114,683,247,329,63,27,97
TAE,2005,10,21,12,15.3,77.2,13.4,11.3,8.92,12.9,37.9,0,948.3,343,1.1,3.8,324,342,154,99,98,420,246,334,75,27,97
TAE,2005,10,21,13,15.4,79.1,13.8,11.8,9.19,13.3,38.7,0,948,360,1.7,4.2,337,519,128,87,87,503,431,347,71,27,97
TAE,2005,10,21,14,15.9,78.3,14.1,12.1,9.4,13.6,39.8,0,947.5,72,0.5,1.8,238,545,87,58,58,408,514,312,26,27,97
TAE,2005,10,21,15,15.4,79.1,13.8,11.8,9.2,13.3,38.7,0,947.3,117,0.8,2.7,92,301,45,29,29,176,307,286,0,27,97
TAE,2005,10,21,16,12.4,85.9,12.4,10.1,8.25,11.1,33.3,0,947.3,210,0.9,2.6,0,0,0,0,0,0,0,286,0,27,97
TAE,2005,10,21,17,10.9,89.8,11.7,9.3,7.78,10,30.6,0,947.4,219,0.9,3,0,0,0,0,0,0,0,285,19,27,97
TAE,2005,10,21,18,11.1,88.4,11.7,9.3,7.78,10.1,30.8,0,947.6,360,0.8,2,0,0,0,0,0,0,0,297,33,27,97
TAE,2005,10,21,19,9.8,91.2,11.1,8.4,7.37,9,28.4,0,947.9,135,0.6,3.1,0,0,0,0,0,0,0,310,48,27,97
TAE,2005,10,21,20,9.4,92.4,10.9,8.2,7.23,8.8,27.7,0,948.1,135,0.3,1.4,0,0,0,0,0,0,0,336,84,27,97
TAE,2005,10,21,21,9.3,92.8,10.9,8.2,7.23,8.7,27.6,0,948.3,180,0.2,1.9,0,0,0,0,0,0,0,350,94,27,97
TAE,2005,10,21,22,9.4,92.4,10.9,8.2,7.23,8.8,27.6,0,948.5,146,0.4,1.6,0,0,0,0,0,0,0,341,81,27,97
TAE,2005,10,21,23,10.8,88.1,11.4,8.9,7.57,9.8,29.9,0,948,164,0.9,4.7,0,0,0,0,0,0,0,345,100,27,97
TAE,2005,10,22,0,11.1,87.5,11.6,9.1,7.7,10,30.6,0,948.1,243,1.1,4,0,0,0,0,0,0,0,344,88,27,97
TAE,2005,10,22,1,10.2,90,11.1,8.6,7.37,9.3,28.8,0,948.3,264,1.2,3.5,0,0,0,0,0,0,0,339,81,27,97
TAE,2005,10,22,2,10,89.4,11,8.3,7.3,9.1,28.4,0,947.8,167,1,7.8,0,0,0,0,0,0,0,318,59,27,97
TAE,2005,10,22,3,13.6,75.4,11.7,9.3,7.77,11.2,33.3,0,947.8,192,4.4,8.8,0,0,0,0,0,0,0,338,94,27,97
TAE,2005,10,22,4,13.8,72.1,11.3,8.9,7.51,11.1,32.8,0,947.7,186,2.8,6.8,0,0,0,0,0,0,0,320,65,27,97
TAE,2005,10,22,5,11,83.1,10.9,8.2,7.24,9.5,29.3,0,947.8,315,1,2.6,0,0,0,0,0,0,0,308,48,27,97
TAE,2005,10,22,6,9.5,88.5,10.5,7.7,6.96,8.5,27.1,0,948.5,214,0.9,3.4,51,89,42,26,110,64,25,311,59,27,97
TAE,2005,10,22,7,11.8,77.9,10.7,8.1,7.1,9.8,29.8,0,948.5,108,0.7,3.4,229,596,76,51,556,421,51,314,36,27,97
TAE,2005,10,22,8,14.1,70.7,11.3,8.9,7.5,11.2,33.1,0,948.7,117,1.3,5.1,365,687,105,73,551,609,74,315,45,27,97
TAE,2005,10,22,9,16.8,55.2,10.5,7.8,6.96,11.8,34.5,0,948.5,172,1.4,4.3,438,657,134,92,424,678,94,324,45,27,97
TAE,2005,10,22,10,18.5,46.6,9.9,6.9,6.56,12.1,35.2,0,948.9,228,2,5.9,332,253,200,123,187,375,121,341,68,27,97
TAE,2005,10,22,11,18.4,45.7,9.7,6.5,6.43,11.9,34.8,0,948.5,240,3,6.4,185,80,143,87,86,169,105,353,88,27,97
TAE,2005,10,22,12,17.2,52.1,10.2,7.3,6.76,11.7,34.4,0,948.6,217,2.2,5.3,69,2,67,42,42,42,42,367,100,27,97
TAE,2005,10,22,13,16.7,61.9,11.7,9.4,7.77,12.5,36.5,0,948.4,207,2,5.4,34,0,34,21,21,20,21,365,100,27,97
TAE,2005,10,22,14,16.7,63,12,9.6,7.97,12.6,37,0,948.2,222,1.2,2.6,64,20,58,36,36,48,53,359,88,27,97
TAE,2005,10,22,15,16.4,64.7,12.1,9.7,8.04,12.5,36.8,0,948,191,1,3.4,80,200,50,31,31,129,216,335,38,27,97
TAE,2005,10,22,16,13.4,76.4,11.7,9.3,7.77,11.1,33.1,0,948.3,231,1.3,2.9,0,0,0,0,0,0,0,325,38,27,97
TAE,2005,10,22,17,11.6,83.1,11.3,8.8,7.5,10.1,30.6,0,948.8,162,0.9,3,0,0,0,0,0,0,0,347,84,27,97
TAE,2005,10,22,18,11.4,84.9,11.5,9,7.63,10.1,30.7,0,949,129,0.6,2.2,0,0,0,0,0,0,0,353,81,27,97
TAE,2005,10,22,19,11.5,85.6,11.7,9.2,7.76,10.2,31.1,0,949.1,63,0.3,1.7,0,0,0,0,0,0,0,331,80,27,97
TAE,2005,10,22,20,12.1,85.6,12.1,9.8,8.03,10.8,32.4,0.4,949.7,333,0.3,1.6,0,0,0,0,0,0,0,356,94,27,97
TAE,2005,10,22,21,13.7,81.4,12.7,10.6,8.43,11.9,35.1,0,950.2,274,1.4,8,0,0,0,0,0,0,0,343,78,27,97
TAE,2005,10,22,22,13.4,81.5,12.5,10.3,8.29,11.6,34.4,0,950.3,236,1.4,3.9,0,0,0,0,0,0,0,350,94,27,97
TAE,2005,10,22,23,13.2,87,13.2,11.1,8.75,12,35.4,1.7,951,252,1.8,5.1,0,0,0,0,0,0,0,354,100,27,97
TAE,2005,10,23,0,13.2,86.3,13.1,11,8.68,11.9,35.2,1.9,951.4,210,2.8,9.7,0,0,0,0,0,0,0,353,100,27,97
TAE,2005,10,23,1,13.1,85.6,12.9,10.7,8.55,11.7,34.7,1.2,951.8,196,4.4,10.1,0,0,0,0,0,0,0,353,100,27,97
TAE,2005,10,23,2,12.9,86.2,12.8,10.7,8.48,11.6,34.4,0.6,951.4,192,4.3,9.5,0,0,0,0,0,0,0,353,100,27,97
TAE,2005,10,23,3,12.9,86.8,12.9,10.8,8.55,11.7,34.5,0.7,951.6,193,4,8.7,0,0,0,0,0,0,0,353,100,27,97
TAE,2005,10,23,4,12.8,86.4,12.7,10.6,8.41,11.5,34.1,0.6,951.8,218,2.2,7.4,0,0,0,0,0,0,0,352,100,27,97
TAE,2005,10,23,5,12.5,87.9,12.7,10.6,8.41,11.4,33.8,1.1,951.7,208,1.5,5.3,0,0,0,0,0,0,0,352,94,27,97
TAE,2005,10,23,6,12.3,88.7,12.7,10.5,8.41,11.3,33.6,0.1,952.3,239,0.7,3.1,18,4,17,11,14,12,10,353,100,27,97
TAE,2005,10,23,7,12.7,87.8,12.9,10.7,8.53,11.6,34.3,0,953.1,233,1.1,6,13,0,13,8,8,8,8,354,100,27,97
TAE,2005,10,23,8,13.2,84.6,12.8,10.7,8.46,11.8,34.6,0,953.5,187,3.1,7.5,43,0,43,27,27,26,26,355,100,27,97
TAE,2005,10,23,9,13.4,85.5,13.1,11,8.66,12,35.3,0.3,954,203,2.6,7,53,0,53,33,32,31,32,356,100,27,97
TAE,2005,10,23,10,13.1,87.5,13.2,11.1,8.72,11.9,35.2,1.1,954.4,225,2.4,7.4,113,0,113,71,70,67,68,357,100,27,97
TAE,2005,10,23,11,12.6,86,12.6,10.3,8.32,11.3,33.7,0.4,954.8,210,4.2,11.8,46,0,46,29,28,27,28,358,100,27,97
TAE,2005,10,23,12,12.6,85.9,12.5,10.3,8.25,11.3,33.5,0.6,955,208,3.4,8.6,43,0,43,27,27,25,26,359,100,27,97
TAE,2005,10,23,13,13,82.7,12.4,10.1,8.18,11.4,33.7,0,955.3,222,2.4,7.9,26,0,26,16,16,15,16,358,100,27,97
TAE,2005,10,23,14,13.4,81.2,12.5,10.2,8.24,11.6,34.3,0,955.8,225,1.9,6.4,111,124,76,46,46,131,149,340,81,27,97
TAE,2005,10,23,15,13.1,83.8,12.6,10.4,8.31,11.6,34.1,0,956.2,256,2.1,5.8,26,0,26,16,16,16,16,355,100,27,97
TAE,2005,10,23,16,12.3,88.1,12.6,10.4,8.3,11.2,33.3,2.8,956.8,261,2.6,7.7,0,0,0,0,0,0,0,354,94,27,97
TAE,2005,10,23,17,11.8,87.7,12.2,9.8,8.03,10.7,32.1,0.4,957.4,252,2.3,7.8,0,0,0,0,0,0,0,340,64,27,97
TAE,2005,10,23,18,12.2,87.5,12.4,10.2,8.16,11.1,32.8,0.1,958,241,1.9,6.3,0,0,0,0,0,0,0,352,94,27,97
TAE,2005,10,23,19,12.2,87.8,12.5,10.2,8.22,11.1,33,0.1,958.1,218,2.4,6.2,0,0,0,0,0,0,0,334,65,27,97
TAE,2005,10,23,20,12.1,88.5,12.5,10.3,8.21,11.1,32.9,0,959.3,230,1.7,5,0,0,0,0,0,0,0,344,84,27,97
TAE,2005,10,23,21,11.7,89.1,12.3,10,8.08,10.7,32.1,0,959.7,238,1.3,2.7,0,0,0,0,0,0,0,339,81,27,97
TAE,2005,10,23,22,11.1,89.8,11.9,9.5,7.81,10.2,30.8,0,959.5,252,1,2.9,0,0,0,0,0,0,0,312,33,27,97
TAE,2005,10,23,23,9.6,92.4,11,8.4,7.21,9,27.8,0,959.5,252,1,2.4,0,0,0,0,0,0,0,281,6,27,97
TAE,2005,10,24,0,8.3,94.5,10.4,7.5,6.82,7.9,25.5,0,959.4,211,0.8,1.7,0,0,0,0,0,0,0,282,13,28,97
TAE,2005,10,24,1,7.6,95,9.9,6.9,6.49,7.2,23.9,0,959.4,146,0.7,1.8,0,0,0,0,0,0,0,286,16,28,97
TAE,2005,10,24,2,7.2,94.8,9.6,6.4,6.29,6.8,23,0,959.1,149,1.2,3.5,0,0,0,0,0,0,0,301,23,28,97
TAE,2005,10,24,3,7,95.6,9.6,6.3,6.29,6.6,22.8,0,959.4,243,0.4,1.9,0,0,0,0,0,0,0,299,36,28,97
TAE,2005,10,24,4,7.4,97.9,10.1,7.1,6.62,7.2,24.1,0,959.3,124,0.4,1.5,0,0,0,0,0,0,0,308,56,28,97
TAE,2005,10,24,5,7.9,97.8,10.4,7.6,6.81,7.7,25.1,0,959.8,207,0.4,1.7,0,0,0,0,0,0,0,306,43,28,97
TAE,2005,10,24,6,8.2,95.7,10.4,7.6,6.81,7.9,25.4,0,960.1,174,1,2.3,53,157,32,20,165,95,20,301,39,28,97
TAE,2005,10,24,7,8.2,95.5,10.4,7.5,6.81,7.8,25.4,0,960.6,121,0.6,2.3,195,452,88,56,445,336,56,304,43,28,97
TAE,2005,10,24,8,8.8,94.4,10.7,8,7.01,8.4,26.5,0,960.4,0,0.4,1.4,311,479,136,86,432,471,86,306,43,28,97
TAE,2005,10,24,9,10.9,91.6,11.9,9.6,7.8,10.2,30.6,0,960.3,333,0.7,3.3,404,528,161,105,370,593,105,309,43,28,97
TAE,2005,10,24,10,12.9,84.8,12.6,10.4,8.27,11.5,33.9,0,959.9,99,0.7,2,522,828,105,93,286,868,96,314,43,28,97
TAE,2005,10,24,11,14.6,74.7,12.4,10.2,8.15,12.1,35.3,0,959.3,326,1.7,4.8,509,787,110,94,95,836,249,303,33,28,97
TAE,2005,10,24,12,14.8,73.2,12.3,10.1,8.08,12.1,35.3,0,959,310,2.8,4.8,448,701,121,91,91,727,408,323,41,28,97
TAE,2005,10,24,13,15.1,70,12,9.7,7.88,12,35.1,0,958.7,287,1.2,3.5,341,571,122,82,82,548,466,338,68,28,97
TAE,2005,10,24,14,15.2,69.1,11.9,9.6,7.82,12,35.1,0,958.5,229,1.1,3.1,175,305,102,65,65,255,325,346,74,28,97
TAE,2005,10,24,15,14.1,75.6,12.1,9.9,7.95,11.7,34.3,0,958.3,235,1.3,3.4,78,267,40,25,25,158,271,338,71,28,97
TAE,2005,10,24,16,11.8,86.8,12,9.7,7.89,10.6,31.8,0,958,217,0.7,2.2,0,0,0,0,0,0,0,352,100,28,97
TAE,2005,10,24,17,10.7,90.6,11.7,9.2,7.69,9.9,30.1,0,958.6,211,0.7,1.8,0,0,0,0,0,0,0,351,100,28,97
TAE,2005,10,24,18,10.3,91.4,11.4,9,7.49,9.6,29.2,0,958.1,143,0.5,2.1,0,0,0,0,0,0,0,349,94,28,97
TAE,2005,10,24,19,9.8,91.4,11.1,8.5,7.29,9.1,28.2,0,958,219,0.9,2.4,0,0,0,0,0,0,0,348,100,28,97
TAE,2005,10,24,20,9.3,92.1,10.8,8.1,7.09,8.7,27.2,0,958.1,180,0.6,2.1,0,0,0,0,0,0,0,338,81,28,97
TAE,2005,10,24,21,8.9,91.9,10.5,7.7,6.89,8.3,26.3,0,957.8,143,0.6,1.9,0,0,0,0,0,0,0,338,78,28,97
TAE,2005,10,24,22,8.6,92.6,10.3,7.5,6.77,8,25.7,0,957.3,127,0.6,1.8,0,0,0,0,0,0,0,331,78,28,97
TAE,2005,10,24,23,7.9,92.6,9.9,6.8,6.5,7.3,24.3,0,957.4,135,0.5,2,0,0,0,0,0,0,0,322,58,28,97
TAE,2005,10,25,0,7.3,92.8,9.5,6.2,6.23,6.7,23,0,957.3,203,0.9,2.3,0,0,0,0,0,0,0,328,88,30,97
TAE,2005,10,25,1,7.2,93.3,9.5,6.2,6.24,6.7,22.9,0,957,146,0.4,1.7,0,0,0,0,0,0,0,325,88,30,97
TAE,2005,10,25,2,6.5,92.7,9,5.4,5.91,6,21.4,0,956.6,135,0.2,1.1,0,0,0,0,0,0,0,307,56,30,97
TAE,2005,10,25,3,6.7,92.8,9.1,5.6,5.97,6.2,21.7,0,956.6,63,0.4,2.1,0,0,0,0,0,0,0,334,94,30,97
TAE,2005,10,25,4,7.8,91,9.6,6.4,6.31,7.1,23.7,0,956.1,9,1.2,2.7,0,0,0,0,0,0,0,337,100,30,97
TAE,2005,10,25,5,8.1,90.4,9.8,6.6,6.44,7.3,24.3,0,956,18,1,2.7,0,0,0,0,0,0,0,337,100,30,97
TAE,2005,10,25,6,11.3,75,9.9,7,6.51,9,27.8,0,956,243,1.3,4.1,7,0,7,5,5,4,4,337,100,30,97
TAE,2005,10,25,7,13.3,66.1,10.1,7.1,6.64,10,30.1,0,956.3,218,1.7,4.4,40,2,40,26,27,25,25,341,100,30,97
TAE,2005,10,25,8,14.3,62.6,10.2,7.3,6.71,10.5,31.3,0,956.4,225,1.1,3.5,237,199,162,103,243,268,101,345,100,30,97
TAE,2005,10,25,9,14.7,60.4,10.1,7.1,6.64,10.6,31.6,0,956.1,210,1.4,6,261,118,210,133,203,240,130,349,100,30,97
TAE,2005,10,25,10,14.8,59.9,10.1,7.1,6.64,10.6,31.7,0,956.1,215,2.1,5.8,311,203,208,136,176,333,134,354,94,30,97
TAE,2005,10,25,11,16.4,53.1,9.8,6.8,6.44,11.2,32.8,0,955.7,216,4,10,316,189,220,142,141,328,175,347,94,30,97
TAE,2005,10,25,12,16.3,54.7,10.1,7.2,6.65,11.3,33.2,0,955.4,231,3.5,8.1,375,441,176,120,120,519,342,355,94,30,97
TAE,2005,10,25,13,17.2,53,10.4,7.5,6.85,11.8,34.6,0,955.3,209,3.8,11.2,281,311,159,102,102,367,307,348,94,30,97
TAE,2005,10,25,14,17.2,52.9,10.4,7.5,6.84,11.8,34.6,0,955.9,214,3.3,10.3,148,145,107,68,67,170,187,358,94,30,97
TAE,2005,10,25,15,16.8,54.2,10.3,7.5,6.77,11.6,34,0,956,216,3.1,8.3,69,186,46,29,29,119,201,331,54,30,97
TAE,2005,10,25,16,16.2,54.3,10,7,6.57,11.2,32.9,0,956.2,213,3.4,8.5,0,0,0,0,0,0,0,331,78,30,97
TAE,2005,10,25,17,15.3,57.5,10,7,6.57,10.8,32,0,956.6,203,2.8,6.6,0,0,0,0,0,0,0,355,100,30,97
TAE,2005,10,25,18,15.6,55.2,9.8,6.7,6.43,10.8,32,0,957.1,207,3.8,8.1,0,0,0,0,0,0,0,354,100,30,97
TAE,2005,10,25,19,15.7,53.4,9.5,6.3,6.23,10.6,31.6,0,957.3,208,3.4,8.4,0,0,0,0,0,0,0,349,100,30,97
TAE,2005,10,25,20,16.2,51.7,9.5,6.3,6.23,10.9,32.1,0,957.7,198,4.4,10.4,0,0,0,0,0,0,0,353,94,30,97
TAE,2005,10,25,21,16.2,53.2,9.8,6.7,6.43,11,32.6,0,957.7,203,3.4,7.6,0,0,0,0,0,0,0,348,78,30,97
TAE,2005,10,25,22,15.8,55.4,10,6.9,6.56,11,32.5,0,957.8,206,3.3,7.6,0,0,0,0,0,0,0,333,68,30,97
TAE,2005,10,25,23,15.7,56.1,10,7,6.56,11,32.4,0,957.8,208,3.8,9.4,0,0,0,0,0,0,0,330,61,30,97
TAE,2005,10,26,0,15.7,57,10.1,7.2,6.63,11.1,32.6,0,957.9,203,4.3,10.1,0,0,0,0,0,0,0,324,78,29,97
TAE,2005,10,26,1,15.1,59,10.1,7.2,6.63,10.8,31.9,0,957.8,206,3.7,9.5,0,0,0,0,0,0,0,338,100,29,97
TAE,2005,10,26,2,14.9,59.5,10,7.1,6.56,10.7,31.6,0,958.5,217,3,7.3,0,0,0,0,0,0,0,350,100,29,97
TAE,2005,10,26,3,15,60,10.2,7.3,6.69,10.8,32,0,958.6,204,2.7,6.5,0,0,0,0,0,0,0,349,94,29,97
TAE,2005,10,26,4,15,59.5,10.2,7.2,6.69,10.8,32,0,958.8,218,2.4,6.6,0,0,0,0,0,0,0,333,81,29,97
TAE,2005,10,26,5,14.8,60.1,10.1,7.1,6.62,10.6,31.6,0,958.9,218,2.9,7.3,0,0,0,0,0,0,0,328,74,29,97
TAE,2005,10,26,6,14.8,58.6,9.9,6.8,6.48,10.5,31.3,0,959.5,210,2.8,7.2,55,174,34,21,182,107,21,331,74,29,97
TAE,2005,10,26,7,14.9,59.3,10.1,7,6.61,10.6,31.7,0,960.5,223,1.7,6.5,206,507,88,57,490,380,57,334,68,29,97
TAE,2005,10,26,8,15.7,57,10.2,7.2,6.67,11.1,32.7,0,960.7,189,2.6,7.1,232,191,163,102,242,259,100,347,88,29,97
TAE,2005,10,26,9,16.9,53.4,10.3,7.4,6.74,11.6,34.1,0,961,188,3,6.4,398,558,145,102,366,614,103,346,81,29,97
TAE,2005,10,26,10,18.1,49.6,10.3,7.4,6.74,12.1,35.3,0,961,189,2.6,6.5,507,824,100,93,279,867,96,339,64,29,97
TAE,2005,10,26,11,18.9,49.1,10.7,8,7,12.7,36.8,0,960.8,223,2.4,5.9,491,756,115,96,97,817,246,319,33,29,97
TAE,2005,10,26,12,19,51.4,11.3,8.8,7.4,13.1,37.9,0,960.6,242,2.3,5.5,438,717,111,89,90,739,409,319,33,29,97
TAE,2005,10,26,13,19.2,52.7,11.7,9.3,7.67,13.5,38.8,0,960.2,242,1.8,4.3,350,669,100,75,76,615,515,306,35,29,97
TAE,2005,10,26,14,19,56.8,12.5,10.2,8.21,13.8,39.9,0,960,238,1.5,4.2,208,487,84,57,57,378,458,327,48,29,97
TAE,2005,10,26,15,17.4,66.7,13.2,11.1,8.67,13.7,39.5,0,960.1,180,0.5,1.5,73,249,39,25,25,151,252,309,13,29,97
TAE,2005,10,26,16,14.4,76.2,12.4,10.3,8.14,12,35,0,960.4,222,1.6,3.5,0,0,0,0,0,0,0,282,0,29,97
TAE,2005,10,26,17,11.7,85.1,11.7,9.3,7.67,10.4,31.1,0,960.9,203,0.8,3.2,0,0,0,0,0,0,0,280,0,29,97
TAE,2005,10,26,18,11.2,86,11.4,8.9,7.47,9.9,30.1,0,960.9,180,0.5,2,0,0,0,0,0,0,0,278,0,29,97
TAE,2005,10,26,19,9.9,89,10.9,8.2,7.14,9,27.9,0,960.9,158,0.6,1.7,0,0,0,0,0,0,0,276,0,29,97
TAE,2005,10,26,20,9,90.3,10.4,7.5,6.81,8.2,26.2,0,960.9,135,0.3,2,0,0,0,0,0,0,0,274,0,29,97
TAE,2005,10,26,21,8.3,90.8,9.9,6.9,6.48,7.6,24.6,0,960.6,153,0.4,1.2,0,0,0,0,0,0,0,272,0,29,97
TAE,2005,10,26,22,7.8,91.3,9.7,6.5,6.35,7.1,23.8,0,960.1,153,0.3,1.1,0,0,0,0,0,0,0,270,0,29,97
TAE,2005,10,26,23,7.3,90.9,9.3,5.9,6.09,6.6,22.6,0,959.9,141,0.6,1.7,0,0,0,0,0,0,0,268,0,29,97
TAE,2005,10,27,0,6.4,91.9,8.8,5.2,5.76,5.8,20.9,0,959.8,153,0.2,1,0,0,0,0,0,0,0,266,0,26,97
TAE,2005,10,27,1,6.4,92.3,8.9,5.2,5.82,5.8,21.1,0,959.5,169,0.5,1.4,0,0,0,0,0,0,0,264,0,26,97
TAE,2005,10,27,2,6.2,92.3,8.8,5,5.76,5.6,20.7,0,959.2,171,0.7,1.5,0,0,0,0,0,0,0,263,0,26,97
TAE,2005,10,27,3,5.7,92.6,8.5,4.6,5.56,5.2,19.7,0,959.3,146,0.4,1.2,0,0,0,0,0,0,0,261,0,26,97
TAE,2005,10,27,4,5.5,93,8.4,4.5,5.49,5,19.3,0,959.4,153,0.5,1.4,0,0,0,0,0,0,0,260,0,26,97
TAE,2005,10,27,5,5.3,93.5,8.3,4.3,5.43,4.8,18.9,0,959.7,166,0.4,1.3,0,0,0,0,0,0,0,258,0,26,97
TAE,2005,10,27,6,5.1,93.6,8.2,4.2,5.36,4.7,18.6,0,960,169,0.5,1.4,49,177,27,17,180,104,17,258,0,26,97
TAE,2005,10,27,7,7.5,91.1,9.4,6.1,6.15,6.8,23,0,960.5,162,0.3,1.6,200,569,67,45,519,405,45,261,0,26,97
TAE,2005,10,27,8,10.5,86.5,10.9,8.3,7.14,9.3,28.5,0,960.4,45,0.1,0.7,335,700,88,64,537,612,65,264,0,26,97
TAE,2005,10,27,9,13.3,80.6,12.3,10,8.07,11.4,33.8,0,960,45,0.6,1.7,439,773,98,78,438,763,80,267,0,26,97
TAE,2005,10,27,10,15.4,69.9,12.2,9.9,8.01,12.2,35.7,0,959.8,351,1.1,3.2,497,813,100,84,268,850,87,270,0,26,97
TAE,2005,10,27,11,17.1,61.6,12,9.7,7.88,12.8,37.1,0,959.3,245,2,4.5,502,817,100,85,86,857,238,273,0,26,97
TAE,2005,10,27,12,17.6,62.4,12.6,10.3,8.28,13.3,38.7,0,958.7,283,1,4,450,777,100,79,80,778,419,275,0,26,97
TAE,2005,10,27,13,17.6,65.6,13.2,11.1,8.69,13.7,39.7,0,958.2,8,1.5,3.3,355,727,87,66,66,647,535,274,0,26,97
TAE,2005,10,27,14,17.4,67,13.3,11.2,8.76,13.7,39.7,0,957.9,48,1.4,2.8,220,587,73,48,49,435,527,273,0,26,97
TAE,2005,10,27,15,15.3,76.5,13.3,11.2,8.76,12.9,37.5,0,957.8,121,0.7,2.1,64,203,35,23,23,129,206,272,0,26,97
TAE,2005,10,27,16,12.3,86.3,12.3,10.1,8.09,11.1,32.8,0,958,214,0.7,2.4,0,0,0,0,0,0,0,271,0,26,97
TAE,2005,10,27,17,10.5,90.2,11.4,9,7.49,9.7,29.4,0,958.5,198,0.7,2.3,0,0,0,0,0,0,0,271,0,26,97
TAE,2005,10,27,18,9.4,92,10.9,8.2,7.15,8.8,27.5,0,958.8,210,0.8,2.6,0,0,0,0,0,0,0,270,0,26,97
TAE,2005,10,27,19,9.1,92.6,10.7,8,7.02,8.5,26.8,0,958.9,149,0.6,1.7,0,0,0,0,0,0,0,268,0,26,97
TAE,2005,10,27,20,8.1,93.2,10.1,7.1,6.62,7.6,24.8,0,959.3,172,0.7,1.6,0,0,0,0,0,0,0,267,0,26,97
TAE,2005,10,27,21,8.1,93.4,10.1,7.1,6.62,7.6,24.8,0,959.7,135,0.6,1.4,0,0,0,0,0,0,0,266,0,26,97
TAE,2005,10,27,22,7.3,93,9.5,6.2,6.22,6.7,23,0,959.6,141,0.6,1.4,0,0,0,0,0,0,0,265,0,26,97
TAE,2005,10,27,23,6.6,92.4,9,5.5,5.89,6.1,21.4,0,959.8,143,0.5,2.1,0,0,0,0,0,0,0,264,0,26,97
TAE,2005,10,28,0,6.1,93.4,8.8,5.1,5.75,5.6,20.6,0,960.1,153,0.4,1.1,0,0,0,0,0,0,0,262,0,26,97
TAE,2005,10,28,1,6.3,92.8,8.8,5.2,5.76,5.8,20.8,0,959.7,135,0.6,2,0,0,0,0,0,0,0,261,0,26,97
TAE,2005,10,28,2,5.9,93.4,8.6,4.9,5.63,5.4,20,0,959.4,143,0.5,1.8,0,0,0,0,0,0,0,259,0,26,97
TAE,2005,10,28,3,5.1,93.2,8.2,4.1,5.36,4.6,18.6,0,959.5,180,0.2,0.9,0,0,0,0,0,0,0,258,0,26,97
TAE,2005,10,28,4,5,95,8.3,4.3,5.43,4.7,18.6,0,959.4,180,0.3,1.2,0,0,0,0,0,0,0,256,0,26,97
TAE,2005,10,28,5,4.5,95.2,8,3.8,5.23,4.2,17.6,0,959.4,135,0.3,1.2,0,0,0,0,0,0,0,255,0,26,97
TAE,2005,10,28,6,4.6,94.5,8,3.8,5.23,4.2,17.7,0,959.6,146,0.4,1.3,45,152,27,17,156,92,16,265,0,26,97
TAE,2005,10,28,7,6.4,92.4,8.9,5.3,5.82,5.9,21,0,959.9,180,0.1,1,196,571,66,43,518,406,44,258,0,26,97
TAE,2005,10,28,8,9.5,86.9,10.3,7.4,6.75,8.4,26.5,0,959.8,360,0.2,1.2,332,704,86,62,536,614,64,260,0,26,97
TAE,2005,10,28,9,11.6,82.5,11.3,8.7,7.41,10,30.3,0,959.9,14,0.8,2.3,435,773,98,76,437,763,78,263,0,26,97
TAE,2005,10,28,10,13.7,72.6,11.4,8.9,7.48,11,32.7,0,959.6,27,0.5,1.8,494,817,99,82,265,853,85,266,0,26,97
TAE,2005,10,28,11,15.6,64.7,11.5,9,7.55,11.9,34.8,0,959,36,0.9,2.3,496,806,103,84,84,850,238,269,0,26,97
TAE,2005,10,28,12,16.9,64.9,12.5,10.3,8.22,13.1,37.8,0,958.6,360,1.1,2.6,448,787,97,77,78,785,418,270,0,26,97
TAE,2005,10,28,13,16.7,65.2,12.4,10.1,8.15,12.9,37.4,0,958.2,53,1.5,3,350,719,88,65,65,642,528,269,0,26,97
TAE,2005,10,28,14,16.9,62.5,12,9.7,7.89,12.7,37,0,958,59,1.2,2.4,216,586,72,47,47,435,523,268,0,26,97
TAE,2005,10,28,15,14.7,73.4,12.2,10,8.02,12,35.1,0,957.8,108,0.5,1.9,62,189,36,23,23,122,193,267,13,26,97
TAE,2005,10,28,16,11.3,84.9,11.4,8.9,7.49,10,30.2,0,958,225,0.9,2.7,0,0,0,0,0,0,0,266,0,26,97
TAE,2005,10,28,17,9.7,89.8,10.8,8.1,7.09,8.8,27.6,0,958.5,218,1.2,3,0,0,0,0,0,0,0,265,0,26,97
TAE,2005,10,28,18,9.1,91.1,10.5,7.7,6.89,8.4,26.5,0,958.6,187,0.9,2.3,0,0,0,0,0,0,0,264,0,26,97
TAE,2005,10,28,19,8.2,92.1,10,7,6.56,7.6,24.7,0,958.5,135,0.7,2.6,0,0,0,0,0,0,0,263,0,26,97
TAE,2005,10,28,20,8,92.5,9.9,6.9,6.49,7.4,24.4,0,958.3,135,0.5,2.5,0,0,0,0,0,0,0,261,0,26,97
TAE,2005,10,28,21,7.2,93.4,9.5,6.2,6.23,6.7,22.9,0,958.2,180,0.4,1.5,0,0,0,0,0,0,0,260,0,26,97
TAE,2005,10,28,22,6.6,93.5,9.1,5.6,5.96,6.1,21.6,0,958.2,153,0.5,1.4,0,0,0,0,0,0,0,259,0,26,97
TAE,2005,10,28,23,6.1,94.3,8.9,5.3,5.83,5.7,20.8,0,958.2,135,0.5,2.2,0,0,0,0,0,0,0,258,0,26,97
TAE,2005,10,29,0,5.7,94.3,8.6,4.9,5.63,5.3,19.9,0,958.2,180,0.3,1.4,0,0,0,0,0,0,0,257,0,26,97
TAE,2005,10,29,1,4.9,95.6,8.3,4.3,5.43,4.6,18.5,0,958.2,146,0.4,1.6,0,0,0,0,0,0,0,257,0,26,97
TAE,2005,10,29,2,4.4,97.6,8.2,4.1,5.37,4.3,17.9,0,958.2,146,0.4,1,0,0,0,0,0,0,0,258,0,26,97
TAE,2005,10,29,3,4.6,96.3,8.2,4.1,5.37,4.4,18.1,0,958.3,135,0.4,1.3,0,0,0,0,0,0,0,258,0,26,97
TAE,2005,10,29,4,4.6,98.6,8.4,4.4,5.5,4.5,18.4,0,958.4,180,0.2,0.9,0,0,0,0,0,0,0,258,0,26,97
TAE,2005,10,29,5,4.6,99.8,8.5,4.6,5.57,4.6,18.6,0,958.4,135,0.1,1.2,0,0,0,0,0,0,0,258,0,26,97
TAE,2005,10,29,6,4.6,98.3,8.3,4.4,5.43,4.5,18.2,0,959,180,0.1,0.8,44,164,26,16,165,97,16,259,0,26,97
TAE,2005,10,29,7,5.4,99.6,8.9,5.3,5.82,5.4,20,0,959.3,180,0.2,1.1,186,518,70,44,476,376,44,261,0,26,97
TAE,2005,10,29,8,6.3,96.2,9.2,5.7,6.02,6,21.5,0,959.1,360,0.1,1.1,328,715,82,60,539,621,62,263,0,26,97
TAE,2005,10,29,9,9.2,88.4,10.3,7.4,6.75,8.3,26.2,0,958.9,45,0.6,2.3,430,783,92,74,433,769,76,265,0,26,97
TAE,2005,10,29,10,10.8,81,10.4,7.7,6.82,9.1,28,0,958.6,58,1.3,2.7,486,810,98,81,261,847,84,267,0,26,97
TAE,2005,10,29,11,12.6,76.2,11.1,8.5,7.29,10.3,31.1,0,957.9,43,1.6,3,489,810,99,82,83,851,234,269,0,26,97
TAE,2005,10,29,12,14.1,73.9,11.9,9.5,7.83,11.5,34,0,957.4,42,1.3,2.4,439,772,99,76,77,775,412,270,0,26,97
TAE,2005,10,29,13,15.5,70,12.3,10.1,8.1,12.4,36.1,0,957.1,30,1.4,3,341,702,89,64,65,631,516,269,0,26,97
TAE,2005,10,29,14,16.4,67.8,12.6,10.4,8.3,12.9,37.5,0,956.7,35,1.2,2.3,208,558,73,47,47,419,502,268,0,26,97
TAE,2005,10,29,15,15.1,75.1,12.9,10.7,8.5,12.5,36.7,0,956.6,360,0.4,1.8,58,201,31,20,20,125,200,267,0,26,97
TAE,2005,10,29,16,12.1,83.2,11.7,9.3,7.7,10.5,31.6,0,957.3,230,1.5,2.8,0,0,0,0,0,0,0,267,0,26,97
TAE,2005,10,29,17,9.9,88.5,10.7,8.1,7.03,8.9,27.6,0,957.8,214,0.7,2.8,0,0,0,0,0,0,0,266,0,26,97
TAE,2005,10,29,18,9,90.9,10.4,7.6,6.83,8.3,26.2,0,958,135,0.3,1.8,0,0,0,0,0,0,0,265,0,26,97
TAE,2005,10,29,19,8.4,90.8,10,7,6.56,7.7,24.9,0,958.3,130,0.8,1.9,0,0,0,0,0,0,0,265,0,26,97
TAE,2005,10,29,20,7.7,91.1,9.6,6.3,6.29,7,23.6,0,958.7,158,0.6,1.7,0,0,0,0,0,0,0,265,0,26,97
TAE,2005,10,29,21,7.3,91.5,9.3,6,6.09,6.6,22.6,0,958.9,135,0.2,1.6,0,0,0,0,0,0,0,264,0,26,97
TAE,2005,10,29,22,6.6,92.3,9,5.4,5.89,6,21.4,0,959,0,0,0.2,0,0,0,0,0,0,0,264,0,26,97
TAE,2005,10,29,23,6.2,92.7,8.8,5.1,5.76,5.7,20.7,0,959.1,135,0.1,1.9,0,0,0,0,0,0,0,264,6,26,97
TAE,2005,10,30,0,5.7,93.1,8.5,4.7,5.56,5.2,19.7,0,959,162,0.3,1.5,0,0,0,0,0,0,0,263,0,25,97
TAE,2005,10,30,1,5.2,93.6,8.3,4.3,5.43,4.8,18.8,0,958.7,146,0.4,1.5,0,0,0,0,0,0,0,261,0,25,97
TAE,2005,10,30,2,5,93.4,8.2,4,5.37,4.5,18.5,0,958.4,162,0.3,1,0,0,0,0,0,0,0,260,0,25,97
TAE,2005,10,30,3,4.7,93.8,8,3.8,5.24,4.3,17.8,0,958.3,153,0.3,1.4,0,0,0,0,0,0,0,258,0,25,97
TAE,2005,10,30,4,4,93.6,7.6,3.1,4.97,3.6,16.5,0,958.1,180,0.2,1.2,0,0,0,0,0,0,0,257,0,25,97
TAE,2005,10,30,5,3.7,94.1,7.5,2.8,4.91,3.3,16,0,957.7,153,0.4,1.2,0,0,0,0,0,0,0,255,0,25,97
TAE,2005,10,30,6,3.6,93.2,7.3,2.6,4.78,3.2,15.6,0,958.1,180,0.2,0.9,41,151,24,15,152,90,15,265,13,25,97
TAE,2005,10,30,7,5.1,93.2,8.2,4.1,5.37,4.6,18.6,0,958.3,0,0,0.5,185,549,64,42,495,393,42,259,0,25,97
TAE,2005,10,30,8,8.5,87.5,9.7,6.5,6.36,7.5,24.5,0,958,34,0.4,1.6,317,679,87,61,518,597,62,262,0,25,97
TAE,2005,10,30,9,10.4,82.3,10.4,7.5,6.83,8.9,27.7,0,958,10,1.2,2.5,420,763,95,73,426,754,75,266,0,25,97
TAE,2005,10,30,10,11.8,77.9,10.8,8.1,7.1,9.8,29.8,0,957.5,52,1.1,2.3,477,800,98,79,258,838,82,269,0,25,97
TAE,2005,10,30,11,13.8,74.2,11.7,9.3,7.7,11.3,33.3,0,957,49,1,2.3,480,797,100,80,81,839,230,273,0,25,97
TAE,2005,10,30,12,15.2,69.3,11.9,9.6,7.84,12,35.1,0,956.2,42,1.4,2.4,431,770,96,74,75,771,407,274,0,25,97
TAE,2005,10,30,13,15.9,66.3,12,9.6,7.91,12.3,36,0,955.9,45,1.3,2.3,336,707,85,62,62,632,515,273,0,25,97
TAE,2005,10,30,14,16.1,67.3,12.3,10,8.11,12.6,36.7,0,955.5,42,1.2,2.6,202,552,71,45,45,414,493,272,0,25,97
TAE,2005,10,30,15,14.4,77.5,12.7,10.5,8.38,12.1,35.7,0,955.2,76,0.7,2.7,53,175,30,18,18,111,175,271,0,25,97
TAE,2005,10,30,16,11.2,86.1,11.4,9,7.51,10,30.2,0,955.6,219,0.7,2.3,0,0,0,0,0,0,0,270,0,25,97
TAE,2005,10,30,17,9,90.8,10.4,7.6,6.84,8.3,26.3,0,956.2,207,0.3,1.7,0,0,0,0,0,0,0,269,0,25,97
TAE,2005,10,30,18,8,91.2,9.8,6.7,6.44,7.3,24.2,0,956.2,171,0.6,1.7,0,0,0,0,0,0,0,268,0,25,97
TAE,2005,10,30,19,7.3,92.3,9.5,6.1,6.24,6.7,23,0,956.2,149,0.6,2.2,0,0,0,0,0,0,0,267,0,25,97
TAE,2005,10,30,20,7,92.3,9.3,5.8,6.11,6.4,22.4,0,956.1,135,0.3,2.2,0,0,0,0,0,0,0,266,0,25,97
TAE,2005,10,30,21,5.9,93.1,8.7,4.9,5.71,5.4,20.3,0,956.2,166,0.4,1.1,0,0,0,0,0,0,0,265,0,25,97
TAE,2005,10,30,22,5.9,93.6,8.7,4.9,5.71,5.4,20.3,0,956,141,0.7,2.7,0,0,0,0,0,0,0,264,0,25,97
TAE,2005,10,30,23,6,93.4,8.7,5,5.71,5.5,20.4,0,956,135,0.6,3.1,0,0,0,0,0,0,0,263,0,25,97
TAE,2005,10,31,0,4.8,94.7,8.1,4,5.32,4.4,18.1,0,956,180,0.2,1,0,0,0,0,0,0,0,262,0,28,97
TAE,2005,10,31,1,4.4,93.7,7.9,3.5,5.18,4,17.4,0,955.7,90,0.2,1.5,0,0,0,0,0,0,0,261,0,28,97
TAE,2005,10,31,2,4.1,96.2,7.9,3.6,5.19,3.9,17.1,0,955.5,0,0,0.5,0,0,0,0,0,0,0,260,0,28,97
TAE,2005,10,31,3,3.7,98.5,7.9,3.5,5.19,3.6,16.7,0,955.1,135,0.1,0.8,0,0,0,0,0,0,0,259,0,28,97
TAE,2005,10,31,4,3.7,97.4,7.8,3.3,5.12,3.5,16.6,0,954.6,180,0.1,0.6,0,0,0,0,0,0,0,258,0,28,97
TAE,2005,10,31,5,4.2,95.1,7.8,3.5,5.12,3.9,17.1,0,954.7,240,0.8,1.9,0,0,0,0,0,0,0,257,0,28,97
TAE,2005,10,31,6,5.1,95.8,8.4,4.5,5.52,4.8,19,0,954.8,233,0.5,1.5,36,115,23,15,119,73,14,258,0,28,97
TAE,2005,10,31,7,6.1,97.4,9.2,5.7,6.05,5.9,21.3,0,954.4,146,0.5,1.8,181,540,65,44,490,392,44,262,0,28,97
TAE,2005,10,31,8,7.2,96.2,9.8,6.6,6.45,6.9,23.5,0,954.2,45,1,2.7,318,697,85,64,531,617,65,266,19,28,97
TAE,2005,10,31,9,8,93.2,10,7,6.59,7.5,24.6,0,953.8,30,1.4,2.9,397,658,120,85,401,688,86,271,6,28,97
TAE,2005,10,31,10,9.1,92.7,10.7,8,7.06,8.5,26.9,0,953.2,24,1.7,3.1,458,729,117,90,265,793,92,275,0,28,97
TAE,2005,10,31,11,10.2,89.7,11.2,8.6,7.4,9.3,28.9,0,952.6,29,1.2,2.7,475,782,106,88,89,839,243,279,0,28,97
TAE,2005,10,31,12,12.1,82.7,11.7,9.2,7.74,10.5,31.7,0,951.7,45,0.9,2.3,426,781,90,78,78,783,410,282,0,28,97
TAE,2005,10,31,13,13.9,78.9,12.5,10.3,8.28,11.8,34.9,0,951.2,34,1.4,2.5,320,649,94,68,68,598,487,293,6,28,97
TAE,2005,10,31,14,14.8,75.4,12.7,10.5,8.42,12.3,36.2,0,950.6,34,1.5,3,180,419,77,48,48,342,388,319,49,28,97
TAE,2005,10,31,15,14,78.3,12.5,10.3,8.28,11.9,35,0,951.2,216,1.3,4.5,43,149,25,15,15,94,149,336,80,28,97
TAE,2005,10,31,16,13.6,75.7,11.8,9.4,7.82,11.3,33.4,0,951.8,246,1.8,5.2,0,0,0,0,0,0,0,355,100,28,97
TAE,2005,10,31,17,13.1,75.9,11.4,8.9,7.57,10.8,32.3,0,952.2,270,1.6,7.9,0,0,0,0,0,0,0,353,100,28,97
TAE,2005,10,31,18,12.6,79,11.5,9,7.59,10.6,31.8,0,952.4,321,1,3.9,0,0,0,0,0,0,0,352,100,28,97
TAE,2005,10,31,19,12.1,80.8,11.4,8.9,7.53,10.4,31.2,0,952.5,90,0.4,1.6,0,0,0,0,0,0,0,351,100,28,97
TAE,2005,10,31,20,11.6,83.1,11.3,8.8,7.49,10.1,30.6,0,952.6,135,0.5,3.6,0,0,0,0,0,0,0,351,100,28,97
TAE,2005,10,31,21,10.9,85.6,11.1,8.6,7.36,9.6,29.5,0,952.8,60,0.9,2.5,0,0,0,0,0,0,0,350,100,28,97
TAE,2005,10,31,22,10.2,88.2,11,8.3,7.26,9.2,28.6,0,953,180,0.3,1.9,0,0,0,0,0,0,0,350,100,28,97
TAE,2005,10,31,23,9.4,90.5,10.7,7.9,7.06,8.6,27.3,0,953.4,11,0.9,3.7,0,0,0,0,0,0,0,350,100,28,97
TAE,2019,11,1,0,8.7,92.2,10.4,7.5,6.86,8.1,26,0,953.6,90,0.5,1.5,0,0,0,0,0,0,0,335,100,27,97
TAE,2019,11,1,1,8,93.9,10.1,7.1,6.65,7.5,24.8,0,953.8,56,0.7,1.7,0,0,0,0,0,0,0,335,100,28,97
TAE,2019,11,1,2,7.6,95,9.9,6.8,6.52,7.1,24,0,953.9,40,0.8,1.9,0,0,0,0,0,0,0,335,100,28,97
TAE,2019,11,1,3,7.2,95.9,9.7,6.5,6.39,6.8,23.2,0,953.9,81,0.6,1.6,0,0,0,0,0,0,0,335,100,28,97
TAE,2019,11,1,4,6.9,96.3,9.6,6.4,6.33,6.6,22.9,0,953.7,76,0.4,1.2,0,0,0,0,0,0,0,336,100,28,97
TAE,2019,11,1,5,7,96.1,9.6,6.4,6.35,6.7,23,0,953.3,45,0.4,0.8,0,0,0,0,0,0,0,336,100,28,97
TAE,2019,11,1,6,7.1,95.9,9.7,6.5,6.37,6.8,23.1,0,952.9,45,0.2,0.6,0,0,0,0,0,0,0,336,100,28,97
TAE,2019,11,1,7,7.3,95.6,9.8,6.7,6.45,7,23.6,0,952.7,45,0.2,0.6,18,19,15,10,27,19,9,337,94,28,97
TAE,2019,11,1,8,7.5,95.5,9.9,6.8,6.53,7.1,24,0,952.7,360,0.6,1.6,98,135,74,46,163,127,45,329,75,28,97
TAE,2019,11,1,9,8.4,93.6,10.3,7.4,6.8,7.9,25.5,0,952.2,360,0.6,1.8,132,62,111,69,113,118,67,335,88,28,97
TAE,2019,11,1,10,9.8,91.7,11.1,8.5,7.34,9.1,28.3,0,951.6,37,0.7,1.7,197,58,173,108,140,159,105,345,100,28,97
TAE,2019,11,1,11,11,89.4,11.7,9.3,7.75,10.1,30.6,0,951,16,0.9,1.8,96,0,96,60,60,57,59,347,100,28,97
TAE,2019,11,1,12,12,84.4,11.8,9.5,7.82,10.6,31.8,0,949.8,225,1,3.3,155,6,153,96,95,97,95,349,100,28,97
TAE,2019,11,1,13,12.4,80,11.5,9,7.63,10.5,31.7,0,948.9,223,1.8,4.3,78,0,78,49,48,46,47,351,100,28,97
TAE,2019,11,1,14,12,83.7,11.8,9.3,7.84,10.5,31.8,0,948.2,218,1.2,3.4,17,0,17,10,10,10,10,351,100,28,97
TAE,2019,11,1,15,11.8,86.5,12,9.6,7.98,10.6,32,0.1,947.2,216,1,3.9,12,0,12,7,7,7,7,350,100,28,97
TAE,2019,11,1,16,11.2,90.6,12.1,9.7,8.06,10.4,31.6,0.3,946.3,162,1.3,2.7,3,0,3,2,2,2,2,350,100,28,97
TAE,2019,11,1,17,10.9,93.5,12.2,9.9,8.13,10.3,31.4,0.7,945.8,90,0.4,0.9,0,0,0,0,0,0,0,350,100,28,97
TAE,2019,11,1,18,10.8,93.6,12.1,9.8,8.06,10.2,31.2,0,945.8,198,0.6,3,0,0,0,0,0,0,0,350,100,28,97
TAE,2019,11,1,19,11.5,87,11.8,9.4,7.86,10.3,31.4,0,945,209,1.9,6.5,0,0,0,0,0,0,0,350,100,28,97
TAE,2019,11,1,20,11.7,85.4,11.7,9.3,7.8,10.4,31.4,0,944.3,192,3.8,7.7,0,0,0,0,0,0,0,350,100,28,97
TAE,2019,11,1,21,11.8,83.6,11.6,9.1,7.74,10.3,31.4,0,943.8,189,3.1,7.5,0,0,0,0,0,0,0,346,94,28,97
TAE,2019,11,1,22,11.8,83.1,11.5,9,7.68,10.3,31.2,0,943.3,206,2.6,8.9,0,0,0,0,0,0,0,339,81,28,97
TAE,2019,11,1,23,11.6,84.8,11.6,9.1,7.75,10.2,31.2,0,942.7,213,1.8,5.5,0,0,0,0,0,0,0,349,100,28,97
TAE,2019,11,2,0,11.2,89.1,11.8,9.5,7.89,10.3,31.1,0.3,942.2,225,0.5,2.1,0,0,0,0,0,0,0,349,100,28,97
TAE,2019,11,2,1,11,88.3,11.6,9.1,7.76,10,30.6,0,941.4,243,1.3,3.8,0,0,0,0,0,0,0,349,100,27,97
TAE,2019,11,2,2,10.9,87.2,11.4,8.9,7.63,9.8,30.2,0,940.9,240,1.8,6.7,0,0,0,0,0,0,0,349,100,27,97
TAE,2019,11,2,3,11.3,85.6,11.4,9,7.63,10,30.6,1.1,940.6,208,3.5,10.5,0,0,0,0,0,0,0,349,100,27,97
TAE,2019,11,2,4,11.1,87.1,11.5,9,7.7,9.9,30.6,0.3,940,198,3.5,9,0,0,0,0,0,0,0,349,100,27,97
TAE,2019,11,2,5,10.6,91.8,11.7,9.3,7.84,9.9,30.4,0.4,939.7,236,0.9,2.9,0,0,0,0,0,0,0,349,100,27,97
TAE,2019,11,2,6,10.3,94.9,11.9,9.5,7.98,9.9,30.5,0.3,939.6,135,0.5,1.5,0,0,0,0,0,0,0,349,100,27,97
TAE,2019,11,2,7,10.5,92.7,11.8,9.4,7.91,9.9,30.5,0.4,939.7,207,0.6,2.6,2,0,2,1,1,1,1,350,100,27,97
TAE,2019,11,2,8,12,86.2,12.1,9.8,8.11,10.8,32.5,0.5,939.8,197,4.2,11.4,57,2,57,35,36,35,34,353,100,27,97
TAE,2019,11,2,9,12.7,83,12.1,9.9,8.12,11.1,33.3,0.1,939.1,194,3.8,9.9,205,275,115,75,258,294,74,347,88,27,97
TAE,2019,11,2,10,14.9,72.8,12.3,10.1,8.25,12.1,35.9,0,939.1,247,1.7,5.5,403,750,92,76,409,749,77,332,54,27,97
TAE,2019,11,2,11,14.9,74.3,12.6,10.4,8.46,12.3,36.4,0.1,938.9,214,3.5,8.5,269,227,167,108,179,322,106,339,69,27,97
TAE,2019,11,2,12,15.1,74.5,12.8,10.6,8.61,12.5,36.9,0,937.9,203,4.1,10.2,378,561,120,89,89,626,208,341,69,27,97
TAE,2019,11,2,13,15.6,73.9,13.1,11,8.81,12.9,38,0,937.6,231,2.9,7.3,245,248,141,87,86,324,206,349,94,27,97
TAE,2019,11,2,14,15.4,75.5,13.2,11.1,8.88,12.9,38,0,937.3,222,2.6,7.1,215,292,116,76,76,314,263,357,94,27,97
TAE,2019,11,2,15,15.1,78.2,13.4,11.3,9.02,12.9,38,0,937.1,238,1.2,3.8,15,0,15,9,9,9,9,359,100,27,97
TAE,2019,11,2,16,13.9,86.3,13.7,11.7,9.23,12.6,37.3,0,936.7,288,1,2.4,22,30,19,12,12,27,39,344,88,27,97
TAE,2019,11,2,17,12.3,90.3,13,10.8,8.76,11.4,34.5,0,936.3,231,0.8,1.7,0,0,0,0,0,0,0,356,100,27,97
TAE,2019,11,2,18,13,83.9,12.6,10.3,8.48,11.5,34.5,0,936.4,235,1.7,7.9,0,0,0,0,0,0,0,354,100,27,97
TAE,2019,11,2,19,13.8,76.9,12.1,9.8,8.15,11.5,34.4,0,936.1,217,3.4,8.1,0,0,0,0,0,0,0,352,100,27,97
TAE,2019,11,2,20,13.5,77.7,12,9.7,8.08,11.4,34,0,935.3,195,3.1,7.2,0,0,0,0,0,0,0,351,100,27,97
TAE,2019,11,2,21,12.2,84,11.9,9.6,8.02,10.7,32.5,0,934.9,250,1.2,2.7,0,0,0,0,0,0,0,346,94,27,97
TAE,2019,11,2,22,12,83.8,11.8,9.3,7.96,10.5,32.1,0,934.4,261,0.7,2.3,0,0,0,0,0,0,0,350,100,27,97
TAE,2019,11,2,23,13.9,65.1,10.3,7.5,6.93,10.4,31.5,0,934.3,245,3,10.6,0,0,0,0,0,0,0,349,100,27,97
TAE,2019,11,3,0,12.9,65.4,9.7,6.6,6.53,9.6,29.4,0,934.2,243,3.2,8.5,0,0,0,0,0,0,0,348,100,27,97
TAE,2019,11,3,1,11.6,75.7,10.4,7.5,7,9.4,29.3,0,934.1,251,4.6,12.6,0,0,0,0,0,0,0,347,100,28,97
TAE,2019,11,3,2,10.5,86.9,11.1,8.4,7.49,9.4,29.4,1,933.2,220,3.1,8.9,0,0,0,0,0,0,0,347,100,28,97
TAE,2019,11,3,3,10.1,88.7,11,8.3,7.43,9.1,28.9,0.3,931.8,217,1.3,4.5,0,0,0,0,0,0,0,346,100,28,97
TAE,2019,11,3,4,9.9,90.4,11,8.4,7.44,9.1,28.7,0.1,930.6,83,0.9,2.5,0,0,0,0,0,0,0,346,100,28,97
TAE,2019,11,3,5,9.5,94.6,11.2,8.7,7.58,9.1,28.6,0,929.9,45,0.4,1.3,0,0,0,0,0,0,0,345,100,28,97
TAE,2019,11,3,6,9.2,95.8,11.2,8.6,7.59,8.9,28.3,0,929.3,45,0.1,0.6,0,0,0,0,0,0,0,345,100,28,97
TAE,2019,11,3,7,9.2,95.8,11.1,8.6,7.52,8.9,28.2,0,929.2,63,0.4,1.5,2,0,2,1,1,1,1,345,100,28,97
TAE,2019,11,3,8,9.8,93.5,11.3,8.8,7.66,9.3,29.1,0,928.5,101,0.6,2,23,0,23,14,14,14,14,346,100,28,97
TAE,2019,11,3,9,10.1,94,11.6,9.2,7.87,9.6,30,0,928.1,45,0.8,1.8,52,0,52,33,32,31,32,347,100,28,97
TAE,2019,11,3,10,10.4,93.8,11.8,9.4,8.02,9.8,30.6,0,927.5,30,1,2.1,36,0,36,23,23,22,22,348,100,28,97
TAE,2019,11,3,11,10.6,93,11.9,9.5,8.09,10,31,0.2,926.8,8,1.6,3,86,7,83,52,53,57,51,349,100,28,97
TAE,2019,11,3,12,11.2,89,11.9,9.5,8.1,10.3,31.7,0,926.2,63,1.5,3.3,117,4,115,73,72,73,71,351,100,28,97
TAE,2019,11,3,13,11.3,86.7,11.6,9.2,7.89,10.1,31.2,0,926.1,29,1.3,2.7,59,0,59,37,37,36,36,351,100,28,97
TAE,2019,11,3,14,11.2,89.7,11.9,9.6,8.1,10.3,31.7,0,926.1,344,0.9,2.7,19,0,19,12,12,11,12,349,100,28,97
TAE,2019,11,3,15,10.9,87.8,11.4,9,7.73,9.9,30.4,1.3,928.3,255,2.6,12.4,9,0,9,6,6,6,6,348,100,28,97
TAE,2019,11,3,16,9.2,86.4,10.1,7.1,6.84,8.1,26.5,0.7,928.6,258,2.9,8.9,4,0,4,2,2,2,2,346,100,28,97
TAE,2019,11,3,17,8.9,87.9,10,7,6.77,7.9,26,1.5,929.1,217,1.6,4.6,0,0,0,0,0,0,0,345,100,28,97
TAE,2019,11,3,18,9,86.8,9.9,6.9,6.69,7.9,25.9,0.1,929.7,214,1.5,4.9,0,0,0,0,0,0,0,344,100,28,97
TAE,2019,11,3,19,9.5,83.2,9.9,6.8,6.69,8.1,26.4,0,930.3,220,2.6,8,0,0,0,0,0,0,0,342,100,28,97
TAE,2019,11,3,20,9.8,79.6,9.7,6.4,6.55,8,26.3,0,931.3,235,3.1,9.9,0,0,0,0,0,0,0,341,100,28,97
TAE,2019,11,3,21,10.1,74.2,9.2,5.7,6.2,7.9,25.8,0,932.6,230,3.9,13,0,0,0,0,0,0,0,340,100,28,97
TAE,2019,11,3,22,9.4,75.6,8.9,5.3,5.99,7.3,24.5,0,933.8,238,4.9,14.2,0,0,0,0,0,0,0,334,94,28,97
TAE,2019,11,3,23,8.9,75.6,8.6,4.8,5.78,6.9,23.5,0,934.2,224,4.7,12.9,0,0,0,0,0,0,0,333,81,28,97
TAE,2019,11,4,0,8.9,74,8.4,4.5,5.64,6.7,23.1,0,934.5,218,4.9,12.6,0,0,0,0,0,0,0,327,94,28,97
TAE,2019,11,4,1,8.8,74.8,8.5,4.6,5.71,6.7,23.2,0,934.7,216,3.9,10,0,0,0,0,0,0,0,326,74,28,97
TAE,2019,11,4,2,9.5,70.4,8.3,4.4,5.57,7,23.6,0,934.7,218,3.6,9.3,0,0,0,0,0,0,0,315,66,28,97
TAE,2019,11,4,3,9.3,72.2,8.4,4.6,5.64,7,23.5,0,934.6,240,3.3,10.6,0,0,0,0,0,0,0,296,45,28,97
TAE,2019,11,4,4,8.9,75.5,8.6,4.8,5.78,6.9,23.5,0,934.3,219,2.1,7.3,0,0,0,0,0,0,0,304,63,28,97
TAE,2019,11,4,5,7.3,84.3,8.6,4.8,5.78,6.1,21.9,0,934.4,243,0.5,1.5,0,0,0,0,0,0,0,290,50,28,97
TAE,2019,11,4,6,8.6,77.1,8.6,4.8,5.78,6.7,23.2,0,934.5,216,1.8,5.3,0,0,0,0,0,0,0,295,44,28,97
TAE,2019,11,4,7,8.3,76.2,8.3,4.4,5.58,6.4,22.4,0,934,203,2.5,7.2,32,188,16,10,178,106,10,269,25,28,97
TAE,2019,11,4,8,8.9,75.6,8.6,4.8,5.78,6.9,23.5,0,934,203,1.7,5.4,89,206,56,36,211,160,35,305,54,28,97
TAE,2019,11,4,9,10,71.1,8.7,5,5.85,7.5,24.8,0,933.3,211,1.9,4.8,233,381,115,76,335,381,75,315,63,28,97
TAE,2019,11,4,10,11.7,64.6,8.8,5.3,5.92,8.4,26.7,0,933,228,1.8,6,351,553,134,95,370,591,95,303,54,28,97
TAE,2019,11,4,11,11.6,63.1,8.6,4.8,5.79,8.2,26.3,0,932.7,208,2.3,5.1,156,10,151,96,98,101,93,342,100,28,97
TAE,2019,11,4,12,12.1,63.5,9,5.4,6.06,8.7,27.4,0,932.8,231,2.9,7.7,209,59,182,114,113,172,126,345,100,28,97
TAE,2019,11,4,13,11.9,67.8,9.4,6.1,6.33,8.9,27.9,0,933.3,216,3.3,7.7,172,134,115,72,71,203,126,347,94,28,97
TAE,2019,11,4,14,12.1,68.6,9.7,6.5,6.53,9.2,28.6,0,933.2,215,3.4,9.2,212,278,119,78,77,309,256,327,81,28,97
TAE,2019,11,4,15,13.2,63.7,9.6,6.5,6.46,9.6,29.6,0,933.3,227,2.5,6.6,179,552,65,45,45,412,490,303,48,28,97
TAE,2019,11,4,16,12.2,71,10,7.1,6.73,9.5,29.2,0,934.6,283,3.8,10.1,31,123,16,10,10,80,118,324,73,28,97
TAE,2019,11,4,17,11.5,73.1,9.9,6.9,6.66,9.1,28.3,0.1,934.9,240,2.7,7.2,0,0,0,0,0,0,0,340,94,28,97
TAE,2019,11,4,18,11.2,70.9,9.4,6.1,6.32,8.6,27.2,0,935.1,234,1.5,6.4,0,0,0,0,0,0,0,309,63,28,97
TAE,2019,11,4,19,11.1,76.2,10.1,7.1,6.79,9,28.3,0.3,935.7,223,2.4,6.7,0,0,0,0,0,0,0,343,100,28,97
TAE,2019,11,4,20,10.8,79.8,10.4,7.5,6.99,9,28.5,0.1,935.6,221,2.1,6.8,0,0,0,0,0,0,0,342,100,28,97
TAE,2019,11,4,21,10.3,86.3,10.8,8.1,7.26,9.1,28.6,1.3,936.3,209,2.3,6,0,0,0,0,0,0,0,341,100,28,97
TAE,2019,11,4,22,9.9,89.3,10.9,8.2,7.32,9,28.4,1.5,936.8,287,2,7.4,0,0,0,0,0,0,0,340,100,28,97
TAE,2019,11,4,23,8.2,89.8,9.8,6.6,6.57,7.4,24.8,2,937.6,302,2.6,8,0,0,0,0,0,0,0,334,100,28,97
TAE,2019,11,5,0,8,86.8,9.3,5.9,6.23,6.9,23.7,0.6,937.8,263,1.7,4.7,0,0,0,0,0,0,0,338,100,28,97
TAE,2019,11,5,1,7.8,86.7,9.2,5.7,6.16,6.7,23.3,0.1,937.9,258,2,6.2,0,0,0,0,0,0,0,337,100,27,97
TAE,2019,11,5,2,7.9,84.3,9,5.4,6.03,6.7,23.1,0,936.9,264,1.1,4.6,0,0,0,0,0,0,0,336,100,27,97
TAE,2019,11,5,3,7.7,85.6,9,5.4,6.03,6.6,22.9,0,936.9,248,0.7,2.1,0,0,0,0,0,0,0,335,100,27,97
TAE,2019,11,5,4,7.5,88.2,9.1,5.7,6.1,6.6,22.9,0,936.5,252,0.5,1.7,0,0,0,0,0,0,0,334,100,27,97
TAE,2019,11,5,5,7.3,91.3,9.3,6,6.24,6.6,23,0,936.4,127,0.6,2.7,0,0,0,0,0,0,0,333,100,27,97
TAE,2019,11,5,6,7.3,92.6,9.5,6.2,6.37,6.7,23.4,0,936.6,45,0.4,1.2,0,0,0,0,0,0,0,333,100,27,97
TAE,2019,11,5,7,7.6,91.9,9.6,6.4,6.44,7,23.8,0,936.8,320,0.9,3.2,16,22,14,9,29,21,9,314,71,27,97
TAE,2019,11,5,8,7.8,93.2,9.8,6.8,6.57,7.3,24.4,0.2,937.4,162,0.4,1,86,89,72,45,120,98,44,329,94,27,97
TAE,2019,11,5,9,8.8,87.7,9.9,6.9,6.64,7.8,25.6,0,937.2,153,0.5,1.6,289,646,89,62,492,581,63,309,59,27,97
TAE,2019,11,5,10,9.9,77,9.4,6.1,6.3,8,25.8,0,937.2,180,0.9,2,402,799,85,71,433,791,73,288,33,27,97
TAE,2019,11,5,11,10.7,68.8,8.8,5.2,5.9,7.9,25.6,0,936.9,207,0.7,2,373,475,163,105,242,576,105,323,63,27,97
TAE,2019,11,5,12,10.7,68.1,8.8,5.1,5.9,7.9,25.6,0,936.7,4,1.4,3.4,87,17,80,49,49,65,51,338,94,27,97
TAE,2019,11,5,13,9.8,71,8.6,4.8,5.76,7.3,24.4,0.3,936.5,0,0.7,2.4,139,101,99,61,60,156,113,334,94,27,97
TAE,2019,11,5,14,10.2,73.2,9.1,5.6,6.1,7.9,25.6,0,936.4,135,0.8,1.9,122,123,85,52,51,153,141,328,88,27,97
TAE,2019,11,5,15,9.6,76.2,9.1,5.6,6.1,7.6,25,0,936.6,153,1.6,3.5,130,291,62,40,40,245,266,309,68,27,97
TAE,2019,11,5,16,8.7,78.7,8.8,5.2,5.9,7,23.6,0,936.5,142,1.2,3.6,22,11,20,14,14,20,23,320,78,27,97
TAE,2019,11,5,17,8,88.4,9.4,6.2,6.3,7.1,23.9,1.9,937.3,270,0.9,2.8,0,0,0,0,0,0,0,333,100,27,97
TAE,2019,11,5,18,7.3,92.2,9.5,6.1,6.37,6.7,23.3,0,937.8,166,0.6,1.8,0,0,0,0,0,0,0,332,100,27,97
TAE,2019,11,5,19,7.3,89.6,9.2,5.7,6.16,6.5,22.8,0,937.9,198,0.6,2.7,0,0,0,0,0,0,0,331,100,27,97
TAE,2019,11,5,20,6.5,92.1,8.9,5.3,5.96,5.9,21.5,0,938.2,198,0.5,1.3,0,0,0,0,0,0,0,330,100,27,97
TAE,2019,11,5,21,6.7,87.6,8.6,4.8,5.75,5.8,21.2,0,938.1,176,1.7,6.3,0,0,0,0,0,0,0,329,100,27,97
TAE,2019,11,5,22,5.6,91.3,8.3,4.3,5.55,5,19.6,0,938.3,45,0.5,2.9,0,0,0,0,0,0,0,314,70,27,97
TAE,2019,11,5,23,5.1,93.8,8.3,4.2,5.55,4.7,19,0,938.8,180,0.4,1.8,0,0,0,0,0,0,0,317,74,27,97
TAE,2019,11,6,0,5.7,93.6,8.6,4.8,5.75,5.3,20.2,0,939.1,236,0.5,1.5,0,0,0,0,0,0,0,323,100,27,97
TAE,2019,11,6,1,6.2,91.7,8.7,5,5.81,5.6,20.8,0,939.4,342,0.6,2,0,0,0,0,0,0,0,325,100,26,97
TAE,2019,11,6,2,6.5,90.9,8.8,5.1,5.88,5.8,21.3,0.2,939.5,333,0.3,1.4,0,0,0,0,0,0,0,326,100,26,97
TAE,2019,11,6,3,6.9,88.4,8.8,5.1,5.88,6,21.7,0.4,939.8,218,1.6,4.8,0,0,0,0,0,0,0,325,100,26,97
TAE,2019,11,6,4,6.7,89,8.7,5,5.81,5.9,21.3,0.4,940.1,220,1.5,4.7,0,0,0,0,0,0,0,326,100,26,97
TAE,2019,11,6,5,6.6,90.2,8.8,5.1,5.88,5.9,21.4,0.6,940.4,212,1.6,3.6,0,0,0,0,0,0,0,326,100,26,97
TAE,2019,11,6,6,6.7,88.8,8.8,5,5.87,5.9,21.5,0,940.7,210,1.7,4.7,0,0,0,0,0,0,0,326,100,26,97
TAE,2019,11,6,7,6.8,88.3,8.7,5,5.8,5.9,21.4,0,941.4,221,1.1,4.6,17,34,14,8,38,26,8,315,74,26,97
TAE,2019,11,6,8,7.1,86.8,8.7,5.1,5.8,6.1,21.7,0.2,942.3,205,2,4.9,54,84,41,25,97,77,25,328,94,26,97
TAE,2019,11,6,9,7.2,89.1,9.1,5.5,6.06,6.4,22.5,0.3,942.8,218,2.3,6.9,25,0,25,16,15,15,15,330,100,26,97
TAE,2019,11,6,10,8,82.6,8.9,5.2,5.93,6.6,22.9,0,943,216,3.2,8.9,167,43,150,92,112,131,90,331,100,26,97
TAE,2019,11,6,11,8.2,81,8.8,5.1,5.86,6.7,23,0,943.1,221,2.9,7.1,180,31,166,103,112,130,100,332,100,26,97
TAE,2019,11,6,12,8,81.1,8.7,5,5.79,6.5,22.6,0,943,221,2.3,5.5,47,0,47,29,29,27,28,333,100,26,97
TAE,2019,11,6,13,8.4,76.9,8.5,4.6,5.66,6.5,22.7,0,943,225,2.4,6.9,262,392,110,70,70,434,264,321,71,26,97
TAE,2019,11,6,14,8.6,74.9,8.3,4.4,5.52,6.5,22.5,0,943.2,234,2.4,7,232,350,111,74,74,370,278,319,78,26,97
TAE,2019,11,6,15,8.2,75.2,8.2,4.1,5.45,6.2,22,0,943.5,225,1.7,4.4,100,225,60,37,37,182,223,321,78,26,97
TAE,2019,11,6,16,7.3,80.2,8.2,4.1,5.45,5.8,21,0,943.7,207,2.1,5,30,97,19,13,13,67,97,306,43,26,97
TAE,2019,11,6,17,7,82.4,8.3,4.2,5.52,5.7,20.9,0,944,215,1.3,3.5,0,0,0,0,0,0,0,308,38,26,97
TAE,2019,11,6,18,6,87,8.1,4,5.38,5.1,19.5,0,944.4,207,0.5,1.7,0,0,0,0,0,0,0,305,35,26,97
TAE,2019,11,6,19,5.9,85.6,7.9,3.7,5.25,4.9,19.1,0,944.2,198,0.8,4,0,0,0,0,0,0,0,291,36,26,97
TAE,2019,11,6,20,4.8,90.6,7.8,3.4,5.18,4.2,17.8,0,944.3,135,0.2,0.9,0,0,0,0,0,0,0,298,29,26,97
TAE,2019,11,6,21,4.6,89.2,7.6,3,5.05,3.9,17.3,0,944.2,270,0.2,0.8,0,0,0,0,0,0,0,291,13,26,97
TAE,2019,11,6,22,4.5,88.6,7.5,2.8,4.98,3.7,17,0,944.1,135,0.2,1.3,0,0,0,0,0,0,0,304,59,26,97
TAE,2019,11,6,23,5.8,82.9,7.6,3.1,5.05,4.6,18.5,0,943.7,198,1.2,5.3,0,0,0,0,0,0,0,318,94,26,97
TAE,2019,11,7,0,6.1,79.3,7.5,2.8,4.98,4.6,18.6,0,943.4,217,1.1,4.6,0,0,0,0,0,0,0,306,53,26,97
TAE,2019,11,7,1,3.1,91.9,7,1.9,4.65,2.6,14.8,0,942.8,230,0.8,2,0,0,0,0,0,0,0,279,6,26,97
TAE,2019,11,7,2,2.1,94.1,6.7,1.3,4.45,1.8,13.2,0,942.3,207,0.7,1.9,0,0,0,0,0,0,0,277,0,26,97
TAE,2019,11,7,3,1.6,94.5,6.5,0.8,4.32,1.3,12.4,0,941.6,220,0.9,1.7,0,0,0,0,0,0,0,274,0,26,97
TAE,2019,11,7,4,1.3,94.3,6.3,0.5,4.19,1,11.8,0,941.3,194,0.8,2.6,0,0,0,0,0,0,0,273,0,26,97
TAE,2019,11,7,5,0.5,95.4,6.1,-0.1,4.06,0.3,10.6,0,941.2,180,0.5,1.5,0,0,0,0,0,0,0,268,0,26,97
TAE,2019,11,7,6,0.8,94.9,6.1,0.1,4.06,0.5,10.9,0,940.8,171,0.6,1.3,0,0,0,0,0,0,0,266,0,26,97
TAE,2019,11,7,7,0.7,95.1,6.1,0,4.06,0.4,10.8,0,940.7,146,0.5,1.3,20,91,12,8,88,56,8,271,16,26,97
TAE,2019,11,7,8,1.7,93.6,6.5,0.8,4.33,1.3,12.5,0,940.4,45,0.2,0.8,135,358,65,42,329,282,41,287,61,26,97
TAE,2019,11,7,9,4.4,87.2,7.3,2.5,4.87,3.5,16.6,0,940.2,135,0.4,1.3,181,170,126,77,190,224,75,304,81,26,97
TAE,2019,11,7,10,6.3,80.4,7.7,3.2,5.13,4.9,19.2,0,941.3,310,1,4,217,149,161,98,182,237,96,316,94,26,97
TAE,2019,11,7,11,6.7,79,7.8,3.3,5.19,5.1,19.8,0,941.7,312,1.6,4.5,106,5,104,65,66,67,63,321,100,26,97
TAE,2019,11,7,12,6.9,79.6,7.9,3.6,5.26,5.3,20.2,0,941.3,299,1.6,5,54,0,54,34,33,32,33,326,100,26,97
TAE,2019,11,7,13,7.2,83.2,8.4,4.5,5.6,5.9,21.3,0,941.8,333,1.4,3.6,72,0,72,45,44,42,43,328,100,26,97
TAE,2019,11,7,14,7.8,81.4,8.6,4.8,5.73,6.3,22.3,0,941.5,6,1.3,4.3,175,243,100,64,64,262,222,313,81,26,97
TAE,2019,11,7,15,8.2,73.8,8,3.8,5.33,6.1,21.6,0,942.1,252,0.8,3.2,86,83,72,44,44,97,113,323,75,26,97
TAE,2019,11,7,16,7.5,75.8,7.9,3.5,5.26,5.6,20.8,0,941.9,225,1,3.4,26,116,13,8,8,74,110,322,94,26,97
TAE,2019,11,7,17,7.4,75.3,7.8,3.3,5.19,5.5,20.5,0,942.3,222,1.6,5.6,0,0,0,0,0,0,0,327,100,26,97
TAE,2019,11,7,18,7.5,74.2,7.7,3.2,5.12,5.5,20.4,0,942.6,216,1.8,4.9,0,0,0,0,0,0,0,326,100,26,97
TAE,2019,11,7,19,7.2,75.8,7.7,3.2,5.12,5.3,20.1,0,942.8,235,1.3,3.9,0,0,0,0,0,0,0,326,100,26,97
TAE,2019,11,7,20,6.5,84.3,8.1,4,5.39,5.3,20.1,0.6,942.9,239,0.6,2.6,0,0,0,0,0,0,0,326,100,26,97
TAE,2019,11,7,21,6,87.4,8.2,4.1,5.45,5.1,19.7,0.9,943.4,211,1.2,4.6,0,0,0,0,0,0,0,325,100,26,97
TAE,2019,11,7,22,5.6,90.6,8.2,4.2,5.45,4.9,19.3,0.7,943.4,194,1.7,5.5,0,0,0,0,0,0,0,324,100,26,97
TAE,2019,11,7,23,5.4,87.8,7.9,3.5,5.25,4.5,18.6,0.2,943.1,188,1.5,4.5,0,0,0,0,0,0,0,324,100,26,97
TAE,2019,11,8,0,5.1,91.3,8,3.8,5.32,4.5,18.5,0.2,942.8,315,0.4,1.5,0,0,0,0,0,0,0,323,100,26,97
TAE,2019,11,8,1,4.9,92.6,8,3.8,5.32,4.4,18.3,1.4,942.9,297,0.6,1.5,0,0,0,0,0,0,0,322,100,26,97
TAE,2019,11,8,2,4.5,92.7,7.8,3.4,5.19,4,17.5,0.8,942.3,288,0.4,1.1,0,0,0,0,0,0,0,322,100,26,97
TAE,2019,11,8,3,4.5,92.8,7.8,3.4,5.19,4,17.5,0.1,942.1,360,0.4,1.6,0,0,0,0,0,0,0,321,100,26,97
TAE,2019,11,8,4,4.5,93.2,7.8,3.5,5.2,4,17.5,0.2,941.4,31,1.2,2.6,0,0,0,0,0,0,0,315,88,26,97
TAE,2019,11,8,5,4.4,94.1,7.9,3.5,5.27,4,17.6,0,941,15,1.1,2.1,0,0,0,0,0,0,0,320,94,26,97
TAE,2019,11,8,6,4.4,94.5,7.9,3.6,5.27,4,17.6,0,940.8,22,0.6,1.2,0,0,0,0,0,0,0,319,100,26,97
TAE,2019,11,8,7,4.4,93.4,7.8,3.4,5.2,3.9,17.5,0,940.8,345,1.2,2.7,1,0,1,1,1,1,1,319,100,26,97
TAE,2019,11,8,8,4.1,94.2,7.7,3.3,5.13,3.7,17,0.6,941.2,318,1.2,2.9,11,0,11,7,7,7,7,319,100,26,97
TAE,2019,11,8,9,3.8,92.3,7.4,2.7,4.93,3.3,16.2,0.4,941.1,303,2,3.7,17,0,17,10,10,10,10,318,100,26,97
TAE,2019,11,8,10,3.6,90.8,7.1,2.2,4.73,3,15.5,0.4,941.3,285,1.5,4.2,20,0,20,13,12,12,12,318,100,26,97
TAE,2019,11,8,11,3.5,90.5,7.1,2.1,4.73,2.9,15.4,0.8,941.2,274,1.3,2.9,31,0,31,19,19,18,19,318,100,26,97
TAE,2019,11,8,12,2.9,90.4,6.8,1.5,4.53,2.3,14.2,1.5,941.3,247,1.6,3.8,31,0,31,19,19,18,19,317,100,26,97
TAE,2019,11,8,13,2.1,91,6.5,0.8,4.32,1.6,12.9,1.3,941.6,222,1.3,4.1,20,0,20,12,12,12,12,316,100,26,97
TAE,2019,11,8,14,2.9,90.5,6.8,1.5,4.52,2.3,14.2,0.4,941.7,239,0.9,2.7,55,1,54,34,33,33,34,309,88,26,97
TAE,2019,11,8,15,2.9,89.8,6.8,1.4,4.52,2.3,14.2,0,942.4,212,1.8,4,146,423,63,42,42,328,374,306,81,26,97
TAE,2019,11,8,16,3,90.1,6.8,1.5,4.52,2.4,14.3,0,942.9,229,1,2.6,18,27,15,9,9,24,33,313,100,26,97
TAE,2019,11,8,17,3.1,90.2,6.9,1.7,4.58,2.5,14.6,0.1,943.6,218,1.2,3,0,0,0,0,0,0,0,312,100,26,97
TAE,2019,11,8,18,3.3,90.4,7,1.9,4.65,2.7,14.9,0.2,943.9,231,1.5,3.6,0,0,0,0,0,0,0,311,100,26,97
TAE,2019,11,8,19,3.5,90.2,7.1,2,4.71,2.8,15.3,0,943.9,252,1,2.6,0,0,0,0,0,0,0,304,70,26,97
TAE,2019,11,8,20,3.9,89.8,7.2,2.4,4.77,3.2,15.9,0,945.1,234,1,3.3,0,0,0,0,0,0,0,309,90,26,97
TAE,2019,11,8,21,4,89.8,7.3,2.5,4.84,3.3,16.1,0,945.8,247,0.8,2.1,0,0,0,0,0,0,0,309,100,26,97
TAE,2019,11,8,22,4,88.9,7.2,2.3,4.77,3.2,16,0,945.9,243,0.7,1.6,0,0,0,0,0,0,0,308,100,26,97
TAE,2019,11,8,23,3.8,90.8,7.3,2.4,4.84,3.2,15.9,0,945.9,249,0.9,2.2,0,0,0,0,0,0,0,308,100,26,97
TAE,2019,11,9,0,3.9,89.7,7.3,2.4,4.84,3.2,16,0,946.2,262,0.8,2,0,0,0,0,0,0,0,307,100,26,97
TAE,2019,11,9,1,3.9,91.3,7.4,2.6,4.9,3.3,16.2,0,946.5,180,0.3,1.3,0,0,0,0,0,0,0,306,100,26,97
TAE,2019,11,9,2,3.8,91.6,7.3,2.6,4.83,3.3,15.9,0,946.5,236,0.5,1.5,0,0,0,0,0,0,0,305,100,26,97
TAE,2019,11,9,3,3.6,92.6,7.3,2.5,4.83,3.1,15.7,0,946.7,248,0.6,1.8,0,0,0,0,0,0,0,304,100,26,97
TAE,2019,11,9,4,3.5,93.3,7.3,2.5,4.83,3.1,15.6,0,947.1,207,0.4,1.4,0,0,0,0,0,0,0,302,100,26,97
TAE,2019,11,9,5,3.4,94.2,7.4,2.6,4.9,3,15.7,0,947.4,284,0.7,1.5,0,0,0,0,0,0,0,298,94,26,97
TAE,2019,11,9,6,3.4,94.8,7.4,2.6,4.89,3,15.7,0,948,225,0.6,1.6,0,0,0,0,0,0,0,297,94,26,97
TAE,2019,11,9,7,3.6,94.6,7.5,2.8,4.96,3.2,16,0,948.4,143,0.6,1.8,8,2,8,5,7,6,5,299,100,26,97
TAE,2019,11,9,8,4.3,89.7,7.4,2.8,4.89,3.6,16.6,0,948.6,180,0.9,4.3,43,0,43,27,27,26,26,302,100,26,97
TAE,2019,11,9,9,5.1,85.7,7.5,2.9,4.96,4.1,17.5,0,948.9,281,1.4,5.5,78,5,77,48,50,49,46,305,100,26,97
TAE,2019,11,9,10,5.6,81.1,7.4,2.6,4.89,4.2,17.9,0,949,255,1.2,4,45,0,45,28,28,26,27,309,100,26,97
TAE,2019,11,9,11,6,79.8,7.5,2.8,4.96,4.5,18.5,0,948.7,225,1.6,4.2,121,1,120,75,74,72,72,312,100,26,97
TAE,2019,11,9,12,6.4,77.1,7.4,2.7,4.89,4.7,18.7,0,948.3,227,1.9,4.2,177,22,168,104,103,122,108,316,100,26,97
TAE,2019,11,9,13,6.7,75.1,7.4,2.6,4.89,4.8,19,0,947.9,225,1.3,3.5,176,24,167,103,102,122,112,317,100,26,97
TAE,2019,11,9,14,6.8,75.5,7.5,2.8,4.96,4.9,19.3,0,947.7,262,1.1,2.7,121,29,111,68,68,92,85,306,81,26,97
TAE,2019,11,9,15,6.4,78.7,7.5,3,4.96,4.8,18.9,0,947.8,320,1.5,3,110,169,72,44,44,169,173,306,78,26,97
TAE,2019,11,9,16,5.7,80,7.3,2.5,4.83,4.2,17.8,0,947.5,315,0.5,1.3,16,8,15,9,9,14,16,305,75,26,97
TAE,2019,11,9,17,4,91.9,7.5,2.8,4.96,3.5,16.5,0,947.4,214,0.5,1.2,0,0,0,0,0,0,0,290,78,26,97
TAE,2019,11,9,18,4,92.3,7.5,2.9,4.96,3.5,16.5,0,947.2,180,0.4,1.3,0,0,0,0,0,0,0,281,65,26,97
TAE,2019,11,9,19,3.1,93.8,7.2,2.2,4.77,2.7,15,0,946.4,143,0.5,1.4,0,0,0,0,0,0,0,254,13,26,97
TAE,2019,11,9,20,2,94.8,6.7,1.3,4.44,1.7,13.1,0,946,180,0.2,0.9,0,0,0,0,0,0,0,250,0,26,97
TAE,2019,11,9,21,0.3,95,6,-0.4,3.97,0,10.2,0,945.8,198,0.4,1.3,0,0,0,0,0,0,0,248,0,26,97
TAE,2019,11,9,22,-0.4,95.7,5.7,-1,3.77,-0.6,9,0,945.5,217,0.6,1.6,0,0,0,0,0,0,0,246,0,26,97
TAE,2019,11,9,23,-0.6,95.2,5.6,-1.3,3.71,-0.9,8.6,0,945.6,189,0.7,1.4,0,0,0,0,0,0,0,244,0,26,97
TAE,2019,11,10,0,-0.6,94.9,5.6,-1.3,3.71,-0.9,8.6,0,945.5,158,0.6,1.3,0,0,0,0,0,0,0,242,10,26,97
TAE,2019,11,10,1,-0.7,95.6,5.6,-1.3,3.71,-0.9,8.5,0,945.4,143,0.6,1.4,0,0,0,0,0,0,0,240,0,26,97
TAE,2019,11,10,2,-0.7,94.8,5.5,-1.4,3.64,-1,8.4,0,945.2,143,0.6,1.6,0,0,0,0,0,0,0,239,0,26,97
TAE,2019,11,10,3,0.1,94.6,5.8,-0.7,3.84,-0.2,9.7,0,944.9,141,0.7,2,0,0,0,0,0,0,0,238,0,26,97
TAE,2019,11,10,4,-0.1,95.8,5.8,-0.7,3.84,-0.3,9.5,0,944.9,180,0.3,0.9,0,0,0,0,0,0,0,237,0,26,97
TAE,2019,11,10,5,0,95.4,5.8,-0.6,3.84,-0.2,9.6,0,945.4,146,0.4,1.3,0,0,0,0,0,0,0,243,0,26,97
TAE,2019,11,10,6,0.7,94,6.1,-0.2,4.04,0.3,10.8,0,945.7,135,0.6,2.2,0,0,0,0,0,0,0,243,0,26,97
TAE,2019,11,10,7,1.5,92.8,6.3,0.5,4.17,1.1,11.9,0,946.3,180,0.5,1.7,15,46,11,7,47,32,7,243,0,26,97
TAE,2019,11,10,8,2.1,89.6,6.4,0.6,4.23,1.5,12.7,0,947,162,0.6,1.4,67,31,62,39,64,56,38,259,13,26,97
TAE,2019,11,10,9,2.6,86.4,6.4,0.6,4.23,1.8,13.2,0,947.8,203,0.8,2.7,80,1,80,50,50,48,48,275,81,26,97
TAE,2019,11,10,10,2.9,84.2,6.3,0.5,4.16,1.9,13.3,0,948.4,197,1.1,2.1,100,0,100,62,62,59,60,281,100,26,97
TAE,2019,11,10,11,3.3,80.6,6.2,0.3,4.09,2,13.6,0,948.4,162,0.7,1.9,338,423,158,104,182,522,103,277,53,26,97
TAE,2019,11,10,12,4.7,76.9,6.6,1,4.36,3.1,15.6,0,948.3,34,0.9,3.7,454,897,73,72,73,933,219,263,13,26,97
TAE,2019,11,10,13,5.4,75.1,6.7,1.4,4.42,3.6,16.5,0,948.6,51,1.1,3,387,802,78,67,68,804,392,260,19,26,97
TAE,2019,11,10,14,5.5,76.1,6.9,1.6,4.56,3.8,17,0,949,360,0.9,2.5,295,718,78,57,57,652,508,281,54,26,97
TAE,2019,11,10,15,5.2,79.2,7,1.9,4.62,3.7,16.8,0,949.7,319,1,1.9,72,89,59,36,36,92,110,290,90,26,97
TAE,2019,11,10,16,3.9,86.2,7,1.8,4.62,3,15.5,0,950.2,342,0.7,1.9,22,88,13,9,9,59,85,279,48,26,97
TAE,2019,11,10,17,1.7,92.1,6.4,0.6,4.21,1.2,12.2,0,951,194,0.4,1.1,0,0,0,0,0,0,0,287,88,26,97
TAE,2019,11,10,18,0.7,94.4,6.1,-0.1,4.01,0.4,10.7,0,951.6,225,0.5,1.2,0,0,0,0,0,0,0,283,90,26,97
TAE,2019,11,10,19,1.8,93.1,6.5,0.8,4.28,1.4,12.5,0,951.8,143,0.5,2.4,0,0,0,0,0,0,0,282,81,26,97
TAE,2019,11,10,20,2.9,91,6.8,1.6,4.48,2.3,14.1,0,951.9,131,1,3.2,0,0,0,0,0,0,0,284,94,26,97
TAE,2019,11,10,21,2.7,91.8,6.8,1.5,4.48,2.2,13.9,0,951.8,124,0.9,2.6,0,0,0,0,0,0,0,265,29,26,97
TAE,2019,11,10,22,2.5,92.5,6.8,1.4,4.48,2,13.7,0,951.3,99,0.8,2.1,0,0,0,0,0,0,0,253,0,26,97
TAE,2019,11,10,23,2.3,92.4,6.7,1.2,4.41,1.8,13.3,0,951.3,70,1.2,3,0,0,0,0,0,0,0,252,13,26,97
TAE,2019,11,11,0,2.2,91.6,6.5,1,4.28,1.7,12.9,0,951.6,55,1.7,4.2,0,0,0,0,0,0,0,250,25,26,97
TAE,2019,11,11,1,2.1,90.1,6.4,0.6,4.21,1.5,12.6,0,951.5,51,1.3,3.1,0,0,0,0,0,0,0,249,0,27,97
TAE,2019,11,11,2,2.1,89.3,6.4,0.5,4.21,1.4,12.6,0,951.3,22,0.6,1.4,0,0,0,0,0,0,0,249,0,27,97
TAE,2019,11,11,3,2.1,90.4,6.4,0.7,4.21,1.5,12.6,0,951.1,34,0.5,1.3,0,0,0,0,0,0,0,250,0,27,97
TAE,2019,11,11,4,2,89.3,6.3,0.4,4.15,1.3,12.4,0,950.5,225,0.7,2.7,0,0,0,0,0,0,0,253,0,27,97
TAE,2019,11,11,5,1.9,84.8,6,-0.4,3.95,1,11.8,0,950.5,211,0.8,3.4,0,0,0,0,0,0,0,251,0,27,97
TAE,2019,11,11,6,1.9,84.5,5.9,-0.4,3.89,1,11.6,0,950.3,203,1,3.2,0,0,0,0,0,0,0,254,16,27,97
TAE,2019,11,11,7,1.9,85,5.9,-0.3,3.89,1,11.6,0,950,149,0.6,2.1,13,90,7,4,82,52,4,262,16,27,97
TAE,2019,11,11,8,1.9,84.1,5.9,-0.5,3.89,0.9,11.6,0,949.8,135,1.1,3,59,59,52,33,82,66,32,283,41,27,97
TAE,2019,11,11,9,2.1,81.4,5.8,-0.7,3.83,1,11.7,0,948.7,129,1.4,3.5,148,88,120,74,131,150,72,285,44,27,97
TAE,2019,11,11,10,2.6,79.8,5.9,-0.5,3.89,1.3,12.4,0,948.1,135,1.1,2.9,227,236,144,90,219,307,88,278,50,27,97
TAE,2019,11,11,11,3.3,79.6,6.2,0.1,4.1,2,13.6,0,947.3,331,1.4,3.8,194,51,173,107,118,157,104,289,69,27,97
TAE,2019,11,11,12,4.5,76,6.4,0.6,4.24,2.8,15.1,0,946.1,309,1,3.5,406,700,112,85,86,771,224,287,48,27,97
TAE,2019,11,11,13,5.5,74.4,6.7,1.3,4.44,3.6,16.7,0,945.3,344,1.2,3.2,358,641,114,82,82,681,348,292,59,27,97
TAE,2019,11,11,14,5.7,71.4,6.5,0.9,4.31,3.6,16.5,0,945.1,280,1.2,3.2,206,232,135,83,82,285,234,302,81,27,97
TAE,2019,11,11,15,5.4,73,6.6,1,4.38,3.5,16.4,0,944.8,238,1.1,2.9,112,253,67,42,42,215,243,311,100,27,97
TAE,2019,11,11,16,5,75.3,6.5,1,4.31,3.3,15.8,0,945.3,263,0.9,2.5,22,91,13,9,9,60,86,312,100,27,97
TAE,2019,11,11,17,4.8,75.3,6.5,0.8,4.31,3.1,15.6,0,945.4,225,1.3,4.1,0,0,0,0,0,0,0,313,100,27,97
TAE,2019,11,11,18,4.7,78.6,6.7,1.3,4.44,3.2,15.8,0,945.5,262,0.8,3,0,0,0,0,0,0,0,315,100,27,97
TAE,2019,11,11,19,4.4,85.7,7.2,2.2,4.77,3.4,16.4,0.4,945.1,158,0.7,4.9,0,0,0,0,0,0,0,315,100,27,97
TAE,2019,11,11,20,4.8,81.1,7,1.8,4.64,3.5,16.5,0.1,944.9,191,2.2,5.6,0,0,0,0,0,0,0,315,100,27,97
TAE,2019,11,11,21,5,79.4,7,1.7,4.64,3.5,16.7,0,944.9,239,1.3,6.5,0,0,0,0,0,0,0,315,100,27,97
TAE,2019,11,11,22,5.1,79.9,7,1.9,4.64,3.7,16.8,0,945.5,234,1.4,4.3,0,0,0,0,0,0,0,314,100,27,97
TAE,2019,11,11,23,5,82.3,7.2,2.2,4.77,3.7,17,0.7,945.9,237,2.1,6.4,0,0,0,0,0,0,0,314,100,27,97
TAE,2019,11,12,0,4.5,86.8,7.3,2.5,4.84,3.6,16.6,1.3,946.2,226,3.1,8.9,0,0,0,0,0,0,0,314,100,27,97
TAE,2019,11,12,1,4.3,86.5,7.2,2.3,4.77,3.4,16.3,0.1,946.5,225,2.7,7.7,0,0,0,0,0,0,0,314,100,29,97
TAE,2019,11,12,2,4.2,85.6,7.1,2,4.7,3.2,16,0,946.6,228,1.2,4.9,0,0,0,0,0,0,0,306,78,29,97
TAE,2019,11,12,3,4.3,85.6,7.1,2.1,4.7,3.3,16.1,0,946.6,225,0.9,3.1,0,0,0,0,0,0,0,309,100,29,97
TAE,2019,11,12,4,4.4,84.8,7.1,2.1,4.7,3.4,16.2,0,946.7,225,0.8,2.3,0,0,0,0,0,0,0,306,100,29,97
TAE,2019,11,12,5,4.3,80.4,6.7,1.2,4.43,3,15.4,0,946.9,265,1.3,3.8,0,0,0,0,0,0,0,303,94,29,97
TAE,2019,11,12,6,3.9,78.8,6.4,0.6,4.23,2.5,14.5,0,947.1,278,0.8,3.2,0,0,0,0,0,0,0,295,65,29,97
TAE,2019,11,12,7,3.1,81.1,6.2,0.2,4.1,1.9,13.4,0,946.8,243,0.5,1.7,14,85,8,5,79,51,5,283,29,29,97
TAE,2019,11,12,8,2.4,90.1,6.5,0.9,4.3,1.8,13.2,0,946.6,225,0.3,1.1,124,411,57,38,368,312,37,296,68,29,97
TAE,2019,11,12,9,4.4,76.6,6.4,0.7,4.24,2.8,15,0,946,208,1.6,4.9,269,685,79,58,509,614,59,298,64,29,97
TAE,2019,11,12,10,5.5,68.7,6.2,0.2,4.1,3.2,15.8,0,945.8,216,2.6,6.7,272,266,174,107,244,367,106,306,100,29,97
TAE,2019,11,12,11,6.2,64,6.1,-0.1,4.04,3.5,16.4,0,944.7,227,3,5.9,421,808,88,78,249,862,81,292,41,29,97
TAE,2019,11,12,12,6.8,61.8,6.1,0,4.04,3.8,17,0,944.2,240,2.4,5.2,443,882,77,77,78,929,223,291,36,29,97
TAE,2019,11,12,13,7.2,58.8,6,-0.3,3.98,4,17.2,0,943.7,249,1.9,5,281,283,174,108,108,387,238,289,40,29,97
TAE,2019,11,12,14,7.2,54.2,5.5,-1.4,3.65,3.6,16.4,0,943.3,252,1.8,4.8,291,729,78,59,60,665,516,282,29,29,97
TAE,2019,11,12,15,6.9,57.3,5.7,-0.9,3.78,3.6,16.4,0,943.3,304,0.9,3,154,545,57,39,39,414,468,283,38,29,97
TAE,2019,11,12,16,4.3,75.2,6.2,0.3,4.12,2.6,14.6,0,942.9,214,0.8,2.4,21,80,13,9,9,55,77,263,0,29,97
TAE,2019,11,12,17,2.5,83.2,6.1,-0.1,4.05,1.4,12.6,0,942.3,243,0.9,1.9,0,0,0,0,0,0,0,271,25,29,97
TAE,2019,11,12,18,3.2,82.4,6.3,0.5,4.19,2.1,13.7,0,942.3,135,0.6,1.5,0,0,0,0,0,0,0,283,81,29,97
TAE,2019,11,12,19,3.2,85.7,6.6,1,4.39,2.3,14.2,0,941.8,225,0.4,2.3,0,0,0,0,0,0,0,288,88,29,97
TAE,2019,11,12,20,3.6,83.8,6.6,1.1,4.39,2.5,14.6,0,941.6,360,0.6,1.9,0,0,0,0,0,0,0,290,100,29,97
TAE,2019,11,12,21,3.1,87.8,6.7,1.3,4.46,2.3,14.3,0,941.9,124,0.4,1.6,0,0,0,0,0,0,0,289,100,29,97
TAE,2019,11,12,22,3.4,87.1,6.8,1.5,4.53,2.6,14.7,0,941.4,225,0.5,1.7,0,0,0,0,0,0,0,288,100,29,97
TAE,2019,11,12,23,3.5,86.6,6.8,1.5,4.53,2.6,14.9,0.3,941,233,1.1,3.6,0,0,0,0,0,0,0,288,100,29,97
TAE,2019,11,13,0,3.1,83.4,6.4,0.6,4.26,2,13.8,0,940.6,227,2,6.1,0,0,0,0,0,0,0,284,90,29,97
TAE,2019,11,13,1,1.1,91.7,6.1,-0.1,4.06,0.6,11.2,0,940.3,180,0.5,1.5,0,0,0,0,0,0,0,264,33,30,97
TAE,2019,11,13,2,1.2,91.1,6.1,-0.1,4.06,0.7,11.4,0,940.1,236,1.5,3.8,0,0,0,0,0,0,0,267,43,30,97
TAE,2019,11,13,3,0.4,94.3,5.9,-0.4,3.93,0.1,10.2,0,940.7,90,0.6,2.7,0,0,0,0,0,0,0,256,33,30,97
TAE,2019,11,13,4,0.3,93.7,5.8,-0.6,3.86,-0.1,9.9,0,940.7,236,1,2.5,0,0,0,0,0,0,0,259,33,30,97
TAE,2019,11,13,5,-0.4,95,5.6,-1.1,3.72,-0.7,8.9,0,940.9,180,0.3,1.1,0,0,0,0,0,0,0,263,38,30,97
TAE,2019,11,13,6,0.4,94,5.9,-0.5,3.92,0,10.2,0,941.1,214,0.9,2.2,0,0,0,0,0,0,0,280,94,30,97
TAE,2019,11,13,7,1.6,91.3,6.3,0.3,4.19,1.1,12.1,0,941.5,233,0.6,2,1,0,1,1,1,1,1,280,94,30,97
TAE,2019,11,13,8,2.9,85.6,6.4,0.7,4.25,2,13.6,0,942,266,1.4,4.3,57,140,38,24,140,114,24,279,71,30,97
TAE,2019,11,13,9,3.5,82.1,6.5,0.7,4.32,2.3,14.3,0,942.4,259,2,4.5,70,2,70,45,45,44,43,287,88,30,97
TAE,2019,11,13,10,4.1,79.4,6.5,0.9,4.32,2.7,14.9,0,942.5,255,2.1,4.8,160,62,138,87,119,145,85,289,70,30,97
TAE,2019,11,13,11,4.5,76.9,6.5,0.8,4.32,2.9,15.3,0,942.4,254,2.3,6.2,234,254,129,89,128,338,88,284,63,30,97
TAE,2019,11,13,12,5.4,69.7,6.2,0.3,4.12,3.2,15.8,0,942.4,251,2.3,6.3,202,108,158,99,98,210,132,283,54,30,97
TAE,2019,11,13,13,6.3,62.3,6,-0.4,3.99,3.4,16.3,0,942.4,270,3,6.4,390,695,134,90,91,759,412,275,38,30,97
TAE,2019,11,13,14,5.9,59.5,5.5,-1.4,3.65,2.9,15.1,0,942.6,262,2.3,6.9,111,39,98,63,62,96,85,299,94,30,97
TAE,2019,11,13,15,5.6,59.6,5.4,-1.6,3.58,2.6,14.6,0,942.8,260,1.8,5.6,31,9,30,19,19,24,26,300,94,30,97
TAE,2019,11,13,16,4.9,56.2,4.9,-3.1,3.25,1.8,13.1,0,942.9,239,1.2,4.6,22,105,13,9,9,70,99,286,74,30,97
TAE,2019,11,13,17,4.3,65.7,5.5,-1.5,3.65,1.9,13.5,0,943.3,198,0.4,1.1,0,0,0,0,0,0,0,297,100,30,97
TAE,2019,11,13,18,3.8,74.2,5.9,-0.4,3.91,2.1,13.6,0,943.6,153,0.3,1.2,0,0,0,0,0,0,0,295,100,30,97
TAE,2019,11,13,19,3.3,78.3,6,-0.1,3.98,1.9,13.3,0,943.6,117,0.5,1.6,0,0,0,0,0,0,0,291,100,30,97
TAE,2019,11,13,20,2.6,81.4,6,-0.3,3.98,1.4,12.6,0,943.7,225,0.8,2.2,0,0,0,0,0,0,0,278,94,30,97
TAE,2019,11,13,21,1.9,85.8,6,-0.2,3.98,1,11.9,0,943.4,189,0.7,2.7,0,0,0,0,0,0,0,261,44,30,97
TAE,2019,11,13,22,0.1,89.7,5.5,-1.4,3.65,-0.5,9.2,0,942.5,180,0.4,2.7,0,0,0,0,0,0,0,251,0,30,97
TAE,2019,11,13,23,-0.3,90.6,5.4,-1.6,3.59,-0.8,8.6,0,942,180,0.6,1.4,0,0,0,0,0,0,0,247,0,30,97
TAE,2019,11,14,0,-1,91.4,5.2,-2.2,3.45,-1.4,7.6,0,941.5,180,0.4,1.3,0,0,0,0,0,0,0,242,10,30,97
TAE,2019,11,14,1,-1.9,93.2,5,-2.8,3.32,-2.2,6.4,0,940.9,194,0.5,1,0,0,0,0,0,0,0,243,33,29,97
TAE,2019,11,14,2,-2,93.9,5,-2.8,3.33,-2.3,6.3,0,940.1,135,0.3,1.1,0,0,0,0,0,0,0,237,33,29,97
TAE,2019,11,14,3,-2.3,93,4.8,-3.3,3.19,-2.7,5.6,0,939.4,270,0.3,0.9,0,0,0,0,0,0,0,234,29,29,97
TAE,2019,11,14,4,-2.5,92.9,4.8,-3.5,3.2,-2.9,5.4,0,938.9,135,0.4,1.4,0,0,0,0,0,0,0,242,35,29,97
TAE,2019,11,14,5,-2.9,94.1,4.7,-3.7,3.13,-3.2,4.9,0,938.8,225,0.2,1.3,0,0,0,0,0,0,0,241,33,29,97
TAE,2019,11,14,6,-2.9,92.8,4.6,-3.9,3.06,-3.2,4.7,0,939.2,194,0.5,1.2,0,0,0,0,0,0,0,245,49,29,97
TAE,2019,11,14,7,-2.6,93.6,4.7,-3.5,3.13,-2.9,5.2,0,939.6,207,0.4,1,4,2,4,3,4,3,3,259,100,29,97
TAE,2019,11,14,8,-1.5,93.4,5.1,-2.4,3.39,-1.8,6.9,0,939.7,153,0.2,0.6,94,300,40,27,258,238,27,262,88,29,97
TAE,2019,11,14,9,0.3,91.1,5.7,-1,3.8,-0.2,9.8,0,939.8,117,0.3,1,187,271,118,75,265,295,74,265,73,29,97
TAE,2019,11,14,10,2.6,85,6.2,0.3,4.13,1.6,12.9,0,939.9,40,0.8,2.3,351,733,90,71,407,747,73,265,59,29,97
TAE,2019,11,14,11,4.6,75.3,6.4,0.6,4.27,2.9,15.3,0,939.2,42,1.3,3.6,422,787,105,83,265,859,85,276,65,29,97
TAE,2019,11,14,12,5.3,71.2,6.3,0.5,4.2,3.2,15.9,0,938.6,36,1.8,3.8,367,482,171,109,109,603,228,293,78,29,97
TAE,2019,11,14,13,5.4,70.1,6.3,0.4,4.21,3.2,16,0,937.8,63,1.4,2.9,295,574,78,64,65,603,276,302,81,29,97
TAE,2019,11,14,14,5.9,67.5,6.3,0.4,4.21,3.5,16.5,0,937.3,53,1.1,2.9,243,503,95,67,67,492,374,300,78,29,97
TAE,2019,11,14,15,5.3,70.8,6.3,0.4,4.21,3.2,15.9,0,936.6,104,0.5,1.4,52,44,43,27,27,60,59,304,100,29,97
TAE,2019,11,14,16,4.1,80.7,6.6,1.1,4.42,2.8,15.2,0,936.2,162,0.3,2.1,1,0,1,1,1,1,1,302,100,29,97
TAE,2019,11,14,17,3.6,84.2,6.7,1.2,4.49,2.6,14.9,0,935.5,108,0.5,1.5,0,0,0,0,0,0,0,301,100,29,97
TAE,2019,11,14,18,2.7,86.6,6.4,0.7,4.29,1.9,13.4,0,935,135,0.4,1.4,0,0,0,0,0,0,0,299,100,29,97
TAE,2019,11,14,19,2.2,88.9,6.4,0.6,4.29,1.5,12.9,0,934.6,180,0.4,1.1,0,0,0,0,0,0,0,298,100,29,97
TAE,2019,11,14,20,2.5,87.2,6.4,0.6,4.29,1.7,13.2,0,934.2,240,1.1,2.9,0,0,0,0,0,0,0,298,100,29,97
TAE,2019,11,14,21,2.1,88.3,6.3,0.4,4.22,1.4,12.7,0,934.4,225,0.7,2.4,0,0,0,0,0,0,0,297,100,29,97
TAE,2019,11,14,22,0.8,92.9,6,-0.2,4.02,0.4,10.8,0,933.6,162,0.5,1.2,0,0,0,0,0,0,0,297,100,29,97
TAE,2019,11,14,23,0.3,93.6,5.8,-0.6,3.89,-0.1,10,0,933.4,198,0.6,1.7,0,0,0,0,0,0,0,296,100,29,97
TAE,2019,11,15,0,-0.1,93.9,5.7,-1,3.82,-0.5,9.4,0,933.1,189,0.8,3.6,0,0,0,0,0,0,0,294,100,29,97
TAE,2019,11,15,1,0.5,91.2,5.8,-0.8,3.89,0,10.2,0,932.1,225,1,3.3,0,0,0,0,0,0,0,297,100,29,97
TAE,2019,11,15,2,0.5,91.5,5.8,-0.7,3.9,0,10.2,0,931.8,72,0.8,2.5,0,0,0,0,0,0,0,296,94,29,97
TAE,2019,11,15,3,0.1,92.4,5.7,-1,3.83,-0.3,9.7,0,931,72,0.6,2.8,0,0,0,0,0,0,0,300,100,29,97
TAE,2019,11,15,4,0.1,92.4,5.7,-1,3.84,-0.3,9.7,0,930.1,30,0.9,2.5,0,0,0,0,0,0,0,296,90,29,97
TAE,2019,11,15,5,0.7,87.9,5.7,-1.1,3.83,0,10.3,0,930.6,135,0.8,2.4,0,0,0,0,0,0,0,301,94,29,97
TAE,2019,11,15,6,0.5,89,5.6,-1.1,3.76,-0.1,9.9,0,931.8,180,0.7,2.9,0,0,0,0,0,0,0,306,100,29,97
TAE,2019,11,15,7,2.2,80.5,5.8,-0.8,3.88,1,11.9,0.5,935,238,2.8,8.9,0,0,0,0,0,0,0,307,100,29,97
TAE,2019,11,15,8,2.5,88.3,6.5,0.8,4.35,1.8,13.4,2.6,936.7,230,2.8,9.2,6,0,6,4,4,4,4,308,100,29,97
TAE,2019,11,15,9,3.3,87.3,6.8,1.4,4.54,2.5,14.7,0.1,937.7,252,1.2,5,13,0,13,8,8,8,8,310,100,29,97
TAE,2019,11,15,10,4,84.6,6.9,1.6,4.61,2.9,15.6,0,938.1,243,1.5,5.5,27,0,27,17,17,16,17,312,100,29,97
TAE,2019,11,15,11,4.7,80.6,6.9,1.7,4.61,3.4,16.3,0,938.5,239,2.8,7.5,95,1,95,60,60,58,58,314,100,29,97
TAE,2019,11,15,12,5.1,80,7,1.9,4.68,3.7,16.8,0,938,211,2.1,5.9,165,121,116,72,72,197,107,316,100,29,97
TAE,2019,11,15,13,6,75.3,7.1,2,4.74,4.2,17.9,0,938.3,196,1.6,4,160,65,136,86,85,148,114,317,100,29,97
TAE,2019,11,15,14,5.7,78.6,7.2,2.3,4.81,4.2,17.8,0,938.7,188,0.8,2.5,33,0,33,21,21,20,20,316,100,29,97
TAE,2019,11,15,15,4.7,87.5,7.5,2.8,5.01,3.8,17.3,0,938.5,153,0.3,1.1,8,0,8,5,5,5,5,315,100,29,97
TAE,2019,11,15,16,3.8,90.9,7.3,2.5,4.87,3.2,16,0,939.3,180,0.7,1.7,1,0,1,1,1,1,1,314,100,29,97
TAE,2019,11,15,17,3.3,91.8,7.1,2.1,4.74,2.8,15.2,0,939.3,243,0.6,1.5,0,0,0,0,0,0,0,313,100,29,97
TAE,2019,11,15,18,3.2,91.8,7.1,2,4.74,2.7,15.1,0,939.7,217,0.7,2.2,0,0,0,0,0,0,0,312,100,29,97
TAE,2019,11,15,19,3.3,91.9,7.1,2.1,4.74,2.8,15.2,0,939.6,239,0.8,2.3,0,0,0,0,0,0,0,311,100,29,97
TAE,2019,11,15,20,3.4,93.1,7.3,2.4,4.87,3,15.6,0,940,180,0.3,1.6,0,0,0,0,0,0,0,310,100,29,97
TAE,2019,11,15,21,3.5,92.1,7.2,2.3,4.8,3,15.5,0,940.1,225,0.6,1.6,0,0,0,0,0,0,0,310,100,29,97
TAE,2019,11,15,22,2.8,94.4,7.1,2,4.73,2.5,14.7,0,940.2,225,0.3,1.2,0,0,0,0,0,0,0,309,100,29,97
TAE,2019,11,15,23,3,92.4,7,1.9,4.66,2.5,14.7,0,940.5,239,0.8,2.3,0,0,0,0,0,0,0,308,100,29,97
TAE,2019,11,16,0,2.3,94.4,6.8,1.5,4.53,2,13.6,0,940.4,214,0.5,1.4,0,0,0,0,0,0,0,307,100,29,97
TAE,2019,11,16,1,1.9,94.7,6.6,1.1,4.39,1.6,12.9,0,940.7,243,0.6,2,0,0,0,0,0,0,0,306,100,29,97
TAE,2019,11,16,2,1.1,94.2,6.2,0.3,4.13,0.8,11.4,0,940.9,225,0.9,2.2,0,0,0,0,0,0,0,297,74,29,97
TAE,2019,11,16,3,0.8,95.3,6.2,0.1,4.12,0.5,11.1,0,941.1,207,0.6,1.6,0,0,0,0,0,0,0,298,94,29,97
TAE,2019,11,16,4,1.2,94.9,6.3,0.5,4.19,0.9,11.7,0,941.5,180,0.5,1.6,0,0,0,0,0,0,0,302,100,29,97
TAE,2019,11,16,5,0.7,94.7,6.1,-0.1,4.05,0.4,10.8,0,942.4,191,0.6,1.7,0,0,0,0,0,0,0,300,100,29,97
TAE,2019,11,16,6,0.3,96.2,6,-0.2,3.98,0.1,10.2,0,943.4,180,0.2,1.3,0,0,0,0,0,0,0,298,94,29,97
TAE,2019,11,16,7,0.1,95.7,5.9,-0.5,3.91,-0.1,9.9,0,944.3,162,0.4,1.2,8,63,5,3,57,37,3,275,20,29,97
TAE,2019,11,16,8,0.5,95.5,6,-0.1,3.97,0.3,10.4,0,945.2,194,0.6,1.5,115,474,43,30,403,349,30,271,13,29,97
TAE,2019,11,16,9,2.7,92,6.8,1.5,4.5,2.2,14,0,945.8,166,0.5,2,218,567,76,56,430,505,57,277,39,29,97
TAE,2019,11,16,10,5.5,79,7.2,2.2,4.77,4,17.5,0,946.4,212,1.1,3.8,303,545,108,78,310,588,78,282,45,29,97
TAE,2019,11,16,11,6.4,72.1,6.9,1.7,4.57,4.3,17.9,0,946.8,217,1.6,3.7,409,750,112,85,252,828,86,279,36,29,97
TAE,2019,11,16,12,6.6,70.5,6.9,1.6,4.57,4.3,18.1,0,946.8,235,1.7,4.3,357,537,141,99,99,634,178,288,43,29,97
TAE,2019,11,16,13,6.5,69.7,6.7,1.4,4.43,4.2,17.7,0,946.4,255,1.8,5.6,331,605,108,81,81,653,310,280,36,29,97
TAE,2019,11,16,14,6.8,70,6.9,1.7,4.57,4.5,18.3,0,946.8,264,1.4,3.1,251,597,88,62,62,559,440,277,33,29,97
TAE,2019,11,16,15,6.1,77,7.2,2.4,4.76,4.4,18.1,0,947.5,27,0.6,1.8,154,607,51,36,36,461,503,280,36,29,97
TAE,2019,11,16,16,3.6,86.6,6.9,1.6,4.56,2.7,15,0,947.7,198,0.4,1,11,0,11,8,7,7,7,283,49,29,97
TAE,2019,11,16,17,2.2,90.6,6.5,0.8,4.29,1.6,12.9,0,948.2,229,0.9,2.8,0,0,0,0,0,0,0,299,94,29,97
TAE,2019,11,16,18,2.4,91,6.6,1.1,4.36,1.8,13.3,0,948.1,225,0.4,1.4,0,0,0,0,0,0,0,298,100,29,97
TAE,2019,11,16,19,0.8,93.8,6.1,-0.1,4.03,0.4,10.9,0,948.2,214,0.4,1.1,0,0,0,0,0,0,0,295,100,29,97
TAE,2019,11,16,20,0.8,94.8,6.1,0.1,4.03,0.5,10.9,0,948,194,0.5,1.8,0,0,0,0,0,0,0,294,100,29,97
TAE,2019,11,16,21,0.7,94.9,6.1,0,4.03,0.4,10.8,0,947.9,90,0.4,1.1,0,0,0,0,0,0,0,294,100,29,97
TAE,2019,11,16,22,0.4,95.1,6,-0.3,3.96,0.1,10.3,0,947.6,180,0.2,0.6,0,0,0,0,0,0,0,293,100,29,97
TAE,2019,11,16,23,1.7,93.9,6.5,0.8,4.3,1.3,12.4,0,947.8,117,0.5,2.1,0,0,0,0,0,0,0,293,100,29,97
TAE,2019,11,17,0,3,91.9,7,1.8,4.63,2.5,14.6,0,947.3,82,0.9,2.3,0,0,0,0,0,0,0,293,100,29,97
TAE,2019,11,17,1,3,93.6,7.1,2.1,4.7,2.6,14.8,0,946.5,45,1,2.3,0,0,0,0,0,0,0,294,100,29,97
TAE,2019,11,17,2,3,93.9,7.1,2.1,4.71,2.6,14.8,0,945.7,45,1,2.1,0,0,0,0,0,0,0,299,100,29,97
TAE,2019,11,17,3,3.1,94.4,7.2,2.3,4.77,2.7,15.1,0,945.5,38,1.1,2.4,0,0,0,0,0,0,0,303,100,29,97
TAE,2019,11,17,4,3.2,94.2,7.3,2.4,4.84,2.8,15.3,0,945.1,45,0.8,2.4,0,0,0,0,0,0,0,306,100,29,97
TAE,2019,11,17,5,3.3,92.8,7.2,2.2,4.78,2.8,15.3,0,944.5,0,0.2,0.5,0,0,0,0,0,0,0,309,100,29,97
TAE,2019,11,17,6,3.4,91.9,7.2,2.2,4.78,2.9,15.4,0.6,944.2,292,0.6,1.5,0,0,0,0,0,0,0,312,100,29,97
TAE,2019,11,17,7,3.2,94.1,7.3,2.3,4.85,2.8,15.4,0.6,942.9,286,0.7,1.6,0,0,0,0,0,0,0,314,100,29,97
TAE,2019,11,17,8,3.2,94.8,7.3,2.4,4.85,2.8,15.4,0.5,942.6,270,0.4,1.2,5,0,5,3,3,3,3,315,100,29,97
TAE,2019,11,17,9,3.4,95.8,7.5,2.8,4.99,3.1,15.9,0.6,942,72,0.3,0.9,13,0,13,8,8,8,8,315,100,29,97
TAE,2019,11,17,10,3.6,94.4,7.5,2.8,5,3.2,16.1,0.3,941.2,104,0.4,1.5,28,0,28,17,17,17,17,315,100,29,97
TAE,2019,11,17,11,3.9,95.2,7.7,3.2,5.13,3.6,16.8,0.2,940.8,36,0.9,1.9,28,0,28,18,17,17,17,315,100,29,97
TAE,2019,11,17,12,4.1,94.8,7.7,3.3,5.13,3.7,17,0.1,940.5,360,1.2,2.4,21,0,21,13,13,13,13,316,100,29,97
TAE,2019,11,17,13,4.3,92.5,7.7,3.2,5.14,3.8,17.2,0.7,939.2,7,1,2.3,58,18,52,33,32,49,42,313,94,29,97
TAE,2019,11,17,14,4.3,88.8,7.4,2.6,4.94,3.5,16.7,0,939.5,323,0.6,1.8,13,0,13,8,8,8,8,315,100,29,97
TAE,2019,11,17,15,4.2,89.1,7.3,2.6,4.87,3.5,16.4,0,939.9,288,1.3,2.6,47,24,43,27,27,42,45,309,94,29,97
TAE,2019,11,17,16,4,92.7,7.5,2.9,5,3.5,16.5,0.1,940.3,270,0.9,2.2,2,0,2,1,1,1,1,314,100,29,97
TAE,2019,11,17,17,3.7,93.1,7.4,2.7,4.93,3.3,16.1,0,940.7,253,1.7,5,0,0,0,0,0,0,0,305,81,29,97
TAE,2019,11,17,18,3.3,90.9,7.1,2,4.73,2.7,15.1,0,941.4,237,1.8,5.9,0,0,0,0,0,0,0,289,25,29,97
TAE,2019,11,17,19,3.1,89.6,6.8,1.6,4.53,2.4,14.4,0,941.5,243,1.7,5,0,0,0,0,0,0,0,285,13,29,97
TAE,2019,11,17,20,3,89,6.8,1.4,4.52,2.3,14.3,0,941.9,243,2,7.1,0,0,0,0,0,0,0,293,54,29,97
TAE,2019,11,17,21,3,87.9,6.7,1.2,4.46,2.2,14.2,0,942.1,254,2,6.2,0,0,0,0,0,0,0,286,28,29,97
TAE,2019,11,17,22,3.2,84.6,6.5,0.9,4.32,2.2,14,0,942.2,248,1.7,6.7,0,0,0,0,0,0,0,285,20,29,97
TAE,2019,11,17,23,3,85.4,6.5,0.8,4.32,2.1,13.8,0,942.6,225,1.1,4.2,0,0,0,0,0,0,0,276,0,29,97
TAE,2019,11,18,0,3.3,84.4,6.5,0.9,4.32,2.3,14.1,0,942.6,230,1.6,4.3,0,0,0,0,0,0,0,278,29,29,97
TAE,2019,11,18,1,3.4,84.1,6.5,1,4.32,2.4,14.2,0,942.5,229,1.1,4.3,0,0,0,0,0,0,0,268,29,28,97
TAE,2019,11,18,2,3.3,83.4,6.4,0.8,4.25,2.2,14,0,942.5,291,1.2,3.8,0,0,0,0,0,0,0,266,23,28,97
TAE,2019,11,18,3,3.3,83.1,6.4,0.7,4.25,2.2,14,0,943,266,1.7,5.3,0,0,0,0,0,0,0,290,88,28,97
TAE,2019,11,18,4,3.1,84.2,6.4,0.7,4.25,2.1,13.7,0,943.2,232,1.9,6.6,0,0,0,0,0,0,0,290,84,28,97
TAE,2019,11,18,5,3.5,83.3,6.5,0.9,4.31,2.4,14.3,0,944.1,225,2.1,6.2,0,0,0,0,0,0,0,281,63,28,97
TAE,2019,11,18,6,3.4,83.8,6.5,0.9,4.31,2.3,14.2,0,944.7,225,2.5,7,0,0,0,0,0,0,0,292,78,28,97
TAE,2019,11,18,7,3.4,83.2,6.5,0.8,4.31,2.3,14.2,0,945.6,220,2.5,7.3,1,0,1,1,1,1,1,294,88,28,97
TAE,2019,11,18,8,3.6,80.8,6.4,0.6,4.24,2.3,14.2,0,946.3,220,4,11,47,28,42,26,48,46,26,293,70,28,97
TAE,2019,11,18,9,4.6,75.1,6.4,0.6,4.23,2.9,15.2,0,946.9,219,4.9,11.6,154,233,91,58,206,257,57,288,61,28,97
TAE,2019,11,18,10,4.8,74.1,6.4,0.6,4.23,3,15.4,0,947.7,211,3.1,8.9,251,478,94,63,308,506,63,297,69,28,97
TAE,2019,11,18,11,4.8,73.6,6.3,0.5,4.16,3,15.3,0,947.7,245,2.7,8.4,20,0,20,12,12,12,12,308,100,28,97
TAE,2019,11,18,12,4.9,73.2,6.3,0.5,4.16,3,15.4,0,947.9,212,2.8,6.7,20,0,20,13,12,12,12,311,100,28,97
TAE,2019,11,18,13,5.3,71.3,6.4,0.5,4.23,3.2,15.9,0,948.4,225,1.5,3.9,18,0,18,11,11,11,11,313,100,28,97
TAE,2019,11,18,14,5.7,67.3,6.2,0.1,4.09,3.3,16,0,948.4,217,1.2,3.6,13,0,13,8,8,8,8,311,100,28,97
TAE,2019,11,18,15,5.9,64.2,6,-0.3,3.96,3.3,15.9,0,949.5,220,1.7,5.4,11,0,11,7,7,6,6,306,100,28,97
TAE,2019,11,18,16,4,76.8,6.2,0.3,4.09,2.4,14.3,0,950,225,1.1,5.1,8,0,8,5,5,5,5,299,88,28,97
TAE,2019,11,18,17,3.3,79.8,6.2,0.2,4.09,2,13.5,0,950.1,247,1.3,2.3,0,0,0,0,0,0,0,304,100,28,97
TAE,2019,11,18,18,3,80.6,6.1,0,4.02,1.8,13.1,0,950.7,255,1.1,2.7,0,0,0,0,0,0,0,299,100,28,97
TAE,2019,11,18,19,2.2,85.4,6.1,0,4.01,1.3,12.2,0,951.6,225,0.3,1.3,0,0,0,0,0,0,0,299,100,28,97
TAE,2019,11,18,20,2.3,85.6,6.2,0.1,4.08,1.4,12.5,0,952.1,241,1.2,2,0,0,0,0,0,0,0,298,100,28,97
TAE,2019,11,18,21,2.3,85.2,6.1,0.1,4.01,1.4,12.3,0,952.5,239,1.2,2.3,0,0,0,0,0,0,0,296,100,28,97
TAE,2019,11,18,22,2.6,82.1,6.1,-0.1,4.01,1.5,12.6,0,952.6,254,0.7,2.4,0,0,0,0,0,0,0,296,100,28,97
TAE,2019,11,18,23,1.5,88.3,6,-0.2,3.94,0.8,11.4,0,952.5,180,0.5,1.7,0,0,0,0,0,0,0,299,100,28,97
TAE,2019,11,19,0,1.3,88.3,5.9,-0.4,3.88,0.6,11,0,952.4,229,1.1,3.3,0,0,0,0,0,0,0,295,90,28,97
TAE,2019,11,19,1,0.7,91,5.9,-0.6,3.88,0.2,10.4,0,952.5,194,0.8,2,0,0,0,0,0,0,0,298,100,28,97
TAE,2019,11,19,2,0.3,93.5,5.8,-0.6,3.81,-0.1,9.8,0,952.5,180,0.3,1.8,0,0,0,0,0,0,0,299,100,28,97
TAE,2019,11,19,3,0.4,93.5,5.9,-0.5,3.88,0,10.1,0,952.2,153,0.4,1.1,0,0,0,0,0,0,0,295,90,28,97
TAE,2019,11,19,4,-0.2,93.8,5.7,-1.1,3.75,-0.5,9.1,0,952.1,207,0.5,1.4,0,0,0,0,0,0,0,283,66,28,97
TAE,2019,11,19,5,-0.3,93,5.6,-1.3,3.68,-0.7,8.9,0,952.3,217,0.5,1.5,0,0,0,0,0,0,0,296,94,28,97
TAE,2019,11,19,6,-0.2,93.1,5.6,-1.2,3.68,-0.6,9,0,952.7,164,0.8,1.7,0,0,0,0,0,0,0,284,56,28,97
TAE,2019,11,19,7,-0.7,93.5,5.4,-1.6,3.55,-1,8.1,0,952.8,214,0.5,1.5,4,12,3,2,12,9,2,286,69,28,97
TAE,2019,11,19,8,-0.7,93.6,5.4,-1.6,3.54,-1,8.1,0,953,194,0.5,1.2,76,268,45,28,247,203,27,297,84,28,97
TAE,2019,11,19,9,-0.1,93.3,5.7,-1,3.74,-0.5,9.2,0,953.3,135,0.2,0.6,147,183,97,61,178,218,60,302,88,28,97
TAE,2019,11,19,10,1.4,90.3,6.1,0,4,0.8,11.4,0,953.6,360,0.4,1.2,312,622,104,72,366,654,73,297,70,28,97
TAE,2019,11,19,11,2.3,86.6,6.3,0.3,4.14,1.5,12.7,0,953.3,360,0.1,0.6,284,308,165,103,177,420,102,307,100,28,97
TAE,2019,11,19,12,3.1,84.5,6.5,0.7,4.27,2.1,13.8,0,953,27,0.3,1.4,279,347,143,96,96,443,136,311,100,28,97
TAE,2019,11,19,13,3.7,83.9,6.7,1.2,4.4,2.6,14.7,0,952.8,90,0.5,1.5,219,249,137,89,89,318,205,308,84,28,97
TAE,2019,11,19,14,4.5,77.4,6.5,0.9,4.27,2.9,15.2,0,953,124,0.5,1.4,266,741,65,52,52,675,498,290,36,28,97
TAE,2019,11,19,15,3.8,80.4,6.5,0.7,4.27,2.5,14.5,0,953.2,217,0.5,1.4,50,18,46,29,29,42,42,300,71,28,97
TAE,2019,11,19,16,3.9,82,6.6,1.1,4.34,2.7,14.8,0,953.4,214,0.4,0.9,3,0,3,2,2,2,2,286,26,28,97
TAE,2019,11,19,17,3.4,87.2,6.8,1.5,4.47,2.6,14.6,0,953.6,180,0.3,0.8,0,0,0,0,0,0,0,271,0,28,97
TAE,2019,11,19,18,2.9,89.3,6.7,1.3,4.4,2.2,13.9,0,953.6,198,0.4,0.9,0,0,0,0,0,0,0,275,26,28,97
TAE,2019,11,19,19,2.4,91,6.6,1.1,4.33,1.8,13.3,0,953.7,207,0.3,1.6,0,0,0,0,0,0,0,273,13,28,97
TAE,2019,11,19,20,2.7,89.2,6.6,1.1,4.33,2,13.6,0,953.9,270,0.6,1.5,0,0,0,0,0,0,0,283,41,28,97
TAE,2019,11,19,21,2.8,90.1,6.7,1.3,4.4,2.2,13.8,0,953.9,225,0.5,1.3,0,0,0,0,0,0,0,292,60,28,97
TAE,2019,11,19,22,2.8,91.3,6.8,1.5,4.47,2.2,14,0,953.7,180,0.1,0.5,0,0,0,0,0,0,0,273,13,28,97
TAE,2019,11,19,23,2.8,92.3,6.9,1.7,4.53,2.3,14.2,0,953.4,135,0.1,0.4,0,0,0,0,0,0,0,274,26,28,97
TAE,2019,11,20,0,2.8,91.8,6.9,1.6,4.54,2.3,14.2,0,953.1,27,0.5,1.2,0,0,0,0,0,0,0,268,0,28,97
TAE,2019,11,20,1,2.8,92.2,6.9,1.7,4.54,2.3,14.2,0,952.8,315,0.2,0.8,0,0,0,0,0,0,0,282,0,30,97
TAE,2019,11,20,2,2.8,92.3,6.9,1.7,4.54,2.3,14.2,0,952.8,243,0.2,0.6,0,0,0,0,0,0,0,270,0,30,97
TAE,2019,11,20,3,2.9,93.2,7,1.9,4.6,2.5,14.4,0,952.7,0,0,0,0,0,0,0,0,0,0,270,0,30,97
TAE,2019,11,20,4,3,91.8,7,1.8,4.61,2.5,14.5,0,952.2,45,0.1,0.6,0,0,0,0,0,0,0,265,0,30,97
TAE,2019,11,20,5,3.3,89.6,6.9,1.8,4.54,2.6,14.7,0,951.8,63,0.6,1.7,0,0,0,0,0,0,0,266,0,30,97
TAE,2019,11,20,6,3.5,88.6,6.9,1.8,4.54,2.8,14.9,0,951.7,61,1.1,2.9,0,0,0,0,0,0,0,266,0,30,97
TAE,2019,11,20,7,3.3,90.6,7,1.9,4.61,2.7,14.9,0,951.6,40,0.8,1.6,5,38,3,2,35,23,2,271,0,30,97
TAE,2019,11,20,8,3.5,90.9,7.1,2.2,4.68,2.9,15.2,0,951.4,39,0.6,1.2,8,0,8,5,5,5,5,271,6,30,97
TAE,2019,11,20,9,3.8,89.4,7.2,2.2,4.74,3.1,15.7,0,951.2,51,0.7,1.5,23,0,23,15,14,14,14,312,0,30,97
TAE,2019,11,20,10,4,88.9,7.2,2.3,4.75,3.2,15.9,0,951,32,1,1.8,16,0,16,10,10,10,10,314,75,30,97
TAE,2019,11,20,11,4.3,87.3,7.3,2.4,4.81,3.4,16.4,0,950.6,45,0.7,1.4,19,0,19,12,12,12,12,315,100,30,97
TAE,2019,11,20,12,4.6,84.6,7.2,2.2,4.75,3.5,16.5,0,950.4,45,0.8,2.1,19,0,19,12,12,12,12,317,100,30,97
TAE,2019,11,20,13,4.6,82.5,7,1.9,4.62,3.4,16.2,0,949.9,77,1,2.4,17,0,17,11,11,10,11,318,100,30,97
TAE,2019,11,20,14,4.7,82.1,7,1.9,4.62,3.5,16.3,0,949.5,127,0.6,1.8,13,0,13,8,8,8,8,318,100,30,97
TAE,2019,11,20,15,4.7,81.7,7,1.8,4.62,3.4,16.3,0,949.7,121,0.7,1.6,6,0,6,4,4,4,4,315,35,30,97
TAE,2019,11,20,16,4.5,84.2,7.1,2.1,4.69,3.4,16.3,0,949.6,150,0.8,1.7,1,0,1,0,0,0,0,295,35,30,97
TAE,2019,11,20,17,4.3,85.9,7.1,2.2,4.69,3.4,16.1,0,949.4,158,0.6,1.4,0,0,0,0,0,0,0,291,36,30,97
TAE,2019,11,20,18,4.2,85.1,7,1.9,4.62,3.2,15.8,0,949.2,180,0.3,1.1,0,0,0,0,0,0,0,295,59,30,97
TAE,2019,11,20,19,4.3,80.8,6.7,1.3,4.42,3,15.4,0,949.2,180,0.7,1.6,0,0,0,0,0,0,0,300,65,30,97
TAE,2019,11,20,20,4.2,84.2,6.9,1.8,4.56,3.1,15.6,0,949.1,225,0.3,1,0,0,0,0,0,0,0,316,100,30,97
TAE,2019,11,20,21,4.1,84.5,6.9,1.7,4.56,3,15.5,0,948.9,135,0.4,1.2,0,0,0,0,0,0,0,316,100,30,97
TAE,2019,11,20,22,4.1,82.8,6.8,1.4,4.49,2.9,15.4,0,948.5,81,0.6,2.1,0,0,0,0,0,0,0,315,100,30,97
TAE,2019,11,20,23,4,81.4,6.6,1.1,4.36,2.7,14.9,0,948.2,98,0.8,2.3,0,0,0,0,0,0,0,314,100,30,97
TAE,2019,11,21,0,3.8,83.9,6.7,1.3,4.43,2.7,14.9,0,947.9,160,1.3,2.6,0,0,0,0,0,0,0,313,100,30,97
TAE,2019,11,21,1,3.6,87.3,6.9,1.7,4.56,2.8,15,0,947.8,63,0.4,1.8,0,0,0,0,0,0,0,312,100,31,97
TAE,2019,11,21,2,3.6,85.6,6.8,1.4,4.5,2.6,14.9,0,947.4,198,1.7,4,0,0,0,0,0,0,0,293,59,31,97
TAE,2019,11,21,3,3.5,86.4,6.8,1.4,4.5,2.6,14.8,0,947.3,205,1.5,3.7,0,0,0,0,0,0,0,280,33,31,97
TAE,2019,11,21,4,3.4,84.8,6.6,1.1,4.36,2.4,14.3,0,947.2,194,0.5,2,0,0,0,0,0,0,0,286,31,31,97
TAE,2019,11,21,5,3.3,85.2,6.6,1.1,4.36,2.4,14.2,0,947.1,252,0.5,1.6,0,0,0,0,0,0,0,310,100,31,97
TAE,2019,11,21,6,3.2,86.7,6.7,1.2,4.43,2.3,14.3,0,946.8,180,0.8,2.3,0,0,0,0,0,0,0,305,100,31,97
TAE,2019,11,21,7,3.1,87.6,6.7,1.2,4.43,2.3,14.2,0,946.8,164,0.8,2,0,0,0,0,0,0,0,303,88,31,97
TAE,2019,11,21,8,3,87.9,6.6,1.2,4.37,2.2,13.9,0,946.9,180,0.6,2,22,25,20,13,34,27,13,312,94,31,97
TAE,2019,11,21,9,3,88,6.7,1.2,4.43,2.2,14.1,0,946.8,90,0.6,1.5,88,25,81,52,68,72,51,311,88,31,97
TAE,2019,11,21,10,3.1,87.7,6.7,1.3,4.43,2.3,14.2,0,946.8,90,0.7,1.9,70,4,68,44,46,45,43,315,100,31,97
TAE,2019,11,21,11,3.2,87.8,6.7,1.4,4.43,2.4,14.3,0,946.5,0,0.6,1.6,19,0,19,13,12,12,12,317,100,31,97
TAE,2019,11,21,12,3.4,87.2,6.8,1.5,4.5,2.6,14.7,0,946.3,76,0.6,2.1,27,0,27,18,18,17,17,319,100,31,97
TAE,2019,11,21,13,3.6,87.1,6.9,1.7,4.57,2.8,15.1,0,946,56,0.8,2.3,24,0,24,15,15,15,15,319,100,31,97
TAE,2019,11,21,14,3.8,85.8,6.9,1.6,4.57,2.8,15.3,0,945.9,54,0.9,2.3,33,0,33,21,21,20,21,318,100,31,97
TAE,2019,11,21,15,3.9,85.6,6.9,1.7,4.57,2.9,15.4,0,945.9,153,0.4,1.4,30,21,27,18,18,30,34,304,63,31,97
TAE,2019,11,21,16,4.1,84.4,6.9,1.7,4.57,3,15.6,0,946.1,135,0.5,1.6,6,0,6,5,5,5,5,289,23,31,97
TAE,2019,11,21,17,4.2,85,7,1.9,4.64,3.2,15.8,0,945.9,117,0.4,1.7,0,0,0,0,0,0,0,282,0,31,97
TAE,2019,11,21,18,4,85.1,6.9,1.7,4.57,3,15.5,0,946.2,146,1.2,3.3,0,0,0,0,0,0,0,287,0,31,97
TAE,2019,11,21,19,3.8,84.9,6.8,1.5,4.5,2.8,15.1,0,946.1,135,0.9,2.9,0,0,0,0,0,0,0,279,0,31,97
TAE,2019,11,21,20,3.6,85.4,6.8,1.4,4.5,2.6,14.9,0,946.2,135,0.5,1.6,0,0,0,0,0,0,0,278,0,31,97
TAE,2019,11,21,21,3.1,86.5,6.6,1.1,4.37,2.2,14.1,0,945.8,72,0.5,1.6,0,0,0,0,0,0,0,278,6,31,97
TAE,2019,11,21,22,1,92.8,6.1,0,4.04,0.6,11.1,0,945.6,149,0.7,2,0,0,0,0,0,0,0,283,56,31,97
TAE,2019,11,21,23,0.1,94.1,5.8,-0.7,3.84,-0.2,9.7,0,945.5,166,0.5,1.2,0,0,0,0,0,0,0,301,100,31,97
TAE,2019,11,22,0,-0.2,94.2,5.7,-1,3.77,-0.5,9.2,0,945.5,207,0.6,1.5,0,0,0,0,0,0,0,292,88,31,97
TAE,2019,11,22,1,0.4,94.3,6,-0.4,3.97,0.1,10.3,0,945.5,198,0.6,1.5,0,0,0,0,0,0,0,300,88,31,97
TAE,2019,11,22,2,1.5,91.9,6.2,0.3,4.1,1,11.8,0,945.9,239,0.9,3,0,0,0,0,0,0,0,299,94,31,97
TAE,2019,11,22,3,2,91.5,6.5,0.8,4.3,1.5,12.8,0,945.9,307,0.8,2.5,0,0,0,0,0,0,0,303,100,31,97
TAE,2019,11,22,4,2.7,90.4,6.7,1.3,4.44,2.1,13.8,0,945.9,162,0.6,2,0,0,0,0,0,0,0,304,100,31,97
TAE,2019,11,22,5,2.3,92.3,6.6,1.2,4.37,1.8,13.2,0,946,81,0.7,2.2,0,0,0,0,0,0,0,305,100,31,97
TAE,2019,11,22,6,2.2,92.8,6.7,1.2,4.44,1.8,13.3,0,946.2,27,0.2,1,0,0,0,0,0,0,0,306,100,31,97
TAE,2019,11,22,7,2.3,93.1,6.7,1.3,4.44,1.9,13.4,0,946.3,45,0.1,0.9,0,0,0,0,0,0,0,308,100,31,97
TAE,2019,11,22,8,2.4,92.1,6.7,1.3,4.43,1.9,13.5,0,946.6,72,0.4,1.2,52,76,42,27,87,80,26,310,100,31,97
TAE,2019,11,22,9,3.1,90,6.9,1.6,4.57,2.4,14.5,0,946.4,68,0.6,1.7,148,171,107,68,183,212,67,312,100,31,97
TAE,2019,11,22,10,3.7,88.5,7,2,4.64,2.9,15.3,0,945.9,54,0.9,3.5,212,177,154,98,185,270,96,309,80,31,97
TAE,2019,11,22,11,4.1,85.2,7,1.8,4.64,3.1,15.7,0,945.1,62,1.5,3,211,140,160,103,151,244,101,303,68,31,97
TAE,2019,11,22,12,4,87.1,7.1,2.1,4.71,3.2,15.8,0,944.2,51,1.5,3.4,160,17,153,99,98,113,100,316,94,31,97
TAE,2019,11,22,13,4.3,86.6,7.2,2.3,4.78,3.4,16.3,0,943.3,41,2,4.1,85,2,84,55,54,54,54,314,94,31,97
TAE,2019,11,22,14,4.4,85.3,7.1,2.2,4.72,3.4,16.2,0,942.9,57,1.7,4.2,49,3,48,31,31,32,32,315,88,31,97
TAE,2019,11,22,15,4.2,88.5,7.3,2.5,4.86,3.4,16.4,0,942.4,62,1.7,3.8,6,0,6,4,4,4,4,311,81,31,97
TAE,2019,11,22,16,3.9,90,7.3,2.4,4.86,3.2,16.1,0,941.9,69,1.8,4.5,1,0,1,0,0,0,0,290,36,31,97
TAE,2019,11,22,17,3.5,91.6,7.2,2.3,4.79,3,15.5,0,941.7,69,1.7,5.2,0,0,0,0,0,0,0,288,41,31,97
TAE,2019,11,22,18,3.3,92,7.1,2.1,4.73,2.8,15.1,0,941.4,72,2,5,0,0,0,0,0,0,0,285,36,31,97
TAE,2019,11,22,19,3.3,93.4,7.2,2.3,4.8,2.9,15.3,0,940.9,79,1.7,4.1,0,0,0,0,0,0,0,292,69,31,97
TAE,2019,11,22,20,3.1,94.3,7.2,2.3,4.8,2.7,15.1,0,940.5,98,1.6,4.4,0,0,0,0,0,0,0,288,64,31,97
TAE,2019,11,22,21,3,95.6,7.2,2.4,4.8,2.7,15,0,939.9,84,2.1,4.7,0,0,0,0,0,0,0,295,78,31,97
TAE,2019,11,22,22,2.7,95.9,7.1,2.1,4.74,2.4,14.6,0,939.3,90,1.8,4.1,0,0,0,0,0,0,0,304,88,31,97
TAE,2019,11,22,23,2.4,96.4,7,1.9,4.67,2.2,14.1,0,938.7,90,1.2,3,0,0,0,0,0,0,0,304,88,31,97
TAE,2019,11,23,0,2.4,96.7,7,1.9,4.68,2.2,14.1,0,938,117,1,3,0,0,0,0,0,0,0,309,100,31,97
TAE,2019,11,23,1,2.1,95.1,6.8,1.4,4.55,1.8,13.5,0,937.2,127,1.1,3.2,0,0,0,0,0,0,0,307,88,31,97
TAE,2019,11,23,2,0.9,95.2,6.2,0.2,4.14,0.6,11.3,0,936.7,169,0.7,1.9,0,0,0,0,0,0,0,310,90,31,97
TAE,2019,11,23,3,1.1,94.4,6.3,0.3,4.22,0.8,11.6,0,935.9,157,0.8,2.7,0,0,0,0,0,0,0,310,94,31,97
TAE,2019,11,23,4,1.2,93.3,6.2,0.2,4.15,0.8,11.6,0,935.3,45,0.7,1.8,0,0,0,0,0,0,0,313,100,31,97
TAE,2019,11,23,5,1.5,92.5,6.3,0.4,4.22,1,12.1,0,934.6,90,0.7,2.5,0,0,0,0,0,0,0,311,88,31,97
TAE,2019,11,23,6,1.6,91.4,6.3,0.4,4.22,1.1,12.2,0,934.1,63,0.7,1.9,0,0,0,0,0,0,0,304,78,31,97
TAE,2019,11,23,7,1,92.8,6.1,0,4.09,0.6,11.2,0,934,207,0.7,2,0,0,0,0,0,0,0,316,100,31,97
TAE,2019,11,23,8,1.3,93.4,6.3,0.4,4.23,0.9,11.9,0,933.6,225,0.3,1.9,90,352,47,30,309,272,30,315,88,31,97
TAE,2019,11,23,9,3.2,90.1,6.9,1.7,4.63,2.5,14.8,0,933.3,225,0.7,2.7,98,23,93,60,74,77,58,325,100,31,97
TAE,2019,11,23,10,5.1,87.7,7.7,3.2,5.17,4.2,18.1,0,933.2,153,0.4,1.4,71,4,70,45,47,47,44,329,100,31,97
TAE,2019,11,23,11,5.9,88.7,8.2,4.2,5.52,5.1,19.8,0,933,90,0.2,0.8,18,0,18,12,12,11,12,332,100,31,97
TAE,2019,11,23,12,6.4,86.7,8.4,4.3,5.65,5.4,20.6,0,932.8,207,0.6,3,24,0,24,15,15,15,15,336,100,31,97
TAE,2019,11,23,13,6.6,87.2,8.5,4.6,5.72,5.6,21,0,932.8,90,0.6,2.1,17,0,17,11,11,10,10,338,100,31,97
TAE,2019,11,23,14,7.1,86.2,8.7,5,5.85,6.1,21.8,0,933.2,225,0.6,2.4,12,0,12,8,8,8,8,337,100,31,97
TAE,2019,11,23,15,6.8,88.8,8.8,5.1,5.92,6,21.7,0,933.7,180,0.5,1.9,6,0,6,4,4,4,4,336,100,31,97
TAE,2019,11,23,16,6.6,87.8,8.5,4.7,5.71,5.7,21,0,933.9,162,0.4,1.7,2,0,2,1,1,1,1,335,100,31,97
TAE,2019,11,23,17,6.3,88.7,8.4,4.6,5.64,5.5,20.5,0,934.6,270,0.2,1.1,0,0,0,0,0,0,0,334,100,31,97
TAE,2019,11,23,18,7,82.5,8.3,4.2,5.57,5.7,21,0,935.3,166,0.9,1.8,0,0,0,0,0,0,0,333,100,31,97
TAE,2019,11,23,19,6.6,85,8.3,4.3,5.57,5.5,20.6,0,935.5,153,0.7,1.8,0,0,0,0,0,0,0,332,100,31,97
TAE,2019,11,23,20,8,74.3,8,3.7,5.36,5.9,21.5,0,935.8,270,1,3.2,0,0,0,0,0,0,0,331,100,31,97
TAE,2019,11,23,21,8.5,71.5,7.9,3.6,5.29,6.1,21.9,0,936.2,252,1.5,4.4,0,0,0,0,0,0,0,326,100,31,97
TAE,2019,11,23,22,7.6,75.1,7.9,3.5,5.29,5.7,20.9,0,936.7,247,1.3,4.2,0,0,0,0,0,0,0,315,88,31,97
TAE,2019,11,23,23,6.8,78.8,7.8,3.4,5.22,5.2,19.9,0,937.2,198,1,3.5,0,0,0,0,0,0,0,328,100,31,97
TAE,2019,11,24,0,6.6,80.1,7.8,3.4,5.22,5.1,19.7,0,937.7,180,0.7,2.6,0,0,0,0,0,0,0,327,100,31,97
TAE,2019,11,24,1,6.8,78.9,7.8,3.4,5.21,5.2,19.9,0,938.2,239,1.1,3.2,0,0,0,0,0,0,0,326,100,32,97
TAE,2019,11,24,2,6.5,80.4,7.8,3.4,5.21,5,19.6,0,938.7,231,1,4.2,0,0,0,0,0,0,0,325,100,32,97
TAE,2019,11,24,3,5,87.2,7.6,3.1,5.07,4.1,17.7,0,939.2,211,0.7,2.2,0,0,0,0,0,0,0,314,69,32,97
TAE,2019,11,24,4,4.3,87.5,7.3,2.4,4.87,3.4,16.5,0,940,297,0.8,2.1,0,0,0,0,0,0,0,319,88,32,97
TAE,2019,11,24,5,6,77.4,7.2,2.4,4.8,4.4,18.1,0,940.5,232,1.4,3.9,0,0,0,0,0,0,0,322,100,32,97
TAE,2019,11,24,6,7.4,69.4,7.1,2.2,4.73,5,19.3,0,941.2,293,1.3,3.5,0,0,0,0,0,0,0,321,100,32,97
TAE,2019,11,24,7,5.2,83,7.3,2.6,4.86,4,17.4,0,942,63,0.5,2.1,0,0,0,0,0,0,0,321,100,32,97
TAE,2019,11,24,8,4.6,87.4,7.4,2.7,4.92,3.7,17,0,942.4,207,0.4,1.2,6,0,6,4,4,4,4,322,94,32,97
TAE,2019,11,24,9,5.8,82.5,7.6,3.1,5.05,4.6,18.5,0,943,45,0.3,1.6,69,138,43,29,126,135,29,327,94,32,97
TAE,2019,11,24,10,6.6,79.7,7.8,3.3,5.18,5.1,19.7,0,943.5,37,0.5,1.7,150,116,111,71,124,186,70,330,100,32,97
TAE,2019,11,24,11,7.4,77.5,8,3.7,5.32,5.6,20.8,0,943.4,63,0.6,1.7,109,43,93,60,68,103,58,332,100,32,97
TAE,2019,11,24,12,8.7,73.8,8.3,4.3,5.52,6.6,22.6,0,943.8,351,1.1,4.3,139,56,118,76,76,132,88,335,100,32,97
TAE,2019,11,24,13,9.3,73,8.5,4.7,5.65,7,23.6,0,943.8,309,1.4,3.6,17,0,17,11,11,10,10,336,100,32,97
TAE,2019,11,24,14,8.1,79.4,8.5,4.8,5.65,6.5,22.3,0,944.5,72,1.1,2.9,36,9,34,22,22,29,27,335,100,32,97
TAE,2019,11,24,15,7.7,83,8.7,5,5.78,6.4,22.3,0,944.8,270,0.5,1.6,59,225,34,22,22,175,201,333,88,32,97
TAE,2019,11,24,16,7.6,81.9,8.5,4.7,5.64,6.2,21.8,0,945.3,256,0.9,2,5,0,5,4,4,3,4,332,100,32,97
TAE,2019,11,24,17,5.3,90.2,8,3.8,5.31,4.6,18.6,0,945.7,180,0.5,1.6,0,0,0,0,0,0,0,330,100,32,97
TAE,2019,11,24,18,4.2,93.5,7.7,3.2,5.1,3.7,17,0,945.9,135,0.3,1.1,0,0,0,0,0,0,0,328,100,32,97
TAE,2019,11,24,19,3.9,94.5,7.6,3.1,5.04,3.5,16.5,0,946.3,180,0.3,0.9,0,0,0,0,0,0,0,327,100,32,97
TAE,2019,11,24,20,3.8,94.7,7.6,3,5.04,3.4,16.4,0,946.2,180,0.3,1.1,0,0,0,0,0,0,0,326,100,32,97
TAE,2019,11,24,21,3.7,95.4,7.6,3,5.04,3.4,16.3,0,946.2,153,0.3,1,0,0,0,0,0,0,0,324,100,32,97
TAE,2019,11,24,22,3.6,95,7.6,2.9,5.04,3.3,16.2,0,946.3,225,0.4,1.7,0,0,0,0,0,0,0,323,100,32,97
TAE,2019,11,24,23,3.2,96,7.4,2.6,4.9,2.9,15.5,0,946.6,225,0.3,1.9,0,0,0,0,0,0,0,321,100,32,97
TAE,2019,11,25,0,2.4,96.5,7,1.9,4.63,2.2,14,0,946.4,153,0.5,1.3,0,0,0,0,0,0,0,320,100,32,97
TAE,2019,11,25,1,2.4,95.9,7,1.8,4.63,2.1,14,0,946.4,90,0.3,1.1,0,0,0,0,0,0,0,319,94,32,97
TAE,2019,11,25,2,1.6,96.4,6.6,1.1,4.37,1.4,12.5,0,946.4,180,0.3,0.9,0,0,0,0,0,0,0,319,100,32,97
TAE,2019,11,25,3,2.4,96.2,7,1.9,4.63,2.2,14,0,946.5,180,0.3,1.1,0,0,0,0,0,0,0,319,100,32,97
TAE,2019,11,25,4,3.5,96,7.5,2.9,4.97,3.2,16,0,946.6,153,0.3,0.9,0,0,0,0,0,0,0,319,100,32,97
TAE,2019,11,25,5,3.9,95.8,7.7,3.3,5.1,3.6,16.7,0,946.8,135,0.2,0.7,0,0,0,0,0,0,0,319,100,32,97
TAE,2019,11,25,6,4.9,95,8.2,4.2,5.43,4.6,18.5,0,947,0,0.4,1.6,0,0,0,0,0,0,0,319,100,32,97
TAE,2019,11,25,7,4.5,96.3,8.1,4,5.37,4.3,18,0,947.1,90,0.5,1.6,0,0,0,0,0,0,0,320,100,32,97
TAE,2019,11,25,8,5,95.6,8.3,4.4,5.5,4.7,18.8,0,947.1,45,0.3,0.9,24,20,23,15,31,26,15,320,78,32,97
TAE,2019,11,25,9,5.5,95.1,8.6,4.8,5.7,5.2,19.8,0,947.3,45,0.2,0.6,55,13,52,34,43,43,33,321,75,32,97
TAE,2019,11,25,10,5.9,92.7,8.6,4.8,5.7,5.4,20.2,0,947.3,326,0.6,2,15,0,15,10,10,9,10,325,85,32,97
TAE,2019,11,25,11,6.2,93.2,8.8,5.2,5.83,5.7,20.9,0,947.1,351,0.8,1.9,23,0,23,15,15,14,15,328,65,32,97
TAE,2019,11,25,12,6.5,92.1,8.9,5.3,5.9,5.9,21.3,0,947,354,0.9,1.9,21,0,21,14,13,13,13,328,90,32,97
TAE,2019,11,25,13,7,90.3,9.1,5.5,6.04,6.3,22.2,0,946.8,347,1.4,2.9,29,0,29,19,19,18,18,317,63,32,97
TAE,2019,11,25,14,7.1,90.3,9.1,5.6,6.04,6.4,22.3,0,946.9,349,1.6,2.6,32,0,32,21,21,20,20,288,26,32,97
TAE,2019,11,25,15,6.9,89.5,8.9,5.3,5.9,6.1,21.8,0,947.3,281,1.3,2.8,21,76,14,9,9,59,71,315,53,32,97
TAE,2019,11,25,16,6.7,89.5,8.7,5.1,5.76,5.9,21.2,0,947.6,220,0.9,2.4,5,0,5,3,3,3,3,294,29,32,97
TAE,2019,11,25,17,6.5,90.3,8.7,5,5.76,5.8,21,0,948,203,0.8,1.7,0,0,0,0,0,0,0,321,71,32,97
TAE,2019,11,25,18,6.4,90,8.7,4.9,5.76,5.7,20.9,0,948.2,198,0.6,2.3,0,0,0,0,0,0,0,329,100,32,97
TAE,2019,11,25,19,5.6,92.9,8.5,4.5,5.63,5.1,19.7,0,948.4,180,0.2,0.6,0,0,0,0,0,0,0,327,94,32,97
TAE,2019,11,25,20,4.8,95,8.2,4.1,5.42,4.5,18.4,0,948.5,45,0.2,1,0,0,0,0,0,0,0,324,88,32,97
TAE,2019,11,25,21,4.8,94.6,8.1,4,5.36,4.4,18.3,0,948.7,270,0.3,1.1,0,0,0,0,0,0,0,328,100,32,97
TAE,2019,11,25,22,5,95.2,8.3,4.3,5.49,4.7,18.8,0,948.5,225,0.2,0.9,0,0,0,0,0,0,0,328,100,32,97
TAE,2019,11,25,23,5.3,95.3,8.5,4.6,5.62,5,19.4,0.1,948.8,180,0.2,0.6,0,0,0,0,0,0,0,327,100,32,97
TAE,2019,11,26,0,5.4,95.9,8.6,4.8,5.69,5.1,19.7,0.4,948.2,90,0.1,0.7,0,0,0,0,0,0,0,327,100,32,97
TAE,2019,11,26,1,5.4,95.9,8.6,4.8,5.69,5.1,19.7,0.1,948.2,270,0.2,0.8,0,0,0,0,0,0,0,327,100,31,97
TAE,2019,11,26,2,5.2,96.7,8.6,4.7,5.69,5,19.5,0,948.2,180,0.2,0.6,0,0,0,0,0,0,0,326,100,31,97
TAE,2019,11,26,3,5.2,96.8,8.6,4.7,5.7,5,19.5,0,947.8,135,0.2,1.4,0,0,0,0,0,0,0,326,100,31,97
TAE,2019,11,26,4,5.6,95.1,8.6,4.9,5.7,5.3,19.9,0,947.7,63,0.4,1.6,0,0,0,0,0,0,0,321,81,31,97
TAE,2019,11,26,5,5.3,96.6,8.6,4.8,5.7,5.1,19.6,0,947.5,360,0.1,0.5,0,0,0,0,0,0,0,318,69,31,97
TAE,2019,11,26,6,3.7,97.5,7.7,3.3,5.1,3.5,16.5,0,947.7,180,0.2,1.4,0,0,0,0,0,0,0,301,40,31,97
TAE,2019,11,26,7,2.9,98.1,7.4,2.6,4.9,2.8,15.2,0,947.6,180,0.4,1.3,0,0,0,0,0,0,0,306,43,31,97
TAE,2019,11,26,8,4.4,96.1,8.1,3.8,5.36,4.1,17.9,0,947.7,180,0.2,0.6,10,27,8,5,28,21,5,328,88,31,97
TAE,2019,11,26,9,5.9,95.7,8.9,5.3,5.9,5.6,20.7,0,947.5,27,0.3,1.5,93,34,84,54,76,82,53,326,94,31,97
TAE,2019,11,26,10,6.8,94.2,9.3,5.9,6.17,6.4,22.3,0,947.2,45,0.2,0.8,215,254,133,86,201,334,85,329,88,31,97
TAE,2019,11,26,11,8,90.1,9.7,6.5,6.44,7.2,24.2,0,946.4,53,0.5,1.9,331,619,109,81,223,702,82,318,75,31,97
TAE,2019,11,26,12,9.2,84.7,9.9,6.8,6.58,8,25.8,0,945.6,353,0.8,1.9,423,839,118,87,110,943,219,318,71,31,97
TAE,2019,11,26,13,9.5,85.1,10.1,7.1,6.72,8.2,26.5,0,945.3,45,0.9,2.3,220,263,132,87,86,345,190,335,88,31,97
TAE,2019,11,26,14,9.2,86.5,10.1,7.1,6.72,8.1,26.2,0,945.2,5,1.2,2.4,67,141,37,25,25,139,118,330,90,31,97
TAE,2019,11,26,15,8.8,88.2,10,7,6.65,7.9,25.6,0,945,45,0.4,1.1,111,473,44,31,31,371,385,296,43,31,97
TAE,2019,11,26,16,7.5,91.8,9.6,6.3,6.39,6.9,23.6,0,944.6,90,0.5,1.7,5,0,5,4,4,4,4,289,38,31,97
TAE,2019,11,26,17,5.7,95.2,8.7,5,5.78,5.4,20.2,0,944.9,194,0.6,1.8,0,0,0,0,0,0,0,303,66,31,97
TAE,2019,11,26,18,4.6,96.2,8.2,4,5.45,4.3,18.3,0,944,135,0.3,1.6,0,0,0,0,0,0,0,320,81,31,97
TAE,2019,11,26,19,3.7,96.6,7.7,3.2,5.12,3.5,16.5,0,943.7,180,0.4,1.2,0,0,0,0,0,0,0,325,94,31,97
TAE,2019,11,26,20,4,96.2,7.8,3.5,5.19,3.8,17,0,942.9,180,0.4,1.5,0,0,0,0,0,0,0,326,100,31,97
TAE,2019,11,26,21,4,97.1,7.9,3.6,5.26,3.8,17.2,0,942.3,270,0.2,0.7,0,0,0,0,0,0,0,326,100,31,97
TAE,2019,11,26,22,4.2,99.7,8.2,4.2,5.47,4.2,17.9,0,940.9,72,0.5,1.8,0,0,0,0,0,0,0,325,100,31,97
TAE,2019,11,26,23,4,100,8.1,4,5.41,4,17.6,0,940,53,0.6,1.4,0,0,0,0,0,0,0,325,100,31,97
TAE,2019,11,27,0,3.8,100,8,3.8,5.35,3.8,17.2,0,938.8,56,0.4,1.5,0,0,0,0,0,0,0,324,100,31,97
TAE,2019,11,27,1,3.7,99.5,7.9,3.6,5.28,3.7,17,0,937.9,0,0.4,1.2,0,0,0,0,0,0,0,324,100,29,97
TAE,2019,11,27,2,4.2,95.9,7.9,3.6,5.29,3.9,17.5,0,937.5,310,1,2.7,0,0,0,0,0,0,0,325,100,29,97
TAE,2019,11,27,3,4.1,96.3,7.9,3.6,5.29,3.9,17.4,0,936.9,158,0.7,2.4,0,0,0,0,0,0,0,326,100,29,97
TAE,2019,11,27,4,4.1,96.4,7.9,3.6,5.29,3.9,17.4,0,936.1,76,0.8,2.7,0,0,0,0,0,0,0,327,100,29,97
TAE,2019,11,27,5,4.6,94.7,8,3.8,5.35,4.2,18,0,937.7,303,1.8,8.2,0,0,0,0,0,0,0,328,100,29,97
TAE,2019,11,27,6,6.5,86.3,8.3,4.4,5.55,5.5,20.5,0,937.8,265,1.7,7.7,0,0,0,0,0,0,0,329,100,29,97
TAE,2019,11,27,7,8.6,77.4,8.6,4.9,5.75,6.8,23.1,0,938.2,251,3.1,12.7,0,0,0,0,0,0,0,330,94,29,97
TAE,2019,11,27,8,7.7,87.6,9.2,5.8,6.15,6.7,23.2,2.2,940,224,3.7,9,11,4,10,7,10,9,6,332,100,29,97
TAE,2019,11,27,9,7.9,87.5,9.3,6,6.21,6.9,23.6,2,940.3,213,4.8,10.5,30,3,29,18,20,20,18,334,100,29,97
TAE,2019,11,27,10,7.9,83.5,8.9,5.3,5.95,6.6,22.9,0.7,938.8,192,7.1,12.3,130,28,121,77,89,101,75,331,100,29,97
TAE,2019,11,27,11,9.6,73.7,8.8,5.1,5.89,7.3,24.5,0,938.2,193,4.6,11.2,280,359,152,96,198,466,95,316,68,29,97
TAE,2019,11,27,12,9.8,75.9,9.2,5.8,6.16,7.8,25.4,0,938,212,1.4,3.6,308,492,131,89,93,587,184,320,65,29,97
TAE,2019,11,27,13,10.4,70.8,8.9,5.3,5.96,7.8,25.5,0,937.9,205,2,5.5,213,175,155,97,96,272,170,331,88,29,97
TAE,2019,11,27,14,10.5,70.3,8.9,5.3,5.96,7.9,25.6,0,937.9,199,2.3,6.1,139,293,72,48,48,293,235,320,80,29,97
TAE,2019,11,27,15,10.6,70.4,9,5.4,6.03,8,25.8,0,938.1,193,2.3,5.6,87,232,49,33,33,208,201,297,50,29,97
TAE,2019,11,27,16,9.6,74.3,8.9,5.3,5.96,7.4,24.6,0,938,198,2.1,6.7,0,0,0,0,0,0,0,310,78,29,97
TAE,2019,11,27,17,8.9,78.6,9,5.4,6.02,7.1,24.1,0,938.5,201,1.5,3.8,0,0,0,0,0,0,0,332,100,29,97
TAE,2019,11,27,18,8.9,78.5,8.9,5.4,5.95,7.1,23.9,0,938.9,212,1.7,4.5,0,0,0,0,0,0,0,314,70,29,97
TAE,2019,11,27,19,8.9,74,8.4,4.5,5.61,6.7,23.1,0,939.1,225,1.7,5.3,0,0,0,0,0,0,0,290,29,29,97
TAE,2019,11,27,20,9.3,69.4,8.1,4,5.41,6.7,23,0,939.1,232,2.6,7.6,0,0,0,0,0,0,0,284,23,29,97
TAE,2019,11,27,21,8.6,69.5,7.8,3.3,5.21,6.1,21.7,0,939.3,225,2,6.8,0,0,0,0,0,0,0,296,45,29,97
TAE,2019,11,27,22,8.5,72,8,3.7,5.34,6.2,22,0,939.4,230,1.8,7.5,0,0,0,0,0,0,0,297,59,29,97
TAE,2019,11,27,23,9.4,68.2,8,3.8,5.34,6.7,22.9,0,939.4,232,2.9,9.5,0,0,0,0,0,0,0,308,75,29,97
TAE,2019,11,28,0,10.1,66.3,8.2,4.1,5.48,7.1,24,0,939,245,3.4,9,0,0,0,0,0,0,0,323,100,29,97
TAE,2019,11,28,1,9.9,69.6,8.5,4.6,5.68,7.3,24.3,0,938.7,237,2.9,9.1,0,0,0,0,0,0,0,318,73,26,97
TAE,2019,11,28,2,9.5,70.6,8.4,4.4,5.62,7,23.7,0,938.7,218,2.4,7.3,0,0,0,0,0,0,0,332,100,26,97
TAE,2019,11,28,3,9.7,68.2,8.2,4.1,5.48,7,23.6,0,938.6,234,2.8,8.1,0,0,0,0,0,0,0,323,88,26,97
TAE,2019,11,28,4,9.3,71.9,8.4,4.5,5.61,6.9,23.5,0.4,939,229,3.1,10.3,0,0,0,0,0,0,0,332,100,26,97
TAE,2019,11,28,5,8.5,78.1,8.7,4.9,5.81,6.7,23.2,0.5,939.3,222,3.9,9.2,0,0,0,0,0,0,0,332,100,26,97
TAE,2019,11,28,6,8.4,76.2,8.4,4.5,5.61,6.5,22.6,0,939.5,215,3.5,9.5,0,0,0,0,0,0,0,327,94,26,97
TAE,2019,11,28,7,8.4,74.2,8.2,4.1,5.48,6.3,22.2,0,939.5,216,3.6,8,0,0,0,0,0,0,0,318,78,26,97
TAE,2019,11,28,8,8.5,73.4,8.1,4,5.41,6.3,22.1,0,939.5,225,2.7,8.9,6,0,6,4,4,3,3,328,94,26,97
TAE,2019,11,28,9,8.3,78.1,8.5,4.7,5.67,6.5,22.6,0.5,940.2,212,5.2,12.4,10,0,10,7,6,6,6,333,100,26,97
TAE,2019,11,28,10,7.6,85.2,8.9,5.3,5.94,6.5,22.6,1.4,940.8,218,4.4,11.7,35,0,35,21,21,20,21,334,100,26,97
TAE,2019,11,28,11,7.5,86.7,9,5.4,6.01,6.5,22.6,1.5,940.5,220,4.6,9.9,31,0,31,19,19,18,19,335,100,26,97
TAE,2019,11,28,12,7.7,84.6,8.9,5.3,5.94,6.5,22.7,0.5,940.2,216,4,11.5,118,67,94,57,57,126,76,330,94,26,97
TAE,2019,11,28,13,8.2,81.9,8.9,5.3,5.94,6.8,23.2,0,940.6,224,3.3,10.1,42,1,42,26,26,25,25,335,94,26,97
TAE,2019,11,28,14,7.8,79.1,8.3,4.4,5.54,6.1,21.8,0.1,940.8,215,5.3,11.1,61,15,57,36,35,47,45,329,94,26,97
TAE,2019,11,28,15,7.6,77.5,8.1,3.9,5.4,5.8,21.2,0,941.6,211,5,10.8,70,195,42,28,27,170,173,308,68,26,97
TAE,2019,11,28,16,7.6,77.5,8.1,3.9,5.4,5.8,21.2,0,941.6,208,4.3,9.4,5,0,5,4,4,4,4,302,59,26,97
TAE,2019,11,28,17,8.1,73,7.9,3.6,5.26,5.9,21.4,0.1,941.9,227,4.5,14.7,0,0,0,0,0,0,0,310,69,26,97
TAE,2019,11,28,18,7.3,80.1,8.2,4.1,5.46,5.8,21.1,1.4,942.3,229,4.2,14,0,0,0,0,0,0,0,329,100,26,97
TAE,2019,11,28,19,7.3,80.9,8.3,4.2,5.53,5.8,21.2,0.3,942.6,215,4.9,13,0,0,0,0,0,0,0,321,75,26,97
TAE,2019,11,28,20,7.5,79.3,8.2,4.2,5.45,5.9,21.2,0.4,943.3,218,5.1,12,0,0,0,0,0,0,0,321,74,26,97
TAE,2019,11,28,21,7.2,84.3,8.5,4.7,5.65,6,21.4,0.5,943.5,219,4.4,13,0,0,0,0,0,0,0,323,88,26,97
TAE,2019,11,28,22,7.1,85.1,8.6,4.8,5.72,6,21.5,0.8,943.4,223,5,13.1,0,0,0,0,0,0,0,329,100,26,97
TAE,2019,11,28,23,7.2,86.1,8.7,5,5.79,6.1,21.8,1.2,943.8,222,4.1,13,0,0,0,0,0,0,0,321,88,26,97
TAE,2019,11,29,0,7.3,85.3,8.7,5,5.79,6.2,21.9,0.7,943.9,216,3.9,11.4,0,0,0,0,0,0,0,329,94,26,97
TAE,2019,11,29,1,7.5,82.7,8.6,4.8,5.72,6.2,21.9,0.6,943.9,216,3.9,9.7,0,0,0,0,0,0,0,329,100,26,97
TAE,2019,11,29,2,7.3,85,8.7,4.9,5.78,6.1,21.9,1.5,944.2,214,3.7,8.7,0,0,0,0,0,0,0,328,100,26,97
TAE,2019,11,29,3,7.5,82,8.5,4.6,5.65,6.1,21.7,0.1,944,219,3.7,8.1,0,0,0,0,0,0,0,328,100,26,97
TAE,2019,11,29,4,7.8,77.6,8.2,4.1,5.45,6,21.5,0,944,231,2.9,8.2,0,0,0,0,0,0,0,322,81,26,97
TAE,2019,11,29,5,7.7,76.7,8.1,3.9,5.38,5.9,21.3,0,944,226,3.4,10.5,0,0,0,0,0,0,0,327,100,26,97
TAE,2019,11,29,6,7.4,80.6,8.3,4.3,5.51,5.9,21.3,0.2,944.5,221,3.8,8.9,0,0,0,0,0,0,0,327,100,26,97
TAE,2019,11,29,7,7.1,83.7,8.4,4.5,5.58,5.8,21.1,0.5,945.1,220,3,7.8,0,0,0,0,0,0,0,327,100,26,97
TAE,2019,11,29,8,6.5,86.3,8.4,4.4,5.57,5.5,20.5,1.2,946.2,217,4,9.3,4,0,4,3,3,3,3,327,100,26,97
TAE,2019,11,29,9,6,87.1,8.1,4,5.37,5.1,19.5,3.4,947,221,3.4,8.7,10,0,10,6,6,6,6,327,100,26,97
TAE,2019,11,29,10,5.9,87.9,8.1,4.1,5.36,5,19.4,2.7,947.8,232,3.5,11.7,16,0,16,10,10,9,9,327,100,26,97
TAE,2019,11,29,11,6,86.6,8.1,3.9,5.36,5,19.5,1,948.4,247,4.1,9.5,17,0,17,11,11,10,10,328,100,26,97
TAE,2019,11,29,12,6.3,85.1,8.1,4,5.36,5.2,19.8,0,948.8,238,3.2,9.1,102,6,100,62,62,65,60,328,100,26,97
TAE,2019,11,29,13,6.8,84.9,8.4,4.4,5.56,5.6,20.8,0,948.9,239,3.4,9.6,26,0,26,16,16,15,16,328,100,26,97
TAE,2019,11,29,14,6.9,84.7,8.4,4.5,5.55,5.7,20.9,0.1,949.4,249,3.5,8.5,12,0,12,7,7,7,7,327,100,26,97
TAE,2019,11,29,15,6.7,86,8.5,4.5,5.61,5.6,20.8,0.2,950.1,255,2.8,9.2,5,0,5,3,3,3,3,326,100,26,97
TAE,2019,11,29,16,6.7,84.8,8.3,4.3,5.48,5.5,20.5,0,950.7,244,2.7,7.7,0,0,0,0,0,0,0,326,100,26,97
TAE,2019,11,29,17,6.6,84.8,8.3,4.2,5.47,5.5,20.4,0,951.5,234,2.3,7.4,0,0,0,0,0,0,0,326,100,26,97
TAE,2019,11,29,18,6.5,85.6,8.3,4.3,5.47,5.4,20.3,0.3,952,232,2.4,6.7,0,0,0,0,0,0,0,325,100,26,97
TAE,2019,11,29,19,6.3,88.3,8.4,4.5,5.53,5.4,20.2,1.6,952.9,252,2.4,5.9,0,0,0,0,0,0,0,323,100,26,97
TAE,2019,11,29,20,5.4,90.1,8.1,3.9,5.33,4.7,18.8,2.4,954,263,1.7,4,0,0,0,0,0,0,0,321,100,26,97
TAE,2019,11,29,21,5,91.7,8,3.8,5.26,4.4,18.2,1.6,954.9,309,1.8,3.4,0,0,0,0,0,0,0,318,100,26,97
TAE,2019,11,29,22,3.9,89.6,7.2,2.4,4.72,3.2,15.7,0.6,955.9,24,1.4,4.9,0,0,0,0,0,0,0,315,100,26,97
TAE,2019,11,29,23,3.1,89,6.8,1.5,4.45,2.4,14.3,0,956.6,153,0.7,2.1,0,0,0,0,0,0,0,311,100,26,97
TAE,2019,11,30,0,2.8,89.7,6.7,1.3,4.39,2.2,13.8,0,956.9,138,1.5,4,0,0,0,0,0,0,0,307,100,26,97
TAE,2019,11,30,1,2.6,89.1,6.6,1,4.32,1.9,13.4,0,957.3,131,1.1,3.2,0,0,0,0,0,0,0,304,100,27,97
TAE,2019,11,30,2,2.6,89.6,6.6,1.1,4.32,2,13.4,0,957.7,90,0.5,1.5,0,0,0,0,0,0,0,298,94,27,97
TAE,2019,11,30,3,2.5,93.1,6.8,1.5,4.45,2.1,13.6,0.2,958.3,45,0.9,1.9,0,0,0,0,0,0,0,293,90,27,97
TAE,2019,11,30,4,2.2,91.5,6.6,1,4.31,1.7,13,0,958.5,49,1.1,2.8,0,0,0,0,0,0,0,294,100,27,97
TAE,2019,11,30,5,2.1,92,6.5,0.9,4.25,1.6,12.7,0,958.6,135,0.4,1.4,0,0,0,0,0,0,0,291,100,27,97
TAE,2019,11,30,6,2.1,90.5,6.4,0.7,4.18,1.5,12.6,0,958.7,157,0.8,2.3,0,0,0,0,0,0,0,287,100,27,97
TAE,2019,11,30,7,2.1,85.8,6.1,0,3.98,1.2,12.1,0,958.9,144,0.9,3.1,0,0,0,0,0,0,0,285,100,27,97
TAE,2019,11,30,8,2.2,89,6.4,0.6,4.18,1.5,12.7,0,959,129,0.7,1.8,8,0,8,5,5,5,5,282,100,27,97
TAE,2019,11,30,9,2.7,86.8,6.4,0.7,4.18,1.9,13.2,0,959,108,0.7,2.1,71,6,70,44,47,47,42,286,94,27,97
TAE,2019,11,30,10,3.8,81.6,6.5,0.9,4.24,2.6,14.4,0,959.2,105,1.2,2.8,179,189,124,78,170,253,76,274,55,27,97
TAE,2019,11,30,11,4.6,79.9,6.8,1.4,4.44,3.2,15.8,0,958.5,67,1.6,4,315,538,126,83,198,628,84,268,44,27,97
TAE,2019,11,30,12,5.3,71.9,6.4,0.7,4.18,3.3,15.8,0,958.1,73,2.2,4.9,393,876,83,68,86,943,185,262,25,27,97
TAE,2019,11,30,13,5.1,78.7,6.9,1.7,4.51,3.6,16.4,0,957.5,49,2.1,4.4,254,391,127,79,79,468,231,265,31,27,97
TAE,2019,11,30,14,4.7,75.7,6.4,0.8,4.19,3,15.2,0,957.1,58,2.2,5,199,490,85,56,56,475,353,268,41,27,97
TAE,2019,11,30,15,4,73.5,6,-0.3,3.93,2.2,13.8,0,956.8,67,2.1,4.5,76,180,54,35,34,164,172,264,33,27,97
TAE,2019,11,30,16,2.9,80.5,6,-0.2,3.92,1.6,12.7,0,956.7,96,1.1,3.1,5,0,5,4,4,4,4,250,0,27,97
TAE,2019,11,30,17,1.9,85.8,6,-0.3,3.9,1,11.6,0,956.5,60,0.9,2.2,0,0,0,0,0,0,0,251,20,27,97
TAE,2019,11,30,18,1.4,87.7,5.9,-0.4,3.87,0.7,11.1,0,956.2,34,0.4,1.5,0,0,0,0,0,0,0,260,94,27,97
TAE,2019,11,30,19,0.9,90.4,5.9,-0.5,3.86,0.4,10.6,0,955.8,45,1,2.1,0,0,0,0,0,0,0,256,94,27,97
TAE,2019,11,30,20,0.8,91.1,5.9,-0.5,3.87,0.3,10.5,0,955.6,56,0.8,2.6,0,0,0,0,0,0,0,259,94,27,97
TAE,2019,11,30,21,0.6,92.8,5.9,-0.4,3.87,0.2,10.3,0,955.4,45,0.2,0.5,0,0,0,0,0,0,0,261,100,27,97
TAE,2019,11,30,22,0.5,93.5,5.9,-0.4,3.89,0.2,10.2,0,955.2,45,0.5,1.3,0,0,0,0,0,0,0,263,100,27,97
TAE,2019,11,30,23,0.5,94.4,6,-0.3,3.91,0.2,10.2,0,955.2,36,0.9,1.8,0,0,0,0,0,0,0,264,100,27,97
TAE,2000,12,1,0,0.4,95.6,6,-0.2,3.93,0.1,10.2,0,955.1,45,0.1,1,0,0,0,0,0,0,0,265,0,23,97
TAE,2000,12,1,1,0.3,96.5,6,-0.2,3.95,0.1,10.2,0,955.2,27,0.8,1.8,0,0,0,0,0,0,0,263,0,23,97
TAE,2000,12,1,2,0.3,97,6.1,-0.1,3.97,0.1,10.2,0,955.2,225,1,2.1,0,0,0,0,0,0,0,261,0,23,97
TAE,2000,12,1,3,0.2,97.6,6.1,-0.1,3.97,0.1,10.1,0,955.2,153,0.2,1.4,0,0,0,0,0,0,0,264,13,23,97
TAE,2000,12,1,4,0.2,97.8,6,-0.1,3.96,0.1,10.1,0,955.1,120,0.9,2.5,0,0,0,0,0,0,0,258,0,23,97
TAE,2000,12,1,5,0.2,97.5,6,-0.2,3.95,0,10,0,955.1,221,0.9,2.1,0,0,0,0,0,0,0,278,58,23,97
TAE,2000,12,1,6,0.1,97.4,6,-0.2,3.93,0,9.9,0,955,196,0.8,1.6,0,0,0,0,0,0,0,281,68,23,97
TAE,2000,12,1,7,0.2,96.9,6,-0.3,3.93,0,10,0,955.1,120,0.8,2.2,75,327,41,23,276,251,23,281,55,23,97
TAE,2000,12,1,8,0.2,96.8,6,-0.2,3.93,0,10,0,955.2,180,0.3,1.5,123,112,100,59,132,151,57,306,100,23,97
TAE,2000,12,1,9,0.6,96.3,6.1,0.1,4,0.4,10.6,0,955.3,225,0.3,1.2,223,277,139,79,211,350,77,306,88,23,97
TAE,2000,12,1,10,1.2,97.3,6.5,0.8,4.26,1,11.9,0,955.2,342,0.5,2.1,295,446,142,79,195,540,79,297,60,23,97
TAE,2000,12,1,11,2.1,96.3,6.9,1.6,4.53,1.9,13.4,0,954.8,27,0.6,1.7,296,431,145,82,81,530,166,299,55,23,97
TAE,2000,12,1,12,2.9,95.1,7.2,2.2,4.73,2.6,14.7,0,954.6,45,0.6,2.1,252,371,136,76,76,444,238,299,60,23,97
TAE,2000,12,1,13,3.2,95.6,7.4,2.6,4.86,2.9,15.4,0,954.4,135,0.4,1.3,180,333,100,57,57,352,260,312,75,23,97
TAE,2000,12,1,14,3.3,97.2,7.5,2.9,4.92,3.1,15.6,0,954.8,63,0.2,1.1,41,95,32,19,19,83,93,317,88,23,97
TAE,2000,12,1,15,3.2,97.6,7.5,2.9,4.92,3.1,15.5,0,954.8,90,0.4,1.7,0,0,0,0,0,0,0,315,88,23,97
TAE,2000,12,1,16,2.6,96.7,7.1,2.1,4.66,2.4,14.3,0,955,129,0.7,2.2,0,0,0,0,0,0,0,320,100,23,97
TAE,2000,12,1,17,2.1,96.1,6.8,1.5,4.46,1.8,13.3,0,955.1,135,0.7,1.9,0,0,0,0,0,0,0,319,100,23,97
TAE,2000,12,1,18,1.9,96,6.7,1.3,4.39,1.6,12.9,0,955.8,143,0.5,1.6,0,0,0,0,0,0,0,318,100,23,97
TAE,2000,12,1,19,2.3,93.3,6.7,1.3,4.39,1.9,13.3,0,956.6,236,0.4,1.5,0,0,0,0,0,0,0,320,100,23,97
TAE,2000,12,1,20,2.7,92.6,6.9,1.6,4.52,2.2,14,0,957.1,90,0.3,2.1,0,0,0,0,0,0,0,321,100,23,97
TAE,2000,12,1,21,2.8,92.5,6.9,1.7,4.51,2.3,14.1,0,957.7,270,0.1,1,0,0,0,0,0,0,0,321,100,23,97
TAE,2000,12,1,22,3.1,92.6,7,2,4.58,2.6,14.6,0,958.3,180,0.1,1,0,0,0,0,0,0,0,321,100,23,97
TAE,2000,12,1,23,3.1,94.1,7.2,2.2,4.71,2.7,14.9,0,957.8,59,0.6,2.2,0,0,0,0,0,0,0,321,100,23,97
TAE,2000,12,2,0,3.4,92.1,7.2,2.2,4.71,2.9,15.2,0,957.7,74,1.2,5.3,0,0,0,0,0,0,0,321,100,23,97
TAE,2000,12,2,1,3.4,93.1,7.3,2.4,4.78,3,15.4,0,958.1,207,0.3,2.9,0,0,0,0,0,0,0,321,100,23,97
TAE,2000,12,2,2,3.5,93.6,7.4,2.6,4.84,3.1,15.6,0,957.8,0,0,1,0,0,0,0,0,0,0,322,100,23,97
TAE,2000,12,2,3,3.5,94.2,7.4,2.7,4.84,3.1,15.6,0,957.8,45,0.1,0.8,0,0,0,0,0,0,0,322,100,23,97
TAE,2000,12,2,4,3.7,93.9,7.5,2.8,4.91,3.3,16,0,957.6,14,0.5,1.5,0,0,0,0,0,0,0,322,100,23,97
TAE,2000,12,2,5,3.6,94.2,7.4,2.8,4.84,3.2,15.7,0,957.6,360,0.2,1.2,0,0,0,0,0,0,0,322,100,23,97
TAE,2000,12,2,6,3.7,93.3,7.4,2.7,4.85,3.3,15.9,0,957.1,0,0,0.8,0,0,0,0,0,0,0,323,100,23,97
TAE,2000,12,2,7,3.8,93.6,7.5,2.9,4.91,3.4,16.1,0,957.3,27,0.4,1.9,28,29,27,16,39,34,16,324,100,23,97
TAE,2000,12,2,8,4.2,92.5,7.6,3.1,4.98,3.7,16.7,0,956.6,117,0.4,1.4,34,1,34,21,21,20,20,326,100,23,97
TAE,2000,12,2,9,4.8,91.5,7.9,3.5,5.18,4.2,17.8,0,956.4,45,0.7,1.9,19,0,19,12,12,11,11,328,100,23,97
TAE,2000,12,2,10,5.6,90.4,8.3,4.2,5.45,4.9,19.3,0,955.8,45,0.4,1.9,83,0,83,50,50,47,48,330,100,23,97
TAE,2000,12,2,11,6.4,90,8.6,4.9,5.65,5.7,20.6,0,955,360,0.3,1.8,163,35,151,91,89,123,95,332,100,23,97
TAE,2000,12,2,12,7.2,88.4,9,5.4,5.92,6.3,22.1,0,954.5,53,0.6,2.1,196,213,133,78,77,282,176,324,88,23,97
TAE,2000,12,2,13,7.9,86.3,9.2,5.8,6.06,6.8,23.2,0,954.2,53,0.6,1.8,159,237,103,60,59,269,204,332,100,23,97
TAE,2000,12,2,14,8,86.8,9.3,5.9,6.12,6.9,23.4,0,954,45,0.3,1.5,87,324,44,26,26,264,265,321,88,23,97
TAE,2000,12,2,15,7.3,91,9.3,5.9,6.13,6.6,22.7,0,953.6,34,0.3,1.5,0,0,0,0,0,0,0,320,88,23,97
TAE,2000,12,2,16,5.7,93.7,8.6,4.8,5.66,5.3,19.9,0,953.1,45,0.3,1.7,0,0,0,0,0,0,0,328,100,23,97
TAE,2000,12,2,17,4.7,93.6,8,3.8,5.27,4.3,17.9,0,953.1,90,0.4,1.7,0,0,0,0,0,0,0,321,88,23,97
TAE,2000,12,2,18,3.7,94.3,7.5,2.9,4.94,3.3,16.1,0,952.4,117,0.3,1.8,0,0,0,0,0,0,0,316,80,23,97
TAE,2000,12,2,19,3.5,93.8,7.4,2.6,4.87,3.1,15.7,0,952.2,74,0.9,2.2,0,0,0,0,0,0,0,297,38,23,97
TAE,2000,12,2,20,2.9,95.9,7.2,2.3,4.74,2.6,14.8,0,952.3,225,0.4,1.6,0,0,0,0,0,0,0,280,0,23,97
TAE,2000,12,2,21,3.9,97.6,7.9,3.6,5.2,3.8,16.9,0,952.6,135,0.4,1.6,0,0,0,0,0,0,0,279,0,23,97
TAE,2000,12,2,22,4.2,97.7,8,3.9,5.26,4.1,17.4,0,953.4,252,0.6,3.8,0,0,0,0,0,0,0,279,0,23,97
TAE,2000,12,2,23,4.2,92,7.6,3,5,3.7,16.7,0,953.9,228,1.8,5.8,0,0,0,0,0,0,0,301,55,23,97
TAE,2000,12,3,0,5.6,88.4,8,3.8,5.26,4.8,18.8,0,954.9,246,2.1,6.8,0,0,0,0,0,0,0,319,100,23,97
TAE,2000,12,3,1,6.5,86.1,8.3,4.3,5.45,5.4,20.2,0,955.2,227,2.6,7.2,0,0,0,0,0,0,0,320,100,23,97
TAE,2000,12,3,2,7.4,81.9,8.4,4.5,5.52,6,21.3,0,955,221,2.4,8.8,0,0,0,0,0,0,0,320,100,23,97
TAE,2000,12,3,3,8,77.7,8.3,4.3,5.45,6.2,21.7,0,955.5,226,3.2,9.2,0,0,0,0,0,0,0,321,100,23,97
TAE,2000,12,3,4,8.2,75,8.2,4,5.38,6.2,21.8,0,956.3,215,3.3,10.1,0,0,0,0,0,0,0,321,100,23,97
TAE,2000,12,3,5,8.2,74.3,8.1,3.9,5.31,6.1,21.6,0,956.7,228,3.1,9.5,0,0,0,0,0,0,0,322,100,23,97
TAE,2000,12,3,6,8,76.8,8.2,4.2,5.37,6.2,21.5,0,957.6,249,2.3,7,0,0,0,0,0,0,0,323,100,23,97
TAE,2000,12,3,7,7.6,81.6,8.5,4.7,5.57,6.2,21.6,0,958.3,266,1.6,3.7,36,40,33,20,51,45,19,320,88,23,97
TAE,2000,12,3,8,7.5,80.6,8.3,4.4,5.43,6,21.2,0,959,243,1.3,3.9,19,0,19,12,12,11,11,326,100,23,97
TAE,2000,12,3,9,7.9,77.9,8.3,4.3,5.43,6.2,21.6,0,958.9,240,1.6,4.5,98,7,96,58,61,62,56,327,100,23,97
TAE,2000,12,3,10,8.1,76,8.2,4.1,5.37,6.2,21.6,0,958.5,252,2.2,6.1,126,10,123,74,76,80,72,328,100,23,97
TAE,2000,12,3,11,8.6,72.6,8.1,4,5.3,6.4,22,0,958.3,249,1.9,4.6,115,3,114,69,68,68,67,330,100,23,97
TAE,2000,12,3,12,8.6,72.6,8.1,4,5.3,6.4,22,0,958.1,284,1.4,3.3,91,1,91,55,54,53,53,331,100,23,97
TAE,2000,12,3,13,8.4,73.2,8.1,3.9,5.3,6.2,21.8,0,958,247,0.7,2.1,14,0,14,8,8,8,8,330,100,23,97
TAE,2000,12,3,14,8.3,75.1,8.3,4.2,5.43,6.3,22,0,958.2,262,0.7,1.5,6,0,6,4,4,3,4,330,100,23,97
TAE,2000,12,3,15,7.8,82.5,8.7,5,5.7,6.4,22.2,0,958.6,225,0.1,0.9,0,0,0,0,0,0,0,329,100,23,97
TAE,2000,12,3,16,7.2,86.1,8.7,5,5.7,6.1,21.5,0,958.7,135,0.3,1.7,0,0,0,0,0,0,0,329,100,23,97
TAE,2000,12,3,17,6.9,87.1,8.7,4.9,5.7,5.9,21.2,0,958.9,153,0.3,1.4,0,0,0,0,0,0,0,328,100,23,97
TAE,2000,12,3,18,5.5,92.3,8.3,4.4,5.43,5,19.2,0.1,958.8,270,0.1,0.9,0,0,0,0,0,0,0,320,80,23,97
TAE,2000,12,3,19,4.3,93,7.7,3.3,5.04,3.8,16.9,0,958.7,234,0.9,2.3,0,0,0,0,0,0,0,307,50,23,97
TAE,2000,12,3,20,3.6,93.1,7.4,2.6,4.84,3.2,15.7,0,958.2,158,0.6,2.2,0,0,0,0,0,0,0,301,40,23,97
TAE,2000,12,3,21,2.7,93.6,7,1.8,4.58,2.3,14.2,0,958,207,0.5,2.2,0,0,0,0,0,0,0,290,20,23,97
TAE,2000,12,3,22,1.6,94.4,6.5,0.8,4.25,1.3,12.2,0,958.1,198,0.4,1.5,0,0,0,0,0,0,0,288,20,23,97
TAE,2000,12,3,23,2.5,93.7,6.9,1.6,4.51,2.1,13.8,0,957.9,153,0.3,1.3,0,0,0,0,0,0,0,286,20,23,97
TAE,2000,12,4,0,2.8,94.7,7.1,2,4.65,2.5,14.4,0,957.5,180,0.1,1.1,0,0,0,0,0,0,0,275,0,23,97
TAE,2000,12,4,1,2,96.7,6.8,1.5,4.45,1.8,13.1,0,957.4,45,0.3,1.6,0,0,0,0,0,0,0,273,0,23,97
TAE,2000,12,4,2,3.1,94.4,7.3,2.3,4.78,2.7,15.1,0,957.1,180,0.1,1.1,0,0,0,0,0,0,0,288,38,23,97
TAE,2000,12,4,3,3.9,94.2,7.6,3.1,4.98,3.5,16.4,0,956.9,0,0,0.9,0,0,0,0,0,0,0,289,45,23,97
TAE,2000,12,4,4,4.5,94,7.9,3.6,5.18,4.1,17.5,0,956.4,135,0.1,1.3,0,0,0,0,0,0,0,291,55,23,97
TAE,2000,12,4,5,4.9,92.3,8,3.8,5.25,4.4,18.1,0,956.4,360,0.1,1.1,0,0,0,0,0,0,0,295,68,23,97
TAE,2000,12,4,6,5.1,94,8.2,4.2,5.38,4.7,18.6,0,956.6,0,0,0.8,0,0,0,0,0,0,0,303,88,23,97
TAE,2000,12,4,7,5.2,93.1,8.2,4.2,5.38,4.7,18.7,0,956.8,360,0.1,1.2,49,204,24,14,167,161,14,290,55,23,97
TAE,2000,12,4,8,5.4,87.1,7.8,3.4,5.11,4.5,18.2,0,957.1,197,1,3.1,96,48,86,52,84,89,50,310,88,23,97
TAE,2000,12,4,9,5.5,85.9,7.8,3.3,5.11,4.5,18.3,0,957.6,229,1,2.8,91,1,90,55,55,53,53,320,100,23,97
TAE,2000,12,4,10,6.1,83.9,7.9,3.6,5.18,4.9,19.1,0,957.1,236,0.8,3.4,197,101,163,97,121,199,94,311,75,23,97
TAE,2000,12,4,11,6.7,82.7,8.1,4,5.31,5.4,20.1,0,956.4,68,0.8,2.4,278,370,152,86,86,473,165,290,50,23,97
TAE,2000,12,4,12,7.1,82.7,8.4,4.4,5.51,5.8,21,0,956.2,40,1.5,3.4,271,519,112,65,65,574,278,276,40,23,97
TAE,2000,12,4,13,7.1,82.9,8.4,4.4,5.51,5.8,21,0,956.3,60,1.5,3.1,197,512,81,48,48,491,358,285,40,23,97
TAE,2000,12,4,14,6.7,84.5,8.3,4.3,5.44,5.5,20.4,0,956.6,42,1.5,2.7,96,391,47,27,27,313,317,306,63,23,97
TAE,2000,12,4,15,6.2,87.8,8.3,4.3,5.44,5.3,19.9,0,957,42,1.2,2.4,0,0,0,0,0,0,0,324,100,23,97
TAE,2000,12,4,16,3.7,91.3,7.3,2.4,4.78,3.1,15.7,0,957.3,248,0.6,2.3,0,0,0,0,0,0,0,306,68,23,97
TAE,2000,12,4,17,3.2,91.2,7,1.9,4.58,2.6,14.7,0,957.6,201,1.3,2.8,0,0,0,0,0,0,0,320,100,23,97
TAE,2000,12,4,18,3.3,93.4,7.3,2.3,4.78,2.9,15.3,0,958,27,1.1,3.3,0,0,0,0,0,0,0,319,100,23,97
TAE,2000,12,4,19,3.9,94.9,7.7,3.2,5.04,3.6,16.5,0,958,270,0.5,2.4,0,0,0,0,0,0,0,320,100,23,97
TAE,2000,12,4,20,3.9,96.8,7.8,3.4,5.11,3.7,16.7,0,958.1,108,0.3,1.8,0,0,0,0,0,0,0,320,100,23,97
TAE,2000,12,4,21,4.1,94.5,7.7,3.3,5.04,3.7,16.7,0,958.7,360,0.1,1.2,0,0,0,0,0,0,0,321,100,23,97
TAE,2000,12,4,22,3.9,94.8,7.7,3.1,5.03,3.5,16.5,0,959.4,270,0.2,1.9,0,0,0,0,0,0,0,320,100,23,97
TAE,2000,12,4,23,4,94.4,7.7,3.2,5.03,3.6,16.6,0,959.4,135,0.3,1.7,0,0,0,0,0,0,0,320,100,23,97
TAE,2000,12,5,0,4.2,93.6,7.7,3.3,5.03,3.8,16.8,0,959,79,0.5,2.2,0,0,0,0,0,0,0,320,100,25,97
TAE,2000,12,5,1,4.4,93.5,7.8,3.4,5.11,3.9,17.2,0,957.8,76,0.5,2.6,0,0,0,0,0,0,0,319,100,25,97
TAE,2000,12,5,2,3.7,92.9,7.4,2.7,4.84,3.3,15.8,0,957.6,270,1,3.7,0,0,0,0,0,0,0,296,43,25,97
TAE,2000,12,5,3,2.2,93.3,6.7,1.2,4.38,1.8,13.2,0,957.6,239,0.6,2.7,0,0,0,0,0,0,0,276,0,25,97
TAE,2000,12,5,4,1.4,95.8,6.5,0.8,4.25,1.1,12,0,957.5,225,0.5,2.3,0,0,0,0,0,0,0,274,0,25,97
TAE,2000,12,5,5,1.1,97.5,6.4,0.7,4.19,0.9,11.6,0,957.2,162,0.3,1.3,0,0,0,0,0,0,0,271,0,25,97
TAE,2000,12,5,6,1.1,98.9,6.6,0.9,4.32,1,11.9,0,957.1,236,0.4,2.2,0,0,0,0,0,0,0,269,0,25,97
TAE,2000,12,5,7,1.2,97,6.4,0.8,4.18,1,11.7,0,957.7,231,1.3,2.7,57,258,33,19,217,199,19,271,0,25,97
TAE,2000,12,5,8,1.4,97.8,6.6,1.1,4.32,1.3,12.2,0,957.6,146,0.8,2.5,176,546,64,40,385,496,40,278,13,25,97
TAE,2000,12,5,9,2,98.8,7,1.8,4.58,1.9,13.5,0,957,72,0.5,2.2,266,628,86,55,339,647,56,286,25,25,97
TAE,2000,12,5,10,2.6,98.2,7.2,2.3,4.72,2.5,14.4,0,956.6,36,0.9,3,305,572,114,70,213,649,70,275,40,25,97
TAE,2000,12,5,11,3,96.9,7.4,2.6,4.85,2.8,15.2,0,956.1,360,0.5,2,307,538,123,73,73,628,174,277,40,25,97
TAE,2000,12,5,12,3.7,95.7,7.6,3.1,4.99,3.4,16.2,0,955.4,349,0.5,1.8,262,472,118,69,69,535,261,275,38,25,97
TAE,2000,12,5,13,4,96,7.7,3.4,5.06,3.7,16.7,0,954.8,360,0.3,1.8,183,419,91,54,54,417,311,291,58,25,97
TAE,2000,12,5,14,3.8,97.3,7.8,3.4,5.12,3.6,16.7,0,954.7,63,0.4,1.6,90,359,45,27,26,290,291,286,45,25,97
TAE,2000,12,5,15,3.5,98.2,7.7,3.2,5.05,3.4,16.2,0,955.2,270,0.7,2.6,0,0,0,0,0,0,0,291,43,25,97
TAE,2000,12,5,16,2.7,98.1,7.3,2.4,4.79,2.6,14.7,0,955.2,162,0.7,1.8,0,0,0,0,0,0,0,286,40,25,97
TAE,2000,12,5,17,1.8,97.6,6.8,1.5,4.46,1.7,13,0,955.3,90,0.5,2.3,0,0,0,0,0,0,0,282,40,25,97
TAE,2000,12,5,18,1.4,98.2,6.6,1.1,4.33,1.3,12.2,0,955.6,225,0.3,1.7,0,0,0,0,0,0,0,300,88,25,97
TAE,2000,12,5,19,1.4,98.3,6.6,1.2,4.32,1.3,12.2,0,955.8,172,0.8,2,0,0,0,0,0,0,0,288,63,25,97
TAE,2000,12,5,20,0.5,98.4,6.2,0.3,4.06,0.4,10.6,0,955.9,135,0.2,1.6,0,0,0,0,0,0,0,283,55,25,97
TAE,2000,12,5,21,0.1,98.3,6,-0.1,3.93,0,9.9,0,955.7,135,0.2,1.5,0,0,0,0,0,0,0,293,80,25,97
TAE,2000,12,5,22,-0.6,97.6,5.7,-0.9,3.73,-0.7,8.7,0,955.6,360,0.1,1.8,0,0,0,0,0,0,0,300,100,25,97
TAE,2000,12,5,23,-0.5,98,5.8,-0.8,3.8,-0.6,9,0,955,0,0,0.9,0,0,0,0,0,0,0,299,100,25,97
TAE,2000,12,6,0,-0.3,96.5,5.8,-0.8,3.8,-0.5,9.2,0,955,240,0.8,2.2,0,0,0,0,0,0,0,298,100,25,97
TAE,2000,12,6,1,0.2,96.1,6,-0.3,3.93,0,10,0,955.3,229,0.9,2.2,0,0,0,0,0,0,0,298,100,25,97
TAE,2000,12,6,2,0,97.2,5.9,-0.4,3.87,-0.2,9.6,0,955.2,135,0.5,1.7,0,0,0,0,0,0,0,298,100,25,97
TAE,2000,12,6,3,-0.4,97.1,5.8,-0.8,3.8,-0.6,9.1,0,955.2,225,0.2,1.4,0,0,0,0,0,0,0,298,100,25,97
TAE,2000,12,6,4,-0.4,98.2,5.8,-0.6,3.8,-0.5,9.1,0,955.1,162,0.3,1.3,0,0,0,0,0,0,0,298,100,25,97
TAE,2000,12,6,5,-0.3,97,5.8,-0.7,3.8,-0.5,9.2,0,955.1,219,0.7,1.5,0,0,0,0,0,0,0,298,100,25,97
TAE,2000,12,6,6,-0.5,98.3,5.8,-0.7,3.8,-0.6,9,0,955.4,153,0.2,1.5,0,0,0,0,0,0,0,300,100,25,97
TAE,2000,12,6,7,-0.5,97.1,5.7,-0.9,3.73,-0.7,8.8,0,955.2,243,0.3,1.3,12,0,12,7,7,7,7,305,100,25,97
TAE,2000,12,6,8,-0.2,96.5,5.8,-0.7,3.8,-0.4,9.3,0,954.9,135,0.3,1.5,28,0,28,17,17,16,17,310,100,25,97
TAE,2000,12,6,9,0.3,95.7,6,-0.3,3.93,0.1,10.1,0,954.8,45,0.2,1.4,146,61,129,79,109,134,76,314,100,25,97
TAE,2000,12,6,10,0.8,95,6.2,0.1,4.07,0.5,11,0,954.6,45,0.4,1.9,113,13,109,67,71,77,65,318,100,25,97
TAE,2000,12,6,11,2,93.1,6.5,1,4.27,1.6,12.7,0,954,39,0.7,2.5,56,0,56,35,34,33,33,322,100,25,97
TAE,2000,12,6,12,2.7,93,6.9,1.7,4.53,2.3,14.1,0,953.6,32,0.9,2.2,46,0,46,28,28,27,27,325,100,25,97
TAE,2000,12,6,13,3.4,90.3,7,2,4.6,2.8,14.9,0,953.7,315,0.2,1,23,0,23,14,14,13,14,325,100,25,97
TAE,2000,12,6,14,3.7,91.9,7.3,2.5,4.8,3.2,15.7,0,953.8,323,0.5,1.7,6,0,6,4,4,3,4,325,100,25,97
TAE,2000,12,6,15,3.8,92.6,7.4,2.7,4.86,3.3,16,0,954.6,333,0.5,1.8,0,0,0,0,0,0,0,324,100,25,97
TAE,2000,12,6,16,4,92.9,7.5,3,4.92,3.5,16.4,0,954.9,23,0.7,2.5,0,0,0,0,0,0,0,324,100,25,97
TAE,2000,12,6,17,4.1,93.5,7.6,3.1,4.99,3.6,16.6,0,955.5,4,1.4,2.9,0,0,0,0,0,0,0,324,100,25,97
TAE,2000,12,6,18,4.9,91.9,7.9,3.7,5.18,4.3,17.9,0.1,956.3,360,0.6,4.1,0,0,0,0,0,0,0,323,100,25,97
TAE,2000,12,6,19,6.6,89.3,8.7,5,5.71,5.8,21,0.4,956.1,297,1.1,4.7,0,0,0,0,0,0,0,323,100,25,97
TAE,2000,12,6,20,5.4,93.4,8.4,4.4,5.51,4.9,19.3,0.1,955.8,50,0.8,2.3,0,0,0,0,0,0,0,318,88,25,97
TAE,2000,12,6,21,5.2,94.5,8.4,4.4,5.51,4.8,19.1,0,956.1,22,0.7,2.1,0,0,0,0,0,0,0,317,88,25,97
TAE,2000,12,6,22,4.5,95.4,8,3.8,5.25,4.2,17.7,0,955.8,360,0.1,1.1,0,0,0,0,0,0,0,300,45,25,97
TAE,2000,12,6,23,4.1,98.3,8.1,3.9,5.32,4,17.4,0,955.4,90,0.1,0.9,0,0,0,0,0,0,0,298,45,25,97
TAE,2000,12,7,0,3.9,98.8,8,3.7,5.26,3.8,17.1,0,954.7,333,0.3,1.7,0,0,0,0,0,0,0,309,75,26,97
TAE,2000,12,7,1,3.6,99.6,7.9,3.5,5.19,3.6,16.6,0,954.8,333,0.2,1.5,0,0,0,0,0,0,0,319,100,26,97
TAE,2000,12,7,2,3.3,99.6,7.7,3.2,5.06,3.3,16,0,954.5,333,0.4,1.6,0,0,0,0,0,0,0,318,100,26,97
TAE,2000,12,7,3,2.9,99.4,7.5,2.8,4.93,2.9,15.2,0,954.1,360,0.2,1.4,0,0,0,0,0,0,0,317,100,26,97
TAE,2000,12,7,4,2.7,99.4,7.4,2.6,4.87,2.7,14.9,0.1,953.3,76,0.5,1.6,0,0,0,0,0,0,0,311,88,26,97
TAE,2000,12,7,5,2.3,98.8,7.1,2.1,4.67,2.2,14,0,952.7,180,0.2,1.3,0,0,0,0,0,0,0,315,100,26,97
TAE,2000,12,7,6,1.9,99.7,7,1.9,4.61,1.9,13.4,0,951.9,59,0.6,1.6,0,0,0,0,0,0,0,310,88,26,97
TAE,2000,12,7,7,1.5,98.6,6.7,1.3,4.41,1.4,12.5,0,951,68,0.6,2,30,63,27,16,67,56,16,314,88,26,97
TAE,2000,12,7,8,1.7,98.9,6.8,1.5,4.48,1.6,12.9,0,950,82,0.7,2,103,83,87,53,108,121,52,323,100,26,97
TAE,2000,12,7,9,2.1,97.5,6.9,1.7,4.55,1.9,13.5,0,950,45,0.5,1.8,190,221,125,75,174,291,74,321,88,26,97
TAE,2000,12,7,10,3.1,94.7,7.2,2.3,4.75,2.7,15,0,949.1,180,0.1,1.3,149,28,139,86,92,111,83,329,100,26,97
TAE,2000,12,7,11,4.7,91.5,7.8,3.4,5.16,4.1,17.7,0,948.3,360,0.1,1.3,56,0,56,35,34,33,34,332,100,26,97
TAE,2000,12,7,12,5.7,91.1,8.4,4.4,5.56,5.1,19.7,0,948,360,0.4,2.3,20,0,20,12,12,12,12,334,100,26,97
TAE,2000,12,7,13,6.3,90.8,8.7,4.9,5.77,5.6,20.8,0,947.3,45,0.6,2.2,13,0,13,8,8,8,8,333,100,26,97
TAE,2000,12,7,14,6.2,92.3,8.8,5,5.83,5.6,20.9,0,947.3,27,0.6,2.4,6,0,6,4,4,3,3,332,100,26,97
TAE,2000,12,7,15,6.5,92.2,8.9,5.3,5.9,5.9,21.3,0,947.2,225,0.2,1.4,0,0,0,0,0,0,0,332,100,26,97
TAE,2000,12,7,16,6.5,92.3,8.9,5.3,5.91,5.9,21.4,0,946.1,90,0.5,2.7,0,0,0,0,0,0,0,331,100,26,97
TAE,2000,12,7,17,6.6,89.9,8.7,5.1,5.78,5.9,21.1,0,945.5,79,1.1,3.1,0,0,0,0,0,0,0,330,100,26,97
TAE,2000,12,7,18,6.1,91.8,8.6,4.9,5.71,5.5,20.5,0,945.5,36,0.9,2.3,0,0,0,0,0,0,0,330,100,26,97
TAE,2000,12,7,19,5.9,91.9,8.5,4.7,5.65,5.3,20.1,0,944.6,0,0.2,1.5,0,0,0,0,0,0,0,329,100,26,97
TAE,2000,12,7,20,5.5,91.5,8.3,4.2,5.51,4.9,19.4,0,944.9,261,1,2.8,0,0,0,0,0,0,0,328,100,26,97
TAE,2000,12,7,21,5.5,92,8.3,4.3,5.51,4.9,19.4,0,944.5,188,1,3,0,0,0,0,0,0,0,327,100,26,97
TAE,2000,12,7,22,5.1,92.6,8.1,4,5.38,4.6,18.6,0,944.3,180,0.3,1.7,0,0,0,0,0,0,0,326,100,26,97
TAE,2000,12,7,23,5,92.6,8.1,3.9,5.38,4.5,18.5,0,944.6,243,0.5,2.7,0,0,0,0,0,0,0,325,100,26,97
TAE,2000,12,8,0,5.2,92.1,8.1,4,5.38,4.6,18.7,0,945.2,225,0.9,2.8,0,0,0,0,0,0,0,324,100,26,97
TAE,2000,12,8,1,5.9,88.8,8.3,4.2,5.51,5.1,19.7,0,945.8,225,0.6,2.1,0,0,0,0,0,0,0,325,100,26,97
TAE,2000,12,8,2,5.7,90.3,8.3,4.2,5.51,5,19.5,0,945.6,128,1.2,2.5,0,0,0,0,0,0,0,326,100,26,97
TAE,2000,12,8,3,5.9,90.3,8.4,4.4,5.58,5.2,19.9,0,945.5,162,1,3.2,0,0,0,0,0,0,0,326,100,26,97
TAE,2000,12,8,4,6.3,87.3,8.3,4.3,5.51,5.3,20.2,0,945.1,159,1.1,3.9,0,0,0,0,0,0,0,327,100,26,97
TAE,2000,12,8,5,6.1,88.8,8.3,4.4,5.51,5.3,20,0,945.4,180,0.5,2.4,0,0,0,0,0,0,0,328,100,26,97
TAE,2000,12,8,6,5.6,90.8,8.3,4.2,5.51,4.9,19.4,0,945.9,243,0.3,1.6,0,0,0,0,0,0,0,329,100,26,97
TAE,2000,12,8,7,5.6,90,8.2,4.1,5.44,4.9,19.3,0,946,162,0.7,2.4,17,50,15,9,49,40,9,331,100,26,97
TAE,2000,12,8,8,5.9,90.1,8.4,4.4,5.57,5.2,19.9,0,946.8,360,0.3,2.3,35,5,34,21,24,24,21,333,100,26,97
TAE,2000,12,8,9,7.5,84.5,8.8,5.1,5.83,6.3,22.2,0,947.3,198,0.6,2.1,181,189,129,78,173,258,76,335,100,26,97
TAE,2000,12,8,10,9.3,77.6,9,5.6,5.96,7.4,24.3,0,948.5,279,0.8,7.5,224,235,148,89,159,330,87,328,88,26,97
TAE,2000,12,8,11,11.2,73.6,9.8,6.7,6.49,8.8,27.6,0,949.6,261,5.1,12.7,239,253,154,92,91,355,147,325,80,26,97
TAE,2000,12,8,12,11.6,72.1,9.8,6.7,6.49,9,28,0,949.7,264,3,9.5,64,2,63,39,39,39,39,341,100,26,97
TAE,2000,12,8,13,11.3,70.5,9.4,6.1,6.22,8.6,27,0,950.1,258,2.5,5.5,68,7,66,41,40,45,43,340,100,26,97
TAE,2000,12,8,14,11.1,70.5,9.3,5.9,6.14,8.4,26.6,0,950.8,278,1.4,2.6,6,0,6,4,4,3,3,338,100,26,97
TAE,2000,12,8,15,10.5,69.6,8.8,5.2,5.81,7.8,25.2,0,951.4,263,2.3,6.4,0,0,0,0,0,0,0,337,100,26,97
TAE,2000,12,8,16,9.8,70.2,8.5,4.6,5.6,7.2,24,0,951.8,257,2.2,5.4,0,0,0,0,0,0,0,335,100,26,97
TAE,2000,12,8,17,8.7,79.1,8.9,5.3,5.87,7,23.5,0,951.6,180,0.4,2,0,0,0,0,0,0,0,334,100,26,97
TAE,2000,12,8,18,8.1,82.7,8.9,5.3,5.87,6.7,22.9,0,952.2,153,0.9,2.3,0,0,0,0,0,0,0,333,100,26,97
TAE,2000,12,8,19,8,82.8,8.9,5.3,5.87,6.7,22.8,0,952.4,233,0.5,1.9,0,0,0,0,0,0,0,333,100,26,97
TAE,2000,12,8,20,7.8,82.4,8.7,5,5.73,6.4,22.2,0,952.6,225,0.5,1.7,0,0,0,0,0,0,0,333,100,26,97
TAE,2000,12,8,21,7.9,81.4,8.7,4.9,5.73,6.4,22.3,0,953,207,0.9,2.6,0,0,0,0,0,0,0,316,75,26,97
TAE,2000,12,8,22,8.7,75,8.4,4.5,5.53,6.6,22.7,0,952.9,198,1.6,6.4,0,0,0,0,0,0,0,334,100,26,97
TAE,2000,12,8,23,9,71.7,8.2,4.2,5.4,6.7,22.6,0,953.1,197,3.2,7.8,0,0,0,0,0,0,0,325,88,26,97
TAE,2000,12,9,0,7.4,85.8,8.8,5.2,5.8,6.3,22,0,953.3,360,0.8,4,0,0,0,0,0,0,0,311,68,24,97
TAE,2000,12,9,1,6.5,90,8.7,5,5.73,5.8,20.9,0,953.6,0,0.2,1.4,0,0,0,0,0,0,0,315,75,24,97
TAE,2000,12,9,2,7.6,84.2,8.7,5.1,5.73,6.4,22,0.1,953.5,243,0.7,3.5,0,0,0,0,0,0,0,323,88,24,97
TAE,2000,12,9,3,7.8,83.9,8.8,5.3,5.79,6.6,22.4,0.4,953.6,76,1.1,4.7,0,0,0,0,0,0,0,331,100,24,97
TAE,2000,12,9,4,8.4,82.6,9.1,5.6,5.99,7,23.5,0.2,954,213,1.7,4.8,0,0,0,0,0,0,0,331,100,24,97
TAE,2000,12,9,5,8.6,79.9,8.9,5.3,5.85,7,23.4,0.4,954.4,198,3.2,6.7,0,0,0,0,0,0,0,330,100,24,97
TAE,2000,12,9,6,8.5,79.2,8.8,5.1,5.79,6.8,23.1,0.1,954.9,189,3.3,6.5,0,0,0,0,0,0,0,330,100,24,97
TAE,2000,12,9,7,8.4,77.3,8.5,4.7,5.59,6.6,22.5,0,955.1,203,2.7,6.9,43,106,35,21,103,92,20,312,75,24,97
TAE,2000,12,9,8,8.7,77.1,8.7,4.9,5.72,6.8,23.1,0.2,955.5,220,1.6,4.4,11,0,11,7,7,6,6,333,100,24,97
TAE,2000,12,9,9,8.9,77.9,8.9,5.3,5.84,7.1,23.6,0,956.1,238,1,2.8,18,0,18,11,11,10,11,334,100,24,97
TAE,2000,12,9,10,9.5,72.9,8.7,4.9,5.71,7.2,23.9,0,955.9,228,1.4,3.8,278,463,126,74,193,550,73,296,50,24,97
TAE,2000,12,9,11,10.7,67.6,8.7,5,5.72,7.8,25.2,0,955.5,202,1.9,4.5,269,439,121,77,77,521,125,303,58,24,97
TAE,2000,12,9,12,10.6,67.1,8.6,4.8,5.65,7.7,24.9,0,955.4,223,1.7,4.2,189,155,142,84,83,238,145,328,88,24,97
TAE,2000,12,9,13,10,74.1,9.1,5.6,5.98,7.8,25.1,0,955.4,288,1.3,3.3,127,107,102,61,61,156,124,316,75,24,97
TAE,2000,12,9,14,9.3,76.7,9,5.4,5.91,7.3,24.2,0,955.5,252,0.7,1.8,61,108,48,29,29,109,108,314,75,24,97
TAE,2000,12,9,15,7.5,85.6,8.8,5.2,5.78,6.4,22.1,0,955.5,221,1,3.1,0,0,0,0,0,0,0,333,100,24,97
TAE,2000,12,9,16,6.9,88.9,8.9,5.2,5.85,6.1,21.6,0,955.7,217,0.5,1.9,0,0,0,0,0,0,0,321,88,24,97
TAE,2000,12,9,17,6.8,88.9,8.8,5.1,5.78,6,21.3,0,956,234,0.9,2.5,0,0,0,0,0,0,0,329,100,24,97
TAE,2000,12,9,18,6.5,89.4,8.6,4.9,5.65,5.7,20.7,0,955.9,169,0.9,2.8,0,0,0,0,0,0,0,322,88,24,97
TAE,2000,12,9,19,6,89.1,8.3,4.3,5.45,5.2,19.7,0,956.1,207,0.3,1.5,0,0,0,0,0,0,0,327,100,24,97
TAE,2000,12,9,20,6.3,86.9,8.3,4.3,5.45,5.3,20,0,956.3,90,0.2,2.8,0,0,0,0,0,0,0,327,100,24,97
TAE,2000,12,9,21,7.9,77.5,8.3,4.2,5.44,6.1,21.6,0,956.9,241,1,3.1,0,0,0,0,0,0,0,326,100,24,97
TAE,2000,12,9,22,8,78.9,8.5,4.6,5.57,6.3,22,0.1,957.3,235,1.3,3.6,0,0,0,0,0,0,0,326,100,24,97
TAE,2000,12,9,23,7.2,86.3,8.7,5.1,5.7,6.2,21.6,0.1,957.3,249,0.9,3.5,0,0,0,0,0,0,0,325,100,24,97
TAE,2000,12,10,0,6.4,89.5,8.6,4.8,5.64,5.6,20.6,0.1,957.4,243,0.5,2.4,0,0,0,0,0,0,0,324,100,24,97
TAE,2000,12,10,1,7.2,83.2,8.4,4.5,5.51,5.9,21.1,0,957.3,225,2.1,8.2,0,0,0,0,0,0,0,286,20,24,97
TAE,2000,12,10,2,6.7,82.5,8.1,3.9,5.31,5.4,20.1,0,957.3,219,2.1,5.9,0,0,0,0,0,0,0,289,33,24,97
TAE,2000,12,10,3,6.6,81.5,7.9,3.7,5.18,5.2,19.6,0,957.2,196,2.6,6.8,0,0,0,0,0,0,0,300,63,24,97
TAE,2000,12,10,4,6.8,79.6,7.8,3.5,5.11,5.2,19.7,0,957.3,198,3.2,7,0,0,0,0,0,0,0,314,100,24,97
TAE,2000,12,10,5,6.5,78.6,7.6,3.1,4.98,4.9,19,0,957.4,204,2.2,5,0,0,0,0,0,0,0,292,58,24,97
TAE,2000,12,10,6,4.8,84.6,7.3,2.4,4.78,3.7,16.8,0,957.4,221,1,3.5,0,0,0,0,0,0,0,304,88,24,97
TAE,2000,12,10,7,4.2,87.7,7.2,2.3,4.71,3.4,16,0,957.3,207,0.2,2,4,0,4,2,2,2,2,315,100,24,97
TAE,2000,12,10,8,5.7,84,7.7,3.2,5.04,4.5,18.4,0,957.4,180,0.3,1.8,11,0,11,7,7,6,6,320,100,24,97
TAE,2000,12,10,9,7.4,77.3,8,3.7,5.24,5.6,20.6,0,957.9,243,0.8,5.6,25,0,25,15,15,14,15,323,100,24,97
TAE,2000,12,10,10,8.2,71.7,7.8,3.4,5.11,5.9,21.1,0,957.9,217,3.4,8.3,75,0,75,46,45,44,44,326,100,24,97
TAE,2000,12,10,11,8.6,64.4,7.2,2.3,4.71,5.7,20.5,0,957.5,229,3.1,8.6,57,0,57,35,35,33,34,329,100,24,97
TAE,2000,12,10,12,8.4,64.7,7.2,2.1,4.71,5.5,20.3,0.1,957.9,229,3.7,11.3,20,0,20,12,12,11,12,331,100,24,97
TAE,2000,12,10,13,7.7,72.2,7.6,3,4.97,5.5,20.2,0.4,958.4,232,2.8,7.4,14,0,14,9,9,8,9,331,100,24,97
TAE,2000,12,10,14,7.2,79.5,8.1,3.9,5.3,5.6,20.6,1.7,958.6,217,2.7,9.3,7,0,7,4,4,4,4,331,100,24,97
TAE,2000,12,10,15,7.2,79.2,8,3.8,5.24,5.6,20.4,0.4,958.1,207,4.6,11.7,0,0,0,0,0,0,0,321,88,24,97
TAE,2000,12,10,16,7.8,74.4,7.9,3.5,5.17,5.8,20.8,0.1,958.7,213,5,11.5,0,0,0,0,0,0,0,314,80,24,97
TAE,2000,12,10,17,8.8,72.5,8.2,4.1,5.36,6.5,22.3,0,960,229,4.7,11,0,0,0,0,0,0,0,289,50,24,97
TAE,2000,12,10,18,9.4,71.8,8.4,4.6,5.49,7,23.3,0,960.6,235,5.2,13.4,0,0,0,0,0,0,0,320,88,24,97
TAE,2000,12,10,19,10,66.7,8.2,4.1,5.35,7.1,23.5,0,961.6,220,5.1,13.1,0,0,0,0,0,0,0,320,88,24,97
TAE,2000,12,10,20,10.2,64.1,8,3.7,5.22,7,23.4,0,961.9,220,5.3,14.3,0,0,0,0,0,0,0,320,88,24,97
TAE,2000,12,10,21,10.7,61.1,7.9,3.5,5.15,7.2,23.7,0,962.7,224,5.3,13.9,0,0,0,0,0,0,0,330,100,24,97
TAE,2000,12,10,22,10.9,59.1,7.7,3.2,5.01,7.2,23.6,0,963.3,234,4.5,12.3,0,0,0,0,0,0,0,329,100,24,97
TAE,2000,12,10,23,10.9,57.6,7.5,2.9,4.88,7,23.3,0,963.6,232,4.3,12,0,0,0,0,0,0,0,329,100,24,97
TAE,2000,12,11,0,10.8,57.1,7.4,2.7,4.81,6.9,23,0,963.9,233,4.7,12,0,0,0,0,0,0,0,329,100,24,97
TAE,2000,12,11,1,10.7,58.1,7.5,2.8,4.87,6.9,23,0,964.6,232,5,12.5,0,0,0,0,0,0,0,327,100,24,97
TAE,2000,12,11,2,10.6,58.8,7.5,2.9,4.87,6.9,22.9,0,964.8,242,5.2,13.2,0,0,0,0,0,0,0,326,100,24,97
TAE,2000,12,11,3,10.3,59.7,7.5,2.8,4.87,6.7,22.6,0,964.8,236,4,9.7,0,0,0,0,0,0,0,325,100,24,97
TAE,2000,12,11,4,10.1,60.2,7.4,2.7,4.81,6.6,22.3,0,964.7,223,4.3,10.7,0,0,0,0,0,0,0,323,100,24,97
TAE,2000,12,11,5,10.1,58.6,7.2,2.4,4.68,6.4,21.9,0,964.8,219,3.2,8.5,0,0,0,0,0,0,0,321,100,24,97
TAE,2000,12,11,6,9.8,58.7,7.1,2.1,4.61,6.2,21.5,0,964.8,240,2,5.1,0,0,0,0,0,0,0,321,100,24,97
TAE,2000,12,11,7,9.2,61.3,7.1,2.1,4.61,5.9,20.8,0,965,295,1.8,4.7,9,0,9,6,6,5,6,325,100,24,97
TAE,2000,12,11,8,9,65.5,7.5,2.9,4.87,6.1,21.3,0,965.3,340,1.4,4.5,150,414,69,41,301,390,41,283,50,24,97
TAE,2000,12,11,9,9.5,68.4,8.1,4,5.26,6.8,22.8,0,965.3,41,1.1,2.5,259,668,76,50,351,676,50,276,40,24,97
TAE,2000,12,11,10,10.9,64.4,8.4,4.5,5.46,7.7,24.7,0,964.7,45,0.2,1.6,313,694,88,58,217,753,59,281,45,24,97
TAE,2000,12,11,11,12.7,57.6,8.5,4.6,5.53,8.6,26.7,0,964.1,360,1.1,2,326,731,84,58,58,793,163,250,13,24,97
TAE,2000,12,11,12,14,44.7,7.1,2.2,4.62,8.2,25.7,0,963.9,207,1.3,3.7,288,715,76,52,52,740,316,237,0,24,97
TAE,2000,12,11,13,13.8,44.6,7,2,4.55,8.1,25.4,0,964,245,1.7,4,201,594,68,42,42,562,385,257,20,24,97
TAE,2000,12,11,14,11.9,56,7.8,3.4,5.07,7.7,24.8,0,964,250,1.3,3.3,63,132,49,29,29,124,128,310,75,24,97
TAE,2000,12,11,15,8.5,71.3,7.9,3.6,5.14,6.1,21.5,0,964.1,180,0.3,2.3,0,0,0,0,0,0,0,320,88,24,97
TAE,2000,12,11,16,6.8,75.1,7.4,2.7,4.81,4.9,18.9,0,964,124,0.4,2.3,0,0,0,0,0,0,0,311,80,24,97
TAE,2000,12,11,17,7.4,68.6,7,2,4.55,4.9,18.9,0,964.6,320,1,4.2,0,0,0,0,0,0,0,327,100,24,97
TAE,2000,12,11,18,9.2,58.2,6.7,1.4,4.35,5.6,20.2,0,964.9,216,1.5,6.5,0,0,0,0,0,0,0,318,88,24,97
TAE,2000,12,11,19,10.6,50.1,6.4,0.6,4.15,6,21.1,0,965,213,3.3,7.6,0,0,0,0,0,0,0,323,100,24,97
TAE,2000,12,11,20,10.2,52,6.4,0.8,4.15,5.9,20.7,0,964.9,219,2.7,6.9,0,0,0,0,0,0,0,304,58,24,97
TAE,2000,12,11,21,10.9,46.5,6,-0.1,3.89,5.9,20.8,0,964.8,216,4.1,9.8,0,0,0,0,0,0,0,291,25,24,97
TAE,2000,12,11,22,11.2,43.3,5.8,-0.8,3.76,5.8,20.7,0,965,213,4.3,10.5,0,0,0,0,0,0,0,299,43,24,97
TAE,2000,12,11,23,10.7,44.3,5.7,-1,3.7,5.5,20.1,0,964.8,213,3.3,7,0,0,0,0,0,0,0,299,43,24,97
TAE,2000,12,12,0,10.6,45,5.7,-0.8,3.7,5.5,20,0,964.3,206,3,7.4,0,0,0,0,0,0,0,305,58,22,97
TAE,2000,12,12,1,10.1,47.5,5.9,-0.5,3.83,5.4,19.8,0,964.4,230,1.6,4.8,0,0,0,0,0,0,0,314,88,22,97
TAE,2000,12,12,2,10.9,45.2,5.9,-0.5,3.83,5.8,20.6,0,964.4,242,1.6,4.3,0,0,0,0,0,0,0,318,100,22,97
TAE,2000,12,12,3,11.1,46.3,6.1,0,3.96,6.1,21.1,0,964.1,211,2.4,6.1,0,0,0,0,0,0,0,318,100,22,97
TAE,2000,12,12,4,11.2,47.1,6.3,0.3,4.09,6.2,21.6,0,964.1,205,2.7,7.4,0,0,0,0,0,0,0,317,100,22,97
TAE,2000,12,12,5,10.7,49.5,6.4,0.6,4.15,6.1,21.2,0,964.5,248,1.7,5.3,0,0,0,0,0,0,0,316,100,22,97
TAE,2000,12,12,6,8.9,57.8,6.6,1,4.29,5.3,19.7,0,964.3,360,0.4,2.4,0,0,0,0,0,0,0,317,100,22,97
TAE,2000,12,12,7,7.2,66.1,6.7,1.3,4.35,4.5,18.2,0,963.7,34,0.8,2.7,18,10,17,10,17,17,10,320,100,22,97
TAE,2000,12,12,8,6.5,73.4,7.1,2.1,4.62,4.5,18.1,0,963.7,207,0.4,1.9,147,438,66,38,321,401,37,288,50,22,97
TAE,2000,12,12,9,7.9,70.5,7.5,2.9,4.88,5.6,20.2,0,963.4,45,0.6,2.8,187,261,118,68,199,314,66,313,80,22,97
TAE,2000,12,12,10,8.9,66.3,7.6,3,4.95,6.1,21.4,0,963,90,0.1,1.3,206,162,154,88,134,255,86,331,100,22,97
TAE,2000,12,12,11,9.3,68.1,8,3.7,5.21,6.6,22.5,0,962.7,63,0.4,1.7,129,43,114,68,67,110,71,334,100,22,97
TAE,2000,12,12,12,9.4,69.9,8.3,4.2,5.41,6.8,23.1,0,962.1,59,0.6,1.8,133,46,118,70,69,114,85,336,100,22,97
TAE,2000,12,12,13,9.8,72.5,8.8,5.1,5.74,7.4,24.3,0,961.8,207,0.7,2.2,141,205,97,56,56,235,181,334,100,22,97
TAE,2000,12,12,14,9.3,74.2,8.7,4.9,5.68,7.1,23.6,0,961.1,27,0.5,2.4,47,56,42,25,25,64,67,323,88,22,97
TAE,2000,12,12,15,8.7,77.4,8.7,5,5.68,6.9,23,0,960.6,353,1,2.8,0,0,0,0,0,0,0,330,100,22,97
TAE,2000,12,12,16,7.5,82.1,8.5,4.6,5.55,6.1,21.5,0,960.3,360,0.2,1.8,0,0,0,0,0,0,0,328,100,22,97
TAE,2000,12,12,17,7.3,81.1,8.3,4.3,5.42,5.9,21,0,960,0,0.4,1.4,0,0,0,0,0,0,0,326,100,22,97
TAE,2000,12,12,18,6.4,83.4,8,3.8,5.23,5.2,19.6,0,959.5,180,0.4,1.6,0,0,0,0,0,0,0,324,100,22,97
TAE,2000,12,12,19,6.1,84.5,7.9,3.7,5.16,5,19.1,0,959.3,236,0.4,2,0,0,0,0,0,0,0,324,100,22,97
TAE,2000,12,12,20,5.7,84.6,7.8,3.3,5.1,4.6,18.5,0,958.8,194,0.7,2.9,0,0,0,0,0,0,0,319,88,22,97
TAE,2000,12,12,21,4.9,86.7,7.5,2.9,4.9,4,17.2,0,958.8,162,0.3,2,0,0,0,0,0,0,0,323,100,22,97
TAE,2000,12,12,22,6.7,75.4,7.3,2.7,4.78,4.9,18.7,0,957.4,146,0.9,3.3,0,0,0,0,0,0,0,322,100,22,97
TAE,2000,12,12,23,6,80.3,7.5,2.9,4.91,4.6,18.4,0,957.1,18,0.6,2.6,0,0,0,0,0,0,0,312,75,22,97
TAE,2000,12,13,0,6.2,75.7,7,2.2,4.58,4.4,17.7,0,956.7,180,1,7.1,0,0,0,0,0,0,0,322,100,20,97
TAE,2000,12,13,1,13,42.9,6.4,0.7,4.19,7.2,23.6,0,957,207,5.7,12.6,0,0,0,0,0,0,0,317,88,20,97
TAE,2000,12,13,2,12.4,45.2,6.5,0.9,4.25,7,23.2,0,957.7,217,5,12,0,0,0,0,0,0,0,318,88,20,97
TAE,2000,12,13,3,12.1,46,6.5,0.8,4.25,6.8,22.9,0,957.6,211,4.8,10.6,0,0,0,0,0,0,0,322,100,20,97
TAE,2000,12,13,4,12,45.6,6.4,0.6,4.18,6.7,22.6,0,958.1,216,4.3,10.9,0,0,0,0,0,0,0,323,100,20,97
TAE,2000,12,13,5,12,44.8,6.3,0.4,4.11,6.6,22.4,0,958.7,221,2.3,7.2,0,0,0,0,0,0,0,323,100,20,97
TAE,2000,12,13,6,12,44.3,6.2,0.2,4.05,6.6,22.3,0,959.4,263,2.8,7.5,0,0,0,0,0,0,0,324,100,20,97
TAE,2000,12,13,7,11.3,49,6.6,1,4.3,6.5,22.2,0,960.2,257,2.6,8.9,2,0,2,1,1,1,1,326,100,20,97
TAE,2000,12,13,8,11.5,51.6,7,1.9,4.57,6.9,23.1,0,959.8,253,4,11.7,10,0,10,6,6,6,6,329,100,20,97
TAE,2000,12,13,9,12.1,51.6,7.3,2.4,4.77,7.4,24.2,0,959.9,260,5.8,13.4,134,52,120,70,95,116,68,331,100,20,97
TAE,2000,12,13,10,12.2,53.1,7.6,2.9,4.96,7.7,24.8,0,959.9,262,6,14.1,238,289,144,79,152,379,78,323,88,20,97
TAE,2000,12,13,11,12.2,58.4,8.3,4.3,5.43,8.2,26,0,959.5,282,3.7,12.7,230,249,148,82,82,341,117,307,68,20,97
TAE,2000,12,13,12,12.2,59.9,8.5,4.6,5.56,8.4,26.3,0,958.8,278,2.7,7,232,362,123,68,67,429,203,315,75,20,97
TAE,2000,12,13,13,12.1,59.8,8.4,4.5,5.5,8.3,26,0,958.6,258,3.4,7.6,107,55,94,55,54,102,84,336,100,20,97
TAE,2000,12,13,14,11.4,62.7,8.5,4.5,5.56,7.9,25.5,0,958.6,264,2.8,6.8,16,2,15,9,9,10,10,334,100,20,97
TAE,2000,12,13,15,10.7,63.7,8.2,4.1,5.37,7.4,24.3,0,958.7,268,3.1,5.8,0,0,0,0,0,0,0,332,100,20,97
TAE,2000,12,13,16,9.3,69.5,8.1,4,5.3,6.7,22.7,0,958.7,266,2.6,4.9,0,0,0,0,0,0,0,311,80,20,97
TAE,2000,12,13,17,8.6,70.7,7.9,3.6,5.17,6.2,21.6,0,958.8,256,2.5,5.3,0,0,0,0,0,0,0,316,88,20,97
TAE,2000,12,13,18,9,66.7,7.6,3.1,4.97,6.2,21.6,0,958.5,239,2.4,6.9,0,0,0,0,0,0,0,314,88,20,97
TAE,2000,12,13,19,9.9,54,6.6,1,4.31,5.8,20.8,0,958.2,242,3.9,9.2,0,0,0,0,0,0,0,307,70,20,97
TAE,2000,12,13,20,10,50.2,6.2,0.1,4.05,5.5,20.3,0,958,239,3.9,10,0,0,0,0,0,0,0,320,100,20,97
TAE,2000,12,13,21,10,46.8,5.8,-0.8,3.79,5.2,19.6,0,957.6,242,3.4,9.7,0,0,0,0,0,0,0,317,100,20,97
TAE,2000,12,13,22,9.7,46.6,5.6,-1.2,3.66,4.9,19,0,957.5,248,3.7,9.8,0,0,0,0,0,0,0,296,63,20,97
TAE,2000,12,13,23,8.9,49.4,5.6,-1.1,3.66,4.6,18.1,0,957.4,241,2.6,8.8,0,0,0,0,0,0,0,266,0,20,97
TAE,2000,12,14,0,8.5,50.7,5.6,-1.1,3.66,4.4,17.8,0,956.6,217,2.6,6.2,0,0,0,0,0,0,0,279,33,20,97
TAE,2000,12,14,1,7,56.2,5.6,-1.1,3.66,3.6,16.2,0,956.6,245,1.9,3.5,0,0,0,0,0,0,0,271,13,20,97
TAE,2000,12,14,2,5.7,62.7,5.8,-0.8,3.8,3,15.3,0,955.7,248,2.4,4.7,0,0,0,0,0,0,0,286,50,20,97
TAE,2000,12,14,3,6.7,60.4,6,-0.4,3.93,3.7,16.6,0,954.7,228,2.4,7.2,0,0,0,0,0,0,0,302,88,20,97
TAE,2000,12,14,4,7.5,57.5,6,-0.3,3.94,4.1,17.4,0,953.7,209,3.7,8.5,0,0,0,0,0,0,0,301,88,20,97
TAE,2000,12,14,5,7.6,57.3,6,-0.3,3.94,4.2,17.5,0,953.7,208,3.9,8.5,0,0,0,0,0,0,0,300,88,20,97
TAE,2000,12,14,6,7.5,58.4,6,-0.1,3.94,4.2,17.4,0,953.3,213,3.4,8.9,0,0,0,0,0,0,0,306,100,20,97
TAE,2000,12,14,7,8.2,54.4,5.9,-0.4,3.88,4.4,18,0,952.8,202,4.2,8.8,25,52,20,12,51,48,11,304,88,20,97
TAE,2000,12,14,8,8.2,53.6,5.8,-0.6,3.81,4.4,17.8,0,952.1,210,3.2,7.9,111,190,72,41,158,204,40,307,88,20,97
TAE,2000,12,14,9,9,50.7,5.8,-0.7,3.81,4.8,18.6,0,951.6,216,2.4,6.1,172,164,128,72,153,229,70,315,100,20,97
TAE,2000,12,14,10,9.7,46.4,5.6,-1.2,3.69,4.9,19,0,950.1,212,3.3,8.2,79,0,79,47,46,44,45,318,100,20,97
TAE,2000,12,14,11,9.6,47.2,5.6,-1.1,3.69,4.9,18.9,0,949.1,222,2.9,7.8,23,0,23,14,13,13,13,321,100,20,97
TAE,2000,12,14,12,9.2,48.9,5.7,-1,3.76,4.8,18.7,0,948.9,235,2.1,6.2,42,0,42,25,25,24,24,323,100,20,97
TAE,2000,12,14,13,9.2,47.9,5.6,-1.3,3.69,4.7,18.5,0,948.6,216,3,7.1,13,0,13,8,8,7,7,322,100,20,97
TAE,2000,12,14,14,8.3,57.3,6.2,0.4,4.1,4.8,18.6,0,947.6,228,1.6,7.6,52,116,42,24,24,105,112,322,100,20,97
TAE,2000,12,14,15,7.4,64.4,6.6,1.1,4.36,4.6,18.4,0,947.4,203,0.8,2,0,0,0,0,0,0,0,322,100,20,97
TAE,2000,12,14,16,7.2,63.4,6.4,0.7,4.23,4.3,17.9,0,946.9,218,1.2,4.4,0,0,0,0,0,0,0,322,100,20,97
TAE,2000,12,14,17,7.3,65.1,6.7,1.2,4.43,4.6,18.5,0.6,946.7,222,2.8,8.3,0,0,0,0,0,0,0,322,100,20,97
TAE,2000,12,14,18,6.3,78.9,7.6,2.9,5.03,4.7,19,1.6,947.1,212,3.1,9,0,0,0,0,0,0,0,322,100,20,97
TAE,2000,12,14,19,6.1,83.2,7.8,3.5,5.17,4.9,19.1,1.3,946.5,210,3.5,8.4,0,0,0,0,0,0,0,323,100,20,97
TAE,2000,12,14,20,6.3,82.4,7.9,3.5,5.24,5,19.5,0.6,945.7,211,4.3,8.9,0,0,0,0,0,0,0,323,100,20,97
TAE,2000,12,14,21,6.6,81.1,7.9,3.6,5.24,5.2,19.8,0,945.5,223,3.8,9.1,0,0,0,0,0,0,0,324,100,20,97
TAE,2000,12,14,22,6.9,81.4,8.1,3.9,5.38,5.5,20.4,0,945,214,4,10.2,0,0,0,0,0,0,0,324,100,20,97
TAE,2000,12,14,23,7.4,79.9,8.2,4.2,5.45,5.9,21.1,0,944.7,215,4.8,9.6,0,0,0,0,0,0,0,325,100,20,97
TAE,2000,12,15,0,7.8,78.8,8.4,4.4,5.58,6.1,21.9,0,944.4,215,3.7,8.5,0,0,0,0,0,0,0,325,100,21,97
TAE,2000,12,15,1,7.9,78.9,8.4,4.5,5.58,6.2,22,0.1,944.1,230,3.1,8.4,0,0,0,0,0,0,0,324,100,21,97
TAE,2000,12,15,2,6.8,84.6,8.3,4.4,5.52,5.6,20.7,2.4,944.4,269,4,9.6,0,0,0,0,0,0,0,322,100,21,97
TAE,2000,12,15,3,5.1,85.8,7.5,2.9,4.98,4.1,17.6,4.5,944.6,262,4.4,11.1,0,0,0,0,0,0,0,320,100,21,97
TAE,2000,12,15,4,4.9,85.7,7.4,2.7,4.91,3.9,17.2,1.1,944.6,254,3.9,9.3,0,0,0,0,0,0,0,318,100,21,97
TAE,2000,12,15,5,4.6,86.1,7.3,2.5,4.84,3.7,16.8,2.5,944.7,226,2.8,10.7,0,0,0,0,0,0,0,315,100,21,97
TAE,2000,12,15,6,4,87.7,7.1,2.1,4.71,3.2,15.8,2.5,944.7,215,4.2,10.8,0,0,0,0,0,0,0,313,100,21,97
TAE,2000,12,15,7,4.5,85.4,7.2,2.3,4.77,3.5,16.5,0.4,945.1,207,4.9,10.5,2,0,2,1,1,1,1,310,100,21,97
TAE,2000,12,15,8,4.5,84.8,7.1,2.2,4.71,3.5,16.3,0.2,945.7,213,3.9,9.1,10,0,10,6,6,6,6,307,100,21,97
TAE,2000,12,15,9,4.3,81.9,6.8,1.5,4.5,3.1,15.6,0.3,946.4,236,4,9.2,116,26,109,64,75,86,62,304,100,21,97
TAE,2000,12,15,10,4.6,80.4,6.8,1.5,4.5,3.2,15.9,0,946.1,247,3.1,11.7,162,238,88,49,125,290,48,295,88,21,97
TAE,2000,12,15,11,4.6,76.4,6.5,0.8,4.3,3,15.4,0.2,946.1,249,4,12.2,125,28,115,68,67,94,69,297,100,21,97
TAE,2000,12,15,12,4,77.9,6.3,0.5,4.17,2.5,14.5,0.2,946.4,257,3.8,11.1,50,0,50,29,29,28,28,288,88,21,97
TAE,2000,12,15,13,3.9,78,6.3,0.4,4.17,2.4,14.4,0.1,946.7,249,3.1,9.2,62,47,53,31,30,70,60,292,100,21,97
TAE,2000,12,15,14,3.8,76.1,6.1,0,4.03,2.2,13.9,0.1,946.9,258,3.1,9.8,14,1,14,8,8,8,8,291,100,21,97
TAE,2000,12,15,15,3.7,74.4,5.9,-0.4,3.9,2,13.5,0,947,221,2.1,7.4,0,0,0,0,0,0,0,290,100,21,97
TAE,2000,12,15,16,2.7,82.9,6.2,0.1,4.1,1.6,13,0.1,947.3,224,3.3,8.3,0,0,0,0,0,0,0,289,100,21,97
TAE,2000,12,15,17,2.4,86.2,6.3,0.3,4.16,1.5,12.8,0.2,947.8,220,3.1,7.6,0,0,0,0,0,0,0,289,100,21,97
TAE,2000,12,15,18,2.5,86.5,6.3,0.5,4.16,1.7,12.9,0.1,948.5,223,3.4,9,0,0,0,0,0,0,0,289,100,21,97
TAE,2000,12,15,19,2.8,82.2,6.1,0.1,4.02,1.7,12.9,0.2,949.1,239,4.3,10.2,0,0,0,0,0,0,0,288,100,21,97
TAE,2000,12,15,20,2.8,82.5,6.2,0.1,4.09,1.7,13,0,949.3,238,3.8,9.7,0,0,0,0,0,0,0,286,100,21,97
TAE,2000,12,15,21,2.6,83.6,6.2,0.1,4.09,1.6,12.8,0,949.7,245,3.9,9.1,0,0,0,0,0,0,0,283,100,21,97
TAE,2000,12,15,22,2.2,86.6,6.2,0.2,4.09,1.4,12.4,0.1,949.8,226,3.6,8.2,0,0,0,0,0,0,0,281,100,21,97
TAE,2000,12,15,23,2.4,84,6.1,0,4.02,1.4,12.5,0,949.8,219,3.2,7.5,0,0,0,0,0,0,0,280,100,21,97
TAE,2000,12,16,0,2.5,83.1,6.1,-0.1,4.02,1.4,12.6,0,949.6,214,3.5,8,0,0,0,0,0,0,0,278,100,21,97
TAE,2000,12,16,1,2.4,82.1,6,-0.3,3.95,1.3,12.3,0,949.7,225,2.8,8.1,0,0,0,0,0,0,0,279,100,21,97
TAE,2000,12,16,2,2.5,81.5,6,-0.3,3.95,1.4,12.4,0,949.8,227,3.4,9.1,0,0,0,0,0,0,0,280,100,21,97
TAE,2000,12,16,3,2.6,82.8,6.1,0,4.02,1.5,12.7,0,949.8,229,3.5,9.4,0,0,0,0,0,0,0,280,100,21,97
TAE,2000,12,16,4,2.6,83.1,6.1,0,4.02,1.5,12.7,0,949.8,224,3.6,9,0,0,0,0,0,0,0,281,100,21,97
TAE,2000,12,16,5,2.7,82.1,6.1,0,4.02,1.6,12.8,0,949.9,225,3.2,8.2,0,0,0,0,0,0,0,282,100,21,97
TAE,2000,12,16,6,2.8,77.9,5.8,-0.7,3.82,1.4,12.4,0.1,950.3,221,3.5,9.2,0,0,0,0,0,0,0,282,100,21,97
TAE,2000,12,16,7,3.1,72.9,5.5,-1.3,3.62,1.3,12.2,0,950.8,234,3.6,9.2,32,152,18,10,125,119,10,282,100,21,97
TAE,2000,12,16,8,2.6,78.9,5.8,-0.7,3.81,1.3,12.1,0.3,951.8,245,4.5,11.8,48,12,45,27,34,36,26,282,100,21,97
TAE,2000,12,16,9,2.5,83.8,6.1,0,4.01,1.5,12.5,0.1,952.1,242,4.1,11.3,119,72,98,57,89,126,55,277,88,21,97
TAE,2000,12,16,10,2.7,80.6,6,-0.3,3.94,1.5,12.6,0.6,952.6,242,4.3,9.9,53,0,53,31,31,29,30,281,100,21,97
TAE,2000,12,16,11,1.4,87,5.9,-0.5,3.88,0.6,11.1,0.4,952.6,256,4.6,11.7,23,0,23,14,14,13,13,281,100,21,97
TAE,2000,12,16,12,1.7,84.7,5.8,-0.6,3.81,0.8,11.2,0.1,952.2,249,3.3,8.4,20,0,20,12,12,11,11,281,100,21,97
TAE,2000,12,16,13,2.1,82.4,5.9,-0.6,3.88,1,11.8,0,952.3,242,3.4,7.8,13,0,13,8,8,8,8,278,100,21,97
TAE,2000,12,16,14,2,81.6,5.8,-0.8,3.81,0.9,11.5,0,952.4,211,3.5,7.4,20,0,20,12,12,11,12,276,100,21,97
TAE,2000,12,16,15,2.1,79.6,5.6,-1.1,3.68,0.8,11.3,0,952.7,216,2.3,5.5,0,0,0,0,0,0,0,274,100,21,97
TAE,2000,12,16,16,2.1,79.7,5.6,-1,3.68,0.9,11.3,0,952.6,214,2.2,6.4,0,0,0,0,0,0,0,268,88,21,97
TAE,2000,12,16,17,2,76.9,5.4,-1.6,3.55,0.6,10.9,0,952.8,223,1.9,6.2,0,0,0,0,0,0,0,269,100,21,97
TAE,2000,12,16,18,2,72.1,5.1,-2.5,3.35,0.3,10.4,0,952.8,224,2.9,7.7,0,0,0,0,0,0,0,262,75,21,97
TAE,2000,12,16,19,1.8,74.9,5.2,-2.2,3.41,0.3,10.3,0,952.5,213,3.1,7.6,0,0,0,0,0,0,0,268,88,21,97
TAE,2000,12,16,20,2.2,73.7,5.3,-2,3.48,0.6,10.9,0,952.5,218,3.4,8.7,0,0,0,0,0,0,0,270,88,21,97
TAE,2000,12,16,21,2.3,72.7,5.2,-2.1,3.42,0.6,10.8,0,952.2,216,3.2,8.2,0,0,0,0,0,0,0,277,100,21,97
TAE,2000,12,16,22,2.3,73.2,5.3,-2,3.48,0.6,11,0,951.8,225,2,6.6,0,0,0,0,0,0,0,280,100,21,97
TAE,2000,12,16,23,2.2,73.6,5.3,-2,3.48,0.6,10.9,0,951.3,221,1.1,3.7,0,0,0,0,0,0,0,284,100,21,97
TAE,2000,12,17,0,2.4,72.3,5.3,-2.1,3.49,0.6,11.1,0,951.2,221,1,4.8,0,0,0,0,0,0,0,287,100,21,97
TAE,2000,12,17,1,2.1,77.2,5.5,-1.5,3.62,0.7,11.1,0.1,951.5,236,2.7,7.5,0,0,0,0,0,0,0,286,100,21,97
TAE,2000,12,17,2,1.7,84.2,5.8,-0.7,3.82,0.7,11.2,0,951,216,4.2,10,0,0,0,0,0,0,0,286,100,21,97
TAE,2000,12,17,3,2.1,79.6,5.7,-1.1,3.75,0.8,11.5,0,950.9,211,4.9,10.8,0,0,0,0,0,0,0,286,100,21,97
TAE,2000,12,17,4,2,81.3,5.7,-0.9,3.75,0.8,11.4,0,951.3,222,2.6,7,0,0,0,0,0,0,0,286,100,21,97
TAE,2000,12,17,5,1.9,85.4,6,-0.3,3.95,1,11.8,0,951.4,219,2.7,6.7,0,0,0,0,0,0,0,285,100,21,97
TAE,2000,12,17,6,2,83.7,5.9,-0.5,3.88,1,11.7,0,951.6,207,3.4,8.3,0,0,0,0,0,0,0,285,100,21,97
TAE,2000,12,17,7,2.5,82.8,6,-0.1,3.95,1.4,12.4,0.1,952,204,4.2,8.6,24,60,19,11,56,53,11,286,100,21,97
TAE,2000,12,17,8,2.9,80.5,6,-0.1,3.94,1.7,12.8,0,952.5,211,3.7,8.5,69,39,63,37,64,66,36,287,100,21,97
TAE,2000,12,17,9,3.2,79.9,6.1,0.1,4.01,1.9,13.2,0,953.1,212,3.3,7.8,17,0,17,10,10,10,10,287,100,21,97
TAE,2000,12,17,10,3.5,80.5,6.3,0.5,4.14,2.2,13.9,0,952.8,223,2.4,5.8,53,0,53,31,31,29,30,289,100,21,97
TAE,2000,12,17,11,3.9,79.4,6.4,0.7,4.21,2.5,14.5,0,952.3,207,3.6,7.7,23,0,23,14,14,13,13,292,100,21,97
TAE,2000,12,17,12,4.2,76.5,6.3,0.4,4.14,2.6,14.6,0,952.3,215,2.9,7.1,20,0,20,12,12,11,11,294,100,21,97
TAE,2000,12,17,13,4.3,76.1,6.3,0.5,4.14,2.7,14.7,0,952.5,202,3.2,6.8,13,0,13,8,8,7,8,291,100,21,97
TAE,2000,12,17,14,4.3,74.1,6.2,0.1,4.08,2.5,14.5,0,952.5,209,2.5,5.1,6,0,6,4,3,3,3,289,100,21,97
TAE,2000,12,17,15,4.1,73.7,6,-0.2,3.94,2.3,14,0,952.9,209,1.8,4.3,0,0,0,0,0,0,0,287,100,21,97
TAE,2000,12,17,16,3.5,76.9,6,-0.2,3.94,2,13.4,0,953.5,238,1,2.8,0,0,0,0,0,0,0,287,100,21,97
TAE,2000,12,17,17,2.8,80.5,6,-0.2,3.94,1.6,12.7,0,953.7,240,0.9,2.1,0,0,0,0,0,0,0,287,100,21,97
TAE,2000,12,17,18,2.6,82.5,6.1,-0.1,4,1.5,12.6,0,954,225,0.4,1.4,0,0,0,0,0,0,0,281,88,21,97
TAE,2000,12,17,19,2.2,81.2,5.8,-0.7,3.8,1,11.7,0,954.7,254,0.7,1.8,0,0,0,0,0,0,0,283,100,21,97
TAE,2000,12,17,20,1.3,86.7,5.8,-0.7,3.8,0.5,10.8,0,955.1,225,0.2,1,0,0,0,0,0,0,0,280,100,21,97
TAE,2000,12,17,21,1.5,87.5,5.9,-0.3,3.87,0.8,11.2,0,955.3,217,0.6,1.7,0,0,0,0,0,0,0,278,100,21,97
TAE,2000,12,17,22,1,89.5,5.9,-0.5,3.86,0.4,10.7,0,955.4,146,0.3,1.4,0,0,0,0,0,0,0,276,100,21,97
TAE,2000,12,17,23,1,89.6,5.9,-0.5,3.87,0.4,10.7,0,955.2,146,0.4,1.6,0,0,0,0,0,0,0,267,80,21,97
TAE,2000,12,18,0,-0.2,91.6,5.5,-1.4,3.6,-0.7,8.8,0,955.3,259,0.5,1.8,0,0,0,0,0,0,0,240,0,23,97
TAE,2000,12,18,1,-1,91.2,5.2,-2.2,3.4,-1.4,7.5,0,955.9,243,0.7,2.3,0,0,0,0,0,0,0,252,43,23,97
TAE,2000,12,18,2,-1.5,91,5,-2.8,3.27,-2,6.6,0,956.2,0,0,0.8,0,0,0,0,0,0,0,252,50,23,97
TAE,2000,12,18,3,-1.9,91.8,4.9,-3.1,3.2,-2.3,6.1,0,956.2,135,0.2,1.2,0,0,0,0,0,0,0,250,50,23,97
TAE,2000,12,18,4,-2,90.5,4.8,-3.3,3.14,-2.5,5.8,0,956.4,0,0,0,0,0,0,0,0,0,0,259,88,23,97
TAE,2000,12,18,5,-1.8,89.3,4.8,-3.3,3.14,-2.3,6,0,956.4,225,0.1,1.4,0,0,0,0,0,0,0,246,50,23,97
TAE,2000,12,18,6,-2.1,89.8,4.7,-3.5,3.07,-2.6,5.5,0,957.1,153,0.5,1.6,0,0,0,0,0,0,0,246,50,23,97
TAE,2000,12,18,7,-2.5,90.5,4.6,-3.8,3,-3,5,0,957.4,135,0.4,1.7,30,133,19,11,111,105,11,254,58,23,97
TAE,2000,12,18,8,-1.6,89,4.8,-3.2,3.13,-2.2,6.2,0,957.4,117,0.2,1.4,148,479,62,36,344,435,36,241,0,23,97
TAE,2000,12,18,9,0.4,84.9,5.3,-1.8,3.46,-0.4,9,0,957.4,45,0.1,0.9,246,628,79,49,338,638,49,250,13,23,97
TAE,2000,12,18,10,2.4,77.2,5.6,-1.2,3.66,1,11.6,0,957.4,351,0.6,1.9,217,213,150,87,153,305,85,278,80,23,97
TAE,2000,12,18,11,3.4,70.7,5.5,-1.4,3.59,1.5,12.4,0,957.1,8,0.9,2.7,49,0,49,30,29,28,29,289,100,23,97
TAE,2000,12,18,12,4.6,56.1,4.8,-3.4,3.14,1.5,12.5,0,956.8,221,1.8,5.4,41,0,41,25,24,23,24,295,100,23,97
TAE,2000,12,18,13,4.6,57.6,4.9,-3,3.2,1.6,12.6,0,956.7,231,1.4,5.2,13,0,13,8,8,8,8,295,100,23,97
TAE,2000,12,18,14,4.7,57.4,4.9,-3,3.2,1.7,12.7,0,956.8,243,1.3,4.5,6,0,6,4,4,3,3,296,100,23,97
TAE,2000,12,18,15,3.2,75.8,5.8,-0.7,3.79,1.6,12.7,0,957,23,1.1,2.6,0,0,0,0,0,0,0,296,100,23,97
TAE,2000,12,18,16,2.6,79.3,5.8,-0.6,3.79,1.3,12.1,0,957.2,90,0.3,1.2,0,0,0,0,0,0,0,297,100,23,97
TAE,2000,12,18,17,2.4,79.6,5.8,-0.8,3.79,1.1,11.9,0,957.6,6,0.9,3,0,0,0,0,0,0,0,297,100,23,97
TAE,2000,12,18,18,2,82.6,5.8,-0.6,3.79,0.9,11.5,0,957.6,180,0.2,1.7,0,0,0,0,0,0,0,298,100,23,97
TAE,2000,12,18,19,1.6,85.4,5.8,-0.6,3.79,0.7,11.1,0,957.2,45,0.4,1.9,0,0,0,0,0,0,0,299,100,23,97
TAE,2000,12,18,20,2.7,79.4,5.9,-0.5,3.86,1.4,12.4,0,956.8,21,1,5.3,0,0,0,0,0,0,0,300,100,23,97
TAE,2000,12,18,21,2.2,82,5.9,-0.5,3.86,1.1,11.8,0,957.5,14,0.9,3.8,0,0,0,0,0,0,0,301,100,23,97
TAE,2000,12,18,22,1.7,86.1,5.9,-0.4,3.86,0.8,11.3,0,957,90,0.2,1.3,0,0,0,0,0,0,0,302,100,23,97
TAE,2000,12,18,23,2,83,5.9,-0.6,3.86,0.9,11.7,0,956.9,45,0.5,1.8,0,0,0,0,0,0,0,302,100,23,97
TAE,2000,12,19,0,2.5,80.3,5.8,-0.5,3.79,1.3,12,0,956.9,349,0.6,4,0,0,0,0,0,0,0,303,100,27,97
TAE,2000,12,19,1,5.9,55.4,5.1,-2.3,3.33,2.6,14.3,0,956.9,225,2.2,6.8,0,0,0,0,0,0,0,304,100,27,97
TAE,2000,12,19,2,6.3,53.2,5.1,-2.5,3.33,2.7,14.7,0,957,223,2.7,7.7,0,0,0,0,0,0,0,304,100,27,97
TAE,2000,12,19,3,6.2,54.6,5.2,-2.3,3.4,2.7,14.8,0,957.2,231,1.9,6.7,0,0,0,0,0,0,0,305,100,27,97
TAE,2000,12,19,4,5.6,63.1,5.7,-0.9,3.73,2.9,15,0,957.2,288,1.2,5.4,0,0,0,0,0,0,0,305,100,27,97
TAE,2000,12,19,5,6,59.8,5.6,-1.2,3.66,3,15.2,0,957.1,281,1.1,4.8,0,0,0,0,0,0,0,306,100,27,97
TAE,2000,12,19,6,5.5,64.9,5.8,-0.6,3.79,2.9,15,0,957.3,284,1.6,5.9,0,0,0,0,0,0,0,307,100,27,97
TAE,2000,12,19,7,3.9,78,6.3,0.4,4.12,2.4,14.2,0,957.9,344,1,4.7,17,13,15,10,20,19,9,310,100,27,97
TAE,2000,12,19,8,4.1,81.1,6.6,1.2,4.31,2.8,14.9,0,958.1,6,1.1,3.1,105,149,77,47,143,173,46,308,88,27,97
TAE,2000,12,19,9,4.6,77.9,6.6,1.1,4.31,3.1,15.4,0,958.5,23,1.6,3.1,57,1,57,36,35,34,34,316,100,27,97
TAE,2000,12,19,10,5.3,77.2,6.9,1.6,4.51,3.7,16.6,0,958.4,18,1,2.8,102,7,100,63,64,66,61,320,100,27,97
TAE,2000,12,19,11,6.4,71.8,6.9,1.7,4.51,4.3,17.8,0,957.8,45,1,4,130,15,125,78,77,89,79,323,100,27,97
TAE,2000,12,19,12,8.2,67.9,7.3,2.6,4.78,5.6,20.3,0,957.5,318,1.3,3.4,185,150,141,86,85,236,143,325,100,27,97
TAE,2000,12,19,13,8.4,66.1,7.2,2.4,4.71,5.6,20.3,0,957.4,342,0.5,2.2,84,13,81,51,50,60,57,324,100,27,97
TAE,2000,12,19,14,8.5,62.2,6.9,1.7,4.51,5.4,19.9,0,957.7,214,1.1,3,80,274,49,30,30,234,229,311,75,27,97
TAE,2000,12,19,15,6.5,82.4,8,3.7,5.24,5.2,19.7,0,957.8,54,0.9,3.1,0,0,0,0,0,0,0,309,75,27,97
TAE,2000,12,19,16,5.1,87.2,7.7,3.2,5.04,4.2,17.8,0,957.7,90,0.2,1.6,0,0,0,0,0,0,0,319,100,27,97
TAE,2000,12,19,17,4.4,87.6,7.3,2.5,4.78,3.5,16.4,0,957.9,225,0.1,1.5,0,0,0,0,0,0,0,317,100,27,97
TAE,2000,12,19,18,4.8,87.5,7.5,2.9,4.91,3.9,17.1,0,957.9,0,0,0,0,0,0,0,0,0,0,315,100,27,97
TAE,2000,12,19,19,4.5,89.1,7.5,2.9,4.91,3.8,16.8,0,957.7,45,0.3,1.8,0,0,0,0,0,0,0,313,100,27,97
TAE,2000,12,19,20,3.6,92.6,7.3,2.5,4.78,3.1,15.6,0,957.3,37,0.5,2.3,0,0,0,0,0,0,0,311,100,27,97
TAE,2000,12,19,21,1.6,92.4,6.4,0.5,4.19,1.1,12.1,0,957.5,0,0,0,0,0,0,0,0,0,0,309,100,27,97
TAE,2000,12,19,22,1.3,91.8,6.2,0.1,4.05,0.8,11.4,0,957.4,207,0.3,1.8,0,0,0,0,0,0,0,307,100,27,97
TAE,2000,12,19,23,1.2,93.6,6.2,0.3,4.05,0.8,11.3,0,957.3,124,0.7,3.3,0,0,0,0,0,0,0,305,100,27,97
TAE,2000,12,20,0,3.9,93.4,7.6,2.9,4.98,3.4,16.4,0,957,126,2.2,4.5,0,0,0,0,0,0,0,289,68,27,97
TAE,2000,12,20,1,4.4,91.8,7.7,3.2,5.05,3.9,17.1,0,957,87,2.1,5.7,0,0,0,0,0,0,0,282,55,27,97
TAE,2000,12,20,2,4.3,92.5,7.7,3.2,5.05,3.8,17,0,956.8,57,2.4,5.1,0,0,0,0,0,0,0,280,55,27,97
TAE,2000,12,20,3,4,92.4,7.5,2.9,4.91,3.5,16.3,0,956.8,51,3.3,6.1,0,0,0,0,0,0,0,276,45,27,97
TAE,2000,12,20,4,3.8,92.1,7.4,2.6,4.85,3.3,16,0,956.3,54,3,6.7,0,0,0,0,0,0,0,270,33,27,97
TAE,2000,12,20,5,3.6,90.9,7.2,2.3,4.72,3,15.4,0,956.2,63,2.8,5.3,0,0,0,0,0,0,0,260,13,27,97
TAE,2000,12,20,6,3.5,90.3,7.1,2.1,4.65,2.9,15.2,0,956.4,60,2.4,5.4,0,0,0,0,0,0,0,280,63,27,97
TAE,2000,12,20,7,3.4,88.5,6.9,1.7,4.52,2.7,14.7,0,956.6,58,3.1,6.3,2,0,2,1,1,1,1,298,100,27,97
TAE,2000,12,20,8,3,89.2,6.8,1.4,4.45,2.3,14.2,0,956.7,56,3.3,6,11,0,11,7,7,7,7,297,100,27,97
TAE,2000,12,20,9,2.7,88.9,6.6,1.1,4.32,2,13.5,0,956.8,68,2.9,6.4,37,0,37,23,23,22,22,297,100,27,97
TAE,2000,12,20,10,2.6,88.6,6.5,0.9,4.26,1.9,13.3,0,956.4,52,3.7,7.1,46,0,46,29,29,28,28,300,100,27,97
TAE,2000,12,20,11,2.5,88.7,6.5,0.8,4.26,1.8,13.2,0,956.3,49,3.8,6.7,39,0,39,24,24,23,24,302,100,27,97
TAE,2000,12,20,12,2.3,88.5,6.4,0.6,4.19,1.6,12.8,0,956.1,52,4.1,6.7,20,0,20,12,12,12,12,303,100,27,97
TAE,2000,12,20,13,2.1,89.4,6.4,0.5,4.19,1.4,12.6,0,956.1,49,3,6.5,96,28,90,56,56,79,71,301,100,27,97
TAE,2000,12,20,14,1.9,90.1,6.3,0.5,4.13,1.3,12.2,0,956.2,61,2.7,5.4,6,0,6,4,4,4,4,300,100,27,97
TAE,2000,12,20,15,1.6,90.3,6.2,0.2,4.06,1,11.7,0,956.2,67,2.8,7.2,0,0,0,0,0,0,0,293,88,27,97
TAE,2000,12,20,16,1.4,90.2,6.1,0,3.99,0.8,11.4,0,956.2,64,2.5,5.7,0,0,0,0,0,0,0,281,55,27,97
TAE,2000,12,20,17,1.4,89,6,-0.2,3.93,0.8,11.2,0,956.2,56,3.3,5.9,0,0,0,0,0,0,0,281,55,27,97
TAE,2000,12,20,18,1.3,89.4,6,-0.2,3.93,0.7,11.1,0,956.2,55,2.9,5.9,0,0,0,0,0,0,0,275,45,27,97
TAE,2000,12,20,19,1.2,89.9,6,-0.3,3.93,0.6,11,0,956.4,58,2.4,4.9,0,0,0,0,0,0,0,274,50,27,97
TAE,2000,12,20,20,1.2,90,6,-0.3,3.93,0.6,11,0,956.5,54,2.7,5,0,0,0,0,0,0,0,268,45,27,97
TAE,2000,12,20,21,1.1,90.5,6,-0.3,3.93,0.5,10.9,0,956.6,53,2.5,5.2,0,0,0,0,0,0,0,266,50,27,97
TAE,2000,12,20,22,1,91.3,6,-0.3,3.93,0.5,10.8,0,956.7,47,1.8,4.1,0,0,0,0,0,0,0,266,60,27,97
TAE,2000,12,20,23,1,90.3,5.9,-0.4,3.86,0.4,10.6,0,956.8,54,1.7,3.6,0,0,0,0,0,0,0,264,68,27,97
TAE,2000,12,21,0,0.8,91.6,6,-0.4,3.93,0.3,10.6,0,956.8,40,1.5,2.9,0,0,0,0,0,0,0,271,100,27,97
TAE,2000,12,21,1,0.8,92.1,6,-0.3,3.92,0.4,10.6,0,957,45,1.5,3,0,0,0,0,0,0,0,268,100,27,97
TAE,2000,12,21,2,0.7,92,5.9,-0.4,3.86,0.3,10.3,0,957.2,41,1.1,3,0,0,0,0,0,0,0,265,100,27,97
TAE,2000,12,21,3,0.5,93.4,5.9,-0.4,3.86,0.1,10.1,0,957.5,45,1.6,3.4,0,0,0,0,0,0,0,262,100,27,97
TAE,2000,12,21,4,0.4,93.9,5.9,-0.5,3.86,0,10,0,957.4,48,1.5,2.9,0,0,0,0,0,0,0,259,100,27,97
TAE,2000,12,21,5,0.4,95,6,-0.3,3.92,0.1,10.2,0,957.4,42,1.2,2.5,0,0,0,0,0,0,0,256,100,27,97
TAE,2000,12,21,6,0.5,95.1,6,-0.2,3.92,0.2,10.3,0,957.4,36,1.3,2.4,0,0,0,0,0,0,0,254,100,27,97
TAE,2000,12,21,7,0.7,94.7,6.1,-0.1,3.99,0.4,10.7,0,957.7,32,1.3,2.4,13,3,13,8,10,10,8,255,100,27,97
TAE,2000,12,21,8,0.9,93.8,6.1,0,3.99,0.5,10.9,0,958,36,1.4,2.4,46,0,46,29,28,27,28,256,100,27,97
TAE,2000,12,21,9,1.3,93.3,6.3,0.3,4.12,0.9,11.6,0,958.1,42,1.5,2.8,61,0,61,38,38,36,37,257,100,27,97
TAE,2000,12,21,10,1.7,91.2,6.3,0.4,4.12,1.2,12,0,957.9,58,1.9,4,72,0,72,45,45,43,44,258,100,27,97
TAE,2000,12,21,11,1.6,91.8,6.3,0.4,4.12,1.1,11.9,0,957.8,45,2.6,4.8,31,0,31,20,19,19,19,259,100,27,97
TAE,2000,12,21,12,1.8,90.3,6.3,0.4,4.12,1.2,12.1,0,957.5,47,2.2,4.6,52,0,52,33,32,31,32,259,100,27,97
TAE,2000,12,21,13,1.9,89.1,6.3,0.3,4.12,1.2,12.2,0,957.4,54,2.3,4.8,51,2,51,32,31,32,32,258,100,27,97
TAE,2000,12,21,14,1.9,88.3,6.2,0.2,4.05,1.2,12,0,957.6,76,2.2,4.5,22,0,22,14,14,13,14,256,100,27,97
TAE,2000,12,21,15,2,87.8,6.2,0.2,4.05,1.3,12.1,0,957.8,70,2.1,5.1,0,0,0,0,0,0,0,255,100,27,97
TAE,2000,12,21,16,1.9,88.2,6.2,0.2,4.05,1.2,12,0,957.9,69,2.6,5.3,0,0,0,0,0,0,0,253,100,27,97
TAE,2000,12,21,17,1.3,89.6,6,-0.2,3.92,0.7,11.1,0,958,49,3.1,6.5,0,0,0,0,0,0,0,252,100,27,97
TAE,2000,12,21,18,0.8,89.9,5.8,-0.7,3.79,0.2,10.3,0,958.3,53,3.1,5.7,0,0,0,0,0,0,0,249,100,27,97
TAE,2000,12,21,19,0.6,90.9,5.8,-0.7,3.79,0.1,10.1,0,958.4,55,3.1,5.9,0,0,0,0,0,0,0,245,100,27,97
TAE,2000,12,21,20,0.3,92.3,5.7,-0.8,3.72,-0.1,9.6,0,958.4,51,3.3,6,0,0,0,0,0,0,0,241,100,27,97
TAE,2000,12,21,21,-0.2,92.9,5.6,-1.2,3.66,-0.6,8.9,0,958.2,49,3.2,6.1,0,0,0,0,0,0,0,237,100,27,97
TAE,2000,12,21,22,-0.4,93.1,5.6,-1.4,3.66,-0.8,8.7,0,957.8,51,3.2,5.5,0,0,0,0,0,0,0,233,100,27,97
TAE,2000,12,21,23,-0.5,93.3,5.5,-1.4,3.59,-0.8,8.5,0,957.5,50,2.6,4.9,0,0,0,0,0,0,0,229,100,27,97
TAE,2000,12,22,0,-0.7,93.4,5.4,-1.6,3.53,-1,8.1,0,957.2,46,2.9,5.3,0,0,0,0,0,0,0,225,100,28,97
TAE,2000,12,22,1,-0.9,93.1,5.3,-1.9,3.46,-1.3,7.7,0,957.2,48,3,5.6,0,0,0,0,0,0,0,224,100,28,97
TAE,2000,12,22,2,-1.2,92.5,5.2,-2.3,3.4,-1.6,7.3,0,957.2,50,3.1,5.4,0,0,0,0,0,0,0,222,100,28,97
TAE,2000,12,22,3,-1.2,90.7,5.1,-2.5,3.33,-1.7,7.1,0,957,51,2.6,4.8,0,0,0,0,0,0,0,221,100,28,97
TAE,2000,12,22,4,-1.5,91,5,-2.8,3.27,-2,6.6,0,956.9,59,1.8,3.9,0,0,0,0,0,0,0,219,100,28,97
TAE,2000,12,22,5,-1.5,88.2,4.8,-3.2,3.14,-2.1,6.3,0,956.8,90,1.9,4.3,0,0,0,0,0,0,0,218,100,28,97
TAE,2000,12,22,6,-1.5,86.9,4.8,-3.4,3.14,-2.2,6.3,0,956.8,87,2,5.2,0,0,0,0,0,0,0,217,100,28,97
TAE,2000,12,22,7,-1.7,85.9,4.7,-3.7,3.07,-2.4,5.9,0,957.1,90,2.5,6.4,19,20,17,11,26,24,10,218,100,28,97
TAE,2000,12,22,8,-1.7,85.4,4.6,-3.8,3,-2.4,5.8,0,957.3,92,2.3,4.8,78,34,73,46,68,71,45,218,100,28,97
TAE,2000,12,22,9,-1.7,84.8,4.6,-3.9,3,-2.5,5.8,0,957.3,87,2.2,5.9,93,4,92,58,59,59,56,218,88,28,97
TAE,2000,12,22,10,-1.6,85.3,4.6,-3.7,3,-2.3,5.9,0,956.8,77,2.2,5.5,90,0,90,57,56,54,55,220,100,28,97
TAE,2000,12,22,11,-1.6,84.4,4.6,-3.9,3.01,-2.4,5.9,0,956.4,81,2.1,5.5,116,6,114,72,72,75,70,221,100,28,97
TAE,2000,12,22,12,-1.5,84.5,4.6,-3.8,3.01,-2.3,6,0,955.8,63,1.8,4.1,91,1,91,58,57,56,56,221,100,28,97
TAE,2000,12,22,13,-1.6,84.9,4.6,-3.8,3.01,-2.4,5.9,0,955.3,59,1.8,3.8,55,0,55,35,34,33,34,220,100,28,97
TAE,2000,12,22,14,-1.7,85.8,4.7,-3.8,3.07,-2.4,5.9,0,955.4,49,2,4.3,28,3,28,17,17,18,19,218,100,28,97
TAE,2000,12,22,15,-1.7,86.5,4.7,-3.7,3.07,-2.4,5.9,0,955.4,45,1.7,3.6,0,0,0,0,0,0,0,216,100,28,97
TAE,2000,12,22,16,-1.9,87.6,4.7,-3.7,3.08,-2.5,5.7,0,955.2,49,2,4,0,0,0,0,0,0,0,215,100,28,97
TAE,2000,12,22,17,-2.1,88.4,4.6,-3.8,3.01,-2.7,5.4,0,955,49,2,4.4,0,0,0,0,0,0,0,213,100,28,97
TAE,2000,12,22,18,-2.5,89.3,4.6,-4,3.01,-3,5,0,954.9,38,2.2,4,0,0,0,0,0,0,0,212,100,28,97
TAE,2000,12,22,19,-2.5,89.5,4.5,-4,2.94,-3,4.8,0,955,38,1.8,3.8,0,0,0,0,0,0,0,212,100,28,97
TAE,2000,12,22,20,-2.7,89.3,4.5,-4.2,2.95,-3.2,4.6,0,954.9,72,1,3,0,0,0,0,0,0,0,212,100,28,97
TAE,2000,12,22,21,-2.7,90,4.5,-4.1,2.95,-3.2,4.6,0,954.9,49,0.9,2.6,0,0,0,0,0,0,0,213,100,28,97
TAE,2000,12,22,22,-2.7,88.4,4.4,-4.3,2.88,-3.2,4.4,0,954.8,225,0.4,2,0,0,0,0,0,0,0,213,100,28,97
TAE,2000,12,22,23,-2.5,86.9,4.4,-4.4,2.88,-3.1,4.6,0,954.3,104,0.9,2,0,0,0,0,0,0,0,213,100,28,97
TAE,2000,12,23,0,-2.5,88.5,4.5,-4.1,2.95,-3.1,4.8,0,954,45,0.7,1.9,0,0,0,0,0,0,0,203,0,25,97
TAE,2000,12,23,1,-2.3,86.4,4.5,-4.3,2.95,-3,5,0,953.9,297,0.7,2.3,0,0,0,0,0,0,0,204,0,25,97
TAE,2000,12,23,2,-2.6,86.6,4.4,-4.5,2.88,-3.2,4.6,0,953.9,261,0.7,2.5,0,0,0,0,0,0,0,204,0,25,97
TAE,2000,12,23,3,-2.8,86.6,4.3,-4.7,2.82,-3.4,4.2,0,953.6,211,0.8,3.1,0,0,0,0,0,0,0,205,0,25,97
TAE,2000,12,23,4,-3,88.4,4.3,-4.6,2.82,-3.5,4,0,953.4,288,0.7,1.8,0,0,0,0,0,0,0,205,0,25,97
TAE,2000,12,23,5,-3.5,87.9,4.2,-5.2,2.75,-4.1,3.3,0,953.1,252,0.7,1.6,0,0,0,0,0,0,0,206,0,25,97
TAE,2000,12,23,6,-4.2,88.1,4,-5.9,2.62,-4.7,2.3,0,953.2,214,0.5,1.7,0,0,0,0,0,0,0,207,0,25,97
TAE,2000,12,23,7,-4.2,89.2,4,-5.7,2.62,-4.7,2.3,0,953.5,135,0.1,1.1,35,171,21,12,143,134,12,212,13,25,97
TAE,2000,12,23,8,-3.7,89.1,4.2,-5.2,2.75,-4.2,3.1,0,953.7,171,0.7,1.6,140,420,71,41,322,386,41,218,33,25,97
TAE,2000,12,23,9,-3.7,90.7,4.2,-5,2.75,-4.1,3.1,0,953.8,72,0.4,1.7,251,649,82,51,358,660,52,220,20,25,97
TAE,2000,12,23,10,-3.2,90.4,4.4,-4.5,2.88,-3.6,3.9,0,953.1,45,0.3,1.4,315,724,87,58,239,783,59,222,0,25,97
TAE,2000,12,23,11,-2.5,88.8,4.5,-4.1,2.95,-3.1,4.8,0,952.6,360,0.5,1.7,332,765,83,58,86,830,129,225,0,25,97
TAE,2000,12,23,12,-1.2,85.9,4.8,-3.3,3.15,-2,6.6,0,951.7,45,0.5,1.8,296,742,77,53,54,774,314,227,0,25,97
TAE,2000,12,23,13,-0.5,82.6,4.9,-3.1,3.22,-1.5,7.5,0,950.9,45,1.1,2.3,213,644,68,43,44,615,402,224,0,25,97
TAE,2000,12,23,14,-0.3,82.4,4.9,-2.9,3.22,-1.3,7.7,0,950.4,52,1.1,2.1,97,421,45,27,27,346,327,221,0,25,97
TAE,2000,12,23,15,-1.1,86.8,4.9,-3,3.22,-1.8,6.9,0,950.2,40,0.8,1.9,0,0,0,0,0,0,0,218,0,25,97
TAE,2000,12,23,16,-2.4,89.6,4.6,-3.9,3.03,-2.9,5.1,0,949.7,90,0.1,0.7,0,0,0,0,0,0,0,215,0,25,97
TAE,2000,12,23,17,-3.8,90.4,4.2,-5.1,2.76,-4.2,3,0,949.7,243,0.6,1.6,0,0,0,0,0,0,0,212,0,25,97
TAE,2000,12,23,18,-4.1,90.7,4.1,-5.4,2.7,-4.5,2.6,0,949.4,231,0.6,1.9,0,0,0,0,0,0,0,209,0,25,97
TAE,2000,12,23,19,-4.6,89.9,3.9,-6,2.57,-5,1.7,0,949.3,198,0.6,1.9,0,0,0,0,0,0,0,208,0,25,97
TAE,2000,12,23,20,-5.2,90.6,3.8,-6.5,2.5,-5.6,1,0,949.2,135,0.1,0.8,0,0,0,0,0,0,0,207,0,25,97
TAE,2000,12,23,21,-5,92.6,3.9,-6,2.57,-5.3,1.3,0,949,90,0.2,1.1,0,0,0,0,0,0,0,205,0,25,97
TAE,2000,12,23,22,-4.2,96,4.3,-4.7,2.83,-4.4,2.8,0,949,180,0.3,1.4,0,0,0,0,0,0,0,204,0,25,97
TAE,2000,12,23,23,-4.6,95.6,4.2,-5.2,2.77,-4.8,2.2,0,948.7,194,0.4,1.8,0,0,0,0,0,0,0,203,0,25,97
TAE,2000,12,24,0,-5.3,95,3.9,-6,2.57,-5.5,1,0,948.4,225,0.6,1.8,0,0,0,0,0,0,0,202,0,25,97
TAE,2000,12,24,1,-5.4,94.6,3.9,-6.1,2.57,-5.6,0.9,0,947.8,252,0.7,1.7,0,0,0,0,0,0,0,202,0,25,97
TAE,2000,12,24,2,-5.7,94.6,3.8,-6.4,2.5,-5.9,0.5,0,947.4,180,0.7,2,0,0,0,0,0,0,0,202,0,25,97
TAE,2000,12,24,3,-6.2,94.2,3.6,-7,2.37,-6.4,-0.4,0,946.9,214,1.1,2.2,0,0,0,0,0,0,0,203,20,25,97
TAE,2000,12,24,4,-6.3,94.1,3.6,-7.1,2.38,-6.5,-0.5,0,946.3,225,0.4,1.6,0,0,0,0,0,0,0,204,33,25,97
TAE,2000,12,24,5,-6.2,94.1,3.6,-7,2.38,-6.4,-0.4,0,945.7,198,0.8,2.2,0,0,0,0,0,0,0,206,55,25,97
TAE,2000,12,24,6,-7.1,92,3.3,-8.2,2.18,-7.4,-1.8,0,945.3,117,0.5,2.3,0,0,0,0,0,0,0,210,68,25,97
TAE,2000,12,24,7,-7.7,88.5,3,-9.3,1.98,-8.1,-2.9,0,945,124,0.7,2.3,33,170,20,11,140,131,11,215,50,25,97
TAE,2000,12,24,8,-7.4,91.9,3.2,-8.5,2.11,-7.7,-2.2,0,945,34,0.5,1.6,118,256,78,46,221,253,45,227,80,25,97
TAE,2000,12,24,9,-6.6,90.5,3.4,-7.9,2.25,-7,-1.1,0,944.5,27,0.2,1.5,180,199,126,74,170,267,73,235,88,25,97
TAE,2000,12,24,10,-5.2,91.2,3.8,-6.4,2.51,-5.6,1,0,943.8,27,0.5,1.9,316,757,78,56,241,808,57,234,40,25,97
TAE,2000,12,24,11,-3.8,90.5,4.2,-5.1,2.78,-4.2,3.1,0,943,14,1.2,2.8,271,439,128,79,106,529,99,245,63,25,97
TAE,2000,12,24,12,-3,89.3,4.4,-4.5,2.92,-3.5,4.2,0,942.3,36,0.9,2.1,133,57,115,69,69,126,87,261,100,25,97
TAE,2000,12,24,13,-2.6,89.5,4.5,-4.1,2.99,-3.1,4.8,0,941.6,45,0.9,2,134,121,106,64,63,173,131,266,100,25,97
TAE,2000,12,24,14,-2.3,91,4.7,-3.6,3.12,-2.8,5.5,0,940.9,27,1.4,2.7,12,0,12,7,7,7,7,271,100,25,97
TAE,2000,12,24,15,-2.3,92.4,4.8,-3.4,3.19,-2.7,5.6,0,940.5,14,0.9,2.3,0,0,0,0,0,0,0,276,100,25,97
TAE,2000,12,24,16,-2.5,95.1,4.8,-3.2,3.19,-2.7,5.4,0,939.8,45,0.4,1.7,0,0,0,0,0,0,0,282,100,25,97
TAE,2000,12,24,17,-2.4,95,4.9,-3.1,3.26,-2.6,5.7,0,939.1,37,0.6,1.7,0,0,0,0,0,0,0,287,100,25,97
TAE,2000,12,24,18,-2.2,94.1,4.9,-3,3.26,-2.5,5.9,0,938.7,360,0.1,0.9,0,0,0,0,0,0,0,290,100,25,97
TAE,2000,12,24,19,-1.9,93.2,5,-2.8,3.33,-2.2,6.4,0,938.1,63,0.3,1.7,0,0,0,0,0,0,0,292,100,25,97
TAE,2000,12,24,20,-1.6,91.8,5,-2.8,3.33,-2,6.7,0,937.6,0,0.2,1.1,0,0,0,0,0,0,0,294,100,25,97
TAE,2000,12,24,21,-1.4,92.6,5.1,-2.4,3.41,-1.8,7.1,0,936.6,360,0.3,1.2,0,0,0,0,0,0,0,295,100,25,97
TAE,2000,12,24,22,-1.1,92,5.2,-2.2,3.47,-1.5,7.5,0,936.3,360,0.4,2.4,0,0,0,0,0,0,0,296,100,25,97
TAE,2000,12,24,23,-0.8,91,5.2,-2.1,3.48,-1.3,7.9,0,935.2,180,0.3,1.6,0,0,0,0,0,0,0,293,88,25,97
TAE,2000,12,25,0,-0.9,90.9,5.2,-2.2,3.48,-1.4,7.8,0,934.8,225,0.4,1.5,0,0,0,0,0,0,0,299,100,25,97
TAE,2000,12,25,1,-0.9,92,5.3,-2,3.55,-1.3,7.9,0,934.4,360,0.2,1.3,0,0,0,0,0,0,0,300,100,25,97
TAE,2000,12,25,2,-1,91.7,5.2,-2.2,3.48,-1.4,7.7,0,934,270,0.3,1.9,0,0,0,0,0,0,0,301,100,25,97
TAE,2000,12,25,3,-0.7,90.3,5.2,-2.1,3.48,-1.2,8,0,933.8,90,0.6,2.6,0,0,0,0,0,0,0,301,100,25,97
TAE,2000,12,25,4,-0.2,90.7,5.5,-1.5,3.69,-0.7,9,0,933.4,135,0.5,3,0,0,0,0,0,0,0,302,100,25,97
TAE,2000,12,25,5,0.3,91.1,5.7,-1,3.82,-0.2,9.8,0,933,180,0.4,3.3,0,0,0,0,0,0,0,302,100,25,97
TAE,2000,12,25,6,0.1,91.8,5.7,-1.1,3.82,-0.4,9.6,0,932.8,270,0.4,2.3,0,0,0,0,0,0,0,303,100,25,97
TAE,2000,12,25,7,-0.1,92.4,5.6,-1.2,3.76,-0.5,9.3,0,932.6,360,0.3,1.2,2,0,2,1,1,1,1,303,100,25,97
TAE,2000,12,25,8,0,91.1,5.6,-1.3,3.76,-0.5,9.4,0,932.8,45,0.1,1,42,9,41,25,30,31,24,304,100,25,97
TAE,2000,12,25,9,0.2,92.4,5.7,-0.9,3.82,-0.2,9.7,0,932.8,27,0.3,1.5,123,72,104,64,98,130,62,307,100,25,97
TAE,2000,12,25,10,0.8,91.8,6,-0.4,4.03,0.3,10.9,0,932.6,270,0.3,1.7,193,129,152,91,130,223,89,308,100,25,97
TAE,2000,12,25,11,1.4,90.7,6.2,0,4.16,0.8,11.8,0,932.7,297,0.5,1.7,96,28,87,53,56,80,51,311,100,25,97
TAE,2000,12,25,12,2.1,89.8,6.4,0.6,4.3,1.5,12.9,0,932.5,360,0.3,1.5,114,49,100,61,60,107,81,312,100,25,97
TAE,2000,12,25,13,2.8,88.7,6.7,1.1,4.5,2.1,14.1,0,932.6,27,0.2,1.3,57,10,54,33,33,41,37,312,100,25,97
TAE,2000,12,25,14,2.6,92.3,6.8,1.5,4.57,2.1,14,0,933.2,59,0.7,1.5,21,0,21,13,13,13,13,311,100,25,97
TAE,2000,12,25,15,1.9,93.4,6.5,0.9,4.36,1.5,12.8,0,933.6,63,0.4,1.3,0,0,0,0,0,0,0,311,100,25,97
TAE,2000,12,25,16,1.9,94.1,6.6,1.1,4.43,1.6,13,0.4,933.9,0,0.1,1.1,0,0,0,0,0,0,0,310,100,25,97
TAE,2000,12,25,17,2.1,94.2,6.7,1.3,4.49,1.8,13.3,0.3,933.9,153,0.2,0.9,0,0,0,0,0,0,0,310,100,25,97
TAE,2000,12,25,18,2.3,93.4,6.8,1.3,4.56,1.9,13.7,0,933.7,135,0.3,1.6,0,0,0,0,0,0,0,309,100,25,97
TAE,2000,12,25,19,2.1,94.4,6.7,1.3,4.49,1.8,13.3,0,934,243,0.5,1.7,0,0,0,0,0,0,0,309,100,25,97
TAE,2000,12,25,20,3.8,90,7.2,2.3,4.83,3.1,15.9,0.1,934.2,243,0.9,2.5,0,0,0,0,0,0,0,309,100,25,97
TAE,2000,12,25,21,3.4,93.3,7.3,2.4,4.9,3,15.7,0.2,934.3,243,0.4,1.2,0,0,0,0,0,0,0,308,100,25,97
TAE,2000,12,25,22,3.9,90.7,7.3,2.5,4.9,3.3,16.2,0.9,934.4,235,1.3,4.3,0,0,0,0,0,0,0,308,100,25,97
TAE,2000,12,25,23,4.2,89,7.4,2.6,4.97,3.5,16.7,0.5,933.9,216,2.2,6,0,0,0,0,0,0,0,307,100,25,97
TAE,2000,12,26,0,4.4,87.8,7.3,2.6,4.9,3.6,16.7,0.8,933.6,210,2.7,7.3,0,0,0,0,0,0,0,301,88,23,97
TAE,2000,12,26,1,3.7,88.3,7,1.9,4.7,2.9,15.5,0.1,933.3,198,0.9,6.4,0,0,0,0,0,0,0,299,88,23,97
TAE,2000,12,26,2,2,93.1,6.5,1,4.36,1.6,12.9,0,932.8,108,0.6,2,0,0,0,0,0,0,0,307,100,23,97
TAE,2000,12,26,3,1.7,93.8,6.5,0.8,4.37,1.3,12.6,0,932.6,243,0.7,2.2,0,0,0,0,0,0,0,275,33,23,97
TAE,2000,12,26,4,0.8,93.5,6.1,-0.1,4.1,0.4,11,0,932.3,219,0.7,2.3,0,0,0,0,0,0,0,264,13,23,97
TAE,2000,12,26,5,0.2,95.2,5.9,-0.5,3.96,-0.1,10.1,0,932.4,146,0.4,2.5,0,0,0,0,0,0,0,267,25,23,97
TAE,2000,12,26,6,-0.3,95.5,5.7,-0.9,3.83,-0.5,9.2,0,931.8,180,0.4,1.5,0,0,0,0,0,0,0,269,33,23,97
TAE,2000,12,26,7,-0.9,96.5,5.5,-1.4,3.69,-1.1,8.3,0,931.7,360,0.1,1.2,26,110,17,10,93,86,10,296,100,23,97
TAE,2000,12,26,8,-0.3,96.2,5.8,-0.8,3.9,-0.5,9.4,0,931.7,270,0.1,1.2,143,504,56,33,361,446,33,268,20,23,97
TAE,2000,12,26,9,0.6,97.2,6.2,0.2,4.17,0.4,11,0,931.6,135,0.2,1.2,241,640,74,47,349,642,47,276,33,23,97
TAE,2000,12,26,10,3.3,92.1,7.1,2.1,4.78,2.8,15.3,0,930.9,180,0.1,1.2,301,687,85,55,230,740,56,283,40,23,97
TAE,2000,12,26,11,4.6,89.2,7.6,3,5.12,3.9,17.5,0,930.2,45,0.3,2.5,319,729,81,55,83,790,120,266,0,23,97
TAE,2000,12,26,12,4.9,88.7,7.7,3.2,5.2,4.1,18,0,929.2,54,1.4,2.7,287,715,75,50,51,744,295,274,13,23,97
TAE,2000,12,26,13,5,86.8,7.6,3,5.13,4.1,17.9,0,928.4,52,1.8,3.5,205,595,70,43,43,571,373,280,25,23,97
TAE,2000,12,26,14,4.8,86.6,7.4,2.8,5,3.9,17.4,0,928.1,37,0.5,2.2,83,269,52,30,30,231,225,303,75,23,97
TAE,2000,12,26,15,3.3,91.8,7.1,2.1,4.8,2.8,15.3,0,927.9,27,0.3,1.6,0,0,0,0,0,0,0,306,88,23,97
TAE,2000,12,26,16,1.2,94.6,6.3,0.4,4.25,0.9,11.8,0,928.5,270,0.1,1,0,0,0,0,0,0,0,310,100,23,97
TAE,2000,12,26,17,0.2,98.4,6.1,0,4.11,0.1,10.5,0,929.1,360,0.1,0.9,0,0,0,0,0,0,0,308,100,23,97
TAE,2000,12,26,18,0.8,96.6,6.3,0.3,4.24,0.6,11.4,0,929.5,117,0.4,1.6,0,0,0,0,0,0,0,306,100,23,97
TAE,2000,12,26,19,1.1,94.4,6.3,0.3,4.25,0.8,11.7,0,929.3,90,0.4,2.1,0,0,0,0,0,0,0,304,100,23,97
TAE,2000,12,26,20,1.4,94.3,6.4,0.6,4.31,1.1,12.2,0,929.8,270,0.5,2.4,0,0,0,0,0,0,0,285,63,23,97
TAE,2000,12,26,21,1.7,93,6.4,0.7,4.31,1.3,12.5,0,930.2,270,0.4,1.7,0,0,0,0,0,0,0,290,80,23,97
TAE,2000,12,26,22,1.6,93.6,6.4,0.7,4.31,1.2,12.4,0,930.5,135,0.4,2.2,0,0,0,0,0,0,0,272,40,23,97
TAE,2000,12,26,23,1.1,93.2,6.2,0.1,4.17,0.7,11.5,0,930.5,231,0.9,3.6,0,0,0,0,0,0,0,260,13,23,97
TAE,2000,12,27,0,0.9,93.5,6.1,0,4.11,0.5,11.2,0,930.1,141,1.1,3.5,0,0,0,0,0,0,0,263,25,25,97
TAE,2000,12,27,1,0.2,93.8,5.8,-0.7,3.9,-0.2,9.9,0,930.3,180,0.5,2.1,0,0,0,0,0,0,0,272,50,25,97
TAE,2000,12,27,2,0.1,93.8,5.8,-0.8,3.9,-0.3,9.8,0,930.1,135,0.6,1.8,0,0,0,0,0,0,0,289,100,25,97
TAE,2000,12,27,3,0.2,94.2,5.9,-0.6,3.97,-0.1,10.1,0,929.7,135,0.2,1.3,0,0,0,0,0,0,0,283,88,25,97
TAE,2000,12,27,4,0.4,93.5,5.9,-0.5,3.97,0,10.3,0,929.4,180,0.5,2.9,0,0,0,0,0,0,0,259,25,25,97
TAE,2000,12,27,5,-0.4,95.3,5.7,-1.1,3.84,-0.7,9.2,0,929.7,360,0.6,3.5,0,0,0,0,0,0,0,250,0,25,97
TAE,2000,12,27,6,-1,98.5,5.6,-1.2,3.77,-1.1,8.4,0,929.7,24,1,2.8,0,0,0,0,0,0,0,260,33,25,97
TAE,2000,12,27,7,-1.4,98.5,5.4,-1.6,3.63,-1.5,7.6,0,929.7,270,0.2,1.5,28,142,16,10,118,109,10,251,0,25,97
TAE,2000,12,27,8,-1.5,98.2,5.4,-1.7,3.63,-1.6,7.5,0,930.3,90,0.2,1.6,143,496,58,36,361,441,36,253,0,25,97
TAE,2000,12,27,9,-1.5,97.9,5.4,-1.8,3.63,-1.6,7.5,0,930.2,270,0.1,2.2,245,652,75,50,359,655,50,261,13,25,97
TAE,2000,12,27,10,-1.1,98.6,5.6,-1.3,3.77,-1.2,8.3,0,929.9,315,0.2,1.4,301,664,92,61,235,725,61,280,50,25,97
TAE,2000,12,27,11,-0.3,97.9,5.9,-0.6,3.97,-0.4,9.6,0,929.5,346,0.4,1.8,319,707,88,61,90,777,124,272,25,25,97
TAE,2000,12,27,12,0.2,97,6,-0.2,4.04,0,10.3,0,929.4,225,0.5,1.6,290,719,76,54,54,752,302,267,13,25,97
TAE,2000,12,27,13,0.7,95.4,6.1,0.1,4.11,0.5,11,0,929.6,236,0.6,2.5,200,524,78,48,48,519,336,285,50,25,97
TAE,2000,12,27,14,0.7,95,6.1,0,4.11,0.4,11,0,929.6,207,0.8,2.2,83,226,53,32,31,205,192,301,88,25,97
TAE,2000,12,27,15,0.2,96.5,6,-0.3,4.04,0,10.3,0,929.9,117,0.8,2.4,0,0,0,0,0,0,0,304,100,25,97
TAE,2000,12,27,16,-0.7,99,5.8,-0.8,3.9,-0.7,9,0,929.8,0,0,0,0,0,0,0,0,0,0,302,100,25,97
TAE,2000,12,27,17,-1,98.8,5.6,-1.2,3.77,-1.1,8.4,0,930,0,0,0,0,0,0,0,0,0,0,300,100,25,97
TAE,2000,12,27,18,-1,97.5,5.5,-1.3,3.7,-1.1,8.2,0,930.8,297,0.6,2.5,0,0,0,0,0,0,0,298,100,25,97
TAE,2000,12,27,19,-1,97.6,5.6,-1.3,3.76,-1.1,8.4,0,931.1,207,0.3,1.7,0,0,0,0,0,0,0,296,100,25,97
TAE,2000,12,27,20,-1.1,96.6,5.4,-1.6,3.63,-1.3,7.9,0,931.5,225,0.5,1.7,0,0,0,0,0,0,0,294,100,25,97
TAE,2000,12,27,21,-1.4,96.6,5.3,-1.9,3.56,-1.6,7.5,0,931.8,225,0.1,0.9,0,0,0,0,0,0,0,293,100,25,97
TAE,2000,12,27,22,-1.6,96.4,5.2,-2.1,3.49,-1.8,7.1,0,932.1,153,0.3,1.5,0,0,0,0,0,0,0,292,100,25,97
TAE,2000,12,27,23,-1.8,97.8,5.2,-2.1,3.49,-1.9,6.9,0,932.2,45,0.3,1.4,0,0,0,0,0,0,0,297,100,25,97
TAE,2000,12,28,0,-1.2,94.5,5.3,-2,3.56,-1.5,7.7,0,932.3,0,0,0.6,0,0,0,0,0,0,0,292,88,28,97
TAE,2000,12,28,1,-1,92.4,5.2,-2.1,3.49,-1.4,7.7,0,932.7,135,0.1,0.9,0,0,0,0,0,0,0,299,100,28,97
TAE,2000,12,28,2,-0.8,93.2,5.4,-1.8,3.62,-1.2,8.2,0,932.8,0,0,0,0,0,0,0,0,0,0,300,100,28,97
TAE,2000,12,28,3,-0.4,92.7,5.5,-1.4,3.69,-0.8,8.8,0,933,0,0,0,0,0,0,0,0,0,0,302,100,28,97
TAE,2000,12,28,4,0.1,93.5,5.8,-0.8,3.89,-0.3,9.8,0.3,933.1,90,0.1,1.2,0,0,0,0,0,0,0,303,100,28,97
TAE,2000,12,28,5,2.8,88.6,6.6,1.1,4.43,2.1,13.9,0.6,933.4,257,1.4,4,0,0,0,0,0,0,0,300,100,28,97
TAE,2000,12,28,6,3.7,87.9,7,1.9,4.7,2.9,15.5,0.1,933.8,230,1.8,4.8,0,0,0,0,0,0,0,300,100,28,97
TAE,2000,12,28,7,3.9,87.4,7.1,2,4.76,3.1,15.8,0,934.2,218,2.4,6.1,9,0,9,6,6,6,6,299,100,28,97
TAE,2000,12,28,8,3.9,88,7.1,2.1,4.76,3.1,15.8,0,935,222,2.5,6.8,9,0,9,6,6,6,6,298,100,28,97
TAE,2000,12,28,9,3.9,87.1,7.1,2,4.76,3.1,15.8,0,935.8,235,2.8,6.6,17,0,17,11,10,10,10,297,100,28,97
TAE,2000,12,28,10,4,84.7,6.9,1.7,4.62,3,15.6,0,936.2,250,3.8,9.8,22,0,22,14,14,13,13,296,100,28,97
TAE,2000,12,28,11,3.3,80.1,6.2,0.2,4.14,2,13.7,0,937.3,250,5.7,12.9,28,0,28,18,18,17,17,295,100,28,97
TAE,2000,12,28,12,2.4,78.9,5.7,-0.9,3.8,1.1,11.9,0,938.6,250,5.3,11.6,44,0,44,28,27,26,27,292,100,28,97
TAE,2000,12,28,13,2,74.7,5.3,-2,3.53,0.4,10.8,0,939.3,257,4.3,9.1,37,0,37,23,23,22,23,284,100,28,97
TAE,2000,12,28,14,1.5,69.5,4.7,-3.5,3.13,-0.4,9.3,0,938.9,246,2.9,8.7,57,125,45,28,28,118,122,265,63,28,97
TAE,2000,12,28,15,0.4,76.5,4.8,-3.2,3.2,-0.9,8.4,0,938.3,221,1.3,4.7,0,0,0,0,0,0,0,254,45,28,97
TAE,2000,12,28,16,-0.8,85.2,5,-3,3.33,-1.6,7.5,0,937.8,225,0.7,2.7,0,0,0,0,0,0,0,256,75,28,97
TAE,2000,12,28,17,-1.4,88.9,4.9,-3,3.27,-2,6.7,0,937.7,214,0.5,1.9,0,0,0,0,0,0,0,252,88,28,97
TAE,2000,12,28,18,-2.3,89.7,4.6,-3.8,3.07,-2.8,5.3,0,938,207,0.2,1.7,0,0,0,0,0,0,0,246,88,28,97
TAE,2000,12,28,19,-2.6,90.7,4.6,-3.9,3.07,-3.1,5,0,937.6,158,0.6,1.7,0,0,0,0,0,0,0,246,88,28,97
TAE,2000,12,28,20,-2.5,89.4,4.6,-4,3.07,-3,5.1,0,936.8,127,0.5,2.6,0,0,0,0,0,0,0,247,88,28,97
TAE,2000,12,28,21,-3.7,93,4.3,-4.7,2.87,-4,3.4,0,936.2,0,0,0,0,0,0,0,0,0,0,250,100,28,97
TAE,2000,12,28,22,-3.6,91.8,4.3,-4.7,2.87,-4,3.5,0,935.8,135,0.1,1.2,0,0,0,0,0,0,0,251,100,28,97
TAE,2000,12,28,23,-3.4,92.2,4.4,-4.5,2.94,-3.8,3.9,0,935.3,90,0.3,1.9,0,0,0,0,0,0,0,251,100,28,97
TAE,2000,12,29,0,-1.7,89.7,4.9,-3.2,3.28,-2.2,6.5,0,934.6,106,0.9,3.1,0,0,0,0,0,0,0,252,100,28,97
TAE,2000,12,29,1,-1.6,90.6,4.9,-2.9,3.28,-2.1,6.6,0,934.5,79,1.2,2.7,0,0,0,0,0,0,0,254,100,28,97
TAE,2000,12,29,2,-2.1,92.2,4.8,-3.2,3.21,-2.5,5.9,0,934.3,41,1,2.3,0,0,0,0,0,0,0,256,100,28,97
TAE,2000,12,29,3,-1.8,91.2,4.9,-3,3.28,-2.2,6.4,0,934.3,31,0.7,2,0,0,0,0,0,0,0,258,100,28,97
TAE,2000,12,29,4,-2,91,4.8,-3.3,3.21,-2.5,6,0,934.7,252,0.3,1.6,0,0,0,0,0,0,0,260,100,28,97
TAE,2000,12,29,5,-1.9,91,4.9,-3.2,3.28,-2.4,6.2,0,934.8,214,0.6,1.9,0,0,0,0,0,0,0,262,100,28,97
TAE,2000,12,29,6,-1.9,91.6,4.9,-3.1,3.28,-2.3,6.2,0,935.3,304,0.5,3.4,0,0,0,0,0,0,0,264,100,28,97
TAE,2000,12,29,7,-1.6,89.3,4.9,-3.1,3.27,-2.1,6.5,0,936,254,0.9,2.8,12,4,12,8,11,10,7,266,100,28,97
TAE,2000,12,29,8,-0.9,87.5,5,-2.7,3.34,-1.6,7.4,0,936.7,249,0.9,4.5,10,0,10,6,6,6,6,268,100,28,97
TAE,2000,12,29,9,0,84.1,5.1,-2.4,3.4,-0.9,8.5,0,937.4,255,1.3,4,17,0,17,11,11,10,10,270,100,28,97
TAE,2000,12,29,10,0.4,81.9,5.2,-2.3,3.47,-0.6,9.1,0,937.7,233,1.5,3.9,29,0,29,18,18,17,18,272,100,28,97
TAE,2000,12,29,11,0.6,82,5.2,-2.1,3.47,-0.4,9.3,0,938.2,264,2,6.1,30,0,30,19,18,18,18,274,100,28,97
TAE,2000,12,29,12,0.8,82.8,5.4,-1.8,3.6,-0.2,9.8,0,938.2,228,1.7,4.4,45,0,45,28,28,27,27,275,100,28,97
TAE,2000,12,29,13,0.7,83.9,5.4,-1.7,3.6,-0.2,9.7,0.1,938.5,254,1.9,4.4,34,0,34,22,21,20,21,274,100,28,97
TAE,2000,12,29,14,0,92.1,5.6,-1.1,3.73,-0.4,9.3,0.7,938.8,286,0.8,2.5,7,0,7,4,4,4,4,274,100,28,97
TAE,2000,12,29,15,0.4,86.7,5.4,-1.6,3.6,-0.4,9.4,0.3,938.9,215,2,5.9,0,0,0,0,0,0,0,273,100,28,97
TAE,2000,12,29,16,0.4,89.4,5.6,-1.1,3.73,-0.2,9.7,0.9,939.6,228,1.6,4.8,0,0,0,0,0,0,0,272,100,28,97
TAE,2000,12,29,17,0.5,88.7,5.6,-1.1,3.73,-0.1,9.8,0.9,939.9,245,1.5,6.9,0,0,0,0,0,0,0,271,100,28,97
TAE,2000,12,29,18,0.5,84,5.3,-1.9,3.53,-0.4,9.3,0,940,261,2.4,5.8,0,0,0,0,0,0,0,270,100,28,97
TAE,2000,12,29,19,0.5,82.3,5.2,-2.2,3.46,-0.5,9.1,0,940.1,253,2.1,5.4,0,0,0,0,0,0,0,267,100,28,97
TAE,2000,12,29,20,0.5,84.7,5.4,-1.8,3.59,-0.4,9.5,0,939.9,248,1.1,4,0,0,0,0,0,0,0,264,100,28,97
TAE,2000,12,29,21,0.4,85,5.4,-1.8,3.6,-0.4,9.4,0,939.2,232,1.2,3.8,0,0,0,0,0,0,0,260,100,28,97
TAE,2000,12,29,22,-0.7,87.8,5.1,-2.5,3.4,-1.4,7.8,0,938.8,231,0.6,3.3,0,0,0,0,0,0,0,257,100,28,97
TAE,2000,12,29,23,-2.7,92.6,4.7,-3.7,3.13,-3,5.1,0,938.2,236,0.4,2,0,0,0,0,0,0,0,251,88,28,97
TAE,2000,12,30,0,-1.7,88.2,4.8,-3.4,3.2,-2.3,6.3,0,937.4,252,0.4,1.9,0,0,0,0,0,0,0,251,100,28,97
TAE,2000,12,30,1,-1.4,87.5,4.8,-3.2,3.2,-2,6.6,0,937.3,180,0.5,2.7,0,0,0,0,0,0,0,251,100,28,97
TAE,2000,12,30,2,-2.1,88.8,4.7,-3.7,3.14,-2.7,5.7,0,937,63,0.3,1.2,0,0,0,0,0,0,0,251,100,28,97
TAE,2000,12,30,3,-1.6,87.7,4.8,-3.4,3.2,-2.2,6.4,0,936.7,288,0.4,4.1,0,0,0,0,0,0,0,251,100,28,97
TAE,2000,12,30,4,-1.3,89.6,5,-2.8,3.34,-1.8,7,0,936.2,45,0.6,2.2,0,0,0,0,0,0,0,250,100,28,97
TAE,2000,12,30,5,-2.4,88.4,4.6,-4.1,3.07,-3,5.2,0,936.5,195,1.4,5.1,0,0,0,0,0,0,0,247,88,28,97
TAE,2000,12,30,6,-0.6,82.5,4.8,-3.2,3.2,-1.5,7.4,0,936.9,211,2.4,6.5,0,0,0,0,0,0,0,250,100,28,97
TAE,2000,12,30,7,-0.4,82.6,4.9,-3,3.27,-1.4,7.7,0,937.1,213,2.9,6.6,2,0,2,1,1,1,1,249,88,28,97
TAE,2000,12,30,8,0.1,79.3,4.9,-3,3.27,-1,8.2,0.1,937.6,206,2.6,6.8,65,36,58,36,59,66,35,253,100,28,97
TAE,2000,12,30,9,0.5,75.5,4.8,-3.3,3.2,-0.9,8.5,0,938.1,203,3.4,7.3,17,0,17,11,11,10,10,255,100,28,97
TAE,2000,12,30,10,0.7,73.6,4.7,-3.5,3.13,-0.8,8.5,0,938.4,225,3.7,7.9,247,400,123,81,206,476,80,247,63,28,97
TAE,2000,12,30,11,1,72.6,4.8,-3.4,3.19,-0.6,9,0,939.3,248,3.8,8.9,169,57,150,93,93,150,102,258,100,28,97
TAE,2000,12,30,12,1.1,70.8,4.7,-3.6,3.13,-0.6,8.9,0,939.9,253,4.4,10.7,139,46,125,78,77,123,92,258,100,28,97
TAE,2000,12,30,13,0.6,69.9,4.5,-4.2,2.99,-1.1,8.1,0,940.9,252,2.6,7.9,15,0,15,9,9,9,9,255,100,28,97
TAE,2000,12,30,14,0.7,68.5,4.4,-4.4,2.92,-1.1,8,0,941.8,252,2.1,4.5,7,0,7,4,4,4,4,252,100,28,97
TAE,2000,12,30,15,0,72.2,4.4,-4.4,2.92,-1.6,7.3,0,942.9,267,1.7,4.3,0,0,0,0,0,0,0,247,88,28,97
TAE,2000,12,30,16,-1.7,75.9,4.1,-5.4,2.71,-2.9,5,0,944.1,266,1.3,3.5,0,0,0,0,0,0,0,240,68,28,97
TAE,2000,12,30,17,-3.2,81,3.9,-6,2.58,-4.1,3.2,0,945.2,270,1,2.5,0,0,0,0,0,0,0,238,75,28,97
TAE,2000,12,30,18,-2.9,81.1,4,-5.7,2.64,-3.8,3.6,0,946.1,257,1.7,3,0,0,0,0,0,0,0,237,75,28,97
TAE,2000,12,30,19,-3,82.2,4,-5.6,2.64,-3.9,3.5,0,947,250,1.1,2.9,0,0,0,0,0,0,0,238,75,28,97
TAE,2000,12,30,20,-3.3,83.2,4,-5.7,2.63,-4.1,3.2,0,948.4,234,1.4,5.4,0,0,0,0,0,0,0,238,68,28,97
TAE,2000,12,30,21,-4.4,84.9,3.8,-6.6,2.5,-5.1,1.8,0,949.7,263,0.9,3,0,0,0,0,0,0,0,244,88,28,97
TAE,2000,12,30,22,-2.9,79.9,3.9,-5.9,2.56,-3.9,3.4,0,950.4,258,1.4,5.2,0,0,0,0,0,0,0,246,88,28,97
TAE,2000,12,30,23,-3,80.4,4,-5.9,2.63,-3.9,3.5,0,951.2,238,1.3,6,0,0,0,0,0,0,0,250,100,28,97
TAE,2000,12,31,0,-2.1,76.1,4,-5.7,2.63,-3.3,4.4,0,951.5,202,3.5,7.2,0,0,0,0,0,0,0,251,100,23,97
TAE,2000,12,31,1,-2,75.9,4,-5.7,2.62,-3.2,4.5,0,952,225,2.2,6,0,0,0,0,0,0,0,249,100,23,97
TAE,2000,12,31,2,-1.8,76.5,4.1,-5.4,2.69,-3,4.9,0,952.9,241,2.2,5.9,0,0,0,0,0,0,0,248,100,23,97
TAE,2000,12,31,3,-1.8,76.9,4.1,-5.3,2.69,-3,4.9,0,953,239,2.3,5.9,0,0,0,0,0,0,0,246,100,23,97
TAE,2000,12,31,4,-1.8,74.9,4,-5.7,2.62,-3.1,4.7,0,953.3,235,2.1,6.3,0,0,0,0,0,0,0,245,100,23,97
TAE,2000,12,31,5,-1.7,74.4,4,-5.6,2.62,-3,4.8,0,954.2,230,1.6,3.7,0,0,0,0,0,0,0,243,100,23,97
TAE,2000,12,31,6,-1.6,76.3,4.1,-5.2,2.68,-2.8,5.1,0,954.5,225,1.5,3.8,0,0,0,0,0,0,0,242,100,23,97
TAE,2000,12,31,7,-2.4,78.6,4.1,-5.6,2.68,-3.5,4.3,0,955,246,1.3,3.6,28,154,16,9,127,116,9,239,88,23,97
TAE,2000,12,31,8,-2.7,81,4.1,-5.5,2.68,-3.6,3.9,0,955.1,214,0.8,2.1,129,327,73,41,261,311,41,236,68,23,97
TAE,2000,12,31,9,-3.1,80.6,3.9,-6,2.55,-4,3.2,0,955.4,243,0.2,1.5,189,237,127,72,196,299,71,236,68,23,97
TAE,2000,12,31,10,-1.7,75.7,4.1,-5.4,2.68,-2.9,5,0,955.3,180,0.1,1.2,237,254,157,89,170,351,87,236,68,23,97
TAE,2000,12,31,11,-0.7,71.2,4.1,-5.3,2.68,-2.3,6,0,954.8,0,0,1.2,238,214,167,96,111,321,117,235,60,23,97
TAE,2000,12,31,12,-0.5,72.4,4.3,-4.8,2.81,-2,6.5,0,954.5,82,0.7,2.5,157,50,142,85,84,131,101,237,75,23,97
TAE,2000,12,31,13,-0.3,72.1,4.3,-4.7,2.82,-1.8,6.7,0,953.8,59,1.2,3.2,172,257,112,64,63,299,212,231,55,23,97
TAE,2000,12,31,14,-0.9,74.1,4.2,-4.9,2.75,-2.3,5.9,0,954,49,1,2.5,88,212,60,34,34,197,187,228,60,23,97
TAE,2000,12,31,15,-3.8,79.5,3.7,-6.8,2.42,-4.7,2.2,0,953.3,153,0.3,1.5,0,0,0,0,0,0,0,223,45,23,97
TAE,2000,12,31,16,-5.8,82.3,3.3,-8.3,2.17,-6.5,-0.5,0,953.3,0,0,0.7,0,0,0,0,0,0,0,222,55,23,97
TAE,2000,12,31,17,-7.1,83.8,3,-9.4,1.99,-7.8,-2.3,0,953.1,180,0.1,1.2,0,0,0,0,0,0,0,226,100,23,97
TAE,2000,12,31,18,-7.7,84.3,2.9,-9.9,1.92,-8.3,-3,0,952.9,0,0,0.6,0,0,0,0,0,0,0,218,60,23,97
TAE,2000,12,31,19,-8.4,84.9,2.8,-10.5,1.83,-8.9,-3.9,0,952.6,135,0.1,1.4,0,0,0,0,0,0,0,218,60,23,97
TAE,2000,12,31,20,-8.3,85.4,2.8,-10.3,1.86,-8.8,-3.8,0,952.2,153,0.4,1.3,0,0,0,0,0,0,0,219,60,23,97
TAE,2000,12,31,21,-7.9,86.4,3,-9.7,1.98,-8.4,-3,0,951.7,135,0.2,1.2,0,0,0,0,0,0,0,225,88,23,97
TAE,2000,12,31,22,-7.3,86.8,3.2,-9.2,2.09,-7.8,-2.2,0,951.2,198,0.4,1.8,0,0,0,0,0,0,0,228,100,23,97
TAE,2000,12,31,23,-6.1,86.7,3.5,-8,2.3,-6.7,-0.5,0,950.5,180,0.4,1.8,0,0,0,0,0,0,0,228,100,23,97
