station,time.yy,time.mm,time.dd,time.hh,temp,relhum,vappres,dewpt,mixratio,wetbulb,enthalpy,precip,airpres,winddir,windmean,windmax,rad.global,rad.direct,rad.diffus,rad.vert.N,rad.vert.E,rad.vert.S,rad.vert.W,ir.horiz,cloudcov,albedo,emissivity
WAE,2023,1,1,0,6.2,75.3,7.4,2.1,4.82,4.4,18.3,0,961.9,270,0.5,1.6,0,0,0,0,0,0,0,292,0,26,97
WAE,2023,1,1,1,7.5,75.7,8.1,3.4,5.26,5.6,20.7,0,963.4,220,1,2.9,0,0,0,0,0,0,0,328,0,24,97
WAE,2023,1,1,2,8.3,76.3,8.5,4.3,5.54,6.4,22.3,0,964.5,198,1.1,3.4,0,0,0,0,0,0,0,337,0,24,97
WAE,2023,1,1,3,9,77.2,8.9,5.2,5.82,7.2,23.7,0,965.7,238,1.2,4,0,0,0,0,0,0,0,317,0,24,97
WAE,2023,1,1,4,9.4,77.6,9.2,5.7,5.96,7.6,24.5,0,966.4,247,1.5,5,0,0,0,0,0,0,0,294,0,24,97
WAE,2023,1,1,5,9.3,77.9,9.1,5.6,5.91,7.4,24.2,0,966.6,180,2.3,4.4,0,0,0,0,0,0,0,276,0,24,97
WAE,2023,1,1,6,9,78.6,9,5.4,5.86,7.2,23.8,0,966.8,180,1.2,3.5,0,0,0,0,0,0,0,274,0,24,97
WAE,2023,1,1,7,8.7,80.2,9,5.5,5.87,7.1,23.5,0,967,196,1,3.3,0,0,0,0,0,0,0,303,0,24,97
WAE,2023,1,1,8,8.3,83.2,9.1,5.6,5.91,7,23.2,0,967.4,207,0.7,2.8,27,175,14,9,143,127,8,317,8,24,97
WAE,2023,1,1,9,9.3,80.2,9.4,6.1,6.1,7.7,24.7,0,967.5,207,0.7,2,142,576,46,30,412,487,30,338,0,24,97
WAE,2023,1,1,10,10.1,77.2,9.5,6.3,6.17,8.1,25.7,0,967.6,135,0.5,1.8,250,745,56,42,402,715,43,332,23,24,97
WAE,2023,1,1,11,12.3,69,9.9,6.8,6.43,9.4,28.6,0,967,194,0.7,2.3,326,745,89,59,275,797,60,329,39,24,97
WAE,2023,1,1,12,12.1,69.6,9.8,6.7,6.37,9.3,28.2,0,966.4,315,0.5,1.3,327,723,84,58,96,786,112,335,25,24,97
WAE,2023,1,1,13,13.9,61.9,9.8,6.7,6.38,10.1,30.1,0,965.7,194,0.6,1.5,335,783,92,59,59,830,321,309,29,24,97
WAE,2023,1,1,14,13.5,65.7,10.2,7.2,6.64,10.1,30.3,0,965.3,127,0.6,1.3,255,759,68,45,45,726,447,278,29,24,97
WAE,2023,1,1,15,13.6,60,9.3,6,6.05,9.6,29,0,965.2,171,1.4,2.5,109,390,44,29,29,338,290,290,33,24,97
WAE,2023,1,1,16,11,69.7,9.2,5.7,5.98,8.3,26.1,0,965.4,300,0.8,1.6,4,0,4,3,3,3,3,312,33,24,97
WAE,2023,1,1,17,9.9,73.4,9,5.4,5.85,7.6,24.7,0,965.3,240,0.8,2.6,0,0,0,0,0,0,0,330,6,24,97
WAE,2023,1,1,18,9.6,77.3,9.2,5.8,5.99,7.7,24.7,0,965,252,0.7,2,0,0,0,0,0,0,0,340,19,24,97
WAE,2023,1,1,19,10.2,74.5,9.2,5.9,5.99,8,25.3,0,965.2,300,1.1,2.8,0,0,0,0,0,0,0,338,25,24,97
WAE,2023,1,1,20,10.1,75.6,9.4,6,6.12,8,25.6,0,965.1,143,0.8,2,0,0,0,0,0,0,0,338,25,24,97
WAE,2023,1,1,21,9.6,76,9.1,5.6,5.92,7.6,24.6,0,964.9,193,1.4,3.3,0,0,0,0,0,0,0,333,33,24,97
WAE,2023,1,1,22,8.6,78.7,8.8,5.1,5.73,6.9,23,0,964.6,166,0.8,1.9,0,0,0,0,0,0,0,321,38,24,97
WAE,2023,1,1,23,7.9,82,8.7,5,5.66,6.5,22.2,0,964.4,243,0.6,1.6,0,0,0,0,0,0,0,336,50,24,97
WAE,2023,1,2,0,8.5,79.2,8.8,5.1,5.73,6.8,22.9,0,964.4,301,0.9,2.3,0,0,0,0,0,0,0,327,59,24,97
WAE,2023,1,2,1,9.3,75.3,8.8,5.2,5.73,7.3,23.8,0,964.2,252,1.5,5,0,0,0,0,0,0,0,320,69,26,97
WAE,2023,1,2,2,9,76.6,8.8,5.1,5.73,7.1,23.5,0,964.1,229,2.8,5,0,0,0,0,0,0,0,304,56,26,97
WAE,2023,1,2,3,7.5,81.9,8.5,4.6,5.53,6.1,21.4,0,963.7,198,1,2.6,0,0,0,0,0,0,0,304,51,26,97
WAE,2023,1,2,4,7.5,81.4,8.4,4.5,5.47,6,21.3,0,963.4,270,0.6,2.3,0,0,0,0,0,0,0,324,84,26,97
WAE,2023,1,2,5,8.3,74.1,8.1,4,5.27,6.2,21.6,0,963.4,259,0.7,2.1,0,0,0,0,0,0,0,307,51,26,97
WAE,2023,1,2,6,8.1,71.2,7.7,3.2,5.01,5.8,20.7,0,963.5,239,0.7,2.6,0,0,0,0,0,0,0,297,36,26,97
WAE,2023,1,2,7,8.1,72.4,7.8,3.4,5.08,5.9,20.9,0,963.7,236,1.1,2.7,0,0,0,0,0,0,0,301,46,26,97
WAE,2023,1,2,8,8.6,71.8,8,3.8,5.2,6.3,21.7,0,964.2,225,0.7,2.2,17,101,8,5,82,75,5,335,100,26,97
WAE,2023,1,2,9,9.2,71.9,8.3,4.4,5.4,6.8,22.8,0,964.7,225,1,3,84,87,70,43,103,112,41,333,94,26,97
WAE,2023,1,2,10,9.9,72,8.8,5.1,5.72,7.5,24.4,0,965.3,104,0.5,1.9,131,69,113,69,104,132,67,341,100,26,97
WAE,2023,1,2,11,10.8,70,9,5.6,5.85,8.1,25.6,0,965.2,252,0.7,1.6,188,192,127,76,143,272,74,344,100,26,97
WAE,2023,1,2,12,12.8,60.5,8.9,5.4,5.79,9,27.5,0,965.4,229,1,2.5,211,209,141,85,104,302,105,342,94,26,97
WAE,2023,1,2,13,13.7,50.3,7.9,3.6,5.13,8.6,26.7,0,965.8,243,1.2,3.1,229,384,112,74,73,443,212,339,84,26,97
WAE,2023,1,2,14,13.5,50.1,7.7,3.3,5,8.4,26.2,0,965.9,180,0.9,3.3,122,86,98,60,60,140,103,347,100,26,97
WAE,2023,1,2,15,13.4,49.1,7.5,2.9,4.86,8.2,25.8,0,966.7,235,1.8,6,45,17,42,26,26,39,36,345,100,26,97
WAE,2023,1,2,16,13.2,51,7.7,3.3,4.99,8.3,25.9,0,967.5,257,1.8,6.4,1,0,1,0,0,0,0,344,100,26,97
WAE,2023,1,2,17,12.6,53.3,7.8,3.4,5.05,8.1,25.4,0,968.3,270,2.9,6.4,0,0,0,0,0,0,0,342,100,26,97
WAE,2023,1,2,18,11.7,59.1,8.1,4,5.24,7.9,25,0,968.7,231,2.4,4.4,0,0,0,0,0,0,0,341,100,26,97
WAE,2023,1,2,19,10.6,65.5,8.4,4.4,5.44,7.5,24.4,0,969.1,221,1.9,3.6,0,0,0,0,0,0,0,332,88,26,97
WAE,2023,1,2,20,10.4,67.3,8.5,4.6,5.5,7.5,24.3,0,969.7,233,2,3.7,0,0,0,0,0,0,0,340,100,26,97
WAE,2023,1,2,21,10.8,66.7,8.7,4.9,5.63,7.8,25,0,970.1,259,2.3,4.7,0,0,0,0,0,0,0,339,100,26,97
WAE,2023,1,2,22,10.5,72,9.1,5.7,5.89,8.1,25.4,0,970.6,259,2.6,5.5,0,0,0,0,0,0,0,339,100,26,97
WAE,2023,1,2,23,10,76.3,9.4,6,6.08,8,25.4,0,971.1,265,2.6,4.9,0,0,0,0,0,0,0,339,100,26,97
WAE,2023,1,3,0,9.6,80.6,9.6,6.4,6.21,8,25.3,0,971.1,246,2.6,5,0,0,0,0,0,0,0,338,100,26,97
WAE,2023,1,3,1,9,86.6,9.9,6.9,6.41,7.9,25.2,0,971.2,253,1.8,4.2,0,0,0,0,0,0,0,338,100,27,97
WAE,2023,1,3,2,8.4,93,10.3,7.3,6.67,7.8,25.2,0.3,971.4,180,0.7,1.6,0,0,0,0,0,0,0,337,100,27,97
WAE,2023,1,3,3,7.8,96.8,10.2,7.3,6.6,7.5,24.4,0,970.9,135,0.7,1.8,0,0,0,0,0,0,0,337,100,27,97
WAE,2023,1,3,4,7.7,96.3,10.1,7.1,6.54,7.4,24.2,0.1,971,315,0.7,1.3,0,0,0,0,0,0,0,336,100,27,97
WAE,2023,1,3,5,7.4,93.8,9.7,6.5,6.28,6.9,23.2,0.1,971,288,1.3,3.3,0,0,0,0,0,0,0,335,100,27,97
WAE,2023,1,3,6,7.2,95.9,9.8,6.6,6.34,6.9,23.2,0.1,971.5,153,0.3,0.7,0,0,0,0,0,0,0,334,100,27,97
WAE,2023,1,3,7,7.2,93.1,9.4,6.2,6.07,6.7,22.5,0.9,972,280,1.2,2.9,0,0,0,0,0,0,0,334,100,27,97
WAE,2023,1,3,8,6.9,93.3,9.3,5.9,6.01,6.4,22,0.1,972.3,297,1,2.2,10,12,9,5,14,13,5,335,100,27,97
WAE,2023,1,3,9,7,93.8,9.4,6.1,6.07,6.5,22.3,0.1,972.8,225,0.4,1.1,42,74,33,21,75,75,20,336,100,27,97
WAE,2023,1,3,10,7.2,92.8,9.4,6.1,6.07,6.6,22.5,0.4,973.2,315,0.3,0.9,43,0,43,27,27,26,26,337,100,27,97
WAE,2023,1,3,11,7.4,95.8,9.8,6.8,6.33,7.1,23.3,0.3,973,346,0.4,0.8,40,0,40,25,25,24,24,338,100,27,97
WAE,2023,1,3,12,7.4,97,10,7,6.46,7.2,23.7,0.5,972.8,14,0.4,1,40,0,40,25,25,24,24,339,100,27,97
WAE,2023,1,3,13,7.4,94.7,9.8,6.6,6.33,7,23.3,0.2,972.8,320,0.9,2.3,23,0,23,14,14,13,14,339,100,27,97
WAE,2023,1,3,14,7.3,94.2,9.6,6.4,6.2,6.8,22.9,0.9,972.8,315,0.6,2.2,11,0,11,7,7,7,7,337,100,27,97
WAE,2023,1,3,15,7.3,94.6,9.7,6.5,6.26,6.9,23.1,0,973.1,315,0.2,0.8,12,0,12,8,8,7,7,335,100,27,97
WAE,2023,1,3,16,7.2,93.5,9.5,6.2,6.13,6.7,22.6,0.1,973.1,173,0.8,1.8,1,0,1,1,1,0,0,329,100,27,97
WAE,2023,1,3,17,6.6,94.5,9.2,5.8,5.93,6.2,21.5,0,973.4,135,0.5,2,0,0,0,0,0,0,0,322,78,27,97
WAE,2023,1,3,18,6.4,94,9,5.5,5.8,6,21,0,973.5,174,1.9,3,0,0,0,0,0,0,0,310,54,27,97
WAE,2023,1,3,19,5.9,95.1,8.9,5.2,5.74,5.6,20.3,0,973.5,207,0.4,1,0,0,0,0,0,0,0,302,36,27,97
WAE,2023,1,3,20,5.4,98.3,8.8,5.2,5.67,5.3,19.7,0,973.7,162,0.6,1.8,0,0,0,0,0,0,0,290,6,27,97
WAE,2023,1,3,21,4.7,99.5,8.5,4.6,5.48,4.7,18.5,0,973.7,194,0.5,1.3,0,0,0,0,0,0,0,295,33,27,97
WAE,2023,1,3,22,4.9,98.5,8.5,4.7,5.48,4.8,18.7,0,973.9,171,0.7,1.5,0,0,0,0,0,0,0,279,0,27,97
WAE,2023,1,3,23,4.8,96.6,8.3,4.3,5.35,4.6,18.2,0,973.7,153,0.4,1.6,0,0,0,0,0,0,0,274,0,27,97
WAE,2023,1,4,0,4.6,99.5,8.4,4.5,5.41,4.6,18.2,0,973.7,72,0.6,1.4,0,0,0,0,0,0,0,275,10,27,97
WAE,2023,1,4,1,4.7,97.5,8.4,4.3,5.42,4.5,18.3,0,973.2,108,0.4,1.4,0,0,0,0,0,0,0,296,44,28,97
WAE,2023,1,4,2,4.7,98.7,8.5,4.5,5.48,4.6,18.5,0,973.6,108,0.6,1.9,0,0,0,0,0,0,0,290,6,28,97
WAE,2023,1,4,3,5,97.7,8.5,4.7,5.48,4.9,18.8,0,973.5,135,0.4,1.5,0,0,0,0,0,0,0,287,0,28,97
WAE,2023,1,4,4,5.1,97.3,8.6,4.7,5.55,4.9,19,0,973.2,146,0.4,1.2,0,0,0,0,0,0,0,287,6,28,97
WAE,2023,1,4,5,4.6,97.6,8.3,4.3,5.35,4.5,18,0,973,143,1.1,2.3,0,0,0,0,0,0,0,287,20,28,97
WAE,2023,1,4,6,4.4,97.5,8.2,4,5.29,4.2,17.7,0,973.2,162,1,2,0,0,0,0,0,0,0,297,38,28,97
WAE,2023,1,4,7,3.9,97.7,7.9,3.6,5.09,3.8,16.7,0,973.2,180,0.5,1.8,0,0,0,0,0,0,0,296,36,28,97
WAE,2023,1,4,8,4.4,93.7,7.8,3.5,5.02,4,17,0,973.4,233,1.1,3,10,8,9,6,12,11,6,314,78,28,97
WAE,2023,1,4,9,5.6,92.7,8.4,4.5,5.41,5.1,19.2,0,973.6,236,0.7,3,49,8,47,30,35,34,29,323,100,28,97
WAE,2023,1,4,10,6.5,88.7,8.6,4.8,5.54,5.7,20.4,0,973.6,127,0.6,2.4,61,1,61,38,39,38,37,326,100,28,97
WAE,2023,1,4,11,6.4,91.8,8.8,5.2,5.68,5.8,20.7,0,972.8,90,1.3,3.3,98,8,95,60,62,66,58,330,100,28,97
WAE,2023,1,4,12,6.8,89.3,8.9,5.2,5.75,6,21.3,0,972.1,122,1.2,2.6,124,20,117,74,76,91,71,334,100,28,97
WAE,2023,1,4,13,6.7,87.8,8.6,4.8,5.55,5.8,20.7,0,971.7,119,1.5,3.6,24,0,24,15,15,14,15,336,100,28,97
WAE,2023,1,4,14,7.8,80.3,8.5,4.6,5.49,6.2,21.6,0,971.3,248,2.2,5.1,28,0,28,17,17,16,17,335,100,28,97
WAE,2023,1,4,15,8.2,76.1,8.3,4.2,5.36,6.3,21.7,0,971.3,230,2.2,4.8,10,0,10,6,6,6,6,335,100,28,97
WAE,2023,1,4,16,8.8,70.2,7.9,3.7,5.1,6.3,21.7,0,971.4,250,2.2,7.9,1,0,1,1,1,1,1,334,100,28,97
WAE,2023,1,4,17,8.3,76.9,8.4,4.5,5.43,6.4,22,0,971.3,252,1.2,5.4,0,0,0,0,0,0,0,333,100,28,97
WAE,2023,1,4,18,7.2,88.7,9,5.5,5.82,6.4,21.9,0,970.7,171,1,3.9,0,0,0,0,0,0,0,333,100,28,97
WAE,2023,1,4,19,8.1,83.1,8.9,5.4,5.76,6.8,22.6,0,970.4,248,1.5,8.1,0,0,0,0,0,0,0,333,100,28,97
WAE,2023,1,4,20,8.6,78.1,8.6,5,5.56,6.8,22.6,0,970.5,263,1.5,6.2,0,0,0,0,0,0,0,333,100,28,97
WAE,2023,1,4,21,8,81.5,8.7,5,5.63,6.5,22.2,0,969.9,124,1.5,6.3,0,0,0,0,0,0,0,334,100,28,97
WAE,2023,1,4,22,9,74.1,8.5,4.6,5.5,6.8,22.9,0,969.7,287,1.7,4.8,0,0,0,0,0,0,0,334,100,28,97
WAE,2023,1,4,23,8.4,77.8,8.5,4.8,5.5,6.6,22.3,0,969.7,304,1.5,4.7,0,0,0,0,0,0,0,335,100,28,97
WAE,2023,1,5,0,8.1,85.6,9.2,5.8,5.96,6.9,23.1,0.7,969.7,180,1.5,4.9,0,0,0,0,0,0,0,335,100,28,97
WAE,2023,1,5,1,7.4,89.4,9.2,5.8,5.96,6.6,22.4,0,969,151,1.9,3.9,0,0,0,0,0,0,0,336,100,27,98
WAE,2023,1,5,2,7.4,92.3,9.5,6.2,6.16,6.8,22.9,0.1,968.7,135,0.8,3,0,0,0,0,0,0,0,336,100,27,98
WAE,2023,1,5,3,7.4,93.6,9.6,6.4,6.23,6.9,23.1,0.5,968.3,129,1.4,2.9,0,0,0,0,0,0,0,337,100,27,98
WAE,2023,1,5,4,7.2,92.2,9.3,6,6.03,6.6,22.4,1,968.3,142,1.9,4.9,0,0,0,0,0,0,0,333,88,27,98
WAE,2023,1,5,5,7.1,94,9.5,6.2,6.16,6.6,22.6,0.3,968.2,150,1,3.4,0,0,0,0,0,0,0,338,100,27,98
WAE,2023,1,5,6,6.8,95.9,9.5,6.2,6.16,6.5,22.3,1.1,968.5,130,1.5,3.8,0,0,0,0,0,0,0,338,100,27,98
WAE,2023,1,5,7,8.1,92.3,10,6.9,6.49,7.5,24.5,0.1,968.6,287,1.2,3.6,0,0,0,0,0,0,0,339,100,27,98
WAE,2023,1,5,8,7.3,95,9.7,6.6,6.29,6.9,23.1,0,969,126,1.3,4.1,1,0,1,1,1,1,1,340,94,27,98
WAE,2023,1,5,9,8.2,93.3,10.1,7.2,6.55,7.7,24.7,0,969.5,174,1.4,3.7,10,0,10,6,6,6,6,342,94,27,98
WAE,2023,1,5,10,9.9,87.5,10.6,7.9,6.87,8.8,27.3,0,970,283,1.6,4.7,12,0,12,8,8,7,7,339,100,27,98
WAE,2023,1,5,11,10.8,81.6,10.6,7.8,6.87,9.2,28.2,0,969.7,256,3.2,8.1,97,26,89,55,64,79,53,332,84,27,98
WAE,2023,1,5,12,11.4,78.5,10.6,7.8,6.88,9.5,28.8,0,969.3,270,2.7,7,90,10,87,54,54,62,54,347,94,27,98
WAE,2023,1,5,13,11.4,78.9,10.6,7.9,6.88,9.5,28.8,0,969,246,3,5.8,36,0,36,23,23,22,22,347,100,27,98
WAE,2023,1,5,14,11.4,79.1,10.6,7.9,6.88,9.5,28.8,0,969,299,1.6,4.8,26,0,26,16,16,15,16,346,100,27,98
WAE,2023,1,5,15,11,81.6,10.7,8,6.94,9.4,28.6,0,969.3,27,0.7,2.1,7,0,7,4,4,4,4,344,100,27,98
WAE,2023,1,5,16,10.8,82.7,10.7,8,6.94,9.3,28.4,0,969.2,254,0.9,2.4,1,0,1,1,1,1,1,343,100,27,98
WAE,2023,1,5,17,9.9,87.5,10.7,7.9,6.94,8.8,27.4,0,969.3,146,0.8,2.5,0,0,0,0,0,0,0,342,90,27,98
WAE,2023,1,5,18,9.4,88.9,10.5,7.7,6.81,8.5,26.6,0,969.3,164,0.8,2,0,0,0,0,0,0,0,327,60,27,98
WAE,2023,1,5,19,9.1,88.1,10.2,7.2,6.62,8.1,25.8,0,969.1,174,1.2,2.9,0,0,0,0,0,0,0,293,23,27,98
WAE,2023,1,5,20,8.1,88.9,9.6,6.4,6.23,7.2,23.8,0,968.6,193,1,2.6,0,0,0,0,0,0,0,262,19,27,98
WAE,2023,1,5,21,7.2,91.7,9.3,5.9,6.03,6.6,22.4,0,968.5,153,0.7,2.2,0,0,0,0,0,0,0,275,19,27,98
WAE,2023,1,5,22,6.4,91.1,8.8,5.1,5.71,5.8,20.8,0,968.2,180,0.9,2.7,0,0,0,0,0,0,0,301,25,27,98
WAE,2023,1,5,23,5.9,91.4,8.5,4.6,5.51,5.3,19.8,0,967.7,220,1,1.8,0,0,0,0,0,0,0,308,50,27,98
WAE,2023,1,6,0,5.8,87.9,8.1,4,5.25,5,19,0,967.3,162,1.3,4.8,0,0,0,0,0,0,0,305,59,27,98
WAE,2023,1,6,1,5.1,91.4,8,3.8,5.19,4.5,18.1,0,966.8,194,0.8,1.8,0,0,0,0,0,0,0,302,59,28,98
WAE,2023,1,6,2,4.8,93.3,8,3.8,5.19,4.3,17.8,0,966.9,230,0.9,2,0,0,0,0,0,0,0,301,53,28,98
WAE,2023,1,6,3,5,92,8,3.8,5.19,4.4,18,0,966.7,243,0.7,2.2,0,0,0,0,0,0,0,314,94,28,98
WAE,2023,1,6,4,5,91.8,8,3.8,5.19,4.4,18,0,966.5,232,2.4,4.3,0,0,0,0,0,0,0,289,33,28,98
WAE,2023,1,6,5,3.7,94.1,7.5,2.8,4.86,3.3,15.9,0,966.8,135,0.5,1.9,0,0,0,0,0,0,0,291,33,28,98
WAE,2023,1,6,6,3.7,98,7.8,3.4,5.06,3.6,16.4,0,967.1,0,0.3,1.5,0,0,0,0,0,0,0,292,33,28,98
WAE,2023,1,6,7,4.8,95.8,8.3,4.2,5.38,4.5,18.3,0,967.4,225,0.4,1.6,0,0,0,0,0,0,0,293,39,28,98
WAE,2023,1,6,8,4.9,97.1,8.4,4.5,5.45,4.7,18.6,0,967.3,153,0.6,2.4,28,146,16,10,124,109,10,288,29,28,98
WAE,2023,1,6,9,5.3,96.6,8.6,4.8,5.58,5.1,19.3,0,967.6,108,0.5,1.8,77,177,53,34,162,165,33,293,29,28,98
WAE,2023,1,6,10,5.5,96.5,8.7,5,5.64,5.3,19.7,0,968.2,63,0.3,1,22,0,22,14,14,13,13,277,29,28,98
WAE,2023,1,6,11,6.2,92.2,8.7,5,5.64,5.6,20.4,0,968,284,0.9,3.9,26,0,26,16,16,15,16,319,100,28,98
WAE,2023,1,6,12,7.5,85.6,8.9,5.2,5.77,6.4,22,0,967.8,248,1.4,3.9,78,1,78,49,49,47,47,326,94,28,98
WAE,2023,1,6,13,7.8,84.7,9,5.4,5.84,6.6,22.5,0,967.2,252,1.3,4.4,36,0,36,23,23,22,22,337,100,28,98
WAE,2023,1,6,14,8.5,78.5,8.7,5,5.65,6.8,22.7,0,966.8,270,3.2,6,112,65,96,59,59,118,95,324,68,28,98
WAE,2023,1,6,15,8.1,77.2,8.3,4.4,5.39,6.3,21.7,0,966.4,252,1.4,4.5,21,0,21,15,15,14,14,320,63,28,98
WAE,2023,1,6,16,7,85,8.5,4.7,5.52,5.9,20.9,0,966.4,162,0.7,2.3,6,0,6,5,5,5,5,266,26,28,98
WAE,2023,1,6,17,7.1,83.3,8.4,4.5,5.45,5.8,20.8,0,966.5,204,1.3,2.3,0,0,0,0,0,0,0,293,48,28,98
WAE,2023,1,6,18,7.4,79.1,8.2,4,5.32,5.8,20.8,0,966.8,240,2,3.5,0,0,0,0,0,0,0,305,71,28,98
WAE,2023,1,6,19,7.3,81.1,8.3,4.3,5.38,5.9,20.9,0,967.1,210,1.6,2.6,0,0,0,0,0,0,0,315,94,28,98
WAE,2023,1,6,20,7.4,81.1,8.3,4.4,5.39,6,21,0,966.7,204,2.3,4.1,0,0,0,0,0,0,0,315,100,28,98
WAE,2023,1,6,21,6.7,90.7,8.9,5.3,5.78,6,21.2,0,966.6,90,0.7,2.5,0,0,0,0,0,0,0,319,94,28,98
WAE,2023,1,6,22,6.5,92.8,9,5.4,5.85,6,21.2,0,966.1,207,0.4,1.6,0,0,0,0,0,0,0,315,100,28,98
WAE,2023,1,6,23,6.7,88.1,8.6,4.9,5.59,5.8,20.8,0,965.9,243,0.4,0.9,0,0,0,0,0,0,0,316,100,28,98
WAE,2023,1,7,0,6.7,85.8,8.5,4.5,5.52,5.6,20.6,0,965.5,180,0.6,1.6,0,0,0,0,0,0,0,314,100,28,98
WAE,2023,1,7,1,6.6,86.4,8.4,4.5,5.46,5.6,20.3,0,965,148,1,1.7,0,0,0,0,0,0,0,313,100,28,98
WAE,2023,1,7,2,6,88.2,8.2,4.2,5.33,5.1,19.4,0,964.6,103,1,2.1,0,0,0,0,0,0,0,308,71,28,98
WAE,2023,1,7,3,5.8,87.6,8.1,3.9,5.27,4.9,19.1,0,964.1,106,0.8,2.2,0,0,0,0,0,0,0,299,48,28,98
WAE,2023,1,7,4,5.9,82.1,7.6,3.1,4.95,4.6,18.3,0,963.5,159,0.8,2.1,0,0,0,0,0,0,0,305,84,28,98
WAE,2023,1,7,5,5.4,85.1,7.6,3.1,4.95,4.3,17.8,0,963,108,0.8,2.4,0,0,0,0,0,0,0,308,94,28,98
WAE,2023,1,7,6,5.3,82,7.3,2.5,4.75,4,17.2,0,962.6,135,0.8,2.8,0,0,0,0,0,0,0,299,68,28,98
WAE,2023,1,7,7,5.2,83.7,7.4,2.7,4.82,4.1,17.3,0,962.5,45,0.3,1.2,0,0,0,0,0,0,0,292,40,28,98
WAE,2023,1,7,8,5,86.8,7.6,3,4.95,4.1,17.4,0,962.3,107,1.4,3.2,19,79,14,9,72,60,9,280,6,28,98
WAE,2023,1,7,9,4.8,86.8,7.5,2.8,4.89,3.9,17.1,0,962.2,108,1.2,2.6,35,0,35,22,22,21,21,288,16,28,98
WAE,2023,1,7,10,5,87.2,7.6,3.1,4.95,4.1,17.4,0,962.2,104,1.7,3.4,65,0,65,41,41,39,39,308,53,28,98
WAE,2023,1,7,11,5.4,85,7.6,3.1,4.96,4.3,17.9,0,961.6,99,1.8,3.8,156,79,129,80,102,160,78,311,56,28,98
WAE,2023,1,7,12,6.2,81.2,7.7,3.2,5.02,4.8,18.8,0,960.9,100,2.3,4.6,348,799,71,63,105,858,115,270,20,28,98
WAE,2023,1,7,13,6.8,76.6,7.6,3,4.96,5,19.3,0,959.8,106,2.5,4.7,346,807,85,65,65,855,323,246,0,28,98
WAE,2023,1,7,14,6.8,77.7,7.7,3.2,5.03,5.1,19.5,0,959.4,114,2,4.6,244,685,66,50,50,663,407,244,0,28,98
WAE,2023,1,7,15,6.6,76.3,7.4,2.7,4.84,4.8,18.8,0,959.2,122,1.5,3.2,128,481,44,31,31,410,356,293,35,28,98
WAE,2023,1,7,16,5.9,78.6,7.3,2.5,4.77,4.4,17.9,0,958.8,150,1.5,3.4,10,0,10,7,7,6,6,296,40,28,98
WAE,2023,1,7,17,5,81.4,7.1,2.1,4.64,3.7,16.7,0,958.8,149,1.3,3.1,0,0,0,0,0,0,0,287,26,28,98
WAE,2023,1,7,18,4.3,84.9,7,2,4.57,3.3,15.8,0,958.7,124,0.8,2.6,0,0,0,0,0,0,0,311,94,28,98
WAE,2023,1,7,19,3.9,85.4,6.9,1.7,4.51,2.9,15.2,0,958.5,166,1,2.5,0,0,0,0,0,0,0,311,100,28,98
WAE,2023,1,7,20,3.9,82.8,6.7,1.2,4.38,2.7,14.9,0,958.3,135,0.9,2.4,0,0,0,0,0,0,0,301,81,28,98
WAE,2023,1,7,21,3.5,82.7,6.5,0.8,4.25,2.4,14.1,0,958.3,170,1.3,2.8,0,0,0,0,0,0,0,303,88,28,98
WAE,2023,1,7,22,3.8,80.5,6.5,0.8,4.25,2.5,14.5,0,957.8,187,1,3,0,0,0,0,0,0,0,303,94,28,98
WAE,2023,1,7,23,3.3,84.5,6.5,0.9,4.25,2.3,14,0,957.3,120,0.8,3.1,0,0,0,0,0,0,0,282,64,28,98
WAE,2023,1,8,0,2.9,85.6,6.4,0.7,4.19,2,13.4,0,956.5,180,1.1,4.3,0,0,0,0,0,0,0,280,38,28,98
WAE,2023,1,8,1,3.3,83.2,6.4,0.7,4.19,2.2,13.8,0,955.8,143,0.8,2.4,0,0,0,0,0,0,0,288,54,31,98
WAE,2023,1,8,2,2.8,84.8,6.4,0.5,4.19,1.8,13.3,0,956,158,0.8,3.1,0,0,0,0,0,0,0,298,45,31,98
WAE,2023,1,8,3,3.3,80.2,6.2,0.2,4.07,2,13.5,0,954.5,127,1.2,6.8,0,0,0,0,0,0,0,306,75,31,98
WAE,2023,1,8,4,3,85.6,6.5,0.8,4.27,2.1,13.7,0,954.1,174,1.6,4,0,0,0,0,0,0,0,310,90,31,98
WAE,2023,1,8,5,4.8,72.1,6.2,0.2,4.07,2.8,15,0,954.5,248,2,5.4,0,0,0,0,0,0,0,316,100,31,98
WAE,2023,1,8,6,4.7,80.2,6.8,1.6,4.46,3.3,15.9,0,954.5,162,0.8,4,0,0,0,0,0,0,0,317,100,31,98
WAE,2023,1,8,7,5,79.1,6.9,1.7,4.53,3.5,16.4,0,954.3,153,1.8,3.3,0,0,0,0,0,0,0,318,100,31,98
WAE,2023,1,8,8,5,78.4,6.8,1.6,4.46,3.5,16.2,0,954.2,180,1.1,2.3,1,0,1,1,1,1,1,320,100,31,98
WAE,2023,1,8,9,5.6,77.8,7.1,2,4.66,4,17.3,0,954.8,291,1.1,3.3,11,0,11,7,7,7,7,322,100,31,98
WAE,2023,1,8,10,5.8,83,7.7,3.1,5.06,4.6,18.5,0,954.7,79,1.1,2.4,14,0,14,9,9,8,8,323,100,31,98
WAE,2023,1,8,11,6,85,7.9,3.7,5.19,4.9,19.1,0,953.9,104,0.6,1.6,23,0,23,15,15,14,14,325,100,31,98
WAE,2023,1,8,12,6.4,85.6,8.2,4.2,5.4,5.4,20,0,952.2,121,0.7,1.6,82,4,80,52,52,53,51,327,100,31,98
WAE,2023,1,8,13,6.3,84.6,8.1,3.9,5.34,5.2,19.7,0,951.4,360,0.4,1.1,23,0,23,15,15,14,15,328,100,31,98
WAE,2023,1,8,14,7,78,7.8,3.4,5.14,5.3,20,0,951.1,297,0.6,1.7,12,0,12,8,8,8,8,326,100,31,98
WAE,2023,1,8,15,6.6,85.4,8.3,4.3,5.48,5.5,20.4,0,950,171,0.8,2.1,22,3,22,14,14,16,16,324,100,31,98
WAE,2023,1,8,16,6.4,84.4,8.1,4,5.35,5.3,19.9,0,949.1,270,0.8,2,1,0,1,1,1,1,1,323,100,31,98
WAE,2023,1,8,17,6.2,85.1,8.1,3.9,5.36,5.1,19.7,0,948.5,315,1,2.5,0,0,0,0,0,0,0,321,100,31,98
WAE,2023,1,8,18,6.3,86,8.2,4.1,5.43,5.3,20,0.1,947.8,191,1.1,2.6,0,0,0,0,0,0,0,320,100,31,98
WAE,2023,1,8,19,6,87.4,8.2,4.1,5.43,5.1,19.7,0,947.1,158,1,2.9,0,0,0,0,0,0,0,319,100,31,98
WAE,2023,1,8,20,5.9,91.6,8.5,4.6,5.63,5.3,20.1,0.5,947.1,278,0.9,2.6,0,0,0,0,0,0,0,319,100,31,98
WAE,2023,1,8,21,5.7,93.4,8.6,4.7,5.7,5.2,20,0.2,946.5,153,1,2.9,0,0,0,0,0,0,0,319,100,31,98
WAE,2023,1,8,22,5.8,93.2,8.6,4.8,5.7,5.3,20.1,1.2,946.5,253,1.6,4.5,0,0,0,0,0,0,0,320,100,31,98
WAE,2023,1,8,23,5.9,96.7,8.9,5.4,5.91,5.7,20.8,2.2,945.9,115,1.5,6.5,0,0,0,0,0,0,0,320,100,31,98
WAE,2023,1,9,0,5.9,93.9,8.7,5,5.77,5.5,20.4,0.9,946.5,153,1.9,7.1,0,0,0,0,0,0,0,320,100,31,98
WAE,2023,1,9,1,6,94.2,8.8,5.1,5.84,5.6,20.7,0.6,945.5,163,1.7,3.8,0,0,0,0,0,0,0,318,94,34,98
WAE,2023,1,9,2,5.7,95.4,8.7,5,5.77,5.4,20.2,0.3,946.1,174,1.9,3.9,0,0,0,0,0,0,0,316,81,34,98
WAE,2023,1,9,3,6,88,8.2,4.2,5.43,5.1,19.7,6.6,947.7,262,4.9,13.8,0,0,0,0,0,0,0,320,100,34,98
WAE,2023,1,9,4,4.9,82.4,7.2,2.2,4.76,3.7,16.8,2.7,949,245,9.3,19.8,0,0,0,0,0,0,0,320,100,34,98
WAE,2023,1,9,5,5.6,76.7,7,1.8,4.62,3.9,17.2,0,950.2,251,5.7,12,0,0,0,0,0,0,0,318,100,34,98
WAE,2023,1,9,6,4.8,83.9,7.2,2.3,4.75,3.7,16.7,0.1,950.8,257,4.2,9.3,0,0,0,0,0,0,0,311,84,34,98
WAE,2023,1,9,7,4.6,76.3,6.5,0.8,4.28,3,15.3,0,951.2,260,3.4,10,0,0,0,0,0,0,0,305,54,34,98
WAE,2023,1,9,8,4.1,76.6,6.2,0.4,4.08,2.5,14.3,0,950.9,234,1.4,5.2,33,190,18,12,162,139,12,313,94,34,98
WAE,2023,1,9,9,4.5,72.8,6.1,0.1,4.02,2.6,14.6,0,950.8,281,2.3,5.7,118,343,66,45,291,307,45,317,100,34,98
WAE,2023,1,9,10,5.6,70.9,6.5,0.7,4.28,3.5,16.4,0,950.9,180,1.5,5,123,203,73,50,169,229,50,318,94,34,98
WAE,2023,1,9,11,6.1,71.3,6.7,1.3,4.42,4,17.2,0,950.6,118,1.6,3.8,227,286,134,95,188,372,94,313,71,34,98
WAE,2023,1,9,12,7.3,60.7,6.2,0.2,4.08,4.2,17.6,0,950.6,261,2.5,6.2,177,270,83,59,100,336,59,312,81,34,98
WAE,2023,1,9,13,6.3,68.6,6.6,1,4.35,4,17.2,0.1,951,271,4.2,9.6,36,0,36,24,24,23,23,315,94,34,98
WAE,2023,1,9,14,6.2,67,6.3,0.5,4.15,3.7,16.6,0.1,950.6,267,6.8,14.6,159,286,87,59,59,318,223,299,64,34,98
WAE,2023,1,9,15,5.5,68.6,6.1,0.2,4.01,3.2,15.6,0.4,951.9,258,8,15.9,57,175,21,16,16,161,129,308,94,34,98
WAE,2023,1,9,16,3.6,85.3,6.7,1.4,4.41,2.6,14.6,0.4,952.7,247,7.8,14,7,0,7,7,7,7,7,304,88,34,98
WAE,2023,1,9,17,3.5,86.8,6.8,1.5,4.46,2.6,14.7,2.6,954.2,266,5,12.2,0,0,0,0,0,0,0,306,100,34,98
WAE,2023,1,9,18,3.8,83.5,6.7,1.3,4.4,2.7,14.8,0.6,954.6,254,4.7,11.5,0,0,0,0,0,0,0,302,100,34,98
WAE,2023,1,9,19,3.4,83,6.5,0.8,4.26,2.3,14.1,0.8,955.5,260,6.8,13.6,0,0,0,0,0,0,0,295,81,34,98
WAE,2023,1,9,20,3.1,86.8,6.6,1.1,4.32,2.2,13.9,0,956.3,254,6.3,12.8,0,0,0,0,0,0,0,291,84,34,98
WAE,2023,1,9,21,3.6,81.2,6.4,0.7,4.19,2.4,14.1,0,956.6,251,5.3,10.3,0,0,0,0,0,0,0,300,100,34,98
WAE,2023,1,9,22,3.8,79.7,6.4,0.6,4.19,2.4,14.3,0.5,957,258,3.9,8.6,0,0,0,0,0,0,0,301,100,34,98
WAE,2023,1,9,23,2.8,87.5,6.5,0.9,4.25,2,13.4,3.9,958,256,4.6,9.6,0,0,0,0,0,0,0,301,100,34,98
WAE,2023,1,10,0,2.3,89.7,6.5,0.8,4.25,1.7,12.9,1.5,958.5,251,5.8,11.2,0,0,0,0,0,0,0,301,100,34,98
WAE,2023,1,10,1,3.1,87.7,6.7,1.3,4.37,2.3,14.1,0.8,959.7,248,8.2,14.1,0,0,0,0,0,0,0,300,100,30,98
WAE,2023,1,10,2,3.3,86.7,6.7,1.3,4.37,2.4,14.2,0,961.4,251,8.6,15.7,0,0,0,0,0,0,0,298,100,30,98
WAE,2023,1,10,3,3.1,84.5,6.5,0.7,4.23,2.1,13.7,0,962.5,252,5.2,12.6,0,0,0,0,0,0,0,295,100,30,98
WAE,2023,1,10,4,3.2,84.7,6.5,0.9,4.22,2.2,13.8,0.1,963.7,262,5.2,9.8,0,0,0,0,0,0,0,293,100,30,98
WAE,2023,1,10,5,3,84.1,6.4,0.6,4.15,2,13.4,0,964.6,254,5.2,10.6,0,0,0,0,0,0,0,292,94,30,98
WAE,2023,1,10,6,3,81.7,6.2,0.2,4.02,1.8,13.1,0,965.7,246,5.9,12,0,0,0,0,0,0,0,289,100,30,98
WAE,2023,1,10,7,3,81.4,6.2,0.1,4.02,1.8,13.1,0,966.4,235,5.6,8.8,0,0,0,0,0,0,0,284,94,30,98
WAE,2023,1,10,8,3.3,78.1,6,-0.1,3.88,1.9,13,0,966.9,241,5.6,8.6,20,50,16,10,50,43,10,284,81,30,98
WAE,2023,1,10,9,3.6,78.2,6.2,0.2,4.01,2.2,13.7,0,967.7,252,3.6,5.9,113,243,67,44,208,239,44,288,71,30,98
WAE,2023,1,10,10,4,73.4,6,-0.3,3.88,2.2,13.7,0,968.4,238,2.3,5.7,158,260,94,63,213,289,62,288,71,30,98
WAE,2023,1,10,11,4.9,69.7,6,-0.2,3.88,2.8,14.6,0,968.1,261,2.1,5.3,307,630,95,76,246,692,77,281,48,30,98
WAE,2023,1,10,12,6.2,58,5.5,-1.4,3.55,3,15.1,0,967.9,259,4.4,8.6,364,825,73,70,116,890,124,275,23,30,98
WAE,2023,1,10,13,6.1,60,5.7,-1.1,3.69,3.1,15.4,0,967.4,251,3.2,7,199,314,95,65,65,376,167,280,59,30,98
WAE,2023,1,10,14,5.9,58.6,5.5,-1.6,3.56,2.8,14.9,0,966.8,252,1.8,4.3,277,738,80,60,60,728,453,275,33,30,98
WAE,2023,1,10,15,5.3,63.7,5.7,-1,3.69,2.7,14.6,0,966.8,203,1.3,2.4,143,529,54,38,38,447,408,276,39,30,98
WAE,2023,1,10,16,4,71.7,5.8,-0.6,3.76,2.1,13.4,0,966.2,183,2,3.3,11,0,11,10,10,10,10,273,45,30,98
WAE,2023,1,10,17,3.1,74.6,5.7,-1,3.69,1.4,12.4,0,966,215,2.1,4,0,0,0,0,0,0,0,284,80,30,98
WAE,2023,1,10,18,3.7,70.8,5.6,-1.1,3.63,1.8,12.8,0,966,204,1.7,4.2,0,0,0,0,0,0,0,298,100,30,98
WAE,2023,1,10,19,3.8,69.7,5.6,-1.2,3.63,1.8,12.9,0,966,185,1.1,2.5,0,0,0,0,0,0,0,299,100,30,98
WAE,2023,1,10,20,3.8,69.7,5.6,-1.2,3.63,1.8,12.9,0,966,163,1.1,2.8,0,0,0,0,0,0,0,301,100,30,98
WAE,2023,1,10,21,3.8,72.3,5.8,-0.7,3.76,2,13.2,0,965.8,144,1,3.2,0,0,0,0,0,0,0,304,100,30,98
WAE,2023,1,10,22,4,73.2,6,-0.4,3.89,2.2,13.8,0,965.5,122,1.1,2.7,0,0,0,0,0,0,0,306,100,30,98
WAE,2023,1,10,23,3.9,73.2,5.9,-0.5,3.83,2.1,13.5,0,965.1,162,0.8,2.2,0,0,0,0,0,0,0,299,84,30,98
WAE,2023,1,11,0,3.9,74.4,6,-0.2,3.89,2.2,13.7,0,964.9,150,1,1.9,0,0,0,0,0,0,0,296,75,30,98
WAE,2023,1,11,1,3.6,73.9,5.9,-0.6,3.83,1.9,13.2,0,964.7,157,0.8,1.7,0,0,0,0,0,0,0,308,84,29,98
WAE,2023,1,11,2,2.7,77.9,5.8,-0.8,3.76,1.3,12.1,0,964.5,160,1.2,2,0,0,0,0,0,0,0,302,64,29,98
WAE,2023,1,11,3,2.3,76.7,5.5,-1.4,3.57,0.8,11.2,0,963.9,157,1.6,3,0,0,0,0,0,0,0,310,88,29,98
WAE,2023,1,11,4,1.9,77.1,5.4,-1.7,3.51,0.5,10.7,0,963.2,144,1.5,3.1,0,0,0,0,0,0,0,313,100,29,98
WAE,2023,1,11,5,2.4,78.4,5.7,-1,3.7,1,11.7,0,963,135,1.2,2.9,0,0,0,0,0,0,0,313,100,29,98
WAE,2023,1,11,6,2.3,81.1,5.9,-0.6,3.84,1.1,11.9,0,962.4,202,1,2.6,0,0,0,0,0,0,0,314,100,29,98
WAE,2023,1,11,7,3,77.3,5.8,-0.6,3.77,1.5,12.4,0,962.6,169,1.3,3.1,0,0,0,0,0,0,0,315,100,29,98
WAE,2023,1,11,8,3.3,79,6.1,0,3.97,1.9,13.2,0,962.7,135,0.6,1.6,9,14,8,5,16,13,5,319,100,29,98
WAE,2023,1,11,9,4.3,76.5,6.4,0.5,4.16,2.7,14.8,0,962.5,121,1.1,2.8,56,26,52,33,53,51,32,322,100,29,98
WAE,2023,1,11,10,4.8,74.5,6.4,0.7,4.16,3,15.3,0,962.8,112,1.2,3.8,16,0,16,10,10,10,10,325,100,29,98
WAE,2023,1,11,11,5,73.9,6.5,0.7,4.23,3.1,15.6,0,962.1,139,1.1,3.1,22,0,22,14,14,14,14,328,100,29,98
WAE,2023,1,11,12,4.9,78.7,6.8,1.5,4.43,3.4,16,0.5,962,146,1.3,3.3,17,0,17,11,11,11,11,331,100,29,98
WAE,2023,1,11,13,4.7,84.2,7.2,2.3,4.69,3.6,16.5,0.6,962,131,1,3.2,16,0,16,10,10,10,10,333,100,29,98
WAE,2023,1,11,14,5.2,89.2,7.9,3.6,5.15,4.5,18.1,1.6,962.2,180,1.1,4.1,14,0,14,9,9,9,9,332,100,29,98
WAE,2023,1,11,15,5,92,8,3.8,5.21,4.4,18.1,1.3,962.9,141,1.4,3.6,22,0,22,14,14,13,13,332,100,29,98
WAE,2023,1,11,16,4.5,95.7,8.1,3.9,5.27,4.2,17.7,1.7,963.4,207,1,3.5,1,0,1,1,1,1,1,331,100,29,98
WAE,2023,1,11,17,5.2,94.6,8.4,4.4,5.46,4.8,18.9,0.3,964.5,276,1.4,4.5,0,0,0,0,0,0,0,330,100,29,98
WAE,2023,1,11,18,7.1,88.3,8.9,5.3,5.79,6.2,21.7,0.1,965.1,253,3.7,8.7,0,0,0,0,0,0,0,330,100,29,98
WAE,2023,1,11,19,7.1,85,8.6,4.8,5.59,6,21.2,0.1,965.6,267,3.7,8.3,0,0,0,0,0,0,0,329,100,29,98
WAE,2023,1,11,20,7,81.7,8.2,4.1,5.33,5.6,20.4,0.3,965.9,238,5.5,10.8,0,0,0,0,0,0,0,325,94,29,98
WAE,2023,1,11,21,6.7,80.1,7.9,3.5,5.13,5.2,19.6,0,966.3,242,4.6,8.9,0,0,0,0,0,0,0,319,84,29,98
WAE,2023,1,11,22,6.2,81.5,7.7,3.3,4.99,4.9,18.8,0,966.8,263,3.6,6.9,0,0,0,0,0,0,0,314,71,29,98
WAE,2023,1,11,23,6.1,82.3,7.7,3.3,4.99,4.8,18.7,0,967,256,3,6.2,0,0,0,0,0,0,0,321,81,29,98
WAE,2023,1,12,0,5.9,79.2,7.4,2.6,4.8,4.4,18,0,967,249,3.4,6.8,0,0,0,0,0,0,0,305,64,29,98
WAE,2023,1,12,1,6.4,68.4,6.6,1,4.28,4,17.2,0,966.7,242,4.5,8.4,0,0,0,0,0,0,0,313,88,29,98
WAE,2023,1,12,2,5.8,71.3,6.6,1,4.28,3.7,16.6,0,966.7,240,3.6,8.8,0,0,0,0,0,0,0,309,80,29,98
WAE,2023,1,12,3,4.9,71.6,6.2,0.2,4.01,2.9,15,0,966.7,236,2.7,5.1,0,0,0,0,0,0,0,296,50,29,98
WAE,2023,1,12,4,4.6,71.5,6.1,-0.1,3.95,2.6,14.5,0,966.2,219,2.2,4.3,0,0,0,0,0,0,0,306,79,29,98
WAE,2023,1,12,5,3.7,77.4,6.2,0.1,4.02,2.2,13.8,0,966.1,180,0.7,2.1,0,0,0,0,0,0,0,313,94,29,98
WAE,2023,1,12,6,3.4,89.1,7,1.8,4.54,2.7,14.8,0,966.5,130,1.8,3.2,0,0,0,0,0,0,0,306,88,29,98
WAE,2023,1,12,7,3.3,88.9,6.9,1.6,4.47,2.6,14.5,0,966.4,146,1.5,4.4,0,0,0,0,0,0,0,309,94,29,98
WAE,2023,1,12,8,3.6,87.6,6.9,1.7,4.48,2.8,14.8,0,965.8,122,1.5,4,16,61,10,6,54,48,6,314,100,29,98
WAE,2023,1,12,9,4.4,84.6,7.1,2,4.61,3.3,16,0,966,135,1.7,4.8,8,0,8,5,5,5,5,316,100,29,98
WAE,2023,1,12,10,4.6,84.3,7.2,2.2,4.67,3.5,16.3,0,966.1,117,1.5,3.9,76,10,73,46,51,53,45,319,100,29,98
WAE,2023,1,12,11,5,83.3,7.3,2.4,4.74,3.8,16.9,0,965.9,122,1.1,3.2,33,0,33,21,21,20,20,322,100,29,98
WAE,2023,1,12,12,6.7,72.9,7.1,2.2,4.61,4.7,18.3,0,965.3,167,1.2,3.1,64,0,64,41,40,39,39,324,100,29,98
WAE,2023,1,12,13,7.6,67.4,7,2,4.55,5,19.1,0,964.6,164,0.8,2.7,33,0,33,21,21,20,20,326,100,29,98
WAE,2023,1,12,14,7,80.7,8.1,3.9,5.27,5.5,20.3,0,964.3,90,0.8,3.3,102,47,91,57,57,97,84,325,100,29,98
WAE,2023,1,12,15,7.9,67.2,7.1,2.2,4.62,5.3,19.5,0,963.8,135,0.9,3.1,20,0,20,13,13,12,12,324,100,29,98
WAE,2023,1,12,16,6.6,72.2,7,2,4.55,4.5,18.1,0,963.7,126,1,2.9,2,0,2,1,1,1,1,323,100,29,98
WAE,2023,1,12,17,6.1,71.5,6.7,1.3,4.36,4,17.1,0,963.4,162,1.3,2.7,0,0,0,0,0,0,0,322,100,29,98
WAE,2023,1,12,18,5.4,76.1,6.8,1.5,4.42,3.7,16.5,0,963,129,0.8,2.6,0,0,0,0,0,0,0,321,100,29,98
WAE,2023,1,12,19,5.2,80.7,7.1,2.2,4.62,3.9,16.8,0,962.7,150,1.7,2.9,0,0,0,0,0,0,0,320,100,29,98
WAE,2023,1,12,20,4.4,77.7,6.5,0.9,4.23,2.9,15,0,962.5,146,1.2,3.1,0,0,0,0,0,0,0,320,100,29,98
WAE,2023,1,12,21,4.7,75.4,6.4,0.7,4.17,3,15.2,0,962.1,161,2.3,5.4,0,0,0,0,0,0,0,320,100,29,98
WAE,2023,1,12,22,4,82.2,6.7,1.2,4.36,2.8,14.9,0,962.1,152,1.5,3,0,0,0,0,0,0,0,313,81,29,98
WAE,2023,1,12,23,3.7,83.4,6.6,1.2,4.3,2.6,14.5,0,962,120,1,3.2,0,0,0,0,0,0,0,319,100,29,98
WAE,2023,1,13,0,3.4,83.1,6.5,0.8,4.23,2.3,14,0,961.3,132,1.3,3.6,0,0,0,0,0,0,0,317,88,29,98
WAE,2023,1,13,1,4.1,73.1,6,-0.3,3.91,2.3,13.9,0,960.5,112,0.8,3.5,0,0,0,0,0,0,0,315,94,29,98
WAE,2023,1,13,2,3.8,77.4,6.2,0.2,4.04,2.3,13.9,0,960.4,153,0.6,2.3,0,0,0,0,0,0,0,319,100,29,98
WAE,2023,1,13,3,5.1,70.8,6.2,0.2,4.04,3,15.3,0,960.1,180,1,3,0,0,0,0,0,0,0,320,100,29,98
WAE,2023,1,13,4,6,65.6,6.1,0.1,3.98,3.5,16,0,959.9,264,1.3,2.9,0,0,0,0,0,0,0,320,100,29,98
WAE,2023,1,13,5,5.6,69.5,6.3,0.5,4.11,3.4,15.9,0,959.6,162,0.9,2.6,0,0,0,0,0,0,0,320,100,29,98
WAE,2023,1,13,6,5.9,69.8,6.5,0.8,4.24,3.7,16.6,0,959.5,180,1.1,3.3,0,0,0,0,0,0,0,320,100,29,98
WAE,2023,1,13,7,6.7,69.2,6.8,1.5,4.44,4.4,17.9,0,959.7,153,1,2.6,0,0,0,0,0,0,0,321,100,29,98
WAE,2023,1,13,8,7.1,71.1,7.2,2.2,4.7,4.9,18.9,0,959.6,180,1,3.7,8,2,8,5,7,7,5,323,100,29,98
WAE,2023,1,13,9,7,74.6,7.5,2.8,4.9,5.1,19.3,0,960.1,227,2.3,6.4,102,258,51,33,206,241,33,316,84,29,98
WAE,2023,1,13,10,7.4,76.5,7.9,3.5,5.16,5.6,20.4,0,960.3,247,1.7,5.2,205,374,102,68,268,404,68,297,59,29,98
WAE,2023,1,13,11,7.4,80.3,8.3,4.2,5.42,5.9,21.1,0.3,960.4,258,5.4,10.7,120,15,115,73,77,85,70,329,100,29,98
WAE,2023,1,13,12,8.1,77.2,8.3,4.4,5.42,6.3,21.8,0,960.6,259,6,11.9,136,128,89,57,74,188,56,317,81,29,98
WAE,2023,1,13,13,8,76.5,8.2,4.1,5.35,6.1,21.5,0.5,960.8,278,5.7,16.5,135,172,74,50,49,220,88,324,84,29,98
WAE,2023,1,13,14,6.6,77,7.5,2.9,4.89,4.9,18.9,0.2,961.3,262,7.1,14.5,32,0,32,20,20,19,20,330,100,29,98
WAE,2023,1,13,15,7.1,72.8,7.3,2.6,4.76,5,19.1,0.1,962,253,7.2,14,64,112,45,29,29,114,109,322,81,29,98
WAE,2023,1,13,16,7.2,69.9,7.1,2.1,4.62,4.9,18.8,0,962.6,271,5.4,16,11,0,11,9,9,9,9,309,74,29,98
WAE,2023,1,13,17,7.3,72.3,7.4,2.7,4.81,5.2,19.4,0,963.6,283,3.7,8.7,0,0,0,0,0,0,0,320,100,29,98
WAE,2023,1,13,18,7,78.4,7.8,3.5,5.07,5.4,19.8,0.9,964,272,4.9,12.2,0,0,0,0,0,0,0,315,94,29,98
WAE,2023,1,13,19,6.7,76.6,7.5,2.9,4.87,4.9,19,0.2,965,272,5.3,11.2,0,0,0,0,0,0,0,317,100,29,98
WAE,2023,1,13,20,6.6,73,7.1,2.1,4.61,4.6,18.2,0,965.7,264,5.4,10.6,0,0,0,0,0,0,0,315,100,29,98
WAE,2023,1,13,21,6.3,72.9,6.9,1.8,4.47,4.3,17.6,0,966.3,265,5.6,13.5,0,0,0,0,0,0,0,314,100,29,98
WAE,2023,1,13,22,6.2,73.6,7,1.8,4.54,4.2,17.6,0,966.6,262,3,7,0,0,0,0,0,0,0,312,100,29,98
WAE,2023,1,13,23,5.5,81.3,7.3,2.6,4.73,4.2,17.4,0.4,967.1,290,1.5,5.8,0,0,0,0,0,0,0,311,100,29,98
WAE,2023,1,14,0,4.8,86.6,7.4,2.8,4.8,3.9,16.9,0.1,966.5,267,2,3.6,0,0,0,0,0,0,0,304,84,29,98
WAE,2023,1,14,1,4.9,78.5,6.8,1.5,4.41,3.4,16,0,966.4,284,0.6,2.5,0,0,0,0,0,0,0,308,100,29,98
WAE,2023,1,14,2,5.4,78.6,7,2,4.54,3.9,16.8,0.2,966.6,262,2.3,9.9,0,0,0,0,0,0,0,308,100,29,98
WAE,2023,1,14,3,4.2,85,7,1.9,4.54,3.2,15.6,0,966.5,139,1,2.6,0,0,0,0,0,0,0,298,71,29,98
WAE,2023,1,14,4,3.8,86.4,6.9,1.7,4.48,2.9,15,0,965.9,144,1.5,3.6,0,0,0,0,0,0,0,307,100,29,98
WAE,2023,1,14,5,3.6,89.6,7.1,2.1,4.61,2.9,15.2,0,965.4,131,1.3,5.6,0,0,0,0,0,0,0,307,100,29,98
WAE,2023,1,14,6,3.9,90.4,7.3,2.5,4.74,3.3,15.8,0,964.8,135,1.6,4.5,0,0,0,0,0,0,0,307,100,29,98
WAE,2023,1,14,7,3.1,89.2,6.8,1.5,4.42,2.4,14.2,0,964.3,174,1,2.1,0,0,0,0,0,0,0,301,80,29,98
WAE,2023,1,14,8,3.3,83.8,6.5,0.8,4.23,2.2,13.9,0,963.3,153,1.3,3.6,27,122,18,11,110,90,11,299,70,29,98
WAE,2023,1,14,9,4.7,76.5,6.6,0.9,4.29,3.1,15.5,0,963,146,0.8,2.1,66,170,39,25,149,153,25,307,84,29,98
WAE,2023,1,14,10,5.4,75.1,6.7,1.4,4.36,3.6,16.4,0,962.6,307,0.7,2.5,100,53,84,53,79,102,51,317,94,29,98
WAE,2023,1,14,11,6.1,70.3,6.6,1.1,4.3,3.9,16.9,0,961.6,18,0.7,1.6,199,126,156,98,145,224,95,316,88,29,98
WAE,2023,1,14,12,7.1,64.2,6.5,0.8,4.24,4.3,17.8,0,960.8,76,1,2.2,222,133,174,109,116,247,124,324,100,29,98
WAE,2023,1,14,13,7.1,61.7,6.2,0.3,4.05,4.1,17.3,0,959.5,103,1.4,2.9,119,30,109,69,68,97,78,326,100,29,98
WAE,2023,1,14,14,7.2,66.7,6.8,1.4,4.44,4.6,18.4,0,958.7,153,1,2.6,26,0,26,16,16,15,16,324,100,29,98
WAE,2023,1,14,15,7.5,65.4,6.8,1.4,4.45,4.8,18.7,0,958.3,214,1.1,3.9,26,0,26,16,16,15,16,323,100,29,98
WAE,2023,1,14,16,6.6,66.5,6.4,0.8,4.19,4,17.1,0,957.5,188,1,2.8,13,0,13,9,9,9,9,317,94,29,98
WAE,2023,1,14,17,6.4,67.1,6.4,0.7,4.18,3.9,16.9,0,957.9,203,1.5,4.1,0,0,0,0,0,0,0,321,100,29,98
WAE,2023,1,14,18,7.9,51.9,5.5,-1.4,3.59,4,17,0,958,227,2.2,6.1,0,0,0,0,0,0,0,320,100,29,98
WAE,2023,1,14,19,7.7,60.1,6.2,0.5,4.05,4.5,17.9,0,957.5,148,1.8,5.8,0,0,0,0,0,0,0,319,100,29,98
WAE,2023,1,14,20,6.1,73.8,7,1.8,4.59,4.2,17.6,0,956.6,140,1.2,3.4,0,0,0,0,0,0,0,320,100,29,98
WAE,2023,1,14,21,6.2,72.6,6.9,1.7,4.52,4.2,17.6,0,955.6,207,0.5,1.9,0,0,0,0,0,0,0,321,100,29,98
WAE,2023,1,14,22,6.7,67,6.6,1,4.33,4.2,17.6,0,955,180,1.1,3.1,0,0,0,0,0,0,0,322,100,29,98
WAE,2023,1,14,23,6.9,64.9,6.5,0.8,4.27,4.2,17.6,0,954.1,162,0.8,3,0,0,0,0,0,0,0,322,100,29,98
WAE,2023,1,15,0,7.7,60,6.3,0.4,4.14,4.5,18.1,0,953.4,248,0.8,2.2,0,0,0,0,0,0,0,323,100,29,98
WAE,2023,1,15,1,8.1,56.6,6.1,0,4.01,4.5,18.2,0,953,189,0.9,2.3,0,0,0,0,0,0,0,324,100,29,98
WAE,2023,1,15,2,8.2,60,6.5,0.9,4.27,4.9,19,0,952.5,189,1.3,2.9,0,0,0,0,0,0,0,325,100,29,98
WAE,2023,1,15,3,8.6,57.1,6.4,0.6,4.21,5,19.2,0,951.8,252,1.6,5.3,0,0,0,0,0,0,0,325,100,29,98
WAE,2023,1,15,4,8.6,59.3,6.6,1.1,4.35,5.2,19.6,0,951.2,270,1.2,4.4,0,0,0,0,0,0,0,326,100,29,98
WAE,2023,1,15,5,7.9,73.3,7.8,3.4,5.14,5.8,20.9,0.9,951.3,243,1.8,4.1,0,0,0,0,0,0,0,327,100,29,98
WAE,2023,1,15,6,7.6,81.5,8.5,4.6,5.61,6.1,21.7,0.7,951.1,225,2.9,6,0,0,0,0,0,0,0,328,100,29,98
WAE,2023,1,15,7,6.3,89.2,8.5,4.7,5.61,5.5,20.4,0,950.4,108,1.4,4.5,0,0,0,0,0,0,0,328,100,29,98
WAE,2023,1,15,8,6.9,82.6,8.2,4.1,5.42,5.6,20.5,0,950,152,1.7,3.6,2,0,2,1,1,1,1,326,100,29,98
WAE,2023,1,15,9,7.5,80.8,8.4,4.4,5.54,6,21.5,0,950.7,288,1.4,5.1,14,0,14,9,9,9,9,325,100,29,98
WAE,2023,1,15,10,6.6,85.5,8.3,4.3,5.46,5.5,20.4,0.7,953.2,309,5.1,11.7,13,0,13,8,8,8,8,324,100,29,98
WAE,2023,1,15,11,5.2,84.3,7.4,2.8,4.86,4.1,17.4,1.8,955.1,284,4.8,10,17,0,17,11,11,10,10,323,100,29,98
WAE,2023,1,15,12,4.2,86.9,7.1,2.2,4.65,3.3,15.9,2.6,956.6,272,3,7,18,0,18,12,12,11,11,322,100,29,98
WAE,2023,1,15,13,2.7,88.8,6.6,1,4.32,2,13.5,3,957.4,267,4.4,11.9,17,0,17,11,11,10,10,321,100,29,98
WAE,2023,1,15,14,2.5,89.9,6.6,1,4.32,1.9,13.3,1.4,957.6,240,4.3,11.8,14,0,14,9,9,8,8,317,100,29,98
WAE,2023,1,15,15,3.5,72.9,5.7,-0.9,3.73,1.7,12.8,0,957.2,249,6.4,13.4,11,0,11,7,7,7,7,312,100,29,98
WAE,2023,1,15,16,3.2,80.8,6.2,0.2,4.05,1.9,13.4,0,957.6,248,2.5,10.1,10,0,10,6,6,6,6,302,94,29,98
WAE,2023,1,15,17,2.8,87.3,6.5,0.9,4.25,2,13.5,0,957.1,153,0.7,1.9,0,0,0,0,0,0,0,271,31,29,98
WAE,2023,1,15,18,1.8,87.9,6.1,0,3.99,1.1,11.8,0,956.6,246,1.8,3.4,0,0,0,0,0,0,0,259,10,29,98
WAE,2023,1,15,19,1.8,83.6,5.8,-0.7,3.8,0.8,11.3,0,956.2,245,2.6,4.6,0,0,0,0,0,0,0,254,6,29,98
WAE,2023,1,15,20,1.6,82.8,5.7,-1,3.73,0.6,10.9,0,955.7,173,2.6,3.6,0,0,0,0,0,0,0,266,71,29,98
WAE,2023,1,15,21,1.3,82.8,5.5,-1.3,3.6,0.3,10.3,0,954.9,205,1.9,4.2,0,0,0,0,0,0,0,266,88,29,98
WAE,2023,1,15,22,0.3,86.6,5.4,-1.7,3.54,-0.5,9.1,0,953.8,198,1.4,2.3,0,0,0,0,0,0,0,270,100,29,98
WAE,2023,1,15,23,0.4,83.6,5.2,-2,3.41,-0.5,8.9,0,952.7,167,1.7,4.8,0,0,0,0,0,0,0,255,28,29,98
WAE,2023,1,16,0,0.2,83.3,5.2,-2.3,3.42,-0.7,8.7,0,951.5,160,1.2,3.4,0,0,0,0,0,0,0,248,19,29,98
WAE,2023,1,16,1,0.1,87,5.4,-1.8,3.56,-0.6,9,0,950.2,144,1.1,3.3,0,0,0,0,0,0,0,245,0,29,98
WAE,2023,1,16,2,0.3,86.2,5.4,-1.7,3.56,-0.5,9.2,0,949.1,125,1.8,5.7,0,0,0,0,0,0,0,247,0,29,98
WAE,2023,1,16,3,-0.4,82.3,4.9,-3,3.23,-1.4,7.7,0,947.2,141,2.3,4.4,0,0,0,0,0,0,0,242,0,29,98
WAE,2023,1,16,4,-0.2,74.1,4.4,-4.2,2.91,-1.6,7,0,945.2,138,1.5,5.6,0,0,0,0,0,0,0,233,0,29,98
WAE,2023,1,16,5,-1.1,76.6,4.3,-4.7,2.85,-2.3,6,0,943.4,155,1.7,4.7,0,0,0,0,0,0,0,231,6,29,98
WAE,2023,1,16,6,-1.3,76.7,4.3,-4.9,2.85,-2.5,5.8,0,941.6,158,2.4,5.1,0,0,0,0,0,0,0,240,54,29,98
WAE,2023,1,16,7,-1,73.2,4.2,-5.2,2.79,-2.4,5.9,0,939.5,151,2,5.6,0,0,0,0,0,0,0,253,100,29,98
WAE,2023,1,16,8,-0.8,74.3,4.3,-4.8,2.86,-2.2,6.3,0,938.2,171,1.4,3.8,29,143,17,11,126,103,11,258,81,29,98
WAE,2023,1,16,9,0.1,72.7,4.5,-4.2,3,-1.4,7.6,0,937.6,252,1.8,4.4,67,39,61,39,68,66,37,268,100,29,98
WAE,2023,1,16,10,0.8,73.6,4.8,-3.4,3.2,-0.7,8.8,0,938.2,254,2.6,5.8,43,0,43,27,27,26,26,274,100,29,98
WAE,2023,1,16,11,1.6,69.2,4.7,-3.4,3.14,-0.3,9.4,0,937.2,196,2.2,4.3,130,45,114,72,90,116,70,281,100,29,98
WAE,2023,1,16,12,2.1,70,5,-2.8,3.34,0.2,10.5,0,936.5,107,1.4,3.8,45,0,45,28,28,27,27,289,100,29,98
WAE,2023,1,16,13,2.2,74.8,5.4,-1.8,3.61,0.6,11.2,0,935,117,1.8,4.5,83,47,67,42,42,88,62,292,94,29,98
WAE,2023,1,16,14,2.5,72.8,5.3,-1.9,3.55,0.8,11.4,0,934,110,1.7,5.9,135,211,69,49,49,242,140,292,90,29,98
WAE,2023,1,16,15,2.8,71.4,5.3,-1.9,3.55,1,11.7,0,933.6,180,0.8,2.3,47,19,43,28,27,42,40,291,100,29,98
WAE,2023,1,16,16,2.9,71.8,5.4,-1.7,3.62,1.1,12,0,934.2,202,0.9,2.8,2,0,2,1,1,1,1,293,100,29,98
WAE,2023,1,16,17,5,57.9,5,-2.6,3.35,2,13.4,0,934.3,255,4,14.7,0,0,0,0,0,0,0,292,100,29,98
WAE,2023,1,16,18,6.1,47,4.4,-4.4,2.94,2.1,13.5,0,935,255,8.5,19.3,0,0,0,0,0,0,0,291,100,29,98
WAE,2023,1,16,19,5.3,49,4.4,-4.5,2.94,1.6,12.7,0,934.8,267,4.1,10.2,0,0,0,0,0,0,0,289,100,29,98
WAE,2023,1,16,20,5.1,48.8,4.3,-4.8,2.87,1.4,12.3,0,935.2,259,7.4,14.6,0,0,0,0,0,0,0,283,81,29,98
WAE,2023,1,16,21,4.2,59,4.9,-3.1,3.28,1.4,12.4,0,935.4,261,5.7,12.8,0,0,0,0,0,0,0,277,84,29,98
WAE,2023,1,16,22,1.6,86.3,5.9,-0.4,3.95,0.8,11.5,1.6,935.8,252,6,12.9,0,0,0,0,0,0,0,280,100,29,98
WAE,2023,1,16,23,2.3,76.8,5.5,-1.3,3.68,0.9,11.5,0,935.9,261,4.1,9.5,0,0,0,0,0,0,0,275,94,29,98
WAE,2023,1,17,0,1.9,75.1,5.3,-2,3.54,0.4,10.8,0,935.7,239,2.7,4.9,0,0,0,0,0,0,0,270,88,29,98
WAE,2023,1,17,1,2.3,69.6,5,-2.7,3.34,0.4,10.7,0,935.6,236,1.3,4.8,0,0,0,0,0,0,0,263,94,29,98
WAE,2023,1,17,2,2.3,68.3,4.9,-2.9,3.28,0.3,10.5,0,935.4,249,2.6,6.4,0,0,0,0,0,0,0,267,94,29,98
WAE,2023,1,17,3,1.1,78.1,5.2,-2.3,3.48,-0.2,9.8,0,935.1,252,2,3,0,0,0,0,0,0,0,264,84,29,98
WAE,2023,1,17,4,1.2,81,5.4,-1.7,3.62,0.1,10.2,0,934.5,185,1.8,3.8,0,0,0,0,0,0,0,258,75,29,98
WAE,2023,1,17,5,0.4,83.9,5.3,-2,3.55,-0.5,9.3,0,933.7,129,1.6,4.3,0,0,0,0,0,0,0,238,30,29,98
WAE,2023,1,17,6,0.1,78.4,4.9,-3.2,3.28,-1.1,8.3,0,933.4,140,1.8,3.6,0,0,0,0,0,0,0,238,19,29,98
WAE,2023,1,17,7,-0.5,79.1,4.6,-3.7,3.08,-1.6,7.2,0,932.8,140,1.8,4.8,0,0,0,0,0,0,0,260,90,29,98
WAE,2023,1,17,8,0.2,77.5,4.8,-3.3,3.22,-1.1,8.2,0,932.3,119,1.9,4,2,0,2,1,1,1,1,267,100,29,98
WAE,2023,1,17,9,0.8,82.1,5.3,-1.9,3.56,-0.2,9.7,0,930.8,109,1.9,5.1,10,0,10,6,6,6,6,272,100,29,98
WAE,2023,1,17,10,1.4,73.6,5,-2.8,3.36,-0.2,9.8,0,930.6,140,1.6,4.6,15,0,15,9,9,9,9,277,100,29,98
WAE,2023,1,17,11,1.8,72.4,5,-2.6,3.36,0.1,10.2,0,930,135,1,2.4,19,0,19,12,12,11,12,282,100,29,98
WAE,2023,1,17,12,2.3,71,5.1,-2.4,3.43,0.5,10.9,0,928.8,48,1.4,3,37,0,37,23,23,22,22,287,100,29,98
WAE,2023,1,17,13,2.3,69.5,5,-2.7,3.37,0.4,10.7,0,927.9,351,1.1,2.7,24,0,24,16,15,15,15,288,100,29,98
WAE,2023,1,17,14,2.3,72.7,5.2,-2.1,3.5,0.6,11.1,0,928.1,252,1.5,3.3,28,0,28,18,18,17,17,290,100,29,98
WAE,2023,1,17,15,2.1,73.6,5.2,-2.1,3.5,0.5,10.9,0,928.7,265,2.7,5.3,9,0,9,5,5,5,5,292,100,29,98
WAE,2023,1,17,16,1.3,83.2,5.6,-1.2,3.77,0.3,10.7,0,929,298,3,5.7,8,0,8,6,6,6,6,291,94,29,98
WAE,2023,1,17,17,0.4,93.8,5.9,-0.5,3.97,0,10.3,0.2,929.6,315,0.8,2.8,0,0,0,0,0,0,0,283,88,29,98
WAE,2023,1,17,18,0.6,93.6,6,-0.3,4.04,0.2,10.7,0.1,930.3,180,0.9,2.1,0,0,0,0,0,0,0,294,100,29,98
WAE,2023,1,17,19,1,90.1,5.9,-0.4,3.97,0.4,10.9,0,930.4,153,1.7,3.2,0,0,0,0,0,0,0,293,94,29,98
WAE,2023,1,17,20,1,90.7,5.9,-0.3,3.97,0.5,10.9,0,930.7,151,1.1,2.6,0,0,0,0,0,0,0,283,81,29,98
WAE,2023,1,17,21,0.6,89.7,5.7,-0.9,3.83,0,10.2,0,931,171,1.8,2.9,0,0,0,0,0,0,0,264,53,29,98
WAE,2023,1,17,22,0.5,86,5.5,-1.6,3.7,-0.3,9.7,0,930.7,180,1.6,3.5,0,0,0,0,0,0,0,259,53,29,98
WAE,2023,1,17,23,0,86.2,5.3,-2,3.56,-0.8,8.9,0,931.2,279,0.8,2.2,0,0,0,0,0,0,0,264,63,29,98
WAE,2023,1,18,0,0.4,85.9,5.4,-1.7,3.63,-0.4,9.5,0,931.3,244,2.9,5.5,0,0,0,0,0,0,0,271,100,29,98
WAE,2023,1,18,1,1.2,83.3,5.6,-1.3,3.76,0.2,10.6,0,931.8,245,1.6,4.1,0,0,0,0,0,0,0,269,100,28,98
WAE,2023,1,18,2,1.4,83.4,5.6,-1.1,3.76,0.4,10.8,0,932.1,245,2.5,8.2,0,0,0,0,0,0,0,269,100,28,98
WAE,2023,1,18,3,0.6,86.7,5.6,-1.4,3.76,-0.2,10,0,932.7,153,0.8,1.6,0,0,0,0,0,0,0,263,88,28,98
WAE,2023,1,18,4,0.2,87.1,5.4,-1.7,3.62,-0.5,9.2,0,933,180,0.7,2.3,0,0,0,0,0,0,0,263,75,28,98
WAE,2023,1,18,5,0.2,86.3,5.3,-1.8,3.55,-0.6,9.1,0,933.5,141,0.7,1.9,0,0,0,0,0,0,0,258,61,28,98
WAE,2023,1,18,6,0.7,87.2,5.6,-1.2,3.75,0,10.1,0,934.4,257,1.3,3,0,0,0,0,0,0,0,272,100,28,98
WAE,2023,1,18,7,0.8,86,5.5,-1.3,3.68,0,10,0,935.3,254,1.9,3.3,0,0,0,0,0,0,0,273,100,28,98
WAE,2023,1,18,8,1,85.8,5.6,-1.1,3.74,0.2,10.3,0.1,936.2,237,2.5,4.8,13,1,13,8,9,8,8,275,100,28,98
WAE,2023,1,18,9,0.9,89.4,5.8,-0.6,3.87,0.3,10.6,0.4,937.2,270,3.2,6.7,66,47,59,37,72,70,36,277,100,28,98
WAE,2023,1,18,10,0.3,96.1,6,-0.2,4,0.1,10.3,0.8,938.4,315,1.7,4.7,87,22,80,50,61,69,49,279,100,28,98
WAE,2023,1,18,11,0.2,95.9,5.9,-0.4,3.93,0,10,1.2,939.2,307,1.5,3.1,65,2,64,41,41,41,39,281,100,28,98
WAE,2023,1,18,12,0.1,90.6,5.6,-1.3,3.73,-0.4,9.4,0.5,939.8,295,2.7,6.1,28,0,28,17,17,17,17,283,100,28,98
WAE,2023,1,18,13,0.3,87.4,5.5,-1.5,3.66,-0.4,9.4,0,940.5,286,1.8,3.6,33,0,33,21,20,19,20,283,100,28,98
WAE,2023,1,18,14,-0.1,88.1,5.4,-1.8,3.59,-0.7,8.8,0.2,941.4,297,0.9,4.1,23,0,23,14,14,14,14,281,100,28,98
WAE,2023,1,18,15,-0.1,89.2,5.4,-1.7,3.58,-0.7,8.8,0.3,942.5,265,1.2,2.6,9,0,9,5,5,5,5,279,100,28,98
WAE,2023,1,18,16,-0.2,91.9,5.5,-1.4,3.65,-0.7,8.9,0.1,943.4,299,1.1,2.8,2,0,2,1,1,1,1,276,100,28,98
WAE,2023,1,18,17,-0.8,92.8,5.4,-1.8,3.58,-1.2,8.1,0.5,944.6,56,1.2,3,0,0,0,0,0,0,0,275,100,28,98
WAE,2023,1,18,18,-1.4,94.6,5.2,-2.2,3.44,-1.7,7.2,1.9,945.8,281,1.1,2.4,0,0,0,0,0,0,0,273,100,28,98
WAE,2023,1,18,19,-1.2,91.8,5.2,-2.4,3.44,-1.6,7.3,0.5,946.8,239,0.6,2.1,0,0,0,0,0,0,0,270,100,28,98
WAE,2023,1,18,20,-1.1,88.6,5,-2.7,3.3,-1.7,7.1,0.1,947.6,239,0.6,1.4,0,0,0,0,0,0,0,267,100,28,98
WAE,2023,1,18,21,-1.2,91.5,5.1,-2.4,3.36,-1.6,7.2,0.1,948.2,276,0.9,2.3,0,0,0,0,0,0,0,263,100,28,98
WAE,2023,1,18,22,-1.2,90.3,5.1,-2.6,3.36,-1.7,7.2,0.6,948.8,255,2.1,5,0,0,0,0,0,0,0,260,100,28,98
WAE,2023,1,18,23,-1.1,84.9,4.8,-3.3,3.16,-1.9,6.8,0,949.7,266,2.9,5.7,0,0,0,0,0,0,0,256,100,28,98
WAE,2023,1,19,0,-1.4,83.9,4.6,-3.8,3.03,-2.2,6.1,0,949.9,286,1.9,4,0,0,0,0,0,0,0,253,100,28,98
WAE,2023,1,19,1,-1.6,86,4.7,-3.6,3.09,-2.3,6.1,0,950.3,248,2.4,4.9,0,0,0,0,0,0,0,250,100,31,98
WAE,2023,1,19,2,-2.1,85.2,4.5,-4.2,2.96,-2.8,5.2,0,950.5,240,2.2,3.1,0,0,0,0,0,0,0,242,90,31,98
WAE,2023,1,19,3,-3.8,81.8,3.8,-6.4,2.5,-4.6,2.4,0,950.7,230,4.1,5.6,0,0,0,0,0,0,0,246,94,31,98
WAE,2023,1,19,4,-4.3,79,3.5,-7.4,2.3,-5.2,1.4,0,950.9,226,4.1,5.4,0,0,0,0,0,0,0,246,100,31,98
WAE,2023,1,19,5,-4.7,79,3.4,-7.8,2.23,-5.6,0.8,0,951.2,233,4.6,6,0,0,0,0,0,0,0,244,100,31,98
WAE,2023,1,19,6,-4.9,79.4,3.4,-7.9,2.23,-5.8,0.6,0,951.6,231,5.3,6.4,0,0,0,0,0,0,0,241,94,31,98
WAE,2023,1,19,7,-4.8,77.3,3.3,-8.2,2.16,-5.8,0.5,0,952.1,226,4.1,5.1,0,0,0,0,0,0,0,241,100,31,98
WAE,2023,1,19,8,-4.4,78,3.4,-7.7,2.23,-5.4,1.1,0,952.6,221,1.9,3.5,47,233,25,16,206,168,16,241,88,31,98
WAE,2023,1,19,9,-3.9,77.2,3.5,-7.3,2.29,-4.9,1.8,0,952.8,216,2.1,4.6,185,639,59,43,493,539,44,243,81,31,98
WAE,2023,1,19,10,-2.4,71.7,3.7,-6.8,2.42,-3.8,3.6,0,952.8,180,1,3.3,241,464,110,75,340,489,75,244,75,31,98
WAE,2023,1,19,11,-1.5,67.3,3.7,-6.8,2.43,-3.2,4.5,0,952.7,90,0.5,1.9,171,31,160,102,113,130,99,244,78,31,98
WAE,2023,1,19,12,-1.3,67.2,3.7,-6.6,2.43,-3,4.7,0,952.4,63,0.4,1.3,264,232,176,113,132,353,140,245,71,31,98
WAE,2023,1,19,13,-1,67.1,3.8,-6.3,2.49,-2.7,5.2,0,952.3,288,0.8,2,292,539,94,70,71,606,220,243,54,31,98
WAE,2023,1,19,14,-0.3,64.3,3.8,-6.2,2.49,-2.3,5.9,0,952.2,63,0.5,1.6,87,0,87,56,56,54,54,240,43,31,98
WAE,2023,1,19,15,-0.6,65.4,3.8,-6.3,2.49,-2.5,5.6,0,952.2,231,0.8,1.5,47,1,47,30,30,30,30,240,50,31,98
WAE,2023,1,19,16,-2.2,75.2,3.9,-6,2.56,-3.4,4.1,0,952.1,204,1.2,1.9,20,0,20,15,15,14,15,231,41,31,98
WAE,2023,1,19,17,-3.7,76.4,3.6,-7.2,2.36,-4.8,2.1,0,951.9,199,1.9,2.9,0,0,0,0,0,0,0,228,25,31,98
WAE,2023,1,19,18,-3.5,70.8,3.4,-8,2.23,-4.9,2,0,951.7,166,3.3,5.2,0,0,0,0,0,0,0,228,36,31,98
WAE,2023,1,19,19,-4.3,70.7,3.1,-8.8,2.03,-5.6,0.7,0,951.5,166,2.9,5.1,0,0,0,0,0,0,0,227,25,31,98
WAE,2023,1,19,20,-4.7,70,3,-9.3,1.97,-6,0.1,0,951.4,148,2.8,4.5,0,0,0,0,0,0,0,225,50,31,98
WAE,2023,1,19,21,-5.3,70.5,2.9,-9.8,1.9,-6.5,-0.6,0,951.6,153,3.1,4.8,0,0,0,0,0,0,0,221,35,31,98
WAE,2023,1,19,22,-5.2,69.3,2.9,-9.9,1.9,-6.5,-0.5,0,951.8,157,3.4,5,0,0,0,0,0,0,0,222,51,31,98
WAE,2023,1,19,23,-5.7,70.9,2.8,-10.1,1.83,-6.9,-1.2,0,952.2,148,2.9,5.3,0,0,0,0,0,0,0,220,60,31,98
WAE,2023,1,20,0,-5.6,70.9,2.8,-10,1.83,-6.8,-1.1,0,952.6,157,3.1,4.1,0,0,0,0,0,0,0,217,55,31,98
WAE,2023,1,20,1,-6.4,76.9,2.9,-9.8,1.9,-7.3,-1.7,0,953.1,163,1.4,3.2,0,0,0,0,0,0,0,214,0,43,98
WAE,2023,1,20,2,-6.5,76.7,2.9,-9.9,1.9,-7.4,-1.8,0,953.7,161,2.2,4.8,0,0,0,0,0,0,0,211,13,43,98
WAE,2023,1,20,3,-7,80.8,2.9,-9.7,1.9,-7.7,-2.4,0,954.2,270,0.9,2,0,0,0,0,0,0,0,213,10,43,98
WAE,2023,1,20,4,-6.8,80.3,3,-9.6,1.96,-7.6,-2,0,954.6,251,1.9,3.4,0,0,0,0,0,0,0,215,30,43,98
WAE,2023,1,20,5,-6.9,81,3,-9.6,1.96,-7.6,-2.1,0,955.3,221,2.3,3.7,0,0,0,0,0,0,0,220,66,43,98
WAE,2023,1,20,6,-6.9,81.1,3,-9.6,1.96,-7.6,-2.1,0,956.1,234,1.8,3,0,0,0,0,0,0,0,218,55,43,98
WAE,2023,1,20,7,-6.1,75.3,2.9,-9.8,1.89,-7.1,-1.5,0,957.1,239,2.2,4.3,0,0,0,0,0,0,0,225,94,43,98
WAE,2023,1,20,8,-5.1,72.7,3.1,-9.2,2.02,-6.3,-0.1,0,958,212,1.6,3.4,37,148,22,17,136,113,17,228,94,43,98
WAE,2023,1,20,9,-4.2,71.2,3.2,-8.6,2.08,-5.5,0.9,0,959,201,1.5,3.4,142,322,82,62,299,309,62,231,71,43,98
WAE,2023,1,20,10,-3.8,70.5,3.3,-8.4,2.15,-5.2,1.5,0,959.6,221,1.1,3,191,207,135,99,225,281,98,236,78,43,98
WAE,2023,1,20,11,-2.9,67.2,3.3,-8.1,2.15,-4.5,2.4,0,959.8,211,0.7,2.6,223,108,185,131,174,241,129,239,81,43,98
WAE,2023,1,20,12,-2.6,72.4,3.7,-6.9,2.41,-4,3.4,0,960,141,1.2,3.2,266,174,199,142,159,327,162,243,71,43,98
WAE,2023,1,20,13,-2.3,70.3,3.6,-7,2.34,-3.8,3.5,0,960.1,228,1.8,4.1,244,170,183,132,131,304,199,245,65,43,98
WAE,2023,1,20,14,-1.7,67.9,3.7,-6.8,2.41,-3.3,4.3,0,960.3,232,1.9,4.9,285,624,99,88,89,656,428,239,33,43,98
WAE,2023,1,20,15,-1.4,66.4,3.7,-6.8,2.4,-3.1,4.6,0,960.8,256,1.1,4.6,157,374,76,61,61,361,319,235,35,43,98
WAE,2023,1,20,16,-2.1,70.9,3.7,-6.7,2.4,-3.6,3.9,0,961.2,158,0.8,1.8,35,117,20,19,19,98,112,240,69,43,98
WAE,2023,1,20,17,-2.6,71.9,3.7,-7,2.4,-4,3.4,0,961.3,210,1,3.6,0,0,0,0,0,0,0,243,100,43,98
WAE,2023,1,20,18,-2.6,71.7,3.6,-7,2.34,-4,3.2,0,961.9,169,1.1,3.2,0,0,0,0,0,0,0,241,88,43,98
WAE,2023,1,20,19,-3.8,77.4,3.6,-7.2,2.34,-4.8,2,0,962.1,248,0.6,1.5,0,0,0,0,0,0,0,234,45,43,98
WAE,2023,1,20,20,-4.6,79,3.4,-7.7,2.21,-5.5,0.8,0,962.2,190,1.2,2,0,0,0,0,0,0,0,230,36,43,98
WAE,2023,1,20,21,-4.9,76.6,3.3,-8.4,2.14,-5.9,0.4,0,962.3,237,2.1,3.6,0,0,0,0,0,0,0,232,43,43,98
WAE,2023,1,20,22,-5.3,73.1,3,-9.4,1.94,-6.4,-0.5,0,962.6,192,2.5,4.3,0,0,0,0,0,0,0,231,29,43,98
WAE,2023,1,20,23,-5.8,74.4,2.9,-9.6,1.88,-6.8,-1.2,0,962.6,241,1.6,2.6,0,0,0,0,0,0,0,231,33,43,98
WAE,2023,1,21,0,-5.7,74.1,3,-9.6,1.94,-6.8,-0.9,0,962.5,242,1.9,3.2,0,0,0,0,0,0,0,232,40,43,98
WAE,2023,1,21,1,-5.9,71.2,2.8,-10.3,1.81,-7.1,-1.4,0,962.4,176,1.8,4.5,0,0,0,0,0,0,0,225,0,43,98
WAE,2023,1,21,2,-6.1,74.4,2.9,-9.9,1.88,-7.1,-1.5,0,962.5,207,2,5.1,0,0,0,0,0,0,0,221,6,43,98
WAE,2023,1,21,3,-6.2,75,2.9,-9.9,1.88,-7.2,-1.6,0,962.6,231,1.7,3.5,0,0,0,0,0,0,0,232,46,43,98
WAE,2023,1,21,4,-6.1,78.8,3.1,-9.2,2.01,-7,-1.2,0,962.6,222,1.6,4.9,0,0,0,0,0,0,0,236,74,43,98
WAE,2023,1,21,5,-5.7,78.2,3.1,-8.9,2.01,-6.6,-0.8,0,962.6,231,1.4,2.6,0,0,0,0,0,0,0,240,88,43,98
WAE,2023,1,21,6,-4.7,83.2,3.6,-7.1,2.33,-5.4,1.1,0,962.7,278,1.5,2.3,0,0,0,0,0,0,0,240,100,43,98
WAE,2023,1,21,7,-4.4,85.9,3.8,-6.4,2.46,-5,1.7,0,963,265,1.2,2,0,0,0,0,0,0,0,241,100,43,98
WAE,2023,1,21,8,-4.1,84.9,3.8,-6.3,2.46,-4.8,2,0,963.4,282,1.4,2.9,36,125,23,18,119,99,18,245,100,43,98
WAE,2023,1,21,9,-3.6,83.4,3.9,-6,2.53,-4.4,2.7,0,963.7,255,1.2,2.1,99,102,82,59,138,133,58,248,94,43,98
WAE,2023,1,21,10,-3.1,81.8,4,-5.8,2.59,-4,3.3,0,963.8,236,0.6,1.6,188,157,139,100,186,249,99,248,56,43,98
WAE,2023,1,21,11,-2.5,83.3,4.2,-4.9,2.72,-3.3,4.3,0,963.2,320,1,2.9,212,142,161,116,177,259,115,255,63,43,98
WAE,2023,1,21,12,-1.7,79.8,4.3,-4.7,2.79,-2.7,5.2,0,963,28,2.5,6,164,14,159,113,113,124,112,258,84,43,98
WAE,2023,1,21,13,-1.2,77.7,4.4,-4.6,2.85,-2.4,5.9,0,963,31,5.9,9.7,130,3,129,92,91,91,90,260,100,43,98
WAE,2023,1,21,14,-1.6,78.5,4.3,-4.8,2.79,-2.7,5.3,0,963.4,40,5.7,9,90,0,89,63,63,61,62,260,100,43,98
WAE,2023,1,21,15,-1.8,83.4,4.5,-4.2,2.92,-2.6,5.4,0,963.8,33,4.3,7.6,51,0,51,36,36,35,35,260,100,43,98
WAE,2023,1,21,16,-2,84,4.5,-4.3,2.92,-2.8,5.2,0,964.2,30,4.9,7.7,17,0,17,12,12,12,12,260,100,43,98
WAE,2023,1,21,17,-2.1,87.2,4.6,-3.9,2.98,-2.7,5.3,0,964.6,20,4.3,6.7,0,0,0,0,0,0,0,260,100,43,98
WAE,2023,1,21,18,-2.2,87.2,4.6,-4,2.98,-2.8,5.2,0,964.9,17,4.2,7.7,0,0,0,0,0,0,0,260,100,43,98
WAE,2023,1,21,19,-1.9,83.8,4.5,-4.3,2.91,-2.7,5.3,0,965.1,25,5.3,8.1,0,0,0,0,0,0,0,260,100,43,98
WAE,2023,1,21,20,-2,85.3,4.5,-4.1,2.91,-2.7,5.2,0,965.3,23,3.1,6.6,0,0,0,0,0,0,0,260,100,43,98
WAE,2023,1,21,21,-2,84.8,4.5,-4.2,2.91,-2.8,5.2,0,965.5,6,1.9,3.6,0,0,0,0,0,0,0,260,100,43,98
WAE,2023,1,21,22,-1.8,81.3,4.4,-4.6,2.85,-2.8,5.3,0,965.4,33,4,6,0,0,0,0,0,0,0,259,100,43,98
WAE,2023,1,21,23,-1.7,79.8,4.3,-4.7,2.78,-2.7,5.2,0,965.4,33,4.3,6.5,0,0,0,0,0,0,0,259,100,43,98
WAE,2023,1,22,0,-1.8,79.9,4.3,-4.8,2.78,-2.8,5.1,0,965.1,34,3.6,5.8,0,0,0,0,0,0,0,259,100,43,98
WAE,2023,1,22,1,-1.9,81.6,4.4,-4.6,2.85,-2.8,5.2,0,964.8,27,3.6,6,0,0,0,0,0,0,0,259,100,43,98
WAE,2023,1,22,2,-2,83.1,4.4,-4.5,2.85,-2.9,5.1,0,964.8,28,3.5,5.8,0,0,0,0,0,0,0,259,94,43,98
WAE,2023,1,22,3,-2,83.2,4.4,-4.5,2.85,-2.9,5.1,0,964.4,34,3.8,6.1,0,0,0,0,0,0,0,260,94,43,98
WAE,2023,1,22,4,-2,83.5,4.4,-4.4,2.85,-2.8,5.1,0,964.3,32,3.8,5.8,0,0,0,0,0,0,0,259,94,43,98
WAE,2023,1,22,5,-1.9,83.3,4.4,-4.3,2.85,-2.7,5.2,0,964.7,35,3.6,5.5,0,0,0,0,0,0,0,261,100,43,98
WAE,2023,1,22,6,-1.9,83.4,4.4,-4.3,2.85,-2.7,5.2,0,964.9,31,4.3,7.1,0,0,0,0,0,0,0,260,90,43,98
WAE,2023,1,22,7,-1.8,84.2,4.5,-4.1,2.91,-2.6,5.4,0,965.3,30,4.2,6.6,0,0,0,0,0,0,0,260,84,43,98
WAE,2023,1,22,8,-1.8,84.9,4.6,-4,2.98,-2.6,5.6,0,965.6,31,3.7,5.9,32,78,23,17,80,68,17,263,100,43,98
WAE,2023,1,22,9,-1.6,84.3,4.6,-3.9,2.98,-2.4,5.8,0,965.8,41,2.8,4.9,79,31,72,52,74,76,50,264,88,43,98
WAE,2023,1,22,10,-1.2,79.1,4.4,-4.4,2.85,-2.3,5.9,0,966.1,61,1.9,3.3,134,21,127,91,102,108,88,258,66,43,98
WAE,2023,1,22,11,-0.8,75.9,4.4,-4.5,2.85,-2.1,6.3,0,966.2,101,1.1,2.6,169,52,150,107,131,157,105,264,79,43,98
WAE,2023,1,22,12,-0.3,73,4.4,-4.5,2.85,-1.8,6.8,0,966,52,1.8,3.7,141,3,140,99,99,98,97,266,100,43,98
WAE,2023,1,22,13,-0.3,70.6,4.2,-5,2.72,-1.9,6.5,0,966.2,55,3.2,6.9,140,8,137,97,97,102,97,266,100,43,98
WAE,2023,1,22,14,-0.2,70.3,4.2,-4.9,2.71,-1.8,6.6,0,966.5,45,4.8,7.6,107,2,106,75,75,75,75,266,100,43,98
WAE,2023,1,22,15,-0.5,71.5,4.2,-5,2.71,-2.1,6.3,0,966.9,35,4.5,8.4,68,2,67,48,48,48,48,266,100,43,98
WAE,2023,1,22,16,-0.7,73.7,4.3,-4.8,2.78,-2.1,6.2,0,967.3,36,3.8,6.3,22,1,22,16,16,16,16,265,100,43,98
WAE,2023,1,22,17,-0.9,74.8,4.3,-4.8,2.78,-2.2,6,0,967.7,40,3.4,5.6,0,0,0,0,0,0,0,265,94,43,98
WAE,2023,1,22,18,-0.9,72.8,4.2,-5.2,2.71,-2.4,5.8,0,968.2,39,3.3,5.6,0,0,0,0,0,0,0,264,100,43,98
WAE,2023,1,22,19,-0.9,73.7,4.2,-5,2.71,-2.3,5.8,0,968.5,32,3.1,5.3,0,0,0,0,0,0,0,264,94,43,98
WAE,2023,1,22,20,-0.9,76.9,4.4,-4.4,2.84,-2.1,6.2,0,968.7,32,4,7,0,0,0,0,0,0,0,263,100,43,98
WAE,2023,1,22,21,-0.9,76.6,4.4,-4.5,2.84,-2.2,6.2,0,968.9,48,3.2,6.3,0,0,0,0,0,0,0,262,94,43,98
WAE,2023,1,22,22,-1.2,75.9,4.3,-4.9,2.77,-2.5,5.7,0,968.8,48,2.5,5.2,0,0,0,0,0,0,0,261,88,43,98
WAE,2023,1,22,23,-1.1,75.6,4.3,-4.9,2.77,-2.4,5.8,0,968.8,34,3.3,5.4,0,0,0,0,0,0,0,260,84,43,98
WAE,2023,1,23,0,-1.1,76.2,4.3,-4.7,2.77,-2.3,5.8,0,968.8,24,3.2,5.7,0,0,0,0,0,0,0,260,100,43,98
WAE,2023,1,23,1,-1.2,76.5,4.3,-4.8,2.77,-2.4,5.7,0,968.6,29,3.7,6.1,0,0,0,0,0,0,0,259,33,49,98
WAE,2023,1,23,2,-1.1,74.8,4.2,-5,2.71,-2.4,5.6,0,968.7,49,4.8,7.6,0,0,0,0,0,0,0,259,30,49,98
WAE,2023,1,23,3,-1.1,75.6,4.3,-4.9,2.77,-2.4,5.8,0,968.5,50,3.9,5.9,0,0,0,0,0,0,0,258,0,49,98
WAE,2023,1,23,4,-1.2,76.9,4.3,-4.7,2.77,-2.4,5.7,0,968.5,48,4,6.9,0,0,0,0,0,0,0,252,25,49,98
WAE,2023,1,23,5,-1.5,79.5,4.4,-4.6,2.84,-2.6,5.6,0,968.4,31,5.4,8,0,0,0,0,0,0,0,253,45,49,98
WAE,2023,1,23,6,-2.1,81.8,4.3,-4.8,2.77,-3,4.8,0,968.7,32,6.2,9.9,0,0,0,0,0,0,0,253,60,49,98
WAE,2023,1,23,7,-2.3,80.2,4.1,-5.2,2.64,-3.3,4.3,0,969.1,34,6.6,10.2,0,0,0,0,0,0,0,254,84,49,98
WAE,2023,1,23,8,-2.2,77.9,4.1,-5.5,2.64,-3.3,4.4,0,969.5,41,5.7,9.9,27,21,24,19,35,31,18,261,90,49,98
WAE,2023,1,23,9,-2,76.3,4,-5.6,2.58,-3.2,4.4,0,969.3,52,5,8.9,104,76,87,65,120,125,64,268,100,49,98
WAE,2023,1,23,10,-1.8,73.5,3.9,-5.9,2.51,-3.1,4.4,0,969.4,54,5.2,9.5,142,57,124,92,124,144,91,274,100,49,98
WAE,2023,1,23,11,-1.3,69.9,3.9,-6.1,2.51,-2.9,4.9,0,968.9,63,4.7,8.3,227,122,181,136,182,261,134,278,100,49,98
WAE,2023,1,23,12,-0.7,66,3.9,-6.3,2.52,-2.6,5.6,0,968.2,59,4.3,7.1,175,31,163,121,127,151,118,285,100,49,98
WAE,2023,1,23,13,-0.7,67,3.9,-6.1,2.52,-2.5,5.6,0,967.7,71,3.3,6.8,169,29,158,117,117,143,127,288,100,49,98
WAE,2023,1,23,14,-0.6,70.7,4.1,-5.3,2.65,-2.2,6,0,967.7,60,3.7,6,200,150,152,115,115,257,198,288,100,49,98
WAE,2023,1,23,15,-0.5,70,4.1,-5.3,2.65,-2.1,6.1,0,967.6,71,4.1,7.3,131,170,93,71,71,210,192,291,81,49,98
WAE,2023,1,23,16,-0.2,67.2,4.1,-5.5,2.65,-2,6.4,0,967.7,76,4.1,7,35,40,30,24,24,51,56,285,68,49,98
WAE,2023,1,23,17,-0.3,68.5,4.1,-5.4,2.65,-2,6.3,0,967.9,67,3.5,6.9,0,0,0,0,0,0,0,291,29,49,98
WAE,2023,1,23,18,-0.3,67.8,4,-5.5,2.58,-2.1,6.1,0,968.2,92,2.9,6.6,0,0,0,0,0,0,0,295,0,49,98
WAE,2023,1,23,19,-0.3,67.8,4.1,-5.5,2.64,-2.1,6.3,0,968.5,86,3.2,5.7,0,0,0,0,0,0,0,296,0,49,98
WAE,2023,1,23,20,-0.4,69.7,4.1,-5.2,2.64,-2,6.2,0,968.7,77,3.2,5.6,0,0,0,0,0,0,0,290,28,49,98
WAE,2023,1,23,21,-0.6,69.7,4.1,-5.4,2.64,-2.2,6,0,968.9,90,3.4,6,0,0,0,0,0,0,0,289,48,49,98
WAE,2023,1,23,22,-0.5,71.6,4.2,-5,2.71,-2.1,6.2,0,969.1,94,3.1,5.6,0,0,0,0,0,0,0,286,16,49,98
WAE,2023,1,23,23,-0.7,72.5,4.2,-5,2.71,-2.2,6,0,969.3,90,3,5.3,0,0,0,0,0,0,0,280,6,49,98
WAE,2023,1,24,0,-0.8,73,4.2,-5,2.71,-2.2,5.9,0,969.3,88,3.2,6,0,0,0,0,0,0,0,278,31,49,98
WAE,2023,1,24,1,-0.8,70.4,4.1,-5.5,2.64,-2.4,5.8,0,969.6,126,2,5.3,0,0,0,0,0,0,0,272,29,43,98
WAE,2023,1,24,2,-1.4,69.8,3.8,-6.2,2.45,-3,4.7,0,970,146,1.6,3.7,0,0,0,0,0,0,0,271,19,43,98
WAE,2023,1,24,3,-2.2,72.3,3.8,-6.5,2.45,-3.6,3.9,0,970.3,159,2.1,3.4,0,0,0,0,0,0,0,274,33,43,98
WAE,2023,1,24,4,-2.9,72.7,3.6,-7.1,2.32,-4.2,2.8,0,970.5,173,2.6,4.5,0,0,0,0,0,0,0,280,71,43,98
WAE,2023,1,24,5,-2.7,72.8,3.7,-6.9,2.38,-4,3.2,0,970.9,171,2,2.9,0,0,0,0,0,0,0,285,100,43,98
WAE,2023,1,24,6,-3.1,73.7,3.6,-7.1,2.31,-4.3,2.6,0,971.3,171,1.8,3.2,0,0,0,0,0,0,0,272,38,43,98
WAE,2023,1,24,7,-3.4,74.7,3.6,-7.2,2.31,-4.6,2.3,0,971.9,163,1.6,3.5,0,0,0,0,0,0,0,269,25,43,98
WAE,2023,1,24,8,-3.3,74.5,3.6,-7.2,2.31,-4.5,2.4,0,972.6,162,2.8,3.8,49,241,23,19,216,171,19,268,30,43,98
WAE,2023,1,24,9,-2.7,72.9,3.7,-6.9,2.37,-4,3.2,0,973.1,157,1.6,3.1,190,610,68,59,505,521,61,275,39,43,98
WAE,2023,1,24,10,-1.6,67.3,3.7,-6.9,2.37,-3.3,4.3,0,973.4,165,1.2,2.3,245,368,134,101,319,438,101,287,66,43,98
WAE,2023,1,24,11,-0.6,70.3,4.1,-5.3,2.63,-2.2,5.9,0,973.2,85,1.3,2.9,238,193,168,124,206,312,122,293,94,43,98
WAE,2023,1,24,12,-0.2,72.6,4.4,-4.5,2.83,-1.7,6.8,0,972.9,99,0.7,2.1,185,27,174,123,125,148,124,292,81,43,98
WAE,2023,1,24,13,0.9,68.2,4.5,-4.3,2.89,-1,8.1,0,972.6,59,0.6,1.7,337,557,130,117,117,656,306,297,64,43,98
WAE,2023,1,24,14,1.1,67.9,4.5,-4.2,2.89,-0.8,8.3,0,972.8,180,0.5,1.7,311,692,90,90,90,714,449,298,55,43,98
WAE,2023,1,24,15,1,68.4,4.5,-4.2,2.89,-0.9,8.2,0,972.9,228,1.5,2.4,177,502,65,59,60,449,406,289,45,43,98
WAE,2023,1,24,16,0.5,72.3,4.6,-3.9,2.95,-1.1,7.9,0,973.3,232,1.1,1.6,40,142,21,21,22,117,134,283,23,43,98
WAE,2023,1,24,17,-0.6,78.2,4.6,-3.9,2.95,-1.8,6.8,0,973.7,270,0.4,1.2,0,0,0,0,0,0,0,279,0,43,98
WAE,2023,1,24,18,-0.9,79.6,4.5,-4,2.89,-2,6.3,0,974,157,0.8,1.8,0,0,0,0,0,0,0,277,13,43,98
WAE,2023,1,24,19,-1.3,81,4.5,-4.1,2.89,-2.3,5.9,0,973.9,174,1.1,2.4,0,0,0,0,0,0,0,275,29,43,98
WAE,2023,1,24,20,-0.5,78.4,4.6,-3.8,2.95,-1.7,6.9,0,973.8,188,0.9,2.3,0,0,0,0,0,0,0,279,0,43,98
WAE,2023,1,24,21,-0.1,80.8,4.9,-3,3.14,-1.2,7.7,0,974,120,1.1,2.6,0,0,0,0,0,0,0,270,0,43,98
WAE,2023,1,24,22,-0.1,80.2,4.9,-3.1,3.14,-1.2,7.7,0,974,146,0.7,1.5,0,0,0,0,0,0,0,267,0,43,98
WAE,2023,1,24,23,-0.2,78.7,4.7,-3.4,3.02,-1.4,7.3,0,973.9,169,0.5,1.3,0,0,0,0,0,0,0,266,6,43,98
WAE,2023,1,25,0,-0.3,78.5,4.7,-3.6,3.02,-1.5,7.2,0,973.7,143,0.6,1.6,0,0,0,0,0,0,0,265,29,43,98
WAE,2023,1,25,1,-0.3,79.2,4.7,-3.5,3.02,-1.5,7.2,0,973.1,180,0.4,1.3,0,0,0,0,0,0,0,266,100,40,98
WAE,2023,1,25,2,-0.1,80.2,4.9,-3.1,3.15,-1.2,7.7,0,973.1,128,1.3,3.6,0,0,0,0,0,0,0,276,100,40,98
WAE,2023,1,25,3,-0.2,82,4.9,-2.9,3.15,-1.2,7.6,0,972.8,169,0.6,1.3,0,0,0,0,0,0,0,274,100,40,98
WAE,2023,1,25,4,-0.2,82.6,5,-2.8,3.21,-1.2,7.8,0,972.4,114,1.1,2.1,0,0,0,0,0,0,0,271,100,40,98
WAE,2023,1,25,5,-0.3,82.9,5,-2.8,3.22,-1.2,7.7,0,972.1,114,1.1,2,0,0,0,0,0,0,0,262,100,40,98
WAE,2023,1,25,6,-0.4,82.7,4.9,-3,3.15,-1.4,7.5,0,971.9,124,1.1,2.2,0,0,0,0,0,0,0,272,100,40,98
WAE,2023,1,25,7,-0.4,82.4,4.9,-3,3.15,-1.4,7.5,0,971.9,166,0.9,2.3,0,0,0,0,0,0,0,268,100,40,98
WAE,2023,1,25,8,-0.2,80.3,4.8,-3.2,3.09,-1.3,7.5,0,971.7,113,0.9,2.7,22,20,20,14,31,26,13,262,100,40,98
WAE,2023,1,25,9,0,80.3,4.9,-3,3.15,-1.1,7.9,0,971.4,117,1.2,3.3,71,4,70,48,51,50,47,259,50,40,98
WAE,2023,1,25,10,0.3,76.2,4.8,-3.4,3.09,-1.1,8,0,971,112,1.1,3,77,0,77,53,53,51,52,284,0,40,98
WAE,2023,1,25,11,0.7,75,4.8,-3.2,3.09,-0.7,8.4,0,970.6,101,1.7,3,84,0,84,58,58,56,56,287,0,40,98
WAE,2023,1,25,12,0.8,73.6,4.8,-3.4,3.09,-0.7,8.5,0,969.9,90,0.9,2.1,77,0,77,53,53,51,52,291,0,40,98
WAE,2023,1,25,13,0.9,74.7,4.9,-3.1,3.16,-0.6,8.8,0,969.1,108,0.7,1.9,71,0,71,49,49,47,48,292,75,40,98
WAE,2023,1,25,14,0.9,77.9,5.1,-2.5,3.29,-0.4,9.1,0,968.6,45,1.2,4,57,0,57,40,39,38,39,288,100,40,98
WAE,2023,1,25,15,0.8,78.1,5.1,-2.6,3.29,-0.5,9,0,968.2,32,1.4,3.4,37,0,37,26,26,25,25,283,100,40,98
WAE,2023,1,25,16,0.7,77.4,5,-2.8,3.23,-0.6,8.8,0,967.8,82,0.8,2.8,19,0,19,14,14,14,14,272,100,40,98
WAE,2023,1,25,17,0.6,74.2,4.7,-3.5,3.04,-0.9,8.2,0,967.5,113,0.9,2.9,0,0,0,0,0,0,0,252,100,40,98
WAE,2023,1,25,18,0.5,77.1,4.9,-3,3.17,-0.8,8.4,0,966.9,108,0.6,2.9,0,0,0,0,0,0,0,250,100,40,98
WAE,2023,1,25,19,0.5,77.9,5,-2.9,3.24,-0.8,8.6,0,966.2,45,1.4,3.1,0,0,0,0,0,0,0,248,100,40,98
WAE,2023,1,25,20,0.6,77.9,5,-2.8,3.24,-0.7,8.7,0,965.9,55,1.6,4.8,0,0,0,0,0,0,0,247,100,40,98
WAE,2023,1,25,21,0.3,80,5,-2.7,3.24,-0.8,8.4,0,965.5,21,2.3,4.5,0,0,0,0,0,0,0,245,100,40,98
WAE,2023,1,25,22,0.2,80.4,5,-2.8,3.24,-0.9,8.3,0,965.2,11,1.6,3.9,0,0,0,0,0,0,0,243,100,40,98
WAE,2023,1,25,23,0,81.6,5,-2.8,3.24,-1,8.1,0,964.8,294,1.4,3,0,0,0,0,0,0,0,241,100,40,98
WAE,2023,1,26,0,-0.1,79.8,4.9,-3.2,3.18,-1.2,7.8,0,964.1,263,1.7,2.8,0,0,0,0,0,0,0,239,100,40,98
WAE,2023,1,26,1,-0.2,80.2,4.9,-3.2,3.18,-1.3,7.7,0,963.6,249,1.7,3.1,0,0,0,0,0,0,0,238,100,40,98
WAE,2023,1,26,2,-0.3,81.4,4.9,-3.1,3.18,-1.3,7.6,0,963.5,278,1.5,3,0,0,0,0,0,0,0,238,100,40,98
WAE,2023,1,26,3,-0.3,79.6,4.8,-3.4,3.12,-1.4,7.5,0,962.9,202,1.5,3.5,0,0,0,0,0,0,0,240,100,40,98
WAE,2023,1,26,4,-0.5,79,4.7,-3.7,3.05,-1.6,7.1,0,962.6,167,1.8,2.9,0,0,0,0,0,0,0,252,100,40,98
WAE,2023,1,26,5,-0.5,79.1,4.7,-3.7,3.05,-1.6,7.1,0,962.1,157,1.6,3,0,0,0,0,0,0,0,257,100,40,98
WAE,2023,1,26,6,-0.6,78.5,4.6,-3.9,2.99,-1.8,6.8,0,961.9,167,1.9,3.9,0,0,0,0,0,0,0,255,100,40,98
WAE,2023,1,26,7,-0.7,76.7,4.5,-4.3,2.92,-2,6.6,0,962.1,162,2.3,3.8,0,0,0,0,0,0,0,253,100,40,98
WAE,2023,1,26,8,-0.7,76.3,4.4,-4.3,2.86,-2,6.4,0,962,158,1.9,3.7,16,29,14,10,35,26,9,256,100,40,98
WAE,2023,1,26,9,-0.6,74.9,4.4,-4.5,2.86,-2,6.5,0,962,159,1.7,3.7,43,0,43,30,30,29,29,263,100,40,98
WAE,2023,1,26,10,-0.5,73.5,4.3,-4.6,2.79,-1.9,6.5,0,962,151,1.3,2.6,58,0,58,40,40,39,39,266,100,40,98
WAE,2023,1,26,11,-0.2,71.6,4.3,-4.7,2.79,-1.8,6.8,0,961.6,150,0.9,2.2,68,0,68,47,47,45,46,268,100,40,98
WAE,2023,1,26,12,-0.1,73.9,4.5,-4.2,2.93,-1.6,7.2,0,961.4,63,1.2,3.6,72,0,72,49,49,47,48,271,100,40,98
WAE,2023,1,26,13,0,74.1,4.5,-4.1,2.93,-1.5,7.3,0,960.9,50,1.7,3.5,83,0,83,57,57,55,56,273,94,40,98
WAE,2023,1,26,14,-0.1,76.2,4.7,-3.8,3.06,-1.4,7.5,0,960.8,35,1.8,3.4,56,0,56,38,38,37,37,272,100,40,98
WAE,2023,1,26,15,-0.1,79.8,4.8,-3.2,3.12,-1.2,7.7,0,960.7,15,1.7,3.3,36,0,36,25,25,24,24,272,100,40,98
WAE,2023,1,26,16,-0.2,80.9,4.9,-3.1,3.19,-1.3,7.7,0,961,6,2.1,3.6,20,0,20,15,15,14,14,272,100,40,98
WAE,2023,1,26,17,-0.3,83.4,5,-2.8,3.25,-1.2,7.8,0,961,26,2.6,4.2,0,0,0,0,0,0,0,272,100,40,98
WAE,2023,1,26,18,-0.4,83.8,5,-2.8,3.25,-1.3,7.7,0,961.1,27,2.7,5,0,0,0,0,0,0,0,269,100,40,98
WAE,2023,1,26,19,-0.4,82.2,4.9,-3.1,3.19,-1.4,7.5,0,961,34,3.3,5.3,0,0,0,0,0,0,0,267,100,40,98
WAE,2023,1,26,20,-0.5,80.1,4.7,-3.5,3.06,-1.6,7.1,0,960.9,52,3.4,5.6,0,0,0,0,0,0,0,266,100,40,98
WAE,2023,1,26,21,-0.4,78.3,4.7,-3.7,3.06,-1.6,7.2,0,960.8,44,3.3,5.5,0,0,0,0,0,0,0,268,100,40,98
WAE,2023,1,26,22,-0.5,76.1,4.5,-4.2,2.93,-1.8,6.8,0,960.6,34,2.9,4.8,0,0,0,0,0,0,0,265,100,40,98
WAE,2023,1,26,23,-0.5,75.2,4.4,-4.3,2.86,-1.8,6.6,0,960.5,38,3.3,5.7,0,0,0,0,0,0,0,267,100,40,98
WAE,2023,1,27,0,-0.6,76.2,4.5,-4.3,2.93,-1.9,6.7,0,960.2,33,3.9,6.5,0,0,0,0,0,0,0,266,100,40,98
WAE,2023,1,27,1,-0.7,76.5,4.4,-4.3,2.86,-2,6.4,0,960,42,3.8,5.8,0,0,0,0,0,0,0,268,50,42,98
WAE,2023,1,27,2,-0.8,74.3,4.3,-4.8,2.8,-2.2,6.2,0,959.9,50,3.6,5.6,0,0,0,0,0,0,0,268,53,42,98
WAE,2023,1,27,3,-0.8,72.2,4.2,-5.2,2.73,-2.3,6,0,959.6,67,2.9,5.1,0,0,0,0,0,0,0,270,78,42,98
WAE,2023,1,27,4,-0.8,72.5,4.2,-5.1,2.74,-2.3,6,0,959.3,65,2.9,4.8,0,0,0,0,0,0,0,271,75,42,98
WAE,2023,1,27,5,-0.9,73.9,4.2,-5,2.74,-2.3,5.9,0,959.3,55,2.8,5.3,0,0,0,0,0,0,0,275,100,42,98
WAE,2023,1,27,6,-0.9,75.7,4.3,-4.6,2.8,-2.2,6.1,0,959.5,52,2.4,5.4,0,0,0,0,0,0,0,271,84,42,98
WAE,2023,1,27,7,-0.9,77.4,4.4,-4.3,2.86,-2.1,6.2,0,959.8,30,2.9,5.3,0,0,0,0,0,0,0,268,56,42,98
WAE,2023,1,27,8,-0.7,78.4,4.5,-4,2.93,-1.9,6.6,0,960.2,38,4.2,7.3,39,195,23,18,183,131,18,267,56,42,98
WAE,2023,1,27,9,-0.5,75.4,4.5,-4.3,2.93,-1.8,6.8,0,960.6,47,3.4,5.3,65,2,65,46,47,45,44,274,100,42,98
WAE,2023,1,27,10,-0.3,76,4.5,-4,2.93,-1.6,7,0,960.7,47,2.7,5.4,95,0,95,67,67,65,65,272,100,42,98
WAE,2023,1,27,11,0.1,75,4.6,-3.8,2.99,-1.3,7.6,0,960.6,40,3.8,6.6,132,4,131,92,93,92,90,271,100,42,98
WAE,2023,1,27,12,-0.1,75.8,4.6,-3.8,2.99,-1.4,7.4,0,960.6,44,4.9,7.8,128,0,128,90,89,86,87,270,100,42,98
WAE,2023,1,27,13,-0.1,73.7,4.5,-4.2,2.93,-1.6,7.2,0,960.3,49,5.2,8.1,110,0,110,77,77,74,75,270,100,42,98
WAE,2023,1,27,14,0,74.3,4.5,-4,2.93,-1.4,7.3,0,960.5,44,4.8,7.3,75,0,75,53,52,51,51,270,100,42,98
WAE,2023,1,27,15,-0.1,73.6,4.5,-4.2,2.93,-1.6,7.2,0,960.8,52,5.3,8.2,75,5,73,51,51,54,54,271,94,42,98
WAE,2023,1,27,16,-0.2,75.8,4.6,-3.9,2.99,-1.5,7.3,0,961.3,45,4.9,7.4,25,0,25,18,18,17,17,272,88,42,98
WAE,2023,1,27,17,-0.3,78,4.7,-3.7,3.05,-1.5,7.3,0,961.7,47,5.2,8.4,0,0,0,0,0,0,0,273,100,42,98
WAE,2023,1,27,18,-0.6,82.2,4.8,-3.3,3.12,-1.6,7.2,0,962,36,3.1,5.7,0,0,0,0,0,0,0,274,74,42,98
WAE,2023,1,27,19,-0.6,81.5,4.8,-3.4,3.12,-1.6,7.2,0,962.4,21,3.1,6.6,0,0,0,0,0,0,0,275,25,42,98
WAE,2023,1,27,20,-0.4,81.1,4.8,-3.2,3.12,-1.4,7.4,0,962.6,40,4.9,7.5,0,0,0,0,0,0,0,276,33,42,98
WAE,2023,1,27,21,-0.3,80.2,4.8,-3.3,3.12,-1.4,7.5,0,962.7,48,3.8,6.5,0,0,0,0,0,0,0,267,33,42,98
WAE,2023,1,27,22,-0.3,79.8,4.8,-3.4,3.12,-1.4,7.5,0,962.7,41,3.4,5.7,0,0,0,0,0,0,0,276,23,42,98
WAE,2023,1,27,23,-0.3,79.5,4.7,-3.4,3.05,-1.4,7.3,0,962.7,37,3.9,6.8,0,0,0,0,0,0,0,274,20,42,98
WAE,2023,1,28,0,-0.3,80.5,4.8,-3.2,3.12,-1.4,7.5,0,962.8,45,5.1,8.6,0,0,0,0,0,0,0,272,41,42,98
WAE,2023,1,28,1,-0.3,80.9,4.9,-3.2,3.18,-1.4,7.6,0,962.6,41,4.2,7.4,0,0,0,0,0,0,0,277,100,40,98
WAE,2023,1,28,2,-0.4,81.1,4.8,-3.2,3.12,-1.4,7.4,0,962.7,32,4,6.5,0,0,0,0,0,0,0,276,100,40,98
WAE,2023,1,28,3,-0.3,80.9,4.8,-3.2,3.12,-1.4,7.5,0,962.8,34,4.5,7.2,0,0,0,0,0,0,0,276,100,40,98
WAE,2023,1,28,4,-0.4,82.5,4.9,-3,3.18,-1.4,7.5,0,962.9,34,5.4,8,0,0,0,0,0,0,0,275,100,40,98
WAE,2023,1,28,5,-0.6,82.5,4.8,-3.2,3.12,-1.5,7.2,0,963.1,35,5.1,8.2,0,0,0,0,0,0,0,275,100,40,98
WAE,2023,1,28,6,-0.5,81.7,4.8,-3.2,3.11,-1.5,7.3,0,963.4,37,5.3,8.4,0,0,0,0,0,0,0,274,100,40,98
WAE,2023,1,28,7,-0.5,82.4,4.9,-3.1,3.18,-1.4,7.4,0,963.8,41,5.7,8.5,0,0,0,0,0,0,0,274,100,40,98
WAE,2023,1,28,8,-0.3,80.9,4.8,-3.2,3.11,-1.4,7.5,0,964.2,39,5.6,8.4,18,33,16,11,40,29,11,275,100,40,98
WAE,2023,1,28,9,-0.2,78.9,4.8,-3.4,3.11,-1.4,7.6,0,964.7,38,5.2,8.5,41,0,41,28,28,27,27,276,100,40,98
WAE,2023,1,28,10,0.1,76.4,4.7,-3.5,3.04,-1.2,7.7,0,965,36,5.5,8.9,63,0,63,44,44,42,43,277,100,40,98
WAE,2023,1,28,11,0.2,73.7,4.6,-3.9,2.98,-1.3,7.6,0,964.7,35,5.3,8.3,82,0,82,57,57,55,55,278,100,40,98
WAE,2023,1,28,12,0.2,74.3,4.6,-3.8,2.98,-1.2,7.6,0,964.8,34,7.1,10.5,87,0,87,60,60,58,58,279,100,40,98
WAE,2023,1,28,13,0.4,72.7,4.6,-3.9,2.98,-1.2,7.8,0,964.7,40,5.5,9.3,81,0,81,56,56,54,55,279,100,40,98
WAE,2023,1,28,14,0.5,71.6,4.5,-4,2.91,-1.1,7.8,0,965.2,40,6.1,9.8,66,0,66,46,45,44,44,278,100,40,98
WAE,2023,1,28,15,0.5,68.6,4.4,-4.6,2.85,-1.3,7.6,0,965.6,51,5.5,8.7,43,0,43,30,30,29,29,276,100,40,98
WAE,2023,1,28,16,0.5,69.2,4.4,-4.5,2.85,-1.3,7.6,0,966.1,53,4.7,7.7,24,0,24,18,18,17,17,274,100,40,98
WAE,2023,1,28,17,0.5,69.8,4.4,-4.4,2.84,-1.2,7.6,0,966.7,42,5.4,8.7,0,0,0,0,0,0,0,272,100,40,98
WAE,2023,1,28,18,0.4,70.8,4.5,-4.3,2.91,-1.3,7.7,0,967.2,51,4.4,7.3,0,0,0,0,0,0,0,271,100,40,98
WAE,2023,1,28,19,0.4,69.9,4.4,-4.4,2.84,-1.3,7.5,0,967.5,60,3.4,5.9,0,0,0,0,0,0,0,269,100,40,98
WAE,2023,1,28,20,0.4,70.9,4.4,-4.3,2.84,-1.3,7.5,0,967.6,63,3.3,6.2,0,0,0,0,0,0,0,267,100,40,98
WAE,2023,1,28,21,0.4,73,4.6,-3.9,2.97,-1.2,7.8,0,967.8,44,3.4,5.4,0,0,0,0,0,0,0,265,100,40,98
WAE,2023,1,28,22,0.2,75.5,4.7,-3.6,3.04,-1.2,7.8,0,967.8,36,3.2,5.6,0,0,0,0,0,0,0,248,100,40,98
WAE,2023,1,28,23,-0.3,77.9,4.7,-3.7,3.04,-1.5,7.3,0,967.8,31,2.7,5.7,0,0,0,0,0,0,0,244,100,40,98
WAE,2023,1,29,0,-0.3,75.6,4.5,-4.1,2.91,-1.6,6.9,0,967.7,30,3.4,6.8,0,0,0,0,0,0,0,244,100,40,98
WAE,2023,1,29,1,-0.5,77.2,4.6,-4,2.97,-1.7,6.9,0,967.8,41,3.7,7,0,0,0,0,0,0,0,231,29,42,98
WAE,2023,1,29,2,-0.6,78,4.6,-4,2.97,-1.8,6.8,0,968.4,45,2.8,5.3,0,0,0,0,0,0,0,235,10,42,98
WAE,2023,1,29,3,-0.4,75.8,4.5,-4.1,2.9,-1.7,6.8,0,968.5,64,3.7,6.1,0,0,0,0,0,0,0,237,29,42,98
WAE,2023,1,29,4,-0.5,75,4.4,-4.4,2.84,-1.9,6.6,0,968.2,117,1.3,3,0,0,0,0,0,0,0,233,6,42,98
WAE,2023,1,29,5,-0.5,75.2,4.4,-4.3,2.84,-1.8,6.6,0,967.9,94,1.7,3.7,0,0,0,0,0,0,0,230,0,42,98
WAE,2023,1,29,6,-0.7,75.2,4.4,-4.5,2.84,-2,6.4,0,968.6,119,1.4,3.8,0,0,0,0,0,0,0,230,6,42,98
WAE,2023,1,29,7,-1.2,76.7,4.3,-4.8,2.77,-2.4,5.7,0,969.2,124,2,4,0,0,0,0,0,0,0,237,66,42,98
WAE,2023,1,29,8,-1.1,76.4,4.3,-4.7,2.77,-2.3,5.8,0,968.9,156,1.3,2.8,53,199,27,21,185,147,21,231,39,42,98
WAE,2023,1,29,9,-0.6,70.7,4.1,-5.3,2.64,-2.2,6,0,969,104,0.9,3.2,196,535,82,67,469,469,68,227,29,42,98
WAE,2023,1,29,10,-0.2,70.7,4.3,-4.9,2.77,-1.8,6.7,0,969.6,82,2.2,4.4,170,86,145,102,159,176,100,237,64,42,98
WAE,2023,1,29,11,0.1,64.6,4,-5.8,2.58,-1.9,6.5,0,969.8,105,1.3,2.6,193,30,181,128,139,155,125,248,88,42,98
WAE,2023,1,29,12,0.2,61.2,3.8,-6.4,2.45,-2,6.3,0,969.2,204,1.4,3.4,215,47,195,138,139,184,144,257,94,42,98
WAE,2023,1,29,13,0.3,60.9,3.8,-6.3,2.45,-1.9,6.4,0,968.7,310,1,2.7,235,135,180,129,128,267,173,260,81,42,98
WAE,2023,1,29,14,0.4,62,3.9,-6,2.51,-1.8,6.7,0,968.6,292,2.2,4.9,175,80,149,106,105,177,155,257,94,42,98
WAE,2023,1,29,15,0.4,62,3.9,-6,2.52,-1.8,6.7,0,968.1,288,1.4,2.6,109,33,101,71,71,96,93,256,100,42,98
WAE,2023,1,29,16,0.3,64.5,4,-5.6,2.58,-1.7,6.7,0,968.1,282,1.5,2.9,36,3,35,26,25,27,27,257,100,42,98
WAE,2023,1,29,17,-0.3,67.8,4.1,-5.5,2.64,-2.1,6.3,0,969,279,1.9,3.2,0,0,0,0,0,0,0,257,100,42,98
WAE,2023,1,29,18,-0.3,68.1,4.1,-5.5,2.64,-2.1,6.3,0,969.5,240,1.8,3.5,0,0,0,0,0,0,0,251,78,42,98
WAE,2023,1,29,19,-0.2,68.5,4.1,-5.3,2.64,-2,6.4,0,969.2,221,1,2.2,0,0,0,0,0,0,0,247,48,42,98
WAE,2023,1,29,20,-0.2,68.4,4.1,-5.3,2.64,-2,6.4,0,969.3,231,0.7,1.7,0,0,0,0,0,0,0,247,48,42,98
WAE,2023,1,29,21,-0.4,69.9,4.1,-5.2,2.64,-2,6.2,0,969.7,270,1.1,4.5,0,0,0,0,0,0,0,245,26,42,98
WAE,2023,1,29,22,-1.1,72.4,4.1,-5.4,2.64,-2.6,5.5,0,969.3,202,1.9,4.3,0,0,0,0,0,0,0,239,33,42,98
WAE,2023,1,29,23,-2.1,76.9,4,-5.6,2.58,-3.3,4.3,0,968.6,197,1.4,2.5,0,0,0,0,0,0,0,235,6,42,98
WAE,2023,1,30,0,-2.7,79.1,4,-5.8,2.58,-3.7,3.7,0,968.2,207,1,3,0,0,0,0,0,0,0,237,0,42,98
WAE,2023,1,30,1,-2.8,78.3,3.9,-6,2.52,-3.8,3.4,0,968,217,3.5,4.6,0,0,0,0,0,0,0,235,0,41,98
WAE,2023,1,30,2,-3.1,80.1,3.9,-6,2.52,-4,3.1,0,967.5,208,2.2,3.7,0,0,0,0,0,0,0,240,0,41,98
WAE,2023,1,30,3,-2.9,79,3.9,-6,2.52,-3.9,3.3,0,967.6,223,2,3.7,0,0,0,0,0,0,0,248,40,41,98
WAE,2023,1,30,4,-2.6,77.7,3.9,-5.9,2.51,-3.7,3.6,0,968.5,262,2.9,6.2,0,0,0,0,0,0,0,264,94,41,98
WAE,2023,1,30,5,-2.2,78.9,4.1,-5.4,2.65,-3.3,4.4,0,968,252,2,5.5,0,0,0,0,0,0,0,266,100,41,98
WAE,2023,1,30,6,-2.7,80.8,4.1,-5.5,2.65,-3.6,3.9,0,967.5,202,1.3,3.3,0,0,0,0,0,0,0,255,59,41,98
WAE,2023,1,30,7,-3.3,81.9,3.9,-5.9,2.52,-4.1,2.9,0,967.3,201,1.4,3.4,0,0,0,0,0,0,0,262,75,41,98
WAE,2023,1,30,8,-2.9,81.3,4,-5.6,2.58,-3.8,3.5,0,968.8,252,3,5.1,62,274,28,22,251,192,22,261,59,41,98
WAE,2023,1,30,9,-1.5,75.4,4.1,-5.3,2.64,-2.8,5.1,0,968.8,248,2.7,5.2,177,397,93,70,375,364,70,256,40,41,98
WAE,2023,1,30,10,-0.5,71.7,4.2,-5,2.71,-2.1,6.2,0,969,253,3.3,6.9,315,646,104,94,463,663,96,267,45,41,98
WAE,2023,1,30,11,0.1,69.8,4.3,-4.7,2.77,-1.6,7,0,969.1,266,2.8,7,309,409,145,116,255,518,117,272,68,41,98
WAE,2023,1,30,12,1.4,64.2,4.3,-4.6,2.78,-0.8,8.3,0,967.4,217,1.9,5.5,344,384,182,141,197,529,158,281,58,41,98
WAE,2023,1,30,13,2.1,63.7,4.5,-4.1,2.91,-0.2,9.4,0,966.5,315,1.4,4.6,402,710,114,112,112,804,329,280,50,41,98
WAE,2023,1,30,14,3.6,59.5,4.7,-3.5,3.04,0.9,11.2,0,966.6,259,1.6,5.6,211,249,131,96,96,318,248,289,68,41,98
WAE,2023,1,30,15,3.8,59.8,4.8,-3.3,3.1,1.1,11.6,0,966.8,274,1.7,5.1,106,111,82,58,58,140,144,293,88,41,98
WAE,2023,1,30,16,3.3,68.1,5.3,-2,3.43,1.2,11.9,0,967.2,283,2.4,6.3,80,297,36,31,31,222,273,292,61,41,98
WAE,2023,1,30,17,3.5,64.8,5.1,-2.5,3.29,1.2,11.8,0,967.9,306,2,6.4,0,0,0,0,0,0,0,293,68,41,98
WAE,2023,1,30,18,3.1,67.7,5.2,-2.3,3.36,1,11.5,0,969.1,291,1.9,5.6,0,0,0,0,0,0,0,292,94,41,98
WAE,2023,1,30,19,2.2,79.9,5.7,-0.9,3.68,1,11.4,0,969.6,237,1.8,3.5,0,0,0,0,0,0,0,291,100,41,98
WAE,2023,1,30,20,2,82.2,5.8,-0.7,3.74,0.9,11.4,0,969.7,196,1.9,4,0,0,0,0,0,0,0,291,100,41,98
WAE,2023,1,30,21,1.9,81.4,5.7,-0.9,3.68,0.8,11.1,0,970.1,277,0.9,4.1,0,0,0,0,0,0,0,284,88,41,98
WAE,2023,1,30,22,1.8,87.6,6.1,0,3.93,1.1,11.6,0,970.5,114,1.2,3.6,0,0,0,0,0,0,0,282,100,41,98
WAE,2023,1,30,23,1.5,89.1,6.1,-0.1,3.93,0.9,11.3,0,970.6,233,1.1,2.7,0,0,0,0,0,0,0,277,81,41,98
WAE,2023,1,31,0,1.6,85.5,5.9,-0.6,3.8,0.7,11.1,0,970.7,259,1.6,3.1,0,0,0,0,0,0,0,270,45,41,98
WAE,2023,1,31,1,1.5,88.5,6.1,-0.2,3.94,0.8,11.3,0,970.2,159,1.6,3.8,0,0,0,0,0,0,0,260,48,39,98
WAE,2023,1,31,2,1.6,92.5,6.3,0.5,4.07,1.1,11.8,0,970.1,119,1.1,3.5,0,0,0,0,0,0,0,253,36,39,98
WAE,2023,1,31,3,1.3,94.1,6.3,0.5,4.07,1,11.5,0,970.1,135,0.7,3,0,0,0,0,0,0,0,249,23,39,98
WAE,2023,1,31,4,1.2,93.5,6.2,0.3,4,0.8,11.2,0,970.4,297,0.4,1.1,0,0,0,0,0,0,0,241,0,39,98
WAE,2023,1,31,5,1.6,91.1,6.3,0.3,4.06,1.1,11.8,0,970.6,234,0.9,1.6,0,0,0,0,0,0,0,237,0,39,98
WAE,2023,1,31,6,1.6,88.9,6.1,0,3.93,0.9,11.4,0,970.9,204,1.1,1.9,0,0,0,0,0,0,0,238,0,39,98
WAE,2023,1,31,7,1.7,87.6,6.1,-0.1,3.93,1,11.5,0,971.1,202,0.6,1.3,0,0,0,0,0,0,0,243,0,39,98
WAE,2023,1,31,8,1.8,85.1,5.9,-0.4,3.8,0.9,11.3,0,971.3,143,0.6,1.7,70,351,31,24,322,233,24,247,36,39,98
WAE,2023,1,31,9,2.3,87.9,6.3,0.5,4.06,1.6,12.5,0,971.3,97,1.8,3.3,125,91,105,72,143,139,71,253,40,39,98
WAE,2023,1,31,10,3,78.8,6,-0.3,3.87,1.6,12.7,0,971.3,83,1.7,2.9,308,583,110,93,416,614,94,250,25,39,98
WAE,2023,1,31,11,2.9,77,5.8,-0.7,3.74,1.4,12.3,0,971.2,77,1.1,3.4,427,828,94,102,376,894,106,258,25,39,98
WAE,2023,1,31,12,4.1,70.1,5.7,-0.9,3.68,2,13.3,0,970.3,254,2.4,4.6,416,590,166,133,214,731,159,274,54,39,98
WAE,2023,1,31,13,4.6,65.6,5.6,-1.3,3.61,2.2,13.7,0,970.1,266,3.2,6.4,284,279,174,131,131,393,233,292,75,39,98
WAE,2023,1,31,14,5,64,5.6,-1.2,3.61,2.4,14.1,0,969.7,264,2,4.8,309,535,118,100,100,585,371,277,51,39,98
WAE,2023,1,31,15,4.8,64.2,5.5,-1.4,3.55,2.3,13.7,0,970.1,288,1.8,3.6,64,4,63,43,43,45,45,294,100,39,98
WAE,2023,1,31,16,4.5,64.5,5.4,-1.6,3.48,2,13.2,0,969.9,243,1.2,3.3,11,0,11,8,7,7,7,293,100,39,98
WAE,2023,1,31,17,4.2,65.1,5.4,-1.8,3.45,1.8,12.8,0,970.1,299,2,4.7,0,0,0,0,0,0,0,289,88,39,98
WAE,2023,1,31,18,4,66.5,5.4,-1.7,3.47,1.7,12.7,0,970.2,236,2.5,4.9,0,0,0,0,0,0,0,293,100,39,98
WAE,2023,1,31,19,3.7,67.6,5.4,-1.7,3.47,1.6,12.4,0,970.4,283,3.3,5.6,0,0,0,0,0,0,0,293,100,39,98
WAE,2023,1,31,20,3.3,69.2,5.4,-1.8,3.46,1.3,12,0,970.4,278,2.7,5.6,0,0,0,0,0,0,0,285,80,39,98
WAE,2023,1,31,21,2.7,71.7,5.3,-1.9,3.42,0.9,11.3,0,970.7,252,2.4,4.6,0,0,0,0,0,0,0,269,50,39,98
WAE,2023,1,31,22,2.1,74,5.3,-2.1,3.39,0.5,10.6,0,970.8,248,1.2,4.5,0,0,0,0,0,0,0,281,84,39,98
WAE,2023,1,31,23,1.4,76.8,5.2,-2.4,3.32,-0.1,9.7,0,971.1,234,3.2,5.5,0,0,0,0,0,0,0,281,84,39,98
WAE,1997,2,1,0,0.6,79.4,5.1,-2.7,3.25,-0.6,8.7,0,971.3,333,0.7,3.2,0,0,0,0,0,0,0,241,0,22,97
WAE,1997,2,1,1,-0.2,81.9,4.9,-2.9,3.18,-1.2,7.8,0,971.5,285,2,3.7,0,0,0,0,0,0,0,246,20,22,97
WAE,1997,2,1,2,-0.7,83.2,4.8,-3.2,3.12,-1.6,7.1,0,971.7,291,1.4,2.8,0,0,0,0,0,0,0,238,0,22,97
WAE,1997,2,1,3,-1.2,84.6,4.8,-3.4,3.06,-2,6.5,0,971.9,278,1.4,3.3,0,0,0,0,0,0,0,237,0,22,97
WAE,1997,2,1,4,-1.5,85.2,4.7,-3.6,3.01,-2.2,6,0,971.9,320,1,2.3,0,0,0,0,0,0,0,235,0,22,97
WAE,1997,2,1,5,-1.5,84.5,4.6,-3.7,2.99,-2.2,6,0,971.9,284,0.9,2.7,0,0,0,0,0,0,0,234,0,22,97
WAE,1997,2,1,6,-1.5,83.8,4.6,-3.8,2.97,-2.3,5.9,0,971.9,66,1.3,3.8,0,0,0,0,0,0,0,233,0,22,97
WAE,1997,2,1,7,-1.4,83.4,4.6,-3.8,2.96,-2.3,6,0,971.9,90,0.5,3,64,182,45,26,184,131,26,241,20,22,97
WAE,1997,2,1,8,-1.4,82.6,4.6,-4,2.96,-2.3,6,0,971.8,167,0.9,3,132,91,111,65,135,132,63,251,55,22,97
WAE,1997,2,1,9,-1.3,83.4,4.6,-3.7,2.96,-2.1,6.1,0,971.6,27,0.6,2.5,120,5,118,71,74,71,68,256,68,22,97
WAE,1997,2,1,10,-1.1,83,4.7,-3.6,3.02,-2,6.4,0,971.7,36,1.4,3.1,159,8,155,93,95,96,90,259,75,22,97
WAE,1997,2,1,11,-0.8,80.1,4.6,-3.8,2.96,-1.9,6.6,0,971.6,252,0.7,2.4,168,15,162,97,97,106,95,269,100,22,97
WAE,1997,2,1,12,-0.6,78.3,4.6,-3.9,2.96,-1.8,6.8,0,971.2,301,0.9,3.1,118,0,118,71,70,66,68,276,100,22,97
WAE,1997,2,1,13,-0.5,78.3,4.6,-3.8,2.96,-1.7,6.9,0,971.2,347,1.4,3.3,100,0,99,60,59,56,57,265,88,22,97
WAE,1997,2,1,14,-0.5,77.9,4.6,-3.9,2.96,-1.7,6.9,0,971,6,1.1,2.8,64,0,64,38,38,36,37,262,100,22,97
WAE,1997,2,1,15,-0.6,78,4.6,-4,2.96,-1.8,6.8,0,971,22,0.6,2.4,40,9,39,23,23,27,29,251,63,22,97
WAE,1997,2,1,16,-0.6,77.9,4.6,-4,2.96,-1.8,6.8,0,971,153,0.5,1.6,0,0,0,0,0,0,0,244,40,22,97
WAE,1997,2,1,17,-0.6,78.9,4.6,-3.8,2.96,-1.7,6.8,0,971,225,1,2,0,0,0,0,0,0,0,232,0,22,97
WAE,1997,2,1,18,-0.5,79.2,4.7,-3.7,3.03,-1.6,7,0,970.9,211,0.6,1.7,0,0,0,0,0,0,0,231,0,22,97
WAE,1997,2,1,19,-0.4,79.6,4.7,-3.5,3.03,-1.5,7.1,0,970.9,191,1.1,2.8,0,0,0,0,0,0,0,229,0,22,97
WAE,1997,2,1,20,-0.6,80.5,4.7,-3.5,3.03,-1.6,6.9,0,970.9,171,1.4,2.6,0,0,0,0,0,0,0,228,0,22,97
WAE,1997,2,1,21,-0.7,81.2,4.7,-3.5,3.03,-1.7,6.8,0,970.9,204,1.8,3.9,0,0,0,0,0,0,0,226,0,22,97
WAE,1997,2,1,22,-1,81.8,4.6,-3.7,2.96,-2,6.4,0,970.8,216,1.4,2.7,0,0,0,0,0,0,0,225,0,22,97
WAE,1997,2,1,23,-1.2,82.8,4.7,-3.7,3.03,-2.1,6.3,0,970.3,234,1.8,3.5,0,0,0,0,0,0,0,223,0,22,97
WAE,1997,2,2,0,-1.5,84.3,4.6,-3.8,2.96,-2.3,5.9,0,969.8,222,2.4,3.7,0,0,0,0,0,0,0,222,0,22,97
WAE,1997,2,2,1,-1.7,85,4.6,-3.9,2.97,-2.5,5.7,0,969.4,225,1.2,3.3,0,0,0,0,0,0,0,222,0,22,97
WAE,1997,2,2,2,-1.7,85.8,4.6,-3.8,2.97,-2.4,5.7,0,969.2,225,1.1,2.8,0,0,0,0,0,0,0,221,0,22,97
WAE,1997,2,2,3,-1.8,85,4.6,-4,2.97,-2.6,5.6,0,968.9,243,1.1,2.9,0,0,0,0,0,0,0,223,13,22,97
WAE,1997,2,2,4,-2,84.7,4.5,-4.2,2.9,-2.8,5.2,0,968.8,168,1.5,3,0,0,0,0,0,0,0,220,0,22,97
WAE,1997,2,2,5,-2.4,85.9,4.4,-4.4,2.84,-3.1,4.6,0,968.7,216,1.4,3.2,0,0,0,0,0,0,0,220,0,22,97
WAE,1997,2,2,6,-2.6,85.2,4.3,-4.7,2.77,-3.3,4.3,0,968.7,248,1.9,3.4,0,0,0,0,0,0,0,223,13,22,97
WAE,1997,2,2,7,-2.5,85.3,4.4,-4.6,2.84,-3.2,4.5,0,969,174,1.3,3.4,74,198,54,31,204,144,30,233,45,22,97
WAE,1997,2,2,8,-2.4,86.3,4.4,-4.4,2.84,-3.1,4.6,0,969,191,1.4,3.1,151,143,117,68,178,176,66,235,40,22,97
WAE,1997,2,2,9,-2.3,85.5,4.4,-4.4,2.84,-3,4.7,0,969.3,234,1.2,2.9,186,73,162,95,142,158,92,244,63,22,97
WAE,1997,2,2,10,-2,84.6,4.5,-4.2,2.9,-2.8,5.2,0,969.2,259,1.2,4.2,219,54,197,117,139,166,112,248,68,22,97
WAE,1997,2,2,11,-1.6,84,4.6,-3.9,2.97,-2.4,5.8,0,968.8,252,1.1,2.7,248,78,215,126,131,203,134,251,60,22,97
WAE,1997,2,2,12,-1.3,84.4,4.7,-3.6,3.03,-2.1,6.2,0,968.3,360,0.7,2.6,311,252,207,117,116,373,216,251,40,22,97
WAE,1997,2,2,13,-1,84.2,4.8,-3.3,3.1,-1.8,6.7,0,967.7,333,0.6,2.2,285,364,158,88,88,423,304,251,40,22,97
WAE,1997,2,2,14,0.1,78.9,4.9,-3.1,3.17,-1.1,8,0,967.6,266,1.5,3.3,201,384,104,58,58,357,346,257,68,22,97
WAE,1997,2,2,15,-0.3,80.3,4.8,-3.3,3.1,-1.4,7.4,0,967.4,239,1.2,2.6,78,200,47,29,29,155,196,256,60,22,97
WAE,1997,2,2,16,-0.8,83.6,4.8,-3.2,3.1,-1.7,6.9,0,967.7,238,2.3,4.4,0,0,0,0,0,0,0,257,63,22,97
WAE,1997,2,2,17,-1.6,86.6,4.7,-3.5,3.03,-2.3,5.9,0,968,225,2.7,4.2,0,0,0,0,0,0,0,244,13,22,97
WAE,1997,2,2,18,-1.9,86,4.6,-3.9,2.97,-2.6,5.5,0,968.4,236,2.6,3.9,0,0,0,0,0,0,0,241,0,22,97
WAE,1997,2,2,19,-2.1,86.9,4.6,-4,2.97,-2.8,5.3,0,968.7,230,1.5,3.1,0,0,0,0,0,0,0,241,0,22,97
WAE,1997,2,2,20,-2.6,89.2,4.5,-4.1,2.9,-3.1,4.6,0,968.4,194,0.9,2.3,0,0,0,0,0,0,0,240,0,22,97
WAE,1997,2,2,21,-2.7,88.3,4.4,-4.4,2.84,-3.3,4.3,0,968.5,220,0.8,2.8,0,0,0,0,0,0,0,240,0,22,97
WAE,1997,2,2,22,-2.9,89,4.4,-4.5,2.84,-3.4,4.1,0,968.5,236,0.8,2.7,0,0,0,0,0,0,0,239,0,22,97
WAE,1997,2,2,23,-3,89.2,4.4,-4.5,2.84,-3.5,4,0,968.6,252,1,2,0,0,0,0,0,0,0,239,0,22,97
WAE,1997,2,3,0,-3.1,89.9,4.4,-4.5,2.84,-3.6,3.9,0,968.4,225,1,2.5,0,0,0,0,0,0,0,242,13,22,97
WAE,1997,2,3,1,-3.4,89.5,4.3,-4.9,2.77,-3.9,3.5,0,968.4,189,0.7,2,0,0,0,0,0,0,0,249,33,22,97
WAE,1997,2,3,2,-2.9,91.5,4.5,-4.1,2.9,-3.3,4.3,0,968.2,201,0.9,1.9,0,0,0,0,0,0,0,243,13,22,97
WAE,1997,2,3,3,-2.8,93.6,4.7,-3.7,3.03,-3.1,4.7,0,968,235,1.2,2.2,0,0,0,0,0,0,0,247,25,22,97
WAE,1997,2,3,4,-2.6,94.5,4.8,-3.4,3.1,-2.9,5.1,0,968,234,0.9,2.2,0,0,0,0,0,0,0,252,38,22,97
WAE,1997,2,3,5,-3.1,90.7,4.4,-4.4,2.84,-3.5,3.9,0,968.1,231,1.9,2.7,0,0,0,0,0,0,0,265,75,22,97
WAE,1997,2,3,6,-3.3,92.7,4.4,-4.3,2.84,-3.6,3.7,0,968.4,234,1.7,2.7,0,0,0,0,0,0,0,256,45,22,97
WAE,1997,2,3,7,-3.3,92.6,4.4,-4.3,2.84,-3.6,3.7,0,968.9,246,1.9,3.2,86,290,51,29,279,200,28,258,40,22,97
WAE,1997,2,3,8,-3,92.1,4.5,-4.1,2.9,-3.4,4.2,0,969.4,240,1.6,3.6,186,338,105,59,319,315,58,266,50,22,97
WAE,1997,2,3,9,-2.7,91.9,4.6,-3.8,2.96,-3.1,4.7,0,969.9,246,1.3,2.7,226,167,168,97,201,248,94,272,60,22,97
WAE,1997,2,3,10,-2.2,92.1,4.8,-3.3,3.09,-2.6,5.5,0,970,254,0.9,2.9,255,127,203,118,174,243,114,279,68,22,97
WAE,1997,2,3,11,-2.1,92.2,4.8,-3.2,3.09,-2.5,5.6,0,969.6,23,0.8,2.4,235,62,208,123,133,183,122,284,75,22,97
WAE,1997,2,3,12,-1.9,91.5,4.9,-3.1,3.16,-2.3,6,0,969.2,30,0.9,3.1,235,80,202,119,118,195,148,289,80,22,97
WAE,1997,2,3,13,-1.6,90.6,4.9,-2.9,3.16,-2.1,6.3,0,968.8,37,1,2.6,203,95,170,100,99,183,155,293,100,22,97
WAE,1997,2,3,14,-1.5,90.1,4.9,-2.9,3.16,-2,6.4,0,969,36,0.9,2.1,144,109,117,69,68,150,151,291,100,22,97
WAE,1997,2,3,15,-1.1,88.7,5,-2.7,3.23,-1.7,6.9,0,969.1,63,0.4,1.7,54,41,48,30,30,55,63,294,100,22,97
WAE,1997,2,3,16,-1.1,89.8,5.1,-2.6,3.29,-1.6,7.1,0,969.6,81,0.6,1.8,0,0,0,0,0,0,0,288,88,22,97
WAE,1997,2,3,17,-0.9,89,5.1,-2.5,3.29,-1.5,7.3,0,970,158,0.7,1.8,0,0,0,0,0,0,0,269,45,22,97
WAE,1997,2,3,18,-1.4,92,5.1,-2.5,3.29,-1.8,6.8,0,970.2,214,1.4,3,0,0,0,0,0,0,0,263,33,22,97
WAE,1997,2,3,19,-1.4,91.4,5.1,-2.6,3.29,-1.8,6.8,0,970.4,166,1.3,2.6,0,0,0,0,0,0,0,260,33,22,97
WAE,1997,2,3,20,-1.4,91.9,5.1,-2.5,3.29,-1.8,6.8,0,970.4,135,0.8,2.4,0,0,0,0,0,0,0,253,20,22,97
WAE,1997,2,3,21,-1.6,92,5,-2.7,3.22,-2,6.4,0,970.6,121,1.2,2.9,0,0,0,0,0,0,0,251,20,22,97
WAE,1997,2,3,22,-2,91.9,4.9,-3.1,3.16,-2.4,5.8,0,970.4,127,1.1,2.8,0,0,0,0,0,0,0,249,20,22,97
WAE,1997,2,3,23,-2.6,94,4.7,-3.4,3.03,-2.9,4.9,0,970.5,124,1.1,2.4,0,0,0,0,0,0,0,240,0,22,97
WAE,1997,2,4,0,-3,93,4.5,-4,2.9,-3.3,4.2,0,970.2,211,0.7,1.8,0,0,0,0,0,0,0,239,0,22,97
WAE,1997,2,4,1,-3.3,94,4.5,-4.1,2.9,-3.6,3.9,0,970.4,249,1.1,2.5,0,0,0,0,0,0,0,238,0,22,97
WAE,1997,2,4,2,-3.2,95.3,4.6,-3.8,2.96,-3.4,4.1,0,970.1,18,0.5,2,0,0,0,0,0,0,0,238,0,22,97
WAE,1997,2,4,3,-2.9,94.3,4.7,-3.7,3.03,-3.2,4.6,0,970.2,72,0.4,1.7,0,0,0,0,0,0,0,237,0,22,97
WAE,1997,2,4,4,-2.8,94.6,4.7,-3.5,3.03,-3,4.7,0,970,45,0.5,1.8,0,0,0,0,0,0,0,237,0,22,97
WAE,1997,2,4,5,-2.8,93.6,4.7,-3.7,3.03,-3.1,4.7,0,969.8,104,0.8,2.3,0,0,0,0,0,0,0,249,40,22,97
WAE,1997,2,4,6,-2.7,93,4.7,-3.7,3.03,-3,4.8,0,969.7,180,0.5,2.3,0,0,0,0,0,0,0,255,55,22,97
WAE,1997,2,4,7,-2.5,91.4,4.7,-3.7,3.03,-2.9,5,0,969.9,107,1.1,2.9,45,39,39,23,57,47,23,271,88,22,97
WAE,1997,2,4,8,-2.7,90.4,4.5,-4,2.9,-3.1,4.5,0,969.8,129,0.7,2.3,159,161,117,68,191,192,65,278,88,22,97
WAE,1997,2,4,9,-2.4,88.5,4.5,-4,2.9,-3,4.8,0,969.7,243,0.9,2.8,185,73,161,95,141,156,91,285,88,22,97
WAE,1997,2,4,10,-2.1,89.2,4.7,-3.6,3.03,-2.6,5.4,0,969.5,304,0.5,3,265,137,207,120,174,257,116,289,88,22,97
WAE,1997,2,4,11,-1.5,87.3,4.8,-3.3,3.1,-2.1,6.2,0,968.8,14,0.8,2.5,258,93,217,127,143,220,129,288,75,22,97
WAE,1997,2,4,12,-1.1,85.8,4.9,-3.2,3.17,-1.9,6.8,0,967.8,128,2.2,4.8,275,162,207,120,119,281,185,295,80,22,97
WAE,1997,2,4,13,-0.7,83,4.9,-3.2,3.17,-1.6,7.2,0,967.4,241,3.6,5.7,271,298,165,93,93,365,273,297,88,22,97
WAE,1997,2,4,14,-0.2,81.6,4.9,-3,3.17,-1.2,7.7,0,966.8,236,2.9,5.4,159,226,106,62,62,226,237,291,75,22,97
WAE,1997,2,4,15,-0.1,83,5,-2.6,3.24,-1,8,0,966.1,234,1.4,3.6,85,218,50,31,30,168,214,288,68,22,97
WAE,1997,2,4,16,-0.4,83.4,5,-2.9,3.24,-1.3,7.7,0,965.8,232,1.2,2.9,0,0,0,0,0,0,0,290,75,22,97
WAE,1997,2,4,17,-0.4,82,4.9,-3.1,3.17,-1.4,7.5,0,966.1,257,1,2.4,0,0,0,0,0,0,0,287,68,22,97
WAE,1997,2,4,18,-0.3,82.1,4.9,-3,3.17,-1.3,7.6,0,965.8,270,0.6,2.2,0,0,0,0,0,0,0,289,75,22,97
WAE,1997,2,4,19,-0.4,83.8,5,-2.8,3.24,-1.3,7.7,0,965.8,129,0.7,2.6,0,0,0,0,0,0,0,299,100,22,97
WAE,1997,2,4,20,-0.4,85.9,5.1,-2.5,3.3,-1.2,7.8,0,965.7,146,0.8,2.2,0,0,0,0,0,0,0,300,100,22,97
WAE,1997,2,4,21,-0.5,85.6,5.1,-2.6,3.3,-1.3,7.7,0,965,194,0.5,2.3,0,0,0,0,0,0,0,299,100,22,97
WAE,1997,2,4,22,-0.8,86.6,5,-2.7,3.24,-1.5,7.3,0,965,162,0.7,2.9,0,0,0,0,0,0,0,293,88,22,97
WAE,1997,2,4,23,-0.7,85.3,5,-2.9,3.24,-1.5,7.4,0,965,249,0.9,3.1,0,0,0,0,0,0,0,283,68,22,97
WAE,1997,2,5,0,-0.8,84.1,4.8,-3.1,3.11,-1.6,6.9,0,964.9,101,0.6,2.3,0,0,0,0,0,0,0,291,88,22,97
WAE,1997,2,5,1,-1.3,86.1,4.8,-3.3,3.11,-2,6.4,0,964.2,139,1.1,2.6,0,0,0,0,0,0,0,284,63,22,97
WAE,1997,2,5,2,-1.2,85.3,4.8,-3.3,3.11,-2,6.5,0,963.4,127,1,3.2,0,0,0,0,0,0,0,301,100,22,97
WAE,1997,2,5,3,-1,85.4,4.9,-3.1,3.18,-1.8,6.9,0,963,0,0.3,1.6,0,0,0,0,0,0,0,298,88,22,97
WAE,1997,2,5,4,-0.5,83.1,4.9,-3,3.18,-1.4,7.4,0,962.9,233,0.5,2.4,0,0,0,0,0,0,0,304,100,22,97
WAE,1997,2,5,5,0.2,80.3,5,-2.8,3.25,-0.9,8.3,0,962.4,135,0.5,2.3,0,0,0,0,0,0,0,305,100,22,97
WAE,1997,2,5,6,0.1,83.7,5.2,-2.3,3.38,-0.8,8.5,0,962.5,130,0.9,3,0,0,0,0,0,0,0,307,100,22,97
WAE,1997,2,5,7,0.7,80.8,5.2,-2.2,3.38,-0.4,9.1,0,962.4,127,1.1,3.4,30,102,21,12,104,65,12,309,100,22,97
WAE,1997,2,5,8,4,66.6,5.4,-1.6,3.51,1.7,12.8,0,961.8,257,2.3,6.9,15,0,15,9,9,9,9,312,100,22,97
WAE,1997,2,5,9,3.8,69.5,5.6,-1.3,3.64,1.7,12.9,0,961.5,243,1.7,5.4,92,0,92,55,55,52,53,315,100,22,97
WAE,1997,2,5,10,5.4,64.2,5.8,-0.8,3.78,2.8,14.9,0,960.7,263,2.6,6.8,34,0,34,20,20,19,19,318,100,22,97
WAE,1997,2,5,11,4.2,77.1,6.4,0.6,4.17,2.7,14.7,0.4,961.1,260,1.9,6.6,37,0,37,22,22,21,21,321,100,22,97
WAE,1997,2,5,12,4.4,81.5,6.8,1.5,4.44,3.1,15.5,0.4,960.4,214,0.9,4.3,34,0,34,20,20,19,20,323,100,22,97
WAE,1997,2,5,13,4.4,83.1,7,1.8,4.57,3.3,15.9,0.1,960.6,18,0.5,2.3,26,0,26,16,16,15,15,322,100,22,97
WAE,1997,2,5,14,3,92.2,7,1.9,4.56,2.5,14.4,1.9,961.1,100,1.2,3.9,16,0,16,10,10,9,9,322,100,22,97
WAE,1997,2,5,15,3,93.8,7.1,2.1,4.63,2.6,14.6,2.1,961.8,180,1.5,4.5,6,0,6,4,4,4,4,321,100,22,97
WAE,1997,2,5,16,3.9,89.5,7.2,2.3,4.69,3.2,15.7,0.9,962.9,259,2.2,10.9,0,0,0,0,0,0,0,320,100,22,97
WAE,1997,2,5,17,5,83.6,7.3,2.5,4.75,3.9,16.9,0,964.2,257,5.5,11.2,0,0,0,0,0,0,0,319,100,22,97
WAE,1997,2,5,18,4.8,86.3,7.4,2.7,4.8,3.8,16.9,1.2,965.5,255,4.7,9.7,0,0,0,0,0,0,0,317,100,22,97
WAE,1997,2,5,19,4.5,87.6,7.4,2.6,4.8,3.6,16.5,0.9,966.8,253,5.6,9.9,0,0,0,0,0,0,0,308,88,22,97
WAE,1997,2,5,20,4.4,86,7.2,2.3,4.66,3.5,16.1,0,968.1,247,4.9,9.9,0,0,0,0,0,0,0,295,68,22,97
WAE,1997,2,5,21,4.2,83,6.8,1.6,4.39,3.1,15.2,0,969.4,256,3.3,5.8,0,0,0,0,0,0,0,304,100,22,97
WAE,1997,2,5,22,4,82.2,6.7,1.2,4.32,2.8,14.8,0,970.8,283,3.5,7.1,0,0,0,0,0,0,0,294,88,22,97
WAE,1997,2,5,23,3.4,76.6,6,-0.3,3.86,1.9,13.1,0,972.1,316,2.7,7,0,0,0,0,0,0,0,288,88,22,97
WAE,1997,2,6,0,3,77.6,5.9,-0.5,3.79,1.6,12.5,0,973.3,318,1.7,5.3,0,0,0,0,0,0,0,282,88,23,97
WAE,1997,2,6,1,2.3,77.8,5.6,-1.2,3.6,0.9,11.3,0,973.9,32,1,4.6,0,0,0,0,0,0,0,265,50,23,97
WAE,1997,2,6,2,0.4,84.4,5.3,-1.9,3.4,-0.5,8.9,0,974,261,0.6,1.8,0,0,0,0,0,0,0,249,13,23,97
WAE,1997,2,6,3,-0.1,83.4,5,-2.6,3.21,-1,7.9,0,974.1,284,0.9,2.1,0,0,0,0,0,0,0,242,0,23,97
WAE,1997,2,6,4,-0.5,85,5,-2.7,3.21,-1.3,7.5,0,974.2,260,1.1,2.3,0,0,0,0,0,0,0,239,0,23,97
WAE,1997,2,6,5,-0.6,85.5,5,-2.7,3.21,-1.4,7.4,0,975,254,1.5,2.4,0,0,0,0,0,0,0,236,0,23,97
WAE,1997,2,6,6,-1.2,87.7,4.9,-3,3.14,-1.9,6.6,0,976.1,270,0.6,1.7,0,0,0,0,0,0,0,235,0,23,97
WAE,1997,2,6,7,-1.3,88.9,4.9,-2.9,3.14,-1.9,6.5,0,976.6,153,0.7,1.9,99,360,52,29,343,239,29,241,13,23,97
WAE,1997,2,6,8,-0.2,88.9,5.4,-1.8,3.46,-0.8,8.4,0,976.9,104,0.8,2.6,245,636,80,48,521,521,48,241,0,23,97
WAE,1997,2,6,9,0.7,84.7,5.5,-1.6,3.52,-0.2,9.5,0,976.4,101,1.1,2.8,357,701,103,64,462,677,65,244,0,23,97
WAE,1997,2,6,10,2,75.5,5.3,-1.9,3.4,0.5,10.5,0,976.2,82,0.7,2.3,447,808,99,70,339,834,72,247,0,23,97
WAE,1997,2,6,11,3.2,68.1,5.2,-2.1,3.33,1.1,11.6,0,975.6,63,0.9,2.4,466,773,115,77,139,836,135,251,0,23,97
WAE,1997,2,6,12,4.5,61.1,5.1,-2.3,3.27,1.8,12.7,0,975.3,90,1.3,4.2,444,773,110,73,74,811,330,253,0,23,97
WAE,1997,2,6,13,5,59.2,5.2,-2.3,3.34,2.1,13.4,0,975,85,1.1,3.7,368,723,100,64,64,700,461,251,0,23,97
WAE,1997,2,6,14,5.3,55.9,5,-2.8,3.21,2.1,13.4,0,975,39,0.7,2.2,248,617,83,50,50,515,506,255,13,23,97
WAE,1997,2,6,15,5.2,58.2,5.2,-2.3,3.34,2.2,13.6,0,974.9,333,0.4,1.3,90,243,49,31,31,183,236,256,20,23,97
WAE,1997,2,6,16,3.2,69.1,5.3,-1.9,3.4,1.2,11.7,0,975.1,252,0.6,1,0,0,0,0,0,0,0,254,20,23,97
WAE,1997,2,6,17,2.4,72,5.2,-2.1,3.33,0.6,10.7,0,975.5,221,2.2,3.7,0,0,0,0,0,0,0,245,0,23,97
WAE,1997,2,6,18,1.3,76.8,5.2,-2.3,3.33,-0.1,9.6,0,975.6,247,1.2,3.3,0,0,0,0,0,0,0,244,0,23,97
WAE,1997,2,6,19,0.9,78.6,5.1,-2.4,3.27,-0.3,9.1,0,975.6,288,0.4,2.1,0,0,0,0,0,0,0,244,0,23,97
WAE,1997,2,6,20,-0.1,83.2,5.1,-2.6,3.27,-1,8.1,0,975.3,252,0.4,1.9,0,0,0,0,0,0,0,244,0,23,97
WAE,1997,2,6,21,-0.1,81,4.9,-3,3.14,-1.2,7.7,0,975,153,1.2,3.4,0,0,0,0,0,0,0,244,0,23,97
WAE,1997,2,6,22,-0.7,83.8,4.9,-3.1,3.14,-1.6,7.1,0,975.1,270,0.9,1.6,0,0,0,0,0,0,0,244,0,23,97
WAE,1997,2,6,23,-0.7,83.8,4.9,-3.1,3.14,-1.6,7.1,0,975,238,0.9,1.9,0,0,0,0,0,0,0,244,0,23,97
WAE,1997,2,7,0,-1.2,85.9,4.8,-3.3,3.08,-2,6.5,0,974.6,270,0.2,1.3,0,0,0,0,0,0,0,244,0,22,97
WAE,1997,2,7,1,-1.3,85,4.7,-3.5,3.01,-2.1,6.2,0,974.5,270,0.2,1.2,0,0,0,0,0,0,0,243,0,22,97
WAE,1997,2,7,2,-1.1,82.5,4.7,-3.7,3.02,-2,6.4,0,974.2,225,0.2,1.5,0,0,0,0,0,0,0,243,0,22,97
WAE,1997,2,7,3,-1.8,87,4.7,-3.7,3.02,-2.5,5.7,0,974.3,0,0.1,1.1,0,0,0,0,0,0,0,243,0,22,97
WAE,1997,2,7,4,-2,88.1,4.6,-3.7,2.95,-2.6,5.3,0,974.5,225,0.2,1.6,0,0,0,0,0,0,0,242,0,22,97
WAE,1997,2,7,5,-2.3,84.3,4.4,-4.6,2.82,-3.1,4.7,0,974.9,135,0.3,1.4,0,0,0,0,0,0,0,242,0,22,97
WAE,1997,2,7,6,-2.2,82.3,4.3,-4.8,2.76,-3.1,4.6,0,974.9,135,0.6,2.2,0,0,0,0,0,0,0,247,13,22,97
WAE,1997,2,7,7,-1.4,77,4.3,-4.9,2.75,-2.6,5.4,0,975.5,149,0.6,1.6,103,362,53,30,346,241,30,252,13,22,97
WAE,1997,2,7,8,0.5,71.6,4.5,-4,2.88,-1.1,7.7,0,975.5,90,0.3,1.2,236,566,86,50,475,473,50,253,0,22,97
WAE,1997,2,7,9,1.3,74.5,5,-2.7,3.2,-0.2,9.3,0,975.6,45,0.2,1.5,361,718,96,62,465,685,63,258,0,22,97
WAE,1997,2,7,10,3.6,64.7,5.1,-2.4,3.27,1.2,11.8,0,975.2,76,0.4,1.7,434,734,116,74,330,774,75,263,0,22,97
WAE,1997,2,7,11,5,57.1,5,-2.8,3.21,1.9,13.1,0,974.7,84,0.9,2.1,472,799,106,74,136,851,131,235,13,22,97
WAE,1997,2,7,12,6.2,49,4.7,-3.7,3.01,2.3,13.8,0,974.5,63,0.7,1.5,421,649,138,83,83,711,314,237,13,22,97
WAE,1997,2,7,13,7.3,47.2,4.8,-3.2,3.08,3.1,15.1,0,973.9,68,0.5,1.5,369,719,100,64,64,693,463,223,0,22,97
WAE,1997,2,7,14,8.3,48.2,5.3,-2,3.4,4,16.9,0,973.7,27,0.3,1.4,252,626,81,49,49,519,509,221,0,22,97
WAE,1997,2,7,15,8.9,43,4.9,-3,3.15,4,16.9,0,973.6,225,0.3,2.3,88,226,49,30,30,172,221,263,0,22,97
WAE,1997,2,7,16,6.6,49.2,4.8,-3.3,3.08,2.7,14.4,0,974,153,0.5,2.7,0,0,0,0,0,0,0,260,0,22,97
WAE,1997,2,7,17,5,54.2,4.7,-3.5,3.02,1.7,12.6,0,974.2,180,1,3.5,0,0,0,0,0,0,0,257,0,22,97
WAE,1997,2,7,18,4.4,54.8,4.6,-3.9,2.95,1.2,11.8,0,974.5,135,1.2,3.3,0,0,0,0,0,0,0,260,13,22,97
WAE,1997,2,7,19,3.5,57.7,4.5,-4,2.88,0.7,10.7,0,974.8,259,0.9,3.4,0,0,0,0,0,0,0,253,0,22,97
WAE,1997,2,7,20,3.1,59.2,4.5,-4.1,2.88,0.4,10.3,0,975.3,236,0.8,2.2,0,0,0,0,0,0,0,252,0,22,97
WAE,1997,2,7,21,2.7,59.1,4.4,-4.5,2.82,0.1,9.8,0,975.4,235,1.3,4.2,0,0,0,0,0,0,0,250,0,22,97
WAE,1997,2,7,22,1.6,64.5,4.4,-4.4,2.82,-0.6,8.6,0,975.6,236,0.5,2.2,0,0,0,0,0,0,0,249,0,22,97
WAE,1997,2,7,23,1.2,65.2,4.3,-4.6,2.75,-0.9,8.1,0,975.9,236,0.5,1.5,0,0,0,0,0,0,0,248,0,22,97
WAE,1997,2,8,0,0.4,67.2,4.2,-5,2.69,-1.5,7.1,0,976.1,117,0.4,1.8,0,0,0,0,0,0,0,247,0,23,97
WAE,1997,2,8,1,0.3,66.6,4.1,-5.2,2.62,-1.6,6.8,0,976.1,166,0.5,2,0,0,0,0,0,0,0,251,13,23,97
WAE,1997,2,8,2,0.2,67.7,4.2,-5.1,2.69,-1.6,6.9,0,975.8,117,0.3,1.5,0,0,0,0,0,0,0,254,20,23,97
WAE,1997,2,8,3,0.3,68.3,4.3,-4.8,2.75,-1.5,7.2,0,975.8,149,0.6,2.4,0,0,0,0,0,0,0,264,55,23,97
WAE,1997,2,8,4,0.3,69,4.3,-4.7,2.75,-1.5,7.2,0,976,256,0.5,2.2,0,0,0,0,0,0,0,253,13,23,97
WAE,1997,2,8,5,0.3,69.7,4.4,-4.6,2.82,-1.4,7.3,0,976.2,225,0.3,1.8,0,0,0,0,0,0,0,263,43,23,97
WAE,1997,2,8,6,-0.1,71.9,4.4,-4.6,2.82,-1.7,6.9,0,976.6,243,0.9,2.9,0,0,0,0,0,0,0,254,13,23,97
WAE,1997,2,8,7,-0.3,76.8,4.6,-3.9,2.94,-1.6,7,0,976.4,0,0.4,1.9,98,337,52,30,325,223,29,255,0,23,97
WAE,1997,2,8,8,1.2,74.1,4.9,-2.9,3.14,-0.3,9,0,976.4,81,0.7,1.9,228,494,99,57,437,423,57,272,30,23,97
WAE,1997,2,8,9,3.5,65.4,5.1,-2.4,3.27,1.2,11.7,0,976.1,90,0.6,2.1,163,79,135,79,133,147,77,310,100,23,97
WAE,1997,2,8,10,4.2,61.7,5.1,-2.5,3.27,1.6,12.4,0,976.3,360,0.7,2.2,213,91,172,101,135,192,97,318,100,23,97
WAE,1997,2,8,11,4.7,63.8,5.4,-1.6,3.46,2.1,13.4,0,975.7,360,0.5,2,444,636,150,91,153,725,141,274,50,23,97
WAE,1997,2,8,12,6.2,59.5,5.6,-1.1,3.59,3.1,15.2,0,974.7,63,0.6,2.3,449,766,110,74,74,802,327,230,0,23,97
WAE,1997,2,8,13,7.7,49.2,5.2,-2.3,3.34,3.6,16.1,0,974.1,0,0,1.4,375,730,98,65,65,701,469,225,0,23,97
WAE,1997,2,8,14,8.7,43.2,4.8,-3.1,3.08,3.8,16.5,0,974,360,0.1,1.1,258,634,82,50,50,524,519,222,0,23,97
WAE,1997,2,8,15,7.9,47,5,-2.7,3.21,3.5,16,0,973.3,360,0.4,1.3,90,222,50,32,32,171,220,220,0,23,97
WAE,1997,2,8,16,5.7,54.9,5,-2.6,3.21,2.4,13.8,0,973.4,243,0.5,2.3,0,0,0,0,0,0,0,272,20,23,97
WAE,1997,2,8,17,5.1,56.5,5,-2.8,3.21,2,13.2,0,973.7,225,0.8,1.6,0,0,0,0,0,0,0,300,88,23,97
WAE,1997,2,8,18,5.2,55,4.9,-3.1,3.15,1.9,13.1,0,973.7,212,1.6,3.2,0,0,0,0,0,0,0,278,50,23,97
WAE,1997,2,8,19,3.7,58.5,4.7,-3.7,3.02,0.9,11.3,0,974,198,1.1,3.7,0,0,0,0,0,0,0,259,13,23,97
WAE,1997,2,8,20,2.6,61.7,4.5,-4,2.89,0.2,9.8,0,974.2,360,0.2,1.7,0,0,0,0,0,0,0,252,0,23,97
WAE,1997,2,8,21,1.7,64.8,4.5,-4.2,2.89,-0.4,8.9,0,974.2,248,0.6,1.7,0,0,0,0,0,0,0,250,0,23,97
WAE,1997,2,8,22,1.6,62.8,4.3,-4.7,2.76,-0.7,8.5,0,974.2,153,0.3,1.5,0,0,0,0,0,0,0,248,0,23,97
WAE,1997,2,8,23,0.7,67.8,4.4,-4.6,2.82,-1.2,7.7,0,974.4,243,0.3,1.4,0,0,0,0,0,0,0,253,20,23,97
WAE,1997,2,9,0,1.1,67.5,4.4,-4.2,2.82,-0.8,8.1,0,973.7,135,0.4,2.3,0,0,0,0,0,0,0,255,33,24,97
WAE,1997,2,9,1,0.9,66,4.3,-4.7,2.76,-1.1,7.8,0,974,156,1.2,3.2,0,0,0,0,0,0,0,256,40,24,97
WAE,1997,2,9,2,0.9,66.7,4.3,-4.6,2.76,-1.1,7.8,0,973.6,254,1.4,2.6,0,0,0,0,0,0,0,256,40,24,97
WAE,1997,2,9,3,-0.2,71.9,4.4,-4.6,2.82,-1.7,6.8,0,973.6,90,0.8,2.4,0,0,0,0,0,0,0,256,40,24,97
WAE,1997,2,9,4,-0.7,79.7,4.6,-3.8,2.95,-1.8,6.7,0,973.4,180,0.3,1.6,0,0,0,0,0,0,0,256,40,24,97
WAE,1997,2,9,5,-0.7,72.2,4.2,-5.1,2.7,-2.2,6,0,973.2,173,1.2,2.8,0,0,0,0,0,0,0,257,45,24,97
WAE,1997,2,9,6,-0.3,69.7,4.2,-5.2,2.7,-2,6.4,0,973.5,211,0.5,2.6,0,0,0,0,0,0,0,257,40,24,97
WAE,1997,2,9,7,-0.1,70,4.3,-4.9,2.76,-1.8,6.8,0,973.8,117,0.4,1.8,109,385,54,31,369,252,31,257,20,24,97
WAE,1997,2,9,8,0.4,82.3,5.2,-2.3,3.34,-0.6,8.7,0,973.8,63,0.2,1.4,241,538,94,56,465,458,56,255,0,24,97
WAE,1997,2,9,9,2.3,73.7,5.3,-1.9,3.4,0.7,10.8,0,973.8,90,0.6,1.9,335,505,146,85,393,535,84,266,13,24,97
WAE,1997,2,9,10,3.5,66.1,5.2,-2.2,3.34,1.3,11.9,0,973.5,45,0.3,1.4,420,608,151,92,326,679,93,239,20,24,97
WAE,1997,2,9,11,5.5,55.7,5,-2.6,3.21,2.3,13.6,0,973,56,0.4,1.5,377,325,225,128,168,468,163,278,55,24,97
WAE,1997,2,9,12,6.2,54.6,5.2,-2.3,3.34,2.7,14.6,0,972.6,45,0.2,1.4,370,366,207,117,117,489,264,282,55,24,97
WAE,1997,2,9,13,7.7,49,5.2,-2.3,3.35,3.6,16.1,0,972,45,0.1,1.2,346,528,140,84,84,560,382,279,55,24,97
WAE,1997,2,9,14,9.2,43.6,5.1,-2.5,3.28,4.3,17.5,0,971.7,270,0.1,1.1,240,471,108,63,63,420,422,271,50,24,97
WAE,1997,2,9,15,9.1,44.5,5.1,-2.3,3.28,4.3,17.4,0,971.8,90,0.1,0.9,89,156,60,36,36,134,169,286,68,24,97
WAE,1997,2,9,16,6.7,54.6,5.4,-1.8,3.48,3.2,15.5,0,971.9,171,1.3,2.8,0,0,0,0,0,0,0,308,88,24,97
WAE,1997,2,9,17,5,58.2,5.1,-2.5,3.28,2,13.2,0,972.1,180,1.4,2.7,0,0,0,0,0,0,0,289,60,24,97
WAE,1997,2,9,18,4.4,53.4,4.5,-4.2,2.89,1.1,11.7,0,972.2,239,0.7,2,0,0,0,0,0,0,0,281,50,24,97
WAE,1997,2,9,19,3.7,55.5,4.4,-4.4,2.83,0.7,10.8,0,972.2,219,0.8,2.3,0,0,0,0,0,0,0,266,20,24,97
WAE,1997,2,9,20,3,56.3,4.3,-4.8,2.76,0.2,9.9,0,972.2,166,0.5,2.2,0,0,0,0,0,0,0,265,20,24,97
WAE,1997,2,9,21,1.6,63,4.3,-4.7,2.76,-0.7,8.5,0,971.8,162,0.5,2.4,0,0,0,0,0,0,0,271,40,24,97
WAE,1997,2,9,22,1.6,61.8,4.2,-4.9,2.7,-0.7,8.3,0,971.7,162,0.4,1.7,0,0,0,0,0,0,0,269,40,24,97
WAE,1997,2,9,23,1.7,61.1,4.2,-5,2.7,-0.7,8.4,0,971.8,207,0.3,1.2,0,0,0,0,0,0,0,267,40,24,97
WAE,1997,2,10,0,1.4,61.4,4.1,-5.2,2.64,-0.9,8,0,971.6,211,0.6,2.1,0,0,0,0,0,0,0,253,0,24,97
WAE,1997,2,10,1,1.2,62.6,4.2,-5.1,2.7,-1,7.9,0,971.4,153,0.5,1.8,0,0,0,0,0,0,0,251,0,24,97
WAE,1997,2,10,2,0.5,64.1,4.1,-5.5,2.64,-1.6,7.1,0,970.9,117,0.5,1.9,0,0,0,0,0,0,0,250,0,24,97
WAE,1997,2,10,3,0,65.2,4,-5.7,2.57,-1.9,6.4,0,970.8,144,0.8,2.4,0,0,0,0,0,0,0,249,0,24,97
WAE,1997,2,10,4,0.4,62.2,3.9,-6,2.51,-1.8,6.7,0,970.2,135,0.7,2.6,0,0,0,0,0,0,0,247,0,24,97
WAE,1997,2,10,5,0.4,62.4,3.9,-5.9,2.51,-1.7,6.7,0,969.8,166,0.5,1.6,0,0,0,0,0,0,0,246,0,24,97
WAE,1997,2,10,6,-0.4,65.4,3.9,-6.1,2.51,-2.3,5.9,0,969.7,180,0.5,1.5,0,0,0,0,0,0,0,246,0,24,97
WAE,1997,2,10,7,0.9,61.3,4,-5.7,2.58,-1.4,7.3,0,969.9,270,0.3,1.5,112,396,53,31,379,258,31,261,25,24,97
WAE,1997,2,10,8,2.5,59.2,4.4,-4.6,2.84,-0.1,9.6,0,969.7,106,0.8,2.3,230,442,110,63,407,393,63,264,13,24,97
WAE,1997,2,10,9,4.2,60.9,5,-2.7,3.22,1.5,12.3,0,969.6,90,0.7,3.2,341,524,143,84,403,548,84,261,20,24,97
WAE,1997,2,10,10,5,54.5,4.8,-3.4,3.1,1.7,12.8,0,969.4,56,0.5,2.3,379,397,200,113,275,512,112,279,55,24,97
WAE,1997,2,10,11,6.6,50.6,4.9,-2.9,3.16,2.8,14.6,0,968.5,68,0.5,1.7,389,356,221,125,172,496,160,286,55,24,97
WAE,1997,2,10,12,9,42.1,4.8,-3.2,3.1,4,16.8,0,967.4,90,1.3,3.4,368,345,212,120,120,469,259,295,60,24,97
WAE,1997,2,10,13,10.8,29.2,3.8,-6.4,2.45,4,17,0,966.7,124,1.1,3.4,355,557,135,82,82,579,392,278,45,24,97
WAE,1997,2,10,14,11.2,29.1,3.9,-6.1,2.52,4.3,17.6,0,966.2,104,1.2,3.2,236,413,116,67,67,385,379,274,45,24,97
WAE,1997,2,10,15,11.1,30.5,4,-5.6,2.59,4.4,17.7,0,965.5,131,1.1,2.9,93,208,54,35,35,165,213,238,13,24,97
WAE,1997,2,10,16,8.8,40.4,4.6,-3.9,2.98,3.7,16.3,0,964.7,158,1.7,3,12,0,12,8,8,7,8,243,20,24,97
WAE,1997,2,10,17,6.6,47.1,4.6,-3.9,2.98,2.5,14.1,0,964.9,225,0.8,3,0,0,0,0,0,0,0,222,0,24,97
WAE,1997,2,10,18,6.3,52,5,-2.8,3.24,2.6,14.5,0,964.9,241,1.1,2.7,0,0,0,0,0,0,0,242,20,24,97
WAE,1997,2,10,19,5.6,52.3,4.8,-3.4,3.11,2.1,13.4,0,965,225,1,2.9,0,0,0,0,0,0,0,318,100,24,97
WAE,1997,2,10,20,5.2,52.7,4.6,-3.7,2.98,1.8,12.7,0,964.8,207,0.8,2.6,0,0,0,0,0,0,0,317,100,24,97
WAE,1997,2,10,21,5.4,51.3,4.6,-3.8,2.98,1.8,12.9,0,964.7,212,1,4.6,0,0,0,0,0,0,0,315,100,24,97
WAE,1997,2,10,22,5,54.2,4.7,-3.5,3.04,1.7,12.7,0,964.9,180,0.9,3,0,0,0,0,0,0,0,309,88,24,97
WAE,1997,2,10,23,4.7,56.7,4.8,-3.2,3.11,1.6,12.5,0,965.5,117,0.5,2,0,0,0,0,0,0,0,314,100,24,97
WAE,1997,2,11,0,6.3,50.4,4.8,-3.2,3.11,2.5,14.1,0,965.6,197,1.1,2.6,0,0,0,0,0,0,0,313,100,24,97
WAE,1997,2,11,1,7.8,46,4.9,-3.1,3.17,3.4,15.8,0,965.8,244,2.5,3.8,0,0,0,0,0,0,0,315,100,24,97
WAE,1997,2,11,2,5.6,57.9,5.2,-2,3.37,2.5,14.1,0,965.9,243,1.5,4.4,0,0,0,0,0,0,0,316,100,24,97
WAE,1997,2,11,3,5.7,58.6,5.4,-1.8,3.5,2.6,14.5,0,965.8,233,0.8,3.5,0,0,0,0,0,0,0,317,100,24,97
WAE,1997,2,11,4,8,52.5,5.7,-1.1,3.69,4.1,17.3,0,966.1,225,2.2,4.6,0,0,0,0,0,0,0,319,100,24,97
WAE,1997,2,11,5,7.7,57.2,6,-0.2,3.88,4.3,17.5,0,966.8,221,2,5,0,0,0,0,0,0,0,315,88,24,97
WAE,1997,2,11,6,6.9,70.2,7,1.9,4.54,4.6,18.3,0.1,967,231,2.8,4.7,0,0,0,0,0,0,0,321,100,24,97
WAE,1997,2,11,7,7.4,66.6,6.9,1.6,4.47,4.8,18.7,0,967.4,218,2.5,5.4,18,0,18,11,11,11,11,323,100,24,97
WAE,1997,2,11,8,7.9,66,7,1.9,4.53,5.2,19.3,0,967.9,252,2,4.5,61,0,61,37,37,35,36,325,100,24,97
WAE,1997,2,11,9,7.2,71.8,7.3,2.5,4.73,5,19.1,0,968.2,76,1,3.2,36,0,36,22,22,20,21,327,100,24,97
WAE,1997,2,11,10,7.5,74.2,7.7,3.2,4.99,5.5,20.1,0.1,968,18,0.7,2.8,38,0,38,23,23,22,22,328,100,24,97
WAE,1997,2,11,11,8.1,77.1,8.3,4.3,5.38,6.3,21.7,0.2,967.4,276,1.1,5.8,41,0,41,25,25,24,24,330,100,24,97
WAE,1997,2,11,12,9.1,69,8,3.7,5.19,6.5,22.2,0,966.9,254,1,4.5,38,0,38,23,23,22,23,331,100,24,97
WAE,1997,2,11,13,8.7,73,8.2,4.1,5.32,6.5,22.1,0,966.4,90,1,3,30,0,30,18,18,17,17,330,100,24,97
WAE,1997,2,11,14,7.9,73,7.8,3.4,5.06,5.8,20.7,0,966.1,108,1.3,3.3,19,0,19,11,11,11,11,329,100,24,97
WAE,1997,2,11,15,7.7,74.2,7.8,3.4,5.06,5.7,20.5,0,965.9,107,1.1,3.2,8,0,8,5,5,5,5,328,100,24,97
WAE,1997,2,11,16,7.8,73.5,7.8,3.4,5.07,5.7,20.6,0,965.6,148,1,2.7,2,0,2,1,1,1,1,309,75,24,97
WAE,1997,2,11,17,7.3,75,7.7,3.2,5,5.4,19.9,0,965.8,153,1,2.8,0,0,0,0,0,0,0,327,100,24,97
WAE,1997,2,11,18,7.4,71.4,7.3,2.6,4.74,5.2,19.3,0,965.6,225,1,2.5,0,0,0,0,0,0,0,326,100,24,97
WAE,1997,2,11,19,8.4,62.2,6.9,1.6,4.48,5.3,19.7,0,965.1,259,1.6,4.4,0,0,0,0,0,0,0,326,100,24,97
WAE,1997,2,11,20,7.3,66.5,6.8,1.5,4.41,4.7,18.4,0,964.9,291,0.8,2.8,0,0,0,0,0,0,0,327,100,24,97
WAE,1997,2,11,21,6.4,72.2,7,1.8,4.55,4.3,17.8,0,964.2,171,1.2,3.1,0,0,0,0,0,0,0,323,88,24,97
WAE,1997,2,11,22,6.5,76.7,7.5,2.7,4.88,4.8,18.8,0.3,964.2,218,1.1,3.1,0,0,0,0,0,0,0,327,100,24,97
WAE,1997,2,11,23,6.6,81.2,7.9,3.6,5.14,5.2,19.5,0.5,964.1,264,1,3.1,0,0,0,0,0,0,0,327,100,24,97
WAE,1997,2,12,0,6.3,91.4,8.7,5,5.67,5.7,20.6,2.3,963.9,235,1.2,3,0,0,0,0,0,0,0,328,100,24,97
WAE,1997,2,12,1,6.4,92.8,8.9,5.3,5.8,5.9,21,3.1,963.2,186,1.3,3.1,0,0,0,0,0,0,0,329,100,24,97
WAE,1997,2,12,2,4.8,95.9,8.2,4.2,5.34,4.5,18.2,3.2,962.6,124,1.1,4.3,0,0,0,0,0,0,0,331,100,24,97
WAE,1997,2,12,3,4.8,96.8,8.3,4.3,5.41,4.6,18.4,2,962.7,121,0.6,2.7,0,0,0,0,0,0,0,332,100,24,97
WAE,1997,2,12,4,5,96.2,8.4,4.4,5.47,4.7,18.7,0.1,963,153,0.7,2.3,0,0,0,0,0,0,0,333,100,24,97
WAE,1997,2,12,5,5.9,91.1,8.4,4.6,5.47,5.3,19.7,0,963.3,264,1.4,6.4,0,0,0,0,0,0,0,335,100,24,97
WAE,1997,2,12,6,9.5,71.5,8.5,4.6,5.54,7.1,23.5,0,963.5,266,5.1,11.9,0,0,0,0,0,0,0,336,100,24,97
WAE,1997,2,12,7,9.8,66.1,8,3.8,5.21,6.9,23,0,963.2,264,2.8,8.1,24,10,23,14,23,18,14,337,100,24,97
WAE,1997,2,12,8,10.6,60.2,7.7,3.2,5.01,7,23.3,0,963.6,282,2.4,8.3,155,120,124,74,171,158,71,338,100,24,97
WAE,1997,2,12,9,11.5,58.7,7.9,3.7,5.14,7.7,24.5,0,963.7,283,4.1,10,187,56,166,100,137,145,96,339,100,24,97
WAE,1997,2,12,10,11.9,56.9,7.9,3.6,5.14,7.8,24.9,0,963.2,290,3.9,12.2,215,206,118,68,141,276,67,331,88,24,97
WAE,1997,2,12,11,12.7,51.8,7.6,3.1,4.95,8,25.3,0,963,283,5.2,14.3,375,306,227,129,166,447,164,316,68,24,97
WAE,1997,2,12,12,12.7,52.6,7.7,3.3,5.02,8.1,25.4,0,962.3,276,6.1,16,375,365,206,117,117,484,262,310,60,24,97
WAE,1997,2,12,13,12.9,53.5,8,3.7,5.22,8.3,26.1,0,961.6,287,4.5,10.3,337,446,159,91,91,495,358,305,55,24,97
WAE,1997,2,12,14,12.5,56.9,8.2,4.2,5.35,8.3,26.1,0,961.6,294,4.8,10.2,236,402,119,69,68,372,379,320,75,24,97
WAE,1997,2,12,15,11.2,64.7,8.6,4.8,5.62,8,25.4,0,961.2,302,2.9,11.2,95,151,65,39,39,133,170,312,68,24,97
WAE,1997,2,12,16,11,62.9,8.3,4.2,5.42,7.6,24.7,0,960.8,229,2.5,6.8,10,0,10,7,7,6,6,286,38,24,97
WAE,1997,2,12,17,9.5,67.8,8,3.9,5.22,6.8,22.7,0,960.8,264,2,5.3,0,0,0,0,0,0,0,255,0,24,97
WAE,1997,2,12,18,8.4,72.3,7.9,3.7,5.16,6.1,21.4,0,960.2,228,1.5,5.1,0,0,0,0,0,0,0,253,0,24,97
WAE,1997,2,12,19,7,77.4,7.7,3.3,5.03,5.3,19.7,0,959.8,214,1.8,3,0,0,0,0,0,0,0,263,13,24,97
WAE,1997,2,12,20,6.7,76.7,7.5,2.9,4.9,4.9,19,0,959.5,251,2.2,4,0,0,0,0,0,0,0,279,33,24,97
WAE,1997,2,12,21,6.2,77,7.3,2.5,4.77,4.5,18.2,0,959,247,2.6,4.1,0,0,0,0,0,0,0,287,43,24,97
WAE,1997,2,12,22,6.9,73.8,7.3,2.6,4.77,4.9,18.9,0,958.3,214,0.7,3,0,0,0,0,0,0,0,322,88,24,97
WAE,1997,2,12,23,7.7,70.6,7.4,2.7,4.85,5.4,19.9,0,957.1,124,0.5,2.8,0,0,0,0,0,0,0,331,100,24,97
WAE,1997,2,13,0,8.8,63.9,7.1,2.4,4.66,5.8,20.6,0,955.7,218,2.9,9.2,0,0,0,0,0,0,0,321,88,24,97
WAE,1997,2,13,1,7.3,70.8,7.2,2.4,4.72,5,19.2,0,955.2,230,2.3,4.2,0,0,0,0,0,0,0,330,100,24,97
WAE,1997,2,13,2,9,60.6,6.9,1.8,4.53,5.7,20.4,0,954.5,256,3.5,7,0,0,0,0,0,0,0,305,68,24,97
WAE,1997,2,13,3,9.9,54.9,6.6,1.3,4.34,5.9,20.9,0,953.4,254,4,9.5,0,0,0,0,0,0,0,330,100,24,97
WAE,1997,2,13,4,9.4,57.2,6.8,1.4,4.47,5.7,20.7,0,952.7,260,3.3,6.1,0,0,0,0,0,0,0,330,100,24,97
WAE,1997,2,13,5,9.4,58.2,6.8,1.6,4.47,5.8,20.7,0,952.6,266,2.8,5.2,0,0,0,0,0,0,0,330,100,24,97
WAE,1997,2,13,6,10.5,51.3,6.5,0.9,4.27,6.1,21.3,0,952.3,259,6,12.4,0,0,0,0,0,0,0,330,100,24,97
WAE,1997,2,13,7,10.4,50.2,6.3,0.5,4.14,5.9,20.9,0,951.9,267,5.2,12.4,8,0,8,5,5,5,5,330,100,24,97
WAE,1997,2,13,8,10.2,51.9,6.5,0.8,4.28,5.9,21,0,950.7,270,4.6,12.5,38,22,32,20,37,33,19,330,100,24,97
WAE,1997,2,13,9,8.8,65.3,7.4,2.7,4.88,5.9,21.1,0,950,276,5.8,13.9,252,225,168,99,247,292,96,330,100,24,97
WAE,1997,2,13,10,9.8,57.7,6.9,1.9,4.56,6.1,21.3,0,947.7,236,4.2,10.2,197,160,125,72,150,229,70,330,100,24,97
WAE,1997,2,13,11,12.4,38.5,5.5,-1.3,3.64,6.3,21.6,0,945.8,257,6.5,17.6,96,0,96,59,58,55,56,330,100,24,97
WAE,1997,2,13,12,11,49,6.2,0.7,4.09,6.3,21.4,0.2,948,277,8.4,21.8,40,0,40,24,24,23,23,329,100,24,97
WAE,1997,2,13,13,5,82.9,7.2,2.3,4.75,3.8,16.9,2.8,950.8,290,8.9,24.9,31,0,31,19,19,18,18,326,100,24,97
WAE,1997,2,13,14,3.4,81.9,6.4,0.6,4.21,2.2,13.9,2.4,952.9,269,8.4,21.2,20,0,20,12,12,11,12,322,100,24,97
WAE,1997,2,13,15,3.4,76.1,5.9,-0.4,3.87,1.8,13.1,0.5,954.4,264,8.2,20.6,9,0,9,5,5,5,5,317,100,24,97
WAE,1997,2,13,16,3.6,74.6,5.9,-0.5,3.87,1.9,13.3,0.2,955,266,6.2,18.5,16,0,16,10,10,10,10,310,100,24,97
WAE,1997,2,13,17,2.3,81.5,5.9,-0.5,3.87,1.2,12,0.5,955.2,260,6.2,20.2,0,0,0,0,0,0,0,303,100,24,97
WAE,1997,2,13,18,2.7,79.4,5.9,-0.5,3.86,1.4,12.4,0.4,956.2,261,6.8,17.9,0,0,0,0,0,0,0,296,100,24,97
WAE,1997,2,13,19,2.7,75.1,5.5,-1.3,3.6,1.1,11.7,0,956.4,254,6.1,12.9,0,0,0,0,0,0,0,294,100,24,97
WAE,1997,2,13,20,3,68,5.1,-2.3,3.34,0.9,11.4,0,956.2,251,7.6,17.8,0,0,0,0,0,0,0,287,88,24,97
WAE,1997,2,13,21,3.4,60.9,4.8,-3.4,3.14,0.8,11.3,0,957.1,262,5.7,12.1,0,0,0,0,0,0,0,291,100,24,97
WAE,1997,2,13,22,3.4,59.7,4.7,-3.7,3.07,0.7,11.1,0,956.8,256,6,12.4,0,0,0,0,0,0,0,289,100,24,97
WAE,1997,2,13,23,3,63.5,4.8,-3.2,3.14,0.6,10.9,0,956.5,257,4.8,11.5,0,0,0,0,0,0,0,287,100,24,97
WAE,1997,2,14,0,3.1,63.2,4.8,-3.2,3.14,0.7,11,0,956.6,257,5.1,13.1,0,0,0,0,0,0,0,283,88,24,97
WAE,1997,2,14,1,2.7,67.6,5,-2.7,3.27,0.6,10.9,0,956.6,278,2.8,7.7,0,0,0,0,0,0,0,290,100,24,97
WAE,1997,2,14,2,2.3,74.2,5.4,-1.8,3.53,0.7,11.1,0,955.6,287,1.8,5.6,0,0,0,0,0,0,0,293,100,24,97
WAE,1997,2,14,3,1.8,78.7,5.5,-1.5,3.6,0.5,10.8,0,954.6,153,0.3,1.5,0,0,0,0,0,0,0,296,100,24,97
WAE,1997,2,14,4,2.1,75.1,5.3,-1.8,3.48,0.6,10.8,0,953.8,138,1.2,3.1,0,0,0,0,0,0,0,299,100,24,97
WAE,1997,2,14,5,1.9,79.6,5.6,-1.2,3.68,0.7,11.1,0,953.2,135,1.2,3.6,0,0,0,0,0,0,0,301,100,24,97
WAE,1997,2,14,6,1.9,76.8,5.4,-1.7,3.55,0.5,10.8,0,952.7,129,0.8,2.1,1,0,1,1,1,1,1,304,100,24,97
WAE,1997,2,14,7,2.1,78,5.5,-1.3,3.61,0.8,11.1,0,951.9,207,0.7,3,32,1,32,19,21,19,19,308,100,24,97
WAE,1997,2,14,8,2.5,77.1,5.6,-1.1,3.68,1.1,11.7,0,951.3,225,1.1,5.5,132,34,123,74,101,95,71,312,100,24,97
WAE,1997,2,14,9,2.6,78.5,5.8,-0.8,3.82,1.2,12.2,0.1,950.7,315,0.3,1.5,58,0,58,35,35,33,34,314,100,24,97
WAE,1997,2,14,10,2.5,79.7,5.8,-0.6,3.82,1.2,12.1,0.1,950.4,288,0.4,1.9,40,0,40,24,24,23,23,315,100,24,97
WAE,1997,2,14,11,1.3,92.2,6.2,0.2,4.09,0.9,11.5,1,949.1,135,0.6,2.2,43,0,43,26,26,25,25,317,100,24,97
WAE,1997,2,14,12,1,95.6,6.2,0.4,4.09,0.8,11.2,1.2,948.6,100,1.1,2.6,40,0,40,24,24,23,23,319,100,24,97
WAE,1997,2,14,13,0.8,97.4,6.3,0.4,4.16,0.6,11.2,1.2,948.3,90,0.8,2.2,58,0,58,35,35,33,34,321,100,24,97
WAE,1997,2,14,14,2,91.6,6.5,0.8,4.3,1.5,12.8,0.2,947.1,139,1.1,2.9,20,0,20,12,12,11,12,322,100,24,97
WAE,1997,2,14,15,2.2,94.6,6.7,1.4,4.43,1.9,13.3,1.1,946.7,117,1.4,3.7,43,10,42,26,25,29,34,324,100,24,97
WAE,1997,2,14,16,2.5,93.9,6.9,1.6,4.57,2.1,13.9,0.5,946.2,142,1.7,5,1,0,1,1,1,1,1,321,88,24,97
WAE,1997,2,14,17,2.8,94.8,7.1,2.1,4.7,2.5,14.6,0.6,946.5,111,1.5,5.3,0,0,0,0,0,0,0,327,100,24,97
WAE,1997,2,14,18,6.8,80,7.9,3.6,5.23,5.3,20,0,946.7,255,3.2,11,0,0,0,0,0,0,0,329,100,24,97
WAE,1997,2,14,19,7.6,76,7.9,3.6,5.24,5.7,20.8,0,946.4,263,2.9,8,0,0,0,0,0,0,0,328,100,24,97
WAE,1997,2,14,20,8.2,72,7.8,3.5,5.17,6,21.2,0,946.2,257,3.8,10.5,0,0,0,0,0,0,0,323,88,24,97
WAE,1997,2,14,21,8.8,69.7,7.9,3.6,5.24,6.3,22,0.1,945.9,252,5.1,13.6,0,0,0,0,0,0,0,322,88,24,97
WAE,1997,2,14,22,7.5,73.6,7.6,3.1,5.04,5.4,20.2,0,946,235,1.7,7.7,0,0,0,0,0,0,0,314,68,24,97
WAE,1997,2,14,23,7,74.6,7.4,2.8,4.9,5.1,19.3,0,946.1,270,1.6,5.8,0,0,0,0,0,0,0,326,100,24,97
WAE,1997,2,15,0,7.8,77,8.2,4,5.44,6,21.5,1.2,946,256,3.5,9.7,0,0,0,0,0,0,0,325,100,24,97
WAE,1997,2,15,1,7.2,85,8.6,4.9,5.7,6.1,21.6,2.8,946.6,275,3.4,9,0,0,0,0,0,0,0,325,100,24,97
WAE,1997,2,15,2,6.8,83.4,8.2,4.2,5.44,5.6,20.5,2.1,946,255,3.2,8.7,0,0,0,0,0,0,0,320,88,24,97
WAE,1997,2,15,3,6.6,80.7,7.8,3.5,5.17,5.1,19.6,0,946.3,226,3.3,11.5,0,0,0,0,0,0,0,324,100,24,97
WAE,1997,2,15,4,6.9,75.5,7.5,2.9,4.97,5,19.4,0,946.7,258,3.8,8.2,0,0,0,0,0,0,0,312,68,24,97
WAE,1997,2,15,5,5,88.8,7.7,3.3,5.1,4.2,17.8,0.2,946.8,150,1.6,5,0,0,0,0,0,0,0,324,100,24,97
WAE,1997,2,15,6,4.1,93.6,7.7,3.2,5.1,3.7,16.9,0.1,947.5,135,0.8,3,12,37,10,6,41,20,6,319,88,24,97
WAE,1997,2,15,7,4.2,94.3,7.8,3.4,5.16,3.8,17.1,0.1,948.2,131,1,3.2,27,8,26,16,23,19,15,322,100,24,97
WAE,1997,2,15,8,4.4,96.1,8,3.8,5.29,4.1,17.7,1.5,949.4,90,0.2,1.7,47,0,47,28,28,27,27,321,100,24,97
WAE,1997,2,15,9,4.4,94,7.9,3.5,5.21,4,17.5,3.3,951.7,300,3.9,11.5,31,0,31,19,19,18,18,320,100,24,97
WAE,1997,2,15,10,1.7,94.6,6.5,0.9,4.26,1.4,12.4,2.6,954.7,301,5.5,9.4,41,0,41,25,25,23,24,318,100,24,97
WAE,1997,2,15,11,1,94.5,6.2,0.2,4.06,0.7,11.1,1.5,956.8,295,4.2,7.3,45,0,45,27,27,26,26,316,100,24,97
WAE,1997,2,15,12,1.3,92.9,6.2,0.3,4.05,0.9,11.4,1.3,958.4,301,2.4,6.3,42,0,42,25,25,24,24,313,100,24,97
WAE,1997,2,15,13,1.5,92.8,6.3,0.5,4.11,1.1,11.8,1.1,959.7,234,1.8,3.3,33,0,33,20,20,19,19,309,100,24,97
WAE,1997,2,15,14,1.8,93.3,6.5,0.8,4.24,1.4,12.4,0.2,961,229,1.3,3,21,0,21,13,13,12,12,305,100,24,97
WAE,1997,2,15,15,2.3,87.9,6.3,0.5,4.1,1.6,12.6,0,962.2,228,1.2,2.7,34,14,32,19,19,26,32,300,100,24,97
WAE,1997,2,15,16,2,89,6.3,0.4,4.1,1.3,12.2,0,963.1,215,1.3,3.6,1,0,1,1,1,1,1,294,100,24,97
WAE,1997,2,15,17,2,87.5,6.2,0.1,4.03,1.2,12.1,0,964.2,163,1.1,2.9,0,0,0,0,0,0,0,287,100,24,97
WAE,1997,2,15,18,1.9,88,6.1,0.1,3.96,1.2,11.8,0,965.3,77,1.5,3.4,0,0,0,0,0,0,0,282,100,24,97
WAE,1997,2,15,19,1.7,84.9,5.9,-0.6,3.82,0.8,11.3,0,966.3,124,1.4,3.2,0,0,0,0,0,0,0,280,100,24,97
WAE,1997,2,15,20,1.1,88.7,5.8,-0.6,3.75,0.4,10.5,0,966.8,256,0.4,1.8,0,0,0,0,0,0,0,274,88,24,97
WAE,1997,2,15,21,0.6,88.6,5.7,-1.1,3.69,-0.1,9.8,0,967.4,253,1.1,2.1,0,0,0,0,0,0,0,276,100,24,97
WAE,1997,2,15,22,0.6,89.3,5.7,-1,3.69,0,9.8,0,967.8,243,0.8,2.4,0,0,0,0,0,0,0,273,100,24,97
WAE,1997,2,15,23,0.4,87.8,5.5,-1.4,3.56,-0.3,9.3,0,967.8,238,1.9,4.1,0,0,0,0,0,0,0,267,88,24,97
WAE,1997,2,16,0,-0.2,89.2,5.4,-1.8,3.49,-0.8,8.5,0,967.6,227,2.3,4.2,0,0,0,0,0,0,0,256,55,25,97
WAE,1997,2,16,1,-0.7,87.9,5.1,-2.5,3.29,-1.4,7.5,0,967.9,254,1.5,2.7,0,0,0,0,0,0,0,254,55,25,97
WAE,1997,2,16,2,-1,88.8,5,-2.6,3.23,-1.6,7,0,967.5,197,1.4,3.2,0,0,0,0,0,0,0,254,60,25,97
WAE,1997,2,16,3,-1,85.7,4.9,-3.1,3.17,-1.8,6.9,0,967.5,138,1.6,5.3,0,0,0,0,0,0,0,252,60,25,97
WAE,1997,2,16,4,-0.8,84.5,4.9,-3.1,3.17,-1.6,7.1,0,967.6,150,1.6,2.9,0,0,0,0,0,0,0,253,68,25,97
WAE,1997,2,16,5,-1.4,80.1,4.4,-4.4,2.84,-2.4,5.7,0,967.3,152,1.5,3.5,0,0,0,0,0,0,0,253,75,25,97
WAE,1997,2,16,6,-1.9,78.9,4.2,-5.1,2.71,-3,4.8,0,967.3,162,3.1,5.1,19,72,16,9,78,38,9,251,68,25,97
WAE,1997,2,16,7,-2.4,77.2,4,-5.8,2.58,-3.5,4,0,967.2,164,3.3,5.3,100,137,77,46,170,121,44,257,75,25,97
WAE,1997,2,16,8,-1.3,78.8,4.4,-4.5,2.84,-2.4,5.8,0,967.3,180,1.5,3.3,192,137,150,89,200,191,86,260,75,25,97
WAE,1997,2,16,9,0.1,72.5,4.5,-4.2,2.91,-1.4,7.3,0,967,151,1.1,3,248,104,206,124,192,213,119,268,88,25,97
WAE,1997,2,16,10,0.8,74.3,4.8,-3.2,3.1,-0.7,8.5,0,967.1,75,1.2,2.9,280,85,240,144,184,224,139,277,88,25,97
WAE,1997,2,16,11,1.8,69.1,4.8,-3.3,3.1,-0.1,9.6,0,966.4,86,1.6,3.4,239,25,227,138,141,157,136,290,100,25,97
WAE,1997,2,16,12,2.5,65.7,4.8,-3.3,3.11,0.3,10.3,0,965.6,69,1.8,3.5,246,39,227,138,137,171,149,290,88,25,97
WAE,1997,2,16,13,3,66.3,5,-2.7,3.24,0.8,11.1,0,965.8,27,1.2,2.9,239,78,206,124,124,192,170,285,88,25,97
WAE,1997,2,16,14,3.4,66.6,5.2,-2.2,3.37,1.2,11.8,0,964.8,76,1.3,3.3,174,78,150,90,90,146,151,281,88,25,97
WAE,1997,2,16,15,3.2,68.7,5.3,-2,3.44,1.1,11.8,0,964.6,27,1.1,2.7,94,223,45,27,27,163,221,276,88,25,97
WAE,1997,2,16,16,2.9,71.3,5.4,-1.8,3.5,1,11.7,0,964.6,299,1.1,2.2,2,0,2,1,1,1,1,272,88,25,97
WAE,1997,2,16,17,1.2,79,5.3,-2,3.44,0,9.8,0,964.7,239,1.8,3,0,0,0,0,0,0,0,268,88,25,97
WAE,1997,2,16,18,0.5,81.9,5.2,-2.2,3.37,-0.5,8.9,0,964.9,243,2,3.3,0,0,0,0,0,0,0,266,88,25,97
WAE,1997,2,16,19,0.1,82.6,5.1,-2.5,3.3,-0.9,8.3,0,965.4,241,2.7,4.1,0,0,0,0,0,0,0,260,68,25,97
WAE,1997,2,16,20,-0.4,84.5,5,-2.7,3.24,-1.2,7.7,0,965.4,223,1.7,4.4,0,0,0,0,0,0,0,260,68,25,97
WAE,1997,2,16,21,-0.8,84.4,4.9,-3.1,3.17,-1.6,7.1,0,965.1,207,1.6,2.5,0,0,0,0,0,0,0,265,88,25,97
WAE,1997,2,16,22,-1.2,84.7,4.8,-3.4,3.11,-2,6.5,0,964.8,211,1.4,2.9,0,0,0,0,0,0,0,265,88,25,97
WAE,1997,2,16,23,-1.2,81,4.5,-4,2.92,-2.2,6.1,0,964.5,155,1.7,4.9,0,0,0,0,0,0,0,268,100,25,97
WAE,1997,2,17,0,-1.4,82,4.5,-4.1,2.92,-2.3,5.9,0,964.1,180,1.3,3.2,0,0,0,0,0,0,0,265,88,26,97
WAE,1997,2,17,1,-0.9,82.2,4.7,-3.5,3.05,-1.8,6.7,0,964.6,221,1,3.2,0,0,0,0,0,0,0,270,100,26,97
WAE,1997,2,17,2,-0.6,80.7,4.7,-3.5,3.05,-1.6,7,0,964.7,196,1.1,2.7,0,0,0,0,0,0,0,272,100,26,97
WAE,1997,2,17,3,-1,83,4.7,-3.5,3.04,-1.9,6.6,0,965,124,1.2,3,0,0,0,0,0,0,0,262,60,26,97
WAE,1997,2,17,4,-1.2,81.7,4.6,-3.9,2.98,-2.2,6.2,0,965.1,201,0.8,2.1,0,0,0,0,0,0,0,266,63,26,97
WAE,1997,2,17,5,-1.2,82.3,4.6,-3.8,2.98,-2.1,6.2,0,965.6,207,0.8,2.9,0,0,0,0,0,0,0,267,60,26,97
WAE,1997,2,17,6,-0.5,80,4.7,-3.5,3.04,-1.6,7.1,0,966.1,187,0.8,3.2,4,0,4,2,2,2,2,270,63,26,97
WAE,1997,2,17,7,0.2,77.7,4.8,-3.2,3.1,-1,7.9,0,966.6,166,0.8,3.5,50,17,46,29,44,38,28,287,100,26,97
WAE,1997,2,17,8,0.7,82.4,5.3,-1.9,3.43,-0.3,9.3,0,967.1,146,1.1,3.5,70,0,70,44,43,41,42,292,100,26,97
WAE,1997,2,17,9,1.4,79.5,5.4,-1.7,3.49,0.2,10.1,0,967.4,121,1.2,4.8,156,20,148,92,105,104,88,299,100,26,97
WAE,1997,2,17,10,2.5,74.2,5.4,-1.6,3.49,0.9,11.2,0,967.9,130,1,2.9,114,0,114,71,70,67,68,307,100,26,97
WAE,1997,2,17,11,3.9,64,5.2,-2.3,3.36,1.5,12.3,0,967.8,97,1.6,3.9,253,59,222,136,151,193,132,313,100,26,97
WAE,1997,2,17,12,4.8,60.6,5.2,-2.2,3.36,2,13.2,0,967.5,100,1.7,4,189,20,179,111,110,125,116,318,100,26,97
WAE,1997,2,17,13,5.4,59.6,5.3,-1.8,3.43,2.5,14,0,967.3,103,1.9,4.3,131,0,131,81,81,77,78,316,100,26,97
WAE,1997,2,17,14,5.6,59.9,5.5,-1.6,3.56,2.6,14.5,0,967.4,103,1,2.4,58,0,58,36,36,34,35,313,100,26,97
WAE,1997,2,17,15,6.3,58,5.5,-1.3,3.56,3.1,15.3,0,967.4,77,0.9,2.9,119,248,79,48,48,178,274,303,80,26,97
WAE,1997,2,17,16,5,64.8,5.7,-1.1,3.69,2.5,14.3,0,967.1,126,0.9,3.1,19,0,19,13,13,12,12,290,55,26,97
WAE,1997,2,17,17,3.6,72.9,5.7,-0.8,3.69,1.8,12.8,0,967.6,144,1,3,0,0,0,0,0,0,0,294,68,26,97
WAE,1997,2,17,18,2.3,81.5,5.9,-0.5,3.81,1.2,11.8,0,968,270,0.5,1.6,0,0,0,0,0,0,0,300,88,26,97
WAE,1997,2,17,19,1.9,83.3,5.8,-0.6,3.75,0.9,11.3,0,968.1,196,0.9,2.2,0,0,0,0,0,0,0,291,68,26,97
WAE,1997,2,17,20,1.6,82.7,5.7,-1,3.68,0.6,10.8,0,968.3,135,0.9,2.2,0,0,0,0,0,0,0,293,75,26,97
WAE,1997,2,17,21,1.1,83.4,5.5,-1.4,3.55,0.1,10,0,968.1,279,0.7,2.3,0,0,0,0,0,0,0,292,75,26,97
WAE,1997,2,17,22,0.4,84.7,5.3,-1.9,3.43,-0.5,8.9,0,967.8,171,0.7,2.5,0,0,0,0,0,0,0,293,75,26,97
WAE,1997,2,17,23,0.6,82.1,5.2,-2.1,3.36,-0.4,9,0,967.9,156,1.2,2.7,0,0,0,0,0,0,0,295,80,26,97
WAE,1997,2,18,0,0.5,81.8,5.2,-2.2,3.36,-0.5,8.9,0,967.7,144,0.9,2.2,0,0,0,0,0,0,0,298,88,26,97
WAE,1997,2,18,1,0.8,80.3,5.2,-2.2,3.36,-0.3,9.2,0,966.8,146,0.8,2.8,0,0,0,0,0,0,0,299,88,26,97
WAE,1997,2,18,2,0.6,79.7,5.1,-2.5,3.3,-0.6,8.8,0,965.6,144,1.4,3.7,0,0,0,0,0,0,0,292,68,26,97
WAE,1997,2,18,3,0.5,77.8,4.9,-2.9,3.17,-0.8,8.4,0,966,159,0.9,2.1,0,0,0,0,0,0,0,300,88,26,97
WAE,1997,2,18,4,1.1,75.2,5,-2.8,3.24,-0.4,9.2,0,965.3,135,1.1,2.8,0,0,0,0,0,0,0,305,100,26,97
WAE,1997,2,18,5,1.7,72.9,5,-2.6,3.24,0.1,9.8,0,964.6,164,0.8,2.6,0,0,0,0,0,0,0,306,100,26,97
WAE,1997,2,18,6,1.6,73.5,5.1,-2.6,3.31,0,9.9,0,964.6,90,0.1,1.5,1,0,1,1,1,1,1,307,100,26,97
WAE,1997,2,18,7,2.3,71.8,5.1,-2.3,3.3,0.5,10.6,0,965,150,0.9,2.6,17,0,17,10,10,10,10,310,100,26,97
WAE,1997,2,18,8,2.8,72.9,5.5,-1.6,3.56,1.1,11.7,0,965.2,159,1.6,4.1,24,0,24,15,15,14,14,313,100,26,97
WAE,1997,2,18,9,3.1,75.5,5.8,-0.8,3.76,1.5,12.5,0,965.1,297,0.9,3,33,0,33,21,20,19,20,317,100,26,97
WAE,1997,2,18,10,5.4,71.2,6.4,0.6,4.16,3.3,15.8,0,964.1,138,1.6,5.7,52,0,52,32,32,31,31,320,100,26,97
WAE,1997,2,18,11,5.6,71.7,6.5,0.9,4.23,3.5,16.2,0,962.9,94,1.4,4.4,155,20,145,89,89,106,91,315,88,26,97
WAE,1997,2,18,12,6.1,66.5,6.3,0.3,4.1,3.6,16.4,0,961.2,104,1.3,3.7,53,0,53,33,33,31,32,326,100,26,97
WAE,1997,2,18,13,6.8,62.8,6.2,0.2,4.04,3.9,17,0,960.7,126,0.9,3.7,113,0,113,70,70,67,68,325,100,26,97
WAE,1997,2,18,14,7.5,63.8,6.6,1.1,4.3,4.6,18.3,0,960.5,288,1.5,5.1,25,0,25,16,16,15,15,325,100,26,97
WAE,1997,2,18,15,7.6,70.3,7.4,2.5,4.83,5.2,19.8,0.2,960,266,3,8,27,1,27,17,17,17,17,321,88,26,97
WAE,1997,2,18,16,7.4,72.1,7.5,2.7,4.9,5.2,19.7,0,960,246,4.1,9.5,9,0,9,6,6,6,6,321,88,26,97
WAE,1997,2,18,17,7.8,68.5,7.2,2.4,4.7,5.3,19.7,0,959.3,273,1.8,10.9,0,0,0,0,0,0,0,325,100,26,97
WAE,1997,2,18,18,10.2,47.4,5.9,-0.5,3.84,5.5,19.9,0,960.8,272,6.2,17.1,0,0,0,0,0,0,0,324,100,26,97
WAE,1997,2,18,19,4.2,85.3,7,2,4.55,3.2,15.6,7.2,963,276,9.4,23.5,0,0,0,0,0,0,0,322,100,26,97
WAE,1997,2,18,20,4.2,83,6.8,1.6,4.41,3.1,15.3,1.2,965.4,254,7.9,16.8,0,0,0,0,0,0,0,319,100,26,97
WAE,1997,2,18,21,4,77.3,6.3,0.4,4.08,2.5,14.2,0,966.3,242,7.8,14.1,0,0,0,0,0,0,0,315,100,26,97
WAE,1997,2,18,22,4.7,72.2,6.2,0.1,4.01,2.8,14.8,0,967.2,250,5.7,11.9,0,0,0,0,0,0,0,310,100,26,97
WAE,1997,2,18,23,4.5,70.1,5.9,-0.5,3.82,2.4,14.1,0.2,966.9,260,5.2,11.1,0,0,0,0,0,0,0,304,100,26,97
WAE,1997,2,19,0,2.7,79.6,5.9,-0.5,3.81,1.4,12.2,1,969.2,276,7.1,19,0,0,0,0,0,0,0,298,100,26,97
WAE,1997,2,19,1,1.7,83.1,5.7,-0.9,3.68,0.7,10.9,0.1,970.1,250,6.3,13.1,0,0,0,0,0,0,0,294,100,26,97
WAE,1997,2,19,2,1.8,81.9,5.7,-1,3.67,0.7,11,0.1,970.5,247,5,8.3,0,0,0,0,0,0,0,291,100,26,97
WAE,1997,2,19,3,2,76.5,5.4,-1.7,3.48,0.6,10.7,0.2,971.5,261,4.9,11.2,0,0,0,0,0,0,0,287,100,26,97
WAE,1997,2,19,4,1.3,78.4,5.3,-2,3.41,0,9.8,0,972.5,242,5,10.6,0,0,0,0,0,0,0,279,88,26,97
WAE,1997,2,19,5,1.8,73.5,5.1,-2.4,3.28,0.2,10,0,972.6,243,5.3,10,0,0,0,0,0,0,0,275,88,26,97
WAE,1997,2,19,6,1.6,75,5.1,-2.3,3.27,0.1,9.8,0,973.9,245,5.9,10.5,26,91,21,12,99,47,12,277,100,26,97
WAE,1997,2,19,7,1.4,77.8,5.3,-2,3.4,0.1,9.9,0.1,974.5,249,3.9,8.6,152,447,69,42,447,286,42,272,68,26,97
WAE,1997,2,19,8,2.9,64.3,4.8,-3.2,3.08,0.6,10.6,0,975.1,262,3.5,8.1,179,174,129,78,225,198,76,284,88,26,97
WAE,1997,2,19,9,3.5,64.1,5,-2.6,3.2,1.1,11.5,0,975.7,285,2.3,8.1,328,282,207,123,308,378,120,293,100,26,97
WAE,1997,2,19,10,4.7,59.3,5.1,-2.5,3.27,1.8,12.9,0,975.4,286,2.7,9.5,358,211,253,150,246,362,147,274,40,26,97
WAE,1997,2,19,11,5.7,52.2,4.8,-3.3,3.08,2.2,13.4,0,974.8,278,4.2,8.9,279,110,222,134,164,245,130,294,80,26,97
WAE,1997,2,19,12,6.3,48.6,4.6,-3.7,2.95,2.4,13.7,0,973.9,261,3.4,7.8,332,160,253,152,152,309,223,297,80,26,97
WAE,1997,2,19,13,6.9,44.8,4.5,-4.3,2.89,2.5,14.2,0,973.3,234,2.9,7.4,360,394,191,113,113,466,364,292,68,26,97
WAE,1997,2,19,14,7,43.6,4.4,-4.5,2.83,2.5,14.1,0,972.3,228,2.4,5.7,211,169,157,95,95,218,232,301,88,26,97
WAE,1997,2,19,15,6.2,47.4,4.5,-4.1,2.89,2.2,13.5,0,971.5,124,1.2,3.5,135,267,78,47,47,204,284,305,100,26,97
WAE,1997,2,19,16,5.4,57.3,5.1,-2.4,3.29,2.3,13.7,0,970.7,135,1.1,3.3,2,0,2,1,1,1,1,306,100,26,97
WAE,1997,2,19,17,4.7,62.7,5.3,-1.8,3.42,2.1,13.3,0,970.4,162,0.6,1.5,0,0,0,0,0,0,0,306,100,26,97
WAE,1997,2,19,18,4.1,58,4.8,-3.4,3.09,1.2,11.9,0,969.7,180,0.7,2.7,0,0,0,0,0,0,0,306,100,26,97
WAE,1997,2,19,19,4.3,57.2,4.7,-3.4,3.03,1.3,11.9,0,968.4,125,1.4,5.2,0,0,0,0,0,0,0,306,100,26,97
WAE,1997,2,19,20,4,60.4,4.9,-3,3.17,1.3,11.9,0,966.9,127,1.7,4.8,0,0,0,0,0,0,0,306,100,26,97
WAE,1997,2,19,21,4.3,53.4,4.4,-4.3,2.85,1.1,11.4,0,966,288,1.1,2.5,0,0,0,0,0,0,0,307,100,26,97
WAE,1997,2,19,22,4.3,53.1,4.4,-4.4,2.85,1,11.5,0,964.8,135,1.2,3.3,0,0,0,0,0,0,0,307,100,26,97
WAE,1997,2,19,23,4.9,50.4,4.3,-4.5,2.78,1.3,11.9,0,964.7,202,1.1,4.5,0,0,0,0,0,0,0,307,100,26,97
WAE,1997,2,20,0,5.8,48.5,4.5,-4.2,2.91,1.9,13.1,0,965.1,242,2.8,7.3,0,0,0,0,0,0,0,308,100,26,97
WAE,1997,2,20,1,6.3,45.2,4.3,-4.7,2.78,2.1,13.3,0,965.6,277,1.7,6.6,0,0,0,0,0,0,0,309,100,26,97
WAE,1997,2,20,2,6.9,43.2,4.3,-4.7,2.78,2.4,13.9,0,966.7,273,2.6,13.9,0,0,0,0,0,0,0,311,100,26,97
WAE,1997,2,20,3,8.3,50.1,5.5,-1.5,3.56,4.1,17.3,0,966.8,261,8,17.8,0,0,0,0,0,0,0,313,100,26,97
WAE,1997,2,20,4,7.8,59.1,6.3,0.3,4.08,4.5,18.1,0.2,967.2,254,7.5,15.6,0,0,0,0,0,0,0,315,100,26,97
WAE,1997,2,20,5,7.5,67.9,7,2,4.53,5,18.9,1,969,276,5,11,0,0,0,0,0,0,0,317,100,26,97
WAE,1997,2,20,6,5.6,85,7.7,3.3,4.98,4.5,18.1,0.7,969.8,290,4.9,13.6,2,0,2,1,1,1,1,319,100,26,97
WAE,1997,2,20,7,5.8,80.5,7.4,2.7,4.78,4.4,17.8,0,970.5,239,6.8,11.1,47,6,46,29,34,30,28,322,100,26,97
WAE,1997,2,20,8,6.5,75,7.3,2.4,4.71,4.6,18.4,0,971.2,237,5.4,10,51,0,51,32,31,30,30,325,100,26,97
WAE,1997,2,20,9,7.3,69,7.1,2,4.58,4.9,18.8,0,971.4,242,3.4,7.6,76,0,76,47,47,45,46,327,100,26,97
WAE,1997,2,20,10,8.1,64.5,7,1.8,4.51,5.2,19.5,0,971.6,233,4.1,9.1,139,14,132,82,88,91,79,329,100,26,97
WAE,1997,2,20,11,7.9,66.6,7.1,2.1,4.58,5.2,19.4,0,971.5,253,5.6,11.7,49,0,49,31,31,29,30,330,100,26,97
WAE,1997,2,20,12,8.1,66.8,7.2,2.3,4.64,5.4,19.8,0,971.5,254,4.6,10.8,46,0,46,29,28,27,27,332,100,26,97
WAE,1997,2,20,13,8.5,66.2,7.3,2.6,4.71,5.7,20.4,0,971.2,254,3.8,10.8,149,4,147,91,91,90,90,331,100,26,97
WAE,1997,2,20,14,8.6,65.4,7.3,2.5,4.71,5.8,20.5,0,970.7,264,2.7,7.2,142,51,126,78,77,111,118,319,88,26,97
WAE,1997,2,20,15,9,63.1,7.2,2.4,4.65,5.9,20.7,0,970.4,261,3.3,7.7,105,104,86,53,53,107,148,301,68,26,97
WAE,1997,2,20,16,8.4,65.3,7.2,2.3,4.65,5.6,20.1,0,970.5,230,1.9,5.8,19,0,19,14,14,13,13,317,88,26,97
WAE,1997,2,20,17,7.5,70.3,7.3,2.5,4.71,5.2,19.4,0,970.8,219,2.7,3.9,0,0,0,0,0,0,0,294,60,26,97
WAE,1997,2,20,18,7.5,68.5,7.1,2.1,4.58,5,19,0,971,220,3.2,4.9,0,0,0,0,0,0,0,287,40,26,97
WAE,1997,2,20,19,7.1,67.4,6.8,1.5,4.39,4.6,18.1,0,971.3,232,3.3,5.2,0,0,0,0,0,0,0,296,45,26,97
WAE,1997,2,20,20,6.6,69.8,6.8,1.5,4.39,4.3,17.6,0,971.1,252,1.6,2.9,0,0,0,0,0,0,0,300,60,26,97
WAE,1997,2,20,21,5.4,74.9,6.7,1.3,4.32,3.6,16.3,0,971.2,207,0.6,2,0,0,0,0,0,0,0,274,13,26,97
WAE,1997,2,20,22,4.3,77.8,6.5,0.8,4.19,2.8,14.8,0,971.1,203,0.8,2,0,0,0,0,0,0,0,264,0,26,97
WAE,1997,2,20,23,3.2,81.5,6.3,0.3,4.06,2,13.4,0,971,180,0.5,2.2,0,0,0,0,0,0,0,278,40,26,97
WAE,1997,2,21,0,2.7,84.8,6.3,0.4,4.06,1.7,12.9,0,971.1,217,0.7,2.2,0,0,0,0,0,0,0,257,0,29,97
WAE,1997,2,21,1,2.6,84.2,6.2,0.2,4,1.6,12.6,0,971.4,236,0.8,2.3,0,0,0,0,0,0,0,262,13,29,97
WAE,1997,2,21,2,2.5,82.8,6.1,-0.1,3.93,1.4,12.3,0,971.2,217,1.2,2.6,0,0,0,0,0,0,0,256,0,29,97
WAE,1997,2,21,3,2.7,82,6.1,-0.1,3.93,1.5,12.5,0,971.4,252,0.7,3.1,0,0,0,0,0,0,0,267,33,29,97
WAE,1997,2,21,4,2.7,84.4,6.2,0.3,3.99,1.7,12.7,0,971.7,121,1.2,3.5,0,0,0,0,0,0,0,254,0,29,97
WAE,1997,2,21,5,1.8,86.7,6,-0.2,3.86,1,11.5,0,972,121,0.6,1.6,0,0,0,0,0,0,0,257,13,29,97
WAE,1997,2,21,6,1.6,86.9,6,-0.3,3.86,0.8,11.3,0,971.9,166,0.6,1.9,23,106,16,10,112,50,10,258,13,29,97
WAE,1997,2,21,7,2.2,85.9,6.2,0.1,3.99,1.3,12.2,0,972,108,1.1,3,162,475,69,45,476,302,45,259,0,29,97
WAE,1997,2,21,8,4.3,79.7,6.6,1.1,4.25,2.9,15,0,972.8,90,0.3,1.8,309,623,103,72,559,517,73,265,0,29,97
WAE,1997,2,21,9,5.5,72.9,6.6,1,4.25,3.5,16.2,0,973.2,79,1,2.9,434,717,121,91,516,697,93,250,0,29,97
WAE,1997,2,21,10,8.8,57.8,6.5,1,4.18,5.3,19.4,0,973.7,259,2.2,6.1,530,829,111,99,387,856,102,233,0,29,97
WAE,1997,2,21,11,10,51.7,6.3,0.5,4.05,5.7,20.3,0,973.4,245,4.8,9.4,509,635,172,124,178,738,185,247,13,29,97
WAE,1997,2,21,12,10.9,48.9,6.4,0.6,4.12,6.2,21.3,0,972.5,248,4.3,9.2,553,844,124,104,104,885,396,238,0,29,97
WAE,1997,2,21,13,11.1,47.2,6.3,0.3,4.06,6.2,21.4,0,972.2,245,4.3,8.8,462,799,107,89,90,762,545,238,0,29,97
WAE,1997,2,21,14,11.4,46.7,6.3,0.4,4.06,6.4,21.7,0,971.9,239,3.7,7,294,480,130,83,84,440,463,267,33,29,97
WAE,1997,2,21,15,11.3,45.5,6.1,0,3.93,6.2,21.3,0,972.7,263,3.3,8.5,139,239,85,54,54,193,267,298,68,29,97
WAE,1997,2,21,16,10.6,47.2,6,-0.2,3.86,5.8,20.4,0,973.3,265,2.5,6.1,16,0,16,13,13,12,12,290,60,29,97
WAE,1997,2,21,17,8.2,59.3,6.4,0.7,4.12,4.9,18.6,0,973.3,252,2.3,5.1,0,0,0,0,0,0,0,276,45,29,97
WAE,1997,2,21,18,7.7,62.8,6.6,1.1,4.24,4.7,18.4,0,974.6,287,3.1,5,0,0,0,0,0,0,0,248,13,29,97
WAE,1997,2,21,19,6.8,66.9,6.6,1.1,4.24,4.3,17.5,0,975,258,3.5,5.6,0,0,0,0,0,0,0,277,0,29,97
WAE,1997,2,21,20,5.8,69,6.3,0.6,4.04,3.5,16,0,975.6,231,4.5,5.9,0,0,0,0,0,0,0,277,0,29,97
WAE,1997,2,21,21,5.7,68.9,6.3,0.4,4.04,3.4,15.9,0,975.5,230,4.3,5.7,0,0,0,0,0,0,0,276,0,29,97
WAE,1997,2,21,22,6,68.6,6.4,0.7,4.11,3.7,16.3,0,975.7,224,3.3,4.7,0,0,0,0,0,0,0,276,0,29,97
WAE,1997,2,21,23,5.7,70.3,6.4,0.7,4.11,3.5,16,0,975.6,204,1.3,3.3,0,0,0,0,0,0,0,281,13,29,97
WAE,1997,2,22,0,5.7,70.2,6.4,0.7,4.11,3.5,16,0,975.3,212,1.9,5.5,0,0,0,0,0,0,0,275,0,24,97
WAE,1997,2,22,1,4.8,74,6.4,0.6,4.11,3,15.1,0,975,333,0.5,1.8,0,0,0,0,0,0,0,278,13,24,97
WAE,1997,2,22,2,4,76.7,6.2,0.3,3.98,2.4,14,0,975.2,90,0.7,3.6,0,0,0,0,0,0,0,271,0,24,97
WAE,1997,2,22,3,3,80.2,6.1,-0.1,3.92,1.7,12.8,0,975.2,217,1.1,3.3,0,0,0,0,0,0,0,270,0,24,97
WAE,1997,2,22,4,3.1,78.7,6,-0.2,3.85,1.7,12.7,0,975.2,214,2,4.6,0,0,0,0,0,0,0,268,0,24,97
WAE,1997,2,22,5,2.9,77.7,5.8,-0.6,3.72,1.5,12.2,0,974.9,153,2,4.8,0,0,0,0,0,0,0,266,0,24,97
WAE,1997,2,22,6,2.3,81.3,5.9,-0.6,3.79,1.1,11.8,0,974.5,143,1,2.7,23,93,16,10,99,44,9,271,13,24,97
WAE,1997,2,22,7,3.2,76.4,5.9,-0.5,3.79,1.7,12.7,0,974.3,143,0.6,2.4,166,489,67,40,483,302,40,270,0,24,97
WAE,1997,2,22,8,3.9,78.1,6.3,0.4,4.05,2.4,14.1,0,974,34,0.4,2.2,320,676,91,60,579,536,62,255,0,24,97
WAE,1997,2,22,9,5.5,68.7,6.2,0.2,3.99,3.2,15.5,0,973.5,56,0.4,2,442,749,111,77,516,700,79,238,0,24,97
WAE,1997,2,22,10,6.8,63.2,6.2,0.3,3.99,4,16.8,0,973,45,0.6,1.7,526,799,117,86,369,817,89,239,0,24,97
WAE,1997,2,22,11,8.9,54.4,6.2,0.2,3.99,5,19,0,972.1,76,1.2,3.1,562,831,117,89,157,869,155,241,0,24,97
WAE,1997,2,22,12,9.7,54.5,6.6,1,4.26,5.7,20.5,0,971.2,63,1,3.5,500,655,162,102,102,721,335,254,13,24,97
WAE,1997,2,22,13,9.9,53,6.4,0.8,4.13,5.8,20.3,0,970.7,18,0.6,1.8,413,553,165,96,96,582,437,265,25,24,97
WAE,1997,2,22,14,10.7,53.9,6.9,1.8,4.46,6.5,22,0,970,45,0.3,1,330,678,96,63,63,546,580,239,0,24,97
WAE,1997,2,22,15,11.2,54,7.2,2.2,4.65,6.9,23,0,969.5,63,0.2,1,178,507,71,43,43,320,500,238,0,24,97
WAE,1997,2,22,16,10.2,61,7.6,3,4.92,6.7,22.6,0,969,180,0.2,1.5,15,0,15,11,11,11,11,236,0,24,97
WAE,1997,2,22,17,8.3,66.9,7.3,2.5,4.72,5.6,20.2,0,968.8,198,1.3,1.9,0,0,0,0,0,0,0,235,0,24,97
WAE,1997,2,22,18,7.2,70.9,7.2,2.3,4.66,5,18.9,0,968.6,229,1.1,2.3,0,0,0,0,0,0,0,234,0,24,97
WAE,1997,2,22,19,6,75.2,7.1,1.9,4.59,4.2,17.6,0,968.5,236,0.4,1.7,0,0,0,0,0,0,0,232,0,24,97
WAE,1997,2,22,20,5.3,77.3,6.9,1.7,4.47,3.7,16.5,0,968.1,270,0.9,1.8,0,0,0,0,0,0,0,249,0,24,97
WAE,1997,2,22,21,4.6,79.6,6.7,1.4,4.34,3.2,15.5,0,967.9,180,0.5,1.7,0,0,0,0,0,0,0,266,0,24,97
WAE,1997,2,22,22,3.6,81.8,6.4,0.8,4.14,2.4,14,0,967.6,270,0.5,1.2,0,0,0,0,0,0,0,263,0,24,97
WAE,1997,2,22,23,3.9,80.3,6.5,0.8,4.21,2.6,14.5,0,967.1,270,0.3,1.4,0,0,0,0,0,0,0,261,0,24,97
WAE,1997,2,23,0,3,82.9,6.3,0.4,4.08,1.9,13.2,0,966.9,135,0.1,1.2,0,0,0,0,0,0,0,264,13,26,97
WAE,1997,2,23,1,2.6,83.7,6.2,0.1,4.02,1.6,12.7,0,966.4,162,0.4,2.5,0,0,0,0,0,0,0,257,0,26,97
WAE,1997,2,23,2,1.9,77.2,5.4,-1.7,3.5,0.5,10.6,0,965.8,180,0.4,2,0,0,0,0,0,0,0,256,0,26,97
WAE,1997,2,23,3,2,77.9,5.5,-1.4,3.56,0.7,10.9,0,965.2,180,0.2,1,0,0,0,0,0,0,0,254,0,26,97
WAE,1997,2,23,4,2.3,80.3,5.8,-0.7,3.76,1.1,11.7,0,964.8,243,0.6,2.2,0,0,0,0,0,0,0,253,0,26,97
WAE,1997,2,23,5,1.8,82,5.7,-0.9,3.7,0.7,11,0,964.5,0,0.2,1.6,0,0,0,0,0,0,0,259,20,26,97
WAE,1997,2,23,6,1.4,82.8,5.6,-1.2,3.63,0.4,10.5,0,964.7,90,0.1,1.2,27,119,18,11,125,55,10,273,55,26,97
WAE,1997,2,23,7,2.3,80.5,5.8,-0.7,3.76,1.1,11.7,0,964.8,117,0.2,1.5,118,116,92,56,163,120,54,304,100,26,97
WAE,1997,2,23,8,4,76.6,6.2,0.3,4.02,2.4,14.1,0,965,97,0.8,2.2,279,386,148,87,404,371,87,301,68,26,97
WAE,1997,2,23,9,6.4,68.6,6.6,1.1,4.29,4.1,17.2,0,964.6,90,0.4,2,393,458,186,110,402,517,110,295,68,26,97
WAE,1997,2,23,10,7.9,59.5,6.3,0.5,4.09,4.6,18.2,0,964.3,90,1,2.3,431,370,240,140,308,508,138,318,88,26,97
WAE,1997,2,23,11,9.7,50.9,6.1,0,3.96,5.4,19.7,0,963.7,90,1.2,3,465,409,243,142,196,562,192,336,100,26,97
WAE,1997,2,23,12,10.4,49.6,6.3,0.3,4.1,5.8,20.8,0,962.8,94,1.4,2.9,388,251,258,153,152,402,267,339,100,26,97
WAE,1997,2,23,13,11.4,46.4,6.3,0.3,4.1,6.3,21.8,0,962.1,90,1.6,3.2,377,384,201,119,118,465,361,326,88,26,97
WAE,1997,2,23,14,11.6,48,6.6,1,4.3,6.7,22.5,0,961.5,106,1.4,3,219,149,165,99,99,213,216,337,100,26,97
WAE,1997,2,23,15,11.5,48.6,6.6,1.1,4.3,6.7,22.4,0,960.9,125,1.4,2.6,64,3,63,39,39,39,40,336,100,26,97
WAE,1997,2,23,16,10.8,52,6.7,1.3,4.37,6.4,21.9,0,960.4,173,1.7,3.2,18,0,18,12,12,12,12,334,100,26,97
WAE,1997,2,23,17,8.9,63.4,7.2,2.3,4.7,5.8,20.8,0,960.3,200,1.3,2.7,0,0,0,0,0,0,0,333,100,26,97
WAE,1997,2,23,18,8.1,63,6.8,1.5,4.44,5.1,19.3,0,960,219,0.7,2.8,0,0,0,0,0,0,0,332,100,26,97
WAE,1997,2,23,19,7.9,56.4,6,-0.2,3.91,4.4,17.8,0,959.7,108,0.8,2.6,0,0,0,0,0,0,0,330,100,26,97
WAE,1997,2,23,20,6.6,61.7,6,-0.2,3.92,3.7,16.5,0,959.2,270,0.5,1.5,0,0,0,0,0,0,0,329,100,26,97
WAE,1997,2,23,21,5.7,66.4,6.1,-0.1,3.98,3.2,15.7,0,959,198,0.5,2.4,0,0,0,0,0,0,0,327,100,26,97
WAE,1997,2,23,22,5.1,65.6,5.8,-0.8,3.79,2.6,14.6,0,958.8,261,0.8,2.2,0,0,0,0,0,0,0,325,100,26,97
WAE,1997,2,23,23,5.4,62.8,5.6,-1.1,3.66,2.7,14.6,0,958.2,209,1.4,3.9,0,0,0,0,0,0,0,324,100,26,97
WAE,1997,2,24,0,4.6,67.2,5.7,-0.9,3.72,2.3,13.9,0,958.4,225,0.4,1.4,0,0,0,0,0,0,0,307,63,25,97
WAE,1997,2,24,1,3.8,75.5,6.1,-0.1,3.98,2.2,13.8,0,958.4,117,0.5,1.8,0,0,0,0,0,0,0,304,55,25,97
WAE,1997,2,24,2,3.8,79.1,6.3,0.5,4.12,2.4,14.1,0,958.1,135,0.3,2,0,0,0,0,0,0,0,322,100,25,97
WAE,1997,2,24,3,4.5,81.3,6.8,1.6,4.45,3.2,15.7,0,958,124,0.4,1.5,0,0,0,0,0,0,0,322,100,25,97
WAE,1997,2,24,4,5.6,77,7,1.9,4.58,3.9,17.1,0,957.8,163,1.1,3.2,0,0,0,0,0,0,0,321,100,25,97
WAE,1997,2,24,5,5,79,6.9,1.7,4.51,3.5,16.3,0,957.9,166,0.5,2.5,0,0,0,0,0,0,0,321,100,25,97
WAE,1997,2,24,6,5.2,76.5,6.8,1.4,4.45,3.5,16.4,0,957.8,124,0.5,3.1,2,0,2,1,1,1,1,322,100,25,97
WAE,1997,2,24,7,5.8,73.2,6.7,1.4,4.38,3.9,16.8,0,958.2,112,0.6,2.2,58,4,58,35,39,35,34,325,100,25,97
WAE,1997,2,24,8,5.7,75,6.9,1.6,4.51,3.9,17,0,958.1,117,0.5,2.9,24,0,24,15,15,14,14,328,100,25,97
WAE,1997,2,24,9,6.3,76.1,7.2,2.4,4.71,4.5,18.2,0,957.6,180,1,2.6,232,215,130,76,204,271,75,322,88,25,97
WAE,1997,2,24,10,7.8,68,7.2,2.3,4.71,5.3,19.7,0,957.1,34,0.8,2,476,552,188,112,335,641,112,310,68,25,97
WAE,1997,2,24,11,9.4,58.1,6.8,1.6,4.46,5.8,20.7,0,956,85,1.4,4,388,331,207,127,193,447,128,328,88,25,97
WAE,1997,2,24,12,10.6,53,6.8,1.4,4.46,6.3,21.9,0,955.5,79,0.6,3.1,364,259,230,137,136,384,254,330,88,25,97
WAE,1997,2,24,13,11.6,53.8,7.4,2.6,4.86,7.3,23.9,0,955.3,290,2,7.3,342,329,186,112,112,403,300,320,75,25,97
WAE,1997,2,24,14,12.5,58.7,8.5,4.6,5.59,8.5,26.7,0,954.8,267,2.2,6.6,291,422,139,82,82,394,416,314,68,25,97
WAE,1997,2,24,15,12.7,57.2,8.4,4.5,5.52,8.6,26.7,0,954.9,295,2.1,4.7,122,200,71,42,42,161,220,329,88,25,97
WAE,1997,2,24,16,12,59.2,8.3,4.3,5.45,8.1,25.8,0,954.7,237,3.3,5.5,6,0,6,4,4,3,4,338,100,25,97
WAE,1997,2,24,17,11.4,61.3,8.2,4.2,5.38,7.8,25,0,955.5,248,3,6,0,0,0,0,0,0,0,328,88,25,97
WAE,1997,2,24,18,10.4,66.1,8.3,4.4,5.45,7.4,24.2,0,955.1,223,2.4,4.1,0,0,0,0,0,0,0,313,68,25,97
WAE,1997,2,24,19,10.5,47.9,6.1,-0.1,4,5.7,20.6,0,955.1,234,2.9,5.4,0,0,0,0,0,0,0,312,68,25,97
WAE,1997,2,24,20,9.2,56.1,6.5,0.9,4.26,5.4,20,0,955.2,250,1.3,4.9,0,0,0,0,0,0,0,271,13,25,97
WAE,1997,2,24,21,8.5,69.7,7.7,3.3,5.06,6,21.3,0,954.8,233,3.6,5.4,0,0,0,0,0,0,0,262,0,25,97
WAE,1997,2,24,22,7.8,63.2,6.7,1.2,4.4,4.8,18.9,0,954.6,247,1.1,4,0,0,0,0,0,0,0,276,20,25,97
WAE,1997,2,24,23,8.1,57,6.1,0.1,4,4.6,18.2,0,954.2,223,2.2,6.4,0,0,0,0,0,0,0,323,88,25,97
WAE,1997,2,25,0,8.9,62,7.1,2,4.66,5.7,20.7,0,954.2,264,3.1,7.7,0,0,0,0,0,0,0,331,100,27,97
WAE,1997,2,25,1,8.9,63.7,7.2,2.4,4.73,5.9,20.8,0,954.1,227,2.4,7,0,0,0,0,0,0,0,332,100,27,97
WAE,1997,2,25,2,9.8,64.8,7.8,3.5,5.13,6.8,22.8,0,953.7,252,3.2,6.6,0,0,0,0,0,0,0,333,100,27,97
WAE,1997,2,25,3,10,67.2,8.2,4.2,5.39,7.2,23.6,0,954.1,256,3.8,7.3,0,0,0,0,0,0,0,334,100,27,97
WAE,1997,2,25,4,9.6,75.7,9,5.5,5.92,7.5,24.6,0.4,954,243,2.8,6.6,0,0,0,0,0,0,0,336,100,27,97
WAE,1997,2,25,5,8.2,84.3,9.2,5.7,6.06,6.9,23.5,0,953.5,214,1.4,3.7,0,0,0,0,0,0,0,337,100,27,97
WAE,1997,2,25,6,8.4,80.3,8.9,5.2,5.86,6.8,23.2,0.5,954.2,260,3.7,9.2,2,0,2,1,1,1,1,338,100,27,97
WAE,1997,2,25,7,8.9,76.2,8.7,4.9,5.72,6.9,23.3,0,954.2,263,4.3,8.2,12,0,12,7,7,7,7,340,100,27,97
WAE,1997,2,25,8,10.8,63.9,8.2,4.2,5.39,7.5,24.4,0,953.8,238,3.2,6.7,37,0,37,23,23,22,22,342,100,27,97
WAE,1997,2,25,9,10.8,69.1,9,5.4,5.92,8.1,25.8,0,954.3,251,4.4,8.6,38,0,38,24,23,22,23,344,100,27,97
WAE,1997,2,25,10,12,66.5,9.3,6,6.12,8.9,27.5,0,954,284,3.2,7,58,0,58,36,36,34,35,346,100,27,97
WAE,1997,2,25,11,12.6,64.6,9.4,6.1,6.19,9.2,28.3,0,954.5,293,1.6,6.1,53,0,53,33,33,31,32,348,100,27,97
WAE,1997,2,25,12,14.7,50.8,8.5,4.6,5.59,9.5,28.9,0,954.3,276,5.1,18.2,49,0,49,30,30,29,29,349,100,27,97
WAE,1997,2,25,13,15.8,43.5,7.8,3.4,5.13,9.5,28.9,0,953,262,8.4,18.9,39,0,39,24,24,23,23,349,100,27,97
WAE,1997,2,25,14,15.3,48.3,8.3,4.5,5.46,9.7,29.2,0,953.5,275,4.5,10.1,25,0,25,16,16,15,15,348,100,27,97
WAE,1997,2,25,15,15.2,51.1,8.8,5.2,5.8,10,29.9,0,953.3,271,5.6,13.5,13,0,13,8,8,7,8,348,100,27,97
WAE,1997,2,25,16,14.8,52.8,8.9,5.3,5.86,9.8,29.7,0,953.4,284,5.2,11.7,19,0,19,13,13,13,13,347,100,27,97
WAE,1997,2,25,17,15.4,46.6,8.1,4,5.33,9.6,29,0,953.6,283,4,9,0,0,0,0,0,0,0,347,100,27,97
WAE,1997,2,25,18,14.5,53.5,8.8,5.2,5.78,9.7,29.2,0,955.4,278,4.4,10.1,0,0,0,0,0,0,0,347,100,27,97
WAE,1997,2,25,19,13.5,61.1,9.5,6.2,6.25,9.7,29.3,0,955.5,271,4.5,8.4,0,0,0,0,0,0,0,346,100,27,97
WAE,1997,2,25,20,13.4,61.5,9.4,6.2,6.18,9.6,29.1,0,955.8,271,4.6,10.3,0,0,0,0,0,0,0,346,100,27,97
WAE,1997,2,25,21,13.2,62.3,9.5,6.2,6.24,9.5,29,0,956.6,275,4.4,8.6,0,0,0,0,0,0,0,346,100,27,97
WAE,1997,2,25,22,12.4,71.8,10.3,7.5,6.77,9.8,29.5,0.8,956.8,268,6,13.6,0,0,0,0,0,0,0,345,100,27,97
WAE,1997,2,25,23,11,85.3,11.1,8.6,7.3,9.7,29.5,2.2,957.1,267,5.1,10.2,0,0,0,0,0,0,0,345,100,27,97
WAE,1997,2,26,0,11.2,80.9,10.8,8,7.1,9.5,29.2,1.3,957.1,258,5.6,15.7,0,0,0,0,0,0,0,345,100,27,97
WAE,1997,2,26,1,12,69.9,9.8,6.7,6.44,9.2,28.3,0.2,957,250,8.3,18.1,0,0,0,0,0,0,0,344,100,27,97
WAE,1997,2,26,2,12.5,62.4,9.1,5.5,5.98,8.9,27.6,0,956.4,246,7.4,14.7,0,0,0,0,0,0,0,344,100,27,97
WAE,1997,2,26,3,12.3,64.4,9.2,5.8,6.05,8.9,27.6,0.3,955.7,254,5.5,12.5,0,0,0,0,0,0,0,344,100,27,97
WAE,1997,2,26,4,12.5,60.8,8.8,5.1,5.79,8.7,27.2,0.2,954.9,256,5.2,12.6,0,0,0,0,0,0,0,343,100,27,97
WAE,1997,2,26,5,13.5,50.1,7.7,3.3,5.06,8.4,26.4,0,953.9,253,5.3,12.4,0,0,0,0,0,0,0,343,100,27,97
WAE,1997,2,26,6,12.5,56.6,8.2,4.1,5.39,8.3,26.2,0,953.9,279,4.9,11.4,2,0,2,1,1,1,1,342,100,27,97
WAE,1997,2,26,7,12.3,57.3,8.2,4.1,5.38,8.2,25.9,0,955.5,278,3.7,8.9,24,0,24,15,15,14,15,341,100,27,97
WAE,1997,2,26,8,11.5,70.8,9.6,6.4,6.3,8.8,27.5,0.2,956.7,267,5.6,12.3,25,0,25,16,16,15,15,340,100,27,97
WAE,1997,2,26,9,10.2,77.6,9.6,6.5,6.29,8.3,26.1,1.3,958.9,282,6.3,14.2,39,0,39,24,24,23,24,339,100,27,97
WAE,1997,2,26,10,9,75.9,8.7,5,5.69,7,23.4,0.7,959.4,255,6.5,16.4,50,0,50,31,31,30,30,339,100,27,97
WAE,1997,2,26,11,9.4,66.6,7.9,3.5,5.16,6.6,22.4,0.1,959.3,243,7.3,15.9,55,0,55,34,34,32,33,338,100,27,97
WAE,1997,2,26,12,9.5,62,7.4,2.6,4.83,6.2,21.7,0,959.5,245,6.6,15.8,51,0,51,32,32,30,31,337,100,27,97
WAE,1997,2,26,13,9.3,66.3,7.7,3.3,5.03,6.4,22,0,960,262,5.5,12.8,91,0,91,57,57,54,55,335,100,27,97
WAE,1997,2,26,14,7.6,76.3,7.9,3.7,5.16,5.7,20.6,0.7,960.1,286,2.7,8.2,26,0,26,16,16,16,16,333,100,27,97
WAE,1997,2,26,15,8.4,70.1,7.8,3.3,5.09,6,21.2,0.3,960.6,261,4.9,15.2,65,77,50,31,31,68,103,322,88,27,97
WAE,1997,2,26,16,6.6,78.3,7.7,3.1,5.03,5,19.3,0.2,960.1,240,6.2,11.5,20,0,20,15,15,15,15,330,100,27,97
WAE,1997,2,26,17,6.3,75.9,7.2,2.4,4.7,4.5,18.1,2.1,959.3,246,7.3,20.3,0,0,0,0,0,0,0,318,88,27,97
WAE,1997,2,26,18,6.9,69.4,6.9,1.7,4.5,4.6,18.2,0,959.6,255,3.9,8.7,0,0,0,0,0,0,0,326,100,27,97
WAE,1997,2,26,19,5.2,82.6,7.3,2.5,4.76,4,17.2,2.9,961.6,312,1.9,20,0,0,0,0,0,0,0,324,100,27,97
WAE,1997,2,26,20,3.7,82.7,6.6,1,4.3,2.5,14.5,3.8,962.3,250,9.1,16.4,0,0,0,0,0,0,0,323,100,27,97
WAE,1997,2,26,21,5.1,77.1,6.8,1.4,4.42,3.5,16.2,0.1,963.3,243,7.9,15.3,0,0,0,0,0,0,0,320,100,27,97
WAE,1997,2,26,22,5.1,78.6,6.9,1.7,4.48,3.6,16.4,0.3,964.5,253,6.5,12.8,0,0,0,0,0,0,0,318,100,27,97
WAE,1997,2,26,23,2.3,89.6,6.5,0.8,4.21,1.7,12.8,5,966,282,6.4,17.7,0,0,0,0,0,0,0,315,100,27,97
WAE,1997,2,27,0,2.9,86.1,6.5,0.8,4.21,2,13.4,0,966.6,246,5.6,11.3,0,0,0,0,0,0,0,312,100,27,97
WAE,1997,2,27,1,3.6,80.7,6.4,0.6,4.14,2.3,14,0.1,967.4,250,6.4,13.9,0,0,0,0,0,0,0,311,100,27,97
WAE,1997,2,27,2,4.2,71,5.8,-0.6,3.75,2.2,13.6,0.1,968.1,245,5.2,12.7,0,0,0,0,0,0,0,310,100,27,97
WAE,1997,2,27,3,3.7,75.5,6,-0.2,3.87,2.1,13.4,0.1,969.6,249,6.9,12.9,0,0,0,0,0,0,0,308,100,27,97
WAE,1997,2,27,4,4.1,70.8,5.8,-0.7,3.74,2.1,13.5,0,971.2,247,5.9,12.2,0,0,0,0,0,0,0,306,100,27,97
WAE,1997,2,27,5,3.6,75.7,6,-0.3,3.86,2,13.3,0,972.3,249,7.1,13,0,0,0,0,0,0,0,299,88,27,97
WAE,1997,2,27,6,3.1,80.3,6.2,0,3.99,1.8,13.1,0,973.6,252,6.8,13.9,38,151,23,14,160,69,14,298,88,27,97
WAE,1997,2,27,7,3.3,78.6,6.1,-0.1,3.92,1.9,13.1,0,974.7,247,6.2,10.8,122,128,89,54,172,128,53,300,88,27,97
WAE,1997,2,27,8,3.7,77.3,6.2,0.1,3.98,2.2,13.7,0,975.2,241,6.3,11.3,172,105,137,84,175,154,82,303,88,27,97
WAE,1997,2,27,9,3.7,75.4,6,-0.2,3.85,2.1,13.3,0,975.9,250,5.4,10.9,41,0,41,26,25,24,25,311,100,27,97
WAE,1997,2,27,10,4.3,72.6,6,-0.2,3.85,2.4,14,0,976.6,238,6.2,11.7,52,0,52,33,32,31,31,313,100,27,97
WAE,1997,2,27,11,4.3,74.2,6.1,0.1,3.91,2.5,14.1,0.1,976.8,242,4.9,9.1,57,0,57,35,35,33,34,315,100,27,97
WAE,1997,2,27,12,4.8,70.3,6,-0.1,3.84,2.7,14.5,0,977,242,5.2,10.8,52,0,52,33,33,31,32,317,100,27,97
WAE,1997,2,27,13,4.9,69.7,6.1,-0.2,3.9,2.8,14.7,0,977.8,251,5.3,10.3,41,0,41,26,26,25,25,316,100,27,97
WAE,1997,2,27,14,5.2,69.9,6.2,0.2,3.97,3.1,15.2,0,978.3,251,5.2,10.2,28,0,28,18,18,17,17,316,100,27,97
WAE,1997,2,27,15,5.4,66.7,6,-0.3,3.84,3,15,0,978.9,257,4.7,9.2,14,0,14,9,9,8,8,316,100,27,97
WAE,1997,2,27,16,5.3,67.3,6,-0.3,3.83,2.9,14.9,0,979.6,270,2.8,8.8,20,0,20,13,13,12,12,315,100,27,97
WAE,1997,2,27,17,5.1,67.4,5.9,-0.4,3.77,2.8,14.6,0,980.2,240,1.3,5.8,0,0,0,0,0,0,0,315,100,27,97
WAE,1997,2,27,18,4.7,65.2,5.6,-1.3,3.57,2.2,13.7,0,980.5,240,1.4,4.1,0,0,0,0,0,0,0,314,100,27,97
WAE,1997,2,27,19,3,73.9,5.6,-1.2,3.57,1.3,11.9,0,980.7,150,0.9,2.5,0,0,0,0,0,0,0,295,60,27,97
WAE,1997,2,27,20,1.8,80.4,5.6,-1.2,3.57,0.6,10.7,0,980.7,146,1,2.5,0,0,0,0,0,0,0,289,50,27,97
WAE,1997,2,27,21,0.8,83.6,5.4,-1.7,3.44,-0.2,9.4,0,980.4,153,0.5,2.4,0,0,0,0,0,0,0,292,60,27,97
WAE,1997,2,27,22,0.9,81,5.3,-2,3.38,-0.2,9.3,0,979.7,144,1.3,3,0,0,0,0,0,0,0,291,63,27,97
WAE,1997,2,27,23,1.2,75.3,5,-2.7,3.19,-0.3,9.2,0,979.1,152,1.5,4.2,0,0,0,0,0,0,0,290,63,27,97
WAE,1997,2,28,0,0.9,74.6,4.9,-3.1,3.13,-0.6,8.7,0,978.7,139,0.9,3.5,0,0,0,0,0,0,0,264,0,25,97
WAE,1997,2,28,1,0.4,76.5,4.8,-3.2,3.07,-0.9,8.1,0,978.2,153,1.3,3.5,0,0,0,0,0,0,0,264,0,25,97
WAE,1997,2,28,2,0.2,76.3,4.7,-3.5,3,-1.1,7.7,0,977.9,137,2.2,5.4,0,0,0,0,0,0,0,264,0,25,97
WAE,1997,2,28,3,-0.1,76.9,4.6,-3.7,2.94,-1.4,7.2,0,978.3,156,1,3.8,0,0,0,0,0,0,0,264,0,25,97
WAE,1997,2,28,4,-0.4,79.9,4.7,-3.4,3,-1.5,7.1,0,978.1,198,1,2.1,0,0,0,0,0,0,0,264,0,25,97
WAE,1997,2,28,5,0,73.4,4.5,-4.2,2.88,-1.5,7.2,0,977.7,157,1.4,3.3,0,0,0,0,0,0,0,264,0,25,97
WAE,1997,2,28,6,-0.2,78.2,4.7,-3.5,3,-1.4,7.3,0,978.3,257,1.4,3.6,28,51,23,14,64,32,13,282,43,25,97
WAE,1997,2,28,7,1.2,74.7,5,-2.8,3.2,-0.3,9.2,0,978.1,225,1,2.7,186,451,84,51,468,284,50,286,45,25,97
WAE,1997,2,28,8,2.3,71.4,5.1,-2.3,3.26,0.5,10.5,0,978.2,53,0.6,2,339,601,121,76,557,493,77,277,13,25,97
WAE,1997,2,28,9,3.7,62.1,5,-2.9,3.2,1.1,11.7,0,978,45,0.8,2.1,410,454,197,116,415,508,115,297,63,25,97
WAE,1997,2,28,10,4.9,57.7,5,-2.7,3.2,1.9,12.9,0,977.9,45,1,2.7,492,504,218,128,347,614,127,295,68,25,97
WAE,1997,2,28,11,5.9,57.8,5.4,-1.8,3.46,2.7,14.6,0,977,40,0.8,2.1,450,301,279,162,208,471,198,317,88,25,97
WAE,1997,2,28,12,7.3,48.3,4.9,-2.9,3.14,3.2,15.2,0,976.1,27,0.5,1.9,438,330,259,151,151,474,304,320,88,25,97
WAE,1997,2,28,13,7.9,46.5,5,-2.8,3.21,3.5,16,0,975.3,66,1,2.9,435,520,186,110,110,563,443,307,75,25,97
WAE,1997,2,28,14,8.9,44.5,5.1,-2.5,3.27,4.1,17.2,0,974.4,18,0.4,1.5,322,454,150,88,88,421,455,307,75,25,97
WAE,1997,2,28,15,9.4,42.3,5,-2.8,3.21,4.3,17.5,0,974.1,72,0.4,1.4,151,177,104,62,62,163,224,331,100,25,97
WAE,1997,2,28,16,8.3,51.4,5.6,-1.4,3.58,4.2,17.3,0,973.9,225,0.1,0.9,28,34,24,15,15,27,48,330,100,25,97
WAE,1997,2,28,17,7.4,57.4,5.9,-0.6,3.77,4,16.9,0,973.7,221,1.1,4.5,0,0,0,0,0,0,0,330,100,25,97
WAE,1997,2,28,18,6.7,60.6,5.9,-0.5,3.79,3.6,16.2,0,973.7,237,2.4,4.5,0,0,0,0,0,0,0,329,100,25,97
WAE,1997,2,28,19,5.8,64.9,6,-0.3,3.84,3.2,15.5,0,973.6,275,1.1,3.7,0,0,0,0,0,0,0,327,100,25,97
WAE,1997,2,28,20,5.2,67.7,6,-0.3,3.83,2.9,14.9,0,973,143,1.2,3.3,0,0,0,0,0,0,0,324,100,25,97
WAE,1997,2,28,21,4.6,71.1,6,-0.2,3.87,2.6,14.3,0,972,156,1.2,5.1,0,0,0,0,0,0,0,305,68,25,97
WAE,1997,2,28,22,4.2,73.6,6,-0.2,3.89,2.4,14,0,971,233,0.6,1.7,0,0,0,0,0,0,0,299,63,25,97
WAE,1997,2,28,23,3.8,76.1,6.1,0,3.94,2.2,13.7,0,969.7,225,0.5,2.2,0,0,0,0,0,0,0,280,25,25,97
WAE,2011,3,1,0,3.6,78.4,6.2,0.1,4,2.2,13.6,0,968.3,329,0.6,1.3,0,0,0,0,0,0,0,295,68,31,97
WAE,2011,3,1,1,3.4,80.4,6.3,0.3,4.06,2.1,13.6,0,967.1,297,0.6,1.2,0,0,0,0,0,0,0,310,100,31,97
WAE,2011,3,1,2,3.3,81.6,6.3,0.5,4.11,2.2,13.6,0,966.3,277,0.8,1.7,0,0,0,0,0,0,0,309,94,31,97
WAE,2011,3,1,3,3.3,82.6,6.4,0.6,4.16,2.2,13.7,0,965.6,333,0.2,0.9,0,0,0,0,0,0,0,308,94,31,97
WAE,2011,3,1,4,3.3,83.3,6.5,0.7,4.19,2.2,13.8,0,965.3,360,0.3,2,0,0,0,0,0,0,0,302,94,31,97
WAE,2011,3,1,5,3.3,83.4,6.5,0.7,4.19,2.2,13.8,0,965.5,21,1.5,3.5,0,0,0,0,0,0,0,307,94,31,97
WAE,2011,3,1,6,3.3,83.5,6.5,0.8,4.19,2.2,13.8,0,965.7,27,1.1,4.3,39,120,28,18,136,58,17,307,88,31,97
WAE,2011,3,1,7,3.3,83.3,6.5,0.8,4.2,2.2,13.9,0,966,26,3,5.3,18,0,18,12,12,11,11,309,100,31,97
WAE,2011,3,1,8,3.4,83.1,6.5,0.8,4.21,2.3,14,0,966.3,32,4.6,7.5,39,0,39,25,25,24,24,306,100,31,97
WAE,2011,3,1,9,3.6,82,6.5,0.8,4.21,2.4,14.2,0,966.3,31,4.9,7,84,3,83,54,55,53,52,314,94,31,97
WAE,2011,3,1,10,3.8,82,6.6,1,4.28,2.6,14.5,0,966.4,26,4.8,6.9,31,0,31,20,20,19,19,318,100,31,97
WAE,2011,3,1,11,4.1,79.5,6.5,0.9,4.21,2.7,14.7,0,966.1,27,4.8,7.7,31,0,31,20,20,19,19,322,100,31,97
WAE,2011,3,1,12,4.5,76.1,6.4,0.7,4.15,2.9,14.9,0,965.7,32,6.2,8.8,93,52,64,44,44,89,56,323,100,31,97
WAE,2011,3,1,13,5,73.2,6.4,0.6,4.15,3.1,15.4,0,965.7,35,4.6,8.4,172,130,112,73,72,180,163,322,78,31,97
WAE,2011,3,1,14,5.9,66.9,6.2,0.2,4.02,3.4,16,0,965.6,119,2.1,4.7,373,612,134,94,95,536,573,313,40,31,97
WAE,2011,3,1,15,6.3,65.8,6.3,0.4,4.09,3.7,16.6,0,965.4,99,2.6,5.1,137,116,107,68,68,132,174,315,55,31,97
WAE,2011,3,1,16,6.2,66.7,6.3,0.5,4.09,3.7,16.5,0,965.5,92,2.6,5.8,30,37,24,16,16,31,51,302,36,31,97
WAE,2011,3,1,17,5.7,70.4,6.4,0.7,4.15,3.5,16.1,0,966,84,3.1,5.8,0,0,0,0,0,0,0,311,68,31,97
WAE,2011,3,1,18,5.6,66.2,6,-0.2,3.89,3.1,15.4,0,966.3,52,6.1,11.2,0,0,0,0,0,0,0,311,55,31,97
WAE,2011,3,1,19,4.7,67.9,5.8,-0.7,3.76,2.5,14.1,0,966.3,47,7.7,12.8,0,0,0,0,0,0,0,305,40,31,97
WAE,2011,3,1,20,3.4,69.4,5.4,-1.7,3.5,1.4,12.2,0,966.1,41,6.4,11.5,0,0,0,0,0,0,0,299,20,31,97
WAE,2011,3,1,21,2.8,70.3,5.2,-2.1,3.37,0.9,11.2,0,965.7,36,6.4,10.3,0,0,0,0,0,0,0,269,0,31,97
WAE,2011,3,1,22,2.3,71.6,5.1,-2.3,3.3,0.5,10.6,0,965.6,37,6.7,9.8,0,0,0,0,0,0,0,282,6,31,97
WAE,2011,3,1,23,1.8,73.8,5.1,-2.4,3.3,0.2,10.1,0,965.4,37,6.9,9.8,0,0,0,0,0,0,0,275,39,31,97
WAE,2011,3,2,0,1.5,74.6,5.1,-2.5,3.3,0,9.8,0,965.2,37,6.1,9.3,0,0,0,0,0,0,0,258,94,28,97
WAE,2011,3,2,1,1.5,74.7,5.1,-2.5,3.31,0,9.8,0,964.7,39,5.6,8.8,0,0,0,0,0,0,0,248,100,28,97
WAE,2011,3,2,2,1.3,76.2,5.1,-2.4,3.31,-0.1,9.6,0,964.2,40,5.8,9.4,0,0,0,0,0,0,0,246,100,28,97
WAE,2011,3,2,3,1.2,76.9,5.1,-2.4,3.31,-0.2,9.5,0,963.8,40,4.8,7.8,0,0,0,0,0,0,0,244,100,28,97
WAE,2011,3,2,4,1.2,76.3,5.1,-2.5,3.31,-0.2,9.5,0,963.6,43,5,8.6,0,0,0,0,0,0,0,242,100,28,97
WAE,2011,3,2,5,1,77.1,5.1,-2.6,3.31,-0.4,9.3,0,963.6,39,4.3,8.7,0,0,0,0,0,0,0,240,100,28,97
WAE,2011,3,2,6,0.7,76.8,4.9,-2.9,3.18,-0.6,8.6,0,963.4,42,4.7,7.5,38,106,29,18,122,51,17,240,41,28,97
WAE,2011,3,2,7,0.5,77.1,4.9,-3,3.18,-0.8,8.4,0,963.1,36,4.8,7.8,81,7,79,49,56,51,48,249,94,28,97
WAE,2011,3,2,8,0.8,76.1,4.9,-2.9,3.18,-0.6,8.7,0,962.8,35,5.7,8.5,97,0,97,61,61,58,59,267,100,28,97
WAE,2011,3,2,9,1.4,72.4,4.9,-3,3.18,-0.2,9.4,0,962.7,32,5.8,8.3,118,0,118,74,74,70,72,277,100,28,97
WAE,2011,3,2,10,1.7,69.2,4.8,-3.3,3.12,-0.2,9.5,0,962.7,32,6.7,9.5,137,0,137,86,86,82,83,287,100,28,97
WAE,2011,3,2,11,2.6,64.2,4.7,-3.5,3.05,0.3,10.2,0,962.7,50,4.2,8.6,473,418,231,149,154,551,228,294,56,28,97
WAE,2011,3,2,12,3.5,62,4.9,-3.1,3.18,1,11.5,0,962,130,2.7,5.6,485,616,143,107,107,660,335,250,13,28,97
WAE,2011,3,2,13,4.9,53.6,4.6,-3.7,2.99,1.6,12.4,0,961.6,133,1.9,5,530,874,97,91,91,794,580,250,6,28,97
WAE,2011,3,2,14,5.6,46.1,4.2,-5.1,2.73,1.6,12.5,0,961.9,130,1.7,4.1,398,782,91,74,74,611,667,250,0,28,97
WAE,2011,3,2,15,6,45.1,4.2,-5,2.73,1.8,12.9,0,962.1,122,0.9,3,236,624,74,52,52,380,616,250,0,28,97
WAE,2011,3,2,16,5.5,44.9,4.1,-5.5,2.66,1.4,12.2,0,962.5,135,0.5,3.2,60,205,31,21,21,98,220,259,0,28,97
WAE,2011,3,2,17,4.2,52.1,4.3,-4.7,2.79,0.9,11.2,0,963.3,43,2.1,6.6,0,0,0,0,0,0,0,261,0,28,97
WAE,2011,3,2,18,2.9,56,4.2,-5,2.72,0,9.7,0,963.6,31,4.8,8.1,0,0,0,0,0,0,0,266,29,28,97
WAE,2011,3,2,19,2,58.9,4.2,-5.2,2.72,-0.6,8.8,0,963.5,35,2.9,6.9,0,0,0,0,0,0,0,260,0,28,97
WAE,2011,3,2,20,1.7,59.1,4.1,-5.4,2.66,-0.8,8.3,0,963.6,24,2.1,6.9,0,0,0,0,0,0,0,254,0,28,97
WAE,2011,3,2,21,1.5,60.7,4.1,-5.3,2.66,-0.9,8.1,0,963.7,35,2.7,7.5,0,0,0,0,0,0,0,261,20,28,97
WAE,2011,3,2,22,1.1,62.3,4.1,-5.3,2.66,-1.1,7.7,0,963.7,58,1.2,3.1,0,0,0,0,0,0,0,270,45,28,97
WAE,2011,3,2,23,0.7,66.5,4.3,-4.8,2.79,-1.2,7.7,0,963.9,25,2,6,0,0,0,0,0,0,0,258,35,28,97
WAE,2011,3,3,0,0.4,67.3,4.2,-4.9,2.72,-1.5,7.2,0,964,29,2.9,6.3,0,0,0,0,0,0,0,247,0,26,97
WAE,2011,3,3,1,-0.3,67.5,4,-5.6,2.59,-2.1,6.2,0,964.1,28,1.9,6.3,0,0,0,0,0,0,0,247,0,26,97
WAE,2011,3,3,2,-0.8,70.6,4.1,-5.5,2.66,-2.4,5.8,0,964,10,1.3,3.7,0,0,0,0,0,0,0,253,16,26,97
WAE,2011,3,3,3,-1.2,71.5,4,-5.7,2.59,-2.7,5.2,0,964.3,323,1,3.1,0,0,0,0,0,0,0,268,94,26,97
WAE,2011,3,3,4,-1.3,71.5,4,-5.8,2.59,-2.8,5.1,0,964.6,343,1.1,3.8,0,0,0,0,0,0,0,264,75,26,97
WAE,2011,3,3,5,-2.1,75.5,3.9,-5.8,2.52,-3.3,4.2,0,964.8,259,1,1.8,0,0,0,0,0,0,0,252,19,26,97
WAE,2011,3,3,6,-1.9,74.7,4,-5.8,2.59,-3.2,4.5,0,965.1,264,1,2.3,58,211,34,20,228,92,19,253,39,26,97
WAE,2011,3,3,7,-1.4,73,4,-5.6,2.59,-2.8,5,0,965.6,286,0.9,2.1,170,290,103,62,337,207,61,258,50,26,97
WAE,2011,3,3,8,-0.9,70.9,4.1,-5.5,2.65,-2.5,5.7,0,966,330,1,2.2,238,147,184,111,238,212,108,271,58,26,97
WAE,2011,3,3,9,-0.4,68.8,4.1,-5.4,2.65,-2.1,6.2,0,966.2,11,0.5,1.4,317,146,245,147,248,274,143,284,68,26,97
WAE,2011,3,3,10,0.3,67.2,4.2,-5.1,2.72,-1.6,7.1,0,966.4,39,0.6,2.3,431,278,276,163,303,434,159,287,60,26,97
WAE,2011,3,3,11,1.1,64.7,4.3,-4.8,2.78,-1,8,0,966.3,68,0.8,3.1,595,718,175,123,184,793,190,285,50,26,97
WAE,2011,3,3,12,1.8,63.4,4.4,-4.4,2.85,-0.4,8.9,0,966.1,34,0.5,2.3,551,700,159,119,119,735,374,290,59,26,97
WAE,2011,3,3,13,2.8,60.9,4.6,-4,2.98,0.3,10.3,0,965.9,67,0.9,2.6,342,238,221,136,136,340,275,300,94,26,97
WAE,2011,3,3,14,2.9,60.3,4.5,-4,2.91,0.3,10.2,0,965.9,53,0.6,2,393,735,104,75,75,578,643,284,50,26,97
WAE,2011,3,3,15,3.1,60.5,4.6,-3.8,2.98,0.5,10.6,0,966,40,0.8,1.8,223,513,88,56,56,327,523,288,48,26,97
WAE,2011,3,3,16,3,61.9,4.7,-3.6,3.04,0.5,10.6,0,966.2,139,1.1,2.4,53,134,33,21,21,72,150,284,26,26,97
WAE,2011,3,3,17,2,66.6,4.7,-3.6,3.04,-0.1,9.6,0,966.4,131,1,2.4,0,0,0,0,0,0,0,289,46,26,97
WAE,2011,3,3,18,1.6,69.8,4.8,-3.3,3.1,-0.2,9.4,0,966.5,162,1.6,2.7,0,0,0,0,0,0,0,279,44,26,97
WAE,2011,3,3,19,1.1,71.9,4.7,-3.4,3.04,-0.6,8.7,0,966.5,150,0.9,1.7,0,0,0,0,0,0,0,270,0,26,97
WAE,2011,3,3,20,0.4,75.4,4.7,-3.4,3.04,-1,8,0,966.6,149,0.8,1.8,0,0,0,0,0,0,0,268,0,26,97
WAE,2011,3,3,21,0.1,77.3,4.8,-3.4,3.1,-1.2,7.8,0,966.5,175,1.1,2.5,0,0,0,0,0,0,0,266,0,26,97
WAE,2011,3,3,22,0.2,75.6,4.7,-3.6,3.04,-1.2,7.8,0,966.8,167,2.3,3.6,0,0,0,0,0,0,0,266,0,26,97
WAE,2011,3,3,23,0,76.1,4.7,-3.7,3.04,-1.3,7.6,0,967.1,173,1.6,2.9,0,0,0,0,0,0,0,264,0,26,97
WAE,2011,3,4,0,-0.6,79.8,4.7,-3.6,3.04,-1.7,7,0,967.4,194,0.6,1.7,0,0,0,0,0,0,0,268,13,25,97
WAE,2011,3,4,1,-0.8,81.1,4.7,-3.6,3.04,-1.8,6.8,0,967.7,270,1.1,1.6,0,0,0,0,0,0,0,260,6,25,97
WAE,2011,3,4,2,-1.3,83.1,4.6,-3.8,2.97,-2.2,6.1,0,967.8,219,0.8,1.6,0,0,0,0,0,0,0,257,25,25,97
WAE,2011,3,4,3,-1.3,84,4.7,-3.6,3.03,-2.1,6.2,0,968,229,1,2,0,0,0,0,0,0,0,254,13,25,97
WAE,2011,3,4,4,-1.6,85.2,4.6,-3.8,2.97,-2.4,5.8,0,968.3,247,1.3,2.3,0,0,0,0,0,0,0,245,25,25,97
WAE,2011,3,4,5,-1.5,84,4.6,-3.8,2.97,-2.3,5.9,0,968.6,254,2.2,3.6,0,0,0,0,0,0,0,253,29,25,97
WAE,2011,3,4,6,-1.8,84.5,4.5,-4.1,2.9,-2.6,5.4,0,968.8,240,2.2,3.3,56,195,33,19,212,84,19,265,45,25,97
WAE,2011,3,4,7,-1,82.6,4.7,-3.6,3.03,-1.9,6.5,0,969.3,270,1.5,2.2,212,502,92,55,526,305,54,276,54,25,97
WAE,2011,3,4,8,-0.4,82.4,4.9,-3,3.16,-1.4,7.5,0,969.3,294,1,2.6,346,541,135,83,518,458,83,283,59,25,97
WAE,2011,3,4,9,0.6,79.8,5.1,-2.5,3.29,-0.6,8.8,0,969.3,349,0.8,2.3,518,800,125,89,579,729,92,292,54,25,97
WAE,2011,3,4,10,1.3,77.9,5.2,-2.1,3.35,0,9.7,0,969.3,49,1,2.3,437,388,222,138,309,485,136,304,84,25,97
WAE,2011,3,4,11,2.2,73.8,5.3,-2,3.42,0.6,10.8,0,968.9,40,0.8,2.2,588,696,178,115,190,772,181,310,78,25,97
WAE,2011,3,4,12,3.2,70.3,5.4,-1.7,3.49,1.3,11.9,0,968.2,37,0.6,1.9,467,340,273,156,156,492,308,319,88,25,97
WAE,2011,3,4,13,4.1,68.2,5.6,-1.2,3.62,1.9,13.2,0,967.8,49,0.9,1.7,300,106,245,147,146,239,210,316,94,25,97
WAE,2011,3,4,14,4.5,67,5.7,-1.1,3.69,2.2,13.8,0,967.3,54,0.8,1.8,202,71,176,106,105,152,164,314,100,25,97
WAE,2011,3,4,15,4.5,66.1,5.5,-1.3,3.56,2.1,13.4,0,967,53,0.6,1.6,187,305,113,67,67,219,354,311,84,25,97
WAE,2011,3,4,16,4.4,68.1,5.7,-1,3.69,2.2,13.7,0,966.9,79,0.5,0.9,64,172,39,24,24,87,192,291,35,25,97
WAE,2011,3,4,17,3.3,72.8,5.6,-1.1,3.62,1.5,12.4,0,966.8,172,0.8,1.7,0,0,0,0,0,0,0,265,29,25,97
WAE,2011,3,4,18,2,77.9,5.5,-1.4,3.56,0.7,10.9,0,966.9,219,2.2,3.7,0,0,0,0,0,0,0,260,25,25,97
WAE,2011,3,4,19,1.9,78.8,5.5,-1.4,3.56,0.6,10.8,0,967.1,225,1.5,3.6,0,0,0,0,0,0,0,257,25,25,97
WAE,2011,3,4,20,1.4,80.9,5.5,-1.5,3.56,0.3,10.3,0,967.2,232,2,3.2,0,0,0,0,0,0,0,255,25,25,97
WAE,2011,3,4,21,0.6,83.8,5.4,-1.8,3.49,-0.3,9.3,0,967.5,257,1,2.3,0,0,0,0,0,0,0,252,19,25,97
WAE,2011,3,4,22,0.6,83.9,5.4,-1.8,3.49,-0.3,9.3,0,967.2,256,0.5,1.4,0,0,0,0,0,0,0,249,0,25,97
WAE,2011,3,4,23,0.2,84.9,5.3,-2,3.43,-0.6,8.8,0,966.9,252,1.3,2,0,0,0,0,0,0,0,246,0,25,97
WAE,2011,3,5,0,-0.2,86.7,5.2,-2.1,3.36,-0.9,8.2,0,966.7,257,1.4,2.2,0,0,0,0,0,0,0,244,100,24,97
WAE,2011,3,5,1,-0.3,86.8,5.2,-2.2,3.36,-1,8.1,0,966.6,265,1.2,1.9,0,0,0,0,0,0,0,243,100,24,97
WAE,2011,3,5,2,-0.6,87.6,5.1,-2.4,3.3,-1.3,7.6,0,966.1,260,1.7,2.6,0,0,0,0,0,0,0,249,100,24,97
WAE,2011,3,5,3,-0.4,87,5.2,-2.3,3.37,-1.1,8,0,965.9,259,1.5,2,0,0,0,0,0,0,0,242,100,24,97
WAE,2011,3,5,4,0,86.2,5.3,-2,3.43,-0.8,8.6,0,965.9,291,0.9,1.9,0,0,0,0,0,0,0,241,100,24,97
WAE,2011,3,5,5,0.1,87.8,5.4,-1.7,3.5,-0.6,8.8,0,965.7,231,0.6,1.5,0,0,0,0,0,0,0,242,100,24,97
WAE,2011,3,5,6,0.2,88.4,5.5,-1.5,3.56,-0.5,9.1,0,965.6,315,0.4,1.3,12,0,12,7,7,7,7,243,100,24,97
WAE,2011,3,5,7,0.4,86.8,5.5,-1.5,3.56,-0.3,9.3,0,965.6,297,0.3,0.9,87,7,85,52,58,53,50,245,25,24,97
WAE,2011,3,5,8,0.7,86.3,5.6,-1.3,3.63,-0.1,9.8,0,965.7,31,0.7,1.4,117,2,117,71,72,68,68,249,25,24,97
WAE,2011,3,5,9,0.9,85.4,5.6,-1.3,3.63,0,10,0,965.4,45,0.7,1.8,111,0,111,68,67,64,65,258,100,24,97
WAE,2011,3,5,10,1.2,84.3,5.6,-1.1,3.63,0.3,10.3,0,965.2,30,0.8,2.1,74,0,74,45,45,43,44,269,100,24,97
WAE,2011,3,5,11,1.6,82.5,5.7,-1.1,3.7,0.5,10.8,0,964.8,18,0.6,1.8,42,0,42,26,26,24,25,304,100,24,97
WAE,2011,3,5,12,1.8,81.7,5.7,-1,3.7,0.7,11,0,964.4,349,0.7,1.9,37,0,37,23,23,21,22,313,100,24,97
WAE,2011,3,5,13,2.1,80.7,5.8,-0.9,3.76,0.9,11.5,0,964,11,0.7,2.2,43,0,43,26,26,25,25,311,100,24,97
WAE,2011,3,5,14,2.3,79.7,5.7,-0.8,3.7,1.1,11.6,0,963.8,11,0.6,1.9,83,1,83,51,50,48,49,309,100,24,97
WAE,2011,3,5,15,2.7,78.5,5.8,-0.7,3.77,1.3,12.1,0,963.5,185,1.2,3.2,206,444,95,58,58,275,471,279,49,24,97
WAE,2011,3,5,16,2.7,80.1,5.9,-0.4,3.83,1.4,12.3,0,963.5,121,0.7,1.8,71,223,37,23,23,103,240,262,79,24,97
WAE,2011,3,5,17,1.7,83.4,5.8,-0.8,3.77,0.7,11.1,0,963.8,169,0.6,1.7,0,0,0,0,0,0,0,261,100,24,97
WAE,2011,3,5,18,0.9,85.6,5.6,-1.2,3.63,0.1,10,0,964.2,230,1.8,3.3,0,0,0,0,0,0,0,260,100,24,97
WAE,2011,3,5,19,0.6,87.6,5.6,-1.2,3.63,-0.1,9.7,0,964.4,241,2.1,3.5,0,0,0,0,0,0,0,258,100,24,97
WAE,2011,3,5,20,-0.1,89.6,5.5,-1.6,3.57,-0.7,8.8,0,964.4,219,1.9,3.2,0,0,0,0,0,0,0,255,100,24,97
WAE,2011,3,5,21,-0.2,89.1,5.4,-1.8,3.5,-0.8,8.5,0,964.5,233,0.5,1.1,0,0,0,0,0,0,0,255,100,24,97
WAE,2011,3,5,22,-0.2,88.6,5.3,-1.9,3.44,-0.8,8.4,0,964.5,225,0.4,1.2,0,0,0,0,0,0,0,263,100,24,97
WAE,2011,3,5,23,-0.3,89.4,5.3,-1.8,3.44,-0.9,8.3,0,964.4,180,0.9,2.6,0,0,0,0,0,0,0,266,100,24,97
WAE,2011,3,6,0,-0.5,90.4,5.4,-1.9,3.5,-1,8.2,0,964.3,207,0.3,1.2,0,0,0,0,0,0,0,280,100,25,97
WAE,2011,3,6,1,0.2,91.5,5.7,-1,3.7,-0.3,9.4,0,963.9,225,0.4,1,0,0,0,0,0,0,0,278,100,25,97
WAE,2011,3,6,2,0.3,91.8,5.8,-0.9,3.77,-0.2,9.7,0,963.7,191,0.6,1.8,0,0,0,0,0,0,0,276,100,25,97
WAE,2011,3,6,3,0.1,92.8,5.7,-0.9,3.7,-0.3,9.3,0,963.6,248,0.7,1.6,0,0,0,0,0,0,0,274,100,25,97
WAE,2011,3,6,4,0.2,93.1,5.8,-0.8,3.77,-0.2,9.6,0,963.8,351,0.7,1.6,0,0,0,0,0,0,0,272,100,25,97
WAE,2011,3,6,5,0.2,92,5.7,-0.9,3.7,-0.2,9.4,0,963.9,311,0.9,1.9,0,0,0,0,0,0,0,270,100,25,97
WAE,2011,3,6,6,0.2,92.5,5.7,-0.9,3.7,-0.2,9.4,0,964.4,302,0.9,1.6,18,2,18,11,13,11,11,269,100,25,97
WAE,2011,3,6,7,0.2,92.1,5.7,-0.9,3.7,-0.2,9.4,0,965,297,0.8,2.7,47,0,47,29,28,27,27,244,25,25,97
WAE,2011,3,6,8,-0.1,91.3,5.6,-1.3,3.63,-0.6,8.9,0,965.3,298,1.9,3.8,68,0,68,41,41,39,40,251,0,25,97
WAE,2011,3,6,9,0.1,88.2,5.4,-1.6,3.5,-0.6,8.8,0,965.6,306,1.8,3.7,79,0,79,48,48,46,46,274,50,25,97
WAE,2011,3,6,10,1,84.8,5.6,-1.3,3.63,0.1,10.1,0,965.7,348,1.6,3.3,126,0,126,77,76,73,74,292,100,25,97
WAE,2011,3,6,11,1.8,81.4,5.6,-1,3.63,0.7,10.9,0,965.6,189,0.8,2,198,44,171,103,102,144,114,304,73,25,97
WAE,2011,3,6,12,2.8,78.5,5.9,-0.6,3.83,1.4,12.4,0,965.3,104,0.6,1.9,414,189,304,178,177,363,264,299,50,25,97
WAE,2011,3,6,13,3.9,73.6,5.9,-0.4,3.83,2.1,13.5,0,965.1,342,0.5,2,365,186,269,157,157,322,282,297,55,25,97
WAE,2011,3,6,14,4.1,70.6,5.8,-0.8,3.76,2.1,13.5,0,965.3,18,2.2,6,166,21,157,96,95,107,109,299,94,25,97
WAE,2011,3,6,15,3.2,73.4,5.6,-1.1,3.63,1.5,12.3,0,965.6,20,4.6,8.8,39,0,39,24,24,23,23,294,100,25,97
WAE,2011,3,6,16,2.1,76.3,5.4,-1.6,3.5,0.6,10.8,0,966.2,25,4,8.3,4,0,4,3,3,2,3,288,100,25,97
WAE,2011,3,6,17,1.4,78,5.3,-2,3.43,0.1,10,0,966.9,29,3.9,7,0,0,0,0,0,0,0,284,100,25,97
WAE,2011,3,6,18,1.5,78.1,5.3,-1.9,3.43,0.2,10.1,0,967.4,27,2.9,5.9,0,0,0,0,0,0,0,279,100,25,97
WAE,2011,3,6,19,1.7,76.4,5.3,-2,3.43,0.3,10.3,0,967.8,35,2.4,4.5,0,0,0,0,0,0,0,273,100,25,97
WAE,2011,3,6,20,1.7,72.1,5,-2.8,3.23,0,9.8,0,968.1,32,3.2,6.7,0,0,0,0,0,0,0,267,100,25,97
WAE,2011,3,6,21,1.5,69.4,4.7,-3.5,3.03,-0.4,9.1,0,968.2,32,5,7.3,0,0,0,0,0,0,0,261,100,25,97
WAE,2011,3,6,22,1.3,67.9,4.6,-4,2.97,-0.6,8.7,0,968,31,4.8,6.7,0,0,0,0,0,0,0,258,100,25,97
WAE,2011,3,6,23,1.2,67.9,4.5,-4.1,2.91,-0.7,8.5,0,967.8,30,3.5,5.8,0,0,0,0,0,0,0,255,100,25,97
WAE,2011,3,7,0,1.2,68.4,4.6,-4,2.97,-0.7,8.6,0,967.8,29,3.6,6.2,0,0,0,0,0,0,0,232,25,23,97
WAE,2011,3,7,1,1.2,69.6,4.7,-3.7,3.04,-0.6,8.8,0,967.7,38,3.6,5.9,0,0,0,0,0,0,0,231,25,23,97
WAE,2011,3,7,2,1.2,68.1,4.5,-4,2.91,-0.7,8.5,0,967.5,35,2.9,5.1,0,0,0,0,0,0,0,229,29,23,97
WAE,2011,3,7,3,0.7,70.5,4.5,-4,2.91,-1,8,0,967.4,23,2.1,5,0,0,0,0,0,0,0,227,23,23,97
WAE,2011,3,7,4,0.5,71.4,4.5,-4.1,2.91,-1.2,7.7,0,967.5,21,1.7,4.4,0,0,0,0,0,0,0,225,33,23,97
WAE,2011,3,7,5,0.3,71.3,4.4,-4.3,2.84,-1.3,7.4,0,967.6,24,2.2,5.6,0,0,0,0,0,0,0,224,40,23,97
WAE,2011,3,7,6,0.2,70,4.3,-4.6,2.78,-1.5,7.1,0,967.9,14,1.3,5.3,68,218,41,23,241,92,23,224,36,23,97
WAE,2011,3,7,7,0.4,70.8,4.5,-4.3,2.9,-1.3,7.6,0,968.4,31,2.7,5.1,197,292,121,69,350,217,67,229,40,23,97
WAE,2011,3,7,8,1,67.2,4.4,-4.4,2.84,-0.9,8.1,0,968.8,24,2.2,4.7,286,208,204,117,300,263,114,245,55,23,97
WAE,2011,3,7,9,1.5,64,4.4,-4.6,2.84,-0.7,8.6,0,969.1,27,1,2.7,476,536,198,115,453,566,115,254,30,23,97
WAE,2011,3,7,10,2.7,59.2,4.4,-4.5,2.84,0.1,9.8,0,969.1,21,1.1,3.8,664,949,114,93,435,910,97,248,19,23,97
WAE,2011,3,7,11,3.6,57.1,4.5,-4.1,2.9,0.7,10.9,0,969.1,338,1.3,3.6,700,969,113,96,180,957,167,241,6,23,97
WAE,2011,3,7,12,4.7,53.9,4.6,-3.8,2.97,1.4,12.2,0,969,352,0.9,2.7,655,947,102,90,91,901,401,251,0,23,97
WAE,2011,3,7,13,5.6,49.8,4.5,-4,2.9,1.9,12.9,0,968.9,51,0.7,2.6,570,914,94,80,81,792,593,240,0,23,97
WAE,2011,3,7,14,6.4,45.8,4.4,-4.4,2.84,2.2,13.5,0,968.9,45,0.8,2.3,437,841,87,66,66,620,707,239,0,23,97
WAE,2011,3,7,15,6.7,43.7,4.3,-4.8,2.77,2.3,13.7,0,968.9,112,0.7,1.8,267,677,77,49,49,390,666,239,0,23,97
WAE,2011,3,7,16,6.3,46.6,4.4,-4.3,2.84,2.2,13.4,0,968.9,160,1.2,2.4,79,235,41,26,26,108,256,244,0,23,97
WAE,2011,3,7,17,4.9,54.4,4.7,-3.5,3.03,1.6,12.5,0,969.2,166,0.9,2.2,0,0,0,0,0,0,0,239,0,23,97
WAE,2011,3,7,18,3.3,62.1,4.8,-3.3,3.1,0.8,11.1,0,969.3,188,1.5,2.5,0,0,0,0,0,0,0,238,0,23,97
WAE,2011,3,7,19,2.3,64.5,4.7,-3.7,3.03,0.1,9.9,0,969.5,194,0.4,1.9,0,0,0,0,0,0,0,237,0,23,97
WAE,2011,3,7,20,2.1,65.2,4.6,-3.7,2.96,-0.1,9.5,0,969.7,204,1,2.7,0,0,0,0,0,0,0,236,0,23,97
WAE,2011,3,7,21,1.3,66.9,4.5,-4.2,2.9,-0.7,8.5,0,969.9,284,0.5,1.4,0,0,0,0,0,0,0,235,0,23,97
WAE,2011,3,7,22,0.6,58.9,3.8,-6.5,2.45,-1.8,6.7,0,969.9,243,1.1,1.9,0,0,0,0,0,0,0,234,0,23,97
WAE,2011,3,7,23,0.3,50.6,3.2,-8.7,2.06,-2.5,5.4,0,969.9,265,1.2,2.1,0,0,0,0,0,0,0,239,6,23,97
WAE,2011,3,8,0,-0.2,51.8,3.1,-8.9,1.99,-2.9,4.8,0,970.3,266,1.3,2.2,0,0,0,0,0,0,0,233,0,21,97
WAE,2011,3,8,1,-0.9,56.2,3.2,-8.5,2.06,-3.3,4.2,0,970.3,254,0.8,1.8,0,0,0,0,0,0,0,234,0,21,97
WAE,2011,3,8,2,-1.1,60.2,3.4,-7.8,2.19,-3.2,4.3,0,970.3,180,1.2,2.9,0,0,0,0,0,0,0,235,0,21,97
WAE,2011,3,8,3,-1.6,67.2,3.7,-6.9,2.38,-3.3,4.3,0,970.5,225,0.6,1.5,0,0,0,0,0,0,0,235,0,21,97
WAE,2011,3,8,4,-1.8,69.9,3.7,-6.6,2.38,-3.3,4.1,0,970.7,171,0.7,1.7,0,0,0,0,0,0,0,236,0,21,97
WAE,2011,3,8,5,-1.6,68.6,3.7,-6.6,2.38,-3.2,4.3,0,970.8,140,0.8,2.2,0,0,0,0,0,0,0,236,0,21,97
WAE,2011,3,8,6,-1.5,70.7,3.9,-6.1,2.51,-3,4.7,0,971.1,135,0.4,1.1,75,288,41,23,309,108,22,243,6,21,97
WAE,2011,3,8,7,0,69.8,4.3,-4.8,2.77,-1.7,6.9,0,971.2,90,0.6,1.4,249,662,71,44,653,361,44,246,0,21,97
WAE,2011,3,8,8,1.5,68.1,4.6,-3.7,2.96,-0.4,8.9,0,971.1,76,0.8,2.1,413,806,85,60,687,576,62,252,0,21,97
WAE,2011,3,8,9,2.9,65.9,5,-2.8,3.22,0.7,11,0,970.7,76,1.2,2.4,535,831,107,77,569,720,79,259,0,21,97
WAE,2011,3,8,10,5,58.5,5.1,-2.4,3.29,2,13.3,0,970.4,76,0.8,2.2,611,821,130,90,397,803,92,255,0,21,97
WAE,2011,3,8,11,7.6,46.6,4.9,-3.1,3.16,3.3,15.6,0,969.8,87,1.8,3.3,660,909,105,87,161,884,151,227,0,21,97
WAE,2011,3,8,12,9.2,43.7,5.1,-2.5,3.29,4.3,17.5,0,969.1,82,2.1,3.7,634,903,101,84,85,852,382,236,0,21,97
WAE,2011,3,8,13,10.1,49.2,6.1,-0.1,3.94,5.5,20.1,0,968.5,40,0.9,2,550,855,100,76,77,743,560,230,0,21,97
WAE,2011,3,8,14,10.8,48.4,6.3,0.4,4.08,6.1,21.1,0,967.8,27,0.9,1.8,419,761,98,65,65,569,652,230,0,21,97
WAE,2011,3,8,15,11,47.3,6.2,0.2,4.01,6.1,21.2,0,967.3,63,0.7,1.4,261,647,77,47,47,368,637,230,0,21,97
WAE,2011,3,8,16,10.7,49.8,6.4,0.7,4.14,6.1,21.2,0,966.9,101,0.6,1.2,79,238,40,24,24,106,257,236,0,21,97
WAE,2011,3,8,17,8.9,57.5,6.6,1,4.27,5.3,19.7,0,967.1,199,2.5,5,0,0,0,0,0,0,0,231,0,21,97
WAE,2011,3,8,18,6.8,64.5,6.4,0.6,4.14,4.1,17.2,0,967,214,2.8,5,0,0,0,0,0,0,0,260,0,21,97
WAE,2011,3,8,19,5.8,69,6.4,0.6,4.14,3.5,16.2,0,966.8,212,1.4,2.7,0,0,0,0,0,0,0,268,0,21,97
WAE,2011,3,8,20,5,72.6,6.3,0.5,4.08,3.1,15.3,0,966.7,262,0.7,1.9,0,0,0,0,0,0,0,265,0,21,97
WAE,2011,3,8,21,4.3,75.2,6.2,0.3,4.02,2.6,14.4,0,966.4,243,0.9,2,0,0,0,0,0,0,0,263,0,21,97
WAE,2011,3,8,22,3.6,77.3,6.1,0,3.95,2.1,13.5,0,966.3,225,0.5,1.4,0,0,0,0,0,0,0,263,0,21,97
WAE,2011,3,8,23,3.4,77.2,6,-0.2,3.89,1.9,13.1,0,966.4,232,1.2,3.7,0,0,0,0,0,0,0,259,13,21,97
WAE,2011,3,9,0,3.6,74.9,5.9,-0.4,3.82,1.9,13.2,0,966.4,222,1.6,5.2,0,0,0,0,0,0,0,257,0,19,97
WAE,2011,3,9,1,3.4,73.4,5.7,-0.9,3.69,1.7,12.7,0,966.3,201,1,3,0,0,0,0,0,0,0,255,0,19,97
WAE,2011,3,9,2,2.7,77.6,5.8,-0.8,3.76,1.3,12.1,0,966.3,135,0.5,1.5,0,0,0,0,0,0,0,253,0,19,97
WAE,2011,3,9,3,2.2,80.1,5.7,-0.9,3.69,1,11.4,0,966.1,135,0.4,1.7,0,0,0,0,0,0,0,251,0,19,97
WAE,2011,3,9,4,1.9,79,5.5,-1.3,3.56,0.6,10.8,0,966,163,1.5,4.1,0,0,0,0,0,0,0,249,0,19,97
WAE,2011,3,9,5,1.5,79.4,5.4,-1.7,3.5,0.3,10.2,0,965.9,146,0.5,2.6,0,0,0,0,0,0,0,247,0,19,97
WAE,2011,3,9,6,1.7,78.1,5.4,-1.7,3.5,0.4,10.4,0,966,162,0.5,1.7,80,326,40,21,344,116,21,250,0,19,97
WAE,2011,3,9,7,2.6,78.1,5.7,-0.8,3.69,1.2,11.8,0,966.1,117,0.4,1.5,245,609,78,43,607,335,43,254,0,19,97
WAE,2011,3,9,8,4,76.7,6.3,0.3,4.08,2.4,14.2,0,966.3,72,0.7,1.6,415,806,82,55,679,566,56,261,0,19,97
WAE,2011,3,9,9,6.1,67.5,6.3,0.5,4.08,3.7,16.4,0,966.2,63,0.7,2.9,546,869,92,67,571,727,69,257,0,19,97
WAE,2011,3,9,10,7.3,58.5,6,-0.3,3.89,4,17.1,0,965.7,83,1.7,3.4,632,907,96,74,387,834,77,230,0,19,97
WAE,2011,3,9,11,8.8,52.6,6,-0.3,3.89,4.8,18.6,0,964.7,63,1.1,2.4,656,887,110,80,151,856,146,233,0,19,97
WAE,2011,3,9,12,10,49.8,6.1,0,3.96,5.5,20,0,963.8,67,1.4,2.7,633,889,103,76,77,830,369,248,29,19,97
WAE,2011,3,9,13,11,45.7,6,-0.3,3.9,5.9,20.9,0,963.2,56,1.5,3,549,839,104,70,71,721,550,236,13,19,97
WAE,2011,3,9,14,11.7,42.9,5.9,-0.5,3.84,6.2,21.4,0,962.8,17,1.1,2.8,415,726,104,62,62,544,624,263,31,19,97
WAE,2011,3,9,15,11.9,41.6,5.8,-0.7,3.77,6.2,21.5,0,962.6,11,1,2.3,264,651,75,43,43,363,638,267,33,19,97
WAE,2011,3,9,16,11.5,45.1,6.1,0,3.97,6.3,21.6,0,962.5,243,1.1,2.9,74,189,43,24,24,88,211,301,69,19,97
WAE,2011,3,9,17,10.2,52.8,6.6,1,4.29,6,21.1,0,962.8,218,2.3,3.1,0,0,0,0,0,0,0,319,90,19,97
WAE,2011,3,9,18,8.8,53.7,6.1,-0.1,3.97,4.9,18.8,0,962.9,193,1.7,3.3,0,0,0,0,0,0,0,278,68,19,97
WAE,2011,3,9,19,8.1,57.3,6.2,0.2,4.03,4.6,18.3,0,963.1,243,0.9,2.3,0,0,0,0,0,0,0,325,100,19,97
WAE,2011,3,9,20,8.1,59.6,6.4,0.7,4.16,4.8,18.6,0,963.5,233,0.9,3.3,0,0,0,0,0,0,0,309,75,19,97
WAE,2011,3,9,21,7,64.3,6.4,0.7,4.16,4.2,17.5,0,963.5,234,1.4,3.8,0,0,0,0,0,0,0,288,63,19,97
WAE,2011,3,9,22,6.7,64.6,6.3,0.5,4.09,4,17,0,963.5,219,1.9,3.6,0,0,0,0,0,0,0,308,74,19,97
WAE,2011,3,9,23,6.3,65.4,6.2,0.3,4.03,3.7,16.4,0,963.5,200,1.2,3.6,0,0,0,0,0,0,0,304,81,19,97
WAE,2011,3,10,0,6.1,64.4,6,-0.1,3.9,3.4,15.9,0,963.5,214,1.5,3.6,0,0,0,0,0,0,0,302,74,19,97
WAE,2011,3,10,1,5.3,69.1,6.1,0.1,3.96,3.1,15.3,0,963.4,129,0.8,2.2,0,0,0,0,0,0,0,315,100,19,97
WAE,2011,3,10,2,5.7,66.8,6.1,0,3.96,3.3,15.7,0,963.2,225,1.6,3.8,0,0,0,0,0,0,0,314,100,19,97
WAE,2011,3,10,3,4.7,71.1,6.1,-0.1,3.96,2.7,14.7,0,963.2,141,0.9,2,0,0,0,0,0,0,0,313,100,19,97
WAE,2011,3,10,4,5.3,65.6,5.9,-0.6,3.83,2.8,14.9,0,963.5,191,0.8,2.7,0,0,0,0,0,0,0,313,100,19,97
WAE,2011,3,10,5,4.9,67.7,5.9,-0.6,3.83,2.6,14.5,0,963.8,153,0.9,2.6,0,0,0,0,0,0,0,312,100,19,97
WAE,2011,3,10,6,5.2,67.6,6,-0.3,3.89,2.9,15,0,964.2,169,0.7,2.8,31,48,27,15,63,26,15,303,88,19,97
WAE,2011,3,10,7,5.8,70.7,6.5,0.9,4.22,3.7,16.4,0,964.3,241,1.2,3.5,35,0,35,20,20,19,20,316,100,19,97
WAE,2011,3,10,8,6.3,73.5,7,1.9,4.55,4.3,17.7,0,964.4,90,0.5,1.4,139,37,122,69,99,95,66,323,100,19,97
WAE,2011,3,10,9,7.6,62.6,6.5,0.9,4.22,4.6,18.2,0,964.5,60,0.9,2,371,230,250,135,295,329,131,317,75,19,97
WAE,2011,3,10,10,10.6,48.3,6.2,0.1,4.03,5.9,20.8,0,964.2,286,1.9,6.2,393,188,279,154,234,329,148,310,71,19,97
WAE,2011,3,10,11,12.6,45.9,6.7,1.3,4.35,7.3,23.7,0,963.7,267,3.5,6.9,447,211,316,170,205,380,194,316,75,19,97
WAE,2011,3,10,12,13.4,43.3,6.6,1.2,4.29,7.6,24.3,0,962.8,270,4,10.2,463,292,287,151,151,433,280,321,88,19,97
WAE,2011,3,10,13,13.5,42.2,6.5,0.9,4.23,7.5,24.3,0,962.1,272,5,11.2,406,306,245,130,129,389,339,332,81,19,97
WAE,2011,3,10,14,13.4,41.8,6.4,0.7,4.17,7.4,24,0,961.9,277,4.4,8.6,372,484,162,84,84,423,478,307,53,19,97
WAE,2011,3,10,15,13.1,43,6.5,0.8,4.23,7.3,23.9,0,961.8,272,3.9,8.2,228,420,95,53,53,272,435,311,71,19,97
WAE,2011,3,10,16,12.6,44.6,6.5,0.9,4.23,7.1,23.3,0,961.9,277,2.5,5.3,12,0,12,7,7,6,6,334,100,19,97
WAE,2011,3,10,17,10.5,56.1,7.1,2.1,4.62,6.5,22.2,0,962.3,279,3.3,6.8,0,0,0,0,0,0,0,305,80,19,97
WAE,2011,3,10,18,9.2,61.6,7.1,2.2,4.62,5.9,20.9,0,962.8,265,1.3,3.3,0,0,0,0,0,0,0,255,25,19,97
WAE,2011,3,10,19,7.8,66.7,7.1,2,4.62,5.1,19.4,0,963,254,1.8,2.6,0,0,0,0,0,0,0,259,0,19,97
WAE,2011,3,10,20,7,68.1,6.8,1.5,4.42,4.5,18.1,0,963.5,253,1.8,3.5,0,0,0,0,0,0,0,264,0,19,97
WAE,2011,3,10,21,8.3,60.8,6.6,1.2,4.29,5.1,19.1,0,963.8,268,2.8,8,0,0,0,0,0,0,0,247,0,19,97
WAE,2011,3,10,22,7.9,61.1,6.5,0.9,4.22,4.8,18.6,0,964,265,2.2,4.2,0,0,0,0,0,0,0,270,30,19,97
WAE,2011,3,10,23,7.1,65.9,6.7,1.2,4.35,4.5,18.1,0,964,261,1.9,3.3,0,0,0,0,0,0,0,278,45,19,97
WAE,2011,3,11,0,7.6,64.9,6.8,1.4,4.42,4.8,18.7,0,964,248,0.8,2.4,0,0,0,0,0,0,0,299,43,19,97
WAE,2011,3,11,1,7.4,66.5,6.9,1.6,4.48,4.8,18.7,0,964,256,1.3,2.6,0,0,0,0,0,0,0,303,40,19,97
WAE,2011,3,11,2,7.1,68.4,6.9,1.7,4.48,4.7,18.4,0,964,293,0.8,1.6,0,0,0,0,0,0,0,299,38,19,97
WAE,2011,3,11,3,6.4,71.6,6.9,1.7,4.49,4.3,17.7,0,963.8,239,0.6,1.2,0,0,0,0,0,0,0,286,29,19,97
WAE,2011,3,11,4,5.8,74.3,6.9,1.6,4.49,3.9,17.1,0,963.5,169,0.6,1.6,0,0,0,0,0,0,0,288,31,19,97
WAE,2011,3,11,5,5,79,6.9,1.7,4.49,3.5,16.3,0,963.8,90,0.2,1.3,0,0,0,0,0,0,0,284,26,19,97
WAE,2011,3,11,6,4.4,80.4,6.8,1.3,4.42,3.1,15.5,0,964,207,0.3,1.2,69,186,49,27,213,72,26,278,40,19,97
WAE,2011,3,11,7,5.6,76.8,7,1.9,4.55,3.9,17,0,964.4,76,0.4,1.1,91,12,88,51,62,53,49,286,84,19,97
WAE,2011,3,11,8,5.9,74.3,6.9,1.7,4.48,4,17.2,0,964.6,72,0.3,1,117,0,117,68,67,64,65,299,100,19,97
WAE,2011,3,11,9,6.7,71.3,7,1.9,4.55,4.5,18.1,0,964.8,56,0.4,1.3,124,0,124,72,71,67,69,325,100,19,97
WAE,2011,3,11,10,7.8,64.9,6.9,1.6,4.48,5,19.1,0,964.5,40,0.8,2.3,282,31,263,151,165,173,145,307,100,19,97
WAE,2011,3,11,11,9.2,56.1,6.5,0.9,4.22,5.4,19.9,0,964.1,347,1.9,4.2,574,622,184,111,151,663,174,300,48,19,97
WAE,2011,3,11,12,9.6,55.6,6.7,1.2,4.36,5.8,20.6,0,963.1,34,1.6,4.8,642,894,100,76,77,824,370,264,0,19,97
WAE,2011,3,11,13,10.1,54.3,6.7,1.3,4.36,6,21.1,0,962.2,45,1.2,2.6,553,821,109,72,72,706,545,245,0,19,97
WAE,2011,3,11,14,10.2,52.8,6.6,1,4.3,6,21.1,0,961.4,23,0.7,1.7,428,757,98,60,60,551,646,245,0,19,97
WAE,2011,3,11,15,10.6,52,6.6,1.2,4.3,6.3,21.5,0,960.9,31,0.6,1.7,270,640,79,45,45,354,631,244,0,19,97
WAE,2011,3,11,16,10.1,54.4,6.7,1.3,4.37,6,21.2,0,960.5,90,0.2,0.8,86,245,43,25,25,106,266,265,0,19,97
WAE,2011,3,11,17,9.1,59.2,6.9,1.6,4.5,5.7,20.5,0,960.3,170,1.1,2.4,0,0,0,0,0,0,0,264,0,19,97
WAE,2011,3,11,18,7.3,66.8,6.8,1.5,4.43,4.7,18.5,0,960.5,184,1.4,3.3,0,0,0,0,0,0,0,263,0,19,97
WAE,2011,3,11,19,6.7,68.9,6.7,1.4,4.37,4.3,17.7,0,960.4,171,1.8,4,0,0,0,0,0,0,0,275,0,19,97
WAE,2011,3,11,20,5.8,71.7,6.6,1.1,4.31,3.7,16.6,0,960.1,155,2.1,3.5,0,0,0,0,0,0,0,286,0,19,97
WAE,2011,3,11,21,5.1,74.6,6.5,1,4.24,3.3,15.8,0,959.9,159,2,4.7,0,0,0,0,0,0,0,283,0,19,97
WAE,2011,3,11,22,4.8,74.8,6.4,0.7,4.18,3,15.3,0,959.3,163,2.8,4.4,0,0,0,0,0,0,0,284,0,19,97
WAE,2011,3,11,23,4.5,74.8,6.3,0.4,4.11,2.8,14.8,0,958.9,157,2.6,5,0,0,0,0,0,0,0,279,0,19,97
WAE,2011,3,12,0,3.5,79.4,6.2,0.3,4.05,2.2,13.7,0,958.3,158,1.1,3.4,0,0,0,0,0,0,0,270,13,19,97
WAE,2011,3,12,1,2.8,82,6.1,0,3.99,1.6,12.8,0,957.9,270,0.3,0.9,0,0,0,0,0,0,0,273,20,19,97
WAE,2011,3,12,2,2.6,81.9,6.1,-0.2,3.99,1.5,12.6,0,957.6,259,0.6,1.5,0,0,0,0,0,0,0,262,0,19,97
WAE,2011,3,12,3,2.3,83.8,6,-0.2,3.92,1.3,12.1,0,957.1,191,0.5,1.2,0,0,0,0,0,0,0,260,0,19,97
WAE,2011,3,12,4,1.9,86.1,6.1,-0.2,3.99,1,11.9,0,956.6,108,0.4,1.2,0,0,0,0,0,0,0,269,25,19,97
WAE,2011,3,12,5,1.6,87.3,6,-0.3,3.93,0.8,11.4,0,956,153,0.4,1.1,0,0,0,0,0,0,0,282,71,19,97
WAE,2011,3,12,6,1.6,88.4,6,-0.1,3.93,0.9,11.4,0,955.3,180,0.2,0.8,74,171,49,27,199,77,27,287,71,19,97
WAE,2011,3,12,7,2.5,89.2,6.5,0.9,4.26,1.8,13.2,0,954.9,315,0.3,1.3,160,134,115,65,189,136,63,305,94,19,97
WAE,2011,3,12,8,3.9,85.4,6.9,1.7,4.53,2.9,15.3,0,954.6,34,0.5,1.9,440,814,89,59,694,571,61,294,36,19,97
WAE,2011,3,12,9,5.9,75.5,7,1.9,4.6,4.1,17.5,0,954,11,0.5,2.5,544,775,127,78,549,678,80,262,33,19,97
WAE,2011,3,12,10,8.2,63.3,6.9,1.7,4.54,5.2,19.6,0,953.2,21,0.9,2.7,626,806,137,87,390,777,89,273,29,19,97
WAE,2011,3,12,11,11.3,53.2,7.1,2.1,4.67,6.9,23.1,0,952.7,333,1.8,4,580,573,217,122,199,648,167,320,74,19,97
WAE,2011,3,12,12,12.2,51,7.2,2.4,4.74,7.5,24.2,0,952.3,291,2.7,6.3,227,36,205,118,117,147,127,338,100,19,97
WAE,2011,3,12,13,11.9,50.9,7.1,2.1,4.67,7.2,23.8,0,951.8,342,0.8,3.4,67,0,67,39,39,37,37,337,100,19,97
WAE,2011,3,12,14,11.6,53.1,7.3,2.4,4.81,7.2,23.8,0,951.7,342,0.7,1.8,52,0,52,30,30,29,29,336,100,19,97
WAE,2011,3,12,15,12.4,47.5,6.8,1.6,4.48,7.3,23.8,0,951.1,318,1.4,3.1,213,267,133,72,72,208,328,324,75,19,97
WAE,2011,3,12,16,11.8,49.1,6.8,1.5,4.48,6.9,23.2,0,950.4,302,1.3,4.3,63,72,52,30,30,50,101,323,88,19,97
WAE,2011,3,12,17,10.4,55,6.9,1.8,4.55,6.4,21.9,0,950.2,270,1,3.7,0,0,0,0,0,0,0,333,100,19,97
WAE,2011,3,12,18,8.9,62.1,7.1,2,4.68,5.7,20.7,0,950.1,0,0.5,3,0,0,0,0,0,0,0,332,100,19,97
WAE,2011,3,12,19,9.4,58.2,6.9,1.6,4.55,5.8,20.9,0,949.9,252,0.6,3.5,0,0,0,0,0,0,0,331,100,19,97
WAE,2011,3,12,20,9.3,57.6,6.8,1.4,4.48,5.7,20.6,0,950,292,1.1,3.6,0,0,0,0,0,0,0,331,100,19,97
WAE,2011,3,12,21,9.2,57.5,6.7,1.3,4.42,5.6,20.4,0,950.3,288,0.8,3.6,0,0,0,0,0,0,0,330,100,19,97
WAE,2011,3,12,22,8.9,59.1,6.7,1.4,4.42,5.5,20.1,0,950.3,276,1.1,3.9,0,0,0,0,0,0,0,329,100,19,97
WAE,2011,3,12,23,8.3,63.4,6.9,1.8,4.55,5.3,19.8,0,950.2,166,0.6,3,0,0,0,0,0,0,0,329,100,19,97
WAE,2011,3,13,0,8.6,60.1,6.7,1.3,4.42,5.3,19.7,0,950.4,300,1.1,2.7,0,0,0,0,0,0,0,328,100,20,97
WAE,2011,3,13,1,7.8,64.9,6.9,1.6,4.55,5,19.3,0,950.2,108,0.6,1.9,0,0,0,0,0,0,0,328,100,20,97
WAE,2011,3,13,2,8,64.1,6.9,1.6,4.55,5.1,19.5,0,949.5,166,0.8,1.9,0,0,0,0,0,0,0,328,100,20,97
WAE,2011,3,13,3,7.3,68.3,7,1.9,4.62,4.8,18.9,0,949.1,261,0.7,1.7,0,0,0,0,0,0,0,328,100,20,97
WAE,2011,3,13,4,7.3,68.4,7,1.9,4.62,4.8,19,0,948.6,243,0.5,1.6,0,0,0,0,0,0,0,328,100,20,97
WAE,2011,3,13,5,7.5,64.3,6.7,1.2,4.42,4.7,18.7,0,948.5,277,0.8,2,0,0,0,0,0,0,0,327,100,20,97
WAE,2011,3,13,6,8,57.1,6.1,0,4.03,4.5,18.2,0,948.5,288,0.7,2,22,3,22,13,16,13,12,328,100,20,97
WAE,2011,3,13,7,7.9,60.4,6.4,0.7,4.23,4.7,18.6,0,948.3,243,0.4,3.1,59,1,59,34,35,33,33,329,100,20,97
WAE,2011,3,13,8,8.8,57.3,6.5,0.8,4.29,5.2,19.6,0,948.1,225,0.7,3.8,30,0,30,18,18,17,17,331,100,20,97
WAE,2011,3,13,9,9.3,58.4,6.8,1.6,4.49,5.8,20.7,0,947.9,307,0.8,2.1,47,0,47,28,28,26,27,332,100,20,97
WAE,2011,3,13,10,9.8,57.8,7,1.9,4.63,6.1,21.5,0,947.8,310,1,2.9,50,0,50,29,29,27,28,333,100,20,97
WAE,2011,3,13,11,9.9,59.2,7.2,2.3,4.76,6.3,21.9,0,947.6,351,0.8,4.5,52,0,52,31,31,29,29,335,100,20,97
WAE,2011,3,13,12,12.6,37.8,5.5,-1.4,3.63,6.3,21.8,0,947.4,308,1.4,7.9,63,0,63,37,37,35,36,335,100,20,97
WAE,2011,3,13,13,14.1,28.9,4.6,-3.7,3.04,6.4,21.8,0,947.2,117,1.5,8.1,29,0,29,17,17,16,16,335,100,20,97
WAE,2011,3,13,14,14.8,25.2,4.3,-4.9,2.84,6.4,22.1,0,947,162,4.6,14.3,26,0,26,15,15,14,15,335,100,20,97
WAE,2011,3,13,15,14.6,26.2,4.4,-4.6,2.9,6.4,22,0,947.3,165,3.9,11.9,21,0,21,12,12,11,12,335,100,20,97
WAE,2011,3,13,16,13.8,30,4.7,-3.5,3.1,6.3,21.7,0,948.3,360,0.9,4.1,5,0,5,3,3,3,3,335,100,20,97
WAE,2011,3,13,17,13,33.5,5,-2.7,3.29,6.1,21.4,0,949.1,220,1.1,3.8,0,0,0,0,0,0,0,335,100,20,97
WAE,2011,3,13,18,10.3,50.6,6.3,0.5,4.15,5.8,20.8,0,950,323,1.2,3.9,0,0,0,0,0,0,0,334,100,20,97
WAE,2011,3,13,19,10.2,54.3,6.8,1.4,4.48,6.1,21.5,0,950.9,282,2.1,6.6,0,0,0,0,0,0,0,334,100,20,97
WAE,2011,3,13,20,9.6,61.6,7.4,2.6,4.87,6.3,21.9,0,952.1,270,1.3,5,0,0,0,0,0,0,0,334,100,20,97
WAE,2011,3,13,21,8.8,69.8,7.9,3.6,5.2,6.3,21.9,0,952.9,231,3.7,7,0,0,0,0,0,0,0,333,100,20,97
WAE,2011,3,13,22,8.3,72.7,7.9,3.7,5.2,6.1,21.4,0,953.1,135,1.2,6.1,0,0,0,0,0,0,0,322,78,20,97
WAE,2011,3,13,23,7.5,73.8,7.7,3.1,5.07,5.4,20.3,0,953.2,180,0.9,2.9,0,0,0,0,0,0,0,319,84,20,97
WAE,2011,3,14,0,7.2,74.9,7.6,3.1,5,5.3,19.8,0,953.7,259,0.7,1.6,0,0,0,0,0,0,0,332,100,20,97
WAE,2011,3,14,1,7.8,71.4,7.6,3,4.99,5.5,20.4,0,954.5,251,2.2,5.3,0,0,0,0,0,0,0,331,100,20,97
WAE,2011,3,14,2,7.6,74.5,7.8,3.4,5.12,5.6,20.5,0,955.3,283,1.1,5.4,0,0,0,0,0,0,0,330,100,20,97
WAE,2011,3,14,3,7.5,76.2,7.9,3.6,5.18,5.7,20.6,0,956.1,219,1.2,3.8,0,0,0,0,0,0,0,330,100,20,97
WAE,2011,3,14,4,7.7,74.5,7.8,3.5,5.11,5.7,20.6,0,956.6,129,1.5,3.1,0,0,0,0,0,0,0,320,88,20,97
WAE,2011,3,14,5,6.4,82.1,7.9,3.6,5.18,5.1,19.4,0,956.9,180,0.3,1.2,0,0,0,0,0,0,0,320,75,20,97
WAE,2011,3,14,6,6.9,76.9,7.6,3.1,4.98,5.1,19.4,0,957.4,135,0.5,1.4,104,387,46,25,411,130,25,284,25,20,97
WAE,2011,3,14,7,8.4,70.2,7.8,3.3,5.11,6,21.3,0,958,90,0.9,1.9,273,618,82,48,618,338,48,261,29,20,97
WAE,2011,3,14,8,9.4,65.6,7.7,3.3,5.04,6.5,22.1,0,958.6,56,0.8,1.8,439,793,89,60,678,551,62,280,29,20,97
WAE,2011,3,14,9,11.3,54.8,7.3,2.5,4.77,7.1,23.4,0,958.6,68,1.1,2,562,834,104,74,563,698,76,287,23,20,97
WAE,2011,3,14,10,12.8,48,7.1,2.1,4.64,7.6,24.6,0,958.2,73,1.3,2.5,608,703,173,99,381,715,100,313,64,20,97
WAE,2011,3,14,11,13.5,41.2,6.4,0.6,4.18,7.4,24.1,0,958,79,1.1,2.6,594,566,230,124,197,653,189,343,84,20,97
WAE,2011,3,14,12,14.4,42.1,6.9,1.7,4.51,8.2,25.9,0,957.7,21,0.9,2.2,569,549,229,120,120,624,359,339,88,20,97
WAE,2011,3,14,13,14.7,40.7,6.8,1.5,4.45,8.3,26,0,957.3,27,0.7,2,404,260,261,142,142,361,320,349,94,20,97
WAE,2011,3,14,14,15.7,40.7,7.3,2.4,4.78,9.1,27.9,0,957.5,7,0.9,3.2,377,445,174,93,93,402,459,326,81,20,97
WAE,2011,3,14,15,15.4,42.3,7.4,2.7,4.85,9.1,27.7,0,957.4,360,1.2,2.9,223,321,126,69,69,223,376,315,78,20,97
WAE,2011,3,14,16,14.9,46.6,7.9,3.6,5.17,9.2,28.1,0,957.5,17,1.5,3.1,109,343,49,28,28,130,369,295,33,20,97
WAE,2011,3,14,17,13.2,52.6,8,3.7,5.24,8.5,26.5,0,957.9,84,1.2,2.9,3,0,3,2,2,1,2,275,6,20,97
WAE,2011,3,14,18,11.7,57,7.8,3.5,5.1,7.7,24.6,0,958.3,141,0.7,2,0,0,0,0,0,0,0,281,0,20,97
WAE,2011,3,14,19,10.5,60.9,7.7,3.3,5.04,7,23.2,0,958.2,168,1.4,3.8,0,0,0,0,0,0,0,277,10,20,97
WAE,2011,3,14,20,9.6,63.3,7.6,3,4.97,6.5,22.2,0,958.2,162,2.6,6.1,0,0,0,0,0,0,0,302,58,20,97
WAE,2011,3,14,21,8.8,65.9,7.5,2.8,4.91,6,21.2,0,958,175,1.6,5.2,0,0,0,0,0,0,0,299,53,20,97
WAE,2011,3,14,22,7.4,72.1,7.4,2.7,4.84,5.2,19.6,0,958.1,277,0.9,2,0,0,0,0,0,0,0,264,23,20,97
WAE,2011,3,14,23,6.6,74.7,7.3,2.4,4.78,4.7,18.6,0,957.9,225,0.5,1.8,0,0,0,0,0,0,0,265,16,20,97
WAE,2011,3,15,0,6,75,7,1.9,4.58,4.2,17.5,0,957.8,180,0.6,2,0,0,0,0,0,0,0,261,23,20,97
WAE,2011,3,15,1,5.8,75.6,7,1.8,4.58,4,17.3,0,957.6,311,1,2,0,0,0,0,0,0,0,294,46,20,97
WAE,2011,3,15,2,5.7,77.7,7.1,2.1,4.65,4.1,17.4,0,957.3,292,0.6,2,0,0,0,0,0,0,0,284,38,20,97
WAE,2011,3,15,3,5.4,72.9,6.5,0.9,4.25,3.4,16.1,0,957.1,214,0.7,1.8,0,0,0,0,0,0,0,290,6,20,97
WAE,2011,3,15,4,4.8,73,6.3,0.4,4.12,2.9,15.2,0,957,225,0.7,2.2,0,0,0,0,0,0,0,320,81,20,97
WAE,2011,3,15,5,4.5,76.2,6.4,0.7,4.19,2.9,15,0,956.8,315,0.4,1.6,0,0,0,0,0,0,0,323,100,20,97
WAE,2011,3,15,6,4.5,83,7,1.9,4.58,3.4,16,0,956.9,135,0.4,1.1,25,1,25,15,16,14,14,324,100,20,97
WAE,2011,3,15,7,5.7,81,7.4,2.7,4.85,4.3,17.9,0,956.8,284,0.6,1.8,142,82,113,64,142,107,62,329,100,20,97
WAE,2011,3,15,8,6.2,82.6,7.8,3.5,5.11,4.9,19.1,0,956.5,45,0.2,1,279,151,213,119,253,219,115,333,100,20,97
WAE,2011,3,15,9,7.2,78.6,8,3.7,5.25,5.5,20.4,0,955.9,333,0.3,1.5,261,30,245,142,163,159,136,338,100,20,97
WAE,2011,3,15,10,8.4,70,7.7,3.3,5.05,6,21.2,0,955.2,360,0.4,1.5,476,346,257,144,277,457,140,329,88,20,97
WAE,2011,3,15,11,10.5,61.7,7.8,3.5,5.13,7.1,23.5,0,954.3,27,0.9,2.2,673,844,126,90,159,815,159,290,41,20,97
WAE,2011,3,15,12,12.3,54.4,7.8,3.4,5.13,7.9,25.3,0,953.4,36,0.8,2,629,766,148,95,95,745,365,308,58,20,97
WAE,2011,3,15,13,13.9,49.7,7.9,3.6,5.2,8.7,27.1,0,952.7,27,0.7,1.9,500,525,204,109,109,542,444,334,81,20,97
WAE,2011,3,15,14,15.1,48.8,8.3,4.4,5.47,9.6,29,0,952.3,68,0.6,1.3,294,165,217,121,120,237,258,350,100,20,97
WAE,2011,3,15,15,15.7,49.7,8.9,5.2,5.87,10.2,30.6,0,951.7,90,0.3,1,124,52,105,60,59,87,107,349,100,20,97
WAE,2011,3,15,16,15,54.5,9.3,5.9,6.14,10.2,30.6,0,951.8,90,0.3,0.9,25,0,25,15,15,14,14,349,100,20,97
WAE,2011,3,15,17,13.4,60.7,9.4,6,6.21,9.5,29.1,0,951.6,239,0.6,1.3,0,0,0,0,0,0,0,348,100,20,97
WAE,2011,3,15,18,12.3,61.7,8.8,5.2,5.81,8.7,27,0,951.5,189,0.6,1.9,0,0,0,0,0,0,0,347,100,20,97
WAE,2011,3,15,19,11.4,61.2,8.3,4.2,5.47,7.8,25.3,0,951.6,220,1.2,3.6,0,0,0,0,0,0,0,330,94,20,97
WAE,2011,3,15,20,10.8,58.3,7.6,2.9,5.01,7,23.5,0,951.4,185,1.5,5.9,0,0,0,0,0,0,0,320,58,20,97
WAE,2011,3,15,21,10.3,55.3,6.9,1.7,4.55,6.3,21.8,0,951.1,163,1.7,4.5,0,0,0,0,0,0,0,305,53,20,97
WAE,2011,3,15,22,9.5,55.8,6.6,1.1,4.35,5.7,20.5,0,950.4,155,1.8,5.7,0,0,0,0,0,0,0,295,33,20,97
WAE,2011,3,15,23,9,57.1,6.5,1,4.29,5.4,19.8,0,949.9,236,0.6,3,0,0,0,0,0,0,0,325,71,20,97
WAE,2011,3,16,0,8.5,61.3,6.8,1.5,4.49,5.3,19.8,0,949.2,270,0.5,1.9,0,0,0,0,0,0,0,333,100,20,97
WAE,2011,3,16,1,8.5,59.9,6.7,1.2,4.42,5.2,19.7,0,948.5,197,1.2,3.5,0,0,0,0,0,0,0,338,100,20,97
WAE,2011,3,16,2,7.9,63.2,6.7,1.3,4.43,4.9,19.1,0,947.3,220,1,3.3,0,0,0,0,0,0,0,338,100,20,97
WAE,2011,3,16,3,7.7,62.1,6.5,0.9,4.3,4.7,18.5,0,946.3,202,0.6,3,0,0,0,0,0,0,0,337,100,20,97
WAE,2011,3,16,4,7.4,65.6,6.8,1.4,4.5,4.7,18.7,0,946.5,230,1,2.6,0,0,0,0,0,0,0,337,100,20,97
WAE,2011,3,16,5,8,65.8,7.1,2,4.7,5.2,19.9,0,946.4,261,1.3,2.4,2,1,2,1,2,1,1,337,100,20,97
WAE,2011,3,16,6,8.2,68.8,7.5,2.8,4.96,5.7,20.7,0,947.1,281,0.9,2.3,26,1,26,15,16,14,14,338,100,20,97
WAE,2011,3,16,7,8.8,67.2,7.6,3.1,5.03,6.1,21.5,0,947,180,0.5,1.7,165,90,137,78,166,119,76,339,100,20,97
WAE,2011,3,16,8,9,67,7.7,3.2,5.1,6.2,21.9,0,946.8,329,0.6,1.8,206,42,186,108,143,132,103,341,100,20,97
WAE,2011,3,16,9,10.1,63.4,7.8,3.5,5.17,6.9,23.2,0,946.8,318,1.4,4,135,3,133,78,80,76,75,342,100,20,97
WAE,2011,3,16,10,10.4,61,7.7,3.2,5.1,6.9,23.3,0,946.6,322,1.2,2.8,164,1,163,96,96,91,92,344,100,20,97
WAE,2011,3,16,11,11.1,60,8,3.6,5.3,7.4,24.5,0,946.4,330,0.8,2.1,172,2,170,100,100,96,96,345,100,20,97
WAE,2011,3,16,12,11.9,58.6,8.2,4.1,5.44,8,25.7,0,945.8,315,1.4,3.2,139,0,139,82,81,77,78,346,100,20,97
WAE,2011,3,16,13,11.8,59.6,8.2,4.2,5.44,8,25.6,0,945.7,299,2.3,4.2,60,0,60,35,35,33,34,346,100,20,97
WAE,2011,3,16,14,11.2,64.6,8.6,4.8,5.71,8,25.6,0,946,302,1.7,3.8,69,0,69,41,40,38,39,345,100,20,97
WAE,2011,3,16,15,10.6,70.4,9,5.4,5.98,8,25.7,0,945.5,310,0.9,2.1,46,2,46,27,27,26,28,345,100,20,97
WAE,2011,3,16,16,10.5,71,9,5.5,5.98,8,25.6,0,945.3,307,1,2.5,30,3,29,17,17,17,19,344,100,20,97
WAE,2011,3,16,17,9.9,74.3,9,5.5,5.98,7.7,25,0,945.3,270,0.5,1.5,1,0,1,0,0,0,0,344,100,20,97
WAE,2011,3,16,18,9.3,76.7,8.9,5.4,5.91,7.3,24.2,0,945.5,245,1.5,2.5,0,0,0,0,0,0,0,343,100,20,97
WAE,2011,3,16,19,9.1,76.3,8.8,5.2,5.84,7.2,23.9,0,945.4,263,1.8,3,0,0,0,0,0,0,0,343,100,20,97
WAE,2011,3,16,20,8.5,77.7,8.6,4.8,5.71,6.7,22.9,0,945.8,262,2.3,4.1,0,0,0,0,0,0,0,342,100,20,97
WAE,2011,3,16,21,8,79.7,8.5,4.7,5.64,6.4,22.2,0,945.5,249,3.1,5.1,0,0,0,0,0,0,0,341,100,20,97
WAE,2011,3,16,22,8.5,79.2,8.8,5.1,5.84,6.8,23.2,0,946,242,1.9,3,0,0,0,0,0,0,0,340,100,20,97
WAE,2011,3,16,23,8,82.3,8.8,5.2,5.84,6.6,22.7,0,945.7,252,1.4,3.1,0,0,0,0,0,0,0,339,100,20,97
WAE,2011,3,17,0,7.5,85.2,8.8,5.2,5.84,6.4,22.2,0,945.5,270,0.6,2.6,0,0,0,0,0,0,0,339,94,20,97
WAE,2011,3,17,1,8.1,83.7,9,5.5,5.98,6.8,23.2,0,945.4,219,0.6,2.7,0,0,0,0,0,0,0,339,100,20,97
WAE,2011,3,17,2,7.8,85.4,9,5.5,5.98,6.7,22.9,0,945,217,1.1,2.6,0,0,0,0,0,0,0,339,100,20,97
WAE,2011,3,17,3,7.8,85.9,9.1,5.6,6.05,6.7,23,0,945.2,278,0.8,1.9,0,0,0,0,0,0,0,339,100,20,97
WAE,2011,3,17,4,7.9,85.8,9.2,5.7,6.11,6.8,23.3,0,945.4,259,1.2,3.1,0,0,0,0,0,0,0,339,100,20,97
WAE,2011,3,17,5,7.9,88.5,9.5,6.1,6.31,7,23.8,0,945.8,254,2.2,5.1,0,0,0,0,0,0,0,339,100,20,97
WAE,2011,3,17,6,7.8,91,9.6,6.4,6.37,7.1,23.9,0.6,946.4,253,3.1,5.2,8,0,8,4,4,4,4,339,100,20,97
WAE,2011,3,17,7,7.9,90.5,9.7,6.4,6.44,7.1,24.1,0.5,946.9,244,3.3,5.5,22,0,22,13,13,12,12,340,100,20,97
WAE,2011,3,17,8,8.4,88.8,9.8,6.7,6.5,7.5,24.8,0,947.3,256,3,7.3,45,0,45,26,26,25,25,340,100,20,97
WAE,2011,3,17,9,8.6,88.4,9.9,6.8,6.57,7.7,25.2,0,947.8,242,5.2,9.3,44,0,44,26,26,24,25,341,100,20,97
WAE,2011,3,17,10,8.7,87.7,9.8,6.8,6.49,7.7,25.1,0,948.7,252,4.6,9.2,47,0,47,27,27,26,26,341,100,20,97
WAE,2011,3,17,11,8.7,87.5,9.8,6.7,6.49,7.7,25.1,0,949.5,292,2.4,7.4,65,0,65,38,38,35,36,342,100,20,97
WAE,2011,3,17,12,8.6,89.2,10,6.9,6.62,7.7,25.3,0.9,950,293,2.5,6.5,46,0,46,27,27,25,26,342,100,20,97
WAE,2011,3,17,13,8.4,86.8,9.6,6.3,6.35,7.3,24.4,0.1,950.6,277,3.6,7.6,30,0,30,17,17,16,17,341,100,20,97
WAE,2011,3,17,14,8.3,87,9.5,6.3,6.27,7.3,24.1,0.5,951.4,270,3.1,6.1,23,0,23,13,13,13,13,340,100,20,97
WAE,2011,3,17,15,8,87.9,9.4,6.1,6.2,7,23.6,1.5,952.2,270,4,7.6,21,0,21,12,12,11,12,339,100,20,97
WAE,2011,3,17,16,7.8,89.3,9.5,6.2,6.26,7,23.6,1.1,953.4,284,2.5,5.3,13,0,13,8,7,7,7,338,100,20,97
WAE,2011,3,17,17,7.6,88.6,9.2,5.8,6.05,6.7,22.8,0.7,954.7,287,3,6.2,2,0,2,1,1,1,1,338,100,20,97
WAE,2011,3,17,18,7.5,87.6,9.1,5.6,5.98,6.6,22.6,0.8,956,286,3.8,8.8,0,0,0,0,0,0,0,337,100,20,97
WAE,2011,3,17,19,7.4,87.8,9.1,5.5,5.97,6.5,22.4,0.9,956.9,275,2.4,8.4,0,0,0,0,0,0,0,336,100,20,97
WAE,2011,3,17,20,7.4,85.6,8.8,5.1,5.77,6.3,21.9,0,957.8,303,2.1,6.7,0,0,0,0,0,0,0,335,100,20,97
WAE,2011,3,17,21,7.2,83.4,8.5,4.6,5.57,5.9,21.2,0,958.5,293,2.4,7.2,0,0,0,0,0,0,0,334,100,20,97
WAE,2011,3,17,22,7,80.7,8.1,3.9,5.3,5.5,20.3,0,959.3,277,3.7,9.1,0,0,0,0,0,0,0,334,100,20,97
WAE,2011,3,17,23,7,80.3,8,3.8,5.23,5.5,20.2,0,960,262,3.8,9.3,0,0,0,0,0,0,0,333,100,20,97
WAE,2011,3,18,0,6.9,78.2,7.8,3.4,5.09,5.3,19.7,0,960.6,282,3.3,7.7,0,0,0,0,0,0,0,332,100,19,97
WAE,2011,3,18,1,6.9,77.2,7.7,3.2,5.02,5.2,19.5,0,961.5,300,2.1,6.8,0,0,0,0,0,0,0,332,100,19,97
WAE,2011,3,18,2,6.8,76.1,7.5,2.9,4.89,5,19.1,0,961.9,288,2.9,6.1,0,0,0,0,0,0,0,331,100,19,97
WAE,2011,3,18,3,6.8,75.7,7.5,2.8,4.89,5,19.1,0,962.4,277,2.6,6.9,0,0,0,0,0,0,0,330,100,19,97
WAE,2011,3,18,4,6.7,76.2,7.5,2.8,4.88,4.9,19,0,963,268,2.4,7.4,0,0,0,0,0,0,0,330,100,19,97
WAE,2011,3,18,5,6.6,76.4,7.5,2.8,4.88,4.8,18.9,0,963.7,286,2.5,5.6,0,0,0,0,0,0,0,329,100,19,97
WAE,2011,3,18,6,6.6,77,7.5,2.9,4.87,4.9,18.9,0,964.6,278,2.1,5.4,38,33,35,20,53,24,19,329,100,19,97
WAE,2011,3,18,7,6.8,76,7.5,2.9,4.87,5,19.1,0,965.4,273,2.1,4.2,70,0,70,41,41,39,39,330,100,19,97
WAE,2011,3,18,8,7,75.9,7.6,3,4.93,5.1,19.4,0,965.6,280,1.7,4,123,0,123,72,72,68,69,331,100,19,97
WAE,2011,3,18,9,7.4,74.1,7.6,3.1,4.93,5.4,19.8,0,966,288,2,4.8,54,0,54,32,31,30,30,332,100,19,97
WAE,2011,3,18,10,7.7,72,7.6,3,4.93,5.5,20.1,0,966,297,1.2,3.3,96,0,96,56,56,52,54,333,100,19,97
WAE,2011,3,18,11,8,70.7,7.6,3,4.93,5.7,20.4,0,966,336,1.3,3.7,180,2,179,105,104,100,100,334,100,19,97
WAE,2011,3,18,12,8.3,68,7.5,2.7,4.87,5.7,20.6,0,965.7,20,1.3,3.5,249,10,242,141,140,142,140,335,100,19,97
WAE,2011,3,18,13,8.7,68.5,7.7,3.2,5,6.1,21.3,0,965.5,315,3.2,5.7,268,63,231,132,131,180,172,324,88,19,97
WAE,2011,3,18,14,8.8,70.3,8,3.7,5.2,6.3,21.9,0,965.7,306,3.6,6.3,149,2,148,86,86,82,84,334,100,19,97
WAE,2011,3,18,15,8.3,70.3,7.7,3.2,5,5.9,20.9,0,965.9,296,2.8,4.8,85,0,85,50,50,47,48,333,100,19,97
WAE,2011,3,18,16,7.8,69.6,7.4,2.6,4.8,5.4,19.9,0,966.1,305,2.5,5.5,11,0,11,7,7,6,6,333,100,19,97
WAE,2011,3,18,17,7.3,70.7,7.2,2.3,4.67,5,19.1,0,966.6,306,3,5.3,0,0,0,0,0,0,0,323,88,19,97
WAE,2011,3,18,18,6.8,73,7.2,2.3,4.67,4.7,18.5,0,967,306,2.2,3.9,0,0,0,0,0,0,0,327,100,19,97
WAE,2011,3,18,19,6.7,73.8,7.2,2.4,4.66,4.7,18.4,0,967.2,305,2,4.1,0,0,0,0,0,0,0,331,100,19,97
WAE,2011,3,18,20,6.5,75.5,7.3,2.5,4.73,4.7,18.4,0,966.9,294,1.2,2.3,0,0,0,0,0,0,0,330,100,19,97
WAE,2011,3,18,21,6.4,76.5,7.3,2.6,4.73,4.7,18.3,0,966.7,301,0.6,1.7,0,0,0,0,0,0,0,330,100,19,97
WAE,2011,3,18,22,6.3,77,7.4,2.6,4.8,4.6,18.4,0,966.6,320,0.9,2.4,0,0,0,0,0,0,0,327,88,19,97
WAE,2011,3,18,23,6.2,77.8,7.4,2.6,4.8,4.6,18.3,0,966.8,243,1.3,2.8,0,0,0,0,0,0,0,329,100,19,97
WAE,2011,3,19,0,6.1,80,7.5,2.9,4.86,4.6,18.3,0,966.6,198,0.9,2.5,0,0,0,0,0,0,0,328,100,20,97
WAE,2011,3,19,1,5.5,90.1,8.1,4,5.26,4.8,18.7,0.9,966.2,326,0.3,1.7,0,0,0,0,0,0,0,328,100,20,97
WAE,2011,3,19,2,5.4,91.3,8.2,4.1,5.33,4.8,18.8,0.6,965.6,156,1,1.8,0,0,0,0,0,0,0,328,94,20,97
WAE,2011,3,19,3,5.3,92.5,8.2,4.2,5.33,4.8,18.7,0.4,965.3,113,0.8,2.4,0,0,0,0,0,0,0,328,100,20,97
WAE,2011,3,19,4,5.2,93.4,8.3,4.2,5.4,4.7,18.8,1.1,965.2,120,0.8,2.5,0,0,0,0,0,0,0,327,100,20,97
WAE,2011,3,19,5,5.1,92.4,8.1,4,5.26,4.6,18.3,1.1,965.4,135,0.5,1.4,0,0,0,0,0,0,0,327,100,20,97
WAE,2011,3,19,6,5.1,92.7,8.1,4,5.26,4.6,18.3,1.2,965.5,122,1,2.1,24,1,24,14,14,13,13,327,100,20,97
WAE,2011,3,19,7,4.9,89.7,7.8,3.4,5.06,4.2,17.6,1,965.8,108,1,1.9,60,0,60,35,35,33,33,327,100,20,97
WAE,2011,3,19,8,5,90.8,7.9,3.6,5.13,4.4,17.9,1.9,966.4,99,1.3,3.2,54,0,54,32,31,30,30,327,100,20,97
WAE,2011,3,19,9,5.1,92.4,8.1,4,5.25,4.6,18.3,1.1,967.2,87,1.8,4.2,105,1,105,62,62,58,59,327,100,20,97
WAE,2011,3,19,10,4.9,92.9,8,3.8,5.18,4.4,17.9,1,967.9,53,2.7,4.8,64,0,64,37,37,35,36,326,100,20,97
WAE,2011,3,19,11,4.4,90.6,7.6,3,4.92,3.8,16.7,0.4,968.4,29,2.1,5.3,41,0,41,24,24,22,23,326,100,20,97
WAE,2011,3,19,12,4.1,89.7,7.3,2.6,4.72,3.4,15.9,0.2,968.8,14,3,5.7,35,0,35,20,20,19,20,326,100,20,97
WAE,2011,3,19,13,3.4,88,6.9,1.6,4.46,2.6,14.6,0.2,969.2,6,3,6.6,30,0,30,18,18,17,17,325,100,20,97
WAE,2011,3,19,14,3.4,87.6,6.8,1.5,4.39,2.6,14.4,0.2,969.8,14,2.1,5.7,23,0,23,14,14,13,13,324,100,20,97
WAE,2011,3,19,15,3.5,87.9,6.9,1.7,4.46,2.7,14.7,0.2,970.2,15,2.8,5.9,23,0,23,13,13,12,13,323,100,20,97
WAE,2011,3,19,16,3.3,88.1,6.8,1.5,4.39,2.5,14.3,0.1,970.7,9,2.4,4.8,8,0,8,5,5,5,5,322,100,20,97
WAE,2011,3,19,17,3.4,89.9,7,1.9,4.52,2.7,14.7,0.4,971.3,15,1.2,3.9,0,0,0,0,0,0,0,321,100,20,97
WAE,2011,3,19,18,3.6,87.9,7,1.8,4.51,2.8,14.9,0,971.9,12,2.1,4.7,0,0,0,0,0,0,0,319,100,20,97
WAE,2011,3,19,19,3.5,85.8,6.8,1.4,4.38,2.6,14.5,0,972.2,29,3.6,6.1,0,0,0,0,0,0,0,315,100,20,97
WAE,2011,3,19,20,3.4,84.4,6.6,1,4.25,2.4,14.1,0,972.6,30,1.4,2.8,0,0,0,0,0,0,0,310,100,20,97
WAE,2011,3,19,21,3.4,84,6.5,1,4.19,2.4,13.9,0,972.4,14,0.9,3.3,0,0,0,0,0,0,0,305,100,20,97
WAE,2011,3,19,22,3,86.9,6.6,1,4.25,2.1,13.7,0,972.3,360,1.3,3.9,0,0,0,0,0,0,0,290,44,20,97
WAE,2011,3,19,23,2.6,84.9,6.3,0.3,4.06,1.6,12.8,0,972.1,356,1.5,4.1,0,0,0,0,0,0,0,268,0,20,97
WAE,2011,3,20,0,1.8,87.3,6.1,-0.1,3.93,1,11.6,0,971.8,337,0.8,2.6,0,0,0,0,0,0,0,248,0,21,97
WAE,2011,3,20,1,1.6,85.5,5.8,-0.6,3.73,0.7,10.9,0,971.8,352,1,2.8,0,0,0,0,0,0,0,245,0,21,97
WAE,2011,3,20,2,1.4,84.2,5.7,-1,3.67,0.4,10.6,0,971.6,56,1.3,2.9,0,0,0,0,0,0,0,242,0,21,97
WAE,2011,3,20,3,0.4,88.6,5.6,-1.3,3.61,-0.3,9.4,0,971.4,101,0.5,2.2,0,0,0,0,0,0,0,239,0,21,97
WAE,2011,3,20,4,0.8,87.4,5.7,-1,3.67,0.1,10,0,971.3,113,0.8,1.7,0,0,0,0,0,0,0,239,16,21,97
WAE,2011,3,20,5,0.6,88.6,5.7,-1.1,3.67,-0.1,9.8,0,971.7,45,0.8,1.9,5,3,5,3,6,3,3,242,33,21,97
WAE,2011,3,20,6,1,85.9,5.6,-1.1,3.6,0.2,10,0,972.1,360,0.6,1.7,143,444,63,35,484,149,35,245,19,21,97
WAE,2011,3,20,7,1.6,80.5,5.5,-1.4,3.54,0.4,10.4,0,972.1,37,1,1.9,350,766,92,55,771,400,57,250,13,21,97
WAE,2011,3,20,8,2.7,76.4,5.7,-1,3.67,1.2,11.9,0,972.6,42,1.2,2.4,488,766,126,78,695,552,80,268,33,21,97
WAE,2011,3,20,9,4,72.2,5.9,-0.5,3.8,2.1,13.5,0,972.9,39,1.4,3.4,609,805,141,92,584,695,95,274,25,21,97
WAE,2011,3,20,10,4.9,66.1,5.7,-0.9,3.67,2.5,14.1,0,972.8,21,2.3,6.1,683,802,161,104,412,779,107,282,25,21,97
WAE,2011,3,20,11,6,62.7,5.9,-0.6,3.8,3.2,15.6,0,972.8,22,3.6,7.7,728,875,138,100,178,844,178,263,6,21,97
WAE,2011,3,20,12,6.7,61.7,6.1,-0.1,3.93,3.8,16.6,0,972.7,72,3.4,5.6,722,944,108,92,93,849,423,226,0,21,97
WAE,2011,3,20,13,7.3,54.7,5.6,-1.2,3.6,3.7,16.4,0,972.2,92,2.5,4.9,637,881,122,87,88,739,613,235,25,21,97
WAE,2011,3,20,14,8.1,50.4,5.5,-1.6,3.54,4,17,0,971.6,106,2.5,5.4,507,866,95,70,70,589,748,221,6,21,97
WAE,2011,3,20,15,8.4,45.9,5.1,-2.6,3.28,3.8,16.7,0,971.6,95,2.4,4.5,323,677,94,56,56,359,690,234,33,21,97
WAE,2011,3,20,16,8.2,44.1,4.8,-3.3,3.09,3.5,16,0,971.7,93,1.7,4,141,446,59,33,33,146,482,220,19,21,97
WAE,2011,3,20,17,7,48.7,4.9,-3.1,3.15,2.9,14.9,0,972.3,68,3.3,6.4,6,0,6,4,4,4,4,260,28,21,97
WAE,2011,3,20,18,5.9,47.8,4.4,-4.3,2.83,2,13,0,972.7,73,1.8,4.6,0,0,0,0,0,0,0,307,69,21,97
WAE,2011,3,20,19,4.4,54.5,4.5,-4,2.89,1.2,11.7,0,972.9,129,1.3,3,0,0,0,0,0,0,0,277,13,21,97
WAE,2011,3,20,20,3.9,53.9,4.4,-4.6,2.83,0.7,11,0,972.7,166,2.4,3.6,0,0,0,0,0,0,0,271,0,21,97
WAE,2011,3,20,21,3.6,56.1,4.4,-4.3,2.83,0.7,10.7,0,972.6,163,1.7,3.2,0,0,0,0,0,0,0,270,10,21,97
WAE,2011,3,20,22,3.2,59.7,4.6,-3.9,2.96,0.5,10.6,0,972.7,170,2.2,3.3,0,0,0,0,0,0,0,254,0,21,97
WAE,2011,3,20,23,2.5,62.9,4.6,-3.8,2.96,0.2,9.9,0,972.8,165,1.2,3.6,0,0,0,0,0,0,0,255,0,21,97
WAE,2011,3,21,0,1.7,70.4,4.9,-3.1,3.15,-0.1,9.6,0,972.6,162,2.2,3.6,0,0,0,0,0,0,0,244,0,18,97
WAE,2011,3,21,1,1.4,73,4.9,-2.9,3.15,-0.2,9.3,0,972.3,168,2.3,3.3,0,0,0,0,0,0,0,244,0,18,97
WAE,2011,3,21,2,1.1,73.5,4.9,-3.1,3.15,-0.5,9,0,972.2,162,1.3,2.4,0,0,0,0,0,0,0,238,0,18,97
WAE,2011,3,21,3,0.3,77.3,4.8,-3.2,3.08,-1,8,0,972.6,197,1.3,2.1,0,0,0,0,0,0,0,237,0,18,97
WAE,2011,3,21,4,-0.2,79.3,4.8,-3.3,3.08,-1.3,7.5,0,972.7,225,1.3,2,0,0,0,0,0,0,0,235,0,18,97
WAE,2011,3,21,5,-0.2,78.9,4.7,-3.4,3.02,-1.4,7.3,0,973,189,0.7,1.4,10,43,7,4,47,8,4,234,0,18,97
WAE,2011,3,21,6,0.7,76.5,4.9,-2.9,3.15,-0.6,8.6,0,973.3,203,0.7,1.6,149,483,58,30,516,151,30,235,6,18,97
WAE,2011,3,21,7,1.9,69.9,4.9,-3,3.15,0.1,9.8,0,973.6,45,0.6,1.8,334,748,78,45,735,369,46,240,0,18,97
WAE,2011,3,21,8,2.9,65.5,4.9,-2.9,3.15,0.7,10.8,0,973.9,41,1.1,2.5,501,852,91,59,719,566,61,244,0,18,97
WAE,2011,3,21,9,4.4,61.4,5.1,-2.4,3.27,1.7,12.6,0,973.9,45,0.7,2.6,632,900,102,71,591,718,74,249,0,18,97
WAE,2011,3,21,10,5.6,54.4,5,-2.9,3.21,2.2,13.7,0,973.8,31,1.1,2.8,718,937,103,78,395,821,81,232,0,18,97
WAE,2011,3,21,11,7.1,48.9,4.9,-2.9,3.15,3.1,15,0,973.5,39,1.3,3.9,743,931,111,81,152,848,158,213,0,18,97
WAE,2011,3,21,12,8,47.4,5.1,-2.5,3.28,3.7,16.3,0,973.1,90,1.4,4.5,718,942,101,77,78,821,400,217,0,18,97
WAE,2011,3,21,13,9.1,44.2,5.1,-2.4,3.28,4.3,17.4,0,972.7,86,1.6,4.4,627,882,108,72,73,709,591,216,0,18,97
WAE,2011,3,21,14,9.6,41.1,4.9,-3,3.15,4.3,17.6,0,972.6,77,1.7,3.7,486,775,113,65,65,536,683,215,0,18,97
WAE,2011,3,21,15,9.9,39.6,4.8,-3.2,3.09,4.4,17.7,0,972.3,55,3.2,7,327,710,85,47,47,355,710,215,0,18,97
WAE,2011,3,21,16,9.2,44.2,5.1,-2.3,3.28,4.4,17.5,0,972.1,40,5.5,9.4,151,517,56,29,29,153,549,215,0,18,97
WAE,2011,3,21,17,7.6,47.8,5,-2.8,3.21,3.4,15.7,0,972.8,44,5.3,8.6,6,0,6,4,4,4,4,215,0,18,97
WAE,2011,3,21,18,6.9,48.1,4.8,-3.3,3.08,2.8,14.7,0,973.5,71,3.5,6.7,0,0,0,0,0,0,0,215,0,18,97
WAE,2011,3,21,19,6.2,53,5,-2.7,3.21,2.6,14.3,0,973.6,60,4,7,0,0,0,0,0,0,0,255,0,18,97
WAE,2011,3,21,20,5.3,56.9,5.1,-2.5,3.27,2.2,13.5,0,973.8,43,2.5,6.2,0,0,0,0,0,0,0,252,0,18,97
WAE,2011,3,21,21,4.1,61.3,5,-2.7,3.21,1.4,12.2,0,973.7,342,0.8,2.5,0,0,0,0,0,0,0,249,0,18,97
WAE,2011,3,21,22,3.4,65.3,5.1,-2.5,3.27,1.1,11.6,0,973.9,7,1,2.6,0,0,0,0,0,0,0,247,0,18,97
WAE,2011,3,21,23,2.5,69.5,5.1,-2.5,3.27,0.6,10.7,0,973.8,198,0.9,2.8,0,0,0,0,0,0,0,248,30,18,97
WAE,2011,3,22,0,2.1,69.7,5,-2.8,3.21,0.2,10.1,0,973.7,174,1.8,3.8,0,0,0,0,0,0,0,249,25,20,97
WAE,2011,3,22,1,1.4,72.3,4.9,-3,3.15,-0.2,9.3,0,973.8,185,2.4,4.2,0,0,0,0,0,0,0,242,0,20,97
WAE,2011,3,22,2,1,74.5,4.9,-3,3.14,-0.5,8.9,0,974,237,2,3.1,0,0,0,0,0,0,0,242,0,20,97
WAE,2011,3,22,3,0.8,74.7,4.8,-3.2,3.08,-0.7,8.5,0,974.3,246,2.2,3.1,0,0,0,0,0,0,0,242,0,20,97
WAE,2011,3,22,4,0.7,74.7,4.8,-3.3,3.08,-0.8,8.4,0,974.8,261,1.9,3.3,0,0,0,0,0,0,0,241,6,20,97
WAE,2011,3,22,5,0.3,75.9,4.7,-3.4,3.01,-1.1,7.8,0,975.5,255,2.3,3.2,10,32,8,4,37,7,4,257,55,20,97
WAE,2011,3,22,6,1,73.7,4.8,-3.2,3.08,-0.6,8.7,0,975.6,248,1.6,2.2,136,322,75,40,370,121,40,260,59,20,97
WAE,2011,3,22,7,2,70.7,5,-2.8,3.2,0.2,10,0,976.2,40,0.9,2.2,328,671,93,54,680,351,55,270,36,20,97
WAE,2011,3,22,8,3.1,70.5,5.4,-1.7,3.46,1.2,11.8,0,976.6,38,1.1,2.2,497,812,101,67,703,553,69,278,29,20,97
WAE,2011,3,22,9,4.4,64.7,5.4,-1.7,3.46,1.9,13.1,0,976.7,42,1.2,2.1,628,854,121,83,589,705,85,283,41,20,97
WAE,2011,3,22,10,5.7,59,5.4,-1.7,3.46,2.7,14.4,0,976.7,48,1.2,2.6,716,923,106,86,400,816,90,260,33,20,97
WAE,2011,3,22,11,6.9,53.6,5.3,-1.9,3.39,3.3,15.5,0,976.5,37,1,2.3,717,828,151,98,173,801,179,260,29,20,97
WAE,2011,3,22,12,8.3,49.2,5.4,-1.7,3.46,4.1,17,0,976.1,35,1.3,2.5,708,902,112,87,87,803,409,250,25,20,97
WAE,2011,3,22,13,9.5,41.1,4.9,-3.1,3.14,4.3,17.4,0,975.6,18,1,2.3,632,898,100,77,78,715,602,268,29,20,97
WAE,2011,3,22,14,10.8,44.6,5.8,-0.8,3.72,5.7,20.2,0,975.3,45,0.6,1.7,495,824,95,66,66,551,713,274,30,20,97
WAE,2011,3,22,15,11.2,40.7,5.4,-1.7,3.46,5.6,20,0,975.1,360,0.5,2.1,325,700,84,51,51,349,704,255,13,20,97
WAE,2011,3,22,16,11.6,40.1,5.5,-1.5,3.53,5.8,20.6,0,975.2,252,0.6,2.2,148,474,57,32,32,144,509,261,20,20,97
WAE,2011,3,22,17,10.3,48.7,6.1,0,3.91,5.7,20.2,0,975.5,297,0.7,2.7,6,0,6,4,4,4,4,294,68,20,97
WAE,2011,3,22,18,8.5,55.2,6.1,0,3.91,4.8,18.4,0,975.8,202,0.6,1.4,0,0,0,0,0,0,0,296,64,20,97
WAE,2011,3,22,19,7.1,60.4,6.1,0,3.91,4,17,0,976.3,220,0.8,1.7,0,0,0,0,0,0,0,281,56,20,97
WAE,2011,3,22,20,6.9,60.8,6,-0.1,3.85,3.9,16.6,0,976.4,169,2.1,4.4,0,0,0,0,0,0,0,242,10,20,97
WAE,2011,3,22,21,6.3,64.6,6.1,0.1,3.91,3.6,16.1,0,976.6,172,1.2,3.9,0,0,0,0,0,0,0,262,0,20,97
WAE,2011,3,22,22,5.8,66.2,6.1,0,3.91,3.3,15.6,0,976.7,168,3,5.6,0,0,0,0,0,0,0,269,0,20,97
WAE,2011,3,22,23,4.5,71.9,6,-0.1,3.84,2.6,14.2,0,976.7,236,0.6,2.2,0,0,0,0,0,0,0,266,0,20,97
WAE,2011,3,23,0,3.8,74.9,6,-0.2,3.84,2.1,13.4,0,976.8,252,0.5,1.3,0,0,0,0,0,0,0,263,0,19,97
WAE,2011,3,23,1,3.4,76.3,6,-0.4,3.84,1.8,13,0,976.9,281,0.6,1.3,0,0,0,0,0,0,0,261,0,19,97
WAE,2011,3,23,2,3.1,78.8,6,-0.2,3.85,1.7,12.7,0,976.6,270,0.4,0.9,0,0,0,0,0,0,0,260,0,19,97
WAE,2011,3,23,3,2.4,80.6,5.9,-0.6,3.78,1.2,11.9,0,976.6,284,0.4,0.9,0,0,0,0,0,0,0,260,0,19,97
WAE,2011,3,23,4,2.2,79.7,5.7,-0.9,3.65,1,11.3,0,976.7,270,0.6,1.2,0,0,0,0,0,0,0,267,20,19,97
WAE,2011,3,23,5,2,80.7,5.7,-1,3.65,0.8,11.1,0,977.1,252,0.7,1.9,19,92,12,7,101,14,7,264,6,19,97
WAE,2011,3,23,6,3.1,73,5.5,-1.3,3.52,1.3,11.9,0,977.5,233,0.5,1.5,161,530,57,32,564,158,31,256,13,19,97
WAE,2011,3,23,7,4.1,75.4,6.2,0.1,3.97,2.4,14.1,0,978.2,56,0.6,1.7,341,739,79,49,731,364,50,265,0,19,97
WAE,2011,3,23,8,5.4,73,6.5,1,4.16,3.5,15.9,0,978.4,58,0.9,2.8,493,770,113,69,678,535,71,238,0,19,97
WAE,2011,3,23,9,6.8,62.5,6.2,0.1,3.97,3.9,16.8,0,978.1,49,1.1,2.3,625,841,120,80,576,690,83,231,0,19,97
WAE,2011,3,23,10,8.4,57.6,6.3,0.5,4.03,4.9,18.6,0,977.5,45,0.8,2.6,702,852,135,90,398,779,93,237,13,19,97
WAE,2011,3,23,11,10.2,52.9,6.6,1,4.23,6,20.9,0,977.4,45,0.7,2.5,737,889,124,90,164,824,166,248,0,19,97
WAE,2011,3,23,12,12.5,45.9,6.6,1.2,4.23,7.2,23.2,0,976.9,37,0.7,2.5,727,945,99,83,84,819,410,254,0,19,97
WAE,2011,3,23,13,14.1,39.4,6.3,0.5,4.04,7.7,24.4,0,976.4,98,1.6,3.7,643,913,98,76,76,718,609,252,0,19,97
WAE,2011,3,23,14,15,36.7,6.3,0.3,4.04,8,25.3,0,975.9,115,1.7,3.8,503,850,87,63,63,554,726,249,0,19,97
WAE,2011,3,23,15,15.4,35.6,6.2,0.3,3.98,8.2,25.5,0,975.5,107,1.3,2.8,340,749,78,49,49,361,744,247,0,19,97
WAE,2011,3,23,16,15.1,36.3,6.2,0.3,3.98,8.1,25.2,0,975.3,113,0.8,2,153,491,57,31,31,146,526,245,0,19,97
WAE,2011,3,23,17,13.4,42.7,6.5,1,4.17,7.5,24,0,975.7,297,0.5,2.3,7,0,7,4,4,4,4,243,0,19,97
WAE,2011,3,23,18,11.6,46,6.3,0.4,4.04,6.5,21.8,0,976.1,342,1.3,3.5,0,0,0,0,0,0,0,240,6,19,97
WAE,2011,3,23,19,9.8,53.6,6.5,0.8,4.17,5.7,20.3,0,976.5,239,0.7,1.7,0,0,0,0,0,0,0,238,0,19,97
WAE,2011,3,23,20,9.2,54.9,6.4,0.6,4.1,5.3,19.6,0,976.3,200,1.6,4,0,0,0,0,0,0,0,243,0,19,97
WAE,2011,3,23,21,9.3,54.8,6.4,0.7,4.1,5.4,19.7,0,976.4,177,3.4,4.9,0,0,0,0,0,0,0,272,0,19,97
WAE,2011,3,23,22,8.5,57.8,6.4,0.7,4.1,5,18.9,0,976.2,171,3.7,5.6,0,0,0,0,0,0,0,260,10,19,97
WAE,2011,3,23,23,7.2,63.9,6.5,0.8,4.17,4.4,17.7,0,976.1,190,2.4,4.4,0,0,0,0,0,0,0,286,45,19,97
WAE,2011,3,24,0,6.7,66.5,6.5,0.9,4.17,4.1,17.2,0,975.7,175,2.4,4.8,0,0,0,0,0,0,0,268,0,19,97
WAE,2011,3,24,1,5.3,73,6.5,0.9,4.17,3.4,15.8,0,975.5,275,1.2,1.8,0,0,0,0,0,0,0,266,0,19,97
WAE,2011,3,24,2,5.2,73,6.4,0.8,4.11,3.3,15.5,0,975.3,270,1,2.3,0,0,0,0,0,0,0,265,0,19,97
WAE,2011,3,24,3,4.7,74.9,6.4,0.6,4.11,2.9,15,0,975.4,217,0.7,1.8,0,0,0,0,0,0,0,264,0,19,97
WAE,2011,3,24,4,4.1,77.5,6.3,0.5,4.04,2.6,14.2,0,975.7,180,0.2,0.9,0,0,0,0,0,0,0,267,6,19,97
WAE,2011,3,24,5,3.2,81.2,6.3,0.3,4.04,2,13.3,0,975.9,180,0.2,1.5,21,104,13,7,113,14,7,268,16,19,97
WAE,2011,3,24,6,4,80,6.5,0.9,4.17,2.7,14.5,0,976.3,90,0.1,0.7,158,439,70,38,484,143,37,270,19,19,97
WAE,2011,3,24,7,5.5,78,7.1,2,4.56,3.9,17,0,976.4,45,0.3,1.2,346,720,86,52,719,361,53,280,19,19,97
WAE,2011,3,24,8,6.9,71.2,7.1,2.1,4.56,4.7,18.4,0,976.4,50,0.8,1.8,520,866,88,65,731,568,67,246,0,19,97
WAE,2011,3,24,9,8.5,60.7,6.7,1.4,4.3,5.3,19.4,0,976.2,51,0.7,1.6,659,924,100,78,607,731,82,237,13,19,97
WAE,2011,3,24,10,10.5,55.6,7.1,2,4.56,6.5,22,0,975.9,45,0.8,2.3,717,890,120,89,399,794,92,241,19,19,97
WAE,2011,3,24,11,11.6,53.4,7.3,2.5,4.69,7.2,23.5,0,975.4,34,1.1,2.2,737,867,136,94,167,812,176,251,13,19,97
WAE,2011,3,24,12,13.4,49.4,7.6,3,4.89,8.3,25.8,0,974.7,18,1,2.7,734,949,98,85,85,819,414,274,13,19,97
WAE,2011,3,24,13,14.4,47.2,7.7,3.3,4.96,8.8,27,0,973.9,21,1,2.3,630,859,113,80,81,690,593,266,29,19,97
WAE,2011,3,24,14,15.3,44.9,7.8,3.4,5.02,9.3,28.1,0,973.3,9,0.7,2.4,497,790,105,69,69,533,695,290,33,19,97
WAE,2011,3,24,15,15.6,45,8,3.7,5.16,9.5,28.7,0,972.6,56,0.8,1.6,334,696,87,52,52,344,702,281,19,19,97
WAE,2011,3,24,16,15.5,46.4,8.2,4.1,5.29,9.6,29,0,972,81,0.7,1.3,158,511,58,32,32,147,548,279,25,19,97
WAE,2011,3,24,17,14.1,53.2,8.5,4.7,5.49,9.3,28,0,971.8,149,0.9,1.7,11,0,11,7,7,7,7,271,23,19,97
WAE,2011,3,24,18,11.8,62.9,8.7,5,5.62,8.4,26,0,971.7,209,2.2,3.4,0,0,0,0,0,0,0,271,33,19,97
WAE,2011,3,24,19,10.6,66.1,8.5,4.5,5.49,7.6,24.5,0,971.8,221,1.1,2.9,0,0,0,0,0,0,0,296,56,19,97
WAE,2011,3,24,20,10.1,65.1,8,3.8,5.16,7,23.2,0,971.6,233,1.1,2,0,0,0,0,0,0,0,294,61,19,97
WAE,2011,3,24,21,8.5,72.1,8,3.8,5.17,6.2,21.5,0,971.1,153,0.4,2.1,0,0,0,0,0,0,0,315,71,19,97
WAE,2011,3,24,22,8.3,72.8,7.9,3.7,5.11,6.1,21.2,0,970.4,252,0.3,1.2,0,0,0,0,0,0,0,316,81,19,97
WAE,2011,3,24,23,7.4,75.9,7.8,3.4,5.04,5.5,20.1,0,969.9,270,0.4,1.5,0,0,0,0,0,0,0,324,81,19,97
WAE,2011,3,25,0,7.3,75.7,7.8,3.3,5.04,5.4,20,0,969.6,172,0.7,2.2,0,0,0,0,0,0,0,312,78,20,97
WAE,2011,3,25,1,6.8,77,7.6,3.1,4.92,5.1,19.2,0,968.9,225,0.5,1.3,0,0,0,0,0,0,0,296,64,20,97
WAE,2011,3,25,2,6.4,76.9,7.4,2.7,4.79,4.7,18.5,0,968.7,270,0.4,1,0,0,0,0,0,0,0,308,64,20,97
WAE,2011,3,25,3,6,76.8,7.2,2.2,4.66,4.3,17.7,0,968.3,220,0.8,4.1,0,0,0,0,0,0,0,295,40,20,97
WAE,2011,3,25,4,5.7,77,7,2,4.53,4,17.1,0,968,135,0.4,2.2,0,0,0,0,0,0,0,291,38,20,97
WAE,2011,3,25,5,5.4,75.4,6.8,1.4,4.4,3.6,16.5,0,967.9,143,0.7,2,20,80,13,7,89,13,7,294,41,20,97
WAE,2011,3,25,6,6.4,72.2,7,1.8,4.53,4.3,17.8,0,967.8,90,0.4,1.2,159,422,64,37,461,143,36,288,44,20,97
WAE,2011,3,25,7,7.6,75.9,7.9,3.6,5.12,5.7,20.5,0,967.6,27,0.2,0.9,351,736,82,52,733,362,54,265,25,20,97
WAE,2011,3,25,8,9.8,65.7,8,3.7,5.19,6.8,22.9,0,967.1,69,1,3.1,513,836,91,68,711,553,70,263,19,20,97
WAE,2011,3,25,9,11.4,54.7,7.4,2.6,4.8,7.2,23.6,0,966.4,84,1,2.4,644,875,109,83,585,703,86,284,39,20,97
WAE,2011,3,25,10,13.7,48.8,7.6,3.1,4.94,8.4,26.2,0,965.3,79,1.5,2.6,719,889,117,91,393,790,95,282,33,20,97
WAE,2011,3,25,11,15.3,43.7,7.6,3,4.94,9.1,27.9,0,964.3,79,1.6,2.8,744,895,119,93,161,820,173,273,6,20,97
WAE,2011,3,25,12,16.5,41.3,7.7,3.3,5.01,9.8,29.3,0,963.2,55,1.3,2.8,723,916,105,89,89,797,413,290,29,20,97
WAE,2011,3,25,13,17.4,34.4,6.8,1.6,4.43,9.5,28.7,0,962.1,24,1.2,2.6,625,833,120,84,84,676,587,307,36,20,97
WAE,2011,3,25,14,18.2,31.9,6.7,1.2,4.37,9.7,29.4,0,961.2,42,1.5,2.5,496,754,118,74,75,521,678,303,39,20,97
WAE,2011,3,25,15,18.2,32.7,6.8,1.6,4.44,9.9,29.5,0,960.4,36,0.9,1.9,337,699,88,54,54,341,711,304,29,20,97
WAE,2011,3,25,16,17.8,33.5,6.8,1.5,4.44,9.7,29.1,0,959.8,63,0.6,2.2,148,384,66,37,37,129,425,305,38,20,97
WAE,2011,3,25,17,16.4,41.6,7.7,3.3,5.03,9.7,29.2,0,959.5,222,1.5,3.2,6,0,6,4,4,4,4,318,55,20,97
WAE,2011,3,25,18,13.7,49.6,7.8,3.4,5.1,8.6,26.6,0,959.6,220,4.6,5.6,0,0,0,0,0,0,0,280,19,20,97
WAE,2011,3,25,19,12.9,49.6,7.4,2.6,4.83,7.9,25.2,0,960.1,246,2.3,5.8,0,0,0,0,0,0,0,259,25,20,97
WAE,2011,3,25,20,12.7,49.3,7.2,2.4,4.7,7.7,24.6,0,960.2,237,4.3,5.3,0,0,0,0,0,0,0,275,13,20,97
WAE,2011,3,25,21,12.1,49.6,7,1.9,4.57,7.2,23.7,0,960.1,213,2.6,5.5,0,0,0,0,0,0,0,279,36,20,97
WAE,2011,3,25,22,11.1,51.9,6.8,1.6,4.44,6.6,22.3,0,960,220,0.9,2.8,0,0,0,0,0,0,0,277,36,20,97
WAE,2011,3,25,23,10.4,54.6,6.9,1.7,4.5,6.3,21.8,0,960.1,286,0.9,4.8,0,0,0,0,0,0,0,276,46,20,97
WAE,2011,3,26,0,10.2,57.7,7.2,2.2,4.7,6.4,22.1,0,959.9,237,4.5,7.2,0,0,0,0,0,0,0,291,51,20,97
WAE,2011,3,26,1,11.1,50.4,6.6,1.2,4.31,6.5,22,0,959.6,252,2.9,5.5,0,0,0,0,0,0,0,289,41,20,97
WAE,2011,3,26,2,9.9,55.6,6.8,1.4,4.44,6,21.1,0,959.5,265,1.1,3.1,0,0,0,0,0,0,0,283,53,20,97
WAE,2011,3,26,3,9.4,55.2,6.5,0.9,4.24,5.5,20.1,0,959.2,257,2.2,5.6,0,0,0,0,0,0,0,275,34,20,97
WAE,2011,3,26,4,8,61,6.5,0.9,4.24,4.8,18.7,0,959.2,245,1.9,3.8,0,0,0,0,0,0,0,269,13,20,97
WAE,2011,3,26,5,7,63,6.3,0.4,4.11,4.1,17.4,0,959.2,225,1.2,4.5,10,12,9,5,17,5,5,294,59,20,97
WAE,2011,3,26,6,9.3,56.7,6.6,1.2,4.31,5.6,20.2,0,959.3,234,3.1,5.3,109,85,89,51,139,73,49,311,88,20,97
WAE,2011,3,26,7,10.2,58,7.1,2.3,4.64,6.5,21.9,0,959.4,254,1.2,4.2,220,138,165,94,228,161,90,328,100,20,97
WAE,2011,3,26,8,10.7,56.8,7.3,2.5,4.77,6.8,22.8,0,959.5,288,1.1,7.1,447,550,168,101,542,430,101,307,74,20,97
WAE,2011,3,26,9,13.2,42.4,6.4,0.7,4.18,7.3,23.8,0,959.6,258,3.5,9.1,491,376,260,145,398,439,142,314,88,20,97
WAE,2011,3,26,10,13.8,40.8,6.4,0.7,4.18,7.6,24.4,0,959.2,254,4,7.7,460,171,344,193,285,346,186,329,94,20,97
WAE,2011,3,26,11,14.6,38.6,6.4,0.7,4.18,8,25.2,0,959,255,4.2,8.6,335,55,296,171,177,216,176,344,100,20,97
WAE,2011,3,26,12,15,36.7,6.3,0.3,4.11,8,25.5,0,958.7,265,4.5,10,513,330,289,164,163,445,310,341,94,20,97
WAE,2011,3,26,13,15,34.3,5.9,-0.6,3.85,7.7,24.8,0,958.1,256,3.9,10.3,426,248,277,157,156,344,330,346,94,20,97
WAE,2011,3,26,14,15,35.7,6.1,-0.1,3.99,7.9,25.2,0,957.6,257,1.9,5.1,385,328,219,120,120,333,403,346,88,20,97
WAE,2011,3,26,15,15.3,35.9,6.2,0.3,4.06,8.2,25.6,0,957.2,256,1.9,5.9,152,39,138,80,80,94,116,345,100,20,97
WAE,2011,3,26,16,14.7,37.3,6.2,0.3,4.06,7.9,25,0,957,257,2.1,5.2,83,61,71,41,41,52,103,345,100,20,97
WAE,2011,3,26,17,13.8,42.6,6.7,1.3,4.38,7.8,24.9,0,957.1,236,1.3,2.6,2,0,2,1,1,1,1,344,100,20,97
WAE,2011,3,26,18,12.4,48.1,6.9,1.7,4.52,7.3,23.9,0,957.3,208,2.2,3.7,0,0,0,0,0,0,0,334,81,20,97
WAE,2011,3,26,19,11.6,50.8,6.9,1.8,4.51,7,23,0,958,233,3.4,6.7,0,0,0,0,0,0,0,342,94,20,97
WAE,2011,3,26,20,11.7,53.1,7.3,2.5,4.77,7.3,23.8,0,958.3,231,3.1,7,0,0,0,0,0,0,0,336,94,20,97
WAE,2011,3,26,21,10.8,64.7,8.3,4.4,5.43,7.6,24.5,0.1,958.6,277,1.8,3.6,0,0,0,0,0,0,0,330,88,20,97
WAE,2011,3,26,22,9.9,72.5,8.8,5.2,5.76,7.5,24.5,0,958.3,160,2.4,5,0,0,0,0,0,0,0,304,68,20,97
WAE,2011,3,26,23,8.8,75.5,8.5,4.7,5.57,6.8,22.9,0,957.9,155,1.9,3.4,0,0,0,0,0,0,0,296,78,20,97
WAE,2011,3,27,0,8.5,79.2,8.8,5.1,5.77,6.8,23.1,0.1,957.6,153,0.4,1.3,0,0,0,0,0,0,0,320,100,21,97
WAE,2011,3,27,1,8.1,79.7,8.6,4.8,5.64,6.5,22.3,0,957.1,130,0.8,3.6,0,0,0,0,0,0,0,313,78,21,97
WAE,2011,3,27,2,7.8,79.3,8.4,4.4,5.51,6.2,21.7,0,956.8,131,1,3.4,0,0,0,0,0,0,0,335,94,21,97
WAE,2011,3,27,3,7.7,80.1,8.4,4.5,5.51,6.1,21.6,0,956.3,219,1,2.5,0,0,0,0,0,0,0,334,100,21,97
WAE,2011,3,27,4,7.8,81.3,8.6,4.8,5.64,6.3,22,0,956.3,288,0.6,1.6,0,0,0,0,0,0,0,334,100,21,97
WAE,2011,3,27,5,7.6,80.5,8.4,4.5,5.51,6.1,21.5,0,956.2,171,0.6,1.9,6,3,6,4,7,3,3,334,100,21,97
WAE,2011,3,27,6,7.7,82.4,8.7,4.9,5.71,6.3,22.1,0,956,207,0.3,0.7,112,121,83,47,172,79,46,330,88,21,97
WAE,2011,3,27,7,8.9,78,8.9,5.3,5.84,7.1,23.6,0,956.1,9,0.7,2.4,280,352,152,85,428,238,83,320,78,21,97
WAE,2011,3,27,8,9.9,72.5,8.8,5.2,5.78,7.5,24.5,0,956.6,346,1.4,4.3,417,433,192,110,466,380,108,331,81,21,97
WAE,2011,3,27,9,11.1,67.9,9,5.4,5.91,8.2,26,0,956.6,330,1.7,3.8,520,476,230,134,450,484,132,324,80,21,97
WAE,2011,3,27,10,11.5,66.7,9.1,5.5,5.97,8.4,26.6,0,956.5,343,2.2,4.5,155,0,155,92,91,86,88,345,100,21,97
WAE,2011,3,27,11,11.6,67.2,9.2,5.7,6.04,8.6,26.9,0,956.1,342,1.3,3,265,14,255,150,149,155,149,348,100,21,97
WAE,2011,3,27,12,12.3,65.6,9.4,6,6.18,9,28,0,955.4,63,1.4,3.1,459,180,336,189,188,349,279,349,100,21,97
WAE,2011,3,27,13,13.1,62.4,9.4,6.1,6.18,9.4,28.8,0,954.8,69,1.5,3.1,409,179,298,167,166,311,292,349,100,21,97
WAE,2011,3,27,14,13,59.5,8.9,5.3,5.85,9,27.8,0,954.4,85,1.2,2.5,180,5,178,105,104,102,105,348,100,21,97
WAE,2011,3,27,15,13.2,56.8,8.6,4.8,5.66,8.9,27.6,0,954,67,0.9,2.1,149,38,137,80,80,90,116,348,100,21,97
WAE,2011,3,27,16,13.2,55.8,8.5,4.6,5.59,8.8,27.4,0,953.9,34,0.5,2,52,16,50,29,29,30,45,347,100,21,97
WAE,2011,3,27,17,12.7,59.7,8.8,5.1,5.79,8.8,27.4,0,954.1,56,0.4,1.1,8,0,8,5,5,5,5,347,100,21,97
WAE,2011,3,27,18,11.5,67.3,9.1,5.7,5.99,8.5,26.7,0,954.4,307,0.7,2.3,0,0,0,0,0,0,0,346,100,21,97
WAE,2011,3,27,19,10.9,75.1,9.8,6.7,6.45,8.7,27.2,0,954.8,288,2.2,4.5,0,0,0,0,0,0,0,345,100,21,97
WAE,2011,3,27,20,10.2,76.6,9.6,6.3,6.32,8.2,26.2,0,954.7,275,2.2,4.3,0,0,0,0,0,0,0,326,88,21,97
WAE,2011,3,27,21,9.3,78.4,9.2,5.7,6.05,7.5,24.6,0,954.7,245,1.7,2.6,0,0,0,0,0,0,0,304,71,21,97
WAE,2011,3,27,22,8.7,79.6,9,5.4,5.92,7.1,23.6,0,954.8,259,1.5,2.5,0,0,0,0,0,0,0,299,70,21,97
WAE,2011,3,27,23,8.4,82.3,9.1,5.6,5.98,7,23.5,0,954.9,263,1.6,2.8,0,0,0,0,0,0,0,304,78,21,97
WAE,2011,3,28,0,8.1,83.5,9,5.5,5.92,6.8,23,0,954.7,266,1.4,2.3,0,0,0,0,0,0,0,304,63,20,97
WAE,2011,3,28,1,8,84.4,9.1,5.5,5.99,6.8,23.1,0,954.6,228,1.5,2.9,0,0,0,0,0,0,0,331,94,20,97
WAE,2011,3,28,2,7.9,86.5,9.2,5.8,6.05,6.8,23.2,0,954.4,233,0.5,1.3,0,0,0,0,0,0,0,337,100,20,97
WAE,2011,3,28,3,8.1,86.4,9.3,6,6.12,7,23.5,0,954.4,149,0.7,1.9,0,0,0,0,0,0,0,337,100,20,97
WAE,2011,3,28,4,7.8,89.6,9.5,6.2,6.25,7,23.6,0,954.6,104,0.4,1.1,0,0,0,0,0,0,0,337,100,20,97
WAE,2011,3,28,5,8.1,86.7,9.4,6,6.18,7,23.7,0,955,198,0.7,1.4,14,8,13,8,16,7,7,336,100,20,97
WAE,2011,3,28,6,8.1,90.1,9.7,6.6,6.38,7.3,24.2,0,955.4,342,0.4,0.9,50,0,50,30,30,28,29,337,100,20,97
WAE,2011,3,28,7,8.5,89.3,9.9,6.8,6.51,7.6,24.9,0,955.8,288,0.3,0.9,51,0,51,30,30,28,29,339,100,20,97
WAE,2011,3,28,8,8.7,89,10.1,7,6.64,7.8,25.4,0,956.2,288,0.3,0.9,72,0,72,42,42,40,41,342,100,20,97
WAE,2011,3,28,9,9,89.8,10.3,7.4,6.77,8.2,26.1,0.1,956.6,288,0.3,0.8,37,0,37,22,22,21,21,344,100,20,97
WAE,2011,3,28,10,9.1,90.8,10.5,7.7,6.9,8.4,26.5,1,956.9,27,0.2,0.7,60,0,60,35,35,33,34,346,100,20,97
WAE,2011,3,28,11,10,89.4,10.9,8.3,7.17,9.1,28.1,0.1,956.8,59,0.6,1.5,52,0,52,30,30,29,29,348,100,20,97
WAE,2011,3,28,12,9.2,91.1,10.6,7.8,6.97,8.5,26.8,1,957.1,78,1.4,3,50,0,50,29,29,27,28,349,100,20,97
WAE,2011,3,28,13,10.4,85.1,10.7,8,7.04,9.1,28.2,0,956.6,145,1.2,3.5,375,126,295,168,167,266,255,349,81,20,97
WAE,2011,3,28,14,10.7,83.4,10.8,8,7.1,9.3,28.7,0,956.6,78,1.5,2.9,512,787,113,75,76,519,710,320,43,20,97
WAE,2011,3,28,15,11.3,72.8,9.8,6.6,6.44,8.8,27.6,0,956.6,84,1,2.7,292,409,134,77,77,253,465,316,71,20,97
WAE,2011,3,28,16,10.7,75.7,9.8,6.6,6.44,8.6,27,0,956.8,18,0.3,1,67,31,60,35,35,41,66,346,100,20,97
WAE,2011,3,28,17,10.8,75.6,9.8,6.7,6.43,8.7,27.1,0,957.3,276,1,2.7,3,0,3,2,2,2,2,346,100,20,97
WAE,2011,3,28,18,10.2,79.2,9.8,6.8,6.43,8.4,26.4,0,957.9,275,1.4,3.8,0,0,0,0,0,0,0,344,100,20,97
WAE,2011,3,28,19,9.8,82.3,10,6.9,6.56,8.3,26.4,0,958.5,225,1.1,2.8,0,0,0,0,0,0,0,342,100,20,97
WAE,2011,3,28,20,9.6,81.4,9.7,6.6,6.36,8.1,25.7,0,958.8,152,2.3,4.6,0,0,0,0,0,0,0,339,100,20,97
WAE,2011,3,28,21,9,84.1,9.7,6.5,6.36,7.7,25,0,958.7,157,1.2,3.7,0,0,0,0,0,0,0,315,71,20,97
WAE,2011,3,28,22,8,86.1,9.2,5.8,6.03,6.9,23.2,0,958.9,207,0.6,1.7,0,0,0,0,0,0,0,303,75,20,97
WAE,2011,3,28,23,7.7,87.7,9.3,5.8,6.09,6.8,23,0,958.9,198,0.6,1.3,0,0,0,0,0,0,0,315,81,20,97
WAE,2011,3,29,0,7,88.4,8.9,5.2,5.83,6.1,21.7,0,958.8,216,1,2,0,0,0,0,0,0,0,296,23,19,97
WAE,2011,3,29,1,6.2,89.8,8.5,4.7,5.56,5.5,20.2,0,958.7,270,0.4,1.3,0,0,0,0,0,0,0,283,0,19,97
WAE,2011,3,29,2,5.9,87.9,8.1,4.1,5.3,5,19.2,0,958.6,153,0.7,2.8,0,0,0,0,0,0,0,281,0,19,97
WAE,2011,3,29,3,5.2,89.3,7.9,3.6,5.17,4.5,18.2,0,958.6,281,0.7,1.5,0,0,0,0,0,0,0,278,0,19,97
WAE,2011,3,29,4,5,89.7,7.8,3.5,5.1,4.3,17.8,0,958.6,221,1.3,3.6,0,0,0,0,0,0,0,276,0,19,97
WAE,2011,3,29,5,4.8,90.5,7.8,3.4,5.1,4.2,17.6,0,959,326,0.5,1.6,30,115,18,11,128,16,10,274,0,19,97
WAE,2011,3,29,6,5.7,89.8,8.2,4.2,5.36,5,19.2,0,959.3,135,0.9,2,192,542,67,37,585,157,37,275,0,19,97
WAE,2011,3,29,7,6.6,90.4,8.8,5.1,5.76,5.9,21.1,0,959.4,37,0.5,1.3,377,740,88,55,738,360,56,266,13,19,97
WAE,2011,3,29,8,7.9,83.9,9,5.4,5.89,6.7,22.7,0,959.5,54,0.8,1.6,547,866,91,68,732,556,70,249,6,19,97
WAE,2011,3,29,9,9.2,77,9,5.4,5.89,7.3,24.1,0,959.3,54,0.9,2.1,669,901,100,80,590,696,83,251,0,19,97
WAE,2011,3,29,10,10.9,69.4,9.1,5.5,5.96,8.2,26,0,958.9,45,0.7,2.1,735,865,132,93,396,768,96,253,0,19,97
WAE,2011,3,29,11,12.4,62.3,9,5.4,5.9,8.8,27.3,0,958.6,41,0.9,1.9,766,896,123,93,161,806,175,256,0,19,97
WAE,2011,3,29,12,13.7,57.1,9,5.4,5.9,9.4,28.7,0,958.2,20,1.2,2.9,757,943,103,87,88,797,425,257,0,19,97
WAE,2011,3,29,13,15.5,47.9,8.5,4.5,5.57,9.8,29.7,0,957.6,360,1.5,3.8,648,852,116,83,83,668,595,272,0,19,97
WAE,2011,3,29,14,16,41.5,7.6,2.9,4.98,9.4,28.7,0,957.2,356,1.4,4.5,515,787,110,71,71,513,703,257,0,19,97
WAE,2011,3,29,15,15.8,37.9,6.8,1.5,4.45,8.8,27.1,0,956.8,315,1.4,3.3,354,712,88,53,54,332,722,256,0,19,97
WAE,2011,3,29,16,15.6,39.2,6.9,1.8,4.52,8.8,27.1,0,956.7,354,1,2.2,178,552,59,33,33,141,592,256,0,19,97
WAE,2011,3,29,17,14.2,44.9,7.2,2.4,4.72,8.4,26.2,0,956.8,252,0.7,1.4,12,0,12,8,8,8,8,255,0,19,97
WAE,2011,3,29,18,11.6,54.8,7.5,2.8,4.91,7.3,24,0,957.3,221,1.9,3.1,0,0,0,0,0,0,0,255,0,19,97
WAE,2011,3,29,19,10,61.2,7.5,2.9,4.91,6.6,22.4,0,957.6,214,1.5,3,0,0,0,0,0,0,0,255,13,19,97
WAE,2011,3,29,20,9.6,63.1,7.5,2.9,4.91,6.4,22,0,957.7,221,0.9,2.3,0,0,0,0,0,0,0,286,60,19,97
WAE,2011,3,29,21,9.8,64.6,7.8,3.5,5.11,6.8,22.7,0,958,270,0.5,1.7,0,0,0,0,0,0,0,322,100,19,97
WAE,2011,3,29,22,8.9,70.2,8,3.8,5.24,6.4,22.1,0,958.1,239,0.7,2,0,0,0,0,0,0,0,290,80,19,97
WAE,2011,3,29,23,8.7,70.8,8,3.7,5.24,6.3,21.9,0,958,185,1.2,2.9,0,0,0,0,0,0,0,282,88,19,97
WAE,2011,3,30,0,8.1,72.7,7.9,3.5,5.17,5.9,21.1,0,958,194,0.8,2.3,0,0,0,0,0,0,0,277,34,19,97
WAE,2011,3,30,1,7.8,74.8,7.9,3.6,5.17,5.8,20.8,0,958.1,243,1.2,2.3,0,0,0,0,0,0,0,308,88,19,97
WAE,2011,3,30,2,8.3,73.4,8.1,3.8,5.3,6.1,21.7,0,958.4,284,0.9,2.1,0,0,0,0,0,0,0,318,81,19,97
WAE,2011,3,30,3,8,74.4,8,3.7,5.23,5.9,21.2,0,958.9,235,1.5,4.5,0,0,0,0,0,0,0,298,68,19,97
WAE,2011,3,30,4,7.2,82.1,8.3,4.4,5.43,5.9,20.9,0,959.4,108,0.7,2.1,0,0,0,0,0,0,0,321,94,19,97
WAE,2011,3,30,5,7.4,83.7,8.6,4.8,5.62,6.1,21.6,0,960.1,130,0.9,2.6,5,0,5,3,3,3,3,333,100,19,97
WAE,2011,3,30,6,8.2,81.8,8.9,5.3,5.81,6.8,22.9,0,960.9,180,0.4,3.8,34,0,34,20,20,19,19,334,100,19,97
WAE,2011,3,30,7,9.1,80.6,9.3,5.9,6.08,7.5,24.4,0,961.2,281,1.1,4.7,206,70,178,101,170,129,97,337,100,19,97
WAE,2011,3,30,8,10.1,70.7,8.8,5,5.74,7.5,24.6,0,961.8,250,3.3,6.6,130,1,129,75,75,71,72,340,100,19,97
WAE,2011,3,30,9,10.1,71.7,8.8,5.2,5.74,7.6,24.6,0,962.2,261,3.3,6.9,125,0,125,72,72,68,69,343,100,19,97
WAE,2011,3,30,10,10.6,69.2,8.9,5.2,5.81,7.9,25.3,0,962.3,260,3,6.7,160,0,160,93,92,87,89,346,100,19,97
WAE,2011,3,30,11,11.4,64.5,8.7,5,5.68,8.2,25.8,0,962.1,255,3.5,7.1,254,9,247,143,142,143,140,349,100,19,97
WAE,2011,3,30,12,12.5,60.1,8.7,5,5.68,8.7,26.9,0,961.8,281,2.4,5.8,226,20,212,122,121,133,127,350,94,19,97
WAE,2011,3,30,13,12.2,63.1,9,5.4,5.88,8.7,27.1,0,961.7,9,1.4,5.2,237,41,210,119,118,148,143,350,94,19,97
WAE,2011,3,30,14,12.6,57.2,8.3,4.4,5.42,8.5,26.3,0,961.1,217,2.6,6.9,299,379,115,68,68,263,388,339,75,19,97
WAE,2011,3,30,15,13.6,53.5,8.3,4.3,5.42,8.9,27.4,0,961,225,1,4.2,356,726,81,51,51,327,728,320,25,19,97
WAE,2011,3,30,16,13,54.6,8.2,4.1,5.35,8.5,26.6,0,961.3,283,1.3,3.3,167,446,61,34,34,129,485,324,50,19,97
WAE,2011,3,30,17,12.3,58.5,8.4,4.4,5.48,8.3,26.2,0,961.9,255,1.9,3.3,13,0,13,8,8,7,8,342,88,19,97
WAE,2011,3,30,18,11.3,65.5,8.8,5.1,5.74,8.2,25.8,0,962.2,234,3.5,6.5,0,0,0,0,0,0,0,320,84,19,97
WAE,2011,3,30,19,10.2,70.9,8.8,5.2,5.74,7.7,24.7,0,962.8,237,4.4,6.1,0,0,0,0,0,0,0,339,81,19,97
WAE,2011,3,30,20,9.6,71.4,8.5,4.7,5.54,7.2,23.6,0,963.1,228,4.1,5.1,0,0,0,0,0,0,0,342,100,19,97
WAE,2011,3,30,21,10.3,67.5,8.4,4.6,5.47,7.5,24.1,0,963.1,236,2.3,3.9,0,0,0,0,0,0,0,340,100,19,97
WAE,2011,3,30,22,9.6,71.7,8.6,4.7,5.6,7.2,23.8,0,963.4,158,0.7,2.3,0,0,0,0,0,0,0,334,100,19,97
WAE,2011,3,30,23,9.1,74.9,8.7,4.9,5.67,7,23.4,0,963.5,262,0.7,1.9,0,0,0,0,0,0,0,323,78,19,97
WAE,2011,3,31,0,8.6,76.1,8.5,4.6,5.53,6.6,22.6,0,963.7,247,1.3,2.4,0,0,0,0,0,0,0,324,81,18,97
WAE,2011,3,31,1,8.7,76.6,8.6,4.8,5.6,6.8,22.8,0,963.8,236,2.3,5,0,0,0,0,0,0,0,327,100,18,97
WAE,2011,3,31,2,9,80.4,9.2,5.8,5.99,7.4,24.1,0.1,964.2,247,2.2,4,0,0,0,0,0,0,0,335,100,18,97
WAE,2011,3,31,3,8.8,83.3,9.4,6.1,6.12,7.4,24.2,0.1,964.3,221,1.9,3.4,0,0,0,0,0,0,0,335,100,18,97
WAE,2011,3,31,4,8.3,88.2,9.6,6.5,6.25,7.4,24.1,0,964.3,139,1.2,2.6,0,0,0,0,0,0,0,335,100,18,97
WAE,2011,3,31,5,7.8,90.7,9.6,6.4,6.25,7.1,23.6,0,964.7,120,0.8,2,43,176,25,18,195,20,13,317,68,18,97
WAE,2011,3,31,6,8.5,86,9.5,6.3,6.19,7.4,24.1,0,964.8,135,0.6,1.6,144,179,103,57,242,94,55,317,81,18,97
WAE,2011,3,31,7,9.5,82.9,9.8,6.7,6.38,8.1,25.6,0,964.9,85,1.1,3.1,315,387,156,82,457,261,81,332,81,18,97
WAE,2011,3,31,8,11,71.1,9.3,6,6.05,8.4,26.3,0,965,102,1.4,3.1,467,505,193,101,524,420,100,336,81,18,97
WAE,2011,3,31,9,12.3,62.2,8.9,5.3,5.79,8.7,27,0,964.7,87,2,3.8,574,532,232,119,473,531,118,344,88,18,97
WAE,2011,3,31,10,13.3,56.9,8.7,4.9,5.66,9,27.7,0,964.5,72,2,3.2,619,497,269,140,369,565,139,339,88,18,97
WAE,2011,3,31,11,14.2,55.1,8.9,5.3,5.79,9.6,28.9,0,964.4,76,1.7,2.8,386,88,322,181,209,255,175,355,100,18,97
WAE,2011,3,31,12,14.9,58,9.8,6.7,6.38,10.5,31.1,0,965.2,287,2.7,7.1,175,0,175,101,100,95,97,358,100,18,97
WAE,2011,3,31,13,12.8,76.1,11.2,8.7,7.3,10.5,31.3,0.7,965.7,280,3,6.6,129,0,129,75,74,70,71,357,100,18,97
WAE,2011,3,31,14,11.8,85.1,11.8,9.4,7.69,10.5,31.3,1.6,965.9,259,2.3,6.3,69,0,69,40,39,37,38,357,100,18,97
WAE,2011,3,31,15,11.8,86.7,12,9.7,7.82,10.6,31.6,0.8,965.9,243,1.2,4.5,43,0,43,25,25,24,24,356,100,18,97
WAE,2011,3,31,16,11.5,88,12,9.6,7.79,10.5,31.2,0.2,966.5,315,1.2,4.7,24,0,24,14,14,13,13,355,100,18,97
WAE,2011,3,31,17,11.3,88.7,11.9,9.5,7.73,10.3,30.9,0,966.9,200,1.4,4.5,3,0,3,2,2,1,1,355,100,18,97
WAE,2011,3,31,18,11.2,88.2,11.7,9.3,7.62,10.2,30.4,0,967.4,160,1.2,4.1,0,0,0,0,0,0,0,355,100,18,97
WAE,2011,3,31,19,11.1,87.3,11.5,9.1,7.5,10,30.1,0,968,225,1,2.2,0,0,0,0,0,0,0,354,100,18,97
WAE,2011,3,31,20,10.9,85.4,11.1,8.5,7.25,9.6,29.2,0,967.4,224,3.1,5.2,0,0,0,0,0,0,0,354,100,18,97
WAE,2011,3,31,21,10.1,83.8,10.5,7.5,6.84,8.7,27.4,0,965.8,237,2.1,4.3,0,0,0,0,0,0,0,353,100,18,97
WAE,2011,3,31,22,9.4,82.3,9.9,6.5,6.47,7.9,25.7,0,964.3,243,2,4.8,0,0,0,0,0,0,0,345,88,18,97
WAE,2011,3,31,23,8.3,81.1,9.1,5.2,5.95,6.8,23.3,0,961.8,238,2.9,6.5,0,0,0,0,0,0,0,319,84,18,97
WAE,2010,4,1,0,7,81,8.3,3.9,5.45,5.5,20.7,0,959.4,265,2.1,4.8,0,0,0,0,0,0,0,304,84,19,97
WAE,2010,4,1,1,5.5,81.8,7.6,2.6,4.96,4.2,18,0,957.1,207,0.8,2.3,0,0,0,0,0,0,0,310,100,19,97
WAE,2010,4,1,2,4.4,83.4,7.1,1.8,4.65,3.2,16.1,0,955.9,302,1,4.2,0,0,0,0,0,0,0,309,100,19,97
WAE,2010,4,1,3,3.2,85.5,6.6,0.9,4.32,2.2,14,1.5,954.8,291,3.5,6.8,0,0,0,0,0,0,0,308,100,19,97
WAE,2010,4,1,4,2.2,88.5,6.3,0.5,4.16,1.5,12.7,3,954.7,253,3,6.2,0,0,0,0,0,0,0,306,100,19,97
WAE,2010,4,1,5,1.8,90.9,6.3,0.4,4.15,1.2,12.2,1.5,955.6,214,1.6,3.5,2,0,2,1,1,1,1,305,100,19,97
WAE,2010,4,1,6,1.2,93.2,6.2,0.2,4.08,0.8,11.4,1,956.5,104,0.9,1.6,18,0,18,10,10,10,10,304,100,19,97
WAE,2010,4,1,7,1.2,93.5,6.3,0.3,4.1,0.8,11.4,0.8,957,145,1.5,5.4,64,0,64,37,37,35,35,304,100,19,97
WAE,2010,4,1,8,1.3,93.2,6.3,0.3,4.12,0.9,11.6,0.7,957.4,135,1.6,3.6,65,0,65,38,38,35,36,305,100,19,97
WAE,2010,4,1,9,1.3,93.2,6.3,0.3,4.12,0.9,11.6,0.5,958.1,135,1,2.7,84,0,84,49,48,46,47,305,100,19,97
WAE,2010,4,1,10,2.2,92.6,6.6,1.1,4.31,1.7,13,0,958.8,87,1.8,5,102,0,102,59,59,56,57,306,100,19,97
WAE,2010,4,1,11,2.6,90.3,6.7,1.2,4.37,2,13.6,0,959.3,90,1.3,3.9,101,0,101,59,58,55,56,306,100,19,97
WAE,2010,4,1,12,3.1,87.9,6.7,1.3,4.37,2.3,14.1,0,959.7,94,1.6,3.2,136,0,136,79,79,74,76,306,100,19,97
WAE,2010,4,1,13,3.9,83.9,6.8,1.4,4.44,2.8,15,0,959.5,82,2.2,4.6,263,24,248,143,142,154,155,304,100,19,97
WAE,2010,4,1,14,4.6,76.4,6.5,0.8,4.24,3,15.3,0,959.2,90,3.2,5.2,320,170,235,131,130,226,283,298,94,19,97
WAE,2010,4,1,15,5.4,69.4,6.2,0.3,4.05,3.2,15.6,0,959.4,88,3.3,5.8,323,545,123,70,70,265,595,287,65,19,97
WAE,2010,4,1,16,5.1,65.3,5.7,-0.9,3.72,2.6,14.4,0,959.8,108,1.6,5.5,85,88,70,40,40,49,129,286,78,19,97
WAE,2010,4,1,17,3.6,82,6.5,0.8,4.24,2.4,14.2,0,960.6,350,2.7,7.6,23,49,18,10,10,12,60,275,53,19,97
WAE,2010,4,1,18,2.3,88,6.4,0.5,4.17,1.6,12.7,0,960.8,160,1.3,2.9,0,0,0,0,0,0,0,277,61,19,97
WAE,2010,4,1,19,2.5,86.8,6.3,0.5,4.1,1.7,12.8,0,961.5,298,1.5,4.3,0,0,0,0,0,0,0,280,100,19,97
WAE,2010,4,1,20,2.5,87.3,6.4,0.6,4.17,1.7,12.9,0,961.7,270,1.7,5.5,0,0,0,0,0,0,0,279,78,19,97
WAE,2010,4,1,21,2.4,87.8,6.4,0.6,4.17,1.6,12.8,0,961.7,107,1.5,2.9,0,0,0,0,0,0,0,276,100,19,97
WAE,2010,4,1,22,2.2,89,6.3,0.6,4.1,1.5,12.5,0,961.9,225,0.5,1.2,0,0,0,0,0,0,0,271,81,19,97
WAE,2010,4,1,23,2.1,88.8,6.3,0.4,4.1,1.4,12.4,0,961.9,191,0.6,1.7,0,0,0,0,0,0,0,260,13,19,97
WAE,2010,4,2,0,1.7,88,6.1,-0.1,3.97,1,11.6,0,961.3,152,1.5,3.2,0,0,0,0,0,0,0,256,40,19,97
WAE,2010,4,2,1,0.9,82.8,5.4,-1.7,3.51,-0.1,9.7,0,961.1,148,1.6,3.2,0,0,0,0,0,0,0,251,25,19,97
WAE,2010,4,2,2,0.2,82,5.1,-2.5,3.32,-0.8,8.5,0,960.8,150,1.7,5.1,0,0,0,0,0,0,0,257,43,19,97
WAE,2010,4,2,3,-0.2,81.6,4.9,-3,3.19,-1.2,7.7,0,960.4,144,1.8,4.4,0,0,0,0,0,0,0,264,80,19,97
WAE,2010,4,2,4,0,76.9,4.7,-3.6,3.06,-1.3,7.6,0,960.6,149,2.4,5.4,0,0,0,0,0,0,0,267,100,19,97
WAE,2010,4,2,5,-0.2,76.6,4.6,-3.8,2.99,-1.5,7.3,0,960.7,152,1.9,4.9,22,11,21,13,23,12,12,265,100,19,97
WAE,2010,4,2,6,0.5,75.4,4.8,-3.3,3.12,-0.9,8.3,0,960.5,124,0.6,1.6,95,27,88,51,78,55,49,267,100,19,97
WAE,2010,4,2,7,1.1,75.9,5,-2.7,3.26,-0.3,9.2,0,960.4,121,0.7,2,296,252,192,104,355,219,100,272,100,19,97
WAE,2010,4,2,8,2.1,71.3,5.1,-2.5,3.32,0.3,10.4,0,960.8,37,1,2.2,465,421,235,121,489,394,119,285,88,19,97
WAE,2010,4,2,9,3.3,64.8,5,-2.7,3.25,1,11.5,0,960.5,30,1.4,2.8,601,556,237,128,483,547,127,295,69,19,97
WAE,2010,4,2,10,4.7,60.9,5.2,-2.2,3.39,1.9,13.2,0,960.1,48,1.2,2.9,774,915,118,92,396,777,95,298,39,19,97
WAE,2010,4,2,11,6.8,51.5,5.1,-2.5,3.32,3,15.2,0,959.6,72,1.6,3.3,768,827,159,108,179,759,191,287,51,19,97
WAE,2010,4,2,12,8.1,41.9,4.5,-4.1,2.93,3.2,15.5,0,958.8,80,2.2,4.2,762,903,120,91,91,764,428,270,6,19,97
WAE,2010,4,2,13,9.1,36.5,4.2,-5,2.74,3.5,16,0,958.4,75,2,3.4,676,882,111,82,82,665,615,259,0,19,97
WAE,2010,4,2,14,9.8,36.1,4.4,-4.5,2.87,4,17.1,0,957.7,80,2.2,3.8,536,796,113,72,72,505,716,230,0,19,97
WAE,2010,4,2,15,10,35.7,4.4,-4.5,2.87,4.1,17.3,0,957.3,85,2.2,3.3,373,718,94,56,56,323,735,224,6,19,97
WAE,2010,4,2,16,9.8,34.3,4.2,-5.2,2.74,3.8,16.7,0,957.2,102,1.5,3.5,200,561,70,38,38,140,610,255,45,19,97
WAE,2010,4,2,17,9,37.7,4.3,-4.6,2.81,3.6,16.1,0,956.9,144,1.4,2.7,27,89,16,13,10,9,101,237,29,19,97
WAE,2010,4,2,18,7.5,45.4,4.7,-3.5,3.07,3.1,15.2,0,957,171,2.4,3.9,0,0,0,0,0,0,0,264,51,19,97
WAE,2010,4,2,19,6,54.4,5.1,-2.5,3.33,2.6,14.4,0,957.1,167,3.6,5.8,0,0,0,0,0,0,0,273,54,19,97
WAE,2010,4,2,20,5.2,59,5.2,-2.1,3.4,2.3,13.7,0,957,159,1.8,5.4,0,0,0,0,0,0,0,288,28,19,97
WAE,2010,4,2,21,4.5,62.1,5.2,-2.1,3.4,1.9,13,0,957,120,0.9,3.7,0,0,0,0,0,0,0,306,56,19,97
WAE,2010,4,2,22,4.5,58.6,4.9,-2.9,3.2,1.6,12.5,0,957.3,163,1.1,2.4,0,0,0,0,0,0,0,314,100,19,97
WAE,2010,4,2,23,4.6,57.2,4.9,-3.1,3.2,1.6,12.6,0,958,180,0.7,2.3,0,0,0,0,0,0,0,314,100,19,97
WAE,2010,4,3,0,5.5,57.3,5.2,-2.3,3.4,2.4,14,0,957.8,151,1.2,3.6,0,0,0,0,0,0,0,314,100,19,97
WAE,2010,4,3,1,5.4,60.9,5.5,-1.5,3.59,2.6,14.4,0,957.6,135,1.2,4.6,0,0,0,0,0,0,0,314,94,19,97
WAE,2010,4,3,2,5.5,59.7,5.4,-1.7,3.53,2.6,14.4,0,957.5,231,1,3.3,0,0,0,0,0,0,0,311,94,19,97
WAE,2010,4,3,3,4.2,64.2,5.3,-2,3.46,1.7,12.9,0,957.5,166,0.6,1.9,0,0,0,0,0,0,0,314,88,19,97
WAE,2010,4,3,4,3.9,63.3,5.1,-2.4,3.33,1.4,12.3,0,957.3,167,1,2,0,0,0,0,0,0,0,314,100,19,97
WAE,2010,4,3,5,4.1,64.6,5.3,-2,3.46,1.7,12.8,0,957.1,159,2,3.7,29,21,26,16,37,15,15,309,94,19,97
WAE,2010,4,3,6,5.3,58.5,5.2,-2.2,3.4,2.3,13.8,0,957.5,144,1.4,3.5,184,329,96,52,390,128,51,304,66,19,97
WAE,2010,4,3,7,6.3,55.6,5.3,-1.9,3.46,2.9,15,0,957.2,45,0.4,2.2,395,699,102,60,709,343,61,300,43,19,97
WAE,2010,4,3,8,7.9,45.2,4.8,-3.2,3.14,3.4,15.8,0,956.8,72,1.6,3,565,845,99,71,719,534,73,284,33,19,97
WAE,2010,4,3,9,9.4,39.3,4.7,-3.7,3.07,4,17.2,0,956.1,82,2.1,3.9,653,740,168,99,556,623,100,300,63,19,97
WAE,2010,4,3,10,11.1,35.3,4.7,-3.7,3.07,4.9,18.9,0,955.7,74,1.6,3.5,674,586,252,133,394,624,133,321,78,19,97
WAE,2010,4,3,11,12.5,34.5,5,-2.7,3.27,5.9,20.8,0,954.9,68,1.1,2.9,534,212,377,204,246,400,232,335,100,19,97
WAE,2010,4,3,12,12.6,34.9,5.1,-2.5,3.34,6,21.1,0,954.3,27,1.2,2.8,483,178,355,194,193,351,282,337,100,19,97
WAE,2010,4,3,13,14.5,30.1,5,-2.8,3.28,6.8,22.9,0,953.7,205,1.9,6.5,350,63,309,177,176,217,218,336,100,19,97
WAE,2010,4,3,14,14.5,28.4,4.7,-3.6,3.08,6.6,22.4,0,953.2,196,3.7,9.3,357,193,257,141,140,255,317,326,100,19,97
WAE,2010,4,3,15,14.4,28.3,4.6,-3.7,3.02,6.5,22.1,0,953.3,226,4.9,11.4,247,155,184,102,101,168,255,331,100,19,97
WAE,2010,4,3,16,13.4,36.4,5.6,-1.2,3.67,6.8,22.7,0,953.5,246,4.5,9.6,92,25,85,49,49,52,73,335,100,19,97
WAE,2010,4,3,17,12.4,42,6.1,-0.1,4,6.7,22.6,0,953.6,243,3,6,16,11,15,9,8,8,20,335,100,19,97
WAE,2010,4,3,18,11.4,36.3,4.9,-3,3.21,5.3,19.6,0,953.3,227,1.9,5.4,0,0,0,0,0,0,0,334,100,19,97
WAE,2010,4,3,19,10.9,38.8,5,-2.6,3.28,5.1,19.2,0,952.6,133,1.8,3.9,0,0,0,0,0,0,0,334,100,19,97
WAE,2010,4,3,20,9.9,45.3,5.5,-1.4,3.61,5,19,0,952.8,210,1.5,3.6,0,0,0,0,0,0,0,333,100,19,97
WAE,2010,4,3,21,10,49.1,6,-0.2,3.94,5.5,20,0,953.6,272,2.6,8.5,0,0,0,0,0,0,0,332,94,19,97
WAE,2010,4,3,22,8.4,67.5,7.4,2.7,4.86,5.7,20.7,0,954.9,288,2.5,6.1,0,0,0,0,0,0,0,331,100,19,97
WAE,2010,4,3,23,7.3,75.6,7.7,3.3,5.05,5.4,20,0,956,298,2,5,0,0,0,0,0,0,0,330,100,19,97
WAE,2010,4,4,0,6.9,79.5,7.9,3.6,5.18,5.3,19.9,0,956.9,302,1.6,3.1,0,0,0,0,0,0,0,330,100,19,97
WAE,2010,4,4,1,6.1,85.2,8,3.8,5.24,5,19.3,1.7,957.7,268,3.1,9.7,0,0,0,0,0,0,0,329,100,19,97
WAE,2010,4,4,2,4.6,86.7,7.4,2.6,4.85,3.7,16.8,3.2,957.4,248,3.4,10.7,0,0,0,0,0,0,0,326,100,19,97
WAE,2010,4,4,3,4.6,90,7.6,3.1,4.98,3.9,17.1,0.3,957.3,124,1.2,3.3,0,0,0,0,0,0,0,326,100,19,97
WAE,2010,4,4,4,4.8,90.5,7.8,3.4,5.11,4.2,17.6,0.3,957.3,128,1.2,4,0,0,0,0,0,0,0,328,100,19,97
WAE,2010,4,4,5,4.9,92,8,3.7,5.24,4.3,18.1,0.5,957.6,132,1.2,2.3,11,0,11,6,7,6,6,327,100,19,97
WAE,2010,4,4,6,5.1,91.5,8,3.8,5.24,4.5,18.3,1.1,957.9,121,0.7,2.5,57,1,57,33,34,31,32,328,100,19,97
WAE,2010,4,4,7,5.4,89.5,8,3.8,5.24,4.7,18.6,0,957.7,99,1.9,5.2,122,1,121,71,72,67,68,329,100,19,97
WAE,2010,4,4,8,6.2,85,8,3.9,5.24,5.1,19.4,0,957.7,79,0.9,3.4,198,18,188,109,125,114,105,331,100,19,97
WAE,2010,4,4,9,6.5,84.7,8.2,4.1,5.37,5.4,20,0,958.2,107,1.1,3.1,259,9,253,148,152,146,141,332,100,19,97
WAE,2010,4,4,10,7.6,80.2,8.4,4.4,5.5,6.1,21.5,0,958.2,69,1.2,2.9,430,95,361,204,254,281,196,334,100,19,97
WAE,2010,4,4,11,8.7,71.6,8,3.9,5.24,6.4,21.9,0,958.4,276,2.4,8.1,388,64,340,194,197,244,203,335,100,19,97
WAE,2010,4,4,12,9.8,64.7,7.8,3.5,5.1,6.8,22.7,0,958.4,263,2.6,5.6,288,18,275,160,159,166,164,336,100,19,97
WAE,2010,4,4,13,10.2,60.7,7.5,3,4.9,6.7,22.6,0,958.6,249,2.8,7.2,176,0,176,103,102,96,98,334,100,19,97
WAE,2010,4,4,14,10.4,57,7.2,2.3,4.71,6.6,22.3,0,958.6,250,2.7,6.5,207,14,200,116,116,117,125,333,100,19,97
WAE,2010,4,4,15,10.5,54.1,6.9,1.6,4.51,6.3,21.9,0,959,276,3.8,9.3,95,4,93,54,54,53,56,332,100,19,97
WAE,2010,4,4,16,9.9,54.1,6.6,1.1,4.31,5.9,20.8,0,959.7,267,2,6.1,17,0,17,10,10,9,9,330,100,19,97
WAE,2010,4,4,17,8.5,62.9,7,1.8,4.57,5.4,20,0,960.5,262,3.3,9.5,2,0,2,1,1,1,1,329,100,19,97
WAE,2010,4,4,18,7.4,70.2,7.2,2.3,4.69,5.1,19.2,0.4,961.2,242,4.2,7.5,0,0,0,0,0,0,0,328,100,19,97
WAE,2010,4,4,19,7.3,70.1,7.1,2.2,4.62,5,19,0,962.3,232,3.7,7,0,0,0,0,0,0,0,327,100,19,97
WAE,2010,4,4,20,7.3,68.3,7,1.9,4.55,4.8,18.8,0,963.3,241,3.8,6.8,0,0,0,0,0,0,0,326,100,19,97
WAE,2010,4,4,21,7.3,66.1,6.8,1.4,4.42,4.6,18.4,0,963.8,241,4.1,6.6,0,0,0,0,0,0,0,324,100,19,97
WAE,2010,4,4,22,7.1,66.1,6.7,1.2,4.35,4.5,18.1,0,964.2,239,4.3,7.5,0,0,0,0,0,0,0,323,100,19,97
WAE,2010,4,4,23,6.8,64.2,6.4,0.5,4.15,4,17.3,0,964.5,238,4.7,7.6,0,0,0,0,0,0,0,321,100,19,97
WAE,2010,4,5,0,6.6,67.4,6.6,1,4.28,4.1,17.4,0,965.4,258,3.7,8.6,0,0,0,0,0,0,0,317,80,19,97
WAE,2010,4,5,1,5.7,69.8,6.4,0.6,4.15,3.5,16.1,0,966.2,282,3,5.8,0,0,0,0,0,0,0,318,100,19,97
WAE,2010,4,5,2,4.9,77.1,6.7,1.2,4.34,3.3,15.8,0,967,278,2.9,5.5,0,0,0,0,0,0,0,317,100,19,97
WAE,2010,4,5,3,4.3,81.8,6.8,1.5,4.4,3.1,15.4,0.1,967.3,258,2.4,5,0,0,0,0,0,0,0,315,100,19,97
WAE,2010,4,5,4,4.2,84.5,6.9,1.8,4.47,3.1,15.4,0.1,967.7,259,2.1,7.9,0,0,0,0,0,0,0,313,100,19,97
WAE,2010,4,5,5,4.3,81.7,6.8,1.5,4.4,3.1,15.3,0.1,968.6,254,4.3,8.1,14,3,13,8,11,7,7,311,100,19,97
WAE,2010,4,5,6,4.3,80.9,6.7,1.3,4.33,3,15.2,0,969.5,249,4.4,7.9,68,8,66,38,47,38,37,311,100,19,97
WAE,2010,4,5,7,4.2,82.1,6.8,1.4,4.39,3,15.2,0.1,970.4,258,3.4,8,80,0,80,47,46,44,45,314,100,19,97
WAE,2010,4,5,8,4.2,80.4,6.6,1.1,4.26,2.9,14.9,0,971,252,2.9,8.5,228,10,222,130,137,128,124,318,100,19,97
WAE,2010,4,5,9,6,67.8,6.3,0.5,4.06,3.6,16.2,0,971.4,276,2.8,5.8,465,272,277,161,313,357,157,321,94,19,97
WAE,2010,4,5,10,6.3,64.5,6.2,0.1,4,3.6,16.4,0,971.4,320,2,5.9,174,58,133,73,109,122,71,312,94,19,97
WAE,2010,4,5,11,7.2,54.5,5.5,-1.3,3.54,3.6,16.1,0,971.4,237,1.9,4.4,491,281,280,157,161,393,225,319,84,19,97
WAE,2010,4,5,12,8.6,49.7,5.6,-1.3,3.61,4.4,17.7,0,971.2,54,2.4,4.9,309,128,214,119,118,228,171,320,94,19,97
WAE,2010,4,5,13,8.4,48.5,5.3,-1.8,3.41,4.1,17,0,970.9,67,2.1,3.9,449,228,304,166,166,334,340,319,81,19,97
WAE,2010,4,5,14,7.9,47.4,5.1,-2.6,3.28,3.6,16.2,0,970.8,62,1.6,3.4,416,324,245,132,131,320,426,301,75,19,97
WAE,2010,4,5,15,8.4,46,5.1,-2.5,3.29,3.9,16.7,0,970.5,39,0.7,1.6,332,434,153,82,82,259,507,306,75,19,97
WAE,2010,4,5,16,8.6,44.4,4.9,-2.8,3.16,3.9,16.6,0,970.6,58,1.1,1.9,173,339,96,52,51,106,403,302,64,19,97
WAE,2010,4,5,17,8.3,46.2,5.1,-2.6,3.29,3.8,16.6,0,970.6,111,0.9,1.9,26,26,23,15,13,13,40,292,56,19,97
WAE,2010,4,5,18,6.9,52.3,5.2,-2.2,3.35,3.2,15.3,0,970.6,140,1.7,3.2,0,0,0,0,0,0,0,263,35,19,97
WAE,2010,4,5,19,6,55.8,5.2,-2.1,3.35,2.7,14.4,0,970.8,160,2.4,4.5,0,0,0,0,0,0,0,285,0,19,97
WAE,2010,4,5,20,4.6,62.9,5.4,-1.8,3.48,2,13.3,0,970.5,151,1.9,4.2,0,0,0,0,0,0,0,281,0,19,97
WAE,2010,4,5,21,3.9,64.7,5.2,-2.1,3.35,1.5,12.3,0,970.3,148,1.4,3.6,0,0,0,0,0,0,0,282,23,19,97
WAE,2010,4,5,22,3.5,65.6,5.1,-2.3,3.29,1.2,11.7,0,969.8,142,1.9,4.1,0,0,0,0,0,0,0,279,26,19,97
WAE,2010,4,5,23,3,65.9,5,-2.7,3.22,0.8,11.1,0,969.5,151,2.5,4.8,0,0,0,0,0,0,0,282,33,19,97
WAE,2010,4,6,0,2.8,65.6,4.9,-3,3.16,0.6,10.7,0,969.3,141,1.5,4.1,0,0,0,0,0,0,0,277,38,19,97
WAE,2010,4,6,1,2.2,71.8,5.1,-2.4,3.29,0.4,10.4,0,969,292,0.6,1.3,0,0,0,0,0,0,0,259,0,19,97
WAE,2010,4,6,2,1.8,73.3,5.1,-2.5,3.29,0.2,10,0,969.3,257,1.8,2.7,0,0,0,0,0,0,0,259,0,19,97
WAE,2010,4,6,3,1.4,75.5,5.1,-2.4,3.29,0,9.6,0,969.4,207,0.7,1.9,0,0,0,0,0,0,0,258,0,19,97
WAE,2010,4,6,4,1.2,75.7,5,-2.6,3.23,-0.2,9.3,0,969.2,192,1.7,3.5,0,0,0,0,0,0,0,258,0,19,97
WAE,2010,4,6,5,1.7,70.8,4.9,-3,3.16,-0.1,9.6,0,969.2,171,1,2.6,59,186,34,25,210,24,18,260,19,19,97
WAE,2010,4,6,6,2.8,75.2,5.7,-1.1,3.68,1.2,12,0,969,63,0.3,1.4,239,592,74,42,639,160,42,259,0,19,97
WAE,2010,4,6,7,3.9,67.8,5.5,-1.5,3.55,1.7,12.8,0,968.4,63,1.2,3.1,431,794,87,57,783,358,58,265,0,19,97
WAE,2010,4,6,8,5.2,55.8,4.9,-2.9,3.16,2,13.2,0,968,66,1.3,3,596,880,95,71,739,541,74,249,0,19,97
WAE,2010,4,6,9,7.6,50.1,5.2,-2.1,3.36,3.6,16.1,0,967.6,78,2,4,714,898,111,84,591,675,87,231,0,19,97
WAE,2010,4,6,10,9.1,45.4,5.3,-2.1,3.43,4.4,17.8,0,966.8,58,1.4,4.1,794,925,113,91,391,765,95,236,0,19,97
WAE,2010,4,6,11,10.5,45.9,5.8,-0.6,3.76,5.6,20,0,965.8,58,1.3,3.2,827,959,104,91,152,803,178,247,0,19,97
WAE,2010,4,6,12,11.6,45.8,6.3,0.3,4.09,6.4,22,0,965.1,48,1.2,2.8,787,923,116,91,91,757,437,252,0,19,97
WAE,2010,4,6,13,12.8,45.5,6.7,1.3,4.35,7.4,23.9,0,964.3,39,0.7,2.1,684,840,133,87,87,639,613,249,0,19,97
WAE,2010,4,6,14,13.8,45,7.1,2.1,4.62,8.1,25.5,0,963.3,51,0.6,1.6,543,749,134,78,78,481,697,246,0,19,97
WAE,2010,4,6,15,14.6,41.1,6.8,1.5,4.42,8.3,25.9,0,962.8,37,0.5,1.7,383,681,107,60,60,306,713,243,0,19,97
WAE,2010,4,6,16,14.7,39.7,6.6,1.1,4.3,8.2,25.6,0,962.2,56,0.4,1.1,213,591,69,38,38,130,640,241,0,19,97
WAE,2010,4,6,17,14.1,44.1,7.1,2.1,4.63,8.3,25.9,0,961.8,360,0.2,0.8,37,101,23,20,14,13,118,245,0,19,97
WAE,2010,4,6,18,12,51.9,7.3,2.4,4.76,7.4,24.1,0,961.8,219,0.7,1.9,0,0,0,0,0,0,0,236,0,19,97
WAE,2010,4,6,19,10.2,58.3,7.2,2.4,4.69,6.5,22.1,0,961.9,210,1,2.6,0,0,0,0,0,0,0,234,0,19,97
WAE,2010,4,6,20,9.9,60.5,7.3,2.6,4.76,6.4,21.9,0,961.9,167,3.7,5.7,0,0,0,0,0,0,0,232,0,19,97
WAE,2010,4,6,21,8.8,63.5,7.2,2.3,4.69,5.8,20.6,0,961.8,166,1.4,5.1,0,0,0,0,0,0,0,230,0,19,97
WAE,2010,4,6,22,8,65.4,7,1.9,4.56,5.2,19.5,0,962.1,209,1.5,3.7,0,0,0,0,0,0,0,228,0,19,97
WAE,2010,4,6,23,6.9,69.6,6.9,1.7,4.49,4.6,18.2,0,962,214,0.4,1.8,0,0,0,0,0,0,0,253,0,19,97
WAE,2010,4,7,0,6.2,71.6,6.8,1.5,4.43,4.1,17.3,0,961.9,360,0.4,1.6,0,0,0,0,0,0,0,260,0,17,97
WAE,2010,4,7,1,5.5,74.4,6.7,1.3,4.36,3.7,16.5,0,961.7,278,1,2.4,0,0,0,0,0,0,0,260,0,17,97
WAE,2010,4,7,2,5.3,72.6,6.5,0.8,4.23,3.3,15.9,0,961.6,264,0.9,1.8,0,0,0,0,0,0,0,259,0,17,97
WAE,2010,4,7,3,4.7,72.1,6.1,0.1,3.97,2.8,14.7,0,962,252,1,1.7,0,0,0,0,0,0,0,259,0,17,97
WAE,2010,4,7,4,4.2,75,6.2,0.2,4.03,2.5,14.3,0,962.3,225,0.4,1.1,0,0,0,0,0,0,0,258,0,17,97
WAE,2010,4,7,5,4.6,73.6,6.2,0.3,4.03,2.8,14.7,0,962.3,146,0.5,1.5,64,179,39,29,206,25,20,265,23,17,97
WAE,2010,4,7,6,5.5,80.1,7.2,2.3,4.69,4.1,17.3,0,962.6,56,0.5,1.4,248,602,77,40,648,160,41,266,20,17,97
WAE,2010,4,7,7,7,77,7.7,3.3,5.02,5.3,19.6,0,962.5,346,0.4,1.5,441,809,86,52,791,355,54,239,0,17,97
WAE,2010,4,7,8,8.8,64.6,7.3,2.5,4.75,5.9,20.8,0,962.7,45,0.9,2.3,597,864,101,66,724,528,68,233,0,17,97
WAE,2010,4,7,9,10.6,55.5,7.1,2.1,4.62,6.6,22.3,0,962.4,50,0.8,2.2,742,937,107,77,600,687,80,237,0,17,97
WAE,2010,4,7,10,12.5,51.1,7.4,2.7,4.82,7.7,24.7,0,961.8,66,1,2.3,812,960,102,81,382,768,85,246,0,17,97
WAE,2010,4,7,11,14.9,44,7.5,2.8,4.89,8.9,27.3,0,961.2,41,1.1,2.2,832,961,103,83,143,790,170,259,0,17,97
WAE,2010,4,7,12,16.3,40.8,7.5,3,4.89,9.6,28.8,0,960.7,37,1,2.3,791,940,103,80,81,744,425,278,20,17,97
WAE,2010,4,7,13,17.6,38.2,7.7,3.2,5.03,10.2,30.4,0,960.3,34,0.9,2.2,659,742,171,91,91,593,577,308,48,17,97
WAE,2010,4,7,14,18.6,34.1,7.3,2.5,4.77,10.4,30.8,0,959.9,8,0.8,2.4,531,690,150,78,78,454,655,303,48,17,97
WAE,2010,4,7,15,19.5,36.8,8.3,4.4,5.43,11.5,33.4,0,959.7,264,2.2,6.5,386,709,98,54,54,299,728,293,35,17,97
WAE,2010,4,7,16,18.9,39,8.5,4.7,5.56,11.3,33.1,0,959.6,240,2.8,5.2,210,566,69,36,36,121,612,275,19,17,97
WAE,2010,4,7,17,17.1,43.2,8.4,4.5,5.49,10.5,31.1,0,959.9,233,3.8,5.2,40,99,27,22,15,15,117,280,29,17,97
WAE,2010,4,7,18,14.7,50.8,8.5,4.6,5.55,9.5,28.8,0,960.4,234,3.5,5.4,0,0,0,0,0,0,0,314,54,17,97
WAE,2010,4,7,19,13.9,43.5,6.9,1.7,4.5,8,25.3,0,961.4,280,3.5,9,0,0,0,0,0,0,0,347,100,17,97
WAE,2010,4,7,20,12.3,44.3,6.3,0.5,4.1,6.8,22.7,0,962.1,229,4.3,5.9,0,0,0,0,0,0,0,329,94,17,97
WAE,2010,4,7,21,11.8,45.1,6.2,0.3,4.03,6.5,22,0,962.4,234,3.9,6,0,0,0,0,0,0,0,343,100,17,97
WAE,2010,4,7,22,11,48.2,6.3,0.5,4.1,6.2,21.4,0,962.6,238,2.8,5.4,0,0,0,0,0,0,0,340,100,17,97
WAE,2010,4,7,23,10.8,50.4,6.5,0.9,4.23,6.2,21.5,0,962.9,243,3.9,5.7,0,0,0,0,0,0,0,338,100,17,97
WAE,2010,4,8,0,10.6,53,6.7,1.4,4.36,6.3,21.6,0,962.7,252,3.9,5.3,0,0,0,0,0,0,0,336,100,16,97
WAE,2010,4,8,1,10.3,54.6,6.8,1.6,4.42,6.3,21.5,0,962.9,251,3.6,5,0,0,0,0,0,0,0,335,100,16,97
WAE,2010,4,8,2,9.4,62.4,7.3,2.6,4.75,6.2,21.4,0,963.3,238,3.8,5,0,0,0,0,0,0,0,335,100,16,97
WAE,2010,4,8,3,9.1,66.7,7.7,3.2,5.01,6.3,21.8,0,963.6,241,3.7,5,0,0,0,0,0,0,0,334,100,16,97
WAE,2010,4,8,4,8.4,71,7.8,3.5,5.07,6.1,21.2,0,964,252,3.5,4.4,0,0,0,0,0,0,0,333,100,16,97
WAE,2010,4,8,5,8.6,70.9,7.9,3.6,5.14,6.2,21.6,0,964.5,254,1.9,4,4,0,4,2,2,2,2,333,100,16,97
WAE,2010,4,8,6,9.4,72.9,8.6,4.8,5.59,7.1,23.5,0,965.1,225,0.3,2.1,98,19,91,51,70,53,49,334,100,16,97
WAE,2010,4,8,7,9.7,73.4,8.8,5.2,5.72,7.4,24.2,0,965.4,360,0.5,2.5,196,37,178,99,135,112,95,329,100,16,97
WAE,2010,4,8,8,11.2,67.3,8.9,5.4,5.79,8.2,25.8,0,965.6,24,1,2.6,315,80,270,148,221,190,142,342,100,16,97
WAE,2010,4,8,9,12,64.9,9.1,5.6,5.92,8.7,27,0,965.8,16,1.8,3.5,385,84,327,179,238,238,171,341,94,16,97
WAE,2010,4,8,10,13.4,61.1,9.4,6.1,6.11,9.6,28.9,0,965.8,357,2.3,5,350,29,329,184,198,198,176,350,100,16,97
WAE,2010,4,8,11,14.1,57.4,9.2,5.8,5.98,9.7,29.3,0,965.7,3,2.4,5.1,426,88,358,195,218,267,195,355,100,16,97
WAE,2010,4,8,12,14.4,54.2,8.9,5.3,5.79,9.7,29.1,0,965.7,3,2.1,4.9,403,64,356,197,195,242,223,357,100,16,97
WAE,2010,4,8,13,15.2,52.2,9,5.5,5.85,10.1,30.1,0,965.6,339,2.1,5,349,90,291,158,157,218,226,356,94,16,97
WAE,2010,4,8,14,15.3,50.6,8.8,5.1,5.72,10,29.9,0,965.4,360,1.7,4.4,372,195,263,138,137,254,313,351,88,16,97
WAE,2010,4,8,15,15.1,52,8.9,5.3,5.79,10,29.8,0,965.6,294,1.5,4,237,148,171,91,90,154,236,350,84,16,97
WAE,2010,4,8,16,15.2,52.1,9,5.4,5.85,10.1,30.1,0,965.9,291,0.9,2.5,68,3,67,38,38,36,39,354,100,16,97
WAE,2010,4,8,17,14.4,59.3,9.7,6.6,6.31,10.2,30.4,0,966.6,308,3,6,17,0,17,10,9,9,9,354,100,16,97
WAE,2010,4,8,18,13.6,61.3,9.5,6.3,6.17,9.7,29.3,0,967.3,303,2.8,5.8,0,0,0,0,0,0,0,353,100,16,97
WAE,2010,4,8,19,13.1,62.7,9.4,6.2,6.1,9.5,28.6,0,968,261,2.1,4.2,0,0,0,0,0,0,0,351,100,16,97
WAE,2010,4,8,20,12.9,65.3,9.7,6.6,6.29,9.6,28.9,0,968.3,333,0.7,2.1,0,0,0,0,0,0,0,349,100,16,97
WAE,2010,4,8,21,12.6,69,10.1,7.1,6.56,9.7,29.2,0,968.4,322,1.8,4.4,0,0,0,0,0,0,0,334,100,16,97
WAE,2010,4,8,22,12.6,67.7,9.9,6.8,6.42,9.5,28.9,0,968.7,323,2.2,4.7,0,0,0,0,0,0,0,323,69,16,97
WAE,2010,4,8,23,11.6,70.3,9.6,6.4,6.23,8.9,27.4,0,968.7,330,0.9,3.3,0,0,0,0,0,0,0,276,6,16,97
WAE,2010,4,9,0,10.6,72.5,9.2,5.9,5.96,8.2,25.7,0,968.8,68,1.2,4.4,0,0,0,0,0,0,0,288,0,18,97
WAE,2010,4,9,1,9.3,77.7,9.1,5.6,5.9,7.4,24.2,0,968.7,140,0.8,2.1,0,0,0,0,0,0,0,282,0,18,97
WAE,2010,4,9,2,8.5,81.3,9,5.5,5.83,7,23.2,0,968.7,90,0.4,1.7,0,0,0,0,0,0,0,288,10,18,97
WAE,2010,4,9,3,8,82.4,8.8,5.2,5.7,6.6,22.4,0,969.1,246,1.8,3.2,0,0,0,0,0,0,0,270,0,18,97
WAE,2010,4,9,4,8.2,79.3,8.6,4.8,5.57,6.5,22.2,0,969.4,63,2.3,5.4,0,0,0,0,0,0,0,264,0,18,97
WAE,2010,4,9,5,7.9,80.1,8.5,4.7,5.5,6.3,21.8,0,969.9,32,1.9,4.4,69,184,43,34,213,27,23,262,0,18,97
WAE,2010,4,9,6,8.9,76.6,8.7,5,5.63,7,23.1,0,970.4,297,0.6,2.6,248,573,79,43,622,153,43,271,0,18,97
WAE,2010,4,9,7,9.9,72.2,8.8,5.1,5.69,7.5,24.3,0,970.6,350,1.3,3.3,430,751,94,57,747,337,59,264,6,18,97
WAE,2010,4,9,8,10.8,68.2,8.8,5.2,5.69,8,25.2,0,970.9,11,1.5,3.5,527,581,193,101,587,435,101,295,60,18,97
WAE,2010,4,9,9,11.7,66.4,9.1,5.7,5.88,8.6,26.6,0,971,18,2.6,5.3,599,497,253,134,444,501,132,324,71,18,97
WAE,2010,4,9,10,12.7,62.8,9.2,5.8,5.95,9.1,27.8,0,970.9,21,2.3,4,722,659,230,119,394,647,119,310,36,18,97
WAE,2010,4,9,11,13.9,60,9.5,6.3,6.15,9.9,29.5,0,970.5,22,2.4,5.5,649,469,289,151,225,547,197,322,69,18,97
WAE,2010,4,9,12,14.3,57.3,9.3,6,6.02,9.9,29.6,0,970.1,12,2.5,6.9,633,430,316,158,158,523,388,341,68,18,97
WAE,2010,4,9,13,15.2,53.5,9.2,5.8,5.96,10.2,30.3,0,969.7,12,2.9,5.8,512,296,315,164,163,387,388,335,60,18,97
WAE,2010,4,9,14,15.4,52.9,9.3,5.9,6.02,10.4,30.7,0,969.4,15,2.8,5.5,430,325,251,130,129,320,427,331,61,18,97
WAE,2010,4,9,15,15.4,53.1,9.3,5.9,6.03,10.4,30.7,0,969.3,11,3,5.9,259,158,190,103,102,168,260,319,68,18,97
WAE,2010,4,9,16,14.4,58.3,9.6,6.3,6.22,10.1,30.2,0,969.6,17,4.2,7.6,115,61,99,56,56,64,117,333,68,18,97
WAE,2010,4,9,17,13.4,63.6,9.7,6.6,6.28,9.8,29.3,0,970,33,4.8,8.8,3,0,3,2,2,2,2,348,94,18,97
WAE,2010,4,9,18,12.6,65.8,9.6,6.4,6.21,9.3,28.3,0,970.7,32,4.7,7.8,0,0,0,0,0,0,0,322,71,18,97
WAE,2010,4,9,19,11.6,69.6,9.5,6.2,6.14,8.8,27.2,0,971.4,23,3.9,7.5,0,0,0,0,0,0,0,286,35,18,97
WAE,2010,4,9,20,10.6,71.5,9.1,5.7,5.88,8.1,25.5,0,971.6,337,1.8,5.9,0,0,0,0,0,0,0,268,0,18,97
WAE,2010,4,9,21,10,73.3,9,5.4,5.82,7.7,24.7,0,971.5,315,0.7,4.6,0,0,0,0,0,0,0,267,0,18,97
WAE,2010,4,9,22,8.9,77.2,8.8,5.1,5.69,7,23.3,0,971.3,270,0.6,2.6,0,0,0,0,0,0,0,265,6,18,97
WAE,2010,4,9,23,8.2,78.9,8.6,4.8,5.56,6.5,22.2,0,970.8,239,0.6,1.5,0,0,0,0,0,0,0,263,0,18,97
WAE,2010,4,10,0,7.6,80.8,8.5,4.5,5.5,6.1,21.4,0,970.5,263,0.8,2.3,0,0,0,0,0,0,0,262,0,20,97
WAE,2010,4,10,1,7.5,81.6,8.5,4.6,5.5,6.1,21.4,0,970.2,261,1.2,2.3,0,0,0,0,0,0,0,261,0,20,97
WAE,2010,4,10,2,7.2,82.8,8.4,4.5,5.43,5.9,20.9,0,970.2,280,1.2,3.2,0,0,0,0,0,0,0,265,29,20,97
WAE,2010,4,10,3,7.4,82,8.4,4.5,5.43,6,21.1,0,970,286,1.9,3.6,0,0,0,0,0,0,0,299,49,20,97
WAE,2010,4,10,4,7.3,81.4,8.3,4.3,5.37,5.9,20.8,0,970.1,283,2.2,4.6,0,0,0,0,0,0,0,299,71,20,97
WAE,2010,4,10,5,7.3,80.7,8.2,4.2,5.3,5.8,20.7,0,970.2,295,1.4,2.9,44,49,36,21,72,22,20,323,73,20,97
WAE,2010,4,10,6,7.4,78.7,8.1,3.9,5.24,5.7,20.6,0,970.1,301,1.2,2.2,211,311,113,62,381,134,61,324,55,20,97
WAE,2010,4,10,7,8.1,74.9,8.1,3.9,5.24,6.1,21.3,0,969.8,337,0.9,2.4,338,315,199,107,423,239,105,322,65,20,97
WAE,2010,4,10,8,8.6,71.3,8,3.7,5.17,6.2,21.7,0,969.6,14,1.3,2.6,371,138,289,162,286,248,156,337,94,20,97
WAE,2010,4,10,9,9.3,69.9,8.2,4.1,5.31,6.8,22.7,0,969.2,40,0.8,1.9,543,318,323,172,402,422,168,340,68,20,97
WAE,2010,4,10,10,10.8,60,7.7,3.4,4.98,7.2,23.4,0,968.5,45,0.5,1.9,737,686,217,132,368,656,133,306,44,20,97
WAE,2010,4,10,11,13,49.5,7.4,2.7,4.79,8,25.2,0,967.8,22,1.1,3.3,842,932,123,100,167,788,190,314,33,20,97
WAE,2010,4,10,12,13.9,45.8,7.3,2.4,4.73,8.3,25.9,0,967.3,360,1.9,4.8,482,185,343,190,190,346,276,348,84,20,97
WAE,2010,4,10,13,13.8,45.9,7.2,2.4,4.67,8.2,25.7,0,966.9,348,1.9,5,364,77,314,180,179,228,236,347,94,20,97
WAE,2010,4,10,14,14.1,44.8,7.2,2.3,4.67,8.3,26,0,966.3,5,2.1,4.4,339,142,262,148,147,222,278,341,88,20,97
WAE,2010,4,10,15,13.6,42.2,6.6,1,4.28,7.6,24.5,0,965.9,5,1.3,3.4,266,211,184,104,104,170,314,314,78,20,97
WAE,2010,4,10,16,13.3,42.8,6.5,0.9,4.22,7.4,24,0,965.4,9,1.4,3.4,102,55,85,48,48,59,105,315,94,20,97
WAE,2010,4,10,17,12.6,46.5,6.8,1.4,4.41,7.3,23.8,0,965.1,36,1.8,5.4,4,0,4,2,2,2,2,342,100,20,97
WAE,2010,4,10,18,11.3,52.3,7,1.9,4.54,6.9,22.8,0,965,33,2.4,4.7,0,0,0,0,0,0,0,330,84,20,97
WAE,2010,4,10,19,10.6,55.6,7.1,2.1,4.61,6.6,22.3,0,965.1,27,1.8,3.2,0,0,0,0,0,0,0,338,100,20,97
WAE,2010,4,10,20,10.5,56.4,7.1,2.2,4.61,6.6,22.2,0,964.7,18,2,7.8,0,0,0,0,0,0,0,335,100,20,97
WAE,2010,4,10,21,9.7,59.8,7.2,2.3,4.68,6.2,21.5,0,964.4,34,4.8,7.9,0,0,0,0,0,0,0,332,100,20,97
WAE,2010,4,10,22,9.1,58.6,6.8,1.4,4.42,5.6,20.3,0,964.2,31,5.7,10.1,0,0,0,0,0,0,0,329,100,20,97
WAE,2010,4,10,23,7.7,61.2,6.4,0.7,4.16,4.6,18.2,0,964.2,34,6.6,10.6,0,0,0,0,0,0,0,327,100,20,97
WAE,2010,4,11,0,6.9,61,6.1,-0.1,3.96,3.9,16.9,0,963.7,31,5.8,9,0,0,0,0,0,0,0,324,94,21,97
WAE,2010,4,11,1,6.1,61.4,5.8,-0.8,3.77,3.2,15.6,0,963.2,14,3.3,8,0,0,0,0,0,0,0,314,74,21,97
WAE,2010,4,11,2,5.1,63.5,5.6,-1.2,3.64,2.5,14.2,0,963,354,2.8,6.6,0,0,0,0,0,0,0,318,50,21,97
WAE,2010,4,11,3,4.2,64.3,5.3,-1.9,3.44,1.8,12.8,0,962.6,324,1.8,4.8,0,0,0,0,0,0,0,302,45,21,97
WAE,2010,4,11,4,3.6,64.2,5.1,-2.5,3.31,1.2,11.9,0,962.4,354,1.9,5.5,0,0,0,0,0,0,0,290,26,21,97
WAE,2010,4,11,5,3.4,65.9,5.1,-2.4,3.31,1.1,11.7,0,962.4,29,4.2,7,83,242,45,45,275,24,25,284,13,21,97
WAE,2010,4,11,6,4.2,64,5.3,-2,3.44,1.7,12.8,0,962.4,32,3.8,6,273,639,82,48,695,165,49,286,29,21,97
WAE,2010,4,11,7,5.2,58.1,5.1,-2.4,3.32,2.2,13.5,0,961.8,55,2,4.7,455,787,93,65,783,353,66,269,6,21,97
WAE,2010,4,11,8,6.3,51.2,4.9,-3,3.19,2.6,14.3,0,961.2,78,1.9,4.3,606,810,124,85,712,520,88,267,19,21,97
WAE,2010,4,11,9,7.1,48.5,4.9,-3,3.19,3,15.1,0,960.6,54,1.7,4.7,750,935,100,91,603,679,96,281,6,21,97
WAE,2010,4,11,10,8.5,45.5,5.1,-2.6,3.32,3.9,16.9,0,960,58,1.3,3.7,832,954,110,100,400,772,105,291,0,21,97
WAE,2010,4,11,11,9.3,41.5,4.9,-3.1,3.19,4.2,17.4,0,959.2,16,2,8.2,848,906,146,109,177,789,210,300,29,21,97
WAE,2010,4,11,12,10.1,44.5,5.5,-1.4,3.59,5.1,19.2,0,958.6,23,5.4,9.9,598,393,302,164,164,492,354,316,71,21,97
WAE,2010,4,11,13,9.7,44.2,5.3,-1.9,3.46,4.7,18.5,0,958.2,47,4.6,9.4,77,0,77,45,45,43,43,327,100,21,97
WAE,2010,4,11,14,8.5,48.8,5.4,-1.6,3.53,4.2,17.4,0,957.9,118,2.1,6.1,266,122,199,113,112,179,222,314,100,21,97
WAE,2010,4,11,15,8.2,53.1,5.8,-0.8,3.79,4.3,17.8,0,957.9,96,4,9.7,121,44,100,57,57,76,100,319,100,21,97
WAE,2010,4,11,16,7,58.5,5.9,-0.6,3.86,3.8,16.7,0,957.7,110,3.8,14,145,169,104,62,59,76,235,311,81,21,97
WAE,2010,4,11,17,6.6,61.4,6,-0.3,3.92,3.6,16.5,0,958,101,4.3,14,50,132,31,32,18,17,154,295,44,21,97
WAE,2010,4,11,18,5.8,64,5.9,-0.5,3.85,3.1,15.5,0,958.2,90,3.2,6.8,0,0,0,0,0,0,0,288,0,21,97
WAE,2010,4,11,19,5,70.6,6.2,0.1,4.05,2.9,15.2,0,958.5,47,2,5,0,0,0,0,0,0,0,287,6,21,97
WAE,2010,4,11,20,5,67.4,5.9,-0.5,3.85,2.7,14.7,0,958.5,39,5.3,8.6,0,0,0,0,0,0,0,293,36,21,97
WAE,2010,4,11,21,5,69,6,-0.2,3.92,2.8,14.8,0,958.3,48,5.6,9.6,0,0,0,0,0,0,0,303,45,21,97
WAE,2010,4,11,22,4.4,72.1,6.1,-0.2,3.99,2.5,14.4,0,958,40,5.4,9.4,0,0,0,0,0,0,0,298,36,21,97
WAE,2010,4,11,23,3.8,74.3,5.9,-0.3,3.86,2.1,13.5,0,957.7,43,3.4,5.6,0,0,0,0,0,0,0,293,38,21,97
WAE,2010,4,12,0,3.2,78.1,6,-0.2,3.92,1.8,13,0,957.2,36,3.8,6.8,0,0,0,0,0,0,0,301,71,21,97
WAE,2010,4,12,1,3,79.4,6,-0.2,3.93,1.7,12.8,0,956.8,35,5,7.5,0,0,0,0,0,0,0,295,43,21,97
WAE,2010,4,12,2,3,78.7,6,-0.3,3.93,1.6,12.8,0,956.7,37,5,7.2,0,0,0,0,0,0,0,292,43,21,97
WAE,2010,4,12,3,2.9,78.8,5.9,-0.4,3.86,1.5,12.6,0,956.6,36,4.1,8.8,0,0,0,0,0,0,0,302,70,21,97
WAE,2010,4,12,4,3,79.2,6,-0.2,3.93,1.7,12.8,0,956.5,32,5.1,8.5,0,0,0,0,0,0,0,301,100,21,97
WAE,2010,4,12,5,3.2,76.1,5.9,-0.6,3.86,1.6,12.9,0,956.9,35,5.9,9.2,12,0,12,7,7,6,7,301,100,21,97
WAE,2010,4,12,6,3.6,74.3,5.9,-0.5,3.86,1.9,13.3,0,957,46,4.1,7.1,63,0,63,37,37,35,36,302,100,21,97
WAE,2010,4,12,7,4,72,5.8,-0.6,3.79,2.1,13.5,0,957,40,3.8,6.5,113,0,113,67,67,63,64,307,100,21,97
WAE,2010,4,12,8,4.6,66.6,5.7,-1.1,3.73,2.3,14,0,957.1,33,3.1,5.9,114,0,114,68,67,64,65,311,100,21,97
WAE,2010,4,12,9,5,66.9,5.8,-0.6,3.79,2.7,14.5,0,956.9,31,3.3,5.6,82,0,82,49,48,46,47,316,100,21,97
WAE,2010,4,12,10,5.4,62.4,5.6,-1.2,3.66,2.7,14.6,0,956.6,60,1.7,4.4,290,15,279,165,173,169,158,321,100,21,97
WAE,2010,4,12,11,6.6,57.5,5.6,-1.2,3.66,3.3,15.8,0,956.1,27,1.8,5.6,255,5,251,149,149,145,143,324,100,21,97
WAE,2010,4,12,12,6.9,56.1,5.6,-1.2,3.67,3.5,16.1,0,955.8,28,2.8,6.1,85,0,85,50,50,47,48,325,100,21,97
WAE,2010,4,12,13,7.6,54.4,5.7,-1,3.73,3.9,17,0,955.5,29,2.4,5.8,147,4,144,86,85,83,85,324,100,21,97
WAE,2010,4,12,14,8,50.5,5.4,-1.6,3.54,3.9,16.9,0,955.1,40,0.8,2.7,170,1,169,101,100,95,98,324,100,21,97
WAE,2010,4,12,15,8.5,50,5.6,-1.3,3.67,4.3,17.8,0,954.9,38,1.3,3.8,203,49,180,105,104,122,150,324,94,21,97
WAE,2010,4,12,16,8.4,50.1,5.5,-1.4,3.6,4.2,17.5,0,954.8,37,1.2,4,36,0,36,21,21,20,20,323,94,21,97
WAE,2010,4,12,17,8.2,54.5,6,-0.4,3.93,4.5,18.1,0,954.9,45,4.1,7.8,9,0,9,6,5,5,5,323,94,21,97
WAE,2010,4,12,18,7.5,60.8,6.3,0.4,4.13,4.4,17.9,0,955.4,58,4,7.7,0,0,0,0,0,0,0,322,100,21,97
WAE,2010,4,12,19,6.8,66.9,6.6,1.1,4.33,4.3,17.7,0,955.6,54,3.4,6.7,0,0,0,0,0,0,0,319,100,21,97
WAE,2010,4,12,20,6.2,69.6,6.6,1.1,4.33,3.9,17.1,0,955.4,61,1,3.3,0,0,0,0,0,0,0,315,100,21,97
WAE,2010,4,12,21,5.6,67.5,6.1,0.1,4,3.2,15.7,0,955.1,42,2.4,5.2,0,0,0,0,0,0,0,292,54,21,97
WAE,2010,4,12,22,4.9,69.9,6.1,-0.1,4,2.8,14.9,0,955.1,39,2.8,5.5,0,0,0,0,0,0,0,285,0,21,97
WAE,2010,4,12,23,4.3,72.7,6,-0.2,3.93,2.4,14.2,0,955.1,63,0.7,3.6,0,0,0,0,0,0,0,280,0,21,97
WAE,2010,4,13,0,3,79.4,6,-0.2,3.93,1.7,12.9,0,954.9,90,0.3,1.7,0,0,0,0,0,0,0,260,0,21,97
WAE,2010,4,13,1,2.7,79.5,5.9,-0.5,3.87,1.4,12.4,0,954.9,360,0.7,2.8,0,0,0,0,0,0,0,264,0,21,97
WAE,2010,4,13,2,2.2,81.8,5.8,-0.6,3.8,1.1,11.7,0,955.1,360,0.7,2.4,0,0,0,0,0,0,0,274,0,21,97
WAE,2010,4,13,3,1.5,83.3,5.7,-1,3.73,0.5,10.8,0,955.2,233,0.8,2,0,0,0,0,0,0,0,282,40,21,97
WAE,2010,4,13,4,1.4,83.6,5.6,-1.1,3.67,0.4,10.6,0,955.6,243,0.7,2,0,0,0,0,0,0,0,294,35,21,97
WAE,2010,4,13,5,1.7,82.7,5.7,-0.9,3.73,0.7,11,0,955.9,252,2.1,3.4,99,325,47,59,361,26,27,276,13,21,97
WAE,2010,4,13,6,3,78.9,6,-0.3,3.93,1.6,12.8,0,955.8,252,1.1,2.5,290,682,78,49,734,168,50,264,0,21,97
WAE,2010,4,13,7,4.1,76.1,6.2,0.3,4.06,2.5,14.3,0,955.9,360,1.4,3.7,436,643,139,81,692,327,82,267,13,21,97
WAE,2010,4,13,8,5.1,72.7,6.4,0.6,4.19,3.2,15.6,0,955.9,24,2.5,4.5,428,251,281,157,387,306,153,288,63,21,97
WAE,2010,4,13,9,6.5,66.4,6.4,0.7,4.19,4,17.1,0,956.3,13,2.2,4.7,263,4,260,155,157,148,148,313,100,21,97
WAE,2010,4,13,10,6.9,65.6,6.5,0.9,4.26,4.2,17.6,0,956.4,11,2.7,5.3,701,554,273,161,366,596,160,300,53,21,97
WAE,2010,4,13,11,7.7,61.7,6.5,0.8,4.26,4.6,18.4,0,956.2,30,2.2,4.4,901,968,144,115,154,831,257,281,13,21,97
WAE,2010,4,13,12,8.5,56.6,6.3,0.4,4.13,4.9,18.9,0,955.9,20,1.2,3.1,870,958,148,112,113,795,506,289,0,21,97
WAE,2010,4,13,13,9.7,48,5.8,-0.8,3.8,5.1,19.3,0,955.4,288,0.7,4.1,733,905,115,96,97,646,652,297,0,21,97
WAE,2010,4,13,14,10.9,48.7,6.4,0.5,4.2,6.1,21.5,0,955,41,1,2.8,562,722,149,92,92,462,699,300,6,21,97
WAE,2010,4,13,15,11,43.4,5.7,-1,3.74,5.7,20.5,0,954.9,360,0.7,2.2,398,632,125,73,74,288,686,324,16,21,97
WAE,2010,4,13,16,11.5,42,5.7,-1,3.73,5.9,21,0,955,12,1.5,4.7,134,166,80,48,48,78,214,324,69,21,97
WAE,2010,4,13,17,10.4,47.7,6,-0.2,3.93,5.7,20.4,0,955.3,60,2.8,5.2,15,1,15,9,9,9,10,324,69,21,97
WAE,2010,4,13,18,9,53.5,6.1,0.1,4,5,19.1,0,955.7,60,1.7,3.6,0,0,0,0,0,0,0,308,54,21,97
WAE,2010,4,13,19,7.2,59.4,6,-0.2,3.93,4,17.1,0,956.4,214,1,2,0,0,0,0,0,0,0,274,6,21,97
WAE,2010,4,13,20,6.4,63.7,6.1,0,3.99,3.6,16.4,0,956.7,168,1.5,2.8,0,0,0,0,0,0,0,286,0,21,97
WAE,2010,4,13,21,5.5,66,5.9,-0.3,3.86,3,15.2,0,956.6,209,1.1,2.5,0,0,0,0,0,0,0,285,0,21,97
WAE,2010,4,13,22,4.9,69.7,6,-0.2,3.93,2.8,14.8,0,956.7,189,0.9,3.2,0,0,0,0,0,0,0,292,31,21,97
WAE,2010,4,13,23,4.9,72.1,6.3,0.3,4.12,2.9,15.3,0,956.6,239,1.2,3.2,0,0,0,0,0,0,0,306,68,21,97
WAE,2010,4,14,0,4.8,72,6.2,0.2,4.06,2.8,15,0,956.4,253,1.4,2.8,0,0,0,0,0,0,0,291,59,22,97
WAE,2010,4,14,1,4.8,74.1,6.3,0.6,4.12,3,15.2,0,956.6,247,1,3.1,0,0,0,0,0,0,0,300,63,22,97
WAE,2010,4,14,2,4.9,74.5,6.5,0.8,4.26,3.1,15.6,0,956.6,235,2,3.4,0,0,0,0,0,0,0,312,100,22,97
WAE,2010,4,14,3,4.4,77.2,6.4,0.8,4.19,2.9,14.9,0,956.5,231,1.3,4,0,0,0,0,0,0,0,313,100,22,97
WAE,2010,4,14,4,3.7,80.8,6.4,0.7,4.19,2.4,14.2,0,956.4,243,1,2.1,0,0,0,0,0,0,0,303,53,22,97
WAE,2010,4,14,5,4.2,78.8,6.5,0.9,4.26,2.8,14.9,0,956.6,239,1.3,2.8,76,125,54,44,161,30,30,299,61,22,97
WAE,2010,4,14,6,5.2,77.1,6.8,1.5,4.45,3.6,16.4,0,956.8,146,0.4,1.4,227,302,133,75,391,135,73,293,45,22,97
WAE,2010,4,14,7,6.2,76.5,7.3,2.4,4.78,4.5,18.2,0,956.7,63,1,2.3,395,482,156,96,538,290,96,304,60,22,97
WAE,2010,4,14,8,7.1,72.1,7.3,2.4,4.78,4.9,19.1,0,956.9,74,1.5,3.1,502,408,256,142,502,389,140,320,61,22,97
WAE,2010,4,14,9,7.9,65.8,7,1.9,4.58,5.2,19.5,0,956.9,42,1.6,3.2,450,182,324,185,325,319,179,326,81,22,97
WAE,2010,4,14,10,8.9,63.5,7.2,2.4,4.72,5.9,20.8,0,956.7,22,2.2,4.4,172,2,171,102,103,98,98,328,100,22,97
WAE,2010,4,14,11,8.8,66.9,7.6,3,4.98,6.1,21.4,0,956.7,21,1.7,4.4,85,0,85,51,51,48,49,331,100,22,97
WAE,2010,4,14,12,8.5,70.4,7.8,3.4,5.11,6.1,21.4,0,956.8,45,1.8,3,75,0,75,45,45,42,43,332,100,22,97
WAE,2010,4,14,13,8.4,68.8,7.6,3,4.98,5.9,21,0,956.8,55,1.3,2.5,95,0,95,57,56,53,54,332,100,22,97
WAE,2010,4,14,14,8.3,69.5,7.6,3.1,4.98,5.8,20.9,0,956.6,54,0.9,2.1,55,0,55,33,33,31,31,332,100,22,97
WAE,2010,4,14,15,8,70.2,7.6,2.9,4.98,5.6,20.6,0,956.7,37,1,2.4,122,5,120,72,71,69,74,332,100,22,97
WAE,2010,4,14,16,7.9,75.2,8,3.8,5.25,5.9,21.1,0,956.5,108,0.6,1.7,79,3,78,47,46,44,48,333,100,22,97
WAE,2010,4,14,17,7.7,76.9,8.1,3.9,5.31,5.9,21.1,0,956.8,74,0.8,1.6,16,4,15,10,9,9,13,333,100,22,97
WAE,2010,4,14,18,7.3,81,8.3,4.3,5.44,5.9,21,0.1,957.2,7,1.4,5.6,0,0,0,0,0,0,0,332,100,22,97
WAE,2010,4,14,19,6.4,90.4,8.7,4.9,5.7,5.7,20.7,0.6,957.8,307,2.2,4.4,0,0,0,0,0,0,0,331,100,22,97
WAE,2010,4,14,20,5.7,90.2,8.2,4.2,5.37,5,19.2,1.1,958,7,2.7,7.8,0,0,0,0,0,0,0,329,100,22,97
WAE,2010,4,14,21,5.3,89.3,7.9,3.7,5.17,4.6,18.3,1,957.9,320,0.9,2.7,0,0,0,0,0,0,0,327,100,22,97
WAE,2010,4,14,22,5.2,90.4,8,3.8,5.24,4.5,18.4,0.2,957.5,270,0.7,1.8,0,0,0,0,0,0,0,326,100,22,97
WAE,2010,4,14,23,5.1,90.5,8,3.7,5.24,4.4,18.3,0,957.5,294,1.8,3.3,0,0,0,0,0,0,0,324,100,22,97
WAE,2010,4,15,0,5,90.6,7.9,3.6,5.18,4.4,18,0,956.9,243,1.6,3.9,0,0,0,0,0,0,0,323,100,23,97
WAE,2010,4,15,1,4.9,91.4,7.9,3.6,5.18,4.3,17.9,0,956.8,307,1.1,2.5,0,0,0,0,0,0,0,323,100,23,97
WAE,2010,4,15,2,5,91.2,8,3.7,5.24,4.4,18.2,0,956.8,301,0.6,1.5,0,0,0,0,0,0,0,323,94,23,97
WAE,2010,4,15,3,5,90,7.9,3.5,5.18,4.3,18,0,956.8,288,0.6,1.4,0,0,0,0,0,0,0,323,100,23,97
WAE,2010,4,15,4,4.9,90.9,7.9,3.5,5.18,4.3,17.9,0.4,956.7,339,1,2.5,0,0,0,0,0,0,0,322,100,23,97
WAE,2010,4,15,5,4.8,91.7,7.9,3.6,5.18,4.2,17.8,0.8,957.1,351,0.6,1.4,12,0,12,7,7,7,7,322,100,23,97
WAE,2010,4,15,6,4.9,92,7.9,3.7,5.18,4.3,17.9,0.3,957.4,8,0.7,2.1,70,0,70,42,42,40,40,323,100,23,97
WAE,2010,4,15,7,5.3,90.9,8.1,3.9,5.31,4.6,18.6,0.1,957.5,12,1.4,2.9,193,16,184,111,127,112,107,326,100,23,97
WAE,2010,4,15,8,5.9,85.6,7.9,3.7,5.17,4.9,18.9,0,957.8,17,1.3,2.9,264,20,252,151,167,156,146,328,100,23,97
WAE,2010,4,15,9,6.6,78.2,7.6,3.1,4.97,5,19.1,0,958.1,31,0.6,2.1,366,44,335,200,231,224,193,331,100,23,97
WAE,2010,4,15,10,7.5,75.6,7.8,3.5,5.11,5.6,20.4,0,958.1,31,0.6,2.5,355,21,340,204,214,211,196,333,100,23,97
WAE,2010,4,15,11,8,71.2,7.7,3.1,5.04,5.7,20.7,0,958,20,1.3,2.9,336,12,327,197,197,196,192,335,100,23,97
WAE,2010,4,15,12,8.8,67.5,7.7,3.1,5.04,6.1,21.5,0,958,28,1.5,3,340,24,321,193,192,203,201,337,100,23,97
WAE,2010,4,15,13,9.8,62,7.5,2.9,4.91,6.5,22.2,0,957.7,15,1.2,3.7,493,273,305,176,175,370,377,336,88,23,97
WAE,2010,4,15,14,10.4,59.1,7.4,2.8,4.85,6.8,22.7,0,957.4,14,1.1,3.5,98,0,98,59,59,56,57,336,100,23,97
WAE,2010,4,15,15,10.2,60.9,7.6,3,4.98,6.7,22.8,0,957.5,357,1.8,4.4,160,26,149,89,89,94,113,336,100,23,97
WAE,2010,4,15,16,10.6,57.3,7.3,2.5,4.78,6.7,22.7,0,957.5,13,1.4,3.3,121,36,111,67,66,68,102,323,88,23,97
WAE,2010,4,15,17,10,62.5,7.7,3.2,5.04,6.7,22.7,0,957.6,23,2.3,5.2,14,1,14,9,8,8,9,331,100,23,97
WAE,2010,4,15,18,8.7,72.4,8.1,4,5.3,6.4,22.1,0,958,35,3.5,5.1,0,0,0,0,0,0,0,335,100,23,97
WAE,2010,4,15,19,8.3,71.9,7.8,3.5,5.1,6,21.2,0,958.5,61,1.3,3.7,0,0,0,0,0,0,0,333,100,23,97
WAE,2010,4,15,20,7.9,74,7.9,3.6,5.17,5.9,20.9,0,958.7,27,0.2,1,0,0,0,0,0,0,0,293,41,23,97
WAE,2010,4,15,21,6.7,76.5,7.5,2.9,4.9,4.9,19,0,958.8,333,0.3,1.4,0,0,0,0,0,0,0,313,40,23,97
WAE,2010,4,15,22,5.8,76.9,7.1,2.1,4.64,4.1,17.5,0,958.9,277,0.8,1.4,0,0,0,0,0,0,0,326,81,23,97
WAE,2010,4,15,23,5.8,75.5,7,1.8,4.57,4,17.3,0,958.9,288,0.4,1.3,0,0,0,0,0,0,0,323,100,23,97
WAE,2010,4,16,0,5.3,77.4,6.9,1.7,4.51,3.7,16.6,0,958.7,262,0.8,1.4,0,0,0,0,0,0,0,295,74,24,97
WAE,2010,4,16,1,4.6,80.5,6.8,1.5,4.44,3.2,15.8,0,958.5,264,1,2,0,0,0,0,0,0,0,279,53,24,97
WAE,2010,4,16,2,4.3,80.7,6.7,1.3,4.38,3,15.3,0,958.5,270,0.6,1.4,0,0,0,0,0,0,0,292,88,24,97
WAE,2010,4,16,3,3.9,82,6.6,1.1,4.31,2.7,14.7,0,958.8,248,0.5,1.5,0,0,0,0,0,0,0,288,88,24,97
WAE,2010,4,16,4,3.5,83.5,6.6,1,4.31,2.4,14.3,0,958.9,249,1.5,2.3,2,1,2,2,2,1,1,282,94,24,97
WAE,2010,4,16,5,3.8,83.5,6.7,1.3,4.37,2.7,14.8,0,959.4,257,1.4,2.1,117,364,54,74,407,32,32,274,31,24,97
WAE,2010,4,16,6,5.2,81.8,7.2,2.3,4.7,3.9,17,0,959.8,291,1.4,3.4,252,417,125,75,505,140,74,294,54,24,97
WAE,2010,4,16,7,6,77.6,7.3,2.4,4.77,4.4,18,0,960,360,1,2.9,386,377,201,117,487,278,115,296,45,24,97
WAE,2010,4,16,8,6.9,74.6,7.4,2.7,4.83,5,19.1,0,960.5,6,1.8,5.4,442,230,302,174,384,317,170,289,36,24,97
WAE,2010,4,16,9,8.1,69.8,7.6,2.9,4.96,5.7,20.6,0,960.8,7,1.9,4.3,532,263,341,197,380,401,193,309,61,24,97
WAE,2010,4,16,10,9.5,64.2,7.6,3.1,4.96,6.4,22,0,960.7,26,3,5.2,646,379,351,202,382,520,199,323,55,24,97
WAE,2010,4,16,11,10.1,61,7.5,2.9,4.89,6.7,22.5,0,960.6,34,1.2,3.8,422,103,340,201,223,288,208,329,84,24,97
WAE,2010,4,16,12,10.8,59.2,7.7,3.2,5.03,7.1,23.5,0,960.7,39,0.8,2.8,371,34,345,208,207,227,220,342,100,24,97
WAE,2010,4,16,13,11.4,55.5,7.5,2.8,4.9,7.2,23.8,0,960.5,36,1.4,3.1,212,1,211,129,128,122,124,342,100,24,97
WAE,2010,4,16,14,11.6,54.6,7.4,2.8,4.83,7.3,23.8,0,960.5,4,2.7,5.8,182,16,173,105,104,108,116,336,100,24,97
WAE,2010,4,16,15,11.9,53.2,7.4,2.7,4.83,7.4,24.1,0,960.5,13,1.8,4.7,165,19,157,95,94,98,110,325,94,24,97
WAE,2010,4,16,16,11.6,57.1,7.8,3.4,5.09,7.6,24.5,0,960.6,17,3,6,70,6,69,42,41,40,47,341,94,24,97
WAE,2010,4,16,17,11.1,59,7.8,3.4,5.09,7.3,24,0,960.8,21,3.7,6.6,12,1,12,8,7,7,8,331,100,24,97
WAE,2010,4,16,18,10.2,63,7.8,3.5,5.09,7,23.1,0,961.3,26,3.5,5.6,0,0,0,0,0,0,0,340,100,24,97
WAE,2010,4,16,19,9.7,65.7,7.9,3.6,5.15,6.7,22.7,0,961.9,45,2.3,4.9,0,0,0,0,0,0,0,333,94,24,97
WAE,2010,4,16,20,9.4,66.5,7.8,3.5,5.09,6.6,22.2,0,961.9,48,2.6,4.4,0,0,0,0,0,0,0,327,100,24,97
WAE,2010,4,16,21,9.1,68,7.8,3.5,5.08,6.4,21.9,0,962.2,90,0.9,3.4,0,0,0,0,0,0,0,325,94,24,97
WAE,2010,4,16,22,7.9,72.6,7.7,3.3,5.02,5.7,20.6,0,961.9,270,0.6,1.8,0,0,0,0,0,0,0,288,50,24,97
WAE,2010,4,16,23,7.2,75,7.6,3.1,4.95,5.3,19.7,0,962,255,1.2,2.2,0,0,0,0,0,0,0,294,75,24,97
WAE,2010,4,17,0,7,77.1,7.7,3.3,5.02,5.3,19.6,0,961.9,259,0.5,1.8,0,0,0,0,0,0,0,295,35,22,97
WAE,2010,4,17,1,7.5,75.4,7.8,3.4,5.09,5.6,20.3,0,961.7,27,0.6,2.4,0,0,0,0,0,0,0,284,6,22,97
WAE,2010,4,17,2,6.2,82.3,7.8,3.4,5.09,4.9,19,0,961.4,158,0.7,2.5,0,0,0,0,0,0,0,282,0,22,97
WAE,2010,4,17,3,6.5,82.1,7.9,3.7,5.15,5.2,19.5,0,961.3,72,0.9,3.6,0,0,0,0,0,0,0,281,0,22,97
WAE,2010,4,17,4,5.8,85.5,7.9,3.6,5.15,4.8,18.8,0,961.6,288,0.5,1.8,5,16,4,6,18,2,2,280,6,22,97
WAE,2010,4,17,5,6,85.9,8,3.8,5.22,5,19.1,0,961.9,333,0.3,1.6,90,150,67,61,194,37,38,288,23,22,97
WAE,2010,4,17,6,7.1,82.6,8.3,4.3,5.41,5.8,20.7,0,962,11,0.6,1.6,191,117,152,88,213,110,85,283,48,22,97
WAE,2010,4,17,7,7.8,78.3,8.3,4.3,5.41,6.1,21.4,0,961.9,36,0.8,2.5,462,678,128,82,710,335,84,269,26,22,97
WAE,2010,4,17,8,8.9,73.7,8.4,4.5,5.48,6.7,22.7,0,961.8,38,1.1,3.1,646,858,113,92,742,525,95,272,19,22,97
WAE,2010,4,17,9,10.4,69.2,8.7,5,5.68,7.7,24.8,0,961.6,35,2,5,791,938,115,105,622,682,110,252,6,22,97
WAE,2010,4,17,10,11.8,64.6,8.9,5.4,5.81,8.5,26.5,0,961.2,354,1.9,5.5,842,921,121,113,403,744,118,254,0,22,97
WAE,2010,4,17,11,12.8,61.3,9,5.5,5.88,9,27.7,0,960.6,4,1.7,5.2,876,958,112,114,151,780,233,255,0,22,97
WAE,2010,4,17,12,14.2,54.9,8.8,5.3,5.75,9.6,28.8,0,960.2,40,2.1,4.9,832,937,111,109,110,731,471,257,0,22,97
WAE,2010,4,17,13,14.9,52.7,8.9,5.3,5.82,9.9,29.7,0,959.5,61,1.1,3.7,740,896,115,101,102,627,654,282,0,22,97
WAE,2010,4,17,14,15.9,49,8.8,5.2,5.76,10.3,30.6,0,958.9,49,1,3.6,575,730,148,96,96,454,711,305,19,22,97
WAE,2010,4,17,15,16.2,47.1,8.7,4.9,5.7,10.3,30.7,0,958.5,32,1.6,3.8,430,747,97,68,69,290,776,270,25,22,97
WAE,2010,4,17,16,15.8,49,8.8,5.1,5.77,10.2,30.5,0,958.2,44,2.8,7.2,242,547,81,57,50,111,606,259,25,22,97
WAE,2010,4,17,17,14.6,54.2,9,5.5,5.9,9.8,29.6,0,957.8,40,4.4,7.3,78,275,40,67,23,23,304,260,13,22,97
WAE,2010,4,17,18,13.2,56.2,8.5,4.7,5.57,8.9,27.3,0,957.9,52,3.5,5.8,0,0,0,0,0,0,0,260,0,22,97
WAE,2010,4,17,19,12,60.3,8.4,4.6,5.5,8.3,25.9,0,958.2,35,1.3,4.6,0,0,0,0,0,0,0,264,0,22,97
WAE,2010,4,17,20,11,63.1,8.3,4.3,5.44,7.7,24.8,0,958.1,304,0.5,1.8,0,0,0,0,0,0,0,258,0,22,97
WAE,2010,4,17,21,9.8,67,8.1,4,5.31,7,23.2,0,957.8,315,0.6,2.6,0,0,0,0,0,0,0,284,0,22,97
WAE,2010,4,17,22,9,70,8,3.8,5.24,6.5,22.2,0,957.8,315,0.4,1.3,0,0,0,0,0,0,0,277,0,22,97
WAE,2010,4,17,23,8.3,71.3,7.8,3.4,5.11,6,21.2,0,957.7,255,1.5,2.5,0,0,0,0,0,0,0,275,0,22,97
WAE,2010,4,18,0,7.8,70.8,7.5,2.8,4.91,5.5,20.2,0,957.4,266,1.3,3.2,0,0,0,0,0,0,0,254,25,21,97
WAE,2010,4,18,1,7.2,73.1,7.4,2.7,4.85,5.1,19.4,0,957.1,257,1.9,3.6,0,0,0,0,0,0,0,296,41,21,97
WAE,2010,4,18,2,6.5,77.9,7.5,2.9,4.91,4.8,18.9,0,957,225,0.8,1.7,0,0,0,0,0,0,0,307,53,21,97
WAE,2010,4,18,3,6.2,78.4,7.4,2.7,4.85,4.6,18.4,0,957,180,0.8,2.1,0,0,0,0,0,0,0,279,29,21,97
WAE,2010,4,18,4,5.5,81.7,7.4,2.6,4.85,4.2,17.7,0,956.6,270,0.5,1.3,6,28,5,9,31,3,3,291,16,21,97
WAE,2010,4,18,5,5.7,81.5,7.5,2.8,4.91,4.4,18.1,0,956.7,229,0.9,2.2,107,289,63,80,333,34,35,311,48,21,97
WAE,2010,4,18,6,6.9,81.1,8.1,3.9,5.31,5.5,20.3,0,957.1,72,0.4,1.5,271,462,108,64,529,152,63,326,65,21,97
WAE,2010,4,18,7,7.7,83.7,8.8,5.1,5.77,6.4,22.2,0,957.1,59,0.5,1.5,500,796,107,73,800,353,75,318,43,21,97
WAE,2010,4,18,8,9,79.7,9.2,5.7,6.04,7.3,24.2,0,957.3,75,1.1,2.5,573,583,209,116,602,449,116,333,81,21,97
WAE,2010,4,18,9,9.7,74.4,9,5.4,5.9,7.5,24.6,0,957.3,90,1.7,3.7,446,143,345,197,306,297,190,342,100,21,97
WAE,2010,4,18,10,11.8,67.1,9.3,5.9,6.11,8.8,27.3,0,956.7,86,1.6,5,759,662,239,138,408,645,140,331,71,21,97
WAE,2010,4,18,11,14,59.5,9.5,6.2,6.24,9.9,29.8,0,956.2,53,1.1,3.9,571,218,396,220,241,410,278,349,100,21,97
WAE,2010,4,18,12,15,55.1,9.4,6.1,6.18,10.3,30.7,0,955.9,11,1.2,5.1,369,31,345,203,201,218,213,352,100,21,97
WAE,2010,4,18,13,15.2,51.8,9,5.4,5.91,10.1,30.2,0,955.9,252,2.7,6,248,3,246,146,145,140,142,351,100,21,97
WAE,2010,4,18,14,15,50.7,8.7,4.9,5.71,9.8,29.5,0,955.8,229,2.2,5.8,211,7,208,123,122,119,124,351,100,21,97
WAE,2010,4,18,15,13.1,64.1,9.6,6.5,6.31,9.6,29.1,0,955.9,105,2.8,6.8,199,49,178,105,104,115,151,351,100,21,97
WAE,2010,4,18,16,12.1,70.1,9.9,6.8,6.51,9.3,28.6,0,955.9,103,2.6,5.9,153,178,110,73,63,69,247,346,94,21,97
WAE,2010,4,18,17,11.6,69.6,9.5,6.2,6.24,8.8,27.4,0,956.1,118,1.7,4.7,70,211,37,53,20,20,238,325,81,21,97
WAE,2010,4,18,18,10.8,71,9.2,5.8,6.04,8.2,26.1,0,956.5,120,1.4,4.2,0,0,0,0,0,0,0,315,61,21,97
WAE,2010,4,18,19,10,73.6,9,5.5,5.91,7.7,24.9,0,957,127,1,4.3,0,0,0,0,0,0,0,316,68,21,97
WAE,2010,4,18,20,9.7,76.5,9.2,5.8,6.04,7.7,24.9,0.7,957.2,150,2.6,8.5,0,0,0,0,0,0,0,339,90,21,97
WAE,2010,4,18,21,9.1,81,9.4,6,6.17,7.5,24.7,0,957.4,146,1.9,7.9,0,0,0,0,0,0,0,311,33,21,97
WAE,2010,4,18,22,8.6,84.3,9.4,6.1,6.17,7.3,24.2,0,957.6,122,1.4,4.6,0,0,0,0,0,0,0,281,25,21,97
WAE,2010,4,18,23,8.1,84.5,9.1,5.6,5.97,6.9,23.1,0,957.7,157,0.8,2.8,0,0,0,0,0,0,0,306,58,21,97
WAE,2010,4,19,0,8.3,83.9,9.1,5.7,5.97,7,23.3,0,957.5,159,0.9,1.8,0,0,0,0,0,0,0,294,33,21,97
WAE,2010,4,19,1,7.8,83.2,8.8,5.1,5.77,6.5,22.3,0,957.4,144,0.9,1.9,0,0,0,0,0,0,0,285,6,21,97
WAE,2010,4,19,2,7.4,84.9,8.8,5,5.77,6.2,21.9,0,957.7,169,0.6,1.4,0,0,0,0,0,0,0,287,36,21,97
WAE,2010,4,19,3,7.3,83,8.5,4.6,5.57,6,21.3,0,957.6,153,1.2,2.2,0,0,0,0,0,0,0,289,46,21,97
WAE,2010,4,19,4,7.6,82.6,8.6,4.8,5.63,6.2,21.8,0,958,153,1,3.7,4,3,4,3,6,2,2,319,80,21,97
WAE,2010,4,19,5,7.9,87.4,9.3,5.9,6.1,6.9,23.3,0.3,958.1,122,1.4,6.2,106,296,60,82,338,33,34,325,75,21,97
WAE,2010,4,19,6,8.2,86.8,9.4,6.1,6.16,7.1,23.7,0,958.7,143,1.3,3.6,174,234,103,58,302,90,57,317,78,21,97
WAE,2010,4,19,7,8.6,86.1,9.6,6.4,6.29,7.5,24.5,0.1,958.9,132,1.4,3.8,288,141,216,124,264,183,119,340,94,21,97
WAE,2010,4,19,8,9.7,83.2,10,7,6.55,8.3,26.2,0,959.2,86,1.5,3.9,625,765,147,99,697,489,101,304,36,21,97
WAE,2010,4,19,9,11.4,77.4,10.5,7.6,6.88,9.4,28.8,0,959.4,93,2.2,5.1,690,616,238,139,519,563,139,314,43,21,97
WAE,2010,4,19,10,13.2,64.7,9.8,6.7,6.42,9.8,29.5,0,959.1,100,2.9,5.8,880,957,125,111,414,761,116,310,26,21,97
WAE,2010,4,19,11,14.8,56.1,9.4,6.1,6.16,10.2,30.5,0,958.5,94,3.2,5.6,878,956,108,109,144,761,228,305,19,21,97
WAE,2010,4,19,12,15.6,51.6,9.2,5.7,6.03,10.4,30.9,0,958.1,88,2.9,5.3,807,832,162,115,116,691,471,307,25,21,97
WAE,2010,4,19,13,16.5,47.6,8.9,5.3,5.84,10.6,31.4,0,957.6,90,2.1,4,741,877,123,99,100,611,648,321,33,21,97
WAE,2010,4,19,14,16.8,46.8,8.9,5.4,5.84,10.7,31.7,0,957.2,88,2.3,4.1,589,774,134,91,91,447,734,316,30,21,97
WAE,2010,4,19,15,17.6,42.9,8.6,4.9,5.64,10.9,32,0,957,78,2,3.2,448,791,91,65,65,288,810,280,6,21,97
WAE,2010,4,19,16,17.4,40,7.9,3.7,5.18,10.3,30.6,0,957,79,1,2.5,259,640,73,59,46,103,694,270,0,21,97
WAE,2010,4,19,17,17,38.9,7.5,2.9,4.91,9.8,29.5,0,957,117,0.5,1.1,78,248,41,65,23,23,276,264,0,21,97
WAE,2010,4,19,18,14.6,46.5,7.7,3.3,5.04,8.9,27.4,0,957.5,230,1.7,4.1,0,0,0,0,0,0,0,260,0,21,97
WAE,2010,4,19,19,13.1,48.7,7.4,2.6,4.84,8,25.4,0,958,236,2.8,4.5,0,0,0,0,0,0,0,256,6,21,97
WAE,2010,4,19,20,11.9,52.7,7.3,2.6,4.77,7.4,24,0,958.4,243,1,2.2,0,0,0,0,0,0,0,255,31,21,97
WAE,2010,4,19,21,11.3,52.4,7,1.9,4.57,6.9,22.9,0,958.7,229,0.9,2.4,0,0,0,0,0,0,0,255,29,21,97
WAE,2010,4,19,22,10.5,52.3,6.6,1.2,4.31,6.2,21.4,0,958.8,198,1.2,2.8,0,0,0,0,0,0,0,289,39,21,97
WAE,2010,4,19,23,9.3,57.8,6.8,1.4,4.44,5.7,20.5,0,958.9,270,0.5,1.9,0,0,0,0,0,0,0,276,34,21,97
WAE,2010,4,20,0,8.9,60.4,6.9,1.7,4.51,5.6,20.3,0,958.7,135,0.3,1.5,0,0,0,0,0,0,0,282,64,21,97
WAE,2010,4,20,1,9.2,60.9,7.1,2.1,4.64,5.9,20.9,0,958.7,194,0.5,2,0,0,0,0,0,0,0,277,46,21,97
WAE,2010,4,20,2,8.1,65.5,7.1,2,4.64,5.3,19.8,0,958.7,225,0.5,1.6,0,0,0,0,0,0,0,272,6,21,97
WAE,2010,4,20,3,7.3,69,7,2,4.58,4.9,18.8,0,958.6,180,0.7,2.2,0,0,0,0,0,0,0,272,0,21,97
WAE,2010,4,20,4,6.9,69.6,6.9,1.7,4.51,4.6,18.3,0,958.7,156,1.2,2.6,1,0,1,1,1,1,1,285,50,21,97
WAE,2010,4,20,5,8.1,67.5,7.3,2.5,4.77,5.5,20.1,0,959.1,145,1.2,2.7,75,143,46,45,175,25,25,315,81,21,97
WAE,2010,4,20,6,9.4,66.3,7.8,3.4,5.1,6.5,22.3,0,959.4,117,0.8,2.4,207,213,137,78,300,111,75,324,84,21,97
WAE,2010,4,20,7,10.2,62.1,7.7,3.3,5.03,6.9,22.9,0,959.7,72,0.6,1.8,357,297,205,115,406,237,112,304,81,21,97
WAE,2010,4,20,8,11.8,57.8,8,3.8,5.23,7.8,25,0,959.8,79,0.6,2,592,675,173,115,644,442,115,294,56,21,97
WAE,2010,4,20,9,12.8,51.7,7.6,3.1,4.96,8,25.4,0,960.3,337,1.1,3.4,362,97,290,166,237,237,160,328,94,21,97
WAE,2010,4,20,10,14.1,50.6,8.1,4,5.29,9,27.5,0,960.5,347,1.1,3.3,382,63,333,193,229,238,186,348,100,21,97
WAE,2010,4,20,11,14.8,46.8,7.9,3.5,5.16,9.1,27.9,0,960.8,277,1.7,7.2,85,0,85,50,50,47,48,351,100,21,97
WAE,2010,4,20,12,14,52.6,8.4,4.5,5.48,9.1,27.9,0,961,253,2.5,6.3,198,5,194,115,114,112,113,353,100,21,97
WAE,2010,4,20,13,14.5,54.9,9,5.6,5.88,9.8,29.4,0,960.5,221,2.1,5.1,347,295,145,84,84,265,301,345,80,21,97
WAE,2010,4,20,14,15.6,48.1,8.5,4.7,5.56,9.9,29.7,0,959.8,243,1.9,5.5,578,720,143,96,96,433,683,317,45,21,97
WAE,2010,4,20,15,16.3,44.7,8.3,4.3,5.43,10.1,30.1,0,959.5,267,1.8,5.6,178,92,131,75,75,111,164,338,88,21,97
WAE,2010,4,20,16,15.4,48.2,8.4,4.5,5.49,9.8,29.4,0,959.5,217,2.7,7.8,137,186,87,65,49,49,243,338,88,21,97
WAE,2010,4,20,17,13.2,62.2,9.4,6.1,6.15,9.5,28.8,0.4,959.8,231,3.1,6.4,23,32,20,19,12,11,44,353,84,21,97
WAE,2010,4,20,18,11.8,70.5,9.7,6.6,6.35,9.1,27.9,0,960.1,180,0.8,5.5,0,0,0,0,0,0,0,343,75,21,97
WAE,2010,4,20,19,11.1,76.3,10.1,7.1,6.61,9,27.8,0,960.7,121,1.2,4.6,0,0,0,0,0,0,0,332,68,21,97
WAE,2010,4,20,20,10.4,79.9,10.1,7.1,6.61,8.7,27.1,0,961,127,0.6,2,0,0,0,0,0,0,0,327,78,21,97
WAE,2010,4,20,21,10.2,78.1,9.7,6.6,6.34,8.3,26.2,0,961,131,1.1,3.3,0,0,0,0,0,0,0,340,71,21,97
WAE,2010,4,20,22,10.4,72.8,9.2,5.7,6.01,8,25.6,0,961,185,1.6,4.5,0,0,0,0,0,0,0,325,55,21,97
WAE,2010,4,20,23,10.2,70.8,8.8,5.1,5.75,7.6,24.7,0,960.7,165,1.5,3.1,0,0,0,0,0,0,0,302,45,21,97
WAE,2010,4,21,0,9.5,74.1,8.8,5.1,5.75,7.3,24,0,960.4,156,1.1,2.5,0,0,0,0,0,0,0,298,50,19,97
WAE,2010,4,21,1,9.4,76.5,9,5.5,5.88,7.4,24.3,0,960.3,225,0.5,2.2,0,0,0,0,0,0,0,317,78,19,97
WAE,2010,4,21,2,9.2,79.5,9.2,5.8,6.02,7.5,24.4,0,960,153,0.4,1.7,0,0,0,0,0,0,0,318,78,19,97
WAE,2010,4,21,3,8.6,80.7,9,5.5,5.89,7.1,23.5,0,959.7,167,1,2.6,0,0,0,0,0,0,0,288,41,19,97
WAE,2010,4,21,4,8.1,82.2,8.9,5.3,5.82,6.7,22.8,0,959.7,146,0.7,2.4,3,0,3,2,2,2,2,285,35,19,97
WAE,2010,4,21,5,8.1,82.1,8.9,5.2,5.82,6.7,22.8,0,959.7,0,0.2,1,117,295,69,89,342,37,37,295,45,19,97
WAE,2010,4,21,6,9.3,81.5,9.6,6.3,6.28,7.8,25.2,0,960,90,0.4,1.5,269,387,131,72,469,143,71,295,55,19,97
WAE,2010,4,21,7,10.2,77.1,9.6,6.4,6.28,8.2,26.1,0,959.9,76,0.8,1.8,424,623,105,70,627,278,71,299,59,19,97
WAE,2010,4,21,8,11.6,70.9,9.7,6.5,6.35,8.9,27.7,0,959.6,72,1.6,3,681,897,109,83,755,517,86,286,6,19,97
WAE,2010,4,21,9,13.5,63.4,9.8,6.7,6.42,9.9,29.8,0,959.4,82,2.2,3.7,804,938,113,94,604,652,98,281,25,19,97
WAE,2010,4,21,10,15.1,54,9.3,5.9,6.09,10.2,30.6,0,958.9,34,1.6,3.8,728,570,274,152,392,581,152,327,54,19,97
WAE,2010,4,21,11,15.7,50.5,9,5.5,5.9,10.3,30.7,0,958.3,18,1.4,4,478,234,288,157,156,349,237,337,68,19,97
WAE,2010,4,21,12,17.3,42.1,8.3,4.3,5.44,10.5,31.2,0,957.9,308,3,9.9,798,752,214,137,137,642,473,312,33,19,97
WAE,2010,4,21,13,18.3,40.2,8.5,4.6,5.57,11,32.5,0,957.4,327,2.9,8.6,640,673,154,106,107,499,507,323,39,19,97
WAE,2010,4,21,14,17.6,41.8,8.4,4.5,5.51,10.7,31.6,0,957.1,317,3.7,7.3,554,662,164,102,102,393,656,328,41,19,97
WAE,2010,4,21,15,17.5,41.5,8.3,4.3,5.44,10.6,31.4,0,957,328,3.1,6.7,429,674,119,69,69,267,717,315,35,19,97
WAE,2010,4,21,16,17.2,39.9,7.8,3.5,5.11,10.2,30.2,0,956.9,324,2.3,5.3,253,554,87,70,49,91,614,314,45,19,97
WAE,2010,4,21,17,16.3,39.1,7.2,2.4,4.71,9.3,28.3,0,957.2,319,3.1,6.4,76,187,49,63,27,26,218,327,71,19,97
WAE,2010,4,21,18,14.8,40.2,6.7,1.4,4.38,8.3,26,0,957.9,308,3.3,7.3,0,0,0,0,0,0,0,341,88,19,97
WAE,2010,4,21,19,13,43.3,6.5,0.8,4.25,7.3,23.8,0,958.5,256,2.2,3.8,0,0,0,0,0,0,0,338,94,19,97
WAE,2010,4,21,20,13.2,39.7,6,-0.2,3.92,7,23.2,0,959,261,2.7,4.2,0,0,0,0,0,0,0,340,80,19,97
WAE,2010,4,21,21,12.4,43.5,6.3,0.3,4.11,6.8,22.8,0,959,344,1.9,5.1,0,0,0,0,0,0,0,309,58,19,97
WAE,2010,4,21,22,11.7,41.7,5.7,-0.9,3.72,6.1,21.1,0,959.1,357,2,6.6,0,0,0,0,0,0,0,282,35,19,97
WAE,2010,4,21,23,10,46.5,5.7,-0.9,3.72,5.2,19.4,0,958.9,300,1.5,4.1,0,0,0,0,0,0,0,266,10,19,97
WAE,2010,4,22,0,9,50.4,5.8,-0.7,3.79,4.8,18.6,0,958.7,289,2.2,3.7,0,0,0,0,0,0,0,246,29,20,97
WAE,2010,4,22,1,8.1,54,5.8,-0.6,3.79,4.3,17.7,0,958.4,293,2.1,3.7,0,0,0,0,0,0,0,266,33,20,97
WAE,2010,4,22,2,7.1,58,5.9,-0.6,3.85,3.8,16.8,0,958.6,286,1.8,3.7,0,0,0,0,0,0,0,245,0,20,97
WAE,2010,4,22,3,6.3,60.8,5.8,-0.7,3.79,3.3,15.8,0,958.4,282,1.9,3.8,0,0,0,0,0,0,0,260,29,20,97
WAE,2010,4,22,4,5.7,62.7,5.8,-0.8,3.79,3,15.2,0,958.4,279,2,3.9,8,19,7,9,23,4,4,287,53,20,97
WAE,2010,4,22,5,5.4,64.3,5.8,-0.8,3.79,2.8,14.9,0,958.4,279,1.3,3.2,143,445,59,100,488,32,32,284,20,20,97
WAE,2010,4,22,6,6.3,62.7,6,-0.3,3.92,3.5,16.2,0,958.5,322,1.2,3.3,327,691,82,51,739,152,52,258,13,20,97
WAE,2010,4,22,7,7.2,60.6,6.1,0.1,3.99,4.1,17.2,0,958.2,355,1.3,3.4,513,827,92,67,808,333,69,268,19,20,97
WAE,2010,4,22,8,8.6,59.7,6.7,1.2,4.38,5.2,19.7,0,957.9,41,1.1,2.3,653,817,130,88,713,492,91,277,38,20,97
WAE,2010,4,22,9,9.9,55.9,6.8,1.5,4.45,6,21.2,0,957.4,45,1.2,2.6,783,893,120,96,585,629,100,274,29,20,97
WAE,2010,4,22,10,11.6,54.5,7.4,2.7,4.85,7.3,23.9,0,956.8,27,0.9,2.4,866,934,119,102,388,718,107,280,33,20,97
WAE,2010,4,22,11,13.3,47.9,7.3,2.5,4.79,8,25.5,0,956.2,37,1,2.3,862,876,147,109,145,720,239,286,45,20,97
WAE,2010,4,22,12,14.5,44.8,7.4,2.7,4.85,8.7,26.8,0,955.7,17,1.4,3.1,816,838,159,109,110,671,469,281,50,20,97
WAE,2010,4,22,13,15.9,42,7.6,3,4.99,9.4,28.6,0,955.2,21,2,4,741,863,126,94,95,585,635,293,33,20,97
WAE,2010,4,22,14,16.4,41.2,7.7,3.2,5.06,9.7,29.3,0,954.6,17,1.4,4.1,611,834,109,79,80,442,754,285,23,20,97
WAE,2010,4,22,15,16.8,40.4,7.7,3.3,5.06,9.9,29.7,0,954.2,4,1.6,3.9,439,721,106,66,66,267,751,299,26,20,97
WAE,2010,4,22,16,16.4,41.4,7.7,3.3,5.06,9.7,29.3,0,954.1,4,1.6,4.6,243,485,88,65,51,93,543,308,48,20,97
WAE,2010,4,22,17,15.5,46.6,8.2,4.1,5.39,9.6,29.2,0,954,8,2.2,4.8,45,76,30,30,17,16,95,333,84,20,97
WAE,2010,4,22,18,14.2,49.6,8,3.8,5.26,8.9,27.6,0,954,342,1.4,4.6,0,0,0,0,0,0,0,351,88,20,97
WAE,2010,4,22,19,13.2,51.4,7.8,3.4,5.13,8.3,26.2,0,954.4,331,1.2,4.6,0,0,0,0,0,0,0,334,74,20,97
WAE,2010,4,22,20,11.2,58.8,7.8,3.4,5.12,7.4,24.2,0,954.6,304,0.4,1.6,0,0,0,0,0,0,0,320,69,20,97
WAE,2010,4,22,21,10.2,62,7.7,3.3,5.06,6.9,23,0,954.4,198,0.4,1.6,0,0,0,0,0,0,0,285,49,20,97
WAE,2010,4,22,22,9.4,64.8,7.6,3.1,4.99,6.4,22,0,954.4,216,0.9,2.7,0,0,0,0,0,0,0,270,56,20,97
WAE,2010,4,22,23,8.7,73.4,8.3,4.2,5.46,6.5,22.5,0,954.2,188,1.5,3.5,0,0,0,0,0,0,0,273,48,20,97
WAE,2010,4,23,0,7.9,76,8.1,3.9,5.33,6,21.3,0,953.9,238,1,2,0,0,0,0,0,0,0,303,58,21,97
WAE,2010,4,23,1,7.6,75.9,7.9,3.6,5.19,5.7,20.7,0,953.8,242,1.8,2.6,0,0,0,0,0,0,0,334,94,21,97
WAE,2010,4,23,2,7.2,68.2,6.9,1.7,4.53,4.7,18.6,0,953.8,254,1.5,2.4,0,0,0,0,0,0,0,334,100,21,97
WAE,2010,4,23,3,6.9,67.2,6.7,1.2,4.4,4.4,18,0,953.9,261,1.3,2.9,0,0,0,0,0,0,0,334,100,21,97
WAE,2010,4,23,4,6.4,67.7,6.5,0.9,4.27,4,17.1,0,954.2,259,1,2.6,6,2,5,4,6,3,3,334,100,21,97
WAE,2010,4,23,5,6.8,65.6,6.5,0.8,4.26,4.2,17.5,0,954.7,276,1,2.5,103,125,77,64,174,42,42,333,100,21,97
WAE,2010,4,23,6,7.9,60.6,6.4,0.8,4.2,4.7,18.5,0,955,294,1.3,2.3,280,400,131,73,484,148,72,326,84,21,97
WAE,2010,4,23,7,8.7,59.4,6.6,1.2,4.33,5.3,19.6,0,954.8,333,1.2,2.9,462,592,159,90,653,307,90,329,71,21,97
WAE,2010,4,23,8,9.7,60.4,7.3,2.4,4.79,6.3,21.8,0,954.9,24,1.1,2.9,581,557,224,122,592,433,122,333,88,21,97
WAE,2010,4,23,9,11.2,60.8,8.1,3.9,5.32,7.6,24.7,0,955,34,1.1,2.3,566,289,353,193,408,406,188,342,100,21,97
WAE,2010,4,23,10,12.1,58,8.2,4.1,5.39,8.1,25.8,0,954.7,39,0.7,1.9,580,220,403,223,341,407,216,350,100,21,97
WAE,2010,4,23,11,13.3,52.9,8.1,3.9,5.32,8.6,26.8,0,954.5,32,0.9,2.7,652,330,382,206,228,488,306,354,100,21,97
WAE,2010,4,23,12,15.2,50.6,8.7,5,5.72,9.9,29.8,0,954.4,6,1,2.5,705,507,305,162,162,558,437,356,94,21,97
WAE,2010,4,23,13,16.6,47.9,9,5.5,5.92,10.7,31.7,0,954.5,317,2,4.5,555,313,328,179,178,400,414,356,100,21,97
WAE,2010,4,23,14,16.6,46.8,8.9,5.2,5.85,10.6,31.5,0,954.7,325,1.7,3.9,409,194,293,164,163,266,345,356,100,21,97
WAE,2010,4,23,15,17,44.3,8.6,4.8,5.65,10.6,31.4,0,954.8,356,1.5,4.7,342,305,198,109,108,214,416,356,81,21,97
WAE,2010,4,23,16,16.4,46.6,8.7,4.9,5.72,10.4,31,0,955.1,10,2.3,4.9,158,108,121,71,69,84,180,355,94,21,97
WAE,2010,4,23,17,15.5,49.8,8.8,5.1,5.78,10.1,30.2,0,955.5,23,2.5,4.8,62,91,51,51,30,28,120,355,88,21,97
WAE,2010,4,23,18,14.2,50.8,8.2,4.2,5.38,9.1,27.9,0,956.2,32,1.3,4.4,0,0,0,0,0,0,0,349,78,21,97
WAE,2010,4,23,19,13.5,49.7,7.6,3.2,4.98,8.4,26.1,0,957,90,0.8,4.1,0,0,0,0,0,0,0,346,81,21,97
WAE,2010,4,23,20,12.1,54.3,7.7,3.2,5.04,7.7,24.9,0,957.3,243,0.5,1.3,0,0,0,0,0,0,0,326,80,21,97
WAE,2010,4,23,21,11.3,57.4,7.7,3.2,5.04,7.4,24.1,0,957.4,243,0.4,1.6,0,0,0,0,0,0,0,331,71,21,97
WAE,2010,4,23,22,10.6,59.4,7.6,3,4.98,6.9,23.2,0,957.7,270,0.2,1.1,0,0,0,0,0,0,0,304,33,21,97
WAE,2010,4,23,23,10.1,62.8,7.8,3.3,5.11,6.8,23,0,957.9,315,0.3,0.8,0,0,0,0,0,0,0,292,60,21,97
WAE,2010,4,24,0,9.7,61.8,7.4,2.7,4.84,6.4,21.9,0,958.1,278,0.7,1.8,0,0,0,0,0,0,0,317,100,19,97
WAE,2010,4,24,1,8.8,63.6,7.2,2.3,4.71,5.8,20.7,0,958.5,263,0.8,1.6,0,0,0,0,0,0,0,321,68,19,97
WAE,2010,4,24,2,8.1,65.5,7,2,4.57,5.3,19.6,0,958.8,241,1.1,2.1,0,0,0,0,0,0,0,294,38,19,97
WAE,2010,4,24,3,7.6,65.4,6.8,1.5,4.44,4.8,18.8,0,959.1,260,1.1,1.8,0,0,0,0,0,0,0,265,0,19,97
WAE,2010,4,24,4,7.3,64.8,6.6,1.1,4.31,4.5,18.2,0,959.5,265,1.1,2,18,74,13,27,80,7,7,268,6,19,97
WAE,2010,4,24,5,8,61,6.6,0.9,4.31,4.8,18.9,0,959.9,249,0.9,2.1,146,414,62,98,458,33,33,267,6,19,97
WAE,2010,4,24,6,9.3,62.5,7.3,2.5,4.76,6.1,21.3,0,960.4,45,0.6,1.4,334,699,80,59,742,136,50,263,0,19,97
WAE,2010,4,24,7,10,62.2,7.6,3.1,4.96,6.7,22.5,0,960.5,32,1,2,521,826,92,65,804,326,68,266,0,19,97
WAE,2010,4,24,8,11.4,54.5,7.4,2.6,4.83,7.2,23.6,0,960.7,36,1.3,2.7,667,866,105,80,722,485,83,268,0,19,97
WAE,2010,4,24,9,12.9,53.6,8,3.7,5.22,8.3,26.1,0,960.8,41,1,2.4,782,885,120,93,576,612,96,271,0,19,97
WAE,2010,4,24,10,15.3,50.2,8.7,5,5.69,9.9,29.8,0,960.5,360,0.6,2.4,863,934,110,97,377,697,102,273,0,19,97
WAE,2010,4,24,11,17.3,47.5,9.4,6,6.15,11.2,33,0,960.2,14,0.8,2.6,887,949,107,98,133,721,217,281,0,19,97
WAE,2010,4,24,12,19,44.9,9.9,6.8,6.48,12.2,35.5,0,960.2,333,1.1,4.1,840,913,117,96,97,673,454,286,0,19,97
WAE,2010,4,24,13,20.2,42,9.9,6.9,6.48,12.8,36.8,0,960.1,11,1.6,5.5,742,857,126,91,91,570,628,285,0,19,97
WAE,2010,4,24,14,20.4,41.9,10.1,7,6.61,12.9,37.3,0,960,19,1.8,6.4,601,776,130,82,82,423,722,285,0,19,97
WAE,2010,4,24,15,20.7,40.8,10,6.9,6.55,13,37.4,0,960,45,1.2,3.2,443,724,104,64,64,257,751,284,0,19,97
WAE,2010,4,24,16,20.5,39.6,9.5,6.3,6.22,12.6,36.4,0,960.2,18,1,3.4,263,582,83,75,47,86,638,284,0,19,97
WAE,2010,4,24,17,19.4,44.4,10,7,6.54,12.5,36.1,0,960.6,36,1.9,5.8,98,341,47,96,26,25,371,283,0,19,97
WAE,2010,4,24,18,17.3,49.5,9.8,6.6,6.41,11.5,33.6,0,961.3,45,1.9,6,0,0,0,0,0,0,0,282,0,19,97
WAE,2010,4,24,19,15.8,51.8,9.3,5.9,6.07,10.5,31.2,0,962.1,171,0.7,1.8,0,0,0,0,0,0,0,279,0,19,97
WAE,2010,4,24,20,14.5,55.3,9.1,5.7,5.94,9.9,29.6,0,962.5,270,0.3,1.3,0,0,0,0,0,0,0,277,0,19,97
WAE,2010,4,24,21,13.6,58.1,9.1,5.5,5.94,9.4,28.7,0,962.6,233,0.5,1.4,0,0,0,0,0,0,0,275,0,19,97
WAE,2010,4,24,22,13.2,61.8,9.4,6,6.13,9.4,28.8,0,962.9,146,0.4,1.3,0,0,0,0,0,0,0,273,0,19,97
WAE,2010,4,24,23,12.4,66.8,9.6,6.4,6.26,9.3,28.3,0,963.3,180,0.5,1.7,0,0,0,0,0,0,0,271,0,19,97
WAE,2010,4,25,0,11.6,70.7,9.6,6.5,6.26,8.9,27.4,0,963.3,180,0.8,3.2,0,0,0,0,0,0,0,270,0,19,97
WAE,2010,4,25,1,10.8,74.6,9.6,6.5,6.26,8.6,26.6,0,963.4,292,0.5,1.1,0,0,0,0,0,0,0,271,0,19,97
WAE,2010,4,25,2,10.3,76,9.5,6.3,6.19,8.2,26,0,963.7,284,0.4,1.1,0,0,0,0,0,0,0,271,0,19,97
WAE,2010,4,25,3,9.7,74.8,9,5.5,5.86,7.6,24.5,0,964.1,198,0.3,1,0,0,0,0,0,0,0,272,0,19,97
WAE,2010,4,25,4,9.7,69.4,8.3,4.4,5.4,7.1,23.3,0,964.4,207,0.7,1.4,18,68,13,26,74,7,7,272,0,19,97
WAE,2010,4,25,5,9.8,71.6,8.7,4.9,5.66,7.4,24.1,0,965.2,101,0.6,1.2,153,458,59,105,499,32,32,273,6,19,97
WAE,2010,4,25,6,11,80.3,10.5,7.7,6.84,9.2,28.3,0,965.7,45,0.3,1.2,331,669,85,61,715,133,51,279,6,19,97
WAE,2010,4,25,7,12.3,75.8,10.8,8.2,7.03,10.1,30.1,0,965.8,56,0.4,1.2,488,687,132,76,712,306,77,310,49,19,97
WAE,2010,4,25,8,13.9,63.9,10.1,7.2,6.57,10.3,30.6,0,965.9,34,0.7,1.7,651,789,135,86,688,471,88,300,41,19,97
WAE,2010,4,25,9,15.6,56.8,10,7.1,6.51,11,32.1,0,965.9,37,1.1,2.3,780,873,124,92,571,603,96,302,13,19,97
WAE,2010,4,25,10,17.2,54.5,10.7,8,6.97,12.1,34.9,0,965.6,39,1.3,2.7,858,910,120,98,376,686,102,295,0,19,97
WAE,2010,4,25,11,19.2,50,11.1,8.5,7.24,13.1,37.7,0,965.2,42,1.2,2.7,862,870,144,104,137,695,234,315,23,19,97
WAE,2010,4,25,12,20.2,44.6,10.6,7.8,6.91,13.2,37.9,0,964.9,28,1.7,3,783,722,207,119,120,619,442,346,65,19,97
WAE,2010,4,25,13,21.2,43.7,11,8.4,7.17,13.8,39.5,0,964.8,20,1.5,3,603,408,307,157,157,438,467,368,100,19,97
WAE,2010,4,25,14,21.9,37.9,10,6.9,6.52,13.4,38.6,0,964.5,25,1.7,3,489,367,263,136,136,333,472,366,100,19,97
WAE,2010,4,25,15,21.9,35.3,9.3,5.9,6.06,13,37.4,0,964.4,34,1.1,2.8,331,249,211,113,112,198,365,370,100,19,97
WAE,2010,4,25,16,21.9,30.5,8,3.8,5.2,12.2,35.2,0,964.4,69,0.9,2.1,195,220,130,89,71,85,300,364,81,19,97
WAE,2010,4,25,17,21.1,37.6,9.3,6.1,6.06,12.8,36.6,0,964.5,209,1.2,3.1,89,258,49,82,27,26,288,341,68,19,97
WAE,2010,4,25,18,18.3,48.1,10.1,7.1,6.58,12.1,35.1,0,964.9,219,3.9,4.9,0,0,0,0,0,0,0,367,100,19,97
WAE,2010,4,25,19,16.9,49.7,9.6,6.3,6.25,11.2,32.8,0,965.5,228,2.5,4.8,0,0,0,0,0,0,0,350,74,19,97
WAE,2010,4,25,20,16.7,50.1,9.5,6.3,6.18,11.1,32.4,0,965.8,247,1.6,6.1,0,0,0,0,0,0,0,345,80,19,97
WAE,2010,4,25,21,17.3,51.5,10.2,7.2,6.64,11.7,34.2,0,966.3,230,6,10.4,0,0,0,0,0,0,0,364,100,19,97
WAE,2010,4,25,22,16.5,55.9,10.5,7.7,6.84,11.6,33.9,0,965.9,210,6.4,12,0,0,0,0,0,0,0,345,81,19,97
WAE,2010,4,25,23,15.3,62.8,10.9,8.3,7.1,11.4,33.3,0,965.9,191,1.6,6.6,0,0,0,0,0,0,0,355,100,19,97
WAE,2010,4,26,0,15,65.6,11.2,8.6,7.3,11.4,33.5,0,965.8,311,1,2.3,0,0,0,0,0,0,0,357,100,19,97
WAE,2010,4,26,1,15,66.8,11.4,8.9,7.43,11.6,33.9,0,965.8,229,3,5.8,0,0,0,0,0,0,0,358,100,19,97
WAE,2010,4,26,2,14.7,66.4,11.1,8.5,7.23,11.3,33.1,0,966.1,252,2.4,6.8,0,0,0,0,0,0,0,333,64,19,97
WAE,2010,4,26,3,13.7,70.5,11.1,8.4,7.22,10.8,32,0,966.7,252,1.9,4.7,0,0,0,0,0,0,0,342,68,19,97
WAE,2010,4,26,4,14.1,68.4,11,8.4,7.15,11,32.2,0,967.5,262,3.4,6.1,1,0,1,1,1,1,1,358,100,19,97
WAE,2010,4,26,5,14.1,68.5,11,8.4,7.15,11,32.2,0,968.2,263,2.6,5.5,21,0,21,12,12,11,12,358,100,19,97
WAE,2010,4,26,6,13.7,72.2,11.3,8.8,7.34,11,32.3,0.1,968.8,286,2,4.2,42,0,42,25,24,23,23,359,100,19,97
WAE,2010,4,26,7,12.4,86.7,12.5,10.2,8.13,11.2,33,1.7,969.2,293,1.6,4.6,83,0,83,48,48,45,46,361,100,19,97
WAE,2010,4,26,8,12.1,93,13.1,11,8.52,11.5,33.7,1.7,969.5,333,0.7,2,135,0,135,79,78,74,75,363,100,19,97
WAE,2010,4,26,9,12.4,93.4,13.4,11.4,8.72,11.8,34.5,0.2,969.7,85,1.2,2.2,161,0,161,94,93,88,90,365,100,19,97
WAE,2010,4,26,10,13,91.7,13.8,11.7,8.98,12.2,35.7,0,969.5,86,1.7,3.4,331,162,197,111,163,230,108,367,94,19,97
WAE,2010,4,26,11,14.2,86.9,14.1,12.1,9.19,13,37.5,0,968.9,88,2.6,5.1,701,474,308,170,210,527,250,360,68,19,97
WAE,2010,4,26,12,14.9,79.1,13.4,11.3,8.73,12.8,37,0,968.5,96,3.7,6.8,696,521,277,156,155,523,384,358,60,19,97
WAE,2010,4,26,13,16.1,68.4,12.5,10.3,8.14,12.7,36.8,0,967.8,96,3,5.6,706,716,188,107,107,532,594,339,60,19,97
WAE,2010,4,26,14,17.2,55.8,11,8.3,7.16,12.2,35.4,0,967.2,95,2.3,4.9,578,667,167,94,94,400,659,353,68,19,97
WAE,2010,4,26,15,17.2,55,10.8,8.1,7.03,12.1,35.1,0,966.8,99,2,4.1,400,496,163,87,87,235,576,352,75,19,97
WAE,2010,4,26,16,17.5,54,10.8,8.1,7.03,12.2,35.4,0,966.6,105,1.6,3.7,158,138,113,69,62,73,207,366,88,19,97
WAE,2010,4,26,17,16.7,55.1,10.5,7.7,6.83,11.7,34.1,0,966.8,66,2.4,7.8,35,96,24,38,13,13,109,364,81,19,97
WAE,2010,4,26,18,14.8,63,10.6,7.8,6.89,11,32.3,0,967,133,2.2,4.9,0,0,0,0,0,0,0,353,100,19,97
WAE,2010,4,26,19,13.5,64.8,10,7,6.49,10,30,0,967.7,146,1.1,2.5,0,0,0,0,0,0,0,360,100,19,97
WAE,2010,4,26,20,12.6,77,11.2,8.7,7.28,10.5,31,0.4,968.3,250,6.1,10.8,0,0,0,0,0,0,0,358,100,19,97
WAE,2010,4,26,21,11.7,84.2,11.6,9.1,7.55,10.3,30.8,0.2,967.8,229,3.4,7.4,0,0,0,0,0,0,0,355,100,19,97
WAE,2010,4,26,22,11.3,84.8,11.4,8.8,7.41,9.9,30,0,967.9,256,0.8,2.9,0,0,0,0,0,0,0,353,100,19,97
WAE,2010,4,26,23,11,82.7,10.9,8.2,7.08,9.5,28.9,0,968.1,237,2.4,4.8,0,0,0,0,0,0,0,351,100,19,97
WAE,2010,4,27,0,10.6,84.9,10.9,8.2,7.09,9.3,28.5,0,967.7,231,1.3,2.3,0,0,0,0,0,0,0,349,100,20,97
WAE,2010,4,27,1,10.3,85,10.7,7.9,6.96,9,27.9,0,967.6,240,1.5,3.2,0,0,0,0,0,0,0,349,100,20,97
WAE,2010,4,27,2,9.9,86.6,10.6,7.8,6.89,8.8,27.3,0,967.4,256,0.5,2.2,0,0,0,0,0,0,0,345,84,20,97
WAE,2010,4,27,3,9,89.6,10.3,7.4,6.7,8.2,25.9,0,967.2,225,0.6,1.8,0,0,0,0,0,0,0,313,48,20,97
WAE,2010,4,27,4,8.8,91.1,10.3,7.4,6.69,8.1,25.7,0,967.3,270,0.3,1.3,17,39,14,19,46,8,8,309,45,20,97
WAE,2010,4,27,5,9.6,87.4,10.5,7.6,6.82,8.5,26.8,0,968,163,1,2.2,164,470,62,114,515,35,35,307,36,20,97
WAE,2010,4,27,6,10.8,84.4,11,8.3,7.15,9.5,28.9,0,968.1,360,0.5,2,310,499,123,80,577,137,68,312,63,20,97
WAE,2010,4,27,7,11.5,85.2,11.5,9.1,7.48,10.2,30.4,0,968.4,29,1,2.8,508,745,114,75,751,313,77,317,44,20,97
WAE,2010,4,27,8,13.3,76.1,11.6,9.2,7.54,11,32.4,0,968.6,36,1.3,3.1,660,803,129,91,698,473,93,304,29,20,97
WAE,2010,4,27,9,14.8,67.7,11.4,8.9,7.41,11.5,33.6,0,968.5,63,1.1,2.7,788,859,135,102,575,607,106,323,31,20,97
WAE,2010,4,27,10,16.4,63.1,11.7,9.4,7.61,12.4,35.8,0,967.9,65,1.5,4.3,884,942,115,105,388,702,110,313,6,20,97
WAE,2010,4,27,11,17.2,53.6,10.5,7.7,6.82,11.9,34.6,0,967.6,76,2.1,4,889,935,112,106,139,711,228,330,13,20,97
WAE,2010,4,27,12,18.3,48.7,10.2,7.3,6.63,12.2,35.2,0,967.6,27,1.7,5.2,729,593,250,147,147,560,411,368,56,20,97
WAE,2010,4,27,13,19.5,47,10.7,7.9,6.96,12.9,37.3,0,967.5,33,3.8,7.2,468,168,348,196,195,302,328,367,88,20,97
WAE,2010,4,27,14,19.1,45,10,6.9,6.5,12.3,35.7,0,967.4,72,2.1,4.7,473,321,273,147,147,317,442,357,71,20,97
WAE,2010,4,27,15,18.4,47.4,10,7,6.5,12.1,35,0,967.4,81,2,4.3,355,361,187,103,103,205,465,356,71,20,97
WAE,2010,4,27,16,18.3,47.8,10,7,6.5,12.1,34.9,0,967.6,70,2.8,7.1,102,80,81,58,46,46,129,337,71,20,97
WAE,2010,4,27,17,17.7,48.8,9.9,6.8,6.43,11.7,34.1,0,967.7,103,1.9,5,83,166,58,73,33,31,200,321,50,20,97
WAE,2010,4,27,18,16.3,52.3,9.7,6.5,6.3,11,32.3,0,967.9,135,1.4,2.8,3,0,3,2,2,2,2,322,38,20,97
WAE,2010,4,27,19,14.9,56.7,9.6,6.4,6.23,10.4,30.7,0,968.5,157,2.3,3.4,0,0,0,0,0,0,0,277,0,20,97
WAE,2010,4,27,20,13.7,61.7,9.7,6.5,6.29,9.9,29.7,0,968.8,162,2.6,4.3,0,0,0,0,0,0,0,285,13,20,97
WAE,2010,4,27,21,12.7,66.8,9.8,6.7,6.36,9.5,28.8,0,968.9,169,2.6,4,0,0,0,0,0,0,0,314,35,20,97
WAE,2010,4,27,22,11.3,72.6,9.7,6.6,6.29,8.8,27.2,0,969,162,0.7,2.6,0,0,0,0,0,0,0,295,25,20,97
WAE,2010,4,27,23,11,72.5,9.5,6.3,6.16,8.6,26.6,0,968.7,169,1.8,5,0,0,0,0,0,0,0,300,23,20,97
WAE,2010,4,28,0,10.5,73.3,9.3,5.9,6.03,8.1,25.7,0,968.4,162,2.7,5.9,0,0,0,0,0,0,0,264,0,18,97
WAE,2010,4,28,1,9.5,78.1,9.3,5.9,6.03,7.7,24.7,0,968.3,159,0.9,2.7,0,0,0,0,0,0,0,277,13,18,97
WAE,2010,4,28,2,8.8,80.6,9.1,5.7,5.9,7.2,23.7,0,968.3,162,1.1,2.6,0,0,0,0,0,0,0,302,35,18,97
WAE,2010,4,28,3,8.8,79.9,9.1,5.5,5.9,7.1,23.7,0,968.4,172,1.5,5.2,0,0,0,0,0,0,0,318,65,18,97
WAE,2010,4,28,4,8.4,80.6,8.9,5.3,5.77,6.9,22.9,0,968.5,184,1.7,4.6,13,16,11,11,22,6,6,338,94,18,97
WAE,2010,4,28,5,9.2,77.6,9,5.5,5.83,7.3,23.9,0,968.7,180,0.7,1.9,164,415,69,106,463,37,37,309,56,18,97
WAE,2010,4,28,6,10.8,75.1,9.7,6.6,6.29,8.6,26.7,0,968.6,63,0.5,1.9,294,393,148,89,487,130,76,310,68,18,97
WAE,2010,4,28,7,11.6,75.5,10.3,7.4,6.69,9.4,28.5,0,968.6,41,0.9,2,487,613,153,87,648,299,87,326,68,18,97
WAE,2010,4,28,8,13.1,66,10,6.9,6.49,9.8,29.6,0,968.6,37,1,2.2,650,736,158,95,658,455,97,325,59,18,97
WAE,2010,4,28,9,15.2,61,10.5,7.7,6.82,11.1,32.5,0,968.4,45,1.2,2.8,801,901,114,91,573,600,94,283,13,18,97
WAE,2010,4,28,10,16.9,54.3,10.4,7.6,6.76,11.8,34.1,0,967.9,63,1.1,2.7,885,935,118,98,379,688,102,279,6,18,97
WAE,2010,4,28,11,18.2,51.8,10.8,8.1,7.02,12.5,36.1,0,967.4,37,1,2.2,876,879,142,103,135,688,238,290,0,18,97
WAE,2010,4,28,12,19.7,40.6,9.3,5.9,6.04,12.1,35.1,0,966.9,27,0.9,2.6,857,931,109,94,95,658,455,298,0,18,97
WAE,2010,4,28,13,20.8,35.4,8.7,5,5.65,12.2,35.3,0,966.4,23,1.6,3,762,889,111,87,88,557,634,296,0,18,97
WAE,2010,4,28,14,21.6,36.7,9.5,6.2,6.18,13,37.4,0,965.5,33,1.7,3,614,777,131,81,82,410,722,294,0,18,97
WAE,2010,4,28,15,21.5,35.6,9.2,5.7,5.99,12.8,36.8,0,965.1,31,1.2,2.6,467,784,90,60,60,246,793,293,0,18,97
WAE,2010,4,28,16,21.6,34.5,8.9,5.3,5.79,12.6,36.4,0,964.8,30,0.8,1.9,286,662,74,80,44,78,709,291,0,18,97
WAE,2010,4,28,17,21.1,36.1,9,5.5,5.86,12.5,36.1,0,964.5,53,0.5,1.5,107,354,50,107,27,26,384,300,13,18,97
WAE,2010,4,28,18,19.3,43.7,9.7,6.7,6.32,12.3,35.4,0,964.6,169,1,2,4,0,4,2,2,2,2,315,40,18,97
WAE,2010,4,28,19,16.8,54,10.3,7.4,6.71,11.6,33.9,0,965.1,208,1.5,2.8,0,0,0,0,0,0,0,313,44,18,97
WAE,2010,4,28,20,15.6,57.8,10.2,7.3,6.64,11.1,32.5,0,965.1,221,1,2.7,0,0,0,0,0,0,0,313,56,18,97
WAE,2010,4,28,21,14.2,62.8,10.2,7.2,6.64,10.4,31.1,0,965,225,1,2.7,0,0,0,0,0,0,0,329,61,18,97
WAE,2010,4,28,22,13.3,67.6,10.3,7.4,6.71,10.1,30.3,0,964.7,243,0.5,1.8,0,0,0,0,0,0,0,309,41,18,97
WAE,2010,4,28,23,12.9,68.3,10.2,7.2,6.65,9.9,29.7,0,964.5,163,1.7,3.4,0,0,0,0,0,0,0,304,35,18,97
WAE,2010,4,29,0,12.5,70.6,10.2,7.3,6.65,9.7,29.3,0,964.2,156,1.3,2.5,0,0,0,0,0,0,0,325,63,16,97
WAE,2010,4,29,1,12.2,71.1,10.1,7.1,6.59,9.5,28.9,0,963.9,148,1,2.5,0,0,0,0,0,0,0,295,25,16,97
WAE,2010,4,29,2,11.6,72.7,9.9,6.9,6.46,9.1,27.9,0,963.5,144,0.9,1.8,0,0,0,0,0,0,0,302,25,16,97
WAE,2010,4,29,3,11,75.3,9.9,6.8,6.46,8.8,27.3,0,963.2,166,0.4,1.3,0,0,0,0,0,0,0,280,6,16,97
WAE,2010,4,29,4,10.5,77.1,9.8,6.7,6.39,8.5,26.7,0,963,270,0.2,0.7,22,65,16,28,73,8,8,301,10,16,97
WAE,2010,4,29,5,12.3,71.3,10.2,7.3,6.66,9.6,29.2,0,963.1,153,0.3,0.9,165,450,65,113,492,32,33,286,0,16,97
WAE,2010,4,29,6,13.7,70.3,11,8.4,7.19,10.8,31.9,0,963.1,68,0.6,1.6,353,714,78,57,746,121,45,284,0,16,97
WAE,2010,4,29,7,15.2,60,10.4,7.5,6.79,11,32.5,0,962.9,63,0.9,2.3,530,824,87,57,784,297,58,287,0,16,97
WAE,2010,4,29,8,16.7,52.4,10,6.9,6.53,11.3,33.3,0,962.6,67,1.3,2.6,677,860,103,70,700,453,72,290,0,16,97
WAE,2010,4,29,9,19.4,47.9,10.7,8.1,6.99,13,37.3,0,962.2,78,1.5,3.1,809,918,106,79,564,587,82,293,19,16,97
WAE,2010,4,29,10,20.7,42.4,10.4,7.5,6.8,13.2,38.1,0,961.3,73,1.7,3.7,842,835,154,93,370,638,95,319,33,16,97
WAE,2010,4,29,11,22.2,42.7,11.4,8.9,7.47,14.4,41.3,0,960.5,48,1.5,2.8,879,900,126,88,126,669,210,330,31,16,97
WAE,2010,4,29,12,23,38.3,10.7,8,7.01,14.3,41,0,959.7,35,1.7,2.9,853,934,99,81,81,634,434,327,6,16,97
WAE,2010,4,29,13,24.3,36.3,11,8.4,7.22,15,42.8,0,959,4,1.5,3.9,741,826,134,81,82,528,604,339,20,16,97
WAE,2010,4,29,14,24.2,35.5,10.7,8,7.02,14.8,42.2,0,958.2,24,2.3,4.6,601,742,138,75,76,389,690,336,39,16,97
WAE,2010,4,29,15,24.1,38,11.4,8.9,7.49,15.1,43.3,0,957.7,39,1.5,3.2,449,701,109,59,59,232,724,313,6,16,97
WAE,2010,4,29,16,23.9,37.4,11.1,8.5,7.3,14.9,42.6,0,957.2,45,1,2.1,272,566,88,79,45,76,620,320,0,16,97
WAE,2010,4,29,17,23.2,39,11.1,8.5,7.3,14.6,41.9,0,957,99,0.9,1.8,114,376,52,115,26,25,406,314,16,16,97
WAE,2010,4,29,18,20.5,49.4,11.9,9.5,7.83,14.1,40.5,0,957,213,3,5.7,4,0,4,2,2,2,2,325,36,16,97
WAE,2010,4,29,19,21.5,33.2,8.5,4.7,5.57,12.4,35.8,0,957.4,208,5.2,8,0,0,0,0,0,0,0,322,44,16,97
WAE,2010,4,29,20,21,34.3,8.6,4.7,5.64,12.2,35.4,0,957.5,206,5.3,8.8,0,0,0,0,0,0,0,337,56,16,97
WAE,2010,4,29,21,19.9,41.7,9.6,6.5,6.3,12.5,36,0,957.6,194,1.6,5.7,0,0,0,0,0,0,0,355,94,16,97
WAE,2010,4,29,22,18.4,49,10.4,7.5,6.83,12.3,35.8,0,957.8,225,0.8,4.3,0,0,0,0,0,0,0,366,94,16,97
WAE,2010,4,29,23,16.2,57.7,10.7,7.9,7.03,11.6,34.1,0,957.8,166,0.8,1.9,0,0,0,0,0,0,0,364,81,16,97
WAE,2010,4,30,0,16,57.4,10.5,7.6,6.89,11.4,33.5,0,958,219,1.1,2.7,0,0,0,0,0,0,0,362,100,15,97
WAE,2010,4,30,1,16.6,54.3,10.2,7.3,6.7,11.5,33.6,0,957.8,214,2.7,4.8,0,0,0,0,0,0,0,367,100,15,97
WAE,2010,4,30,2,16.4,57.8,10.8,8.1,7.09,11.8,34.4,0,958.6,257,2,3.8,0,0,0,0,0,0,0,363,94,15,97
WAE,2010,4,30,3,15.8,60.2,10.8,8.1,7.09,11.5,33.8,0,958.7,230,2.6,4.8,0,0,0,0,0,0,0,367,100,15,97
WAE,2010,4,30,4,15.5,61,10.7,8,7.02,11.4,33.3,0,958.3,227,2.2,3.6,8,0,8,4,4,4,4,364,100,15,97
WAE,2010,4,30,5,15.1,68.8,11.8,9.4,7.75,11.9,34.8,0,958.6,159,1.3,3.6,106,85,87,65,135,44,45,368,88,15,97
WAE,2010,4,30,6,16.8,63.4,12.1,9.8,7.95,12.8,37,0,958.4,166,0.8,2.6,154,36,138,76,113,80,72,365,100,15,97
WAE,2010,4,30,7,17.5,61.4,12.2,10,8.02,13.1,37.9,0,958.1,90,1.3,2.7,383,282,228,116,392,223,112,355,81,15,97
WAE,2010,4,30,8,18.9,51.8,11.3,8.8,7.42,13.1,37.8,0,958,69,1.4,3,556,444,256,122,498,370,120,349,71,15,97
WAE,2010,4,30,9,19.5,44.7,10.1,7.2,6.63,12.6,36.4,0,958.1,333,2.2,9.8,671,511,278,130,472,477,128,353,68,15,97
WAE,2010,4,30,10,20.8,39.7,9.8,6.6,6.43,12.9,37.2,0,957.8,282,4.2,9.1,635,362,337,166,345,441,161,367,81,15,97
WAE,2010,4,30,11,20.6,42.3,10.3,7.4,6.77,13.1,37.9,0,957.3,301,3.3,7.7,633,285,393,195,216,429,280,382,100,15,97
WAE,2010,4,30,12,20.6,46.4,11.3,8.7,7.44,13.7,39.6,0,956.5,9,2.6,5.9,648,367,351,169,168,451,375,375,94,15,97
WAE,2010,4,30,13,20.8,45.8,11.3,8.7,7.44,13.8,39.8,0,956,45,1.7,4.1,473,182,336,174,173,296,307,363,88,15,97
WAE,2010,4,30,14,21.4,42.8,11,8.2,7.24,13.8,39.9,0,955.4,18,1.6,4.5,423,217,288,148,147,254,350,368,81,15,97
WAE,2010,4,30,15,20.7,48,11.7,9.3,7.71,14,40.4,0,955.6,316,3.8,12.6,141,23,131,73,72,73,93,374,100,15,97
WAE,2010,4,30,16,17.7,64.5,12.7,10.4,8.36,13.4,39,0,956.4,306,6.1,12.3,48,3,47,27,26,25,28,376,100,15,97
WAE,2010,4,30,17,15.9,76.1,13.5,11.4,8.89,13.2,38.5,0.2,957,308,4.3,10.7,51,83,40,45,22,21,104,374,88,15,97
WAE,2010,4,30,18,15.2,82.1,13.9,11.9,9.17,13.2,38.4,1.1,957.4,302,1.5,3.6,2,0,2,1,1,1,1,372,100,15,97
WAE,2010,4,30,19,14.3,88.1,14.3,12.3,9.42,13.1,38.2,4.6,957.8,162,0.8,2.4,0,0,0,0,0,0,0,370,100,15,97
WAE,2010,4,30,20,14,88,14,11.9,9.24,12.8,37.4,0.5,957.8,114,1.3,2.9,0,0,0,0,0,0,0,368,100,15,97
WAE,2010,4,30,21,13.4,87,13.5,11.2,8.91,12.2,36,0,958,112,1.2,3.6,0,0,0,0,0,0,0,366,100,15,97
WAE,2010,4,30,22,13.1,84.7,12.9,10.4,8.5,11.6,34.6,0,958.2,99,0.7,2.7,0,0,0,0,0,0,0,356,78,15,97
WAE,2010,4,30,23,12.6,80.5,12,9.2,7.88,10.8,32.6,0.1,958.4,90,0.8,4.2,0,0,0,0,0,0,0,359,94,15,97
WAE,2012,5,1,0,12.2,76.5,11.1,8,7.26,10,30.6,0,958.6,247,4,8.6,0,0,0,0,0,0,0,342,88,16,97
WAE,2012,5,1,1,11.8,72.7,10.2,6.9,6.68,9.3,28.6,0,959,242,3.4,6.6,0,0,0,0,0,0,0,341,81,16,97
WAE,2012,5,1,2,11.4,70.9,9.7,6.2,6.33,8.8,27.4,0,959.3,232,3.1,6.6,0,0,0,0,0,0,0,341,94,16,97
WAE,2012,5,1,3,11.2,69,9.2,5.7,6.01,8.4,26.4,0,959.7,243,3.3,6.4,0,0,0,0,0,0,0,341,100,16,97
WAE,2012,5,1,4,11,69.3,9,5.5,5.92,8.2,25.9,0,960,254,2.2,3.6,1,0,1,1,1,1,1,348,94,16,97
WAE,2012,5,1,5,11.1,70,9.2,5.8,6.04,8.4,26.4,0,960.3,280,1.3,2.9,33,0,33,19,19,18,18,352,100,16,97
WAE,2012,5,1,6,11.3,70.6,9.4,6.2,6.16,8.7,26.9,0,960.6,207,0.6,2,138,39,122,68,109,71,65,352,100,16,97
WAE,2012,5,1,7,11.9,68.7,9.5,6.3,6.21,9,27.6,0,960.8,68,1.2,2.8,131,0,131,74,74,69,71,355,100,16,97
WAE,2012,5,1,8,12.4,65.8,9.5,6.2,6.21,9.2,28.1,0,961.2,67,1.3,2.8,167,0,167,95,94,88,90,357,100,16,97
WAE,2012,5,1,9,12.9,63.1,9.4,6.1,6.14,9.3,28.5,0,961.1,45,0.6,1.4,232,1,231,131,131,123,125,359,100,16,97
WAE,2012,5,1,10,13.6,59.4,9.2,5.8,6.01,9.5,28.9,0,960.7,49,1,2,514,169,372,196,274,328,189,361,94,16,97
WAE,2012,5,1,11,15.2,52.8,9.1,5.6,5.95,10.1,30.3,0,960.3,55,1.3,3,743,546,282,155,167,527,260,347,81,16,97
WAE,2012,5,1,12,17,52.2,10.1,7.1,6.61,11.6,33.8,0,960,48,1.5,3.9,575,260,363,191,190,376,329,361,88,16,97
WAE,2012,5,1,13,16.2,52.7,9.7,6.5,6.35,11,32.4,0,959.6,32,0.9,3,316,71,265,145,144,183,199,366,100,16,97
WAE,2012,5,1,14,17,52.3,10.2,7.2,6.69,11.6,34,0,959.1,353,0.8,2.8,326,74,276,152,150,186,214,366,100,16,97
WAE,2012,5,1,15,17,54.2,10.5,7.7,6.89,11.8,34.5,0,958.9,277,1.7,3.9,223,56,195,108,107,120,161,359,88,16,97
WAE,2012,5,1,16,16.9,56.9,11,8.3,7.22,12.1,35.3,0,958.8,236,2.3,5,76,1,75,43,42,40,41,367,100,16,97
WAE,2012,5,1,17,16.5,59.7,11.2,8.6,7.35,12.1,35.2,0,958.5,228,2.4,4,11,0,11,6,6,6,6,367,100,16,97
WAE,2012,5,1,18,16,61.3,11.1,8.6,7.29,11.9,34.5,0,958.5,235,2.8,5.2,0,0,0,0,0,0,0,367,100,16,97
WAE,2012,5,1,19,15.5,62.2,10.9,8.3,7.15,11.5,33.7,0,958.5,239,4.1,6.2,0,0,0,0,0,0,0,366,100,16,97
WAE,2012,5,1,20,14.9,64,10.8,8.2,7.09,11.2,32.9,0,958.3,233,4,6.4,0,0,0,0,0,0,0,364,100,16,97
WAE,2012,5,1,21,14.3,68,11,8.5,7.23,11.1,32.6,0,957.7,233,3.9,6.2,0,0,0,0,0,0,0,363,100,16,97
WAE,2012,5,1,22,12.9,82.2,12.2,9.9,8.03,11.2,33.2,1.7,957.3,241,4.7,6.8,0,0,0,0,0,0,0,358,94,16,97
WAE,2012,5,1,23,12.5,84.7,12.3,10,8.09,11.1,33,0.9,957.7,235,4.7,9,0,0,0,0,0,0,0,357,100,16,97
WAE,2012,5,2,0,11.1,92.6,12.3,9.9,8.1,10.4,31.6,3.5,956.5,201,1.8,6.3,0,0,0,0,0,0,0,318,48,17,97
WAE,2012,5,2,1,10.6,95.7,12.2,9.9,8.04,10.2,30.9,0,956.4,153,1.6,3.4,0,0,0,0,0,0,0,309,0,17,97
WAE,2012,5,2,2,9.9,97.1,11.9,9.5,7.84,9.7,29.7,0,956.4,172,0.7,2,0,0,0,0,0,0,0,318,35,17,97
WAE,2012,5,2,3,9.7,94,11.3,8.8,7.44,9.2,28.5,0,956.4,225,1.7,4.2,0,0,0,0,0,0,0,316,13,17,97
WAE,2012,5,2,4,9.3,95.3,11.2,8.6,7.37,8.9,27.9,0.1,956.7,229,2.1,6.2,26,57,21,29,67,11,11,311,23,17,97
WAE,2012,5,2,5,10.1,94.1,11.6,9.2,7.63,9.6,29.4,0,957.1,252,0.7,3.7,179,460,71,127,505,36,36,323,25,17,97
WAE,2012,5,2,6,11.5,91,12.3,10.1,8.1,10.7,32,0,957.3,68,0.8,2.4,319,474,136,85,554,122,69,331,53,17,97
WAE,2012,5,2,7,12.2,85,12.1,9.8,7.96,10.9,32.3,0,958,279,1.2,5.2,281,66,243,134,199,156,129,342,81,17,97
WAE,2012,5,2,8,13.3,78.9,12.1,9.7,7.96,11.3,33.5,0,958.1,310,1.2,3.2,311,29,292,165,189,171,157,360,100,17,97
WAE,2012,5,2,9,13.6,76.5,11.9,9.6,7.82,11.3,33.4,0,958.3,36,1.4,3.1,254,6,250,142,146,137,136,361,100,17,97
WAE,2012,5,2,10,14.8,69.4,11.7,9.3,7.69,11.7,34.3,0,958.2,324,1.3,7,287,40,253,140,158,166,134,363,100,17,97
WAE,2012,5,2,11,16.1,61,11.1,8.6,7.29,11.9,34.6,0,958.3,281,4.4,9.9,674,346,381,192,223,469,286,365,75,17,97
WAE,2012,5,2,12,16.7,57.1,10.8,8.2,7.09,11.9,34.7,0,958.6,276,5.2,9.7,647,384,332,169,168,451,368,352,81,17,97
WAE,2012,5,2,13,16.6,54.8,10.3,7.5,6.76,11.6,33.8,0,958.6,268,5,9.7,369,74,313,172,171,216,223,356,88,17,97
WAE,2012,5,2,14,16.7,53.9,10.2,7.3,6.69,11.5,33.7,0,958.5,281,4.8,9.3,306,41,280,157,156,168,190,364,94,17,97
WAE,2012,5,2,15,17.3,50.3,9.9,6.9,6.49,11.6,33.8,0,958.5,286,5.4,10.9,133,1,132,75,75,71,73,363,100,17,97
WAE,2012,5,2,16,15.6,53.9,9.5,6.3,6.23,10.6,31.4,0,958.5,275,4.9,10.9,96,6,94,55,53,50,57,362,100,17,97
WAE,2012,5,2,17,14.7,57.8,9.7,6.5,6.36,10.3,30.9,0,958.6,247,3.9,8.8,31,3,31,18,17,16,20,361,100,17,97
WAE,2012,5,2,18,14.3,61.4,10,7,6.55,10.4,30.9,0,958.9,262,0.8,2.9,0,0,0,0,0,0,0,359,100,17,97
WAE,2012,5,2,19,13.4,68,10.5,7.6,6.89,10.3,30.9,0,958.9,228,1.2,2.6,0,0,0,0,0,0,0,357,100,17,97
WAE,2012,5,2,20,12.9,71.6,10.6,7.9,6.95,10.2,30.5,0,959.1,140,0.8,2.2,0,0,0,0,0,0,0,354,100,17,97
WAE,2012,5,2,21,11.9,75.5,10.5,7.7,6.89,9.6,29.3,0,959,222,1.6,2.7,0,0,0,0,0,0,0,334,68,17,97
WAE,2012,5,2,22,12.1,70.5,10,6.9,6.55,9.4,28.7,0,959.3,286,2.5,4.4,0,0,0,0,0,0,0,315,61,17,97
WAE,2012,5,2,23,11.2,72.1,9.6,6.4,6.29,8.7,27.1,0,959,265,2.2,4.1,0,0,0,0,0,0,0,330,88,17,97
WAE,2012,5,3,0,10.6,76.1,9.7,6.6,6.36,8.5,26.7,0,958.5,243,1.4,2.7,0,0,0,0,0,0,0,341,88,17,97
WAE,2012,5,3,1,10,80.4,9.9,6.8,6.49,8.3,26.4,0,958.3,157,1,2.1,0,0,0,0,0,0,0,345,100,17,97
WAE,2012,5,3,2,10.3,78.2,9.8,6.7,6.43,8.4,26.5,0,958.5,278,1.4,3.4,0,0,0,0,0,0,0,346,100,17,97
WAE,2012,5,3,3,9.9,81.5,9.9,6.9,6.49,8.3,26.3,0,958.3,246,1.2,2.2,0,0,0,0,0,0,0,346,100,17,97
WAE,2012,5,3,4,9.1,86.8,10,7,6.56,8,25.7,0,958.3,158,0.7,1.7,10,0,10,6,6,5,5,346,100,17,97
WAE,2012,5,3,5,9.9,84.6,10.3,7.4,6.76,8.6,27,0,958.2,180,1,2.2,159,322,73,95,368,38,39,323,53,17,97
WAE,2012,5,3,6,10.5,83.6,10.6,7.8,6.96,9.1,28.1,0,958.3,51,0.7,1.8,372,680,98,70,728,127,54,314,25,17,97
WAE,2012,5,3,7,11.5,76.1,10.3,7.4,6.76,9.3,28.6,0,958.1,45,0.9,2.4,504,632,161,86,676,279,86,325,38,17,97
WAE,2012,5,3,8,13.4,64.9,10,6.9,6.56,9.9,30,0,957.9,67,1.5,2.9,652,680,184,97,630,432,98,330,33,17,97
WAE,2012,5,3,9,14.8,57.5,9.7,6.5,6.37,10.4,31,0,957.3,39,1.3,3,817,880,131,89,566,577,92,338,25,17,97
WAE,2012,5,3,10,15.9,51.6,9.3,6,6.11,10.6,31.4,0,956.6,54,1.4,3.4,884,892,136,95,371,649,99,333,29,17,97
WAE,2012,5,3,11,17.1,47.5,9.3,5.9,6.11,11.1,32.7,0,956,28,2.2,3.8,889,875,144,97,133,659,230,339,13,17,97
WAE,2012,5,3,12,18.1,45.3,9.4,6.1,6.18,11.6,33.9,0,955.4,33,2,3.6,771,625,257,133,133,559,434,353,61,17,97
WAE,2012,5,3,13,18.2,46.2,9.6,6.5,6.32,11.8,34.3,0,955.1,15,1.7,4.7,149,2,148,85,84,80,82,368,100,17,97
WAE,2012,5,3,14,17.9,48.5,9.9,6.9,6.52,11.8,34.5,0,954.6,252,3.6,6.6,283,43,256,144,143,157,179,367,100,17,97
WAE,2012,5,3,15,17.6,50,10.1,7.1,6.65,11.8,34.6,0,954.3,245,3.1,5.8,239,115,188,104,104,123,219,367,94,17,97
WAE,2012,5,3,16,18.4,44.8,9.5,6.2,6.26,11.7,34.4,0,953.9,249,2,3.9,294,600,91,106,48,66,655,324,38,17,97
WAE,2012,5,3,17,18.4,36.9,7.8,3.4,5.13,10.6,31.5,0,953.8,247,1.6,2.9,120,345,57,118,30,29,377,293,6,17,97
WAE,2012,5,3,18,16.1,44.1,8.1,3.9,5.33,9.8,29.7,0,953.8,256,1.7,2.8,5,0,5,3,3,3,3,288,13,17,97
WAE,2012,5,3,19,14,54,8.6,4.8,5.66,9.3,28.4,0,954,236,2,4.2,0,0,0,0,0,0,0,319,38,17,97
WAE,2012,5,3,20,13,58.9,8.8,5.2,5.79,9,27.7,0,954.3,208,1.7,3.2,0,0,0,0,0,0,0,321,55,17,97
WAE,2012,5,3,21,13,62,9.3,5.9,6.12,9.3,28.5,0,954.2,188,1.7,3.4,0,0,0,0,0,0,0,318,60,17,97
WAE,2012,5,3,22,11.8,68.2,9.4,6.1,6.19,8.8,27.5,0,954,231,0.8,2,0,0,0,0,0,0,0,301,29,17,97
WAE,2012,5,3,23,10.7,72.9,9.3,6,6.12,8.3,26.2,0,953.8,160,1.2,2.7,0,0,0,0,0,0,0,273,0,17,97
WAE,2012,5,4,0,10.2,74.7,9.3,5.9,6.13,8,25.7,0,953.3,201,1.4,4,0,0,0,0,0,0,0,271,0,17,97
WAE,2012,5,4,1,9.7,76.9,9.2,5.8,6.06,7.7,25,0,953.1,252,1.1,1.9,0,0,0,0,0,0,0,271,0,17,97
WAE,2012,5,4,2,9.4,79.2,9.3,6,6.13,7.7,24.9,0,953,219,0.9,2.2,0,0,0,0,0,0,0,271,0,17,97
WAE,2012,5,4,3,9,78.2,8.9,5.4,5.87,7.2,23.8,0,952.7,165,1.2,2.7,0,0,0,0,0,0,0,272,0,17,97
WAE,2012,5,4,4,8.5,80.5,9,5.3,5.93,6.9,23.5,0,952.5,225,0.3,1,36,101,25,46,113,13,13,279,6,17,97
WAE,2012,5,4,5,10.2,76.2,9.4,6.2,6.2,8.1,25.9,0,952.6,315,0.2,1,187,460,75,132,507,38,38,272,0,17,97
WAE,2012,5,4,6,11.2,75.8,10.1,7.1,6.67,9,28.1,0,952.6,60,0.8,2.1,369,678,95,69,723,121,52,272,0,17,97
WAE,2012,5,4,7,12.7,67.5,9.9,6.8,6.53,9.6,29.3,0,952.3,67,1.6,2.8,553,804,105,65,779,294,66,273,0,17,97
WAE,2012,5,4,8,14.5,58.2,9.6,6.4,6.34,10.2,30.6,0,951.9,67,1.4,3,701,849,118,77,703,448,80,274,0,17,97
WAE,2012,5,4,9,16.6,49.3,9.3,5.9,6.14,10.9,32.2,0,951.4,45,1.2,2.5,825,904,117,85,566,574,89,292,0,17,97
WAE,2012,5,4,10,18.2,44.3,9.3,5.9,6.14,11.5,33.9,0,950.7,74,1.9,3,898,925,121,91,368,650,95,318,23,17,97
WAE,2012,5,4,11,19.6,37.7,8.6,4.8,5.68,11.7,34.1,0,950.1,45,1.4,3,902,892,141,96,133,662,228,327,29,17,97
WAE,2012,5,4,12,20.3,34,8.1,3.9,5.35,11.6,34,0,949.5,31,1.7,2.8,824,773,189,110,111,590,449,333,45,17,97
WAE,2012,5,4,13,21.1,32.2,8.1,3.9,5.36,11.9,34.8,0,948.7,32,1.6,2.7,733,731,186,104,104,499,589,336,39,17,97
WAE,2012,5,4,14,21.4,32.4,8.2,4.2,5.43,12.1,35.3,0,948,33,1.7,3.1,622,736,149,82,82,383,694,322,29,17,97
WAE,2012,5,4,15,21.5,32.1,8.2,4.2,5.43,12.2,35.4,0,947.7,25,1.4,3.2,443,589,150,77,77,221,648,336,45,17,97
WAE,2012,5,4,16,21.4,31.1,7.9,3.6,5.23,11.9,34.8,0,947.3,12,1.5,3.2,295,597,91,107,48,65,652,340,25,17,97
WAE,2012,5,4,17,21.1,32.2,8,3.9,5.3,11.9,34.7,0,947.2,308,1.1,2.9,119,320,58,112,30,29,353,323,48,17,97
WAE,2012,5,4,18,19,41.3,9,5.6,5.97,11.7,34.2,0,947.4,257,1.8,2.8,10,29,8,15,4,4,32,350,88,17,97
WAE,2012,5,4,19,16.9,53.6,10.2,7.4,6.76,11.7,34.1,0.6,948.3,255,4.1,11,0,0,0,0,0,0,0,363,100,17,97
WAE,2012,5,4,20,13.6,73.2,11.4,8.9,7.57,11,32.8,0.1,948.1,205,3.1,6,0,0,0,0,0,0,0,357,100,17,97
WAE,2012,5,4,21,13.8,67.4,10.6,7.9,7.03,10.6,31.6,0,948.4,173,2.4,4.2,0,0,0,0,0,0,0,360,100,17,97
WAE,2012,5,4,22,14.2,65.3,10.6,7.8,7.02,10.7,32,0,949.4,253,5.1,11.2,0,0,0,0,0,0,0,351,94,17,97
WAE,2012,5,4,23,13.4,69.7,10.7,8,7.09,10.5,31.4,0,949.6,256,2.1,4,0,0,0,0,0,0,0,341,88,17,97
WAE,2012,5,5,0,12.8,73.6,10.9,8.2,7.22,10.3,31.1,0,949.6,268,2.3,3.8,0,0,0,0,0,0,0,356,100,16,97
WAE,2012,5,5,1,12,84.6,11.8,9.5,7.83,10.6,31.8,0.4,949.7,333,0.7,2.5,0,0,0,0,0,0,0,355,100,16,97
WAE,2012,5,5,2,11.4,93.7,12.6,10.4,8.36,10.8,32.5,0.2,949.6,234,1,2,0,0,0,0,0,0,0,355,100,16,97
WAE,2012,5,5,3,11.3,92.6,12.4,10.1,8.23,10.6,32.1,1.1,949.6,204,1.2,2.9,0,0,0,0,0,0,0,354,100,16,97
WAE,2012,5,5,4,11.1,94.6,12.5,10.3,8.29,10.7,32.1,2.1,950.1,131,1.2,3.4,5,0,5,3,3,3,3,354,100,16,97
WAE,2012,5,5,5,10.7,90.9,11.7,9.3,7.76,9.9,30.3,1.2,949.8,130,1.7,5.2,35,0,35,20,20,18,19,353,100,16,97
WAE,2012,5,5,6,10.4,89.6,11.3,8.8,7.48,9.5,29.3,0.7,950.5,135,1.8,6,39,0,39,22,22,21,21,353,100,16,97
WAE,2012,5,5,7,10.2,92.4,11.5,9,7.61,9.5,29.4,0.8,951,260,1.5,3.5,43,0,43,25,24,23,23,354,100,16,97
WAE,2012,5,5,8,10.6,92.9,11.9,9.5,7.88,10,30.5,0.4,951.2,107,1.3,3.3,161,0,161,91,91,85,87,355,100,16,97
WAE,2012,5,5,9,10.8,90.3,11.7,9.3,7.74,10,30.4,0,951.4,99,1.9,3.6,257,10,249,141,147,138,134,356,100,16,97
WAE,2012,5,5,10,11.1,90.3,11.9,9.6,7.88,10.3,31,0.3,951.8,90,1.5,4.1,233,5,229,129,130,125,123,357,100,16,97
WAE,2012,5,5,11,12.5,78.2,11.3,8.8,7.47,10.5,31.4,0,951.6,217,1.7,6.2,327,6,322,182,181,175,176,358,100,16,97
WAE,2012,5,5,12,14.6,63.9,10.6,7.9,7.01,10.9,32.4,0,951.3,241,2.3,6.6,705,474,315,157,156,488,414,359,81,16,97
WAE,2012,5,5,13,14.5,69.9,11.5,9.1,7.62,11.5,33.8,0,950.8,92,3.6,6.2,617,514,227,123,123,407,460,350,71,16,97
WAE,2012,5,5,14,15.1,65.8,11.3,8.8,7.48,11.6,34.1,0,950.5,95,3.2,5.8,243,79,189,101,101,142,171,350,94,16,97
WAE,2012,5,5,15,15.2,67,11.5,9.1,7.62,11.8,34.6,0,950.1,92,2.5,5.7,443,600,145,76,76,211,654,331,63,16,97
WAE,2012,5,5,16,15.4,62,10.9,8.2,7.22,11.4,33.7,0,949.9,101,2.1,5.1,298,595,92,108,47,64,649,319,33,16,97
WAE,2012,5,5,17,14.9,59.5,10.1,7.1,6.69,10.7,31.9,0,949.6,110,1.6,3.8,101,211,54,79,29,28,242,339,84,16,97
WAE,2012,5,5,18,13.3,74.8,11.4,8.9,7.55,10.9,32.4,0.4,950.4,191,0.7,3.3,0,0,0,0,0,0,0,357,100,16,97
WAE,2012,5,5,19,11.3,87.1,11.7,9.2,7.75,10.1,30.9,4.3,951.2,204,4.2,10,0,0,0,0,0,0,0,351,100,16,97
WAE,2012,5,5,20,10.3,93.5,11.7,9.3,7.74,9.8,29.9,0.1,951.7,135,1.1,3.6,0,0,0,0,0,0,0,353,100,16,97
WAE,2012,5,5,21,10.1,91.3,11.3,8.7,7.47,9.3,29,0,951.8,117,1.4,4.1,0,0,0,0,0,0,0,348,94,16,97
WAE,2012,5,5,22,9.5,95.3,11.3,8.8,7.47,9.1,28.4,0.1,951.7,167,1.1,2.4,0,0,0,0,0,0,0,350,100,16,97
WAE,2012,5,5,23,9.5,94.6,11.3,8.7,7.47,9.1,28.4,0,951.8,219,0.7,2.4,0,0,0,0,0,0,0,345,94,16,97
WAE,2012,5,6,0,9.8,91.1,11,8.4,7.27,9,28.2,0,951.9,274,1.3,3.6,0,0,0,0,0,0,0,347,100,16,97
WAE,2012,5,6,1,10.1,88.8,10.9,8.3,7.2,9.1,28.3,0.1,952.1,237,2.2,4.8,0,0,0,0,0,0,0,347,100,16,97
WAE,2012,5,6,2,9.5,94.3,11.2,8.6,7.4,9,28.2,0.7,952.1,270,1.4,3.5,0,0,0,0,0,0,0,347,100,16,97
WAE,2012,5,6,3,9.6,93.8,11.2,8.7,7.4,9.1,28.3,0.7,952.1,189,1.3,2.6,0,0,0,0,0,0,0,347,100,16,97
WAE,2012,5,6,4,9.6,95.6,11.4,8.9,7.54,9.2,28.6,0.1,952.4,153,0.9,2.1,27,40,22,25,52,11,12,347,100,16,97
WAE,2012,5,6,5,9.9,95.2,11.6,9.2,7.67,9.5,29.3,0.1,952.8,126,0.9,1.9,64,16,60,37,50,31,32,347,100,16,97
WAE,2012,5,6,6,10.1,95.5,11.8,9.4,7.8,9.7,29.8,0,953.2,84,1,3.5,90,0,90,51,50,47,48,348,100,16,97
WAE,2012,5,6,7,10.5,93.2,11.9,9.4,7.86,9.9,30.4,0,953.6,99,2.6,4.6,147,0,147,83,83,78,79,349,100,16,97
WAE,2012,5,6,8,10.7,92.1,11.8,9.5,7.79,10,30.4,0,954.1,102,1.5,3.2,244,9,238,134,141,130,128,350,100,16,97
WAE,2012,5,6,9,11.2,89.9,12,9.6,7.92,10.3,31.2,0,954.1,108,1.6,3.5,163,4,160,91,93,87,86,352,100,16,97
WAE,2012,5,6,10,11,92.2,12.1,9.8,7.99,10.3,31.2,0.5,954.5,106,1.8,4.1,117,0,117,66,66,62,63,353,100,16,97
WAE,2012,5,6,11,11.5,88.2,11.9,9.6,7.85,10.4,31.4,0.2,954.5,100,2.9,5.7,79,0,79,45,45,42,43,354,100,16,97
WAE,2012,5,6,12,11.8,84,11.7,9.2,7.72,10.4,31.3,0.1,954.7,95,2.2,5.6,225,3,222,126,125,119,121,355,100,16,97
WAE,2012,5,6,13,11.5,88.2,11.9,9.6,7.85,10.4,31.4,0.3,954.4,106,1.9,4.7,379,86,315,172,170,218,236,350,100,16,97
WAE,2012,5,6,14,12.2,81.1,11.5,9.1,7.58,10.5,31.4,0,954.8,92,2.4,5.6,281,40,254,141,140,154,173,354,100,16,97
WAE,2012,5,6,15,12.4,78.2,11.3,8.7,7.45,10.4,31.3,0,954.7,104,2.5,5.3,144,75,110,59,59,73,136,354,94,16,97
WAE,2012,5,6,16,12.3,81.5,11.6,9.2,7.65,10.6,31.7,0.8,954.6,108,2.2,6.1,241,330,116,83,61,76,394,340,80,16,97
WAE,2012,5,6,17,12.1,78.8,11.1,8.5,7.31,10.1,30.6,0.1,955.6,293,1.1,4.8,30,6,28,18,16,15,22,353,100,16,97
WAE,2012,5,6,18,11.1,82.9,11,8.3,7.24,9.6,29.4,5,956.5,191,2.2,7.4,5,3,5,4,3,3,5,352,100,16,97
WAE,2012,5,6,19,9.2,91.3,10.6,7.9,6.97,8.5,26.8,0.3,956.9,164,1.9,7.3,0,0,0,0,0,0,0,336,81,16,97
WAE,2012,5,6,20,9.5,87.9,10.4,7.6,6.83,8.5,26.7,0.5,957.5,214,3.9,11.2,0,0,0,0,0,0,0,348,100,16,97
WAE,2012,5,6,21,9.1,89.5,10.3,7.5,6.76,8.3,26.2,0.4,957.8,180,2.2,10.3,0,0,0,0,0,0,0,323,56,16,97
WAE,2012,5,6,22,8.1,94.4,10.2,7.3,6.69,7.7,25,0,958.5,197,1.3,2.6,0,0,0,0,0,0,0,324,81,16,97
WAE,2012,5,6,23,8.5,92.4,10.3,7.3,6.76,7.9,25.5,0,958.7,252,1,3,0,0,0,0,0,0,0,343,81,16,97
WAE,2012,5,7,0,8,92.8,10,6.9,6.56,7.4,24.5,0,958.6,185,1.4,2.4,0,0,0,0,0,0,0,323,64,16,97
WAE,2012,5,7,1,7.7,93.8,9.9,6.8,6.49,7.2,24,0,958.8,170,1.2,2.7,0,0,0,0,0,0,0,333,81,16,97
WAE,2012,5,7,2,7.9,95,10.1,7.1,6.62,7.5,24.6,0,958.8,153,0.7,1.8,0,0,0,0,0,0,0,315,68,16,97
WAE,2012,5,7,3,7.7,96.2,10.1,7.1,6.62,7.4,24.4,0,959.1,180,0.5,2.3,0,0,0,0,0,0,0,332,80,16,97
WAE,2012,5,7,4,8.1,95.7,10.3,7.5,6.75,7.8,25.1,0,959.4,233,1,2.5,5,0,5,3,3,3,3,344,100,16,97
WAE,2012,5,7,5,8.9,94.6,10.8,8.1,7.08,8.5,26.8,0.1,960.1,297,0.3,1.1,81,8,79,46,52,41,42,345,100,16,97
WAE,2012,5,7,6,9.6,90.7,10.8,8.2,7.07,8.9,27.5,0,960.5,90,0.7,1.8,153,39,140,84,119,72,74,346,100,16,97
WAE,2012,5,7,7,10.3,86.1,10.8,8.1,7.07,9.1,28.2,0,960.8,63,0.5,1.9,165,9,160,90,99,87,86,348,100,16,97
WAE,2012,5,7,8,10.6,87.7,11.2,8.6,7.33,9.5,29.1,0,961.1,83,0.8,1.8,429,239,256,131,328,266,127,341,94,16,97
WAE,2012,5,7,9,11.7,82.2,11.3,8.8,7.4,10.1,30.4,0,961.3,82,2.2,4.6,434,150,318,167,284,264,160,348,88,16,97
WAE,2012,5,7,10,12.7,74.7,10.9,8.3,7.13,10.3,30.8,0,961.2,93,1.8,4.2,414,65,359,196,228,239,187,355,100,16,97
WAE,2012,5,7,11,14.2,68.3,11.1,8.4,7.27,11,32.6,0,960.9,86,3.2,5,550,170,403,213,249,341,230,347,94,16,97
WAE,2012,5,7,12,14.4,64.2,10.5,7.7,6.87,10.7,31.8,0,960.8,62,1.6,3.5,536,146,415,220,219,325,305,359,100,16,97
WAE,2012,5,7,13,15.4,57.8,10.1,7.1,6.61,10.9,32.2,0,960.4,350,1.9,4.6,589,343,325,163,162,381,412,359,75,16,97
WAE,2012,5,7,14,15.6,57.2,10.1,7.2,6.61,11,32.4,0,960.1,29,1.8,3.6,561,534,222,112,112,330,581,349,56,16,97
WAE,2012,5,7,15,15.7,56.1,10,7,6.55,11,32.3,0,959.9,51,0.7,2.6,473,686,124,64,64,217,717,329,23,16,97
WAE,2012,5,7,16,15.7,53.6,9.6,6.3,6.28,10.7,31.7,0,959.8,53,0.6,2.7,299,521,108,103,54,72,582,333,38,16,97
WAE,2012,5,7,17,15.4,55.7,9.7,6.6,6.35,10.7,31.5,0,959.8,180,0.7,1.7,110,259,66,110,34,33,292,327,48,16,97
WAE,2012,5,7,18,14.3,62.2,10.1,7.2,6.61,10.5,31.1,0,960,252,1.3,2.2,2,0,2,1,1,1,1,338,68,16,97
WAE,2012,5,7,19,12.8,71.1,10.5,7.7,6.87,10,30.2,0,960.6,260,1.1,2.1,0,0,0,0,0,0,0,324,51,16,97
WAE,2012,5,7,20,12.5,69.6,10.1,7.1,6.61,9.6,29.2,0,960.9,240,1.7,2.5,0,0,0,0,0,0,0,335,66,16,97
WAE,2012,5,7,21,11.1,75.5,9.9,6.9,6.48,8.9,27.5,0,960.9,214,0.8,2,0,0,0,0,0,0,0,328,31,16,97
WAE,2012,5,7,22,10.2,77.3,9.6,6.4,6.28,8.2,26.1,0,960.8,259,0.6,1.4,0,0,0,0,0,0,0,319,31,16,97
WAE,2012,5,7,23,9.8,82.1,9.9,6.9,6.48,8.3,26.2,0,960.6,304,0.9,1.9,0,0,0,0,0,0,0,302,33,16,97
WAE,2012,5,8,0,9.4,83.7,9.9,6.8,6.48,8.1,25.8,0,960.5,288,0.7,1.4,0,0,0,0,0,0,0,294,41,16,97
WAE,2012,5,8,1,8.6,85.5,9.6,6.3,6.28,7.4,24.4,0,960.3,214,0.8,1.5,0,0,0,0,0,0,0,295,33,16,97
WAE,2012,5,8,2,8.1,87,9.4,6.1,6.15,7.1,23.6,0,960.3,163,1.1,2.8,0,0,0,0,0,0,0,292,28,16,97
WAE,2012,5,8,3,7.8,87.5,9.3,5.9,6.08,6.8,23.1,0,960.2,153,1.2,2.9,0,0,0,0,0,0,0,313,54,16,97
WAE,2012,5,8,4,7.8,89.2,9.4,6.1,6.15,6.9,23.3,0,960.1,146,1.1,2.2,47,151,30,68,164,15,15,303,33,16,97
WAE,2012,5,8,5,9.5,82.5,9.8,6.7,6.41,8.1,25.7,0,960.2,76,0.5,2.1,202,490,76,146,536,38,38,280,25,16,97
WAE,2012,5,8,6,10.9,78,10.1,7.2,6.61,8.9,27.6,0,960.2,70,1.5,2.6,388,700,95,86,740,104,52,273,13,16,97
WAE,2012,5,8,7,12.4,70.9,10.2,7.3,6.68,9.7,29.3,0,960,63,1.2,2.1,549,752,122,68,744,281,69,294,36,16,97
WAE,2012,5,8,8,14,62.1,9.9,6.9,6.48,10.2,30.5,0,959.8,61,1.3,3,660,669,196,98,633,416,99,327,66,16,97
WAE,2012,5,8,9,15.4,55.6,9.7,6.6,6.35,10.7,31.5,0,959.5,41,1,2.1,688,470,314,150,469,467,148,355,94,16,97
WAE,2012,5,8,10,17.5,42,8.3,4.5,5.43,10.7,31.4,0,959,54,0.9,2.8,751,497,329,157,390,527,154,359,94,16,97
WAE,2012,5,8,11,18.7,32,6.9,1.7,4.51,10.1,30.2,0,958.6,21,0.9,2.5,632,252,414,212,236,412,285,368,100,16,97
WAE,2012,5,8,12,19.3,35.7,8,3.8,5.24,11.1,32.7,0,958.5,27,0.7,2,625,277,394,199,198,408,360,370,100,16,97
WAE,2012,5,8,13,20.1,34.5,8.1,4,5.3,11.5,33.7,0,958.2,355,1.2,4.1,392,61,345,190,189,221,230,369,100,16,97
WAE,2012,5,8,14,19.9,36.7,8.5,4.7,5.57,11.7,34.1,0,958,335,1.7,4.3,332,68,287,158,157,185,216,368,100,16,97
WAE,2012,5,8,15,20,40,9.3,6,6.1,12.3,35.6,0,957.8,345,1.3,5.9,272,94,226,123,123,143,217,364,100,16,97
WAE,2012,5,8,16,19.1,41.3,9.1,5.7,5.96,11.8,34.3,0,958.1,311,3.6,6.7,177,104,137,84,73,77,182,363,94,16,97
WAE,2012,5,8,17,17.7,48.9,9.9,6.8,6.49,11.7,34.2,0,958.8,270,3.1,9,22,0,22,13,12,12,12,367,100,16,97
WAE,2012,5,8,18,15,62.9,10.8,8,7.08,11.1,33,0,959.5,268,3,6.7,5,1,5,3,3,3,4,366,100,16,97
WAE,2012,5,8,19,13.6,75.3,11.7,9.3,7.67,11.2,33.1,0,960,274,1.7,3.9,0,0,0,0,0,0,0,365,100,16,97
WAE,2012,5,8,20,12.7,87.1,12.8,10.6,8.41,11.5,34,0.3,960,270,0.7,1.6,0,0,0,0,0,0,0,364,100,16,97
WAE,2012,5,8,21,12.1,92.7,13.1,11,8.61,11.5,33.9,0.9,959.9,135,0.8,2.4,0,0,0,0,0,0,0,363,100,16,97
WAE,2012,5,8,22,12,93.2,13.1,10.9,8.61,11.4,33.8,0,959.9,194,0.6,1.7,0,0,0,0,0,0,0,362,100,16,97
WAE,2012,5,8,23,12.2,90.9,12.9,10.8,8.47,11.4,33.6,0,960.1,261,1.9,5.2,0,0,0,0,0,0,0,354,88,16,97
WAE,2012,5,9,0,12.2,92.1,13.1,11,8.6,11.5,34,0.1,960.2,297,1.3,3.3,0,0,0,0,0,0,0,360,100,16,97
WAE,2012,5,9,1,12,95.4,13.4,11.3,8.8,11.6,34.3,0.1,960.3,117,0.5,1.9,0,0,0,0,0,0,0,347,100,16,97
WAE,2012,5,9,2,11.9,94.6,13.2,11.1,8.67,11.4,33.8,0.3,960.4,202,1.3,3.3,0,0,0,0,0,0,0,361,100,16,97
WAE,2012,5,9,3,11.8,94.8,13.1,11,8.6,11.3,33.6,0,960.4,180,0.6,2.4,0,0,0,0,0,0,0,352,100,16,97
WAE,2012,5,9,4,12,96.3,13.5,11.4,8.87,11.7,34.4,0.2,960.5,108,0.8,2.7,2,0,2,1,1,1,1,363,100,16,97
WAE,2012,5,9,5,12.2,95.6,13.6,11.5,8.93,11.8,34.8,0.4,960.7,143,0.6,1.4,54,2,54,31,32,29,29,363,100,16,97
WAE,2012,5,9,6,12.4,96.1,13.8,11.8,9.06,12.1,35.3,0,961.1,34,0.5,1.3,152,12,147,84,95,79,79,361,100,16,97
WAE,2012,5,9,7,12.6,93.3,13.6,11.5,8.92,12,35.2,0.1,961.5,37,0.7,1.7,165,3,163,93,95,87,88,368,100,16,97
WAE,2012,5,9,8,13.2,89.9,13.6,11.6,8.92,12.3,35.8,0.1,961.6,83,0.9,2.5,265,20,251,141,158,143,134,370,100,16,97
WAE,2012,5,9,9,13.9,83.8,13.4,11.2,8.79,12.3,36.2,0.1,962,74,0.8,2,180,0,180,102,102,96,97,373,100,16,97
WAE,2012,5,9,10,14.3,82.7,13.5,11.4,8.85,12.6,36.7,0.1,962.4,53,0.6,1.9,214,6,208,118,119,115,112,376,100,16,97
WAE,2012,5,9,11,15.3,80.4,13.9,11.9,9.12,13.3,38.4,0,962.4,60,0.9,2.8,421,71,359,197,198,245,213,379,100,16,97
WAE,2012,5,9,12,16.3,72.8,13.5,11.4,8.85,13.4,38.8,0,962.5,58,1.1,2.5,679,507,258,137,136,457,388,369,71,16,97
WAE,2012,5,9,13,18.2,67,14,12,9.18,14.5,41.6,0,962.4,78,2.4,4.2,750,774,162,92,92,488,600,346,36,16,97
WAE,2012,5,9,14,18.8,66.6,14.4,12.5,9.45,15,42.9,0,962.2,85,2.2,4.6,517,430,232,123,123,304,486,364,69,16,97
WAE,2012,5,9,15,19.3,65.8,14.7,12.7,9.65,15.3,43.9,0,962.4,140,0.9,2.2,103,4,101,57,57,55,59,378,100,16,97
WAE,2012,5,9,16,18.9,71.5,15.6,13.6,10.24,15.6,45,0,963.1,349,0.8,5,128,62,104,66,57,55,121,382,94,16,97
WAE,2012,5,9,17,17.9,77.7,15.9,14,10.44,15.5,44.5,0,963.2,360,1.3,3.6,66,112,50,65,27,26,138,369,81,16,97
WAE,2012,5,9,18,16.4,85.1,15.8,13.9,10.37,14.9,42.7,0,963.4,120,0.8,2.5,13,33,10,18,5,5,37,368,84,16,97
WAE,2012,5,9,19,15.2,90.3,15.5,13.6,10.16,14.2,41,0,964.2,225,1.4,2.6,0,0,0,0,0,0,0,377,100,16,97
WAE,2012,5,9,20,15,91.5,15.5,13.6,10.16,14.1,40.8,0,964.7,180,0.8,2.2,0,0,0,0,0,0,0,359,65,16,97
WAE,2012,5,9,21,14.6,90,15,13,9.82,13.6,39.5,0,965,166,1,3,0,0,0,0,0,0,0,324,29,16,97
WAE,2012,5,9,22,13.9,91.1,14.5,12.5,9.49,13.1,38,0,964.8,155,1.5,2.8,0,0,0,0,0,0,0,323,25,16,97
WAE,2012,5,9,23,13.3,94.2,14.4,12.4,9.42,12.8,37.2,0,964.8,135,0.7,1.9,0,0,0,0,0,0,0,308,19,16,97
WAE,2012,5,10,0,12.8,93.5,13.9,11.8,9.09,12.2,35.8,0.1,964.8,180,0.7,2.1,0,0,0,0,0,0,0,320,25,15,97
WAE,2012,5,10,1,12.3,93.1,13.3,11.2,8.69,11.7,34.3,0,965.2,225,0.6,1.4,0,0,0,0,0,0,0,321,23,15,97
WAE,2012,5,10,2,12.1,90.8,12.8,10.6,8.36,11.2,33.3,0,965.2,146,1.2,3.2,0,0,0,0,0,0,0,335,50,15,97
WAE,2012,5,10,3,12,88,12.3,10.1,8.03,10.9,32.3,0,965,135,1.5,4,0,0,0,0,0,0,0,322,13,15,97
WAE,2012,5,10,4,12.1,85.6,12.1,9.8,7.9,10.8,32.1,0,965.3,152,1.7,3.6,43,98,31,51,113,15,16,332,46,15,97
WAE,2012,5,10,5,13.5,84,13,10.9,8.49,12,35,0,965.8,135,0.6,3.5,203,478,76,144,522,37,37,328,29,15,97
WAE,2012,5,10,6,14.3,81.4,13.2,11.2,8.61,12.5,36.1,0,966.3,39,0.6,1.3,354,548,122,98,607,103,62,340,54,15,97
WAE,2012,5,10,7,15.8,76.8,13.8,11.7,9.01,13.4,38.7,0,966.7,31,0.6,2,527,661,146,74,677,269,74,340,55,15,97
WAE,2012,5,10,8,17.3,72.2,14.3,12.2,9.34,14.2,41,0,966.9,58,1,2.1,701,827,120,73,681,416,75,332,36,15,97
WAE,2012,5,10,9,18.8,67.3,14.6,12.6,9.54,15,43.1,0,966.5,34,1.1,2.3,804,817,151,87,538,531,89,340,45,15,97
WAE,2012,5,10,10,20.5,60.9,14.6,12.7,9.54,15.7,44.8,0,966.2,8,0.8,2,839,742,205,105,379,582,107,358,68,15,97
WAE,2012,5,10,11,22.1,53.4,14.2,12.2,9.28,16,45.8,0,965.8,21,0.9,2.1,872,801,177,102,143,604,230,358,54,15,97
WAE,2012,5,10,12,23.9,42.8,12.6,10.5,8.22,15.8,45,0,965.6,37,1,2,868,875,135,86,87,586,444,354,43,15,97
WAE,2012,5,10,13,25.3,37.6,12.1,9.8,7.89,16,45.6,0,965.5,29,1.1,2.3,752,766,166,88,88,484,591,358,45,15,97
WAE,2012,5,10,14,25.7,35.9,11.8,9.5,7.7,16,45.5,0,965.4,28,1.5,2.5,613,677,169,84,84,354,656,360,50,15,97
WAE,2012,5,10,15,25.8,37.2,12.4,10.1,8.09,16.3,46.6,0,965.2,27,1.4,2.1,439,525,161,80,80,209,584,359,58,15,97
WAE,2012,5,10,16,25.7,39.8,13.2,11,8.62,16.7,47.8,0,965.3,22,0.6,1.6,230,226,145,101,74,81,308,383,75,15,97
WAE,2012,5,10,17,25.7,43.4,14.3,12.3,9.35,17.3,49.7,0,965.4,207,0.6,1.7,110,217,72,107,38,36,254,375,60,15,97
WAE,2012,5,10,18,23.6,52.6,15.2,13.3,9.95,17.1,49,0,965.7,198,1,2,16,38,13,22,7,7,44,348,25,15,97
WAE,2012,5,10,19,20.8,60.2,14.8,12.8,9.68,15.9,45.5,0,966.2,200,1.3,2.7,0,0,0,0,0,0,0,339,29,15,97
WAE,2012,5,10,20,19.1,65.6,14.5,12.5,9.47,15.1,43.2,0,966.7,180,0.5,1.6,0,0,0,0,0,0,0,338,45,15,97
WAE,2012,5,10,21,17.9,67.9,13.9,11.9,9.07,14.3,41,0,966.9,153,0.4,2.1,0,0,0,0,0,0,0,359,68,15,97
WAE,2012,5,10,22,17.1,67.4,13.2,11,8.61,13.5,39,0,967,139,1,2.6,0,0,0,0,0,0,0,368,88,15,97
WAE,2012,5,10,23,16.2,69.5,12.8,10.6,8.34,12.9,37.4,0,967.2,150,0.8,2.5,0,0,0,0,0,0,0,348,65,15,97
WAE,2012,5,11,0,15.9,67.6,12.2,9.9,7.95,12.5,36.1,0,967.3,151,1.3,3.2,0,0,0,0,0,0,0,340,46,15,97
WAE,2012,5,11,1,15.9,63.7,11.5,9,7.48,12,34.9,0,967.6,146,1.5,3.2,0,0,0,0,0,0,0,363,88,15,97
WAE,2012,5,11,2,15,67.1,11.5,9,7.48,11.6,34,0,967.6,146,1.1,3.8,0,0,0,0,0,0,0,335,38,15,97
WAE,2012,5,11,3,14.7,66.9,11.2,8.6,7.28,11.3,33.2,0,967.6,148,1.3,2.6,0,0,0,0,0,0,0,332,36,15,97
WAE,2012,5,11,4,15,66.2,11.2,8.8,7.28,11.5,33.5,0,967.7,153,1.4,2.8,36,46,30,32,61,15,16,341,50,15,97
WAE,2012,5,11,5,16.5,64.7,12.1,9.8,7.87,12.6,36.5,0,968,360,0.2,0.8,186,341,96,133,398,46,47,345,53,15,97
WAE,2012,5,11,6,17.7,60.6,12.2,10,7.94,13.2,37.9,0,968.2,56,0.4,1.7,349,483,139,99,556,115,68,353,65,15,97
WAE,2012,5,11,7,18.9,55.8,12.1,9.9,7.87,13.6,39,0,968,50,0.8,2,538,689,138,72,695,271,73,345,46,15,97
WAE,2012,5,11,8,20.8,50.5,12.4,10.2,8.07,14.5,41.4,0,967.7,76,1.7,2.7,695,790,137,79,668,415,81,334,19,15,97
WAE,2012,5,11,9,22.5,48.5,13.3,11.1,8.67,15.6,44.7,0,967.2,81,2,3.2,810,835,142,86,542,531,89,328,6,15,97
WAE,2012,5,11,10,24.3,40.8,12.4,10.1,8.08,15.7,45,0,966.7,72,1.3,2.4,890,895,124,87,354,605,90,342,25,15,97
WAE,2012,5,11,11,25.4,39.8,12.9,10.8,8.42,16.5,47,0,966.4,31,1.2,2.6,901,879,137,91,127,620,218,354,29,15,97
WAE,2012,5,11,12,27.3,35.4,12.9,10.7,8.42,17.1,48.9,0,966.1,21,1.6,3.3,827,751,197,103,104,566,444,365,55,15,97
WAE,2012,5,11,13,28,35.7,13.5,11.4,8.82,17.6,50.7,0,965.9,17,2.1,3.7,739,716,190,97,97,479,579,370,53,15,97
WAE,2012,5,11,14,28.3,34.7,13.3,11.3,8.69,17.7,50.7,0,965.5,34,1.5,2.8,580,550,217,104,104,342,587,385,68,15,97
WAE,2012,5,11,15,28.4,34.9,13.5,11.4,8.82,17.7,51.1,0,965.2,37,1,2,406,399,202,100,99,198,501,381,68,15,97
WAE,2012,5,11,16,28.5,36.2,14.1,12.1,9.22,18.1,52.2,0,964.8,312,1.6,5.1,264,380,133,124,67,76,456,378,65,15,97
WAE,2012,5,11,17,27.9,39.5,14.8,12.9,9.69,18.3,52.8,0,964.8,266,1.7,3.4,142,388,62,143,31,31,419,356,16,15,97
WAE,2012,5,11,18,25.6,46.2,15.1,13.2,9.89,17.7,50.9,0,965.2,214,2.3,3.3,16,32,13,20,7,7,38,351,38,15,97
WAE,2012,5,11,19,23,53,14.9,12.9,9.75,16.7,47.9,0,965.6,220,4.2,5.2,0,0,0,0,0,0,0,347,13,15,97
WAE,2012,5,11,20,22.3,53.8,14.4,12.5,9.41,16.2,46.4,0,966,228,4.3,5.4,0,0,0,0,0,0,0,332,0,15,97
WAE,2012,5,11,21,21.4,53.3,13.6,11.5,8.88,15.4,44.1,0,966.1,223,1.9,5.1,0,0,0,0,0,0,0,333,0,15,97
WAE,2012,5,11,22,19.4,59.4,13.4,11.3,8.75,14.5,41.7,0,965.8,225,0.4,1.5,0,0,0,0,0,0,0,338,0,15,97
WAE,2012,5,11,23,18.2,66.3,13.8,11.8,9.02,14.4,41.2,0,965.6,219,1.1,2.4,0,0,0,0,0,0,0,344,29,15,97
WAE,2012,5,12,0,18.2,64.3,13.5,11.4,8.81,14.1,40.6,0,966.2,286,0.8,1.6,0,0,0,0,0,0,0,362,65,15,97
WAE,2012,5,12,1,19.7,59.8,13.7,11.7,8.93,14.9,42.5,0,967.9,293,2.1,6,0,0,0,0,0,0,0,381,100,15,97
WAE,2012,5,12,2,18.2,82.5,17.1,15.2,11.19,16.3,46.7,3.3,967.5,249,2.5,5.8,0,0,0,0,0,0,0,380,100,15,97
WAE,2012,5,12,3,16.6,93.3,17.6,15.5,11.53,15.9,45.9,0.6,967.3,129,1.4,3.8,0,0,0,0,0,0,0,371,81,15,97
WAE,2012,5,12,4,16.5,95.5,17.9,15.8,11.72,16.1,46.3,1.4,967.6,185,1.4,3.2,13,2,13,8,9,7,7,379,100,15,97
WAE,2012,5,12,5,16.6,96.8,18.2,16.1,11.92,16.3,46.9,0.1,967.9,243,0.7,1.7,117,68,101,74,125,52,53,379,88,15,97
WAE,2012,5,12,6,16.7,95.8,18.2,16,11.92,16.3,47,1.5,968.1,225,1.1,3.9,93,41,75,40,83,46,38,377,100,15,97
WAE,2012,5,12,7,15.5,95.5,16.9,14.8,11.04,15.1,43.5,0.6,969.4,330,2.7,10.3,77,0,77,43,43,40,41,375,100,15,97
WAE,2012,5,12,8,12.6,92.6,13.5,11.4,8.77,11.9,34.8,1.2,970.7,339,3.4,12.4,59,0,59,33,33,31,32,373,100,15,97
WAE,2012,5,12,9,11.3,92.6,12.4,10.1,8.04,10.6,31.6,3.4,972.3,316,3.6,8,67,0,67,38,37,35,36,371,100,15,97
WAE,2012,5,12,10,10.6,86.8,11.1,8.5,7.18,9.5,28.7,0.8,972.6,339,2.8,7.9,78,0,78,44,44,41,42,368,100,15,97
WAE,2012,5,12,11,10.3,90.6,11.4,8.8,7.38,9.5,28.9,1.3,972.5,354,1.1,4,53,0,53,30,30,28,28,366,100,15,97
WAE,2012,5,12,12,10.4,91.2,11.5,9,7.44,9.6,29.2,1.1,973.4,300,2,4.2,77,0,77,43,43,40,41,364,100,15,97
WAE,2012,5,12,13,10.4,93.7,11.8,9.4,7.63,9.8,29.7,1.2,973.7,315,1,2.9,110,0,110,62,62,58,59,362,100,15,97
WAE,2012,5,12,14,9.7,88.7,10.7,7.9,6.91,8.7,27.1,0.2,973.9,2,2.7,7.2,87,0,87,49,49,46,47,360,100,15,97
WAE,2012,5,12,15,8.8,80.8,9.1,5.7,5.87,7.2,23.6,0.4,973.9,146,1.4,4.7,39,0,39,22,22,20,21,358,100,15,97
WAE,2012,5,12,16,8.9,83.9,9.6,6.3,6.19,7.6,24.5,0.1,973.7,162,1.3,3.3,32,0,32,18,18,17,17,356,100,15,97
WAE,2012,5,12,17,8.9,84.3,9.6,6.4,6.19,7.6,24.5,0.2,973.7,147,1.7,3.3,21,0,21,12,12,11,11,354,100,15,97
WAE,2012,5,12,18,8.8,86,9.7,6.6,6.26,7.7,24.6,0.1,973.6,131,1.9,3.9,5,3,5,4,3,3,5,352,100,15,97
WAE,2012,5,12,19,9,81.8,9.4,6.1,6.06,7.5,24.3,0,973.7,139,1.9,4,0,0,0,0,0,0,0,350,100,15,97
WAE,2012,5,12,20,9,84.7,9.7,6.6,6.26,7.8,24.8,0,973.4,131,1,3.3,0,0,0,0,0,0,0,348,100,15,97
WAE,2012,5,12,21,8.7,90.2,10.1,7.2,6.52,7.9,25.2,0,973,135,0.5,1.8,0,0,0,0,0,0,0,347,100,15,97
WAE,2012,5,12,22,8.9,88.2,10,7.1,6.46,8,25.2,0,972.5,20,1.2,3,0,0,0,0,0,0,0,345,100,15,97
WAE,2012,5,12,23,8.9,87.2,9.9,6.9,6.4,7.9,25,0,972.1,299,1.4,3.7,0,0,0,0,0,0,0,343,100,15,97
WAE,2012,5,13,0,9,85.3,9.8,6.7,6.34,7.8,25,0,971.5,300,2,4.3,0,0,0,0,0,0,0,342,100,15,97
WAE,2012,5,13,1,8.9,84.7,9.7,6.5,6.28,7.7,24.7,0,971.1,335,1.7,4.6,0,0,0,0,0,0,0,341,100,15,97
WAE,2012,5,13,2,8.6,86.9,9.7,6.5,6.28,7.5,24.4,0,970.2,13,2.3,6.3,0,0,0,0,0,0,0,341,100,15,97
WAE,2012,5,13,3,8.5,84.1,9.3,6,6.02,7.2,23.7,0,969.9,357,1.9,4.8,0,0,0,0,0,0,0,340,100,15,97
WAE,2012,5,13,4,8.4,80.4,8.9,5.2,5.76,6.8,22.9,0,969.5,4,1.7,5.8,27,23,23,21,36,12,12,340,90,15,97
WAE,2012,5,13,5,8.6,77,8.6,4.8,5.57,6.7,22.6,0,969.7,17,3.2,9.1,140,101,115,91,166,58,59,339,74,15,97
WAE,2012,5,13,6,9.2,71.9,8.4,4.4,5.44,6.8,22.9,0,969.4,31,5.7,10,345,405,169,112,501,119,80,340,68,15,97
WAE,2012,5,13,7,10.1,64.2,7.9,3.7,5.11,7,23,0,969,39,3.3,6.3,441,291,269,133,426,242,129,341,75,15,97
WAE,2012,5,13,8,11.3,59.2,8,3.6,5.18,7.5,24.4,0,968.7,81,2,4.8,512,268,327,168,409,298,162,342,88,15,97
WAE,2012,5,13,9,11.7,55,7.6,3,4.92,7.5,24.2,0,968.4,56,4.3,9.1,390,37,360,199,225,213,190,344,100,15,97
WAE,2012,5,13,10,12.7,52.7,7.7,3.3,4.99,8.1,25.4,0,968.2,45,4.9,9.3,391,53,346,189,219,220,180,345,100,15,97
WAE,2012,5,13,11,12.7,49.2,7.3,2.3,4.73,7.7,24.7,0,967.7,29,5.6,10,421,29,395,219,222,229,217,346,100,15,97
WAE,2012,5,13,12,12.6,50.4,7.3,2.6,4.73,7.7,24.6,0,967.2,23,5.4,9.9,439,75,376,204,202,251,243,347,94,15,97
WAE,2012,5,13,13,13.2,49.2,7.5,2.8,4.86,8.1,25.5,0,966.9,33,4.9,9.2,213,3,210,118,117,112,115,345,100,15,97
WAE,2012,5,13,14,13.1,48.5,7.3,2.5,4.73,7.9,25.1,0,966.6,34,4.7,12.1,374,127,293,156,155,206,274,344,100,15,97
WAE,2012,5,13,15,13.1,46.7,7,2,4.54,7.7,24.6,0,966.4,24,4.7,9,84,0,84,47,47,44,45,343,100,15,97
WAE,2012,5,13,16,12.8,47.6,7,2,4.54,7.6,24.3,0,966.2,30,4.9,9.1,51,0,51,29,29,27,28,341,100,15,97
WAE,2012,5,13,17,12.5,47.3,6.8,1.6,4.41,7.3,23.7,0,966,38,4.5,8.4,53,24,49,36,27,26,50,328,94,15,97
WAE,2012,5,13,18,11.5,49.8,6.8,1.4,4.41,6.8,22.7,0,966.2,31,5.3,8.1,7,0,7,4,4,4,4,338,100,15,97
WAE,2012,5,13,19,10,55.8,6.9,1.6,4.47,6.1,21.3,0,966.5,45,3.6,7.2,0,0,0,0,0,0,0,335,81,15,97
WAE,2012,5,13,20,9.1,57.1,6.6,1.1,4.28,5.5,19.9,0,966.4,45,2,3.8,0,0,0,0,0,0,0,332,88,15,97
WAE,2012,5,13,21,7.9,63.2,6.7,1.3,4.34,4.9,18.9,0,966,248,1.2,2.9,0,0,0,0,0,0,0,330,100,15,97
WAE,2012,5,13,22,6.6,71.1,6.9,1.7,4.48,4.4,17.9,0,965.8,270,0.8,2.2,0,0,0,0,0,0,0,327,100,15,97
WAE,2012,5,13,23,6.2,71.1,6.7,1.4,4.35,4.1,17.1,0,965.3,222,1.2,2.4,0,0,0,0,0,0,0,322,100,15,97
WAE,2012,5,14,0,5.5,74.5,6.7,1.3,4.35,3.7,16.4,0,964.8,212,1.6,3.2,0,0,0,0,0,0,0,279,25,13,97
WAE,2012,5,14,1,5,78.4,6.9,1.6,4.48,3.5,16.3,0,964.7,231,1.4,2.3,0,0,0,0,0,0,0,278,43,13,97
WAE,2012,5,14,2,4.4,82.2,6.9,1.6,4.48,3.2,15.7,0,964.2,216,0.9,1.8,0,0,0,0,0,0,0,280,36,13,97
WAE,2012,5,14,3,4.2,82.5,6.8,1.5,4.42,3,15.3,0,964.1,120,0.9,2.5,0,0,0,0,0,0,0,281,29,13,97
WAE,2012,5,14,4,4.4,79.2,6.6,1.1,4.29,3,15.2,0,964,156,2.2,3.6,65,203,38,94,217,18,18,281,29,13,97
WAE,2012,5,14,5,6.2,76.6,7.2,2.4,4.68,4.5,18,0,963.9,135,1.4,2.8,234,565,79,171,606,36,36,263,0,13,97
WAE,2012,5,14,6,7.3,73.7,7.5,2.9,4.88,5.3,19.6,0,963.7,82,1.6,3,420,744,96,90,773,95,47,238,0,13,97
WAE,2012,5,14,7,8.4,70.1,7.7,3.3,5.01,6,21,0,963.5,59,1.2,2.4,595,823,113,58,786,270,60,231,0,13,97
WAE,2012,5,14,8,9.7,63.3,7.6,3.1,4.95,6.5,22.2,0,962.9,37,1,2.7,746,870,126,69,707,422,71,232,0,13,97
WAE,2012,5,14,9,10.8,55.8,7.3,2.3,4.75,6.8,22.8,0,962.5,22,1.1,3.1,861,900,135,76,560,540,79,234,0,13,97
WAE,2012,5,14,10,13,41.7,6.3,0.3,4.1,7.1,23.4,0,961.8,21,1,2.7,931,921,136,80,363,611,83,239,0,13,97
WAE,2012,5,14,11,13.7,39.3,6.2,0.1,4.04,7.4,24,0,961,18,1,3.3,945,919,140,81,119,627,218,249,0,13,97
WAE,2012,5,14,12,14.6,35.4,5.9,-0.5,3.85,7.6,24.4,0,959.9,23,0.8,3.4,910,921,131,78,78,587,449,255,0,13,97
WAE,2012,5,14,13,15.3,34.9,6.1,-0.1,3.98,8,25.4,0,959.3,32,1.3,4,814,875,137,74,75,494,625,255,0,13,97
WAE,2012,5,14,14,16.1,34.8,6.4,0.6,4.18,8.6,26.8,0,958.7,15,1.6,4.8,676,814,135,68,68,361,730,275,6,13,97
WAE,2012,5,14,15,16.1,32.5,6,-0.4,3.92,8.3,26.1,0,958.2,15,1.6,4.5,510,732,124,59,59,206,750,291,38,13,97
WAE,2012,5,14,16,15.5,35.6,6.3,0.4,4.12,8.3,26,0,957.8,18,2.2,5.6,228,262,122,100,59,56,328,332,94,13,97
WAE,2012,5,14,17,15.7,34.4,6.1,0.1,3.99,8.3,25.9,0,957.8,10,3,5.7,68,14,65,40,35,33,48,336,81,13,97
WAE,2012,5,14,18,14.4,39.4,6.4,0.8,4.18,7.9,25.1,0,957.7,31,2.7,5.1,8,32,6,17,3,3,33,327,65,13,97
WAE,2012,5,14,19,12.1,45.3,6.4,0.6,4.19,6.8,22.7,0,957.5,143,0.8,2.5,0,0,0,0,0,0,0,344,29,13,97
WAE,2012,5,14,20,10,55.1,6.8,1.4,4.45,6,21.3,0,957.5,222,1.3,2.2,0,0,0,0,0,0,0,329,60,13,97
WAE,2012,5,14,21,9.3,57.1,6.7,1.3,4.38,5.6,20.4,0,957.2,223,1.8,3.4,0,0,0,0,0,0,0,332,43,13,97
WAE,2012,5,14,22,8,64,6.9,1.6,4.52,5.1,19.4,0,956.8,225,0.7,1.8,0,0,0,0,0,0,0,317,25,13,97
WAE,2012,5,14,23,7.8,66.5,7,2,4.59,5.1,19.4,0,956.5,278,0.9,2,0,0,0,0,0,0,0,280,34,13,97
WAE,2012,5,15,0,7,68.8,6.9,1.7,4.52,4.6,18.4,0,956.3,243,1,2,0,0,0,0,0,0,0,263,30,14,97
WAE,2012,5,15,1,6.8,68.1,6.7,1.3,4.39,4.3,17.9,0,956.4,233,1,2.4,0,0,0,0,0,0,0,284,53,14,97
WAE,2012,5,15,2,7.4,66.3,6.8,1.5,4.45,4.7,18.6,0,956.3,186,1.2,2.9,0,0,0,0,0,0,0,275,36,14,97
WAE,2012,5,15,3,6.3,72.2,6.9,1.7,4.52,4.2,17.7,0,955.7,153,1.4,3.2,0,0,0,0,0,0,0,244,13,14,97
WAE,2012,5,15,4,6.5,83.5,8.1,3.9,5.31,5.3,19.9,0,956.1,167,1,2.1,71,243,40,112,255,19,19,266,36,14,97
WAE,2012,5,15,5,8.1,73.8,8,3.7,5.25,6,21.3,0,956.2,256,0.4,1.4,211,417,99,157,473,45,46,287,43,14,97
WAE,2012,5,15,6,10.1,70.9,8.7,5.1,5.71,7.6,24.5,0,956.1,98,0.9,3,419,710,108,98,752,99,52,286,33,14,97
WAE,2012,5,15,7,10.8,70.2,9,5.6,5.91,8.1,25.8,0,955.8,87,1.7,3.4,465,386,245,117,499,238,114,267,53,14,97
WAE,2012,5,15,8,14.9,37.5,6.4,0.5,4.2,8,25.6,0,955.3,260,2.9,8.6,684,673,201,93,626,404,93,286,45,14,97
WAE,2012,5,15,9,15.4,42.1,7.4,2.6,4.86,9,27.8,0,954.8,286,4,8.8,556,267,343,167,369,341,161,340,84,14,97
WAE,2012,5,15,10,15.7,42.8,7.7,3.1,5.06,9.3,28.6,0,953.9,262,3,9.3,392,48,351,190,216,216,181,348,94,14,97
WAE,2012,5,15,11,16.1,41.5,7.6,3,5,9.5,28.8,0,953.4,278,5.4,12.4,372,43,334,181,180,204,192,351,100,14,97
WAE,2012,5,15,12,16.9,38.4,7.4,2.7,4.87,9.7,29.3,0,953,278,5.6,16.1,390,74,328,175,174,220,216,352,94,14,97
WAE,2012,5,15,13,14.7,50.8,8.4,4.6,5.53,9.5,28.8,0,953.3,304,5.3,15.3,190,67,135,69,68,113,117,349,100,14,97
WAE,2012,5,15,14,12.8,59.4,8.8,5.1,5.79,8.9,27.5,0,954,320,4,12.8,51,0,51,29,28,27,27,347,100,14,97
WAE,2012,5,15,15,12.4,55.5,8,3.7,5.26,8.1,25.7,0,954.4,306,3.5,9.6,34,0,34,19,19,18,18,345,100,14,97
WAE,2012,5,15,16,11.9,53.4,7.4,2.7,4.86,7.4,24.2,0,955.1,298,4.8,18.9,51,0,51,29,28,27,27,342,100,14,97
WAE,2012,5,15,17,11.8,46.4,6.4,0.7,4.19,6.7,22.4,0,955.5,268,4.7,13.2,71,79,55,55,29,27,108,340,94,14,97
WAE,2012,5,15,18,10.7,51,6.5,1,4.25,6.2,21.5,0,957.1,287,5.6,12.7,13,9,12,10,7,6,14,337,100,14,97
WAE,2012,5,15,19,8.2,70.5,7.7,3.2,5.04,5.8,20.9,0.4,958.1,267,2.3,6.2,0,0,0,0,0,0,0,334,100,14,97
WAE,2012,5,15,20,6,84.4,7.9,3.6,5.17,4.9,19,2.2,959.1,272,5.4,12.6,0,0,0,0,0,0,0,331,100,14,97
WAE,2012,5,15,21,5.8,80.3,7.4,2.7,4.83,4.4,17.9,0.2,960.4,254,6.1,11.7,0,0,0,0,0,0,0,328,100,14,97
WAE,2012,5,15,22,5.5,76.8,7,1.8,4.56,3.9,17,0,961.1,262,5.3,10.7,0,0,0,0,0,0,0,325,100,14,97
WAE,2012,5,15,23,5.4,73,6.6,1,4.3,3.5,16.2,0,961.3,257,3.2,9.4,0,0,0,0,0,0,0,321,100,14,97
WAE,2012,5,16,0,5.6,70.8,6.5,0.7,4.23,3.5,16.2,0,961.2,250,2.9,7.6,0,0,0,0,0,0,0,318,94,14,97
WAE,2012,5,16,1,5.6,67.5,6.1,0.1,3.97,3.2,15.6,0,961.1,256,5.8,13.4,0,0,0,0,0,0,0,318,100,14,97
WAE,2012,5,16,2,5.3,68.8,6.2,0,4.04,3,15.4,0,961.2,264,3,10.2,0,0,0,0,0,0,0,318,100,14,97
WAE,2012,5,16,3,5.3,70.8,6.3,0.4,4.1,3.2,15.6,0,961.6,253,3.8,7.9,0,0,0,0,0,0,0,319,100,14,97
WAE,2012,5,16,4,5.4,70,6.3,0.4,4.1,3.2,15.7,0,962.2,253,4.7,8.7,7,1,7,5,5,4,4,319,100,14,97
WAE,2012,5,16,5,5.4,70.8,6.4,0.5,4.16,3.3,15.9,0,962.3,255,4.7,9.3,84,9,81,47,54,42,43,319,100,14,97
WAE,2012,5,16,6,6.1,70.1,6.6,1.1,4.29,3.9,16.9,0,962.9,261,4.9,10.3,162,8,158,89,96,83,84,320,100,14,97
WAE,2012,5,16,7,6.1,72.8,6.8,1.6,4.42,4.1,17.2,0,963.3,273,4.4,10.9,242,28,226,125,152,126,119,322,100,14,97
WAE,2012,5,16,8,6.4,71.5,6.9,1.6,4.49,4.3,17.7,0,963.6,276,4,10.7,337,42,307,168,206,181,160,325,100,14,97
WAE,2012,5,16,9,6.3,76.1,7.3,2.4,4.75,4.5,18.2,0.6,964,257,4.1,10.6,147,0,147,82,81,76,78,327,100,14,97
WAE,2012,5,16,10,6.3,82.6,7.9,3.6,5.14,5,19.2,0.8,964.5,274,4,9.7,341,12,330,184,188,180,175,328,100,14,97
WAE,2012,5,16,11,7.5,76.6,7.9,3.7,5.14,5.7,20.4,0.1,964.8,269,4.7,9.6,572,205,392,199,198,353,281,329,88,14,97
WAE,2012,5,16,12,8.5,72,8,3.7,5.2,6.2,21.6,0.5,964.9,258,4.5,9.9,258,112,161,81,80,161,135,325,94,14,97
WAE,2012,5,16,13,8.7,73.1,8.2,4.2,5.33,6.5,22.2,0,965.1,250,4.9,12.3,284,25,265,146,145,152,160,329,100,14,97
WAE,2012,5,16,14,8.4,68.9,7.6,3,4.93,5.9,20.8,0.1,965.8,249,7.5,13.9,262,89,199,103,103,148,184,329,100,14,97
WAE,2012,5,16,15,5.8,82.1,7.5,3,4.87,4.5,18,7.4,965.8,254,2.4,7.2,251,208,143,73,73,116,277,322,88,14,97
WAE,2012,5,16,16,7.9,73.6,7.8,3.5,5.06,5.8,20.7,0.1,966.2,284,2.4,7.2,83,26,75,48,41,38,66,327,100,14,97
WAE,2012,5,16,17,6.9,74.7,7.4,2.7,4.8,5,19,0,966.5,207,4.2,7.9,65,19,60,39,33,31,51,327,100,14,97
WAE,2012,5,16,18,5.2,81,7.2,2.2,4.66,3.9,16.9,3.2,967.7,231,4,10.7,7,0,7,4,4,3,4,325,100,14,97
WAE,2012,5,16,19,4.5,84,7.1,2,4.59,3.4,16,0,968.3,212,4.2,7.1,0,0,0,0,0,0,0,322,100,14,97
WAE,2012,5,16,20,4.8,86.6,7.5,2.8,4.85,3.9,17,0,968.6,124,0.6,2.6,0,0,0,0,0,0,0,319,100,14,97
WAE,2012,5,16,21,4.8,90,7.7,3.3,4.98,4.1,17.3,0,969,180,1.4,2.7,0,0,0,0,0,0,0,316,100,14,97
WAE,2012,5,16,22,4.5,92.9,7.9,3.5,5.11,4,17.3,3.1,968.9,264,2.5,6.6,0,0,0,0,0,0,0,313,100,14,97
WAE,2012,5,16,23,4.4,88.3,7.4,2.6,4.79,3.6,16.4,0,968.1,185,4.6,7.9,0,0,0,0,0,0,0,310,100,14,97
WAE,2012,5,17,0,4.1,90.8,7.4,2.7,4.79,3.5,16.1,0,967.7,144,1.4,3.9,0,0,0,0,0,0,0,308,81,16,97
WAE,2012,5,17,1,3.4,93.9,7.3,2.5,4.73,3,15.3,0,967.2,135,1.3,3.5,0,0,0,0,0,0,0,282,16,16,97
WAE,2012,5,17,2,2.8,94.6,7.1,2,4.6,2.5,14.3,0,966.8,152,1.5,2.7,0,0,0,0,0,0,0,276,0,16,97
WAE,2012,5,17,3,2.4,95.5,6.9,1.8,4.47,2.1,13.6,0,966.5,139,1.1,2.5,0,0,0,0,0,0,0,276,0,16,97
WAE,2012,5,17,4,2.4,95,6.9,1.7,4.47,2.1,13.6,0,966.3,144,1.4,2.3,74,237,42,113,252,21,21,279,6,16,97
WAE,2012,5,17,5,4.1,89.3,7.3,2.5,4.74,3.4,16,0,965.9,107,1.6,5.3,239,562,82,183,608,41,41,275,0,16,97
WAE,2012,5,17,6,5.2,82.2,7.3,2.4,4.74,3.9,17.1,0,965.5,87,2.2,4.6,423,730,100,102,768,102,56,267,0,16,97
WAE,2012,5,17,7,6.8,71.9,7.1,2.1,4.61,4.7,18.4,0,964.9,88,3.1,7.3,597,807,119,70,786,274,72,254,0,16,97
WAE,2012,5,17,8,8.8,58.4,6.6,1.1,4.29,5.3,19.6,0,964.6,89,4.2,8.5,743,837,141,84,707,427,87,240,0,16,97
WAE,2012,5,17,9,10.1,54.3,6.7,1.3,4.35,6,21.1,0,964,92,2.8,6.8,867,904,133,90,574,546,94,257,16,16,97
WAE,2012,5,17,10,11.4,50.1,6.7,1.4,4.36,6.7,22.4,0,963.4,92,2.8,5.8,925,885,157,99,387,616,103,287,43,16,97
WAE,2012,5,17,11,12.7,46.7,6.9,1.6,4.49,7.4,24.1,0,962.3,90,2.9,5.9,919,819,197,110,153,624,259,298,50,16,97
WAE,2012,5,17,12,13.7,42,6.6,1,4.3,7.7,24.6,0,961.4,90,3.2,6.1,902,869,162,99,100,593,469,293,33,16,97
WAE,2012,5,17,13,14.9,36.9,6.3,0.3,4.11,8,25.4,0,960.7,94,3.2,6.2,815,858,146,90,91,499,635,288,39,16,97
WAE,2012,5,17,14,15.6,36.2,6.4,0.7,4.17,8.4,26.2,0,959.9,84,3.1,5.3,698,875,110,74,75,364,768,264,29,16,97
WAE,2012,5,17,15,15.7,34.4,6.2,0.1,4.05,8.3,26,0,958.9,90,2.5,4.6,460,501,183,95,95,215,575,316,63,16,97
WAE,2012,5,17,16,16,36.6,6.6,1.2,4.32,8.8,27,0,957.7,90,2.6,5.7,326,548,121,161,60,59,618,309,53,16,97
WAE,2012,5,17,17,15.3,42.6,7.4,2.7,4.85,9,27.6,0,957.1,84,2.9,5.4,171,440,76,179,38,37,479,312,50,16,97
WAE,2012,5,17,18,13.7,51.4,8,3.9,5.25,8.8,27,0,956.7,28,2.4,4.9,31,105,21,56,11,10,111,330,84,16,97
WAE,2012,5,17,19,12.2,51.8,7.3,2.6,4.79,7.6,24.3,0,956.2,9,0.7,3.3,0,0,0,0,0,0,0,334,69,16,97
WAE,2012,5,17,20,9.8,64.2,7.8,3.4,5.12,6.7,22.7,0,956,225,1.1,2.7,0,0,0,0,0,0,0,319,63,16,97
WAE,2012,5,17,21,10.2,62.2,7.7,3.3,5.05,6.9,23,0,955.7,175,2.4,5,0,0,0,0,0,0,0,340,100,16,97
WAE,2012,5,17,22,10.3,62.1,7.8,3.4,5.12,7,23.2,0,955.5,198,1.3,3.9,0,0,0,0,0,0,0,321,74,16,97
WAE,2012,5,17,23,9.8,65.1,7.9,3.6,5.19,6.8,22.9,0,955.2,219,0.8,1.8,0,0,0,0,0,0,0,337,94,16,97
WAE,2012,5,18,0,9.6,65.2,7.8,3.4,5.12,6.6,22.5,0,954.9,255,1.2,2.7,0,0,0,0,0,0,0,332,94,17,97
WAE,2012,5,18,1,9.8,62.6,7.6,3,4.99,6.6,22.4,0,955.3,266,1.6,4,0,0,0,0,0,0,0,337,100,17,97
WAE,2012,5,18,2,9.6,68.8,8.2,4.2,5.39,7,23.2,0,954,119,1.4,3.6,0,0,0,0,0,0,0,338,100,17,97
WAE,2012,5,18,3,9.5,74.8,8.9,5.3,5.85,7.4,24.3,0,954.8,274,2.1,7,0,0,0,0,0,0,0,335,100,17,97
WAE,2012,5,18,4,9.4,73.5,8.7,4.9,5.72,7.2,23.8,0,954.5,255,2.4,5.4,15,20,14,17,26,7,8,336,100,17,97
WAE,2012,5,18,5,9.4,76.2,9,5.4,5.92,7.4,24.4,0,954.4,148,1.4,3.2,88,10,85,51,59,45,46,332,94,17,97
WAE,2012,5,18,6,10.2,71.1,8.8,5.2,5.78,7.7,24.8,0,955.2,288,0.8,3,152,9,148,86,93,79,80,339,100,17,97
WAE,2012,5,18,7,10.6,73.3,9.4,6,6.18,8.2,26.2,0.2,955.5,333,0.7,2.6,180,2,179,102,104,96,97,347,100,17,97
WAE,2012,5,18,8,11.5,80.7,10.9,8.3,7.18,9.8,29.7,0.1,955.3,156,1.3,3.2,146,0,146,84,83,78,80,351,100,17,97
WAE,2012,5,18,9,11.5,81,11,8.4,7.25,9.8,29.8,0,955.3,14,0.6,1.8,89,0,89,51,50,47,48,355,100,17,97
WAE,2012,5,18,10,13,78,11.7,9.3,7.71,10.9,32.5,0,955.4,45,0.4,1.3,422,85,348,190,233,248,182,359,94,17,97
WAE,2012,5,18,11,14.8,64.3,10.8,8.1,7.11,11.1,32.9,0,955.3,41,1.1,2.6,548,123,439,238,248,326,273,364,94,17,97
WAE,2012,5,18,12,15.8,55.6,10,6.9,6.58,11,32.5,0,955.2,72,1,2.3,337,43,302,168,167,190,191,366,100,17,97
WAE,2012,5,18,13,16.5,52.6,9.9,6.8,6.51,11.2,33.1,0,955.2,63,0.9,1.9,185,0,184,105,104,98,101,367,100,17,97
WAE,2012,5,18,14,17.1,53,10.3,7.5,6.78,11.8,34.4,0,955,68,0.7,2,369,166,256,138,137,208,284,350,78,17,97
WAE,2012,5,18,15,16.8,57.1,10.9,8.3,7.18,12,35.1,0,955.2,337,0.8,2.1,159,39,138,77,76,83,115,359,94,17,97
WAE,2012,5,18,16,16.1,69.9,12.8,10.6,8.45,12.9,37.6,0.2,955.3,265,1.3,4.9,123,13,118,69,66,62,77,355,75,17,97
WAE,2012,5,18,17,15.3,76.9,13.4,11.3,8.85,13,37.8,0,955.5,27,0.4,1.1,160,370,78,158,40,39,410,337,53,17,97
WAE,2012,5,18,18,14.5,83.6,13.8,11.8,9.11,12.9,37.6,0,955.8,166,0.4,1.5,20,45,16,27,8,8,51,351,84,17,97
WAE,2012,5,18,19,14.1,83.2,13.4,11.3,8.84,12.5,36.5,0,956.3,169,1.1,1.6,0,0,0,0,0,0,0,365,100,17,97
WAE,2012,5,18,20,13.9,83.4,13.2,11.1,8.7,12.3,36,0,956.7,189,0.6,1.5,0,0,0,0,0,0,0,352,69,17,97
WAE,2012,5,18,21,12.4,86.1,12.4,10.1,8.17,11.1,33.1,0,957,169,0.5,1.3,0,0,0,0,0,0,0,325,16,17,97
WAE,2012,5,18,22,11.9,85.6,11.9,9.6,7.83,10.6,31.7,0,957.4,278,0.7,1.3,0,0,0,0,0,0,0,330,50,17,97
WAE,2012,5,18,23,12.4,83.9,12.1,9.8,7.96,10.9,32.6,0,957.4,225,0.7,1.9,0,0,0,0,0,0,0,354,100,17,97
WAE,2012,5,19,0,12.2,86.4,12.3,10,8.1,11,32.7,0,957.2,117,0.7,2.4,0,0,0,0,0,0,0,345,79,17,97
WAE,2012,5,19,1,11.3,92.1,12.4,10.1,8.17,10.6,31.9,0,957,151,1.1,2.4,0,0,0,0,0,0,0,338,71,17,97
WAE,2012,5,19,2,11.3,86.4,11.5,9.1,7.57,10.1,30.4,0,956.8,153,1.2,2.4,0,0,0,0,0,0,0,337,78,17,97
WAE,2012,5,19,3,11.2,85.7,11.4,8.9,7.5,9.9,30.2,0,956.9,121,0.7,3.3,0,0,0,0,0,0,0,312,36,17,97
WAE,2012,5,19,4,10.7,92.6,11.9,9.6,7.83,10.1,30.5,0,957,315,0.3,1.2,68,183,41,92,200,21,21,319,45,17,97
WAE,2012,5,19,5,11.8,89.2,12.3,10.1,8.1,10.8,32.3,0,956.7,342,0.5,1.4,230,516,80,172,559,42,42,300,16,17,97
WAE,2012,5,19,6,12.8,79.8,11.8,9.4,7.77,10.9,32.5,0,956.9,27,0.7,2,385,582,122,105,638,106,66,320,51,17,97
WAE,2012,5,19,7,14.1,75.1,12.1,9.8,7.97,11.7,34.3,0,956.4,45,0.8,2.4,573,754,122,73,738,260,75,324,43,17,97
WAE,2012,5,19,8,15.9,63.5,11.4,9,7.51,12,35,0,955.9,106,1.8,4,723,812,137,85,687,408,88,328,41,17,97
WAE,2012,5,19,9,17.6,54.7,11,8.4,7.25,12.4,36.1,0,955.1,93,2.2,4.4,714,542,274,145,484,451,143,341,68,17,97
WAE,2012,5,19,10,18.6,50.4,10.8,8.1,7.12,12.7,36.7,0,954.7,94,1.5,3.3,616,290,364,192,329,390,187,357,78,17,97
WAE,2012,5,19,11,19.5,52.3,11.8,9.5,7.79,13.7,39.4,0,954.1,40,0.8,3,554,130,439,238,254,332,269,369,100,17,97
WAE,2012,5,19,12,20.3,52.8,12.6,10.4,8.33,14.4,41.6,0,953.4,332,1.5,5.6,719,430,350,174,173,473,407,376,94,17,97
WAE,2012,5,19,13,21.3,48.9,12.4,10.1,8.2,14.7,42.3,0,953,298,2.8,6.3,436,87,367,202,201,249,265,375,100,17,97
WAE,2012,5,19,14,21.4,48.9,12.4,10.2,8.2,14.7,42.4,0,952.6,306,4,6.5,589,536,231,116,116,330,590,346,60,17,97
WAE,2012,5,19,15,21.5,48.1,12.3,10.1,8.14,14.7,42.3,0,952.4,304,2.9,5.6,453,520,176,92,91,198,596,348,54,17,97
WAE,2012,5,19,16,21.4,46.6,11.9,9.5,7.87,14.4,41.5,0,951.9,302,2.9,5.4,330,599,100,154,53,53,652,316,13,17,97
WAE,2012,5,19,17,21.3,45.6,11.5,9.1,7.61,14.2,40.8,0,951.4,286,1.6,3.8,164,427,69,172,36,35,461,307,6,17,97
WAE,2012,5,19,18,19.6,52.7,12,9.7,7.95,13.8,39.9,0,951.2,234,2.2,3.5,27,81,18,44,10,9,86,311,6,17,97
WAE,2012,5,19,19,17.3,62,12.2,10,8.08,13.1,37.9,0,951.1,235,2.5,3.6,0,0,0,0,0,0,0,305,0,17,97
WAE,2012,5,19,20,15.8,63.9,11.5,9,7.61,12,35.1,0,951.3,222,1.6,3.6,0,0,0,0,0,0,0,322,31,17,97
WAE,2012,5,19,21,15.1,67.7,11.6,9.2,7.68,11.8,34.6,0,951.4,252,1.4,3.2,0,0,0,0,0,0,0,340,61,17,97
WAE,2012,5,19,22,14.1,72.1,11.6,9.2,7.68,11.4,33.6,0,951.6,229,1.1,4.1,0,0,0,0,0,0,0,344,56,17,97
WAE,2012,5,19,23,14.5,69.1,11.4,8.9,7.54,11.4,33.6,0,952.2,254,2.9,8.3,0,0,0,0,0,0,0,324,48,17,97
WAE,2012,5,20,0,14.7,73.6,12.3,10,8.14,12,35.3,0,952.5,239,4.5,7.5,0,0,0,0,0,0,0,317,29,17,97
WAE,2012,5,20,1,13.1,82.2,12.4,10.1,8.21,11.4,33.9,0,952.2,222,3.1,4.2,0,0,0,0,0,0,0,318,31,17,97
WAE,2012,5,20,2,12,86.7,12.2,9.9,8.08,10.8,32.4,0,951.7,167,1.5,3.3,0,0,0,0,0,0,0,297,0,17,97
WAE,2012,5,20,3,11.6,87.6,12,9.6,7.95,10.5,31.7,0,951.3,166,1.6,2.8,0,0,0,0,0,0,0,315,13,17,97
WAE,2012,5,20,4,11.2,86.8,11.5,9.1,7.61,10,30.5,0,950.9,153,0.8,3.2,42,65,30,40,81,15,16,352,78,17,97
WAE,2012,5,20,5,12.6,85.2,12.4,10.2,8.22,11.2,33.4,0,950.6,149,1,3.8,241,551,82,185,596,42,42,314,35,17,97
WAE,2012,5,20,6,13.7,82,12.9,10.7,8.56,12,35.4,0,950.3,14,0.5,1.3,362,499,148,126,577,102,77,339,64,17,97
WAE,2012,5,20,7,14.7,77,12.8,10.7,8.49,12.4,36.3,0,950.1,9,0.7,2,338,131,264,143,276,178,138,368,94,17,97
WAE,2012,5,20,8,15.8,71.9,12.9,10.7,8.57,12.8,37.6,0,949.5,27,0.6,1.9,637,564,222,123,546,367,122,342,74,17,97
WAE,2012,5,20,9,17.8,63.9,13,10.9,8.64,13.7,39.8,0,949.1,18,0.8,2.9,850,872,136,92,559,526,95,319,45,17,97
WAE,2012,5,20,10,19.6,60.6,13.8,11.8,9.19,14.9,43,0,948.2,37,1,2.4,856,729,221,133,390,551,134,358,58,17,97
WAE,2012,5,20,11,21.2,54.9,13.8,11.8,9.19,15.5,44.7,0,948.1,30,1,2.6,143,0,143,82,81,76,78,383,100,17,97
WAE,2012,5,20,12,21.5,53.6,13.7,11.7,9.12,15.5,44.8,0,948.2,256,0.7,2.8,90,0,90,51,51,48,49,384,100,17,97
WAE,2012,5,20,13,21,36.7,9.1,5.6,6.03,12.5,36.4,0,947.5,170,3.5,10.9,78,0,78,44,44,41,42,382,100,17,97
WAE,2012,5,20,14,21,44.6,11.1,8.5,7.38,13.8,39.9,0,947.2,171,2.9,6.3,94,0,94,54,53,50,51,380,100,17,97
WAE,2012,5,20,15,20.7,43.2,10.5,7.8,6.98,13.4,38.5,0,946.8,176,2.2,6.5,68,0,68,39,39,36,37,378,100,17,97
WAE,2012,5,20,16,20.6,40.8,9.9,6.8,6.58,12.9,37.4,0,946.3,148,2.8,8.3,44,0,44,25,25,24,24,375,100,17,97
WAE,2012,5,20,17,19.5,43.6,9.9,6.8,6.58,12.4,36.3,0,946.2,117,1.4,6,29,0,29,17,16,16,16,373,100,17,97
WAE,2012,5,20,18,19,45.7,10,7,6.65,12.3,36,0,945.7,117,1.9,6.8,8,0,8,4,4,4,4,371,100,17,97
WAE,2012,5,20,19,18.7,41.4,8.9,5.3,5.91,11.5,33.8,0,945.7,123,2.5,6.2,0,0,0,0,0,0,0,369,100,17,97
WAE,2012,5,20,20,18.7,39.3,8.5,4.6,5.64,11.2,33.1,0,945.3,105,2.8,6.5,0,0,0,0,0,0,0,368,100,17,97
WAE,2012,5,20,21,18.3,41.8,8.8,5.1,5.84,11.2,33.2,0,945.4,90,1.9,6.8,0,0,0,0,0,0,0,366,100,17,97
WAE,2012,5,20,22,17.9,44.1,9,5.5,5.98,11.2,33.1,0,945.6,153,1.1,3.8,0,0,0,0,0,0,0,364,100,17,97
WAE,2012,5,20,23,16.8,52.7,10.1,7.1,6.72,11.5,33.9,0,945.3,184,3.1,6.4,0,0,0,0,0,0,0,362,100,17,97
WAE,2012,5,21,0,15.5,62.6,11,8.4,7.33,11.5,34.1,0,944.8,252,2,6,0,0,0,0,0,0,0,361,100,17,97
WAE,2012,5,21,1,14.4,70.1,11.5,9,7.67,11.4,33.9,0,944.2,45,0.5,1.5,0,0,0,0,0,0,0,362,100,17,97
WAE,2012,5,21,2,13.7,72.1,11.3,8.8,7.54,11,32.8,0,943.8,246,1.3,3.5,0,0,0,0,0,0,0,358,94,17,97
WAE,2012,5,21,3,13.8,68.7,10.8,8.2,7.2,10.7,32.1,0,943.3,247,2.5,5.1,0,0,0,0,0,0,0,345,94,17,97
WAE,2012,5,21,4,13.2,77.7,11.8,9.4,7.88,11.1,33.2,0,943.4,238,1.3,2.9,41,63,31,41,78,16,16,349,94,17,97
WAE,2012,5,21,5,13.7,80.7,12.7,10.4,8.49,11.8,35.2,0,943.5,297,0.4,1.3,101,32,92,62,85,49,50,362,100,17,97
WAE,2012,5,21,6,14.3,80.4,13.1,11,8.76,12.4,36.5,0,943.1,360,0.4,2.1,173,18,165,96,111,89,90,363,100,17,97
WAE,2012,5,21,7,14.6,75.8,12.6,10.4,8.42,12.2,36,0,943,30,0.9,2,497,515,178,98,559,245,97,348,69,17,97
WAE,2012,5,21,8,15.6,72.1,12.8,10.6,8.56,12.7,37.3,0,942.6,27,2,3.7,734,846,120,82,695,403,85,341,29,17,97
WAE,2012,5,21,9,17,66.2,12.8,10.7,8.56,13.3,38.8,0,942.4,35,2,3.6,694,503,285,149,478,435,147,356,59,17,97
WAE,2012,5,21,10,18.9,63.4,13.8,11.8,9.25,14.6,42.5,0,942.2,335,2.4,6.1,496,222,303,162,274,309,157,363,88,17,97
WAE,2012,5,21,11,19,60.4,13.3,11.2,8.91,14.3,41.7,0,942,299,2.3,5.2,407,75,340,188,186,238,211,375,100,17,97
WAE,2012,5,21,12,18.8,61.5,13.3,11.2,8.9,14.3,41.5,0,942.6,256,2.5,6.3,241,4,238,136,135,130,132,376,100,17,97
WAE,2012,5,21,13,16.6,78.2,14.8,12.8,9.92,14.3,41.8,0.7,942.9,292,1.9,5.2,439,196,289,155,154,259,306,364,88,17,97
WAE,2012,5,21,14,18.1,67.1,13.9,11.9,9.31,14.4,41.8,0,943,360,1.5,5.5,374,159,260,143,142,211,274,374,94,17,97
WAE,2012,5,21,15,17.6,68.8,13.9,11.8,9.31,14.1,41.3,0,942.8,333,1.9,4.8,282,74,242,135,134,148,205,373,100,17,97
WAE,2012,5,21,16,17.7,70.6,14.3,12.3,9.58,14.4,42.1,0,942.9,108,1.4,4.5,33,0,33,19,19,18,18,371,100,17,97
WAE,2012,5,21,17,15.9,80.9,14.6,12.6,9.78,13.9,40.7,0.1,943.6,265,3,7.3,36,17,33,25,19,17,34,370,100,17,97
WAE,2012,5,21,18,15.2,80.6,13.9,11.9,9.29,13.2,38.8,0,944.2,250,3.3,6.2,21,22,19,20,11,10,31,369,100,17,97
WAE,2012,5,21,19,13.7,89.2,14,12,9.35,12.7,37.4,5.6,945.2,234,4.8,10.4,0,0,0,0,0,0,0,367,100,17,97
WAE,2012,5,21,20,13.1,92.9,14,12,9.35,12.5,36.8,2.1,945.5,244,4.4,7.8,0,0,0,0,0,0,0,366,100,17,97
WAE,2012,5,21,21,13,93.8,14,12,9.35,12.4,36.7,2.5,945.5,245,4.3,7.3,0,0,0,0,0,0,0,364,100,17,97
WAE,2012,5,21,22,12.9,91.9,13.7,11.6,9.14,12.1,36,1,945.7,228,4,7.5,0,0,0,0,0,0,0,359,88,17,97
WAE,2012,5,21,23,12.8,91.4,13.5,11.4,9,12,35.6,0,946.3,246,2.2,7.7,0,0,0,0,0,0,0,361,100,17,97
WAE,2012,5,22,0,12.4,93.8,13.5,11.4,9,11.8,35.2,2,946.4,235,1.6,4.1,0,0,0,0,0,0,0,360,100,19,97
WAE,2012,5,22,1,12.1,95,13.4,11.3,8.93,11.6,34.7,1.8,946.3,270,1.3,4.4,0,0,0,0,0,0,0,360,100,19,97
WAE,2012,5,22,2,11.8,94.8,13.2,11,8.8,11.3,34,0.2,946.7,284,1.1,4.3,0,0,0,0,0,0,0,352,94,19,97
WAE,2012,5,22,3,11.2,96.9,12.9,10.7,8.59,10.9,32.9,0.1,946.9,246,1.1,2.5,0,0,0,0,0,0,0,335,53,19,97
WAE,2012,5,22,4,11.1,91.7,12.1,9.8,8.05,10.4,31.4,0,947.3,215,2,4.2,70,165,47,94,185,25,25,338,33,19,97
WAE,2012,5,22,5,11.9,92.4,12.9,10.7,8.58,11.2,33.6,0,948,159,1.2,3,229,448,92,165,502,50,50,328,33,19,97
WAE,2012,5,22,6,13,87.7,13.1,11,8.71,11.8,35.1,0,948.5,78,1.4,3,409,645,112,127,696,90,67,331,25,19,97
WAE,2012,5,22,7,13.8,84.2,13.3,11.2,8.84,12.3,36.2,0,948.8,45,1.6,2.8,572,725,137,83,734,263,85,333,29,19,97
WAE,2012,5,22,8,14.5,76.6,12.6,10.4,8.37,12.1,35.7,0,949.2,24,1.9,4.2,636,519,259,145,558,371,143,343,53,19,97
WAE,2012,5,22,9,15.4,69.7,12.2,9.9,8.09,12.3,35.9,0,950.1,12,1.5,3.8,587,312,333,185,392,361,180,352,50,19,97
WAE,2012,5,22,10,16.6,65,12.3,10,8.16,12.8,37.3,0,950.4,4,1.7,3.8,870,707,247,142,395,582,144,344,39,19,97
WAE,2012,5,22,11,17.9,57.9,11.9,9.5,7.88,13.1,38,0,951.1,21,1.5,4.7,854,675,252,142,177,577,288,357,68,19,97
WAE,2012,5,22,12,18.8,55.5,12,9.7,7.94,13.5,39,0,951.8,360,2.2,5.5,520,143,395,218,217,318,296,377,100,19,97
WAE,2012,5,22,13,18.3,55.6,11.6,9.3,7.67,13.1,37.8,0,952.3,301,2.4,4.5,84,0,84,49,49,46,47,378,100,19,97
WAE,2012,5,22,14,17.8,61.2,12.5,10.2,8.27,13.4,38.8,0,953.1,256,1.8,3.7,87,0,87,51,50,48,49,378,100,19,97
WAE,2012,5,22,15,17.7,65.7,13.3,11.2,8.8,13.8,40.1,0,953.8,232,3.7,5.8,105,0,105,61,61,57,58,378,100,19,97
WAE,2012,5,22,16,18.1,63,13.1,11,8.66,13.9,40.1,0,954.2,231,4,6.2,76,0,76,45,44,42,43,378,100,19,97
WAE,2012,5,22,17,17.7,62.7,12.7,10.5,8.38,13.5,39,0,955.1,227,4.1,6.3,13,0,13,8,8,7,7,379,100,19,97
WAE,2012,5,22,18,17.2,64.9,12.7,10.5,8.38,13.3,38.5,0,955.6,228,4,6.1,2,0,2,1,1,1,1,378,100,19,97
WAE,2012,5,22,19,16.2,73.5,13.5,11.5,8.9,13.4,38.8,0.4,957.1,225,2,5.5,0,0,0,0,0,0,0,378,100,19,97
WAE,2012,5,22,20,14.5,89.2,14.7,12.7,9.7,13.4,39.1,0.4,957.6,221,2.9,7.8,0,0,0,0,0,0,0,377,100,19,97
WAE,2012,5,22,21,14.2,87.8,14.2,12.2,9.35,13,37.9,0.6,958.7,217,1.7,6.4,0,0,0,0,0,0,0,376,100,19,97
WAE,2012,5,22,22,13.8,94.3,14.9,12.9,9.82,13.3,38.7,0.7,958.7,198,0.8,2.7,0,0,0,0,0,0,0,375,100,19,97
WAE,2012,5,22,23,13.7,96.3,15.1,13.1,9.95,13.3,38.9,3.1,959.2,18,0.5,1.8,0,0,0,0,0,0,0,374,100,19,97
WAE,2012,5,23,0,13.7,97,15.2,13.2,10.01,13.4,39.1,5.3,959.6,162,1,3.9,0,0,0,0,0,0,0,371,94,20,97
WAE,2012,5,23,1,13.6,98.5,15.4,13.4,10.14,13.5,39.3,2.5,959.8,360,0.5,1.7,0,0,0,0,0,0,0,373,100,20,97
WAE,2012,5,23,2,13.6,97.7,15.2,13.2,10.01,13.4,38.9,0.1,959.9,342,0.6,2.8,0,0,0,0,0,0,0,374,100,20,97
WAE,2012,5,23,3,13.7,93.9,14.7,12.7,9.67,13.1,38.2,0,960.5,243,1.2,4.3,0,0,0,0,0,0,0,371,88,20,97
WAE,2012,5,23,4,13.6,95.2,14.9,12.8,9.8,13.1,38.4,0.9,960.7,211,1,4.7,14,0,14,9,9,8,8,374,100,20,97
WAE,2012,5,23,5,13.5,96,14.8,12.9,9.73,13.1,38.1,0.1,961.2,310,1,3.1,75,3,74,45,47,41,42,374,100,20,97
WAE,2012,5,23,6,13.7,96,15,13.1,9.86,13.3,38.7,0.1,961.7,18,0.6,2.4,164,48,141,91,132,77,79,375,100,20,97
WAE,2012,5,23,7,14.1,94.3,15.1,13.2,9.92,13.6,39.2,2,962.3,243,1.9,4.6,99,0,99,58,58,55,56,377,100,20,97
WAE,2012,5,23,8,14.5,92.3,15.2,13.3,9.97,13.8,39.8,1.1,963.1,246,2.4,5.9,113,0,113,67,66,62,64,380,100,20,97
WAE,2012,5,23,9,14.4,98,16.1,14.1,10.57,14.2,41.2,2.2,963.4,360,0.8,1.6,97,0,97,57,57,54,55,382,100,20,97
WAE,2012,5,23,10,14.5,96.3,15.9,13.9,10.44,14.1,41,0,963.6,50,0.8,1.9,265,3,263,155,156,148,148,385,100,20,97
WAE,2012,5,23,11,15.2,92.1,15.8,13.9,10.37,14.4,41.5,0,963.9,83,0.9,2.2,380,19,363,213,212,215,212,387,100,20,97
WAE,2012,5,23,12,16.6,87,16.4,14.4,10.76,15.2,43.9,0,964,41,1,2.6,520,122,415,236,234,315,309,385,88,20,97
WAE,2012,5,23,13,17.2,83.5,16.4,14.4,10.76,15.5,44.6,0,964.1,24,1.8,3.4,547,220,371,205,204,340,374,374,64,20,97
WAE,2012,5,23,14,18.5,77.4,16.5,14.5,10.83,16,46.1,0,964.1,29,1.1,2.9,540,467,232,141,141,287,534,359,53,20,97
WAE,2012,5,23,15,18.7,72.9,15.7,13.7,10.3,15.6,44.9,0,963.6,34,1.1,2.3,463,508,180,100,100,215,593,347,33,20,97
WAE,2012,5,23,16,18.9,74.9,16.4,14.4,10.76,16.1,46.3,0,964.3,325,2.1,4.6,326,509,123,165,69,69,583,360,58,20,97
WAE,2012,5,23,17,18.2,79.5,16.6,14.6,10.89,15.9,45.9,0,964.6,279,1.8,4,177,369,85,167,46,45,419,358,43,20,97
WAE,2012,5,23,18,17.7,84,17.1,15,11.22,16,46.2,0,965,229,2,3.4,14,3,14,10,8,8,11,380,78,20,97
WAE,2012,5,23,19,17,84.6,16.4,14.4,10.75,15.4,44.3,0,965.2,227,2.7,4.6,0,0,0,0,0,0,0,353,49,20,97
WAE,2012,5,23,20,16.4,87.6,16.3,14.3,10.68,15.1,43.5,0,965.9,261,1.6,3.6,0,0,0,0,0,0,0,335,29,20,97
WAE,2012,5,23,21,15.9,90.1,16.3,14.3,10.67,14.9,43,0,966.1,227,2.5,4.2,0,0,0,0,0,0,0,350,33,20,97
WAE,2012,5,23,22,15.3,91.7,15.9,14,10.41,14.5,41.7,0,966,236,0.8,1.8,0,0,0,0,0,0,0,363,64,20,97
WAE,2012,5,23,23,14.8,94,15.8,13.8,10.34,14.2,41,0,965.9,196,0.8,2.3,0,0,0,0,0,0,0,372,94,20,97
WAE,2012,5,24,0,15,95.2,16.2,14.2,10.61,14.5,41.9,1.6,966.1,159,1.6,7,0,0,0,0,0,0,0,374,100,20,97
WAE,2012,5,24,1,14.5,96.5,15.9,13.9,10.42,14.1,40.9,0.2,965.3,229,1.1,3.1,0,0,0,0,0,0,0,374,100,20,97
WAE,2012,5,24,2,14.1,96.1,15.5,13.5,10.15,13.7,39.8,0,965.3,207,1.1,2.1,0,0,0,0,0,0,0,340,31,20,97
WAE,2012,5,24,3,14.2,98.1,15.9,13.9,10.41,14,40.6,0,965.6,153,0.5,1.6,0,0,0,0,0,0,0,317,0,20,97
WAE,2012,5,24,4,14.4,96.4,15.8,13.8,10.34,14,40.6,0,965.9,141,0.7,1.8,42,37,35,34,56,19,19,343,48,20,97
WAE,2012,5,24,5,14.5,96.6,15.9,14,10.41,14.2,40.9,0,966.3,98,0.8,1.9,167,162,122,120,235,65,66,329,40,20,97
WAE,2012,5,24,6,14.8,95.7,16.1,14.1,10.54,14.4,41.5,0,966.5,36,0.9,2.4,320,283,187,135,393,122,100,334,36,20,97
WAE,2012,5,24,7,15.6,88.4,15.6,13.7,10.2,14.4,41.5,0,966.6,8,1.1,3.1,601,792,121,81,779,269,84,336,29,20,97
WAE,2012,5,24,8,16.5,81.1,15.2,13.2,9.94,14.5,41.7,0,966.5,48,1.2,2.3,629,566,221,131,576,357,131,361,63,20,97
WAE,2012,5,24,9,17.5,75.7,15.1,13.2,9.87,14.9,42.6,0,966.4,45,1,2.8,799,722,205,123,549,509,125,356,55,20,97
WAE,2012,5,24,10,18.7,73.2,15.8,13.8,10.34,15.7,45,0,966.1,67,0.9,2.6,883,768,206,130,391,585,133,350,48,20,97
WAE,2012,5,24,11,20.4,69.5,16.7,14.6,10.95,16.7,48.3,0,965.4,48,1.2,3,864,725,216,146,186,564,241,362,63,20,97
WAE,2012,5,24,12,20.7,72.8,17.8,15.6,11.69,17.4,50.5,0,964.7,39,0.8,2.1,645,376,324,182,182,410,384,392,88,20,97
WAE,2012,5,24,13,22.3,67.8,18.3,16.1,12.03,18.2,53,0,964.3,8,0.8,2.2,593,337,320,177,177,368,409,391,88,20,97
WAE,2012,5,24,14,23,60.4,16.9,14.9,11.1,17.8,51.4,0,964.2,22,4.1,9.3,514,319,299,161,161,294,458,398,100,20,97
WAE,2012,5,24,15,23,59.8,16.8,14.8,11.03,17.7,51.2,0,963.8,21,3.2,8.2,394,366,182,106,105,187,447,384,78,20,97
WAE,2012,5,24,16,24.2,54.6,16.5,14.5,10.84,18,51.9,0,963.4,49,2,5.8,168,85,130,90,73,70,160,385,94,20,97
WAE,2012,5,24,17,22.3,59.5,16,14,10.5,17,49.1,0,964.1,44,3.9,11.4,15,0,15,9,9,8,9,394,100,20,97
WAE,2012,5,24,18,20,55.8,13.1,10.9,8.57,14.6,41.9,0,964.2,63,2.1,10.3,8,1,8,5,5,4,5,392,100,20,97
WAE,2012,5,24,19,18.4,61.5,13,10.9,8.5,14,40,0,964.4,270,0.8,1.8,0,0,0,0,0,0,0,385,94,20,97
WAE,2012,5,24,20,16.8,72.7,13.9,11.9,9.1,13.9,39.9,0,964.3,297,0.4,1.3,0,0,0,0,0,0,0,361,55,20,97
WAE,2012,5,24,21,15.6,81.7,14.5,12.5,9.49,13.7,39.7,0,964.4,140,0.9,2.3,0,0,0,0,0,0,0,322,6,20,97
WAE,2012,5,24,22,15.8,81.8,14.7,12.7,9.63,13.9,40.3,0,964.1,188,1.8,3.9,0,0,0,0,0,0,0,315,0,20,97
WAE,2012,5,24,23,14.9,87.8,14.9,12.9,9.77,13.7,39.7,0,963.7,252,0.8,2.3,0,0,0,0,0,0,0,312,0,20,97
WAE,2012,5,25,0,14.4,88.7,14.5,12.6,9.51,13.3,38.5,0,963.2,203,1.4,2.9,0,0,0,0,0,0,0,309,0,17,97
WAE,2012,5,25,1,14.2,86.2,13.9,11.9,9.11,12.8,37.3,0,963,215,1.4,2.9,0,0,0,0,0,0,0,307,0,17,97
WAE,2012,5,25,2,14,91.2,14.6,12.6,9.58,13.2,38.3,0,962.7,233,1.5,2.9,0,0,0,0,0,0,0,304,0,17,97
WAE,2012,5,25,3,13.4,94,14.4,12.5,9.44,12.9,37.3,0,962.8,207,0.7,1.5,0,0,0,0,0,0,0,301,0,17,97
WAE,2012,5,25,4,13.5,94.5,14.6,12.6,9.58,13,37.8,0,962.9,333,0.4,0.9,85,241,50,127,258,25,26,307,6,17,97
WAE,2012,5,25,5,14.8,85,14.3,12.3,9.37,13.3,38.6,0,963.1,90,0.5,1.7,244,525,85,186,570,44,44,305,0,17,97
WAE,2012,5,25,6,15.6,81.3,14.4,12.4,9.44,13.7,39.6,0,963.2,36,0.9,2.4,430,728,95,125,758,80,57,304,0,17,97
WAE,2012,5,25,7,16.5,77.4,14.5,12.5,9.51,14.1,40.7,0,963.2,34,1.2,2.7,616,818,119,73,792,262,75,300,0,17,97
WAE,2012,5,25,8,17.6,71.3,14.3,12.3,9.38,14.4,41.5,0,962.8,29,1.3,3,769,874,128,85,723,413,88,300,6,17,97
WAE,2012,5,25,9,19.5,63.6,14.4,12.4,9.45,15.2,43.6,0,962.5,18,2,8.1,874,909,124,92,570,522,96,317,29,17,97
WAE,2012,5,25,10,21,59.8,14.8,12.9,9.72,16,45.8,0,962.3,54,3.1,7.7,932,911,129,97,372,587,101,318,29,17,97
WAE,2012,5,25,11,21.4,55.1,14,12,9.19,15.6,44.9,0,961.8,69,2.1,4.3,941,893,142,101,141,602,231,318,31,17,97
WAE,2012,5,25,12,22.8,47.5,13.2,11.1,8.66,15.7,45,0,961.3,35,3.3,6.8,879,805,183,108,108,559,459,348,48,17,97
WAE,2012,5,25,13,23.1,46.2,13.1,10.9,8.6,15.7,45.1,0,961.1,31,5.4,9.4,813,843,144,93,94,475,622,313,23,17,97
WAE,2012,5,25,14,23.1,44.4,12.6,10.3,8.27,15.4,44.3,0,960.8,30,5.6,9.4,673,750,157,88,88,349,704,308,0,17,97
WAE,2012,5,25,15,23,41.9,11.7,9.4,7.67,14.9,42.6,0,960.4,39,5.9,9.7,516,678,141,75,76,202,717,296,0,17,97
WAE,2012,5,25,16,22.5,39.4,10.7,8,7.01,14.1,40.5,0,960.3,47,6,10.9,346,582,114,172,59,59,643,294,0,17,97
WAE,2012,5,25,17,21.7,38.7,10,7,6.54,13.4,38.5,0,960.4,52,6.3,10.6,182,457,75,192,38,38,491,292,0,17,97
WAE,2012,5,25,18,20.4,39.8,9.5,6.3,6.21,12.6,36.3,0,960.6,57,5.4,9.5,46,149,30,84,16,15,156,289,0,17,97
WAE,2012,5,25,19,18.1,46,9.5,6.3,6.21,11.7,33.9,0,960.7,63,3.1,6.4,0,0,0,0,0,0,0,282,0,17,97
WAE,2012,5,25,20,16.7,51.4,9.8,6.6,6.41,11.2,33,0,960.9,82,1.4,3.3,0,0,0,0,0,0,0,279,0,17,97
WAE,2012,5,25,21,15.2,56.4,9.7,6.6,6.35,10.6,31.3,0,960.5,49,1,2.9,0,0,0,0,0,0,0,278,0,17,97
WAE,2012,5,25,22,14.5,56.8,9.4,6,6.15,10,30.1,0,960.4,76,0.7,2.9,0,0,0,0,0,0,0,277,0,17,97
WAE,2012,5,25,23,13.4,60.8,9.3,6,6.08,9.5,28.8,0,960.2,252,1.4,2.7,0,0,0,0,0,0,0,276,0,17,97
WAE,2012,5,26,0,13.2,61.1,9.3,5.9,6.09,9.4,28.6,0,959.9,173,2.5,4.8,0,0,0,0,0,0,0,275,0,15,97
WAE,2012,5,26,1,12.8,64.9,9.6,6.4,6.28,9.4,28.7,0,960,171,2.1,4.3,0,0,0,0,0,0,0,276,0,15,97
WAE,2012,5,26,2,11.4,72.2,9.7,6.6,6.35,8.9,27.5,0,960,205,1.8,2.8,0,0,0,0,0,0,0,277,6,15,97
WAE,2012,5,26,3,11,72.2,9.5,6.2,6.21,8.5,26.7,0,960.4,253,1.3,2.7,0,0,0,0,0,0,0,278,10,15,97
WAE,2012,5,26,4,11.8,67.9,9.4,6.1,6.14,8.8,27.4,0,960.9,259,1.6,3.1,85,231,48,119,248,24,24,283,0,15,97
WAE,2012,5,26,5,13.4,63.1,9.7,6.5,6.34,9.7,29.5,0,961.3,302,1.4,3.2,258,579,83,200,619,41,41,279,6,15,97
WAE,2012,5,26,6,14.1,62,10,6.9,6.54,10.2,30.7,0,961.4,326,1.2,3.3,414,619,131,139,678,87,64,285,13,15,97
WAE,2012,5,26,7,14.7,61,10.2,7.3,6.67,10.7,31.6,0,961.5,32,1.6,3.8,615,789,132,71,771,261,73,280,0,15,97
WAE,2012,5,26,8,16,57.9,10.5,7.7,6.87,11.4,33.5,0,961.5,49,0.9,2.1,780,882,133,79,725,410,82,281,0,15,97
WAE,2012,5,26,9,17.5,55.2,11,8.4,7.2,12.4,35.8,0,961.3,36,1,3.1,867,894,128,85,559,507,88,282,0,15,97
WAE,2012,5,26,10,19.4,47.8,10.8,8.1,7.07,13,37.4,0,961.1,20,1.3,3,921,870,153,94,373,575,97,286,0,15,97
WAE,2012,5,26,11,20.4,44,10.5,7.7,6.87,13.2,38,0,960.8,30,1.7,3.5,945,899,140,92,128,592,225,295,0,15,97
WAE,2012,5,26,12,21.2,42.5,10.7,8,7.01,13.6,39.1,0,960.6,63,0.9,3.2,913,905,129,88,88,555,445,299,0,15,97
WAE,2012,5,26,13,21.8,38.3,10,7,6.54,13.4,38.6,0,960.5,45,1.4,4.6,821,858,138,84,85,467,618,297,0,15,97
WAE,2012,5,26,14,22.2,33.9,9.1,5.6,5.95,13,37.5,0,960.1,43,1.7,4.4,686,788,142,78,78,341,715,294,0,15,97
WAE,2012,5,26,15,22.6,31.5,8.6,4.9,5.62,12.9,37,0,960,42,2.5,7.5,522,691,139,70,70,196,721,292,19,15,97
WAE,2012,5,26,16,22.4,36.8,10,6.9,6.55,13.6,39.2,0,959.7,40,4.1,9,351,597,113,172,55,55,653,314,19,15,97
WAE,2012,5,26,17,21.2,37.8,9.5,6.3,6.22,12.9,37.1,0,959.9,39,5.8,8.8,194,501,74,205,36,36,532,317,33,15,97
WAE,2012,5,26,18,20,38.4,9,5.4,5.88,12.1,35,0,960.3,54,3.7,7.2,42,147,26,80,13,13,151,288,6,15,97
WAE,2012,5,26,19,18.1,42,8.7,5,5.69,11.1,32.6,0,960.4,41,3,5.7,0,0,0,0,0,0,0,275,0,15,97
WAE,2012,5,26,20,16.3,49.4,9.1,5.7,5.95,10.7,31.4,0,960.7,53,0.5,2,0,0,0,0,0,0,0,270,0,15,97
WAE,2012,5,26,21,14.8,53.5,9,5.5,5.88,9.9,29.7,0,960.8,45,0.6,2.5,0,0,0,0,0,0,0,269,0,15,97
WAE,2012,5,26,22,13.8,56,8.8,5.2,5.75,9.4,28.4,0,960.6,198,0.7,2.4,0,0,0,0,0,0,0,268,0,15,97
WAE,2012,5,26,23,13.6,55.7,8.7,4.9,5.69,9.1,28,0,960.5,180,2.2,6,0,0,0,0,0,0,0,266,0,15,97
WAE,2012,5,27,0,12.8,59.2,8.8,5,5.75,8.8,27.4,0,960.4,174,3.7,6.1,0,0,0,0,0,0,0,285,25,15,97
WAE,2012,5,27,1,12,63.2,8.8,5.2,5.75,8.5,26.6,0,960.5,207,1.6,3.1,0,0,0,0,0,0,0,307,51,15,97
WAE,2012,5,27,2,11.5,61.6,8.4,4.4,5.49,8,25.4,0,960.4,284,1.3,2.3,0,0,0,0,0,0,0,332,84,15,97
WAE,2012,5,27,3,11.1,62.4,8.3,4.2,5.42,7.7,24.8,0,960.6,252,1.1,1.8,0,0,0,0,0,0,0,323,71,15,97
WAE,2012,5,27,4,10.6,66.4,8.5,4.6,5.55,7.6,24.6,0,960.7,241,1.1,1.9,79,196,48,106,213,24,24,325,75,15,97
WAE,2012,5,27,5,11.8,67.7,9.3,6,6.08,8.8,27.2,0,961.2,243,0.3,1.4,190,210,128,134,283,63,64,336,94,15,97
WAE,2012,5,27,6,13.1,66.6,10,7,6.54,9.8,29.7,0,961.3,27,0.5,1.6,218,51,196,118,160,102,103,358,100,15,97
WAE,2012,5,27,7,13.8,66.6,10.5,7.7,6.87,10.5,31.2,0,961.5,41,0.9,2.5,346,98,287,154,254,179,147,361,100,15,97
WAE,2012,5,27,8,14.5,59.4,9.8,6.7,6.41,10.3,30.8,0,961.4,37,1,2.3,557,307,329,163,432,317,157,364,94,15,97
WAE,2012,5,27,9,15.7,56.5,10,7.1,6.54,11,32.3,0,961.2,27,0.9,2.8,695,415,351,165,462,428,160,363,100,15,97
WAE,2012,5,27,10,16.9,53.4,10.3,7.4,6.74,11.7,34.1,0,960.9,39,1.3,2.8,685,309,413,202,369,425,195,371,100,15,97
WAE,2012,5,27,11,17.9,52.4,10.7,8,7.01,12.3,35.8,0,960.7,32,1.3,2.6,744,391,393,186,220,475,298,365,100,15,97
WAE,2012,5,27,12,19.2,46.8,10.4,7.6,6.81,12.7,36.6,0,960.4,11,1.3,3.4,777,532,315,146,146,493,427,362,75,15,97
WAE,2012,5,27,13,20.5,41,9.8,6.8,6.42,12.8,36.9,0,959.8,360,0.9,3.2,690,497,291,139,138,413,493,356,81,15,97
WAE,2012,5,27,14,21.3,33.6,8.5,4.6,5.56,12.3,35.5,0,959.4,340,1.2,3.9,540,348,299,145,144,297,465,360,75,15,97
WAE,2012,5,27,15,21.7,32.1,8.3,4.3,5.43,12.3,35.6,0,959.2,22,2.9,8.2,459,475,199,96,95,192,563,351,61,15,97
WAE,2012,5,27,16,20.4,44,10.5,7.7,6.89,13.2,38,0,959,25,4.8,9,237,204,147,117,75,72,284,352,88,15,97
WAE,2012,5,27,17,19.2,47.1,10.5,7.7,6.88,12.7,36.8,0,959.3,28,1.6,7.2,39,2,39,22,22,20,22,372,100,15,97
WAE,2012,5,27,18,18.8,44.6,9.7,6.5,6.35,12,35,0,959.5,10,1.8,5.8,8,0,8,5,5,4,4,370,100,15,97
WAE,2012,5,27,19,18,49.6,10.3,7.3,6.75,12.1,35.2,0,959.6,347,1.4,3.8,0,0,0,0,0,0,0,367,100,15,97
WAE,2012,5,27,20,17.4,51.8,10.3,7.4,6.75,11.9,34.6,0,959.7,360,0.8,3.1,0,0,0,0,0,0,0,340,65,15,97
WAE,2012,5,27,21,15.3,61.1,10.6,7.9,6.95,11.2,32.9,0,959.8,270,0.6,1.7,0,0,0,0,0,0,0,296,6,15,97
WAE,2012,5,27,22,13.9,66,10.5,7.7,6.88,10.5,31.4,0,959.7,243,0.7,1.8,0,0,0,0,0,0,0,290,0,15,97
WAE,2012,5,27,23,13.3,68.4,10.4,7.6,6.81,10.2,30.6,0,959.7,256,1,2.2,0,0,0,0,0,0,0,321,31,15,97
WAE,2012,5,28,0,13.6,66.8,10.4,7.6,6.82,10.3,30.9,0,959.5,246,1.8,3.4,0,0,0,0,0,0,0,356,100,16,97
WAE,2012,5,28,1,14,66.4,10.6,7.8,6.95,10.6,31.6,0,959.4,246,1,2.7,0,0,0,0,0,0,0,357,100,16,97
WAE,2012,5,28,2,13.6,70.5,11,8.3,7.22,10.7,31.9,0,959.3,240,0.8,1.9,0,0,0,0,0,0,0,358,100,16,97
WAE,2012,5,28,3,13.8,68.6,10.8,8.1,7.08,10.7,31.8,0,959.6,233,1,1.8,1,0,1,0,0,0,0,359,100,16,97
WAE,2012,5,28,4,13.8,70.2,11.1,8.5,7.28,10.9,32.3,0,959.9,197,1.1,1.9,32,3,31,19,20,17,17,360,100,16,97
WAE,2012,5,28,5,14.7,68.5,11.4,9,7.48,11.5,33.7,0,960,207,1.1,2.7,87,7,85,50,55,45,46,361,100,16,97
WAE,2012,5,28,6,15.4,66,11.5,9.1,7.54,11.8,34.6,0,960.2,34,0.9,2.6,345,376,160,119,457,103,82,358,69,16,97
WAE,2012,5,28,7,15.9,70.2,12.7,10.5,8.34,12.8,37.1,0,960.4,77,1.9,3.5,543,588,188,94,643,245,94,339,50,16,97
WAE,2012,5,28,8,16.7,63.9,12.1,9.8,7.94,12.7,36.9,0,960.3,59,1.2,2.7,669,584,236,115,587,378,115,349,50,16,97
WAE,2012,5,28,9,17.8,60.2,12.3,10,8.07,13.3,38.4,0,960.1,36,1.3,3,878,898,133,89,568,513,92,348,29,16,97
WAE,2012,5,28,10,19.6,48.3,11,8.4,7.21,13.2,38,0,959.8,37,1.5,2.6,931,901,134,93,368,573,97,347,25,16,97
WAE,2012,5,28,11,20.5,44.7,10.8,8.1,7.08,13.4,38.6,0,959.5,37,2.2,3.9,913,812,183,105,147,580,245,348,36,16,97
WAE,2012,5,28,12,21.2,42,10.6,7.8,6.95,13.5,39,0,959.2,22,2.2,4.6,890,837,164,100,101,544,454,348,29,16,97
WAE,2012,5,28,13,21.8,38.1,10,6.9,6.55,13.4,38.6,0,958.9,14,2.5,6,808,818,154,92,92,461,606,354,33,16,97
WAE,2012,5,28,14,22.5,36.8,10,7,6.56,13.7,39.3,0,958.7,321,2.3,6.3,639,635,192,103,103,330,617,349,50,16,97
WAE,2012,5,28,15,22.9,37.4,10.4,7.6,6.82,14.1,40.4,0,958.5,339,2.4,6.2,478,527,183,91,91,199,599,351,45,16,97
WAE,2012,5,28,16,22.3,37,10,6.9,6.56,13.6,39.1,0,958.3,330,2.3,5.6,352,608,106,171,54,54,659,336,20,16,97
WAE,2012,5,28,17,22,34.1,9,5.5,5.9,12.9,37.1,0,958.4,327,2.1,4.8,189,485,70,198,35,35,513,304,0,16,97
WAE,2012,5,28,18,20.8,40.6,9.9,6.9,6.49,13,37.4,0,958.4,270,1.1,2.2,44,141,29,80,15,14,147,308,25,16,97
WAE,2012,5,28,19,18.3,51.1,10.7,8,7.02,12.5,36.2,0,958.7,230,1.7,3.9,0,0,0,0,0,0,0,338,50,16,97
WAE,2012,5,28,20,17.7,51.6,10.4,7.6,6.82,12.1,35.1,0,958.9,224,3.8,5.6,0,0,0,0,0,0,0,321,46,16,97
WAE,2012,5,28,21,16.7,52.7,10,7,6.55,11.4,33.4,0,959.1,233,2.5,5.5,0,0,0,0,0,0,0,316,34,16,97
WAE,2012,5,28,22,15.9,56.9,10.3,7.4,6.75,11.2,33.1,0,959.1,229,1,2.7,0,0,0,0,0,0,0,362,100,16,97
WAE,2012,5,28,23,16.4,57.1,10.6,7.9,6.95,11.7,34.1,0,959,225,1.9,4.2,0,0,0,0,0,0,0,364,100,16,97
WAE,2012,5,29,0,15.8,60.4,10.8,8.2,7.09,11.6,33.8,0,958.8,243,1.3,2.5,0,0,0,0,0,0,0,344,74,16,97
WAE,2012,5,29,1,15,63.3,10.8,8.1,7.09,11.2,33,0,958.9,222,1.3,2.8,0,0,0,0,0,0,0,341,63,16,97
WAE,2012,5,29,2,14.4,66,10.8,8.1,7.09,10.9,32.4,0,958.7,214,1.2,2.7,0,0,0,0,0,0,0,324,63,16,97
WAE,2012,5,29,3,15,66.7,11.4,8.9,7.48,11.6,34,0,959.1,243,0.9,3,2,1,2,1,2,1,1,362,100,16,97
WAE,2012,5,29,4,15.1,70.4,12.1,9.8,7.94,12.1,35.3,0.2,959.6,177,2,4.8,56,81,44,59,102,23,23,367,100,16,97
WAE,2012,5,29,5,14.5,79.4,13.1,11,8.62,12.5,36.4,0.7,958.9,178,3.4,7.6,51,0,51,29,29,27,27,369,100,16,97
WAE,2012,5,29,6,15.2,83.5,14.4,12.4,9.48,13.5,39.3,0,959.1,56,1.3,3.9,258,200,157,99,287,98,80,370,84,16,97
WAE,2012,5,29,7,16.8,74.4,14.2,12.2,9.35,14,40.6,0,959.2,72,1.3,3.8,576,701,143,79,701,248,80,338,41,16,97
WAE,2012,5,29,8,18.2,66.6,13.9,11.9,9.15,14.4,41.5,0,959.3,58,1.5,3.1,733,795,145,87,670,387,89,337,29,16,97
WAE,2012,5,29,9,19.3,61.3,13.7,11.7,9.01,14.7,42.3,0,959.3,50,1.7,3.3,881,903,130,90,570,513,94,350,19,16,97
WAE,2012,5,29,10,20.6,53.7,13,10.9,8.55,14.8,42.4,0,959.1,43,1.7,3.8,957,922,141,97,385,591,101,350,20,16,97
WAE,2012,5,29,11,21.8,45.6,11.9,9.5,7.82,14.6,41.8,0,958.8,33,1.7,3.1,876,704,243,132,177,557,268,352,45,16,97
WAE,2012,5,29,12,22.9,39.1,11,8.3,7.22,14.4,41.4,0,958.5,5,1.8,3.6,825,671,244,132,132,510,451,359,46,16,97
WAE,2012,5,29,13,23.1,37.5,10.6,7.8,6.96,14.3,40.9,0,958.3,24,2.2,4.1,598,472,211,127,127,338,391,366,60,16,97
WAE,2012,5,29,14,22.7,43,11.9,9.5,7.82,14.9,42.7,0,958.3,18,2.9,6,470,269,289,153,153,250,394,381,71,16,97
WAE,2012,5,29,15,22.9,42.9,12,9.6,7.89,15,43.1,0,958.3,30,2,4.1,330,275,186,117,99,121,369,380,65,16,97
WAE,2012,5,29,16,22.9,39,10.9,8.2,7.16,14.4,41.2,0,958.1,45,0.9,2.4,330,495,121,154,64,63,556,354,45,16,97
WAE,2012,5,29,17,23,38.7,10.8,8.2,7.09,14.4,41.2,0,958.3,95,1.1,2.3,108,61,91,71,50,47,111,356,81,16,97
WAE,2012,5,29,18,22.1,42.3,11.2,8.7,7.35,14.3,40.9,0,958.4,104,0.8,4.9,17,5,17,12,9,9,13,321,55,16,97
WAE,2012,5,29,19,19.8,51,11.7,9.4,7.68,13.8,39.4,0,958.7,135,1.2,3.9,0,0,0,0,0,0,0,296,6,16,97
WAE,2012,5,29,20,17.6,55.7,11.2,8.6,7.35,12.5,36.3,0,959.3,160,1.2,2.6,0,0,0,0,0,0,0,324,25,16,97
WAE,2012,5,29,21,16.5,58.8,11,8.4,7.21,12,34.8,0,959.7,203,1.4,3.3,0,0,0,0,0,0,0,320,46,16,97
WAE,2012,5,29,22,15.5,63.6,11.2,8.6,7.34,11.6,34.2,0,960.1,160,1.7,4,0,0,0,0,0,0,0,301,6,16,97
WAE,2012,5,29,23,15.5,64.8,11.4,8.9,7.48,11.8,34.5,0,960,187,2.5,5.4,0,0,0,0,0,0,0,308,0,16,97
WAE,2012,5,30,0,14.7,67.5,11.2,8.8,7.34,11.4,33.3,0,960,205,2.1,4.6,0,0,0,0,0,0,0,291,0,16,97
WAE,2012,5,30,1,13.9,68.6,10.9,8.2,7.14,10.8,32,0,960.3,151,2.1,4.3,0,0,0,0,0,0,0,292,0,16,97
WAE,2012,5,30,2,13.2,72.2,10.9,8.3,7.14,10.5,31.3,0,960.5,157,0.9,3.1,0,0,0,0,0,0,0,293,0,16,97
WAE,2012,5,30,3,12.6,76.8,11.2,8.6,7.34,10.4,31.2,0,960.7,191,1.2,2.6,5,9,4,7,10,2,2,294,0,16,97
WAE,2012,5,30,4,13.5,71.3,11.1,8.4,7.27,10.7,31.9,0,961,160,1.2,2.5,91,267,50,139,281,25,25,299,13,16,97
WAE,2012,5,30,5,15.2,70,12.1,9.8,7.93,12.1,35.3,0,961.4,90,0.6,2,250,535,85,196,576,43,43,296,0,16,97
WAE,2012,5,30,6,15.9,70.5,12.7,10.5,8.32,12.8,37,0,961.8,77,1.8,3.1,429,706,99,131,735,76,57,297,0,16,97
WAE,2012,5,30,7,17.2,63,12.4,10.1,8.12,13.1,37.9,0,962,75,2,3.4,606,807,110,68,769,239,70,298,0,16,97
WAE,2012,5,30,8,18.9,56.8,12.4,10.1,8.12,13.7,39.6,0,962.1,72,1.6,3.1,765,868,124,81,709,392,83,299,0,16,97
WAE,2012,5,30,9,20.1,53.5,12.6,10.4,8.25,14.4,41.2,0,962.2,66,1.8,3.2,815,729,212,114,548,486,115,333,36,16,97
WAE,2012,5,30,10,22,50.3,13.3,11.2,8.72,15.5,44.3,0,962,51,1.4,2.8,910,814,187,107,382,569,110,321,6,16,97
WAE,2012,5,30,11,22.8,42.3,11.8,9.3,7.73,14.8,42.6,0,961.5,21,1.7,3.9,984,923,152,99,140,614,242,325,6,16,97
WAE,2012,5,30,12,24.2,38.3,11.6,9.1,7.6,15.2,43.7,0,961.2,11,2.6,6.5,923,895,142,95,95,559,454,326,0,16,97
WAE,2012,5,30,13,24.7,35.7,11.1,8.5,7.27,15.2,43.4,0,961,288,1.9,7.1,808,826,146,90,90,457,604,339,19,16,97
WAE,2012,5,30,14,25.2,33.4,10.7,8,7,15.1,43.2,0,960.8,275,2.6,7.5,673,751,151,84,84,333,693,349,16,16,97
WAE,2012,5,30,15,25.6,31.8,10.4,7.6,6.81,15.1,43.1,0,960.7,289,2.2,7.1,446,460,186,115,98,168,534,353,58,16,97
WAE,2012,5,30,16,25,34.7,11,8.4,7.2,15.2,43.5,0,960.8,323,2.2,5.3,284,281,164,148,84,81,373,367,81,16,97
WAE,2012,5,30,17,23.7,40.6,11.9,9.5,7.8,15.2,43.7,0,961,303,3,5.5,84,78,60,58,32,31,111,379,94,16,97
WAE,2012,5,30,18,21.6,43.3,11.1,8.6,7.27,14.1,40.2,0,961.4,299,4.1,9.5,10,22,9,16,5,5,24,375,84,16,97
WAE,2012,5,30,19,18.2,58.1,12.1,9.8,7.92,13.3,38.4,0,962.3,162,1.1,3.5,0,0,0,0,0,0,0,366,78,16,97
WAE,2012,5,30,20,17.4,68.5,13.6,11.5,8.91,13.9,40.1,0,963,132,1.3,2.8,0,0,0,0,0,0,0,380,100,16,97
WAE,2012,5,30,21,16.8,77.4,14.8,12.8,9.71,14.4,41.5,0,963.3,117,1,2.5,0,0,0,0,0,0,0,377,100,16,97
WAE,2012,5,30,22,16.4,77.9,14.6,12.5,9.57,14,40.7,0,963.3,131,1,2.8,0,0,0,0,0,0,0,374,100,16,97
WAE,2012,5,30,23,15.6,82.3,14.6,12.6,9.57,13.8,39.9,0,963.4,117,0.7,2.1,0,0,0,0,0,0,0,368,88,16,97
WAE,2012,5,31,0,15.4,84.5,14.8,12.8,9.71,13.8,40,0,963.2,107,1.4,4.2,0,0,0,0,0,0,0,362,78,16,97
WAE,2012,5,31,1,15,86,14.7,12.7,9.64,13.6,39.4,1.5,963.5,139,1.2,3.5,0,0,0,0,0,0,0,367,94,16,97
WAE,2012,5,31,2,14.5,93.6,15.5,13.5,10.17,13.9,40.3,2.3,963.3,135,1.5,3.3,0,0,0,0,0,0,0,371,100,16,97
WAE,2012,5,31,3,14.4,93.9,15.4,13.4,10.1,13.8,40,0.2,963.5,112,1.9,6.2,5,5,4,5,7,2,2,351,58,16,97
WAE,2012,5,31,4,14.3,90.9,14.8,12.8,9.7,13.4,38.9,0,963.9,122,1.6,4.6,58,76,47,59,98,24,25,360,78,16,97
WAE,2012,5,31,5,14.5,89,14.7,12.7,9.63,13.4,38.9,0.2,964.5,217,1.6,6.2,122,127,79,79,173,40,40,374,100,16,97
WAE,2012,5,31,6,14.7,91.6,15.3,13.3,10.02,13.9,40.1,1.3,964.9,108,0.5,2.3,132,21,122,73,90,64,65,375,100,16,97
WAE,2012,5,31,7,15.3,89.8,15.6,13.6,10.22,14.3,41.2,0.2,965,104,2.1,6.3,196,7,192,109,115,104,104,378,100,16,97
WAE,2012,5,31,8,15.4,87,15.2,13.2,9.96,14.1,40.7,0,964.5,106,2.6,6.3,377,121,284,152,257,213,146,376,100,16,97
WAE,2012,5,31,9,16.8,78.1,15,13,9.83,14.5,41.8,0,964.3,99,2.6,5.3,806,728,200,107,536,483,109,364,71,16,97
WAE,2012,5,31,10,18.2,70.8,14.8,12.8,9.7,14.9,42.9,0,964,88,2.4,4.5,817,607,278,141,397,516,141,377,71,16,97
WAE,2012,5,31,11,19.4,62.7,14.1,12.1,9.24,15,42.9,0,963.5,81,2,3.6,776,471,351,171,201,499,302,384,81,16,97
WAE,2012,5,31,12,20.6,58,14.1,12.1,9.24,15.4,44.2,0,962.8,69,1.5,3.2,652,370,334,180,179,389,373,390,84,16,97
WAE,2012,5,31,13,21.7,53.7,13.9,11.9,9.12,15.7,45,0,962.2,90,1.4,8.2,667,453,304,153,153,395,483,381,75,16,97
WAE,2012,5,31,14,22.2,53.8,14.4,12.4,9.46,16.1,46.4,0,961.5,81,2,4.4,551,378,285,142,142,304,482,372,88,16,97
WAE,2012,5,31,15,23.3,42.3,12.1,9.8,7.93,15.2,43.6,0,961.2,255,3.5,7.8,319,113,256,148,138,152,250,385,100,16,97
WAE,2012,5,31,16,22.4,46.9,12.7,10.4,8.3,15.2,43.6,0,960.9,241,2.9,5.4,230,129,179,131,96,91,229,389,100,16,97
WAE,2012,5,31,17,21.6,50.3,12.9,10.7,8.44,15.1,43.2,0,960.9,253,2.4,5.3,50,5,48,29,27,26,31,389,100,16,97
WAE,2012,5,31,18,20.4,58.6,13.7,11.6,8.99,15.1,43.3,0,961.2,283,3.3,8.8,10,0,10,5,5,5,5,388,100,16,97
WAE,2012,5,31,19,19.3,66,14.4,12.3,9.46,15.1,43.4,0,961.3,237,3.1,4.6,0,0,0,0,0,0,0,387,100,16,97
WAE,2012,5,31,20,18.2,71.6,14.7,12.6,9.66,14.8,42.8,0.5,961.7,230,3.6,6.4,0,0,0,0,0,0,0,386,100,16,97
WAE,2012,5,31,21,17.1,74.7,14.5,12.3,9.52,14.2,41.3,1,962.4,216,3.5,4.7,0,0,0,0,0,0,0,385,100,16,97
WAE,2012,5,31,22,16,77.3,14.2,11.9,9.34,13.6,39.8,0.5,963,208,2.8,5.3,0,0,0,0,0,0,0,384,100,16,97
WAE,2012,5,31,23,15,77.1,13.4,10.9,8.79,12.7,37.3,1.2,963.9,162,1.5,3.4,0,0,0,0,0,0,0,383,100,16,97
WAE,2002,6,1,0,14,76.3,12.5,9.8,8.2,11.7,34.8,0,964.8,214,0.3,1.5,0,0,0,0,0,0,0,284,0,14,97
WAE,2002,6,1,1,13.3,74.3,11.6,8.7,7.57,10.9,32.5,0,965.6,261,1.3,2.2,0,0,0,0,0,0,0,284,0,14,97
WAE,2002,6,1,2,13,73.3,11.1,8.2,7.25,10.4,31.3,0,966.2,229,0.9,2.2,0,0,0,0,0,0,0,293,13,14,97
WAE,2002,6,1,3,12.7,71.8,10.6,7.7,6.93,10.1,30.3,0,966.8,252,0.7,1.7,0,0,0,0,0,0,0,293,13,14,97
WAE,2002,6,1,4,12.7,72,10.6,7.7,6.89,10,30.1,0,967.1,225,0.4,1.4,103,306,55,158,320,26,26,322,50,14,97
WAE,2002,6,1,5,13.4,71.7,11.1,8.4,7.2,10.7,31.7,0,967.1,45,0.5,2.1,255,498,100,195,548,46,47,314,40,14,97
WAE,2002,6,1,6,14.4,71.5,11.7,9.3,7.65,11.5,33.8,0,967.2,42,1.2,2.8,445,722,101,108,745,87,53,283,0,14,97
WAE,2002,6,1,7,15.6,68,12.1,9.7,7.86,12.2,35.6,0,967,45,1.1,2.8,586,683,155,78,682,249,78,296,13,14,97
WAE,2002,6,1,8,17.2,62.7,12.3,10,8.02,13,37.6,0,966.8,34,1.1,2.5,757,841,128,74,677,382,77,287,0,14,97
WAE,2002,6,1,9,18.6,58.4,12.5,10.3,8.15,13.7,39.4,0,966.2,39,1.3,2.9,869,881,131,81,538,492,84,289,0,14,97
WAE,2002,6,1,10,19.8,54.2,12.5,10.3,8.16,14.2,40.6,0,965.6,45,1,2.5,932,892,137,86,351,558,89,302,13,14,97
WAE,2002,6,1,11,22.4,48.9,13.2,11.1,8.63,15.5,44.5,0,965,5,1.1,3.9,942,885,144,88,147,571,193,309,13,14,97
WAE,2002,6,1,12,23.8,40.5,11.9,9.6,7.77,15.3,43.7,0,964.5,15,1.6,4.2,794,555,311,139,139,496,444,333,33,14,97
WAE,2002,6,1,13,24.1,38.1,11.4,8.9,7.44,15.1,43.2,0,964.3,356,1.6,4.7,711,524,292,132,132,420,524,356,60,14,97
WAE,2002,6,1,14,24.3,36.7,11.2,8.6,7.31,15.1,43.1,0,963.9,18,2,4.3,613,541,239,109,108,319,589,331,33,14,97
WAE,2002,6,1,15,24.5,34.5,10.6,7.8,6.92,14.8,42.3,0,963.6,13,1.9,5.1,531,755,112,59,59,167,755,302,0,14,97
WAE,2002,6,1,16,24.3,32.8,10,6.9,6.52,14.3,41.1,0,963.3,5,1.4,3.6,356,645,97,176,48,48,684,302,0,14,97
WAE,2002,6,1,17,23.6,32.3,9.4,6.1,6.13,13.7,39.3,0,963.3,11,1.5,3.6,186,476,72,203,34,34,502,301,0,14,97
WAE,2002,6,1,18,22.4,36.7,9.9,6.9,6.46,13.6,39,0,963.2,8,1.4,3.7,43,145,28,83,14,13,148,311,13,14,97
WAE,2002,6,1,19,19.9,43.9,10.2,7.3,6.65,12.8,36.9,0,963.7,0,0.7,3.3,0,0,0,0,0,0,0,298,0,14,97
WAE,2002,6,1,20,17.3,52.3,10.3,7.4,6.72,11.8,34.4,0,964,214,0.5,1.9,0,0,0,0,0,0,0,295,0,14,97
WAE,2002,6,1,21,16.4,55.2,10.3,7.4,6.72,11.5,33.5,0,964.1,189,1.2,3.9,0,0,0,0,0,0,0,292,0,14,97
WAE,2002,6,1,22,16.1,56.7,10.3,7.5,6.72,11.4,33.2,0,964,170,2.2,4.2,0,0,0,0,0,0,0,289,0,14,97
WAE,2002,6,1,23,15.8,57.5,10.3,7.4,6.72,11.2,32.9,0,964,171,2,3.9,0,0,0,0,0,0,0,287,0,14,97
WAE,2002,6,2,0,14.8,61.9,10.4,7.6,6.78,10.9,32,0,963.9,171,2.6,5.6,0,0,0,0,0,0,0,285,0,14,97
WAE,2002,6,2,1,14.3,63.2,10.3,7.4,6.72,10.6,31.4,0,963.9,178,2.7,4.2,0,0,0,0,0,0,0,285,0,14,97
WAE,2002,6,2,2,13.7,65.1,10.2,7.3,6.65,10.3,30.6,0,963.7,208,1.8,4.1,0,0,0,0,0,0,0,285,0,14,97
WAE,2002,6,2,3,12.6,69.2,10.1,7.1,6.59,9.7,29.3,0,963.7,214,1.4,2.3,0,0,0,0,0,0,0,285,0,14,97
WAE,2002,6,2,4,13.1,68.5,10.4,7.4,6.78,10,30.3,0,963.8,252,1.6,2.5,110,336,56,171,348,26,26,295,13,14,97
WAE,2002,6,2,5,14.6,69.8,11.6,9.2,7.58,11.6,33.8,0,963.8,302,1,2.8,269,580,84,203,616,40,40,285,0,14,97
WAE,2002,6,2,6,15.6,66.7,11.8,9.4,7.71,12.1,35.2,0,963.7,355,1.2,3.2,446,726,99,107,746,84,51,285,0,14,97
WAE,2002,6,2,7,15.9,64.1,11.5,9.1,7.51,12.1,35,0,963.7,35,1.2,2.9,608,778,123,64,743,238,65,288,0,14,97
WAE,2002,6,2,8,17.3,62.4,12.3,10.1,8.04,13.1,37.8,0,963.7,37,1,2.5,757,844,126,72,676,376,74,291,0,14,97
WAE,2002,6,2,9,19.1,58.2,12.8,10.7,8.38,14.1,40.4,0,963.4,38,1.2,3.1,869,884,127,78,534,486,81,293,0,14,97
WAE,2002,6,2,10,20.4,55,13.2,11.1,8.65,14.8,42.5,0,962.8,40,0.8,2.6,932,898,132,82,344,551,85,296,0,14,97
WAE,2002,6,2,11,22.1,51.8,13.8,11.7,9.05,15.7,45.2,0,962.1,29,1.1,2.8,942,890,138,84,133,565,193,302,0,14,97
WAE,2002,6,2,12,23.7,45,13.2,11.1,8.66,16,45.9,0,961.5,16,1.5,4.1,903,878,138,82,82,525,443,308,0,14,97
WAE,2002,6,2,13,24.6,39.2,12.1,9.8,7.93,15.7,44.9,0,961.1,343,2.1,5.3,813,840,140,78,78,438,606,306,0,14,97
WAE,2002,6,2,14,24.8,36.3,11.3,8.8,7.4,15.3,43.8,0,960.6,12,2.3,5,648,663,184,89,89,316,637,315,13,14,97
WAE,2002,6,2,15,24.6,33.2,10.2,7.4,6.68,14.6,41.7,0,960.3,13,1.8,4,472,493,196,89,89,191,576,341,45,14,97
WAE,2002,6,2,16,23.9,39.3,11.6,9.2,7.61,15.2,43.4,0,960,16,2.5,4.9,286,286,170,157,82,79,379,377,88,14,97
WAE,2002,6,2,17,22.7,45.7,12.6,10.4,8.27,15.3,43.9,0,960.1,17,2.5,5.9,157,251,96,142,47,45,298,387,100,14,97
WAE,2002,6,2,18,21.4,47.2,12,9.7,7.87,14.5,41.5,0,959.9,27,1.2,3.7,32,26,31,31,17,16,39,374,88,14,97
WAE,2002,6,2,19,20.3,48.2,11.5,9,7.54,13.8,39.6,0,960,27,0.8,2.9,0,0,0,0,0,0,0,381,100,14,97
WAE,2002,6,2,20,18.1,56.2,11.6,9.2,7.61,13,37.5,0,960.1,27,0.3,2.5,0,0,0,0,0,0,0,365,88,14,97
WAE,2002,6,2,21,16.8,60.5,11.6,9.1,7.61,12.4,36.2,0,960,270,0.2,1.5,0,0,0,0,0,0,0,371,100,14,97
WAE,2002,6,2,22,16.8,62.8,12,9.7,7.88,12.7,36.8,0,959.8,172,1.5,3.5,0,0,0,0,0,0,0,367,100,14,97
WAE,2002,6,2,23,15.8,65.1,11.7,9.3,7.68,12.1,35.3,0,959.4,207,1.9,3.5,0,0,0,0,0,0,0,332,63,14,97
WAE,2002,6,3,0,14.8,67.1,11.3,8.8,7.42,11.4,33.6,0,959.1,233,2,3.6,0,0,0,0,0,0,0,326,58,14,97
WAE,2002,6,3,1,14.1,67.8,10.9,8.2,7.15,10.9,32.2,0,959,242,1.9,3.3,0,0,0,0,0,0,0,291,13,14,97
WAE,2002,6,3,2,13,66.8,10,7,6.55,9.8,29.6,0,958.9,252,1.3,2.4,0,0,0,0,0,0,0,292,13,14,97
WAE,2002,6,3,3,12.5,65.5,9.5,6.2,6.22,9.2,28.3,0,958.8,249,1.7,2.5,2,0,2,1,1,1,1,333,63,14,97
WAE,2002,6,3,4,13.2,63.4,9.6,6.4,6.29,9.6,29.2,0,958.8,231,1.2,2.3,69,64,59,61,93,30,31,363,100,14,97
WAE,2002,6,3,5,14.4,62.3,10.2,7.3,6.69,10.6,31.4,0,958.7,225,0.2,1.7,217,281,130,157,353,62,63,354,88,14,97
WAE,2002,6,3,6,15,63.7,10.8,8.2,7.09,11.2,33,0,958.2,41,1.1,2.8,176,9,171,95,104,90,90,366,100,14,97
WAE,2002,6,3,7,15.5,61.6,10.8,8.2,7.09,11.4,33.5,0,957.9,37,0.5,2,248,26,231,127,151,129,121,369,100,14,97
WAE,2002,6,3,8,16.8,60.4,11.5,9.1,7.56,12.4,36,0,957.6,45,0.7,2.6,479,151,365,189,326,263,181,373,100,14,97
WAE,2002,6,3,9,17.7,60.2,12.2,9.9,8.03,13.2,38.1,0,957.6,38,1.2,3.2,666,356,365,174,421,399,169,377,100,14,97
WAE,2002,6,3,10,19.6,56.5,12.9,10.7,8.5,14.3,41.3,0,957.1,42,1.4,3.3,537,211,350,178,292,317,171,373,88,14,97
WAE,2002,6,3,11,20,58.3,13.6,11.6,8.97,14.9,42.9,0,956.8,34,0.8,1.9,311,2,309,172,171,161,164,386,100,14,97
WAE,2002,6,3,12,20.4,58.7,14.1,12,9.3,15.3,44.1,0,956.9,16,0.7,1.8,141,0,141,79,78,73,75,389,100,14,97
WAE,2002,6,3,13,20.7,59.2,14.4,12.5,9.5,15.7,44.9,0,957.7,283,2.4,5.6,109,0,109,61,60,57,58,388,100,14,97
WAE,2002,6,3,14,18.5,70.6,15,13.1,9.9,15.2,43.7,0.3,957.7,203,1.5,6.8,82,0,82,45,45,42,43,388,100,14,97
WAE,2002,6,3,15,18,77,15.9,13.9,10.5,15.5,44.7,0.8,957.5,158,0.7,3.8,50,0,50,28,28,26,26,387,100,14,97
WAE,2002,6,3,16,16.9,81.9,15.8,13.8,10.44,15,43.4,1.6,957.2,90,0.5,4.5,109,1,109,61,60,57,59,387,100,14,97
WAE,2002,6,3,17,16.4,87.8,16.4,14.4,10.85,15.2,44,0.3,956.6,78,2.4,5.5,111,69,95,78,51,48,118,386,100,14,97
WAE,2002,6,3,18,16.1,87.1,16,14,10.59,14.8,43,0,956.1,90,1.4,4.3,50,104,38,69,20,19,116,367,68,14,97
WAE,2002,6,3,19,15.6,86.7,15.4,13.4,10.18,14.3,41.4,0,956.7,188,0.9,3.2,0,0,0,0,0,0,0,376,88,14,97
WAE,2002,6,3,20,15.6,88.4,15.6,13.7,10.31,14.4,41.8,0,956.9,162,0.7,2.3,0,0,0,0,0,0,0,381,100,14,97
WAE,2002,6,3,21,15.6,87,15.4,13.4,10.17,14.3,41.4,0,956.9,194,0.9,2.3,0,0,0,0,0,0,0,378,100,14,97
WAE,2002,6,3,22,15.8,87.3,15.7,13.7,10.37,14.5,42.1,0,957,148,1,2.8,0,0,0,0,0,0,0,369,88,14,97
WAE,2002,6,3,23,15.7,87.5,15.6,13.6,10.31,14.4,41.9,0,956.9,135,0.5,2.3,0,0,0,0,0,0,0,359,75,14,97
WAE,2002,6,4,0,15.6,87.2,15.5,13.5,10.24,14.3,41.6,0,956.8,143,0.5,2.4,0,0,0,0,0,0,0,360,80,15,97
WAE,2002,6,4,1,15.2,89.7,15.5,13.5,10.24,14.2,41.2,0,956.8,139,1.1,2.9,0,0,0,0,0,0,0,343,50,15,97
WAE,2002,6,4,2,15,86.7,14.8,12.8,9.78,13.7,39.8,0,956.5,127,1.1,3.3,0,0,0,0,0,0,0,349,60,15,97
WAE,2002,6,4,3,14.7,88.4,14.8,12.8,9.78,13.6,39.5,0,956.5,173,0.9,2.5,7,4,7,6,7,3,3,321,13,15,97
WAE,2002,6,4,4,14.6,89.2,14.8,12.8,9.78,13.5,39.4,0,956.3,149,1.2,3.4,102,289,54,152,303,26,27,344,50,15,97
WAE,2002,6,4,5,15.8,85.5,15.4,13.4,10.19,14.3,41.7,0,955.8,105,1.3,4.9,235,385,114,176,446,54,54,333,33,15,97
WAE,2002,6,4,6,16.7,80.7,15.3,13.4,10.12,14.7,42.4,0,955.5,90,1.9,5.2,421,615,122,144,658,62,62,321,13,15,97
WAE,2002,6,4,7,18,75.1,15.5,13.5,10.26,15.2,44.1,0,955,79,1.6,3.7,605,794,108,64,746,230,66,316,0,15,97
WAE,2002,6,4,8,19.3,68,15.2,13.3,10.07,15.6,44.9,0,954.3,79,1.6,5.4,745,828,125,76,668,370,78,318,0,15,97
WAE,2002,6,4,9,20.8,62.9,15.5,13.5,10.27,16.2,47,0,953.9,65,1.7,4.6,855,864,129,83,532,479,86,319,0,15,97
WAE,2002,6,4,10,23.1,49.7,14,12,9.27,16.3,46.8,0,953.2,97,1.7,5.2,916,871,137,89,349,544,92,321,0,15,97
WAE,2002,6,4,11,24,47.5,14.2,12.2,9.41,16.7,48.1,0,953.1,38,1.2,3.5,879,729,218,114,165,541,221,352,38,15,97
WAE,2002,6,4,12,25,47.9,15.1,13.2,10.02,17.5,50.7,0,952.4,27,1.4,2.9,697,356,385,185,184,428,395,392,88,15,97
WAE,2002,6,4,13,25.2,46.2,14.8,12.8,9.83,17.4,50.4,0,951.3,32,1.3,3,461,102,381,204,203,253,282,401,100,15,97
WAE,2002,6,4,14,25.7,48.1,15.8,13.9,10.51,18.1,52.6,0,950.8,20,1.5,4.3,222,16,211,117,116,117,126,399,100,15,97
WAE,2002,6,4,15,25.4,49.3,16,14,10.65,18.1,52.7,0,950.2,71,1.9,3.9,137,9,132,74,73,70,80,398,100,15,97
WAE,2002,6,4,16,24.6,52.4,16.2,14.2,10.79,17.9,52.2,0,949.9,84,1,2.7,123,32,108,67,59,56,90,397,100,15,97
WAE,2002,6,4,17,23.8,51.8,15.2,13.3,10.11,17.2,49.7,0,950,225,0.6,2.3,13,0,13,7,7,7,7,395,100,15,97
WAE,2002,6,4,18,22.8,55.1,15.3,13.3,10.19,16.8,48.8,0,949.6,254,0.7,4.6,35,88,24,54,13,12,94,394,100,15,97
WAE,2002,6,4,19,21.1,63.5,15.9,13.9,10.59,16.6,48.1,0,949.5,244,5.2,9.3,0,0,0,0,0,0,0,392,100,15,97
WAE,2002,6,4,20,20.2,66.5,15.7,13.8,10.46,16.2,46.9,0,948.9,246,2.5,8.3,0,0,0,0,0,0,0,382,88,15,97
WAE,2002,6,4,21,19,72,15.8,13.8,10.54,15.8,45.8,0,948.3,217,1.6,3.1,0,0,0,0,0,0,0,361,55,15,97
WAE,2002,6,4,22,17.8,75.2,15.4,13.4,10.28,15.1,44,0,947,180,1.7,3.2,0,0,0,0,0,0,0,370,75,15,97
WAE,2002,6,4,23,17.4,74.6,14.9,12.8,9.95,14.6,42.7,0,945.9,171,1.9,3.6,0,0,0,0,0,0,0,383,100,15,97
WAE,2002,6,5,0,17.1,76.1,14.8,12.9,9.9,14.5,42.3,0,945,207,0.7,2.4,0,0,0,0,0,0,0,381,100,15,97
WAE,2002,6,5,1,17,74.4,14.4,12.4,9.65,14.2,41.5,0,942.6,169,1.3,4.4,0,0,0,0,0,0,0,381,100,15,97
WAE,2002,6,5,2,17.5,73.7,14.7,12.8,9.85,14.6,42.6,0,942.9,270,1.2,4,0,0,0,0,0,0,0,382,100,15,97
WAE,2002,6,5,3,18,71,14.7,12.7,9.85,14.8,43.1,0,942.9,204,1.3,5.4,1,0,1,0,0,0,0,382,100,15,97
WAE,2002,6,5,4,17.9,72.5,14.8,12.9,9.93,14.8,43.2,0,941.7,108,1.2,4.8,9,0,9,5,5,5,5,382,100,15,97
WAE,2002,6,5,5,20.7,50.1,12.2,9.9,8.17,14.3,41.6,0,941.2,149,2.5,6.8,36,0,36,20,20,19,19,383,100,15,97
WAE,2002,6,5,6,21.8,45,11.7,9.3,7.83,14.5,41.8,0,941.2,145,3,12.2,119,9,115,66,73,60,61,383,100,15,97
WAE,2002,6,5,7,23.9,35.6,10.5,7.8,7.02,14.6,41.9,0,940.2,177,5.9,17.4,456,335,238,122,430,223,118,373,80,15,97
WAE,2002,6,5,8,25,37.2,11.8,9.4,7.91,15.7,45.3,0,940,101,1.8,8.8,506,295,291,151,402,269,146,374,80,15,97
WAE,2002,6,5,9,26.3,33.4,11.4,8.9,7.63,15.9,45.9,0,940.7,197,5.1,17.1,327,77,264,141,201,183,135,387,100,15,97
WAE,2002,6,5,10,22.8,50.5,14,12,9.38,16.1,46.8,0,942.3,262,7,12.9,497,77,428,233,272,276,222,388,100,15,97
WAE,2002,6,5,11,22.3,55.2,14.9,12.9,9.98,16.4,47.8,0,943.2,285,4.2,13.1,648,237,433,219,263,391,265,375,75,15,97
WAE,2002,6,5,12,22.3,54.3,14.6,12.6,9.78,16.3,47.3,0,943.6,284,5.6,11.3,551,246,333,171,170,328,292,376,75,15,97
WAE,2002,6,5,13,22.3,54,14.6,12.5,9.77,16.2,47.3,0,944.4,282,5.5,11.5,570,243,375,189,188,328,383,381,88,15,97
WAE,2002,6,5,14,20.4,55.3,13.2,11.1,8.8,14.8,42.9,0,945.7,290,6.1,13.9,255,7,250,140,139,134,140,386,100,15,97
WAE,2002,6,5,15,18.5,58.9,12.6,10.3,8.39,13.7,39.9,0,946.8,288,4.6,10.2,114,2,113,64,63,60,62,383,100,15,97
WAE,2002,6,5,16,17.8,59.4,12.1,9.8,8.05,13.2,38.3,0,947.5,264,3.9,9.1,52,0,52,29,29,27,28,381,100,15,97
WAE,2002,6,5,17,16.5,62.2,11.7,9.2,7.77,12.3,36.3,0,947.7,259,3.8,10.5,52,0,52,29,29,27,28,379,100,15,97
WAE,2002,6,5,18,15.6,64.7,11.5,9,7.64,11.9,35,0,947.9,259,4.7,11.8,4,0,4,2,2,2,2,377,100,15,97
WAE,2002,6,5,19,14.8,69.7,11.7,9.3,7.77,11.7,34.5,0,947.9,281,2.2,6.1,0,0,0,0,0,0,0,375,100,15,97
WAE,2002,6,5,20,14.4,74.1,12.1,9.8,8.04,11.8,34.8,0,948.3,0,0.5,2.6,0,0,0,0,0,0,0,373,100,15,97
WAE,2002,6,5,21,14.5,75.3,12.5,10.2,8.31,12,35.6,0,948.3,141,0.7,2.7,0,0,0,0,0,0,0,371,100,15,97
WAE,2002,6,5,22,14.6,75.5,12.5,10.3,8.31,12.1,35.7,0,948.4,196,0.8,1.9,0,0,0,0,0,0,0,369,100,15,97
WAE,2002,6,5,23,14.2,79.9,12.9,10.8,8.58,12.2,36,1.2,948,45,0.6,2.3,0,0,0,0,0,0,0,367,100,15,97
WAE,2002,6,6,0,13.9,86,13.6,11.6,9.06,12.6,36.8,0,947.8,167,1,2.5,0,0,0,0,0,0,0,366,100,15,97
WAE,2002,6,6,1,13.8,87.2,13.7,11.7,9.12,12.6,36.9,0,947.7,185,1.2,2.8,0,0,0,0,0,0,0,366,100,15,97
WAE,2002,6,6,2,13.5,87.9,13.6,11.5,9.06,12.3,36.5,0,947.1,186,0.9,2.8,0,0,0,0,0,0,0,366,100,15,97
WAE,2002,6,6,3,13.5,83.9,12.9,10.8,8.59,11.9,35.3,0,946.8,171,0.6,1.6,7,3,6,5,6,3,3,366,100,15,97
WAE,2002,6,6,4,13.9,87.4,13.9,11.8,9.27,12.7,37.4,0,946.6,284,0.5,2.3,7,0,7,4,4,4,4,366,100,15,97
WAE,2002,6,6,5,14,85.1,13.6,11.5,9.07,12.5,37,0,946.3,288,1.2,2.9,66,2,66,37,39,34,35,366,100,15,97
WAE,2002,6,6,6,14.1,82.7,13.3,11.2,8.87,12.4,36.6,0,946,292,1.8,3.4,48,0,48,27,27,25,26,367,100,15,97
WAE,2002,6,6,7,14.4,81.9,13.5,11.4,9.01,12.6,37.2,0,945.7,298,1.6,3,313,88,260,140,230,158,134,370,100,15,97
WAE,2002,6,6,8,15.1,79.4,13.6,11.6,9.08,13,38.1,0,945.5,9,0.8,2.6,534,251,343,173,392,299,166,365,88,15,97
WAE,2002,6,6,9,16.5,71.2,13.3,11.3,8.88,13.4,39.1,0,944.8,9,1.3,3.5,709,446,334,156,460,428,153,352,63,15,97
WAE,2002,6,6,10,17.9,65.5,13.4,11.3,8.95,14,40.7,0,944.3,37,1.6,3.8,776,484,343,159,386,486,156,350,55,15,97
WAE,2002,6,6,11,18.8,59,12.8,10.6,8.55,14,40.6,0,943.9,29,1.3,3.9,643,272,396,201,271,387,212,365,75,15,97
WAE,2002,6,6,12,19.8,58.1,13.4,11.3,8.96,14.7,42.6,0,943.6,11,1.3,4.5,624,229,423,214,212,370,351,383,100,15,97
WAE,2002,6,6,13,20.5,56.2,13.5,11.5,9.03,15.1,43.5,0,943.3,15,1.7,4,523,225,337,173,172,300,334,366,75,15,97
WAE,2002,6,6,14,21.2,52.1,13.1,11,8.77,15.1,43.6,0,942.5,14,0.9,3.3,605,527,236,111,110,312,575,352,55,15,97
WAE,2002,6,6,15,21.9,49.3,12.9,10.8,8.64,15.2,44,0,941.9,15,1.6,4.1,391,253,245,123,123,183,377,371,88,15,97
WAE,2002,6,6,16,21.7,49.9,12.9,10.8,8.64,15.1,43.8,0,941.8,324,1.5,4.9,222,102,179,124,96,90,200,378,100,15,97
WAE,2002,6,6,17,19.6,51.3,11.7,9.3,7.82,13.6,39.5,0,942.7,34,1.8,6.4,151,207,97,127,50,48,256,377,100,15,97
WAE,2002,6,6,18,15.3,78,11.8,11.5,7.88,13.1,35.3,17.3,943.6,270,4.9,10.5,40,126,24,72,12,12,129,375,100,15,97
WAE,2002,6,6,19,14.8,72.3,12.1,9.9,8.07,12,35.3,0.1,944.8,256,3.6,8,0,0,0,0,0,0,0,373,100,15,97
WAE,2002,6,6,20,13.7,77.4,12.1,9.8,8.07,11.5,34.1,1.6,945.2,233,4.7,8.1,0,0,0,0,0,0,0,371,100,15,97
WAE,2002,6,6,21,13.6,81.6,12.7,10.5,8.47,11.8,35.1,1,945.8,230,4,7.4,0,0,0,0,0,0,0,370,100,15,97
WAE,2002,6,6,22,13.6,82.7,12.9,10.7,8.6,11.9,35.4,2.3,946.4,225,1.9,5.2,0,0,0,0,0,0,0,368,100,15,97
WAE,2002,6,6,23,12.9,85.5,12.7,10.5,8.46,11.5,34.3,6.5,946.5,243,1.6,5.1,0,0,0,0,0,0,0,366,100,15,97
WAE,2002,6,7,0,12.6,88.2,12.9,10.7,8.59,11.5,34.4,0.2,946.7,243,1.4,6.8,0,0,0,0,0,0,0,365,100,15,97
WAE,2002,6,7,1,12.7,82.3,12.1,9.8,8.05,11.1,33.1,0,946.7,239,3.9,8.5,0,0,0,0,0,0,0,364,100,15,97
WAE,2002,6,7,2,12.7,84.4,12.3,10.1,8.18,11.2,33.4,2.5,947.2,236,5.4,10.9,0,0,0,0,0,0,0,364,100,15,97
WAE,2002,6,7,3,12.7,85.7,12.6,10.4,8.38,11.4,33.9,1.6,947.7,243,6.3,11.7,8,0,8,4,4,4,4,363,100,15,97
WAE,2002,6,7,4,12.7,85.5,12.5,10.3,8.31,11.3,33.7,1.6,948.6,251,6.5,13.1,24,0,24,13,13,13,13,363,100,15,97
WAE,2002,6,7,5,12.3,84.1,12,9.7,7.96,10.8,32.5,0.7,949.1,243,8.2,16.6,28,0,28,16,16,15,15,363,100,15,97
WAE,2002,6,7,6,12.1,82.7,11.6,9.2,7.69,10.5,31.6,1.4,950.4,244,8.8,16.3,62,0,62,35,35,32,33,362,100,15,97
WAE,2002,6,7,7,12,84.8,11.9,9.5,7.88,10.6,31.9,0.7,951.6,249,6.7,14.4,92,0,92,51,51,48,49,363,100,15,97
WAE,2002,6,7,8,12.1,82.4,11.6,9.2,7.67,10.5,31.5,0.4,952.3,246,5.5,11.5,98,0,98,55,55,52,53,364,100,15,97
WAE,2002,6,7,9,12.1,80,11.3,8.8,7.46,10.3,31,0,953,242,4.2,8.6,125,0,125,71,70,66,67,364,100,15,97
WAE,2002,6,7,10,12.5,79.6,11.5,9.1,7.6,10.6,31.7,0,953.2,238,4.9,9.1,154,0,154,87,86,81,82,365,100,15,97
WAE,2002,6,7,11,13.6,77.2,12,9.7,7.93,11.4,33.7,0,953.5,237,4,7.7,355,10,345,193,192,188,188,366,100,15,97
WAE,2002,6,7,12,14.6,72.9,12.1,9.8,8,11.9,34.9,0,953.3,245,3.5,6.9,371,21,352,196,195,197,201,366,100,15,97
WAE,2002,6,7,13,14.9,70.3,11.9,9.5,7.86,11.8,34.9,0,953.1,272,2.5,5.5,240,0,240,135,134,126,128,367,100,15,97
WAE,2002,6,7,14,15.3,65.8,11.4,8.9,7.53,11.7,34.4,0,952.8,313,1.6,4.9,380,76,327,178,176,201,243,367,100,15,97
WAE,2002,6,7,15,15.2,64.4,11.2,8.5,7.4,11.5,34,0,952.6,20,1.3,3.7,342,167,251,132,131,160,300,368,100,15,97
WAE,2002,6,7,16,15.7,63.2,11.2,8.7,7.4,11.8,34.5,0,952.6,287,1.1,2.8,291,299,165,158,82,79,390,352,75,15,97
WAE,2002,6,7,17,15.5,64.5,11.3,8.8,7.46,11.7,34.5,0,952.9,45,0.8,2.6,146,172,101,119,53,50,225,352,75,15,97
WAE,2002,6,7,18,15.2,68,11.7,9.3,7.73,11.9,34.8,0,953.1,124,0.4,2.2,55,148,38,91,20,19,156,352,75,15,97
WAE,2002,6,7,19,13.5,75.5,11.7,9.3,7.73,11.1,33.1,0,953.5,163,1.1,2.7,0,0,0,0,0,0,0,346,68,15,97
WAE,2002,6,7,20,13.8,75.3,11.8,9.5,7.79,11.4,33.6,0,953.6,180,1.1,2.1,0,0,0,0,0,0,0,366,100,15,97
WAE,2002,6,7,21,13.9,75,11.9,9.5,7.86,11.4,33.8,0,954,188,0.7,1.6,0,0,0,0,0,0,0,365,100,15,97
WAE,2002,6,7,22,13.8,78.8,12.4,10.2,8.19,11.7,34.6,0,953.9,187,0.8,2.2,0,0,0,0,0,0,0,356,88,15,97
WAE,2002,6,7,23,13.6,78.1,12.1,9.9,7.99,11.5,33.9,0,953.9,234,0.9,1.9,0,0,0,0,0,0,0,363,100,15,97
WAE,2002,6,8,0,12.9,79.9,11.8,9.5,7.79,11,32.6,0,953.6,203,0.8,1.9,0,0,0,0,0,0,0,342,68,15,97
WAE,2002,6,8,1,12.1,81.7,11.5,9.1,7.6,10.4,31.3,0,953.3,172,0.7,1.8,0,0,0,0,0,0,0,339,63,15,97
WAE,2002,6,8,2,12.4,83.9,12.1,9.8,8,10.9,32.6,0,953.1,189,0.7,1.3,0,0,0,0,0,0,0,355,88,15,97
WAE,2002,6,8,3,12,81.6,11.4,9,7.53,10.3,31.1,0,953,234,1,2,1,0,1,1,1,0,0,363,100,15,97
WAE,2002,6,8,4,13,80.4,12,9.7,7.93,11.1,33.1,0,953.1,291,0.9,2.2,9,0,9,5,5,5,5,363,100,15,97
WAE,2002,6,8,5,13.5,83.2,12.8,10.7,8.47,11.9,35,0,953.3,270,0.7,1.8,163,88,135,103,163,69,70,363,100,15,97
WAE,2002,6,8,6,13.7,83.5,13.1,11,8.67,12.1,35.7,0,953.3,315,0.2,1.4,108,0,108,61,60,57,58,364,100,15,97
WAE,2002,6,8,7,14.3,81.7,13.3,11.2,8.8,12.5,36.6,0,953.4,344,0.8,2.3,215,36,194,107,143,110,102,366,100,15,97
WAE,2002,6,8,8,14.6,77.5,12.9,10.7,8.53,12.3,36.2,0,953.5,310,0.8,2.5,276,11,267,149,157,145,142,368,100,15,97
WAE,2002,6,8,9,15.3,72.3,12.6,10.3,8.33,12.4,36.4,0,953.4,291,0.9,2.7,324,9,316,177,182,171,169,370,100,15,97
WAE,2002,6,8,10,15.9,68,12.3,10,8.13,12.5,36.6,0,953.1,297,0.3,2.2,361,12,350,196,201,191,187,372,100,15,97
WAE,2002,6,8,11,16.3,66.5,12.3,10.1,8.13,12.7,37,0,952.9,45,0.5,2.7,409,42,371,204,218,223,195,374,100,15,97
WAE,2002,6,8,12,16.6,68.1,12.8,10.7,8.47,13.2,38.1,0,952.8,79,1.5,2.9,237,2,235,132,131,124,127,375,100,15,97
WAE,2002,6,8,13,17,68.4,13.2,11.1,8.74,13.5,39.2,0,952.5,83,1.7,4.1,363,25,343,191,190,193,202,374,100,15,97
WAE,2002,6,8,14,16.9,67.2,12.9,10.8,8.54,13.3,38.6,0,952.3,79,1.6,4.5,373,70,323,176,175,197,236,374,100,15,97
WAE,2002,6,8,15,17.5,62.4,12.5,10.2,8.27,13.2,38.6,0,952.2,135,0.9,2.6,156,1,155,87,87,81,84,373,100,15,97
WAE,2002,6,8,16,17,66.9,13,10.8,8.61,13.4,38.9,0.2,952.2,204,1.3,2.9,179,36,163,99,90,84,124,373,100,15,97
WAE,2002,6,8,17,17.2,65.1,12.8,10.6,8.48,13.3,38.8,0,952.2,333,1.1,3.5,18,0,18,10,10,10,10,372,100,15,97
WAE,2002,6,8,18,16.8,64.7,12.4,10.1,8.21,12.9,37.7,0,952.2,325,1.3,4,25,20,23,22,13,12,30,371,100,15,97
WAE,2002,6,8,19,16.1,69.2,12.7,10.5,8.41,12.8,37.5,0,952.5,308,1.6,3.7,0,0,0,0,0,0,0,370,100,15,97
WAE,2002,6,8,20,15.6,73.1,12.9,10.8,8.53,12.8,37.3,0,953.1,42,2.4,6.1,0,0,0,0,0,0,0,368,100,15,97
WAE,2002,6,8,21,14.3,79.4,13,10.8,8.6,12.3,36.1,0.1,953.2,106,1.6,4.3,0,0,0,0,0,0,0,367,100,15,97
WAE,2002,6,8,22,13.9,80.3,12.8,10.6,8.47,12,35.4,0.2,953,108,0.6,2.3,0,0,0,0,0,0,0,366,100,15,97
WAE,2002,6,8,23,13.8,86.9,13.8,11.7,9.14,12.6,37,0.5,952.7,90,0.8,2.5,0,0,0,0,0,0,0,364,100,15,97
WAE,2002,6,9,0,13.8,88.9,14,12,9.28,12.7,37.3,0,952.6,108,0.6,2.4,0,0,0,0,0,0,0,363,100,16,97
WAE,2002,6,9,1,13.6,87.5,13.7,11.6,9.08,12.4,36.6,0,952.5,135,0.7,2.1,0,0,0,0,0,0,0,364,100,16,97
WAE,2002,6,9,2,13.6,87.3,13.6,11.5,9.01,12.4,36.4,0,952.5,180,0.1,1,0,0,0,0,0,0,0,364,100,16,97
WAE,2002,6,9,3,13.6,88.2,13.7,11.7,9.08,12.5,36.6,0,952.6,34,0.9,2.4,1,0,1,1,1,0,0,364,100,16,97
WAE,2002,6,9,4,13.5,86.1,13.3,11.2,8.81,12.2,35.8,0,952.7,40,1.6,3.4,66,122,52,87,141,27,27,364,100,16,97
WAE,2002,6,9,5,13.7,86.4,13.6,11.5,9,12.4,36.5,0,953,40,1.6,3.5,63,0,63,36,36,33,34,365,100,16,97
WAE,2002,6,9,6,13.8,84.3,13.3,11.2,8.8,12.3,36.1,0,953.3,31,1.2,3.2,95,0,95,54,53,50,51,365,100,16,97
WAE,2002,6,9,7,13.9,85.6,13.6,11.5,9,12.5,36.7,0.3,953.6,56,0.4,1.8,180,4,177,100,103,95,95,367,100,16,97
WAE,2002,6,9,8,14.4,84.2,13.8,11.8,9.13,12.9,37.6,0,953.6,37,0.5,2.1,292,10,284,160,167,154,153,369,100,16,97
WAE,2002,6,9,9,15,79.5,13.6,11.5,9,12.9,37.8,0,953.6,293,0.9,3.5,229,1,228,129,128,121,123,371,100,16,97
WAE,2002,6,9,10,15.4,72.9,12.8,10.6,8.46,12.6,36.9,0,953.9,352,1.5,4.9,219,0,219,124,123,115,118,373,100,16,97
WAE,2002,6,9,11,15.8,67.4,12.1,9.8,7.99,12.4,36.1,0,953.8,311,1.1,3.9,373,12,362,204,204,199,198,375,100,16,97
WAE,2002,6,9,12,16.4,66.2,12.3,10.1,8.13,12.8,37.1,0,953.7,348,2.4,6.1,356,12,346,195,193,190,192,377,100,16,97
WAE,2002,6,9,13,15.9,69.1,12.5,10.2,8.26,12.6,36.9,0,953.8,296,3.2,5.8,136,0,136,77,77,72,74,376,100,16,97
WAE,2002,6,9,14,15.9,69,12.4,10.2,8.19,12.6,36.7,0,953.7,289,2.7,4.7,112,0,112,64,63,59,61,375,100,16,97
WAE,2002,6,9,15,15.8,71.7,12.9,10.7,8.53,12.8,37.5,0,953.5,245,3.2,6.4,273,50,245,142,135,133,181,374,100,16,97
WAE,2002,6,9,16,15.7,73.1,13,10.9,8.6,12.9,37.5,0,953.7,243,4.2,7.2,147,27,135,82,74,70,99,373,100,16,97
WAE,2002,6,9,17,14.4,76,12.5,10.2,8.26,12,35.3,1.8,954.2,244,4,7.2,81,52,66,55,36,34,87,373,100,16,97
WAE,2002,6,9,18,13.6,78.4,12.2,9.9,8.05,11.5,34,3.1,954.4,236,3.9,6.6,4,0,4,2,2,2,2,372,100,16,97
WAE,2002,6,9,19,13.6,84.3,13.1,11,8.65,12.1,35.5,0.1,954.8,231,1.7,4.9,0,0,0,0,0,0,0,370,100,16,97
WAE,2002,6,9,20,13.6,82.9,12.9,10.8,8.51,12,35.2,0,955.4,235,2,4.6,0,0,0,0,0,0,0,369,100,16,97
WAE,2002,6,9,21,13.4,81.7,12.6,10.3,8.31,11.6,34.5,0,955.2,225,3.4,5,0,0,0,0,0,0,0,368,100,16,97
WAE,2002,6,9,22,13.4,82.9,12.8,10.6,8.45,11.8,34.8,0,955.2,229,2.3,4.1,0,0,0,0,0,0,0,366,100,16,97
WAE,2002,6,9,23,13.1,87.7,13.2,11.1,8.72,11.9,35.2,2.4,955.2,247,3,6.8,0,0,0,0,0,0,0,365,100,16,97
WAE,2002,6,10,0,12.9,82.2,12.3,9.9,8.11,11.2,33.4,0.3,955.2,243,4.3,7.4,0,0,0,0,0,0,0,364,100,16,97
WAE,2002,6,10,1,12.8,87.3,12.9,10.7,8.51,11.6,34.4,2.2,955.3,251,3.7,6.8,0,0,0,0,0,0,0,363,100,16,97
WAE,2002,6,10,2,12.8,87.9,13,10.8,8.58,11.7,34.5,3.9,955.8,270,2.7,6,0,0,0,0,0,0,0,361,100,16,97
WAE,2002,6,10,3,12.1,88.1,12.4,10.2,8.17,11,32.8,5,956.4,298,2.4,5.9,1,0,1,1,1,0,1,360,100,16,97
WAE,2002,6,10,4,11.6,88.7,12.1,9.8,7.96,10.6,31.7,3.8,957.1,297,2.1,5.2,44,21,39,31,42,20,21,359,100,16,97
WAE,2002,6,10,5,11.6,88.7,12.1,9.8,7.96,10.6,31.7,0.6,957.6,252,0.9,4,89,23,83,55,69,43,44,358,100,16,97
WAE,2002,6,10,6,11.8,85.1,11.8,9.4,7.76,10.5,31.4,0.7,958.2,257,1.3,5.8,67,0,67,38,38,35,36,357,100,16,97
WAE,2002,6,10,7,11.7,87.4,12,9.7,7.88,10.6,31.6,1.6,958.8,288,1.7,5.2,237,9,231,130,138,124,124,358,100,16,97
WAE,2002,6,10,8,11.5,88.1,11.9,9.6,7.81,10.4,31.3,2.8,959.5,293,1.4,7.9,193,0,193,109,108,102,104,360,100,16,97
WAE,2002,6,10,9,11,84.7,11.1,8.5,7.28,9.6,29.4,1.3,960.1,288,4.1,9.3,378,50,337,186,225,206,177,361,100,16,97
WAE,2002,6,10,10,11.4,81.8,11,8.4,7.21,9.8,29.6,0,960.4,223,2.3,4.4,177,0,177,100,99,93,95,363,100,16,97
WAE,2002,6,10,11,11.8,78.3,10.8,8.1,7.07,9.8,29.7,0,960.7,243,2.8,6.2,350,11,341,192,190,187,187,364,100,16,97
WAE,2002,6,10,12,12.4,73.9,10.6,7.9,6.94,10,30,0,961,202,2.3,4.5,245,0,245,139,138,129,132,365,100,16,97
WAE,2002,6,10,13,13.4,69.8,10.7,8,7,10.5,31.2,0,961.1,177,2,4.4,449,77,387,212,210,246,268,364,100,16,97
WAE,2002,6,10,14,14.4,66,10.8,8.1,7.07,10.9,32.3,0,961,62,2.3,4.7,427,147,327,174,173,226,310,353,88,16,97
WAE,2002,6,10,15,14.3,68.5,11.2,8.6,7.34,11.1,32.9,0,960.9,99,1.8,4.4,380,201,263,150,136,171,339,352,88,16,97
WAE,2002,6,10,16,14.4,69,11.3,8.8,7.4,11.3,33.2,0,960.9,86,1.6,3.9,257,165,186,143,97,92,268,361,100,16,97
WAE,2002,6,10,17,14.4,67.5,11.1,8.5,7.26,11.1,32.8,0,961.5,63,1.2,3.3,147,153,107,116,57,54,209,350,88,16,97
WAE,2002,6,10,18,13.8,65.7,10.3,7.5,6.73,10.4,30.9,0,962.1,289,1.9,4.5,54,168,35,101,18,18,172,339,75,16,97
WAE,2002,6,10,19,13,65.8,9.8,6.8,6.4,9.7,29.2,0,962.4,302,1.6,5.8,0,0,0,0,0,0,0,347,88,16,97
WAE,2002,6,10,20,12.5,70.3,10.2,7.2,6.66,9.7,29.4,0,963.1,248,0.6,1.8,0,0,0,0,0,0,0,354,100,16,97
WAE,2002,6,10,21,12.2,74.3,10.5,7.8,6.86,9.8,29.6,0,963.1,166,1.3,2.7,0,0,0,0,0,0,0,343,88,16,97
WAE,2002,6,10,22,11.6,78.4,10.7,8,6.99,9.7,29.3,0,962.8,167,1.3,2.4,0,0,0,0,0,0,0,324,63,16,97
WAE,2002,6,10,23,10.7,77.5,10,6.9,6.53,8.7,27.2,0,962.7,194,1.2,2.2,0,0,0,0,0,0,0,311,45,16,97
WAE,2002,6,11,0,10,79.4,9.7,6.6,6.33,8.2,26,0,962.7,207,0.5,2,0,0,0,0,0,0,0,317,55,17,97
WAE,2002,6,11,1,10.3,84.3,10.6,7.8,6.92,9,27.8,0,962.7,243,0.4,2.1,0,0,0,0,0,0,0,321,60,17,97
WAE,2002,6,11,2,10.5,80.9,10.3,7.4,6.73,8.9,27.5,0,962.7,234,1.4,2.8,0,0,0,0,0,0,0,332,75,17,97
WAE,2002,6,11,3,10.2,80.2,10,6.9,6.53,8.5,26.7,0,962.6,186,2,3.6,9,24,8,18,25,4,4,304,33,17,97
WAE,2002,6,11,4,10.3,77.9,9.8,6.6,6.4,8.4,26.5,0,962.9,198,1.2,3.5,114,343,56,181,355,28,28,291,13,17,97
WAE,2002,6,11,5,11.7,78.3,10.8,8.1,7.05,9.8,29.6,0,963,74,1.5,3.5,270,559,88,213,600,46,46,283,0,17,97
WAE,2002,6,11,6,12.9,77.1,11.5,9,7.52,10.7,31.9,0,963,77,2.3,4,443,691,109,161,726,62,62,284,0,17,97
WAE,2002,6,11,7,13.6,70.9,11.1,8.4,7.25,10.7,32,0,962.9,72,2.3,4.4,604,750,132,77,735,239,78,286,0,17,97
WAE,2002,6,11,8,15.1,62.9,10.8,8.1,7.06,11.2,33,0,962.5,76,2.5,4.8,744,790,150,90,672,377,92,288,0,17,97
WAE,2002,6,11,9,15.8,54.2,9.7,6.6,6.33,10.8,31.9,0,962.6,61,2.2,4.2,850,814,163,99,546,486,102,300,13,17,97
WAE,2002,6,11,10,17,48.5,9.4,6.1,6.13,11.1,32.6,0,962.6,43,2.1,3.8,853,665,255,135,380,528,135,317,33,17,97
WAE,2002,6,11,11,17.7,47.3,9.6,6.3,6.27,11.5,33.7,0,962.3,45,1.9,4.4,869,674,256,134,199,544,238,305,13,17,97
WAE,2002,6,11,12,19.4,45.9,10.4,7.5,6.8,12.7,36.8,0,962.1,346,1.9,5.7,790,542,314,153,153,493,450,336,50,17,97
WAE,2002,6,11,13,20,46.3,10.8,8.1,7.06,13.2,38,0,962.2,279,3.1,7.3,652,372,349,174,173,388,461,340,55,17,97
WAE,2002,6,11,14,20.6,44.7,10.8,8.2,7.06,13.5,38.6,0,962.6,279,3.9,10.6,514,269,322,166,165,282,414,349,68,17,97
WAE,2002,6,11,15,19.2,51,11.3,8.8,7.39,13.2,38,0,962.9,303,3.9,8,504,604,165,120,86,148,661,333,45,17,97
WAE,2002,6,11,16,18.4,56.8,12,9.7,7.85,13.4,38.4,0,963.2,308,4.2,8.2,375,677,93,190,52,53,713,333,45,17,97
WAE,2002,6,11,17,17.3,59.3,11.7,9.3,7.64,12.7,36.8,0,963.7,309,4,7.5,184,368,90,185,46,45,410,350,68,17,97
WAE,2002,6,11,18,16.6,59.9,11.3,8.8,7.37,12.2,35.4,0,964.4,317,2.5,6.9,51,150,31,88,17,16,156,349,68,17,97
WAE,2002,6,11,19,16.1,59.9,10.9,8.3,7.11,11.7,34.2,0,965,305,1.3,4.3,0,0,0,0,0,0,0,370,100,17,97
WAE,2002,6,11,20,15.7,61.2,10.9,8.3,7.1,11.6,33.8,0,965.4,315,0.2,2.3,0,0,0,0,0,0,0,359,88,17,97
WAE,2002,6,11,21,15.2,64.4,11.1,8.5,7.23,11.5,33.6,0,965.6,180,0.2,1.3,0,0,0,0,0,0,0,348,75,17,97
WAE,2002,6,11,22,14.8,66.4,11.2,8.6,7.3,11.3,33.3,0,965.6,135,0.1,1.2,0,0,0,0,0,0,0,336,60,17,97
WAE,2002,6,11,23,14.8,68.3,11.5,9,7.5,11.5,33.8,0,965.5,162,1,2.2,0,0,0,0,0,0,0,334,60,17,97
WAE,2002,6,12,0,14,71,11.3,8.8,7.37,11.1,32.7,0,965,172,1.5,2.5,0,0,0,0,0,0,0,304,13,15,97
WAE,2002,6,12,1,12.2,73.4,10.5,7.6,6.84,9.7,29.5,0,964.8,176,1.4,2.5,0,0,0,0,0,0,0,297,0,15,97
WAE,2002,6,12,2,11.5,75.6,10.2,7.3,6.65,9.3,28.3,0,964.5,144,0.9,2.1,0,0,0,0,0,0,0,299,0,15,97
WAE,2002,6,12,3,11.3,76.8,10.3,7.4,6.71,9.2,28.3,0,964.8,284,0.6,2.4,7,8,7,8,10,3,4,316,25,15,97
WAE,2002,6,12,4,12.2,77.6,11,8.4,7.17,10.1,30.4,0,964.8,236,0.7,2.2,106,290,58,160,305,28,28,332,50,15,97
WAE,2002,6,12,5,13.9,75.7,12,9.7,7.83,11.5,33.8,0,964.7,45,0.3,1.8,250,455,105,196,508,50,51,327,40,15,97
WAE,2002,6,12,6,14.6,74.4,12.4,10.1,8.1,12,35.1,0,964.9,62,1.5,3.5,396,486,161,170,567,76,76,325,33,15,97
WAE,2002,6,12,7,15.6,71.8,12.7,10.5,8.29,12.6,36.7,0,965.2,60,1.6,3.3,534,506,216,103,583,243,102,338,50,15,97
WAE,2002,6,12,8,17.1,66.1,12.9,10.7,8.43,13.3,38.5,0,964.8,54,1.7,3.4,668,559,248,117,574,362,116,338,45,15,97
WAE,2002,6,12,9,18.1,62.1,12.9,10.7,8.43,13.7,39.6,0,964.6,47,1.9,3.6,860,871,126,85,538,470,88,319,13,15,97
WAE,2002,6,12,10,19.1,57.6,12.8,10.5,8.37,14,40.4,0,964.3,47,1.7,3.8,859,692,236,120,371,522,121,321,13,15,97
WAE,2002,6,12,11,20.6,49.9,12.1,9.8,7.91,14.2,40.8,0,963.8,36,1.7,3.4,936,878,137,92,147,552,193,314,0,15,97
WAE,2002,6,12,12,21.9,46.1,12.1,9.8,7.91,14.7,42.1,0,963.4,34,1.8,3.4,904,881,128,88,89,515,436,318,0,15,97
WAE,2002,6,12,13,22.6,43.9,12,9.7,7.85,14.9,42.7,0,963.1,56,1.9,3.8,812,834,137,85,85,430,600,319,0,15,97
WAE,2002,6,12,14,23.2,43,12.2,9.9,7.98,15.3,43.6,0,962.7,72,2,3.6,617,544,234,111,110,314,587,339,25,15,97
WAE,2002,6,12,15,23.6,43.6,12.7,10.5,8.32,15.7,44.9,0,962.3,81,1.8,3.4,513,636,146,112,75,141,668,330,13,15,97
WAE,2002,6,12,16,24.5,40.7,12.5,10.3,8.19,15.9,45.5,0,962.1,231,1.8,5.1,333,463,139,180,67,66,535,341,25,15,97
WAE,2002,6,12,17,24.6,39,12.1,9.7,7.92,15.7,44.9,0,962.1,237,1.6,4.6,176,329,85,158,44,42,367,369,63,15,97
WAE,2002,6,12,18,23.4,44.3,12.7,10.6,8.32,15.7,44.7,0,962.6,234,1.4,2.2,54,161,35,96,18,17,166,348,33,15,97
WAE,2002,6,12,19,20.9,50.6,12.5,10.3,8.18,14.6,41.8,0,963.1,247,2.7,4.8,0,0,0,0,0,0,0,362,55,15,97
WAE,2002,6,12,20,20.1,54.9,12.9,10.8,8.44,14.6,41.6,0,963.5,239,3.2,5.5,0,0,0,0,0,0,0,353,45,15,97
WAE,2002,6,12,21,18.4,60.7,12.9,10.7,8.44,13.9,39.9,0,963.5,223,1.7,4.3,0,0,0,0,0,0,0,338,25,15,97
WAE,2002,6,12,22,17.3,66.5,13.1,11,8.57,13.6,39.1,0,963.6,180,0.7,2.1,0,0,0,0,0,0,0,356,58,15,97
WAE,2002,6,12,23,16,72.8,13.3,11.1,8.71,13.1,38.1,0,963.6,127,0.6,2.4,0,0,0,0,0,0,0,371,88,15,97
WAE,2002,6,13,0,15.9,73.8,13.4,11.2,8.77,13.1,38.2,0,963.4,158,0.6,1.9,0,0,0,0,0,0,0,369,88,15,97
WAE,2002,6,13,1,15,76.9,13.1,11,8.58,12.7,36.8,0,963.3,207,0.3,1.4,0,0,0,0,0,0,0,377,100,15,97
WAE,2002,6,13,2,15.2,77.2,13.3,11.2,8.71,12.9,37.3,0,963.6,194,0.9,2,0,0,0,0,0,0,0,371,88,15,97
WAE,2002,6,13,3,14.9,75.8,12.8,10.7,8.37,12.5,36.1,0,963.9,162,1,3.2,14,0,14,8,8,7,7,379,100,15,97
WAE,2002,6,13,4,14.8,76.8,12.9,10.8,8.44,12.5,36.2,0,964,140,0.8,2,97,215,60,127,236,29,30,368,80,15,97
WAE,2002,6,13,5,16.4,75.3,14.1,12,9.23,13.8,39.8,0,964.4,90,0.1,2.2,239,389,111,178,446,53,53,347,40,15,97
WAE,2002,6,13,6,17.6,71.2,14.3,12.3,9.36,14.4,41.4,0,964.9,56,0.8,2.3,375,409,173,162,497,81,82,343,33,15,97
WAE,2002,6,13,7,19.2,63,14,12,9.16,14.8,42.5,0,965,65,1.5,2.9,602,781,109,64,735,216,66,326,0,15,97
WAE,2002,6,13,8,20.5,57.6,13.9,11.9,9.09,15.3,43.7,0,964.6,52,1.2,3.2,746,835,118,74,667,353,76,326,0,15,97
WAE,2002,6,13,9,22.3,53.4,14.4,12.4,9.43,16.2,46.4,0,964.4,297,2.2,7.6,740,522,299,138,486,438,136,365,58,15,97
WAE,2002,6,13,10,24.1,51.9,15.6,13.6,10.23,17.4,50.3,0,964,260,2.8,7.2,791,519,325,149,388,490,147,375,68,15,97
WAE,2002,6,13,11,25.2,50.2,16.1,14.1,10.57,18.1,52.3,0,963.5,264,2.9,6.8,792,492,344,158,232,494,252,378,68,15,97
WAE,2002,6,13,12,25.8,48.6,16.1,14.2,10.57,18.3,52.9,0,963.5,274,3.3,7.3,775,517,319,147,146,474,428,376,60,15,97
WAE,2002,6,13,13,26.7,46.5,16.3,14.3,10.71,18.7,54.2,0,963.2,275,3.7,8.8,692,476,306,142,142,400,500,375,60,15,97
WAE,2002,6,13,14,27.3,42,15.2,13.3,9.98,18.3,52.9,0,963,290,4.1,9.6,591,468,262,122,122,305,542,368,50,15,97
WAE,2002,6,13,15,27.4,38.2,13.9,11.9,9.11,17.7,50.8,0,962.7,287,4.2,10.1,500,598,163,114,80,141,648,345,20,15,97
WAE,2002,6,13,16,26.3,45.5,15.5,13.6,10.18,18.2,52.4,0,962.8,313,2.6,6,366,637,98,183,50,50,674,329,0,15,97
WAE,2002,6,13,17,25.4,47,15.2,13.3,9.98,17.7,51,0,962.9,300,2.8,5.2,201,490,73,213,36,35,515,339,13,15,97
WAE,2002,6,13,18,23.7,49.7,14.5,12.6,9.5,16.8,48,0,963.4,292,2.4,5.7,61,180,40,109,20,19,186,388,80,15,97
WAE,2002,6,13,19,21.9,52.4,13.8,11.7,9.04,15.7,45,0,963.8,283,2,6.2,0,0,0,0,0,0,0,399,100,15,97
WAE,2002,6,13,20,20.1,59.2,14,11.9,9.16,15.1,43.5,0,964.4,278,0.8,2.2,0,0,0,0,0,0,0,395,100,15,97
WAE,2002,6,13,21,19.2,63.7,14.2,12.2,9.29,14.9,42.9,0,964.5,177,1.8,3.3,0,0,0,0,0,0,0,391,100,15,97
WAE,2002,6,13,22,18.8,65.7,14.2,12.2,9.29,14.8,42.5,0,964.6,175,2.4,4,0,0,0,0,0,0,0,360,60,15,97
WAE,2002,6,13,23,17.7,69.8,14.1,12.1,9.23,14.3,41.2,0,964.6,185,1.1,3,0,0,0,0,0,0,0,367,75,15,97
WAE,2002,6,14,0,16.9,72.9,14,12,9.16,14,40.2,0,964.4,172,1.4,4.5,0,0,0,0,0,0,0,337,33,14,97
WAE,2002,6,14,1,16,74.5,13.6,11.5,8.9,13.3,38.6,0,964.1,169,0.6,2.6,0,0,0,0,0,0,0,316,0,14,97
WAE,2002,6,14,2,15.4,77.2,13.5,11.4,8.83,13,37.8,0,964,180,0.4,2.1,0,0,0,0,0,0,0,316,0,14,97
WAE,2002,6,14,3,15.1,78.4,13.4,11.4,8.77,12.9,37.3,0,964.1,198,0.3,1.7,9,19,9,15,21,4,5,315,0,14,97
WAE,2002,6,14,4,15.5,79.1,13.9,11.9,9.1,13.4,38.6,0,964.1,189,0.8,2.6,111,330,55,174,339,26,26,315,0,14,97
WAE,2002,6,14,5,17.5,78.4,15.7,13.7,10.3,15.2,43.7,0,964.1,112,0.8,2.6,269,564,85,209,597,40,40,315,0,14,97
WAE,2002,6,14,6,18.4,76.6,16.2,14.2,10.63,15.8,45.4,0,964.4,70,1.4,3.2,442,702,102,153,723,53,52,315,0,14,97
WAE,2002,6,14,7,19.9,66.1,15.4,13.4,10.09,15.9,45.6,0,964.4,67,1.6,3.1,607,776,119,63,736,218,65,315,0,14,97
WAE,2002,6,14,8,21.4,60.7,15.5,13.5,10.16,16.4,47.3,0,964.1,63,1.3,2.8,753,836,124,72,670,355,74,315,0,14,97
WAE,2002,6,14,9,23.2,52.1,14.8,12.8,9.7,16.7,48,0,963.8,72,2,3.5,853,832,150,83,533,466,85,315,0,14,97
WAE,2002,6,14,10,24.6,47.3,14.6,12.6,9.57,17.1,49.1,0,963.6,72,1.9,3.5,930,886,133,83,350,530,86,320,0,14,97
WAE,2002,6,14,11,26.5,40.3,14.2,11.9,9.31,17.4,50.4,0,963.3,63,1.7,3.2,946,890,134,84,139,547,185,330,0,14,97
WAE,2002,6,14,12,27.5,35.1,12.9,10.7,8.45,17.1,49.2,0,962.9,30,2,3.9,903,857,147,85,85,511,435,338,0,14,97
WAE,2002,6,14,13,27.7,35.8,13.3,11.2,8.72,17.4,50.1,0,962.2,41,1.9,4,823,849,133,77,78,426,597,337,0,14,97
WAE,2002,6,14,14,28.2,36.3,13.9,11.8,9.12,17.9,51.7,0,961.7,74,1.8,3.9,696,805,126,70,70,304,703,337,0,14,97
WAE,2002,6,14,15,28.3,35.9,13.8,11.8,9.06,17.9,51.6,0,961.4,73,1.5,2.9,543,752,112,92,59,127,743,336,0,14,97
WAE,2002,6,14,16,28.4,37.3,14.4,12.4,9.46,18.2,52.7,0,961.4,68,1.1,2.5,372,656,96,183,48,48,688,335,0,14,97
WAE,2002,6,14,17,28.1,38.7,14.7,12.7,9.66,18.3,52.9,0,961.4,90,0.9,2.3,203,491,74,213,35,35,515,335,0,14,97
WAE,2002,6,14,18,27.1,43.3,15.5,13.6,10.19,18.4,53.3,0,961.4,173,0.8,2.3,64,186,42,113,21,20,191,343,13,14,97
WAE,2002,6,14,19,23.4,57.2,16.4,14.5,10.79,17.7,51,0,961.5,175,1.1,2.4,0,0,0,0,0,0,0,329,0,14,97
WAE,2002,6,14,20,21.3,62,15.7,13.7,10.32,16.5,47.6,0,962,201,0.9,2.5,0,0,0,0,0,0,0,327,0,14,97
WAE,2002,6,14,21,20.5,59,14.2,12.2,9.32,15.4,44.3,0,962.3,198,1.6,3.4,0,0,0,0,0,0,0,326,0,14,97
WAE,2002,6,14,22,19.3,65.2,14.6,12.6,9.58,15.2,43.7,0,962.3,187,0.8,2.3,0,0,0,0,0,0,0,324,0,14,97
WAE,2002,6,14,23,18.7,69,14.9,12.9,9.79,15.1,43.6,0,962,157,1.3,3,0,0,0,0,0,0,0,335,20,14,97
WAE,2002,6,15,0,18.1,72.1,15,13,9.86,15,43.2,0,961.7,162,0.9,2.2,0,0,0,0,0,0,0,337,25,14,97
WAE,2002,6,15,1,18,70.8,14.6,12.6,9.59,14.7,42.4,0,961.7,159,0.9,2.4,0,0,0,0,0,0,0,323,0,14,97
WAE,2002,6,15,2,17.4,72.3,14.4,12.4,9.46,14.4,41.4,0,961.7,156,0.9,2.2,0,0,0,0,0,0,0,324,0,14,97
WAE,2002,6,15,3,17.1,73.4,14.2,12.3,9.32,14.2,40.8,0,961.8,158,0.5,2.4,16,11,16,15,18,8,8,334,13,14,97
WAE,2002,6,15,4,17.8,71.8,14.6,12.6,9.59,14.6,42.2,0,961.9,180,0.7,1.8,112,318,58,172,331,28,28,343,25,14,97
WAE,2002,6,15,5,20.1,64.3,15.2,13.2,9.98,15.8,45.6,0,962.2,108,0.6,2.3,241,400,112,184,457,52,52,357,45,14,97
WAE,2002,6,15,6,20.9,61.4,15.2,13.2,9.98,16.1,46.4,0,962.8,63,1.1,2.7,390,467,164,169,547,75,76,363,50,14,97
WAE,2002,6,15,7,22.6,53.5,14.7,12.7,9.64,16.4,47.3,0,962.9,72,1.6,2.9,489,372,255,121,486,232,118,383,75,14,97
WAE,2002,6,15,8,23.6,53.7,15.6,13.7,10.24,17.3,49.8,0,963,78,1.5,3.6,615,420,298,139,499,336,136,395,88,14,97
WAE,2002,6,15,9,25.1,50.5,16.1,14.1,10.57,18,52.2,0,963.4,76,2,3.5,672,368,362,171,436,396,166,399,88,14,97
WAE,2002,6,15,10,26.2,45.9,15.6,13.6,10.24,18.1,52.5,0,963.3,75,1.2,3.2,754,437,361,166,381,463,163,404,88,14,97
WAE,2002,6,15,11,27,44.2,15.7,13.8,10.31,18.5,53.5,0,962.8,59,1.8,3.8,811,541,318,144,218,502,244,376,38,14,97
WAE,2002,6,15,12,28,43.4,16.4,14.4,10.79,19.1,55.7,0,962.1,70,2.1,4.1,787,554,299,136,135,477,428,373,25,14,97
WAE,2002,6,15,13,28.4,41.3,15.9,14,10.46,19,55.3,0,961.5,45,1.6,3.1,700,503,291,133,133,401,503,391,55,14,97
WAE,2002,6,15,14,28.8,39.2,15.5,13.6,10.19,19,55,0,961.3,36,1.4,2.7,576,429,269,126,126,298,508,398,68,14,97
WAE,2002,6,15,15,29.1,38.2,15.4,13.4,10.13,19,55.2,0,961,23,1.3,2.5,434,353,229,138,110,162,461,402,75,14,97
WAE,2002,6,15,16,29.3,38,15.5,13.5,10.2,19.1,55.5,0,960.8,41,0.9,2.2,292,284,170,160,84,80,376,403,75,14,97
WAE,2002,6,15,17,29.2,39.1,15.9,13.9,10.46,19.2,56.1,0,961,284,0.7,2.1,150,180,105,126,54,51,232,419,100,14,97
WAE,2002,6,15,18,27.1,51.5,18.5,16.2,12.21,19.8,58.4,0,961.2,218,1.7,3.1,20,3,20,13,11,10,14,418,100,14,97
WAE,2002,6,15,19,25.8,54,17.9,15.8,11.79,19.2,56,0,961.9,273,2.1,5.8,0,0,0,0,0,0,0,414,100,14,97
WAE,2002,6,15,20,24,59.7,17.8,15.7,11.72,18.6,54,0,962.6,239,2.1,3.9,0,0,0,0,0,0,0,411,100,14,97
WAE,2002,6,15,21,23.4,61.7,17.7,15.6,11.65,18.3,53.2,0,962.9,236,3.6,5.5,0,0,0,0,0,0,0,400,88,14,97
WAE,2002,6,15,22,22.6,62.6,17.2,15.1,11.31,17.8,51.5,0,962.8,216,3.1,4.5,0,0,0,0,0,0,0,397,88,14,97
WAE,2002,6,15,23,22.1,66,17.5,15.5,11.52,17.8,51.5,0,962.5,157,1.5,3.8,0,0,0,0,0,0,0,394,88,14,97
WAE,2002,6,16,0,20.5,72.6,17.5,15.4,11.52,17.2,49.9,0,962.5,198,0.8,3.2,0,0,0,0,0,0,0,392,88,15,97
WAE,2002,6,16,1,20.4,72,17.3,15.2,11.38,17.1,49.4,0,962.7,255,1.2,3,0,0,0,0,0,0,0,392,88,15,97
WAE,2002,6,16,2,19.8,73.1,16.9,14.8,11.11,16.6,48.1,0,962.9,191,1.5,2.4,0,0,0,0,0,0,0,398,100,15,97
WAE,2002,6,16,3,20.1,69.6,16.3,14.4,10.71,16.5,47.4,0,963.2,166,0.5,2.3,12,0,12,7,7,6,6,399,100,15,97
WAE,2002,6,16,4,20,75.5,17.6,15.5,11.57,17.1,49.5,0,963.5,163,1,2.8,78,99,61,78,127,31,32,399,100,15,97
WAE,2002,6,16,5,20.6,77.7,18.8,16.6,12.37,18,52.1,0,963.8,153,0.7,2.4,210,260,127,154,329,62,63,393,88,15,97
WAE,2002,6,16,6,21.7,67.4,17.4,15.4,11.43,17.6,50.9,0,964.2,84,1,2.8,341,298,196,164,405,93,94,394,88,15,97
WAE,2002,6,16,7,22,64.3,17,15,11.16,17.5,50.5,0,964.4,85,1.2,2.5,414,205,285,146,351,208,141,404,100,15,97
WAE,2002,6,16,8,23.1,62.1,17.6,15.5,11.56,18.2,52.6,0,964.5,66,1.1,2.8,588,374,305,147,467,324,143,401,88,15,97
WAE,2002,6,16,9,25.1,52.9,16.8,14.8,11.02,18.4,53.3,0,964.8,42,1.2,2.8,671,380,350,168,438,397,163,397,75,15,97
WAE,2002,6,16,10,26.3,46.1,15.8,13.8,10.35,18.3,52.8,0,965.5,308,2,6,408,81,337,181,229,229,173,414,100,15,97
WAE,2002,6,16,11,23.6,59,17,15.1,11.15,18.1,52.1,0.5,965.5,264,3.2,8.9,287,16,272,152,150,153,151,418,100,15,97
WAE,2002,6,16,12,24.1,62,18.6,16.4,12.23,19,55.4,0,964.3,177,2.1,5.2,525,170,377,197,196,301,300,420,100,15,97
WAE,2002,6,16,13,23.9,67,19.9,17.4,13.11,19.5,57.4,0,964,85,2.2,6.5,682,470,300,141,141,394,490,401,68,15,97
WAE,2002,6,16,14,25.7,55.2,18.1,16,11.91,19.3,56.2,0,963.6,90,1.2,3.5,599,506,241,114,113,305,558,385,40,15,97
WAE,2002,6,16,15,26.6,51.4,18,15.8,11.84,19.5,57,0,963.4,32,0.9,2.4,446,397,218,139,105,155,499,390,50,15,97
WAE,2002,6,16,16,27,52.2,18.6,16.4,12.25,19.9,58.4,0,963.2,31,0.6,2,344,528,123,184,60,60,587,367,13,15,97
WAE,2002,6,16,17,27,56.8,20.3,17.7,13.39,20.7,61.3,0,963.3,90,1.1,2.6,195,442,78,199,39,38,472,359,0,15,97
WAE,2002,6,16,18,26.1,62.7,21.1,18.4,13.93,20.8,61.8,0,963.5,159,0.9,2.4,56,145,38,90,20,19,153,357,0,15,97
WAE,2002,6,16,19,23.7,71.3,20.9,18.2,13.79,20,58.9,0,963.8,176,1.5,2.5,0,0,0,0,0,0,0,355,0,15,97
WAE,2002,6,16,20,22.5,73.3,19.9,17.5,13.11,19.2,56,0,964.3,180,0.9,2.7,0,0,0,0,0,0,0,352,0,15,97
WAE,2002,6,16,21,21.8,73.5,19.1,16.9,12.57,18.6,53.9,0,964.2,160,1.2,3.7,0,0,0,0,0,0,0,361,20,15,97
WAE,2002,6,16,22,21,74.3,18.4,16.3,12.1,17.9,51.8,0,964.5,170,1.2,3.5,0,0,0,0,0,0,0,347,0,15,97
WAE,2002,6,16,23,20.2,76.9,18.2,16,11.96,17.5,50.7,0,964.6,173,1.8,6.2,0,0,0,0,0,0,0,344,0,15,97
WAE,2002,6,17,0,20.1,74.3,17.5,15.4,11.5,17.1,49.4,0,964.2,146,1.2,4.4,0,0,0,0,0,0,0,342,0,16,97
WAE,2002,6,17,1,18.7,80.6,17.4,15.3,11.44,16.5,47.8,0,963.8,233,0.9,2.6,0,0,0,0,0,0,0,341,0,16,97
WAE,2002,6,17,2,18.4,80.3,17,14.9,11.17,16.2,46.8,0,964,180,1.4,2.8,0,0,0,0,0,0,0,348,13,16,97
WAE,2002,6,17,3,17.7,82.9,16.7,14.8,10.96,15.9,45.6,0,964.4,202,0.5,2.3,14,2,13,9,9,7,7,370,50,16,97
WAE,2002,6,17,4,18.5,80.9,17.2,15.2,11.29,16.4,47.2,0,964.7,214,0.3,1.8,103,263,59,150,279,29,29,380,68,16,97
WAE,2002,6,17,5,20.1,77.6,18.2,16.1,11.96,17.5,50.6,0,965,225,0.5,2.3,242,408,110,188,466,53,54,370,50,16,97
WAE,2002,6,17,6,20.9,75.5,18.6,16.4,12.22,18,52.1,0,965.2,67,1.4,2.6,391,472,163,173,555,78,78,364,40,16,97
WAE,2002,6,17,7,22.3,63,16.9,14.9,11.08,17.5,50.6,0,965.3,72,1.9,3.3,566,627,167,86,649,235,86,349,13,16,97
WAE,2002,6,17,8,23.6,58.2,17,14.9,11.15,18,52.1,0,965.3,69,1.7,3.3,740,809,131,81,666,357,83,342,0,16,97
WAE,2002,6,17,9,25.7,52.5,17.3,15.3,11.35,18.9,54.8,0,965.3,59,1.2,3,807,715,200,110,509,458,111,361,25,16,97
WAE,2002,6,17,10,26.5,49.3,17.1,15,11.22,19,55.3,0,965.1,63,1.4,2.8,915,863,139,93,360,532,97,352,0,16,97
WAE,2002,6,17,11,28,45.6,17.2,15.2,11.29,19.6,57,0,964.7,51,1.5,3,929,861,143,95,154,548,194,365,0,16,97
WAE,2002,6,17,12,29.4,37.5,15.4,13.4,10.1,19.1,55.4,0,964.2,67,1.5,3.5,824,651,250,125,125,495,444,389,25,16,97
WAE,2002,6,17,13,30.5,32.4,14.1,12.1,9.23,18.8,54.3,0,963.9,72,1.6,2.8,802,803,150,90,90,427,592,370,0,16,97
WAE,2002,6,17,14,31.3,26.4,12.1,9.7,7.91,17.9,51.7,0,963.6,61,1.1,2.5,691,798,125,76,77,307,702,367,0,16,97
WAE,2002,6,17,15,32,23.1,11,8.4,7.18,17.5,50.6,0,963.3,72,0.7,2,507,599,158,118,81,147,641,371,13,16,97
WAE,2002,6,17,16,32.2,24.4,11.8,9.3,7.72,18,52.2,0,963.1,101,0.5,2.2,329,426,149,180,73,71,506,387,40,16,97
WAE,2002,6,17,17,31,33.9,15.2,13.3,9.97,19.5,56.7,0,963.1,0,0.1,1.1,200,459,79,207,39,39,489,357,0,16,97
WAE,2002,6,17,18,28.4,46.6,18,15.9,11.85,20.1,58.8,0,963.2,198,0.4,1.9,66,176,44,110,23,22,185,363,13,16,97
WAE,2002,6,17,19,26.2,46.6,15.8,13.9,10.37,18.3,52.8,0,963.3,185,1.1,2.6,0,0,0,0,0,0,0,350,0,16,97
WAE,2002,6,17,20,24.2,49.4,14.9,12.9,9.77,17.1,49.2,0,963.6,167,1.4,3,0,0,0,0,0,0,0,355,13,16,97
WAE,2002,6,17,21,23.7,50,14.6,12.7,9.57,16.8,48.2,0,963.6,146,1.9,5,0,0,0,0,0,0,0,343,0,16,97
WAE,2002,6,17,22,22.4,53.2,14.4,12.4,9.44,16.2,46.5,0,963.6,143,1.6,5.1,0,0,0,0,0,0,0,339,0,16,97
WAE,2002,6,17,23,20.8,59.5,14.6,12.6,9.57,15.7,45.2,0,963.6,149,0.6,3.3,0,0,0,0,0,0,0,335,0,16,97
WAE,2002,6,18,0,20.5,58.2,14,12,9.17,15.3,43.9,0,963.5,149,0.7,3.2,0,0,0,0,0,0,0,333,0,15,97
WAE,2002,6,18,1,19.4,60.9,13.8,11.7,9.04,14.8,42.4,0,963.4,270,0.4,1.3,0,0,0,0,0,0,0,333,0,15,97
WAE,2002,6,18,2,18.5,65.5,13.9,11.9,9.11,14.5,41.7,0,963.4,243,0.2,1.6,0,0,0,0,0,0,0,334,0,15,97
WAE,2002,6,18,3,19.3,62.9,14.1,12.1,9.23,14.9,42.8,0,964,246,2,4.9,15,13,14,15,19,7,7,354,30,15,97
WAE,2002,6,18,4,20.3,61.8,14.7,12.7,9.63,15.6,44.9,0,964.4,231,1.9,4.2,112,328,57,176,339,27,28,343,13,15,97
WAE,2002,6,18,5,20.7,69.7,16.9,15,11.09,17.1,49,0,964.4,81,0.6,2.1,268,575,81,214,606,41,41,335,0,15,97
WAE,2002,6,18,6,21.9,68.9,18.1,15.9,11.9,18,52.3,0,964.3,78,1.4,3.1,432,666,110,160,698,58,58,336,0,15,97
WAE,2002,6,18,7,22.8,61.8,17.1,15.1,11.23,17.8,51.5,0,964.1,76,1.7,3,605,786,110,65,741,214,67,347,13,15,97
WAE,2002,6,18,8,24.4,55.2,16.8,14.8,11.04,18.2,52.6,0,963.7,66,1.2,2.4,702,687,189,98,626,350,98,364,33,15,97
WAE,2002,6,18,9,26.8,42.6,15,13,9.84,18,52.1,0,963.4,45,1.2,2.5,853,853,132,85,535,462,87,343,0,15,97
WAE,2002,6,18,10,28.3,39.4,15.2,13.2,9.98,18.6,53.9,0,963,48,1.2,2.9,918,867,137,90,355,529,93,351,0,15,97
WAE,2002,6,18,11,30.1,40.1,17.2,15.1,11.32,20.2,59.2,0,962.6,27,0.9,2.2,928,854,149,93,152,545,193,363,0,15,97
WAE,2002,6,18,12,30.8,39.6,17.5,15.5,11.52,20.6,60.5,0,962.1,31,1.1,2.4,898,861,137,88,89,509,430,372,0,15,97
WAE,2002,6,18,13,32.1,36,17.7,15.2,11.66,20.8,62.1,0,962,28,0.9,1.7,811,825,138,84,84,426,588,371,0,15,97
WAE,2002,6,18,14,32.7,34.8,17.8,15.2,11.72,21,62.9,0,962.2,40,0.9,2.5,687,787,128,75,75,305,693,370,0,15,97
WAE,2002,6,18,15,32.5,37.5,17.9,16.1,11.79,21.4,62.9,0,962.3,55,1,3,536,734,113,96,63,129,730,368,0,15,97
WAE,2002,6,18,16,31.5,40.5,18,16.5,11.85,21.3,62,0,962.5,65,1,2.5,322,396,151,170,74,71,475,404,58,15,97
WAE,2002,6,18,17,30.5,43.5,18.2,16.7,11.99,21.1,61.3,0,962.6,75,1.5,3.5,161,210,104,134,53,51,263,431,100,15,97
WAE,2002,6,18,18,29.5,46.5,18.3,16.8,12.05,20.9,60.5,0,962.8,85,2,4,60,122,45,84,24,22,136,413,75,15,97
WAE,2002,6,18,19,28.5,49.5,18.4,16.9,12.12,20.7,59.6,0,962.9,95,2,4.5,0,0,0,0,0,0,0,425,100,15,97
WAE,2002,6,18,20,27.5,52.5,18.6,16.9,12.25,20.4,58.9,0,963.1,105,2.5,5,0,0,0,0,0,0,0,421,100,15,97
WAE,2002,6,18,21,26.5,55.5,18.7,16.9,12.31,20.1,58.1,0,963.3,115,3,5.5,0,0,0,0,0,0,0,417,100,15,97
WAE,2002,6,18,22,25.5,58.5,18.8,16.8,12.38,19.7,57.2,0,963.5,125,3,6,0,0,0,0,0,0,0,413,100,15,97
WAE,2002,6,18,23,24.5,61.5,19,16.6,12.51,19.3,56.5,0,963.6,135,3.5,7,0,0,0,0,0,0,0,384,58,15,97
WAE,2002,6,19,0,23.5,65.5,19.2,16.7,12.64,19,55.8,0,963.8,150,4,7.5,0,0,0,0,0,0,0,350,0,17,97
WAE,2002,6,19,1,21.7,74.3,19.3,16.9,12.71,18.5,54.1,0,963.9,180,2.4,4.8,0,0,0,0,0,0,0,350,0,17,97
WAE,2002,6,19,2,21.6,74.5,19.2,16.9,12.64,18.5,53.8,0,963.8,163,1.7,4.9,0,0,0,0,0,0,0,369,33,17,97
WAE,2002,6,19,3,20.5,79.8,19.3,16.9,12.71,18.1,52.9,0,963.9,135,0.3,2.1,15,0,15,9,9,8,8,374,40,17,97
WAE,2002,6,19,4,20.9,77.7,19.2,16.9,12.64,18.3,53.1,0,964.2,315,0.3,2.4,105,276,59,157,293,30,30,366,25,17,97
WAE,2002,6,19,5,22.7,73.9,20.3,17.8,13.38,19.4,56.8,0,964.2,236,0.5,2.2,255,495,92,200,538,48,48,359,13,17,97
WAE,2002,6,19,6,23.2,75.2,21.4,18.6,14.12,20.1,59.2,0,964.3,34,0.7,2,427,661,108,163,697,62,62,353,0,17,97
WAE,2002,6,19,7,24.1,70,21,18.3,13.85,20.2,59.5,0,964.4,45,1,2.2,589,739,124,75,719,223,76,355,0,17,97
WAE,2002,6,19,8,25.6,62.3,20.4,17.9,13.45,20.4,60,0,964,36,0.9,2,725,772,144,88,655,360,91,358,0,17,97
WAE,2002,6,19,9,27.1,53.3,19.1,16.8,12.58,20.2,59.3,0,963.7,36,0.9,2.5,837,820,144,95,537,466,98,360,0,17,97
WAE,2002,6,19,10,28.5,49.4,19.1,16.9,12.58,20.7,60.8,0,963.5,29,1,2.8,899,831,152,101,367,532,105,362,0,17,97
WAE,2002,6,19,11,29.6,45,18.7,16.4,12.32,20.7,61.3,0,963.1,29,1.2,3.3,918,844,147,102,161,548,200,366,0,17,97
WAE,2002,6,19,12,31,42.2,18.9,16.7,12.46,21.3,63.1,0,962.7,14,1.3,4.1,880,825,151,100,100,513,437,372,0,17,97
WAE,2002,6,19,13,31.5,39.7,18.3,16.1,12.06,21.1,62.6,0,962.2,354,1.3,4.1,712,539,273,135,135,415,525,385,25,17,97
WAE,2002,6,19,14,31.5,38.8,17.9,15.8,11.8,20.9,61.9,0,961.6,14,0.9,3.5,677,769,132,82,83,308,690,370,0,17,97
WAE,2002,6,19,15,31.6,38.1,17.7,15.6,11.67,20.9,61.7,0,961.3,25,1.5,2.9,495,572,159,120,86,150,618,383,20,17,97
WAE,2002,6,19,16,31.7,40.7,19,16.7,12.55,21.5,64,0,961,346,1.3,3.8,220,190,132,113,70,67,263,415,75,17,97
WAE,2002,6,19,17,26.4,60.6,20.3,18.2,13.4,20.8,60.7,0,962.4,86,4.3,17.8,99,56,82,66,45,43,101,421,88,17,97
WAE,2002,6,19,18,22.7,70.8,19.5,17.1,12.86,19,55.5,0,962.5,102,2.4,8.8,21,4,20,13,11,11,14,426,100,17,97
WAE,2002,6,19,19,22.4,74.1,20,17.6,13.19,19.2,56.1,0,963,153,2,6.8,0,0,0,0,0,0,0,409,75,17,97
WAE,2002,6,19,20,22.4,73.4,19.8,17.4,13.05,19.1,55.7,0,963.5,153,1.1,4,0,0,0,0,0,0,0,400,63,17,97
WAE,2002,6,19,21,21.8,75.3,19.6,17.2,12.93,18.7,54.8,0,962.8,188,0.7,2.3,0,0,0,0,0,0,0,387,43,17,97
WAE,2002,6,19,22,21,76.5,19,16.7,12.54,18.2,53,0,961.7,143,1.1,2.7,0,0,0,0,0,0,0,363,0,17,97
WAE,2002,6,19,23,20.1,81.1,19,16.8,12.54,17.9,52,0,961.5,191,0.5,2.2,0,0,0,0,0,0,0,361,0,17,97
WAE,2002,6,20,0,19.6,81.4,18.5,16.3,12.2,17.5,50.7,0,961.4,219,1.5,3.2,0,0,0,0,0,0,0,381,50,17,97
WAE,2002,6,20,1,19.2,84,18.7,16.4,12.33,17.4,50.6,0,962.3,239,0.8,2.5,0,0,0,0,0,0,0,404,100,17,97
WAE,2002,6,20,2,19.9,81.3,18.9,16.6,12.46,17.7,51.6,0,962.5,241,1.3,3.3,0,0,0,0,0,0,0,405,100,17,97
WAE,2002,6,20,3,20.5,77.8,18.7,16.5,12.3,17.9,51.8,0,964.4,285,1.6,5.9,1,0,1,1,1,0,1,406,100,17,97
WAE,2002,6,20,4,21.2,75.4,19,16.7,12.5,18.2,53.1,0,964.7,236,1.1,5.1,43,60,36,50,75,19,19,406,100,17,97
WAE,2002,6,20,5,21.6,79.1,20.3,17.8,13.38,19.1,55.7,0,964,111,1.3,5.1,125,111,85,81,161,44,44,401,88,17,97
WAE,2002,6,20,6,21.7,80.6,20.9,18.2,13.79,19.3,56.9,0,963.6,90,1.9,5.2,375,431,166,171,520,83,84,381,43,17,97
WAE,2002,6,20,7,23.1,72.4,20.5,17.9,13.52,19.6,57.6,0,963.5,77,1.4,3.5,518,482,214,108,565,239,107,374,25,17,97
WAE,2002,6,20,8,24.2,66,20,17.4,13.19,19.6,57.9,0,963.4,54,1.4,2.9,723,781,136,88,658,357,90,363,0,17,97
WAE,2002,6,20,9,26,59.9,20.1,17.6,13.26,20.3,59.9,0,963.1,45,1.6,3.3,840,844,128,94,537,464,97,363,0,17,97
WAE,2002,6,20,10,27.7,53.2,19.7,17.3,12.99,20.7,61,0,963.3,53,1.5,3.6,905,858,134,100,363,531,104,363,0,17,97
WAE,2002,6,20,11,29.6,43.1,17.8,15.7,11.71,20.3,59.7,0,963.6,297,3.1,8.4,770,458,352,175,250,488,254,401,63,17,97
WAE,2002,6,20,12,29.4,39.4,16.1,14.2,10.57,19.5,56.6,0,963.5,276,3.9,8.3,265,11,255,146,145,144,145,426,100,17,97
WAE,2002,6,20,13,26.6,52.2,18.1,16,11.9,19.6,57.1,0.1,964.2,210,2.8,9.8,233,10,225,129,128,126,130,417,88,17,97
WAE,2002,6,20,14,25.3,59,19,16.7,12.5,19.6,57.3,0,964.2,145,4.1,8.4,81,0,81,47,46,43,44,423,100,17,97
WAE,2002,6,20,15,24.4,64.5,19.7,17.3,12.97,19.6,57.6,0,964.1,124,1.2,4.9,399,280,242,162,127,146,408,414,88,17,97
WAE,2002,6,20,16,24.5,65,20,17.5,13.18,19.8,58.2,0,964.1,104,1.3,4,230,221,127,116,68,66,291,413,88,17,97
WAE,2002,6,20,17,24,63.1,18.9,16.5,12.44,19,55.8,0,963.9,153,0.6,2.7,14,0,14,8,8,8,8,419,100,17,97
WAE,2002,6,20,18,24.7,60.3,18.8,16.5,12.37,19.3,56.3,0,964.4,360,0.6,2.3,48,40,44,46,25,23,60,410,88,17,97
WAE,2002,6,20,19,23.4,67.9,19.5,17.1,12.82,19.2,56.2,0,965.4,240,1.1,2.2,0,0,0,0,0,0,0,407,88,17,97
WAE,2002,6,20,20,23.2,71.2,20.2,17.7,13.28,19.5,57.1,0,966.2,285,1.2,3.6,0,0,0,0,0,0,0,410,100,17,97
WAE,2002,6,20,21,22.8,73.4,20.3,17.8,13.34,19.4,56.9,0,966.5,194,0.8,2.3,0,0,0,0,0,0,0,407,100,17,97
WAE,2002,6,20,22,22.4,73.7,19.9,17.5,13.08,19.1,55.8,0,966.5,177,2,3.3,0,0,0,0,0,0,0,397,88,17,97
WAE,2002,6,20,23,21.4,76.1,19.4,17,12.74,18.5,53.9,0,966.3,180,1,2.9,0,0,0,0,0,0,0,400,100,17,97
WAE,2002,6,21,0,20.3,78.6,18.7,16.5,12.28,17.8,51.6,0,965.6,149,0.6,2.5,0,0,0,0,0,0,0,397,100,17,97
WAE,2002,6,21,1,19.6,81.4,18.6,16.3,12.22,17.5,50.7,0,965.1,162,0.6,2.4,0,0,0,0,0,0,0,392,88,17,97
WAE,2002,6,21,2,19.2,83.8,18.6,16.4,12.23,17.4,50.3,0,964.7,180,0.2,2.6,0,0,0,0,0,0,0,399,100,17,97
WAE,2002,6,21,3,19.4,81.6,18.3,16.2,12.02,17.3,50,0,965.1,193,1,2.8,1,0,1,1,1,1,1,387,75,17,97
WAE,2002,6,21,4,19.8,80.4,18.6,16.3,12.22,17.5,50.9,0,965.4,90,0.3,2.1,47,108,34,72,118,17,18,388,75,17,97
WAE,2002,6,21,5,20.8,81.2,20,17.5,13.16,18.6,54.3,0,965,278,1.2,3.3,149,180,98,119,233,51,52,402,100,17,97
WAE,2002,6,21,6,21.2,79.8,20.1,17.6,13.23,18.8,54.9,0,965.1,194,0.8,2.3,295,243,169,133,334,87,89,397,88,17,97
WAE,2002,6,21,7,21.6,79,20.3,17.8,13.37,19.1,55.7,0.2,964.7,45,0.6,2.7,560,632,160,88,652,232,89,362,13,17,97
WAE,2002,6,21,8,22.5,74.5,20.3,17.7,13.37,19.3,56.6,0,964.4,45,1.4,3.8,690,666,192,106,623,355,107,364,13,17,97
WAE,2002,6,21,9,24,66.9,20,17.5,13.17,19.6,57.7,0,964.6,30,1.6,3.6,719,485,310,154,481,435,152,388,50,17,97
WAE,2002,6,21,10,25.5,64.2,21,18.2,13.84,20.5,60.9,0,964.5,21,1.7,3.1,780,508,323,160,393,490,159,398,63,17,97
WAE,2002,6,21,11,27.3,59.7,21.6,18.8,14.25,21.4,63.8,0,964.1,24,1.7,4.2,800,522,323,160,234,508,256,397,55,17,97
WAE,2002,6,21,12,28.1,53.4,20.3,17.7,13.38,21,62.4,0,964,360,1.8,7.5,733,432,350,174,174,456,414,414,80,17,97
WAE,2002,6,21,13,29.3,44.2,18.1,15.9,11.9,20.3,59.9,0,963.9,288,3.3,8.2,167,0,167,96,95,90,92,425,100,17,97
WAE,2002,6,21,14,27.6,51.4,18.9,16.7,12.44,20.3,59.5,0,964.2,223,2.7,8.3,311,185,185,97,96,163,270,417,88,17,97
WAE,2002,6,21,15,24.8,65.8,20.4,18,13.44,20.2,59.2,0,964.4,104,2.2,8.1,221,94,163,88,88,113,181,422,100,17,97
WAE,2002,6,21,16,23.2,74.5,21.2,18.4,13.96,19.9,58.9,0.1,965.6,211,1.1,4.5,30,0,30,17,17,16,16,421,100,17,97
WAE,2002,6,21,17,22.2,84.6,22.6,19.5,14.91,20.3,60.2,3.6,965.7,242,1.7,5.7,175,295,98,165,51,49,344,403,68,17,97
WAE,2002,6,21,18,21.9,84.2,22.2,19.1,14.63,20,59.2,0,966,212,2.5,4.7,53,114,38,76,21,20,126,405,75,17,97
WAE,2002,6,21,19,21.5,89,22.8,19.6,15.03,20.2,59.8,0,966.5,135,1.1,2.8,0,0,0,0,0,0,0,395,60,17,97
WAE,2002,6,21,20,21.3,89.9,22.7,19.6,14.96,20.1,59.4,0,966.8,139,1,3.4,0,0,0,0,0,0,0,393,60,17,97
WAE,2002,6,21,21,20.7,91.7,22.4,19.3,14.76,19.7,58.3,0,966.6,135,0.8,2.3,0,0,0,0,0,0,0,381,40,17,97
WAE,2002,6,21,22,19.8,94.6,21.8,18.9,14.35,19.2,56.3,0,966.5,120,0.8,2.7,0,0,0,0,0,0,0,360,0,17,97
WAE,2002,6,21,23,19.5,92.6,21,18.3,13.82,18.7,54.7,0,966.2,145,1.2,3.1,0,0,0,0,0,0,0,359,0,17,97
WAE,2002,6,22,0,19,92.7,20.3,17.8,13.35,18.2,53,0,965.8,148,1,2.6,0,0,0,0,0,0,0,357,0,16,97
WAE,2002,6,22,1,18.1,94.2,19.6,17.2,12.88,17.5,50.9,0,965.9,180,0.5,2.1,0,0,0,0,0,0,0,358,0,16,97
WAE,2002,6,22,2,18.2,94.3,19.7,17.3,12.94,17.6,51.1,0,966.3,0,0,1.6,0,0,0,0,0,0,0,358,0,16,97
WAE,2002,6,22,3,18,94.7,19.5,17.1,12.81,17.4,50.5,0,966.7,214,0.4,2.3,16,0,16,9,9,8,8,363,13,16,97
WAE,2002,6,22,4,18.5,91.9,19.5,17.2,12.8,17.6,51.1,0,966.8,190,1.1,2.3,101,265,56,149,280,28,28,358,0,16,97
WAE,2002,6,22,5,19.8,87.8,20.2,17.7,13.27,18.4,53.6,0,967,90,0.4,2.3,239,422,104,191,475,52,52,364,13,16,97
WAE,2002,6,22,6,20.2,86.6,20.5,17.9,13.47,18.7,54.5,0,967.2,81,1.9,3.6,421,655,106,159,687,60,59,358,0,16,97
WAE,2002,6,22,7,20.9,82.9,20.5,17.9,13.47,18.9,55.2,0,967.1,73,2.1,3.7,583,738,120,71,713,215,73,360,0,16,97
WAE,2002,6,22,8,22.4,75.9,20.5,17.9,13.47,19.4,56.8,0,966.8,75,2,3.4,724,788,131,83,654,351,85,361,0,16,97
WAE,2002,6,22,9,23.9,68.8,20.3,17.8,13.34,19.8,58,0,966.7,67,1.5,2.9,835,831,134,90,533,458,93,363,0,16,97
WAE,2002,6,22,10,25.2,64.2,20.6,18,13.55,20.3,59.9,0,966.4,58,1.5,3.5,896,831,148,97,363,525,100,364,0,16,97
WAE,2002,6,22,11,26.9,60,21.2,18.5,13.96,21.1,62.7,0,965.9,20,1.5,3.8,907,817,160,101,166,542,198,365,0,16,97
WAE,2002,6,22,12,28.1,53.5,20.4,17.8,13.43,21.1,62.6,0,965.3,21,1.7,4,891,865,126,92,92,507,423,367,0,16,97
WAE,2002,6,22,13,28.7,50.5,20,17.4,13.16,21,62.5,0,965.1,37,2.1,3.7,808,836,125,86,87,425,588,368,0,16,97
WAE,2002,6,22,14,29.1,48.4,19.5,17.1,12.83,21,62.1,0,964.8,25,1.7,4.1,682,781,126,79,79,306,688,369,0,16,97
WAE,2002,6,22,15,29.7,46.7,19.5,17.1,12.84,21.1,62.7,0,964.4,282,1.9,4.5,530,712,117,101,68,167,715,370,0,16,97
WAE,2002,6,22,16,29.8,45.9,19.2,16.9,12.64,21.1,62.3,0,964.1,284,1.7,4,350,536,118,177,61,61,591,385,25,16,97
WAE,2002,6,22,17,29,50.1,20.1,17.6,13.25,21.2,63,0,963.9,342,1,2.8,145,146,107,115,58,55,202,411,68,16,97
WAE,2002,6,22,18,28.3,54.5,21,18.3,13.85,21.4,63.8,0,963.8,97,0.8,2,68,162,46,104,25,24,174,390,33,16,97
WAE,2002,6,22,19,26.2,64.6,21.9,19,14.46,21.2,63.2,0,963.8,186,1.1,2.3,0,0,0,0,0,0,0,370,0,16,97
WAE,2002,6,22,20,25.1,68.8,21.9,19,14.46,20.9,62.1,0,964,211,1.3,2.5,0,0,0,0,0,0,0,368,0,16,97
WAE,2002,6,22,21,24,73,21.8,18.9,14.39,20.5,60.8,0,964.1,236,1.5,2.6,0,0,0,0,0,0,0,365,0,16,97
WAE,2002,6,22,22,23.6,75.1,21.8,18.9,14.39,20.4,60.4,0,964.1,252,1,2.6,0,0,0,0,0,0,0,363,0,16,97
WAE,2002,6,22,23,23,77.2,21.7,18.8,14.33,20.1,59.6,0,963.9,231,1.3,2.9,0,0,0,0,0,0,0,361,0,16,97
WAE,2002,6,23,0,21.8,82.9,21.6,18.8,14.26,19.8,58.2,0,963.9,202,0.7,2.3,0,0,0,0,0,0,0,359,0,15,97
WAE,2002,6,23,1,21.1,86.1,21.5,18.7,14.19,19.5,57.3,0,963.6,180,0.7,2.1,0,0,0,0,0,0,0,359,0,15,97
WAE,2002,6,23,2,20.8,85.6,20.9,18.3,13.79,19.1,55.9,0,963.8,180,1,2.8,0,0,0,0,0,0,0,359,0,15,97
WAE,2002,6,23,3,21.2,84,21,18.4,13.85,19.3,56.5,0,964.1,200,1.7,3.2,16,0,16,9,9,8,8,365,13,15,97
WAE,2002,6,23,4,21.5,82.4,21.1,18.4,13.91,19.4,57,0,964.3,219,2.3,3.5,103,287,55,157,299,27,27,359,0,15,97
WAE,2002,6,23,5,22.2,84,22.4,19.4,14.79,20.3,59.9,0,964.4,99,1.4,4.2,257,528,86,206,564,43,43,359,0,15,97
WAE,2002,6,23,6,22.9,79.2,22.1,19.1,14.58,20.3,60.1,0,964.9,90,1,3,424,662,106,159,692,57,57,359,0,15,97
WAE,2002,6,23,7,24.5,70.7,21.7,18.8,14.31,20.6,61.1,0,964.9,61,1.3,2.9,587,744,120,68,716,213,70,360,0,15,97
WAE,2002,6,23,8,25.5,67.3,22,19,14.52,21,62.6,0,964.5,60,1.7,4.1,730,799,130,78,657,348,80,361,0,15,97
WAE,2002,6,23,9,27.1,63.7,22.8,19.6,15.06,21.9,65.7,0,964.3,72,2.5,5,841,840,133,85,533,456,88,362,0,15,97
WAE,2002,6,23,10,28.1,57.4,21.8,18.9,14.39,21.7,65,0,963.9,60,1.7,3.8,908,859,135,90,356,522,93,363,0,15,97
WAE,2002,6,23,11,29.7,51.7,21.5,18.7,14.2,22.1,66.2,0,963.1,19,1.8,4.8,924,860,139,92,153,540,185,364,0,15,97
WAE,2002,6,23,12,30.8,45.2,20,17.6,13.2,21.7,64.7,0,962.5,21,2,4.7,894,862,131,88,89,506,422,368,0,15,97
WAE,2002,6,23,13,31.1,42.5,19.1,16.9,12.6,21.4,63.5,0,961.7,27,1.4,3.1,804,811,142,85,86,425,581,366,0,15,97
WAE,2002,6,23,14,31.8,39.4,18.5,16.3,12.21,21.3,63.2,0,961,25,1.6,3.6,677,752,141,79,79,308,676,366,0,15,97
WAE,2002,6,23,15,31.9,39.6,18.7,16.5,12.35,21.4,63.7,0,960.3,22,1.1,2.7,532,710,120,65,65,166,713,367,0,15,97
WAE,2002,6,23,16,31.4,39.5,18.1,16,11.96,21,62.2,0,959.8,21,0.8,1.9,362,593,107,180,55,55,638,368,0,15,97
WAE,2002,6,23,17,31.3,41.8,19.1,16.8,12.63,21.4,63.8,0,959.8,308,1.9,3.8,203,455,82,207,40,39,487,369,0,15,97
WAE,2002,6,23,18,29.4,48.7,19.9,17.5,13.17,21.3,63.2,0,959.7,304,1.5,3.3,69,166,47,106,25,23,178,403,58,15,97
WAE,2002,6,23,19,27.9,54.3,20.4,17.8,13.5,21,62.5,0,960,288,2.4,6.6,0,0,0,0,0,0,0,426,100,15,97
WAE,2002,6,23,20,26.5,61.3,21.2,18.4,14.04,21,62.5,0,960.3,291,3.7,7.7,0,0,0,0,0,0,0,423,100,15,97
WAE,2002,6,23,21,25.3,64.8,20.9,18.2,13.84,20.5,60.7,0,960.3,278,2.9,6.7,0,0,0,0,0,0,0,421,100,15,97
WAE,2002,6,23,22,24.2,67.2,20.3,17.7,13.43,19.8,58.5,0,960.7,291,4.3,8.3,0,0,0,0,0,0,0,418,100,15,97
WAE,2002,6,23,23,22.9,72.1,20.1,17.6,13.28,19.4,56.8,0,961.5,295,4.5,9.4,0,0,0,0,0,0,0,416,100,15,97
WAE,2002,6,24,0,22.5,70.3,19.1,16.8,12.61,18.7,54.7,0,961.2,337,1.6,7,0,0,0,0,0,0,0,409,88,15,97
WAE,2002,6,24,1,22.4,70.1,19,16.7,12.54,18.6,54.4,0,961.6,290,1.3,4,0,0,0,0,0,0,0,407,88,15,97
WAE,2002,6,24,2,21.8,72.7,19,16.7,12.52,18.4,53.7,0,963,304,4.2,16.6,0,0,0,0,0,0,0,410,100,15,97
WAE,2002,6,24,3,19.7,83.9,19.1,16.9,12.56,17.9,51.7,12.5,964.6,282,2.8,7.6,1,0,1,0,0,0,0,408,100,15,97
WAE,2002,6,24,4,18.3,93.8,19.7,17.3,12.97,17.6,51.3,1.2,964.1,152,2,5.4,9,0,9,5,5,5,5,406,100,15,97
WAE,2002,6,24,5,18.4,95.3,20.1,17.6,13.23,17.9,52,10.8,965.1,153,1.2,3,48,0,48,27,27,25,26,405,100,15,97
WAE,2002,6,24,6,18.1,94.4,19.6,17.2,12.89,17.5,50.9,3,965.3,141,1.4,4.3,50,0,50,28,28,27,27,403,100,15,97
WAE,2002,6,24,7,18.5,93.4,19.9,17.4,13.09,17.8,51.8,2.1,965.6,139,1.1,3.9,64,0,64,36,36,34,34,404,100,15,97
WAE,2002,6,24,8,19.1,90.1,20,17.4,13.17,18,52.6,0.1,964.5,117,0.5,2.3,139,0,139,78,78,73,75,405,100,15,97
WAE,2002,6,24,9,20.3,83.7,19.9,17.5,13.1,18.4,53.7,0,964.9,349,0.8,3.2,296,31,271,150,173,159,143,405,100,15,97
WAE,2002,6,24,10,21.2,75.3,18.9,16.7,12.42,18.2,52.9,0,965.2,349,0.7,2.7,405,101,313,166,216,233,159,406,100,15,97
WAE,2002,6,24,11,22.7,69.6,19.2,16.9,12.62,18.9,54.9,0,965.7,264,1.6,5,560,130,441,235,255,321,260,407,100,15,97
WAE,2002,6,24,12,22.6,71.2,19.6,17.1,12.88,18.9,55.5,0,965.8,328,1.8,6.6,268,6,263,148,147,142,144,407,100,15,97
WAE,2002,6,24,13,20.3,76.2,18.2,16,11.94,17.5,50.7,0,966.3,8,2.9,8.4,239,3,236,133,132,126,129,405,100,15,97
WAE,2002,6,24,14,20.1,76.5,18,15.8,11.8,17.3,50.2,0.8,966.8,354,1.9,6.4,85,0,85,48,48,45,46,404,100,15,97
WAE,2002,6,24,15,19.4,78,17.5,15.5,11.46,16.9,48.6,0.1,967,336,1.8,5,60,0,60,34,33,31,32,402,100,15,97
WAE,2002,6,24,16,19.2,77.7,17.3,15.2,11.33,16.6,48,0,967.4,9,1.9,5,52,0,52,30,29,28,28,401,100,15,97
WAE,2002,6,24,17,18.9,78.6,17.2,15.1,11.26,16.5,47.5,0,967.7,7,0.8,3.4,116,52,102,76,56,53,106,400,100,15,97
WAE,2002,6,24,18,18.4,86.3,18.2,16.1,11.92,16.9,48.7,0.6,968,239,0.8,2.6,33,37,28,33,15,14,49,398,100,15,97
WAE,2002,6,24,19,17.8,93.4,19,16.7,12.45,17.1,49.4,0.6,968.6,135,1.2,3.9,0,0,0,0,0,0,0,396,100,15,97
WAE,2002,6,24,20,17.7,94.8,19.2,16.9,12.58,17.2,49.7,0,968.5,101,0.6,3.3,0,0,0,0,0,0,0,393,100,15,97
WAE,2002,6,24,21,17.7,94.1,19,16.7,12.45,17.1,49.3,0,968.6,202,0.7,1.7,0,0,0,0,0,0,0,391,100,15,97
WAE,2002,6,24,22,17.6,94.3,18.9,16.7,12.38,17,49.1,0,968.3,243,0.7,1.7,0,0,0,0,0,0,0,389,100,15,97
WAE,2002,6,24,23,17.4,90.9,18.1,15.9,11.85,16.4,47.5,0,968.4,360,0.7,3.5,0,0,0,0,0,0,0,387,100,15,97
WAE,2002,6,25,0,17.1,91.4,17.8,15.7,11.65,16.2,46.7,0,968,256,0.9,2.7,0,0,0,0,0,0,0,385,100,15,97
WAE,2002,6,25,1,16.9,92.6,17.8,15.7,11.66,16.1,46.5,0,967.4,207,0.8,2.2,0,0,0,0,0,0,0,384,100,15,97
WAE,2002,6,25,2,17.1,84.8,16.5,14.5,10.79,15.5,44.5,0,967.4,45,1.4,3.9,0,0,0,0,0,0,0,383,100,15,97
WAE,2002,6,25,3,17.1,86,16.8,14.7,10.99,15.6,45,0,967.6,30,0.9,4.3,3,0,3,1,1,1,1,375,88,15,97
WAE,2002,6,25,4,17.2,86.6,17,14.9,11.12,15.8,45.5,0,967.6,59,0.7,3.8,77,100,59,76,127,30,30,382,100,15,97
WAE,2002,6,25,5,17.6,83.9,16.8,14.8,10.99,15.8,45.5,0,967.7,39,1.4,3,173,132,134,120,206,67,68,373,88,15,97
WAE,2002,6,25,6,17.6,83.1,16.7,14.7,10.92,15.8,45.4,0,967.9,356,1.9,4.4,256,102,209,139,219,106,108,381,100,15,97
WAE,2002,6,25,7,17.8,80.7,16.5,14.4,10.78,15.7,45.2,0,968.1,309,1.4,4.3,302,45,273,151,195,155,144,384,100,15,97
WAE,2002,6,25,8,18.8,71.3,15.5,13.5,10.12,15.5,44.6,0,968.1,31,2.7,6.3,466,196,315,163,329,257,156,378,88,15,97
WAE,2002,6,25,9,20.5,59,14.2,12.2,9.26,15.4,44.1,0,968.1,41,3.1,7.6,622,278,388,193,403,361,187,372,75,15,97
WAE,2002,6,25,10,20.6,55.7,13.5,11.4,8.8,15,43,0,968.2,72,1.3,3.8,744,418,369,175,389,455,171,374,75,15,97
WAE,2002,6,25,11,21.2,53,13.3,11.2,8.67,15.2,43.3,0,968,22,1.2,4.4,626,252,395,202,274,372,207,385,88,15,97
WAE,2002,6,25,12,21,54.8,13.6,11.6,8.86,15.3,43.6,0,967.9,37,2.6,6.6,393,32,365,202,201,211,214,396,100,15,97
WAE,2002,6,25,13,22.1,49.9,13.2,11.2,8.6,15.5,44.1,0,967.6,48,3.6,6.1,557,222,376,191,190,317,363,377,75,15,97
WAE,2002,6,25,14,22.6,52,14.3,12.3,9.33,16.2,46.5,0,967.4,84,2,5.8,461,213,309,159,158,245,351,376,75,15,97
WAE,2002,6,25,15,22.2,53,14.1,12.2,9.2,16,45.7,0,967.3,87,1.8,4.8,387,214,260,133,132,185,346,376,75,15,97
WAE,2002,6,25,16,22.3,53.3,14.3,12.4,9.34,16.2,46.2,0,967.1,120,1.6,4.2,288,242,182,157,92,88,342,376,75,15,97
WAE,2002,6,25,17,21.8,52.6,13.8,11.7,9,15.6,44.8,0,967.2,132,1.3,3.5,177,276,103,158,52,50,327,370,68,15,97
WAE,2002,6,25,18,21.3,52.1,13.2,11.1,8.6,15.1,43.3,0,967.4,128,1.1,3.2,58,146,41,94,22,21,155,363,60,15,97
WAE,2002,6,25,19,20.1,57.4,13.5,11.4,8.8,14.9,42.5,0,967.7,138,1.4,3.1,0,0,0,0,0,0,0,353,50,15,97
WAE,2002,6,25,20,18.3,64.6,13.6,11.5,8.87,14.2,40.9,0,967.8,166,1.7,3.1,0,0,0,0,0,0,0,343,40,15,97
WAE,2002,6,25,21,17.2,70.8,13.8,11.9,9,14,40.1,0,967.8,172,1.5,2.6,0,0,0,0,0,0,0,347,50,15,97
WAE,2002,6,25,22,16.5,74.7,14,12,9.13,13.8,39.7,0,967.7,184,1.6,2.6,0,0,0,0,0,0,0,347,55,15,97
WAE,2002,6,25,23,16.3,75.7,14.1,12,9.2,13.7,39.7,0,967.4,177,2,2.9,0,0,0,0,0,0,0,337,45,15,97
WAE,2002,6,26,0,16,76,13.8,11.8,9,13.5,38.9,0,967.1,173,2.5,3.6,0,0,0,0,0,0,0,304,0,16,97
WAE,2002,6,26,1,15.4,77.9,13.6,11.6,8.88,13.2,37.9,0,966.7,171,3.2,4.8,0,0,0,0,0,0,0,303,0,16,97
WAE,2002,6,26,2,15.1,77.9,13.3,11.3,8.68,12.9,37.1,0,966.7,168,2.9,4.3,0,0,0,0,0,0,0,302,0,16,97
WAE,2002,6,26,3,14.7,79.7,13.3,11.2,8.68,12.7,36.7,0,966.7,180,2.3,3.7,13,19,12,17,23,6,6,311,13,16,97
WAE,2002,6,26,4,14.9,80.6,13.6,11.6,8.87,13,37.4,0,966.9,203,1.3,2.9,111,332,56,180,342,27,28,310,13,16,97
WAE,2002,6,26,5,16.2,74.7,13.7,11.7,8.94,13.5,38.9,0,966.7,214,0.6,1.6,267,571,84,219,606,43,43,300,0,16,97
WAE,2002,6,26,6,16.9,72.7,14,12,9.14,14,40.1,0,966.8,74,1,2.9,441,707,102,163,733,57,57,300,0,16,97
WAE,2002,6,26,7,17.7,70.5,14.3,12.3,9.34,14.4,41.5,0,966.4,38,1.2,3.2,611,799,111,67,759,216,69,303,0,16,97
WAE,2002,6,26,8,19,64.9,14.2,12.3,9.28,14.9,42.6,0,966.2,34,1.1,3,759,858,116,77,691,356,79,305,0,16,97
WAE,2002,6,26,9,20.1,62.4,14.7,12.7,9.61,15.5,44.6,0,966,36,1.4,3.2,868,882,125,86,552,469,89,307,0,16,97
WAE,2002,6,26,10,21.6,58.1,15,13,9.81,16.2,46.7,0,965.8,42,1.3,3.3,931,886,135,92,368,538,95,309,0,16,97
WAE,2002,6,26,11,22.9,53.9,15.1,13.1,9.88,16.8,48.2,0,965.4,30,1.7,4,945,880,142,94,152,556,195,312,0,16,97
WAE,2002,6,26,12,24.2,47.6,14.3,12.4,9.36,16.8,48.2,0,965,29,2.3,4.5,910,867,142,92,93,522,434,314,0,16,97
WAE,2002,6,26,13,24.9,44.5,14,12,9.16,16.9,48.4,0,964.5,17,2.9,5.8,827,843,138,86,87,438,600,315,0,16,97
WAE,2002,6,26,14,25.2,42.8,13.7,11.7,8.96,16.8,48.2,0,964.3,360,1.9,5.5,701,795,134,78,78,317,704,315,0,16,97
WAE,2002,6,26,15,25.3,42.1,13.5,11.5,8.84,16.8,48,0,963.9,353,1.8,5.3,546,727,123,67,68,176,732,316,0,16,97
WAE,2002,6,26,16,25.5,39.6,12.9,10.8,8.44,16.5,47.2,0,963.7,315,2.1,6.2,380,648,101,185,53,53,686,317,0,16,97
WAE,2002,6,26,17,24.9,39.2,12.3,10.1,8.04,16,45.5,0,963.5,275,2.2,4.8,211,493,77,214,39,38,522,318,0,16,97
WAE,2002,6,26,18,23.9,41.7,12.3,10.1,8.05,15.6,44.5,0,963.2,282,1.4,3.2,65,207,39,121,20,19,210,318,0,16,97
WAE,2002,6,26,19,21.7,49.6,12.8,10.7,8.38,15.1,43.1,0,963.1,248,2.5,4.7,0,0,0,0,0,0,0,318,0,16,97
WAE,2002,6,26,20,19.9,56.9,13.2,11.1,8.64,14.6,41.9,0,963,230,3,5,0,0,0,0,0,0,0,317,0,16,97
WAE,2002,6,26,21,19,58.5,12.8,10.7,8.38,14.1,40.4,0,963.1,222,2.5,4.5,0,0,0,0,0,0,0,316,0,16,97
WAE,2002,6,26,22,18.5,56.9,12.1,9.8,7.92,13.4,38.7,0,962.9,223,2.2,3.8,0,0,0,0,0,0,0,316,0,16,97
WAE,2002,6,26,23,17.5,60.4,12,9.8,7.85,13,37.5,0,962.8,225,1.3,3.4,0,0,0,0,0,0,0,323,13,16,97
WAE,2002,6,27,0,16.9,61.7,11.8,9.5,7.72,12.7,36.5,0,962.5,214,1.4,2.4,0,0,0,0,0,0,0,315,0,16,97
WAE,2002,6,27,1,16.3,66.1,12.2,10,7.99,12.7,36.6,0,962.3,243,0.7,1.7,0,0,0,0,0,0,0,316,0,16,97
WAE,2002,6,27,2,15.5,70.4,12.4,10.1,8.12,12.4,36.1,0,961.8,174,0.9,3.2,0,0,0,0,0,0,0,317,0,16,97
WAE,2002,6,27,3,14.9,76.1,12.9,10.7,8.46,12.5,36.4,0,961.6,162,1.3,2.6,15,5,15,11,12,8,8,326,13,16,97
WAE,2002,6,27,4,15.9,77.4,13.9,12,9.13,13.6,39.1,0,961.3,219,0.7,1.8,104,306,53,164,316,26,26,320,0,16,97
WAE,2002,6,27,5,17.7,71.6,14.6,12.5,9.6,14.5,42.1,0,961,90,0.2,1.5,260,552,83,212,586,43,43,321,0,16,97
WAE,2002,6,27,6,18.9,72.2,15.8,13.8,10.4,15.7,45.4,0,961.2,72,1.3,3.7,431,692,100,160,718,57,57,323,0,16,97
WAE,2002,6,27,7,19.6,73.7,16.8,14.8,11.06,16.6,47.8,0,961.4,63,1.8,3.3,555,625,170,88,658,221,88,333,13,16,97
WAE,2002,6,27,8,22.3,57.9,15.5,13.6,10.19,16.8,48.3,0,961.2,273,2.4,6.5,734,806,131,81,669,353,83,328,0,16,97
WAE,2002,6,27,9,23.7,50.6,14.8,12.8,9.73,16.9,48.6,0,960.8,268,2.6,6.5,852,869,121,86,543,461,89,330,0,16,97
WAE,2002,6,27,10,23.7,51.2,15,13,9.87,17,49,0,960.1,47,2.4,4.6,917,880,126,91,361,529,95,341,13,16,97
WAE,2002,6,27,11,24.5,47.7,14.7,12.7,9.68,17.1,49.3,0,959.3,47,2.2,4.9,874,714,223,121,200,530,213,366,45,16,97
WAE,2002,6,27,12,26.4,42.9,14.8,12.8,9.75,17.8,51.4,0,958.5,294,2.3,6.3,730,425,352,172,172,447,397,385,68,16,97
WAE,2002,6,27,13,26.7,41.2,14.5,12.4,9.56,17.7,51.2,0,957.8,265,2.2,7.2,366,82,298,161,160,205,218,405,100,16,97
WAE,2002,6,27,14,26.1,45.3,15.3,13.3,10.1,17.9,52,0,957.9,267,3.6,7.6,373,116,294,158,157,197,264,396,88,16,97
WAE,2002,6,27,15,25.1,48.5,15.4,13.5,10.18,17.7,51.2,0,956.7,316,3.2,6.9,347,170,243,128,128,171,295,403,100,16,97
WAE,2002,6,27,16,24.2,49.7,15,13,9.91,17.2,49.6,0,956.8,308,3.9,7.5,240,174,171,141,91,86,268,394,88,16,97
WAE,2002,6,27,17,23.2,51.6,14.6,12.7,9.64,16.6,47.9,0,956.8,313,3.4,7.3,167,233,105,144,54,52,286,393,88,16,97
WAE,2002,6,27,18,22.2,53.3,14.2,12.3,9.36,16.1,46.1,0,957.5,328,2.3,5.7,60,125,44,85,23,22,138,385,75,16,97
WAE,2002,6,27,19,21.4,54.6,13.9,11.9,9.16,15.6,44.8,0,957.6,294,2.2,5.9,0,0,0,0,0,0,0,397,100,16,97
WAE,2002,6,27,20,19,73.5,16.1,14.2,10.64,16,46.1,0.3,957.5,246,2.6,5.7,0,0,0,0,0,0,0,395,100,16,97
WAE,2002,6,27,21,18,78.8,16.2,14.3,10.71,15.7,45.2,0.1,957.2,225,2.6,4.7,0,0,0,0,0,0,0,394,100,16,97
WAE,2002,6,27,22,17.7,84.3,17.1,15,11.31,16,46.4,0.3,957.7,275,1.9,5,0,0,0,0,0,0,0,392,100,16,97
WAE,2002,6,27,23,17.2,85.1,16.7,14.7,11.05,15.6,45.3,0,957.1,172,1.8,3.9,0,0,0,0,0,0,0,390,100,16,97
WAE,2002,6,28,0,16.3,90.1,16.7,14.7,11.03,15.3,44.3,7.5,958.4,255,2.1,6,0,0,0,0,0,0,0,388,100,15,97
WAE,2002,6,28,1,14.5,92.2,15.2,13.2,10.04,13.7,39.9,3.7,957.2,215,2.2,4.5,0,0,0,0,0,0,0,386,100,15,97
WAE,2002,6,28,2,14.5,92.7,15.3,13.3,10.11,13.8,40.1,0.4,956.8,156,1.3,4.1,0,0,0,0,0,0,0,383,100,15,97
WAE,2002,6,28,3,14.6,94.6,15.7,13.7,10.37,14.1,40.9,0.8,957.2,240,1,2.4,1,0,1,0,0,0,0,381,100,15,97
WAE,2002,6,28,4,14.7,93.6,15.6,13.7,10.3,14.1,40.8,0.4,957.4,283,1.4,3.7,9,0,9,5,5,5,5,379,100,15,97
WAE,2002,6,28,5,14.5,92.4,15.3,13.3,10.1,13.8,40.1,0.8,957.9,233,2,4.9,119,74,99,82,128,51,52,376,100,15,97
WAE,2002,6,28,6,14.6,90.8,15.1,13.1,9.95,13.7,39.8,0.6,958.7,240,2.2,6.2,143,40,126,80,111,65,66,374,100,15,97
WAE,2002,6,28,7,14.4,90.8,14.9,12.9,9.82,13.5,39.3,1.4,958.9,236,2.9,5.3,110,0,110,62,61,58,59,374,100,15,97
WAE,2002,6,28,8,14.7,88.9,14.9,12.9,9.81,13.6,39.6,0,959.4,256,3,5.8,113,0,113,64,63,59,61,374,100,15,97
WAE,2002,6,28,9,14.4,91.5,15,13,9.87,13.6,39.4,0.2,960.1,296,2.7,6.4,258,6,253,142,145,136,135,374,100,15,97
WAE,2002,6,28,10,15.4,83.8,14.6,12.7,9.6,13.8,39.8,0,960.5,281,2.2,5,434,40,397,220,239,235,210,373,100,15,97
WAE,2002,6,28,11,16.4,76.4,14.2,12.2,9.33,13.9,40.1,0,960.5,256,3.1,7.7,397,17,381,213,215,211,207,373,100,15,97
WAE,2002,6,28,12,17.1,62,12.1,9.8,7.93,12.9,37.3,0,960.7,283,3.5,7.8,457,51,411,227,225,249,247,373,100,15,97
WAE,2002,6,28,13,17.1,55.8,10.9,8.2,7.14,12.1,35.3,0,961,282,3.6,8.3,238,1,238,134,133,125,128,371,100,15,97
WAE,2002,6,28,14,16.7,63.8,12.1,9.8,7.93,12.7,36.9,0,961.5,241,3.7,6.7,285,13,276,155,153,150,159,370,100,15,97
WAE,2002,6,28,15,17.3,59,11.6,9.2,7.59,12.7,36.6,0,961.6,244,3.4,7,316,143,228,119,119,157,260,369,100,15,97
WAE,2002,6,28,16,16.7,62,11.8,9.4,7.72,12.5,36.3,0,962.2,240,4,7.1,102,2,101,57,56,53,56,367,100,15,97
WAE,2002,6,28,17,16.5,61.1,11.4,9,7.45,12.3,35.5,0,962.9,237,3.5,6.5,72,1,72,41,40,38,40,366,100,15,97
WAE,2002,6,28,18,16.3,62.3,11.5,9.1,7.52,12.2,35.4,0,963.3,238,2.5,5.3,12,3,12,8,7,6,9,365,100,15,97
WAE,2002,6,28,19,15.6,67.3,11.9,9.6,7.78,12.2,35.4,0,963.9,234,2.7,4.4,0,0,0,0,0,0,0,362,100,15,97
WAE,2002,6,28,20,14.7,69.6,11.7,9.2,7.64,11.6,34.1,0,964.5,241,3.6,5.4,0,0,0,0,0,0,0,339,75,15,97
WAE,2002,6,28,21,14,68.4,10.9,8.3,7.11,10.9,32,0,964.8,235,3.8,5.6,0,0,0,0,0,0,0,337,75,15,97
WAE,2002,6,28,22,13.4,71.5,10.9,8.4,7.1,10.7,31.4,0,965.2,237,1.7,5.1,0,0,0,0,0,0,0,330,68,15,97
WAE,2002,6,28,23,12.7,76.4,11.2,8.7,7.3,10.5,31.2,0,965.1,231,2.7,4.1,0,0,0,0,0,0,0,328,68,15,97
WAE,2002,6,29,0,12.3,74.8,10.7,8,6.97,10,30,0,964.9,230,3.2,5.2,0,0,0,0,0,0,0,326,68,15,97
WAE,2002,6,29,1,11.6,78.8,10.7,8,6.98,9.7,29.3,0,964.7,241,1.1,2.4,0,0,0,0,0,0,0,341,88,15,97
WAE,2002,6,29,2,11.8,79.4,11,8.4,7.17,10,30,0,964.9,227,2.2,3.5,0,0,0,0,0,0,0,351,100,15,97
WAE,2002,6,29,3,11.9,83.5,11.6,9.2,7.57,10.4,31,0,965.1,231,1.9,3.4,2,0,2,1,1,1,1,351,100,15,97
WAE,2002,6,29,4,12.1,83.6,11.8,9.4,7.7,10.6,31.6,0,965.3,249,2,3.8,107,314,57,172,325,27,28,318,55,15,97
WAE,2002,6,29,5,12.6,79.6,11.6,9.2,7.56,10.7,31.8,0,965.4,214,0.5,1.8,237,398,114,191,457,54,55,319,55,15,97
WAE,2002,6,29,6,13.9,69.8,11.1,8.5,7.23,10.9,32.2,0,965.8,54,0.9,2.7,352,321,198,171,431,94,95,329,68,15,97
WAE,2002,6,29,7,14.9,62.3,10.5,7.8,6.84,11,32.3,0,965.8,281,1.6,5.5,539,522,214,102,599,240,100,313,45,15,97
WAE,2002,6,29,8,16.2,60.6,11.2,8.6,7.3,11.9,34.8,0,965.7,340,1.7,5.1,631,454,294,140,534,345,137,322,55,15,97
WAE,2002,6,29,9,16.6,56.7,10.7,8,6.97,11.8,34.3,0,965.6,6,2.1,6.4,730,478,329,154,488,437,151,324,55,15,97
WAE,2002,6,29,10,17.7,51,10.4,7.4,6.77,12,35,0,965.5,7,2.4,5.5,822,567,312,145,406,511,144,313,40,15,97
WAE,2002,6,29,11,18.7,44.8,9.6,6.5,6.25,12,34.7,0,965,16,2.9,5.7,843,582,312,145,228,530,247,310,33,15,97
WAE,2002,6,29,12,19.1,41.8,9.2,5.8,5.99,11.9,34.4,0,964.7,13,2.8,6.4,784,505,337,157,157,485,434,328,50,15,97
WAE,2002,6,29,13,19.6,39.9,9.1,5.6,5.93,12,34.7,0,964.3,360,2.6,6.9,697,453,328,155,154,409,497,329,50,15,97
WAE,2002,6,29,14,19.9,39,9.1,5.5,5.93,12.1,35.1,0,963.9,8,2.2,6.1,597,446,280,134,133,315,536,329,50,15,97
WAE,2002,6,29,15,20.3,37.4,8.9,5.3,5.8,12.1,35.1,0,963.6,4,1.9,5.3,478,444,219,105,104,205,542,325,45,15,97
WAE,2002,6,29,16,20.1,37,8.7,5,5.67,11.9,34.6,0,963.2,30,1.7,5.9,304,289,181,170,91,87,390,344,68,15,97
WAE,2002,6,29,17,19.1,38.7,8.6,4.7,5.61,11.4,33.4,0,962.9,35,2.9,5.6,196,379,95,189,47,46,423,330,50,15,97
WAE,2002,6,29,18,18.9,37.5,8.2,4.1,5.34,11.1,32.6,0,962.9,8,2.2,4.9,64,174,44,109,23,22,182,349,75,15,97
WAE,2002,6,29,19,17.6,41.1,8.2,4.2,5.34,10.6,31.2,0,963.1,315,1.7,4.2,0,0,0,0,0,0,0,334,60,15,97
WAE,2002,6,29,20,15.4,51,8.9,5.3,5.8,10.1,30.2,0,963.2,249,2.2,3.7,0,0,0,0,0,0,0,328,55,15,97
WAE,2002,6,29,21,14.4,55.9,9.2,5.7,6,9.8,29.6,0,962.9,242,2.7,3.8,0,0,0,0,0,0,0,316,40,15,97
WAE,2002,6,29,22,13.3,60,9.2,5.7,6,9.3,28.5,0,962.9,222,3,4.1,0,0,0,0,0,0,0,314,40,15,97
WAE,2002,6,29,23,13,62.3,9.3,6,6.07,9.3,28.4,0,962.6,248,2.4,3.5,0,0,0,0,0,0,0,323,55,15,97
WAE,2002,6,30,0,12.5,67,9.7,6.5,6.33,9.3,28.5,0,962.4,248,1.2,3.3,0,0,0,0,0,0,0,319,50,16,97
WAE,2002,6,30,1,11.4,71.7,9.7,6.5,6.33,8.8,27.4,0,962.1,230,0.8,2.6,0,0,0,0,0,0,0,317,45,16,97
WAE,2002,6,30,2,10.9,74.9,9.7,6.6,6.34,8.7,26.9,0,962,218,1.2,3,0,0,0,0,0,0,0,318,45,16,97
WAE,2002,6,30,3,10.3,80.5,10.1,7.1,6.6,8.6,27,0,962.1,229,1.1,3,0,0,0,0,0,0,0,302,20,16,97
WAE,2002,6,30,4,11.1,75.4,10,6.9,6.53,8.9,27.6,0,962.4,249,1.4,3.1,107,322,56,175,332,27,28,312,33,16,97
WAE,2002,6,30,5,12.4,70.8,10.2,7.3,6.66,9.7,29.3,0,962.5,225,0.2,1.1,248,488,97,207,534,48,48,324,50,16,97
WAE,2002,6,30,6,13.6,67.3,10.5,7.7,6.86,10.4,31,0,962.8,45,0.4,2.8,392,497,157,176,577,75,76,319,40,16,97
WAE,2002,6,30,7,14.7,66.8,11.2,8.6,7.32,11.3,33.3,0,962.6,48,1.5,3.3,537,532,206,100,604,238,99,322,40,16,97
WAE,2002,6,30,8,15.7,65.3,11.6,9.2,7.59,12,35,0,962.4,36,1.4,3.5,652,521,263,126,564,356,124,339,60,16,97
WAE,2002,6,30,9,17.1,58.1,11.3,8.8,7.39,12.4,35.9,0,961.9,36,1.9,4,735,505,311,148,495,441,146,353,75,16,97
WAE,2002,6,30,10,18.8,47.1,10.2,7.3,6.67,12.4,35.8,0,961.8,29,2.1,4.2,804,541,319,151,406,503,150,351,68,16,97
WAE,2002,6,30,11,20.2,43.2,10.2,7.3,6.67,12.9,37.2,0,961.5,28,2.6,4.8,784,459,365,174,248,495,263,361,75,16,97
WAE,2002,6,30,12,20.1,47.8,11.2,8.7,7.33,13.5,38.8,0,961.1,34,2.3,4.4,779,507,330,157,156,484,432,363,75,16,97
WAE,2002,6,30,13,21.6,45.6,11.7,9.4,7.67,14.4,41.2,0,960.9,270,1.5,9.5,777,697,210,110,111,434,573,321,20,16,97
WAE,2002,6,30,14,22.3,43.7,11.8,9.4,7.73,14.7,42.1,0,960.7,270,2.7,6.9,710,838,112,75,75,316,718,306,0,16,97
WAE,2002,6,30,15,22.2,44.5,11.9,9.5,7.8,14.7,42.2,0,960.3,277,2.7,6.7,548,745,116,67,67,175,743,307,0,16,97
WAE,2002,6,30,16,22.3,44.4,11.9,9.6,7.83,14.8,42.3,0,960.1,257,1.9,5.6,380,658,97,182,53,53,694,308,0,16,97
WAE,2002,6,30,17,21.8,45.4,11.9,9.5,7.78,14.6,41.7,0,960,265,2.4,5.3,210,493,77,213,39,38,523,309,0,16,97
WAE,2002,6,30,18,20.6,48.8,11.8,9.4,7.73,14.1,40.4,0,960.2,243,1.6,4.3,69,202,44,121,23,22,209,324,20,16,97
WAE,2002,6,30,19,19.6,51.4,11.6,9.2,7.63,13.6,39.1,0,960.3,270,2.2,4.2,0,0,0,0,0,0,0,332,33,16,97
WAE,2002,6,30,20,18.6,54.8,11.7,9.2,7.66,13.2,38.2,0,960.2,259,2.7,5.6,0,0,0,0,0,0,0,338,45,16,97
WAE,2002,6,30,21,17.9,58.7,12,9.5,7.84,13.1,37.8,0,960,239,3.2,4.4,0,0,0,0,0,0,0,339,50,16,97
WAE,2002,6,30,22,17.2,62.8,12.3,9.9,8.05,13,37.7,0,959.6,233,3,4.4,0,0,0,0,0,0,0,343,60,16,97
WAE,2002,6,30,23,16.7,67.3,12.8,10.5,8.43,13.1,38.1,0,959.1,220,3.1,4.6,0,0,0,0,0,0,0,326,38,16,97
WAE,2020,7,1,0,16.5,71.5,13.4,11.1,8.81,13.4,38.8,0,958.5,257,1,1.9,0,0,0,0,0,0,0,337,0,18,97
WAE,2020,7,1,1,16.4,75.4,14,11.9,9.26,13.7,39.9,0,957.9,217,0.6,1.6,0,0,0,0,0,0,0,343,6,17,97
WAE,2020,7,1,2,16.4,78.5,14.7,12.6,9.7,14.2,41.1,0,957.5,231,0.7,1.8,0,0,0,0,0,0,0,366,49,17,97
WAE,2020,7,1,3,16.8,80.9,15.5,13.4,10.23,14.7,42.8,0,957,207,0.5,1.4,0,0,0,0,0,0,0,362,48,17,97
WAE,2020,7,1,4,16.9,82.9,16,14,10.57,15.1,43.8,0,956.8,210,0.9,1.8,0,0,0,0,0,0,0,364,50,17,97
WAE,2020,7,1,5,17.6,82.4,16.6,14.5,10.98,15.7,45.5,0,956.8,150,0.8,1.6,82,254,38,131,261,20,20,377,71,17,97
WAE,2020,7,1,6,18.5,81.8,17.5,15.4,11.56,16.5,47.9,0,956.8,84,1,2.3,253,564,79,218,597,43,43,361,48,17,97
WAE,2020,7,1,7,19.8,78.8,18.1,16,12.02,17.3,50.4,0,956.7,83,1.7,3,363,461,151,169,537,79,79,369,63,17,97
WAE,2020,7,1,8,20.7,75.7,18.5,16.3,12.27,17.8,52,0,956.6,85,1.2,2.3,371,310,187,105,391,159,102,396,84,17,97
WAE,2020,7,1,9,22.2,70.1,18.7,16.5,12.4,18.5,53.9,0,956.4,80,1.2,2.9,571,405,266,149,458,303,145,389,81,17,97
WAE,2020,7,1,10,23.5,59.4,17.2,15.1,11.39,18.1,52.6,0,956.1,73,1.7,3.3,760,628,237,123,525,449,123,393,75,17,97
WAE,2020,7,1,11,24.4,54.5,16.7,14.6,11.06,18.1,52.7,0,955.7,75,1.2,2.5,725,406,362,182,386,454,178,397,81,17,97
WAE,2020,7,1,12,26.1,52.7,17.8,15.7,11.81,19.2,56.4,0,955.3,90,2.1,4.1,994,948,131,102,172,596,197,380,36,17,97
WAE,2020,7,1,13,27.1,52.2,18.8,16.5,12.49,20,59.1,0,954.9,65,2.4,4.2,938,941,103,94,95,539,419,377,29,17,97
WAE,2020,7,1,14,27.9,48,18.1,15.9,12.02,19.9,58.8,0,954.6,45,2,5.9,818,852,119,91,91,441,582,387,45,17,97
WAE,2020,7,1,15,27.7,48.4,17.9,15.8,11.89,19.8,58.2,0,954.3,98,1.7,3.9,236,226,63,41,41,118,198,414,94,17,97
WAE,2020,7,1,16,24.6,49.7,15.4,13.4,10.2,17.5,50.7,0,954.6,200,5.5,16.6,49,0,49,28,28,26,27,416,100,17,97
WAE,2020,7,1,17,24,60.3,17.9,15.8,11.89,18.6,54.4,0,954.6,115,4.8,12.1,323,517,108,166,63,62,565,405,69,17,97
WAE,2020,7,1,18,22.6,69.5,19,16.7,12.63,18.7,54.8,0,954.9,111,1.6,6.8,205,450,80,195,43,43,483,399,60,17,97
WAE,2020,7,1,19,21.5,72.9,18.7,16.4,12.43,18.2,53.2,0,954.4,118,1.8,4.4,70,234,36,126,19,19,237,386,60,17,97
WAE,2020,7,1,20,20.1,78.8,18.4,16.3,12.19,17.6,51.1,16.2,957.5,234,3.2,11.4,0,0,0,0,0,0,0,408,100,17,97
WAE,2020,7,1,21,19.1,81.9,18.1,15.9,11.99,17,49.6,1.8,957.3,211,8.4,14.5,0,0,0,0,0,0,0,405,100,17,97
WAE,2020,7,1,22,19,80.9,17.7,15.6,11.71,16.8,48.8,0,957.7,143,3.7,9.1,0,0,0,0,0,0,0,402,100,17,97
WAE,2020,7,1,23,17.8,88.7,18,15.9,11.9,16.6,48.1,5.6,958.5,240,5.5,10.3,0,0,0,0,0,0,0,399,100,17,97
WAE,2020,7,2,0,17.5,92.2,18.4,16.2,12.18,16.7,48.5,1.8,958,186,3.1,7.8,0,0,0,0,0,0,0,396,100,17,97
WAE,2020,7,2,1,17.3,93.1,18.3,16.2,12.11,16.6,48.1,0,957.9,110,2.6,6.7,0,0,0,0,0,0,0,394,100,18,97
WAE,2020,7,2,2,17.1,92.6,18.1,15.9,11.98,16.3,47.5,0,957.5,180,1.3,4.6,0,0,0,0,0,0,0,394,94,18,97
WAE,2020,7,2,3,17.2,91.5,17.9,15.8,11.85,16.3,47.3,0,957.4,204,1.2,2.9,0,0,0,0,0,0,0,383,71,18,97
WAE,2020,7,2,4,16.9,94,18.1,15.9,11.98,16.3,47.3,0,957.7,140,0.9,2,1,0,1,1,1,1,1,378,56,18,97
WAE,2020,7,2,5,17.2,93.7,18.3,16.2,12.11,16.6,48,0,958,180,0.6,1.6,54,47,46,47,71,25,25,386,81,18,97
WAE,2020,7,2,6,17.8,91.3,18.5,16.4,12.25,16.9,48.9,0,958.1,117,0.7,1.8,160,135,120,115,204,63,64,378,68,18,97
WAE,2020,7,2,7,18.4,88.4,18.7,16.4,12.38,17.1,49.9,0,958.1,103,1,2.1,384,550,129,168,611,72,72,371,48,18,97
WAE,2020,7,2,8,19.8,82.3,19,16.7,12.58,17.8,51.8,0,958.2,82,1.6,3.2,478,431,221,118,533,215,116,370,45,18,97
WAE,2020,7,2,9,20.8,77.6,19.1,16.7,12.65,18.1,53,0,958.1,63,1.7,3.3,613,476,260,136,534,340,135,375,40,18,97
WAE,2020,7,2,10,21.8,72.2,18.9,16.6,12.52,18.4,53.7,0,957.7,36,1.4,3.4,780,696,199,118,531,455,119,374,36,18,97
WAE,2020,7,2,11,22.8,67.7,18.8,16.5,12.46,18.6,54.6,0,957.6,25,1.9,4.1,754,468,336,171,403,480,169,387,55,18,97
WAE,2020,7,2,12,21.9,69.9,18.4,16.2,12.18,18.2,53,0.1,957.7,317,5.3,10.9,287,29,261,149,160,162,142,403,94,18,97
WAE,2020,7,2,13,20.5,77.6,18.6,16.5,12.32,17.9,51.9,0,957.9,314,2.8,9,110,0,110,63,63,59,61,410,100,18,97
WAE,2020,7,2,14,20.6,78.2,19,16.7,12.59,18,52.7,0.4,957.8,305,2.9,5.2,222,15,209,120,120,122,126,408,100,18,97
WAE,2020,7,2,15,20.6,76.7,18.6,16.4,12.32,17.9,52,0,958,315,3.3,8.7,126,1,126,73,72,69,70,405,100,18,97
WAE,2020,7,2,16,18.2,89.6,18.7,16.5,12.38,17.1,49.7,6.6,958.6,298,3.2,9.3,100,15,92,53,52,53,66,403,100,18,97
WAE,2020,7,2,17,17.6,89.7,18.1,15.9,11.96,16.5,48,1.8,959.4,205,3.6,6.9,53,0,53,31,31,29,29,400,100,18,97
WAE,2020,7,2,18,17.2,92.2,18.1,15.9,11.96,16.4,47.6,8.2,959.8,211,2.7,4.8,21,0,21,12,12,12,12,398,100,18,97
WAE,2020,7,2,19,17.4,89.7,17.8,15.7,11.75,16.3,47.3,0.7,959.7,197,2.6,4.3,6,0,6,4,4,3,3,395,100,18,97
WAE,2020,7,2,20,16.9,93.3,18,15.8,11.88,16.2,47.1,0,960.1,158,0.8,2,0,0,0,0,0,0,0,387,88,18,97
WAE,2020,7,2,21,17,92.1,17.9,15.7,11.81,16.2,47,0,960.6,189,1.5,3,0,0,0,0,0,0,0,392,100,18,97
WAE,2020,7,2,22,16.9,91.8,17.6,15.6,11.61,16.1,46.4,0,960.8,167,1,2.1,0,0,0,0,0,0,0,390,100,18,97
WAE,2020,7,2,23,16.6,94.3,17.8,15.7,11.74,16,46.4,1.7,960.8,239,1,2.4,0,0,0,0,0,0,0,388,100,18,97
WAE,2020,7,3,0,16.3,92.7,17.2,15.1,11.33,15.5,45.1,2.1,961.1,218,2.4,3.9,0,0,0,0,0,0,0,386,100,18,97
WAE,2020,7,3,1,16,91.9,16.7,14.7,11,15.2,43.9,0.8,961.4,228,3.1,5.9,0,0,0,0,0,0,0,384,100,20,97
WAE,2020,7,3,2,15.3,88.3,15.4,13.4,10.13,14.1,41,0.3,961.4,223,4.2,7.5,0,0,0,0,0,0,0,383,100,20,97
WAE,2020,7,3,3,15,89.9,15.3,13.4,10.06,14,40.5,0.7,961.7,226,4.4,6.9,0,0,0,0,0,0,0,382,100,20,97
WAE,2020,7,3,4,14.8,90.2,15.2,13.2,9.98,13.8,40.1,0.7,962.1,218,4.1,6.3,0,0,0,0,0,0,0,381,100,20,97
WAE,2020,7,3,5,14.8,90,15.1,13.2,9.91,13.8,39.9,0.1,962.4,220,4,5.5,20,13,19,18,23,10,11,381,100,20,97
WAE,2020,7,3,6,15,90.6,15.4,13.5,10.11,14.1,40.6,0,962.7,201,2.3,7.3,53,0,53,31,31,29,30,380,100,20,97
WAE,2020,7,3,7,14.3,91.5,14.9,12.9,9.77,13.5,39.1,0.1,963.2,115,3,6.9,126,0,125,74,73,69,70,380,100,20,97
WAE,2020,7,3,8,13.6,92.3,14.4,12.4,9.44,12.9,37.5,2.1,963.5,155,4.1,6.8,99,0,99,58,58,55,56,381,100,20,97
WAE,2020,7,3,9,14.6,87.9,14.6,12.6,9.57,13.4,38.9,0.2,963.5,193,2.9,5.3,124,0,124,73,72,68,69,382,100,20,97
WAE,2020,7,3,10,15.5,88.1,15.5,13.5,10.17,14.3,41.3,0,963.8,300,0.9,2.7,186,0,186,109,108,102,104,384,100,20,97
WAE,2020,7,3,11,17.2,73.5,14.4,12.4,9.44,14.3,41.2,0,963.7,252,0.9,2.5,366,67,305,173,205,215,167,385,100,20,97
WAE,2020,7,3,12,18,74.4,15.3,13.4,10.03,15.2,43.5,0,963.7,11,1.8,3.8,469,51,423,244,255,269,242,386,100,20,97
WAE,2020,7,3,13,19.2,61.2,13.6,11.6,8.91,14.6,41.9,0,963.2,326,2,5.3,770,591,250,153,153,471,413,387,81,20,97
WAE,2020,7,3,14,19.2,60.7,13.5,11.4,8.84,14.5,41.7,0,963.2,30,1.7,3.6,426,63,373,214,213,243,254,387,100,20,97
WAE,2020,7,3,15,18.4,63.5,13.4,11.4,8.77,14.2,40.7,0,963.3,54,0.9,2.6,131,0,131,77,76,72,74,387,100,20,97
WAE,2020,7,3,16,18.5,63.5,13.5,11.4,8.84,14.3,41,0,963.2,171,0.7,2.6,78,0,78,46,46,43,44,386,100,20,97
WAE,2020,7,3,17,18.4,67.1,14.2,12.2,9.31,14.6,42.1,0,963.2,227,1.7,3.1,106,1,106,62,62,58,60,386,100,20,97
WAE,2020,7,3,18,18.3,68.7,14.5,12.5,9.5,14.8,42.5,0,963.6,238,1.6,2.7,110,35,100,71,58,55,91,386,100,20,97
WAE,2020,7,3,19,17.9,72.1,14.8,12.8,9.7,14.8,42.6,0,963.6,239,1.9,3.1,25,5,24,16,14,13,18,384,100,20,97
WAE,2020,7,3,20,16.9,77.6,14.9,13,9.76,14.5,41.7,0,964,236,2.7,4,0,0,0,0,0,0,0,366,68,20,97
WAE,2020,7,3,21,15.8,80.3,14.4,12.4,9.43,13.8,39.7,0,964.2,215,2.2,4,0,0,0,0,0,0,0,351,51,20,97
WAE,2020,7,3,22,14.2,84.6,13.7,11.6,8.96,12.7,36.9,0,964.3,222,1.2,3.1,0,0,0,0,0,0,0,336,0,20,97
WAE,2020,7,3,23,13.5,87.2,13.5,11.4,8.83,12.3,35.9,0,964.3,270,0.6,1.6,0,0,0,0,0,0,0,322,0,20,97
WAE,2020,7,4,0,13.4,83.4,12.8,10.6,8.37,11.8,34.6,0,964.2,240,2,3.7,0,0,0,0,0,0,0,327,13,20,97
WAE,2020,7,4,1,12.9,85.7,12.7,10.6,8.3,11.6,33.9,0,964.3,225,1.4,3,0,0,0,0,0,0,0,328,13,21,97
WAE,2020,7,4,2,12.8,87,12.8,10.7,8.36,11.6,34,0,964.6,231,1.5,3.8,0,0,0,0,0,0,0,323,0,21,97
WAE,2020,7,4,3,12.6,87,12.7,10.5,8.3,11.4,33.6,0,964.4,203,1.5,3.8,0,0,0,0,0,0,0,343,25,21,97
WAE,2020,7,4,4,13.2,84,12.8,10.6,8.37,11.7,34.4,0,964.5,160,1.6,3.4,0,0,0,0,0,0,0,364,78,21,97
WAE,2020,7,4,5,14.2,83.8,13.5,11.5,8.83,12.6,36.6,0,964.8,169,0.6,1.6,24,0,24,14,14,13,13,373,100,21,97
WAE,2020,7,4,6,15,83.4,14.2,12.2,9.29,13.3,38.6,0,964.9,135,0.5,1.3,137,64,116,89,133,64,65,375,94,21,97
WAE,2020,7,4,7,15.9,80.2,14.5,12.5,9.49,13.9,40,0,965.1,81,0.7,1.9,380,526,128,159,589,81,81,349,48,21,97
WAE,2020,7,4,8,17.2,77.8,15.2,13.3,9.95,14.8,42.5,0,965.1,52,1.3,2.3,574,742,125,88,749,225,90,355,43,21,97
WAE,2020,7,4,9,18.6,69.4,14.9,12.9,9.75,15.1,43.4,0,965.1,33,1.8,3.7,730,789,155,114,711,372,117,356,45,21,97
WAE,2020,7,4,10,19.6,68.2,15.6,13.6,10.22,15.9,45.6,0,965.1,45,1.9,3.4,793,707,205,131,560,481,133,372,65,21,97
WAE,2020,7,4,11,20.9,64.2,15.8,13.9,10.36,16.5,47.3,0,964.7,38,1.9,3.3,947,916,130,120,419,584,125,368,53,21,97
WAE,2020,7,4,12,21.2,56.8,14.3,12.3,9.36,15.7,45.1,0,964.4,29,2,3.9,936,869,146,126,186,587,224,373,64,21,97
WAE,2020,7,4,13,22.5,50.5,13.7,11.7,8.97,15.9,45.4,0,963.9,338,1.8,4.6,880,773,197,134,134,556,459,367,48,21,97
WAE,2020,7,4,14,22.8,48,13.3,11.2,8.71,15.7,45.1,0,963.6,22,1.9,4.2,813,805,152,116,117,472,593,358,40,21,97
WAE,2020,7,4,15,23.6,46.2,13.4,11.4,8.77,16.1,46.1,0,963.7,322,2,7.1,708,790,141,102,102,359,720,359,40,21,97
WAE,2020,7,4,16,24.1,43.9,13.2,11.1,8.64,16.2,46.2,0,963.5,286,3.1,7,562,790,98,78,79,196,780,356,29,21,97
WAE,2020,7,4,17,24,45,13.4,11.3,8.78,16.2,46.5,0,963,260,2.3,5.4,405,739,80,180,60,62,768,335,13,21,97
WAE,2020,7,4,18,23.8,45.6,13.4,11.4,8.77,16.2,46.3,0,963.4,278,2.2,4.2,213,471,77,198,47,47,509,356,50,21,97
WAE,2020,7,4,19,21.8,53.1,13.8,11.8,9.04,15.7,44.9,0,963.8,251,2.3,3.9,74,267,39,147,22,22,270,364,45,21,97
WAE,2020,7,4,20,19.7,60.6,13.8,11.9,9.03,15,42.7,0,964,225,3.2,4.9,0,0,0,0,0,0,0,352,41,21,97
WAE,2020,7,4,21,18.6,62.6,13.4,11.3,8.77,14.2,40.9,0,964.3,255,2,2.9,0,0,0,0,0,0,0,373,73,21,97
WAE,2020,7,4,22,17.8,67.7,13.8,11.8,9.03,14.2,40.8,0,964.5,239,1.8,2.8,0,0,0,0,0,0,0,379,88,21,97
WAE,2020,7,4,23,16.5,74.3,13.9,11.9,9.09,13.8,39.6,0,964.7,216,1.7,2.5,0,0,0,0,0,0,0,349,29,21,97
WAE,2020,7,5,0,15.9,74.9,13.5,11.5,8.83,13.3,38.3,0,965,215,1.3,2.6,0,0,0,0,0,0,0,327,0,21,97
WAE,2020,7,5,1,15.4,76.8,13.4,11.4,8.76,13,37.6,0,964.8,198,0.8,2.7,0,0,0,0,0,0,0,335,6,19,97
WAE,2020,7,5,2,14.7,80.7,13.4,11.4,8.77,12.8,36.9,0,964.3,169,0.7,1.9,0,0,0,0,0,0,0,332,0,19,97
WAE,2020,7,5,3,14.5,81.4,13.4,11.4,8.77,12.7,36.7,0,964.2,162,1.1,2,0,0,0,0,0,0,0,337,0,19,97
WAE,2020,7,5,4,14.5,86.9,14.3,12.3,9.36,13.2,38.2,0,964.4,162,0.7,1.5,3,3,3,3,4,1,1,338,10,19,97
WAE,2020,7,5,5,16.3,76.6,14.2,12.2,9.3,13.8,39.9,0,964.3,231,0.8,2.8,86,286,42,151,292,23,23,340,6,19,97
WAE,2020,7,5,6,17.9,76.2,15.6,13.7,10.23,15.3,43.9,0,964.2,77,1,2.8,245,606,65,222,629,39,39,335,25,19,97
WAE,2020,7,5,7,18.7,76.3,16.4,14.4,10.76,16,46.1,0,964.3,81,2,3.7,422,764,72,156,773,55,55,337,6,19,97
WAE,2020,7,5,8,20.2,67.3,15.9,13.9,10.43,16.2,46.8,0,964.2,84,2,3.7,588,842,78,67,785,197,70,339,0,19,97
WAE,2020,7,5,9,22.3,51.9,13.9,11.9,9.1,15.9,45.6,0,963.9,255,2.8,6.5,724,851,100,83,698,348,87,341,0,19,97
WAE,2020,7,5,10,23.6,50.1,14.6,12.6,9.57,16.7,48.1,0,963.6,265,4,7.6,841,894,99,93,566,463,97,343,0,19,97
WAE,2020,7,5,11,24.4,49,15,13,9.84,17.2,49.6,0,963.2,279,3.3,6.7,928,926,103,100,384,549,105,348,0,19,97
WAE,2020,7,5,12,25.3,49.8,16,14.1,10.51,18.1,52.2,0,962.7,333,2.4,6.8,898,799,173,114,185,561,207,359,25,19,97
WAE,2020,7,5,13,26.6,46.7,16.3,14.3,10.72,18.6,54.1,0,962.2,274,3.5,6.4,928,924,111,101,102,548,426,347,6,19,97
WAE,2020,7,5,14,27,46.5,16.5,14.6,10.86,18.9,54.9,0,961.8,276,3.4,6.6,871,911,123,98,98,485,624,348,0,19,97
WAE,2020,7,5,15,27.5,47,17.2,15.2,11.33,19.4,56.6,0,961.3,282,2.6,5.5,709,815,123,87,88,343,711,348,0,19,97
WAE,2020,7,5,16,27.3,47.7,17.3,15.2,11.4,19.3,56.6,0,961,291,3,6.4,597,794,127,78,79,219,799,365,26,19,97
WAE,2020,7,5,17,26.8,50.7,17.8,15.7,11.74,19.5,56.9,0,960.8,289,1.9,4.1,363,535,130,176,72,72,601,355,40,19,97
WAE,2020,7,5,18,26.7,53,18.6,16.3,12.28,19.8,58.2,0,960.6,303,2.1,4.8,188,315,94,155,51,50,365,382,43,19,97
WAE,2020,7,5,19,25.4,58.4,18.8,16.6,12.41,19.5,57.2,0,960.7,304,2.7,4.7,81,325,39,172,21,20,322,371,13,19,97
WAE,2020,7,5,20,23,67.7,19,16.7,12.55,18.8,55,0,960.9,281,2.2,4,0,0,0,0,0,0,0,345,0,19,97
WAE,2020,7,5,21,21.5,74.1,18.9,16.7,12.48,18.3,53.3,0,961.1,260,1.7,2.7,0,0,0,0,0,0,0,342,0,19,97
WAE,2020,7,5,22,20.8,75.6,18.6,16.3,12.27,17.9,52.1,0,961.3,263,1.6,2.3,0,0,0,0,0,0,0,344,19,19,97
WAE,2020,7,5,23,20.4,77,18.5,16.2,12.21,17.7,51.5,0,961.2,225,2.6,3.9,0,0,0,0,0,0,0,366,41,19,97
WAE,2020,7,6,0,20.3,75.2,18,15.8,11.87,17.4,50.5,0,961.2,229,3.3,4.8,0,0,0,0,0,0,0,350,19,19,97
WAE,2020,7,6,1,19.7,74.5,17,15,11.2,16.7,48.2,0,960.9,236,3.5,4.8,0,0,0,0,0,0,0,354,0,18,97
WAE,2020,7,6,2,19.4,72.8,16.4,14.4,10.8,16.2,46.9,0,960.6,265,3.3,4.5,0,0,0,0,0,0,0,350,6,18,97
WAE,2020,7,6,3,18.2,78.5,16.4,14.4,10.81,15.8,45.7,0,960.3,232,2.2,3.8,0,0,0,0,0,0,0,358,44,18,97
WAE,2020,7,6,4,18.2,77,16,14.1,10.54,15.6,45,0,960.2,214,2.8,4.8,0,0,0,0,0,0,0,365,59,18,97
WAE,2020,7,6,5,19.7,70.4,16.1,14.2,10.61,16.2,46.7,0,959.7,222,3,6,85,273,41,141,279,22,22,361,50,18,97
WAE,2020,7,6,6,20.5,67.6,16.3,14.3,10.74,16.6,47.9,0,959.9,277,2.6,6.2,240,569,72,216,598,40,40,362,39,18,97
WAE,2020,7,6,7,21.5,64.1,16.4,14.4,10.81,17,49.1,0,960,261,3.9,8.3,424,751,79,157,765,55,54,355,25,18,97
WAE,2020,7,6,8,22.5,60.5,16.4,14.5,10.81,17.4,50.1,0,959.8,278,4,7.7,574,772,105,71,745,207,73,363,44,18,97
WAE,2020,7,6,9,22.1,60.9,16.2,14.2,10.67,17.1,49.4,0,960.4,282,5.5,10.9,365,85,301,167,242,203,160,380,71,18,97
WAE,2020,7,6,10,20.7,66.2,16.2,14.2,10.67,16.6,47.9,0,960.5,311,5.8,11.3,333,62,281,157,202,189,150,393,81,18,97
WAE,2020,7,6,11,19,68.5,15.1,13.1,9.93,15.4,44.3,0,961.3,322,5.8,11.3,214,20,196,111,124,119,106,396,94,18,97
WAE,2020,7,6,12,18.4,67.9,14.3,12.4,9.39,14.8,42.3,0,961.6,298,4.5,9,62,0,62,36,35,33,34,395,100,18,97
WAE,2020,7,6,13,18.1,65.8,13.6,11.6,8.92,14.2,40.8,0,961.9,280,2.4,6,49,0,49,28,28,27,27,394,100,18,97
WAE,2020,7,6,14,18.2,65.6,13.7,11.7,8.99,14.3,41.1,0,962,229,2.3,4.3,48,0,48,28,27,26,26,391,100,18,97
WAE,2020,7,6,15,19.1,56.7,12.5,10.3,8.19,13.9,40,0,962.3,246,2.2,4.6,100,0,100,58,57,54,55,388,100,18,97
WAE,2020,7,6,16,19.5,46,10.4,7.6,6.79,12.8,36.8,0,962.5,267,2.2,6.8,223,9,217,125,124,119,128,385,100,18,97
WAE,2020,7,6,17,19.3,42.5,9.5,6.2,6.2,12.1,35.1,0,962.9,281,2.2,4.9,136,11,131,78,75,70,83,382,100,18,97
WAE,2020,7,6,18,19.1,42.7,9.5,6.1,6.19,12,34.9,0,963.4,263,2.7,5.3,19,0,19,11,11,10,10,379,100,18,97
WAE,2020,7,6,19,18.6,46.4,9.9,6.9,6.45,12.1,35.1,0,963.9,280,3,6.4,16,0,16,9,9,8,9,376,100,18,97
WAE,2020,7,6,20,17.8,45.6,9.3,5.9,6.05,11.4,33.2,0,964.7,335,2.7,6.6,0,0,0,0,0,0,0,372,100,18,97
WAE,2020,7,6,21,16.4,46.7,8.7,5,5.66,10.4,30.8,0,965.2,288,1.8,4.6,0,0,0,0,0,0,0,368,94,18,97
WAE,2020,7,6,22,16,48.9,8.9,5.3,5.79,10.4,30.7,0,965.4,263,1.7,2.7,0,0,0,0,0,0,0,365,100,18,97
WAE,2020,7,6,23,15.4,51.9,9,5.6,5.85,10.2,30.3,0,965.3,351,1.1,3.5,0,0,0,0,0,0,0,361,94,18,97
WAE,2020,7,7,0,15.4,50.9,8.8,5.3,5.72,10.1,30,0,965,353,1.2,3.9,0,0,0,0,0,0,0,353,88,18,97
WAE,2020,7,7,1,14.5,55.5,9.2,5.7,5.99,9.9,29.7,0,964.9,326,1.3,3,0,0,0,0,0,0,0,330,88,17,97
WAE,2020,7,7,2,13.7,57.5,9,5.5,5.86,9.4,28.6,0,964.8,117,1,2,0,0,0,0,0,0,0,298,56,17,97
WAE,2020,7,7,3,12.5,65.1,9.4,6.1,6.12,9.2,28,0,964.9,360,0.8,3,0,0,0,0,0,0,0,286,40,17,97
WAE,2020,7,7,4,11.4,73,9.8,6.7,6.38,8.9,27.5,0,965,207,0.9,2.5,0,0,0,0,0,0,0,302,40,17,97
WAE,2020,7,7,5,12.6,69.1,10.1,7.1,6.58,9.7,29.3,0,964.9,168,2.5,3.8,93,381,40,193,376,21,21,293,10,17,97
WAE,2020,7,7,6,14.3,65.6,10.7,8,6.98,10.8,32,0,964.5,141,1.4,3.1,255,646,63,229,666,37,37,279,0,17,97
WAE,2020,7,7,7,15.3,61.4,10.7,7.9,6.98,11.2,33,0,964.1,86,1.5,3.3,437,793,77,162,805,54,53,280,13,17,97
WAE,2020,7,7,8,15.9,57.4,10.4,7.5,6.79,11.3,33.2,0,963.7,81,1.4,2.9,610,883,78,64,818,201,67,282,13,17,97
WAE,2020,7,7,9,17.2,55.3,10.9,8.2,7.12,12.2,35.3,0,963.4,76,1.4,3.3,738,849,118,82,709,359,85,284,0,17,97
WAE,2020,7,7,10,18.1,47.8,9.9,6.9,6.46,11.9,34.6,0,963.2,38,1.3,3,866,925,99,88,577,474,92,286,6,17,97
WAE,2020,7,7,11,19.2,43.6,9.7,6.5,6.33,12.2,35.4,0,963.1,17,1.7,4,998,984,124,99,421,595,104,292,13,17,97
WAE,2020,7,7,12,20,42.9,10,7,6.53,12.7,36.7,0,962.8,27,1.8,4.1,947,903,127,99,166,575,186,301,6,17,97
WAE,2020,7,7,13,20.8,39.2,9.6,6.4,6.27,12.8,36.8,0,962.7,28,2.1,5.1,949,968,94,93,94,551,418,308,0,17,97
WAE,2020,7,7,14,21.5,35.9,9.2,5.8,6,12.8,36.9,0,962.3,349,1.6,4.1,861,906,119,91,91,475,607,308,13,17,97
WAE,2020,7,7,15,22.2,35,9.4,6,6.14,13.2,37.9,0,962.1,354,1.5,4.3,705,789,139,85,86,346,699,308,0,17,97
WAE,2020,7,7,16,22.2,34.8,9.3,5.9,6.07,13.1,37.8,0,961.8,17,1.7,3.3,578,830,92,65,65,187,799,308,0,17,97
WAE,2020,7,7,17,22.5,30.7,8.4,4.4,5.48,12.6,36.6,0,961.5,306,1.6,3.7,401,716,87,170,53,54,743,308,0,17,97
WAE,2020,7,7,18,21.9,32.7,8.6,4.8,5.61,12.6,36.3,0,961.5,299,1.4,3.3,231,611,64,233,36,36,631,308,13,17,97
WAE,2020,7,7,19,20.7,39,9.5,6.3,6.21,12.7,36.6,0,961.6,252,1.4,2.6,78,347,34,178,18,18,339,320,0,17,97
WAE,2020,7,7,20,18.1,50.8,10.5,7.8,6.86,12.3,35.6,0,962.1,236,3.1,4,0,0,0,0,0,0,0,306,6,17,97
WAE,2020,7,7,21,17.1,50.2,9.8,6.7,6.4,11.4,33.4,0,962.6,234,3.5,4.7,0,0,0,0,0,0,0,335,41,17,97
WAE,2020,7,7,22,16.2,50.7,9.4,6,6.13,10.7,31.8,0,962.9,221,3.8,4.9,0,0,0,0,0,0,0,312,13,17,97
WAE,2020,7,7,23,16,49.7,9,5.5,5.87,10.4,30.9,0,962.9,227,3.8,5.4,0,0,0,0,0,0,0,300,0,17,97
WAE,2020,7,8,0,14.9,55.2,9.4,6,6.13,10.2,30.5,0,962.6,225,1.8,2.9,0,0,0,0,0,0,0,303,0,17,97
WAE,2020,7,8,1,13.7,62.4,9.8,6.7,6.4,10,29.9,0,962.3,234,1.1,2.5,0,0,0,0,0,0,0,307,0,14,97
WAE,2020,7,8,2,12.9,66.6,9.9,6.8,6.47,9.7,29.3,0,962.1,221,1.2,2.7,0,0,0,0,0,0,0,340,58,14,97
WAE,2020,7,8,3,12.4,69.8,10,7,6.53,9.5,28.9,0,962.1,222,1.3,2.2,0,0,0,0,0,0,0,323,31,14,97
WAE,2020,7,8,4,12.5,69.7,10.1,7.1,6.6,9.6,29.2,0,962.4,239,0.6,1.5,0,0,0,0,0,0,0,301,0,14,97
WAE,2020,7,8,5,13.9,66.4,10.5,7.7,6.86,10.5,31.3,0,962.3,198,1,2.2,88,343,38,170,339,19,19,301,0,14,97
WAE,2020,7,8,6,15.8,67.4,12.1,9.8,7.92,12.4,35.9,0,962.3,103,1.6,4.2,251,657,59,226,669,32,32,302,0,14,97
WAE,2020,7,8,7,16.7,67.7,12.9,10.7,8.45,13.2,38.2,0,962.5,77,1.8,3.6,421,761,77,151,769,47,46,303,0,14,97
WAE,2020,7,8,8,18.2,58.9,12.3,10,8.05,13.4,38.7,0,962.4,74,1.5,2.5,584,800,100,60,758,200,62,314,19,14,97
WAE,2020,7,8,9,19.7,49.8,11.4,8.9,7.46,13.5,38.7,0,962.3,76,1.7,3.1,751,926,75,64,716,335,67,312,6,14,97
WAE,2020,7,8,10,20.4,47.2,11.3,8.8,7.39,13.7,39.3,0,962.3,32,1.6,3.1,872,955,82,73,567,459,77,314,6,14,97
WAE,2020,7,8,11,22.1,44.8,11.9,9.6,7.79,14.7,42,0,962,29,1.9,4.2,916,903,115,83,372,530,86,321,25,14,97
WAE,2020,7,8,12,23.6,41.1,12,9.6,7.86,15.3,43.7,0,961.8,315,2.5,7.1,936,881,138,89,153,559,179,327,25,14,97
WAE,2020,7,8,13,25,35.5,11.2,8.7,7.33,15.3,43.8,0,961.6,289,4,8,935,958,89,79,79,529,393,353,33,14,97
WAE,2020,7,8,14,26,28.7,9.6,6.5,6.27,14.8,42.1,0,961.6,283,4.3,7.4,822,851,127,81,82,443,573,358,48,14,97
WAE,2020,7,8,15,25.9,31.4,10.5,7.7,6.87,15.2,43.6,0,961.6,290,3.3,8.7,687,760,144,78,78,328,672,340,25,14,97
WAE,2020,7,8,16,26.4,33.8,11.6,9.2,7.6,16.1,45.9,0,961.4,290,2.9,5.6,572,837,81,55,55,173,786,344,19,14,97
WAE,2020,7,8,17,26,35.2,11.9,9.4,7.8,16,46,0,961.3,321,2.2,6.3,352,516,119,143,64,63,561,370,58,14,97
WAE,2020,7,8,18,25.4,37.4,12.1,9.8,7.93,16,45.8,0,961.4,303,2.2,5.8,220,541,72,213,36,35,567,361,40,14,97
WAE,2020,7,8,19,23.5,43.6,12.6,10.4,8.26,15.6,44.6,0,961.9,306,3,5.9,52,131,30,72,15,15,140,380,75,14,97
WAE,2020,7,8,20,21.3,48.8,12.4,10.1,8.12,14.7,42,0,962.5,258,2.6,4.9,0,0,0,0,0,0,0,357,50,14,97
WAE,2020,7,8,21,19.7,54.1,12.4,10.2,8.12,14.1,40.4,0,962.6,236,2.8,3.9,0,0,0,0,0,0,0,332,6,14,97
WAE,2020,7,8,22,18.6,58,12.4,10.2,8.11,13.7,39.3,0,962.9,210,3,4.5,0,0,0,0,0,0,0,342,25,14,97
WAE,2020,7,8,23,17.7,60.4,12.2,9.9,7.98,13.2,38,0,962.8,189,2,3.7,0,0,0,0,0,0,0,344,33,14,97
WAE,2020,7,9,0,16.7,65.4,12.4,10.2,8.12,12.9,37.3,0,962.6,198,0.8,3.3,0,0,0,0,0,0,0,350,48,14,97
WAE,2020,7,9,1,16.5,65.7,12.3,10.1,8.05,12.8,37,0,962.2,174,1.9,4,0,0,0,0,0,0,0,346,41,17,97
WAE,2020,7,9,2,16,68,12.3,10.1,8.06,12.6,36.5,0,962,167,1.7,3.6,0,0,0,0,0,0,0,350,48,17,97
WAE,2020,7,9,3,15.2,71.2,12.3,10,8.06,12.2,35.7,0,961.9,170,1.4,4.1,0,0,0,0,0,0,0,359,59,17,97
WAE,2020,7,9,4,15.6,68.3,12.1,9.8,7.92,12.3,35.7,0,962.1,221,1.5,3.3,0,0,0,0,0,0,0,353,48,17,97
WAE,2020,7,9,5,16.5,68.5,12.9,10.7,8.45,13.1,38,0,962.5,197,1.2,2.5,65,162,38,90,175,20,20,362,66,17,97
WAE,2020,7,9,6,18.6,65.8,14.1,12.1,9.25,14.7,42.1,0,962.7,103,1.1,2.9,239,564,72,208,593,39,39,330,0,17,97
WAE,2020,7,9,7,19.7,65.8,15.1,13.1,9.91,15.6,45,0,962.6,90,2,3.7,420,778,69,149,782,50,50,330,0,17,97
WAE,2020,7,9,8,20.6,62.9,15.3,13.3,10.05,16.1,46.2,0,962.4,78,1.9,2.9,585,841,80,62,785,195,65,327,0,17,97
WAE,2020,7,9,9,22.1,53.2,14.1,12.1,9.25,15.9,45.7,0,962.2,79,1.7,3.3,724,858,100,77,700,346,80,327,6,17,97
WAE,2020,7,9,10,23.6,53.5,15.5,13.6,10.19,17.3,49.7,0,961.8,77,1.8,3.3,806,773,168,99,556,466,102,345,23,17,97
WAE,2020,7,9,11,24.5,46.7,14.4,12.4,9.46,16.9,48.7,0,961.7,63,1.5,3.3,699,402,345,189,373,420,184,388,90,17,97
WAE,2020,7,9,12,25.7,43.4,14.4,12.3,9.46,17.3,50,0,961.3,37,1.6,3.1,728,390,374,188,266,461,240,393,100,17,97
WAE,2020,7,9,13,27,40.9,14.6,12.6,9.6,17.9,51.6,0,960.7,55,1.6,3.3,864,761,192,109,110,532,426,386,56,17,97
WAE,2020,7,9,14,28.3,34.3,13.2,11.1,8.67,17.6,50.6,0,960.2,266,2.4,5.9,822,854,124,89,89,457,581,361,13,17,97
WAE,2020,7,9,15,29.2,30.5,12.4,10.1,8.14,17.4,50.2,0,959.5,257,3.3,7.6,705,823,115,79,79,338,701,353,6,17,97
WAE,2020,7,9,16,29.3,29.3,11.9,9.6,7.81,17.2,49.4,0,959.1,258,2.2,5.1,560,794,96,64,65,187,770,352,0,17,97
WAE,2020,7,9,17,29.5,26.6,10.9,8.3,7.15,16.7,48,0,958.8,260,2.4,4.7,396,724,80,162,50,51,745,351,0,17,97
WAE,2020,7,9,18,28.8,29.6,11.7,9.3,7.68,16.9,48.6,0,958.7,263,1.6,3.5,226,612,59,225,33,34,628,351,0,17,97
WAE,2020,7,9,19,26.7,35.9,12.5,10.4,8.22,16.7,47.8,0,958.7,242,2.2,3.2,73,315,32,159,17,17,309,354,13,17,97
WAE,2020,7,9,20,24.3,42.2,12.8,10.6,8.41,16,45.9,0,959.1,270,2.4,4.1,0,0,0,0,0,0,0,345,0,17,97
WAE,2020,7,9,21,22,52.1,13.8,11.7,9.08,15.7,45.2,0,959.3,227,1.9,2.6,0,0,0,0,0,0,0,348,0,17,97
WAE,2020,7,9,22,20.4,57.9,13.9,11.8,9.14,15.2,43.7,0,959.5,217,1.2,2.4,0,0,0,0,0,0,0,333,0,17,97
WAE,2020,7,9,23,19.1,63.6,14,12,9.21,14.8,42.6,0,959.6,221,1.2,2.8,0,0,0,0,0,0,0,331,0,17,97
WAE,2020,7,10,0,18.5,64.8,13.8,11.8,9.08,14.5,41.6,0,959.3,187,1.2,3.5,0,0,0,0,0,0,0,326,0,17,97
WAE,2020,7,10,1,17.7,68.5,13.8,11.8,9.08,14.2,40.8,0,959.1,149,1.2,2.3,0,0,0,0,0,0,0,326,0,17,97
WAE,2020,7,10,2,17,72.3,14,12,9.22,14,40.4,0,958.7,145,1.3,2.5,0,0,0,0,0,0,0,328,0,17,97
WAE,2020,7,10,3,17.2,73.6,14.5,12.4,9.56,14.3,41.5,0,958.3,151,1.2,2.4,0,0,0,0,0,0,0,330,0,17,97
WAE,2020,7,10,4,16.9,75.4,14.5,12.5,9.56,14.2,41.2,0,958.3,164,0.8,1.9,0,0,0,0,0,0,0,332,0,17,97
WAE,2020,7,10,5,18.4,71.2,15.1,13.1,9.96,15.1,43.7,0,958.1,156,1,2.2,82,298,38,150,301,20,20,341,13,17,97
WAE,2020,7,10,6,20.2,67.6,16,14,10.56,16.3,47.1,0,958.2,45,0.4,1.3,235,580,67,212,605,38,38,345,19,17,97
WAE,2020,7,10,7,21.6,65.3,16.8,14.8,11.1,17.2,49.9,0,958.3,79,1.1,2.5,393,647,100,154,684,59,58,363,26,17,97
WAE,2020,7,10,8,23.5,54.8,15.8,13.9,10.42,17.4,50.2,0,958.6,8,1.4,5.3,593,847,85,65,797,205,67,362,23,17,97
WAE,2020,7,10,9,25.9,45.3,15.1,13.2,9.95,17.8,51.4,0,958.7,294,2.4,6.2,730,888,83,76,709,345,79,382,43,17,97
WAE,2020,7,10,10,27,41,14.6,12.6,9.62,17.9,51.7,0,958.6,286,2.9,7.6,864,924,102,89,583,481,93,380,43,17,97
WAE,2020,7,10,11,28.2,39.3,15.1,13.1,9.96,18.5,53.8,0,958.3,258,3.8,9.1,927,938,96,93,381,549,97,383,35,17,97
WAE,2020,7,10,12,27.9,41.6,15.6,13.7,10.29,18.7,54.3,0,958.3,278,5.1,10,522,348,207,122,193,316,120,415,84,17,97
WAE,2020,7,10,13,27.1,46.7,16.7,14.7,11.03,19,55.4,0,958.1,245,2.8,7.9,450,204,273,145,144,273,262,421,88,17,97
WAE,2020,7,10,14,28.7,42.2,16.6,14.6,10.97,19.5,56.9,0,957.9,271,4.7,9.6,518,227,328,175,174,308,329,415,88,17,97
WAE,2020,7,10,15,28.4,43.4,16.8,14.8,11.11,19.5,56.9,0,957.7,254,3.2,8.7,232,57,193,107,107,126,158,412,94,17,97
WAE,2020,7,10,16,27.9,44.2,16.6,14.6,10.97,19.2,56.1,0,957.7,264,3.4,9.2,273,156,177,96,96,137,243,410,88,17,97
WAE,2020,7,10,17,25.3,55.1,17.7,15.6,11.71,18.9,55.3,0,958.1,4,3,9,110,35,94,61,52,50,87,411,100,17,97
WAE,2020,7,10,18,22.7,70,19.3,16.9,12.77,18.9,55.3,0,959.2,117,2.6,6.3,11,0,11,6,6,6,6,408,100,17,97
WAE,2020,7,10,19,22.4,69.2,18.6,16.5,12.29,18.5,53.8,0.1,959.8,183,2.6,7.8,4,0,4,2,2,2,2,406,94,17,97
WAE,2020,7,10,20,19.5,85.8,19.4,17.1,12.83,17.9,52.2,0,960.1,118,2.8,7.9,0,0,0,0,0,0,0,397,94,17,97
WAE,2020,7,10,21,19,88.9,19.5,17.1,12.88,17.8,51.8,0.8,960.9,131,1.3,3.6,0,0,0,0,0,0,0,400,100,17,97
WAE,2020,7,10,22,18,90.2,18.6,16.4,12.27,17,49.2,8.9,961.8,360,2.5,6.3,0,0,0,0,0,0,0,398,94,17,97
WAE,2020,7,10,23,17.1,94.5,18.4,16.2,12.13,16.5,47.9,6.8,962.3,236,1,2.2,0,0,0,0,0,0,0,395,100,17,97
WAE,2020,7,11,0,16.7,92.3,17.5,15.4,11.52,15.9,45.9,1.8,962.6,270,1.7,3.8,0,0,0,0,0,0,0,393,100,17,97
WAE,2020,7,11,1,16.2,92.6,17.1,15,11.25,15.4,44.8,2.7,962.5,257,1.9,3.4,0,0,0,0,0,0,0,391,100,17,97
WAE,2020,7,11,2,16,92.5,16.8,14.8,11.05,15.2,44.1,3.7,962.2,218,1.8,3.3,0,0,0,0,0,0,0,389,100,17,97
WAE,2020,7,11,3,16,94.2,17.1,15.1,11.25,15.4,44.6,1.8,962.2,219,0.7,1.5,0,0,0,0,0,0,0,388,100,17,97
WAE,2020,7,11,4,15.8,93.8,16.8,14.8,11.05,15.2,43.8,2,962.7,185,1.4,2.9,0,0,0,0,0,0,0,387,100,17,97
WAE,2020,7,11,5,15.6,92,16.2,14.3,10.64,14.8,42.6,0.5,962.9,253,2.4,4.8,40,73,33,53,85,18,18,386,100,17,97
WAE,2020,7,11,6,15.7,91.4,16.3,14.3,10.7,14.8,42.9,0.1,963.4,211,1.2,3.6,52,8,49,31,37,26,27,385,100,17,97
WAE,2020,7,11,7,16.3,89.3,16.5,14.5,10.83,15.2,43.8,0,964,291,1,3.9,186,51,165,106,146,87,89,384,100,17,97
WAE,2020,7,11,8,16.7,86.2,16.4,14.4,10.76,15.3,44,0,964.3,261,2.7,5.5,189,3,187,107,110,101,102,385,100,17,97
WAE,2020,7,11,9,15.3,92.3,16,14.1,10.49,14.6,41.9,5.4,965,69,2.2,4.7,101,0,101,58,58,54,56,385,100,17,97
WAE,2020,7,11,10,15.1,91.4,15.7,13.7,10.28,14.2,41.2,3,965.4,185,2.5,4.9,61,0,61,35,35,33,34,386,100,17,97
WAE,2020,7,11,11,15.8,88.8,15.9,14,10.41,14.7,42.2,1,965.7,183,1.9,4,48,0,48,28,28,26,26,387,100,17,97
WAE,2020,7,11,12,16.1,85.1,15.6,13.6,10.21,14.6,42,1.1,965.8,225,1.2,3.2,69,0,69,40,40,37,38,387,100,17,97
WAE,2020,7,11,13,16.7,87.6,16.6,14.6,10.88,15.4,44.3,0,966,50,0.9,2.5,258,13,247,141,140,141,143,388,100,17,97
WAE,2020,7,11,14,17.4,83.6,16.6,14.6,10.88,15.6,45,0,966,98,1.7,3.3,308,72,247,136,135,178,183,387,88,17,97
WAE,2020,7,11,15,18.1,80.5,16.7,14.7,10.94,16,45.9,0,966,97,2.7,5.5,361,317,145,81,81,182,350,377,88,17,97
WAE,2020,7,11,16,17.8,78.1,15.9,13.9,10.41,15.4,44.3,0,965.8,101,2.2,4.8,243,103,180,98,97,127,198,376,100,17,97
WAE,2020,7,11,17,18.2,76.3,15.9,14,10.41,15.6,44.7,0,965.9,108,1.1,3.4,140,53,120,83,67,63,120,384,94,17,97
WAE,2020,7,11,18,18.8,70.9,15.4,13.4,10.08,15.5,44.5,0,966,108,1.1,2.5,217,549,70,216,38,38,578,355,50,17,97
WAE,2020,7,11,19,17.5,77.3,15.4,13.5,10.07,15,43.1,0,966.2,139,1,2.5,75,327,34,166,18,18,322,344,33,17,97
WAE,2020,7,11,20,15.5,86.3,15.2,13.2,9.94,14.1,40.7,0,966.8,117,1.4,3.6,0,0,0,0,0,0,0,336,36,17,97
WAE,2020,7,11,21,14.5,86.7,14.3,12.3,9.34,13.2,38.2,0,967,175,1.1,2.4,0,0,0,0,0,0,0,341,36,17,97
WAE,2020,7,11,22,14.2,85.9,13.9,11.9,9.07,12.8,37.2,0,966.9,157,1.5,2.7,0,0,0,0,0,0,0,347,50,17,97
WAE,2020,7,11,23,13.5,89.3,13.8,11.8,9.01,12.5,36.3,0,966.9,142,1.2,2.6,0,0,0,0,0,0,0,330,16,17,97
WAE,2020,7,12,0,13.5,87,13.4,11.4,8.74,12.3,35.6,0,966.8,164,1.9,2.8,0,0,0,0,0,0,0,325,0,17,97
WAE,2020,7,12,1,13.2,87,13.2,11.1,8.61,12,35,0,966.6,161,1.8,2.5,0,0,0,0,0,0,0,334,0,16,97
WAE,2020,7,12,2,12.8,90.1,13.3,11.2,8.68,11.9,34.8,0,966.4,159,1.7,2.4,0,0,0,0,0,0,0,320,0,16,97
WAE,2020,7,12,3,12.4,91.4,13.1,11,8.55,11.6,34,0,966.4,162,1.6,3.1,0,0,0,0,0,0,0,333,0,16,97
WAE,2020,7,12,4,12.6,90.9,13.2,11.2,8.61,11.8,34.4,0,966.6,162,2,3.1,0,0,0,0,0,0,0,329,0,16,97
WAE,2020,7,12,5,13.1,89.7,13.6,11.4,8.87,12.1,35.6,0,966.8,175,1.2,2.1,86,323,43,166,325,21,22,316,25,16,97
WAE,2020,7,12,6,14.8,84.7,14.3,12.3,9.34,13.3,38.5,0,966.9,73,1.5,3.5,186,250,115,145,314,57,58,318,40,16,97
WAE,2020,7,12,7,15.3,78.1,13.6,11.5,8.87,13.1,37.8,0,967.1,90,1.3,3.2,406,694,97,157,726,54,54,306,25,16,97
WAE,2020,7,12,8,16,77.1,14,12,9.14,13.6,39.2,0,967,45,1,3,572,763,117,67,747,215,69,293,0,16,97
WAE,2020,7,12,9,17.4,71,14.1,12.1,9.2,14.2,40.8,0,966.9,23,1,2.6,785,935,108,76,763,381,79,295,0,16,97
WAE,2020,7,12,10,19.5,61.1,13.8,11.8,9.01,14.8,42.5,0,966.9,29,1.4,3.9,904,964,110,84,609,504,88,296,0,16,97
WAE,2020,7,12,11,20.5,53.8,12.9,10.8,8.41,14.7,42,0,966.8,42,1.4,3.7,956,979,91,86,384,561,91,298,0,16,97
WAE,2020,7,12,12,21.4,51.7,13.2,11.1,8.61,15.2,43.4,0,966.7,33,2,6,985,985,95,89,150,591,170,302,0,16,97
WAE,2020,7,12,13,22.3,48.9,13.2,11,8.61,15.5,44.3,0,966.5,34,2.8,7.3,905,860,148,96,97,548,411,312,19,16,97
WAE,2020,7,12,14,22.9,46.4,12.9,10.8,8.42,15.6,44.4,0,966.4,28,3.2,6.7,791,731,194,103,103,463,560,344,41,16,97
WAE,2020,7,12,15,23.4,46.3,13.3,11.2,8.68,16,45.6,0,966.1,22,3.7,7.4,713,844,114,77,78,338,717,317,16,16,97
WAE,2020,7,12,16,23.1,43.6,12.4,10.1,8.09,15.3,43.8,0,965.9,24,3.6,6.2,574,839,84,60,60,189,795,306,0,16,97
WAE,2020,7,12,17,22.9,44.3,12.3,10.1,8.03,15.2,43.4,0,965.5,28,4.3,8,406,776,71,155,46,47,787,306,0,16,97
WAE,2020,7,12,18,22.3,47.8,12.8,10.7,8.36,15.3,43.7,0,965.6,40,4.5,6.8,224,601,63,221,33,34,622,305,0,16,97
WAE,2020,7,12,19,20.6,51.6,12.5,10.3,8.16,14.5,41.4,0,965.6,47,3.7,6.2,73,328,32,164,17,16,322,307,6,16,97
WAE,2020,7,12,20,17.9,61.1,12.6,10.3,8.22,13.5,38.8,0,965.6,59,1.9,3.9,0,0,0,0,0,0,0,298,0,16,97
WAE,2020,7,12,21,17.1,64.8,12.6,10.4,8.22,13.2,38,0,965.7,124,0.7,2.7,0,0,0,0,0,0,0,296,0,16,97
WAE,2020,7,12,22,15.7,72.9,13,10.9,8.49,12.9,37.3,0,965.5,113,1,2.8,0,0,0,0,0,0,0,305,6,16,97
WAE,2020,7,12,23,15.3,72.4,12.6,10.4,8.23,12.5,36.2,0,965.4,157,1,2.3,0,0,0,0,0,0,0,323,38,16,97
WAE,2020,7,13,0,15.4,69.1,12.1,9.8,7.9,12.2,35.5,0,965.2,165,2.3,3.3,0,0,0,0,0,0,0,321,31,16,97
WAE,2020,7,13,1,15.1,72.2,12.4,10.1,8.1,12.2,35.7,0,965,169,2.6,3.4,0,0,0,0,0,0,0,296,0,18,97
WAE,2020,7,13,2,14.5,74.9,12.4,10.1,8.1,12,35,0,964.9,171,2.4,3.4,0,0,0,0,0,0,0,305,10,18,97
WAE,2020,7,13,3,13.8,77.7,12.2,10,7.97,11.6,34,0,964.7,227,1.8,3.4,0,0,0,0,0,0,0,316,16,18,97
WAE,2020,7,13,4,13.7,74.1,11.6,9.2,7.57,11.2,32.9,0,964.8,260,2.4,3.7,0,0,0,0,0,0,0,294,29,18,97
WAE,2020,7,13,5,14.4,69.7,11.4,8.9,7.44,11.3,33.3,0,965,281,2.1,3.8,85,367,36,179,363,19,19,295,6,18,97
WAE,2020,7,13,6,15,68.2,11.6,9.2,7.57,11.7,34.2,0,965.1,298,1.9,3.5,239,609,66,218,635,38,38,301,6,18,97
WAE,2020,7,13,7,16,66.1,12.1,9.7,7.9,12.4,36.1,0,965.2,315,2.1,4,408,715,91,158,747,57,56,322,33,18,97
WAE,2020,7,13,8,16.9,66.3,12.8,10.6,8.36,13.2,38.2,0,965,3,2.1,4,561,725,132,77,734,224,78,324,35,18,97
WAE,2020,7,13,9,17.7,63.8,13,10.8,8.5,13.6,39.3,0,964.8,37,1.2,3.2,709,783,139,91,676,366,93,348,61,18,97
WAE,2020,7,13,10,18.9,61.1,13.3,11.2,8.7,14.3,41.1,0,964.7,38,1.3,2.7,785,694,216,117,558,476,118,362,71,18,97
WAE,2020,7,13,11,20.3,58.4,13.9,11.9,9.1,15.2,43.5,0,964.3,40,1.6,3.5,849,699,233,126,421,543,128,359,64,18,97
WAE,2020,7,13,12,21.3,53.1,13.5,11.4,8.84,15.3,43.9,0,963.8,32,1.4,3.2,857,664,259,134,222,561,231,368,65,18,97
WAE,2020,7,13,13,22.1,50,13.3,11.2,8.71,15.5,44.4,0,963.3,33,1.8,3.8,854,724,218,120,120,544,435,347,39,18,97
WAE,2020,7,13,14,23.2,48.7,13.9,11.8,9.11,16.2,46.5,0,963,43,2.1,4,777,699,209,115,115,466,569,353,43,18,97
WAE,2020,7,13,15,23.6,41.7,12.2,9.8,7.98,15.4,44.1,0,962.6,6,1.7,4.1,662,665,184,104,104,352,633,357,54,18,97
WAE,2020,7,13,16,23.8,43.8,12.9,10.8,8.45,15.9,45.5,0,962,32,1.7,3,543,716,129,75,75,209,731,352,38,18,97
WAE,2020,7,13,17,23.8,42.5,12.6,10.3,8.26,15.7,45,0,961.8,23,1.6,2.8,394,730,79,158,51,53,754,341,0,18,97
WAE,2020,7,13,18,23.2,41.5,11.8,9.4,7.73,15,43,0,961.6,21,1.5,2.9,222,601,61,220,35,35,622,332,19,18,97
WAE,2020,7,13,19,21.5,45,11.5,9.1,7.53,14.3,40.7,0,961.7,24,1.3,3.3,64,239,32,120,17,17,241,343,13,18,97
WAE,2020,7,13,20,18.7,56.3,12.2,9.8,7.99,13.5,39.1,0,962,243,1,1.8,0,0,0,0,0,0,0,328,0,18,97
WAE,2020,7,13,21,17.8,60.8,12.4,10.1,8.12,13.3,38.5,0,961.8,180,1.5,3,0,0,0,0,0,0,0,342,48,18,97
WAE,2020,7,13,22,16.8,65.4,12.5,10.3,8.19,13,37.6,0,961.7,176,1.5,3.2,0,0,0,0,0,0,0,349,55,18,97
WAE,2020,7,13,23,16.1,67.3,12.3,10,8.06,12.6,36.6,0,961.4,180,1.9,3.8,0,0,0,0,0,0,0,313,13,18,97
WAE,2020,7,14,0,15.4,68.7,12,9.7,7.86,12.2,35.4,0,961.4,164,1.7,3.4,0,0,0,0,0,0,0,316,10,18,97
WAE,2020,7,14,1,14.5,75.8,12.5,10.3,8.2,12.1,35.3,0,961,284,1,2,0,0,0,0,0,0,0,323,10,19,97
WAE,2020,7,14,2,14.3,77.5,12.6,10.4,8.27,12.1,35.3,0,960.7,249,1.4,2.5,0,0,0,0,0,0,0,311,6,19,97
WAE,2020,7,14,3,13.7,79.2,12.5,10.2,8.2,11.7,34.5,0,960.5,247,1.5,2.5,0,0,0,0,0,0,0,335,33,19,97
WAE,2020,7,14,4,13.8,81.6,12.9,10.7,8.47,12,35.3,0,960.5,276,1,2.3,0,0,0,0,0,0,0,325,23,19,97
WAE,2020,7,14,5,14.6,80.2,13.3,11.2,8.73,12.6,36.7,0,960.7,256,0.9,1.5,67,186,42,106,199,22,23,331,38,19,97
WAE,2020,7,14,6,16.6,74.9,14.1,12.1,9.27,13.9,40.1,0,960.5,104,0.7,1.7,190,365,76,142,405,44,45,349,58,19,97
WAE,2020,7,14,7,17.8,69.4,14.1,12.1,9.27,14.4,41.4,0,960.5,72,1.3,2.8,403,714,85,153,744,59,58,325,19,19,97
WAE,2020,7,14,8,18.5,70,14.9,12.9,9.8,15.1,43.5,0,960.4,74,1.8,3,548,696,137,84,716,228,85,327,33,19,97
WAE,2020,7,14,9,19.8,62.3,14.4,12.4,9.47,15.3,43.9,0,960.1,72,1.4,2.9,724,844,111,91,706,370,94,347,39,19,97
WAE,2020,7,14,10,20.6,61.1,14.8,12.8,9.74,15.8,45.5,0,959.7,52,1.7,2.9,866,942,93,96,596,497,101,323,19,19,97
WAE,2020,7,14,11,21.5,55.5,14.3,12.2,9.41,15.8,45.5,0,959.3,32,1.7,3.6,944,945,112,106,413,586,111,332,25,19,97
WAE,2020,7,14,12,23,44.7,12.5,10.3,8.22,15.4,44,0,958.9,16,2.7,4.9,916,850,151,115,189,587,203,352,33,19,97
WAE,2020,7,14,13,23.3,39.2,11.2,8.7,7.35,14.7,42.1,0,958.5,7,2,5.2,901,873,134,109,109,563,423,358,35,19,97
WAE,2020,7,14,14,24.6,34.8,10.8,8.1,7.09,14.9,42.8,0,958,290,2.2,7.7,693,527,261,155,155,416,477,364,55,19,97
WAE,2020,7,14,15,24.6,35.8,11.1,8.5,7.29,15.1,43.3,0,957.7,306,2,4.9,655,654,190,108,109,358,645,363,53,19,97
WAE,2020,7,14,16,25.3,32,10.3,7.4,6.76,14.9,42.7,0,957.4,301,2.8,7.1,603,859,105,75,75,225,845,359,36,19,97
WAE,2020,7,14,17,24.6,33.6,10.4,7.5,6.83,14.7,42.1,0,957.3,301,2.3,6,340,543,98,135,63,63,586,346,36,19,97
WAE,2020,7,14,18,24.4,35.1,10.7,8,7.03,14.8,42.4,0,957.3,292,2.2,4.2,209,516,74,208,42,42,552,343,29,19,97
WAE,2020,7,14,19,22.4,39.6,10.7,8,7.03,14.1,40.4,0,957.2,270,2,3.4,56,189,29,97,16,16,195,362,64,19,97
WAE,2020,7,14,20,20.7,43.8,10.7,8,7.03,13.4,38.7,0,957.5,261,2.7,3.9,0,0,0,0,0,0,0,387,94,19,97
WAE,2020,7,14,21,20.6,45.1,11,8.3,7.23,13.5,39.1,0,957.8,236,3.8,6.3,0,0,0,0,0,0,0,384,100,19,97
WAE,2020,7,14,22,19.9,48.5,11.2,8.7,7.36,13.5,38.7,0,957.9,232,3.2,5.2,0,0,0,0,0,0,0,368,100,19,97
WAE,2020,7,14,23,18.5,54.4,11.5,9.1,7.56,13.1,37.8,0,958.1,176,1.8,4,0,0,0,0,0,0,0,362,68,19,97
WAE,2020,7,15,0,17.6,58.5,11.8,9.4,7.76,12.9,37.3,0,958,188,0.8,2.2,0,0,0,0,0,0,0,377,100,19,97
WAE,2020,7,15,1,17.6,61.8,12.4,10.2,8.16,13.3,38.4,0,957.7,194,0.7,1.4,0,0,0,0,0,0,0,375,100,20,97
WAE,2020,7,15,2,17.4,71.7,14.3,12.2,9.43,14.3,41.4,0,957.5,140,1,2.3,0,0,0,0,0,0,0,376,100,20,97
WAE,2020,7,15,3,17.1,70.8,13.8,11.8,9.1,13.9,40.2,0,957.3,210,1.5,2.8,0,0,0,0,0,0,0,376,100,20,97
WAE,2020,7,15,4,16.7,69.9,13.2,11.2,8.7,13.5,38.8,0,957.2,186,1,2.3,0,0,0,0,0,0,0,377,100,20,97
WAE,2020,7,15,5,16.2,71,13,10.9,8.56,13.1,38,0,957.4,201,0.9,2,65,197,40,109,208,22,22,367,71,20,97
WAE,2020,7,15,6,17.5,71.7,14.3,12.3,9.43,14.4,41.5,0,957.6,194,0.5,1.6,67,14,64,43,52,36,36,378,100,20,97
WAE,2020,7,15,7,18.2,70.2,14.6,12.7,9.63,14.8,42.7,0,957.8,153,0.3,1,114,2,113,67,68,62,64,379,100,20,97
WAE,2020,7,15,8,18.9,68.1,14.8,12.9,9.76,15.2,43.8,0,958.1,81,0.8,2,273,46,245,142,188,150,137,381,100,20,97
WAE,2020,7,15,9,19.4,65.3,14.6,12.7,9.63,15.3,43.9,0,958.1,351,1,2.6,321,30,298,174,200,180,167,383,100,20,97
WAE,2020,7,15,10,19.5,61,13.8,11.8,9.09,14.8,42.7,0,958.3,29,1.4,3.2,368,26,346,203,220,207,194,385,100,20,97
WAE,2020,7,15,11,19.9,57.2,13.3,11.2,8.75,14.7,42.2,0,958.4,342,1.8,3.3,308,19,291,170,179,175,163,387,100,20,97
WAE,2020,7,15,12,20.5,56.5,13.6,11.6,8.95,15.1,43.3,0,958.4,343,1.8,4.9,536,108,438,249,274,323,260,389,100,20,97
WAE,2020,7,15,13,19.2,66,14.6,12.7,9.61,15.2,43.7,0.1,959.2,302,3.5,8.8,145,0,145,85,85,80,82,390,100,20,97
WAE,2020,7,15,14,17.7,78.4,15.9,13.9,10.48,15.3,44.3,0.4,959.6,248,1.9,5.2,141,0,141,83,82,78,79,389,100,20,97
WAE,2020,7,15,15,18.8,67.8,14.7,12.7,9.68,15.1,43.4,0,959.6,258,3,7.8,283,36,259,151,150,158,180,388,100,20,97
WAE,2020,7,15,16,19.2,63.4,14.1,12.1,9.28,14.9,42.8,0,959.5,253,3.7,7.4,314,152,222,125,124,168,272,387,100,20,97
WAE,2020,7,15,17,18.3,70,14.7,12.7,9.67,14.9,42.9,0,959.9,295,2.8,5.9,138,7,134,81,79,74,83,385,100,20,97
WAE,2020,7,15,18,15.7,87.7,15.7,13.7,10.33,14.5,41.9,1.6,960.6,288,2.5,6.9,43,1,43,25,25,24,25,384,100,20,97
WAE,2020,7,15,19,15.7,87.4,15.5,13.6,10.2,14.4,41.6,0,960.7,225,2.8,5,29,39,24,32,14,13,50,383,100,20,97
WAE,2020,7,15,20,15.7,86.2,15.4,13.4,10.12,14.3,41.4,0.2,961.6,249,2,5.3,0,0,0,0,0,0,0,382,100,20,97
WAE,2020,7,15,21,15.1,92.5,15.9,13.9,10.46,14.4,41.6,1,961.8,135,1.2,2.3,0,0,0,0,0,0,0,381,100,20,97
WAE,2020,7,15,22,15.1,93.8,16.1,14.1,10.59,14.5,42,3.5,962,174,2.1,4.4,0,0,0,0,0,0,0,380,100,20,97
WAE,2020,7,15,23,14.8,90.9,15.3,13.3,10.05,13.9,40.3,3.5,961.9,203,2.6,4.8,0,0,0,0,0,0,0,379,100,20,97
WAE,2020,7,16,0,14.6,90.3,14.9,13,9.79,13.6,39.4,2.7,962,208,3,5.7,0,0,0,0,0,0,0,379,100,20,97
WAE,2020,7,16,1,14.3,93.6,15.3,13.3,10.05,13.7,39.8,2.1,961.9,218,1.8,4.7,0,0,0,0,0,0,0,378,100,21,97
WAE,2020,7,16,2,14.3,94.9,15.5,13.5,10.19,13.8,40.1,2.2,961.6,174,1,1.9,0,0,0,0,0,0,0,378,100,21,97
WAE,2020,7,16,3,14.5,94.7,15.6,13.7,10.26,14,40.5,1.4,961.4,189,0.8,1.5,0,0,0,0,0,0,0,378,100,21,97
WAE,2020,7,16,4,14.3,96.5,15.7,13.8,10.33,14,40.5,1.7,961.5,135,0.4,0.8,0,0,0,0,0,0,0,379,100,21,97
WAE,2020,7,16,5,14.4,95,15.5,13.6,10.19,13.9,40.2,2.7,962,292,1.7,3.9,19,3,18,12,14,10,10,379,100,21,97
WAE,2020,7,16,6,15,90.9,15.4,13.5,10.12,14.1,40.7,0,962.3,251,2,4.8,60,0,59,35,35,33,34,379,100,21,97
WAE,2020,7,16,7,15.4,88.4,15.4,13.5,10.11,14.2,41.1,0,962.5,245,2.4,4.4,88,0,88,52,52,49,50,380,100,21,97
WAE,2020,7,16,8,15.8,85.9,15.4,13.4,10.11,14.3,41.5,0,962.8,255,2.4,6.1,129,0,129,76,76,72,73,381,100,21,97
WAE,2020,7,16,9,16,85,15.4,13.5,10.11,14.5,41.7,0,963,258,2.9,5.7,123,0,123,73,72,68,70,382,100,21,97
WAE,2020,7,16,10,16.5,79.3,14.9,12.9,9.77,14.3,41.3,0,963.2,249,2.6,5.3,130,0,130,77,76,72,74,383,100,21,97
WAE,2020,7,16,11,17.2,74.4,14.6,12.6,9.57,14.4,41.5,0,963.1,246,3,5.9,161,0,161,95,95,90,91,384,100,21,97
WAE,2020,7,16,12,17.4,70.3,14,11.9,9.18,14.1,40.7,0,962.9,242,2.2,4.9,76,0,76,45,45,42,43,386,100,21,97
WAE,2020,7,16,13,17.7,70.8,14.3,12.3,9.38,14.4,41.6,0,962.7,230,1.8,5.4,98,0,98,58,57,54,55,386,100,21,97
WAE,2020,7,16,14,17.4,72.2,14.3,12.3,9.38,14.3,41.3,0,962.6,235,2.9,5.4,56,0,56,33,33,31,32,386,100,21,97
WAE,2020,7,16,15,15.5,90.1,15.8,13.9,10.38,14.5,41.8,0.3,962.9,309,2.2,7.3,46,0,46,27,27,26,26,386,100,21,97
WAE,2020,7,16,16,15.7,90.8,16.2,14.2,10.64,14.8,42.7,0,963,277,0.9,1.7,74,0,74,44,43,41,42,385,100,21,97
WAE,2020,7,16,17,15.7,91.4,16.3,14.3,10.71,14.8,42.9,0.1,963,180,0.6,1.3,32,0,32,19,19,18,18,385,100,21,97
WAE,2020,7,16,18,15.7,92,16.4,14.4,10.77,14.9,43,0,963.2,159,1,2,44,1,43,26,25,24,26,384,100,21,97
WAE,2020,7,16,19,15.4,93.1,16.2,14.3,10.64,14.7,42.4,0.6,963.4,117,0.6,2.9,7,0,7,4,4,4,4,384,100,21,97
WAE,2020,7,16,20,15.3,94.4,16.4,14.4,10.77,14.7,42.6,0.2,963.7,309,0.8,2,0,0,0,0,0,0,0,383,100,21,97
WAE,2020,7,16,21,15.2,94.3,16.3,14.3,10.7,14.6,42.3,0.3,963.5,239,0.6,1.2,0,0,0,0,0,0,0,382,100,21,97
WAE,2020,7,16,22,15,95.5,16.3,14.3,10.7,14.6,42.1,2,963.6,279,0.7,2.5,0,0,0,0,0,0,0,382,100,21,97
WAE,2020,7,16,23,14.8,93.3,15.7,13.7,10.3,14.1,40.9,1.3,963.4,255,1.2,2.7,0,0,0,0,0,0,0,381,100,21,97
WAE,2020,7,17,0,14.7,93.2,15.5,13.6,10.17,14,40.5,1.2,963.1,248,1.9,3.5,0,0,0,0,0,0,0,380,100,21,97
WAE,2020,7,17,1,14.6,95.8,15.9,13.9,10.45,14.2,41.1,1.1,962.7,270,0.9,2.9,0,0,0,0,0,0,0,379,100,21,97
WAE,2020,7,17,2,14.5,96.8,16,14,10.51,14.2,41.2,0.2,962.5,315,0.4,1.3,0,0,0,0,0,0,0,379,100,21,97
WAE,2020,7,17,3,14.5,97,16,14,10.52,14.2,41.2,0.4,962.3,333,0.4,1.4,0,0,0,0,0,0,0,379,100,21,97
WAE,2020,7,17,4,14.6,94.9,15.7,13.8,10.32,14.1,40.8,0.9,962.1,279,0.7,2.6,0,0,0,0,0,0,0,379,100,21,97
WAE,2020,7,17,5,14.6,93.7,15.6,13.6,10.25,14,40.6,0.2,962.2,282,1.5,3.9,11,0,11,7,7,6,6,379,100,21,97
WAE,2020,7,17,6,14.6,96,15.9,14,10.45,14.2,41.1,3.3,962.7,333,0.9,3.3,42,0,42,25,24,23,24,378,100,21,97
WAE,2020,7,17,7,14.6,93.8,15.6,13.6,10.24,14,40.6,1.9,963.3,311,1.5,4.7,78,0,78,46,46,43,44,379,100,21,97
WAE,2020,7,17,8,14.6,93.1,15.4,13.5,10.1,13.9,40.2,1.5,963.4,175,1.4,2.7,127,0,127,75,75,71,72,380,100,21,97
WAE,2020,7,17,9,14.8,90.8,15.3,13.3,10.04,13.9,40.2,1.2,963.6,166,1.6,3,176,1,175,104,105,98,100,382,100,21,97
WAE,2020,7,17,10,14.7,91.5,15.3,13.3,10.04,13.9,40.1,1.4,963.6,158,1.6,3,143,0,143,85,84,80,81,384,100,21,97
WAE,2020,7,17,11,16.7,83.1,15.7,13.8,10.3,14.9,42.9,0,963.4,184,1.8,4.5,450,54,403,235,265,263,226,386,100,21,97
WAE,2020,7,17,12,17,81.7,15.8,13.9,10.37,15.1,43.4,0,963.4,32,1.2,2.9,461,60,407,236,238,271,249,387,100,21,97
WAE,2020,7,17,13,17.9,75.5,15.4,13.5,10.1,15.2,43.6,0,963.4,45,1.3,3,387,22,368,217,215,220,220,388,100,21,97
WAE,2020,7,17,14,18.1,73.1,15.1,13.2,9.91,15.1,43.3,0,963.3,32,1.4,3.2,379,33,352,207,205,216,223,388,100,21,97
WAE,2020,7,17,15,18.5,70.2,14.9,13,9.77,15.1,43.4,0,963.3,338,0.7,2,373,72,324,188,187,212,249,388,100,21,97
WAE,2020,7,17,16,18.9,68.8,15,13,9.84,15.3,44,0,963.1,31,1.2,2.9,289,62,251,146,145,160,204,388,100,21,97
WAE,2020,7,17,17,18.9,70.9,15.4,13.5,10.11,15.6,44.6,0,963.2,7,1,2,167,20,158,97,92,88,110,388,100,21,97
WAE,2020,7,17,18,18.7,71.5,15.4,13.4,10.11,15.4,44.4,0,963.2,22,0.7,1.9,97,20,91,60,54,51,72,388,100,21,97
WAE,2020,7,17,19,17.8,80.2,16.4,14.3,10.77,15.6,45.2,0,963.3,135,0.4,1.6,20,3,19,13,11,11,14,387,100,21,97
WAE,2020,7,17,20,17,85.9,16.6,14.6,10.9,15.5,44.7,0,963.7,23,0.8,2.5,0,0,0,0,0,0,0,384,100,21,97
WAE,2020,7,17,21,16.1,90,16.4,14.5,10.77,15.1,43.4,0,963.8,126,1,2,0,0,0,0,0,0,0,351,53,21,97
WAE,2020,7,17,22,15,94.2,16,14.1,10.5,14.4,41.6,0,963.9,104,0.5,1.7,0,0,0,0,0,0,0,318,6,21,97
WAE,2020,7,17,23,14.7,93.4,15.6,13.6,10.23,14,40.6,0,963.8,159,0.9,3.8,0,0,0,0,0,0,0,315,0,21,97
WAE,2020,7,18,0,14.4,91.9,15.1,13.1,9.9,13.6,39.5,0,963.6,180,2,3.8,0,0,0,0,0,0,0,337,0,21,97
WAE,2020,7,18,1,13.6,89.1,13.9,11.8,9.1,12.5,36.7,0,963.6,165,2,4.2,0,0,0,0,0,0,0,311,0,21,97
WAE,2020,7,18,2,13.4,86.1,13.3,11.1,8.71,12.1,35.5,0,963.5,170,2.9,4.6,0,0,0,0,0,0,0,316,0,21,97
WAE,2020,7,18,3,13.2,85.3,12.9,10.8,8.44,11.8,34.6,0,963.2,171,3.3,4.9,0,0,0,0,0,0,0,334,0,21,97
WAE,2020,7,18,4,12.9,86.4,12.9,10.7,8.44,11.6,34.3,0,963.1,165,2.7,3.8,0,0,0,0,0,0,0,308,0,21,97
WAE,2020,7,18,5,13.4,84.5,13,10.8,8.51,11.9,35,0,963.2,162,2.3,3.9,67,256,35,130,261,20,20,319,0,21,97
WAE,2020,7,18,6,14.5,86.6,14.3,12.3,9.37,13.2,38.3,0,963.1,148,1,2.2,230,613,62,213,641,40,40,309,0,21,97
WAE,2020,7,18,7,15.5,87.6,15.4,13.5,10.11,14.3,41.1,0,963.2,90,0.6,2.1,409,778,72,138,801,73,59,305,0,21,97
WAE,2020,7,18,8,16.3,81.9,15.2,13.2,9.97,14.4,41.6,0,963.2,31,1.3,2.8,578,845,83,75,810,225,78,306,0,21,97
WAE,2020,7,18,9,17.6,77.6,15.6,13.6,10.24,15.1,43.6,0,962.8,41,1.1,2.8,713,834,117,95,721,384,99,306,6,21,97
WAE,2020,7,18,10,19.6,64.4,14.6,12.7,9.58,15.4,44,0,962.7,21,1.1,3.3,844,910,102,104,595,508,109,312,0,21,97
WAE,2020,7,18,11,20.4,52.8,12.7,10.5,8.32,14.5,41.6,0,962.5,29,1.3,3.1,941,968,93,111,411,599,117,328,13,21,97
WAE,2020,7,18,12,21.6,46.2,11.9,9.6,7.79,14.5,41.5,0,962.1,30,2.4,5.5,883,764,199,138,226,590,215,342,23,21,97
WAE,2020,7,18,13,22.1,44.9,12,9.6,7.86,14.7,42.2,0,962,27,2.6,6.1,931,937,114,114,115,597,443,352,33,21,97
WAE,2020,7,18,14,22.6,42.3,11.6,9.2,7.59,14.7,42,0,961.8,36,1.9,4.3,808,798,166,120,120,497,607,355,48,21,97
WAE,2020,7,18,15,23.3,43.1,12.3,10.1,8.06,15.4,43.9,0,961.4,39,2.8,7.3,721,907,80,88,89,368,753,328,0,21,97
WAE,2020,7,18,16,23.2,42.3,12.1,9.7,7.93,15.2,43.5,0,961.4,31,3.7,7.1,569,852,80,73,74,213,823,315,6,21,97
WAE,2020,7,18,17,23.1,43.3,12.3,10,8.06,15.3,43.7,0,961.4,54,2.8,6.4,366,610,107,160,67,68,668,329,29,21,97
WAE,2020,7,18,18,22,48.5,12.8,10.6,8.39,15.2,43.5,0,961.3,50,2.8,5.5,215,586,63,215,39,40,616,338,29,21,97
WAE,2020,7,18,19,20.4,52.4,12.5,10.3,8.19,14.4,41.3,0,961.5,47,1.9,4.1,57,231,28,114,16,15,234,346,36,21,97
WAE,2020,7,18,20,18.6,58.9,12.6,10.4,8.26,13.8,39.6,0,961.8,178,2.4,3.9,0,0,0,0,0,0,0,356,65,21,97
WAE,2020,7,18,21,17.7,60.3,12.2,9.9,7.99,13.2,38,0,962.1,171,2.4,4.1,0,0,0,0,0,0,0,349,44,21,97
WAE,2020,7,18,22,17,63.7,12.3,10.1,8.06,13,37.5,0,962,160,3.2,4.9,0,0,0,0,0,0,0,335,31,21,97
WAE,2020,7,18,23,15.7,69.7,12.4,10.2,8.12,12.5,36.3,0,962.2,160,2.1,3.9,0,0,0,0,0,0,0,317,13,21,97
WAE,2020,7,19,0,14.5,77.2,12.8,10.6,8.39,12.3,35.8,0,961.9,188,0.8,2.5,0,0,0,0,0,0,0,320,23,21,97
WAE,2020,7,19,1,14.3,79.4,12.9,10.8,8.46,12.3,35.8,0,961.5,196,1,4.1,0,0,0,0,0,0,0,331,49,16,97
WAE,2020,7,19,2,14.5,75.3,12.4,10.2,8.13,12,35.1,0,961.3,162,2.4,4.1,0,0,0,0,0,0,0,313,6,16,97
WAE,2020,7,19,3,13.5,82.8,12.8,10.6,8.4,11.8,34.8,0,960.9,175,1.2,3.7,0,0,0,0,0,0,0,326,36,16,97
WAE,2020,7,19,4,13.6,80,12.5,10.2,8.2,11.7,34.4,0,960.9,173,2.4,4.9,0,0,0,0,0,0,0,311,19,16,97
WAE,2020,7,19,5,14.1,83.8,13.5,11.4,8.86,12.5,36.6,0,961,256,1.1,2,64,247,32,120,251,16,17,325,6,16,97
WAE,2020,7,19,6,15.6,83.5,14.8,12.8,9.73,13.9,40.3,0,961,18,0.8,2.3,220,585,62,200,609,34,34,312,13,16,97
WAE,2020,7,19,7,16.4,79.8,14.9,12.9,9.79,14.3,41.3,0,961.3,49,1.1,2.7,398,743,75,123,759,62,48,314,6,16,97
WAE,2020,7,19,8,17.7,75.2,15.2,13.3,9.99,15,43.1,0,961.3,59,1.3,3.3,580,850,83,60,801,213,62,316,0,16,97
WAE,2020,7,19,9,18.6,68,14.5,12.6,9.53,14.9,42.9,0,961.3,34,1.2,2.6,736,911,86,71,731,365,75,319,0,16,97
WAE,2020,7,19,10,20.1,60.7,14.3,12.3,9.39,15.3,44.1,0,961.1,37,1.2,2.4,822,876,111,84,568,477,87,337,20,16,97
WAE,2020,7,19,11,21.9,53.3,13.9,12,9.13,15.8,45.2,0,961,14,1,3.8,897,898,113,90,385,554,93,352,36,16,97
WAE,2020,7,19,12,23.4,47.3,13.6,11.5,8.93,16.1,46.3,0,960.7,30,1.6,4.1,930,918,109,91,160,583,163,338,29,16,97
WAE,2020,7,19,13,24.2,45.7,13.8,11.8,9.07,16.5,47.4,0,960.3,37,1.2,3.1,895,896,114,89,90,553,400,337,19,16,97
WAE,2020,7,19,14,25,39.4,12.4,10.2,8.14,16,45.9,0,960,31,1.4,2.8,807,849,121,86,86,469,572,335,19,16,97
WAE,2020,7,19,15,25.3,38.2,12.4,10,8.14,16,46.2,0,959.7,30,1.5,2.9,713,885,88,71,71,352,725,358,39,16,97
WAE,2020,7,19,16,25.7,41,13.5,11.5,8.88,16.9,48.5,0,959.6,37,1.1,2.8,546,783,96,62,62,203,759,360,40,16,97
WAE,2020,7,19,17,25.7,39.4,13.1,10.9,8.61,16.6,47.8,0,959.5,278,1.1,2.8,301,368,154,155,80,78,454,386,68,16,97
WAE,2020,7,19,18,25.4,43.5,14.1,12.1,9.28,17.1,49.2,0,959.5,225,1.3,2.5,205,534,65,191,35,34,560,368,43,16,97
WAE,2020,7,19,19,23.4,49.1,14.1,12.1,9.27,16.4,47.1,0,959.7,215,2.5,4.5,61,252,31,124,16,15,254,364,49,16,97
WAE,2020,7,19,20,21.3,52.4,13.3,11.2,8.74,15.2,43.6,0,960.2,222,4.6,5.5,0,0,0,0,0,0,0,370,53,16,97
WAE,2020,7,19,21,19.7,57,13.1,10.9,8.6,14.5,41.6,0,960.5,223,1.8,4.8,0,0,0,0,0,0,0,355,43,16,97
WAE,2020,7,19,22,18.5,63.6,13.5,11.5,8.86,14.3,41.1,0,960.9,234,0.9,2.4,0,0,0,0,0,0,0,324,0,16,97
WAE,2020,7,19,23,18.3,64.7,13.6,11.5,8.93,14.2,41,0,960.9,238,1.6,4.2,0,0,0,0,0,0,0,322,0,16,97
WAE,2020,7,20,0,17.1,70.8,13.8,11.8,9.06,13.9,40.1,0,960.9,256,1,2.1,0,0,0,0,0,0,0,319,0,16,97
WAE,2020,7,20,1,16.3,75.5,14,12,9.2,13.7,39.7,0,960.9,252,0.7,1.8,0,0,0,0,0,0,0,318,0,19,97
WAE,2020,7,20,2,15.7,78.2,13.9,11.9,9.13,13.4,38.9,0,960.8,219,0.9,1.8,0,0,0,0,0,0,0,318,0,19,97
WAE,2020,7,20,3,15,81.4,13.8,11.8,9.06,13.1,38,0,960.7,191,0.9,2.2,0,0,0,0,0,0,0,317,0,19,97
WAE,2020,7,20,4,14.8,81.7,13.8,11.7,9.06,13,37.8,0,960.7,180,1,3.6,0,0,0,0,0,0,0,317,0,19,97
WAE,2020,7,20,5,15.7,80.2,14.3,12.3,9.4,13.7,39.6,0,960.8,150,0.8,2.6,64,264,32,129,266,17,17,317,25,19,97
WAE,2020,7,20,6,18.3,72.1,15.1,13.2,9.93,15.2,43.6,0,961,82,0.8,2.3,219,580,62,197,607,37,37,321,13,19,97
WAE,2020,7,20,7,18.9,76.1,16.6,14.6,10.93,16.2,46.7,0,961.1,75,1.5,2.6,399,767,70,126,784,66,52,337,25,19,97
WAE,2020,7,20,8,20.2,67.1,15.8,13.9,10.39,16.2,46.7,0,961.3,76,1.7,2.8,584,866,80,67,820,222,69,323,6,19,97
WAE,2020,7,20,9,21.5,64,16.4,14.4,10.79,17,49,0,961.5,75,1.5,2.9,713,862,101,83,719,372,86,345,39,19,97
WAE,2020,7,20,10,23.6,55.8,16.2,14.3,10.66,17.6,50.9,0,961.7,66,1.3,2.2,830,889,108,94,579,496,98,349,44,19,97
WAE,2020,7,20,11,25.1,48,15.3,13.3,10.06,17.6,50.9,0,961.6,63,1.2,2.5,925,942,103,100,399,586,104,346,41,19,97
WAE,2020,7,20,12,26.2,40,13.6,11.5,8.93,17.1,49.1,0,961.3,53,1.6,3.5,939,928,111,103,167,607,185,357,35,19,97
WAE,2020,7,20,13,26.9,38.8,13.8,11.7,9.06,17.4,50.2,0,961.2,34,1.6,3.4,895,893,118,101,101,570,415,351,6,19,97
WAE,2020,7,20,14,27.4,39.2,14.3,12.3,9.4,17.9,51.5,0,961,36,2,4.8,843,946,81,89,90,491,605,349,6,19,97
WAE,2020,7,20,15,28,34.2,12.9,10.8,8.46,17.3,49.8,0,960.9,307,1.7,6.2,692,816,118,85,85,366,709,347,13,19,97
WAE,2020,7,20,16,28.5,31.3,12.1,9.9,7.93,17.1,48.9,0,960.7,291,1.8,4.2,539,749,111,72,72,218,750,345,23,19,97
WAE,2020,7,20,17,28.4,30.4,11.7,9.4,7.67,16.8,48.2,0,960.6,248,1.8,4.9,378,714,81,148,52,54,746,343,6,19,97
WAE,2020,7,20,18,27.7,33.8,12.6,10.3,8.27,17,49,0,960.8,234,1.4,2.9,206,561,60,197,35,36,587,348,16,19,97
WAE,2020,7,20,19,25.3,43.7,14,12.1,9.19,17.1,48.9,0,961.1,229,2.1,3.6,57,232,30,115,16,16,236,353,19,19,97
WAE,2020,7,20,20,23.3,45.7,13.1,10.9,8.59,15.8,45.3,0,961.6,224,4.2,5,0,0,0,0,0,0,0,331,0,19,97
WAE,2020,7,20,21,20.8,52,12.8,10.6,8.39,14.7,42.2,0,961.8,225,1.3,3.8,0,0,0,0,0,0,0,330,0,19,97
WAE,2020,7,20,22,19.5,58,13.1,11,8.59,14.4,41.4,0,962.1,239,0.6,1.3,0,0,0,0,0,0,0,330,0,19,97
WAE,2020,7,20,23,18.8,61.3,13.3,11.2,8.72,14.3,41,0,962.5,233,0.7,1.9,0,0,0,0,0,0,0,329,0,19,97
WAE,2020,7,21,0,19.4,59.8,13.5,11.4,8.85,14.6,41.9,0,962.8,228,1.7,3.4,0,0,0,0,0,0,0,336,28,19,97
WAE,2020,7,21,1,18.7,64.1,13.8,11.8,9.04,14.5,41.7,0,962.8,229,1.2,3.6,0,0,0,0,0,0,0,345,28,19,97
WAE,2020,7,21,2,18,67.6,13.9,11.9,9.11,14.3,41.2,0,962.8,261,1,2.3,0,0,0,0,0,0,0,332,0,19,97
WAE,2020,7,21,3,17.5,73.2,14.6,12.7,9.58,14.6,41.9,0,962.8,276,0.9,2.1,0,0,0,0,0,0,0,360,48,19,97
WAE,2020,7,21,4,17.5,76.5,15.3,13.3,10.04,14.9,43,0,962.8,225,0.7,1.9,0,0,0,0,0,0,0,369,61,19,97
WAE,2020,7,21,5,18,76.1,15.7,13.7,10.31,15.3,44.2,0.1,963.2,219,2.1,6.4,6,0,6,4,4,3,3,388,100,19,97
WAE,2020,7,21,6,18.3,81.2,17,15,11.17,16.2,46.7,0,963.6,169,1.6,2.9,28,4,27,17,20,15,15,389,100,19,97
WAE,2020,7,21,7,19,80.2,17.6,15.5,11.56,16.8,48.4,0,964.4,63,0.9,2.5,87,19,80,51,66,43,44,388,100,19,97
WAE,2020,7,21,8,19.8,76.5,17.7,15.6,11.62,17.1,49.4,0,964.9,236,1.2,3.3,110,2,108,63,65,60,61,396,100,19,97
WAE,2020,7,21,9,20.4,72.5,17.4,15.3,11.42,17.1,49.5,0,964.7,72,0.8,2.1,487,304,273,154,412,279,150,387,75,19,97
WAE,2020,7,21,10,22,65.1,17.2,15.1,11.29,17.6,50.8,0,964.7,72,1,3.2,610,390,294,167,421,379,164,397,71,19,97
WAE,2020,7,21,11,22.9,63.5,17.7,15.6,11.63,18.2,52.6,0,964.6,73,1.5,2.7,655,378,326,185,353,421,181,395,75,19,97
WAE,2020,7,21,12,23.5,62,18,15.8,11.83,18.5,53.7,0,964.6,80,1.2,2.6,704,395,352,192,255,465,253,399,71,19,97
WAE,2020,7,21,13,25,58.7,18.6,16.4,12.23,19.3,56.3,0,964.2,82,2.3,3.9,791,623,254,156,156,511,425,392,63,19,97
WAE,2020,7,21,14,26.1,53.5,18,15.9,11.84,19.4,56.4,0,963.6,83,2.3,4.2,770,768,148,115,116,465,539,390,54,19,97
WAE,2020,7,21,15,25.3,57.2,18.4,16.2,12.11,19.3,56.3,0.1,963.6,90,1.7,3.7,289,124,207,115,114,165,230,415,100,19,97
WAE,2020,7,21,16,24.6,58,17.9,15.8,11.78,18.8,54.7,0,963.2,127,0.8,1.6,366,414,143,80,80,160,480,407,84,19,97
WAE,2020,7,21,17,24.3,68.3,20.8,18.1,13.73,20.1,59.4,0,963,164,0.8,1.5,227,243,127,114,73,70,316,407,88,19,97
WAE,2020,7,21,18,24.8,63.6,19.8,17.4,13.06,19.8,58.2,0,963.1,194,1.1,2.3,166,355,67,135,38,38,392,403,81,19,97
WAE,2020,7,21,19,23.4,70.8,20.3,17.8,13.39,19.6,57.6,0,963.2,180,0.9,1.9,14,2,13,9,8,7,10,400,78,19,97
WAE,2020,7,21,20,22.1,78.2,20.8,18.1,13.72,19.4,57.1,0,963.6,150,1,2.3,0,0,0,0,0,0,0,405,94,19,97
WAE,2020,7,21,21,21.3,79.7,20.2,17.7,13.32,18.9,55.3,0,963.7,143,0.8,2.5,0,0,0,0,0,0,0,401,94,19,97
WAE,2020,7,21,22,20.1,84.6,19.8,17.4,13.04,18.3,53.3,0,964,164,0.9,2.6,0,0,0,0,0,0,0,401,100,19,97
WAE,2020,7,21,23,19.9,82.8,19.2,16.9,12.64,17.9,52.1,0,964.1,201,1.3,3,0,0,0,0,0,0,0,398,100,19,97
WAE,2020,7,22,0,19.6,81.9,18.7,16.4,12.3,17.5,50.9,0,964.4,225,0.6,1.5,0,0,0,0,0,0,0,394,100,19,97
WAE,2020,7,22,1,19.7,81.3,18.6,16.4,12.23,17.6,50.8,0,964.9,259,1.2,3.2,0,0,0,0,0,0,0,392,100,20,97
WAE,2020,7,22,2,19.3,83.3,18.6,16.4,12.23,17.4,50.4,1,964.6,270,1.4,3.1,0,0,0,0,0,0,0,389,94,20,97
WAE,2020,7,22,3,18.6,91.8,19.7,17.2,12.97,17.7,51.6,0,964.7,191,1.3,2.8,0,0,0,0,0,0,0,385,81,20,97
WAE,2020,7,22,4,18.6,93.4,20,17.5,13.17,17.9,52.1,0,964.8,110,1.6,3.8,0,0,0,0,0,0,0,388,94,20,97
WAE,2020,7,22,5,18.7,91.9,19.8,17.4,13.04,17.8,51.9,0,964.4,112,1.2,3.2,23,24,19,20,34,10,11,391,100,20,97
WAE,2020,7,22,6,18.8,92.4,20.1,17.5,13.24,17.9,52.5,0,964.5,135,0.8,2,106,46,92,67,101,50,51,390,100,20,97
WAE,2020,7,22,7,19.2,89.1,19.8,17.4,13.03,18,52.4,0,965.1,90,0.5,1.5,207,157,133,80,233,91,74,388,94,20,97
WAE,2020,7,22,8,20,86.4,20.2,17.7,13.3,18.5,53.9,0,964.7,67,1.4,3.6,357,207,243,136,344,185,131,392,88,20,97
WAE,2020,7,22,9,20.5,82.8,19.9,17.5,13.1,18.5,53.9,0,964.7,90,0.6,1.8,308,26,290,169,191,171,161,400,100,20,97
WAE,2020,7,22,10,21.6,77.8,20.1,17.6,13.24,18.9,55.4,0,964.4,58,1.2,2.8,631,453,258,157,412,391,155,396,78,20,97
WAE,2020,7,22,11,23.5,66,19,16.8,12.51,19.1,55.5,0,963.8,77,1.9,3.1,748,547,276,164,404,487,162,384,59,20,97
WAE,2020,7,22,12,24.5,58.1,17.9,15.7,11.78,18.7,54.6,0,963.1,74,2.2,3.5,887,835,144,118,186,584,187,363,26,20,97
WAE,2020,7,22,13,25.4,56,18.2,16,11.99,19.2,56.1,0,962.4,77,2,3.8,871,854,130,109,109,567,408,370,48,20,97
WAE,2020,7,22,14,25.6,55,18,15.9,11.86,19.2,56,0.1,962,60,1,2.6,400,151,281,155,155,243,272,399,75,20,97
WAE,2020,7,22,15,25,58.7,18.6,16.4,12.27,19.3,56.4,0,961.7,4,1.7,4,458,238,292,161,160,268,372,410,88,20,97
WAE,2020,7,22,16,24.1,70,21,18.3,13.89,20.2,59.6,0,961.1,8,1,3.1,252,74,213,122,121,134,194,406,94,20,97
WAE,2020,7,22,17,24.4,67.8,20.7,18.1,13.7,20.1,59.4,0,960.7,45,0.6,1.4,176,108,127,79,70,78,182,410,94,20,97
WAE,2020,7,22,18,24.9,60.2,18.9,16.7,12.49,19.4,56.8,0,960.4,249,1.1,3.2,15,0,15,9,9,8,8,413,100,20,97
WAE,2020,7,22,19,24.5,61.2,18.8,16.5,12.41,19.2,56.3,0,960.8,231,2.8,4.9,3,0,3,2,2,2,2,411,100,20,97
WAE,2020,7,22,20,23.5,65.7,19,16.7,12.54,19,55.6,0,961.2,234,4,6.9,0,0,0,0,0,0,0,407,100,20,97
WAE,2020,7,22,21,22.6,67.5,18.5,16.3,12.2,18.5,53.7,0,961.9,235,3.4,7.2,0,0,0,0,0,0,0,400,100,20,97
WAE,2020,7,22,22,21.3,67.1,17,15,11.19,17.3,49.8,0,962,225,3.3,6.8,0,0,0,0,0,0,0,385,65,20,97
WAE,2020,7,22,23,19.9,77.5,18,15.9,11.86,17.3,50.1,0,962.4,243,1.4,4.5,0,0,0,0,0,0,0,368,34,20,97
WAE,2020,7,23,0,19.3,79,17.6,15.6,11.59,16.9,48.8,0,962.1,160,1.4,4,0,0,0,0,0,0,0,373,60,20,97
WAE,2020,7,23,1,18.5,79.6,16.9,14.9,11.12,16.2,46.8,0,962,225,1.2,2.6,0,0,0,0,0,0,0,371,53,20,97
WAE,2020,7,23,2,18.1,82.5,17.1,15.1,11.26,16.2,46.7,0,961.9,197,1.5,3,0,0,0,0,0,0,0,368,56,20,97
WAE,2020,7,23,3,17.7,84.5,17.1,15.1,11.26,16.1,46.3,0,961.5,156,1.3,2.8,0,0,0,0,0,0,0,369,53,20,97
WAE,2020,7,23,4,17.5,87.5,17.5,15.4,11.53,16.2,46.8,0,961.5,172,0.9,1.8,0,0,0,0,0,0,0,375,61,20,97
WAE,2020,7,23,5,17.7,85.8,17.4,15.3,11.46,16.2,46.8,0,961.4,194,0.6,1.5,54,205,27,97,211,15,15,377,71,20,97
WAE,2020,7,23,6,18.6,83.8,17.9,15.8,11.8,16.8,48.6,0,961.1,144,1.1,2.4,163,355,61,127,390,35,35,372,60,20,97
WAE,2020,7,23,7,19.1,83.3,18.4,16.2,12.14,17.2,50,0,961.3,84,0.9,2.7,330,496,126,134,567,92,74,370,50,20,97
WAE,2020,7,23,8,20.1,81.3,19.1,16.8,12.61,17.9,52.2,0,961.1,81,1.4,2.5,470,489,180,106,554,234,105,379,65,20,97
WAE,2020,7,23,9,22.1,73.6,19.6,17.2,12.95,18.8,55.1,0,960.9,61,1.6,4.5,654,684,170,107,644,376,108,374,41,20,97
WAE,2020,7,23,10,22.5,69,18.8,16.5,12.42,18.6,54.2,0,960.5,45,1.4,2.8,852,921,110,101,611,527,106,353,19,20,97
WAE,2020,7,23,11,23.7,64.4,18.9,16.6,12.49,19,55.6,0,960,31,1.8,4.1,887,894,111,106,399,581,111,353,25,20,97
WAE,2020,7,23,12,24.3,60.2,18.3,16.1,12.09,18.9,55.2,0,959.5,24,2.4,4.4,832,656,250,142,228,577,234,377,48,20,97
WAE,2020,7,23,13,25.5,53.7,17.5,15.4,11.56,18.9,55.1,0,959,29,2.2,4.5,672,385,340,187,187,445,378,389,61,20,97
WAE,2020,7,23,14,26,49.8,16.7,14.7,11.03,18.7,54.3,0,958.6,13,2.5,6.3,697,530,274,149,149,454,518,386,48,20,97
WAE,2020,7,23,15,26.8,44.9,15.9,13.8,10.5,18.4,53.7,0,958,310,2.3,6.2,584,549,197,122,122,334,553,387,64,20,97
WAE,2020,7,23,16,26.4,44.1,15.1,13.2,9.96,18,52,0,957.7,322,1.8,4.6,346,226,211,122,122,182,330,391,75,20,97
WAE,2020,7,23,17,26.6,40.5,14.1,12.1,9.3,17.5,50.5,0,957.6,318,3,5.6,187,148,129,103,74,71,224,398,71,20,97
WAE,2020,7,23,18,25.8,41.1,13.6,11.6,8.96,17,48.8,0,957.5,312,2.8,6,158,271,94,139,52,50,325,381,60,20,97
WAE,2020,7,23,19,24,46,13.7,11.7,9.03,16.4,47.1,0,957.7,286,1.9,3.9,19,10,18,14,10,10,19,392,71,20,97
WAE,2020,7,23,20,22.5,48.9,13.3,11.2,8.76,15.6,44.9,0,958.1,263,2.6,3.8,0,0,0,0,0,0,0,391,88,20,97
WAE,2020,7,23,21,22.2,45.4,12.1,9.8,7.95,14.8,42.5,0,958.2,231,2.6,3.9,0,0,0,0,0,0,0,391,88,20,97
WAE,2020,7,23,22,21.4,50.2,12.8,10.6,8.42,14.9,42.9,0,958.2,233,1.7,3,0,0,0,0,0,0,0,388,100,20,97
WAE,2020,7,23,23,20.9,46.5,11.5,9,7.56,14,40.2,0,958.1,230,2.4,3.8,0,0,0,0,0,0,0,388,100,20,97
WAE,2020,7,24,0,20.4,45.2,10.7,8.1,7.03,13.4,38.4,0,957.8,236,0.6,1.7,0,0,0,0,0,0,0,373,80,20,97
WAE,2020,7,24,1,18.7,52.7,11.4,8.8,7.49,13,37.8,0,957.6,241,1.2,2.8,0,0,0,0,0,0,0,371,68,21,97
WAE,2020,7,24,2,18.3,56.9,12,9.6,7.9,13.3,38.4,0,957.2,221,1.1,2.8,0,0,0,0,0,0,0,383,100,21,97
WAE,2020,7,24,3,17.6,65.5,13.1,11.1,8.63,13.8,39.6,0,957.1,162,0.8,1.9,0,0,0,0,0,0,0,377,88,21,97
WAE,2020,7,24,4,17.2,67.4,13.2,11.1,8.7,13.6,39.3,0,957.1,180,0.9,1.8,0,0,0,0,0,0,0,378,94,21,97
WAE,2020,7,24,5,16.9,74.4,14.3,12.3,9.43,14.1,40.9,0,957.2,189,0.9,2,40,127,22,61,135,12,12,381,84,21,97
WAE,2020,7,24,6,18,72.7,15,13,9.9,14.9,43.2,0,957.3,186,1.2,3,120,100,97,89,157,53,54,375,75,21,97
WAE,2020,7,24,7,18.5,78.9,16.8,14.8,11.11,16.2,46.8,0,957.7,127,1.3,4.1,139,52,120,82,125,66,67,386,100,21,97
WAE,2020,7,24,8,18.2,81,16.9,14.9,11.16,16.1,46.6,0,958.6,261,0.8,1.7,53,0,53,32,31,30,30,387,100,21,97
WAE,2020,7,24,9,17.6,82.4,16.6,14.6,10.95,15.7,45.4,0.4,959.3,208,1.7,4.4,62,0,62,37,37,35,35,389,100,21,97
WAE,2020,7,24,10,16.9,83.7,16.1,14.1,10.61,15.2,43.9,1.5,959.6,227,3.7,8.7,111,0,111,66,65,62,63,390,100,21,97
WAE,2020,7,24,11,18,80.3,16.6,14.6,10.95,15.9,45.8,0,959.5,162,2.3,4.3,236,9,229,135,138,134,129,392,100,21,97
WAE,2020,7,24,12,19.6,74.9,17.1,15,11.29,16.7,48.3,0,959.5,100,2.9,6.7,691,351,380,208,253,468,287,393,100,21,97
WAE,2020,7,24,13,20,73.5,17.2,15.1,11.36,16.9,48.9,0,958.9,99,3.3,6.6,818,709,203,143,144,546,397,390,88,21,97
WAE,2020,7,24,14,20.9,68.4,16.9,14.9,11.16,17.1,49.4,0,958.8,92,2.5,5.3,692,519,279,153,153,457,521,389,81,21,97
WAE,2020,7,24,15,22.2,55.4,14.7,12.8,9.68,16.4,46.9,0,958.9,326,2,7.1,529,374,262,148,148,320,461,389,94,21,97
WAE,2020,7,24,16,21.3,56.9,14.4,12.4,9.48,15.8,45.5,0,959.1,261,4.4,8.3,313,179,217,123,123,164,304,388,100,21,97
WAE,2020,7,24,17,19.9,66.5,15.4,13.5,10.15,15.9,45.8,0,959.2,257,3.9,8.2,129,5,127,76,75,71,77,391,100,21,97
WAE,2020,7,24,18,19,65.7,14.4,12.4,9.48,15,43.1,0,959.2,239,3,7.5,46,4,45,28,27,25,30,390,100,21,97
WAE,2020,7,24,19,18.8,68.9,14.9,13,9.82,15.2,43.8,0,959.1,329,0.7,2.6,28,34,25,28,14,14,46,389,88,21,97
WAE,2020,7,24,20,18,73.7,15.2,13.2,10.01,15.1,43.5,0,959.6,160,1.3,2.8,0,0,0,0,0,0,0,387,100,21,97
WAE,2020,7,24,21,18.1,74.1,15.4,13.4,10.14,15.2,43.9,0,959.6,169,1.2,2.1,0,0,0,0,0,0,0,385,100,21,97
WAE,2020,7,24,22,17,79.4,15.4,13.4,10.14,14.8,42.8,0,959.6,172,0.9,2.2,0,0,0,0,0,0,0,380,94,21,97
WAE,2020,7,24,23,16.8,80.2,15.3,13.4,10.08,14.7,42.4,0,959.8,162,0.5,1.5,0,0,0,0,0,0,0,378,94,21,97
WAE,2020,7,25,0,17.2,79.6,15.6,13.6,10.28,15,43.3,0,959.8,163,1.1,1.9,0,0,0,0,0,0,0,380,100,21,97
WAE,2020,7,25,1,16.7,82.2,15.6,13.7,10.28,14.9,42.8,0,959.8,180,0.7,1.5,0,0,0,0,0,0,0,379,100,21,97
WAE,2020,7,25,2,16.5,83.2,15.6,13.6,10.28,14.7,42.6,0,959.9,207,0.4,1,0,0,0,0,0,0,0,370,81,21,97
WAE,2020,7,25,3,15.4,86.6,15.1,13.2,9.95,14.1,40.6,0,959.3,159,0.9,1.9,0,0,0,0,0,0,0,354,58,21,97
WAE,2020,7,25,4,15.1,83.7,14.4,12.4,9.48,13.5,39.1,0,959.6,169,1.1,2.2,0,0,0,0,0,0,0,350,35,21,97
WAE,2020,7,25,5,15.4,82.5,14.5,12.4,9.54,13.6,39.6,0,959.7,211,1.3,2.7,52,218,27,102,222,15,15,343,19,21,97
WAE,2020,7,25,6,17.8,74.7,15.2,13.3,10.01,15,43.3,0,959.9,281,0.7,1.8,192,456,75,169,498,44,44,341,41,21,97
WAE,2020,7,25,7,18.7,72.3,15.6,13.6,10.28,15.5,44.9,0,959.9,63,0.7,2,386,739,78,126,772,75,57,329,23,21,97
WAE,2020,7,25,8,20.1,71.4,16.8,14.8,11.08,16.7,48.3,0,959.9,85,2.4,4.3,547,790,95,74,775,236,76,322,0,21,97
WAE,2020,7,25,9,21.1,65.1,16.3,14.3,10.74,16.8,48.5,0,960,81,2,3.3,703,855,103,89,724,392,93,342,23,21,97
WAE,2020,7,25,10,22.3,59.2,16,14,10.54,17,49.2,0,960,71,1.9,3.5,810,860,120,103,586,513,107,362,53,21,97
WAE,2020,7,25,11,23.1,57.6,16.3,14.3,10.75,17.5,50.6,0,959.7,43,1.8,3.3,862,807,165,120,417,585,123,358,33,21,97
WAE,2020,7,25,12,23.9,51.7,15.3,13.4,10.08,17.3,49.7,0,959.1,34,1.9,4.1,937,939,106,111,172,633,196,349,29,21,97
WAE,2020,7,25,13,24.6,48.7,15,13.1,9.89,17.3,49.9,0,958.7,35,2.1,3.6,892,850,159,119,120,605,440,346,16,21,97
WAE,2020,7,25,14,25.2,46.9,15,13.1,9.89,17.5,50.5,0,958.2,56,1.7,3.3,768,756,168,125,125,481,571,353,36,21,97
WAE,2020,7,25,15,25.6,45,14.8,12.8,9.76,17.5,50.6,0,957.8,67,1.6,3.7,716,907,86,86,87,389,762,346,13,21,97
WAE,2020,7,25,16,26.3,42.2,14.5,12.4,9.57,17.5,50.8,0,957.3,85,1.5,3.4,541,770,105,77,77,236,770,352,33,21,97
WAE,2020,7,25,17,25.7,46.3,15.3,13.3,10.11,17.8,51.6,0,956.9,94,1.5,3.3,334,543,103,115,66,81,597,383,65,21,97
WAE,2020,7,25,18,24.8,49.7,15.6,13.6,10.31,17.7,51.2,0,956.7,119,1.1,3.2,132,204,78,102,45,43,249,384,78,21,97
WAE,2020,7,25,19,23.3,54.8,15.7,13.7,10.38,17.2,49.8,0,956.5,173,1.6,3.3,50,214,27,102,15,14,218,348,35,21,97
WAE,2020,7,25,20,21.5,57.2,14.6,12.7,9.64,16.1,46.1,0,956.8,208,3.4,5,0,0,0,0,0,0,0,349,34,21,97
WAE,2020,7,25,21,20.3,59.3,14.1,12.1,9.3,15.3,44,0,956.9,200,1.5,3.3,0,0,0,0,0,0,0,360,41,21,97
WAE,2020,7,25,22,19.2,64.4,14.3,12.3,9.44,15,43.2,0,956.9,196,1,2.6,0,0,0,0,0,0,0,370,58,21,97
WAE,2020,7,25,23,18.2,71.8,15,13,9.91,15,43.4,0,956.8,129,0.8,3.1,0,0,0,0,0,0,0,373,68,21,97
WAE,2020,7,26,0,18.1,74.1,15.4,13.4,10.18,15.2,44,0,956.6,144,0.9,1.8,0,0,0,0,0,0,0,378,84,21,97
WAE,2020,7,26,1,18.6,72.2,15.4,13.5,10.18,15.4,44.5,0,956.5,140,0.8,1.8,0,0,0,0,0,0,0,385,100,20,97
WAE,2020,7,26,2,18.2,76.4,16,14,10.58,15.6,45.1,0,956.3,146,0.4,2,0,0,0,0,0,0,0,385,100,20,97
WAE,2020,7,26,3,18.6,73.8,15.7,13.8,10.38,15.6,45,0,956.3,169,1,2,0,0,0,0,0,0,0,386,100,20,97
WAE,2020,7,26,4,18.5,75.3,16,14,10.58,15.7,45.4,0.1,956.6,180,0.7,2.6,0,0,0,0,0,0,0,387,100,20,97
WAE,2020,7,26,5,18.1,82,17,15,11.24,16.1,46.7,0.3,958,257,2.3,5.4,25,27,23,25,38,12,13,388,100,20,97
WAE,2020,7,26,6,18.1,86.5,17.9,15.8,11.84,16.6,48.2,0,958.4,210,1.8,3.3,94,140,62,78,176,34,35,386,94,20,97
WAE,2020,7,26,7,19.5,77.6,17.6,15.5,11.63,16.9,49.1,0,958.9,297,1,2.1,182,65,154,100,157,84,85,387,88,20,97
WAE,2020,7,26,8,20,76.5,17.9,15.7,11.83,17.2,50.1,0,959.3,74,0.9,1.7,217,23,205,120,143,119,115,390,100,20,97
WAE,2020,7,26,9,20.4,75.9,18.2,16,12.03,17.5,51,0,959.4,94,1.5,2.8,228,5,224,132,136,126,126,396,100,20,97
WAE,2020,7,26,10,22.1,66.5,17.6,15.6,11.62,17.9,51.8,0,959.4,83,2.5,4.5,580,341,306,173,403,371,169,382,78,20,97
WAE,2020,7,26,11,23.1,58.1,16.4,14.4,10.82,17.5,50.8,0,959.3,297,1.6,6.3,629,312,357,202,339,412,197,390,81,20,97
WAE,2020,7,26,12,24.9,50.8,16,14,10.55,17.9,51.9,0,959.1,261,4.1,7.7,831,672,237,143,217,579,232,393,75,20,97
WAE,2020,7,26,13,25.6,47.8,15.7,13.7,10.35,18,52.1,0,958.9,266,3.2,8.6,891,822,186,126,126,609,463,381,66,20,97
WAE,2020,7,26,14,26.1,46.8,15.8,13.8,10.42,18.2,52.8,0,958.8,300,3.7,8.7,727,617,238,141,141,471,544,380,71,20,97
WAE,2020,7,26,15,25.4,50.1,16.2,14.3,10.69,18.2,52.8,0,958.7,3,2.3,5.1,649,700,163,106,107,374,659,379,61,20,97
WAE,2020,7,26,16,25.7,49.2,16.3,14.3,10.75,18.3,53.3,0,959,38,1.8,7,426,419,201,116,116,205,519,380,59,20,97
WAE,2020,7,26,17,25.4,50.6,16.4,14.4,10.82,18.3,53.1,0,959.4,340,2.7,9.9,48,0,48,28,28,26,27,405,88,20,97
WAE,2020,7,26,18,24.5,52.2,16,14.1,10.54,17.8,51.5,0,960.3,323,4.4,9.5,22,0,22,13,13,12,12,393,81,20,97
WAE,2020,7,26,19,23.2,55.7,15.8,13.9,10.4,17.3,49.8,0,961.2,317,4.2,8,9,0,9,5,5,5,5,389,81,20,97
WAE,2020,7,26,20,21.7,61.6,16,14,10.52,16.8,48.6,0,962,317,2.3,5.6,0,0,0,0,0,0,0,392,78,20,97
WAE,2020,7,26,21,20,70.4,16.5,14.5,10.85,16.5,47.6,0,962.8,248,0.8,2.1,0,0,0,0,0,0,0,380,65,20,97
WAE,2020,7,26,22,19,74.5,16.4,14.4,10.78,16.1,46.4,0,962.9,176,1.6,3.3,0,0,0,0,0,0,0,363,31,20,97
WAE,2020,7,26,23,19.4,68.8,15.4,13.5,10.11,15.7,45.2,0,962.8,171,3.3,4.3,0,0,0,0,0,0,0,361,44,20,97
WAE,2020,7,27,0,18.5,71.3,15.2,13.2,9.98,15.2,43.9,0,962.7,165,2.3,3.8,0,0,0,0,0,0,0,356,29,20,97
WAE,2020,7,27,1,17.2,73.6,14.5,12.4,9.52,14.3,41.4,0,962.2,180,1.1,3.3,0,0,0,0,0,0,0,337,6,19,97
WAE,2020,7,27,2,17.1,73.4,14.3,12.3,9.38,14.2,41,0,962.2,161,1.9,4.2,0,0,0,0,0,0,0,334,0,19,97
WAE,2020,7,27,3,16.7,78.2,14.9,12.9,9.78,14.4,41.6,0,962.1,167,2,3.6,0,0,0,0,0,0,0,335,0,19,97
WAE,2020,7,27,4,16.1,79.4,14.5,12.5,9.52,13.9,40.3,0,962.3,144,1.5,3.9,0,0,0,0,0,0,0,335,0,19,97
WAE,2020,7,27,5,16.6,77.4,14.6,12.6,9.58,14.2,41,0,962.2,156,2.3,4.8,46,187,25,87,192,14,14,335,0,19,97
WAE,2020,7,27,6,18.6,77.4,16.5,14.6,10.85,16.1,46.2,0,962,90,1.4,3,199,558,57,178,586,35,35,336,0,19,97
WAE,2020,7,27,7,19.2,77.1,17.1,15.1,11.26,16.6,47.9,0,961.9,67,1.4,2.7,373,724,73,115,753,71,53,337,0,19,97
WAE,2020,7,27,8,20.3,70.9,16.9,14.8,11.13,16.8,48.7,0,961.6,40,0.9,2.3,538,796,87,68,772,230,71,341,0,19,97
WAE,2020,7,27,9,21.6,64.7,16.7,14.7,10.99,17.2,49.7,0,961.5,41,1.1,2.3,680,822,106,84,699,383,88,344,0,19,97
WAE,2020,7,27,10,23.2,61.1,17.4,15.3,11.47,18.1,52.5,0,961.2,34,1.1,2.1,804,875,105,95,576,507,99,347,6,19,97
WAE,2020,7,27,11,25.1,54.9,17.5,15.4,11.54,18.8,54.6,0,960.7,74,1.5,2.5,897,920,106,102,402,599,107,350,0,19,97
WAE,2020,7,27,12,26.6,45.8,16,14,10.54,18.5,53.6,0,960.1,77,1.8,3.3,898,907,99,102,167,607,174,360,0,19,97
WAE,2020,7,27,13,27.1,44.2,15.8,13.9,10.42,18.6,53.8,0,959.4,52,1.8,3.2,870,899,99,100,100,577,403,368,0,19,97
WAE,2020,7,27,14,27.9,44.6,16.7,14.7,11.02,19.3,56.2,0,958.9,45,1.9,3.1,789,860,107,94,95,496,581,367,0,19,97
WAE,2020,7,27,15,28.5,41.9,16.3,14.3,10.76,19.2,56.1,0,958.5,56,1.6,2.8,674,838,97,82,83,372,715,366,0,19,97
WAE,2020,7,27,16,29,42.1,16.8,14.8,11.1,19.7,57.5,0,958,96,2.1,4.5,517,744,101,71,71,225,742,365,0,19,97
WAE,2020,7,27,17,28.7,43,16.9,14.9,11.17,19.6,57.4,0,957.7,98,1.6,3.6,351,667,82,119,53,70,707,365,0,19,97
WAE,2020,7,27,18,28,46.8,17.6,15.6,11.65,19.8,57.9,0,957.5,130,1.6,3,187,548,55,181,33,34,575,364,0,19,97
WAE,2020,7,27,19,25.9,55.9,18.6,16.4,12.32,19.6,57.5,0,957.7,158,1.1,2.6,42,178,23,83,13,12,182,368,0,19,97
WAE,2020,7,27,20,22.7,68.2,18.7,16.5,12.38,18.6,54.3,0,958,159,0.9,1.8,0,0,0,0,0,0,0,356,0,19,97
WAE,2020,7,27,21,22,64.9,17.2,15.1,11.37,17.6,51,0,958,153,0.7,2.3,0,0,0,0,0,0,0,355,0,19,97
WAE,2020,7,27,22,21.4,74,18.8,16.6,12.45,18.2,53.1,0,958.1,127,1.1,3.9,0,0,0,0,0,0,0,353,0,19,97
WAE,2020,7,27,23,21.4,72,18.3,16.1,12.11,17.9,52.3,0,958,144,1.1,3.2,0,0,0,0,0,0,0,358,6,19,97
WAE,2020,7,28,0,20.3,72.3,17.2,15.2,11.37,17,49.3,0,957.8,150,0.9,2.8,0,0,0,0,0,0,0,378,43,19,97
WAE,2020,7,28,1,20.5,69.8,16.8,14.8,11.1,16.9,48.8,0,958,166,1.4,2.7,0,0,0,0,0,0,0,365,29,18,97
WAE,2020,7,28,2,22.4,57.7,15.5,13.7,10.23,16.9,48.5,0,958.2,240,1.8,3.9,0,0,0,0,0,0,0,365,41,18,97
WAE,2020,7,28,3,22.8,56.4,15.5,13.7,10.22,17,48.9,0,958.5,238,2.2,4.3,0,0,0,0,0,0,0,363,25,18,97
WAE,2020,7,28,4,20.2,73.3,17.3,15.3,11.43,17.1,49.3,0,958.8,141,1.4,3.5,0,0,0,0,0,0,0,360,25,18,97
WAE,2020,7,28,5,20.4,71,17.1,15,11.29,17,49.2,0,959.1,139,1.2,2.3,39,110,26,57,120,14,14,366,36,18,97
WAE,2020,7,28,6,22.4,66,17.8,15.7,11.76,18,52.4,0,959.2,135,1.1,2.1,159,305,90,140,356,47,47,373,50,18,97
WAE,2020,7,28,7,23.5,63.1,18.2,16.1,12.03,18.6,54.2,0,959.3,103,1.4,3.7,343,564,106,116,617,78,61,364,43,18,97
WAE,2020,7,28,8,24.5,63,19.3,17,12.77,19.5,57.2,0,959,87,1.9,4.3,547,834,76,62,793,227,64,353,6,18,97
WAE,2020,7,28,9,26.1,56.9,19.2,16.9,12.71,19.9,58.7,0,958.5,90,2.6,4.5,716,888,98,79,738,397,82,353,0,18,97
WAE,2020,7,28,10,27.4,51.4,18.7,16.5,12.38,20.1,59.2,0,958.2,86,2.7,4.6,814,902,96,87,580,507,91,357,13,18,97
WAE,2020,7,28,11,28.6,48.8,19,16.8,12.59,20.6,60.9,0,957.9,65,1.6,3.1,875,894,107,94,386,581,99,369,33,18,97
WAE,2020,7,28,12,29.2,46.2,18.7,16.5,12.38,20.7,61,0,957.9,14,1.8,6.1,822,732,178,130,194,543,170,401,53,18,97
WAE,2020,7,28,13,30.8,42.2,18.7,16.5,12.39,21.1,62.7,0,957.1,248,2.4,5.7,709,672,136,102,102,463,338,406,61,18,97
WAE,2020,7,28,14,28.3,49.6,19,16.8,12.58,20.6,60.6,0,958.3,319,6,15,564,538,143,86,86,358,427,411,71,18,97
WAE,2020,7,28,15,26.2,58.8,19.9,17.5,13.19,20.3,60,0,958.6,313,4.6,9.6,660,807,102,79,80,365,684,406,56,18,97
WAE,2020,7,28,16,25.3,59.8,19.3,16.9,12.77,19.7,58,0,959.2,315,2.4,6.1,274,123,207,114,114,145,235,414,75,18,97
WAE,2020,7,28,17,25.5,60.3,19.6,17.2,12.98,19.9,58.7,0,959,305,1.4,3,160,180,84,65,49,49,224,415,88,18,97
WAE,2020,7,28,18,24.8,66,20.6,18,13.64,20.2,59.7,0,960,261,1.7,4.5,10,0,10,6,6,5,5,417,94,18,97
WAE,2020,7,28,19,23,79.1,22.1,19.2,14.65,20.4,60.4,2.3,960.2,205,2.1,5.3,7,17,6,11,4,3,19,414,94,18,97
WAE,2020,7,28,20,21.3,87.9,22.3,19.2,14.78,19.9,59,0.2,961,141,2.3,5.8,0,0,0,0,0,0,0,414,94,18,97
WAE,2020,7,28,21,21.2,89.1,22.4,19.3,14.84,19.9,59,0,961.5,194,1.9,5.5,0,0,0,0,0,0,0,403,81,18,97
WAE,2020,7,28,22,21.1,91.4,22.8,19.6,15.11,20.1,59.6,0.1,961.5,135,1.1,2.8,0,0,0,0,0,0,0,403,94,18,97
WAE,2020,7,28,23,21,92.6,23,19.8,15.24,20.2,59.8,0.2,961.9,198,2.1,3.8,0,0,0,0,0,0,0,400,88,18,97
WAE,2020,7,29,0,20.8,91.9,22.6,19.4,14.97,19.8,58.9,0.1,961.9,239,0.9,3,0,0,0,0,0,0,0,397,94,18,97
WAE,2020,7,29,1,20.4,89.9,21.5,18.7,14.22,19.3,56.6,0,961.9,197,1.1,2.3,0,0,0,0,0,0,0,400,100,20,97
WAE,2020,7,29,2,20.1,89.6,21,18.3,13.88,18.9,55.4,0,961.9,221,1.1,2.9,0,0,0,0,0,0,0,391,81,20,97
WAE,2020,7,29,3,19.9,79.3,18.4,16.2,12.13,17.5,50.8,0,962.2,310,1.5,3.8,0,0,0,0,0,0,0,395,94,20,97
WAE,2020,7,29,4,19.2,76.4,17,15,11.19,16.5,47.7,0,962.2,254,1.9,3,0,0,0,0,0,0,0,391,88,20,97
WAE,2020,7,29,5,19.3,69.9,15.6,13.7,10.24,15.8,45.4,0,962.8,255,2,3.7,33,99,20,47,107,11,11,387,88,20,97
WAE,2020,7,29,6,19.6,68.1,15.5,13.6,10.17,15.9,45.5,0,963.1,289,2.2,4.5,96,70,77,63,116,42,42,387,71,20,97
WAE,2020,7,29,7,20,64.1,15,13,9.84,15.7,45.1,0,963.4,294,2.3,4.5,255,227,157,108,321,101,84,390,71,20,97
WAE,2020,7,29,8,21,62.6,15.6,13.6,10.23,16.4,47.1,0,963.7,323,1.8,4,469,524,177,98,597,236,98,378,55,20,97
WAE,2020,7,29,9,21.3,62.8,15.9,13.9,10.43,16.6,47.9,0,963.9,360,1.3,2.8,528,377,270,146,477,321,143,396,68,20,97
WAE,2020,7,29,10,22.4,61.2,16.6,14.6,10.9,17.4,50.2,0,963.7,41,1.1,2.5,618,395,299,166,421,404,163,390,68,20,97
WAE,2020,7,29,11,23.3,57.1,16.3,14.3,10.7,17.5,50.7,0,963.4,32,1.4,2.8,808,688,217,129,406,563,131,383,48,20,97
WAE,2020,7,29,12,24.8,53.7,16.8,14.8,11.04,18.3,53.1,0,963.1,47,1.9,3.3,910,920,104,104,170,626,180,381,40,20,97
WAE,2020,7,29,13,25.3,52.8,17,15,11.18,18.6,53.9,0,962.8,28,1.6,3.2,803,686,216,130,130,557,412,388,43,20,97
WAE,2020,7,29,14,26.1,50.6,17.1,15.1,11.25,18.9,54.9,0,962.5,32,1.7,3.6,773,804,138,101,102,502,575,379,19,20,97
WAE,2020,7,29,15,26.4,50.2,17.3,15.2,11.39,19.1,55.6,0,962.2,58,1.5,3.6,632,677,169,100,101,376,653,379,13,20,97
WAE,2020,7,29,16,26.6,48.9,17.1,15,11.26,19,55.5,0,961.9,27,1,2.9,510,730,106,73,73,229,734,380,19,20,97
WAE,2020,7,29,17,26.9,50.1,17.8,15.6,11.73,19.4,57,0,961.7,41,1.1,3.2,347,663,85,118,54,73,707,370,25,20,97
WAE,2020,7,29,18,26.4,50.6,17.4,15.3,11.46,19.1,55.8,0,961.7,99,0.8,1.8,183,533,59,177,34,34,564,370,6,20,97
WAE,2020,7,29,19,24.8,56.4,17.7,15.5,11.66,18.7,54.6,0,961.9,164,1,2.1,38,150,21,70,12,12,156,371,19,20,97
WAE,2020,7,29,20,22.6,67.5,18.5,16.3,12.19,18.5,53.7,0,962.4,219,1.3,2.3,0,0,0,0,0,0,0,382,44,20,97
WAE,2020,7,29,21,21.5,74.1,18.9,16.7,12.46,18.3,53.3,0,962.5,186,1,2.3,0,0,0,0,0,0,0,373,33,20,97
WAE,2020,7,29,22,20.8,76.6,18.8,16.5,12.39,18,52.4,0,962.6,230,1.1,2.3,0,0,0,0,0,0,0,364,0,20,97
WAE,2020,7,29,23,20,76.9,18,15.8,11.85,17.3,50.2,0,962.6,225,0.8,1.8,0,0,0,0,0,0,0,363,0,20,97
WAE,2020,7,30,0,19.8,67,15.5,13.5,10.18,15.9,45.7,0,962.9,253,1.4,2.3,0,0,0,0,0,0,0,354,0,20,97
WAE,2020,7,30,1,19.1,59.9,13.2,11.1,8.64,14.3,41.1,0,963,245,1.4,2.3,0,0,0,0,0,0,0,337,0,19,97
WAE,2020,7,30,2,18.4,59.4,12.5,10.4,8.18,13.7,39.2,0,963.1,245,1.4,2.4,0,0,0,0,0,0,0,337,0,19,97
WAE,2020,7,30,3,17.8,58.2,11.9,9.5,7.78,13,37.6,0,963.2,252,1.7,2.9,0,0,0,0,0,0,0,337,0,19,97
WAE,2020,7,30,4,17.3,61.1,12,9.7,7.84,12.9,37.3,0,963.5,247,2,3.1,0,0,0,0,0,0,0,336,0,19,97
WAE,2020,7,30,5,17.6,60.1,12.1,9.8,7.91,13.1,37.7,0,963.6,247,1.6,2.7,42,176,23,79,181,12,12,336,0,19,97
WAE,2020,7,30,6,19.2,54.3,12,9.8,7.84,13.7,39.2,0,963.8,315,0.7,1.9,190,543,58,172,574,34,34,336,0,19,97
WAE,2020,7,30,7,19.9,57.5,13.4,11.3,8.77,14.7,42.3,0,964,27,1.2,2.8,362,701,76,108,732,70,51,337,0,19,97
WAE,2020,7,30,8,20.8,56.6,13.9,11.9,9.1,15.4,44,0,964.1,38,1.3,2.6,535,808,84,65,780,234,67,341,0,19,97
WAE,2020,7,30,9,22.2,60.5,16.1,14.2,10.56,17.1,49.2,0,964.1,49,1.2,2.8,700,874,95,80,727,398,83,344,0,19,97
WAE,2020,7,30,10,23.7,60.7,17.8,15.7,11.7,18.5,53.6,0,963.9,59,1.3,2.7,782,827,128,95,569,508,98,348,0,19,97
WAE,2020,7,30,11,24.8,58.3,18.2,16.1,11.98,19.1,55.4,0,963.5,49,1.2,2.5,869,893,105,97,383,588,102,353,0,19,97
WAE,2020,7,30,12,26.7,55.5,19.5,17.1,12.86,20.2,59.6,0,962.9,48,1.3,2.5,890,890,111,100,163,613,177,364,6,19,97
WAE,2020,7,30,13,27.6,48.4,17.8,15.7,11.72,19.7,57.7,0,962.5,41,1.2,2.3,871,913,94,95,96,585,401,371,6,19,97
WAE,2020,7,30,14,28.5,45.5,17.8,15.6,11.72,19.9,58.6,0,962.2,37,1.2,2.7,774,822,128,94,95,501,580,368,0,19,97
WAE,2020,7,30,15,29.4,44.9,18.4,16.2,12.13,20.5,60.6,0,961.8,27,1,2.7,695,883,91,79,79,391,743,378,23,19,97
WAE,2020,7,30,16,29.9,42.9,18,15.9,11.87,20.5,60.4,0,961.5,86,1.5,2.6,503,707,113,71,71,231,720,394,40,19,97
WAE,2020,7,30,17,29.7,42,17.5,15.4,11.53,20.2,59.4,0,961.2,86,1.3,2.4,300,429,132,122,72,89,507,403,65,19,97
WAE,2020,7,30,18,29.1,44.6,17.9,15.8,11.8,20.2,59.4,0,961.1,122,1,2.3,177,518,57,169,33,33,548,385,30,19,97
WAE,2020,7,30,19,26.9,54.3,19.2,16.9,12.68,20.2,59.4,0,961.2,162,1,2.9,20,17,18,17,10,10,27,381,41,19,97
WAE,2020,7,30,20,24.8,61.4,19.2,16.9,12.68,19.5,57.2,0,961.2,171,1.4,3,0,0,0,0,0,0,0,379,39,19,97
WAE,2020,7,30,21,23.3,69.5,19.9,17.4,13.15,19.4,56.9,0,961.4,124,1.3,2.9,0,0,0,0,0,0,0,379,35,19,97
WAE,2020,7,30,22,23.1,71.1,20.1,17.6,13.28,19.4,57,0,961.6,145,1.8,3.3,0,0,0,0,0,0,0,364,13,19,97
WAE,2020,7,30,23,21.9,76.3,20.1,17.5,13.28,19,55.8,0,961.7,180,0.8,2.8,0,0,0,0,0,0,0,352,0,19,97
WAE,2020,7,31,0,22,75.4,19.9,17.4,13.14,18.9,55.5,0,961.8,90,0.3,1.3,0,0,0,0,0,0,0,369,33,19,97
WAE,2020,7,31,1,21.5,76.6,19.6,17.2,12.94,18.7,54.5,0,961.7,263,0.9,1.7,0,0,0,0,0,0,0,370,43,18,97
WAE,2020,7,31,2,20.7,80.8,19.7,17.3,13.01,18.4,53.8,0,961.9,225,0.6,1.6,0,0,0,0,0,0,0,350,6,18,97
WAE,2020,7,31,3,21,78.3,19.5,17.1,12.87,18.4,53.8,0,961.8,209,1.4,3.4,0,0,0,0,0,0,0,350,0,18,97
WAE,2020,7,31,4,20.3,80.5,19.2,16.8,12.67,18,52.6,0,961.9,156,1.3,2.5,0,0,0,0,0,0,0,350,0,18,97
WAE,2020,7,31,5,20.4,83.2,19.9,17.5,13.14,18.5,53.9,0,962.1,243,0.6,1.6,16,42,13,24,47,7,7,371,41,18,97
WAE,2020,7,31,6,22,77.4,20.5,17.9,13.54,19.3,56.5,0,962.1,127,0.6,1.4,181,500,63,164,534,34,34,369,38,18,97
WAE,2020,7,31,7,23.3,72.1,20.6,18,13.61,19.7,58,0,962.4,81,1.3,2.8,359,701,74,103,730,69,49,351,0,18,97
WAE,2020,7,31,8,24.5,66.4,20.4,17.8,13.47,20,58.9,0,962.3,93,2,3.8,553,829,90,65,803,246,67,360,16,18,97
WAE,2020,7,31,9,26,62.5,21,18.3,13.88,20.7,61.5,0,962.3,84,2,3.8,601,571,210,112,587,365,111,381,50,18,97
WAE,2020,7,31,10,27.2,57,20.5,17.9,13.54,20.9,61.9,0,962.1,68,1.2,2.6,780,812,138,95,565,509,98,375,39,18,97
WAE,2020,7,31,11,28.9,51.7,20.5,18,13.55,21.4,63.7,0,961.6,81,1.9,3.3,881,893,118,97,393,601,101,367,13,18,97
WAE,2020,7,31,12,30.5,46.4,20.2,17.7,13.36,21.7,64.8,0,961,77,1.9,3.1,939,948,112,99,166,650,183,381,0,18,97
WAE,2020,7,31,13,30.9,44.9,20,17.6,13.23,21.8,64.9,0,960.6,61,1.3,2.3,844,798,165,107,107,583,410,388,0,18,97
WAE,2020,7,31,14,32,40.8,19.4,17,12.83,21.8,65,0,960.2,56,1.5,3.2,775,826,129,93,94,499,582,385,0,18,97
WAE,2020,7,31,15,32.6,34.8,17.1,15.1,11.28,20.9,61.7,0,959.9,69,1.6,2.6,679,872,85,74,75,380,728,382,0,18,97
WAE,2020,7,31,16,32.8,36.2,18,15.9,11.89,21.4,63.5,0,959.6,76,1.3,2.1,520,778,92,64,65,230,763,379,0,18,97
WAE,2020,7,31,17,32.6,36.4,17.9,15.8,11.83,21.3,63.1,0,959.2,108,0.9,1.8,337,630,90,112,52,71,677,376,0,18,97
WAE,2020,7,31,18,31.2,41.9,19,16.7,12.57,21.4,63.6,0,959.1,142,1.2,2.1,175,515,58,167,32,32,545,373,0,18,97
WAE,2020,7,31,19,28.6,50.3,19.6,17.3,12.97,20.9,61.9,0,959.2,174,1.9,3.3,35,140,20,64,11,11,145,376,13,18,97
WAE,2020,7,31,20,25.5,58,18.9,16.6,12.5,19.6,57.5,0,959.5,214,1.4,3.3,0,0,0,0,0,0,0,360,0,18,97
WAE,2020,7,31,21,24.4,58.9,18,15.8,11.89,18.8,54.8,0,959.9,168,1.5,3.1,0,0,0,0,0,0,0,356,0,18,97
WAE,2020,7,31,22,23,61.9,17.4,15.3,11.48,18,52.3,0,960.1,194,1,2.5,0,0,0,0,0,0,0,354,0,18,97
WAE,2020,7,31,23,22.2,64.9,17.4,15.3,11.48,17.7,51.5,0,960.2,156,1.3,3.6,0,0,0,0,0,0,0,351,0,18,97
WAE,2020,8,1,0,22.2,64,17.1,15.1,11.28,17.6,51,0,960.1,155,1.5,3.1,0,0,0,0,0,0,0,355,0,18,97
WAE,2020,8,1,1,21.5,67.8,17.3,15.3,11.42,17.5,50.6,0,959.6,175,1.2,3.1,0,0,0,0,0,0,0,355,13,18,97
WAE,2020,8,1,2,23.7,62,18.2,16,12.01,18.6,54.4,0,960.4,261,3.5,7.5,0,0,0,0,0,0,0,367,26,18,97
WAE,2020,8,1,3,22.7,67.1,18.5,16.3,12.22,18.5,53.9,0,960.5,238,3,7.1,0,0,0,0,0,0,0,351,0,18,97
WAE,2020,8,1,4,21.1,73.9,18.5,16.3,12.22,18,52.3,0,960.1,152,1.6,3.9,0,0,0,0,0,0,0,352,0,18,97
WAE,2020,8,1,5,20.8,73.6,18.1,15.9,11.95,17.6,51.3,0,960.1,158,1.1,2.6,35,98,24,51,109,13,13,356,6,18,97
WAE,2020,8,1,6,22.8,69.5,19.3,16.9,12.76,18.9,55.4,0,960,106,0.9,2.3,174,441,68,149,481,37,37,368,29,18,97
WAE,2020,8,1,7,23.8,68.2,20,17.6,13.23,19.6,57.6,0,960.5,74,1,2.5,352,677,80,106,714,72,51,359,19,18,97
WAE,2020,8,1,8,25.4,62.2,20.1,17.6,13.3,20.1,59.4,0,960.4,63,1.1,2.7,516,756,96,66,743,238,68,362,29,18,97
WAE,2020,8,1,9,27.1,56.2,20.2,17.6,13.36,20.7,61.4,0,960.3,67,1.6,3.3,644,735,139,88,660,385,90,379,39,18,97
WAE,2020,8,1,10,28,54.1,20.5,17.9,13.57,21.1,62.8,0,960.3,55,1.7,3.2,736,698,188,109,545,493,111,389,45,18,97
WAE,2020,8,1,11,28.4,50.8,19.7,17.2,13.02,20.8,61.8,0,960.5,352,2,4.8,663,422,305,169,356,446,166,409,71,18,97
WAE,2020,8,1,12,30.2,41.8,18,15.8,11.88,20.6,60.8,0,960.1,290,3.1,7.1,824,708,207,121,201,587,204,412,61,18,97
WAE,2020,8,1,13,29.7,42.8,17.9,15.7,11.82,20.4,60.1,0,960.1,300,2.3,5.8,188,25,167,94,94,110,103,432,100,18,97
WAE,2020,8,1,14,27.2,54.7,19.4,17.3,12.83,20.5,60.1,0.2,960.1,239,2.2,5.9,50,0,50,29,29,27,28,430,100,18,97
WAE,2020,8,1,15,28,54.1,20.5,17.9,13.58,21.1,62.8,0,959.8,147,2.9,8,340,162,234,128,127,199,277,418,81,18,97
WAE,2020,8,1,16,26.4,61.7,21.2,18.5,14.05,21,62.4,0,959.4,104,4,7.8,353,306,196,110,110,175,406,419,84,18,97
WAE,2020,8,1,17,26.1,61.8,20.9,18.2,13.86,20.7,61.6,0,959,112,1.8,6.6,314,528,109,116,60,78,592,400,43,18,97
WAE,2020,8,1,18,26,59,19.8,17.4,13.12,20.2,59.6,0,958.4,108,1.1,2.7,161,414,67,146,36,36,452,393,33,18,97
WAE,2020,8,1,19,24.4,61.5,18.8,16.5,12.44,19.2,56.2,0,958.8,106,1.7,4,29,96,19,46,10,10,102,399,58,18,97
WAE,2020,8,1,20,22.3,67.8,18.2,16.1,12.04,18.2,53,0,958.8,131,1.1,4,0,0,0,0,0,0,0,405,75,18,97
WAE,2020,8,1,21,21.6,71.9,18.5,16.3,12.24,18.1,52.8,0,958.6,114,1.1,3.7,0,0,0,0,0,0,0,408,81,18,97
WAE,2020,8,1,22,22.4,64.5,17.4,15.4,11.47,17.9,51.7,0,960.8,301,5.9,13.8,0,0,0,0,0,0,0,408,100,18,97
WAE,2020,8,1,23,21.4,65.7,16.8,14.7,11.06,17.1,49.6,0,961.2,225,1.6,6.6,0,0,0,0,0,0,0,408,100,18,97
WAE,2020,8,2,0,21.5,63.8,16.4,14.4,10.81,17,49.1,0,959.9,149,1.8,5.6,0,0,0,0,0,0,0,404,100,18,97
WAE,2020,8,2,1,21.4,66.8,17,15,11.21,17.3,50,0,960,236,2.7,6.8,0,0,0,0,0,0,0,402,100,19,97
WAE,2020,8,2,2,20.4,74,17.7,15.6,11.68,17.3,50.2,0,960,259,3.4,8.6,0,0,0,0,0,0,0,402,100,19,97
WAE,2020,8,2,3,19.7,82.7,18.9,16.7,12.49,17.7,51.5,0,960,300,1.2,5.6,0,0,0,0,0,0,0,402,100,19,97
WAE,2020,8,2,4,19.3,84.5,19,16.6,12.56,17.5,51.3,0,959.7,188,0.9,2.2,0,0,0,0,0,0,0,399,100,19,97
WAE,2020,8,2,5,19.7,85.1,19.5,17.1,12.91,18,52.6,0,959.1,84,1.2,4.2,2,0,2,1,1,1,1,401,100,19,97
WAE,2020,8,2,6,20.4,77.5,18.6,16.3,12.3,17.7,51.7,0,959.1,103,1.3,4.2,78,22,73,47,64,39,40,401,100,19,97
WAE,2020,8,2,7,20.9,76.6,19,16.6,12.57,18.1,52.9,0,959.4,297,1.2,2.4,168,46,150,89,134,86,82,401,100,19,97
WAE,2020,8,2,8,21.5,76.6,19.6,17.2,12.97,18.7,54.6,0,959.6,248,1.2,2.8,207,23,194,112,133,114,107,404,100,19,97
WAE,2020,8,2,9,22.2,69,18.4,16.2,12.15,18.3,53.2,0,960.1,265,2.2,5.1,272,48,242,138,183,153,132,407,100,19,97
WAE,2020,8,2,10,22.3,70.1,18.9,16.6,12.49,18.5,54.2,0,960,249,2.4,5.4,208,4,205,119,121,114,114,409,100,19,97
WAE,2020,8,2,11,22.9,67.6,18.9,16.6,12.5,18.7,54.8,0,959.5,249,2.1,4.2,300,10,291,169,172,166,161,409,100,19,97
WAE,2020,8,2,12,23.1,64.5,18.2,16,12.04,18.5,53.9,0,958.7,360,1.4,3.3,538,227,341,186,191,354,253,414,94,19,97
WAE,2020,8,2,13,23.7,63.4,18.5,16.3,12.25,18.8,55,0,958.2,30,1.7,3.3,488,180,334,183,182,314,268,412,100,19,97
WAE,2020,8,2,14,23.7,62.8,18.4,16.2,12.18,18.8,54.8,0,958,320,1.9,4.2,220,1,219,128,127,120,123,412,100,19,97
WAE,2020,8,2,15,22.5,70.3,19,16.8,12.58,18.7,54.6,1.2,958.5,300,5,14.4,68,0,68,40,40,37,38,409,100,19,97
WAE,2020,8,2,16,19.4,83.4,18.8,16.5,12.43,17.5,51,0.1,959.3,341,4.3,13.7,88,0,88,51,51,48,49,407,100,19,97
WAE,2020,8,2,17,19.3,81.9,18.3,16.1,12.1,17.2,50.1,0,959.1,127,1.1,2.4,60,0,60,35,35,33,34,404,100,19,97
WAE,2020,8,2,18,19.2,78.7,17.5,15.4,11.56,16.8,48.6,0,959,360,1,3.3,44,3,43,26,25,24,28,401,100,19,97
WAE,2020,8,2,19,18.3,88.6,18.5,16.4,12.23,17.1,49.4,2.3,959.5,27,0.5,2.1,2,0,2,1,1,1,1,399,100,19,97
WAE,2020,8,2,20,17.5,94.9,19,16.7,12.57,17,49.4,2.9,959.5,299,1.1,2.5,0,0,0,0,0,0,0,397,100,19,97
WAE,2020,8,2,21,17.4,94.2,18.7,16.5,12.36,16.8,48.8,2.2,959.4,276,2,4.2,0,0,0,0,0,0,0,396,100,19,97
WAE,2020,8,2,22,17.3,93.6,18.5,16.3,12.23,16.7,48.4,0.2,959.3,253,1.4,2.5,0,0,0,0,0,0,0,394,100,19,97
WAE,2020,8,2,23,17.2,93.3,18.3,16.1,12.1,16.5,47.9,0.5,958.8,216,2.4,3.7,0,0,0,0,0,0,0,392,100,19,97
WAE,2020,8,3,0,17,93.4,18.1,15.9,11.97,16.3,47.4,0.5,958.6,261,2,4.6,0,0,0,0,0,0,0,390,100,19,97
WAE,2020,8,3,1,16.8,93.9,18,15.8,11.91,16.2,47.1,0.1,957.9,252,1.9,3.1,0,0,0,0,0,0,0,389,100,19,97
WAE,2020,8,3,2,16.7,93.3,17.7,15.6,11.72,16,46.5,0,957,241,1.9,3,0,0,0,0,0,0,0,389,100,19,97
WAE,2020,8,3,3,16.6,93.1,17.6,15.5,11.66,15.9,46.2,0,956.7,246,2.4,3.6,0,0,0,0,0,0,0,382,81,19,97
WAE,2020,8,3,4,16.7,92.4,17.6,15.5,11.65,15.9,46.3,0,957,247,2.3,3.7,0,0,0,0,0,0,0,388,100,19,97
WAE,2020,8,3,5,16.9,91.4,17.6,15.5,11.65,16,46.5,0,956.9,232,2.3,3.9,9,1,9,5,6,5,5,387,100,19,97
WAE,2020,8,3,6,17.2,90.2,17.7,15.6,11.73,16.2,47,0,956.6,229,1,3.3,35,0,35,20,20,19,20,387,100,19,97
WAE,2020,8,3,7,17.7,88.5,17.9,15.8,11.86,16.5,47.9,0,956.5,315,0.5,2,96,0,96,56,56,52,53,387,100,19,97
WAE,2020,8,3,8,18,86.4,17.8,15.7,11.8,16.5,48,0,956.1,315,0.4,1.5,141,2,140,81,83,77,78,388,100,19,97
WAE,2020,8,3,9,17.9,86.5,17.7,15.6,11.73,16.4,47.7,6.8,956.1,113,1.3,9.4,101,0,101,59,58,55,56,388,100,19,97
WAE,2020,8,3,10,15.8,90.2,16.2,14.2,10.72,14.8,43,12.8,956.1,163,3.2,9.6,81,0,81,47,47,44,45,389,100,19,97
WAE,2020,8,3,11,16.5,87.9,16.5,14.5,10.93,15.3,44.3,0.8,955.4,188,2.1,4.6,139,0,139,81,80,75,77,389,100,19,97
WAE,2020,8,3,12,17.2,86.8,17,15,11.27,15.8,45.8,0.1,955.3,278,1.6,4.5,122,0,122,71,70,66,68,390,100,19,97
WAE,2020,8,3,13,16.8,87.4,16.7,14.7,11.07,15.5,44.9,0.4,955.2,248,4.2,7.2,134,0,134,78,77,73,74,389,100,19,97
WAE,2020,8,3,14,15.7,89.8,16,14,10.59,14.7,42.6,1.5,955.6,253,5.2,9.6,84,0,84,49,48,46,47,386,100,19,97
WAE,2020,8,3,15,15.5,89.7,15.8,13.8,10.45,14.5,42,0.7,955.8,241,3.8,7.8,54,0,54,31,31,29,30,384,100,19,97
WAE,2020,8,3,16,14.7,89.7,14.9,13,9.85,13.7,39.7,1.7,955.7,241,5.9,10.3,35,0,35,20,20,19,19,381,100,19,97
WAE,2020,8,3,17,14.3,88.6,14.4,12.4,9.51,13.2,38.4,1,955.8,250,4,8.6,23,0,23,14,14,13,13,378,100,19,97
WAE,2020,8,3,18,14,89.4,14.3,12.3,9.45,13,37.9,2.3,956,244,6.3,11.1,9,0,9,5,5,5,5,375,100,19,97
WAE,2020,8,3,19,13.6,90.5,14.1,12.1,9.31,12.7,37.2,2.6,956.2,245,6.7,11.4,4,0,4,2,2,2,2,373,100,19,97
WAE,2020,8,3,20,13,89.9,13.5,11.4,8.9,12.1,35.5,2.3,956.5,236,6.5,10.8,0,0,0,0,0,0,0,371,100,19,97
WAE,2020,8,3,21,12.6,89.3,13,10.9,8.57,11.6,34.3,1.1,956.5,239,6.9,10.5,0,0,0,0,0,0,0,370,100,19,97
WAE,2020,8,3,22,12.3,90.2,12.9,10.7,8.5,11.4,33.8,3.1,956.6,238,6,11.2,0,0,0,0,0,0,0,369,100,19,97
WAE,2020,8,3,23,12.3,90.6,13,10.8,8.57,11.4,34,2.5,956.6,244,4.7,9.9,0,0,0,0,0,0,0,368,100,19,97
WAE,2020,8,4,0,12.4,91.5,13.2,11.1,8.7,11.7,34.4,1.6,956.4,243,6.1,10.2,0,0,0,0,0,0,0,367,100,19,97
WAE,2020,8,4,1,12.6,90.4,13.2,11.1,8.7,11.7,34.6,1.7,956.6,252,5.3,9.1,0,0,0,0,0,0,0,366,100,18,97
WAE,2020,8,4,2,12.5,91.7,13.3,11.2,8.77,11.8,34.7,1.9,956.6,249,5.6,9.1,0,0,0,0,0,0,0,366,100,18,97
WAE,2020,8,4,3,12.4,92.5,13.3,11.2,8.77,11.7,34.6,2.7,956.6,244,5.5,9.8,0,0,0,0,0,0,0,366,100,18,97
WAE,2020,8,4,4,12.4,91.5,13.2,11.1,8.7,11.7,34.4,2.8,956.9,254,5.7,9.4,0,0,0,0,0,0,0,366,100,18,97
WAE,2020,8,4,5,12.7,92.1,13.6,11.5,8.96,12,35.4,0.8,957.6,298,4,7.3,21,38,16,23,47,9,9,366,100,18,97
WAE,2020,8,4,6,12.8,92.5,13.7,11.6,9.02,12.1,35.6,1.1,958,294,3,4.6,61,21,58,40,54,31,32,365,100,18,97
WAE,2020,8,4,7,13,91.7,13.8,11.7,9.09,12.2,36,0.5,958.5,298,2.9,4.7,80,1,79,46,46,43,44,366,100,18,97
WAE,2020,8,4,8,13.3,91.9,14,12,9.22,12.5,36.6,0.6,958.9,307,2.1,3.7,170,36,152,86,123,91,83,368,100,18,97
WAE,2020,8,4,9,13.4,91.6,14,12.1,9.21,12.6,36.7,1.4,959.6,306,1.4,3.4,106,0,106,61,61,57,59,370,100,18,97
WAE,2020,8,4,10,14.3,88.1,14.3,12.4,9.4,13.2,38.1,0.1,960.2,216,1,3,101,0,101,58,58,55,56,372,100,18,97
WAE,2020,8,4,11,13.6,82.9,12.9,10.8,8.47,12,35.1,0.9,960.3,164,3.4,6.5,111,0,111,64,64,60,61,374,100,18,97
WAE,2020,8,4,12,14.4,80.9,13.3,11.2,8.73,12.5,36.5,0,960.9,0,1.2,3.6,214,0,213,123,122,115,118,376,100,18,97
WAE,2020,8,4,13,15.5,78.3,13.8,11.7,9.06,13.3,38.5,0,961.1,326,1,3.1,363,43,327,185,184,208,205,377,100,18,97
WAE,2020,8,4,14,15.3,77.4,13.5,11.4,8.86,13,37.8,0,961.4,103,1.5,4.7,134,0,134,77,77,72,74,376,100,18,97
WAE,2020,8,4,15,15.5,75,13.1,11.1,8.59,12.9,37.3,0,961.6,352,0.9,1.9,178,9,172,98,98,97,102,375,100,18,97
WAE,2020,8,4,16,15.8,75.1,13.5,11.4,8.85,13.2,38.3,0,961.8,320,0.9,2.4,151,7,147,85,84,81,89,375,100,18,97
WAE,2020,8,4,17,16.2,72.7,13.4,11.3,8.79,13.3,38.5,0,961.7,315,0.8,1.7,170,183,111,93,63,60,247,365,88,18,97
WAE,2020,8,4,18,16.1,72.7,13.3,11.2,8.72,13.2,38.2,0,962.2,315,1.3,2.7,136,256,73,100,40,38,300,359,81,18,97
WAE,2020,8,4,19,15.1,83.1,14.3,12.3,9.38,13.4,38.9,0,962.4,239,0.6,1.3,14,12,13,12,7,7,19,372,100,18,97
WAE,2020,8,4,20,15,84.2,14.4,12.4,9.45,13.4,39,0,962.7,180,0.8,2.6,0,0,0,0,0,0,0,369,100,18,97
WAE,2020,8,4,21,14.5,86.3,14.3,12.2,9.38,13.1,38.3,0,962.4,45,1.3,3.4,0,0,0,0,0,0,0,354,80,18,97
WAE,2020,8,4,22,13.1,92.6,14,11.9,9.18,12.4,36.4,0,962.1,174,1,2,0,0,0,0,0,0,0,347,78,18,97
WAE,2020,8,4,23,12.7,93.6,13.7,11.7,8.98,12.1,35.4,0,962.2,172,0.8,1.9,0,0,0,0,0,0,0,348,88,18,97
WAE,2020,8,5,0,13.1,91.3,13.8,11.7,9.05,12.3,36,0,962.3,165,1.2,2.1,0,0,0,0,0,0,0,332,94,18,97
WAE,2020,8,5,1,12.5,90.7,13.1,11,8.59,11.6,34.2,0,962.1,175,2.1,4.1,0,0,0,0,0,0,0,291,20,20,97
WAE,2020,8,5,2,12.2,89.3,12.7,10.5,8.32,11.2,33.3,0,962,167,2.6,3.6,0,0,0,0,0,0,0,318,36,20,97
WAE,2020,8,5,3,12.1,88.3,12.4,10.2,8.12,11,32.7,0,961.8,155,2.2,3.7,0,0,0,0,0,0,0,312,36,20,97
WAE,2020,8,5,4,11.4,87.5,11.8,9.4,7.72,10.3,30.9,0,962,174,1.9,3,0,0,0,0,0,0,0,314,33,20,97
WAE,2020,8,5,5,11.7,88.7,12.2,9.9,7.99,10.7,31.9,0,962.1,165,1.6,2.3,30,131,17,56,136,9,9,317,33,20,97
WAE,2020,8,5,6,13,83.7,12.5,10.3,8.19,11.5,33.7,0,962.2,153,1,1.9,174,491,64,154,530,36,36,313,6,20,97
WAE,2020,8,5,7,14,80.6,12.9,10.7,8.45,12.1,35.4,0,962.3,67,1.5,3,335,575,109,101,640,102,63,308,20,20,97
WAE,2020,8,5,8,14.3,75.4,12.3,10,8.05,11.9,34.7,0,962.1,41,1.1,2.3,554,827,103,72,821,277,74,303,0,20,97
WAE,2020,8,5,9,15.7,71.3,12.7,10.5,8.32,12.7,36.8,0,961.8,54,1.1,3.4,709,886,109,86,757,438,89,311,13,20,97
WAE,2020,8,5,10,17.5,66.2,13.2,11.1,8.66,13.7,39.5,0,961.7,49,1.2,3.6,796,866,121,97,590,546,101,324,19,20,97
WAE,2020,8,5,11,19,60.2,13.2,11.1,8.66,14.3,41.1,0,961.2,34,1.3,3.6,872,893,120,104,403,627,109,323,19,20,97
WAE,2020,8,5,12,19.4,59.8,13.5,11.4,8.86,14.6,42,0,961,90,1.4,3.7,907,923,112,105,170,660,188,343,13,20,97
WAE,2020,8,5,13,20.5,55.6,13.4,11.3,8.8,15,43,0,960.8,48,1.5,3.9,848,833,149,110,110,613,422,346,25,20,97
WAE,2020,8,5,14,21.8,51.8,13.5,11.5,8.87,15.5,44.5,0,960.6,61,1.6,4.5,744,726,184,111,112,518,577,355,25,20,97
WAE,2020,8,5,15,22.2,49.9,13.3,11.3,8.73,15.6,44.5,0,960.6,55,1.5,3,623,676,169,100,101,396,649,370,35,20,97
WAE,2020,8,5,16,22,47.1,12.4,10.2,8.13,15,42.8,0,960.7,61,1.2,3.4,479,642,139,81,81,246,689,360,35,20,97
WAE,2020,8,5,17,22,47.8,12.6,10.4,8.27,15.1,43.1,0,960.8,49,1.1,3,320,583,101,109,59,91,645,355,19,20,97
WAE,2020,8,5,18,21.3,52.9,13.4,11.3,8.8,15.3,43.8,0,961,33,2.2,5.4,161,440,68,149,37,37,481,354,25,20,97
WAE,2020,8,5,19,19.6,61.3,13.9,12,9.13,15,42.9,0,961.3,30,2.5,4.8,27,99,18,46,10,10,106,342,25,20,97
WAE,2020,8,5,20,17.7,70.1,14.2,12.2,9.32,14.4,41.4,0,961.8,90,1,3.4,0,0,0,0,0,0,0,337,33,20,97
WAE,2020,8,5,21,16.4,76.2,14.2,12.2,9.32,13.9,40.1,0,961.8,171,0.8,1.5,0,0,0,0,0,0,0,342,36,20,97
WAE,2020,8,5,22,16.1,75.6,13.8,11.8,9.05,13.5,39.1,0,961.8,175,2.3,4.1,0,0,0,0,0,0,0,332,25,20,97
WAE,2020,8,5,23,16.3,73.1,13.6,11.5,8.92,13.5,39,0,961.9,164,3.8,5.3,0,0,0,0,0,0,0,336,36,20,97
WAE,2020,8,6,0,15.6,76.1,13.5,11.4,8.85,13.1,38.1,0,962.1,174,3.1,5.1,0,0,0,0,0,0,0,333,36,20,97
WAE,2020,8,6,1,14.6,81.7,13.5,11.5,8.85,12.8,37.1,0,962.1,225,1,2.6,0,0,0,0,0,0,0,310,0,18,97
WAE,2020,8,6,2,13.9,85.2,13.5,11.5,8.85,12.5,36.3,0,962.3,259,0.6,1.9,0,0,0,0,0,0,0,326,0,18,97
WAE,2020,8,6,3,13.5,86.4,13.4,11.3,8.78,12.2,35.8,0,962.3,158,1.8,4,0,0,0,0,0,0,0,317,0,18,97
WAE,2020,8,6,4,13,90.8,13.6,11.5,8.91,12.1,35.6,0,962.5,180,0.5,1.3,0,0,0,0,0,0,0,307,0,18,97
WAE,2020,8,6,5,13.5,89.2,13.8,11.8,9.05,12.5,36.4,0,962.7,188,1.6,2.5,26,96,17,42,102,9,9,307,0,18,97
WAE,2020,8,6,6,15.6,80.9,14.3,12.3,9.38,13.6,39.4,0,963,124,0.9,1.8,174,502,60,148,538,33,33,307,0,18,97
WAE,2020,8,6,7,16.5,83.1,15.5,13.6,10.17,14.7,42.3,0,963.5,58,1.1,2.6,345,670,86,89,715,90,51,309,19,18,97
WAE,2020,8,6,8,17.3,77.5,15.3,13.3,10.04,14.8,42.8,0,963.6,42,1.3,3,530,804,93,64,787,261,66,330,23,18,97
WAE,2020,8,6,9,18.5,70.2,15,13,9.83,15.1,43.5,0,963.7,27,1.2,2.9,683,819,132,84,724,425,87,317,0,18,97
WAE,2020,8,6,10,20.1,67.4,15.8,13.9,10.37,16.2,46.5,0,963.6,29,1.2,2.4,749,730,183,105,558,521,107,321,0,18,97
WAE,2020,8,6,11,21,65.4,16.3,14.3,10.7,16.8,48.3,0,963.4,49,1.2,3,825,765,183,110,404,599,112,326,0,18,97
WAE,2020,8,6,12,22.3,60.8,16.4,14.4,10.78,17.3,49.8,0,963,24,1.1,2.4,892,881,135,101,170,650,188,330,0,18,97
WAE,2020,8,6,13,23.8,54,16,13.9,10.51,17.5,50.7,0,962.7,34,1,2.7,853,845,147,101,101,614,426,333,0,18,97
WAE,2020,8,6,14,24.7,50.8,15.8,13.8,10.38,17.7,51.3,0,962.6,29,1.2,3.4,839,909,140,95,95,577,645,335,6,18,97
WAE,2020,8,6,15,25.5,49.2,16.1,14.1,10.58,18.2,52.6,0,962.5,31,1.4,2.8,685,869,107,78,79,417,750,336,0,18,97
WAE,2020,8,6,16,25.7,48.3,16,14,10.51,18.2,52.6,0,962.5,10,1.4,2.9,492,726,106,66,66,243,734,338,0,18,97
WAE,2020,8,6,17,25.5,49,16,14,10.52,18.1,52.4,0,962.4,340,1.3,3.3,320,613,90,90,51,86,664,340,0,18,97
WAE,2020,8,6,18,24.9,54,17,15,11.18,18.5,53.5,0,962.7,357,1.9,3.5,154,457,58,142,31,31,491,341,0,18,97
WAE,2020,8,6,19,22.8,61.8,17.2,15.1,11.31,17.8,51.7,0,963.1,342,1.4,3.6,21,79,14,35,8,7,84,341,0,18,97
WAE,2020,8,6,20,20.5,70.9,17.1,15,11.24,17,49.1,0,963.5,135,0.7,2.4,0,0,0,0,0,0,0,339,0,18,97
WAE,2020,8,6,21,19.4,75.3,17,14.9,11.17,16.5,47.8,0,963.7,202,1.2,4.2,0,0,0,0,0,0,0,336,0,18,97
WAE,2020,8,6,22,19.6,72.4,16.6,14.5,10.9,16.4,47.4,0,963.8,166,3.1,4.6,0,0,0,0,0,0,0,334,0,18,97
WAE,2020,8,6,23,19.1,74.2,16.4,14.4,10.77,16.1,46.5,0,963.8,159,3.3,4.8,0,0,0,0,0,0,0,331,0,18,97
WAE,2020,8,7,0,18.5,76.4,16.3,14.3,10.7,15.9,45.7,0,963.5,158,2.9,4.4,0,0,0,0,0,0,0,329,0,18,97
WAE,2020,8,7,1,17.8,80.6,16.4,14.4,10.77,15.7,45.2,0,963.4,155,1.9,4.2,0,0,0,0,0,0,0,328,0,17,97
WAE,2020,8,7,2,17.3,83.4,16.4,14.5,10.77,15.5,44.7,0,963.3,149,1.9,4.8,0,0,0,0,0,0,0,328,0,17,97
WAE,2020,8,7,3,16,89.1,16.2,14.2,10.64,14.9,43,0,963.3,180,1.1,4,0,0,0,0,0,0,0,328,0,17,97
WAE,2020,8,7,4,16,91.2,16.6,14.6,10.9,15.1,43.7,0,963.6,217,0.6,1.5,0,0,0,0,0,0,0,329,0,17,97
WAE,2020,8,7,5,16.1,92.2,16.8,14.8,11.03,15.3,44.1,0,964,225,0.5,1.1,26,94,17,42,101,9,9,329,0,17,97
WAE,2020,8,7,6,18.1,88.5,18.3,16.2,12.03,16.9,48.7,0,964.2,315,0.3,1,164,449,62,134,486,33,33,330,0,17,97
WAE,2020,8,7,7,18.9,86.3,18.8,16.6,12.37,17.4,50.4,0,964.3,45,1.3,2.8,345,700,76,82,735,87,47,331,0,17,97
WAE,2020,8,7,8,19.8,83.5,19.3,16.9,12.7,17.9,52.1,0,964.4,45,1.1,2.3,524,805,90,61,783,257,63,335,0,17,97
WAE,2020,8,7,9,21.1,76.7,19.1,16.8,12.57,18.3,53.1,0,964.3,36,1,2.5,677,860,99,74,720,415,77,339,0,17,97
WAE,2020,8,7,10,22.8,68.7,19,16.7,12.5,18.8,54.7,0,964.2,37,1.1,2.3,740,727,177,100,548,514,102,343,0,17,97
WAE,2020,8,7,11,24.3,63.3,19.2,16.9,12.64,19.4,56.6,0,964,45,1,2.3,882,909,122,93,400,634,97,346,0,17,97
WAE,2020,8,7,12,25.1,59.2,18.9,16.6,12.44,19.4,56.9,0,963.7,41,1.1,2.2,910,892,145,100,181,667,183,350,0,17,97
WAE,2020,8,7,13,26.2,51.9,17.6,15.5,11.57,19.2,55.9,0,963.6,37,1.1,2.3,808,751,183,106,106,585,416,353,0,17,97
WAE,2020,8,7,14,27.2,49.9,17.9,15.8,11.78,19.6,57.4,0,963.4,32,1.1,2.4,779,873,109,84,84,528,589,353,0,17,97
WAE,2020,8,7,15,28.1,45.4,17.2,15.2,11.31,19.6,57.1,0,963.1,29,1.1,2.5,657,849,95,72,73,397,722,353,0,17,97
WAE,2020,8,7,16,28.4,40.6,15.7,13.7,10.31,18.9,54.9,0,963,30,0.9,2.2,464,617,139,74,74,242,658,353,0,17,97
WAE,2020,8,7,17,28.4,41.7,16.1,14.1,10.58,19.1,55.6,0,962.9,16,0.8,1.8,308,570,98,90,53,87,627,353,0,17,97
WAE,2020,8,7,18,27.2,50.8,18.3,16.1,12.05,19.8,58.1,0,962.9,14,0.9,1.6,155,460,59,142,31,31,494,354,0,17,97
WAE,2020,8,7,19,24.3,62.8,18.9,16.8,12.45,19.3,56.1,0,963,304,0.5,1.4,23,74,17,36,9,9,81,352,0,17,97
WAE,2020,8,7,20,22.7,67.9,18.7,16.5,12.31,18.6,54.1,0,963.4,191,1.7,3.7,0,0,0,0,0,0,0,347,0,17,97
WAE,2020,8,7,21,22.7,63.7,17.5,15.5,11.51,18,52.1,0,963.6,166,3.4,4.6,0,0,0,0,0,0,0,343,0,17,97
WAE,2020,8,7,22,21.8,65.9,17.2,15.1,11.3,17.5,50.6,0,963.7,164,3.7,5.3,0,0,0,0,0,0,0,338,0,17,97
WAE,2020,8,7,23,20.4,71.6,17.2,15.1,11.3,17,49.2,0,963.6,168,2.4,4.4,0,0,0,0,0,0,0,333,0,17,97
WAE,2020,8,8,0,20,72.9,17.1,15,11.23,16.8,48.6,0,964,147,2.2,4.3,0,0,0,0,0,0,0,328,0,17,97
WAE,2020,8,8,1,18.7,80.9,17.5,15.4,11.5,16.6,48,0,963.8,180,1.2,4.8,0,0,0,0,0,0,0,326,0,17,97
WAE,2020,8,8,2,18.5,81.2,17.3,15.2,11.37,16.4,47.4,0,964,138,1.5,3.9,0,0,0,0,0,0,0,326,0,17,97
WAE,2020,8,8,3,17.5,87.1,17.4,15.3,11.43,16.1,46.6,0,964.3,117,0.6,2.3,0,0,0,0,0,0,0,326,0,17,97
WAE,2020,8,8,4,17.6,87.2,17.6,15.4,11.56,16.2,47,0,964.6,284,0.6,1.6,0,0,0,0,0,0,0,327,0,17,97
WAE,2020,8,8,5,17.7,86.9,17.5,15.5,11.49,16.3,46.9,0,965,174,1,2,21,58,15,28,65,8,8,327,0,17,97
WAE,2020,8,8,6,19.5,84.4,19.1,16.8,12.56,17.7,51.5,0,965.3,117,1.1,2.3,161,443,61,130,480,33,33,331,0,17,97
WAE,2020,8,8,7,20.4,82.8,19.9,17.4,13.09,18.4,53.8,0,965.3,79,1.7,2.8,345,701,78,82,738,89,48,328,0,17,97
WAE,2020,8,8,8,21.4,75.4,19.2,16.9,12.62,18.4,53.6,0,965.2,56,1.2,2,539,813,103,65,804,275,66,331,0,17,97
WAE,2020,8,8,9,23,68.1,19.1,16.8,12.56,18.9,55.1,0,965.2,53,1,1.9,667,813,124,80,709,419,82,334,0,17,97
WAE,2020,8,8,10,24.3,63.7,19.3,17,12.7,19.4,56.8,0,964.9,45,0.9,2.3,768,821,133,90,563,533,93,336,0,17,97
WAE,2020,8,8,11,25.7,54.4,17.9,15.8,11.76,19.2,55.8,0,964.6,36,1,2.3,870,893,125,94,399,631,98,339,13,17,97
WAE,2020,8,8,12,26.9,48.8,17.3,15.2,11.36,19.2,56,0,964.4,42,1.4,3.2,874,849,148,101,171,645,190,347,13,17,97
WAE,2020,8,8,13,27.6,44.2,16.3,14.3,10.7,19,55.1,0,964.2,40,1.7,3,837,818,158,101,101,609,424,353,19,17,97
WAE,2020,8,8,14,28.1,43.1,16.4,14.4,10.76,19.2,55.8,0,964,34,1.5,3.1,789,902,99,83,84,538,600,350,0,17,97
WAE,2020,8,8,15,28.6,42,16.5,14.4,10.83,19.3,56.4,0,963.9,45,1.1,2.3,635,773,124,79,80,397,685,348,0,17,97
WAE,2020,8,8,16,28.6,39.5,15.5,13.5,10.17,18.9,54.7,0,963.7,22,1.2,2.6,477,684,120,68,68,244,709,345,0,17,97
WAE,2020,8,8,17,28.3,40.1,15.3,13.5,10.04,18.8,54.1,0,963.4,30,0.9,2.4,315,622,87,85,49,85,671,345,0,17,97
WAE,2020,8,8,18,27.2,42.7,15.3,13.4,10.04,18.4,53,0,963.3,34,0.5,1.6,153,471,57,141,30,30,504,350,0,17,97
WAE,2020,8,8,19,24.3,53.6,16.2,14.3,10.64,17.9,51.5,0,963.3,166,0.9,2.6,19,70,13,31,7,7,75,349,0,17,97
WAE,2020,8,8,20,22.7,58.3,16.1,14.1,10.57,17.2,49.7,0,963.5,175,2.3,4.2,0,0,0,0,0,0,0,341,0,17,97
WAE,2020,8,8,21,22,56.7,15,13,9.84,16.4,47.1,0,963.4,165,3.1,4.7,0,0,0,0,0,0,0,337,0,17,97
WAE,2020,8,8,22,20.5,60.3,14.5,12.6,9.51,15.6,44.7,0,963.3,162,2.1,5.4,0,0,0,0,0,0,0,334,0,17,97
WAE,2020,8,8,23,19.6,63.7,14.5,12.5,9.51,15.3,43.8,0,963.1,162,1.6,3.4,0,0,0,0,0,0,0,330,0,17,97
WAE,2020,8,9,0,18.6,68.4,14.6,12.7,9.58,15,43,0,962.9,231,1.2,2.7,0,0,0,0,0,0,0,326,0,17,97
WAE,2020,8,9,1,18.9,64.3,14.1,12,9.24,14.7,42.4,0,962.8,162,2.7,5.2,0,0,0,0,0,0,0,324,0,16,97
WAE,2020,8,9,2,17.5,73.1,14.6,12.6,9.58,14.5,41.9,0,962.8,45,1,1.9,0,0,0,0,0,0,0,325,0,16,97
WAE,2020,8,9,3,17.3,77.2,15.2,13.3,9.98,14.8,42.7,0,963,284,1,1.9,0,0,0,0,0,0,0,325,0,16,97
WAE,2020,8,9,4,16.8,76.8,14.7,12.7,9.64,14.3,41.3,0,963.2,214,1.2,2.7,0,0,0,0,0,0,0,325,0,16,97
WAE,2020,8,9,5,16.5,80,15,13,9.84,14.4,41.5,0,963.4,170,1.2,2.8,21,66,15,30,72,8,8,326,0,16,97
WAE,2020,8,9,6,19.1,70.8,15.7,13.7,10.3,15.7,45.3,0,963.5,135,1,2.9,162,479,58,134,512,30,30,326,0,16,97
WAE,2020,8,9,7,19.9,76.1,17.7,15.6,11.64,17.1,49.5,0,963.7,76,1.3,2.8,346,707,78,78,742,88,45,327,0,16,97
WAE,2020,8,9,8,21.1,70.3,17.6,15.5,11.57,17.5,50.6,0,963.6,63,0.9,1.9,497,727,110,62,728,255,63,329,0,16,97
WAE,2020,8,9,9,23.2,61.4,17.4,15.4,11.44,18.1,52.4,0,963.4,61,1.1,2.1,664,838,102,71,699,412,73,331,0,16,97
WAE,2020,8,9,10,24.1,56.7,17,15,11.18,18.2,52.7,0,962.9,45,0.9,1.8,759,799,144,87,553,527,89,334,0,16,97
WAE,2020,8,9,11,25.6,54.9,18,15.9,11.86,19.2,56,0,962.3,36,0.9,2,869,931,95,82,376,623,86,339,0,16,97
WAE,2020,8,9,12,26.9,49.5,17.5,15.4,11.52,19.3,56.5,0,962,34,0.8,2.2,866,838,152,96,161,636,186,351,0,16,97
WAE,2020,8,9,13,28,42.2,15.9,14,10.46,18.9,54.9,0,961.6,27,0.8,2,831,813,159,95,95,602,417,358,13,16,97
WAE,2020,8,9,14,28.9,43.6,17.4,15.3,11.47,19.9,58.4,0,961.2,39,1.5,2.8,797,908,106,78,79,544,604,354,0,16,97
WAE,2020,8,9,15,29.1,42.5,17.1,15.1,11.27,19.9,58.1,0,960.7,41,1.1,2.7,663,869,93,67,68,405,732,349,0,16,97
WAE,2020,8,9,16,29.1,40.3,16.2,14.2,10.67,19.4,56.5,0,960.4,27,1.2,2.2,480,705,112,63,63,244,716,346,0,16,97
WAE,2020,8,9,17,28.7,41.1,16.2,14.2,10.68,19.2,56.1,0,959.8,18,1,2.1,310,605,89,82,47,84,654,342,0,16,97
WAE,2020,8,9,18,27.4,45.1,16.4,14.5,10.81,19,55.2,0,959.7,292,0.6,1.5,146,453,56,134,29,28,485,347,0,16,97
WAE,2020,8,9,19,24.7,55.7,17.3,15.3,11.42,18.6,53.9,0,959.6,238,1.3,1.9,19,55,14,26,7,7,61,346,0,16,97
WAE,2020,8,9,20,22.4,62.3,16.9,14.8,11.15,17.5,50.9,0,959.9,225,1.4,2.3,0,0,0,0,0,0,0,340,0,16,97
WAE,2020,8,9,21,21.2,65.6,16.5,14.5,10.88,16.9,48.9,0,960.1,297,0.7,1.7,0,0,0,0,0,0,0,338,0,16,97
WAE,2020,8,9,22,20.6,65.8,15.9,14,10.47,16.4,47.3,0,960.1,249,0.9,1.6,0,0,0,0,0,0,0,337,0,16,97
WAE,2020,8,9,23,20.1,67.9,15.9,14,10.48,16.3,46.8,0,960,243,0.5,1.2,0,0,0,0,0,0,0,335,0,16,97
WAE,2020,8,10,0,19.3,70.6,15.8,13.8,10.41,15.9,45.8,0,959.7,240,0.9,1.6,0,0,0,0,0,0,0,337,6,16,97
WAE,2020,8,10,1,18.7,76.6,16.5,14.5,10.88,16.1,46.4,0,959.5,238,1.3,2.5,0,0,0,0,0,0,0,356,38,17,97
WAE,2020,8,10,2,18.4,80.4,17,15,11.22,16.2,46.9,0,959.6,239,1,1.8,0,0,0,0,0,0,0,353,31,17,97
WAE,2020,8,10,3,18.6,80.7,17.2,15.2,11.36,16.4,47.5,0,959.2,270,0.8,2.1,0,0,0,0,0,0,0,385,84,17,97
WAE,2020,8,10,4,18.3,83.4,17.5,15.4,11.56,16.5,47.7,0,959.3,158,0.6,1.4,0,0,0,0,0,0,0,390,100,17,97
WAE,2020,8,10,5,18.5,85.6,18.2,16,12.03,16.9,49.1,0,959.4,180,0.3,1,11,7,11,8,13,6,6,391,94,17,97
WAE,2020,8,10,6,19.1,85.4,18.8,16.6,12.43,17.5,50.7,0,959.4,180,0.5,1.3,166,478,64,138,518,33,33,357,33,17,97
WAE,2020,8,10,7,20.9,78.7,19.5,17.1,12.9,18.4,53.8,0,959.4,90,1.1,2.7,309,540,106,86,602,97,56,348,25,17,97
WAE,2020,8,10,8,22,75.9,20,17.6,13.24,19.1,55.8,0,959.4,69,1.5,3.2,491,725,104,64,724,259,66,344,6,17,97
WAE,2020,8,10,9,23.3,69,19.7,17.3,13.04,19.3,56.6,0,959.4,31,0.7,2,638,780,120,78,680,409,80,348,0,17,97
WAE,2020,8,10,10,24.7,64.6,20.1,17.6,13.31,19.9,58.7,0,959.4,37,1.1,2.2,752,811,132,89,560,530,92,351,0,17,97
WAE,2020,8,10,11,25.9,60.3,20.1,17.6,13.31,20.3,60,0,959.3,39,1.4,2.3,819,810,147,97,386,606,100,355,0,17,97
WAE,2020,8,10,12,27.5,50.1,18.3,16.2,12.1,20,58.5,0,959,34,1.1,2.3,823,755,181,108,180,616,198,381,39,17,97
WAE,2020,8,10,13,28.6,48,18.8,16.5,12.44,20.5,60.5,0,958.8,22,1.1,2.1,817,816,145,98,98,601,412,374,23,17,97
WAE,2020,8,10,14,29.3,48.5,19.8,17.3,13.12,21.1,63,0,958.4,37,1.6,3,725,750,156,94,94,512,561,386,38,17,97
WAE,2020,8,10,15,29.4,45.4,18.6,16.4,12.31,20.7,61,0,958.7,60,1.5,9,324,221,171,98,98,201,262,418,94,17,97
WAE,2020,8,10,16,27.5,40.5,14.9,12.9,9.82,18.2,52.7,0,958.8,202,6.9,13.2,25,0,25,14,14,13,13,420,100,17,97
WAE,2020,8,10,17,28,37.3,14.1,12.1,9.29,18,51.9,0,958.2,195,6,11.1,116,28,107,63,60,58,88,418,100,17,97
WAE,2020,8,10,18,25.9,47.5,15.7,13.9,10.35,18.2,52.4,0,958.8,156,3.1,10.3,53,32,49,37,28,26,58,416,100,17,97
WAE,2020,8,10,19,23.4,59.1,17,15,11.23,18,52.1,0,959,112,1.2,4.3,16,40,13,20,7,7,46,397,81,17,97
WAE,2020,8,10,20,22,64.4,17.1,15,11.28,17.5,50.8,0,959.7,252,0.6,1.5,0,0,0,0,0,0,0,401,81,17,97
WAE,2020,8,10,21,21.2,67.2,16.9,14.9,11.14,17.2,49.6,0,960.2,153,0.7,1.4,0,0,0,0,0,0,0,401,88,17,97
WAE,2020,8,10,22,20.6,64.7,15.7,13.7,10.34,16.3,47,0,960.5,196,1.8,3.2,0,0,0,0,0,0,0,390,71,17,97
WAE,2020,8,10,23,20,70.4,16.5,14.5,10.87,16.5,47.7,0,960.8,138,1.4,3.4,0,0,0,0,0,0,0,397,90,17,97
WAE,2020,8,11,0,19.3,71.2,15.9,14,10.47,16,46,0,960.8,153,1.1,3,0,0,0,0,0,0,0,385,75,17,97
WAE,2020,8,11,1,19.5,68.3,15.4,13.5,10.13,15.8,45.3,0,960.8,174,1.1,2.8,0,0,0,0,0,0,0,355,13,16,97
WAE,2020,8,11,2,18.6,73.4,15.7,13.8,10.33,15.6,44.9,0,960.9,153,1.3,2.5,0,0,0,0,0,0,0,368,36,16,97
WAE,2020,8,11,3,18.7,76.1,16.4,14.4,10.8,16,46.2,0,960.8,158,1.2,3.1,0,0,0,0,0,0,0,369,43,16,97
WAE,2020,8,11,4,18.5,74.4,15.9,13.9,10.46,15.6,45.1,0,961,158,1.1,2.1,0,0,0,0,0,0,0,377,63,16,97
WAE,2020,8,11,5,18.1,77.4,16.1,14.1,10.6,15.6,45.1,0,961.1,153,1,2.3,13,18,12,12,25,6,6,385,78,16,97
WAE,2020,8,11,6,19.8,72.3,16.7,14.7,11,16.6,47.8,0,961.1,121,1.2,2.9,147,398,60,114,435,31,31,364,26,16,97
WAE,2020,8,11,7,20.8,68.7,16.9,14.8,11.13,17,49.2,0,961.3,114,1.1,3.2,326,668,77,73,704,88,44,352,6,16,97
WAE,2020,8,11,8,22.3,63.7,17,15.1,11.2,17.7,50.9,0,961.4,66,1,2.3,490,754,91,58,736,255,59,351,6,16,97
WAE,2020,8,11,9,23.7,59.1,17.3,15.2,11.4,18.2,52.8,0,961.4,70,1.2,2.5,642,808,108,71,687,409,74,353,0,16,97
WAE,2020,8,11,10,25.2,56.1,18,15.8,11.87,19,55.6,0,961.5,61,1.1,2.2,745,803,131,84,545,526,87,355,0,16,97
WAE,2020,8,11,11,27.1,50.5,18.1,15.9,11.94,19.7,57.7,0,961.3,73,1.4,2.4,833,875,110,85,373,611,88,357,0,16,97
WAE,2020,8,11,12,28.3,44.8,17.2,15.2,11.34,19.7,57.4,0,960.8,81,1.3,2.7,848,851,127,90,150,631,173,365,13,16,97
WAE,2020,8,11,13,29,41,16.4,14.4,10.81,19.4,56.8,0,960.4,63,1.5,3,828,858,124,88,88,607,404,370,6,16,97
WAE,2020,8,11,14,29.5,41.3,17.1,15,11.28,19.9,58.5,0,959.9,55,1.3,2.5,740,817,122,82,82,518,563,382,25,16,97
WAE,2020,8,11,15,30.1,43.6,18.6,16.4,12.29,20.9,61.7,0,960,30,1.4,2.7,578,621,171,91,91,374,597,399,61,16,97
WAE,2020,8,11,16,30.3,40.4,17.4,15.4,11.49,20.4,59.9,0,959.4,108,0.9,2.3,304,219,201,111,111,157,321,417,94,16,97
WAE,2020,8,11,17,30.1,41.2,17.6,15.5,11.63,20.4,60,0,959.1,114,1.2,2.6,298,610,80,76,44,81,653,388,28,16,97
WAE,2020,8,11,18,28.8,47.3,18.7,16.5,12.37,20.5,60.6,0,959.2,168,1.5,2.2,133,408,54,119,28,28,440,380,16,16,97
WAE,2020,8,11,19,25.3,61.7,19.9,17.4,13.17,20,59,0,959.7,138,1.4,4,12,36,9,17,5,5,40,400,56,16,97
WAE,2020,8,11,20,23.7,63.8,18.6,16.4,12.29,18.9,55.1,0,960.2,149,1.3,2.5,0,0,0,0,0,0,0,371,13,16,97
WAE,2020,8,11,21,23,64.4,18.1,15.9,11.95,18.4,53.5,0,960.6,143,1.8,4.2,0,0,0,0,0,0,0,361,0,16,97
WAE,2020,8,11,22,22.1,67.6,18,15.8,11.88,18,52.4,0,960.4,255,1.2,2.1,0,0,0,0,0,0,0,358,0,16,97
WAE,2020,8,11,23,21.2,71.6,18,15.9,11.88,17.8,51.5,0,960.3,163,1.9,5.2,0,0,0,0,0,0,0,355,0,16,97
WAE,2020,8,12,0,20.4,76.8,18.4,16.2,12.15,17.7,51.4,0,960.2,151,1.3,3.1,0,0,0,0,0,0,0,352,0,16,97
WAE,2020,8,12,1,20.2,76.4,18.1,15.9,11.95,17.4,50.7,0,960.1,195,1.3,2.8,0,0,0,0,0,0,0,350,0,17,97
WAE,2020,8,12,2,19.7,79.1,18.2,16,12.02,17.3,50.3,0,960.1,201,0.9,2.1,0,0,0,0,0,0,0,351,0,17,97
WAE,2020,8,12,3,19.5,80.1,18.1,16,11.95,17.2,49.9,0,960.2,167,1.3,2.1,0,0,0,0,0,0,0,351,0,17,97
WAE,2020,8,12,4,19.2,79.7,17.7,15.6,11.68,16.9,48.9,0,960.3,167,1,2,0,0,0,0,0,0,0,352,0,17,97
WAE,2020,8,12,5,19.1,81.3,17.9,15.8,11.81,17,49.2,0,960.5,146,0.5,1.3,21,62,16,28,69,8,8,352,0,17,97
WAE,2020,8,12,6,20.8,75.2,18.5,16.2,12.22,17.8,51.9,0,960.5,99,0.7,3,147,427,58,118,463,30,30,353,0,17,97
WAE,2020,8,12,7,21.9,72.8,19.1,16.8,12.62,18.5,54.1,0,960.7,90,0.9,3.1,315,632,81,73,674,91,47,354,0,17,97
WAE,2020,8,12,8,23,68.5,19.2,16.9,12.68,19,55.4,0,960.7,50,0.8,1.8,491,762,90,59,745,261,60,356,0,17,97
WAE,2020,8,12,9,24.1,65.5,19.7,17.2,13.02,19.5,57.4,0,960.7,59,1.2,2.2,631,767,127,78,675,413,79,359,0,17,97
WAE,2020,8,12,10,25.8,57,18.9,16.6,12.48,19.7,57.8,0,960.5,67,0.9,2.1,739,792,136,87,549,530,90,368,6,17,97
WAE,2020,8,12,11,26.8,55.5,19.5,17.1,12.89,20.3,59.8,0,960.4,45,1.1,2.2,820,839,128,91,376,611,94,381,19,17,97
WAE,2020,8,12,12,28.5,51.5,20,17.5,13.24,21,62.5,0,959.7,63,1.1,2.8,856,887,107,89,154,644,163,386,29,17,97
WAE,2020,8,12,13,29.5,46.8,19.3,16.9,12.77,21,62.3,0,959.3,40,0.9,2.2,818,851,121,89,89,608,397,368,0,17,97
WAE,2020,8,12,14,30.3,46,19.8,17.4,13.11,21.5,64,0,959,24,1,2.3,713,735,160,93,93,511,551,386,31,17,97
WAE,2020,8,12,15,30.3,46.1,19.9,17.4,13.19,21.5,64.2,0,958.6,346,1.2,3.6,429,373,182,92,92,285,408,416,78,17,97
WAE,2020,8,12,16,29.4,51,20.9,18.2,13.86,21.7,65,0,959,249,2.8,8,25,0,25,14,14,13,14,425,100,17,97
WAE,2020,8,12,17,28.4,54.4,21.1,18.3,14,21.5,64.3,0,958.7,217,2.8,6.6,117,44,104,65,58,55,103,420,94,17,97
WAE,2020,8,12,18,27.1,57.6,20.7,18,13.72,20.9,62.3,0,958.9,180,1.6,7.7,54,25,50,35,28,27,52,418,100,17,97
WAE,2020,8,12,19,24.4,60.8,18.6,16.3,12.3,19,55.8,0,959.5,127,1.9,5.6,11,32,9,15,5,4,36,413,94,17,97
WAE,2020,8,12,20,24.8,56.1,17.6,15.5,11.62,18.7,54.5,0,960,239,6,13.4,0,0,0,0,0,0,0,417,100,17,97
WAE,2020,8,12,21,24.8,56.2,17.5,15.5,11.55,18.7,54.3,0,960.3,183,3.5,10.1,0,0,0,0,0,0,0,414,100,17,97
WAE,2020,8,12,22,23,68.2,19.1,16.8,12.63,18.9,55.3,0,959.6,106,2.9,9.1,0,0,0,0,0,0,0,412,100,17,97
WAE,2020,8,12,23,22.5,68.6,18.7,16.4,12.36,18.5,54.1,0,959.5,119,1.5,4.3,0,0,0,0,0,0,0,409,100,17,97
WAE,2020,8,13,0,22.1,69.9,18.6,16.4,12.3,18.4,53.5,0,959.5,180,1.3,3.1,0,0,0,0,0,0,0,407,100,17,97
WAE,2020,8,13,1,21.7,72.9,18.9,16.6,12.5,18.3,53.6,0,959.3,90,1.1,3.6,0,0,0,0,0,0,0,405,100,17,97
WAE,2020,8,13,2,21.9,69.4,18.2,16,12.04,18.1,52.6,0,958.4,132,1.6,5.9,0,0,0,0,0,0,0,405,100,17,97
WAE,2020,8,13,3,22.1,66.1,17.6,15.5,11.64,17.8,51.8,0,958,130,2.7,8,0,0,0,0,0,0,0,404,100,17,97
WAE,2020,8,13,4,21.5,68,17.4,15.3,11.49,17.5,50.8,0,959.1,233,1.9,4.9,0,0,0,0,0,0,0,404,100,17,97
WAE,2020,8,13,5,20.5,76.5,18.4,16.2,12.16,17.7,51.5,0.2,959.2,244,3.1,5.2,10,22,8,11,26,4,4,403,100,17,97
WAE,2020,8,13,6,21.4,69,17.5,15.5,11.55,17.6,50.9,0,959.7,214,3,5.4,77,39,69,48,79,37,37,403,100,17,97
WAE,2020,8,13,7,21.9,75.2,19.7,17.3,13.03,18.8,55.1,0,960.1,138,1.4,2.6,119,19,112,66,84,60,61,403,100,17,97
WAE,2020,8,13,8,22.7,71,19.6,17.2,12.96,19,55.8,0,960.1,108,1.3,3,370,304,206,108,405,218,105,394,78,17,97
WAE,2020,8,13,9,23.8,63.7,18.8,16.5,12.42,19,55.6,0,960.2,90,1.4,2.7,625,783,111,74,671,411,77,375,38,17,97
WAE,2020,8,13,10,25.4,53.3,17.3,15.2,11.41,18.7,54.6,0,960.4,36,1.1,2.5,737,794,137,88,554,533,91,369,33,17,97
WAE,2020,8,13,11,26,47.9,16,14.1,10.54,18.3,53,0,960.4,17,1.8,3.9,406,87,335,185,238,245,177,402,88,17,97
WAE,2020,8,13,12,25.3,50.9,16.3,14.4,10.73,18.3,52.8,0,961.2,282,3.3,13.9,75,0,75,43,43,40,41,412,100,17,97
WAE,2020,8,13,13,19.1,78.2,17.2,15.2,11.32,16.6,47.9,0.9,962.4,252,6.8,19.1,66,0,66,38,38,35,36,412,100,17,97
WAE,2020,8,13,14,19,83.5,18.3,16.1,12.07,17.1,49.7,1.4,961.4,156,6.8,11.6,115,1,115,66,65,62,63,411,100,17,97
WAE,2020,8,13,15,19.6,81.4,18.6,16.3,12.28,17.5,50.9,0,960.7,108,4.8,14.4,505,469,213,119,119,317,513,401,80,17,97
WAE,2020,8,13,16,21.2,75,18.9,16.6,12.49,18.2,53,0,960.1,96,3.7,8.2,451,674,110,63,63,245,692,373,20,17,97
WAE,2020,8,13,17,21.9,69.9,18.4,16.2,12.16,18.2,52.9,0,959.8,93,2.2,6.9,289,592,83,75,46,84,640,359,13,17,97
WAE,2020,8,13,18,21.1,71.9,18,15.8,11.89,17.7,51.4,0,959.6,126,1.4,3.7,138,405,62,121,32,31,443,376,36,17,97
WAE,2020,8,13,19,19.3,78.5,17.6,15.5,11.62,16.9,48.9,0,959.9,225,1.2,3.2,10,29,8,14,4,4,33,386,61,17,97
WAE,2020,8,13,20,19,77.9,17.1,15.1,11.28,16.5,47.7,0,960.1,262,1.7,3.9,0,0,0,0,0,0,0,386,68,17,97
WAE,2020,8,13,21,18.4,85.1,18.1,15.9,11.95,16.8,48.8,0,960,158,1.4,2.9,0,0,0,0,0,0,0,384,68,17,97
WAE,2020,8,13,22,18.9,86.9,18.9,16.7,12.49,17.5,50.7,0,960.3,180,1.4,3.8,0,0,0,0,0,0,0,397,94,17,97
WAE,2020,8,13,23,18.8,84.6,18.4,16.2,12.15,17.1,49.7,0,960.2,270,0.7,2.1,0,0,0,0,0,0,0,392,94,17,97
WAE,2020,8,14,0,17.9,88.4,18.1,16,11.95,16.7,48.3,0,960.1,153,1.2,3.2,0,0,0,0,0,0,0,380,71,17,97
WAE,2020,8,14,1,18.3,85.2,17.9,15.8,11.82,16.7,48.4,0,960.1,209,1.9,2.9,0,0,0,0,0,0,0,392,100,18,97
WAE,2020,8,14,2,18.6,85.7,18.3,16.2,12.08,17,49.3,0,960.2,162,1.2,3.3,0,0,0,0,0,0,0,392,100,18,97
WAE,2020,8,14,3,18,88.8,18.3,16.1,12.08,16.8,48.7,0.2,960.4,194,1,2.5,0,0,0,0,0,0,0,393,100,18,97
WAE,2020,8,14,4,18.2,83.9,17.6,15.4,11.61,16.4,47.7,0,960.5,214,0.7,2.6,0,0,0,0,0,0,0,394,100,18,97
WAE,2020,8,14,5,17.9,88.2,18,15.9,11.88,16.6,48.1,0,960.8,158,1.1,2,4,0,4,2,3,2,2,394,100,18,97
WAE,2020,8,14,6,18.2,88.6,18.6,16.3,12.28,17,49.4,0,961,157,0.9,1.9,73,45,66,49,83,36,36,395,100,18,97
WAE,2020,8,14,7,18.6,88.1,18.8,16.6,12.41,17.3,50.2,0,961,122,1,3.2,122,9,119,69,78,65,66,396,100,18,97
WAE,2020,8,14,8,18.9,87.6,19.1,16.8,12.62,17.5,51,0,960.8,110,1.3,3.2,313,159,227,125,283,184,120,399,100,18,97
WAE,2020,8,14,9,19.7,84,19.3,16.9,12.75,17.9,52.2,0,960.9,90,1.8,3.8,296,91,240,135,221,175,129,401,100,18,97
WAE,2020,8,14,10,19.4,85.6,19.3,16.9,12.75,17.8,51.8,0,961,104,1.3,3.4,117,0,117,68,67,63,65,403,100,18,97
WAE,2020,8,14,11,20,83.3,19.5,17.1,12.89,18.1,52.8,0,960.7,106,1.5,3.9,269,10,260,150,154,150,144,406,100,18,97
WAE,2020,8,14,12,21.1,78.9,19.7,17.3,13.03,18.6,54.3,0,960.4,86,3.1,5.4,573,236,375,203,230,391,250,402,88,18,97
WAE,2020,8,14,13,21.5,74.4,19.1,16.8,12.63,18.4,53.7,0,960,86,2.9,4.6,554,220,376,203,202,373,319,400,71,18,97
WAE,2020,8,14,14,21.8,69.5,18.2,16,12.03,18,52.5,0,959.4,90,2.3,4.3,472,209,314,170,169,313,318,399,81,18,97
WAE,2020,8,14,15,22.6,68.5,18.8,16.5,12.44,18.6,54.4,0,959,94,1.5,3.4,429,293,247,140,139,268,390,402,88,18,97
WAE,2020,8,14,16,22.8,66.6,18.5,16.3,12.23,18.5,54,0,959.1,104,0.8,2.6,196,143,122,69,69,112,204,404,88,18,97
WAE,2020,8,14,17,23,68.1,19.1,16.8,12.64,18.9,55.3,0,959.2,194,2.2,4.1,208,218,135,91,74,84,299,395,75,18,97
WAE,2020,8,14,18,22,71.3,18.9,16.6,12.5,18.4,53.9,0,959.6,247,2.9,5.2,61,70,47,41,26,25,98,403,94,18,97
WAE,2020,8,14,19,21.2,75.9,19.1,16.8,12.63,18.3,53.4,0,960,244,3,4.4,0,0,0,0,0,0,0,405,100,18,97
WAE,2020,8,14,20,20.4,83.4,19.9,17.5,13.16,18.5,53.9,0,960.6,247,4.5,8.3,0,0,0,0,0,0,0,402,100,18,97
WAE,2020,8,14,21,19.7,85.6,19.6,17.2,12.95,18.1,52.7,0,960.7,229,3,6.2,0,0,0,0,0,0,0,400,100,18,97
WAE,2020,8,14,22,19.4,86.7,19.4,17.1,12.82,17.9,52,0,960.6,200,1.6,3.4,0,0,0,0,0,0,0,394,94,18,97
WAE,2020,8,14,23,18.9,87.9,19.2,16.9,12.69,17.6,51.2,0,960.4,227,2,3.3,0,0,0,0,0,0,0,392,94,18,97
WAE,2020,8,15,0,18.6,90.2,19.3,17,12.76,17.6,51,0,960.4,214,0.5,2.2,0,0,0,0,0,0,0,389,88,18,97
WAE,2020,8,15,1,17.7,93.4,18.9,16.6,12.49,17,49.4,0,960,243,0.5,1.2,0,0,0,0,0,0,0,364,25,19,97
WAE,2020,8,15,2,17.2,93.7,18.4,16.2,12.16,16.6,48.1,0,959.9,242,1.5,2.8,0,0,0,0,0,0,0,352,0,19,97
WAE,2020,8,15,3,16.7,92.8,17.6,15.5,11.62,15.9,46.2,0,959.6,185,1.3,3.3,0,0,0,0,0,0,0,343,0,19,97
WAE,2020,8,15,4,16.3,92.4,17.1,15.1,11.28,15.5,44.9,0,959.8,216,1.1,2.5,0,0,0,0,0,0,0,342,0,19,97
WAE,2020,8,15,5,16.6,91.7,17.3,15.2,11.41,15.7,45.6,0,960,254,1.9,2.9,13,25,10,13,31,6,6,344,0,19,97
WAE,2020,8,15,6,18.3,86.2,18.1,16,11.95,16.8,48.7,0,960.1,243,1.1,2.7,136,388,58,106,426,31,32,341,0,19,97
WAE,2020,8,15,7,19.2,84.5,18.8,16.5,12.42,17.4,50.8,0,960.1,86,1.6,3.6,315,655,78,62,698,110,49,340,0,19,97
WAE,2020,8,15,8,20.2,82.7,19.5,17.2,12.9,18.2,53,0,960,73,1.7,3.1,507,783,102,67,782,293,69,341,0,19,97
WAE,2020,8,15,9,21,75.9,18.9,16.6,12.49,18.1,52.8,0,960,32,1,2.2,610,718,145,90,660,421,92,342,19,19,97
WAE,2020,8,15,10,22.4,69.4,18.8,16.5,12.43,18.5,54.1,0,959.6,41,1.2,2.3,748,823,127,94,562,560,97,347,6,19,97
WAE,2020,8,15,11,23.3,64.1,18.4,16.1,12.16,18.6,54.4,0,959.3,41,1.2,2.8,868,915,122,100,407,677,104,352,25,19,97
WAE,2020,8,15,12,24.3,62.5,19,16.7,12.57,19.3,56.4,0,959,34,1.6,3.5,832,812,154,107,175,655,193,357,25,19,97
WAE,2020,8,15,13,25.3,55.5,17.9,15.8,11.84,19,55.6,0,958.6,29,1.2,3.2,763,684,211,124,124,588,426,358,29,19,97
WAE,2020,8,15,14,25.8,51.1,17,14.9,11.23,18.7,54.6,0,958.3,31,1.3,3.1,765,879,113,90,91,568,612,363,25,19,97
WAE,2020,8,15,15,26.3,49.1,16.8,14.8,11.1,18.8,54.8,0,957.9,23,1.1,2.8,585,668,158,93,93,403,639,364,26,19,97
WAE,2020,8,15,16,26.5,48.4,16.7,14.7,11.04,18.8,54.8,0,957.5,30,0.9,3,456,709,103,65,66,257,727,363,13,19,97
WAE,2020,8,15,17,26.5,46.8,16.2,14.2,10.71,18.5,54,0,957.4,135,0.6,1.5,281,562,87,75,50,91,617,365,29,19,97
WAE,2020,8,15,18,25.5,52.4,17,15,11.24,18.7,54.3,0,957.4,164,0.8,1.7,124,403,52,112,28,28,436,365,16,19,97
WAE,2020,8,15,19,22.9,62.2,17.3,15.3,11.45,18,52.1,0,957.4,193,1.3,2.4,6,0,6,3,3,3,3,378,35,19,97
WAE,2020,8,15,20,21.4,66.1,16.9,14.8,11.17,17.2,49.9,0,957.6,180,1.9,2.9,0,0,0,0,0,0,0,381,64,19,97
WAE,2020,8,15,21,21.4,66.8,17,15,11.25,17.3,50.1,0,957.1,162,2.6,4.5,0,0,0,0,0,0,0,387,75,19,97
WAE,2020,8,15,22,20.2,72.5,17.2,15.1,11.38,16.9,49.2,0,957.2,158,1.7,3.8,0,0,0,0,0,0,0,369,56,19,97
WAE,2020,8,15,23,19.2,78.1,17.4,15.3,11.52,16.7,48.5,0,957.2,150,1.1,4.9,0,0,0,0,0,0,0,360,54,19,97
WAE,2020,8,16,0,19.1,78.7,17.4,15.3,11.52,16.7,48.4,0,956.7,152,2.3,4.3,0,0,0,0,0,0,0,351,48,19,97
WAE,2020,8,16,1,18.7,80.8,17.4,15.3,11.52,16.5,48,0,956.5,186,1.1,2.7,0,0,0,0,0,0,0,364,63,19,97
WAE,2020,8,16,2,18.5,82.1,17.5,15.4,11.59,16.5,48,0,956.3,207,0.6,1.8,0,0,0,0,0,0,0,370,64,19,97
WAE,2020,8,16,3,18.1,84.6,17.6,15.5,11.66,16.4,47.8,0,956.1,217,0.6,1.6,0,0,0,0,0,0,0,367,54,19,97
WAE,2020,8,16,4,17.6,86.9,17.5,15.4,11.6,16.2,47.1,0,956.1,198,1.4,3.3,0,0,0,0,0,0,0,351,29,19,97
WAE,2020,8,16,5,17.6,84.5,17,15,11.26,16,46.2,0,956.3,177,2,3.2,12,31,10,15,36,5,5,347,20,19,97
WAE,2020,8,16,6,18.6,84.3,18.1,15.9,12,16.9,49.1,0,956.4,171,1.4,2.3,136,402,57,107,439,31,31,344,19,19,97
WAE,2020,8,16,7,19.9,81.2,18.9,16.6,12.54,17.7,51.8,0,956.3,14,0.8,2.6,311,654,77,61,697,110,48,338,6,19,97
WAE,2020,8,16,8,20.5,81.6,19.6,17.2,13.01,18.3,53.7,0,956.4,37,1,2.2,478,740,97,64,737,278,66,340,0,19,97
WAE,2020,8,16,9,21.7,73.4,19,16.7,12.61,18.4,53.9,0,956.5,38,1.2,2.4,649,844,102,77,717,447,80,356,29,19,97
WAE,2020,8,16,10,23.6,66.5,19.4,17,12.88,19.2,56.5,0,956.2,45,1.2,2.7,770,869,118,90,581,580,94,358,33,19,97
WAE,2020,8,16,11,24.6,62.5,19.3,17,12.82,19.5,57.4,0,955.8,39,1.3,2.4,849,899,118,97,394,665,101,380,55,19,97
WAE,2020,8,16,12,25.6,59.9,19.7,17.2,13.09,20,59.1,0,955.7,35,1.3,2.5,856,872,131,101,166,679,187,387,64,19,97
WAE,2020,8,16,13,26.9,54.8,19.4,17,12.89,20.2,59.9,0,955.3,37,1.7,3.3,813,847,129,98,99,634,413,399,68,19,97
WAE,2020,8,16,14,27.5,51.4,18.8,16.6,12.49,20.2,59.5,0,954.9,162,1.4,3.1,632,502,258,136,136,466,480,417,100,19,97
WAE,2020,8,16,15,27.7,49.3,18.3,16.1,12.15,20,58.9,0,954.8,76,1.4,3.4,538,519,209,112,112,370,556,403,81,19,97
WAE,2020,8,16,16,27.3,50.9,18.5,16.2,12.3,19.9,58.8,0,954.2,151,1.5,2.8,151,35,135,77,77,83,111,414,100,19,97
WAE,2020,8,16,17,27.7,49.3,18.3,16.1,12.16,20,58.9,0,954.3,191,2.1,3.9,149,102,113,68,63,75,168,405,88,19,97
WAE,2020,8,16,18,26.2,54.4,18.5,16.3,12.3,19.6,57.7,0,954.1,207,1.6,2.7,88,197,51,66,29,28,228,400,78,19,97
WAE,2020,8,16,19,24.5,63.5,19.5,17.1,12.97,19.6,57.7,0,954.6,275,1.7,3.6,6,0,6,4,4,3,4,393,78,19,97
WAE,2020,8,16,20,23.2,65.8,18.7,16.5,12.42,18.8,54.9,0,954.9,180,1.3,3,0,0,0,0,0,0,0,406,100,19,97
WAE,2020,8,16,21,21.6,78.5,20.1,17.7,13.38,19,55.7,0,954.7,151,1.3,3.6,0,0,0,0,0,0,0,403,100,19,97
WAE,2020,8,16,22,21.3,77.7,19.6,17.2,13.02,18.6,54.5,0,955.7,252,3.7,15.7,0,0,0,0,0,0,0,400,100,19,97
WAE,2020,8,16,23,19,79.6,17.5,15.4,11.58,16.7,48.5,1.6,957.1,263,7.8,16.1,0,0,0,0,0,0,0,398,100,19,97
WAE,2020,8,17,0,17.1,89,17.3,15.3,11.44,16,46.2,3.1,958.2,272,2.8,8.3,0,0,0,0,0,0,0,395,100,19,97
WAE,2020,8,17,1,16.6,93.3,17.7,15.5,11.71,15.9,46.3,1.5,957.9,176,1.7,2.9,0,0,0,0,0,0,0,393,100,19,97
WAE,2020,8,17,2,16.7,93.5,17.8,15.6,11.78,16,46.6,0.3,957.3,148,1.6,3.3,0,0,0,0,0,0,0,393,100,19,97
WAE,2020,8,17,3,16.6,93.3,17.7,15.5,11.72,15.9,46.4,0.1,957,151,1.3,3,0,0,0,0,0,0,0,392,100,19,97
WAE,2020,8,17,4,16.5,94.8,17.8,15.7,11.79,16,46.4,0,956.8,231,0.8,1.8,0,0,0,0,0,0,0,392,100,19,97
WAE,2020,8,17,5,16.9,92.9,17.9,15.7,11.85,16.1,47,0,957.2,250,1.2,3.1,6,4,5,4,7,3,3,391,100,19,97
WAE,2020,8,17,6,16.7,93.7,17.8,15.7,11.78,16.1,46.6,2.8,957.7,222,1.6,3.6,17,0,17,10,10,9,9,391,100,19,97
WAE,2020,8,17,7,16.9,94.8,18.3,16.1,12.11,16.4,47.7,0.3,958,146,0.8,2.5,111,6,109,63,69,60,60,392,100,19,97
WAE,2020,8,17,8,17.4,94,18.6,16.4,12.32,16.8,48.7,1.2,957.8,132,1.4,3.7,114,1,113,66,66,62,63,394,100,19,97
WAE,2020,8,17,9,17.5,93.4,18.7,16.4,12.39,16.8,49,0.4,957.7,119,2.2,5.8,201,6,197,114,119,111,109,396,100,19,97
WAE,2020,8,17,10,18.6,87.4,18.7,16.5,12.39,17.2,50.1,0,957.3,95,2.4,5.3,488,249,296,168,316,329,163,395,90,19,97
WAE,2020,8,17,11,20.4,76.6,18.4,16.2,12.19,17.7,51.5,0,957.1,102,1.6,3.7,795,795,150,103,381,628,106,386,60,19,97
WAE,2020,8,17,12,21.8,68.1,17.8,15.7,11.79,17.8,51.9,0,957,80,1.9,3.5,818,804,152,106,180,653,184,377,40,19,97
WAE,2020,8,17,13,22.8,57.1,15.7,13.9,10.38,17.2,49.3,0,956.8,84,2.1,3.8,808,859,117,95,96,636,411,362,13,19,97
WAE,2020,8,17,14,23.2,57.3,16.2,14.3,10.72,17.5,50.6,0,956.2,45,1.4,3.3,717,794,133,92,93,543,574,374,44,19,97
WAE,2020,8,17,15,23.6,54.4,15.8,13.9,10.45,17.4,50.3,0,956.1,58,1.1,2.2,321,107,249,140,139,198,229,399,94,19,97
WAE,2020,8,17,16,23.2,56.7,16.1,14.1,10.65,17.4,50.4,0,956.2,297,1.6,4.8,151,58,124,70,69,85,127,402,100,19,97
WAE,2020,8,17,17,22.8,58.9,16.3,14.3,10.79,17.4,50.4,0,956.2,232,2.9,5,116,43,101,60,57,60,101,401,88,19,97
WAE,2020,8,17,18,22.1,61.4,16.2,14.3,10.72,17.1,49.5,0,956.4,239,2.4,4.1,67,135,45,54,25,24,163,391,84,19,97
WAE,2020,8,17,19,20.6,74.6,18.1,15.9,11.99,17.6,51.2,0,957.2,219,2.4,4.4,5,0,5,3,3,3,3,396,94,19,97
WAE,2020,8,17,20,19.2,81.9,18.2,16,12.05,17.1,49.9,0.1,958,237,5,12.3,0,0,0,0,0,0,0,396,100,19,97
WAE,2020,8,17,21,17.3,80.3,15.9,13.9,10.5,15.2,44,2.2,958.2,205,5.9,11,0,0,0,0,0,0,0,393,100,19,97
WAE,2020,8,17,22,17,80,15.5,13.5,10.22,14.8,43,0,958.9,232,3,7.5,0,0,0,0,0,0,0,387,88,19,97
WAE,2020,8,17,23,16.3,87.8,16.3,14.3,10.76,15.1,43.6,0,958.4,199,2,3.7,0,0,0,0,0,0,0,378,78,19,97
WAE,2020,8,18,0,16.3,84.3,15.6,13.6,10.29,14.6,42.4,0,958.5,221,2.8,11.1,0,0,0,0,0,0,0,382,94,19,97
WAE,2020,8,18,1,16.8,81.3,15.5,13.6,10.22,14.8,42.8,0.5,958.4,239,5,12.3,0,0,0,0,0,0,0,383,100,19,97
WAE,2020,8,18,2,16.4,84.1,15.6,13.7,10.29,14.7,42.5,0,958.3,171,2.3,6.8,0,0,0,0,0,0,0,383,100,19,97
WAE,2020,8,18,3,16.2,90,16.5,14.6,10.9,15.2,43.9,0,958,144,1.2,3.4,0,0,0,0,0,0,0,383,100,19,97
WAE,2020,8,18,4,15.4,87.4,15.3,13.3,10.1,14.1,41,0,958,207,1.4,2.7,0,0,0,0,0,0,0,379,94,19,97
WAE,2020,8,18,5,15.7,88.7,15.8,13.8,10.43,14.5,42.2,0,958,141,0.7,2,3,0,3,2,2,1,1,382,100,19,97
WAE,2020,8,18,6,16.3,84.9,15.7,13.8,10.36,14.8,42.6,0,958.2,270,0.8,2.1,123,321,56,82,359,30,30,372,69,19,97
WAE,2020,8,18,7,17.5,78.1,15.6,13.6,10.29,15.1,43.7,0,958.4,256,0.6,1.9,298,590,93,64,648,117,52,348,36,19,97
WAE,2020,8,18,8,18.7,75.6,16.3,14.3,10.76,15.9,46.1,0,958.6,86,1.4,3.4,482,748,99,65,746,291,67,340,29,19,97
WAE,2020,8,18,9,19.9,76.1,17.6,15.6,11.63,17.1,49.5,0,958.8,83,2.5,4.5,597,700,151,90,651,423,91,353,35,19,97
WAE,2020,8,18,10,21,64.6,16,14.1,10.56,16.6,47.9,0,958.4,82,1.5,3.1,722,742,174,113,558,543,114,358,43,19,97
WAE,2020,8,18,11,21.4,60,15.2,13.3,10.03,16.3,47,0,957.8,74,1.6,2.9,747,648,226,129,400,584,129,372,50,19,97
WAE,2020,8,18,12,22.4,58.8,15.9,13.9,10.51,17,49.2,0,957.3,79,1.7,3.6,763,643,232,139,196,595,220,375,48,19,97
WAE,2020,8,18,13,23.5,56.7,16.4,14.4,10.85,17.7,51.2,0,956.9,77,2.4,4.1,791,711,218,133,133,617,407,372,73,19,97
WAE,2020,8,18,14,23.5,53.5,15.5,13.5,10.25,17.2,49.7,0,956.5,87,2.1,4,667,619,214,115,115,507,536,382,75,19,97
WAE,2020,8,18,15,22.9,53.5,14.9,13,9.84,16.7,48.1,0,957,299,1.9,4.8,173,0,173,101,100,94,96,397,100,19,97
WAE,2020,8,18,16,21.5,59.3,15.2,13.2,10.04,16.3,47.1,0,957.2,225,4.1,7.9,53,0,53,31,31,29,29,396,100,19,97
WAE,2020,8,18,17,21.1,57.7,14.5,12.4,9.57,15.7,45.5,0,957,215,2.1,6.2,209,343,109,87,61,67,412,386,84,19,97
WAE,2020,8,18,18,20.2,62.3,14.7,12.8,9.7,15.6,44.9,0,957.4,138,1.7,5,102,288,51,82,27,26,322,381,65,19,97
WAE,2020,8,18,19,18.7,71.7,15.4,13.5,10.16,15.5,44.6,0,957.9,150,1,2.3,0,0,0,0,0,0,0,392,100,19,97
WAE,2020,8,18,20,18.1,82.9,17.1,15.1,11.3,16.2,46.8,0.4,958.6,186,1.8,3.6,0,0,0,0,0,0,0,390,100,19,97
WAE,2020,8,18,21,17.4,88.1,17.5,15.4,11.57,16.1,46.8,0.3,958.6,172,2,4.2,0,0,0,0,0,0,0,387,100,19,97
WAE,2020,8,18,22,17.2,88.3,17.3,15.2,11.43,15.9,46.3,0,958.4,119,2.6,7,0,0,0,0,0,0,0,384,100,19,97
WAE,2020,8,18,23,16.7,89.3,17,14.9,11.23,15.6,45.2,0,958.4,127,1.7,4.8,0,0,0,0,0,0,0,371,78,19,97
WAE,2020,8,19,0,15.8,93.6,16.8,14.8,11.1,15.2,44,0,958.3,153,0.9,3.3,0,0,0,0,0,0,0,357,64,19,97
WAE,2020,8,19,1,15.5,93.7,16.5,14.5,10.9,14.9,43.2,0,958.2,194,0.9,1.8,0,0,0,0,0,0,0,331,23,19,97
WAE,2020,8,19,2,14.8,94.9,16,14,10.56,14.3,41.6,0,958,225,0.4,1.1,0,0,0,0,0,0,0,324,0,19,97
WAE,2020,8,19,3,14.6,93.2,15.5,13.5,10.23,13.9,40.5,0,957.7,217,0.5,2,0,0,0,0,0,0,0,323,0,19,97
WAE,2020,8,19,4,14.5,87.7,14.5,12.5,9.56,13.3,38.8,0,957.5,153,1.9,3.5,0,0,0,0,0,0,0,321,0,19,97
WAE,2020,8,19,5,14.5,87.4,14.4,12.4,9.5,13.2,38.6,0,957.6,162,1.9,3.6,7,19,6,9,22,3,3,337,40,19,97
WAE,2020,8,19,6,16,83.2,15.1,13.2,9.97,14.3,41.3,0,957.4,149,1.3,2.3,116,281,63,85,323,33,34,356,53,19,97
WAE,2020,8,19,7,17.3,83,16.4,14.4,10.84,15.5,44.9,0,957.2,90,1.6,3.2,298,607,83,60,655,119,49,346,34,19,97
WAE,2020,8,19,8,18.2,77.3,16.2,14.2,10.71,15.7,45.4,0,956.9,84,1.9,3.8,501,795,100,65,791,307,67,330,25,19,97
WAE,2020,8,19,9,19.4,67.6,15.2,13.3,10.04,15.6,45,0,956.9,78,1.5,3,605,724,141,86,655,437,88,344,43,19,97
WAE,2020,8,19,10,20.7,63.7,15.5,13.6,10.25,16.3,46.8,0,956.5,23,0.9,2.4,626,473,278,144,476,469,142,378,81,19,97
WAE,2020,8,19,11,21.8,57.6,15,13.1,9.91,16.4,47.1,0,956.3,45,0.8,2.3,593,287,363,193,343,423,188,395,94,19,97
WAE,2020,8,19,12,23.2,56.9,16.1,14.2,10.66,17.5,50.4,0,955.6,60,0.9,2.4,734,557,276,146,219,579,233,389,78,19,97
WAE,2020,8,19,13,24.3,50.3,15.2,13.3,10.05,17.3,50,0,955.5,63,0.9,2.9,763,716,192,113,113,610,419,375,55,19,97
WAE,2020,8,19,14,25.1,40.2,12.8,10.6,8.45,16.3,46.8,0,955.2,30,0.9,2.1,639,546,239,127,127,484,498,388,71,19,97
WAE,2020,8,19,15,24.9,43,13.5,11.5,8.92,16.6,47.8,0,954.8,22,0.9,2.3,382,196,265,145,144,242,326,394,81,19,97
WAE,2020,8,19,16,24.5,49.2,15.1,13.2,10,17.4,50.1,0,954.7,67,0.8,2.2,305,226,192,106,105,184,326,401,94,19,97
WAE,2020,8,19,17,24,49.5,14.8,12.8,9.8,17,49.1,0,954.5,187,0.9,1.5,123,36,109,63,62,66,98,405,100,19,97
WAE,2020,8,19,18,22.8,55.7,15.4,13.5,10.2,16.9,48.9,0,954.6,194,1.7,2.8,34,23,31,23,18,17,40,404,100,19,97
WAE,2020,8,19,19,21.3,62.2,15.7,13.8,10.4,16.6,47.8,0,954.7,180,1.1,4.8,0,0,0,0,0,0,0,403,100,19,97
WAE,2020,8,19,20,21.3,62.9,15.9,14,10.54,16.7,48.2,0,954.6,122,1.5,5.4,0,0,0,0,0,0,0,402,100,19,97
WAE,2020,8,19,21,20.4,68.8,16.5,14.5,10.94,16.7,48.3,0,954.8,171,1,2.1,0,0,0,0,0,0,0,401,100,19,97
WAE,2020,8,19,22,20.1,69.3,16.3,14.3,10.8,16.4,47.6,0,954.8,243,0.4,1.5,0,0,0,0,0,0,0,400,100,19,97
WAE,2020,8,19,23,20.3,68,16.1,14.2,10.67,16.5,47.5,0,955,165,1.2,2.6,0,0,0,0,0,0,0,399,100,19,97
WAE,2020,8,20,0,20,73.4,17.1,15.1,11.34,16.9,48.9,0,955.2,180,0.9,2.2,0,0,0,0,0,0,0,398,100,19,97
WAE,2020,8,20,1,20.2,71.9,17,15,11.27,16.9,48.9,0,955,153,1.7,4.4,0,0,0,0,0,0,0,398,100,17,97
WAE,2020,8,20,2,20.5,72.4,17.4,15.4,11.55,17.2,49.9,0,954.7,120,2.3,5.8,0,0,0,0,0,0,0,398,100,17,97
WAE,2020,8,20,3,19.9,74.4,17.2,15.2,11.41,16.9,49,0,954.6,139,1.1,3.2,0,0,0,0,0,0,0,398,100,17,97
WAE,2020,8,20,4,19.5,75.1,17,15,11.27,16.6,48.2,0,955.2,173,1.2,2.4,0,0,0,0,0,0,0,386,71,17,97
WAE,2020,8,20,5,19.6,76.8,17.5,15.4,11.6,16.9,49.2,0,955.5,256,0.7,1.6,3,0,3,2,2,1,1,396,94,17,97
WAE,2020,8,20,6,20.8,72.5,17.8,15.7,11.8,17.5,50.9,0,956,209,1.5,2.8,44,14,41,25,38,22,22,396,94,17,97
WAE,2020,8,20,7,22,69.2,18.3,16.1,12.13,18.1,53,0,956.4,97,2,3.6,169,79,142,82,162,86,76,388,71,17,97
WAE,2020,8,20,8,22.4,67.6,18.3,16.1,12.13,18.3,53.4,0,956.3,83,1.7,3.3,457,701,104,62,705,282,63,370,33,17,97
WAE,2020,8,20,9,24,59.5,17.7,15.6,11.73,18.5,54,0,956.6,76,1.3,2.5,599,752,121,76,657,431,78,358,0,17,97
WAE,2020,8,20,10,25.5,53.3,17.4,15.3,11.52,18.8,55,0,956.6,81,1.4,2.8,737,868,97,79,556,569,83,359,0,17,97
WAE,2020,8,20,11,27.1,48.7,17.4,15.4,11.53,19.4,56.7,0,956.3,80,1.3,3,783,793,149,95,378,629,98,360,0,17,97
WAE,2020,8,20,12,28.3,44,16.9,14.9,11.19,19.5,57,0,956.1,66,1.3,2.4,798,771,166,101,168,647,190,363,6,17,97
WAE,2020,8,20,13,29.2,40.5,16.4,14.4,10.86,19.5,57.1,0,955.9,14,0.9,2.2,805,868,117,88,89,645,412,367,13,17,97
WAE,2020,8,20,14,30.4,33.9,14.7,12.7,9.72,19,55.4,0,955.8,333,1.7,3.8,770,878,135,87,87,597,629,363,6,17,97
WAE,2020,8,20,15,30.7,36.2,16,14,10.59,19.8,58,0,955.8,309,1.5,3.8,569,693,139,80,80,405,644,362,6,17,97
WAE,2020,8,20,16,30.4,38.3,16.6,14.6,10.99,20,58.7,0,955.7,315,1.1,3.1,428,659,117,65,65,256,692,370,33,17,97
WAE,2020,8,20,17,28.2,51.1,19.5,17.1,12.96,20.7,61.4,0,955.6,185,1.2,2.3,277,619,80,59,44,100,669,382,33,17,97
WAE,2020,8,20,18,28.1,50,19,16.7,12.62,20.4,60.5,0,955.7,175,2.5,3.6,63,151,33,41,18,17,172,405,71,17,97
WAE,2020,8,20,19,26.4,50.1,17.2,15.2,11.4,19.1,55.6,0,955.9,167,3.2,4.8,0,0,0,0,0,0,0,406,54,17,97
WAE,2020,8,20,20,24.3,59.4,18,15.9,11.93,18.8,54.8,0,956.4,169,1.3,3.6,0,0,0,0,0,0,0,374,38,17,97
WAE,2020,8,20,21,23.2,64.6,18.3,16.2,12.13,18.6,54.2,0,956.3,174,1.1,2.7,0,0,0,0,0,0,0,365,13,17,97
WAE,2020,8,20,22,22.2,67.4,18,15.9,11.93,18.1,52.7,0,956.4,153,1.5,3.7,0,0,0,0,0,0,0,357,6,17,97
WAE,2020,8,20,23,21.5,71.2,18.3,16.1,12.13,18,52.4,0,956.6,157,0.9,3.3,0,0,0,0,0,0,0,355,0,17,97
WAE,2020,8,21,0,21.1,71.5,17.8,15.7,11.79,17.6,51.2,0,956.6,140,0.9,1.6,0,0,0,0,0,0,0,354,0,17,97
WAE,2020,8,21,1,20.5,74.9,18,15.9,11.93,17.5,50.9,0,956.7,169,0.6,1.5,0,0,0,0,0,0,0,353,0,18,97
WAE,2020,8,21,2,20.2,77.9,18.4,16.2,12.2,17.6,51.3,0,956.8,173,0.8,2.1,0,0,0,0,0,0,0,352,0,18,97
WAE,2020,8,21,3,19.8,77.1,17.8,15.7,11.79,17.2,49.8,0,956.7,174,1,2.3,0,0,0,0,0,0,0,351,0,18,97
WAE,2020,8,21,4,19.4,80.4,18.1,15.9,11.99,17.1,49.9,0,957.1,239,0.6,1.5,0,0,0,0,0,0,0,350,0,18,97
WAE,2020,8,21,5,19.2,78.9,17.5,15.5,11.58,16.8,48.7,0,957.3,203,0.8,1.9,7,17,6,8,20,3,3,349,0,18,97
WAE,2020,8,21,6,21.2,74.9,18.9,16.6,12.52,18.2,53.1,0,957.8,198,0.5,1.3,120,365,52,85,401,28,28,348,0,18,97
WAE,2020,8,21,7,22.4,74.3,20.1,17.6,13.33,19.2,56.4,0,958,22,0.6,2.3,296,648,74,53,689,117,44,349,0,18,97
WAE,2020,8,21,8,23.6,67,19.5,17.1,12.92,19.3,56.6,0,958.1,18,0.8,1.9,473,772,88,59,757,294,60,353,0,18,97
WAE,2020,8,21,9,25.5,57.4,18.7,16.5,12.38,19.5,57.2,0,958.5,27,0.7,1.5,584,693,147,85,637,427,86,356,0,18,97
WAE,2020,8,21,10,26.8,54.9,19.3,17,12.78,20.2,59.6,0,958.5,29,1.2,2.3,737,827,128,88,556,579,91,359,0,18,97
WAE,2020,8,21,11,28.4,51.3,19.8,17.4,13.12,20.9,62.1,0,958.5,42,1.5,3,835,876,137,95,399,682,98,364,6,18,97
WAE,2020,8,21,12,29.3,46.2,18.8,16.6,12.44,20.7,61.3,0,958.7,39,1.4,2.8,772,702,199,111,184,631,201,376,0,18,97
WAE,2020,8,21,13,30,46.2,19.6,17.2,12.99,21.3,63.4,0,958.4,45,1.3,2.3,785,845,119,90,90,636,407,383,6,18,97
WAE,2020,8,21,14,30.4,47.8,20.8,18.1,13.8,21.9,65.9,0,958.1,34,1.2,2.7,740,871,112,83,84,577,607,379,0,18,97
WAE,2020,8,21,15,31.8,37.5,17.6,15.5,11.64,20.9,61.8,0,958,299,2.4,6.3,566,711,129,78,79,408,651,375,0,18,97
WAE,2020,8,21,16,31.8,34.8,16.4,14.4,10.83,20.3,59.7,0,958.2,278,2.9,4.5,408,608,121,66,67,251,647,371,0,18,97
WAE,2020,8,21,17,31.1,37.6,17,14.9,11.24,20.3,60,0,958.1,259,1.6,3.7,254,563,78,56,43,95,614,369,0,18,97
WAE,2020,8,21,18,29.3,45.5,18.5,16.3,12.25,20.6,60.8,0,958,202,1.6,2.8,101,314,51,84,27,26,348,370,0,18,97
WAE,2020,8,21,19,26.5,50.2,17.3,15.3,11.44,19.1,55.8,0,958.3,183,1.8,5,0,0,0,0,0,0,0,378,6,18,97
WAE,2020,8,21,20,24.4,53.8,16.4,14.4,10.82,18,52.1,0,958.8,211,1.4,3.3,0,0,0,0,0,0,0,368,0,18,97
WAE,2020,8,21,21,24,57.6,17.1,15.1,11.29,18.2,52.9,0,959.4,266,1.9,5.9,0,0,0,0,0,0,0,369,6,18,97
WAE,2020,8,21,22,24.1,61.5,18.5,16.2,12.22,18.9,55.4,0,959.8,224,3.1,5,0,0,0,0,0,0,0,385,44,18,97
WAE,2020,8,21,23,23.3,64.1,18.3,16.1,12.09,18.6,54.2,0,960.1,191,1.9,3.6,0,0,0,0,0,0,0,378,35,18,97
WAE,2020,8,22,0,21.9,69.9,18.4,16.2,12.16,18.2,52.9,0,959.8,151,1.4,3.3,0,0,0,0,0,0,0,373,29,18,97
WAE,2020,8,22,1,21.2,73.1,18.4,16.2,12.16,17.9,52.2,0,959.9,253,1.1,2.4,0,0,0,0,0,0,0,392,65,18,97
WAE,2020,8,22,2,21.6,72.4,18.6,16.4,12.28,18.2,52.9,0,960.7,292,0.6,1.8,0,0,0,0,0,0,0,395,75,18,97
WAE,2020,8,22,3,21.1,77,19.2,16.9,12.67,18.3,53.4,0,961.5,270,1.5,4.5,0,0,0,0,0,0,0,391,55,18,97
WAE,2020,8,22,4,21.9,69.1,18.1,16,11.92,18.1,52.3,0,962.5,254,2.8,5.3,0,0,0,0,0,0,0,404,75,18,97
WAE,2020,8,22,5,21.4,70.9,18,15.9,11.85,17.8,51.6,0,962.9,237,3.2,6.1,0,0,0,0,0,0,0,407,100,18,97
WAE,2020,8,22,6,21.4,70.3,17.9,15.8,11.78,17.8,51.4,0,963.3,236,2.4,4.5,61,52,52,38,83,28,28,402,81,18,97
WAE,2020,8,22,7,20.9,73,18,15.9,11.84,17.7,51.1,0.4,963.9,268,2.4,5.3,17,0,17,10,10,9,9,407,100,18,97
WAE,2020,8,22,8,18.7,91.7,19.8,17.3,13.05,17.8,51.9,2.8,963.7,234,2.8,7,29,0,29,17,17,16,16,407,100,18,97
WAE,2020,8,22,9,19.1,90.4,20,17.5,13.17,18,52.6,0,964.3,310,0.9,1.9,63,0,63,37,36,34,35,407,100,18,97
WAE,2020,8,22,10,19.6,87.3,19.9,17.4,13.11,18.1,53,0.1,964.4,288,1.6,6.1,58,0,58,33,33,31,32,407,100,18,97
WAE,2020,8,22,11,19.5,87.1,19.7,17.3,12.97,18,52.5,0.5,964.6,257,2.7,5.1,41,0,41,24,23,22,23,407,100,18,97
WAE,2020,8,22,12,20.2,80.4,19,16.7,12.5,17.9,52.1,0,964.2,196,1.3,4.3,198,13,187,107,110,112,102,407,100,18,97
WAE,2020,8,22,13,20.2,79.2,18.8,16.5,12.36,17.8,51.7,0,964.6,351,1.8,8.6,89,0,89,51,51,48,49,406,100,18,97
WAE,2020,8,22,14,19.7,80.5,18.5,16.3,12.16,17.5,50.7,0,964.7,312,1.8,4.7,97,1,97,56,55,53,54,405,100,18,97
WAE,2020,8,22,15,20.6,79.1,19.2,16.9,12.64,18.2,52.8,0,964.3,119,1.4,3.3,102,2,101,58,58,56,58,404,100,18,97
WAE,2020,8,22,16,21.2,76.4,19.2,16.9,12.64,18.4,53.4,0,963.7,93,1.8,3.4,271,152,200,110,109,161,261,399,75,18,97
WAE,2020,8,22,17,21.1,76.2,19.1,16.7,12.58,18.2,53.2,0,963.6,99,1.4,2.9,77,88,52,29,29,36,120,388,81,18,97
WAE,2020,8,22,18,20.7,78.3,19.1,16.8,12.58,18.1,52.8,0,963.6,124,1.1,2.6,54,86,40,37,22,21,110,400,100,18,97
WAE,2020,8,22,19,20.4,78.8,18.9,16.6,12.43,17.9,52.1,0,964.3,225,0.8,2.9,0,0,0,0,0,0,0,398,100,18,97
WAE,2020,8,22,20,20.2,71.5,17,14.9,11.16,16.8,48.6,0,964.8,284,1.3,3,0,0,0,0,0,0,0,396,100,18,97
WAE,2020,8,22,21,20,62.8,14.7,12.7,9.62,15.5,44.5,0,964.8,243,1.6,3,0,0,0,0,0,0,0,390,100,18,97
WAE,2020,8,22,22,19.5,65.7,14.8,12.9,9.69,15.4,44.2,0,964.8,195,1.6,2.7,0,0,0,0,0,0,0,392,100,18,97
WAE,2020,8,22,23,19.6,62.2,14.1,12.2,9.23,15.1,43.1,0,964.6,182,2.5,3.4,0,0,0,0,0,0,0,390,100,18,97
WAE,2020,8,23,0,19,63.7,14,12,9.17,14.8,42.3,0,964.1,220,1.9,3.5,0,0,0,0,0,0,0,377,100,18,97
WAE,2020,8,23,1,18.8,64.7,14,12,9.17,14.7,42.2,0,963.9,239,1.2,2.3,0,0,0,0,0,0,0,386,94,18,97
WAE,2020,8,23,2,18.3,67.6,14.2,12.2,9.3,14.6,42,0,963.7,243,1.1,2.3,0,0,0,0,0,0,0,379,94,18,97
WAE,2020,8,23,3,18.3,68.1,14.3,12.3,9.37,14.7,42.2,0,963.2,217,1.1,2.1,0,0,0,0,0,0,0,386,100,18,97
WAE,2020,8,23,4,18.3,67.8,14.2,12.3,9.31,14.7,42,0,962.9,243,0.9,2.5,0,0,0,0,0,0,0,386,100,18,97
WAE,2020,8,23,5,18.1,67.7,14,12,9.18,14.4,41.5,0,963,221,1.3,2.3,0,0,0,0,0,0,0,385,100,18,97
WAE,2020,8,23,6,18.5,69.3,14.7,12.8,9.64,15,43,0,963.4,270,1.8,3.7,64,59,51,36,91,27,28,385,100,18,97
WAE,2020,8,23,7,19.1,73.8,16.3,14.3,10.7,16.1,46.3,0,963.8,278,2.4,4.7,95,7,93,54,61,51,51,386,100,18,97
WAE,2020,8,23,8,19.3,65.4,14.7,12.7,9.63,15.3,43.8,0,964.1,293,3.5,7.6,180,10,174,100,110,99,96,387,100,18,97
WAE,2020,8,23,9,19.5,62.4,14.1,12.1,9.23,15,43,0,964.4,293,2.9,5.3,283,35,262,149,181,160,143,389,100,18,97
WAE,2020,8,23,10,19.8,62.8,14.4,12.5,9.43,15.3,43.8,0,964.5,299,2.6,6.4,460,202,314,169,318,313,164,390,94,18,97
WAE,2020,8,23,11,20,61.9,14.5,12.5,9.5,15.4,44.2,0,964.2,333,1.9,5.6,276,39,246,139,162,164,133,384,94,18,97
WAE,2020,8,23,12,20.6,60.6,14.7,12.7,9.63,15.7,45.2,0,963.8,320,2,5.4,530,329,263,135,165,409,207,380,81,18,97
WAE,2020,8,23,13,21.1,59.2,14.8,12.8,9.7,16,45.9,0,963.5,347,2.1,4.5,421,237,238,144,143,289,234,381,75,18,97
WAE,2020,8,23,14,21.1,58.1,14.6,12.5,9.57,15.8,45.5,0,963.1,341,2.1,5,347,91,283,157,156,217,225,380,81,18,97
WAE,2020,8,23,15,21.5,55.8,14.3,12.3,9.38,15.8,45.4,0,962.8,344,2.5,5.1,172,35,153,86,86,99,117,387,88,18,97
WAE,2020,8,23,16,22.1,52,13.8,11.8,9.05,15.8,45.2,0,962.6,325,2.8,6.1,196,97,147,81,81,119,175,381,88,18,97
WAE,2020,8,23,17,21.5,50.9,13,10.9,8.52,15.1,43.3,0,962.4,311,2.4,4.6,125,93,102,66,57,56,153,376,94,18,97
WAE,2020,8,23,18,20.9,51.3,12.6,10.5,8.25,14.7,42,0,962.9,299,3,8.1,15,1,15,9,9,8,9,388,94,18,97
WAE,2020,8,23,19,20.3,48.3,11.5,9,7.51,13.8,39.5,0,963.6,301,3.5,7,0,0,0,0,0,0,0,382,100,18,97
WAE,2020,8,23,20,19.6,48.9,11.2,8.6,7.31,13.3,38.3,0,963.8,289,2.8,5.6,0,0,0,0,0,0,0,380,100,18,97
WAE,2020,8,23,21,18.9,53.2,11.6,9.2,7.58,13.3,38.2,0,963.9,237,2.4,3.4,0,0,0,0,0,0,0,382,100,18,97
WAE,2020,8,23,22,18.3,55.4,11.6,9.2,7.58,13.1,37.6,0,963.9,251,1.8,2.9,0,0,0,0,0,0,0,376,100,18,97
WAE,2020,8,23,23,18,54.8,11.3,8.8,7.38,12.8,36.8,0,964,259,1.6,2.8,0,0,0,0,0,0,0,378,100,18,97
WAE,2020,8,24,0,17.6,57.3,11.5,9.1,7.51,12.7,36.7,0,963.4,265,1.1,1.9,0,0,0,0,0,0,0,368,94,18,97
WAE,2020,8,24,1,16.6,62.9,11.9,9.5,7.78,12.5,36.4,0,962.8,219,1.9,2.8,0,0,0,0,0,0,0,374,100,18,97
WAE,2020,8,24,2,15.8,66.5,12,9.6,7.85,12.3,35.8,0,962.5,225,0.9,2.6,0,0,0,0,0,0,0,362,68,18,97
WAE,2020,8,24,3,15.3,68.4,11.9,9.5,7.79,12,35.1,0,962.3,248,0.8,1.4,0,0,0,0,0,0,0,367,84,18,97
WAE,2020,8,24,4,14.6,74.7,12.4,10.2,8.12,12.1,35.2,0,961.9,281,0.7,1.7,0,0,0,0,0,0,0,373,100,18,97
WAE,2020,8,24,5,14.2,76.6,12.4,10.2,8.12,11.9,34.8,0,962,241,1.1,2.3,0,0,0,0,0,0,0,365,94,18,97
WAE,2020,8,24,6,15.3,73,12.7,10.5,8.32,12.5,36.4,0,962.3,257,1.4,2.1,91,196,52,53,231,27,28,358,78,18,97
WAE,2020,8,24,7,17.5,67,13.4,11.3,8.78,13.8,39.8,0,962.2,333,1.2,2.5,208,208,133,73,289,115,70,357,81,18,97
WAE,2020,8,24,8,18.1,67.7,14,12,9.18,14.4,41.5,0,962.5,68,1.8,3.7,368,388,184,99,481,236,97,357,64,18,97
WAE,2020,8,24,9,18.6,58.4,12.5,10.3,8.18,13.7,39.5,0,962.6,330,1.7,3.9,532,555,178,104,534,396,104,356,75,18,97
WAE,2020,8,24,10,19.1,55.4,12.3,10,8.05,13.8,39.6,0,962.5,13,2.4,4.8,684,686,186,108,526,550,110,353,58,18,97
WAE,2020,8,24,11,20.5,48.8,11.8,9.4,7.72,14,40.2,0,962.1,345,2.5,6.4,726,616,242,130,395,595,130,361,61,18,97
WAE,2020,8,24,12,21,47.1,11.7,9.3,7.66,14.2,40.6,0,962,357,2.3,5.8,556,247,357,190,242,402,223,382,75,18,97
WAE,2020,8,24,13,20.7,47.5,11.6,9.1,7.59,14,40.1,0,961.7,311,1.8,5.5,495,237,313,174,173,348,296,388,75,18,97
WAE,2020,8,24,14,21.7,43.6,11.3,8.8,7.4,14.2,40.6,0,961.4,309,2.8,6.8,518,341,276,151,151,377,386,377,75,18,97
WAE,2020,8,24,15,21.8,42.5,11.1,8.5,7.27,14.1,40.4,0,961.2,331,3.3,7.6,277,55,243,138,137,164,182,386,94,18,97
WAE,2020,8,24,16,21.7,41.8,10.8,8.2,7.07,13.9,39.8,0,960.9,274,2.1,4.5,321,294,192,104,103,198,399,370,68,18,97
WAE,2020,8,24,17,21.7,40.3,10.5,7.6,6.87,13.7,39.3,0,960.7,285,1.6,4.4,180,226,110,66,63,86,292,362,68,18,97
WAE,2020,8,24,18,20.1,47.4,11.1,8.6,7.27,13.5,38.7,0,960.5,270,1.4,3.9,58,117,44,47,25,24,143,352,56,18,97
WAE,2020,8,24,19,18.3,55.2,11.6,9.2,7.6,13.1,37.7,0,961,261,1.9,3.1,0,0,0,0,0,0,0,354,58,18,97
WAE,2020,8,24,20,17.4,55.9,11.1,8.5,7.26,12.4,35.9,0,961.6,244,3.2,4.5,0,0,0,0,0,0,0,341,45,18,97
WAE,2020,8,24,21,16.5,58,10.9,8.2,7.13,11.9,34.6,0,962,234,2.9,4.4,0,0,0,0,0,0,0,337,45,18,97
WAE,2020,8,24,22,15.7,60.6,10.8,8.1,7.06,11.5,33.7,0,961.8,234,2.4,3.7,0,0,0,0,0,0,0,362,64,18,97
WAE,2020,8,24,23,14.4,67.2,11,8.4,7.2,11.1,32.7,0,961.6,215,1.6,2.9,0,0,0,0,0,0,0,344,61,18,97
WAE,2020,8,25,0,13.6,71,11,8.4,7.2,10.7,31.9,0,961.3,212,1.1,2.3,0,0,0,0,0,0,0,336,53,18,97
WAE,2020,8,25,1,13.6,70.4,10.9,8.3,7.14,10.7,31.7,0,960.9,184,1.6,2.6,0,0,0,0,0,0,0,337,33,18,97
WAE,2020,8,25,2,13.2,71.2,10.8,8.1,7.07,10.4,31.1,0,960.7,173,1.8,4.3,0,0,0,0,0,0,0,321,25,18,97
WAE,2020,8,25,3,13,72.5,10.8,8.2,7.07,10.4,30.9,0,960.4,151,2.3,3.7,0,0,0,0,0,0,0,316,25,18,97
WAE,2020,8,25,4,12.3,76.3,10.9,8.3,7.14,10.1,30.4,0,960,166,1.5,3.8,0,0,0,0,0,0,0,316,25,18,97
WAE,2020,8,25,5,12.7,74.1,10.8,8.2,7.08,10.2,30.6,0,959.6,160,3,4.6,5,16,4,6,18,2,2,316,25,18,97
WAE,2020,8,25,6,14.2,69.6,11.3,8.7,7.41,11.1,33,0,959.5,147,2.3,5.4,112,365,49,75,399,26,26,309,6,18,97
WAE,2020,8,25,7,16.1,71.6,13.1,11,8.61,13.1,38,0,959.5,90,1.4,3.7,288,661,70,42,700,134,42,303,0,18,97
WAE,2020,8,25,8,16.8,70.6,13.5,11.4,8.88,13.6,39.4,0,959.5,60,1.5,2.9,453,720,105,63,728,302,64,324,31,18,97
WAE,2020,8,25,9,17.9,66.9,13.7,11.7,9.01,14.2,40.8,0,959.7,41,1.2,2.5,614,784,124,78,682,472,80,339,43,18,97
WAE,2020,8,25,10,20,57.9,13.6,11.5,8.94,14.9,42.8,0,959.6,30,1.8,3.3,632,545,240,127,483,496,126,359,71,18,97
WAE,2020,8,25,11,21.3,52.1,13.2,11.1,8.68,15.1,43.5,0,959.6,305,1.9,4.5,587,336,321,171,312,439,166,382,88,18,97
WAE,2020,8,25,12,22.7,37.8,10.4,7.6,6.82,14,40.2,0,958.8,266,1.7,4.3,790,766,175,114,170,659,189,377,69,18,97
WAE,2020,8,25,13,23.1,42.8,12.1,9.8,7.95,15.2,43.5,0,958.2,54,1.3,3.1,354,95,278,154,153,228,194,391,94,18,97
WAE,2020,8,25,14,23.9,39.3,11.6,9.2,7.63,15.2,43.4,0,957.8,39,1.9,5,458,178,332,179,178,306,310,379,75,18,97
WAE,2020,8,25,15,24.2,38.4,11.6,9.1,7.63,15.2,43.8,0,957.3,14,1.7,3.9,560,719,132,78,79,422,666,359,48,18,97
WAE,2020,8,25,16,24.2,39.8,12,9.7,7.9,15.5,44.5,0,956.9,81,1.4,3.1,398,616,118,67,67,257,653,356,43,18,97
WAE,2020,8,25,17,23.6,41.6,12.1,9.8,7.97,15.4,44,0,956.8,143,1,2.1,232,473,90,59,48,102,530,363,59,18,97
WAE,2020,8,25,18,22.3,50,13.4,11.4,8.83,15.7,44.9,0,956.8,188,2.2,3.6,35,39,28,21,16,15,56,389,81,18,97
WAE,2020,8,25,19,20.7,54.8,13.4,11.3,8.83,15,43.2,0,957,180,1,2.6,0,0,0,0,0,0,0,370,71,18,97
WAE,2020,8,25,20,19.4,65.9,14.8,12.9,9.76,15.4,44.3,0,957.6,207,1,2.6,0,0,0,0,0,0,0,351,39,18,97
WAE,2020,8,25,21,19.6,61.5,14,12,9.23,15,43.1,0,957.5,262,0.9,2.2,0,0,0,0,0,0,0,390,100,18,97
WAE,2020,8,25,22,19.5,68.3,15.5,13.5,10.24,15.8,45.6,0,957.3,108,1.4,3.7,0,0,0,0,0,0,0,376,88,18,97
WAE,2020,8,25,23,19.4,68.7,15.4,13.5,10.17,15.7,45.3,0,957.2,135,1,3.7,0,0,0,0,0,0,0,370,84,18,97
WAE,2020,8,26,0,18.7,67.4,14.5,12.5,9.57,14.9,43.1,0,957.3,188,0.8,2.6,0,0,0,0,0,0,0,341,48,18,97
WAE,2020,8,26,1,17.6,69.1,13.9,11.9,9.16,14.2,40.9,0,957.7,203,0.9,2.9,0,0,0,0,0,0,0,341,19,18,97
WAE,2020,8,26,2,17.5,69.4,13.9,11.8,9.16,14.1,40.8,0,957.8,168,1.9,3.3,0,0,0,0,0,0,0,339,23,18,97
WAE,2020,8,26,3,17.9,65.4,13.4,11.3,8.83,14,40.4,0,957.7,175,1.3,3.2,0,0,0,0,0,0,0,345,33,18,97
WAE,2020,8,26,4,18.7,58.7,12.6,10.5,8.29,13.9,39.8,0,958,191,1.7,3.1,0,0,0,0,0,0,0,371,78,18,97
WAE,2020,8,26,5,20.8,48.4,11.9,9.5,7.82,14.2,40.8,0,958.4,233,0.9,2.9,4,9,4,4,11,2,2,366,63,18,97
WAE,2020,8,26,6,22.1,45.8,12.2,9.9,8.01,14.9,42.6,0,959.3,276,3.3,10.3,71,91,58,48,126,31,32,365,66,18,97
WAE,2020,8,26,7,22.6,48.9,13.4,11.3,8.81,15.7,45.1,0,959.7,285,5.8,11.9,245,399,108,60,463,133,59,361,59,18,97
WAE,2020,8,26,8,23.1,50.1,14.1,12.1,9.27,16.3,46.8,0,960.2,286,5.9,13.5,438,640,134,75,680,297,75,366,59,18,97
WAE,2020,8,26,9,24.1,47.8,14.3,12.3,9.4,16.8,48.2,0,960.5,278,5.5,13.6,597,771,123,79,678,464,81,370,48,18,97
WAE,2020,8,26,10,24.7,46.2,14.4,12.4,9.47,17,48.9,0,960.7,285,5.5,12.7,711,795,139,91,551,591,93,366,39,18,97
WAE,2020,8,26,11,25.5,44.5,14.6,12.5,9.6,17.3,50.1,0,960.3,289,7,13.6,731,648,227,124,392,611,124,380,71,18,97
WAE,2020,8,26,12,26.1,43.2,14.6,12.6,9.61,17.6,50.7,0,959.9,289,7.1,13.5,828,897,112,93,147,715,181,357,29,18,97
WAE,2020,8,26,13,26.7,39.8,13.9,11.9,9.14,17.4,50.2,0,959.9,291,7.5,13.8,766,785,161,101,102,651,427,365,35,18,97
WAE,2020,8,26,14,27.2,35.7,12.9,10.7,8.47,17,49,0,960.1,287,7.7,15.3,730,873,118,85,86,603,618,350,29,18,97
WAE,2020,8,26,15,27.3,32.7,11.9,9.5,7.81,16.5,47.4,0,960.1,290,8.2,15.2,537,620,169,91,91,410,615,368,58,18,97
WAE,2020,8,26,16,26.9,31.3,11,8.5,7.21,15.9,45.4,0,960.5,295,7,15.8,295,309,168,95,94,177,398,382,75,18,97
WAE,2020,8,26,17,24.3,38.1,11.6,9.1,7.6,15.3,43.8,0,961.3,291,3.4,10.5,239,534,78,49,44,108,585,367,56,18,97
WAE,2020,8,26,18,22.2,46.2,12.3,10.1,8.06,15,42.8,0,962,228,1.4,2.9,56,94,42,37,23,22,119,379,75,18,97
WAE,2020,8,26,19,20.8,50.1,12.3,10,8.05,14.4,41.4,0,962.9,315,2.5,5.4,0,0,0,0,0,0,0,377,74,18,97
WAE,2020,8,26,20,19,55.4,12.1,9.9,7.91,13.7,39.2,0,963.7,259,1.7,3.6,0,0,0,0,0,0,0,382,84,18,97
WAE,2020,8,26,21,17.9,59.3,12.2,9.9,7.97,13.3,38.2,0,963.8,217,2.1,4.4,0,0,0,0,0,0,0,374,81,18,97
WAE,2020,8,26,22,17.8,58.7,11.9,9.6,7.78,13.1,37.6,0,963.9,216,3.3,5,0,0,0,0,0,0,0,364,78,18,97
WAE,2020,8,26,23,17.3,59.3,11.7,9.3,7.64,12.7,36.8,0,963.9,253,1.4,3.5,0,0,0,0,0,0,0,340,39,18,97
WAE,2020,8,27,0,16.7,62.1,11.8,9.4,7.71,12.5,36.3,0,964,247,1.7,2.6,0,0,0,0,0,0,0,332,6,18,97
WAE,2020,8,27,1,16.4,63.3,11.8,9.4,7.71,12.4,36,0,963.8,231,2.8,5.5,0,0,0,0,0,0,0,307,0,19,97
WAE,2020,8,27,2,15.4,68.5,12,9.6,7.85,12.1,35.3,0,963.2,202,1.7,3.6,0,0,0,0,0,0,0,307,0,19,97
WAE,2020,8,27,3,14.1,73.9,11.9,9.5,7.78,11.5,33.8,0,962.8,214,1.1,2.3,0,0,0,0,0,0,0,311,6,19,97
WAE,2020,8,27,4,13.6,76.5,11.9,9.6,7.79,11.3,33.3,0,962.5,218,1.3,2.6,0,0,0,0,0,0,0,325,33,19,97
WAE,2020,8,27,5,13.6,76.1,11.9,9.5,7.79,11.3,33.3,0,962.6,207,0.6,2.7,0,0,0,0,0,0,0,353,75,19,97
WAE,2020,8,27,6,15.6,72.4,12.9,10.7,8.45,12.8,37.1,0,962.7,293,1.5,3,72,144,45,41,174,24,24,361,88,19,97
WAE,2020,8,27,7,16.8,69.3,13.2,11.2,8.65,13.5,38.8,0,962.5,252,0.4,1.3,271,557,89,50,613,143,50,347,58,19,97
WAE,2020,8,27,8,18,67.2,13.9,11.8,9.12,14.3,41.2,0,961.9,79,1.2,2.8,446,712,105,65,721,312,66,339,40,19,97
WAE,2020,8,27,9,19,65.4,14.4,12.4,9.45,15,43.1,0,961.8,61,1.4,3.2,603,799,112,78,687,479,80,339,35,19,97
WAE,2020,8,27,10,20.3,51.7,12.3,10,8.06,14.2,40.9,0,961.3,42,1.5,2.8,755,888,120,89,591,639,93,331,29,19,97
WAE,2020,8,27,11,21.1,50.6,12.6,10.5,8.26,14.8,42.2,0,961,23,1.4,3.2,765,774,164,106,387,660,108,350,46,19,97
WAE,2020,8,27,12,22.3,50.3,13.6,11.5,8.94,15.7,45.1,0,960.1,23,2.4,4.4,641,431,298,168,236,503,199,374,71,19,97
WAE,2020,8,27,13,23,46.2,13,10.8,8.54,15.6,44.9,0,959.5,25,2.2,4.5,709,650,209,127,127,590,395,377,68,19,97
WAE,2020,8,27,14,23.3,46.9,13.4,11.3,8.81,16,45.9,0,959.1,9,2.3,5.2,524,396,240,140,140,398,378,388,81,19,97
WAE,2020,8,27,15,23.8,46.2,13.6,11.6,8.95,16.3,46.7,0,958.8,4,2,4.5,435,334,245,132,131,308,436,392,88,19,97
WAE,2020,8,27,16,23.6,46.5,13.5,11.5,8.89,16.2,46.4,0,958.4,24,1.1,2.3,368,496,142,78,78,250,557,378,68,19,97
WAE,2020,8,27,17,22.8,52.3,14.5,12.5,9.56,16.4,47.2,0,958,63,0.7,1.7,202,330,107,61,58,101,400,375,71,19,97
WAE,2020,8,27,18,22,58,15.3,13.4,10.1,16.6,47.8,0,957.7,131,1,1.8,31,44,24,19,13,13,59,386,88,19,97
WAE,2020,8,27,19,20.3,65.1,15.5,13.5,10.23,16.1,46.4,0,957.6,163,1.4,2.6,0,0,0,0,0,0,0,381,78,19,97
WAE,2020,8,27,20,18.7,71.4,15.4,13.4,10.17,15.4,44.6,0,957.3,205,1.5,2.8,0,0,0,0,0,0,0,378,88,19,97
WAE,2020,8,27,21,17.7,72.4,14.6,12.7,9.64,14.7,42.2,0,957,189,0.8,2.4,0,0,0,0,0,0,0,354,49,19,97
WAE,2020,8,27,22,17,79.8,15.5,13.5,10.25,14.8,43,0,956.5,198,0.4,0.9,0,0,0,0,0,0,0,367,84,19,97
WAE,2020,8,27,23,16.4,84.4,15.7,13.8,10.38,14.8,42.8,0,956.1,146,0.8,1.9,0,0,0,0,0,0,0,360,56,19,97
WAE,2020,8,28,0,16.1,84.6,15.4,13.5,10.19,14.5,42,0,955.7,159,0.9,2,0,0,0,0,0,0,0,342,23,19,97
WAE,2020,8,28,1,15.7,79.5,14.2,12.2,9.39,13.6,39.5,0,955.1,156,1,2.6,0,0,0,0,0,0,0,326,6,18,97
WAE,2020,8,28,2,16.1,73.7,13.4,11.4,8.86,13.3,38.6,0,954.6,144,1.4,3.7,0,0,0,0,0,0,0,333,16,18,97
WAE,2020,8,28,3,15.4,72.6,12.7,10.5,8.39,12.6,36.7,0,954,169,1.6,2.7,0,0,0,0,0,0,0,357,54,18,97
WAE,2020,8,28,4,15.3,75,13,10.9,8.6,12.7,37.1,0,953.6,166,0.8,2.1,0,0,0,0,0,0,0,357,54,18,97
WAE,2020,8,28,5,14.8,79.4,13.4,11.3,8.86,12.8,37.3,0,953.7,207,1.1,3.3,3,0,3,2,1,1,1,352,40,18,97
WAE,2020,8,28,6,16.9,73.2,14.1,12.1,9.34,14,40.6,0,953.4,200,1.4,2.4,70,113,51,43,145,27,28,361,59,18,97
WAE,2020,8,28,7,18.1,70.5,14.7,12.7,9.74,14.8,42.9,0,953,131,1.2,2.9,272,599,82,46,650,142,46,357,43,18,97
WAE,2020,8,28,8,18.6,73.9,15.8,13.9,10.5,15.7,45.3,0,952.2,104,1.3,4.3,398,530,147,80,583,278,80,366,58,18,97
WAE,2020,8,28,9,19.7,66.7,15.3,13.3,10.17,15.7,45.6,0,951.4,96,2,4.3,593,757,128,80,665,475,82,361,36,18,97
WAE,2020,8,28,10,21.5,59.2,15.1,13.2,10.04,16.3,47.1,0,950.6,86,1.6,3.2,661,691,168,103,505,551,104,376,64,18,97
WAE,2020,8,28,11,23.3,51,14.6,12.6,9.7,16.6,48.1,0,950.6,68,1.1,3.9,735,704,191,111,384,632,113,386,71,18,97
WAE,2020,8,28,12,23.6,50.7,14.8,12.8,9.84,16.8,48.8,0,950.4,83,1.9,4.9,309,135,202,113,151,219,109,399,94,18,97
WAE,2020,8,28,13,23,55.5,15.6,13.6,10.38,17.1,49.5,0,950.6,311,1.9,7.2,199,2,198,115,114,109,110,404,100,18,97
WAE,2020,8,28,14,21.6,63.5,16.4,14.4,10.92,17,49.5,0,950.3,278,4,9,178,1,177,103,102,97,99,401,100,18,97
WAE,2020,8,28,15,20.5,66.9,16.1,14.1,10.71,16.5,47.8,0,951,273,3.9,9.1,32,0,32,18,18,17,18,399,100,18,97
WAE,2020,8,28,16,17.7,86.7,17.6,15.5,11.73,16.3,47.5,1.3,950.7,268,2.4,7,45,0,45,26,26,24,25,397,100,18,97
WAE,2020,8,28,17,17.2,90.9,17.8,15.7,11.87,16.2,47.4,1.6,950.4,232,1.6,3.6,13,0,13,8,8,7,7,395,100,18,97
WAE,2020,8,28,18,17,93.5,18.1,15.9,12.08,16.3,47.7,0.8,950.3,171,0.8,1.5,11,0,11,7,6,6,6,392,100,18,97
WAE,2020,8,28,19,16.6,93.2,17.6,15.5,11.73,15.9,46.4,1,950.6,231,0.9,2.2,0,0,0,0,0,0,0,390,100,18,97
WAE,2020,8,28,20,16.4,93.9,17.5,15.4,11.66,15.8,46,0.9,950.9,261,0.8,2.6,0,0,0,0,0,0,0,388,100,18,97
WAE,2020,8,28,21,15.6,90,16,14,10.64,14.6,42.6,1.6,951.1,286,2.1,5.3,0,0,0,0,0,0,0,386,100,18,97
WAE,2020,8,28,22,14.1,86.9,13.9,12,9.22,12.9,37.5,0.5,951.8,242,3,8.1,0,0,0,0,0,0,0,383,100,18,97
WAE,2020,8,28,23,13.7,87.7,13.8,11.7,9.15,12.5,36.9,0.2,951.9,252,2.2,6.9,0,0,0,0,0,0,0,378,88,18,97
WAE,2020,8,29,0,13.8,89.5,14.1,12.1,9.35,12.8,37.5,0.2,951.8,239,1.4,5.3,0,0,0,0,0,0,0,379,100,18,97
WAE,2020,8,29,1,13.9,89.1,14.2,12.1,9.42,12.8,37.8,0,952.1,259,1.2,4.8,0,0,0,0,0,0,0,377,100,18,97
WAE,2020,8,29,2,14.1,89.4,14.4,12.4,9.56,13.1,38.3,0,951.6,137,2,4.6,0,0,0,0,0,0,0,377,100,18,97
WAE,2020,8,29,3,14.2,88.2,14.2,12.3,9.43,13.1,38.1,0.1,951.2,124,2.3,5.2,0,0,0,0,0,0,0,377,100,18,97
WAE,2020,8,29,4,14.1,90.7,14.5,12.6,9.63,13.2,38.5,0,950.9,189,1.3,2.8,0,0,0,0,0,0,0,376,100,18,97
WAE,2020,8,29,5,14.4,89.5,14.7,12.7,9.77,13.4,39.2,0,950.9,162,1.4,3.4,0,0,0,0,0,0,0,376,100,18,97
WAE,2020,8,29,6,14.4,91.5,15,13,9.96,13.6,39.7,0,951.3,153,0.6,1.9,5,0,5,3,3,3,3,376,100,18,97
WAE,2020,8,29,7,14.9,85.9,14.5,12.6,9.62,13.5,39.3,0,951.7,214,0.4,3.2,69,2,68,39,41,37,38,375,100,18,97
WAE,2020,8,29,8,15,88.7,15.1,13.2,10.03,13.9,40.4,0.3,951.9,86,1.8,5.3,94,6,92,53,59,52,51,376,100,18,97
WAE,2020,8,29,9,14.5,92.7,15.3,13.3,10.16,13.8,40.3,1.1,951.7,97,1.7,4,166,0,166,96,96,90,92,376,100,18,97
WAE,2020,8,29,10,14.5,91.7,15.1,13.2,10.03,13.7,39.9,0.3,951.9,82,1.5,3.8,83,0,83,48,48,45,46,376,100,18,97
WAE,2020,8,29,11,14.3,91.5,15,12.9,9.96,13.5,39.5,1,951.8,119,1.4,3.6,88,0,88,51,50,47,48,377,100,18,97
WAE,2020,8,29,12,14.2,91.9,14.8,12.9,9.82,13.4,39.1,0.1,952,97,1.7,3.9,65,0,65,37,37,35,36,377,100,18,97
WAE,2020,8,29,13,13.8,93.6,14.8,12.8,9.83,13.2,38.7,2.1,951.5,96,1.1,3.1,59,0,59,34,34,32,32,377,100,18,97
WAE,2020,8,29,14,13.9,95.9,15.2,13.3,10.1,13.5,39.5,0.9,951.4,67,3.5,7.3,50,0,50,29,29,27,28,377,100,18,97
WAE,2020,8,29,15,14,94.3,15,13.1,9.96,13.5,39.3,0.3,951.3,37,1.6,3.8,47,0,47,27,27,26,26,376,100,18,97
WAE,2020,8,29,16,13.7,94.6,14.8,12.8,9.83,13.2,38.6,1,951.1,68,2,4.2,78,11,73,42,42,44,51,376,100,18,97
WAE,2020,8,29,17,13.7,94.9,14.8,12.9,9.83,13.2,38.6,2.3,951,48,1.4,3.2,21,0,21,12,12,11,12,376,100,18,97
WAE,2020,8,29,18,13.5,97.3,15.1,13.1,10.03,13.3,38.9,1.5,951.1,69,1.8,3.5,3,0,3,2,2,2,2,376,100,18,97
WAE,2020,8,29,19,13.5,96.5,14.9,13,9.9,13.2,38.6,1.1,951.2,60,2,3.7,0,0,0,0,0,0,0,375,100,18,97
WAE,2020,8,29,20,13.7,96,15,13.1,9.96,13.3,38.9,1.4,951.4,75,2.3,4.9,0,0,0,0,0,0,0,375,100,18,97
WAE,2020,8,29,21,13.4,95.5,14.7,12.7,9.76,13,38.1,0.5,951.2,100,1.5,3.9,0,0,0,0,0,0,0,374,100,18,97
WAE,2020,8,29,22,13.3,95.4,14.5,12.6,9.63,12.9,37.7,0.3,951.1,98,0.8,2.8,0,0,0,0,0,0,0,374,100,18,97
WAE,2020,8,29,23,13.3,96.2,14.7,12.7,9.77,12.9,38,0.5,950.6,73,1.2,4,0,0,0,0,0,0,0,373,100,18,97
WAE,2020,8,30,0,13.4,96.2,14.8,12.8,9.84,13,38.3,0.4,950.5,55,1.8,5,0,0,0,0,0,0,0,370,94,18,97
WAE,2020,8,30,1,13.4,95.9,14.8,12.8,9.84,13,38.3,0,950.5,99,0.9,3.2,0,0,0,0,0,0,0,369,100,18,97
WAE,2020,8,30,2,13.4,96.1,14.8,12.8,9.84,13,38.3,0.7,950.3,233,0.6,1.6,0,0,0,0,0,0,0,372,100,18,97
WAE,2020,8,30,3,13.3,96,14.7,12.7,9.77,12.9,38,0.8,950.3,292,1.1,2.2,0,0,0,0,0,0,0,372,100,18,97
WAE,2020,8,30,4,13.3,96.8,14.8,12.8,9.84,13,38.2,2,950.4,8,0.8,2.4,0,0,0,0,0,0,0,371,100,18,97
WAE,2020,8,30,5,13.3,97.6,14.9,12.9,9.91,13.1,38.4,6.5,949.7,40,1.7,3.5,0,0,0,0,0,0,0,371,100,18,97
WAE,2020,8,30,6,13.3,96.7,14.7,12.8,9.78,13,38.1,6,949.7,76,1,2.9,13,3,13,8,11,7,7,371,100,18,97
WAE,2020,8,30,7,13.3,96,14.7,12.7,9.78,12.9,38.1,3,949.8,16,1.7,4.2,20,0,20,12,12,11,11,370,100,18,97
WAE,2020,8,30,8,13.2,95.6,14.5,12.5,9.64,12.8,37.6,8.3,950.3,343,1.5,4,57,0,57,33,32,31,31,369,100,18,97
WAE,2020,8,30,9,13.1,95,14.2,12.3,9.43,12.6,37,9.8,951.2,286,2.2,7.5,58,0,58,34,33,32,32,367,100,18,97
WAE,2020,8,30,10,12,91.4,12.8,10.6,8.48,11.2,33.4,11.7,952.2,239,4.6,10,45,0,45,26,26,24,25,366,100,18,97
WAE,2020,8,30,11,12,90.3,12.6,10.5,8.33,11.1,33.1,10.4,953.4,246,5.6,11,50,0,50,29,29,27,28,364,100,18,97
WAE,2020,8,30,12,11.4,89.8,12.1,9.8,7.99,10.5,31.6,5.4,953.8,245,5.3,10.4,72,0,72,42,41,39,40,363,100,18,97
WAE,2020,8,30,13,11.1,86.4,11.4,8.9,7.51,9.9,30.1,1.8,955.4,242,7.4,14.6,85,0,85,49,49,46,47,362,100,18,97
WAE,2020,8,30,14,10.5,84,10.7,7.9,7.04,9.1,28.3,0.6,956.3,240,6.8,12.9,71,0,71,41,41,39,40,361,100,18,97
WAE,2020,8,30,15,10.9,84,10.9,8.3,7.16,9.5,29,2.5,957.2,227,3.6,10.3,76,0,76,44,44,41,42,360,100,18,97
WAE,2020,8,30,16,10.8,90.3,11.7,9.3,7.69,10,30.2,1.1,957.8,349,0.5,1.7,115,7,112,65,64,63,69,360,100,18,97
WAE,2020,8,30,17,11.6,91.1,12.5,10.2,8.22,10.8,32.4,0.1,958.2,143,0.7,1.8,100,28,91,52,52,55,79,359,100,18,97
WAE,2020,8,30,18,11.6,91,12.4,10.2,8.15,10.8,32.2,0,958.8,153,1,2,3,0,3,2,2,1,2,358,100,18,97
WAE,2020,8,30,19,11.5,92,12.5,10.2,8.21,10.8,32.3,0,959.6,187,0.9,2.2,0,0,0,0,0,0,0,358,100,18,97
WAE,2020,8,30,20,11.4,92.8,12.5,10.3,8.2,10.8,32.1,0,960.1,211,1.2,2.3,0,0,0,0,0,0,0,357,100,18,97
WAE,2020,8,30,21,11.5,92.6,12.5,10.3,8.2,10.8,32.2,0,960.5,231,0.8,1.7,0,0,0,0,0,0,0,357,100,18,97
WAE,2020,8,30,22,11.3,94.3,12.6,10.4,8.26,10.8,32.2,0.4,961,239,0.6,1.8,0,0,0,0,0,0,0,356,100,18,97
WAE,2020,8,30,23,11.4,94.3,12.7,10.5,8.33,10.9,32.5,0,961,185,1.2,2.5,0,0,0,0,0,0,0,356,100,18,97
WAE,2020,8,31,0,11.2,93.7,12.5,10.2,8.2,10.6,31.9,0,960.6,171,1.2,2.1,0,0,0,0,0,0,0,355,100,18,97
WAE,2020,8,31,1,10.7,95.3,12.3,10,8.07,10.3,31.1,0,960.4,172,0.8,1.6,0,0,0,0,0,0,0,355,100,18,97
WAE,2020,8,31,2,10.2,95.1,11.9,9.5,7.8,9.8,29.9,0,960.4,185,1.3,2.5,0,0,0,0,0,0,0,342,75,18,97
WAE,2020,8,31,3,10.2,95.9,11.9,9.6,7.8,9.9,29.9,0,960.5,256,0.4,1.2,0,0,0,0,0,0,0,327,55,18,97
WAE,2020,8,31,4,10.4,94.2,11.8,9.5,7.73,9.9,29.9,0,960.8,259,1.6,3.2,0,0,0,0,0,0,0,347,94,18,97
WAE,2020,8,31,5,10.9,92.2,12,9.7,7.86,10.2,30.8,0,961.1,222,2.6,4.2,0,0,0,0,0,0,0,345,94,18,97
WAE,2020,8,31,6,11.4,92.2,12.4,10.2,8.13,10.7,32,0,960.9,203,1.3,3.1,44,13,42,26,38,23,23,355,100,18,97
WAE,2020,8,31,7,12.5,89.6,13,10.8,8.53,11.5,34.1,0,961.3,143,1.1,2.4,103,7,101,59,65,56,56,356,100,18,97
WAE,2020,8,31,8,13.3,86.1,13.2,11,8.66,12,35.2,0,961.2,117,1.2,3.3,261,101,213,119,221,160,115,360,88,18,97
WAE,2020,8,31,9,14.4,79.9,13.1,11,8.59,12.4,36.2,0,961.6,94,1.6,3.3,332,87,279,156,233,206,150,359,100,18,97
WAE,2020,8,31,10,15,75.1,12.8,10.6,8.39,12.5,36.3,0,961.4,51,1.4,2.7,411,101,339,189,263,262,182,367,100,18,97
WAE,2020,8,31,11,15.7,72.7,13,10.8,8.53,12.8,37.4,0,961,36,1,3.4,484,148,371,204,284,328,196,370,94,18,97
WAE,2020,8,31,12,16.8,67.8,12.9,10.8,8.47,13.3,38.3,0,960.6,37,1.3,3.1,609,331,351,182,212,476,259,351,71,18,97
WAE,2020,8,31,13,17.3,60.1,11.9,9.5,7.8,12.8,37.2,0,960.4,36,1.5,3,648,485,285,146,146,539,400,363,75,18,97
WAE,2020,8,31,14,18.2,58.5,12.2,9.9,8.01,13.4,38.6,0,960,342,1.5,4,442,182,316,173,172,307,301,375,94,18,97
WAE,2020,8,31,15,18.2,59.1,12.4,10.1,8.14,13.5,38.9,0,959.7,51,1.5,3.5,288,95,237,134,133,178,219,374,94,18,97
WAE,2020,8,31,16,17.4,64.6,12.8,10.6,8.39,13.4,38.7,0,959.9,102,1.5,5.1,114,34,98,55,55,69,88,373,94,18,97
WAE,2020,8,31,17,16.3,71.1,13,10.9,8.56,13.1,38,0,960.1,125,1.3,3.7,153,367,65,42,35,66,413,355,78,18,97
WAE,2020,8,31,18,15,78.1,13.1,11,8.62,12.7,36.9,9.1,960.5,284,1.7,5.9,56,176,33,39,18,17,199,359,81,18,97
WAE,2020,8,31,19,14,83.8,13.3,11.2,8.72,12.3,36.1,7.5,960.8,205,2,4.8,0,0,0,0,0,0,0,369,100,18,97
WAE,2020,8,31,20,13.9,85.7,13.5,11.4,8.85,12.4,36.3,2.9,960.8,186,3.4,5.6,0,0,0,0,0,0,0,368,100,18,97
WAE,2020,8,31,21,13.9,86.6,13.7,11.6,9.01,12.6,36.8,0.1,960.7,162,1.2,2.8,0,0,0,0,0,0,0,367,100,18,97
WAE,2020,8,31,22,14.2,86.4,13.9,11.8,9.14,12.8,37.4,0,960.5,135,1.3,3.8,0,0,0,0,0,0,0,366,100,18,97
WAE,2020,8,31,23,14.9,84.1,14.1,12.1,9.3,13.2,38.5,0,960.1,139,1.2,3.5,0,0,0,0,0,0,0,365,100,18,97
WAE,2019,9,1,0,15.8,80.9,14.4,12.4,9.46,13.7,39.8,0,959.6,202,0.7,1.3,0,0,0,0,0,0,0,354,25,18,97
WAE,2019,9,1,1,16.6,77.9,14.6,12.6,9.64,14.2,41.1,0,959.1,258,1.9,6.1,0,0,0,0,0,0,0,352,34,17,97
WAE,2019,9,1,2,17.2,76.3,14.8,12.8,9.77,14.5,42,0,958.8,196,2.1,4.8,0,0,0,0,0,0,0,365,59,17,97
WAE,2019,9,1,3,17.7,75.1,15.2,13.2,10.02,14.9,43.2,0,958.5,145,1.3,3.4,0,0,0,0,0,0,0,362,43,17,97
WAE,2019,9,1,4,18,74.6,15.4,13.4,10.14,15.1,43.8,0,958.4,186,2.1,4.6,0,0,0,0,0,0,0,356,39,17,97
WAE,2019,9,1,5,18,76.9,15.8,13.8,10.44,15.4,44.5,0,958.5,135,1.2,4,0,0,0,0,0,0,0,387,100,17,97
WAE,2019,9,1,6,18,79.4,16.4,14.4,10.82,15.7,45.5,0,958.7,163,1,3.5,45,64,36,26,86,19,19,391,100,17,97
WAE,2019,9,1,7,18.2,81.9,17.1,15,11.28,16.2,46.9,0,959.1,243,0.5,1,37,1,37,21,22,20,20,393,100,17,97
WAE,2019,9,1,8,18.5,82,17.5,15.4,11.55,16.5,47.9,0,959.7,219,0.7,1.9,94,0,94,54,54,51,52,396,100,17,97
WAE,2019,9,1,9,18.8,85.7,18.5,16.4,12.22,17.2,49.9,0.8,960.1,243,0.6,1.7,82,0,82,47,47,44,45,398,100,17,97
WAE,2019,9,1,10,17.8,93.3,19,16.7,12.56,17.1,49.7,3.3,960.2,284,0.9,2.1,129,11,122,69,77,73,66,401,100,17,97
WAE,2019,9,1,11,18.5,87.7,18.6,16.4,12.29,17.1,49.8,0,959.9,76,0.5,1.5,132,1,131,75,75,71,72,404,100,17,97
WAE,2019,9,1,12,19.4,84,19,16.6,12.57,17.6,51.4,0,959.5,76,0.5,1.6,388,108,304,166,165,258,196,407,100,17,97
WAE,2019,9,1,13,21.1,72.3,18,15.9,11.9,17.7,51.4,0,959.1,56,0.6,2.1,525,315,293,160,159,397,324,402,88,17,97
WAE,2019,9,1,14,22,68.8,18.2,16,12.04,18.1,52.7,0,958.7,40,0.9,1.9,500,320,287,149,148,377,391,392,75,17,97
WAE,2019,9,1,15,22.3,66.9,18,15.9,11.9,18.1,52.7,0,958.5,56,0.7,1.9,361,209,248,133,133,245,325,393,81,17,97
WAE,2019,9,1,16,22,70.1,18.5,16.3,12.24,18.3,53.2,0,958.3,67,0.9,1.9,289,291,164,87,86,195,374,394,78,17,97
WAE,2019,9,1,17,21.4,73.1,18.7,16.4,12.38,18.1,53,0,958.6,207,1.2,4.7,106,68,85,47,47,59,117,402,94,17,97
WAE,2019,9,1,18,18.5,82.2,17.5,15.4,11.55,16.5,47.9,5.7,960.3,239,5.6,11.3,31,40,27,20,15,14,56,401,100,17,97
WAE,2019,9,1,19,16.9,90,17.3,15.2,11.4,15.8,45.9,4.2,961.1,218,5,7.3,0,0,0,0,0,0,0,399,100,17,97
WAE,2019,9,1,20,16.5,92.8,17.4,15.3,11.47,15.7,45.6,0.3,961.3,196,1.8,4.2,0,0,0,0,0,0,0,397,100,17,97
WAE,2019,9,1,21,16.6,95.5,18.1,15.9,11.93,16.2,46.9,0.8,961.7,198,0.9,2.3,0,0,0,0,0,0,0,395,100,17,97
WAE,2019,9,1,22,16.9,95.5,18.4,16.2,12.13,16.5,47.7,0.9,961.9,99,0.8,2,0,0,0,0,0,0,0,393,100,17,97
WAE,2019,9,1,23,16.7,96,18.3,16.1,12.06,16.3,47.3,0.5,962.1,153,0.9,4.8,0,0,0,0,0,0,0,391,100,17,97
WAE,2019,9,2,0,15.9,95.1,17.1,15.1,11.25,15.4,44.5,13.4,962.4,63,1.4,4.7,0,0,0,0,0,0,0,389,100,17,97
WAE,2019,9,2,1,15.7,94,16.8,14.7,11.05,15.1,43.7,2.7,962.4,120,0.9,2.9,0,0,0,0,0,0,0,387,100,18,97
WAE,2019,9,2,2,15.6,96.8,17.1,15.1,11.25,15.3,44.1,1.1,962.4,270,0.3,2.2,0,0,0,0,0,0,0,386,100,18,97
WAE,2019,9,2,3,15.3,95.2,16.5,14.5,10.85,14.8,42.8,0.7,962.3,13,2.2,5.1,0,0,0,0,0,0,0,385,100,18,97
WAE,2019,9,2,4,15.3,94.2,16.4,14.4,10.78,14.7,42.7,0.4,962.3,343,1.5,4.2,0,0,0,0,0,0,0,384,100,18,97
WAE,2019,9,2,5,15.2,93.3,16.1,14.1,10.58,14.5,42,0.1,962.7,338,1.3,3.5,0,0,0,0,0,0,0,383,100,18,97
WAE,2019,9,2,6,15.3,91.6,15.9,13.9,10.44,14.4,41.8,0.1,963.1,9,1.7,6.3,13,0,13,8,8,7,7,382,100,18,97
WAE,2019,9,2,7,15.1,90.4,15.5,13.5,10.17,14.1,40.9,0.1,963.8,360,2.4,5.9,52,0,52,30,30,28,29,382,100,18,97
WAE,2019,9,2,8,14.5,93.9,15.5,13.5,10.16,13.9,40.3,1.2,964.5,306,2.8,7,45,0,45,26,26,25,25,383,100,18,97
WAE,2019,9,2,9,14.3,92.8,15.1,13.2,9.89,13.6,39.4,0.8,964.8,279,1.5,3,74,0,74,43,43,40,41,383,100,18,97
WAE,2019,9,2,10,14.7,91.9,15.3,13.4,10.02,13.9,40.1,0.2,965.1,312,1.4,3.4,45,0,45,26,26,25,25,383,100,18,97
WAE,2019,9,2,11,14.8,91.5,15.4,13.4,10.08,13.9,40.4,0.5,965.3,347,1.6,4.5,42,0,42,24,24,23,23,384,100,18,97
WAE,2019,9,2,12,14.9,89.3,15.2,13.2,9.95,13.9,40.1,0.2,965.5,357,1.9,4.6,51,0,51,30,29,28,28,384,100,18,97
WAE,2019,9,2,13,15.3,84.9,14.8,12.8,9.68,13.8,39.9,0.1,965.6,24,1.1,3.3,48,0,48,28,28,26,27,384,100,18,97
WAE,2019,9,2,14,15.9,81.9,14.7,12.8,9.61,14,40.3,0,965.7,81,1.2,3.2,54,0,54,31,31,29,30,383,100,18,97
WAE,2019,9,2,15,15.6,79.8,14.1,12.1,9.22,13.5,39,0,965.8,133,1.9,4.4,33,0,33,19,19,18,18,382,100,18,97
WAE,2019,9,2,16,15.6,76.1,13.5,11.4,8.81,13.1,38,0,966.2,147,1.7,3.2,41,0,41,24,23,22,22,380,100,18,97
WAE,2019,9,2,17,15.4,82.9,14.5,12.5,9.47,13.7,39.4,0,966.4,191,0.7,1.4,28,0,28,16,16,15,16,379,100,18,97
WAE,2019,9,2,18,15.1,81.8,14,12,9.14,13.3,38.3,0,966.8,225,1,1.8,11,0,11,6,6,6,6,378,100,18,97
WAE,2019,9,2,19,15,81.8,13.9,11.9,9.07,13.2,38,0,967.5,265,1.3,2.2,0,0,0,0,0,0,0,376,100,18,97
WAE,2019,9,2,20,14.5,86.9,14.3,12.3,9.33,13.2,38.2,0,967.8,193,1,2.5,0,0,0,0,0,0,0,370,94,18,97
WAE,2019,9,2,21,13.4,88.5,13.7,11.5,8.93,12.3,36,0,967.8,176,1.7,2.7,0,0,0,0,0,0,0,346,56,18,97
WAE,2019,9,2,22,12.6,92.1,13.4,11.4,8.73,11.9,34.7,0,967.7,171,1.4,2.3,0,0,0,0,0,0,0,343,36,18,97
WAE,2019,9,2,23,12.3,94.4,13.5,11.4,8.8,11.8,34.6,0,967.9,198,0.4,1.2,0,0,0,0,0,0,0,324,25,18,97
WAE,2019,9,3,0,12.1,95.7,13.5,11.4,8.8,11.7,34.4,0,967.8,166,0.8,1.8,0,0,0,0,0,0,0,321,13,18,97
WAE,2019,9,3,1,12.1,91.6,12.9,10.8,8.41,11.4,33.4,0,967.5,159,2.3,3.7,0,0,0,0,0,0,0,328,0,19,97
WAE,2019,9,3,2,11.5,90.6,12.3,10,8.01,10.7,31.8,0,967.4,163,2.2,4.6,0,0,0,0,0,0,0,330,0,19,97
WAE,2019,9,3,3,11,91.8,12.1,9.7,7.88,10.3,30.9,0,967.5,174,1.9,3.6,0,0,0,0,0,0,0,314,0,19,97
WAE,2019,9,3,4,11,89.8,11.8,9.4,7.68,10.1,30.4,0,967.5,162,2.7,5.4,0,0,0,0,0,0,0,315,0,19,97
WAE,2019,9,3,5,11.3,90.8,12.1,9.9,7.87,10.5,31.2,0,967.9,166,2.5,3.4,0,0,0,0,0,0,0,314,0,19,97
WAE,2019,9,3,6,11.8,89.3,12.4,10.1,8.07,10.8,32.2,0,968.2,174,1.8,3.3,78,229,44,37,259,30,24,321,33,19,97
WAE,2019,9,3,7,13,85,12.7,10.5,8.26,11.6,33.9,0,968.5,153,1.3,3.1,254,584,73,44,625,158,45,319,19,19,97
WAE,2019,9,3,8,14.1,85.2,13.7,11.7,8.92,12.7,36.7,0,968.8,85,1.3,2.7,438,782,81,57,763,342,59,297,6,19,97
WAE,2019,9,3,9,14.9,78.4,13.3,11.2,8.66,12.7,36.9,0,968.9,49,1.1,2.6,607,888,82,70,726,526,73,296,0,19,97
WAE,2019,9,3,10,16,75,13.6,11.6,8.86,13.4,38.5,0,968.6,54,1,2.6,739,925,100,84,587,673,88,299,0,19,97
WAE,2019,9,3,11,17,73.4,14.3,12.2,9.32,14.1,40.7,0,968.2,41,1.1,2.4,776,888,108,91,365,721,94,302,0,19,97
WAE,2019,9,3,12,18.4,67.4,14.2,12.3,9.26,14.7,42,0,967.9,37,0.8,2.6,823,951,92,91,121,772,202,306,6,19,97
WAE,2019,9,3,13,19.9,58.2,13.5,11.4,8.8,14.8,42.3,0,967.6,14,1.4,3.9,766,875,119,92,92,709,432,308,13,19,97
WAE,2019,9,3,14,20.5,47,11.3,8.8,7.35,13.7,39.3,0,967.3,360,1.4,3.3,654,777,136,88,88,585,585,308,0,19,97
WAE,2019,9,3,15,20.9,46.4,11.4,9,7.42,14,39.9,0,967,7,1.1,2.7,528,742,118,74,75,447,686,307,0,19,97
WAE,2019,9,3,16,20.8,47.9,11.7,9.4,7.62,14.1,40.3,0,966.8,24,1.3,2.7,391,777,73,51,52,293,778,307,6,19,97
WAE,2019,9,3,17,20.4,46.7,11.2,8.6,7.29,13.6,39,0,966.7,11,0.6,1.8,208,596,57,34,34,110,636,327,13,19,97
WAE,2019,9,3,18,17.9,61.5,12.6,10.4,8.22,13.5,38.8,0,966.5,201,0.8,1.4,39,113,23,24,14,13,131,338,29,19,97
WAE,2019,9,3,19,15.8,71,12.7,10.6,8.28,12.8,36.8,0,966.6,202,2,2.9,0,0,0,0,0,0,0,339,16,19,97
WAE,2019,9,3,20,15,71.7,12.3,9.9,8.02,12.1,35.4,0,966.4,171,2.1,3.6,0,0,0,0,0,0,0,338,35,19,97
WAE,2019,9,3,21,13.7,80.2,12.6,10.4,8.22,11.8,34.5,0,966.4,243,0.6,2.4,0,0,0,0,0,0,0,348,48,19,97
WAE,2019,9,3,22,13.9,80.8,12.8,10.7,8.35,12.1,35.1,0,966.1,146,1.6,3.4,0,0,0,0,0,0,0,337,30,19,97
WAE,2019,9,3,23,13.5,82.8,12.8,10.6,8.35,11.8,34.7,0,966,165,1.4,4.3,0,0,0,0,0,0,0,328,29,19,97
WAE,2019,9,4,0,13.3,84,12.9,10.7,8.42,11.8,34.6,0,965.6,161,2.3,4,0,0,0,0,0,0,0,306,6,19,97
WAE,2019,9,4,1,13.1,83.3,12.6,10.3,8.23,11.5,33.9,0,965.1,160,2.4,4.3,0,0,0,0,0,0,0,303,0,18,97
WAE,2019,9,4,2,12.7,86.1,12.6,10.4,8.23,11.4,33.5,0,964.6,160,2.2,4,0,0,0,0,0,0,0,303,0,18,97
WAE,2019,9,4,3,12,91.9,12.9,10.7,8.44,11.3,33.3,0,964,191,0.6,1.9,0,0,0,0,0,0,0,296,0,18,97
WAE,2019,9,4,4,11.9,92,12.8,10.6,8.37,11.2,33.1,0,963.8,270,0.5,1.6,0,0,0,0,0,0,0,296,0,18,97
WAE,2019,9,4,5,11.7,93.4,12.9,10.7,8.44,11.1,33,0,963.8,214,0.6,1.3,0,0,0,0,0,0,0,296,0,18,97
WAE,2019,9,4,6,13,88.7,13.3,11.2,8.7,12,35,0,963.9,173,0.8,1.2,87,362,35,40,388,26,19,295,6,18,97
WAE,2019,9,4,7,14.8,84.4,14.2,12.2,9.3,13.3,38.4,0,963.5,117,1,2.3,255,621,73,41,665,157,41,296,0,18,97
WAE,2019,9,4,8,15.6,83.8,14.9,12.9,9.77,14,40.4,0,963.4,78,1.4,2.7,426,714,99,59,710,337,61,300,6,18,97
WAE,2019,9,4,9,16.2,80.1,14.8,12.8,9.71,14.1,40.9,0,963,72,1.7,2.9,612,896,84,67,730,534,70,304,0,18,97
WAE,2019,9,4,10,17.9,74.5,15.3,13.3,10.05,15.1,43.5,0,962.6,73,1.5,2.9,714,862,122,84,570,650,87,307,0,18,97
WAE,2019,9,4,11,18.5,72.6,15.5,13.5,10.18,15.4,44.4,0,962.2,24,1.3,2.8,773,864,125,90,358,718,93,311,0,18,97
WAE,2019,9,4,12,20.5,68.1,16.4,14.4,10.79,16.6,48,0,961.6,39,1.3,2.6,858,961,124,92,126,808,224,315,0,18,97
WAE,2019,9,4,13,21.4,64,16.3,14.3,10.73,16.9,48.8,0,960.8,48,1.6,3.3,731,769,165,99,100,669,417,317,6,18,97
WAE,2019,9,4,14,22,60.9,16.1,14.1,10.61,17,49.1,0,960.1,61,1.4,3.1,619,663,182,97,98,546,549,317,0,18,97
WAE,2019,9,4,15,22.8,59,16.3,14.4,10.75,17.4,50.3,0,959.8,61,1.2,2.5,554,863,80,62,63,473,749,317,0,18,97
WAE,2019,9,4,16,22.9,58.9,16.4,14.4,10.82,17.5,50.5,0,959.6,73,1.2,2.1,386,792,64,46,47,291,782,317,0,18,97
WAE,2019,9,4,17,22.5,61.9,16.9,14.8,11.15,17.6,51,0,959.6,81,0.7,2.5,204,615,53,31,31,108,650,317,0,18,97
WAE,2019,9,4,18,20.8,71,17.4,15.4,11.49,17.3,50.1,0,959.6,189,0.8,2.2,34,110,19,20,11,11,123,322,6,18,97
WAE,2019,9,4,19,19.3,71.2,16,14,10.54,16,46.1,0,960,235,2.9,4.6,0,0,0,0,0,0,0,317,19,18,97
WAE,2019,9,4,20,18.9,67.1,14.6,12.7,9.6,15.1,43.4,0,960.4,260,2.3,3.5,0,0,0,0,0,0,0,317,0,18,97
WAE,2019,9,4,21,17.7,65.1,13.2,11.1,8.67,13.8,39.8,0,960.5,239,2.4,3.8,0,0,0,0,0,0,0,316,0,18,97
WAE,2019,9,4,22,16.9,67.2,12.9,10.8,8.47,13.3,38.4,0,960.3,208,2.4,4.9,0,0,0,0,0,0,0,326,23,18,97
WAE,2019,9,4,23,16.8,66.9,12.7,10.6,8.34,13.2,38,0,960.2,220,1,2.1,0,0,0,0,0,0,0,338,53,18,97
WAE,2019,9,5,0,15.1,73.9,12.7,10.5,8.34,12.4,36.3,0,960.1,203,0.8,2.5,0,0,0,0,0,0,0,335,33,18,97
WAE,2019,9,5,1,14.9,72.5,12.3,10,8.08,12.1,35.4,0,959.7,243,0.6,2.1,0,0,0,0,0,0,0,331,23,17,97
WAE,2019,9,5,2,15.1,70.4,12.1,9.8,7.94,12.1,35.3,0,959.9,288,1.7,3.7,0,0,0,0,0,0,0,331,19,17,97
WAE,2019,9,5,3,15.6,78.7,13.9,11.9,9.14,13.4,38.8,0,959.9,228,2.6,5.1,0,0,0,0,0,0,0,346,44,17,97
WAE,2019,9,5,4,15.7,83.8,14.9,13,9.8,14.1,40.6,0,960.2,304,1,2.2,0,0,0,0,0,0,0,358,75,17,97
WAE,2019,9,5,5,15.3,83.1,14.4,12.5,9.47,13.6,39.3,0,960.7,279,2.1,4.3,0,0,0,0,0,0,0,356,55,17,97
WAE,2019,9,5,6,15.2,75.5,13.1,10.9,8.59,12.7,37,0,961.2,287,2.2,4.1,53,136,29,18,155,23,16,352,63,17,97
WAE,2019,9,5,7,15.5,71.4,12.6,10.4,8.26,12.6,36.5,0,961.9,301,2.6,4.2,241,579,74,41,622,151,41,341,43,17,97
WAE,2019,9,5,8,16.3,68.1,12.6,10.4,8.25,12.9,37.3,0,962.3,322,1.5,3.8,348,399,164,85,465,263,84,352,64,17,97
WAE,2019,9,5,9,16.3,69.5,12.9,10.7,8.45,13,37.8,0,962.5,336,1.4,3.3,319,156,233,127,269,216,122,369,88,17,97
WAE,2019,9,5,10,15.6,75.3,13.3,11.2,8.71,13,37.7,0.2,962.9,305,2.9,6.6,93,1,92,53,54,50,51,372,100,17,97
WAE,2019,9,5,11,14.7,82.8,13.9,11.8,9.11,13,37.8,0,963.2,317,4.2,8.3,38,0,38,22,22,20,21,373,100,17,97
WAE,2019,9,5,12,14.2,88.7,14.4,12.4,9.44,13.1,38.1,1.9,963.5,317,2.5,6.6,39,0,39,22,22,21,21,373,100,17,97
WAE,2019,9,5,13,13.9,86.7,13.7,11.7,8.97,12.6,36.6,0.3,964,325,2.7,6.4,37,0,37,21,21,20,20,372,100,17,97
WAE,2019,9,5,14,13.4,84,12.9,10.8,8.43,11.9,34.8,0.1,964.5,315,2,6.8,42,0,42,24,24,23,23,371,100,17,97
WAE,2019,9,5,15,13.2,88.5,13.4,11.3,8.76,12.1,35.4,0.3,964.9,184,1.5,3.3,27,0,27,15,15,14,15,369,100,17,97
WAE,2019,9,5,16,12.9,90.5,13.5,11.4,8.82,12,35.2,1.1,965.3,180,1.7,3.2,23,0,23,13,13,12,13,367,100,17,97
WAE,2019,9,5,17,12.6,89.1,13,10.9,8.49,11.6,34.1,0.4,965.8,180,1.5,3.6,15,0,15,9,9,8,8,365,100,17,97
WAE,2019,9,5,18,12.1,91.7,12.9,10.8,8.42,11.4,33.4,0.4,966.1,144,1.4,2.8,2,0,2,1,1,1,1,364,100,17,97
WAE,2019,9,5,19,11.9,93.5,13.1,10.9,8.55,11.3,33.5,0.1,966.6,141,0.8,3.6,0,0,0,0,0,0,0,362,100,17,97
WAE,2019,9,5,20,12.3,91.1,13,10.9,8.48,11.5,33.8,0,966.6,118,2.2,4.9,0,0,0,0,0,0,0,361,100,17,97
WAE,2019,9,5,21,11.9,87.7,12.2,9.9,7.95,10.8,32,0,966.6,129,1.4,3.1,0,0,0,0,0,0,0,360,100,17,97
WAE,2019,9,5,22,11.7,88.6,12.2,9.9,7.95,10.7,31.8,0,966.6,129,1.5,3.5,0,0,0,0,0,0,0,358,100,17,97
WAE,2019,9,5,23,11.6,86.5,11.8,9.4,7.69,10.4,31,0,966.6,125,1.6,3.5,0,0,0,0,0,0,0,357,100,17,97
WAE,2019,9,6,0,11.4,90.9,12.2,10,7.96,10.6,31.5,0.2,966.1,153,1,2.3,0,0,0,0,0,0,0,356,100,17,97
WAE,2019,9,6,1,11.4,90,12.2,9.8,7.96,10.5,31.5,0.1,965.8,132,1.5,4.6,0,0,0,0,0,0,0,355,100,17,97
WAE,2019,9,6,2,11.1,92.1,12.2,9.9,7.96,10.4,31.2,1.1,965.5,125,1.7,4.6,0,0,0,0,0,0,0,356,100,17,97
WAE,2019,9,6,3,10.8,91.3,11.8,9.4,7.7,10,30.3,0.3,965.1,120,1.8,5,0,0,0,0,0,0,0,356,100,17,97
WAE,2019,9,6,4,10.6,90.1,11.5,9,7.5,9.7,29.6,0,965,152,1.7,3,0,0,0,0,0,0,0,356,100,17,97
WAE,2019,9,6,5,10.8,90.7,11.7,9.3,7.63,10,30.1,0.4,965.2,163,1.4,2.6,0,0,0,0,0,0,0,356,100,17,97
WAE,2019,9,6,6,10.9,93.3,12.1,9.9,7.9,10.3,30.9,0.1,965.3,173,0.9,1.6,4,0,4,2,2,2,2,356,100,17,97
WAE,2019,9,6,7,11.3,90.6,12.1,9.8,7.9,10.5,31.3,0,965.1,187,0.8,1.6,22,0,22,13,13,12,12,357,100,17,97
WAE,2019,9,6,8,11.9,84.4,11.7,9.4,7.63,10.5,31.2,0,965.1,202,0.6,1.2,157,23,146,83,104,90,79,358,100,17,97
WAE,2019,9,6,9,12.1,86.4,12.2,9.9,7.96,10.9,32.2,0,965.3,108,0.7,2.5,215,9,209,120,127,119,114,360,100,17,97
WAE,2019,9,6,10,12.5,88.6,12.9,10.7,8.43,11.5,33.8,0,965.1,27,2.2,5.3,241,5,238,137,139,132,130,362,100,17,97
WAE,2019,9,6,11,12.8,85.3,12.6,10.4,8.23,11.4,33.6,0,964.8,26,3.1,5.4,207,0,207,119,118,111,113,363,100,17,97
WAE,2019,9,6,12,13.7,82.5,12.9,10.8,8.43,12,35.1,0,964.8,41,3,5.5,176,0,176,101,100,94,96,365,100,17,97
WAE,2019,9,6,13,13.7,79.4,12.5,10.2,8.17,11.7,34.4,0,964.6,65,1.6,3.5,128,0,128,73,73,69,70,366,100,17,97
WAE,2019,9,6,14,13.7,80,12.5,10.3,8.17,11.8,34.4,0,964.4,43,1.9,4.4,63,0,63,36,36,34,35,366,100,17,97
WAE,2019,9,6,15,13.5,78.3,12.1,9.8,7.9,11.4,33.5,0,964.5,49,1.3,3.3,35,0,35,20,20,19,19,366,100,17,97
WAE,2019,9,6,16,13.2,80.7,12.3,10,8.04,11.4,33.6,0,964.4,191,1.9,4.1,29,0,29,17,17,16,16,366,100,17,97
WAE,2019,9,6,17,13.3,83.1,12.7,10.5,8.3,11.7,34.3,0,964.4,209,1.4,3.7,14,0,14,8,8,8,8,366,100,17,97
WAE,2019,9,6,18,12.6,90,13.1,11,8.56,11.7,34.3,0.2,964.7,236,1,3.5,9,0,9,5,5,5,5,365,100,17,97
WAE,2019,9,6,19,12.1,93.7,13.2,11.1,8.63,11.5,33.9,0.8,965,218,1.2,2.6,0,0,0,0,0,0,0,365,100,17,97
WAE,2019,9,6,20,12,95.1,13.3,11.2,8.69,11.5,34,1.2,965.1,234,1.1,2.5,0,0,0,0,0,0,0,364,100,17,97
WAE,2019,9,6,21,12,94.5,13.3,11.1,8.69,11.5,34,0.5,964.9,229,1.9,3.1,0,0,0,0,0,0,0,364,100,17,97
WAE,2019,9,6,22,12,94.7,13.2,11.2,8.63,11.5,33.8,1.4,964.7,235,2,3.6,0,0,0,0,0,0,0,363,100,17,97
WAE,2019,9,6,23,11.9,94.6,13.1,11.1,8.57,11.4,33.6,0.7,964.4,227,3.4,4.9,0,0,0,0,0,0,0,363,100,17,97
WAE,2019,9,7,0,11.9,93.5,13,10.9,8.5,11.3,33.4,0,964.2,232,3.4,4.9,0,0,0,0,0,0,0,362,100,17,97
WAE,2019,9,7,1,12,92.4,13,10.8,8.5,11.3,33.5,0.1,963.9,221,3.3,4.3,0,0,0,0,0,0,0,362,100,18,97
WAE,2019,9,7,2,12,92.3,13,10.8,8.51,11.3,33.5,0.1,963.7,222,2.8,4.3,0,0,0,0,0,0,0,361,100,18,97
WAE,2019,9,7,3,12,91.9,12.9,10.7,8.44,11.3,33.4,0,963.5,224,3.4,4.1,0,0,0,0,0,0,0,361,100,18,97
WAE,2019,9,7,4,12.2,88.8,12.6,10.4,8.24,11.2,33.1,0,963.4,220,2.6,4.5,0,0,0,0,0,0,0,361,100,18,97
WAE,2019,9,7,5,12,91.7,12.9,10.7,8.44,11.3,33.4,0,963.4,159,1.4,2.5,0,0,0,0,0,0,0,360,100,18,97
WAE,2019,9,7,6,12,92.3,12.9,10.8,8.44,11.3,33.4,0,963.5,180,0.6,3.1,14,0,14,8,8,8,8,360,100,18,97
WAE,2019,9,7,7,12.7,89.1,13.1,11,8.57,11.7,34.4,0,963.6,135,0.8,1.6,53,3,52,30,33,29,29,360,100,18,97
WAE,2019,9,7,8,12.9,89.9,13.3,11.3,8.7,12,34.9,0,964,131,0.9,2.6,98,1,98,56,57,53,54,362,100,18,97
WAE,2019,9,7,9,13.3,88,13.5,11.4,8.84,12.2,35.7,0,963.8,104,1.3,2.9,249,25,234,134,155,143,128,364,100,18,97
WAE,2019,9,7,10,14.2,82.8,13.4,11.3,8.77,12.5,36.4,0,963.6,84,2.1,3.9,354,67,308,174,222,219,166,366,100,18,97
WAE,2019,9,7,11,14.7,79.5,13.3,11.2,8.71,12.7,36.8,0,963.2,97,2.4,4.3,317,18,304,175,182,180,167,367,100,18,97
WAE,2019,9,7,12,15.4,77.5,13.5,11.5,8.85,13.1,37.9,0,962.7,88,2.5,5.1,621,443,288,151,162,531,266,361,78,18,97
WAE,2019,9,7,13,16.5,73.1,13.7,11.7,8.99,13.6,39.3,0,962.1,86,3.2,5.3,526,357,265,141,141,436,301,353,81,18,97
WAE,2019,9,7,14,16.3,65.5,12.1,9.8,7.93,12.6,36.4,0,961.7,139,1.7,4.3,253,161,154,85,84,190,208,365,84,18,97
WAE,2019,9,7,15,17.1,59.2,11.6,9.1,7.6,12.5,36.4,0,961.5,65,1.5,3.1,404,405,198,109,109,315,466,348,56,18,97
WAE,2019,9,7,16,17.1,63.3,12.3,10.1,8.06,13,37.6,0,961.5,98,2.2,3.6,361,749,69,46,47,287,749,335,33,18,97
WAE,2019,9,7,17,16.4,66.5,12.4,10.1,8.13,12.8,37.1,0,961.3,122,1.3,3.5,167,412,74,39,39,100,462,339,55,18,97
WAE,2019,9,7,18,14.6,74,12.2,10,7.99,12,34.9,0,961.4,132,1.6,3.3,27,98,16,16,9,9,110,341,56,18,97
WAE,2019,9,7,19,12.9,84.3,12.6,10.3,8.26,11.4,33.8,0,961.7,169,1.1,2.3,0,0,0,0,0,0,0,355,84,18,97
WAE,2019,9,7,20,12.4,81,11.6,9.2,7.59,10.6,31.6,0,961.6,175,1.4,3.9,0,0,0,0,0,0,0,362,100,18,97
WAE,2019,9,7,21,12.6,77,11.2,8.7,7.33,10.5,31.2,0,961.4,164,2,4.8,0,0,0,0,0,0,0,361,100,18,97
WAE,2019,9,7,22,13.6,72.7,11.3,8.8,7.39,10.9,32.3,0,961.9,296,3,7.1,0,0,0,0,0,0,0,360,100,18,97
WAE,2019,9,7,23,12.7,80,11.7,9.3,7.66,10.8,32.1,0,961.5,264,1.9,4.1,0,0,0,0,0,0,0,359,100,18,97
WAE,2019,9,8,0,12.5,80.8,11.7,9.3,7.66,10.7,31.9,0,961.3,232,1.9,3.3,0,0,0,0,0,0,0,357,100,18,97
WAE,2019,9,8,1,12.6,77.3,11.3,8.7,7.4,10.5,31.3,0,961.1,250,3.4,6,0,0,0,0,0,0,0,356,100,18,97
WAE,2019,9,8,2,12.5,77.8,11.3,8.7,7.4,10.4,31.3,0,960.5,282,2,4.8,0,0,0,0,0,0,0,356,100,18,97
WAE,2019,9,8,3,12,82.5,11.5,9.1,7.54,10.4,31.1,0,960.3,279,1.9,3.3,0,0,0,0,0,0,0,355,100,18,97
WAE,2019,9,8,4,11.4,88.3,11.8,9.5,7.73,10.3,31,0.8,960.7,273,2,4.1,0,0,0,0,0,0,0,354,100,18,97
WAE,2019,9,8,5,9.7,90.7,10.9,8.3,7.14,9,27.7,4.9,960.2,239,4,7,0,0,0,0,0,0,0,353,100,18,97
WAE,2019,9,8,6,9.5,92.2,10.9,8.3,7.14,8.9,27.5,2,960.9,209,2,4.1,8,0,8,4,4,4,4,352,100,18,97
WAE,2019,9,8,7,9.7,92.1,11.1,8.5,7.27,9.1,28.1,1.2,960.6,104,0.5,1.5,43,0,43,25,25,24,24,352,100,18,97
WAE,2019,9,8,8,10.1,88,10.9,8.2,7.14,9.1,28.1,0.5,960.7,180,0.2,1,71,0,71,41,41,38,39,353,100,18,97
WAE,2019,9,8,9,10.1,92,11.4,8.9,7.47,9.4,29,1.3,960.9,121,0.6,1.7,66,0,66,38,38,36,37,354,100,18,97
WAE,2019,9,8,10,10.4,93.6,11.8,9.4,7.73,9.8,29.9,1.6,960.7,63,0.3,1.3,97,0,97,56,56,53,54,355,100,18,97
WAE,2019,9,8,11,10.9,88.1,11.5,9,7.54,9.9,30,0.9,960.2,304,0.7,2.5,135,0,135,78,78,73,75,355,100,18,97
WAE,2019,9,8,12,11.1,90.4,12,9.6,7.87,10.3,31,0.3,960.1,76,1.5,4.1,93,0,93,54,53,50,51,356,100,18,97
WAE,2019,9,8,13,11.4,83.5,11.2,8.7,7.34,9.9,30,0.8,960,237,2.1,4,98,0,98,57,56,53,54,356,100,18,97
WAE,2019,9,8,14,11.5,83.2,11.3,8.8,7.41,10,30.2,0.5,960,247,2.1,5.9,92,0,92,53,53,50,51,356,100,18,97
WAE,2019,9,8,15,11,86.2,11.3,8.8,7.41,9.8,29.7,0.4,960,242,2,5.3,113,8,109,63,62,63,68,355,100,18,97
WAE,2019,9,8,16,10.5,86.6,11,8.4,7.21,9.4,28.7,0.6,960,233,3.8,6.9,63,0,63,37,36,34,35,355,100,18,97
WAE,2019,9,8,17,10.4,87.9,11.1,8.5,7.27,9.4,28.8,0.4,960.2,237,3.2,5.8,10,0,10,6,6,6,6,354,100,18,97
WAE,2019,9,8,18,10.1,88.5,10.9,8.3,7.14,9.1,28.1,0.9,960.5,236,5,7.4,2,0,2,1,1,1,1,354,100,18,97
WAE,2019,9,8,19,9.9,90.3,11,8.4,7.2,9.1,28.1,2.1,960.8,234,5.1,8.2,0,0,0,0,0,0,0,353,100,18,97
WAE,2019,9,8,20,9.9,91,11.1,8.5,7.27,9.1,28.3,2,961,232,4.9,7.5,0,0,0,0,0,0,0,353,100,18,97
WAE,2019,9,8,21,9.8,88.8,10.8,8,7.07,8.8,27.7,1.5,960.8,240,3.9,7.2,0,0,0,0,0,0,0,352,100,18,97
WAE,2019,9,8,22,10,87.8,10.8,8.1,7.07,9,27.9,0.1,960.8,240,4.5,8.6,0,0,0,0,0,0,0,351,100,18,97
WAE,2019,9,8,23,10,89.9,11,8.4,7.2,9.1,28.2,0.3,960.7,266,1.9,6.9,0,0,0,0,0,0,0,351,100,18,97
WAE,2019,9,9,0,10.2,86.4,10.7,8,7.01,9,27.9,0.1,960.7,242,5.5,9.6,0,0,0,0,0,0,0,350,100,18,97
WAE,2019,9,9,1,9.9,89.7,10.9,8.3,7.14,9,27.9,0.7,960.5,247,4.8,8.3,0,0,0,0,0,0,0,350,100,18,97
WAE,2019,9,9,2,10.1,87.2,10.8,8.1,7.07,9,28,0,960.6,245,4.5,8.1,0,0,0,0,0,0,0,349,100,18,97
WAE,2019,9,9,3,10.3,87.8,11,8.4,7.21,9.3,28.5,0,960.5,249,3.3,7.5,0,0,0,0,0,0,0,349,100,18,97
WAE,2019,9,9,4,10.4,84.6,10.7,7.9,7.01,9.1,28.1,0,960.6,248,3.5,7.2,0,0,0,0,0,0,0,349,100,18,97
WAE,2019,9,9,5,10.4,84.3,10.6,7.9,6.94,9.1,27.9,0,961,250,3.3,5.7,0,0,0,0,0,0,0,349,100,18,97
WAE,2019,9,9,6,10.3,86.5,10.8,8.1,7.07,9.1,28.2,0,960.9,265,1.4,4.1,26,10,24,14,24,14,13,348,100,18,97
WAE,2019,9,9,7,10.7,82,10.5,7.8,6.87,9.2,28.1,0,960.7,252,2.7,6.3,205,363,97,52,421,145,51,349,80,18,97
WAE,2019,9,9,8,11.5,77.5,10.5,7.7,6.87,9.5,28.9,0,960.7,272,2.6,5.9,332,386,171,92,467,255,90,334,61,18,97
WAE,2019,9,9,9,13,68.9,10.3,7.4,6.74,10,30.1,0,960.9,255,2.5,6.2,541,715,137,80,639,496,82,330,50,18,97
WAE,2019,9,9,10,13.2,64,9.7,6.5,6.34,9.7,29.3,0,960.6,287,2.6,4.8,481,385,231,134,381,395,131,337,65,18,97
WAE,2019,9,9,11,14.3,59.9,9.8,6.6,6.42,10.2,30.6,0,959.9,27,2,3.6,543,346,291,162,302,443,158,359,81,18,97
WAE,2019,9,9,12,14.4,60.4,9.9,6.8,6.48,10.3,30.9,0,959.6,42,1.5,3.3,470,148,359,198,203,330,235,361,100,18,97
WAE,2019,9,9,13,14.7,56.6,9.5,6.2,6.22,10.2,30.5,0,959.1,50,1,2.6,426,113,346,192,191,285,253,363,100,18,97
WAE,2019,9,9,14,15.6,53.9,9.6,6.3,6.29,10.6,31.6,0,958.5,59,1.3,2.8,398,283,225,125,125,313,336,349,78,18,97
WAE,2019,9,9,15,15.9,53.2,9.6,6.4,6.3,10.8,31.9,0,958.1,95,1.3,2.9,514,788,105,69,69,468,718,330,44,18,97
WAE,2019,9,9,16,15.6,52.1,9.3,5.8,6.1,10.4,31.1,0,958.1,135,0.7,2,319,523,118,66,66,254,569,335,63,18,97
WAE,2019,9,9,17,15,57.5,9.8,6.7,6.43,10.5,31.3,0,958.1,153,0.9,1.7,144,286,80,43,43,91,338,340,81,18,97
WAE,2019,9,9,18,12.6,71,10.4,7.5,6.83,9.9,29.9,0,958.2,194,1.2,2.7,16,18,14,9,8,8,26,348,88,18,97
WAE,2019,9,9,19,12.2,71.9,10.2,7.3,6.69,9.6,29.1,0,958.4,196,1.8,2.8,0,0,0,0,0,0,0,356,100,18,97
WAE,2019,9,9,20,12.1,75,10.6,7.8,6.95,9.8,29.7,0,958.7,167,1.4,2.2,0,0,0,0,0,0,0,355,100,18,97
WAE,2019,9,9,21,12.4,71.5,10.3,7.4,6.76,9.7,29.5,0,958.5,153,2.2,3.8,0,0,0,0,0,0,0,354,100,18,97
WAE,2019,9,9,22,12.1,74.7,10.5,7.7,6.89,9.7,29.5,0,958.5,133,1.7,3.9,0,0,0,0,0,0,0,348,94,18,97
WAE,2019,9,9,23,11,83.1,10.9,8.2,7.15,9.5,29.1,0,958.5,156,1.3,2.5,0,0,0,0,0,0,0,347,94,18,97
WAE,2019,9,10,0,10.6,84.2,10.7,8,7.02,9.2,28.3,0,958.5,163,1,2.5,0,0,0,0,0,0,0,350,100,18,97
WAE,2019,9,10,1,10.9,79.4,10.3,7.5,6.76,9.1,28,0,958.7,160,1.5,3.1,0,0,0,0,0,0,0,349,100,21,97
WAE,2019,9,10,2,10.5,83.5,10.6,7.8,6.95,9.1,28.1,0,958.6,160,1.3,2.5,0,0,0,0,0,0,0,345,94,21,97
WAE,2019,9,10,3,10.8,80.8,10.5,7.6,6.89,9.1,28.2,0,958.3,177,2,3.4,0,0,0,0,0,0,0,349,100,21,97
WAE,2019,9,10,4,10.5,85.8,10.8,8.2,7.09,9.3,28.4,0,958.3,174,0.9,2.6,0,0,0,0,0,0,0,349,100,21,97
WAE,2019,9,10,5,10.2,89.4,11.1,8.5,7.29,9.3,28.6,0,958.5,141,1.5,2.9,0,0,0,0,0,0,0,342,88,21,97
WAE,2019,9,10,6,10.9,89.4,11.7,9.2,7.69,10,30.3,0,958.6,121,1.2,2.7,32,32,26,15,49,18,15,349,94,21,97
WAE,2019,9,10,7,11.7,85.8,11.7,9.4,7.68,10.4,31.1,0,958.8,96,1,2.4,203,377,98,54,440,147,54,339,74,21,97
WAE,2019,9,10,8,12.5,79.5,11.5,9.1,7.55,10.6,31.6,0,959,72,1.3,3.3,386,629,110,68,642,339,69,322,38,21,97
WAE,2019,9,10,9,13.8,73.7,11.6,9.2,7.61,11.2,33.1,0,959.3,72,1.4,2.6,592,884,91,76,731,570,79,313,36,21,97
WAE,2019,9,10,10,14.7,70.2,11.8,9.3,7.75,11.7,34.4,0,959.4,30,1,2.6,665,817,122,92,547,655,95,334,40,21,97
WAE,2019,9,10,11,16.3,66.6,12.4,10.1,8.15,12.7,37,0,959.3,40,0.9,2.3,723,808,137,101,353,722,105,349,55,21,97
WAE,2019,9,10,12,17.7,61,12.3,10.1,8.08,13.3,38.3,0,959.6,342,1,2.5,657,535,261,142,179,612,256,373,88,21,97
WAE,2019,9,10,13,18.8,55.2,12,9.6,7.88,13.5,38.9,0,959.7,329,1.5,3.5,696,780,144,102,102,689,424,363,71,21,97
WAE,2019,9,10,14,19.4,54,12.1,9.9,7.94,13.8,39.7,0,959.5,306,1.7,4.8,599,705,153,96,96,577,565,358,55,21,97
WAE,2019,9,10,15,19.8,53.9,12.4,10.2,8.14,14.1,40.6,0,959.5,22,2,4.5,482,706,116,76,76,449,663,353,41,21,97
WAE,2019,9,10,16,19.6,54,12.3,10,8.07,14,40.2,0,959.9,27,3,5.5,338,712,72,51,51,291,723,339,25,21,97
WAE,2019,9,10,17,18.7,58,12.5,10.3,8.2,13.8,39.6,0,960.3,35,3.2,5.4,167,538,53,32,32,110,578,339,33,21,97
WAE,2019,9,10,18,16.8,67,12.7,10.6,8.33,13.2,38,0,960.9,43,2,4.5,10,0,10,7,7,7,7,342,6,21,97
WAE,2019,9,10,19,14.9,76.9,13,10.9,8.52,12.6,36.5,0,961.6,146,0.5,1.9,0,0,0,0,0,0,0,333,6,21,97
WAE,2019,9,10,20,14,80,12.8,10.6,8.39,12,35.3,0,962.3,252,0.4,1.1,0,0,0,0,0,0,0,348,53,21,97
WAE,2019,9,10,21,13.5,81.9,12.7,10.5,8.32,11.8,34.6,0,962.6,188,0.8,2,0,0,0,0,0,0,0,353,75,21,97
WAE,2019,9,10,22,13.2,83.5,12.6,10.5,8.25,11.7,34.1,0,962.6,247,0.9,1.6,0,0,0,0,0,0,0,364,94,21,97
WAE,2019,9,10,23,13,83.6,12.5,10.3,8.18,11.5,33.7,0,962.8,247,1.7,2.6,0,0,0,0,0,0,0,361,100,21,97
WAE,2019,9,11,0,12.5,84.4,12.3,9.9,8.04,11,32.9,0,963.3,270,1.5,4.1,0,0,0,0,0,0,0,352,78,21,97
WAE,2019,9,11,1,12.9,81.7,12.1,9.8,7.91,11.2,32.9,0,963.8,268,2.5,4.2,0,0,0,0,0,0,0,357,100,22,97
WAE,2019,9,11,2,12.3,83.2,11.9,9.5,7.77,10.7,32,0,964,257,1.9,3.1,0,0,0,0,0,0,0,353,94,22,97
WAE,2019,9,11,3,11.4,86.3,11.6,9.2,7.58,10.2,30.6,0,964.1,257,1.8,3.7,0,0,0,0,0,0,0,322,41,22,97
WAE,2019,9,11,4,10.8,88.8,11.5,9,7.5,9.8,29.8,0,964.8,242,1.5,3,0,0,0,0,0,0,0,304,13,22,97
WAE,2019,9,11,5,10.5,91,11.5,9.1,7.5,9.7,29.4,0,965.5,256,1.3,2.5,0,0,0,0,0,0,0,295,0,22,97
WAE,2019,9,11,6,11,89.4,11.7,9.3,7.62,10.1,30.3,0,966.2,239,1.2,2.3,57,213,29,19,235,29,16,294,0,22,97
WAE,2019,9,11,7,12.8,82.1,12.1,9.8,7.88,11.1,32.8,0,966.7,288,0.7,1.4,226,590,67,42,632,175,42,294,0,22,97
WAE,2019,9,11,8,14,78.8,12.6,10.4,8.21,11.9,34.8,0,966.9,50,0.9,2.5,414,768,83,61,753,380,63,302,0,22,97
WAE,2019,9,11,9,14.7,78.7,13.2,11,8.61,12.5,36.5,0,967.2,48,1.3,2.8,591,877,97,80,733,580,83,305,0,22,97
WAE,2019,9,11,10,15.5,76,13.4,11.3,8.74,13,37.7,0,967.3,52,1.3,2.6,666,804,136,99,556,664,102,305,0,22,97
WAE,2019,9,11,11,16.8,71.4,13.7,11.6,8.94,13.7,39.5,0,967.4,35,1.3,2.4,743,867,117,102,354,757,106,317,6,22,97
WAE,2019,9,11,12,18.4,66,14,11.9,9.13,14.5,41.7,0,967.4,38,1.2,2.5,796,939,107,101,130,821,229,335,0,22,97
WAE,2019,9,11,13,19.2,63.3,14,12.1,9.13,14.9,42.5,0,967.3,50,1.6,3,705,811,135,102,103,713,437,338,19,22,97
WAE,2019,9,11,14,20,61,14.3,12.3,9.33,15.3,43.8,0,967.3,356,1.9,4,519,495,202,121,121,475,445,353,45,22,97
WAE,2019,9,11,15,20.2,57.1,13.5,11.4,8.8,14.9,42.6,0,967.8,305,2.5,4.2,202,33,185,109,108,125,135,384,100,22,97
WAE,2019,9,11,16,19.6,57.2,13.1,10.9,8.53,14.4,41.3,0,968.6,308,2.5,5.7,141,42,124,73,73,88,113,383,100,22,97
WAE,2019,9,11,17,18.5,60.5,12.9,10.7,8.39,13.9,39.9,0,969.3,300,2.9,6,65,18,62,37,37,37,54,382,100,22,97
WAE,2019,9,11,18,17.5,63.1,12.6,10.4,8.19,13.4,38.3,0,969.9,261,2.1,3.7,10,0,10,6,6,6,6,381,100,22,97
WAE,2019,9,11,19,16.7,69,13.1,11,8.51,13.3,38.3,0,970.9,221,2.2,3.2,0,0,0,0,0,0,0,376,94,22,97
WAE,2019,9,11,20,16.3,68.2,12.6,10.4,8.18,12.9,37.1,0,971.2,220,3,3.8,0,0,0,0,0,0,0,378,100,22,97
WAE,2019,9,11,21,15.7,71.2,12.7,10.5,8.24,12.7,36.6,0,971.2,216,2.7,3.8,0,0,0,0,0,0,0,369,88,22,97
WAE,2019,9,11,22,15.3,73.6,12.8,10.6,8.31,12.6,36.4,0,971.4,252,0.9,2.6,0,0,0,0,0,0,0,373,100,22,97
WAE,2019,9,11,23,15,76.9,13.1,11,8.5,12.7,36.6,0,971.6,220,0.8,1.8,0,0,0,0,0,0,0,365,88,22,97
WAE,2019,9,12,0,14.8,77.3,13,10.9,8.43,12.5,36.2,0,972,261,0.7,1.2,0,0,0,0,0,0,0,370,100,22,97
WAE,2019,9,12,1,14.2,82,13.3,11.2,8.63,12.5,36.1,0,972.3,233,0.7,1.4,0,0,0,0,0,0,0,344,63,18,97
WAE,2019,9,12,2,14,83,13.3,11.2,8.62,12.4,35.9,0,972.7,225,0.4,1.3,0,0,0,0,0,0,0,349,71,18,97
WAE,2019,9,12,3,13.9,83.6,13.2,11.2,8.56,12.3,35.6,0,972.5,243,0.6,1.7,0,0,0,0,0,0,0,353,70,18,97
WAE,2019,9,12,4,13,83.9,12.6,10.3,8.16,11.5,33.7,0,972.8,233,1.1,1.7,0,0,0,0,0,0,0,329,25,18,97
WAE,2019,9,12,5,12.7,83,12.2,9.9,7.9,11.1,32.7,0,973.2,211,1.3,2.9,0,0,0,0,0,0,0,307,0,18,97
WAE,2019,9,12,6,13,84.2,12.6,10.4,8.16,11.5,33.7,0,973.4,225,1,2.2,59,261,26,17,281,29,14,305,0,18,97
WAE,2019,9,12,7,14.9,83,14.1,12,9.14,13.2,38.1,0,973.7,18,0.5,1.7,221,587,66,38,625,171,38,306,0,18,97
WAE,2019,9,12,8,15.8,84,15.1,13.1,9.79,14.2,40.7,0,974.3,53,1.1,2.1,402,754,79,53,726,367,54,309,13,18,97
WAE,2019,9,12,9,17.1,76.5,14.9,12.9,9.66,14.5,41.7,0,974.5,49,1.1,2.3,569,874,82,65,704,556,68,312,0,18,97
WAE,2019,9,12,10,18.5,65.5,14,11.9,9.06,14.5,41.6,0,974.8,40,0.9,2,646,785,132,85,526,639,87,315,13,18,97
WAE,2019,9,12,11,19.8,58,13.4,11.3,8.67,14.7,41.9,0,974.8,30,0.9,2.1,741,877,113,86,348,752,89,327,29,18,97
WAE,2019,9,12,12,20.5,55.6,13.5,11.3,8.74,15,42.8,0,974.4,38,1.2,2.9,730,825,128,90,124,738,204,348,39,18,97
WAE,2019,9,12,13,21.4,53.9,13.8,11.7,8.94,15.5,44.2,0,974.1,35,1.2,2.2,733,901,105,83,83,744,440,345,25,18,97
WAE,2019,9,12,14,22,47.8,12.6,10.4,8.15,15.1,42.8,0,973.9,36,1.4,3,608,795,114,78,78,600,580,324,19,18,97
WAE,2019,9,12,15,22.5,44.2,12,9.7,7.76,14.9,42.4,0,973.6,38,1.3,2.6,487,795,85,61,61,465,705,325,6,18,97
WAE,2019,9,12,16,22.3,46.7,12.6,10.4,8.16,15.2,43.2,0,973.5,20,1.2,2.2,329,703,74,46,47,289,711,326,0,18,97
WAE,2019,9,12,17,21.7,50,13,10.8,8.42,15.1,43.2,0,973.8,270,1.4,2.2,152,492,53,30,30,104,530,326,0,18,97
WAE,2019,9,12,18,19.6,60.7,13.8,11.8,8.94,14.9,42.4,0,974,223,3.2,5.3,9,0,9,6,6,6,6,327,0,18,97
WAE,2019,9,12,19,18.1,59.6,12.4,10.1,8.02,13.4,38.5,0,974.5,225,4.5,5.6,0,0,0,0,0,0,0,327,0,18,97
WAE,2019,9,12,20,17,62.8,12.1,9.9,7.82,12.9,36.9,0,974.8,220,1.6,5,0,0,0,0,0,0,0,324,0,18,97
WAE,2019,9,12,21,15.2,69.5,11.9,9.7,7.69,12.1,34.7,0,974.8,201,0.9,2.1,0,0,0,0,0,0,0,321,0,18,97
WAE,2019,9,12,22,14.4,73.3,12,9.7,7.75,11.7,34.1,0,974.9,180,0.9,2.8,0,0,0,0,0,0,0,319,0,18,97
WAE,2019,9,12,23,14.2,74.9,12.1,9.8,7.82,11.7,34,0,974.8,234,1,2.1,0,0,0,0,0,0,0,316,0,18,97
WAE,2019,9,13,0,13.7,77,12,9.7,7.75,11.4,33.4,0,974.7,162,1.3,3.2,0,0,0,0,0,0,0,314,0,18,97
WAE,2019,9,13,1,13.2,81.6,12.4,10.1,8.02,11.4,33.5,0,974.5,239,0.8,1.8,0,0,0,0,0,0,0,312,0,20,97
WAE,2019,9,13,2,13,80.2,12,9.7,7.76,11.1,32.6,0,974.4,256,0.9,2.1,0,0,0,0,0,0,0,310,0,20,97
WAE,2019,9,13,3,12.9,81.7,12.2,9.8,7.88,11.2,32.9,0,974.6,265,1.1,2,0,0,0,0,0,0,0,309,0,20,97
WAE,2019,9,13,4,12.2,89.3,12.7,10.5,8.21,11.2,33,0,974.7,169,0.5,1.6,0,0,0,0,0,0,0,308,0,20,97
WAE,2019,9,13,5,12.6,87,12.7,10.5,8.21,11.4,33.4,0,975.2,149,1.3,2.9,0,0,0,0,0,0,0,306,0,20,97
WAE,2019,9,13,6,13,88,13.2,11.1,8.54,11.9,34.6,0,975.1,166,0.8,1.6,56,236,26,16,255,30,15,309,0,20,97
WAE,2019,9,13,7,15,82.7,14.1,12.1,9.13,13.3,38.2,0,975,126,1,2.2,218,574,67,40,614,177,40,306,0,20,97
WAE,2019,9,13,8,15.6,88,15.6,13.6,10.11,14.4,41.3,0,975.2,56,0.8,2.2,399,762,77,56,737,377,58,310,0,20,97
WAE,2019,9,13,9,17.3,79,15.6,13.6,10.11,15,43,0,975.3,50,1,2.2,566,871,83,71,708,567,74,315,19,20,97
WAE,2019,9,13,10,19,70.9,15.5,13.6,10.05,15.6,44.6,0,975,54,1,2.3,660,865,94,83,539,677,86,319,19,20,97
WAE,2019,9,13,11,20.2,67.2,15.9,13.9,10.32,16.2,46.5,0,974.4,49,0.9,2,723,857,114,93,351,748,97,344,29,20,97
WAE,2019,9,13,12,21.1,61.8,15.4,13.5,9.99,16.3,46.6,0,974,50,0.8,1.8,756,916,93,91,119,791,207,342,25,20,97
WAE,2019,9,13,13,22.6,57,15.6,13.7,10.13,17,48.5,0,973.6,18,0.8,1.7,698,850,110,90,91,721,432,332,6,20,97
WAE,2019,9,13,14,23.8,52.4,15.5,13.5,10.07,17.3,49.6,0,973.3,360,0.8,2.5,613,838,96,80,80,623,601,333,19,20,97
WAE,2019,9,13,15,24.6,48.1,14.9,12.9,9.67,17.2,49.4,0,973.1,294,1.5,3.6,477,768,92,67,67,467,694,334,6,20,97
WAE,2019,9,13,16,24.5,48.3,14.9,12.9,9.67,17.2,49.3,0,972.9,311,1.2,2.5,320,702,69,48,48,291,711,335,0,20,97
WAE,2019,9,13,17,23.5,53,15.3,13.4,9.94,17.1,48.9,0,972.8,281,1,1.9,149,514,48,29,29,108,549,336,0,20,97
WAE,2019,9,13,18,20.8,65.1,15.9,14,10.33,16.5,47.2,0,972.9,261,1.3,2.2,6,0,6,4,4,4,4,337,0,20,97
WAE,2019,9,13,19,19.3,68.9,15.5,13.5,10.07,15.7,44.9,0,973.2,236,1.2,2.4,0,0,0,0,0,0,0,337,0,20,97
WAE,2019,9,13,20,17.7,76.1,15.4,13.4,10,15.1,43.1,0,973.2,198,0.6,2,0,0,0,0,0,0,0,340,6,20,97
WAE,2019,9,13,21,17.4,77.5,15.4,13.4,10,14.9,42.8,0,973.4,165,2.3,5.1,0,0,0,0,0,0,0,355,36,20,97
WAE,2019,9,13,22,16.7,82.1,15.6,13.6,10.13,14.8,42.4,0,973.5,315,1,2,0,0,0,0,0,0,0,349,20,20,97
WAE,2019,9,13,23,16.5,82.5,15.5,13.5,10.06,14.7,42.1,0,973.5,229,1.3,3.5,0,0,0,0,0,0,0,333,0,20,97
WAE,2019,9,14,0,15.4,88.1,15.4,13.4,10,14.2,40.8,0,973.5,207,0.8,2.6,0,0,0,0,0,0,0,332,0,20,97
WAE,2019,9,14,1,15.2,88.4,15.3,13.3,9.93,14,40.4,0,973.2,256,1,2.2,0,0,0,0,0,0,0,331,0,21,97
WAE,2019,9,14,2,15.1,88.8,15.2,13.3,9.87,14,40.1,0,972.8,232,1.2,2.1,0,0,0,0,0,0,0,331,0,21,97
WAE,2019,9,14,3,14.7,90.8,15.2,13.2,9.88,13.8,39.7,0,972.4,237,1.7,2.4,0,0,0,0,0,0,0,330,0,21,97
WAE,2019,9,14,4,14.5,92.2,15.2,13.2,9.88,13.7,39.5,0,972.4,252,1.9,3,0,0,0,0,0,0,0,329,0,21,97
WAE,2019,9,14,5,14,93.7,14.9,13,9.68,13.4,38.5,0,972.5,270,1.4,2.2,0,0,0,0,0,0,0,328,0,21,97
WAE,2019,9,14,6,14.6,91.9,15.2,13.3,9.87,13.8,39.6,0,972.8,256,1.3,1.9,22,6,21,13,19,12,12,334,35,21,97
WAE,2019,9,14,7,15.7,89.7,16,14,10.39,14.7,42.1,0,973.4,292,1.1,2.3,99,22,93,55,77,59,53,363,88,21,97
WAE,2019,9,14,8,16.2,86.8,16,14,10.39,14.8,42.6,0,973.6,291,0.9,2.4,206,60,179,105,163,132,101,376,100,21,97
WAE,2019,9,14,9,16.8,84.3,16.1,14.1,10.46,15.1,43.4,0,973.4,347,1.3,3.3,371,220,247,139,323,292,135,384,88,21,97
WAE,2019,9,14,10,17.6,82.1,16.5,14.5,10.73,15.7,44.9,0,973.2,43,1.6,3.1,447,228,296,166,316,356,162,386,94,21,97
WAE,2019,9,14,11,18.5,78.4,16.7,14.7,10.87,16.1,46.2,0,972.5,31,1.3,3.1,642,606,213,125,343,636,125,375,64,21,97
WAE,2019,9,14,12,19.5,74.3,16.8,14.8,10.94,16.5,47.4,0,971.6,37,1.1,2.7,714,819,125,101,135,747,213,380,55,21,97
WAE,2019,9,14,13,20.8,71.4,17.6,15.4,11.48,17.3,50.1,0,971.2,37,0.7,1.9,652,707,166,106,106,665,421,391,68,21,97
WAE,2019,9,14,14,21.8,70.8,18.4,16.3,12.02,18.2,52.5,0,970.8,59,0.7,1.4,537,563,191,110,110,520,498,395,81,21,97
WAE,2019,9,14,15,22.8,68.1,18.9,16.6,12.36,18.7,54.4,0,970.4,360,0.8,2.3,430,568,146,86,86,409,572,391,75,21,97
WAE,2019,9,14,16,22.8,68.3,18.9,16.7,12.35,18.8,54.3,0,970.5,56,0.5,1.1,267,403,122,69,69,228,463,396,81,21,97
WAE,2019,9,14,17,22,74,19.6,17.2,12.82,18.8,54.7,0,970.5,90,0.3,0.8,81,62,67,39,39,51,102,402,100,21,97
WAE,2019,9,14,18,20.1,81.6,19.2,16.9,12.55,18,52.1,0,970.6,207,0.2,1,4,0,4,3,3,2,3,401,100,21,97
WAE,2019,9,14,19,18.8,84.9,18.4,16.2,12.02,17.1,49.4,0,970.6,232,1.1,1.9,0,0,0,0,0,0,0,399,100,21,97
WAE,2019,9,14,20,17.6,88.3,17.8,15.6,11.62,16.3,47.1,0,970.3,204,1.1,2.7,0,0,0,0,0,0,0,395,100,21,97
WAE,2019,9,14,21,17.4,89.4,17.8,15.6,11.62,16.3,46.9,0,970.5,186,1,2.4,0,0,0,0,0,0,0,392,100,21,97
WAE,2019,9,14,22,17.1,90.8,17.7,15.6,11.56,16.1,46.5,0,970.3,227,1.9,3.9,0,0,0,0,0,0,0,384,84,21,97
WAE,2019,9,14,23,16.8,91.1,17.4,15.3,11.36,15.9,45.7,0,969.9,175,1.4,3.2,0,0,0,0,0,0,0,371,71,21,97
WAE,2019,9,15,0,16.4,89.8,16.7,14.7,10.9,15.3,44.1,0,969.7,170,2.3,4,0,0,0,0,0,0,0,354,35,21,97
WAE,2019,9,15,1,15.7,92.8,16.5,14.5,10.77,15,43,0,969.5,190,1.2,3.9,0,0,0,0,0,0,0,352,35,20,97
WAE,2019,9,15,2,15.4,94.2,16.5,14.5,10.77,14.8,42.7,0,969.5,207,0.5,1.2,0,0,0,0,0,0,0,347,36,20,97
WAE,2019,9,15,3,15.1,95.2,16.3,14.3,10.64,14.6,42.1,0,969.5,172,0.8,1.7,0,0,0,0,0,0,0,331,6,20,97
WAE,2019,9,15,4,14.9,94.8,16.1,14.1,10.51,14.4,41.5,0,969.3,140,0.8,2.1,0,0,0,0,0,0,0,327,0,20,97
WAE,2019,9,15,5,14.6,94,15.7,13.6,10.24,14,40.6,0,969.5,169,1,1.8,0,0,0,0,0,0,0,327,0,20,97
WAE,2019,9,15,6,15.1,94.1,16.2,14.2,10.57,14.5,41.9,0,969.6,196,0.7,1.3,40,105,26,15,122,25,14,330,19,20,97
WAE,2019,9,15,7,16.6,89.4,16.9,14.8,11.04,15.5,44.6,0,969.4,106,0.9,2.4,204,525,70,40,566,173,40,328,0,20,97
WAE,2019,9,15,8,17.1,89.8,17.5,15.4,11.44,16,46.2,0,969.3,90,1.7,2.8,393,734,87,58,718,382,59,331,0,20,97
WAE,2019,9,15,9,18.6,81.3,17.4,15.3,11.37,16.5,47.5,0,969.2,77,1.3,2.8,573,861,102,74,716,587,77,334,0,20,97
WAE,2019,9,15,10,19.9,73.2,17,15,11.11,16.8,48.2,0,969,53,1.1,2.6,647,835,110,85,536,674,88,337,0,20,97
WAE,2019,9,15,11,21.1,71.3,17.9,15.7,11.71,17.6,51,0,968.6,59,1.2,2.5,715,871,102,89,334,756,93,340,0,20,97
WAE,2019,9,15,12,22.8,67.6,18.8,16.5,12.32,18.6,54.3,0,968.1,53,1.1,2.5,787,934,118,96,126,838,232,343,0,20,97
WAE,2019,9,15,13,24,63.4,18.9,16.6,12.39,19.1,55.7,0,967.6,38,1.2,2.3,673,770,146,98,98,697,424,344,0,20,97
WAE,2019,9,15,14,24.3,62.2,18.9,16.6,12.4,19.2,56,0,966.9,68,1.2,2.4,565,677,155,92,93,569,549,343,0,20,97
WAE,2019,9,15,15,24.9,60.2,18.9,16.7,12.41,19.4,56.7,0,966.3,84,0.9,1.9,458,725,103,68,69,456,670,342,0,20,97
WAE,2019,9,15,16,25.1,58.8,18.7,16.5,12.28,19.4,56.5,0,965.9,74,0.8,1.5,308,688,70,47,47,290,698,341,0,20,97
WAE,2019,9,15,17,23.9,65.8,19.5,17.1,12.82,19.4,56.7,0,965.6,143,0.5,1.3,143,506,49,29,29,111,542,340,0,20,97
WAE,2019,9,15,18,21,78.5,19.4,17.1,12.75,18.4,53.5,0,965.7,191,1.1,2.7,6,0,6,4,4,4,4,339,0,20,97
WAE,2019,9,15,19,19.7,75.6,17.4,15.3,11.41,16.9,48.8,0,966,210,2.6,4.1,0,0,0,0,0,0,0,338,0,20,97
WAE,2019,9,15,20,18.6,73.4,15.7,13.8,10.28,15.6,44.8,0,966.1,209,1.1,2.9,0,0,0,0,0,0,0,336,0,20,97
WAE,2019,9,15,21,17.5,77.5,15.5,13.5,10.14,15,43.3,0,966,231,0.8,1.6,0,0,0,0,0,0,0,335,0,20,97
WAE,2019,9,15,22,17.3,77.4,15.2,13.3,9.94,14.8,42.6,0,966,194,0.8,2.2,0,0,0,0,0,0,0,333,0,20,97
WAE,2019,9,15,23,16.6,81,15.3,13.3,10.01,14.6,42,0,966,231,1,2.2,0,0,0,0,0,0,0,332,0,20,97
WAE,2019,9,16,0,16.3,83.6,15.5,13.5,10.14,14.6,42.1,0,965.9,157,1,2.8,0,0,0,0,0,0,0,330,0,20,97
WAE,2019,9,16,1,16,84.2,15.3,13.3,10.01,14.4,41.4,0,965.7,225,0.7,2.2,0,0,0,0,0,0,0,329,0,21,97
WAE,2019,9,16,2,15.6,86.5,15.3,13.4,10.02,14.3,41,0,965.3,191,0.9,2.5,0,0,0,0,0,0,0,328,0,21,97
WAE,2019,9,16,3,15.6,87.3,15.5,13.5,10.15,14.3,41.4,0,965,202,1.3,3.1,0,0,0,0,0,0,0,328,0,21,97
WAE,2019,9,16,4,15.5,86.5,15.2,13.3,9.96,14.2,40.8,0,964.6,233,1.1,3.8,0,0,0,0,0,0,0,327,0,21,97
WAE,2019,9,16,5,15.4,86.7,15.2,13.2,9.96,14.1,40.7,0,964.7,207,1.7,3.4,0,0,0,0,0,0,0,327,0,21,97
WAE,2019,9,16,6,15.5,86.1,15.2,13.2,9.96,14.1,40.8,0,964.7,163,1.4,3,49,218,24,15,236,31,14,326,0,21,97
WAE,2019,9,16,7,17.3,85.8,16.9,14.9,11.09,15.8,45.5,0,964.8,98,0.8,2.2,205,561,62,38,595,181,39,327,0,21,97
WAE,2019,9,16,8,18.2,82.8,17.2,15.2,11.29,16.3,46.9,0,964.9,83,1.6,2.8,381,750,72,55,722,380,57,330,0,21,97
WAE,2019,9,16,9,19.7,75.2,17.2,15.2,11.29,16.8,48.5,0,964.9,81,1.3,2.2,546,855,81,71,693,571,74,333,6,21,97
WAE,2019,9,16,10,21.5,64.3,16.4,14.5,10.76,17,49,0,964.8,79,1,2,639,845,97,84,526,680,87,337,6,21,97
WAE,2019,9,16,11,22.5,62,16.9,14.9,11.1,17.6,50.8,0,964.3,63,1.2,2.1,690,800,132,97,344,733,100,340,0,21,97
WAE,2019,9,16,12,24.1,57.7,17.3,15.2,11.37,18.3,53.2,0,963.7,45,1.3,4.7,760,916,109,96,123,821,227,343,0,21,97
WAE,2019,9,16,13,25.2,56.2,18,15.9,11.85,19.1,55.5,0,963.2,30,0.9,2,667,796,127,94,95,707,426,360,25,21,97
WAE,2019,9,16,14,25.7,51.7,17.1,15,11.25,18.7,54.5,0,962.7,23,1.1,3.5,578,766,118,84,85,604,578,354,13,21,97
WAE,2019,9,16,15,26.3,50.1,17.1,15.1,11.25,19,55.1,0,962.3,287,1.7,4.6,463,778,87,66,66,475,703,345,0,21,97
WAE,2019,9,16,16,26.4,49.2,17,14.9,11.19,18.9,55.1,0,961.9,258,1.6,4.2,304,699,66,47,47,294,706,353,13,21,97
WAE,2019,9,16,17,25,58,18.3,16.2,12.06,19.2,55.9,0,961.8,245,1.4,2.2,129,442,49,29,29,102,477,367,25,21,97
WAE,2019,9,16,18,22.8,65.5,18.2,16,12,18.4,53.4,0,961.9,225,3.2,4.7,5,0,5,3,3,3,3,362,33,21,97
WAE,2019,9,16,19,21.6,66.6,17.2,15.1,11.32,17.4,50.5,0,962.3,234,3,5.2,0,0,0,0,0,0,0,371,48,21,97
WAE,2019,9,16,20,20.8,70.2,17.2,15.2,11.32,17.2,49.7,0,962.3,239,1.3,3.2,0,0,0,0,0,0,0,391,94,21,97
WAE,2019,9,16,21,19.8,74.6,17.3,15.2,11.38,16.9,48.8,0,962.5,211,0.8,2.2,0,0,0,0,0,0,0,383,75,21,97
WAE,2019,9,16,22,19.5,74,16.7,14.7,10.98,16.5,47.5,0,962.4,221,1.2,3.1,0,0,0,0,0,0,0,367,50,21,97
WAE,2019,9,16,23,18.7,76.7,16.5,14.5,10.85,16.1,46.3,0,962.1,252,0.5,1.9,0,0,0,0,0,0,0,353,35,21,97
WAE,2019,9,17,0,17.6,78.6,15.8,13.8,10.39,15.2,44,0,961.9,225,0.5,1.1,0,0,0,0,0,0,0,349,31,21,97
WAE,2019,9,17,1,17.4,85.7,17,15,11.19,15.9,45.8,0,962.1,258,1.6,3,0,0,0,0,0,0,0,330,6,20,97
WAE,2019,9,17,2,16.8,89.3,17.1,15,11.26,15.7,45.4,0,961.8,249,0.9,1.8,0,0,0,0,0,0,0,332,6,20,97
WAE,2019,9,17,3,16.2,91.3,16.8,14.8,11.06,15.3,44.3,0,961.9,284,0.4,0.9,0,0,0,0,0,0,0,347,36,20,97
WAE,2019,9,17,4,15.6,92.5,16.4,14.4,10.79,14.9,43,0,961.8,191,0.5,1.3,0,0,0,0,0,0,0,357,58,20,97
WAE,2019,9,17,5,15.6,92.8,16.4,14.4,10.79,14.9,43,0,962,225,1.1,1.9,0,0,0,0,0,0,0,376,100,20,97
WAE,2019,9,17,6,15.7,91.5,16.3,14.3,10.72,14.8,42.9,0,962.3,270,0.4,1.5,39,123,26,15,140,25,14,361,70,20,97
WAE,2019,9,17,7,17.2,87.7,17.2,15.1,11.32,15.9,46,0,962.6,90,0.5,1.1,197,508,69,40,546,174,40,341,40,20,97
WAE,2019,9,17,8,18.1,82.1,17.1,15,11.25,16.1,46.7,0,962.7,27,0.9,2.6,377,667,102,62,666,373,63,348,45,20,97
WAE,2019,9,17,9,19.1,71.9,15.8,13.9,10.38,15.9,45.5,0,962.8,11,1.2,3.1,546,831,99,72,688,573,74,352,40,20,97
WAE,2019,9,17,10,20.2,65.6,15.6,13.6,10.24,16.1,46.3,0,962.8,48,1.3,2.5,608,730,144,91,503,635,93,350,33,20,97
WAE,2019,9,17,11,21.1,64.3,16.1,14.1,10.58,16.7,48.1,0,962.5,49,1.2,3,695,817,128,94,334,744,97,349,19,20,97
WAE,2019,9,17,12,22.2,51.9,13.9,11.9,9.12,15.9,45.5,0,962.1,28,1.7,3.5,767,927,112,93,123,833,225,343,25,20,97
WAE,2019,9,17,13,22.9,55.5,15.5,13.5,10.19,17,48.9,0,961.8,36,2,3.7,631,675,176,104,104,652,413,338,33,20,97
WAE,2019,9,17,14,23.4,45.3,13,10.9,8.52,15.8,45.2,0,961.6,347,2.1,4.4,528,580,182,103,103,525,503,361,45,20,97
WAE,2019,9,17,15,23.3,43.7,12.5,10.3,8.19,15.5,44.3,0,961.4,344,1.7,4.7,448,714,106,69,69,457,659,368,48,20,97
WAE,2019,9,17,16,23.5,42.6,12.3,10.1,8.06,15.5,44.1,0,961.4,313,2.1,5.6,310,713,72,47,47,305,724,342,16,20,97
WAE,2019,9,17,17,21.9,48.1,12.6,10.4,8.26,15,43,0,961.6,277,2.5,4.6,113,335,48,28,28,93,367,345,10,20,97
WAE,2019,9,17,18,20.2,54.4,12.8,10.7,8.39,14.5,41.6,0,962,261,2.6,4,4,0,4,3,3,3,3,370,59,20,97
WAE,2019,9,17,19,19.2,62.1,13.8,11.8,9.05,14.7,42.3,0,962.6,248,2.3,3.4,0,0,0,0,0,0,0,367,64,20,97
WAE,2019,9,17,20,19.1,65.1,14.4,12.4,9.44,15,43.2,0,963.1,306,1.9,4.4,0,0,0,0,0,0,0,368,71,20,97
WAE,2019,9,17,21,18.9,65.9,14.4,12.4,9.44,14.9,42.9,0,963.5,294,2,4.9,0,0,0,0,0,0,0,365,88,20,97
WAE,2019,9,17,22,18,67.5,13.9,11.9,9.1,14.3,41.2,0,963.6,317,2.2,5.3,0,0,0,0,0,0,0,362,81,20,97
WAE,2019,9,17,23,17,70.3,13.6,11.6,8.9,13.8,39.6,0,963.6,347,2.4,7.4,0,0,0,0,0,0,0,352,100,20,97
WAE,2019,9,18,0,16.7,69.6,13.2,11.1,8.64,13.4,38.7,0,963.5,355,2.8,7.2,0,0,0,0,0,0,0,344,100,20,97
WAE,2019,9,18,1,16.1,67.6,12.4,10.1,8.11,12.6,36.7,0,963.5,30,5.6,9.8,0,0,0,0,0,0,0,370,100,20,97
WAE,2019,9,18,2,15.6,69,12.2,9.9,7.98,12.3,35.9,0,963.6,29,4.5,8.4,0,0,0,0,0,0,0,368,100,20,97
WAE,2019,9,18,3,15.2,69.9,12.1,9.7,7.91,12.1,35.3,0,963.7,30,4.4,8,0,0,0,0,0,0,0,366,100,20,97
WAE,2019,9,18,4,14.6,67.7,11.3,8.7,7.38,11.3,33.3,0,963.8,27,4.2,8.8,0,0,0,0,0,0,0,365,100,20,97
WAE,2019,9,18,5,13.8,68.6,10.8,8.1,7.05,10.7,31.7,0,964,25,4.5,9.1,0,0,0,0,0,0,0,363,100,20,97
WAE,2019,9,18,6,13.3,69.7,10.6,7.9,6.91,10.4,30.8,0,964.2,25,3.6,7.2,15,2,15,9,11,8,8,362,100,20,97
WAE,2019,9,18,7,13.2,71.9,10.9,8.2,7.11,10.5,31.2,0,964.4,22,2.9,7.4,93,22,87,51,73,55,49,362,94,20,97
WAE,2019,9,18,8,13.5,72.5,11.2,8.7,7.31,10.8,32,0,964.7,27,3,6.1,223,102,182,104,203,151,100,357,88,20,97
WAE,2019,9,18,9,13.9,71.6,11.4,8.9,7.44,11.1,32.8,0,964.7,26,3.1,6.1,309,120,245,139,244,218,134,363,88,20,97
WAE,2019,9,18,10,14.4,71.2,11.7,9.3,7.64,11.5,33.8,0,964.8,22,3.7,6.7,188,2,187,110,110,104,105,370,100,20,97
WAE,2019,9,18,11,15.1,69.1,11.9,9.5,7.77,11.9,34.8,0,964.7,22,3.6,6.7,214,1,214,125,125,118,120,373,100,20,97
WAE,2019,9,18,12,15.8,65.4,11.7,9.3,7.64,12.1,35.2,0,964.5,2,3.3,6.7,235,2,234,137,136,130,132,376,100,20,97
WAE,2019,9,18,13,16.6,64.3,12.1,9.8,7.9,12.7,36.7,0,964.5,32,2.1,6.6,163,0,163,96,95,90,92,377,100,20,97
WAE,2019,9,18,14,16.8,63.3,12.1,9.8,7.9,12.8,36.9,0,964.5,108,0.9,2.6,209,37,188,109,108,131,136,376,90,20,97
WAE,2019,9,18,15,17.3,61.7,12.2,9.9,7.97,13,37.6,0,964.4,74,0.9,2.8,313,220,205,113,113,251,307,361,70,20,97
WAE,2019,9,18,16,16.9,64.5,12.4,10.2,8.1,13,37.5,0,964.3,52,2.5,6.8,92,15,87,50,50,55,63,372,100,20,97
WAE,2019,9,18,17,16.3,64.8,12,9.7,7.84,12.5,36.2,0,964.5,45,4.2,7.1,16,0,16,9,9,9,9,371,100,20,97
WAE,2019,9,18,18,15.6,64.7,11.5,9,7.5,11.9,34.7,0,964.9,47,3.6,6.1,1,0,1,1,1,0,1,369,100,20,97
WAE,2019,9,18,19,15.1,64.9,11.2,8.6,7.3,11.5,33.6,0,965.5,44,3.8,6.3,0,0,0,0,0,0,0,367,100,20,97
WAE,2019,9,18,20,14.4,63.8,10.5,7.6,6.84,10.7,31.8,0,965.6,42,3.2,6.5,0,0,0,0,0,0,0,364,100,20,97
WAE,2019,9,18,21,13.7,61.1,9.6,6.3,6.24,9.8,29.5,0,965.8,38,3.7,7,0,0,0,0,0,0,0,362,100,20,97
WAE,2019,9,18,22,12.7,64,9.4,6.1,6.11,9.3,28.2,0,965.8,36,2.5,6.8,0,0,0,0,0,0,0,359,100,20,97
WAE,2019,9,18,23,12.9,60.4,9,5.4,5.85,9,27.7,0,966,33,3.7,7.2,0,0,0,0,0,0,0,357,100,20,97
WAE,2019,9,19,0,12.8,58.1,8.6,4.8,5.59,8.7,27,0,966.1,30,4,8,0,0,0,0,0,0,0,354,100,20,97
WAE,2019,9,19,1,12.1,59.9,8.5,4.6,5.52,8.3,26.1,0,965.9,353,2.2,6.8,0,0,0,0,0,0,0,344,26,22,97
WAE,2019,9,19,2,10.7,66.5,8.5,4.7,5.52,7.7,24.7,0,965.7,297,1.7,4.1,0,0,0,0,0,0,0,326,6,22,97
WAE,2019,9,19,3,10.4,67.6,8.5,4.7,5.52,7.6,24.4,0,966,321,1.6,4.7,0,0,0,0,0,0,0,339,44,22,97
WAE,2019,9,19,4,10.4,66.8,8.4,4.5,5.46,7.5,24.2,0,966,360,1.7,5.7,0,0,0,0,0,0,0,331,20,22,97
WAE,2019,9,19,5,9.3,72.2,8.5,4.6,5.52,7,23.2,0,966.3,360,1.3,3.6,0,0,0,0,0,0,0,327,20,22,97
WAE,2019,9,19,6,9.6,71.4,8.5,4.7,5.52,7.2,23.5,0,966.6,8,1.7,4.4,33,79,25,14,96,22,14,334,74,22,97
WAE,2019,9,19,7,10.3,69,8.6,4.9,5.58,7.6,24.4,0,967.2,16,1.9,4.5,171,323,93,52,381,145,51,322,61,22,97
WAE,2019,9,19,8,11.2,65.1,8.7,4.9,5.64,8,25.5,0,967.6,32,1.7,4.6,387,788,72,56,755,410,58,318,26,22,97
WAE,2019,9,19,9,12.3,61,8.7,5,5.64,8.6,26.6,0,967.8,48,1.9,5.3,560,874,98,76,721,612,79,306,19,22,97
WAE,2019,9,19,10,13.8,58.2,9.2,5.7,5.97,9.6,29,0,967.8,7,2.1,5.2,625,782,133,94,521,679,97,310,29,22,97
WAE,2019,9,19,11,14.8,54.2,9.1,5.6,5.91,10,29.8,0,967.5,29,1.4,3.8,732,949,82,91,339,822,95,296,13,22,97
WAE,2019,9,19,12,15.8,52.8,9.5,6.2,6.17,10.7,31.5,0,967.3,48,1.7,5.1,763,938,110,98,125,855,233,318,25,22,97
WAE,2019,9,19,13,16.4,52.7,9.8,6.7,6.37,11.1,32.6,0,967.2,67,1.6,4.8,664,789,142,99,99,726,444,324,23,22,97
WAE,2019,9,19,14,17.5,52.6,10.5,7.7,6.83,12,34.9,0,967.1,54,2,6.6,555,676,160,98,98,584,557,322,19,22,97
WAE,2019,9,19,15,17.3,50.4,9.9,6.9,6.43,11.6,33.7,0,966.9,33,6,10.9,463,795,90,67,68,499,720,335,25,22,97
WAE,2019,9,19,16,16.7,52.2,9.9,6.9,6.43,11.3,33.1,0,967.1,41,6.1,10.5,232,332,117,68,67,208,389,358,59,22,97
WAE,2019,9,19,17,15.7,54.2,9.6,6.5,6.23,10.7,31.6,0,967.5,43,5.4,9.6,57,20,53,32,32,34,52,361,71,22,97
WAE,2019,9,19,18,14.2,56.1,9.1,5.6,5.9,9.7,29.2,0,967.7,47,4.3,7.5,1,0,1,0,0,0,0,359,78,22,97
WAE,2019,9,19,19,13.1,57.7,8.7,5,5.64,8.9,27.4,0,967.9,35,3.9,6.5,0,0,0,0,0,0,0,333,36,22,97
WAE,2019,9,19,20,12.6,60.4,8.8,5.1,5.71,8.8,27.1,0,968.1,33,4,7.9,0,0,0,0,0,0,0,334,45,22,97
WAE,2019,9,19,21,12.2,61.2,8.7,5,5.64,8.5,26.5,0,968.4,36,4.3,7.9,0,0,0,0,0,0,0,334,40,22,97
WAE,2019,9,19,22,11.5,63.6,8.6,4.8,5.57,8.1,25.6,0,968.4,37,3.6,7.1,0,0,0,0,0,0,0,322,40,22,97
WAE,2019,9,19,23,10.5,70.4,8.9,5.3,5.77,7.9,25.1,0,968.4,21,1.8,4.9,0,0,0,0,0,0,0,316,33,22,97
WAE,2019,9,20,0,10.2,71.8,8.9,5.3,5.77,7.7,24.8,0,968.4,25,1.8,5.3,0,0,0,0,0,0,0,329,36,22,97
WAE,2019,9,20,1,8.7,79.4,9,5.3,5.84,7,23.4,0,967.9,243,0.9,3.7,0,0,0,0,0,0,0,280,0,20,97
WAE,2019,9,20,2,8.2,81.7,8.9,5.3,5.77,6.8,22.8,0,968,278,1.1,4,0,0,0,0,0,0,0,263,0,20,97
WAE,2019,9,20,3,7.7,80.7,8.5,4.6,5.51,6.2,21.6,0,968,249,2.3,3.5,0,0,0,0,0,0,0,263,0,20,97
WAE,2019,9,20,4,7.1,82.3,8.3,4.3,5.38,5.8,20.6,0,967.9,257,1.8,2.9,0,0,0,0,0,0,0,268,10,20,97
WAE,2019,9,20,5,7.1,80.7,8.2,4,5.31,5.6,20.5,0,968.1,255,2.3,3.3,0,0,0,0,0,0,0,263,0,20,97
WAE,2019,9,20,6,7,80.9,8.1,4,5.25,5.6,20.2,0,968.5,251,1.9,3.2,43,217,22,12,233,33,12,280,19,20,97
WAE,2019,9,20,7,8.6,75.1,8.4,4.4,5.44,6.6,22.3,0,968.8,270,1.2,2.9,190,479,72,41,517,180,41,286,25,20,97
WAE,2019,9,20,8,9.7,74.3,8.9,5.4,5.77,7.5,24.3,0,969.1,39,0.9,2.9,396,809,77,53,773,424,55,273,13,20,97
WAE,2019,9,20,9,10.5,73.6,9.3,6,6.03,8.2,25.7,0,968.9,45,1.3,2.9,554,883,90,69,713,609,71,271,13,20,97
WAE,2019,9,20,10,11.8,68.7,9.5,6.2,6.16,8.9,27.4,0,968.5,40,0.9,2.8,613,749,146,91,507,662,93,275,6,20,97
WAE,2019,9,20,11,13.2,65.3,9.9,6.8,6.43,9.8,29.5,0,968.2,36,1,2.3,737,954,89,85,339,829,89,278,0,20,97
WAE,2019,9,20,12,14.8,60.1,10.1,7.1,6.56,10.6,31.5,0,967.7,53,0.8,3.3,747,929,104,89,112,837,225,282,0,20,97
WAE,2019,9,20,13,16.4,56.9,10.6,7.8,6.89,11.6,33.9,0,967.2,36,1.2,3.7,663,815,127,89,89,729,432,284,0,20,97
WAE,2019,9,20,14,17.3,54,10.6,7.9,6.9,12.1,34.9,0,966.7,22,1.3,2.8,579,820,105,76,76,636,602,284,0,20,97
WAE,2019,9,20,15,17.9,51.1,10.5,7.7,6.83,12.2,35.3,0,966.5,350,1.3,3.7,439,727,102,65,66,468,668,284,0,20,97
WAE,2019,9,20,16,17.9,52.2,10.7,8,6.96,12.3,35.6,0,966.3,13,1.9,4.9,291,715,64,42,43,305,719,284,0,20,97
WAE,2019,9,20,17,16.6,56.7,10.7,8,6.97,11.8,34.3,0,966,19,2.9,5.9,108,387,42,25,25,100,416,294,0,20,97
WAE,2019,9,20,18,14.9,61.6,10.4,7.6,6.77,10.9,32.1,0,966.2,354,1.6,5.4,3,0,3,2,2,2,2,288,6,20,97
WAE,2019,9,20,19,13.5,66.4,10.3,7.4,6.7,10.2,30.5,0,966.2,279,0.8,2.7,0,0,0,0,0,0,0,283,0,20,97
WAE,2019,9,20,20,11.9,74.9,10.4,7.6,6.77,9.6,29,0,966,207,0.4,1.2,0,0,0,0,0,0,0,281,0,20,97
WAE,2019,9,20,21,10.9,78.9,10.3,7.4,6.71,9,27.9,0,965.7,225,0.5,2.1,0,0,0,0,0,0,0,279,0,20,97
WAE,2019,9,20,22,10.4,79.3,10,7,6.51,8.6,26.9,0,965.4,228,1.3,1.9,0,0,0,0,0,0,0,278,0,20,97
WAE,2019,9,20,23,9.9,81.5,9.9,6.9,6.45,8.3,26.2,0,965.1,219,1.4,2.8,0,0,0,0,0,0,0,276,0,20,97
WAE,2019,9,21,0,9.8,76.9,9.3,5.9,6.05,7.8,25.1,0,965,254,1.9,3.1,0,0,0,0,0,0,0,274,0,20,97
WAE,2019,9,21,1,9.3,78.6,9.2,5.8,5.99,7.5,24.4,0,964.7,257,1.7,2.6,0,0,0,0,0,0,0,273,0,21,97
WAE,2019,9,21,2,8.9,79.4,9,5.5,5.86,7.2,23.7,0,964.5,263,1.7,2.8,0,0,0,0,0,0,0,273,0,21,97
WAE,2019,9,21,3,8.2,81.7,8.9,5.3,5.79,6.8,22.8,0,964.3,237,1.7,2.7,0,0,0,0,0,0,0,273,0,21,97
WAE,2019,9,21,4,7.8,83.7,8.9,5.2,5.79,6.5,22.4,0,964.4,240,1.5,2.1,0,0,0,0,0,0,0,273,0,21,97
WAE,2019,9,21,5,7.7,84.1,8.8,5.2,5.73,6.5,22.1,0,964.5,238,1.3,2.5,0,0,0,0,0,0,0,272,0,21,97
WAE,2019,9,21,6,8.2,84.5,9.2,5.7,5.99,6.9,23.3,0,964.6,180,1.1,2,36,149,21,12,164,29,12,284,10,21,97
WAE,2019,9,21,7,10.2,76.5,9.5,6.3,6.19,8.2,25.8,0,964.7,90,0.2,1.1,198,596,56,36,623,203,36,274,0,21,97
WAE,2019,9,21,8,11.1,75.9,10,7,6.51,8.9,27.6,0,964.8,30,0.9,2.1,377,786,70,53,747,414,55,278,0,21,97
WAE,2019,9,21,9,12.5,74.6,10.8,8.1,7.05,10.1,30.3,0,964.3,45,1.1,2.6,540,868,88,71,703,606,74,282,0,21,97
WAE,2019,9,21,10,13.9,71.3,11.3,8.8,7.38,11.1,32.6,0,963.7,68,1.2,2.8,630,849,104,84,529,709,87,286,0,21,97
WAE,2019,9,21,11,15.6,68.3,12.1,9.8,7.92,12.3,35.7,0,962.9,59,1.3,2.5,701,890,100,90,333,797,93,290,0,21,97
WAE,2019,9,21,12,17.4,65.2,12.9,10.8,8.46,13.5,38.9,0,961.9,30,0.9,2.3,744,928,107,94,123,848,223,294,6,21,97
WAE,2019,9,21,13,18.4,63,13.3,11.2,8.73,14.1,40.6,0,961.4,45,0.8,1.9,666,856,109,88,89,753,444,297,0,21,97
WAE,2019,9,21,14,19.8,58.6,13.5,11.5,8.87,14.8,42.4,0,960.7,31,0.7,1.9,570,809,107,80,80,637,600,299,0,21,97
WAE,2019,9,21,15,20.4,57.9,13.9,11.8,9.14,15.2,43.7,0,960.1,39,0.7,1.4,436,756,91,64,65,481,689,300,0,21,97
WAE,2019,9,21,16,20.6,56.4,13.7,11.6,9.01,15.1,43.6,0,959.5,127,0.6,1.4,275,659,70,45,46,293,672,324,19,21,97
WAE,2019,9,21,17,19.5,62.9,14.1,12.3,9.28,15.1,43.1,0,959.3,159,0.8,1.5,104,378,41,25,25,100,407,317,25,21,97
WAE,2019,9,21,18,16.6,75.2,14.2,12.2,9.35,14,40.4,0,959,146,1.1,2,0,0,0,0,0,0,0,348,69,21,97
WAE,2019,9,21,19,15.4,81,14.2,12.2,9.35,13.5,39.1,0,959.3,162,0.7,1.5,0,0,0,0,0,0,0,374,100,21,97
WAE,2019,9,21,20,15.1,82.7,14.2,12.2,9.35,13.4,38.8,0,959.3,180,0.7,3.1,0,0,0,0,0,0,0,371,100,21,97
WAE,2019,9,21,21,14.7,84,14,12,9.22,13.1,38.1,0,958.8,144,0.9,2.6,0,0,0,0,0,0,0,369,100,21,97
WAE,2019,9,21,22,13.9,91.4,14.5,12.5,9.56,13.1,38.1,0,958.1,149,0.6,1.5,0,0,0,0,0,0,0,367,100,21,97
WAE,2019,9,21,23,13.6,91.5,14.2,12.2,9.36,12.8,37.3,0,957.7,180,0.3,1.3,0,0,0,0,0,0,0,365,100,21,97
WAE,2019,9,22,0,13.4,91.4,14.1,12,9.3,12.6,36.9,0,957.5,256,0.5,1.6,0,0,0,0,0,0,0,363,100,21,97
WAE,2019,9,22,1,13.5,90.2,13.9,11.9,9.16,12.6,36.7,0,957.3,264,1,1.9,0,0,0,0,0,0,0,363,100,22,97
WAE,2019,9,22,2,13.7,90,14.1,12.1,9.3,12.8,37.3,0,957.1,231,0.7,1.5,0,0,0,0,0,0,0,364,100,22,97
WAE,2019,9,22,3,14.2,85.7,13.8,11.8,9.1,12.8,37.3,0,957.1,239,1,2.8,0,0,0,0,0,0,0,364,100,22,97
WAE,2019,9,22,4,13.6,89.1,13.9,11.8,9.17,12.5,36.8,0,956.8,315,0.3,0.9,0,0,0,0,0,0,0,365,100,22,97
WAE,2019,9,22,5,13.5,89.5,13.8,11.8,9.1,12.5,36.6,0,956.6,233,0.8,2,0,0,0,0,0,0,0,366,100,22,97
WAE,2019,9,22,6,13.7,89.5,14,12,9.24,12.7,37.1,0,956.7,129,0.7,1.5,20,37,15,9,47,14,9,367,100,22,97
WAE,2019,9,22,7,14.8,87.2,14.7,12.7,9.7,13.5,39.4,0,957,149,0.6,1.5,120,152,89,52,207,90,50,360,88,22,97
WAE,2019,9,22,8,15.3,87.8,15.2,13.3,10.04,14.1,40.8,0,956.8,68,0.5,1.3,164,34,150,89,120,103,85,374,100,22,97
WAE,2019,9,22,9,15.7,85.3,15.2,13.2,10.05,14.2,41.2,0,956.4,37,0.6,1.8,385,335,205,117,378,355,115,378,94,22,97
WAE,2019,9,22,10,16.8,78.5,15,13,9.91,14.5,42,0,956.2,32,1.1,2.6,599,790,113,87,501,677,90,363,60,22,97
WAE,2019,9,22,11,18.9,63,13.8,11.7,9.11,14.6,42.1,0,955.9,40,0.9,2,671,844,105,92,318,768,95,374,71,22,97
WAE,2019,9,22,12,20.3,59.8,14.2,12.2,9.39,15.4,44.2,0,955.2,45,0.8,1.8,692,836,122,97,128,788,219,369,71,22,97
WAE,2019,9,22,13,21.3,59.7,15.2,13.1,10.06,16.2,47,0,954.6,21,0.9,2.4,608,691,160,102,102,669,415,376,68,22,97
WAE,2019,9,22,14,22.4,57.6,15.6,13.6,10.34,16.9,48.8,0,954.3,45,0.9,1.8,522,669,146,94,94,567,549,370,59,22,97
WAE,2019,9,22,15,22.6,58.8,16.1,14.1,10.68,17.2,49.9,0,954,45,0.6,1.6,442,794,84,63,64,499,716,365,58,22,97
WAE,2019,9,22,16,22.2,63.1,16.9,14.8,11.22,17.5,50.8,0,954,346,0.6,1.5,206,349,94,57,57,196,387,379,75,22,97
WAE,2019,9,22,17,21.6,70.2,18,15.9,11.96,17.9,52.1,0,954,153,0.8,2,33,22,30,18,18,20,40,387,88,22,97
WAE,2019,9,22,18,19.5,76.2,17.2,15.2,11.42,16.8,48.6,0,954,157,1.3,2.3,0,0,0,0,0,0,0,367,63,22,97
WAE,2019,9,22,19,18,79.3,16.3,14.4,10.81,15.7,45.5,0,954.2,158,0.7,2.1,0,0,0,0,0,0,0,379,88,22,97
WAE,2019,9,22,20,18.6,72.9,15.6,13.6,10.34,15.5,44.9,0,954.4,264,1,3,0,0,0,0,0,0,0,380,88,22,97
WAE,2019,9,22,21,19.2,71.4,15.9,13.9,10.54,15.9,46,0,954.6,231,2.7,7.9,0,0,0,0,0,0,0,382,100,22,97
WAE,2019,9,22,22,19.1,75.1,16.6,14.6,11,16.3,47.1,0,955.2,244,3.9,8,0,0,0,0,0,0,0,384,94,22,97
WAE,2019,9,22,23,19,75.4,16.6,14.6,10.99,16.2,47,0,956.1,272,2.9,7.7,0,0,0,0,0,0,0,383,100,22,97
WAE,2019,9,23,0,15.4,83.8,14.7,12.7,9.69,13.8,40,1.5,958.5,289,7.4,16.4,0,0,0,0,0,0,0,381,100,22,97
WAE,2019,9,23,1,14.3,90.1,14.6,12.7,9.61,13.3,38.7,1.1,959.5,259,4.7,8.6,0,0,0,0,0,0,0,380,100,22,97
WAE,2019,9,23,2,14,89.2,14.2,12.3,9.34,13,37.7,0.2,959.7,262,3.5,7.3,0,0,0,0,0,0,0,378,100,22,97
WAE,2019,9,23,3,14,88.1,14.1,12.1,9.27,12.9,37.5,0.1,959.8,262,3,6.5,0,0,0,0,0,0,0,376,100,22,97
WAE,2019,9,23,4,13.7,87.9,13.8,11.7,9.07,12.5,36.7,0,960,260,2.9,5.9,0,0,0,0,0,0,0,374,100,22,97
WAE,2019,9,23,5,13.1,90,13.6,11.5,8.94,12.2,35.7,2.8,960.3,243,3.9,7.7,0,0,0,0,0,0,0,372,100,22,97
WAE,2019,9,23,6,12.5,92.1,13.4,11.3,8.8,11.8,34.8,1.9,960.9,222,1.5,4.9,2,0,2,1,1,1,1,370,100,22,97
WAE,2019,9,23,7,12.6,93.3,13.6,11.5,8.92,12,35.2,2.4,961.6,141,0.8,1.9,9,0,9,6,6,5,5,369,100,22,97
WAE,2019,9,23,8,12.5,94.3,13.7,11.6,8.99,12,35.2,8.3,961.9,153,1.9,4.9,32,0,32,19,19,18,18,369,100,22,97
WAE,2019,9,23,9,12.8,94.4,13.9,11.9,9.12,12.3,35.9,1.4,962.1,138,1.3,2.6,66,0,66,39,39,37,38,370,100,22,97
WAE,2019,9,23,10,12.9,95,14.2,12.1,9.32,12.4,36.5,5.1,962.1,117,1.4,3.5,74,0,74,44,44,41,42,370,100,22,97
WAE,2019,9,23,11,12.9,95.6,14.2,12.2,9.32,12.5,36.5,1.7,961.9,121,1.3,2.9,152,1,152,91,90,86,87,370,100,22,97
WAE,2019,9,23,12,13.3,93.6,14.3,12.3,9.39,12.7,37.1,0.3,961.7,117,1.8,4.7,263,24,247,147,146,162,149,371,100,22,97
WAE,2019,9,23,13,13.7,91.3,14.3,12.3,9.39,12.9,37.5,0,961.6,103,2.7,5.9,316,110,246,142,141,239,201,363,94,22,97
WAE,2019,9,23,14,14,89.4,14.3,12.3,9.39,13,37.8,0,961.3,103,3.2,6,226,170,137,83,83,195,208,363,81,22,97
WAE,2019,9,23,15,14.8,81.2,13.6,11.6,8.93,12.9,37.4,0,961.3,98,2.9,6.3,414,717,96,67,67,468,663,343,41,22,97
WAE,2019,9,23,16,14.7,80.6,13.5,11.4,8.86,12.8,37.2,0,961.5,115,1.8,3.9,190,257,105,63,63,172,305,364,71,22,97
WAE,2019,9,23,17,14.4,83.8,13.7,11.7,8.99,12.8,37.2,0,961.6,143,1,2.1,24,0,24,14,14,14,14,363,88,22,97
WAE,2019,9,23,18,13.8,87.4,13.8,11.7,9.05,12.6,36.7,0,961.8,127,1.5,3.6,0,0,0,0,0,0,0,359,78,22,97
WAE,2019,9,23,19,12.9,92.6,13.7,11.7,8.98,12.2,35.6,0,962.3,144,1.4,2.5,0,0,0,0,0,0,0,339,51,22,97
WAE,2019,9,23,20,12.8,93,13.7,11.7,8.98,12.2,35.5,0,962.4,135,0.9,2.1,0,0,0,0,0,0,0,341,68,22,97
WAE,2019,9,23,21,12.1,93.7,13.2,11.1,8.65,11.5,34,0,962.3,167,0.9,1.5,0,0,0,0,0,0,0,334,53,22,97
WAE,2019,9,23,22,11.5,94.7,12.9,10.7,8.45,11,32.9,0,962.1,202,0.6,1.6,0,0,0,0,0,0,0,334,61,22,97
WAE,2019,9,23,23,11.6,94.4,12.8,10.7,8.39,11.1,32.8,0,961.8,198,0.4,1.4,0,0,0,0,0,0,0,337,71,22,97
WAE,2019,9,24,0,11,94.2,12.3,10.1,8.06,10.5,31.4,0,961.8,170,1.1,3.1,0,0,0,0,0,0,0,332,65,22,97
WAE,2019,9,24,1,10.7,92.8,11.9,9.6,7.79,10.1,30.4,0,961.5,148,1.3,2.7,0,0,0,0,0,0,0,326,60,22,97
WAE,2019,9,24,2,10.5,91,11.6,9.1,7.6,9.7,29.7,0,961,158,1.6,2.8,0,0,0,0,0,0,0,303,25,22,97
WAE,2019,9,24,3,9.9,91.2,11.1,8.5,7.27,9.1,28.3,0,960.2,153,1.7,3.3,0,0,0,0,0,0,0,286,0,22,97
WAE,2019,9,24,4,9.9,89.3,10.9,8.2,7.15,9,28,0,959.4,159,2,4.8,0,0,0,0,0,0,0,285,0,22,97
WAE,2019,9,24,5,9.3,92.5,10.8,8.1,7.08,8.7,27.2,0,959.5,193,1.1,3,0,0,0,0,0,0,0,284,0,22,97
WAE,2019,9,24,6,9.6,92.9,11.1,8.5,7.28,9,28,0,959.4,162,0.7,2.3,10,32,7,4,37,7,4,327,60,22,97
WAE,2019,9,24,7,11.5,89.3,12.1,9.8,7.95,10.6,31.6,0,958.9,108,0.6,2.7,47,1,47,28,29,27,27,348,100,22,97
WAE,2019,9,24,8,12.1,82.9,11.7,9.3,7.69,10.5,31.6,0,958.5,124,0.9,2.4,144,27,134,80,106,89,77,352,100,22,97
WAE,2019,9,24,9,12.5,82,11.9,9.5,7.82,10.8,32.3,0,958.2,360,0.6,1.8,181,11,176,105,114,106,101,356,100,22,97
WAE,2019,9,24,10,12.9,78.3,11.6,9.2,7.63,10.8,32.2,0,957.4,34,0.6,1.9,160,0,160,96,96,91,92,360,100,22,97
WAE,2019,9,24,11,13.3,77.6,11.9,9.5,7.84,11.2,33.2,0,956.6,22,0.7,1.8,250,11,242,145,148,147,139,364,100,22,97
WAE,2019,9,24,12,13.9,77.2,12.3,10,8.1,11.7,34.4,0,956.4,7,1,2.7,121,0,121,73,72,69,70,368,100,22,97
WAE,2019,9,24,13,14.1,76.1,12.2,10,8.04,11.8,34.5,0,956.1,40,0.9,2.4,155,28,138,81,81,103,97,371,100,22,97
WAE,2019,9,24,14,14.7,77.5,12.9,10.8,8.51,12.4,36.3,0,955.9,34,0.8,1.8,159,6,156,93,93,93,94,371,100,22,97
WAE,2019,9,24,15,14.6,79.8,13.3,11.2,8.77,12.6,36.9,0.1,956.1,14,0.7,1.6,61,0,61,36,36,34,35,371,100,22,97
WAE,2019,9,24,16,14.8,82.4,13.9,11.8,9.18,13,38.1,0,955.8,117,0.6,1.9,72,6,70,42,42,42,46,368,94,22,97
WAE,2019,9,24,17,14.5,84.5,14,11.9,9.25,13,37.9,0,955.8,140,0.9,2.8,51,66,39,23,23,40,90,368,94,22,97
WAE,2019,9,24,18,13.8,91.8,14.5,12.5,9.58,13,38.1,1.3,956.1,202,1.2,2.3,0,0,0,0,0,0,0,365,88,22,97
WAE,2019,9,24,19,13.7,91.7,14.3,12.4,9.44,12.9,37.6,0,956.4,144,1,2.7,0,0,0,0,0,0,0,363,84,22,97
WAE,2019,9,24,20,13.7,94,14.7,12.8,9.71,13.2,38.3,0.1,956.3,135,0.9,3.3,0,0,0,0,0,0,0,368,81,22,97
WAE,2019,9,24,21,13.6,94.5,14.7,12.7,9.71,13.1,38.2,1.5,956,124,1.2,3.5,0,0,0,0,0,0,0,364,88,22,97
WAE,2019,9,24,22,13,95,14.2,12.2,9.38,12.5,36.8,0.2,955.7,139,1.2,2.8,0,0,0,0,0,0,0,351,55,22,97
WAE,2019,9,24,23,12.6,95,13.9,11.8,9.18,12.1,35.8,0,956,158,1.1,3.3,0,0,0,0,0,0,0,362,84,22,97
WAE,2019,9,25,0,13.4,93.4,14.4,12.4,9.51,12.8,37.5,2.1,955.8,194,2.5,5.1,0,0,0,0,0,0,0,366,94,22,97
WAE,2019,9,25,1,13.6,95,14.8,12.8,9.78,13.1,38.4,0.3,955.8,173,1.2,2.8,0,0,0,0,0,0,0,369,88,21,97
WAE,2019,9,25,2,13.4,94.8,14.6,12.6,9.65,12.9,37.8,0.1,955.8,140,1.6,3.6,0,0,0,0,0,0,0,355,75,21,97
WAE,2019,9,25,3,13.2,95.7,14.5,12.5,9.58,12.8,37.5,0.7,955.8,151,1.3,3.3,0,0,0,0,0,0,0,368,100,21,97
WAE,2019,9,25,4,13.3,96,14.7,12.7,9.72,12.9,37.9,0.3,955.5,193,1.2,1.9,0,0,0,0,0,0,0,368,100,21,97
WAE,2019,9,25,5,13.4,94.6,14.5,12.6,9.58,12.9,37.7,0.1,955.5,241,1.1,2.6,0,0,0,0,0,0,0,367,100,21,97
WAE,2019,9,25,6,13.4,91.4,14,12,9.25,12.6,36.8,0,955.6,253,1.7,4.1,19,42,15,9,51,15,9,363,94,21,97
WAE,2019,9,25,7,13.9,85.3,13.6,11.5,8.98,12.5,36.7,0,955.8,255,2.4,4.3,34,20,31,18,38,22,18,367,100,21,97
WAE,2019,9,25,8,14.7,83.2,13.9,11.9,9.18,13,38,0,956.2,260,1.1,2.6,103,6,100,60,65,60,57,369,100,21,97
WAE,2019,9,25,9,15,76.3,13,10.9,8.57,12.6,36.7,0,956.5,281,1.5,4.5,139,31,123,72,97,92,69,370,100,21,97
WAE,2019,9,25,10,14.6,82.2,13.6,11.6,8.97,12.8,37.4,0.7,956.5,246,2.1,4.3,133,23,119,70,84,87,67,372,100,21,97
WAE,2019,9,25,11,16.3,74.8,13.8,11.8,9.11,13.6,39.4,0.1,956,247,2.2,6.5,560,651,130,97,252,633,99,357,56,21,97
WAE,2019,9,25,12,17.2,65,12.7,10.6,8.38,13.3,38.5,0,955.6,253,4,7.9,440,467,127,95,116,472,121,354,63,21,97
WAE,2019,9,25,13,18,61.5,12.7,10.5,8.38,13.6,39.3,0,955.1,244,2.8,5.5,479,468,181,108,108,506,319,357,68,21,97
WAE,2019,9,25,14,15.8,74.5,13.4,11.3,8.85,13.2,38.3,3.7,955.1,253,3.3,14.4,309,307,140,83,82,309,295,367,81,21,97
WAE,2019,9,25,15,16.3,69.5,12.9,10.7,8.52,13,37.9,0,955.1,241,3.4,6.4,200,220,102,58,58,194,246,370,88,21,97
WAE,2019,9,25,16,16.2,73.3,13.5,11.4,8.92,13.4,38.9,0,955.2,234,1.5,4.3,164,239,103,60,60,144,294,365,71,21,97
WAE,2019,9,25,17,15.7,75.9,13.5,11.5,8.91,13.2,38.3,0,955.7,249,1.5,3.8,49,135,25,15,15,50,150,360,84,21,97
WAE,2019,9,25,18,14.9,81.9,13.9,11.8,9.18,13.1,38.2,0,956.1,243,1.4,2.6,0,0,0,0,0,0,0,370,100,21,97
WAE,2019,9,25,19,14.7,79.7,13.3,11.2,8.77,12.7,36.9,0.3,956.5,253,1.9,5.9,0,0,0,0,0,0,0,365,94,21,97
WAE,2019,9,25,20,13.6,84.5,13.1,11,8.64,12.1,35.5,0,956.6,211,0.7,2.5,0,0,0,0,0,0,0,352,84,21,97
WAE,2019,9,25,21,13.5,85,13.2,11,8.7,12.1,35.6,0,956.6,189,0.6,1.7,0,0,0,0,0,0,0,368,100,21,97
WAE,2019,9,25,22,13.4,86.3,13.2,11.2,8.7,12.1,35.4,0,956.8,236,0.8,1.6,0,0,0,0,0,0,0,367,100,21,97
WAE,2019,9,25,23,13.3,86.3,13.2,11.1,8.7,12,35.3,0,956.8,194,1.2,2.6,0,0,0,0,0,0,0,367,100,21,97
WAE,2019,9,26,0,13.5,86.2,13.3,11.2,8.77,12.2,35.7,0,957.1,151,1.3,2.5,0,0,0,0,0,0,0,366,100,21,97
WAE,2019,9,26,1,13.4,91.8,14.1,12.1,9.3,12.6,37,0.1,957.2,174,1.1,2,0,0,0,0,0,0,0,366,100,21,97
WAE,2019,9,26,2,13,93.4,14,12,9.23,12.4,36.4,0.6,957.2,153,1,2.2,0,0,0,0,0,0,0,366,100,21,97
WAE,2019,9,26,3,12.8,95.5,14.1,12.1,9.3,12.4,36.3,1.7,957.4,187,0.8,1.4,0,0,0,0,0,0,0,367,100,21,97
WAE,2019,9,26,4,12.8,95.9,14.2,12.2,9.36,12.4,36.5,0.4,957.6,146,0.7,1.3,0,0,0,0,0,0,0,367,100,21,97
WAE,2019,9,26,5,12.9,96,14.2,12.3,9.36,12.5,36.6,0,957.9,124,0.8,2.8,0,0,0,0,0,0,0,368,100,21,97
WAE,2019,9,26,6,13,95.4,14.2,12.3,9.35,12.6,36.7,0.3,958.5,132,1.4,3.2,1,0,1,1,1,1,1,368,100,21,97
WAE,2019,9,26,7,13,95.3,14.2,12.3,9.35,12.6,36.7,0.5,958.9,139,0.9,2,23,0,23,14,14,13,13,369,100,21,97
WAE,2019,9,26,8,13.2,95.2,14.4,12.4,9.48,12.7,37.2,0,959.6,124,1.2,2.7,79,0,79,47,46,44,45,372,100,21,97
WAE,2019,9,26,9,13.4,94.8,14.5,12.6,9.54,12.9,37.6,0.1,960.1,131,1,2.2,104,1,103,62,62,58,59,375,100,21,97
WAE,2019,9,26,10,13.8,94.1,14.8,12.9,9.74,13.3,38.5,0,960.3,112,1.1,2.5,69,0,69,41,41,39,39,378,100,21,97
WAE,2019,9,26,11,14.4,91,14.9,13,9.8,13.6,39.2,0,960.5,106,1.6,3.7,126,0,126,75,74,70,72,381,100,21,97
WAE,2019,9,26,12,15.1,88.3,15.1,13.2,9.94,13.9,40.3,0,960.2,101,1.7,4,282,20,268,159,159,169,157,383,100,21,97
WAE,2019,9,26,13,15.8,84.1,15,13.1,9.87,14.2,40.9,0,960,106,2.7,5,205,14,196,116,116,122,118,385,100,21,97
WAE,2019,9,26,14,16.3,82.5,15.3,13.3,10.07,14.5,41.9,0,959.9,107,2.2,5,122,5,119,71,70,71,72,382,94,21,97
WAE,2019,9,26,15,16.2,82.3,15.2,13.2,10.01,14.4,41.6,0,959.9,119,1.4,4.6,46,0,46,27,27,26,26,384,100,21,97
WAE,2019,9,26,16,16.6,83.2,15.7,13.7,10.35,14.8,42.9,0,959.6,113,0.8,2.3,21,0,21,12,12,12,12,384,100,21,97
WAE,2019,9,26,17,16.2,83,15.3,13.3,10.08,14.4,41.8,0,959.8,131,1.1,2.8,14,0,14,8,8,8,8,384,100,21,97
WAE,2019,9,26,18,15.1,90,15.4,13.5,10.14,14.1,40.8,0,959.9,135,0.4,1.3,0,0,0,0,0,0,0,384,94,21,97
WAE,2019,9,26,19,15.1,91.4,15.7,13.7,10.34,14.2,41.3,0,960.4,198,0.4,1,0,0,0,0,0,0,0,383,100,21,97
WAE,2019,9,26,20,15.4,91.7,16,14.1,10.53,14.6,42.1,0,960.8,121,0.6,1.6,0,0,0,0,0,0,0,369,75,21,97
WAE,2019,9,26,21,15.3,91.2,15.8,13.9,10.4,14.4,41.7,0,960.9,141,0.8,1.7,0,0,0,0,0,0,0,381,100,21,97
WAE,2019,9,26,22,15.1,92.1,15.8,13.8,10.4,14.3,41.5,0,961,156,1,1.6,0,0,0,0,0,0,0,373,88,21,97
WAE,2019,9,26,23,14.9,93.1,15.8,13.8,10.4,14.2,41.3,0,961,153,0.7,1.3,0,0,0,0,0,0,0,378,100,21,97
WAE,2019,9,27,0,14.8,93.1,15.7,13.7,10.33,14.1,41,0,960.8,130,0.8,2.1,0,0,0,0,0,0,0,377,100,21,97
WAE,2019,9,27,1,14.8,93.2,15.7,13.7,10.34,14.1,41,0,960.5,127,0.6,1.8,0,0,0,0,0,0,0,376,100,21,97
WAE,2019,9,27,2,14.9,91.8,15.5,13.6,10.21,14.1,40.8,0,960.2,140,0.8,1.9,0,0,0,0,0,0,0,366,81,21,97
WAE,2019,9,27,3,14.7,93.1,15.6,13.6,10.27,14,40.7,0,960.1,135,0.8,1.8,0,0,0,0,0,0,0,362,75,21,97
WAE,2019,9,27,4,14.7,92,15.4,13.4,10.14,13.9,40.4,0,959.7,139,1.1,2.4,0,0,0,0,0,0,0,364,81,21,97
WAE,2019,9,27,5,14.5,90.8,15,13,9.88,13.6,39.5,0,959.4,139,1,2.3,0,0,0,0,0,0,0,353,66,21,97
WAE,2019,9,27,6,13.8,92.7,14.6,12.6,9.61,13.1,38.2,0,959.3,169,1,1.9,24,98,16,9,108,23,9,341,48,21,97
WAE,2019,9,27,7,14.6,89.1,14.8,12.8,9.75,13.5,39.3,0,959.2,117,1,2.2,32,1,32,19,20,18,18,361,81,21,97
WAE,2019,9,27,8,15.1,86.7,14.9,12.9,9.81,13.8,40,0,959.2,101,1.1,2.3,138,44,122,72,113,93,69,370,88,21,97
WAE,2019,9,27,9,16,84.3,15.3,13.4,10.09,14.4,41.6,0,958.9,90,1.3,3.3,312,274,167,102,289,292,100,372,84,21,97
WAE,2019,9,27,10,17.4,79.1,15.7,13.7,10.36,15.1,43.7,0,958.6,95,2.3,5.3,492,490,198,117,384,519,116,361,35,21,97
WAE,2019,9,27,11,19.4,70.7,15.9,13.9,10.49,16,46.1,0,958.4,180,2.2,6.9,621,747,139,104,320,719,106,357,39,21,97
WAE,2019,9,27,12,21.1,62.1,15.5,13.6,10.23,16.4,47.2,0,957.9,247,3.2,7.8,627,726,151,102,129,729,225,369,43,21,97
WAE,2019,9,27,13,22.3,55.7,15,13,9.9,16.5,47.6,0,957.7,238,3.8,8.8,559,593,194,115,115,615,403,376,65,21,97
WAE,2019,9,27,14,22.9,48.6,13.6,11.5,8.96,15.9,45.8,0,957.7,272,3.8,10.4,465,517,190,109,109,496,476,367,48,21,97
WAE,2019,9,27,15,22.3,53.7,14.4,12.5,9.5,16.2,46.6,0,957.7,294,4.9,10,380,664,97,67,67,445,611,371,43,21,97
WAE,2019,9,27,16,19.7,65.9,15.2,13.2,10.02,15.7,45.2,0,958.4,303,4.4,8.5,113,61,97,57,57,79,116,380,81,21,97
WAE,2019,9,27,17,18.4,70.5,14.9,12.9,9.82,15,43.4,0,958.8,311,1.3,5.3,38,22,35,21,21,25,42,371,71,21,97
WAE,2019,9,27,18,16.8,75.3,14.4,12.4,9.48,14.1,40.9,0,959,225,1.6,3.7,0,0,0,0,0,0,0,373,78,21,97
WAE,2019,9,27,19,16.5,79,14.9,12.8,9.82,14.3,41.4,0,959.1,160,1.5,2.7,0,0,0,0,0,0,0,381,100,21,97
WAE,2019,9,27,20,16,82.4,15,13,9.88,14.2,41.1,0,959.4,297,1.5,4.8,0,0,0,0,0,0,0,380,100,21,97
WAE,2019,9,27,21,15.2,87.9,15.2,13.2,10.01,14,40.6,0,959.4,266,1.7,4.3,0,0,0,0,0,0,0,379,100,21,97
WAE,2019,9,27,22,15,90.4,15.4,13.4,10.15,14,40.7,0,959.4,279,1.3,2.9,0,0,0,0,0,0,0,374,100,21,97
WAE,2019,9,27,23,15.1,91.2,15.6,13.7,10.28,14.2,41.2,0,959.8,280,2.4,4.9,0,0,0,0,0,0,0,377,100,21,97
WAE,2019,9,28,0,14.8,93.2,15.7,13.7,10.34,14.1,41,3,960.4,307,3.2,8.4,0,0,0,0,0,0,0,375,100,21,97
WAE,2019,9,28,1,13.5,90.6,14,12,9.19,12.6,36.8,6,961.6,300,4.3,10.1,0,0,0,0,0,0,0,374,100,22,97
WAE,2019,9,28,2,12.9,90.5,13.5,11.4,8.86,12,35.3,1.7,961.7,280,3.6,9.7,0,0,0,0,0,0,0,369,94,22,97
WAE,2019,9,28,3,13.2,93.1,14.2,12.1,9.32,12.6,36.8,0.1,962.1,252,1.6,3.5,0,0,0,0,0,0,0,368,94,22,97
WAE,2019,9,28,4,13.9,87.6,13.9,11.9,9.11,12.7,37,0,962.5,274,1.4,3.6,0,0,0,0,0,0,0,369,100,22,97
WAE,2019,9,28,5,13.8,85.1,13.4,11.3,8.78,12.3,36.1,0,962.2,261,1.3,3.8,0,0,0,0,0,0,0,368,100,22,97
WAE,2019,9,28,6,13.2,88.7,13.5,11.4,8.85,12.2,35.6,0,962.5,259,1.1,4,9,5,8,5,10,5,5,366,100,22,97
WAE,2019,9,28,7,14,79.3,12.6,10.5,8.25,12,34.9,0,963,259,2.1,4.6,14,0,14,9,9,8,8,366,100,22,97
WAE,2019,9,28,8,14.6,72.3,12,9.7,7.84,11.8,34.5,0,963.7,263,3.7,8.6,172,117,125,72,178,141,70,360,81,22,97
WAE,2019,9,28,9,15.8,65.4,11.7,9.3,7.64,12.1,35.2,0,963.7,277,1.9,4.5,310,187,214,122,269,264,118,362,81,22,97
WAE,2019,9,28,10,16.9,58,11.2,8.6,7.32,12.2,35.5,0,963.4,272,2.9,7.7,530,582,184,111,427,590,111,348,46,22,97
WAE,2019,9,28,11,17.7,55.8,11.3,8.8,7.38,12.6,36.5,0,963.3,292,3.1,7.1,677,864,122,94,335,824,97,344,45,22,97
WAE,2019,9,28,12,18.3,53.6,11.3,8.7,7.39,12.8,37.1,0,962.6,263,2.5,6.1,643,770,141,100,120,767,228,345,39,22,97
WAE,2019,9,28,13,18.8,52.1,11.3,8.8,7.39,13.1,37.6,0,962.4,268,3.7,8.4,528,480,233,129,129,559,372,358,60,22,97
WAE,2019,9,28,14,18.4,58.1,12.3,10,8.05,13.5,38.9,0,962.2,317,2.6,6.3,337,161,250,143,142,271,260,363,78,22,97
WAE,2019,9,28,15,18.3,58.5,12.3,10,8.05,13.5,38.8,0,962.1,285,2.1,4.8,119,26,107,63,62,78,83,370,94,22,97
WAE,2019,9,28,16,18.3,58.1,12.2,9.9,7.99,13.4,38.7,0,961.8,241,1.1,2.3,68,42,56,33,33,51,73,373,100,22,97
WAE,2019,9,28,17,17.6,62.4,12.5,10.3,8.19,13.3,38.4,0,961.9,257,2,4.3,24,10,23,13,13,15,23,368,81,22,97
WAE,2019,9,28,18,16.5,66.2,12.4,10.2,8.12,12.9,37.1,0,962.2,309,1.9,4.3,0,0,0,0,0,0,0,363,81,22,97
WAE,2019,9,28,19,15.6,69.5,12.3,10,8.05,12.4,36.1,0,962.5,257,1.2,2.5,0,0,0,0,0,0,0,359,88,22,97
WAE,2019,9,28,20,14.4,76.6,12.6,10.3,8.25,12,35.3,0,962.6,222,1.2,1.9,0,0,0,0,0,0,0,348,53,22,97
WAE,2019,9,28,21,14.1,75.3,12.1,9.8,7.92,11.7,34.2,0,962.7,261,2.1,3.2,0,0,0,0,0,0,0,327,35,22,97
WAE,2019,9,28,22,13.1,75,11.3,8.8,7.39,10.7,31.8,0,962.6,259,1.6,3,0,0,0,0,0,0,0,322,31,22,97
WAE,2019,9,28,23,12.5,79.6,11.5,9.1,7.52,10.6,31.5,0,962.3,215,1.3,2.8,0,0,0,0,0,0,0,329,33,22,97
WAE,2019,9,29,0,11.6,84.3,11.5,9,7.53,10.2,30.6,0,961.7,167,1.1,3.2,0,0,0,0,0,0,0,319,23,22,97
WAE,2019,9,29,1,11.5,84.4,11.4,9,7.47,10.1,30.4,0,961.2,156,1.3,2.8,0,0,0,0,0,0,0,301,0,21,97
WAE,2019,9,29,2,10.6,88.9,11.4,8.8,7.47,9.6,29.5,0,960.4,180,0.7,2.3,0,0,0,0,0,0,0,300,0,21,97
WAE,2019,9,29,3,10.6,89.4,11.4,8.9,7.48,9.7,29.5,0,960,238,1.2,2,0,0,0,0,0,0,0,300,0,21,97
WAE,2019,9,29,4,10.5,89,11.3,8.8,7.41,9.6,29.2,0,959.5,172,0.9,2.1,0,0,0,0,0,0,0,300,0,21,97
WAE,2019,9,29,5,10.1,91,11.3,8.7,7.42,9.3,28.8,0,959,153,0.8,2.2,0,0,0,0,0,0,0,303,0,21,97
WAE,2019,9,29,6,10.2,89.7,11.2,8.6,7.35,9.3,28.8,0,958.6,198,1,2.9,18,74,12,7,82,19,7,318,13,21,97
WAE,2019,9,29,7,12.1,82.7,11.6,9.2,7.62,10.5,31.4,0,958.2,139,1.1,2.3,162,514,54,33,535,201,33,303,0,21,97
WAE,2019,9,29,8,13.5,84.3,13,10.9,8.55,12,35.2,0,958.2,81,1.4,3.1,339,747,72,51,706,428,53,302,0,21,97
WAE,2019,9,29,9,14.7,77.9,13,10.9,8.56,12.5,36.4,0,957.7,76,1.7,3.1,454,698,116,75,594,547,77,305,0,21,97
WAE,2019,9,29,10,16,72,13.1,11,8.63,13.1,37.9,0,956.9,80,1.8,3.3,577,808,105,83,489,709,85,308,0,21,97
WAE,2019,9,29,11,17.2,63.1,12.4,10.1,8.17,13.1,38,0,955.9,84,1.9,3.7,697,906,120,93,342,861,96,310,0,21,97
WAE,2019,9,29,12,18.2,60.4,12.6,10.4,8.32,13.6,39.4,0,955.1,86,1.5,4.1,653,818,125,93,117,798,224,322,23,21,97
WAE,2019,9,29,13,19,58.8,12.9,10.8,8.52,14.1,40.7,0,954.6,67,1.5,3.3,591,747,136,92,92,712,426,332,16,21,97
WAE,2019,9,29,14,19.9,57.4,13.4,11.2,8.86,14.7,42.5,0,954.3,63,1.1,3.2,514,782,102,75,76,634,584,316,0,21,97
WAE,2019,9,29,15,20.4,58.2,13.9,11.9,9.2,15.2,43.9,0,953.6,113,1.2,3.3,391,684,105,68,68,473,634,349,48,21,97
WAE,2019,9,29,16,20.1,61.8,14.5,12.5,9.61,15.4,44.6,0,952.7,127,1.1,3.6,169,300,99,57,57,169,350,357,56,21,97
WAE,2019,9,29,17,18,73.7,15.1,13.2,10.02,15.1,43.5,0,952.4,129,1.2,4.1,43,121,24,16,16,48,136,325,19,21,97
WAE,2019,9,29,18,16.1,78.2,14.3,12.3,9.48,13.8,40.2,0,952.3,261,0.7,1.8,0,0,0,0,0,0,0,349,50,21,97
WAE,2019,9,29,19,16.6,72.1,13.6,11.6,9.01,13.6,39.5,0,952.6,187,1.2,2.7,0,0,0,0,0,0,0,372,94,21,97
WAE,2019,9,29,20,17.2,62.7,12.3,10,8.13,13,37.9,0,953,214,1.2,2.9,0,0,0,0,0,0,0,376,94,21,97
WAE,2019,9,29,21,16.2,60.7,11.1,8.6,7.33,11.9,34.8,0,952.8,264,1.6,5.5,0,0,0,0,0,0,0,365,68,21,97
WAE,2019,9,29,22,20.7,40.9,10,7,6.6,13,37.6,0,952.6,268,5.1,13.3,0,0,0,0,0,0,0,349,41,21,97
WAE,2019,9,29,23,21.1,42.6,10.7,7.9,7.06,13.6,39.2,0,953.2,272,7.3,16.3,0,0,0,0,0,0,0,333,29,21,97
WAE,2019,9,30,0,20.8,45.1,11.1,8.5,7.32,13.7,39.5,0,954.1,275,7.1,15,0,0,0,0,0,0,0,351,50,21,97
WAE,2019,9,30,1,20.1,50.3,11.9,9.5,7.85,13.9,40.1,0,954.7,274,4.6,11.8,0,0,0,0,0,0,0,360,71,21,97
WAE,2019,9,30,2,19.4,56.1,12.6,10.4,8.32,14.1,40.6,0,955.1,283,4.2,11,0,0,0,0,0,0,0,348,49,21,97
WAE,2019,9,30,3,18.7,60.3,13,10.9,8.58,14.1,40.6,0,955.3,276,4.7,11.2,0,0,0,0,0,0,0,333,29,21,97
WAE,2019,9,30,4,18.1,62.9,13.1,10.9,8.64,13.8,40.1,0,955.9,285,5.3,12.3,0,0,0,0,0,0,0,332,33,21,97
WAE,2019,9,30,5,17.1,69.9,13.6,11.6,8.97,13.8,39.9,0,956.7,297,4.5,14.1,0,0,0,0,0,0,0,353,65,21,97
WAE,2019,9,30,6,15.5,78.1,13.7,11.7,9.03,13.3,38.4,0,957.5,302,3.6,7.5,10,7,9,6,12,6,5,368,71,21,97
WAE,2019,9,30,7,15.5,75.6,13.2,11.2,8.69,13,37.6,0,958.5,293,1.4,4.5,53,9,51,30,39,32,29,372,100,21,97
WAE,2019,9,30,8,15,78.2,13.3,11.2,8.74,12.8,37.2,0,959.5,311,3,7.6,72,6,70,42,47,42,40,374,94,21,97
WAE,2019,9,30,9,15,76.3,13,10.9,8.54,12.6,36.7,0,960.2,311,2.9,6.1,145,10,141,83,90,86,80,375,100,21,97
WAE,2019,9,30,10,15,74.6,12.7,10.5,8.33,12.4,36.2,0,960.6,333,1.8,5,109,0,109,65,64,61,62,377,100,21,97
WAE,2019,9,30,11,15.6,71.7,12.7,10.5,8.34,12.6,36.8,0,960.4,45,1.1,2.3,327,104,260,150,187,247,144,378,94,21,97
WAE,2019,9,30,12,16.2,70,12.9,10.7,8.47,13,37.7,0,960.2,18,1.1,2.8,58,0,58,34,34,32,33,375,100,21,97
WAE,2019,9,30,13,17.1,66.2,12.9,10.7,8.47,13.3,38.7,0,959.8,37,0.9,2.3,324,232,189,115,114,298,235,371,84,21,97
WAE,2019,9,30,14,17.6,65.6,13.2,11.1,8.68,13.8,39.7,0,959.6,28,1.5,2.7,517,794,101,75,76,646,587,352,45,21,97
WAE,2019,9,30,15,18,63.1,13,10.9,8.54,13.8,39.8,0,959.4,321,1.5,3.9,375,666,102,65,65,461,620,345,48,21,97
WAE,2019,9,30,16,17.1,67.1,13,10.9,8.56,13.5,38.9,0,959.4,312,2.4,4,90,32,82,49,48,59,78,354,64,21,97
WAE,2019,9,30,17,16.2,71.1,13,10.9,8.54,13.1,37.9,0,959.3,315,1,3.4,15,0,15,10,10,10,10,345,55,21,97
WAE,2019,9,30,18,15,75.8,12.8,10.7,8.44,12.5,36.4,0,959.3,141,0.7,1.8,0,0,0,0,0,0,0,339,45,21,97
WAE,2019,9,30,19,14.1,79.3,12.7,10.5,8.34,12,35.2,0,959.3,183,2.1,3,0,0,0,0,0,0,0,328,16,21,97
WAE,2019,9,30,20,13.4,81.2,12.4,10.2,8.17,11.6,34.1,0,959,180,1.1,2.3,0,0,0,0,0,0,0,320,0,21,97
WAE,2019,9,30,21,12.7,82.8,12.1,9.8,7.96,11.1,32.8,0,958.6,204,1.8,2.7,0,0,0,0,0,0,0,327,10,21,97
WAE,2019,9,30,22,12.1,83.4,11.8,9.4,7.76,10.6,31.8,0,958.2,180,1.6,3,0,0,0,0,0,0,0,325,6,21,97
WAE,2019,9,30,23,11.8,82,11.4,8.8,7.47,10.2,30.7,0,957.6,180,0.7,1.7,0,0,0,0,0,0,0,322,0,21,97
WAE,2008,10,1,0,11.6,80.7,11,8.3,7.23,9.8,29.9,0.1,957,258,2,6.4,0,0,0,0,0,0,0,354,100,23,97
WAE,2008,10,1,1,11.5,78,10.6,7.8,6.96,9.5,29.1,0,956.4,270,1.3,5.4,0,0,0,0,0,0,0,353,100,23,97
WAE,2008,10,1,2,11.5,76,10.3,7.3,6.76,9.3,28.6,0,955.9,254,3.3,7.8,0,0,0,0,0,0,0,353,100,23,97
WAE,2008,10,1,3,11.6,72.7,9.9,6.8,6.52,9.1,28.1,0,955.5,234,2.7,6.1,0,0,0,0,0,0,0,353,100,23,97
WAE,2008,10,1,4,11.7,70.5,9.7,6.5,6.37,9,27.8,0,955.2,242,2.8,7.8,0,0,0,0,0,0,0,353,100,23,97
WAE,2008,10,1,5,12,68,9.5,6.2,6.25,9,27.8,0,955.1,235,2.8,7.5,1,0,1,1,1,0,0,353,100,23,97
WAE,2008,10,1,6,12.2,65.5,9.3,5.9,6.11,9,27.7,0,955.1,250,3.3,6.7,12,0,12,7,7,7,7,354,100,23,97
WAE,2008,10,1,7,12.8,62.9,9.3,5.9,6.09,9.2,28.3,0,955.2,256,3.4,7.2,105,109,61,36,132,104,35,356,94,23,97
WAE,2008,10,1,8,13.3,60.4,9.3,5.8,6.11,9.4,28.8,0,955.5,265,3.8,9.6,441,611,142,91,534,526,92,336,51,23,97
WAE,2008,10,1,9,14.9,57.6,9.7,6.6,6.38,10.5,31.1,0,955.3,254,4,10.5,512,582,179,113,428,593,113,339,53,23,97
WAE,2008,10,1,10,15.8,55,9.9,6.8,6.51,10.9,32.4,0,955.3,260,4.5,12.1,517,428,248,145,292,544,143,334,56,23,97
WAE,2008,10,1,11,16.9,53,10.2,7.3,6.72,11.6,34,0,954.8,283,5.6,12.3,645,834,117,96,117,817,232,321,33,23,97
WAE,2008,10,1,12,17.3,51.4,10.1,7.2,6.66,11.7,34.3,0,953.9,279,5.6,11,488,502,186,116,116,551,341,324,59,23,97
WAE,2008,10,1,13,16.7,52.7,10,7,6.59,11.4,33.5,0,953.8,285,5.1,10.8,55,0,55,33,33,31,32,353,100,23,97
WAE,2008,10,1,14,16.7,53.7,10.2,7.3,6.73,11.5,33.8,0,953.6,279,4.9,11.4,18,0,18,11,11,10,11,361,100,23,97
WAE,2008,10,1,15,16.1,56.9,10.4,7.6,6.86,11.4,33.5,0,953.5,276,2.8,6.8,10,0,10,6,6,6,6,360,100,23,97
WAE,2008,10,1,16,15.7,57.7,10.3,7.4,6.79,11.2,33,0,953.6,279,3.2,9.4,2,0,2,1,1,1,1,359,100,23,97
WAE,2008,10,1,17,14.8,59.9,10.1,7.1,6.65,10.6,31.7,0,954.2,279,3.3,9.7,0,0,0,0,0,0,0,362,100,23,97
WAE,2008,10,1,18,14.2,63.3,10.3,7.3,6.78,10.5,31.4,0,954.6,281,2.2,6.4,0,0,0,0,0,0,0,362,100,23,97
WAE,2008,10,1,19,14.3,59.9,9.8,6.6,6.45,10.2,30.7,0,954.7,261,3.6,11.2,0,0,0,0,0,0,0,361,94,23,97
WAE,2008,10,1,20,14.2,60.3,9.8,6.6,6.45,10.1,30.6,0,954.6,258,1.9,8.1,0,0,0,0,0,0,0,360,100,23,97
WAE,2008,10,1,21,14.1,61.6,9.9,6.8,6.52,10.2,30.6,0,954.4,270,1.1,4,0,0,0,0,0,0,0,359,100,23,97
WAE,2008,10,1,22,14,62.2,9.9,6.9,6.52,10.2,30.6,0,954,225,0.8,4.5,0,0,0,0,0,0,0,359,100,23,97
WAE,2008,10,1,23,14.1,59.5,9.6,6.3,6.32,10,30.2,0,953.9,295,1.7,4.3,0,0,0,0,0,0,0,358,100,23,97
WAE,2008,10,2,0,13.6,61.7,9.6,6.4,6.33,9.8,29.6,0,953.6,286,1.8,5.4,0,0,0,0,0,0,0,349,100,23,97
WAE,2008,10,2,1,13.6,61.8,9.6,6.4,6.33,9.8,29.7,0,953.3,291,2.5,6.9,0,0,0,0,0,0,0,334,88,23,97
WAE,2008,10,2,2,13.2,66.2,10.1,7,6.66,9.9,30.1,0,953.1,267,2,6.1,0,0,0,0,0,0,0,332,100,23,97
WAE,2008,10,2,3,12.8,68,10,7,6.6,9.7,29.5,0,953,278,0.9,4.2,0,0,0,0,0,0,0,331,100,23,97
WAE,2008,10,2,4,12.7,65.1,9.6,6.3,6.33,9.3,28.7,0,952.9,291,1.7,4.5,0,0,0,0,0,0,0,347,100,23,97
WAE,2008,10,2,5,12,70.4,9.8,6.8,6.46,9.3,28.4,0,952.8,294,1.1,3,8,5,8,5,10,5,4,346,94,23,97
WAE,2008,10,2,6,11.9,73.2,10.2,7.3,6.73,9.5,28.9,0,952.6,297,0.5,2.8,38,4,37,23,26,23,22,323,90,23,97
WAE,2008,10,2,7,12.5,70.6,10.2,7.3,6.73,9.7,29.5,0,952.9,315,0.9,2.8,245,379,103,64,391,282,63,319,54,23,97
WAE,2008,10,2,8,13.7,61.8,9.6,6.5,6.33,9.9,29.8,0,953.4,277,2.6,11.7,244,256,133,78,289,250,77,337,75,23,97
WAE,2008,10,2,9,13.5,62,9.6,6.4,6.33,9.7,29.5,0,953.4,293,4.2,10.1,125,42,99,58,82,96,56,357,94,23,97
WAE,2008,10,2,10,13,65.2,9.8,6.6,6.46,9.6,29.4,0,953.2,304,2.9,10.1,59,0,59,36,36,34,34,358,94,23,97
WAE,2008,10,2,11,13.1,64.6,9.7,6.6,6.4,9.7,29.3,0,952.7,343,1.2,7.5,32,0,32,19,19,18,18,359,100,23,97
WAE,2008,10,2,12,13.2,63.8,9.7,6.5,6.4,9.7,29.4,0,952.3,344,0.8,2.9,51,0,51,31,30,29,29,359,100,23,97
WAE,2008,10,2,13,13.1,67,10.1,7.1,6.67,9.9,30,0,952.1,69,1,3.2,31,0,31,18,18,17,18,358,100,23,97
WAE,2008,10,2,14,12.3,76.5,10.9,8.3,7.2,10.1,30.5,0,952,125,1.3,3.3,18,0,18,11,11,10,11,356,100,23,97
WAE,2008,10,2,15,12,76.1,10.7,7.9,7.07,9.8,29.9,0,952.1,98,0.9,2.1,10,0,10,6,6,6,6,354,100,23,97
WAE,2008,10,2,16,11.8,74.9,10.4,7.5,6.87,9.5,29.2,0,952.2,285,1.3,3.1,2,0,2,1,1,1,1,353,100,23,97
WAE,2008,10,2,17,11.1,78.2,10.3,7.5,6.8,9.2,28.3,0.3,952.5,255,1.6,4.4,0,0,0,0,0,0,0,351,100,23,97
WAE,2008,10,2,18,10.4,84.9,10.7,8,7.07,9.1,28.3,0,952.7,176,1.6,3,0,0,0,0,0,0,0,350,100,23,97
WAE,2008,10,2,19,10.4,88.9,11.2,8.7,7.4,9.5,29.1,0,952.8,114,1.1,4.6,0,0,0,0,0,0,0,349,100,23,97
WAE,2008,10,2,20,9.9,92,11.3,8.7,7.47,9.3,28.8,0,952.4,153,1,2.6,0,0,0,0,0,0,0,332,78,23,97
WAE,2008,10,2,21,9.3,90.5,10.6,7.8,7,8.5,27,0,952.5,207,1.2,2.5,0,0,0,0,0,0,0,346,100,23,97
WAE,2008,10,2,22,9.4,86.2,10.1,7.2,6.66,8.3,26.2,1,952.8,249,1.9,5.9,0,0,0,0,0,0,0,345,100,23,97
WAE,2008,10,2,23,9.4,80.8,9.5,6.3,6.26,7.8,25.2,0.3,952.9,256,3,7.7,0,0,0,0,0,0,0,344,100,23,97
WAE,2008,10,3,0,9.1,82.8,9.6,6.3,6.33,7.7,25.1,0,952.6,242,1.8,4.5,0,0,0,0,0,0,0,343,100,23,97
WAE,2008,10,3,1,9,83.2,9.5,6.3,6.27,7.6,24.8,0,952.2,240,1.6,3.7,0,0,0,0,0,0,0,342,100,23,97
WAE,2008,10,3,2,8.8,83.2,9.4,6.1,6.2,7.4,24.5,0.7,951.9,251,2.2,3.6,0,0,0,0,0,0,0,341,100,23,97
WAE,2008,10,3,3,8.2,89.1,9.7,6.5,6.4,7.3,24.3,0.7,951.8,205,2.2,3,0,0,0,0,0,0,0,340,100,23,97
WAE,2008,10,3,4,7.8,89.3,9.4,6.2,6.21,7,23.4,0.1,951.6,225,1.9,3.6,0,0,0,0,0,0,0,339,100,23,97
WAE,2008,10,3,5,7.7,90.7,9.5,6.3,6.27,7,23.5,0,951.5,287,1.4,3.4,1,0,1,0,0,0,0,339,100,23,97
WAE,2008,10,3,6,7.4,90,9.3,5.9,6.13,6.7,22.8,3.3,952.5,291,2.4,7.5,10,0,10,6,6,6,6,338,100,23,97
WAE,2008,10,3,7,6.6,91.2,8.9,5.3,5.86,6,21.3,3.2,953.5,277,2.9,7.2,64,2,63,38,39,37,37,338,100,23,97
WAE,2008,10,3,8,6.4,88.3,8.5,4.6,5.59,5.5,20.5,1.8,954.7,263,2.6,6.6,91,11,86,52,61,57,50,338,100,23,97
WAE,2008,10,3,9,6.5,90.7,8.8,5.1,5.79,5.8,21.1,0.7,954.5,301,0.7,5.1,83,0,83,50,50,47,48,338,100,23,97
WAE,2008,10,3,10,6.6,85.9,8.4,4.4,5.52,5.5,20.5,0,954.6,294,1.6,8.2,134,3,132,80,81,78,77,338,100,23,97
WAE,2008,10,3,11,7.6,88.4,9.2,5.8,6.05,6.7,22.9,0.3,954.5,90,1,3.1,199,12,191,115,114,121,114,338,100,23,97
WAE,2008,10,3,12,7,90,9,5.5,5.92,6.3,21.9,2.3,954.8,27,1.8,5.1,93,0,93,56,56,53,54,337,100,23,97
WAE,2008,10,3,13,7.8,86.4,9.1,5.7,5.99,6.8,22.9,0,954.8,128,1.4,3.7,123,5,121,73,73,73,73,336,100,23,97
WAE,2008,10,3,14,7.6,89.4,9.3,6,6.12,6.8,23,0.3,955,96,1,3,137,97,99,58,57,120,143,335,88,23,97
WAE,2008,10,3,15,7.7,87.9,9.3,5.8,6.12,6.8,23.1,0,955.1,111,1,4.1,92,135,67,40,40,86,173,323,88,23,97
WAE,2008,10,3,16,7.9,89,9.5,6.2,6.25,7,23.6,0,955.4,157,0.8,1.9,9,0,9,5,5,5,5,322,94,23,97
WAE,2008,10,3,17,7.3,85,8.7,4.9,5.71,6.1,21.7,0,955.7,205,2.1,4.1,0,0,0,0,0,0,0,307,94,23,97
WAE,2008,10,3,18,6.8,79.6,7.9,3.5,5.18,5.2,19.9,0,955.7,209,2.6,4,0,0,0,0,0,0,0,290,55,23,97
WAE,2008,10,3,19,6.4,76.2,7.3,2.5,4.79,4.6,18.4,0,956.1,238,3.2,5,0,0,0,0,0,0,0,302,48,23,97
WAE,2008,10,3,20,5.2,84.4,7.4,2.8,4.85,4.1,17.4,0,956.4,235,1.6,3.2,0,0,0,0,0,0,0,313,48,23,97
WAE,2008,10,3,21,5.3,83.8,7.5,2.8,4.91,4.2,17.6,0,956.9,243,0.8,4.4,0,0,0,0,0,0,0,319,81,23,97
WAE,2008,10,3,22,6.7,75.2,7.4,2.6,4.84,4.8,18.9,0.5,957.8,257,4.8,12.2,0,0,0,0,0,0,0,326,100,23,97
WAE,2008,10,3,23,5.6,84.4,7.7,3.2,5.04,4.5,18.3,0.7,958.1,253,5.8,12.8,0,0,0,0,0,0,0,324,100,23,97
WAE,2008,10,4,0,5.8,83.7,7.7,3.3,5.04,4.6,18.5,0,958.5,248,5,10.2,0,0,0,0,0,0,0,324,100,24,97
WAE,2008,10,4,1,5.8,83.2,7.7,3.2,5.04,4.6,18.5,0.3,958.8,246,5.2,9.5,0,0,0,0,0,0,0,323,100,24,97
WAE,2008,10,4,2,5.8,81.7,7.5,2.9,4.9,4.5,18.1,0,958.8,254,3.6,7.6,0,0,0,0,0,0,0,316,81,24,97
WAE,2008,10,4,3,5.7,78.2,7.2,2.2,4.71,4.1,17.5,0,959,245,3.9,9.9,0,0,0,0,0,0,0,315,78,24,97
WAE,2008,10,4,4,6.1,73,6.9,1.6,4.51,4.1,17.4,0.2,959.3,245,4.2,9.2,0,0,0,0,0,0,0,323,100,24,97
WAE,2008,10,4,5,5.2,82.4,7.3,2.5,4.77,4,17.2,1.5,959.7,252,4.1,10.4,1,0,1,1,1,1,1,323,100,24,97
WAE,2008,10,4,6,5.4,84.2,7.5,3,4.9,4.3,17.7,0.2,960.5,259,3.8,9.6,39,7,38,23,30,24,22,323,100,24,97
WAE,2008,10,4,7,5.4,86,7.7,3.3,5.02,4.4,18,0.3,961.5,253,3.9,7.5,109,7,108,65,71,65,63,325,100,24,97
WAE,2008,10,4,8,6.1,82.2,7.7,3.3,5.02,4.8,18.7,0,962.4,272,3.1,10,108,1,107,65,65,62,62,328,100,24,97
WAE,2008,10,4,9,6.5,79.8,7.8,3.3,5.08,5,19.3,0,963,259,3.9,9.3,117,34,98,58,77,88,56,329,100,24,97
WAE,2008,10,4,10,7.3,79.1,8.1,3.9,5.27,5.7,20.6,0.2,963.4,246,4.3,10.3,106,5,103,62,63,64,60,331,100,24,97
WAE,2008,10,4,11,7.4,81.4,8.3,4.4,5.4,6,21,0.5,963.5,241,4.5,8.6,195,35,173,104,109,134,104,333,100,24,97
WAE,2008,10,4,12,8.6,72.8,8.1,4,5.28,6.4,21.9,0,963.2,249,3.1,6.7,250,201,131,81,81,256,168,324,88,24,97
WAE,2008,10,4,13,7.5,81.2,8.4,4.5,5.47,6,21.3,1.4,963.7,244,3.9,9.6,90,0,90,55,54,52,53,333,100,24,97
WAE,2008,10,4,14,6.5,82.7,8,3.8,5.21,5.2,19.6,0.1,963.8,234,4.2,10.2,29,0,29,18,17,17,17,331,100,24,97
WAE,2008,10,4,15,6.8,83.8,8.3,4.3,5.4,5.6,20.4,0.1,963.8,262,1.5,5.3,98,88,77,46,46,84,131,330,94,24,97
WAE,2008,10,4,16,6.6,81.8,8,3.7,5.2,5.2,19.7,0,964.1,216,1.4,3.3,4,0,4,2,2,2,2,329,100,24,97
WAE,2008,10,4,17,6.1,83.3,7.9,3.5,5.14,4.9,19,0,964.3,207,2.3,3.6,0,0,0,0,0,0,0,327,100,24,97
WAE,2008,10,4,18,5.8,87.4,8.1,3.9,5.27,4.9,19,0,964.6,184,1.6,2.8,0,0,0,0,0,0,0,322,100,24,97
WAE,2008,10,4,19,5.5,88.4,8,3.7,5.2,4.7,18.6,0,964.4,162,1.9,3.5,0,0,0,0,0,0,0,314,81,24,97
WAE,2008,10,4,20,4.3,91.5,7.6,3,4.94,3.7,16.7,0,964.2,191,1.2,2.3,0,0,0,0,0,0,0,309,65,24,97
WAE,2008,10,4,21,3.5,91.6,7.2,2.3,4.68,3,15.2,0,963.8,225,1,2,0,0,0,0,0,0,0,310,84,24,97
WAE,2008,10,4,22,3.3,90.4,7,1.9,4.55,2.7,14.7,0,963.4,225,0.9,2,0,0,0,0,0,0,0,315,94,24,97
WAE,2008,10,4,23,3.5,88.4,6.9,1.8,4.49,2.8,14.8,0,963.2,229,0.9,2.5,0,0,0,0,0,0,0,310,59,24,97
WAE,2008,10,5,0,2.9,90.4,6.8,1.5,4.42,2.3,14,0,963.1,236,1.3,2.3,0,0,0,0,0,0,0,287,31,21,97
WAE,2008,10,5,1,2.7,90.5,6.7,1.3,4.36,2.1,13.6,0,962.7,196,0.9,2.3,0,0,0,0,0,0,0,291,33,21,97
WAE,2008,10,5,2,2.7,89.1,6.6,1.1,4.3,2,13.5,0,961.9,171,1.4,2.8,0,0,0,0,0,0,0,288,26,21,97
WAE,2008,10,5,3,2.6,89.9,6.6,1.1,4.3,2,13.4,0,961.8,163,1.1,3,0,0,0,0,0,0,0,285,23,21,97
WAE,2008,10,5,4,2.1,90.6,6.4,0.7,4.17,1.5,12.5,0,961.2,212,1.6,3.8,0,0,0,0,0,0,0,281,13,21,97
WAE,2008,10,5,5,2.2,90.1,6.5,0.7,4.24,1.6,12.8,0,961,157,1,2.8,10,46,7,4,50,13,4,282,0,21,97
WAE,2008,10,5,6,3.2,87.3,6.7,1.3,4.37,2.4,14.1,0,961.1,252,0.5,1.6,136,439,56,32,461,191,32,280,25,21,97
WAE,2008,10,5,7,5.3,79.4,7.1,2,4.63,3.8,16.9,0,961,301,0.6,1.8,301,672,79,51,639,415,52,286,6,21,97
WAE,2008,10,5,8,6.6,78,7.6,3,4.96,4.9,19.1,0,960.7,67,1.3,3.1,447,770,94,67,615,601,69,278,0,21,97
WAE,2008,10,5,9,7.6,75.9,7.9,3.6,5.16,5.7,20.6,0,960.3,67,1.3,2.8,565,854,92,76,496,756,79,255,0,21,97
WAE,2008,10,5,10,8.9,60.5,6.9,1.7,4.5,5.6,20.3,0,959.8,75,1.6,2.7,609,804,123,88,304,794,91,269,13,21,97
WAE,2008,10,5,11,9.9,56.5,6.9,1.7,4.51,6.1,21.3,0,959.2,77,1.8,3,608,768,137,97,116,777,216,299,50,21,97
WAE,2008,10,5,12,10.7,60.5,7.8,3.4,5.1,7.2,23.6,0,958.6,79,1.6,3.1,455,350,255,139,139,465,329,344,94,21,97
WAE,2008,10,5,13,11.4,58.4,7.9,3.5,5.17,7.5,24.5,0,958,78,1.5,2.7,424,520,170,98,98,499,463,330,78,21,97
WAE,2008,10,5,14,11.8,60,8.3,4.3,5.44,8.1,25.6,0,957.7,67,0.8,2.4,241,186,170,97,96,217,259,339,100,21,97
WAE,2008,10,5,15,11.8,65.5,9.1,5.6,5.97,8.6,26.9,0,957.6,117,0.3,0.8,95,37,85,50,50,66,84,343,100,21,97
WAE,2008,10,5,16,10.9,70.2,9.2,5.7,6.03,8.2,26.2,0,957.7,164,0.8,2.1,11,3,10,6,6,7,9,343,100,21,97
WAE,2008,10,5,17,10,75.6,9.3,5.9,6.1,7.9,25.4,0,957.9,162,1.5,3.5,0,0,0,0,0,0,0,343,100,21,97
WAE,2008,10,5,18,9.8,72.7,8.8,5.1,5.77,7.4,24.4,0,957.5,155,1.4,3.5,0,0,0,0,0,0,0,335,71,21,97
WAE,2008,10,5,19,9.4,80.1,9.4,6.1,6.16,7.7,25,0,957.8,127,0.7,3.1,0,0,0,0,0,0,0,339,100,21,97
WAE,2008,10,5,20,9.5,82.2,9.8,6.6,6.43,8,25.7,0,958.1,212,1.1,2.5,0,0,0,0,0,0,0,336,88,21,97
WAE,2008,10,5,21,10.3,71.3,9,5.3,5.89,7.8,25.2,0,958.8,234,1.8,3.4,0,0,0,0,0,0,0,340,100,21,97
WAE,2008,10,5,22,10.8,67.1,8.7,4.9,5.69,7.8,25.2,0,959.3,196,1.9,5.2,0,0,0,0,0,0,0,332,88,21,97
WAE,2008,10,5,23,10.1,79.5,9.8,6.7,6.42,8.3,26.3,0.1,959.5,163,1.4,4.2,0,0,0,0,0,0,0,326,78,21,97
WAE,2008,10,6,0,10,79.6,9.7,6.6,6.35,8.2,26,0,959.6,151,1,2.7,0,0,0,0,0,0,0,301,40,21,97
WAE,2008,10,6,1,9.8,78,9.4,6.2,6.15,8,25.3,0,959.6,184,1.7,4.9,0,0,0,0,0,0,0,306,35,21,97
WAE,2008,10,6,2,9,85.6,9.8,6.7,6.42,7.8,25.2,0,959.4,150,1.6,4.2,0,0,0,0,0,0,0,301,39,21,97
WAE,2008,10,6,3,9,82.8,9.5,6.2,6.22,7.6,24.7,0,959.7,180,0.9,2.7,0,0,0,0,0,0,0,311,88,21,97
WAE,2008,10,6,4,10,79,9.7,6.5,6.35,8.2,26,0,960.2,175,2.3,5.5,0,0,0,0,0,0,0,308,100,21,97
WAE,2008,10,6,5,11.5,71.8,9.7,6.6,6.34,8.9,27.6,0,960.6,180,1.7,6.1,4,1,4,2,4,2,2,318,100,21,97
WAE,2008,10,6,6,10.6,79.1,10.1,7.1,6.61,8.8,27.3,0,960.8,137,1.7,3.9,60,32,54,32,63,43,30,326,78,21,97
WAE,2008,10,6,7,11.4,78.7,10.6,7.8,6.93,9.5,28.9,0,961.7,144,1.8,4.5,148,44,132,78,117,101,75,332,100,21,97
WAE,2008,10,6,8,12.6,75.8,11.1,8.4,7.26,10.3,31,0,962,131,1.5,3.8,302,231,195,112,286,285,109,332,69,21,97
WAE,2008,10,6,9,13.9,70.1,11.1,8.5,7.26,10.9,32.3,0,962,95,1.2,3.2,142,14,134,79,86,88,76,351,94,21,97
WAE,2008,10,6,10,13.7,71.2,11.2,8.6,7.33,10.9,32.3,0,962.2,101,1.6,4,357,212,228,136,182,326,132,360,73,21,97
WAE,2008,10,6,11,14.8,67.1,11.3,8.8,7.39,11.4,33.6,0,962,106,1.5,4.7,261,217,128,82,101,269,81,345,84,21,97
WAE,2008,10,6,12,14.9,71.3,12,9.8,7.86,12,34.8,0,962.2,90,1.3,3,64,0,64,38,38,36,36,371,100,21,97
WAE,2008,10,6,13,15.5,70.8,12.5,10.2,8.19,12.4,36.3,0.3,962.3,246,2.3,5.7,63,0,63,37,37,35,36,370,100,21,97
WAE,2008,10,6,14,14.9,80.4,13.6,11.6,8.92,13,37.5,0.3,962.3,230,1.8,4,20,0,20,12,12,11,11,369,100,21,97
WAE,2008,10,6,15,14.7,81.6,13.6,11.6,8.92,12.9,37.3,0,962.2,135,1.2,4.1,31,2,30,18,18,18,19,369,94,21,97
WAE,2008,10,6,16,13.7,88.6,13.9,11.9,9.12,12.6,36.8,0,962.3,122,1.1,3.7,11,0,11,7,7,7,7,356,51,21,97
WAE,2008,10,6,17,12.9,91.4,13.6,11.5,8.91,12.1,35.5,0,962.5,315,0.6,3.5,0,0,0,0,0,0,0,355,63,21,97
WAE,2008,10,6,18,12.4,92.6,13.3,11.2,8.71,11.7,34.4,0,962.8,207,0.8,2.3,0,0,0,0,0,0,0,332,45,21,97
WAE,2008,10,6,19,12.3,91.6,13.1,11,8.58,11.6,34,0,963,187,0.8,3.1,0,0,0,0,0,0,0,346,71,21,97
WAE,2008,10,6,20,12.2,91.4,13,10.8,8.51,11.4,33.7,0.1,963.5,169,0.6,1.7,0,0,0,0,0,0,0,354,74,21,97
WAE,2008,10,6,21,12.1,93.1,13.2,11,8.64,11.5,34,0.2,963.6,162,1.3,3.2,0,0,0,0,0,0,0,353,71,21,97
WAE,2008,10,6,22,12.1,95.9,13.5,11.5,8.84,11.8,34.5,0.8,963.6,141,0.8,1.9,0,0,0,0,0,0,0,356,100,21,97
WAE,2008,10,6,23,12.1,95.8,13.5,11.5,8.84,11.8,34.5,1.8,963.7,157,1.5,3.3,0,0,0,0,0,0,0,355,88,21,97
WAE,2008,10,7,0,11.9,97.4,13.6,11.5,8.9,11.7,34.4,1.1,963.6,114,1,2.7,0,0,0,0,0,0,0,344,94,20,97
WAE,2008,10,7,1,11.9,97.6,13.6,11.5,8.91,11.7,34.4,0.6,963.5,102,1.5,5,0,0,0,0,0,0,0,343,94,20,97
WAE,2008,10,7,2,11.8,98.1,13.6,11.5,8.91,11.6,34.3,1.2,963.1,95,1.2,3.9,0,0,0,0,0,0,0,333,69,20,97
WAE,2008,10,7,3,11.9,97.4,13.5,11.5,8.84,11.7,34.3,0,962.9,124,0.8,3.3,0,0,0,0,0,0,0,331,65,20,97
WAE,2008,10,7,4,11.9,97.3,13.5,11.5,8.84,11.7,34.3,0,962.9,101,0.7,3,0,0,0,0,0,0,0,334,78,20,97
WAE,2008,10,7,5,11.8,97,13.4,11.3,8.78,11.5,34,0,962.7,135,0.8,2.4,0,0,0,0,0,0,0,348,84,20,97
WAE,2008,10,7,6,11.6,96.4,13.1,11,8.58,11.3,33.3,0,962.4,129,0.6,1.8,72,95,52,30,122,70,29,355,88,20,97
WAE,2008,10,7,7,12.3,93.6,13.4,11.3,8.79,11.7,34.5,0,962.1,98,0.8,2.6,205,222,135,76,280,201,74,348,81,20,97
WAE,2008,10,7,8,13.1,89.8,13.5,11.5,8.86,12.2,35.5,0,961.6,104,0.9,2.4,337,400,149,90,364,384,88,352,71,20,97
WAE,2008,10,7,9,14.3,80.6,13.1,11,8.59,12.4,36.1,0,961.4,60,0.8,2,433,413,207,118,342,474,116,338,65,20,97
WAE,2008,10,7,10,15.3,75.2,13,10.9,8.53,12.7,37,0,961.1,53,0.5,1.4,287,50,258,150,171,191,144,369,100,20,97
WAE,2008,10,7,11,15.6,74.9,13.3,11.2,8.73,13,37.8,0,960.7,34,0.4,1.5,406,337,203,120,141,426,167,369,88,20,97
WAE,2008,10,7,12,17,70.1,13.6,11.5,8.94,13.7,39.7,0,960,67,0.8,2.2,562,800,112,79,80,751,431,356,56,20,97
WAE,2008,10,7,13,17.1,67.3,13.2,11,8.67,13.5,39.2,0,959.8,76,1.2,2.6,304,185,218,123,122,266,262,358,78,20,97
WAE,2008,10,7,14,17.6,66.4,13.4,11.3,8.81,13.9,40,0,959.5,117,0.7,2.4,134,62,109,62,62,104,113,368,94,20,97
WAE,2008,10,7,15,17.1,72.7,14.2,12.2,9.35,14.2,40.9,0,959,180,0.3,1.6,23,0,23,13,13,13,13,374,100,20,97
WAE,2008,10,7,16,16.3,79.9,14.8,12.8,9.75,14.2,41.1,0,958.6,214,0.8,4.2,1,0,1,1,1,1,1,369,94,20,97
WAE,2008,10,7,17,15.3,83,14.4,12.4,9.49,13.6,39.4,0,958.6,153,0.7,2.8,0,0,0,0,0,0,0,367,94,20,97
WAE,2008,10,7,18,14.7,85.2,14.2,12.2,9.35,13.2,38.4,0,958.5,158,1.1,2.6,0,0,0,0,0,0,0,370,100,20,97
WAE,2008,10,7,19,14.2,83.1,13.5,11.4,8.88,12.6,36.7,0,958.6,159,0.8,2.5,0,0,0,0,0,0,0,369,100,20,97
WAE,2008,10,7,20,13.7,84.9,13.3,11.2,8.75,12.2,35.9,0,958.8,191,0.7,2.7,0,0,0,0,0,0,0,368,100,20,97
WAE,2008,10,7,21,13.3,86,13.2,11,8.68,12,35.3,0,959,239,1.3,3.5,0,0,0,0,0,0,0,359,84,20,97
WAE,2008,10,7,22,13.7,86.6,13.6,11.5,8.95,12.4,36.4,0,959.1,338,0.7,4.6,0,0,0,0,0,0,0,362,90,20,97
WAE,2008,10,7,23,13.1,91.2,13.7,11.7,9.01,12.3,35.9,0,959.1,131,1,2.5,0,0,0,0,0,0,0,364,94,20,97
WAE,2008,10,8,0,12.6,91.7,13.4,11.3,8.81,11.8,34.9,0,959,139,1,2.5,0,0,0,0,0,0,0,363,100,21,97
WAE,2008,10,8,1,12.2,93.1,13.2,11.1,8.68,11.6,34.2,0,958.8,124,0.7,2,0,0,0,0,0,0,0,363,100,21,97
WAE,2008,10,8,2,12.1,91.9,13,10.8,8.55,11.4,33.7,0,958.7,162,0.4,1.5,0,0,0,0,0,0,0,362,100,21,97
WAE,2008,10,8,3,12.5,89.7,13,10.9,8.55,11.6,34.1,0,958.8,121,1.3,3.2,0,0,0,0,0,0,0,362,100,21,97
WAE,2008,10,8,4,12.3,89.4,12.8,10.6,8.42,11.3,33.6,0,958.9,150,1.5,3.1,0,0,0,0,0,0,0,361,100,21,97
WAE,2008,10,8,5,12.4,87.8,12.7,10.4,8.35,11.3,33.5,0,958.9,171,0.6,2.1,0,0,0,0,0,0,0,350,81,21,97
WAE,2008,10,8,6,12.4,89.7,12.9,10.8,8.48,11.5,33.9,0,959.3,180,0.4,1.6,38,14,36,21,34,25,20,362,100,21,97
WAE,2008,10,8,7,12.8,89.2,13.2,11.1,8.68,11.8,34.8,0,959.3,180,0.3,1.3,230,335,126,70,375,263,68,347,71,21,97
WAE,2008,10,8,8,13.9,80.6,12.8,10.6,8.41,12,35.2,0,959.3,18,0.5,1.7,364,487,152,88,456,440,87,342,63,21,97
WAE,2008,10,8,9,14.5,78,12.9,10.7,8.48,12.3,36,0,959.3,37,0.6,1.9,344,190,240,136,246,306,132,365,94,21,97
WAE,2008,10,8,10,15.8,74.2,13.3,11.2,8.75,13.1,38,0,959.2,344,0.8,3.6,515,533,201,114,289,612,114,360,68,21,97
WAE,2008,10,8,11,17.1,66.2,12.9,10.7,8.48,13.3,38.7,0,958.9,324,1.4,3.7,500,453,230,126,147,565,225,355,61,21,97
WAE,2008,10,8,12,17.9,64.9,13.3,11.2,8.75,13.9,40.2,0,958.9,351,0.9,2.4,521,674,145,89,90,676,394,350,50,21,97
WAE,2008,10,8,13,18.1,65.2,13.6,11.5,8.95,14.2,40.9,0,959,339,1.6,3,396,482,164,94,94,475,421,352,65,21,97
WAE,2008,10,8,14,18.2,66.8,14,11.9,9.22,14.4,41.7,0,958.9,292,1.6,3.3,221,182,159,90,90,203,251,378,75,21,97
WAE,2008,10,8,15,18,67.9,14,12,9.21,14.4,41.5,0,959,288,1.6,3.4,85,107,58,33,33,86,134,376,94,21,97
WAE,2008,10,8,16,17.2,70.4,13.8,11.8,9.08,14,40.3,0,959.6,275,2.2,3.8,12,0,12,7,7,7,7,371,84,21,97
WAE,2008,10,8,17,16.6,72.9,13.7,11.7,9,13.7,39.5,0,960.5,289,2.1,3.6,0,0,0,0,0,0,0,364,94,21,97
WAE,2008,10,8,18,16.1,75.6,13.8,11.8,9.06,13.5,39.1,0,961,250,1.3,2.4,0,0,0,0,0,0,0,344,68,21,97
WAE,2008,10,8,19,15.4,80.9,14.2,12.1,9.32,13.4,39.1,0,961.6,297,0.8,1.8,0,0,0,0,0,0,0,370,94,21,97
WAE,2008,10,8,20,15,82.8,14.2,12.1,9.32,13.3,38.6,0,962,246,1,2.1,0,0,0,0,0,0,0,342,66,21,97
WAE,2008,10,8,21,13.7,90.3,14.1,12.1,9.25,12.8,37.1,0,962.6,281,0.6,2.1,0,0,0,0,0,0,0,312,20,21,97
WAE,2008,10,8,22,13.6,91.8,14.3,12.3,9.38,12.8,37.4,0,962.8,250,1.2,2.7,0,0,0,0,0,0,0,311,29,21,97
WAE,2008,10,8,23,14.2,90.4,14.6,12.7,9.57,13.3,38.5,0,963.4,287,1.4,3.7,0,0,0,0,0,0,0,309,10,21,97
WAE,2008,10,9,0,14.1,91.7,14.7,12.8,9.63,13.3,38.5,0,964.2,270,0.6,2.3,0,0,0,0,0,0,0,324,16,23,97
WAE,2008,10,9,1,13.9,92.3,14.6,12.7,9.56,13.2,38.1,0,964.6,270,0.6,1.4,0,0,0,0,0,0,0,326,44,23,97
WAE,2008,10,9,2,13.6,94.8,14.7,12.8,9.62,13.1,38,0,965.1,72,0.4,1.5,0,0,0,0,0,0,0,328,63,23,97
WAE,2008,10,9,3,13.2,94.4,14.4,12.3,9.42,12.7,37,0,965.6,135,1.1,2.8,0,0,0,0,0,0,0,322,59,23,97
WAE,2008,10,9,4,12.8,93,13.7,11.7,8.95,12.2,35.4,0,966.3,157,0.9,2.3,0,0,0,0,0,0,0,315,33,23,97
WAE,2008,10,9,5,12.7,93.1,13.6,11.6,8.87,12.1,35.2,0,967,144,1.1,2.4,5,15,5,3,18,6,3,312,23,23,97
WAE,2008,10,9,6,12.7,91.7,13.4,11.4,8.73,11.9,34.8,0,968.1,114,1,2.9,51,61,38,22,81,49,22,322,59,23,97
WAE,2008,10,9,7,13.2,86.8,13.1,11.1,8.53,12,34.8,0,968.9,86,1.3,2.7,250,457,106,63,467,327,63,320,36,23,97
WAE,2008,10,9,8,13.8,83.5,13.1,11.1,8.52,12.2,35.4,0,969.5,86,1.5,3.5,376,490,154,92,445,465,91,320,36,23,97
WAE,2008,10,9,9,14.4,80.1,13.1,11,8.51,12.4,36,0,970.1,63,0.8,2.6,536,811,103,81,482,748,83,327,25,23,97
WAE,2008,10,9,10,15.3,76.2,13.2,11.1,8.58,12.8,37.1,0,970.6,27,1,2.1,514,523,209,120,292,619,120,337,45,23,97
WAE,2008,10,9,11,16.8,69.8,13.4,11.3,8.71,13.5,38.9,0,970.8,326,1.2,3.8,589,747,147,98,118,785,237,346,45,23,97
WAE,2008,10,9,12,17,69.2,13.4,11.3,8.71,13.6,39.1,0,970.8,306,1.9,4.2,324,108,265,155,154,253,211,335,64,23,97
WAE,2008,10,9,13,17.4,70.6,14.1,12,9.17,14.2,40.7,0,971,342,1.5,3.7,410,550,151,91,91,523,465,325,36,23,97
WAE,2008,10,9,14,17.3,69.2,13.7,11.6,8.9,13.9,39.9,0,971.1,346,0.9,1.9,326,697,81,55,56,479,632,321,13,23,97
WAE,2008,10,9,15,17,70.1,13.5,11.5,8.77,13.7,39.3,0,971.5,300,0.9,2.1,139,333,62,37,37,193,348,325,51,23,97
WAE,2008,10,9,16,16,79.5,14.4,12.5,9.36,13.9,39.8,0,971.8,270,0.6,1.5,4,0,4,2,2,2,2,364,100,23,97
WAE,2008,10,9,17,15.4,80.7,14.1,12.1,9.15,13.4,38.6,0,972.4,270,0.3,1.1,0,0,0,0,0,0,0,359,88,23,97
WAE,2008,10,9,18,14.9,84.2,14.2,12.3,9.21,13.4,38.3,0,973.2,277,2.4,5.2,0,0,0,0,0,0,0,339,63,23,97
WAE,2008,10,9,19,14,89.2,14.2,12.3,9.2,13,37.3,0,973.9,275,2.2,5.3,0,0,0,0,0,0,0,343,29,23,97
WAE,2008,10,9,20,13.5,90.1,13.9,11.9,9,12.6,36.3,0,974.5,276,1.1,3,0,0,0,0,0,0,0,361,94,23,97
WAE,2008,10,9,21,13.5,89.9,13.9,11.9,9,12.6,36.3,0,974.8,297,1.4,2.8,0,0,0,0,0,0,0,334,63,23,97
WAE,2008,10,9,22,13.4,90.5,13.9,11.9,9,12.5,36.2,0,974.7,288,1.3,2.8,0,0,0,0,0,0,0,317,13,23,97
WAE,2008,10,9,23,13.2,91.9,14,11.9,9.06,12.4,36.2,0,974.8,288,1,2.9,0,0,0,0,0,0,0,325,29,23,97
WAE,2008,10,10,0,12.6,93.6,13.7,11.6,8.87,12,35,0,974.6,220,0.9,2,0,0,0,0,0,0,0,361,100,24,97
WAE,2008,10,10,1,11.3,96.2,12.8,10.7,8.28,11,32.2,0,974.5,252,0.5,1.7,0,0,0,0,0,0,0,360,100,24,97
WAE,2008,10,10,2,12.4,94.7,13.6,11.6,8.8,11.9,34.7,0,974.9,286,0.8,4.5,0,0,0,0,0,0,0,359,100,24,97
WAE,2008,10,10,3,12.9,92.2,13.7,11.7,8.86,12.2,35.3,0,975.2,243,1.9,4.4,0,0,0,0,0,0,0,358,100,24,97
WAE,2008,10,10,4,12.8,92.9,13.7,11.7,8.86,12.2,35.2,0,975.6,304,1.1,2.8,0,0,0,0,0,0,0,357,100,24,97
WAE,2008,10,10,5,12.7,94.4,13.9,11.8,8.99,12.2,35.5,0,975.7,207,0.7,2.3,4,9,4,2,11,4,2,356,100,24,97
WAE,2008,10,10,6,12.6,96.1,14,12,9.05,12.2,35.5,0.1,975.8,135,0.5,1.6,61,120,46,28,147,68,27,353,94,24,97
WAE,2008,10,10,7,12.7,93.7,13.8,11.7,8.92,12.1,35.3,0,976.5,90,0.7,1.9,95,5,93,57,61,57,55,340,94,24,97
WAE,2008,10,10,8,13.2,90.7,13.8,11.7,8.92,12.3,35.8,0,976.6,82,0.7,2,167,12,162,99,108,102,95,363,100,24,97
WAE,2008,10,10,9,13.5,86.9,13.5,11.4,8.72,12.3,35.6,0,976.4,63,0.7,1.8,218,22,206,125,136,139,120,363,84,24,97
WAE,2008,10,10,10,14.1,82.7,13.3,11.2,8.59,12.4,35.9,0,976,32,1.3,3,304,80,257,154,179,229,149,351,78,24,97
WAE,2008,10,10,11,14.8,78.1,13.2,11,8.53,12.6,36.5,0,975.4,39,1.3,3,474,381,250,144,164,523,231,336,56,24,97
WAE,2008,10,10,12,15.5,74.2,13.1,10.9,8.47,12.8,37,0,975.3,356,1.5,3.5,149,5,146,89,88,89,88,358,94,24,97
WAE,2008,10,10,13,15.3,73.2,12.7,10.5,8.21,12.5,36.1,0,975,352,0.8,2.9,102,0,102,63,62,59,60,355,100,24,97
WAE,2008,10,10,14,15.4,72.3,12.7,10.4,8.21,12.5,36.2,0,974.9,324,1.5,3.6,96,1,96,58,58,56,57,360,100,24,97
WAE,2008,10,10,15,15.1,75.3,12.9,10.8,8.34,12.6,36.3,0,974.8,322,1.2,3.5,49,0,49,30,29,28,29,357,100,24,97
WAE,2008,10,10,16,14.3,81.2,13.3,11.1,8.6,12.4,36.1,0,974.9,14,0.8,2.2,10,0,10,6,6,6,6,368,100,24,97
WAE,2008,10,10,17,13.9,83.2,13.2,11.1,8.53,12.3,35.5,0,975.2,34,0.5,2,0,0,0,0,0,0,0,366,100,24,97
WAE,2008,10,10,18,13.7,85.1,13.4,11.2,8.67,12.2,35.7,0,975.1,270,0.4,0.9,0,0,0,0,0,0,0,364,100,24,97
WAE,2008,10,10,19,13.5,84.8,13.1,11,8.47,12.1,35,0,975.3,288,0.6,1.5,0,0,0,0,0,0,0,363,100,24,97
WAE,2008,10,10,20,13.4,84.9,13,10.9,8.4,12,34.7,0,975.2,247,0.8,1.6,0,0,0,0,0,0,0,361,100,24,97
WAE,2008,10,10,21,13.2,86.6,13.1,11,8.47,11.9,34.7,0,975.2,233,0.5,1.3,0,0,0,0,0,0,0,360,100,24,97
WAE,2008,10,10,22,12.9,88.6,13.2,11.1,8.54,11.9,34.5,0,974.9,225,0.5,1.2,0,0,0,0,0,0,0,359,100,24,97
WAE,2008,10,10,23,12.9,89,13.2,11.1,8.54,11.9,34.5,0,974.9,169,0.5,1.7,0,0,0,0,0,0,0,357,100,24,97
WAE,2008,10,11,0,13.1,86.3,13,10.9,8.41,11.8,34.4,0,974.8,172,0.7,1.7,0,0,0,0,0,0,0,316,56,22,97
WAE,2008,10,11,1,13.2,82.2,12.5,10.2,8.08,11.5,33.7,0,974.5,210,0.9,2,0,0,0,0,0,0,0,303,50,22,97
WAE,2008,10,11,2,12.9,83.4,12.3,10.2,7.95,11.4,33,0,974.4,211,1.8,3,0,0,0,0,0,0,0,318,60,22,97
WAE,2008,10,11,3,12.3,85.3,12.2,9.9,7.89,11,32.3,0,974.3,191,2,3.7,0,0,0,0,0,0,0,312,46,22,97
WAE,2008,10,11,4,12.2,86,12.3,9.9,7.95,10.9,32.3,0,974.3,183,2.2,3.1,0,0,0,0,0,0,0,311,44,22,97
WAE,2008,10,11,5,12,88,12.4,10.1,8.02,10.9,32.3,0,974.4,180,2.2,3.5,4,12,4,2,14,5,2,308,38,22,97
WAE,2008,10,11,6,12.2,87.3,12.4,10.2,8.01,11.1,32.5,0,974.7,187,1.1,2.3,88,187,53,31,210,110,31,301,39,22,97
WAE,2008,10,11,7,12.4,85,12.2,10,7.88,11,32.4,0,974.9,138,1.2,2.4,288,660,88,53,631,435,54,313,33,22,97
WAE,2008,10,11,8,12.7,84.6,12.4,10.2,8.01,11.3,33,0,975.1,80,1.7,3.3,407,698,106,70,569,580,71,316,36,22,97
WAE,2008,10,11,9,13.5,81,12.5,10.3,8.08,11.7,34,0,975,70,1.3,2.5,505,714,132,86,456,694,88,319,43,22,97
WAE,2008,10,11,10,14.6,73.6,12.2,9.9,7.88,11.9,34.6,0,974.9,67,1.3,2.8,561,728,144,94,300,761,96,327,41,22,97
WAE,2008,10,11,11,15.4,74.2,13,10.8,8.41,12.7,36.8,0,974.5,73,1.4,2.7,564,716,149,98,121,758,234,325,44,22,97
WAE,2008,10,11,12,17,67.9,13.1,11,8.48,13.5,38.6,0,974,79,1.5,2.7,567,855,104,81,82,810,452,322,29,22,97
WAE,2008,10,11,13,17.8,64.3,13.1,11,8.48,13.8,39.4,0,973.8,76,1.2,2,445,725,111,74,75,632,550,328,35,22,97
WAE,2008,10,11,14,18,61.4,12.7,10.5,8.22,13.6,38.9,0,973.5,72,0.6,1.1,307,642,88,56,56,455,590,306,13,22,97
WAE,2008,10,11,15,17.8,63.5,12.9,10.8,8.35,13.7,39.1,0,973.3,90,0.4,0.9,152,467,60,35,35,242,476,309,13,22,97
WAE,2008,10,11,16,16.1,75.9,13.9,11.9,9.01,13.6,39,0,973.2,191,0.5,1.4,12,0,12,8,8,8,8,298,6,22,97
WAE,2008,10,11,17,14.5,80.6,13.3,11.2,8.62,12.6,36.4,0,973.4,200,1.5,2.3,0,0,0,0,0,0,0,292,13,22,97
WAE,2008,10,11,18,13.4,82.1,12.6,10.4,8.16,11.7,34.1,0,973.3,189,0.7,2.3,0,0,0,0,0,0,0,312,33,22,97
WAE,2008,10,11,19,12.8,79.3,11.7,9.3,7.57,10.9,32,0,973.5,156,1.1,3.1,0,0,0,0,0,0,0,315,36,22,97
WAE,2008,10,11,20,12.1,83.4,11.7,9.4,7.57,10.6,31.3,0,973.5,143,0.6,2.2,0,0,0,0,0,0,0,314,39,22,97
WAE,2008,10,11,21,11.5,83.8,11.4,8.9,7.37,10.1,30.1,0,973.3,239,0.8,2.2,0,0,0,0,0,0,0,289,6,22,97
WAE,2008,10,11,22,11,85,11.1,8.6,7.18,9.7,29.1,0,973.2,236,0.4,1.6,0,0,0,0,0,0,0,282,0,22,97
WAE,2008,10,11,23,10.4,87.5,11,8.4,7.11,9.3,28.4,0,973.2,194,0.6,1.5,0,0,0,0,0,0,0,280,0,22,97
WAE,2008,10,12,0,10.3,87.2,10.9,8.3,7.04,9.2,28.1,0,973.5,209,1.3,3.1,0,0,0,0,0,0,0,278,6,21,97
WAE,2008,10,12,1,10.8,86,11.1,8.6,7.17,9.6,28.9,0,973.6,231,1.5,4.8,0,0,0,0,0,0,0,278,6,21,97
WAE,2008,10,12,2,10.8,87.5,11.3,8.8,7.31,9.7,29.3,0,973.2,220,1.3,4.5,0,0,0,0,0,0,0,277,0,21,97
WAE,2008,10,12,3,9.9,85.6,10.4,7.6,6.72,8.7,26.9,0,972.9,157,1.6,3.5,0,0,0,0,0,0,0,276,0,21,97
WAE,2008,10,12,4,8.7,93,10.5,7.6,6.79,8.1,25.8,0,972.6,149,0.7,1.7,0,0,0,0,0,0,0,275,0,21,97
WAE,2008,10,12,5,8.8,91.5,10.4,7.5,6.72,8.1,25.8,0,972.8,270,0.6,1.8,4,12,3,2,14,5,2,279,10,21,97
WAE,2008,10,12,6,9.3,89,10.4,7.6,6.72,8.4,26.3,0,973,157,0.8,2.8,111,384,51,29,398,181,28,309,33,21,97
WAE,2008,10,12,7,11.3,90.6,12.1,9.8,7.83,10.5,31.1,0,973.2,72,0.5,1.7,223,342,121,67,376,272,66,336,71,21,97
WAE,2008,10,12,8,12.5,86.5,12.5,10.3,8.09,11.3,33,0,973,45,0.6,1.9,338,393,164,93,377,401,92,346,84,21,97
WAE,2008,10,12,9,13.1,82.5,12.4,10.2,8.03,11.5,33.4,0,972.9,18,0.7,2.3,511,771,112,77,463,724,79,340,55,21,97
WAE,2008,10,12,10,14.3,77.5,12.6,10.4,8.16,12.1,35,0,972.8,45,0.8,2,447,360,244,135,270,486,132,361,88,21,97
WAE,2008,10,12,11,15.7,72.4,12.9,10.8,8.36,12.8,36.9,0,972.4,24,1,2.4,477,442,224,127,135,551,244,356,80,21,97
WAE,2008,10,12,12,16.5,69,12.9,10.8,8.37,13.2,37.8,0,971.7,45,1.2,2.8,452,488,187,112,112,548,320,361,81,21,97
WAE,2008,10,12,13,17.1,66,12.8,10.7,8.31,13.3,38.2,0,971.1,45,0.5,2.1,341,375,176,103,103,389,368,362,78,21,97
WAE,2008,10,12,14,17.4,66.8,13.3,11.2,8.64,13.7,39.4,0,970.6,56,0.3,0.9,243,327,128,73,73,290,346,358,84,21,97
WAE,2008,10,12,15,16.6,72.8,13.8,11.7,8.97,13.7,39.4,0,970.2,104,0.5,0.9,83,111,59,34,34,87,138,373,100,21,97
WAE,2008,10,12,16,15.8,76.9,13.8,11.8,8.98,13.4,38.6,0,970,172,0.8,1.5,5,0,5,3,3,3,3,367,100,21,97
WAE,2008,10,12,17,13.9,82.5,13.1,11,8.52,12.2,35.5,0,969.9,180,0.8,1.7,0,0,0,0,0,0,0,350,56,21,97
WAE,2008,10,12,18,13.1,82.7,12.5,10.2,8.12,11.5,33.7,0,970.1,243,1.3,2.6,0,0,0,0,0,0,0,303,25,21,97
WAE,2008,10,12,19,12.9,83.4,12.4,10.2,8.06,11.4,33.3,0,969.9,246,1,2.4,0,0,0,0,0,0,0,303,0,21,97
WAE,2008,10,12,20,12,84.6,11.8,9.5,7.66,10.6,31.4,0,969.9,200,1.4,3.8,0,0,0,0,0,0,0,314,13,21,97
WAE,2008,10,12,21,11.2,86.5,11.5,9,7.47,10,30.1,0,969.7,169,0.7,2.5,0,0,0,0,0,0,0,344,64,21,97
WAE,2008,10,12,22,10.8,85.4,11.1,8.5,7.2,9.6,29,0,969.5,162,0.4,2.3,0,0,0,0,0,0,0,337,63,21,97
WAE,2008,10,12,23,10.5,87.1,11.1,8.4,7.21,9.4,28.7,0,969.2,172,0.8,1.9,0,0,0,0,0,0,0,326,50,21,97
WAE,2008,10,13,0,9.9,87.2,10.6,7.9,6.88,8.8,27.3,0,969.2,207,0.9,1.8,0,0,0,0,0,0,0,327,51,21,97
WAE,2008,10,13,1,9.9,87,10.6,7.8,6.88,8.8,27.3,0,968.8,144,0.9,2,0,0,0,0,0,0,0,320,29,21,97
WAE,2008,10,13,2,9.6,87.9,10.5,7.7,6.82,8.6,26.8,0,968.4,127,0.6,1.5,0,0,0,0,0,0,0,355,94,21,97
WAE,2008,10,13,3,9.5,89.1,10.5,7.8,6.82,8.6,26.7,0,968,225,0.2,0.8,0,0,0,0,0,0,0,342,65,21,97
WAE,2008,10,13,4,9.2,91,10.6,7.8,6.89,8.5,26.6,0,967.7,243,0.3,0.9,0,0,0,0,0,0,0,327,41,21,97
WAE,2008,10,13,5,9.3,92.2,10.8,8.1,7.02,8.7,27,0,967.4,225,0.2,0.8,0,0,0,0,0,0,0,343,65,21,97
WAE,2008,10,13,6,9.8,90.6,11,8.3,7.15,9,27.9,0,967.4,157,0.8,2.1,99,304,51,29,321,154,28,324,41,21,97
WAE,2008,10,13,7,11.2,87.5,11.6,9.2,7.55,10.1,30.3,0,967.5,180,0.3,1,247,558,81,49,532,375,49,320,13,21,97
WAE,2008,10,13,8,12.3,87,12.4,10.2,8.07,11.1,32.7,0,967.7,45,0.7,1.8,319,450,137,82,418,407,81,349,54,21,97
WAE,2008,10,13,9,12.9,85.6,12.7,10.5,8.27,11.5,33.8,0,967.7,68,0.5,1.8,168,48,142,83,107,125,80,366,94,21,97
WAE,2008,10,13,10,14,80.9,12.9,10.8,8.41,12.2,35.3,0,967.3,63,0.9,2.3,396,335,208,124,232,432,121,358,66,21,97
WAE,2008,10,13,11,16,70.3,12.8,10.6,8.35,12.9,37.2,0,966.6,83,1.6,3.2,379,318,197,114,129,420,181,365,78,21,97
WAE,2008,10,13,12,16.2,68.3,12.5,10.4,8.16,12.8,36.9,0,965.9,68,0.6,1.6,267,113,207,120,120,221,178,376,88,21,97
WAE,2008,10,13,13,17,63.1,12.2,9.9,7.96,12.9,37.2,0,965.6,98,0.8,1.7,140,64,113,65,65,115,112,382,88,21,97
WAE,2008,10,13,14,17.7,60.5,12.3,10,8.03,13.2,38.1,0,965.2,119,1,3,31,0,31,18,18,17,18,381,100,21,97
WAE,2008,10,13,15,16.8,69.8,13.3,11.3,8.69,13.5,38.9,0,965,97,0.8,3.1,17,0,17,10,10,10,10,380,100,21,97
WAE,2008,10,13,16,16.4,70.8,13.2,11.1,8.62,13.3,38.3,0,965.3,180,0.8,1.9,1,0,1,0,0,0,0,375,100,21,97
WAE,2008,10,13,17,15.5,74.8,13.2,11.1,8.62,12.9,37.4,0,965.4,188,0.7,1.7,0,0,0,0,0,0,0,360,71,21,97
WAE,2008,10,13,18,14.4,83.8,13.7,11.7,8.95,12.8,37.1,0,965.7,162,0.5,1.4,0,0,0,0,0,0,0,361,61,21,97
WAE,2008,10,13,19,13.9,84.5,13.4,11.3,8.75,12.4,36.1,0,966,180,0.3,1.1,0,0,0,0,0,0,0,366,64,21,97
WAE,2008,10,13,20,13.8,83.9,13.2,11.1,8.62,12.2,35.6,0,966.2,146,0.5,1.9,0,0,0,0,0,0,0,373,94,21,97
WAE,2008,10,13,21,13.8,85.2,13.5,11.4,8.81,12.4,36.1,0,966.5,0,0.4,1.1,0,0,0,0,0,0,0,365,88,21,97
WAE,2008,10,13,22,13.8,85,13.4,11.3,8.74,12.3,36,0,966.5,270,0.4,1.4,0,0,0,0,0,0,0,370,100,21,97
WAE,2008,10,13,23,13.7,85.2,13.3,11.3,8.68,12.3,35.7,0,966.5,207,0.3,1.2,0,0,0,0,0,0,0,358,94,21,97
WAE,2008,10,14,0,13.6,86.1,13.4,11.3,8.75,12.3,35.8,0,966.3,104,0.5,2,0,0,0,0,0,0,0,353,88,24,97
WAE,2008,10,14,1,13.5,89.6,13.8,11.8,9.02,12.5,36.3,0,965.8,127,0.6,1.8,0,0,0,0,0,0,0,350,71,24,97
WAE,2008,10,14,2,13.3,89.6,13.7,11.6,8.95,12.3,36,0,965.5,143,0.6,1.7,0,0,0,0,0,0,0,341,61,24,97
WAE,2008,10,14,3,12.8,93,13.7,11.7,8.95,12.2,35.5,0,965.4,117,0.3,1.1,0,0,0,0,0,0,0,347,64,24,97
WAE,2008,10,14,4,12.2,93.3,13.3,11.2,8.69,11.6,34.2,0,965.3,270,0.1,0.8,0,0,0,0,0,0,0,331,25,24,97
WAE,2008,10,14,5,12,92.4,13,10.8,8.49,11.3,33.5,0,965.5,207,0.5,1.7,0,0,0,0,0,0,0,341,40,24,97
WAE,2008,10,14,6,12.3,91.3,13.1,10.9,8.55,11.5,33.9,0,966,180,0.7,1.5,29,40,26,16,55,27,15,345,75,24,97
WAE,2008,10,14,7,13.4,92.4,14.2,12.2,9.28,12.7,36.9,0,966.4,101,0.5,1.4,157,111,126,75,175,139,72,360,81,24,97
WAE,2008,10,14,8,14.2,88.8,14.3,12.4,9.34,13.1,37.9,0,966.5,90,0.4,1.2,202,51,181,109,147,144,105,374,100,24,97
WAE,2008,10,14,9,14.9,85.6,14.5,12.5,9.48,13.5,38.9,0,966.3,63,0.7,1.4,303,137,231,136,211,262,132,375,94,24,97
WAE,2008,10,14,10,16.5,77.1,14.4,12.5,9.41,14.1,40.4,0,966.1,72,0.7,1.8,476,493,199,119,260,593,119,359,61,24,97
WAE,2008,10,14,11,17.5,73.6,14.8,12.7,9.68,14.6,42.1,0,965.4,69,1.5,2.7,500,547,191,114,114,643,243,373,68,24,97
WAE,2008,10,14,12,17.9,69.7,14.3,12.3,9.36,14.5,41.7,0,964.8,82,0.7,2,487,658,140,94,94,676,387,361,45,24,97
WAE,2008,10,14,13,19.4,67,15.1,13.1,9.9,15.5,44.6,0,964.2,68,1,2,393,627,121,82,82,558,504,351,33,24,97
WAE,2008,10,14,14,19.4,65.9,14.8,12.9,9.7,15.4,44.1,0,963.9,53,0.6,1.5,288,655,76,53,53,460,591,350,0,24,97
WAE,2008,10,14,15,19.1,67.7,15,13,9.83,15.3,44.1,0,963.7,315,0.3,1.3,118,313,56,35,35,183,327,348,0,24,97
WAE,2008,10,14,16,17.5,77.6,15.5,13.5,10.17,15,43.4,0,963.8,201,0.9,2.4,6,0,6,4,4,4,4,324,0,24,97
WAE,2008,10,14,17,16.3,77.6,14.4,12.4,9.43,14,40.3,0,964.1,231,2.1,3.9,0,0,0,0,0,0,0,330,13,24,97
WAE,2008,10,14,18,15.2,81.3,14,12,9.16,13.3,38.5,0,964.3,214,0.8,2.8,0,0,0,0,0,0,0,345,53,24,97
WAE,2008,10,14,19,14.2,86.1,14,11.9,9.16,12.8,37.4,0,964.3,247,0.8,1.7,0,0,0,0,0,0,0,360,81,24,97
WAE,2008,10,14,20,14.3,87.2,14.2,12.2,9.29,13.1,37.9,0,964.7,264,1.2,2.5,0,0,0,0,0,0,0,356,88,24,97
WAE,2008,10,14,21,14.3,88.4,14.4,12.4,9.43,13.2,38.2,0,964.7,243,0.7,1.6,0,0,0,0,0,0,0,355,68,24,97
WAE,2008,10,14,22,13.8,90.5,14.3,12.3,9.36,12.9,37.5,0,964.5,270,0.5,1.7,0,0,0,0,0,0,0,348,80,24,97
WAE,2008,10,14,23,14.6,88.3,14.7,12.7,9.62,13.5,39,0,964.8,281,0.7,2.7,0,0,0,0,0,0,0,360,94,24,97
WAE,2008,10,15,0,14.5,89.6,14.7,12.8,9.62,13.5,38.9,0,965,252,0.9,1.8,0,0,0,0,0,0,0,364,100,23,97
WAE,2008,10,15,1,13.9,89.7,14.3,12.2,9.36,12.9,37.6,0,964.4,167,1.5,3.6,0,0,0,0,0,0,0,355,94,23,97
WAE,2008,10,15,2,12.9,91.8,13.7,11.6,8.96,12.1,35.6,0,964.3,124,0.7,1.8,0,0,0,0,0,0,0,360,88,23,97
WAE,2008,10,15,3,12.5,93.9,13.6,11.5,8.9,11.9,35,0,964,176,1.4,3.5,0,0,0,0,0,0,0,360,84,23,97
WAE,2008,10,15,4,12.4,93.6,13.4,11.4,8.77,11.8,34.6,0,964.2,217,0.6,1.3,0,0,0,0,0,0,0,365,100,23,97
WAE,2008,10,15,5,12.5,93.7,13.5,11.5,8.83,11.9,34.9,0,964.2,191,0.7,2.1,0,0,0,0,0,0,0,364,94,23,97
WAE,2008,10,15,6,12.3,93.4,13.4,11.3,8.76,11.7,34.5,0,964.5,112,0.5,1.6,63,99,46,27,121,72,26,359,88,23,97
WAE,2008,10,15,7,13.6,91.9,14.3,12.3,9.36,12.8,37.3,0,964.8,141,0.7,1.7,231,461,103,59,469,334,59,338,33,23,97
WAE,2008,10,15,8,14.5,88.8,14.6,12.7,9.55,13.4,38.7,0,965.1,63,0.9,2.3,391,697,102,68,557,590,70,328,29,23,97
WAE,2008,10,15,9,15.5,80.7,14.2,12.2,9.29,13.5,39.1,0,965,84,0.9,2.2,478,712,118,82,430,692,84,347,33,23,97
WAE,2008,10,15,10,17.5,74.6,14.9,12.9,9.76,14.7,42.3,0,964.5,104,1.3,4.8,551,815,100,82,277,815,85,331,0,23,97
WAE,2008,10,15,11,18.7,68.4,14.7,12.8,9.64,15.1,43.2,0,963.5,83,1,3.6,548,774,116,86,87,796,235,329,13,23,97
WAE,2008,10,15,12,19.5,63.3,14.4,12.3,9.45,15.1,43.6,0,962.7,333,0.9,4.5,514,806,96,78,78,769,424,334,0,23,97
WAE,2008,10,15,13,20.4,57.6,13.8,11.8,9.05,15.2,43.5,0,962,274,1.5,4.7,410,711,99,70,70,618,532,341,29,23,97
WAE,2008,10,15,14,20.5,56.4,13.6,11.5,8.92,15.1,43.3,0,961.8,264,2,4.5,279,622,82,53,53,443,569,351,33,23,97
WAE,2008,10,15,15,19.6,62,14.1,12.1,9.26,15,43.2,0,961.6,242,1.6,3.1,100,185,62,37,37,128,209,368,68,23,97
WAE,2008,10,15,16,17.9,70.1,14.4,12.4,9.46,14.6,42,0,961.5,212,2.3,3.7,1,0,1,1,1,1,1,380,100,23,97
WAE,2008,10,15,17,16.8,73.1,14,12,9.19,13.9,40.2,0,961.6,232,3.2,4.6,0,0,0,0,0,0,0,374,94,23,97
WAE,2008,10,15,18,16.4,81.3,15.1,13.2,9.92,14.4,41.6,0,962.1,284,3.7,7.8,0,0,0,0,0,0,0,366,88,23,97
WAE,2008,10,15,19,15.2,85.4,14.7,12.8,9.65,13.8,39.7,0,961.9,267,2,4.4,0,0,0,0,0,0,0,376,94,23,97
WAE,2008,10,15,20,14.1,90.2,14.5,12.5,9.52,13.1,38.2,0,961.8,238,1.4,2.8,0,0,0,0,0,0,0,357,65,23,97
WAE,2008,10,15,21,14,90,14.4,12.4,9.46,13,38,0,961.4,217,1.2,2.8,0,0,0,0,0,0,0,348,75,23,97
WAE,2008,10,15,22,14.3,88.6,14.5,12.4,9.53,13.2,38.5,0,961.2,175,1.3,3,0,0,0,0,0,0,0,366,94,23,97
WAE,2008,10,15,23,14.9,85.3,14.4,12.5,9.46,13.5,38.9,0,961,216,2,3.9,0,0,0,0,0,0,0,372,100,23,97
WAE,2008,10,16,0,15.4,82.6,14.4,12.5,9.46,13.7,39.4,0,961,270,1.6,3.7,0,0,0,0,0,0,0,371,100,25,97
WAE,2008,10,16,1,14.6,89.3,14.9,12.9,9.8,13.6,39.4,0,960.8,288,1.3,4.6,0,0,0,0,0,0,0,368,100,25,97
WAE,2008,10,16,2,14.6,89,14.7,12.8,9.67,13.5,39.1,0,960.5,277,0.8,3.3,0,0,0,0,0,0,0,370,100,25,97
WAE,2008,10,16,3,14.3,91.2,14.9,12.9,9.81,13.5,39.2,0,960.1,166,0.5,1.9,0,0,0,0,0,0,0,370,100,25,97
WAE,2008,10,16,4,14,93.4,14.9,13,9.81,13.4,38.9,0,959.3,135,0.4,1.4,0,0,0,0,0,0,0,369,100,25,97
WAE,2008,10,16,5,13.9,94.6,15,13,9.88,13.4,38.9,0,958.9,141,0.7,1.6,0,0,0,0,0,0,0,369,100,25,97
WAE,2008,10,16,6,13.8,95.9,15.1,13.2,9.95,13.4,39,1.3,958.6,162,0.7,1.6,5,0,5,3,3,3,3,369,100,25,97
WAE,2008,10,16,7,13.9,96.2,15.3,13.3,10.09,13.5,39.5,0.4,958.4,166,0.5,1.5,21,0,21,13,13,12,12,370,100,25,97
WAE,2008,10,16,8,14.2,97.4,15.7,13.8,10.36,14,40.5,0.2,958,90,0.6,1.5,79,11,74,45,53,52,43,370,100,25,97
WAE,2008,10,16,9,14.1,93.6,15.1,13.1,9.96,13.5,39.3,2.5,958.3,279,1.3,4.8,30,0,30,18,18,17,17,371,100,25,97
WAE,2008,10,16,10,14.2,90.6,14.7,12.7,9.69,13.3,38.8,2.4,958.4,266,2.6,6.6,30,0,30,18,18,17,18,372,100,25,97
WAE,2008,10,16,11,14.2,91,14.7,12.8,9.7,13.4,38.8,2.5,957.6,275,2.3,5.3,36,0,36,22,22,21,21,373,100,25,97
WAE,2008,10,16,12,14.5,91.6,15.1,13.1,9.98,13.7,39.8,1.1,956.6,274,1.6,5.6,65,0,65,40,39,37,38,373,100,25,97
WAE,2008,10,16,13,14.7,92,15.3,13.4,10.11,13.9,40.3,0.5,956.6,284,0.9,5.3,114,27,104,63,63,81,82,370,100,25,97
WAE,2008,10,16,14,15.4,77.6,13.5,11.5,8.91,13.1,38,0.1,956,267,2.1,7.7,222,453,71,47,47,345,414,361,68,25,97
WAE,2008,10,16,15,15.2,77.2,13.3,11.2,8.77,12.9,37.5,0.1,956.6,273,3.7,10.1,79,120,56,34,34,91,146,365,94,25,97
WAE,2008,10,16,16,12,88.4,12.4,10.1,8.16,10.9,32.6,5.6,958.1,293,4.2,10.6,4,0,4,2,2,2,2,363,100,25,97
WAE,2008,10,16,17,10.7,87.7,11.2,8.7,7.35,9.6,29.3,3,959.2,255,2.7,9.2,0,0,0,0,0,0,0,361,100,25,97
WAE,2008,10,16,18,10.6,89.7,11.5,9,7.54,9.7,29.7,0.6,959.7,222,2.5,4.6,0,0,0,0,0,0,0,358,100,25,97
WAE,2008,10,16,19,11,85.6,11.2,8.7,7.34,9.7,29.6,0.2,960.3,232,3.4,6.5,0,0,0,0,0,0,0,356,100,25,97
WAE,2008,10,16,20,11.2,82.2,10.9,8.3,7.14,9.6,29.3,0.2,960.8,240,4.8,9.6,0,0,0,0,0,0,0,354,100,25,97
WAE,2008,10,16,21,10.2,89.5,11.2,8.6,7.34,9.3,28.7,0.7,960.8,242,5,10.6,0,0,0,0,0,0,0,351,100,25,97
WAE,2008,10,16,22,9.8,90.3,10.9,8.3,7.14,9,27.8,0.9,961,235,4,8.6,0,0,0,0,0,0,0,349,100,25,97
WAE,2008,10,16,23,9.1,90.1,10.4,7.6,6.8,8.3,26.3,1.8,961.8,285,3.3,8.2,0,0,0,0,0,0,0,347,100,25,97
WAE,2008,10,17,0,8.3,91.5,10,7,6.53,7.6,24.8,1,962.1,246,2.1,3.5,0,0,0,0,0,0,0,345,100,24,97
WAE,2008,10,17,1,7.9,90.1,9.6,6.4,6.27,7.1,23.7,1.5,962,214,1.8,3.1,0,0,0,0,0,0,0,343,100,24,97
WAE,2008,10,17,2,7.7,90.5,9.5,6.2,6.2,6.9,23.3,0.6,962,198,2.3,4.1,0,0,0,0,0,0,0,341,100,24,97
WAE,2008,10,17,3,7.8,84.5,9,5.4,5.87,6.6,22.6,0,961.9,208,3,4.9,0,0,0,0,0,0,0,340,100,24,97
WAE,2008,10,17,4,7.5,88.7,9.2,5.8,6.01,6.7,22.6,0.1,961.9,186,1.3,3.5,0,0,0,0,0,0,0,338,100,24,97
WAE,2008,10,17,5,7.5,92.2,9.6,6.3,6.27,6.9,23.3,0.3,962.1,172,0.7,1.8,0,0,0,0,0,0,0,336,100,24,97
WAE,2008,10,17,6,7.6,94.9,9.9,6.8,6.46,7.2,23.9,0,962.6,225,0.3,1.3,48,70,37,22,89,52,21,331,88,24,97
WAE,2008,10,17,7,8.2,87.6,9.5,6.3,6.2,7.2,23.8,0,962.9,153,0.5,1.8,213,467,91,56,465,326,56,310,54,24,97
WAE,2008,10,17,8,8.9,85.7,9.8,6.6,6.39,7.7,25,0,963.4,101,1,2.3,211,91,172,102,168,175,99,335,78,24,97
WAE,2008,10,17,9,9.3,82,9.6,6.4,6.26,7.8,25.1,0,963.3,83,1.6,3.6,443,553,175,107,412,593,107,337,60,24,97
WAE,2008,10,17,10,10,76.7,9.4,6.1,6.13,8,25.5,0,963.3,49,0.9,3,433,367,234,135,259,499,133,328,68,24,97
WAE,2008,10,17,11,10.3,69.1,8.7,4.9,5.67,7.6,24.6,0,962.9,41,1.1,2.5,413,362,213,127,126,481,202,346,64,24,97
WAE,2008,10,17,12,10.6,69.6,8.9,5.3,5.8,7.9,25.3,0,962.6,27,0.9,3.1,243,52,216,130,129,175,152,341,71,24,97
WAE,2008,10,17,13,11.2,61.9,8.2,4.2,5.35,7.7,24.7,0,962.2,207,0.5,1.7,423,734,113,75,76,650,568,313,38,24,97
WAE,2008,10,17,14,11.2,58.8,7.9,3.4,5.15,7.4,24.2,0,962.1,40,0.8,2.2,201,317,94,58,58,272,312,318,60,24,97
WAE,2008,10,17,15,11,62.4,8.2,4.1,5.35,7.6,24.5,0,962.2,72,0.6,1.7,107,270,59,35,35,165,288,317,58,24,97
WAE,2008,10,17,16,10.1,73.4,9,5.6,5.87,7.8,24.9,0,962.5,187,0.9,1.7,0,0,0,0,0,0,0,329,94,24,97
WAE,2008,10,17,17,9.9,73.9,9,5.5,5.87,7.7,24.7,0,962.9,40,1.6,4.1,0,0,0,0,0,0,0,333,69,24,97
WAE,2008,10,17,18,9.7,72.6,8.8,5,5.74,7.4,24.2,0,962.9,66,2.5,5.3,0,0,0,0,0,0,0,336,71,24,97
WAE,2008,10,17,19,9.4,71.8,8.5,4.6,5.54,7,23.4,0,962.9,125,1.2,3.5,0,0,0,0,0,0,0,335,71,24,97
WAE,2008,10,17,20,9,74.8,8.6,4.8,5.6,6.9,23.1,0,963,90,0.9,2.9,0,0,0,0,0,0,0,334,63,24,97
WAE,2008,10,17,21,8.2,75.3,8.2,4.1,5.34,6.2,21.7,0,962.8,30,0.8,2.9,0,0,0,0,0,0,0,301,41,24,97
WAE,2008,10,17,22,6.7,80.4,7.9,3.6,5.15,5.2,19.7,0,962.4,264,1,2.3,0,0,0,0,0,0,0,282,0,24,97
WAE,2008,10,17,23,6.1,81.5,7.7,3.2,5.02,4.8,18.7,0,962.4,267,2,3.7,0,0,0,0,0,0,0,273,6,24,97
WAE,2008,10,18,0,5.7,83.4,7.6,3.1,4.95,4.5,18.2,0,962.2,253,2.1,3.3,0,0,0,0,0,0,0,261,0,22,97
WAE,2008,10,18,1,5.1,87.1,7.6,3.1,4.95,4.2,17.5,0,962,236,1.6,2.8,0,0,0,0,0,0,0,286,0,22,97
WAE,2008,10,18,2,4.7,87.1,7.4,2.7,4.82,3.8,16.8,0,961.9,237,2.1,3,0,0,0,0,0,0,0,285,0,22,97
WAE,2008,10,18,3,4.5,87.6,7.4,2.6,4.82,3.6,16.6,0,961.8,261,2,3.6,0,0,0,0,0,0,0,285,0,22,97
WAE,2008,10,18,4,3.8,90,7.2,2.3,4.69,3.1,15.6,0,961.7,231,2,2.9,0,0,0,0,0,0,0,285,0,22,97
WAE,2008,10,18,5,3.6,90.8,7.2,2.2,4.69,3,15.4,0,961.9,234,1.4,2.2,0,0,0,0,0,0,0,284,10,22,97
WAE,2008,10,18,6,3.8,91.2,7.3,2.5,4.76,3.2,15.7,0,962.2,210,0.8,1.6,72,191,48,28,211,106,27,289,41,22,97
WAE,2008,10,18,7,5.3,86.5,7.7,3.2,5.02,4.3,17.9,0,962.4,225,1.1,2.1,230,536,85,50,513,373,50,286,40,22,97
WAE,2008,10,18,8,6.2,84.6,8,3.8,5.21,5.1,19.3,0,962.7,153,0.4,1.8,401,768,96,63,598,642,65,272,29,22,97
WAE,2008,10,18,9,7.3,81.9,8.4,4.4,5.47,5.9,21.1,0,962.8,41,1,2.5,474,730,118,78,440,712,79,288,33,22,97
WAE,2008,10,18,10,8.2,79.5,8.6,4.9,5.61,6.6,22.3,0,962.8,49,1,2.5,537,785,114,82,274,805,84,276,19,22,97
WAE,2008,10,18,11,9.4,75.8,8.9,5.4,5.8,7.4,24.1,0,962.7,52,1.1,2.4,553,842,97,78,79,846,229,295,25,22,97
WAE,2008,10,18,12,10.6,73.9,9.4,6.1,6.14,8.3,26.1,0,962.4,81,1.2,2.7,499,787,104,75,76,764,416,279,19,22,97
WAE,2008,10,18,13,11.4,70.2,9.5,6.2,6.2,8.7,27.1,0,962.1,77,1.4,2.6,405,751,90,63,64,645,550,279,6,22,97
WAE,2008,10,18,14,12,70.8,9.9,6.9,6.47,9.3,28.4,0,962,94,1.5,2.8,267,624,79,49,49,447,563,283,6,22,97
WAE,2008,10,18,15,11.4,73.3,9.9,6.8,6.46,9,27.8,0,962.4,129,0.8,2.1,111,337,52,31,31,193,344,302,36,22,97
WAE,2008,10,18,16,10.2,80.8,10,7.1,6.53,8.6,26.7,0,962.9,185,1.1,1.9,4,0,4,2,2,2,2,321,55,22,97
WAE,2008,10,18,17,9.3,84.2,9.9,6.8,6.46,8,25.6,0,963.4,198,1.3,2,0,0,0,0,0,0,0,330,71,22,97
WAE,2008,10,18,18,10.1,83.1,10.3,7.4,6.72,8.7,27.1,0,963.9,180,1,2.2,0,0,0,0,0,0,0,321,78,22,97
WAE,2008,10,18,19,10.2,84.1,10.4,7.6,6.78,8.8,27.3,0,964.4,169,0.6,1.7,0,0,0,0,0,0,0,322,78,22,97
WAE,2008,10,18,20,9.9,86.2,10.5,7.7,6.84,8.7,27.2,0,964.7,180,0.4,1.2,0,0,0,0,0,0,0,332,81,22,97
WAE,2008,10,18,21,10.1,87.7,10.9,8.2,7.11,9.1,28,0,965,207,0.3,0.8,0,0,0,0,0,0,0,344,88,22,97
WAE,2008,10,18,22,10.3,84.8,10.6,7.9,6.91,9,27.7,0,965.3,281,1.6,3.9,0,0,0,0,0,0,0,339,94,22,97
WAE,2008,10,18,23,9.8,76.6,9.3,5.9,6.05,7.8,25.1,0,965.4,257,1.9,3.2,0,0,0,0,0,0,0,316,50,22,97
WAE,2008,10,19,0,8.9,82.1,9.4,6,6.11,7.4,24.3,0,965.6,262,0.7,2,0,0,0,0,0,0,0,305,36,21,97
WAE,2008,10,19,1,8.9,77.3,8.8,5.1,5.72,7,23.3,0,965.8,270,1.8,3.6,0,0,0,0,0,0,0,300,33,21,97
WAE,2008,10,19,2,8.2,82.2,9,5.3,5.85,6.8,23,0,965.8,262,1.4,2.2,0,0,0,0,0,0,0,298,39,21,97
WAE,2008,10,19,3,8,84.5,9,5.6,5.85,6.8,22.7,0,965.9,247,1.3,3.5,0,0,0,0,0,0,0,287,25,21,97
WAE,2008,10,19,4,7.5,86.5,8.9,5.4,5.79,6.5,22.1,0,965.8,228,1.3,3,0,0,0,0,0,0,0,272,25,21,97
WAE,2008,10,19,5,7.7,87.4,9.2,5.7,5.98,6.7,22.8,0,966.2,247,0.9,1.7,0,0,0,0,0,0,0,274,33,21,97
WAE,2008,10,19,6,7.5,88.9,9.2,5.8,5.98,6.7,22.6,0,966.7,219,0.8,1.8,81,267,44,25,278,143,24,288,33,21,97
WAE,2008,10,19,7,8.5,86.6,9.7,6.4,6.3,7.4,24.4,0,967.1,166,0.9,1.7,228,553,82,47,524,381,47,281,19,21,97
WAE,2008,10,19,8,9.8,85.3,10.3,7.5,6.69,8.6,26.7,0,967.4,37,0.5,2.1,378,737,88,59,566,612,60,269,0,21,97
WAE,2008,10,19,9,10.9,77.7,10.1,7.2,6.56,8.9,27.5,0,967.6,53,0.7,2.2,481,785,101,71,449,746,73,286,0,21,97
WAE,2008,10,19,10,12,73.2,10.3,7.4,6.69,9.5,28.9,0,967.5,41,1,2.2,547,849,95,75,270,847,78,274,0,21,97
WAE,2008,10,19,11,12.8,71.4,10.5,7.8,6.83,10.1,30.1,0,967,53,1,2.8,548,829,103,77,78,840,229,281,6,21,97
WAE,2008,10,19,12,13.9,66.9,10.6,7.9,6.9,10.6,31.4,0,966.4,63,0.7,2,497,793,104,73,74,769,420,293,0,21,97
WAE,2008,10,19,13,14.9,64,10.8,8.2,7.03,11.2,32.8,0,965.9,51,0.7,1.5,405,766,88,61,61,654,556,282,0,21,97
WAE,2008,10,19,14,15.1,62.9,10.8,8.1,7.03,11.2,33,0,965.7,76,0.8,1.4,269,660,74,46,46,466,587,276,0,21,97
WAE,2008,10,19,15,14.7,64.1,10.7,8,6.97,11,32.4,0,965.7,106,0.7,1.3,105,334,49,28,28,190,338,285,13,21,97
WAE,2008,10,19,16,13.4,72.5,11.1,8.6,7.23,10.8,31.7,0,965.7,168,2,3.3,3,0,3,2,2,2,2,274,0,21,97
WAE,2008,10,19,17,11.4,78.9,10.6,7.9,6.9,9.5,28.9,0,966,163,1.1,2.9,0,0,0,0,0,0,0,274,0,21,97
WAE,2008,10,19,18,10.5,82.8,10.5,7.7,6.84,9,27.8,0,966,135,0.6,2.1,0,0,0,0,0,0,0,273,0,21,97
WAE,2008,10,19,19,9.9,84.3,10.3,7.4,6.7,8.6,26.8,0,966.3,171,0.7,2.8,0,0,0,0,0,0,0,273,25,21,97
WAE,2008,10,19,20,9.7,86.8,10.4,7.6,6.77,8.6,26.8,0,966.4,211,0.6,1.5,0,0,0,0,0,0,0,272,0,21,97
WAE,2008,10,19,21,9.4,88.1,10.4,7.5,6.77,8.4,26.5,0,966.2,174,1.2,2.3,0,0,0,0,0,0,0,272,0,21,97
WAE,2008,10,19,22,9.5,87.4,10.3,7.5,6.7,8.4,26.4,0,966.2,153,0.7,1.6,0,0,0,0,0,0,0,272,0,21,97
WAE,2008,10,19,23,9,88.1,10.1,7.1,6.57,8,25.6,0,966.4,198,0.3,1.2,0,0,0,0,0,0,0,271,0,21,97
WAE,2008,10,20,0,8.8,88.5,10,7,6.5,7.9,25.2,0,966.5,221,0.9,3.2,0,0,0,0,0,0,0,271,0,19,97
WAE,2008,10,20,1,9.2,86.9,10.1,7.1,6.57,8.1,25.8,0,966.2,221,2.1,3.7,0,0,0,0,0,0,0,271,0,19,97
WAE,2008,10,20,2,8.8,87.8,9.9,6.9,6.44,7.8,25,0,966,188,1.4,2.8,0,0,0,0,0,0,0,271,0,19,97
WAE,2008,10,20,3,8.4,88.2,9.7,6.6,6.31,7.5,24.3,0,966,162,0.7,1.8,0,0,0,0,0,0,0,272,0,19,97
WAE,2008,10,20,4,8,89.6,9.6,6.4,6.25,7.2,23.7,0,965.7,151,1.2,2.1,0,0,0,0,0,0,0,272,0,19,97
WAE,2008,10,20,5,7.9,91,9.7,6.5,6.31,7.2,23.8,0,965.8,151,1.1,2.2,0,0,0,0,0,0,0,272,0,19,97
WAE,2008,10,20,6,7.8,90,9.5,6.3,6.18,7,23.4,0,965.8,164,1,2.6,74,266,38,21,271,139,21,278,0,19,97
WAE,2008,10,20,7,9.9,83.3,10.1,7.2,6.57,8.5,26.5,0,966,146,0.6,1.9,228,602,69,40,548,403,40,279,0,19,97
WAE,2008,10,20,8,11,80.5,10.6,7.8,6.9,9.3,28.5,0,965.8,81,1.3,2.3,370,746,80,53,561,611,54,284,0,19,97
WAE,2008,10,20,9,12.6,73.2,10.7,7.9,6.97,10.1,30.3,0,965.6,80,1.2,2.2,459,732,109,68,425,704,69,289,0,19,97
WAE,2008,10,20,10,13.8,65.6,10.3,7.5,6.71,10.4,30.8,0,965.2,72,0.9,1.9,520,780,108,72,256,791,73,294,0,19,97
WAE,2008,10,20,11,15.8,58.7,10.5,7.7,6.84,11.3,33.2,0,964.7,63,0.4,1.8,529,808,99,70,70,814,217,299,0,19,97
WAE,2008,10,20,12,16.5,57.9,10.9,8.2,7.11,11.9,34.6,0,964,40,0.7,1.7,484,801,90,64,64,761,403,302,0,19,97
WAE,2008,10,20,13,17.6,57.2,11.5,9,7.51,12.7,36.7,0,963.4,72,1,2,386,730,87,56,56,624,526,302,0,19,97
WAE,2008,10,20,14,17.8,55.7,11.3,8.8,7.39,12.7,36.6,0,962.9,98,1.5,2.9,253,613,74,43,43,435,544,301,0,19,97
WAE,2008,10,20,15,17,60.1,11.6,9.2,7.59,12.6,36.3,0,962.4,124,0.7,3,85,227,44,26,26,141,233,301,13,19,97
WAE,2008,10,20,16,15.3,67.7,11.8,9.4,7.73,12,34.9,0,961.9,155,1.5,2.3,3,0,3,2,2,2,2,305,6,19,97
WAE,2008,10,20,17,13.5,77.2,11.9,9.6,7.79,11.3,33.3,0,961.6,151,1.3,2.9,0,0,0,0,0,0,0,300,0,19,97
WAE,2008,10,20,18,12.3,81.6,11.7,9.2,7.66,10.6,31.7,0,961.7,148,1.4,2.7,0,0,0,0,0,0,0,300,0,19,97
WAE,2008,10,20,19,11.6,84.5,11.6,9.1,7.59,10.2,30.8,0,961.8,219,0.7,2.5,0,0,0,0,0,0,0,300,0,19,97
WAE,2008,10,20,20,11.5,84.2,11.4,8.9,7.46,10.1,30.4,0,961.7,243,0.7,1.9,0,0,0,0,0,0,0,301,0,19,97
WAE,2008,10,20,21,11.1,83.9,11.1,8.5,7.26,9.7,29.5,0,961.9,151,1.2,3.7,0,0,0,0,0,0,0,319,29,19,97
WAE,2008,10,20,22,11.3,83.6,11.2,8.6,7.33,9.8,29.8,0,961.8,189,0.7,2.7,0,0,0,0,0,0,0,344,88,19,97
WAE,2008,10,20,23,11.4,82.4,11.1,8.5,7.26,9.8,29.8,0,961.5,165,1.2,2.7,0,0,0,0,0,0,0,336,59,19,97
WAE,2008,10,21,0,10.7,86.7,11.2,8.6,7.33,9.6,29.2,0,961.4,135,1,2.6,0,0,0,0,0,0,0,311,35,19,97
WAE,2008,10,21,1,10.3,87.9,11,8.4,7.2,9.3,28.5,0,960.8,191,1.2,3.5,0,0,0,0,0,0,0,316,45,19,97
WAE,2008,10,21,2,10.2,85.6,10.6,7.9,6.94,9,27.7,0,960.7,252,0.7,2.2,0,0,0,0,0,0,0,315,60,19,97
WAE,2008,10,21,3,10.3,83.6,10.4,7.6,6.81,8.9,27.5,0,960.3,198,1,2.7,0,0,0,0,0,0,0,322,63,19,97
WAE,2008,10,21,4,11.2,81.6,10.9,8.2,7.14,9.6,29.3,0,959.8,108,1.1,4,0,0,0,0,0,0,0,351,100,19,97
WAE,2008,10,21,5,10.9,83.8,10.9,8.3,7.15,9.5,29,0,959.6,112,1.3,3.9,0,0,0,0,0,0,0,354,100,19,97
WAE,2008,10,21,6,11.1,83.4,11,8.4,7.21,9.6,29.3,0,959.4,157,1.4,3.8,18,11,17,10,20,13,9,348,100,19,97
WAE,2008,10,21,7,11.7,82.6,11.4,8.8,7.48,10.1,30.6,0,959.6,166,0.5,1.4,61,27,55,32,56,45,30,359,94,19,97
WAE,2008,10,21,8,12.8,75,11.1,8.5,7.28,10.4,31.2,0,959.5,108,0.7,2.1,219,160,162,91,213,210,87,349,81,19,97
WAE,2008,10,21,9,13.4,72.1,11.1,8.5,7.28,10.7,31.9,0,959.3,72,0.7,2,205,49,183,104,134,143,100,362,100,19,97
WAE,2008,10,21,10,14.1,69.3,11.1,8.6,7.28,11.1,32.6,0,958.9,104,0.9,2.1,123,11,117,67,70,75,65,370,100,19,97
WAE,2008,10,21,11,14.8,72.1,12.1,9.8,7.95,12,35,0,958.2,45,0.4,1.6,83,0,83,48,48,45,46,374,100,19,97
WAE,2008,10,21,12,15.4,69.6,12.1,9.9,7.96,12.3,35.6,0,957.3,194,0.9,2.2,171,33,156,89,88,116,104,372,100,19,97
WAE,2008,10,21,13,16.2,65.9,12.1,9.8,7.97,12.5,36.4,0,957,90,0.6,2,172,48,153,88,87,122,120,367,100,19,97
WAE,2008,10,21,14,16,68.3,12.4,10.2,8.17,12.7,36.8,0,956.8,270,0.3,0.9,81,20,76,44,43,54,60,374,100,19,97
WAE,2008,10,21,15,16.2,71,13.1,10.9,8.64,13.1,38.1,0,956.6,135,0.4,0.9,30,4,30,17,17,18,20,373,100,19,97
WAE,2008,10,21,16,15.4,70.9,12.4,10.2,8.17,12.4,36.1,0,956.9,175,1.3,2.7,0,0,0,0,0,0,0,372,100,19,97
WAE,2008,10,21,17,14.5,75.6,12.4,10.2,8.16,12,35.2,0,957.7,212,1.3,2.8,0,0,0,0,0,0,0,371,100,19,97
WAE,2008,10,21,18,14.6,78.2,13,10.8,8.56,12.4,36.3,0,958,236,0.8,2.3,0,0,0,0,0,0,0,370,100,19,97
WAE,2008,10,21,19,13.9,83.4,13.2,11.1,8.69,12.3,35.9,0,958,216,1.4,2.2,0,0,0,0,0,0,0,369,100,19,97
WAE,2008,10,21,20,13,87.8,13.2,11,8.69,11.8,35,0,958,153,0.4,1.8,0,0,0,0,0,0,0,359,90,19,97
WAE,2008,10,21,21,12.5,88,12.8,10.6,8.42,11.4,33.8,0,958,180,0.8,2.8,0,0,0,0,0,0,0,354,71,19,97
WAE,2008,10,21,22,11.8,91.1,12.6,10.4,8.29,11,32.8,0,957.9,180,0.5,1.6,0,0,0,0,0,0,0,356,81,19,97
WAE,2008,10,21,23,11.5,89.8,12.2,9.9,8.02,10.6,31.8,0,957.9,135,0.6,1.7,0,0,0,0,0,0,0,358,88,19,97
WAE,2008,10,22,0,12.1,86.1,12.2,9.8,8.02,10.8,32.4,0,957.8,247,1,1.7,0,0,0,0,0,0,0,363,100,18,97
WAE,2008,10,22,1,12.5,86,12.5,10.2,8.23,11.2,33.3,0,957.2,160,1.6,5.1,0,0,0,0,0,0,0,362,100,18,97
WAE,2008,10,22,2,12.2,86.6,12.3,10,8.1,11,32.7,0,957.1,122,1,4.1,0,0,0,0,0,0,0,360,100,18,97
WAE,2008,10,22,3,11.6,90.9,12.4,10.2,8.16,10.8,32.2,0,957.1,198,0.6,1.9,0,0,0,0,0,0,0,359,100,18,97
WAE,2008,10,22,4,11.5,87.3,11.8,9.5,7.76,10.4,31.1,0,957.3,180,0.7,1.9,0,0,0,0,0,0,0,358,100,18,97
WAE,2008,10,22,5,11.3,87.2,11.7,9.3,7.69,10.2,30.8,0,957.7,252,1.3,2.7,0,0,0,0,0,0,0,356,100,18,97
WAE,2008,10,22,6,11.8,92.6,12.8,10.6,8.42,11.1,33.1,0,958.7,290,3,7,3,0,3,2,2,2,2,355,100,18,97
WAE,2008,10,22,7,10.6,92.1,11.8,9.4,7.74,9.9,30.2,0,960.1,301,5,9.1,44,0,44,25,25,24,24,355,100,18,97
WAE,2008,10,22,8,9.5,93.7,11.1,8.5,7.27,9,27.8,0.2,961.1,295,4.3,8.2,37,0,37,22,22,20,21,355,100,18,97
WAE,2008,10,22,9,9,94.8,10.9,8.2,7.13,8.6,27,0.1,961.7,300,3.8,7.1,22,0,22,13,13,12,12,354,100,18,97
WAE,2008,10,22,10,8.8,94.4,10.7,8,6.99,8.4,26.4,0,962.3,303,3.8,6.6,28,0,28,16,16,15,15,354,100,18,97
WAE,2008,10,22,11,8.6,94.5,10.6,7.8,6.93,8.2,26.1,0,962.5,305,3.3,6.2,25,0,25,15,15,14,14,354,100,18,97
WAE,2008,10,22,12,8.4,94.5,10.4,7.6,6.79,8,25.5,0,962.8,308,3.3,5.7,34,0,34,20,20,18,19,353,100,18,97
WAE,2008,10,22,13,8.2,94.3,10.2,7.3,6.66,7.7,25,0.1,963.4,299,3.4,6.2,24,0,24,14,14,13,13,350,100,18,97
WAE,2008,10,22,14,8,95.4,10.2,7.3,6.65,7.6,24.8,0.3,964.2,301,3.5,6.6,12,0,12,7,7,6,7,348,100,18,97
WAE,2008,10,22,15,7.8,94.7,10,7,6.51,7.4,24.2,0.2,965.1,304,3.8,7.1,8,0,8,5,5,4,4,346,100,18,97
WAE,2008,10,22,16,7.3,94,9.6,6.4,6.24,6.8,23,0.2,966.5,303,3.7,7.8,0,0,0,0,0,0,0,343,100,18,97
WAE,2008,10,22,17,6.6,92.9,9,5.5,5.84,6.1,21.3,0.3,968.3,299,3.9,7.7,0,0,0,0,0,0,0,341,100,18,97
WAE,2008,10,22,18,5.9,92.8,8.6,4.8,5.57,5.4,19.9,0.5,969.4,300,3.3,6.3,0,0,0,0,0,0,0,339,100,18,97
WAE,2008,10,22,19,5.1,92.1,8.1,3.9,5.24,4.5,18.3,0.8,970.4,297,3.1,6.3,0,0,0,0,0,0,0,338,100,18,97
WAE,2008,10,22,20,4.8,91.7,7.9,3.6,5.1,4.2,17.6,0.7,971.3,299,2.1,4.7,0,0,0,0,0,0,0,337,100,18,97
WAE,2008,10,22,21,4.7,91.4,7.8,3.4,5.04,4.1,17.3,0.4,971.3,351,1.4,4,0,0,0,0,0,0,0,336,100,18,97
WAE,2008,10,22,22,4.9,91.2,7.9,3.6,5.1,4.3,17.7,0.2,971,9,0.7,3.2,0,0,0,0,0,0,0,335,100,18,97
WAE,2008,10,22,23,5,92,8,3.8,5.17,4.4,18,0,970.5,38,1.2,3.3,0,0,0,0,0,0,0,334,100,18,97
WAE,2008,10,23,0,5.1,90.2,7.9,3.6,5.11,4.4,17.9,0,970.4,28,1.7,4.9,0,0,0,0,0,0,0,329,100,18,97
WAE,2008,10,23,1,5.3,90.3,8.1,3.8,5.24,4.6,18.5,0,970.2,27,2.2,4.5,0,0,0,0,0,0,0,333,100,18,97
WAE,2008,10,23,2,5.4,91,8.2,4.1,5.3,4.8,18.7,0,969.8,27,3.4,6.3,0,0,0,0,0,0,0,333,100,18,97
WAE,2008,10,23,3,5.5,89.6,8.1,3.9,5.24,4.7,18.7,0,969.9,34,4.7,7.6,0,0,0,0,0,0,0,332,100,18,97
WAE,2008,10,23,4,5.5,89.3,8.1,3.9,5.24,4.7,18.7,0,969.8,46,4.6,7.6,0,0,0,0,0,0,0,329,100,18,97
WAE,2008,10,23,5,5.6,87.9,8,3.8,5.17,4.8,18.6,0,969.9,33,4.6,7.5,0,0,0,0,0,0,0,328,100,18,97
WAE,2008,10,23,6,5.6,87.6,8,3.7,5.17,4.7,18.6,0,970,46,2.9,6,43,111,31,18,121,65,17,323,78,18,97
WAE,2008,10,23,7,5.9,86.8,8.1,3.9,5.24,5,19.1,0,970.1,33,3.5,6.7,56,0,56,33,32,30,31,335,100,18,97
WAE,2008,10,23,8,6.6,83.1,8.1,3.9,5.24,5.3,19.8,0,969.9,36,3.2,5.8,76,1,76,44,44,42,42,337,100,18,97
WAE,2008,10,23,9,7.3,80.4,8.2,4.2,5.3,5.8,20.7,0,969.9,33,3.3,6,37,0,37,22,21,20,21,340,100,18,97
WAE,2008,10,23,10,7.5,78.3,8.2,4,5.3,5.8,20.9,0,969.8,31,3.7,6.3,32,0,32,19,19,18,18,342,100,18,97
WAE,2008,10,23,11,7.7,78.1,8.2,4.1,5.31,6,21.1,0,969.4,33,4.2,6.7,38,0,38,22,22,21,21,344,100,18,97
WAE,2008,10,23,12,8.2,75.2,8.2,4.1,5.31,6.2,21.6,0,968.9,41,2.8,5.5,31,0,31,18,18,17,17,345,100,18,97
WAE,2008,10,23,13,8.3,73.7,8.1,3.9,5.25,6.2,21.5,0,968.4,42,2.8,5.6,26,0,26,15,15,14,14,345,100,18,97
WAE,2008,10,23,14,8.5,74,8.2,4.1,5.31,6.4,21.9,0,968.1,29,2.4,5.3,16,0,16,9,9,9,9,345,100,18,97
WAE,2008,10,23,15,8.3,75.6,8.3,4.2,5.38,6.3,21.9,0,967.8,34,2.3,4.4,9,0,9,5,5,5,5,344,100,18,97
WAE,2008,10,23,16,8,78.4,8.4,4.5,5.45,6.3,21.7,0,967.8,29,2.3,4.7,0,0,0,0,0,0,0,344,100,18,97
WAE,2008,10,23,17,7.9,78.2,8.3,4.3,5.38,6.2,21.5,0,967.9,32,1.4,4,0,0,0,0,0,0,0,343,100,18,97
WAE,2008,10,23,18,7.8,79.6,8.4,4.5,5.44,6.2,21.5,0,968,307,1.1,2.5,0,0,0,0,0,0,0,343,100,18,97
WAE,2008,10,23,19,7.5,80.2,8.3,4.3,5.38,6,21.1,0,968.1,284,2,3.6,0,0,0,0,0,0,0,343,100,18,97
WAE,2008,10,23,20,7.4,80.4,8.3,4.3,5.38,5.9,21,0,968.2,273,1.8,3.2,0,0,0,0,0,0,0,307,100,18,97
WAE,2008,10,23,21,7.3,80.5,8.3,4.2,5.38,5.8,20.9,0,968,261,1.3,2.6,0,0,0,0,0,0,0,295,100,18,97
WAE,2008,10,23,22,7.3,81.6,8.4,4.4,5.44,5.9,21,0,968,275,1.1,2.3,0,0,0,0,0,0,0,295,100,18,97
WAE,2008,10,23,23,7.4,82.7,8.5,4.7,5.51,6.1,21.3,0,967.7,247,1.3,2.8,0,0,0,0,0,0,0,295,100,18,97
WAE,2008,10,24,0,7.3,82.4,8.4,4.5,5.45,5.9,21,0,967.5,252,2.2,4.1,0,0,0,0,0,0,0,297,25,18,97
WAE,2008,10,24,1,7.2,82.1,8.4,4.4,5.45,5.9,20.9,0,967.2,261,2.1,3.7,0,0,0,0,0,0,0,294,25,18,97
WAE,2008,10,24,2,7.1,82.7,8.3,4.4,5.39,5.8,20.7,0,967,267,1.7,3.3,0,0,0,0,0,0,0,299,38,18,97
WAE,2008,10,24,3,7,84.1,8.4,4.5,5.45,5.8,20.7,0,967,251,1.8,3.5,0,0,0,0,0,0,0,320,84,18,97
WAE,2008,10,24,4,6.9,84.2,8.4,4.4,5.45,5.7,20.6,0,967,257,1.9,3.4,0,0,0,0,0,0,0,341,100,18,97
WAE,2008,10,24,5,6.9,84.3,8.4,4.4,5.45,5.7,20.6,0,967,243,1.3,2.9,0,0,0,0,0,0,0,341,100,18,97
WAE,2008,10,24,6,7,85,8.5,4.7,5.52,5.9,20.9,0,967.1,234,0.9,1.7,13,0,13,7,7,7,7,342,100,18,97
WAE,2008,10,24,7,7.3,83.5,8.6,4.7,5.58,6,21.4,0,967.5,254,0.7,1.5,45,0,45,26,26,24,25,344,100,18,97
WAE,2008,10,24,8,7.6,83.4,8.7,5,5.64,6.3,21.8,0,967.6,243,0.2,0.9,72,0,72,42,42,39,40,347,100,18,97
WAE,2008,10,24,9,8.1,82.4,8.9,5.3,5.77,6.7,22.7,0,967.7,360,0.5,1.8,73,0,73,42,42,39,40,350,100,18,97
WAE,2008,10,24,10,8.7,81.2,9.2,5.7,5.97,7.2,23.8,0,967.9,27,0.7,1.6,117,0,117,68,68,64,65,352,100,18,97
WAE,2008,10,24,11,9.3,79.5,9.4,5.9,6.1,7.6,24.7,0,967.6,45,1,2.3,168,4,166,96,95,94,93,355,100,18,97
WAE,2008,10,24,12,9.8,78.4,9.5,6.2,6.17,8,25.4,0,967.3,45,1.1,2.5,103,5,101,58,58,59,58,356,100,18,97
WAE,2008,10,24,13,10,77.9,9.6,6.3,6.23,8.1,25.8,0,967.3,60,0.8,1.9,187,122,143,80,80,174,170,355,84,18,97
WAE,2008,10,24,14,10.5,76.9,9.8,6.6,6.37,8.5,26.6,0,967.4,81,1.2,2.4,229,568,76,42,42,412,507,332,35,18,97
WAE,2008,10,24,15,10.2,81.1,10.1,7.1,6.56,8.6,26.8,0,967.7,135,0.9,1.7,66,155,40,22,22,103,162,337,60,18,97
WAE,2008,10,24,16,10,83.6,10.3,7.4,6.69,8.6,26.9,0,968.3,180,0.9,2,0,0,0,0,0,0,0,343,45,18,97
WAE,2008,10,24,17,8.8,89.1,10.1,7.1,6.55,7.9,25.3,0,969,180,0.6,1.6,0,0,0,0,0,0,0,316,6,18,97
WAE,2008,10,24,18,8.3,90.7,9.9,6.9,6.42,7.6,24.5,0,969.6,207,0.5,1.9,0,0,0,0,0,0,0,333,65,18,97
WAE,2008,10,24,19,8.3,92,10,7.1,6.48,7.7,24.6,0,969.9,180,0.4,1.2,0,0,0,0,0,0,0,339,94,18,97
WAE,2008,10,24,20,8.3,92.1,10.1,7.1,6.54,7.7,24.8,0,970.5,198,0.4,1.6,0,0,0,0,0,0,0,333,64,18,97
WAE,2008,10,24,21,7.9,93.8,10,7,6.47,7.4,24.2,0,971,270,0.5,1.6,0,0,0,0,0,0,0,338,53,18,97
WAE,2008,10,24,22,7.5,93.6,9.7,6.5,6.27,7,23.3,0,971.2,191,0.6,1.9,0,0,0,0,0,0,0,303,33,18,97
WAE,2008,10,24,23,6.5,95.5,9.2,5.8,5.95,6.2,21.5,0,971.5,189,0.8,1.7,0,0,0,0,0,0,0,284,25,18,97
WAE,2008,10,25,0,7.1,95.1,9.6,6.4,6.2,6.7,22.7,0,972,225,0.5,1.4,0,0,0,0,0,0,0,338,100,18,97
WAE,2008,10,25,1,7.7,92.7,9.8,6.6,6.33,7.1,23.7,0,972.1,310,0.9,2.5,0,0,0,0,0,0,0,338,100,18,97
WAE,2008,10,25,2,7.3,95.3,9.7,6.6,6.27,6.9,23.1,0,972.2,315,0.7,2.6,0,0,0,0,0,0,0,337,100,18,97
WAE,2008,10,25,3,7.2,95,9.7,6.5,6.27,6.8,23,0,972.5,315,0.9,1.8,0,0,0,0,0,0,0,337,100,18,97
WAE,2008,10,25,4,6.7,98.1,9.6,6.4,6.2,6.5,22.3,0,972.7,301,1.2,2.8,0,0,0,0,0,0,0,337,100,18,97
WAE,2008,10,25,5,6.3,97.5,9.3,5.9,6,6.1,21.4,0,972.8,309,1.3,3.1,0,0,0,0,0,0,0,337,100,18,97
WAE,2008,10,25,6,6.4,95.8,9.2,5.8,5.94,6.1,21.3,0,973.2,299,1.3,3.8,8,0,8,4,4,4,4,338,100,18,97
WAE,2008,10,25,7,6.8,93,9.2,5.7,5.93,6.3,21.7,0,973.8,16,1.3,3.3,44,0,44,25,25,24,24,341,100,18,97
WAE,2008,10,25,8,7.3,89.8,9.2,5.7,5.93,6.5,22.2,0,974,0,0.3,1.1,64,0,64,37,37,35,35,343,100,18,97
WAE,2008,10,25,9,7.8,88.9,9.4,6.1,6.06,6.9,23.1,0,974,315,0.5,1.4,40,0,40,23,23,22,22,346,100,18,97
WAE,2008,10,25,10,8.3,86.7,9.4,6.2,6.06,7.2,23.6,0,973.7,27,0.7,1.4,76,0,76,44,44,41,42,348,100,18,97
WAE,2008,10,25,11,8.7,83.5,9.4,6.1,6.07,7.4,24,0,973.3,29,1.1,2.3,54,0,54,31,31,29,30,351,100,18,97
WAE,2008,10,25,12,9,82.3,9.4,6.1,6.07,7.5,24.3,0,972.8,51,0.7,2.1,105,5,102,59,59,60,60,351,100,18,97
WAE,2008,10,25,13,9.4,80.9,9.5,6.3,6.14,7.8,24.9,0,972.5,270,0.6,1.9,183,49,165,95,94,129,127,350,90,18,97
WAE,2008,10,25,14,9.8,79.1,9.6,6.4,6.2,8.1,25.5,0,972.6,112,0.7,2.1,220,496,93,49,49,372,464,307,33,18,97
WAE,2008,10,25,15,9.4,81.5,9.6,6.4,6.2,7.9,25.1,0,972.8,214,1.2,3.4,65,142,41,24,24,99,151,346,100,18,97
WAE,2008,10,25,16,8.4,86.5,9.5,6.3,6.13,7.3,23.9,0,973.1,234,2.8,4.5,0,0,0,0,0,0,0,344,100,18,97
WAE,2008,10,25,17,7.3,88.8,9.1,5.6,5.87,6.5,22.1,0,973.2,220,2.7,4.3,0,0,0,0,0,0,0,342,100,18,97
WAE,2008,10,25,18,7,88.9,8.9,5.3,5.74,6.2,21.5,0,973.3,231,1.5,2.3,0,0,0,0,0,0,0,340,100,18,97
WAE,2008,10,25,19,7,89.1,8.9,5.3,5.74,6.2,21.5,0,972.9,177,1.8,3.5,0,0,0,0,0,0,0,339,100,18,97
WAE,2008,10,25,20,7.3,90.1,9.2,5.8,5.94,6.6,22.3,0,973,285,1.7,3.4,0,0,0,0,0,0,0,338,100,18,97
WAE,2008,10,25,21,8,88.3,9.5,6.2,6.13,7.1,23.5,0,973.2,264,0.9,2.7,0,0,0,0,0,0,0,336,100,18,97
WAE,2008,10,25,22,8,89.6,9.6,6.4,6.2,7.2,23.6,0,973,180,0.4,1.3,0,0,0,0,0,0,0,335,100,18,97
WAE,2008,10,25,23,8,90.2,9.7,6.5,6.26,7.2,23.8,0,972.9,297,0.7,1.7,0,0,0,0,0,0,0,334,100,18,97
WAE,2008,10,26,0,8.1,87.8,9.5,6.2,6.13,7.1,23.6,0,972.8,207,1.3,2.7,0,0,0,0,0,0,0,271,0,20,97
WAE,2008,10,26,1,7.7,89.1,9.4,6,6.07,6.8,23,0,972.6,225,1.5,3.3,0,0,0,0,0,0,0,275,0,20,97
WAE,2008,10,26,2,7.5,90.8,9.4,6.1,6.07,6.8,22.8,0,972.1,157,1.5,2.8,0,0,0,0,0,0,0,274,0,20,97
WAE,2008,10,26,3,7.6,90.8,9.5,6.2,6.14,6.9,23.1,0,971.5,191,0.8,2.5,0,0,0,0,0,0,0,285,0,20,97
WAE,2008,10,26,4,7.5,89.6,9.3,5.9,6.01,6.7,22.7,0,971,238,1,2.2,0,0,0,0,0,0,0,273,0,20,97
WAE,2008,10,26,5,7.6,90,9.4,6.1,6.08,6.8,22.9,0,970.5,209,1,2,0,0,0,0,0,0,0,275,0,20,97
WAE,2008,10,26,6,7.4,90,9.3,5.9,6.02,6.7,22.6,0,970.5,227,1.8,4.3,21,2,21,12,14,13,12,278,0,20,97
WAE,2008,10,26,7,7.4,90.8,9.4,6,6.08,6.7,22.7,0,971,240,2.8,5,73,4,72,42,45,42,40,296,69,20,97
WAE,2008,10,26,8,7.4,91.4,9.4,6.1,6.08,6.7,22.7,0,971,245,2,4.3,104,0,103,61,60,57,58,291,100,20,97
WAE,2008,10,26,9,7.8,89.4,9.5,6.2,6.14,7,23.3,0,971.1,193,1.4,3,119,1,118,69,69,66,66,312,100,20,97
WAE,2008,10,26,10,8.4,86.9,9.6,6.3,6.21,7.3,24.1,0,970.4,229,1.2,3.6,304,127,241,135,173,262,131,293,71,20,97
WAE,2008,10,26,11,9.2,84.1,9.8,6.7,6.35,7.9,25.2,0,969.2,75,1.5,2.9,494,730,129,79,79,776,220,264,36,20,97
WAE,2008,10,26,12,9.8,83.6,10.1,7.2,6.56,8.4,26.4,0,968.1,59,0.7,2.2,449,710,126,76,77,714,399,266,29,20,97
WAE,2008,10,26,13,11,80.9,10.6,7.9,6.89,9.3,28.4,0,966.9,39,0.7,2,365,728,90,56,56,637,525,286,29,20,97
WAE,2008,10,26,14,11.6,79.1,10.8,8.1,7.03,9.7,29.4,0,966.3,81,0.7,1.5,190,315,102,57,57,275,312,318,66,20,97
WAE,2008,10,26,15,11.3,81.6,10.9,8.3,7.1,9.7,29.3,0,966,360,0.4,1.2,62,118,43,25,24,87,131,328,59,20,97
WAE,2008,10,26,16,10.4,81,10.2,7.3,6.64,8.8,27.2,0,965.8,238,1.9,4.6,0,0,0,0,0,0,0,309,38,20,97
WAE,2008,10,26,17,10,80.4,9.9,6.8,6.44,8.3,26.3,0,965.8,236,3.4,4.9,0,0,0,0,0,0,0,304,41,20,97
WAE,2008,10,26,18,9.6,84.7,10.1,7.2,6.58,8.3,26.2,0,965.5,196,1.1,4.7,0,0,0,0,0,0,0,342,100,20,97
WAE,2008,10,26,19,9.1,87.7,10.1,7.2,6.58,8.1,25.7,0,964.9,135,1,2.6,0,0,0,0,0,0,0,346,100,20,97
WAE,2008,10,26,20,9.4,89,10.5,7.7,6.85,8.5,26.7,0,963.9,163,1.4,3.3,0,0,0,0,0,0,0,345,100,20,97
WAE,2008,10,26,21,9,88.1,10.1,7.1,6.59,8,25.6,0,963.3,248,0.7,2,0,0,0,0,0,0,0,345,94,20,97
WAE,2008,10,26,22,8.6,87.7,9.8,6.7,6.4,7.6,24.7,0,962.7,255,1.4,3.6,0,0,0,0,0,0,0,339,94,20,97
WAE,2008,10,26,23,8.6,86.8,9.7,6.5,6.34,7.5,24.6,0,961.9,225,1.1,4.3,0,0,0,0,0,0,0,339,78,20,97
WAE,2008,10,27,0,8,88.9,9.6,6.3,6.27,7.1,23.8,0,961.5,130,0.8,1.7,0,0,0,0,0,0,0,319,70,21,97
WAE,2008,10,27,1,7.8,92.6,9.7,6.7,6.34,7.2,23.8,0,960.6,158,1.1,2.2,0,0,0,0,0,0,0,338,100,21,97
WAE,2008,10,27,2,7.7,90.7,9.6,6.3,6.29,7,23.5,0,959.2,167,1.1,3,0,0,0,0,0,0,0,343,94,21,97
WAE,2008,10,27,3,7.3,90,9.2,5.8,6.03,6.6,22.5,0,958.2,108,0.5,1.6,0,0,0,0,0,0,0,338,94,21,97
WAE,2008,10,27,4,7.2,89.7,9.1,5.6,5.97,6.4,22.2,0,957.3,149,0.6,1.4,0,0,0,0,0,0,0,338,94,21,97
WAE,2008,10,27,5,7.3,90.5,9.3,5.9,6.11,6.6,22.7,0,956.4,157,0.9,2.5,0,0,0,0,0,0,0,338,78,21,97
WAE,2008,10,27,6,7.3,89.8,9.2,5.7,6.05,6.5,22.5,0,955.7,146,1.1,2.6,59,206,36,20,212,119,19,335,59,21,97
WAE,2008,10,27,7,7.9,89.3,9.5,6.3,6.25,7.1,23.6,0,955.1,135,0.8,2.2,139,184,94,54,209,173,52,346,100,21,97
WAE,2008,10,27,8,9.5,83.6,9.9,6.9,6.51,8.2,25.9,0,955.2,270,0.9,3.5,204,117,163,94,181,186,91,349,100,21,97
WAE,2008,10,27,9,10.9,83.4,10.9,8.2,7.18,9.4,29.1,0,955.2,90,1.1,3.2,184,38,168,98,121,128,94,352,100,21,97
WAE,2008,10,27,10,12,77.5,10.8,8.2,7.12,9.9,30,0,954.9,171,0.9,3.9,255,78,217,126,146,200,121,355,100,21,97
WAE,2008,10,27,11,13.1,76.1,11.5,9,7.59,10.8,32.3,0,954.1,74,0.8,3.6,151,9,146,87,86,91,85,357,100,21,97
WAE,2008,10,27,12,13.9,67.4,10.6,8,6.99,10.7,31.6,0,953.7,265,1.5,5.5,117,2,117,69,69,67,67,359,100,21,97
WAE,2008,10,27,13,13.8,70.9,11.2,8.6,7.4,10.9,32.6,0,952.7,90,0.6,2.8,82,2,82,48,48,47,48,358,100,21,97
WAE,2008,10,27,14,13.7,69.2,10.9,8.2,7.2,10.7,32,0,952.5,297,1.2,2.6,63,4,62,37,36,37,38,357,100,21,97
WAE,2008,10,27,15,13,77.4,11.6,9.1,7.67,10.8,32.4,0,952.3,166,0.8,2.2,9,0,9,5,5,5,5,357,100,21,97
WAE,2008,10,27,16,12.6,77.1,11.2,8.7,7.41,10.5,31.4,0,951.8,196,1.8,3.4,0,0,0,0,0,0,0,356,100,21,97
WAE,2008,10,27,17,12.3,70.3,10.1,7.1,6.66,9.5,29.2,0,952.7,280,2.4,5.1,0,0,0,0,0,0,0,355,100,21,97
WAE,2008,10,27,18,11.1,75.6,10,7,6.59,8.9,27.8,0,953.2,258,2.5,5.3,0,0,0,0,0,0,0,354,100,21,97
WAE,2008,10,27,19,10.6,80.8,10.3,7.4,6.79,8.9,27.8,0.2,953.4,247,2.1,3.7,0,0,0,0,0,0,0,354,100,21,97
WAE,2008,10,27,20,10.1,86.7,10.7,8,7.07,9,27.9,0.8,952.7,245,1.7,3.7,0,0,0,0,0,0,0,353,100,21,97
WAE,2008,10,27,21,9.6,94.3,11.2,8.7,7.4,9.1,28.3,0.9,952.3,143,1.1,2.2,0,0,0,0,0,0,0,353,100,21,97
WAE,2008,10,27,22,9.4,95.2,11.3,8.7,7.47,9,28.3,1.7,951.9,158,1.1,2.1,0,0,0,0,0,0,0,353,100,21,97
WAE,2008,10,27,23,9.5,94.2,11.2,8.6,7.41,9,28.2,0.1,951.6,180,1.3,2.6,0,0,0,0,0,0,0,352,100,21,97
WAE,2008,10,28,0,9.7,92,11.1,8.5,7.34,9.1,28.2,0,951.6,208,1.5,2.5,0,0,0,0,0,0,0,351,100,22,97
WAE,2008,10,28,1,9.7,92.9,11.2,8.6,7.41,9.1,28.4,0,951.6,185,1.3,2.3,0,0,0,0,0,0,0,350,100,22,97
WAE,2008,10,28,2,9.7,94,11.3,8.8,7.48,9.2,28.6,0.6,951.3,142,1.2,2.7,0,0,0,0,0,0,0,349,100,22,97
WAE,2008,10,28,3,9.6,95.5,11.5,8.9,7.61,9.2,28.8,1.2,951.3,143,1,2.5,0,0,0,0,0,0,0,347,100,22,97
WAE,2008,10,28,4,8.6,91,10.2,7.2,6.73,7.9,25.6,2,952.5,287,3.5,8.4,0,0,0,0,0,0,0,346,100,22,97
WAE,2008,10,28,5,7.4,91.8,9.5,6.2,6.26,6.8,23.2,1.5,953,281,2.3,7,0,0,0,0,0,0,0,345,100,22,97
WAE,2008,10,28,6,7.2,93.6,9.5,6.2,6.26,6.7,23,1.2,953.4,218,1.2,2.2,33,68,24,14,76,48,14,344,94,22,97
WAE,2008,10,28,7,7.3,93.4,9.6,6.3,6.32,6.8,23.2,1.3,954,225,1.1,2.6,21,0,21,13,13,12,12,343,100,22,97
WAE,2008,10,28,8,7.5,92.7,9.6,6.4,6.32,6.9,23.4,0.5,954.1,304,0.7,1.5,37,0,37,22,22,21,21,343,100,22,97
WAE,2008,10,28,9,7.6,92.9,9.7,6.5,6.39,7,23.7,0.1,953.6,342,0.3,0.9,49,0,49,29,29,27,28,343,100,22,97
WAE,2008,10,28,10,7.7,88.8,9.3,6,6.13,6.8,23.1,0.1,953.4,315,1.5,3,76,0,76,45,45,43,44,342,100,22,97
WAE,2008,10,28,11,7.8,85.3,9,5.5,5.93,6.7,22.7,0,953,292,1.6,3.1,59,0,59,35,35,33,34,342,100,22,97
WAE,2008,10,28,12,8,82.8,8.8,5.3,5.8,6.7,22.6,0,952.7,306,2.2,4.5,46,0,46,28,28,26,27,341,100,22,97
WAE,2008,10,28,13,7.2,89.4,9.1,5.6,6,6.4,22.3,0.4,952.8,307,2.7,4.3,26,0,26,16,16,15,15,340,100,22,97
WAE,2008,10,28,14,7,92.4,9.2,5.9,6.06,6.5,22.3,0.6,953,308,1.8,3.3,18,0,18,11,11,10,10,340,100,22,97
WAE,2008,10,28,15,6.7,91,8.9,5.3,5.86,6,21.5,0.6,952.9,288,0.7,1.5,23,10,22,13,13,18,21,339,100,22,97
WAE,2008,10,28,16,6.3,91.7,8.8,5.1,5.8,5.7,20.9,0.2,952.9,207,0.3,0.6,0,0,0,0,0,0,0,338,100,22,97
WAE,2008,10,28,17,6.4,92.8,8.9,5.3,5.86,5.9,21.2,0.2,953,180,0.8,1.4,0,0,0,0,0,0,0,337,100,22,97
WAE,2008,10,28,18,6.3,92.2,8.8,5.1,5.8,5.7,20.9,0.5,952.5,162,1,1.6,0,0,0,0,0,0,0,336,100,22,97
WAE,2008,10,28,19,6.2,92.7,8.8,5.1,5.8,5.7,20.8,0.3,952.1,156,1,1.5,0,0,0,0,0,0,0,335,100,22,97
WAE,2008,10,28,20,6,92.6,8.6,4.9,5.67,5.5,20.3,0.3,951.8,162,0.9,1.7,0,0,0,0,0,0,0,335,100,22,97
WAE,2008,10,28,21,5.8,92.1,8.5,4.6,5.61,5.2,19.9,0.7,951.3,170,1.1,2,0,0,0,0,0,0,0,334,100,22,97
WAE,2008,10,28,22,5.7,94.5,8.7,4.9,5.74,5.3,20.1,1.5,950.8,284,0.5,1.3,0,0,0,0,0,0,0,333,100,22,97
WAE,2008,10,28,23,5.7,94.7,8.7,4.9,5.75,5.3,20.1,0.8,950.2,9,1.4,4.9,0,0,0,0,0,0,0,332,100,22,97
WAE,2008,10,29,0,5.6,93.1,8.5,4.6,5.62,5.1,19.7,0.4,949.6,11,2.6,5.3,0,0,0,0,0,0,0,331,100,22,97
WAE,2008,10,29,1,5.5,93.1,8.4,4.5,5.56,5,19.5,0.4,948.8,7,2.7,5.8,0,0,0,0,0,0,0,330,100,22,97
WAE,2008,10,29,2,5.3,92.8,8.3,4.2,5.49,4.8,19.1,0.2,948.3,9,3.7,7.4,0,0,0,0,0,0,0,330,100,22,97
WAE,2008,10,29,3,4.9,92.1,8,3.7,5.29,4.3,18.2,0.6,948.6,357,3.3,7.8,0,0,0,0,0,0,0,329,100,22,97
WAE,2008,10,29,4,4.5,92.1,7.7,3.3,5.09,4,17.3,1.3,948.9,315,3.2,6.4,0,0,0,0,0,0,0,328,100,22,97
WAE,2008,10,29,5,4.1,92.6,7.6,3,5.02,3.6,16.7,0.7,949.3,308,3.4,5.7,0,0,0,0,0,0,0,328,100,22,97
WAE,2008,10,29,6,3.7,92.4,7.4,2.6,4.88,3.2,15.9,0.6,950,290,3,5.5,7,0,7,4,4,4,4,327,100,22,97
WAE,2008,10,29,7,3.4,91.9,7.2,2.2,4.75,2.9,15.3,0.5,950.1,288,2.9,5.1,41,2,41,24,26,24,23,327,100,22,97
WAE,2008,10,29,8,3.3,92,7.1,2.1,4.68,2.8,15,0.4,950.2,285,2.3,4.5,20,0,20,12,12,11,11,327,100,22,97
WAE,2008,10,29,9,3.4,92.5,7.2,2.3,4.75,2.9,15.3,0.6,949.8,288,1.6,3,30,0,30,18,18,17,17,327,100,22,97
WAE,2008,10,29,10,3.2,94.6,7.3,2.4,4.82,2.8,15.3,0.6,949.5,17,1.1,2.9,32,0,32,19,19,18,19,326,100,22,97
WAE,2008,10,29,11,3.4,90.4,7,2,4.62,2.8,15,0.6,948.7,315,0.8,2.4,26,0,26,16,16,15,15,326,100,22,97
WAE,2008,10,29,12,3.3,90.5,7,1.9,4.63,2.7,14.9,0.5,948,297,1.1,4.4,53,0,53,32,31,30,30,326,100,22,97
WAE,2008,10,29,13,2.7,92.5,6.9,1.6,4.56,2.2,14.1,0.1,947.6,285,1.9,3.9,43,0,43,26,25,24,25,326,100,22,97
WAE,2008,10,29,14,2.9,93,7,1.9,4.63,2.5,14.5,0.1,946.9,295,1.7,3.9,13,0,13,8,8,7,7,326,100,22,97
WAE,2008,10,29,15,2.8,93,7,1.8,4.64,2.4,14.4,0.2,946.3,284,2.5,4.4,12,0,12,7,7,7,7,326,100,22,97
WAE,2008,10,29,16,2.4,92.7,6.7,1.3,4.44,1.9,13.5,0.9,945.7,277,2.5,4.5,0,0,0,0,0,0,0,325,100,22,97
WAE,2008,10,29,17,1.9,93,6.5,0.9,4.31,1.5,12.7,0.5,945.2,274,2.6,5.1,0,0,0,0,0,0,0,325,100,22,97
WAE,2008,10,29,18,1.4,93.9,6.3,0.5,4.17,1,11.8,1.5,945.2,265,2.2,4.6,0,0,0,0,0,0,0,325,100,22,97
WAE,2008,10,29,19,0.7,96.2,6.2,0.2,4.11,0.5,11,1.8,944.3,291,1,3.6,0,0,0,0,0,0,0,323,100,22,97
WAE,2008,10,29,20,0.7,96.2,6.2,0.2,4.11,0.5,11,1,944.3,304,0.5,2,0,0,0,0,0,0,0,322,100,22,97
WAE,2008,10,29,21,0.5,96.5,6.1,0,4.05,0.3,10.6,1.1,943.5,243,0.4,1.4,0,0,0,0,0,0,0,321,100,22,97
WAE,2008,10,29,22,0.1,98.3,6,-0.1,3.98,0,10,2.1,942.6,360,0.2,1.1,0,0,0,0,0,0,0,320,100,22,97
WAE,2008,10,29,23,0,98.8,6,-0.2,3.99,-0.1,10,1.6,941.6,333,0.3,1.7,0,0,0,0,0,0,0,319,100,22,97
WAE,2008,10,30,0,0.1,97.7,6,-0.2,3.99,0,10.1,3.9,941.4,292,0.7,2,0,0,0,0,0,0,0,318,100,22,97
WAE,2008,10,30,1,0.3,96.3,6,-0.2,3.99,0.1,10.3,2.3,941.2,275,1.2,3.2,0,0,0,0,0,0,0,317,100,22,97
WAE,2008,10,30,2,0.4,96.6,6.1,-0.1,4.06,0.2,10.5,3.3,941,270,0.4,2.4,0,0,0,0,0,0,0,316,100,22,97
WAE,2008,10,30,3,0.1,98.7,6.1,-0.1,4.06,0,10.2,5.1,940.7,288,0.5,2,0,0,0,0,0,0,0,315,100,22,97
WAE,2008,10,30,4,0.2,97.6,6.1,-0.1,4.06,0.1,10.3,2.5,940.8,153,0.3,1,0,0,0,0,0,0,0,315,100,22,97
WAE,2008,10,30,5,0.1,98.5,6.1,-0.1,4.06,0,10.2,2.4,940.6,104,0.4,1.1,0,0,0,0,0,0,0,314,100,22,97
WAE,2008,10,30,6,0.5,96.2,6.1,0,4.06,0.3,10.6,1.6,941,153,0.3,0.8,2,0,2,1,1,1,1,314,100,22,97
WAE,2008,10,30,7,1.4,91.2,6.2,0.1,4.12,0.9,11.7,1.1,941.2,242,3.4,7.2,16,0,16,9,9,9,9,314,100,22,97
WAE,2008,10,30,8,1.7,91.8,6.4,0.5,4.26,1.2,12.3,0.6,941.4,238,1.7,4.7,77,0,76,46,46,43,44,315,100,22,97
WAE,2008,10,30,9,2.8,85,6.3,0.5,4.19,1.8,13.3,0,941.5,241,2.7,5.9,74,2,73,44,45,43,42,314,100,22,97
WAE,2008,10,30,10,3.3,80.9,6.2,0.3,4.12,2,13.6,0,941.7,235,2.1,5.3,68,0,68,41,40,38,39,314,100,22,97
WAE,2008,10,30,11,3.3,80.3,6.2,0.2,4.12,2,13.6,0,942,240,2.2,3.9,51,0,51,31,30,29,29,315,100,22,97
WAE,2008,10,30,12,3.4,77.7,6.1,-0.1,4.06,1.9,13.6,0,941.6,221,1.2,3.9,149,24,138,82,81,101,90,312,88,22,97
WAE,2008,10,30,13,3.5,80.4,6.3,0.5,4.19,2.2,14,0,941.6,76,1.4,4,101,45,86,51,50,84,83,309,81,22,97
WAE,2008,10,30,14,3.2,83.7,6.4,0.7,4.26,2.1,13.9,0,941.1,114,1.8,5.5,66,4,65,39,38,39,41,314,100,22,97
WAE,2008,10,30,15,3.3,83,6.4,0.7,4.26,2.2,14,0,941.3,62,2.1,5.9,11,0,11,6,6,6,6,314,100,22,97
WAE,2008,10,30,16,2.9,85.6,6.5,0.7,4.32,2,13.7,0,942.3,249,1.8,3.8,0,0,0,0,0,0,0,314,100,22,97
WAE,2008,10,30,17,2.2,88.8,6.3,0.5,4.19,1.5,12.7,0,942.4,207,1.2,2.6,0,0,0,0,0,0,0,314,100,22,97
WAE,2008,10,30,18,2.5,90.2,6.6,1.1,4.39,1.9,13.5,0,942.2,132,1.3,4.2,0,0,0,0,0,0,0,314,100,22,97
WAE,2008,10,30,19,2.6,90.2,6.7,1.2,4.45,2,13.7,0,943.1,235,1.9,4.4,0,0,0,0,0,0,0,313,100,22,97
WAE,2008,10,30,20,2.5,89.3,6.5,0.9,4.31,1.8,13.3,0,943.8,227,1.9,3,0,0,0,0,0,0,0,309,94,22,97
WAE,2008,10,30,21,1.9,91.4,6.4,0.7,4.25,1.4,12.5,0,944,199,1.8,2.8,0,0,0,0,0,0,0,286,56,22,97
WAE,2008,10,30,22,2.1,91.9,6.6,0.9,4.38,1.6,13.1,0,944.1,135,1.8,4,0,0,0,0,0,0,0,267,40,22,97
WAE,2008,10,30,23,2.4,94.1,6.8,1.5,4.51,2,13.7,0,944.9,63,0.6,2.9,0,0,0,0,0,0,0,266,36,22,97
WAE,2008,10,31,0,1.6,93.8,6.4,0.7,4.24,1.2,12.2,0,945.2,193,1,4.1,0,0,0,0,0,0,0,272,45,22,97
WAE,2008,10,31,1,1.3,93.2,6.3,0.3,4.17,0.9,11.7,0,945.9,208,2,3.4,0,0,0,0,0,0,0,286,64,22,97
WAE,2008,10,31,2,1.8,90.2,6.2,0.4,4.1,1.2,12.1,0,946.5,224,2.9,4.5,0,0,0,0,0,0,0,279,70,22,97
WAE,2008,10,31,3,2,89.4,6.3,0.4,4.17,1.3,12.4,0,946.9,191,1.5,3.3,0,0,0,0,0,0,0,288,64,22,97
WAE,2008,10,31,4,2,90.8,6.4,0.7,4.23,1.5,12.6,0,947.1,180,0.8,2.2,0,0,0,0,0,0,0,297,78,22,97
WAE,2008,10,31,5,2,89.5,6.3,0.5,4.16,1.4,12.4,0,947.5,169,1.1,2.5,0,0,0,0,0,0,0,313,100,22,97
WAE,2008,10,31,6,1.9,90.1,6.4,0.5,4.23,1.3,12.5,0,947.8,202,1.2,2.2,29,76,21,12,82,50,12,312,94,22,97
WAE,2008,10,31,7,2.1,91.5,6.5,0.9,4.29,1.6,12.8,0,948,104,1.7,3.3,99,152,71,41,173,133,40,315,88,22,97
WAE,2008,10,31,8,2.2,93.4,6.7,1.2,4.42,1.8,13.3,0,948.5,41,2.2,4.5,33,0,33,20,19,18,19,319,100,22,97
WAE,2008,10,31,9,2.3,91.8,6.6,1.1,4.35,1.8,13.2,0,949.8,276,1.4,3.9,52,0,52,31,31,30,30,321,100,22,97
WAE,2008,10,31,10,2.3,90.8,6.6,1,4.35,1.8,13.2,0,950.6,256,1.8,3.6,85,0,85,51,50,48,48,322,100,22,97
WAE,2008,10,31,11,2.5,89.8,6.6,1,4.35,1.9,13.4,0,950.3,222,1.5,3.9,37,0,37,22,22,21,21,324,100,22,97
WAE,2008,10,31,12,3.2,91.6,7,2,4.62,2.7,14.8,0,950.1,90,1.5,4.1,82,0,82,49,48,46,47,325,100,22,97
WAE,2008,10,31,13,3.4,91.3,7.1,2.1,4.68,2.8,15.1,0,949.8,79,1.1,3.1,41,1,41,25,24,24,24,325,100,22,97
WAE,2008,10,31,14,3.6,90.2,7.2,2.1,4.75,2.9,15.5,0,949.9,76,0.5,2.3,43,1,43,26,25,24,25,325,100,22,97
WAE,2008,10,31,15,3.7,89.9,7.2,2.2,4.75,3,15.6,0,949.4,211,0.6,2,6,0,6,4,3,3,3,325,100,22,97
WAE,2008,10,31,16,3.5,90.8,7.1,2.1,4.71,2.8,15.3,0,949.4,231,0.8,2,0,0,0,0,0,0,0,325,100,22,97
WAE,2008,10,31,17,3.3,91.1,7.1,2,4.66,2.7,15,0,949.4,229,1,2.3,0,0,0,0,0,0,0,325,100,22,97
WAE,2008,10,31,18,3.1,91.8,7,1.9,4.63,2.6,14.7,0,949.2,252,0.8,2.9,0,0,0,0,0,0,0,324,100,22,97
WAE,2008,10,31,19,3,92.4,7,1.9,4.61,2.5,14.6,0,949,270,1.8,4.1,0,0,0,0,0,0,0,313,74,22,97
WAE,2008,10,31,20,3.2,92.8,7.1,2.1,4.69,2.7,14.9,0,949.8,258,1.4,3.4,0,0,0,0,0,0,0,316,74,22,97
WAE,2008,10,31,21,3.5,93.1,7.3,2.5,4.81,3.1,15.6,0,951.7,257,1.4,3.2,0,0,0,0,0,0,0,325,81,22,97
WAE,2008,10,31,22,3.9,93.1,7.5,2.9,4.95,3.5,16.3,0,953.6,225,0.7,1.8,0,0,0,0,0,0,0,315,74,22,97
WAE,2008,10,31,23,4.5,92.8,7.8,3.4,5.13,4,17.4,0,956.7,267,1.9,3.7,0,0,0,0,0,0,0,327,100,22,97
WAE,2016,11,1,0,5.1,92.4,8.1,3.9,5.31,4.6,18.4,0,959.6,235,2.8,5.6,0,0,0,0,0,0,0,266,0,26,97
WAE,2016,11,1,1,5.7,91.8,8.4,4.4,5.47,5.1,19.4,0,962.6,231,2.7,4.6,0,0,0,0,0,0,0,265,0,26,97
WAE,2016,11,1,2,6,91.3,8.6,4.7,5.56,5.4,20,0,964.6,234,2.6,4.2,0,0,0,0,0,0,0,265,0,26,97
WAE,2016,11,1,3,6.3,90.9,8.7,4.9,5.65,5.7,20.5,0,966.5,236,2.7,4.2,0,0,0,0,0,0,0,264,0,26,97
WAE,2016,11,1,4,6.4,90.6,8.7,5,5.66,5.7,20.6,0,967.3,226,3.2,4.5,0,0,0,0,0,0,0,263,0,26,97
WAE,2016,11,1,5,6.3,90.5,8.7,4.9,5.62,5.6,20.4,0,967.1,226,3,4.5,0,0,0,0,0,0,0,262,0,26,97
WAE,2016,11,1,6,6.2,90.7,8.6,4.8,5.57,5.5,20.2,0,967,234,2.7,4.4,44,192,25,15,190,112,15,272,13,26,97
WAE,2016,11,1,7,6.2,90.4,8.6,4.8,5.57,5.5,20.2,0,966.9,237,2.1,3.7,158,429,76,48,410,314,47,286,31,26,97
WAE,2016,11,1,8,6.2,90.3,8.6,4.7,5.58,5.5,20.2,0,967,236,1.5,3.6,213,179,153,92,220,241,90,286,50,26,97
WAE,2016,11,1,9,6.8,89.2,8.8,5.1,5.71,6,21.2,0,966.7,258,1.6,3.5,351,416,173,107,307,500,106,279,40,26,97
WAE,2016,11,1,10,8,85.4,9.1,5.7,5.91,6.9,22.9,0,966.2,258,1.7,3.3,524,886,111,87,296,940,90,277,16,26,97
WAE,2016,11,1,11,9,81.7,9.4,6,6.12,7.5,24.4,0,965.3,11,0.7,1.8,475,827,85,79,79,862,219,285,13,26,97
WAE,2016,11,1,12,9.8,78.8,9.5,6.3,6.19,8,25.4,0,964.5,50,0.8,2,432,831,75,71,71,814,411,276,13,26,97
WAE,2016,11,1,13,11.1,73.9,9.8,6.6,6.39,8.8,27.3,0,963.7,31,0.7,1.4,337,774,67,58,59,677,540,301,29,26,97
WAE,2016,11,1,14,11.7,66.7,9.2,5.7,6,8.6,26.9,0,963.1,27,0.5,1.4,201,610,57,42,42,449,525,295,29,26,97
WAE,2016,11,1,15,11.5,66.9,9,5.6,5.87,8.5,26.4,0,962.7,249,1,4,37,78,26,18,18,61,86,306,36,26,97
WAE,2016,11,1,16,10.2,75.4,9.4,6,6.13,8.1,25.7,0,962.7,237,1.8,6.1,0,0,0,0,0,0,0,308,40,26,97
WAE,2016,11,1,17,9.6,78.9,9.4,6.1,6.13,7.8,25.1,0,962.9,232,3.9,5.8,0,0,0,0,0,0,0,306,35,26,97
WAE,2016,11,1,18,8.3,83.7,9.2,5.7,6,7,23.4,0,962.8,162,1.2,4,0,0,0,0,0,0,0,301,25,26,97
WAE,2016,11,1,19,8.2,83.6,9.1,5.6,5.93,6.9,23.2,0,962.8,180,0.9,3.1,0,0,0,0,0,0,0,301,38,26,97
WAE,2016,11,1,20,8.8,80.4,9.1,5.6,5.93,7.2,23.8,0,963.2,247,2.4,4.9,0,0,0,0,0,0,0,319,75,26,97
WAE,2016,11,1,21,7.6,85,8.9,5.2,5.8,6.4,22.2,0,963.1,242,1.8,4.2,0,0,0,0,0,0,0,316,74,26,97
WAE,2016,11,1,22,7.3,87.6,8.9,5.4,5.8,6.4,21.9,0,962.9,198,0.8,3.1,0,0,0,0,0,0,0,330,78,26,97
WAE,2016,11,1,23,7.3,89.9,9.2,5.8,6,6.6,22.4,0,962.8,233,1.1,4.1,0,0,0,0,0,0,0,309,43,26,97
WAE,2016,11,2,0,6.9,90.4,9,5.4,5.87,6.2,21.7,0,962.6,214,1,4,0,0,0,0,0,0,0,338,33,26,97
WAE,2016,11,2,1,6.8,90.9,9,5.4,5.87,6.1,21.6,0,962.7,180,0.7,2.9,0,0,0,0,0,0,0,338,50,26,97
WAE,2016,11,2,2,7.9,88.7,9.4,6.2,6.13,7,23.4,0,962.7,227,2.1,4.1,0,0,0,0,0,0,0,338,33,26,97
WAE,2016,11,2,3,8.4,86.8,9.6,6.3,6.27,7.3,24.2,0,962.4,227,2.1,3.5,0,0,0,0,0,0,0,338,25,26,97
WAE,2016,11,2,4,9.1,87.7,10.1,7.2,6.6,8.1,25.7,0,962.3,246,1.5,5.3,0,0,0,0,0,0,0,338,79,26,97
WAE,2016,11,2,5,9.5,84.8,10.1,7.1,6.6,8.2,26.2,0,962,250,2,4.7,0,0,0,0,0,0,0,338,80,26,97
WAE,2016,11,2,6,9.1,88.9,10.3,7.4,6.73,8.2,26.1,0,962.4,283,1.3,3.5,34,143,19,11,141,85,11,339,75,26,97
WAE,2016,11,2,7,9.2,89.6,10.4,7.6,6.79,8.4,26.3,0,962.8,256,1.3,3.4,107,168,79,48,195,148,47,342,75,26,97
WAE,2016,11,2,8,9.4,86.9,10.3,7.3,6.72,8.3,26.4,0,963.1,270,1.1,2.6,101,11,97,60,69,66,58,344,94,26,97
WAE,2016,11,2,9,9.9,84.7,10.4,7.4,6.79,8.6,27.1,0,962.8,307,0.6,1.4,51,0,51,31,31,30,30,347,100,26,97
WAE,2016,11,2,10,10.3,84.6,10.6,7.8,6.93,9,27.8,0,962.4,333,0.7,2.1,93,0,93,58,57,54,55,349,100,26,97
WAE,2016,11,2,11,11,81.7,10.7,8,7,9.4,28.7,0,961.6,108,0.8,2.6,26,0,26,16,16,15,15,352,100,26,97
WAE,2016,11,2,12,11.3,80.1,10.7,8,7,9.5,29,0,961.2,90,0.8,2.7,21,0,21,13,13,13,13,353,100,26,97
WAE,2016,11,2,13,12,71.7,10,7.1,6.54,9.4,28.6,0,961.2,213,1.7,3.9,21,0,21,13,13,12,13,351,100,26,97
WAE,2016,11,2,14,12.1,70.9,10,7,6.54,9.4,28.7,0,961.1,248,1.9,3.7,12,0,12,7,7,7,7,349,100,26,97
WAE,2016,11,2,15,11.5,73.1,9.9,6.9,6.47,9.1,27.9,0,961.3,308,1.8,4.8,3,0,3,2,2,2,2,347,100,26,97
WAE,2016,11,2,16,10.6,75.9,9.7,6.5,6.34,8.5,26.6,0,961.9,314,3,6.2,0,0,0,0,0,0,0,345,100,26,97
WAE,2016,11,2,17,9.7,79.3,9.5,6.3,6.2,8,25.4,0,962.5,308,3.2,6.8,0,0,0,0,0,0,0,343,100,26,97
WAE,2016,11,2,18,8.5,78.7,8.7,5,5.67,6.8,22.8,0,962.9,8,2.3,6.4,0,0,0,0,0,0,0,341,100,26,97
WAE,2016,11,2,19,8.1,77.8,8.4,4.5,5.47,6.3,21.9,0,963.2,3,2.1,5.7,0,0,0,0,0,0,0,339,100,26,97
WAE,2016,11,2,20,7.4,83.7,8.6,4.8,5.6,6.1,21.5,0,963.2,349,1.2,4.9,0,0,0,0,0,0,0,337,100,26,97
WAE,2016,11,2,21,7.2,84.5,8.6,4.8,5.6,6,21.3,0.1,963.3,90,0.8,3,0,0,0,0,0,0,0,335,100,26,97
WAE,2016,11,2,22,6.9,81.5,8.1,4,5.27,5.5,20.2,0,963.5,98,0.8,2.5,0,0,0,0,0,0,0,333,100,26,97
WAE,2016,11,2,23,6.9,83.1,8.3,4.2,5.4,5.6,20.5,0,963.5,130,1,3,0,0,0,0,0,0,0,332,100,26,97
WAE,2016,11,3,0,6.8,75.8,7.5,2.8,4.88,5,19.1,0,963.7,72,1.9,5.3,0,0,0,0,0,0,0,330,100,24,97
WAE,2016,11,3,1,6.6,72.5,7,2,4.55,4.5,18.1,0,963.7,61,1.1,2.9,0,0,0,0,0,0,0,328,100,24,97
WAE,2016,11,3,2,6.4,75,7.2,2.3,4.68,4.5,18.2,0,963.7,198,0.7,1.7,0,0,0,0,0,0,0,326,100,24,97
WAE,2016,11,3,3,6.2,73.3,7,1.8,4.55,4.2,17.7,0,963.7,173,1.7,2.8,0,0,0,0,0,0,0,324,100,24,97
WAE,2016,11,3,4,6.1,76.3,7.2,2.2,4.68,4.3,17.9,0,963.7,162,1.3,2.5,0,0,0,0,0,0,0,321,100,24,97
WAE,2016,11,3,5,6.1,77.1,7.2,2.4,4.68,4.4,17.9,0,963.7,176,1.5,2,0,0,0,0,0,0,0,318,100,24,97
WAE,2016,11,3,6,5.9,80.3,7.5,2.8,4.88,4.5,18.2,0,964.2,135,0.9,4.1,11,1,11,7,7,7,6,318,100,24,97
WAE,2016,11,3,7,6,78.4,7.3,2.5,4.74,4.4,17.9,0,964.7,30,2,4.5,154,388,66,41,351,303,41,316,54,24,97
WAE,2016,11,3,8,6.3,76.4,7.3,2.5,4.74,4.6,18.2,0,964.7,297,0.6,1.9,296,607,104,63,481,551,64,270,25,24,97
WAE,2016,11,3,9,7.2,71.4,7.2,2.4,4.68,5,19,0,964.7,27,0.8,2.2,430,869,75,64,453,834,67,239,19,24,97
WAE,2016,11,3,10,7.8,63.6,6.7,1.3,4.35,4.9,18.8,0,964.3,85,1.1,2.3,484,905,71,69,254,916,72,264,0,24,97
WAE,2016,11,3,11,8.6,62.3,7,1.8,4.55,5.5,20.1,0,963.6,83,1.1,3.4,462,766,109,78,79,819,220,285,38,24,97
WAE,2016,11,3,12,9.3,61,7.1,2.2,4.62,6,21,0,963.1,90,1.1,2.5,411,723,108,74,74,739,389,304,53,24,97
WAE,2016,11,3,13,9.4,58.3,6.9,1.6,4.49,5.8,20.7,0,962.8,34,0.6,1.8,319,677,90,60,60,615,491,307,53,24,97
WAE,2016,11,3,14,9.4,57.1,6.7,1.3,4.36,5.7,20.4,0,962.5,8,0.8,1.9,199,642,57,38,38,467,548,295,40,24,97
WAE,2016,11,3,15,8.6,62.4,7,1.8,4.56,5.5,20.1,0,962.6,306,1,2.5,38,116,23,15,15,79,115,297,50,24,97
WAE,2016,11,3,16,7.2,71.2,7.2,2.3,4.69,5,19,0,962.6,355,1.4,4.1,0,0,0,0,0,0,0,313,78,24,97
WAE,2016,11,3,17,6.4,74.3,7.1,2.2,4.62,4.5,18,0,963.1,267,1.9,3.4,0,0,0,0,0,0,0,321,78,24,97
WAE,2016,11,3,18,5.3,77.6,6.9,1.7,4.49,3.7,16.6,0,963.2,246,2.4,3.3,0,0,0,0,0,0,0,317,41,24,97
WAE,2016,11,3,19,4.3,82.3,6.8,1.6,4.42,3.1,15.4,0,962.9,212,1.7,2.8,0,0,0,0,0,0,0,304,43,24,97
WAE,2016,11,3,20,3.8,85.2,6.8,1.5,4.42,2.8,14.9,0,963,187,0.8,1.7,0,0,0,0,0,0,0,296,29,24,97
WAE,2016,11,3,21,4.1,83.6,6.9,1.6,4.49,3,15.4,0,962.7,168,1.5,3.4,0,0,0,0,0,0,0,286,0,24,97
WAE,2016,11,3,22,3.7,84.8,6.8,1.4,4.43,2.7,14.8,0,962.4,173,1.6,3.9,0,0,0,0,0,0,0,281,0,24,97
WAE,2016,11,3,23,3.2,86.9,6.7,1.2,4.36,2.3,14.1,0,962.3,184,1.6,3.6,0,0,0,0,0,0,0,278,0,24,97
WAE,2016,11,4,0,2.8,88.2,6.6,1,4.3,2,13.6,0,962.3,157,0.8,1.9,0,0,0,0,0,0,0,265,0,22,97
WAE,2016,11,4,1,2.2,91.2,6.5,0.9,4.23,1.7,12.8,0,962,153,0.7,1.6,0,0,0,0,0,0,0,265,0,22,97
WAE,2016,11,4,2,2.2,91,6.5,0.9,4.23,1.7,12.8,0,961.7,158,0.7,1.7,0,0,0,0,0,0,0,265,0,22,97
WAE,2016,11,4,3,1.8,93.6,6.5,0.9,4.23,1.4,12.4,0,961.3,180,0.5,1.3,0,0,0,0,0,0,0,268,10,22,97
WAE,2016,11,4,4,2.6,92.6,6.8,1.5,4.43,2.1,13.7,0,960.9,176,1.6,2.6,0,0,0,0,0,0,0,287,51,22,97
WAE,2016,11,4,5,2.4,95.1,6.9,1.7,4.5,2.1,13.7,0,960.5,221,1,2.5,0,0,0,0,0,0,0,276,28,22,97
WAE,2016,11,4,6,1.9,95.1,6.7,1.2,4.37,1.6,12.8,0,960.6,216,0.8,2,34,178,19,10,171,102,10,275,13,22,97
WAE,2016,11,4,7,2.6,93.5,6.9,1.7,4.5,2.2,13.9,0,960.7,207,0.4,1.4,162,511,64,38,461,366,37,287,40,22,97
WAE,2016,11,4,8,4.3,91.1,7.6,3,4.96,3.7,16.7,0,960.6,120,0.9,2.1,297,652,85,56,479,579,57,288,35,22,97
WAE,2016,11,4,9,6,84.9,7.9,3.7,5.16,4.9,19,0,960.4,90,1.4,2.5,409,833,73,60,433,798,62,265,16,22,97
WAE,2016,11,4,10,7.1,81.3,8.2,4.1,5.36,5.7,20.6,0,959.7,81,1.2,2,354,357,194,111,225,469,109,315,63,22,97
WAE,2016,11,4,11,8.7,69.5,7.8,3.4,5.1,6.2,21.6,0,958.7,74,0.8,1.9,424,617,143,86,86,697,223,309,71,22,97
WAE,2016,11,4,12,9.6,58.3,7,1.8,4.58,6,21.2,0,957.8,69,0.8,1.9,419,803,86,64,65,793,402,304,48,22,97
WAE,2016,11,4,13,10.2,56.7,7.1,2,4.65,6.4,22,0,957.2,82,0.7,1.9,311,640,92,60,60,590,455,309,54,22,97
WAE,2016,11,4,14,10.9,58.3,7.6,3,4.98,7.1,23.5,0,956.6,129,0.7,1.4,150,273,87,50,50,242,268,325,68,22,97
WAE,2016,11,4,15,10.5,63.8,8.1,3.9,5.32,7.3,23.9,0,956,155,1.6,3.2,27,19,25,16,15,25,31,339,88,22,97
WAE,2016,11,4,16,9.1,72.5,8.4,4.4,5.51,6.8,23,0,955.8,150,1,1.9,0,0,0,0,0,0,0,338,94,22,97
WAE,2016,11,4,17,8.2,73.3,7.9,3.7,5.18,6,21.3,0,955.7,157,0.8,1.8,0,0,0,0,0,0,0,315,69,22,97
WAE,2016,11,4,18,7.4,75.4,7.8,3.3,5.12,5.5,20.3,0,955.1,144,0.9,1.8,0,0,0,0,0,0,0,337,100,22,97
WAE,2016,11,4,19,8.4,74.1,8.1,4.1,5.32,6.3,21.8,0,955.1,180,1.1,2.7,0,0,0,0,0,0,0,333,100,22,97
WAE,2016,11,4,20,8.3,77.3,8.4,4.6,5.52,6.5,22.2,0,954.5,126,0.9,2.7,0,0,0,0,0,0,0,338,100,22,97
WAE,2016,11,4,21,8.8,76.9,8.7,5,5.72,6.9,23.2,0,954.4,159,1,3,0,0,0,0,0,0,0,339,100,22,97
WAE,2016,11,4,22,9,78,8.9,5.4,5.86,7.2,23.8,0,954.2,198,1.2,2,0,0,0,0,0,0,0,340,100,22,97
WAE,2016,11,4,23,9.7,68.4,8.2,4.2,5.4,7,23.3,0,953.4,175,1.4,3.3,0,0,0,0,0,0,0,340,100,22,97
WAE,2016,11,5,0,9.4,69.8,8.2,4.2,5.4,6.9,23,0,953,307,0.7,1.3,0,0,0,0,0,0,0,333,100,22,97
WAE,2016,11,5,1,9.2,70.3,8.2,4.1,5.4,6.7,22.8,0,952.3,225,0.9,2.2,0,0,0,0,0,0,0,337,100,22,97
WAE,2016,11,5,2,9.4,68.1,8,3.8,5.27,6.7,22.7,0,951.7,246,1.1,2.8,0,0,0,0,0,0,0,341,100,22,97
WAE,2016,11,5,3,9.7,68.6,8.2,4.2,5.41,7,23.4,0,951.5,203,1.5,3.5,0,0,0,0,0,0,0,341,100,22,97
WAE,2016,11,5,4,9,85.2,9.8,6.7,6.48,7.8,25.3,0.4,950.6,225,0.7,1.9,0,0,0,0,0,0,0,341,100,22,97
WAE,2016,11,5,5,8.9,84.5,9.6,6.4,6.35,7.6,24.9,0.2,949.7,158,1.9,4,0,0,0,0,0,0,0,341,100,22,97
WAE,2016,11,5,6,8.7,85.9,9.6,6.5,6.36,7.6,24.7,0.6,949,163,2.2,4,2,0,2,1,1,1,1,342,100,22,97
WAE,2016,11,5,7,8.7,88.6,10,6.9,6.63,7.8,25.4,0.3,947.9,131,1,2.6,80,73,63,37,96,87,36,344,100,22,97
WAE,2016,11,5,8,9.4,87.5,10.4,7.4,6.91,8.4,26.8,0,946.7,110,1.4,3.2,95,2,94,56,57,54,54,347,100,22,97
WAE,2016,11,5,9,10.2,82.6,10.2,7.4,6.78,8.7,27.3,0,946.2,180,1,2.8,79,2,78,47,48,46,45,349,100,22,97
WAE,2016,11,5,10,10.6,83.3,10.7,7.9,7.12,9.2,28.6,0,946.1,326,0.6,2.4,124,5,122,73,74,74,70,351,100,22,97
WAE,2016,11,5,11,11.2,80.2,10.7,7.9,7.12,9.4,29.2,0,945.8,284,0.8,3.5,76,2,75,45,45,44,44,349,100,22,97
WAE,2016,11,5,12,11.7,79.2,10.9,8.2,7.26,9.8,30.1,0,944.8,53,0.8,2.4,135,11,131,78,78,84,81,354,100,22,97
WAE,2016,11,5,13,12.1,77.5,11,8.3,7.33,10,30.7,0,944,129,1,3.3,84,1,84,50,50,48,49,353,100,22,97
WAE,2016,11,5,14,12.1,77.1,10.9,8.2,7.27,10,30.5,0.2,944,222,1.6,5.7,14,0,14,8,8,8,8,352,100,22,97
WAE,2016,11,5,15,11,90.6,11.9,9.5,7.95,10.2,31.1,1,943.3,255,1.8,5.2,7,0,7,4,4,4,4,352,94,22,97
WAE,2016,11,5,16,10.6,94.5,12.1,9.8,8.07,10.2,31,0.6,944.7,285,1.8,5.2,0,0,0,0,0,0,0,351,100,22,97
WAE,2016,11,5,17,10,91.4,11.2,8.7,7.46,9.3,28.8,3.3,945.3,280,2.9,8.5,0,0,0,0,0,0,0,350,100,22,97
WAE,2016,11,5,18,9.4,92.7,10.9,8.3,7.26,8.8,27.7,1,945.4,277,1.8,3.5,0,0,0,0,0,0,0,349,100,22,97
WAE,2016,11,5,19,9,95,10.9,8.2,7.25,8.6,27.3,1.4,946,278,1.4,2.8,0,0,0,0,0,0,0,347,100,22,97
WAE,2016,11,5,20,8.7,94,10.6,7.8,7.05,8.2,26.5,1.6,945.6,275,1.2,2.8,0,0,0,0,0,0,0,346,100,22,97
WAE,2016,11,5,21,8.4,93,10.2,7.3,6.78,7.8,25.5,0.2,945.8,246,1.2,2.5,0,0,0,0,0,0,0,344,100,22,97
WAE,2016,11,5,22,7.9,91.2,9.7,6.6,6.45,7.2,24.2,0.9,945.2,252,2,4.3,0,0,0,0,0,0,0,343,100,22,97
WAE,2016,11,5,23,7.6,93.7,9.8,6.7,6.52,7.1,24,0.4,945.4,235,1.3,2,0,0,0,0,0,0,0,342,100,22,97
WAE,2016,11,6,0,7.5,94.4,9.8,6.7,6.52,7.1,23.9,1.1,945.4,247,1.3,2.3,0,0,0,0,0,0,0,340,100,22,97
WAE,2016,11,6,1,7.5,91.9,9.5,6.3,6.31,6.9,23.4,1,945.8,273,2.3,4.4,0,0,0,0,0,0,0,338,100,22,97
WAE,2016,11,6,2,6.7,91.2,9,5.4,5.98,6.1,21.7,0.7,945.6,290,3,5.6,0,0,0,0,0,0,0,335,100,22,97
WAE,2016,11,6,3,5.9,93.1,8.6,4.9,5.71,5.4,20.3,1.2,945.9,302,3.1,6.1,0,0,0,0,0,0,0,333,100,22,97
WAE,2016,11,6,4,4.8,89.7,7.7,3.3,5.1,4.1,17.6,2.3,946.4,265,3.2,6.5,0,0,0,0,0,0,0,331,100,22,97
WAE,2016,11,6,5,3.6,90.6,7.1,2.2,4.7,3,15.4,2,946.3,252,3,7,0,0,0,0,0,0,0,328,100,22,97
WAE,2016,11,6,6,3.3,89.9,6.9,1.8,4.57,2.6,14.7,1.5,947,229,2.4,5.3,11,19,9,6,22,15,5,327,100,22,97
WAE,2016,11,6,7,3.1,89.8,6.8,1.6,4.5,2.5,14.4,1.7,947.2,240,2.9,5.2,26,43,20,12,49,37,11,326,100,22,97
WAE,2016,11,6,8,2.8,91.1,6.8,1.5,4.5,2.2,14.1,1.1,946.9,241,3.4,5.8,18,0,18,11,11,10,10,325,100,22,97
WAE,2016,11,6,9,3.2,90.9,7,1.9,4.63,2.6,14.8,0.7,947.1,228,2.7,4.3,37,0,37,22,22,21,21,325,100,22,97
WAE,2016,11,6,10,3.7,92.3,7.3,2.6,4.83,3.2,15.8,1,947.1,194,0.6,2.2,32,0,32,19,19,18,19,324,100,22,97
WAE,2016,11,6,11,3.8,93.8,7.5,2.9,4.97,3.4,16.3,0.7,946.9,360,0.7,3.7,23,0,23,14,13,13,13,324,100,22,97
WAE,2016,11,6,12,3.7,89.7,7.1,2.2,4.7,3,15.5,0.1,946.9,238,2.4,5.2,24,0,24,14,14,13,14,322,100,22,97
WAE,2016,11,6,13,4.1,90.2,7.4,2.6,4.9,3.4,16.4,0,946.5,45,0.5,2.4,35,0,35,21,21,20,20,320,100,22,97
WAE,2016,11,6,14,4.6,85.8,7.3,2.4,4.84,3.6,16.7,0,946.4,240,1.1,2.8,9,0,9,5,5,5,5,319,100,22,97
WAE,2016,11,6,15,4.5,87.3,7.4,2.6,4.9,3.6,16.8,0,946.7,143,0.9,2.5,2,0,2,1,1,1,1,317,100,22,97
WAE,2016,11,6,16,4.3,89.4,7.4,2.7,4.9,3.6,16.6,0,946.9,142,1.2,3,0,0,0,0,0,0,0,314,100,22,97
WAE,2016,11,6,17,3.4,91.8,7.1,2.2,4.7,2.9,15.2,0,947.1,152,1.5,2.9,0,0,0,0,0,0,0,297,50,22,97
WAE,2016,11,6,18,3.2,92.8,7.1,2.1,4.7,2.7,15,0,947.4,231,1.6,4.1,0,0,0,0,0,0,0,304,94,22,97
WAE,2016,11,6,19,3.4,90.5,7,2,4.63,2.8,15,0,947.6,288,1.3,3.3,0,0,0,0,0,0,0,308,100,22,97
WAE,2016,11,6,20,3.5,92.5,7.2,2.4,4.76,3,15.4,0,947.8,117,0.6,1.3,0,0,0,0,0,0,0,307,100,22,97
WAE,2016,11,6,21,1.7,94.2,6.5,0.9,4.29,1.4,12.4,4.7,948.1,266,1.6,4.5,0,0,0,0,0,0,0,306,100,22,97
WAE,2016,11,6,22,1.5,95.2,6.5,0.8,4.29,1.2,12.2,0.2,948.3,216,1.2,3.4,0,0,0,0,0,0,0,304,100,22,97
WAE,2016,11,6,23,2.2,93.1,6.7,1.2,4.42,1.8,13.3,0.4,948.5,194,0.9,2.4,0,0,0,0,0,0,0,303,100,22,97
WAE,2016,11,7,0,2.1,92.4,6.6,1,4.36,1.6,13,0.7,948.5,197,1.2,2.1,0,0,0,0,0,0,0,302,100,22,97
WAE,2016,11,7,1,2.3,92,6.6,1.1,4.36,1.8,13.2,0,948.8,214,1.2,2.8,0,0,0,0,0,0,0,301,100,22,97
WAE,2016,11,7,2,2.7,87.8,6.5,0.9,4.29,1.9,13.4,0,949.2,272,2.9,5.5,0,0,0,0,0,0,0,300,100,22,97
WAE,2016,11,7,3,2.3,87.1,6.3,0.4,4.16,1.5,12.7,0,949.4,253,2.5,4.6,0,0,0,0,0,0,0,299,100,22,97
WAE,2016,11,7,4,2.3,87.7,6.3,0.5,4.15,1.6,12.7,0,949.7,265,1.3,3,0,0,0,0,0,0,0,298,100,22,97
WAE,2016,11,7,5,2.3,88.6,6.4,0.6,4.22,1.6,12.9,0,950.1,281,1,3.5,0,0,0,0,0,0,0,296,100,22,97
WAE,2016,11,7,6,2,91.5,6.5,0.8,4.28,1.5,12.7,0,950.5,287,1.1,2,2,0,2,1,1,1,1,296,100,22,97
WAE,2016,11,7,7,2.3,90.1,6.5,0.8,4.28,1.7,13,0,950.8,286,0.8,1.9,144,472,51,31,408,346,31,295,68,22,97
WAE,2016,11,7,8,3,85.7,6.5,0.8,4.28,2.1,13.7,0,951,360,0.4,1.9,213,314,114,68,272,324,67,299,84,22,97
WAE,2016,11,7,9,3.8,77.1,6.2,0.2,4.08,2.3,14,0,951.6,279,1.5,4,284,341,147,84,239,410,82,301,88,22,97
WAE,2016,11,7,10,4.2,79.3,6.5,0.9,4.28,2.8,14.9,0,951.6,315,1.2,3.4,100,3,99,59,59,58,56,303,100,22,97
WAE,2016,11,7,11,3.9,78.3,6.3,0.5,4.14,2.5,14.3,0,951.7,292,1.9,4.4,72,0,72,43,43,40,41,305,100,22,97
WAE,2016,11,7,12,4.5,70.4,5.9,-0.4,3.88,2.5,14.2,0,951.6,254,1.8,5.4,119,8,116,69,68,73,70,305,100,22,97
WAE,2016,11,7,13,3.6,75.1,5.9,-0.4,3.88,1.9,13.3,0,952.1,274,3.3,8,16,0,16,9,9,9,9,302,100,22,97
WAE,2016,11,7,14,2.5,82,6,-0.3,3.94,1.4,12.4,0,952.4,270,1.2,3.4,31,1,31,18,18,18,18,298,100,22,97
WAE,2016,11,7,15,3,73.3,5.5,-1.3,3.61,1.3,12,0,952.5,219,0.7,1.8,4,0,4,2,2,2,2,294,100,22,97
WAE,2016,11,7,16,2,83.1,5.8,-0.6,3.81,1,11.5,0,952.7,207,0.2,1,0,0,0,0,0,0,0,290,84,22,97
WAE,2016,11,7,17,1.5,82.7,5.6,-1.1,3.68,0.5,10.7,0,953,216,1,1.8,0,0,0,0,0,0,0,282,94,22,97
WAE,2016,11,7,18,1.7,80.9,5.6,-1.2,3.68,0.6,10.9,0,953,235,1.4,2.3,0,0,0,0,0,0,0,283,100,22,97
WAE,2016,11,7,19,1.6,82.3,5.6,-1.1,3.68,0.5,10.8,0,953.2,184,1.4,2.4,0,0,0,0,0,0,0,280,100,22,97
WAE,2016,11,7,20,1,85.8,5.6,-1.1,3.68,0.2,10.2,0,953,162,0.7,1.8,0,0,0,0,0,0,0,279,90,22,97
WAE,2016,11,7,21,0.8,83.9,5.4,-1.6,3.55,-0.1,9.7,0,952.7,188,0.9,2,0,0,0,0,0,0,0,269,36,22,97
WAE,2016,11,7,22,0.2,85.5,5.3,-1.9,3.48,-0.6,8.9,0,952.5,198,1,2.3,0,0,0,0,0,0,0,265,44,22,97
WAE,2016,11,7,23,0,85.8,5.2,-2.1,3.41,-0.8,8.5,0,952.5,239,0.6,1.8,0,0,0,0,0,0,0,273,94,22,97
WAE,2016,11,8,0,0.5,84.4,5.3,-1.8,3.48,-0.4,9.2,0,952.4,252,1,1.6,0,0,0,0,0,0,0,266,56,23,97
WAE,2016,11,8,1,-0.1,87.3,5.3,-2,3.48,-0.8,8.6,0,952.3,233,1.1,2.1,0,0,0,0,0,0,0,252,6,23,97
WAE,2016,11,8,2,-0.4,88.8,5.3,-2,3.48,-1,8.3,0,951.9,270,1.1,2.3,0,0,0,0,0,0,0,252,0,23,97
WAE,2016,11,8,3,-0.7,87.9,5.1,-2.5,3.35,-1.4,7.6,0,951.9,255,1.1,2.1,0,0,0,0,0,0,0,254,0,23,97
WAE,2016,11,8,4,0.1,89.3,5.5,-1.4,3.61,-0.5,9.1,0,952.1,270,0.9,2,0,0,0,0,0,0,0,267,30,23,97
WAE,2016,11,8,5,0.2,88.6,5.5,-1.5,3.61,-0.5,9.2,0,952,220,2.4,4.5,0,0,0,0,0,0,0,256,16,23,97
WAE,2016,11,8,6,-0.5,88.3,5.2,-2.2,3.41,-1.1,8,0,952.5,185,1.5,3.4,7,0,7,4,4,4,4,263,40,23,97
WAE,2016,11,8,7,-0.5,87.8,5.2,-2.3,3.41,-1.2,8,0,953,217,2.6,4.3,137,388,60,37,345,300,37,271,35,23,97
WAE,2016,11,8,8,0.8,83.4,5.4,-1.7,3.54,-0.2,9.6,0,953.4,239,0.8,2.6,305,745,84,54,552,654,55,273,25,23,97
WAE,2016,11,8,9,1.4,81.8,5.5,-1.4,3.61,0.3,10.4,0,953.5,225,0.4,1.5,361,627,119,74,372,654,75,279,39,23,97
WAE,2016,11,8,10,2.5,79.6,5.8,-0.7,3.81,1.2,12,0,953.4,74,0.9,2.1,351,496,139,87,229,570,87,280,65,23,97
WAE,2016,11,8,11,3.1,75.1,5.7,-0.9,3.74,1.5,12.5,0,953.3,45,0.9,3.8,162,15,155,94,93,105,93,292,100,23,97
WAE,2016,11,8,12,3.6,66.6,5.3,-2,3.48,1.4,12.3,0,953.2,279,2.2,4.2,63,1,62,38,37,36,36,297,100,23,97
WAE,2016,11,8,13,3.4,65.4,5.1,-2.5,3.35,1.1,11.8,0,953.3,287,2.2,3.9,15,0,15,9,9,9,9,296,100,23,97
WAE,2016,11,8,14,2.9,70.8,5.3,-1.9,3.48,1,11.6,0,953.6,262,2.2,4.5,10,0,10,6,6,6,6,295,100,23,97
WAE,2016,11,8,15,2.3,82.9,6,-0.3,3.94,1.2,12.2,0,953.9,264,1.9,4.8,2,0,2,1,1,1,1,294,100,23,97
WAE,2016,11,8,16,1.9,86.6,6.1,-0.1,4,1.1,11.9,0.1,954.5,252,2.4,4.8,0,0,0,0,0,0,0,293,100,23,97
WAE,2016,11,8,17,1.8,89.5,6.2,0.3,4.06,1.2,12,0.2,955.3,256,1.9,4,0,0,0,0,0,0,0,292,100,23,97
WAE,2016,11,8,18,2.2,87.8,6.3,0.4,4.13,1.5,12.5,0,955.2,250,2.2,5.1,0,0,0,0,0,0,0,290,100,23,97
WAE,2016,11,8,19,2.4,85.2,6.2,0.2,4.06,1.5,12.6,0,955.5,239,2.8,5,0,0,0,0,0,0,0,287,100,23,97
WAE,2016,11,8,20,2.5,84.4,6.1,0.1,4,1.5,12.5,0,955.6,249,1.8,5,0,0,0,0,0,0,0,284,100,23,97
WAE,2016,11,8,21,2.2,86,6.1,0.1,4,1.3,12.2,0,955.6,262,0.8,1.9,0,0,0,0,0,0,0,282,88,23,97
WAE,2016,11,8,22,1.4,90.4,6.1,0,4,0.8,11.4,0,955.5,225,0.3,1.5,0,0,0,0,0,0,0,279,100,23,97
WAE,2016,11,8,23,1.9,87.5,6.1,0,4,1.1,11.9,0,955,236,1.5,2.2,0,0,0,0,0,0,0,271,88,23,97
WAE,2016,11,9,0,1.8,85.6,5.9,-0.4,3.87,0.9,11.5,0,954.6,242,1.8,2.5,0,0,0,0,0,0,0,274,58,26,97
WAE,2016,11,9,1,1.2,84,5.6,-1.2,3.67,0.3,10.4,0,953.9,183,2,3,0,0,0,0,0,0,0,263,29,26,97
WAE,2016,11,9,2,0.6,85.4,5.4,-1.6,3.54,-0.2,9.4,0,953.1,180,0.9,1.8,0,0,0,0,0,0,0,272,63,26,97
WAE,2016,11,9,3,0.8,81.4,5.3,-2,3.48,-0.3,9.5,0,952.1,186,1.8,3.1,0,0,0,0,0,0,0,277,80,26,97
WAE,2016,11,9,4,0.9,81.8,5.3,-1.9,3.48,-0.2,9.6,0,951.4,166,1.2,2.1,0,0,0,0,0,0,0,285,100,26,97
WAE,2016,11,9,5,1,80.4,5.3,-2,3.49,-0.1,9.7,0,950.6,167,1.3,2.5,0,0,0,0,0,0,0,287,100,26,97
WAE,2016,11,9,6,1.3,79,5.3,-1.9,3.49,0.1,10,0,949.9,158,1.7,3.1,6,2,6,4,5,5,4,290,100,26,97
WAE,2016,11,9,7,1.7,75.8,5.2,-2.1,3.42,0.2,10.3,0,949.7,157,2.1,4,36,0,36,22,22,21,21,295,100,26,97
WAE,2016,11,9,8,2.7,69.3,5.1,-2.3,3.36,0.8,11.1,0,950,198,0.7,1.5,124,27,116,71,88,91,69,300,100,26,97
WAE,2016,11,9,9,3.6,65.7,5.2,-2.2,3.42,1.3,12.2,0,949.9,63,0.6,1.8,200,98,162,99,149,191,96,301,94,26,97
WAE,2016,11,9,10,4.5,66.1,5.6,-1.3,3.69,2.1,13.8,0,949.2,63,1.1,3.4,231,86,195,118,144,203,115,306,100,26,97
WAE,2016,11,9,11,4.9,66.3,5.7,-0.8,3.76,2.5,14.4,0,947.9,90,1.9,3.7,137,4,136,84,83,83,82,311,100,26,97
WAE,2016,11,9,12,5.1,59.5,5.2,-2.1,3.43,2.2,13.7,0,947.5,81,1.3,2.9,55,0,55,34,34,32,33,314,100,26,97
WAE,2016,11,9,13,5.1,56.3,4.9,-2.9,3.24,1.9,13.2,0,947,63,1,2.6,128,24,120,74,73,92,86,314,100,26,97
WAE,2016,11,9,14,5,55.7,4.9,-3.1,3.24,1.8,13.1,0,947,214,0.9,2.7,20,0,20,12,12,12,12,315,100,26,97
WAE,2016,11,9,15,4,65.9,5.4,-1.8,3.56,1.7,12.9,0,947.7,252,2.2,5.1,2,0,2,1,1,1,1,315,100,26,97
WAE,2016,11,9,16,2.9,83.9,6.3,0.5,4.16,1.9,13.3,0.6,948.5,253,2.8,5.5,0,0,0,0,0,0,0,316,100,26,97
WAE,2016,11,9,17,2.9,87.7,6.6,1.1,4.35,2.1,13.8,0.5,949.5,270,2.4,5.7,0,0,0,0,0,0,0,316,100,26,97
WAE,2016,11,9,18,3.3,89,6.9,1.7,4.55,2.6,14.7,0.2,950,274,2.8,4.8,0,0,0,0,0,0,0,317,100,26,97
WAE,2016,11,9,19,5.3,80.3,7.1,2.2,4.68,3.9,17.1,0,950.4,267,4.4,12.9,0,0,0,0,0,0,0,318,100,26,97
WAE,2016,11,9,20,6.5,72.5,7,1.9,4.61,4.4,18.1,0,951.1,260,5.8,14.3,0,0,0,0,0,0,0,318,100,26,97
WAE,2016,11,9,21,6.4,73.3,7,2,4.61,4.4,18,0.1,951.7,269,5.1,11.3,0,0,0,0,0,0,0,315,90,26,97
WAE,2016,11,9,22,6.3,72.7,6.9,1.8,4.54,4.3,17.7,0.2,952.5,266,4.6,12.5,0,0,0,0,0,0,0,319,100,26,97
WAE,2016,11,9,23,5.6,78.1,7.1,2.1,4.67,4,17.3,0.1,952.6,272,3.1,9.4,0,0,0,0,0,0,0,319,90,26,97
WAE,2016,11,10,0,5.7,73.2,6.7,1.3,4.41,3.8,16.8,0.1,952.1,270,3.5,14.1,0,0,0,0,0,0,0,303,49,25,97
WAE,2016,11,10,1,6.5,62.9,6.1,0,4.01,3.7,16.6,0,951.7,248,5,15.5,0,0,0,0,0,0,0,319,100,25,97
WAE,2016,11,10,2,7.2,57.8,5.8,-0.5,3.82,3.9,16.8,0,951.1,244,6.1,15.8,0,0,0,0,0,0,0,319,100,25,97
WAE,2016,11,10,3,6.7,64.9,6.4,0.6,4.21,4,17.3,0.1,951.1,256,6.7,17.1,0,0,0,0,0,0,0,319,100,25,97
WAE,2016,11,10,4,5.5,78.3,7.1,2,4.68,3.9,17.3,0.6,951.1,256,5.9,13.3,0,0,0,0,0,0,0,318,100,25,97
WAE,2016,11,10,5,4.3,91.8,7.6,3.1,5,3.8,16.9,2.2,952.7,306,4.2,11.1,0,0,0,0,0,0,0,318,100,25,97
WAE,2016,11,10,6,4.9,85.3,7.4,2.6,4.87,3.9,17.1,1,953.5,268,2.8,7.5,18,84,12,7,81,52,7,316,100,25,97
WAE,2016,11,10,7,5.6,77.8,7,2,4.59,4,17.2,0,954.6,257,3.4,11,158,544,63,37,480,403,37,318,78,25,97
WAE,2016,11,10,8,6.1,74.6,7,1.9,4.59,4.2,17.7,0,954.7,247,6,12.4,272,608,102,64,480,553,64,320,59,25,97
WAE,2016,11,10,9,6.6,75.4,7.4,2.6,4.86,4.8,18.8,0.1,955.2,255,4.9,10.1,45,1,45,28,28,27,27,322,94,25,97
WAE,2016,11,10,10,7.1,75.4,7.6,3.1,4.99,5.2,19.7,0.1,954.9,260,4.4,9.3,157,91,119,71,105,163,69,327,100,25,97
WAE,2016,11,10,11,6.8,78.5,7.8,3.3,5.13,5.2,19.7,0.4,954.4,288,2.4,9.8,37,0,37,23,23,22,22,329,100,25,97
WAE,2016,11,10,12,6,83.8,7.8,3.5,5.13,4.8,18.9,0.5,954.4,253,2.8,9.9,44,0,44,27,27,25,26,330,100,25,97
WAE,2016,11,10,13,6.1,86.7,8.1,4.1,5.32,5.2,19.5,0.2,954.3,309,1.4,4,57,1,56,35,34,34,34,329,100,25,97
WAE,2016,11,10,14,5.9,90.4,8.4,4.5,5.52,5.2,19.8,0.7,954.3,90,0.5,1.7,8,0,8,5,5,5,5,328,100,25,97
WAE,2016,11,10,15,5.8,89.6,8.3,4.2,5.46,5,19.5,0.4,954.3,180,0.6,2.3,1,0,1,1,1,1,1,328,100,25,97
WAE,2016,11,10,16,5.7,88.7,8.1,4,5.32,4.9,19.1,0.9,954.5,198,0.7,3.8,0,0,0,0,0,0,0,327,100,25,97
WAE,2016,11,10,17,5.2,87.2,7.7,3.2,5.06,4.3,17.9,0.8,954.6,193,1,3.9,0,0,0,0,0,0,0,326,100,25,97
WAE,2016,11,10,18,4.9,93.6,8.1,4,5.32,4.5,18.3,1.5,954.7,141,0.7,1.8,0,0,0,0,0,0,0,326,100,25,97
WAE,2016,11,10,19,5,93.4,8.1,4,5.32,4.5,18.4,1.4,954.7,159,0.9,1.7,0,0,0,0,0,0,0,326,100,25,97
WAE,2016,11,10,20,4.8,93.5,8,3.8,5.26,4.3,18,1.2,954.5,146,0.8,1.8,0,0,0,0,0,0,0,326,100,25,97
WAE,2016,11,10,21,4.7,94.6,8.1,3.9,5.33,4.3,18.1,0.7,954,149,0.6,1.8,0,0,0,0,0,0,0,326,100,25,97
WAE,2016,11,10,22,4.6,92.9,7.9,3.6,5.19,4.1,17.6,0,953.8,132,1.3,4.3,0,0,0,0,0,0,0,326,100,25,97
WAE,2016,11,10,23,4.4,92.9,7.8,3.4,5.13,3.9,17.3,0,953.5,144,1,2,0,0,0,0,0,0,0,326,100,25,97
WAE,2016,11,11,0,4.4,91.8,7.7,3.2,5.07,3.9,17.1,0.1,952.7,152,1.6,3.1,0,0,0,0,0,0,0,326,100,25,97
WAE,2016,11,11,1,4.5,92,7.7,3.3,5.07,4,17.2,1.1,951.7,141,2.1,5.3,0,0,0,0,0,0,0,326,100,25,97
WAE,2016,11,11,2,4.7,93.4,8,3.7,5.27,4.2,17.9,3.4,951.4,170,2,5.6,0,0,0,0,0,0,0,325,100,25,97
WAE,2016,11,11,3,5.4,86.6,7.7,3.3,5.07,4.4,18.2,3.7,951.5,249,4.4,11.9,0,0,0,0,0,0,0,325,100,25,97
WAE,2016,11,11,4,5.1,85.6,7.5,2.9,4.94,4.1,17.5,3.1,952.5,241,7.7,13.9,0,0,0,0,0,0,0,324,100,25,97
WAE,2016,11,11,5,4.6,85.9,7.3,2.4,4.8,3.6,16.6,4.5,954,244,7,13.4,0,0,0,0,0,0,0,323,100,25,97
WAE,2016,11,11,6,4.3,86,7.1,2.2,4.66,3.4,16,1.3,955.6,246,6.9,13.8,1,0,1,0,0,0,0,322,100,25,97
WAE,2016,11,11,7,4.4,85.2,7.2,2.1,4.72,3.4,16.2,0.1,956,248,4.8,9.6,27,3,27,16,19,17,16,321,100,25,97
WAE,2016,11,11,8,4.5,80.2,6.8,1.4,4.45,3.1,15.7,0,957,244,5.5,10.5,16,0,16,10,10,9,9,321,100,25,97
WAE,2016,11,11,9,4,81.9,6.7,1.2,4.38,2.8,15,0,957.7,236,6.1,11.9,46,0,46,28,28,27,27,320,100,25,97
WAE,2016,11,11,10,3.2,88,6.8,1.4,4.45,2.4,14.3,2.3,958,240,5.3,9.5,62,0,62,38,38,36,37,320,100,25,97
WAE,2016,11,11,11,3.5,86.5,6.8,1.5,4.44,2.6,14.6,0.1,958.5,249,5.3,10.3,75,2,74,45,45,45,44,319,100,25,97
WAE,2016,11,11,12,4.2,82.5,6.8,1.5,4.44,3,15.3,0,958.8,256,4.5,9.3,68,8,65,39,39,45,42,318,100,25,97
WAE,2016,11,11,13,4.5,81.8,6.9,1.7,4.51,3.3,15.8,0,959.3,261,3.6,8.8,24,0,24,15,14,14,14,317,100,25,97
WAE,2016,11,11,14,4.5,81.1,6.8,1.5,4.44,3.2,15.6,0,959.8,248,4.2,8.6,32,1,32,20,19,19,19,316,100,25,97
WAE,2016,11,11,15,4.7,80.6,6.9,1.7,4.5,3.4,16,0,960.5,247,4.4,7.8,1,0,1,1,1,1,1,316,100,25,97
WAE,2016,11,11,16,4.4,82.4,6.9,1.7,4.5,3.2,15.7,0.8,961.4,255,4.4,8.1,0,0,0,0,0,0,0,315,100,25,97
WAE,2016,11,11,17,3.1,90.6,6.9,1.7,4.49,2.5,14.4,1.4,962.1,268,2.5,5.3,0,0,0,0,0,0,0,314,100,25,97
WAE,2016,11,11,18,3.6,87.5,6.9,1.7,4.49,2.8,14.9,0,962.8,283,2.4,5,0,0,0,0,0,0,0,313,100,25,97
WAE,2016,11,11,19,3.6,88.2,7,1.8,4.55,2.8,15,0,963.3,270,2.2,5.8,0,0,0,0,0,0,0,312,100,25,97
WAE,2016,11,11,20,3.7,88,7,1.9,4.55,2.9,15.1,0,963.8,270,2.1,5.6,0,0,0,0,0,0,0,311,100,25,97
WAE,2016,11,11,21,3.8,88,7,2,4.55,3,15.2,0,964.2,247,3.1,5.7,0,0,0,0,0,0,0,310,100,25,97
WAE,2016,11,11,22,3.6,88.2,7,1.8,4.55,2.8,15,0,964.3,273,2.2,4,0,0,0,0,0,0,0,309,100,25,97
WAE,2016,11,11,23,3.8,86,6.9,1.7,4.48,2.9,15,0,964.4,272,2.7,4.7,0,0,0,0,0,0,0,308,100,25,97
WAE,2016,11,12,0,3.6,87.3,6.9,1.7,4.48,2.8,14.8,0.1,964.4,281,2.1,4.4,0,0,0,0,0,0,0,307,100,27,97
WAE,2016,11,12,1,2.6,93.8,6.9,1.7,4.48,2.2,13.8,1.8,964.7,338,1.2,3.6,0,0,0,0,0,0,0,305,100,27,97
WAE,2016,11,12,2,2.6,92.3,6.8,1.5,4.42,2.1,13.7,0.1,964.5,249,0.9,1.9,0,0,0,0,0,0,0,304,100,27,97
WAE,2016,11,12,3,2.6,91.2,6.7,1.3,4.35,2,13.5,0,964.8,248,1.6,3.5,0,0,0,0,0,0,0,302,100,27,97
WAE,2016,11,12,4,2.3,93.8,6.7,1.4,4.35,1.9,13.2,0.8,964.8,270,0.9,2.4,0,0,0,0,0,0,0,300,100,27,97
WAE,2016,11,12,5,2.1,93.6,6.7,1.2,4.35,1.7,13,1,964.9,243,0.7,1.8,0,0,0,0,0,0,0,299,100,27,97
WAE,2016,11,12,6,1.9,93.3,6.5,0.9,4.22,1.5,12.5,0.1,964.9,238,1.4,2.1,10,40,7,4,39,25,4,298,94,27,97
WAE,2016,11,12,7,1.9,93.6,6.6,1,4.28,1.5,12.6,0,965.1,252,0.6,1.2,120,376,51,34,327,291,34,301,54,27,97
WAE,2016,11,12,8,2.7,92,6.8,1.5,4.41,2.2,13.8,0,965.3,242,1.5,2.2,147,227,91,59,221,231,57,284,50,27,97
WAE,2016,11,12,9,3.6,83.2,6.6,1,4.28,2.5,14.3,0,965.3,214,0.7,2.2,234,201,156,97,184,291,95,284,53,27,97
WAE,2016,11,12,10,4.1,81.3,6.7,1.2,4.35,2.8,15,0,964.8,79,1.1,4,291,280,176,109,196,391,107,287,45,27,97
WAE,2016,11,12,11,4.5,78.6,6.6,1.1,4.29,3,15.3,0,964.3,96,1,2.1,367,558,135,92,92,645,220,283,40,27,97
WAE,2016,11,12,12,5,73.8,6.4,0.7,4.16,3.1,15.4,0,964.3,81,0.7,1.9,364,623,124,84,85,679,336,268,35,27,97
WAE,2016,11,12,13,5.2,72.4,6.4,0.6,4.16,3.2,15.6,0,964.1,347,1.1,2.1,270,557,105,67,67,539,425,261,36,27,97
WAE,2016,11,12,14,4.7,71.3,6.1,0,3.96,2.7,14.6,0,964.1,360,0.3,1.5,180,630,62,40,40,481,533,264,25,27,97
WAE,2016,11,12,15,3.9,79.6,6.4,0.7,4.16,2.5,14.3,0,964.3,207,1.3,2.5,12,0,12,9,9,9,9,275,26,27,97
WAE,2016,11,12,16,3.5,81.7,6.4,0.7,4.15,2.3,13.9,0,964.6,212,2,2.7,0,0,0,0,0,0,0,267,33,27,97
WAE,2016,11,12,17,3.1,84.3,6.4,0.7,4.15,2.1,13.5,0,964.8,188,0.9,3.3,0,0,0,0,0,0,0,271,33,27,97
WAE,2016,11,12,18,2.5,85.7,6.3,0.4,4.09,1.6,12.7,0,964.6,152,1.6,3.7,0,0,0,0,0,0,0,262,0,27,97
WAE,2016,11,12,19,1.9,86.7,6.1,-0.1,3.96,1.1,11.8,0,964.6,155,1.5,3.7,0,0,0,0,0,0,0,261,10,27,97
WAE,2016,11,12,20,1.4,86.4,5.8,-0.6,3.76,0.6,10.8,0,964.8,145,1.3,2.8,0,0,0,0,0,0,0,264,13,27,97
WAE,2016,11,12,21,1.1,88.7,5.9,-0.6,3.83,0.4,10.7,0,964.7,162,1.4,2.7,0,0,0,0,0,0,0,278,59,27,97
WAE,2016,11,12,22,0.4,88.9,5.6,-1.2,3.63,-0.2,9.5,0,964.7,230,1,2.5,0,0,0,0,0,0,0,285,74,27,97
WAE,2016,11,12,23,0.6,87.1,5.6,-1.3,3.63,-0.1,9.7,0,964.6,180,1.3,3,0,0,0,0,0,0,0,289,100,27,97
WAE,2016,11,13,0,0.8,84.8,5.5,-1.5,3.57,-0.1,9.7,0,964.8,169,0.8,2.1,0,0,0,0,0,0,0,280,78,29,97
WAE,2016,11,13,1,0.6,86.5,5.5,-1.4,3.57,-0.2,9.5,0,965,207,0.5,1.7,0,0,0,0,0,0,0,289,84,29,97
WAE,2016,11,13,2,0.9,82.5,5.4,-1.7,3.5,-0.1,9.6,0,965,159,1.8,3.9,0,0,0,0,0,0,0,285,63,29,97
WAE,2016,11,13,3,0.4,85.9,5.4,-1.7,3.5,-0.4,9.1,0,965.1,121,0.6,1.8,0,0,0,0,0,0,0,295,100,29,97
WAE,2016,11,13,4,1,83.4,5.5,-1.5,3.56,0,9.9,0,965.2,163,1.1,2.5,0,0,0,0,0,0,0,296,100,29,97
WAE,2016,11,13,5,1.3,83.1,5.6,-1.2,3.63,0.3,10.4,0,964.9,139,1.2,3.1,0,0,0,0,0,0,0,297,100,29,97
WAE,2016,11,13,6,1.2,83.9,5.6,-1.2,3.63,0.3,10.3,0,965.1,140,0.9,2.7,1,0,1,0,0,0,0,297,100,29,97
WAE,2016,11,13,7,1.6,82.6,5.7,-1,3.69,0.6,10.8,0,965.3,144,0.9,1.8,47,95,35,22,102,80,22,296,94,29,97
WAE,2016,11,13,8,2.5,80,5.9,-0.6,3.82,1.2,12.1,0,965.7,98,0.9,3.6,176,187,123,77,204,235,75,299,88,29,97
WAE,2016,11,13,9,2.9,77.6,5.8,-0.6,3.76,1.5,12.3,0,966.1,50,1,2.3,125,8,122,77,80,81,74,301,100,29,97
WAE,2016,11,13,10,3.2,74.3,5.7,-0.9,3.69,1.5,12.5,0,966.1,53,0.5,1.5,72,1,71,45,45,44,44,312,100,29,97
WAE,2016,11,13,11,3.6,72.4,5.7,-0.9,3.69,1.8,12.9,0,965.6,45,0.5,1.8,67,0,67,42,42,40,41,316,100,29,97
WAE,2016,11,13,12,4,71.9,5.8,-0.6,3.76,2.1,13.4,0,965.2,67,0.9,2,23,0,23,15,14,14,14,318,100,29,97
WAE,2016,11,13,13,4.1,72.9,6,-0.3,3.89,2.3,13.9,0,965,124,0.5,1.2,41,0,41,26,26,25,25,318,100,29,97
WAE,2016,11,13,14,4.3,74,6.1,0.1,3.96,2.5,14.2,0,965.1,346,0.5,2.1,13,0,13,9,8,8,8,317,100,29,97
WAE,2016,11,13,15,4.4,75.5,6.3,0.5,4.09,2.7,14.7,0,965.3,48,1.3,2.7,5,0,5,3,3,3,3,317,100,29,97
WAE,2016,11,13,16,4.3,75.7,6.3,0.4,4.08,2.6,14.6,0,965.8,45,0.7,1.6,0,0,0,0,0,0,0,317,100,29,97
WAE,2016,11,13,17,4.1,79.5,6.5,0.9,4.21,2.7,14.7,0,966.3,248,1.7,2.7,0,0,0,0,0,0,0,317,100,29,97
WAE,2016,11,13,18,3.8,84.6,6.8,1.4,4.41,2.8,14.9,0,966.6,289,2.1,4.1,0,0,0,0,0,0,0,316,100,29,97
WAE,2016,11,13,19,3.4,83.4,6.5,0.9,4.21,2.3,14,0,966.9,283,1.9,3.9,0,0,0,0,0,0,0,316,100,29,97
WAE,2016,11,13,20,3.4,82.9,6.5,0.8,4.21,2.3,13.9,0,967.3,289,1.9,3.5,0,0,0,0,0,0,0,305,71,29,97
WAE,2016,11,13,21,3.2,84.3,6.5,0.8,4.21,2.2,13.7,0,967.7,292,1.9,3.2,0,0,0,0,0,0,0,298,78,29,97
WAE,2016,11,13,22,3.2,85.3,6.5,1,4.21,2.3,13.7,0,967.9,323,1.3,4.2,0,0,0,0,0,0,0,288,43,29,97
WAE,2016,11,13,23,3.3,82.9,6.4,0.7,4.14,2.2,13.7,0,968.1,34,2.5,4.9,0,0,0,0,0,0,0,285,51,29,97
WAE,2016,11,14,0,3.2,83.4,6.4,0.7,4.14,2.1,13.6,0,968.2,32,2,5,0,0,0,0,0,0,0,282,100,30,97
WAE,2016,11,14,1,2.8,81.7,6.1,0,3.94,1.6,12.7,0,968.5,338,2,4.5,0,0,0,0,0,0,0,275,100,30,97
WAE,2016,11,14,2,2.6,81.2,5.9,-0.3,3.81,1.4,12.1,0,968.7,335,1.6,4.5,0,0,0,0,0,0,0,275,100,30,97
WAE,2016,11,14,3,2.3,80.4,5.8,-0.7,3.74,1.1,11.7,0,969.4,346,1.8,4.6,0,0,0,0,0,0,0,273,100,30,97
WAE,2016,11,14,4,2.3,80.7,5.8,-0.7,3.74,1.1,11.7,0,969.5,322,1.2,3.3,0,0,0,0,0,0,0,272,100,30,97
WAE,2016,11,14,5,2,82.3,5.8,-0.7,3.74,0.9,11.4,0,970,304,2,3.7,0,0,0,0,0,0,0,269,100,30,97
WAE,2016,11,14,6,1.8,82.7,5.7,-0.8,3.67,0.8,11,0,970.7,300,1.5,3.6,2,0,2,2,2,2,2,268,100,30,97
WAE,2016,11,14,7,1.6,83.1,5.7,-1,3.67,0.6,10.8,0,971.4,291,2.3,4.4,25,0,25,16,16,15,15,271,100,30,97
WAE,2016,11,14,8,1.6,82.4,5.6,-1.1,3.61,0.5,10.6,0,971.4,288,2.4,4.5,46,0,46,29,29,28,28,268,85,30,97
WAE,2016,11,14,9,1.7,81.6,5.6,-1.1,3.6,0.6,10.7,0,972.6,297,2.5,4.7,18,0,18,12,12,11,11,267,100,30,97
WAE,2016,11,14,10,2,81,5.7,-0.9,3.67,0.8,11.2,0,972.4,275,1.3,3.4,63,0,63,40,40,38,39,291,100,30,97
WAE,2016,11,14,11,2.5,79.7,5.8,-0.6,3.73,1.2,11.8,0,972.4,313,2.3,4.9,29,0,29,19,19,18,18,300,100,30,97
WAE,2016,11,14,12,2.7,78.7,5.8,-0.6,3.73,1.4,12,0,972,294,2,4.2,20,0,20,13,13,12,13,301,100,30,97
WAE,2016,11,14,13,2.7,78.2,5.8,-0.7,3.73,1.3,12,0,972.3,309,2,3.8,14,0,14,9,9,9,9,299,100,30,97
WAE,2016,11,14,14,2.9,78.8,5.9,-0.4,3.8,1.5,12.4,0,972.3,300,1.7,3.8,8,0,8,5,5,5,5,289,100,30,97
WAE,2016,11,14,15,2.9,78.1,5.9,-0.5,3.8,1.5,12.4,0,972.5,293,1.4,2.6,1,0,1,1,1,1,1,264,100,30,97
WAE,2016,11,14,16,2.8,78.1,5.8,-0.6,3.73,1.4,12.1,0,972.8,284,1.3,2.6,0,0,0,0,0,0,0,262,100,30,97
WAE,2016,11,14,17,2.8,78.9,5.9,-0.5,3.79,1.5,12.3,0,973,297,0.5,2.1,0,0,0,0,0,0,0,260,100,30,97
WAE,2016,11,14,18,2.8,79.5,5.9,-0.4,3.79,1.5,12.3,0,973.2,300,0.9,2.1,0,0,0,0,0,0,0,265,100,30,97
WAE,2016,11,14,19,2.6,80.1,5.9,-0.5,3.79,1.3,12.1,0,973.4,288,1.6,2.8,0,0,0,0,0,0,0,266,100,30,97
WAE,2016,11,14,20,2.6,81,5.9,-0.3,3.79,1.4,12.1,0,973.8,286,1.5,3.2,0,0,0,0,0,0,0,263,100,30,97
WAE,2016,11,14,21,2.8,80.5,6,-0.2,3.86,1.6,12.5,0,973.4,270,0.6,1.3,0,0,0,0,0,0,0,265,100,30,97
WAE,2016,11,14,22,2.8,81.1,6.1,-0.1,3.92,1.6,12.6,0,973.2,311,1,2.4,0,0,0,0,0,0,0,264,100,30,97
WAE,2016,11,14,23,2.8,80.2,6,-0.3,3.86,1.5,12.5,0,972.9,263,0.9,2.2,0,0,0,0,0,0,0,265,100,30,97
WAE,2016,11,15,0,2.8,81.3,6.1,-0.1,3.93,1.6,12.6,0,972.4,198,1,2.1,0,0,0,0,0,0,0,257,25,30,97
WAE,2016,11,15,1,2.8,79.9,6,-0.3,3.86,1.5,12.5,0,972.6,263,0.9,3.1,0,0,0,0,0,0,0,256,0,30,97
WAE,2016,11,15,2,2.7,80.4,6,-0.3,3.86,1.5,12.4,0,972.5,262,2.2,3.5,0,0,0,0,0,0,0,255,13,30,97
WAE,2016,11,15,3,2.6,80.4,5.9,-0.4,3.8,1.4,12.1,0,972.5,252,2.9,4.8,0,0,0,0,0,0,0,287,69,30,97
WAE,2016,11,15,4,2.6,80.4,5.9,-0.4,3.79,1.4,12.1,0,973.1,258,2.5,3.9,0,0,0,0,0,0,0,297,88,30,97
WAE,2016,11,15,5,2.4,82.6,5.9,-0.3,3.79,1.3,11.9,0,973.2,244,2.6,4.8,0,0,0,0,0,0,0,295,68,30,97
WAE,2016,11,15,6,2.4,82.6,6,-0.3,3.86,1.3,12.1,0,973.5,243,1.8,3.5,0,0,0,0,0,0,0,281,48,30,97
WAE,2016,11,15,7,2.5,80.3,5.9,-0.5,3.79,1.3,12,0,974,238,2.3,3.9,46,17,44,28,42,38,27,304,88,30,97
WAE,2016,11,15,8,3.1,78.8,6,-0.2,3.86,1.7,12.8,0,973.7,225,0.9,2.6,126,97,101,64,133,141,63,304,81,30,97
WAE,2016,11,15,9,3.5,78,6.1,0,3.92,2,13.3,0,973.8,333,0.7,1.8,278,491,98,70,282,536,71,299,63,30,97
WAE,2016,11,15,10,4.3,76.9,6.4,0.6,4.12,2.7,14.6,0,973.4,75,1.3,3.1,354,559,131,94,245,646,95,304,56,30,97
WAE,2016,11,15,11,4.7,76.4,6.5,0.9,4.18,3.1,15.2,0,973.2,78,1.5,2.8,221,83,187,118,118,202,137,321,94,30,97
WAE,2016,11,15,12,5.5,74.5,6.7,1.3,4.31,3.7,16.3,0,972.7,90,1.6,3.1,188,110,147,93,92,201,137,319,88,30,97
WAE,2016,11,15,13,6,70.1,6.6,1,4.25,3.8,16.7,0,971.9,102,1.5,3.4,180,190,123,78,78,245,195,305,71,30,97
WAE,2016,11,15,14,6.2,69.8,6.6,1.1,4.25,3.9,16.9,0,971.6,103,1.5,3.4,34,5,33,21,21,24,24,308,78,30,97
WAE,2016,11,15,15,6.1,68.2,6.4,0.7,4.12,3.7,16.5,0,972.2,126,1,2.6,10,0,10,7,7,7,7,317,71,30,97
WAE,2016,11,15,16,6,71.9,6.7,1.3,4.32,3.9,16.9,0,972.3,160,1.2,3.9,0,0,0,0,0,0,0,325,88,30,97
WAE,2016,11,15,17,6.2,72.3,6.9,1.6,4.44,4.1,17.4,0,972.6,174,1,1.9,0,0,0,0,0,0,0,323,81,30,97
WAE,2016,11,15,18,6.1,75.1,7.1,2,4.57,4.3,17.6,0,972.7,172,0.8,1.9,0,0,0,0,0,0,0,325,88,30,97
WAE,2016,11,15,19,6,74.4,6.9,1.8,4.45,4.1,17.2,0,972.3,140,0.8,2.3,0,0,0,0,0,0,0,321,48,30,97
WAE,2016,11,15,20,6,74.3,6.9,1.8,4.45,4.1,17.2,0,972.2,169,0.8,2.6,0,0,0,0,0,0,0,317,33,30,97
WAE,2016,11,15,21,5.9,75.9,7,2,4.51,4.1,17.3,0,971.8,187,0.9,2.1,0,0,0,0,0,0,0,315,19,30,97
WAE,2016,11,15,22,6.1,74.4,7,1.9,4.52,4.2,17.5,0,971.3,217,0.6,2,0,0,0,0,0,0,0,316,36,30,97
WAE,2016,11,15,23,6.1,72.1,6.8,1.5,4.39,4.1,17.1,0,970.7,238,1.4,3.2,0,0,0,0,0,0,0,315,29,30,97
WAE,2016,11,16,0,6.1,70.5,6.7,1.1,4.32,3.9,17,0,970.3,153,0.7,1.8,0,0,0,0,0,0,0,326,50,30,97
WAE,2016,11,16,1,5.8,79.4,7.3,2.5,4.72,4.3,17.7,0.1,970.3,214,1.1,1.7,0,0,0,0,0,0,0,329,100,30,97
WAE,2016,11,16,2,5.5,84.3,7.6,3.1,4.91,4.4,17.8,0,969.9,198,0.7,1.6,0,0,0,0,0,0,0,330,94,30,97
WAE,2016,11,16,3,5.9,79.1,7.4,2.6,4.79,4.4,17.9,0,969.2,160,1.2,2.3,0,0,0,0,0,0,0,330,100,30,97
WAE,2016,11,16,4,5.8,83.2,7.7,3.2,4.98,4.6,18.3,0.3,968.8,163,1.2,3.1,0,0,0,0,0,0,0,330,100,30,97
WAE,2016,11,16,5,5.7,86.2,7.9,3.6,5.12,4.7,18.6,0.4,968.4,207,0.7,2.5,0,0,0,0,0,0,0,330,94,30,97
WAE,2016,11,16,6,5.7,89,8.1,4,5.25,4.9,18.9,0,968.5,288,0.6,2,0,0,0,0,0,0,0,331,100,30,97
WAE,2016,11,16,7,6.2,84.3,8,3.8,5.18,5.1,19.2,0,968.3,219,1.6,4,36,18,33,21,35,33,20,334,94,30,97
WAE,2016,11,16,8,7,81,8.1,4,5.25,5.6,20.2,0,967.8,203,1.4,3.4,102,23,95,61,76,78,59,333,94,30,97
WAE,2016,11,16,9,7.5,83.6,8.7,4.9,5.64,6.2,21.7,0,967.6,90,0.7,2.1,118,4,117,74,76,75,72,339,100,30,97
WAE,2016,11,16,10,7.7,83.4,8.8,5.1,5.71,6.4,22.1,0,967,80,1.2,2.9,176,26,166,106,112,128,102,342,100,30,97
WAE,2016,11,16,11,8.2,79.8,8.7,4.9,5.65,6.6,22.5,0,966,95,1.3,2.7,250,155,187,118,118,278,158,344,100,30,97
WAE,2016,11,16,12,9.1,73,8.4,4.5,5.46,6.8,22.9,0,965.3,101,1.2,2.8,95,27,85,54,54,79,63,339,100,30,97
WAE,2016,11,16,13,8.7,75.3,8.5,4.6,5.53,6.7,22.6,0,965,90,0.9,2.6,18,0,18,11,11,11,11,345,100,30,97
WAE,2016,11,16,14,8.6,80.7,9,5.5,5.86,7.1,23.4,0,964.7,169,0.9,2.8,8,0,8,5,5,5,5,345,100,30,97
WAE,2016,11,16,15,8.5,79.3,8.8,5.1,5.73,6.8,22.9,0.6,964.4,225,0.9,3.2,1,0,1,1,1,1,1,345,100,30,97
WAE,2016,11,16,16,7.8,88.9,9.4,6.1,6.12,6.9,23.2,0.5,964.4,240,1.4,3.6,0,0,0,0,0,0,0,344,100,30,97
WAE,2016,11,16,17,7.6,93,9.7,6.5,6.32,7,23.5,0.6,964.3,207,0.9,2.6,0,0,0,0,0,0,0,344,100,30,97
WAE,2016,11,16,18,7.6,92.1,9.6,6.4,6.25,7,23.4,0.2,964.3,220,1.6,2.9,0,0,0,0,0,0,0,344,94,30,97
WAE,2016,11,16,19,7.6,93.9,9.8,6.7,6.39,7.1,23.7,0.4,963.7,180,1.3,3.7,0,0,0,0,0,0,0,343,100,30,97
WAE,2016,11,16,20,7.4,97.4,10,7,6.52,7.2,23.8,0.3,963.5,120,0.9,2.4,0,0,0,0,0,0,0,343,100,30,97
WAE,2016,11,16,21,7.4,96.5,9.9,6.9,6.46,7.1,23.7,0.2,963.3,141,0.7,2.5,0,0,0,0,0,0,0,342,100,30,97
WAE,2016,11,16,22,7.6,96,10,7,6.53,7.3,24,0,962.7,166,0.9,2.4,0,0,0,0,0,0,0,342,100,30,97
WAE,2016,11,16,23,7.5,97.4,10.1,7.1,6.6,7.3,24.1,0,962.3,146,0.5,1.6,0,0,0,0,0,0,0,341,100,30,97
WAE,2016,11,17,0,7.7,97,10.2,7.3,6.67,7.5,24.5,0,962,162,0.7,1.6,0,0,0,0,0,0,0,341,88,30,97
WAE,2016,11,17,1,8.1,90.9,9.8,6.7,6.4,7.4,24.2,0,961.5,180,1.1,4.3,0,0,0,0,0,0,0,330,65,30,97
WAE,2016,11,17,2,8.1,91.6,9.9,6.8,6.47,7.4,24.4,0,961,104,1.2,4.1,0,0,0,0,0,0,0,324,71,30,97
WAE,2016,11,17,3,8.1,95.3,10.3,7.4,6.74,7.7,25.1,0,960.6,138,1.5,3.4,0,0,0,0,0,0,0,323,73,30,97
WAE,2016,11,17,4,8.3,92.4,10.1,7.1,6.61,7.7,25,0,960.3,222,1.7,3.5,0,0,0,0,0,0,0,331,94,30,97
WAE,2016,11,17,5,8.4,88.6,9.8,6.6,6.42,7.5,24.6,0,959.8,229,1.2,3,0,0,0,0,0,0,0,338,100,30,97
WAE,2016,11,17,6,8.2,93.6,10.2,7.2,6.68,7.7,25,0.1,960.1,146,0.8,1.7,5,0,5,4,4,3,3,335,84,30,97
WAE,2016,11,17,7,8.1,96,10.4,7.5,6.81,7.8,25.3,0.2,959.8,124,0.7,2.4,83,238,44,29,215,195,29,332,78,30,97
WAE,2016,11,17,8,8.7,94.9,10.7,7.9,7.01,8.3,26.4,0.1,960,125,1.2,3.3,130,92,105,67,129,144,65,332,81,30,97
WAE,2016,11,17,9,9.1,93.9,10.9,8.2,7.14,8.6,27.1,0,959.9,72,0.4,1.8,133,106,94,60,104,163,59,341,94,30,97
WAE,2016,11,17,10,10.1,85.5,10.6,7.8,6.95,8.9,27.6,0,959.7,311,1.4,6.2,89,0,89,57,57,54,55,347,100,30,97
WAE,2016,11,17,11,9.8,91.1,11,8.4,7.22,9,28,0.1,959.1,22,0.9,3.5,221,117,175,111,110,230,141,340,88,30,97
WAE,2016,11,17,12,10,89.3,11,8.3,7.22,9.1,28.2,0,958.4,120,0.9,2,140,56,119,75,75,130,95,320,68,30,97
WAE,2016,11,17,13,10.8,84.7,11,8.3,7.23,9.5,29.1,0,957.6,101,1.6,3.5,225,515,85,62,62,490,387,300,45,30,97
WAE,2016,11,17,14,10.6,84.9,10.9,8.2,7.16,9.3,28.7,0,957.2,113,1.3,3.3,137,437,55,39,39,358,370,288,39,30,97
WAE,2016,11,17,15,9.9,86.6,10.5,7.8,6.9,8.8,27.3,0,956.7,153,0.9,2.3,11,0,11,8,8,8,8,294,31,30,97
WAE,2016,11,17,16,8.7,90,10.1,7.2,6.64,7.9,25.4,0,956.4,180,0.9,1.6,0,0,0,0,0,0,0,289,0,30,97
WAE,2016,11,17,17,8,90.6,9.8,6.6,6.44,7.3,24.2,0,956.2,240,0.9,2.9,0,0,0,0,0,0,0,277,0,30,97
WAE,2016,11,17,18,7.4,89.6,9.2,5.8,6.04,6.6,22.6,0,956,175,1.3,2.9,0,0,0,0,0,0,0,285,0,30,97
WAE,2016,11,17,19,6.6,92.7,9.1,5.5,5.98,6.1,21.6,0,955.8,153,0.9,1.8,0,0,0,0,0,0,0,285,0,30,97
WAE,2016,11,17,20,6.3,93.5,8.9,5.3,5.85,5.8,21,0,955.5,153,1,1.8,0,0,0,0,0,0,0,284,6,30,97
WAE,2016,11,17,21,6.4,89.7,8.6,4.8,5.65,5.6,20.6,0,955.1,153,1.6,2.8,0,0,0,0,0,0,0,289,35,30,97
WAE,2016,11,17,22,5.9,90,8.3,4.4,5.46,5.2,19.6,0,954.2,155,1.4,4,0,0,0,0,0,0,0,290,55,30,97
WAE,2016,11,17,23,5.5,91.1,8.2,4.2,5.39,4.9,19.1,0,953.6,146,0.8,2.1,0,0,0,0,0,0,0,291,33,30,97
WAE,2016,11,18,0,5.2,90.9,8,3.8,5.26,4.5,18.4,0,953.2,236,0.9,2.3,0,0,0,0,0,0,0,288,25,31,97
WAE,2016,11,18,1,5.5,89.3,8.1,3.9,5.33,4.7,18.9,0,952.6,198,1.7,3.8,0,0,0,0,0,0,0,294,29,31,97
WAE,2016,11,18,2,5.7,89.2,8.2,4.1,5.41,4.9,19.3,0,951.8,261,0.7,2.6,0,0,0,0,0,0,0,306,84,31,97
WAE,2016,11,18,3,6.6,88.8,8.6,4.9,5.67,5.8,20.9,0,951.2,194,1.3,3,0,0,0,0,0,0,0,309,88,31,97
WAE,2016,11,18,4,7.5,83,8.6,4.8,5.67,6.2,21.8,0,951.7,254,2.2,5.1,0,0,0,0,0,0,0,320,88,31,97
WAE,2016,11,18,5,8.1,80.6,8.7,5,5.74,6.6,22.6,0,951.4,207,1.2,4.6,0,0,0,0,0,0,0,339,100,31,97
WAE,2016,11,18,6,8,80.9,8.7,4.9,5.74,6.5,22.5,0,951.1,184,2,4.9,4,0,4,3,3,3,3,336,100,31,97
WAE,2016,11,18,7,8.6,81.8,9.2,5.7,6.07,7.1,23.9,0,951.5,219,1.7,3.3,104,359,59,37,331,275,37,329,100,31,97
WAE,2016,11,18,8,9.7,79.1,9.5,6.3,6.28,8,25.5,0,951.1,212,1.7,3.4,57,3,57,36,38,37,35,322,100,31,97
WAE,2016,11,18,9,9.9,80.9,9.9,6.8,6.55,8.3,26.4,0,950.7,138,1.5,4.2,39,0,39,25,25,24,24,341,100,31,97
WAE,2016,11,18,10,9.3,86.2,10.1,7.1,6.68,8.2,26.2,0,950.9,135,0.6,2.2,19,0,19,12,12,12,12,346,100,31,97
WAE,2016,11,18,11,10.3,78.9,9.9,6.8,6.54,8.5,26.8,0,950.9,259,1.7,4,19,0,19,13,12,12,12,348,100,31,97
WAE,2016,11,18,12,10.7,80.7,10.4,7.5,6.88,9,28.1,0,951.2,225,1,2.5,17,0,17,11,11,11,11,348,100,31,97
WAE,2016,11,18,13,10.3,83.5,10.5,7.6,6.94,8.9,27.8,0.1,950.9,162,1.4,3.8,13,0,13,8,8,8,8,347,100,31,97
WAE,2016,11,18,14,9.8,87.6,10.6,7.8,7.01,8.7,27.5,0.5,951.2,143,1.1,3.1,14,0,14,9,9,8,8,345,100,31,97
WAE,2016,11,18,15,9.1,93.2,10.7,8.1,7.07,8.6,26.9,0.3,951.5,284,0.9,2.5,1,0,1,1,1,1,1,343,100,31,97
WAE,2016,11,18,16,8.2,91.9,10,7,6.6,7.6,24.8,4.8,952.7,293,4.9,8.9,0,0,0,0,0,0,0,342,100,31,97
WAE,2016,11,18,17,7.2,92.2,9.4,6,6.19,6.6,22.8,2.3,953.9,302,2.5,8.3,0,0,0,0,0,0,0,340,100,31,97
WAE,2016,11,18,18,7.1,94.2,9.5,6.2,6.25,6.6,22.8,1.5,954.3,275,1.3,3.4,0,0,0,0,0,0,0,339,100,31,97
WAE,2016,11,18,19,7,95,9.6,6.3,6.32,6.6,22.9,1.7,955,300,0.9,3,0,0,0,0,0,0,0,338,100,31,97
WAE,2016,11,18,20,7,95.5,9.5,6.3,6.25,6.6,22.7,1.7,955.4,130,1,2.7,0,0,0,0,0,0,0,337,100,31,97
WAE,2016,11,18,21,6.8,95.5,9.5,6.1,6.25,6.5,22.5,1.2,955.2,110,1.2,3,0,0,0,0,0,0,0,337,100,31,97
WAE,2016,11,18,22,6.8,96,9.5,6.2,6.25,6.5,22.5,1.2,955.2,97,0.9,2.4,0,0,0,0,0,0,0,336,100,31,97
WAE,2016,11,18,23,6.8,94.7,9.4,6,6.18,6.4,22.4,2.2,955,153,1.4,2.7,0,0,0,0,0,0,0,336,100,31,97
WAE,2016,11,19,0,6.7,94.1,9.2,5.8,6.06,6.3,21.9,3.2,954.2,146,1.4,3.8,0,0,0,0,0,0,0,335,100,29,97
WAE,2016,11,19,1,6.6,93.6,9.1,5.6,5.99,6.1,21.7,0.6,953.4,139,2.1,4.6,0,0,0,0,0,0,0,335,100,29,97
WAE,2016,11,19,2,6.7,94.2,9.3,5.8,6.13,6.3,22.1,0.6,952.8,132,1.4,4,0,0,0,0,0,0,0,335,100,29,97
WAE,2016,11,19,3,7.2,92.6,9.4,6.1,6.2,6.6,22.8,1,952.5,120,1.5,5.5,0,0,0,0,0,0,0,335,100,29,97
WAE,2016,11,19,4,7.4,92.2,9.5,6.2,6.27,6.8,23.2,0.5,952.2,114,2.2,5.8,0,0,0,0,0,0,0,335,100,29,97
WAE,2016,11,19,5,7.4,93.5,9.6,6.4,6.34,6.9,23.4,0.3,951.9,114,2.5,6.3,0,0,0,0,0,0,0,335,100,29,97
WAE,2016,11,19,6,7.4,92.2,9.5,6.2,6.27,6.8,23.2,0.4,951.4,133,1.8,5.5,0,0,0,0,0,0,0,335,100,29,97
WAE,2016,11,19,7,7.3,93.2,9.5,6.3,6.27,6.8,23.1,0.3,952.1,153,1,3.2,5,0,5,3,3,3,3,334,100,29,97
WAE,2016,11,19,8,6.3,87.9,8.4,4.4,5.52,5.4,20.2,4.1,954.4,282,5,18.1,28,0,28,18,18,17,17,333,100,29,97
WAE,2016,11,19,9,5.8,85.6,7.9,3.6,5.19,4.8,18.8,0.7,955.4,259,3.6,9.2,50,0,49,31,31,30,30,332,100,29,97
WAE,2016,11,19,10,5.8,82.9,7.6,3.1,4.99,4.6,18.3,0.2,955.7,253,1.8,4.4,36,0,36,23,23,22,22,331,100,29,97
WAE,2016,11,19,11,6.1,82,7.7,3.3,5.05,4.8,18.8,0,955.6,304,0.9,3.5,81,12,77,49,48,59,50,331,100,29,97
WAE,2016,11,19,12,6.4,79.7,7.6,3.2,4.98,4.9,18.9,0,956,101,0.6,1.6,23,0,23,15,15,14,14,329,100,29,97
WAE,2016,11,19,13,6.7,76.7,7.5,2.9,4.92,4.9,19.1,0,956.1,281,0.9,3,13,0,13,8,8,8,8,327,100,29,97
WAE,2016,11,19,14,6.8,76,7.5,2.9,4.92,5,19.2,0,956.1,280,1.6,8.8,28,10,26,19,19,26,27,321,79,29,97
WAE,2016,11,19,15,5.9,71.9,6.6,1.2,4.32,3.8,16.8,0,956.4,247,3,7.6,8,0,8,7,7,7,7,296,29,29,97
WAE,2016,11,19,16,4.7,75.5,6.5,0.7,4.26,3,15.4,0,956.5,232,3,5.6,0,0,0,0,0,0,0,295,63,29,97
WAE,2016,11,19,17,3.8,82,6.6,1,4.32,2.6,14.6,0,956.4,162,2.3,4.4,0,0,0,0,0,0,0,311,100,29,97
WAE,2016,11,19,18,3.7,90.5,7.2,2.3,4.72,3.1,15.5,0,955.7,127,1.6,3.8,0,0,0,0,0,0,0,308,94,29,97
WAE,2016,11,19,19,3.2,89.3,6.9,1.6,4.53,2.5,14.5,0,955.2,153,1.2,2.9,0,0,0,0,0,0,0,309,100,29,97
WAE,2016,11,19,20,3.2,83.5,6.4,0.7,4.2,2.1,13.7,0,954.5,152,1.9,3.6,0,0,0,0,0,0,0,310,100,29,97
WAE,2016,11,19,21,2.9,84.1,6.3,0.5,4.13,1.9,13.3,0,954,164,1.8,3.4,0,0,0,0,0,0,0,310,100,29,97
WAE,2016,11,19,22,2.5,87,6.4,0.6,4.2,1.7,13,0,953.9,153,0.7,2.9,0,0,0,0,0,0,0,308,94,29,97
WAE,2016,11,19,23,2.3,87.7,6.3,0.5,4.14,1.6,12.7,0,953.4,184,1.5,5.1,0,0,0,0,0,0,0,302,88,29,97
WAE,2016,11,20,0,2.1,86.5,6.1,0.1,4.01,1.3,12.1,0,952.6,156,1.3,3.3,0,0,0,0,0,0,0,305,88,27,97
WAE,2016,11,20,1,2.3,89.9,6.5,0.8,4.28,1.7,13,0,951.9,249,1,2.4,0,0,0,0,0,0,0,312,100,27,97
WAE,2016,11,20,2,2.5,89.1,6.5,0.9,4.28,1.8,13.2,0,951.4,247,2,4.9,0,0,0,0,0,0,0,307,88,27,97
WAE,2016,11,20,3,2.1,88.5,6.3,0.4,4.15,1.4,12.5,0,950,194,1.6,3.4,0,0,0,0,0,0,0,312,100,27,97
WAE,2016,11,20,4,2.3,86.6,6.3,0.3,4.15,1.5,12.7,0,950.5,246,1.5,4.5,0,0,0,0,0,0,0,313,100,27,97
WAE,2016,11,20,5,2.6,86.8,6.4,0.6,4.21,1.8,13.2,0,951.2,288,1.3,3.8,0,0,0,0,0,0,0,313,100,27,97
WAE,2016,11,20,6,1.9,91.2,6.4,0.6,4.21,1.4,12.4,0,950.9,167,1.8,3.6,4,0,4,2,2,2,2,314,100,27,97
WAE,2016,11,20,7,2.1,92.8,6.6,1.1,4.35,1.7,13,0,950.6,159,1.5,3.8,68,119,51,32,126,114,31,319,94,27,97
WAE,2016,11,20,8,2.9,88.1,6.6,1.1,4.35,2.1,13.8,0,951.2,286,0.8,1.6,162,211,110,68,213,243,66,323,100,27,97
WAE,2016,11,20,9,4.2,85.9,7.1,2.1,4.67,3.3,15.9,0,951.8,27,0.8,2.3,259,381,129,81,256,447,80,311,81,27,97
WAE,2016,11,20,10,6,79.4,7.4,2.7,4.87,4.5,18.3,0,951.6,72,0.6,1.9,371,714,97,74,230,778,76,285,54,27,97
WAE,2016,11,20,11,8,62.9,6.7,1.4,4.41,5,19.1,0,951.2,233,0.9,2.4,392,749,101,77,90,822,190,284,50,27,97
WAE,2016,11,20,12,8.4,67.8,7.5,2.8,4.94,5.8,20.9,0,951.1,63,0.7,1.8,341,724,89,68,68,750,362,296,50,27,97
WAE,2016,11,20,13,8.7,59.9,6.8,1.4,4.48,5.4,20,0,950.9,79,0.6,1.8,245,602,84,57,57,569,429,285,45,27,97
WAE,2016,11,20,14,8.5,63.5,7.1,2,4.68,5.5,20.3,0,951,108,0.5,1.5,99,219,58,36,36,201,199,325,81,27,97
WAE,2016,11,20,15,7.8,69.7,7.4,2.6,4.88,5.4,20.1,0,950.6,146,0.8,2,7,0,7,5,5,4,5,312,69,27,97
WAE,2016,11,20,16,6.4,72.4,6.9,1.8,4.54,4.3,17.8,0,951.5,207,1.2,5.2,0,0,0,0,0,0,0,275,34,27,97
WAE,2016,11,20,17,5.8,72.2,6.7,1.2,4.41,3.8,16.9,0,951.3,204,1.4,3.7,0,0,0,0,0,0,0,277,31,27,97
WAE,2016,11,20,18,6.9,66.8,6.6,1.2,4.35,4.4,17.9,0,950.8,138,1.6,4.4,0,0,0,0,0,0,0,277,33,27,97
WAE,2016,11,20,19,5.4,75.4,6.8,1.4,4.48,3.6,16.7,0,950.4,259,1.1,2.8,0,0,0,0,0,0,0,273,33,27,97
WAE,2016,11,20,20,5.1,75.3,6.6,1.1,4.35,3.4,16,0,950.2,281,0.9,2.3,0,0,0,0,0,0,0,311,69,27,97
WAE,2016,11,20,21,6.1,68.1,6.4,0.7,4.22,3.7,16.7,0,950.1,180,1.4,5.1,0,0,0,0,0,0,0,323,81,27,97
WAE,2016,11,20,22,5.4,74.8,6.7,1.3,4.42,3.6,16.5,0,949.8,117,1,3.7,0,0,0,0,0,0,0,316,79,27,97
WAE,2016,11,20,23,6.4,69.1,6.6,1.2,4.35,4.1,17.4,0,949.5,264,1.9,6.1,0,0,0,0,0,0,0,318,84,27,97
WAE,2016,11,21,0,5.5,76.7,6.9,1.7,4.56,3.8,17,0,949.1,162,1.6,4,0,0,0,0,0,0,0,311,94,27,97
WAE,2016,11,21,1,5.5,78,7,2,4.62,3.9,17.1,0,949.2,360,1.1,3.7,0,0,0,0,0,0,0,317,88,27,97
WAE,2016,11,21,2,5,81.9,7.2,2.2,4.76,3.7,16.9,0,948.7,153,0.8,2.6,0,0,0,0,0,0,0,329,100,27,97
WAE,2016,11,21,3,5.4,81.5,7.3,2.5,4.83,4.1,17.5,0,947.7,135,0.9,2.2,0,0,0,0,0,0,0,329,100,27,97
WAE,2016,11,21,4,5.4,83.3,7.5,2.8,4.96,4.2,17.9,0,947.1,198,1.2,3.8,0,0,0,0,0,0,0,322,94,27,97
WAE,2016,11,21,5,5.9,80,7.4,2.7,4.9,4.4,18.2,0,946.6,276,1,3.2,0,0,0,0,0,0,0,327,94,27,97
WAE,2016,11,21,6,7.1,76.6,7.7,3.3,5.1,5.3,20,0,946.1,180,1,3.4,0,0,0,0,0,0,0,332,100,27,97
WAE,2016,11,21,7,8.9,67,7.6,3.1,5.04,6.1,21.6,0,946.2,333,1.3,3.8,47,109,36,22,112,92,22,335,94,27,97
WAE,2016,11,21,8,9.4,67.6,7.9,3.7,5.24,6.6,22.6,0,946.1,97,1.5,5.3,111,151,70,43,140,174,42,338,100,27,97
WAE,2016,11,21,9,12.5,55.1,7.7,3.7,5.11,8.1,25.4,0,945.7,99,2.6,11.5,54,5,53,33,35,35,31,341,100,27,97
WAE,2016,11,21,10,17.9,34.6,6.9,2.1,4.57,9.9,29.6,0,945.3,155,7,17.8,20,0,20,12,12,12,12,344,100,27,97
WAE,2016,11,21,11,19.8,27.5,6.4,0.5,4.24,10.2,30.7,0,945.1,179,10,22.4,21,0,21,13,13,12,13,347,100,27,97
WAE,2016,11,21,12,20.2,26.8,6.3,0.5,4.17,10.3,30.9,0,945.5,189,10.1,20.9,24,0,24,15,15,14,14,349,100,27,97
WAE,2016,11,21,13,20.3,26.9,6.4,0.7,4.24,10.5,31.2,0,945.9,181,7.9,15.7,12,0,12,8,8,7,7,348,100,27,97
WAE,2016,11,21,14,20.2,26.3,6.2,0.3,4.1,10.3,30.7,0,946,178,11.3,25.9,6,0,6,4,4,4,4,347,100,27,97
WAE,2016,11,21,15,20,25.5,5.9,-0.3,3.9,10,30,0,946.6,173,11,21.3,1,0,1,0,0,0,0,346,100,27,97
WAE,2016,11,21,16,19.4,26.2,5.9,-0.5,3.9,9.7,29.4,0,946.7,188,7.2,18.6,0,0,0,0,0,0,0,346,100,27,97
WAE,2016,11,21,17,19.9,24.5,5.7,-1,3.77,9.7,29.6,0,946.6,177,10.2,24.9,0,0,0,0,0,0,0,345,100,27,97
WAE,2016,11,21,18,19.9,24.5,5.7,-1,3.77,9.7,29.6,0,946.6,165,7.9,19.9,0,0,0,0,0,0,0,344,100,27,97
WAE,2016,11,21,19,19.8,25.1,5.8,-0.7,3.83,9.8,29.6,0,947,142,5.5,19,0,0,0,0,0,0,0,345,100,27,97
WAE,2016,11,21,20,19,27.5,6,-0.2,3.97,9.6,29.2,0,947,150,4.3,13.1,0,0,0,0,0,0,0,345,100,27,97
WAE,2016,11,21,21,18.9,28.2,6.1,0.1,4.03,9.7,29.2,0,947.2,143,4.6,17.2,0,0,0,0,0,0,0,345,100,27,97
WAE,2016,11,21,22,18.1,31,6.4,0.7,4.23,9.5,28.9,0,948.1,146,3.8,14.3,0,0,0,0,0,0,0,345,100,27,97
WAE,2016,11,21,23,19.3,26.7,6,-0.3,3.96,9.7,29.4,0,948.9,164,6.4,20,0,0,0,0,0,0,0,346,100,27,97
WAE,2016,11,22,0,18.2,30.1,6.3,0.4,4.16,9.5,28.8,0,949.4,191,4.5,13.1,0,0,0,0,0,0,0,345,100,26,97
WAE,2016,11,22,1,18.2,29.7,6.2,0.2,4.09,9.4,28.7,0,949.8,180,4.7,11.6,0,0,0,0,0,0,0,344,94,26,97
WAE,2016,11,22,2,12.5,51.5,7.3,2.8,4.81,7.8,24.7,0,951.3,279,6,12.4,0,0,0,0,0,0,0,333,78,26,97
WAE,2016,11,22,3,9.8,68.8,8.3,4.3,5.47,7.1,23.6,0,952.2,275,3.5,7.3,0,0,0,0,0,0,0,330,81,26,97
WAE,2016,11,22,4,8.5,76.7,8.5,4.6,5.6,6.6,22.6,0,952.7,270,2,3.9,0,0,0,0,0,0,0,323,59,26,97
WAE,2016,11,22,5,7.9,81.9,8.7,5,5.73,6.5,22.3,0,953.4,261,1,2.6,0,0,0,0,0,0,0,313,54,26,97
WAE,2016,11,22,6,8.1,83.3,9,5.4,5.92,6.8,23,0,954,286,1.9,3.9,0,0,0,0,0,0,0,336,94,26,97
WAE,2016,11,22,7,7.9,85.4,9.1,5.6,5.99,6.8,23,0,954.6,259,1.7,3.4,74,247,45,28,224,191,27,331,81,26,97
WAE,2016,11,22,8,8.3,84.2,9.2,5.8,6.05,7,23.6,0,954.8,283,1,3,204,526,79,50,398,484,50,345,81,26,97
WAE,2016,11,22,9,8.5,86.5,9.6,6.4,6.31,7.4,24.4,0,955.2,288,0.3,1,206,221,136,83,200,289,81,348,100,26,97
WAE,2016,11,22,10,8.8,87.7,9.9,6.9,6.51,7.8,25.2,0,955.1,360,0.4,1.8,166,42,150,93,104,132,89,351,100,26,97
WAE,2016,11,22,11,9.3,82.3,9.7,6.4,6.38,7.8,25.4,0,954.8,351,0.8,2.9,199,83,168,102,102,185,122,353,100,26,97
WAE,2016,11,22,12,9.9,80.2,9.7,6.7,6.39,8.2,26,0,954.3,72,0.6,1.9,199,117,158,96,96,211,145,355,100,26,97
WAE,2016,11,22,13,10.1,78.7,9.7,6.6,6.39,8.3,26.2,0,954.1,45,0.6,1.5,130,69,111,68,67,128,107,354,100,26,97
WAE,2016,11,22,14,10.3,78.4,9.8,6.7,6.45,8.4,26.6,0,954.5,180,0.7,2.1,27,0,27,17,16,16,16,353,100,26,97
WAE,2016,11,22,15,9.9,80.8,9.8,6.8,6.45,8.3,26.2,0,954.7,209,1.1,2.6,1,0,1,0,0,0,0,352,100,26,97
WAE,2016,11,22,16,9.5,83.5,9.9,6.8,6.51,8.1,25.9,0,955.3,257,1,2.3,0,0,0,0,0,0,0,351,100,26,97
WAE,2016,11,22,17,9.1,84.6,9.8,6.6,6.44,7.8,25.4,0,955.8,284,0.5,1.3,0,0,0,0,0,0,0,350,100,26,97
WAE,2016,11,22,18,9.3,84.1,9.8,6.8,6.44,8,25.6,0,956.1,180,0.8,2.1,0,0,0,0,0,0,0,349,100,26,97
WAE,2016,11,22,19,8.7,87.5,9.9,6.7,6.5,7.7,25.1,0,956.7,288,0.8,2.7,0,0,0,0,0,0,0,348,100,26,97
WAE,2016,11,22,20,9,85,9.8,6.6,6.44,7.8,25.2,0,956.9,292,0.7,2.2,0,0,0,0,0,0,0,347,100,26,97
WAE,2016,11,22,21,8.7,86.3,9.7,6.5,6.37,7.6,24.8,0,957.1,239,0.9,2.6,0,0,0,0,0,0,0,346,100,26,97
WAE,2016,11,22,22,8.5,86.3,9.5,6.3,6.24,7.4,24.2,0,957.1,274,1.6,4.8,0,0,0,0,0,0,0,344,100,26,97
WAE,2016,11,22,23,7.8,88.8,9.4,6.1,6.17,6.9,23.3,0,957.1,284,1.3,2.6,0,0,0,0,0,0,0,343,100,26,97
WAE,2016,11,23,0,8.2,87.9,9.5,6.3,6.24,7.2,23.9,0,957.2,286,1,2.8,0,0,0,0,0,0,0,343,100,26,97
WAE,2016,11,23,1,8.3,87.1,9.5,6.3,6.23,7.3,24,0,957.5,291,1,3.4,0,0,0,0,0,0,0,343,100,26,97
WAE,2016,11,23,2,8,87.9,9.4,6.1,6.17,7,23.5,0,957.3,180,0.5,1.7,0,0,0,0,0,0,0,343,100,26,97
WAE,2016,11,23,3,8,87.1,9.4,6,6.17,7,23.5,0,957.4,270,0.7,2,0,0,0,0,0,0,0,343,100,26,97
WAE,2016,11,23,4,7.9,88,9.4,6,6.17,6.9,23.4,0,957.4,284,0.6,1.6,0,0,0,0,0,0,0,343,100,26,97
WAE,2016,11,23,5,8.3,85.3,9.4,6,6.17,7.1,23.8,0,957.6,135,0.6,1.3,0,0,0,0,0,0,0,343,100,26,97
WAE,2016,11,23,6,8.3,85.5,9.3,6,6.1,7.1,23.7,0,958.1,225,0.7,2.3,0,0,0,0,0,0,0,344,100,26,97
WAE,2016,11,23,7,8.3,84.7,9.3,5.9,6.09,7.1,23.7,0,958.7,252,0.6,2.1,4,0,4,3,3,2,2,346,100,26,97
WAE,2016,11,23,8,9,83,9.5,6.3,6.23,7.6,24.7,0,958.7,259,0.5,1.5,15,0,15,9,9,9,9,348,100,26,97
WAE,2016,11,23,9,9.4,82.5,9.7,6.6,6.36,8,25.4,0,958.8,333,0.4,1.2,106,3,105,65,66,65,63,350,100,26,97
WAE,2016,11,23,10,10,81.2,10,6.9,6.56,8.4,26.6,0,958.4,333,0.7,2,153,66,128,79,93,145,76,352,100,26,97
WAE,2016,11,23,11,10.7,78.1,10.1,7,6.63,8.8,27.5,0,957.9,360,0.5,1.7,111,6,109,68,68,70,65,354,100,26,97
WAE,2016,11,23,12,11.4,74.4,10,7,6.56,9.1,28,0,957.7,319,1,2.7,100,4,99,61,61,62,60,355,100,26,97
WAE,2016,11,23,13,11.8,73.5,10.1,7.2,6.63,9.4,28.6,0,957.6,321,0.7,2.2,30,0,30,19,18,18,18,354,100,26,97
WAE,2016,11,23,14,11.5,75.5,10.2,7.3,6.7,9.3,28.4,0,957.7,297,0.4,1.5,11,0,11,7,7,6,6,353,100,26,97
WAE,2016,11,23,15,11,76.4,10,7,6.56,8.9,27.6,0,957.6,291,0.9,2.1,0,0,0,0,0,0,0,352,100,26,97
WAE,2016,11,23,16,10.5,76.9,9.8,6.6,6.43,8.5,26.8,0,957.8,270,1.3,2.4,0,0,0,0,0,0,0,350,100,26,97
WAE,2016,11,23,17,10.2,77.5,9.7,6.4,6.36,8.2,26.3,0,957.8,291,1.4,2.5,0,0,0,0,0,0,0,349,100,26,97
WAE,2016,11,23,18,9.9,78.9,9.7,6.4,6.36,8.1,26,0,957.7,283,1.4,2.9,0,0,0,0,0,0,0,348,100,26,97
WAE,2016,11,23,19,9.6,79.1,9.5,6.2,6.23,7.9,25.3,0,957.5,288,1,2.7,0,0,0,0,0,0,0,338,88,26,97
WAE,2016,11,23,20,8.6,83,9.3,5.9,6.1,7.2,24,0,957.5,291,0.9,2.2,0,0,0,0,0,0,0,314,56,26,97
WAE,2016,11,23,21,8.2,84.5,9.2,5.7,6.04,6.9,23.4,0,957.1,292,1.2,3.3,0,0,0,0,0,0,0,304,41,26,97
WAE,2016,11,23,22,8,84.8,9.1,5.6,5.97,6.8,23.1,0,957.1,261,1.3,4.8,0,0,0,0,0,0,0,303,71,26,97
WAE,2016,11,23,23,7.3,86.7,8.9,5.2,5.84,6.3,22,0,957,261,0.8,2.6,0,0,0,0,0,0,0,304,44,26,97
WAE,2016,11,24,0,6.7,88.1,8.6,4.9,5.64,5.8,20.9,0,956.7,243,0.5,1.8,0,0,0,0,0,0,0,328,73,26,97
WAE,2016,11,24,1,6.6,87.4,8.5,4.7,5.58,5.7,20.6,0,956.7,301,0.6,2.1,0,0,0,0,0,0,0,335,94,26,97
WAE,2016,11,24,2,6.6,86,8.4,4.4,5.51,5.5,20.5,0,956.2,214,0.7,1.5,0,0,0,0,0,0,0,338,100,26,97
WAE,2016,11,24,3,6.5,83.3,8.1,3.9,5.32,5.3,19.9,0,955.6,149,0.7,1.9,0,0,0,0,0,0,0,338,100,26,97
WAE,2016,11,24,4,6.9,84.6,8.4,4.5,5.52,5.7,20.8,0,955.6,259,1,2.4,0,0,0,0,0,0,0,338,100,26,97
WAE,2016,11,24,5,6.9,84.6,8.4,4.5,5.52,5.7,20.8,0,955.5,117,0.6,1.6,0,0,0,0,0,0,0,337,100,26,97
WAE,2016,11,24,6,6.9,84.3,8.4,4.4,5.52,5.7,20.8,0,955.7,146,0.8,2.2,0,0,0,0,0,0,0,338,94,26,97
WAE,2016,11,24,7,6.5,85.4,8.3,4.2,5.45,5.4,20.2,0,956.2,124,0.5,1.8,27,6,26,16,21,19,16,339,100,26,97
WAE,2016,11,24,8,7.4,82.4,8.5,4.6,5.58,6,21.5,0,956.4,214,0.9,3,40,0,40,25,25,23,24,341,100,26,97
WAE,2016,11,24,9,8.1,82.2,8.9,5.3,5.84,6.7,22.8,0,956.6,225,0.7,1.9,47,0,47,29,29,28,28,343,100,26,97
WAE,2016,11,24,10,8.9,82.1,9.4,6,6.17,7.4,24.5,0,956.3,117,0.7,1.6,40,0,40,25,25,24,24,344,100,26,97
WAE,2016,11,24,11,9.2,80.3,9.3,6,6.11,7.6,24.6,0,956.1,326,0.5,2.1,47,0,47,29,29,28,28,346,100,26,97
WAE,2016,11,24,12,9.6,74.7,8.9,5.3,5.84,7.4,24.4,0,956.1,307,1.6,4.2,52,2,51,32,32,32,31,346,100,26,97
WAE,2016,11,24,13,9.3,72.8,8.5,4.7,5.58,7,23.4,0,956,305,1.6,3.2,12,0,12,8,8,7,7,345,100,26,97
WAE,2016,11,24,14,8.7,77.4,8.7,5,5.71,6.9,23.1,0,956,278,1.5,2.8,6,0,6,4,4,3,3,344,100,26,97
WAE,2016,11,24,15,7.9,81,8.6,4.8,5.64,6.4,22.1,0,956.4,256,2.1,4.1,1,0,1,1,1,1,1,343,100,26,97
WAE,2016,11,24,16,7.6,81.3,8.5,4.6,5.58,6.1,21.7,0,956.4,251,2.1,3.8,0,0,0,0,0,0,0,342,100,26,97
WAE,2016,11,24,17,7.5,83.1,8.6,4.8,5.64,6.2,21.7,0,956.6,287,2.1,4.6,0,0,0,0,0,0,0,340,100,26,97
WAE,2016,11,24,18,7.1,85.2,8.6,4.8,5.64,6,21.3,0,956.7,283,1.9,3.5,0,0,0,0,0,0,0,339,100,26,97
WAE,2016,11,24,19,6.5,87.2,8.4,4.5,5.51,5.5,20.4,0,956.8,286,2.2,3.9,0,0,0,0,0,0,0,339,100,26,97
WAE,2016,11,24,20,6.1,88.4,8.4,4.3,5.51,5.2,20,0,956.4,288,1.6,3.2,0,0,0,0,0,0,0,338,100,26,97
WAE,2016,11,24,21,5.9,89.8,8.4,4.4,5.51,5.2,19.8,0,956.2,277,0.8,2.5,0,0,0,0,0,0,0,330,88,26,97
WAE,2016,11,24,22,5.9,89.3,8.3,4.3,5.45,5.1,19.6,0,955.8,18,0.7,1.9,0,0,0,0,0,0,0,326,88,26,97
WAE,2016,11,24,23,5.4,90.5,8.1,4,5.32,4.7,18.8,0,955.5,315,0.4,1.4,0,0,0,0,0,0,0,337,100,26,97
WAE,2016,11,25,0,5.5,90.4,8.2,4.1,5.39,4.8,19,0,955.2,13,1.2,3.6,0,0,0,0,0,0,0,337,88,26,97
WAE,2016,11,25,1,5.1,90.4,8,3.7,5.26,4.4,18.3,0,954.7,36,1.5,3,0,0,0,0,0,0,0,333,88,26,97
WAE,2016,11,25,2,5,90.7,7.9,3.6,5.19,4.4,18,0,954.4,56,1.6,3.4,0,0,0,0,0,0,0,336,100,26,97
WAE,2016,11,25,3,5.1,90.2,7.9,3.6,5.19,4.4,18.1,0,954,39,1.5,3.4,0,0,0,0,0,0,0,336,100,26,97
WAE,2016,11,25,4,5,88.8,7.8,3.3,5.13,4.2,17.9,0,953.7,47,2.5,4.6,0,0,0,0,0,0,0,328,94,26,97
WAE,2016,11,25,5,4.7,88.9,7.6,3,5,3.9,17.2,0,953.7,34,1.5,4.5,0,0,0,0,0,0,0,335,100,26,97
WAE,2016,11,25,6,4.5,89.6,7.6,2.9,5,3.8,17,0,953.7,35,1.3,3,0,0,0,0,0,0,0,335,100,26,97
WAE,2016,11,25,7,4.6,89.1,7.6,3,4.99,3.9,17.1,0,954.3,67,1,3.3,15,1,14,9,10,9,9,336,100,26,97
WAE,2016,11,25,8,5.3,87.8,7.8,3.4,5.12,4.4,18.2,0,955,141,0.7,1.7,50,8,48,30,35,35,29,337,100,26,97
WAE,2016,11,25,9,6.1,84.8,8,3.7,5.25,5,19.3,0,955.7,135,0.8,1.8,15,0,15,9,9,9,9,338,100,26,97
WAE,2016,11,25,10,6.6,83,8.1,3.9,5.31,5.3,20,0,956.4,286,1.5,5,17,0,17,11,11,10,10,339,100,26,97
WAE,2016,11,25,11,6.8,82.1,8.1,4,5.31,5.5,20.2,0,957.4,298,3.3,5.8,18,0,18,11,11,10,11,340,100,26,97
WAE,2016,11,25,12,6.7,81.9,8,3.8,5.24,5.3,19.9,0,958.4,289,2.5,5.2,23,0,23,14,14,13,13,340,100,26,97
WAE,2016,11,25,13,6.7,83,8.2,4,5.37,5.4,20.2,0,958.8,279,1.5,3.3,11,0,11,7,7,7,7,340,100,26,97
WAE,2016,11,25,14,6.6,83.8,8.2,4.1,5.36,5.4,20.1,0,959.3,261,1.2,2.9,6,0,6,3,3,3,3,340,100,26,97
WAE,2016,11,25,15,6.5,86.8,8.4,4.5,5.49,5.5,20.3,0,959.4,277,1,2.4,0,0,0,0,0,0,0,339,100,26,97
WAE,2016,11,25,16,6.4,88.6,8.6,4.7,5.62,5.6,20.6,0.2,959.6,180,0.3,0.7,0,0,0,0,0,0,0,339,100,26,97
WAE,2016,11,25,17,6.1,93,8.7,5.1,5.69,5.6,20.4,0,959.7,180,0.3,0.9,0,0,0,0,0,0,0,339,100,26,97
WAE,2016,11,25,18,6.4,90.9,8.7,5,5.69,5.7,20.7,0,959.8,360,0.4,1.4,0,0,0,0,0,0,0,338,100,26,97
WAE,2016,11,25,19,6.3,89.3,8.5,4.7,5.56,5.5,20.3,0,959.7,8,0.8,2.2,0,0,0,0,0,0,0,335,100,26,97
WAE,2016,11,25,20,6.4,89.5,8.6,4.8,5.62,5.6,20.5,0,959.9,293,0.8,2,0,0,0,0,0,0,0,331,84,26,97
WAE,2016,11,25,21,6.4,87.6,8.4,4.5,5.49,5.5,20.2,0,960.2,256,0.9,2.1,0,0,0,0,0,0,0,325,80,26,97
WAE,2016,11,25,22,6.4,88.5,8.5,4.6,5.56,5.5,20.4,0,960.2,225,0.6,1.4,0,0,0,0,0,0,0,331,100,26,97
WAE,2016,11,25,23,6.4,89.3,8.6,4.8,5.62,5.6,20.5,0,960.2,135,0.6,1.8,0,0,0,0,0,0,0,288,50,26,97
WAE,2016,11,26,0,6.3,90.8,8.7,4.9,5.69,5.6,20.6,0,960.1,126,0.9,1.8,0,0,0,0,0,0,0,321,0,26,97
WAE,2016,11,26,1,6.3,89.6,8.6,4.7,5.62,5.5,20.4,0,960.2,124,0.4,1.3,0,0,0,0,0,0,0,323,23,26,97
WAE,2016,11,26,2,6.2,90.7,8.6,4.8,5.62,5.5,20.3,0,960.1,243,0.3,0.7,0,0,0,0,0,0,0,332,64,26,97
WAE,2016,11,26,3,6.2,90.1,8.5,4.7,5.56,5.5,20.2,0,959.8,90,0.2,1.4,0,0,0,0,0,0,0,336,68,26,97
WAE,2016,11,26,4,6.2,91.1,8.7,4.9,5.69,5.6,20.5,0,959.9,360,0.3,1.1,0,0,0,0,0,0,0,319,46,26,97
WAE,2016,11,26,5,6.2,90.8,8.6,4.8,5.62,5.5,20.3,0,960.1,286,0.8,1.7,0,0,0,0,0,0,0,325,41,26,97
WAE,2016,11,26,6,6.2,89.4,8.5,4.6,5.56,5.4,20.2,0,959.9,275,1.2,2.2,0,0,0,0,0,0,0,323,44,26,97
WAE,2016,11,26,7,6.1,90.4,8.5,4.6,5.56,5.4,20.1,0,960.2,229,1.1,1.9,65,219,38,24,195,174,23,313,50,26,97
WAE,2016,11,26,8,6.2,90,8.5,4.7,5.56,5.5,20.2,0,960.1,229,1.1,1.7,69,147,43,27,131,138,27,331,84,26,97
WAE,2016,11,26,9,6.5,88.8,8.6,4.8,5.62,5.7,20.6,0,959.9,90,0.4,1.7,90,24,83,51,64,71,49,329,88,26,97
WAE,2016,11,26,10,6.9,87.9,8.8,5,5.76,6,21.4,0,959.9,51,0.9,1.9,65,4,63,39,40,41,38,312,56,26,97
WAE,2016,11,26,11,6.8,88.4,8.7,5,5.69,5.9,21.1,0,959.8,32,1,2.1,113,17,106,66,65,80,67,337,100,26,97
WAE,2016,11,26,12,6.8,87.5,8.7,4.9,5.69,5.9,21.1,0,959.9,329,0.8,1.9,55,0,55,34,34,33,33,337,100,26,97
WAE,2016,11,26,13,7.1,86.8,8.8,5.1,5.76,6.1,21.6,0,959.8,288,1,2.1,30,0,30,18,18,17,18,340,100,26,97
WAE,2016,11,26,14,7.6,86.3,9,5.5,5.89,6.6,22.4,0,960.1,153,0.6,1.6,6,0,6,3,3,3,3,340,100,26,97
WAE,2016,11,26,15,7.3,88.1,9,5.5,5.89,6.4,22.1,0,960.2,104,0.5,1.2,2,0,2,1,1,1,1,339,100,26,97
WAE,2016,11,26,16,7.3,88.2,9,5.5,5.88,6.4,22.1,0,960.4,149,0.6,1.1,0,0,0,0,0,0,0,339,100,26,97
WAE,2016,11,26,17,7.3,88.8,9.1,5.6,5.95,6.5,22.3,0,960.5,153,0.9,1.6,0,0,0,0,0,0,0,338,100,26,97
WAE,2016,11,26,18,7.2,89.4,9.1,5.6,5.95,6.4,22.2,0,960.7,156,1.1,1.7,0,0,0,0,0,0,0,338,100,26,97
WAE,2016,11,26,19,7,92.9,9.3,5.9,6.08,6.5,22.3,0.6,960.7,153,0.7,1.4,0,0,0,0,0,0,0,337,100,26,97
WAE,2016,11,26,20,6.8,94.6,9.4,6,6.15,6.4,22.3,0.3,960.6,169,0.6,1.1,0,0,0,0,0,0,0,337,100,26,97
WAE,2016,11,26,21,6.8,95.1,9.4,6.1,6.15,6.5,22.3,0.1,960.5,297,0.3,0.8,0,0,0,0,0,0,0,337,100,26,97
WAE,2016,11,26,22,6.9,93.6,9.3,5.9,6.08,6.4,22.2,0.3,960.4,180,0.2,1.3,0,0,0,0,0,0,0,337,100,26,97
WAE,2016,11,26,23,6.8,94.3,9.3,5.9,6.08,6.4,22.1,0.7,960.3,236,0.5,1.6,0,0,0,0,0,0,0,337,100,26,97
WAE,2016,11,27,0,6.8,96,9.5,6.2,6.21,6.5,22.4,0.6,960.3,180,0.3,0.9,0,0,0,0,0,0,0,336,100,26,97
WAE,2016,11,27,1,6.8,94.2,9.3,5.9,6.08,6.4,22.1,0.6,960.3,225,0.6,1.4,0,0,0,0,0,0,0,336,100,26,97
WAE,2016,11,27,2,6.8,94.8,9.4,6,6.15,6.4,22.3,0.8,960.1,233,0.7,2.5,0,0,0,0,0,0,0,335,100,26,97
WAE,2016,11,27,3,6.9,94,9.4,6,6.15,6.5,22.4,0.4,959.6,201,1.9,3.8,0,0,0,0,0,0,0,335,100,26,97
WAE,2016,11,27,4,6.9,96.4,9.6,6.4,6.28,6.6,22.7,0,959.8,315,0.6,1.5,0,0,0,0,0,0,0,334,100,26,97
WAE,2016,11,27,5,6.9,93.1,9.3,5.9,6.09,6.4,22.2,0,959.9,248,1.8,3.8,0,0,0,0,0,0,0,334,100,26,97
WAE,2016,11,27,6,6.6,94.9,9.2,5.8,6.02,6.2,21.7,0,959.9,239,2.6,4.1,0,0,0,0,0,0,0,334,94,26,97
WAE,2016,11,27,7,6.5,94.4,9.2,5.7,6.02,6.1,21.6,0,960.2,256,1.2,4,25,87,18,11,81,67,11,322,58,26,97
WAE,2016,11,27,8,6.9,93.4,9.3,5.9,6.08,6.4,22.2,0,960.4,270,1.2,2.5,90,86,67,41,94,117,40,317,50,26,97
WAE,2016,11,27,9,7,93.9,9.4,6.1,6.15,6.5,22.5,0,960.3,304,0.3,1.3,23,0,23,14,14,13,14,305,90,26,97
WAE,2016,11,27,10,7.3,93.9,9.6,6.4,6.28,6.8,23.1,0,959.8,50,0.9,2.4,20,0,20,12,12,12,12,307,85,26,97
WAE,2016,11,27,11,7.6,87.5,9.1,5.7,5.96,6.7,22.6,0,959.1,315,0.5,1.5,37,0,37,23,23,22,22,336,100,26,97
WAE,2016,11,27,12,7.6,90.8,9.5,6.2,6.22,6.9,23.3,0,958.8,53,1,2.3,74,0,74,46,46,44,44,341,100,26,97
WAE,2016,11,27,13,7.1,92.6,9.4,6,6.16,6.6,22.6,0,958.5,53,0.6,2.5,17,0,17,11,11,10,10,339,100,26,97
WAE,2016,11,27,14,7.3,89.1,9.1,5.6,5.96,6.5,22.3,0,958.6,277,0.9,3.1,9,0,9,6,6,5,5,338,100,26,97
WAE,2016,11,27,15,7.3,87.7,9,5.4,5.9,6.4,22.1,0,958.6,283,1.3,2.5,0,0,0,0,0,0,0,336,100,26,97
WAE,2016,11,27,16,7.4,87.5,9,5.5,5.89,6.5,22.2,0,958.8,283,1.7,3.6,0,0,0,0,0,0,0,306,43,26,97
WAE,2016,11,27,17,7.4,87.7,9,5.5,5.89,6.5,22.2,0,959,327,2,4.2,0,0,0,0,0,0,0,297,43,26,97
WAE,2016,11,27,18,7.1,82.7,8.3,4.4,5.43,5.8,20.8,0,959.4,360,2.6,5.9,0,0,0,0,0,0,0,299,48,26,97
WAE,2016,11,27,19,6.3,84.7,8.1,3.9,5.29,5.2,19.6,0.1,959.7,29,4.3,7.8,0,0,0,0,0,0,0,326,94,26,97
WAE,2016,11,27,20,5.7,85.8,7.9,3.5,5.16,4.7,18.7,0.1,959.7,39,3.7,7,0,0,0,0,0,0,0,329,100,26,97
WAE,2016,11,27,21,5.7,83.5,7.7,3.1,5.03,4.5,18.4,0,959.5,39,4.4,7.6,0,0,0,0,0,0,0,322,81,26,97
WAE,2016,11,27,22,5.7,82.5,7.6,3,4.97,4.5,18.2,0,959.3,35,4.4,8.3,0,0,0,0,0,0,0,301,55,26,97
WAE,2016,11,27,23,5.4,82.6,7.4,2.7,4.84,4.2,17.6,0,959.2,34,6.1,9.9,0,0,0,0,0,0,0,302,68,26,97
WAE,2016,11,28,0,5.1,80.1,7,2,4.57,3.7,16.6,0,959,37,5.9,9,0,0,0,0,0,0,0,316,78,44,97
WAE,2016,11,28,1,5,74,6.5,0.8,4.24,3.2,15.7,0,959.3,37,5.9,9.3,0,0,0,0,0,0,0,312,88,44,97
WAE,2016,11,28,2,4.7,75.8,6.5,0.8,4.24,3,15.4,0,959.3,39,5.8,9.4,0,0,0,0,0,0,0,298,65,44,97
WAE,2016,11,28,3,4.3,76.3,6.4,0.5,4.18,2.7,14.8,0,959.6,39,6.4,10.8,0,0,0,0,0,0,0,298,74,44,97
WAE,2016,11,28,4,4.2,77.5,6.4,0.6,4.17,2.7,14.7,0,960,40,6.2,9.7,0,0,0,0,0,0,0,295,51,44,97
WAE,2016,11,28,5,4,76.9,6.3,0.3,4.11,2.4,14.3,0,960.6,40,5.4,8.3,0,0,0,0,0,0,0,285,46,44,97
WAE,2016,11,28,6,3.4,76.2,5.9,-0.4,3.84,1.8,13,0,960.9,38,6.3,9.4,0,0,0,0,0,0,0,266,13,44,97
WAE,2016,11,28,7,2.5,77.9,5.7,-1,3.71,1.1,11.8,0,961.4,37,5.2,8.5,68,277,38,30,247,220,30,265,40,44,97
WAE,2016,11,28,8,2.8,75.9,5.7,-1,3.71,1.3,12.1,0,961.6,28,4.7,8.4,192,525,77,66,407,502,67,272,45,44,97
WAE,2016,11,28,9,2.8,75.9,5.7,-1,3.71,1.3,12.1,0,962.2,25,4.8,8.6,262,441,130,102,324,522,103,289,65,44,97
WAE,2016,11,28,10,2.8,74.7,5.6,-1.2,3.64,1.2,11.9,0,962.1,27,5.5,9.6,281,296,176,129,219,441,128,295,100,44,97
WAE,2016,11,28,11,2.6,75.3,5.6,-1.3,3.64,1,11.7,0,962.4,33,7.9,12,282,274,183,133,143,425,185,297,100,44,97
WAE,2016,11,28,12,2.7,70.7,5.3,-2.1,3.44,0.8,11.3,0,962.7,44,6.8,10.8,248,258,164,119,119,381,234,296,100,44,97
WAE,2016,11,28,13,3,65.8,5,-2.8,3.25,0.8,11.1,0,962.9,49,5.8,9.2,186,254,122,89,89,318,248,291,100,44,97
WAE,2016,11,28,14,2.8,62.8,4.7,-3.6,3.05,0.4,10.4,0,963.5,50,6.9,10.8,86,141,64,47,47,154,152,285,74,44,97
WAE,2016,11,28,15,2.4,62.5,4.6,-4,2.98,0,9.9,0,964.1,53,7,11.6,4,0,4,3,3,2,3,280,100,44,97
WAE,2016,11,28,16,2,63.6,4.5,-4.2,2.92,-0.3,9.3,0,964.7,53,6.6,10.8,0,0,0,0,0,0,0,274,100,44,97
WAE,2016,11,28,17,1.6,62.3,4.3,-4.8,2.78,-0.7,8.6,0,965.2,46,6.3,10.5,0,0,0,0,0,0,0,269,100,44,97
WAE,2016,11,28,18,1.2,63,4.2,-5.1,2.72,-1,8,0,965.7,46,5.9,9.9,0,0,0,0,0,0,0,261,68,44,97
WAE,2016,11,28,19,0.6,66.2,4.2,-5,2.72,-1.4,7.4,0,965.8,44,5.7,10.3,0,0,0,0,0,0,0,248,23,44,97
WAE,2016,11,28,20,0,68.7,4.2,-5.1,2.72,-1.8,6.8,0,965.9,49,5,8.3,0,0,0,0,0,0,0,244,0,44,97
WAE,2016,11,28,21,-0.5,70.5,4.2,-5.2,2.72,-2.1,6.3,0,966.2,49,5,8.4,0,0,0,0,0,0,0,241,0,44,97
WAE,2016,11,28,22,-0.7,72.7,4.2,-5,2.72,-2.2,6.1,0,966.4,42,6.1,9.9,0,0,0,0,0,0,0,239,0,44,97
WAE,2016,11,28,23,-0.8,73.1,4.2,-5,2.71,-2.2,6,0,966.7,39,5.9,9.6,0,0,0,0,0,0,0,235,0,44,97
WAE,2016,11,29,0,-1.1,74.1,4.2,-5.1,2.71,-2.5,5.6,0,966.9,35,4.8,8.4,0,0,0,0,0,0,0,229,25,45,97
WAE,2016,11,29,1,-1.4,75.3,4.2,-5.2,2.71,-2.7,5.3,0,967.2,27,4.1,7.8,0,0,0,0,0,0,0,231,19,45,97
WAE,2016,11,29,2,-1.3,75.1,4.2,-5.1,2.71,-2.6,5.4,0,967.4,32,3.2,6.2,0,0,0,0,0,0,0,232,20,45,97
WAE,2016,11,29,3,-1.3,73.3,4.1,-5.5,2.65,-2.7,5.3,0,967.9,25,2.9,6.7,0,0,0,0,0,0,0,232,36,45,97
WAE,2016,11,29,4,-1.1,72.4,4.1,-5.4,2.64,-2.6,5.5,0,968.5,6,1.2,4.4,0,0,0,0,0,0,0,231,29,45,97
WAE,2016,11,29,5,-1.1,73,4.1,-5.3,2.64,-2.5,5.5,0,968.9,355,1.4,2.8,0,0,0,0,0,0,0,230,33,45,97
WAE,2016,11,29,6,-1.3,73,4.1,-5.5,2.64,-2.7,5.3,0,969.7,318,1.6,3.9,0,0,0,0,0,0,0,231,33,45,97
WAE,2016,11,29,7,-1.3,73,4.1,-5.5,2.64,-2.7,5.3,0,970.6,17,2.3,4.7,48,73,40,29,86,80,29,240,78,45,97
WAE,2016,11,29,8,-1.3,71.6,4,-5.8,2.57,-2.8,5.1,0,971,17,1.4,3.9,157,248,102,76,241,289,75,250,41,45,97
WAE,2016,11,29,9,-0.7,71.2,4.1,-5.3,2.64,-2.3,5.9,0,971.5,360,1.1,2.9,273,508,120,99,348,585,101,245,48,45,97
WAE,2016,11,29,10,-0.4,70.7,4.2,-5.1,2.7,-2,6.3,0,971.5,339,1.7,3.3,324,530,138,116,266,659,118,255,40,45,97
WAE,2016,11,29,11,-0.3,70.4,4.2,-5,2.7,-1.9,6.4,0,971.7,32,1.4,3.6,302,368,170,129,143,520,195,261,50,45,97
WAE,2016,11,29,12,0,69,4.2,-5,2.7,-1.7,6.7,0,971.9,14,0.6,2.2,275,394,147,113,113,511,284,264,36,45,97
WAE,2016,11,29,13,0.4,68.5,4.3,-4.7,2.76,-1.4,7.3,0,971.8,0,0.7,2.7,225,548,91,78,78,558,411,259,33,45,97
WAE,2016,11,29,14,0.3,70.2,4.4,-4.5,2.83,-1.4,7.4,0,972.1,106,1,3.6,87,192,58,46,46,192,190,250,36,45,97
WAE,2016,11,29,15,-0.1,73.4,4.5,-4.3,2.89,-1.6,7.1,0,972.3,175,1.2,2.4,4,0,4,4,4,4,4,243,33,45,97
WAE,2016,11,29,16,-0.5,77,4.5,-4,2.89,-1.7,6.7,0,972.6,186,1.9,2.8,0,0,0,0,0,0,0,241,29,45,97
WAE,2016,11,29,17,-0.2,76.3,4.6,-3.9,2.95,-1.5,7.2,0,973.1,177,1.9,3,0,0,0,0,0,0,0,239,13,45,97
WAE,2016,11,29,18,-0.2,77.9,4.7,-3.6,3.02,-1.4,7.3,0,973.3,243,0.6,1.4,0,0,0,0,0,0,0,234,33,45,97
WAE,2016,11,29,19,-0.5,80.2,4.7,-3.5,3.02,-1.6,7,0,973.4,225,0.7,1.3,0,0,0,0,0,0,0,230,0,45,97
WAE,2016,11,29,20,0.1,78.4,4.8,-3.2,3.08,-1.1,7.8,0,973.6,261,0.7,1.5,0,0,0,0,0,0,0,229,0,45,97
WAE,2016,11,29,21,0,80.1,4.9,-3,3.15,-1.1,7.8,0,973.9,297,0.9,1.8,0,0,0,0,0,0,0,229,0,45,97
WAE,2016,11,29,22,-0.1,78.8,4.8,-3.3,3.08,-1.3,7.6,0,974.1,311,1,2.5,0,0,0,0,0,0,0,228,0,45,97
WAE,2016,11,29,23,-0.2,80.3,4.8,-3.2,3.08,-1.3,7.5,0,974.4,285,1.5,2.8,0,0,0,0,0,0,0,227,0,45,97
WAE,2016,11,30,0,-0.4,82,4.9,-3.1,3.14,-1.4,7.4,0,974.6,241,1.4,3.4,0,0,0,0,0,0,0,227,20,30,97
WAE,2016,11,30,1,-0.4,83.1,4.9,-2.9,3.14,-1.3,7.4,0,975,175,1.1,2.2,0,0,0,0,0,0,0,227,0,30,97
WAE,2016,11,30,2,-0.5,84.7,5,-2.8,3.21,-1.3,7.5,0,975,168,1.5,2.5,0,0,0,0,0,0,0,228,0,30,97
WAE,2016,11,30,3,-1.4,87.2,4.8,-3.2,3.08,-2,6.3,0,974.9,201,1.4,2.8,0,0,0,0,0,0,0,228,0,30,97
WAE,2016,11,30,4,-1.7,87.6,4.7,-3.5,3.01,-2.3,5.8,0,975,207,1.2,1.9,0,0,0,0,0,0,0,228,0,30,97
WAE,2016,11,30,5,-1.9,87.7,4.7,-3.7,3.01,-2.5,5.6,0,975.3,191,1,2.1,0,0,0,0,0,0,0,229,0,30,97
WAE,2016,11,30,6,-2,88,4.6,-3.7,2.95,-2.6,5.3,0,975.6,228,1.3,2.7,0,0,0,0,0,0,0,231,0,30,97
WAE,2016,11,30,7,-1.9,87.9,4.7,-3.6,3.01,-2.5,5.6,0,976.6,239,1.7,2.5,67,310,31,21,258,237,21,238,0,30,97
WAE,2016,11,30,8,-0.6,85.1,5,-2.8,3.2,-1.4,7.4,0,976.8,215,1.4,3.1,201,674,56,44,473,597,45,239,0,30,97
WAE,2016,11,30,9,0.9,83.7,5.5,-1.5,3.52,0,9.7,0,976.5,119,1.4,3.4,297,747,73,60,397,752,62,243,0,30,97
WAE,2016,11,30,10,1.6,84.2,5.8,-0.8,3.72,0.6,10.9,0,976.1,101,1.1,2.8,361,800,81,70,249,860,72,248,0,30,97
WAE,2016,11,30,11,2.4,81.8,6,-0.4,3.85,1.3,12,0,975.3,53,0.6,1.6,381,864,73,70,84,925,180,252,0,30,97
WAE,2016,11,30,12,3.3,76.8,5.9,-0.4,3.79,1.8,12.8,0,975,63,0.6,1.8,316,709,85,68,68,749,329,266,28,30,97
WAE,2016,11,30,13,3.9,75,6,-0.1,3.85,2.2,13.6,0,974.7,18,0.5,1.6,241,659,79,55,56,630,448,272,39,30,97
WAE,2016,11,30,14,3.9,75.9,6.1,0,3.92,2.3,13.7,0,974.9,90,0.4,1,88,308,37,30,30,266,248,258,25,30,97
WAE,2016,11,30,15,3.4,78.3,6.1,0,3.92,2,13.2,0,974.4,174,1.3,3.1,4,0,4,3,3,3,3,254,19,30,97
WAE,2016,11,30,16,2.7,81.1,6,-0.2,3.87,1.6,12.4,0,974.5,185,1.6,4.2,0,0,0,0,0,0,0,248,0,30,97
WAE,2016,11,30,17,2.2,82.8,5.9,-0.4,3.8,1.2,11.7,0,974.5,231,2.4,4.8,0,0,0,0,0,0,0,246,0,30,97
WAE,2016,11,30,18,1.9,83.8,5.9,-0.5,3.76,0.9,11.3,0,974.6,200,1.3,2.9,0,0,0,0,0,0,0,246,0,30,97
WAE,2016,11,30,19,1.6,84.3,5.8,-0.8,3.7,0.6,10.8,0,974.6,197,1.7,5.3,0,0,0,0,0,0,0,247,0,30,97
WAE,2016,11,30,20,1.3,84.2,5.7,-1,3.63,0.4,10.4,0,973.3,162,0.8,2.3,0,0,0,0,0,0,0,249,0,30,97
WAE,2016,11,30,21,1,83.9,5.5,-1.4,3.55,0.1,9.9,0,971.1,225,2,4.8,0,0,0,0,0,0,0,250,0,30,97
WAE,2016,11,30,22,0.7,83.4,5.4,-1.7,3.48,-0.2,9.4,0,968.7,197,1.5,3.8,0,0,0,0,0,0,0,253,33,30,97
WAE,2016,11,30,23,0.5,82.7,5.2,-2.1,3.39,-0.5,8.9,0,965.3,201,1.4,3.5,0,0,0,0,0,0,0,252,36,30,97
WAE,2012,12,1,0,0.2,82.1,5.1,-2.5,3.32,-0.8,8.4,0,962,34,5.8,9.3,0,0,0,0,0,0,0,255,78,26,97
WAE,2012,12,1,1,-0.1,81.4,5,-2.8,3.24,-1.1,8,0,958.7,36,4.3,8.3,0,0,0,0,0,0,0,241,74,26,97
WAE,2012,12,1,2,-0.3,81.2,4.9,-3.1,3.19,-1.3,7.6,0,956.5,30,3.8,6.6,0,0,0,0,0,0,0,237,58,26,97
WAE,2012,12,1,3,-0.5,81,4.8,-3.3,3.14,-1.5,7.3,0,954.5,30,2.8,4.9,0,0,0,0,0,0,0,241,80,26,97
WAE,2012,12,1,4,-0.6,81.1,4.7,-3.5,3.11,-1.6,7.1,0,953.6,346,1.6,4.6,0,0,0,0,0,0,0,248,94,26,97
WAE,2012,12,1,5,-0.8,81.4,4.7,-3.5,3.1,-1.7,7,0,953.9,354,1.1,2.9,0,0,0,0,0,0,0,252,100,26,97
WAE,2012,12,1,6,-0.9,81.7,4.7,-3.6,3.06,-1.9,6.7,0,954.1,346,1.2,3.3,0,0,0,0,0,0,0,252,100,26,97
WAE,2012,12,1,7,-0.9,81.7,4.7,-3.6,3.06,-1.9,6.7,0,954.5,360,1.6,4.2,4,0,4,3,3,3,3,255,94,26,97
WAE,2012,12,1,8,-0.8,81,4.7,-3.6,3.08,-1.8,6.9,0,954.9,26,3.3,6.8,11,0,11,7,7,7,7,258,100,26,97
WAE,2012,12,1,9,-0.7,80.7,4.7,-3.6,3.07,-1.7,7,0,955.5,30,3.9,6.9,15,0,15,9,9,9,9,261,100,26,97
WAE,2012,12,1,10,-0.4,78.8,4.7,-3.6,3.08,-1.6,7.3,0,955.3,32,3.1,6.7,18,0,18,11,11,10,11,264,100,26,97
WAE,2012,12,1,11,-0.4,78.9,4.7,-3.6,3.08,-1.6,7.3,0,955.3,26,2.8,5.4,18,0,18,11,11,11,11,267,100,26,97
WAE,2012,12,1,12,-0.5,79.3,4.7,-3.6,3.08,-1.6,7.2,0,955.3,22,3,5.5,16,0,16,10,10,9,10,269,100,26,97
WAE,2012,12,1,13,-0.8,80.2,4.6,-3.8,3.01,-1.9,6.7,0,955.5,309,2.2,4.2,12,0,12,7,7,7,7,269,100,26,97
WAE,2012,12,1,14,-0.6,79.7,4.7,-3.7,3.07,-1.7,7.1,0,955.8,323,1.6,4.3,6,0,6,3,3,3,3,269,100,26,97
WAE,2012,12,1,15,-0.8,79,4.6,-4,3.01,-1.9,6.7,0,956.2,291,1.4,2.8,5,0,5,3,3,3,3,269,94,26,97
WAE,2012,12,1,16,-0.9,82.2,4.7,-3.5,3.07,-1.8,6.7,0,956.7,283,1.9,3.6,0,0,0,0,0,0,0,269,100,26,97
WAE,2012,12,1,17,-1.1,83.3,4.7,-3.6,3.07,-2,6.5,0,956.8,258,2,3.9,0,0,0,0,0,0,0,269,100,26,97
WAE,2012,12,1,18,-1,81.6,4.6,-3.7,3,-2,6.5,0,957.1,262,2.7,4.4,0,0,0,0,0,0,0,269,100,26,97
WAE,2012,12,1,19,-1.2,80.8,4.5,-4.1,2.94,-2.2,6.1,0,957.2,246,2,3.3,0,0,0,0,0,0,0,265,94,26,97
WAE,2012,12,1,20,-1.2,79.4,4.5,-4.3,2.94,-2.3,6.1,0,957.4,275,2.1,3.5,0,0,0,0,0,0,0,264,100,26,97
WAE,2012,12,1,21,-1.4,82.6,4.6,-4,3,-2.3,6.1,0,957.6,274,1.6,3.6,0,0,0,0,0,0,0,264,100,26,97
WAE,2012,12,1,22,-1.7,81.9,4.4,-4.4,2.87,-2.6,5.4,0,958,277,0.8,2.5,0,0,0,0,0,0,0,262,100,26,97
WAE,2012,12,1,23,-2,81.5,4.3,-4.7,2.8,-2.9,5,0,957.9,245,2,4.3,0,0,0,0,0,0,0,257,60,26,97
WAE,2012,12,2,0,-2.4,82.7,4.3,-4.9,2.81,-3.2,4.6,0,957.4,215,2.9,4.6,0,0,0,0,0,0,0,247,6,26,97
WAE,2012,12,2,1,-2.8,84.1,4.2,-5.1,2.74,-3.6,4,0,957.3,228,2.9,5.2,0,0,0,0,0,0,0,250,48,26,97
WAE,2012,12,2,2,-2.6,84.8,4.3,-4.8,2.81,-3.3,4.4,0,956.9,223,4.6,6.6,0,0,0,0,0,0,0,257,81,26,97
WAE,2012,12,2,3,-1.9,83.7,4.4,-4.3,2.88,-2.7,5.2,0,956.3,249,2.9,5.4,0,0,0,0,0,0,0,262,100,26,97
WAE,2012,12,2,4,-2.3,84.6,4.4,-4.5,2.88,-3,4.8,0,955.9,225,1,3.1,0,0,0,0,0,0,0,259,84,26,97
WAE,2012,12,2,5,-1.7,85,4.6,-3.9,3.01,-2.5,5.8,0,956,231,1.5,3.9,0,0,0,0,0,0,0,264,100,26,97
WAE,2012,12,2,6,-1.8,82.6,4.4,-4.4,2.88,-2.7,5.3,0,956.2,228,1.3,2.8,0,0,0,0,0,0,0,263,100,26,97
WAE,2012,12,2,7,-1.6,83.8,4.6,-4,3.01,-2.4,5.9,0.3,956.5,196,2.5,5.4,10,2,10,6,8,7,6,265,100,26,97
WAE,2012,12,2,8,-2,94.5,5,-2.8,3.27,-2.3,6.1,1.3,956.4,153,1,4.8,9,0,9,6,6,6,6,266,100,26,97
WAE,2012,12,2,9,-1.7,95.2,5.2,-2.4,3.4,-2,6.8,0.9,956.8,106,0.7,2.1,19,0,19,12,11,11,11,266,100,26,97
WAE,2012,12,2,10,-1.6,94.5,5.1,-2.4,3.33,-1.9,6.7,0.4,956.7,108,0.3,0.9,23,0,23,15,14,14,14,266,100,26,97
WAE,2012,12,2,11,-1.5,96.1,5.3,-2,3.47,-1.7,7.1,1,956.5,180,0.3,2.6,21,0,21,13,13,12,13,267,100,26,97
WAE,2012,12,2,12,-0.2,85.8,5.2,-2.3,3.4,-1,8.3,0.1,956.6,262,2.2,5.2,148,129,107,66,65,192,120,265,78,26,97
WAE,2012,12,2,13,-0.2,82.2,5,-2.9,3.27,-1.2,7.9,0.1,956.9,246,2,4.1,39,1,38,24,24,24,24,266,71,26,97
WAE,2012,12,2,14,-0.3,85.3,5.1,-2.5,3.33,-1.1,8,0,957.1,270,0.8,3.1,7,0,7,5,5,4,4,266,100,26,97
WAE,2012,12,2,15,-0.5,88.3,5.2,-2.2,3.4,-1.1,8,0.2,957.5,288,0.8,2.4,4,0,4,2,2,2,2,266,100,26,97
WAE,2012,12,2,16,-0.8,91.4,5.3,-2,3.46,-1.2,7.8,0.6,957.7,247,2.2,4.9,0,0,0,0,0,0,0,266,100,26,97
WAE,2012,12,2,17,-0.8,86.3,5,-2.8,3.26,-1.5,7.3,0.1,958.3,246,3.3,7.5,0,0,0,0,0,0,0,265,100,26,97
WAE,2012,12,2,18,-0.5,84.3,5,-2.8,3.26,-1.3,7.6,0.1,958.6,245,3.1,6.8,0,0,0,0,0,0,0,265,100,26,97
WAE,2012,12,2,19,-0.6,83,4.9,-3.1,3.19,-1.5,7.4,0,959.3,270,2.8,8.3,0,0,0,0,0,0,0,265,100,26,97
WAE,2012,12,2,20,-0.7,81.8,4.8,-3.4,3.13,-1.7,7.1,0,959.5,235,4.5,9.1,0,0,0,0,0,0,0,264,100,26,97
WAE,2012,12,2,21,-0.7,75.2,4.4,-4.5,2.86,-2,6.4,0,959.9,241,3.5,8.2,0,0,0,0,0,0,0,264,100,26,97
WAE,2012,12,2,22,-0.7,78,4.5,-4.1,2.93,-1.9,6.6,0,960.4,248,3.5,7.4,0,0,0,0,0,0,0,263,100,26,97
WAE,2012,12,2,23,-0.9,79.1,4.5,-4.1,2.93,-2,6.4,0,960.8,274,1.7,6.4,0,0,0,0,0,0,0,262,100,26,97
WAE,2012,12,3,0,-0.8,77.4,4.5,-4.3,2.93,-2,6.5,0,961.1,266,1.6,5.8,0,0,0,0,0,0,0,261,100,31,97
WAE,2012,12,3,1,-1.2,81.7,4.6,-3.9,2.99,-2.2,6.2,0.1,961.4,253,1.1,4.7,0,0,0,0,0,0,0,259,100,31,97
WAE,2012,12,3,2,-1.3,80.9,4.5,-4.1,2.92,-2.3,6,0,961.8,309,0.8,2.8,0,0,0,0,0,0,0,257,100,31,97
WAE,2012,12,3,3,-1.6,81.3,4.4,-4.4,2.86,-2.6,5.5,0,962.1,257,1.3,2.6,0,0,0,0,0,0,0,255,94,31,97
WAE,2012,12,3,4,-2.2,81.4,4.2,-4.9,2.73,-3.1,4.6,0,962.3,245,2,3.1,0,0,0,0,0,0,0,243,31,31,97
WAE,2012,12,3,5,-2.9,81.2,4,-5.7,2.6,-3.8,3.5,0,962.5,220,3.3,4.2,0,0,0,0,0,0,0,236,19,31,97
WAE,2012,12,3,6,-3.5,77.8,3.7,-6.8,2.4,-4.5,2.4,0,962.7,224,4.2,5.2,0,0,0,0,0,0,0,244,0,31,97
WAE,2012,12,3,7,-3.8,76.4,3.5,-7.3,2.27,-4.9,1.8,0,962.7,241,3.4,4.8,56,277,28,19,233,211,19,256,0,31,97
WAE,2012,12,3,8,-3,76,3.7,-6.6,2.4,-4.1,2.9,0,962.8,198,1.3,3.1,185,556,71,49,410,511,50,266,26,31,97
WAE,2012,12,3,9,-1.5,69.1,3.8,-6.4,2.47,-3.1,4.6,0,962.2,194,0.5,1.3,179,245,103,71,170,303,70,274,68,31,97
WAE,2012,12,3,10,-1,65.5,3.7,-6.6,2.4,-2.8,5,0,961.4,135,0.9,3,219,162,163,104,152,272,102,282,88,31,97
WAE,2012,12,3,11,-0.4,65,3.9,-6.2,2.54,-2.3,5.9,0,960.5,201,0.9,2.1,59,0,59,38,38,36,37,288,100,31,97
WAE,2012,12,3,12,-0.5,73.3,4.3,-4.7,2.8,-2,6.5,0,959.8,240,1.7,3,21,0,21,14,14,13,13,293,100,31,97
WAE,2012,12,3,13,-0.8,81.6,4.7,-3.5,3.06,-1.8,6.8,0.1,958.9,265,2.3,5,11,0,11,7,7,7,7,296,100,31,97
WAE,2012,12,3,14,-1.7,89.8,4.9,-3.2,3.2,-2.2,6.2,0.6,958.1,259,1.6,4,22,0,22,15,15,15,15,299,100,31,97
WAE,2012,12,3,15,-1.5,88.6,4.9,-3.1,3.2,-2.1,6.5,0.2,957.4,189,1.4,4.5,3,0,3,2,2,2,2,301,100,31,97
WAE,2012,12,3,16,-1.3,91,5.1,-2.6,3.33,-1.8,7,0.3,957.1,160,1.2,2.9,0,0,0,0,0,0,0,303,100,31,97
WAE,2012,12,3,17,-0.9,93.4,5.4,-1.8,3.53,-1.2,7.9,0.2,956.8,162,1.6,2.6,0,0,0,0,0,0,0,305,100,31,97
WAE,2012,12,3,18,-0.4,93.6,5.6,-1.3,3.66,-0.7,8.7,0.3,956.1,156,1.3,2.7,0,0,0,0,0,0,0,306,100,31,97
WAE,2012,12,3,19,0,93.5,5.7,-0.9,3.73,-0.4,9.3,0.9,955.2,149,1.2,2.4,0,0,0,0,0,0,0,308,100,31,97
WAE,2012,12,3,20,0.4,93.5,5.9,-0.5,3.87,0,10.1,0.2,954,138,1.2,2.8,0,0,0,0,0,0,0,310,100,31,97
WAE,2012,12,3,21,0.8,95,6.1,0.1,4,0.5,10.8,2.1,953.9,196,1,3.1,0,0,0,0,0,0,0,311,100,31,97
WAE,2012,12,3,22,1.1,95.3,6.3,0.4,4.14,0.8,11.4,1.2,953.5,162,0.6,1.6,0,0,0,0,0,0,0,313,100,31,97
WAE,2012,12,3,23,1.3,96,6.4,0.7,4.21,1.1,11.8,1.2,952.8,150,1.6,3.3,0,0,0,0,0,0,0,315,100,31,97
WAE,2012,12,4,0,1.5,96.3,6.6,1,4.34,1.3,12.4,1.3,952.5,145,1.2,4.8,0,0,0,0,0,0,0,316,100,35,97
WAE,2012,12,4,1,1.5,96.1,6.6,0.9,4.35,1.2,12.4,1.8,951.2,155,2.3,4.8,0,0,0,0,0,0,0,317,100,35,97
WAE,2012,12,4,2,1.9,97,6.8,1.5,4.49,1.7,13.1,1.1,949.7,133,1.8,5.5,0,0,0,0,0,0,0,317,100,35,97
WAE,2012,12,4,3,1.8,96.8,6.7,1.3,4.43,1.6,12.9,1.2,948.4,145,1.2,4,0,0,0,0,0,0,0,318,100,35,97
WAE,2012,12,4,4,2.1,96,6.8,1.5,4.5,1.8,13.4,0.3,946.6,129,2,6.2,0,0,0,0,0,0,0,319,100,35,97
WAE,2012,12,4,5,2,96.1,6.8,1.4,4.5,1.7,13.3,0,946,123,2,6.9,0,0,0,0,0,0,0,319,100,35,97
WAE,2012,12,4,6,3.8,86.1,6.9,1.7,4.57,2.9,15.3,0,945.7,243,3.5,9.4,0,0,0,0,0,0,0,316,88,35,97
WAE,2012,12,4,7,5.7,74.5,6.8,1.5,4.5,3.8,17,0,946.6,260,5.5,10.7,51,211,27,18,180,170,18,309,68,35,97
WAE,2012,12,4,8,6,66.6,6.2,0.3,4.09,3.5,16.3,0,948.2,254,8.2,18.7,31,20,28,19,32,34,18,316,100,35,97
WAE,2012,12,4,9,4.8,75.3,6.5,0.8,4.29,3.1,15.6,0,948.8,260,7,12.7,93,190,33,28,98,209,28,314,94,35,97
WAE,2012,12,4,10,4.9,73.7,6.4,0.6,4.23,3.1,15.5,0,948.3,260,5.8,13.1,91,7,89,59,61,63,57,310,94,35,97
WAE,2012,12,4,11,4.9,70.5,6.1,0,4.03,2.8,15,0,948,243,4.5,8.3,60,0,60,40,40,38,39,312,100,35,97
WAE,2012,12,4,12,4.5,74,6.2,0.3,4.1,2.7,14.8,0.1,947.5,259,4.3,9,24,0,24,16,16,15,15,310,100,35,97
WAE,2012,12,4,13,3.3,85.7,6.6,1.1,4.36,2.4,14.2,1,947.4,277,2.6,6.9,14,0,14,10,10,9,9,307,100,35,97
WAE,2012,12,4,14,2.7,88.5,6.6,1,4.36,2,13.6,1.2,947.3,259,4.3,10.9,13,0,13,12,12,12,12,305,100,35,97
WAE,2012,12,4,15,2.9,86.1,6.5,0.8,4.3,2,13.7,0.6,947.5,259,4.3,10.8,0,0,0,0,0,0,0,302,100,35,97
WAE,2012,12,4,16,2.6,86.7,6.4,0.6,4.23,1.8,13.2,1.8,948.2,264,5.6,13.6,0,0,0,0,0,0,0,299,100,35,97
WAE,2012,12,4,17,2.4,86.2,6.3,0.3,4.16,1.5,12.8,0.2,949.1,253,5.5,11.3,0,0,0,0,0,0,0,296,100,35,97
WAE,2012,12,4,18,2.4,84.3,6.1,0,4.02,1.4,12.5,0,949.7,255,5,9.7,0,0,0,0,0,0,0,291,84,35,97
WAE,2012,12,4,19,2.6,79.9,5.9,-0.5,3.89,1.3,12.3,0,949.2,253,3.5,7.5,0,0,0,0,0,0,0,292,100,35,97
WAE,2012,12,4,20,2.2,81.9,5.9,-0.6,3.89,1.1,11.9,0.1,948.8,247,3.9,10,0,0,0,0,0,0,0,290,100,35,97
WAE,2012,12,4,21,2.4,77,5.6,-1.2,3.7,1,11.7,0,948.1,239,2.4,6.6,0,0,0,0,0,0,0,289,100,35,97
WAE,2012,12,4,22,1.3,90.6,6.1,-0.1,4.03,0.7,11.4,0.7,947.9,240,2,4.9,0,0,0,0,0,0,0,289,100,35,97
WAE,2012,12,4,23,1.5,89,6.1,-0.1,4.03,0.9,11.6,0.3,947.7,245,2,6.3,0,0,0,0,0,0,0,288,94,35,97
WAE,2012,12,5,0,1.7,87.7,6,-0.1,3.97,1,11.6,0.3,947.1,240,3.7,8.3,0,0,0,0,0,0,0,287,100,34,97
WAE,2012,12,5,1,1.1,94.9,6.3,0.4,4.17,0.8,11.5,0.2,947,338,0.6,2.3,0,0,0,0,0,0,0,287,100,34,97
WAE,2012,12,5,2,0.9,96.5,6.3,0.4,4.17,0.7,11.3,0.7,946.7,155,1.7,4.1,0,0,0,0,0,0,0,287,100,34,97
WAE,2012,12,5,3,0.1,99.2,6.1,0,4.03,0.1,10.2,3.2,946.6,270,0.4,1.5,0,0,0,0,0,0,0,287,100,34,97
WAE,2012,12,5,4,0.5,95.8,6.1,-0.1,4.03,0.3,10.6,1.6,946.7,277,0.8,3,0,0,0,0,0,0,0,288,100,34,97
WAE,2012,12,5,5,1.3,87.7,5.9,-0.5,3.9,0.6,11,0.2,946.9,248,2.2,6.5,0,0,0,0,0,0,0,288,100,34,97
WAE,2012,12,5,6,1.6,81.8,5.6,-1.2,3.7,0.5,10.8,0,947,242,4.3,8,0,0,0,0,0,0,0,288,100,34,97
WAE,2012,12,5,7,1.7,82.1,5.7,-1,3.77,0.6,11.1,0.1,947.3,249,4.2,8.5,33,88,22,15,81,79,15,288,94,34,97
WAE,2012,12,5,8,1.7,78.9,5.4,-1.6,3.56,0.4,10.6,0,948.4,250,3.6,7.9,36,6,35,23,28,27,23,288,100,34,97
WAE,2012,12,5,9,1,87.5,5.8,-0.8,3.83,0.3,10.6,0.2,948.5,242,4.2,8.7,69,0,69,46,45,44,44,289,100,34,97
WAE,2012,12,5,10,1.2,88.3,5.9,-0.5,3.89,0.5,10.9,0.2,948.6,232,2.3,7.3,65,1,65,43,43,42,41,288,100,34,97
WAE,2012,12,5,11,1.6,86.6,5.9,-0.4,3.89,0.8,11.3,0.2,948.5,263,1.8,5.6,151,76,125,83,82,159,102,289,94,34,97
WAE,2012,12,5,12,1.8,86.4,6,-0.2,3.96,1,11.7,0,948.4,360,0.5,3.1,165,154,116,77,77,231,138,287,81,34,97
WAE,2012,12,5,13,2.6,80.8,6,-0.4,3.96,1.4,12.5,0,948.5,106,0.8,2.7,68,171,29,21,21,170,125,276,68,34,97
WAE,2012,12,5,14,2.2,75.4,5.4,-1.7,3.56,0.7,11.1,0,948.7,249,0.9,2,45,99,27,20,20,100,89,279,65,34,97
WAE,2012,12,5,15,1.3,80.9,5.4,-1.6,3.56,0.2,10.2,0,948.7,223,1.7,3.7,5,0,5,4,4,4,4,273,43,34,97
WAE,2012,12,5,16,1.1,80.7,5.3,-1.8,3.49,0,9.8,0,948.9,212,2.9,4.9,0,0,0,0,0,0,0,271,56,34,97
WAE,2012,12,5,17,0.8,84.3,5.4,-1.5,3.56,-0.1,9.7,0,949.3,156,1.2,3.2,0,0,0,0,0,0,0,276,79,34,97
WAE,2012,12,5,18,0.6,93.4,6,-0.3,3.96,0.2,10.5,0.9,949.2,231,2.4,4.6,0,0,0,0,0,0,0,270,73,34,97
WAE,2012,12,5,19,0.3,94.9,5.9,-0.4,3.89,0,10,0,949,124,1.2,3,0,0,0,0,0,0,0,267,61,34,97
WAE,2012,12,5,20,0.3,92,5.7,-0.8,3.76,-0.1,9.7,0,948.9,138,1.3,3,0,0,0,0,0,0,0,278,94,34,97
WAE,2012,12,5,21,-0.5,90.7,5.4,-1.8,3.56,-1,8.4,0,949,172,1,2.9,0,0,0,0,0,0,0,279,100,34,97
WAE,2012,12,5,22,0,87.6,5.3,-1.8,3.49,-0.7,8.7,0,949.3,231,1.7,4.1,0,0,0,0,0,0,0,280,100,34,97
WAE,2012,12,5,23,-0.2,94.7,5.7,-0.9,3.76,-0.5,9.2,0.9,949.4,184,1.5,4,0,0,0,0,0,0,0,281,100,34,97
WAE,2012,12,6,0,-0.3,97,5.8,-0.7,3.82,-0.5,9.2,0.9,949.8,180,0.5,1.6,0,0,0,0,0,0,0,281,100,33,97
WAE,2012,12,6,1,-0.3,97.7,5.9,-0.6,3.89,-0.4,9.4,1.1,950.5,162,0.4,1.4,0,0,0,0,0,0,0,279,100,33,97
WAE,2012,12,6,2,0.7,90.4,5.8,-0.7,3.82,0.1,10.2,0,951.4,262,2.2,4.8,0,0,0,0,0,0,0,277,100,33,97
WAE,2012,12,6,3,0.8,86.5,5.6,-1.2,3.68,0,10,0,952.4,261,2.4,4.7,0,0,0,0,0,0,0,276,100,33,97
WAE,2012,12,6,4,0.9,86.3,5.6,-1.1,3.68,0.1,10.1,0.2,953.4,249,2.8,5.9,0,0,0,0,0,0,0,275,100,33,97
WAE,2012,12,6,5,0.6,86.4,5.5,-1.4,3.61,-0.2,9.6,0.4,954.4,269,4.5,11.3,0,0,0,0,0,0,0,274,100,33,97
WAE,2012,12,6,6,-0.1,82.9,5,-2.6,3.27,-1,8.1,0,955.6,256,3.6,6.6,0,0,0,0,0,0,0,272,84,33,97
WAE,2012,12,6,7,-0.2,81.2,4.9,-3,3.2,-1.2,7.8,0,956.7,246,4,7.8,54,228,30,19,194,182,19,270,59,33,97
WAE,2012,12,6,8,0.2,74.9,4.7,-3.7,3.07,-1.2,7.8,0,957.6,252,5.2,9.4,54,70,41,27,75,83,26,266,71,33,97
WAE,2012,12,6,9,0.3,72.4,4.5,-4.1,2.93,-1.3,7.6,0,958.5,252,4.7,8.5,34,0,34,22,22,21,21,266,100,33,97
WAE,2012,12,6,10,-0.5,84,5,-2.9,3.26,-1.4,7.6,0.3,958.9,253,5.4,9.3,55,0,55,36,36,35,35,264,88,33,97
WAE,2012,12,6,11,-0.3,80.6,4.8,-3.2,3.13,-1.4,7.5,0.1,959.1,257,5,11.7,55,3,54,36,35,37,35,261,100,33,97
WAE,2012,12,6,12,-0.4,78,4.6,-3.8,3,-1.6,7.1,0,959.4,255,3.5,6.6,154,314,61,43,44,346,184,258,78,33,97
WAE,2012,12,6,13,-0.6,77.8,4.6,-4,3,-1.8,6.9,0,959.7,248,3.1,5.5,130,297,51,37,37,310,195,257,79,33,97
WAE,2012,12,6,14,-0.2,77.2,4.7,-3.7,3.06,-1.5,7.4,0,960.2,270,2.4,5,16,0,16,11,11,10,11,254,94,33,97
WAE,2012,12,6,15,-0.8,77.9,4.5,-4.2,2.93,-2,6.5,0,960.4,253,3.4,6.5,0,0,0,0,0,0,0,252,78,33,97
WAE,2012,12,6,16,-1.5,84.9,4.7,-3.7,3.06,-2.3,6.1,0.2,960.7,246,3.5,6.8,0,0,0,0,0,0,0,250,100,33,97
WAE,2012,12,6,17,-1.4,83.5,4.6,-3.8,2.99,-2.2,6,0,961,267,2.4,4.6,0,0,0,0,0,0,0,248,100,33,97
WAE,2012,12,6,18,-1.6,79.7,4.3,-4.6,2.8,-2.6,5.4,0,960.5,233,2.5,4,0,0,0,0,0,0,0,243,73,33,97
WAE,2012,12,6,19,-2.6,80.9,4.1,-5.4,2.67,-3.5,4,0,960.4,236,2.3,3.6,0,0,0,0,0,0,0,242,69,33,97
WAE,2012,12,6,20,-2.8,81.9,4.1,-5.5,2.67,-3.7,3.8,0,960.3,240,1.4,2.4,0,0,0,0,0,0,0,242,78,33,97
WAE,2012,12,6,21,-3.4,84,4,-5.7,2.6,-4.1,3,0,959.7,214,0.8,1.7,0,0,0,0,0,0,0,240,84,33,97
WAE,2012,12,6,22,-3.3,83.2,4,-5.7,2.6,-4.1,3.1,0,959.2,176,1.4,2.9,0,0,0,0,0,0,0,240,81,33,97
WAE,2012,12,6,23,-3.3,81.2,3.9,-6.1,2.54,-4.2,3,0,958.2,151,2.1,3.1,0,0,0,0,0,0,0,238,50,33,97
WAE,2012,12,7,0,-4.1,84.8,3.9,-6.3,2.54,-4.8,2.2,0,957.2,163,1.7,3.2,0,0,0,0,0,0,0,232,56,32,97
WAE,2012,12,7,1,-4.7,83.6,3.6,-7,2.35,-5.4,1.1,0,956.4,151,1.3,2.7,0,0,0,0,0,0,0,241,100,32,97
WAE,2012,12,7,2,-4.5,79.6,3.5,-7.5,2.29,-5.4,1.1,0,955.7,166,0.9,3.6,0,0,0,0,0,0,0,242,100,32,97
WAE,2012,12,7,3,-4.7,81.5,3.5,-7.4,2.29,-5.5,0.9,0,954.8,262,0.8,2,0,0,0,0,0,0,0,244,100,32,97
WAE,2012,12,7,4,-4.2,79.6,3.5,-7.2,2.29,-5.1,1.5,0,954.1,262,1.5,2.7,0,0,0,0,0,0,0,246,100,32,97
WAE,2012,12,7,5,-3.8,79,3.6,-6.9,2.36,-4.8,2,0,953.1,233,2.1,2.8,0,0,0,0,0,0,0,247,100,32,97
WAE,2012,12,7,6,-3.5,73.7,3.5,-7.5,2.3,-4.7,2.2,0,951.7,167,2,4.3,0,0,0,0,0,0,0,250,100,32,97
WAE,2012,12,7,7,-3.2,73.7,3.6,-7.2,2.36,-4.4,2.7,0,950.5,150,1.4,3.5,12,60,9,6,54,44,5,248,81,32,97
WAE,2012,12,7,8,-2.5,74.9,3.8,-6.3,2.5,-3.7,3.7,0,949.6,117,0.6,3.4,22,0,22,14,14,14,14,259,100,32,97
WAE,2012,12,7,9,-2,71.1,3.8,-6.5,2.5,-3.5,4.2,0,948.4,339,1.3,3.4,16,0,16,11,11,10,10,264,100,32,97
WAE,2012,12,7,10,-2.2,76,4,-5.9,2.64,-3.4,4.3,0,948,249,2.9,5.6,23,0,23,15,15,14,15,270,100,32,97
WAE,2012,12,7,11,-2.6,83.5,4.2,-5,2.77,-3.4,4.3,0.2,947.4,225,2.5,5.1,18,0,18,12,12,11,11,275,100,32,97
WAE,2012,12,7,12,-3,91.6,4.5,-4.2,2.97,-3.4,4.4,0.9,947.2,207,1,2.6,23,0,23,15,15,14,15,279,100,32,97
WAE,2012,12,7,13,-2.7,91.9,4.6,-3.8,3.04,-3.1,4.8,0.7,946.2,163,1.1,1.9,13,0,13,9,9,8,8,278,100,32,97
WAE,2012,12,7,14,-2.3,94.7,4.9,-3,3.24,-2.5,5.7,1.2,946,111,1,2.6,5,0,5,3,3,3,3,277,100,32,97
WAE,2012,12,7,15,-2,93.8,5,-2.9,3.3,-2.3,6.2,0.4,946.3,171,0.8,2.4,0,0,0,0,0,0,0,277,94,32,97
WAE,2012,12,7,16,-1.8,91.6,4.9,-3,3.24,-2.2,6.2,0,946.9,162,1.3,2.6,0,0,0,0,0,0,0,276,100,32,97
WAE,2012,12,7,17,-1.5,92.3,5.1,-2.6,3.37,-1.9,6.9,0.2,947.3,168,1.5,2.3,0,0,0,0,0,0,0,275,100,32,97
WAE,2012,12,7,18,-1.3,95.3,5.3,-2,3.5,-1.6,7.4,1.8,947.5,172,1.5,2.8,0,0,0,0,0,0,0,274,100,32,97
WAE,2012,12,7,19,-1,95.2,5.4,-1.7,3.56,-1.3,7.9,0.9,947.7,160,1.2,1.9,0,0,0,0,0,0,0,274,100,32,97
WAE,2012,12,7,20,-0.8,95.4,5.5,-1.4,3.63,-1,8.2,0.7,947.9,145,1.3,2.6,0,0,0,0,0,0,0,268,79,32,97
WAE,2012,12,7,21,-1.1,95.1,5.3,-1.8,3.5,-1.4,7.6,0,947.9,140,0.8,3.1,0,0,0,0,0,0,0,266,79,32,97
WAE,2012,12,7,22,-0.7,92.8,5.4,-1.7,3.56,-1.1,8.2,0,948,120,1.4,3.5,0,0,0,0,0,0,0,275,100,32,97
WAE,2012,12,7,23,-0.6,91.8,5.4,-1.8,3.56,-1.1,8.3,0,948.1,125,1.3,3.3,0,0,0,0,0,0,0,275,100,32,97
WAE,2012,12,8,0,-0.4,92.6,5.5,-1.4,3.63,-0.8,8.6,0,948.1,126,1.5,3.4,0,0,0,0,0,0,0,275,100,32,97
WAE,2012,12,8,1,-0.3,94.8,5.7,-1,3.76,-0.6,9.1,0.4,948.4,115,1.6,4.2,0,0,0,0,0,0,0,273,100,32,97
WAE,2012,12,8,2,0,96.7,5.9,-0.5,3.89,-0.2,9.7,0.8,948.8,117,1.1,2.7,0,0,0,0,0,0,0,272,100,32,97
WAE,2012,12,8,3,-0.1,97.7,5.9,-0.4,3.89,-0.2,9.6,1.1,949.7,79,1.6,3.5,0,0,0,0,0,0,0,271,100,32,97
WAE,2012,12,8,4,-0.6,98.3,5.8,-0.8,3.82,-0.7,8.9,1.2,950.8,69,1.4,3.3,0,0,0,0,0,0,0,269,100,32,97
WAE,2012,12,8,5,-0.4,97.3,5.8,-0.8,3.81,-0.6,9.1,0.3,952.1,353,0.9,2.5,0,0,0,0,0,0,0,268,100,32,97
WAE,2012,12,8,6,-0.5,93.1,5.5,-1.5,3.61,-0.9,8.5,0,953.7,342,1.2,4.1,0,0,0,0,0,0,0,267,90,32,97
WAE,2012,12,8,7,-1,88.9,5.1,-2.6,3.34,-1.6,7.3,0,955.5,4,1.5,5,7,0,7,5,5,5,5,260,75,32,97
WAE,2012,12,8,8,-1.4,89.1,4.9,-3,3.2,-2,6.6,0,957.1,308,1.2,3.9,10,0,10,7,7,6,6,263,100,32,97
WAE,2012,12,8,9,-1.7,91.1,4.9,-3,3.2,-2.2,6.2,0,958.8,311,1.1,3,14,0,14,9,9,8,9,262,100,32,97
WAE,2012,12,8,10,-1.7,88.8,4.8,-3.3,3.13,-2.3,6.1,0.1,959.9,333,1.2,3.9,17,0,17,11,11,10,10,260,100,32,97
WAE,2012,12,8,11,-1.5,85.1,4.7,-3.7,3.06,-2.3,6.1,0,960.9,322,1.2,3.5,42,0,42,27,27,26,26,258,100,32,97
WAE,2012,12,8,12,-1.5,84.1,4.6,-3.8,2.99,-2.3,5.9,0,961.2,302,1,1.9,16,0,16,10,10,10,10,254,100,32,97
WAE,2012,12,8,13,-1.4,81.9,4.5,-4.1,2.92,-2.3,5.9,0,962,301,1.2,2.8,11,0,11,7,7,7,7,254,100,32,97
WAE,2012,12,8,14,-1.5,83.4,4.6,-3.9,2.99,-2.3,5.9,0,962.9,310,0.8,2.1,5,0,5,3,3,3,3,251,100,32,97
WAE,2012,12,8,15,-1.7,82.7,4.5,-4.2,2.92,-2.6,5.6,0,963.7,292,0.6,1.3,4,0,4,3,3,3,3,249,23,32,97
WAE,2012,12,8,16,-1.8,83,4.4,-4.3,2.85,-2.7,5.3,0,964.8,277,0.9,1.6,0,0,0,0,0,0,0,247,40,32,97
WAE,2012,12,8,17,-1.9,83.5,4.5,-4.3,2.91,-2.7,5.3,0,965.5,221,1.2,2.2,0,0,0,0,0,0,0,245,10,32,97
WAE,2012,12,8,18,-2,84.4,4.5,-4.3,2.91,-2.8,5.2,0,966.2,231,2,2.8,0,0,0,0,0,0,0,243,40,32,97
WAE,2012,12,8,19,-2,83,4.4,-4.5,2.84,-2.9,5.1,0,966.7,214,1.5,2.5,0,0,0,0,0,0,0,243,20,32,97
WAE,2012,12,8,20,-2.2,83.1,4.4,-4.7,2.84,-3,4.9,0,967.2,241,1.3,1.9,0,0,0,0,0,0,0,242,29,32,97
WAE,2012,12,8,21,-2.2,82.5,4.3,-4.8,2.78,-3.1,4.7,0,967.7,246,1.3,2.5,0,0,0,0,0,0,0,241,30,32,97
WAE,2012,12,8,22,-2.3,78.6,4.1,-5.5,2.64,-3.4,4.3,0,968.3,282,1.4,2.7,0,0,0,0,0,0,0,241,33,32,97
WAE,2012,12,8,23,-2.5,80.5,4.1,-5.4,2.65,-3.5,4.1,0,968.2,248,1.1,2.2,0,0,0,0,0,0,0,240,36,32,97
WAE,2012,12,9,0,-3.1,83.7,4.1,-5.5,2.65,-3.9,3.5,0,967.8,209,1.1,1.7,0,0,0,0,0,0,0,226,39,33,97
WAE,2012,12,9,1,-3.8,81.3,3.8,-6.5,2.45,-4.6,2.3,0,968,204,1.8,2.6,0,0,0,0,0,0,0,218,23,33,97
WAE,2012,12,9,2,-4.9,84,3.6,-7.2,2.32,-5.6,0.8,0,968.1,207,1.4,2.4,0,0,0,0,0,0,0,224,6,33,97
WAE,2012,12,9,3,-3.6,84.8,4,-5.8,2.58,-4.3,2.8,0,968,188,0.8,1.6,0,0,0,0,0,0,0,228,20,33,97
WAE,2012,12,9,4,-3.6,85.9,4,-5.6,2.58,-4.2,2.8,0,967.9,243,0.5,1.3,0,0,0,0,0,0,0,224,43,33,97
WAE,2012,12,9,5,-3.2,86.2,4.2,-5.2,2.71,-3.9,3.5,0,967.7,261,0.7,2.6,0,0,0,0,0,0,0,224,43,33,97
WAE,2012,12,9,6,-3.1,87.2,4.3,-4.9,2.78,-3.7,3.8,0,968,270,0.5,2.2,0,0,0,0,0,0,0,230,49,33,97
WAE,2012,12,9,7,-3.1,84.3,4.1,-5.4,2.65,-3.9,3.5,0,967.6,288,0.4,1.4,30,51,24,16,55,53,16,248,71,33,97
WAE,2012,12,9,8,-2.8,80.1,4,-5.7,2.58,-3.7,3.6,0,967.6,146,0.7,1.7,96,256,55,37,215,239,37,246,78,33,97
WAE,2012,12,9,9,-2.4,77.1,4,-5.9,2.58,-3.5,4,0,967.8,117,0.3,1.4,51,0,51,33,33,32,32,262,100,33,97
WAE,2012,12,9,10,-1.9,72.6,3.9,-6.2,2.52,-3.3,4.4,0,967,146,0.4,2.2,152,61,132,86,102,148,84,269,100,33,97
WAE,2012,12,9,11,-1.4,66.1,3.6,-6.9,2.33,-3.2,4.4,0,966.2,231,0.6,2.7,88,4,86,57,56,58,56,276,100,33,97
WAE,2012,12,9,12,-1.3,67.5,3.8,-6.5,2.46,-3,4.8,0,965.3,248,0.6,2.2,33,0,33,22,22,21,21,281,100,33,97
WAE,2012,12,9,13,-1.2,67,3.8,-6.5,2.46,-2.9,4.9,0,964.5,241,1,2.3,19,0,19,12,12,12,12,283,100,33,97
WAE,2012,12,9,14,-1.3,70.5,3.9,-6,2.53,-2.9,5,0,964.3,257,1.3,3.9,5,0,5,3,3,3,3,286,100,33,97
WAE,2012,12,9,15,-1.3,72.8,4.1,-5.5,2.66,-2.7,5.3,0,964.3,211,1.3,3.8,3,0,3,2,2,2,2,288,100,33,97
WAE,2012,12,9,16,-2,87.8,4.6,-3.7,2.98,-2.6,5.4,0.1,963.6,225,0.6,2.8,0,0,0,0,0,0,0,290,100,33,97
WAE,2012,12,9,17,-2,92.2,4.9,-3.1,3.18,-2.4,5.9,0,962.8,126,0.8,2.7,0,0,0,0,0,0,0,292,100,33,97
WAE,2012,12,9,18,-1.7,90.1,4.9,-3.1,3.19,-2.2,6.2,0,961.8,135,1,2.3,0,0,0,0,0,0,0,294,100,33,97
WAE,2012,12,9,19,-1,85.4,4.9,-3.1,3.19,-1.8,6.9,0,961.2,129,0.8,2.7,0,0,0,0,0,0,0,294,100,33,97
WAE,2012,12,9,20,-1.6,93,5.1,-2.6,3.32,-2,6.7,0.4,960.6,130,0.8,2.4,0,0,0,0,0,0,0,295,100,33,97
WAE,2012,12,9,21,-1.5,94.7,5.2,-2.2,3.39,-1.8,6.9,0.4,959.8,150,0.8,2.9,0,0,0,0,0,0,0,295,100,33,97
WAE,2012,12,9,22,-1.3,94.3,5.3,-2.1,3.46,-1.6,7.3,0.4,959,141,0.6,1.4,0,0,0,0,0,0,0,295,100,33,97
WAE,2012,12,9,23,-1,95.3,5.4,-1.7,3.52,-1.3,7.8,0.5,958.4,122,1,2,0,0,0,0,0,0,0,296,100,33,97
WAE,2012,12,10,0,-0.8,94.3,5.5,-1.6,3.59,-1.1,8.2,1.2,957.5,211,0.8,2.3,0,0,0,0,0,0,0,295,100,32,97
WAE,2012,12,10,1,0.5,90.2,5.7,-0.9,3.73,0,9.8,0.6,957.1,260,1.8,4.5,0,0,0,0,0,0,0,295,100,32,97
WAE,2012,12,10,2,0.9,88.6,5.8,-0.8,3.8,0.2,10.4,0.1,956.2,247,3.4,6.7,0,0,0,0,0,0,0,291,84,32,97
WAE,2012,12,10,3,0.9,87.9,5.7,-0.9,3.73,0.2,10.2,0.6,956.2,252,3.8,7,0,0,0,0,0,0,0,293,100,32,97
WAE,2012,12,10,4,0.8,90.3,5.9,-0.6,3.86,0.2,10.4,0.7,955.8,242,4.3,8.3,0,0,0,0,0,0,0,291,84,32,97
WAE,2012,12,10,5,1.4,85.6,5.8,-0.7,3.8,0.6,10.9,0,955.1,238,4.7,8.8,0,0,0,0,0,0,0,290,74,32,97
WAE,2012,12,10,6,1.5,85.4,5.8,-0.7,3.8,0.6,11,0.1,954.8,251,5,11.2,0,0,0,0,0,0,0,289,94,32,97
WAE,2012,12,10,7,1.3,88.8,6,-0.3,3.93,0.7,11.1,0.6,955.3,260,5.6,12.2,32,88,25,16,85,77,16,288,88,32,97
WAE,2012,12,10,8,1.4,87.4,5.9,-0.5,3.86,0.6,11.1,0.3,955.5,257,6.3,11.8,32,8,30,19,24,26,19,288,100,32,97
WAE,2012,12,10,9,1.5,85.1,5.8,-0.7,3.8,0.6,11,0,955.7,254,5.3,10.8,160,372,58,41,218,393,42,287,79,32,97
WAE,2012,12,10,10,2,80.4,5.7,-1,3.73,0.8,11.3,0,955.4,251,3.5,9.6,144,106,109,71,100,179,69,277,65,32,97
WAE,2012,12,10,11,2.6,74.9,5.5,-1.4,3.6,1,11.6,0,955.1,250,4.2,11.4,30,0,30,20,20,19,19,286,100,32,97
WAE,2012,12,10,12,2.2,75.9,5.4,-1.6,3.54,0.7,11.1,0,954.9,269,4.8,11.6,16,0,16,10,10,10,10,285,100,32,97
WAE,2012,12,10,13,1,88.5,5.8,-0.7,3.8,0.3,10.5,1.3,954.9,257,7.4,13.9,60,139,33,23,23,138,111,285,94,32,97
WAE,2012,12,10,14,1.2,87.5,5.8,-0.6,3.8,0.5,10.7,0.1,955.7,253,7.5,12.9,12,0,12,8,8,8,8,282,88,32,97
WAE,2012,12,10,15,1.4,83.8,5.7,-1,3.73,0.4,10.7,0,955.8,248,6.4,11.9,4,0,4,3,3,3,3,283,90,32,97
WAE,2012,12,10,16,1.5,81.1,5.5,-1.4,3.6,0.4,10.5,0,956.2,254,5.8,10.3,0,0,0,0,0,0,0,282,100,32,97
WAE,2012,12,10,17,1.2,83.9,5.6,-1.2,3.66,0.3,10.3,0.1,956.8,268,3.7,10.6,0,0,0,0,0,0,0,281,100,32,97
WAE,2012,12,10,18,1.1,84.1,5.6,-1.3,3.66,0.2,10.2,0,957.2,255,5.7,10.5,0,0,0,0,0,0,0,281,100,32,97
WAE,2012,12,10,19,1.2,83.7,5.5,-1.2,3.59,0.3,10.2,0,957.5,241,7.6,13.2,0,0,0,0,0,0,0,281,100,32,97
WAE,2012,12,10,20,0.9,87.1,5.7,-1,3.72,0.2,10.2,0.1,957.9,248,6.6,10.9,0,0,0,0,0,0,0,280,100,32,97
WAE,2012,12,10,21,1,85.1,5.6,-1.2,3.66,0.1,10.1,0,958.2,248,5,11,0,0,0,0,0,0,0,280,100,32,97
WAE,2012,12,10,22,0.6,89.3,5.7,-1,3.72,0,9.9,0.5,958.4,246,6.5,10.9,0,0,0,0,0,0,0,280,100,32,97
WAE,2012,12,10,23,0.7,84.9,5.5,-1.5,3.59,-0.2,9.7,0,958.7,254,5.5,10.2,0,0,0,0,0,0,0,280,100,32,97
WAE,2012,12,11,0,0.6,87.6,5.6,-1.2,3.65,-0.1,9.7,0.1,958.8,241,5,9.3,0,0,0,0,0,0,0,279,100,33,97
WAE,2012,12,11,1,0.4,90.9,5.7,-0.9,3.72,-0.1,9.7,0.9,958.8,251,3.6,7.8,0,0,0,0,0,0,0,276,100,33,97
WAE,2012,12,11,2,0.2,89.3,5.5,-1.3,3.59,-0.4,9.1,0.6,959.4,274,6.3,11.6,0,0,0,0,0,0,0,273,100,33,97
WAE,2012,12,11,3,-1.1,90,5.1,-2.5,3.32,-1.6,7.2,0.2,959.6,281,3.8,7.2,0,0,0,0,0,0,0,269,94,33,97
WAE,2012,12,11,4,-1,87,4.9,-2.9,3.19,-1.7,6.9,0.3,960.3,267,3.5,8.4,0,0,0,0,0,0,0,266,100,33,97
WAE,2012,12,11,5,-1.6,83,4.5,-4.1,2.93,-2.5,5.7,0.1,961.2,255,3.9,7.1,0,0,0,0,0,0,0,263,100,33,97
WAE,2012,12,11,6,-1.8,76.8,4.1,-5.3,2.66,-3,4.8,0,961.9,264,3.1,5.2,0,0,0,0,0,0,0,261,100,33,97
WAE,2012,12,11,7,-2.3,82.4,4.3,-4.9,2.79,-3.2,4.6,0,962.5,230,3.5,5.7,33,114,21,14,99,97,14,260,100,33,97
WAE,2012,12,11,8,-2.4,83.2,4.3,-4.9,2.79,-3.2,4.5,0,963,225,3.3,5.4,78,59,65,43,79,93,41,259,84,33,97
WAE,2012,12,11,9,-2.8,83.2,4.1,-5.2,2.66,-3.6,3.8,0,963.5,223,2.7,5.6,185,249,113,76,185,316,75,258,78,33,97
WAE,2012,12,11,10,-2.8,81.8,4.1,-5.5,2.66,-3.7,3.8,0,963.8,245,4.5,7.2,115,99,84,55,92,155,54,255,84,33,97
WAE,2012,12,11,11,-2,78.4,4.2,-5.2,2.72,-3.1,4.8,0,963.8,246,4.2,6.6,20,0,20,13,13,12,12,255,100,33,97
WAE,2012,12,11,12,-2,75.6,4,-5.7,2.59,-3.2,4.4,0,964.1,243,3.5,5.9,207,338,103,72,72,404,192,247,58,33,97
WAE,2012,12,11,13,-1.8,72.1,3.9,-6.2,2.53,-3.2,4.5,0,964.4,250,3,4.7,52,2,51,33,33,34,34,253,88,33,97
WAE,2012,12,11,14,-2.2,73.8,3.8,-6.2,2.46,-3.5,3.9,0,964.8,248,2.2,3.8,29,18,25,17,17,31,29,252,65,33,97
WAE,2012,12,11,15,-2.3,74.8,3.9,-6.2,2.52,-3.6,4,0,965.1,237,3.1,4.8,4,0,4,3,3,3,3,249,25,33,97
WAE,2012,12,11,16,-2.6,77.2,3.9,-6,2.52,-3.7,3.7,0,965.6,245,2.4,4.8,0,0,0,0,0,0,0,250,69,33,97
WAE,2012,12,11,17,-2.6,79.1,4,-5.7,2.59,-3.6,3.8,0,965.7,274,1.7,3.2,0,0,0,0,0,0,0,249,100,33,97
WAE,2012,12,11,18,-2.8,79.4,4,-5.9,2.59,-3.8,3.6,0,965.9,243,2.1,3,0,0,0,0,0,0,0,247,78,33,97
WAE,2012,12,11,19,-3.2,79.2,3.8,-6.3,2.46,-4.2,2.9,0,966.1,230,1.7,2.4,0,0,0,0,0,0,0,246,78,33,97
WAE,2012,12,11,20,-3.4,79.2,3.8,-6.5,2.46,-4.4,2.7,0,966.2,237,2.4,3.4,0,0,0,0,0,0,0,244,100,33,97
WAE,2012,12,11,21,-3.2,78.6,3.8,-6.4,2.46,-4.2,2.9,0,966.1,225,3.6,4.6,0,0,0,0,0,0,0,243,94,33,97
WAE,2012,12,11,22,-3.3,78.5,3.8,-6.5,2.46,-4.3,2.8,0,966.2,235,3.6,5.5,0,0,0,0,0,0,0,241,80,33,97
WAE,2012,12,11,23,-3.1,79.3,3.9,-6.2,2.52,-4.1,3.1,0,966.2,234,3.5,5.6,0,0,0,0,0,0,0,238,41,33,97
WAE,2012,12,12,0,-3.3,79.4,3.8,-6.3,2.46,-4.3,2.8,0,966,239,2.6,4.3,0,0,0,0,0,0,0,224,48,35,97
WAE,2012,12,12,1,-3.2,79.5,3.9,-6.2,2.52,-4.2,3,0,965.9,248,2.4,3.3,0,0,0,0,0,0,0,221,53,35,97
WAE,2012,12,12,2,-3.3,82.1,3.9,-5.9,2.52,-4.1,2.9,0,966.1,232,2.5,4.2,0,0,0,0,0,0,0,221,100,35,97
WAE,2012,12,12,3,-3.5,80.2,3.8,-6.4,2.46,-4.4,2.6,0,965.9,220,2.4,4.4,0,0,0,0,0,0,0,216,75,35,97
WAE,2012,12,12,4,-3.6,75.7,3.5,-7.3,2.26,-4.7,2,0,965.5,173,2.6,3.7,0,0,0,0,0,0,0,208,40,35,97
WAE,2012,12,12,5,-3.7,72.8,3.4,-7.9,2.2,-5,1.7,0,965.4,173,2.4,3.4,0,0,0,0,0,0,0,207,35,35,97
WAE,2012,12,12,6,-3.8,74.9,3.5,-7.6,2.26,-4.9,1.8,0,965.5,155,1.9,3.1,0,0,0,0,0,0,0,208,36,35,97
WAE,2012,12,12,7,-4.9,75.6,3.2,-8.5,2.07,-5.9,0.2,0,965.3,155,2.4,4.7,46,207,27,18,176,166,18,210,36,35,97
WAE,2012,12,12,8,-5.8,70.3,2.8,-10.3,1.81,-7,-1.4,0,965.1,163,3.2,4.5,150,445,68,49,339,417,49,208,29,35,97
WAE,2012,12,12,9,-4.9,66.9,2.9,-10.1,1.88,-6.3,-0.3,0,964.9,161,2.6,4.5,278,738,77,66,408,755,68,210,0,35,97
WAE,2012,12,12,10,-4,66.7,3,-9.3,1.94,-5.5,0.8,0.1,964.2,144,1,2.8,343,741,104,83,282,832,86,211,6,35,97
WAE,2012,12,12,11,-3.5,65.2,3.1,-9.1,2.01,-5.1,1.5,0,963.5,207,0.7,1.8,329,660,109,86,106,761,175,217,6,35,97
WAE,2012,12,12,12,-3,63,3.1,-9,2.01,-4.8,2,0,963,129,0.8,3.3,316,769,83,73,74,821,353,215,19,35,97
WAE,2012,12,12,13,-2.7,64.7,3.3,-8.4,2.14,-4.4,2.6,0,962.4,34,1,3.9,238,677,80,61,61,667,445,213,25,35,97
WAE,2012,12,12,14,-3.2,71.6,3.5,-7.6,2.27,-4.5,2.4,0,962.2,29,1.4,4.3,86,254,47,36,36,237,214,215,45,35,97
WAE,2012,12,12,15,-5.1,74.8,3.1,-8.9,2.01,-6.2,-0.2,0,961.9,219,1.4,2.5,4,0,4,3,3,3,3,214,33,35,97
WAE,2012,12,12,16,-5.6,75.2,3,-9.3,1.95,-6.6,-0.8,0,961.5,170,1.8,3.9,0,0,0,0,0,0,0,211,33,35,97
WAE,2012,12,12,17,-6.7,77.4,2.9,-10,1.88,-7.6,-2.1,0,961.6,215,2,3.7,0,0,0,0,0,0,0,211,39,35,97
WAE,2012,12,12,18,-6.7,81.8,3,-9.3,1.95,-7.4,-1.9,0,961.4,238,3.6,4.6,0,0,0,0,0,0,0,209,25,35,97
WAE,2012,12,12,19,-7,83.8,3,-9.3,1.95,-7.6,-2.2,0,961.1,232,2.4,4.8,0,0,0,0,0,0,0,210,26,35,97
WAE,2012,12,12,20,-7.5,84,2.9,-9.7,1.88,-8.1,-2.9,0,961,211,1.3,3,0,0,0,0,0,0,0,207,0,35,97
WAE,2012,12,12,21,-7.7,85.3,2.9,-9.7,1.88,-8.2,-3.1,0,960.9,209,2.8,4.5,0,0,0,0,0,0,0,207,0,35,97
WAE,2012,12,12,22,-7,82.7,3,-9.4,1.95,-7.6,-2.2,0,960.6,159,2.8,4.6,0,0,0,0,0,0,0,207,10,35,97
WAE,2012,12,12,23,-6.7,80.1,3,-9.6,1.95,-7.5,-1.9,0,960.2,172,2.1,4,0,0,0,0,0,0,0,207,36,35,97
WAE,2012,12,13,0,-7.1,87.7,3.2,-8.8,2.08,-7.6,-2,0,959.8,204,1,2,0,0,0,0,0,0,0,203,13,39,97
WAE,2012,12,13,1,-8,91.7,3.1,-9.1,2.02,-8.3,-3.1,0,959.4,227,1.7,2.4,0,0,0,0,0,0,0,204,0,39,97
WAE,2012,12,13,2,-8.3,91.7,3,-9.4,1.95,-8.6,-3.5,0,959,243,1.8,2.6,0,0,0,0,0,0,0,214,48,39,97
WAE,2012,12,13,3,-7.9,90.5,3.1,-9.2,2.02,-8.2,-3,0,958.2,253,1.4,2.4,0,0,0,0,0,0,0,221,94,39,97
WAE,2012,12,13,4,-7.4,89.7,3.1,-8.8,2.02,-7.8,-2.5,0,957.8,251,1.8,3.4,0,0,0,0,0,0,0,225,100,39,97
WAE,2012,12,13,5,-6.9,92.4,3.4,-7.9,2.22,-7.2,-1.5,0,957.3,252,2.3,3.1,0,0,0,0,0,0,0,224,94,39,97
WAE,2012,12,13,6,-6.7,92.5,3.4,-7.7,2.22,-7,-1.3,0,957.5,234,2.4,4.1,0,0,0,0,0,0,0,223,88,39,97
WAE,2012,12,13,7,-7.5,89.2,3.1,-9,2.02,-7.9,-2.6,0,957.7,221,2.2,3.3,40,193,22,16,163,153,16,227,74,39,97
WAE,2012,12,13,8,-7.4,85.7,3,-9.4,1.95,-7.9,-2.6,0,957.9,253,1.1,2.5,113,233,69,50,200,245,50,232,65,39,97
WAE,2012,12,13,9,-5.9,85.3,3.4,-8,2.22,-6.5,-0.4,0,957.8,236,0.4,1.5,168,148,126,88,156,231,86,241,75,39,97
WAE,2012,12,13,10,-5.1,82.2,3.4,-7.7,2.22,-5.9,0.4,0,957.4,307,0.5,1.8,203,164,151,104,157,274,103,255,94,39,97
WAE,2012,12,13,11,-3.9,80.1,3.7,-6.8,2.42,-4.8,2.1,0,956.6,323,0.7,2.2,281,412,143,104,122,537,161,261,75,39,97
WAE,2012,12,13,12,-2.9,73.8,3.7,-6.9,2.42,-4.2,3.1,0,956.2,304,0.5,1.9,84,10,81,56,55,64,57,272,100,39,97
WAE,2012,12,13,13,-1.8,62.9,3.4,-7.9,2.22,-3.7,3.7,0,955.7,247,1.1,4.2,30,0,30,21,21,20,20,278,100,39,97
WAE,2012,12,13,14,-1.4,63.2,3.5,-7.5,2.29,-3.3,4.3,0,955.5,297,0.7,2.7,47,7,46,32,32,37,37,277,100,39,97
WAE,2012,12,13,15,-1.5,71.1,3.9,-6,2.55,-3,4.8,0,954.7,248,1,2.2,1,0,1,1,1,1,1,283,100,39,97
WAE,2012,12,13,16,-1.7,74.1,4,-5.7,2.62,-3,4.8,0,954.2,261,1.4,3.3,0,0,0,0,0,0,0,281,100,39,97
WAE,2012,12,13,17,-1.8,76.7,4.1,-5.3,2.69,-3,4.9,0,953.6,287,1.1,2.4,0,0,0,0,0,0,0,285,100,39,97
WAE,2012,12,13,18,-1.9,80.7,4.3,-4.8,2.82,-2.9,5.1,0,953.8,289,2.5,5.6,0,0,0,0,0,0,0,291,100,39,97
WAE,2012,12,13,19,-1.9,76.8,4.1,-5.4,2.68,-3.1,4.8,0,954,219,0.8,3.3,0,0,0,0,0,0,0,292,100,39,97
WAE,2012,12,13,20,-1.9,79.9,4.2,-4.9,2.75,-2.9,4.9,0,954,294,1.3,3.1,0,0,0,0,0,0,0,293,100,39,97
WAE,2012,12,13,21,-2.2,82.9,4.3,-4.7,2.82,-3,4.8,0,953.6,293,0.8,3.2,0,0,0,0,0,0,0,294,100,39,97
WAE,2012,12,13,22,-1.9,81,4.3,-4.7,2.82,-2.9,5.1,0,952.9,270,0.4,3,0,0,0,0,0,0,0,293,100,39,97
WAE,2012,12,13,23,-1.8,81.6,4.4,-4.5,2.88,-2.7,5.4,0,953.3,292,1.7,6.8,0,0,0,0,0,0,0,296,100,39,97
WAE,2012,12,14,0,-1.5,77.9,4.3,-4.8,2.82,-2.6,5.5,0,953.1,261,2.1,6,0,0,0,0,0,0,0,297,100,39,97
WAE,2012,12,14,1,-1.4,78.4,4.3,-4.7,2.82,-2.5,5.6,0,952.4,243,0.6,2.6,0,0,0,0,0,0,0,295,94,39,97
WAE,2012,12,14,2,-1.7,82.1,4.4,-4.3,2.89,-2.6,5.5,0,951.6,252,0.8,2,0,0,0,0,0,0,0,283,94,39,97
WAE,2012,12,14,3,-1.3,82.4,4.6,-3.9,3.02,-2.2,6.2,0,951.4,287,1.4,4.8,0,0,0,0,0,0,0,281,50,39,97
WAE,2012,12,14,4,-1.7,81.5,4.4,-4.4,2.89,-2.6,5.5,0,951.2,254,2.7,6,0,0,0,0,0,0,0,279,88,39,97
WAE,2012,12,14,5,-1.5,85.1,4.7,-3.7,3.09,-2.3,6.2,0,951.2,243,1.2,3.3,0,0,0,0,0,0,0,282,81,39,97
WAE,2012,12,14,6,-1.5,85.1,4.7,-3.7,3.09,-2.3,6.2,0,950.7,270,0.9,2.4,0,0,0,0,0,0,0,276,46,39,97
WAE,2012,12,14,7,-1.3,87,4.9,-3.2,3.22,-2,6.7,0,951,274,1.5,3,7,0,7,5,5,4,5,282,88,39,97
WAE,2012,12,14,8,-0.4,84,5,-2.8,3.29,-1.3,7.8,0,950.9,225,0.9,2.3,133,408,54,42,302,386,43,283,63,39,97
WAE,2012,12,14,9,0,81.8,5,-2.7,3.29,-1,8.2,0,950.5,90,0.3,1.5,254,629,85,72,370,662,74,278,45,39,97
WAE,2012,12,14,10,0.8,77.7,5,-2.6,3.29,-0.5,9,0,949.9,304,0.8,1.9,264,415,132,98,220,520,98,280,59,39,97
WAE,2012,12,14,11,1.8,74.1,5.1,-2.3,3.36,0.2,10.2,0,949.4,72,0.4,1.9,233,216,160,111,124,339,135,302,94,39,97
WAE,2012,12,14,12,2.4,73.1,5.3,-1.9,3.49,0.7,11.1,0,948.8,304,0.5,1.6,158,75,135,93,93,166,121,305,100,39,97
WAE,2012,12,14,13,2.7,74.4,5.5,-1.4,3.63,1.1,11.8,0,947.5,270,0.3,1.3,55,1,55,38,37,37,37,309,100,39,97
WAE,2012,12,14,14,2.3,76.8,5.5,-1.3,3.63,0.9,11.4,0,947,270,0.9,2.5,8,0,8,6,6,5,6,312,100,39,97
WAE,2012,12,14,15,2,78,5.5,-1.4,3.64,0.7,11.1,0,946.1,277,0.8,2.5,0,0,0,0,0,0,0,313,100,39,97
WAE,2012,12,14,16,2.4,77.8,5.6,-1.1,3.7,1,11.7,0,946.9,289,2.8,6.6,0,0,0,0,0,0,0,313,100,39,97
WAE,2012,12,14,17,2.1,78.1,5.5,-1.3,3.64,0.8,11.2,0,946.5,243,1.6,5.3,0,0,0,0,0,0,0,313,100,39,97
WAE,2012,12,14,18,2.2,80,5.7,-0.9,3.77,1,11.6,0,946.3,270,0.4,1.5,0,0,0,0,0,0,0,313,100,39,97
WAE,2012,12,14,19,2,83.6,5.9,-0.5,3.9,1,11.8,0,946.5,307,0.6,2.1,0,0,0,0,0,0,0,314,100,39,97
WAE,2012,12,14,20,2.2,82.4,5.9,-0.5,3.9,1.1,12,0,946.5,262,1.1,4.3,0,0,0,0,0,0,0,315,100,39,97
WAE,2012,12,14,21,2.5,81.3,6,-0.4,3.97,1.3,12.4,0,946.8,153,0.9,4.1,0,0,0,0,0,0,0,315,100,39,97
WAE,2012,12,14,22,2.6,82.6,6.1,-0.1,4.03,1.5,12.7,0,946.6,124,0.8,2.5,0,0,0,0,0,0,0,316,100,39,97
WAE,2012,12,14,23,2.1,89.9,6.4,0.6,4.24,1.5,12.7,0,945.9,131,1.1,3.2,0,0,0,0,0,0,0,316,100,39,97
WAE,2012,12,15,0,2.3,89,6.4,0.7,4.24,1.6,12.9,0,945,301,0.9,2.1,0,0,0,0,0,0,0,317,100,38,97
WAE,2012,12,15,1,2.8,86.7,6.5,0.8,4.3,2,13.6,0,946.2,298,1.4,4.6,0,0,0,0,0,0,0,317,100,38,97
WAE,2012,12,15,2,2.9,87.7,6.6,1.1,4.37,2.1,13.8,0,947,246,2,7.3,0,0,0,0,0,0,0,316,94,38,97
WAE,2012,12,15,3,3.2,91.2,7,1.9,4.63,2.6,14.8,0.9,948.2,261,1.2,5.2,0,0,0,0,0,0,0,319,100,38,97
WAE,2012,12,15,4,2.9,95.4,7.2,2.2,4.76,2.6,14.8,1.6,948.1,139,2.1,4.4,0,0,0,0,0,0,0,319,100,38,97
WAE,2012,12,15,5,2.8,96.2,7.2,2.3,4.76,2.6,14.7,1.8,948.8,156,2.2,7.4,0,0,0,0,0,0,0,318,94,38,97
WAE,2012,12,15,6,2.7,97.4,7.2,2.3,4.75,2.5,14.6,1,949.9,180,0.7,2.6,0,0,0,0,0,0,0,319,100,38,97
WAE,2012,12,15,7,3.5,96.3,7.5,3,4.95,3.3,15.9,0.4,949.9,117,1,3.2,5,0,5,4,4,3,3,322,100,38,97
WAE,2012,12,15,8,3.8,95.9,7.7,3.2,5.08,3.5,16.5,0.4,950.9,131,1,3.2,11,0,11,7,7,7,7,323,100,38,97
WAE,2012,12,15,9,4.1,95.9,7.8,3.5,5.14,3.8,17,0,951.2,191,0.8,2.3,68,28,60,41,53,68,40,320,100,38,97
WAE,2012,12,15,10,4.5,92.8,7.8,3.4,5.15,4,17.4,0,950.7,210,1,2.9,269,434,128,96,195,540,97,316,78,38,97
WAE,2012,12,15,11,5.2,89.6,7.9,3.6,5.21,4.5,18.3,0,951,139,1.1,3.2,129,37,117,79,84,116,79,310,78,38,97
WAE,2012,12,15,12,6,84.9,7.9,3.7,5.21,4.9,19.1,0,951.4,214,1.5,3.3,46,0,46,31,31,30,30,325,100,38,97
WAE,2012,12,15,13,5.7,85.8,7.9,3.5,5.2,4.7,18.8,0,952.5,219,2.2,4.2,16,0,16,11,11,11,11,327,100,38,97
WAE,2012,12,15,14,5.8,84.3,7.8,3.4,5.13,4.7,18.7,0,952.7,169,1.6,3.2,7,0,7,5,5,5,5,323,100,38,97
WAE,2012,12,15,15,5.2,89.1,7.9,3.6,5.2,4.5,18.3,0,952.8,144,1.5,3.6,1,0,1,0,0,0,0,313,100,38,97
WAE,2012,12,15,16,4.7,90.2,7.7,3.2,5.06,4,17.4,0,953.9,225,1.2,4.6,0,0,0,0,0,0,0,324,100,38,97
WAE,2012,12,15,17,4.8,88.2,7.6,3,4.99,4,17.3,0,954,234,1.8,4.6,0,0,0,0,0,0,0,316,88,38,97
WAE,2012,12,15,18,4.3,92.3,7.7,3.2,5.06,3.8,17,0,954.1,164,1.8,3.7,0,0,0,0,0,0,0,300,41,38,97
WAE,2012,12,15,19,3.5,94.9,7.4,2.8,4.86,3.2,15.7,0.1,954.3,163,1.3,4.4,0,0,0,0,0,0,0,295,45,38,97
WAE,2012,12,15,20,3.5,91.3,7.2,2.2,4.73,2.9,15.4,0,954.3,142,1.2,3,0,0,0,0,0,0,0,321,100,38,97
WAE,2012,12,15,21,3.9,90.5,7.3,2.5,4.8,3.3,15.9,0,953.7,135,1.2,3.2,0,0,0,0,0,0,0,318,100,38,97
WAE,2012,12,15,22,3.5,91.1,7.2,2.2,4.73,2.9,15.4,0,954.2,158,1.1,3.7,0,0,0,0,0,0,0,320,100,38,97
WAE,2012,12,15,23,3.9,90.8,7.3,2.5,4.79,3.3,15.9,0.5,954.8,216,1.9,5.6,0,0,0,0,0,0,0,320,100,38,97
WAE,2012,12,16,0,4,91.4,7.4,2.7,4.86,3.4,16.2,0.5,955.1,196,2.1,4.9,0,0,0,0,0,0,0,320,100,37,97
WAE,2012,12,16,1,3.7,95.2,7.6,3,4.99,3.4,16.2,0.1,955.2,170,1.5,3.5,0,0,0,0,0,0,0,319,100,37,97
WAE,2012,12,16,2,3.5,95.2,7.5,2.8,4.92,3.2,15.8,0,955.3,174,1.9,3.5,0,0,0,0,0,0,0,319,94,37,97
WAE,2012,12,16,3,4,92.8,7.6,2.9,4.99,3.5,16.5,0.6,955.3,249,1.3,5.4,0,0,0,0,0,0,0,319,100,37,97
WAE,2012,12,16,4,4.2,92.4,7.7,3.1,5.06,3.7,16.9,0.1,955,246,2.6,6.1,0,0,0,0,0,0,0,319,100,37,97
WAE,2012,12,16,5,3.6,95.4,7.5,2.9,4.92,3.3,15.9,0,955.4,135,1.8,4.9,0,0,0,0,0,0,0,318,100,37,97
WAE,2012,12,16,6,4,93.1,7.6,3,4.98,3.5,16.5,0.7,955.9,196,2,4.3,0,0,0,0,0,0,0,318,100,37,97
WAE,2012,12,16,7,3.9,95.5,7.7,3.2,5.05,3.6,16.6,1.1,956.2,230,1.2,6,14,69,9,6,60,53,6,320,94,37,97
WAE,2012,12,16,8,3.9,95.9,7.8,3.3,5.12,3.6,16.7,0,955.7,133,1.9,4.7,61,23,57,39,55,56,38,322,94,37,97
WAE,2012,12,16,9,4,96.6,7.8,3.5,5.12,3.8,16.8,0.3,956.3,90,1.1,4.4,22,0,22,15,15,14,15,324,100,37,97
WAE,2012,12,16,10,4.8,91.8,7.9,3.6,5.18,4.2,17.8,0,956.1,194,2.5,4.9,60,0,60,41,41,39,40,326,100,37,97
WAE,2012,12,16,11,4.3,95.2,7.9,3.6,5.18,4,17.3,0.6,956.3,174,1.6,3.4,45,0,45,31,30,29,30,328,100,37,97
WAE,2012,12,16,12,5.5,86.6,7.8,3.4,5.12,4.5,18.4,0.4,955.8,243,2.6,5.4,41,0,41,28,27,26,27,326,100,37,97
WAE,2012,12,16,13,5.1,90.3,7.9,3.6,5.19,4.4,18.1,0,955.4,142,1.7,4.1,15,0,15,10,10,10,10,327,100,37,97
WAE,2012,12,16,14,4.8,92.2,7.9,3.6,5.19,4.2,17.8,0,955.3,135,1.8,4.1,11,0,11,8,8,7,8,323,100,37,97
WAE,2012,12,16,15,4.1,94.6,7.8,3.3,5.12,3.7,17,0,954.8,153,1,2.6,0,0,0,0,0,0,0,324,100,37,97
WAE,2012,12,16,16,3.7,94.3,7.5,2.9,4.92,3.3,16,0,954.9,131,1,2.7,0,0,0,0,0,0,0,322,78,37,97
WAE,2012,12,16,17,3.7,94.4,7.5,2.9,4.93,3.3,16.1,0,954.5,126,1.1,2.3,0,0,0,0,0,0,0,320,100,37,97
WAE,2012,12,16,18,3.4,91.9,7.2,2.2,4.73,2.9,15.3,0,954.3,135,1.1,3.4,0,0,0,0,0,0,0,319,100,37,97
WAE,2012,12,16,19,4,89.2,7.3,2.4,4.8,3.3,16,0,953.8,151,1.3,3,0,0,0,0,0,0,0,319,100,37,97
WAE,2012,12,16,20,3.5,92.4,7.2,2.4,4.73,3,15.4,0,953.1,139,1.1,3.5,0,0,0,0,0,0,0,319,100,37,97
WAE,2012,12,16,21,3.6,90.4,7.1,2.2,4.67,3,15.3,0,952.6,129,1.1,3.6,0,0,0,0,0,0,0,320,100,37,97
WAE,2012,12,16,22,3.6,90.7,7.2,2.2,4.74,3,15.5,0,952.7,135,0.6,1.5,0,0,0,0,0,0,0,320,100,37,97
WAE,2012,12,16,23,3.4,91.6,7.1,2.2,4.67,2.9,15.1,0,952.8,207,0.6,3.2,0,0,0,0,0,0,0,320,100,37,97
WAE,2012,12,17,0,3.8,91.5,7.4,2.5,4.87,3.2,16,0.2,952.8,166,2.3,5.6,0,0,0,0,0,0,0,319,100,36,97
WAE,2012,12,17,1,3.8,94.9,7.6,3.1,5,3.5,16.3,0.9,952.6,159,1.9,5.1,0,0,0,0,0,0,0,320,100,36,97
WAE,2012,12,17,2,3.5,97.5,7.7,3.1,5.07,3.3,16.2,0.1,952.6,150,0.9,2.9,0,0,0,0,0,0,0,320,100,36,97
WAE,2012,12,17,3,3.3,96.9,7.5,2.9,4.94,3.1,15.7,0.1,952.3,243,0.9,2.2,0,0,0,0,0,0,0,320,100,36,97
WAE,2012,12,17,4,3.2,96.4,7.4,2.7,4.87,3,15.4,0.3,952.4,180,0.6,1.5,0,0,0,0,0,0,0,320,100,36,97
WAE,2012,12,17,5,3.4,96.9,7.6,3,5,3.2,15.9,1.2,953.1,180,0.4,1.8,0,0,0,0,0,0,0,320,100,36,97
WAE,2012,12,17,6,4,93,7.6,3,5,3.5,16.5,1.6,953.6,247,2.2,4.6,0,0,0,0,0,0,0,321,100,36,97
WAE,2012,12,17,7,4.1,91.4,7.5,2.8,4.93,3.5,16.5,0.1,953.9,213,3,7,33,163,19,13,137,127,13,310,59,36,97
WAE,2012,12,17,8,3.8,96.3,7.7,3.3,5.06,3.6,16.5,0.2,954.3,142,1.2,3,105,296,61,41,249,278,41,320,94,36,97
WAE,2012,12,17,9,3.9,96.4,7.8,3.4,5.13,3.7,16.8,0.3,954.4,126,0.9,2.7,130,179,84,59,150,224,58,311,84,36,97
WAE,2012,12,17,10,4.2,94.4,7.8,3.4,5.13,3.8,17.1,0,954.1,143,1.1,3.2,47,2,46,31,31,32,30,324,100,36,97
WAE,2012,12,17,11,4.5,95.8,8.1,3.9,5.33,4.2,17.9,0,953.9,141,0.8,2.3,121,139,75,52,52,195,76,323,88,36,97
WAE,2012,12,17,12,4.8,94.5,8.2,4,5.4,4.4,18.3,0.1,953.5,120,1,2.6,56,1,55,37,37,36,36,313,88,36,97
WAE,2012,12,17,13,4.8,93.7,8.1,3.9,5.33,4.4,18.2,0,953.1,146,1.3,2.7,95,94,76,51,51,132,109,319,88,36,97
WAE,2012,12,17,14,5,92.7,8.1,3.9,5.33,4.5,18.4,0,953.1,129,1.5,3.4,28,55,21,14,14,56,53,312,88,36,97
WAE,2012,12,17,15,4.4,94.4,7.9,3.6,5.2,4,17.4,0,953.2,158,1.6,3,4,0,4,4,4,3,3,320,100,36,97
WAE,2012,12,17,16,4,94.4,7.7,3.2,5.06,3.6,16.7,0.1,953.5,157,0.9,2.4,0,0,0,0,0,0,0,322,100,36,97
WAE,2012,12,17,17,5,86.8,7.6,3,4.99,4.1,17.5,1,954,252,2.1,6.8,0,0,0,0,0,0,0,321,100,36,97
WAE,2012,12,17,18,4.3,91.1,7.6,3,4.99,3.7,16.8,0.6,954.3,252,3.2,7.3,0,0,0,0,0,0,0,304,64,36,97
WAE,2012,12,17,19,3.4,93.9,7.3,2.5,4.8,3,15.4,0,953.9,247,1.4,4.8,0,0,0,0,0,0,0,300,69,36,97
WAE,2012,12,17,20,3.6,95,7.5,2.9,4.93,3.3,16,0,954.4,163,1.4,3.6,0,0,0,0,0,0,0,310,88,36,97
WAE,2012,12,17,21,4.1,91.8,7.5,2.9,4.92,3.6,16.5,0,954.8,270,0.9,3.1,0,0,0,0,0,0,0,315,100,36,97
WAE,2012,12,17,22,4.2,86.8,7.2,2.2,4.72,3.3,16,1.5,955.6,263,4,15.5,0,0,0,0,0,0,0,314,100,36,97
WAE,2012,12,17,23,3.4,90,7,1.9,4.59,2.7,14.9,0.7,955.5,245,5.3,10.5,0,0,0,0,0,0,0,312,88,36,97
WAE,2012,12,18,0,3.4,89.9,7,1.9,4.59,2.7,14.9,0.5,955.4,253,3.1,9,0,0,0,0,0,0,0,305,100,35,97
WAE,2012,12,18,1,3.2,93.3,7.2,2.2,4.72,2.8,15,0.5,955.7,239,1.3,3.2,0,0,0,0,0,0,0,310,100,35,97
WAE,2012,12,18,2,3.3,95.4,7.4,2.6,4.85,3,15.5,0.1,955.8,160,1.5,2.7,0,0,0,0,0,0,0,309,100,35,97
WAE,2012,12,18,3,2.9,95.6,7.2,2.3,4.72,2.6,14.7,1.9,956,222,1.5,3,0,0,0,0,0,0,0,308,100,35,97
WAE,2012,12,18,4,2.7,94,7,1.8,4.59,2.3,14.2,1.2,956.1,234,1,2.5,0,0,0,0,0,0,0,307,100,35,97
WAE,2012,12,18,5,2.6,96.3,7.1,2.1,4.65,2.4,14.2,0.7,956.5,140,0.9,3.4,0,0,0,0,0,0,0,306,100,35,97
WAE,2012,12,18,6,2.3,96.5,6.9,1.8,4.52,2.1,13.6,0,957.1,130,1.8,4.2,0,0,0,0,0,0,0,306,100,35,97
WAE,2012,12,18,7,2.7,93.6,7,1.8,4.58,2.3,14.2,1,957.4,124,1,2.9,28,97,18,13,87,84,13,307,100,35,97
WAE,2012,12,18,8,2.7,95.1,7.1,2,4.65,2.4,14.3,0.1,957.8,159,1.5,3.8,100,181,69,47,167,195,46,300,84,35,97
WAE,2012,12,18,9,3.1,93.2,7.1,2.1,4.65,2.7,14.7,0,957.8,131,1.4,3.3,194,366,97,70,244,414,70,303,84,35,97
WAE,2012,12,18,10,3.5,90.6,7.1,2.1,4.65,2.9,15.2,0,957.3,106,1.8,4.3,122,101,91,62,100,162,60,310,94,35,97
WAE,2012,12,18,11,3.7,90,7.2,2.2,4.71,3,15.5,0,957.1,97,1,3.5,57,4,56,37,38,40,36,314,100,35,97
WAE,2012,12,18,12,4,88.7,7.2,2.3,4.72,3.2,15.8,0,956.9,270,0.2,1.1,25,0,25,17,17,16,16,315,100,35,97
WAE,2012,12,18,13,3.3,89.4,6.9,1.7,4.52,2.6,14.6,1.8,956.9,215,1.3,4,11,0,11,7,7,7,7,314,100,35,97
WAE,2012,12,18,14,1.8,93.2,6.5,0.8,4.25,1.4,12.4,4.5,957.6,156,1,2.5,5,0,5,3,3,3,3,313,100,35,97
WAE,2012,12,18,15,0.3,97.9,6.1,0,3.98,0.2,10.2,3.9,958.6,225,0.4,1,0,0,0,0,0,0,0,312,100,35,97
WAE,2012,12,18,16,0.1,99.5,6.1,0,3.98,0.1,10,1.6,959.4,117,0.3,0.8,0,0,0,0,0,0,0,308,94,35,97
WAE,2012,12,18,17,0.5,97.5,6.2,0.2,4.04,0.4,10.6,0.3,960,135,0.7,1.7,0,0,0,0,0,0,0,307,100,35,97
WAE,2012,12,18,18,0.8,97.1,6.3,0.4,4.11,0.6,11.1,0,960.7,146,0.7,1.6,0,0,0,0,0,0,0,309,100,35,97
WAE,2012,12,18,19,1,96.8,6.4,0.5,4.17,0.8,11.4,0,961.2,124,0.7,2.3,0,0,0,0,0,0,0,307,100,35,97
WAE,2012,12,18,20,1.2,96.4,6.4,0.7,4.17,1,11.6,0,961.8,135,1.1,2.4,0,0,0,0,0,0,0,299,94,35,97
WAE,2012,12,18,21,1.3,95.5,6.4,0.7,4.17,1.1,11.7,0,962.1,139,1,2.2,0,0,0,0,0,0,0,305,100,35,97
WAE,2012,12,18,22,1.3,96.9,6.5,0.9,4.23,1.1,11.9,0,962.6,117,1,2.1,0,0,0,0,0,0,0,303,100,35,97
WAE,2012,12,18,23,1.6,96.8,6.6,1.1,4.29,1.4,12.3,0,962.9,126,0.9,2.6,0,0,0,0,0,0,0,296,100,35,97
WAE,2012,12,19,0,1.8,96.3,6.7,1.3,4.36,1.6,12.7,0,963.1,151,1.1,2,0,0,0,0,0,0,0,291,100,36,97
WAE,2012,12,19,1,1.8,96.5,6.7,1.3,4.36,1.6,12.7,0,963.5,124,0.8,1.9,0,0,0,0,0,0,0,282,100,36,97
WAE,2012,12,19,2,2,97,6.8,1.6,4.42,1.8,13.1,0,963.6,141,0.7,3,0,0,0,0,0,0,0,273,100,36,97
WAE,2012,12,19,3,2.2,96.4,6.9,1.7,4.49,2,13.4,0,963.8,125,1.3,3.2,0,0,0,0,0,0,0,286,100,36,97
WAE,2012,12,19,4,2.2,95.5,6.9,1.6,4.48,1.9,13.4,0,964,151,1.4,3,0,0,0,0,0,0,0,283,94,36,97
WAE,2012,12,19,5,2.1,94.5,6.7,1.3,4.35,1.8,13,0,964,166,1.3,3.2,0,0,0,0,0,0,0,266,41,36,97
WAE,2012,12,19,6,1.5,96,6.5,0.9,4.22,1.2,12.1,0,964.5,139,1.1,2.5,0,0,0,0,0,0,0,259,36,36,97
WAE,2012,12,19,7,1.6,96.6,6.6,1.1,4.28,1.4,12.3,0,965.1,117,0.7,1.9,21,43,16,12,44,42,11,261,84,36,97
WAE,2012,12,19,8,2.1,96.9,6.9,1.7,4.48,1.9,13.3,0,965.2,117,1,2.7,73,192,46,31,169,181,31,277,81,36,97
WAE,2012,12,19,9,2.3,95.4,6.8,1.6,4.41,2,13.3,0,965.3,117,0.5,1.8,107,118,74,50,104,166,49,275,75,36,97
WAE,2012,12,19,10,2.7,94,7,1.8,4.54,2.3,14.1,0,965.2,207,0.5,1.6,301,624,102,83,239,712,85,266,33,36,97
WAE,2012,12,19,11,3.3,89.5,6.9,1.7,4.48,2.6,14.5,0,964.8,143,0.6,1.6,321,676,98,83,104,771,163,266,33,36,97
WAE,2012,12,19,12,3.9,84.4,6.8,1.5,4.42,2.9,15,0,964.5,117,0.7,1.7,313,783,77,73,73,836,340,275,33,36,97
WAE,2012,12,19,13,4.2,82.6,6.8,1.5,4.42,3,15.3,0,964.2,117,0.4,1.6,230,677,72,59,59,666,432,256,6,36,97
WAE,2012,12,19,14,4.2,79.3,6.5,0.9,4.22,2.8,14.8,0,964.3,120,0.9,2.2,81,260,40,33,33,241,209,253,6,36,97
WAE,2012,12,19,15,2.7,88.5,6.6,1,4.29,2,13.4,0,964.4,174,1,2.2,4,0,4,3,3,3,3,248,0,36,97
WAE,2012,12,19,16,2.7,85.4,6.3,0.5,4.09,1.8,12.9,0,964.6,184,1.5,3,0,0,0,0,0,0,0,251,0,36,97
WAE,2012,12,19,17,2.2,84.9,6.1,-0.1,3.96,1.3,12.1,0,964.8,162,1.6,2.9,0,0,0,0,0,0,0,250,0,36,97
WAE,2012,12,19,18,1.3,83.6,5.6,-1.2,3.63,0.3,10.4,0,964.7,158,2.9,4.3,0,0,0,0,0,0,0,246,0,36,97
WAE,2012,12,19,19,0.9,84.5,5.5,-1.4,3.57,0,9.8,0,964.4,146,1.4,2.9,0,0,0,0,0,0,0,239,0,36,97
WAE,2012,12,19,20,0.3,85.6,5.4,-1.8,3.5,-0.5,9,0,963.9,159,1.7,3.5,0,0,0,0,0,0,0,238,0,36,97
WAE,2012,12,19,21,-0.7,89.3,5.2,-2.2,3.37,-1.3,7.7,0,963.8,236,0.6,1.8,0,0,0,0,0,0,0,236,0,36,97
WAE,2012,12,19,22,-0.8,90.1,5.2,-2.2,3.38,-1.3,7.6,0,963.3,264,1,2,0,0,0,0,0,0,0,237,6,36,97
WAE,2012,12,19,23,-1.1,90,5.1,-2.5,3.31,-1.6,7.1,0,962.9,247,1.5,2.5,0,0,0,0,0,0,0,247,45,36,97
WAE,2012,12,20,0,-1.4,90.8,5,-2.7,3.25,-1.9,6.7,0,962.5,228,1.3,2.3,0,0,0,0,0,0,0,243,25,36,97
WAE,2012,12,20,1,-1.3,93.5,5.2,-2.2,3.38,-1.6,7.1,0,962.1,240,2.2,3.2,0,0,0,0,0,0,0,244,29,36,97
WAE,2012,12,20,2,-1.8,92.6,4.9,-2.8,3.19,-2.2,6.1,0,961.4,231,2.3,5,0,0,0,0,0,0,0,246,63,36,97
WAE,2012,12,20,3,-1.4,92.7,5.1,-2.4,3.32,-1.8,6.9,0,961.1,238,3.1,5.5,0,0,0,0,0,0,0,264,100,36,97
WAE,2012,12,20,4,-0.7,90.6,5.3,-2,3.45,-1.2,7.9,0,960.6,233,0.9,2.4,0,0,0,0,0,0,0,268,100,36,97
WAE,2012,12,20,5,-0.6,90.2,5.3,-2,3.45,-1.1,8,0,960,270,0.5,1.8,0,0,0,0,0,0,0,271,100,36,97
WAE,2012,12,20,6,-0.8,90.5,5.2,-2.2,3.39,-1.3,7.6,0,959.5,243,0.9,2.3,0,0,0,0,0,0,0,276,100,36,97
WAE,2012,12,20,7,-0.8,89.5,5.2,-2.3,3.39,-1.4,7.6,0,959.1,225,1.6,2.5,10,1,10,7,8,7,7,286,100,36,97
WAE,2012,12,20,8,-0.4,86.8,5.2,-2.3,3.39,-1.1,8.1,0,958.6,212,1.3,2,9,0,9,6,6,6,6,293,100,36,97
WAE,2012,12,20,9,-0.1,85.4,5.2,-2.2,3.39,-0.9,8.4,0,958.5,146,0.4,1.2,20,0,20,13,13,13,13,297,100,36,97
WAE,2012,12,20,10,0.1,85.4,5.3,-2.1,3.46,-0.7,8.7,0,958.3,315,0.6,2.3,33,0,33,22,22,21,21,301,100,36,97
WAE,2012,12,20,11,0.6,85.3,5.5,-1.6,3.59,-0.2,9.6,0,958.1,287,1.4,2.9,19,0,19,12,12,12,12,303,100,36,97
WAE,2012,12,20,12,0.8,85.4,5.5,-1.4,3.59,-0.1,9.8,0,957.5,108,0.6,2.8,15,0,15,10,10,10,10,305,100,36,97
WAE,2012,12,20,13,0.8,86.7,5.6,-1.2,3.66,0,9.9,0,957.1,114,1,2.7,11,0,11,7,7,7,7,306,100,36,97
WAE,2012,12,20,14,0.7,86.6,5.6,-1.3,3.66,-0.1,9.8,0,956.4,131,1,2.1,5,0,5,4,3,3,3,307,100,36,97
WAE,2012,12,20,15,0.3,90.7,5.7,-1,3.73,-0.2,9.6,0.1,956,198,0.5,1.5,0,0,0,0,0,0,0,307,100,36,97
WAE,2012,12,20,16,0.3,94.4,5.9,-0.5,3.86,0,9.9,0.2,955.6,252,0.5,1.4,0,0,0,0,0,0,0,308,100,36,97
WAE,2012,12,20,17,0.4,95,6,-0.3,3.93,0.1,10.2,0.2,955.5,180,0.1,0.6,0,0,0,0,0,0,0,309,100,36,97
WAE,2012,12,20,18,0.9,94.7,6.2,0.1,4.06,0.6,11,0.2,955.6,270,0.7,3,0,0,0,0,0,0,0,309,100,36,97
WAE,2012,12,20,19,1.1,95,6.3,0.4,4.13,0.8,11.4,0.8,955.9,148,1,1.8,0,0,0,0,0,0,0,310,100,36,97
WAE,2012,12,20,20,1.1,96.5,6.4,0.6,4.19,0.9,11.6,1.4,956,143,0.6,1.3,0,0,0,0,0,0,0,311,100,36,97
WAE,2012,12,20,21,1.3,95.7,6.4,0.7,4.19,1.1,11.8,1,955.7,159,0.9,2.5,0,0,0,0,0,0,0,312,100,36,97
WAE,2012,12,20,22,1.3,95.9,6.4,0.7,4.19,1.1,11.8,0.3,955.5,196,0.9,2.3,0,0,0,0,0,0,0,313,100,36,97
WAE,2012,12,20,23,1.4,96.2,6.5,0.9,4.26,1.2,12.1,0.1,955.4,135,0.5,1.5,0,0,0,0,0,0,0,313,100,36,97
WAE,2012,12,21,0,1.6,95.4,6.6,0.9,4.33,1.3,12.4,0.1,955.2,162,0.7,1.8,0,0,0,0,0,0,0,314,100,36,97
WAE,2012,12,21,1,2.4,92.4,6.7,1.3,4.39,1.9,13.4,0,955.4,188,1,3.1,0,0,0,0,0,0,0,315,100,36,97
WAE,2012,12,21,2,2.2,94.6,6.8,1.4,4.46,1.9,13.4,0,955.3,139,2,3.9,0,0,0,0,0,0,0,316,100,36,97
WAE,2012,12,21,3,2.1,95.1,6.8,1.4,4.46,1.8,13.3,0,955.5,135,1.2,2.4,0,0,0,0,0,0,0,317,100,36,97
WAE,2012,12,21,4,3,92.8,7,2,4.59,2.6,14.5,0,955.1,261,1.5,4.9,0,0,0,0,0,0,0,318,100,36,97
WAE,2012,12,21,5,2.7,94.9,7,2,4.59,2.4,14.2,0,955.2,225,0.6,3.7,0,0,0,0,0,0,0,316,100,36,97
WAE,2012,12,21,6,3,94,7.1,2.1,4.66,2.6,14.7,0,955.3,135,1.8,5.8,0,0,0,0,0,0,0,309,94,36,97
WAE,2012,12,21,7,3.6,92.2,7.3,2.5,4.79,3.1,15.6,0,955.5,148,1,3.3,19,42,15,11,43,41,11,297,65,36,97
WAE,2012,12,21,8,3.4,94,7.3,2.5,4.79,3,15.4,0,956,189,1.3,4.8,57,158,36,24,138,147,24,309,88,36,97
WAE,2012,12,21,9,4.6,89,7.6,2.9,4.98,3.8,17.1,0,956.5,248,2,5,15,0,15,10,10,9,9,324,100,36,97
WAE,2012,12,21,10,4.6,93.9,8,3.7,5.25,4.2,17.8,0,956.5,252,0.6,2.1,110,5,108,73,74,75,70,325,100,36,97
WAE,2012,12,21,11,5.3,89.6,8,3.7,5.25,4.6,18.5,0,956.6,90,0.9,2.2,247,336,137,98,104,441,153,314,64,36,97
WAE,2012,12,21,12,6.5,79.7,7.7,3.3,5.05,5,19.2,0,956.6,207,1.2,3,294,623,107,83,83,699,307,309,48,36,97
WAE,2012,12,21,13,6.5,80.2,7.7,3.3,5.05,5,19.2,0,956.5,225,0.7,3.2,173,318,96,66,66,360,243,309,53,36,97
WAE,2012,12,21,14,5.5,89.3,8.1,3.9,5.31,4.7,18.9,0,956.6,131,1,2.4,81,270,38,29,29,245,212,298,49,36,97
WAE,2012,12,21,15,4.9,91.9,7.9,3.7,5.18,4.3,17.9,0,957.2,150,0.8,2.4,0,0,0,0,0,0,0,306,66,36,97
WAE,2012,12,21,16,4.6,86.3,7.3,2.5,4.78,3.7,16.6,0,957.7,197,1.7,3.5,0,0,0,0,0,0,0,298,50,36,97
WAE,2012,12,21,17,4.4,87.6,7.3,2.5,4.77,3.5,16.4,0,958.6,149,1,2.4,0,0,0,0,0,0,0,296,63,36,97
WAE,2012,12,21,18,3.9,89.2,7.2,2.3,4.7,3.2,15.7,0,959.4,202,0.6,1.9,0,0,0,0,0,0,0,291,55,36,97
WAE,2012,12,21,19,3.7,88.4,7,2,4.57,3,15.2,0,960,230,1,2.2,0,0,0,0,0,0,0,290,71,36,97
WAE,2012,12,21,20,4.1,84.8,7,1.8,4.57,3.1,15.6,0,960.5,231,1.8,4.7,0,0,0,0,0,0,0,294,84,36,97
WAE,2012,12,21,21,4.5,84.6,7.1,2.1,4.63,3.4,16.1,0,961,281,1.2,4.8,0,0,0,0,0,0,0,313,100,36,97
WAE,2012,12,21,22,4.1,91.6,7.5,2.9,4.89,3.6,16.4,0,961.6,130,1.4,4.9,0,0,0,0,0,0,0,307,90,36,97
WAE,2012,12,21,23,4.1,89.3,7.3,2.5,4.76,3.4,16,0,962,164,0.8,1.6,0,0,0,0,0,0,0,298,90,36,97
WAE,2012,12,22,0,3.9,91.2,7.4,2.6,4.82,3.3,16,0.1,962.5,252,0.9,4.5,0,0,0,0,0,0,0,310,100,35,97
WAE,2012,12,22,1,3.8,94.3,7.6,3,4.95,3.4,16.2,0,963.2,124,0.8,2.3,0,0,0,0,0,0,0,292,71,35,97
WAE,2012,12,22,2,3.8,89.9,7.2,2.3,4.69,3.1,15.6,0,963.1,172,1.4,3.6,0,0,0,0,0,0,0,279,29,35,97
WAE,2012,12,22,3,2.8,95.6,7.1,2.2,4.62,2.5,14.4,0,963.4,153,0.9,2.2,0,0,0,0,0,0,0,272,16,35,97
WAE,2012,12,22,4,2.8,94.4,7,2,4.55,2.5,14.2,0,963.4,174,1.1,2.7,0,0,0,0,0,0,0,271,0,35,97
WAE,2012,12,22,5,3.4,90.4,7,2,4.55,2.8,14.8,0,963.4,180,0.8,3,0,0,0,0,0,0,0,274,41,35,97
WAE,2012,12,22,6,3,92.2,7,1.9,4.55,2.5,14.4,0,963.5,96,1.3,3,0,0,0,0,0,0,0,284,73,35,97
WAE,2012,12,22,7,2.7,95,7.1,2,4.62,2.4,14.3,0,963.7,124,0.7,1.9,15,10,14,10,17,16,10,300,100,35,97
WAE,2012,12,22,8,2.8,96.1,7.2,2.2,4.68,2.5,14.5,0,963.4,186,1.1,2,134,428,56,42,315,397,42,294,74,35,97
WAE,2012,12,22,9,3.4,90.6,7.1,2,4.62,2.8,15,0,963.7,166,0.4,1.4,197,377,104,74,270,419,74,296,74,35,97
WAE,2012,12,22,10,4.4,86.7,7.3,2.4,4.75,3.5,16.3,0,962.9,72,0.4,1.1,201,195,141,94,163,292,93,305,88,35,97
WAE,2012,12,22,11,4.8,83.1,7.1,2.2,4.62,3.6,16.4,0,962.8,18,0.6,3,33,0,33,22,22,21,21,316,100,35,97
WAE,2012,12,22,12,4.7,81.7,7,1.8,4.56,3.4,16.2,0,961.4,255,2,5.6,15,0,15,10,10,9,9,319,100,35,97
WAE,2012,12,22,13,4.6,81.3,6.9,1.7,4.5,3.3,15.9,0,961,297,0.8,3.5,11,0,11,7,7,7,7,320,100,35,97
WAE,2012,12,22,14,4,84.3,6.9,1.6,4.5,3,15.3,0,961,281,2.7,6.1,5,0,5,3,3,3,3,320,100,35,97
WAE,2012,12,22,15,3.9,84.7,6.8,1.6,4.43,2.9,15,0,960.7,283,1.5,4.5,0,0,0,0,0,0,0,320,100,35,97
WAE,2012,12,22,16,3.9,85.3,6.9,1.7,4.5,2.9,15.2,0,960,108,0.7,1.7,0,0,0,0,0,0,0,320,100,35,97
WAE,2012,12,22,17,3.5,91,7.2,2.2,4.7,2.9,15.3,0.9,959.2,174,1.1,2.6,0,0,0,0,0,0,0,320,100,35,97
WAE,2012,12,22,18,3.4,95.3,7.4,2.7,4.84,3.1,15.5,1.7,959,261,0.9,2.7,0,0,0,0,0,0,0,321,100,35,97
WAE,2012,12,22,19,3.4,94.1,7.3,2.5,4.77,3,15.4,2,958.7,198,0.6,2.4,0,0,0,0,0,0,0,323,100,35,97
WAE,2012,12,22,20,3.5,93.8,7.4,2.6,4.84,3.1,15.6,2.3,958.6,131,1.1,2.8,0,0,0,0,0,0,0,325,100,35,97
WAE,2012,12,22,21,3.5,95.7,7.5,2.9,4.9,3.2,15.8,2.2,958.7,165,1.6,3.2,0,0,0,0,0,0,0,327,100,35,97
WAE,2012,12,22,22,3.5,95.2,7.5,2.8,4.9,3.2,15.8,2.7,959.1,167,1.8,3.2,0,0,0,0,0,0,0,328,100,35,97
WAE,2012,12,22,23,3.7,95.7,7.6,3.1,4.97,3.4,16.2,3,958.7,155,1.9,3.1,0,0,0,0,0,0,0,330,100,35,97
WAE,2012,12,23,0,3.9,95.8,7.7,3.3,5.04,3.6,16.5,1.9,958.4,147,2,3.9,0,0,0,0,0,0,0,332,100,35,97
WAE,2012,12,23,1,4.2,94.8,7.8,3.4,5.1,3.8,17,2.2,959,157,3.1,5.4,0,0,0,0,0,0,0,333,100,35,97
WAE,2012,12,23,2,4.9,94.8,8.2,4.1,5.36,4.5,18.4,2.3,959.6,156,2.1,4.8,0,0,0,0,0,0,0,334,100,35,97
WAE,2012,12,23,3,4.9,95.8,8.3,4.3,5.43,4.6,18.5,0.1,959.8,132,1.5,4.6,0,0,0,0,0,0,0,335,100,35,97
WAE,2012,12,23,4,5,95.6,8.3,4.4,5.43,4.7,18.6,0,959.8,147,1.7,3.7,0,0,0,0,0,0,0,337,100,35,97
WAE,2012,12,23,5,5.8,93.7,8.6,4.9,5.62,5.4,19.9,0,960,138,2,6.2,0,0,0,0,0,0,0,338,100,35,97
WAE,2012,12,23,6,5.4,93.7,8.4,4.5,5.49,5,19.2,0,960.4,117,1.6,4.9,0,0,0,0,0,0,0,339,100,35,97
WAE,2012,12,23,7,7.3,88.5,9,5.5,5.88,6.4,22.1,0,961,256,1.9,6.7,1,0,1,1,1,1,1,340,100,35,97
WAE,2012,12,23,8,6.7,92,9,5.5,5.88,6.1,21.5,0,960.9,127,1.7,3.7,7,0,7,5,5,5,5,341,100,35,97
WAE,2012,12,23,9,6.5,94.3,9.1,5.7,5.94,6.1,21.5,0,961.3,153,0.6,2.5,16,0,16,10,10,10,10,342,100,35,97
WAE,2012,12,23,10,7.9,90.3,9.6,6.4,6.27,7.1,23.7,0,961.4,173,1,2.4,24,0,24,16,16,16,16,343,100,35,97
WAE,2012,12,23,11,8.1,92.2,9.9,6.9,6.48,7.5,24.4,0,960.9,149,0.6,1.8,19,0,19,13,13,12,13,344,100,35,97
WAE,2012,12,23,12,8.4,90.1,9.9,6.9,6.48,7.6,24.7,0,960.5,135,0.5,1.7,20,0,20,13,13,13,13,344,100,35,97
WAE,2012,12,23,13,9.7,85.5,10.3,7.4,6.75,8.5,26.7,0,959.8,140,0.8,2,14,0,14,9,9,9,9,343,100,35,97
WAE,2012,12,23,14,8.5,88.5,9.8,6.7,6.42,7.6,24.7,0,960,120,0.9,3.4,10,0,10,7,7,6,7,341,100,35,97
WAE,2012,12,23,15,7.6,92,9.6,6.4,6.28,7,23.4,0,960.6,117,0.7,2.3,0,0,0,0,0,0,0,339,100,35,97
WAE,2012,12,23,16,7.2,88.2,9,5.4,5.88,6.3,22,0,960.9,131,1,2.9,0,0,0,0,0,0,0,320,88,35,97
WAE,2012,12,23,17,6.5,87.8,8.5,4.6,5.55,5.6,20.5,0,961.2,131,1.2,2.5,0,0,0,0,0,0,0,328,100,35,97
WAE,2012,12,23,18,6.5,84.7,8.2,4.1,5.35,5.4,20,0,961.5,142,1.2,2.7,0,0,0,0,0,0,0,311,81,35,97
WAE,2012,12,23,19,5.9,85.1,7.9,3.6,5.15,4.8,18.9,0,962,135,1.1,3.4,0,0,0,0,0,0,0,299,59,35,97
WAE,2012,12,23,20,5.8,83.8,7.7,3.3,5.02,4.6,18.4,0,961.9,124,1.5,4.7,0,0,0,0,0,0,0,316,94,35,97
WAE,2012,12,23,21,6.1,84.3,7.9,3.7,5.15,5,19.1,0,961.5,146,1.9,3.8,0,0,0,0,0,0,0,326,94,35,97
WAE,2012,12,23,22,5.7,82.9,7.6,3,4.96,4.5,18.2,0,961.2,135,0.7,2.3,0,0,0,0,0,0,0,328,100,35,97
WAE,2012,12,23,23,5.4,80.6,7.2,2.3,4.7,4,17.2,0,960.9,153,0.5,1.8,0,0,0,0,0,0,0,318,94,35,97
WAE,2012,12,24,0,5.5,79.2,7.1,2.2,4.63,4,17.1,0,960.5,143,0.7,3,0,0,0,0,0,0,0,326,100,27,97
WAE,2012,12,24,1,5.1,79.3,7,1.8,4.57,3.6,16.6,0,960,150,1.4,3.4,0,0,0,0,0,0,0,321,100,27,97
WAE,2012,12,24,2,4.9,78.1,6.8,1.4,4.44,3.4,16.1,0,959.5,157,0.8,2.2,0,0,0,0,0,0,0,315,94,27,97
WAE,2012,12,24,3,5.2,73.3,6.5,0.8,4.25,3.3,15.9,0,958.9,150,1,3.5,0,0,0,0,0,0,0,299,64,27,97
WAE,2012,12,24,4,4.6,79,6.7,1.3,4.38,3.2,15.6,0,958.3,128,1.6,4.2,0,0,0,0,0,0,0,303,65,27,97
WAE,2012,12,24,5,5,79.7,6.9,1.8,4.51,3.6,16.3,0,957.9,135,1.4,4.2,0,0,0,0,0,0,0,299,53,27,97
WAE,2012,12,24,6,4.1,80.6,6.6,1.1,4.32,2.8,14.9,0,957.5,144,0.9,2.5,0,0,0,0,0,0,0,292,6,27,97
WAE,2012,12,24,7,4.1,77.2,6.3,0.5,4.12,2.6,14.4,0,957.5,270,0.4,1.7,22,90,13,9,76,72,9,294,13,27,97
WAE,2012,12,24,8,5.2,73,6.4,0.8,4.18,3.3,15.7,0,957.8,270,0.8,2.4,139,517,51,34,373,452,34,260,0,27,97
WAE,2012,12,24,9,6.5,71.3,6.9,1.7,4.51,4.3,17.9,0,957.9,132,1.4,4.6,244,686,66,49,376,679,50,278,29,27,97
WAE,2012,12,24,10,7.2,71.5,7.3,2.4,4.78,5,19.2,0,957.1,110,2.1,5.7,293,635,93,65,236,697,66,297,50,27,97
WAE,2012,12,24,11,8.5,67.6,7.5,2.9,4.92,5.9,20.9,0,956.4,297,0.8,2.7,338,778,82,63,84,846,141,299,45,27,97
WAE,2012,12,24,12,9,68.7,7.9,3.6,5.19,6.4,22.1,0,955.4,307,0.5,1.7,264,517,110,71,71,580,261,296,51,27,97
WAE,2012,12,24,13,10.5,64.8,8.2,4.2,5.39,7.4,24.1,0,955.2,243,0.5,1.6,173,368,80,53,53,389,238,322,78,27,97
WAE,2012,12,24,14,10.4,65,8.2,4.1,5.39,7.3,24,0,955.2,131,1.1,2.7,83,252,43,30,30,231,199,302,61,27,97
WAE,2012,12,24,15,8.7,67.9,7.6,3.1,4.99,6,21.3,0,955.2,117,0.9,2.6,0,0,0,0,0,0,0,312,78,27,97
WAE,2012,12,24,16,7.4,71.6,7.4,2.6,4.86,5.2,19.6,0,954.9,150,0.9,2.8,0,0,0,0,0,0,0,317,88,27,97
WAE,2012,12,24,17,8.4,64.5,7.1,2.1,4.66,5.5,20.2,0,954.8,218,2,5.4,0,0,0,0,0,0,0,287,40,27,97
WAE,2012,12,24,18,7.8,63.7,6.8,1.4,4.46,4.9,19.1,0,954.7,170,2,6.5,0,0,0,0,0,0,0,273,0,27,97
WAE,2012,12,24,19,6.9,67.3,6.7,1.3,4.4,4.4,18,0,954.7,163,1.2,5,0,0,0,0,0,0,0,284,46,27,97
WAE,2012,12,24,20,6.4,68.5,6.6,1,4.33,4,17.3,0,954.7,127,0.7,3.3,0,0,0,0,0,0,0,301,78,27,97
WAE,2012,12,24,21,6,68.4,6.4,0.6,4.2,3.7,16.6,0,953.9,214,0.8,2,0,0,0,0,0,0,0,290,33,27,97
WAE,2012,12,24,22,6.5,66,6.4,0.6,4.2,3.9,17.1,0,953.7,210,1.1,3.8,0,0,0,0,0,0,0,317,88,27,97
WAE,2012,12,24,23,7.2,65.3,6.6,1.1,4.34,4.5,18.1,0,953.2,164,1.5,3.7,0,0,0,0,0,0,0,323,100,27,97
WAE,2012,12,25,0,7.2,63.4,6.4,0.7,4.21,4.3,17.8,0,952.4,166,1.3,4.4,0,0,0,0,0,0,0,322,100,26,97
WAE,2012,12,25,1,7,69.1,6.9,1.7,4.54,4.6,18.4,0,951.9,234,1.4,4.2,0,0,0,0,0,0,0,322,100,26,97
WAE,2012,12,25,2,5.8,75.5,7,1.8,4.61,4,17.4,0,951.5,219,0.6,2.7,0,0,0,0,0,0,0,322,100,26,97
WAE,2012,12,25,3,7.4,68.8,7.1,2.1,4.67,5,19.2,0,952.1,259,2,5.8,0,0,0,0,0,0,0,322,100,26,97
WAE,2012,12,25,4,6.8,72.1,7.1,2.1,4.67,4.7,18.6,0,952.7,180,0.9,3.3,0,0,0,0,0,0,0,319,94,26,97
WAE,2012,12,25,5,6.7,72.2,7.1,2.1,4.67,4.6,18.5,0,952.7,175,1.4,4.4,0,0,0,0,0,0,0,319,94,26,97
WAE,2012,12,25,6,5.6,77.2,7,1.9,4.6,3.9,17.2,0,953,193,1.4,5.7,0,0,0,0,0,0,0,323,78,26,97
WAE,2012,12,25,7,5.4,77.8,7,1.8,4.6,3.8,17,0,953.4,217,0.7,2.7,14,9,13,9,15,15,8,311,71,26,97
WAE,2012,12,25,8,5.9,75.9,7.1,2,4.67,4.1,17.6,0,953.6,180,1,3.3,124,358,61,38,272,332,38,301,61,26,97
WAE,2012,12,25,9,7.6,69.5,7.3,2.4,4.8,5.2,19.7,0,953.5,297,0.5,2.3,213,464,96,60,298,489,60,310,59,26,97
WAE,2012,12,25,10,9.2,65.8,7.6,3.1,5,6.3,21.8,0,952.5,127,0.8,2.7,288,600,98,65,228,666,66,299,54,26,97
WAE,2012,12,25,11,11.1,53.5,7.1,2,4.67,6.8,22.9,0,951.9,300,1.1,3.2,257,402,124,78,99,491,117,310,68,26,97
WAE,2012,12,25,12,13.1,49.9,7.5,2.9,4.94,8.1,25.6,0,951.8,280,2.3,6.1,228,406,102,65,65,470,194,303,59,26,97
WAE,2012,12,25,13,12.5,54.6,7.9,3.6,5.2,8.1,25.7,0,952,250,5.4,10.5,188,450,84,54,54,454,302,305,63,26,97
WAE,2012,12,25,14,11.9,56.7,7.9,3.6,5.2,7.8,25.1,0,952.2,220,3,8.9,62,81,49,31,31,95,87,324,88,26,97
WAE,2012,12,25,15,11.2,59,7.8,3.5,5.14,7.4,24.2,0,952.6,180,2.8,5.3,1,0,1,0,0,0,0,337,100,26,97
WAE,2012,12,25,16,10.4,61.6,7.7,3.3,5.07,7,23.2,0,952.7,193,1.4,4.3,0,0,0,0,0,0,0,336,100,26,97
WAE,2012,12,25,17,10.7,59.3,7.6,3.1,5,7,23.3,0,953.5,222,1.5,5.9,0,0,0,0,0,0,0,335,100,26,97
WAE,2012,12,25,18,11.6,59.8,8.2,4.1,5.39,7.9,25.3,0,954.4,274,3,7.8,0,0,0,0,0,0,0,334,100,26,97
WAE,2012,12,25,19,9.1,80.1,9.3,5.9,6.11,7.5,24.5,0,955.9,286,3.6,7.1,0,0,0,0,0,0,0,334,100,26,97
WAE,2012,12,25,20,8,85.4,9.1,5.7,5.97,6.9,23.1,0,956.5,308,3.1,7,0,0,0,0,0,0,0,334,100,26,97
WAE,2012,12,25,21,6.9,92.1,9.1,5.7,5.97,6.3,21.9,1.3,956.9,293,0.9,3.2,0,0,0,0,0,0,0,333,100,26,97
WAE,2012,12,25,22,6.5,96,9.3,5.9,6.1,6.2,21.9,1.8,957.5,225,1,1.8,0,0,0,0,0,0,0,333,100,26,97
WAE,2012,12,25,23,6.3,96.6,9.2,5.8,6.03,6.1,21.5,2,957.7,132,1.4,2.8,0,0,0,0,0,0,0,333,100,26,97
WAE,2012,12,26,0,6.3,94.6,9,5.5,5.9,5.9,21.1,2.3,957.6,157,1,3.1,0,0,0,0,0,0,0,333,100,25,97
WAE,2012,12,26,1,6.1,96.8,9.1,5.6,5.97,5.9,21.1,2.3,957.5,129,1.3,2.7,0,0,0,0,0,0,0,332,100,25,97
WAE,2012,12,26,2,6.1,91.9,8.6,4.9,5.64,5.5,20.3,1.2,957.5,153,1,3.4,0,0,0,0,0,0,0,332,100,25,97
WAE,2012,12,26,3,6.3,88.5,8.4,4.5,5.51,5.4,20.1,1.3,957.5,233,1,3.5,0,0,0,0,0,0,0,331,100,25,97
WAE,2012,12,26,4,6,89.9,8.4,4.5,5.5,5.3,19.8,0.1,957.7,135,0.6,2.1,0,0,0,0,0,0,0,331,100,25,97
WAE,2012,12,26,5,6.3,86.8,8.3,4.3,5.43,5.3,20,0.2,958.2,270,0.8,3.1,0,0,0,0,0,0,0,330,100,25,97
WAE,2012,12,26,6,7.1,76.6,7.7,3.3,5.04,5.3,19.8,0,958.1,231,2.6,7.6,0,0,0,0,0,0,0,313,60,25,97
WAE,2012,12,26,7,7.2,72,7.3,2.5,4.77,5,19.2,0,958.5,252,3,6.7,23,89,15,9,77,72,9,303,65,25,97
WAE,2012,12,26,8,7,74.7,7.5,2.8,4.9,5.1,19.3,0,959.3,270,2,5.6,34,47,28,17,51,52,16,321,94,25,97
WAE,2012,12,26,9,6.5,82.3,7.9,3.7,5.16,5.2,19.5,2.1,960.4,259,5.3,15.1,135,303,50,32,164,320,32,326,81,25,97
WAE,2012,12,26,10,6.7,78.3,7.7,3.2,5.02,5.1,19.3,0,960.9,251,5.6,10.8,320,745,86,58,263,798,60,295,36,25,97
WAE,2012,12,26,11,8.3,67,7.3,2.5,4.76,5.6,20.3,0,961.2,248,5.8,12.7,170,114,133,79,90,197,90,283,64,25,97
WAE,2012,12,26,12,8.3,62.6,6.8,1.6,4.43,5.2,19.5,0,961.2,253,5.9,12.8,185,226,113,69,69,295,132,277,55,25,97
WAE,2012,12,26,13,9,56.7,6.5,0.9,4.23,5.3,19.7,0,961.2,264,5,13.5,138,181,91,55,54,224,145,306,71,25,97
WAE,2012,12,26,14,8.5,55.8,6.2,0.2,4.04,4.8,18.7,0,961.8,267,4.1,9.4,23,3,22,14,14,16,15,318,81,25,97
WAE,2012,12,26,15,8.1,59.2,6.4,0.6,4.17,4.8,18.6,0,962.1,270,4.3,9.8,2,0,2,1,1,1,1,307,41,25,97
WAE,2012,12,26,16,7.1,60.4,6.1,0,3.97,4,17.1,0,962.5,256,3.4,8.3,0,0,0,0,0,0,0,313,38,25,97
WAE,2012,12,26,17,6.2,65.9,6.3,0.3,4.1,3.6,16.5,0,962.8,261,1.4,4.8,0,0,0,0,0,0,0,301,59,25,97
WAE,2012,12,26,18,5.3,71.5,6.4,0.6,4.16,3.3,15.8,0,963,225,0.5,3.1,0,0,0,0,0,0,0,294,59,25,97
WAE,2012,12,26,19,5.1,71.3,6.3,0.3,4.1,3,15.4,0,963.2,279,0.8,2,0,0,0,0,0,0,0,295,63,25,97
WAE,2012,12,26,20,4.8,69.8,6,-0.2,3.9,2.7,14.6,0,962.8,231,1.7,3.3,0,0,0,0,0,0,0,286,29,25,97
WAE,2012,12,26,21,4.8,66.8,5.8,-0.8,3.77,2.5,14.3,0,962.6,242,1.6,3.3,0,0,0,0,0,0,0,279,13,25,97
WAE,2012,12,26,22,5.6,60.4,5.5,-1.5,3.58,2.7,14.6,0,962,251,2.7,8.9,0,0,0,0,0,0,0,294,35,25,97
WAE,2012,12,26,23,3.4,78.9,6.1,0.1,3.97,2,13.3,0,962,127,0.9,3.6,0,0,0,0,0,0,0,299,68,25,97
WAE,2012,12,27,0,2.7,83.5,6.2,0.2,4.04,1.7,12.8,0,961.3,131,1.1,3.2,0,0,0,0,0,0,0,308,88,24,97
WAE,2012,12,27,1,3.2,81.6,6.3,0.4,4.11,2,13.5,0,960.8,141,1.3,3,0,0,0,0,0,0,0,315,100,24,97
WAE,2012,12,27,2,3.4,85,6.6,1.1,4.31,2.4,14.2,0,960,133,1.7,6.3,0,0,0,0,0,0,0,317,100,24,97
WAE,2012,12,27,3,4,77.1,6.3,0.4,4.11,2.5,14.3,0,960,152,1.6,5.8,0,0,0,0,0,0,0,318,100,24,97
WAE,2012,12,27,4,4,74.7,6.1,-0.1,3.98,2.3,14,0,959,152,1.8,4.4,0,0,0,0,0,0,0,320,100,24,97
WAE,2012,12,27,5,4.5,74.2,6.2,0.3,4.05,2.7,14.7,0.1,959.5,178,2.8,7.5,0,0,0,0,0,0,0,321,100,24,97
WAE,2012,12,27,6,5.1,74.6,6.5,1,4.25,3.3,15.8,0,958.5,180,1.6,5.8,0,0,0,0,0,0,0,322,100,24,97
WAE,2012,12,27,7,4.8,79.3,6.8,1.5,4.44,3.4,16,0.6,958.8,153,2,5,1,0,1,1,1,1,1,324,100,24,97
WAE,2012,12,27,8,4.5,87.4,7.4,2.6,4.84,3.6,16.7,0.9,957.6,141,1.5,5.8,38,12,36,22,29,31,21,325,100,24,97
WAE,2012,12,27,9,4,91.9,7.5,2.8,4.91,3.5,16.3,0.1,956.7,107,1,4,33,0,33,20,20,19,19,327,100,24,97
WAE,2012,12,27,10,4.4,91,7.6,3.1,4.98,3.8,16.9,0.3,956,243,0.6,3.6,22,0,22,14,14,13,13,329,100,24,97
WAE,2012,12,27,11,4.9,90.4,7.8,3.5,5.12,4.3,17.8,0.7,954.8,180,1.2,4.5,38,0,38,23,23,22,22,330,100,24,97
WAE,2012,12,27,12,5,91.6,8,3.7,5.26,4.4,18.2,0,953.7,117,0.7,2.3,70,0,70,42,42,40,41,331,100,24,97
WAE,2012,12,27,13,6.7,83.6,8.2,4.1,5.39,5.5,20.3,0,953.6,277,2.7,8.8,14,0,14,9,9,8,8,330,100,24,97
WAE,2012,12,27,14,9.3,69.6,8.1,4,5.33,6.7,22.8,0.6,954.1,253,6.3,17,36,6,35,21,21,25,25,329,94,24,97
WAE,2012,12,27,15,7.5,83.7,8.7,4.9,5.73,6.2,21.9,2.8,953.8,260,5.1,12.3,4,0,4,2,2,2,2,324,88,24,97
WAE,2012,12,27,16,7.8,78.3,8.3,4.3,5.46,6.1,21.6,0.2,953.2,245,4.6,10.5,0,0,0,0,0,0,0,319,84,24,97
WAE,2012,12,27,17,8.1,78.4,8.4,4.6,5.52,6.4,22,2.9,954.9,266,5.6,20.3,0,0,0,0,0,0,0,328,100,24,97
WAE,2012,12,27,18,5.1,83.2,7.3,2.5,4.78,3.9,17.1,1.7,958.1,277,9.9,26.1,0,0,0,0,0,0,0,327,94,24,97
WAE,2012,12,27,19,6.3,75.8,7.3,2.4,4.77,4.5,18.3,0,959,249,6.8,13.8,0,0,0,0,0,0,0,327,100,24,97
WAE,2012,12,27,20,6.3,72.9,7,1.8,4.57,4.3,17.8,0,959.2,246,8,17,0,0,0,0,0,0,0,326,100,24,97
WAE,2012,12,27,21,6.4,73,7,1.9,4.57,4.4,17.9,0.6,959.7,250,7.6,16.9,0,0,0,0,0,0,0,326,100,24,97
WAE,2012,12,27,22,6.5,73.1,7,2,4.57,4.5,18,0.5,960.3,248,8,16.3,0,0,0,0,0,0,0,326,100,24,97
WAE,2012,12,27,23,5.5,85.1,7.7,3.2,5.02,4.4,18.1,1.9,961.7,256,8.8,18.8,0,0,0,0,0,0,0,325,100,24,97
WAE,2012,12,28,0,5.7,82.9,7.6,3,4.95,4.5,18.1,0.2,963,255,7.6,16.3,0,0,0,0,0,0,0,325,100,24,97
WAE,2012,12,28,1,5.5,80.4,7.3,2.4,4.75,4.1,17.4,0.2,964.1,259,8.3,17.9,0,0,0,0,0,0,0,323,100,24,97
WAE,2012,12,28,2,5.6,77.3,7,1.9,4.54,3.9,17,0.1,965.4,256,7.6,14.8,0,0,0,0,0,0,0,322,100,24,97
WAE,2012,12,28,3,5.5,74.6,6.7,1.4,4.34,3.7,16.4,0,966.3,247,8.2,14.2,0,0,0,0,0,0,0,320,100,24,97
WAE,2012,12,28,4,5.8,67.6,6.2,0.3,4.01,3.4,15.9,0,967.5,260,5.5,12.8,0,0,0,0,0,0,0,319,100,24,97
WAE,2012,12,28,5,5.5,70.5,6.4,0.6,4.14,3.4,15.9,0,967.6,271,5.2,11.7,0,0,0,0,0,0,0,311,68,24,97
WAE,2012,12,28,6,4.8,79.1,6.8,1.5,4.4,3.4,15.8,0,969.1,263,5,12.3,0,0,0,0,0,0,0,316,100,24,97
WAE,2012,12,28,7,4.9,77.7,6.7,1.3,4.32,3.3,15.8,0,970.3,261,2.2,10.6,21,89,13,8,75,70,8,318,84,24,97
WAE,2012,12,28,8,4.9,76.5,6.7,1.1,4.32,3.2,15.8,0,971.3,252,6.9,13.4,92,171,67,40,159,174,39,319,74,24,97
WAE,2012,12,28,9,5.3,74.1,6.6,1.1,4.25,3.5,16,0,972.3,251,4.7,9.5,94,46,82,49,71,91,47,318,88,24,97
WAE,2012,12,28,10,6.2,69.8,6.6,1.1,4.25,3.9,16.9,0,972.2,265,3.6,7.8,141,43,128,77,92,118,75,311,88,24,97
WAE,2012,12,28,11,6.4,65.9,6.3,0.5,4.06,3.8,16.6,0,972.3,262,2.8,7.3,166,61,146,88,88,149,96,314,94,24,97
WAE,2012,12,28,12,6.7,63.2,6.2,0.2,3.99,3.9,16.8,0,972.1,267,1.9,5.3,134,93,104,62,62,157,87,318,94,24,97
WAE,2012,12,28,13,6.8,62,6.1,0,3.93,3.9,16.7,0,971.8,208,1.5,3.9,34,0,34,21,21,20,20,323,100,24,97
WAE,2012,12,28,14,6.9,61.4,6.1,0,3.93,3.9,16.8,0,971.7,207,0.4,1.3,29,7,28,17,17,22,21,322,100,24,97
WAE,2012,12,28,15,6.3,66.9,6.4,0.6,4.12,3.8,16.7,0,971.6,129,0.7,2.5,4,0,4,3,3,3,3,322,100,24,97
WAE,2012,12,28,16,5.7,71.3,6.5,0.9,4.19,3.6,16.2,0,971.5,124,0.3,3.5,0,0,0,0,0,0,0,321,100,24,97
WAE,2012,12,28,17,5.4,77.7,6.9,1.8,4.45,3.8,16.6,0,971.3,127,0.5,2.3,0,0,0,0,0,0,0,321,100,24,97
WAE,2012,12,28,18,5.1,79.7,7,1.9,4.52,3.7,16.4,0,971.1,191,0.6,1.9,0,0,0,0,0,0,0,320,100,24,97
WAE,2012,12,28,19,5,75.3,6.6,1,4.26,3.3,15.7,0,971,169,0.6,1.7,0,0,0,0,0,0,0,319,100,24,97
WAE,2012,12,28,20,4.9,76.5,6.7,1.1,4.32,3.2,15.8,0,970.9,146,0.4,1.8,0,0,0,0,0,0,0,317,100,24,97
WAE,2012,12,28,21,4.8,76.2,6.6,1,4.26,3.2,15.5,0,970.8,146,0.4,1.5,0,0,0,0,0,0,0,316,100,24,97
WAE,2012,12,28,22,4.9,75.2,6.5,0.9,4.19,3.2,15.4,0,970.6,0,0.1,0.9,0,0,0,0,0,0,0,311,90,24,97
WAE,2012,12,28,23,4.3,76.4,6.4,0.5,4.13,2.7,14.7,0,970,180,0.5,1.9,0,0,0,0,0,0,0,290,40,24,97
WAE,2012,12,29,0,3.5,78.4,6.2,0.1,4,2.1,13.5,0,969.4,163,1.1,1.9,0,0,0,0,0,0,0,282,0,25,97
WAE,2012,12,29,1,3.2,79,6.1,-0.1,3.94,1.8,13.1,0,968.9,143,1,2.1,0,0,0,0,0,0,0,284,6,25,97
WAE,2012,12,29,2,3.3,77.4,6,-0.3,3.88,1.8,13,0,968.1,156,1.2,4,0,0,0,0,0,0,0,296,63,25,97
WAE,2012,12,29,3,2.5,83.1,6.1,-0.1,3.95,1.4,12.4,0,967.8,0,0,0.8,0,0,0,0,0,0,0,308,100,25,97
WAE,2012,12,29,4,2.3,80.9,5.8,-0.6,3.75,1.1,11.7,0,967.5,217,0.6,2,0,0,0,0,0,0,0,306,100,25,97
WAE,2012,12,29,5,1.9,80.9,5.7,-1,3.69,0.7,11.1,0,967,202,0.6,1.9,0,0,0,0,0,0,0,304,100,25,97
WAE,2012,12,29,6,2.1,81.3,5.8,-0.8,3.76,0.9,11.5,0,966.4,153,0.5,1.6,0,0,0,0,0,0,0,305,100,25,97
WAE,2012,12,29,7,2.2,81.3,5.8,-0.7,3.76,1,11.6,0,965.9,214,0.5,2.5,15,24,13,8,26,24,8,298,81,25,97
WAE,2012,12,29,8,2.5,82.5,6.1,-0.2,3.95,1.4,12.4,0,965.5,135,0.2,0.9,130,405,58,36,299,367,36,292,46,25,97
WAE,2012,12,29,9,2.9,87.7,6.6,1.1,4.28,2.1,13.6,0,965.2,0,0,0.9,247,679,72,49,383,671,50,281,19,25,97
WAE,2012,12,29,10,4,82.2,6.7,1.2,4.35,2.8,14.9,0,964.3,0,0,0.6,299,664,89,60,247,720,61,277,0,25,97
WAE,2012,12,29,11,5,78,6.8,1.5,4.42,3.5,16.1,0,963.6,90,0.1,1.1,327,732,83,60,96,797,118,279,0,25,97
WAE,2012,12,29,12,5.9,75.8,7,2,4.56,4.1,17.4,0,962.8,360,0.1,0.8,308,758,75,55,55,793,297,262,19,25,97
WAE,2012,12,29,13,6.8,66.4,6.5,1,4.23,4.2,17.5,0,962,360,0.1,0.8,226,677,62,44,44,647,400,280,6,25,97
WAE,2012,12,29,14,6.6,69.1,6.8,1.3,4.43,4.2,17.8,0,961.4,225,0.2,1.8,104,395,43,28,28,339,298,280,6,25,97
WAE,2012,12,29,15,6,69.6,6.5,0.9,4.24,3.8,16.7,0,960.6,231,0.7,2.3,5,0,5,4,4,4,4,270,0,25,97
WAE,2012,12,29,16,5,73.9,6.4,0.7,4.17,3.1,15.5,0,960.2,217,2,3.6,0,0,0,0,0,0,0,268,0,25,97
WAE,2012,12,29,17,3.8,78.2,6.3,0.4,4.11,2.4,14.1,0,960,203,1,2.6,0,0,0,0,0,0,0,266,0,25,97
WAE,2012,12,29,18,4.5,74.2,6.2,0.3,4.04,2.7,14.6,0,960.5,263,1.1,3.4,0,0,0,0,0,0,0,265,0,25,97
WAE,2012,12,29,19,3.6,79.3,6.3,0.4,4.1,2.3,13.9,0,961.1,360,0.2,1.7,0,0,0,0,0,0,0,267,0,25,97
WAE,2012,12,29,20,3.4,77.4,6,-0.2,3.91,1.9,13.2,0,961.4,143,1.1,3.9,0,0,0,0,0,0,0,286,66,25,97
WAE,2012,12,29,21,3,80,6.1,-0.1,3.97,1.7,12.9,0,962,135,0.7,2.9,0,0,0,0,0,0,0,299,94,25,97
WAE,2012,12,29,22,3.4,74.3,5.8,-0.7,3.77,1.7,12.9,0,962.6,286,0.7,1.9,0,0,0,0,0,0,0,284,45,25,97
WAE,2012,12,29,23,3.8,73.9,5.9,-0.4,3.83,2.1,13.4,0,962.9,214,1.5,3.8,0,0,0,0,0,0,0,293,70,25,97
WAE,2012,12,30,0,3.6,74.9,6,-0.4,3.9,1.9,13.4,0,962.8,164,2,4.1,0,0,0,0,0,0,0,309,100,24,97
WAE,2012,12,30,1,4,72.6,5.9,-0.5,3.84,2.1,13.6,0,962.7,153,0.7,3.6,0,0,0,0,0,0,0,310,100,24,97
WAE,2012,12,30,2,4.1,76.3,6.2,0.3,4.03,2.5,14.2,0,962.4,163,1.2,3.9,0,0,0,0,0,0,0,305,84,24,97
WAE,2012,12,30,3,3.9,76.5,6.1,0.2,3.97,2.3,13.8,0,962.8,243,0.8,3.5,0,0,0,0,0,0,0,289,69,24,97
WAE,2012,12,30,4,6,63.4,5.9,-0.4,3.83,3.3,15.6,0,963.3,240,2.1,4.1,0,0,0,0,0,0,0,301,100,24,97
WAE,2012,12,30,5,6.9,66,6.5,1,4.22,4.3,17.5,0,964.1,262,3,7.7,0,0,0,0,0,0,0,304,100,24,97
WAE,2012,12,30,6,6.2,77.8,7.4,2.6,4.81,4.6,18.3,0.1,964.9,266,2.9,7.5,0,0,0,0,0,0,0,312,100,24,97
WAE,2012,12,30,7,6,79.4,7.4,2.7,4.8,4.5,18.1,0,965.4,301,1.2,3.2,7,2,7,4,5,5,4,309,88,24,97
WAE,2012,12,30,8,5.6,81.8,7.4,2.7,4.8,4.3,17.7,0,965.8,113,0.9,3.6,90,191,54,32,156,191,31,300,69,24,97
WAE,2012,12,30,9,6.1,80.1,7.5,2.9,4.87,4.6,18.3,0,966.3,146,0.5,1.8,197,463,83,51,295,470,51,296,60,24,97
WAE,2012,12,30,10,7.4,71.2,7.3,2.5,4.74,5.1,19.3,0,966,249,1.1,4.9,247,449,101,61,175,515,61,312,71,24,97
WAE,2012,12,30,11,8.6,59.5,6.7,1.2,4.34,5.2,19.6,0,966.1,263,1.8,5.8,151,209,81,51,78,260,50,306,79,24,97
WAE,2012,12,30,12,8.9,54.5,6.2,0.2,4.02,5,19.1,0,966,256,3.2,9.1,240,492,91,57,57,536,232,307,71,24,97
WAE,2012,12,30,13,9.2,53.3,6.2,0.2,4.02,5.2,19.4,0,966.3,281,5.4,11.6,206,503,84,51,51,504,324,277,43,24,97
WAE,2012,12,30,14,8.8,56.5,6.4,0.6,4.15,5.1,19.3,0,966.7,286,5.9,12.6,107,408,43,28,28,349,305,301,0,24,97
WAE,2012,12,30,15,7.6,58,6.1,-0.1,3.95,4.2,17.6,0,967.5,283,4.6,9.9,5,0,5,4,4,3,4,300,30,24,97
WAE,2012,12,30,16,7.2,58.9,6,-0.3,3.88,4,17,0,968.3,258,3.5,8.4,0,0,0,0,0,0,0,280,16,24,97
WAE,2012,12,30,17,6,63,5.9,-0.5,3.81,3.2,15.6,0,968.7,243,3.3,10.2,0,0,0,0,0,0,0,269,0,24,97
WAE,2012,12,30,18,5.7,64.5,5.9,-0.5,3.81,3.1,15.3,0,969,250,2.7,5.3,0,0,0,0,0,0,0,274,20,24,97
WAE,2012,12,30,19,6,59.7,5.6,-1.2,3.61,3,15.1,0,969.2,262,3,6.7,0,0,0,0,0,0,0,305,100,24,97
WAE,2012,12,30,20,6,57.2,5.3,-1.8,3.42,2.8,14.6,0,969.1,270,1.5,5.2,0,0,0,0,0,0,0,293,73,24,97
WAE,2012,12,30,21,4.3,66.4,5.5,-1.4,3.55,2,13.2,0,969.4,127,0.6,2.1,0,0,0,0,0,0,0,265,6,24,97
WAE,2012,12,30,22,3.5,67.9,5.3,-1.9,3.42,1.4,12.1,0,969.4,180,0.4,1.8,0,0,0,0,0,0,0,261,0,24,97
WAE,2012,12,30,23,2.9,72.7,5.5,-1.5,3.55,1.1,11.8,0,969.3,156,1.3,4.1,0,0,0,0,0,0,0,275,0,24,97
WAE,2012,12,31,0,2.1,79.6,5.7,-1.1,3.68,0.8,11.3,0,969.2,127,0.6,3.3,0,0,0,0,0,0,0,258,25,24,97
WAE,2012,12,31,1,1.9,79.1,5.6,-1.3,3.61,0.6,10.9,0,969.3,127,0.6,1.9,0,0,0,0,0,0,0,269,13,24,97
WAE,2012,12,31,2,1.8,77.9,5.4,-1.6,3.49,0.5,10.5,0,968.9,143,1.1,2.9,0,0,0,0,0,0,0,261,29,24,97
WAE,2012,12,31,3,1.7,77.3,5.4,-1.8,3.49,0.3,10.4,0,968.1,148,1.3,2.7,0,0,0,0,0,0,0,270,33,24,97
WAE,2012,12,31,4,1.5,78.6,5.4,-1.8,3.49,0.2,10.2,0,967.8,151,1.1,2.4,0,0,0,0,0,0,0,281,48,24,97
WAE,2012,12,31,5,1.1,78.5,5.2,-2.2,3.36,-0.2,9.5,0,967.3,163,1.1,2.5,0,0,0,0,0,0,0,288,84,24,97
WAE,2012,12,31,6,1.4,77.2,5.2,-2.1,3.36,0.1,9.8,0,967.2,162,0.6,1.9,0,0,0,0,0,0,0,295,100,24,97
WAE,2012,12,31,7,1.4,78,5.3,-2,3.43,0.1,10,0,966.8,166,0.4,1.5,16,34,14,8,35,31,8,292,84,24,97
WAE,2012,12,31,8,1.8,76.9,5.4,-1.8,3.5,0.4,10.5,0,966.4,135,0.1,1.3,121,355,60,36,273,322,36,283,61,24,97
WAE,2012,12,31,9,2.8,76.4,5.7,-0.9,3.69,1.3,12,0,966.5,90,0.5,1.8,240,653,71,47,368,644,48,287,43,24,97
WAE,2012,12,31,10,3.5,71.3,5.6,-1.2,3.63,1.6,12.6,0,965.6,90,0.8,1.7,305,682,88,59,255,734,60,287,25,24,97
WAE,2012,12,31,11,4.4,65.7,5.5,-1.4,3.57,2,13.4,0,964.3,81,0.6,1.5,347,788,83,59,97,852,121,296,36,24,97
WAE,2012,12,31,12,5.6,59.8,5.4,-1.6,3.51,2.6,14.4,0,963,99,0.6,2.6,281,583,98,63,63,639,245,301,58,24,97
WAE,2012,12,31,13,6.1,57.2,5.4,-1.7,3.51,2.9,14.9,0,962.1,90,0.4,1.7,163,196,113,67,67,249,173,312,94,24,97
WAE,2012,12,31,14,5.8,62.2,5.8,-0.9,3.77,3,15.3,0,961.5,104,0.4,1.4,56,34,51,31,31,55,55,310,94,24,97
WAE,2012,12,31,15,5.4,64.7,5.8,-0.7,3.78,2.8,14.9,0,960.7,189,0.6,1.9,3,0,3,2,2,2,2,304,100,24,97
WAE,2012,12,31,16,4.1,69.3,5.7,-1,3.71,2,13.4,0,960.4,207,0.8,2,0,0,0,0,0,0,0,302,100,24,97
WAE,2012,12,31,17,3.3,71.4,5.6,-1.3,3.62,1.4,12.4,0,959.8,174,1.1,4.3,0,0,0,0,0,0,0,293,85,24,97
WAE,2012,12,31,18,2.8,71.9,5.4,-1.7,3.52,1,11.7,0,959.2,166,0.5,1.8,0,0,0,0,0,0,0,280,50,24,97
WAE,2012,12,31,19,2.3,72.5,5.3,-2.1,3.43,0.6,10.9,0,958.5,207,0.2,1.8,0,0,0,0,0,0,0,290,75,24,97
WAE,2012,12,31,20,2.5,72.8,5.4,-1.9,3.5,0.8,11.2,0,958.4,219,0.7,2.6,0,0,0,0,0,0,0,290,81,24,97
WAE,2012,12,31,21,3.1,73.1,5.7,-1.2,3.73,1.4,12.4,0,958.9,214,0.4,1.7,0,0,0,0,0,0,0,288,88,24,97
WAE,2012,12,31,22,3.8,73.7,6.1,-0.5,3.98,2,13.8,0,959.4,207,0.2,1.2,0,0,0,0,0,0,0,289,81,24,97
WAE,2012,12,31,23,4.9,74.5,6.7,0.8,4.39,3.2,16,0,960.6,270,0.4,1.4,0,0,0,0,0,0,0,287,94,24,97
